epoch_s,latency_ms,exit
1788887859.740312317,13.8,0
1788887859.807491242,9.4,0
1788887859.870232176,10.0,0
1788887859.933857205,10.2,0
1788887859.997600250,10.5,0
1788887860.061550845,10.4,0
1788887860.125567017,10.6,0
1788887860.189840454,23.1,0
1788887860.266436537,9.5,0
1788887860.329239672,10.2,0
1788887860.392929595,9.6,0
1788887860.455796465,9.3,0
1788887860.518525148,36.3,0
1788887860.608454719,10.5,0
1788887860.672579665,10.2,0
1788887860.736220404,9.8,0
1788887860.799442257,10.7,0
1788887860.862999622,9.9,0
1788887860.925729687,9.8,0
1788887860.989318960,10.5,0
1788887861.053479348,9.7,0
1788887861.116892947,10.3,0
1788887861.181364192,10.8,0
1788887861.245497830,11.0,0
1788887861.310457275,9.1,0
1788887861.373418948,11.6,0
1788887861.438651072,9.3,0
1788887861.501399264,11.4,0
1788887861.566832029,9.6,0
1788887861.630190817,9.4,0
1788887861.693171958,12.0,0
1788887861.758809310,33.3,0
1788887861.845886467,10.6,0
1788887861.909452705,9.7,0
1788887861.973095899,11.1,0
1788887862.037395726,9.7,0
1788887862.100644929,10.3,0
1788887862.164234542,10.2,0
1788887862.227692338,22.7,0
1788887862.303700729,10.2,0
1788887862.367118155,9.9,0
1788887862.430255200,10.5,0
1788887862.494091833,12.4,0
1788887862.559653251,9.9,0
1788887862.622867191,10.5,0
1788887862.687140619,9.4,0
1788887862.750015571,10.6,0
1788887862.813795980,9.7,0
1788887862.876420738,9.8,0
1788887862.940210901,9.7,0
1788887863.003815958,9.8,0
1788887863.067161876,9.2,0
1788887863.129569388,10.2,0
1788887863.193400943,11.0,0
1788887863.257733760,10.3,0
1788887863.321704895,12.4,0
1788887863.388000804,12.2,0
1788887863.454127228,10.5,0
1788887863.518256950,10.4,0
1788887863.583420081,22.9,0
1788887863.659774321,9.4,0
1788887863.722907731,9.7,0
1788887863.785886749,11.7,0
1788887863.851026565,10.4,0
1788887863.915749146,10.3,0
1788887863.979863405,9.7,0
1788887864.043329433,47.4,0
1788887864.144388481,11.4,0
1788887864.209703429,10.1,0
1788887864.273030960,10.2,0
1788887864.336761254,11.1,0
1788887864.401398968,10.9,0
1788887864.466294478,10.6,0
1788887864.530574876,12.7,0
1788887864.596757134,10.3,0
1788887864.660451945,10.5,0
1788887864.724529409,10.8,0
1788887864.789439531,13.9,0
1788887864.857199353,11.7,0
1788887864.922503455,10.1,0
1788887864.986864444,11.8,0
1788887865.053177008,10.3,0
1788887865.116775885,10.3,0
1788887865.180396775,11.4,0
1788887865.245297302,11.7,0
1788887865.311019160,10.4,0
1788887865.374916324,10.9,0
1788887865.439131826,10.3,0
1788887865.503581498,11.6,0
1788887865.569060021,11.4,0
1788887865.634014239,10.1,0
1788887865.697679386,11.3,0
1788887865.762202147,10.2,0
1788887865.825760173,10.9,0
1788887865.890608582,10.1,0
1788887865.954469102,10.2,0
1788887866.018253116,9.6,0
1788887866.081283001,9.3,0
1788887866.144131433,10.3,0
1788887866.207844762,10.7,0
1788887866.271672682,10.7,0
1788887866.336245939,9.5,0
1788887866.398878248,9.9,0
1788887866.462210586,8.9,0
1788887866.524406481,9.0,0
1788887866.586671830,8.6,0
1788887866.648686373,9.4,0
1788887866.711546653,9.0,0
1788887866.773842658,33.6,0
1788887866.861205954,9.7,0
1788887866.924420075,10.5,0
1788887866.988315847,10.7,0
1788887867.052413932,10.2,0
1788887867.115913741,10.2,0
1788887867.179464135,10.3,0
1788887867.242906368,9.3,0
1788887867.305686869,10.2,0
1788887867.369446386,9.6,0
1788887867.432276101,10.0,0
1788887867.495637322,9.9,0
1788887867.558846946,10.3,0
1788887867.622630950,10.2,0
1788887867.686119873,9.6,0
1788887867.749005261,9.6,0
1788887867.812038490,9.7,0
1788887867.875269747,9.8,0
1788887867.938719170,14.3,0
1788887868.006669908,10.0,0
1788887868.070119581,9.6,0
1788887868.132806592,9.1,0
1788887868.195210098,8.8,0
1788887868.257079394,9.4,0
1788887868.319969349,9.4,0
1788887868.382623741,9.2,0
1788887868.445330071,9.2,0
1788887868.507797773,13.5,0
1788887868.574748613,9.0,0
1788887868.637149765,9.8,0
1788887868.700222143,10.0,0
1788887868.763647560,9.8,0
1788887868.827126097,9.6,0
1788887868.890417985,9.1,0
1788887868.953021761,9.4,0
1788887869.016202071,10.6,0
1788887869.080330892,12.8,0
1788887869.146440862,10.9,0
1788887869.211023142,11.7,0
1788887869.276189689,10.8,0
1788887869.340457438,9.1,0
1788887869.402912121,9.3,0
1788887869.465600143,10.8,0
1788887869.529772579,9.9,0
1788887869.593310125,10.3,0
1788887869.657003954,9.4,0
1788887869.720319767,9.6,0
1788887869.783511525,9.7,0
1788887869.846548410,9.0,0
1788887869.909024855,9.1,0
1788887869.971692627,10.6,0
1788887870.035717492,10.6,0
1788887870.099806724,9.3,0
1788887870.162354116,9.7,0
1788887870.225370020,13.3,0
1788887870.291830304,9.7,0
1788887870.355362041,9.5,0
1788887870.418190464,9.5,0
1788887870.480939558,10.0,0
1788887870.544518455,9.4,0
1788887870.607479987,9.8,0
1788887870.671079605,9.3,0
1788887870.734348788,9.4,0
1788887870.797260005,10.0,0
1788887870.861380103,10.3,0
1788887870.925424017,10.1,0
1788887870.989016505,10.0,0
1788887871.052547390,10.0,0
1788887871.115908121,9.3,0
1788887871.178466399,10.2,0
1788887871.242481720,10.5,0
1788887871.306754737,10.8,0
1788887871.370834205,10.7,0
1788887871.434932049,10.0,0
1788887871.498389805,10.0,0
1788887871.562001722,9.8,0
1788887871.625256764,14.0,0
1788887871.692689966,10.1,0
1788887871.756639118,9.5,0
1788887871.819424767,10.1,0
1788887871.883663473,9.4,0
1788887871.946853728,9.8,0
1788887872.010192375,9.4,0
1788887872.072693558,9.9,0
1788887872.136081649,10.2,0
1788887872.199706045,9.4,0
1788887872.262556921,9.7,0
1788887872.325771863,9.8,0
1788887872.389017341,10.5,0
1788887872.453137990,10.1,0
1788887872.516847202,9.6,0
1788887872.580362304,10.8,0
1788887872.644378086,10.2,0
1788887872.707851565,9.7,0
1788887872.770795932,11.2,0
1788887872.835317852,10.5,0
1788887872.899257810,10.6,0
1788887872.963480272,9.4,0
1788887873.026531559,9.1,0
1788887873.089048375,11.1,0
1788887873.153933269,9.2,0
1788887873.216787410,10.2,0
1788887873.280634239,10.0,0
1788887873.343906557,9.5,0
1788887873.406559086,9.9,0
1788887873.469867268,9.7,0
1788887873.533166997,10.3,0
1788887873.596949138,9.7,0
1788887873.660001957,9.8,0
1788887873.723308056,9.9,0
1788887873.787006673,9.3,0
1788887873.849940914,9.5,0
1788887873.912860714,14.6,0
1788887873.980728207,9.7,0
1788887874.044394325,9.0,0
1788887874.106976219,9.6,0
1788887874.169977661,11.0,0
1788887874.234551669,11.6,0
1788887874.299354781,9.7,0
1788887874.362316633,9.7,0
1788887874.425278316,10.5,0
1788887874.489212505,10.7,0
1788887874.553196199,10.4,0
1788887874.616825502,10.1,0
1788887874.681060162,9.4,0
1788887874.744084058,14.8,0
1788887874.813082676,9.5,0
1788887874.876126592,9.7,0
1788887874.939236576,10.6,0
1788887875.003331537,9.6,0
1788887875.066810084,9.5,0
1788887875.129489243,10.9,0
1788887875.193760308,11.9,0
1788887875.259450659,9.8,0
1788887875.322684589,10.0,0
1788887875.386212050,9.7,0
1788887875.449288053,10.5,0
1788887875.513456224,9.3,0
1788887875.576299388,10.0,0
1788887875.639689743,10.7,0
1788887875.704082360,9.7,0
1788887875.767021038,10.5,0
1788887875.831183440,9.9,0
1788887875.894196049,13.9,0
1788887875.961956952,9.6,0
1788887876.025267257,9.9,0
1788887876.088705403,9.5,0
1788887876.151840466,9.3,0
1788887876.214582169,9.7,0
1788887876.277653876,9.6,0
1788887876.340499915,8.9,0
1788887876.402654579,9.1,0
1788887876.464884455,17.0,0
1788887876.535576260,9.5,0
1788887876.598624021,10.0,0
1788887876.662066044,11.5,0
1788887876.727047182,10.7,0
1788887876.791264416,8.7,0
1788887876.853387311,10.5,0
1788887876.917196634,11.0,0
1788887876.981482631,10.3,0
1788887877.045582770,10.3,0
1788887877.109590680,9.3,0
1788887877.172058342,9.4,0
1788887877.235313574,9.4,0
1788887877.298146013,13.5,0
1788887877.365155161,9.1,0
1788887877.427685977,9.3,0
1788887877.490368251,9.6,0
1788887877.553435432,9.7,0
1788887877.617093958,9.3,0
1788887877.680235210,9.2,0
1788887877.742756022,9.3,0
1788887877.805637654,9.5,0
1788887877.868363744,11.6,0
1788887877.933525844,9.5,0
1788887877.996562358,10.5,0
1788887878.060618791,9.6,0
1788887878.124044749,9.7,0
1788887878.187164589,9.9,0
1788887878.250350868,9.6,0
1788887878.313171068,9.6,0
1788887878.376020343,9.2,0
1788887878.439233302,9.8,0
1788887878.502479050,9.8,0
1788887878.565645770,10.1,0
1788887878.629327230,9.8,0
1788887878.692384396,10.0,0
1788887878.755626739,9.4,0
1788887878.818520160,10.1,0
1788887878.882216483,10.8,0
1788887878.946546115,10.0,0
1788887879.009837381,10.5,0
1788887879.073545052,10.8,0
1788887879.137655135,10.1,0
1788887879.201210828,10.6,0
1788887879.265475823,10.1,0
1788887879.329288121,9.7,0
1788887879.392601250,10.6,0
1788887879.456550612,10.0,0
1788887879.520202509,9.7,0
1788887879.583914616,13.0,0
1788887879.650348331,12.0,0
1788887879.715861106,10.3,0
1788887879.779470109,9.4,0
1788887879.842216058,10.5,0
1788887879.905956938,9.5,0
1788887879.968804730,9.8,0
1788887880.031769517,10.3,0
1788887880.095323417,9.9,0
1788887880.158326001,10.9,0
1788887880.222498808,10.3,0
1788887880.286412567,9.7,0
1788887880.349284886,9.7,0
1788887880.412277585,10.2,0
1788887880.475691385,10.1,0
1788887880.539024774,10.5,0
1788887880.605696126,9.5,0
1788887880.668806361,9.2,0
1788887880.731449776,10.2,0
1788887880.795131197,10.0,0
1788887880.858359910,9.6,0
1788887880.921441893,9.5,0
1788887880.984866539,14.8,0
1788887881.053136836,10.0,0
1788887881.116374372,10.1,0
1788887881.179722684,10.3,0
1788887881.243247040,10.2,0
1788887881.306797144,10.5,0
1788887881.370665215,10.2,0
1788887881.434344803,11.1,0
1788887881.498982667,10.0,0
1788887881.562377509,10.5,0
1788887881.626490557,9.8,0
1788887881.689654442,10.4,0
1788887881.753449764,10.2,0
1788887881.816787530,10.3,0
1788887881.880393648,9.1,0
1788887881.942921491,9.2,0
1788887882.005569243,10.2,0
1788887882.069061240,10.0,0
1788887882.132524013,10.4,0
1788887882.196169982,9.5,0
1788887882.259414608,9.8,0
1788887882.323060225,10.1,0
1788887882.386865142,9.9,0
1788887882.450305622,8.7,0
1788887882.512472223,9.3,0
1788887882.575017832,9.2,0
1788887882.637496501,8.8,0
1788887882.699903542,13.3,0
1788887882.767415733,9.5,0
1788887882.831179889,9.6,0
1788887882.894343764,9.8,0
1788887882.958116562,9.4,0
1788887883.020908320,9.4,0
1788887883.083686708,9.4,0
1788887883.146440990,9.5,0
1788887883.209441300,9.7,0
1788887883.272602492,9.1,0
1788887883.335166799,9.0,0
1788887883.398207450,9.0,0
1788887883.460526409,9.9,0
1788887883.523719259,9.6,0
1788887883.586829163,9.5,0
1788887883.649811386,9.9,0
1788887883.713166389,9.6,0
1788887883.776016324,10.3,0
1788887883.839682091,13.6,0
1788887883.906497999,9.8,0
1788887883.969814523,10.9,0
1788887884.034024867,9.5,0
1788887884.096730306,10.3,0
1788887884.160638767,10.0,0
1788887884.223787300,11.0,0
1788887884.288483952,9.8,0
1788887884.352027086,10.4,0
1788887884.415700345,9.6,0
1788887884.478617020,10.4,0
1788887884.542610468,9.5,0
1788887884.605273794,9.6,0
1788887884.668198802,10.2,0
1788887884.731961535,9.6,0
1788887884.795167934,9.7,0
1788887884.858133943,9.5,0
1788887884.920943918,9.8,0
1788887884.983938510,9.9,0
1788887885.047548745,10.3,0
1788887885.111259750,10.4,0
1788887885.175716513,10.6,0
1788887885.240284703,12.3,0
1788887885.306192820,9.2,0
1788887885.368889746,10.2,0
1788887885.432682885,10.0,0
1788887885.496124877,10.5,0
1788887885.560169833,9.4,0
1788887885.622893769,9.2,0
1788887885.685341692,9.6,0
1788887885.748097136,10.3,0
1788887885.811621972,10.0,0
1788887885.875146588,10.7,0
1788887885.938880067,9.4,0
1788887886.001394560,10.7,0
1788887886.065321028,10.3,0
1788887886.128941087,9.7,0
1788887886.191707147,10.6,0
1788887886.255795448,10.5,0
1788887886.320180733,8.8,0
1788887886.383099302,10.8,0
1788887886.447845408,9.6,0
1788887886.510943055,9.1,0
1788887886.573964897,9.6,0
1788887886.636951477,10.6,0
1788887886.700875382,9.7,0
1788887886.764304715,9.2,0
1788887886.826793119,9.4,0
1788887886.889384887,9.4,0
1788887886.951844928,16.3,0
1788887887.021616755,10.1,0
1788887887.085171466,9.6,0
1788887887.148597564,10.5,0
1788887887.212746476,10.2,0
1788887887.276167757,10.2,0
1788887887.339885513,10.1,0
1788887887.403343790,9.3,0
1788887887.466367235,10.2,0
1788887887.530099272,10.6,0
1788887887.594418689,9.8,0
1788887887.657534573,10.3,0
1788887887.721529774,9.5,0
1788887887.784550876,10.5,0
1788887887.848264385,9.5,0
1788887887.911532597,9.7,0
1788887887.974707519,10.4,0
1788887888.038341029,9.4,0
1788887888.100952817,10.8,0
1788887888.165079005,10.1,0
1788887888.228499244,9.2,0
1788887888.291018484,9.4,0
1788887888.353838044,8.8,0
1788887888.416109071,9.7,0
1788887888.479135321,10.0,0
1788887888.542836552,9.4,0
1788887888.605797153,9.4,0
1788887888.668359016,10.2,0
1788887888.732069251,9.1,0
1788887888.794375982,9.6,0
1788887888.857222322,9.4,0
1788887888.920006559,9.8,0
1788887888.983248792,9.8,0
1788887889.046619347,9.4,0
1788887889.109324095,9.4,0
1788887889.172085548,9.7,0
1788887889.235011026,9.9,0
1788887889.298169403,9.4,0
1788887889.361182153,9.1,0
1788887889.423988723,9.6,0
1788887889.486813601,9.1,0
1788887889.549093191,9.9,0
1788887889.612423937,9.7,0
1788887889.675689945,9.2,0
1788887889.738231188,9.2,0
1788887889.800620263,9.0,0
1788887889.863109728,10.0,0
1788887889.926868485,10.4,0
1788887889.990656175,9.6,0
1788887890.053700843,14.9,0
1788887890.122229327,9.7,0
1788887890.185338561,10.2,0
1788887890.248746752,9.5,0
1788887890.311319903,8.9,0
1788887890.373595878,9.3,0
1788887890.436111923,9.7,0
1788887890.499063821,9.2,0
1788887890.561536711,9.3,0
1788887890.623974689,13.0,0
1788887890.690339622,10.1,0
1788887890.754074132,9.8,0
1788887890.817393441,9.9,0
1788887890.881076895,9.4,0
1788887890.943795934,9.5,0
1788887891.006734883,10.4,0
1788887891.070765677,10.4,0
1788887891.134998915,10.2,0
1788887891.198793256,10.6,0
1788887891.263283369,10.7,0
1788887891.327636807,10.0,0
1788887891.391195624,9.4,0
1788887891.454399971,10.8,0
1788887891.518769172,9.0,0
1788887891.581311547,9.1,0
1788887891.643580652,9.4,0
1788887891.706503907,9.5,0
1788887891.769604488,9.5,0
1788887891.832455284,9.8,0
1788887891.896030106,9.9,0
1788887891.959345729,9.7,0
1788887892.022717486,9.4,0
1788887892.085397326,10.1,0
1788887892.148996715,9.5,0
1788887892.211809284,10.6,0
1788887892.275832487,9.6,0
1788887892.338942452,12.7,0
1788887892.405787984,9.5,0
1788887892.468678561,9.0,0
1788887892.531469477,9.7,0
1788887892.596702874,9.6,0
1788887892.659613320,9.4,0
1788887892.722266981,9.1,0
1788887892.784590288,9.0,0
1788887892.846786764,10.0,0
1788887892.910026724,8.9,0
1788887892.972428667,9.4,0
1788887893.035338312,8.9,0
1788887893.097466917,9.1,0
1788887893.160310713,9.9,0
1788887893.224076340,8.9,0
1788887893.286806967,9.3,0
1788887893.349428259,8.8,0
1788887893.412208751,9.1,0
1788887893.475027780,11.2,0
1788887893.539563391,9.4,0
1788887893.602397713,9.0,0
1788887893.664727488,8.8,0
1788887893.726999748,9.7,0
1788887893.790037775,9.2,0
1788887893.852631447,9.5,0
1788887893.915395153,8.9,0
1788887893.977769315,9.0,0
1788887894.039958801,16.4,0
1788887894.110111609,9.6,0
1788887894.173535054,9.6,0
1788887894.236914612,9.9,0
1788887894.300262574,10.0,0
1788887894.363394873,9.4,0
1788887894.426286060,9.3,0
1788887894.488969115,10.7,0
1788887894.552966890,9.5,0
1788887894.615820100,9.5,0
1788887894.678635314,10.8,0
1788887894.742881761,10.2,0
1788887894.806861710,9.8,0
1788887894.869976302,9.8,0
1788887894.933057814,10.4,0
1788887894.996765285,9.1,0
1788887895.059200999,9.2,0
1788887895.121695772,10.3,0
1788887895.185490503,10.5,0
1788887895.249306717,11.1,0
1788887895.313817691,10.4,0
1788887895.377649988,9.3,0
1788887895.440243469,13.1,0
1788887895.506719308,9.0,0
1788887895.569641892,9.2,0
1788887895.632352068,10.2,0
1788887895.695938417,9.8,0
1788887895.759199708,9.2,0
1788887895.821732949,9.5,0
1788887895.884641022,9.0,0
1788887895.946985029,9.1,0
1788887896.009363408,10.2,0
1788887896.073164838,8.8,0
1788887896.135274945,8.9,0
1788887896.197658091,9.2,0
1788887896.260271933,9.4,0
1788887896.323196200,10.7,0
1788887896.387083419,9.2,0
1788887896.449451272,9.3,0
1788887896.511911734,10.0,0
1788887896.575875498,11.5,0
1788887896.640726853,9.9,0
1788887896.703907413,10.2,0
1788887896.767386091,10.2,0
1788887896.831325379,10.3,0
1788887896.894721772,9.4,0
1788887896.957195614,9.7,0
1788887897.019744729,9.7,0
1788887897.082794594,10.1,0
1788887897.145851670,9.2,0
1788887897.208233464,9.3,0
1788887897.270714786,9.2,0
1788887897.333105314,9.4,0
1788887897.395809000,9.7,0
1788887897.459097933,9.9,0
1788887897.522384963,9.7,0
1788887897.585500176,9.1,0
1788887897.647815731,10.1,0
1788887897.711544643,10.6,0
1788887897.775734006,10.0,0
1788887897.839345843,10.3,0
1788887897.903229908,10.1,0
1788887897.966826872,11.0,0
1788887898.031086309,10.1,0
1788887898.094352739,10.3,0
1788887898.158322462,11.7,0
1788887898.223516791,10.9,0
1788887898.287805512,14.6,0
1788887898.355872404,9.3,0
1788887898.418496982,9.5,0
1788887898.481314739,9.5,0
1788887898.544371304,9.5,0
1788887898.607220529,8.3,0
1788887898.668956895,9.9,0
1788887898.732241392,9.7,0
1788887898.795314452,9.2,0
1788887898.857802986,13.9,0
1788887898.925258232,9.7,0
1788887898.988363069,27.8,0
1788887899.069547978,30.5,0
1788887899.153624259,34.5,0
1788887899.241573363,29.9,0
1788887899.324915975,27.5,0
1788887899.405629828,24.0,0
1788887899.482802525,9.2,0
1788887899.545562726,24.9,0
1788887899.623725356,26.8,0
1788887899.704275754,25.9,0
1788887899.783483470,210.1,1
1788887900.047111906,210.2,1
1788887900.310908433,209.4,1
1788887900.573957490,96.2,0
1788887900.723760938,51.6,0
1788887900.829306579,11.1,0
1788887900.894049231,11.4,0
1788887900.958723530,10.3,0
1788887901.022278471,11.1,0
1788887901.086731088,9.9,0
1788887901.149554744,10.7,0
1788887901.213339871,10.3,0
1788887901.276870417,9.2,0
1788887901.339320233,208.7,1
1788887901.602017012,209.7,1
1788887901.865320921,208.3,1
1788887902.127488738,106.7,0
1788887902.287676315,10.3,0
1788887902.351580470,10.0,0
1788887902.414961762,10.0,0
1788887902.478432137,10.1,0
1788887902.542524514,10.7,0
1788887902.606819064,10.0,0
1788887902.670385483,10.8,0
1788887902.734450710,10.6,0
1788887902.798386612,10.9,0
1788887902.863023505,9.8,0
1788887902.926203105,9.9,0
1788887902.989636485,9.7,0
1788887903.052766280,9.4,0
1788887903.115285449,9.6,0
1788887903.178301774,9.1,0
1788887903.240878059,209.3,1
1788887903.503536531,181.6,0
1788887903.738501337,9.6,0
1788887903.801272524,10.5,0
1788887903.864966314,9.7,0
1788887903.927934326,9.6,0
1788887903.990676851,8.9,0
1788887904.052937423,9.3,0
1788887904.115478186,9.3,0
1788887904.178240419,9.7,0
1788887904.241525867,10.0,0
1788887904.304422192,10.1,0
1788887904.367796273,10.0,0
1788887904.431012558,208.6,1
1788887904.693120175,175.7,0
1788887904.922094894,9.9,0
1788887904.985635545,10.5,0
1788887905.050100060,10.4,0
1788887905.113854100,9.5,0
1788887905.176576234,9.0,0
1788887905.238904577,9.9,0
1788887905.302009695,9.4,0
1788887905.364576526,9.1,0
1788887905.427006653,12.2,0
1788887905.492526379,209.3,1
1788887905.755572652,165.1,0
1788887905.974058555,10.2,0
1788887906.037442171,9.1,0
1788887906.099864866,8.9,0
1788887906.162106139,8.8,0
1788887906.224233362,8.6,0
1788887906.286082087,9.0,0
1788887906.348214898,9.1,0
1788887906.410635721,9.3,0
1788887906.473111616,210.6,1
1788887906.737252719,148.0,0
1788887906.938720893,10.2,0
1788887907.002427272,9.8,0
1788887907.065900131,10.3,0
1788887907.130045006,11.7,0
1788887907.195404843,9.2,0
1788887907.258366275,10.1,0
1788887907.322000776,10.4,0
1788887907.386111932,210.9,1
1788887907.650638894,209.1,0
1788887907.913571827,11.3,0
1788887907.978508720,11.1,0
1788887908.043517370,10.3,0
1788887908.107882646,10.6,0
1788887908.171994403,10.5,0
1788887908.236713589,9.5,0
1788887908.299598788,10.4,0
1788887908.363108271,209.5,1
1788887908.626137649,199.4,0
1788887908.879107855,10.7,0
1788887908.943137458,11.1,0
1788887909.007994721,10.4,0
1788887909.072009813,11.2,0
1788887909.136648608,9.3,0
1788887909.199492435,11.3,0
1788887909.264736878,10.6,0
1788887909.329358238,210.6,1
1788887909.593589437,202.8,0
1788887909.850292125,10.7,0
1788887909.914193727,10.3,0
1788887909.978095799,10.8,0
1788887910.042742136,10.1,0
1788887910.105871220,8.6,0
1788887910.168163991,9.8,0
1788887910.231603249,10.0,0
1788887910.295564750,209.3,1
1788887910.558313518,191.7,0
1788887910.803416114,10.4,0
1788887910.867479899,10.2,0
1788887910.931132798,9.5,0
1788887910.993987050,10.1,0
1788887911.057808871,10.5,0
1788887911.122653135,11.5,0
1788887911.187976006,10.8,0
1788887911.252040552,209.9,1
1788887911.515530911,175.1,0
1788887911.744383408,11.1,0
1788887911.808952279,9.6,0
1788887911.871760653,10.8,0
1788887911.935912449,9.3,0
1788887911.998714723,11.7,0
1788887912.063810874,10.6,0
1788887912.127753838,9.7,0
1788887912.190805906,209.6,1
1788887912.453861834,183.6,0
1788887912.691017533,9.9,0
1788887912.753946827,10.1,0
1788887912.818145694,9.9,0
1788887912.881625654,11.0,0
1788887912.946202347,13.0,0
1788887913.012705066,10.5,0
1788887913.076329902,9.5,0
1788887913.138698407,209.0,1
1788887913.401412823,182.7,0
1788887913.638524015,11.5,0
1788887913.703550903,10.7,0
1788887913.767986104,11.1,0
1788887913.832488185,11.3,0
1788887913.897328623,10.8,0
1788887913.962103924,11.0,0
1788887914.026848929,10.8,0
1788887914.091257801,210.8,1
1788887914.355597022,190.6,0
1788887914.599725288,9.5,0
1788887914.662980681,9.8,0
1788887914.726673320,10.1,0
1788887914.790310064,11.3,0
1788887914.855797282,9.2,0
1788887914.918393317,10.4,0
1788887914.982780445,10.6,0
1788887915.047058912,209.5,1
1788887915.310148080,190.1,0
1788887915.553877769,10.2,0
1788887915.617689706,10.5,0
1788887915.681766350,10.7,0
1788887915.746310484,10.1,0
1788887915.810354960,10.7,0
1788887915.874638914,9.8,0
1788887915.938153776,10.9,0
1788887916.002581636,10.6,0
1788887916.066659752,209.7,1
1788887916.329916942,176.7,0
1788887916.560182727,10.9,0
1788887916.624457217,9.4,0
1788887916.688038368,9.6,0
1788887916.751191318,10.7,0
1788887916.815335173,10.1,0
1788887916.879442723,9.8,0
1788887916.942688502,9.5,0
1788887917.005552008,9.8,0
1788887917.068794221,210.0,1
1788887917.332297960,173.8,0
1788887917.559786083,9.6,0
1788887917.622680015,11.3,0
1788887917.687938089,10.9,0
1788887917.752469284,11.1,0
1788887917.817766035,10.8,0
1788887917.882578412,10.9,0
1788887917.947009647,9.9,0
1788887918.010361174,10.4,0
1788887918.073766111,209.0,1
1788887918.336675981,152.4,0
1788887918.542550508,10.8,0
1788887918.607069885,11.1,0
1788887918.671788390,10.5,0
1788887918.735960357,10.7,0
1788887918.799984482,11.3,0
1788887918.864805361,11.6,0
1788887918.930333249,11.1,0
1788887918.995012977,210.0,1
1788887919.258588994,183.0,0
1788887919.495078035,10.3,0
1788887919.558703272,10.0,0
1788887919.621837454,9.4,0
1788887919.684651125,10.3,0
1788887919.748683512,10.6,0
1788887919.812600657,9.3,0
1788887919.875886606,10.3,0
1788887919.939553286,209.9,1
1788887920.203036655,200.0,0
1788887920.456768192,10.5,0
1788887920.521184284,9.9,0
1788887920.584849732,11.2,0
1788887920.649821757,9.9,0
1788887920.713125493,11.0,0
1788887920.777920463,9.3,0
1788887920.840540454,9.9,0
1788887920.903818831,8.8,0
1788887920.965761959,209.6,1
1788887921.229100110,166.4,0
1788887921.448619493,9.4,0
1788887921.511358742,9.5,0
1788887921.574292704,9.9,0
1788887921.638329188,9.8,0
1788887921.702038491,9.7,0
1788887921.765426613,10.4,0
1788887921.829581705,9.7,0
1788887921.892762877,210.0,1
1788887922.156451373,192.0,0
1788887922.401868562,10.0,0
1788887922.465762932,10.9,0
1788887922.531114757,11.4,0
1788887922.596257999,10.5,0
1788887922.660648924,10.0,0
1788887922.724162984,9.9,0
1788887922.788335842,10.7,0
1788887922.852771364,210.4,1
1788887923.116675163,184.7,0
1788887923.354885863,10.8,0
1788887923.419414685,11.4,0
1788887923.484447551,10.1,0
1788887923.548225397,10.9,0
1788887923.612600158,9.5,0
1788887923.675712587,9.6,0
1788887923.738856493,10.9,0
1788887923.803256882,9.7,0
1788887923.866250523,209.8,1
1788887924.129650948,156.9,0
1788887924.339949935,11.0,0
1788887924.404735240,11.0,0
1788887924.469413987,10.2,0
1788887924.532657763,11.3,0
1788887924.597113024,10.8,0
1788887924.661823227,9.6,0
1788887924.725326081,10.7,0
1788887924.789938417,209.8,1
1788887925.053414836,209.5,1
1788887925.316792307,9.5,0
1788887925.379887520,10.1,0
1788887925.443532257,13.6,0
1788887925.510603388,10.5,0
1788887925.574610968,10.2,0
1788887925.638673551,10.8,0
1788887925.703612857,12.3,0
1788887925.769326184,209.9,1
1788887926.032756934,203.0,0
1788887926.289315277,9.8,0
1788887926.352455137,9.5,0
1788887926.415261868,10.7,0
1788887926.479456309,10.7,0
1788887926.543379903,9.3,0
1788887926.606723629,9.9,0
1788887926.670060244,10.6,0
1788887926.734240764,211.1,1
1788887926.998941607,210.0,1
1788887927.262577455,10.0,0
1788887927.326456944,10.4,0
1788887927.390651154,9.7,0
1788887927.454473977,10.8,0
1788887927.518625974,13.3,0
1788887927.585333760,10.6,0
1788887927.649243905,10.4,0
1788887927.713525846,11.0,0
1788887927.778129470,210.7,1
1788887928.042531245,182.1,0
1788887928.278711283,14.0,0
1788887928.346173380,10.2,0
1788887928.409790455,9.9,0
1788887928.473398016,11.2,0
1788887928.537934589,10.0,0
1788887928.601725755,12.2,0
1788887928.667288596,9.8,0
1788887928.730447515,10.2,0
1788887928.794085111,208.5,1
1788887929.055986430,160.1,0
1788887929.269679202,10.9,0
1788887929.334103967,9.9,0
1788887929.397703106,10.1,0
1788887929.461382905,9.8,0
1788887929.524376056,10.3,0
1788887929.588271949,10.9,0
1788887929.652890294,11.4,0
1788887929.717468200,12.1,0
1788887929.783456187,209.9,1
1788887930.047011285,175.5,0
1788887930.276513676,10.6,0
1788887930.340682498,10.5,0
1788887930.404655737,9.9,0
1788887930.467919754,10.4,0
1788887930.531444711,9.5,0
1788887930.594515708,10.7,0
1788887930.658510149,10.2,0
1788887930.722305571,9.9,0
1788887930.785542847,209.4,1
1788887931.048617084,158.5,0
1788887931.260490340,12.2,0
1788887931.326684667,11.2,0
1788887931.392275089,10.1,0
1788887931.455672275,10.7,0
1788887931.519514187,9.8,0
1788887931.582557283,10.3,0
1788887931.646144082,9.5,0
1788887931.709192035,10.2,0
1788887931.773027698,209.8,1
1788887932.036340882,170.1,0
1788887932.259781071,10.0,0
1788887932.323401811,11.4,0
1788887932.388251143,10.6,0
1788887932.452796449,11.2,0
1788887932.517277199,10.1,0
1788887932.581234594,11.4,0
1788887932.646539879,10.2,0
1788887932.710593348,11.1,0
1788887932.775343511,209.0,1
1788887933.038019321,157.8,0
1788887933.249666959,9.3,0
1788887933.312463795,11.2,0
1788887933.377816561,9.9,0
1788887933.440885115,9.8,0
1788887933.504224634,9.5,0
1788887933.567193298,11.1,0
1788887933.632376991,10.8,0
1788887933.697461055,209.2,1
1788887933.960161601,196.1,0
1788887934.209988548,10.2,0
1788887934.273737711,10.3,0
1788887934.337076179,11.1,0
1788887934.401355046,11.3,0
1788887934.465753192,9.8,0
1788887934.528952641,9.8,0
1788887934.592170859,11.0,0
1788887934.656526521,11.0,0
1788887934.720835333,208.5,1
1788887934.982730854,166.8,0
1788887935.203323796,9.9,0
1788887935.266745218,9.9,0
1788887935.330537716,10.4,0
1788887935.394947409,10.1,0
1788887935.458566637,10.9,0
1788887935.523001168,9.9,0
1788887935.586194638,10.7,0
1788887935.650155088,10.2,0
1788887935.713766806,210.4,1
1788887935.977719359,160.4,0
1788887936.192053773,10.2,0
1788887936.255723697,10.2,0
1788887936.319859119,11.3,0
1788887936.385172677,9.7,0
1788887936.448202071,10.4,0
1788887936.512499917,10.8,0
1788887936.577437241,11.2,0
1788887936.641934485,210.5,1
1788887936.905975230,182.1,0
1788887937.141185475,9.5,0
1788887937.204034990,10.2,0
1788887937.267258295,10.2,0
1788887937.331654178,11.4,0
1788887937.396864240,9.7,0
1788887937.459737050,9.5,0
1788887937.523192614,10.1,0
1788887937.586941437,210.8,1
1788887937.851295451,194.5,0
1788887938.099413898,10.0,0
1788887938.163060648,9.8,0
1788887938.226332967,10.1,0
1788887938.289617564,9.3,0
1788887938.351873570,10.2,0
1788887938.415274952,9.1,0
1788887938.477764458,9.6,0
1788887938.540558150,209.7,1
1788887938.804056542,209.8,0
1788887939.067116127,8.9,0
1788887939.129731261,10.3,0
1788887939.193467395,10.8,0
1788887939.257882226,9.7,0
1788887939.320731952,10.7,0
1788887939.385526471,9.2,0
1788887939.447997720,9.1,0
1788887939.510192724,209.2,1
1788887939.772759721,201.9,0
1788887940.028273680,9.5,0
1788887940.091132729,9.5,0
1788887940.154044107,9.5,0
1788887940.217339381,9.7,0
1788887940.281164698,10.9,0
1788887940.345293570,8.8,0
1788887940.407355996,9.3,0
1788887940.470224190,210.3,1
1788887940.734115371,197.3,0
1788887940.984885632,9.5,0
1788887941.047830340,10.1,0
1788887941.111235658,9.8,0
1788887941.174197662,9.7,0
1788887941.237312975,9.2,0
1788887941.299713628,9.2,0
1788887941.361952348,10.2,0
1788887941.425726488,209.8,1
1788887941.689062288,196.8,0
1788887941.939605017,10.3,0
1788887942.003753579,10.5,0
1788887942.067823053,9.6,0
1788887942.131852045,10.7,0
1788887942.196069881,11.3,0
1788887942.261423298,9.5,0
1788887942.325098300,11.7,0
1788887942.389908814,209.9,1
1788887942.653177032,187.5,0
1788887942.894032796,10.4,0
1788887942.958242069,11.0,0
1788887943.023171051,10.4,0
1788887943.087417479,11.4,0
1788887943.152031509,9.0,0
1788887943.215005040,11.0,0
1788887943.279430346,9.6,0
1788887943.342531318,9.6,0
1788887943.405451079,209.7,1
1788887943.669145065,156.7,0
1788887943.879609831,10.0,0
1788887943.943392064,10.9,0
1788887944.007883039,10.8,0
1788887944.072136598,9.7,0
1788887944.135139473,9.6,0
1788887944.198182989,10.0,0
1788887944.262058953,11.0,0
1788887944.326801585,210.8,1
1788887944.590850893,209.3,1
1788887944.853898751,9.5,0
1788887944.916873584,10.6,0
1788887944.981159913,10.5,0
1788887945.045111830,10.6,0
1788887945.108958900,10.2,0
1788887945.172311419,9.4,0
1788887945.235075496,10.2,0
1788887945.298770618,10.4,0
1788887945.362578610,208.9,1
1788887945.624987120,175.6,0
1788887945.854920148,11.2,0
1788887945.919610822,10.5,0
1788887945.984439102,9.6,0
1788887946.047189499,10.6,0
1788887946.111725231,10.1,0
1788887946.175412422,11.0,0
1788887946.239876236,9.7,0
1788887946.303210809,9.7,0
1788887946.366386042,209.8,1
1788887946.629711356,152.6,0
1788887946.836080364,10.9,0
1788887946.900280684,11.1,0
1788887946.964854112,10.1,0
1788887947.028335835,10.4,0
1788887947.092021613,10.0,0
1788887947.155416075,9.4,0
1788887947.217893062,10.1,0
1788887947.281826983,9.7,0
1788887947.345561354,209.1,1
1788887947.608309723,160.1,0
1788887947.821841605,10.1,0
1788887947.885014395,12.8,0
1788887947.951603504,10.5,0
1788887948.015828711,11.2,0
1788887948.080751873,10.3,0
1788887948.144796259,15.0,0
1788887948.213393016,10.1,0
1788887948.276833287,209.1,1
1788887948.539412353,200.8,0
1788887948.793725863,10.2,0
1788887948.857653434,10.6,0
1788887948.922071229,10.2,0
1788887948.985940532,11.4,0
1788887949.051128913,9.5,0
1788887949.113870286,10.2,0
1788887949.177473240,10.6,0
1788887949.241929514,209.9,1
1788887949.505571632,190.5,0
1788887949.749698658,11.0,0
1788887949.814262553,10.5,0
1788887949.878423002,10.5,0
1788887949.943363551,11.5,0
1788887950.008435457,10.5,0
1788887950.072543858,11.0,0
1788887950.137166871,10.1,0
1788887950.201474662,209.5,1
1788887950.464620257,203.8,0
1788887950.722271358,9.5,0
1788887950.785424598,10.4,0
1788887950.849253441,10.5,0
1788887950.913501492,11.4,0
1788887950.978196703,9.9,0
1788887951.041649683,11.3,0
1788887951.106392355,11.3,0
1788887951.171389839,9.9,0
1788887951.234930851,209.4,1
1788887951.498123977,164.3,0
1788887951.716392266,9.5,0
1788887951.779271746,10.2,0
1788887951.842983354,10.2,0
1788887951.906529042,11.5,0
1788887951.971424804,9.8,0
1788887952.034691685,10.2,0
1788887952.098004895,10.0,0
1788887952.161309592,9.9,0
1788887952.225064795,209.6,1
1788887952.488267305,176.8,0
1788887952.718592481,9.8,0
1788887952.781843157,11.3,0
1788887952.846452610,10.5,0
1788887952.910335223,9.9,0
1788887952.973528944,9.2,0
1788887953.036059022,10.4,0
1788887953.099788726,9.7,0
1788887953.163378761,10.2,0
1788887953.226874094,209.6,1
1788887953.490067460,161.9,0
1788887953.705425058,10.4,0
1788887953.769115564,9.9,0
1788887953.832613661,9.3,0
1788887953.895213853,9.6,0
1788887953.958454575,9.1,0
1788887954.021026514,14.0,0
1788887954.088493298,10.1,0
1788887954.152033749,210.0,1
1788887954.415679934,174.3,0
1788887954.643470301,9.5,0
1788887954.706486947,9.7,0
1788887954.769551145,9.7,0
1788887954.832561641,9.8,0
1788887954.895578427,9.2,0
1788887954.958109977,9.7,0
1788887955.021621173,10.6,0
1788887955.086463696,209.6,1
1788887955.349448720,176.8,0
1788887955.579930620,9.9,0
1788887955.643574426,10.4,0
1788887955.707424951,10.2,0
1788887955.771097690,9.5,0
1788887955.833968948,9.1,0
1788887955.896187358,9.7,0
1788887955.959841129,9.8,0
1788887956.023412316,209.4,1
1788887956.286200415,184.7,0
1788887956.524417186,10.3,0
1788887956.588312188,10.6,0
1788887956.653054750,9.8,0
1788887956.716627149,9.8,0
1788887956.779864405,11.2,0
1788887956.844759025,10.4,0
1788887956.908800106,10.9,0
1788887956.973333815,209.9,1
1788887957.236499691,198.3,0
1788887957.488247848,10.3,0
1788887957.551950511,9.5,0
1788887957.615048659,9.1,0
1788887957.677446538,9.8,0
1788887957.740408662,10.6,0
1788887957.804490575,10.6,0
1788887957.868617444,10.0,0
1788887957.933674798,209.5,1
1788887958.196608455,177.1,0
1788887958.427817105,9.0,0
1788887958.490304158,10.7,0
1788887958.554239239,11.4,0
1788887958.619220960,10.4,0
1788887958.682944165,10.4,0
1788887958.747022512,9.3,0
1788887958.810033319,10.2,0
1788887958.873720720,209.7,1
1788887959.136959184,203.0,0
1788887959.393169888,11.4,0
1788887959.458095374,10.8,0
1788887959.522161012,10.3,0
1788887959.586095172,10.2,0
1788887959.649693721,10.0,0
1788887959.713602453,11.1,0
1788887959.778144445,10.0,0
1788887959.841742592,210.6,1
1788887960.106074625,207.2,0
1788887960.366835617,11.1,0
1788887960.431603577,9.6,0
1788887960.494649697,9.5,0
1788887960.557886974,10.7,0
1788887960.622110919,9.9,0
1788887960.685855496,10.7,0
1788887960.749840573,10.5,0
1788887960.813634453,209.9,1
1788887961.077233358,205.3,0
1788887961.336100923,10.2,0
1788887961.399572480,11.2,0
1788887961.464618868,9.9,0
1788887961.528397065,9.6,0
1788887961.591477907,10.3,0
1788887961.655009425,9.7,0
1788887961.718479820,10.9,0
1788887961.783083935,210.3,1
1788887962.046784121,193.8,0
1788887962.294530231,10.8,0
1788887962.358550501,9.7,0
1788887962.421908419,9.8,0
1788887962.485437182,11.1,0
1788887962.549952784,9.4,0
1788887962.612971503,10.0,0
1788887962.676509621,9.7,0
1788887962.739644113,209.7,1
1788887963.002935016,191.3,0
1788887963.247838257,10.3,0
1788887963.312188972,10.5,0
1788887963.375816833,9.7,0
1788887963.438536505,10.6,0
1788887963.503130104,8.8,0
1788887963.565249115,9.3,0
1788887963.627773423,9.5,0
1788887963.690451902,208.9,1
1788887963.952844459,176.7,0
1788887964.182792570,10.6,0
1788887964.246871067,12.9,0
1788887964.313373276,9.8,0
1788887964.376489241,10.4,0
1788887964.440262962,10.3,0
1788887964.503981379,9.2,0
1788887964.566458747,9.8,0
1788887964.630114781,210.2,1
1788887964.893932353,165.1,0
1788887965.112214734,11.0,0
1788887965.176902064,10.3,0
1788887965.240494323,11.5,0
1788887965.305601551,10.1,0
1788887965.369181802,9.7,0
1788887965.432450836,9.6,0
1788887965.495234774,9.9,0
1788887965.558421074,209.8,1
1788887965.821825016,194.8,0
1788887966.069865347,9.0,0
1788887966.132125780,10.3,0
1788887966.195551249,10.0,0
1788887966.258809818,9.4,0
1788887966.321365463,8.6,0
1788887966.383322081,9.4,0
1788887966.445978096,11.3,0
1788887966.511097703,209.9,1
1788887966.774703448,180.3,0
1788887967.008701708,10.9,0
1788887967.073556349,10.8,0
1788887967.137630660,9.9,0
1788887967.200947395,12.2,0
1788887967.266572961,9.6,0
1788887967.329801454,10.1,0
1788887967.393459161,9.8,0
1788887967.456987223,209.1,1
1788887967.719753220,180.6,0
1788887967.954571519,13.4,0
1788887968.021402250,9.9,0
1788887968.084612256,11.2,0
1788887968.149458213,11.3,0
1788887968.214289108,12.8,0
1788887968.280388083,10.1,0
1788887968.344134262,10.6,0
1788887968.408307531,210.1,1
1788887968.672061809,205.2,0
1788887968.930916604,10.9,0
1788887968.995171025,10.2,0
1788887969.059239668,9.7,0
1788887969.122454791,10.5,0
1788887969.186660039,9.6,0
1788887969.249653219,9.3,0
1788887969.312158970,10.0,0
1788887969.375366011,210.7,1
1788887969.639583263,210.1,0
1788887969.903286584,11.2,0
1788887969.968032071,10.8,0
1788887970.032419841,10.0,0
1788887970.095656597,9.4,0
1788887970.158933533,9.9,0
1788887970.222025522,9.3,0
1788887970.285152744,11.0,0
1788887970.349609989,208.6,1
1788887970.611757279,186.7,0
1788887970.851955008,9.8,0
1788887970.915281880,10.2,0
1788887970.979316811,10.8,0
1788887971.043549129,9.8,0
1788887971.106585955,8.9,0
1788887971.168724616,9.4,0
1788887971.231714242,9.5,0
1788887971.294586501,209.9,1
1788887971.558233488,184.0,0
1788887971.795480377,10.1,0
1788887971.858996261,10.5,0
1788887971.922716211,11.2,0
1788887971.987710981,9.7,0
1788887972.050738664,9.1,0
1788887972.113505165,10.1,0
1788887972.177135030,9.5,0
1788887972.240314760,209.4,1
1788887972.503358113,167.3,0
1788887972.724090796,9.1,0
1788887972.786733882,10.6,0
1788887972.850830056,12.0,0
1788887972.916349572,11.1,0
1788887972.981388439,10.7,0
1788887973.045530081,10.7,0
1788887973.109394457,11.1,0
1788887973.174140184,210.7,1
1788887973.438369063,207.3,0
1788887973.698906491,9.0,0
1788887973.761725040,10.7,0
1788887973.825767653,10.8,0
1788887973.889936877,10.6,0
1788887973.953859741,9.5,0
1788887974.016844619,10.3,0
1788887974.080417499,9.8,0
1788887974.143468877,210.2,1
1788887974.407148694,169.4,0
1788887974.630213110,9.3,0
1788887974.692873493,9.3,0
1788887974.755373565,9.3,0
1788887974.817959135,10.2,0
1788887974.881875980,9.9,0
1788887974.945097954,11.3,0
1788887975.009936590,10.6,0
1788887975.075428706,209.6,1
1788887975.338679069,188.1,0
1788887975.580204588,11.2,0
1788887975.645039779,11.3,0
1788887975.709747059,9.3,0
1788887975.772414943,9.8,0
1788887975.835649465,10.4,0
1788887975.899398479,9.4,0
1788887975.962567373,9.6,0
1788887976.025330089,239.4,1
1788887976.318205463,175.5,0
1788887976.547086976,9.0,0
1788887976.609187079,9.5,0
1788887976.672009324,10.2,0
1788887976.735290466,8.9,0
1788887976.797307044,8.6,0
1788887976.859083532,9.0,0
1788887976.921280570,9.7,0
1788887976.984585478,209.5,1
1788887977.247669913,208.9,1
1788887977.510059496,10.0,0
1788887977.573229111,9.3,0
1788887977.636010695,10.0,0
1788887977.699343835,9.7,0
1788887977.762178970,8.9,0
1788887977.824254876,10.2,0
1788887977.887858792,10.8,0
1788887977.952550739,209.5,1
1788887978.215544307,180.1,0
1788887978.449706533,10.3,0
1788887978.514114234,11.7,0
1788887978.578830748,10.5,0
1788887978.642663316,10.2,0
1788887978.705751580,9.2,0
1788887978.768326915,9.8,0
1788887978.831533055,9.6,0
1788887978.894625064,209.7,1
1788887979.157963980,204.8,0
1788887979.416157485,9.5,0
1788887979.479048123,9.6,0
1788887979.541538030,9.1,0
1788887979.603682109,9.8,0
1788887979.667026836,10.9,0
1788887979.731201488,10.3,0
1788887979.794879615,10.0,0
1788887979.858588769,208.6,1
1788887980.120789860,202.3,0
1788887980.376301657,9.4,0
1788887980.439047988,9.7,0
1788887980.502415841,9.2,0
1788887980.565003865,9.3,0
1788887980.627506471,9.9,0
1788887980.690318030,9.9,0
1788887980.753895847,9.9,0
1788887980.817062728,209.9,1
1788887981.080557628,168.3,0
1788887981.302807204,9.5,0
1788887981.365974756,11.4,0
1788887981.430706743,10.9,0
1788887981.495670607,10.0,0
1788887981.559674152,10.2,0
1788887981.623755814,13.1,0
1788887981.690272996,9.2,0
1788887981.753243443,209.4,1
1788887982.016243070,188.2,0
1788887982.257962951,10.7,0
1788887982.322457572,10.2,0
1788887982.386104713,10.9,0
1788887982.451570479,10.8,0
1788887982.515982086,10.1,0
1788887982.579510729,10.6,0
1788887982.643596478,9.7,0
1788887982.706641667,210.1,1
1788887982.970209806,193.0,0
1788887983.216718663,10.3,0
1788887983.280571212,10.1,0
1788887983.344234788,9.6,0
1788887983.407302510,10.2,0
1788887983.471200648,10.8,0
1788887983.535313266,12.2,0
1788887983.601091410,9.8,0
1788887983.664867144,210.3,1
1788887983.928718898,209.8,1
1788887984.192994398,10.5,0
1788887984.257036951,10.6,0
1788887984.320893026,10.3,0
1788887984.384852795,9.4,0
1788887984.448098725,9.7,0
1788887984.511157725,12.2,0
1788887984.576964061,9.5,0
1788887984.640066306,210.0,1
1788887984.903510169,180.8,0
1788887985.138036892,9.9,0
1788887985.201564634,11.9,0
1788887985.267101326,9.9,0
1788887985.330264722,10.4,0
1788887985.394354717,9.3,0
1788887985.457013227,13.4,0
1788887985.524100993,9.4,0
1788887985.586861756,209.5,1
1788887985.849833592,178.7,0
1788887986.082395892,10.4,0
1788887986.146350483,10.1,0
1788887986.210148661,10.5,0
1788887986.274122341,9.6,0
1788887986.337032407,8.8,0
1788887986.399168635,9.1,0
1788887986.461496208,10.1,0
1788887986.524999203,209.6,1
1788887986.788196978,175.0,0
1788887987.017068998,9.2,0
1788887987.080391933,9.2,0
1788887987.143018355,9.2,0
1788887987.205805277,9.7,0
1788887987.268885959,8.9,0
1788887987.331101415,9.4,0
1788887987.393754667,9.7,0
1788887987.457082499,210.0,1
1788887987.720819953,176.2,0
1788887987.950963728,9.3,0
1788887988.013392443,11.5,0
1788887988.078574574,10.0,0
1788887988.142415866,11.0,0
1788887988.206717078,9.1,0
1788887988.269057391,10.0,0
1788887988.332360606,10.6,0
1788887988.396913114,209.7,1
1788887988.660399431,181.1,0
1788887988.895039865,9.8,0
1788887988.957981889,10.0,0
1788887989.021686256,11.0,0
1788887989.086238864,10.0,0
1788887989.149488369,9.7,0
1788887989.212959917,10.7,0
1788887989.277210072,10.8,0
1788887989.341598584,209.6,1
1788887989.604962117,187.8,0
1788887989.846645884,10.3,0
1788887989.910551783,11.1,0
1788887989.975135938,10.3,0
1788887990.039100325,9.9,0
1788887990.102409830,10.7,0
1788887990.166358222,10.2,0
1788887990.230368207,10.9,0
1788887990.294500545,210.1,1
1788887990.558349526,153.6,0
1788887990.765090974,11.3,0
1788887990.830337031,10.7,0
1788887990.894905313,9.7,0
1788887990.958742839,11.4,0
1788887991.023603338,10.4,0
1788887991.087721506,9.9,0
1788887991.151280975,9.9,0
1788887991.214673505,211.1,1
1788887991.479337557,178.9,0
1788887991.714408596,9.6,0
1788887991.777503229,10.4,0
1788887991.841635046,10.0,0
1788887991.905704821,11.6,0
1788887991.970544328,10.3,0
1788887992.034252561,10.6,0
1788887992.098546922,10.9,0
1788887992.162645590,209.2,1
1788887992.425459639,164.5,0
1788887992.643897334,10.8,0
1788887992.707862001,9.9,0
1788887992.771101973,10.5,0
1788887992.835959868,9.9,0
1788887992.899611906,10.5,0
1788887992.963771645,11.3,0
1788887993.028328179,9.9,0
1788887993.091557294,210.0,1
1788887993.355279505,177.7,0
1788887993.586855957,13.2,0
1788887993.653766438,10.4,0
1788887993.718281550,11.6,0
1788887993.783567867,10.4,0
1788887993.847578984,10.3,0
1788887993.911284423,10.3,0
1788887993.974967407,11.3,0
1788887994.039547486,209.5,1
1788887994.302707505,207.0,0
1788887994.563642749,10.0,0
1788887994.627023842,9.9,0
1788887994.690290373,11.0,0
1788887994.754852976,10.6,0
1788887994.818623762,10.4,0
1788887994.882592866,10.1,0
1788887994.946700737,10.2,0
1788887995.010279396,11.5,0
1788887995.075417151,209.9,1
1788887995.338843148,165.7,0
1788887995.558314281,9.4,0
1788887995.620854173,11.1,0
1788887995.685275665,10.0,0
1788887995.748697288,9.5,0
1788887995.812158791,9.7,0
1788887995.874756740,9.6,0
1788887995.937617573,10.5,0
1788887996.001990932,210.4,1
1788887996.266077449,196.0,0
1788887996.515982176,11.1,0
1788887996.580674963,12.2,0
1788887996.646361190,10.0,0
1788887996.709602032,10.8,0
1788887996.774026068,10.0,0
1788887996.837446859,10.4,0
1788887996.901937815,9.9,0
1788887996.965862713,210.2,1
1788887997.229639105,194.3,0
1788887997.477548862,9.6,0
1788887997.540632438,10.0,0
1788887997.603957738,9.7,0
1788887997.667088084,11.1,0
1788887997.731437718,9.8,0
1788887997.794683047,10.1,0
1788887997.858378801,10.9,0
1788887997.922768755,210.0,1
1788887998.186735543,210.0,1
1788887998.450189091,9.8,0
1788887998.513104576,10.9,0
1788887998.577217065,10.1,0
1788887998.640850095,10.4,0
1788887998.704261312,9.7,0
1788887998.766896808,10.4,0
1788887998.830469057,9.9,0
1788887998.893641737,10.2,0
1788887998.957311803,10.4,0
1788887999.020996270,13.5,0
1788887999.087769896,9.8,0
1788887999.151004349,10.0,0
1788887999.214425612,10.5,0
1788887999.278561986,10.7,0
1788887999.342512522,11.2,0
1788887999.406963768,9.4,0
1788887999.469691511,9.5,0
1788887999.532290492,9.5,0
1788887999.595285947,13.3,0
1788887999.661770880,9.6,0
1788887999.725046575,10.1,0
1788887999.788841357,10.5,0
1788887999.852518503,9.4,0
1788887999.915173448,10.3,0
1788887999.979296452,10.3,0
1788888000.043152997,9.9,0
1788888000.106546158,9.0,0
1788888000.168718519,10.1,0
1788888000.232062466,10.1,0
1788888000.295437319,10.1,0
1788888000.359364159,9.9,0
1788888000.422553936,9.3,0
1788888000.485189000,8.5,0
1788888000.546964046,9.7,0
1788888000.610017969,9.8,0
1788888000.673149747,9.4,0
1788888000.735835679,15.4,0
1788888000.804689712,10.8,0
1788888000.868795470,10.0,0
1788888000.932317664,11.1,0
1788888000.996919416,10.3,0
1788888001.060894218,9.1,0
1788888001.123197686,9.4,0
1788888001.186281213,11.0,0
1788888001.251195262,9.7,0
1788888001.314159080,12.4,0
1788888001.379938035,9.6,0
1788888001.442939960,10.7,0
1788888001.506989694,9.4,0
1788888001.569984818,11.5,0
1788888001.634886469,10.1,0
1788888001.698287212,10.3,0
1788888001.762222364,9.4,0
1788888001.824984059,9.9,0
1788888001.888244811,9.4,0
1788888001.951266615,12.4,0
1788888002.017012952,9.6,0
1788888002.080017500,10.4,0
1788888002.143539735,10.0,0
1788888002.206648629,8.9,0
1788888002.268742263,9.4,0
1788888002.331505529,9.3,0
1788888002.394084851,9.5,0
1788888002.456875889,9.8,0
1788888002.519833718,9.6,0
1788888002.582831936,9.8,0
1788888002.646676343,10.1,0
1788888002.710219048,10.8,0
1788888002.774726628,9.9,0
1788888002.838205788,10.6,0
1788888002.902340229,9.8,0
1788888002.965553461,10.9,0
1788888003.029985688,9.7,0
1788888003.093588833,10.4,0
1788888003.157537697,10.0,0
1788888003.220805680,9.9,0
1788888003.284053743,16.0,0
1788888003.353413645,9.6,0
1788888003.416794427,9.9,0
1788888003.480204553,8.9,0
1788888003.542569152,10.3,0
1788888003.606111757,9.4,0
1788888003.669257407,9.4,0
1788888003.732704528,9.8,0
1788888003.795947524,9.7,0
1788888003.859549197,13.4,0
1788888003.926597915,10.4,0
1788888003.991013658,10.2,0
1788888004.054361321,9.4,0
1788888004.116856656,9.7,0
1788888004.179648977,10.4,0
1788888004.243146113,9.6,0
1788888004.306311903,9.5,0
1788888004.369025536,9.3,0
1788888004.431668673,9.4,0
1788888004.494601784,9.6,0
1788888004.557389948,9.9,0
1788888004.620459945,9.8,0
1788888004.683620627,10.6,0
1788888004.747395059,9.9,0
1788888004.810385526,9.2,0
1788888004.872748203,8.9,0
1788888004.934786023,10.1,0
1788888004.998052844,9.2,0
1788888005.060800978,9.3,0
1788888005.123603294,9.8,0
1788888005.187106730,10.4,0
1788888005.250796825,9.7,0
1788888005.313830948,10.5,0
1788888005.377988144,10.5,0
1788888005.442125229,10.6,0
1788888005.506312860,12.3,0
1788888005.572034189,10.9,0
1788888005.636442712,9.3,0
1788888005.698957786,9.7,0
1788888005.761778409,9.2,0
1788888005.824310239,10.5,0
1788888005.888230500,9.6,0
1788888005.951033066,9.7,0
1788888006.014069161,9.2,0
1788888006.076461012,9.8,0
1788888006.139414954,10.0,0
1788888006.203176757,10.7,0
1788888006.267222606,10.1,0
1788888006.330536568,9.9,0
1788888006.393766024,9.4,0
1788888006.456719235,10.0,0
1788888006.519961399,10.2,0
1788888006.583853708,10.4,0
1788888006.647883072,10.9,0
1788888006.712374519,10.0,0
1788888006.775816643,9.9,0
1788888006.838953860,9.7,0
1788888006.902351578,10.2,0
1788888006.965976706,9.8,0
1788888007.029186902,9.7,0
1788888007.092311531,9.2,0
1788888007.154801378,10.1,0
1788888007.218515780,9.6,0
1788888007.281434059,10.3,0
1788888007.345074550,9.9,0
1788888007.408153881,11.2,0
1788888007.472575593,9.7,0
1788888007.535482635,10.8,0
1788888007.599524859,9.8,0
1788888007.662421205,9.4,0
1788888007.725068027,9.1,0
1788888007.788024644,9.6,0
1788888007.850785387,9.5,0
1788888007.913705779,9.5,0
1788888007.976440634,9.2,0
1788888008.038980075,9.1,0
1788888008.101528560,9.2,0
1788888008.164523144,11.7,0
1788888008.230068069,9.0,0
1788888008.292083295,9.6,0
1788888008.354992701,9.0,0
1788888008.417454826,9.5,0
1788888008.480161839,9.0,0
1788888008.542421491,9.3,0
1788888008.604990597,9.2,0
1788888008.667415407,10.0,0
1788888008.730326465,14.5,0
1788888008.798429794,10.1,0
1788888008.862340300,9.4,0
1788888008.925335174,10.6,0
1788888008.989780411,9.5,0
1788888009.052759171,9.2,0
1788888009.115833293,9.6,0
1788888009.179354987,10.8,0
1788888009.243732633,10.6,0
1788888009.307928176,10.2,0
1788888009.371751942,10.5,0
1788888009.435829488,9.5,0
1788888009.498751613,10.1,0
1788888009.562073727,9.5,0
1788888009.624754881,9.4,0
1788888009.687622474,9.6,0
1788888009.750573112,9.7,0
1788888009.813606504,11.3,0
1788888009.878343358,10.1,0
1788888009.942012332,9.0,0
1788888010.004623731,10.3,0
1788888010.068950752,9.4,0
1788888010.131569302,9.3,0
1788888010.194145378,9.4,0
1788888010.256936537,9.7,0
1788888010.320377720,10.1,0
1788888010.383815958,10.5,0
1788888010.447879293,10.5,0
1788888010.511883469,9.8,0
1788888010.574849270,9.9,0
1788888010.637914148,10.6,0
1788888010.701988650,9.7,0
1788888010.765183834,10.0,0
1788888010.828547841,9.2,0
1788888010.890936276,9.2,0
1788888010.953463760,9.8,0
1788888011.016811623,11.0,0
1788888011.081805973,9.9,0
1788888011.144972384,10.2,0
1788888011.208902870,9.7,0
1788888011.272197092,11.2,0
1788888011.336505415,9.3,0
1788888011.399315432,10.4,0
1788888011.463777995,9.8,0
1788888011.526832358,9.5,0
1788888011.589665640,11.1,0
1788888011.654235283,9.3,0
1788888011.716838370,8.7,0
1788888011.778830421,10.8,0
1788888011.843098734,9.1,0
1788888011.905545386,9.7,0
1788888011.968628823,9.6,0
1788888012.031866961,10.9,0
1788888012.096322204,9.8,0
1788888012.159659541,10.8,0
1788888012.223797648,9.8,0
1788888012.287374444,11.0,0
1788888012.351882255,10.2,0
1788888012.415579321,10.4,0
1788888012.479914574,10.6,0
1788888012.543937829,11.3,0
1788888012.608363917,10.9,0
1788888012.672959109,9.9,0
1788888012.736237418,10.6,0
1788888012.800274854,9.1,0
1788888012.862693334,9.6,0
1788888012.926295929,9.1,0
1788888012.988758165,9.7,0
1788888013.052231035,8.9,0
1788888013.114431679,9.5,0
1788888013.177147965,9.5,0
1788888013.239846906,11.3,0
1788888013.305004651,9.6,0
1788888013.368184933,10.0,0
1788888013.431518083,10.2,0
1788888013.495357303,9.9,0
1788888013.559010764,9.8,0
1788888013.622146068,9.2,0
1788888013.684874303,10.4,0
1788888013.748581824,9.8,0
1788888013.811601966,9.7,0
1788888013.874398904,16.6,0
1788888013.944793075,9.3,0
1788888014.007344134,10.2,0
1788888014.071018096,9.6,0
1788888014.133850736,9.8,0
1788888014.197167002,11.2,0
1788888014.262096345,9.4,0
1788888014.325079661,9.4,0
1788888014.387980665,9.3,0
1788888014.450639585,12.9,0
1788888014.517329927,10.0,0
1788888014.580981435,9.2,0
1788888014.643662589,10.1,0
1788888014.708083940,9.4,0
1788888014.770689821,9.2,0
1788888014.833843884,36.0,0
1788888014.923473448,11.0,0
1788888014.988129442,9.2,0
1788888015.050680670,10.9,0
1788888015.115404565,9.7,0
1788888015.178551507,10.3,0
1788888015.242594542,9.5,0
1788888015.305343267,10.6,0
1788888015.369353012,9.4,0
1788888015.432123820,9.7,0
1788888015.495352234,9.2,0
1788888015.558180919,9.6,0
1788888015.621093229,8.7,0
1788888015.683147694,9.8,0
1788888015.746045032,9.5,0
1788888015.808902540,11.7,0
1788888015.873786906,9.7,0
1788888015.936881669,9.1,0
1788888015.999705707,9.5,0
1788888016.062774332,11.7,0
1788888016.127941821,9.3,0
1788888016.190781192,9.4,0
1788888016.253451370,9.2,0
1788888016.316171533,9.2,0
1788888016.378803923,9.2,0
1788888016.441363275,10.3,0
1788888016.504806080,9.5,0
1788888016.567842396,10.2,0
1788888016.631480073,9.1,0
1788888016.693980186,10.3,0
1788888016.757760287,8.9,0
1788888016.819834831,9.6,0
1788888016.882992860,9.2,0
1788888016.945447645,11.6,0
1788888017.011112369,9.5,0
1788888017.073793553,10.4,0
1788888017.137895546,9.6,0
1788888017.201344160,9.1,0
1788888017.264061769,9.1,0
1788888017.327233809,10.2,0
1788888017.391428831,9.6,0
1788888017.454512568,11.2,0
1788888017.519128231,9.9,0
1788888017.582834110,9.7,0
1788888017.646414972,10.1,0
1788888017.709876205,11.3,0
1788888017.775140910,9.1,0
1788888017.837687142,10.1,0
1788888017.901020684,10.2,0
1788888017.965187744,9.7,0
1788888018.028760945,10.4,0
1788888018.093136458,9.7,0
1788888018.156856008,10.7,0
1788888018.221086153,10.6,0
1788888018.285061105,11.0,0
1788888018.349934344,11.3,0
1788888018.414803036,10.3,0
1788888018.478474494,11.1,0
1788888018.542973051,10.5,0
1788888018.606783917,9.7,0
1788888018.670122326,9.5,0
1788888018.733203790,11.2,0
1788888018.798280193,9.5,0
1788888018.861531051,9.3,0
1788888018.924379666,10.3,0
1788888018.988034158,10.2,0
1788888019.051655040,9.4,0
1788888019.114465037,9.5,0
1788888019.177433572,9.4,0
1788888019.240082528,9.5,0
1788888019.303155379,9.5,0
1788888019.366532055,9.8,0
1788888019.429803924,9.7,0
1788888019.493547740,9.6,0
1788888019.556595594,9.8,0
1788888019.619481034,10.7,0
1788888019.683492491,10.5,0
1788888019.747963197,9.2,0
1788888019.810544231,9.8,0
1788888019.874376550,38.0,0
1788888019.965800183,10.2,0
1788888020.029326212,9.5,0
1788888020.092509359,12.1,0
1788888020.158111219,9.6,0
1788888020.221169238,12.5,0
1788888020.286861073,9.2,0
1788888020.349553644,10.5,0
1788888020.413228277,9.3,0
1788888020.475899546,16.4,0
1788888020.545995781,10.8,0
1788888020.609917744,9.4,0
1788888020.672937566,9.3,0
1788888020.735480953,10.3,0
1788888020.799330869,12.2,0
1788888020.865353119,10.5,0
1788888020.929273280,10.2,0
1788888020.993399699,10.4,0
1788888021.057089595,9.8,0
1788888021.120151790,10.9,0
1788888021.184468214,9.7,0
1788888021.247550179,9.7,0
1788888021.311005553,10.7,0
1788888021.375193755,9.9,0
1788888021.438409610,11.0,0
1788888021.502825574,9.6,0
1788888021.565978965,9.9,0
1788888021.629430453,10.4,0
1788888021.693579818,10.9,0
1788888021.757736883,10.3,0
1788888021.821251657,10.6,0
1788888021.885234010,13.9,0
1788888021.952539383,9.3,0
1788888022.015694468,9.8,0
1788888022.078791474,9.3,0
1788888022.141509824,9.2,0
1788888022.204405409,10.0,0
1788888022.268243908,9.4,0
1788888022.331119183,9.6,0
1788888022.394209239,9.3,0
1788888022.457084274,15.1,0
1788888022.526129334,9.4,0
1788888022.589141013,11.2,0
1788888022.653760992,10.2,0
1788888022.717548174,11.2,0
1788888022.782206831,9.5,0
1788888022.845178801,9.3,0
1788888022.907661157,9.6,0
1788888022.970935480,9.4,0
1788888023.033729763,14.7,0
1788888023.101794344,8.8,0
1788888023.164258894,9.6,0
1788888023.227345305,9.2,0
1788888023.290073379,10.5,0
1788888023.354278997,10.4,0
1788888023.417822473,9.1,0
1788888023.480442696,9.3,0
1788888023.543336719,9.9,0
1788888023.606480607,10.1,0
1788888023.670398063,10.6,0
1788888023.734596661,10.1,0
1788888023.798056291,9.5,0
1788888023.860999248,9.4,0
1788888023.924123365,9.4,0
1788888023.987145300,9.1,0
1788888024.049516720,9.5,0
1788888024.112402721,9.2,0
1788888024.175104967,14.1,0
1788888024.242884490,9.8,0
1788888024.306166815,9.5,0
1788888024.369139115,9.9,0
1788888024.432731775,9.2,0
1788888024.495207451,9.5,0
1788888024.558060553,9.7,0
1788888024.621314836,9.6,0
1788888024.684294958,9.5,0
1788888024.747279617,13.6,0
1788888024.814408896,9.7,0
1788888024.877404702,10.7,0
1788888024.942176328,9.2,0
1788888025.005033265,10.2,0
1788888025.068632696,10.2,0
1788888025.132391855,10.4,0
1788888025.196149823,9.8,0
1788888025.259468632,10.8,0
1788888025.323672027,10.0,0
1788888025.387466459,10.0,0
1788888025.450602866,9.8,0
1788888025.513840273,9.6,0
1788888025.577306413,9.3,0
1788888025.640073286,10.2,0
1788888025.703613427,9.8,0
1788888025.766618376,11.1,0
1788888025.831652085,9.6,0
1788888025.894393460,10.4,0
1788888025.958211738,9.9,0
1788888026.021594964,11.2,0
1788888026.086119840,9.2,0
1788888026.148615346,11.8,0
1788888026.213794964,9.0,0
1788888026.276003710,10.0,0
1788888026.339630121,9.8,0
1788888026.402850833,12.1,0
1788888026.468710260,10.4,0
1788888026.532857971,9.7,0
1788888026.596890190,10.2,0
1788888026.660966715,10.6,0
1788888026.725200255,9.6,0
1788888026.788420186,10.0,0
1788888026.852169331,10.2,0
1788888026.915881300,9.3,0
1788888026.978590335,11.2,0
1788888027.043164005,15.4,0
1788888027.112052400,10.3,0
1788888027.175794594,9.8,0
1788888027.239057460,9.5,0
1788888027.302048429,9.7,0
1788888027.365024805,9.4,0
1788888027.427669555,9.9,0
1788888027.491025179,10.2,0
1788888027.554490578,10.2,0
1788888027.617780024,11.2,0
1788888027.683015456,9.7,0
1788888027.746097681,9.5,0
1788888027.809053696,9.0,0
1788888027.871232017,10.5,0
1788888027.935465297,10.2,0
1788888027.999144306,9.4,0
1788888028.061711399,9.4,0
1788888028.124360185,10.0,0
1788888028.187696981,14.7,0
1788888028.255902924,9.4,0
1788888028.318764228,9.2,0
1788888028.381207666,10.1,0
1788888028.444718263,9.5,0
1788888028.507718575,10.0,0
1788888028.571239437,9.4,0
1788888028.634140651,8.9,0
1788888028.696763157,9.3,0
1788888028.759387607,10.2,0
1788888028.822630783,10.0,0
1788888028.886027780,11.3,0
1788888028.950705856,10.1,0
1788888029.014212947,10.4,0
1788888029.077801321,10.5,0
1788888029.141691477,10.2,0
1788888029.205248984,10.3,0
1788888029.269257176,9.9,0
1788888029.332342466,14.5,0
1788888029.400226467,9.6,0
1788888029.463281661,10.6,0
1788888029.527303013,10.4,0
1788888029.591459128,9.8,0
1788888029.654520461,9.7,0
1788888029.717577649,10.7,0
1788888029.781712601,9.7,0
1788888029.845073824,9.7,0
1788888029.908035939,33.2,0
1788888029.994472219,9.4,0
1788888030.057205482,10.0,0
1788888030.120521917,10.0,0
1788888030.185104140,10.2,0
1788888030.248711913,9.6,0
1788888030.311321099,9.8,0
1788888030.374492978,9.4,0
1788888030.437040502,10.4,0
1788888030.501040573,9.6,0
1788888030.564049799,10.1,0
1788888030.627535238,9.0,0
1788888030.689666017,9.5,0
1788888030.752748603,11.2,0
1788888030.817252528,10.0,0
1788888030.880511007,9.8,0
1788888030.944037528,10.1,0
1788888031.008026662,10.0,0
1788888031.071823799,10.6,0
1788888031.136375876,10.0,0
1788888031.199566433,11.2,0
1788888031.263834205,10.7,0
1788888031.327936639,11.7,0
1788888031.392978370,9.7,0
1788888031.456310910,10.4,0
1788888031.519960626,10.2,0
1788888031.583906455,10.6,0
1788888031.647919575,10.3,0
1788888031.711336341,10.3,0
1788888031.774933217,10.2,0
1788888031.838412798,9.4,0
1788888031.901022465,9.6,0
1788888031.963849247,10.6,0
1788888032.028103348,10.2,0
1788888032.091548217,10.4,0
1788888032.155786434,9.1,0
1788888032.217980629,9.9,0
1788888032.281634871,10.0,0
1788888032.345358487,9.6,0
1788888032.408633721,10.1,0
1788888032.472043838,9.0,0
1788888032.534278883,9.8,0
1788888032.597383542,9.1,0
1788888032.660031797,9.8,0
1788888032.723251598,9.2,0
1788888032.785809618,10.0,0
1788888032.849241787,9.3,0
1788888032.912327027,8.9,0
1788888032.974725678,9.4,0
1788888033.037367393,8.8,0
1788888033.099828918,9.7,0
1788888033.162920947,9.3,0
1788888033.225655552,8.8,0
1788888033.287842064,10.2,0
1788888033.351273383,12.9,0
1788888033.417734661,10.4,0
1788888033.481505508,9.1,0
1788888033.544213613,9.8,0
1788888033.607721305,9.5,0
1788888033.670819735,9.4,0
1788888033.734170402,9.9,0
1788888033.797409582,9.1,0
1788888033.860022424,10.0,0
1788888033.923597288,11.5,0
1788888033.988542975,9.8,0
1788888034.051597168,9.6,0
1788888034.114500615,9.3,0
1788888034.177518654,10.5,0
1788888034.241427458,10.2,0
1788888034.305023854,9.6,0
1788888034.368037195,9.5,0
1788888034.431496515,9.9,0
1788888034.495442144,12.3,0
1788888034.561996062,10.1,0
1788888034.625493839,9.6,0
1788888034.688375574,9.5,0
1788888034.751758230,10.6,0
1788888034.816485299,10.4,0
1788888034.880709415,11.6,0
1788888034.945669264,11.8,0
1788888035.010906358,9.3,0
1788888035.073337788,11.2,0
1788888035.138302084,9.9,0
1788888035.201485690,9.1,0
1788888035.263874166,9.3,0
1788888035.326493507,11.2,0
1788888035.391655128,9.5,0
1788888035.454792376,9.7,0
1788888035.518443163,9.4,0
1788888035.581214833,9.9,0
1788888035.644412491,11.0,0
1788888035.709017758,9.4,0
1788888035.771834335,10.0,0
1788888035.835337221,9.2,0
1788888035.897902311,9.1,0
1788888035.960690015,10.2,0
1788888036.024059951,9.2,0
1788888036.086605141,10.3,0
1788888036.150610320,9.6,0
1788888036.213632695,9.6,0
1788888036.277026817,9.7,0
1788888036.340122964,9.6,0
1788888036.403152870,9.9,0
1788888036.466374244,10.2,0
1788888036.530276077,10.5,0
1788888036.594038702,10.4,0
1788888036.657684432,9.9,0
1788888036.721131714,9.5,0
1788888036.783967640,9.6,0
1788888036.846688964,9.7,0
1788888036.910392901,10.0,0
1788888036.973724179,10.1,0
1788888037.037968566,9.7,0
1788888037.101122238,9.3,0
1788888037.164114128,9.3,0
1788888037.226863184,9.8,0
1788888037.290591276,9.7,0
1788888037.353569636,10.4,0
1788888037.417712571,9.4,0
1788888037.480491071,10.1,0
1788888037.544213766,9.7,0
1788888037.607568950,9.8,0
1788888037.671122782,8.9,0
1788888037.733406711,10.9,0
1788888037.798190605,9.1,0
1788888037.860540694,9.5,0
1788888037.923141167,10.1,0
1788888037.986552856,10.4,0
1788888038.050392907,9.3,0
1788888038.113189243,9.9,0
1788888038.176534142,9.3,0
1788888038.239150099,10.8,0
1788888038.303351090,9.6,0
1788888038.366782478,9.7,0
1788888038.430085274,9.4,0
1788888038.492695632,10.8,0
1788888038.556855552,9.0,0
1788888038.619387873,11.6,0
1788888038.684348994,9.4,0
1788888038.747174524,9.4,0
1788888038.809931302,9.7,0
1788888038.873006747,10.9,0
1788888038.937534608,9.2,0
1788888038.999950145,11.2,0
1788888039.064513218,9.6,0
1788888039.127596285,9.5,0
1788888039.190574124,9.1,0
1788888039.253044232,10.9,0
1788888039.317439464,9.7,0
1788888039.380750062,8.7,0
1788888039.442951868,9.6,0
1788888039.505880793,9.7,0
1788888039.568945592,8.7,0
1788888039.630730333,13.9,0
1788888039.697861466,9.1,0
1788888039.760238824,10.4,0
1788888039.823660738,10.2,0
1788888039.887470133,10.9,0
1788888039.952136102,9.3,0
1788888040.014916455,9.9,0
1788888040.078548543,9.2,0
1788888040.140663319,9.4,0
1788888040.202966427,11.3,0
1788888040.267896180,11.1,0
1788888040.333108768,9.8,0
1788888040.396406636,9.9,0
1788888040.459813408,10.6,0
1788888040.523687199,11.5,0
1788888040.588957433,10.1,0
1788888040.652348601,9.9,0
1788888040.715773219,11.0,0
1788888040.780245287,10.0,0
1788888040.844085047,10.2,0
1788888040.907817376,10.0,0
1788888040.971350858,11.3,0
1788888041.036126040,9.6,0
1788888041.098929898,9.6,0
1788888041.162096449,9.9,0
1788888041.225418895,10.7,0
1788888041.289476271,9.6,0
1788888041.352444145,9.8,0
1788888041.415678388,9.7,0
1788888041.479290948,10.0,0
1788888041.542790428,9.6,0
1788888041.605864451,9.2,0
1788888041.668457213,9.4,0
1788888041.731184536,9.5,0
1788888041.794117588,9.4,0
1788888041.856920655,9.7,0
1788888041.920034768,9.6,0
1788888041.983308630,10.2,0
1788888042.046914269,10.7,0
1788888042.111098576,10.3,0
1788888042.174665378,9.4,0
1788888042.237617217,10.2,0
1788888042.301090959,9.7,0
1788888042.364212433,10.8,0
1788888042.428488137,9.6,0
1788888042.491168340,9.5,0
1788888042.554311386,9.9,0
1788888042.617575374,9.8,0
1788888042.680595245,9.9,0
1788888042.743643019,9.7,0
1788888042.806871914,9.3,0
1788888042.869398697,9.4,0
1788888042.932097367,10.8,0
1788888042.996755834,10.4,0
1788888043.060422195,9.3,0
1788888043.123095698,9.9,0
1788888043.186375178,10.4,0
1788888043.250395339,9.7,0
1788888043.313651194,9.5,0
1788888043.376944316,10.0,0
1788888043.439992950,9.7,0
1788888043.503063879,9.7,0
1788888043.565999755,9.5,0
1788888043.628977383,13.0,0
1788888043.695738601,9.9,0
1788888043.759269278,9.7,0
1788888043.822963591,10.6,0
1788888043.887275388,9.3,0
1788888043.949864565,9.5,0
1788888044.012778408,10.1,0
1788888044.076353712,9.8,0
1788888044.139918921,9.5,0
1788888044.202616099,9.9,0
1788888044.265761919,9.4,0
1788888044.328744285,10.2,0
1788888044.392684877,9.3,0
1788888044.455202456,9.9,0
1788888044.518357530,11.1,0
1788888044.582714415,9.6,0
1788888044.645572595,10.2,0
1788888044.709307157,9.4,0
1788888044.772369493,15.7,0
1788888044.841622304,10.0,0
1788888044.905218350,10.1,0
1788888044.968966403,9.5,0
1788888045.031986815,9.5,0
1788888045.094857714,10.1,0
1788888045.158453909,10.2,0
1788888045.222342162,9.7,0
1788888045.285444267,10.0,0
1788888045.348748595,8.9,0
1788888045.411015979,9.4,0
1788888045.473857544,10.0,0
1788888045.537211677,9.8,0
1788888045.600757056,9.0,0
1788888045.663210599,8.9,0
1788888045.726031543,9.2,0
1788888045.788590915,9.1,0
1788888045.851063827,9.2,0
1788888045.913752282,9.3,0
1788888045.976811543,9.6,0
1788888046.039723313,10.3,0
1788888046.103373870,9.0,0
1788888046.166277798,10.3,0
1788888046.230007463,9.9,0
1788888046.293348756,10.0,0
1788888046.357391791,9.6,0
1788888046.420543851,10.6,0
1788888046.484809340,9.8,0
1788888046.548055190,10.4,0
1788888046.611677425,9.4,0
1788888046.674400752,9.9,0
1788888046.737380183,8.9,0
1788888046.799710482,11.8,0
1788888046.864807536,9.5,0
1788888046.927778524,10.2,0
1788888046.991440088,9.7,0
1788888047.054369725,9.6,0
1788888047.117315616,9.5,0
1788888047.180432653,11.5,0
1788888047.245803247,9.2,0
1788888047.308456610,10.8,0
1788888047.372904762,9.1,0
1788888047.435453838,11.6,0
1788888047.500910191,9.1,0
1788888047.563470985,9.7,0
1788888047.626508423,13.8,0
1788888047.694441567,10.3,0
1788888047.758672574,10.3,0
1788888047.822478884,9.6,0
1788888047.885412246,9.3,0
1788888047.947883736,9.5,0
1788888048.011094164,9.0,0
1788888048.073642659,9.9,0
1788888048.137369400,9.9,0
1788888048.200572837,13.8,0
1788888048.267794235,10.0,0
1788888048.331670069,11.6,0
1788888048.396741445,9.3,0
1788888048.459467927,12.3,0
1788888048.525271190,9.4,0
1788888048.588052224,10.1,0
1788888048.651820146,11.4,0
1788888048.716791753,10.6,0
1788888048.781129710,12.0,0
1788888048.846664410,10.4,0
1788888048.910821616,9.6,0
1788888048.973900887,9.2,0
1788888049.036935912,10.4,0
1788888049.101172557,9.6,0
1788888049.164406329,10.7,0
1788888049.228400280,9.9,0
1788888049.291648044,10.7,0
1788888049.356233161,10.4,0
1788888049.419962165,9.9,0
1788888049.483588616,10.1,0
1788888049.547389108,10.6,0
1788888049.611714486,14.1,0
1788888049.679766368,9.5,0
1788888049.742771318,9.4,0
1788888049.805583318,9.3,0
1788888049.868286305,9.5,0
1788888049.930919988,9.3,0
1788888049.993587892,9.2,0
1788888050.056645982,9.6,0
1788888050.119574867,9.1,0
1788888050.182038065,10.2,0
1788888050.245869963,8.7,0
1788888050.308271238,10.3,0
1788888050.371918180,9.8,0
1788888050.435682527,10.2,0
1788888050.499307175,11.1,0
1788888050.563695448,9.7,0
1788888050.626524754,10.0,0
1788888050.690596602,8.8,0
1788888050.752976896,10.6,0
1788888050.816946871,8.9,0
1788888050.879167656,10.4,0
1788888050.942942959,10.0,0
1788888051.006401589,10.1,0
1788888051.070040738,9.3,0
1788888051.132696054,11.5,0
1788888051.197540150,9.0,0
1788888051.259965410,10.1,0
1788888051.323504670,13.9,0
1788888051.391374700,10.4,0
1788888051.455071646,11.1,0
1788888051.519495322,9.4,0
1788888051.582062766,9.9,0
1788888051.645080975,9.4,0
1788888051.708041448,33.0,0
1788888051.794698940,9.3,0
1788888051.857277951,10.6,0
1788888051.921540014,9.0,0
1788888051.984555099,10.1,0
1788888052.048680928,9.3,0
1788888052.111730965,10.3,0
1788888052.175782793,14.6,0
1788888052.243942797,9.1,0
1788888052.306425484,9.9,0
1788888052.369971144,9.5,0
1788888052.433376453,9.5,0
1788888052.496736455,10.0,0
1788888052.560373371,10.0,0
1788888052.624264489,10.7,0
1788888052.688551549,10.1,0
1788888052.752425771,10.2,0
1788888052.815944150,9.8,0
1788888052.879115689,9.9,0
1788888052.942293488,10.9,0
1788888053.006339538,9.7,0
1788888053.069371698,11.2,0
1788888053.134130896,11.3,0
1788888053.199313168,10.3,0
1788888053.262479259,10.2,0
1788888053.325815635,9.9,0
1788888053.388697631,10.0,0
1788888053.452575318,9.9,0
1788888053.515931784,9.9,0
1788888053.579098556,9.6,0
1788888053.641836315,9.3,0
1788888053.704546233,9.7,0
1788888053.767555449,9.7,0
1788888053.830809081,9.0,0
1788888053.893297136,9.8,0
1788888053.956388445,9.1,0
1788888054.019014727,9.7,0
1788888054.081952696,9.4,0
1788888054.144661131,9.5,0
1788888054.207610608,9.4,0
1788888054.270271762,10.2,0
1788888054.333769911,10.6,0
1788888054.397805304,10.3,0
1788888054.461871514,13.2,0
1788888054.528687624,9.8,0
1788888054.592318522,9.4,0
1788888054.655235930,9.1,0
1788888054.717607020,9.5,0
1788888054.780358710,9.8,0
1788888054.843454686,9.7,0
1788888054.906703531,10.4,0
1788888054.970205545,10.4,0
1788888055.034155871,10.4,0
1788888055.097825096,9.8,0
1788888055.161198248,10.0,0
1788888055.225618688,9.5,0
1788888055.288483217,10.4,0
1788888055.352227665,9.8,0
1788888055.415572564,9.8,0
1788888055.478729381,9.7,0
1788888055.541778747,10.2,0
1788888055.605419880,11.7,0
1788888055.670690584,9.2,0
1788888055.733064819,9.6,0
1788888055.795969979,10.2,0
1788888055.859550581,9.3,0
1788888055.922127329,9.5,0
1788888055.984833391,9.7,0
1788888056.047973383,10.4,0
1788888056.111945010,10.0,0
1788888056.175264381,10.8,0
1788888056.239593886,9.2,0
1788888056.302613908,10.2,0
1788888056.366223764,10.2,0
1788888056.430128932,9.8,0
1788888056.493078869,9.8,0
1788888056.556372942,9.9,0
1788888056.619632233,9.6,0
1788888056.682488009,9.2,0
1788888056.744989674,10.0,0
1788888056.808609395,10.9,0
1788888056.872900402,10.1,0
1788888056.936389166,9.2,0
1788888056.998912494,9.5,0
1788888057.061716232,14.1,0
1788888057.129172792,10.9,0
1788888057.193551230,9.6,0
1788888057.256607747,10.0,0
1788888057.319768981,9.3,0
1788888057.382272368,11.0,0
1788888057.446610115,9.1,0
1788888057.509260764,10.5,0
1788888057.573145762,9.8,0
1788888057.636203551,10.7,0
1788888057.700539856,10.2,0
1788888057.764377433,10.9,0
1788888057.828793597,9.3,0
1788888057.891348872,9.6,0
1788888057.954333131,9.1,0
1788888058.016847446,9.9,0
1788888058.080374438,9.7,0
1788888058.143755030,10.3,0
1788888058.207471485,8.8,0
1788888058.269955735,10.4,0
1788888058.333638861,9.1,0
1788888058.396170722,10.7,0
1788888058.460692043,10.5,0
1788888058.524333677,9.4,0
1788888058.587340209,9.2,0
1788888058.649899120,9.9,0
1788888058.713717148,9.2,0
1788888058.776164993,10.9,0
1788888058.840937912,9.2,0
1788888058.903355010,10.1,0
1788888058.967148822,9.7,0
1788888059.030482404,10.2,0
1788888059.094261523,9.1,0
1788888059.156858612,10.8,0
1788888059.221235097,10.7,0
1788888059.285495307,10.6,0
1788888059.349514807,9.9,0
1788888059.412678424,9.7,0
1788888059.475672758,10.4,0
1788888059.539275443,10.2,0
1788888059.602766431,10.1,0
1788888059.666137910,9.0,0
1788888059.728905544,10.0,0
1788888059.792197293,10.8,0
1788888059.856395060,9.6,0
1788888059.919582443,10.8,0
1788888059.983886299,10.4,0
1788888060.047613902,10.1,0
1788888060.111400763,9.5,0
1788888060.174286364,9.7,0
1788888060.237743361,10.0,0
1788888060.301005285,9.9,0
1788888060.364098517,10.9,0
1788888060.428251156,10.4,0
1788888060.492375273,9.5,0
1788888060.555285531,9.7,0
1788888060.618328347,9.3,0
1788888060.680989512,10.2,0
1788888060.744459869,9.7,0
1788888060.807458399,9.8,0
1788888060.871543357,9.5,0
1788888060.934242738,9.6,0
1788888060.997096601,9.6,0
1788888061.059973069,8.9,0
1788888061.122256667,10.2,0
1788888061.185656739,9.4,0
1788888061.248278755,10.3,0
1788888061.312044344,9.8,0
1788888061.375113690,9.1,0
1788888061.437429027,9.6,0
1788888061.500304262,9.4,0
1788888061.563120148,9.3,0
1788888061.625713611,9.2,0
1788888061.688415717,9.6,0
1788888061.751187097,9.9,0
1788888061.814790603,9.9,0
1788888061.878470865,11.0,0
1788888061.942987029,10.7,0
1788888062.006948782,9.7,0
1788888062.070051238,10.6,0
1788888062.134605298,9.3,0
1788888062.197554244,9.5,0
1788888062.260289650,10.0,0
1788888062.323410784,10.4,0
1788888062.387154801,10.0,0
1788888062.450474722,9.7,0
1788888062.513651289,9.5,0
1788888062.576478302,9.6,0
1788888062.639340398,9.2,0
1788888062.701987481,10.2,0
1788888062.765531899,9.0,0
1788888062.827740325,8.8,0
1788888062.889881470,9.4,0
1788888062.952839790,9.1,0
1788888063.015168176,9.3,0
1788888063.077975860,9.5,0
1788888063.140936093,8.8,0
1788888063.203026221,9.6,0
1788888063.266303930,9.5,0
1788888063.329057182,8.9,0
1788888063.391058218,8.7,0
1788888063.452894576,9.2,0
1788888063.515199617,9.7,0
1788888063.578448141,8.9,0
1788888063.640564900,8.8,0
1788888063.702519656,11.1,0
1788888063.766939065,9.9,0
1788888063.830327630,10.4,0
1788888063.894613439,13.3,0
1788888063.961463320,9.2,0
1788888064.024004725,9.6,0
1788888064.087050095,10.8,0
1788888064.151734771,10.1,0
1788888064.215075634,9.3,0
1788888064.277719153,9.1,0
1788888064.340051585,9.5,0
1788888064.403708060,8.9,0
1788888064.465691670,11.1,0
1788888064.530084098,9.2,0
1788888064.592599404,10.0,0
1788888064.655745065,9.1,0
1788888064.718057326,9.8,0
1788888064.781178420,9.3,0
1788888064.843682980,9.4,0
1788888064.906255291,9.4,0
1788888064.969089405,10.1,0
1788888065.032337199,36.6,0
1788888065.122494134,10.5,0
1788888065.186836568,9.6,0
1788888065.249819484,10.3,0
1788888065.313415189,11.7,0
1788888065.378349340,10.5,0
1788888065.442226977,10.2,0
1788888065.506173548,10.3,0
1788888065.569981651,10.0,0
1788888065.633465518,9.3,0
1788888065.696184159,9.3,0
1788888065.759027366,9.0,0
1788888065.821384735,9.2,0
1788888065.884161813,9.5,0
1788888065.947236898,9.6,0
1788888066.010250851,9.0,0
1788888066.072573919,8.8,0
1788888066.134747844,9.2,0
1788888066.197811531,9.9,0
1788888066.261037933,9.9,0
1788888066.324254640,9.5,0
1788888066.387092289,9.6,0
1788888066.450241444,8.9,0
1788888066.513204632,9.6,0
1788888066.576261379,9.4,0
1788888066.639341411,10.5,0
1788888066.703261983,9.2,0
1788888066.766253182,16.8,0
1788888066.836542607,11.1,0
1788888066.900904149,9.6,0
1788888066.964187616,11.4,0
1788888067.028938732,10.6,0
1788888067.092998102,9.3,0
1788888067.155966176,9.7,0
1788888067.219140430,10.9,0
1788888067.283512909,9.6,0
1788888067.346624538,10.7,0
1788888067.410639882,9.4,0
1788888067.473406314,10.9,0
1788888067.537572294,9.7,0
1788888067.600689201,11.7,0
1788888067.665835479,9.2,0
1788888067.728632487,10.1,0
1788888067.793130454,9.0,0
1788888067.855643427,10.0,0
1788888067.918907955,10.1,0
1788888067.982419354,9.4,0
1788888068.045363523,9.5,0
1788888068.108453209,9.2,0
1788888068.171229356,9.7,0
1788888068.234644671,9.6,0
1788888068.297835970,9.4,0
1788888068.360717885,9.9,0
1788888068.424243595,8.9,0
1788888068.486404590,14.0,0
1788888068.553911566,9.4,0
1788888068.616610557,9.9,0
1788888068.679713183,9.7,0
1788888068.742746665,8.8,0
1788888068.804861461,8.6,0
1788888068.866624370,9.0,0
1788888068.928904574,8.7,0
1788888068.990962173,9.2,0
1788888069.053464670,9.2,0
1788888069.115887347,9.9,0
1788888069.178995201,9.6,0
1788888069.241977257,9.6,0
1788888069.304750679,9.9,0
1788888069.367884512,9.4,0
1788888069.430574640,9.1,0
1788888069.493036997,9.4,0
1788888069.556026574,9.2,0
1788888069.618393868,9.3,0
1788888069.681037666,9.1,0
1788888069.743469237,12.5,0
1788888069.809447772,9.7,0
1788888069.872533573,10.3,0
1788888069.936141356,9.3,0
1788888069.998824554,9.3,0
1788888070.061918487,9.1,0
1788888070.124439952,9.1,0
1788888070.187092494,9.4,0
1788888070.249657935,9.7,0
1788888070.312955543,9.4,0
1788888070.376028184,9.0,0
1788888070.438411072,9.2,0
1788888070.500775922,9.7,0
1788888070.564821561,9.4,0
1788888070.627494373,10.3,0
1788888070.691230208,9.3,0
1788888070.753867777,10.9,0
1788888070.818034328,9.7,0
1788888070.881225476,10.1,0
1788888070.944686059,9.7,0
1788888071.007557619,9.5,0
1788888071.070193075,10.1,0
1788888071.133486256,8.9,0
1788888071.195912018,9.8,0
1788888071.259012251,9.6,0
1788888071.322056830,11.2,0
1788888071.386687676,8.9,0
1788888071.449071685,10.3,0
1788888071.512828992,10.5,0
1788888071.576502834,10.1,0
1788888071.639976155,9.6,0
1788888071.702743309,10.0,0
1788888071.766019265,9.3,0
1788888071.828873579,9.6,0
1788888071.891701754,12.4,0
1788888071.957482032,9.9,0
1788888072.020770346,9.7,0
1788888072.083764710,10.0,0
1788888072.146963881,9.8,0
1788888072.210419066,9.8,0
1788888072.273557976,9.8,0
1788888072.336465920,10.7,0
1788888072.400554213,9.5,0
1788888072.463899012,9.6,0
1788888072.526769370,9.8,0
1788888072.589946478,9.8,0
1788888072.653091368,10.5,0
1788888072.717573681,9.6,0
1788888072.780463067,9.6,0
1788888072.843289269,9.1,0
1788888072.905933148,10.5,0
1788888072.969498147,10.6,0
1788888073.033492309,13.4,0
1788888073.100255009,9.2,0
1788888073.162592969,9.5,0
1788888073.225982786,9.8,0
1788888073.289203219,9.7,0
1788888073.352071724,9.3,0
1788888073.414844907,10.4,0
1788888073.478982473,10.4,0
1788888073.542631067,9.7,0
1788888073.605487675,9.3,0
1788888073.668447297,9.6,0
1788888073.731482151,9.8,0
1788888073.794807621,10.6,0
1788888073.858857487,9.5,0
1788888073.921762236,10.5,0
1788888073.985906393,9.3,0
1788888074.048983561,9.9,0
1788888074.112663773,9.7,0
1788888074.175688793,9.7,0
1788888074.238738079,10.7,0
1788888074.302745000,10.4,0
1788888074.366789988,10.2,0
1788888074.430655347,10.5,0
1788888074.494521397,9.4,0
1788888074.557420168,9.3,0
1788888074.620182654,9.8,0
1788888074.683474274,10.7,0
1788888074.747677969,9.7,0
1788888074.810942298,10.4,0
1788888074.874619915,10.5,0
1788888074.938505475,10.2,0
1788888075.002277334,9.4,0
1788888075.065449744,10.4,0
1788888075.129162525,10.0,0
1788888075.192496588,9.7,0
1788888075.255512033,10.5,0
1788888075.319724693,14.6,0
1788888075.387995323,9.5,0
1788888075.450748315,9.7,0
1788888075.513726024,10.5,0
1788888075.577431974,9.6,0
1788888075.640383033,9.0,0
1788888075.702633883,9.3,0
1788888075.765329850,10.1,0
1788888075.828892295,9.9,0
1788888075.891986027,11.4,0
1788888075.956627489,10.9,0
1788888076.020869833,10.2,0
1788888076.084267401,9.9,0
1788888076.147687243,9.6,0
1788888076.210841967,9.3,0
1788888076.273497513,9.7,0
1788888076.336545728,9.0,0
1788888076.398734905,9.3,0
1788888076.461690271,12.2,0
1788888076.527049668,9.6,0
1788888076.589875970,9.2,0
1788888076.652340090,9.8,0
1788888076.715366842,9.8,0
1788888076.778373124,33.5,0
1788888076.865053931,9.8,0
1788888076.928223988,9.7,0
1788888076.991714956,10.5,0
1788888077.055787686,9.8,0
1788888077.119153857,9.3,0
1788888077.181733950,9.7,0
1788888077.245041724,9.7,0
1788888077.307889348,9.6,0
1788888077.370707838,9.3,0
1788888077.433390475,9.5,0
1788888077.496124338,9.4,0
1788888077.559532272,9.9,0
1788888077.622990621,9.2,0
1788888077.686068500,11.3,0
1788888077.751073677,9.4,0
1788888077.813793700,10.3,0
1788888077.877599099,17.2,0
1788888077.948063507,10.1,0
1788888078.011767103,9.7,0
1788888078.074888968,10.7,0
1788888078.138959916,10.0,0
1788888078.202162702,9.6,0
1788888078.265106960,10.0,0
1788888078.328580342,11.5,0
1788888078.393396045,10.4,0
1788888078.457391770,11.3,0
1788888078.522435484,9.7,0
1788888078.585703969,11.0,0
1788888078.649871521,10.2,0
1788888078.713223611,9.9,0
1788888078.776304124,9.6,0
1788888078.839599579,10.7,0
1788888078.903561042,10.3,0
1788888078.967003137,10.6,0
1788888079.031505631,9.1,0
1788888079.094011162,9.2,0
1788888079.156504275,10.9,0
1788888079.221386047,10.5,0
1788888079.285589172,14.3,0
1788888079.353060885,9.7,0
1788888079.416410902,10.0,0
1788888079.480143152,9.6,0
1788888079.543573279,9.8,0
1788888079.607249144,9.7,0
1788888079.669992121,9.7,0
1788888079.733653615,9.9,0
1788888079.797192344,9.8,0
1788888079.860209632,10.9,0
1788888079.924569963,10.2,0
1788888079.988535973,10.0,0
1788888080.051980732,9.8,0
1788888080.115579061,9.9,0
1788888080.179108226,9.5,0
1788888080.242210091,10.9,0
1788888080.306549581,10.3,0
1788888080.370266778,9.4,0
1788888080.433304697,10.9,0
1788888080.497843926,10.5,0
1788888080.561734803,9.1,0
1788888080.624124161,9.6,0
1788888080.686964554,9.6,0
1788888080.749687491,10.6,0
1788888080.813554282,9.6,0
1788888080.876687494,9.8,0
1788888080.939825323,10.4,0
1788888081.003314008,9.3,0
1788888081.066020871,9.1,0
1788888081.128248035,9.0,0
1788888081.190542490,9.3,0
1788888081.253417576,9.2,0
1788888081.315775796,9.3,0
1788888081.378325394,9.3,0
1788888081.440639999,9.4,0
1788888081.503195015,9.7,0
1788888081.566289859,11.9,0
1788888081.631544600,8.8,0
1788888081.693497814,9.3,0
1788888081.756083726,9.4,0
1788888081.818735617,34.0,0
1788888081.906092046,9.3,0
1788888081.968791808,9.9,0
1788888082.031846794,10.1,0
1788888082.095835968,9.5,0
1788888082.158674528,11.6,0
1788888082.223514167,9.8,0
1788888082.286562112,9.3,0
1788888082.349702615,9.1,0
1788888082.412012173,9.1,0
1788888082.474644083,9.3,0
1788888082.537277526,9.9,0
1788888082.600697759,9.5,0
1788888082.663482508,9.4,0
1788888082.726277744,14.5,0
1788888082.794047874,9.4,0
1788888082.856908007,9.6,0
1788888082.920080308,10.0,0
1788888082.983642552,9.4,0
1788888083.046294183,9.8,0
1788888083.109331221,10.3,0
1788888083.173498222,10.2,0
1788888083.237383531,9.9,0
1788888083.300653007,15.2,0
1788888083.369341434,10.2,0
1788888083.433041465,10.9,0
1788888083.497087655,9.8,0
1788888083.560099054,9.9,0
1788888083.623557914,9.4,0
1788888083.686436585,10.1,0
1788888083.749795956,10.4,0
1788888083.813755256,10.4,0
1788888083.877401066,13.5,0
1788888083.944561402,10.2,0
1788888084.007968014,10.3,0
1788888084.071940043,10.3,0
1788888084.135840585,9.3,0
1788888084.199117502,10.2,0
1788888084.262569492,10.1,0
1788888084.325883535,10.2,0
1788888084.389449365,10.8,0
1788888084.453380753,10.5,0
1788888084.516967595,9.6,0
1788888084.579920757,10.2,0
1788888084.643046128,10.1,0
1788888084.707486338,10.8,0
1788888084.771686519,11.2,0
1788888084.836101541,10.5,0
1788888084.900404196,10.3,0
1788888084.964064307,10.0,0
1788888085.027682546,10.2,0
1788888085.091096489,10.9,0
1788888085.155438723,9.8,0
1788888085.218732004,11.6,0
1788888085.283636621,9.9,0
1788888085.346702282,10.0,0
1788888085.410045248,10.7,0
1788888085.474204558,9.3,0
1788888085.536891581,9.6,0
1788888085.599859646,10.5,0
1788888085.664370572,9.6,0
1788888085.727513238,10.2,0
1788888085.791195674,9.9,0
1788888085.854783627,14.6,0
1788888085.923218573,10.3,0
1788888085.986952245,9.2,0
1788888086.049635263,9.1,0
1788888086.112264340,9.3,0
1788888086.174887427,10.1,0
1788888086.238419316,9.4,0
1788888086.301164918,9.2,0
1788888086.363763539,9.2,0
1788888086.426301509,13.9,0
1788888086.493434514,9.0,0
1788888086.555792605,9.0,0
1788888086.618005097,9.3,0
1788888086.680453784,9.0,0
1788888086.742480698,8.6,0
1788888086.804269946,9.6,0
1788888086.867154726,8.9,0
1788888086.929291074,9.3,0
1788888086.991793561,14.1,0
1788888087.059438644,9.3,0
1788888087.121907971,9.6,0
1788888087.184641975,9.9,0
1788888087.247748327,9.8,0
1788888087.310716151,10.4,0
1788888087.374580269,9.4,0
1788888087.437302094,9.8,0
1788888087.500286413,9.5,0
1788888087.563156812,10.1,0
1788888087.626573288,9.7,0
1788888087.689759540,10.2,0
1788888087.753063818,9.8,0
1788888087.816669828,10.0,0
1788888087.880169479,9.6,0
1788888087.943169011,9.4,0
1788888088.006000471,9.9,0
1788888088.069256968,9.5,0
1788888088.132301577,11.9,0
1788888088.197731521,8.7,0
1788888088.259866127,9.9,0
1788888088.323097375,11.0,0
1788888088.387591557,9.1,0
1788888088.449869838,9.6,0
1788888088.512692455,9.3,0
1788888088.575459158,9.6,0
1788888088.638416035,9.0,0
1788888088.701100135,13.3,0
1788888088.767911949,9.7,0
1788888088.831592000,9.2,0
1788888088.894270942,9.4,0
1788888088.956741000,10.7,0
1788888089.020911997,9.8,0
1788888089.084378088,9.9,0
1788888089.147665491,9.4,0
1788888089.210762849,9.5,0
1788888089.273599497,10.2,0
1788888089.337092568,9.1,0
1788888089.400192861,10.1,0
1788888089.463928456,9.1,0
1788888089.526407347,10.5,0
1788888089.590624684,9.8,0
1788888089.653902002,9.8,0
1788888089.717169586,10.1,0
1788888089.780480434,10.4,0
1788888089.844598401,9.8,0
1788888089.907679646,11.8,0
1788888089.972797131,10.0,0
1788888090.036132216,10.8,0
1788888090.100465146,9.4,0
1788888090.163435313,10.6,0
1788888090.227310798,10.1,0
1788888090.290553113,10.8,0
1788888090.354876238,10.1,0
1788888090.418389830,15.2,0
1788888090.487066119,9.6,0
1788888090.549796126,10.1,0
1788888090.613419623,9.6,0
1788888090.676496671,9.5,0
1788888090.739586398,9.1,0
1788888090.802127072,9.6,0
1788888090.865503769,9.6,0
1788888090.928361468,9.5,0
1788888090.991294310,12.3,0
1788888091.057120177,10.7,0
1788888091.121292176,9.6,0
1788888091.184094953,10.5,0
1788888091.247807774,9.8,0
1788888091.311301105,9.5,0
1788888091.374705954,9.6,0
1788888091.437643924,10.5,0
1788888091.501805367,10.8,0
1788888091.565962894,10.9,0
1788888091.630315773,10.0,0
1788888091.693847883,11.4,0
1788888091.758762495,10.5,0
1788888091.823174253,11.2,0
1788888091.887677468,10.6,0
1788888091.951891329,10.3,0
1788888092.015597430,9.8,0
1788888092.078767076,9.8,0
1788888092.142216663,15.8,0
1788888092.211431698,9.7,0
1788888092.274982346,9.7,0
1788888092.338335908,9.9,0
1788888092.402329028,11.0,0
1788888092.466701898,10.8,0
1788888092.530846476,9.8,0
1788888092.594284775,10.4,0
1788888092.658170264,10.5,0
1788888092.722326820,11.3,0
1788888092.787098257,10.2,0
1788888092.850653621,9.4,0
1788888092.913838411,9.8,0
1788888092.977444161,9.2,0
1788888093.039987189,9.3,0
1788888093.102547713,9.9,0
1788888093.165819373,9.8,0
1788888093.228882800,10.5,0
1788888093.292803552,10.0,0
1788888093.356239598,10.7,0
1788888093.420545467,9.3,0
1788888093.483351970,9.8,0
1788888093.546385913,8.9,0
1788888093.608419568,10.3,0
1788888093.672166289,9.7,0
1788888093.735123398,10.3,0
1788888093.798761816,9.0,0
1788888093.860978485,10.6,0
1788888093.924867860,9.8,0
1788888093.987969585,9.6,0
1788888094.051026984,9.1,0
1788888094.113653156,9.3,0
1788888094.176351036,9.4,0
1788888094.239395736,9.3,0
1788888094.301945994,8.8,0
1788888094.364166268,10.4,0
1788888094.427862083,14.0,0
1788888094.495552665,10.1,0
1788888094.559066717,10.3,0
1788888094.622616934,9.5,0
1788888094.685369756,9.0,0
1788888094.747987176,10.2,0
1788888094.811590112,9.1,0
1788888094.874215253,9.5,0
1788888094.937132151,9.3,0
1788888094.999595789,12.4,0
1788888095.065427114,9.3,0
1788888095.128274819,10.0,0
1788888095.191638316,10.0,0
1788888095.254741103,9.8,0
1788888095.317984730,8.8,0
1788888095.380080117,9.7,0
1788888095.443097295,9.0,0
1788888095.505346343,9.0,0
1788888095.567630092,13.1,0
1788888095.634149919,9.5,0
1788888095.697168529,9.2,0
1788888095.759650065,9.3,0
1788888095.822238180,8.8,0
1788888095.884321008,9.9,0
1788888095.948206728,9.4,0
1788888096.010956336,9.1,0
1788888096.073615667,9.4,0
1788888096.136319877,8.8,0
1788888096.198352960,8.9,0
1788888096.260446364,9.1,0
1788888096.322941100,9.6,0
1788888096.385991648,8.8,0
1788888096.448135027,9.9,0
1788888096.511313437,9.3,0
1788888096.573842424,9.5,0
1788888096.636850528,9.7,0
1788888096.699881027,10.0,0
1788888096.763254269,10.2,0
1788888096.826758887,9.9,0
1788888096.890192840,9.6,0
1788888096.953130469,9.8,0
1788888097.016284312,9.4,0
1788888097.079666648,9.3,0
1788888097.142272309,9.7,0
1788888097.205283849,9.6,0
1788888097.268422690,9.5,0
1788888097.330989203,9.6,0
1788888097.393953963,9.7,0
1788888097.456907165,9.7,0
1788888097.519796682,9.6,0
1788888097.582839769,9.1,0
1788888097.645328565,9.8,0
1788888097.708556379,9.2,0
1788888097.771407689,9.2,0
1788888097.834115814,9.7,0
1788888097.896928206,10.2,0
1788888097.960366345,9.2,0
1788888098.022842192,9.6,0
1788888098.085760091,8.9,0
1788888098.147867576,10.5,0
1788888098.212145824,9.2,0
1788888098.274864005,10.5,0
1788888098.338660231,9.1,0
1788888098.401121756,10.1,0
1788888098.464564883,9.9,0
1788888098.527929081,9.9,0
1788888098.591144757,9.7,0
1788888098.654490938,9.8,0
1788888098.717344872,9.8,0
1788888098.780692235,10.0,0
1788888098.844049974,9.3,0
1788888098.906705520,9.2,0
1788888098.969194867,9.6,0
1788888099.032301049,9.6,0
1788888099.095972327,10.1,0
1788888099.159690566,10.2,0
1788888099.223693492,9.8,0
1788888099.287227404,9.8,0
1788888099.350725843,9.7,0
1788888099.414008570,9.7,0
1788888099.477272388,9.7,0
1788888099.540390757,11.4,0
1788888099.605222124,9.0,0
1788888099.667412644,9.3,0
1788888099.730066237,9.5,0
1788888099.792747743,8.7,0
1788888099.854758813,9.6,0
1788888099.917677434,9.3,0
1788888099.980224838,9.3,0
1788888100.042943129,9.3,0
1788888100.105886917,13.0,0
1788888100.172195758,9.4,0
1788888100.234989452,9.9,0
1788888100.298185387,9.3,0
1788888100.360961445,9.3,0
1788888100.423808989,10.3,0
1788888100.487357022,9.4,0
1788888100.549941573,9.6,0
1788888100.612812382,9.3,0
1788888100.675478083,9.1,0
1788888100.737911277,9.3,0
1788888100.800621264,9.5,0
1788888100.863395168,9.2,0
1788888100.926009342,9.4,0
1788888100.988629326,9.8,0
1788888101.051918612,9.8,0
1788888101.114895680,10.4,0
1788888101.178609582,10.1,0
1788888101.242009104,10.0,0
1788888101.305200042,9.4,0
1788888101.368192263,10.1,0
1788888101.432194397,10.0,0
1788888101.495807258,9.8,0
1788888101.558901402,12.7,0
1788888101.625146587,9.3,0
1788888101.687708434,9.4,0
1788888101.750740714,10.3,0
1788888101.814330030,9.9,0
1788888101.877603152,10.1,0
1788888101.940905077,9.4,0
1788888102.003404910,10.0,0
1788888102.066842588,10.1,0
1788888102.130368850,9.5,0
1788888102.193151897,8.9,0
1788888102.255385441,9.3,0
1788888102.318543040,9.1,0
1788888102.380962843,9.6,0
1788888102.444031078,9.8,0
1788888102.507247585,10.2,0
1788888102.570554878,9.4,0
1788888102.633316393,10.3,0
1788888102.696835203,16.7,0
1788888102.767280262,9.4,0
1788888102.830108187,9.0,0
1788888102.892995731,12.0,0
1788888102.959207356,10.6,0
1788888103.023349640,9.8,0
1788888103.086450083,9.2,0
1788888103.148815795,9.8,0
1788888103.212443809,9.8,0
1788888103.276053375,9.4,0
1788888103.338976002,9.2,0
1788888103.401532470,8.9,0
1788888103.463631883,9.5,0
1788888103.526562481,10.4,0
1788888103.590453509,10.0,0
1788888103.653833652,10.5,0
1788888103.717464950,10.1,0
1788888103.780866434,9.5,0
1788888103.843725826,9.8,0
1788888103.906828853,9.4,0
1788888103.969867604,9.4,0
1788888104.032749379,9.3,0
1788888104.095454200,10.2,0
1788888104.159097566,10.1,0
1788888104.222847292,9.8,0
1788888104.286042587,11.1,0
1788888104.350820153,9.3,0
1788888104.413534318,9.8,0
1788888104.476619268,9.0,0
1788888104.539018260,10.0,0
1788888104.602636979,10.0,0
1788888104.666345754,11.2,0
1788888104.730603501,9.2,0
1788888104.793276584,9.1,0
1788888104.855790308,9.8,0
1788888104.918838743,9.8,0
1788888104.982417984,9.7,0
1788888105.045476404,9.6,0
1788888105.108493943,9.3,0
1788888105.171140907,8.9,0
1788888105.233702272,10.4,0
1788888105.297638948,9.2,0
1788888105.360235466,10.0,0
1788888105.423511292,9.7,0
1788888105.486620899,10.1,0
1788888105.549940411,9.7,0
1788888105.613349406,9.9,0
1788888105.676595327,9.9,0
1788888105.739727047,9.4,0
1788888105.802283595,10.2,0
1788888105.865763817,9.0,0
1788888105.928237992,9.4,0
1788888105.991102942,9.4,0
1788888106.053697307,9.5,0
1788888106.116540505,9.5,0
1788888106.179433106,10.0,0
1788888106.242480520,9.7,0
1788888106.305796757,10.1,0
1788888106.368876709,10.1,0
1788888106.432447748,10.3,0
1788888106.496108581,9.8,0
1788888106.559178478,9.9,0
1788888106.622424539,9.1,0
1788888106.684931383,9.2,0
1788888106.747633769,10.7,0
1788888106.811960460,10.4,0
1788888106.875647242,9.5,0
1788888106.938634145,9.9,0
1788888107.001638123,9.5,0
1788888107.064498407,9.5,0
1788888107.127184028,32.7,0
1788888107.213081592,9.1,0
1788888107.275640644,9.7,0
1788888107.338768969,9.6,0
1788888107.401607770,9.8,0
1788888107.465103866,10.2,0
1788888107.528811228,8.9,0
1788888107.591072845,9.7,0
1788888107.653755391,10.3,0
1788888107.717483184,10.9,0
1788888107.781638999,9.5,0
1788888107.844490449,9.8,0
1788888107.908233175,9.8,0
1788888107.971426677,9.6,0
1788888108.034238558,9.2,0
1788888108.096775597,9.3,0
1788888108.159301389,9.3,0
1788888108.222121582,10.0,0
1788888108.285503497,9.6,0
1788888108.348454196,9.8,0
1788888108.411583082,9.2,0
1788888108.474304817,10.1,0
1788888108.537771379,9.0,0
1788888108.600164002,9.9,0
1788888108.663208431,9.6,0
1788888108.726438899,10.9,0
1788888108.790557568,9.8,0
1788888108.853564281,9.6,0
1788888108.916291184,10.3,0
1788888108.980362502,10.2,0
1788888109.044085078,9.7,0
1788888109.106867244,11.6,0
1788888109.171916247,9.4,0
1788888109.234766135,9.6,0
1788888109.297744845,9.1,0
1788888109.360086712,9.8,0
1788888109.423278231,9.7,0
1788888109.486383472,9.8,0
1788888109.549316664,9.0,0
1788888109.612153242,9.2,0
1788888109.674640096,9.0,0
1788888109.736941151,10.1,0
1788888109.800622795,9.3,0
1788888109.863210891,9.0,0
1788888109.925786507,9.2,0
1788888109.988362895,9.6,0
1788888110.051504440,9.6,0
1788888110.114399936,14.9,0
1788888110.182671578,9.5,0
1788888110.245554045,9.6,0
1788888110.308335420,9.4,0
1788888110.371699298,9.6,0
1788888110.434611839,9.6,0
1788888110.497714385,9.2,0
1788888110.560097544,9.3,0
1788888110.622811338,11.5,0
1788888110.687642635,10.0,0
1788888110.751329837,10.1,0
1788888110.814784261,9.5,0
1788888110.877571655,9.7,0
1788888110.940557106,9.6,0
1788888111.003673012,9.9,0
1788888111.066791812,9.8,0
1788888111.129977273,9.8,0
1788888111.193196855,9.5,0
1788888111.256097789,10.7,0
1788888111.320042908,9.3,0
1788888111.382656432,9.6,0
1788888111.445733860,9.5,0
1788888111.508773432,9.2,0
1788888111.571350741,9.8,0
1788888111.634244885,10.5,0
1788888111.698362463,10.2,0
1788888111.761971588,9.3,0
1788888111.824599674,9.9,0
1788888111.888080567,10.2,0
1788888111.951652487,9.2,0
1788888112.014225099,9.9,0
1788888112.077293064,9.0,0
1788888112.139630453,9.9,0
1788888112.202770796,9.4,0
1788888112.265414946,9.7,0
1788888112.328543611,9.6,0
1788888112.391552858,13.6,0
1788888112.458885823,10.1,0
1788888112.522577612,10.0,0
1788888112.586013759,10.0,0
1788888112.649265439,10.0,0
1788888112.712733212,9.6,0
1788888112.776025863,9.6,0
1788888112.839274038,10.5,0
1788888112.903521630,9.6,0
1788888112.966584557,9.6,0
1788888113.029827103,9.2,0
1788888113.092600135,9.5,0
1788888113.155792016,9.5,0
1788888113.218646370,9.2,0
1788888113.281229609,10.3,0
1788888113.345222739,10.5,0
1788888113.409071884,10.3,0
1788888113.472649192,9.7,0
1788888113.535679570,13.7,0
1788888113.602579197,9.5,0
1788888113.665348484,10.4,0
1788888113.729297689,10.0,0
1788888113.792662598,9.8,0
1788888113.855860578,10.2,0
1788888113.919631265,9.5,0
1788888113.982654032,11.5,0
1788888114.047391939,9.4,0
1788888114.110293484,11.2,0
1788888114.174826253,10.2,0
1788888114.238602850,11.6,0
1788888114.303735568,9.9,0
1788888114.366951505,11.2,0
1788888114.431993427,9.6,0
1788888114.494758558,10.4,0
1788888114.558797607,9.6,0
1788888114.621800715,10.2,0
1788888114.685645614,9.2,0
1788888114.748371355,10.9,0
1788888114.812534060,9.6,0
1788888114.875858810,9.7,0
1788888114.939452732,9.9,0
1788888115.002761878,10.3,0
1788888115.066590543,9.0,0
1788888115.128919420,11.1,0
1788888115.193547542,9.7,0
1788888115.256691671,10.2,0
1788888115.320158132,10.0,0
1788888115.383793617,11.6,0
1788888115.448968900,10.4,0
1788888115.512791806,16.6,0
1788888115.582801632,9.0,0
1788888115.644990189,11.0,0
1788888115.709343710,8.7,0
1788888115.771723413,10.8,0
1788888115.836278215,10.6,0
1788888115.901957082,10.8,0
1788888115.966776832,10.5,0
1788888116.030442212,10.9,0
1788888116.095306207,9.4,0
1788888116.158458919,10.3,0
1788888116.222429697,9.6,0
1788888116.285427136,9.7,0
1788888116.348362491,9.5,0
1788888116.411064097,9.2,0
1788888116.474095026,10.0,0
1788888116.537530621,10.4,0
1788888116.601821518,10.6,0
1788888116.665771895,10.4,0
1788888116.729817455,9.3,0
1788888116.792437318,9.7,0
1788888116.855628447,10.1,0
1788888116.919268048,10.5,0
1788888116.983053327,8.7,0
1788888117.045195975,10.4,0
1788888117.109298791,9.3,0
1788888117.171942029,10.0,0
1788888117.235278756,10.0,0
1788888117.298562804,9.8,0
1788888117.361593633,9.6,0
1788888117.424373456,10.0,0
1788888117.487607880,9.3,0
1788888117.550247964,10.7,0
1788888117.614586101,9.8,0
1788888117.677751963,10.1,0
1788888117.741035901,9.7,0
1788888117.804063285,11.9,0
1788888117.869396574,9.4,0
1788888117.932046182,9.2,0
1788888117.994391053,9.1,0
1788888118.056549024,9.9,0
1788888118.119586593,9.1,0
1788888118.182111674,10.1,0
1788888118.245551696,9.1,0
1788888118.307883477,9.0,0
1788888118.370791812,9.7,0
1788888118.433830012,10.2,0
1788888118.497182283,9.1,0
1788888118.559660033,8.9,0
1788888118.621726217,9.0,0
1788888118.684003286,10.2,0
1788888118.748064239,9.1,0
1788888118.810389460,10.1,0
1788888118.873715702,9.1,0
1788888118.936144078,9.6,0
1788888118.999030321,9.5,0
1788888119.061881841,10.3,0
1788888119.125774291,9.2,0
1788888119.188519822,10.7,0
1788888119.252714245,9.3,0
1788888119.315460948,9.8,0
1788888119.378625237,9.0,0
1788888119.441028836,9.8,0
1788888119.504222178,9.8,0
1788888119.567344495,10.4,0
1788888119.631474160,9.5,0
1788888119.694661834,9.9,0
1788888119.757954565,9.6,0
1788888119.820820277,9.6,0
1788888119.883981882,9.5,0
1788888119.946765711,9.8,0
1788888120.010001787,9.4,0
1788888120.072996161,10.2,0
1788888120.137303082,9.7,0
1788888120.200668102,9.6,0
1788888120.263962386,9.4,0
1788888120.326764673,9.2,0
1788888120.389447340,11.0,0
1788888120.453872128,9.7,0
1788888120.516878810,9.6,0
1788888120.579857992,9.0,0
1788888120.642290354,8.8,0
1788888120.704331680,9.3,0
1788888120.766989330,9.6,0
1788888120.830290384,10.8,0
1788888120.894859798,9.3,0
1788888120.957917738,10.2,0
1788888121.021826873,9.5,0
1788888121.084756620,9.0,0
1788888121.147040420,9.3,0
1788888121.209773963,9.2,0
1788888121.272216561,9.5,0
1788888121.334987120,9.6,0
1788888121.398061304,9.5,0
1788888121.461039524,10.4,0
1788888121.524629982,14.4,0
1788888121.592551710,9.4,0
1788888121.655241688,9.3,0
1788888121.717780550,9.9,0
1788888121.781199029,9.2,0
1788888121.843766885,10.7,0
1788888121.908216980,9.9,0
1788888121.971630883,9.6,0
1788888122.034471517,9.0,0
1788888122.096939593,13.8,0
1788888122.164189494,9.4,0
1788888122.226886232,9.1,0
1788888122.289534298,10.3,0
1788888122.353313949,9.6,0
1788888122.416433701,8.7,0
1788888122.478504181,9.4,0
1788888122.541261670,9.8,0
1788888122.604359730,9.4,0
1788888122.667077270,8.9,0
1788888122.729448160,9.9,0
1788888122.792687111,9.1,0
1788888122.855065692,9.0,0
1788888122.917425335,9.5,0
1788888122.980376235,10.0,0
1788888123.043748255,9.0,0
1788888123.106254938,8.9,0
1788888123.168338448,8.9,0
1788888123.230605573,13.6,0
1788888123.297581944,9.0,0
1788888123.360160595,10.7,0
1788888123.424368097,9.1,0
1788888123.486917415,9.6,0
1788888123.549862495,8.8,0
1788888123.611962900,9.8,0
1788888123.674992988,9.5,0
1788888123.737803757,9.5,0
1788888123.800768697,9.3,0
1788888123.863480057,9.3,0
1788888123.926070106,9.3,0
1788888123.988807715,9.2,0
1788888124.051286317,9.2,0
1788888124.113913942,9.1,0
1788888124.176509829,9.0,0
1788888124.239054059,9.5,0
1788888124.302309304,9.0,0
1788888124.364649969,17.5,0
1788888124.435882077,9.7,0
1788888124.498996472,9.5,0
1788888124.561908763,9.6,0
1788888124.624978530,10.4,0
1788888124.689234355,8.7,0
1788888124.751467989,9.2,0
1788888124.813971328,9.4,0
1788888124.876632813,9.6,0
1788888124.939423192,12.3,0
1788888125.005740155,9.3,0
1788888125.068536142,9.7,0
1788888125.131715043,9.4,0
1788888125.194348977,10.2,0
1788888125.257981959,9.3,0
1788888125.320898437,9.7,0
1788888125.384249946,9.6,0
1788888125.447236388,9.0,0
1788888125.509694669,9.9,0
1788888125.572997065,8.7,0
1788888125.635228757,9.4,0
1788888125.698021018,9.2,0
1788888125.760745439,9.1,0
1788888125.823333925,9.9,0
1788888125.886708519,10.0,0
1788888125.950175191,9.9,0
1788888126.013976364,33.1,0
1788888126.101214287,10.0,0
1788888126.165222009,11.0,0
1788888126.229843492,9.9,0
1788888126.293324195,10.5,0
1788888126.357071968,9.6,0
1788888126.419491351,9.4,0
1788888126.482117393,9.9,0
1788888126.545165468,9.4,0
1788888126.607482848,9.3,0
1788888126.669984424,9.4,0
1788888126.732565779,9.4,0
1788888126.795246123,10.2,0
1788888126.858482040,10.7,0
1788888126.922081311,11.0,0
1788888126.986504106,9.3,0
1788888127.048561776,9.3,0
1788888127.110918365,9.9,0
1788888127.173833000,10.0,0
1788888127.237658119,9.8,0
1788888127.300552033,9.5,0
1788888127.363257705,9.5,0
1788888127.426055865,9.4,0
1788888127.489105172,10.4,0
1788888127.553160135,11.6,0
1788888127.618656619,10.8,0
1788888127.682898212,9.4,0
1788888127.745496814,9.8,0
1788888127.809336825,10.2,0
1788888127.873084669,10.5,0
1788888127.936952292,9.5,0
1788888127.999821428,10.5,0
1788888128.064172846,9.8,0
1788888128.127003676,9.8,0
1788888128.189865451,8.8,0
1788888128.251937614,9.3,0
1788888128.314461864,9.3,0
1788888128.376756630,9.3,0
1788888128.439402702,9.4,0
1788888128.501944208,9.7,0
1788888128.564929830,9.1,0
1788888128.627625857,13.0,0
1788888128.694153386,9.0,0
1788888128.756386800,9.9,0
1788888128.819286452,8.9,0
1788888128.881404463,9.9,0
1788888128.944342954,9.2,0
1788888129.006882927,9.2,0
1788888129.069103072,9.5,0
1788888129.131785218,9.2,0
1788888129.194128387,8.9,0
1788888129.256343934,10.4,0
1788888129.320395753,10.0,0
1788888129.383905590,11.0,0
1788888129.448357078,10.2,0
1788888129.511746584,11.1,0
1788888129.576606284,9.3,0
1788888129.639328260,9.4,0
1788888129.702190006,10.6,0
1788888129.765991780,13.4,0
1788888129.832857736,9.2,0
1788888129.895425491,11.7,0
1788888129.960593412,10.2,0
1788888130.024259523,9.9,0
1788888130.087321980,9.9,0
1788888130.151053669,10.3,0
1788888130.215009014,10.2,0
1788888130.278649386,11.7,0
1788888130.344119931,10.8,0
1788888130.408066121,10.6,0
1788888130.472067224,9.1,0
1788888130.534532386,10.7,0
1788888130.598766398,8.8,0
1788888130.660758660,10.1,0
1788888130.724650530,9.5,0
1788888130.787500918,9.4,0
1788888130.850677546,8.8,0
1788888130.912728386,10.1,0
1788888130.976632414,9.5,0
1788888131.039412908,10.0,0
1788888131.102638959,9.7,0
1788888131.166066783,9.7,0
1788888131.229110933,9.6,0
1788888131.292367169,9.9,0
1788888131.355673261,9.1,0
1788888131.418359363,10.2,0
1788888131.481803131,13.7,0
1788888131.548745762,10.3,0
1788888131.612537551,10.0,0
1788888131.675887539,9.4,0
1788888131.738764247,9.3,0
1788888131.801548506,9.2,0
1788888131.863994318,10.4,0
1788888131.927818226,9.8,0
1788888131.990915665,9.9,0
1788888132.054210259,12.1,0
1788888132.119951990,9.2,0
1788888132.182505414,9.0,0
1788888132.244982954,9.3,0
1788888132.307667985,9.2,0
1788888132.370174008,9.1,0
1788888132.432564517,9.1,0
1788888132.495019163,9.2,0
1788888132.557637303,8.9,0
1788888132.619914173,8.9,0
1788888132.682137151,9.7,0
1788888132.745721250,9.4,0
1788888132.808499650,10.6,0
1788888132.872472721,9.6,0
1788888132.935743961,11.2,0
1788888133.000425193,9.7,0
1788888133.063707308,9.2,0
1788888133.126262715,9.3,0
1788888133.189060825,9.2,0
1788888133.251706037,9.0,0
1788888133.314176166,9.5,0
1788888133.377144641,10.1,0
1788888133.440489711,10.5,0
1788888133.504450764,10.5,0
1788888133.568454461,10.2,0
1788888133.631842135,10.4,0
1788888133.695741515,9.2,0
1788888133.758257873,9.0,0
1788888133.820594512,10.0,0
1788888133.883950048,9.4,0
1788888133.946750502,9.7,0
1788888134.010156433,9.4,0
1788888134.072899090,9.3,0
1788888134.135777781,8.9,0
1788888134.198041351,9.3,0
1788888134.260560663,9.0,0
1788888134.323101228,9.2,0
1788888134.385578558,8.7,0
1788888134.447740104,9.2,0
1788888134.510463542,9.3,0
1788888134.573249985,9.3,0
1788888134.635815758,13.3,0
1788888134.702440262,9.2,0
1788888134.765094016,9.3,0
1788888134.827688771,9.2,0
1788888134.890219771,9.2,0
1788888134.952765684,9.6,0
1788888135.015895952,9.6,0
1788888135.078731729,9.7,0
1788888135.141720485,10.0,0
1788888135.204990823,13.8,0
1788888135.272262747,9.8,0
1788888135.335326385,9.1,0
1788888135.397993780,9.0,0
1788888135.460422547,9.5,0
1788888135.523328989,9.8,0
1788888135.586625196,10.3,0
1788888135.650458247,9.6,0
1788888135.713840243,9.8,0
1788888135.776869239,10.7,0
1788888135.841096661,9.9,0
1788888135.904338266,10.7,0
1788888135.968389824,9.6,0
1788888136.031305952,9.6,0
1788888136.094330792,9.5,0
1788888136.157627810,9.7,0
1788888136.220824387,10.0,0
1788888136.284338050,10.0,0
1788888136.348138633,9.8,0
1788888136.411213818,9.6,0
1788888136.474130186,9.2,0
1788888136.536748777,10.3,0
1788888136.600335459,9.2,0
1788888136.663648701,10.0,0
1788888136.727220812,9.8,0
1788888136.790496798,9.7,0
1788888136.853714517,9.6,0
1788888136.916676683,10.0,0
1788888136.980108283,9.4,0
1788888137.042784491,9.6,0
1788888137.105710262,9.4,0
1788888137.168505508,10.8,0
1788888137.232765840,9.3,0
1788888137.295634927,9.8,0
1788888137.358601349,9.3,0
1788888137.421101353,10.5,0
1788888137.485009056,8.7,0
1788888137.547304233,9.8,0
1788888137.610460550,10.1,0
1788888137.674122525,9.9,0
1788888137.737444871,8.8,0
1788888137.799627208,9.6,0
1788888137.862723265,9.5,0
1788888137.925833093,9.5,0
1788888137.989541918,9.2,0
1788888138.051977625,11.1,0
1788888138.116730164,9.5,0
1788888138.179575075,11.0,0
1788888138.244167454,9.4,0
1788888138.306884563,9.8,0
1788888138.369904365,9.6,0
1788888138.432993492,10.4,0
1788888138.497452641,10.2,0
1788888138.561198031,11.0,0
1788888138.625556169,11.7,0
1788888138.690519885,10.4,0
1788888138.754681107,9.6,0
1788888138.817512338,9.9,0
1788888138.880719351,9.5,0
1788888138.943452854,9.6,0
1788888139.006478656,9.8,0
1788888139.069670496,11.1,0
1788888139.134457697,9.8,0
1788888139.197808676,11.6,0
1788888139.262935746,9.5,0
1788888139.326246605,9.4,0
1788888139.389098406,10.0,0
1788888139.452366210,9.9,0
1788888139.515987474,10.0,0
1788888139.579846835,10.8,0
1788888139.643974978,10.2,0
1788888139.708195500,10.7,0
1788888139.773060177,13.4,0
1788888139.840228386,11.0,0
1788888139.904835948,11.5,0
1788888139.969986163,10.3,0
1788888140.034311652,10.2,0
1788888140.098210712,10.6,0
1788888140.162542671,11.0,0
1788888140.227249311,10.2,0
1788888140.291216323,9.4,0
1788888140.353880583,10.3,0
1788888140.417659413,9.8,0
1788888140.480861108,9.9,0
1788888140.544195582,9.2,0
1788888140.606738700,10.5,0
1788888140.670815577,9.5,0
1788888140.733604704,9.8,0
1788888140.797378026,9.1,0
1788888140.859788425,10.9,0
1788888140.924161716,10.3,0
1788888140.987764882,10.2,0
1788888141.051399857,9.2,0
1788888141.114118028,9.4,0
1788888141.176900665,9.4,0
1788888141.239521700,10.8,0
1788888141.303791245,9.1,0
1788888141.366411129,10.4,0
1788888141.430446744,10.1,0
1788888141.493753656,10.0,0
1788888141.557297194,9.0,0
1788888141.619737758,10.6,0
1788888141.683711951,9.1,0
1788888141.746046277,10.0,0
1788888141.809679809,33.1,0
1788888141.896313115,10.0,0
1788888141.959732086,11.8,0
1788888142.024829472,9.6,0
1788888142.087976175,11.0,0
1788888142.152488344,9.9,0
1788888142.215888185,9.8,0
1788888142.279715608,9.7,0
1788888142.342845386,10.0,0
1788888142.406206660,9.2,0
1788888142.468831110,9.7,0
1788888142.531915239,10.4,0
1788888142.595312958,10.4,0
1788888142.659623866,10.1,0
1788888142.723233132,10.2,0
1788888142.786649318,10.0,0
1788888142.849878665,10.0,0
1788888142.913986407,9.0,0
1788888142.976791148,10.9,0
1788888143.040871800,9.6,0
1788888143.104179624,10.2,0
1788888143.168582700,9.5,0
1788888143.231538046,9.3,0
1788888143.294572661,9.9,0
1788888143.358340013,10.6,0
1788888143.422402429,10.2,0
1788888143.486580247,9.2,0
1788888143.549118427,9.4,0
1788888143.612203047,11.1,0
1788888143.677353202,10.0,0
1788888143.740713935,10.6,0
1788888143.804943471,10.4,0
1788888143.869534818,9.7,0
1788888143.932724235,11.2,0
1788888143.997517706,10.4,0
1788888144.061232981,9.9,0
1788888144.124420544,12.1,0
1788888144.190176267,9.7,0
1788888144.253132634,11.1,0
1788888144.317547728,9.7,0
1788888144.380422984,11.5,0
1788888144.445559228,10.0,0
1788888144.509093561,10.3,0
1788888144.572890058,10.3,0
1788888144.636496570,10.6,0
1788888144.700632295,9.9,0
1788888144.764106859,11.6,0
1788888144.829333969,9.4,0
1788888144.892666120,10.3,0
1788888144.956795495,9.4,0
1788888145.019603731,10.3,0
1788888145.083859926,9.1,0
1788888145.146592598,10.8,0
1788888145.210994161,10.2,0
1788888145.274476677,10.6,0
1788888145.338473364,9.3,0
1788888145.401296732,11.4,0
1788888145.466055741,10.7,0
1788888145.530486167,10.9,0
1788888145.595278686,9.4,0
1788888145.658397377,9.6,0
1788888145.721707455,9.3,0
1788888145.784315040,11.4,0
1788888145.849044975,9.1,0
1788888145.911937407,10.1,0
1788888145.975646993,9.6,0
1788888146.038442319,9.7,0
1788888146.101718647,9.3,0
1788888146.164432140,9.0,0
1788888146.226715690,9.0,0
1788888146.289256064,9.4,0
1788888146.352012792,13.7,0
1788888146.419150515,9.9,0
1788888146.482386873,9.6,0
1788888146.545480406,9.2,0
1788888146.608013850,9.8,0
1788888146.671244809,9.6,0
1788888146.734345823,9.5,0
1788888146.797389131,9.3,0
1788888146.860023807,9.3,0
1788888146.922644211,8.7,0
1788888146.984569663,8.8,0
1788888147.046790519,9.3,0
1788888147.109653537,9.5,0
1788888147.172752508,10.3,0
1788888147.236346761,9.3,0
1788888147.299055919,9.5,0
1788888147.361917775,9.3,0
1788888147.424580873,9.5,0
1788888147.487474056,13.8,0
1788888147.554809225,9.5,0
1788888147.617593485,9.7,0
1788888147.680591925,9.4,0
1788888147.743983385,10.2,0
1788888147.807829395,10.0,0
1788888147.871382277,10.6,0
1788888147.935459264,9.7,0
1788888147.998536402,9.3,0
1788888148.061043156,9.4,0
1788888148.123522489,9.6,0
1788888148.186508742,9.8,0
1788888148.249585580,10.1,0
1788888148.312979002,9.6,0
1788888148.376157182,9.3,0
1788888148.438871848,9.7,0
1788888148.501815807,8.9,0
1788888148.564677312,9.4,0
1788888148.627437135,9.7,0
1788888148.690463327,9.3,0
1788888148.753344172,9.2,0
1788888148.816006008,9.5,0
1788888148.878933723,9.5,0
1788888148.942053225,8.9,0
1788888149.004165488,9.5,0
1788888149.067593983,9.5,0
1788888149.130455799,10.1,0
1788888149.193934049,9.3,0
1788888149.256310327,9.2,0
1788888149.318949920,10.3,0
1788888149.382616121,10.1,0
1788888149.445840751,10.2,0
1788888149.509114554,9.2,0
1788888149.571612435,9.8,0
1788888149.634678477,9.4,0
1788888149.697429336,9.9,0
1788888149.760942248,10.0,0
1788888149.824114519,10.1,0
1788888149.887382934,10.0,0
1788888149.950621835,9.6,0
1788888150.013570662,9.4,0
1788888150.076280981,9.8,0
1788888150.140185109,9.4,0
1788888150.203451571,9.9,0
1788888150.266803581,10.0,0
1788888150.329995702,9.5,0
1788888150.392678269,10.4,0
1788888150.456914144,10.1,0
1788888150.520306285,9.9,0
1788888150.583418016,10.0,0
1788888150.646698188,9.6,0
1788888150.709523420,9.3,0
1788888150.772243233,10.1,0
1788888150.835779880,9.5,0
1788888150.898989978,9.6,0
1788888150.961911113,8.8,0
1788888151.023987812,9.1,0
1788888151.086387566,9.9,0
1788888151.149817193,9.0,0
1788888151.212115634,10.1,0
1788888151.275628656,10.6,0
1788888151.339551722,9.1,0
1788888151.402136002,9.4,0
1788888151.464963998,11.1,0
1788888151.529502767,9.1,0
1788888151.592058514,9.1,0
1788888151.654599900,8.8,0
1788888151.717512712,9.6,0
1788888151.780578544,9.4,0
1788888151.843361932,8.9,0
1788888151.905501105,9.2,0
1788888151.968205145,10.2,0
1788888152.031905928,13.7,0
1788888152.099013907,9.2,0
1788888152.161807240,9.7,0
1788888152.224985891,9.3,0
1788888152.287694748,9.1,0
1788888152.350484946,9.7,0
1788888152.413544388,9.7,0
1788888152.476881737,9.4,0
1788888152.539751805,10.5,0
1788888152.604031065,13.4,0
1788888152.671025273,11.7,0
1788888152.736332994,9.6,0
1788888152.800265555,10.2,0
1788888152.863876173,9.7,0
1788888152.926797308,10.2,0
1788888152.990453284,9.8,0
1788888153.053603422,11.5,0
1788888153.118647157,9.9,0
1788888153.181850665,9.7,0
1788888153.244906582,9.2,0
1788888153.307331083,9.6,0
1788888153.370120510,9.2,0
1788888153.432918681,9.2,0
1788888153.495402730,9.2,0
1788888153.557753060,9.7,0
1788888153.620786724,9.2,0
1788888153.683394549,9.5,0
1788888153.746107602,10.2,0
1788888153.809804407,10.0,0
1788888153.873377390,9.5,0
1788888153.936578063,9.8,0
1788888154.000267730,10.0,0
1788888154.063817006,10.3,0
1788888154.127700794,9.2,0
1788888154.190482019,9.8,0
1788888154.253560590,10.5,0
1788888154.317266270,9.8,0
1788888154.380807905,9.2,0
1788888154.443303472,9.9,0
1788888154.506995152,9.7,0
1788888154.570247162,10.8,0
1788888154.634284790,9.8,0
1788888154.697190231,9.7,0
1788888154.760267190,9.7,0
1788888154.822989547,9.0,0
1788888154.885359536,9.5,0
1788888154.948011558,9.3,0
1788888155.010481787,10.0,0
1788888155.074002590,8.9,0
1788888155.136358698,9.7,0
1788888155.199243599,9.8,0
1788888155.262281749,10.2,0
1788888155.326598546,10.0,0
1788888155.390230946,9.7,0
1788888155.453377018,9.8,0
1788888155.516193626,9.4,0
1788888155.578905548,9.7,0
1788888155.641802456,9.9,0
1788888155.704877101,10.1,0
1788888155.768116794,10.3,0
1788888155.832219930,10.1,0
1788888155.895767103,10.5,0
1788888155.960015967,10.7,0
1788888156.024351091,10.6,0
1788888156.088468428,10.1,0
1788888156.151757945,9.5,0
1788888156.214629396,9.8,0
1788888156.277895638,32.8,0
1788888156.364203426,9.8,0
1788888156.427482998,9.5,0
1788888156.490342391,9.4,0
1788888156.553094502,9.1,0
1788888156.615622819,10.3,0
1788888156.679378805,10.9,0
1788888156.743737504,10.2,0
1788888156.807250105,10.6,0
1788888156.870904388,10.7,0
1788888156.934781496,9.4,0
1788888156.997394609,10.0,0
1788888157.060805428,9.9,0
1788888157.124570617,9.6,0
1788888157.187882218,9.6,0
1788888157.251059706,10.2,0
1788888157.314575642,10.2,0
1788888157.377836747,11.2,0
1788888157.442722626,9.7,0
1788888157.505842399,10.6,0
1788888157.569803953,10.9,0
1788888157.634561209,10.2,0
1788888157.698151677,9.4,0
1788888157.760755075,10.5,0
1788888157.824380656,9.2,0
1788888157.886968321,9.8,0
1788888157.950061113,9.3,0
1788888158.012863330,9.2,0
1788888158.075325387,8.7,0
1788888158.137670689,9.4,0
1788888158.200319786,9.4,0
1788888158.262902584,10.4,0
1788888158.326432061,9.1,0
1788888158.388635730,8.9,0
1788888158.450644048,8.9,0
1788888158.513080636,9.6,0
1788888158.576334259,9.5,0
1788888158.639046311,11.0,0
1788888158.703459262,10.1,0
1788888158.766964251,9.4,0
1788888158.829694711,9.4,0
1788888158.892290999,10.1,0
1788888158.955773004,9.6,0
1788888159.018765987,9.6,0
1788888159.081520893,9.3,0
1788888159.144081106,9.6,0
1788888159.206932848,9.4,0
1788888159.270111659,9.8,0
1788888159.333137260,10.7,0
1788888159.397291953,10.1,0
1788888159.460587429,9.5,0
1788888159.523609826,9.5,0
1788888159.586260796,9.7,0
1788888159.649130894,9.4,0
1788888159.711727874,9.2,0
1788888159.774216180,9.4,0
1788888159.837014200,9.9,0
1788888159.900197218,9.5,0
1788888159.962983891,9.6,0
1788888160.026114730,10.8,0
1788888160.090415312,9.0,0
1788888160.152514786,9.2,0
1788888160.214929272,8.9,0
1788888160.276937469,9.0,0
1788888160.339062340,9.3,0
1788888160.401915864,9.3,0
1788888160.464384391,9.3,0
1788888160.526930033,9.1,0
1788888160.589147103,9.4,0
1788888160.652001138,9.3,0
1788888160.714631607,10.2,0
1788888160.777864779,10.7,0
1788888160.841856558,10.5,0
1788888160.905699495,9.1,0
1788888160.968183224,8.9,0
1788888161.030444350,9.0,0
1788888161.092732056,9.6,0
1788888161.155821303,11.4,0
1788888161.220594263,10.1,0
1788888161.284138762,10.1,0
1788888161.347596040,9.5,0
1788888161.410340000,9.5,0
1788888161.473245872,9.5,0
1788888161.535944072,10.1,0
1788888161.599252878,9.8,0
1788888161.662372691,9.4,0
1788888161.725098383,9.9,0
1788888161.788591866,9.3,0
1788888161.850973322,9.6,0
1788888161.913787467,9.8,0
1788888161.976854029,10.2,0
1788888162.040528593,9.4,0
1788888162.103219553,9.3,0
1788888162.165726548,9.5,0
1788888162.228660502,9.0,0
1788888162.290992374,9.1,0
1788888162.353143435,8.9,0
1788888162.415233274,9.3,0
1788888162.477738196,8.7,0
1788888162.539971810,9.2,0
1788888162.602295209,9.1,0
1788888162.664592069,9.3,0
1788888162.727043951,9.4,0
1788888162.789718035,9.2,0
1788888162.852238400,10.3,0
1788888162.916097911,9.4,0
1788888162.979273287,9.0,0
1788888163.041651678,9.7,0
1788888163.104738682,9.3,0
1788888163.167146828,9.8,0
1788888163.230171849,9.9,0
1788888163.293368296,9.2,0
1788888163.355766928,9.0,0
1788888163.418309656,10.1,0
1788888163.481505783,9.1,0
1788888163.543801892,9.0,0
1788888163.606084570,9.1,0
1788888163.668665035,9.5,0
1788888163.731813260,9.9,0
1788888163.795087654,8.9,0
1788888163.857219767,9.2,0
1788888163.919683276,10.3,0
1788888163.983183859,10.5,0
1788888164.047357871,9.7,0
1788888164.110172497,9.3,0
1788888164.172841745,9.2,0
1788888164.235257041,10.7,0
1788888164.299201339,9.8,0
1788888164.362627451,9.7,0
1788888164.425838651,10.9,0
1788888164.490450629,10.0,0
1788888164.554073035,10.4,0
1788888164.617657184,9.7,0
1788888164.680571548,9.2,0
1788888164.743386054,9.5,0
1788888164.806520929,9.7,0
1788888164.869695774,10.1,0
1788888164.933120173,10.6,0
1788888164.997286154,9.6,0
1788888165.060248160,9.4,0
1788888165.123159840,9.1,0
1788888165.185537852,9.3,0
1788888165.248334580,9.6,0
1788888165.311716966,11.2,0
1788888165.376417918,10.2,0
1788888165.440066694,9.6,0
1788888165.502972866,10.1,0
1788888165.566465357,9.7,0
1788888165.629574794,9.4,0
1788888165.692358574,9.2,0
1788888165.754752278,9.5,0
1788888165.817825221,9.2,0
1788888165.880505495,8.9,0
1788888165.942807612,11.2,0
1788888166.007518479,9.2,0
1788888166.069843060,10.9,0
1788888166.133940087,9.0,0
1788888166.196644828,9.4,0
1788888166.259592412,9.3,0
1788888166.321973698,9.7,0
1788888166.384934012,9.0,0
1788888166.447056961,8.9,0
1788888166.509169965,9.1,0
1788888166.571753995,9.8,0
1788888166.635002320,9.7,0
1788888166.698558767,9.4,0
1788888166.761551990,8.9,0
1788888166.823936461,10.4,0
1788888166.887644675,8.8,0
1788888166.949821906,9.3,0
1788888167.012459556,9.2,0
1788888167.075043075,9.6,0
1788888167.137945382,13.0,0
1788888167.204661333,10.7,0
1788888167.268607744,9.5,0
1788888167.331396521,10.3,0
1788888167.394980660,9.7,0
1788888167.458068494,9.2,0
1788888167.520703771,9.7,0
1788888167.583913589,11.6,0
1788888167.648971025,8.9,0
1788888167.711186292,11.0,0
1788888167.775559022,9.9,0
1788888167.838819426,10.0,0
1788888167.902377475,9.5,0
1788888167.965300042,9.4,0
1788888168.027995519,9.6,0
1788888168.091085056,10.1,0
1788888168.154681964,10.6,0
1788888168.218728215,9.7,0
1788888168.281788258,9.8,0
1788888168.344588832,8.9,0
1788888168.407038461,8.8,0
1788888168.469425265,9.5,0
1788888168.532395383,8.8,0
1788888168.594645072,9.4,0
1788888168.657644425,9.2,0
1788888168.720219851,9.4,0
1788888168.782845984,9.7,0
1788888168.845936343,11.2,0
1788888168.910436945,9.7,0
1788888168.973598620,9.0,0
1788888169.036093687,9.8,0
1788888169.099328642,9.1,0
1788888169.161877740,8.7,0
1788888169.223986117,9.2,0
1788888169.286649345,9.3,0
1788888169.349386975,9.5,0
1788888169.412198666,8.9,0
1788888169.474661805,10.1,0
1788888169.538001036,8.8,0
1788888169.600119979,9.1,0
1788888169.662723969,9.2,0
1788888169.725272085,11.7,0
1788888169.790343522,8.9,0
1788888169.852675875,10.7,0
1788888169.916663779,9.9,0
1788888169.979738544,9.9,0
1788888170.043113499,9.0,0
1788888170.105589407,9.4,0
1788888170.168619625,9.2,0
1788888170.231572067,9.5,0
1788888170.294326102,10.2,0
1788888170.357774838,9.9,0
1788888170.421093438,9.8,0
1788888170.484328694,9.3,0
1788888170.546970621,9.3,0
1788888170.609713599,10.1,0
1788888170.673134042,9.1,0
1788888170.735539253,9.1,0
1788888170.797997234,8.9,0
1788888170.860342457,15.0,0
1788888170.928601911,9.4,0
1788888170.991366081,9.1,0
1788888171.053823271,9.7,0
1788888171.117269883,9.5,0
1788888171.180147853,9.3,0
1788888171.242734497,9.5,0
1788888171.305645838,8.8,0
1788888171.367967695,9.5,0
1788888171.430897062,13.8,0
1788888171.498065471,9.6,0
1788888171.561001889,10.1,0
1788888171.624556924,9.0,0
1788888171.686824960,9.9,0
1788888171.750439474,10.1,0
1788888171.814263623,9.6,0
1788888171.877338468,9.0,0
1788888171.939692483,9.2,0
1788888172.002169563,9.0,0
1788888172.064843217,8.9,0
1788888172.127360347,9.0,0
1788888172.189818047,9.1,0
1788888172.252235287,9.4,0
1788888172.314966328,9.4,0
1788888172.377729095,9.9,0
1788888172.440847796,9.4,0
1788888172.503869332,9.0,0
1788888172.566136797,9.6,0
1788888172.629184732,9.5,0
1788888172.692144295,8.8,0
1788888172.754396327,9.7,0
1788888172.817605704,9.2,0
1788888172.880017095,9.8,0
1788888172.943179292,9.5,0
1788888173.006016221,9.9,0
1788888173.069633829,9.5,0
1788888173.132965640,9.8,0
1788888173.196359703,9.2,0
1788888173.258742672,9.5,0
1788888173.321521003,9.4,0
1788888173.384179064,9.3,0
1788888173.447113839,9.8,0
1788888173.510205890,9.3,0
1788888173.572714998,10.2,0
1788888173.636446227,9.1,0
1788888173.698816927,13.9,0
1788888173.766184235,10.2,0
1788888173.829911257,33.2,0
1788888173.916814078,12.4,0
1788888173.983496469,14.8,0
1788888174.051642133,9.9,0
1788888174.114704290,9.4,0
1788888174.177889871,11.6,0
1788888174.243098574,10.3,0
1788888174.306560179,9.7,0
1788888174.369267103,9.3,0
1788888174.432499123,10.1,0
1788888174.496264994,11.1,0
1788888174.561161359,10.3,0
1788888174.625132418,9.7,0
1788888174.688348925,9.6,0
1788888174.751441167,9.4,0
1788888174.814181030,9.6,0
1788888174.877096106,9.5,0
1788888174.939651473,10.3,0
1788888175.003231225,10.9,0
1788888175.067549334,10.0,0
1788888175.130892801,10.0,0
1788888175.194398572,9.8,0
1788888175.257727619,10.5,0
1788888175.321657345,9.1,0
1788888175.384259522,9.6,0
1788888175.448043160,9.2,0
1788888175.510379318,10.0,0
1788888175.573681514,9.8,0
1788888175.637343510,10.7,0
1788888175.701345064,9.2,0
1788888175.764270125,9.6,0
1788888175.827090048,9.6,0
1788888175.889866296,9.6,0
1788888175.952677967,9.4,0
1788888176.015238241,9.1,0
1788888176.077991184,9.3,0
1788888176.140738569,10.0,0
1788888176.204236919,9.6,0
1788888176.267100438,13.8,0
1788888176.334434615,9.7,0
1788888176.397431955,10.3,0
1788888176.461720549,9.5,0
1788888176.524595194,10.4,0
1788888176.588697229,9.2,0
1788888176.650967919,9.8,0
1788888176.713971578,9.8,0
1788888176.776966153,9.5,0
1788888176.839942281,11.8,0
1788888176.905513106,10.5,0
1788888176.969233008,10.0,0
1788888177.032391599,9.7,0
1788888177.095390350,9.5,0
1788888177.158233328,9.4,0
1788888177.221070277,9.6,0
1788888177.284122018,9.8,0
1788888177.347582702,9.6,0
1788888177.410542915,13.2,0
1788888177.477171305,9.7,0
1788888177.540140623,10.3,0
1788888177.603975006,10.3,0
1788888177.667828829,9.8,0
1788888177.731196093,9.4,0
1788888177.793900463,9.1,0
1788888177.856363021,9.6,0
1788888177.919335353,9.5,0
1788888177.982385721,9.6,0
1788888178.045659044,9.6,0
1788888178.108685897,9.5,0
1788888178.171711429,9.9,0
1788888178.235273024,9.4,0
1788888178.298046007,9.5,0
1788888178.360957438,8.9,0
1788888178.423167748,9.0,0
1788888178.485410606,9.9,0
1788888178.548734966,9.3,0
1788888178.611241820,9.2,0
1788888178.673626982,9.9,0
1788888178.736636680,9.2,0
1788888178.799146659,9.4,0
1788888178.861897989,9.7,0
1788888178.924893526,9.8,0
1788888178.988210975,10.3,0
1788888179.051776325,9.9,0
1788888179.114897460,9.7,0
1788888179.177935921,11.7,0
1788888179.243257973,9.0,0
1788888179.305749034,9.9,0
1788888179.369114044,10.0,0
1788888179.432522179,9.6,0
1788888179.495487270,9.4,0
1788888179.558243819,10.2,0
1788888179.622000406,10.3,0
1788888179.685563423,10.9,0
1788888179.749637776,9.4,0
1788888179.812322396,9.6,0
1788888179.875231694,9.3,0
1788888179.938265287,9.6,0
1788888180.001449897,9.5,0
1788888180.064713135,9.3,0
1788888180.127479548,9.2,0
1788888180.190340884,9.5,0
1788888180.253118484,9.6,0
1788888180.316133119,9.7,0
1788888180.379238029,9.4,0
1788888180.441678905,10.0,0
1788888180.504819569,10.5,0
1788888180.568786421,11.6,0
1788888180.633698880,9.8,0
1788888180.696869830,9.7,0
1788888180.759739487,9.8,0
1788888180.822964848,10.2,0
1788888180.886462077,9.4,0
1788888180.948877704,9.6,0
1788888181.012138088,10.0,0
1788888181.075684680,10.2,0
1788888181.139073346,9.2,0
1788888181.201606239,10.4,0
1788888181.265510457,9.5,0
1788888181.328568107,9.8,0
1788888181.391932286,10.5,0
1788888181.456048121,9.8,0
1788888181.519726251,10.3,0
1788888181.583588176,9.7,0
1788888181.646671724,9.2,0
1788888181.709277857,9.9,0
1788888181.772503629,9.5,0
1788888181.835164694,9.8,0
1788888181.898434902,9.4,0
1788888181.962042026,9.8,0
1788888182.025582669,9.2,0
1788888182.088110805,9.6,0
1788888182.150951179,9.4,0
1788888182.213539495,9.7,0
1788888182.276563615,13.6,0
1788888182.343414939,10.1,0
1788888182.407062403,9.7,0
1788888182.470027003,10.0,0
1788888182.533535749,10.9,0
1788888182.598114248,10.2,0
1788888182.661755852,10.3,0
1788888182.725724917,10.0,0
1788888182.789307163,10.0,0
1788888182.853140966,11.3,0
1788888182.917942308,9.4,0
1788888182.981349963,10.1,0
1788888183.044949034,10.1,0
1788888183.108251520,10.7,0
1788888183.172312103,10.8,0
1788888183.236332415,10.4,0
1788888183.300536793,10.3,0
1788888183.364825567,11.2,0
1788888183.429615513,10.6,0
1788888183.493813071,10.1,0
1788888183.557270770,10.0,0
1788888183.620852956,10.5,0
1788888183.684765326,10.7,0
1788888183.749227911,9.4,0
1788888183.812039702,10.5,0
1788888183.875854426,9.8,0
1788888183.938985666,9.8,0
1788888184.001872580,9.6,0
1788888184.065869157,9.8,0
1788888184.129446515,11.6,0
1788888184.194976550,10.5,0
1788888184.258884403,14.4,0
1788888184.327057639,10.2,0
1788888184.391278702,9.3,0
1788888184.454164484,10.8,0
1788888184.518671926,10.6,0
1788888184.582858217,11.6,0
1788888184.648622863,9.5,0
1788888184.711587854,11.1,0
1788888184.776329687,9.4,0
1788888184.839379355,10.5,0
1788888184.903387659,9.6,0
1788888184.966383726,10.9,0
1788888185.031223737,9.4,0
1788888185.094123460,9.8,0
1788888185.157714659,9.5,0
1788888185.221101352,10.4,0
1788888185.284839852,8.9,0
1788888185.347285254,9.1,0
1788888185.409792579,8.7,0
1788888185.472346364,9.5,0
1788888185.535706477,9.9,0
1788888185.599188743,10.1,0
1788888185.662665541,9.1,0
1788888185.725156141,9.3,0
1788888185.788360480,9.0,0
1788888185.850872041,10.9,0
1788888185.915604761,9.7,0
1788888185.978987228,8.9,0
1788888186.041136336,9.1,0
1788888186.103657712,8.9,0
1788888186.165838528,9.3,0
1788888186.228763749,10.0,0
1788888186.292377973,8.8,0
1788888186.354523185,9.8,0
1788888186.417618271,9.4,0
1788888186.480286307,10.3,0
1788888186.543892289,9.3,0
1788888186.606338162,9.7,0
1788888186.669867578,9.1,0
1788888186.732349845,9.3,0
1788888186.794942939,9.1,0
1788888186.857271666,9.1,0
1788888186.919987203,9.5,0
1788888186.982955650,9.3,0
1788888187.045490125,9.1,0
1788888187.107737942,13.0,0
1788888187.174141715,9.6,0
1788888187.236875059,10.3,0
1788888187.300504035,10.2,0
1788888187.363916797,10.5,0
1788888187.427666764,9.9,0
1788888187.490726927,10.9,0
1788888187.554979097,8.9,0
1788888187.617601895,10.8,0
1788888187.681807996,9.1,0
1788888187.744401210,11.5,0
1788888187.809419517,8.9,0
1788888187.871625301,9.2,0
1788888187.934381148,8.8,0
1788888187.996400352,9.7,0
1788888188.059485713,9.4,0
1788888188.122332907,9.1,0
1788888188.184776236,9.0,0
1788888188.246967087,9.4,0
1788888188.310014111,9.1,0
1788888188.372658421,10.2,0
1788888188.436747156,9.4,0
1788888188.499829273,10.5,0
1788888188.563509505,9.0,0
1788888188.625808378,10.0,0
1788888188.689378336,9.4,0
1788888188.752015585,10.9,0
1788888188.816147274,9.5,0
1788888188.878836532,9.9,0
1788888188.942271848,9.8,0
1788888189.005629216,10.2,0
1788888189.069209740,10.1,0
1788888189.132533568,9.2,0
1788888189.195152541,9.0,0
1788888189.257516321,9.4,0
1788888189.320398197,9.7,0
1788888189.383355947,10.1,0
1788888189.446885614,9.8,0
1788888189.510237114,10.0,0
1788888189.573755114,9.9,0
1788888189.637259553,10.4,0
1788888189.701310541,9.2,0
1788888189.763707701,9.5,0
1788888189.826347004,9.4,0
1788888189.889293016,10.1,0
1788888189.952728663,13.1,0
1788888190.019320839,9.4,0
1788888190.081903346,9.8,0
1788888190.144900425,10.3,0
1788888190.208292056,10.0,0
1788888190.271436125,10.2,0
1788888190.335127905,9.7,0
1788888190.398115029,10.4,0
1788888190.461619278,10.8,0
1788888190.525929144,10.1,0
1788888190.589018792,10.1,0
1788888190.652299696,9.4,0
1788888190.714934943,10.0,0
1788888190.777961816,9.5,0
1788888190.840961008,9.5,0
1788888190.903886741,9.9,0
1788888190.967260454,9.2,0
1788888191.030273907,10.4,0
1788888191.094251866,10.4,0
1788888191.158072699,9.7,0
1788888191.221818360,10.2,0
1788888191.285786945,9.9,0
1788888191.348959998,10.4,0
1788888191.412813380,9.6,0
1788888191.475720774,9.9,0
1788888191.539686525,10.3,0
1788888191.603396733,9.5,0
1788888191.666248394,10.1,0
1788888191.729522638,9.7,0
1788888191.792742160,9.9,0
1788888191.856033270,9.6,0
1788888191.919347594,9.6,0
1788888191.982243111,9.3,0
1788888192.045003435,9.1,0
1788888192.107608857,10.2,0
1788888192.171173717,9.8,0
1788888192.234467841,9.8,0
1788888192.297667594,10.2,0
1788888192.361182870,9.8,0
1788888192.424639878,9.2,0
1788888192.487399631,9.6,0
1788888192.550291983,9.1,0
1788888192.612918417,9.2,0
1788888192.675550178,9.4,0
1788888192.738408389,10.8,0
1788888192.802557785,9.5,0
1788888192.865452350,9.0,0
1788888192.927794478,9.9,0
1788888192.991037996,11.1,0
1788888193.055339420,10.0,0
1788888193.118832882,10.5,0
1788888193.186630815,10.0,0
1788888193.250359050,9.9,0
1788888193.313430911,9.6,0
1788888193.376633808,12.8,0
1788888193.443016270,9.6,0
1788888193.505794351,10.4,0
1788888193.569360242,9.7,0
1788888193.632997461,9.5,0
1788888193.695607820,9.5,0
1788888193.758747673,9.4,0
1788888193.821995458,9.8,0
1788888193.885356051,9.3,0
1788888193.948512630,9.7,0
1788888194.011352112,9.8,0
1788888194.074318045,9.4,0
1788888194.136886992,9.9,0
1788888194.200099023,9.5,0
1788888194.262976313,9.7,0
1788888194.326048975,10.0,0
1788888194.389774115,9.5,0
1788888194.452537073,10.1,0
1788888194.516449003,10.1,0
1788888194.579940894,10.4,0
1788888194.643616740,10.4,0
1788888194.707811043,9.6,0
1788888194.771024606,10.1,0
1788888194.834412210,12.3,0
1788888194.900148955,9.7,0
1788888194.963256149,9.4,0
1788888195.026046468,10.3,0
1788888195.089702384,11.1,0
1788888195.154164529,9.5,0
1788888195.217479454,9.6,0
1788888195.280668621,11.2,0
1788888195.345106769,9.9,0
1788888195.408292501,9.0,0
1788888195.470608289,9.8,0
1788888195.534241731,10.9,0
1788888195.598603916,9.6,0
1788888195.661669137,9.8,0
1788888195.724740958,9.2,0
1788888195.787256195,10.9,0
1788888195.851606302,10.4,0
1788888195.915578712,10.0,0
1788888195.978749492,10.6,0
1788888196.042791716,10.9,0
1788888196.106938528,10.2,0
1788888196.170737589,10.7,0
1788888196.235321666,9.4,0
1788888196.298097133,9.6,0
1788888196.360964468,9.5,0
1788888196.423481638,9.9,0
1788888196.486567520,9.5,0
1788888196.549450938,11.1,0
1788888196.614153263,9.8,0
1788888196.677818824,10.7,0
1788888196.742068870,9.6,0
1788888196.805004998,15.4,0
1788888196.873648598,9.6,0
1788888196.936496093,12.0,0
1788888197.001760750,9.4,0
1788888197.064404800,9.7,0
1788888197.127414317,9.4,0
1788888197.190225748,9.6,0
1788888197.253446172,9.6,0
1788888197.316484363,10.9,0
1788888197.380607900,9.3,0
1788888197.443299451,10.0,0
1788888197.506877430,9.4,0
1788888197.569764765,11.4,0
1788888197.634649242,9.7,0
1788888197.698006020,10.3,0
1788888197.762436217,9.6,0
1788888197.825481768,10.3,0
1788888197.889208731,9.0,0
1788888197.951356468,10.7,0
1788888198.015391712,9.7,0
1788888198.079330562,9.6,0
1788888198.142459309,9.3,0
1788888198.205268616,10.7,0
1788888198.269246816,9.6,0
1788888198.332467730,10.9,0
1788888198.396611868,9.4,0
1788888198.459320745,9.1,0
1788888198.521747099,12.0,0
1788888198.587159747,9.9,0
1788888198.650514833,9.7,0
1788888198.713678381,10.8,0
1788888198.777944142,10.1,0
1788888198.841603213,10.9,0
1788888198.906253228,10.4,0
1788888198.970326540,10.6,0
1788888199.034198120,9.5,0
1788888199.097255199,10.8,0
1788888199.161333098,10.0,0
1788888199.224639350,9.9,0
1788888199.287820935,9.4,0
1788888199.350570754,9.9,0
1788888199.413655885,9.1,0
1788888199.476005484,9.5,0
1788888199.539274390,9.7,0
1788888199.602277468,9.8,0
1788888199.665284832,9.0,0
1788888199.727644106,9.5,0
1788888199.790325802,10.2,0
1788888199.854400677,9.6,0
1788888199.917409563,10.2,0
1788888199.981226391,9.3,0
1788888200.044006605,9.0,0
1788888200.106451396,9.5,0
1788888200.169513412,9.0,0
1788888200.231827388,13.9,0
1788888200.299427384,9.9,0
1788888200.362856430,9.7,0
1788888200.426191917,10.5,0
1788888200.490038809,9.1,0
1788888200.552508738,10.7,0
1788888200.616827738,9.4,0
1788888200.679991597,10.8,0
1788888200.744293752,9.4,0
1788888200.807011643,12.5,0
1788888200.873420464,8.9,0
1788888200.936092586,10.4,0
1788888201.000212398,9.3,0
1788888201.062684660,9.3,0
1788888201.125631834,9.0,0
1788888201.187838339,9.6,0
1788888201.250711713,11.6,0
1788888201.316087085,11.3,0
1788888201.381058052,11.5,0
1788888201.445969811,10.3,0
1788888201.510215280,10.6,0
1788888201.574638136,11.7,0
1788888201.639712578,10.9,0
1788888201.704033100,9.4,0
1788888201.766589639,9.0,0
1788888201.828748862,9.4,0
1788888201.891881945,9.7,0
1788888201.954711994,9.4,0
1788888202.017414201,10.1,0
1788888202.080752882,9.6,0
1788888202.143648249,9.9,0
1788888202.206884386,11.4,0
1788888202.271874672,10.3,0
1788888202.335977198,11.0,0
1788888202.400644379,9.7,0
1788888202.463702700,10.4,0
1788888202.527811565,10.1,0
1788888202.591358628,10.9,0
1788888202.655815044,10.4,0
1788888202.719656649,9.6,0
1788888202.782777583,11.1,0
1788888202.847402642,10.9,0
1788888202.911857495,9.9,0
1788888202.975093523,10.8,0
1788888203.039480554,10.0,0
1788888203.102828850,9.6,0
1788888203.166420800,9.7,0
1788888203.229673432,9.9,0
1788888203.292959024,9.9,0
1788888203.356132417,12.0,0
1788888203.421654760,9.8,0
1788888203.485378027,11.4,0
1788888203.550343947,10.3,0
1788888203.613960434,10.7,0
1788888203.678357681,9.0,0
1788888203.740699088,10.1,0
1788888203.804155555,9.5,0
1788888203.867137872,10.4,0
1788888203.931177724,9.5,0
1788888203.993935114,9.8,0
1788888204.056909068,9.9,0
1788888204.120268430,9.3,0
1788888204.182903677,9.7,0
1788888204.246093835,10.5,0
1788888204.310075259,9.7,0
1788888204.373136845,9.6,0
1788888204.436137750,9.4,0
1788888204.498998785,9.1,0
1788888204.561611028,8.9,0
1788888204.623932003,9.2,0
1788888204.686702193,9.3,0
1788888204.749361005,9.9,0
1788888204.812916140,9.9,0
1788888204.876463834,9.7,0
1788888204.939593112,9.6,0
1788888205.002527547,9.2,0
1788888205.065155803,10.9,0
1788888205.129712600,9.4,0
1788888205.192605292,9.3,0
1788888205.255547960,9.7,0
1788888205.318419691,9.6,0
1788888205.381337882,9.7,0
1788888205.444956663,9.4,0
1788888205.507633362,10.7,0
1788888205.571957209,9.4,0
1788888205.635011504,11.9,0
1788888205.700373717,9.2,0
1788888205.763210546,9.6,0
1788888205.826222497,8.8,0
1788888205.888540459,9.5,0
1788888205.951281715,8.8,0
1788888206.013356401,8.8,0
1788888206.075590707,9.3,0
1788888206.138218073,10.0,0
1788888206.201479678,8.7,0
1788888206.263358782,9.7,0
1788888206.327039455,9.1,0
1788888206.389498979,9.2,0
1788888206.451983860,9.4,0
1788888206.514681401,9.4,0
1788888206.577458300,9.6,0
1788888206.640488959,9.8,0
1788888206.704627098,9.2,0
1788888206.767352110,9.5,0
1788888206.830396530,9.8,0
1788888206.893914890,10.7,0
1788888206.958127741,9.7,0
1788888207.021298160,10.4,0
1788888207.084879434,9.7,0
1788888207.147906658,10.0,0
1788888207.211495484,9.8,0
1788888207.274630610,9.5,0
1788888207.337742672,9.4,0
1788888207.400538980,9.8,0
1788888207.463772353,9.3,0
1788888207.526704084,9.3,0
1788888207.589383367,9.8,0
1788888207.652487897,12.5,0
1788888207.718461497,9.4,0
1788888207.781244886,9.4,0
1788888207.844043788,9.9,0
1788888207.907558042,9.9,0
1788888207.970957353,9.6,0
1788888208.033904528,9.3,0
1788888208.096559895,9.1,0
1788888208.158903615,9.3,0
1788888208.221526474,13.9,0
1788888208.288799921,9.4,0
1788888208.351362168,9.3,0
1788888208.414131566,9.3,0
1788888208.477005230,8.9,0
1788888208.539457613,9.0,0
1788888208.602611778,9.3,0
1788888208.665369518,9.0,0
1788888208.727764455,9.2,0
1788888208.790512571,11.8,0
1788888208.855646482,9.1,0
1788888208.918081399,9.7,0
1788888208.981165719,9.3,0
1788888209.043830690,9.7,0
1788888209.106848030,9.5,0
1788888209.169686171,9.6,0
1788888209.232625874,9.3,0
1788888209.295460620,9.0,0
1788888209.357820354,8.9,0
1788888209.420143723,9.5,0
1788888209.482930868,9.0,0
1788888209.545319165,9.4,0
1788888209.608105398,9.0,0
1788888209.670437571,9.0,0
1788888209.732827771,10.0,0
1788888209.796255084,9.4,0
1788888209.858866135,9.9,0
1788888209.921839579,14.3,0
1788888209.989662329,9.1,0
1788888210.052174512,9.2,0
1788888210.114757600,33.4,0
1788888210.201330687,9.7,0
1788888210.264144011,10.2,0
1788888210.327801590,9.8,0
1788888210.390604478,10.9,0
1788888210.455008906,10.6,0
1788888210.518554227,10.8,0
1788888210.582629361,9.9,0
1788888210.646275293,11.2,0
1788888210.711678247,10.3,0
1788888210.775185921,9.7,0
1788888210.837931904,8.9,0
1788888210.899720482,9.6,0
1788888210.962562129,10.4,0
1788888211.026282822,10.1,0
1788888211.089522845,14.6,0
1788888211.158066786,9.7,0
1788888211.221060560,10.2,0
1788888211.284557419,10.8,0
1788888211.348797931,10.0,0
1788888211.412154158,10.9,0
1788888211.476921229,9.9,0
1788888211.540572689,9.8,0
1788888211.603943679,9.9,0
1788888211.667254278,10.7,0
1788888211.731769362,9.4,0
1788888211.794446842,10.2,0
1788888211.858255126,10.2,0
1788888211.922073957,9.6,0
1788888211.985070926,9.3,0
1788888212.047586043,9.7,0
1788888212.111031544,9.3,0
1788888212.173775123,9.6,0
1788888212.237204750,11.5,0
1788888212.302407404,10.3,0
1788888212.365681749,9.8,0
1788888212.429132598,10.1,0
1788888212.492751279,9.8,0
1788888212.555734287,9.4,0
1788888212.618610856,9.3,0
1788888212.681225702,10.1,0
1788888212.744731263,9.2,0
1788888212.807197717,13.7,0
1788888212.874783342,9.6,0
1788888212.938128803,11.1,0
1788888213.002932910,9.7,0
1788888213.066320885,9.6,0
1788888213.129697323,9.2,0
1788888213.192423145,10.4,0
1788888213.256425891,10.3,0
1788888213.320597280,10.6,0
1788888213.384633156,10.2,0
1788888213.448345928,10.3,0
1788888213.512193942,9.2,0
1788888213.574960896,9.3,0
1788888213.637875211,9.7,0
1788888213.700819371,9.4,0
1788888213.763553987,9.0,0
1788888213.826117096,9.2,0
1788888213.888852413,9.4,0
1788888213.951780248,10.2,0
1788888214.015636996,9.5,0
1788888214.078565863,9.7,0
1788888214.141770282,9.1,0
1788888214.204247332,9.2,0
1788888214.266740857,9.0,0
1788888214.329359940,9.0,0
1788888214.391680826,9.1,0
1788888214.454280709,9.5,0
1788888214.516942627,11.0,0
1788888214.581290910,11.0,0
1788888214.645715108,9.3,0
1788888214.708697265,10.3,0
1788888214.772322635,9.6,0
1788888214.835257051,9.4,0
1788888214.898610234,10.1,0
1788888214.962269966,9.8,0
1788888215.025405532,9.0,0
1788888215.087533209,14.1,0
1788888215.155271843,9.8,0
1788888215.218396093,9.0,0
1788888215.280708326,9.2,0
1788888215.343156863,9.3,0
1788888215.405983426,8.7,0
1788888215.468062470,10.1,0
1788888215.531732828,9.2,0
1788888215.594033924,10.0,0
1788888215.657534929,15.2,0
1788888215.726445950,9.4,0
1788888215.789072814,10.0,0
1788888215.852510884,9.5,0
1788888215.915448053,9.5,0
1788888215.978746384,10.2,0
1788888216.042255411,9.4,0
1788888216.105003216,9.6,0
1788888216.167920996,9.5,0
1788888216.230615552,13.2,0
1788888216.297452966,10.5,0
1788888216.361390384,9.2,0
1788888216.424015035,10.0,0
1788888216.487712354,10.0,0
1788888216.551251826,10.9,0
1788888216.615462053,9.4,0
1788888216.678205131,10.0,0
1788888216.741616081,9.4,0
1788888216.804593601,12.0,0
1788888216.869899269,9.4,0
1788888216.932551472,9.6,0
1788888216.995671455,10.8,0
1788888217.059860600,10.3,0
1788888217.123489406,8.7,0
1788888217.185559236,9.0,0
1788888217.247890287,9.8,0
1788888217.311112744,10.9,0
1788888217.375878674,9.8,0
1788888217.439038727,11.2,0
1788888217.503842684,10.6,0
1788888217.567646151,10.4,0
1788888217.632103068,10.6,0
1788888217.696701837,9.7,0
1788888217.760057584,10.3,0
1788888217.824038377,10.6,0
1788888217.887975625,11.0,0
1788888217.952225041,10.5,0
1788888218.016624391,10.1,0
1788888218.080798755,10.9,0
1788888218.145068421,10.1,0
1788888218.208764578,15.8,0
1788888218.278543369,10.1,0
1788888218.342273156,10.7,0
1788888218.406719367,10.6,0
1788888218.470692218,10.1,0
1788888218.534133102,10.0,0
1788888218.597800586,11.4,0
1788888218.662668879,9.0,0
1788888218.725424707,11.9,0
1788888218.791164095,8.7,0
1788888218.853250340,9.6,0
1788888218.916835310,9.2,0
1788888218.979790727,10.0,0
1788888219.043261566,9.1,0
1788888219.105867889,9.9,0
1788888219.169351999,9.8,0
1788888219.232434045,11.6,0
1788888219.297389729,9.3,0
1788888219.360308161,11.1,0
1788888219.424989574,9.6,0
1788888219.487907454,9.6,0
1788888219.551080908,10.0,0
1788888219.614313279,9.7,0
1788888219.677346032,9.5,0
1788888219.740307999,10.6,0
1788888219.804018247,9.5,0
1788888219.867202146,10.5,0
1788888219.931239824,9.2,0
1788888219.994335030,10.5,0
1788888220.058399499,9.4,0
1788888220.121382527,10.8,0
1788888220.185602539,9.6,0
1788888220.248461531,10.9,0
1788888220.313212188,9.9,0
1788888220.376478911,10.5,0
1788888220.440486014,9.3,0
1788888220.502968462,9.8,0
1788888220.565903999,10.0,0
1788888220.629291684,11.9,0
1788888220.694510041,9.8,0
1788888220.757750695,10.7,0
1788888220.821800512,9.3,0
1788888220.884319105,9.3,0
1788888220.947052729,9.2,0
1788888221.009657670,9.3,0
1788888221.072289482,12.4,0
1788888221.138187379,10.0,0
1788888221.202046339,9.3,0
1788888221.264792622,9.5,0
1788888221.327825636,33.8,0
1788888221.415072222,9.7,0
1788888221.478074048,9.7,0
1788888221.541391738,9.8,0
1788888221.604585953,9.3,0
1788888221.667870452,9.4,0
1788888221.731543575,11.2,0
1788888221.796659629,10.6,0
1788888221.860686361,9.8,0
1788888221.924043951,11.5,0
1788888221.989064722,10.4,0
1788888222.052843483,11.4,0
1788888222.118328610,10.3,0
1788888222.182265929,9.5,0
1788888222.245298882,11.1,0
1788888222.310528396,9.9,0
1788888222.374014458,11.4,0
1788888222.438805445,9.9,0
1788888222.502785197,10.6,0
1788888222.567026470,9.7,0
1788888222.630226153,10.2,0
1788888222.693747779,10.8,0
1788888222.757789764,9.5,0
1788888222.820749397,10.3,0
1788888222.884915448,10.5,0
1788888222.948959646,10.0,0
1788888223.012237135,10.4,0
1788888223.076737557,13.5,0
1788888223.143715151,9.3,0
1788888223.206401785,10.0,0
1788888223.269607998,10.3,0
1788888223.333067780,9.7,0
1788888223.396141404,10.6,0
1788888223.459748928,9.4,0
1788888223.522369754,9.2,0
1788888223.585285271,9.7,0
1788888223.648564603,13.0,0
1788888223.715048487,10.0,0
1788888223.778464003,9.3,0
1788888223.841313742,10.3,0
1788888223.905543688,10.8,0
1788888223.969836860,8.9,0
1788888224.031969544,10.3,0
1788888224.095436107,9.7,0
1788888224.158354528,9.5,0
1788888224.221324196,9.4,0
1788888224.283984661,9.5,0
1788888224.347184414,9.6,0
1788888224.410049565,9.2,0
1788888224.472869419,9.5,0
1788888224.535828121,10.4,0
1788888224.599987542,9.6,0
1788888224.663069048,9.7,0
1788888224.725934059,9.4,0
1788888224.788758029,9.4,0
1788888224.851585283,9.5,0
1788888224.914395683,9.1,0
1788888224.976721817,9.3,0
1788888225.039114110,9.3,0
1788888225.101851400,9.8,0
1788888225.164814238,10.8,0
1788888225.228902252,9.4,0
1788888225.291609517,10.6,0
1788888225.355511412,9.8,0
1788888225.418870043,10.3,0
1788888225.482400932,9.5,0
1788888225.545386163,12.0,0
1788888225.610736819,14.3,0
1788888225.678784016,10.3,0
1788888225.742535696,9.2,0
1788888225.805053667,9.2,0
1788888225.867607603,9.3,0
1788888225.930186535,9.2,0
1788888225.992551177,9.4,0
1788888226.055219223,9.4,0
1788888226.118442722,9.9,0
1788888226.182025098,14.8,0
1788888226.250428849,9.2,0
1788888226.312898408,9.3,0
1788888226.375691992,10.2,0
1788888226.439512485,10.0,0
1788888226.502901091,10.6,0
1788888226.567521693,9.4,0
1788888226.630333445,9.5,0
1788888226.693179047,10.9,0
1788888226.757432829,10.3,0
1788888226.821279251,9.9,0
1788888226.884860306,10.7,0
1788888226.948780088,10.4,0
1788888227.012588412,11.1,0
1788888227.076937337,9.4,0
1788888227.139650912,10.4,0
1788888227.203226678,9.2,0
1788888227.265667484,9.2,0
1788888227.328316982,10.1,0
1788888227.391881592,9.0,0
1788888227.454570680,9.3,0
1788888227.517647218,9.4,0
1788888227.580274513,11.0,0
1788888227.644682126,10.2,0
1788888227.708289329,9.0,0
1788888227.770783155,10.7,0
1788888227.834853232,10.3,0
1788888227.898407857,10.5,0
1788888227.962045195,9.9,0
1788888228.025565528,10.9,0
1788888228.090076206,9.5,0
1788888228.153545263,10.6,0
1788888228.217537633,9.4,0
1788888228.280354973,9.6,0
1788888228.343560865,9.4,0
1788888228.406826697,9.5,0
1788888228.469666531,13.7,0
1788888228.536918566,9.9,0
1788888228.600327623,9.9,0
1788888228.663773354,9.0,0
1788888228.726243213,9.7,0
1788888228.790238358,10.0,0
1788888228.853542758,10.5,0
1788888228.918035118,10.9,0
1788888228.982381960,9.8,0
1788888229.045583315,9.7,0
1788888229.108708156,10.5,0
1788888229.172526576,9.4,0
1788888229.235268813,9.9,0
1788888229.298736298,11.0,0
1788888229.362843080,9.5,0
1788888229.425641081,9.6,0
1788888229.488391560,9.7,0
1788888229.551303542,10.3,0
1788888229.615052708,9.3,0
1788888229.677583108,9.5,0
1788888229.740375891,9.5,0
1788888229.803121935,9.8,0
1788888229.866222569,9.3,0
1788888229.928663144,9.6,0
1788888229.991784230,10.2,0
1788888230.055906916,10.9,0
1788888230.120329411,9.3,0
1788888230.183007983,11.4,0
1788888230.247813382,8.9,0
1788888230.309867969,9.5,0
1788888230.372908954,10.1,0
1788888230.436478871,11.8,0
1788888230.501559613,10.0,0
1788888230.564841269,9.3,0
1788888230.627165079,10.1,0
1788888230.690705462,10.0,0
1788888230.753964544,10.2,0
1788888230.817369435,10.2,0
1788888230.880741526,9.5,0
1788888230.943607008,9.9,0
1788888231.006775234,10.0,0
1788888231.070236188,9.8,0
1788888231.133588840,10.2,0
1788888231.197258718,10.1,0
1788888231.260781976,10.2,0
1788888231.324132284,9.6,0
1788888231.387428101,9.5,0
1788888231.450342206,10.2,0
1788888231.514096901,9.6,0
1788888231.577040630,9.7,0
1788888231.639776888,9.2,0
1788888231.702295641,9.2,0
1788888231.764732110,9.3,0
1788888231.827579706,9.5,0
1788888231.890127942,9.2,0
1788888231.952821988,10.3,0
1788888232.016724954,9.7,0
1788888232.080111968,10.7,0
1788888232.144975864,9.6,0
1788888232.208401236,9.3,0
1788888232.270836463,9.4,0
1788888232.333477809,10.0,0
1788888232.396807487,9.5,0
1788888232.459624586,12.0,0
1788888232.525070375,9.3,0
1788888232.587691010,10.0,0
1788888232.650988079,9.6,0
1788888232.713844247,11.0,0
1788888232.777992652,9.7,0
1788888232.841460026,9.5,0
1788888232.904577255,10.0,0
1788888232.968269035,10.2,0
1788888233.031944311,9.8,0
1788888233.095390894,10.1,0
1788888233.158904467,10.2,0
1788888233.222585551,11.0,0
1788888233.287298642,9.5,0
1788888233.350190083,9.6,0
1788888233.412851520,10.5,0
1788888233.477236579,9.9,0
1788888233.541274367,9.4,0
1788888233.604462613,10.3,0
1788888233.668641053,10.4,0
1788888233.732593554,9.7,0
1788888233.795725916,9.9,0
1788888233.859113070,9.5,0
1788888233.922022988,9.4,0
1788888233.984956522,11.2,0
1788888234.049681421,10.3,0
1788888234.113395935,10.5,0
1788888234.177256819,9.9,0
1788888234.241125835,9.5,0
1788888234.304174251,9.2,0
1788888234.366903659,9.3,0
1788888234.429472086,9.2,0
1788888234.491860103,9.6,0
1788888234.554691083,10.1,0
1788888234.618220029,9.7,0
1788888234.681379853,9.0,0
1788888234.743684654,10.5,0
1788888234.807439559,9.3,0
1788888234.870135648,9.7,0
1788888234.933546237,10.5,0
1788888234.997733950,9.5,0
1788888235.060531110,9.2,0
1788888235.123151685,10.0,0
1788888235.186687452,10.3,0
1788888235.250423859,9.6,0
1788888235.313383212,13.3,0
1788888235.380597080,10.4,0
1788888235.444408790,9.7,0
1788888235.507376715,9.0,0
1788888235.569712293,10.3,0
1788888235.633241039,10.1,0
1788888235.696635033,10.0,0
1788888235.759849038,9.8,0
1788888235.822898535,9.8,0
1788888235.886223096,10.2,0
1788888235.950100414,9.2,0
1788888236.012942301,9.5,0
1788888236.075727573,9.5,0
1788888236.138520696,9.4,0
1788888236.201036975,9.5,0
1788888236.264433854,9.2,0
1788888236.327040678,9.1,0
1788888236.389557137,9.4,0
1788888236.452355779,9.3,0
1788888236.514935032,12.5,0
1788888236.580459760,9.4,0
1788888236.643115287,10.2,0
1788888236.706798595,9.6,0
1788888236.770019339,9.1,0
1788888236.832494576,9.5,0
1788888236.895474680,9.4,0
1788888236.958368275,9.5,0
1788888237.021532564,9.1,0
1788888237.083851017,10.0,0
1788888237.147293123,10.2,0
1788888237.210888449,10.2,0
1788888237.274329403,9.8,0
1788888237.337887373,8.9,0
1788888237.400448950,9.2,0
1788888237.462969045,9.6,0
1788888237.526178502,9.6,0
1788888237.588886148,9.0,0
1788888237.650919032,10.8,0
1788888237.714955780,10.3,0
1788888237.778779508,9.8,0
1788888237.841818610,10.0,0
1788888237.904771513,9.6,0
1788888237.967784907,9.8,0
1788888238.031394574,9.9,0
1788888238.094748068,9.9,0
1788888238.157808262,10.3,0
1788888238.221611218,10.2,0
1788888238.285956448,10.7,0
1788888238.350006325,9.8,0
1788888238.413374651,10.1,0
1788888238.477019250,9.7,0
1788888238.539957752,9.9,0
1788888238.603276874,10.2,0
1788888238.666640132,9.8,0
1788888238.729740576,10.5,0
1788888238.793262301,10.1,0
1788888238.856646220,9.9,0
1788888238.919799344,10.1,0
1788888238.983360438,9.9,0
1788888239.046359340,9.9,0
1788888239.109728627,9.7,0
1788888239.172706798,9.5,0
1788888239.235812781,9.6,0
1788888239.298625774,10.1,0
1788888239.362005787,10.2,0
1788888239.425518449,9.9,0
1788888239.488705343,10.2,0
1788888239.552258165,9.8,0
1788888239.615376837,9.9,0
1788888239.678484211,9.6,0
1788888239.741780579,10.5,0
1788888239.805375945,9.6,0
1788888239.868720976,10.6,0
1788888239.932518004,9.5,0
1788888239.996297165,9.8,0
1788888240.059310659,9.3,0
1788888240.122350763,33.8,0
1788888240.209549367,9.1,0
1788888240.272295881,10.5,0
1788888240.336249855,9.3,0
1788888240.399440845,11.1,0
1788888240.463984541,9.1,0
1788888240.526464596,11.0,0
1788888240.590608805,9.3,0
1788888240.653221227,9.4,0
1788888240.715730426,9.6,0
1788888240.779492942,10.9,0
1788888240.843574226,9.7,0
1788888240.906586288,10.3,0
1788888240.970590006,9.9,0
1788888241.033691451,14.9,0
1788888241.101978458,9.5,0
1788888241.164747615,9.6,0
1788888241.227728480,9.6,0
1788888241.290799701,9.2,0
1788888241.353345674,9.6,0
1788888241.416602373,9.0,0
1788888241.478893674,10.0,0
1788888241.542286076,9.8,0
1788888241.605443115,12.8,0
1788888241.671826800,9.5,0
1788888241.734740884,9.9,0
1788888241.797897072,9.9,0
1788888241.861202263,10.0,0
1788888241.925055806,11.9,0
1788888241.990481955,9.7,0
1788888242.053684122,9.4,0
1788888242.116402914,10.0,0
1788888242.179754585,12.6,0
1788888242.245836797,9.3,0
1788888242.308588919,9.3,0
1788888242.371528363,9.8,0
1788888242.435009538,10.4,0
1788888242.498808148,9.5,0
1788888242.561586489,10.1,0
1788888242.625037799,9.4,0
1788888242.687869621,8.9,0
1788888242.750361704,9.4,0
1788888242.813297712,10.2,0
1788888242.876839728,9.0,0
1788888242.939450578,9.4,0
1788888243.002247718,9.5,0
1788888243.065328924,9.4,0
1788888243.128077100,9.7,0
1788888243.191214059,10.3,0
1788888243.254952799,10.4,0
1788888243.318727955,12.3,0
1788888243.384624840,9.0,0
1788888243.447158455,9.1,0
1788888243.509691278,11.1,0
1788888243.574211420,10.0,0
1788888243.637649069,9.6,0
1788888243.700527341,9.4,0
1788888243.763398031,9.4,0
1788888243.826145717,9.3,0
1788888243.888930358,10.2,0
1788888243.952493355,9.0,0
1788888244.014823575,10.3,0
1788888244.078560302,12.3,0
1788888244.144504238,10.8,0
1788888244.208912402,11.3,0
1788888244.273804841,9.8,0
1788888244.337218585,9.4,0
1788888244.400191518,10.6,0
1788888244.464324880,9.3,0
1788888244.527036352,9.9,0
1788888244.590579569,9.7,0
1788888244.653797340,9.8,0
1788888244.717269972,8.9,0
1788888244.779349606,9.5,0
1788888244.842195439,9.6,0
1788888244.904920561,10.0,0
1788888244.968016458,9.3,0
1788888245.030665826,9.0,0
1788888245.093253933,11.2,0
1788888245.157952662,9.9,0
1788888245.221074939,9.9,0
1788888245.284174232,12.6,0
1788888245.350057085,10.0,0
1788888245.413405101,9.6,0
1788888245.476378865,9.7,0
1788888245.539495374,10.9,0
1788888245.603590108,8.9,0
1788888245.665831104,11.0,0
1788888245.730266098,9.7,0
1788888245.793933262,10.2,0
1788888245.857528317,10.2,0
1788888245.921275661,9.4,0
1788888245.983953432,9.6,0
1788888246.047225984,9.8,0
1788888246.110505737,10.0,0
1788888246.173810868,10.7,0
1788888246.237796359,9.9,0
1788888246.303552522,9.5,0
1788888246.366825115,10.3,0
1788888246.430632859,10.7,0
1788888246.494725259,8.8,0
1788888246.557065475,9.5,0
1788888246.620248462,9.3,0
1788888246.682472003,9.2,0
1788888246.744979438,12.4,0
1788888246.811015732,10.7,0
1788888246.875491097,10.8,0
1788888246.939841484,9.9,0
1788888247.003244902,10.2,0
1788888247.066621270,9.6,0
1788888247.129935905,10.4,0
1788888247.193808206,10.2,0
1788888247.257511243,10.2,0
1788888247.321298978,9.7,0
1788888247.384756216,9.6,0
1788888247.447691683,9.2,0
1788888247.510416445,9.9,0
1788888247.573822287,9.8,0
1788888247.637132415,9.9,0
1788888247.700536805,10.1,0
1788888247.763880194,10.1,0
1788888247.827194779,9.5,0
1788888247.889728003,14.8,0
1788888247.957929371,9.3,0
1788888248.020564518,9.6,0
1788888248.083348608,10.3,0
1788888248.147407308,9.5,0
1788888248.210503747,10.4,0
1788888248.274226694,9.2,0
1788888248.337232506,10.5,0
1788888248.401766449,9.2,0
1788888248.464517730,9.6,0
1788888248.527568239,9.1,0
1788888248.590283226,10.1,0
1788888248.653643499,9.4,0
1788888248.716394260,9.4,0
1788888248.779145441,8.7,0
1788888248.841164254,9.4,0
1788888248.903828365,9.5,0
1788888248.967143250,9.7,0
1788888249.030246128,9.6,0
1788888249.092891871,9.9,0
1788888249.156030603,10.0,0
1788888249.219680420,10.6,0
1788888249.283781725,9.7,0
1788888249.346791563,9.0,0
1788888249.409139380,9.5,0
1788888249.471973875,10.2,0
1788888249.535813717,9.4,0
1788888249.598529866,14.2,0
1788888249.666108551,8.8,0
1788888249.728411070,9.9,0
1788888249.791680327,9.3,0
1788888249.854507912,9.7,0
1788888249.917650500,9.5,0
1788888249.980508421,10.8,0
1788888250.044892789,9.9,0
1788888250.108166363,10.6,0
1788888250.172198843,33.1,0
1788888250.258711921,10.0,0
1788888250.322178664,9.4,0
1788888250.384878839,9.9,0
1788888250.448063439,10.8,0
1788888250.512348248,9.3,0
1788888250.574904167,10.7,0
1788888250.639045040,9.9,0
1788888250.702585193,10.7,0
1788888250.766491155,14.0,0
1788888250.834237090,10.1,0
1788888250.897677814,10.2,0
1788888250.961601232,10.5,0
1788888251.025591289,9.8,0
1788888251.088681688,10.5,0
1788888251.153176102,10.6,0
1788888251.217147641,9.9,0
1788888251.280693233,9.7,0
1788888251.343830622,10.0,0
1788888251.407196935,10.3,0
1788888251.470760022,9.3,0
1788888251.533583642,9.1,0
1788888251.596488263,10.9,0
1788888251.661128725,10.4,0
1788888251.724957751,9.9,0
1788888251.788718865,11.1,0
1788888251.853367199,10.6,0
1788888251.917685739,11.2,0
1788888251.982357958,10.0,0
1788888252.045759614,10.0,0
1788888252.109273848,10.2,0
1788888252.172755183,9.8,0
1788888252.236005923,10.0,0
1788888252.299217354,9.5,0
1788888252.362510146,10.4,0
1788888252.426405582,10.2,0
1788888252.490771543,9.7,0
1788888252.554601420,9.9,0
1788888252.618156526,10.8,0
1788888252.681884350,10.0,0
1788888252.745216892,14.9,0
1788888252.813780413,10.1,0
1788888252.877488377,10.0,0
1788888252.941384054,9.9,0
1788888253.004834072,10.3,0
1788888253.068618811,9.6,0
1788888253.131741930,9.3,0
1788888253.194415504,10.1,0
1788888253.257909608,10.3,0
1788888253.321670412,9.9,0
1788888253.384816876,10.3,0
1788888253.448555877,8.9,0
1788888253.511307719,10.3,0
1788888253.574798548,9.7,0
1788888253.637799914,10.3,0
1788888253.701623762,9.4,0
1788888253.764194733,9.7,0
1788888253.827140035,9.0,0
1788888253.889516325,8.8,0
1788888253.951678994,9.4,0
1788888254.014719438,9.8,0
1788888254.078002315,9.2,0
1788888254.140501469,10.2,0
1788888254.204949873,9.5,0
1788888254.268074814,11.0,0
1788888254.332363038,10.0,0
1788888254.395852997,9.7,0
1788888254.458946260,12.0,0
1788888254.524461223,10.0,0
1788888254.587879683,9.1,0
1788888254.650419758,11.5,0
1788888254.715247731,9.4,0
1788888254.778051020,10.5,0
1788888254.841858985,10.0,0
1788888254.905663233,9.8,0
1788888254.968722176,9.3,0
1788888255.031344744,11.5,0
1788888255.096023023,9.1,0
1788888255.158664980,9.4,0
1788888255.221581849,9.1,0
1788888255.284281133,10.2,0
1788888255.348285071,9.8,0
1788888255.411522380,9.7,0
1788888255.474603916,9.2,0
1788888255.537381968,9.8,0
1788888255.600587780,12.1,0
1788888255.666253538,11.4,0
1788888255.731135131,9.5,0
1788888255.793916708,10.3,0
1788888255.857735970,9.8,0
1788888255.920697235,10.2,0
1788888255.984191239,9.5,0
1788888256.047350993,9.6,0
1788888256.110256945,10.1,0
1788888256.174064670,14.0,0
1788888256.241948732,9.9,0
1788888256.305110899,10.1,0
1788888256.368482630,10.3,0
1788888256.432450775,9.5,0
1788888256.495141014,10.5,0
1788888256.558904312,9.4,0
1788888256.621605658,10.6,0
1788888256.685852180,9.7,0
1788888256.748669139,11.6,0
1788888256.813523051,9.4,0
1788888256.876404107,10.7,0
1788888256.940904639,10.4,0
1788888257.005070781,10.2,0
1788888257.068841790,9.4,0
1788888257.131742946,10.7,0
1788888257.195773594,9.2,0
1788888257.258526608,10.2,0
1788888257.322538628,13.4,0
1788888257.389719517,10.9,0
1788888257.454307119,10.6,0
1788888257.518941012,11.8,0
1788888257.584423516,11.2,0
1788888257.649275685,10.6,0
1788888257.713710629,11.3,0
1788888257.778306184,11.0,0
1788888257.843066816,10.1,0
1788888257.906588371,15.9,0
1788888257.975671380,9.4,0
1788888258.038475971,11.0,0
1788888258.103272998,9.9,0
1788888258.166557618,12.3,0
1788888258.232703396,9.8,0
1788888258.295815408,9.8,0
1788888258.359264795,9.9,0
1788888258.422979390,10.9,0
1788888258.487085371,10.1,0
1788888258.550365344,10.5,0
1788888258.614069914,10.4,0
1788888258.677482696,11.0,0
1788888258.741598512,9.4,0
1788888258.804421000,9.7,0
1788888258.867398861,9.4,0
1788888258.930123001,10.1,0
1788888258.993452539,9.9,0
1788888259.056826543,10.5,0
1788888259.121315608,9.8,0
1788888259.184286328,10.0,0
1788888259.247537579,9.6,0
1788888259.310384653,9.6,0
1788888259.373104618,9.3,0
1788888259.435916159,9.9,0
1788888259.499308912,9.2,0
1788888259.561711260,9.9,0
1788888259.625203020,9.9,0
1788888259.688555212,8.8,0
1788888259.750864471,9.1,0
1788888259.813498406,10.7,0
1788888259.877680221,9.7,0
1788888259.940966554,9.9,0
1788888260.004110654,10.7,0
1788888260.068021552,10.8,0
1788888260.132291469,10.0,0
1788888260.195608118,10.0,0
1788888260.259488591,9.4,0
1788888260.322576086,9.5,0
1788888260.385636981,9.9,0
1788888260.448792778,15.4,0
1788888260.517756629,9.8,0
1788888260.580830924,10.2,0
1788888260.644782123,10.2,0
1788888260.708268586,9.5,0
1788888260.770937113,9.8,0
1788888260.834270076,9.5,0
1788888260.897058153,9.5,0
1788888260.959978126,9.4,0
1788888261.022829418,10.3,0
1788888261.086645013,9.9,0
1788888261.149961121,10.0,0
1788888261.214063246,10.1,0
1788888261.277469179,10.0,0
1788888261.340641150,10.9,0
1788888261.404869695,9.8,0
1788888261.468491090,9.8,0
1788888261.531562741,9.4,0
1788888261.594713671,13.4,0
1788888261.661911275,10.1,0
1788888261.725497437,9.6,0
1788888261.788361017,9.3,0
1788888261.851131237,10.1,0
1788888261.914539372,9.8,0
1788888261.977706807,33.8,0
1788888262.065021165,10.2,0
1788888262.128582831,9.6,0
1788888262.191435043,10.3,0
1788888262.255554635,9.0,0
1788888262.317988130,11.4,0
1788888262.382779267,9.3,0
1788888262.445902215,10.9,0
1788888262.511034484,9.4,0
1788888262.573857724,10.8,0
1788888262.638268572,9.2,0
1788888262.700873183,12.3,0
1788888262.767187343,10.4,0
1788888262.831050370,10.4,0
1788888262.895083632,10.4,0
1788888262.958871877,9.7,0
1788888263.021936889,13.4,0
1788888263.088670237,9.5,0
1788888263.151475068,10.0,0
1788888263.214786920,10.2,0
1788888263.278704999,9.5,0
1788888263.341641618,10.8,0
1788888263.405865516,9.4,0
1788888263.468862385,10.0,0
1788888263.532690871,9.3,0
1788888263.595381271,12.6,0
1788888263.661570624,10.3,0
1788888263.725223095,11.1,0
1788888263.789691329,9.9,0
1788888263.852980747,9.5,0
1788888263.915731147,9.0,0
1788888263.978143310,10.0,0
1788888264.041390684,9.3,0
1788888264.104014875,9.3,0
1788888264.166694579,14.5,0
1788888264.234556678,9.4,0
1788888264.297283644,10.2,0
1788888264.360764818,9.0,0
1788888264.423161148,9.4,0
1788888264.485915033,10.8,0
1788888264.549972852,9.5,0
1788888264.613005254,9.7,0
1788888264.676222985,10.0,0
1788888264.740069617,14.1,0
1788888264.807538467,9.2,0
1788888264.869970510,9.7,0
1788888264.933281330,9.7,0
1788888264.996795644,9.0,0
1788888265.059182029,9.1,0
1788888265.121534422,9.0,0
1788888265.183932524,9.5,0
1788888265.247802682,9.6,0
1788888265.310851088,11.5,0
1788888265.376062636,9.4,0
1788888265.438782290,10.3,0
1788888265.502722733,9.5,0
1788888265.565618271,9.6,0
1788888265.628856161,9.6,0
1788888265.691794403,10.0,0
1788888265.755246904,9.6,0
1788888265.818272327,9.5,0
1788888265.881126862,9.1,0
1788888265.943426487,9.8,0
1788888266.007136985,8.9,0
1788888266.069544952,10.0,0
1788888266.132885186,9.3,0
1788888266.195757538,8.9,0
1788888266.258104324,9.2,0
1788888266.320547203,9.5,0
1788888266.383527497,9.9,0
1788888266.446700731,10.6,0
1788888266.510461905,10.5,0
1788888266.574689869,10.4,0
1788888266.638404534,10.4,0
1788888266.702330916,11.0,0
1788888266.767298568,9.1,0
1788888266.829704332,10.1,0
1788888266.893305817,9.5,0
1788888266.956088846,9.8,0
1788888267.019326917,9.5,0
1788888267.082254322,10.5,0
1788888267.146478971,10.0,0
1788888267.210181768,10.3,0
1788888267.274333988,9.5,0
1788888267.337091529,10.4,0
1788888267.400954436,9.6,0
1788888267.463985546,10.9,0
1788888267.528204847,9.8,0
1788888267.591182307,9.6,0
1788888267.653957585,9.3,0
1788888267.716395857,9.1,0
1788888267.779011024,9.9,0
1788888267.842947772,13.1,0
1788888267.909587840,10.4,0
1788888267.973712179,10.4,0
1788888268.037476729,10.4,0
1788888268.101419315,10.2,0
1788888268.165145247,10.0,0
1788888268.228294795,9.2,0
1788888268.290839506,9.9,0
1788888268.354249965,10.2,0
1788888268.417944270,9.8,0
1788888268.481185325,9.8,0
1788888268.544290026,10.0,0
1788888268.607868176,9.7,0
1788888268.670752627,9.9,0
1788888268.733834573,10.7,0
1788888268.798028366,10.0,0
1788888268.861714478,11.7,0
1788888268.927225875,10.7,0
1788888268.991877454,11.9,0
1788888269.058630121,9.7,0
1788888269.122055423,10.1,0
1788888269.185680573,10.1,0
1788888269.249154327,10.2,0
1788888269.313230724,12.8,0
1788888269.379148600,9.3,0
1788888269.442258820,9.3,0
1788888269.504917842,10.5,0
1788888269.568732868,9.5,0
1788888269.631849656,10.7,0
1788888269.695960215,9.1,0
1788888269.758412568,9.8,0
1788888269.822060272,9.3,0
1788888269.884680437,10.4,0
1788888269.948334641,9.3,0
1788888270.010769439,10.5,0
1788888270.075410662,9.4,0
1788888270.138456544,10.8,0
1788888270.202831779,10.0,0
1788888270.266540655,12.9,0
1788888270.332949017,10.0,0
1788888270.396775119,12.1,0
1788888270.462618974,9.5,0
1788888270.525308713,10.5,0
1788888270.589193583,9.9,0
1788888270.652776691,10.5,0
1788888270.716696473,9.4,0
1788888270.779331259,10.4,0
1788888270.843322399,9.5,0
1788888270.906450484,9.9,0
1788888270.969690909,9.9,0
1788888271.033164633,10.1,0
1788888271.096468692,9.1,0
1788888271.158911631,9.4,0
1788888271.221597665,9.1,0
1788888271.284496317,9.6,0
1788888271.347257072,9.6,0
1788888271.410132500,9.1,0
1788888271.472857902,9.9,0
1788888271.536105026,9.1,0
1788888271.598609377,9.4,0
1788888271.661390604,8.7,0
1788888271.723437559,9.2,0
1788888271.785816062,10.1,0
1788888271.849308474,9.5,0
1788888271.912262960,10.0,0
1788888271.975917344,9.8,0
1788888272.039126892,9.7,0
1788888272.102131353,10.5,0
1788888272.165717555,13.6,0
1788888272.232999916,9.8,0
1788888272.296030476,10.0,0
1788888272.359383489,9.1,0
1788888272.421844685,9.6,0
1788888272.484957068,9.4,0
1788888272.547724643,9.6,0
1788888272.611235753,9.9,0
1788888272.674853944,9.6,0
1788888272.738103611,9.7,0
1788888272.801176485,9.6,0
1788888272.864178432,9.3,0
1788888272.926865116,9.1,0
1788888272.989260624,9.6,0
1788888273.052123362,9.5,0
1788888273.114895675,9.3,0
1788888273.177605875,8.8,0
1788888273.239774984,9.1,0
1788888273.302221288,10.3,0
1788888273.365730976,9.8,0
1788888273.428694105,9.4,0
1788888273.491296753,9.5,0
1788888273.554108715,10.0,0
1788888273.617485925,9.6,0
1788888273.680483585,9.8,0
1788888273.743729988,9.5,0
1788888273.806423533,9.5,0
1788888273.869225440,9.5,0
1788888273.931904723,9.0,0
1788888273.994101494,10.2,0
1788888274.057542378,9.8,0
1788888274.120653359,9.9,0
1788888274.183745931,10.0,0
1788888274.246944232,9.9,0
1788888274.310026500,9.9,0
1788888274.373117560,9.4,0
1788888274.436011906,10.0,0
1788888274.499656536,8.7,0
1788888274.561574348,9.0,0
1788888274.623756166,9.8,0
1788888274.686662820,9.6,0
1788888274.749700390,9.9,0
1788888274.812996187,9.1,0
1788888274.875552407,9.1,0
1788888274.938021966,9.7,0
1788888275.001087207,9.0,0
1788888275.063411809,9.6,0
1788888275.126441568,8.7,0
1788888275.188559049,9.5,0
1788888275.251441748,9.2,0
1788888275.314145988,11.8,0
1788888275.379330556,10.2,0
1788888275.442751160,9.3,0
1788888275.505462281,9.5,0
1788888275.568080453,9.4,0
1788888275.630857373,9.4,0
1788888275.693679961,10.0,0
1788888275.756985433,10.2,0
1788888275.820387479,9.2,0
1788888275.882737719,11.8,0
1788888275.947821436,9.5,0
1788888276.010508341,9.2,0
1788888276.073444449,9.5,0
1788888276.136719755,9.3,0
1788888276.199705658,9.0,0
1788888276.261899464,9.8,0
1788888276.325099858,33.2,0
1788888276.412013927,9.7,0
1788888276.475039750,11.1,0
1788888276.539359942,9.2,0
1788888276.601767568,9.6,0
1788888276.664541053,9.2,0
1788888276.727004002,9.9,0
1788888276.790354651,9.6,0
1788888276.853464039,9.3,0
1788888276.915899437,10.1,0
1788888276.979330347,10.1,0
1788888277.042748978,9.7,0
1788888277.105568492,11.0,0
1788888277.169964608,10.1,0
1788888277.233722738,10.3,0
1788888277.297885955,11.0,0
1788888277.362390704,10.6,0
1788888277.426135133,10.5,0
1788888277.489792312,9.6,0
1788888277.553137783,10.5,0
1788888277.617622462,11.8,0
1788888277.682916714,10.1,0
1788888277.747288844,11.0,0
1788888277.811689156,9.5,0
1788888277.875107838,10.1,0
1788888277.938558728,9.7,0
1788888278.001370670,10.0,0
1788888278.065222030,9.6,0
1788888278.128305378,9.7,0
1788888278.191260075,10.6,0
1788888278.255917382,10.2,0
1788888278.319816714,10.9,0
1788888278.384289665,9.3,0
1788888278.446919875,18.8,0
1788888278.519169890,10.0,0
1788888278.582708130,11.1,0
1788888278.647327180,9.6,0
1788888278.710422026,9.9,0
1788888278.773765695,9.5,0
1788888278.836563396,9.7,0
1788888278.899864632,9.5,0
1788888278.962801431,10.1,0
1788888279.026336166,9.4,0
1788888279.089242820,10.6,0
1788888279.153322292,9.7,0
1788888279.216358770,11.0,0
1788888279.281077961,9.0,0
1788888279.343297916,9.5,0
1788888279.406235316,10.1,0
1788888279.469682039,10.4,0
1788888279.533545407,9.9,0
1788888279.596716718,10.5,0
1788888279.660315359,9.5,0
1788888279.723035864,10.7,0
1788888279.787193122,9.5,0
1788888279.850195921,10.7,0
1788888279.914137115,9.6,0
1788888279.977013503,9.6,0
1788888280.039943483,9.2,0
1788888280.102485010,9.4,0
1788888280.165416090,9.3,0
1788888280.228279720,9.6,0
1788888280.291200105,9.8,0
1788888280.354524074,8.9,0
1788888280.417090288,9.4,0
1788888280.480085475,9.6,0
1788888280.543218558,9.9,0
1788888280.606604901,9.0,0
1788888280.669372337,9.0,0
1788888280.731623529,11.6,0
1788888280.796512463,9.6,0
1788888280.859534380,9.5,0
1788888280.922343358,9.6,0
1788888280.985040989,9.3,0
1788888281.047597498,9.7,0
1788888281.111081688,10.4,0
1788888281.175041009,9.5,0
1788888281.237693964,9.3,0
1788888281.300047288,10.4,0
1788888281.364003225,33.6,0
1788888281.450806247,10.8,0
1788888281.514810396,9.7,0
1788888281.578126293,9.9,0
1788888281.641164124,9.1,0
1788888281.703708445,9.5,0
1788888281.766568259,9.2,0
1788888281.829010207,9.8,0
1788888281.892099966,10.2,0
1788888281.955565217,10.4,0
1788888282.019255535,9.7,0
1788888282.082212815,11.1,0
1788888282.146515171,9.9,0
1788888282.209767212,10.3,0
1788888282.274017320,10.9,0
1788888282.338723270,10.7,0
1788888282.402531365,10.1,0
1788888282.465986842,9.1,0
1788888282.529004572,10.0,0
1788888282.592304806,9.3,0
1788888282.655045642,9.6,0
1788888282.718091715,10.7,0
1788888282.782908942,10.7,0
1788888282.846940442,9.8,0
1788888282.910131962,10.6,0
1788888282.974055701,10.4,0
1788888283.038218517,9.8,0
1788888283.101510589,10.5,0
1788888283.165146195,10.4,0
1788888283.229304685,9.9,0
1788888283.292890267,10.2,0
1788888283.356780064,10.5,0
1788888283.421020487,8.9,0
1788888283.483156546,11.3,0
1788888283.548682886,10.0,0
1788888283.612075849,9.5,0
1788888283.675051607,9.7,0
1788888283.738089257,11.2,0
1788888283.803345162,9.9,0
1788888283.866609852,9.5,0
1788888283.929609936,10.1,0
1788888283.993268097,10.4,0
1788888284.057287809,10.9,0
1788888284.121548382,9.8,0
1788888284.184561886,9.6,0
1788888284.247829912,10.3,0
1788888284.311837125,10.5,0
1788888284.376022245,11.9,0
1788888284.441845700,9.7,0
1788888284.505069860,10.4,0
1788888284.568889732,9.4,0
1788888284.631607574,10.3,0
1788888284.695567406,11.1,0
1788888284.760202771,9.8,0
1788888284.823574121,9.6,0
1788888284.886824000,9.6,0
1788888284.949782862,8.9,0
1788888285.012082196,9.8,0
1788888285.075175630,9.5,0
1788888285.138045269,10.3,0
1788888285.202317399,9.5,0
1788888285.265411744,11.1,0
1788888285.329740600,9.4,0
1788888285.392369227,10.3,0
1788888285.455932045,9.4,0
1788888285.518764377,9.5,0
1788888285.581825263,10.1,0
1788888285.645336413,10.1,0
1788888285.708881203,10.2,0
1788888285.772427556,9.6,0
1788888285.835258466,11.3,0
1788888285.900295233,8.9,0
1788888285.962432564,9.2,0
1788888286.024736395,9.4,0
1788888286.087614076,10.2,0
1788888286.151320729,8.9,0
1788888286.213534064,9.3,0
1788888286.276313768,10.0,0
1788888286.339360742,9.4,0
1788888286.402149590,34.9,0
1788888286.490458619,9.3,0
1788888286.553213065,9.9,0
1788888286.616292007,10.9,0
1788888286.680427733,10.0,0
1788888286.743917091,11.2,0
1788888286.808421629,9.7,0
1788888286.871361433,10.1,0
1788888286.935033123,11.0,0
1788888286.999696210,10.4,0
1788888287.063594340,10.0,0
1788888287.127037778,10.8,0
1788888287.191700754,11.8,0
1788888287.258262906,11.4,0
1788888287.323568024,9.0,0
1788888287.385891755,9.6,0
1788888287.448660743,9.2,0
1788888287.511078033,9.2,0
1788888287.573783045,10.4,0
1788888287.637040836,9.6,0
1788888287.699770595,9.8,0
1788888287.762771240,9.6,0
1788888287.825515421,10.0,0
1788888287.888797578,9.1,0
1788888287.951140487,9.4,0
1788888288.013647542,9.7,0
1788888288.076341718,9.6,0
1788888288.139159549,9.5,0
1788888288.202022608,9.4,0
1788888288.264619298,9.8,0
1788888288.327627354,9.4,0
1788888288.390225196,9.6,0
1788888288.453184158,9.2,0
1788888288.515539166,9.1,0
1788888288.578035245,9.7,0
1788888288.641240206,9.4,0
1788888288.703700811,10.8,0
1788888288.767783638,9.8,0
1788888288.830895099,9.6,0
1788888288.893773031,9.4,0
1788888288.956325864,9.4,0
1788888289.019074712,9.7,0
1788888289.082240705,10.0,0
1788888289.145412246,9.5,0
1788888289.208628394,12.5,0
1788888289.274465720,10.1,0
1788888289.337796219,8.9,0
1788888289.399931788,9.8,0
1788888289.462760205,10.2,0
1788888289.526344244,9.5,0
1788888289.589073663,9.0,0
1788888289.651227699,10.3,0
1788888289.714810146,9.8,0
1788888289.777909849,9.6,0
1788888289.841022051,10.4,0
1788888289.904680112,9.7,0
1788888289.968152554,9.2,0
1788888290.031088091,11.1,0
1788888290.095481533,9.8,0
1788888290.158737311,9.9,0
1788888290.222062532,9.8,0
1788888290.285304930,9.9,0
1788888290.348401668,9.4,0
1788888290.411120351,12.7,0
1788888290.477025558,9.4,0
1788888290.539680165,10.7,0
1788888290.604129691,9.8,0
1788888290.667671627,10.3,0
1788888290.731654404,11.6,0
1788888290.796747384,10.2,0
1788888290.860569210,10.1,0
1788888290.924127370,10.7,0
1788888290.988254563,9.9,0
1788888291.051558513,9.3,0
1788888291.114016054,9.4,0
1788888291.177158452,11.3,0
1788888291.242642378,9.5,0
1788888291.305556073,11.4,0
1788888291.370707050,9.0,0
1788888291.433051572,10.0,0
1788888291.496729622,9.5,0
1788888291.559641825,12.3,0
1788888291.625556807,9.5,0
1788888291.688526706,9.2,0
1788888291.751108673,9.5,0
1788888291.814130540,10.8,0
1788888291.878168880,8.9,0
1788888291.940369797,10.3,0
1788888292.003812214,9.4,0
1788888292.066619449,11.3,0
1788888292.131440071,9.6,0
1788888292.194578383,10.6,0
1788888292.258335812,9.3,0
1788888292.321066302,9.4,0
1788888292.383910262,9.8,0
1788888292.446994602,10.3,0
1788888292.511568245,10.0,0
1788888292.574800647,9.9,0
1788888292.638162613,9.2,0
1788888292.700612033,9.1,0
1788888292.763134782,9.4,0
1788888292.825791081,9.9,0
1788888292.888965677,9.5,0
1788888292.951803607,9.9,0
1788888293.015153466,9.6,0
1788888293.078156474,9.5,0
1788888293.140894326,9.4,0
1788888293.203775812,10.4,0
1788888293.267354634,9.2,0
1788888293.330304202,9.8,0
1788888293.393521793,9.4,0
1788888293.456476138,10.2,0
1788888293.520000828,9.9,0
1788888293.583159650,10.0,0
1788888293.646989889,9.7,0
1788888293.710086237,10.5,0
1788888293.774841401,9.6,0
1788888293.837880774,10.6,0
1788888293.901831914,9.9,0
1788888293.965368522,9.5,0
1788888294.028833733,9.8,0
1788888294.091946707,9.4,0
1788888294.154728584,9.0,0
1788888294.217040267,9.9,0
1788888294.280195373,9.4,0
1788888294.343217110,10.3,0
1788888294.406972486,8.8,0
1788888294.469211339,10.7,0
1788888294.533343079,9.3,0
1788888294.595945227,10.8,0
1788888294.659807814,9.6,0
1788888294.722862780,10.0,0
1788888294.786495593,9.8,0
1788888294.849777770,9.6,0
1788888294.913257152,9.5,0
1788888294.976186901,10.5,0
1788888295.040606753,9.2,0
1788888295.103144344,9.5,0
1788888295.166366711,9.7,0
1788888295.229477291,9.4,0
1788888295.292328833,9.8,0
1788888295.355689307,9.1,0
1788888295.418203763,9.5,0
1788888295.481083357,9.3,0
1788888295.543813707,13.6,0
1788888295.610901256,10.6,0
1788888295.674892676,9.5,0
1788888295.737743357,9.1,0
1788888295.800244363,9.7,0
1788888295.863549094,10.4,0
1788888295.927549126,9.9,0
1788888295.990780527,9.4,0
1788888296.053365719,9.0,0
1788888296.115718193,15.5,0
1788888296.184803586,9.2,0
1788888296.247381378,9.8,0
1788888296.310726289,10.5,0
1788888296.374783998,9.7,0
1788888296.437938974,10.4,0
1788888296.502221850,9.9,0
1788888296.565492020,9.7,0
1788888296.628714216,10.2,0
1788888296.692289783,13.5,0
1788888296.759438804,10.0,0
1788888296.822972719,9.8,0
1788888296.886114525,9.3,0
1788888296.948795932,10.5,0
1788888297.012597187,9.8,0
1788888297.075686995,10.5,0
1788888297.139417995,9.5,0
1788888297.202304098,11.1,0
1788888297.266747846,10.0,0
1788888297.330778314,10.2,0
1788888297.394735282,9.4,0
1788888297.457570129,10.9,0
1788888297.521981158,10.3,0
1788888297.585668522,11.2,0
1788888297.650555443,9.5,0
1788888297.713529218,11.1,0
1788888297.778061548,11.5,0
1788888297.842901440,11.0,0
1788888297.907188362,11.6,0
1788888297.972240772,9.9,0
1788888298.036108957,9.7,0
1788888298.099594078,10.9,0
1788888298.164106518,11.0,0
1788888298.228827922,10.5,0
1788888298.292920874,10.0,0
1788888298.356862649,10.8,0
1788888298.420888621,13.9,0
1788888298.488450381,10.2,0
1788888298.552325686,9.6,0
1788888298.615586952,10.7,0
1788888298.680306242,9.2,0
1788888298.742743643,9.6,0
1788888298.805812711,9.1,0
1788888298.868337693,11.2,0
1788888298.933703583,9.6,0
1788888298.997034012,13.3,0
1788888299.063947570,9.1,0
1788888299.126809047,10.0,0
1788888299.190562921,9.8,0
1788888299.253715023,9.4,0
1788888299.316544131,9.2,0
1788888299.379075192,9.9,0
1788888299.442453133,9.3,0
1788888299.505699166,10.9,0
1788888299.569964255,9.7,0
1788888299.632991671,10.4,0
1788888299.697057903,9.2,0
1788888299.759692529,9.5,0
1788888299.822449830,9.4,0
1788888299.885211326,10.2,0
1788888299.949529556,9.4,0
1788888300.012840506,9.1,0
1788888300.075118909,9.1,0
1788888300.137494397,10.2,0
1788888300.201072468,9.9,0
1788888300.264269277,9.0,0
1788888300.326659838,9.0,0
1788888300.389054685,10.9,0
1788888300.453490431,8.9,0
1788888300.515765328,9.0,0
1788888300.578163190,9.3,0
1788888300.640756474,9.6,0
1788888300.703579804,8.9,0
1788888300.766175382,9.9,0
1788888300.829554895,9.6,0
1788888300.892838905,9.5,0
1788888300.955843165,9.5,0
1788888301.018865092,10.6,0
1788888301.083307838,9.4,0
1788888301.146281453,9.0,0
1788888301.208559305,9.1,0
1788888301.270958359,11.6,0
1788888301.335858450,9.4,0
1788888301.398615089,9.1,0
1788888301.460932751,9.3,0
1788888301.523635250,9.2,0
1788888301.586155314,8.9,0
1788888301.648227989,10.7,0
1788888301.712393670,9.5,0
1788888301.775543539,9.1,0
1788888301.837875602,12.1,0
1788888301.903425317,9.5,0
1788888301.966345591,9.6,0
1788888302.028956583,11.0,0
1788888302.093557996,8.9,0
1788888302.155881938,10.9,0
1788888302.220323051,9.3,0
1788888302.283017327,9.2,0
1788888302.345931703,9.4,0
1788888302.408762313,12.1,0
1788888302.474428373,9.5,0
1788888302.537480485,9.1,0
1788888302.600001311,9.5,0
1788888302.663016968,8.9,0
1788888302.725179648,8.8,0
1788888302.787159013,9.7,0
1788888302.850146298,9.9,0
1788888302.913646812,9.6,0
1788888302.976614307,13.1,0
1788888303.043286665,9.1,0
1788888303.105783795,9.9,0
1788888303.169193153,9.3,0
1788888303.231930373,9.3,0
1788888303.294441154,10.0,0
1788888303.357817052,9.6,0
1788888303.420713891,9.4,0
1788888303.483350761,9.6,0
1788888303.546151447,9.6,0
1788888303.609097290,10.1,0
1788888303.672592706,9.6,0
1788888303.735629856,9.8,0
1788888303.798847316,9.4,0
1788888303.861900791,10.2,0
1788888303.925768335,10.5,0
1788888303.989546375,10.1,0
1788888304.052788261,9.5,0
1788888304.115826733,13.0,0
1788888304.182036797,10.2,0
1788888304.245886725,10.6,0
1788888304.309592937,10.1,0
1788888304.373221574,10.8,0
1788888304.437534315,9.4,0
1788888304.500458836,10.5,0
1788888304.564893370,9.8,0
1788888304.628300444,11.0,0
1788888304.692641057,13.2,0
1788888304.760627203,9.8,0
1788888304.823738073,10.3,0
1788888304.887556834,9.0,0
1788888304.950420414,9.6,0
1788888305.013893437,9.7,0
1788888305.077555713,10.1,0
1788888305.141249617,11.3,0
1788888305.205786044,9.3,0
1788888305.268506509,9.9,0
1788888305.332008365,10.3,0
1788888305.396021438,9.9,0
1788888305.459472287,10.4,0
1788888305.524057818,9.9,0
1788888305.587351432,9.4,0
1788888305.649939489,10.8,0
1788888305.714192901,10.4,0
1788888305.778034616,9.3,0
1788888305.840580220,10.3,0
1788888305.903920694,10.5,0
1788888305.968433275,10.6,0
1788888306.032475501,32.9,0
1788888306.118758484,14.5,0
1788888306.186494615,9.0,0
1788888306.248985837,10.3,0
1788888306.312604698,10.1,0
1788888306.375988007,10.4,0
1788888306.439903293,9.4,0
1788888306.502431830,10.4,0
1788888306.566237302,9.2,0
1788888306.628686150,9.1,0
1788888306.691056460,13.2,0
1788888306.757599704,9.8,0
1788888306.820824104,9.5,0
1788888306.883747534,9.7,0
1788888306.946902751,10.6,0
1788888307.010914191,9.2,0
1788888307.073779313,9.2,0
1788888307.136345327,8.8,0
1788888307.198432643,8.7,0
1788888307.260335813,10.8,0
1788888307.324422726,9.6,0
1788888307.387727357,9.7,0
1788888307.450706150,9.2,0
1788888307.513051453,10.0,0
1788888307.576513189,10.2,0
1788888307.640013112,9.7,0
1788888307.702978785,9.7,0
1788888307.766017387,10.0,0
1788888307.829226825,11.0,0
1788888307.893770362,9.2,0
1788888307.956406020,9.2,0
1788888308.018986135,9.5,0
1788888308.082025448,9.7,0
1788888308.145074145,9.2,0
1788888308.207668502,10.0,0
1788888308.271105070,10.5,0
1788888308.335052224,10.1,0
1788888308.398549853,10.0,0
1788888308.461938931,9.4,0
1788888308.524643522,8.8,0
1788888308.586690619,8.9,0
1788888308.648753218,9.7,0
1788888308.712083177,8.6,0
1788888308.773798606,9.2,0
1788888308.836184640,8.9,0
1788888308.898341020,8.9,0
1788888308.960378081,8.6,0
1788888309.022218839,10.5,0
1788888309.086344249,10.6,0
1788888309.150304182,10.2,0
1788888309.214153108,10.6,0
1788888309.278259370,9.0,0
1788888309.340853686,9.9,0
1788888309.404558587,9.7,0
1788888309.467614224,9.5,0
1788888309.530419447,11.4,0
1788888309.595100991,9.5,0
1788888309.658207755,9.5,0
1788888309.721047298,9.4,0
1788888309.783808925,9.8,0
1788888309.847377802,9.3,0
1788888309.909845088,9.4,0
1788888309.972512033,9.6,0
1788888310.035385217,10.1,0
1788888310.099041235,17.1,0
1788888310.169975118,10.8,0
1788888310.234176712,9.4,0
1788888310.297036727,9.5,0
1788888310.359801739,9.6,0
1788888310.423174251,9.9,0
1788888310.486608076,9.8,0
1788888310.549899166,10.3,0
1788888310.614196013,9.7,0
1788888310.677434856,10.1,0
1788888310.741024663,9.6,0
1788888310.803898148,11.2,0
1788888310.869067173,9.6,0
1788888310.931866997,10.4,0
1788888310.995982813,9.5,0
1788888311.058744000,11.4,0
1788888311.123559644,10.1,0
1788888311.186844045,9.9,0
1788888311.249974625,9.3,0
1788888311.312635170,9.3,0
1788888311.375094054,8.8,0
1788888311.437161220,11.0,0
1788888311.501381493,10.4,0
1788888311.564929138,11.0,0
1788888311.629356420,10.5,0
1788888311.693580669,9.8,0
1788888311.757279030,11.5,0
1788888311.821994344,10.2,0
1788888311.885631113,10.7,0
1788888311.949696193,10.1,0
1788888312.013146502,9.8,0
1788888312.076183582,9.4,0
1788888312.139524207,9.4,0
1788888312.202341187,11.1,0
1788888312.267400607,10.3,0
1788888312.331035061,10.1,0
1788888312.394328255,10.0,0
1788888312.457568650,11.1,0
1788888312.521618317,10.9,0
1788888312.585875936,10.1,0
1788888312.649499374,11.9,0
1788888312.714831683,9.9,0
1788888312.778346339,9.9,0
1788888312.842018310,10.7,0
1788888312.906505703,9.8,0
1788888312.969584615,11.2,0
1788888313.033960721,9.9,0
1788888313.097220885,11.0,0
1788888313.162229580,9.7,0
1788888313.225074361,11.8,0
1788888313.290373070,9.3,0
1788888313.353321908,11.1,0
1788888313.418084663,9.5,0
1788888313.481610486,9.4,0
1788888313.544706564,9.8,0
1788888313.608055080,10.5,0
1788888313.671702975,9.2,0
1788888313.734164072,10.4,0
1788888313.797944235,9.8,0
1788888313.861479081,8.9,0
1788888313.923992446,9.0,0
1788888313.986167885,11.0,0
1788888314.050754206,10.0,0
1788888314.113821301,8.9,0
1788888314.175876909,9.5,0
1788888314.238701121,9.5,0
1788888314.301650579,10.1,0
1788888314.365187958,15.6,0
1788888314.434393141,9.6,0
1788888314.497318924,9.1,0
1788888314.559631598,9.1,0
1788888314.622021248,9.3,0
1788888314.684793090,10.7,0
1788888314.748987985,10.4,0
1788888314.812872705,10.0,0
1788888314.876081512,10.5,0
1788888314.939912752,13.3,0
1788888315.006917437,10.1,0
1788888315.070271312,10.5,0
1788888315.134748429,10.4,0
1788888315.199076744,10.0,0
1788888315.262364039,12.0,0
1788888315.327879322,10.2,0
1788888315.391818674,9.4,0
1788888315.454791147,10.2,0
1788888315.518496778,9.4,0
1788888315.581083593,9.4,0
1788888315.643768776,9.8,0
1788888315.706669291,10.3,0
1788888315.770373981,10.8,0
1788888315.834289307,8.8,0
1788888315.896362483,9.7,0
1788888315.959639352,10.5,0
1788888316.023458804,9.5,0
1788888316.086356144,34.8,0
1788888316.174624893,8.5,0
1788888316.236307443,9.3,0
1788888316.298664764,8.9,0
1788888316.360933843,9.3,0
1788888316.423296983,9.0,0
1788888316.485594425,10.3,0
1788888316.549624913,10.6,0
1788888316.614094930,9.6,0
1788888316.676832942,10.2,0
1788888316.739699466,11.4,0
1788888316.805066728,10.0,0
1788888316.869119399,9.9,0
1788888316.932653103,9.8,0
1788888316.995620138,9.8,0
1788888317.058604469,10.0,0
1788888317.122079785,9.4,0
1788888317.184428444,9.7,0
1788888317.247509620,9.8,0
1788888317.310524867,9.4,0
1788888317.373192663,11.0,0
1788888317.437756200,10.1,0
1788888317.501128433,9.7,0
1788888317.564446984,9.5,0
1788888317.627681109,9.4,0
1788888317.690616276,10.1,0
1788888317.753843621,9.8,0
1788888317.816502274,9.4,0
1788888317.879397521,9.9,0
1788888317.942586839,11.2,0
1788888318.006921483,9.4,0
1788888318.069702179,9.6,0
1788888318.132534262,8.5,0
1788888318.194103281,9.6,0
1788888318.256697628,9.7,0
1788888318.319556751,9.5,0
1788888318.382719619,13.1,0
1788888318.449168311,8.3,0
1788888318.510644572,9.4,0
1788888318.573282364,9.5,0
1788888318.635954376,9.0,0
1788888318.698129505,9.3,0
1788888318.761027176,10.1,0
1788888318.824482212,11.0,0
1788888318.888847412,10.6,0
1788888318.952480064,12.4,0
1788888319.018401806,9.5,0
1788888319.081453678,9.8,0
1788888319.144669626,10.4,0
1788888319.208544111,10.2,0
1788888319.271828912,9.5,0
1788888319.334995396,10.2,0
1788888319.398520877,9.7,0
1788888319.461637897,9.4,0
1788888319.524224712,12.2,0
1788888319.589912604,9.4,0
1788888319.652588202,9.9,0
1788888319.715734416,10.0,0
1788888319.779116563,9.6,0
1788888319.842077078,9.6,0
1788888319.905354347,10.5,0
1788888319.969415682,10.8,0
1788888320.033591869,9.9,0
1788888320.096905693,13.3,0
1788888320.163811040,9.9,0
1788888320.227037774,9.8,0
1788888320.290293641,10.1,0
1788888320.353508868,10.0,0
1788888320.416907730,9.7,0
1788888320.480596997,9.2,0
1788888320.543469891,10.8,0
1788888320.607691145,10.1,0
1788888320.671020413,10.2,0
1788888320.734757301,9.7,0
1788888320.797853961,10.7,0
1788888320.861759542,10.3,0
1788888320.925407868,10.0,0
1788888320.988787801,9.7,0
1788888321.051560805,10.6,0
1788888321.115462481,9.4,0
1788888321.178122786,9.4,0
1788888321.240605215,10.0,0
1788888321.304064497,8.9,0
1788888321.366171653,9.6,0
1788888321.429409314,10.4,0
1788888321.493170759,9.9,0
1788888321.556467027,9.5,0
1788888321.619572099,10.1,0
1788888321.683499663,11.3,0
1788888321.748226806,9.3,0
1788888321.810898648,9.9,0
1788888321.874454796,9.9,0
1788888321.938030222,10.8,0
1788888322.002229013,10.4,0
1788888322.066028675,10.0,0
1788888322.129480817,9.5,0
1788888322.192394482,10.3,0
1788888322.255879794,9.9,0
1788888322.319065336,9.9,0
1788888322.382509466,9.6,0
1788888322.445776961,9.6,0
1788888322.508987290,9.0,0
1788888322.572053995,9.8,0
1788888322.635261270,9.7,0
1788888322.698710857,10.1,0
1788888322.762630320,9.9,0
1788888322.826559326,9.6,0
1788888322.890359459,10.0,0
1788888322.954460153,9.1,0
1788888323.017189091,9.4,0
1788888323.080107062,9.5,0
1788888323.142828960,9.9,0
1788888323.206657345,9.4,0
1788888323.269551882,9.3,0
1788888323.332490965,10.1,0
1788888323.396047793,9.8,0
1788888323.459196290,10.0,0
1788888323.522351738,9.9,0
1788888323.586081024,10.7,0
1788888323.650189390,9.3,0
1788888323.713458587,9.5,0
1788888323.776337590,9.7,0
1788888323.839434870,9.9,0
1788888323.902657769,10.7,0
1788888323.966795728,9.7,0
1788888324.029931776,9.5,0
1788888324.093308175,13.9,0
1788888324.161019929,9.5,0
1788888324.224259823,8.9,0
1788888324.286622492,9.9,0
1788888324.350124379,9.8,0
1788888324.413286476,10.5,0
1788888324.477216814,9.5,0
1788888324.540192572,9.2,0
1788888324.602652667,8.9,0
1788888324.664783349,13.1,0
1788888324.731277580,8.8,0
1788888324.793835181,9.5,0
1788888324.857160192,9.7,0
1788888324.920553005,9.6,0
1788888324.983557196,9.2,0
1788888325.046131462,9.7,0
1788888325.109263704,10.4,0
1788888325.172890829,10.8,0
1788888325.237105883,12.1,0
1788888325.302578944,9.6,0
1788888325.365661972,10.1,0
1788888325.429533783,10.2,0
1788888325.493192434,10.1,0
1788888325.556605698,9.5,0
1788888325.619480104,10.1,0
1788888325.683713437,10.4,0
1788888325.747510695,10.0,0
1788888325.810573584,9.8,0
1788888325.873657764,11.6,0
1788888325.938907289,10.3,0
1788888326.003443225,10.6,0
1788888326.067601796,10.1,0
1788888326.132096420,13.0,0
1788888326.198499924,9.7,0
1788888326.261898736,11.1,0
1788888326.326503886,10.9,0
1788888326.391246882,10.0,0
1788888326.454564602,10.1,0
1788888326.518720268,10.5,0
1788888326.582806701,10.9,0
1788888326.647472681,9.5,0
1788888326.710722680,10.6,0
1788888326.774622373,9.9,0
1788888326.838285160,10.4,0
1788888326.902369790,9.1,0
1788888326.964935453,10.5,0
1788888327.028897068,10.6,0
1788888327.092987527,9.9,0
1788888327.156647200,9.0,0
1788888327.219195667,10.0,0
1788888327.282755911,9.3,0
1788888327.345416917,9.2,0
1788888327.408100137,9.2,0
1788888327.470822205,9.7,0
1788888327.534281117,9.3,0
1788888327.596623786,10.8,0
1788888327.661270969,9.1,0
1788888327.723899366,10.2,0
1788888327.787406330,9.6,0
1788888327.850234237,10.0,0
1788888327.913594180,9.2,0
1788888327.976194345,9.6,0
1788888328.039608841,10.0,0
1788888328.102936837,10.5,0
1788888328.166809138,9.2,0
1788888328.229441792,10.6,0
1788888328.293359451,9.0,0
1788888328.355753147,10.2,0
1788888328.419287012,8.7,0
1788888328.481233207,10.6,0
1788888328.545400450,9.5,0
1788888328.608050771,9.3,0
1788888328.670818937,9.3,0
1788888328.733604510,9.7,0
1788888328.796387169,9.4,0
1788888328.859076558,10.7,0
1788888328.923825283,10.2,0
1788888328.987652607,9.9,0
1788888329.050914714,9.9,0
1788888329.114249580,8.8,0
1788888329.176351148,9.6,0
1788888329.239261828,11.1,0
1788888329.303850714,9.0,0
1788888329.366472421,9.8,0
1788888329.429643462,9.2,0
1788888329.492221794,9.4,0
1788888329.555033126,9.8,0
1788888329.618416284,10.3,0
1788888329.682180854,9.5,0
1788888329.745119877,10.0,0
1788888329.808410267,9.6,0
1788888329.871297071,10.6,0
1788888329.935087480,9.1,0
1788888329.997538352,9.3,0
1788888330.060139739,8.9,0
1788888330.122453084,17.2,0
1788888330.192810493,9.4,0
1788888330.255708565,10.0,0
1788888330.318994638,9.8,0
1788888330.382254872,9.2,0
1788888330.444758673,9.9,0
1788888330.507939548,10.1,0
1788888330.571466973,10.4,0
1788888330.635388578,9.7,0
1788888330.698685918,8.9,0
1788888330.760910591,9.6,0
1788888330.823777285,9.4,0
1788888330.886694936,10.5,0
1788888330.950284824,13.1,0
1788888331.017176711,9.1,0
1788888331.080062253,9.8,0
1788888331.143212473,9.7,0
1788888331.206407620,9.4,0
1788888331.268987535,8.7,0
1788888331.330962854,9.0,0
1788888331.393243840,9.2,0
1788888331.455680911,9.2,0
1788888331.518424201,9.4,0
1788888331.581345267,8.8,0
1788888331.643526044,9.9,0
1788888331.706815822,10.1,0
1788888331.770497798,8.8,0
1788888331.832691935,9.7,0
1788888331.895898719,9.5,0
1788888331.959308959,10.3,0
1788888332.023192977,10.4,0
1788888332.087461823,10.0,0
1788888332.151046583,10.2,0
1788888332.214616352,9.8,0
1788888332.277577908,9.7,0
1788888332.340512605,9.3,0
1788888332.403260441,9.5,0
1788888332.465957402,10.0,0
1788888332.529067040,9.4,0
1788888332.591817461,9.6,0
1788888332.654654340,10.3,0
1788888332.718525430,9.4,0
1788888332.781632445,9.5,0
1788888332.844593501,9.0,0
1788888332.907441047,9.4,0
1788888332.970143485,9.6,0
1788888333.033250520,9.7,0
1788888333.096428391,10.2,0
1788888333.159801795,9.2,0
1788888333.222316532,10.0,0
1788888333.285515785,9.5,0
1788888333.348839875,9.0,0
1788888333.411106721,9.9,0
1788888333.474300175,9.8,0
1788888333.537408832,12.7,0
1788888333.603376654,10.2,0
1788888333.667394373,10.3,0
1788888333.730951662,10.7,0
1788888333.794770975,10.4,0
1788888333.858446671,10.2,0
1788888333.921757351,10.1,0
1788888333.985271286,9.5,0
1788888334.048087795,8.7,0
1788888334.110132307,10.5,0
1788888334.174071129,9.3,0
1788888334.236651674,10.3,0
1788888334.300177747,9.4,0
1788888334.362921938,9.3,0
1788888334.425615814,9.8,0
1788888334.489183228,9.5,0
1788888334.552564184,9.3,0
1788888334.615658870,10.0,0
1788888334.679031713,8.9,0
1788888334.741117958,9.1,0
1788888334.803494739,9.2,0
1788888334.865969486,9.9,0
1788888334.929813715,9.4,0
1788888334.992617415,10.1,0
1788888335.056817328,9.7,0
1788888335.120008438,10.0,0
1788888335.183750054,9.4,0
1788888335.246457610,9.7,0
1788888335.309504795,9.9,0
1788888335.372733803,10.6,0
1788888335.437086114,10.1,0
1788888335.500775771,9.4,0
1788888335.563504810,9.8,0
1788888335.626562941,10.1,0
1788888335.689764288,9.2,0
1788888335.752470261,9.3,0
1788888335.815153110,9.3,0
1788888335.877858182,11.0,0
1788888335.942193878,10.0,0
1788888336.005745399,10.6,0
1788888336.069906543,9.2,0
1788888336.132305618,10.4,0
1788888336.196067293,10.4,0
1788888336.260170521,10.4,0
1788888336.323610494,9.4,0
1788888336.386636778,10.8,0
1788888336.451529709,9.7,0
1788888336.515442561,11.5,0
1788888336.580576193,9.2,0
1788888336.643087295,9.4,0
1788888336.705662142,9.0,0
1788888336.768114806,9.8,0
1788888336.831546718,9.2,0
1788888336.894816576,9.9,0
1788888336.958423520,10.6,0
1788888337.022733588,11.4,0
1788888337.087651696,9.8,0
1788888337.150758110,10.5,0
1788888337.214691343,14.4,0
1788888337.282688996,9.7,0
1788888337.346024233,11.3,0
1788888337.410825977,10.2,0
1788888337.474544018,9.5,0
1788888337.537562309,10.6,0
1788888337.601529453,9.8,0
1788888337.664877589,10.0,0
1788888337.728473567,11.3,0
1788888337.792929823,9.7,0
1788888337.857186550,9.6,0
1788888337.920130080,10.0,0
1788888337.983573789,10.1,0
1788888338.046882777,9.9,0
1788888338.110696961,9.7,0
1788888338.173988062,33.1,0
1788888338.260405918,9.8,0
1788888338.323391160,9.7,0
1788888338.386598034,9.3,0
1788888338.449400613,9.2,0
1788888338.512135710,9.6,0
1788888338.575429535,9.6,0
1788888338.638245443,10.0,0
1788888338.701816353,11.5,0
1788888338.766468854,10.2,0
1788888338.830364831,10.2,0
1788888338.894050222,11.0,0
1788888338.958437535,9.3,0
1788888339.021205242,9.3,0
1788888339.084154440,9.8,0
1788888339.147287434,10.2,0
1788888339.210994658,9.9,0
1788888339.274126209,9.5,0
1788888339.336857411,9.7,0
1788888339.399903134,9.9,0
1788888339.463215797,9.5,0
1788888339.525744465,9.7,0
1788888339.588733112,9.1,0
1788888339.651251935,9.6,0
1788888339.714740562,9.0,0
1788888339.777149831,9.9,0
1788888339.840524297,10.0,0
1788888339.904220444,9.5,0
1788888339.967686667,9.5,0
1788888340.030569706,9.7,0
1788888340.094175969,9.1,0
1788888340.156888022,9.5,0
1788888340.219538593,9.2,0
1788888340.281816605,9.2,0
1788888340.344318503,9.4,0
1788888340.407010096,9.5,0
1788888340.469878503,9.4,0
1788888340.532707451,8.9,0
1788888340.594959374,10.0,0
1788888340.658210936,16.9,0
1788888340.728637959,10.3,0
1788888340.792448959,9.8,0
1788888340.855258768,10.0,0
1788888340.918719573,10.2,0
1788888340.982447679,9.6,0
1788888341.045982945,9.6,0
1788888341.109286274,10.4,0
1788888341.173590032,10.4,0
1788888341.237513951,11.3,0
1788888341.302259591,10.1,0
1788888341.365868468,9.5,0
1788888341.428883445,10.4,0
1788888341.493351179,14.0,0
1788888341.560942082,10.2,0
1788888341.624588706,10.0,0
1788888341.688195059,10.1,0
1788888341.751614091,10.7,0
1788888341.815539352,10.3,0
1788888341.879110552,11.0,0
1788888341.943791426,11.3,0
1788888342.008976755,10.7,0
1788888342.073121254,11.2,0
1788888342.137892913,10.6,0
1788888342.202038404,9.4,0
1788888342.264954543,10.4,0
1788888342.328774636,9.9,0
1788888342.392228390,9.4,0
1788888342.455054304,11.4,0
1788888342.520690138,10.3,0
1788888342.584437662,10.1,0
1788888342.647741813,10.1,0
1788888342.711315857,10.4,0
1788888342.774943192,10.3,0
1788888342.838202445,11.1,0
1788888342.902325542,9.5,0
1788888342.964995822,9.3,0
1788888343.027706884,10.4,0
1788888343.091538094,10.8,0
1788888343.155346770,9.8,0
1788888343.218262828,44.7,0
1788888343.316706785,10.0,0
1788888343.380161891,9.6,0
1788888343.443030890,10.1,0
1788888343.506975670,9.8,0
1788888343.570283956,9.7,0
1788888343.633407896,9.4,0
1788888343.696789532,10.6,0
1788888343.761367702,9.8,0
1788888343.824771872,8.9,0
1788888343.887613579,9.3,0
1788888343.951404338,10.2,0
1788888344.015332684,10.0,0
1788888344.078877504,9.5,0
1788888344.142020603,10.1,0
1788888344.205320968,9.5,0
1788888344.268157347,10.6,0
1788888344.332073194,10.2,0
1788888344.395763513,9.6,0
1788888344.458638620,10.0,0
1788888344.521914418,10.5,0
1788888344.586349002,10.3,0
1788888344.650131078,10.3,0
1788888344.714084221,11.8,0
1788888344.779519945,10.4,0
1788888344.843331215,10.5,0
1788888344.907451298,11.3,0
1788888344.972076408,9.5,0
1788888345.034821220,9.5,0
1788888345.097660934,10.9,0
1788888345.162478402,10.4,0
1788888345.226649090,10.6,0
1788888345.290728602,9.2,0
1788888345.353404511,11.2,0
1788888345.417851223,9.4,0
1788888345.480428675,9.8,0
1788888345.543601899,9.7,0
1788888345.606545058,10.6,0
1788888345.670472542,9.4,0
1788888345.733000920,9.5,0
1788888345.795618261,10.5,0
1788888345.859616461,9.4,0
1788888345.922527572,9.2,0
1788888345.985065254,10.5,0
1788888346.049034781,10.6,0
1788888346.113247473,10.3,0
1788888346.177104522,9.7,0
1788888346.240303704,11.0,0
1788888346.304553241,9.7,0
1788888346.367802279,9.3,0
1788888346.430404467,10.2,0
1788888346.493962258,10.4,0
1788888346.557789061,9.6,0
1788888346.620814994,10.3,0
1788888346.684520265,11.1,0
1788888346.748889452,10.4,0
1788888346.812401854,9.6,0
1788888346.875432875,10.2,0
1788888346.939134330,9.9,0
1788888347.002421775,10.3,0
1788888347.066013947,10.4,0
1788888347.129670586,9.9,0
1788888347.192867675,9.5,0
1788888347.255759057,10.3,0
1788888347.319754944,10.0,0
1788888347.383154817,10.1,0
1788888347.446725988,9.8,0
1788888347.509913313,10.5,0
1788888347.573703040,9.0,0
1788888347.636383887,11.0,0
1788888347.700831911,9.4,0
1788888347.763677855,9.4,0
1788888347.826749156,9.4,0
1788888347.889779085,10.8,0
1788888347.953945858,9.2,0
1788888348.016465102,8.9,0
1788888348.078931707,9.4,0
1788888348.141707516,9.8,0
1788888348.204902873,9.3,0
1788888348.267507945,34.0,0
1788888348.354843867,9.6,0
1788888348.417865614,9.7,0
1788888348.481076895,10.7,0
1788888348.545533973,10.2,0
1788888348.609070281,10.2,0
1788888348.672622623,10.8,0
1788888348.736787022,9.9,0
1788888348.800116951,10.9,0
1788888348.865088881,10.2,0
1788888348.928727502,9.6,0
1788888348.991857952,10.0,0
1788888349.055026789,11.0,0
1788888349.120132389,9.5,0
1788888349.182902829,10.8,0
1788888349.247024675,10.1,0
1788888349.310938629,9.6,0
1788888349.373865334,10.0,0
1788888349.437788150,10.2,0
1788888349.501709035,10.7,0
1788888349.565666484,9.0,0
1788888349.628391236,11.7,0
1788888349.693801422,11.0,0
1788888349.758682556,11.2,0
1788888349.823319132,10.4,0
1788888349.886968019,10.4,0
1788888349.951289514,10.7,0
1788888350.015181685,10.8,0
1788888350.079325964,9.4,0
1788888350.142052579,9.8,0
1788888350.205291071,9.5,0
1788888350.268233339,9.9,0
1788888350.331376958,9.3,0
1788888350.393864705,9.7,0
1788888350.456833723,9.4,0
1788888350.519691655,9.1,0
1788888350.582435816,9.3,0
1788888350.644913968,11.5,0
1788888350.710072327,9.4,0
1788888350.772966193,9.4,0
1788888350.835658325,9.6,0
1788888350.898839912,9.7,0
1788888350.961553036,9.6,0
1788888351.024558009,9.6,0
1788888351.087981147,8.8,0
1788888351.150060292,8.9,0
1788888351.212612986,12.1,0
1788888351.277969932,10.7,0
1788888351.341545529,9.7,0
1788888351.404343150,8.9,0
1788888351.466134423,9.2,0
1788888351.528607158,9.4,0
1788888351.591370738,9.4,0
1788888351.654233877,9.6,0
1788888351.717904417,9.0,0
1788888351.780384632,10.1,0
1788888351.843833820,8.8,0
1788888351.906141206,10.6,0
1788888351.970045396,10.0,0
1788888352.033573742,9.8,0
1788888352.096692915,10.5,0
1788888352.160903133,10.9,0
1788888352.225250977,9.3,0
1788888352.287883651,9.4,0
1788888352.350635964,13.8,0
1788888352.417911556,9.7,0
1788888352.480831450,9.7,0
1788888352.543961369,10.3,0
1788888352.608024186,10.0,0
1788888352.671223940,10.5,0
1788888352.735032687,9.2,0
1788888352.797572822,9.5,0
1788888352.860274089,9.1,0
1788888352.922623638,10.4,0
1788888352.986555059,8.8,0
1788888353.048609646,9.3,0
1788888353.110978926,9.4,0
1788888353.173535886,9.5,0
1788888353.236154299,9.6,0
1788888353.298935005,33.2,0
1788888353.385423767,9.3,0
1788888353.448512985,9.7,0
1788888353.511468413,12.4,0
1788888353.577804586,9.1,0
1788888353.640277351,9.6,0
1788888353.703513789,9.4,0
1788888353.766039293,10.1,0
1788888353.829513899,9.3,0
1788888353.892444329,10.5,0
1788888353.956427617,9.4,0
1788888354.019096585,11.3,0
1788888354.084246772,11.3,0
1788888354.149204049,10.0,0
1788888354.212794218,9.5,0
1788888354.275712399,10.7,0
1788888354.340029197,9.7,0
1788888354.403234570,10.8,0
1788888354.467444978,9.7,0
1788888354.530720175,10.3,0
1788888354.594216893,9.5,0
1788888354.656968315,11.1,0
1788888354.721643851,9.1,0
1788888354.784042564,10.6,0
1788888354.847993343,9.8,0
1788888354.911822650,10.2,0
1788888354.975143245,9.3,0
1788888355.037713586,10.6,0
1788888355.101879457,9.8,0
1788888355.165358029,11.2,0
1788888355.230470409,10.2,0
1788888355.294418824,10.0,0
1788888355.358065748,9.4,0
1788888355.421202147,9.4,0
1788888355.484673188,10.5,0
1788888355.548415564,10.1,0
1788888355.612289368,9.7,0
1788888355.675145437,9.4,0
1788888355.737863900,10.6,0
1788888355.801897803,10.9,0
1788888355.866523594,11.0,0
1788888355.931347031,10.9,0
1788888355.995240354,9.5,0
1788888356.058021040,10.1,0
1788888356.121499572,10.1,0
1788888356.185231313,10.6,0
1788888356.250043012,9.8,0
1788888356.313517758,9.0,0
1788888356.375740618,8.9,0
1788888356.437695245,9.1,0
1788888356.499883043,8.9,0
1788888356.562062358,8.9,0
1788888356.624167792,9.3,0
1788888356.686637692,9.2,0
1788888356.748986441,9.4,0
1788888356.811778653,9.5,0
1788888356.875179509,9.4,0
1788888356.938116719,9.1,0
1788888357.000443585,10.2,0
1788888357.063891731,10.0,0
1788888357.127167829,11.2,0
1788888357.191646790,10.2,0
1788888357.254883749,8.8,0
1788888357.316757086,9.5,0
1788888357.379587947,9.0,0
1788888357.441825969,9.9,0
1788888357.504869559,9.7,0
1788888357.567909133,9.6,0
1788888357.630857901,9.6,0
1788888357.693286749,10.3,0
1788888357.756289217,9.8,0
1788888357.819416102,8.8,0
1788888357.881554415,9.6,0
1788888357.944365897,9.5,0
1788888358.007426412,9.4,0
1788888358.070361129,10.0,0
1788888358.133798068,9.9,0
1788888358.197164372,11.1,0
1788888358.261645716,10.0,0
1788888358.325021974,10.9,0
1788888358.389288537,9.9,0
1788888358.452795852,10.9,0
1788888358.517623555,10.0,0
1788888358.580625913,10.1,0
1788888358.643849362,10.4,0
1788888358.707569636,10.4,0
1788888358.771520485,10.1,0
1788888358.835165997,9.7,0
1788888358.898562986,9.8,0
1788888358.961658073,10.2,0
1788888359.025124527,10.1,0
1788888359.088693734,10.2,0
1788888359.152297463,9.7,0
1788888359.215515124,9.3,0
1788888359.278355529,9.6,0
1788888359.341283486,10.2,0
1788888359.404800796,9.7,0
1788888359.468138336,10.1,0
1788888359.531514724,9.4,0
1788888359.594152266,9.8,0
1788888359.657246391,9.1,0
1788888359.719736792,9.2,0
1788888359.782516977,10.6,0
1788888359.846570390,9.9,0
1788888359.909929894,9.6,0
1788888359.973091510,10.0,0
1788888360.036953456,13.4,0
1788888360.104451741,10.4,0
1788888360.168432395,9.2,0
1788888360.231239751,11.1,0
1788888360.295637350,10.1,0
1788888360.358970384,9.2,0
1788888360.421202267,9.8,0
1788888360.484179938,10.8,0
1788888360.548497277,9.4,0
1788888360.611250631,11.6,0
1788888360.676396972,10.4,0
1788888360.740253490,9.3,0
1788888360.802770561,9.4,0
1788888360.865978768,10.2,0
1788888360.929803338,9.8,0
1788888360.992898535,10.7,0
1788888361.056818528,9.5,0
1788888361.119643710,8.9,0
1788888361.181951107,9.3,0
1788888361.244750391,9.4,0
1788888361.307142945,10.0,0
1788888361.370662729,9.3,0
1788888361.433212318,9.2,0
1788888361.496322988,9.4,0
1788888361.559237345,9.4,0
1788888361.622212522,10.9,0
1788888361.686499575,9.5,0
1788888361.749316906,10.5,0
1788888361.813106063,10.1,0
1788888361.876702992,9.5,0
1788888361.939384159,9.3,0
1788888362.002014088,9.7,0
1788888362.065025480,9.0,0
1788888362.127188681,9.2,0
1788888362.189513283,9.3,0
1788888362.252541280,9.3,0
1788888362.315220153,11.9,0
1788888362.380438041,10.2,0
1788888362.443905115,8.8,0
1788888362.505938611,9.6,0
1788888362.569174239,9.5,0
1788888362.632066743,9.7,0
1788888362.695937522,9.5,0
1788888362.758754722,10.1,0
1788888362.822311631,9.6,0
1788888362.885275021,12.6,0
1788888362.951488521,9.3,0
1788888363.013984671,9.1,0
1788888363.076247731,9.2,0
1788888363.138694666,8.9,0
1788888363.200771187,10.0,0
1788888363.264477060,10.1,0
1788888363.327989412,10.3,0
1788888363.391748804,8.9,0
1788888363.454062931,10.9,0
1788888363.518460380,9.1,0
1788888363.580841196,9.6,0
1788888363.643833750,10.0,0
1788888363.707532471,9.7,0
1788888363.770913246,9.5,0
1788888363.834160822,9.8,0
1788888363.897397872,10.1,0
1788888363.961198115,9.8,0
1788888364.024597238,10.0,0
1788888364.087786075,9.4,0
1788888364.150517928,9.5,0
1788888364.213470191,9.4,0
1788888364.276219079,9.6,0
1788888364.339403260,8.4,0
1788888364.401039150,10.1,0
1788888364.464336210,10.4,0
1788888364.528133299,10.2,0
1788888364.591687213,14.0,0
1788888364.659203105,9.7,0
1788888364.722378192,9.8,0
1788888364.785451807,9.1,0
1788888364.848161176,9.1,0
1788888364.910551296,9.6,0
1788888364.973602087,9.8,0
1788888365.036756974,9.8,0
1788888365.099932481,9.4,0
1788888365.162502201,10.0,0
1788888365.225943276,9.4,0
1788888365.288807788,9.5,0
1788888365.351707021,10.0,0
1788888365.415167135,9.4,0
1788888365.477676004,8.8,0
1788888365.539955038,10.1,0
1788888365.603607250,10.4,0
1788888365.667650969,9.7,0
1788888365.730850983,9.1,0
1788888365.793382976,9.4,0
1788888365.856261048,9.2,0
1788888365.919075905,9.2,0
1788888365.981950972,9.8,0
1788888366.045422623,9.1,0
1788888366.107786955,9.1,0
1788888366.170500661,8.9,0
1788888366.232699214,9.2,0
1788888366.295279520,9.2,0
1788888366.357830803,9.8,0
1788888366.421318377,9.5,0
1788888366.484686283,9.2,0
1788888366.547494961,8.8,0
1788888366.609964761,9.1,0
1788888366.672509253,9.4,0
1788888366.735185563,9.0,0
1788888366.797599629,9.5,0
1788888366.860369018,9.9,0
1788888366.923639268,10.1,0
1788888366.986963919,9.5,0
1788888367.049906337,10.0,0
1788888367.113320723,10.1,0
1788888367.177055648,10.2,0
1788888367.240766428,9.4,0
1788888367.303471921,10.0,0
1788888367.367145365,9.7,0
1788888367.430331628,8.9,0
1788888367.492621419,9.7,0
1788888367.555644538,9.0,0
1788888367.617896231,9.3,0
1788888367.680530087,9.8,0
1788888367.743610953,10.7,0
1788888367.807600300,9.5,0
1788888367.870347015,9.9,0
1788888367.933616313,10.2,0
1788888367.997104629,9.6,0
1788888368.059703723,13.2,0
1788888368.126374678,9.9,0
1788888368.189611718,9.8,0
1788888368.252685403,10.0,0
1788888368.316071005,10.3,0
1788888368.379814254,9.8,0
1788888368.443184974,9.8,0
1788888368.506549875,9.3,0
1788888368.568887497,9.9,0
1788888368.631998909,9.1,0
1788888368.694398694,9.7,0
1788888368.757542954,9.5,0
1788888368.820381988,9.4,0
1788888368.883010425,10.5,0
1788888368.946834255,9.2,0
1788888369.009350715,8.9,0
1788888369.071697410,9.6,0
1788888369.134724676,9.0,0
1788888369.197238211,9.4,0
1788888369.259914000,10.0,0
1788888369.323007655,9.0,0
1788888369.385440269,9.8,0
1788888369.448842656,17.6,0
1788888369.519720987,9.9,0
1788888369.583067601,9.8,0
1788888369.646172002,10.9,0
1788888369.710903921,9.6,0
1788888369.773843175,9.5,0
1788888369.837461045,9.5,0
1788888369.900306438,10.1,0
1788888369.963316478,9.7,0
1788888370.026288250,11.8,0
1788888370.091304396,10.0,0
1788888370.154553414,9.7,0
1788888370.217559187,9.9,0
1788888370.281081134,10.0,0
1788888370.344002290,8.9,0
1788888370.406214454,8.7,0
1788888370.468070274,9.6,0
1788888370.530962717,9.3,0
1788888370.593871125,10.1,0
1788888370.657400062,9.9,0
1788888370.720351123,10.2,0
1788888370.784088162,10.4,0
1788888370.847531771,10.5,0
1788888370.911459296,10.0,0
1788888370.974905840,9.6,0
1788888371.037703671,9.3,0
1788888371.100231318,9.3,0
1788888371.162954878,13.5,0
1788888371.230154896,10.0,0
1788888371.293528541,10.3,0
1788888371.357608223,10.4,0
1788888371.421621326,9.6,0
1788888371.484378006,9.5,0
1788888371.547638240,9.7,0
1788888371.610554359,10.0,0
1788888371.673761074,10.0,0
1788888371.737154828,9.4,0
1788888371.800240701,10.6,0
1788888371.864460374,10.2,0
1788888371.928182611,11.3,0
1788888371.992626980,10.7,0
1788888372.057224398,10.3,0
1788888372.120965923,9.6,0
1788888372.183803735,10.3,0
1788888372.247809627,10.8,0
1788888372.312058032,9.4,0
1788888372.374728833,9.1,0
1788888372.437727837,10.0,0
1788888372.501200179,9.6,0
1788888372.564002167,9.2,0
1788888372.626305337,9.7,0
1788888372.689168537,9.5,0
1788888372.752169272,9.4,0
1788888372.815283638,10.1,0
1788888372.879289540,9.4,0
1788888372.942148293,9.9,0
1788888373.005977580,10.7,0
1788888373.070025585,10.6,0
1788888373.134350065,9.2,0
1788888373.197039494,8.9,0
1788888373.259289945,11.1,0
1788888373.324309887,9.9,0
1788888373.387450792,9.6,0
1788888373.450442855,9.5,0
1788888373.513366125,10.8,0
1788888373.577474310,9.9,0
1788888373.640594424,9.1,0
1788888373.703088941,9.5,0
1788888373.765747795,9.0,0
1788888373.828106358,10.5,0
1788888373.892808734,10.1,0
1788888373.956427596,10.6,0
1788888374.020850342,9.7,0
1788888374.084006030,10.5,0
1788888374.147855247,9.3,0
1788888374.210562784,11.4,0
1788888374.275492440,14.9,0
1788888374.343985856,11.6,0
1788888374.408888331,9.0,0
1788888374.471246284,9.5,0
1788888374.534160200,8.9,0
1788888374.596239805,9.8,0
1788888374.659265248,10.9,0
1788888374.723699021,9.7,0
1788888374.787273006,9.1,0
1788888374.849739561,9.7,0
1788888374.912933866,9.1,0
1788888374.975445028,9.6,0
1788888375.038453546,9.5,0
1788888375.101222635,9.9,0
1788888375.167551407,9.5,0
1788888375.231162397,9.9,0
1788888375.294585907,9.3,0
1788888375.358128524,9.5,0
1788888375.421136591,9.6,0
1788888375.484106801,9.8,0
1788888375.547760385,9.6,0
1788888375.611139317,10.2,0
1788888375.675051248,9.3,0
1788888375.737819736,9.8,0
1788888375.800806681,9.3,0
1788888375.863326105,11.1,0
1788888375.927968972,9.3,0
1788888375.990545842,10.1,0
1788888376.054196502,9.3,0
1788888376.116801885,10.1,0
1788888376.180277092,8.9,0
1788888376.242712891,9.5,0
1788888376.305363873,9.8,0
1788888376.368984598,9.9,0
1788888376.432629809,9.3,0
1788888376.495515843,10.3,0
1788888376.559126592,10.4,0
1788888376.622873146,9.3,0
1788888376.685469015,9.0,0
1788888376.747768019,10.4,0
1788888376.811562934,9.7,0
1788888376.874440866,9.3,0
1788888376.936817527,8.8,0
1788888376.998861198,9.8,0
1788888377.061898609,9.2,0
1788888377.124203342,10.9,0
1788888377.188654270,9.3,0
1788888377.251366434,9.7,0
1788888377.314476233,9.3,0
1788888377.377273504,9.6,0
1788888377.440239477,9.0,0
1788888377.502407996,9.1,0
1788888377.564760520,8.9,0
1788888377.627053646,9.1,0
1788888377.689460041,9.1,0
1788888377.752186366,11.1,0
1788888377.816894590,9.8,0
1788888377.879996167,9.7,0
1788888377.942859687,9.2,0
1788888378.005225270,12.5,0
1788888378.070694786,9.3,0
1788888378.133212588,9.2,0
1788888378.195644341,9.4,0
1788888378.258272208,9.5,0
1788888378.320850871,9.3,0
1788888378.383450546,9.1,0
1788888378.445816761,9.9,0
1788888378.509009684,9.5,0
1788888378.571721127,11.7,0
1788888378.637191803,10.1,0
1788888378.700718727,9.2,0
1788888378.763427015,10.6,0
1788888378.827585325,9.3,0
1788888378.890153423,10.9,0
1788888378.954799805,9.9,0
1788888379.018394029,9.7,0
1788888379.081687213,10.2,0
1788888379.145462981,9.9,0
1788888379.208966730,9.6,0
1788888379.271982108,9.5,0
1788888379.334611938,9.6,0
1788888379.397412754,9.7,0
1788888379.460561752,9.9,0
1788888379.523742156,10.0,0
1788888379.586881930,9.5,0
1788888379.649598250,8.7,0
1788888379.711546709,10.1,0
1788888379.775167995,8.9,0
1788888379.837388311,9.2,0
1788888379.900097680,10.0,0
1788888379.963290363,10.4,0
1788888380.027103527,9.4,0
1788888380.090262640,9.5,0
1788888380.153192949,10.4,0
1788888380.216919663,9.3,0
1788888380.279572197,14.4,0
1788888380.347524573,9.2,0
1788888380.410012600,9.9,0
1788888380.473123181,9.3,0
1788888380.535861142,9.3,0
1788888380.598494758,9.1,0
1788888380.661122164,9.2,0
1788888380.723528710,9.6,0
1788888380.786487092,9.8,0
1788888380.849537021,8.8,0
1788888380.911732651,9.2,0
1788888380.974449801,9.2,0
1788888381.037309626,9.7,0
1788888381.100365574,9.7,0
1788888381.163567321,9.8,0
1788888381.226496740,9.5,0
1788888381.289329164,9.1,0
1788888381.351780987,9.1,0
1788888381.414244898,9.3,0
1788888381.477025955,9.0,0
1788888381.539449816,9.2,0
1788888381.602028519,8.9,0
1788888381.664454153,9.0,0
1788888381.726806397,9.0,0
1788888381.789129998,9.8,0
1788888381.852703482,9.0,0
1788888381.915167714,9.4,0
1788888381.978118775,8.6,0
1788888382.040110499,8.8,0
1788888382.102409954,9.6,0
1788888382.165411882,10.6,0
1788888382.229432966,10.6,0
1788888382.293643154,10.2,0
1788888382.357698010,10.3,0
1788888382.421150783,9.7,0
1788888382.484099941,9.6,0
1788888382.546849781,10.4,0
1788888382.610470536,9.6,0
1788888382.673300886,9.6,0
1788888382.736547660,9.3,0
1788888382.799444140,9.2,0
1788888382.861884676,9.5,0
1788888382.924938612,9.3,0
1788888382.987814260,9.6,0
1788888383.050853433,9.8,0
1788888383.114074900,9.5,0
1788888383.177236226,10.3,0
1788888383.240826175,9.8,0
1788888383.304039008,10.5,0
1788888383.367996518,9.6,0
1788888383.431449872,10.8,0
1788888383.495813450,10.1,0
1788888383.559371901,9.1,0
1788888383.622042662,9.5,0
1788888383.684998621,9.3,0
1788888383.747761000,9.5,0
1788888383.810554635,9.1,0
1788888383.873084055,9.1,0
1788888383.935470980,9.2,0
1788888383.997830675,8.8,0
1788888384.059835910,9.1,0
1788888384.122202956,9.1,0
1788888384.184699927,9.8,0
1788888384.247965760,13.7,0
1788888384.315023204,9.0,0
1788888384.377611392,9.4,0
1788888384.440436184,10.0,0
1788888384.504126924,9.6,0
1788888384.567338736,10.1,0
1788888384.630895765,9.9,0
1788888384.694412303,9.3,0
1788888384.757196154,9.8,0
1788888384.820434105,9.4,0
1788888384.883446459,9.3,0
1788888384.946174456,10.2,0
1788888385.009617584,9.9,0
1788888385.072927393,9.4,0
1788888385.135696322,9.1,0
1788888385.198113122,8.9,0
1788888385.260234871,9.1,0
1788888385.322994496,9.5,0
1788888385.385774861,9.7,0
1788888385.448648346,9.7,0
1788888385.511613719,9.5,0
1788888385.574309027,9.9,0
1788888385.637662651,9.8,0
1788888385.700817178,9.8,0
1788888385.764524382,9.5,0
1788888385.827420060,9.8,0
1788888385.890456860,10.0,0
1788888385.953595943,10.2,0
1788888386.017371410,10.2,0
1788888386.080873567,10.3,0
1788888386.144403305,10.4,0
1788888386.208260244,10.5,0
1788888386.271935431,9.7,0
1788888386.334975696,9.6,0
1788888386.398056822,9.3,0
1788888386.461000582,9.7,0
1788888386.524220246,10.0,0
1788888386.587867030,9.1,0
1788888386.650614816,10.0,0
1788888386.714267359,9.7,0
1788888386.777603747,9.5,0
1788888386.840343302,9.5,0
1788888386.903536877,9.7,0
1788888386.966310612,9.5,0
1788888387.029329205,9.2,0
1788888387.092113376,11.1,0
1788888387.156679417,9.9,0
1788888387.220188926,9.8,0
1788888387.283313767,9.7,0
1788888387.346109215,10.1,0
1788888387.409510301,10.2,0
1788888387.473530524,10.4,0
1788888387.537484368,10.2,0
1788888387.601384792,9.8,0
1788888387.664488763,9.6,0
1788888387.728092132,9.4,0
1788888387.790978496,10.1,0
1788888387.854266112,9.2,0
1788888387.916596883,9.6,0
1788888387.979795486,10.4,0
1788888388.043798653,9.2,0
1788888388.106566981,9.2,0
1788888388.168890131,9.2,0
1788888388.231301694,9.1,0
1788888388.293619777,10.2,0
1788888388.357332289,10.2,0
1788888388.421303640,10.6,0
1788888388.485307028,10.1,0
1788888388.549236045,10.2,0
1788888388.613073665,9.6,0
1788888388.676081220,9.8,0
1788888388.739178521,9.9,0
1788888388.802447819,11.1,0
1788888388.867062624,8.8,0
1788888388.929282049,9.2,0
1788888388.991979610,9.7,0
1788888389.054933245,11.0,0
1788888389.119976562,9.6,0
1788888389.182991248,9.6,0
1788888389.246436300,9.5,0
1788888389.310024126,10.2,0
1788888389.373954875,9.9,0
1788888389.437397383,9.2,0
1788888389.500118780,9.4,0
1788888389.562835610,10.1,0
1788888389.626200812,10.1,0
1788888389.690018572,10.0,0
1788888389.753100700,10.3,0
1788888389.817001845,11.1,0
1788888389.881630060,10.2,0
1788888389.945507619,11.0,0
1788888390.009692509,10.5,0
1788888390.073648006,10.0,0
1788888390.137580278,10.7,0
1788888390.201671197,10.0,0
1788888390.265200975,10.0,0
1788888390.328858625,10.0,0
1788888390.392689656,10.4,0
1788888390.456196690,10.1,0
1788888390.519788271,10.4,0
1788888390.583774654,10.0,0
1788888390.647040056,10.3,0
1788888390.711220910,10.4,0
1788888390.774998560,10.7,0
1788888390.838883832,16.2,0
1788888390.908881482,9.8,0
1788888390.972125873,11.8,0
1788888391.037078183,9.6,0
1788888391.100187061,10.3,0
1788888391.163652413,9.0,0
1788888391.225995323,9.8,0
1788888391.289178021,9.4,0
1788888391.351997816,10.0,0
1788888391.415242187,8.9,0
1788888391.477390335,9.1,0
1788888391.539694727,8.7,0
1788888391.601628034,9.1,0
1788888391.663889261,8.9,0
1788888391.725887936,8.5,0
1788888391.787840130,9.5,0
1788888391.851051802,10.3,0
1788888391.914547540,10.0,0
1788888391.977794294,15.8,0
1788888392.047493227,9.7,0
1788888392.110676827,10.1,0
1788888392.174098223,9.1,0
1788888392.236353181,10.1,0
1788888392.299727557,9.4,0
1788888392.362499259,9.7,0
1788888392.425765312,9.0,0
1788888392.488084507,9.6,0
1788888392.551147927,14.0,0
1788888392.618760934,9.6,0
1788888392.681581320,9.3,0
1788888392.744225271,9.3,0
1788888392.807230373,9.8,0
1788888392.870471860,10.0,0
1788888392.933819756,9.7,0
1788888392.996761673,10.5,0
1788888393.061108777,9.5,0
1788888393.124017925,9.6,0
1788888393.187256938,9.3,0
1788888393.249968731,10.4,0
1788888393.313665580,9.3,0
1788888393.376464212,9.4,0
1788888393.439476666,9.4,0
1788888393.502287687,9.7,0
1788888393.565445649,9.5,0
1788888393.628275278,9.9,0
1788888393.691286269,9.5,0
1788888393.754436459,11.1,0
1788888393.818879366,9.8,0
1788888393.881942715,9.8,0
1788888393.945140577,9.8,0
1788888394.008603225,10.3,0
1788888394.072204250,9.9,0
1788888394.135690483,9.9,0
1788888394.199325600,9.3,0
1788888394.262303992,11.6,0
1788888394.327641279,9.5,0
1788888394.390570478,9.5,0
1788888394.453284444,10.1,0
1788888394.516685449,9.7,0
1788888394.579781218,10.2,0
1788888394.643225879,10.1,0
1788888394.706600625,10.0,0
1788888394.769937604,9.8,0
1788888394.832869437,9.5,0
1788888394.895892015,9.7,0
1788888394.958961104,9.3,0
1788888395.021603853,9.8,0
1788888395.084675585,8.9,0
1788888395.147225656,11.1,0
1788888395.212083324,8.9,0
1788888395.274501897,9.0,0
1788888395.336906530,9.5,0
1788888395.399678132,10.7,0
1788888395.463626458,9.2,0
1788888395.526176499,9.5,0
1788888395.588991496,9.5,0
1788888395.652332242,9.8,0
1788888395.715317624,9.1,0
1788888395.777727585,9.6,0
1788888395.840869322,9.2,0
1788888395.903384590,9.3,0
1788888395.966005917,8.9,0
1788888396.028378562,9.3,0
1788888396.091210044,9.3,0
1788888396.154216639,9.4,0
1788888396.217142993,9.4,0
1788888396.280106363,10.0,0
1788888396.343422722,33.0,0
1788888396.429687889,9.1,0
1788888396.492163258,10.1,0
1788888396.555614799,9.6,0
1788888396.618660322,9.3,0
1788888396.681409300,9.9,0
1788888396.744447082,9.7,0
1788888396.807594247,14.3,0
1788888396.875314685,9.4,0
1788888396.938244094,9.8,0
1788888397.001218070,8.8,0
1788888397.063274560,9.6,0
1788888397.126086874,9.8,0
1788888397.189215341,9.6,0
1788888397.252549046,10.2,0
1788888397.316636991,10.0,0
1788888397.380225367,13.0,0
1788888397.446932988,10.1,0
1788888397.511211589,11.1,0
1788888397.575764180,10.7,0
1788888397.639878815,10.5,0
1788888397.704072148,10.2,0
1788888397.767682437,11.7,0
1788888397.833127636,9.7,0
1788888397.896351576,9.8,0
1788888397.959406503,17.9,0
1788888398.030814036,9.6,0
1788888398.093732719,10.2,0
1788888398.157396378,9.2,0
1788888398.219827360,9.3,0
1788888398.282869088,10.0,0
1788888398.346362832,9.6,0
1788888398.409615666,10.6,0
1788888398.473881107,9.7,0
1788888398.537167010,10.2,0
1788888398.600846443,9.7,0
1788888398.663740939,10.8,0
1788888398.727600282,10.1,0
1788888398.791109890,11.4,0
1788888398.855863423,9.5,0
1788888398.918834073,10.3,0
1788888398.982710822,9.4,0
1788888399.045255444,10.4,0
1788888399.108804602,12.4,0
1788888399.175072403,11.1,0
1788888399.239427458,10.0,0
1788888399.302901293,9.4,0
1788888399.365812044,9.2,0
1788888399.428377788,11.0,0
1788888399.492984210,11.1,0
1788888399.557861247,9.6,0
1788888399.620756305,9.4,0
1788888399.683608889,9.2,0
1788888399.746588944,9.5,0
1788888399.809433175,10.0,0
1788888399.872722854,9.9,0
1788888399.936290809,9.0,0
1788888399.998535683,8.7,0
1788888400.060852303,9.4,0
1788888400.123516675,9.2,0
1788888400.186096841,10.0,0
1788888400.249372959,9.2,0
1788888400.311787927,9.2,0
1788888400.374233311,8.8,0
1788888400.436368520,8.9,0
1788888400.498682616,9.5,0
1788888400.561893508,10.2,0
1788888400.625357878,10.1,0
1788888400.688978042,10.1,0
1788888400.752563885,9.0,0
1788888400.814855238,10.5,0
1788888400.878497324,10.6,0
1788888400.942366601,9.9,0
1788888401.005665624,9.8,0
1788888401.068695644,10.3,0
1788888401.132204281,9.5,0
1788888401.195196133,9.4,0
1788888401.258064741,9.6,0
1788888401.321115091,9.7,0
1788888401.384619312,9.5,0
1788888401.447660478,9.6,0
1788888401.510500573,9.3,0
1788888401.573094670,9.7,0
1788888401.635989737,9.6,0
1788888401.699078515,9.6,0
1788888401.762209035,9.3,0
1788888401.824868320,9.1,0
1788888401.887374835,9.6,0
1788888401.950212016,13.6,0
1788888402.017178995,9.6,0
1788888402.080129956,9.4,0
1788888402.142629621,9.6,0
1788888402.205482596,9.2,0
1788888402.268255750,9.0,0
1788888402.330836957,9.5,0
1788888402.393898304,9.4,0
1788888402.456575525,9.2,0
1788888402.519124644,11.8,0
1788888402.584317525,10.0,0
1788888402.647726853,9.7,0
1788888402.710734189,9.3,0
1788888402.773406242,9.4,0
1788888402.836429702,11.1,0
1788888402.900828803,9.9,0
1788888402.964055688,9.3,0
1788888403.026807881,9.2,0
1788888403.089269409,9.2,0
1788888403.152026931,9.4,0
1788888403.214991182,9.4,0
1788888403.277680801,9.7,0
1788888403.340691983,9.6,0
1788888403.403555593,8.7,0
1788888403.465575349,10.0,0
1788888403.528785599,10.3,0
1788888403.592360064,10.1,0
1788888403.655720809,11.3,0
1788888403.720583055,9.7,0
1788888403.783485523,10.0,0
1788888403.846877957,10.6,0
1788888403.911198971,9.7,0
1788888403.974231865,9.4,0
1788888404.036991389,9.3,0
1788888404.099560538,9.8,0
1788888404.162598239,9.9,0
1788888404.225917973,13.9,0
1788888404.293553114,10.5,0
1788888404.357244565,10.1,0
1788888404.420423928,9.9,0
1788888404.483636902,9.5,0
1788888404.546404879,9.8,0
1788888404.609497262,9.3,0
1788888404.672007944,10.7,0
1788888404.735901357,9.8,0
1788888404.799161642,9.8,0
1788888404.862037931,9.6,0
1788888404.924867060,10.4,0
1788888404.989156227,10.3,0
1788888405.052754999,9.9,0
1788888405.115766530,9.7,0
1788888405.179239234,10.1,0
1788888405.243031225,9.3,0
1788888405.305629939,9.3,0
1788888405.368562913,8.8,0
1788888405.430767956,10.6,0
1788888405.495141770,10.0,0
1788888405.558660412,10.2,0
1788888405.622343130,9.7,0
1788888405.685328903,9.4,0
1788888405.748064141,10.1,0
1788888405.811407540,10.5,0
1788888405.875199572,10.6,0
1788888405.939151203,9.8,0
1788888406.002392940,9.3,0
1788888406.065461207,10.2,0
1788888406.128889924,10.1,0
1788888406.192206042,9.9,0
1788888406.255103363,9.3,0
1788888406.317843469,9.4,0
1788888406.380440259,9.4,0
1788888406.443198261,9.8,0
1788888406.506120069,11.6,0
1788888406.571290045,10.0,0
1788888406.634718873,9.6,0
1788888406.697564736,11.6,0
1788888406.762738358,10.5,0
1788888406.826549659,9.3,0
1788888406.889095913,10.4,0
1788888406.952659182,9.5,0
1788888407.015374791,10.1,0
1788888407.079117469,13.0,0
1788888407.145364419,9.2,0
1788888407.208049101,10.4,0
1788888407.271501634,9.5,0
1788888407.334231814,9.4,0
1788888407.396838139,9.5,0
1788888407.459645285,9.5,0
1788888407.522196958,10.0,0
1788888407.585428530,10.4,0
1788888407.649184377,9.9,0
1788888407.712476159,9.4,0
1788888407.775266780,10.2,0
1788888407.838625522,10.3,0
1788888407.929194339,10.0,0
1788888407.992991047,11.2,0
1788888408.057816938,9.7,0
1788888408.120962191,8.9,0
1788888408.183702456,9.8,0
1788888408.247066777,10.3,0
1788888408.310787461,10.0,0
1788888408.374584080,9.9,0
1788888408.438015081,9.8,0
1788888408.500881385,10.7,0
1788888408.564774669,9.7,0
1788888408.627577708,9.6,0
1788888408.690335320,9.4,0
1788888408.753288755,9.8,0
1788888408.816507668,9.0,0
1788888408.878818810,9.5,0
1788888408.941929631,9.5,0
1788888409.004762395,10.4,0
1788888409.068376420,10.6,0
1788888409.132284065,9.8,0
1788888409.195565942,9.9,0
1788888409.258664404,9.4,0
1788888409.321389998,9.8,0
1788888409.384382181,9.3,0
1788888409.446810549,9.4,0
1788888409.509878215,9.0,0
1788888409.572312252,8.9,0
1788888409.634389374,9.4,0
1788888409.697068407,9.7,0
1788888409.760158908,9.6,0
1788888409.823041607,9.7,0
1788888409.886117906,9.6,0
1788888409.948758913,9.1,0
1788888410.011179890,10.1,0
1788888410.074445923,9.9,0
1788888410.137800309,9.2,0
1788888410.200287335,9.7,0
1788888410.263505567,10.2,0
1788888410.327005000,10.3,0
1788888410.390619215,10.3,0
1788888410.454349785,9.6,0
1788888410.517392313,9.1,0
1788888410.580039039,9.5,0
1788888410.643061146,10.3,0
1788888410.707048982,9.7,0
1788888410.770074404,9.9,0
1788888410.833282020,9.1,0
1788888410.895859332,9.5,0
1788888410.958791184,10.2,0
1788888411.022283527,9.6,0
1788888411.085064904,9.1,0
1788888411.147522927,10.6,0
1788888411.211439555,10.3,0
1788888411.275079639,9.7,0
1788888411.338352493,10.6,0
1788888411.402348500,9.3,0
1788888411.464866452,9.9,0
1788888411.528076672,10.1,0
1788888411.591403256,9.9,0
1788888411.654712144,9.2,0
1788888411.717363016,9.7,0
1788888411.780627467,9.5,0
1788888411.843318619,9.8,0
1788888411.906278353,9.4,0
1788888411.969282484,9.4,0
1788888412.032285874,9.8,0
1788888412.095360210,9.5,0
1788888412.158085583,9.5,0
1788888412.220990546,9.4,0
1788888412.283582790,10.3,0
1788888412.347434030,9.9,0
1788888412.410408587,9.6,0
1788888412.473153099,9.9,0
1788888412.536655907,9.6,0
1788888412.599683923,9.2,0
1788888412.662041325,9.1,0
1788888412.724642843,9.3,0
1788888412.787112924,11.5,0
1788888412.852112385,9.3,0
1788888412.914765219,9.6,0
1788888412.978079685,9.6,0
1788888413.041133951,10.1,0
1788888413.104623940,9.3,0
1788888413.167486709,9.4,0
1788888413.230050721,9.3,0
1788888413.292566610,9.5,0
1788888413.355263631,9.2,0
1788888413.417850967,9.2,0
1788888413.480619195,9.1,0
1788888413.543071719,10.6,0
1788888413.607082068,10.3,0
1788888413.670794741,12.4,0
1788888413.736743354,9.5,0
1788888413.799575788,9.5,0
1788888413.862396824,9.4,0
1788888413.925375417,9.5,0
1788888413.988311206,9.5,0
1788888414.051170059,9.6,0
1788888414.114202863,9.6,0
1788888414.177165782,10.0,0
1788888414.241058505,9.7,0
1788888414.304259611,9.5,0
1788888414.367484473,9.6,0
1788888414.430642264,10.0,0
1788888414.494085863,9.4,0
1788888414.556754512,9.1,0
1788888414.619197411,9.8,0
1788888414.682389915,9.3,0
1788888414.745609839,9.9,0
1788888414.809280229,9.6,0
1788888414.872420734,9.9,0
1788888414.935459997,10.3,0
1788888414.999209686,9.1,0
1788888415.062213707,9.9,0
1788888415.126145698,9.1,0
1788888415.188808788,9.7,0
1788888415.252013860,9.1,0
1788888415.314467376,14.8,0
1788888415.382974583,10.1,0
1788888415.446566275,10.1,0
1788888415.510495181,10.8,0
1788888415.575375083,9.7,0
1788888415.638471623,11.0,0
1788888415.702759888,9.8,0
1788888415.765929147,10.4,0
1788888415.829557433,9.3,0
1788888415.892004228,9.2,0
1788888415.954973928,9.5,0
1788888416.018714572,10.6,0
1788888416.082819463,8.8,0
1788888416.145266529,10.0,0
1788888416.208668967,10.1,0
1788888416.272168841,9.5,0
1788888416.334820984,9.9,0
1788888416.397883683,11.0,0
1788888416.462209985,10.0,0
1788888416.525665853,9.6,0
1788888416.588610826,10.1,0
1788888416.652241826,10.9,0
1788888416.717422489,9.7,0
1788888416.780865818,9.6,0
1788888416.843836398,10.0,0
1788888416.907084345,9.2,0
1788888416.969516419,10.1,0
1788888417.032735522,10.1,0
1788888417.096282917,9.4,0
1788888417.159577733,10.9,0
1788888417.223897846,9.6,0
1788888417.287159002,10.6,0
1788888417.351222932,13.6,0
1788888417.417971003,9.8,0
1788888417.481012179,9.5,0
1788888417.543629491,9.1,0
1788888417.605699672,9.1,0
1788888417.668051506,10.0,0
1788888417.731349647,9.5,0
1788888417.794129692,9.9,0
1788888417.857228595,9.8,0
1788888417.920345055,9.3,0
1788888417.983045781,9.1,0
1788888418.045432026,9.6,0
1788888418.108194816,9.6,0
1788888418.170930224,10.1,0
1788888418.234150699,10.4,0
1788888418.297775661,9.3,0
1788888418.360194084,9.3,0
1788888418.422601270,11.2,0
1788888418.487279129,9.0,0
1788888418.549448630,9.3,0
1788888418.612051309,10.6,0
1788888418.676111803,10.9,0
1788888418.740345437,10.5,0
1788888418.804581674,9.4,0
1788888418.867750882,10.4,0
1788888418.931971486,9.1,0
1788888418.994334406,9.6,0
1788888419.058000920,9.7,0
1788888419.121062367,10.5,0
1788888419.184810923,11.6,0
1788888419.249422513,9.9,0
1788888419.312781926,8.8,0
1788888419.374850375,9.7,0
1788888419.438122638,9.9,0
1788888419.501287540,10.5,0
1788888419.565256867,10.2,0
1788888419.628823812,11.6,0
1788888419.694047158,9.9,0
1788888419.757899240,10.6,0
1788888419.822266533,9.6,0
1788888419.885577714,10.0,0
1788888419.948896036,10.2,0
1788888420.012824492,10.0,0
1788888420.076103155,10.2,0
1788888420.139915467,9.5,0
1788888420.202557055,11.4,0
1788888420.267525770,9.6,0
1788888420.330385524,10.1,0
1788888420.393931077,9.5,0
1788888420.456687977,9.3,0
1788888420.519917726,9.5,0
1788888420.582622168,12.3,0
1788888420.648771653,9.5,0
1788888420.711649304,10.0,0
1788888420.775008026,12.8,0
1788888420.841426424,9.8,0
1788888420.904585857,9.4,0
1788888420.967474926,11.3,0
1788888421.032008950,9.9,0
1788888421.095152890,10.8,0
1788888421.160020103,9.1,0
1788888421.222418176,9.6,0
1788888421.285906412,9.3,0
1788888421.348871094,12.5,0
1788888421.414948390,9.2,0
1788888421.477976287,9.3,0
1788888421.541035130,9.3,0
1788888421.603681064,10.1,0
1788888421.667334198,8.8,0
1788888421.729536267,9.8,0
1788888421.792665265,9.1,0
1788888421.855253653,9.3,0
1788888421.917852296,11.2,0
1788888421.982528112,9.6,0
1788888422.045475719,9.0,0
1788888422.108112740,9.9,0
1788888422.171468617,9.1,0
1788888422.234055844,10.6,0
1788888422.298354385,9.4,0
1788888422.361132267,10.6,0
1788888422.425114543,9.1,0
1788888422.487556652,13.0,0
1788888422.554514037,9.4,0
1788888422.617268774,9.2,0
1788888422.679809441,9.2,0
1788888422.742505771,10.3,0
1788888422.806156271,9.4,0
1788888422.869177727,9.6,0
1788888422.932091974,9.2,0
1788888422.994722175,9.3,0
1788888423.057339185,11.7,0
1788888423.122513999,10.1,0
1788888423.186139652,9.4,0
1788888423.249003192,10.0,0
1788888423.312279491,9.9,0
1788888423.375497162,10.5,0
1788888423.439867921,9.9,0
1788888423.503465841,10.5,0
1788888423.567358294,9.3,0
1788888423.629711309,9.1,0
1788888423.692733157,9.1,0
1788888423.755274574,9.5,0
1788888423.818535500,9.6,0
1788888423.881548324,9.8,0
1788888423.944538294,8.9,0
1788888424.006747033,9.6,0
1788888424.069648200,9.7,0
1788888424.133023216,9.6,0
1788888424.195982220,10.1,0
1788888424.259643015,8.9,0
1788888424.321959015,9.8,0
1788888424.385386751,12.9,0
1788888424.451551177,9.2,0
1788888424.513998544,10.2,0
1788888424.577623285,9.4,0
1788888424.640798302,9.2,0
1788888424.703445018,9.7,0
1788888424.766883269,10.1,0
1788888424.830377735,9.5,0
1788888424.893668726,9.6,0
1788888424.956688741,10.1,0
1788888425.020107934,9.3,0
1788888425.082810693,9.4,0
1788888425.145849286,9.4,0
1788888425.208745025,33.6,0
1788888425.295722930,10.4,0
1788888425.359482123,9.7,0
1788888425.422468797,11.3,0
1788888425.486986977,10.2,0
1788888425.550893991,9.6,0
1788888425.613987516,15.9,0
1788888425.683742703,10.0,0
1788888425.747356218,10.3,0
1788888425.810941610,9.3,0
1788888425.873564379,10.1,0
1788888425.937513507,9.1,0
1788888426.000030928,9.8,0
1788888426.063329380,9.3,0
1788888426.126280612,9.9,0
1788888426.189634037,13.0,0
1788888426.256373986,10.9,0
1788888426.320802952,10.0,0
1788888426.384165870,9.5,0
1788888426.446787228,9.6,0
1788888426.510021213,9.4,0
1788888426.573194108,9.7,0
1788888426.636439780,11.5,0
1788888426.701632551,12.1,0
1788888426.767138291,12.9,0
1788888426.833609387,9.7,0
1788888426.896969521,9.5,0
1788888426.959857459,9.2,0
1788888427.022423884,10.0,0
1788888427.085559462,8.8,0
1788888427.147726468,10.4,0
1788888427.211753172,9.1,0
1788888427.274378775,9.4,0
1788888427.337345500,9.2,0
1788888427.399931084,10.1,0
1788888427.463149426,10.0,0
1788888427.526377173,8.9,0
1788888427.589108795,9.7,0
1788888427.652245465,10.5,0
1788888427.716251748,9.6,0
1788888427.779311142,9.8,0
1788888427.842877315,10.1,0
1788888427.906412461,10.4,0
1788888427.969941439,8.7,0
1788888428.032305711,9.7,0
1788888428.095338655,10.0,0
1788888428.158617398,9.6,0
1788888428.221795750,9.4,0
1788888428.284567603,9.1,0
1788888428.347124033,9.0,0
1788888428.409492782,9.3,0
1788888428.471986328,11.2,0
1788888428.536565910,11.1,0
1788888428.601004631,9.7,0
1788888428.663956183,10.0,0
1788888428.727346783,10.7,0
1788888428.790996081,10.3,0
1788888428.855369354,10.2,0
1788888428.918949548,10.7,0
1788888428.982902050,10.2,0
1788888429.046293852,10.1,0
1788888429.110152564,9.9,0
1788888429.173781091,10.1,0
1788888429.237494715,9.6,0
1788888429.300649191,9.9,0
1788888429.363662816,9.4,0
1788888429.426463362,10.0,0
1788888429.489996516,9.0,0
1788888429.552314419,9.1,0
1788888429.615133172,11.4,0
1788888429.680001507,9.7,0
1788888429.743208993,9.2,0
1788888429.805794977,8.9,0
1788888429.868346590,9.5,0
1788888429.931269480,9.8,0
1788888429.994344637,9.4,0
1788888430.057104372,9.9,0
1788888430.120211557,9.4,0
1788888430.183323500,9.0,0
1788888430.245710757,32.9,0
1788888430.332212509,10.7,0
1788888430.396755395,10.5,0
1788888430.460738784,10.8,0
1788888430.525052377,10.2,0
1788888430.588868234,11.3,0
1788888430.653558713,9.9,0
1788888430.717071356,10.3,0
1788888430.780591420,10.7,0
1788888430.844365114,9.8,0
1788888430.907601083,10.1,0
1788888430.970990261,9.8,0
1788888431.034181322,10.6,0
1788888431.098408335,9.3,0
1788888431.161308260,9.2,0
1788888431.223742487,10.7,0
1788888431.287753717,9.8,0
1788888431.350876216,11.9,0
1788888431.416515786,13.7,0
1788888431.483754333,9.6,0
1788888431.546896971,13.5,0
1788888431.613909419,14.3,0
1788888431.682013803,12.5,0
1788888431.747904779,9.7,0
1788888431.811250442,10.8,0
1788888431.875346720,9.7,0
1788888431.938310310,10.5,0
1788888432.002485757,10.0,0
1788888432.066263817,9.6,0
1788888432.129140147,9.1,0
1788888432.191647664,10.5,0
1788888432.255529280,9.5,0
1788888432.318372510,9.5,0
1788888432.381437542,9.0,0
1788888432.443849125,9.4,0
1788888432.506611774,8.7,0
1788888432.568644660,9.7,0
1788888432.631665306,10.3,0
1788888432.695788594,10.9,0
1788888432.759887656,11.1,0
1788888432.824859706,10.8,0
1788888432.889289703,9.0,0
1788888432.951714466,9.5,0
1788888433.014700921,9.1,0
1788888433.077437471,10.5,0
1788888433.141558786,9.0,0
1788888433.203854195,9.2,0
1788888433.266627200,9.6,0
1788888433.329343430,12.9,0
1788888433.395600615,9.3,0
1788888433.458437546,8.9,0
1788888433.520625023,9.6,0
1788888433.583565889,9.9,0
1788888433.646831793,8.9,0
1788888433.709448824,10.3,0
1788888433.773311251,9.7,0
1788888433.836316884,9.9,0
1788888433.899623689,9.3,0
1788888433.962323244,9.0,0
1788888434.025222418,9.3,0
1788888434.087921051,9.6,0
1788888434.150880465,9.3,0
1788888434.214239027,10.4,0
1788888434.278693982,9.4,0
1788888434.341392055,9.3,0
1788888434.404196036,9.4,0
1788888434.467257793,9.5,0
1788888434.530017638,9.0,0
1788888434.592381640,10.3,0
1788888434.656075435,9.9,0
1788888434.719349500,9.5,0
1788888434.782324628,9.1,0
1788888434.844833026,9.3,0
1788888434.907447784,9.3,0
1788888434.970089862,9.5,0
1788888435.033150728,9.4,0
1788888435.096027509,9.2,0
1788888435.158580554,9.3,0
1788888435.221201551,9.4,0
1788888435.283871992,9.4,0
1788888435.346419679,9.4,0
1788888435.409333645,10.0,0
1788888435.472782593,9.3,0
1788888435.535314957,9.1,0
1788888435.597534522,9.4,0
1788888435.660375168,9.2,0
1788888435.723187833,9.7,0
1788888435.786316891,9.0,0
1788888435.848624288,9.3,0
1788888435.911187408,9.3,0
1788888435.973806662,9.7,0
1788888436.037040618,9.1,0
1788888436.099500353,9.4,0
1788888436.162243353,9.7,0
1788888436.225649086,9.8,0
1788888436.288738655,9.9,0
1788888436.352080893,9.7,0
1788888436.415347808,9.3,0
1788888436.477871569,11.4,0
1788888436.542218542,9.5,0
1788888436.605100370,9.2,0
1788888436.667627276,9.2,0
1788888436.730213250,11.0,0
1788888436.794676718,9.2,0
1788888436.857206869,9.2,0
1788888436.920007255,9.2,0
1788888436.982534452,9.7,0
1788888437.045779363,9.8,0
1788888437.109076033,9.2,0
1788888437.171813484,9.0,0
1788888437.234302193,9.6,0
1788888437.297228848,11.0,0
1788888437.361804384,9.5,0
1788888437.424654875,9.4,0
1788888437.487357804,9.5,0
1788888437.550078761,8.9,0
1788888437.613325265,9.5,0
1788888437.676204369,9.5,0
1788888437.739122461,9.1,0
1788888437.801565312,9.5,0
1788888437.864392007,10.6,0
1788888437.928243528,9.0,0
1788888437.990445767,9.2,0
1788888438.053088457,9.1,0
1788888438.115504086,9.3,0
1788888438.178166996,8.6,0
1788888438.240285099,9.5,0
1788888438.303168870,9.2,0
1788888438.365526813,10.1,0
1788888438.429036922,9.5,0
1788888438.491940021,9.7,0
1788888438.555805443,9.4,0
1788888438.618663035,9.8,0
1788888438.681819093,9.0,0
1788888438.744506320,12.0,0
1788888438.809664679,9.8,0
1788888438.873248219,9.5,0
1788888438.936184748,9.8,0
1788888438.999357843,10.9,0
1788888439.063758867,9.4,0
1788888439.126742477,9.4,0
1788888439.189542192,9.2,0
1788888439.252417740,9.3,0
1788888439.314873290,9.0,0
1788888439.377432604,9.6,0
1788888439.440413530,9.1,0
1788888439.503073456,8.7,0
1788888439.565203757,9.3,0
1788888439.627868580,9.4,0
1788888439.690592081,9.3,0
1788888439.753322431,9.6,0
1788888439.816430478,9.0,0
1788888439.878742192,12.2,0
1788888439.944315983,9.0,0
1788888440.006746295,9.2,0
1788888440.069361183,8.9,0
1788888440.131677133,9.7,0
1788888440.194568234,9.2,0
1788888440.257272806,9.7,0
1788888440.320360873,9.3,0
1788888440.383453116,10.3,0
1788888440.447030206,9.5,0
1788888440.509732605,9.3,0
1788888440.572642205,9.6,0
1788888440.635621919,9.6,0
1788888440.698658188,9.7,0
1788888440.761856621,10.5,0
1788888440.826046008,10.6,0
1788888440.889987884,10.4,0
1788888440.953716581,10.4,0
1788888441.017471727,11.5,0
1788888441.082415856,9.5,0
1788888441.145456762,9.7,0
1788888441.208495345,9.6,0
1788888441.271364053,9.4,0
1788888441.334864558,9.6,0
1788888441.397907066,10.0,0
1788888441.461228463,9.1,0
1788888441.523577653,9.5,0
1788888441.586156537,9.1,0
1788888441.648834599,10.4,0
1788888441.713081592,10.6,0
1788888441.777258852,10.5,0
1788888441.841194769,9.4,0
1788888441.904097939,11.7,0
1788888441.970616116,9.9,0
1788888442.033871053,9.6,0
1788888442.096743246,9.5,0
1788888442.159345575,9.2,0
1788888442.222229466,9.4,0
1788888442.285367518,9.3,0
1788888442.348155936,10.9,0
1788888442.412979884,9.9,0
1788888442.476121091,10.3,0
1788888442.539801986,9.9,0
1788888442.603344123,10.6,0
1788888442.667525668,9.5,0
1788888442.730334307,10.2,0
1788888442.794011877,10.1,0
1788888442.857336889,9.7,0
1788888442.921192716,9.7,0
1788888442.984654653,14.5,0
1788888443.053036233,9.7,0
1788888443.116202517,9.4,0
1788888443.179084064,10.3,0
1788888443.242973762,10.4,0
1788888443.306543531,9.7,0
1788888443.369780521,10.6,0
1788888443.433880835,10.7,0
1788888443.497999766,10.8,0
1788888443.562648152,10.0,0
1788888443.626382417,10.5,0
1788888443.690397002,10.1,0
1788888443.754266249,9.6,0
1788888443.817582799,9.2,0
1788888443.880319048,9.9,0
1788888443.943469599,10.6,0
1788888444.007477484,10.0,0
1788888444.070931560,9.8,0
1788888444.134577853,9.6,0
1788888444.198088393,9.6,0
1788888444.260865905,10.3,0
1788888444.324548533,9.3,0
1788888444.387160235,9.2,0
1788888444.449749725,9.7,0
1788888444.513143140,9.8,0
1788888444.576498006,9.8,0
1788888444.639842678,10.1,0
1788888444.703206628,12.7,0
1788888444.769151596,9.9,0
1788888444.832284861,9.8,0
1788888444.895583754,10.3,0
1788888444.959433262,10.1,0
1788888445.023034938,10.4,0
1788888445.086863174,9.8,0
1788888445.150122378,10.6,0
1788888445.213848220,10.5,0
1788888445.277606281,10.7,0
1788888445.341730140,9.8,0
1788888445.404882633,10.5,0
1788888445.469023588,10.0,0
1788888445.532460027,9.8,0
1788888445.595604959,10.6,0
1788888445.659359094,9.4,0
1788888445.722164648,9.5,0
1788888445.785052024,9.2,0
1788888445.847654764,14.9,0
1788888445.916330794,10.5,0
1788888445.980335364,9.8,0
1788888446.043281038,9.7,0
1788888446.106325790,9.1,0
1788888446.168552105,9.9,0
1788888446.231700914,9.9,0
1788888446.294971894,10.6,0
1788888446.358719209,9.6,0
1788888446.421572895,10.4,0
1788888446.485424196,9.0,0
1788888446.547670070,10.1,0
1788888446.611103495,9.1,0
1788888446.673633145,10.4,0
1788888446.737122213,10.0,0
1788888446.800435778,9.5,0
1788888446.863307751,9.1,0
1788888446.926168577,9.2,0
1788888446.988774422,8.9,0
1788888447.050896551,11.4,0
1788888447.115727930,9.9,0
1788888447.179117829,10.9,0
1788888447.243486595,9.7,0
1788888447.306548133,10.8,0
1788888447.370992732,9.2,0
1788888447.433428602,9.3,0
1788888447.496057240,9.6,0
1788888447.559264766,9.4,0
1788888447.623013584,8.9,0
1788888447.685271206,9.5,0
1788888447.747885072,9.7,0
1788888447.811028362,9.7,0
1788888447.874020565,9.1,0
1788888447.936556735,9.5,0
1788888447.999388868,9.3,0
1788888448.062166400,9.1,0
1788888448.124533106,9.2,0
1788888448.187227373,10.4,0
1788888448.251015649,10.1,0
1788888448.314441793,10.2,0
1788888448.377977711,9.8,0
1788888448.441072357,9.4,0
1788888448.504190930,10.3,0
1788888448.567683193,10.0,0
1788888448.630904459,9.6,0
1788888448.693766117,9.9,0
1788888448.757080313,8.9,0
1788888448.819667389,10.2,0
1788888448.883359421,9.1,0
1788888448.945828420,9.9,0
1788888449.008972661,9.3,0
1788888449.071557134,9.1,0
1788888449.133956789,8.9,0
1788888449.196154502,11.9,0
1788888449.261235915,9.5,0
1788888449.323964053,10.6,0
1788888449.388195624,9.1,0
1788888449.450800937,10.0,0
1788888449.514484867,10.2,0
1788888449.578107044,10.0,0
1788888449.641465436,9.7,0
1788888449.704629948,9.2,0
1788888449.767286468,9.3,0
1788888449.830106684,10.8,0
1788888449.894418564,9.3,0
1788888449.957141935,9.2,0
1788888450.019865235,9.5,0
1788888450.082604790,9.4,0
1788888450.145252908,9.5,0
1788888450.208122137,33.5,0
1788888450.295271109,9.8,0
1788888450.358413056,9.4,0
1788888450.421333602,9.4,0
1788888450.484103813,9.9,0
1788888450.547205941,10.4,0
1788888450.611264702,10.0,0
1788888450.674889604,10.8,0
1788888450.738910518,10.3,0
1788888450.802480618,9.8,0
1788888450.866142865,9.6,0
1788888450.928864553,10.5,0
1788888450.993299058,10.8,0
1788888451.057780963,10.8,0
1788888451.122023931,10.0,0
1788888451.185147591,11.0,0
1788888451.249933592,10.1,0
1788888451.313458674,10.1,0
1788888451.376909515,12.1,0
1788888451.442910236,10.0,0
1788888451.506320957,10.1,0
1788888451.570209884,9.4,0
1788888451.633087976,11.5,0
1788888451.697880207,10.2,0
1788888451.761853140,10.2,0
1788888451.825534125,11.2,0
1788888451.890586566,9.8,0
1788888451.953801302,9.5,0
1788888452.016965924,9.9,0
1788888452.080072198,11.1,0
1788888452.144858279,11.1,0
1788888452.209347446,9.8,0
1788888452.272512729,9.1,0
1788888452.335476950,9.8,0
1788888452.399229032,9.6,0
1788888452.462436688,9.4,0
1788888452.525598936,9.1,0
1788888452.588388296,9.3,0
1788888452.651456553,9.2,0
1788888452.713798321,10.7,0
1788888452.778657793,9.8,0
1788888452.842034783,11.4,0
1788888452.906684860,10.1,0
1788888452.970232897,9.8,0
1788888453.033594153,9.5,0
1788888453.096583692,10.4,0
1788888453.160279360,9.6,0
1788888453.223403821,9.5,0
1788888453.286422764,9.3,0
1788888453.349038143,10.3,0
1788888453.412711507,9.3,0
1788888453.475369389,11.5,0
1788888453.539951766,10.0,0
1788888453.603353753,10.1,0
1788888453.666570483,9.6,0
1788888453.729348886,9.2,0
1788888453.792264264,9.5,0
1788888453.855295446,16.8,0
1788888453.925809010,9.7,0
1788888453.988974823,10.2,0
1788888454.052499635,9.9,0
1788888454.116001372,10.0,0
1788888454.179287415,10.4,0
1788888454.243007829,10.0,0
1788888454.306310278,9.6,0
1788888454.369451584,10.5,0
1788888454.433135254,9.5,0
1788888454.496091494,9.3,0
1788888454.559066341,9.7,0
1788888454.622227147,10.2,0
1788888454.686095793,9.5,0
1788888454.748863070,9.3,0
1788888454.811612439,9.5,0
1788888454.874396861,10.1,0
1788888454.938038918,9.4,0
1788888455.000723991,11.1,0
1788888455.065771354,9.6,0
1788888455.128830247,9.0,0
1788888455.191252937,9.5,0
1788888455.253962787,9.1,0
1788888455.316439588,9.5,0
1788888455.379232363,9.2,0
1788888455.441600461,9.4,0
1788888455.504111323,9.3,0
1788888455.566715995,11.2,0
1788888455.631431431,9.2,0
1788888455.694127411,9.4,0
1788888455.757005353,9.1,0
1788888455.819431457,9.3,0
1788888455.882166646,12.2,0
1788888455.947659686,10.2,0
1788888456.011122084,9.8,0
1788888456.074631282,9.9,0
1788888456.137954432,8.9,0
1788888456.200269340,9.3,0
1788888456.262647403,9.7,0
1788888456.325523673,9.3,0
1788888456.388246142,33.1,0
1788888456.474556638,8.5,0
1788888456.536472608,10.4,0
1788888456.599933714,10.2,0
1788888456.663874679,10.2,0
1788888456.727364198,9.6,0
1788888456.790599756,10.0,0
1788888456.853975434,9.4,0
1788888456.916625644,10.9,0
1788888456.980816033,11.0,0
1788888457.045445920,10.3,0
1788888457.108827778,10.2,0
1788888457.172099620,11.2,0
1788888457.237085431,10.7,0
1788888457.301452915,10.8,0
1788888457.366141310,11.7,0
1788888457.431403725,10.4,0
1788888457.495357119,11.6,0
1788888457.560784031,9.5,0
1788888457.623458047,9.8,0
1788888457.686998753,9.2,0
1788888457.749522424,10.6,0
1788888457.813450780,9.3,0
1788888457.875921011,10.0,0
1788888457.940102076,9.3,0
1788888458.002794901,10.7,0
1788888458.066596346,9.7,0
1788888458.129837192,10.8,0
1788888458.193875894,9.5,0
1788888458.257513374,10.2,0
1788888458.321024255,9.7,0
1788888458.384291720,9.9,0
1788888458.447470864,9.2,0
1788888458.509886163,10.4,0
1788888458.573949311,9.6,0
1788888458.636751339,10.5,0
1788888458.700323852,8.9,0
1788888458.762523438,9.8,0
1788888458.825375451,9.2,0
1788888458.888132442,9.2,0
1788888458.950823874,9.3,0
1788888459.013250480,8.8,0
1788888459.075180211,9.8,0
1788888459.138784662,9.5,0
1788888459.201726981,9.7,0
1788888459.264766115,10.0,0
1788888459.328005408,9.8,0
1788888459.391387215,10.5,0
1788888459.455574199,9.9,0
1788888459.519112220,11.3,0
1788888459.583999624,9.3,0
1788888459.646897966,9.6,0
1788888459.709744922,10.4,0
1788888459.773718395,11.1,0
1788888459.838318078,14.0,0
1788888459.906226839,9.9,0
1788888459.969647624,9.9,0
1788888460.032824354,10.2,0
1788888460.096212010,9.5,0
1788888460.159235209,10.6,0
1788888460.223160201,9.9,0
1788888460.286465313,9.0,0
1788888460.348577888,9.7,0
1788888460.411799986,13.0,0
1788888460.477956701,9.4,0
1788888460.540570397,8.9,0
1788888460.602704124,8.9,0
1788888460.664884812,9.9,0
1788888460.728045197,9.2,0
1788888460.790639995,10.1,0
1788888460.854303053,10.0,0
1788888460.917706302,9.7,0
1788888460.980896993,10.4,0
1788888461.044828164,8.9,0
1788888461.107313488,9.3,0
1788888461.170070178,9.9,0
1788888461.233409862,9.1,0
1788888461.296040974,9.8,0
1788888461.359142001,9.6,0
1788888461.422319041,33.9,0
1788888461.509310938,10.0,0
1788888461.572395049,10.3,0
1788888461.635982714,10.2,0
1788888461.699914876,10.0,0
1788888461.763544955,10.5,0
1788888461.827709836,9.4,0
1788888461.890632004,9.7,0
1788888461.953948694,10.1,0
1788888462.017347517,10.9,0
1788888462.081746398,9.5,0
1788888462.144562698,9.5,0
1788888462.207394621,10.7,0
1788888462.271773212,9.4,0
1788888462.334553067,10.7,0
1788888462.399181131,10.4,0
1788888462.463035357,9.6,0
1788888462.525844426,9.0,0
1788888462.588270310,10.2,0
1788888462.651703053,10.1,0
1788888462.715256969,10.2,0
1788888462.779010272,9.4,0
1788888462.841687284,11.2,0
1788888462.906263971,9.5,0
1788888462.969001673,9.4,0
1788888463.031574528,9.3,0
1788888463.094061594,10.3,0
1788888463.157359997,9.4,0
1788888463.220109356,9.2,0
1788888463.282630694,9.4,0
1788888463.345548586,9.2,0
1788888463.408052007,10.0,0
1788888463.471249508,8.9,0
1788888463.533355994,9.5,0
1788888463.596167897,9.0,0
1788888463.658308855,9.9,0
1788888463.721613006,9.6,0
1788888463.784517157,10.2,0
1788888463.847861318,9.6,0
1788888463.911341943,9.2,0
1788888463.974490070,9.8,0
1788888464.037801331,9.5,0
1788888464.100802769,14.1,0
1788888464.168213113,9.8,0
1788888464.231218516,9.2,0
1788888464.293287656,9.4,0
1788888464.356043225,10.9,0
1788888464.420149638,9.5,0
1788888464.483827148,10.5,0
1788888464.547679030,11.0,0
1788888464.612365422,10.7,0
1788888464.676446787,10.4,0
1788888464.740539439,9.2,0
1788888464.803128809,9.2,0
1788888464.866294503,10.5,0
1788888464.930206745,9.9,0
1788888464.994328971,10.3,0
1788888465.058092560,10.5,0
1788888465.122354687,10.5,0
1788888465.186402212,10.4,0
1788888465.250171690,10.7,0
1788888465.314557592,11.2,0
1788888465.379022562,9.4,0
1788888465.441623960,9.8,0
1788888465.504596614,9.6,0
1788888465.567475858,9.2,0
1788888465.629836114,9.1,0
1788888465.692406165,10.8,0
1788888465.756462943,9.7,0
1788888465.819637470,10.6,0
1788888465.883712346,10.1,0
1788888465.947330127,10.8,0
1788888466.011394587,9.5,0
1788888466.074367101,10.8,0
1788888466.139128585,9.9,0
1788888466.202416712,12.1,0
1788888466.267773128,9.8,0
1788888466.331134204,9.5,0
1788888466.394112387,9.2,0
1788888466.456586053,32.9,0
1788888466.542842608,10.5,0
1788888466.606754619,9.3,0
1788888466.669413343,9.8,0
1788888466.732950193,9.0,0
1788888466.795286092,9.4,0
1788888466.857899438,9.3,0
1788888466.920427746,10.4,0
1788888466.984433378,8.9,0
1788888467.046636389,9.8,0
1788888467.110221191,9.0,0
1788888467.172724852,10.6,0
1788888467.236771035,9.4,0
1788888467.299737149,9.2,0
1788888467.362191446,9.9,0
1788888467.425546593,9.9,0
1788888467.489304955,9.2,0
1788888467.551844179,10.5,0
1788888467.615663112,9.6,0
1788888467.678580613,10.6,0
1788888467.743067596,9.3,0
1788888467.805676115,13.5,0
1788888467.872607771,9.1,0
1788888467.935669769,10.9,0
1788888468.000020358,9.4,0
1788888468.062896408,11.1,0
1788888468.127052846,9.4,0
1788888468.189763086,9.8,0
1788888468.253233987,9.7,0
1788888468.316306661,10.8,0
1788888468.380521507,11.0,0
1788888468.445032756,9.0,0
1788888468.507655646,9.4,0
1788888468.570455581,10.1,0
1788888468.633947333,10.3,0
1788888468.697720747,10.5,0
1788888468.761783164,9.9,0
1788888468.825193574,11.4,0
1788888468.889811954,10.4,0
1788888468.953958598,13.4,0
1788888469.020851336,9.7,0
1788888469.083806724,9.1,0
1788888469.146068043,9.3,0
1788888469.208684793,9.4,0
1788888469.271355004,9.4,0
1788888469.333861750,9.5,0
1788888469.396322798,9.7,0
1788888469.459364195,9.7,0
1788888469.522237159,9.7,0
1788888469.585266058,9.3,0
1788888469.647601076,9.2,0
1788888469.709947993,9.2,0
1788888469.772492225,9.6,0
1788888469.835316857,10.1,0
1788888469.898716591,8.8,0
1788888469.960773723,9.6,0
1788888470.023702892,9.2,0
1788888470.086128036,9.2,0
1788888470.148494562,9.8,0
1788888470.211247757,9.4,0
1788888470.273627342,9.5,0
1788888470.336492435,10.0,0
1788888470.399883346,10.3,0
1788888470.463731702,9.9,0
1788888470.526858327,8.9,0
1788888470.588958835,10.7,0
1788888470.653587640,11.9,0
1788888470.719355142,10.8,0
1788888470.783621094,10.5,0
1788888470.847561088,11.8,0
1788888470.912717905,10.9,0
1788888470.977363616,10.0,0
1788888471.040815979,9.4,0
1788888471.103617196,9.6,0
1788888471.166844152,9.2,0
1788888471.229415094,13.9,0
1788888471.296761452,9.5,0
1788888471.359577321,10.1,0
1788888471.423320009,9.4,0
1788888471.485929258,33.1,0
1788888471.572292393,9.0,0
1788888471.634882504,10.1,0
1788888471.698481416,9.5,0
1788888471.761260851,9.3,0
1788888471.823760907,9.6,0
1788888471.886824147,9.4,0
1788888471.949581799,9.4,0
1788888472.012539400,9.5,0
1788888472.075250322,9.1,0
1788888472.137943377,10.4,0
1788888472.202033997,10.4,0
1788888472.265831857,9.9,0
1788888472.329197540,9.7,0
1788888472.392415512,12.2,0
1788888472.458318768,9.7,0
1788888472.522032863,9.6,0
1788888472.585026278,9.2,0
1788888472.647928617,9.1,0
1788888472.710812798,10.0,0
1788888472.774181576,10.3,0
1788888472.837940118,10.3,0
1788888472.901882194,10.4,0
1788888472.965632654,9.9,0
1788888473.028675213,9.5,0
1788888473.091725864,10.3,0
1788888473.155615852,14.3,0
1788888473.223353547,10.1,0
1788888473.286979089,10.0,0
1788888473.350516329,10.4,0
1788888473.414364646,10.8,0
1788888473.478542887,10.8,0
1788888473.542716460,9.5,0
1788888473.606390235,11.4,0
1788888473.671429406,9.7,0
1788888473.734524323,11.0,0
1788888473.798708853,12.4,0
1788888473.864513891,12.1,0
1788888473.930124318,11.6,0
1788888473.995504360,11.5,0
1788888474.060400356,10.1,0
1788888474.124109504,9.6,0
1788888474.187545753,10.9,0
1788888474.251666928,10.4,0
1788888474.315445580,9.7,0
1788888474.378735149,10.1,0
1788888474.442208203,9.4,0
1788888474.504899405,10.4,0
1788888474.568873199,12.5,0
1788888474.634685759,10.2,0
1788888474.698090501,9.8,0
1788888474.761532438,9.5,0
1788888474.824536699,10.2,0
1788888474.888167299,10.2,0
1788888474.951682086,14.8,0
1788888475.020725287,10.5,0
1788888475.084655976,9.1,0
1788888475.147320188,10.4,0
1788888475.211740031,9.6,0
1788888475.274877702,9.1,0
1788888475.337785820,10.3,0
1788888475.401413966,10.1,0
1788888475.464825658,9.1,0
1788888475.527516760,11.1,0
1788888475.592046217,10.4,0
1788888475.655884989,9.3,0
1788888475.718952135,9.6,0
1788888475.782060152,10.2,0
1788888475.845525624,9.1,0
1788888475.907971439,9.9,0
1788888475.971524343,9.9,0
1788888476.034973781,9.4,0
1788888476.097898323,9.9,0
1788888476.161391938,9.7,0
1788888476.224594516,10.3,0
1788888476.288607059,9.7,0
1788888476.351503379,9.4,0
1788888476.414658927,10.0,0
1788888476.478239532,9.6,0
1788888476.541368981,9.2,0
1788888476.604020394,9.5,0
1788888476.666752487,10.3,0
1788888476.730649267,9.4,0
1788888476.793398536,10.3,0
1788888476.857079061,9.8,0
1788888476.920298074,10.2,0
1788888476.983520613,9.3,0
1788888477.046124925,11.0,0
1788888477.110558959,9.4,0
1788888477.173270722,10.6,0
1788888477.237278998,8.8,0
1788888477.299504352,9.4,0
1788888477.362232840,9.5,0
1788888477.424955359,9.4,0
1788888477.487499742,10.3,0
1788888477.551294538,9.6,0
1788888477.614367092,9.7,0
1788888477.677469981,9.6,0
1788888477.740182355,8.8,0
1788888477.802309012,11.5,0
1788888477.867388323,10.0,0
1788888477.930668628,10.2,0
1788888477.994070145,10.0,0
1788888478.057226474,10.3,0
1788888478.121054139,10.3,0
1788888478.184644539,10.0,0
1788888478.247858865,9.6,0
1788888478.310767894,9.1,0
1788888478.373306117,9.8,0
1788888478.436454885,9.3,0
1788888478.499505026,9.6,0
1788888478.562329227,9.2,0
1788888478.624867521,9.1,0
1788888478.687210631,9.7,0
1788888478.750259079,9.6,0
1788888478.813108809,9.3,0
1788888478.875932059,9.4,0
1788888478.938886606,11.9,0
1788888479.004253147,8.8,0
1788888479.066450650,9.1,0
1788888479.128806820,9.0,0
1788888479.191206305,9.9,0
1788888479.254536335,9.0,0
1788888479.317084683,8.8,0
1788888479.379196327,9.2,0
1788888479.441890124,9.5,0
1788888479.504581917,14.0,0
1788888479.572089266,10.5,0
1788888479.635944202,9.3,0
1788888479.698879140,10.0,0
1788888479.762257482,9.6,0
1788888479.825238038,10.8,0
1788888479.889387075,9.3,0
1788888479.952097045,8.9,0
1788888480.014321979,9.1,0
1788888480.076799251,9.3,0
1788888480.139485676,10.1,0
1788888480.202722907,9.8,0
1788888480.265920809,33.2,0
1788888480.352918053,10.1,0
1788888480.416716365,10.1,0
1788888480.480571040,9.8,0
1788888480.543775692,9.9,0
1788888480.607193233,9.5,0
1788888480.670036944,9.0,0
1788888480.732459394,10.2,0
1788888480.796014380,10.7,0
1788888480.860295605,11.3,0
1788888480.925212463,10.8,0
1788888480.989605786,9.6,0
1788888481.052857688,10.4,0
1788888481.116799175,9.7,0
1788888481.179912500,10.3,0
1788888481.244159052,9.4,0
1788888481.307063795,10.8,0
1788888481.371097008,9.8,0
1788888481.434346397,9.2,0
1788888481.496817479,12.8,0
1788888481.562936949,10.8,0
1788888481.627359776,9.6,0
1788888481.690592751,9.9,0
1788888481.754141328,9.7,0
1788888481.817547562,9.7,0
1788888481.881170340,9.3,0
1788888481.944355813,10.2,0
1788888482.007876969,9.8,0
1788888482.071157855,9.2,0
1788888482.133816388,10.1,0
1788888482.197602852,10.8,0
1788888482.261994613,9.4,0
1788888482.324851814,9.6,0
1788888482.387810587,9.8,0
1788888482.451015930,9.4,0
1788888482.513803477,10.6,0
1788888482.577912985,10.4,0
1788888482.641938687,10.1,0
1788888482.705606352,9.7,0
1788888482.768707840,9.2,0
1788888482.831257580,9.3,0
1788888482.893916534,9.4,0
1788888482.956684932,11.7,0
1788888483.021854168,10.1,0
1788888483.085110357,10.1,0
1788888483.148590221,9.3,0
1788888483.211439620,10.9,0
1788888483.275466004,9.2,0
1788888483.338072138,10.1,0
1788888483.401892453,9.4,0
1788888483.464710315,10.9,0
1788888483.529335525,9.8,0
1788888483.592454499,10.4,0
1788888483.655765360,10.3,0
1788888483.719593436,10.6,0
1788888483.783723555,9.7,0
1788888483.846625553,9.3,0
1788888483.909790105,9.2,0
1788888483.972349089,10.5,0
1788888484.036207380,9.1,0
1788888484.098507677,9.7,0
1788888484.161469885,9.8,0
1788888484.224692904,10.6,0
1788888484.289388781,9.4,0
1788888484.352253974,11.7,0
1788888484.417664321,9.2,0
1788888484.480380901,10.0,0
1788888484.543792513,9.5,0
1788888484.606635924,9.4,0
1788888484.669170862,9.1,0
1788888484.731448935,10.6,0
1788888484.795430161,10.0,0
1788888484.858716425,9.5,0
1788888484.921699024,10.2,0
1788888484.985504626,9.4,0
1788888485.048444011,9.0,0
1788888485.111249775,9.0,0
1788888485.173776341,9.4,0
1788888485.236377087,10.3,0
1788888485.300057312,9.4,0
1788888485.363009605,9.1,0
1788888485.425416562,9.3,0
1788888485.488262075,11.4,0
1788888485.552917631,9.2,0
1788888485.615474923,9.3,0
1788888485.677980778,9.7,0
1788888485.741259521,9.5,0
1788888485.804210602,9.4,0
1788888485.867027383,9.7,0
1788888485.930055851,9.2,0
1788888485.992574364,9.3,0
1788888486.055125497,9.6,0
1788888486.118239032,10.1,0
1788888486.181601521,9.5,0
1788888486.244479633,9.9,0
1788888486.307860529,9.8,0
1788888486.371158801,9.5,0
1788888486.434108461,9.7,0
1788888486.497056147,9.6,0
1788888486.560143263,9.7,0
1788888486.622950109,9.8,0
1788888486.685962382,9.5,0
1788888486.748556159,8.8,0
1788888486.810520612,9.4,0
1788888486.873133037,9.7,0
1788888486.935983077,11.1,0
1788888487.000834837,9.8,0
1788888487.063958988,9.6,0
1788888487.126824672,9.5,0
1788888487.189798408,9.6,0
1788888487.252648849,9.0,0
1788888487.314846261,9.3,0
1788888487.377285997,9.3,0
1788888487.439781896,8.9,0
1788888487.501770146,11.6,0
1788888487.566991299,8.8,0
1788888487.628967140,9.3,0
1788888487.692046644,9.6,0
1788888487.755115172,10.1,0
1788888487.818614936,10.1,0
1788888487.882067569,11.4,0
1788888487.946693641,9.3,0
1788888488.009736741,9.5,0
1788888488.072348754,9.0,0
1788888488.134577464,9.2,0
1788888488.196949578,9.4,0
1788888488.259520710,8.7,0
1788888488.321433386,10.0,0
1788888488.384942745,10.4,0
1788888488.448754376,9.5,0
1788888488.511459139,9.5,0
1788888488.574252624,9.3,0
1788888488.636863356,13.0,0
1788888488.703321373,9.2,0
1788888488.765714799,9.9,0
1788888488.828948945,9.6,0
1788888488.892306647,10.2,0
1788888488.956187241,9.2,0
1788888489.019249139,9.0,0
1788888489.081499772,9.4,0
1788888489.144123944,10.0,0
1788888489.207224279,9.8,0
1788888489.270506968,11.0,0
1788888489.334587122,10.2,0
1788888489.397999805,9.6,0
1788888489.460704989,9.8,0
1788888489.523666396,9.7,0
1788888489.586405280,9.9,0
1788888489.649551133,9.5,0
1788888489.712453252,9.8,0
1788888489.775456472,10.5,0
1788888489.839603936,10.0,0
1788888489.903297181,10.0,0
1788888489.966537426,9.5,0
1788888490.029165504,9.6,0
1788888490.092260611,9.1,0
1788888490.155066636,9.5,0
1788888490.217822645,9.1,0
1788888490.280346066,9.4,0
1788888490.342813664,10.0,0
1788888490.406343342,9.9,0
1788888490.469412481,9.0,0
1788888490.531698396,9.8,0
1788888490.594728557,9.7,0
1788888490.658787959,8.9,0
1788888490.721902276,9.6,0
1788888490.784727349,9.5,0
1788888490.847485622,9.5,0
1788888490.910210224,12.5,0
1788888490.976330986,9.1,0
1788888491.038735969,10.4,0
1788888491.102746499,10.0,0
1788888491.166090790,10.4,0
1788888491.229759937,9.5,0
1788888491.292382537,9.7,0
1788888491.355289773,9.5,0
1788888491.417990169,9.6,0
1788888491.481085137,9.5,0
1788888491.543987586,9.2,0
1788888491.606765268,9.5,0
1788888491.669848488,10.4,0
1788888491.733703604,10.3,0
1788888491.797306493,9.5,0
1788888491.860038106,9.8,0
1788888491.923196328,10.2,0
1788888491.986575432,9.7,0
1788888492.049430950,13.1,0
1788888492.116038581,9.6,0
1788888492.178895031,9.3,0
1788888492.241274106,10.0,0
1788888492.304559128,9.6,0
1788888492.367614376,9.7,0
1788888492.430537907,9.8,0
1788888492.493408498,10.8,0
1788888492.558059227,9.5,0
1788888492.620976058,9.2,0
1788888492.683353730,9.5,0
1788888492.746245563,9.5,0
1788888492.809677425,10.1,0
1788888492.873224971,9.7,0
1788888492.936684215,10.6,0
1788888493.000481474,9.8,0
1788888493.063644113,10.1,0
1788888493.127726791,11.0,0
1788888493.192712461,9.8,0
1788888493.256022571,9.6,0
1788888493.319212100,9.9,0
1788888493.382467078,10.1,0
1788888493.446310837,9.0,0
1788888493.508681379,9.2,0
1788888493.571281615,9.0,0
1788888493.633731847,9.1,0
1788888493.696805352,9.9,0
1788888493.760223033,9.6,0
1788888493.823086494,9.2,0
1788888493.885937145,9.9,0
1788888493.949538882,10.0,0
1788888494.013194289,10.2,0
1788888494.076950768,9.6,0
1788888494.139811164,10.0,0
1788888494.203648283,9.4,0
1788888494.266500277,10.0,0
1788888494.329683026,9.3,0
1788888494.392235320,10.2,0
1788888494.455808234,9.2,0
1788888494.518244745,10.0,0
1788888494.582114443,9.4,0
1788888494.645081900,9.4,0
1788888494.708048104,9.7,0
1788888494.771213687,10.4,0
1788888494.835128744,10.4,0
1788888494.898957701,11.8,0
1788888494.964123672,9.8,0
1788888495.027158509,10.1,0
1788888495.090941147,9.8,0
1788888495.154042014,10.1,0
1788888495.217372454,9.5,0
1788888495.280133170,10.3,0
1788888495.343612845,10.5,0
1788888495.407764135,10.1,0
1788888495.471404439,12.9,0
1788888495.537738511,10.6,0
1788888495.601767458,9.1,0
1788888495.664418891,9.4,0
1788888495.727205526,10.1,0
1788888495.790908835,10.1,0
1788888495.854645665,10.7,0
1788888495.919076824,11.3,0
1788888495.983715405,9.9,0
1788888496.046705896,9.6,0
1788888496.109346282,9.2,0
1788888496.171720389,9.9,0
1788888496.234905983,9.5,0
1788888496.297293190,9.4,0
1788888496.360440926,10.5,0
1788888496.424300409,9.6,0
1788888496.487115878,9.9,0
1788888496.550698096,9.2,0
1788888496.613612973,12.7,0
1788888496.679942167,9.6,0
1788888496.742747130,9.1,0
1788888496.805409800,9.8,0
1788888496.868613711,9.9,0
1788888496.932444821,10.2,0
1788888496.996433388,9.8,0
1788888497.060255264,10.7,0
1788888497.124633945,9.9,0
1788888497.187824977,10.2,0
1788888497.251239153,9.9,0
1788888497.314357405,9.6,0
1788888497.377198392,9.4,0
1788888497.439877587,10.8,0
1788888497.503947325,10.0,0
1788888497.567275131,9.6,0
1788888497.630473534,10.2,0
1788888497.694382120,9.4,0
1788888497.756918050,8.8,0
1788888497.819199859,9.3,0
1788888497.881716800,9.8,0
1788888497.945090676,9.9,0
1788888498.008501747,9.9,0
1788888498.072047470,9.7,0
1788888498.135342167,9.3,0
1788888498.197975132,11.0,0
1788888498.262914633,9.8,0
1788888498.326216861,11.7,0
1788888498.391464595,9.2,0
1788888498.454331280,10.0,0
1788888498.518163713,9.5,0
1788888498.581295255,11.5,0
1788888498.646219223,9.1,0
1788888498.708491808,9.9,0
1788888498.771676421,9.0,0
1788888498.833965521,10.5,0
1788888498.897799545,9.8,0
1788888498.960899090,9.5,0
1788888499.024361778,8.9,0
1788888499.086759070,10.7,0
1788888499.150896891,9.6,0
1788888499.214043455,10.6,0
1788888499.277964621,10.0,0
1788888499.341550354,12.1,0
1788888499.407134732,10.2,0
1788888499.470805392,9.0,0
1788888499.533220010,9.5,0
1788888499.595965584,9.3,0
1788888499.658343116,8.7,0
1788888499.720440399,8.7,0
1788888499.782688057,8.9,0
1788888499.844772960,8.7,0
1788888499.906623964,9.0,0
1788888499.968932002,9.0,0
1788888500.031155754,8.9,0
1788888500.093331815,9.0,0
1788888500.155345392,9.3,0
1788888500.218000981,9.2,0
1788888500.280538503,9.6,0
1788888500.343496856,9.6,0
1788888500.406282310,10.0,0
1788888500.469585178,10.1,0
1788888500.533072454,9.5,0
1788888500.595986390,9.6,0
1788888500.659026866,10.4,0
1788888500.722580601,9.3,0
1788888500.785149120,9.3,0
1788888500.847680282,10.3,0
1788888500.911596931,10.0,0
1788888500.974977517,9.1,0
1788888501.037450282,9.7,0
1788888501.100557548,10.7,0
1788888501.164407977,14.0,0
1788888501.231815507,10.4,0
1788888501.295625626,9.8,0
1788888501.358944499,10.2,0
1788888501.422402060,9.9,0
1788888501.485536326,9.9,0
1788888501.548699145,9.8,0
1788888501.611721124,9.9,0
1788888501.675180467,10.6,0
1788888501.739090216,9.4,0
1788888501.802271212,10.5,0
1788888501.866298627,9.6,0
1788888501.929796027,9.7,0
1788888501.993192257,10.8,0
1788888502.057198189,9.8,0
1788888502.120498885,9.9,0
1788888502.183775875,9.6,0
1788888502.247029781,10.0,0
1788888502.310610476,9.4,0
1788888502.373349170,10.3,0
1788888502.437297366,9.6,0
1788888502.500303871,9.8,0
1788888502.563285448,9.9,0
1788888502.626413926,9.6,0
1788888502.689562164,9.7,0
1788888502.752476611,9.8,0
1788888502.815453121,9.6,0
1788888502.878152736,11.3,0
1788888502.942892838,9.4,0
1788888503.005690120,10.0,0
1788888503.069004246,10.3,0
1788888503.132860965,9.7,0
1788888503.195889493,9.4,0
1788888503.258618191,9.5,0
1788888503.321569864,9.7,0
1788888503.384582328,9.6,0
1788888503.447506710,13.1,0
1788888503.514262423,9.9,0
1788888503.577484982,10.4,0
1788888503.641015933,9.9,0
1788888503.704627985,9.6,0
1788888503.767421040,9.2,0
1788888503.829814016,9.6,0
1788888503.892548443,9.0,0
1788888503.955325945,9.3,0
1788888504.017880713,13.0,0
1788888504.084296967,9.4,0
1788888504.147257163,9.6,0
1788888504.210127354,9.1,0
1788888504.272899828,9.0,0
1788888504.335246564,9.4,0
1788888504.397976344,9.5,0
1788888504.460915538,10.0,0
1788888504.524273160,9.7,0
1788888504.587441888,12.0,0
1788888504.652760187,9.6,0
1788888504.715746451,10.2,0
1788888504.779239906,9.5,0
1788888504.842565850,10.4,0
1788888504.906265303,9.5,0
1788888504.969530336,9.6,0
1788888505.032648808,9.1,0
1788888505.094949716,9.4,0
1788888505.157456312,9.3,0
1788888505.220113794,9.8,0
1788888505.283190985,9.8,0
1788888505.346480634,9.8,0
1788888505.409527289,9.5,0
1788888505.472459483,9.3,0
1788888505.535029994,9.0,0
1788888505.597159084,9.6,0
1788888505.660271087,9.1,0
1788888505.722722080,10.5,0
1788888505.786297507,9.5,0
1788888505.849061159,9.3,0
1788888505.911766162,9.9,0
1788888505.975066948,10.4,0
1788888506.038778970,8.7,0
1788888506.100786949,9.1,0
1788888506.163369078,8.9,0
1788888506.225474262,9.4,0
1788888506.288290432,13.9,0
1788888506.355413075,9.5,0
1788888506.418122014,9.2,0
1788888506.480528620,8.9,0
1788888506.542650589,9.4,0
1788888506.605247961,9.8,0
1788888506.668670720,10.1,0
1788888506.731859217,9.8,0
1788888506.795026714,9.7,0
1788888506.858113569,12.6,0
1788888506.923826940,9.1,0
1788888506.986597802,9.2,0
1788888507.048987293,9.0,0
1788888507.111236683,9.5,0
1788888507.174020835,10.0,0
1788888507.237602131,10.0,0
1788888507.301107404,10.0,0
1788888507.364934758,9.6,0
1788888507.427568615,8.9,0
1788888507.490038746,9.7,0
1788888507.553053484,9.9,0
1788888507.616843272,9.9,0
1788888507.680190257,10.0,0
1788888507.743428069,10.0,0
1788888507.806936376,10.0,0
1788888507.870606956,10.3,0
1788888507.934311637,9.9,0
1788888507.998122147,10.5,0
1788888508.061898365,9.3,0
1788888508.124699813,10.3,0
1788888508.188555861,9.5,0
1788888508.251750488,11.1,0
1788888508.316234647,9.4,0
1788888508.379281733,9.6,0
1788888508.442027878,10.0,0
1788888508.505418999,9.6,0
1788888508.568271454,9.3,0
1788888508.630801945,10.7,0
1788888508.694602950,9.8,0
1788888508.757757828,11.3,0
1788888508.822559473,10.5,0
1788888508.886717373,10.4,0
1788888508.950835344,10.4,0
1788888509.014975067,10.7,0
1788888509.079479366,10.2,0
1788888509.143464978,10.3,0
1788888509.207641337,10.0,0
1788888509.270987420,11.0,0
1788888509.335850778,9.8,0
1788888509.399261098,10.5,0
1788888509.463366249,8.6,0
1788888509.524790063,9.9,0
1788888509.587958079,10.1,0
1788888509.651524714,11.8,0
1788888509.716707169,10.2,0
1788888509.780142547,10.8,0
1788888509.844684833,9.7,0
1788888509.907826421,9.9,0
1788888509.970858324,9.5,0
1788888510.033747122,10.1,0
1788888510.097328138,9.9,0
1788888510.160623737,9.8,0
1788888510.223581859,9.4,0
1788888510.285823908,9.6,0
1788888510.348690784,10.0,0
1788888510.412056788,10.1,0
1788888510.475542251,10.0,0
1788888510.539505109,13.6,0
1788888510.606386761,8.8,0
1788888510.668563021,8.9,0
1788888510.730920454,9.4,0
1788888510.794277584,9.6,0
1788888510.857309437,9.6,0
1788888510.920729362,9.7,0
1788888510.983941555,9.5,0
1788888511.046913468,10.2,0
1788888511.110330598,11.8,0
1788888511.175750129,9.0,0
1788888511.238019379,10.4,0
1788888511.301635548,9.5,0
1788888511.364282114,9.6,0
1788888511.427358754,9.4,0
1788888511.489987723,9.6,0
1788888511.552941159,9.9,0
1788888511.616164258,10.0,0
1788888511.679567027,12.2,0
1788888511.745341029,9.4,0
1788888511.807879242,11.7,0
1788888511.872824102,9.4,0
1788888511.935432600,10.7,0
1788888512.000349218,9.7,0
1788888512.063576283,9.5,0
1788888512.126422057,9.3,0
1788888512.188767291,9.9,0
1788888512.252659754,11.7,0
1788888512.317488760,10.7,0
1788888512.381597026,10.2,0
1788888512.445294206,10.3,0
1788888512.510333737,9.9,0
1788888512.573715575,9.6,0
1788888512.637103021,9.6,0
1788888512.699910417,9.7,0
1788888512.762754950,9.8,0
1788888512.826227313,9.8,0
1788888512.889624423,9.4,0
1788888512.952716777,10.8,0
1788888513.016849690,9.5,0
1788888513.079564297,9.8,0
1788888513.142531073,9.4,0
1788888513.205180553,9.4,0
1788888513.267817754,10.0,0
1788888513.331113533,9.0,0
1788888513.393351887,9.8,0
1788888513.456915507,9.1,0
1788888513.519121722,9.1,0
1788888513.581417813,9.0,0
1788888513.643756327,8.7,0
1788888513.705955923,9.4,0
1788888513.768448868,10.1,0
1788888513.831722503,8.6,0
1788888513.893668389,9.6,0
1788888513.957093992,9.0,0
1788888514.019084825,9.2,0
1788888514.081585722,9.7,0
1788888514.144615332,9.8,0
1788888514.207685733,9.7,0
1788888514.270757746,10.6,0
1788888514.334765373,10.3,0
1788888514.398214933,9.8,0
1788888514.461167318,9.4,0
1788888514.523938371,10.0,0
1788888514.587050663,9.6,0
1788888514.649818271,9.9,0
1788888514.712899688,9.7,0
1788888514.775853264,9.5,0
1788888514.839021782,9.9,0
1788888514.902037991,9.9,0
1788888514.965431606,9.9,0
1788888515.028604711,9.3,0
1788888515.091631196,9.7,0
1788888515.154508678,8.9,0
1788888515.217150226,9.1,0
1788888515.279506887,9.0,0
1788888515.341824340,9.5,0
1788888515.404554861,16.2,0
1788888515.474302417,9.2,0
1788888515.536839008,9.4,0
1788888515.599648378,9.1,0
1788888515.662229436,9.0,0
1788888515.724279507,8.8,0
1788888515.786270721,9.3,0
1788888515.848756516,9.4,0
1788888515.911309130,9.1,0
1788888515.973646953,10.3,0
1788888516.037044745,9.5,0
1788888516.100116177,10.4,0
1788888516.163674329,8.8,0
1788888516.225779744,9.0,0
1788888516.287916646,9.0,0
1788888516.350096322,10.1,0
1788888516.413643266,33.3,0
1788888516.500528854,9.8,0
1788888516.563700957,9.7,0
1788888516.626553221,11.0,0
1788888516.691008357,11.2,0
1788888516.755600097,9.2,0
1788888516.818061185,10.1,0
1788888516.881533678,9.5,0
1788888516.944773643,10.4,0
1788888517.009036471,9.4,0
1788888517.071900613,9.5,0
1788888517.134631014,9.3,0
1788888517.197694594,9.7,0
1788888517.260805396,9.7,0
1788888517.323796237,9.1,0
1788888517.386411486,9.5,0
1788888517.449086584,9.2,0
1788888517.511992809,9.4,0
1788888517.575229409,9.9,0
1788888517.638775432,9.4,0
1788888517.701602388,9.1,0
1788888517.764024878,10.1,0
1788888517.827772213,10.2,0
1788888517.891190636,10.2,0
1788888517.955028066,11.6,0
1788888518.020093596,9.8,0
1788888518.083011579,9.8,0
1788888518.145839726,9.4,0
1788888518.208818840,9.3,0
1788888518.271124645,11.5,0
1788888518.335810607,10.1,0
1788888518.399351233,9.6,0
1788888518.462627702,10.7,0
1788888518.526668838,10.1,0
1788888518.590076924,9.4,0
1788888518.652835708,10.0,0
1788888518.716444285,9.5,0
1788888518.779972181,9.5,0
1788888518.843061651,10.4,0
1788888518.906626723,10.1,0
1788888518.970910191,11.2,0
1788888519.035324456,10.9,0
1788888519.099831309,9.9,0
1788888519.163149491,10.0,0
1788888519.226747523,10.2,0
1788888519.290590331,9.8,0
1788888519.354098117,10.1,0
1788888519.417374557,9.1,0
1788888519.479514513,10.0,0
1788888519.542636602,9.3,0
1788888519.605239141,9.2,0
1788888519.667704455,10.0,0
1788888519.731378951,9.0,0
1788888519.793544847,10.6,0
1788888519.857371120,10.3,0
1788888519.920773619,10.0,0
1788888519.984632481,10.5,0
1788888520.048210502,11.7,0
1788888520.113733028,11.5,0
1788888520.179116655,10.1,0
1788888520.242779122,9.8,0
1788888520.306303213,10.5,0
1788888520.370226382,10.3,0
1788888520.433769701,9.6,0
1788888520.496770197,9.2,0
1788888520.559325787,9.3,0
1788888520.621868206,10.2,0
1788888520.685368591,10.2,0
1788888520.749216968,10.3,0
1788888520.813119986,10.3,0
1788888520.876791849,9.2,0
1788888520.939311173,9.7,0
1788888521.002590778,10.9,0
1788888521.066796620,9.7,0
1788888521.129888413,9.7,0
1788888521.192806185,9.4,0
1788888521.255487052,9.8,0
1788888521.318566106,9.2,0
1788888521.381387874,10.8,0
1788888521.445557142,15.7,0
1788888521.514841624,10.7,0
1788888521.578907717,9.5,0
1788888521.642126340,9.1,0
1788888521.704861678,10.0,0
1788888521.768542875,10.4,0
1788888521.832281096,10.1,0
1788888521.896010244,10.1,0
1788888521.959535667,9.6,0
1788888522.022587349,9.2,0
1788888522.085069549,9.9,0
1788888522.148427120,9.2,0
1788888522.211032414,9.3,0
1788888522.273916926,9.7,0
1788888522.337211002,9.0,0
1788888522.399418680,8.8,0
1788888522.461214731,9.5,0
1788888522.524327125,9.0,0
1788888522.586668212,72.3,0
1788888522.712362785,337.0,0
1788888523.102565072,65.1,0
1788888523.220743392,302.3,0
1788888523.576705861,44.7,0
1788888523.674612123,319.2,0
1788888524.047024001,98.6,0
1788888524.199247508,215.4,0
1788888524.468120152,56.2,0
1788888524.577650573,298.0,0
1788888524.929039979,47.7,0
