timestamp,elapsed_sec,rss_mb,live_target_macs,local_fdb_count,frr_type2_count,bgp_established,churn_cycles,mac_add_total,mac_del_total,originations_inject,originations_withdraw,origination_errors_inject,origination_errors_withdraw,observation_drops_total,duplicate_mac_moves_total
2026-05-18T01:51:50Z,0,19.129,1024,2048,1024,1,0,1024,0,1025,0,0,0,0,0
2026-05-18T01:51:53Z,3,19.129,1024,2048,1024,1,1,1049,25,1050,25,0,0,0,0
2026-05-18T01:52:53Z,63,19.336,1024,2048,1024,1,13,1349,325,1350,325,0,0,0,0
2026-05-18T01:53:53Z,123,19.777,1024,2048,1024,1,25,1649,625,1650,625,0,0,0,0
2026-05-18T01:54:53Z,183,19.770,1024,2048,1024,1,37,1949,925,1950,925,0,0,0,0
2026-05-18T01:55:53Z,243,19.770,1024,2048,1024,1,49,2249,1225,2250,1225,0,0,0,0
2026-05-18T01:56:54Z,303,19.988,1024,2048,1024,1,60,2524,1500,2525,1500,0,0,0,0
2026-05-18T01:57:54Z,364,20.129,1024,2048,1024,1,72,2824,1800,2825,1800,0,0,0,0
2026-05-18T01:58:55Z,424,20.160,1024,2048,1024,1,84,3124,2100,3125,2100,0,0,0,0
2026-05-18T01:59:55Z,484,20.137,1024,2048,1024,1,96,3424,2400,3425,2400,0,0,0,0
2026-05-18T02:00:56Z,545,20.262,1024,2048,1024,1,108,3724,2700,3725,2700,0,0,0,0
2026-05-18T02:01:56Z,606,20.344,1024,2048,1024,1,120,4024,3000,4025,3000,0,0,0,0
2026-05-18T02:02:56Z,666,20.383,1024,2048,1024,1,132,4324,3300,4325,3300,0,0,0,0
2026-05-18T02:03:56Z,726,20.328,1024,2048,1024,1,144,4624,3600,4625,3601,0,0,0,0
2026-05-18T02:04:57Z,786,20.328,1024,2048,1024,1,156,4924,3900,4925,3901,0,0,0,0
2026-05-18T02:05:57Z,847,20.328,1024,2048,1024,1,168,5224,4200,5225,4201,0,0,0,0
2026-05-18T02:06:57Z,907,20.328,1024,2048,1024,1,180,5524,4500,5526,4501,0,0,0,0
2026-05-18T02:07:57Z,967,20.180,1024,2048,1024,1,192,5824,4800,5826,4801,0,0,0,0
2026-05-18T02:08:58Z,1028,20.172,1024,2048,1024,1,204,6124,5100,6126,5101,0,0,0,0
2026-05-18T02:09:58Z,1088,20.176,1024,2048,1024,1,216,6424,5400,6426,5401,0,0,0,0
2026-05-18T02:10:58Z,1148,20.172,1024,2048,1024,1,228,6724,5700,6726,5701,0,0,0,0
2026-05-18T02:11:58Z,1208,20.395,1024,2048,1024,1,240,7024,6000,7026,6002,0,0,0,0
2026-05-18T02:12:58Z,1268,20.613,1024,2048,1024,1,252,7324,6300,7326,6302,0,0,0,0
2026-05-18T02:13:58Z,1328,20.562,1024,2048,1024,1,264,7624,6600,7626,6602,0,0,0,0
2026-05-18T02:14:58Z,1388,20.562,1024,2048,1024,1,276,7924,6900,7926,6902,0,0,0,0
2026-05-18T02:15:59Z,1448,20.570,1024,2048,1024,1,288,8224,7200,8226,7202,0,0,0,0
2026-05-18T02:16:59Z,1509,20.398,1024,2048,1024,1,300,8524,7500,8526,7502,0,0,0,0
2026-05-18T02:18:00Z,1569,20.324,1024,2048,1024,1,312,8824,7800,8826,7802,0,0,0,0
2026-05-18T02:19:00Z,1630,20.324,1024,2048,1024,1,324,9124,8100,9126,8102,0,0,0,0
2026-05-18T02:20:00Z,1690,20.324,1024,2048,1024,1,336,9424,8400,9426,8402,0,0,0,0
2026-05-18T02:21:01Z,1750,20.324,1024,2048,1024,1,348,9724,8700,9726,8702,0,0,0,0
2026-05-18T02:22:01Z,1811,20.324,1024,2048,1024,1,360,10024,9000,10027,9002,0,0,0,0
2026-05-18T02:23:01Z,1871,20.270,1024,2048,1024,1,372,10324,9300,10327,9302,0,0,0,0
2026-05-18T02:24:01Z,1931,20.270,1024,2048,1024,1,384,10624,9600,10627,9602,0,0,0,0
2026-05-18T02:25:02Z,1992,20.281,1024,2048,1024,1,396,10924,9900,10927,9902,0,0,0,0
2026-05-18T02:26:03Z,2052,20.207,1024,2048,1024,1,408,11224,10200,11227,10202,0,0,0,0
2026-05-18T02:27:03Z,2112,20.199,1024,2048,1024,1,420,11524,10500,11527,10503,0,0,0,0
2026-05-18T02:28:03Z,2172,19.926,1024,2048,1024,1,432,11824,10800,11827,10803,0,0,0,0
2026-05-18T02:29:03Z,2233,20.316,1024,2048,1024,1,444,12124,11100,12127,11103,0,0,0,0
2026-05-18T02:30:04Z,2293,20.324,1024,2048,1024,1,456,12424,11400,12427,11403,0,0,0,0
2026-05-18T02:31:04Z,2354,20.461,1024,2048,1024,1,468,12724,11700,12727,11703,0,0,0,0
2026-05-18T02:32:04Z,2414,20.637,1024,2048,1024,1,480,13024,12000,13027,12003,0,0,0,0
2026-05-18T02:33:04Z,2474,20.738,1024,2048,1024,1,492,13324,12300,13327,12303,0,0,0,0
2026-05-18T02:34:05Z,2534,20.746,1024,2048,1024,1,504,13624,12600,13627,12603,0,0,0,0
2026-05-18T02:35:05Z,2594,20.555,1024,2048,1024,1,516,13924,12900,13927,12903,0,0,0,0
2026-05-18T02:36:05Z,2654,20.496,1024,2048,1024,1,528,14224,13200,14227,13203,0,0,0,0
2026-05-18T02:37:05Z,2715,20.527,1024,2048,1024,1,540,14524,13500,14527,13503,0,0,0,0
2026-05-18T02:38:05Z,2775,20.383,1024,2048,1024,1,552,14824,13800,14827,13803,0,0,0,0
2026-05-18T02:39:06Z,2835,20.504,1024,2048,1024,1,564,15124,14100,15127,14103,0,0,0,0
2026-05-18T02:40:06Z,2896,20.418,1024,2048,1024,1,576,15424,14400,15427,14403,0,0,0,0
2026-05-18T02:41:06Z,2956,20.602,1024,2048,1024,1,588,15724,14700,15727,14703,0,0,0,0
2026-05-18T02:42:07Z,3016,20.832,1024,2048,1024,1,600,16024,15000,16027,15003,0,0,0,0
2026-05-18T02:43:07Z,3077,20.832,1024,2048,1024,1,612,16324,15300,16327,15303,0,0,0,0
2026-05-18T02:44:07Z,3137,20.621,1024,2048,1024,1,624,16624,15600,16627,15603,0,0,0,0
2026-05-18T02:45:08Z,3197,21.215,1024,2048,1024,1,636,16924,15900,16927,15903,0,0,0,0
2026-05-18T02:46:08Z,3258,21.215,1024,2048,1024,1,648,17224,16200,17227,16203,0,0,0,0
2026-05-18T02:47:08Z,3318,21.215,1024,2048,1024,1,660,17524,16500,17527,16503,0,0,0,0
2026-05-18T02:48:09Z,3378,21.215,1024,2048,1024,1,672,17824,16800,17827,16803,0,0,0,0
2026-05-18T02:49:09Z,3438,21.215,1024,2048,1024,1,684,18124,17100,18127,17103,0,0,0,0
2026-05-18T02:50:09Z,3499,21.215,1024,2048,1024,1,696,18424,17400,18427,17403,0,0,0,0
2026-05-18T02:51:10Z,3559,21.215,1024,2048,1024,1,708,18724,17700,18727,17703,0,0,0,0
2026-05-18T02:52:10Z,3620,21.215,1024,2048,1024,1,720,19024,18000,19027,18003,0,0,0,0
2026-05-18T02:53:10Z,3680,21.215,1024,2048,1024,1,732,19324,18300,19327,18303,0,0,0,0
2026-05-18T02:54:11Z,3740,21.215,1024,2048,1024,1,744,19624,18600,19628,18603,0,0,0,0
2026-05-18T02:55:11Z,3801,21.215,1024,2048,1024,1,756,19924,18900,19928,18903,0,0,0,0
2026-05-18T02:56:12Z,3862,21.215,1024,2048,1024,1,768,20224,19200,20228,19203,0,0,0,0
2026-05-18T02:57:12Z,3922,21.215,1024,2048,1024,1,780,20524,19500,20528,19503,0,0,0,0
2026-05-18T02:58:13Z,3982,21.215,1024,2048,1024,1,792,20824,19800,20828,19803,0,0,0,0
2026-05-18T02:59:13Z,4043,21.215,1024,2048,1024,1,804,21124,20100,21128,20104,0,0,0,0
2026-05-18T03:00:13Z,4103,21.215,1024,2048,1024,1,816,21424,20400,21428,20404,0,0,0,0
2026-05-18T03:01:13Z,4163,21.215,1024,2048,1024,1,828,21724,20700,21728,20704,0,0,0,0
2026-05-18T03:02:14Z,4223,21.215,1024,2048,1024,1,840,22024,21000,22028,21004,0,0,0,0
2026-05-18T03:03:14Z,4284,21.215,1024,2048,1024,1,852,22324,21300,22328,21304,0,0,0,0
2026-05-18T03:04:14Z,4344,21.215,1024,2048,1024,1,864,22624,21600,22628,21604,0,0,0,0
2026-05-18T03:05:14Z,4404,21.215,1024,2048,1024,1,876,22924,21900,22928,21904,0,0,0,0
2026-05-18T03:06:15Z,4464,21.215,1024,2048,1024,1,888,23224,22200,23228,22204,0,0,0,0
2026-05-18T03:07:15Z,4524,21.215,1024,2048,1024,1,900,23524,22500,23528,22504,0,0,0,0
2026-05-18T03:08:15Z,4585,21.828,1024,2048,1024,1,912,23824,22800,23828,22804,0,0,0,0
2026-05-18T03:09:15Z,4645,21.828,1024,2048,1024,1,924,24124,23100,24128,23104,0,0,0,0
2026-05-18T03:10:15Z,4705,21.828,1024,2048,1024,1,936,24424,23400,24428,23404,0,0,0,0
2026-05-18T03:11:16Z,4765,21.828,1024,2048,1024,1,948,24724,23700,24728,23704,0,0,0,0
2026-05-18T03:12:16Z,4826,21.828,1024,2048,1024,1,960,25024,24000,25028,24004,0,0,0,0
2026-05-18T03:13:17Z,4886,21.828,1024,2048,1024,1,972,25324,24300,25328,24304,0,0,0,0
2026-05-18T03:14:17Z,4947,21.828,1024,2048,1024,1,984,25624,24600,25628,24604,0,0,0,0
2026-05-18T03:15:17Z,5007,21.828,1024,2048,1024,1,996,25924,24900,25928,24904,0,0,0,0
2026-05-18T03:16:17Z,5067,21.828,1024,2048,1024,1,1008,26224,25200,26228,25204,0,0,0,0
2026-05-18T03:17:17Z,5127,21.828,1024,2048,1024,1,1020,26524,25500,26528,25504,0,0,0,0
2026-05-18T03:18:18Z,5187,21.828,1024,2048,1024,1,1032,26824,25800,26828,25804,0,0,0,0
2026-05-18T03:19:19Z,5249,21.828,1024,2048,1024,1,1044,27124,26100,27128,26104,0,0,0,0
2026-05-18T03:20:20Z,5309,21.828,1024,2048,1024,1,1056,27424,26400,27428,26404,0,0,0,0
2026-05-18T03:21:20Z,5370,21.828,1024,2048,1024,1,1068,27724,26700,27728,26704,0,0,0,0
2026-05-18T03:22:20Z,5430,21.828,1024,2048,1024,1,1080,28024,27000,28028,27004,0,0,0,0
2026-05-18T03:23:21Z,5490,21.828,1024,2048,1024,1,1092,28324,27300,28328,27304,0,0,0,0
2026-05-18T03:24:21Z,5551,21.828,1024,2048,1024,1,1104,28624,27600,28628,27604,0,0,0,0
2026-05-18T03:25:21Z,5611,21.828,1024,2048,1024,1,1116,28924,27900,28928,27904,0,0,0,0
2026-05-18T03:26:22Z,5671,21.828,1024,2048,1024,1,1128,29224,28200,29228,28204,0,0,0,0
2026-05-18T03:27:22Z,5732,21.828,1024,2048,1024,1,1140,29524,28500,29528,28504,0,0,0,0
2026-05-18T03:28:23Z,5792,21.828,1024,2048,1024,1,1152,29824,28800,29828,28804,0,0,0,0
2026-05-18T03:29:23Z,5853,21.828,1024,2048,1024,1,1164,30124,29100,30128,29104,0,0,0,0
2026-05-18T03:30:23Z,5913,21.828,1024,2048,1024,1,1176,30424,29400,30428,29404,0,0,0,0
2026-05-18T03:31:23Z,5973,21.828,1024,2048,1024,1,1188,30724,29700,30728,29704,0,0,0,0
2026-05-18T03:32:23Z,6033,21.828,1024,2048,1024,1,1200,31024,30000,31028,30004,0,0,0,0
2026-05-18T03:33:23Z,6093,21.828,1024,2048,1024,1,1212,31324,30300,31328,30304,0,0,0,0
2026-05-18T03:34:23Z,6153,21.828,1024,2048,1024,1,1224,31624,30600,31628,30604,0,0,0,0
2026-05-18T03:35:23Z,6213,21.828,1024,2048,1024,1,1236,31924,30900,31928,30904,0,0,0,0
2026-05-18T03:36:23Z,6273,21.828,1024,2048,1024,1,1248,32224,31200,32228,31204,0,0,0,0
2026-05-18T03:37:24Z,6333,21.828,1024,2048,1024,1,1260,32524,31500,32528,31504,0,0,0,0
2026-05-18T03:38:24Z,6394,21.828,1024,2048,1024,1,1272,32824,31800,32828,31804,0,0,0,0
2026-05-18T03:39:24Z,6454,21.828,1024,2048,1024,1,1284,33124,32100,33128,32104,0,0,0,0
2026-05-18T03:40:24Z,6514,21.828,1024,2048,1024,1,1296,33424,32400,33428,32404,0,0,0,0
2026-05-18T03:41:24Z,6574,21.828,1024,2048,1024,1,1308,33724,32700,33728,32704,0,0,0,0
2026-05-18T03:42:24Z,6634,21.828,1024,2048,1024,1,1320,34024,33000,34028,33004,0,0,0,0
2026-05-18T03:43:24Z,6694,21.828,1024,2048,1024,1,1332,34324,33300,34328,33304,0,0,0,0
2026-05-18T03:44:24Z,6754,21.828,1024,2048,1024,1,1344,34624,33600,34628,33604,0,0,0,0
2026-05-18T03:45:24Z,6814,21.828,1024,2048,1024,1,1356,34924,33900,34928,33904,0,0,0,0
2026-05-18T03:46:25Z,6874,21.828,1024,2048,1024,1,1368,35224,34200,35228,34204,0,0,0,0
2026-05-18T03:47:25Z,6935,21.828,1024,2048,1024,1,1380,35524,34500,35528,34504,0,0,0,0
2026-05-18T03:48:25Z,6995,21.828,1024,2048,1024,1,1392,35824,34800,35828,34804,0,0,0,0
2026-05-18T03:49:26Z,7055,21.828,1024,2048,1024,1,1404,36124,35100,36128,35104,0,0,0,0
2026-05-18T03:50:26Z,7116,21.828,1024,2048,1024,1,1416,36424,35400,36428,35404,0,0,0,0
2026-05-18T03:51:26Z,7176,21.828,1024,2048,1024,1,1428,36724,35700,36728,35704,0,0,0,0
2026-05-18T03:52:26Z,7236,21.828,1024,2048,1024,1,1440,37024,36000,37028,36004,0,0,0,0
2026-05-18T03:53:26Z,7296,21.828,1024,2048,1024,1,1452,37324,36300,37329,36304,0,0,0,0
2026-05-18T03:54:27Z,7356,21.828,1024,2048,1024,1,1464,37624,36600,37629,36604,0,0,0,0
2026-05-18T03:55:27Z,7416,21.828,1024,2048,1024,1,1476,37924,36900,37929,36904,0,0,0,0
2026-05-18T03:56:27Z,7476,21.828,1024,2048,1024,1,1488,38224,37200,38229,37204,0,0,0,0
2026-05-18T03:57:27Z,7537,21.828,1024,2048,1024,1,1500,38524,37500,38529,37504,0,0,0,0
2026-05-18T03:58:27Z,7597,21.828,1024,2048,1024,1,1512,38824,37800,38829,37805,0,0,0,0
2026-05-18T03:59:27Z,7657,21.828,1024,2048,1024,1,1524,39124,38100,39129,38105,0,0,0,0
2026-05-18T04:00:27Z,7717,21.828,1024,2048,1024,1,1536,39424,38400,39429,38405,0,0,0,0
2026-05-18T04:01:28Z,7777,21.828,1024,2048,1024,1,1548,39724,38700,39729,38705,0,0,0,0
2026-05-18T04:02:28Z,7837,21.828,1024,2048,1024,1,1560,40024,39000,40029,39005,0,0,0,0
2026-05-18T04:03:27Z,7897,21.828,1024,2048,1024,1,1572,40324,39300,40329,39305,0,0,0,0
2026-05-18T04:04:28Z,7958,21.828,1024,2048,1024,1,1584,40624,39600,40629,39605,0,0,0,0
2026-05-18T04:05:29Z,8018,21.828,1024,2048,1024,1,1596,40924,39900,40929,39905,0,0,0,0
2026-05-18T04:06:29Z,8079,21.828,1024,2048,1024,1,1608,41224,40200,41229,40205,0,0,0,0
2026-05-18T04:07:29Z,8139,21.828,1024,2048,1024,1,1620,41524,40500,41529,40505,0,0,0,0
2026-05-18T04:08:29Z,8199,21.828,1024,2048,1024,1,1632,41824,40800,41829,40805,0,0,0,0
2026-05-18T04:09:30Z,8259,21.828,1024,2048,1024,1,1644,42124,41100,42129,41105,0,0,0,0
2026-05-18T04:10:30Z,8320,21.828,1024,2048,1024,1,1656,42424,41400,42429,41405,0,0,0,0
2026-05-18T04:11:30Z,8380,21.828,1024,2048,1024,1,1668,42724,41700,42729,41705,0,0,0,0
2026-05-18T04:12:30Z,8440,21.828,1024,2048,1024,1,1680,43024,42000,43029,42005,0,0,0,0
2026-05-18T04:13:30Z,8500,21.828,1024,2048,1024,1,1692,43324,42300,43329,42305,0,0,0,0
2026-05-18T04:14:30Z,8560,21.828,1024,2048,1024,1,1704,43624,42600,43629,42605,0,0,0,0
2026-05-18T04:15:30Z,8620,21.828,1024,2048,1024,1,1716,43924,42900,43929,42905,0,0,0,0
2026-05-18T04:16:31Z,8680,21.828,1024,2048,1024,1,1728,44224,43200,44229,43205,0,0,0,0
2026-05-18T04:17:31Z,8740,22.449,1024,2048,1024,1,1740,44524,43500,44529,43505,0,0,0,0
2026-05-18T04:18:31Z,8801,22.449,1024,2048,1024,1,1752,44824,43800,44829,43805,0,0,0,0
2026-05-18T04:19:32Z,8861,22.449,1024,2048,1024,1,1764,45124,44100,45129,44105,0,0,0,0
2026-05-18T04:20:32Z,8922,22.449,1024,2048,1024,1,1776,45424,44400,45429,44405,0,0,0,0
2026-05-18T04:21:32Z,8982,22.449,1024,2048,1024,1,1788,45724,44700,45729,44705,0,0,0,0
2026-05-18T04:22:33Z,9042,22.449,1024,2048,1024,1,1800,46024,45000,46029,45005,0,0,0,0
2026-05-18T04:23:33Z,9103,22.449,1024,2048,1024,1,1812,46324,45300,46329,45305,0,0,0,0
2026-05-18T04:24:34Z,9163,22.449,1024,2048,1024,1,1824,46624,45600,46629,45605,0,0,0,0
2026-05-18T04:25:34Z,9224,22.449,1024,2048,1024,1,1836,46924,45900,46929,45905,0,0,0,0
2026-05-18T04:26:34Z,9284,22.449,1024,2048,1024,1,1848,47224,46200,47229,46205,0,0,0,0
2026-05-18T04:27:34Z,9344,22.449,1024,2048,1024,1,1860,47524,46500,47529,46505,0,0,0,0
2026-05-18T04:28:34Z,9404,22.449,1024,2048,1024,1,1872,47824,46800,47829,46805,0,0,0,0
2026-05-18T04:29:34Z,9464,22.449,1024,2048,1024,1,1884,48124,47100,48129,47105,0,0,0,0
2026-05-18T04:30:35Z,9524,22.449,1024,2048,1024,1,1896,48424,47400,48429,47405,0,0,0,0
2026-05-18T04:31:35Z,9585,22.449,1024,2048,1024,1,1908,48724,47700,48729,47705,0,0,0,0
2026-05-18T04:32:35Z,9645,22.449,1024,2048,1024,1,1920,49024,48000,49029,48005,0,0,0,0
2026-05-18T04:33:36Z,9705,22.449,1024,2048,1024,1,1932,49324,48300,49329,48305,0,0,0,0
2026-05-18T04:34:36Z,9765,22.449,1024,2048,1024,1,1944,49624,48600,49629,48605,0,0,0,0
2026-05-18T04:35:36Z,9825,22.449,1024,2048,1024,1,1956,49924,48900,49929,48905,0,0,0,0
2026-05-18T04:36:35Z,9885,22.449,1024,2048,1024,1,1968,50224,49200,50229,49205,0,0,0,0
2026-05-18T04:37:36Z,9946,22.449,1024,2048,1024,1,1980,50524,49500,50529,49505,0,0,0,0
2026-05-18T04:38:36Z,10006,22.449,1024,2048,1024,1,1992,50824,49800,50829,49805,0,0,0,0
2026-05-18T04:39:36Z,10066,22.449,1024,2048,1024,1,2004,51124,50100,51129,50105,0,0,0,0
2026-05-18T04:40:37Z,10127,22.449,1024,2048,1024,1,2016,51424,50400,51429,50405,0,0,0,0
2026-05-18T04:41:37Z,10187,22.449,1024,2048,1024,1,2028,51724,50700,51729,50705,0,0,0,0
2026-05-18T04:42:38Z,10247,22.449,1024,2048,1024,1,2040,52024,51000,52029,51005,0,0,0,0
2026-05-18T04:43:39Z,10308,22.449,1024,2048,1024,1,2052,52324,51300,52329,51305,0,0,0,0
2026-05-18T04:44:39Z,10369,22.449,1024,2048,1024,1,2064,52624,51600,52629,51605,0,0,0,0
2026-05-18T04:45:39Z,10429,22.449,1024,2048,1024,1,2076,52924,51900,52929,51905,0,0,0,0
2026-05-18T04:46:39Z,10489,22.449,1024,2048,1024,1,2088,53224,52200,53229,52205,0,0,0,0
2026-05-18T04:47:40Z,10549,22.449,1024,2048,1024,1,2100,53524,52500,53529,52505,0,0,0,0
2026-05-18T04:48:40Z,10609,22.449,1024,2048,1024,1,2112,53824,52800,53829,52805,0,0,0,0
2026-05-18T04:49:40Z,10670,22.449,1024,2048,1024,1,2124,54124,53100,54129,53105,0,0,0,0
2026-05-18T04:50:40Z,10730,22.449,1024,2048,1024,1,2136,54424,53400,54429,53405,0,0,0,0
2026-05-18T04:51:40Z,10790,22.449,1024,2048,1024,1,2148,54724,53700,54729,53705,0,0,0,0
2026-05-18T04:52:41Z,10850,22.449,1024,2048,1024,1,2160,55024,54000,55029,54005,0,0,0,0
2026-05-18T04:53:41Z,10911,22.449,1024,2048,1024,1,2172,55324,54300,55329,54305,0,0,0,0
2026-05-18T04:54:41Z,10971,22.449,1024,2048,1024,1,2184,55624,54600,55629,54605,0,0,0,0
2026-05-18T04:55:41Z,11031,22.449,1024,2048,1024,1,2196,55924,54900,55929,54905,0,0,0,0
2026-05-18T04:56:41Z,11091,22.449,1024,2048,1024,1,2208,56224,55200,56229,55205,0,0,0,0
2026-05-18T04:57:41Z,11151,22.449,1024,2048,1024,1,2220,56524,55500,56529,55505,0,0,0,0
2026-05-18T04:58:42Z,11211,22.449,1024,2048,1024,1,2232,56824,55800,56830,55805,0,0,0,0
2026-05-18T04:59:43Z,11272,22.449,1024,2048,1024,1,2244,57124,56100,57130,56105,0,0,0,0
2026-05-18T05:00:43Z,11332,22.449,1024,2048,1024,1,2256,57424,56400,57430,56405,0,0,0,0
2026-05-18T05:01:43Z,11393,22.449,1024,2048,1024,1,2268,57724,56700,57730,56705,0,0,0,0
2026-05-18T05:02:43Z,11453,22.449,1024,2048,1024,1,2280,58024,57000,58030,57005,0,0,0,0
2026-05-18T05:03:43Z,11513,22.449,1024,2048,1024,1,2292,58324,57300,58330,57305,0,0,0,0
2026-05-18T05:04:44Z,11574,22.449,1024,2048,1024,1,2304,58624,57600,58630,57606,0,0,0,0
2026-05-18T05:05:44Z,11634,22.449,1024,2048,1024,1,2316,58924,57900,58930,57906,0,0,0,0
2026-05-18T05:06:45Z,11694,22.449,1024,2048,1024,1,2328,59224,58200,59230,58206,0,0,0,0
2026-05-18T05:07:45Z,11755,22.449,1024,2048,1024,1,2340,59524,58500,59530,58506,0,0,0,0
2026-05-18T05:08:45Z,11815,22.449,1024,2048,1024,1,2352,59824,58800,59830,58806,0,0,0,0
2026-05-18T05:09:45Z,11875,22.449,1024,2048,1024,1,2364,60124,59100,60130,59106,0,0,0,0
2026-05-18T05:10:46Z,11935,22.449,1024,2048,1024,1,2376,60424,59400,60430,59406,0,0,0,0
2026-05-18T05:11:46Z,11996,22.449,1024,2048,1024,1,2388,60724,59700,60730,59706,0,0,0,0
2026-05-18T05:12:46Z,12056,22.449,1024,2048,1024,1,2400,61024,60000,61030,60006,0,0,0,0
2026-05-18T05:13:46Z,12116,22.449,1024,2048,1024,1,2412,61324,60300,61330,60306,0,0,0,0
2026-05-18T05:14:46Z,12176,22.449,1024,2048,1024,1,2424,61624,60600,61630,60606,0,0,0,0
2026-05-18T05:15:46Z,12236,22.449,1024,2048,1024,1,2436,61924,60900,61930,60906,0,0,0,0
2026-05-18T05:16:46Z,12296,22.449,1024,2048,1024,1,2448,62224,61200,62230,61206,0,0,0,0
2026-05-18T05:17:47Z,12357,22.449,1024,2048,1024,1,2460,62524,61500,62530,61506,0,0,0,0
2026-05-18T05:18:47Z,12417,22.449,1024,2048,1024,1,2472,62824,61800,62830,61806,0,0,0,0
2026-05-18T05:19:47Z,12477,22.449,1024,2048,1024,1,2484,63124,62100,63130,62106,0,0,0,0
2026-05-18T05:20:47Z,12537,22.449,1024,2048,1024,1,2496,63424,62400,63430,62406,0,0,0,0
2026-05-18T05:21:48Z,12597,22.449,1024,2048,1024,1,2508,63724,62700,63730,62706,0,0,0,0
2026-05-18T05:22:48Z,12658,22.449,1024,2048,1024,1,2520,64024,63000,64030,63006,0,0,0,0
2026-05-18T05:23:48Z,12718,22.449,1024,2048,1024,1,2532,64324,63300,64330,63306,0,0,0,0
2026-05-18T05:24:48Z,12778,22.449,1024,2048,1024,1,2544,64624,63600,64630,63606,0,0,0,0
2026-05-18T05:25:48Z,12838,22.449,1024,2048,1024,1,2556,64924,63900,64930,63906,0,0,0,0
2026-05-18T05:26:48Z,12898,22.449,1024,2048,1024,1,2568,65224,64200,65230,64206,0,0,0,0
2026-05-18T05:27:49Z,12958,22.449,1024,2048,1024,1,2580,65524,64500,65530,64506,0,0,0,0
2026-05-18T05:28:49Z,13019,22.449,1024,2048,1024,1,2592,65824,64800,65830,64806,0,0,0,0
2026-05-18T05:29:49Z,13079,22.449,1024,2048,1024,1,2604,66124,65100,66130,65106,0,0,0,0
2026-05-18T05:30:50Z,13139,22.449,1024,2048,1024,1,2616,66424,65400,66430,65406,0,0,0,0
2026-05-18T05:31:50Z,13200,22.449,1024,2048,1024,1,2628,66724,65700,66730,65706,0,0,0,0
2026-05-18T05:32:51Z,13260,22.449,1024,2048,1024,1,2640,67024,66000,67030,66006,0,0,0,0
2026-05-18T05:33:51Z,13321,22.449,1024,2048,1024,1,2652,67324,66300,67330,66306,0,0,0,0
2026-05-18T05:34:52Z,13381,22.449,1024,2048,1024,1,2664,67624,66600,67630,66606,0,0,0,0
2026-05-18T05:35:52Z,13442,22.449,1024,2048,1024,1,2676,67924,66900,67930,66906,0,0,0,0
2026-05-18T05:36:53Z,13502,22.449,1024,2048,1024,1,2688,68224,67200,68230,67206,0,0,0,0
2026-05-18T05:37:54Z,13563,22.449,1024,2048,1024,1,2700,68524,67500,68530,67506,0,0,0,0
2026-05-18T05:38:55Z,13624,22.449,1024,2048,1024,1,2712,68824,67800,68830,67806,0,0,0,0
2026-05-18T05:39:55Z,13685,22.449,1024,2048,1024,1,2724,69124,68100,69130,68106,0,0,0,0
2026-05-18T05:40:55Z,13745,22.449,1024,2048,1024,1,2736,69424,68400,69430,68406,0,0,0,0
2026-05-18T05:41:58Z,13808,22.449,1024,2048,1024,1,2749,69749,68725,69755,68731,0,0,0,0
2026-05-18T05:42:59Z,13869,22.449,1024,2048,1024,1,2761,70049,69025,70055,69031,0,0,0,0
2026-05-18T05:43:59Z,13929,22.449,1024,2048,1024,1,2773,70349,69325,70355,69331,0,0,0,0
2026-05-18T05:44:59Z,13989,22.449,1024,2048,1024,1,2785,70649,69625,70655,69631,0,0,0,0
2026-05-18T05:45:59Z,14049,22.449,1024,2048,1024,1,2797,70949,69925,70955,69931,0,0,0,0
2026-05-18T05:46:59Z,14109,22.449,1024,2048,1024,1,2809,71249,70225,71255,70231,0,0,0,0
2026-05-18T05:47:59Z,14168,22.449,1024,2048,1024,1,2821,71549,70525,71555,70531,0,0,0,0
2026-05-18T05:48:59Z,14228,22.449,1024,2048,1024,1,2833,71849,70825,71855,70831,0,0,0,0
2026-05-18T05:49:59Z,14289,22.449,1024,2048,1024,1,2845,72149,71125,72155,71131,0,0,0,0
2026-05-18T05:50:59Z,14349,22.449,1024,2048,1024,1,2857,72449,71425,72455,71431,0,0,0,0
2026-05-18T05:51:59Z,14409,22.449,1024,2048,1024,1,2869,72749,71725,72755,71731,0,0,0,0
2026-05-18T05:52:59Z,14469,22.449,1024,2048,1024,1,2881,73049,72025,73055,72031,0,0,0,0
2026-05-18T05:53:59Z,14529,22.449,1024,2048,1024,1,2893,73349,72325,73355,72331,0,0,0,0
2026-05-18T05:54:59Z,14589,22.449,1024,2048,1024,1,2905,73649,72625,73655,72631,0,0,0,0
2026-05-18T05:55:59Z,14649,22.449,1024,2048,1024,1,2917,73949,72925,73956,72931,0,0,0,0
2026-05-18T05:56:58Z,14708,22.449,1024,2048,1024,1,2929,74249,73225,74256,73231,0,0,0,0
2026-05-18T05:57:59Z,14769,22.449,1024,2048,1024,1,2941,74549,73525,74556,73531,0,0,0,0
2026-05-18T05:58:59Z,14828,22.449,1024,2048,1024,1,2953,74849,73825,74856,73831,0,0,0,0
2026-05-18T05:59:59Z,14889,22.449,1024,2048,1024,1,2965,75149,74125,75156,74131,0,0,0,0
2026-05-18T06:00:59Z,14949,22.449,1024,2048,1024,1,2977,75449,74425,75456,74432,0,0,0,0
2026-05-18T06:01:58Z,15008,22.449,1024,2048,1024,1,2989,75749,74725,75756,74732,0,0,0,0
2026-05-18T06:02:59Z,15069,22.449,1024,2048,1024,1,3001,76049,75025,76056,75032,0,0,0,0
2026-05-18T06:03:56Z,15126,22.449,1024,2048,1024,1,3012,76324,75300,76331,75307,0,0,0,0
2026-05-18T06:04:56Z,15186,22.449,1024,2048,1024,1,3024,76624,75600,76631,75607,0,0,0,0
2026-05-18T06:05:57Z,15246,22.449,1024,2048,1024,1,3036,76924,75900,76931,75907,0,0,0,0
2026-05-18T06:06:57Z,15307,22.449,1024,2048,1024,1,3048,77224,76200,77231,76207,0,0,0,0
2026-05-18T06:07:57Z,15367,22.449,1024,2048,1024,1,3060,77524,76500,77531,76507,0,0,0,0
2026-05-18T06:08:58Z,15427,22.449,1024,2048,1024,1,3072,77824,76800,77831,76807,0,0,0,0
2026-05-18T06:09:58Z,15487,22.449,1024,2048,1024,1,3084,78124,77100,78131,77107,0,0,0,0
2026-05-18T06:10:58Z,15548,22.449,1024,2048,1024,1,3096,78424,77400,78431,77407,0,0,0,0
2026-05-18T06:11:58Z,15608,22.449,1024,2048,1024,1,3108,78724,77700,78731,77707,0,0,0,0
2026-05-18T06:12:59Z,15668,22.449,1024,2048,1024,1,3120,79024,78000,79031,78007,0,0,0,0
2026-05-18T06:13:59Z,15728,22.449,1024,2048,1024,1,3132,79324,78300,79331,78307,0,0,0,0
2026-05-18T06:14:59Z,15789,22.449,1024,2048,1024,1,3144,79624,78600,79631,78607,0,0,0,0
2026-05-18T06:16:00Z,15849,22.449,1024,2048,1024,1,3156,79924,78900,79931,78907,0,0,0,0
2026-05-18T06:17:01Z,15911,22.449,1024,2048,1024,1,3168,80224,79200,80231,79207,0,0,0,0
2026-05-18T06:18:02Z,15971,22.449,1024,2048,1024,1,3180,80524,79500,80531,79507,0,0,0,0
2026-05-18T06:19:02Z,16032,22.449,1024,2048,1024,1,3192,80824,79800,80831,79807,0,0,0,0
2026-05-18T06:20:03Z,16092,22.449,1024,2048,1024,1,3204,81124,80100,81131,80107,0,0,0,0
2026-05-18T06:21:03Z,16153,22.449,1024,2048,1024,1,3216,81424,80400,81431,80407,0,0,0,0
2026-05-18T06:22:04Z,16213,22.449,1024,2048,1024,1,3228,81724,80700,81731,80707,0,0,0,0
2026-05-18T06:23:05Z,16274,22.449,1024,2048,1024,1,3240,82024,81000,82031,81007,0,0,0,0
2026-05-18T06:24:05Z,16335,22.449,1024,2048,1024,1,3252,82324,81300,82331,81307,0,0,0,0
2026-05-18T06:25:06Z,16395,22.449,1024,2048,1024,1,3264,82624,81600,82631,81607,0,0,0,0
2026-05-18T06:26:06Z,16456,22.449,1024,2048,1024,1,3276,82924,81900,82931,81907,0,0,0,0
2026-05-18T06:27:06Z,16516,22.449,1024,2048,1024,1,3288,83224,82200,83231,82207,0,0,0,0
2026-05-18T06:28:06Z,16576,22.449,1024,2048,1024,1,3300,83524,82500,83531,82507,0,0,0,0
2026-05-18T06:29:06Z,16636,22.449,1024,2048,1024,1,3312,83824,82800,83831,82807,0,0,0,0
2026-05-18T06:30:06Z,16696,22.449,1024,2048,1024,1,3324,84124,83100,84131,83107,0,0,0,0
2026-05-18T06:31:07Z,16756,22.449,1024,2048,1024,1,3336,84424,83400,84431,83407,0,0,0,0
2026-05-18T06:32:07Z,16817,22.449,1024,2048,1024,1,3348,84724,83700,84731,83707,0,0,0,0
2026-05-18T06:33:08Z,16877,22.449,1024,2048,1024,1,3360,85024,84000,85031,84007,0,0,0,0
2026-05-18T06:34:08Z,16938,22.449,1024,2048,1024,1,3372,85324,84300,85331,84307,0,0,0,0
2026-05-18T06:35:08Z,16998,22.449,1024,2048,1024,1,3384,85624,84600,85631,84607,0,0,0,0
2026-05-18T06:36:08Z,17058,22.449,1024,2048,1024,1,3396,85924,84900,85931,84907,0,0,0,0
2026-05-18T06:37:09Z,17118,22.449,1024,2048,1024,1,3408,86224,85200,86231,85207,0,0,0,0
2026-05-18T06:38:09Z,17179,22.449,1024,2048,1024,1,3420,86524,85500,86531,85507,0,0,0,0
2026-05-18T06:39:09Z,17239,22.449,1024,2048,1024,1,3432,86824,85800,86831,85807,0,0,0,0
2026-05-18T06:40:09Z,17299,22.449,1024,2048,1024,1,3444,87124,86100,87131,86107,0,0,0,0
2026-05-18T06:41:10Z,17359,22.449,1024,2048,1024,1,3456,87424,86400,87431,86407,0,0,0,0
2026-05-18T06:42:10Z,17420,22.449,1024,2048,1024,1,3468,87724,86700,87731,86707,0,0,0,0
2026-05-18T06:43:10Z,17480,22.449,1024,2048,1024,1,3480,88024,87000,88031,87007,0,0,0,0
2026-05-18T06:44:10Z,17540,22.449,1024,2048,1024,1,3492,88324,87300,88331,87307,0,0,0,0
2026-05-18T06:45:11Z,17601,22.449,1024,2048,1024,1,3504,88624,87600,88631,87607,0,0,0,0
2026-05-18T06:46:11Z,17661,22.449,1024,2048,1024,1,3516,88924,87900,88931,87907,0,0,0,0
2026-05-18T06:47:11Z,17721,22.449,1024,2048,1024,1,3528,89224,88200,89231,88207,0,0,0,0
2026-05-18T06:48:11Z,17781,22.449,1024,2048,1024,1,3540,89524,88500,89531,88507,0,0,0,0
2026-05-18T06:49:11Z,17841,22.449,1024,2048,1024,1,3552,89824,88800,89831,88807,0,0,0,0
2026-05-18T06:50:11Z,17901,22.449,1024,2048,1024,1,3564,90124,89100,90131,89107,0,0,0,0
2026-05-18T06:51:12Z,17961,22.449,1024,2048,1024,1,3576,90424,89400,90431,89407,0,0,0,0
2026-05-18T06:52:12Z,18022,22.449,1024,2048,1024,1,3588,90724,89700,90731,89707,0,0,0,0
2026-05-18T06:53:12Z,18082,22.449,1024,2048,1024,1,3600,91024,90000,91031,90007,0,0,0,0
2026-05-18T06:54:13Z,18142,22.449,1024,2048,1024,1,3612,91324,90300,91331,90307,0,0,0,0
2026-05-18T06:55:13Z,18202,22.449,1024,2048,1024,1,3624,91624,90600,91631,90607,0,0,0,0
2026-05-18T06:56:13Z,18262,22.449,1024,2048,1024,1,3636,91924,90900,91931,90907,0,0,0,0
2026-05-18T06:57:13Z,18323,22.449,1024,2048,1024,1,3648,92224,91200,92232,91207,0,0,0,0
2026-05-18T06:58:13Z,18383,22.449,1024,2048,1024,1,3660,92524,91500,92532,91507,0,0,0,0
2026-05-18T06:59:13Z,18443,22.449,1024,2048,1024,1,3672,92824,91800,92832,91807,0,0,0,0
2026-05-18T07:00:13Z,18503,22.449,1024,2048,1024,1,3684,93124,92100,93132,92107,0,0,0,0
2026-05-18T07:01:13Z,18563,22.449,1024,2048,1024,1,3696,93424,92400,93432,92407,0,0,0,0
2026-05-18T07:02:13Z,18623,22.449,1024,2048,1024,1,3708,93724,92700,93732,92708,0,0,0,0
2026-05-18T07:03:13Z,18683,22.449,1024,2048,1024,1,3720,94024,93000,94032,93008,0,0,0,0
2026-05-18T07:04:13Z,18743,22.449,1024,2048,1024,1,3732,94324,93300,94332,93308,0,0,0,0
2026-05-18T07:05:13Z,18803,22.449,1024,2048,1024,1,3744,94624,93600,94632,93608,0,0,0,0
2026-05-18T07:06:14Z,18863,22.449,1024,2048,1024,1,3756,94924,93900,94932,93908,0,0,0,0
2026-05-18T07:07:14Z,18924,22.449,1024,2048,1024,1,3768,95224,94200,95232,94208,0,0,0,0
2026-05-18T07:08:14Z,18984,22.449,1024,2048,1024,1,3780,95524,94500,95532,94508,0,0,0,0
2026-05-18T07:09:14Z,19044,22.449,1024,2048,1024,1,3792,95824,94800,95832,94808,0,0,0,0
2026-05-18T07:10:14Z,19104,22.449,1024,2048,1024,1,3804,96124,95100,96132,95108,0,0,0,0
2026-05-18T07:11:15Z,19164,22.449,1024,2048,1024,1,3816,96424,95400,96432,95408,0,0,0,0
2026-05-18T07:12:15Z,19225,22.449,1024,2048,1024,1,3828,96724,95700,96732,95708,0,0,0,0
2026-05-18T07:13:16Z,19285,22.449,1024,2048,1024,1,3840,97024,96000,97032,96008,0,0,0,0
2026-05-18T07:14:16Z,19346,22.449,1024,2048,1024,1,3852,97324,96300,97332,96308,0,0,0,0
2026-05-18T07:15:16Z,19406,22.449,1024,2048,1024,1,3864,97624,96600,97632,96608,0,0,0,0
2026-05-18T07:16:17Z,19466,22.449,1024,2048,1024,1,3876,97924,96900,97932,96908,0,0,0,0
2026-05-18T07:17:18Z,19528,22.449,1024,2048,1024,1,3888,98224,97200,98232,97208,0,0,0,0
2026-05-18T07:18:18Z,19588,22.449,1024,2048,1024,1,3900,98524,97500,98532,97508,0,0,0,0
2026-05-18T07:19:19Z,19649,22.449,1024,2048,1024,1,3912,98824,97800,98832,97808,0,0,0,0
2026-05-18T07:20:19Z,19709,22.449,1024,2048,1024,1,3924,99124,98100,99132,98108,0,0,0,0
2026-05-18T07:21:19Z,19769,22.449,1024,2048,1024,1,3936,99424,98400,99432,98408,0,0,0,0
2026-05-18T07:22:20Z,19829,22.449,1024,2048,1024,1,3948,99724,98700,99732,98708,0,0,0,0
2026-05-18T07:23:20Z,19889,22.449,1024,2048,1024,1,3960,100024,99000,100032,99008,0,0,0,0
2026-05-18T07:24:20Z,19950,22.449,1024,2048,1024,1,3972,100324,99300,100332,99308,0,0,0,0
2026-05-18T07:25:20Z,20010,22.449,1024,2048,1024,1,3984,100624,99600,100632,99608,0,0,0,0
2026-05-18T07:26:21Z,20070,22.449,1024,2048,1024,1,3996,100924,99900,100932,99908,0,0,0,0
2026-05-18T07:27:21Z,20131,22.449,1024,2048,1024,1,4008,101224,100200,101232,100208,0,0,0,0
2026-05-18T07:28:22Z,20191,22.449,1024,2048,1024,1,4020,101524,100500,101532,100508,0,0,0,0
2026-05-18T07:29:23Z,20252,22.449,1024,2048,1024,1,4032,101824,100800,101832,100808,0,0,0,0
2026-05-18T07:30:22Z,20312,22.449,1024,2048,1024,1,4044,102124,101100,102132,101108,0,0,0,0
2026-05-18T07:31:23Z,20373,22.449,1024,2048,1024,1,4056,102424,101400,102432,101408,0,0,0,0
2026-05-18T07:32:23Z,20433,22.449,1024,2048,1024,1,4068,102724,101700,102732,101708,0,0,0,0
2026-05-18T07:33:23Z,20493,22.449,1024,2048,1024,1,4080,103024,102000,103032,102008,0,0,0,0
2026-05-18T07:34:23Z,20553,22.449,1024,2048,1024,1,4092,103324,102300,103332,102308,0,0,0,0
2026-05-18T07:35:24Z,20613,22.449,1024,2048,1024,1,4104,103624,102600,103632,102608,0,0,0,0
2026-05-18T07:36:24Z,20673,22.449,1024,2048,1024,1,4116,103924,102900,103932,102908,0,0,0,0
2026-05-18T07:37:24Z,20734,22.449,1024,2048,1024,1,4128,104224,103200,104232,103208,0,0,0,0
2026-05-18T07:38:24Z,20794,22.449,1024,2048,1024,1,4140,104524,103500,104532,103508,0,0,0,0
2026-05-18T07:39:24Z,20854,22.449,1024,2048,1024,1,4152,104824,103800,104832,103808,0,0,0,0
2026-05-18T07:40:24Z,20914,22.449,1024,2048,1024,1,4164,105124,104100,105132,104108,0,0,0,0
2026-05-18T07:41:24Z,20974,22.449,1024,2048,1024,1,4176,105424,104400,105432,104408,0,0,0,0
2026-05-18T07:42:24Z,21034,22.449,1024,2048,1024,1,4188,105724,104700,105732,104708,0,0,0,0
2026-05-18T07:43:24Z,21094,22.449,1024,2048,1024,1,4200,106024,105000,106032,105008,0,0,0,0
2026-05-18T07:44:24Z,21154,22.449,1024,2048,1024,1,4212,106324,105300,106332,105308,0,0,0,0
2026-05-18T07:45:24Z,21214,22.449,1024,2048,1024,1,4224,106624,105600,106632,105608,0,0,0,0
2026-05-18T07:46:25Z,21274,22.449,1024,2048,1024,1,4236,106924,105900,106932,105908,0,0,0,0
2026-05-18T07:47:26Z,21335,22.449,1024,2048,1024,1,4248,107224,106200,107232,106208,0,0,0,0
2026-05-18T07:48:26Z,21396,22.449,1024,2048,1024,1,4260,107524,106500,107532,106508,0,0,0,0
2026-05-18T07:49:26Z,21456,22.449,1024,2048,1024,1,4272,107824,106800,107832,106808,0,0,0,0
2026-05-18T07:50:27Z,21516,22.449,1024,2048,1024,1,4284,108124,107100,108132,107108,0,0,0,0
2026-05-18T07:51:27Z,21577,22.449,1024,2048,1024,1,4296,108424,107400,108432,107408,0,0,0,0
2026-05-18T07:52:27Z,21637,22.449,1024,2048,1024,1,4308,108724,107700,108732,107708,0,0,0,0
2026-05-18T07:53:28Z,21698,22.449,1024,2048,1024,1,4320,109024,108000,109032,108008,0,0,0,0
2026-05-18T07:54:28Z,21758,22.449,1024,2048,1024,1,4332,109324,108300,109332,108308,0,0,0,0
2026-05-18T07:55:28Z,21818,22.449,1024,2048,1024,1,4344,109624,108600,109632,108608,0,0,0,0
2026-05-18T07:56:29Z,21878,22.449,1024,2048,1024,1,4356,109924,108900,109933,108908,0,0,0,0
2026-05-18T07:57:29Z,21939,22.449,1024,2048,1024,1,4368,110224,109200,110233,109208,0,0,0,0
2026-05-18T07:58:29Z,21999,22.449,1024,2048,1024,1,4380,110524,109500,110533,109508,0,0,0,0
2026-05-18T07:59:29Z,22059,22.449,1024,2048,1024,1,4392,110824,109800,110833,109808,0,0,0,0
2026-05-18T08:00:29Z,22119,22.449,1024,2048,1024,1,4404,111124,110100,111133,110108,0,0,0,0
2026-05-18T08:01:29Z,22179,22.449,1024,2048,1024,1,4416,111424,110400,111433,110409,0,0,0,0
2026-05-18T08:02:29Z,22239,22.449,1024,2048,1024,1,4428,111724,110700,111733,110709,0,0,0,0
2026-05-18T08:03:29Z,22299,22.449,1024,2048,1024,1,4440,112024,111000,112033,111009,0,0,0,0
2026-05-18T08:04:29Z,22359,22.449,1024,2048,1024,1,4452,112324,111300,112333,111309,0,0,0,0
2026-05-18T08:05:29Z,22419,22.449,1024,2048,1024,1,4464,112624,111600,112633,111609,0,0,0,0
2026-05-18T08:06:30Z,22479,22.449,1024,2048,1024,1,4476,112924,111900,112933,111909,0,0,0,0
2026-05-18T08:07:30Z,22539,22.449,1024,2048,1024,1,4488,113224,112200,113233,112209,0,0,0,0
2026-05-18T08:08:30Z,22599,22.449,1024,2048,1024,1,4500,113524,112500,113533,112509,0,0,0,0
2026-05-18T08:09:30Z,22660,22.449,1024,2048,1024,1,4512,113824,112800,113833,112809,0,0,0,0
2026-05-18T08:10:31Z,22720,22.449,1024,2048,1024,1,4524,114124,113100,114133,113109,0,0,0,0
2026-05-18T08:11:31Z,22781,22.449,1024,2048,1024,1,4536,114424,113400,114433,113409,0,0,0,0
2026-05-18T08:12:31Z,22841,22.449,1024,2048,1024,1,4548,114724,113700,114733,113709,0,0,0,0
2026-05-18T08:13:31Z,22901,22.449,1024,2048,1024,1,4560,115024,114000,115033,114009,0,0,0,0
2026-05-18T08:14:31Z,22961,22.449,1024,2048,1024,1,4572,115324,114300,115333,114309,0,0,0,0
2026-05-18T08:15:32Z,23021,22.449,1024,2048,1024,1,4584,115624,114600,115633,114609,0,0,0,0
2026-05-18T08:16:32Z,23082,22.449,1024,2048,1024,1,4596,115924,114900,115933,114909,0,0,0,0
2026-05-18T08:17:32Z,23142,22.449,1024,2048,1024,1,4608,116224,115200,116233,115209,0,0,0,0
2026-05-18T08:18:32Z,23202,22.449,1024,2048,1024,1,4620,116524,115500,116533,115509,0,0,0,0
2026-05-18T08:19:32Z,23262,22.449,1024,2048,1024,1,4632,116824,115800,116833,115809,0,0,0,0
2026-05-18T08:20:32Z,23322,22.449,1024,2048,1024,1,4644,117124,116100,117133,116109,0,0,0,0
2026-05-18T08:21:33Z,23383,22.449,1024,2048,1024,1,4656,117424,116400,117433,116409,0,0,0,0
2026-05-18T08:22:33Z,23443,22.449,1024,2048,1024,1,4668,117724,116700,117733,116709,0,0,0,0
2026-05-18T08:23:33Z,23503,22.449,1024,2048,1024,1,4680,118024,117000,118033,117009,0,0,0,0
2026-05-18T08:24:34Z,23563,22.449,1024,2048,1024,1,4692,118324,117300,118333,117309,0,0,0,0
2026-05-18T08:25:34Z,23624,22.449,1024,2048,1024,1,4704,118624,117600,118633,117609,0,0,0,0
2026-05-18T08:26:35Z,23684,22.449,1024,2048,1024,1,4716,118924,117900,118933,117909,0,0,0,0
2026-05-18T08:27:35Z,23745,22.449,1024,2048,1024,1,4728,119224,118200,119233,118209,0,0,0,0
2026-05-18T08:28:36Z,23805,22.449,1024,2048,1024,1,4740,119524,118500,119533,118509,0,0,0,0
2026-05-18T08:29:37Z,23867,22.449,1024,2048,1024,1,4752,119824,118800,119833,118809,0,0,0,0
2026-05-18T08:30:37Z,23927,22.449,1024,2048,1024,1,4764,120124,119100,120133,119109,0,0,0,0
2026-05-18T08:31:38Z,23987,22.449,1024,2048,1024,1,4776,120424,119400,120433,119409,0,0,0,0
2026-05-18T08:32:38Z,24047,22.449,1024,2048,1024,1,4788,120724,119700,120733,119709,0,0,0,0
2026-05-18T08:33:38Z,24108,22.449,1024,2048,1024,1,4800,121024,120000,121033,120009,0,0,0,0
2026-05-18T08:34:38Z,24168,22.449,1024,2048,1024,1,4812,121324,120300,121333,120309,0,0,0,0
2026-05-18T08:35:38Z,24228,22.449,1024,2048,1024,1,4824,121624,120600,121633,120609,0,0,0,0
2026-05-18T08:36:39Z,24288,22.449,1024,2048,1024,1,4836,121924,120900,121933,120909,0,0,0,0
2026-05-18T08:37:39Z,24348,22.449,1024,2048,1024,1,4848,122224,121200,122233,121209,0,0,0,0
2026-05-18T08:38:39Z,24409,22.449,1024,2048,1024,1,4860,122524,121500,122533,121509,0,0,0,0
2026-05-18T08:39:40Z,24469,22.449,1024,2048,1024,1,4872,122824,121800,122833,121809,0,0,0,0
2026-05-18T08:40:40Z,24529,22.449,1024,2048,1024,1,4884,123124,122100,123133,122109,0,0,0,0
2026-05-18T08:41:40Z,24590,22.449,1024,2048,1024,1,4896,123424,122400,123433,122409,0,0,0,0
2026-05-18T08:42:41Z,24650,22.449,1024,2048,1024,1,4908,123724,122700,123733,122709,0,0,0,0
2026-05-18T08:43:41Z,24711,22.449,1024,2048,1024,1,4920,124024,123000,124033,123009,0,0,0,0
2026-05-18T08:44:42Z,24771,22.449,1024,2048,1024,1,4932,124324,123300,124333,123309,0,0,0,0
2026-05-18T08:45:42Z,24832,22.449,1024,2048,1024,1,4944,124624,123600,124633,123609,0,0,0,0
2026-05-18T08:46:42Z,24892,22.449,1024,2048,1024,1,4956,124924,123900,124933,123909,0,0,0,0
2026-05-18T08:47:43Z,24952,22.449,1024,2048,1024,1,4968,125224,124200,125233,124209,0,0,0,0
2026-05-18T08:48:43Z,25013,22.449,1024,2048,1024,1,4980,125524,124500,125533,124509,0,0,0,0
2026-05-18T08:49:44Z,25073,22.449,1024,2048,1024,1,4992,125824,124800,125833,124809,0,0,0,0
2026-05-18T08:50:44Z,25133,22.449,1024,2048,1024,1,5004,126124,125100,126133,125109,0,0,0,0
2026-05-18T08:51:44Z,25194,22.449,1024,2048,1024,1,5016,126424,125400,126433,125409,0,0,0,0
2026-05-18T08:52:45Z,25254,22.449,1024,2048,1024,1,5028,126724,125700,126733,125709,0,0,0,0
2026-05-18T08:53:45Z,25315,22.449,1024,2048,1024,1,5040,127024,126000,127033,126009,0,0,0,0
2026-05-18T08:54:46Z,25375,22.449,1024,2048,1024,1,5052,127324,126300,127333,126309,0,0,0,0
2026-05-18T08:55:46Z,25435,22.449,1024,2048,1024,1,5064,127624,126600,127633,126609,0,0,0,0
2026-05-18T08:56:46Z,25496,22.449,1024,2048,1024,1,5076,127924,126900,127933,126909,0,0,0,0
2026-05-18T08:57:46Z,25556,22.449,1024,2048,1024,1,5088,128224,127200,128233,127209,0,0,0,0
2026-05-18T08:58:46Z,25616,22.449,1024,2048,1024,1,5100,128524,127500,128533,127509,0,0,0,0
2026-05-18T08:59:47Z,25676,22.449,1024,2048,1024,1,5112,128824,127800,128834,127809,0,0,0,0
2026-05-18T09:00:48Z,25737,22.703,1024,2048,1024,1,5124,129124,128100,129134,128109,0,0,0,0
2026-05-18T09:01:49Z,25798,22.703,1024,2048,1024,1,5136,129424,128400,129434,128409,0,0,0,0
2026-05-18T09:02:49Z,25859,22.703,1024,2048,1024,1,5148,129724,128700,129734,128709,0,0,0,0
2026-05-18T09:03:50Z,25920,22.703,1024,2048,1024,1,5160,130024,129000,130034,129009,0,0,0,0
2026-05-18T09:04:50Z,25980,22.703,1024,2048,1024,1,5172,130324,129300,130334,129310,0,0,0,0
2026-05-18T09:05:50Z,26040,22.703,1024,2048,1024,1,5184,130624,129600,130634,129610,0,0,0,0
2026-05-18T09:06:50Z,26100,22.703,1024,2048,1024,1,5196,130924,129900,130934,129910,0,0,0,0
2026-05-18T09:07:50Z,26160,22.703,1024,2048,1024,1,5208,131224,130200,131234,130210,0,0,0,0
2026-05-18T09:08:50Z,26220,22.703,1024,2048,1024,1,5220,131524,130500,131534,130510,0,0,0,0
2026-05-18T09:09:51Z,26280,22.703,1024,2048,1024,1,5232,131824,130800,131834,130810,0,0,0,0
2026-05-18T09:10:51Z,26341,22.703,1024,2048,1024,1,5244,132124,131100,132134,131110,0,0,0,0
2026-05-18T09:11:52Z,26401,22.703,1024,2048,1024,1,5256,132424,131400,132434,131410,0,0,0,0
2026-05-18T09:12:52Z,26462,22.703,1024,2048,1024,1,5268,132724,131700,132734,131710,0,0,0,0
2026-05-18T09:13:53Z,26522,22.703,1024,2048,1024,1,5280,133024,132000,133034,132010,0,0,0,0
2026-05-18T09:14:53Z,26582,22.703,1024,2048,1024,1,5292,133324,132300,133334,132310,0,0,0,0
2026-05-18T09:15:54Z,26644,22.703,1024,2048,1024,1,5304,133624,132600,133634,132610,0,0,0,0
2026-05-18T09:16:54Z,26704,22.703,1024,2048,1024,1,5316,133924,132900,133934,132910,0,0,0,0
2026-05-18T09:17:55Z,26764,22.703,1024,2048,1024,1,5328,134224,133200,134234,133210,0,0,0,0
2026-05-18T09:18:56Z,26826,22.703,1024,2048,1024,1,5340,134524,133500,134534,133510,0,0,0,0
2026-05-18T09:19:56Z,26886,22.703,1024,2048,1024,1,5352,134824,133800,134834,133810,0,0,0,0
2026-05-18T09:20:57Z,26946,22.703,1024,2048,1024,1,5364,135124,134100,135134,134110,0,0,0,0
2026-05-18T09:21:57Z,27007,22.703,1024,2048,1024,1,5376,135424,134400,135434,134410,0,0,0,0
2026-05-18T09:22:57Z,27067,22.703,1024,2048,1024,1,5388,135724,134700,135734,134710,0,0,0,0
2026-05-18T09:23:58Z,27127,22.703,1024,2048,1024,1,5400,136024,135000,136034,135010,0,0,0,0
2026-05-18T09:24:59Z,27189,22.703,1024,2048,1024,1,5412,136324,135300,136334,135310,0,0,0,0
2026-05-18T09:26:00Z,27249,22.703,1024,2048,1024,1,5424,136624,135600,136634,135610,0,0,0,0
2026-05-18T09:27:00Z,27310,22.703,1024,2048,1024,1,5436,136924,135900,136934,135910,0,0,0,0
2026-05-18T09:28:01Z,27370,22.703,1024,2048,1024,1,5448,137224,136200,137234,136210,0,0,0,0
2026-05-18T09:29:01Z,27430,22.703,1024,2048,1024,1,5460,137524,136500,137534,136510,0,0,0,0
2026-05-18T09:30:01Z,27490,22.703,1024,2048,1024,1,5472,137824,136800,137834,136810,0,0,0,0
2026-05-18T09:31:02Z,27551,22.703,1024,2048,1024,1,5484,138124,137100,138134,137110,0,0,0,0
2026-05-18T09:32:02Z,27611,22.703,1024,2048,1024,1,5496,138424,137400,138434,137410,0,0,0,0
2026-05-18T09:33:02Z,27672,22.703,1024,2048,1024,1,5508,138724,137700,138734,137710,0,0,0,0
2026-05-18T09:34:02Z,27732,22.703,1024,2048,1024,1,5520,139024,138000,139034,138010,0,0,0,0
2026-05-18T09:35:03Z,27792,22.703,1024,2048,1024,1,5532,139324,138300,139334,138310,0,0,0,0
2026-05-18T09:36:03Z,27853,22.703,1024,2048,1024,1,5544,139624,138600,139634,138610,0,0,0,0
2026-05-18T09:37:04Z,27913,22.703,1024,2048,1024,1,5556,139924,138900,139934,138910,0,0,0,0
2026-05-18T09:38:04Z,27974,22.703,1024,2048,1024,1,5568,140224,139200,140234,139210,0,0,0,0
2026-05-18T09:39:04Z,28034,22.703,1024,2048,1024,1,5580,140524,139500,140534,139510,0,0,0,0
2026-05-18T09:40:04Z,28094,22.703,1024,2048,1024,1,5592,140824,139800,140834,139810,0,0,0,0
2026-05-18T09:41:05Z,28155,22.703,1024,2048,1024,1,5604,141124,140100,141134,140110,0,0,0,0
2026-05-18T09:42:05Z,28215,22.703,1024,2048,1024,1,5616,141424,140400,141434,140410,0,0,0,0
2026-05-18T09:43:05Z,28275,22.703,1024,2048,1024,1,5628,141724,140700,141734,140710,0,0,0,0
2026-05-18T09:44:05Z,28335,22.703,1024,2048,1024,1,5640,142024,141000,142034,141010,0,0,0,0
2026-05-18T09:45:06Z,28395,22.703,1024,2048,1024,1,5652,142324,141300,142334,141310,0,0,0,0
2026-05-18T09:46:06Z,28455,22.703,1024,2048,1024,1,5664,142624,141600,142634,141610,0,0,0,0
2026-05-18T09:47:06Z,28516,22.703,1024,2048,1024,1,5676,142924,141900,142934,141910,0,0,0,0
2026-05-18T09:48:06Z,28576,22.703,1024,2048,1024,1,5688,143224,142200,143234,142210,0,0,0,0
2026-05-18T09:49:07Z,28636,22.703,1024,2048,1024,1,5700,143524,142500,143534,142510,0,0,0,0
2026-05-18T09:50:07Z,28697,22.703,1024,2048,1024,1,5712,143824,142800,143834,142810,0,0,0,0
2026-05-18T09:51:07Z,28757,22.703,1024,2048,1024,1,5724,144124,143100,144134,143110,0,0,0,0
2026-05-18T09:52:07Z,28817,22.703,1024,2048,1024,1,5736,144424,143400,144434,143410,0,0,0,0
2026-05-18T09:53:07Z,28877,22.703,1024,2048,1024,1,5748,144724,143700,144734,143710,0,0,0,0
2026-05-18T09:54:07Z,28937,22.703,1024,2048,1024,1,5760,145024,144000,145034,144010,0,0,0,0
2026-05-18T09:55:07Z,28997,22.703,1024,2048,1024,1,5772,145324,144300,145334,144310,0,0,0,0
2026-05-18T09:56:07Z,29057,22.703,1024,2048,1024,1,5784,145624,144600,145635,144610,0,0,0,0
2026-05-18T09:57:08Z,29117,22.703,1024,2048,1024,1,5796,145924,144900,145935,144910,0,0,0,0
2026-05-18T09:58:08Z,29178,22.703,1024,2048,1024,1,5808,146224,145200,146235,145210,0,0,0,0
2026-05-18T09:59:08Z,29238,22.703,1024,2048,1024,1,5820,146524,145500,146535,145510,0,0,0,0
2026-05-18T10:00:09Z,29298,22.703,1024,2048,1024,1,5832,146824,145800,146835,145810,0,0,0,0
2026-05-18T10:01:09Z,29358,22.703,1024,2048,1024,1,5844,147124,146100,147135,146111,0,0,0,0
2026-05-18T10:02:10Z,29420,22.703,1024,2048,1024,1,5856,147424,146400,147435,146411,0,0,0,0
2026-05-18T10:03:11Z,29480,22.703,1024,2048,1024,1,5868,147724,146700,147735,146711,0,0,0,0
2026-05-18T10:04:11Z,29541,22.703,1024,2048,1024,1,5880,148024,147000,148035,147011,0,0,0,0
2026-05-18T10:05:11Z,29601,22.703,1024,2048,1024,1,5892,148324,147300,148335,147311,0,0,0,0
2026-05-18T10:06:12Z,29662,22.703,1024,2048,1024,1,5904,148624,147600,148635,147611,0,0,0,0
2026-05-18T10:07:12Z,29722,22.703,1024,2048,1024,1,5916,148924,147900,148935,147911,0,0,0,0
2026-05-18T10:08:13Z,29782,22.703,1024,2048,1024,1,5928,149224,148200,149235,148211,0,0,0,0
2026-05-18T10:09:13Z,29843,22.703,1024,2048,1024,1,5940,149524,148500,149535,148511,0,0,0,0
2026-05-18T10:10:13Z,29903,22.703,1024,2048,1024,1,5952,149824,148800,149835,148811,0,0,0,0
2026-05-18T10:11:13Z,29963,22.703,1024,2048,1024,1,5964,150124,149100,150135,149111,0,0,0,0
2026-05-18T10:12:13Z,30023,22.703,1024,2048,1024,1,5976,150424,149400,150435,149411,0,0,0,0
2026-05-18T10:13:13Z,30083,22.703,1024,2048,1024,1,5988,150724,149700,150735,149711,0,0,0,0
2026-05-18T10:14:13Z,30143,22.703,1024,2048,1024,1,6000,151024,150000,151035,150011,0,0,0,0
2026-05-18T10:15:13Z,30203,22.703,1024,2048,1024,1,6012,151324,150300,151335,150311,0,0,0,0
2026-05-18T10:16:13Z,30263,22.703,1024,2048,1024,1,6024,151624,150600,151635,150611,0,0,0,0
2026-05-18T10:17:13Z,30323,22.703,1024,2048,1024,1,6036,151924,150900,151935,150911,0,0,0,0
2026-05-18T10:18:14Z,30383,22.703,1024,2048,1024,1,6048,152224,151200,152235,151211,0,0,0,0
2026-05-18T10:19:14Z,30444,22.703,1024,2048,1024,1,6060,152524,151500,152535,151511,0,0,0,0
2026-05-18T10:20:14Z,30504,22.703,1024,2048,1024,1,6072,152824,151800,152835,151811,0,0,0,0
2026-05-18T10:21:15Z,30564,22.703,1024,2048,1024,1,6084,153124,152100,153135,152111,0,0,0,0
2026-05-18T10:22:15Z,30625,22.703,1024,2048,1024,1,6096,153424,152400,153435,152411,0,0,0,0
2026-05-18T10:23:16Z,30686,22.703,1024,2048,1024,1,6108,153724,152700,153735,152711,0,0,0,0
2026-05-18T10:24:16Z,30746,22.703,1024,2048,1024,1,6120,154024,153000,154035,153011,0,0,0,0
2026-05-18T10:25:16Z,30806,22.703,1024,2048,1024,1,6132,154324,153300,154335,153311,0,0,0,0
2026-05-18T10:26:17Z,30866,22.703,1024,2048,1024,1,6144,154624,153600,154635,153611,0,0,0,0
2026-05-18T10:27:17Z,30927,22.703,1024,2048,1024,1,6156,154924,153900,154935,153911,0,0,0,0
2026-05-18T10:28:18Z,30987,22.703,1024,2048,1024,1,6168,155224,154200,155235,154211,0,0,0,0
2026-05-18T10:29:18Z,31047,22.703,1024,2048,1024,1,6180,155524,154500,155535,154511,0,0,0,0
2026-05-18T10:30:18Z,31107,22.703,1024,2048,1024,1,6192,155824,154800,155835,154811,0,0,0,0
2026-05-18T10:31:19Z,31168,22.703,1024,2048,1024,1,6204,156124,155100,156135,155111,0,0,0,0
2026-05-18T10:32:19Z,31229,22.703,1024,2048,1024,1,6216,156424,155400,156435,155411,0,0,0,0
2026-05-18T10:33:19Z,31289,22.703,1024,2048,1024,1,6228,156724,155700,156735,155711,0,0,0,0
2026-05-18T10:34:19Z,31349,22.703,1024,2048,1024,1,6240,157024,156000,157035,156011,0,0,0,0
2026-05-18T10:35:20Z,31409,22.703,1024,2048,1024,1,6252,157324,156300,157335,156311,0,0,0,0
2026-05-18T10:36:20Z,31469,22.703,1024,2048,1024,1,6264,157624,156600,157635,156611,0,0,0,0
2026-05-18T10:37:20Z,31530,22.703,1024,2048,1024,1,6276,157924,156900,157935,156911,0,0,0,0
2026-05-18T10:38:21Z,31590,22.703,1024,2048,1024,1,6288,158224,157200,158235,157211,0,0,0,0
2026-05-18T10:39:21Z,31650,22.703,1024,2048,1024,1,6300,158524,157500,158535,157511,0,0,0,0
2026-05-18T10:40:21Z,31711,22.703,1024,2048,1024,1,6312,158824,157800,158835,157811,0,0,0,0
2026-05-18T10:41:21Z,31771,22.703,1024,2048,1024,1,6324,159124,158100,159135,158111,0,0,0,0
2026-05-18T10:42:22Z,31831,22.703,1024,2048,1024,1,6336,159424,158400,159435,158411,0,0,0,0
2026-05-18T10:43:22Z,31891,22.703,1024,2048,1024,1,6348,159724,158700,159735,158711,0,0,0,0
2026-05-18T10:44:22Z,31952,22.703,1024,2048,1024,1,6360,160024,159000,160035,159011,0,0,0,0
2026-05-18T10:45:22Z,32012,22.703,1024,2048,1024,1,6372,160324,159300,160335,159311,0,0,0,0
2026-05-18T10:46:22Z,32072,22.703,1024,2048,1024,1,6384,160624,159600,160635,159611,0,0,0,0
2026-05-18T10:47:23Z,32132,22.703,1024,2048,1024,1,6396,160924,159900,160935,159911,0,0,0,0
2026-05-18T10:48:23Z,32193,22.703,1024,2048,1024,1,6408,161224,160200,161235,160211,0,0,0,0
2026-05-18T10:49:23Z,32253,22.703,1024,2048,1024,1,6420,161524,160500,161535,160511,0,0,0,0
2026-05-18T10:50:23Z,32313,22.703,1024,2048,1024,1,6432,161824,160800,161835,160811,0,0,0,0
2026-05-18T10:51:23Z,32373,22.703,1024,2048,1024,1,6444,162124,161100,162135,161111,0,0,0,0
2026-05-18T10:52:23Z,32433,22.703,1024,2048,1024,1,6456,162424,161400,162435,161411,0,0,0,0
2026-05-18T10:53:24Z,32493,22.703,1024,2048,1024,1,6468,162724,161700,162735,161711,0,0,0,0
2026-05-18T10:54:24Z,32554,22.703,1024,2048,1024,1,6480,163024,162000,163035,162011,0,0,0,0
2026-05-18T10:55:24Z,32614,22.703,1024,2048,1024,1,6492,163324,162300,163335,162311,0,0,0,0
2026-05-18T10:56:24Z,32674,22.703,1024,2048,1024,1,6504,163624,162600,163635,162611,0,0,0,0
2026-05-18T10:57:24Z,32734,22.703,1024,2048,1024,1,6516,163924,162900,163936,162911,0,0,0,0
2026-05-18T10:58:24Z,32794,22.703,1024,2048,1024,1,6528,164224,163200,164236,163211,0,0,0,0
2026-05-18T10:59:24Z,32854,22.703,1024,2048,1024,1,6540,164524,163500,164536,163511,0,0,0,0
2026-05-18T11:00:25Z,32914,22.703,1024,2048,1024,1,6552,164824,163800,164836,163811,0,0,0,0
2026-05-18T11:01:25Z,32975,22.703,1024,2048,1024,1,6564,165124,164100,165136,164111,0,0,0,0
2026-05-18T11:02:25Z,33035,22.703,1024,2048,1024,1,6576,165424,164400,165436,164412,0,0,0,0
2026-05-18T11:03:25Z,33095,22.703,1024,2048,1024,1,6588,165724,164700,165736,164712,0,0,0,0
2026-05-18T11:04:25Z,33155,22.703,1024,2048,1024,1,6600,166024,165000,166036,165012,0,0,0,0
2026-05-18T11:05:25Z,33215,22.703,1024,2048,1024,1,6612,166324,165300,166336,165312,0,0,0,0
2026-05-18T11:06:26Z,33275,22.703,1024,2048,1024,1,6624,166624,165600,166636,165612,0,0,0,0
2026-05-18T11:07:26Z,33336,22.703,1024,2048,1024,1,6636,166924,165900,166936,165912,0,0,0,0
2026-05-18T11:08:26Z,33396,22.703,1024,2048,1024,1,6648,167224,166200,167236,166212,0,0,0,0
2026-05-18T11:09:27Z,33457,22.703,1024,2048,1024,1,6660,167524,166500,167536,166512,0,0,0,0
2026-05-18T11:10:28Z,33517,22.703,1024,2048,1024,1,6672,167824,166800,167836,166812,0,0,0,0
2026-05-18T11:11:28Z,33578,22.703,1024,2048,1024,1,6684,168124,167100,168136,167112,0,0,0,0
2026-05-18T11:12:28Z,33638,22.703,1024,2048,1024,1,6696,168424,167400,168436,167412,0,0,0,0
2026-05-18T11:13:28Z,33698,22.703,1024,2048,1024,1,6708,168724,167700,168736,167712,0,0,0,0
2026-05-18T11:14:28Z,33758,22.703,1024,2048,1024,1,6720,169024,168000,169036,168012,0,0,0,0
2026-05-18T11:15:28Z,33818,22.703,1024,2048,1024,1,6732,169324,168300,169336,168312,0,0,0,0
2026-05-18T11:16:29Z,33878,22.703,1024,2048,1024,1,6744,169624,168600,169636,168612,0,0,0,0
2026-05-18T11:17:29Z,33939,22.703,1024,2048,1024,1,6756,169924,168900,169936,168912,0,0,0,0
2026-05-18T11:18:30Z,33999,22.703,1024,2048,1024,1,6768,170224,169200,170236,169212,0,0,0,0
2026-05-18T11:19:30Z,34060,22.703,1024,2048,1024,1,6780,170524,169500,170536,169512,0,0,0,0
2026-05-18T11:20:31Z,34120,22.703,1024,2048,1024,1,6792,170824,169800,170836,169812,0,0,0,0
2026-05-18T11:21:31Z,34180,22.703,1024,2048,1024,1,6804,171124,170100,171136,170112,0,0,0,0
2026-05-18T11:22:31Z,34241,22.703,1024,2048,1024,1,6816,171424,170400,171436,170412,0,0,0,0
2026-05-18T11:23:31Z,34301,22.703,1024,2048,1024,1,6828,171724,170700,171736,170712,0,0,0,0
2026-05-18T11:24:31Z,34361,22.703,1024,2048,1024,1,6840,172024,171000,172036,171012,0,0,0,0
2026-05-18T11:25:31Z,34421,22.703,1024,2048,1024,1,6852,172324,171300,172336,171312,0,0,0,0
2026-05-18T11:26:32Z,34481,22.703,1024,2048,1024,1,6864,172624,171600,172636,171612,0,0,0,0
2026-05-18T11:27:32Z,34542,22.703,1024,2048,1024,1,6876,172924,171900,172936,171912,0,0,0,0
2026-05-18T11:28:33Z,34602,22.703,1024,2048,1024,1,6888,173224,172200,173236,172212,0,0,0,0
2026-05-18T11:29:34Z,34664,22.703,1024,2048,1024,1,6900,173524,172500,173536,172512,0,0,0,0
2026-05-18T11:30:34Z,34724,22.703,1024,2048,1024,1,6912,173824,172800,173836,172812,0,0,0,0
2026-05-18T11:31:35Z,34784,22.703,1024,2048,1024,1,6924,174124,173100,174136,173112,0,0,0,0
2026-05-18T11:32:35Z,34845,22.703,1024,2048,1024,1,6936,174424,173400,174436,173412,0,0,0,0
2026-05-18T11:33:35Z,34905,22.703,1024,2048,1024,1,6948,174724,173700,174736,173712,0,0,0,0
2026-05-18T11:34:35Z,34965,22.703,1024,2048,1024,1,6960,175024,174000,175036,174012,0,0,0,0
2026-05-18T11:35:36Z,35025,22.703,1024,2048,1024,1,6972,175324,174300,175336,174312,0,0,0,0
2026-05-18T11:36:37Z,35086,22.703,1024,2048,1024,1,6984,175624,174600,175636,174612,0,0,0,0
2026-05-18T11:37:37Z,35147,22.703,1024,2048,1024,1,6996,175924,174900,175936,174912,0,0,0,0
2026-05-18T11:38:37Z,35207,22.703,1024,2048,1024,1,7008,176224,175200,176236,175212,0,0,0,0
2026-05-18T11:39:37Z,35267,22.703,1024,2048,1024,1,7020,176524,175500,176536,175512,0,0,0,0
2026-05-18T11:40:37Z,35327,22.703,1024,2048,1024,1,7032,176824,175800,176836,175812,0,0,0,0
2026-05-18T11:41:38Z,35387,22.703,1024,2048,1024,1,7044,177124,176100,177136,176112,0,0,0,0
2026-05-18T11:42:38Z,35448,22.703,1024,2048,1024,1,7056,177424,176400,177436,176412,0,0,0,0
2026-05-18T11:43:38Z,35508,22.703,1024,2048,1024,1,7068,177724,176700,177736,176712,0,0,0,0
2026-05-18T11:44:39Z,35568,22.703,1024,2048,1024,1,7080,178024,177000,178036,177012,0,0,0,0
2026-05-18T11:45:39Z,35629,22.703,1024,2048,1024,1,7092,178324,177300,178336,177312,0,0,0,0
2026-05-18T11:46:40Z,35689,22.703,1024,2048,1024,1,7104,178624,177600,178636,177612,0,0,0,0
2026-05-18T11:47:40Z,35750,22.703,1024,2048,1024,1,7116,178924,177900,178936,177912,0,0,0,0
2026-05-18T11:48:41Z,35810,22.703,1024,2048,1024,1,7128,179224,178200,179236,178212,0,0,0,0
2026-05-18T11:49:41Z,35871,22.703,1024,2048,1024,1,7140,179524,178500,179536,178512,0,0,0,0
2026-05-18T11:50:41Z,35931,22.703,1024,2048,1024,1,7152,179824,178800,179836,178812,0,0,0,0
2026-05-18T11:51:41Z,35991,22.703,1024,2048,1024,1,7164,180124,179100,180136,179112,0,0,0,0
2026-05-18T11:52:42Z,36051,22.703,1024,2048,1024,1,7176,180424,179400,180436,179412,0,0,0,0
2026-05-18T11:53:43Z,36112,22.703,1024,2048,1024,1,7188,180724,179700,180736,179712,0,0,0,0
2026-05-18T11:54:43Z,36172,22.703,1024,2048,1024,1,7200,181024,180000,181036,180012,0,0,0,0
2026-05-18T11:55:43Z,36232,22.703,1024,2048,1024,1,7212,181324,180300,181336,180312,0,0,0,0
2026-05-18T11:56:43Z,36293,22.703,1024,2048,1024,1,7224,181624,180600,181637,180612,0,0,0,0
2026-05-18T11:57:44Z,36354,22.703,1024,2048,1024,1,7236,181924,180900,181937,180912,0,0,0,0
2026-05-18T11:58:44Z,36414,22.703,1024,2048,1024,1,7248,182224,181200,182237,181212,0,0,0,0
2026-05-18T11:59:44Z,36474,22.703,1024,2048,1024,1,7260,182524,181500,182537,181512,0,0,0,0
2026-05-18T12:00:44Z,36534,22.703,1024,2048,1024,1,7272,182824,181800,182837,181812,0,0,0,0
2026-05-18T12:01:44Z,36594,22.703,1024,2048,1024,1,7284,183124,182100,183137,182113,0,0,0,0
2026-05-18T12:02:44Z,36654,22.703,1024,2048,1024,1,7296,183424,182400,183437,182413,0,0,0,0
2026-05-18T12:03:44Z,36714,22.703,1024,2048,1024,1,7308,183724,182700,183737,182713,0,0,0,0
2026-05-18T12:04:45Z,36774,22.703,1024,2048,1024,1,7320,184024,183000,184037,183013,0,0,0,0
2026-05-18T12:05:45Z,36834,22.703,1024,2048,1024,1,7332,184324,183300,184337,183313,0,0,0,0
2026-05-18T12:06:45Z,36895,22.703,1024,2048,1024,1,7344,184624,183600,184637,183613,0,0,0,0
2026-05-18T12:07:46Z,36956,22.703,1024,2048,1024,1,7356,184924,183900,184937,183913,0,0,0,0
2026-05-18T12:08:47Z,37016,22.703,1024,2048,1024,1,7368,185224,184200,185237,184213,0,0,0,0
2026-05-18T12:09:47Z,37077,22.703,1024,2048,1024,1,7380,185524,184500,185537,184513,0,0,0,0
2026-05-18T12:10:47Z,37137,22.703,1024,2048,1024,1,7392,185824,184800,185837,184813,0,0,0,0
2026-05-18T12:11:47Z,37197,22.703,1024,2048,1024,1,7404,186124,185100,186137,185113,0,0,0,0
2026-05-18T12:12:48Z,37258,22.703,1024,2048,1024,1,7416,186424,185400,186437,185413,0,0,0,0
2026-05-18T12:13:49Z,37318,22.703,1024,2048,1024,1,7428,186724,185700,186737,185713,0,0,0,0
2026-05-18T12:14:49Z,37379,22.703,1024,2048,1024,1,7440,187024,186000,187037,186013,0,0,0,0
2026-05-18T12:15:49Z,37439,22.703,1024,2048,1024,1,7452,187324,186300,187337,186313,0,0,0,0
2026-05-18T12:16:50Z,37499,22.703,1024,2048,1024,1,7464,187624,186600,187637,186613,0,0,0,0
2026-05-18T12:17:50Z,37560,22.703,1024,2048,1024,1,7476,187924,186900,187937,186913,0,0,0,0
2026-05-18T12:18:50Z,37620,22.703,1024,2048,1024,1,7488,188224,187200,188237,187213,0,0,0,0
2026-05-18T12:19:50Z,37680,22.703,1024,2048,1024,1,7500,188524,187500,188537,187513,0,0,0,0
2026-05-18T12:20:51Z,37740,22.703,1024,2048,1024,1,7512,188824,187800,188837,187813,0,0,0,0
2026-05-18T12:21:51Z,37800,22.703,1024,2048,1024,1,7524,189124,188100,189137,188113,0,0,0,0
2026-05-18T12:22:51Z,37860,22.703,1024,2048,1024,1,7536,189424,188400,189437,188413,0,0,0,0
2026-05-18T12:23:52Z,37921,22.703,1024,2048,1024,1,7548,189724,188700,189737,188713,0,0,0,0
2026-05-18T12:24:52Z,37982,22.703,1024,2048,1024,1,7560,190024,189000,190037,189013,0,0,0,0
2026-05-18T12:25:53Z,38042,22.703,1024,2048,1024,1,7572,190324,189300,190337,189313,0,0,0,0
2026-05-18T12:26:53Z,38103,22.703,1024,2048,1024,1,7584,190624,189600,190637,189613,0,0,0,0
2026-05-18T12:27:53Z,38163,22.703,1024,2048,1024,1,7596,190924,189900,190937,189913,0,0,0,0
2026-05-18T12:28:54Z,38223,22.703,1024,2048,1024,1,7608,191224,190200,191237,190213,0,0,0,0
2026-05-18T12:29:54Z,38284,22.703,1024,2048,1024,1,7620,191524,190500,191537,190513,0,0,0,0
2026-05-18T12:30:54Z,38344,22.703,1024,2048,1024,1,7632,191824,190800,191837,190813,0,0,0,0
2026-05-18T12:31:54Z,38404,22.703,1024,2048,1024,1,7644,192124,191100,192137,191113,0,0,0,0
2026-05-18T12:32:54Z,38464,22.703,1024,2048,1024,1,7656,192424,191400,192437,191413,0,0,0,0
2026-05-18T12:33:54Z,38524,22.703,1024,2048,1024,1,7668,192724,191700,192737,191713,0,0,0,0
2026-05-18T12:34:54Z,38584,22.703,1024,2048,1024,1,7680,193024,192000,193037,192013,0,0,0,0
2026-05-18T12:35:54Z,38644,22.703,1024,2048,1024,1,7692,193324,192300,193337,192313,0,0,0,0
2026-05-18T12:36:54Z,38704,22.703,1024,2048,1024,1,7704,193624,192600,193637,192613,0,0,0,0
2026-05-18T12:37:54Z,38764,22.703,1024,2048,1024,1,7716,193924,192900,193937,192913,0,0,0,0
2026-05-18T12:38:54Z,38824,22.703,1024,2048,1024,1,7728,194224,193200,194237,193213,0,0,0,0
2026-05-18T12:39:54Z,38884,22.703,1024,2048,1024,1,7740,194524,193500,194537,193513,0,0,0,0
2026-05-18T12:40:54Z,38944,22.703,1024,2048,1024,1,7752,194824,193800,194837,193813,0,0,0,0
2026-05-18T12:41:55Z,39004,22.703,1024,2048,1024,1,7764,195124,194100,195137,194113,0,0,0,0
2026-05-18T12:42:55Z,39065,22.703,1024,2048,1024,1,7776,195424,194400,195437,194413,0,0,0,0
2026-05-18T12:43:55Z,39125,22.703,1024,2048,1024,1,7788,195724,194700,195737,194713,0,0,0,0
2026-05-18T12:44:55Z,39185,22.703,1024,2048,1024,1,7800,196024,195000,196037,195013,0,0,0,0
2026-05-18T12:45:55Z,39245,22.703,1024,2048,1024,1,7812,196324,195300,196337,195313,0,0,0,0
2026-05-18T12:46:55Z,39305,22.703,1024,2048,1024,1,7824,196624,195600,196637,195613,0,0,0,0
2026-05-18T12:47:55Z,39365,22.703,1024,2048,1024,1,7836,196924,195900,196937,195913,0,0,0,0
2026-05-18T12:48:55Z,39425,22.703,1024,2048,1024,1,7848,197224,196200,197237,196213,0,0,0,0
2026-05-18T12:49:55Z,39485,22.703,1024,2048,1024,1,7860,197524,196500,197537,196513,0,0,0,0
2026-05-18T12:50:55Z,39545,22.703,1024,2048,1024,1,7872,197824,196800,197837,196813,0,0,0,0
2026-05-18T12:51:55Z,39605,22.703,1024,2048,1024,1,7884,198124,197100,198137,197113,0,0,0,0
2026-05-18T12:52:55Z,39665,22.703,1024,2048,1024,1,7896,198424,197400,198437,197413,0,0,0,0
2026-05-18T12:53:56Z,39725,22.703,1024,2048,1024,1,7908,198724,197700,198737,197713,0,0,0,0
2026-05-18T12:54:56Z,39786,22.703,1024,2048,1024,1,7920,199024,198000,199037,198013,0,0,0,0
2026-05-18T12:55:56Z,39846,22.703,1024,2048,1024,1,7932,199324,198300,199337,198313,0,0,0,0
2026-05-18T12:56:56Z,39906,22.703,1024,2048,1024,1,7944,199624,198600,199637,198613,0,0,0,0
2026-05-18T12:57:56Z,39966,22.703,1024,2048,1024,1,7956,199924,198900,199937,198913,0,0,0,0
2026-05-18T12:58:56Z,40026,22.703,1024,2048,1024,1,7968,200224,199200,200237,199213,0,0,0,0
2026-05-18T12:59:57Z,40086,22.703,1024,2048,1024,1,7980,200524,199500,200537,199513,0,0,0,0
2026-05-18T13:00:57Z,40147,22.703,1024,2048,1024,1,7992,200824,199800,200837,199813,0,0,0,0
2026-05-18T13:01:58Z,40207,22.703,1024,2048,1024,1,8004,201124,200100,201138,200113,0,0,0,0
2026-05-18T13:02:58Z,40268,22.703,1024,2048,1024,1,8016,201424,200400,201438,200413,0,0,0,0
2026-05-18T13:03:58Z,40328,22.703,1024,2048,1024,1,8028,201724,200700,201738,200713,0,0,0,0
2026-05-18T13:04:59Z,40389,22.703,1024,2048,1024,1,8040,202024,201000,202038,201013,0,0,0,0
2026-05-18T13:06:00Z,40449,22.703,1024,2048,1024,1,8052,202324,201300,202338,201313,0,0,0,0
2026-05-18T13:07:00Z,40510,22.703,1024,2048,1024,1,8064,202624,201600,202638,201614,0,0,0,0
2026-05-18T13:08:00Z,40570,22.703,1024,2048,1024,1,8076,202924,201900,202938,201914,0,0,0,0
2026-05-18T13:09:00Z,40630,22.703,1024,2048,1024,1,8088,203224,202200,203238,202214,0,0,0,0
2026-05-18T13:10:00Z,40690,22.703,1024,2048,1024,1,8100,203524,202500,203538,202514,0,0,0,0
2026-05-18T13:11:00Z,40750,22.703,1024,2048,1024,1,8112,203824,202800,203838,202814,0,0,0,0
2026-05-18T13:12:00Z,40810,22.703,1024,2048,1024,1,8124,204124,203100,204138,203114,0,0,0,0
2026-05-18T13:13:00Z,40870,22.703,1024,2048,1024,1,8136,204424,203400,204438,203414,0,0,0,0
2026-05-18T13:14:00Z,40930,22.703,1024,2048,1024,1,8148,204724,203700,204738,203714,0,0,0,0
2026-05-18T13:15:01Z,40991,22.703,1024,2048,1024,1,8160,205024,204000,205038,204014,0,0,0,0
2026-05-18T13:16:01Z,41051,22.703,1024,2048,1024,1,8172,205324,204300,205338,204314,0,0,0,0
2026-05-18T13:17:02Z,41111,22.703,1024,2048,1024,1,8184,205624,204600,205638,204614,0,0,0,0
2026-05-18T13:18:02Z,41172,22.703,1024,2048,1024,1,8196,205924,204900,205938,204914,0,0,0,0
2026-05-18T13:19:02Z,41232,22.703,1024,2048,1024,1,8208,206224,205200,206238,205214,0,0,0,0
2026-05-18T13:20:02Z,41292,22.703,1024,2048,1024,1,8220,206524,205500,206538,205514,0,0,0,0
2026-05-18T13:21:14Z,41364,22.703,1024,2048,1024,1,8233,206849,205825,206863,205839,0,0,0,0
2026-05-18T13:22:09Z,41419,22.703,1024,2048,1024,1,8244,207124,206100,207138,206114,0,0,0,0
2026-05-18T13:23:09Z,41479,22.703,1024,2048,1024,1,8256,207424,206400,207438,206414,0,0,0,0
2026-05-18T13:24:09Z,41539,22.703,1024,2048,1024,1,8268,207724,206700,207738,206714,0,0,0,0
2026-05-18T13:25:10Z,41599,22.703,1024,2048,1024,1,8280,208024,207000,208038,207014,0,0,0,0
2026-05-18T13:26:10Z,41659,22.703,1024,2048,1024,1,8292,208324,207300,208338,207314,0,0,0,0
2026-05-18T13:27:10Z,41720,22.703,1024,2048,1024,1,8304,208624,207600,208638,207614,0,0,0,0
2026-05-18T13:28:10Z,41780,22.703,1024,2048,1024,1,8316,208924,207900,208938,207914,0,0,0,0
2026-05-18T13:29:11Z,41840,22.703,1024,2048,1024,1,8328,209224,208200,209238,208214,0,0,0,0
2026-05-18T13:30:11Z,41901,22.703,1024,2048,1024,1,8340,209524,208500,209538,208514,0,0,0,0
2026-05-18T13:31:11Z,41961,22.703,1024,2048,1024,1,8352,209824,208800,209838,208814,0,0,0,0
2026-05-18T13:32:11Z,42021,22.703,1024,2048,1024,1,8364,210124,209100,210138,209114,0,0,0,0
2026-05-18T13:33:11Z,42081,22.703,1024,2048,1024,1,8376,210424,209400,210438,209414,0,0,0,0
2026-05-18T13:34:11Z,42141,22.703,1024,2048,1024,1,8388,210724,209700,210738,209714,0,0,0,0
2026-05-18T13:35:11Z,42201,22.703,1024,2048,1024,1,8400,211024,210000,211038,210014,0,0,0,0
2026-05-18T13:36:11Z,42261,22.703,1024,2048,1024,1,8412,211324,210300,211338,210314,0,0,0,0
2026-05-18T13:37:11Z,42321,22.703,1024,2048,1024,1,8424,211624,210600,211638,210614,0,0,0,0
2026-05-18T13:38:11Z,42381,22.703,1024,2048,1024,1,8436,211924,210900,211938,210914,0,0,0,0
2026-05-18T13:39:11Z,42441,22.703,1024,2048,1024,1,8448,212224,211200,212238,211214,0,0,0,0
2026-05-18T13:40:11Z,42501,22.703,1024,2048,1024,1,8460,212524,211500,212538,211514,0,0,0,0
2026-05-18T13:41:11Z,42561,22.703,1024,2048,1024,1,8472,212824,211800,212838,211814,0,0,0,0
2026-05-18T13:42:11Z,42621,22.703,1024,2048,1024,1,8484,213124,212100,213138,212114,0,0,0,0
2026-05-18T13:43:12Z,42681,22.703,1024,2048,1024,1,8496,213424,212400,213438,212414,0,0,0,0
2026-05-18T13:44:12Z,42742,22.703,1024,2048,1024,1,8508,213724,212700,213738,212714,0,0,0,0
2026-05-18T13:45:12Z,42802,22.703,1024,2048,1024,1,8520,214024,213000,214038,213014,0,0,0,0
2026-05-18T13:46:12Z,42862,22.703,1024,2048,1024,1,8532,214324,213300,214338,213314,0,0,0,0
2026-05-18T13:47:12Z,42922,22.703,1024,2048,1024,1,8544,214624,213600,214638,213614,0,0,0,0
2026-05-18T13:48:12Z,42982,22.703,1024,2048,1024,1,8556,214924,213900,214938,213914,0,0,0,0
2026-05-18T13:49:12Z,43042,22.703,1024,2048,1024,1,8568,215224,214200,215238,214214,0,0,0,0
2026-05-18T13:50:12Z,43102,22.703,1024,2048,1024,1,8580,215524,214500,215538,214514,0,0,0,0
2026-05-18T13:51:15Z,43165,22.703,1024,2048,1024,1,8591,215799,214775,215813,214789,0,0,0,0
2026-05-18T13:52:16Z,43225,22.703,1024,2048,1024,1,8603,216099,215075,216113,215089,0,0,0,0
2026-05-18T13:53:15Z,43285,22.703,1024,2048,1024,1,8615,216399,215375,216413,215389,0,0,0,0
2026-05-18T13:54:15Z,43345,22.703,1024,2048,1024,1,8627,216699,215675,216713,215689,0,0,0,0
2026-05-18T13:55:15Z,43405,22.703,1024,2048,1024,1,8639,216999,215975,217013,215989,0,0,0,0
2026-05-18T13:56:15Z,43464,22.703,1024,2048,1024,1,8651,217299,216275,217313,216289,0,0,0,0
2026-05-18T13:57:15Z,43525,22.703,1024,2048,1024,1,8663,217599,216575,217613,216589,0,0,0,0
2026-05-18T13:58:16Z,43585,22.703,1024,2048,1024,1,8675,217899,216875,217913,216889,0,0,0,0
2026-05-18T13:59:15Z,43644,22.703,1024,2048,1024,1,8687,218199,217175,218213,217189,0,0,0,0
2026-05-18T14:00:15Z,43705,22.703,1024,2048,1024,1,8699,218499,217475,218513,217489,0,0,0,0
2026-05-18T14:01:15Z,43764,22.703,1024,2048,1024,1,8711,218799,217775,218814,217789,0,0,0,0
2026-05-18T14:02:15Z,43825,22.703,1024,2048,1024,1,8723,219099,218075,219114,218089,0,0,0,0
2026-05-18T14:03:15Z,43884,22.957,1024,2048,1024,1,8735,219399,218375,219414,218389,0,0,0,0
2026-05-18T14:04:15Z,43944,22.957,1024,2048,1024,1,8747,219699,218675,219714,218689,0,0,0,0
2026-05-18T14:05:16Z,44005,22.957,1024,2048,1024,1,8759,219999,218975,220014,218989,0,0,0,0
2026-05-18T14:06:14Z,44064,22.957,1024,2048,1024,1,8769,220249,219225,220264,219240,0,0,0,0
2026-05-18T14:07:15Z,44124,22.957,1024,2048,1024,1,8781,220549,219525,220564,219540,0,0,0,0
2026-05-18T14:08:15Z,44185,23.211,1024,2048,1024,1,8793,220849,219825,220864,219840,0,0,0,0
2026-05-18T14:09:16Z,44245,23.211,1024,2048,1024,1,8805,221149,220125,221164,220140,0,0,0,0
2026-05-18T14:10:16Z,44306,23.211,1024,2048,1024,1,8817,221449,220425,221464,220440,0,0,0,0
2026-05-18T14:11:16Z,44366,23.469,1024,2048,1024,1,8829,221749,220725,221764,220740,0,0,0,0
2026-05-18T14:12:16Z,44426,23.469,1024,2048,1024,1,8841,222049,221025,222064,221040,0,0,0,0
2026-05-18T14:13:17Z,44486,23.469,1024,2048,1024,1,8853,222349,221325,222364,221340,0,0,0,0
2026-05-18T14:14:17Z,44546,23.469,1024,2048,1024,1,8865,222649,221625,222664,221640,0,0,0,0
2026-05-18T14:15:17Z,44607,23.469,1024,2048,1024,1,8877,222949,221925,222964,221940,0,0,0,0
2026-05-18T14:16:17Z,44667,23.469,1024,2048,1024,1,8889,223249,222225,223264,222240,0,0,0,0
2026-05-18T14:17:18Z,44727,23.469,1024,2048,1024,1,8901,223549,222525,223564,222540,0,0,0,0
2026-05-18T14:18:18Z,44788,23.469,1024,2048,1024,1,8913,223849,222825,223864,222840,0,0,0,0
2026-05-18T14:19:18Z,44848,23.469,1024,2048,1024,1,8925,224149,223125,224164,223140,0,0,0,0
2026-05-18T14:20:18Z,44908,23.469,1024,2048,1024,1,8937,224449,223425,224464,223440,0,0,0,0
2026-05-18T14:21:19Z,44968,23.469,1024,2048,1024,1,8949,224749,223725,224764,223740,0,0,0,0
2026-05-18T14:22:19Z,45029,23.469,1024,2048,1024,1,8961,225049,224025,225064,224040,0,0,0,0
2026-05-18T14:23:19Z,45089,23.469,1024,2048,1024,1,8973,225349,224325,225364,224340,0,0,0,0
2026-05-18T14:24:19Z,45149,23.469,1024,2048,1024,1,8985,225649,224625,225664,224640,0,0,0,0
2026-05-18T14:25:23Z,45213,23.469,1024,2048,1024,1,8998,225974,224950,225989,224965,0,0,0,0
2026-05-18T14:26:24Z,45273,23.469,1024,2048,1024,1,9010,226274,225250,226289,225265,0,0,0,0
2026-05-18T14:27:24Z,45333,23.469,1024,2048,1024,1,9020,226524,225500,226539,225515,0,0,0,0
2026-05-18T14:28:24Z,45394,23.469,1024,2048,1024,1,9032,226824,225800,226839,225815,0,0,0,0
2026-05-18T14:29:25Z,45454,23.469,1024,2048,1024,1,9044,227124,226100,227139,226115,0,0,0,0
2026-05-18T14:30:25Z,45515,23.469,1024,2048,1024,1,9056,227424,226400,227439,226415,0,0,0,0
2026-05-18T14:31:25Z,45575,23.469,1024,2048,1024,1,9068,227724,226700,227739,226715,0,0,0,0
2026-05-18T14:32:25Z,45635,23.469,1024,2048,1024,1,9080,228024,227000,228039,227015,0,0,0,0
2026-05-18T14:33:25Z,45695,23.469,1024,2048,1024,1,9092,228324,227300,228339,227315,0,0,0,0
2026-05-18T14:34:25Z,45755,23.469,1024,2048,1024,1,9104,228624,227600,228639,227615,0,0,0,0
2026-05-18T14:35:25Z,45815,23.469,1024,2048,1024,1,9116,228924,227900,228939,227915,0,0,0,0
2026-05-18T14:36:28Z,45878,23.469,1024,2048,1024,1,9128,229224,228200,229239,228215,0,0,0,0
2026-05-18T14:37:28Z,45938,23.469,1024,2048,1024,1,9140,229524,228500,229539,228515,0,0,0,0
2026-05-18T14:38:25Z,45995,23.469,1024,2048,1024,1,9151,229799,228775,229814,228790,0,0,0,0
2026-05-18T14:39:25Z,46055,23.469,1024,2048,1024,1,9163,230099,229075,230114,229090,0,0,0,0
2026-05-18T14:40:26Z,46115,23.469,1024,2048,1024,1,9175,230399,229375,230414,229390,0,0,0,0
2026-05-18T14:41:26Z,46176,23.469,1024,2048,1024,1,9187,230699,229675,230714,229690,0,0,0,0
2026-05-18T14:42:26Z,46236,23.469,1024,2048,1024,1,9199,230999,229975,231014,229990,0,0,0,0
2026-05-18T14:43:26Z,46296,23.469,1024,2048,1024,1,9211,231299,230275,231314,230290,0,0,0,0
2026-05-18T14:44:29Z,46359,23.469,1024,2048,1024,1,9223,231599,230575,231614,230590,0,0,0,0
2026-05-18T14:45:29Z,46419,23.469,1024,2048,1024,1,9235,231899,230875,231914,230890,0,0,0,0
2026-05-18T14:46:29Z,46478,23.469,1024,2048,1024,1,9247,232199,231175,232214,231190,0,0,0,0
2026-05-18T14:47:29Z,46539,23.469,1024,2048,1024,1,9259,232499,231475,232514,231490,0,0,0,0
2026-05-18T14:48:29Z,46599,23.469,1024,2048,1024,1,9271,232799,231775,232814,231790,0,0,0,0
2026-05-18T14:49:29Z,46659,23.469,1024,2048,1024,1,9283,233099,232075,233114,232090,0,0,0,0
2026-05-18T14:50:29Z,46719,23.469,1024,2048,1024,1,9295,233399,232375,233414,232390,0,0,0,0
2026-05-18T14:51:29Z,46779,23.469,1024,2048,1024,1,9307,233699,232675,233714,232690,0,0,0,0
2026-05-18T14:52:34Z,46843,23.469,1024,2048,1024,1,9319,233999,232975,234014,232990,0,0,0,0
2026-05-18T14:53:34Z,46903,23.469,1024,2048,1024,1,9331,234299,233275,234314,233290,0,0,0,0
2026-05-18T14:54:33Z,46963,23.469,1024,2048,1024,1,9343,234599,233575,234614,233590,0,0,0,0
2026-05-18T14:55:33Z,47023,23.469,1024,2048,1024,1,9355,234899,233875,234915,233890,0,0,0,0
2026-05-18T14:56:33Z,47083,23.469,1024,2048,1024,1,9367,235199,234175,235215,234190,0,0,0,0
2026-05-18T14:57:33Z,47143,23.469,1024,2048,1024,1,9379,235499,234475,235515,234490,0,0,0,0
2026-05-18T14:58:33Z,47203,23.469,1024,2048,1024,1,9391,235799,234775,235815,234790,0,0,0,0
2026-05-18T14:59:33Z,47263,23.469,1024,2048,1024,1,9403,236099,235075,236115,235090,0,0,0,0
2026-05-18T15:00:33Z,47322,23.469,1024,2048,1024,1,9415,236399,235375,236415,235391,0,0,0,0
2026-05-18T15:01:33Z,47382,23.469,1024,2048,1024,1,9427,236699,235675,236715,235691,0,0,0,0
2026-05-18T15:02:33Z,47443,23.469,1024,2048,1024,1,9439,236999,235975,237015,235991,0,0,0,0
2026-05-18T15:03:33Z,47503,23.469,1024,2048,1024,1,9451,237299,236275,237315,236291,0,0,0,0
2026-05-18T15:04:33Z,47563,23.469,1024,2048,1024,1,9463,237599,236575,237615,236591,0,0,0,0
2026-05-18T15:05:33Z,47623,23.469,1024,2048,1024,1,9475,237899,236875,237915,236891,0,0,0,0
2026-05-18T15:06:33Z,47682,23.469,1024,2048,1024,1,9487,238199,237175,238215,237191,0,0,0,0
2026-05-18T15:07:33Z,47743,23.469,1024,2048,1024,1,9499,238499,237475,238515,237491,0,0,0,0
2026-05-18T15:08:33Z,47803,23.469,1024,2048,1024,1,9511,238799,237775,238815,237791,0,0,0,0
2026-05-18T15:09:33Z,47862,23.469,1024,2048,1024,1,9523,239099,238075,239115,238091,0,0,0,0
2026-05-18T15:10:33Z,47923,23.469,1024,2048,1024,1,9535,239399,238375,239415,238391,0,0,0,0
2026-05-18T15:11:33Z,47983,23.469,1024,2048,1024,1,9547,239699,238675,239715,238691,0,0,0,0
2026-05-18T15:12:32Z,48042,23.469,1024,2048,1024,1,9559,239999,238975,240015,238991,0,0,0,0
2026-05-18T15:13:33Z,48102,23.469,1024,2048,1024,1,9571,240299,239275,240315,239291,0,0,0,0
2026-05-18T15:14:33Z,48162,23.469,1024,2048,1024,1,9583,240599,239575,240615,239591,0,0,0,0
2026-05-18T15:15:33Z,48223,23.469,1024,2048,1024,1,9595,240899,239875,240915,239891,0,0,0,0
2026-05-18T15:16:33Z,48282,23.469,1024,2048,1024,1,9607,241199,240175,241215,240191,0,0,0,0
2026-05-18T15:17:33Z,48343,23.469,1024,2048,1024,1,9619,241499,240475,241515,240491,0,0,0,0
2026-05-18T15:18:33Z,48402,23.469,1024,2048,1024,1,9631,241799,240775,241815,240791,0,0,0,0
2026-05-18T15:19:33Z,48463,23.469,1024,2048,1024,1,9643,242099,241075,242115,241091,0,0,0,0
2026-05-18T15:20:33Z,48523,23.469,1024,2048,1024,1,9655,242399,241375,242415,241391,0,0,0,0
2026-05-18T15:21:33Z,48583,23.469,1024,2048,1024,1,9667,242699,241675,242715,241691,0,0,0,0
2026-05-18T15:22:33Z,48643,23.469,1024,2048,1024,1,9679,242999,241975,243015,241991,0,0,0,0
2026-05-18T15:23:33Z,48703,23.469,1024,2048,1024,1,9691,243299,242275,243315,242291,0,0,0,0
2026-05-18T15:24:33Z,48762,23.469,1024,2048,1024,1,9703,243599,242575,243615,242591,0,0,0,0
2026-05-18T15:25:33Z,48823,23.469,1024,2048,1024,1,9715,243899,242875,243915,242891,0,0,0,0
2026-05-18T15:26:33Z,48882,23.469,1024,2048,1024,1,9727,244199,243175,244215,243191,0,0,0,0
2026-05-18T15:27:33Z,48943,23.469,1024,2048,1024,1,9739,244499,243475,244515,243491,0,0,0,0
2026-05-18T15:28:32Z,49002,23.469,1024,2048,1024,1,9751,244799,243775,244815,243791,0,0,0,0
2026-05-18T15:29:33Z,49062,23.469,1024,2048,1024,1,9763,245099,244075,245115,244091,0,0,0,0
2026-05-18T15:30:30Z,49120,23.469,1024,2048,1024,1,9774,245374,244350,245390,244366,0,0,0,0
2026-05-18T15:31:31Z,49180,23.469,1024,2048,1024,1,9786,245674,244650,245690,244666,0,0,0,0
2026-05-18T15:32:31Z,49241,23.469,1024,2048,1024,1,9798,245974,244950,245990,244966,0,0,0,0
2026-05-18T15:33:32Z,49302,23.469,1024,2048,1024,1,9810,246274,245250,246290,245266,0,0,0,0
2026-05-18T15:34:33Z,49362,23.469,1024,2048,1024,1,9822,246574,245550,246590,245566,0,0,0,0
2026-05-18T15:35:32Z,49422,23.469,1024,2048,1024,1,9834,246874,245850,246890,245866,0,0,0,0
2026-05-18T15:36:33Z,49482,23.469,1024,2048,1024,1,9846,247174,246150,247190,246166,0,0,0,0
2026-05-18T15:37:33Z,49542,23.469,1024,2048,1024,1,9858,247474,246450,247490,246466,0,0,0,0
2026-05-18T15:38:32Z,49602,23.469,1024,2048,1024,1,9870,247774,246750,247790,246766,0,0,0,0
2026-05-18T15:39:33Z,49663,23.469,1024,2048,1024,1,9882,248074,247050,248090,247066,0,0,0,0
2026-05-18T15:40:33Z,49723,23.469,1024,2048,1024,1,9894,248374,247350,248390,247366,0,0,0,0
2026-05-18T15:41:34Z,49783,23.469,1024,2048,1024,1,9906,248674,247650,248690,247666,0,0,0,0
2026-05-18T15:42:34Z,49843,23.469,1024,2048,1024,1,9918,248974,247950,248990,247966,0,0,0,0
2026-05-18T15:43:34Z,49904,23.469,1024,2048,1024,1,9930,249274,248250,249290,248266,0,0,0,0
2026-05-18T15:44:35Z,49964,23.469,1024,2048,1024,1,9942,249574,248550,249590,248566,0,0,0,0
2026-05-18T15:45:35Z,50024,23.469,1024,2048,1024,1,9954,249874,248850,249890,248866,0,0,0,0
2026-05-18T15:46:35Z,50084,23.469,1024,2048,1024,1,9966,250174,249150,250190,249166,0,0,0,0
2026-05-18T15:47:37Z,50147,23.469,1024,2048,1024,1,9977,250449,249425,250465,249441,0,0,0,0
2026-05-18T15:48:37Z,50207,23.469,1024,2048,1024,1,9989,250749,249725,250765,249741,0,0,0,0
2026-05-18T15:49:37Z,50267,23.469,1024,2048,1024,1,10001,251049,250025,251065,250041,0,0,0,0
2026-05-18T15:50:38Z,50327,23.469,1024,2048,1024,1,10013,251349,250325,251365,250341,0,0,0,0
2026-05-18T15:51:38Z,50388,23.469,1024,2048,1024,1,10025,251649,250625,251665,250641,0,0,0,0
2026-05-18T15:52:38Z,50448,23.469,1024,2048,1024,1,10037,251949,250925,251965,250941,0,0,0,0
2026-05-18T15:53:38Z,50508,23.469,1024,2048,1024,1,10049,252249,251225,252265,251241,0,0,0,0
2026-05-18T15:54:38Z,50568,23.469,1024,2048,1024,1,10061,252549,251525,252565,251541,0,0,0,0
2026-05-18T15:55:39Z,50628,23.469,1024,2048,1024,1,10073,252849,251825,252865,251841,0,0,0,0
2026-05-18T15:56:39Z,50689,23.469,1024,2048,1024,1,10085,253149,252125,253165,252141,0,0,0,0
2026-05-18T15:57:39Z,50749,23.469,1024,2048,1024,1,10097,253449,252425,253465,252441,0,0,0,0
2026-05-18T15:58:39Z,50809,23.469,1024,2048,1024,1,10109,253749,252725,253766,252741,0,0,0,0
2026-05-18T15:59:39Z,50869,23.469,1024,2048,1024,1,10121,254049,253025,254066,253041,0,0,0,0
2026-05-18T16:00:39Z,50929,23.469,1024,2048,1024,1,10133,254349,253325,254366,253341,0,0,0,0
2026-05-18T16:01:39Z,50989,23.469,1024,2048,1024,1,10145,254649,253625,254666,253641,0,0,0,0
2026-05-18T16:02:39Z,51049,23.469,1024,2048,1024,1,10157,254949,253925,254966,253941,0,0,0,0
2026-05-18T16:03:39Z,51109,23.469,1024,2048,1024,1,10169,255249,254225,255266,254242,0,0,0,0
2026-05-18T16:04:39Z,51169,23.469,1024,2048,1024,1,10181,255549,254525,255566,254542,0,0,0,0
2026-05-18T16:05:39Z,51229,23.469,1024,2048,1024,1,10193,255849,254825,255866,254842,0,0,0,0
2026-05-18T16:06:40Z,51289,23.469,1024,2048,1024,1,10205,256149,255125,256166,255142,0,0,0,0
2026-05-18T16:07:40Z,51349,23.469,1024,2048,1024,1,10217,256449,255425,256466,255442,0,0,0,0
2026-05-18T16:08:40Z,51410,23.469,1024,2048,1024,1,10229,256749,255725,256766,255742,0,0,0,0
2026-05-18T16:09:41Z,51470,23.469,1024,2048,1024,1,10241,257049,256025,257066,256042,0,0,0,0
2026-05-18T16:10:41Z,51531,23.469,1024,2048,1024,1,10253,257349,256325,257366,256342,0,0,0,0
2026-05-18T16:11:41Z,51591,23.469,1024,2048,1024,1,10265,257649,256625,257666,256642,0,0,0,0
2026-05-18T16:12:42Z,51651,23.469,1024,2048,1024,1,10277,257949,256925,257966,256942,0,0,0,0
2026-05-18T16:13:42Z,51712,23.469,1024,2048,1024,1,10289,258249,257225,258266,257242,0,0,0,0
2026-05-18T16:14:42Z,51772,23.469,1024,2048,1024,1,10301,258549,257525,258566,257542,0,0,0,0
2026-05-18T16:15:47Z,51837,23.469,1024,2048,1024,1,10313,258849,257825,258866,257842,0,0,0,0
2026-05-18T16:16:47Z,51897,23.469,1024,2048,1024,1,10325,259149,258125,259166,258142,0,0,0,0
2026-05-18T16:17:47Z,51957,23.469,1024,2048,1024,1,10337,259449,258425,259466,258442,0,0,0,0
2026-05-18T16:18:47Z,52017,23.469,1024,2048,1024,1,10349,259749,258725,259766,258742,0,0,0,0
2026-05-18T16:19:45Z,52075,23.469,1024,2048,1024,1,10360,260024,259000,260041,259017,0,0,0,0
2026-05-18T16:20:45Z,52135,23.469,1024,2048,1024,1,10372,260324,259300,260341,259317,0,0,0,0
2026-05-18T16:21:45Z,52195,23.469,1024,2048,1024,1,10384,260624,259600,260641,259617,0,0,0,0
2026-05-18T16:22:46Z,52255,23.469,1024,2048,1024,1,10396,260924,259900,260941,259917,0,0,0,0
2026-05-18T16:23:46Z,52316,23.469,1024,2048,1024,1,10408,261224,260200,261241,260217,0,0,0,0
2026-05-18T16:24:49Z,52379,23.469,1024,2048,1024,1,10420,261524,260500,261541,260517,0,0,0,0
2026-05-18T16:25:46Z,52436,23.469,1024,2048,1024,1,10431,261799,260775,261816,260792,0,0,0,0
2026-05-18T16:26:46Z,52496,23.469,1024,2048,1024,1,10443,262099,261075,262116,261092,0,0,0,0
2026-05-18T16:27:46Z,52556,23.469,1024,2048,1024,1,10455,262399,261375,262416,261392,0,0,0,0
2026-05-18T16:28:46Z,52616,23.469,1024,2048,1024,1,10467,262699,261675,262716,261692,0,0,0,0
2026-05-18T16:29:46Z,52676,23.469,1024,2048,1024,1,10479,262999,261975,263016,261992,0,0,0,0
2026-05-18T16:30:46Z,52736,23.469,1024,2048,1024,1,10491,263299,262275,263316,262292,0,0,0,0
2026-05-18T16:31:59Z,52809,23.469,1024,2048,1024,1,10504,263624,262600,263641,262617,0,0,0,0
2026-05-18T16:32:57Z,52866,23.469,1024,2048,1024,1,10515,263899,262875,263916,262892,0,0,0,0
2026-05-18T16:33:56Z,52926,23.469,1024,2048,1024,1,10527,264199,263175,264216,263192,0,0,0,0
2026-05-18T16:34:56Z,52986,23.469,1024,2048,1024,1,10539,264499,263475,264516,263492,0,0,0,0
2026-05-18T16:35:56Z,53045,23.469,1024,2048,1024,1,10551,264799,263775,264816,263792,0,0,0,0
2026-05-18T16:36:56Z,53106,23.469,1024,2048,1024,1,10563,265099,264075,265116,264092,0,0,0,0
2026-05-18T16:37:56Z,53165,23.469,1024,2048,1024,1,10575,265399,264375,265416,264392,0,0,0,0
2026-05-18T16:38:53Z,53223,23.469,1024,2048,1024,1,10586,265674,264650,265691,264667,0,0,0,0
2026-05-18T16:39:54Z,53284,23.469,1024,2048,1024,1,10598,265974,264950,265991,264967,0,0,0,0
2026-05-18T16:40:54Z,53344,23.469,1024,2048,1024,1,10610,266274,265250,266291,265267,0,0,0,0
2026-05-18T16:41:54Z,53404,23.469,1024,2048,1024,1,10622,266574,265550,266591,265567,0,0,0,0
2026-05-18T16:42:55Z,53464,23.469,1024,2048,1024,1,10634,266874,265850,266891,265867,0,0,0,0
2026-05-18T16:43:55Z,53525,23.469,1024,2048,1024,1,10646,267174,266150,267191,266167,0,0,0,0
2026-05-18T16:44:56Z,53585,23.469,1024,2048,1024,1,10658,267474,266450,267491,266467,0,0,0,0
2026-05-18T16:45:55Z,53645,23.469,1024,2048,1024,1,10670,267774,266750,267791,266767,0,0,0,0
2026-05-18T16:46:57Z,53706,23.469,1024,2048,1024,1,10682,268074,267050,268091,267067,0,0,0,0
2026-05-18T16:47:57Z,53767,23.469,1024,2048,1024,1,10694,268374,267350,268391,267367,0,0,0,0
2026-05-18T16:48:57Z,53827,23.469,1024,2048,1024,1,10706,268674,267650,268691,267667,0,0,0,0
2026-05-18T16:49:58Z,53887,23.469,1024,2048,1024,1,10718,268974,267950,268991,267967,0,0,0,0
2026-05-18T16:50:58Z,53948,23.469,1024,2048,1024,1,10730,269274,268250,269291,268267,0,0,0,0
2026-05-18T16:51:59Z,54008,23.469,1024,2048,1024,1,10742,269574,268550,269591,268567,0,0,0,0
2026-05-18T16:52:59Z,54069,23.469,1024,2048,1024,1,10754,269874,268850,269891,268867,0,0,0,0
2026-05-18T16:53:59Z,54129,23.469,1024,2048,1024,1,10766,270174,269150,270191,269167,0,0,0,0
2026-05-18T16:55:03Z,54193,23.469,1024,2048,1024,1,10777,270449,269425,270466,269442,0,0,0,0
2026-05-18T16:56:02Z,54252,23.469,1024,2048,1024,1,10789,270749,269725,270766,269742,0,0,0,0
2026-05-18T16:57:02Z,54311,23.469,1024,2048,1024,1,10801,271049,270025,271066,270042,0,0,0,0
2026-05-18T16:58:02Z,54372,23.469,1024,2048,1024,1,10813,271349,270325,271367,270342,0,0,0,0
2026-05-18T16:59:02Z,54432,23.469,1024,2048,1024,1,10825,271649,270625,271667,270642,0,0,0,0
2026-05-18T17:00:02Z,54492,23.469,1024,2048,1024,1,10837,271949,270925,271967,270942,0,0,0,0
2026-05-18T17:01:01Z,54551,23.469,1024,2048,1024,1,10849,272249,271225,272267,271242,0,0,0,0
2026-05-18T17:02:02Z,54612,23.469,1024,2048,1024,1,10861,272549,271525,272567,271542,0,0,0,0
2026-05-18T17:03:01Z,54671,23.469,1024,2048,1024,1,10871,272799,271775,272817,271793,0,0,0,0
2026-05-18T17:04:02Z,54731,23.469,1024,2048,1024,1,10883,273099,272075,273117,272093,0,0,0,0
2026-05-18T17:05:02Z,54792,23.469,1024,2048,1024,1,10895,273399,272375,273417,272393,0,0,0,0
2026-05-18T17:06:02Z,54852,23.469,1024,2048,1024,1,10907,273699,272675,273717,272693,0,0,0,0
2026-05-18T17:07:02Z,54912,23.469,1024,2048,1024,1,10919,273999,272975,274017,272993,0,0,0,0
2026-05-18T17:08:03Z,54972,23.469,1024,2048,1024,1,10931,274299,273275,274317,273293,0,0,0,0
2026-05-18T17:09:03Z,55033,23.469,1024,2048,1024,1,10943,274599,273575,274617,273593,0,0,0,0
2026-05-18T17:10:04Z,55094,23.469,1024,2048,1024,1,10955,274899,273875,274917,273893,0,0,0,0
2026-05-18T17:11:04Z,55154,23.469,1024,2048,1024,1,10967,275199,274175,275217,274193,0,0,0,0
2026-05-18T17:12:04Z,55214,23.469,1024,2048,1024,1,10979,275499,274475,275517,274493,0,0,0,0
2026-05-18T17:13:05Z,55274,23.469,1024,2048,1024,1,10991,275799,274775,275817,274793,0,0,0,0
2026-05-18T17:14:07Z,55336,23.469,1024,2048,1024,1,11003,276099,275075,276117,275093,0,0,0,0
2026-05-18T17:15:07Z,55397,23.469,1024,2048,1024,1,11015,276399,275375,276417,275393,0,0,0,0
2026-05-18T17:16:07Z,55457,23.469,1024,2048,1024,1,11027,276699,275675,276717,275693,0,0,0,0
2026-05-18T17:17:08Z,55517,23.469,1024,2048,1024,1,11039,276999,275975,277017,275993,0,0,0,0
2026-05-18T17:18:07Z,55576,23.469,1024,2048,1024,1,11051,277299,276275,277317,276293,0,0,0,0
2026-05-18T17:19:07Z,55637,23.469,1024,2048,1024,1,11063,277599,276575,277617,276593,0,0,0,0
2026-05-18T17:20:07Z,55697,23.469,1024,2048,1024,1,11075,277899,276875,277917,276893,0,0,0,0
2026-05-18T17:21:07Z,55757,23.469,1024,2048,1024,1,11087,278199,277175,278217,277193,0,0,0,0
2026-05-18T17:22:07Z,55816,23.469,1024,2048,1024,1,11099,278499,277475,278517,277493,0,0,0,0
2026-05-18T17:23:07Z,55877,23.469,1024,2048,1024,1,11111,278799,277775,278817,277793,0,0,0,0
2026-05-18T17:24:07Z,55936,23.469,1024,2048,1024,1,11123,279099,278075,279117,278093,0,0,0,0
2026-05-18T17:25:07Z,55996,23.469,1024,2048,1024,1,11135,279399,278375,279417,278393,0,0,0,0
2026-05-18T17:26:07Z,56057,23.469,1024,2048,1024,1,11147,279699,278675,279717,278693,0,0,0,0
2026-05-18T17:27:07Z,56117,23.469,1024,2048,1024,1,11159,279999,278975,280017,278993,0,0,0,0
2026-05-18T17:28:07Z,56177,23.469,1024,2048,1024,1,11171,280299,279275,280317,279293,0,0,0,0
2026-05-18T17:29:07Z,56236,23.469,1024,2048,1024,1,11183,280599,279575,280617,279593,0,0,0,0
2026-05-18T17:30:07Z,56296,23.469,1024,2048,1024,1,11195,280899,279875,280917,279893,0,0,0,0
2026-05-18T17:31:07Z,56357,23.469,1024,2048,1024,1,11207,281199,280175,281217,280193,0,0,0,0
2026-05-18T17:32:07Z,56417,23.469,1024,2048,1024,1,11219,281499,280475,281517,280493,0,0,0,0
2026-05-18T17:33:07Z,56477,23.469,1024,2048,1024,1,11231,281799,280775,281817,280793,0,0,0,0
2026-05-18T17:34:07Z,56536,23.469,1024,2048,1024,1,11243,282099,281075,282117,281093,0,0,0,0
2026-05-18T17:35:07Z,56597,23.469,1024,2048,1024,1,11255,282399,281375,282417,281393,0,0,0,0
2026-05-18T17:36:07Z,56657,23.469,1024,2048,1024,1,11267,282699,281675,282717,281693,0,0,0,0
2026-05-18T17:37:07Z,56716,23.469,1024,2048,1024,1,11279,282999,281975,283017,281993,0,0,0,0
2026-05-18T17:38:07Z,56777,23.469,1024,2048,1024,1,11291,283299,282275,283317,282293,0,0,0,0
2026-05-18T17:39:06Z,56835,23.469,1024,2048,1024,1,11301,283549,282525,283567,282543,0,0,0,0
2026-05-18T17:40:06Z,56895,23.469,1024,2048,1024,1,11313,283849,282825,283867,282843,0,0,0,0
2026-05-18T17:41:07Z,56956,23.469,1024,2048,1024,1,11325,284149,283125,284167,283143,0,0,0,0
2026-05-18T17:42:07Z,57017,23.469,1024,2048,1024,1,11337,284449,283425,284467,283443,0,0,0,0
2026-05-18T17:43:07Z,57077,23.469,1024,2048,1024,1,11349,284749,283725,284767,283743,0,0,0,0
2026-05-18T17:44:08Z,57137,23.469,1024,2048,1024,1,11361,285049,284025,285067,284043,0,0,0,0
2026-05-18T17:45:08Z,57197,23.469,1024,2048,1024,1,11373,285349,284325,285367,284343,0,0,0,0
2026-05-18T17:46:07Z,57257,23.469,1024,2048,1024,1,11385,285649,284625,285667,284643,0,0,0,0
2026-05-18T17:47:08Z,57318,23.469,1024,2048,1024,1,11397,285949,284925,285967,284943,0,0,0,0
2026-05-18T17:48:09Z,57378,23.469,1024,2048,1024,1,11409,286249,285225,286267,285243,0,0,0,0
2026-05-18T17:49:09Z,57439,23.469,1024,2048,1024,1,11421,286549,285525,286567,285543,0,0,0,0
2026-05-18T17:50:09Z,57499,23.469,1024,2048,1024,1,11433,286849,285825,286867,285843,0,0,0,0
2026-05-18T17:51:09Z,57559,23.469,1024,2048,1024,1,11445,287149,286125,287167,286143,0,0,0,0
2026-05-18T17:52:09Z,57619,23.469,1024,2048,1024,1,11457,287449,286425,287467,286443,0,0,0,0
2026-05-18T17:53:09Z,57679,23.469,1024,2048,1024,1,11469,287749,286725,287767,286743,0,0,0,0
2026-05-18T17:54:10Z,57739,23.469,1024,2048,1024,1,11481,288049,287025,288067,287043,0,0,0,0
2026-05-18T17:55:10Z,57800,23.469,1024,2048,1024,1,11493,288349,287325,288368,287343,0,0,0,0
2026-05-18T17:56:17Z,57867,23.469,1024,2048,1024,1,11505,288649,287625,288668,287643,0,0,0,0
2026-05-18T17:57:17Z,57926,23.469,1024,2048,1024,1,11517,288949,287925,288968,287943,0,0,0,0
2026-05-18T17:58:18Z,57987,23.469,1024,2048,1024,1,11529,289249,288225,289268,288243,0,0,0,0
2026-05-18T17:59:17Z,58047,23.469,1024,2048,1024,1,11541,289549,288525,289568,288543,0,0,0,0
2026-05-18T18:00:17Z,58107,23.469,1024,2048,1024,1,11553,289849,288825,289868,288844,0,0,0,0
2026-05-18T18:01:17Z,58166,23.469,1024,2048,1024,1,11565,290149,289125,290168,289144,0,0,0,0
2026-05-18T18:02:17Z,58226,23.469,1024,2048,1024,1,11577,290449,289425,290468,289444,0,0,0,0
2026-05-18T18:03:17Z,58286,23.469,1024,2048,1024,1,11589,290749,289725,290768,289744,0,0,0,0
2026-05-18T18:04:16Z,58346,23.469,1024,2048,1024,1,11601,291049,290025,291068,290044,0,0,0,0
2026-05-18T18:05:14Z,58404,23.469,1024,2048,1024,1,11612,291324,290300,291343,290319,0,0,0,0
2026-05-18T18:06:15Z,58464,23.469,1024,2048,1024,1,11624,291624,290600,291643,290619,0,0,0,0
2026-05-18T18:07:15Z,58525,23.469,1024,2048,1024,1,11636,291924,290900,291943,290919,0,0,0,0
2026-05-18T18:08:16Z,58586,23.469,1024,2048,1024,1,11648,292224,291200,292243,291219,0,0,0,0
2026-05-18T18:09:17Z,58646,23.469,1024,2048,1024,1,11660,292524,291500,292543,291519,0,0,0,0
2026-05-18T18:10:17Z,58707,23.469,1024,2048,1024,1,11672,292824,291800,292843,291819,0,0,0,0
2026-05-18T18:11:18Z,58767,23.469,1024,2048,1024,1,11684,293124,292100,293143,292119,0,0,0,0
2026-05-18T18:12:17Z,58827,23.469,1024,2048,1024,1,11696,293424,292400,293443,292419,0,0,0,0
2026-05-18T18:13:17Z,58887,23.469,1024,2048,1024,1,11708,293724,292700,293743,292719,0,0,0,0
2026-05-18T18:14:18Z,58948,23.469,1024,2048,1024,1,11720,294024,293000,294043,293019,0,0,0,0
2026-05-18T18:15:18Z,59008,23.469,1024,2048,1024,1,11732,294324,293300,294343,293319,0,0,0,0
2026-05-18T18:16:19Z,59068,23.469,1024,2048,1024,1,11744,294624,293600,294643,293619,0,0,0,0
2026-05-18T18:17:19Z,59129,23.469,1024,2048,1024,1,11756,294924,293900,294943,293919,0,0,0,0
2026-05-18T18:18:19Z,59189,23.469,1024,2048,1024,1,11768,295224,294200,295243,294219,0,0,0,0
2026-05-18T18:19:19Z,59249,23.469,1024,2048,1024,1,11780,295524,294500,295543,294519,0,0,0,0
2026-05-18T18:20:19Z,59309,23.469,1024,2048,1024,1,11792,295824,294800,295843,294819,0,0,0,0
2026-05-18T18:21:19Z,59369,23.469,1024,2048,1024,1,11804,296124,295100,296143,295119,0,0,0,0
2026-05-18T18:22:19Z,59429,23.469,1024,2048,1024,1,11816,296424,295400,296443,295419,0,0,0,0
2026-05-18T18:23:20Z,59489,23.469,1024,2048,1024,1,11828,296724,295700,296743,295719,0,0,0,0
2026-05-18T18:24:20Z,59550,23.469,1024,2048,1024,1,11840,297024,296000,297043,296019,0,0,0,0
2026-05-18T18:25:21Z,59610,23.469,1024,2048,1024,1,11852,297324,296300,297343,296319,0,0,0,0
2026-05-18T18:26:21Z,59671,23.469,1024,2048,1024,1,11864,297624,296600,297643,296619,0,0,0,0
2026-05-18T18:27:22Z,59731,23.469,1024,2048,1024,1,11876,297924,296900,297943,296919,0,0,0,0
2026-05-18T18:28:22Z,59792,23.469,1024,2048,1024,1,11888,298224,297200,298243,297219,0,0,0,0
2026-05-18T18:29:22Z,59852,23.469,1024,2048,1024,1,11900,298524,297500,298543,297519,0,0,0,0
2026-05-18T18:30:22Z,59912,23.469,1024,2048,1024,1,11912,298824,297800,298843,297819,0,0,0,0
2026-05-18T18:31:22Z,59972,23.469,1024,2048,1024,1,11924,299124,298100,299143,298119,0,0,0,0
2026-05-18T18:32:22Z,60032,23.469,1024,2048,1024,1,11936,299424,298400,299443,298419,0,0,0,0
2026-05-18T18:33:22Z,60092,23.469,1024,2048,1024,1,11948,299724,298700,299743,298719,0,0,0,0
2026-05-18T18:34:23Z,60152,23.469,1024,2048,1024,1,11960,300024,299000,300043,299019,0,0,0,0
2026-05-18T18:35:23Z,60213,23.469,1024,2048,1024,1,11972,300324,299300,300343,299319,0,0,0,0
2026-05-18T18:36:23Z,60273,23.469,1024,2048,1024,1,11984,300624,299600,300643,299619,0,0,0,0
2026-05-18T18:37:23Z,60333,23.469,1024,2048,1024,1,11996,300924,299900,300943,299919,0,0,0,0
2026-05-18T18:38:23Z,60393,23.469,1024,2048,1024,1,12008,301224,300200,301243,300219,0,0,0,0
2026-05-18T18:39:24Z,60453,23.469,1024,2048,1024,1,12020,301524,300500,301543,300519,0,0,0,0
2026-05-18T18:40:24Z,60514,23.469,1024,2048,1024,1,12032,301824,300800,301843,300819,0,0,0,0
2026-05-18T18:41:25Z,60574,23.469,1024,2048,1024,1,12044,302124,301100,302143,301119,0,0,0,0
2026-05-18T18:42:25Z,60635,23.469,1024,2048,1024,1,12056,302424,301400,302443,301419,0,0,0,0
2026-05-18T18:43:25Z,60695,23.469,1024,2048,1024,1,12068,302724,301700,302743,301719,0,0,0,0
2026-05-18T18:44:25Z,60755,23.469,1024,2048,1024,1,12080,303024,302000,303043,302019,0,0,0,0
2026-05-18T18:45:25Z,60815,23.469,1024,2048,1024,1,12092,303324,302300,303343,302319,0,0,0,0
2026-05-18T18:46:25Z,60875,23.469,1024,2048,1024,1,12104,303624,302600,303643,302619,0,0,0,0
2026-05-18T18:47:25Z,60935,23.469,1024,2048,1024,1,12116,303924,302900,303943,302919,0,0,0,0
2026-05-18T18:48:25Z,60995,23.469,1024,2048,1024,1,12128,304224,303200,304243,303219,0,0,0,0
2026-05-18T18:49:26Z,61055,23.469,1024,2048,1024,1,12140,304524,303500,304543,303519,0,0,0,0
2026-05-18T18:50:27Z,61117,23.469,1024,2048,1024,1,12152,304824,303800,304843,303819,0,0,0,0
2026-05-18T18:51:27Z,61177,23.469,1024,2048,1024,1,12164,305124,304100,305143,304119,0,0,0,0
2026-05-18T18:52:27Z,61237,23.469,1024,2048,1024,1,12176,305424,304400,305443,304419,0,0,0,0
2026-05-18T18:53:27Z,61297,23.469,1024,2048,1024,1,12188,305724,304700,305743,304719,0,0,0,0
2026-05-18T18:54:27Z,61357,23.469,1024,2048,1024,1,12200,306024,305000,306043,305019,0,0,0,0
2026-05-18T18:55:27Z,61417,23.469,1024,2048,1024,1,12212,306324,305300,306343,305319,0,0,0,0
2026-05-18T18:56:27Z,61477,23.469,1024,2048,1024,1,12224,306624,305600,306643,305619,0,0,0,0
2026-05-18T18:57:28Z,61537,23.469,1024,2048,1024,1,12236,306924,305900,306943,305919,0,0,0,0
2026-05-18T18:58:28Z,61598,23.469,1024,2048,1024,1,12248,307224,306200,307243,306219,0,0,0,0
2026-05-18T18:59:28Z,61658,23.469,1024,2048,1024,1,12260,307524,306500,307543,306519,0,0,0,0
2026-05-18T19:00:29Z,61719,23.469,1024,2048,1024,1,12272,307824,306800,307844,306819,0,0,0,0
2026-05-18T19:01:29Z,61779,23.469,1024,2048,1024,1,12284,308124,307100,308144,307119,0,0,0,0
2026-05-18T19:02:29Z,61839,23.469,1024,2048,1024,1,12296,308424,307400,308444,307419,0,0,0,0
2026-05-18T19:03:30Z,61900,23.469,1024,2048,1024,1,12308,308724,307700,308744,307719,0,0,0,0
2026-05-18T19:04:30Z,61960,23.469,1024,2048,1024,1,12320,309024,308000,309044,308019,0,0,0,0
2026-05-18T19:05:30Z,62020,23.469,1024,2048,1024,1,12332,309324,308300,309344,308320,0,0,0,0
2026-05-18T19:06:31Z,62080,23.469,1024,2048,1024,1,12344,309624,308600,309644,308620,0,0,0,0
2026-05-18T19:07:31Z,62141,23.469,1024,2048,1024,1,12356,309924,308900,309944,308920,0,0,0,0
2026-05-18T19:08:31Z,62201,23.469,1024,2048,1024,1,12368,310224,309200,310244,309220,0,0,0,0
2026-05-18T19:09:31Z,62261,23.469,1024,2048,1024,1,12380,310524,309500,310544,309520,0,0,0,0
2026-05-18T19:10:32Z,62321,23.469,1024,2048,1024,1,12392,310824,309800,310844,309820,0,0,0,0
2026-05-18T19:11:32Z,62382,23.469,1024,2048,1024,1,12404,311124,310100,311144,310120,0,0,0,0
2026-05-18T19:12:32Z,62442,23.469,1024,2048,1024,1,12416,311424,310400,311444,310420,0,0,0,0
2026-05-18T19:13:32Z,62502,23.469,1024,2048,1024,1,12428,311724,310700,311744,310720,0,0,0,0
2026-05-18T19:14:32Z,62562,23.469,1024,2048,1024,1,12440,312024,311000,312044,311020,0,0,0,0
2026-05-18T19:15:32Z,62622,23.469,1024,2048,1024,1,12452,312324,311300,312344,311320,0,0,0,0
2026-05-18T19:16:32Z,62682,23.469,1024,2048,1024,1,12464,312624,311600,312644,311620,0,0,0,0
2026-05-18T19:17:32Z,62742,23.469,1024,2048,1024,1,12476,312924,311900,312944,311920,0,0,0,0
2026-05-18T19:18:33Z,62802,23.469,1024,2048,1024,1,12488,313224,312200,313244,312220,0,0,0,0
2026-05-18T19:19:33Z,62863,23.469,1024,2048,1024,1,12500,313524,312500,313544,312520,0,0,0,0
2026-05-18T19:20:33Z,62923,23.469,1024,2048,1024,1,12512,313824,312800,313844,312820,0,0,0,0
2026-05-18T19:21:34Z,62983,23.469,1024,2048,1024,1,12524,314124,313100,314144,313120,0,0,0,0
2026-05-18T19:22:34Z,63043,23.469,1024,2048,1024,1,12536,314424,313400,314444,313420,0,0,0,0
2026-05-18T19:23:34Z,63104,23.469,1024,2048,1024,1,12548,314724,313700,314744,313720,0,0,0,0
2026-05-18T19:24:34Z,63164,23.469,1024,2048,1024,1,12560,315024,314000,315044,314020,0,0,0,0
2026-05-18T19:25:34Z,63224,23.469,1024,2048,1024,1,12572,315324,314300,315344,314320,0,0,0,0
2026-05-18T19:26:34Z,63284,23.469,1024,2048,1024,1,12584,315624,314600,315644,314620,0,0,0,0
2026-05-18T19:27:34Z,63344,23.469,1024,2048,1024,1,12596,315924,314900,315944,314920,0,0,0,0
2026-05-18T19:28:35Z,63404,23.469,1024,2048,1024,1,12608,316224,315200,316244,315220,0,0,0,0
2026-05-18T19:29:35Z,63465,23.469,1024,2048,1024,1,12620,316524,315500,316544,315520,0,0,0,0
2026-05-18T19:30:35Z,63525,23.469,1024,2048,1024,1,12632,316824,315800,316844,315820,0,0,0,0
2026-05-18T19:31:35Z,63585,23.469,1024,2048,1024,1,12644,317124,316100,317144,316120,0,0,0,0
2026-05-18T19:32:35Z,63645,23.469,1024,2048,1024,1,12656,317424,316400,317444,316420,0,0,0,0
2026-05-18T19:33:35Z,63705,23.469,1024,2048,1024,1,12668,317724,316700,317744,316720,0,0,0,0
2026-05-18T19:34:36Z,63765,23.469,1024,2048,1024,1,12680,318024,317000,318044,317020,0,0,0,0
2026-05-18T19:35:36Z,63826,23.469,1024,2048,1024,1,12692,318324,317300,318344,317320,0,0,0,0
2026-05-18T19:36:36Z,63886,23.469,1024,2048,1024,1,12704,318624,317600,318644,317620,0,0,0,0
2026-05-18T19:37:37Z,63946,23.469,1024,2048,1024,1,12716,318924,317900,318944,317920,0,0,0,0
2026-05-18T19:38:36Z,64006,23.469,1024,2048,1024,1,12728,319224,318200,319244,318220,0,0,0,0
2026-05-18T19:39:37Z,64067,23.469,1024,2048,1024,1,12740,319524,318500,319544,318520,0,0,0,0
2026-05-18T19:40:37Z,64127,23.469,1024,2048,1024,1,12752,319824,318800,319844,318820,0,0,0,0
2026-05-18T19:41:37Z,64187,23.469,1024,2048,1024,1,12764,320124,319100,320144,319120,0,0,0,0
2026-05-18T19:42:37Z,64247,23.469,1024,2048,1024,1,12776,320424,319400,320444,319420,0,0,0,0
2026-05-18T19:43:37Z,64307,23.469,1024,2048,1024,1,12788,320724,319700,320744,319720,0,0,0,0
2026-05-18T19:44:37Z,64367,23.469,1024,2048,1024,1,12800,321024,320000,321044,320020,0,0,0,0
2026-05-18T19:45:37Z,64427,23.469,1024,2048,1024,1,12812,321324,320300,321344,320320,0,0,0,0
2026-05-18T19:46:37Z,64487,23.469,1024,2048,1024,1,12824,321624,320600,321644,320620,0,0,0,0
2026-05-18T19:47:38Z,64547,23.469,1024,2048,1024,1,12836,321924,320900,321944,320920,0,0,0,0
2026-05-18T19:48:38Z,64608,23.469,1024,2048,1024,1,12848,322224,321200,322244,321220,0,0,0,0
2026-05-18T19:49:38Z,64668,23.469,1024,2048,1024,1,12860,322524,321500,322544,321520,0,0,0,0
2026-05-18T19:50:38Z,64728,23.469,1024,2048,1024,1,12872,322824,321800,322844,321820,0,0,0,0
2026-05-18T19:51:39Z,64788,23.469,1024,2048,1024,1,12884,323124,322100,323144,322120,0,0,0,0
2026-05-18T19:52:39Z,64849,23.469,1024,2048,1024,1,12896,323424,322400,323444,322420,0,0,0,0
2026-05-18T19:53:40Z,64909,23.469,1024,2048,1024,1,12908,323724,322700,323744,322720,0,0,0,0
2026-05-18T19:54:40Z,64969,23.469,1024,2048,1024,1,12920,324024,323000,324044,323020,0,0,0,0
2026-05-18T19:55:39Z,65029,23.469,1024,2048,1024,1,12932,324324,323300,324344,323320,0,0,0,0
2026-05-18T19:56:40Z,65090,23.469,1024,2048,1024,1,12944,324624,323600,324644,323620,0,0,0,0
2026-05-18T19:57:41Z,65150,23.469,1024,2048,1024,1,12956,324924,323900,324944,323920,0,0,0,0
2026-05-18T19:58:41Z,65211,23.469,1024,2048,1024,1,12968,325224,324200,325244,324220,0,0,0,0
2026-05-18T19:59:42Z,65271,23.469,1024,2048,1024,1,12980,325524,324500,325544,324520,0,0,0,0
2026-05-18T20:00:42Z,65331,23.469,1024,2048,1024,1,12992,325824,324800,325844,324820,0,0,0,0
2026-05-18T20:01:42Z,65391,23.469,1024,2048,1024,1,13004,326124,325100,326144,325120,0,0,0,0
2026-05-18T20:02:42Z,65452,23.469,1024,2048,1024,1,13016,326424,325400,326444,325420,0,0,0,0
2026-05-18T20:03:42Z,65512,23.469,1024,2048,1024,1,13028,326724,325700,326744,325720,0,0,0,0
2026-05-18T20:04:42Z,65572,23.469,1024,2048,1024,1,13040,327024,326000,327044,326020,0,0,0,0
2026-05-18T20:05:43Z,65632,23.469,1024,2048,1024,1,13052,327324,326300,327344,326320,0,0,0,0
2026-05-18T20:06:49Z,65699,23.469,1024,2048,1024,1,13064,327624,326600,327644,326620,0,0,0,0
2026-05-18T20:07:44Z,65754,23.469,1024,2048,1024,1,13075,327899,326875,327920,326895,0,0,0,0
2026-05-18T20:08:44Z,65814,23.469,1024,2048,1024,1,13087,328199,327175,328220,327195,0,0,0,0
2026-05-18T20:09:45Z,65874,23.469,1024,2048,1024,1,13099,328499,327475,328520,327495,0,0,0,0
2026-05-18T20:10:45Z,65935,23.469,1024,2048,1024,1,13111,328799,327775,328820,327795,0,0,0,0
2026-05-18T20:11:46Z,65995,23.469,1024,2048,1024,1,13123,329099,328075,329120,328095,0,0,0,0
2026-05-18T20:12:47Z,66056,23.469,1024,2048,1024,1,13135,329399,328375,329420,328396,0,0,0,0
2026-05-18T20:13:47Z,66116,23.469,1024,2048,1024,1,13147,329699,328675,329720,328696,0,0,0,0
2026-05-18T20:14:47Z,66177,23.469,1024,2048,1024,1,13159,329999,328975,330020,328996,0,0,0,0
2026-05-18T20:15:52Z,66242,23.469,1024,2048,1024,1,13171,330299,329275,330320,329296,0,0,0,0
2026-05-18T20:16:52Z,66302,23.469,1024,2048,1024,1,13183,330599,329575,330620,329596,0,0,0,0
2026-05-18T20:17:52Z,66362,23.469,1024,2048,1024,1,13195,330899,329875,330920,329896,0,0,0,0
2026-05-18T20:18:52Z,66421,23.469,1024,2048,1024,1,13207,331199,330175,331220,330196,0,0,0,0
2026-05-18T20:19:52Z,66482,23.469,1024,2048,1024,1,13219,331499,330475,331520,330496,0,0,0,0
2026-05-18T20:20:52Z,66542,23.469,1024,2048,1024,1,13231,331799,330775,331820,330796,0,0,0,0
2026-05-18T20:21:52Z,66602,23.469,1024,2048,1024,1,13243,332099,331075,332120,331096,0,0,0,0
2026-05-18T20:22:52Z,66662,23.469,1024,2048,1024,1,13255,332399,331375,332420,331396,0,0,0,0
2026-05-18T20:23:53Z,66722,23.469,1024,2048,1024,1,13267,332699,331675,332720,331696,0,0,0,0
2026-05-18T20:24:53Z,66783,23.469,1024,2048,1024,1,13279,332999,331975,333020,331996,0,0,0,0
2026-05-18T20:25:52Z,66842,23.469,1024,2048,1024,1,13291,333299,332275,333320,332296,0,0,0,0
2026-05-18T20:26:54Z,66904,23.469,1024,2048,1024,1,13303,333599,332575,333620,332596,0,0,0,0
2026-05-18T20:27:53Z,66963,23.469,1024,2048,1024,1,13315,333899,332875,333920,332896,0,0,0,0
2026-05-18T20:28:54Z,67024,23.469,1024,2048,1024,1,13327,334199,333175,334220,333196,0,0,0,0
2026-05-18T20:29:54Z,67084,23.469,1024,2048,1024,1,13339,334499,333475,334520,333496,0,0,0,0
2026-05-18T20:30:54Z,67144,23.469,1024,2048,1024,1,13351,334799,333775,334820,333796,0,0,0,0
2026-05-18T20:31:53Z,67203,23.469,1024,2048,1024,1,13363,335099,334075,335120,334096,0,0,0,0
2026-05-18T20:32:54Z,67264,23.469,1024,2048,1024,1,13375,335399,334375,335420,334396,0,0,0,0
2026-05-18T20:33:51Z,67321,23.469,1024,2048,1024,1,13386,335674,334650,335695,334671,0,0,0,0
2026-05-18T20:34:51Z,67381,23.469,1024,2048,1024,1,13398,335974,334950,335995,334971,0,0,0,0
2026-05-18T20:35:51Z,67441,23.469,1024,2048,1024,1,13410,336274,335250,336295,335271,0,0,0,0
2026-05-18T20:36:52Z,67501,23.469,1024,2048,1024,1,13422,336574,335550,336595,335571,0,0,0,0
2026-05-18T20:37:52Z,67562,23.469,1024,2048,1024,1,13434,336874,335850,336895,335871,0,0,0,0
2026-05-18T20:38:52Z,67622,23.469,1024,2048,1024,1,13446,337174,336150,337195,336171,0,0,0,0
2026-05-18T20:39:52Z,67682,23.469,1024,2048,1024,1,13458,337474,336450,337495,336471,0,0,0,0
2026-05-18T20:40:53Z,67742,23.469,1024,2048,1024,1,13470,337774,336750,337795,336771,0,0,0,0
2026-05-18T20:41:53Z,67803,23.469,1024,2048,1024,1,13482,338074,337050,338095,337071,0,0,0,0
2026-05-18T20:42:54Z,67863,23.469,1024,2048,1024,1,13494,338374,337350,338395,337371,0,0,0,0
2026-05-18T20:43:54Z,67923,23.469,1024,2048,1024,1,13506,338674,337650,338695,337671,0,0,0,0
2026-05-18T20:44:54Z,67984,23.469,1024,2048,1024,1,13518,338974,337950,338995,337971,0,0,0,0
2026-05-18T20:45:54Z,68044,23.469,1024,2048,1024,1,13530,339274,338250,339295,338271,0,0,0,0
2026-05-18T20:46:54Z,68104,23.469,1024,2048,1024,1,13542,339574,338550,339595,338571,0,0,0,0
2026-05-18T20:47:55Z,68164,23.469,1024,2048,1024,1,13554,339874,338850,339895,338871,0,0,0,0
2026-05-18T20:48:55Z,68225,23.469,1024,2048,1024,1,13566,340174,339150,340195,339171,0,0,0,0
2026-05-18T20:49:56Z,68285,23.469,1024,2048,1024,1,13578,340474,339450,340495,339471,0,0,0,0
2026-05-18T20:50:56Z,68346,23.469,1024,2048,1024,1,13590,340774,339750,340795,339771,0,0,0,0
2026-05-18T20:52:01Z,68411,23.469,1024,2048,1024,1,13602,341074,340050,341095,340071,0,0,0,0
2026-05-18T20:52:58Z,68468,23.469,1024,2048,1024,1,13613,341349,340325,341370,340346,0,0,0,0
2026-05-18T20:53:59Z,68528,23.469,1024,2048,1024,1,13625,341649,340625,341670,340646,0,0,0,0
2026-05-18T20:54:59Z,68589,23.469,1024,2048,1024,1,13637,341949,340925,341970,340946,0,0,0,0
2026-05-18T20:55:59Z,68649,23.469,1024,2048,1024,1,13649,342249,341225,342270,341246,0,0,0,0
2026-05-18T20:57:00Z,68709,23.469,1024,2048,1024,1,13661,342549,341525,342570,341546,0,0,0,0
2026-05-18T20:58:00Z,68769,23.469,1024,2048,1024,1,13673,342849,341825,342870,341846,0,0,0,0
2026-05-18T20:59:00Z,68830,23.469,1024,2048,1024,1,13685,343149,342125,343170,342146,0,0,0,0
2026-05-18T21:00:00Z,68890,23.469,1024,2048,1024,1,13697,343449,342425,343470,342446,0,0,0,0
2026-05-18T21:01:00Z,68950,23.469,1024,2048,1024,1,13709,343749,342725,343770,342746,0,0,0,0
2026-05-18T21:02:00Z,69010,23.469,1024,2048,1024,1,13721,344049,343025,344070,343046,0,0,0,0
2026-05-18T21:03:00Z,69070,23.469,1024,2048,1024,1,13733,344349,343325,344370,343346,0,0,0,0
2026-05-18T21:04:00Z,69130,23.469,1024,2048,1024,1,13745,344649,343625,344670,343646,0,0,0,0
2026-05-18T21:05:00Z,69190,23.469,1024,2048,1024,1,13757,344949,343925,344970,343946,0,0,0,0
2026-05-18T21:06:00Z,69250,23.469,1024,2048,1024,1,13769,345249,344225,345270,344246,0,0,0,0
2026-05-18T21:07:00Z,69310,23.469,1024,2048,1024,1,13781,345549,344525,345570,344546,0,0,0,0
2026-05-18T21:08:00Z,69370,23.469,1024,2048,1024,1,13793,345849,344825,345870,344846,0,0,0,0
2026-05-18T21:09:04Z,69433,23.469,1024,2048,1024,1,13804,346124,345100,346146,345121,0,0,0,0
2026-05-18T21:10:04Z,69493,23.469,1024,2048,1024,1,13816,346424,345400,346446,345421,0,0,0,0
2026-05-18T21:11:05Z,69555,23.469,1024,2048,1024,1,13828,346724,345700,346746,345721,0,0,0,0
2026-05-18T21:12:06Z,69615,23.469,1024,2048,1024,1,13840,347024,346000,347046,346021,0,0,0,0
2026-05-18T21:13:06Z,69675,23.469,1024,2048,1024,1,13852,347324,346300,347346,346321,0,0,0,0
2026-05-18T21:14:06Z,69736,23.469,1024,2048,1024,1,13864,347624,346600,347646,346622,0,0,0,0
2026-05-18T21:15:07Z,69796,23.469,1024,2048,1024,1,13876,347924,346900,347946,346922,0,0,0,0
2026-05-18T21:16:07Z,69857,23.469,1024,2048,1024,1,13888,348224,347200,348246,347222,0,0,0,0
2026-05-18T21:17:07Z,69917,23.469,1024,2048,1024,1,13900,348524,347500,348546,347522,0,0,0,0
2026-05-18T21:18:07Z,69977,23.469,1024,2048,1024,1,13912,348824,347800,348846,347822,0,0,0,0
2026-05-18T21:19:08Z,70037,23.469,1024,2048,1024,1,13924,349124,348100,349146,348122,0,0,0,0
2026-05-18T21:20:08Z,70098,23.469,1024,2048,1024,1,13936,349424,348400,349446,348422,0,0,0,0
2026-05-18T21:21:08Z,70158,23.469,1024,2048,1024,1,13948,349724,348700,349746,348722,0,0,0,0
2026-05-18T21:22:08Z,70218,23.469,1024,2048,1024,1,13960,350024,349000,350046,349022,0,0,0,0
2026-05-18T21:23:08Z,70278,23.469,1024,2048,1024,1,13972,350324,349300,350346,349322,0,0,0,0
2026-05-18T21:24:08Z,70338,23.469,1024,2048,1024,1,13984,350624,349600,350646,349622,0,0,0,0
2026-05-18T21:25:08Z,70398,23.469,1024,2048,1024,1,13996,350924,349900,350946,349922,0,0,0,0
2026-05-18T21:26:08Z,70458,23.469,1024,2048,1024,1,14008,351224,350200,351246,350222,0,0,0,0
2026-05-18T21:27:09Z,70518,23.469,1024,2048,1024,1,14020,351524,350500,351546,350522,0,0,0,0
2026-05-18T21:28:09Z,70579,23.469,1024,2048,1024,1,14032,351824,350800,351846,350822,0,0,0,0
2026-05-18T21:29:10Z,70639,23.469,1024,2048,1024,1,14044,352124,351100,352146,351122,0,0,0,0
2026-05-18T21:30:09Z,70699,23.469,1024,2048,1024,1,14056,352424,351400,352446,351422,0,0,0,0
2026-05-18T21:31:21Z,70771,23.469,1024,2048,1024,1,14069,352749,351725,352771,351747,0,0,0,0
2026-05-18T21:32:18Z,70827,23.469,1024,2048,1024,1,14080,353024,352000,353046,352022,0,0,0,0
2026-05-18T21:33:19Z,70888,23.469,1024,2048,1024,1,14092,353324,352300,353346,352322,0,0,0,0
2026-05-18T21:34:19Z,70949,23.469,1024,2048,1024,1,14104,353624,352600,353646,352622,0,0,0,0
2026-05-18T21:35:20Z,71009,23.469,1024,2048,1024,1,14116,353924,352900,353946,352922,0,0,0,0
2026-05-18T21:36:20Z,71070,23.469,1024,2048,1024,1,14128,354224,353200,354246,353222,0,0,0,0
2026-05-18T21:37:21Z,71130,23.469,1024,2048,1024,1,14140,354524,353500,354546,353522,0,0,0,0
2026-05-18T21:38:21Z,71191,23.469,1024,2048,1024,1,14152,354824,353800,354846,353822,0,0,0,0
2026-05-18T21:39:21Z,71251,23.469,1024,2048,1024,1,14164,355124,354100,355146,354122,0,0,0,0
2026-05-18T21:40:22Z,71311,23.469,1024,2048,1024,1,14176,355424,354400,355446,354422,0,0,0,0
2026-05-18T21:41:23Z,71373,23.469,1024,2048,1024,1,14188,355724,354700,355746,354722,0,0,0,0
2026-05-18T21:42:23Z,71433,23.469,1024,2048,1024,1,14200,356024,355000,356046,355022,0,0,0,0
2026-05-18T21:43:23Z,71493,23.469,1024,2048,1024,1,14212,356324,355300,356346,355322,0,0,0,0
2026-05-18T21:44:23Z,71553,23.469,1024,2048,1024,1,14224,356624,355600,356646,355622,0,0,0,0
2026-05-18T21:45:24Z,71613,23.469,1024,2048,1024,1,14236,356924,355900,356946,355922,0,0,0,0
2026-05-18T21:46:24Z,71673,23.469,1024,2048,1024,1,14248,357224,356200,357246,356222,0,0,0,0
2026-05-18T21:47:24Z,71734,23.469,1024,2048,1024,1,14260,357524,356500,357546,356522,0,0,0,0
2026-05-18T21:48:24Z,71794,23.469,1024,2048,1024,1,14272,357824,356800,357846,356822,0,0,0,0
2026-05-18T21:49:25Z,71854,23.469,1024,2048,1024,1,14283,358099,357075,358121,357097,0,0,0,0
2026-05-18T21:50:26Z,71916,23.469,1024,2048,1024,1,14295,358399,357375,358421,357397,0,0,0,0
2026-05-18T21:51:27Z,71976,23.469,1024,2048,1024,1,14307,358699,357675,358721,357697,0,0,0,0
2026-05-18T21:52:27Z,72037,23.469,1024,2048,1024,1,14319,358999,357975,359021,357997,0,0,0,0
2026-05-18T21:53:28Z,72097,23.469,1024,2048,1024,1,14331,359299,358275,359321,358297,0,0,0,0
2026-05-18T21:54:29Z,72159,23.469,1024,2048,1024,1,14343,359599,358575,359621,358597,0,0,0,0
2026-05-18T21:55:29Z,72218,23.469,1024,2048,1024,1,14355,359899,358875,359921,358897,0,0,0,0
2026-05-18T21:56:29Z,72279,23.469,1024,2048,1024,1,14367,360199,359175,360221,359197,0,0,0,0
2026-05-18T21:57:29Z,72339,23.469,1024,2048,1024,1,14379,360499,359475,360521,359497,0,0,0,0
2026-05-18T21:58:30Z,72399,23.469,1024,2048,1024,1,14391,360799,359775,360821,359797,0,0,0,0
2026-05-18T21:59:30Z,72460,23.469,1024,2048,1024,1,14403,361099,360075,361121,360097,0,0,0,0
2026-05-18T22:00:30Z,72520,23.469,1024,2048,1024,1,14415,361399,360375,361421,360397,0,0,0,0
2026-05-18T22:01:30Z,72580,23.469,1024,2048,1024,1,14427,361699,360675,361721,360697,0,0,0,0
2026-05-18T22:02:30Z,72640,23.469,1024,2048,1024,1,14439,361999,360975,362021,360997,0,0,0,0
2026-05-18T22:03:31Z,72700,23.469,1024,2048,1024,1,14451,362299,361275,362322,361297,0,0,0,0
2026-05-18T22:04:31Z,72761,23.469,1024,2048,1024,1,14463,362599,361575,362622,361597,0,0,0,0
2026-05-18T22:05:32Z,72821,23.469,1024,2048,1024,1,14475,362899,361875,362922,361897,0,0,0,0
2026-05-18T22:06:32Z,72881,23.469,1024,2048,1024,1,14487,363199,362175,363222,362197,0,0,0,0
2026-05-18T22:07:33Z,72943,23.469,1024,2048,1024,1,14499,363499,362475,363522,362497,0,0,0,0
2026-05-18T22:08:36Z,73006,23.469,1024,2048,1024,1,14512,363824,362800,363847,362823,0,0,0,0
2026-05-18T22:09:37Z,73067,23.469,1024,2048,1024,1,14524,364124,363100,364147,363123,0,0,0,0
2026-05-18T22:10:34Z,73124,23.469,1024,2048,1024,1,14535,364399,363375,364422,363398,0,0,0,0
2026-05-18T22:11:34Z,73184,23.469,1024,2048,1024,1,14547,364699,363675,364722,363698,0,0,0,0
2026-05-18T22:12:34Z,73244,23.469,1024,2048,1024,1,14559,364999,363975,365022,363998,0,0,0,0
2026-05-18T22:13:35Z,73304,23.469,1024,2048,1024,1,14571,365299,364275,365322,364298,0,0,0,0
2026-05-18T22:14:35Z,73365,23.469,1024,2048,1024,1,14583,365599,364575,365622,364598,0,0,0,0
2026-05-18T22:15:35Z,73425,23.469,1024,2048,1024,1,14595,365899,364875,365922,364898,0,0,0,0
2026-05-18T22:16:35Z,73485,23.469,1024,2048,1024,1,14607,366199,365175,366222,365198,0,0,0,0
2026-05-18T22:17:36Z,73545,23.469,1024,2048,1024,1,14619,366499,365475,366522,365498,0,0,0,0
2026-05-18T22:18:35Z,73605,23.469,1024,2048,1024,1,14631,366799,365775,366822,365798,0,0,0,0
2026-05-18T22:19:36Z,73666,23.469,1024,2048,1024,1,14643,367099,366075,367122,366098,0,0,0,0
2026-05-18T22:20:36Z,73726,23.469,1024,2048,1024,1,14655,367399,366375,367422,366398,0,0,0,0
2026-05-18T22:21:36Z,73786,23.469,1024,2048,1024,1,14667,367699,366675,367722,366698,0,0,0,0
2026-05-18T22:22:36Z,73846,23.469,1024,2048,1024,1,14679,367999,366975,368022,366998,0,0,0,0
2026-05-18T22:23:36Z,73906,23.469,1024,2048,1024,1,14691,368299,367275,368322,367298,0,0,0,0
2026-05-18T22:24:36Z,73966,23.469,1024,2048,1024,1,14703,368599,367575,368622,367598,0,0,0,0
2026-05-18T22:25:37Z,74026,23.469,1024,2048,1024,1,14715,368899,367875,368922,367898,0,0,0,0
2026-05-18T22:26:37Z,74087,23.469,1024,2048,1024,1,14727,369199,368175,369222,368198,0,0,0,0
2026-05-18T22:27:37Z,74147,23.469,1024,2048,1024,1,14739,369499,368475,369522,368498,0,0,0,0
2026-05-18T22:28:48Z,74217,23.469,1024,2048,1024,1,14752,369824,368800,369847,368823,0,0,0,0
2026-05-18T22:29:43Z,74273,23.469,1024,2048,1024,1,14763,370099,369075,370122,369098,0,0,0,0
2026-05-18T22:30:44Z,74333,23.469,1024,2048,1024,1,14775,370399,369375,370422,369398,0,0,0,0
2026-05-18T22:31:44Z,74394,23.469,1024,2048,1024,1,14787,370699,369675,370722,369698,0,0,0,0
2026-05-18T22:32:44Z,74454,23.469,1024,2048,1024,1,14799,370999,369975,371022,369998,0,0,0,0
2026-05-18T22:33:44Z,74514,23.469,1024,2048,1024,1,14811,371299,370275,371322,370298,0,0,0,0
2026-05-18T22:34:46Z,74575,23.469,1024,2048,1024,1,14823,371599,370575,371622,370598,0,0,0,0
2026-05-18T22:35:46Z,74636,23.469,1024,2048,1024,1,14835,371899,370875,371922,370898,0,0,0,0
2026-05-18T22:36:47Z,74696,23.469,1024,2048,1024,1,14847,372199,371175,372222,371198,0,0,0,0
2026-05-18T22:37:47Z,74756,23.469,1024,2048,1024,1,14859,372499,371475,372522,371498,0,0,0,0
2026-05-18T22:38:47Z,74817,23.469,1024,2048,1024,1,14871,372799,371775,372822,371798,0,0,0,0
2026-05-18T22:39:47Z,74877,23.469,1024,2048,1024,1,14883,373099,372075,373122,372098,0,0,0,0
2026-05-18T22:40:47Z,74937,23.469,1024,2048,1024,1,14895,373399,372375,373422,372398,0,0,0,0
2026-05-18T22:41:48Z,74997,23.469,1024,2048,1024,1,14907,373699,372675,373722,372698,0,0,0,0
2026-05-18T22:42:48Z,75058,23.469,1024,2048,1024,1,14919,373999,372975,374022,372998,0,0,0,0
2026-05-18T22:43:48Z,75118,23.469,1024,2048,1024,1,14931,374299,373275,374322,373298,0,0,0,0
2026-05-18T22:44:48Z,75178,23.469,1024,2048,1024,1,14943,374599,373575,374622,373598,0,0,0,0
2026-05-18T22:45:48Z,75238,23.469,1024,2048,1024,1,14955,374899,373875,374922,373898,0,0,0,0
2026-05-18T22:46:48Z,75298,23.469,1024,2048,1024,1,14967,375199,374175,375222,374198,0,0,0,0
2026-05-18T22:47:49Z,75358,23.469,1024,2048,1024,1,14979,375499,374475,375522,374498,0,0,0,0
2026-05-18T22:48:49Z,75418,23.469,1024,2048,1024,1,14991,375799,374775,375822,374798,0,0,0,0
2026-05-18T22:49:49Z,75479,23.469,1024,2048,1024,1,15003,376099,375075,376122,375098,0,0,0,0
2026-05-18T22:50:50Z,75539,23.469,1024,2048,1024,1,15015,376399,375375,376422,375398,0,0,0,0
2026-05-18T22:51:50Z,75600,23.469,1024,2048,1024,1,15027,376699,375675,376722,375698,0,0,0,0
2026-05-18T22:52:50Z,75660,23.469,1024,2048,1024,1,15039,376999,375975,377022,375998,0,0,0,0
2026-05-18T22:53:50Z,75720,23.469,1024,2048,1024,1,15051,377299,376275,377322,376298,0,0,0,0
2026-05-18T22:54:50Z,75780,23.469,1024,2048,1024,1,15063,377599,376575,377622,376598,0,0,0,0
2026-05-18T22:55:51Z,75840,23.469,1024,2048,1024,1,15075,377899,376875,377922,376898,0,0,0,0
2026-05-18T22:56:51Z,75901,23.469,1024,2048,1024,1,15087,378199,377175,378222,377198,0,0,0,0
2026-05-18T22:57:52Z,75961,23.469,1024,2048,1024,1,15099,378499,377475,378522,377498,0,0,0,0
2026-05-18T22:58:52Z,76021,23.469,1024,2048,1024,1,15111,378799,377775,378822,377798,0,0,0,0
2026-05-18T22:59:52Z,76082,23.469,1024,2048,1024,1,15123,379099,378075,379122,378098,0,0,0,0
2026-05-18T23:00:52Z,76142,23.469,1024,2048,1024,1,15135,379399,378375,379423,378398,0,0,0,0
2026-05-18T23:01:52Z,76202,23.469,1024,2048,1024,1,15147,379699,378675,379723,378698,0,0,0,0
2026-05-18T23:02:52Z,76262,23.469,1024,2048,1024,1,15159,379999,378975,380023,378998,0,0,0,0
2026-05-18T23:03:53Z,76322,23.469,1024,2048,1024,1,15171,380299,379275,380323,379298,0,0,0,0
2026-05-18T23:04:53Z,76383,23.469,1024,2048,1024,1,15183,380599,379575,380623,379598,0,0,0,0
2026-05-18T23:05:54Z,76443,23.469,1024,2048,1024,1,15195,380899,379875,380923,379899,0,0,0,0
2026-05-18T23:06:54Z,76504,23.469,1024,2048,1024,1,15207,381199,380175,381223,380199,0,0,0,0
2026-05-18T23:07:54Z,76564,23.469,1024,2048,1024,1,15219,381499,380475,381523,380499,0,0,0,0
2026-05-18T23:08:55Z,76624,23.469,1024,2048,1024,1,15231,381799,380775,381823,380799,0,0,0,0
2026-05-18T23:09:55Z,76685,23.469,1024,2048,1024,1,15243,382099,381075,382123,381099,0,0,0,0
2026-05-18T23:10:55Z,76745,23.469,1024,2048,1024,1,15255,382399,381375,382423,381399,0,0,0,0
2026-05-18T23:11:56Z,76805,23.469,1024,2048,1024,1,15267,382699,381675,382723,381699,0,0,0,0
2026-05-18T23:12:56Z,76866,23.469,1024,2048,1024,1,15279,382999,381975,383023,381999,0,0,0,0
2026-05-18T23:13:57Z,76927,23.469,1024,2048,1024,1,15291,383299,382275,383323,382299,0,0,0,0
2026-05-18T23:14:57Z,76987,23.469,1024,2048,1024,1,15303,383599,382575,383623,382599,0,0,0,0
2026-05-18T23:15:58Z,77047,23.469,1024,2048,1024,1,15315,383899,382875,383923,382899,0,0,0,0
2026-05-18T23:16:58Z,77108,23.469,1024,2048,1024,1,15327,384199,383175,384223,383199,0,0,0,0
2026-05-18T23:17:59Z,77169,23.469,1024,2048,1024,1,15339,384499,383475,384523,383499,0,0,0,0
2026-05-18T23:19:00Z,77229,23.469,1024,2048,1024,1,15351,384799,383775,384823,383799,0,0,0,0
2026-05-18T23:19:59Z,77289,23.469,1024,2048,1024,1,15363,385099,384075,385123,384099,0,0,0,0
2026-05-18T23:21:00Z,77350,23.469,1024,2048,1024,1,15375,385399,384375,385423,384399,0,0,0,0
2026-05-18T23:22:00Z,77410,23.469,1024,2048,1024,1,15387,385699,384675,385723,384699,0,0,0,0
2026-05-18T23:23:01Z,77471,23.469,1024,2048,1024,1,15399,385999,384975,386023,384999,0,0,0,0
2026-05-18T23:24:02Z,77532,23.469,1024,2048,1024,1,15411,386299,385275,386323,385299,0,0,0,0
2026-05-18T23:25:02Z,77592,23.469,1024,2048,1024,1,15423,386599,385575,386623,385599,0,0,0,0
2026-05-18T23:26:02Z,77652,23.469,1024,2048,1024,1,15435,386899,385875,386923,385899,0,0,0,0
2026-05-18T23:27:02Z,77712,23.469,1024,2048,1024,1,15447,387199,386175,387223,386199,0,0,0,0
2026-05-18T23:28:03Z,77772,23.469,1024,2048,1024,1,15459,387499,386475,387523,386499,0,0,0,0
2026-05-18T23:29:03Z,77833,23.469,1024,2048,1024,1,15471,387799,386775,387823,386799,0,0,0,0
2026-05-18T23:30:04Z,77893,23.469,1024,2048,1024,1,15483,388099,387075,388123,387099,0,0,0,0
2026-05-18T23:31:03Z,77953,23.469,1024,2048,1024,1,15495,388399,387375,388423,387399,0,0,0,0
2026-05-18T23:32:04Z,78014,23.469,1024,2048,1024,1,15507,388699,387675,388723,387699,0,0,0,0
2026-05-18T23:33:05Z,78074,23.469,1024,2048,1024,1,15519,388999,387975,389023,387999,0,0,0,0
2026-05-18T23:34:05Z,78135,23.469,1024,2048,1024,1,15531,389299,388275,389323,388299,0,0,0,0
2026-05-18T23:35:05Z,78195,23.469,1024,2048,1024,1,15543,389599,388575,389623,388599,0,0,0,0
2026-05-18T23:36:05Z,78255,23.469,1024,2048,1024,1,15555,389899,388875,389923,388899,0,0,0,0
2026-05-18T23:37:05Z,78315,23.469,1024,2048,1024,1,15567,390199,389175,390223,389199,0,0,0,0
2026-05-18T23:38:05Z,78375,23.469,1024,2048,1024,1,15579,390499,389475,390523,389499,0,0,0,0
2026-05-18T23:39:05Z,78435,23.469,1024,2048,1024,1,15591,390799,389775,390823,389799,0,0,0,0
2026-05-18T23:40:05Z,78495,23.469,1024,2048,1024,1,15603,391099,390075,391123,390099,0,0,0,0
2026-05-18T23:41:07Z,78557,23.469,1024,2048,1024,1,15615,391399,390375,391423,390399,0,0,0,0
2026-05-18T23:42:08Z,78618,23.469,1024,2048,1024,1,15627,391699,390675,391723,390699,0,0,0,0
2026-05-18T23:43:08Z,78678,23.469,1024,2048,1024,1,15639,391999,390975,392023,390999,0,0,0,0
2026-05-18T23:44:09Z,78738,23.469,1024,2048,1024,1,15651,392299,391275,392323,391299,0,0,0,0
2026-05-18T23:45:09Z,78798,23.469,1024,2048,1024,1,15663,392599,391575,392623,391599,0,0,0,0
2026-05-18T23:46:09Z,78858,23.469,1024,2048,1024,1,15675,392899,391875,392923,391899,0,0,0,0
2026-05-18T23:47:09Z,78918,23.469,1024,2048,1024,1,15687,393199,392175,393223,392199,0,0,0,0
2026-05-18T23:48:09Z,78978,23.469,1024,2048,1024,1,15699,393499,392475,393523,392499,0,0,0,0
2026-05-18T23:49:10Z,79039,23.469,1024,2048,1024,1,15711,393799,392775,393823,392799,0,0,0,0
2026-05-18T23:50:10Z,79100,23.469,1024,2048,1024,1,15723,394099,393075,394123,393099,0,0,0,0
2026-05-18T23:51:10Z,79160,23.469,1024,2048,1024,1,15735,394399,393375,394423,393399,0,0,0,0
2026-05-18T23:52:10Z,79220,23.469,1024,2048,1024,1,15747,394699,393675,394723,393699,0,0,0,0
2026-05-18T23:53:10Z,79280,23.469,1024,2048,1024,1,15759,394999,393975,395023,393999,0,0,0,0
2026-05-18T23:54:11Z,79340,23.469,1024,2048,1024,1,15771,395299,394275,395323,394299,0,0,0,0
2026-05-18T23:55:12Z,79401,23.469,1024,2048,1024,1,15783,395599,394575,395623,394599,0,0,0,0
2026-05-18T23:56:12Z,79461,23.469,1024,2048,1024,1,15795,395899,394875,395923,394899,0,0,0,0
2026-05-18T23:57:12Z,79522,23.469,1024,2048,1024,1,15807,396199,395175,396223,395199,0,0,0,0
2026-05-18T23:58:12Z,79582,23.469,1024,2048,1024,1,15819,396499,395475,396523,395499,0,0,0,0
2026-05-18T23:59:13Z,79643,23.469,1024,2048,1024,1,15831,396799,395775,396823,395799,0,0,0,0
2026-05-19T00:00:14Z,79703,23.469,1024,2048,1024,1,15843,397099,396075,397123,396099,0,0,0,0
2026-05-19T00:01:14Z,79764,23.469,1024,2048,1024,1,15855,397399,396375,397423,396399,0,0,0,0
2026-05-19T00:02:14Z,79824,23.469,1024,2048,1024,1,15867,397699,396675,397723,396699,0,0,0,0
2026-05-19T00:03:15Z,79884,23.469,1024,2048,1024,1,15878,397974,396950,397998,396974,0,0,0,0
2026-05-19T00:04:15Z,79944,23.469,1024,2048,1024,1,15890,398274,397250,398298,397274,0,0,0,0
2026-05-19T00:05:15Z,80005,23.469,1024,2048,1024,1,15902,398574,397550,398598,397574,0,0,0,0
2026-05-19T00:06:16Z,80065,23.277,1024,2048,1024,1,15914,398874,397850,398899,397874,0,0,0,0
2026-05-19T00:07:16Z,80126,23.277,1024,2048,1024,1,15926,399174,398150,399199,398174,0,0,0,0
2026-05-19T00:08:17Z,80186,23.277,1024,2048,1024,1,15938,399474,398450,399499,398474,0,0,0,0
2026-05-19T00:09:17Z,80247,23.277,1024,2048,1024,1,15950,399774,398750,399799,398774,0,0,0,0
2026-05-19T00:10:17Z,80307,23.531,1024,2048,1024,1,15962,400074,399050,400099,399074,0,0,0,0
2026-05-19T00:11:17Z,80367,23.531,1024,2048,1024,1,15974,400374,399350,400399,399375,0,0,0,0
2026-05-19T00:12:17Z,80427,23.531,1024,2048,1024,1,15986,400674,399650,400699,399675,0,0,0,0
2026-05-19T00:13:17Z,80487,23.531,1024,2048,1024,1,15998,400974,399950,400999,399975,0,0,0,0
2026-05-19T00:14:18Z,80547,23.531,1024,2048,1024,1,16010,401274,400250,401299,400275,0,0,0,0
2026-05-19T00:15:18Z,80608,23.531,1024,2048,1024,1,16022,401574,400550,401599,400575,0,0,0,0
2026-05-19T00:16:19Z,80668,23.531,1024,2048,1024,1,16034,401874,400850,401899,400875,0,0,0,0
2026-05-19T00:17:19Z,80728,23.531,1024,2048,1024,1,16046,402174,401150,402199,401175,0,0,0,0
2026-05-19T00:18:19Z,80788,23.531,1024,2048,1024,1,16058,402474,401450,402499,401475,0,0,0,0
2026-05-19T00:19:19Z,80849,23.531,1024,2048,1024,1,16070,402774,401750,402799,401775,0,0,0,0
2026-05-19T00:20:20Z,80909,23.531,1024,2048,1024,1,16082,403074,402050,403099,402075,0,0,0,0
2026-05-19T00:21:21Z,80971,23.531,1024,2048,1024,1,16094,403374,402350,403399,402375,0,0,0,0
2026-05-19T00:22:22Z,81031,23.531,1024,2048,1024,1,16106,403674,402650,403699,402675,0,0,0,0
2026-05-19T00:23:22Z,81092,23.531,1024,2048,1024,1,16118,403974,402950,403999,402975,0,0,0,0
2026-05-19T00:24:22Z,81152,23.531,1024,2048,1024,1,16130,404274,403250,404299,403275,0,0,0,0
2026-05-19T00:25:23Z,81212,23.531,1024,2048,1024,1,16142,404574,403550,404599,403575,0,0,0,0
2026-05-19T00:26:23Z,81273,23.531,1024,2048,1024,1,16154,404874,403850,404899,403875,0,0,0,0
2026-05-19T00:27:23Z,81333,23.531,1024,2048,1024,1,16166,405174,404150,405199,404175,0,0,0,0
2026-05-19T00:28:23Z,81393,23.531,1024,2048,1024,1,16178,405474,404450,405499,404475,0,0,0,0
2026-05-19T00:29:23Z,81453,23.531,1024,2048,1024,1,16190,405774,404750,405799,404775,0,0,0,0
2026-05-19T00:30:23Z,81513,23.531,1024,2048,1024,1,16202,406074,405050,406099,405075,0,0,0,0
2026-05-19T00:31:24Z,81573,23.531,1024,2048,1024,1,16214,406374,405350,406399,405375,0,0,0,0
2026-05-19T00:32:24Z,81633,23.531,1024,2048,1024,1,16226,406674,405650,406699,405675,0,0,0,0
2026-05-19T00:33:24Z,81693,23.531,1024,2048,1024,1,16238,406974,405950,406999,405975,0,0,0,0
2026-05-19T00:34:24Z,81753,23.531,1024,2048,1024,1,16250,407274,406250,407299,406275,0,0,0,0
2026-05-19T00:35:24Z,81813,23.531,1024,2048,1024,1,16262,407574,406550,407599,406575,0,0,0,0
2026-05-19T00:36:25Z,81874,23.531,1024,2048,1024,1,16274,407874,406850,407899,406875,0,0,0,0
2026-05-19T00:37:25Z,81935,23.531,1024,2048,1024,1,16285,408149,407125,408174,407150,0,0,0,0
2026-05-19T00:38:26Z,81995,23.531,1024,2048,1024,1,16297,408449,407425,408474,407450,0,0,0,0
2026-05-19T00:39:26Z,82056,23.531,1024,2048,1024,1,16309,408749,407725,408774,407750,0,0,0,0
2026-05-19T00:40:30Z,82119,23.531,1024,2048,1024,1,16322,409074,408050,409099,408075,0,0,0,0
2026-05-19T00:41:30Z,82180,23.531,1024,2048,1024,1,16334,409374,408350,409399,408375,0,0,0,0
2026-05-19T00:42:30Z,82240,23.531,1024,2048,1024,1,16346,409674,408650,409699,408675,0,0,0,0
2026-05-19T00:43:30Z,82300,23.531,1024,2048,1024,1,16358,409974,408950,409999,408975,0,0,0,0
2026-05-19T00:44:30Z,82359,23.531,1024,2048,1024,1,16370,410274,409250,410299,409275,0,0,0,0
2026-05-19T00:45:30Z,82419,23.531,1024,2048,1024,1,16382,410574,409550,410599,409575,0,0,0,0
2026-05-19T00:46:30Z,82479,23.531,1024,2048,1024,1,16394,410874,409850,410899,409875,0,0,0,0
2026-05-19T00:47:28Z,82538,23.531,1024,2048,1024,1,16404,411124,410100,411149,410125,0,0,0,0
2026-05-19T00:48:28Z,82598,23.531,1024,2048,1024,1,16416,411424,410400,411449,410425,0,0,0,0
2026-05-19T00:49:28Z,82658,23.531,1024,2048,1024,1,16428,411724,410700,411749,410725,0,0,0,0
2026-05-19T00:50:28Z,82718,23.531,1024,2048,1024,1,16440,412024,411000,412049,411025,0,0,0,0
2026-05-19T00:51:28Z,82778,23.531,1024,2048,1024,1,16452,412324,411300,412349,411325,0,0,0,0
2026-05-19T00:52:29Z,82839,23.531,1024,2048,1024,1,16464,412624,411600,412649,411625,0,0,0,0
2026-05-19T00:53:29Z,82899,23.531,1024,2048,1024,1,16476,412924,411900,412949,411925,0,0,0,0
2026-05-19T00:54:29Z,82959,23.531,1024,2048,1024,1,16488,413224,412200,413249,412225,0,0,0,0
2026-05-19T00:55:29Z,83019,23.531,1024,2048,1024,1,16500,413524,412500,413549,412525,0,0,0,0
2026-05-19T00:56:33Z,83082,23.531,1024,2048,1024,1,16512,413824,412800,413849,412825,0,0,0,0
2026-05-19T00:57:32Z,83142,23.531,1024,2048,1024,1,16524,414124,413100,414149,413125,0,0,0,0
2026-05-19T00:58:32Z,83202,23.531,1024,2048,1024,1,16536,414424,413400,414449,413425,0,0,0,0
2026-05-19T00:59:32Z,83261,23.531,1024,2048,1024,1,16548,414724,413700,414749,413725,0,0,0,0
2026-05-19T01:00:32Z,83321,23.531,1024,2048,1024,1,16560,415024,414000,415049,414025,0,0,0,0
2026-05-19T01:01:32Z,83381,23.531,1024,2048,1024,1,16572,415324,414300,415349,414325,0,0,0,0
2026-05-19T01:02:32Z,83442,23.531,1024,2048,1024,1,16584,415624,414600,415649,414625,0,0,0,0
2026-05-19T01:03:33Z,83502,23.531,1024,2048,1024,1,16596,415924,414900,415949,414925,0,0,0,0
2026-05-19T01:04:32Z,83561,23.531,1024,2048,1024,1,16608,416224,415200,416249,415225,0,0,0,0
2026-05-19T01:05:32Z,83622,23.531,1024,2048,1024,1,16620,416524,415500,416550,415525,0,0,0,0
2026-05-19T01:06:32Z,83681,23.531,1024,2048,1024,1,16632,416824,415800,416850,415825,0,0,0,0
2026-05-19T01:07:36Z,83746,23.531,1024,2048,1024,1,16644,417124,416100,417150,416125,0,0,0,0
2026-05-19T01:08:36Z,83806,23.531,1024,2048,1024,1,16656,417424,416400,417450,416425,0,0,0,0
2026-05-19T01:09:36Z,83866,23.531,1024,2048,1024,1,16668,417724,416700,417750,416726,0,0,0,0
2026-05-19T01:10:36Z,83926,23.531,1024,2048,1024,1,16680,418024,417000,418050,417026,0,0,0,0
2026-05-19T01:11:36Z,83986,23.531,1024,2048,1024,1,16692,418324,417300,418350,417326,0,0,0,0
2026-05-19T01:12:36Z,84045,23.531,1024,2048,1024,1,16704,418624,417600,418650,417626,0,0,0,0
2026-05-19T01:13:37Z,84106,23.531,1024,2048,1024,1,16716,418924,417900,418950,417926,0,0,0,0
2026-05-19T01:14:36Z,84166,23.531,1024,2048,1024,1,16728,419224,418200,419250,418226,0,0,0,0
2026-05-19T01:15:36Z,84226,23.531,1024,2048,1024,1,16740,419524,418500,419550,418526,0,0,0,0
2026-05-19T01:16:36Z,84286,23.531,1024,2048,1024,1,16752,419824,418800,419850,418826,0,0,0,0
2026-05-19T01:17:36Z,84346,23.531,1024,2048,1024,1,16764,420124,419100,420150,419126,0,0,0,0
2026-05-19T01:18:36Z,84405,23.531,1024,2048,1024,1,16776,420424,419400,420450,419426,0,0,0,0
2026-05-19T01:19:36Z,84466,23.531,1024,2048,1024,1,16788,420724,419700,420750,419726,0,0,0,0
2026-05-19T01:20:36Z,84526,23.531,1024,2048,1024,1,16800,421024,420000,421050,420026,0,0,0,0
2026-05-19T01:21:36Z,84586,23.531,1024,2048,1024,1,16812,421324,420300,421350,420326,0,0,0,0
2026-05-19T01:22:36Z,84646,23.531,1024,2048,1024,1,16824,421624,420600,421650,420626,0,0,0,0
2026-05-19T01:23:36Z,84705,23.531,1024,2048,1024,1,16836,421924,420900,421950,420926,0,0,0,0
2026-05-19T01:24:36Z,84766,23.531,1024,2048,1024,1,16848,422224,421200,422250,421226,0,0,0,0
2026-05-19T01:25:36Z,84826,23.531,1024,2048,1024,1,16860,422524,421500,422550,421526,0,0,0,0
2026-05-19T01:26:35Z,84885,23.531,1024,2048,1024,1,16872,422824,421800,422850,421826,0,0,0,0
2026-05-19T01:27:36Z,84946,23.531,1024,2048,1024,1,16884,423124,422100,423150,422126,0,0,0,0
2026-05-19T01:28:36Z,85005,23.531,1024,2048,1024,1,16896,423424,422400,423450,422426,0,0,0,0
2026-05-19T01:29:36Z,85066,23.531,1024,2048,1024,1,16908,423724,422700,423750,422726,0,0,0,0
2026-05-19T01:30:36Z,85126,23.531,1024,2048,1024,1,16920,424024,423000,424050,423026,0,0,0,0
2026-05-19T01:31:36Z,85186,23.531,1024,2048,1024,1,16932,424324,423300,424350,423326,0,0,0,0
2026-05-19T01:32:36Z,85246,23.531,1024,2048,1024,1,16944,424624,423600,424650,423626,0,0,0,0
2026-05-19T01:33:36Z,85306,23.531,1024,2048,1024,1,16956,424924,423900,424950,423926,0,0,0,0
2026-05-19T01:34:36Z,85366,23.531,1024,2048,1024,1,16968,425224,424200,425250,424226,0,0,0,0
2026-05-19T01:35:33Z,85423,23.531,1024,2048,1024,1,16979,425499,424475,425525,424501,0,0,0,0
2026-05-19T01:36:33Z,85483,23.531,1024,2048,1024,1,16991,425799,424775,425825,424801,0,0,0,0
2026-05-19T01:37:34Z,85544,23.531,1024,2048,1024,1,17003,426099,425075,426125,425101,0,0,0,0
2026-05-19T01:38:35Z,85605,23.531,1024,2048,1024,1,17015,426399,425375,426425,425401,0,0,0,0
2026-05-19T01:39:35Z,85665,23.531,1024,2048,1024,1,17027,426699,425675,426725,425701,0,0,0,0
2026-05-19T01:40:35Z,85725,23.531,1024,2048,1024,1,17039,426999,425975,427025,426001,0,0,0,0
2026-05-19T01:41:35Z,85785,23.531,1024,2048,1024,1,17051,427299,426275,427325,426301,0,0,0,0
2026-05-19T01:42:35Z,85845,23.531,1024,2048,1024,1,17063,427599,426575,427625,426601,0,0,0,0
2026-05-19T01:43:35Z,85905,23.531,1024,2048,1024,1,17075,427899,426875,427925,426901,0,0,0,0
2026-05-19T01:44:35Z,85965,23.531,1024,2048,1024,1,17087,428199,427175,428225,427201,0,0,0,0
2026-05-19T01:45:35Z,86025,23.531,1024,2048,1024,1,17099,428499,427475,428525,427501,0,0,0,0
2026-05-19T01:46:36Z,86085,23.531,1024,2048,1024,1,17111,428799,427775,428825,427801,0,0,0,0
2026-05-19T01:47:36Z,86146,23.531,1024,2048,1024,1,17123,429099,428075,429125,428101,0,0,0,0
2026-05-19T01:48:36Z,86206,23.531,1024,2048,1024,1,17135,429399,428375,429425,428401,0,0,0,0
2026-05-19T01:49:36Z,86266,23.531,1024,2048,1024,1,17147,429699,428675,429725,428701,0,0,0,0
2026-05-19T01:50:37Z,86326,23.531,1024,2048,1024,1,17159,429999,428975,430025,429001,0,0,0,0
2026-05-19T01:51:37Z,86387,23.531,1024,2048,1024,1,17171,430299,429275,430325,429301,0,0,0,0
2026-05-19T01:51:53Z,86402,23.531,1024,2048,1024,1,17174,430374,429350,430400,429376,0,0,0,0
2026-05-19T01:52:49Z,86458,23.531,1024,0,0,1,17174,430374,430374,430400,430400,0,0,0,0
