reloadstall_csv_header,reload,peers_total,peers_changed,peers_stable,prefixes,completion_p50_s,completion_p95_s,completion_max_s,changed_maxgap_p50_ms,changed_maxgap_p95_ms,changed_maxgap_max_ms,all_observer_maxgap_p50_ms,all_observer_maxgap_p95_ms,all_observer_maxgap_max_ms,changed_first_generation_update_p50_ms,changed_first_generation_update_p95_ms,changed_first_generation_update_max_ms,rss_before_mib,rss_after_mib,stable_marker_peers,sessions_up,parse_errors
scout_clock,1,35911146,1791312282994553,35911147
scout_gap,1,0,242.349,643.814,886.163,572,35,886.163,1050.192
scout_generation,1,0,886163
scout_gap,1,1,245.980,643.851,889.831,572,35,889.831,975.224
scout_generation,1,1,889831
scout_gap,1,2,246.978,642.688,889.666,572,35,889.666,1003.779
scout_generation,1,2,889666
scout_gap,1,3,246.018,643.265,889.283,572,35,889.283,1029.996
scout_generation,1,3,889283
scout_gap,1,4,241.992,644.468,886.460,572,35,886.460,970.019
scout_generation,1,4,886460
scout_gap,1,5,245.997,642.665,888.662,572,35,888.662,999.216
scout_generation,1,5,888662
scout_gap,1,6,244.440,643.741,888.181,572,35,888.181,986.906
scout_generation,1,6,888181
scout_gap,1,7,245.367,642.581,887.948,572,35,887.948,1028.146
scout_generation,1,7,887948
scout_gap,1,8,244.656,644.144,888.800,572,35,888.800,955.106
scout_generation,1,8,888800
scout_gap,1,9,243.058,643.929,886.987,572,35,886.987,1005.675
scout_generation,1,9,886987
scout_gap,1,10,310.089,642.759,952.848,572,35,952.848,987.218
scout_generation,1,10,952848
scout_gap,1,11,247.242,642.675,889.917,572,35,889.917,1040.220
scout_generation,1,11,889917
scout_gap,1,12,242.907,644.793,887.700,572,35,887.700,1033.232
scout_generation,1,12,887700
scout_gap,1,13,243.937,643.761,887.698,572,35,887.698,1035.526
scout_generation,1,13,887698
scout_gap,1,14,307.650,643.570,951.220,572,35,951.220,971.307
scout_generation,1,14,951220
scout_gap,1,15,238.596,644.926,883.522,572,35,883.522,959.145
scout_generation,1,15,883522
scout_gap,1,16,315.594,643.873,959.467,572,35,959.467,1024.875
scout_generation,1,16,959467
scout_gap,1,17,308.609,642.831,951.440,572,35,951.440,975.608
scout_generation,1,17,951440
scout_gap,1,18,311.690,642.785,954.475,572,35,954.475,1016.748
scout_generation,1,18,954475
scout_gap,1,19,256.297,643.422,899.719,572,35,899.719,978.401
scout_generation,1,19,899719
scout_gap,1,20,256.127,644.173,900.300,572,35,900.300,967.525
scout_generation,1,20,900300
scout_gap,1,21,320.402,644.302,964.704,572,35,964.704,995.532
scout_generation,1,21,964704
scout_gap,1,22,258.727,644.945,903.672,572,35,903.672,1002.796
scout_generation,1,22,903672
scout_gap,1,23,258.168,642.743,900.911,572,35,900.911,972.469
scout_generation,1,23,900911
scout_gap,1,24,261.425,642.802,904.227,572,35,904.227,960.173
scout_generation,1,24,904227
scout_gap,1,25,271.895,642.591,914.486,572,35,914.486,957.272
scout_generation,1,25,914486
scout_gap,1,26,272.920,644.366,917.286,572,35,917.286,1034.550
scout_generation,1,26,917286
scout_gap,1,27,278.758,643.377,922.135,572,35,922.135,952.939
scout_generation,1,27,922135
scout_gap,1,28,267.778,643.178,910.956,572,35,910.956,951.079
scout_generation,1,28,910956
scout_gap,1,29,263.917,644.569,908.486,572,35,908.486,964.830
scout_generation,1,29,908486
scout_gap,1,30,274.304,643.492,917.796,572,35,917.796,971.564
scout_generation,1,30,917796
scout_gap,1,31,269.190,644.576,913.766,572,35,913.766,1042.636
scout_generation,1,31,913766
scout_gap,1,32,267.477,643.238,910.715,572,35,910.715,966.283
scout_generation,1,32,910715
scout_gap,1,33,268.690,644.817,913.507,572,35,913.507,1046.489
scout_generation,1,33,913507
scout_gap,1,34,268.129,644.135,912.264,572,35,912.264,1034.345
scout_generation,1,34,912264
scout_gap,1,35,284.498,642.789,927.287,572,35,927.287,990.454
scout_generation,1,35,927287
scout_gap,1,36,277.405,642.663,920.068,572,35,920.068,988.639
scout_generation,1,36,920068
scout_gap,1,37,287.479,643.158,930.637,572,35,930.637,983.380
scout_generation,1,37,930637
scout_gap,1,38,251.983,643.264,895.247,572,35,895.247,982.198
scout_generation,1,38,895247
scout_gap,1,39,256.040,643.747,899.787,572,35,899.787,960.179
scout_generation,1,39,899787
scout_gap,1,40,253.432,643.032,896.464,572,35,896.464,1004.516
scout_generation,1,40,896464
scout_gap,1,41,254.702,644.550,899.252,572,35,899.252,992.349
scout_generation,1,41,899252
scout_gap,1,42,258.028,643.008,901.036,572,35,901.036,991.354
scout_generation,1,42,901036
scout_gap,1,43,249.962,642.773,892.735,572,35,892.735,1030.493
scout_generation,1,43,892735
scout_gap,1,44,251.358,644.883,896.241,572,35,896.241,951.809
scout_generation,1,44,896241
scout_gap,1,45,254.778,644.611,899.389,572,35,899.389,964.011
scout_generation,1,45,899389
scout_gap,1,46,258.736,644.049,902.785,572,35,902.785,963.420
scout_generation,1,46,902785
scout_gap,1,47,262.199,643.804,906.003,572,35,906.003,970.086
scout_generation,1,47,906003
scout_gap,1,48,248.079,643.330,891.409,572,35,891.409,997.708
scout_generation,1,48,891409
scout_gap,1,49,258.625,643.691,902.316,572,35,902.316,1006.722
scout_generation,1,49,902316
scout_gap,1,50,249.900,642.739,892.639,572,35,892.639,995.591
scout_generation,1,50,892639
scout_gap,1,51,268.312,643.946,912.258,572,35,912.258,1029.808
scout_generation,1,51,912258
scout_gap,1,52,265.291,643.268,908.559,572,35,908.559,966.958
scout_generation,1,52,908559
scout_gap,1,53,259.615,642.720,902.335,572,35,902.335,978.480
scout_generation,1,53,902335
scout_gap,1,54,266.155,643.843,909.998,572,35,909.998,1017.745
scout_generation,1,54,909998
scout_gap,1,55,253.794,643.842,897.636,572,35,897.636,965.917
scout_generation,1,55,897636
scout_gap,1,56,251.551,643.473,895.024,572,35,895.024,986.199
scout_generation,1,56,895024
scout_gap,1,57,292.473,642.731,935.204,572,35,935.204,1014.192
scout_generation,1,57,935204
scout_gap,1,58,264.897,644.213,909.110,572,35,909.110,962.817
scout_generation,1,58,909110
scout_gap,1,59,257.011,644.380,901.391,572,35,901.391,970.814
scout_generation,1,59,901391
scout_gap,1,60,279.344,643.286,922.630,572,35,922.630,958.677
scout_generation,1,60,922630
scout_gap,1,61,285.379,643.437,928.816,572,35,928.816,1007.325
scout_generation,1,61,928816
scout_gap,1,62,258.300,643.322,901.622,572,35,901.622,991.113
scout_generation,1,62,901622
scout_gap,1,63,260.532,644.605,905.137,572,35,905.137,994.418
scout_generation,1,63,905137
scout_gap,1,64,263.889,644.254,908.143,572,35,908.143,960.226
scout_generation,1,64,908143
scout_gap,1,65,256.612,643.547,900.159,572,35,900.159,963.109
scout_generation,1,65,900159
scout_gap,1,66,269.791,643.159,912.950,572,35,912.950,1054.583
scout_generation,1,66,912950
scout_gap,1,67,262.359,644.088,906.447,572,35,906.447,997.414
scout_generation,1,67,906447
scout_gap,1,68,267.055,642.744,909.799,572,35,909.799,987.065
scout_generation,1,68,909799
scout_gap,1,69,264.695,644.281,908.976,572,35,908.976,948.322
scout_generation,1,69,908976
scout_gap,1,70,280.232,642.733,922.965,572,35,922.965,964.551
scout_generation,1,70,922965
scout_gap,1,71,290.342,642.556,932.898,572,35,932.898,1004.906
scout_generation,1,71,932898
scout_gap,1,72,270.662,644.277,914.939,572,35,914.939,1003.503
scout_generation,1,72,914939
scout_gap,1,73,280.599,642.754,923.353,572,35,923.353,990.955
scout_generation,1,73,923353
scout_gap,1,74,268.705,642.763,911.468,572,35,911.468,985.502
scout_generation,1,74,911468
scout_gap,1,75,250.962,642.652,893.614,572,35,893.614,1035.475
scout_generation,1,75,893614
scout_gap,1,76,289.317,643.819,933.136,572,35,933.136,1010.346
scout_generation,1,76,933136
scout_gap,1,77,268.157,643.675,911.832,572,35,911.832,1008.748
scout_generation,1,77,911832
scout_gap,1,78,263.621,644.173,907.794,572,35,907.794,971.409
scout_generation,1,78,907794
scout_gap,1,79,264.350,643.553,907.903,572,35,907.903,974.547
scout_generation,1,79,907903
scout_gap,1,80,257.144,643.523,900.667,572,35,900.667,974.481
scout_generation,1,80,900667
scout_gap,1,81,257.031,644.834,901.865,572,35,901.865,961.163
scout_generation,1,81,901865
scout_gap,1,82,262.338,644.595,906.933,572,35,906.933,976.389
scout_generation,1,82,906933
scout_gap,1,83,251.774,643.260,895.034,572,35,895.034,1028.865
scout_generation,1,83,895034
scout_gap,1,84,261.721,642.639,904.360,572,35,904.360,978.135
scout_generation,1,84,904360
scout_gap,1,85,255.161,643.465,898.626,572,35,898.626,957.043
scout_generation,1,85,898626
scout_gap,1,86,254.595,642.764,897.359,572,35,897.359,973.109
scout_generation,1,86,897359
scout_gap,1,87,273.241,643.619,916.860,572,35,916.860,1035.339
scout_generation,1,87,916860
scout_gap,1,88,265.931,643.818,909.749,572,35,909.749,981.962
scout_generation,1,88,909749
scout_gap,1,89,271.770,643.708,915.478,572,35,915.478,1029.251
scout_generation,1,89,915478
scout_gap,1,90,264.937,642.713,907.650,572,35,907.650,999.058
scout_generation,1,90,907650
scout_gap,1,91,265.201,644.682,909.883,572,35,909.883,992.554
scout_generation,1,91,909883
scout_gap,1,92,287.758,642.653,930.411,572,35,930.411,975.626
scout_generation,1,92,930411
scout_gap,1,93,270.891,643.866,914.757,572,35,914.757,974.847
scout_generation,1,93,914757
scout_gap,1,94,271.907,642.680,914.587,572,35,914.587,983.937
scout_generation,1,94,914587
scout_gap,1,95,240.138,644.916,885.054,572,35,885.054,1056.070
scout_generation,1,95,885054
scout_gap,1,96,273.554,643.516,917.070,572,35,917.070,1040.242
scout_generation,1,96,917070
scout_gap,1,97,247.880,642.774,890.654,572,35,890.654,972.059
scout_generation,1,97,890654
scout_gap,1,98,253.514,644.034,897.548,572,35,897.548,947.982
scout_generation,1,98,897548
scout_gap,1,99,257.157,642.705,899.862,572,35,899.862,973.299
scout_generation,1,99,899862
scout_gap,1,100,258.515,643.434,901.949,572,35,901.949,1002.559
scout_generation,1,100,901949
scout_gap,1,101,254.709,643.852,898.561,572,35,898.561,952.670
scout_generation,1,101,898561
scout_gap,1,102,247.124,644.784,891.908,572,35,891.908,986.470
scout_generation,1,102,891908
scout_gap,1,103,252.704,644.212,896.916,572,35,896.916,983.191
scout_generation,1,103,896916
scout_gap,1,104,261.887,643.286,905.173,572,35,905.173,993.753
scout_generation,1,104,905173
scout_gap,1,105,245.732,644.848,890.580,572,35,890.580,1011.848
scout_generation,1,105,890580
scout_gap,1,106,244.044,643.324,887.368,572,35,887.368,1036.229
scout_generation,1,106,887368
scout_gap,1,107,266.827,642.686,909.513,572,35,909.513,972.259
scout_generation,1,107,909513
scout_gap,1,108,277.955,642.599,920.554,572,35,920.554,999.842
scout_generation,1,108,920554
scout_gap,1,109,271.755,643.858,915.613,572,35,915.613,1027.796
scout_generation,1,109,915613
scout_gap,1,110,284.314,644.022,928.336,572,35,928.336,1013.001
scout_generation,1,110,928336
scout_gap,1,111,255.517,644.581,900.098,572,35,900.098,953.149
scout_generation,1,111,900098
scout_gap,1,112,252.763,643.543,896.306,572,35,896.306,1007.844
scout_generation,1,112,896306
scout_gap,1,113,284.320,643.311,927.631,572,35,927.631,1008.599
scout_generation,1,113,927631
scout_gap,1,114,263.308,642.665,905.973,572,35,905.973,965.760
scout_generation,1,114,905973
scout_gap,1,115,295.679,643.074,938.753,572,35,938.753,1030.814
scout_generation,1,115,938753
scout_gap,1,116,278.707,642.696,921.403,572,35,921.403,1020.048
scout_generation,1,116,921403
scout_gap,1,117,266.030,644.284,910.314,572,35,910.314,973.589
scout_generation,1,117,910314
scout_gap,1,118,266.931,643.775,910.706,572,35,910.706,959.558
scout_generation,1,118,910706
scout_gap,1,119,266.957,643.645,910.602,572,35,910.602,977.931
scout_generation,1,119,910602
scout_gap,1,120,243.386,642.740,886.126,572,35,886.126,967.825
scout_generation,1,120,886126
scout_gap,1,121,277.622,643.857,921.479,572,35,921.479,1027.523
scout_generation,1,121,921479
scout_gap,1,122,268.869,644.606,913.475,572,35,913.475,1040.743
scout_generation,1,122,913475
scout_gap,1,123,287.912,643.662,931.574,572,35,931.574,1002.037
scout_generation,1,123,931574
scout_gap,1,124,284.610,644.581,929.191,572,35,929.191,958.901
scout_generation,1,124,929191
scout_gap,1,125,278.615,643.552,922.167,572,35,922.167,979.272
scout_generation,1,125,922167
scout_gap,1,126,263.223,644.429,907.652,572,35,907.652,998.221
scout_generation,1,126,907652
scout_gap,1,127,263.175,643.655,906.830,572,35,906.830,1009.286
scout_generation,1,127,906830
scout_gap,1,128,216.259,642.756,859.015,572,35,859.015,1053.521
scout_generation,1,128,859015
scout_gap,1,129,214.875,644.377,859.252,572,35,859.252,1051.266
scout_generation,1,129,859252
scout_gap,1,130,216.382,642.958,859.340,572,35,859.340,1012.933
scout_generation,1,130,859340
scout_gap,1,131,215.021,644.311,859.332,572,35,859.332,965.473
scout_generation,1,131,859332
scout_gap,1,132,216.388,642.887,859.275,572,35,859.275,1051.989
scout_generation,1,132,859275
scout_gap,1,133,215.551,643.810,859.361,572,35,859.361,979.375
scout_generation,1,133,859361
scout_gap,1,134,215.969,643.302,859.271,572,35,859.271,1025.142
scout_generation,1,134,859271
scout_gap,1,135,215.187,644.347,859.534,572,35,859.534,1028.192
scout_generation,1,135,859534
scout_gap,1,136,215.309,643.808,859.117,572,35,859.117,991.391
scout_generation,1,136,859117
scout_gap,1,137,216.557,643.154,859.711,572,35,859.711,945.996
scout_generation,1,137,859711
scout_gap,1,138,216.859,642.740,859.599,572,35,859.599,1039.795
scout_generation,1,138,859599
scout_gap,1,139,216.270,643.321,859.591,572,35,859.591,1051.666
scout_generation,1,139,859591
scout_gap,1,140,215.818,643.874,859.692,572,35,859.692,1034.258
scout_generation,1,140,859692
scout_gap,1,141,216.092,643.574,859.666,572,35,859.666,1024.091
scout_generation,1,141,859666
scout_gap,1,142,215.877,643.763,859.640,572,35,859.640,1026.209
scout_generation,1,142,859640
scout_gap,1,143,215.325,644.429,859.754,572,35,859.754,998.583
scout_generation,1,143,859754
scout_gap,1,144,215.921,643.853,859.774,572,35,859.774,1017.199
scout_generation,1,144,859774
scout_gap,1,145,216.854,642.736,859.590,572,35,859.590,954.916
scout_generation,1,145,859590
scout_gap,1,146,215.870,643.680,859.550,572,35,859.550,992.128
scout_generation,1,146,859550
scout_gap,1,147,217.167,642.723,859.890,572,35,859.890,1057.281
scout_generation,1,147,859890
scout_gap,1,148,215.191,644.558,859.749,572,35,859.749,1049.178
scout_generation,1,148,859749
scout_gap,1,149,215.097,644.845,859.942,572,35,859.942,1054.066
scout_generation,1,149,859942
scout_gap,1,150,216.245,643.615,859.860,572,35,859.860,1033.398
scout_generation,1,150,859860
scout_gap,1,151,216.338,643.739,860.077,572,35,860.077,971.336
scout_generation,1,151,860077
scout_gap,1,152,217.482,642.707,860.189,572,35,860.189,947.041
scout_generation,1,152,860189
scout_gap,1,153,217.026,642.903,859.929,572,35,859.929,957.136
scout_generation,1,153,859929
scout_gap,1,154,217.198,642.749,859.947,572,35,859.947,1038.574
scout_generation,1,154,859947
scout_gap,1,155,217.703,642.710,860.413,572,35,860.413,949.591
scout_generation,1,155,860413
scout_gap,1,156,216.007,643.967,859.974,572,35,859.974,1001.838
scout_generation,1,156,859974
scout_gap,1,157,216.197,644.011,860.208,572,35,860.208,1055.003
scout_generation,1,157,860208
scout_gap,1,158,215.167,644.893,860.060,572,35,860.060,1022.442
scout_generation,1,158,860060
scout_gap,1,159,217.523,642.718,860.241,572,35,860.241,978.237
scout_generation,1,159,860241
scout_gap,1,160,217.431,642.611,860.042,572,35,860.042,1007.694
scout_generation,1,160,860042
scout_gap,1,161,217.387,642.998,860.385,572,35,860.385,1010.572
scout_generation,1,161,860385
scout_gap,1,162,217.648,642.712,860.360,572,35,860.360,1017.908
scout_generation,1,162,860360
scout_gap,1,163,216.989,643.560,860.549,572,35,860.549,990.301
scout_generation,1,163,860549
scout_gap,1,164,215.885,644.285,860.170,572,35,860.170,964.644
scout_generation,1,164,860170
scout_gap,1,165,216.050,644.488,860.538,572,35,860.538,964.948
scout_generation,1,165,860538
scout_gap,1,166,216.833,643.712,860.545,572,35,860.545,973.899
scout_generation,1,166,860545
scout_gap,1,167,216.800,643.681,860.481,572,35,860.481,985.738
scout_generation,1,167,860481
scout_gap,1,168,216.944,643.514,860.458,572,35,860.458,1044.820
scout_generation,1,168,860458
scout_gap,1,169,216.543,644.214,860.757,572,35,860.757,970.153
scout_generation,1,169,860757
scout_gap,1,170,217.722,643.439,861.161,572,35,861.161,1044.864
scout_generation,1,170,861161
scout_gap,1,171,216.745,644.063,860.808,572,35,860.808,1034.426
scout_generation,1,171,860808
scout_gap,1,172,216.079,644.897,860.976,572,35,860.976,1006.868
scout_generation,1,172,860976
scout_gap,1,173,217.149,643.669,860.818,572,35,860.818,1025.653
scout_generation,1,173,860818
scout_gap,1,174,218.063,643.434,861.497,572,35,861.497,1018.570
scout_generation,1,174,861497
scout_gap,1,175,216.430,644.707,861.137,572,35,861.137,994.730
scout_generation,1,175,861137
scout_gap,1,176,218.649,642.643,861.292,572,35,861.292,1039.392
scout_generation,1,176,861292
scout_gap,1,177,217.662,643.148,860.810,572,35,860.810,994.257
scout_generation,1,177,860810
scout_gap,1,178,216.935,643.757,860.692,572,35,860.692,1056.761
scout_generation,1,178,860692
scout_gap,1,179,218.435,642.694,861.129,572,35,861.129,1039.493
scout_generation,1,179,861129
scout_gap,1,180,217.469,643.384,860.853,572,35,860.853,1038.233
scout_generation,1,180,860853
scout_gap,1,181,218.116,642.759,860.875,572,35,860.875,1005.990
scout_generation,1,181,860875
scout_gap,1,182,217.570,643.112,860.682,572,35,860.682,1055.423
scout_generation,1,182,860682
scout_gap,1,183,217.337,644.687,862.024,572,35,862.024,966.198
scout_generation,1,183,862024
scout_gap,1,184,218.218,642.871,861.089,572,35,861.089,959.569
scout_generation,1,184,861089
scout_gap,1,185,216.974,644.733,861.707,572,35,861.707,980.310
scout_generation,1,185,861707
scout_gap,1,186,218.943,643.126,862.069,572,35,862.069,956.588
scout_generation,1,186,862069
scout_gap,1,187,218.339,642.846,861.185,572,35,861.185,985.440
scout_generation,1,187,861185
scout_gap,1,188,219.049,642.605,861.654,572,35,861.654,1043.322
scout_generation,1,188,861654
scout_gap,1,189,218.384,643.266,861.650,572,35,861.650,1001.869
scout_generation,1,189,861650
scout_gap,1,190,219.326,642.606,861.932,572,35,861.932,981.968
scout_generation,1,190,861932
scout_gap,1,191,220.764,643.531,864.295,572,35,864.295,990.784
scout_generation,1,191,864295
scout_gap,1,192,217.247,644.246,861.493,572,35,861.493,1001.965
scout_generation,1,192,861493
scout_gap,1,193,216.468,642.778,859.246,572,35,859.246,1040.315
scout_generation,1,193,859246
scout_gap,1,194,216.573,642.738,859.311,572,35,859.311,969.753
scout_generation,1,194,859311
scout_gap,1,195,216.876,642.730,859.606,572,35,859.606,992.701
scout_generation,1,195,859606
scout_gap,1,196,216.110,643.117,859.227,572,35,859.227,1007.692
scout_generation,1,196,859227
scout_gap,1,197,216.271,643.095,859.366,572,35,859.366,1021.905
scout_generation,1,197,859366
scout_gap,1,198,215.877,643.387,859.264,572,35,859.264,962.018
scout_generation,1,198,859264
scout_gap,1,199,216.988,642.692,859.680,572,35,859.680,1015.491
scout_generation,1,199,859680
scout_gap,1,200,215.591,643.918,859.509,572,35,859.509,1052.527
scout_generation,1,200,859509
scout_gap,1,201,215.447,644.266,859.713,572,35,859.713,1054.213
scout_generation,1,201,859713
scout_gap,1,202,215.507,644.066,859.573,572,35,859.573,1031.595
scout_generation,1,202,859573
scout_gap,1,203,215.082,644.635,859.717,572,35,859.717,1042.968
scout_generation,1,203,859717
scout_gap,1,204,215.421,644.156,859.577,572,35,859.577,1039.468
scout_generation,1,204,859577
scout_gap,1,205,215.180,644.632,859.812,572,35,859.812,1036.314
scout_generation,1,205,859812
scout_gap,1,206,215.441,644.322,859.763,572,35,859.763,1039.392
scout_generation,1,206,859763
scout_gap,1,207,216.535,643.231,859.766,572,35,859.766,949.291
scout_generation,1,207,859766
scout_gap,1,208,217.204,642.730,859.934,572,35,859.934,1015.629
scout_generation,1,208,859934
scout_gap,1,209,216.806,643.322,860.128,572,35,860.128,972.711
scout_generation,1,209,860128
scout_gap,1,210,216.047,643.898,859.945,572,35,859.945,1051.567
scout_generation,1,210,859945
scout_gap,1,211,215.428,644.469,859.897,572,35,859.897,1054.484
scout_generation,1,211,859897
scout_gap,1,212,216.479,643.625,860.104,572,35,860.104,990.246
scout_generation,1,212,860104
scout_gap,1,213,215.904,644.176,860.080,572,35,860.080,1057.160
scout_generation,1,213,860080
scout_gap,1,214,215.837,643.921,859.758,572,35,859.758,1048.997
scout_generation,1,214,859758
scout_gap,1,215,216.362,643.820,860.182,572,35,860.182,1047.905
scout_generation,1,215,860182
scout_gap,1,216,216.883,643.365,860.248,572,35,860.248,1053.742
scout_generation,1,216,860248
scout_gap,1,217,216.175,644.004,860.179,572,35,860.179,1050.452
scout_generation,1,217,860179
scout_gap,1,218,216.046,644.065,860.111,572,35,860.111,984.390
scout_generation,1,218,860111
scout_gap,1,219,217.241,642.937,860.178,572,35,860.178,1019.185
scout_generation,1,219,860178
scout_gap,1,220,215.330,644.724,860.054,572,35,860.054,1021.543
scout_generation,1,220,860054
scout_gap,1,221,217.727,642.657,860.384,572,35,860.384,1051.208
scout_generation,1,221,860384
scout_gap,1,222,215.444,644.935,860.379,572,35,860.379,1055.062
scout_generation,1,222,860379
scout_gap,1,223,217.724,642.704,860.428,572,35,860.428,1053.833
scout_generation,1,223,860428
scout_gap,1,224,217.930,642.625,860.555,572,35,860.555,1055.011
scout_generation,1,224,860555
scout_gap,1,225,217.407,642.950,860.357,572,35,860.357,1045.899
scout_generation,1,225,860357
scout_gap,1,226,217.852,643.481,861.333,572,35,861.333,1051.033
scout_generation,1,226,861333
scout_gap,1,227,218.008,642.624,860.632,572,35,860.632,953.540
scout_generation,1,227,860632
scout_gap,1,228,218.278,642.885,861.163,572,35,861.163,989.647
scout_generation,1,228,861163
scout_gap,1,229,217.760,643.492,861.252,572,35,861.252,985.197
scout_generation,1,229,861252
scout_gap,1,230,218.670,642.654,861.324,572,35,861.324,1055.655
scout_generation,1,230,861324
scout_gap,1,231,216.343,644.494,860.837,572,35,860.837,1000.564
scout_generation,1,231,860837
scout_gap,1,232,217.221,643.750,860.971,572,35,860.971,983.513
scout_generation,1,232,860971
scout_gap,1,233,216.739,644.255,860.994,572,35,860.994,1051.040
scout_generation,1,233,860994
scout_gap,1,234,217.252,644.039,861.291,572,35,861.291,1053.442
scout_generation,1,234,861291
scout_gap,1,235,217.543,644.327,861.870,572,35,861.870,1050.523
scout_generation,1,235,861870
scout_gap,1,236,218.688,643.378,862.066,572,35,862.066,979.987
scout_generation,1,236,862066
scout_gap,1,237,219.040,642.900,861.940,572,35,861.940,989.436
scout_generation,1,237,861940
scout_gap,1,238,216.995,644.857,861.852,572,35,861.852,1026.603
scout_generation,1,238,861852
scout_gap,1,239,218.410,643.425,861.835,572,35,861.835,1026.355
scout_generation,1,239,861835
scout_gap,1,240,218.359,643.133,861.492,572,35,861.492,1051.167
scout_generation,1,240,861492
scout_gap,1,241,217.416,643.258,860.674,572,35,860.674,1056.826
scout_generation,1,241,860674
scout_gap,1,242,219.375,644.715,864.090,572,35,864.090,1035.132
scout_generation,1,242,864090
scout_gap,1,243,219.888,644.269,864.157,572,35,864.157,995.998
scout_generation,1,243,864157
scout_gap,1,244,219.445,644.825,864.270,572,35,864.270,975.912
scout_generation,1,244,864270
scout_gap,1,245,221.362,644.075,865.437,572,35,865.437,1017.091
scout_generation,1,245,865437
scout_gap,1,246,221.390,644.267,865.657,572,35,865.657,1033.279
scout_generation,1,246,865657
scout_gap,1,247,221.415,644.119,865.534,572,35,865.534,1018.601
scout_generation,1,247,865534
scout_gap,1,248,219.217,644.223,863.440,572,35,863.440,975.531
scout_generation,1,248,863440
scout_gap,1,249,222.086,642.755,864.841,572,35,864.841,1017.815
scout_generation,1,249,864841
scout_gap,1,250,216.610,642.684,859.294,572,35,859.294,961.548
scout_generation,1,250,859294
scout_gap,1,251,216.130,643.096,859.226,572,35,859.226,1020.096
scout_generation,1,251,859226
scout_gap,1,252,214.560,644.618,859.178,572,35,859.178,994.318
scout_generation,1,252,859178
scout_gap,1,253,215.380,643.969,859.349,572,35,859.349,1031.749
scout_generation,1,253,859349
scout_gap,1,254,216.612,642.698,859.310,572,35,859.310,1057.034
scout_generation,1,254,859310
scout_gap,1,255,216.495,642.942,859.437,572,35,859.437,1037.317
scout_generation,1,255,859437
scout_gap,1,256,216.715,642.764,859.479,572,35,859.479,1046.164
scout_generation,1,256,859479
scout_gap,1,257,216.542,643.166,859.708,572,35,859.708,1017.313
scout_generation,1,257,859708
scout_gap,1,258,215.050,644.517,859.567,572,35,859.567,1049.562
scout_generation,1,258,859567
scout_gap,1,259,216.026,643.496,859.522,572,35,859.522,1057.041
scout_generation,1,259,859522
scout_gap,1,260,215.936,643.508,859.444,572,35,859.444,1057.687
scout_generation,1,260,859444
scout_gap,1,261,216.829,642.635,859.464,572,35,859.464,1026.336
scout_generation,1,261,859464
scout_gap,1,262,215.786,643.664,859.450,572,35,859.450,1015.787
scout_generation,1,262,859450
scout_gap,1,263,214.967,644.865,859.832,572,35,859.832,1048.084
scout_generation,1,263,859832
scout_gap,1,264,216.508,643.260,859.768,572,35,859.768,981.039
scout_generation,1,264,859768
scout_gap,1,265,216.403,643.359,859.762,572,35,859.762,1050.137
scout_generation,1,265,859762
scout_gap,1,266,217.103,642.734,859.837,572,35,859.837,1053.094
scout_generation,1,266,859837
scout_gap,1,267,216.526,643.563,860.089,572,35,860.089,1042.187
scout_generation,1,267,860089
scout_gap,1,268,215.958,643.931,859.889,572,35,859.889,1023.151
scout_generation,1,268,859889
scout_gap,1,269,216.375,643.546,859.921,572,35,859.921,1053.311
scout_generation,1,269,859921
scout_gap,1,270,215.183,644.926,860.109,572,35,860.109,1047.010
scout_generation,1,270,860109
scout_gap,1,271,217.708,642.590,860.298,572,35,860.298,1056.681
scout_generation,1,271,860298
scout_gap,1,272,217.021,643.131,860.152,572,35,860.152,1012.578
scout_generation,1,272,860152
scout_gap,1,273,217.154,642.700,859.854,572,35,859.854,1017.147
scout_generation,1,273,859854
scout_gap,1,274,216.859,643.533,860.392,572,35,860.392,1003.864
scout_generation,1,274,860392
scout_gap,1,275,216.457,644.058,860.515,572,35,860.515,957.920
scout_generation,1,275,860515
scout_gap,1,276,217.706,642.720,860.426,572,35,860.426,1001.252
scout_generation,1,276,860426
scout_gap,1,277,217.519,642.835,860.354,572,35,860.354,1000.687
scout_generation,1,277,860354
scout_gap,1,278,215.405,644.907,860.312,572,35,860.312,1031.779
scout_generation,1,278,860312
scout_gap,1,279,216.347,644.083,860.430,572,35,860.430,1014.700
scout_generation,1,279,860430
scout_gap,1,280,216.022,644.473,860.495,572,35,860.495,988.302
scout_generation,1,280,860495
scout_gap,1,281,217.816,643.018,860.834,572,35,860.834,951.241
scout_generation,1,281,860834
scout_gap,1,282,216.879,643.801,860.680,572,35,860.680,1029.013
scout_generation,1,282,860680
scout_gap,1,283,218.650,642.672,861.322,572,35,861.322,982.850
scout_generation,1,283,861322
scout_gap,1,284,217.930,643.046,860.976,572,35,860.976,1037.590
scout_generation,1,284,860976
scout_gap,1,285,216.544,644.108,860.652,572,35,860.652,1006.655
scout_generation,1,285,860652
scout_gap,1,286,218.771,642.688,861.459,572,35,861.459,968.605
scout_generation,1,286,861459
scout_gap,1,287,218.622,642.677,861.299,572,35,861.299,982.636
scout_generation,1,287,861299
scout_gap,1,288,217.929,643.237,861.166,572,35,861.166,1036.182
scout_generation,1,288,861166
scout_gap,1,289,217.246,644.404,861.650,572,35,861.650,1043.005
scout_generation,1,289,861650
scout_gap,1,290,218.598,642.690,861.288,572,35,861.288,1031.010
scout_generation,1,290,861288
scout_gap,1,291,217.877,644.001,861.878,572,35,861.878,971.211
scout_generation,1,291,861878
scout_gap,1,292,218.246,642.634,860.880,572,35,860.880,1009.596
scout_generation,1,292,860880
scout_gap,1,293,216.356,644.451,860.807,572,35,860.807,1038.394
scout_generation,1,293,860807
scout_gap,1,294,217.749,642.923,860.672,572,35,860.672,1003.139
scout_generation,1,294,860672
scout_gap,1,295,218.494,643.294,861.788,572,35,861.788,1020.428
scout_generation,1,295,861788
scout_gap,1,296,217.294,644.648,861.942,572,35,861.942,962.827
scout_generation,1,296,861942
scout_gap,1,297,218.964,642.723,861.687,572,35,861.687,1027.876
scout_generation,1,297,861687
scout_gap,1,298,218.697,642.975,861.672,572,35,861.672,1027.289
scout_generation,1,298,861672
scout_gap,1,299,219.155,642.652,861.807,572,35,861.807,1007.445
scout_generation,1,299,861807
scout_gap,1,300,215.765,643.465,859.230,572,35,859.230,976.555
scout_generation,1,300,859230
scout_gap,1,301,214.635,644.661,859.296,572,35,859.296,967.383
scout_generation,1,301,859296
scout_gap,1,302,216.992,642.616,859.608,572,35,859.608,982.516
scout_generation,1,302,859608
scout_gap,1,303,216.992,642.721,859.713,572,35,859.713,988.610
scout_generation,1,303,859713
scout_gap,1,304,216.867,642.750,859.617,572,35,859.617,959.075
scout_generation,1,304,859617
scout_gap,1,305,216.184,643.178,859.362,572,35,859.362,951.334
scout_generation,1,305,859362
scout_gap,1,306,216.134,643.305,859.439,572,35,859.439,955.503
scout_generation,1,306,859439
scout_gap,1,307,215.362,643.999,859.361,572,35,859.361,1049.857
scout_generation,1,307,859361
scout_gap,1,308,215.967,643.516,859.483,572,35,859.483,1029.825
scout_generation,1,308,859483
scout_gap,1,309,216.853,642.779,859.632,572,35,859.632,1022.632
scout_generation,1,309,859632
scout_gap,1,310,216.042,643.648,859.690,572,35,859.690,985.021
scout_generation,1,310,859690
scout_gap,1,311,216.712,642.912,859.624,572,35,859.624,1006.058
scout_generation,1,311,859624
scout_gap,1,312,216.868,642.908,859.776,572,35,859.776,1038.900
scout_generation,1,312,859776
scout_gap,1,313,216.038,643.641,859.679,572,35,859.679,980.592
scout_generation,1,313,859679
scout_gap,1,314,215.027,644.740,859.767,572,35,859.767,1042.868
scout_generation,1,314,859767
scout_gap,1,315,216.471,643.346,859.817,572,35,859.817,1022.688
scout_generation,1,315,859817
scout_gap,1,316,217.101,642.748,859.849,572,35,859.849,1033.582
scout_generation,1,316,859849
scout_gap,1,317,215.617,644.389,860.006,572,35,860.006,1025.506
scout_generation,1,317,860006
scout_gap,1,318,217.071,642.814,859.885,572,35,859.885,1049.304
scout_generation,1,318,859885
scout_gap,1,319,215.714,644.226,859.940,572,35,859.940,1046.920
scout_generation,1,319,859940
scout_gap,1,320,216.192,643.628,859.820,572,35,859.820,1035.422
scout_generation,1,320,859820
scout_gap,1,321,215.485,644.574,860.059,572,35,860.059,957.809
scout_generation,1,321,860059
scout_gap,1,322,215.392,644.833,860.225,572,35,860.225,988.456
scout_generation,1,322,860225
scout_gap,1,323,216.961,643.062,860.023,572,35,860.023,1017.412
scout_generation,1,323,860023
scout_gap,1,324,215.727,644.424,860.151,572,35,860.151,1009.864
scout_generation,1,324,860151
scout_gap,1,325,217.197,643.106,860.303,572,35,860.303,1049.387
scout_generation,1,325,860303
scout_gap,1,326,216.703,643.839,860.542,572,35,860.542,1038.966
scout_generation,1,326,860542
scout_gap,1,327,215.683,644.841,860.524,572,35,860.524,1018.431
scout_generation,1,327,860524
scout_gap,1,328,217.241,643.019,860.260,572,35,860.260,1022.569
scout_generation,1,328,860260
scout_gap,1,329,215.921,644.367,860.288,572,35,860.288,997.354
scout_generation,1,329,860288
scout_gap,1,330,215.246,644.833,860.079,572,35,860.079,1052.947
scout_generation,1,330,860079
scout_gap,1,331,216.860,643.954,860.814,572,35,860.814,1002.277
scout_generation,1,331,860814
scout_gap,1,332,217.413,643.583,860.996,572,35,860.996,985.449
scout_generation,1,332,860996
scout_gap,1,333,217.290,643.545,860.835,572,35,860.835,970.750
scout_generation,1,333,860835
scout_gap,1,334,216.232,644.414,860.646,572,35,860.646,1045.015
scout_generation,1,334,860646
scout_gap,1,335,218.485,643.139,861.624,572,35,861.624,987.374
scout_generation,1,335,861624
scout_gap,1,336,218.436,642.719,861.155,572,35,861.155,1039.499
scout_generation,1,336,861155
scout_gap,1,337,218.306,642.833,861.139,572,35,861.139,971.038
scout_generation,1,337,861139
scout_gap,1,338,216.394,644.646,861.040,572,35,861.040,1031.170
scout_generation,1,338,861040
scout_gap,1,339,217.013,643.991,861.004,572,35,861.004,981.646
scout_generation,1,339,861004
scout_gap,1,340,218.757,642.664,861.421,572,35,861.421,964.458
scout_generation,1,340,861421
scout_gap,1,341,218.330,642.635,860.965,572,35,860.965,1000.190
scout_generation,1,341,860965
scout_gap,1,342,216.648,642.645,859.293,572,35,859.293,1014.094
scout_generation,1,342,859293
scout_gap,1,343,216.150,644.756,860.906,572,35,860.906,988.684
scout_generation,1,343,860906
scout_gap,1,344,216.984,644.661,861.645,572,35,861.645,1015.597
scout_generation,1,344,861645
scout_gap,1,345,215.215,644.130,859.345,572,35,859.345,1009.399
scout_generation,1,345,859345
scout_gap,1,346,216.192,643.250,859.442,572,35,859.442,995.261
scout_generation,1,346,859442
scout_gap,1,347,214.565,644.790,859.355,572,35,859.355,959.966
scout_generation,1,347,859355
scout_gap,1,348,216.180,643.310,859.490,572,35,859.490,991.336
scout_generation,1,348,859490
scout_gap,1,349,216.913,642.772,859.685,572,35,859.685,1022.113
scout_generation,1,349,859685
scout_gap,1,350,215.312,644.205,859.517,572,35,859.517,1019.221
scout_generation,1,350,859517
scout_gap,1,351,215.904,643.728,859.632,572,35,859.632,1048.944
scout_generation,1,351,859632
scout_gap,1,352,216.986,642.734,859.720,572,35,859.720,981.422
scout_generation,1,352,859720
scout_gap,1,353,215.099,644.455,859.554,572,35,859.554,1026.365
scout_generation,1,353,859554
scout_gap,1,354,215.454,644.149,859.603,572,35,859.603,1045.016
scout_generation,1,354,859603
scout_gap,1,355,216.331,643.186,859.517,572,35,859.517,951.689
scout_generation,1,355,859517
scout_gap,1,356,215.715,644.049,859.764,572,35,859.764,959.409
scout_generation,1,356,859764
scout_gap,1,357,215.191,644.654,859.845,572,35,859.845,971.606
scout_generation,1,357,859845
scout_gap,1,358,216.906,642.893,859.799,572,35,859.799,1019.805
scout_generation,1,358,859799
scout_gap,1,359,215.053,644.804,859.857,572,35,859.857,1007.827
scout_generation,1,359,859857
scout_gap,1,360,215.561,643.940,859.501,572,35,859.501,984.951
scout_generation,1,360,859501
scout_gap,1,361,215.923,644.102,860.025,572,35,860.025,993.421
scout_generation,1,361,860025
scout_gap,1,362,215.936,644.152,860.088,572,35,860.088,1043.511
scout_generation,1,362,860088
scout_gap,1,363,216.169,643.754,859.923,572,35,859.923,969.061
scout_generation,1,363,859923
scout_gap,1,364,216.273,643.704,859.977,572,35,859.977,1055.253
scout_generation,1,364,859977
scout_gap,1,365,216.866,642.749,859.615,572,35,859.615,1025.261
scout_generation,1,365,859615
scout_gap,1,366,215.451,644.582,860.033,572,35,860.033,1019.103
scout_generation,1,366,860033
scout_gap,1,367,215.402,644.516,859.918,572,35,859.918,1000.492
scout_generation,1,367,859918
scout_gap,1,368,215.914,644.262,860.176,572,35,860.176,967.268
scout_generation,1,368,860176
scout_gap,1,369,215.326,644.765,860.091,572,35,860.091,1037.845
scout_generation,1,369,860091
scout_gap,1,370,215.352,644.902,860.254,572,35,860.254,968.409
scout_generation,1,370,860254
scout_gap,1,371,216.397,643.873,860.270,572,35,860.270,1020.929
scout_generation,1,371,860270
scout_gap,1,372,216.117,643.864,859.981,572,35,859.981,993.322
scout_generation,1,372,859981
scout_gap,1,373,217.519,642.719,860.238,572,35,860.238,1002.131
scout_generation,1,373,860238
scout_gap,1,374,217.646,642.808,860.454,572,35,860.454,1035.339
scout_generation,1,374,860454
scout_gap,1,375,217.597,642.908,860.505,572,35,860.505,1056.719
scout_generation,1,375,860505
scout_gap,1,376,215.861,644.436,860.297,572,35,860.297,1030.516
scout_generation,1,376,860297
scout_gap,1,377,217.146,643.350,860.496,572,35,860.496,955.645
scout_generation,1,377,860496
scout_gap,1,378,217.839,642.712,860.551,572,35,860.551,958.487
scout_generation,1,378,860551
scout_gap,1,379,216.487,642.822,859.309,572,35,859.309,950.565
scout_generation,1,379,859309
scout_gap,1,380,217.919,642.730,860.649,572,35,860.649,951.028
scout_generation,1,380,860649
scout_gap,1,381,216.753,643.914,860.667,572,35,860.667,1009.508
scout_generation,1,381,860667
scout_gap,1,382,215.840,644.110,859.950,572,35,859.950,1010.185
scout_generation,1,382,859950
scout_gap,1,383,214.697,644.714,859.411,572,35,859.411,995.218
scout_generation,1,383,859411
scout_gap,1,384,216.210,643.008,859.218,572,35,859.218,1055.777
scout_generation,1,384,859218
scout_gap,1,385,215.024,644.305,859.329,572,35,859.329,1054.674
scout_generation,1,385,859329
scout_gap,1,386,216.514,643.006,859.520,572,35,859.520,1053.240
scout_generation,1,386,859520
scout_gap,1,387,216.948,642.709,859.657,572,35,859.657,1036.540
scout_generation,1,387,859657
scout_gap,1,388,215.052,644.629,859.681,572,35,859.681,948.168
scout_generation,1,388,859681
scout_gap,1,389,215.379,644.321,859.700,572,35,859.700,951.379
scout_generation,1,389,859700
scout_gap,1,390,215.503,644.049,859.552,572,35,859.552,969.730
scout_generation,1,390,859552
scout_gap,1,391,215.117,644.397,859.514,572,35,859.514,1031.177
scout_generation,1,391,859514
scout_gap,1,392,215.385,644.220,859.605,572,35,859.605,1039.669
scout_generation,1,392,859605
scout_gap,1,393,216.305,643.165,859.470,572,35,859.470,1052.185
scout_generation,1,393,859470
scout_gap,1,394,217.016,642.582,859.598,572,35,859.598,980.404
scout_generation,1,394,859598
scout_gap,1,395,215.840,643.799,859.639,572,35,859.639,974.217
scout_generation,1,395,859639
scout_gap,1,396,216.251,643.573,859.824,572,35,859.824,1007.477
scout_generation,1,396,859824
scout_gap,1,397,216.070,643.733,859.803,572,35,859.803,991.826
scout_generation,1,397,859803
scout_gap,1,398,217.174,642.628,859.802,572,35,859.802,1043.937
scout_generation,1,398,859802
scout_gap,1,399,216.738,643.143,859.881,572,35,859.881,1032.164
scout_generation,1,399,859881
scout_gap,1,400,217.123,642.726,859.849,572,35,859.849,960.056
scout_generation,1,400,859849
scout_gap,1,401,217.246,642.595,859.841,572,35,859.841,960.352
scout_generation,1,401,859841
scout_gap,1,402,215.806,643.929,859.735,572,35,859.735,1008.545
scout_generation,1,402,859735
scout_gap,1,403,217.433,642.634,860.067,572,35,860.067,1014.114
scout_generation,1,403,860067
scout_gap,1,404,216.939,643.027,859.966,572,35,859.966,1058.041
scout_generation,1,404,859966
scout_gap,1,405,215.071,644.850,859.921,572,35,859.921,964.068
scout_generation,1,405,859921
scout_gap,1,406,216.300,643.935,860.235,572,35,860.235,1020.590
scout_generation,1,406,860235
scout_gap,1,407,216.563,643.388,859.951,572,35,859.951,1048.216
scout_generation,1,407,859951
scout_gap,1,408,216.975,643.379,860.354,572,35,860.354,1025.431
scout_generation,1,408,860354
scout_gap,1,409,215.480,644.783,860.263,572,35,860.263,1044.282
scout_generation,1,409,860263
scout_gap,1,410,215.246,644.915,860.161,572,35,860.161,1049.275
scout_generation,1,410,860161
scout_gap,1,411,215.478,644.753,860.231,572,35,860.231,1046.602
scout_generation,1,411,860231
scout_gap,1,412,217.184,642.895,860.079,572,35,860.079,955.147
scout_generation,1,412,860079
scout_gap,1,413,214.741,644.912,859.653,572,35,859.653,1036.934
scout_generation,1,413,859653
scout_gap,1,414,217.481,642.949,860.430,572,35,860.430,1033.209
scout_generation,1,414,860430
scout_gap,1,415,216.376,642.942,859.318,572,35,859.318,1047.337
scout_generation,1,415,859318
scout_gap,1,416,217.760,642.724,860.484,572,35,860.484,1046.165
scout_generation,1,416,860484
scout_gap,1,417,217.613,642.712,860.325,572,35,860.325,966.514
scout_generation,1,417,860325
scout_gap,1,418,216.347,644.038,860.385,572,35,860.385,1020.210
scout_generation,1,418,860385
scout_gap,1,419,215.592,644.930,860.522,572,35,860.522,1014.364
scout_generation,1,419,860522
scout_gap,1,420,215.791,644.643,860.434,572,35,860.434,1010.231
scout_generation,1,420,860434
scout_gap,1,421,216.042,644.260,860.302,572,35,860.302,1035.588
scout_generation,1,421,860302
scout_gap,1,422,216.927,643.647,860.574,572,35,860.574,1034.165
scout_generation,1,422,860574
scout_gap,1,423,218.412,642.667,861.079,572,35,861.079,1023.061
scout_generation,1,423,861079
scout_gap,1,424,218.045,642.696,860.741,572,35,860.741,1040.188
scout_generation,1,424,860741
scout_gap,1,425,217.618,643.028,860.646,572,35,860.646,994.685
scout_generation,1,425,860646
scout_gap,1,426,217.227,644.104,861.331,572,35,861.331,1024.496
scout_generation,1,426,861331
scout_gap,1,427,216.334,644.505,860.839,572,35,860.839,1035.019
scout_generation,1,427,860839
scout_gap,1,428,216.421,644.250,860.671,572,35,860.671,1056.269
scout_generation,1,428,860671
scout_gap,1,429,218.436,642.882,861.318,572,35,861.318,987.688
scout_generation,1,429,861318
scout_gap,1,430,218.179,642.953,861.132,572,35,861.132,968.745
scout_generation,1,430,861132
scout_gap,1,431,216.607,644.392,860.999,572,35,860.999,1019.669
scout_generation,1,431,860999
scout_gap,1,432,216.671,644.351,861.022,572,35,861.022,988.173
scout_generation,1,432,861022
scout_gap,1,433,217.162,643.967,861.129,572,35,861.129,1004.277
scout_generation,1,433,861129
scout_gap,1,434,218.957,642.919,861.876,572,35,861.876,1046.255
scout_generation,1,434,861876
scout_gap,1,435,218.493,643.150,861.643,572,35,861.643,1038.704
scout_generation,1,435,861643
scout_gap,1,436,219.010,642.893,861.903,572,35,861.903,1041.447
scout_generation,1,436,861903
scout_gap,1,437,218.936,644.182,863.118,572,35,863.118,1043.478
scout_generation,1,437,863118
scout_gap,1,438,218.559,643.532,862.091,572,35,862.091,990.814
scout_generation,1,438,862091
scout_gap,1,439,220.417,643.560,863.977,572,35,863.977,1030.432
scout_generation,1,439,863977
scout_gap,1,440,223.115,642.677,865.792,572,35,865.792,997.794
scout_generation,1,440,865792
scout_gap,1,441,219.527,643.430,862.957,572,35,862.957,1047.892
scout_generation,1,441,862957
scout_gap,1,442,221.509,643.743,865.252,572,35,865.252,1007.880
scout_generation,1,442,865252
scout_gap,1,443,221.874,643.382,865.256,572,35,865.256,1021.046
scout_generation,1,443,865256
scout_gap,1,444,221.959,644.196,866.155,572,35,866.155,993.921
scout_generation,1,444,866155
scout_gap,1,445,222.478,642.873,865.351,572,35,865.351,1031.351
scout_generation,1,445,865351
scout_gap,1,446,220.009,643.927,863.936,572,35,863.936,1002.050
scout_generation,1,446,863936
scout_gap,1,447,219.851,642.749,862.600,572,35,862.600,1051.310
scout_generation,1,447,862600
scout_gap,1,448,217.833,642.656,860.489,572,35,860.489,1005.203
scout_generation,1,448,860489
scout_gap,1,449,217.274,643.726,861.000,572,35,861.000,958.255
scout_generation,1,449,861000
scout_gap,1,450,217.270,643.298,860.568,572,35,860.568,976.946
scout_generation,1,450,860568
scout_gap,1,451,218.525,642.992,861.517,572,35,861.517,1008.039
scout_generation,1,451,861517
scout_gap,1,452,217.257,643.670,860.927,572,35,860.927,1017.428
scout_generation,1,452,860927
scout_gap,1,453,219.482,642.575,862.057,572,35,862.057,1056.128
scout_generation,1,453,862057
scout_gap,1,454,218.354,642.982,861.336,572,35,861.336,1040.247
scout_generation,1,454,861336
scout_gap,1,455,217.449,644.556,862.005,572,35,862.005,983.632
scout_generation,1,455,862005
scout_gap,1,456,216.562,644.312,860.874,572,35,860.874,1010.138
scout_generation,1,456,860874
scout_gap,1,457,216.954,644.509,861.463,572,35,861.463,1058.936
scout_generation,1,457,861463
scout_gap,1,458,218.873,642.749,861.622,572,35,861.622,1046.759
scout_generation,1,458,861622
scout_gap,1,459,218.560,642.754,861.314,572,35,861.314,1043.340
scout_generation,1,459,861314
scout_gap,1,460,218.782,642.685,861.467,572,35,861.467,1003.729
scout_generation,1,460,861467
scout_gap,1,461,218.084,644.457,862.541,572,35,862.541,981.570
scout_generation,1,461,862541
scout_gap,1,462,221.012,642.756,863.768,572,35,863.768,1003.473
scout_generation,1,462,863768
scout_gap,1,463,220.032,643.710,863.742,572,35,863.742,1049.794
scout_generation,1,463,863742
scout_gap,1,464,223.044,643.349,866.393,572,35,866.393,1023.913
scout_generation,1,464,866393
scout_gap,1,465,221.368,644.398,865.766,572,35,865.766,1027.572
scout_generation,1,465,865766
scout_gap,1,466,222.027,643.910,865.937,572,35,865.937,1033.192
scout_generation,1,466,865937
scout_gap,1,467,221.061,642.616,863.677,572,35,863.677,1053.311
scout_generation,1,467,863677
scout_gap,1,468,218.550,643.680,862.230,572,35,862.230,1046.028
scout_generation,1,468,862230
scout_gap,1,469,220.453,643.565,864.018,572,35,864.018,1038.199
scout_generation,1,469,864018
scout_gap,1,470,222.182,642.638,864.820,572,35,864.820,968.049
scout_generation,1,470,864820
scout_gap,1,471,220.261,642.583,862.844,572,35,862.844,1054.755
scout_generation,1,471,862844
scout_gap,1,472,220.830,644.809,865.639,572,35,865.639,1035.712
scout_generation,1,472,865639
scout_gap,1,473,220.230,643.785,864.015,572,35,864.015,1053.883
scout_generation,1,473,864015
scout_gap,1,474,218.315,642.845,861.160,572,35,861.160,1031.654
scout_generation,1,474,861160
scout_gap,1,475,222.204,643.190,865.394,572,35,865.394,1027.556
scout_generation,1,475,865394
scout_gap,1,476,217.005,644.201,861.206,572,35,861.206,976.346
scout_generation,1,476,861206
scout_gap,1,477,217.042,644.889,861.931,572,35,861.931,1043.111
scout_generation,1,477,861931
scout_gap,1,478,217.793,643.639,861.432,572,35,861.432,986.137
scout_generation,1,478,861432
scout_gap,1,479,219.372,642.662,862.034,572,35,862.034,1043.438
scout_generation,1,479,862034
scout_gap,1,480,219.002,642.724,861.726,572,35,861.726,1042.151
scout_generation,1,480,861726
scout_gap,1,481,218.811,642.617,861.428,572,35,861.428,1024.531
scout_generation,1,481,861428
scout_gap,1,482,218.358,643.181,861.539,572,35,861.539,1056.033
scout_generation,1,482,861539
scout_gap,1,483,219.120,644.881,864.001,572,35,864.001,966.220
scout_generation,1,483,864001
scout_gap,1,484,220.456,643.752,864.208,572,35,864.208,995.831
scout_generation,1,484,864208
scout_gap,1,485,221.302,642.648,863.950,572,35,863.950,1047.730
scout_generation,1,485,863950
scout_gap,1,486,223.603,642.753,866.356,572,35,866.356,979.533
scout_generation,1,486,866356
scout_gap,1,487,222.003,642.658,864.661,572,35,864.661,1026.445
scout_generation,1,487,864661
scout_gap,1,488,222.681,642.562,865.243,572,35,865.243,990.995
scout_generation,1,488,865243
scout_gap,1,489,220.422,644.863,865.285,572,35,865.285,1008.256
scout_generation,1,489,865285
scout_gap,1,490,221.187,644.312,865.499,572,35,865.499,981.769
scout_generation,1,490,865499
scout_gap,1,491,218.015,644.670,862.685,572,35,862.685,1051.105
scout_generation,1,491,862685
scout_gap,1,492,218.830,644.920,863.750,572,35,863.750,1034.337
scout_generation,1,492,863750
scout_gap,1,493,218.839,644.734,863.573,572,35,863.573,1048.265
scout_generation,1,493,863573
scout_gap,1,494,220.103,643.256,863.359,572,35,863.359,990.421
scout_generation,1,494,863359
scout_gap,1,495,221.370,644.117,865.487,572,35,865.487,954.148
scout_generation,1,495,865487
scout_gap,1,496,222.026,643.174,865.200,572,35,865.200,1012.544
scout_generation,1,496,865200
scout_gap,1,497,221.405,642.566,863.971,572,35,863.971,1002.945
scout_generation,1,497,863971
scout_gap,1,498,218.395,644.567,862.962,572,35,862.962,993.556
scout_generation,1,498,862962
scout_gap,1,499,218.660,644.359,863.019,572,35,863.019,1024.602
scout_generation,1,499,863019
scout_gap,1,500,217.852,643.765,861.617,572,35,861.617,1002.644
scout_generation,1,500,861617
scout_gap,1,501,217.359,644.461,861.820,572,35,861.820,1001.661
scout_generation,1,501,861820
scout_gap,1,502,221.490,642.699,864.189,572,35,864.189,1010.623
scout_generation,1,502,864189
scout_gap,1,503,222.446,642.710,865.156,572,35,865.156,977.679
scout_generation,1,503,865156
scout_gap,1,504,220.307,643.621,863.928,572,35,863.928,967.322
scout_generation,1,504,863928
scout_gap,1,505,220.058,642.704,862.762,572,35,862.762,955.434
scout_generation,1,505,862762
scout_gap,1,506,221.369,644.031,865.400,572,35,865.400,1004.836
scout_generation,1,506,865400
scout_gap,1,507,222.395,643.170,865.565,572,35,865.565,998.820
scout_generation,1,507,865565
scout_gap,1,508,221.871,642.764,864.635,572,35,864.635,993.011
scout_generation,1,508,864635
scout_gap,1,509,219.420,644.500,863.920,572,35,863.920,1041.070
scout_generation,1,509,863920
scout_gap,1,510,222.344,642.741,865.085,572,35,865.085,977.634
scout_generation,1,510,865085
scout_gap,1,511,222.866,642.923,865.789,572,35,865.789,1012.734
scout_generation,1,511,865789
scout_gap,1,512,220.211,642.645,862.856,572,35,862.856,1051.936
scout_generation,1,512,862856
scout_gap,1,513,218.145,644.724,862.869,572,35,862.869,1046.623
scout_generation,1,513,862869
scout_gap,1,514,220.528,642.914,863.442,572,35,863.442,1039.823
scout_generation,1,514,863442
scout_gap,1,515,220.685,643.050,863.735,572,35,863.735,995.185
scout_generation,1,515,863735
scout_gap,1,516,217.880,644.567,862.447,572,35,862.447,951.684
scout_generation,1,516,862447
scout_gap,1,517,219.021,643.516,862.537,572,35,862.537,983.902
scout_generation,1,517,862537
scout_gap,1,518,218.431,644.019,862.450,572,35,862.450,968.294
scout_generation,1,518,862450
scout_gap,1,519,221.276,644.574,865.850,572,35,865.850,1055.714
scout_generation,1,519,865850
scout_gap,1,520,232.983,644.155,877.138,572,35,877.138,958.285
scout_generation,1,520,877138
scout_gap,1,521,234.119,644.463,878.582,572,35,878.582,1025.795
scout_generation,1,521,878582
scout_gap,1,522,231.415,644.583,875.998,572,35,875.998,1003.688
scout_generation,1,522,875998
scout_gap,1,523,225.443,644.494,869.937,572,35,869.937,996.839
scout_generation,1,523,869937
scout_gap,1,524,225.206,643.065,868.271,572,35,868.271,964.701
scout_generation,1,524,868271
scout_gap,1,525,229.487,644.121,873.608,572,35,873.608,962.266
scout_generation,1,525,873608
scout_gap,1,526,221.464,643.199,864.663,572,35,864.663,972.088
scout_generation,1,526,864663
scout_gap,1,527,224.048,642.672,866.720,572,35,866.720,1034.341
scout_generation,1,527,866720
scout_gap,1,528,227.485,642.743,870.228,572,35,870.228,994.541
scout_generation,1,528,870228
scout_gap,1,529,218.943,644.772,863.715,572,35,863.715,1018.331
scout_generation,1,529,863715
scout_gap,1,530,227.036,642.606,869.642,572,35,869.642,999.364
scout_generation,1,530,869642
scout_gap,1,531,221.547,643.424,864.971,572,35,864.971,953.534
scout_generation,1,531,864971
scout_gap,1,532,221.033,643.058,864.091,572,35,864.091,954.301
scout_generation,1,532,864091
scout_gap,1,533,220.031,643.866,863.897,572,35,863.897,979.399
scout_generation,1,533,863897
scout_gap,1,534,220.224,642.794,863.018,572,35,863.018,952.800
scout_generation,1,534,863018
scout_gap,1,535,233.386,643.281,876.667,572,35,876.667,975.144
scout_generation,1,535,876667
scout_gap,1,536,223.040,644.057,867.097,572,35,867.097,1027.313
scout_generation,1,536,867097
scout_gap,1,537,232.761,642.747,875.508,572,35,875.508,1002.619
scout_generation,1,537,875508
scout_gap,1,538,234.596,642.680,877.276,572,35,877.276,997.650
scout_generation,1,538,877276
scout_gap,1,539,232.062,644.930,876.992,572,35,876.992,992.692
scout_generation,1,539,876992
scout_gap,1,540,226.783,644.072,870.855,572,35,870.855,971.457
scout_generation,1,540,870855
scout_gap,1,541,231.475,642.903,874.378,572,35,874.378,958.681
scout_generation,1,541,874378
scout_gap,1,542,224.926,642.714,867.640,572,35,867.640,1027.725
scout_generation,1,542,867640
scout_gap,1,543,221.914,644.894,866.808,572,35,866.808,967.436
scout_generation,1,543,866808
scout_gap,1,544,223.132,644.129,867.261,572,35,867.261,996.081
scout_generation,1,544,867261
scout_gap,1,545,228.799,642.595,871.394,572,35,871.394,995.866
scout_generation,1,545,871394
scout_gap,1,546,222.970,644.660,867.630,572,35,867.630,950.693
scout_generation,1,546,867630
scout_gap,1,547,221.849,644.953,866.802,572,35,866.802,999.169
scout_generation,1,547,866802
scout_gap,1,548,220.664,644.587,865.251,572,35,865.251,992.291
scout_generation,1,548,865251
scout_gap,1,549,219.545,644.658,864.203,572,35,864.203,979.914
scout_generation,1,549,864203
scout_gap,1,550,228.756,643.279,872.035,572,35,872.035,965.402
scout_generation,1,550,872035
scout_gap,1,551,226.291,643.542,869.833,572,35,869.833,964.073
scout_generation,1,551,869833
scout_gap,1,552,222.139,644.168,866.307,572,35,866.307,1029.913
scout_generation,1,552,866307
scout_gap,1,553,220.888,642.947,863.835,572,35,863.835,997.183
scout_generation,1,553,863835
scout_gap,1,554,221.966,642.774,864.740,572,35,864.740,951.170
scout_generation,1,554,864740
scout_gap,1,555,220.331,644.014,864.345,572,35,864.345,982.547
scout_generation,1,555,864345
scout_gap,1,556,221.450,642.651,864.101,572,35,864.101,974.907
scout_generation,1,556,864101
scout_gap,1,557,221.671,642.804,864.475,572,35,864.475,970.259
scout_generation,1,557,864475
scout_gap,1,558,219.972,644.362,864.334,572,35,864.334,988.964
scout_generation,1,558,864334
scout_gap,1,559,221.351,644.118,865.469,572,35,865.469,960.203
scout_generation,1,559,865469
scout_gap,1,560,218.780,644.503,863.283,572,35,863.283,1010.164
scout_generation,1,560,863283
scout_gap,1,561,219.330,643.637,862.967,572,35,862.967,1032.908
scout_generation,1,561,862967
scout_gap,1,562,221.616,643.075,864.691,572,35,864.691,983.076
scout_generation,1,562,864691
scout_gap,1,563,223.345,642.763,866.108,572,35,866.108,1038.777
scout_generation,1,563,866108
scout_gap,1,564,223.327,642.844,866.171,572,35,866.171,1023.431
scout_generation,1,564,866171
scout_gap,1,565,223.346,643.038,866.384,572,35,866.384,967.950
scout_generation,1,565,866384
scout_gap,1,566,219.087,643.792,862.879,572,35,862.879,989.535
scout_generation,1,566,862879
scout_gap,1,567,236.205,642.643,878.848,572,35,878.848,1015.754
scout_generation,1,567,878848
scout_gap,1,568,232.189,642.758,874.947,572,35,874.947,973.598
scout_generation,1,568,874947
scout_gap,1,569,221.749,642.814,864.563,572,35,864.563,1012.995
scout_generation,1,569,864563
scout_gap,1,570,217.929,644.839,862.768,572,35,862.768,1056.950
scout_generation,1,570,862768
scout_gap,1,571,221.193,644.422,865.615,572,35,865.615,1053.068
scout_generation,1,571,865615
scout_gap,1,572,218.934,643.908,862.842,572,35,862.842,978.942
scout_generation,1,572,862842
scout_gap,1,573,221.420,642.682,864.102,572,35,864.102,1054.812
scout_generation,1,573,864102
scout_gap,1,574,226.621,643.937,870.558,572,35,870.558,980.978
scout_generation,1,574,870558
scout_gap,1,575,227.425,643.019,870.444,572,35,870.444,998.858
scout_generation,1,575,870444
scout_gap,1,576,227.415,643.314,870.729,572,35,870.729,976.642
scout_generation,1,576,870729
scout_gap,1,577,220.417,644.352,864.769,572,35,864.769,978.861
scout_generation,1,577,864769
scout_gap,1,578,221.138,643.650,864.788,572,35,864.788,1013.235
scout_generation,1,578,864788
scout_gap,1,579,222.624,642.729,865.353,572,35,865.353,1036.210
scout_generation,1,579,865353
scout_gap,1,580,221.176,644.692,865.868,572,35,865.868,1009.059
scout_generation,1,580,865868
scout_gap,1,581,224.820,642.571,867.391,572,35,867.391,1055.012
scout_generation,1,581,867391
scout_gap,1,582,222.172,644.774,866.946,572,35,866.946,977.210
scout_generation,1,582,866946
scout_gap,1,583,221.922,644.513,866.435,572,35,866.435,1017.748
scout_generation,1,583,866435
scout_gap,1,584,239.219,643.236,882.455,572,35,882.455,1027.629
scout_generation,1,584,882455
scout_gap,1,585,238.417,643.367,881.784,572,35,881.784,1013.253
scout_generation,1,585,881784
scout_gap,1,586,233.810,642.704,876.514,572,35,876.514,983.437
scout_generation,1,586,876514
scout_gap,1,587,235.234,644.740,879.974,572,35,879.974,996.568
scout_generation,1,587,879974
scout_gap,1,588,234.179,643.297,877.476,572,35,877.476,1023.507
scout_generation,1,588,877476
scout_gap,1,589,235.816,643.622,879.438,572,35,879.438,1005.471
scout_generation,1,589,879438
scout_gap,1,590,240.845,642.673,883.518,572,35,883.518,970.296
scout_generation,1,590,883518
scout_gap,1,591,236.151,642.688,878.839,572,35,878.839,1008.686
scout_generation,1,591,878839
scout_gap,1,592,234.484,644.164,878.648,572,35,878.648,947.909
scout_generation,1,592,878648
scout_gap,1,593,235.474,643.490,878.964,572,35,878.964,999.491
scout_generation,1,593,878964
scout_gap,1,594,235.084,642.773,877.857,572,35,877.857,989.041
scout_generation,1,594,877857
scout_gap,1,595,232.788,642.752,875.540,572,35,875.540,981.950
scout_generation,1,595,875540
scout_gap,1,596,226.479,643.574,870.053,572,35,870.053,946.080
scout_generation,1,596,870053
scout_gap,1,597,235.578,644.320,879.898,572,35,879.898,969.504
scout_generation,1,597,879898
scout_gap,1,598,232.260,643.923,876.183,572,35,876.183,999.305
scout_generation,1,598,876183
scout_gap,1,599,233.162,644.405,877.567,572,35,877.567,1001.043
scout_generation,1,599,877567
scout_gap,1,600,233.629,644.138,877.767,572,35,877.767,1034.535
scout_generation,1,600,877767
scout_gap,1,601,229.948,642.794,872.742,572,35,872.742,992.442
scout_generation,1,601,872742
scout_gap,1,602,227.023,642.703,869.726,572,35,869.726,980.041
scout_generation,1,602,869726
scout_gap,1,603,228.226,644.274,872.500,572,35,872.500,962.160
scout_generation,1,603,872500
scout_gap,1,604,225.654,644.818,870.472,572,35,870.472,1045.902
scout_generation,1,604,870472
scout_gap,1,605,231.338,644.410,875.748,572,35,875.748,971.735
scout_generation,1,605,875748
scout_gap,1,606,233.383,643.484,876.867,572,35,876.867,975.223
scout_generation,1,606,876867
scout_gap,1,607,226.079,644.699,870.778,572,35,870.778,956.501
scout_generation,1,607,870778
scout_gap,1,608,233.380,642.696,876.076,572,35,876.076,969.389
scout_generation,1,608,876076
scout_gap,1,609,228.554,643.483,872.037,572,35,872.037,1038.160
scout_generation,1,609,872037
scout_gap,1,610,249.589,643.252,892.841,572,35,892.841,1021.974
scout_generation,1,610,892841
scout_gap,1,611,237.807,642.760,880.567,572,35,880.567,953.246
scout_generation,1,611,880567
scout_gap,1,612,247.114,643.902,891.016,572,35,891.016,1013.199
scout_generation,1,612,891016
scout_gap,1,613,247.271,644.566,891.837,572,35,891.837,963.315
scout_generation,1,613,891837
scout_gap,1,614,260.276,643.074,903.350,572,35,903.350,966.770
scout_generation,1,614,903350
scout_gap,1,615,222.524,643.956,866.480,572,35,866.480,999.231
scout_generation,1,615,866480
scout_gap,1,616,224.633,643.025,867.658,572,35,867.658,984.729
scout_generation,1,616,867658
scout_gap,1,617,223.847,642.687,866.534,572,35,866.534,992.424
scout_generation,1,617,866534
scout_gap,1,618,224.444,643.717,868.161,572,35,868.161,1045.306
scout_generation,1,618,868161
scout_gap,1,619,223.233,643.834,867.067,572,35,867.067,989.202
scout_generation,1,619,867067
scout_gap,1,620,225.874,642.671,868.545,572,35,868.545,997.425
scout_generation,1,620,868545
scout_gap,1,621,225.656,644.076,869.732,572,35,869.732,956.526
scout_generation,1,621,869732
scout_gap,1,622,226.487,642.772,869.259,572,35,869.259,1004.432
scout_generation,1,622,869259
scout_gap,1,623,222.758,644.813,867.571,572,35,867.571,990.666
scout_generation,1,623,867571
scout_gap,1,624,223.700,643.537,867.237,572,35,867.237,967.989
scout_generation,1,624,867237
scout_gap,1,625,222.583,644.281,866.864,572,35,866.864,955.773
scout_generation,1,625,866864
scout_gap,1,626,224.267,642.866,867.133,572,35,867.133,958.103
scout_generation,1,626,867133
scout_gap,1,627,224.786,642.625,867.411,572,35,867.411,1042.453
scout_generation,1,627,867411
scout_gap,1,628,223.646,643.976,867.622,572,35,867.622,997.373
scout_generation,1,628,867622
scout_gap,1,629,224.948,643.048,867.996,572,35,867.996,981.201
scout_generation,1,629,867996
scout_gap,1,630,225.708,643.647,869.355,572,35,869.355,1038.803
scout_generation,1,630,869355
scout_gap,1,631,225.233,642.981,868.214,572,35,868.214,966.902
scout_generation,1,631,868214
scout_gap,1,632,224.772,643.686,868.458,572,35,868.458,980.555
scout_generation,1,632,868458
scout_gap,1,633,224.747,644.041,868.788,572,35,868.788,992.402
scout_generation,1,633,868788
scout_gap,1,634,225.535,642.703,868.238,572,35,868.238,995.324
scout_generation,1,634,868238
scout_gap,1,635,225.779,642.747,868.526,572,35,868.526,999.819
scout_generation,1,635,868526
scout_gap,1,636,225.357,642.994,868.351,572,35,868.351,965.906
scout_generation,1,636,868351
scout_gap,1,637,224.247,644.765,869.012,572,35,869.012,954.188
scout_generation,1,637,869012
scout_gap,1,638,224.885,644.640,869.525,572,35,869.525,1028.492
scout_generation,1,638,869525
scout_gap,1,639,226.697,642.822,869.519,572,35,869.519,969.995
scout_generation,1,639,869519
scout_gap,1,640,261.102,644.091,905.193,572,35,905.193,1005.676
scout_generation,1,640,905193
scout_gap,1,641,264.267,643.039,907.306,572,35,907.306,975.958
scout_generation,1,641,907306
scout_gap,1,642,237.548,642.771,880.319,572,35,880.319,988.087
scout_generation,1,642,880319
scout_gap,1,643,239.741,644.897,884.638,572,35,884.638,974.454
scout_generation,1,643,884638
scout_gap,1,644,266.684,644.344,911.028,572,35,911.028,963.873
scout_generation,1,644,911028
scout_gap,1,645,253.098,644.771,897.869,572,35,897.869,1042.796
scout_generation,1,645,897869
scout_gap,1,646,257.717,643.411,901.128,572,35,901.128,953.355
scout_generation,1,646,901128
scout_gap,1,647,258.775,644.436,903.211,572,35,903.211,990.581
scout_generation,1,647,903211
scout_gap,1,648,262.131,644.779,906.910,572,35,906.910,969.544
scout_generation,1,648,906910
scout_gap,1,649,258.910,643.694,902.604,572,35,902.604,954.359
scout_generation,1,649,902604
scout_gap,1,650,260.549,644.618,905.167,572,35,905.167,964.013
scout_generation,1,650,905167
scout_gap,1,651,260.038,644.020,904.058,572,35,904.058,961.304
scout_generation,1,651,904058
scout_gap,1,652,258.361,644.670,903.031,572,35,903.031,976.735
scout_generation,1,652,903031
scout_gap,1,653,254.561,644.624,899.185,572,35,899.185,999.167
scout_generation,1,653,899185
scout_gap,1,654,252.623,644.272,896.895,572,35,896.895,991.505
scout_generation,1,654,896895
scout_gap,1,655,294.795,644.692,939.487,572,35,939.487,998.960
scout_generation,1,655,939487
scout_gap,1,656,286.450,644.513,930.963,572,35,930.963,989.207
scout_generation,1,656,930963
scout_gap,1,657,252.674,643.387,896.061,572,35,896.061,1046.518
scout_generation,1,657,896061
scout_gap,1,658,311.733,642.696,954.429,572,35,954.429,1023.226
scout_generation,1,658,954429
scout_gap,1,659,276.810,644.785,921.595,572,35,921.595,1006.457
scout_generation,1,659,921595
scout_gap,1,660,295.608,644.557,940.165,572,35,940.165,1020.116
scout_generation,1,660,940165
scout_gap,1,661,263.331,643.507,906.838,572,35,906.838,1013.626
scout_generation,1,661,906838
scout_gap,1,662,280.863,643.085,923.948,572,35,923.948,1006.914
scout_generation,1,662,923948
scout_gap,1,663,275.833,642.744,918.577,572,35,918.577,1004.304
scout_generation,1,663,918577
scout_gap,1,664,315.631,644.382,960.013,572,35,960.013,1020.355
scout_generation,1,664,960013
scout_gap,1,665,323.448,642.730,966.178,572,35,966.178,981.968
scout_generation,1,665,966178
scout_gap,1,666,313.201,643.360,956.561,572,35,956.561,1007.355
scout_generation,1,666,956561
scout_gap,1,667,295.468,644.084,939.552,572,35,939.552,1004.661
scout_generation,1,667,939552
scout_gap,1,668,325.430,643.700,969.130,572,35,969.130,976.322
scout_generation,1,668,969130
scout_gap,1,669,308.809,644.394,953.203,572,35,953.203,958.770
scout_generation,1,669,953203
scout_gap,1,670,325.856,643.583,969.439,572,35,969.439,980.676
scout_generation,1,670,969439
scout_gap,1,671,295.831,643.102,938.933,572,35,938.933,1004.708
scout_generation,1,671,938933
scout_gap,1,672,315.217,642.754,957.971,572,35,957.971,1016.010
scout_generation,1,672,957971
scout_gap,1,673,295.315,644.677,939.992,572,35,939.992,1015.137
scout_generation,1,673,939992
scout_gap,1,674,317.218,644.720,961.938,572,35,961.938,996.564
scout_generation,1,674,961938
scout_gap,1,675,273.081,644.937,918.018,572,35,918.018,978.116
scout_generation,1,675,918018
scout_gap,1,676,290.504,643.921,934.425,572,35,934.425,990.100
scout_generation,1,676,934425
scout_gap,1,677,303.051,643.278,946.329,572,35,946.329,1003.630
scout_generation,1,677,946329
scout_gap,1,678,286.530,643.957,930.487,572,35,930.487,978.943
scout_generation,1,678,930487
scout_gap,1,679,339.484,642.761,982.245,572,35,982.245,1026.934
scout_generation,1,679,982245
scout_gap,1,680,323.305,644.075,967.380,572,35,967.380,999.119
scout_generation,1,680,967380
scout_gap,1,681,306.538,642.738,949.276,572,35,949.276,966.230
scout_generation,1,681,949276
scout_gap,1,682,343.869,644.651,988.520,572,35,988.520,1009.423
scout_generation,1,682,988520
scout_gap,1,683,340.927,642.739,983.666,572,35,983.666,1032.304
scout_generation,1,683,983666
scout_gap,1,684,321.250,643.104,964.354,572,35,964.354,983.006
scout_generation,1,684,964354
scout_gap,1,685,312.384,644.278,956.662,572,35,956.662,1011.707
scout_generation,1,685,956662
scout_gap,1,686,305.309,644.361,949.670,572,35,949.670,965.582
scout_generation,1,686,949670
scout_gap,1,687,261.195,644.165,905.360,572,35,905.360,1043.467
scout_generation,1,687,905360
scout_gap,1,688,325.987,644.825,970.812,572,35,970.812,993.999
scout_generation,1,688,970812
scout_gap,1,689,344.303,643.118,987.421,572,35,987.421,1004.890
scout_generation,1,689,987421
scout_gap,1,690,354.780,642.697,997.477,572,35,997.477,1017.686
scout_generation,1,690,997477
scout_gap,1,691,316.866,643.416,960.282,572,35,960.282,1023.982
scout_generation,1,691,960282
scout_gap,1,692,349.766,642.712,992.478,572,34,992.478,1032.088
scout_generation,1,692,992478
scout_gap,1,693,333.543,644.596,978.139,572,33,978.139,1011.981
scout_generation,1,693,978139
scout_gap,1,694,287.960,660.435,948.395,572,32,948.395,988.170
scout_generation,1,694,948395
scout_gap,1,695,304.552,662.453,967.005,572,32,967.005,989.521
scout_generation,1,695,967005
scout_gap,1,696,349.883,621.378,971.261,572,30,971.261,1053.458
scout_generation,1,696,971261
scout_gap,1,697,294.832,644.695,939.527,572,32,939.527,1009.758
scout_generation,1,697,939527
scout_gap,1,698,383.102,644.703,1027.805,572,31,1027.805,1055.404
scout_generation,1,698,1027805
scout_gap,1,699,366.525,644.183,1010.708,572,30,1010.708,1032.004
scout_generation,1,699,1010708
reloadstall_csv,1,700,700,0,400400,1.003630,1.053742,1.058936,219.888,295.679,383.102,219.888,295.679,383.102,863.715,940.165,1027.805,376,456,0,700,0
scout_clock,2,57212738,1791312304296145,57212738
scout_gap,2,0,213.674,609.523,823.197,572,35,823.197,905.882
scout_generation,2,0,823197
scout_gap,2,1,213.906,609.591,823.497,572,35,823.497,957.531
scout_generation,2,1,823497
scout_gap,2,2,215.639,607.877,823.516,572,35,823.516,965.735
scout_generation,2,2,823516
scout_gap,2,3,214.587,608.811,823.398,572,35,823.398,922.985
scout_generation,2,3,823398
scout_gap,2,4,213.006,610.323,823.329,572,35,823.329,915.659
scout_generation,2,4,823329
scout_gap,2,5,215.186,607.913,823.099,572,35,823.099,910.745
scout_generation,2,5,823099
scout_gap,2,6,214.272,609.435,823.707,572,35,823.707,929.542
scout_generation,2,6,823707
scout_gap,2,7,216.110,607.475,823.585,572,35,823.585,915.743
scout_generation,2,7,823585
scout_gap,2,8,213.971,609.938,823.909,572,35,823.909,930.867
scout_generation,2,8,823909
scout_gap,2,9,213.777,609.709,823.486,572,35,823.486,915.869
scout_generation,2,9,823486
scout_gap,2,10,215.540,608.198,823.738,572,35,823.738,925.880
scout_generation,2,10,823738
scout_gap,2,11,216.010,607.787,823.797,572,35,823.797,940.174
scout_generation,2,11,823797
scout_gap,2,12,213.124,610.689,823.813,572,35,823.813,934.244
scout_generation,2,12,823813
scout_gap,2,13,214.213,609.482,823.695,572,35,823.695,952.773
scout_generation,2,13,823695
scout_gap,2,14,214.547,609.245,823.792,572,35,823.792,946.158
scout_generation,2,14,823792
scout_gap,2,15,212.681,610.810,823.491,572,35,823.491,918.046
scout_generation,2,15,823491
scout_gap,2,16,214.022,609.615,823.637,572,35,823.637,981.025
scout_generation,2,16,823637
scout_gap,2,17,215.217,608.328,823.545,572,35,823.545,907.334
scout_generation,2,17,823545
scout_gap,2,18,215.204,608.274,823.478,572,35,823.478,927.957
scout_generation,2,18,823478
scout_gap,2,19,214.569,609.056,823.625,572,35,823.625,952.972
scout_generation,2,19,823625
scout_gap,2,20,213.622,609.967,823.589,572,35,823.589,959.796
scout_generation,2,20,823589
scout_gap,2,21,213.636,610.099,823.735,572,35,823.735,933.017
scout_generation,2,21,823735
scout_gap,2,22,212.885,610.840,823.725,572,35,823.725,942.759
scout_generation,2,22,823725
scout_gap,2,23,216.327,607.506,823.833,572,35,823.833,937.178
scout_generation,2,23,823833
scout_gap,2,24,215.473,608.297,823.770,572,35,823.770,922.836
scout_generation,2,24,823770
scout_gap,2,25,215.986,607.670,823.656,572,35,823.656,937.485
scout_generation,2,25,823656
scout_gap,2,26,213.646,610.167,823.813,572,35,823.813,955.493
scout_generation,2,26,823813
scout_gap,2,27,214.968,608.996,823.964,572,35,823.964,915.721
scout_generation,2,27,823964
scout_gap,2,28,214.897,608.732,823.629,572,35,823.629,967.581
scout_generation,2,28,823629
scout_gap,2,29,213.361,610.445,823.806,572,35,823.806,947.488
scout_generation,2,29,823806
scout_gap,2,30,214.664,609.107,823.771,572,35,823.771,966.951
scout_generation,2,30,823771
scout_gap,2,31,213.359,610.418,823.777,572,35,823.777,970.224
scout_generation,2,31,823777
scout_gap,2,32,215.050,608.775,823.825,572,35,823.825,959.721
scout_generation,2,32,823825
scout_gap,2,33,213.280,610.711,823.991,572,35,823.991,931.574
scout_generation,2,33,823991
scout_gap,2,34,214.023,609.930,823.953,572,35,823.953,968.837
scout_generation,2,34,823953
scout_gap,2,35,215.634,608.289,823.923,572,35,823.923,958.742
scout_generation,2,35,823923
scout_gap,2,36,216.189,607.603,823.792,572,35,823.792,975.249
scout_generation,2,36,823792
scout_gap,2,37,215.282,608.673,823.955,572,35,823.955,950.195
scout_generation,2,37,823955
scout_gap,2,38,215.274,608.808,824.082,572,35,824.082,948.955
scout_generation,2,38,824082
scout_gap,2,39,213.783,609.441,823.224,572,35,823.224,921.188
scout_generation,2,39,823224
scout_gap,2,40,214.811,608.553,823.364,572,35,823.364,980.537
scout_generation,2,40,823364
scout_gap,2,41,213.062,610.401,823.463,572,35,823.463,911.541
scout_generation,2,41,823463
scout_gap,2,42,214.634,608.528,823.162,572,35,823.162,921.109
scout_generation,2,42,823162
scout_gap,2,43,215.432,608.247,823.679,572,35,823.679,929.790
scout_generation,2,43,823679
scout_gap,2,44,212.833,610.763,823.596,572,35,823.596,939.455
scout_generation,2,44,823596
scout_gap,2,45,213.244,610.494,823.738,572,35,823.738,967.944
scout_generation,2,45,823738
scout_gap,2,46,213.844,609.842,823.686,572,35,823.686,947.774
scout_generation,2,46,823686
scout_gap,2,47,214.243,609.494,823.737,572,35,823.737,924.816
scout_generation,2,47,823737
scout_gap,2,48,214.770,608.948,823.718,572,35,823.718,916.261
scout_generation,2,48,823718
scout_gap,2,49,214.310,609.388,823.698,572,35,823.698,911.944
scout_generation,2,49,823698
scout_gap,2,50,216.045,607.858,823.903,572,35,823.903,952.894
scout_generation,2,50,823903
scout_gap,2,51,214.038,609.719,823.757,572,35,823.757,958.249
scout_generation,2,51,823757
scout_gap,2,52,215.031,608.818,823.849,572,35,823.849,956.042
scout_generation,2,52,823849
scout_gap,2,53,215.767,607.960,823.727,572,35,823.727,953.967
scout_generation,2,53,823727
scout_gap,2,54,214.358,609.532,823.890,572,35,823.890,982.353
scout_generation,2,54,823890
scout_gap,2,55,214.042,609.550,823.592,572,35,823.592,894.752
scout_generation,2,55,823592
scout_gap,2,56,214.350,609.078,823.428,572,35,823.428,935.943
scout_generation,2,56,823428
scout_gap,2,57,215.204,608.055,823.259,572,35,823.259,894.232
scout_generation,2,57,823259
scout_gap,2,58,213.702,609.998,823.700,572,35,823.700,904.392
scout_generation,2,58,823700
scout_gap,2,59,213.335,610.188,823.523,572,35,823.523,928.107
scout_generation,2,59,823523
scout_gap,2,60,214.656,608.868,823.524,572,35,823.524,947.932
scout_generation,2,60,823524
scout_gap,2,61,214.629,609.063,823.692,572,35,823.692,911.864
scout_generation,2,61,823692
scout_gap,2,62,214.728,608.932,823.660,572,35,823.660,927.937
scout_generation,2,62,823660
scout_gap,2,63,213.147,610.488,823.635,572,35,823.635,951.050
scout_generation,2,63,823635
scout_gap,2,64,213.837,610.035,823.872,572,35,823.872,951.769
scout_generation,2,64,823872
scout_gap,2,65,214.534,609.201,823.735,572,35,823.735,912.761
scout_generation,2,65,823735
scout_gap,2,66,215.080,608.693,823.773,572,35,823.773,953.028
scout_generation,2,66,823773
scout_gap,2,67,213.769,609.885,823.654,572,35,823.654,948.698
scout_generation,2,67,823654
scout_gap,2,68,215.728,608.105,823.833,572,35,823.833,972.033
scout_generation,2,68,823833
scout_gap,2,69,213.545,610.081,823.626,572,35,823.626,922.806
scout_generation,2,69,823626
scout_gap,2,70,215.765,608.052,823.817,572,35,823.817,960.144
scout_generation,2,70,823817
scout_gap,2,71,216.188,607.724,823.912,572,35,823.912,939.819
scout_generation,2,71,823912
scout_gap,2,72,213.850,610.091,823.941,572,35,823.941,926.334
scout_generation,2,72,823941
scout_gap,2,73,215.963,608.031,823.994,572,35,823.994,924.055
scout_generation,2,73,823994
scout_gap,2,74,215.708,608.203,823.911,572,35,823.911,902.653
scout_generation,2,74,823911
scout_gap,2,75,215.526,607.768,823.294,572,35,823.294,977.794
scout_generation,2,75,823294
scout_gap,2,76,317.360,609.513,926.873,572,35,926.873,931.773
scout_generation,2,76,926873
scout_gap,2,77,346.390,609.368,955.758,572,35,955.758,960.736
scout_generation,2,77,955758
scout_gap,2,78,318.176,609.970,928.146,572,35,928.146,935.449
scout_generation,2,78,928146
scout_gap,2,79,326.273,609.216,935.489,572,35,935.489,942.743
scout_generation,2,79,935489
scout_gap,2,80,318.317,609.143,927.460,572,35,927.460,932.540
scout_generation,2,80,927460
scout_gap,2,81,318.552,610.733,929.285,572,35,929.285,934.181
scout_generation,2,81,929285
scout_gap,2,82,314.836,610.482,925.318,572,35,925.318,930.176
scout_generation,2,82,925318
scout_gap,2,83,345.595,608.824,954.419,572,35,954.419,995.582
scout_generation,2,83,954419
scout_gap,2,84,350.860,607.661,958.521,572,35,958.521,963.498
scout_generation,2,84,958521
scout_gap,2,85,353.053,609.086,962.139,572,35,962.139,969.345
scout_generation,2,85,962139
scout_gap,2,86,315.157,608.206,923.363,572,35,923.363,928.308
scout_generation,2,86,923363
scout_gap,2,87,319.067,609.276,928.343,572,35,928.343,933.288
scout_generation,2,87,928343
scout_gap,2,88,382.051,609.532,991.583,572,35,991.583,996.519
scout_generation,2,88,991583
scout_gap,2,89,367.797,609.402,977.199,572,35,977.199,982.125
scout_generation,2,89,977199
scout_gap,2,90,366.225,607.465,973.690,572,35,973.690,978.696
scout_generation,2,90,973690
scout_gap,2,91,366.942,610.568,977.510,572,35,977.510,982.476
scout_generation,2,91,977510
scout_gap,2,92,322.281,607.558,929.839,572,35,929.839,934.950
scout_generation,2,92,929839
scout_gap,2,93,371.230,609.604,980.834,572,35,980.834,985.714
scout_generation,2,93,980834
scout_gap,2,94,323.643,607.800,931.443,572,35,931.443,936.399
scout_generation,2,94,931443
scout_gap,2,95,335.107,610.803,945.910,572,35,945.910,977.347
scout_generation,2,95,945910
scout_gap,2,96,341.187,609.149,950.336,572,35,950.336,955.296
scout_generation,2,96,950336
scout_gap,2,97,327.712,608.267,935.979,572,35,935.979,940.971
scout_generation,2,97,935979
scout_gap,2,98,329.573,609.808,939.381,572,35,939.381,944.399
scout_generation,2,98,939381
scout_gap,2,99,330.835,607.728,938.563,572,35,938.563,943.553
scout_generation,2,99,938563
scout_gap,2,100,331.664,609.077,940.741,572,35,940.741,948.508
scout_generation,2,100,940741
scout_gap,2,101,334.112,609.553,943.665,572,35,943.665,948.673
scout_generation,2,101,943665
scout_gap,2,102,342.330,610.680,953.010,572,35,953.010,960.218
scout_generation,2,102,953010
scout_gap,2,103,338.993,609.995,948.988,572,35,948.988,953.859
scout_generation,2,103,948988
scout_gap,2,104,338.561,608.851,947.412,572,35,947.412,952.515
scout_generation,2,104,947412
scout_gap,2,105,342.526,610.744,953.270,572,35,953.270,958.199
scout_generation,2,105,953270
scout_gap,2,106,374.395,608.933,983.328,572,35,983.328,989.407
scout_generation,2,106,983328
scout_gap,2,107,364.855,607.736,972.591,572,35,972.591,977.583
scout_generation,2,107,972591
scout_gap,2,108,380.320,607.713,988.033,572,35,988.033,992.990
scout_generation,2,108,988033
scout_gap,2,109,383.057,609.570,992.627,572,35,992.627,997.631
scout_generation,2,109,992627
scout_gap,2,110,384.259,609.804,994.063,572,35,994.063,999.252
scout_generation,2,110,994063
scout_gap,2,111,379.584,610.464,990.048,572,35,990.048,997.374
scout_generation,2,111,990048
scout_gap,2,112,378.257,609.167,987.424,572,35,987.424,994.681
scout_generation,2,112,987424
scout_gap,2,113,379.302,608.929,988.231,572,35,988.231,993.336
scout_generation,2,113,988231
scout_gap,2,114,380.580,607.799,988.379,572,35,988.379,993.727
scout_generation,2,114,988379
scout_gap,2,115,372.603,608.596,981.199,572,35,981.199,986.564
scout_generation,2,115,981199
scout_gap,2,116,384.414,607.926,992.340,572,35,992.340,998.615
scout_generation,2,116,992340
scout_gap,2,117,382.940,610.096,993.036,572,35,993.036,998.068
scout_generation,2,117,993036
scout_gap,2,118,380.287,609.485,989.772,572,35,989.772,994.935
scout_generation,2,118,989772
scout_gap,2,119,385.450,609.293,994.743,572,35,994.743,1000.952
scout_generation,2,119,994743
scout_gap,2,120,372.611,607.503,980.114,572,35,980.114,987.360
scout_generation,2,120,980114
scout_gap,2,121,385.915,609.562,995.477,572,35,995.477,1000.383
scout_generation,2,121,995477
scout_gap,2,122,367.613,610.504,978.117,572,35,978.117,983.061
scout_generation,2,122,978117
scout_gap,2,123,373.524,609.348,982.872,572,35,982.872,989.985
scout_generation,2,123,982872
scout_gap,2,124,376.156,610.451,986.607,572,35,986.607,992.285
scout_generation,2,124,986607
scout_gap,2,125,343.062,609.206,952.268,572,35,952.268,957.261
scout_generation,2,125,952268
scout_gap,2,126,341.328,610.274,951.602,572,35,951.602,956.630
scout_generation,2,126,951602
scout_gap,2,127,359.598,609.332,968.930,572,35,968.930,976.144
scout_generation,2,127,968930
scout_gap,2,128,357.183,608.123,965.306,572,35,965.306,970.705
scout_generation,2,128,965306
scout_gap,2,129,368.248,610.195,978.443,572,35,978.443,988.214
scout_generation,2,129,978443
scout_gap,2,130,388.076,608.479,996.555,572,35,996.555,1001.345
scout_generation,2,130,996555
scout_gap,2,131,372.966,610.132,983.098,572,35,983.098,987.987
scout_generation,2,131,983098
scout_gap,2,132,388.429,608.373,996.802,572,35,996.802,1001.714
scout_generation,2,132,996802
scout_gap,2,133,376.256,609.534,985.790,572,35,985.790,990.670
scout_generation,2,133,985790
scout_gap,2,134,367.314,608.878,976.192,572,35,976.192,983.258
scout_generation,2,134,976192
scout_gap,2,135,385.651,610.143,995.794,572,35,995.794,1000.814
scout_generation,2,135,995794
scout_gap,2,136,343.309,609.500,952.809,572,35,952.809,958.384
scout_generation,2,136,952809
scout_gap,2,137,345.420,608.679,954.099,572,35,954.099,959.010
scout_generation,2,137,954099
scout_gap,2,138,353.341,608.038,961.379,572,35,961.379,968.564
scout_generation,2,138,961379
scout_gap,2,139,367.081,608.941,976.022,572,35,976.022,981.113
scout_generation,2,139,976022
scout_gap,2,140,388.422,609.616,998.038,572,35,998.038,1002.952
scout_generation,2,140,998038
scout_gap,2,141,388.394,609.267,997.661,572,35,997.661,1002.696
scout_generation,2,141,997661
scout_gap,2,142,377.372,609.468,986.840,572,35,986.840,991.769
scout_generation,2,142,986840
scout_gap,2,143,383.280,610.265,993.545,572,35,993.545,998.473
scout_generation,2,143,993545
scout_gap,2,144,384.387,609.579,993.966,572,35,993.966,998.900
scout_generation,2,144,993966
scout_gap,2,145,388.218,607.482,995.700,572,35,995.700,1001.446
scout_generation,2,145,995700
scout_gap,2,146,382.446,609.354,991.800,572,35,991.800,996.751
scout_generation,2,146,991800
scout_gap,2,147,347.498,608.060,955.558,572,35,955.558,966.736
scout_generation,2,147,955558
scout_gap,2,148,328.497,610.407,938.904,572,35,938.904,946.124
scout_generation,2,148,938904
scout_gap,2,149,348.549,610.742,959.291,572,35,959.291,966.485
scout_generation,2,149,959291
scout_gap,2,150,325.021,609.277,934.298,572,35,934.298,939.227
scout_generation,2,150,934298
scout_gap,2,151,343.140,609.443,952.583,572,35,952.583,957.504
scout_generation,2,151,952583
scout_gap,2,152,383.630,607.879,991.509,572,35,991.509,997.828
scout_generation,2,152,991509
scout_gap,2,153,370.143,608.410,978.553,572,35,978.553,988.657
scout_generation,2,153,978553
scout_gap,2,154,372.116,608.144,980.260,572,35,980.260,986.582
scout_generation,2,154,980260
scout_gap,2,155,351.913,607.529,959.442,572,35,959.442,965.249
scout_generation,2,155,959442
scout_gap,2,156,367.317,609.740,977.057,572,35,977.057,982.053
scout_generation,2,156,977057
scout_gap,2,157,367.300,609.800,977.100,572,35,977.100,982.042
scout_generation,2,157,977100
scout_gap,2,158,364.080,610.788,974.868,572,35,974.868,979.887
scout_generation,2,158,974868
scout_gap,2,159,356.075,607.567,963.642,572,35,963.642,970.180
scout_generation,2,159,963642
scout_gap,2,160,337.808,607.704,945.512,572,35,945.512,950.433
scout_generation,2,160,945512
scout_gap,2,161,324.832,608.506,933.338,572,35,933.338,938.253
scout_generation,2,161,933338
scout_gap,2,162,328.992,607.849,936.841,572,35,936.841,941.745
scout_generation,2,162,936841
scout_gap,2,163,346.093,609.234,955.327,572,35,955.327,962.759
scout_generation,2,163,955327
scout_gap,2,164,328.831,610.095,938.926,572,35,938.926,944.020
scout_generation,2,164,938926
scout_gap,2,165,336.245,610.344,946.589,572,35,946.589,951.566
scout_generation,2,165,946589
scout_gap,2,166,330.452,609.406,939.858,572,35,939.858,944.806
scout_generation,2,166,939858
scout_gap,2,167,333.102,609.380,942.482,572,35,942.482,970.978
scout_generation,2,167,942482
scout_gap,2,168,335.707,609.154,944.861,572,35,944.861,952.021
scout_generation,2,168,944861
scout_gap,2,169,338.934,610.004,948.938,572,35,948.938,954.079
scout_generation,2,169,948938
scout_gap,2,170,338.510,609.070,947.580,572,35,947.580,952.625
scout_generation,2,170,947580
scout_gap,2,171,378.003,609.862,987.865,572,35,987.865,993.019
scout_generation,2,171,987865
scout_gap,2,172,360.348,610.794,971.142,572,35,971.142,978.379
scout_generation,2,172,971142
scout_gap,2,173,345.085,609.341,954.426,572,35,954.426,960.152
scout_generation,2,173,954426
scout_gap,2,174,343.043,609.050,952.093,572,35,952.093,958.148
scout_generation,2,174,952093
scout_gap,2,175,360.153,610.611,970.764,572,35,970.764,975.936
scout_generation,2,175,970764
scout_gap,2,176,388.597,607.680,996.277,572,35,996.277,1001.973
scout_generation,2,176,996277
scout_gap,2,177,387.733,608.690,996.423,572,35,996.423,1001.927
scout_generation,2,177,996423
scout_gap,2,178,383.437,609.478,992.915,572,35,992.915,997.974
scout_generation,2,178,992915
scout_gap,2,179,388.598,607.749,996.347,572,35,996.347,1001.458
scout_generation,2,179,996347
scout_gap,2,180,384.753,609.014,993.767,572,35,993.767,998.783
scout_generation,2,180,993767
scout_gap,2,181,385.401,608.066,993.467,572,35,993.467,998.484
scout_generation,2,181,993467
scout_gap,2,182,388.809,608.629,997.438,572,35,997.438,1003.100
scout_generation,2,182,997438
scout_gap,2,183,370.300,610.580,980.880,572,35,980.880,985.747
scout_generation,2,183,980880
scout_gap,2,184,356.687,608.356,965.043,572,35,965.043,969.948
scout_generation,2,184,965043
scout_gap,2,185,320.980,610.642,931.622,572,35,931.622,938.864
scout_generation,2,185,931622
scout_gap,2,186,322.281,608.654,930.935,572,35,930.935,935.997
scout_generation,2,186,930935
scout_gap,2,187,324.034,608.351,932.385,572,35,932.385,937.315
scout_generation,2,187,932385
scout_gap,2,188,330.403,607.462,937.865,572,35,937.865,942.722
scout_generation,2,188,937865
scout_gap,2,189,324.916,608.836,933.752,572,35,933.752,938.723
scout_generation,2,189,933752
scout_gap,2,190,329.125,607.650,936.775,572,35,936.775,941.702
scout_generation,2,190,936775
scout_gap,2,191,325.105,609.174,934.279,572,35,934.279,939.539
scout_generation,2,191,934279
scout_gap,2,192,331.730,610.041,941.771,572,35,941.771,946.601
scout_generation,2,192,941771
scout_gap,2,193,331.492,608.240,939.732,572,35,939.732,944.788
scout_generation,2,193,939732
scout_gap,2,194,330.366,608.003,938.369,572,35,938.369,945.699
scout_generation,2,194,938369
scout_gap,2,195,338.163,607.500,945.663,572,35,945.663,950.661
scout_generation,2,195,945663
scout_gap,2,196,330.858,608.636,939.494,572,35,939.494,944.364
scout_generation,2,196,939494
scout_gap,2,197,330.660,608.600,939.260,572,35,939.260,965.795
scout_generation,2,197,939260
scout_gap,2,198,333.746,609.020,942.766,572,35,942.766,949.652
scout_generation,2,198,942766
scout_gap,2,199,352.829,607.476,960.305,572,35,960.305,970.703
scout_generation,2,199,960305
scout_gap,2,200,334.425,609.666,944.091,572,35,944.091,949.068
scout_generation,2,200,944091
scout_gap,2,201,343.007,610.060,953.067,572,35,953.067,960.261
scout_generation,2,201,953067
scout_gap,2,202,338.116,609.852,947.968,572,35,947.968,952.921
scout_generation,2,202,947968
scout_gap,2,203,336.934,610.515,947.449,572,35,947.449,952.394
scout_generation,2,203,947449
scout_gap,2,204,213.727,609.951,823.678,572,35,823.678,966.332
scout_generation,2,204,823678
scout_gap,2,205,213.353,610.511,823.864,572,35,823.864,977.170
scout_generation,2,205,823864
scout_gap,2,206,213.474,610.131,823.605,572,35,823.605,914.747
scout_generation,2,206,823605
scout_gap,2,207,214.919,608.757,823.676,572,35,823.676,905.868
scout_generation,2,207,823676
scout_gap,2,208,215.729,607.935,823.664,572,35,823.664,953.236
scout_generation,2,208,823664
scout_gap,2,209,214.957,608.926,823.883,572,35,823.883,942.673
scout_generation,2,209,823883
scout_gap,2,210,214.245,609.631,823.876,572,35,823.876,936.802
scout_generation,2,210,823876
scout_gap,2,211,213.592,610.342,823.934,572,35,823.934,943.624
scout_generation,2,211,823934
scout_gap,2,212,214.406,609.290,823.696,572,35,823.696,941.054
scout_generation,2,212,823696
scout_gap,2,213,213.757,609.978,823.735,572,35,823.735,940.962
scout_generation,2,213,823735
scout_gap,2,214,214.173,609.682,823.855,572,35,823.855,946.099
scout_generation,2,214,823855
scout_gap,2,215,214.464,609.535,823.999,572,35,823.999,948.043
scout_generation,2,215,823999
scout_gap,2,216,215.072,608.965,824.037,572,35,824.037,947.796
scout_generation,2,216,824037
scout_gap,2,217,214.053,609.765,823.818,572,35,823.818,981.165
scout_generation,2,217,823818
scout_gap,2,218,213.900,609.846,823.746,572,35,823.746,948.339
scout_generation,2,218,823746
scout_gap,2,219,215.476,608.466,823.942,572,35,823.942,950.587
scout_generation,2,219,823942
scout_gap,2,220,213.314,610.614,823.928,572,35,823.928,946.305
scout_generation,2,220,823928
scout_gap,2,221,216.038,607.909,823.947,572,35,823.947,952.073
scout_generation,2,221,823947
scout_gap,2,222,213.328,610.835,824.163,572,35,824.163,986.687
scout_generation,2,222,824163
scout_gap,2,223,216.208,607.743,823.951,572,35,823.951,900.783
scout_generation,2,223,823951
scout_gap,2,224,216.393,607.696,824.089,572,35,824.089,910.037
scout_generation,2,224,824089
scout_gap,2,225,215.675,608.471,824.146,572,35,824.146,970.874
scout_generation,2,225,824146
scout_gap,2,226,214.910,609.121,824.031,572,35,824.031,927.816
scout_generation,2,226,824031
scout_gap,2,227,216.683,607.471,824.154,572,35,824.154,918.323
scout_generation,2,227,824154
scout_gap,2,228,215.786,608.401,824.187,572,35,824.187,977.069
scout_generation,2,228,824187
scout_gap,2,229,215.260,609.111,824.371,572,35,824.371,958.844
scout_generation,2,229,824371
scout_gap,2,230,216.542,607.763,824.305,572,35,824.305,988.177
scout_generation,2,230,824305
scout_gap,2,231,214.015,610.332,824.347,572,35,824.347,909.620
scout_generation,2,231,824347
scout_gap,2,232,214.973,609.450,824.423,572,35,824.423,931.166
scout_generation,2,232,824423
scout_gap,2,233,214.275,610.030,824.305,572,35,824.305,960.875
scout_generation,2,233,824305
scout_gap,2,234,214.435,609.824,824.259,572,35,824.259,977.148
scout_generation,2,234,824259
scout_gap,2,235,214.134,610.137,824.271,572,35,824.271,936.692
scout_generation,2,235,824271
scout_gap,2,236,215.383,609.002,824.385,572,35,824.385,919.280
scout_generation,2,236,824385
scout_gap,2,237,216.095,608.413,824.508,572,35,824.508,907.139
scout_generation,2,237,824508
scout_gap,2,238,214.982,610.756,825.738,572,35,825.738,949.978
scout_generation,2,238,825738
scout_gap,2,239,215.845,609.037,824.882,572,35,824.882,963.569
scout_generation,2,239,824882
scout_gap,2,240,218.369,608.660,827.029,572,35,827.029,976.327
scout_generation,2,240,827029
scout_gap,2,241,217.772,608.822,826.594,572,35,826.594,936.806
scout_generation,2,241,826594
scout_gap,2,242,214.213,610.608,824.821,572,35,824.821,895.238
scout_generation,2,242,824821
scout_gap,2,243,216.013,610.047,826.060,572,35,826.060,968.857
scout_generation,2,243,826060
scout_gap,2,244,216.313,610.716,827.029,572,35,827.029,975.007
scout_generation,2,244,827029
scout_gap,2,245,215.812,609.859,825.671,572,35,825.671,972.372
scout_generation,2,245,825671
scout_gap,2,246,216.921,610.063,826.984,572,35,826.984,996.372
scout_generation,2,246,826984
scout_gap,2,247,214.625,609.918,824.543,572,35,824.543,927.815
scout_generation,2,247,824543
scout_gap,2,248,215.098,610.013,825.111,572,35,825.111,954.608
scout_generation,2,248,825111
scout_gap,2,249,217.266,608.183,825.449,572,35,825.449,995.739
scout_generation,2,249,825449
scout_gap,2,250,217.524,608.085,825.609,572,35,825.609,992.865
scout_generation,2,250,825609
scout_gap,2,251,216.564,608.623,825.187,572,35,825.187,979.175
scout_generation,2,251,825187
scout_gap,2,252,214.018,610.501,824.519,572,35,824.519,911.485
scout_generation,2,252,824519
scout_gap,2,253,218.411,609.756,828.167,572,35,828.167,961.145
scout_generation,2,253,828167
scout_gap,2,254,219.241,607.891,827.132,572,35,827.132,959.370
scout_generation,2,254,827132
scout_gap,2,255,215.456,608.459,823.915,572,35,823.915,927.047
scout_generation,2,255,823915
scout_gap,2,256,215.868,608.130,823.998,572,35,823.998,925.052
scout_generation,2,256,823998
scout_gap,2,257,215.182,608.686,823.868,572,35,823.868,897.416
scout_generation,2,257,823868
scout_gap,2,258,213.564,610.389,823.953,572,35,823.953,899.959
scout_generation,2,258,823953
scout_gap,2,259,214.669,609.093,823.762,572,35,823.762,920.898
scout_generation,2,259,823762
scout_gap,2,260,214.700,609.153,823.853,572,35,823.853,973.954
scout_generation,2,260,823853
scout_gap,2,261,216.288,607.598,823.886,572,35,823.886,905.421
scout_generation,2,261,823886
scout_gap,2,262,214.503,609.343,823.846,572,35,823.846,918.208
scout_generation,2,262,823846
scout_gap,2,263,212.839,610.760,823.599,572,35,823.599,985.795
scout_generation,2,263,823599
scout_gap,2,264,215.320,608.829,824.149,572,35,824.149,985.955
scout_generation,2,264,824149
scout_gap,2,265,215.043,608.991,824.034,572,35,824.034,919.615
scout_generation,2,265,824034
scout_gap,2,266,216.064,608.052,824.116,572,35,824.116,989.420
scout_generation,2,266,824116
scout_gap,2,267,214.842,609.231,824.073,572,35,824.073,961.754
scout_generation,2,267,824073
scout_gap,2,268,214.374,609.689,824.063,572,35,824.063,903.680
scout_generation,2,268,824063
scout_gap,2,269,215.020,609.210,824.230,572,35,824.230,930.895
scout_generation,2,269,824230
scout_gap,2,270,213.443,610.824,824.267,572,35,824.267,945.165
scout_generation,2,270,824267
scout_gap,2,271,216.756,607.472,824.228,572,35,824.228,893.116
scout_generation,2,271,824228
scout_gap,2,272,215.672,608.643,824.315,572,35,824.315,975.034
scout_generation,2,272,824315
scout_gap,2,273,216.774,607.594,824.368,572,35,824.368,959.986
scout_generation,2,273,824368
scout_gap,2,274,215.199,609.179,824.378,572,35,824.378,894.543
scout_generation,2,274,824378
scout_gap,2,275,214.830,609.836,824.666,572,35,824.666,966.001
scout_generation,2,275,824666
scout_gap,2,276,216.814,607.579,824.393,572,35,824.393,959.504
scout_generation,2,276,824393
scout_gap,2,277,216.843,608.349,825.192,572,35,825.192,972.100
scout_generation,2,277,825192
scout_gap,2,278,215.284,610.806,826.090,572,35,826.090,972.711
scout_generation,2,278,826090
scout_gap,2,279,216.930,609.872,826.802,572,35,826.802,976.157
scout_generation,2,279,826802
scout_gap,2,280,215.839,610.327,826.166,572,35,826.166,969.113
scout_generation,2,280,826166
scout_gap,2,281,217.587,608.512,826.099,572,35,826.099,961.916
scout_generation,2,281,826099
scout_gap,2,282,216.048,609.506,825.554,572,35,825.554,950.472
scout_generation,2,282,825554
scout_gap,2,283,219.213,607.600,826.813,572,35,826.813,903.494
scout_generation,2,283,826813
scout_gap,2,284,218.056,608.568,826.624,572,35,826.624,987.260
scout_generation,2,284,826624
scout_gap,2,285,215.438,609.900,825.338,572,35,825.338,971.436
scout_generation,2,285,825338
scout_gap,2,286,218.772,607.818,826.590,572,35,826.590,974.265
scout_generation,2,286,826590
scout_gap,2,287,218.142,607.871,826.013,572,35,826.013,901.630
scout_generation,2,287,826013
scout_gap,2,288,218.526,608.792,827.318,572,35,827.318,907.775
scout_generation,2,288,827318
scout_gap,2,289,214.475,610.226,824.701,572,35,824.701,907.391
scout_generation,2,289,824701
scout_gap,2,290,217.411,607.567,824.978,572,35,824.978,932.395
scout_generation,2,290,824978
scout_gap,2,291,215.312,609.771,825.083,572,35,825.083,918.820
scout_generation,2,291,825083
scout_gap,2,292,217.901,607.497,825.398,572,35,825.398,947.407
scout_generation,2,292,825398
scout_gap,2,293,216.226,610.305,826.531,572,35,826.531,911.059
scout_generation,2,293,826531
scout_gap,2,294,218.814,608.451,827.265,572,35,827.265,897.453
scout_generation,2,294,827265
scout_gap,2,295,222.610,608.886,831.496,572,35,831.496,981.090
scout_generation,2,295,831496
scout_gap,2,296,213.238,610.524,823.762,572,35,823.762,964.398
scout_generation,2,296,823762
scout_gap,2,297,220.744,607.589,828.333,572,35,828.333,991.103
scout_generation,2,297,828333
scout_gap,2,298,215.261,608.499,823.760,572,35,823.760,980.951
scout_generation,2,298,823760
scout_gap,2,299,222.398,607.557,829.955,572,35,829.955,981.004
scout_generation,2,299,829955
scout_gap,2,300,214.760,609.083,823.843,572,35,823.843,977.474
scout_generation,2,300,823843
scout_gap,2,301,213.518,610.556,824.074,572,35,824.074,981.728
scout_generation,2,301,824074
scout_gap,2,302,216.525,607.613,824.138,572,35,824.138,971.574
scout_generation,2,302,824138
scout_gap,2,303,216.547,607.543,824.090,572,35,824.090,975.899
scout_generation,2,303,824090
scout_gap,2,304,215.842,608.159,824.001,572,35,824.001,925.798
scout_generation,2,304,824001
scout_gap,2,305,215.441,608.725,824.166,572,35,824.166,947.280
scout_generation,2,305,824166
scout_gap,2,306,215.153,608.887,824.040,572,35,824.040,932.244
scout_generation,2,306,824040
scout_gap,2,307,214.573,609.773,824.346,572,35,824.346,944.335
scout_generation,2,307,824346
scout_gap,2,308,214.824,609.161,823.985,572,35,823.985,934.677
scout_generation,2,308,823985
scout_gap,2,309,216.040,608.226,824.266,572,35,824.266,931.350
scout_generation,2,309,824266
scout_gap,2,310,215.072,609.324,824.396,572,35,824.396,980.579
scout_generation,2,310,824396
scout_gap,2,311,215.765,608.429,824.194,572,35,824.194,913.129
scout_generation,2,311,824194
scout_gap,2,312,215.946,608.424,824.370,572,35,824.370,902.247
scout_generation,2,312,824370
scout_gap,2,313,214.932,609.316,824.248,572,35,824.248,976.669
scout_generation,2,313,824248
scout_gap,2,314,213.789,610.640,824.429,572,35,824.429,907.563
scout_generation,2,314,824429
scout_gap,2,315,215.632,608.956,824.588,572,35,824.588,987.618
scout_generation,2,315,824588
scout_gap,2,316,216.962,608.149,825.111,572,35,825.111,911.982
scout_generation,2,316,825111
scout_gap,2,317,215.443,610.213,825.656,572,35,825.656,922.516
scout_generation,2,317,825656
scout_gap,2,318,218.005,608.323,826.328,572,35,826.328,931.633
scout_generation,2,318,826328
scout_gap,2,319,215.857,610.010,825.867,572,35,825.867,924.427
scout_generation,2,319,825867
scout_gap,2,320,217.139,609.283,826.422,572,35,826.422,975.723
scout_generation,2,320,826422
scout_gap,2,321,214.276,610.425,824.701,572,35,824.701,962.529
scout_generation,2,321,824701
scout_gap,2,322,215.495,610.727,826.222,572,35,826.222,929.855
scout_generation,2,322,826222
scout_gap,2,323,216.859,608.575,825.434,572,35,825.434,974.033
scout_generation,2,323,825434
scout_gap,2,324,216.004,610.252,826.256,572,35,826.256,918.301
scout_generation,2,324,826256
scout_gap,2,325,216.691,608.628,825.319,572,35,825.319,915.746
scout_generation,2,325,825319
scout_gap,2,326,216.472,609.538,826.010,572,35,826.010,999.321
scout_generation,2,326,826010
scout_gap,2,327,214.895,610.738,825.633,572,35,825.633,896.176
scout_generation,2,327,825633
scout_gap,2,328,216.946,608.557,825.503,572,35,825.503,914.168
scout_generation,2,328,825503
scout_gap,2,329,216.032,610.172,826.204,572,35,826.204,907.127
scout_generation,2,329,826204
scout_gap,2,330,213.819,610.731,824.550,572,35,824.550,979.321
scout_generation,2,330,824550
scout_gap,2,331,215.417,609.733,825.150,572,35,825.150,905.571
scout_generation,2,331,825150
scout_gap,2,332,215.656,609.275,824.931,572,35,824.931,935.190
scout_generation,2,332,824931
scout_gap,2,333,215.438,609.222,824.660,572,35,824.660,937.981
scout_generation,2,333,824660
scout_gap,2,334,214.829,610.254,825.083,572,35,825.083,948.958
scout_generation,2,334,825083
scout_gap,2,335,215.114,608.660,823.774,572,35,823.774,983.669
scout_generation,2,335,823774
scout_gap,2,336,215.731,608.076,823.807,572,35,823.807,958.205
scout_generation,2,336,823807
scout_gap,2,337,215.761,608.332,824.093,572,35,824.093,955.447
scout_generation,2,337,824093
scout_gap,2,338,213.450,610.540,823.990,572,35,823.990,955.776
scout_generation,2,338,823990
scout_gap,2,339,214.349,609.781,824.130,572,35,824.130,919.420
scout_generation,2,339,824130
scout_gap,2,340,216.207,607.816,824.023,572,35,824.023,953.558
scout_generation,2,340,824023
scout_gap,2,341,216.495,607.667,824.162,572,35,824.162,953.227
scout_generation,2,341,824162
scout_gap,2,342,216.479,607.630,824.109,572,35,824.109,975.738
scout_generation,2,342,824109
scout_gap,2,343,213.541,610.645,824.186,572,35,824.186,971.611
scout_generation,2,343,824186
scout_gap,2,344,213.641,610.561,824.202,572,35,824.202,929.160
scout_generation,2,344,824202
scout_gap,2,345,214.342,609.925,824.267,572,35,824.267,959.856
scout_generation,2,345,824267
scout_gap,2,346,215.298,608.768,824.066,572,35,824.066,999.463
scout_generation,2,346,824066
scout_gap,2,347,213.552,610.686,824.238,572,35,824.238,946.171
scout_generation,2,347,824238
scout_gap,2,348,215.396,608.923,824.319,572,35,824.319,961.980
scout_generation,2,348,824319
scout_gap,2,349,216.049,608.250,824.299,572,35,824.299,975.560
scout_generation,2,349,824299
scout_gap,2,350,214.322,609.992,824.314,572,35,824.314,921.171
scout_generation,2,350,824314
scout_gap,2,351,214.989,609.435,824.424,572,35,824.424,949.753
scout_generation,2,351,824424
scout_gap,2,352,217.019,607.481,824.500,572,35,824.500,913.795
scout_generation,2,352,824500
scout_gap,2,353,214.449,610.297,824.746,572,35,824.746,973.638
scout_generation,2,353,824746
scout_gap,2,354,215.496,609.954,825.450,572,35,825.450,972.328
scout_generation,2,354,825450
scout_gap,2,355,217.917,608.742,826.659,572,35,826.659,942.039
scout_generation,2,355,826659
scout_gap,2,356,216.126,609.831,825.957,572,35,825.957,975.619
scout_generation,2,356,825957
scout_gap,2,357,215.386,610.562,825.948,572,35,825.948,966.006
scout_generation,2,357,825948
scout_gap,2,358,218.290,608.384,826.674,572,35,826.674,923.841
scout_generation,2,358,826674
scout_gap,2,359,214.312,610.695,825.007,572,35,825.007,979.149
scout_generation,2,359,825007
scout_gap,2,360,216.156,609.710,825.866,572,35,825.866,909.998
scout_generation,2,360,825866
scout_gap,2,361,216.388,609.894,826.282,572,35,826.282,922.099
scout_generation,2,361,826282
scout_gap,2,362,217.276,609.944,827.220,572,35,827.220,946.557
scout_generation,2,362,827220
scout_gap,2,363,216.067,609.454,825.521,572,35,825.521,938.772
scout_generation,2,363,825521
scout_gap,2,364,216.465,609.393,825.858,572,35,825.858,945.627
scout_generation,2,364,825858
scout_gap,2,365,216.717,608.138,824.855,572,35,824.855,923.931
scout_generation,2,365,824855
scout_gap,2,366,214.318,610.458,824.776,572,35,824.776,934.746
scout_generation,2,366,824776
scout_gap,2,367,214.475,610.385,824.860,572,35,824.860,919.773
scout_generation,2,367,824860
scout_gap,2,368,213.789,610.052,823.841,572,35,823.841,915.122
scout_generation,2,368,823841
scout_gap,2,369,213.178,610.665,823.843,572,35,823.843,952.613
scout_generation,2,369,823843
scout_gap,2,370,213.110,610.781,823.891,572,35,823.891,904.235
scout_generation,2,370,823891
scout_gap,2,371,214.400,609.619,824.019,572,35,824.019,919.242
scout_generation,2,371,824019
scout_gap,2,372,214.492,609.589,824.081,572,35,824.081,968.040
scout_generation,2,372,824081
scout_gap,2,373,216.147,607.885,824.032,572,35,824.032,972.309
scout_generation,2,373,824032
scout_gap,2,374,215.781,608.295,824.076,572,35,824.076,990.377
scout_generation,2,374,824076
scout_gap,2,375,215.719,608.420,824.139,572,35,824.139,931.430
scout_generation,2,375,824139
scout_gap,2,376,213.903,610.284,824.187,572,35,824.187,903.885
scout_generation,2,376,824187
scout_gap,2,377,215.415,608.967,824.382,572,35,824.382,987.635
scout_generation,2,377,824382
scout_gap,2,378,216.159,607.975,824.134,572,35,824.134,969.170
scout_generation,2,378,824134
scout_gap,2,379,215.940,608.302,824.242,572,35,824.242,976.921
scout_generation,2,379,824242
scout_gap,2,380,216.753,607.497,824.250,572,35,824.250,975.909
scout_generation,2,380,824250
scout_gap,2,381,214.530,609.672,824.202,572,35,824.202,977.001
scout_generation,2,381,824202
scout_gap,2,382,214.432,609.896,824.328,572,35,824.328,975.960
scout_generation,2,382,824328
scout_gap,2,383,213.815,610.614,824.429,572,35,824.429,972.254
scout_generation,2,383,824429
scout_gap,2,384,216.790,608.531,825.321,572,35,825.321,924.763
scout_generation,2,384,825321
scout_gap,2,385,215.751,610.100,825.851,572,35,825.851,967.341
scout_generation,2,385,825851
scout_gap,2,386,217.214,608.526,825.740,572,35,825.740,899.664
scout_generation,2,386,825740
scout_gap,2,387,218.442,607.996,826.438,572,35,826.438,939.699
scout_generation,2,387,826438
scout_gap,2,388,214.673,610.517,825.190,572,35,825.190,904.979
scout_generation,2,388,825190
scout_gap,2,389,216.340,610.127,826.467,572,35,826.467,923.763
scout_generation,2,389,826467
scout_gap,2,390,216.714,609.836,826.550,572,35,826.550,932.684
scout_generation,2,390,826550
scout_gap,2,391,214.788,610.215,825.003,572,35,825.003,956.874
scout_generation,2,391,825003
scout_gap,2,392,215.822,610.017,825.839,572,35,825.839,994.519
scout_generation,2,392,825839
scout_gap,2,393,216.998,608.705,825.703,572,35,825.703,926.837
scout_generation,2,393,825703
scout_gap,2,394,217.141,607.717,824.858,572,35,824.858,950.902
scout_generation,2,394,824858
scout_gap,2,395,215.093,609.527,824.620,572,35,824.620,958.245
scout_generation,2,395,824620
scout_gap,2,396,214.774,609.249,824.023,572,35,824.023,947.477
scout_generation,2,396,824023
scout_gap,2,397,214.597,609.414,824.011,572,35,824.011,915.116
scout_generation,2,397,824011
scout_gap,2,398,216.422,607.688,824.110,572,35,824.110,944.818
scout_generation,2,398,824110
scout_gap,2,399,215.541,608.650,824.191,572,35,824.191,913.099
scout_generation,2,399,824191
scout_gap,2,400,216.843,607.521,824.364,572,35,824.364,938.882
scout_generation,2,400,824364
scout_gap,2,401,216.550,607.666,824.216,572,35,824.216,924.905
scout_generation,2,401,824216
scout_gap,2,402,214.548,609.695,824.243,572,35,824.243,929.505
scout_generation,2,402,824243
scout_gap,2,403,216.713,607.629,824.342,572,35,824.342,925.497
scout_generation,2,403,824342
scout_gap,2,404,215.835,608.535,824.370,572,35,824.370,911.345
scout_generation,2,404,824370
scout_gap,2,405,213.210,610.752,823.962,572,35,823.962,914.937
scout_generation,2,405,823962
scout_gap,2,406,215.331,609.702,825.033,572,35,825.033,902.915
scout_generation,2,406,825033
scout_gap,2,407,216.545,609.032,825.577,572,35,825.577,980.796
scout_generation,2,407,825577
scout_gap,2,408,217.591,608.987,826.578,572,35,826.578,961.934
scout_generation,2,408,826578
scout_gap,2,409,215.414,610.664,826.078,572,35,826.078,948.553
scout_generation,2,409,826078
scout_gap,2,410,213.689,610.820,824.509,572,35,824.509,908.003
scout_generation,2,410,824509
scout_gap,2,411,215.097,610.646,825.743,572,35,825.743,934.441
scout_generation,2,411,825743
scout_gap,2,412,218.994,608.384,827.378,572,35,827.378,976.864
scout_generation,2,412,827378
scout_gap,2,413,215.353,610.809,826.162,572,35,826.162,933.712
scout_generation,2,413,826162
scout_gap,2,414,217.882,608.470,826.352,572,35,826.352,995.037
scout_generation,2,414,826352
scout_gap,2,415,217.400,608.461,825.861,572,35,825.861,996.293
scout_generation,2,415,825861
scout_gap,2,416,218.601,608.099,826.700,572,35,826.700,968.626
scout_generation,2,416,826700
scout_gap,2,417,217.542,607.756,825.298,572,35,825.298,938.525
scout_generation,2,417,825298
scout_gap,2,418,215.980,609.810,825.790,572,35,825.790,922.266
scout_generation,2,418,825790
scout_gap,2,419,214.472,610.825,825.297,572,35,825.297,907.659
scout_generation,2,419,825297
scout_gap,2,420,215.021,610.535,825.556,572,35,825.556,956.479
scout_generation,2,420,825556
scout_gap,2,421,214.228,610.066,824.294,572,35,824.294,998.647
scout_generation,2,421,824294
scout_gap,2,422,215.399,609.303,824.702,572,35,824.702,922.114
scout_generation,2,422,824702
scout_gap,2,423,218.327,607.890,826.217,572,35,826.217,908.692
scout_generation,2,423,826217
scout_gap,2,424,220.088,607.822,827.910,572,35,827.910,911.484
scout_generation,2,424,827910
scout_gap,2,425,220.913,608.534,829.447,572,35,829.447,917.656
scout_generation,2,425,829447
scout_gap,2,426,222.687,609.890,832.577,572,35,832.577,932.367
scout_generation,2,426,832577
scout_gap,2,427,223.089,610.371,833.460,572,35,833.460,959.249
scout_generation,2,427,833460
scout_gap,2,428,229.974,610.024,839.998,572,35,839.998,958.754
scout_generation,2,428,839998
scout_gap,2,429,225.129,608.382,833.511,572,35,833.511,901.568
scout_generation,2,429,833511
scout_gap,2,430,224.901,608.492,833.393,572,35,833.393,920.594
scout_generation,2,430,833393
scout_gap,2,431,223.553,610.204,833.757,572,35,833.757,943.097
scout_generation,2,431,833757
scout_gap,2,432,222.623,610.140,832.763,572,35,832.763,985.569
scout_generation,2,432,832763
scout_gap,2,433,223.426,609.748,833.174,572,35,833.174,989.847
scout_generation,2,433,833174
scout_gap,2,434,224.979,608.453,833.432,572,35,833.432,904.472
scout_generation,2,434,833432
scout_gap,2,435,218.288,608.666,826.954,572,35,826.954,942.449
scout_generation,2,435,826954
scout_gap,2,436,219.989,608.395,828.384,572,35,828.384,931.409
scout_generation,2,436,828384
scout_gap,2,437,221.724,609.984,831.708,572,35,831.708,967.936
scout_generation,2,437,831708
scout_gap,2,438,222.155,609.203,831.358,572,35,831.358,970.465
scout_generation,2,438,831358
scout_gap,2,439,217.469,609.239,826.708,572,35,826.708,925.152
scout_generation,2,439,826708
scout_gap,2,440,220.140,607.948,828.088,572,35,828.088,929.251
scout_generation,2,440,828088
scout_gap,2,441,222.511,609.043,831.554,572,35,831.554,971.511
scout_generation,2,441,831554
scout_gap,2,442,223.888,609.441,833.329,572,35,833.329,977.278
scout_generation,2,442,833329
scout_gap,2,443,223.243,608.996,832.239,572,35,832.239,900.115
scout_generation,2,443,832239
scout_gap,2,444,223.638,609.993,833.631,572,35,833.631,928.264
scout_generation,2,444,833631
scout_gap,2,445,228.709,608.365,837.074,572,35,837.074,990.876
scout_generation,2,445,837074
scout_gap,2,446,226.327,609.659,835.986,572,35,835.986,969.352
scout_generation,2,446,835986
scout_gap,2,447,227.547,608.212,835.759,572,35,835.759,999.503
scout_generation,2,447,835759
scout_gap,2,448,226.927,607.460,834.387,572,35,834.387,968.745
scout_generation,2,448,834387
scout_gap,2,449,225.474,609.424,834.898,572,35,834.898,910.408
scout_generation,2,449,834898
scout_gap,2,450,217.967,608.897,826.864,572,35,826.864,907.826
scout_generation,2,450,826864
scout_gap,2,451,219.907,608.507,828.414,572,35,828.414,995.172
scout_generation,2,451,828414
scout_gap,2,452,219.800,609.350,829.150,572,35,829.150,928.930
scout_generation,2,452,829150
scout_gap,2,453,222.749,607.692,830.441,572,35,830.441,924.006
scout_generation,2,453,830441
scout_gap,2,454,219.105,608.488,827.593,572,35,827.593,954.387
scout_generation,2,454,827593
scout_gap,2,455,217.855,610.413,828.268,572,35,828.268,993.912
scout_generation,2,455,828268
scout_gap,2,456,220.478,610.108,830.586,572,35,830.586,987.656
scout_generation,2,456,830586
scout_gap,2,457,221.687,610.373,832.060,572,35,832.060,990.409
scout_generation,2,457,832060
scout_gap,2,458,224.376,608.060,832.436,572,35,832.436,981.666
scout_generation,2,458,832436
scout_gap,2,459,223.186,608.179,831.365,572,35,831.365,992.577
scout_generation,2,459,831365
scout_gap,2,460,228.924,607.804,836.728,572,35,836.728,995.551
scout_generation,2,460,836728
scout_gap,2,461,222.868,610.288,833.156,572,35,833.156,991.434
scout_generation,2,461,833156
scout_gap,2,462,217.876,608.187,826.063,572,35,826.063,981.879
scout_generation,2,462,826063
scout_gap,2,463,219.673,609.397,829.070,572,35,829.070,927.427
scout_generation,2,463,829070
scout_gap,2,464,222.289,608.962,831.251,572,35,831.251,936.615
scout_generation,2,464,831251
scout_gap,2,465,219.960,610.219,830.179,572,35,830.179,965.903
scout_generation,2,465,830179
scout_gap,2,466,223.042,609.644,832.686,572,35,832.686,945.122
scout_generation,2,466,832686
scout_gap,2,467,221.856,607.469,829.325,572,35,829.325,958.428
scout_generation,2,467,829325
scout_gap,2,468,220.575,609.384,829.959,572,35,829.959,926.270
scout_generation,2,468,829959
scout_gap,2,469,220.673,609.241,829.914,572,35,829.914,920.631
scout_generation,2,469,829914
scout_gap,2,470,222.508,607.987,830.495,572,35,830.495,985.271
scout_generation,2,470,830495
scout_gap,2,471,220.128,607.623,827.751,572,35,827.751,990.442
scout_generation,2,471,827751
scout_gap,2,472,218.267,610.692,828.959,572,35,828.959,985.163
scout_generation,2,472,828959
scout_gap,2,473,222.976,609.487,832.463,572,35,832.463,954.481
scout_generation,2,473,832463
scout_gap,2,474,223.166,608.343,831.509,572,35,831.509,925.676
scout_generation,2,474,831509
scout_gap,2,475,223.712,608.743,832.455,572,35,832.455,954.383
scout_generation,2,475,832455
scout_gap,2,476,229.237,609.988,839.225,572,35,839.225,961.086
scout_generation,2,476,839225
scout_gap,2,477,222.667,610.765,833.432,572,35,833.432,972.374
scout_generation,2,477,833432
scout_gap,2,478,217.490,609.312,826.802,572,35,826.802,945.209
scout_generation,2,478,826802
scout_gap,2,479,220.057,607.596,827.653,572,35,827.653,925.171
scout_generation,2,479,827653
scout_gap,2,480,222.134,607.504,829.638,572,35,829.638,921.757
scout_generation,2,480,829638
scout_gap,2,481,224.511,607.635,832.146,572,35,832.146,955.335
scout_generation,2,481,832146
scout_gap,2,482,223.446,608.734,832.180,572,35,832.180,961.371
scout_generation,2,482,832180
scout_gap,2,483,216.810,610.771,827.581,572,35,827.581,991.532
scout_generation,2,483,827581
scout_gap,2,484,220.720,609.471,830.191,572,35,830.191,990.158
scout_generation,2,484,830191
scout_gap,2,485,222.903,607.734,830.637,572,35,830.637,978.525
scout_generation,2,485,830637
scout_gap,2,486,222.492,608.148,830.640,572,35,830.640,986.960
scout_generation,2,486,830640
scout_gap,2,487,219.461,607.549,827.010,572,35,827.010,937.842
scout_generation,2,487,827010
scout_gap,2,488,220.833,607.637,828.470,572,35,828.470,923.959
scout_generation,2,488,828470
scout_gap,2,489,223.204,610.761,833.965,572,35,833.965,961.214
scout_generation,2,489,833965
scout_gap,2,490,220.643,610.114,830.757,572,35,830.757,963.974
scout_generation,2,490,830757
scout_gap,2,491,216.443,610.573,827.016,572,35,827.016,991.744
scout_generation,2,491,827016
scout_gap,2,492,217.687,610.817,828.504,572,35,828.504,921.544
scout_generation,2,492,828504
scout_gap,2,493,218.072,610.638,828.710,572,35,828.710,984.802
scout_generation,2,493,828710
scout_gap,2,494,221.722,608.817,830.539,572,35,830.539,946.108
scout_generation,2,494,830539
scout_gap,2,495,219.622,609.907,829.529,572,35,829.529,962.344
scout_generation,2,495,829529
scout_gap,2,496,221.481,608.726,830.207,572,35,830.207,949.177
scout_generation,2,496,830207
scout_gap,2,497,222.685,607.546,830.231,572,35,830.231,968.837
scout_generation,2,497,830231
scout_gap,2,498,217.552,610.432,827.984,572,35,827.984,985.543
scout_generation,2,498,827984
scout_gap,2,499,219.831,610.175,830.006,572,35,830.006,977.479
scout_generation,2,499,830006
scout_gap,2,500,219.474,609.476,828.950,572,35,828.950,987.083
scout_generation,2,500,828950
scout_gap,2,501,216.851,610.312,827.163,572,35,827.163,986.860
scout_generation,2,501,827163
scout_gap,2,502,222.556,607.840,830.396,572,35,830.396,996.256
scout_generation,2,502,830396
scout_gap,2,503,222.001,607.825,829.826,572,35,829.826,968.887
scout_generation,2,503,829826
scout_gap,2,504,219.376,609.291,828.667,572,35,828.667,984.198
scout_generation,2,504,828667
scout_gap,2,505,222.841,607.898,830.739,572,35,830.739,988.344
scout_generation,2,505,830739
scout_gap,2,506,220.218,609.816,830.034,572,35,830.034,994.029
scout_generation,2,506,830034
scout_gap,2,507,221.959,608.714,830.673,572,35,830.673,950.378
scout_generation,2,507,830673
scout_gap,2,508,221.671,608.219,829.890,572,35,829.890,920.737
scout_generation,2,508,829890
scout_gap,2,509,217.080,610.363,827.443,572,35,827.443,950.306
scout_generation,2,509,827443
scout_gap,2,510,221.194,608.096,829.290,572,35,829.290,955.896
scout_generation,2,510,829290
scout_gap,2,511,219.596,608.435,828.031,572,35,828.031,938.020
scout_generation,2,511,828031
scout_gap,2,512,221.946,607.514,829.460,572,35,829.460,936.064
scout_generation,2,512,829460
scout_gap,2,513,216.816,610.618,827.434,572,35,827.434,969.521
scout_generation,2,513,827434
scout_gap,2,514,221.060,608.442,829.502,572,35,829.502,935.283
scout_generation,2,514,829502
scout_gap,2,515,220.626,608.587,829.213,572,35,829.213,973.803
scout_generation,2,515,829213
scout_gap,2,516,217.834,610.432,828.266,572,35,828.266,939.475
scout_generation,2,516,828266
scout_gap,2,517,220.865,609.129,829.994,572,35,829.994,933.380
scout_generation,2,517,829994
scout_gap,2,518,218.503,609.810,828.313,572,35,828.313,939.428
scout_generation,2,518,828313
scout_gap,2,519,220.134,610.431,830.565,572,35,830.565,915.870
scout_generation,2,519,830565
scout_gap,2,520,219.776,609.959,829.735,572,35,829.735,910.486
scout_generation,2,520,829735
scout_gap,2,521,217.943,610.321,828.264,572,35,828.264,928.099
scout_generation,2,521,828264
scout_gap,2,522,219.294,610.469,829.763,572,35,829.763,914.906
scout_generation,2,522,829763
scout_gap,2,523,219.611,610.339,829.950,572,35,829.950,963.514
scout_generation,2,523,829950
scout_gap,2,524,219.237,608.595,827.832,572,35,827.832,944.500
scout_generation,2,524,827832
scout_gap,2,525,219.943,609.926,829.869,572,35,829.869,960.569
scout_generation,2,525,829869
scout_gap,2,526,221.611,608.747,830.358,572,35,830.358,975.820
scout_generation,2,526,830358
scout_gap,2,527,219.988,607.916,827.904,572,35,827.904,932.530
scout_generation,2,527,827904
scout_gap,2,528,222.089,608.066,830.155,572,35,830.155,985.557
scout_generation,2,528,830155
scout_gap,2,529,217.782,610.648,828.430,572,35,828.430,983.696
scout_generation,2,529,828430
scout_gap,2,530,221.571,607.660,829.231,572,35,829.231,985.021
scout_generation,2,530,829231
scout_gap,2,531,219.016,609.028,828.044,572,35,828.044,970.577
scout_generation,2,531,828044
scout_gap,2,532,219.154,608.583,827.737,572,35,827.737,935.448
scout_generation,2,532,827737
scout_gap,2,533,218.778,609.594,828.372,572,35,828.372,948.806
scout_generation,2,533,828372
scout_gap,2,534,221.229,608.290,829.519,572,35,829.519,988.979
scout_generation,2,534,829519
scout_gap,2,535,219.947,608.859,828.806,572,35,828.806,947.059
scout_generation,2,535,828806
scout_gap,2,536,217.623,609.839,827.462,572,35,827.462,980.702
scout_generation,2,536,827462
scout_gap,2,537,221.835,608.111,829.946,572,35,829.946,978.501
scout_generation,2,537,829946
scout_gap,2,538,219.539,607.954,827.493,572,35,827.493,978.250
scout_generation,2,538,827493
scout_gap,2,539,218.336,610.838,829.174,572,35,829.174,921.508
scout_generation,2,539,829174
scout_gap,2,540,218.860,609.865,828.725,572,35,828.725,985.638
scout_generation,2,540,828725
scout_gap,2,541,222.952,608.418,831.370,572,35,831.370,974.821
scout_generation,2,541,831370
scout_gap,2,542,222.015,607.724,829.739,572,35,829.739,945.267
scout_generation,2,542,829739
scout_gap,2,543,220.641,610.785,831.426,572,35,831.426,932.483
scout_generation,2,543,831426
scout_gap,2,544,221.435,609.928,831.363,572,35,831.363,985.181
scout_generation,2,544,831363
scout_gap,2,545,224.477,607.552,832.029,572,35,832.029,945.436
scout_generation,2,545,832029
scout_gap,2,546,217.482,610.548,828.030,572,35,828.030,948.901
scout_generation,2,546,828030
scout_gap,2,547,219.032,610.852,829.884,572,35,829.884,899.010
scout_generation,2,547,829884
scout_gap,2,548,219.861,610.464,830.325,572,35,830.325,944.056
scout_generation,2,548,830325
scout_gap,2,549,220.507,610.539,831.046,572,35,831.046,964.186
scout_generation,2,549,831046
scout_gap,2,550,222.058,608.880,830.938,572,35,830.938,965.176
scout_generation,2,550,830938
scout_gap,2,551,221.905,609.191,831.096,572,35,831.096,971.080
scout_generation,2,551,831096
scout_gap,2,552,216.918,609.962,826.880,572,35,826.880,970.911
scout_generation,2,552,826880
scout_gap,2,553,230.098,608.464,838.562,572,35,838.562,972.619
scout_generation,2,553,838562
scout_gap,2,554,242.324,608.240,850.564,572,35,850.564,939.440
scout_generation,2,554,850564
scout_gap,2,555,250.996,609.793,860.789,572,35,860.789,915.912
scout_generation,2,555,860789
scout_gap,2,556,265.423,607.655,873.078,572,35,873.078,935.737
scout_generation,2,556,873078
scout_gap,2,557,259.522,608.297,867.819,572,35,867.819,977.146
scout_generation,2,557,867819
scout_gap,2,558,242.129,610.158,852.287,572,35,852.287,987.667
scout_generation,2,558,852287
scout_gap,2,559,239.364,609.921,849.285,572,35,849.285,944.862
scout_generation,2,559,849285
scout_gap,2,560,239.676,610.354,850.030,572,35,850.030,982.823
scout_generation,2,560,850030
scout_gap,2,561,247.223,609.321,856.544,572,35,856.544,905.568
scout_generation,2,561,856544
scout_gap,2,562,238.436,608.589,847.025,572,35,847.025,933.108
scout_generation,2,562,847025
scout_gap,2,563,241.894,608.104,849.998,572,35,849.998,945.488
scout_generation,2,563,849998
scout_gap,2,564,235.271,608.349,843.620,572,35,843.620,949.161
scout_generation,2,564,843620
scout_gap,2,565,236.943,608.563,845.506,572,35,845.506,963.354
scout_generation,2,565,845506
scout_gap,2,566,234.402,609.480,843.882,572,35,843.882,917.752
scout_generation,2,566,843882
scout_gap,2,567,238.193,607.526,845.719,572,35,845.719,915.325
scout_generation,2,567,845719
scout_gap,2,568,238.375,608.192,846.567,572,35,846.567,924.758
scout_generation,2,568,846567
scout_gap,2,569,242.060,608.325,850.385,572,35,850.385,902.492
scout_generation,2,569,850385
scout_gap,2,570,234.482,610.739,845.221,572,35,845.221,962.518
scout_generation,2,570,845221
scout_gap,2,571,234.378,610.257,844.635,572,35,844.635,910.644
scout_generation,2,571,844635
scout_gap,2,572,237.244,609.642,846.886,572,35,846.886,977.022
scout_generation,2,572,846886
scout_gap,2,573,240.682,607.527,848.209,572,35,848.209,940.730
scout_generation,2,573,848209
scout_gap,2,574,240.919,609.708,850.627,572,35,850.627,977.835
scout_generation,2,574,850627
scout_gap,2,575,239.297,608.521,847.818,572,35,847.818,919.123
scout_generation,2,575,847818
scout_gap,2,576,245.013,608.906,853.919,572,35,853.919,928.791
scout_generation,2,576,853919
scout_gap,2,577,246.751,610.141,856.892,572,35,856.892,933.990
scout_generation,2,577,856892
scout_gap,2,578,255.026,609.326,864.352,572,35,864.352,955.519
scout_generation,2,578,864352
scout_gap,2,579,227.969,607.945,835.914,572,35,835.914,982.651
scout_generation,2,579,835914
scout_gap,2,580,223.415,610.573,833.988,572,35,833.988,998.107
scout_generation,2,580,833988
scout_gap,2,581,228.512,607.452,835.964,572,35,835.964,905.465
scout_generation,2,581,835964
scout_gap,2,582,227.237,610.667,837.904,572,35,837.904,952.554
scout_generation,2,582,837904
scout_gap,2,583,224.040,610.386,834.426,572,35,834.426,964.304
scout_generation,2,583,834426
scout_gap,2,584,225.492,608.771,834.263,572,35,834.263,980.213
scout_generation,2,584,834263
scout_gap,2,585,228.306,608.973,837.279,572,35,837.279,933.753
scout_generation,2,585,837279
scout_gap,2,586,229.151,607.765,836.916,572,35,836.916,994.494
scout_generation,2,586,836916
scout_gap,2,587,223.899,610.633,834.532,572,35,834.532,937.635
scout_generation,2,587,834532
scout_gap,2,588,226.284,608.893,835.177,572,35,835.177,973.234
scout_generation,2,588,835177
scout_gap,2,589,227.496,609.271,836.767,572,35,836.767,915.277
scout_generation,2,589,836767
scout_gap,2,590,227.480,607.730,835.210,572,35,835.210,908.239
scout_generation,2,590,835210
scout_gap,2,591,257.665,607.828,865.493,572,35,865.493,894.666
scout_generation,2,591,865493
scout_gap,2,592,260.438,609.958,870.396,572,35,870.396,958.488
scout_generation,2,592,870396
scout_gap,2,593,250.205,609.117,859.322,572,35,859.322,980.859
scout_generation,2,593,859322
scout_gap,2,594,254.749,608.247,862.996,572,35,862.996,967.083
scout_generation,2,594,862996
scout_gap,2,595,251.268,608.153,859.421,572,35,859.421,922.887
scout_generation,2,595,859421
scout_gap,2,596,257.246,609.252,866.498,572,35,866.498,903.828
scout_generation,2,596,866498
scout_gap,2,597,252.037,610.120,862.157,572,35,862.157,928.948
scout_generation,2,597,862157
scout_gap,2,598,254.561,609.695,864.256,572,35,864.256,929.764
scout_generation,2,598,864256
scout_gap,2,599,254.661,610.234,864.895,572,35,864.895,930.965
scout_generation,2,599,864895
scout_gap,2,600,245.067,609.932,854.999,572,35,854.999,928.152
scout_generation,2,600,854999
scout_gap,2,601,254.209,608.282,862.491,572,35,862.491,969.430
scout_generation,2,601,862491
scout_gap,2,602,262.887,607.954,870.841,572,35,870.841,899.457
scout_generation,2,602,870841
scout_gap,2,603,278.373,610.069,888.442,572,35,888.442,952.862
scout_generation,2,603,888442
scout_gap,2,604,264.199,610.698,874.897,572,35,874.897,982.172
scout_generation,2,604,874897
scout_gap,2,605,268.912,610.242,879.154,572,35,879.154,936.640
scout_generation,2,605,879154
scout_gap,2,606,271.285,609.120,880.405,572,35,880.405,945.877
scout_generation,2,606,880405
scout_gap,2,607,272.997,610.604,883.601,572,35,883.601,976.787
scout_generation,2,607,883601
scout_gap,2,608,279.790,607.975,887.765,572,35,887.765,964.675
scout_generation,2,608,887765
scout_gap,2,609,275.722,609.102,884.824,572,35,884.824,892.455
scout_generation,2,609,884824
scout_gap,2,610,272.654,608.844,881.498,572,35,881.498,961.371
scout_generation,2,610,881498
scout_gap,2,611,248.536,608.046,856.582,572,35,856.582,965.149
scout_generation,2,611,856582
scout_gap,2,612,253.767,609.647,863.414,572,35,863.414,919.644
scout_generation,2,612,863414
scout_gap,2,613,250.020,610.439,860.459,572,35,860.459,901.013
scout_generation,2,613,860459
scout_gap,2,614,257.741,608.598,866.339,572,35,866.339,913.269
scout_generation,2,614,866339
scout_gap,2,615,260.992,609.731,870.723,572,35,870.723,939.343
scout_generation,2,615,870723
scout_gap,2,616,265.357,608.543,873.900,572,35,873.900,923.868
scout_generation,2,616,873900
scout_gap,2,617,277.016,608.017,885.033,572,35,885.033,980.146
scout_generation,2,617,885033
scout_gap,2,618,281.634,609.428,891.062,572,35,891.062,898.089
scout_generation,2,618,891062
scout_gap,2,619,294.599,609.548,904.147,572,35,904.147,911.332
scout_generation,2,619,904147
scout_gap,2,620,290.433,607.684,898.117,572,35,898.117,947.670
scout_generation,2,620,898117
scout_gap,2,621,302.015,609.869,911.884,572,35,911.884,916.696
scout_generation,2,621,911884
scout_gap,2,622,310.335,608.260,918.595,572,35,918.595,925.637
scout_generation,2,622,918595
scout_gap,2,623,300.669,610.708,911.377,572,35,911.377,918.561
scout_generation,2,623,911377
scout_gap,2,624,322.046,609.160,931.206,572,35,931.206,938.326
scout_generation,2,624,931206
scout_gap,2,625,240.249,610.088,850.337,572,35,850.337,897.595
scout_generation,2,625,850337
scout_gap,2,626,247.234,608.377,855.611,572,35,855.611,951.909
scout_generation,2,626,855611
scout_gap,2,627,248.637,607.541,856.178,572,35,856.178,951.530
scout_generation,2,627,856178
scout_gap,2,628,247.340,609.767,857.107,572,35,857.107,904.472
scout_generation,2,628,857107
scout_gap,2,629,246.056,608.565,854.621,572,35,854.621,961.559
scout_generation,2,629,854621
scout_gap,2,630,247.774,609.328,857.102,572,35,857.102,900.220
scout_generation,2,630,857102
scout_gap,2,631,250.706,608.494,859.200,572,35,859.200,929.033
scout_generation,2,631,859200
scout_gap,2,632,251.944,609.377,861.321,572,35,861.321,902.323
scout_generation,2,632,861321
scout_gap,2,633,252.896,609.814,862.710,572,35,862.710,994.252
scout_generation,2,633,862710
scout_gap,2,634,259.320,607.480,866.800,572,35,866.800,982.419
scout_generation,2,634,866800
scout_gap,2,635,242.851,608.111,850.962,572,35,850.962,951.539
scout_generation,2,635,850962
scout_gap,2,636,250.171,608.500,858.671,572,35,858.671,947.542
scout_generation,2,636,858671
scout_gap,2,637,251.480,610.660,862.140,572,35,862.140,908.974
scout_generation,2,637,862140
scout_gap,2,638,248.440,610.532,858.972,572,35,858.972,980.361
scout_generation,2,638,858972
scout_gap,2,639,254.532,608.312,862.844,572,35,862.844,918.470
scout_generation,2,639,862844
scout_gap,2,640,251.912,609.888,861.800,572,35,861.800,899.599
scout_generation,2,640,861800
scout_gap,2,641,261.558,608.559,870.117,572,35,870.117,902.290
scout_generation,2,641,870117
scout_gap,2,642,267.461,608.248,875.709,572,35,875.709,955.724
scout_generation,2,642,875709
scout_gap,2,643,252.146,610.789,862.935,572,35,862.935,923.871
scout_generation,2,643,862935
scout_gap,2,644,245.010,610.146,855.156,572,35,855.156,989.702
scout_generation,2,644,855156
scout_gap,2,645,253.682,610.657,864.339,572,35,864.339,917.662
scout_generation,2,645,864339
scout_gap,2,646,259.391,609.043,868.434,572,35,868.434,940.676
scout_generation,2,646,868434
scout_gap,2,647,245.321,610.283,855.604,572,35,855.604,942.061
scout_generation,2,647,855604
scout_gap,2,648,250.054,610.673,860.727,572,35,860.727,990.717
scout_generation,2,648,860727
scout_gap,2,649,248.443,609.386,857.829,572,35,857.829,963.286
scout_generation,2,649,857829
scout_gap,2,650,264.687,610.507,875.194,572,35,875.194,974.266
scout_generation,2,650,875194
scout_gap,2,651,268.711,609.787,878.498,572,35,878.498,958.432
scout_generation,2,651,878498
scout_gap,2,652,257.437,610.568,868.005,572,35,868.005,915.962
scout_generation,2,652,868005
scout_gap,2,653,255.202,610.511,865.713,572,35,865.713,984.991
scout_generation,2,653,865713
scout_gap,2,654,261.061,610.075,871.136,572,35,871.136,962.885
scout_generation,2,654,871136
scout_gap,2,655,263.843,610.592,874.435,572,35,874.435,980.283
scout_generation,2,655,874435
scout_gap,2,656,264.057,610.376,874.433,572,35,874.433,923.330
scout_generation,2,656,874433
scout_gap,2,657,262.132,609.007,871.139,572,35,871.139,908.042
scout_generation,2,657,871139
scout_gap,2,658,245.421,607.869,853.290,572,35,853.290,987.423
scout_generation,2,658,853290
scout_gap,2,659,269.406,610.683,880.089,572,35,880.089,945.398
scout_generation,2,659,880089
scout_gap,2,660,280.690,610.393,891.083,572,35,891.083,896.034
scout_generation,2,660,891083
scout_gap,2,661,277.952,609.136,887.088,572,35,887.088,952.236
scout_generation,2,661,887088
scout_gap,2,662,291.697,608.607,900.304,572,35,900.304,907.462
scout_generation,2,662,900304
scout_gap,2,663,281.491,608.005,889.496,572,35,889.496,972.558
scout_generation,2,663,889496
scout_gap,2,664,297.328,610.178,907.506,572,35,907.506,914.683
scout_generation,2,664,907506
scout_gap,2,665,274.896,607.969,882.865,572,35,882.865,981.525
scout_generation,2,665,882865
scout_gap,2,666,275.330,608.971,884.301,572,35,884.301,982.223
scout_generation,2,666,884301
scout_gap,2,667,271.796,609.878,881.674,572,35,881.674,973.657
scout_generation,2,667,881674
scout_gap,2,668,278.083,609.394,887.477,572,35,887.477,894.563
scout_generation,2,668,887477
scout_gap,2,669,248.586,610.220,858.806,572,35,858.806,942.178
scout_generation,2,669,858806
scout_gap,2,670,305.470,609.262,914.732,572,35,914.732,921.894
scout_generation,2,670,914732
scout_gap,2,671,269.689,608.615,878.304,572,35,878.304,973.955
scout_generation,2,671,878304
scout_gap,2,672,275.951,608.168,884.119,572,35,884.119,973.756
scout_generation,2,672,884119
scout_gap,2,673,275.059,610.566,885.625,572,35,885.625,943.289
scout_generation,2,673,885625
scout_gap,2,674,304.926,610.626,915.552,572,35,915.552,920.521
scout_generation,2,674,915552
scout_gap,2,675,268.478,610.827,879.305,572,35,879.305,931.460
scout_generation,2,675,879305
scout_gap,2,676,285.497,609.652,895.149,572,35,895.149,977.330
scout_generation,2,676,895149
scout_gap,2,677,296.648,608.850,905.498,572,35,905.498,910.446
scout_generation,2,677,905498
scout_gap,2,678,300.754,609.726,910.480,572,35,910.480,915.521
scout_generation,2,678,910480
scout_gap,2,679,277.514,608.198,885.712,572,35,885.712,932.636
scout_generation,2,679,885712
scout_gap,2,680,266.891,609.870,876.761,572,35,876.761,990.495
scout_generation,2,680,876761
scout_gap,2,681,283.906,608.024,891.930,572,35,891.930,899.217
scout_generation,2,681,891930
scout_gap,2,682,293.164,610.559,903.723,572,35,903.723,910.901
scout_generation,2,682,903723
scout_gap,2,683,310.154,608.010,918.164,572,35,918.164,925.346
scout_generation,2,683,918164
scout_gap,2,684,302.307,608.634,910.941,572,35,910.941,918.125
scout_generation,2,684,910941
scout_gap,2,685,273.131,610.065,883.196,572,35,883.196,951.410
scout_generation,2,685,883196
scout_gap,2,686,278.456,610.169,888.625,572,35,888.625,951.812
scout_generation,2,686,888625
scout_gap,2,687,314.843,609.964,924.807,572,35,924.807,931.950
scout_generation,2,687,924807
scout_gap,2,688,323.766,610.714,934.480,572,35,934.480,941.608
scout_generation,2,688,934480
scout_gap,2,689,258.588,608.636,867.224,572,35,867.224,993.507
scout_generation,2,689,867224
scout_gap,2,690,266.302,607.762,874.064,572,35,874.064,989.197
scout_generation,2,690,874064
scout_gap,2,691,277.602,609.037,886.639,572,35,886.639,990.687
scout_generation,2,691,886639
scout_gap,2,692,280.742,613.814,894.556,572,31,894.556,946.682
scout_generation,2,692,894556
scout_gap,2,693,266.264,610.475,876.739,572,33,876.739,933.314
scout_generation,2,693,876739
scout_gap,2,694,282.324,603.759,886.083,572,31,886.083,990.593
scout_generation,2,694,886083
scout_gap,2,695,266.544,610.471,877.015,572,32,877.015,952.326
scout_generation,2,695,877015
scout_gap,2,696,285.501,609.335,894.836,572,32,894.836,944.981
scout_generation,2,696,894836
scout_gap,2,697,279.391,610.586,889.977,572,31,889.977,978.829
scout_generation,2,697,889977
scout_gap,2,698,365.205,610.600,975.805,572,30,975.805,982.149
scout_generation,2,698,975805
scout_gap,2,699,341.318,618.803,960.121,572,30,960.121,965.010
scout_generation,2,699,960121
reloadstall_csv,2,700,700,0,400400,0.951539,0.995551,1.003100,220.575,373.524,388.809,220.575,373.524,388.809,829.739,983.098,998.038,394,464,0,700,0
scout_clock,3,78524428,1791312325607835,78524429
scout_gap,3,0,215.321,544.964,760.285,572,27,760.285,902.560
scout_generation,3,0,760285
scout_gap,3,1,215.353,545.020,760.373,572,27,760.373,907.541
scout_generation,3,1,760373
scout_gap,3,2,217.097,543.226,760.323,572,27,760.323,921.640
scout_generation,3,2,760323
scout_gap,3,3,216.253,544.177,760.430,572,27,760.430,870.307
scout_generation,3,3,760430
scout_gap,3,4,214.724,545.797,760.521,572,27,760.521,895.080
scout_generation,3,4,760521
scout_gap,3,5,217.255,543.283,760.538,572,27,760.538,901.440
scout_generation,3,5,760538
scout_gap,3,6,215.554,544.836,760.390,572,27,760.390,853.256
scout_generation,3,6,760390
scout_gap,3,7,217.594,542.759,760.353,572,27,760.353,912.153
scout_generation,3,7,760353
scout_gap,3,8,215.015,545.380,760.395,572,27,760.395,856.558
scout_generation,3,8,760395
scout_gap,3,9,215.327,545.099,760.426,572,27,760.426,873.821
scout_generation,3,9,760426
scout_gap,3,10,330.757,543.543,874.300,572,27,874.300,879.746
scout_generation,3,10,874300
scout_gap,3,11,217.189,543.255,760.444,572,27,760.444,904.875
scout_generation,3,11,760444
scout_gap,3,12,214.217,546.214,760.431,572,27,760.431,909.831
scout_generation,3,12,760431
scout_gap,3,13,215.497,544.903,760.400,572,27,760.400,872.907
scout_generation,3,13,760400
scout_gap,3,14,215.659,544.615,760.274,572,27,760.274,874.950
scout_generation,3,14,760274
scout_gap,3,15,261.846,546.357,808.203,572,27,808.203,912.809
scout_generation,3,15,808203
scout_gap,3,16,215.282,545.027,760.309,572,27,760.309,893.748
scout_generation,3,16,760309
scout_gap,3,17,216.700,543.691,760.391,572,27,760.391,855.436
scout_generation,3,17,760391
scout_gap,3,18,216.785,543.603,760.388,572,27,760.388,859.282
scout_generation,3,18,760388
scout_gap,3,19,215.913,544.426,760.339,572,27,760.339,895.310
scout_generation,3,19,760339
scout_gap,3,20,214.885,545.430,760.315,572,27,760.315,898.490
scout_generation,3,20,760315
scout_gap,3,21,214.669,545.592,760.261,572,27,760.261,895.505
scout_generation,3,21,760261
scout_gap,3,22,303.819,546.407,850.226,572,27,850.226,889.833
scout_generation,3,22,850226
scout_gap,3,23,329.921,542.965,872.886,572,27,872.886,877.693
scout_generation,3,23,872886
scout_gap,3,24,279.545,543.659,823.204,572,27,823.204,910.077
scout_generation,3,24,823204
scout_gap,3,25,334.085,543.236,877.321,572,27,877.321,884.422
scout_generation,3,25,877321
scout_gap,3,26,288.321,545.657,833.978,572,27,833.978,908.654
scout_generation,3,26,833978
scout_gap,3,27,323.500,544.379,867.879,572,27,867.879,875.001
scout_generation,3,27,867879
scout_gap,3,28,340.904,544.116,885.020,572,27,885.020,892.067
scout_generation,3,28,885020
scout_gap,3,29,330.723,545.909,876.632,572,27,876.632,881.667
scout_generation,3,29,876632
scout_gap,3,30,319.533,544.477,864.010,572,27,864.010,868.895
scout_generation,3,30,864010
scout_gap,3,31,335.829,545.880,881.709,572,27,881.709,886.888
scout_generation,3,31,881709
scout_gap,3,32,279.592,544.159,823.751,572,27,823.751,919.561
scout_generation,3,32,823751
scout_gap,3,33,338.247,546.232,884.479,572,27,884.479,891.569
scout_generation,3,33,884479
scout_gap,3,34,333.468,545.374,878.842,572,27,878.842,883.720
scout_generation,3,34,878842
scout_gap,3,35,349.162,543.608,892.770,572,27,892.770,897.698
scout_generation,3,35,892770
scout_gap,3,36,285.141,543.268,828.409,572,27,828.409,920.922
scout_generation,3,36,828409
scout_gap,3,37,283.010,544.058,827.068,572,27,827.068,902.768
scout_generation,3,37,827068
scout_gap,3,38,290.739,544.177,834.916,572,27,834.916,911.820
scout_generation,3,38,834916
scout_gap,3,39,309.392,544.855,854.247,572,27,854.247,859.293
scout_generation,3,39,854247
scout_gap,3,40,281.867,543.934,825.801,572,27,825.801,908.536
scout_generation,3,40,825801
scout_gap,3,41,295.832,545.867,841.699,572,27,841.699,907.037
scout_generation,3,41,841699
scout_gap,3,42,293.007,543.885,836.892,572,27,836.892,901.028
scout_generation,3,42,836892
scout_gap,3,43,294.930,543.589,838.519,572,27,838.519,898.476
scout_generation,3,43,838519
scout_gap,3,44,304.533,546.304,850.837,572,27,850.837,858.231
scout_generation,3,44,850837
scout_gap,3,45,297.474,545.969,843.443,572,27,843.443,874.685
scout_generation,3,45,843443
scout_gap,3,46,311.512,545.270,856.782,572,27,856.782,861.733
scout_generation,3,46,856782
scout_gap,3,47,367.869,544.925,912.794,572,27,912.794,917.757
scout_generation,3,47,912794
scout_gap,3,48,343.653,544.324,887.977,572,27,887.977,893.743
scout_generation,3,48,887977
scout_gap,3,49,354.450,544.808,899.258,572,27,899.258,905.643
scout_generation,3,49,899258
scout_gap,3,50,381.016,543.209,924.225,572,27,924.225,929.280
scout_generation,3,50,924225
scout_gap,3,51,381.199,545.141,926.340,572,27,926.340,931.320
scout_generation,3,51,926340
scout_gap,3,52,371.591,544.178,915.769,572,27,915.769,922.517
scout_generation,3,52,915769
scout_gap,3,53,360.454,543.313,903.767,572,27,903.767,908.656
scout_generation,3,53,903767
scout_gap,3,54,351.819,544.974,896.793,572,27,896.793,901.704
scout_generation,3,54,896793
scout_gap,3,55,348.201,544.974,893.175,572,27,893.175,898.267
scout_generation,3,55,893175
scout_gap,3,56,335.924,544.461,880.385,572,27,880.385,885.285
scout_generation,3,56,880385
scout_gap,3,57,362.228,543.373,905.601,572,27,905.601,910.667
scout_generation,3,57,905601
scout_gap,3,58,349.717,545.470,895.187,572,27,895.187,900.129
scout_generation,3,58,895187
scout_gap,3,59,361.975,545.675,907.650,572,27,907.650,912.542
scout_generation,3,59,907650
scout_gap,3,60,367.380,544.230,911.610,572,27,911.610,917.409
scout_generation,3,60,911610
scout_gap,3,61,343.414,544.447,887.861,572,27,887.861,893.888
scout_generation,3,61,887861
scout_gap,3,62,360.622,544.295,904.917,572,27,904.917,909.819
scout_generation,3,62,904917
scout_gap,3,63,364.520,545.958,910.478,572,27,910.478,915.422
scout_generation,3,63,910478
scout_gap,3,64,357.662,545.508,903.170,572,27,903.170,909.679
scout_generation,3,64,903170
scout_gap,3,65,365.150,544.573,909.723,572,27,909.723,914.912
scout_generation,3,65,909723
scout_gap,3,66,370.923,544.079,915.002,572,27,915.002,920.066
scout_generation,3,66,915002
scout_gap,3,67,342.154,545.319,887.473,572,27,887.473,892.323
scout_generation,3,67,887473
scout_gap,3,68,356.144,543.444,899.588,572,27,899.588,904.444
scout_generation,3,68,899588
scout_gap,3,69,358.899,545.577,904.476,572,27,904.476,909.493
scout_generation,3,69,904476
scout_gap,3,70,367.187,543.349,910.536,572,27,910.536,915.489
scout_generation,3,70,910536
scout_gap,3,71,378.083,543.161,921.244,572,27,921.244,926.075
scout_generation,3,71,921244
scout_gap,3,72,369.938,545.585,915.523,572,27,915.523,920.380
scout_generation,3,72,915523
scout_gap,3,73,384.816,543.342,928.158,572,27,928.158,933.068
scout_generation,3,73,928158
scout_gap,3,74,384.290,543.552,927.842,572,27,927.842,932.818
scout_generation,3,74,927842
scout_gap,3,75,384.731,543.280,928.011,572,27,928.011,933.246
scout_generation,3,75,928011
scout_gap,3,76,382.691,544.948,927.639,572,27,927.639,932.537
scout_generation,3,76,927639
scout_gap,3,77,382.653,544.775,927.428,572,27,927.428,932.467
scout_generation,3,77,927428
scout_gap,3,78,382.021,545.424,927.445,572,27,927.445,932.512
scout_generation,3,78,927445
scout_gap,3,79,383.062,544.589,927.651,572,27,927.651,933.070
scout_generation,3,79,927651
scout_gap,3,80,383.291,544.511,927.802,572,27,927.802,933.004
scout_generation,3,80,927802
scout_gap,3,81,378.463,546.259,924.722,572,27,924.722,929.570
scout_generation,3,81,924722
scout_gap,3,82,376.975,545.955,922.930,572,27,922.930,927.988
scout_generation,3,82,922930
scout_gap,3,83,379.309,544.197,923.506,572,27,923.506,932.358
scout_generation,3,83,923506
scout_gap,3,84,380.112,543.277,923.389,572,27,923.389,930.092
scout_generation,3,84,923389
scout_gap,3,85,382.017,544.468,926.485,572,27,926.485,931.822
scout_generation,3,85,926485
scout_gap,3,86,380.354,543.549,923.903,572,27,923.903,930.446
scout_generation,3,86,923903
scout_gap,3,87,371.693,544.663,916.356,572,27,916.356,921.208
scout_generation,3,87,916356
scout_gap,3,88,377.334,544.966,922.300,572,27,922.300,927.374
scout_generation,3,88,922300
scout_gap,3,89,377.275,544.822,922.097,572,27,922.097,927.382
scout_generation,3,89,922097
scout_gap,3,90,378.328,542.795,921.123,572,27,921.123,926.136
scout_generation,3,90,921123
scout_gap,3,91,371.367,546.065,917.432,572,27,917.432,922.889
scout_generation,3,91,917432
scout_gap,3,92,380.001,543.194,923.195,572,27,923.195,928.124
scout_generation,3,92,923195
scout_gap,3,93,377.344,545.018,922.362,572,27,922.362,927.582
scout_generation,3,93,922362
scout_gap,3,94,319.624,543.258,862.882,572,27,862.882,868.367
scout_generation,3,94,862882
scout_gap,3,95,337.129,546.348,883.477,572,27,883.477,888.542
scout_generation,3,95,883477
scout_gap,3,96,379.928,544.508,924.436,572,27,924.436,929.377
scout_generation,3,96,924436
scout_gap,3,97,359.629,543.605,903.234,572,27,903.234,908.145
scout_generation,3,97,903234
scout_gap,3,98,368.022,545.220,913.242,572,27,913.242,918.082
scout_generation,3,98,913242
scout_gap,3,99,379.729,543.209,922.938,572,27,922.938,927.800
scout_generation,3,99,922938
scout_gap,3,100,347.893,544.453,892.346,572,27,892.346,897.235
scout_generation,3,100,892346
scout_gap,3,101,337.733,545.001,882.734,572,27,882.734,887.887
scout_generation,3,101,882734
scout_gap,3,102,371.056,546.202,917.258,572,27,917.258,922.892
scout_generation,3,102,917258
scout_gap,3,103,370.652,545.464,916.116,572,27,916.116,921.079
scout_generation,3,103,916116
scout_gap,3,104,342.696,544.227,886.923,572,27,886.923,891.998
scout_generation,3,104,886923
scout_gap,3,105,327.659,546.276,873.935,572,27,873.935,878.805
scout_generation,3,105,873935
scout_gap,3,106,342.568,544.305,886.873,572,27,886.873,891.794
scout_generation,3,106,886873
scout_gap,3,107,351.715,543.186,894.901,572,27,894.901,899.761
scout_generation,3,107,894901
scout_gap,3,108,280.338,543.174,823.512,572,27,823.512,894.858
scout_generation,3,108,823512
scout_gap,3,109,287.979,545.014,832.993,572,27,832.993,870.779
scout_generation,3,109,832993
scout_gap,3,110,279.751,545.207,824.958,572,27,824.958,903.954
scout_generation,3,110,824958
scout_gap,3,111,304.470,545.917,850.387,572,27,850.387,857.533
scout_generation,3,111,850387
scout_gap,3,112,286.178,544.549,830.727,572,27,830.727,901.167
scout_generation,3,112,830727
scout_gap,3,113,295.852,544.279,840.131,572,27,840.131,913.204
scout_generation,3,113,840131
scout_gap,3,114,318.262,543.252,861.514,572,27,861.514,866.401
scout_generation,3,114,861514
scout_gap,3,115,297.493,543.975,841.468,572,27,841.468,916.370
scout_generation,3,115,841468
scout_gap,3,116,303.141,543.287,846.428,572,27,846.428,853.556
scout_generation,3,116,846428
scout_gap,3,117,283.281,545.587,828.868,572,27,828.868,905.156
scout_generation,3,117,828868
scout_gap,3,118,286.985,544.905,831.890,572,27,831.890,880.359
scout_generation,3,118,831890
scout_gap,3,119,302.834,544.685,847.519,572,27,847.519,854.626
scout_generation,3,119,847519
scout_gap,3,120,302.970,542.975,845.945,572,27,845.945,853.031
scout_generation,3,120,845945
scout_gap,3,121,273.163,545.005,818.168,572,27,818.168,846.931
scout_generation,3,121,818168
scout_gap,3,122,368.983,545.984,914.967,572,27,914.967,920.154
scout_generation,3,122,914967
scout_gap,3,123,324.572,544.754,869.326,572,27,869.326,874.186
scout_generation,3,123,869326
scout_gap,3,124,349.404,545.912,895.316,572,27,895.316,900.400
scout_generation,3,124,895316
scout_gap,3,125,364.479,544.597,909.076,572,27,909.076,914.768
scout_generation,3,125,909076
scout_gap,3,126,381.133,545.764,926.897,572,27,926.897,931.768
scout_generation,3,126,926897
scout_gap,3,127,340.648,544.742,885.390,572,27,885.390,890.442
scout_generation,3,127,885390
scout_gap,3,128,368.941,543.457,912.398,572,27,912.398,917.332
scout_generation,3,128,912398
scout_gap,3,129,345.450,545.685,891.135,572,27,891.135,898.223
scout_generation,3,129,891135
scout_gap,3,130,354.062,543.848,897.910,572,27,897.910,904.978
scout_generation,3,130,897910
scout_gap,3,131,326.545,545.600,872.145,572,27,872.145,876.958
scout_generation,3,131,872145
scout_gap,3,132,383.284,543.721,927.005,572,27,927.005,931.871
scout_generation,3,132,927005
scout_gap,3,133,379.280,544.959,924.239,572,27,924.239,929.148
scout_generation,3,133,924239
scout_gap,3,134,375.087,544.239,919.326,572,27,919.326,924.203
scout_generation,3,134,919326
scout_gap,3,135,376.927,545.635,922.562,572,27,922.562,927.670
scout_generation,3,135,922562
scout_gap,3,136,376.126,544.918,921.044,572,27,921.044,926.432
scout_generation,3,136,921044
scout_gap,3,137,374.201,544.071,918.272,572,27,918.272,923.145
scout_generation,3,137,918272
scout_gap,3,138,308.054,543.343,851.397,572,27,851.397,858.378
scout_generation,3,138,851397
scout_gap,3,139,378.638,544.307,922.945,572,27,922.945,928.282
scout_generation,3,139,922945
scout_gap,3,140,333.098,545.029,878.127,572,27,878.127,883.419
scout_generation,3,140,878127
scout_gap,3,141,353.292,544.625,897.917,572,27,897.917,902.779
scout_generation,3,141,897917
scout_gap,3,142,369.371,544.894,914.265,572,27,914.265,919.202
scout_generation,3,142,914265
scout_gap,3,143,325.700,545.743,871.443,572,27,871.443,877.286
scout_generation,3,143,871443
scout_gap,3,144,215.478,545.015,760.493,572,27,760.493,871.102
scout_generation,3,144,760493
scout_gap,3,145,354.417,542.852,897.269,572,27,897.269,903.023
scout_generation,3,145,897269
scout_gap,3,146,367.109,544.763,911.872,572,27,911.872,916.992
scout_generation,3,146,911872
scout_gap,3,147,216.985,543.360,760.345,572,27,760.345,910.502
scout_generation,3,147,760345
scout_gap,3,148,214.676,545.873,760.549,572,27,760.549,880.416
scout_generation,3,148,760549
scout_gap,3,149,214.197,546.275,760.472,572,27,760.472,854.872
scout_generation,3,149,760472
scout_gap,3,150,215.695,544.655,760.350,572,27,760.350,865.351
scout_generation,3,150,760350
scout_gap,3,151,215.703,544.856,760.559,572,27,760.559,851.546
scout_generation,3,151,760559
scout_gap,3,152,217.323,543.228,760.551,572,27,760.551,873.844
scout_generation,3,152,760551
scout_gap,3,153,216.591,543.758,760.349,572,27,760.349,847.920
scout_generation,3,153,760349
scout_gap,3,154,367.164,543.450,910.614,572,27,910.614,915.613
scout_generation,3,154,910614
scout_gap,3,155,379.963,543.037,923.000,572,27,923.000,927.956
scout_generation,3,155,923000
scout_gap,3,156,215.175,545.154,760.329,572,27,760.329,860.352
scout_generation,3,156,760329
scout_gap,3,157,215.159,545.206,760.365,572,27,760.365,871.443
scout_generation,3,157,760365
scout_gap,3,158,214.134,546.335,760.469,572,27,760.469,893.168
scout_generation,3,158,760469
scout_gap,3,159,217.258,543.286,760.544,572,27,760.544,847.470
scout_generation,3,159,760544
scout_gap,3,160,217.394,543.162,760.556,572,27,760.556,846.730
scout_generation,3,160,760556
scout_gap,3,161,216.531,543.864,760.395,572,27,760.395,905.568
scout_generation,3,161,760395
scout_gap,3,162,217.247,543.216,760.463,572,27,760.463,920.554
scout_generation,3,162,760463
scout_gap,3,163,215.864,544.605,760.469,572,27,760.469,857.027
scout_generation,3,163,760469
scout_gap,3,164,215.007,545.588,760.595,572,27,760.595,882.546
scout_generation,3,164,760595
scout_gap,3,165,214.793,545.819,760.612,572,27,760.612,889.054
scout_generation,3,165,760612
scout_gap,3,166,215.674,544.833,760.507,572,27,760.507,880.332
scout_generation,3,166,760507
scout_gap,3,167,215.628,544.771,760.399,572,27,760.399,912.292
scout_generation,3,167,760399
scout_gap,3,168,216.083,544.515,760.598,572,27,760.598,892.010
scout_generation,3,168,760598
scout_gap,3,169,215.298,545.492,760.790,572,27,760.790,859.395
scout_generation,3,169,760790
scout_gap,3,170,216.163,544.450,760.613,572,27,760.613,863.044
scout_generation,3,170,760613
scout_gap,3,171,215.303,545.283,760.586,572,27,760.586,908.582
scout_generation,3,171,760586
scout_gap,3,172,214.223,546.352,760.575,572,27,760.575,920.440
scout_generation,3,172,760575
scout_gap,3,173,215.937,544.736,760.673,572,27,760.673,928.424
scout_generation,3,173,760673
scout_gap,3,174,216.339,544.415,760.754,572,27,760.754,858.211
scout_generation,3,174,760754
scout_gap,3,175,214.546,546.109,760.655,572,27,760.655,917.202
scout_generation,3,175,760655
scout_gap,3,176,217.515,543.244,760.759,572,27,760.759,873.574
scout_generation,3,176,760759
scout_gap,3,177,216.612,544.081,760.693,572,27,760.693,877.273
scout_generation,3,177,760693
scout_gap,3,178,215.937,544.899,760.836,572,27,760.836,881.153
scout_generation,3,178,760836
scout_gap,3,179,217.647,543.124,760.771,572,27,760.771,871.582
scout_generation,3,179,760771
scout_gap,3,180,216.264,544.390,760.654,572,27,760.654,854.322
scout_generation,3,180,760654
scout_gap,3,181,217.311,543.381,760.692,572,27,760.692,860.924
scout_generation,3,181,760692
scout_gap,3,182,216.676,544.022,760.698,572,27,760.698,912.370
scout_generation,3,182,760698
scout_gap,3,183,214.702,546.073,760.775,572,27,760.775,877.284
scout_generation,3,183,760775
scout_gap,3,184,217.453,543.706,761.159,572,27,761.159,923.338
scout_generation,3,184,761159
scout_gap,3,185,215.062,546.147,761.209,572,27,761.209,869.578
scout_generation,3,185,761209
scout_gap,3,186,216.889,544.043,760.932,572,27,760.932,852.835
scout_generation,3,186,760932
scout_gap,3,187,217.245,543.711,760.956,572,27,760.956,885.043
scout_generation,3,187,760956
scout_gap,3,188,218.148,542.772,760.920,572,27,760.920,856.474
scout_generation,3,188,760920
scout_gap,3,189,216.916,544.204,761.120,572,27,761.120,853.245
scout_generation,3,189,761120
scout_gap,3,190,217.635,543.266,760.901,572,27,760.901,866.320
scout_generation,3,190,760901
scout_gap,3,191,216.347,544.546,760.893,572,27,760.893,869.968
scout_generation,3,191,760893
scout_gap,3,192,214.976,545.516,760.492,572,27,760.492,905.358
scout_generation,3,192,760492
scout_gap,3,193,217.221,543.557,760.778,572,27,760.778,868.098
scout_generation,3,193,760778
scout_gap,3,194,217.431,543.331,760.762,572,27,760.762,896.330
scout_generation,3,194,760762
scout_gap,3,195,217.777,542.952,760.729,572,27,760.729,860.721
scout_generation,3,195,760729
scout_gap,3,196,216.813,544.031,760.844,572,27,760.844,916.123
scout_generation,3,196,760844
scout_gap,3,197,216.677,543.987,760.664,572,27,760.664,886.689
scout_generation,3,197,760664
scout_gap,3,198,216.449,544.396,760.845,572,27,760.845,853.926
scout_generation,3,198,760845
scout_gap,3,199,217.927,542.929,760.856,572,27,760.856,887.294
scout_generation,3,199,760856
scout_gap,3,200,215.612,545.067,760.679,572,27,760.679,848.867
scout_generation,3,200,760679
scout_gap,3,201,215.247,545.557,760.804,572,27,760.804,896.983
scout_generation,3,201,760804
scout_gap,3,202,215.552,545.267,760.819,572,27,760.819,894.394
scout_generation,3,202,760819
scout_gap,3,203,214.790,545.996,760.786,572,27,760.786,903.130
scout_generation,3,203,760786
scout_gap,3,204,215.170,545.413,760.583,572,27,760.583,913.981
scout_generation,3,204,760583
scout_gap,3,205,214.609,545.997,760.606,572,27,760.606,914.197
scout_generation,3,205,760606
scout_gap,3,206,215.002,545.609,760.611,572,27,760.611,919.292
scout_generation,3,206,760611
scout_gap,3,207,216.488,544.162,760.650,572,27,760.650,851.130
scout_generation,3,207,760650
scout_gap,3,208,217.196,543.269,760.465,572,27,760.465,903.193
scout_generation,3,208,760465
scout_gap,3,209,216.243,544.283,760.526,572,27,760.526,851.606
scout_generation,3,209,760526
scout_gap,3,210,215.499,545.057,760.556,572,27,760.556,863.823
scout_generation,3,210,760556
scout_gap,3,211,214.712,545.804,760.516,572,27,760.516,918.591
scout_generation,3,211,760516
scout_gap,3,212,215.829,544.668,760.497,572,27,760.497,869.627
scout_generation,3,212,760497
scout_gap,3,213,215.042,545.438,760.480,572,27,760.480,872.867
scout_generation,3,213,760480
scout_gap,3,214,215.441,545.092,760.533,572,27,760.533,922.962
scout_generation,3,214,760533
scout_gap,3,215,215.472,544.963,760.435,572,27,760.435,926.762
scout_generation,3,215,760435
scout_gap,3,216,215.957,544.337,760.294,572,27,760.294,899.036
scout_generation,3,216,760294
scout_gap,3,217,215.348,545.166,760.514,572,27,760.514,850.784
scout_generation,3,217,760514
scout_gap,3,218,215.189,545.276,760.465,572,27,760.465,884.857
scout_generation,3,218,760465
scout_gap,3,219,216.470,543.818,760.288,572,27,760.288,904.290
scout_generation,3,219,760288
scout_gap,3,220,214.595,546.120,760.715,572,27,760.715,894.784
scout_generation,3,220,760715
scout_gap,3,221,217.103,543.288,760.391,572,27,760.391,881.616
scout_generation,3,221,760391
scout_gap,3,222,214.117,546.398,760.515,572,27,760.515,911.920
scout_generation,3,222,760515
scout_gap,3,223,217.805,543.214,761.019,572,27,761.019,900.814
scout_generation,3,223,761019
scout_gap,3,224,217.676,543.236,760.912,572,27,760.912,852.465
scout_generation,3,224,760912
scout_gap,3,225,217.152,543.855,761.007,572,27,761.007,886.126
scout_generation,3,225,761007
scout_gap,3,226,216.577,544.496,761.073,572,27,761.073,914.311
scout_generation,3,226,761073
scout_gap,3,227,218.202,542.902,761.104,572,27,761.104,887.944
scout_generation,3,227,761104
scout_gap,3,228,217.422,543.748,761.170,572,27,761.170,912.348
scout_generation,3,228,761170
scout_gap,3,229,216.486,544.484,760.970,572,27,760.970,909.409
scout_generation,3,229,760970
scout_gap,3,230,217.757,543.197,760.954,572,27,760.954,863.462
scout_generation,3,230,760954
scout_gap,3,231,215.198,545.814,761.012,572,27,761.012,877.205
scout_generation,3,231,761012
scout_gap,3,232,216.058,544.867,760.925,572,27,760.925,882.232
scout_generation,3,232,760925
scout_gap,3,233,215.514,545.505,761.019,572,27,761.019,919.313
scout_generation,3,233,761019
scout_gap,3,234,215.110,545.234,760.344,572,27,760.344,924.176
scout_generation,3,234,760344
scout_gap,3,235,215.574,545.625,761.199,572,27,761.199,872.208
scout_generation,3,235,761199
scout_gap,3,236,216.956,544.372,761.328,572,27,761.328,902.064
scout_generation,3,236,761328
scout_gap,3,237,217.632,543.760,761.392,572,27,761.392,875.470
scout_generation,3,237,761392
scout_gap,3,238,214.957,546.281,761.238,572,27,761.238,886.733
scout_generation,3,238,761238
scout_gap,3,239,216.858,544.403,761.261,572,27,761.261,886.668
scout_generation,3,239,761261
scout_gap,3,240,216.899,544.057,760.956,572,27,760.956,870.477
scout_generation,3,240,760956
scout_gap,3,241,216.914,544.192,761.106,572,27,761.106,884.980
scout_generation,3,241,761106
scout_gap,3,242,215.021,546.110,761.131,572,27,761.131,910.332
scout_generation,3,242,761131
scout_gap,3,243,215.651,545.520,761.171,572,27,761.171,866.298
scout_generation,3,243,761171
scout_gap,3,244,214.868,546.258,761.126,572,27,761.126,883.736
scout_generation,3,244,761126
scout_gap,3,245,215.600,545.285,760.885,572,27,760.885,849.227
scout_generation,3,245,760885
scout_gap,3,246,214.988,545.568,760.556,572,27,760.556,882.827
scout_generation,3,246,760556
scout_gap,3,247,216.370,545.349,761.719,572,27,761.719,878.160
scout_generation,3,247,761719
scout_gap,3,248,215.014,545.484,760.498,572,27,760.498,868.160
scout_generation,3,248,760498
scout_gap,3,249,216.927,543.503,760.430,572,27,760.430,867.288
scout_generation,3,249,760430
scout_gap,3,250,217.081,543.393,760.474,572,27,760.474,853.854
scout_generation,3,250,760474
scout_gap,3,251,217.567,544.023,761.590,572,27,761.590,850.340
scout_generation,3,251,761590
scout_gap,3,252,215.448,545.983,761.431,572,27,761.431,858.388
scout_generation,3,252,761431
scout_gap,3,253,216.341,545.159,761.500,572,27,761.500,915.493
scout_generation,3,253,761500
scout_gap,3,254,218.017,543.306,761.323,572,27,761.323,864.383
scout_generation,3,254,761323
scout_gap,3,255,217.193,543.796,760.989,572,27,760.989,872.569
scout_generation,3,255,760989
scout_gap,3,256,217.667,543.457,761.124,572,27,761.124,867.402
scout_generation,3,256,761124
scout_gap,3,257,216.971,544.082,761.053,572,27,761.053,918.764
scout_generation,3,257,761053
scout_gap,3,258,215.280,545.857,761.137,572,27,761.137,922.038
scout_generation,3,258,761137
scout_gap,3,259,216.500,544.460,760.960,572,27,760.960,869.903
scout_generation,3,259,760960
scout_gap,3,260,216.398,544.524,760.922,572,27,760.922,859.582
scout_generation,3,260,760922
scout_gap,3,261,217.263,543.270,760.533,572,27,760.533,861.568
scout_generation,3,261,760533
scout_gap,3,262,215.968,544.749,760.717,572,27,760.717,921.740
scout_generation,3,262,760717
scout_gap,3,263,214.347,546.304,760.651,572,27,760.651,863.002
scout_generation,3,263,760651
scout_gap,3,264,216.655,544.191,760.846,572,27,760.846,861.710
scout_generation,3,264,760846
scout_gap,3,265,216.334,544.345,760.679,572,27,760.679,915.900
scout_generation,3,265,760679
scout_gap,3,266,217.443,543.358,760.801,572,27,760.801,873.116
scout_generation,3,266,760801
scout_gap,3,267,216.037,544.603,760.640,572,27,760.640,914.301
scout_generation,3,267,760640
scout_gap,3,268,215.481,545.095,760.576,572,27,760.576,872.522
scout_generation,3,268,760576
scout_gap,3,269,215.872,544.591,760.463,572,27,760.463,868.574
scout_generation,3,269,760463
scout_gap,3,270,213.829,546.388,760.217,572,27,760.217,910.215
scout_generation,3,270,760217
scout_gap,3,271,218.530,542.839,761.369,572,27,761.369,871.402
scout_generation,3,271,761369
scout_gap,3,272,217.119,544.041,761.160,572,27,761.160,878.685
scout_generation,3,272,761160
scout_gap,3,273,217.812,543.222,761.034,572,27,761.034,919.530
scout_generation,3,273,761034
scout_gap,3,274,216.327,544.555,760.882,572,27,760.882,888.639
scout_generation,3,274,760882
scout_gap,3,275,215.546,545.242,760.788,572,27,760.788,909.584
scout_generation,3,275,760788
scout_gap,3,276,217.004,543.251,760.255,572,27,760.255,864.166
scout_generation,3,276,760255
scout_gap,3,277,216.667,543.697,760.364,572,27,760.364,911.926
scout_generation,3,277,760364
scout_gap,3,278,214.124,546.350,760.474,572,27,760.474,915.722
scout_generation,3,278,760474
scout_gap,3,279,215.188,545.294,760.482,572,27,760.482,881.723
scout_generation,3,279,760482
scout_gap,3,280,215.842,545.812,761.654,572,27,761.654,891.354
scout_generation,3,280,761654
scout_gap,3,281,216.382,543.877,760.259,572,27,760.259,917.188
scout_generation,3,281,760259
scout_gap,3,282,216.504,544.927,761.431,572,27,761.431,921.502
scout_generation,3,282,761431
scout_gap,3,283,218.273,543.276,761.549,572,27,761.549,904.209
scout_generation,3,283,761549
scout_gap,3,284,216.952,543.949,760.901,572,27,760.901,903.734
scout_generation,3,284,760901
scout_gap,3,285,215.488,545.330,760.818,572,27,760.818,917.391
scout_generation,3,285,760818
scout_gap,3,286,218.406,543.257,761.663,572,27,761.663,913.030
scout_generation,3,286,761663
scout_gap,3,287,217.553,543.246,760.799,572,27,760.799,906.264
scout_generation,3,287,760799
scout_gap,3,288,216.247,544.183,760.430,572,27,760.430,897.686
scout_generation,3,288,760430
scout_gap,3,289,215.940,545.715,761.655,572,27,761.655,871.238
scout_generation,3,289,761655
scout_gap,3,290,218.266,543.185,761.451,572,27,761.451,925.887
scout_generation,3,290,761451
scout_gap,3,291,215.352,545.186,760.538,572,27,760.538,899.178
scout_generation,3,291,760538
scout_gap,3,292,217.567,542.939,760.506,572,27,760.506,901.506
scout_generation,3,292,760506
scout_gap,3,293,215.498,545.803,761.301,572,27,761.301,857.451
scout_generation,3,293,761301
scout_gap,3,294,216.847,543.800,760.647,572,27,760.647,891.101
scout_generation,3,294,760647
scout_gap,3,295,217.084,544.248,761.332,572,27,761.332,890.833
scout_generation,3,295,761332
scout_gap,3,296,215.286,546.001,761.287,572,27,761.287,889.343
scout_generation,3,296,761287
scout_gap,3,297,218.213,543.276,761.489,572,27,761.489,928.723
scout_generation,3,297,761489
scout_gap,3,298,217.413,543.863,761.276,572,27,761.276,879.591
scout_generation,3,298,761276
scout_gap,3,299,218.335,543.204,761.539,572,27,761.539,855.709
scout_generation,3,299,761539
scout_gap,3,300,215.974,544.442,760.416,572,27,760.416,915.255
scout_generation,3,300,760416
scout_gap,3,301,215.123,546.051,761.174,572,27,761.174,922.589
scout_generation,3,301,761174
scout_gap,3,302,217.235,543.274,760.509,572,27,760.509,903.194
scout_generation,3,302,760509
scout_gap,3,303,218.439,542.826,761.265,572,27,761.265,850.053
scout_generation,3,303,761265
scout_gap,3,304,217.955,543.497,761.452,572,27,761.452,851.076
scout_generation,3,304,761452
scout_gap,3,305,216.876,544.141,761.017,572,27,761.017,918.775
scout_generation,3,305,761017
scout_gap,3,306,217.482,544.265,761.747,572,27,761.747,875.005
scout_generation,3,306,761747
scout_gap,3,307,216.163,545.188,761.351,572,27,761.351,914.226
scout_generation,3,307,761351
scout_gap,3,308,216.055,544.540,760.595,572,27,760.595,861.536
scout_generation,3,308,760595
scout_gap,3,309,218.183,543.561,761.744,572,27,761.744,879.038
scout_generation,3,309,761744
scout_gap,3,310,216.175,544.702,760.877,572,27,760.877,874.268
scout_generation,3,310,760877
scout_gap,3,311,216.858,543.789,760.647,572,27,760.647,857.237
scout_generation,3,311,760647
scout_gap,3,312,216.786,543.773,760.559,572,27,760.559,916.071
scout_generation,3,312,760559
scout_gap,3,313,216.159,544.696,760.855,572,27,760.855,911.388
scout_generation,3,313,760855
scout_gap,3,314,214.426,546.146,760.572,572,27,760.572,898.147
scout_generation,3,314,760572
scout_gap,3,315,216.115,544.319,760.434,572,27,760.434,869.209
scout_generation,3,315,760434
scout_gap,3,316,217.105,543.487,760.592,572,27,760.592,894.864
scout_generation,3,316,760592
scout_gap,3,317,214.924,545.701,760.625,572,27,760.625,875.892
scout_generation,3,317,760625
scout_gap,3,318,216.872,543.673,760.545,572,27,760.545,860.207
scout_generation,3,318,760545
scout_gap,3,319,215.152,545.492,760.644,572,27,760.644,908.899
scout_generation,3,319,760644
scout_gap,3,320,215.919,544.661,760.580,572,27,760.580,865.654
scout_generation,3,320,760580
scout_gap,3,321,214.608,545.893,760.501,572,27,760.501,895.271
scout_generation,3,321,760501
scout_gap,3,322,214.466,546.252,760.718,572,27,760.718,867.835
scout_generation,3,322,760718
scout_gap,3,323,216.844,543.951,760.795,572,27,760.795,897.469
scout_generation,3,323,760795
scout_gap,3,324,214.863,545.733,760.596,572,27,760.596,914.936
scout_generation,3,324,760596
scout_gap,3,325,216.787,544.000,760.787,572,27,760.787,894.436
scout_generation,3,325,760787
scout_gap,3,326,215.623,544.974,760.597,572,27,760.597,886.827
scout_generation,3,326,760597
scout_gap,3,327,214.582,546.271,760.853,572,27,760.853,906.351
scout_generation,3,327,760853
scout_gap,3,328,216.673,543.928,760.601,572,27,760.601,903.662
scout_generation,3,328,760601
scout_gap,3,329,215.100,545.655,760.755,572,27,760.755,894.656
scout_generation,3,329,760755
scout_gap,3,330,214.414,546.261,760.675,572,27,760.675,909.437
scout_generation,3,330,760675
scout_gap,3,331,215.588,545.151,760.739,572,27,760.739,891.372
scout_generation,3,331,760739
scout_gap,3,332,216.040,544.650,760.690,572,27,760.690,886.363
scout_generation,3,332,760690
scout_gap,3,333,216.106,544.602,760.708,572,27,760.708,858.811
scout_generation,3,333,760708
scout_gap,3,334,215.148,545.730,760.878,572,27,760.878,879.120
scout_generation,3,334,760878
scout_gap,3,335,216.931,544.054,760.985,572,27,760.985,909.014
scout_generation,3,335,760985
scout_gap,3,336,217.678,543.389,761.067,572,27,761.067,905.364
scout_generation,3,336,761067
scout_gap,3,337,217.207,543.690,760.897,572,27,760.897,856.953
scout_generation,3,337,760897
scout_gap,3,338,215.063,546.033,761.096,572,27,761.096,885.421
scout_generation,3,338,761096
scout_gap,3,339,215.731,545.197,760.928,572,27,760.928,915.311
scout_generation,3,339,760928
scout_gap,3,340,217.767,543.236,761.003,572,27,761.003,897.857
scout_generation,3,340,761003
scout_gap,3,341,217.961,543.202,761.163,572,27,761.163,907.082
scout_generation,3,341,761163
scout_gap,3,342,217.692,543.292,760.984,572,27,760.984,886.513
scout_generation,3,342,760984
scout_gap,3,343,214.993,546.153,761.146,572,27,761.146,853.434
scout_generation,3,343,761146
scout_gap,3,344,215.164,546.043,761.207,572,27,761.207,893.127
scout_generation,3,344,761207
scout_gap,3,345,215.683,545.361,761.044,572,27,761.044,868.650
scout_generation,3,345,761044
scout_gap,3,346,217.249,544.169,761.418,572,27,761.418,849.600
scout_generation,3,346,761418
scout_gap,3,347,215.037,546.217,761.254,572,27,761.254,908.909
scout_generation,3,347,761254
scout_gap,3,348,216.980,544.294,761.274,572,27,761.274,900.163
scout_generation,3,348,761274
scout_gap,3,349,217.705,543.597,761.302,572,27,761.302,919.326
scout_generation,3,349,761302
scout_gap,3,350,214.927,545.456,760.383,572,27,760.383,866.240
scout_generation,3,350,760383
scout_gap,3,351,215.766,544.844,760.610,572,27,760.610,922.853
scout_generation,3,351,760610
scout_gap,3,352,217.688,542.879,760.567,572,27,760.567,903.253
scout_generation,3,352,760567
scout_gap,3,353,215.671,545.795,761.466,572,27,761.466,928.786
scout_generation,3,353,761466
scout_gap,3,354,215.341,545.381,760.722,572,27,760.722,862.840
scout_generation,3,354,760722
scout_gap,3,355,216.569,544.130,760.699,572,27,760.699,895.327
scout_generation,3,355,760699
scout_gap,3,356,216.235,545.242,761.477,572,27,761.477,899.217
scout_generation,3,356,761477
scout_gap,3,357,215.246,546.028,761.274,572,27,761.274,859.012
scout_generation,3,357,761274
scout_gap,3,358,217.021,543.735,760.756,572,27,760.756,922.433
scout_generation,3,358,760756
scout_gap,3,359,214.320,546.228,760.548,572,27,760.548,869.545
scout_generation,3,359,760548
scout_gap,3,360,215.591,545.125,760.716,572,27,760.716,889.655
scout_generation,3,360,760716
scout_gap,3,361,215.524,545.329,760.853,572,27,760.853,923.734
scout_generation,3,361,760853
scout_gap,3,362,215.339,545.407,760.746,572,27,760.746,864.559
scout_generation,3,362,760746
scout_gap,3,363,215.889,544.871,760.760,572,27,760.760,859.596
scout_generation,3,363,760760
scout_gap,3,364,215.979,544.812,760.791,572,27,760.791,872.814
scout_generation,3,364,760791
scout_gap,3,365,217.373,543.480,760.853,572,27,760.853,886.901
scout_generation,3,365,760853
scout_gap,3,366,214.952,545.940,760.892,572,27,760.892,860.724
scout_generation,3,366,760892
scout_gap,3,367,215.023,545.852,760.875,572,27,760.875,927.203
scout_generation,3,367,760875
scout_gap,3,368,215.406,545.515,760.921,572,27,760.921,923.137
scout_generation,3,368,760921
scout_gap,3,369,214.759,546.175,760.934,572,27,760.934,922.236
scout_generation,3,369,760934
scout_gap,3,370,214.617,546.335,760.952,572,27,760.952,920.166
scout_generation,3,370,760952
scout_gap,3,371,215.921,545.041,760.962,572,27,760.962,924.791
scout_generation,3,371,760962
scout_gap,3,372,215.984,545.009,760.993,572,27,760.993,861.946
scout_generation,3,372,760993
scout_gap,3,373,217.778,543.186,760.964,572,27,760.964,922.303
scout_generation,3,373,760964
scout_gap,3,374,217.395,543.657,761.052,572,27,761.052,910.565
scout_generation,3,374,761052
scout_gap,3,375,217.286,543.768,761.054,572,27,761.054,908.159
scout_generation,3,375,761054
scout_gap,3,376,215.378,545.785,761.163,572,27,761.163,867.835
scout_generation,3,376,761163
scout_gap,3,377,216.801,544.336,761.137,572,27,761.137,882.689
scout_generation,3,377,761137
scout_gap,3,378,217.841,543.329,761.170,572,27,761.170,877.773
scout_generation,3,378,761170
scout_gap,3,379,217.218,543.671,760.889,572,27,760.889,887.348
scout_generation,3,379,760889
scout_gap,3,380,218.399,542.892,761.291,572,27,761.291,896.762
scout_generation,3,380,761291
scout_gap,3,381,216.223,545.082,761.305,572,27,761.305,861.765
scout_generation,3,381,761305
scout_gap,3,382,215.936,545.336,761.272,572,27,761.272,897.693
scout_generation,3,382,761272
scout_gap,3,383,215.349,546.107,761.456,572,27,761.456,859.288
scout_generation,3,383,761456
scout_gap,3,384,217.619,543.883,761.502,572,27,761.502,864.184
scout_generation,3,384,761502
scout_gap,3,385,215.859,545.586,761.445,572,27,761.445,867.160
scout_generation,3,385,761445
scout_gap,3,386,217.583,543.875,761.458,572,27,761.458,873.419
scout_generation,3,386,761458
scout_gap,3,387,217.938,543.304,761.242,572,27,761.242,863.037
scout_generation,3,387,761242
scout_gap,3,388,215.555,546.003,761.558,572,27,761.558,899.569
scout_generation,3,388,761558
scout_gap,3,389,215.996,545.630,761.626,572,27,761.626,896.859
scout_generation,3,389,761626
scout_gap,3,390,216.436,545.277,761.713,572,27,761.713,907.989
scout_generation,3,390,761713
scout_gap,3,391,215.898,545.708,761.606,572,27,761.606,924.386
scout_generation,3,391,761606
scout_gap,3,392,216.087,545.502,761.589,572,27,761.589,922.900
scout_generation,3,392,761589
scout_gap,3,393,216.496,544.098,760.594,572,27,760.594,891.211
scout_generation,3,393,760594
scout_gap,3,394,217.397,543.247,760.644,572,27,760.644,880.013
scout_generation,3,394,760644
scout_gap,3,395,215.684,544.953,760.637,572,27,760.637,899.833
scout_generation,3,395,760637
scout_gap,3,396,216.166,544.621,760.787,572,27,760.787,871.404
scout_generation,3,396,760787
scout_gap,3,397,215.720,544.821,760.541,572,27,760.541,882.560
scout_generation,3,397,760541
scout_gap,3,398,217.427,543.237,760.664,572,27,760.664,891.136
scout_generation,3,398,760664
scout_gap,3,399,216.784,544.040,760.824,572,27,760.824,876.550
scout_generation,3,399,760824
scout_gap,3,400,217.690,542.988,760.678,572,27,760.678,919.477
scout_generation,3,400,760678
scout_gap,3,401,217.572,543.149,760.721,572,27,760.721,867.260
scout_generation,3,401,760721
scout_gap,3,402,215.593,545.109,760.702,572,27,760.702,889.863
scout_generation,3,402,760702
scout_gap,3,403,217.482,543.277,760.759,572,27,760.759,896.341
scout_generation,3,403,760759
scout_gap,3,404,216.955,543.919,760.874,572,27,760.874,862.749
scout_generation,3,404,760874
scout_gap,3,405,214.466,546.297,760.763,572,27,760.763,891.253
scout_generation,3,405,760763
scout_gap,3,406,215.779,545.125,760.904,572,27,760.904,905.663
scout_generation,3,406,760904
scout_gap,3,407,216.754,544.387,761.141,572,27,761.141,898.568
scout_generation,3,407,761141
scout_gap,3,408,216.612,544.375,760.987,572,27,760.987,900.699
scout_generation,3,408,760987
scout_gap,3,409,214.867,546.192,761.059,572,27,761.059,873.198
scout_generation,3,409,761059
scout_gap,3,410,214.693,546.359,761.052,572,27,761.052,903.223
scout_generation,3,410,761052
scout_gap,3,411,215.031,546.154,761.185,572,27,761.185,870.660
scout_generation,3,411,761185
scout_gap,3,412,217.236,543.736,760.972,572,27,760.972,901.050
scout_generation,3,412,760972
scout_gap,3,413,214.795,546.351,761.146,572,27,761.146,903.761
scout_generation,3,413,761146
scout_gap,3,414,217.248,543.821,761.069,572,27,761.069,922.802
scout_generation,3,414,761069
scout_gap,3,415,217.110,543.810,760.920,572,27,760.920,879.761
scout_generation,3,415,760920
scout_gap,3,416,217.571,543.397,760.968,572,27,760.968,854.082
scout_generation,3,416,760968
scout_gap,3,417,217.863,543.255,761.118,572,27,761.118,890.103
scout_generation,3,417,761118
scout_gap,3,418,216.017,545.229,761.246,572,27,761.246,883.231
scout_generation,3,418,761246
scout_gap,3,419,214.989,546.374,761.363,572,27,761.363,892.372
scout_generation,3,419,761363
scout_gap,3,420,215.377,546.023,761.400,572,27,761.400,906.263
scout_generation,3,420,761400
scout_gap,3,421,215.893,545.557,761.450,572,27,761.450,893.803
scout_generation,3,421,761450
scout_gap,3,422,216.691,544.696,761.387,572,27,761.387,877.493
scout_generation,3,422,761387
scout_gap,3,423,217.995,543.289,761.284,572,27,761.284,885.051
scout_generation,3,423,761284
scout_gap,3,424,218.242,543.246,761.488,572,27,761.488,875.689
scout_generation,3,424,761488
scout_gap,3,425,217.560,543.900,761.460,572,27,761.460,862.858
scout_generation,3,425,761460
scout_gap,3,426,216.179,545.322,761.501,572,27,761.501,882.341
scout_generation,3,426,761501
scout_gap,3,427,214.885,545.849,760.734,572,27,760.734,857.265
scout_generation,3,427,760734
scout_gap,3,428,215.964,545.497,761.461,572,27,761.461,865.461
scout_generation,3,428,761461
scout_gap,3,429,217.738,543.742,761.480,572,27,761.480,890.690
scout_generation,3,429,761480
scout_gap,3,430,217.652,543.855,761.507,572,27,761.507,917.919
scout_generation,3,430,761507
scout_gap,3,431,215.617,545.695,761.312,572,27,761.312,917.004
scout_generation,3,431,761312
scout_gap,3,432,215.708,545.640,761.348,572,27,761.348,878.700
scout_generation,3,432,761348
scout_gap,3,433,216.441,545.160,761.601,572,27,761.601,880.486
scout_generation,3,433,761601
scout_gap,3,434,217.905,543.801,761.706,572,27,761.706,867.625
scout_generation,3,434,761706
scout_gap,3,435,217.494,544.067,761.561,572,27,761.561,854.207
scout_generation,3,435,761561
scout_gap,3,436,217.944,543.753,761.697,572,27,761.697,903.512
scout_generation,3,436,761697
scout_gap,3,437,216.190,545.436,761.626,572,27,761.626,871.143
scout_generation,3,437,761626
scout_gap,3,438,217.440,544.560,762.000,572,27,762.000,904.062
scout_generation,3,438,762000
scout_gap,3,439,217.365,544.610,761.975,572,27,761.975,913.899
scout_generation,3,439,761975
scout_gap,3,440,218.792,543.262,762.054,572,27,762.054,910.998
scout_generation,3,440,762054
scout_gap,3,441,217.528,544.409,761.937,572,27,761.937,920.194
scout_generation,3,441,761937
scout_gap,3,442,216.966,544.848,761.814,572,27,761.814,917.747
scout_generation,3,442,761814
scout_gap,3,443,217.480,544.380,761.860,572,27,761.860,919.197
scout_generation,3,443,761860
scout_gap,3,444,216.822,545.463,762.285,572,27,762.285,906.895
scout_generation,3,444,762285
scout_gap,3,445,218.528,543.720,762.248,572,27,762.248,895.135
scout_generation,3,445,762248
scout_gap,3,446,217.221,545.077,762.298,572,27,762.298,896.567
scout_generation,3,446,762298
scout_gap,3,447,218.621,543.560,762.181,572,27,762.181,906.838
scout_generation,3,447,762181
scout_gap,3,448,219.503,542.745,762.248,572,27,762.248,888.049
scout_generation,3,448,762248
scout_gap,3,449,217.501,544.837,762.338,572,27,762.338,926.841
scout_generation,3,449,762338
scout_gap,3,450,218.289,544.273,762.562,572,27,762.562,900.639
scout_generation,3,450,762562
scout_gap,3,451,218.565,543.876,762.441,572,27,762.441,888.391
scout_generation,3,451,762441
scout_gap,3,452,217.675,544.750,762.425,572,27,762.425,920.973
scout_generation,3,452,762425
scout_gap,3,453,219.215,543.246,762.461,572,27,762.461,923.130
scout_generation,3,453,762461
scout_gap,3,454,218.849,543.847,762.696,572,27,762.696,906.880
scout_generation,3,454,762696
scout_gap,3,455,216.771,545.875,762.646,572,27,762.646,896.072
scout_generation,3,455,762646
scout_gap,3,456,217.234,545.598,762.832,572,27,762.832,897.245
scout_generation,3,456,762832
scout_gap,3,457,216.888,545.845,762.733,572,27,762.733,895.370
scout_generation,3,457,762733
scout_gap,3,458,219.622,543.380,763.002,572,27,763.002,903.714
scout_generation,3,458,763002
scout_gap,3,459,217.958,543.494,761.452,572,27,761.452,905.486
scout_generation,3,459,761452
scout_gap,3,460,219.837,543.212,763.049,572,27,763.049,912.493
scout_generation,3,460,763049
scout_gap,3,461,215.559,545.781,761.340,572,27,761.340,886.611
scout_generation,3,461,761340
scout_gap,3,462,218.051,543.504,761.555,572,27,761.555,884.121
scout_generation,3,462,761555
scout_gap,3,463,216.845,544.828,761.673,572,27,761.673,877.288
scout_generation,3,463,761673
scout_gap,3,464,217.331,544.327,761.658,572,27,761.658,887.792
scout_generation,3,464,761658
scout_gap,3,465,216.006,545.705,761.711,572,27,761.711,875.849
scout_generation,3,465,761711
scout_gap,3,466,216.630,545.057,761.687,572,27,761.687,894.081
scout_generation,3,466,761687
scout_gap,3,467,218.987,542.783,761.770,572,27,761.770,885.611
scout_generation,3,467,761770
scout_gap,3,468,217.020,544.760,761.780,572,27,761.780,901.017
scout_generation,3,468,761780
scout_gap,3,469,217.371,544.613,761.984,572,27,761.984,910.447
scout_generation,3,469,761984
scout_gap,3,470,218.615,543.321,761.936,572,27,761.936,862.628
scout_generation,3,470,761936
scout_gap,3,471,218.789,543.280,762.069,572,27,762.069,877.232
scout_generation,3,471,762069
scout_gap,3,472,215.659,546.223,761.882,572,27,761.882,911.569
scout_generation,3,472,761882
scout_gap,3,473,217.425,544.908,762.333,572,27,762.333,888.952
scout_generation,3,473,762333
scout_gap,3,474,218.274,543.691,761.965,572,27,761.965,867.479
scout_generation,3,474,761965
scout_gap,3,475,217.710,544.133,761.843,572,27,761.843,903.204
scout_generation,3,475,761843
scout_gap,3,476,216.834,545.464,762.298,572,27,762.298,907.630
scout_generation,3,476,762298
scout_gap,3,477,215.837,546.327,762.164,572,27,762.164,897.819
scout_generation,3,477,762164
scout_gap,3,478,217.482,544.703,762.185,572,27,762.185,898.719
scout_generation,3,478,762185
scout_gap,3,479,219.245,543.263,762.508,572,27,762.508,900.727
scout_generation,3,479,762508
scout_gap,3,480,219.578,542.915,762.493,572,27,762.493,888.416
scout_generation,3,480,762493
scout_gap,3,481,219.158,543.287,762.445,572,27,762.445,887.854
scout_generation,3,481,762445
scout_gap,3,482,218.430,544.139,762.569,572,27,762.569,916.079
scout_generation,3,482,762569
scout_gap,3,483,216.126,546.323,762.449,572,27,762.449,889.890
scout_generation,3,483,762449
scout_gap,3,484,217.972,544.877,762.849,572,27,762.849,916.319
scout_generation,3,484,762849
scout_gap,3,485,219.531,543.187,762.718,572,27,762.718,860.871
scout_generation,3,485,762718
scout_gap,3,486,218.397,543.481,761.878,572,27,761.878,888.926
scout_generation,3,486,761878
scout_gap,3,487,218.812,543.155,761.967,572,27,761.967,869.305
scout_generation,3,487,761967
scout_gap,3,488,218.507,543.136,761.643,572,27,761.643,870.874
scout_generation,3,488,761643
scout_gap,3,489,215.601,546.292,761.893,572,27,761.893,876.584
scout_generation,3,489,761893
scout_gap,3,490,216.531,545.600,762.131,572,27,762.131,849.227
scout_generation,3,490,762131
scout_gap,3,491,215.848,546.056,761.904,572,27,761.904,915.371
scout_generation,3,491,761904
scout_gap,3,492,215.926,546.381,762.307,572,27,762.307,863.976
scout_generation,3,492,762307
scout_gap,3,493,216.085,546.130,762.215,572,27,762.215,911.153
scout_generation,3,493,762215
scout_gap,3,494,218.003,544.195,762.198,572,27,762.198,867.437
scout_generation,3,494,762198
scout_gap,3,495,216.979,545.339,762.318,572,27,762.318,874.470
scout_generation,3,495,762318
scout_gap,3,496,218.315,544.122,762.437,572,27,762.437,921.138
scout_generation,3,496,762437
scout_gap,3,497,219.276,543.164,762.440,572,27,762.440,901.937
scout_generation,3,497,762440
scout_gap,3,498,216.642,545.891,762.533,572,27,762.533,860.852
scout_generation,3,498,762533
scout_gap,3,499,216.942,545.666,762.608,572,27,762.608,855.138
scout_generation,3,499,762608
scout_gap,3,500,217.701,544.889,762.590,572,27,762.590,880.570
scout_generation,3,500,762590
scout_gap,3,501,216.729,545.797,762.526,572,27,762.526,902.139
scout_generation,3,501,762526
scout_gap,3,502,219.456,543.269,762.725,572,27,762.725,902.896
scout_generation,3,502,762725
scout_gap,3,503,219.531,543.264,762.795,572,27,762.795,845.844
scout_generation,3,503,762795
scout_gap,3,504,218.229,544.688,762.917,572,27,762.917,858.701
scout_generation,3,504,762917
scout_gap,3,505,219.353,543.293,762.646,572,27,762.646,897.487
scout_generation,3,505,762646
scout_gap,3,506,217.416,545.230,762.646,572,27,762.646,884.685
scout_generation,3,506,762646
scout_gap,3,507,218.802,544.140,762.942,572,27,762.942,918.097
scout_generation,3,507,762942
scout_gap,3,508,219.419,543.560,762.979,572,27,762.979,850.705
scout_generation,3,508,762979
scout_gap,3,509,216.926,545.836,762.762,572,27,762.762,869.950
scout_generation,3,509,762762
scout_gap,3,510,219.396,543.445,762.841,572,27,762.841,879.859
scout_generation,3,510,762841
scout_gap,3,511,218.376,543.784,762.160,572,27,762.160,853.745
scout_generation,3,511,762160
scout_gap,3,512,219.134,543.011,762.145,572,27,762.145,884.365
scout_generation,3,512,762145
scout_gap,3,513,216.152,546.138,762.290,572,27,762.290,864.604
scout_generation,3,513,762290
scout_gap,3,514,218.813,543.782,762.595,572,27,762.595,913.321
scout_generation,3,514,762595
scout_gap,3,515,218.618,543.955,762.573,572,27,762.573,866.390
scout_generation,3,515,762573
scout_gap,3,516,216.776,545.884,762.660,572,27,762.660,894.922
scout_generation,3,516,762660
scout_gap,3,517,218.250,544.505,762.755,572,27,762.755,848.709
scout_generation,3,517,762755
scout_gap,3,518,217.451,545.212,762.663,572,27,762.663,877.383
scout_generation,3,518,762663
scout_gap,3,519,216.949,545.899,762.848,572,27,762.848,890.574
scout_generation,3,519,762848
scout_gap,3,520,217.577,545.423,763.000,572,27,763.000,920.691
scout_generation,3,520,763000
scout_gap,3,521,217.130,545.806,762.936,572,27,762.936,881.998
scout_generation,3,521,762936
scout_gap,3,522,217.061,545.943,763.004,572,27,763.004,923.855
scout_generation,3,522,763004
scout_gap,3,523,217.526,545.813,763.339,572,27,763.339,923.455
scout_generation,3,523,763339
scout_gap,3,524,219.190,543.963,763.153,572,27,763.153,911.718
scout_generation,3,524,763153
scout_gap,3,525,217.771,545.364,763.135,572,27,763.135,890.321
scout_generation,3,525,763135
scout_gap,3,526,219.120,544.170,763.290,572,27,763.290,922.436
scout_generation,3,526,763290
scout_gap,3,527,220.197,543.288,763.485,572,27,763.485,866.683
scout_generation,3,527,763485
scout_gap,3,528,220.227,543.389,763.616,572,27,763.616,896.331
scout_generation,3,528,763616
scout_gap,3,529,217.259,546.160,763.419,572,27,763.419,881.927
scout_generation,3,529,763419
scout_gap,3,530,220.592,543.194,763.786,572,27,763.786,875.619
scout_generation,3,530,763786
scout_gap,3,531,219.314,544.403,763.717,572,27,763.717,908.439
scout_generation,3,531,763717
scout_gap,3,532,219.951,543.964,763.915,572,27,763.915,888.808
scout_generation,3,532,763915
scout_gap,3,533,219.532,545.025,764.557,572,27,764.557,906.134
scout_generation,3,533,764557
scout_gap,3,534,220.727,543.659,764.386,572,27,764.386,901.078
scout_generation,3,534,764386
scout_gap,3,535,218.422,544.232,762.654,572,27,762.654,854.576
scout_generation,3,535,762654
scout_gap,3,536,217.578,545.252,762.830,572,27,762.830,845.900
scout_generation,3,536,762830
scout_gap,3,537,219.244,543.456,762.700,572,27,762.700,878.509
scout_generation,3,537,762700
scout_gap,3,538,219.811,543.266,763.077,572,27,763.077,885.416
scout_generation,3,538,763077
scout_gap,3,539,216.651,546.389,763.040,572,27,763.040,858.480
scout_generation,3,539,763040
scout_gap,3,540,217.621,545.279,762.900,572,27,762.900,856.744
scout_generation,3,540,762900
scout_gap,3,541,219.389,543.770,763.159,572,27,763.159,928.665
scout_generation,3,541,763159
scout_gap,3,542,220.006,543.200,763.206,572,27,763.206,860.622
scout_generation,3,542,763206
scout_gap,3,543,217.009,546.341,763.350,572,27,763.350,912.226
scout_generation,3,543,763350
scout_gap,3,544,218.317,545.373,763.690,572,27,763.690,886.849
scout_generation,3,544,763690
scout_gap,3,545,220.503,543.174,763.677,572,27,763.677,910.596
scout_generation,3,545,763677
scout_gap,3,546,217.626,546.042,763.668,572,27,763.668,897.922
scout_generation,3,546,763668
scout_gap,3,547,217.550,546.431,763.981,572,27,763.981,906.494
scout_generation,3,547,763981
scout_gap,3,548,218.040,545.947,763.987,572,27,763.987,903.103
scout_generation,3,548,763987
scout_gap,3,549,217.393,546.034,763.427,572,27,763.427,920.997
scout_generation,3,549,763427
scout_gap,3,550,219.521,544.240,763.761,572,27,763.761,915.251
scout_generation,3,550,763761
scout_gap,3,551,219.648,544.556,764.204,572,27,764.204,908.467
scout_generation,3,551,764204
scout_gap,3,552,218.634,545.425,764.059,572,27,764.059,907.559
scout_generation,3,552,764059
scout_gap,3,553,220.480,543.813,764.293,572,27,764.293,882.287
scout_generation,3,553,764293
scout_gap,3,554,220.967,543.568,764.535,572,27,764.535,927.606
scout_generation,3,554,764535
scout_gap,3,555,219.090,545.195,764.285,572,27,764.285,914.462
scout_generation,3,555,764285
scout_gap,3,556,221.477,543.142,764.619,572,27,764.619,846.971
scout_generation,3,556,764619
scout_gap,3,557,221.196,543.681,764.877,572,27,764.877,902.902
scout_generation,3,557,764877
scout_gap,3,558,219.718,545.644,765.362,572,27,765.362,868.584
scout_generation,3,558,765362
scout_gap,3,559,219.481,545.341,764.822,572,27,764.822,919.694
scout_generation,3,559,764822
scout_gap,3,560,219.711,545.840,765.551,572,27,765.551,928.988
scout_generation,3,560,765551
scout_gap,3,561,220.858,544.706,765.564,572,27,765.564,854.832
scout_generation,3,561,765564
scout_gap,3,562,219.860,543.972,763.832,572,27,763.832,859.834
scout_generation,3,562,763832
scout_gap,3,563,220.387,543.436,763.823,572,27,763.823,879.911
scout_generation,3,563,763823
scout_gap,3,564,219.908,543.706,763.614,572,27,763.614,887.227
scout_generation,3,564,763614
scout_gap,3,565,219.789,543.936,763.725,572,27,763.725,895.150
scout_generation,3,565,763725
scout_gap,3,566,219.118,544.901,764.019,572,27,764.019,864.853
scout_generation,3,566,764019
scout_gap,3,567,221.383,543.000,764.383,572,27,764.383,914.434
scout_generation,3,567,764383
scout_gap,3,568,220.548,543.505,764.053,572,27,764.053,924.684
scout_generation,3,568,764053
scout_gap,3,569,220.341,543.677,764.018,572,27,764.018,910.250
scout_generation,3,569,764018
scout_gap,3,570,218.069,546.268,764.337,572,27,764.337,925.068
scout_generation,3,570,764337
scout_gap,3,571,219.309,545.740,765.049,572,27,765.049,909.117
scout_generation,3,571,765049
scout_gap,3,572,219.005,545.051,764.056,572,27,764.056,872.743
scout_generation,3,572,764056
scout_gap,3,573,221.626,543.022,764.648,572,27,764.648,921.041
scout_generation,3,573,764648
scout_gap,3,574,220.232,545.132,765.364,572,27,765.364,881.041
scout_generation,3,574,765364
scout_gap,3,575,220.959,543.881,764.840,572,27,764.840,872.442
scout_generation,3,575,764840
scout_gap,3,576,220.505,544.274,764.779,572,27,764.779,852.881
scout_generation,3,576,764779
scout_gap,3,577,219.130,545.639,764.769,572,27,764.769,847.941
scout_generation,3,577,764769
scout_gap,3,578,219.445,544.715,764.160,572,27,764.160,854.246
scout_generation,3,578,764160
scout_gap,3,579,221.852,543.290,765.142,572,27,765.142,911.760
scout_generation,3,579,765142
scout_gap,3,580,219.497,546.073,765.570,572,27,765.570,900.459
scout_generation,3,580,765570
scout_gap,3,581,223.637,542.716,766.353,572,27,766.353,919.101
scout_generation,3,581,766353
scout_gap,3,582,218.961,546.189,765.150,572,27,765.150,913.684
scout_generation,3,582,765150
scout_gap,3,583,218.338,545.857,764.195,572,27,764.195,905.758
scout_generation,3,583,764195
scout_gap,3,584,220.536,544.166,764.702,572,27,764.702,897.381
scout_generation,3,584,764702
scout_gap,3,585,220.175,544.347,764.522,572,27,764.522,906.248
scout_generation,3,585,764522
scout_gap,3,586,221.073,543.226,764.299,572,27,764.299,920.976
scout_generation,3,586,764299
scout_gap,3,587,218.790,546.146,764.936,572,27,764.936,904.350
scout_generation,3,587,764936
scout_gap,3,588,220.443,544.260,764.703,572,27,764.703,909.037
scout_generation,3,588,764703
scout_gap,3,589,219.933,544.658,764.591,572,27,764.591,856.503
scout_generation,3,589,764591
scout_gap,3,590,221.675,543.218,764.893,572,27,764.893,913.053
scout_generation,3,590,764893
scout_gap,3,591,222.613,543.218,765.831,572,27,765.831,910.612
scout_generation,3,591,765831
scout_gap,3,592,220.208,545.415,765.623,572,27,765.623,893.003
scout_generation,3,592,765623
scout_gap,3,593,220.474,544.491,764.965,572,27,764.965,872.124
scout_generation,3,593,764965
scout_gap,3,594,222.176,543.574,765.750,572,27,765.750,927.301
scout_generation,3,594,765750
scout_gap,3,595,221.826,543.472,765.298,572,27,765.298,861.875
scout_generation,3,595,765298
scout_gap,3,596,220.656,544.623,765.279,572,27,765.279,883.952
scout_generation,3,596,765279
scout_gap,3,597,220.078,545.599,765.677,572,27,765.677,900.343
scout_generation,3,597,765677
scout_gap,3,598,220.121,545.096,765.217,572,27,765.217,902.849
scout_generation,3,598,765217
scout_gap,3,599,219.409,545.718,765.127,572,27,765.127,867.035
scout_generation,3,599,765127
scout_gap,3,600,221.137,545.382,766.519,572,27,766.519,914.155
scout_generation,3,600,766519
scout_gap,3,601,222.787,543.650,766.437,572,27,766.437,912.275
scout_generation,3,601,766437
scout_gap,3,602,223.289,543.255,766.544,572,27,766.544,859.318
scout_generation,3,602,766544
scout_gap,3,603,220.059,545.555,765.614,572,27,765.614,899.162
scout_generation,3,603,765614
scout_gap,3,604,219.253,546.231,765.484,572,27,765.484,915.419
scout_generation,3,604,765484
scout_gap,3,605,219.678,545.723,765.401,572,27,765.401,878.646
scout_generation,3,605,765401
scout_gap,3,606,221.517,544.492,766.009,572,27,766.009,895.781
scout_generation,3,606,766009
scout_gap,3,607,220.241,546.083,766.324,572,27,766.324,888.699
scout_generation,3,607,766324
scout_gap,3,608,223.289,543.319,766.608,572,27,766.608,878.079
scout_generation,3,608,766608
scout_gap,3,609,221.576,544.472,766.048,572,27,766.048,859.958
scout_generation,3,609,766048
scout_gap,3,610,222.467,544.206,766.673,572,27,766.673,910.100
scout_generation,3,610,766673
scout_gap,3,611,222.759,543.360,766.119,572,27,766.119,905.439
scout_generation,3,611,766119
scout_gap,3,612,221.129,545.065,766.194,572,27,766.194,905.345
scout_generation,3,612,766194
scout_gap,3,613,220.166,545.900,766.066,572,27,766.066,906.451
scout_generation,3,613,766066
scout_gap,3,614,223.755,543.987,767.742,572,27,767.742,845.609
scout_generation,3,614,767742
scout_gap,3,615,222.027,545.143,767.170,572,27,767.170,904.812
scout_generation,3,615,767170
scout_gap,3,616,223.500,543.921,767.421,572,27,767.421,870.670
scout_generation,3,616,767421
scout_gap,3,617,223.469,543.343,766.812,572,27,766.812,908.032
scout_generation,3,617,766812
scout_gap,3,618,222.862,544.830,767.692,572,27,767.692,863.589
scout_generation,3,618,767692
scout_gap,3,619,222.681,544.983,767.664,572,27,767.664,884.483
scout_generation,3,619,767664
scout_gap,3,620,223.581,543.224,766.805,572,27,766.805,863.665
scout_generation,3,620,766805
scout_gap,3,621,221.499,545.291,766.790,572,27,766.790,918.241
scout_generation,3,621,766790
scout_gap,3,622,223.883,543.589,767.472,572,27,767.472,861.489
scout_generation,3,622,767472
scout_gap,3,623,220.777,546.240,767.017,572,27,767.017,910.042
scout_generation,3,623,767017
scout_gap,3,624,222.247,544.534,766.781,572,27,766.781,897.105
scout_generation,3,624,766781
scout_gap,3,625,221.538,545.574,767.112,572,27,767.112,904.320
scout_generation,3,625,767112
scout_gap,3,626,223.088,543.726,766.814,572,27,766.814,875.488
scout_generation,3,626,766814
scout_gap,3,627,224.185,543.049,767.234,572,27,767.234,915.179
scout_generation,3,627,767234
scout_gap,3,628,221.976,545.168,767.144,572,27,767.144,926.302
scout_generation,3,628,767144
scout_gap,3,629,223.175,543.936,767.111,572,27,767.111,893.668
scout_generation,3,629,767111
scout_gap,3,630,222.051,544.724,766.775,572,27,766.775,926.966
scout_generation,3,630,766775
scout_gap,3,631,224.315,543.870,768.185,572,27,768.185,913.473
scout_generation,3,631,768185
scout_gap,3,632,224.600,544.778,769.378,572,27,769.378,887.724
scout_generation,3,632,769378
scout_gap,3,633,223.551,545.216,768.767,572,27,768.767,879.258
scout_generation,3,633,768767
scout_gap,3,634,225.253,542.869,768.122,572,27,768.122,897.867
scout_generation,3,634,768122
scout_gap,3,635,225.056,543.454,768.510,572,27,768.510,912.415
scout_generation,3,635,768510
scout_gap,3,636,224.439,543.866,768.305,572,27,768.305,866.861
scout_generation,3,636,768305
scout_gap,3,637,222.924,546.160,769.084,572,27,769.084,887.449
scout_generation,3,637,769084
scout_gap,3,638,222.348,546.014,768.362,572,27,768.362,908.126
scout_generation,3,638,768362
scout_gap,3,639,224.899,543.680,768.579,572,27,768.579,890.665
scout_generation,3,639,768579
scout_gap,3,640,223.226,545.308,768.534,572,27,768.534,873.292
scout_generation,3,640,768534
scout_gap,3,641,223.959,543.940,767.899,572,27,767.899,859.348
scout_generation,3,641,767899
scout_gap,3,642,224.589,543.578,768.167,572,27,768.167,863.469
scout_generation,3,642,768167
scout_gap,3,643,221.639,546.341,767.980,572,27,767.980,887.656
scout_generation,3,643,767980
scout_gap,3,644,222.466,545.649,768.115,572,27,768.115,891.072
scout_generation,3,644,768115
scout_gap,3,645,221.776,546.164,767.940,572,27,767.940,914.915
scout_generation,3,645,767940
scout_gap,3,646,224.236,544.412,768.648,572,27,768.648,882.314
scout_generation,3,646,768648
scout_gap,3,647,223.043,545.788,768.831,572,27,768.831,884.039
scout_generation,3,647,768831
scout_gap,3,648,222.964,546.197,769.161,572,27,769.161,897.684
scout_generation,3,648,769161
scout_gap,3,649,224.263,544.780,769.043,572,27,769.043,857.100
scout_generation,3,649,769043
scout_gap,3,650,223.034,545.992,769.026,572,27,769.026,917.773
scout_generation,3,650,769026
scout_gap,3,651,223.317,545.201,768.518,572,27,768.518,899.569
scout_generation,3,651,768518
scout_gap,3,652,221.800,546.053,767.853,572,27,767.853,873.903
scout_generation,3,652,767853
scout_gap,3,653,222.666,545.985,768.651,572,27,768.651,925.074
scout_generation,3,653,768651
scout_gap,3,654,223.749,545.577,769.326,572,27,769.326,862.953
scout_generation,3,654,769326
scout_gap,3,655,223.721,546.092,769.813,572,27,769.813,883.655
scout_generation,3,655,769813
scout_gap,3,656,223.669,545.845,769.514,572,27,769.514,885.363
scout_generation,3,656,769514
scout_gap,3,657,224.872,544.395,769.267,572,27,769.267,899.378
scout_generation,3,657,769267
scout_gap,3,658,226.158,543.227,769.385,572,27,769.385,856.288
scout_generation,3,658,769385
scout_gap,3,659,223.011,546.200,769.211,572,27,769.211,879.406
scout_generation,3,659,769211
scout_gap,3,660,225.171,545.863,771.034,572,27,771.034,916.837
scout_generation,3,660,771034
scout_gap,3,661,225.621,544.502,770.123,572,27,770.123,887.810
scout_generation,3,661,770123
scout_gap,3,662,367.775,543.996,911.771,572,27,911.771,916.863
scout_generation,3,662,911771
scout_gap,3,663,226.312,543.339,769.651,572,27,769.651,882.549
scout_generation,3,663,769651
scout_gap,3,664,224.711,545.668,770.379,572,27,770.379,892.304
scout_generation,3,664,770379
scout_gap,3,665,372.038,543.325,915.363,572,27,915.363,922.513
scout_generation,3,665,915363
scout_gap,3,666,336.741,544.332,881.073,572,27,881.073,885.968
scout_generation,3,666,881073
scout_gap,3,667,362.870,545.300,908.170,572,27,908.170,915.295
scout_generation,3,667,908170
scout_gap,3,668,373.834,544.794,918.628,572,27,918.628,923.545
scout_generation,3,668,918628
scout_gap,3,669,355.423,545.708,901.131,572,27,901.131,906.080
scout_generation,3,669,901131
scout_gap,3,670,361.521,544.647,906.168,572,27,906.168,911.031
scout_generation,3,670,906168
scout_gap,3,671,347.248,543.995,891.243,572,27,891.243,896.076
scout_generation,3,671,891243
scout_gap,3,672,346.223,543.497,889.720,572,27,889.720,896.910
scout_generation,3,672,889720
scout_gap,3,673,342.387,546.060,888.447,572,27,888.447,893.359
scout_generation,3,673,888447
scout_gap,3,674,351.831,546.137,897.968,572,27,897.968,902.984
scout_generation,3,674,897968
scout_gap,3,675,346.028,546.401,892.429,572,27,892.429,897.253
scout_generation,3,675,892429
scout_gap,3,676,324.182,545.065,869.247,572,27,869.247,874.147
scout_generation,3,676,869247
scout_gap,3,677,343.439,544.223,887.662,572,27,887.662,892.595
scout_generation,3,677,887662
scout_gap,3,678,341.770,545.140,886.910,572,27,886.910,891.945
scout_generation,3,678,886910
scout_gap,3,679,334.038,543.511,877.549,572,27,877.549,882.449
scout_generation,3,679,877549
scout_gap,3,680,337.112,545.291,882.403,572,27,882.403,889.538
scout_generation,3,680,882403
scout_gap,3,681,344.370,543.348,887.718,572,27,887.718,892.729
scout_generation,3,681,887718
scout_gap,3,682,350.347,546.043,896.390,572,27,896.390,901.239
scout_generation,3,682,896390
scout_gap,3,683,339.957,543.329,883.286,572,27,883.286,888.185
scout_generation,3,683,883286
scout_gap,3,684,335.679,544.002,879.681,572,27,879.681,884.790
scout_generation,3,684,879681
scout_gap,3,685,333.562,545.510,879.072,572,27,879.072,884.360
scout_generation,3,685,879072
scout_gap,3,686,330.079,545.648,875.727,572,27,875.727,880.727
scout_generation,3,686,875727
scout_gap,3,687,346.581,545.416,891.997,572,27,891.997,896.932
scout_generation,3,687,891997
scout_gap,3,688,327.944,546.240,874.184,572,27,874.184,879.036
scout_generation,3,688,874184
scout_gap,3,689,361.486,544.048,905.534,572,27,905.534,910.517
scout_generation,3,689,905534
scout_gap,3,690,353.732,543.236,896.968,572,27,896.968,901.859
scout_generation,3,690,896968
scout_gap,3,691,340.418,544.405,884.823,572,27,884.823,889.658
scout_generation,3,691,884823
scout_gap,3,692,339.259,543.242,882.501,572,25,882.501,887.607
scout_generation,3,692,882501
scout_gap,3,693,351.974,545.946,897.920,572,25,897.920,902.857
scout_generation,3,693,897920
scout_gap,3,694,337.539,549.126,886.665,572,26,886.665,891.660
scout_generation,3,694,886665
scout_gap,3,695,338.304,552.122,890.426,572,25,890.426,895.337
scout_generation,3,695,890426
scout_gap,3,696,388.758,519.131,907.889,572,22,907.889,912.740
scout_generation,3,696,907889
scout_gap,3,697,350.764,552.141,902.905,572,23,902.905,907.853
scout_generation,3,697,902905
scout_gap,3,698,345.638,546.102,891.740,572,25,891.740,896.671
scout_generation,3,698,891740
scout_gap,3,699,344.667,545.445,890.112,572,25,890.112,895.306
scout_generation,3,699,890112
reloadstall_csv,3,700,700,0,400400,0.894922,0.927203,0.933246,217.958,372.038,388.758,217.958,372.038,388.758,762.307,917.258,928.158,395,459,0,700,0
scout_clock,4,99826020,1791312346909427,99826020
scout_gap,4,0,219.890,563.365,783.255,572,34,783.255,891.235
scout_generation,4,0,783255
scout_gap,4,1,219.865,563.417,783.282,572,34,783.282,947.469
scout_generation,4,1,783282
scout_gap,4,2,222.272,561.056,783.328,572,34,783.328,961.655
scout_generation,4,2,783328
scout_gap,4,3,220.955,562.329,783.284,572,34,783.284,873.565
scout_generation,4,3,783284
scout_gap,4,4,218.952,564.406,783.358,572,34,783.358,894.940
scout_generation,4,4,783358
scout_gap,4,5,222.477,561.080,783.557,572,34,783.557,940.693
scout_generation,4,5,783557
scout_gap,4,6,220.294,563.182,783.476,572,34,783.476,905.017
scout_generation,4,6,783476
scout_gap,4,7,222.875,560.451,783.326,572,34,783.326,951.310
scout_generation,4,7,783326
scout_gap,4,8,219.317,563.890,783.207,572,34,783.207,946.178
scout_generation,4,8,783207
scout_gap,4,9,219.896,563.530,783.426,572,34,783.426,946.607
scout_generation,4,9,783426
scout_gap,4,10,221.803,561.518,783.321,572,34,783.321,884.509
scout_generation,4,10,783321
scout_gap,4,11,222.377,560.998,783.375,572,34,783.375,884.612
scout_generation,4,11,783375
scout_gap,4,12,218.278,564.963,783.241,572,34,783.241,937.763
scout_generation,4,12,783241
scout_gap,4,13,220.310,563.319,783.629,572,34,783.629,959.676
scout_generation,4,13,783629
scout_gap,4,14,220.439,562.927,783.366,572,34,783.366,888.090
scout_generation,4,14,783366
scout_gap,4,15,218.213,565.151,783.364,572,34,783.364,916.221
scout_generation,4,15,783364
scout_gap,4,16,219.851,563.446,783.297,572,34,783.297,941.632
scout_generation,4,16,783297
scout_gap,4,17,221.813,561.712,783.525,572,34,783.525,905.541
scout_generation,4,17,783525
scout_gap,4,18,221.769,561.643,783.412,572,34,783.412,884.547
scout_generation,4,18,783412
scout_gap,4,19,220.713,562.673,783.386,572,34,783.386,967.267
scout_generation,4,19,783386
scout_gap,4,20,219.351,563.931,783.282,572,34,783.282,967.413
scout_generation,4,20,783282
scout_gap,4,21,219.074,564.136,783.210,572,34,783.210,900.732
scout_generation,4,21,783210
scout_gap,4,22,218.119,565.179,783.298,572,34,783.298,927.174
scout_generation,4,22,783298
scout_gap,4,23,222.969,560.587,783.556,572,34,783.556,892.749
scout_generation,4,23,783556
scout_gap,4,24,221.799,561.668,783.467,572,34,783.467,944.682
scout_generation,4,24,783467
scout_gap,4,25,222.689,560.849,783.538,572,34,783.538,881.021
scout_generation,4,25,783538
scout_gap,4,26,219.250,564.245,783.495,572,34,783.495,935.243
scout_generation,4,26,783495
scout_gap,4,27,220.820,562.601,783.421,572,34,783.421,910.885
scout_generation,4,27,783421
scout_gap,4,28,220.944,562.260,783.204,572,34,783.204,908.855
scout_generation,4,28,783204
scout_gap,4,29,219.012,564.575,783.587,572,34,783.587,963.567
scout_generation,4,29,783587
scout_gap,4,30,220.825,562.729,783.554,572,34,783.554,958.449
scout_generation,4,30,783554
scout_gap,4,31,219.104,564.523,783.627,572,34,783.627,936.152
scout_generation,4,31,783627
scout_gap,4,32,220.936,562.345,783.281,572,34,783.281,876.829
scout_generation,4,32,783281
scout_gap,4,33,218.564,564.975,783.539,572,34,783.539,935.210
scout_generation,4,33,783539
scout_gap,4,34,219.504,563.913,783.417,572,34,783.417,932.915
scout_generation,4,34,783417
scout_gap,4,35,221.749,561.615,783.364,572,34,783.364,885.595
scout_generation,4,35,783364
scout_gap,4,36,222.627,560.692,783.319,572,34,783.319,941.883
scout_generation,4,36,783319
scout_gap,4,37,221.251,562.215,783.466,572,34,783.466,965.429
scout_generation,4,37,783466
scout_gap,4,38,221.180,562.342,783.522,572,34,783.522,919.909
scout_generation,4,38,783522
scout_gap,4,39,220.144,563.274,783.418,572,34,783.418,906.868
scout_generation,4,39,783418
scout_gap,4,40,221.439,562.027,783.466,572,34,783.466,904.403
scout_generation,4,40,783466
scout_gap,4,41,219.067,564.489,783.556,572,34,783.556,872.006
scout_generation,4,41,783556
scout_gap,4,42,221.599,562.021,783.620,572,34,783.620,903.929
scout_generation,4,42,783620
scout_gap,4,43,222.126,561.609,783.735,572,34,783.735,935.956
scout_generation,4,43,783735
scout_gap,4,44,218.547,565.062,783.609,572,34,783.609,942.715
scout_generation,4,44,783609
scout_gap,4,45,218.967,564.642,783.609,572,34,783.609,945.590
scout_generation,4,45,783609
scout_gap,4,46,220.120,563.717,783.837,572,34,783.837,922.194
scout_generation,4,46,783837
scout_gap,4,47,220.428,563.294,783.722,572,34,783.722,938.085
scout_generation,4,47,783722
scout_gap,4,48,221.160,562.554,783.714,572,34,783.714,918.386
scout_generation,4,48,783714
scout_gap,4,49,220.548,563.132,783.680,572,34,783.680,885.726
scout_generation,4,49,783680
scout_gap,4,50,222.674,561.028,783.702,572,34,783.702,918.120
scout_generation,4,50,783702
scout_gap,4,51,220.115,563.567,783.682,572,34,783.682,904.971
scout_generation,4,51,783682
scout_gap,4,52,221.323,562.340,783.663,572,34,783.663,949.986
scout_generation,4,52,783663
scout_gap,4,53,222.451,561.260,783.711,572,34,783.711,874.636
scout_generation,4,53,783711
scout_gap,4,54,220.246,563.343,783.589,572,34,783.589,912.822
scout_generation,4,54,783589
scout_gap,4,55,220.435,563.364,783.799,572,34,783.799,928.002
scout_generation,4,55,783799
scout_gap,4,56,221.836,562.703,784.539,572,34,784.539,904.803
scout_generation,4,56,784539
scout_gap,4,57,223.274,561.341,784.615,572,34,784.615,892.410
scout_generation,4,57,784615
scout_gap,4,58,220.127,564.006,784.133,572,34,784.133,887.066
scout_generation,4,58,784133
scout_gap,4,59,219.987,564.255,784.242,572,34,784.242,885.962
scout_generation,4,59,784242
scout_gap,4,60,221.728,562.420,784.148,572,34,784.148,928.670
scout_generation,4,60,784148
scout_gap,4,61,221.443,562.678,784.121,572,34,784.121,928.986
scout_generation,4,61,784121
scout_gap,4,62,221.495,562.593,784.088,572,34,784.088,913.939
scout_generation,4,62,784088
scout_gap,4,63,219.421,564.634,784.055,572,34,784.055,939.151
scout_generation,4,63,784055
scout_gap,4,64,219.961,564.042,784.003,572,34,784.003,896.217
scout_generation,4,64,784003
scout_gap,4,65,221.202,562.858,784.060,572,34,784.060,936.735
scout_generation,4,65,784060
scout_gap,4,66,221.693,562.224,783.917,572,34,783.917,915.754
scout_generation,4,66,783917
scout_gap,4,67,220.116,563.800,783.916,572,34,783.916,901.246
scout_generation,4,67,783916
scout_gap,4,68,222.479,561.427,783.906,572,34,783.906,890.968
scout_generation,4,68,783906
scout_gap,4,69,219.701,564.126,783.827,572,34,783.827,880.860
scout_generation,4,69,783827
scout_gap,4,70,223.790,561.320,785.110,572,34,785.110,957.361
scout_generation,4,70,785110
scout_gap,4,71,223.577,560.868,784.445,572,34,784.445,954.700
scout_generation,4,71,784445
scout_gap,4,72,221.409,564.130,785.539,572,34,785.539,968.351
scout_generation,4,72,785539
scout_gap,4,73,223.754,561.328,785.082,572,34,785.082,940.653
scout_generation,4,73,785082
scout_gap,4,74,223.378,561.699,785.077,572,34,785.077,945.780
scout_generation,4,74,785077
scout_gap,4,75,223.952,560.974,784.926,572,34,784.926,912.552
scout_generation,4,75,784926
scout_gap,4,76,221.504,563.333,784.837,572,34,784.837,959.653
scout_generation,4,76,784837
scout_gap,4,77,221.623,563.101,784.724,572,34,784.724,893.824
scout_generation,4,77,784724
scout_gap,4,78,221.960,563.941,785.901,572,34,785.901,955.456
scout_generation,4,78,785901
scout_gap,4,79,224.244,562.884,787.128,572,34,787.128,904.391
scout_generation,4,79,787128
scout_gap,4,80,224.067,562.814,786.881,572,34,786.881,891.106
scout_generation,4,80,786881
scout_gap,4,81,226.019,565.010,791.029,572,34,791.029,959.452
scout_generation,4,81,791029
scout_gap,4,82,221.141,564.635,785.776,572,34,785.776,955.968
scout_generation,4,82,785776
scout_gap,4,83,231.217,562.352,793.569,572,34,793.569,934.140
scout_generation,4,83,793569
scout_gap,4,84,225.966,560.748,786.714,572,34,786.714,957.403
scout_generation,4,84,786714
scout_gap,4,85,226.682,562.725,789.407,572,34,789.407,906.962
scout_generation,4,85,789407
scout_gap,4,86,237.217,561.529,798.746,572,34,798.746,935.818
scout_generation,4,86,798746
scout_gap,4,87,229.946,562.959,792.905,572,34,792.905,921.822
scout_generation,4,87,792905
scout_gap,4,88,222.277,563.344,785.621,572,34,785.621,926.755
scout_generation,4,88,785621
scout_gap,4,89,234.314,563.146,797.460,572,34,797.460,873.524
scout_generation,4,89,797460
scout_gap,4,90,226.533,560.488,787.021,572,34,787.021,953.132
scout_generation,4,90,787021
scout_gap,4,91,228.569,564.764,793.333,572,34,793.333,914.462
scout_generation,4,91,793333
scout_gap,4,92,229.297,560.642,789.939,572,34,789.939,889.446
scout_generation,4,92,789939
scout_gap,4,93,229.094,563.429,792.523,572,34,792.523,923.416
scout_generation,4,93,792523
scout_gap,4,94,234.252,560.996,795.248,572,34,795.248,927.194
scout_generation,4,94,795248
scout_gap,4,95,226.549,565.117,791.666,572,34,791.666,945.203
scout_generation,4,95,791666
scout_gap,4,96,224.968,562.800,787.768,572,34,787.768,961.802
scout_generation,4,96,787768
scout_gap,4,97,227.383,561.612,788.995,572,34,788.995,955.408
scout_generation,4,97,788995
scout_gap,4,98,224.580,563.669,788.249,572,34,788.249,928.961
scout_generation,4,98,788249
scout_gap,4,99,226.704,560.873,787.577,572,34,787.577,965.492
scout_generation,4,99,787577
scout_gap,4,100,228.914,562.686,791.600,572,34,791.600,890.710
scout_generation,4,100,791600
scout_gap,4,101,229.933,563.378,793.311,572,34,793.311,888.053
scout_generation,4,101,793311
scout_gap,4,102,238.393,564.955,803.348,572,34,803.348,952.318
scout_generation,4,102,803348
scout_gap,4,103,234.227,563.998,798.225,572,34,798.225,953.491
scout_generation,4,103,798225
scout_gap,4,104,238.164,562.391,800.555,572,34,800.555,930.448
scout_generation,4,104,800555
scout_gap,4,105,240.128,565.033,805.161,572,34,805.161,922.771
scout_generation,4,105,805161
scout_gap,4,106,238.559,562.517,801.076,572,34,801.076,914.254
scout_generation,4,106,801076
scout_gap,4,107,238.999,560.899,799.898,572,34,799.898,877.369
scout_generation,4,107,799898
scout_gap,4,108,242.669,560.841,803.510,572,34,803.510,937.694
scout_generation,4,108,803510
scout_gap,4,109,235.354,563.413,798.767,572,34,798.767,877.171
scout_generation,4,109,798767
scout_gap,4,110,232.947,563.661,796.608,572,34,796.608,880.064
scout_generation,4,110,796608
scout_gap,4,111,218.652,564.584,783.236,572,34,783.236,925.487
scout_generation,4,111,783236
scout_gap,4,112,243.290,562.838,806.128,572,34,806.128,909.642
scout_generation,4,112,806128
scout_gap,4,113,248.359,562.467,810.826,572,34,810.826,900.744
scout_generation,4,113,810826
scout_gap,4,114,258.363,560.985,819.348,572,34,819.348,891.633
scout_generation,4,114,819348
scout_gap,4,115,252.796,562.097,814.893,572,34,814.893,903.143
scout_generation,4,115,814893
scout_gap,4,116,273.938,561.179,835.117,572,34,835.117,929.365
scout_generation,4,116,835117
scout_gap,4,117,309.435,564.128,873.563,572,34,873.563,878.413
scout_generation,4,117,873563
scout_gap,4,118,266.285,563.305,829.590,572,34,829.590,896.230
scout_generation,4,118,829590
scout_gap,4,119,294.459,563.021,857.480,572,34,857.480,900.111
scout_generation,4,119,857480
scout_gap,4,120,289.148,560.556,849.704,572,34,849.704,897.650
scout_generation,4,120,849704
scout_gap,4,121,297.739,563.401,861.140,572,34,861.140,898.460
scout_generation,4,121,861140
scout_gap,4,122,249.308,564.642,813.950,572,34,813.950,891.871
scout_generation,4,122,813950
scout_gap,4,123,322.635,563.116,885.751,572,34,885.751,892.835
scout_generation,4,123,885751
scout_gap,4,124,263.760,564.592,828.352,572,34,828.352,918.301
scout_generation,4,124,828352
scout_gap,4,125,259.252,562.874,822.126,572,34,822.126,886.015
scout_generation,4,125,822126
scout_gap,4,126,274.665,564.354,839.019,572,34,839.019,926.998
scout_generation,4,126,839019
scout_gap,4,127,366.677,563.037,929.714,572,34,929.714,934.579
scout_generation,4,127,929714
scout_gap,4,128,362.020,561.409,923.429,572,34,923.429,929.235
scout_generation,4,128,923429
scout_gap,4,129,352.916,564.261,917.177,572,34,917.177,924.259
scout_generation,4,129,917177
scout_gap,4,130,348.211,561.931,910.142,572,34,910.142,917.152
scout_generation,4,130,910142
scout_gap,4,131,328.255,564.179,892.434,572,34,892.434,899.443
scout_generation,4,131,892434
scout_gap,4,132,302.035,561.746,863.781,572,34,863.781,904.440
scout_generation,4,132,863781
scout_gap,4,133,273.482,563.399,836.881,572,34,836.881,961.448
scout_generation,4,133,836881
scout_gap,4,134,319.938,562.425,882.363,572,34,882.363,887.232
scout_generation,4,134,882363
scout_gap,4,135,302.425,564.213,866.638,572,34,866.638,871.601
scout_generation,4,135,866638
scout_gap,4,136,288.954,563.325,852.279,572,34,852.279,888.525
scout_generation,4,136,852279
scout_gap,4,137,296.045,562.201,858.246,572,34,858.246,913.942
scout_generation,4,137,858246
scout_gap,4,138,290.622,561.326,851.948,572,34,851.948,876.806
scout_generation,4,138,851948
scout_gap,4,139,276.696,562.561,839.257,572,34,839.257,960.251
scout_generation,4,139,839257
scout_gap,4,140,265.755,563.452,829.207,572,34,829.207,913.601
scout_generation,4,140,829207
scout_gap,4,141,299.201,562.936,862.137,572,34,862.137,869.262
scout_generation,4,141,862137
scout_gap,4,142,280.100,563.259,843.359,572,34,843.359,946.566
scout_generation,4,142,843359
scout_gap,4,143,272.671,564.343,837.014,572,34,837.014,939.720
scout_generation,4,143,837014
scout_gap,4,144,281.438,563.412,844.850,572,34,844.850,894.484
scout_generation,4,144,844850
scout_gap,4,145,333.331,560.520,893.851,572,34,893.851,898.776
scout_generation,4,145,893851
scout_gap,4,146,298.093,563.126,861.219,572,34,861.219,876.648
scout_generation,4,146,861219
scout_gap,4,147,295.514,561.337,856.851,572,34,856.851,901.290
scout_generation,4,147,856851
scout_gap,4,148,280.631,564.501,845.132,572,34,845.132,894.047
scout_generation,4,148,845132
scout_gap,4,149,288.042,565.043,853.085,572,34,853.085,888.604
scout_generation,4,149,853085
scout_gap,4,150,272.225,562.962,835.187,572,34,835.187,893.281
scout_generation,4,150,835187
scout_gap,4,151,269.398,563.278,832.676,572,34,832.676,953.780
scout_generation,4,151,832676
scout_gap,4,152,287.782,561.071,848.853,572,34,848.853,898.934
scout_generation,4,152,848853
scout_gap,4,153,273.677,561.779,835.456,572,34,835.456,909.123
scout_generation,4,153,835456
scout_gap,4,154,291.020,561.507,852.527,572,34,852.527,901.831
scout_generation,4,154,852527
scout_gap,4,155,275.868,560.598,836.466,572,34,836.466,897.901
scout_generation,4,155,836466
scout_gap,4,156,391.829,563.665,955.494,572,34,955.494,960.417
scout_generation,4,156,955494
scout_gap,4,157,331.292,563.667,894.959,572,34,894.959,899.900
scout_generation,4,157,894959
scout_gap,4,158,271.942,565.104,837.046,572,34,837.046,939.182
scout_generation,4,158,837046
scout_gap,4,159,355.346,560.659,916.005,572,34,916.005,920.879
scout_generation,4,159,916005
scout_gap,4,160,276.640,560.839,837.479,572,34,837.479,930.611
scout_generation,4,160,837479
scout_gap,4,161,276.330,561.952,838.282,572,34,838.282,966.958
scout_generation,4,161,838282
scout_gap,4,162,283.765,561.039,844.804,572,34,844.804,875.877
scout_generation,4,162,844804
scout_gap,4,163,291.520,562.883,854.403,572,34,854.403,898.805
scout_generation,4,163,854403
scout_gap,4,164,381.640,564.126,945.766,572,34,945.766,950.636
scout_generation,4,164,945766
scout_gap,4,165,376.404,564.432,940.836,572,34,940.836,945.728
scout_generation,4,165,940836
scout_gap,4,166,377.023,563.156,940.179,572,34,940.179,947.391
scout_generation,4,166,940179
scout_gap,4,167,286.982,563.120,850.102,572,34,850.102,890.078
scout_generation,4,167,850102
scout_gap,4,168,278.906,562.826,841.732,572,34,841.732,964.946
scout_generation,4,168,841732
scout_gap,4,169,282.009,564.016,846.025,572,34,846.025,926.126
scout_generation,4,169,846025
scout_gap,4,170,276.596,562.694,839.290,572,34,839.290,903.035
scout_generation,4,170,839290
scout_gap,4,171,282.757,563.773,846.530,572,34,846.530,955.881
scout_generation,4,171,846530
scout_gap,4,172,283.769,565.120,848.889,572,34,848.889,915.082
scout_generation,4,172,848889
scout_gap,4,173,387.610,563.067,950.677,572,34,950.677,955.541
scout_generation,4,173,950677
scout_gap,4,174,366.326,562.688,929.014,572,34,929.014,935.205
scout_generation,4,174,929014
scout_gap,4,175,370.455,564.805,935.260,572,34,935.260,940.786
scout_generation,4,175,935260
scout_gap,4,176,269.064,560.821,829.885,572,34,829.885,894.890
scout_generation,4,176,829885
scout_gap,4,177,273.620,562.233,835.853,572,34,835.853,952.261
scout_generation,4,177,835853
scout_gap,4,178,271.315,563.318,834.633,572,34,834.633,954.541
scout_generation,4,178,834633
scout_gap,4,179,373.664,560.956,934.620,572,34,934.620,939.471
scout_generation,4,179,934620
scout_gap,4,180,269.103,562.609,831.712,572,34,831.712,931.271
scout_generation,4,180,831712
scout_gap,4,181,290.813,561.488,852.301,572,34,852.301,891.799
scout_generation,4,181,852301
scout_gap,4,182,287.865,562.143,850.008,572,34,850.008,909.421
scout_generation,4,182,850008
scout_gap,4,183,374.318,564.762,939.080,572,34,939.080,944.716
scout_generation,4,183,939080
scout_gap,4,184,398.628,561.760,960.388,572,34,960.388,965.200
scout_generation,4,184,960388
scout_gap,4,185,294.518,564.849,859.367,572,34,859.367,942.946
scout_generation,4,185,859367
scout_gap,4,186,362.028,562.172,924.200,572,34,924.200,929.936
scout_generation,4,186,924200
scout_gap,4,187,277.019,561.728,838.747,572,34,838.747,918.262
scout_generation,4,187,838747
scout_gap,4,188,261.545,560.442,821.987,572,34,821.987,911.991
scout_generation,4,188,821987
scout_gap,4,189,393.100,562.361,955.461,572,34,955.461,962.510
scout_generation,4,189,955461
scout_gap,4,190,316.472,560.742,877.214,572,34,877.214,882.998
scout_generation,4,190,877214
scout_gap,4,191,297.993,562.864,860.857,572,34,860.857,868.284
scout_generation,4,191,860857
scout_gap,4,192,277.086,564.064,841.150,572,34,841.150,926.557
scout_generation,4,192,841150
scout_gap,4,193,302.950,561.575,864.525,572,34,864.525,869.463
scout_generation,4,193,864525
scout_gap,4,194,307.303,561.251,868.554,572,34,868.554,873.420
scout_generation,4,194,868554
scout_gap,4,195,287.700,560.554,848.254,572,34,848.254,945.623
scout_generation,4,195,848254
scout_gap,4,196,314.825,562.145,876.970,572,34,876.970,884.073
scout_generation,4,196,876970
scout_gap,4,197,277.059,562.106,839.165,572,34,839.165,924.201
scout_generation,4,197,839165
scout_gap,4,198,262.771,562.608,825.379,572,34,825.379,966.022
scout_generation,4,198,825379
scout_gap,4,199,374.231,560.541,934.772,572,34,934.772,941.876
scout_generation,4,199,934772
scout_gap,4,200,264.743,563.490,828.233,572,34,828.233,967.405
scout_generation,4,200,828233
scout_gap,4,201,329.230,564.145,893.375,572,34,893.375,900.693
scout_generation,4,201,893375
scout_gap,4,202,309.331,563.741,873.072,572,34,873.072,880.297
scout_generation,4,202,873072
scout_gap,4,203,274.696,564.678,839.374,572,34,839.374,936.778
scout_generation,4,203,839374
scout_gap,4,204,282.463,563.914,846.377,572,34,846.377,911.452
scout_generation,4,204,846377
scout_gap,4,205,268.626,564.654,833.280,572,34,833.280,937.333
scout_generation,4,205,833280
scout_gap,4,206,312.706,564.176,876.882,572,34,876.882,882.660
scout_generation,4,206,876882
scout_gap,4,207,282.068,562.297,844.365,572,34,844.365,916.616
scout_generation,4,207,844365
scout_gap,4,208,267.758,561.164,828.922,572,34,828.922,895.208
scout_generation,4,208,828922
scout_gap,4,209,297.069,562.593,859.662,572,34,859.662,943.345
scout_generation,4,209,859662
scout_gap,4,210,282.814,563.452,846.266,572,34,846.266,902.120
scout_generation,4,210,846266
scout_gap,4,211,269.082,564.407,833.489,572,34,833.489,918.259
scout_generation,4,211,833489
scout_gap,4,212,295.299,562.962,858.261,572,34,858.261,865.942
scout_generation,4,212,858261
scout_gap,4,213,300.271,563.967,864.238,572,34,864.238,871.590
scout_generation,4,213,864238
scout_gap,4,214,314.070,563.511,877.581,572,34,877.581,882.431
scout_generation,4,214,877581
scout_gap,4,215,334.769,563.409,898.178,572,34,898.178,903.164
scout_generation,4,215,898178
scout_gap,4,216,329.031,562.579,891.610,572,34,891.610,896.414
scout_generation,4,216,891610
scout_gap,4,217,312.172,563.648,875.820,572,34,875.820,880.831
scout_generation,4,217,875820
scout_gap,4,218,261.709,563.734,825.443,572,34,825.443,945.785
scout_generation,4,218,825443
scout_gap,4,219,310.273,561.882,872.155,572,34,872.155,877.452
scout_generation,4,219,872155
scout_gap,4,220,286.709,564.820,851.529,572,34,851.529,934.045
scout_generation,4,220,851529
scout_gap,4,221,333.316,561.150,894.466,572,34,894.466,899.369
scout_generation,4,221,894466
scout_gap,4,222,303.784,565.176,868.960,572,34,868.960,876.770
scout_generation,4,222,868960
scout_gap,4,223,308.975,560.986,869.961,572,34,869.961,874.973
scout_generation,4,223,869961
scout_gap,4,224,294.672,560.859,855.531,572,34,855.531,925.844
scout_generation,4,224,855531
scout_gap,4,225,320.475,561.882,882.357,572,34,882.357,887.199
scout_generation,4,225,882357
scout_gap,4,226,242.846,562.749,805.595,572,34,805.595,957.337
scout_generation,4,226,805595
scout_gap,4,227,286.815,560.529,847.344,572,34,847.344,894.316
scout_generation,4,227,847344
scout_gap,4,228,300.879,561.788,862.667,572,34,862.667,893.571
scout_generation,4,228,862667
scout_gap,4,229,295.392,562.735,858.127,572,34,858.127,899.646
scout_generation,4,229,858127
scout_gap,4,230,275.658,560.989,836.647,572,34,836.647,910.281
scout_generation,4,230,836647
scout_gap,4,231,310.590,564.419,875.009,572,34,875.009,879.926
scout_generation,4,231,875009
scout_gap,4,232,294.264,563.286,857.550,572,34,857.550,878.125
scout_generation,4,232,857550
scout_gap,4,233,336.693,564.046,900.739,572,34,900.739,908.076
scout_generation,4,233,900739
scout_gap,4,234,340.257,563.704,903.961,572,34,903.961,908.873
scout_generation,4,234,903961
scout_gap,4,235,316.678,564.186,880.864,572,34,880.864,885.715
scout_generation,4,235,880864
scout_gap,4,236,326.937,562.618,889.555,572,34,889.555,894.433
scout_generation,4,236,889555
scout_gap,4,237,315.022,561.797,876.819,572,34,876.819,882.649
scout_generation,4,237,876819
scout_gap,4,238,323.045,565.040,888.085,572,34,888.085,893.061
scout_generation,4,238,888085
scout_gap,4,239,220.717,562.629,783.346,572,34,783.346,892.553
scout_generation,4,239,783346
scout_gap,4,240,329.475,562.193,891.668,572,34,891.668,896.714
scout_generation,4,240,891668
scout_gap,4,241,221.098,562.362,783.460,572,34,783.460,959.022
scout_generation,4,241,783460
scout_gap,4,242,218.506,564.841,783.347,572,34,783.347,916.792
scout_generation,4,242,783347
scout_gap,4,243,219.212,564.105,783.317,572,34,783.317,934.818
scout_generation,4,243,783317
scout_gap,4,244,218.466,564.984,783.450,572,34,783.450,892.784
scout_generation,4,244,783450
scout_gap,4,245,219.812,563.751,783.563,572,34,783.563,948.747
scout_generation,4,245,783563
scout_gap,4,246,219.398,564.106,783.504,572,34,783.504,897.699
scout_generation,4,246,783504
scout_gap,4,247,219.608,563.849,783.457,572,34,783.457,903.143
scout_generation,4,247,783457
scout_gap,4,248,219.496,564.007,783.503,572,34,783.503,921.915
scout_generation,4,248,783503
scout_gap,4,249,221.732,561.683,783.415,572,34,783.415,932.063
scout_generation,4,249,783415
scout_gap,4,250,222.263,561.367,783.630,572,34,783.630,871.649
scout_generation,4,250,783630
scout_gap,4,251,221.487,562.140,783.627,572,34,783.627,895.431
scout_generation,4,251,783627
scout_gap,4,252,218.950,564.639,783.589,572,34,783.589,915.612
scout_generation,4,252,783589
scout_gap,4,253,219.944,563.632,783.576,572,34,783.576,905.255
scout_generation,4,253,783576
scout_gap,4,254,222.583,561.076,783.659,572,34,783.659,910.135
scout_generation,4,254,783659
scout_gap,4,255,221.712,561.874,783.586,572,34,783.586,963.227
scout_generation,4,255,783586
scout_gap,4,256,222.122,561.437,783.559,572,34,783.559,947.802
scout_generation,4,256,783559
scout_gap,4,257,221.123,562.212,783.335,572,34,783.335,965.870
scout_generation,4,257,783335
scout_gap,4,258,218.968,564.487,783.455,572,34,783.455,876.933
scout_generation,4,258,783455
scout_gap,4,259,220.642,562.726,783.368,572,34,783.368,874.322
scout_generation,4,259,783368
scout_gap,4,260,220.639,562.827,783.466,572,34,783.466,877.550
scout_generation,4,260,783466
scout_gap,4,261,222.757,560.736,783.493,572,34,783.493,915.659
scout_generation,4,261,783493
scout_gap,4,262,220.372,563.073,783.445,572,34,783.445,893.601
scout_generation,4,262,783445
scout_gap,4,263,218.466,565.058,783.524,572,34,783.524,878.423
scout_generation,4,263,783524
scout_gap,4,264,221.124,562.359,783.483,572,34,783.483,957.896
scout_generation,4,264,783483
scout_gap,4,265,220.988,562.588,783.576,572,34,783.576,935.897
scout_generation,4,265,783576
scout_gap,4,266,222.296,561.338,783.634,572,34,783.634,936.352
scout_generation,4,266,783634
scout_gap,4,267,220.693,562.919,783.612,572,34,783.612,912.513
scout_generation,4,267,783612
scout_gap,4,268,220.065,563.551,783.616,572,34,783.616,907.680
scout_generation,4,268,783616
scout_gap,4,269,220.717,562.884,783.601,572,34,783.601,954.718
scout_generation,4,269,783601
scout_gap,4,270,218.463,565.167,783.630,572,34,783.630,898.352
scout_generation,4,270,783630
scout_gap,4,271,223.206,560.535,783.741,572,34,783.741,947.824
scout_generation,4,271,783741
scout_gap,4,272,221.429,562.231,783.660,572,34,783.660,902.079
scout_generation,4,272,783660
scout_gap,4,273,223.004,560.676,783.680,572,34,783.680,909.538
scout_generation,4,273,783680
scout_gap,4,274,220.813,562.835,783.648,572,34,783.648,944.291
scout_generation,4,274,783648
scout_gap,4,275,220.021,563.713,783.734,572,34,783.734,907.342
scout_generation,4,275,783734
scout_gap,4,276,223.072,560.667,783.739,572,34,783.739,889.802
scout_generation,4,276,783739
scout_gap,4,277,222.036,561.709,783.745,572,34,783.745,904.047
scout_generation,4,277,783745
scout_gap,4,278,218.694,565.138,783.832,572,34,783.832,922.952
scout_generation,4,278,783832
scout_gap,4,279,220.016,563.806,783.822,572,34,783.822,919.860
scout_generation,4,279,783822
scout_gap,4,280,219.385,564.392,783.777,572,34,783.777,907.704
scout_generation,4,280,783777
scout_gap,4,281,221.941,561.963,783.904,572,34,783.904,949.611
scout_generation,4,281,783904
scout_gap,4,282,220.566,563.334,783.900,572,34,783.900,938.284
scout_generation,4,282,783900
scout_gap,4,283,223.178,560.695,783.873,572,34,783.873,951.411
scout_generation,4,283,783873
scout_gap,4,284,221.895,562.057,783.952,572,34,783.952,900.060
scout_generation,4,284,783952
scout_gap,4,285,220.135,563.820,783.955,572,34,783.955,913.929
scout_generation,4,285,783955
scout_gap,4,286,222.963,561.014,783.977,572,34,783.977,902.101
scout_generation,4,286,783977
scout_gap,4,287,223.016,561.038,784.054,572,34,784.054,933.454
scout_generation,4,287,784054
scout_gap,4,288,222.003,562.305,784.308,572,34,784.308,937.251
scout_generation,4,288,784308
scout_gap,4,289,219.897,564.299,784.196,572,34,784.196,893.992
scout_generation,4,289,784196
scout_gap,4,290,223.530,560.639,784.169,572,34,784.169,959.448
scout_generation,4,290,784169
scout_gap,4,291,220.484,563.615,784.099,572,34,784.099,890.199
scout_generation,4,291,784099
scout_gap,4,292,223.542,560.561,784.103,572,34,784.103,906.090
scout_generation,4,292,784103
scout_gap,4,293,219.715,564.382,784.097,572,34,784.097,934.489
scout_generation,4,293,784097
scout_gap,4,294,222.414,561.964,784.378,572,34,784.378,928.742
scout_generation,4,294,784378
scout_gap,4,295,222.545,562.433,784.978,572,34,784.978,943.237
scout_generation,4,295,784978
scout_gap,4,296,219.665,564.699,784.364,572,34,784.364,908.234
scout_generation,4,296,784364
scout_gap,4,297,223.841,560.681,784.522,572,34,784.522,946.973
scout_generation,4,297,784522
scout_gap,4,298,222.725,561.952,784.677,572,34,784.677,943.553
scout_generation,4,298,784677
scout_gap,4,299,224.538,560.619,785.157,572,34,785.157,962.945
scout_generation,4,299,785157
scout_gap,4,300,222.463,562.699,785.162,572,34,785.162,950.527
scout_generation,4,300,785162
scout_gap,4,301,219.893,564.753,784.646,572,34,784.646,919.359
scout_generation,4,301,784646
scout_gap,4,302,224.097,560.717,784.814,572,34,784.814,913.073
scout_generation,4,302,784814
scout_gap,4,303,224.211,560.591,784.802,572,34,784.802,880.076
scout_generation,4,303,784802
scout_gap,4,304,223.898,561.475,785.373,572,34,785.373,925.432
scout_generation,4,304,785373
scout_gap,4,305,222.692,562.275,784.967,572,34,784.967,869.589
scout_generation,4,305,784967
scout_gap,4,306,221.075,562.459,783.534,572,34,783.534,886.971
scout_generation,4,306,783534
scout_gap,4,307,219.857,563.644,783.501,572,34,783.501,892.834
scout_generation,4,307,783501
scout_gap,4,308,220.620,562.837,783.457,572,34,783.457,896.811
scout_generation,4,308,783457
scout_gap,4,309,221.863,561.569,783.432,572,34,783.432,872.914
scout_generation,4,309,783432
scout_gap,4,310,220.551,563.025,783.576,572,34,783.576,907.564
scout_generation,4,310,783576
scout_gap,4,311,221.728,561.852,783.580,572,34,783.580,916.027
scout_generation,4,311,783580
scout_gap,4,312,221.784,561.843,783.627,572,34,783.627,914.002
scout_generation,4,312,783627
scout_gap,4,313,220.574,562.999,783.573,572,34,783.573,923.406
scout_generation,4,313,783573
scout_gap,4,314,218.626,564.949,783.575,572,34,783.575,916.707
scout_generation,4,314,783575
scout_gap,4,315,221.169,562.541,783.710,572,34,783.710,878.070
scout_generation,4,315,783710
scout_gap,4,316,222.110,561.507,783.617,572,34,783.617,904.245
scout_generation,4,316,783617
scout_gap,4,317,219.425,564.275,783.700,572,34,783.700,905.840
scout_generation,4,317,783700
scout_gap,4,318,222.022,561.683,783.705,572,34,783.705,868.934
scout_generation,4,318,783705
scout_gap,4,319,219.624,564.017,783.641,572,34,783.641,917.296
scout_generation,4,319,783641
scout_gap,4,320,220.696,562.989,783.685,572,34,783.685,933.279
scout_generation,4,320,783685
scout_gap,4,321,219.193,564.537,783.730,572,34,783.730,912.733
scout_generation,4,321,783730
scout_gap,4,322,218.750,564.998,783.748,572,34,783.748,947.450
scout_generation,4,322,783748
scout_gap,4,323,221.717,562.069,783.786,572,34,783.786,923.385
scout_generation,4,323,783786
scout_gap,4,324,219.573,564.347,783.920,572,34,783.920,920.552
scout_generation,4,324,783920
scout_gap,4,325,221.702,562.124,783.826,572,34,783.826,963.732
scout_generation,4,325,783826
scout_gap,4,326,220.558,563.404,783.962,572,34,783.962,917.975
scout_generation,4,326,783962
scout_gap,4,327,218.845,565.029,783.874,572,34,783.874,924.493
scout_generation,4,327,783874
scout_gap,4,328,221.947,562.022,783.969,572,34,783.969,911.388
scout_generation,4,328,783969
scout_gap,4,329,219.771,564.257,784.028,572,34,784.028,906.852
scout_generation,4,329,784028
scout_gap,4,330,219.306,564.998,784.304,572,34,784.304,930.006
scout_generation,4,330,784304
scout_gap,4,331,220.696,563.568,784.264,572,34,784.264,926.494
scout_generation,4,331,784264
scout_gap,4,332,221.171,562.956,784.127,572,34,784.127,888.320
scout_generation,4,332,784127
scout_gap,4,333,221.344,562.909,784.253,572,34,784.253,967.258
scout_generation,4,333,784253
scout_gap,4,334,220.179,564.322,784.501,572,34,784.501,927.719
scout_generation,4,334,784501
scout_gap,4,335,222.466,562.193,784.659,572,34,784.659,879.931
scout_generation,4,335,784659
scout_gap,4,336,223.270,561.507,784.777,572,34,784.777,938.711
scout_generation,4,336,784777
scout_gap,4,337,223.269,561.715,784.984,572,34,784.984,902.194
scout_generation,4,337,784984
scout_gap,4,338,220.218,564.699,784.917,572,34,784.917,905.491
scout_generation,4,338,784917
scout_gap,4,339,220.740,563.655,784.395,572,34,784.395,929.671
scout_generation,4,339,784395
scout_gap,4,340,223.637,560.998,784.635,572,34,784.635,935.431
scout_generation,4,340,784635
scout_gap,4,341,224.233,560.866,785.099,572,34,785.099,951.029
scout_generation,4,341,785099
scout_gap,4,342,223.840,560.727,784.567,572,34,784.567,883.071
scout_generation,4,342,784567
scout_gap,4,343,219.998,564.887,784.885,572,34,784.885,879.737
scout_generation,4,343,784885
scout_gap,4,344,220.211,564.747,784.958,572,34,784.958,876.366
scout_generation,4,344,784958
scout_gap,4,345,220.514,563.857,784.371,572,34,784.371,888.775
scout_generation,4,345,784371
scout_gap,4,346,223.770,562.312,786.082,572,34,786.082,937.451
scout_generation,4,346,786082
scout_gap,4,347,218.457,564.959,783.416,572,34,783.416,957.938
scout_generation,4,347,783416
scout_gap,4,348,221.022,562.473,783.495,572,34,783.495,916.184
scout_generation,4,348,783495
scout_gap,4,349,221.916,561.603,783.519,572,34,783.519,956.848
scout_generation,4,349,783519
scout_gap,4,350,219.526,563.999,783.525,572,34,783.525,913.953
scout_generation,4,350,783525
scout_gap,4,351,220.284,563.294,783.578,572,34,783.578,928.447
scout_generation,4,351,783578
scout_gap,4,352,223.113,560.518,783.631,572,34,783.631,918.301
scout_generation,4,352,783631
scout_gap,4,353,219.290,564.362,783.652,572,34,783.652,910.911
scout_generation,4,353,783652
scout_gap,4,354,219.693,563.884,783.577,572,34,783.577,949.114
scout_generation,4,354,783577
scout_gap,4,355,221.421,562.279,783.700,572,34,783.700,882.439
scout_generation,4,355,783700
scout_gap,4,356,219.944,563.715,783.659,572,34,783.659,939.266
scout_generation,4,356,783659
scout_gap,4,357,218.939,564.701,783.640,572,34,783.640,950.023
scout_generation,4,357,783640
scout_gap,4,358,221.973,561.769,783.742,572,34,783.742,920.952
scout_generation,4,358,783742
scout_gap,4,359,218.781,564.964,783.745,572,34,783.745,929.895
scout_generation,4,359,783745
scout_gap,4,360,220.167,563.557,783.724,572,34,783.724,948.217
scout_generation,4,360,783724
scout_gap,4,361,219.881,563.812,783.693,572,34,783.693,940.389
scout_generation,4,361,783693
scout_gap,4,362,219.753,563.929,783.682,572,34,783.682,921.762
scout_generation,4,362,783682
scout_gap,4,363,220.551,563.267,783.818,572,34,783.818,910.117
scout_generation,4,363,783818
scout_gap,4,364,220.650,563.139,783.789,572,34,783.789,933.855
scout_generation,4,364,783789
scout_gap,4,365,222.398,561.442,783.840,572,34,783.840,953.538
scout_generation,4,365,783840
scout_gap,4,366,219.284,564.597,783.881,572,34,783.881,884.235
scout_generation,4,366,783881
scout_gap,4,367,219.373,564.508,783.881,572,34,783.881,951.476
scout_generation,4,367,783881
scout_gap,4,368,219.799,564.076,783.875,572,34,783.875,888.855
scout_generation,4,368,783875
scout_gap,4,369,218.960,564.895,783.855,572,34,783.855,902.163
scout_generation,4,369,783855
scout_gap,4,370,218.917,565.085,784.002,572,34,784.002,894.525
scout_generation,4,370,784002
scout_gap,4,371,220.526,563.447,783.973,572,34,783.973,937.197
scout_generation,4,371,783973
scout_gap,4,372,220.598,563.444,784.042,572,34,784.042,907.519
scout_generation,4,372,784042
scout_gap,4,373,222.964,561.062,784.026,572,34,784.026,931.272
scout_generation,4,373,784026
scout_gap,4,374,222.565,561.659,784.224,572,34,784.224,942.910
scout_generation,4,374,784224
scout_gap,4,375,222.454,561.802,784.256,572,34,784.256,940.875
scout_generation,4,375,784256
scout_gap,4,376,219.844,564.342,784.186,572,34,784.186,943.993
scout_generation,4,376,784186
scout_gap,4,377,221.912,562.562,784.474,572,34,784.474,925.327
scout_generation,4,377,784474
scout_gap,4,378,223.445,561.251,784.696,572,34,784.696,928.367
scout_generation,4,378,784696
scout_gap,4,379,222.969,561.707,784.676,572,34,784.676,918.211
scout_generation,4,379,784676
scout_gap,4,380,224.065,560.530,784.595,572,34,784.595,914.570
scout_generation,4,380,784595
scout_gap,4,381,220.990,563.543,784.533,572,34,784.533,963.363
scout_generation,4,381,784533
scout_gap,4,382,219.816,563.820,783.636,572,34,783.636,934.746
scout_generation,4,382,783636
scout_gap,4,383,218.848,564.814,783.662,572,34,783.662,903.392
scout_generation,4,383,783662
scout_gap,4,384,223.083,562.017,785.100,572,34,785.100,960.798
scout_generation,4,384,785100
scout_gap,4,385,219.619,564.137,783.756,572,34,783.756,946.148
scout_generation,4,385,783756
scout_gap,4,386,221.728,561.959,783.687,572,34,783.687,912.606
scout_generation,4,386,783687
scout_gap,4,387,222.477,561.233,783.710,572,34,783.710,934.284
scout_generation,4,387,783710
scout_gap,4,388,219.022,564.660,783.682,572,34,783.682,881.589
scout_generation,4,388,783682
scout_gap,4,389,219.571,564.172,783.743,572,34,783.743,935.735
scout_generation,4,389,783743
scout_gap,4,390,220.037,563.722,783.759,572,34,783.759,949.511
scout_generation,4,390,783759
scout_gap,4,391,219.562,564.277,783.839,572,34,783.839,925.847
scout_generation,4,391,783839
scout_gap,4,392,219.784,564.016,783.800,572,34,783.800,890.067
scout_generation,4,392,783800
scout_gap,4,393,221.572,562.260,783.832,572,34,783.832,930.760
scout_generation,4,393,783832
scout_gap,4,394,222.997,560.878,783.875,572,34,783.875,935.608
scout_generation,4,394,783875
scout_gap,4,395,220.588,563.322,783.910,572,34,783.910,930.614
scout_generation,4,395,783910
scout_gap,4,396,220.942,562.935,783.877,572,34,783.877,960.186
scout_generation,4,396,783877
scout_gap,4,397,220.623,563.169,783.792,572,34,783.792,934.263
scout_generation,4,397,783792
scout_gap,4,398,223.200,560.795,783.995,572,34,783.995,888.165
scout_generation,4,398,783995
scout_gap,4,399,221.801,562.191,783.992,572,34,783.992,958.552
scout_generation,4,399,783992
scout_gap,4,400,223.444,560.591,784.035,572,34,784.035,889.681
scout_generation,4,400,784035
scout_gap,4,401,223.199,560.802,784.001,572,34,784.001,873.022
scout_generation,4,401,784001
scout_gap,4,402,220.734,563.519,784.253,572,34,784.253,899.132
scout_generation,4,402,784253
scout_gap,4,403,223.590,560.709,784.299,572,34,784.299,912.325
scout_generation,4,403,784299
scout_gap,4,404,222.190,562.012,784.202,572,34,784.202,941.441
scout_generation,4,404,784202
scout_gap,4,405,219.066,565.051,784.117,572,34,784.117,959.669
scout_generation,4,405,784117
scout_gap,4,406,220.684,563.552,784.236,572,34,784.236,880.988
scout_generation,4,406,784236
scout_gap,4,407,221.641,562.611,784.252,572,34,784.252,929.824
scout_generation,4,407,784252
scout_gap,4,408,221.955,562.664,784.619,572,34,784.619,957.509
scout_generation,4,408,784619
scout_gap,4,409,219.648,564.943,784.591,572,34,784.591,935.747
scout_generation,4,409,784591
scout_gap,4,410,219.328,565.162,784.490,572,34,784.490,943.645
scout_generation,4,410,784490
scout_gap,4,411,220.060,564.937,784.997,572,34,784.997,894.555
scout_generation,4,411,784997
scout_gap,4,412,222.998,561.758,784.756,572,34,784.756,898.131
scout_generation,4,412,784756
scout_gap,4,413,218.519,565.140,783.659,572,34,783.659,962.777
scout_generation,4,413,783659
scout_gap,4,414,221.748,561.937,783.685,572,34,783.685,874.084
scout_generation,4,414,783685
scout_gap,4,415,221.690,561.979,783.669,572,34,783.669,871.104
scout_generation,4,415,783669
scout_gap,4,416,223.367,561.386,784.753,572,34,784.753,947.189
scout_generation,4,416,784753
scout_gap,4,417,223.449,560.927,784.376,572,34,784.376,937.422
scout_generation,4,417,784376
scout_gap,4,418,219.959,563.684,783.643,572,34,783.643,966.223
scout_generation,4,418,783643
scout_gap,4,419,218.590,565.150,783.740,572,34,783.740,885.139
scout_generation,4,419,783740
scout_gap,4,420,219.066,564.688,783.754,572,34,783.754,899.624
scout_generation,4,420,783754
scout_gap,4,421,219.562,564.112,783.674,572,34,783.674,934.492
scout_generation,4,421,783674
scout_gap,4,422,220.825,563.012,783.837,572,34,783.837,923.230
scout_generation,4,422,783837
scout_gap,4,423,222.621,561.071,783.692,572,34,783.692,915.003
scout_generation,4,423,783692
scout_gap,4,424,222.784,561.004,783.788,572,34,783.788,897.041
scout_generation,4,424,783788
scout_gap,4,425,221.821,561.973,783.794,572,34,783.794,934.618
scout_generation,4,425,783794
scout_gap,4,426,220.036,563.842,783.878,572,34,783.878,891.576
scout_generation,4,426,783878
scout_gap,4,427,219.318,564.547,783.865,572,34,783.865,950.828
scout_generation,4,427,783865
scout_gap,4,428,219.898,564.024,783.922,572,34,783.922,931.148
scout_generation,4,428,783922
scout_gap,4,429,222.235,561.767,784.002,572,34,784.002,924.729
scout_generation,4,429,784002
scout_gap,4,430,222.063,561.919,783.982,572,34,783.982,936.882
scout_generation,4,430,783982
scout_gap,4,431,220.011,564.283,784.294,572,34,784.294,931.161
scout_generation,4,431,784294
scout_gap,4,432,219.761,564.199,783.960,572,34,783.960,897.000
scout_generation,4,432,783960
scout_gap,4,433,220.591,563.593,784.184,572,34,784.184,915.985
scout_generation,4,433,784184
scout_gap,4,434,222.365,561.850,784.215,572,34,784.215,947.450
scout_generation,4,434,784215
scout_gap,4,435,221.900,562.203,784.103,572,34,784.103,916.917
scout_generation,4,435,784103
scout_gap,4,436,222.948,561.791,784.739,572,34,784.739,931.964
scout_generation,4,436,784739
scout_gap,4,437,220.368,563.997,784.365,572,34,784.365,900.729
scout_generation,4,437,784365
scout_gap,4,438,221.631,562.884,784.515,572,34,784.515,875.241
scout_generation,4,438,784515
scout_gap,4,439,221.468,562.904,784.372,572,34,784.372,933.111
scout_generation,4,439,784372
scout_gap,4,440,224.050,561.166,785.216,572,34,785.216,931.247
scout_generation,4,440,785216
scout_gap,4,441,222.207,562.663,784.870,572,34,784.870,915.723
scout_generation,4,441,784870
scout_gap,4,442,221.518,563.186,784.704,572,34,784.704,907.623
scout_generation,4,442,784704
scout_gap,4,443,221.506,562.602,784.108,572,34,784.108,901.928
scout_generation,4,443,784108
scout_gap,4,444,220.874,563.985,784.859,572,34,784.859,883.252
scout_generation,4,444,784859
scout_gap,4,445,223.370,561.749,785.119,572,34,785.119,888.419
scout_generation,4,445,785119
scout_gap,4,446,221.459,563.539,784.998,572,34,784.998,893.776
scout_generation,4,446,784998
scout_gap,4,447,222.700,561.688,784.388,572,34,784.388,882.337
scout_generation,4,447,784388
scout_gap,4,448,224.582,560.456,785.038,572,34,785.038,967.085
scout_generation,4,448,785038
scout_gap,4,449,221.677,563.183,784.860,572,34,784.860,953.142
scout_generation,4,449,784860
scout_gap,4,450,223.364,562.450,785.814,572,34,785.814,938.468
scout_generation,4,450,785814
scout_gap,4,451,222.929,561.952,784.881,572,34,784.881,878.750
scout_generation,4,451,784881
scout_gap,4,452,223.561,563.103,786.664,572,34,786.664,927.073
scout_generation,4,452,786664
scout_gap,4,453,227.678,560.839,788.517,572,34,788.517,952.569
scout_generation,4,453,788517
scout_gap,4,454,223.498,561.930,785.428,572,34,785.428,890.287
scout_generation,4,454,785428
scout_gap,4,455,221.666,564.546,786.212,572,34,786.212,886.685
scout_generation,4,455,786212
scout_gap,4,456,224.208,564.155,788.363,572,34,788.363,937.848
scout_generation,4,456,788363
scout_gap,4,457,226.451,564.429,790.880,572,34,790.880,944.756
scout_generation,4,457,790880
scout_gap,4,458,223.954,561.347,785.301,572,34,785.301,955.868
scout_generation,4,458,785301
scout_gap,4,459,233.057,561.493,794.550,572,34,794.550,950.790
scout_generation,4,459,794550
scout_gap,4,460,234.626,561.005,795.631,572,34,795.631,965.164
scout_generation,4,460,795631
scout_gap,4,461,233.433,564.367,797.800,572,34,797.800,891.220
scout_generation,4,461,797800
scout_gap,4,462,238.195,561.689,799.884,572,34,799.884,947.355
scout_generation,4,462,799884
scout_gap,4,463,223.076,563.152,786.228,572,34,786.228,885.428
scout_generation,4,463,786228
scout_gap,4,464,225.988,562.569,788.557,572,34,788.557,952.624
scout_generation,4,464,788557
scout_gap,4,465,227.445,564.302,791.747,572,34,791.747,900.995
scout_generation,4,465,791747
scout_gap,4,466,228.458,563.492,791.950,572,34,791.950,946.533
scout_generation,4,466,791950
scout_gap,4,467,229.695,560.487,790.182,572,34,790.182,949.224
scout_generation,4,467,790182
scout_gap,4,468,222.064,563.108,785.172,572,34,785.172,925.547
scout_generation,4,468,785172
scout_gap,4,469,222.022,562.920,784.942,572,34,784.942,940.154
scout_generation,4,469,784942
scout_gap,4,470,223.639,561.216,784.855,572,34,784.855,891.408
scout_generation,4,470,784855
scout_gap,4,471,223.716,560.733,784.449,572,34,784.449,914.989
scout_generation,4,471,784449
scout_gap,4,472,220.116,564.960,785.076,572,34,785.076,908.799
scout_generation,4,472,785076
scout_gap,4,473,223.185,563.285,786.470,572,34,786.470,939.059
scout_generation,4,473,786470
scout_gap,4,474,225.668,561.726,787.394,572,34,787.394,889.126
scout_generation,4,474,787394
scout_gap,4,475,227.631,562.278,789.909,572,34,789.909,929.932
scout_generation,4,475,789909
scout_gap,4,476,221.626,564.009,785.635,572,34,785.635,957.317
scout_generation,4,476,785635
scout_gap,4,477,221.012,565.072,786.084,572,34,786.084,949.471
scout_generation,4,477,786084
scout_gap,4,478,224.034,563.017,787.051,572,34,787.051,919.111
scout_generation,4,478,787051
scout_gap,4,479,231.985,560.665,792.650,572,34,792.650,880.425
scout_generation,4,479,792650
scout_gap,4,480,225.822,560.539,786.361,572,34,786.361,925.990
scout_generation,4,480,786361
scout_gap,4,481,236.850,560.727,797.577,572,34,797.577,917.269
scout_generation,4,481,797577
scout_gap,4,482,230.954,562.273,793.227,572,34,793.227,939.362
scout_generation,4,482,793227
scout_gap,4,483,231.505,565.109,796.614,572,34,796.614,955.032
scout_generation,4,483,796614
scout_gap,4,484,238.008,563.311,801.319,572,34,801.319,932.928
scout_generation,4,484,801319
scout_gap,4,485,224.757,560.889,785.646,572,34,785.646,899.344
scout_generation,4,485,785646
scout_gap,4,486,230.298,561.473,791.771,572,34,791.771,940.652
scout_generation,4,486,791771
scout_gap,4,487,231.763,560.600,792.363,572,34,792.363,888.180
scout_generation,4,487,792363
scout_gap,4,488,227.129,560.733,787.862,572,34,787.862,916.960
scout_generation,4,488,787862
scout_gap,4,489,221.324,565.056,786.380,572,34,786.380,885.720
scout_generation,4,489,786380
scout_gap,4,490,221.273,564.191,785.464,572,34,785.464,940.059
scout_generation,4,490,785464
scout_gap,4,491,228.834,564.762,793.596,572,34,793.596,906.529
scout_generation,4,491,793596
scout_gap,4,492,237.651,565.158,802.809,572,34,802.809,953.789
scout_generation,4,492,802809
scout_gap,4,493,225.264,564.838,790.102,572,34,790.102,898.267
scout_generation,4,493,790102
scout_gap,4,494,232.547,562.461,795.008,572,34,795.008,885.153
scout_generation,4,494,795008
scout_gap,4,495,230.343,563.847,794.190,572,34,794.190,905.882
scout_generation,4,495,794190
scout_gap,4,496,236.743,562.351,799.094,572,34,799.094,879.731
scout_generation,4,496,799094
scout_gap,4,497,238.019,560.599,798.618,572,34,798.618,911.222
scout_generation,4,497,798618
scout_gap,4,498,226.867,564.538,791.405,572,34,791.405,911.637
scout_generation,4,498,791405
scout_gap,4,499,227.066,564.265,791.331,572,34,791.331,936.021
scout_generation,4,499,791331
scout_gap,4,500,228.051,563.266,791.317,572,34,791.317,953.894
scout_generation,4,500,791317
scout_gap,4,501,224.903,564.424,789.327,572,34,789.327,933.918
scout_generation,4,501,789327
scout_gap,4,502,230.982,561.047,792.029,572,34,792.029,924.223
scout_generation,4,502,792029
scout_gap,4,503,237.041,561.014,798.055,572,34,798.055,911.257
scout_generation,4,503,798055
scout_gap,4,504,230.623,562.994,793.617,572,34,793.617,951.436
scout_generation,4,504,793617
scout_gap,4,505,233.258,561.078,794.336,572,34,794.336,907.075
scout_generation,4,505,794336
scout_gap,4,506,229.769,563.687,793.456,572,34,793.456,951.601
scout_generation,4,506,793456
scout_gap,4,507,236.104,562.250,798.354,572,34,798.354,895.554
scout_generation,4,507,798354
scout_gap,4,508,231.648,561.562,793.210,572,34,793.210,915.550
scout_generation,4,508,793210
scout_gap,4,509,228.590,564.447,793.037,572,34,793.037,918.680
scout_generation,4,509,793037
scout_gap,4,510,235.349,561.376,796.725,572,34,796.725,917.408
scout_generation,4,510,796725
scout_gap,4,511,226.377,561.835,788.212,572,34,788.212,884.157
scout_generation,4,511,788212
scout_gap,4,512,236.971,560.583,797.554,572,34,797.554,953.521
scout_generation,4,512,797554
scout_gap,4,513,231.485,564.834,796.319,572,34,796.319,907.366
scout_generation,4,513,796319
scout_gap,4,514,227.621,561.822,789.443,572,34,789.443,871.161
scout_generation,4,514,789443
scout_gap,4,515,228.788,562.108,790.896,572,34,790.896,903.178
scout_generation,4,515,790896
scout_gap,4,516,223.239,564.532,787.771,572,34,787.771,879.751
scout_generation,4,516,787771
scout_gap,4,517,227.003,562.783,789.786,572,34,789.786,956.235
scout_generation,4,517,789786
scout_gap,4,518,224.129,563.693,787.822,572,34,787.822,947.864
scout_generation,4,518,787822
scout_gap,4,519,227.710,564.548,792.258,572,34,792.258,922.952
scout_generation,4,519,792258
scout_gap,4,520,224.699,563.925,788.624,572,34,788.624,924.325
scout_generation,4,520,788624
scout_gap,4,521,230.538,564.402,794.940,572,34,794.940,918.631
scout_generation,4,521,794940
scout_gap,4,522,239.388,564.567,803.955,572,34,803.955,893.758
scout_generation,4,522,803955
scout_gap,4,523,241.627,564.522,806.149,572,34,806.149,966.546
scout_generation,4,523,806149
scout_gap,4,524,238.469,562.090,800.559,572,34,800.559,961.891
scout_generation,4,524,800559
scout_gap,4,525,236.303,563.851,800.154,572,34,800.154,962.009
scout_generation,4,525,800154
scout_gap,4,526,230.045,562.277,792.322,572,34,792.322,956.214
scout_generation,4,526,792322
scout_gap,4,527,236.152,561.154,797.306,572,34,797.306,936.033
scout_generation,4,527,797306
scout_gap,4,528,239.247,561.361,800.608,572,34,800.608,914.163
scout_generation,4,528,800608
scout_gap,4,529,230.247,564.893,795.140,572,34,795.140,951.761
scout_generation,4,529,795140
scout_gap,4,530,226.837,560.767,787.604,572,34,787.604,960.348
scout_generation,4,530,787604
scout_gap,4,531,229.929,562.621,792.550,572,34,792.550,933.075
scout_generation,4,531,792550
scout_gap,4,532,234.934,562.065,796.999,572,34,796.999,879.724
scout_generation,4,532,796999
scout_gap,4,533,236.333,563.439,799.772,572,34,799.772,945.002
scout_generation,4,533,799772
scout_gap,4,534,242.690,561.665,804.355,572,34,804.355,924.810
scout_generation,4,534,804355
scout_gap,4,535,239.574,562.405,801.979,572,34,801.979,910.686
scout_generation,4,535,801979
scout_gap,4,536,237.716,563.722,801.438,572,34,801.438,929.816
scout_generation,4,536,801438
scout_gap,4,537,240.219,561.396,801.615,572,34,801.615,933.560
scout_generation,4,537,801615
scout_gap,4,538,236.366,561.166,797.532,572,34,797.532,940.630
scout_generation,4,538,797532
scout_gap,4,539,226.931,565.171,792.102,572,34,792.102,910.139
scout_generation,4,539,792102
scout_gap,4,540,230.674,563.773,794.447,572,34,794.447,871.469
scout_generation,4,540,794447
scout_gap,4,541,231.751,561.829,793.580,572,34,793.580,944.386
scout_generation,4,541,793580
scout_gap,4,542,232.590,560.875,793.465,572,34,793.465,876.132
scout_generation,4,542,793465
scout_gap,4,543,232.356,565.087,797.443,572,34,797.443,965.093
scout_generation,4,543,797443
scout_gap,4,544,230.058,563.879,793.937,572,34,793.937,889.512
scout_generation,4,544,793937
scout_gap,4,545,238.724,560.627,799.351,572,34,799.351,884.929
scout_generation,4,545,799351
scout_gap,4,546,227.167,564.704,791.871,572,34,791.871,898.426
scout_generation,4,546,791871
scout_gap,4,547,231.306,565.203,796.509,572,34,796.509,909.424
scout_generation,4,547,796509
scout_gap,4,548,235.785,564.590,800.375,572,34,800.375,924.180
scout_generation,4,548,800375
scout_gap,4,549,234.216,564.730,798.946,572,34,798.946,915.108
scout_generation,4,549,798946
scout_gap,4,550,235.453,562.401,797.854,572,34,797.854,906.131
scout_generation,4,550,797854
scout_gap,4,551,230.616,562.844,793.460,572,34,793.460,949.514
scout_generation,4,551,793460
scout_gap,4,552,236.085,563.933,800.018,572,34,800.018,942.961
scout_generation,4,552,800018
scout_gap,4,553,234.716,561.870,796.586,572,34,796.586,923.823
scout_generation,4,553,796586
scout_gap,4,554,229.595,561.583,791.178,572,34,791.178,920.641
scout_generation,4,554,791178
scout_gap,4,555,230.129,563.657,793.786,572,34,793.786,911.707
scout_generation,4,555,793786
scout_gap,4,556,234.851,560.747,795.598,572,34,795.598,909.149
scout_generation,4,556,795598
scout_gap,4,557,229.615,561.657,791.272,572,34,791.272,942.210
scout_generation,4,557,791272
scout_gap,4,558,232.061,564.245,796.306,572,34,796.306,917.103
scout_generation,4,558,796306
scout_gap,4,559,245.682,563.854,809.536,572,34,809.536,876.507
scout_generation,4,559,809536
scout_gap,4,560,253.510,564.439,817.949,572,34,817.949,913.636
scout_generation,4,560,817949
scout_gap,4,561,228.044,563.096,791.140,572,34,791.140,951.933
scout_generation,4,561,791140
scout_gap,4,562,237.689,562.072,799.761,572,34,799.761,966.090
scout_generation,4,562,799761
scout_gap,4,563,236.207,561.396,797.603,572,34,797.603,908.292
scout_generation,4,563,797603
scout_gap,4,564,234.589,561.738,796.327,572,34,796.327,908.998
scout_generation,4,564,796327
scout_gap,4,565,237.876,562.034,799.910,572,34,799.910,899.242
scout_generation,4,565,799910
scout_gap,4,566,243.544,563.272,806.816,572,34,806.816,918.548
scout_generation,4,566,806816
scout_gap,4,567,239.815,560.548,800.363,572,34,800.363,888.351
scout_generation,4,567,800363
scout_gap,4,568,245.281,561.526,806.807,572,34,806.807,908.982
scout_generation,4,568,806807
scout_gap,4,569,236.532,561.686,798.218,572,34,798.218,958.052
scout_generation,4,569,798218
scout_gap,4,570,223.700,565.018,788.718,572,34,788.718,938.085
scout_generation,4,570,788718
scout_gap,4,571,226.442,564.331,790.773,572,34,790.773,883.571
scout_generation,4,571,790773
scout_gap,4,572,225.643,563.465,789.108,572,34,789.108,904.823
scout_generation,4,572,789108
scout_gap,4,573,227.066,560.578,787.644,572,34,787.644,879.064
scout_generation,4,573,787644
scout_gap,4,574,224.205,563.529,787.734,572,34,787.734,875.785
scout_generation,4,574,787734
scout_gap,4,575,227.758,561.960,789.718,572,34,789.718,897.446
scout_generation,4,575,789718
scout_gap,4,576,225.304,562.469,787.773,572,34,787.773,887.635
scout_generation,4,576,787773
scout_gap,4,577,223.609,564.188,787.797,572,34,787.797,896.321
scout_generation,4,577,787797
scout_gap,4,578,226.207,563.032,789.239,572,34,789.239,961.487
scout_generation,4,578,789239
scout_gap,4,579,226.954,561.159,788.113,572,34,788.113,966.381
scout_generation,4,579,788113
scout_gap,4,580,224.304,564.767,789.071,572,34,789.071,888.126
scout_generation,4,580,789071
scout_gap,4,581,228.345,560.506,788.851,572,34,788.851,952.873
scout_generation,4,581,788851
scout_gap,4,582,224.311,564.924,789.235,572,34,789.235,957.075
scout_generation,4,582,789235
scout_gap,4,583,225.753,564.456,790.209,572,34,790.209,887.884
scout_generation,4,583,790209
scout_gap,4,584,226.379,562.329,788.708,572,34,788.708,913.287
scout_generation,4,584,788708
scout_gap,4,585,226.277,562.664,788.941,572,34,788.941,935.761
scout_generation,4,585,788941
scout_gap,4,586,228.799,560.964,789.763,572,34,789.763,908.974
scout_generation,4,586,789763
scout_gap,4,587,224.380,564.847,789.227,572,34,789.227,920.413
scout_generation,4,587,789227
scout_gap,4,588,227.378,562.441,789.819,572,34,789.819,902.857
scout_generation,4,588,789819
scout_gap,4,589,227.122,562.946,790.068,572,34,790.068,928.819
scout_generation,4,589,790068
scout_gap,4,590,229.053,560.977,790.030,572,34,790.030,919.346
scout_generation,4,590,790030
scout_gap,4,591,229.214,561.027,790.241,572,34,790.241,941.494
scout_generation,4,591,790241
scout_gap,4,592,226.167,563.932,790.099,572,34,790.099,928.982
scout_generation,4,592,790099
scout_gap,4,593,227.829,562.756,790.585,572,34,790.585,901.247
scout_generation,4,593,790585
scout_gap,4,594,229.078,561.586,790.664,572,34,790.664,944.646
scout_generation,4,594,790664
scout_gap,4,595,244.579,561.515,806.094,572,34,806.094,938.763
scout_generation,4,595,806094
scout_gap,4,596,227.841,562.941,790.782,572,34,790.782,935.348
scout_generation,4,596,790782
scout_gap,4,597,239.867,564.159,804.026,572,34,804.026,876.302
scout_generation,4,597,804026
scout_gap,4,598,239.505,563.514,803.019,572,34,803.019,877.080
scout_generation,4,598,803019
scout_gap,4,599,241.201,564.316,805.517,572,34,805.517,880.359
scout_generation,4,599,805517
scout_gap,4,600,234.766,563.875,798.641,572,34,798.641,948.691
scout_generation,4,600,798641
scout_gap,4,601,240.549,561.636,802.185,572,34,802.185,942.802
scout_generation,4,601,802185
scout_gap,4,602,240.381,561.256,801.637,572,34,801.637,912.926
scout_generation,4,602,801637
scout_gap,4,603,237.046,564.123,801.169,572,34,801.169,937.709
scout_generation,4,603,801169
scout_gap,4,604,229.062,564.973,794.035,572,34,794.035,951.439
scout_generation,4,604,794035
scout_gap,4,605,233.397,564.324,797.721,572,34,797.721,949.971
scout_generation,4,605,797721
scout_gap,4,606,239.484,562.826,802.310,572,34,802.310,895.469
scout_generation,4,606,802310
scout_gap,4,607,234.295,564.793,799.088,572,34,799.088,911.943
scout_generation,4,607,799088
scout_gap,4,608,231.241,561.191,792.432,572,34,792.432,920.438
scout_generation,4,608,792432
scout_gap,4,609,235.758,562.749,798.507,572,34,798.507,956.757
scout_generation,4,609,798507
scout_gap,4,610,234.466,562.369,796.835,572,34,796.835,924.126
scout_generation,4,610,796835
scout_gap,4,611,234.374,561.317,795.691,572,34,795.691,922.243
scout_generation,4,611,795691
scout_gap,4,612,238.072,563.462,801.534,572,34,801.534,916.390
scout_generation,4,612,801534
scout_gap,4,613,226.317,564.583,790.900,572,34,790.900,920.630
scout_generation,4,613,790900
scout_gap,4,614,238.005,562.101,800.106,572,34,800.106,953.279
scout_generation,4,614,800106
scout_gap,4,615,236.348,563.573,799.921,572,34,799.921,933.020
scout_generation,4,615,799921
scout_gap,4,616,236.825,562.001,798.826,572,34,798.826,958.440
scout_generation,4,616,798826
scout_gap,4,617,388.243,561.295,949.538,572,34,949.538,954.454
scout_generation,4,617,949538
scout_gap,4,618,232.261,563.175,795.436,572,34,795.436,959.360
scout_generation,4,618,795436
scout_gap,4,619,235.498,563.421,798.919,572,34,798.919,923.680
scout_generation,4,619,798919
scout_gap,4,620,230.892,560.802,791.694,572,34,791.694,924.742
scout_generation,4,620,791694
scout_gap,4,621,234.005,563.776,797.781,572,34,797.781,926.072
scout_generation,4,621,797781
scout_gap,4,622,232.863,561.599,794.462,572,34,794.462,945.356
scout_generation,4,622,794462
scout_gap,4,623,231.638,564.972,796.610,572,34,796.610,920.775
scout_generation,4,623,796610
scout_gap,4,624,230.054,562.819,792.873,572,34,792.873,907.796
scout_generation,4,624,792873
scout_gap,4,625,229.646,564.146,793.792,572,34,793.792,950.477
scout_generation,4,625,793792
scout_gap,4,626,231.945,561.743,793.688,572,34,793.688,967.194
scout_generation,4,626,793688
scout_gap,4,627,234.759,560.590,795.349,572,34,795.349,875.171
scout_generation,4,627,795349
scout_gap,4,628,340.803,563.598,904.401,572,34,904.401,909.340
scout_generation,4,628,904401
scout_gap,4,629,363.917,562.098,926.015,572,34,926.015,931.034
scout_generation,4,629,926015
scout_gap,4,630,337.744,563.035,900.779,572,34,900.779,905.731
scout_generation,4,630,900779
scout_gap,4,631,385.503,561.914,947.417,572,34,947.417,954.482
scout_generation,4,631,947417
scout_gap,4,632,394.882,563.106,957.988,572,34,957.988,964.376
scout_generation,4,632,957988
scout_gap,4,633,401.282,563.707,964.989,572,34,964.989,969.868
scout_generation,4,633,964989
scout_gap,4,634,401.202,560.493,961.695,572,34,961.695,966.674
scout_generation,4,634,961695
scout_gap,4,635,272.302,561.450,833.752,572,34,833.752,935.451
scout_generation,4,635,833752
scout_gap,4,636,400.429,561.952,962.381,572,34,962.381,967.310
scout_generation,4,636,962381
scout_gap,4,637,392.514,564.928,957.442,572,34,957.442,962.326
scout_generation,4,637,957442
scout_gap,4,638,397.865,564.696,962.561,572,34,962.561,968.807
scout_generation,4,638,962561
scout_gap,4,639,365.346,561.719,927.065,572,34,927.065,931.874
scout_generation,4,639,927065
scout_gap,4,640,360.950,563.811,924.761,572,34,924.761,929.579
scout_generation,4,640,924761
scout_gap,4,641,391.881,562.037,953.918,572,34,953.918,960.151
scout_generation,4,641,953918
scout_gap,4,642,362.655,561.594,924.249,572,34,924.249,930.428
scout_generation,4,642,924249
scout_gap,4,643,288.556,565.095,853.651,572,34,853.651,920.947
scout_generation,4,643,853651
scout_gap,4,644,312.859,564.247,877.106,572,34,877.106,884.116
scout_generation,4,644,877106
scout_gap,4,645,343.202,564.925,908.127,572,34,908.127,913.037
scout_generation,4,645,908127
scout_gap,4,646,340.507,562.681,903.188,572,34,903.188,908.108
scout_generation,4,646,903188
scout_gap,4,647,357.428,564.360,921.788,572,34,921.788,928.248
scout_generation,4,647,921788
scout_gap,4,648,323.424,564.916,888.340,572,34,888.340,893.234
scout_generation,4,648,888340
scout_gap,4,649,332.105,563.129,895.234,572,34,895.234,900.022
scout_generation,4,649,895234
scout_gap,4,650,340.377,564.680,905.057,572,34,905.057,912.141
scout_generation,4,650,905057
scout_gap,4,651,302.903,563.640,866.543,572,34,866.543,873.641
scout_generation,4,651,866543
scout_gap,4,652,328.555,564.756,893.311,572,34,893.311,900.338
scout_generation,4,652,893311
scout_gap,4,653,355.778,564.660,920.438,572,34,920.438,927.491
scout_generation,4,653,920438
scout_gap,4,654,387.428,564.096,951.524,572,34,951.524,956.402
scout_generation,4,654,951524
scout_gap,4,655,372.425,564.784,937.209,572,34,937.209,944.208
scout_generation,4,655,937209
scout_gap,4,656,365.624,564.481,930.105,572,34,930.105,937.184
scout_generation,4,656,930105
scout_gap,4,657,381.006,562.599,943.605,572,34,943.605,950.678
scout_generation,4,657,943605
scout_gap,4,658,391.254,561.045,952.299,572,34,952.299,957.172
scout_generation,4,658,952299
scout_gap,4,659,357.328,564.937,922.265,572,34,922.265,927.107
scout_generation,4,659,922265
scout_gap,4,660,277.919,564.520,842.439,572,34,842.439,921.921
scout_generation,4,660,842439
scout_gap,4,661,394.549,562.805,957.354,572,34,957.354,962.251
scout_generation,4,661,957354
scout_gap,4,662,395.418,562.123,957.541,572,34,957.541,962.589
scout_generation,4,662,957541
scout_gap,4,663,401.386,561.242,962.628,572,34,962.628,967.512
scout_generation,4,663,962628
scout_gap,4,664,346.663,564.246,910.909,572,34,910.909,917.919
scout_generation,4,664,910909
scout_gap,4,665,377.311,561.202,938.513,572,34,938.513,943.386
scout_generation,4,665,938513
scout_gap,4,666,374.204,562.584,936.788,572,34,936.788,943.857
scout_generation,4,666,936788
scout_gap,4,667,303.389,563.793,867.182,572,34,867.182,872.132
scout_generation,4,667,867182
scout_gap,4,668,314.351,563.142,877.493,572,34,877.493,882.321
scout_generation,4,668,877493
scout_gap,4,669,300.653,564.285,864.938,572,34,864.938,869.942
scout_generation,4,669,864938
scout_gap,4,670,317.010,562.954,879.964,572,34,879.964,884.774
scout_generation,4,670,879964
scout_gap,4,671,309.111,562.116,871.227,572,34,871.227,878.279
scout_generation,4,671,871227
scout_gap,4,672,334.963,561.473,896.436,572,34,896.436,901.263
scout_generation,4,672,896436
scout_gap,4,673,321.286,564.758,886.044,572,34,886.044,893.319
scout_generation,4,673,886044
scout_gap,4,674,299.152,564.829,863.981,572,34,863.981,871.177
scout_generation,4,674,863981
scout_gap,4,675,317.525,565.160,882.685,572,34,882.685,887.680
scout_generation,4,675,882685
scout_gap,4,676,329.605,563.485,893.090,572,34,893.090,898.147
scout_generation,4,676,893090
scout_gap,4,677,266.384,562.371,828.755,572,34,828.755,909.255
scout_generation,4,677,828755
scout_gap,4,678,330.990,563.560,894.550,572,34,894.550,899.376
scout_generation,4,678,894550
scout_gap,4,679,396.911,561.680,958.591,572,34,958.591,963.494
scout_generation,4,679,958591
scout_gap,4,680,372.223,563.787,936.010,572,34,936.010,941.008
scout_generation,4,680,936010
scout_gap,4,681,338.067,561.302,899.369,572,34,899.369,904.382
scout_generation,4,681,899369
scout_gap,4,682,389.856,564.740,954.596,572,34,954.596,961.647
scout_generation,4,682,954596
scout_gap,4,683,403.168,561.260,964.428,572,34,964.428,970.425
scout_generation,4,683,964428
scout_gap,4,684,390.784,562.132,952.916,572,34,952.916,957.802
scout_generation,4,684,952916
scout_gap,4,685,394.022,564.072,958.094,572,34,958.094,962.933
scout_generation,4,685,958094
scout_gap,4,686,397.447,564.243,961.690,572,34,961.690,968.292
scout_generation,4,686,961690
scout_gap,4,687,395.591,563.921,959.512,572,34,959.512,964.467
scout_generation,4,687,959512
scout_gap,4,688,398.614,564.992,963.606,572,34,963.606,968.438
scout_generation,4,688,963606
scout_gap,4,689,356.153,562.167,918.320,572,34,918.320,923.096
scout_generation,4,689,918320
scout_gap,4,690,356.020,560.972,916.992,572,34,916.992,924.349
scout_generation,4,690,916992
scout_gap,4,691,354.773,562.655,917.428,572,34,917.428,922.304
scout_generation,4,691,917428
scout_gap,4,692,379.562,561.132,940.694,572,29,940.694,946.823
scout_generation,4,692,940694
scout_gap,4,693,282.041,574.567,856.608,572,30,856.608,942.176
scout_generation,4,693,856608
scout_gap,4,694,398.910,561.309,960.219,572,31,960.219,966.691
scout_generation,4,694,960219
scout_gap,4,695,292.173,574.555,866.728,572,30,866.728,950.307
scout_generation,4,695,866728
scout_gap,4,696,331.839,563.087,894.926,572,31,894.926,901.971
scout_generation,4,696,894926
scout_gap,4,697,333.182,574.563,907.745,572,29,907.745,914.867
scout_generation,4,697,907745
scout_gap,4,698,330.701,605.550,936.251,572,31,936.251,942.739
scout_generation,4,698,936251
scout_gap,4,699,336.866,604.572,941.438,572,31,941.438,946.414
scout_generation,4,699,941438
reloadstall_csv,4,700,700,0,400400,0.920438,0.963227,0.970425,226.954,374.204,403.168,226.954,374.204,403.168,789.819,937.209,964.989,395,461,0,700,0
