reloadstall_csv_header,reload,peers_total,peers_changed,peers_stable,prefixes,completion_p50_s,completion_p95_s,completion_max_s,changed_maxgap_p50_ms,changed_maxgap_p95_ms,changed_maxgap_max_ms,all_observer_maxgap_p50_ms,all_observer_maxgap_p95_ms,all_observer_maxgap_max_ms,changed_first_generation_update_p50_ms,changed_first_generation_update_p95_ms,changed_first_generation_update_max_ms,rss_before_mib,rss_after_mib,stable_marker_peers,sessions_up,parse_errors
scout_clock,1,36309903,1791312770457288,36309904
scout_gap,1,0,211.904,659.378,871.282,572,38,871.282,1040.621
scout_generation,1,0,871282
scout_gap,1,1,212.247,659.265,871.512,572,38,871.512,968.316
scout_generation,1,1,871512
scout_gap,1,2,211.919,659.318,871.237,572,38,871.237,1037.320
scout_generation,1,2,871237
scout_gap,1,3,212.618,658.631,871.249,572,38,871.249,1033.862
scout_generation,1,3,871249
scout_gap,1,4,213.159,658.080,871.239,572,38,871.239,1019.825
scout_generation,1,4,871239
scout_gap,1,5,214.196,657.119,871.315,572,38,871.315,1027.415
scout_generation,1,5,871315
scout_gap,1,6,211.688,659.532,871.220,572,38,871.220,1025.043
scout_generation,1,6,871220
scout_gap,1,7,211.716,659.474,871.190,572,38,871.190,994.758
scout_generation,1,7,871190
scout_gap,1,8,212.192,659.177,871.369,572,38,871.369,1022.336
scout_generation,1,8,871369
scout_gap,1,9,212.111,659.249,871.360,572,38,871.360,996.028
scout_generation,1,9,871360
scout_gap,1,10,213.212,658.135,871.347,572,38,871.347,987.752
scout_generation,1,10,871347
scout_gap,1,11,212.866,658.415,871.281,572,38,871.281,1009.389
scout_generation,1,11,871281
scout_gap,1,12,214.311,657.101,871.412,572,38,871.412,1046.914
scout_generation,1,12,871412
scout_gap,1,13,214.387,657.022,871.409,572,38,871.409,1012.345
scout_generation,1,13,871409
scout_gap,1,14,214.522,656.656,871.178,572,38,871.178,1050.306
scout_generation,1,14,871178
scout_gap,1,15,212.044,659.435,871.479,572,38,871.479,1030.585
scout_generation,1,15,871479
scout_gap,1,16,214.523,656.744,871.267,572,38,871.267,1045.731
scout_generation,1,16,871267
scout_gap,1,17,214.346,656.903,871.249,572,38,871.249,1031.363
scout_generation,1,17,871249
scout_gap,1,18,211.828,659.583,871.411,572,38,871.411,1037.954
scout_generation,1,18,871411
scout_gap,1,19,212.845,658.520,871.365,572,38,871.365,1052.214
scout_generation,1,19,871365
scout_gap,1,20,214.323,657.028,871.351,572,38,871.351,1045.612
scout_generation,1,20,871351
scout_gap,1,21,212.693,658.790,871.483,572,38,871.483,969.039
scout_generation,1,21,871483
scout_gap,1,22,212.039,659.478,871.517,572,38,871.517,1047.431
scout_generation,1,22,871517
scout_gap,1,23,213.158,658.399,871.557,572,38,871.557,987.057
scout_generation,1,23,871557
scout_gap,1,24,213.308,658.308,871.616,572,38,871.616,1033.849
scout_generation,1,24,871616
scout_gap,1,25,214.531,657.214,871.745,572,38,871.745,1046.989
scout_generation,1,25,871745
scout_gap,1,26,212.660,659.118,871.778,572,38,871.778,993.079
scout_generation,1,26,871778
scout_gap,1,27,213.275,658.645,871.920,572,38,871.920,1018.334
scout_generation,1,27,871920
scout_gap,1,28,212.638,659.137,871.775,572,38,871.775,1047.500
scout_generation,1,28,871775
scout_gap,1,29,213.775,658.106,871.881,572,38,871.881,994.273
scout_generation,1,29,871881
scout_gap,1,30,214.469,657.391,871.860,572,38,871.860,988.201
scout_generation,1,30,871860
scout_gap,1,31,214.425,657.545,871.970,572,38,871.970,1014.548
scout_generation,1,31,871970
scout_gap,1,32,214.639,657.373,872.012,572,38,872.012,1000.126
scout_generation,1,32,872012
scout_gap,1,33,214.051,658.018,872.069,572,38,872.069,1050.515
scout_generation,1,33,872069
scout_gap,1,34,215.165,656.810,871.975,572,38,871.975,988.769
scout_generation,1,34,871975
scout_gap,1,35,214.415,657.775,872.190,572,38,872.190,963.377
scout_generation,1,35,872190
scout_gap,1,36,214.818,657.469,872.287,572,38,872.287,1030.787
scout_generation,1,36,872287
scout_gap,1,37,214.384,658.030,872.414,572,38,872.414,1000.589
scout_generation,1,37,872414
scout_gap,1,38,213.190,659.067,872.257,572,38,872.257,964.851
scout_generation,1,38,872257
scout_gap,1,39,213.033,659.130,872.163,572,38,872.163,989.516
scout_generation,1,39,872163
scout_gap,1,40,213.530,657.672,871.202,572,38,871.202,1037.373
scout_generation,1,40,871202
scout_gap,1,41,268.861,656.870,925.731,572,38,925.731,1021.882
scout_generation,1,41,925731
scout_gap,1,42,265.941,658.990,924.931,572,38,924.931,1023.105
scout_generation,1,42,924931
scout_gap,1,43,256.980,658.641,915.621,572,38,915.621,1014.712
scout_generation,1,43,915621
scout_gap,1,44,267.330,658.907,926.237,572,38,926.237,986.055
scout_generation,1,44,926237
scout_gap,1,45,260.087,658.673,918.760,572,38,918.760,992.897
scout_generation,1,45,918760
scout_gap,1,46,269.607,658.357,927.964,572,38,927.964,967.848
scout_generation,1,46,927964
scout_gap,1,47,275.083,658.014,933.097,572,38,933.097,1012.131
scout_generation,1,47,933097
scout_gap,1,48,278.287,656.514,934.801,572,38,934.801,1002.692
scout_generation,1,48,934801
scout_gap,1,49,280.513,656.766,937.279,572,38,937.279,992.502
scout_generation,1,49,937279
scout_gap,1,50,280.957,658.009,938.966,572,38,938.966,1009.242
scout_generation,1,50,938966
scout_gap,1,51,253.110,659.490,912.600,572,38,912.600,975.886
scout_generation,1,51,912600
scout_gap,1,52,260.908,658.439,919.347,572,38,919.347,998.918
scout_generation,1,52,919347
scout_gap,1,53,254.969,658.336,913.305,572,38,913.305,976.371
scout_generation,1,53,913305
scout_gap,1,54,261.939,658.344,920.283,572,38,920.283,971.542
scout_generation,1,54,920283
scout_gap,1,55,267.045,659.271,926.316,572,38,926.316,1000.065
scout_generation,1,55,926316
scout_gap,1,56,264.801,659.109,923.910,572,38,923.910,973.172
scout_generation,1,56,923910
scout_gap,1,57,268.999,657.625,926.624,572,38,926.624,989.512
scout_generation,1,57,926624
scout_gap,1,58,266.326,657.157,923.483,572,38,923.483,1009.184
scout_generation,1,58,923483
scout_gap,1,59,260.880,658.415,919.295,572,38,919.295,975.017
scout_generation,1,59,919295
scout_gap,1,60,259.563,656.715,916.278,572,38,916.278,979.665
scout_generation,1,60,916278
scout_gap,1,61,262.894,658.915,921.809,572,38,921.809,995.900
scout_generation,1,61,921809
scout_gap,1,62,264.310,659.225,923.535,572,38,923.535,983.863
scout_generation,1,62,923535
scout_gap,1,63,270.651,658.277,928.928,572,38,928.928,963.574
scout_generation,1,63,928928
scout_gap,1,64,271.882,659.520,931.402,572,38,931.402,989.622
scout_generation,1,64,931402
scout_gap,1,65,269.343,656.524,925.867,572,38,925.867,976.485
scout_generation,1,65,925867
scout_gap,1,66,331.830,657.419,989.249,572,38,989.249,1039.436
scout_generation,1,66,989249
scout_gap,1,67,360.285,659.465,1019.750,572,38,1019.750,1042.785
scout_generation,1,67,1019750
scout_gap,1,68,352.565,658.111,1010.676,572,38,1010.676,1043.960
scout_generation,1,68,1010676
scout_gap,1,69,285.175,657.084,942.259,572,38,942.259,995.976
scout_generation,1,69,942259
scout_gap,1,70,281.717,658.090,939.807,572,38,939.807,986.995
scout_generation,1,70,939807
scout_gap,1,71,300.765,659.543,960.308,572,38,960.308,1014.852
scout_generation,1,71,960308
scout_gap,1,72,294.172,658.245,952.417,572,38,952.417,1051.481
scout_generation,1,72,952417
scout_gap,1,73,291.932,658.119,950.051,572,38,950.051,1019.780
scout_generation,1,73,950051
scout_gap,1,74,297.145,658.160,955.305,572,38,955.305,1035.976
scout_generation,1,74,955305
scout_gap,1,75,340.740,657.156,997.896,572,38,997.896,1052.851
scout_generation,1,75,997896
scout_gap,1,76,316.137,658.453,974.590,572,38,974.590,983.701
scout_generation,1,76,974590
scout_gap,1,77,285.325,656.541,941.866,572,38,941.866,981.097
scout_generation,1,77,941866
scout_gap,1,78,325.299,656.937,982.236,572,38,982.236,1015.996
scout_generation,1,78,982236
scout_gap,1,79,286.965,658.661,945.626,572,38,945.626,1010.587
scout_generation,1,79,945626
scout_gap,1,80,328.603,656.665,985.268,572,38,985.268,1015.222
scout_generation,1,80,985268
scout_gap,1,81,359.908,657.979,1017.887,572,38,1017.887,1023.073
scout_generation,1,81,1017887
scout_gap,1,82,374.133,658.697,1032.830,572,38,1032.830,1050.168
scout_generation,1,82,1032830
scout_gap,1,83,349.209,656.632,1005.841,572,38,1005.841,1025.581
scout_generation,1,83,1005841
scout_gap,1,84,344.260,657.574,1001.834,572,38,1001.834,1018.563
scout_generation,1,84,1001834
scout_gap,1,85,357.198,657.585,1014.783,572,38,1014.783,1028.210
scout_generation,1,85,1014783
scout_gap,1,86,367.171,659.305,1026.476,572,38,1026.476,1037.286
scout_generation,1,86,1026476
scout_gap,1,87,267.727,656.729,924.456,572,38,924.456,983.742
scout_generation,1,87,924456
scout_gap,1,88,283.468,657.441,940.909,572,38,940.909,1000.810
scout_generation,1,88,940909
scout_gap,1,89,295.160,657.488,952.648,572,38,952.648,1011.916
scout_generation,1,89,952648
scout_gap,1,90,289.771,657.975,947.746,572,38,947.746,1025.697
scout_generation,1,90,947746
scout_gap,1,91,309.355,658.925,968.280,572,38,968.280,1033.146
scout_generation,1,91,968280
scout_gap,1,92,299.507,658.118,957.625,572,38,957.625,984.819
scout_generation,1,92,957625
scout_gap,1,93,265.452,658.253,923.705,572,38,923.705,965.065
scout_generation,1,93,923705
scout_gap,1,94,269.888,657.781,927.669,572,38,927.669,979.572
scout_generation,1,94,927669
scout_gap,1,95,277.499,656.908,934.407,572,38,934.407,976.438
scout_generation,1,95,934407
scout_gap,1,96,366.274,657.649,1023.923,572,38,1023.923,1043.520
scout_generation,1,96,1023923
scout_gap,1,97,282.558,658.935,941.493,572,38,941.493,968.170
scout_generation,1,97,941493
scout_gap,1,98,273.646,659.533,933.179,572,38,933.179,1023.611
scout_generation,1,98,933179
scout_gap,1,99,276.819,657.250,934.069,572,38,934.069,994.489
scout_generation,1,99,934069
scout_gap,1,100,278.233,656.532,934.765,572,38,934.765,997.188
scout_generation,1,100,934765
scout_gap,1,101,283.663,656.952,940.615,572,38,940.615,993.864
scout_generation,1,101,940615
scout_gap,1,102,300.577,656.860,957.437,572,38,957.437,982.815
scout_generation,1,102,957437
scout_gap,1,103,296.386,657.743,954.129,572,38,954.129,1044.037
scout_generation,1,103,954129
scout_gap,1,104,296.790,657.377,954.167,572,38,954.167,1044.060
scout_generation,1,104,954167
scout_gap,1,105,282.820,658.219,941.039,572,38,941.039,1007.256
scout_generation,1,105,941039
scout_gap,1,106,314.164,659.629,973.793,572,38,973.793,1006.566
scout_generation,1,106,973793
scout_gap,1,107,324.983,658.649,983.632,572,38,983.632,1001.621
scout_generation,1,107,983632
scout_gap,1,108,336.721,658.421,995.142,572,38,995.142,1006.417
scout_generation,1,108,995142
scout_gap,1,109,341.536,658.363,999.899,572,38,999.899,1013.692
scout_generation,1,109,999899
scout_gap,1,110,348.865,659.540,1008.405,572,38,1008.405,1021.267
scout_generation,1,110,1008405
scout_gap,1,111,357.579,659.474,1017.053,572,38,1017.053,1036.480
scout_generation,1,111,1017053
scout_gap,1,112,377.345,656.582,1033.927,572,38,1033.927,1049.114
scout_generation,1,112,1033927
scout_gap,1,113,284.628,657.532,942.160,572,38,942.160,992.356
scout_generation,1,113,942160
scout_gap,1,114,260.477,656.581,917.058,572,38,917.058,1028.241
scout_generation,1,114,917058
scout_gap,1,115,305.112,657.149,962.261,572,38,962.261,1029.692
scout_generation,1,115,962261
scout_gap,1,116,295.389,657.738,953.127,572,38,953.127,1026.607
scout_generation,1,116,953127
scout_gap,1,117,286.328,657.106,943.434,572,38,943.434,963.210
scout_generation,1,117,943434
scout_gap,1,118,288.708,658.593,947.301,572,38,947.301,1015.168
scout_generation,1,118,947301
scout_gap,1,119,295.371,656.975,952.346,572,38,952.346,1026.658
scout_generation,1,119,952346
scout_gap,1,120,274.426,659.001,933.427,572,38,933.427,982.527
scout_generation,1,120,933427
scout_gap,1,121,284.273,658.387,942.660,572,38,942.660,996.668
scout_generation,1,121,942660
scout_gap,1,122,296.173,658.803,954.976,572,38,954.976,1027.459
scout_generation,1,122,954976
scout_gap,1,123,313.922,659.031,972.953,572,38,972.953,999.527
scout_generation,1,123,972953
scout_gap,1,124,319.973,656.460,976.433,572,38,976.433,992.897
scout_generation,1,124,976433
scout_gap,1,125,340.380,656.637,997.017,572,38,997.017,1038.391
scout_generation,1,125,997017
scout_gap,1,126,327.498,656.958,984.456,572,38,984.456,1007.515
scout_generation,1,126,984456
scout_gap,1,127,341.797,658.964,1000.761,572,38,1000.761,1006.974
scout_generation,1,127,1000761
scout_gap,1,128,280.121,659.168,939.289,572,38,939.289,999.680
scout_generation,1,128,939289
scout_gap,1,129,349.831,657.719,1007.550,572,38,1007.550,1025.021
scout_generation,1,129,1007550
scout_gap,1,130,358.042,658.186,1016.228,572,38,1016.228,1029.772
scout_generation,1,130,1016228
scout_gap,1,131,370.707,658.796,1029.503,572,38,1029.503,1046.363
scout_generation,1,131,1029503
scout_gap,1,132,275.599,657.304,932.903,572,38,932.903,1002.901
scout_generation,1,132,932903
scout_gap,1,133,338.208,656.500,994.708,572,38,994.708,1006.118
scout_generation,1,133,994708
scout_gap,1,134,295.902,657.142,953.044,572,38,953.044,1020.541
scout_generation,1,134,953044
scout_gap,1,135,277.742,657.885,935.627,572,38,935.627,971.901
scout_generation,1,135,935627
scout_gap,1,136,361.770,659.003,1020.773,572,38,1020.773,1049.267
scout_generation,1,136,1020773
scout_gap,1,137,283.093,658.333,941.426,572,38,941.426,963.814
scout_generation,1,137,941426
scout_gap,1,138,292.535,659.074,951.609,572,38,951.609,1013.123
scout_generation,1,138,951609
scout_gap,1,139,292.571,658.291,950.862,572,38,950.862,1026.987
scout_generation,1,139,950862
scout_gap,1,140,283.529,656.703,940.232,572,38,940.232,982.631
scout_generation,1,140,940232
scout_gap,1,141,257.920,658.758,916.678,572,38,916.678,1026.514
scout_generation,1,141,916678
scout_gap,1,142,313.474,658.647,972.121,572,38,972.121,991.233
scout_generation,1,142,972121
scout_gap,1,143,295.455,657.890,953.345,572,38,953.345,1033.433
scout_generation,1,143,953345
scout_gap,1,144,290.772,658.693,949.465,572,38,949.465,1013.496
scout_generation,1,144,949465
scout_gap,1,145,318.141,657.303,975.444,572,38,975.444,986.062
scout_generation,1,145,975444
scout_gap,1,146,275.722,659.010,934.732,572,38,934.732,988.074
scout_generation,1,146,934732
scout_gap,1,147,318.958,657.448,976.406,572,38,976.406,988.578
scout_generation,1,147,976406
scout_gap,1,148,313.238,658.363,971.601,572,38,971.601,996.864
scout_generation,1,148,971601
scout_gap,1,149,277.570,659.298,936.868,572,38,936.868,997.497
scout_generation,1,149,936868
scout_gap,1,150,291.573,657.066,948.639,572,38,948.639,1002.066
scout_generation,1,150,948639
scout_gap,1,151,314.627,658.596,973.223,572,38,973.223,1005.367
scout_generation,1,151,973223
scout_gap,1,152,307.955,657.163,965.118,572,38,965.118,1036.520
scout_generation,1,152,965118
scout_gap,1,153,317.600,658.867,976.467,572,38,976.467,997.232
scout_generation,1,153,976467
scout_gap,1,154,286.206,657.295,943.501,572,38,943.501,968.361
scout_generation,1,154,943501
scout_gap,1,155,293.992,658.161,952.153,572,38,952.153,1020.514
scout_generation,1,155,952153
scout_gap,1,156,296.595,657.034,953.629,572,38,953.629,1038.830
scout_generation,1,156,953629
scout_gap,1,157,303.819,657.978,961.797,572,38,961.797,1027.149
scout_generation,1,157,961797
scout_gap,1,158,269.888,656.786,926.674,572,38,926.674,1039.449
scout_generation,1,158,926674
scout_gap,1,159,278.644,659.575,938.219,572,38,938.219,973.799
scout_generation,1,159,938219
scout_gap,1,160,284.850,659.334,944.184,572,38,944.184,992.762
scout_generation,1,160,944184
scout_gap,1,161,270.701,657.090,927.791,572,38,927.791,1026.681
scout_generation,1,161,927791
scout_gap,1,162,281.589,659.125,940.714,572,38,940.714,998.546
scout_generation,1,162,940714
scout_gap,1,163,270.203,658.497,928.700,572,38,928.700,1036.337
scout_generation,1,163,928700
scout_gap,1,164,314.519,659.438,973.957,572,38,973.957,1009.998
scout_generation,1,164,973957
scout_gap,1,165,318.867,658.281,977.148,572,38,977.148,1007.151
scout_generation,1,165,977148
scout_gap,1,166,322.354,658.021,980.375,572,38,980.375,1007.376
scout_generation,1,166,980375
scout_gap,1,167,214.437,657.001,871.438,572,38,871.438,1001.921
scout_generation,1,167,871438
scout_gap,1,168,212.095,659.316,871.411,572,38,871.411,985.593
scout_generation,1,168,871411
scout_gap,1,169,213.580,657.778,871.358,572,38,871.358,1002.192
scout_generation,1,169,871358
scout_gap,1,170,213.724,657.676,871.400,572,38,871.400,970.774
scout_generation,1,170,871400
scout_gap,1,171,212.841,658.448,871.289,572,38,871.289,1038.327
scout_generation,1,171,871289
scout_gap,1,172,274.100,656.610,930.710,572,38,930.710,1021.111
scout_generation,1,172,930710
scout_gap,1,173,332.298,657.261,989.559,572,38,989.559,1043.803
scout_generation,1,173,989559
scout_gap,1,174,213.364,658.087,871.451,572,38,871.451,971.574
scout_generation,1,174,871451
scout_gap,1,175,214.163,657.398,871.561,572,38,871.561,988.445
scout_generation,1,175,871561
scout_gap,1,176,212.677,659.020,871.697,572,38,871.697,1007.087
scout_generation,1,176,871697
scout_gap,1,177,212.448,659.200,871.648,572,38,871.648,1026.280
scout_generation,1,177,871648
scout_gap,1,178,214.461,657.269,871.730,572,38,871.730,994.230
scout_generation,1,178,871730
scout_gap,1,179,212.309,659.498,871.807,572,38,871.807,1053.240
scout_generation,1,179,871807
scout_gap,1,180,214.803,657.054,871.857,572,38,871.857,1003.128
scout_generation,1,180,871857
scout_gap,1,181,214.577,657.312,871.889,572,38,871.889,1002.142
scout_generation,1,181,871889
scout_gap,1,182,213.388,658.582,871.970,572,38,871.970,1052.138
scout_generation,1,182,871970
scout_gap,1,183,215.430,656.602,872.032,572,38,872.032,997.228
scout_generation,1,183,872032
scout_gap,1,184,213.357,658.041,871.398,572,38,871.398,1051.551
scout_generation,1,184,871398
scout_gap,1,185,214.248,657.003,871.251,572,38,871.251,1005.560
scout_generation,1,185,871251
scout_gap,1,186,215.050,657.212,872.262,572,38,872.262,1049.736
scout_generation,1,186,872262
scout_gap,1,187,213.405,658.655,872.060,572,38,872.060,1009.460
scout_generation,1,187,872060
scout_gap,1,188,213.533,657.769,871.302,572,38,871.302,963.677
scout_generation,1,188,871302
scout_gap,1,189,211.927,659.381,871.308,572,38,871.308,1051.288
scout_generation,1,189,871308
scout_gap,1,190,212.971,658.529,871.500,572,38,871.500,965.322
scout_generation,1,190,871500
scout_gap,1,191,212.487,659.348,871.835,572,38,871.835,1026.978
scout_generation,1,191,871835
scout_gap,1,192,212.994,658.456,871.450,572,38,871.450,991.087
scout_generation,1,192,871450
scout_gap,1,193,215.055,656.545,871.600,572,38,871.600,1040.920
scout_generation,1,193,871600
scout_gap,1,194,212.998,658.464,871.462,572,38,871.462,981.419
scout_generation,1,194,871462
scout_gap,1,195,214.332,657.369,871.701,572,38,871.701,1023.693
scout_generation,1,195,871701
scout_gap,1,196,213.394,658.156,871.550,572,38,871.550,1008.080
scout_generation,1,196,871550
scout_gap,1,197,212.613,659.186,871.799,572,38,871.799,1053.155
scout_generation,1,197,871799
scout_gap,1,198,212.566,659.359,871.925,572,38,871.925,1041.494
scout_generation,1,198,871925
scout_gap,1,199,212.733,659.124,871.857,572,38,871.857,1041.631
scout_generation,1,199,871857
scout_gap,1,200,214.223,657.617,871.840,572,38,871.840,1041.032
scout_generation,1,200,871840
scout_gap,1,201,212.485,659.591,872.076,572,38,872.076,1011.361
scout_generation,1,201,872076
scout_gap,1,202,213.153,658.836,871.989,572,38,871.989,988.574
scout_generation,1,202,871989
scout_gap,1,203,214.495,657.504,871.999,572,38,871.999,1053.112
scout_generation,1,203,871999
scout_gap,1,204,215.582,656.489,872.071,572,38,872.071,1054.646
scout_generation,1,204,872071
scout_gap,1,205,214.563,657.725,872.288,572,38,872.288,965.581
scout_generation,1,205,872288
scout_gap,1,206,215.472,656.703,872.175,572,38,872.175,1046.749
scout_generation,1,206,872175
scout_gap,1,207,214.122,658.128,872.250,572,38,872.250,1053.551
scout_generation,1,207,872250
scout_gap,1,208,214.631,657.576,872.207,572,38,872.207,1010.867
scout_generation,1,208,872207
scout_gap,1,209,215.215,657.144,872.359,572,38,872.359,1047.489
scout_generation,1,209,872359
scout_gap,1,210,213.029,659.434,872.463,572,38,872.463,991.403
scout_generation,1,210,872463
scout_gap,1,211,212.869,659.648,872.517,572,38,872.517,1051.565
scout_generation,1,211,872517
scout_gap,1,212,214.400,657.974,872.374,572,38,872.374,1043.670
scout_generation,1,212,872374
scout_gap,1,213,214.221,658.491,872.712,572,38,872.712,1053.527
scout_generation,1,213,872712
scout_gap,1,214,213.634,658.931,872.565,572,38,872.565,1005.706
scout_generation,1,214,872565
scout_gap,1,215,216.099,656.475,872.574,572,38,872.574,1024.396
scout_generation,1,215,872574
scout_gap,1,216,213.971,659.325,873.296,572,38,873.296,984.196
scout_generation,1,216,873296
scout_gap,1,217,214.734,657.820,872.554,572,38,872.554,1046.271
scout_generation,1,217,872554
scout_gap,1,218,216.434,656.651,873.085,572,38,873.085,1048.537
scout_generation,1,218,873085
scout_gap,1,219,214.896,658.173,873.069,572,38,873.069,1052.443
scout_generation,1,219,873069
scout_gap,1,220,214.195,658.682,872.877,572,38,872.877,1006.848
scout_generation,1,220,872877
scout_gap,1,221,216.157,657.754,873.911,572,38,873.911,1014.090
scout_generation,1,221,873911
scout_gap,1,222,216.407,656.538,872.945,572,38,872.945,985.577
scout_generation,1,222,872945
scout_gap,1,223,217.291,657.056,874.347,572,38,874.347,997.937
scout_generation,1,223,874347
scout_gap,1,224,215.447,658.198,873.645,572,38,873.645,1032.758
scout_generation,1,224,873645
scout_gap,1,225,215.785,657.663,873.448,572,38,873.448,1031.382
scout_generation,1,225,873448
scout_gap,1,226,215.956,657.694,873.650,572,38,873.650,1033.933
scout_generation,1,226,873650
scout_gap,1,227,216.241,657.284,873.525,572,38,873.525,1031.128
scout_generation,1,227,873525
scout_gap,1,228,216.462,657.768,874.230,572,38,874.230,1025.956
scout_generation,1,228,874230
scout_gap,1,229,216.982,657.949,874.931,572,38,874.931,999.147
scout_generation,1,229,874931
scout_gap,1,230,213.842,659.565,873.407,572,38,873.407,1051.298
scout_generation,1,230,873407
scout_gap,1,231,216.759,656.592,873.351,572,38,873.351,1028.338
scout_generation,1,231,873351
scout_gap,1,232,217.583,656.755,874.338,572,38,874.338,978.865
scout_generation,1,232,874338
scout_gap,1,233,212.371,658.934,871.305,572,38,871.305,1041.036
scout_generation,1,233,871305
scout_gap,1,234,213.075,658.226,871.301,572,38,871.301,1045.352
scout_generation,1,234,871301
scout_gap,1,235,212.585,658.877,871.462,572,38,871.462,1022.069
scout_generation,1,235,871462
scout_gap,1,236,214.649,656.843,871.492,572,38,871.492,1026.586
scout_generation,1,236,871492
scout_gap,1,237,212.657,658.993,871.650,572,38,871.650,1043.387
scout_generation,1,237,871650
scout_gap,1,238,214.603,656.994,871.597,572,38,871.597,970.359
scout_generation,1,238,871597
scout_gap,1,239,212.792,658.841,871.633,572,38,871.633,1034.825
scout_generation,1,239,871633
scout_gap,1,240,213.825,657.967,871.792,572,38,871.792,969.324
scout_generation,1,240,871792
scout_gap,1,241,214.378,657.511,871.889,572,38,871.889,1051.307
scout_generation,1,241,871889
scout_gap,1,242,214.001,657.679,871.680,572,38,871.680,1044.726
scout_generation,1,242,871680
scout_gap,1,243,215.330,656.475,871.805,572,38,871.805,984.027
scout_generation,1,243,871805
scout_gap,1,244,214.493,657.384,871.877,572,38,871.877,1047.575
scout_generation,1,244,871877
scout_gap,1,245,214.880,656.995,871.875,572,38,871.875,1044.731
scout_generation,1,245,871875
scout_gap,1,246,214.394,657.596,871.990,572,38,871.990,1022.932
scout_generation,1,246,871990
scout_gap,1,247,215.503,656.514,872.017,572,38,872.017,1006.938
scout_generation,1,247,872017
scout_gap,1,248,212.958,659.218,872.176,572,38,872.176,1018.666
scout_generation,1,248,872176
scout_gap,1,249,213.485,658.616,872.101,572,38,872.101,973.473
scout_generation,1,249,872101
scout_gap,1,250,213.016,659.173,872.189,572,38,872.189,972.181
scout_generation,1,250,872189
scout_gap,1,251,215.508,656.684,872.192,572,38,872.192,977.849
scout_generation,1,251,872192
scout_gap,1,252,213.130,659.023,872.153,572,38,872.153,992.963
scout_generation,1,252,872153
scout_gap,1,253,214.568,657.797,872.365,572,38,872.365,1005.039
scout_generation,1,253,872365
scout_gap,1,254,212.862,659.611,872.473,572,38,872.473,1020.157
scout_generation,1,254,872473
scout_gap,1,255,212.927,659.388,872.315,572,38,872.315,1014.800
scout_generation,1,255,872315
scout_gap,1,256,214.546,658.140,872.686,572,38,872.686,1044.421
scout_generation,1,256,872686
scout_gap,1,257,214.432,658.392,872.824,572,38,872.824,964.856
scout_generation,1,257,872824
scout_gap,1,258,213.831,659.030,872.861,572,38,872.861,1042.741
scout_generation,1,258,872861
scout_gap,1,259,214.093,659.135,873.228,572,38,873.228,1053.161
scout_generation,1,259,873228
scout_gap,1,260,213.966,659.302,873.268,572,38,873.268,1025.095
scout_generation,1,260,873268
scout_gap,1,261,215.902,657.257,873.159,572,38,873.159,1022.537
scout_generation,1,261,873159
scout_gap,1,262,215.402,657.305,872.707,572,38,872.707,1029.063
scout_generation,1,262,872707
scout_gap,1,263,215.771,657.661,873.432,572,38,873.432,1050.385
scout_generation,1,263,873432
scout_gap,1,264,217.531,656.674,874.205,572,38,874.205,1054.021
scout_generation,1,264,874205
scout_gap,1,265,216.572,658.240,874.812,572,38,874.812,973.910
scout_generation,1,265,874812
scout_gap,1,266,218.435,656.477,874.912,572,38,874.912,1004.647
scout_generation,1,266,874912
scout_gap,1,267,215.493,659.612,875.105,572,38,875.105,1032.435
scout_generation,1,267,875105
scout_gap,1,268,215.406,659.308,874.714,572,38,874.714,1013.314
scout_generation,1,268,874714
scout_gap,1,269,215.901,658.004,873.905,572,38,873.905,1051.909
scout_generation,1,269,873905
scout_gap,1,270,214.357,659.560,873.917,572,38,873.917,974.398
scout_generation,1,270,873917
scout_gap,1,271,214.526,658.848,873.374,572,38,873.374,1046.410
scout_generation,1,271,873374
scout_gap,1,272,215.965,657.435,873.400,572,38,873.400,995.742
scout_generation,1,272,873400
scout_gap,1,273,216.153,657.514,873.667,572,38,873.667,1053.182
scout_generation,1,273,873667
scout_gap,1,274,217.530,657.551,875.081,572,38,875.081,968.226
scout_generation,1,274,875081
scout_gap,1,275,215.014,659.468,874.482,572,38,874.482,1042.570
scout_generation,1,275,874482
scout_gap,1,276,215.362,659.098,874.460,572,38,874.460,1050.483
scout_generation,1,276,874460
scout_gap,1,277,219.692,657.209,876.901,572,38,876.901,1025.514
scout_generation,1,277,876901
scout_gap,1,278,219.510,657.191,876.701,572,38,876.701,1022.293
scout_generation,1,278,876701
scout_gap,1,279,216.811,657.754,874.565,572,38,874.565,970.321
scout_generation,1,279,874565
scout_gap,1,280,219.107,656.808,875.915,572,38,875.915,1002.503
scout_generation,1,280,875915
scout_gap,1,281,218.634,657.669,876.303,572,38,876.303,1032.116
scout_generation,1,281,876303
scout_gap,1,282,216.477,659.392,875.869,572,38,875.869,1015.656
scout_generation,1,282,875869
scout_gap,1,283,218.356,657.619,875.975,572,38,875.975,1044.976
scout_generation,1,283,875975
scout_gap,1,284,225.681,656.442,882.123,572,38,882.123,1009.964
scout_generation,1,284,882123
scout_gap,1,285,225.944,659.337,885.281,572,38,885.281,981.356
scout_generation,1,285,885281
scout_gap,1,286,219.777,659.013,878.790,572,38,878.790,1001.305
scout_generation,1,286,878790
scout_gap,1,287,217.440,658.375,875.815,572,38,875.815,1001.869
scout_generation,1,287,875815
scout_gap,1,288,217.780,657.827,875.607,572,38,875.607,1020.624
scout_generation,1,288,875607
scout_gap,1,289,224.992,658.669,883.661,572,38,883.661,1029.013
scout_generation,1,289,883661
scout_gap,1,290,212.871,658.489,871.360,572,38,871.360,1049.558
scout_generation,1,290,871360
scout_gap,1,291,214.571,656.756,871.327,572,38,871.327,1019.027
scout_generation,1,291,871327
scout_gap,1,292,212.623,658.887,871.510,572,38,871.510,974.218
scout_generation,1,292,871510
scout_gap,1,293,211.895,659.629,871.524,572,38,871.524,982.239
scout_generation,1,293,871524
scout_gap,1,294,214.087,657.375,871.462,572,38,871.462,1000.419
scout_generation,1,294,871462
scout_gap,1,295,212.886,658.664,871.550,572,38,871.550,975.611
scout_generation,1,295,871550
scout_gap,1,296,213.843,657.756,871.599,572,38,871.599,1050.770
scout_generation,1,296,871599
scout_gap,1,297,213.129,658.421,871.550,572,38,871.550,1008.419
scout_generation,1,297,871550
scout_gap,1,298,212.870,658.848,871.718,572,38,871.718,1037.068
scout_generation,1,298,871718
scout_gap,1,299,213.667,658.055,871.722,572,38,871.722,1041.853
scout_generation,1,299,871722
scout_gap,1,300,215.039,656.903,871.942,572,38,871.942,1049.647
scout_generation,1,300,871942
scout_gap,1,301,212.969,658.944,871.913,572,38,871.913,1031.946
scout_generation,1,301,871913
scout_gap,1,302,213.625,658.301,871.926,572,38,871.926,1039.576
scout_generation,1,302,871926
scout_gap,1,303,222.066,659.586,881.652,572,38,881.652,1015.713
scout_generation,1,303,881652
scout_gap,1,304,221.118,657.474,878.592,572,38,878.592,991.414
scout_generation,1,304,878592
scout_gap,1,305,220.585,657.520,878.105,572,38,878.105,969.694
scout_generation,1,305,878105
scout_gap,1,306,219.214,657.861,877.075,572,38,877.075,975.529
scout_generation,1,306,877075
scout_gap,1,307,224.997,657.247,882.244,572,38,882.244,1016.245
scout_generation,1,307,882244
scout_gap,1,308,243.009,657.473,900.482,572,38,900.482,962.519
scout_generation,1,308,900482
scout_gap,1,309,238.468,658.805,897.273,572,38,897.273,987.725
scout_generation,1,309,897273
scout_gap,1,310,240.340,656.670,897.010,572,38,897.010,1017.027
scout_generation,1,310,897010
scout_gap,1,311,233.852,658.410,892.262,572,38,892.262,963.185
scout_generation,1,311,892262
scout_gap,1,312,221.693,657.168,878.861,572,38,878.861,989.511
scout_generation,1,312,878861
scout_gap,1,313,223.890,658.718,882.608,572,38,882.608,1007.407
scout_generation,1,313,882608
scout_gap,1,314,223.339,659.089,882.428,572,38,882.428,986.736
scout_generation,1,314,882428
scout_gap,1,315,222.781,659.082,881.863,572,38,881.863,1024.106
scout_generation,1,315,881863
scout_gap,1,316,219.574,657.965,877.539,572,38,877.539,1014.854
scout_generation,1,316,877539
scout_gap,1,317,219.354,656.544,875.898,572,38,875.898,1006.440
scout_generation,1,317,875898
scout_gap,1,318,214.250,657.581,871.831,572,38,871.831,1023.340
scout_generation,1,318,871831
scout_gap,1,319,240.612,657.562,898.174,572,38,898.174,1020.827
scout_generation,1,319,898174
scout_gap,1,320,236.270,658.345,894.615,572,38,894.615,1027.457
scout_generation,1,320,894615
scout_gap,1,321,240.791,656.872,897.663,572,38,897.663,1013.796
scout_generation,1,321,897663
scout_gap,1,322,222.914,657.467,880.381,572,38,880.381,1000.496
scout_generation,1,322,880381
scout_gap,1,323,225.055,657.492,882.547,572,38,882.547,977.387
scout_generation,1,323,882547
scout_gap,1,324,222.048,656.879,878.927,572,38,878.927,1022.848
scout_generation,1,324,878927
scout_gap,1,325,222.069,657.547,879.616,572,38,879.616,1019.212
scout_generation,1,325,879616
scout_gap,1,326,225.317,657.908,883.225,572,38,883.225,969.753
scout_generation,1,326,883225
scout_gap,1,327,224.413,659.428,883.841,572,38,883.841,981.023
scout_generation,1,327,883841
scout_gap,1,328,236.731,657.326,894.057,572,38,894.057,987.056
scout_generation,1,328,894057
scout_gap,1,329,249.762,659.176,908.938,572,38,908.938,1017.094
scout_generation,1,329,908938
scout_gap,1,330,245.492,657.274,902.766,572,38,902.766,1009.871
scout_generation,1,330,902766
scout_gap,1,331,254.360,659.605,913.965,572,38,913.965,965.821
scout_generation,1,331,913965
scout_gap,1,332,241.837,658.762,900.599,572,38,900.599,968.843
scout_generation,1,332,900599
scout_gap,1,333,253.151,656.716,909.867,572,38,909.867,1019.414
scout_generation,1,333,909867
scout_gap,1,334,247.265,657.288,904.553,572,38,904.553,1008.488
scout_generation,1,334,904553
scout_gap,1,335,242.491,657.381,899.872,572,38,899.872,969.962
scout_generation,1,335,899872
scout_gap,1,336,251.977,656.883,908.860,572,38,908.860,991.346
scout_generation,1,336,908860
scout_gap,1,337,244.204,657.032,901.236,572,38,901.236,969.240
scout_generation,1,337,901236
scout_gap,1,338,249.296,657.812,907.108,572,38,907.108,983.259
scout_generation,1,338,907108
scout_gap,1,339,244.576,658.550,903.126,572,38,903.126,1007.524
scout_generation,1,339,903126
scout_gap,1,340,212.829,658.559,871.388,572,38,871.388,1051.511
scout_generation,1,340,871388
scout_gap,1,341,212.712,658.801,871.513,572,38,871.513,1009.113
scout_generation,1,341,871513
scout_gap,1,342,213.521,657.922,871.443,572,38,871.443,1034.266
scout_generation,1,342,871443
scout_gap,1,343,214.386,657.174,871.560,572,38,871.560,1018.565
scout_generation,1,343,871560
scout_gap,1,344,214.796,656.774,871.570,572,38,871.570,1035.028
scout_generation,1,344,871570
scout_gap,1,345,215.173,656.545,871.718,572,38,871.718,1028.020
scout_generation,1,345,871718
scout_gap,1,346,212.963,658.799,871.762,572,38,871.762,1048.405
scout_generation,1,346,871762
scout_gap,1,347,215.232,656.576,871.808,572,38,871.808,971.657
scout_generation,1,347,871808
scout_gap,1,348,214.786,657.132,871.918,572,38,871.918,979.081
scout_generation,1,348,871918
scout_gap,1,349,213.118,658.726,871.844,572,38,871.844,1020.778
scout_generation,1,349,871844
scout_gap,1,350,214.206,657.735,871.941,572,38,871.941,1026.022
scout_generation,1,350,871941
scout_gap,1,351,215.037,656.908,871.945,572,38,871.945,1029.414
scout_generation,1,351,871945
scout_gap,1,352,212.494,659.483,871.977,572,38,871.977,1041.376
scout_generation,1,352,871977
scout_gap,1,353,214.674,657.366,872.040,572,38,872.040,1015.345
scout_generation,1,353,872040
scout_gap,1,354,214.721,657.308,872.029,572,38,872.029,971.741
scout_generation,1,354,872029
scout_gap,1,355,212.936,659.121,872.057,572,38,872.057,979.415
scout_generation,1,355,872057
scout_gap,1,356,212.948,659.233,872.181,572,38,872.181,1004.763
scout_generation,1,356,872181
scout_gap,1,357,215.114,657.391,872.505,572,38,872.505,1004.960
scout_generation,1,357,872505
scout_gap,1,358,214.675,657.537,872.212,572,38,872.212,987.994
scout_generation,1,358,872212
scout_gap,1,359,215.411,657.042,872.453,572,38,872.453,979.654
scout_generation,1,359,872453
scout_gap,1,360,215.733,656.801,872.534,572,38,872.534,1044.778
scout_generation,1,360,872534
scout_gap,1,361,213.534,658.804,872.338,572,38,872.338,1045.125
scout_generation,1,361,872338
scout_gap,1,362,215.187,657.572,872.759,572,38,872.759,997.798
scout_generation,1,362,872759
scout_gap,1,363,213.975,658.842,872.817,572,38,872.817,1043.742
scout_generation,1,363,872817
scout_gap,1,364,215.345,657.302,872.647,572,38,872.647,1048.300
scout_generation,1,364,872647
scout_gap,1,365,214.992,657.587,872.579,572,38,872.579,998.632
scout_generation,1,365,872579
scout_gap,1,366,214.143,658.963,873.106,572,38,873.106,1014.154
scout_generation,1,366,873106
scout_gap,1,367,214.748,658.193,872.941,572,38,872.941,985.972
scout_generation,1,367,872941
scout_gap,1,368,215.553,657.685,873.238,572,38,873.238,979.396
scout_generation,1,368,873238
scout_gap,1,369,213.699,659.194,872.893,572,38,872.893,1015.964
scout_generation,1,369,872893
scout_gap,1,370,215.476,657.611,873.087,572,38,873.087,984.953
scout_generation,1,370,873087
scout_gap,1,371,215.488,657.581,873.069,572,38,873.069,1018.468
scout_generation,1,371,873069
scout_gap,1,372,214.115,659.561,873.676,572,38,873.676,1039.430
scout_generation,1,372,873676
scout_gap,1,373,216.698,657.156,873.854,572,38,873.854,1050.250
scout_generation,1,373,873854
scout_gap,1,374,214.261,659.142,873.403,572,38,873.403,1043.828
scout_generation,1,374,873403
scout_gap,1,375,216.908,657.183,874.091,572,38,874.091,1045.228
scout_generation,1,375,874091
scout_gap,1,376,214.010,659.379,873.389,572,38,873.389,1014.423
scout_generation,1,376,873389
scout_gap,1,377,215.627,658.557,874.184,572,38,874.184,988.237
scout_generation,1,377,874184
scout_gap,1,378,215.825,657.874,873.699,572,38,873.699,975.010
scout_generation,1,378,873699
scout_gap,1,379,216.020,658.261,874.281,572,38,874.281,1054.039
scout_generation,1,379,874281
scout_gap,1,380,214.598,659.290,873.888,572,38,873.888,1038.790
scout_generation,1,380,873888
scout_gap,1,381,216.459,658.548,875.007,572,38,875.007,1005.337
scout_generation,1,381,875007
scout_gap,1,382,215.749,658.194,873.943,572,38,873.943,1032.289
scout_generation,1,382,873943
scout_gap,1,383,215.788,658.238,874.026,572,38,874.026,1042.485
scout_generation,1,383,874026
scout_gap,1,384,213.120,659.033,872.153,572,38,872.153,1019.487
scout_generation,1,384,872153
scout_gap,1,385,214.579,657.038,871.617,572,38,871.617,1024.292
scout_generation,1,385,871617
scout_gap,1,386,216.120,658.701,874.821,572,38,874.821,1012.691
scout_generation,1,386,874821
scout_gap,1,387,215.422,656.743,872.165,572,38,872.165,1054.127
scout_generation,1,387,872165
scout_gap,1,388,213.185,659.267,872.452,572,38,872.452,1044.406
scout_generation,1,388,872452
scout_gap,1,389,214.392,657.937,872.329,572,38,872.329,1027.529
scout_generation,1,389,872329
scout_gap,1,390,215.962,656.837,872.799,572,38,872.799,1052.831
scout_generation,1,390,872799
scout_gap,1,391,214.721,657.788,872.509,572,38,872.509,1055.396
scout_generation,1,391,872509
scout_gap,1,392,216.184,656.466,872.650,572,38,872.650,1052.581
scout_generation,1,392,872650
scout_gap,1,393,216.003,656.758,872.761,572,38,872.761,1021.739
scout_generation,1,393,872761
scout_gap,1,394,215.938,657.336,873.274,572,38,873.274,1034.092
scout_generation,1,394,873274
scout_gap,1,395,213.880,659.056,872.936,572,38,872.936,1040.949
scout_generation,1,395,872936
scout_gap,1,396,216.359,656.568,872.927,572,38,872.927,1044.799
scout_generation,1,396,872927
scout_gap,1,397,213.840,659.040,872.880,572,38,872.880,1038.130
scout_generation,1,397,872880
scout_gap,1,398,216.274,656.917,873.191,572,38,873.191,1050.280
scout_generation,1,398,873191
scout_gap,1,399,217.172,656.964,874.136,572,38,874.136,1053.982
scout_generation,1,399,874136
scout_gap,1,400,216.198,657.412,873.610,572,38,873.610,1029.665
scout_generation,1,400,873610
scout_gap,1,401,214.424,659.295,873.719,572,38,873.719,1022.760
scout_generation,1,401,873719
scout_gap,1,402,217.111,657.344,874.455,572,38,874.455,1047.297
scout_generation,1,402,874455
scout_gap,1,403,217.003,657.793,874.796,572,38,874.796,1031.272
scout_generation,1,403,874796
scout_gap,1,404,217.371,657.630,875.001,572,38,875.001,989.328
scout_generation,1,404,875001
scout_gap,1,405,217.269,656.852,874.121,572,38,874.121,1002.426
scout_generation,1,405,874121
scout_gap,1,406,216.367,657.836,874.203,572,38,874.203,1026.957
scout_generation,1,406,874203
scout_gap,1,407,215.579,659.280,874.859,572,38,874.859,1026.893
scout_generation,1,407,874859
scout_gap,1,408,218.285,656.895,875.180,572,38,875.180,979.270
scout_generation,1,408,875180
scout_gap,1,409,217.742,658.779,876.521,572,38,876.521,1043.931
scout_generation,1,409,876521
scout_gap,1,410,219.508,657.356,876.864,572,38,876.864,1040.462
scout_generation,1,410,876864
scout_gap,1,411,218.086,658.354,876.440,572,38,876.440,1037.924
scout_generation,1,411,876440
scout_gap,1,412,216.319,658.891,875.210,572,38,875.210,1032.893
scout_generation,1,412,875210
scout_gap,1,413,217.698,657.816,875.514,572,38,875.514,1033.652
scout_generation,1,413,875514
scout_gap,1,414,217.654,657.746,875.400,572,38,875.400,1039.892
scout_generation,1,414,875400
scout_gap,1,415,224.260,657.708,881.968,572,38,881.968,1038.626
scout_generation,1,415,881968
scout_gap,1,416,224.226,656.668,880.894,572,38,880.894,1046.108
scout_generation,1,416,880894
scout_gap,1,417,218.931,657.161,876.092,572,38,876.092,1050.316
scout_generation,1,417,876092
scout_gap,1,418,228.305,656.601,884.906,572,38,884.906,994.858
scout_generation,1,418,884906
scout_gap,1,419,220.815,657.604,878.419,572,38,878.419,1020.307
scout_generation,1,419,878419
scout_gap,1,420,218.453,658.705,877.158,572,38,877.158,1015.842
scout_generation,1,420,877158
scout_gap,1,421,238.210,657.740,895.950,572,38,895.950,984.074
scout_generation,1,421,895950
scout_gap,1,422,221.539,656.804,878.343,572,38,878.343,984.502
scout_generation,1,422,878343
scout_gap,1,423,225.652,657.568,883.220,572,38,883.220,1015.538
scout_generation,1,423,883220
scout_gap,1,424,241.512,656.458,897.970,572,38,897.970,1002.067
scout_generation,1,424,897970
scout_gap,1,425,215.638,656.829,872.467,572,38,872.467,1006.676
scout_generation,1,425,872467
scout_gap,1,426,213.922,658.444,872.366,572,38,872.366,983.894
scout_generation,1,426,872366
scout_gap,1,427,212.832,659.507,872.339,572,38,872.339,1014.836
scout_generation,1,427,872339
scout_gap,1,428,214.906,657.824,872.730,572,38,872.730,990.201
scout_generation,1,428,872730
scout_gap,1,429,213.240,659.583,872.823,572,38,872.823,1032.472
scout_generation,1,429,872823
scout_gap,1,430,215.613,656.967,872.580,572,38,872.580,988.418
scout_generation,1,430,872580
scout_gap,1,431,216.582,656.627,873.209,572,38,873.209,998.488
scout_generation,1,431,873209
scout_gap,1,432,213.454,659.623,873.077,572,38,873.077,1007.608
scout_generation,1,432,873077
scout_gap,1,433,215.347,657.926,873.273,572,38,873.273,1008.788
scout_generation,1,433,873273
scout_gap,1,434,213.789,659.397,873.186,572,38,873.186,983.685
scout_generation,1,434,873186
scout_gap,1,435,214.361,658.341,872.702,572,38,872.702,983.718
scout_generation,1,435,872702
scout_gap,1,436,214.118,658.560,872.678,572,38,872.678,1049.545
scout_generation,1,436,872678
scout_gap,1,437,216.005,656.915,872.920,572,38,872.920,990.904
scout_generation,1,437,872920
scout_gap,1,438,216.284,656.815,873.099,572,38,873.099,995.457
scout_generation,1,438,873099
scout_gap,1,439,215.396,657.733,873.129,572,38,873.129,1026.234
scout_generation,1,439,873129
scout_gap,1,440,214.015,659.008,873.023,572,38,873.023,1004.951
scout_generation,1,440,873023
scout_gap,1,441,215.576,658.095,873.671,572,38,873.671,962.535
scout_generation,1,441,873671
scout_gap,1,442,215.643,658.000,873.643,572,38,873.643,1016.846
scout_generation,1,442,873643
scout_gap,1,443,215.473,657.936,873.409,572,38,873.409,1005.285
scout_generation,1,443,873409
scout_gap,1,444,216.608,657.894,874.502,572,38,874.502,1004.229
scout_generation,1,444,874502
scout_gap,1,445,214.882,658.995,873.877,572,38,873.877,1011.184
scout_generation,1,445,873877
scout_gap,1,446,216.270,657.095,873.365,572,38,873.365,982.206
scout_generation,1,446,873365
scout_gap,1,447,216.100,657.447,873.547,572,38,873.547,976.091
scout_generation,1,447,873547
scout_gap,1,448,215.755,658.150,873.905,572,38,873.905,969.252
scout_generation,1,448,873905
scout_gap,1,449,216.817,657.427,874.244,572,38,874.244,1006.177
scout_generation,1,449,874244
scout_gap,1,450,214.645,659.050,873.695,572,38,873.695,1008.321
scout_generation,1,450,873695
scout_gap,1,451,216.992,656.535,873.527,572,38,873.527,997.764
scout_generation,1,451,873527
scout_gap,1,452,215.376,658.712,874.088,572,38,874.088,1002.032
scout_generation,1,452,874088
scout_gap,1,453,217.009,657.092,874.101,572,38,874.101,966.337
scout_generation,1,453,874101
scout_gap,1,454,217.179,656.718,873.897,572,38,873.897,983.873
scout_generation,1,454,873897
scout_gap,1,455,215.782,659.349,875.131,572,38,875.131,1040.385
scout_generation,1,455,875131
scout_gap,1,456,216.785,657.847,874.632,572,38,874.632,982.184
scout_generation,1,456,874632
scout_gap,1,457,216.130,658.264,874.394,572,38,874.394,997.256
scout_generation,1,457,874394
scout_gap,1,458,214.117,658.292,872.409,572,38,872.409,959.438
scout_generation,1,458,872409
scout_gap,1,459,213.581,659.405,872.986,572,38,872.986,1038.147
scout_generation,1,459,872986
scout_gap,1,460,215.483,657.114,872.597,572,38,872.597,1029.169
scout_generation,1,460,872597
scout_gap,1,461,213.206,659.577,872.783,572,38,872.783,1038.142
scout_generation,1,461,872783
scout_gap,1,462,215.336,658.131,873.467,572,38,873.467,1034.550
scout_generation,1,462,873467
scout_gap,1,463,217.007,656.617,873.624,572,38,873.624,1000.023
scout_generation,1,463,873624
scout_gap,1,464,215.734,657.639,873.373,572,38,873.373,976.728
scout_generation,1,464,873373
scout_gap,1,465,214.615,659.223,873.838,572,38,873.838,1037.067
scout_generation,1,465,873838
scout_gap,1,466,216.375,657.298,873.673,572,38,873.673,1035.160
scout_generation,1,466,873673
scout_gap,1,467,217.426,656.810,874.236,572,38,874.236,995.924
scout_generation,1,467,874236
scout_gap,1,468,215.662,659.260,874.922,572,38,874.922,976.419
scout_generation,1,468,874922
scout_gap,1,469,214.757,659.517,874.274,572,38,874.274,988.555
scout_generation,1,469,874274
scout_gap,1,470,215.363,659.118,874.481,572,38,874.481,1029.355
scout_generation,1,470,874481
scout_gap,1,471,217.742,656.452,874.194,572,38,874.194,994.689
scout_generation,1,471,874194
scout_gap,1,472,215.837,658.012,873.849,572,38,873.849,1021.593
scout_generation,1,472,873849
scout_gap,1,473,215.542,658.982,874.524,572,38,874.524,974.217
scout_generation,1,473,874524
scout_gap,1,474,217.647,657.049,874.696,572,38,874.696,963.768
scout_generation,1,474,874696
scout_gap,1,475,217.119,657.856,874.975,572,38,874.975,979.841
scout_generation,1,475,874975
scout_gap,1,476,218.277,657.294,875.571,572,38,875.571,1042.144
scout_generation,1,476,875571
scout_gap,1,477,219.381,657.243,876.624,572,38,876.624,1039.003
scout_generation,1,477,876624
scout_gap,1,478,217.501,659.257,876.758,572,38,876.758,1050.098
scout_generation,1,478,876758
scout_gap,1,479,218.061,658.537,876.598,572,38,876.598,984.771
scout_generation,1,479,876598
scout_gap,1,480,218.447,658.496,876.943,572,38,876.943,978.521
scout_generation,1,480,876943
scout_gap,1,481,217.130,659.300,876.430,572,38,876.430,1044.964
scout_generation,1,481,876430
scout_gap,1,482,217.645,658.732,876.377,572,38,876.377,993.274
scout_generation,1,482,876377
scout_gap,1,483,217.748,659.054,876.802,572,38,876.802,1040.583
scout_generation,1,483,876802
scout_gap,1,484,219.041,656.651,875.692,572,38,875.692,988.049
scout_generation,1,484,875692
scout_gap,1,485,218.211,657.004,875.215,572,38,875.215,1025.105
scout_generation,1,485,875215
scout_gap,1,486,218.715,657.932,876.647,572,38,876.647,1002.248
scout_generation,1,486,876647
scout_gap,1,487,217.788,657.205,874.993,572,38,874.993,1050.854
scout_generation,1,487,874993
scout_gap,1,488,220.601,659.132,879.733,572,38,879.733,1046.561
scout_generation,1,488,879733
scout_gap,1,489,227.039,657.592,884.631,572,38,884.631,963.065
scout_generation,1,489,884631
scout_gap,1,490,222.174,659.566,881.740,572,38,881.740,974.795
scout_generation,1,490,881740
scout_gap,1,491,217.989,659.527,877.516,572,38,877.516,979.715
scout_generation,1,491,877516
scout_gap,1,492,217.975,659.525,877.500,572,38,877.500,973.205
scout_generation,1,492,877500
scout_gap,1,493,223.051,656.694,879.745,572,38,879.745,980.326
scout_generation,1,493,879745
scout_gap,1,494,221.713,657.404,879.117,572,38,879.117,1003.293
scout_generation,1,494,879117
scout_gap,1,495,217.058,657.423,874.481,572,38,874.481,979.554
scout_generation,1,495,874481
scout_gap,1,496,215.751,658.748,874.499,572,38,874.499,1029.196
scout_generation,1,496,874499
scout_gap,1,497,215.252,658.407,873.659,572,38,873.659,1029.092
scout_generation,1,497,873659
scout_gap,1,498,221.358,658.329,879.687,572,38,879.687,1018.623
scout_generation,1,498,879687
scout_gap,1,499,214.950,659.627,874.577,572,38,874.577,1044.588
scout_generation,1,499,874577
scout_gap,1,500,217.010,657.480,874.490,572,38,874.490,1012.459
scout_generation,1,500,874490
scout_gap,1,501,217.956,656.818,874.774,572,38,874.774,967.676
scout_generation,1,501,874774
scout_gap,1,502,217.928,656.810,874.738,572,38,874.738,965.980
scout_generation,1,502,874738
scout_gap,1,503,215.485,659.553,875.038,572,38,875.038,970.801
scout_generation,1,503,875038
scout_gap,1,504,217.019,658.184,875.203,572,38,875.203,961.292
scout_generation,1,504,875203
scout_gap,1,505,218.622,656.816,875.438,572,38,875.438,1003.271
scout_generation,1,505,875438
scout_gap,1,506,219.328,656.979,876.307,572,38,876.307,1002.939
scout_generation,1,506,876307
scout_gap,1,507,218.262,658.237,876.499,572,38,876.499,1046.978
scout_generation,1,507,876499
scout_gap,1,508,217.795,658.880,876.675,572,38,876.675,1046.621
scout_generation,1,508,876675
scout_gap,1,509,220.062,656.801,876.863,572,38,876.863,1018.844
scout_generation,1,509,876863
scout_gap,1,510,219.522,657.101,876.623,572,38,876.623,1048.156
scout_generation,1,510,876623
scout_gap,1,511,218.439,658.059,876.498,572,38,876.498,1046.260
scout_generation,1,511,876498
scout_gap,1,512,218.033,658.626,876.659,572,38,876.659,1031.586
scout_generation,1,512,876659
scout_gap,1,513,217.042,658.470,875.512,572,38,875.512,1010.564
scout_generation,1,513,875512
scout_gap,1,514,219.262,656.845,876.107,572,38,876.107,969.260
scout_generation,1,514,876107
scout_gap,1,515,218.159,657.870,876.029,572,38,876.029,1029.111
scout_generation,1,515,876029
scout_gap,1,516,218.463,657.689,876.152,572,38,876.152,994.605
scout_generation,1,516,876152
scout_gap,1,517,217.567,658.503,876.070,572,38,876.070,1039.118
scout_generation,1,517,876070
scout_gap,1,518,218.064,657.341,875.405,572,38,875.405,1008.955
scout_generation,1,518,875405
scout_gap,1,519,216.136,659.200,875.336,572,38,875.336,1047.875
scout_generation,1,519,875336
scout_gap,1,520,220.781,657.175,877.956,572,38,877.956,1023.783
scout_generation,1,520,877956
scout_gap,1,521,216.139,659.272,875.411,572,38,875.411,1018.687
scout_generation,1,521,875411
scout_gap,1,522,216.436,659.046,875.482,572,38,875.482,981.035
scout_generation,1,522,875482
scout_gap,1,523,215.980,659.590,875.570,572,38,875.570,1031.381
scout_generation,1,523,875570
scout_gap,1,524,219.517,658.848,878.365,572,38,878.365,1030.987
scout_generation,1,524,878365
scout_gap,1,525,224.694,658.087,882.781,572,38,882.781,1024.076
scout_generation,1,525,882781
scout_gap,1,526,224.797,658.929,883.726,572,38,883.726,985.971
scout_generation,1,526,883726
scout_gap,1,527,225.366,658.377,883.743,572,38,883.743,996.449
scout_generation,1,527,883743
scout_gap,1,528,224.486,658.314,882.800,572,38,882.800,977.361
scout_generation,1,528,882800
scout_gap,1,529,223.956,657.082,881.038,572,38,881.038,997.920
scout_generation,1,529,881038
scout_gap,1,530,226.045,656.675,882.720,572,38,882.720,1033.609
scout_generation,1,530,882720
scout_gap,1,531,221.679,658.567,880.246,572,38,880.246,994.617
scout_generation,1,531,880246
scout_gap,1,532,222.608,656.575,879.183,572,38,879.183,964.241
scout_generation,1,532,879183
scout_gap,1,533,222.189,657.436,879.625,572,38,879.625,1017.228
scout_generation,1,533,879625
scout_gap,1,534,219.829,658.122,877.951,572,38,877.951,1011.833
scout_generation,1,534,877951
scout_gap,1,535,222.319,659.442,881.761,572,38,881.761,975.945
scout_generation,1,535,881761
scout_gap,1,536,221.185,657.244,878.429,572,38,878.429,998.352
scout_generation,1,536,878429
scout_gap,1,537,222.535,657.081,879.616,572,38,879.616,1014.311
scout_generation,1,537,879616
scout_gap,1,538,230.651,658.020,888.671,572,38,888.671,967.143
scout_generation,1,538,888671
scout_gap,1,539,229.636,657.424,887.060,572,38,887.060,1013.312
scout_generation,1,539,887060
scout_gap,1,540,237.981,656.533,894.514,572,38,894.514,968.143
scout_generation,1,540,894514
scout_gap,1,541,236.049,659.409,895.458,572,38,895.458,971.734
scout_generation,1,541,895458
scout_gap,1,542,230.997,659.540,890.537,572,38,890.537,976.357
scout_generation,1,542,890537
scout_gap,1,543,227.581,657.916,885.497,572,38,885.497,989.169
scout_generation,1,543,885497
scout_gap,1,544,219.218,657.877,877.095,572,38,877.095,1019.312
scout_generation,1,544,877095
scout_gap,1,545,236.368,659.386,895.754,572,38,895.754,989.310
scout_generation,1,545,895754
scout_gap,1,546,238.338,658.226,896.564,572,38,896.564,981.664
scout_generation,1,546,896564
scout_gap,1,547,234.968,659.416,894.384,572,38,894.384,1016.542
scout_generation,1,547,894384
scout_gap,1,548,239.824,656.953,896.777,572,38,896.777,966.596
scout_generation,1,548,896777
scout_gap,1,549,238.145,657.704,895.849,572,38,895.849,1005.764
scout_generation,1,549,895849
scout_gap,1,550,236.517,658.906,895.423,572,38,895.423,978.057
scout_generation,1,550,895423
scout_gap,1,551,237.775,658.588,896.363,572,38,896.363,968.868
scout_generation,1,551,896363
scout_gap,1,552,238.092,657.477,895.569,572,38,895.569,1009.011
scout_generation,1,552,895569
scout_gap,1,553,220.363,657.311,877.674,572,38,877.674,1026.011
scout_generation,1,553,877674
scout_gap,1,554,221.427,659.292,880.719,572,38,880.719,1012.597
scout_generation,1,554,880719
scout_gap,1,555,222.240,657.248,879.488,572,38,879.488,982.065
scout_generation,1,555,879488
scout_gap,1,556,223.120,658.433,881.553,572,38,881.553,972.116
scout_generation,1,556,881553
scout_gap,1,557,222.947,657.417,880.364,572,38,880.364,1021.524
scout_generation,1,557,880364
scout_gap,1,558,218.636,659.064,877.700,572,38,877.700,982.162
scout_generation,1,558,877700
scout_gap,1,559,224.257,657.120,881.377,572,38,881.377,1000.642
scout_generation,1,559,881377
scout_gap,1,560,221.606,659.228,880.834,572,38,880.834,991.654
scout_generation,1,560,880834
scout_gap,1,561,224.350,657.594,881.944,572,38,881.944,1028.681
scout_generation,1,561,881944
scout_gap,1,562,243.101,659.517,902.618,572,38,902.618,1019.150
scout_generation,1,562,902618
scout_gap,1,563,250.741,656.690,907.431,572,38,907.431,1034.669
scout_generation,1,563,907431
scout_gap,1,564,246.931,659.039,905.970,572,38,905.970,1004.719
scout_generation,1,564,905970
scout_gap,1,565,244.276,659.474,903.750,572,38,903.750,1017.269
scout_generation,1,565,903750
scout_gap,1,566,240.826,658.819,899.645,572,38,899.645,1012.887
scout_generation,1,566,899645
scout_gap,1,567,255.374,659.415,914.789,572,38,914.789,995.068
scout_generation,1,567,914789
scout_gap,1,568,252.301,658.965,911.266,572,38,911.266,965.806
scout_generation,1,568,911266
scout_gap,1,569,248.250,658.209,906.459,572,38,906.459,1027.813
scout_generation,1,569,906459
scout_gap,1,570,241.711,659.445,901.156,572,38,901.156,996.899
scout_generation,1,570,901156
scout_gap,1,571,219.050,658.051,877.101,572,38,877.101,1027.908
scout_generation,1,571,877101
scout_gap,1,572,232.875,658.900,891.775,572,38,891.775,1047.014
scout_generation,1,572,891775
scout_gap,1,573,240.656,659.388,900.044,572,38,900.044,1009.550
scout_generation,1,573,900044
scout_gap,1,574,244.936,656.506,901.442,572,38,901.442,973.618
scout_generation,1,574,901442
scout_gap,1,575,247.898,657.107,905.005,572,38,905.005,984.507
scout_generation,1,575,905005
scout_gap,1,576,246.452,657.378,903.830,572,38,903.830,1000.066
scout_generation,1,576,903830
scout_gap,1,577,245.368,657.750,903.118,572,38,903.118,1003.119
scout_generation,1,577,903118
scout_gap,1,578,247.345,657.090,904.435,572,38,904.435,986.561
scout_generation,1,578,904435
scout_gap,1,579,253.643,656.494,910.137,572,38,910.137,1033.219
scout_generation,1,579,910137
scout_gap,1,580,245.776,657.114,902.890,572,38,902.890,1010.328
scout_generation,1,580,902890
scout_gap,1,581,244.483,659.592,904.075,572,38,904.075,1008.233
scout_generation,1,581,904075
scout_gap,1,582,246.203,659.073,905.276,572,38,905.276,1010.431
scout_generation,1,582,905276
scout_gap,1,583,247.307,657.464,904.771,572,38,904.771,972.072
scout_generation,1,583,904771
scout_gap,1,584,248.088,658.795,906.883,572,38,906.883,1010.197
scout_generation,1,584,906883
scout_gap,1,585,246.712,657.237,903.949,572,38,903.949,1003.622
scout_generation,1,585,903949
scout_gap,1,586,250.149,656.469,906.618,572,38,906.618,1021.439
scout_generation,1,586,906618
scout_gap,1,587,246.760,659.054,905.814,572,38,905.814,976.420
scout_generation,1,587,905814
scout_gap,1,588,250.182,659.484,909.666,572,38,909.666,992.482
scout_generation,1,588,909666
scout_gap,1,589,251.590,659.306,910.896,572,38,910.896,962.190
scout_generation,1,589,910896
scout_gap,1,590,255.252,656.832,912.084,572,38,912.084,978.242
scout_generation,1,590,912084
scout_gap,1,591,256.207,657.697,913.904,572,38,913.904,1026.989
scout_generation,1,591,913904
scout_gap,1,592,260.556,657.866,918.422,572,38,918.422,1001.834
scout_generation,1,592,918422
scout_gap,1,593,261.317,657.929,919.246,572,38,919.246,1032.187
scout_generation,1,593,919246
scout_gap,1,594,261.100,658.970,920.070,572,38,920.070,1014.357
scout_generation,1,594,920070
scout_gap,1,595,262.911,657.989,920.900,572,38,920.900,971.458
scout_generation,1,595,920900
scout_gap,1,596,244.551,659.140,903.691,572,38,903.691,1016.305
scout_generation,1,596,903691
scout_gap,1,597,252.417,656.753,909.170,572,38,909.170,972.745
scout_generation,1,597,909170
scout_gap,1,598,242.594,659.301,901.895,572,38,901.895,960.431
scout_generation,1,598,901895
scout_gap,1,599,252.230,657.430,909.660,572,38,909.660,985.703
scout_generation,1,599,909660
scout_gap,1,600,242.643,657.530,900.173,572,38,900.173,968.086
scout_generation,1,600,900173
scout_gap,1,601,244.901,658.858,903.759,572,38,903.759,998.705
scout_generation,1,601,903759
scout_gap,1,602,245.992,659.217,905.209,572,38,905.209,1010.866
scout_generation,1,602,905209
scout_gap,1,603,244.602,656.606,901.208,572,38,901.208,981.698
scout_generation,1,603,901208
scout_gap,1,604,225.904,658.502,884.406,572,38,884.406,1013.619
scout_generation,1,604,884406
scout_gap,1,605,232.434,657.554,889.988,572,38,889.988,998.624
scout_generation,1,605,889988
scout_gap,1,606,235.428,657.461,892.889,572,38,892.889,969.812
scout_generation,1,606,892889
scout_gap,1,607,238.844,656.971,895.815,572,38,895.815,990.516
scout_generation,1,607,895815
scout_gap,1,608,234.915,656.958,891.873,572,38,891.873,974.518
scout_generation,1,608,891873
scout_gap,1,609,229.468,657.233,886.701,572,38,886.701,1042.099
scout_generation,1,609,886701
scout_gap,1,610,230.419,659.554,889.973,572,38,889.973,989.511
scout_generation,1,610,889973
scout_gap,1,611,236.992,656.852,893.844,572,38,893.844,982.747
scout_generation,1,611,893844
scout_gap,1,612,236.576,656.477,893.053,572,38,893.053,961.227
scout_generation,1,612,893053
scout_gap,1,613,237.914,657.096,895.010,572,38,895.010,1015.284
scout_generation,1,613,895010
scout_gap,1,614,237.316,657.901,895.217,572,38,895.217,975.395
scout_generation,1,614,895217
scout_gap,1,615,227.285,659.341,886.626,572,38,886.626,983.570
scout_generation,1,615,886626
scout_gap,1,616,238.697,657.215,895.912,572,38,895.912,969.440
scout_generation,1,616,895912
scout_gap,1,617,235.009,657.657,892.666,572,38,892.666,989.455
scout_generation,1,617,892666
scout_gap,1,618,235.564,659.372,894.936,572,38,894.936,1034.369
scout_generation,1,618,894936
scout_gap,1,619,238.570,658.244,896.814,572,38,896.814,984.881
scout_generation,1,619,896814
scout_gap,1,620,228.022,658.607,886.629,572,38,886.629,1012.218
scout_generation,1,620,886629
scout_gap,1,621,231.571,657.441,889.012,572,38,889.012,974.735
scout_generation,1,621,889012
scout_gap,1,622,234.474,658.286,892.760,572,38,892.760,976.671
scout_generation,1,622,892760
scout_gap,1,623,236.511,657.540,894.051,572,38,894.051,983.239
scout_generation,1,623,894051
scout_gap,1,624,228.211,657.383,885.594,572,38,885.594,1012.154
scout_generation,1,624,885594
scout_gap,1,625,231.316,656.696,888.012,572,38,888.012,1010.023
scout_generation,1,625,888012
scout_gap,1,626,227.823,657.672,885.495,572,38,885.495,978.325
scout_generation,1,626,885495
scout_gap,1,627,231.143,658.955,890.098,572,38,890.098,1027.657
scout_generation,1,627,890098
scout_gap,1,628,233.185,657.201,890.386,572,38,890.386,1027.778
scout_generation,1,628,890386
scout_gap,1,629,229.899,656.973,886.872,572,38,886.872,988.112
scout_generation,1,629,886872
scout_gap,1,630,230.434,657.219,887.653,572,38,887.653,990.939
scout_generation,1,630,887653
scout_gap,1,631,225.778,659.231,885.009,572,38,885.009,1025.542
scout_generation,1,631,885009
scout_gap,1,632,234.211,656.515,890.726,572,38,890.726,1018.700
scout_generation,1,632,890726
scout_gap,1,633,233.066,657.862,890.928,572,38,890.928,964.151
scout_generation,1,633,890928
scout_gap,1,634,229.881,657.349,887.230,572,38,887.230,999.527
scout_generation,1,634,887230
scout_gap,1,635,228.543,659.511,888.054,572,38,888.054,974.168
scout_generation,1,635,888054
scout_gap,1,636,235.239,658.231,893.470,572,38,893.470,1019.423
scout_generation,1,636,893470
scout_gap,1,637,227.807,659.083,886.890,572,38,886.890,1013.535
scout_generation,1,637,886890
scout_gap,1,638,229.736,656.843,886.579,572,38,886.579,1015.430
scout_generation,1,638,886579
scout_gap,1,639,229.806,659.621,889.427,572,38,889.427,1036.753
scout_generation,1,639,889427
scout_gap,1,640,233.979,657.012,890.991,572,38,890.991,972.060
scout_generation,1,640,890991
scout_gap,1,641,227.637,658.886,886.523,572,38,886.523,997.685
scout_generation,1,641,886523
scout_gap,1,642,232.038,656.768,888.806,572,38,888.806,978.007
scout_generation,1,642,888806
scout_gap,1,643,228.505,658.742,887.247,572,38,887.247,966.514
scout_generation,1,643,887247
scout_gap,1,644,233.463,658.471,891.934,572,38,891.934,981.706
scout_generation,1,644,891934
scout_gap,1,645,227.805,657.730,885.535,572,38,885.535,1022.084
scout_generation,1,645,885535
scout_gap,1,646,230.631,659.157,889.788,572,38,889.788,992.727
scout_generation,1,646,889788
scout_gap,1,647,232.794,659.425,892.219,572,38,892.219,1022.051
scout_generation,1,647,892219
scout_gap,1,648,228.438,659.186,887.624,572,38,887.624,992.829
scout_generation,1,648,887624
scout_gap,1,649,226.983,658.884,885.867,572,38,885.867,997.348
scout_generation,1,649,885867
scout_gap,1,650,228.030,658.750,886.780,572,38,886.780,1018.993
scout_generation,1,650,886780
scout_gap,1,651,228.375,657.505,885.880,572,38,885.880,1007.031
scout_generation,1,651,885880
scout_gap,1,652,228.905,656.921,885.826,572,38,885.826,1005.836
scout_generation,1,652,885826
scout_gap,1,653,232.726,657.637,890.363,572,38,890.363,1004.706
scout_generation,1,653,890363
scout_gap,1,654,231.393,657.150,888.543,572,38,888.543,1031.449
scout_generation,1,654,888543
scout_gap,1,655,226.558,659.448,886.006,572,38,886.006,979.420
scout_generation,1,655,886006
scout_gap,1,656,228.558,657.878,886.436,572,38,886.436,997.130
scout_generation,1,656,886436
scout_gap,1,657,230.092,657.151,887.243,572,38,887.243,1037.378
scout_generation,1,657,887243
scout_gap,1,658,230.575,658.648,889.223,572,38,889.223,1014.550
scout_generation,1,658,889223
scout_gap,1,659,228.123,658.479,886.602,572,38,886.602,966.725
scout_generation,1,659,886602
scout_gap,1,660,228.618,658.324,886.942,572,38,886.942,1014.825
scout_generation,1,660,886942
scout_gap,1,661,228.776,658.290,887.066,572,38,887.066,1009.397
scout_generation,1,661,887066
scout_gap,1,662,235.485,656.569,892.054,572,38,892.054,1035.617
scout_generation,1,662,892054
scout_gap,1,663,228.750,659.345,888.095,572,38,888.095,1018.048
scout_generation,1,663,888095
scout_gap,1,664,230.457,657.664,888.121,572,38,888.121,1003.360
scout_generation,1,664,888121
scout_gap,1,665,231.008,657.520,888.528,572,38,888.528,1021.110
scout_generation,1,665,888528
scout_gap,1,666,229.354,659.444,888.798,572,38,888.798,974.021
scout_generation,1,666,888798
scout_gap,1,667,230.812,659.117,889.929,572,38,889.929,965.696
scout_generation,1,667,889929
scout_gap,1,668,233.859,659.111,892.970,572,38,892.970,1020.613
scout_generation,1,668,892970
scout_gap,1,669,230.980,658.553,889.533,572,38,889.533,1002.544
scout_generation,1,669,889533
scout_gap,1,670,232.153,657.885,890.038,572,38,890.038,977.689
scout_generation,1,670,890038
scout_gap,1,671,230.915,659.241,890.156,572,38,890.156,1009.042
scout_generation,1,671,890156
scout_gap,1,672,232.625,657.560,890.185,572,38,890.185,966.525
scout_generation,1,672,890185
scout_gap,1,673,233.007,658.327,891.334,572,38,891.334,968.153
scout_generation,1,673,891334
scout_gap,1,674,239.246,656.749,895.995,572,38,895.995,979.820
scout_generation,1,674,895995
scout_gap,1,675,232.174,659.551,891.725,572,38,891.725,991.835
scout_generation,1,675,891725
scout_gap,1,676,233.946,658.574,892.520,572,38,892.520,1031.850
scout_generation,1,676,892520
scout_gap,1,677,234.056,658.046,892.102,572,38,892.102,978.887
scout_generation,1,677,892102
scout_gap,1,678,234.334,658.587,892.921,572,38,892.921,982.900
scout_generation,1,678,892921
scout_gap,1,679,232.971,657.645,890.616,572,38,890.616,987.648
scout_generation,1,679,890616
scout_gap,1,680,235.009,656.552,891.561,572,38,891.561,982.803
scout_generation,1,680,891561
scout_gap,1,681,234.196,657.521,891.717,572,38,891.717,1025.367
scout_generation,1,681,891717
scout_gap,1,682,233.056,658.767,891.823,572,38,891.823,1007.962
scout_generation,1,682,891823
scout_gap,1,683,233.314,659.368,892.682,572,38,892.682,972.326
scout_generation,1,683,892682
scout_gap,1,684,234.465,657.487,891.952,572,38,891.952,1017.826
scout_generation,1,684,891952
scout_gap,1,685,261.801,658.968,920.769,572,38,920.769,1010.940
scout_generation,1,685,920769
scout_gap,1,686,241.692,658.070,899.762,572,38,899.762,979.385
scout_generation,1,686,899762
scout_gap,1,687,262.822,658.753,921.575,572,38,921.575,985.977
scout_generation,1,687,921575
scout_gap,1,688,263.426,658.957,922.383,572,38,922.383,974.388
scout_generation,1,688,922383
scout_gap,1,689,244.772,658.827,903.599,572,38,903.599,1017.668
scout_generation,1,689,903599
scout_gap,1,690,247.158,657.623,904.781,572,38,904.781,1006.650
scout_generation,1,690,904781
scout_gap,1,691,250.872,657.355,908.227,572,38,908.227,1005.173
scout_generation,1,691,908227
scout_gap,1,692,252.122,657.320,909.442,572,36,909.442,1038.372
scout_generation,1,692,909442
scout_gap,1,693,250.822,659.630,910.452,572,35,910.452,1007.579
scout_generation,1,693,910452
scout_gap,1,694,225.372,687.734,913.106,572,34,913.106,1052.276
scout_generation,1,694,913106
scout_gap,1,695,227.281,687.709,914.990,572,35,914.990,1049.783
scout_generation,1,695,914990
scout_gap,1,696,225.937,689.693,915.630,572,33,915.630,1048.076
scout_generation,1,696,915630
scout_gap,1,697,264.453,649.887,914.340,572,32,914.340,1039.819
scout_generation,1,697,914340
scout_gap,1,698,380.323,656.878,1037.201,572,34,1037.201,1051.216
scout_generation,1,698,1037201
scout_gap,1,699,380.805,656.661,1037.466,572,34,1037.466,1050.537
scout_generation,1,699,1037466
reloadstall_csv,1,700,700,0,400400,1.009550,1.050316,1.055396,220.363,317.600,380.805,220.363,317.600,380.805,878.105,975.444,1037.466,376,459,0,700,0
scout_clock,2,57606566,1791312791753951,57606566
scout_gap,2,0,210.981,558.179,769.160,572,30,769.160,892.860
scout_generation,2,0,769160
scout_gap,2,1,211.402,558.111,769.513,572,30,769.513,936.848
scout_generation,2,1,769513
scout_gap,2,2,211.055,558.121,769.176,572,30,769.176,905.252
scout_generation,2,2,769176
scout_gap,2,3,211.955,557.505,769.460,572,30,769.460,944.418
scout_generation,2,3,769460
scout_gap,2,4,212.248,557.157,769.405,572,29,769.405,955.933
scout_generation,2,4,769405
scout_gap,2,5,213.311,556.259,769.570,572,29,769.570,949.705
scout_generation,2,5,769570
scout_gap,2,6,211.274,558.174,769.448,572,30,769.448,952.861
scout_generation,2,6,769448
scout_gap,2,7,211.441,558.174,769.615,572,30,769.615,906.309
scout_generation,2,7,769615
scout_gap,2,8,211.438,558.102,769.540,572,30,769.540,931.975
scout_generation,2,8,769540
scout_gap,2,9,211.404,558.085,769.489,572,30,769.489,910.580
scout_generation,2,9,769489
scout_gap,2,10,212.265,557.194,769.459,572,29,769.459,902.194
scout_generation,2,10,769459
scout_gap,2,11,211.818,557.277,769.095,572,29,769.095,912.361
scout_generation,2,11,769095
scout_gap,2,12,212.994,556.236,769.230,572,29,769.230,943.274
scout_generation,2,12,769230
scout_gap,2,13,212.852,556.148,769.000,572,29,769.000,910.053
scout_generation,2,13,769000
scout_gap,2,14,214.427,555.734,770.161,572,29,770.161,915.034
scout_generation,2,14,770161
scout_gap,2,15,211.837,558.127,769.964,572,30,769.964,879.962
scout_generation,2,15,769964
scout_gap,2,16,214.292,555.845,770.137,572,29,770.137,912.141
scout_generation,2,16,770137
scout_gap,2,17,213.349,556.022,769.371,572,29,769.371,959.746
scout_generation,2,17,769371
scout_gap,2,18,210.758,558.433,769.191,572,30,769.191,916.318
scout_generation,2,18,769191
scout_gap,2,19,211.871,557.336,769.207,572,30,769.207,962.333
scout_generation,2,19,769207
scout_gap,2,20,213.334,556.141,769.475,572,29,769.475,945.015
scout_generation,2,20,769475
scout_gap,2,21,211.682,557.670,769.352,572,30,769.352,904.232
scout_generation,2,21,769352
scout_gap,2,22,211.340,558.189,769.529,572,30,769.529,940.895
scout_generation,2,22,769529
scout_gap,2,23,212.289,557.275,769.564,572,29,769.564,892.306
scout_generation,2,23,769564
scout_gap,2,24,212.386,557.224,769.610,572,29,769.610,942.389
scout_generation,2,24,769610
scout_gap,2,25,213.246,556.374,769.620,572,29,769.620,869.536
scout_generation,2,25,769620
scout_gap,2,26,211.587,558.203,769.790,572,30,769.790,884.037
scout_generation,2,26,769790
scout_gap,2,27,212.232,557.532,769.764,572,30,769.764,878.053
scout_generation,2,27,769764
scout_gap,2,28,212.063,558.061,770.124,572,30,770.124,895.294
scout_generation,2,28,770124
scout_gap,2,29,212.737,557.134,769.871,572,29,769.871,927.073
scout_generation,2,29,769871
scout_gap,2,30,213.683,556.558,770.241,572,29,770.241,952.491
scout_generation,2,30,770241
scout_gap,2,31,213.151,556.715,769.866,572,29,769.866,947.968
scout_generation,2,31,769866
scout_gap,2,32,213.520,556.530,770.050,572,29,770.050,943.964
scout_generation,2,32,770050
scout_gap,2,33,212.759,557.098,769.857,572,29,769.857,905.402
scout_generation,2,33,769857
scout_gap,2,34,214.481,555.916,770.397,572,29,770.397,933.769
scout_generation,2,34,770397
scout_gap,2,35,213.802,556.881,770.683,572,29,770.683,890.719
scout_generation,2,35,770683
scout_gap,2,36,214.353,556.640,770.993,572,29,770.993,922.501
scout_generation,2,36,770993
scout_gap,2,37,213.254,557.104,770.358,572,29,770.358,956.042
scout_generation,2,37,770358
scout_gap,2,38,212.909,558.094,771.003,572,30,771.003,899.903
scout_generation,2,38,771003
scout_gap,2,39,211.402,558.031,769.433,572,30,769.433,912.763
scout_generation,2,39,769433
scout_gap,2,40,212.229,556.849,769.078,572,29,769.078,880.466
scout_generation,2,40,769078
scout_gap,2,41,213.285,556.000,769.285,572,29,769.285,927.843
scout_generation,2,41,769285
scout_gap,2,42,211.385,557.885,769.270,572,30,769.270,963.135
scout_generation,2,42,769270
scout_gap,2,43,211.864,557.545,769.409,572,30,769.409,943.213
scout_generation,2,43,769409
scout_gap,2,44,211.688,557.737,769.425,572,30,769.425,920.337
scout_generation,2,44,769425
scout_gap,2,45,211.966,557.517,769.483,572,30,769.483,887.384
scout_generation,2,45,769483
scout_gap,2,46,212.361,557.249,769.610,572,29,769.610,887.356
scout_generation,2,46,769610
scout_gap,2,47,212.606,557.057,769.663,572,29,769.663,888.440
scout_generation,2,47,769663
scout_gap,2,48,213.914,555.611,769.525,572,29,769.525,962.857
scout_generation,2,48,769525
scout_gap,2,49,213.867,555.864,769.731,572,29,769.731,925.939
scout_generation,2,49,769731
scout_gap,2,50,212.720,557.069,769.789,572,29,769.789,908.243
scout_generation,2,50,769789
scout_gap,2,51,211.844,558.197,770.041,572,30,770.041,884.156
scout_generation,2,51,770041
scout_gap,2,52,213.070,557.265,770.335,572,30,770.335,887.239
scout_generation,2,52,770335
scout_gap,2,53,211.838,557.202,769.040,572,29,769.040,926.013
scout_generation,2,53,769040
scout_gap,2,54,211.862,557.254,769.116,572,29,769.116,938.020
scout_generation,2,54,769116
scout_gap,2,55,211.318,558.058,769.376,572,30,769.376,939.173
scout_generation,2,55,769376
scout_gap,2,56,211.028,558.212,769.240,572,30,769.240,871.746
scout_generation,2,56,769240
scout_gap,2,57,211.810,557.183,768.993,572,29,768.993,867.658
scout_generation,2,57,768993
scout_gap,2,58,212.843,556.293,769.136,572,29,769.136,886.270
scout_generation,2,58,769136
scout_gap,2,59,212.032,557.280,769.312,572,29,769.312,946.537
scout_generation,2,59,769312
scout_gap,2,60,213.468,555.812,769.280,572,29,769.280,931.219
scout_generation,2,60,769280
scout_gap,2,61,211.299,557.742,769.041,572,30,769.041,883.374
scout_generation,2,61,769041
scout_gap,2,62,211.202,558.043,769.245,572,30,769.245,889.343
scout_generation,2,62,769245
scout_gap,2,63,212.080,557.246,769.326,572,29,769.326,879.313
scout_generation,2,63,769326
scout_gap,2,64,211.162,558.164,769.326,572,30,769.326,925.114
scout_generation,2,64,769326
scout_gap,2,65,213.822,555.631,769.453,572,29,769.453,912.444
scout_generation,2,65,769453
scout_gap,2,66,212.786,556.592,769.378,572,29,769.378,906.340
scout_generation,2,66,769378
scout_gap,2,67,210.905,558.140,769.045,572,30,769.045,960.257
scout_generation,2,67,769045
scout_gap,2,68,240.944,557.164,798.108,572,29,798.108,903.926
scout_generation,2,68,798108
scout_gap,2,69,242.552,556.185,798.737,572,29,798.737,918.544
scout_generation,2,69,798737
scout_gap,2,70,242.190,557.153,799.343,572,29,799.343,925.225
scout_generation,2,70,799343
scout_gap,2,71,241.921,558.204,800.125,572,30,800.125,941.024
scout_generation,2,71,800125
scout_gap,2,72,244.167,557.187,801.354,572,29,801.354,891.840
scout_generation,2,72,801354
scout_gap,2,73,245.106,557.126,802.232,572,29,802.232,897.535
scout_generation,2,73,802232
scout_gap,2,74,245.992,557.180,803.172,572,29,803.172,887.461
scout_generation,2,74,803172
scout_gap,2,75,247.964,556.323,804.287,572,29,804.287,947.849
scout_generation,2,75,804287
scout_gap,2,76,246.859,557.302,804.161,572,30,804.161,926.668
scout_generation,2,76,804161
scout_gap,2,77,251.698,555.633,807.331,572,29,807.331,906.837
scout_generation,2,77,807331
scout_gap,2,78,250.415,556.061,806.476,572,29,806.476,942.096
scout_generation,2,78,806476
scout_gap,2,79,247.240,557.496,804.736,572,30,804.736,877.882
scout_generation,2,79,804736
scout_gap,2,80,251.496,555.764,807.260,572,29,807.260,876.801
scout_generation,2,80,807260
scout_gap,2,81,251.158,557.109,808.267,572,29,808.267,907.945
scout_generation,2,81,808267
scout_gap,2,82,251.547,557.479,809.026,572,30,809.026,941.077
scout_generation,2,82,809026
scout_gap,2,83,254.062,555.723,809.785,572,29,809.785,901.620
scout_generation,2,83,809785
scout_gap,2,84,259.224,556.771,815.995,572,29,815.995,949.341
scout_generation,2,84,815995
scout_gap,2,85,262.463,556.808,819.271,572,29,819.271,927.283
scout_generation,2,85,819271
scout_gap,2,86,254.119,558.093,812.212,572,30,812.212,923.737
scout_generation,2,86,812212
scout_gap,2,87,259.172,555.825,814.997,572,29,814.997,962.569
scout_generation,2,87,814997
scout_gap,2,88,256.976,556.599,813.575,572,29,813.575,890.736
scout_generation,2,88,813575
scout_gap,2,89,255.767,556.666,812.433,572,29,812.433,960.134
scout_generation,2,89,812433
scout_gap,2,90,259.029,557.127,816.156,572,29,816.156,925.895
scout_generation,2,90,816156
scout_gap,2,91,259.168,557.766,816.934,572,30,816.934,888.860
scout_generation,2,91,816934
scout_gap,2,92,260.255,557.135,817.390,572,29,817.390,962.692
scout_generation,2,92,817390
scout_gap,2,93,260.947,557.201,818.148,572,29,818.148,943.650
scout_generation,2,93,818148
scout_gap,2,94,261.500,556.900,818.400,572,29,818.400,924.310
scout_generation,2,94,818400
scout_gap,2,95,262.843,556.031,818.874,572,29,818.874,907.875
scout_generation,2,95,818874
scout_gap,2,96,262.978,556.793,819.771,572,29,819.771,910.492
scout_generation,2,96,819771
scout_gap,2,97,263.161,557.774,820.935,572,30,820.935,957.168
scout_generation,2,97,820935
scout_gap,2,98,341.507,558.183,899.690,572,30,899.690,904.624
scout_generation,2,98,899690
scout_gap,2,99,333.396,556.403,889.799,572,29,889.799,894.779
scout_generation,2,99,889799
scout_gap,2,100,358.954,555.626,914.580,572,29,914.580,919.506
scout_generation,2,100,914580
scout_gap,2,101,380.069,556.078,936.147,572,29,936.147,941.209
scout_generation,2,101,936147
scout_gap,2,102,390.580,555.968,946.548,572,29,946.548,952.689
scout_generation,2,102,946548
scout_gap,2,103,382.033,556.965,938.998,572,29,938.998,945.385
scout_generation,2,103,938998
scout_gap,2,104,383.005,556.550,939.555,572,29,939.555,944.589
scout_generation,2,104,939555
scout_gap,2,105,317.373,557.196,874.569,572,29,874.569,879.495
scout_generation,2,105,874569
scout_gap,2,106,336.654,558.545,895.199,572,30,895.199,900.392
scout_generation,2,106,895199
scout_gap,2,107,347.778,557.551,905.329,572,30,905.329,910.277
scout_generation,2,107,905329
scout_gap,2,108,327.076,557.276,884.352,572,30,884.352,889.273
scout_generation,2,108,884352
scout_gap,2,109,333.066,557.256,890.322,572,29,890.322,896.891
scout_generation,2,109,890322
scout_gap,2,110,344.122,558.221,902.343,572,30,902.343,907.645
scout_generation,2,110,902343
scout_gap,2,111,354.618,558.218,912.836,572,30,912.836,918.445
scout_generation,2,111,912836
scout_gap,2,112,394.275,555.679,949.954,572,29,949.954,954.997
scout_generation,2,112,949954
scout_gap,2,113,394.586,556.768,951.354,572,29,951.354,956.338
scout_generation,2,113,951354
scout_gap,2,114,383.791,555.691,939.482,572,29,939.482,944.463
scout_generation,2,114,939482
scout_gap,2,115,391.029,556.284,947.313,572,29,947.313,952.307
scout_generation,2,115,947313
scout_gap,2,116,393.821,556.981,950.802,572,29,950.802,955.848
scout_generation,2,116,950802
scout_gap,2,117,381.841,556.239,938.080,572,29,938.080,943.114
scout_generation,2,117,938080
scout_gap,2,118,392.221,557.444,949.665,572,30,949.665,954.642
scout_generation,2,118,949665
scout_gap,2,119,387.084,556.110,943.194,572,29,943.194,948.172
scout_generation,2,119,943194
scout_gap,2,120,366.317,557.896,924.213,572,30,924.213,929.418
scout_generation,2,120,924213
scout_gap,2,121,392.421,557.272,949.693,572,29,949.693,954.696
scout_generation,2,121,949693
scout_gap,2,122,393.008,557.558,950.566,572,30,950.566,955.599
scout_generation,2,122,950566
scout_gap,2,123,395.787,557.960,953.747,572,30,953.747,958.931
scout_generation,2,123,953747
scout_gap,2,124,400.900,555.563,956.463,572,29,956.463,961.484
scout_generation,2,124,956463
scout_gap,2,125,379.690,555.728,935.418,572,29,935.418,940.313
scout_generation,2,125,935418
scout_gap,2,126,387.423,556.087,943.510,572,29,943.510,948.662
scout_generation,2,126,943510
scout_gap,2,127,263.422,557.828,821.250,572,30,821.250,950.134
scout_generation,2,127,821250
scout_gap,2,128,257.128,558.112,815.240,572,30,815.240,918.603
scout_generation,2,128,815240
scout_gap,2,129,372.675,556.932,929.607,572,29,929.607,934.596
scout_generation,2,129,929607
scout_gap,2,130,362.401,557.175,919.576,572,29,919.576,924.559
scout_generation,2,130,919576
scout_gap,2,131,258.060,557.656,815.716,572,30,815.716,923.739
scout_generation,2,131,815716
scout_gap,2,132,256.571,556.442,813.013,572,29,813.013,947.323
scout_generation,2,132,813013
scout_gap,2,133,349.061,555.593,904.654,572,29,904.654,909.579
scout_generation,2,133,904654
scout_gap,2,134,258.768,556.285,815.053,572,29,815.053,883.134
scout_generation,2,134,815053
scout_gap,2,135,257.590,557.079,814.669,572,29,814.669,918.571
scout_generation,2,135,814669
scout_gap,2,136,254.330,557.912,812.242,572,30,812.242,940.346
scout_generation,2,136,812242
scout_gap,2,137,254.393,557.261,811.654,572,29,811.654,949.905
scout_generation,2,137,811654
scout_gap,2,138,390.618,558.104,948.722,572,30,948.722,954.048
scout_generation,2,138,948722
scout_gap,2,139,391.781,557.282,949.063,572,29,949.063,954.161
scout_generation,2,139,949063
scout_gap,2,140,242.749,555.808,798.557,572,29,798.557,929.301
scout_generation,2,140,798557
scout_gap,2,141,393.680,557.676,951.356,572,30,951.356,957.660
scout_generation,2,141,951356
scout_gap,2,142,372.783,557.499,930.282,572,30,930.282,936.085
scout_generation,2,142,930282
scout_gap,2,143,395.660,557.093,952.753,572,29,952.753,958.995
scout_generation,2,143,952753
scout_gap,2,144,376.480,557.568,934.048,572,30,934.048,938.931
scout_generation,2,144,934048
scout_gap,2,145,242.454,556.457,798.911,572,29,798.911,869.998
scout_generation,2,145,798911
scout_gap,2,146,266.180,557.918,824.098,572,30,824.098,906.808
scout_generation,2,146,824098
scout_gap,2,147,388.038,556.621,944.659,572,29,944.659,949.613
scout_generation,2,147,944659
scout_gap,2,148,243.040,557.265,800.305,572,29,800.305,876.151
scout_generation,2,148,800305
scout_gap,2,149,241.680,558.087,799.767,572,30,799.767,873.886
scout_generation,2,149,799767
scout_gap,2,150,245.472,556.187,801.659,572,29,801.659,880.819
scout_generation,2,150,801659
scout_gap,2,151,245.545,557.458,803.003,572,30,803.003,945.343
scout_generation,2,151,803003
scout_gap,2,152,250.053,556.339,806.392,572,29,806.392,949.106
scout_generation,2,152,806392
scout_gap,2,153,246.834,557.824,804.658,572,30,804.658,941.357
scout_generation,2,153,804658
scout_gap,2,154,251.871,556.438,808.309,572,29,808.309,873.458
scout_generation,2,154,808309
scout_gap,2,155,248.412,557.119,805.531,572,29,805.531,911.177
scout_generation,2,155,805531
scout_gap,2,156,251.024,556.158,807.182,572,29,807.182,884.489
scout_generation,2,156,807182
scout_gap,2,157,250.276,557.119,807.395,572,29,807.395,888.588
scout_generation,2,157,807395
scout_gap,2,158,252.947,555.881,808.828,572,29,808.828,907.753
scout_generation,2,158,808828
scout_gap,2,159,252.587,558.405,810.992,572,30,810.992,947.180
scout_generation,2,159,810992
scout_gap,2,160,252.208,557.994,810.202,572,30,810.202,883.347
scout_generation,2,160,810202
scout_gap,2,161,258.032,556.207,814.239,572,29,814.239,960.427
scout_generation,2,161,814239
scout_gap,2,162,239.079,558.226,797.305,572,30,797.305,939.035
scout_generation,2,162,797305
scout_gap,2,163,240.307,557.311,797.618,572,30,797.618,918.065
scout_generation,2,163,797618
scout_gap,2,164,240.625,558.121,798.746,572,30,798.746,885.902
scout_generation,2,164,798746
scout_gap,2,165,241.921,557.256,799.177,572,29,799.177,902.953
scout_generation,2,165,799177
scout_gap,2,166,242.944,557.085,800.029,572,29,800.029,943.948
scout_generation,2,166,800029
scout_gap,2,167,245.060,556.135,801.195,572,29,801.195,929.844
scout_generation,2,167,801195
scout_gap,2,168,243.773,558.116,801.889,572,30,801.889,932.034
scout_generation,2,168,801889
scout_gap,2,169,246.214,556.890,803.104,572,29,803.104,945.969
scout_generation,2,169,803104
scout_gap,2,170,250.136,556.851,806.987,572,29,806.987,946.016
scout_generation,2,170,806987
scout_gap,2,171,248.193,557.286,805.479,572,30,805.479,887.554
scout_generation,2,171,805479
scout_gap,2,172,248.978,555.720,804.698,572,29,804.698,907.170
scout_generation,2,172,804698
scout_gap,2,173,252.832,556.408,809.240,572,29,809.240,871.490
scout_generation,2,173,809240
scout_gap,2,174,246.903,557.135,804.038,572,29,804.038,935.777
scout_generation,2,174,804038
scout_gap,2,175,250.985,556.575,807.560,572,29,807.560,921.808
scout_generation,2,175,807560
scout_gap,2,176,250.895,557.943,808.838,572,30,808.838,961.283
scout_generation,2,176,808838
scout_gap,2,177,252.473,558.071,810.544,572,30,810.544,927.958
scout_generation,2,177,810544
scout_gap,2,178,255.363,556.410,811.773,572,29,811.773,936.937
scout_generation,2,178,811773
scout_gap,2,179,252.865,558.201,811.066,572,30,811.066,911.898
scout_generation,2,179,811066
scout_gap,2,180,254.935,556.182,811.117,572,29,811.117,962.065
scout_generation,2,180,811117
scout_gap,2,181,257.090,556.478,813.568,572,29,813.568,904.492
scout_generation,2,181,813568
scout_gap,2,182,255.153,557.428,812.581,572,30,812.581,957.580
scout_generation,2,182,812581
scout_gap,2,183,256.545,555.699,812.244,572,29,812.244,881.418
scout_generation,2,183,812244
scout_gap,2,184,256.652,557.031,813.683,572,29,813.683,915.526
scout_generation,2,184,813683
scout_gap,2,185,258.659,556.129,814.788,572,29,814.788,898.080
scout_generation,2,185,814788
scout_gap,2,186,258.747,556.376,815.123,572,29,815.123,908.970
scout_generation,2,186,815123
scout_gap,2,187,262.514,557.486,820.000,572,30,820.000,924.300
scout_generation,2,187,820000
scout_gap,2,188,260.766,557.033,817.799,572,29,817.799,900.707
scout_generation,2,188,817799
scout_gap,2,189,260.105,558.166,818.271,572,30,818.271,891.766
scout_generation,2,189,818271
scout_gap,2,190,261.011,557.330,818.341,572,30,818.341,957.113
scout_generation,2,190,818341
scout_gap,2,191,260.679,558.092,818.771,572,30,818.771,922.710
scout_generation,2,191,818771
scout_gap,2,192,262.277,557.287,819.564,572,30,819.564,902.944
scout_generation,2,192,819564
scout_gap,2,193,264.779,555.640,820.419,572,29,820.419,930.231
scout_generation,2,193,820419
scout_gap,2,194,260.154,557.291,817.445,572,30,817.445,941.269
scout_generation,2,194,817445
scout_gap,2,195,266.146,556.523,822.669,572,29,822.669,905.646
scout_generation,2,195,822669
scout_gap,2,196,212.199,557.168,769.367,572,29,769.367,936.827
scout_generation,2,196,769367
scout_gap,2,197,211.454,558.042,769.496,572,30,769.496,874.773
scout_generation,2,197,769496
scout_gap,2,198,211.974,558.109,770.083,572,30,770.083,932.727
scout_generation,2,198,770083
scout_gap,2,199,212.197,558.036,770.233,572,30,770.233,943.967
scout_generation,2,199,770233
scout_gap,2,200,212.652,557.140,769.792,572,29,769.792,920.608
scout_generation,2,200,769792
scout_gap,2,201,211.129,558.456,769.585,572,30,769.585,939.333
scout_generation,2,201,769585
scout_gap,2,202,212.076,557.766,769.842,572,30,769.842,877.889
scout_generation,2,202,769842
scout_gap,2,203,213.418,556.708,770.126,572,29,770.126,890.169
scout_generation,2,203,770126
scout_gap,2,204,214.362,555.582,769.944,572,29,769.944,957.824
scout_generation,2,204,769944
scout_gap,2,205,213.119,556.923,770.042,572,29,770.042,924.577
scout_generation,2,205,770042
scout_gap,2,206,213.777,555.801,769.578,572,29,769.578,917.078
scout_generation,2,206,769578
scout_gap,2,207,212.550,557.158,769.708,572,29,769.708,948.303
scout_generation,2,207,769708
scout_gap,2,208,212.547,556.789,769.336,572,29,769.336,919.640
scout_generation,2,208,769336
scout_gap,2,209,213.193,556.266,769.459,572,29,769.459,868.060
scout_generation,2,209,769459
scout_gap,2,210,211.368,558.141,769.509,572,30,769.509,872.792
scout_generation,2,210,769509
scout_gap,2,211,210.732,558.676,769.408,572,30,769.408,955.132
scout_generation,2,211,769408
scout_gap,2,212,213.237,557.089,770.326,572,29,770.326,923.356
scout_generation,2,212,770326
scout_gap,2,213,214.244,557.308,771.552,572,30,771.552,898.759
scout_generation,2,213,771552
scout_gap,2,214,213.354,557.759,771.113,572,30,771.113,960.530
scout_generation,2,214,771113
scout_gap,2,215,214.276,555.571,769.847,572,29,769.847,922.780
scout_generation,2,215,769847
scout_gap,2,216,213.623,558.127,771.750,572,30,771.750,917.822
scout_generation,2,216,771750
scout_gap,2,217,213.980,556.979,770.959,572,29,770.959,907.968
scout_generation,2,217,770959
scout_gap,2,218,215.963,555.761,771.724,572,29,771.724,921.307
scout_generation,2,218,771724
scout_gap,2,219,215.502,557.165,772.667,572,29,772.667,887.735
scout_generation,2,219,772667
scout_gap,2,220,213.016,557.535,770.551,572,30,770.551,906.257
scout_generation,2,220,770551
scout_gap,2,221,214.787,557.024,771.811,572,29,771.811,900.389
scout_generation,2,221,771811
scout_gap,2,222,215.201,555.628,770.829,572,29,770.829,936.256
scout_generation,2,222,770829
scout_gap,2,223,214.481,556.178,770.659,572,29,770.659,960.666
scout_generation,2,223,770659
scout_gap,2,224,216.902,557.209,774.111,572,29,774.111,936.540
scout_generation,2,224,774111
scout_gap,2,225,216.389,556.810,773.199,572,29,773.199,933.694
scout_generation,2,225,773199
scout_gap,2,226,215.426,556.879,772.305,572,29,772.305,897.878
scout_generation,2,226,772305
scout_gap,2,227,214.706,556.418,771.124,572,29,771.124,883.347
scout_generation,2,227,771124
scout_gap,2,228,230.611,556.863,787.474,572,29,787.474,921.641
scout_generation,2,228,787474
scout_gap,2,229,218.746,556.989,775.735,572,29,775.735,909.440
scout_generation,2,229,775735
scout_gap,2,230,224.145,558.399,782.544,572,30,782.544,958.945
scout_generation,2,230,782544
scout_gap,2,231,228.161,555.690,783.851,572,29,783.851,926.339
scout_generation,2,231,783851
scout_gap,2,232,228.176,555.853,784.029,572,29,784.029,916.936
scout_generation,2,232,784029
scout_gap,2,233,225.488,557.783,783.271,572,30,783.271,926.794
scout_generation,2,233,783271
scout_gap,2,234,229.842,557.197,787.039,572,29,787.039,954.364
scout_generation,2,234,787039
scout_gap,2,235,228.054,557.863,785.917,572,30,785.917,943.455
scout_generation,2,235,785917
scout_gap,2,236,233.409,555.945,789.354,572,29,789.354,893.386
scout_generation,2,236,789354
scout_gap,2,237,222.682,557.873,780.555,572,30,780.555,947.446
scout_generation,2,237,780555
scout_gap,2,238,230.803,556.118,786.921,572,29,786.921,928.739
scout_generation,2,238,786921
scout_gap,2,239,222.938,557.786,780.724,572,30,780.724,919.533
scout_generation,2,239,780724
scout_gap,2,240,223.586,557.076,780.662,572,29,780.662,899.271
scout_generation,2,240,780662
scout_gap,2,241,224.974,556.718,781.692,572,29,781.692,913.738
scout_generation,2,241,781692
scout_gap,2,242,214.474,556.854,771.328,572,29,771.328,930.082
scout_generation,2,242,771328
scout_gap,2,243,217.179,555.558,772.737,572,29,772.737,890.337
scout_generation,2,243,772737
scout_gap,2,244,216.298,556.556,772.854,572,29,772.854,905.766
scout_generation,2,244,772854
scout_gap,2,245,213.284,556.123,769.407,572,29,769.407,881.770
scout_generation,2,245,769407
scout_gap,2,246,212.233,557.126,769.359,572,29,769.359,901.597
scout_generation,2,246,769359
scout_gap,2,247,213.818,555.602,769.420,572,29,769.420,901.358
scout_generation,2,247,769420
scout_gap,2,248,211.523,558.037,769.560,572,30,769.560,915.434
scout_generation,2,248,769560
scout_gap,2,249,212.209,557.413,769.622,572,30,769.622,944.155
scout_generation,2,249,769622
scout_gap,2,250,211.599,558.115,769.714,572,30,769.714,931.346
scout_generation,2,250,769714
scout_gap,2,251,213.943,555.795,769.738,572,29,769.738,958.097
scout_generation,2,251,769738
scout_gap,2,252,211.756,557.927,769.683,572,30,769.683,886.914
scout_generation,2,252,769683
scout_gap,2,253,213.018,556.935,769.953,572,29,769.953,958.014
scout_generation,2,253,769953
scout_gap,2,254,211.759,558.495,770.254,572,30,770.254,956.298
scout_generation,2,254,770254
scout_gap,2,255,212.071,558.177,770.248,572,30,770.248,914.620
scout_generation,2,255,770248
scout_gap,2,256,212.997,557.172,770.169,572,29,770.169,897.887
scout_generation,2,256,770169
scout_gap,2,257,212.697,557.269,769.966,572,30,769.966,883.478
scout_generation,2,257,769966
scout_gap,2,258,212.392,557.950,770.342,572,30,770.342,894.440
scout_generation,2,258,770342
scout_gap,2,259,211.857,558.055,769.912,572,30,769.912,961.436
scout_generation,2,259,769912
scout_gap,2,260,212.391,558.056,770.447,572,30,770.447,938.304
scout_generation,2,260,770447
scout_gap,2,261,214.814,556.410,771.224,572,29,771.224,900.839
scout_generation,2,261,771224
scout_gap,2,262,214.628,556.445,771.073,572,29,771.073,904.395
scout_generation,2,262,771073
scout_gap,2,263,214.504,556.820,771.324,572,29,771.324,951.758
scout_generation,2,263,771324
scout_gap,2,264,215.856,555.774,771.630,572,29,771.630,918.790
scout_generation,2,264,771630
scout_gap,2,265,214.295,557.151,771.446,572,29,771.446,920.171
scout_generation,2,265,771446
scout_gap,2,266,215.776,555.554,771.330,572,29,771.330,894.255
scout_generation,2,266,771330
scout_gap,2,267,212.587,558.511,771.098,572,30,771.098,904.357
scout_generation,2,267,771098
scout_gap,2,268,212.700,558.102,770.802,572,30,770.802,895.684
scout_generation,2,268,770802
scout_gap,2,269,213.332,557.040,770.372,572,29,770.372,939.320
scout_generation,2,269,770372
scout_gap,2,270,212.063,558.223,770.286,572,30,770.286,902.376
scout_generation,2,270,770286
scout_gap,2,271,212.335,557.761,770.096,572,30,770.096,931.160
scout_generation,2,271,770096
scout_gap,2,272,213.313,556.573,769.886,572,29,769.886,952.463
scout_generation,2,272,769886
scout_gap,2,273,213.563,556.730,770.293,572,29,770.293,895.912
scout_generation,2,273,770293
scout_gap,2,274,213.493,556.723,770.216,572,29,770.216,928.887
scout_generation,2,274,770216
scout_gap,2,275,211.768,558.152,769.920,572,30,769.920,900.455
scout_generation,2,275,769920
scout_gap,2,276,211.507,558.153,769.660,572,30,769.660,889.940
scout_generation,2,276,769660
scout_gap,2,277,213.428,556.381,769.809,572,29,769.809,935.001
scout_generation,2,277,769809
scout_gap,2,278,213.296,556.356,769.652,572,29,769.652,931.521
scout_generation,2,278,769652
scout_gap,2,279,212.698,557.012,769.710,572,29,769.710,964.012
scout_generation,2,279,769710
scout_gap,2,280,213.636,555.873,769.509,572,29,769.509,907.783
scout_generation,2,280,769509
scout_gap,2,281,212.669,556.864,769.533,572,29,769.533,907.869
scout_generation,2,281,769533
scout_gap,2,282,219.382,558.207,777.589,572,30,777.589,921.477
scout_generation,2,282,777589
scout_gap,2,283,218.132,557.166,775.298,572,29,775.298,947.550
scout_generation,2,283,775298
scout_gap,2,284,216.938,555.548,772.486,572,29,772.486,960.001
scout_generation,2,284,772486
scout_gap,2,285,216.490,558.142,774.632,572,30,774.632,964.555
scout_generation,2,285,774632
scout_gap,2,286,223.393,557.933,781.326,572,30,781.326,959.005
scout_generation,2,286,781326
scout_gap,2,287,230.710,557.260,787.970,572,29,787.970,961.993
scout_generation,2,287,787970
scout_gap,2,288,231.948,556.873,788.821,572,29,788.821,898.169
scout_generation,2,288,788821
scout_gap,2,289,226.437,557.509,783.946,572,30,783.946,870.628
scout_generation,2,289,783946
scout_gap,2,290,228.866,557.295,786.161,572,30,786.161,885.258
scout_generation,2,290,786161
scout_gap,2,291,232.434,555.859,788.293,572,29,788.293,908.358
scout_generation,2,291,788293
scout_gap,2,292,224.075,557.700,781.775,572,30,781.775,895.853
scout_generation,2,292,781775
scout_gap,2,293,221.876,558.551,780.427,572,30,780.427,897.293
scout_generation,2,293,780427
scout_gap,2,294,232.895,556.557,789.452,572,29,789.452,898.950
scout_generation,2,294,789452
scout_gap,2,295,223.563,557.504,781.067,572,30,781.067,921.288
scout_generation,2,295,781067
scout_gap,2,296,229.643,557.022,786.665,572,29,786.665,957.184
scout_generation,2,296,786665
scout_gap,2,297,230.406,557.268,787.674,572,30,787.674,962.079
scout_generation,2,297,787674
scout_gap,2,298,215.706,557.791,773.497,572,30,773.497,909.279
scout_generation,2,298,773497
scout_gap,2,299,217.125,557.141,774.266,572,29,774.266,962.378
scout_generation,2,299,774266
scout_gap,2,300,214.665,556.011,770.676,572,29,770.676,934.855
scout_generation,2,300,770676
scout_gap,2,301,214.811,557.791,772.602,572,30,772.602,909.790
scout_generation,2,301,772602
scout_gap,2,302,214.449,557.216,771.665,572,29,771.665,963.889
scout_generation,2,302,771665
scout_gap,2,303,212.118,558.436,770.554,572,30,770.554,924.210
scout_generation,2,303,770554
scout_gap,2,304,215.162,556.679,771.841,572,29,771.841,908.072
scout_generation,2,304,771841
scout_gap,2,305,216.075,556.749,772.824,572,29,772.824,900.201
scout_generation,2,305,772824
scout_gap,2,306,215.055,557.071,772.126,572,29,772.126,871.673
scout_generation,2,306,772126
scout_gap,2,307,214.679,556.403,771.082,572,29,771.082,883.450
scout_generation,2,307,771082
scout_gap,2,308,225.478,556.658,782.136,572,29,782.136,945.371
scout_generation,2,308,782136
scout_gap,2,309,224.707,557.713,782.420,572,30,782.420,938.319
scout_generation,2,309,782420
scout_gap,2,310,229.933,555.775,785.708,572,29,785.708,914.845
scout_generation,2,310,785708
scout_gap,2,311,224.631,557.280,781.911,572,29,781.911,877.391
scout_generation,2,311,781911
scout_gap,2,312,231.807,556.374,788.181,572,29,788.181,938.954
scout_generation,2,312,788181
scout_gap,2,313,231.041,557.597,788.638,572,30,788.638,922.133
scout_generation,2,313,788638
scout_gap,2,314,227.415,558.127,785.542,572,30,785.542,912.859
scout_generation,2,314,785542
scout_gap,2,315,216.942,558.106,775.048,572,30,775.048,912.926
scout_generation,2,315,775048
scout_gap,2,316,216.849,557.100,773.949,572,29,773.949,923.633
scout_generation,2,316,773949
scout_gap,2,317,217.102,555.648,772.750,572,29,772.750,916.089
scout_generation,2,317,772750
scout_gap,2,318,214.912,556.794,771.706,572,29,771.706,909.515
scout_generation,2,318,771706
scout_gap,2,319,224.985,556.751,781.736,572,29,781.736,934.411
scout_generation,2,319,781736
scout_gap,2,320,213.611,557.243,770.854,572,29,770.854,905.116
scout_generation,2,320,770854
scout_gap,2,321,215.226,555.984,771.210,572,29,771.210,948.800
scout_generation,2,321,771210
scout_gap,2,322,225.842,556.646,782.488,572,29,782.488,909.130
scout_generation,2,322,782488
scout_gap,2,323,214.018,556.689,770.707,572,29,770.707,915.543
scout_generation,2,323,770707
scout_gap,2,324,215.412,556.016,771.428,572,29,771.428,918.057
scout_generation,2,324,771428
scout_gap,2,325,214.018,556.712,770.730,572,29,770.730,900.554
scout_generation,2,325,770730
scout_gap,2,326,214.108,557.092,771.200,572,29,771.200,880.174
scout_generation,2,326,771200
scout_gap,2,327,213.236,558.168,771.404,572,30,771.404,872.376
scout_generation,2,327,771404
scout_gap,2,328,214.719,556.463,771.182,572,29,771.182,935.633
scout_generation,2,328,771182
scout_gap,2,329,213.084,558.019,771.103,572,30,771.103,941.131
scout_generation,2,329,771103
scout_gap,2,330,214.538,556.417,770.955,572,29,770.955,898.705
scout_generation,2,330,770955
scout_gap,2,331,215.100,558.505,773.605,572,30,773.605,938.036
scout_generation,2,331,773605
scout_gap,2,332,215.850,557.622,773.472,572,30,773.472,948.268
scout_generation,2,332,773472
scout_gap,2,333,216.193,555.812,772.005,572,29,772.005,918.284
scout_generation,2,333,772005
scout_gap,2,334,228.175,556.425,784.600,572,29,784.600,927.218
scout_generation,2,334,784600
scout_gap,2,335,225.756,556.539,782.295,572,29,782.295,914.331
scout_generation,2,335,782295
scout_gap,2,336,230.244,556.038,786.282,572,29,786.282,893.435
scout_generation,2,336,786282
scout_gap,2,337,231.535,556.138,787.673,572,29,787.673,919.108
scout_generation,2,337,787673
scout_gap,2,338,232.366,556.962,789.328,572,29,789.328,927.762
scout_generation,2,338,789328
scout_gap,2,339,226.342,557.348,783.690,572,30,783.690,937.999
scout_generation,2,339,783690
scout_gap,2,340,227.505,557.364,784.869,572,30,784.869,920.593
scout_generation,2,340,784869
scout_gap,2,341,214.090,557.695,771.785,572,30,771.785,918.729
scout_generation,2,341,771785
scout_gap,2,342,232.015,557.083,789.098,572,29,789.098,885.205
scout_generation,2,342,789098
scout_gap,2,343,230.442,556.343,786.785,572,29,786.785,945.447
scout_generation,2,343,786785
scout_gap,2,344,227.551,555.864,783.415,572,29,783.415,889.957
scout_generation,2,344,783415
scout_gap,2,345,219.231,555.654,774.885,572,29,774.885,904.795
scout_generation,2,345,774885
scout_gap,2,346,215.378,557.672,773.050,572,30,773.050,908.020
scout_generation,2,346,773050
scout_gap,2,347,215.297,555.682,770.979,572,29,770.979,935.288
scout_generation,2,347,770979
scout_gap,2,348,214.299,556.275,770.574,572,29,770.574,927.668
scout_generation,2,348,770574
scout_gap,2,349,228.338,557.628,785.966,572,30,785.966,929.049
scout_generation,2,349,785966
scout_gap,2,350,214.006,556.939,770.945,572,29,770.945,959.845
scout_generation,2,350,770945
scout_gap,2,351,217.325,556.024,773.349,572,29,773.349,959.387
scout_generation,2,351,773349
scout_gap,2,352,214.194,558.207,772.401,572,30,772.401,959.431
scout_generation,2,352,772401
scout_gap,2,353,215.073,556.494,771.567,572,29,771.567,945.538
scout_generation,2,353,771567
scout_gap,2,354,214.815,556.477,771.292,572,29,771.292,962.387
scout_generation,2,354,771292
scout_gap,2,355,213.032,558.182,771.214,572,30,771.214,877.338
scout_generation,2,355,771214
scout_gap,2,356,213.144,558.068,771.212,572,30,771.212,887.191
scout_generation,2,356,771212
scout_gap,2,357,215.166,556.525,771.691,572,29,771.691,891.247
scout_generation,2,357,771691
scout_gap,2,358,213.733,556.707,770.440,572,29,770.440,929.727
scout_generation,2,358,770440
scout_gap,2,359,214.034,556.172,770.206,572,29,770.206,963.065
scout_generation,2,359,770206
scout_gap,2,360,214.255,555.899,770.154,572,29,770.154,914.333
scout_generation,2,360,770154
scout_gap,2,361,212.337,557.692,770.029,572,30,770.029,871.313
scout_generation,2,361,770029
scout_gap,2,362,213.607,556.680,770.287,572,29,770.287,939.346
scout_generation,2,362,770287
scout_gap,2,363,212.262,557.744,770.006,572,30,770.006,934.565
scout_generation,2,363,770006
scout_gap,2,364,213.279,556.428,769.707,572,29,769.707,958.673
scout_generation,2,364,769707
scout_gap,2,365,213.656,556.816,770.472,572,29,770.472,887.722
scout_generation,2,365,770472
scout_gap,2,366,230.837,557.681,788.518,572,30,788.518,955.064
scout_generation,2,366,788518
scout_gap,2,367,213.454,557.223,770.677,572,29,770.677,878.107
scout_generation,2,367,770677
scout_gap,2,368,224.709,556.779,781.488,572,29,781.488,923.792
scout_generation,2,368,781488
scout_gap,2,369,223.397,558.088,781.485,572,30,781.485,931.432
scout_generation,2,369,781485
scout_gap,2,370,230.285,557.151,787.436,572,29,787.436,953.856
scout_generation,2,370,787436
scout_gap,2,371,228.338,556.799,785.137,572,29,785.137,911.296
scout_generation,2,371,785137
scout_gap,2,372,229.264,558.359,787.623,572,30,787.623,935.255
scout_generation,2,372,787623
scout_gap,2,373,213.346,556.314,769.660,572,29,769.660,923.018
scout_generation,2,373,769660
scout_gap,2,374,224.814,558.077,782.891,572,30,782.891,916.333
scout_generation,2,374,782891
scout_gap,2,375,229.397,556.352,785.749,572,29,785.749,961.163
scout_generation,2,375,785749
scout_gap,2,376,230.307,558.192,788.499,572,30,788.499,913.848
scout_generation,2,376,788499
scout_gap,2,377,229.217,557.388,786.605,572,30,786.605,895.339
scout_generation,2,377,786605
scout_gap,2,378,227.415,557.090,784.505,572,29,784.505,925.507
scout_generation,2,378,784505
scout_gap,2,379,217.211,557.214,774.425,572,29,774.425,895.915
scout_generation,2,379,774425
scout_gap,2,380,215.767,558.028,773.795,572,30,773.795,934.140
scout_generation,2,380,773795
scout_gap,2,381,215.525,557.372,772.897,572,30,772.897,930.325
scout_generation,2,381,772897
scout_gap,2,382,214.773,557.233,772.006,572,29,772.006,946.631
scout_generation,2,382,772006
scout_gap,2,383,227.770,557.217,784.987,572,29,784.987,917.080
scout_generation,2,383,784987
scout_gap,2,384,224.962,557.966,782.928,572,30,782.928,887.861
scout_generation,2,384,782928
scout_gap,2,385,225.934,556.169,782.103,572,29,782.103,892.840
scout_generation,2,385,782103
scout_gap,2,386,228.476,557.574,786.050,572,30,786.050,903.573
scout_generation,2,386,786050
scout_gap,2,387,230.912,555.847,786.759,572,29,786.759,962.091
scout_generation,2,387,786759
scout_gap,2,388,222.984,558.049,781.033,572,30,781.033,916.288
scout_generation,2,388,781033
scout_gap,2,389,224.823,557.078,781.901,572,29,781.901,948.059
scout_generation,2,389,781901
scout_gap,2,390,219.269,555.935,775.204,572,29,775.204,911.810
scout_generation,2,390,775204
scout_gap,2,391,216.730,556.917,773.647,572,29,773.647,918.905
scout_generation,2,391,773647
scout_gap,2,392,216.582,555.573,772.155,572,29,772.155,962.669
scout_generation,2,392,772155
scout_gap,2,393,215.986,555.866,771.852,572,29,771.852,888.126
scout_generation,2,393,771852
scout_gap,2,394,220.325,556.505,776.830,572,29,776.830,916.062
scout_generation,2,394,776830
scout_gap,2,395,216.207,558.050,774.257,572,30,774.257,893.629
scout_generation,2,395,774257
scout_gap,2,396,215.692,555.651,771.343,572,29,771.343,956.234
scout_generation,2,396,771343
scout_gap,2,397,230.860,557.981,788.841,572,30,788.841,943.472
scout_generation,2,397,788841
scout_gap,2,398,228.065,556.036,784.101,572,29,784.101,904.647
scout_generation,2,398,784101
scout_gap,2,399,229.333,556.083,785.416,572,29,785.416,948.233
scout_generation,2,399,785416
scout_gap,2,400,226.488,556.612,783.100,572,29,783.100,925.382
scout_generation,2,400,783100
scout_gap,2,401,229.673,558.078,787.751,572,30,787.751,949.174
scout_generation,2,401,787751
scout_gap,2,402,232.602,556.481,789.083,572,29,789.083,946.073
scout_generation,2,402,789083
scout_gap,2,403,230.784,556.920,787.704,572,29,787.704,930.422
scout_generation,2,403,787704
scout_gap,2,404,226.907,557.186,784.093,572,29,784.093,916.402
scout_generation,2,404,784093
scout_gap,2,405,227.328,555.962,783.290,572,29,783.290,909.914
scout_generation,2,405,783290
scout_gap,2,406,224.904,557.004,781.908,572,29,781.908,917.801
scout_generation,2,406,781908
scout_gap,2,407,223.025,558.068,781.093,572,30,781.093,880.207
scout_generation,2,407,781093
scout_gap,2,408,228.792,556.027,784.819,572,29,784.819,928.986
scout_generation,2,408,784819
scout_gap,2,409,223.254,557.634,780.888,572,30,780.888,895.405
scout_generation,2,409,780888
scout_gap,2,410,215.656,556.502,772.158,572,29,772.158,895.286
scout_generation,2,410,772158
scout_gap,2,411,229.975,557.248,787.223,572,29,787.223,913.713
scout_generation,2,411,787223
scout_gap,2,412,229.111,557.706,786.817,572,30,786.817,899.901
scout_generation,2,412,786817
scout_gap,2,413,225.577,556.941,782.518,572,29,782.518,941.502
scout_generation,2,413,782518
scout_gap,2,414,213.526,556.996,770.522,572,29,770.522,942.877
scout_generation,2,414,770522
scout_gap,2,415,216.444,556.906,773.350,572,29,773.350,877.321
scout_generation,2,415,773350
scout_gap,2,416,216.685,555.768,772.453,572,29,772.453,902.333
scout_generation,2,416,772453
scout_gap,2,417,215.202,556.346,771.548,572,29,771.548,906.773
scout_generation,2,417,771548
scout_gap,2,418,215.128,555.695,770.823,572,29,770.823,895.363
scout_generation,2,418,770823
scout_gap,2,419,213.665,557.130,770.795,572,29,770.795,892.286
scout_generation,2,419,770795
scout_gap,2,420,215.527,557.584,773.111,572,30,773.111,963.553
scout_generation,2,420,773111
scout_gap,2,421,215.981,556.960,772.941,572,29,772.941,962.606
scout_generation,2,421,772941
scout_gap,2,422,215.619,555.896,771.515,572,29,771.515,950.170
scout_generation,2,422,771515
scout_gap,2,423,231.716,556.755,788.471,572,29,788.471,922.049
scout_generation,2,423,788471
scout_gap,2,424,215.302,555.542,770.844,572,29,770.844,936.849
scout_generation,2,424,770844
scout_gap,2,425,217.156,555.924,773.080,572,29,773.080,910.682
scout_generation,2,425,773080
scout_gap,2,426,215.822,557.287,773.109,572,30,773.109,939.479
scout_generation,2,426,773109
scout_gap,2,427,213.343,558.224,771.567,572,30,771.567,932.900
scout_generation,2,427,771567
scout_gap,2,428,230.044,556.968,787.012,572,29,787.012,934.518
scout_generation,2,428,787012
scout_gap,2,429,217.824,558.426,776.250,572,30,776.250,901.622
scout_generation,2,429,776250
scout_gap,2,430,217.611,556.091,773.702,572,29,773.702,907.871
scout_generation,2,430,773702
scout_gap,2,431,216.754,555.736,772.490,572,29,772.490,885.745
scout_generation,2,431,772490
scout_gap,2,432,217.174,558.525,775.699,572,30,775.699,946.776
scout_generation,2,432,775699
scout_gap,2,433,215.957,557.061,773.018,572,29,773.018,934.879
scout_generation,2,433,773018
scout_gap,2,434,217.277,558.215,775.492,572,30,775.492,905.961
scout_generation,2,434,775492
scout_gap,2,435,217.281,557.253,774.534,572,29,774.534,934.659
scout_generation,2,435,774534
scout_gap,2,436,221.829,557.397,779.226,572,30,779.226,927.431
scout_generation,2,436,779226
scout_gap,2,437,215.243,556.085,771.328,572,29,771.328,951.300
scout_generation,2,437,771328
scout_gap,2,438,216.465,555.909,772.374,572,29,772.374,941.716
scout_generation,2,438,772374
scout_gap,2,439,226.370,556.913,783.283,572,29,783.283,890.312
scout_generation,2,439,783283
scout_gap,2,440,222.959,557.902,780.861,572,30,780.861,936.192
scout_generation,2,440,780861
scout_gap,2,441,229.906,557.148,787.054,572,29,787.054,907.290
scout_generation,2,441,787054
scout_gap,2,442,231.408,557.114,788.522,572,29,788.522,921.116
scout_generation,2,442,788522
scout_gap,2,443,230.719,557.086,787.805,572,29,787.805,891.834
scout_generation,2,443,787805
scout_gap,2,444,218.982,557.051,776.033,572,29,776.033,883.639
scout_generation,2,444,776033
scout_gap,2,445,218.863,557.879,776.742,572,30,776.742,902.315
scout_generation,2,445,776742
scout_gap,2,446,224.426,556.212,780.638,572,29,780.638,909.060
scout_generation,2,446,780638
scout_gap,2,447,220.114,556.569,776.683,572,29,776.683,895.629
scout_generation,2,447,776683
scout_gap,2,448,216.989,557.180,774.169,572,29,774.169,912.466
scout_generation,2,448,774169
scout_gap,2,449,222.915,556.643,779.558,572,29,779.558,963.637
scout_generation,2,449,779558
scout_gap,2,450,220.182,558.038,778.220,572,30,778.220,932.270
scout_generation,2,450,778220
scout_gap,2,451,221.889,555.603,777.492,572,29,777.492,915.147
scout_generation,2,451,777492
scout_gap,2,452,220.993,557.594,778.587,572,30,778.587,899.644
scout_generation,2,452,778587
scout_gap,2,453,216.779,556.238,773.017,572,29,773.017,932.202
scout_generation,2,453,773017
scout_gap,2,454,220.054,555.816,775.870,572,29,775.870,922.078
scout_generation,2,454,775870
scout_gap,2,455,214.839,558.111,772.950,572,30,772.950,898.762
scout_generation,2,455,772950
scout_gap,2,456,220.426,557.027,777.453,572,29,777.453,917.275
scout_generation,2,456,777453
scout_gap,2,457,216.161,557.222,773.383,572,29,773.383,929.564
scout_generation,2,457,773383
scout_gap,2,458,218.621,557.267,775.888,572,29,775.888,922.046
scout_generation,2,458,775888
scout_gap,2,459,216.782,558.134,774.916,572,30,774.916,889.225
scout_generation,2,459,774916
scout_gap,2,460,223.565,556.265,779.830,572,29,779.830,887.217
scout_generation,2,460,779830
scout_gap,2,461,220.679,558.416,779.095,572,30,779.095,961.538
scout_generation,2,461,779095
scout_gap,2,462,221.561,557.182,778.743,572,29,778.743,925.125
scout_generation,2,462,778743
scout_gap,2,463,318.580,555.713,874.293,572,29,874.293,879.212
scout_generation,2,463,874293
scout_gap,2,464,275.642,556.765,832.407,572,29,832.407,894.835
scout_generation,2,464,832407
scout_gap,2,465,245.749,558.043,803.792,572,30,803.792,922.341
scout_generation,2,465,803792
scout_gap,2,466,220.595,556.433,777.028,572,29,777.028,916.515
scout_generation,2,466,777028
scout_gap,2,467,219.255,555.900,775.155,572,29,775.155,888.919
scout_generation,2,467,775155
scout_gap,2,468,221.935,558.100,780.035,572,30,780.035,931.935
scout_generation,2,468,780035
scout_gap,2,469,220.339,558.179,778.518,572,30,778.518,893.040
scout_generation,2,469,778518
scout_gap,2,470,218.852,557.820,776.672,572,30,776.672,941.904
scout_generation,2,470,776672
scout_gap,2,471,218.097,555.596,773.693,572,29,773.693,912.857
scout_generation,2,471,773693
scout_gap,2,472,214.952,557.045,771.997,572,29,771.997,934.546
scout_generation,2,472,771997
scout_gap,2,473,215.441,557.858,773.299,572,30,773.299,918.030
scout_generation,2,473,773299
scout_gap,2,474,218.368,556.179,774.547,572,29,774.547,903.225
scout_generation,2,474,774547
scout_gap,2,475,217.294,557.081,774.375,572,29,774.375,894.482
scout_generation,2,475,774375
scout_gap,2,476,215.634,556.449,772.083,572,29,772.083,964.024
scout_generation,2,476,772083
scout_gap,2,477,217.643,556.395,774.038,572,29,774.038,934.033
scout_generation,2,477,774038
scout_gap,2,478,215.928,558.099,774.027,572,30,774.027,965.171
scout_generation,2,478,774027
scout_gap,2,479,218.169,557.333,775.502,572,30,775.502,963.582
scout_generation,2,479,775502
scout_gap,2,480,318.225,557.315,875.540,572,30,875.540,940.513
scout_generation,2,480,875540
scout_gap,2,481,298.044,558.078,856.122,572,30,856.122,960.696
scout_generation,2,481,856122
scout_gap,2,482,331.502,557.615,889.117,572,30,889.117,894.102
scout_generation,2,482,889117
scout_gap,2,483,300.556,558.061,858.617,572,30,858.617,908.125
scout_generation,2,483,858617
scout_gap,2,484,274.168,555.750,829.918,572,29,829.918,945.769
scout_generation,2,484,829918
scout_gap,2,485,222.818,556.127,778.945,572,29,778.945,933.373
scout_generation,2,485,778945
scout_gap,2,486,217.783,557.065,774.848,572,29,774.848,897.705
scout_generation,2,486,774848
scout_gap,2,487,223.701,556.369,780.070,572,29,780.070,892.165
scout_generation,2,487,780070
scout_gap,2,488,221.815,558.045,779.860,572,30,779.860,895.611
scout_generation,2,488,779860
scout_gap,2,489,216.430,557.285,773.715,572,29,773.715,916.499
scout_generation,2,489,773715
scout_gap,2,490,218.783,558.393,777.176,572,30,777.176,954.300
scout_generation,2,490,777176
scout_gap,2,491,288.809,558.153,846.962,572,30,846.962,876.780
scout_generation,2,491,846962
scout_gap,2,492,311.860,558.170,870.030,572,30,870.030,874.966
scout_generation,2,492,870030
scout_gap,2,493,265.459,555.791,821.250,572,29,821.250,914.039
scout_generation,2,493,821250
scout_gap,2,494,300.075,556.585,856.660,572,29,856.660,945.961
scout_generation,2,494,856660
scout_gap,2,495,219.301,556.621,775.922,572,29,775.922,881.308
scout_generation,2,495,775922
scout_gap,2,496,361.691,557.641,919.332,572,30,919.332,924.279
scout_generation,2,496,919332
scout_gap,2,497,216.882,557.232,774.114,572,29,774.114,888.537
scout_generation,2,497,774114
scout_gap,2,498,222.830,557.238,780.068,572,29,780.068,905.460
scout_generation,2,498,780068
scout_gap,2,499,222.241,558.518,780.759,572,30,780.759,898.062
scout_generation,2,499,780759
scout_gap,2,500,221.779,556.616,778.395,572,29,778.395,927.957
scout_generation,2,500,778395
scout_gap,2,501,223.847,555.919,779.766,572,29,779.766,886.565
scout_generation,2,501,779766
scout_gap,2,502,222.551,555.903,778.454,572,29,778.454,917.573
scout_generation,2,502,778454
scout_gap,2,503,216.811,558.225,775.036,572,30,775.036,961.379
scout_generation,2,503,775036
scout_gap,2,504,282.684,557.187,839.871,572,29,839.871,890.712
scout_generation,2,504,839871
scout_gap,2,505,217.937,555.892,773.829,572,29,773.829,903.407
scout_generation,2,505,773829
scout_gap,2,506,342.686,556.120,898.806,572,29,898.806,903.920
scout_generation,2,506,898806
scout_gap,2,507,310.493,557.223,867.716,572,29,867.716,875.414
scout_generation,2,507,867716
scout_gap,2,508,311.520,557.846,869.366,572,30,869.366,874.260
scout_generation,2,508,869366
scout_gap,2,509,301.118,555.906,857.024,572,29,857.024,912.587
scout_generation,2,509,857024
scout_gap,2,510,219.851,556.242,776.093,572,29,776.093,880.463
scout_generation,2,510,776093
scout_gap,2,511,222.160,557.158,779.318,572,29,779.318,915.339
scout_generation,2,511,779318
scout_gap,2,512,215.238,557.514,772.752,572,30,772.752,932.411
scout_generation,2,512,772752
scout_gap,2,513,307.874,557.308,865.182,572,30,865.182,872.250
scout_generation,2,513,865182
scout_gap,2,514,371.539,555.957,927.496,572,29,927.496,957.094
scout_generation,2,514,927496
scout_gap,2,515,330.357,557.069,887.426,572,29,887.426,894.588
scout_generation,2,515,887426
scout_gap,2,516,311.304,556.875,868.179,572,29,868.179,875.517
scout_generation,2,516,868179
scout_gap,2,517,305.010,557.316,862.326,572,30,862.326,904.293
scout_generation,2,517,862326
scout_gap,2,518,298.436,556.498,854.934,572,29,854.934,950.965
scout_generation,2,518,854934
scout_gap,2,519,294.551,558.088,852.639,572,30,852.639,937.333
scout_generation,2,519,852639
scout_gap,2,520,375.932,556.354,932.286,572,29,932.286,937.751
scout_generation,2,520,932286
scout_gap,2,521,237.855,558.050,795.905,572,30,795.905,877.049
scout_generation,2,521,795905
scout_gap,2,522,236.558,558.025,794.583,572,30,794.583,895.509
scout_generation,2,522,794583
scout_gap,2,523,233.010,558.450,791.460,572,30,791.460,944.280
scout_generation,2,523,791460
scout_gap,2,524,251.065,557.805,808.870,572,30,808.870,928.621
scout_generation,2,524,808870
scout_gap,2,525,245.171,557.161,802.332,572,29,802.332,911.416
scout_generation,2,525,802332
scout_gap,2,526,246.868,557.748,804.616,572,30,804.616,871.475
scout_generation,2,526,804616
scout_gap,2,527,218.561,557.234,775.795,572,29,775.795,913.773
scout_generation,2,527,775795
scout_gap,2,528,217.228,557.242,774.470,572,29,774.470,896.761
scout_generation,2,528,774470
scout_gap,2,529,327.982,556.204,884.186,572,29,884.186,889.085
scout_generation,2,529,884186
scout_gap,2,530,224.147,555.766,779.913,572,29,779.913,928.286
scout_generation,2,530,779913
scout_gap,2,531,220.427,557.405,777.832,572,30,777.832,914.440
scout_generation,2,531,777832
scout_gap,2,532,236.064,555.662,791.726,572,29,791.726,926.960
scout_generation,2,532,791726
scout_gap,2,533,233.798,556.579,790.377,572,29,790.377,925.705
scout_generation,2,533,790377
scout_gap,2,534,232.713,557.144,789.857,572,29,789.857,903.321
scout_generation,2,534,789857
scout_gap,2,535,313.369,558.124,871.493,572,30,871.493,899.992
scout_generation,2,535,871493
scout_gap,2,536,286.946,556.397,843.343,572,29,843.343,940.345
scout_generation,2,536,843343
scout_gap,2,537,215.960,556.234,772.194,572,29,772.194,894.865
scout_generation,2,537,772194
scout_gap,2,538,314.432,557.072,871.504,572,29,871.504,948.803
scout_generation,2,538,871504
scout_gap,2,539,309.359,556.635,865.994,572,29,865.994,925.705
scout_generation,2,539,865994
scout_gap,2,540,295.934,555.617,851.551,572,29,851.551,942.653
scout_generation,2,540,851551
scout_gap,2,541,221.919,558.115,780.034,572,30,780.034,902.116
scout_generation,2,541,780034
scout_gap,2,542,220.418,558.149,778.567,572,30,778.567,962.187
scout_generation,2,542,778567
scout_gap,2,543,216.580,557.098,773.678,572,29,773.678,929.803
scout_generation,2,543,773678
scout_gap,2,544,221.935,557.101,779.036,572,29,779.036,939.472
scout_generation,2,544,779036
scout_gap,2,545,383.267,558.167,941.434,572,30,941.434,946.447
scout_generation,2,545,941434
scout_gap,2,546,344.504,557.212,901.716,572,29,901.716,908.910
scout_generation,2,546,901716
scout_gap,2,547,372.297,558.144,930.441,572,30,930.441,935.360
scout_generation,2,547,930441
scout_gap,2,548,380.178,556.075,936.253,572,29,936.253,941.359
scout_generation,2,548,936253
scout_gap,2,549,368.525,556.897,925.422,572,29,925.422,930.397
scout_generation,2,549,925422
scout_gap,2,550,336.528,557.725,894.253,572,30,894.253,899.212
scout_generation,2,550,894253
scout_gap,2,551,336.224,557.436,893.660,572,30,893.660,898.772
scout_generation,2,551,893660
scout_gap,2,552,287.698,556.663,844.361,572,29,844.361,902.273
scout_generation,2,552,844361
scout_gap,2,553,370.569,556.455,927.024,572,29,927.024,931.884
scout_generation,2,553,927024
scout_gap,2,554,336.582,558.031,894.613,572,30,894.613,901.675
scout_generation,2,554,894613
scout_gap,2,555,266.661,555.975,822.636,572,29,822.636,885.384
scout_generation,2,555,822636
scout_gap,2,556,364.778,557.301,922.079,572,30,922.079,927.002
scout_generation,2,556,922079
scout_gap,2,557,357.763,556.605,914.368,572,29,914.368,919.298
scout_generation,2,557,914368
scout_gap,2,558,306.007,558.071,864.078,572,30,864.078,943.586
scout_generation,2,558,864078
scout_gap,2,559,242.917,556.266,799.183,572,29,799.183,919.684
scout_generation,2,559,799183
scout_gap,2,560,296.155,558.057,854.212,572,30,854.212,894.417
scout_generation,2,560,854212
scout_gap,2,561,243.348,557.108,800.456,572,29,800.456,930.266
scout_generation,2,561,800456
scout_gap,2,562,232.825,558.117,790.942,572,30,790.942,910.295
scout_generation,2,562,790942
scout_gap,2,563,236.055,555.802,791.857,572,29,791.857,881.095
scout_generation,2,563,791857
scout_gap,2,564,238.414,557.990,796.404,572,30,796.404,946.515
scout_generation,2,564,796404
scout_gap,2,565,259.015,558.160,817.175,572,30,817.175,916.780
scout_generation,2,565,817175
scout_gap,2,566,233.529,557.720,791.249,572,30,791.249,889.738
scout_generation,2,566,791249
scout_gap,2,567,232.038,558.157,790.195,572,30,790.195,909.359
scout_generation,2,567,790195
scout_gap,2,568,235.501,557.839,793.340,572,30,793.340,879.838
scout_generation,2,568,793340
scout_gap,2,569,235.526,557.207,792.733,572,29,792.733,925.018
scout_generation,2,569,792733
scout_gap,2,570,240.527,558.146,798.673,572,30,798.673,951.372
scout_generation,2,570,798673
scout_gap,2,571,233.694,557.147,790.841,572,29,790.841,939.619
scout_generation,2,571,790841
scout_gap,2,572,243.320,557.726,801.046,572,30,801.046,941.894
scout_generation,2,572,801046
scout_gap,2,573,236.591,558.158,794.749,572,30,794.749,903.941
scout_generation,2,573,794749
scout_gap,2,574,236.855,555.608,792.463,572,29,792.463,946.612
scout_generation,2,574,792463
scout_gap,2,575,236.369,556.255,792.624,572,29,792.624,935.398
scout_generation,2,575,792624
scout_gap,2,576,242.419,556.549,798.968,572,29,798.968,922.823
scout_generation,2,576,798968
scout_gap,2,577,252.221,556.995,809.216,572,29,809.216,911.669
scout_generation,2,577,809216
scout_gap,2,578,244.955,556.225,801.180,572,29,801.180,949.026
scout_generation,2,578,801180
scout_gap,2,579,238.976,555.600,794.576,572,29,794.576,899.745
scout_generation,2,579,794576
scout_gap,2,580,245.275,556.255,801.530,572,29,801.530,953.359
scout_generation,2,580,801530
scout_gap,2,581,254.486,558.463,812.949,572,30,812.949,893.502
scout_generation,2,581,812949
scout_gap,2,582,250.163,558.082,808.245,572,30,808.245,929.592
scout_generation,2,582,808245
scout_gap,2,583,241.789,556.627,798.416,572,29,798.416,895.806
scout_generation,2,583,798416
scout_gap,2,584,241.154,557.654,798.808,572,30,798.808,883.947
scout_generation,2,584,798808
scout_gap,2,585,243.246,556.383,799.629,572,29,799.629,962.411
scout_generation,2,585,799629
scout_gap,2,586,244.617,555.590,800.207,572,29,800.207,962.413
scout_generation,2,586,800207
scout_gap,2,587,243.632,557.998,801.630,572,30,801.630,938.377
scout_generation,2,587,801630
scout_gap,2,588,244.402,558.222,802.624,572,30,802.624,893.311
scout_generation,2,588,802624
scout_gap,2,589,246.750,558.047,804.797,572,30,804.797,937.413
scout_generation,2,589,804797
scout_gap,2,590,249.842,555.938,805.780,572,29,805.780,961.999
scout_generation,2,590,805780
scout_gap,2,591,247.700,556.893,804.593,572,29,804.593,943.287
scout_generation,2,591,804593
scout_gap,2,592,248.068,557.035,805.103,572,29,805.103,913.730
scout_generation,2,592,805103
scout_gap,2,593,249.905,557.058,806.963,572,29,806.963,957.320
scout_generation,2,593,806963
scout_gap,2,594,250.581,557.853,808.434,572,30,808.434,886.713
scout_generation,2,594,808434
scout_gap,2,595,250.115,557.114,807.229,572,29,807.229,934.016
scout_generation,2,595,807229
scout_gap,2,596,251.087,558.065,809.152,572,30,809.152,914.012
scout_generation,2,596,809152
scout_gap,2,597,253.705,555.837,809.542,572,29,809.542,911.079
scout_generation,2,597,809542
scout_gap,2,598,252.781,558.067,810.848,572,30,810.848,913.100
scout_generation,2,598,810848
scout_gap,2,599,254.513,556.566,811.079,572,29,811.079,960.534
scout_generation,2,599,811079
scout_gap,2,600,254.666,556.659,811.325,572,29,811.325,927.099
scout_generation,2,600,811325
scout_gap,2,601,256.407,557.817,814.224,572,30,814.224,906.212
scout_generation,2,601,814224
scout_gap,2,602,254.659,558.031,812.690,572,30,812.690,925.192
scout_generation,2,602,812690
scout_gap,2,603,261.319,555.702,817.021,572,29,817.021,948.035
scout_generation,2,603,817021
scout_gap,2,604,258.552,557.307,815.859,572,30,815.859,919.171
scout_generation,2,604,815859
scout_gap,2,605,256.892,556.736,813.628,572,29,813.628,924.140
scout_generation,2,605,813628
scout_gap,2,606,258.368,556.632,815.000,572,29,815.000,925.861
scout_generation,2,606,815000
scout_gap,2,607,260.954,556.095,817.049,572,29,817.049,920.744
scout_generation,2,607,817049
scout_gap,2,608,261.873,556.091,817.964,572,29,817.964,893.000
scout_generation,2,608,817964
scout_gap,2,609,261.893,556.385,818.278,572,29,818.278,883.176
scout_generation,2,609,818278
scout_gap,2,610,260.389,558.212,818.601,572,30,818.601,931.735
scout_generation,2,610,818601
scout_gap,2,611,328.817,555.970,884.787,572,29,884.787,889.768
scout_generation,2,611,884787
scout_gap,2,612,265.420,555.598,821.018,572,29,821.018,898.192
scout_generation,2,612,821018
scout_gap,2,613,263.558,556.228,819.786,572,29,819.786,962.617
scout_generation,2,613,819786
scout_gap,2,614,261.967,557.064,819.031,572,29,819.031,916.668
scout_generation,2,614,819031
scout_gap,2,615,336.730,558.082,894.812,572,30,894.812,899.656
scout_generation,2,615,894812
scout_gap,2,616,390.861,556.371,947.232,572,29,947.232,953.640
scout_generation,2,616,947232
scout_gap,2,617,352.809,556.801,909.610,572,29,909.610,914.545
scout_generation,2,617,909610
scout_gap,2,618,366.486,558.131,924.617,572,30,924.617,929.571
scout_generation,2,618,924617
scout_gap,2,619,384.093,557.203,941.296,572,29,941.296,947.150
scout_generation,2,619,941296
scout_gap,2,620,387.987,557.466,945.453,572,30,945.453,951.304
scout_generation,2,620,945453
scout_gap,2,621,378.045,556.593,934.638,572,29,934.638,939.501
scout_generation,2,621,934638
scout_gap,2,622,322.231,557.297,879.528,572,29,879.528,884.319
scout_generation,2,622,879528
scout_gap,2,623,314.801,556.703,871.504,572,29,871.504,908.683
scout_generation,2,623,871504
scout_gap,2,624,333.842,556.515,890.357,572,29,890.357,895.165
scout_generation,2,624,890357
scout_gap,2,625,344.617,555.808,900.425,572,29,900.425,905.295
scout_generation,2,625,900425
scout_gap,2,626,267.758,556.839,824.597,572,29,824.597,910.109
scout_generation,2,626,824597
scout_gap,2,627,327.624,557.800,885.424,572,30,885.424,890.289
scout_generation,2,627,885424
scout_gap,2,628,362.155,556.366,918.521,572,29,918.521,924.174
scout_generation,2,628,918521
scout_gap,2,629,351.558,556.108,907.666,572,29,907.666,912.802
scout_generation,2,629,907666
scout_gap,2,630,340.574,556.378,896.952,572,29,896.952,902.256
scout_generation,2,630,896952
scout_gap,2,631,371.475,558.019,929.494,572,30,929.494,935.494
scout_generation,2,631,929494
scout_gap,2,632,387.702,555.608,943.310,572,29,943.310,948.622
scout_generation,2,632,943310
scout_gap,2,633,391.194,557.035,948.229,572,29,948.229,953.239
scout_generation,2,633,948229
scout_gap,2,634,388.012,556.507,944.519,572,29,944.519,949.640
scout_generation,2,634,944519
scout_gap,2,635,393.579,558.228,951.807,572,30,951.807,956.781
scout_generation,2,635,951807
scout_gap,2,636,388.470,557.227,945.697,572,29,945.697,950.711
scout_generation,2,636,945697
scout_gap,2,637,391.648,558.122,949.770,572,30,949.770,956.059
scout_generation,2,637,949770
scout_gap,2,638,392.735,555.946,948.681,572,29,948.681,953.937
scout_generation,2,638,948681
scout_gap,2,639,376.066,558.528,934.594,572,30,934.594,939.446
scout_generation,2,639,934594
scout_gap,2,640,389.503,556.133,945.636,572,29,945.636,950.511
scout_generation,2,640,945636
scout_gap,2,641,398.420,557.696,956.116,572,30,956.116,962.250
scout_generation,2,641,956116
scout_gap,2,642,397.073,555.861,952.934,572,29,952.934,958.001
scout_generation,2,642,952934
scout_gap,2,643,395.767,557.648,953.415,572,30,953.415,958.595
scout_generation,2,643,953415
scout_gap,2,644,392.095,557.298,949.393,572,30,949.393,954.323
scout_generation,2,644,949393
scout_gap,2,645,397.045,556.950,953.995,572,29,953.995,959.251
scout_generation,2,645,953995
scout_gap,2,646,379.712,558.105,937.817,572,30,937.817,943.249
scout_generation,2,646,937817
scout_gap,2,647,249.181,558.121,807.302,572,30,807.302,909.637
scout_generation,2,647,807302
scout_gap,2,648,377.514,558.056,935.570,572,30,935.570,941.426
scout_generation,2,648,935570
scout_gap,2,649,397.458,557.840,955.298,572,30,955.298,960.179
scout_generation,2,649,955298
scout_gap,2,650,397.429,557.655,955.084,572,30,955.084,960.052
scout_generation,2,650,955084
scout_gap,2,651,395.809,556.712,952.521,572,29,952.521,957.647
scout_generation,2,651,952521
scout_gap,2,652,384.667,556.045,940.712,572,29,940.712,945.595
scout_generation,2,652,940712
scout_gap,2,653,384.341,557.192,941.533,572,29,941.533,946.678
scout_generation,2,653,941533
scout_gap,2,654,394.730,556.284,951.014,572,29,951.014,955.865
scout_generation,2,654,951014
scout_gap,2,655,388.542,558.121,946.663,572,30,946.663,951.647
scout_generation,2,655,946663
scout_gap,2,656,235.047,557.076,792.123,572,29,792.123,939.121
scout_generation,2,656,792123
scout_gap,2,657,242.069,556.304,798.373,572,29,798.373,933.509
scout_generation,2,657,798373
scout_gap,2,658,253.409,557.524,810.933,572,30,810.933,886.092
scout_generation,2,658,810933
scout_gap,2,659,278.969,557.308,836.277,572,30,836.277,887.096
scout_generation,2,659,836277
scout_gap,2,660,285.994,557.258,843.252,572,29,843.252,904.753
scout_generation,2,660,843252
scout_gap,2,661,281.159,557.176,838.335,572,29,838.335,885.993
scout_generation,2,661,838335
scout_gap,2,662,267.317,555.661,822.978,572,29,822.978,910.397
scout_generation,2,662,822978
scout_gap,2,663,277.610,558.098,835.708,572,30,835.708,951.753
scout_generation,2,663,835708
scout_gap,2,664,276.348,556.831,833.179,572,29,833.179,906.875
scout_generation,2,664,833179
scout_gap,2,665,268.356,556.761,825.117,572,29,825.117,947.260
scout_generation,2,665,825117
scout_gap,2,666,278.851,558.088,836.939,572,30,836.939,962.487
scout_generation,2,666,836939
scout_gap,2,667,269.460,558.174,827.634,572,30,827.634,964.646
scout_generation,2,667,827634
scout_gap,2,668,268.260,558.160,826.420,572,30,826.420,914.345
scout_generation,2,668,826420
scout_gap,2,669,239.696,557.356,797.052,572,30,797.052,891.868
scout_generation,2,669,797052
scout_gap,2,670,237.720,557.056,794.776,572,29,794.776,950.964
scout_generation,2,670,794776
scout_gap,2,671,234.717,558.062,792.779,572,30,792.779,963.065
scout_generation,2,671,792779
scout_gap,2,672,235.128,556.744,791.872,572,29,791.872,922.279
scout_generation,2,672,791872
scout_gap,2,673,291.459,557.239,848.698,572,29,848.698,890.326
scout_generation,2,673,848698
scout_gap,2,674,274.519,555.852,830.371,572,29,830.371,957.927
scout_generation,2,674,830371
scout_gap,2,675,234.664,558.219,792.883,572,30,792.883,891.167
scout_generation,2,675,792883
scout_gap,2,676,274.059,557.380,831.439,572,30,831.439,960.388
scout_generation,2,676,831439
scout_gap,2,677,272.070,557.110,829.180,572,29,829.180,959.990
scout_generation,2,677,829180
scout_gap,2,678,269.390,557.420,826.810,572,30,826.810,959.660
scout_generation,2,678,826810
scout_gap,2,679,247.952,556.786,804.738,572,29,804.738,911.915
scout_generation,2,679,804738
scout_gap,2,680,237.925,555.648,793.573,572,29,793.573,921.224
scout_generation,2,680,793573
scout_gap,2,681,253.787,556.754,810.541,572,29,810.541,930.335
scout_generation,2,681,810541
scout_gap,2,682,281.915,557.628,839.543,572,30,839.543,942.941
scout_generation,2,682,839543
scout_gap,2,683,291.474,558.143,849.617,572,30,849.617,911.184
scout_generation,2,683,849617
scout_gap,2,684,307.481,556.674,864.155,572,29,864.155,932.299
scout_generation,2,684,864155
scout_gap,2,685,280.524,557.843,838.367,572,30,838.367,938.519
scout_generation,2,685,838367
scout_gap,2,686,300.478,557.124,857.602,572,29,857.602,934.411
scout_generation,2,686,857602
scout_gap,2,687,287.957,557.666,845.623,572,30,845.623,922.051
scout_generation,2,687,845623
scout_gap,2,688,284.070,557.815,841.885,572,30,841.885,943.731
scout_generation,2,688,841885
scout_gap,2,689,295.970,557.736,853.706,572,30,853.706,910.297
scout_generation,2,689,853706
scout_gap,2,690,282.387,557.157,839.544,572,29,839.544,918.466
scout_generation,2,690,839544
scout_gap,2,691,276.696,556.511,833.207,572,29,833.207,921.976
scout_generation,2,691,833207
scout_gap,2,692,285.650,556.471,842.121,572,28,842.121,900.204
scout_generation,2,692,842121
scout_gap,2,693,293.697,558.538,852.235,572,28,852.235,897.930
scout_generation,2,693,852235
scout_gap,2,694,362.342,576.028,938.370,572,26,938.370,943.442
scout_generation,2,694,938370
scout_gap,2,695,313.346,576.028,889.374,572,26,889.374,894.219
scout_generation,2,695,889374
scout_gap,2,696,303.209,578.010,881.219,572,27,881.219,886.029
scout_generation,2,696,881219
scout_gap,2,697,300.131,558.488,858.619,572,27,858.619,940.068
scout_generation,2,697,858619
scout_gap,2,698,399.621,555.985,955.606,572,26,955.606,960.568
scout_generation,2,698,955606
scout_gap,2,699,398.498,555.757,954.255,572,25,954.255,959.374
scout_generation,2,699,954255
reloadstall_csv,2,700,700,0,400400,0.922046,0.961283,0.965171,230.044,387.987,400.900,230.044,387.987,400.900,787.039,944.519,956.463,396,460,0,700,0
scout_clock,3,78907210,1791312813054595,78907211
scout_gap,3,0,228.612,523.781,752.393,572,30,752.393,901.406
scout_generation,3,0,752393
scout_gap,3,1,229.050,523.638,752.688,572,30,752.688,907.361
scout_generation,3,1,752688
scout_gap,3,2,228.512,523.709,752.221,572,30,752.221,926.835
scout_generation,3,2,752221
scout_gap,3,3,229.437,522.812,752.249,572,29,752.249,870.385
scout_generation,3,3,752249
scout_gap,3,4,230.166,522.678,752.844,572,29,752.844,850.787
scout_generation,3,4,752844
scout_gap,3,5,232.055,520.364,752.419,572,29,752.419,852.511
scout_generation,3,5,752419
scout_gap,3,6,228.768,523.948,752.716,572,30,752.716,848.811
scout_generation,3,6,752716
scout_gap,3,7,228.339,523.941,752.280,572,30,752.280,888.429
scout_generation,3,7,752280
scout_gap,3,8,229.446,523.436,752.882,572,30,752.882,860.618
scout_generation,3,8,752882
scout_gap,3,9,228.621,523.478,752.099,572,30,752.099,884.400
scout_generation,3,9,752099
scout_gap,3,10,230.189,522.635,752.824,572,29,752.824,884.795
scout_generation,3,10,752824
scout_gap,3,11,229.371,522.777,752.148,572,29,752.148,890.000
scout_generation,3,11,752148
scout_gap,3,12,232.468,520.320,752.788,572,29,752.788,915.871
scout_generation,3,12,752788
scout_gap,3,13,232.353,520.228,752.581,572,29,752.581,889.321
scout_generation,3,13,752581
scout_gap,3,14,232.937,519.932,752.869,572,29,752.869,872.767
scout_generation,3,14,752869
scout_gap,3,15,229.014,523.815,752.829,572,30,752.829,858.569
scout_generation,3,15,752829
scout_gap,3,16,232.191,519.995,752.186,572,29,752.186,896.441
scout_generation,3,16,752186
scout_gap,3,17,375.553,520.088,895.641,572,29,895.641,900.520
scout_generation,3,17,895641
scout_gap,3,18,365.729,524.009,889.738,572,30,889.738,894.694
scout_generation,3,18,889738
scout_gap,3,19,378.136,522.946,901.082,572,29,901.082,905.948
scout_generation,3,19,901082
scout_gap,3,20,376.501,520.214,896.715,572,29,896.715,901.770
scout_generation,3,20,896715
scout_gap,3,21,380.725,523.266,903.991,572,29,903.991,908.840
scout_generation,3,21,903991
scout_gap,3,22,397.089,523.849,920.938,572,30,920.938,925.849
scout_generation,3,22,920938
scout_gap,3,23,388.672,522.792,911.464,572,29,911.464,916.403
scout_generation,3,23,911464
scout_gap,3,24,327.132,522.698,849.830,572,29,849.830,898.639
scout_generation,3,24,849830
scout_gap,3,25,391.278,520.519,911.797,572,29,911.797,916.739
scout_generation,3,25,911797
scout_gap,3,26,352.103,523.510,875.613,572,30,875.613,880.628
scout_generation,3,26,875613
scout_gap,3,27,323.672,522.988,846.660,572,29,846.660,854.581
scout_generation,3,27,846660
scout_gap,3,28,330.597,523.500,854.097,572,30,854.097,858.981
scout_generation,3,28,854097
scout_gap,3,29,342.966,522.643,865.609,572,29,865.609,871.275
scout_generation,3,29,865609
scout_gap,3,30,356.589,521.342,877.931,572,29,877.931,884.203
scout_generation,3,30,877931
scout_gap,3,31,403.990,522.247,926.237,572,29,926.237,932.192
scout_generation,3,31,926237
scout_gap,3,32,405.817,521.206,927.023,572,29,927.023,932.109
scout_generation,3,32,927023
scout_gap,3,33,399.362,522.676,922.038,572,29,922.038,926.958
scout_generation,3,33,922038
scout_gap,3,34,399.918,520.029,919.947,572,29,919.947,924.910
scout_generation,3,34,919947
scout_gap,3,35,390.206,522.523,912.729,572,29,912.729,919.812
scout_generation,3,35,912729
scout_gap,3,36,395.027,521.748,916.775,572,29,916.775,921.697
scout_generation,3,36,916775
scout_gap,3,37,356.070,522.710,878.780,572,29,878.780,885.896
scout_generation,3,37,878780
scout_gap,3,38,367.758,523.531,891.289,572,30,891.289,898.425
scout_generation,3,38,891289
scout_gap,3,39,380.063,523.551,903.614,572,30,903.614,908.501
scout_generation,3,39,903614
scout_gap,3,40,377.452,522.548,900.000,572,29,900.000,907.248
scout_generation,3,40,900000
scout_gap,3,41,359.255,520.083,879.338,572,29,879.338,886.575
scout_generation,3,41,879338
scout_gap,3,42,385.006,523.531,908.537,572,30,908.537,913.345
scout_generation,3,42,908537
scout_gap,3,43,361.709,522.993,884.702,572,29,884.702,889.689
scout_generation,3,43,884702
scout_gap,3,44,356.778,523.364,880.142,572,29,880.142,885.040
scout_generation,3,44,880142
scout_gap,3,45,374.085,523.083,897.168,572,29,897.168,902.317
scout_generation,3,45,897168
scout_gap,3,46,387.063,522.690,909.753,572,29,909.753,914.962
scout_generation,3,46,909753
scout_gap,3,47,384.977,522.648,907.625,572,29,907.625,912.896
scout_generation,3,47,907625
scout_gap,3,48,365.272,519.588,884.860,572,29,884.860,890.678
scout_generation,3,48,884860
scout_gap,3,49,391.516,520.001,911.517,572,29,911.517,916.548
scout_generation,3,49,911517
scout_gap,3,50,358.709,522.934,881.643,572,29,881.643,886.637
scout_generation,3,50,881643
scout_gap,3,51,374.764,523.933,898.697,572,30,898.697,905.001
scout_generation,3,51,898697
scout_gap,3,52,383.375,522.629,906.004,572,29,906.004,910.952
scout_generation,3,52,906004
scout_gap,3,53,369.345,522.625,891.970,572,29,891.970,897.112
scout_generation,3,53,891970
scout_gap,3,54,360.409,522.648,883.057,572,29,883.057,888.027
scout_generation,3,54,883057
scout_gap,3,55,367.176,523.656,890.832,572,30,890.832,897.238
scout_generation,3,55,890832
scout_gap,3,56,372.441,523.548,895.989,572,30,895.989,900.923
scout_generation,3,56,895989
scout_gap,3,57,364.152,522.496,886.648,572,29,886.648,891.919
scout_generation,3,57,886648
scout_gap,3,58,393.818,520.419,914.237,572,29,914.237,919.115
scout_generation,3,58,914237
scout_gap,3,59,372.229,522.784,895.013,572,29,895.013,900.008
scout_generation,3,59,895013
scout_gap,3,60,371.030,519.993,891.023,572,29,891.023,895.929
scout_generation,3,60,891023
scout_gap,3,61,362.644,523.369,886.013,572,29,886.013,893.261
scout_generation,3,61,886013
scout_gap,3,62,361.652,523.598,885.250,572,30,885.250,890.234
scout_generation,3,62,885250
scout_gap,3,63,394.853,522.701,917.554,572,29,917.554,922.570
scout_generation,3,63,917554
scout_gap,3,64,329.272,523.917,853.189,572,30,853.189,861.057
scout_generation,3,64,853189
scout_gap,3,65,381.928,519.680,901.608,572,29,901.608,906.603
scout_generation,3,65,901608
scout_gap,3,66,388.582,521.436,910.018,572,29,910.018,914.870
scout_generation,3,66,910018
scout_gap,3,67,323.394,523.828,847.222,572,30,847.222,852.131
scout_generation,3,67,847222
scout_gap,3,68,325.522,522.682,848.204,572,29,848.204,853.342
scout_generation,3,68,848204
scout_gap,3,69,405.869,520.264,926.133,572,29,926.133,931.171
scout_generation,3,69,926133
scout_gap,3,70,401.585,522.639,924.224,572,29,924.224,929.066
scout_generation,3,70,924224
scout_gap,3,71,395.041,523.948,918.989,572,30,918.989,923.905
scout_generation,3,71,918989
scout_gap,3,72,401.784,522.696,924.480,572,29,924.480,929.409
scout_generation,3,72,924480
scout_gap,3,73,356.104,522.674,878.778,572,29,878.778,886.110
scout_generation,3,73,878778
scout_gap,3,74,357.019,522.721,879.740,572,29,879.740,884.826
scout_generation,3,74,879740
scout_gap,3,75,378.222,520.452,898.674,572,29,898.674,903.568
scout_generation,3,75,898674
scout_gap,3,76,382.448,522.683,905.131,572,29,905.131,909.981
scout_generation,3,76,905131
scout_gap,3,77,372.850,519.614,892.464,572,29,892.464,898.636
scout_generation,3,77,892464
scout_gap,3,78,360.569,520.135,880.704,572,29,880.704,885.667
scout_generation,3,78,880704
scout_gap,3,79,358.789,522.896,881.685,572,29,881.685,888.807
scout_generation,3,79,881685
scout_gap,3,80,382.448,519.923,902.371,572,29,902.371,907.576
scout_generation,3,80,902371
scout_gap,3,81,361.720,522.733,884.453,572,29,884.453,889.459
scout_generation,3,81,884453
scout_gap,3,82,363.541,523.133,886.674,572,29,886.674,892.382
scout_generation,3,82,886674
scout_gap,3,83,377.382,519.923,897.305,572,29,897.305,904.020
scout_generation,3,83,897305
scout_gap,3,84,392.543,522.462,915.005,572,29,915.005,919.867
scout_generation,3,84,915005
scout_gap,3,85,396.595,522.445,919.040,572,29,919.040,926.171
scout_generation,3,85,919040
scout_gap,3,86,377.242,523.731,900.973,572,30,900.973,905.778
scout_generation,3,86,900973
scout_gap,3,87,387.313,519.985,907.298,572,29,907.298,914.311
scout_generation,3,87,907298
scout_gap,3,88,357.688,521.356,879.044,572,29,879.044,885.996
scout_generation,3,88,879044
scout_gap,3,89,358.127,521.913,880.040,572,29,880.040,884.969
scout_generation,3,89,880040
scout_gap,3,90,388.313,522.688,911.001,572,29,911.001,918.122
scout_generation,3,90,911001
scout_gap,3,91,356.995,523.457,880.452,572,29,880.452,886.592
scout_generation,3,91,880452
scout_gap,3,92,360.577,522.626,883.203,572,29,883.203,888.150
scout_generation,3,92,883203
scout_gap,3,93,361.137,522.654,883.791,572,29,883.791,888.736
scout_generation,3,93,883791
scout_gap,3,94,362.143,522.517,884.660,572,29,884.660,889.844
scout_generation,3,94,884660
scout_gap,3,95,358.843,520.074,878.917,572,29,878.917,883.939
scout_generation,3,95,878917
scout_gap,3,96,356.528,522.577,879.105,572,29,879.105,884.600
scout_generation,3,96,879105
scout_gap,3,97,384.068,523.464,907.532,572,29,907.532,912.394
scout_generation,3,97,907532
scout_gap,3,98,365.983,523.957,889.940,572,30,889.940,895.213
scout_generation,3,98,889940
scout_gap,3,99,379.453,520.802,900.255,572,29,900.255,905.090
scout_generation,3,99,900255
scout_gap,3,100,386.628,519.648,906.276,572,29,906.276,911.433
scout_generation,3,100,906276
scout_gap,3,101,361.107,520.127,881.234,572,29,881.234,886.586
scout_generation,3,101,881234
scout_gap,3,102,387.470,520.061,907.531,572,29,907.531,912.547
scout_generation,3,102,907531
scout_gap,3,103,349.691,522.510,872.201,572,29,872.201,877.120
scout_generation,3,103,872201
scout_gap,3,104,323.877,521.219,845.096,572,29,845.096,853.140
scout_generation,3,104,845096
scout_gap,3,105,393.208,522.702,915.910,572,29,915.910,920.902
scout_generation,3,105,915910
scout_gap,3,106,372.354,524.060,896.414,572,30,896.414,901.311
scout_generation,3,106,896414
scout_gap,3,107,349.573,522.862,872.435,572,29,872.435,877.676
scout_generation,3,107,872435
scout_gap,3,108,330.510,522.632,853.142,572,29,853.142,858.248
scout_generation,3,108,853142
scout_gap,3,109,404.249,522.805,927.054,572,29,927.054,932.111
scout_generation,3,109,927054
scout_gap,3,110,403.840,523.983,927.823,572,30,927.823,933.026
scout_generation,3,110,927823
scout_gap,3,111,401.031,523.858,924.889,572,30,924.889,929.846
scout_generation,3,111,924889
scout_gap,3,112,333.575,519.832,853.407,572,29,853.407,860.598
scout_generation,3,112,853407
scout_gap,3,113,379.517,522.139,901.656,572,29,901.656,906.535
scout_generation,3,113,901656
scout_gap,3,114,401.939,519.793,921.732,572,29,921.732,926.679
scout_generation,3,114,921732
scout_gap,3,115,397.762,520.426,918.188,572,29,918.188,924.861
scout_generation,3,115,918188
scout_gap,3,116,361.755,522.532,884.287,572,29,884.287,890.915
scout_generation,3,116,884287
scout_gap,3,117,406.658,520.361,927.019,572,29,927.019,931.950
scout_generation,3,117,927019
scout_gap,3,118,404.676,522.835,927.511,572,29,927.511,933.026
scout_generation,3,118,927511
scout_gap,3,119,399.726,520.183,919.909,572,29,919.909,924.897
scout_generation,3,119,919909
scout_gap,3,120,393.421,523.519,916.940,572,30,916.940,921.943
scout_generation,3,120,916940
scout_gap,3,121,375.389,522.830,898.219,572,29,898.219,905.321
scout_generation,3,121,898219
scout_gap,3,122,361.611,523.268,884.879,572,29,884.879,890.030
scout_generation,3,122,884879
scout_gap,3,123,381.409,523.475,904.884,572,30,904.884,909.719
scout_generation,3,123,904884
scout_gap,3,124,399.574,519.585,919.159,572,29,919.159,924.184
scout_generation,3,124,919159
scout_gap,3,125,390.346,519.947,910.293,572,29,910.293,915.119
scout_generation,3,125,910293
scout_gap,3,126,341.380,520.139,861.519,572,29,861.519,866.424
scout_generation,3,126,861519
scout_gap,3,127,391.388,523.519,914.907,572,30,914.907,919.818
scout_generation,3,127,914907
scout_gap,3,128,362.180,523.546,885.726,572,30,885.726,890.601
scout_generation,3,128,885726
scout_gap,3,129,384.162,522.477,906.639,572,29,906.639,911.469
scout_generation,3,129,906639
scout_gap,3,130,331.159,522.658,853.817,572,29,853.817,858.647
scout_generation,3,130,853817
scout_gap,3,131,344.279,523.245,867.524,572,29,867.524,872.348
scout_generation,3,131,867524
scout_gap,3,132,401.301,520.817,922.118,572,29,922.118,927.759
scout_generation,3,132,922118
scout_gap,3,133,405.495,519.647,925.142,572,29,925.142,930.432
scout_generation,3,133,925142
scout_gap,3,134,401.341,520.442,921.783,572,29,921.783,926.908
scout_generation,3,134,921783
scout_gap,3,135,395.762,522.679,918.441,572,29,918.441,924.400
scout_generation,3,135,918441
scout_gap,3,136,396.787,523.550,920.337,572,30,920.337,925.547
scout_generation,3,136,920337
scout_gap,3,137,397.332,522.666,919.998,572,29,919.998,924.841
scout_generation,3,137,919998
scout_gap,3,138,392.444,523.479,915.923,572,30,915.923,921.998
scout_generation,3,138,915923
scout_gap,3,139,363.553,522.642,886.195,572,29,886.195,891.111
scout_generation,3,139,886195
scout_gap,3,140,358.934,519.905,878.839,572,29,878.839,885.910
scout_generation,3,140,878839
scout_gap,3,141,377.249,523.208,900.457,572,29,900.457,905.559
scout_generation,3,141,900457
scout_gap,3,142,372.311,522.967,895.278,572,29,895.278,900.215
scout_generation,3,142,895278
scout_gap,3,143,229.757,522.705,752.462,572,29,752.462,866.680
scout_generation,3,143,752462
scout_gap,3,144,229.438,523.063,752.501,572,29,752.501,874.529
scout_generation,3,144,752501
scout_gap,3,145,369.245,520.839,890.084,572,29,890.084,894.961
scout_generation,3,145,890084
scout_gap,3,146,351.082,523.509,874.591,572,30,874.591,879.494
scout_generation,3,146,874591
scout_gap,3,147,231.072,521.680,752.752,572,29,752.752,898.564
scout_generation,3,147,752752
scout_gap,3,148,230.086,522.763,752.849,572,29,752.849,880.382
scout_generation,3,148,752849
scout_gap,3,149,229.217,523.650,752.867,572,30,752.867,868.100
scout_generation,3,149,752867
scout_gap,3,150,232.520,520.262,752.782,572,29,752.782,877.064
scout_generation,3,150,752782
scout_gap,3,151,229.804,522.940,752.744,572,29,752.744,861.683
scout_generation,3,151,752744
scout_gap,3,152,232.200,520.460,752.660,572,29,752.660,858.766
scout_generation,3,152,752660
scout_gap,3,153,229.650,523.255,752.905,572,29,752.905,894.748
scout_generation,3,153,752905
scout_gap,3,154,232.265,520.720,752.985,572,29,752.985,891.226
scout_generation,3,154,752985
scout_gap,3,155,230.501,522.628,753.129,572,29,753.129,890.811
scout_generation,3,155,753129
scout_gap,3,156,232.958,520.232,753.190,572,29,753.190,907.056
scout_generation,3,156,753190
scout_gap,3,157,230.704,522.685,753.389,572,29,753.389,865.748
scout_generation,3,157,753389
scout_gap,3,158,233.143,520.011,753.154,572,29,753.154,891.478
scout_generation,3,158,753154
scout_gap,3,159,229.287,523.955,753.242,572,30,753.242,862.321
scout_generation,3,159,753242
scout_gap,3,160,229.249,523.732,752.981,572,30,752.981,901.563
scout_generation,3,160,752981
scout_gap,3,161,232.633,520.297,752.930,572,29,752.930,929.546
scout_generation,3,161,752930
scout_gap,3,162,229.503,523.456,752.959,572,30,752.959,887.727
scout_generation,3,162,752959
scout_gap,3,163,230.250,522.750,753.000,572,29,753.000,869.860
scout_generation,3,163,753000
scout_gap,3,164,229.697,523.833,753.530,572,30,753.530,851.690
scout_generation,3,164,753530
scout_gap,3,165,230.903,522.649,753.552,572,29,753.552,891.306
scout_generation,3,165,753552
scout_gap,3,166,230.824,522.676,753.500,572,29,753.500,878.697
scout_generation,3,166,753500
scout_gap,3,167,233.324,520.175,753.499,572,29,753.499,889.777
scout_generation,3,167,753499
scout_gap,3,168,230.088,523.750,753.838,572,30,753.838,874.570
scout_generation,3,168,753838
scout_gap,3,169,231.398,522.500,753.898,572,29,753.898,867.534
scout_generation,3,169,753898
scout_gap,3,170,231.397,522.565,753.962,572,29,753.962,845.045
scout_generation,3,170,753962
scout_gap,3,171,230.652,522.667,753.319,572,29,753.319,929.800
scout_generation,3,171,753319
scout_gap,3,172,233.515,519.914,753.429,572,29,753.429,860.716
scout_generation,3,172,753429
scout_gap,3,173,232.669,520.783,753.452,572,29,753.452,847.971
scout_generation,3,173,753452
scout_gap,3,174,230.759,522.650,753.409,572,29,753.409,863.082
scout_generation,3,174,753409
scout_gap,3,175,232.430,521.376,753.806,572,29,753.806,896.585
scout_generation,3,175,753806
scout_gap,3,176,230.349,523.433,753.782,572,30,753.782,915.297
scout_generation,3,176,753782
scout_gap,3,177,230.087,523.608,753.695,572,30,753.695,917.337
scout_generation,3,177,753695
scout_gap,3,178,233.387,520.627,754.014,572,29,754.014,914.717
scout_generation,3,178,754014
scout_gap,3,179,230.235,523.936,754.171,572,30,754.171,921.402
scout_generation,3,179,754171
scout_gap,3,180,233.983,520.243,754.226,572,29,754.226,911.079
scout_generation,3,180,754226
scout_gap,3,181,233.160,520.897,754.057,572,29,754.057,909.672
scout_generation,3,181,754057
scout_gap,3,182,231.205,523.014,754.219,572,29,754.219,925.992
scout_generation,3,182,754219
scout_gap,3,183,234.726,519.880,754.606,572,29,754.606,850.181
scout_generation,3,183,754606
scout_gap,3,184,231.713,522.707,754.420,572,29,754.420,866.082
scout_generation,3,184,754420
scout_gap,3,185,233.863,520.202,754.065,572,29,754.065,871.383
scout_generation,3,185,754065
scout_gap,3,186,233.809,520.527,754.336,572,29,754.336,923.306
scout_generation,3,186,754336
scout_gap,3,187,231.525,522.909,754.434,572,29,754.434,912.732
scout_generation,3,187,754434
scout_gap,3,188,232.135,522.512,754.647,572,29,754.647,879.877
scout_generation,3,188,754647
scout_gap,3,189,230.937,523.830,754.767,572,30,754.767,929.272
scout_generation,3,189,754767
scout_gap,3,190,231.945,522.954,754.899,572,29,754.899,929.730
scout_generation,3,190,754899
scout_gap,3,191,231.103,523.824,754.927,572,30,754.927,908.372
scout_generation,3,191,754927
scout_gap,3,192,232.226,522.647,754.873,572,29,754.873,905.603
scout_generation,3,192,754873
scout_gap,3,193,235.516,519.681,755.197,572,29,755.197,902.898
scout_generation,3,193,755197
scout_gap,3,194,232.307,522.758,755.065,572,29,755.065,903.502
scout_generation,3,194,755065
scout_gap,3,195,233.999,520.947,754.946,572,29,754.946,844.412
scout_generation,3,195,754946
scout_gap,3,196,232.567,522.654,755.221,572,29,755.221,902.341
scout_generation,3,196,755221
scout_gap,3,197,231.512,523.645,755.157,572,30,755.157,850.414
scout_generation,3,197,755157
scout_gap,3,198,231.517,523.833,755.350,572,30,755.350,853.230
scout_generation,3,198,755350
scout_gap,3,199,231.893,523.487,755.380,572,30,755.380,906.322
scout_generation,3,199,755380
scout_gap,3,200,233.025,522.469,755.494,572,29,755.494,858.320
scout_generation,3,200,755494
scout_gap,3,201,231.491,524.070,755.561,572,30,755.561,861.642
scout_generation,3,201,755561
scout_gap,3,202,232.449,523.170,755.619,572,29,755.619,867.168
scout_generation,3,202,755619
scout_gap,3,203,233.742,521.971,755.713,572,29,755.713,901.048
scout_generation,3,203,755713
scout_gap,3,204,236.202,519.597,755.799,572,29,755.799,843.944
scout_generation,3,204,755799
scout_gap,3,205,233.346,522.590,755.936,572,29,755.936,856.896
scout_generation,3,205,755936
scout_gap,3,206,236.044,519.942,755.986,572,29,755.986,878.856
scout_generation,3,206,755986
scout_gap,3,207,233.401,522.662,756.063,572,29,756.063,889.189
scout_generation,3,207,756063
scout_gap,3,208,233.706,522.435,756.141,572,29,756.141,865.140
scout_generation,3,208,756141
scout_gap,3,209,235.856,520.406,756.262,572,29,756.262,853.283
scout_generation,3,209,756262
scout_gap,3,210,232.522,523.822,756.344,572,30,756.344,873.909
scout_generation,3,210,756344
scout_gap,3,211,228.472,524.069,752.541,572,30,752.541,867.449
scout_generation,3,211,752541
scout_gap,3,212,230.191,522.645,752.836,572,29,752.836,874.362
scout_generation,3,212,752836
scout_gap,3,213,229.934,522.943,752.877,572,29,752.877,872.968
scout_generation,3,213,752877
scout_gap,3,214,229.471,523.370,752.841,572,29,752.841,873.940
scout_generation,3,214,752841
scout_gap,3,215,233.133,519.570,752.703,572,29,752.703,869.933
scout_generation,3,215,752703
scout_gap,3,216,229.530,523.718,753.248,572,30,753.248,909.534
scout_generation,3,216,753248
scout_gap,3,217,230.544,522.619,753.163,572,29,753.163,840.146
scout_generation,3,217,753163
scout_gap,3,218,233.152,519.913,753.065,572,29,753.065,854.016
scout_generation,3,218,753065
scout_gap,3,219,230.238,522.689,752.927,572,29,752.927,847.611
scout_generation,3,219,752927
scout_gap,3,220,229.772,523.022,752.794,572,29,752.794,854.349
scout_generation,3,220,752794
scout_gap,3,221,230.254,522.545,752.799,572,29,752.799,872.164
scout_generation,3,221,752799
scout_gap,3,222,233.179,519.618,752.797,572,29,752.797,899.480
scout_generation,3,222,752797
scout_gap,3,223,232.738,520.252,752.990,572,29,752.990,873.564
scout_generation,3,223,752990
scout_gap,3,224,230.463,522.688,753.151,572,29,753.151,853.351
scout_generation,3,224,753151
scout_gap,3,225,230.653,522.526,753.179,572,29,753.179,876.770
scout_generation,3,225,753179
scout_gap,3,226,230.559,522.511,753.070,572,29,753.070,918.930
scout_generation,3,226,753070
scout_gap,3,227,232.298,520.671,752.969,572,29,752.969,848.534
scout_generation,3,227,752969
scout_gap,3,228,230.531,522.493,753.024,572,29,753.024,876.381
scout_generation,3,228,753024
scout_gap,3,229,230.535,522.662,753.197,572,29,753.197,877.290
scout_generation,3,229,753197
scout_gap,3,230,229.221,523.956,753.177,572,30,753.177,922.222
scout_generation,3,230,753177
scout_gap,3,231,233.572,519.848,753.420,572,29,753.420,899.848
scout_generation,3,231,753420
scout_gap,3,232,233.616,520.008,753.624,572,29,753.624,845.458
scout_generation,3,232,753624
scout_gap,3,233,230.022,523.506,753.528,572,29,753.528,869.385
scout_generation,3,233,753528
scout_gap,3,234,230.995,522.667,753.662,572,29,753.662,864.658
scout_generation,3,234,753662
scout_gap,3,235,230.371,523.230,753.601,572,29,753.601,846.908
scout_generation,3,235,753601
scout_gap,3,236,233.436,520.025,753.461,572,29,753.461,907.772
scout_generation,3,236,753461
scout_gap,3,237,230.070,523.384,753.454,572,30,753.454,904.710
scout_generation,3,237,753454
scout_gap,3,238,233.241,520.166,753.407,572,29,753.407,855.477
scout_generation,3,238,753407
scout_gap,3,239,230.472,523.192,753.664,572,29,753.664,911.424
scout_generation,3,239,753664
scout_gap,3,240,231.322,522.673,753.995,572,29,753.995,901.808
scout_generation,3,240,753995
scout_gap,3,241,232.581,521.399,753.980,572,29,753.980,908.519
scout_generation,3,241,753980
scout_gap,3,242,231.089,522.537,753.626,572,29,753.626,903.875
scout_generation,3,242,753626
scout_gap,3,243,234.029,519.674,753.703,572,29,753.703,895.412
scout_generation,3,243,753703
scout_gap,3,244,232.505,521.314,753.819,572,29,753.819,927.972
scout_generation,3,244,753819
scout_gap,3,245,233.645,520.191,753.836,572,29,753.836,926.647
scout_generation,3,245,753836
scout_gap,3,246,231.453,522.458,753.911,572,29,753.911,877.160
scout_generation,3,246,753911
scout_gap,3,247,234.584,519.578,754.162,572,29,754.162,915.094
scout_generation,3,247,754162
scout_gap,3,248,230.616,523.639,754.255,572,30,754.255,907.432
scout_generation,3,248,754255
scout_gap,3,249,231.275,522.950,754.225,572,29,754.225,878.713
scout_generation,3,249,754225
scout_gap,3,250,230.538,523.630,754.168,572,30,754.168,892.908
scout_generation,3,250,754168
scout_gap,3,251,234.395,519.966,754.361,572,29,754.361,866.288
scout_generation,3,251,754361
scout_gap,3,252,230.581,523.485,754.066,572,30,754.066,926.948
scout_generation,3,252,754066
scout_gap,3,253,231.968,522.580,754.548,572,29,754.548,860.911
scout_generation,3,253,754548
scout_gap,3,254,230.445,523.976,754.421,572,30,754.421,862.390
scout_generation,3,254,754421
scout_gap,3,255,230.333,523.811,754.144,572,30,754.144,927.739
scout_generation,3,255,754144
scout_gap,3,256,231.977,522.669,754.646,572,29,754.646,847.317
scout_generation,3,256,754646
scout_gap,3,257,231.671,522.798,754.469,572,29,754.469,846.078
scout_generation,3,257,754469
scout_gap,3,258,231.019,523.465,754.484,572,30,754.484,853.156
scout_generation,3,258,754484
scout_gap,3,259,231.301,523.462,754.763,572,30,754.763,854.707
scout_generation,3,259,754763
scout_gap,3,260,231.274,523.645,754.919,572,30,754.919,868.495
scout_generation,3,260,754919
scout_gap,3,261,234.246,520.632,754.878,572,29,754.878,857.830
scout_generation,3,261,754878
scout_gap,3,262,233.903,520.853,754.756,572,29,754.756,865.423
scout_generation,3,262,754756
scout_gap,3,263,232.343,522.584,754.927,572,29,754.927,877.212
scout_generation,3,263,754927
scout_gap,3,264,234.990,519.932,754.922,572,29,754.922,862.447
scout_generation,3,264,754922
scout_gap,3,265,232.439,522.668,755.107,572,29,755.107,903.638
scout_generation,3,265,755107
scout_gap,3,266,235.500,519.740,755.240,572,29,755.240,920.279
scout_generation,3,266,755240
scout_gap,3,267,228.828,524.052,752.880,572,30,752.880,916.890
scout_generation,3,267,752880
scout_gap,3,268,229.136,523.741,752.877,572,30,752.877,840.520
scout_generation,3,268,752877
scout_gap,3,269,232.290,522.868,755.158,572,29,755.158,859.676
scout_generation,3,269,755158
scout_gap,3,270,228.840,524.030,752.870,572,30,752.870,845.060
scout_generation,3,270,752870
scout_gap,3,271,229.599,523.228,752.827,572,29,752.827,850.653
scout_generation,3,271,752827
scout_gap,3,272,231.400,521.568,752.968,572,29,752.968,925.831
scout_generation,3,272,752968
scout_gap,3,273,230.291,522.068,752.359,572,29,752.359,858.321
scout_generation,3,273,752359
scout_gap,3,274,230.474,522.269,752.743,572,29,752.743,867.394
scout_generation,3,274,752743
scout_gap,3,275,229.055,523.858,752.913,572,30,752.913,922.797
scout_generation,3,275,752913
scout_gap,3,276,229.372,523.527,752.899,572,30,752.899,841.710
scout_generation,3,276,752899
scout_gap,3,277,232.673,520.525,753.198,572,29,753.198,908.377
scout_generation,3,277,753198
scout_gap,3,278,232.714,520.494,753.208,572,29,753.208,900.004
scout_generation,3,278,753208
scout_gap,3,279,230.654,522.517,753.171,572,29,753.171,856.433
scout_generation,3,279,753171
scout_gap,3,280,233.625,520.006,753.631,572,29,753.631,839.403
scout_generation,3,280,753631
scout_gap,3,281,230.920,522.530,753.450,572,29,753.450,851.668
scout_generation,3,281,753450
scout_gap,3,282,229.250,523.821,753.071,572,30,753.071,849.486
scout_generation,3,282,753071
scout_gap,3,283,230.640,522.471,753.111,572,29,753.111,866.217
scout_generation,3,283,753111
scout_gap,3,284,233.444,519.600,753.044,572,29,753.044,911.750
scout_generation,3,284,753044
scout_gap,3,285,229.224,523.732,752.956,572,30,752.956,891.009
scout_generation,3,285,752956
scout_gap,3,286,229.693,523.547,753.240,572,30,753.240,871.253
scout_generation,3,286,753240
scout_gap,3,287,230.242,522.777,753.019,572,29,753.019,848.445
scout_generation,3,287,753019
scout_gap,3,288,230.594,522.633,753.227,572,29,753.227,889.580
scout_generation,3,288,753227
scout_gap,3,289,230.069,523.068,753.137,572,29,753.137,846.844
scout_generation,3,289,753137
scout_gap,3,290,230.287,522.994,753.281,572,29,753.281,848.237
scout_generation,3,290,753281
scout_gap,3,291,233.529,519.989,753.518,572,29,753.518,847.848
scout_generation,3,291,753518
scout_gap,3,292,230.324,523.226,753.550,572,29,753.550,905.791
scout_generation,3,292,753550
scout_gap,3,293,229.738,524.044,753.782,572,30,753.782,911.414
scout_generation,3,293,753782
scout_gap,3,294,232.126,521.255,753.381,572,29,753.381,876.974
scout_generation,3,294,753381
scout_gap,3,295,230.339,522.968,753.307,572,29,753.307,855.893
scout_generation,3,295,753307
scout_gap,3,296,230.903,522.487,753.390,572,29,753.390,861.260
scout_generation,3,296,753390
scout_gap,3,297,231.159,522.661,753.820,572,29,753.820,859.528
scout_generation,3,297,753820
scout_gap,3,298,230.656,523.222,753.878,572,29,753.878,863.298
scout_generation,3,298,753878
scout_gap,3,299,231.360,522.574,753.934,572,29,753.934,841.989
scout_generation,3,299,753934
scout_gap,3,300,233.689,520.071,753.760,572,29,753.760,863.239
scout_generation,3,300,753760
scout_gap,3,301,230.242,523.490,753.732,572,29,753.732,861.533
scout_generation,3,301,753732
scout_gap,3,302,231.258,522.681,753.939,572,29,753.939,841.889
scout_generation,3,302,753939
scout_gap,3,303,230.345,524.009,754.354,572,30,754.354,879.002
scout_generation,3,303,754354
scout_gap,3,304,232.387,521.820,754.207,572,29,754.207,846.720
scout_generation,3,304,754207
scout_gap,3,305,232.184,522.082,754.266,572,29,754.266,916.463
scout_generation,3,305,754266
scout_gap,3,306,231.521,522.671,754.192,572,29,754.192,841.395
scout_generation,3,306,754192
scout_gap,3,307,233.797,520.561,754.358,572,29,754.358,840.208
scout_generation,3,307,754358
scout_gap,3,308,232.403,521.784,754.187,572,29,754.187,842.183
scout_generation,3,308,754187
scout_gap,3,309,231.438,523.271,754.709,572,29,754.709,908.230
scout_generation,3,309,754709
scout_gap,3,310,234.515,519.943,754.458,572,29,754.458,909.463
scout_generation,3,310,754458
scout_gap,3,311,231.829,522.762,754.591,572,29,754.591,863.857
scout_generation,3,311,754591
scout_gap,3,312,234.081,520.496,754.577,572,29,754.577,847.186
scout_generation,3,312,754577
scout_gap,3,313,231.302,523.239,754.541,572,29,754.541,902.516
scout_generation,3,313,754541
scout_gap,3,314,230.938,523.467,754.405,572,30,754.405,856.037
scout_generation,3,314,754405
scout_gap,3,315,231.202,523.539,754.741,572,30,754.741,924.976
scout_generation,3,315,754741
scout_gap,3,316,232.167,522.687,754.854,572,29,754.854,864.361
scout_generation,3,316,754854
scout_gap,3,317,235.246,519.704,754.950,572,29,754.950,910.840
scout_generation,3,317,754950
scout_gap,3,318,230.968,521.653,752.621,572,29,752.621,893.425
scout_generation,3,318,752621
scout_gap,3,319,230.535,522.321,752.856,572,29,752.856,851.288
scout_generation,3,319,752856
scout_gap,3,320,230.211,522.656,752.867,572,29,752.867,859.961
scout_generation,3,320,752867
scout_gap,3,321,232.734,520.050,752.784,572,29,752.784,861.482
scout_generation,3,321,752784
scout_gap,3,322,231.058,521.761,752.819,572,29,752.819,854.059
scout_generation,3,322,752819
scout_gap,3,323,231.162,521.949,753.111,572,29,753.111,897.774
scout_generation,3,323,753111
scout_gap,3,324,232.911,520.067,752.978,572,29,752.978,908.847
scout_generation,3,324,752978
scout_gap,3,325,231.007,522.226,753.233,572,29,753.233,915.566
scout_generation,3,325,753233
scout_gap,3,326,230.447,522.670,753.117,572,29,753.117,900.504
scout_generation,3,326,753117
scout_gap,3,327,229.764,523.861,753.625,572,30,753.625,914.199
scout_generation,3,327,753625
scout_gap,3,328,233.023,520.991,754.014,572,29,754.014,889.416
scout_generation,3,328,754014
scout_gap,3,329,229.787,523.635,753.422,572,30,753.422,877.266
scout_generation,3,329,753422
scout_gap,3,330,232.243,520.807,753.050,572,29,753.050,909.760
scout_generation,3,330,753050
scout_gap,3,331,229.452,523.996,753.448,572,30,753.448,854.833
scout_generation,3,331,753448
scout_gap,3,332,230.395,523.181,753.576,572,29,753.576,859.378
scout_generation,3,332,753576
scout_gap,3,333,233.114,519.911,753.025,572,29,753.025,892.236
scout_generation,3,333,753025
scout_gap,3,334,232.266,520.797,753.063,572,29,753.063,906.078
scout_generation,3,334,753063
scout_gap,3,335,231.835,521.301,753.136,572,29,753.136,917.815
scout_generation,3,335,753136
scout_gap,3,336,233.172,520.044,753.216,572,29,753.216,871.736
scout_generation,3,336,753216
scout_gap,3,337,233.212,520.217,753.429,572,29,753.429,911.439
scout_generation,3,337,753429
scout_gap,3,338,230.557,522.590,753.147,572,29,753.147,898.162
scout_generation,3,338,753147
scout_gap,3,339,230.140,522.956,753.096,572,29,753.096,895.678
scout_generation,3,339,753096
scout_gap,3,340,230.318,522.927,753.245,572,29,753.245,881.636
scout_generation,3,340,753245
scout_gap,3,341,230.033,523.212,753.245,572,29,753.245,898.600
scout_generation,3,341,753245
scout_gap,3,342,230.232,522.679,752.911,572,29,752.911,896.416
scout_generation,3,342,752911
scout_gap,3,343,232.481,520.462,752.943,572,29,752.943,874.824
scout_generation,3,343,752943
scout_gap,3,344,232.769,519.964,752.733,572,29,752.733,870.489
scout_generation,3,344,752733
scout_gap,3,345,232.952,519.811,752.763,572,29,752.763,847.958
scout_generation,3,345,752763
scout_gap,3,346,230.092,523.202,753.294,572,29,753.294,866.845
scout_generation,3,346,753294
scout_gap,3,347,233.489,519.857,753.346,572,29,753.346,910.151
scout_generation,3,347,753346
scout_gap,3,348,232.937,520.418,753.355,572,29,753.355,894.007
scout_generation,3,348,753355
scout_gap,3,349,230.711,523.059,753.770,572,29,753.770,892.507
scout_generation,3,349,753770
scout_gap,3,350,231.266,522.489,753.755,572,29,753.755,898.561
scout_generation,3,350,753755
scout_gap,3,351,233.776,520.079,753.855,572,29,753.855,893.143
scout_generation,3,351,753855
scout_gap,3,352,229.731,523.946,753.677,572,30,753.677,865.692
scout_generation,3,352,753677
scout_gap,3,353,232.568,521.144,753.712,572,29,753.712,917.469
scout_generation,3,353,753712
scout_gap,3,354,232.828,520.884,753.712,572,29,753.712,860.337
scout_generation,3,354,753712
scout_gap,3,355,229.184,523.517,752.701,572,30,752.701,873.967
scout_generation,3,355,752701
scout_gap,3,356,236.660,523.527,760.187,572,30,760.187,883.734
scout_generation,3,356,760187
scout_gap,3,357,240.346,521.361,761.707,572,29,761.707,857.829
scout_generation,3,357,761707
scout_gap,3,358,240.112,522.183,762.295,572,29,762.295,903.326
scout_generation,3,358,762295
scout_gap,3,359,244.737,520.239,764.976,572,29,764.976,860.061
scout_generation,3,359,764976
scout_gap,3,360,240.905,519.993,760.898,572,29,760.898,860.055
scout_generation,3,360,760898
scout_gap,3,361,238.878,523.235,762.113,572,29,762.113,891.027
scout_generation,3,361,762113
scout_gap,3,362,238.999,522.454,761.453,572,29,761.453,873.081
scout_generation,3,362,761453
scout_gap,3,363,237.404,523.211,760.615,572,29,760.615,881.439
scout_generation,3,363,760615
scout_gap,3,364,238.347,520.773,759.120,572,29,759.120,860.937
scout_generation,3,364,759120
scout_gap,3,365,237.031,522.392,759.423,572,29,759.423,915.629
scout_generation,3,365,759423
scout_gap,3,366,235.477,523.378,758.855,572,29,758.855,844.654
scout_generation,3,366,758855
scout_gap,3,367,239.566,522.670,762.236,572,29,762.236,907.500
scout_generation,3,367,762236
scout_gap,3,368,236.406,522.530,758.936,572,29,758.936,900.540
scout_generation,3,368,758936
scout_gap,3,369,236.288,523.626,759.914,572,30,759.914,891.074
scout_generation,3,369,759914
scout_gap,3,370,241.047,522.399,763.446,572,29,763.446,845.567
scout_generation,3,370,763446
scout_gap,3,371,237.496,522.443,759.939,572,29,759.939,849.802
scout_generation,3,371,759939
scout_gap,3,372,236.471,524.031,760.502,572,30,760.502,892.442
scout_generation,3,372,760502
scout_gap,3,373,240.363,520.439,760.802,572,29,760.802,928.102
scout_generation,3,373,760802
scout_gap,3,374,233.040,523.445,756.485,572,30,756.485,864.372
scout_generation,3,374,756485
scout_gap,3,375,235.807,520.492,756.299,572,29,756.299,855.605
scout_generation,3,375,756299
scout_gap,3,376,236.610,523.841,760.451,572,30,760.451,866.749
scout_generation,3,376,760451
scout_gap,3,377,236.861,522.936,759.797,572,29,759.797,905.254
scout_generation,3,377,759797
scout_gap,3,378,240.804,522.687,763.491,572,29,763.491,848.804
scout_generation,3,378,763491
scout_gap,3,379,233.479,522.698,756.177,572,29,756.177,882.527
scout_generation,3,379,756177
scout_gap,3,380,229.153,523.659,752.812,572,30,752.812,881.578
scout_generation,3,380,752812
scout_gap,3,381,230.783,522.769,753.552,572,29,753.552,863.386
scout_generation,3,381,753552
scout_gap,3,382,230.571,522.709,753.280,572,29,753.280,848.144
scout_generation,3,382,753280
scout_gap,3,383,230.398,522.719,753.117,572,29,753.117,867.484
scout_generation,3,383,753117
scout_gap,3,384,229.463,523.546,753.009,572,30,753.009,853.787
scout_generation,3,384,753009
scout_gap,3,385,232.709,520.258,752.967,572,29,752.967,890.737
scout_generation,3,385,752967
scout_gap,3,386,229.927,523.117,753.044,572,29,753.044,897.305
scout_generation,3,386,753044
scout_gap,3,387,233.060,519.977,753.037,572,29,753.037,846.556
scout_generation,3,387,753037
scout_gap,3,388,229.437,523.648,753.085,572,30,753.085,905.447
scout_generation,3,388,753085
scout_gap,3,389,230.608,522.635,753.243,572,29,753.243,917.397
scout_generation,3,389,753243
scout_gap,3,390,233.166,520.004,753.170,572,29,753.170,888.502
scout_generation,3,390,753170
scout_gap,3,391,230.435,522.534,752.969,572,29,752.969,871.682
scout_generation,3,391,752969
scout_gap,3,392,233.063,519.595,752.658,572,29,752.658,880.663
scout_generation,3,392,752658
scout_gap,3,393,232.810,519.976,752.786,572,29,752.786,860.312
scout_generation,3,393,752786
scout_gap,3,394,231.860,521.031,752.891,572,29,752.891,861.718
scout_generation,3,394,752891
scout_gap,3,395,229.384,523.518,752.902,572,30,752.902,860.275
scout_generation,3,395,752902
scout_gap,3,396,234.323,519.732,754.055,572,29,754.055,881.068
scout_generation,3,396,754055
scout_gap,3,397,230.705,523.493,754.198,572,30,754.198,864.549
scout_generation,3,397,754198
scout_gap,3,398,234.250,520.093,754.343,572,29,754.343,891.495
scout_generation,3,398,754343
scout_gap,3,399,234.021,520.125,754.146,572,29,754.146,891.312
scout_generation,3,399,754146
scout_gap,3,400,231.573,521.472,753.045,572,29,753.045,866.452
scout_generation,3,400,753045
scout_gap,3,401,230.888,523.650,754.538,572,30,754.538,857.585
scout_generation,3,401,754538
scout_gap,3,402,233.432,521.087,754.519,572,29,754.519,874.588
scout_generation,3,402,754519
scout_gap,3,403,231.056,522.563,753.619,572,29,753.619,869.531
scout_generation,3,403,753619
scout_gap,3,404,231.370,522.553,753.923,572,29,753.923,851.377
scout_generation,3,404,753923
scout_gap,3,405,233.733,520.020,753.753,572,29,753.753,877.751
scout_generation,3,405,753753
scout_gap,3,406,230.678,522.609,753.287,572,29,753.287,889.092
scout_generation,3,406,753287
scout_gap,3,407,229.730,523.622,753.352,572,30,753.352,926.943
scout_generation,3,407,753352
scout_gap,3,408,233.702,520.093,753.795,572,29,753.795,889.852
scout_generation,3,408,753795
scout_gap,3,409,230.208,523.197,753.405,572,29,753.405,880.091
scout_generation,3,409,753405
scout_gap,3,410,232.470,521.110,753.580,572,29,753.580,840.645
scout_generation,3,410,753580
scout_gap,3,411,230.659,522.632,753.291,572,29,753.291,848.297
scout_generation,3,411,753291
scout_gap,3,412,230.104,523.380,753.484,572,29,753.484,859.923
scout_generation,3,412,753484
scout_gap,3,413,230.879,522.603,753.482,572,29,753.482,898.501
scout_generation,3,413,753482
scout_gap,3,414,233.246,522.482,755.728,572,29,755.728,867.923
scout_generation,3,414,755728
scout_gap,3,415,235.976,522.582,758.558,572,29,758.558,902.867
scout_generation,3,415,758558
scout_gap,3,416,238.840,519.923,758.763,572,29,758.763,860.096
scout_generation,3,416,758763
scout_gap,3,417,233.790,520.468,754.258,572,29,754.258,862.691
scout_generation,3,417,754258
scout_gap,3,418,234.307,519.837,754.144,572,29,754.144,859.124
scout_generation,3,418,754144
scout_gap,3,419,231.238,522.473,753.711,572,29,753.711,854.714
scout_generation,3,419,753711
scout_gap,3,420,230.187,523.232,753.419,572,29,753.419,919.807
scout_generation,3,420,753419
scout_gap,3,421,232.259,522.563,754.822,572,29,754.822,840.496
scout_generation,3,421,754822
scout_gap,3,422,234.457,519.992,754.449,572,29,754.449,859.479
scout_generation,3,422,754449
scout_gap,3,423,232.214,522.386,754.600,572,29,754.600,851.715
scout_generation,3,423,754600
scout_gap,3,424,234.841,519.579,754.420,572,29,754.420,927.136
scout_generation,3,424,754420
scout_gap,3,425,234.186,520.020,754.206,572,29,754.206,844.247
scout_generation,3,425,754206
scout_gap,3,426,231.581,522.657,754.238,572,29,754.238,883.006
scout_generation,3,426,754238
scout_gap,3,427,229.339,523.926,753.265,572,30,753.265,845.938
scout_generation,3,427,753265
scout_gap,3,428,230.068,522.612,752.680,572,29,752.680,917.158
scout_generation,3,428,752680
scout_gap,3,429,230.074,524.017,754.091,572,30,754.091,895.279
scout_generation,3,429,754091
scout_gap,3,430,234.099,520.152,754.251,572,29,754.251,844.170
scout_generation,3,430,754251
scout_gap,3,431,233.938,519.884,753.822,572,29,753.822,864.807
scout_generation,3,431,753822
scout_gap,3,432,231.004,524.040,755.044,572,30,755.044,861.181
scout_generation,3,432,755044
scout_gap,3,433,232.319,522.661,754.980,572,29,754.980,850.924
scout_generation,3,433,754980
scout_gap,3,434,232.783,523.804,756.587,572,30,756.587,867.850
scout_generation,3,434,756587
scout_gap,3,435,232.508,522.711,755.219,572,29,755.219,843.962
scout_generation,3,435,755219
scout_gap,3,436,229.941,523.009,752.950,572,29,752.950,914.964
scout_generation,3,436,752950
scout_gap,3,437,232.632,520.142,752.774,572,29,752.774,854.520
scout_generation,3,437,752774
scout_gap,3,438,233.430,520.001,753.431,572,29,753.431,863.216
scout_generation,3,438,753431
scout_gap,3,439,231.711,522.587,754.298,572,29,754.298,901.708
scout_generation,3,439,754298
scout_gap,3,440,236.490,523.459,759.949,572,30,759.949,929.176
scout_generation,3,440,759949
scout_gap,3,441,238.366,522.637,761.003,572,29,761.003,846.548
scout_generation,3,441,761003
scout_gap,3,442,237.330,522.637,759.967,572,29,759.967,842.028
scout_generation,3,442,759967
scout_gap,3,443,239.466,522.591,762.057,572,29,762.057,873.037
scout_generation,3,443,762057
scout_gap,3,444,240.421,522.687,763.108,572,29,763.108,868.871
scout_generation,3,444,763108
scout_gap,3,445,238.737,523.532,762.269,572,30,762.269,906.533
scout_generation,3,445,762269
scout_gap,3,446,241.438,520.295,761.733,572,29,761.733,875.223
scout_generation,3,446,761733
scout_gap,3,447,237.475,521.667,759.142,572,29,759.142,858.925
scout_generation,3,447,759142
scout_gap,3,448,239.241,522.675,761.916,572,29,761.916,863.348
scout_generation,3,448,761916
scout_gap,3,449,240.093,521.531,761.624,572,29,761.624,906.231
scout_generation,3,449,761624
scout_gap,3,450,238.812,523.509,762.321,572,30,762.321,858.914
scout_generation,3,450,762321
scout_gap,3,451,233.615,519.593,753.208,572,29,753.208,918.253
scout_generation,3,451,753208
scout_gap,3,452,240.254,523.274,763.528,572,29,763.528,883.263
scout_generation,3,452,763528
scout_gap,3,453,233.595,520.344,753.939,572,29,753.939,905.028
scout_generation,3,453,753939
scout_gap,3,454,242.345,519.957,762.302,572,29,762.302,895.934
scout_generation,3,454,762302
scout_gap,3,455,237.988,523.751,761.739,572,30,761.739,864.256
scout_generation,3,455,761739
scout_gap,3,456,238.522,522.598,761.120,572,29,761.120,851.746
scout_generation,3,456,761120
scout_gap,3,457,239.555,522.613,762.168,572,29,762.168,863.172
scout_generation,3,457,762168
scout_gap,3,458,238.882,522.677,761.559,572,29,761.559,881.285
scout_generation,3,458,761559
scout_gap,3,459,232.351,523.827,756.178,572,30,756.178,874.257
scout_generation,3,459,756178
scout_gap,3,460,235.069,520.406,755.475,572,29,755.475,912.250
scout_generation,3,460,755475
scout_gap,3,461,236.502,524.025,760.527,572,30,760.527,845.020
scout_generation,3,461,760527
scout_gap,3,462,236.021,522.703,758.724,572,29,758.724,922.794
scout_generation,3,462,758724
scout_gap,3,463,236.167,519.941,756.108,572,29,756.108,896.960
scout_generation,3,463,756108
scout_gap,3,464,233.063,522.649,755.712,572,29,755.712,867.933
scout_generation,3,464,755712
scout_gap,3,465,229.494,523.620,753.114,572,30,753.114,925.363
scout_generation,3,465,753114
scout_gap,3,466,232.494,520.744,753.238,572,29,753.238,894.624
scout_generation,3,466,753238
scout_gap,3,467,233.172,520.027,753.199,572,29,753.199,863.699
scout_generation,3,467,753199
scout_gap,3,468,229.580,523.619,753.199,572,30,753.199,874.293
scout_generation,3,468,753199
scout_gap,3,469,229.975,523.910,753.885,572,30,753.885,856.273
scout_generation,3,469,753885
scout_gap,3,470,229.379,523.538,752.917,572,30,752.917,861.095
scout_generation,3,470,752917
scout_gap,3,471,233.781,519.560,753.341,572,29,753.341,844.851
scout_generation,3,471,753341
scout_gap,3,472,232.608,522.842,755.450,572,29,755.450,852.908
scout_generation,3,472,755450
scout_gap,3,473,231.393,523.531,754.924,572,30,754.924,841.880
scout_generation,3,473,754924
scout_gap,3,474,234.190,520.253,754.443,572,29,754.443,863.774
scout_generation,3,474,754443
scout_gap,3,475,230.263,522.678,752.941,572,29,752.941,922.076
scout_generation,3,475,752941
scout_gap,3,476,232.368,520.812,753.180,572,29,753.180,844.653
scout_generation,3,476,753180
scout_gap,3,477,234.970,520.594,755.564,572,29,755.564,861.750
scout_generation,3,477,755564
scout_gap,3,478,230.639,523.629,754.268,572,30,754.268,879.103
scout_generation,3,478,754268
scout_gap,3,479,236.666,522.840,759.506,572,29,759.506,902.323
scout_generation,3,479,759506
scout_gap,3,480,237.739,522.860,760.599,572,29,760.599,863.956
scout_generation,3,480,760599
scout_gap,3,481,231.881,523.740,755.621,572,30,755.621,855.002
scout_generation,3,481,755621
scout_gap,3,482,232.332,523.036,755.368,572,29,755.368,866.576
scout_generation,3,482,755368
scout_gap,3,483,231.671,523.447,755.118,572,30,755.118,875.591
scout_generation,3,483,755118
scout_gap,3,484,235.156,519.931,755.087,572,29,755.087,877.222
scout_generation,3,484,755087
scout_gap,3,485,234.881,520.202,755.083,572,29,755.083,862.679
scout_generation,3,485,755083
scout_gap,3,486,231.844,522.643,754.487,572,29,754.487,905.047
scout_generation,3,486,754487
scout_gap,3,487,234.989,520.493,755.482,572,29,755.482,917.351
scout_generation,3,487,755482
scout_gap,3,488,236.749,523.428,760.177,572,30,760.177,893.587
scout_generation,3,488,760177
scout_gap,3,489,234.185,522.399,756.584,572,29,756.584,902.843
scout_generation,3,489,756584
scout_gap,3,490,231.979,524.027,756.006,572,30,756.006,887.271
scout_generation,3,490,756006
scout_gap,3,491,230.866,523.883,754.749,572,30,754.749,865.853
scout_generation,3,491,754749
scout_gap,3,492,230.780,523.956,754.736,572,30,754.736,844.594
scout_generation,3,492,754736
scout_gap,3,493,240.390,519.811,760.201,572,29,760.201,920.493
scout_generation,3,493,760201
scout_gap,3,494,234.871,521.422,756.293,572,29,756.293,878.742
scout_generation,3,494,756293
scout_gap,3,495,234.298,521.495,755.793,572,29,755.793,871.152
scout_generation,3,495,755793
scout_gap,3,496,232.014,523.112,755.126,572,29,755.126,864.218
scout_generation,3,496,755126
scout_gap,3,497,232.741,522.647,755.388,572,29,755.388,911.379
scout_generation,3,497,755388
scout_gap,3,498,232.387,522.709,755.096,572,29,755.096,861.463
scout_generation,3,498,755096
scout_gap,3,499,231.611,524.062,755.673,572,30,755.673,859.621
scout_generation,3,499,755673
scout_gap,3,500,237.980,521.843,759.823,572,29,759.823,877.890
scout_generation,3,500,759823
scout_gap,3,501,240.469,520.022,760.491,572,29,760.491,868.864
scout_generation,3,501,760491
scout_gap,3,502,235.733,520.004,755.737,572,29,755.737,858.892
scout_generation,3,502,755737
scout_gap,3,503,230.592,524.017,754.609,572,30,754.609,880.078
scout_generation,3,503,754609
scout_gap,3,504,231.203,522.696,753.899,572,29,753.899,846.025
scout_generation,3,504,753899
scout_gap,3,505,232.675,520.051,752.726,572,29,752.726,913.858
scout_generation,3,505,752726
scout_gap,3,506,233.721,520.162,753.883,572,29,753.883,889.002
scout_generation,3,506,753883
scout_gap,3,507,230.846,522.712,753.558,572,29,753.558,860.656
scout_generation,3,507,753558
scout_gap,3,508,233.028,523.262,756.290,572,29,756.290,867.936
scout_generation,3,508,756290
scout_gap,3,509,235.240,520.028,755.268,572,29,755.268,883.126
scout_generation,3,509,755268
scout_gap,3,510,239.887,520.347,760.234,572,29,760.234,856.824
scout_generation,3,510,760234
scout_gap,3,511,238.004,522.657,760.661,572,29,760.661,915.506
scout_generation,3,511,760661
scout_gap,3,512,230.656,522.887,753.543,572,29,753.543,851.088
scout_generation,3,512,753543
scout_gap,3,513,230.506,522.805,753.311,572,29,753.311,883.314
scout_generation,3,513,753311
scout_gap,3,514,236.425,520.053,756.478,572,29,756.478,912.932
scout_generation,3,514,756478
scout_gap,3,515,237.922,522.617,760.539,572,29,760.539,893.047
scout_generation,3,515,760539
scout_gap,3,516,231.160,522.492,753.652,572,29,753.652,899.937
scout_generation,3,516,753652
scout_gap,3,517,230.832,522.962,753.794,572,29,753.794,927.859
scout_generation,3,517,753794
scout_gap,3,518,232.771,521.044,753.815,572,29,753.815,862.690
scout_generation,3,518,753815
scout_gap,3,519,229.705,523.602,753.307,572,30,753.307,884.917
scout_generation,3,519,753307
scout_gap,3,520,234.836,520.487,755.323,572,29,755.323,870.412
scout_generation,3,520,755323
scout_gap,3,521,230.093,523.661,753.754,572,30,753.754,865.861
scout_generation,3,521,753754
scout_gap,3,522,231.473,523.540,755.013,572,30,755.013,847.150
scout_generation,3,522,755013
scout_gap,3,523,229.100,524.003,753.103,572,30,753.103,840.965
scout_generation,3,523,753103
scout_gap,3,524,230.381,523.256,753.637,572,29,753.637,895.105
scout_generation,3,524,753637
scout_gap,3,525,230.321,522.636,752.957,572,29,752.957,888.931
scout_generation,3,525,752957
scout_gap,3,526,229.700,523.347,753.047,572,29,753.047,901.613
scout_generation,3,526,753047
scout_gap,3,527,236.493,522.677,759.170,572,29,759.170,873.641
scout_generation,3,527,759170
scout_gap,3,528,233.036,522.629,755.665,572,29,755.665,875.471
scout_generation,3,528,755665
scout_gap,3,529,243.029,520.285,763.314,572,29,763.314,840.113
scout_generation,3,529,763314
scout_gap,3,530,236.098,519.914,756.012,572,29,756.012,857.412
scout_generation,3,530,756012
scout_gap,3,531,237.050,522.982,760.032,572,29,760.032,842.551
scout_generation,3,531,760032
scout_gap,3,532,243.060,519.831,762.891,572,29,762.891,915.524
scout_generation,3,532,762891
scout_gap,3,533,239.276,521.600,760.876,572,29,760.876,899.937
scout_generation,3,533,760876
scout_gap,3,534,238.342,522.643,760.985,572,29,760.985,896.277
scout_generation,3,534,760985
scout_gap,3,535,229.012,523.937,752.949,572,30,752.949,905.972
scout_generation,3,535,752949
scout_gap,3,536,234.728,520.548,755.276,572,29,755.276,913.884
scout_generation,3,536,755276
scout_gap,3,537,234.870,520.290,755.160,572,29,755.160,875.155
scout_generation,3,537,755160
scout_gap,3,538,232.300,522.644,754.944,572,29,754.944,843.506
scout_generation,3,538,754944
scout_gap,3,539,232.674,521.508,754.182,572,29,754.182,912.672
scout_generation,3,539,754182
scout_gap,3,540,233.816,519.611,753.427,572,29,753.427,903.946
scout_generation,3,540,753427
scout_gap,3,541,236.644,523.796,760.440,572,30,760.440,860.357
scout_generation,3,541,760440
scout_gap,3,542,230.267,523.956,754.223,572,30,754.223,919.541
scout_generation,3,542,754223
scout_gap,3,543,230.741,522.693,753.434,572,29,753.434,878.943
scout_generation,3,543,753434
scout_gap,3,544,233.723,522.666,756.389,572,29,756.389,868.269
scout_generation,3,544,756389
scout_gap,3,545,232.123,523.823,755.946,572,30,755.946,881.773
scout_generation,3,545,755946
scout_gap,3,546,233.329,522.660,755.989,572,29,755.989,889.465
scout_generation,3,546,755989
scout_gap,3,547,238.503,523.837,762.340,572,30,762.340,909.511
scout_generation,3,547,762340
scout_gap,3,548,240.916,520.114,761.030,572,29,761.030,849.003
scout_generation,3,548,761030
scout_gap,3,549,240.612,522.573,763.185,572,29,763.185,868.914
scout_generation,3,549,763185
scout_gap,3,550,235.294,523.381,758.675,572,29,758.675,839.737
scout_generation,3,550,758675
scout_gap,3,551,232.668,522.709,755.377,572,29,755.377,908.496
scout_generation,3,551,755377
scout_gap,3,552,232.178,521.807,753.985,572,29,753.985,854.817
scout_generation,3,552,753985
scout_gap,3,553,232.995,520.778,753.773,572,29,753.773,868.615
scout_generation,3,553,753773
scout_gap,3,554,230.565,523.637,754.202,572,30,754.202,868.445
scout_generation,3,554,754202
scout_gap,3,555,235.092,520.044,755.136,572,29,755.136,845.224
scout_generation,3,555,755136
scout_gap,3,556,233.705,522.708,756.413,572,29,756.413,917.545
scout_generation,3,556,756413
scout_gap,3,557,233.974,521.458,755.432,572,29,755.432,922.738
scout_generation,3,557,755432
scout_gap,3,558,236.375,523.541,759.916,572,30,759.916,889.253
scout_generation,3,558,759916
scout_gap,3,559,241.384,520.376,761.760,572,29,761.760,873.057
scout_generation,3,559,761760
scout_gap,3,560,235.849,523.640,759.489,572,30,759.489,888.832
scout_generation,3,560,759489
scout_gap,3,561,239.234,522.440,761.674,572,29,761.674,863.433
scout_generation,3,561,761674
scout_gap,3,562,235.125,523.905,759.030,572,30,759.030,859.995
scout_generation,3,562,759030
scout_gap,3,563,240.593,519.961,760.554,572,29,760.554,877.152
scout_generation,3,563,760554
scout_gap,3,564,239.470,523.453,762.923,572,30,762.923,868.695
scout_generation,3,564,762923
scout_gap,3,565,236.770,523.849,760.619,572,30,760.619,878.155
scout_generation,3,565,760619
scout_gap,3,566,236.564,523.345,759.909,572,29,759.909,912.152
scout_generation,3,566,759909
scout_gap,3,567,235.387,523.843,759.230,572,30,759.230,884.672
scout_generation,3,567,759230
scout_gap,3,568,238.016,523.348,761.364,572,30,761.364,901.628
scout_generation,3,568,761364
scout_gap,3,569,237.774,522.667,760.441,572,29,760.441,846.879
scout_generation,3,569,760441
scout_gap,3,570,235.287,523.889,759.176,572,30,759.176,868.784
scout_generation,3,570,759176
scout_gap,3,571,232.858,522.708,755.566,572,29,755.566,861.003
scout_generation,3,571,755566
scout_gap,3,572,230.134,523.338,753.472,572,29,753.472,866.040
scout_generation,3,572,753472
scout_gap,3,573,232.103,523.831,755.934,572,30,755.934,870.786
scout_generation,3,573,755934
scout_gap,3,574,240.468,519.595,760.063,572,29,760.063,853.686
scout_generation,3,574,760063
scout_gap,3,575,239.714,520.352,760.066,572,29,760.066,892.103
scout_generation,3,575,760066
scout_gap,3,576,241.692,521.242,762.934,572,29,762.934,877.845
scout_generation,3,576,762934
scout_gap,3,577,231.521,522.553,754.074,572,29,754.074,924.422
scout_generation,3,577,754074
scout_gap,3,578,239.407,520.336,759.743,572,29,759.743,925.995
scout_generation,3,578,759743
scout_gap,3,579,235.895,519.638,755.533,572,29,755.533,863.120
scout_generation,3,579,755533
scout_gap,3,580,233.309,520.355,753.664,572,29,753.664,889.453
scout_generation,3,580,753664
scout_gap,3,581,231.105,524.050,755.155,572,30,755.155,874.848
scout_generation,3,581,755155
scout_gap,3,582,231.855,523.483,755.338,572,30,755.338,913.270
scout_generation,3,582,755338
scout_gap,3,583,233.043,521.703,754.746,572,29,754.746,860.757
scout_generation,3,583,754746
scout_gap,3,584,231.182,523.227,754.409,572,29,754.409,865.514
scout_generation,3,584,754409
scout_gap,3,585,234.362,520.537,754.899,572,29,754.899,849.628
scout_generation,3,585,754899
scout_gap,3,586,243.546,519.591,763.137,572,29,763.137,864.383
scout_generation,3,586,763137
scout_gap,3,587,232.252,523.545,755.797,572,30,755.797,875.937
scout_generation,3,587,755797
scout_gap,3,588,232.016,523.901,755.917,572,30,755.917,849.241
scout_generation,3,588,755917
scout_gap,3,589,237.095,523.660,760.755,572,30,760.755,851.014
scout_generation,3,589,760755
scout_gap,3,590,241.804,520.035,761.839,572,29,761.839,843.819
scout_generation,3,590,761839
scout_gap,3,591,230.752,522.529,753.281,572,29,753.281,853.028
scout_generation,3,591,753281
scout_gap,3,592,230.525,522.392,752.917,572,29,752.917,870.111
scout_generation,3,592,752917
scout_gap,3,593,232.717,522.717,755.434,572,29,755.434,878.312
scout_generation,3,593,755434
scout_gap,3,594,229.293,523.354,752.647,572,30,752.647,868.286
scout_generation,3,594,752647
scout_gap,3,595,233.736,522.677,756.413,572,29,756.413,872.465
scout_generation,3,595,756413
scout_gap,3,596,229.233,523.508,752.741,572,30,752.741,865.003
scout_generation,3,596,752741
scout_gap,3,597,234.230,520.014,754.244,572,29,754.244,898.047
scout_generation,3,597,754244
scout_gap,3,598,236.750,523.717,760.467,572,30,760.467,915.423
scout_generation,3,598,760467
scout_gap,3,599,233.858,521.555,755.413,572,29,755.413,918.470
scout_generation,3,599,755413
scout_gap,3,600,232.809,522.161,754.970,572,29,754.970,924.813
scout_generation,3,600,754970
scout_gap,3,601,232.841,523.250,756.091,572,29,756.091,862.283
scout_generation,3,601,756091
scout_gap,3,602,239.399,523.628,763.027,572,30,763.027,860.393
scout_generation,3,602,763027
scout_gap,3,603,241.845,519.833,761.678,572,29,761.678,929.054
scout_generation,3,603,761678
scout_gap,3,604,237.946,522.904,760.850,572,29,760.850,869.922
scout_generation,3,604,760850
scout_gap,3,605,239.661,522.283,761.944,572,29,761.944,855.777
scout_generation,3,605,761944
scout_gap,3,606,241.457,521.725,763.182,572,29,763.182,895.011
scout_generation,3,606,763182
scout_gap,3,607,239.127,520.133,759.260,572,29,759.260,895.010
scout_generation,3,607,759260
scout_gap,3,608,245.201,520.134,765.335,572,29,765.335,913.681
scout_generation,3,608,765335
scout_gap,3,609,244.470,520.572,765.042,572,29,765.042,869.202
scout_generation,3,609,765042
scout_gap,3,610,240.320,523.989,764.309,572,30,764.309,881.589
scout_generation,3,610,764309
scout_gap,3,611,245.729,520.058,765.787,572,29,765.787,853.099
scout_generation,3,611,765787
scout_gap,3,612,246.419,519.599,766.018,572,29,766.018,857.443
scout_generation,3,612,766018
scout_gap,3,613,244.071,520.320,764.391,572,29,764.391,885.210
scout_generation,3,613,764391
scout_gap,3,614,245.087,522.656,767.743,572,29,767.743,847.720
scout_generation,3,614,767743
scout_gap,3,615,244.240,523.697,767.937,572,30,767.937,879.965
scout_generation,3,615,767937
scout_gap,3,616,249.617,520.530,770.147,572,29,770.147,881.193
scout_generation,3,616,770147
scout_gap,3,617,246.281,522.504,768.785,572,29,768.785,848.550
scout_generation,3,617,768785
scout_gap,3,618,246.063,523.727,769.790,572,30,769.790,867.615
scout_generation,3,618,769790
scout_gap,3,619,240.498,522.649,763.147,572,29,763.147,918.534
scout_generation,3,619,763147
scout_gap,3,620,243.359,522.960,766.319,572,29,766.319,850.698
scout_generation,3,620,766319
scout_gap,3,621,245.986,521.614,767.600,572,29,767.600,854.951
scout_generation,3,621,767600
scout_gap,3,622,248.535,522.620,771.155,572,29,771.155,838.781
scout_generation,3,622,771155
scout_gap,3,623,248.683,522.196,770.879,572,29,770.879,853.580
scout_generation,3,623,770879
scout_gap,3,624,249.804,521.278,771.082,572,29,771.082,871.469
scout_generation,3,624,771082
scout_gap,3,625,245.132,519.933,765.065,572,29,765.065,920.173
scout_generation,3,625,765065
scout_gap,3,626,243.237,522.485,765.722,572,29,765.722,918.877
scout_generation,3,626,765722
scout_gap,3,627,243.299,523.486,766.785,572,29,766.785,918.013
scout_generation,3,627,766785
scout_gap,3,628,251.379,520.507,771.886,572,29,771.886,875.853
scout_generation,3,628,771886
scout_gap,3,629,251.539,520.193,771.732,572,29,771.732,869.622
scout_generation,3,629,771732
scout_gap,3,630,249.711,520.528,770.239,572,29,770.239,878.850
scout_generation,3,630,770239
scout_gap,3,631,241.345,523.654,764.999,572,30,764.999,927.571
scout_generation,3,631,764999
scout_gap,3,632,246.388,519.584,765.972,572,29,765.972,864.219
scout_generation,3,632,765972
scout_gap,3,633,243.209,522.671,765.880,572,29,765.880,867.016
scout_generation,3,633,765880
scout_gap,3,634,242.878,521.066,763.944,572,29,763.944,874.723
scout_generation,3,634,763944
scout_gap,3,635,239.787,523.926,763.713,572,30,763.713,876.166
scout_generation,3,635,763713
scout_gap,3,636,240.767,522.770,763.537,572,29,763.537,889.299
scout_generation,3,636,763537
scout_gap,3,637,240.780,523.496,764.276,572,30,764.276,863.800
scout_generation,3,637,764276
scout_gap,3,638,245.063,519.996,765.059,572,29,765.059,858.914
scout_generation,3,638,765059
scout_gap,3,639,240.812,524.047,764.859,572,30,764.859,860.585
scout_generation,3,639,764859
scout_gap,3,640,244.404,520.222,764.626,572,29,764.626,898.190
scout_generation,3,640,764626
scout_gap,3,641,240.357,523.165,763.522,572,29,763.522,913.504
scout_generation,3,641,763522
scout_gap,3,642,244.865,519.976,764.841,572,29,764.841,852.700
scout_generation,3,642,764841
scout_gap,3,643,241.808,523.186,764.994,572,29,764.994,868.161
scout_generation,3,643,764994
scout_gap,3,644,242.351,522.857,765.208,572,29,765.208,849.059
scout_generation,3,644,765208
scout_gap,3,645,241.644,522.532,764.176,572,29,764.176,879.289
scout_generation,3,645,764176
scout_gap,3,646,240.884,523.526,764.410,572,30,764.410,863.444
scout_generation,3,646,764410
scout_gap,3,647,242.354,523.789,766.143,572,30,766.143,871.314
scout_generation,3,647,766143
scout_gap,3,648,240.075,523.617,763.692,572,30,763.692,855.917
scout_generation,3,648,763692
scout_gap,3,649,242.062,523.207,765.269,572,29,765.269,910.977
scout_generation,3,649,765269
scout_gap,3,650,242.290,523.278,765.568,572,29,765.568,845.206
scout_generation,3,650,765568
scout_gap,3,651,244.194,522.002,766.196,572,29,766.196,878.652
scout_generation,3,651,766196
scout_gap,3,652,244.399,520.089,764.488,572,29,764.488,850.129
scout_generation,3,652,764488
scout_gap,3,653,242.578,522.620,765.198,572,29,765.198,868.948
scout_generation,3,653,765198
scout_gap,3,654,244.387,520.423,764.810,572,29,764.810,862.964
scout_generation,3,654,764810
scout_gap,3,655,241.802,523.918,765.720,572,30,765.720,895.621
scout_generation,3,655,765720
scout_gap,3,656,245.357,522.697,768.054,572,29,768.054,842.175
scout_generation,3,656,768054
scout_gap,3,657,249.451,520.442,769.893,572,29,769.893,862.843
scout_generation,3,657,769893
scout_gap,3,658,248.462,523.028,771.490,572,29,771.490,853.401
scout_generation,3,658,771490
scout_gap,3,659,246.490,522.833,769.323,572,29,769.323,864.157
scout_generation,3,659,769323
scout_gap,3,660,247.513,522.700,770.213,572,29,770.213,896.695
scout_generation,3,660,770213
scout_gap,3,661,387.119,522.636,909.755,572,29,909.755,914.567
scout_generation,3,661,909755
scout_gap,3,662,334.947,519.763,854.710,572,29,854.710,859.527
scout_generation,3,662,854710
scout_gap,3,663,378.709,523.845,902.554,572,30,902.554,907.491
scout_generation,3,663,902554
scout_gap,3,664,394.200,522.580,916.780,572,29,916.780,921.659
scout_generation,3,664,916780
scout_gap,3,665,347.535,522.126,869.661,572,29,869.661,876.746
scout_generation,3,665,869661
scout_gap,3,666,401.987,523.925,925.912,572,30,925.912,931.027
scout_generation,3,666,925912
scout_gap,3,667,404.306,523.468,927.774,572,30,927.774,932.688
scout_generation,3,667,927774
scout_gap,3,668,403.874,523.536,927.410,572,30,927.410,932.295
scout_generation,3,668,927410
scout_gap,3,669,400.958,522.987,923.945,572,29,923.945,928.793
scout_generation,3,669,923945
scout_gap,3,670,382.987,522.687,905.674,572,29,905.674,912.682
scout_generation,3,670,905674
scout_gap,3,671,366.654,523.630,890.284,572,30,890.284,895.229
scout_generation,3,671,890284
scout_gap,3,672,372.972,522.297,895.269,572,29,895.269,900.391
scout_generation,3,672,895269
scout_gap,3,673,368.890,522.674,891.564,572,29,891.564,896.455
scout_generation,3,673,891564
scout_gap,3,674,393.027,519.970,912.997,572,29,912.997,918.137
scout_generation,3,674,912997
scout_gap,3,675,387.468,524.017,911.485,572,30,911.485,916.735
scout_generation,3,675,911485
scout_gap,3,676,360.353,522.981,883.334,572,29,883.334,888.548
scout_generation,3,676,883334
scout_gap,3,677,363.412,522.648,886.060,572,29,886.060,890.904
scout_generation,3,677,886060
scout_gap,3,678,381.203,522.881,904.084,572,29,904.084,909.699
scout_generation,3,678,904084
scout_gap,3,679,382.524,522.570,905.094,572,29,905.094,910.249
scout_generation,3,679,905094
scout_gap,3,680,380.337,519.710,900.047,572,29,900.047,904.840
scout_generation,3,680,900047
scout_gap,3,681,396.460,522.104,918.564,572,29,918.564,923.660
scout_generation,3,681,918564
scout_gap,3,682,391.919,523.233,915.152,572,29,915.152,920.017
scout_generation,3,682,915152
scout_gap,3,683,387.270,523.717,910.987,572,30,910.987,915.862
scout_generation,3,683,910987
scout_gap,3,684,322.969,521.927,844.896,572,29,844.896,849.811
scout_generation,3,684,844896
scout_gap,3,685,342.331,523.556,865.887,572,30,865.887,870.739
scout_generation,3,685,865887
scout_gap,3,686,352.561,522.701,875.262,572,29,875.262,880.088
scout_generation,3,686,875262
scout_gap,3,687,368.247,523.251,891.498,572,29,891.498,896.363
scout_generation,3,687,891498
scout_gap,3,688,402.243,523.389,925.632,572,29,925.632,930.487
scout_generation,3,688,925632
scout_gap,3,689,394.409,523.200,917.609,572,29,917.609,922.464
scout_generation,3,689,917609
scout_gap,3,690,400.071,522.428,922.499,572,29,922.499,927.370
scout_generation,3,690,922499
scout_gap,3,691,399.128,521.124,920.252,572,29,920.252,927.419
scout_generation,3,691,920252
scout_gap,3,692,346.237,520.960,867.197,572,27,867.197,873.832
scout_generation,3,692,867197
scout_gap,3,693,296.266,564.387,860.653,572,27,860.653,865.821
scout_generation,3,693,860653
scout_gap,3,694,394.962,520.075,915.037,572,26,915.037,919.940
scout_generation,3,694,915037
scout_gap,3,695,376.892,520.123,897.015,572,26,897.015,903.313
scout_generation,3,695,897015
scout_gap,3,696,395.593,522.914,918.507,572,25,918.507,923.448
scout_generation,3,696,918507
scout_gap,3,697,354.662,524.029,878.691,572,25,878.691,883.625
scout_generation,3,697,878691
scout_gap,3,698,369.056,520.059,889.115,572,27,889.115,894.045
scout_generation,3,698,889115
scout_gap,3,699,400.013,519.889,919.902,572,27,919.902,926.250
scout_generation,3,699,919902
reloadstall_csv,3,700,700,0,400400,0.883126,0.926835,0.933026,234.099,395.027,406.658,234.099,395.027,406.658,755.533,917.609,927.823,394,464,0,700,0
scout_clock,4,100212627,1791312834360012,100212627
scout_gap,4,0,259.970,480.202,740.172,572,25,740.172,877.788
scout_generation,4,0,740172
scout_gap,4,1,260.169,480.152,740.321,572,25,740.321,878.328
scout_generation,4,1,740321
scout_gap,4,2,260.095,480.123,740.218,572,25,740.218,882.332
scout_generation,4,2,740218
scout_gap,4,3,260.526,479.574,740.100,572,25,740.100,884.771
scout_generation,4,3,740100
scout_gap,4,4,260.975,479.101,740.076,572,25,740.076,898.917
scout_generation,4,4,740076
scout_gap,4,5,262.359,478.000,740.359,572,25,740.359,868.074
scout_generation,4,5,740359
scout_gap,4,6,260.227,480.296,740.523,572,25,740.523,862.107
scout_generation,4,6,740523
scout_gap,4,7,259.816,480.315,740.131,572,25,740.131,859.898
scout_generation,4,7,740131
scout_gap,4,8,260.027,480.063,740.090,572,25,740.090,825.369
scout_generation,4,8,740090
scout_gap,4,9,260.111,480.137,740.248,572,25,740.248,883.620
scout_generation,4,9,740248
scout_gap,4,10,261.161,479.161,740.322,572,25,740.322,865.249
scout_generation,4,10,740322
scout_gap,4,11,260.760,479.427,740.187,572,25,740.187,850.224
scout_generation,4,11,740187
scout_gap,4,12,262.234,477.960,740.194,572,25,740.194,880.334
scout_generation,4,12,740194
scout_gap,4,13,262.312,477.864,740.176,572,25,740.176,836.525
scout_generation,4,13,740176
scout_gap,4,14,262.655,477.480,740.135,572,25,740.135,885.381
scout_generation,4,14,740135
scout_gap,4,15,260.022,480.241,740.263,572,25,740.263,858.108
scout_generation,4,15,740263
scout_gap,4,16,262.617,477.568,740.185,572,25,740.185,911.730
scout_generation,4,16,740185
scout_gap,4,17,262.386,477.750,740.136,572,25,740.136,914.533
scout_generation,4,17,740136
scout_gap,4,18,259.767,480.333,740.100,572,25,740.100,852.139
scout_generation,4,18,740100
scout_gap,4,19,260.729,479.483,740.212,572,25,740.212,850.120
scout_generation,4,19,740212
scout_gap,4,20,262.850,477.857,740.707,572,25,740.707,908.405
scout_generation,4,20,740707
scout_gap,4,21,260.578,479.772,740.350,572,25,740.350,857.390
scout_generation,4,21,740350
scout_gap,4,22,260.134,480.352,740.486,572,25,740.486,908.340
scout_generation,4,22,740486
scout_gap,4,23,261.035,479.407,740.442,572,25,740.442,892.009
scout_generation,4,23,740442
scout_gap,4,24,261.452,479.296,740.748,572,25,740.748,898.065
scout_generation,4,24,740748
scout_gap,4,25,262.930,478.148,741.078,572,25,741.078,880.360
scout_generation,4,25,741078
scout_gap,4,26,260.835,480.064,740.899,572,25,740.899,904.242
scout_generation,4,26,740899
scout_gap,4,27,261.783,479.611,741.394,572,25,741.394,892.494
scout_generation,4,27,741394
scout_gap,4,28,261.119,480.058,741.177,572,25,741.177,886.994
scout_generation,4,28,741177
scout_gap,4,29,261.874,479.098,740.972,572,25,740.972,871.577
scout_generation,4,29,740972
scout_gap,4,30,262.976,478.395,741.371,572,25,741.371,872.213
scout_generation,4,30,741371
scout_gap,4,31,262.571,478.592,741.163,572,25,741.163,890.450
scout_generation,4,31,741163
scout_gap,4,32,263.282,478.343,741.625,572,25,741.625,881.257
scout_generation,4,32,741625
scout_gap,4,33,262.704,479.065,741.769,572,25,741.769,888.529
scout_generation,4,33,741769
scout_gap,4,34,263.798,477.653,741.451,572,25,741.451,905.554
scout_generation,4,34,741451
scout_gap,4,35,262.698,478.825,741.523,572,25,741.523,888.216
scout_generation,4,35,741523
scout_gap,4,36,262.412,478.491,740.903,572,25,740.903,881.609
scout_generation,4,36,740903
scout_gap,4,37,263.940,479.072,743.012,572,25,743.012,853.127
scout_generation,4,37,743012
scout_gap,4,38,263.148,480.106,743.254,572,25,743.254,830.282
scout_generation,4,38,743254
scout_gap,4,39,262.211,480.016,742.227,572,25,742.227,845.645
scout_generation,4,39,742227
scout_gap,4,40,263.897,478.725,742.622,572,25,742.622,842.380
scout_generation,4,40,742622
scout_gap,4,41,268.636,477.716,746.352,572,25,746.352,863.711
scout_generation,4,41,746352
scout_gap,4,42,262.882,480.002,742.884,572,25,742.884,890.794
scout_generation,4,42,742884
scout_gap,4,43,262.743,479.653,742.396,572,25,742.396,868.058
scout_generation,4,43,742396
scout_gap,4,44,262.891,479.821,742.712,572,25,742.712,883.386
scout_generation,4,44,742712
scout_gap,4,45,263.669,479.615,743.284,572,25,743.284,843.988
scout_generation,4,45,743284
scout_gap,4,46,263.565,479.337,742.902,572,25,742.902,857.299
scout_generation,4,46,742902
scout_gap,4,47,264.871,479.035,743.906,572,25,743.906,834.250
scout_generation,4,47,743906
scout_gap,4,48,265.002,477.396,742.398,572,25,742.398,836.969
scout_generation,4,48,742398
scout_gap,4,49,266.071,477.594,743.665,572,25,743.665,881.091
scout_generation,4,49,743665
scout_gap,4,50,266.097,479.040,745.137,572,25,745.137,875.412
scout_generation,4,50,745137
scout_gap,4,51,263.431,480.304,743.735,572,25,743.735,876.845
scout_generation,4,51,743735
scout_gap,4,52,264.192,479.399,743.591,572,25,743.591,848.631
scout_generation,4,52,743591
scout_gap,4,53,264.187,479.360,743.547,572,25,743.547,877.687
scout_generation,4,53,743547
scout_gap,4,54,264.350,479.365,743.715,572,25,743.715,848.466
scout_generation,4,54,743715
scout_gap,4,55,265.003,480.110,745.113,572,25,745.113,842.991
scout_generation,4,55,745113
scout_gap,4,56,265.179,480.058,745.237,572,25,745.237,842.344
scout_generation,4,56,745237
scout_gap,4,57,266.633,478.670,745.303,572,25,745.303,837.702
scout_generation,4,57,745303
scout_gap,4,58,270.277,478.033,748.310,572,25,748.310,856.013
scout_generation,4,58,748310
scout_gap,4,59,265.881,479.437,745.318,572,25,745.318,902.516
scout_generation,4,59,745318
scout_gap,4,60,268.032,477.560,745.592,572,25,745.592,899.471
scout_generation,4,60,745592
scout_gap,4,61,270.200,479.828,750.028,572,25,750.028,847.133
scout_generation,4,61,750028
scout_gap,4,62,272.000,480.099,752.099,572,25,752.099,901.253
scout_generation,4,62,752099
scout_gap,4,63,269.512,479.288,748.800,572,25,748.800,835.172
scout_generation,4,63,748800
scout_gap,4,64,277.573,480.278,757.851,572,25,757.851,836.927
scout_generation,4,64,757851
scout_gap,4,65,287.259,477.389,764.648,572,25,764.648,841.626
scout_generation,4,65,764648
scout_gap,4,66,292.164,478.401,770.565,572,25,770.565,859.730
scout_generation,4,66,770565
scout_gap,4,67,281.772,480.298,762.070,572,25,762.070,887.068
scout_generation,4,67,762070
scout_gap,4,68,283.308,479.126,762.434,572,25,762.434,839.787
scout_generation,4,68,762434
scout_gap,4,69,268.418,477.917,746.335,572,25,746.335,854.978
scout_generation,4,69,746335
scout_gap,4,70,268.984,479.118,748.102,572,25,748.102,851.293
scout_generation,4,70,748102
scout_gap,4,71,270.511,480.297,750.808,572,25,750.808,847.642
scout_generation,4,71,750808
scout_gap,4,72,281.907,479.242,761.149,572,25,761.149,861.692
scout_generation,4,72,761149
scout_gap,4,73,285.318,479.142,764.460,572,25,764.460,856.407
scout_generation,4,73,764460
scout_gap,4,74,292.831,479.195,772.026,572,25,772.026,851.100
scout_generation,4,74,772026
scout_gap,4,75,275.737,478.044,753.781,572,25,753.781,855.612
scout_generation,4,75,753781
scout_gap,4,76,269.717,479.433,749.150,572,25,749.150,830.199
scout_generation,4,76,749150
scout_gap,4,77,279.433,477.394,756.827,572,25,756.827,865.858
scout_generation,4,77,756827
scout_gap,4,78,276.903,477.778,754.681,572,25,754.681,834.989
scout_generation,4,78,754681
scout_gap,4,79,280.064,479.606,759.670,572,25,759.670,845.537
scout_generation,4,79,759670
scout_gap,4,80,282.700,477.505,760.205,572,25,760.205,860.004
scout_generation,4,80,760205
scout_gap,4,81,285.947,479.011,764.958,572,25,764.958,853.905
scout_generation,4,81,764958
scout_gap,4,82,280.365,479.635,760.000,572,25,760.000,857.302
scout_generation,4,82,760000
scout_gap,4,83,269.846,477.458,747.304,572,25,747.304,868.584
scout_generation,4,83,747304
scout_gap,4,84,272.216,478.571,750.787,572,25,750.787,851.726
scout_generation,4,84,750787
scout_gap,4,85,269.729,478.617,748.346,572,25,748.346,848.248
scout_generation,4,85,748346
scout_gap,4,86,276.141,480.111,756.252,572,25,756.252,895.103
scout_generation,4,86,756252
scout_gap,4,87,288.595,477.562,766.157,572,25,766.157,844.182
scout_generation,4,87,766157
scout_gap,4,88,268.776,478.453,747.229,572,25,747.229,847.371
scout_generation,4,88,747229
scout_gap,4,89,275.307,478.469,753.776,572,25,753.776,833.686
scout_generation,4,89,753776
scout_gap,4,90,270.530,479.003,749.533,572,25,749.533,836.972
scout_generation,4,90,749533
scout_gap,4,91,268.690,479.862,748.552,572,25,748.552,831.786
scout_generation,4,91,748552
scout_gap,4,92,279.000,479.161,758.161,572,25,758.161,835.849
scout_generation,4,92,758161
scout_gap,4,93,276.943,479.256,756.199,572,25,756.199,831.205
scout_generation,4,93,756199
scout_gap,4,94,273.083,478.866,751.949,572,25,751.949,861.149
scout_generation,4,94,751949
scout_gap,4,95,271.122,477.746,748.868,572,25,748.868,878.075
scout_generation,4,95,748868
scout_gap,4,96,273.593,478.690,752.283,572,25,752.283,827.762
scout_generation,4,96,752283
scout_gap,4,97,275.871,479.759,755.630,572,25,755.630,830.199
scout_generation,4,97,755630
scout_gap,4,98,299.624,480.299,779.923,572,25,779.923,850.481
scout_generation,4,98,779923
scout_gap,4,99,314.130,478.187,792.317,572,25,792.317,864.199
scout_generation,4,99,792317
scout_gap,4,100,322.648,477.407,800.055,572,25,800.055,854.434
scout_generation,4,100,800055
scout_gap,4,101,300.106,477.785,777.891,572,25,777.891,857.645
scout_generation,4,101,777891
scout_gap,4,102,271.986,477.690,749.676,572,25,749.676,872.737
scout_generation,4,102,749676
scout_gap,4,103,261.336,478.791,740.127,572,25,740.127,913.378
scout_generation,4,103,740127
scout_gap,4,104,386.920,478.361,865.281,572,25,865.281,870.185
scout_generation,4,104,865281
scout_gap,4,105,344.292,479.175,823.467,572,25,823.467,896.268
scout_generation,4,105,823467
scout_gap,4,106,379.225,480.344,859.569,572,25,859.569,864.533
scout_generation,4,106,859569
scout_gap,4,107,384.338,479.660,863.998,572,25,863.998,868.950
scout_generation,4,107,863998
scout_gap,4,108,376.152,479.453,855.605,572,25,855.605,861.223
scout_generation,4,108,855605
scout_gap,4,109,350.972,479.347,830.319,572,25,830.319,891.446
scout_generation,4,109,830319
scout_gap,4,110,354.904,480.282,835.186,572,25,835.186,877.758
scout_generation,4,110,835186
scout_gap,4,111,366.631,480.317,846.948,572,25,846.948,891.223
scout_generation,4,111,846948
scout_gap,4,112,378.174,477.427,855.601,572,25,855.601,860.446
scout_generation,4,112,855601
scout_gap,4,113,367.132,478.532,845.664,572,25,845.664,876.171
scout_generation,4,113,845664
scout_gap,4,114,349.688,477.435,827.123,572,25,827.123,875.566
scout_generation,4,114,827123
scout_gap,4,115,347.016,478.031,825.047,572,25,825.047,880.442
scout_generation,4,115,825047
scout_gap,4,116,342.941,478.779,821.720,572,25,821.720,887.095
scout_generation,4,116,821720
scout_gap,4,117,439.030,477.976,917.006,572,25,917.006,921.949
scout_generation,4,117,917006
scout_gap,4,118,330.380,479.541,809.921,572,25,809.921,886.538
scout_generation,4,118,809921
scout_gap,4,119,338.056,477.820,815.876,572,25,815.876,879.429
scout_generation,4,119,815876
scout_gap,4,120,337.491,479.930,817.421,572,25,817.421,891.726
scout_generation,4,120,817421
scout_gap,4,121,343.017,479.392,822.409,572,25,822.409,891.636
scout_generation,4,121,822409
scout_gap,4,122,329.562,479.796,809.358,572,25,809.358,879.262
scout_generation,4,122,809358
scout_gap,4,123,335.026,480.004,815.030,572,25,815.030,867.311
scout_generation,4,123,815030
scout_gap,4,124,334.157,477.371,811.528,572,25,811.528,877.679
scout_generation,4,124,811528
scout_gap,4,125,340.767,477.461,818.228,572,25,818.228,877.475
scout_generation,4,125,818228
scout_gap,4,126,348.432,477.806,826.238,572,25,826.238,880.421
scout_generation,4,126,826238
scout_gap,4,127,332.732,479.985,812.717,572,25,812.717,877.698
scout_generation,4,127,812717
scout_gap,4,128,336.114,480.088,816.202,572,25,816.202,863.385
scout_generation,4,128,816202
scout_gap,4,129,324.014,478.792,802.806,572,25,802.806,884.248
scout_generation,4,129,802806
scout_gap,4,130,351.009,479.220,830.229,572,25,830.229,893.371
scout_generation,4,130,830229
scout_gap,4,131,341.975,479.769,821.744,572,25,821.744,887.919
scout_generation,4,131,821744
scout_gap,4,132,353.757,478.249,832.006,572,25,832.006,871.981
scout_generation,4,132,832006
scout_gap,4,133,348.035,477.390,825.425,572,25,825.425,887.588
scout_generation,4,133,825425
scout_gap,4,134,358.939,478.025,836.964,572,25,836.964,885.332
scout_generation,4,134,836964
scout_gap,4,135,360.022,478.938,838.960,572,25,838.960,891.736
scout_generation,4,135,838960
scout_gap,4,136,335.644,479.933,815.577,572,25,815.577,889.593
scout_generation,4,136,815577
scout_gap,4,137,347.746,479.346,827.092,572,25,827.092,873.327
scout_generation,4,137,827092
scout_gap,4,138,363.321,480.029,843.350,572,25,843.350,851.305
scout_generation,4,138,843350
scout_gap,4,139,372.911,479.308,852.219,572,25,852.219,857.104
scout_generation,4,139,852219
scout_gap,4,140,380.746,477.524,858.270,572,25,858.270,863.205
scout_generation,4,140,858270
scout_gap,4,141,370.477,479.686,850.163,572,25,850.163,857.272
scout_generation,4,141,850163
scout_gap,4,142,359.189,479.659,838.848,572,25,838.848,874.165
scout_generation,4,142,838848
scout_gap,4,143,390.079,478.945,869.024,572,25,869.024,874.135
scout_generation,4,143,869024
scout_gap,4,144,377.666,479.646,857.312,572,25,857.312,864.581
scout_generation,4,144,857312
scout_gap,4,145,378.832,478.261,857.093,572,25,857.093,861.994
scout_generation,4,145,857093
scout_gap,4,146,333.858,479.937,813.795,572,25,813.795,880.849
scout_generation,4,146,813795
scout_gap,4,147,373.767,478.427,852.194,572,25,852.194,858.394
scout_generation,4,147,852194
scout_gap,4,148,353.795,479.357,833.152,572,25,833.152,869.561
scout_generation,4,148,833152
scout_gap,4,149,346.467,480.142,826.609,572,25,826.609,878.342
scout_generation,4,149,826609
scout_gap,4,150,363.786,477.908,841.694,572,25,841.694,846.743
scout_generation,4,150,841694
scout_gap,4,151,350.052,479.549,829.601,572,25,829.601,905.106
scout_generation,4,151,829601
scout_gap,4,152,372.100,478.067,850.167,572,25,850.167,857.201
scout_generation,4,152,850167
scout_gap,4,153,428.612,479.873,908.485,572,25,908.485,913.485
scout_generation,4,153,908485
scout_gap,4,154,395.478,478.222,873.700,572,25,873.700,878.780
scout_generation,4,154,873700
scout_gap,4,155,409.072,479.202,888.274,572,25,888.274,895.385
scout_generation,4,155,888274
scout_gap,4,156,418.678,477.869,896.547,572,25,896.547,901.461
scout_generation,4,156,896547
scout_gap,4,157,402.679,478.991,881.670,572,25,881.670,888.762
scout_generation,4,157,881670
scout_gap,4,158,411.573,477.609,889.182,572,25,889.182,894.059
scout_generation,4,158,889182
scout_gap,4,159,410.563,480.272,890.835,572,25,890.835,895.862
scout_generation,4,159,890835
scout_gap,4,160,387.910,480.182,868.092,572,25,868.092,873.212
scout_generation,4,160,868092
scout_gap,4,161,356.351,477.950,834.301,572,25,834.301,841.364
scout_generation,4,161,834301
scout_gap,4,162,388.873,480.096,868.969,572,25,868.969,873.837
scout_generation,4,162,868969
scout_gap,4,163,393.844,479.499,873.343,572,25,873.343,878.244
scout_generation,4,163,873343
scout_gap,4,164,370.953,480.242,851.195,572,25,851.195,857.059
scout_generation,4,164,851195
scout_gap,4,165,364.611,479.292,843.903,572,25,843.903,887.590
scout_generation,4,165,843903
scout_gap,4,166,422.258,479.032,901.290,572,25,901.290,906.219
scout_generation,4,166,901290
scout_gap,4,167,430.350,477.854,908.204,572,25,908.204,913.280
scout_generation,4,167,908204
scout_gap,4,168,427.016,480.118,907.134,572,25,907.134,912.090
scout_generation,4,168,907134
scout_gap,4,169,430.202,478.807,909.009,572,25,909.009,913.906
scout_generation,4,169,909009
scout_gap,4,170,437.363,478.735,916.098,572,25,916.098,921.027
scout_generation,4,170,916098
scout_gap,4,171,433.581,479.421,913.002,572,25,913.002,919.257
scout_generation,4,171,913002
scout_gap,4,172,430.017,477.444,907.461,572,25,907.461,912.378
scout_generation,4,172,907461
scout_gap,4,173,408.443,478.180,886.623,572,25,886.623,891.530
scout_generation,4,173,886623
scout_gap,4,174,401.326,479.097,880.423,572,25,880.423,885.322
scout_generation,4,174,880423
scout_gap,4,175,431.684,478.374,910.058,572,25,910.058,914.856
scout_generation,4,175,910058
scout_gap,4,176,430.592,479.981,910.573,572,25,910.573,917.977
scout_generation,4,176,910573
scout_gap,4,177,418.870,480.086,898.956,572,25,898.956,903.813
scout_generation,4,177,898956
scout_gap,4,178,394.584,478.193,872.777,572,25,872.777,877.593
scout_generation,4,178,872777
scout_gap,4,179,427.408,480.310,907.718,572,25,907.718,912.693
scout_generation,4,179,907718
scout_gap,4,180,428.303,477.890,906.193,572,25,906.193,912.795
scout_generation,4,180,906193
scout_gap,4,181,424.096,478.253,902.349,572,25,902.349,908.559
scout_generation,4,181,902349
scout_gap,4,182,426.599,479.587,906.186,572,25,906.186,911.101
scout_generation,4,182,906186
scout_gap,4,183,428.442,477.443,905.885,572,25,905.885,913.186
scout_generation,4,183,905885
scout_gap,4,184,400.496,479.078,879.574,572,25,879.574,884.409
scout_generation,4,184,879574
scout_gap,4,185,435.782,477.840,913.622,572,25,913.622,918.795
scout_generation,4,185,913622
scout_gap,4,186,435.154,478.115,913.269,572,25,913.269,918.237
scout_generation,4,186,913269
scout_gap,4,187,425.540,479.665,905.205,572,25,905.205,910.021
scout_generation,4,187,905205
scout_gap,4,188,419.067,478.812,897.879,572,25,897.879,902.986
scout_generation,4,188,897879
scout_gap,4,189,382.885,480.208,863.093,572,25,863.093,867.919
scout_generation,4,189,863093
scout_gap,4,190,426.646,479.496,906.142,572,25,906.142,911.093
scout_generation,4,190,906142
scout_gap,4,191,414.908,480.148,895.056,572,25,895.056,899.959
scout_generation,4,191,895056
scout_gap,4,192,417.663,479.428,897.091,572,25,897.091,903.332
scout_generation,4,192,897091
scout_gap,4,193,435.513,477.419,912.932,572,25,912.932,917.885
scout_generation,4,193,912932
scout_gap,4,194,430.871,479.439,910.310,572,25,910.310,915.245
scout_generation,4,194,910310
scout_gap,4,195,435.087,478.335,913.422,572,25,913.422,919.687
scout_generation,4,195,913422
scout_gap,4,196,408.482,479.128,887.610,572,25,887.610,892.789
scout_generation,4,196,887610
scout_gap,4,197,389.539,480.060,869.599,572,25,869.599,874.487
scout_generation,4,197,869599
scout_gap,4,198,433.104,480.144,913.248,572,25,913.248,920.282
scout_generation,4,198,913248
scout_gap,4,199,423.565,480.106,903.671,572,25,903.671,910.787
scout_generation,4,199,903671
scout_gap,4,200,424.267,478.661,902.928,572,25,902.928,907.836
scout_generation,4,200,902928
scout_gap,4,201,411.241,480.340,891.581,572,25,891.581,896.495
scout_generation,4,201,891581
scout_gap,4,202,428.134,479.868,908.002,572,25,908.002,914.286
scout_generation,4,202,908002
scout_gap,4,203,421.186,478.530,899.716,572,25,899.716,907.138
scout_generation,4,203,899716
scout_gap,4,204,392.164,477.403,869.567,572,25,869.567,874.413
scout_generation,4,204,869567
scout_gap,4,205,404.503,478.747,883.250,572,25,883.250,888.275
scout_generation,4,205,883250
scout_gap,4,206,404.493,477.552,882.045,572,25,882.045,888.365
scout_generation,4,206,882045
scout_gap,4,207,414.932,479.154,894.086,572,25,894.086,900.388
scout_generation,4,207,894086
scout_gap,4,208,435.729,478.625,914.354,572,25,914.354,920.575
scout_generation,4,208,914354
scout_gap,4,209,416.089,478.004,894.093,572,25,894.093,899.047
scout_generation,4,209,894093
scout_gap,4,210,434.642,480.234,914.876,572,25,914.876,919.722
scout_generation,4,210,914876
scout_gap,4,211,401.287,480.358,881.645,572,25,881.645,886.520
scout_generation,4,211,881645
scout_gap,4,212,410.426,479.023,889.449,572,25,889.449,896.541
scout_generation,4,212,889449
scout_gap,4,213,417.473,479.477,896.950,572,25,896.950,901.917
scout_generation,4,213,896950
scout_gap,4,214,420.320,479.846,900.166,572,25,900.166,905.165
scout_generation,4,214,900166
scout_gap,4,215,427.745,477.402,905.147,572,25,905.147,910.176
scout_generation,4,215,905147
scout_gap,4,216,405.002,480.081,885.083,572,25,885.083,890.714
scout_generation,4,216,885083
scout_gap,4,217,424.122,478.895,903.017,572,25,903.017,908.163
scout_generation,4,217,903017
scout_gap,4,218,426.493,477.488,903.981,572,25,903.981,908.968
scout_generation,4,218,903981
scout_gap,4,219,432.011,479.214,911.225,572,25,911.225,916.077
scout_generation,4,219,911225
scout_gap,4,220,438.198,479.627,917.825,572,25,917.825,922.754
scout_generation,4,220,917825
scout_gap,4,221,436.761,478.846,915.607,572,25,915.607,920.699
scout_generation,4,221,915607
scout_gap,4,222,435.442,477.410,912.852,572,25,912.852,919.067
scout_generation,4,222,912852
scout_gap,4,223,392.130,477.900,870.030,572,25,870.030,874.863
scout_generation,4,223,870030
scout_gap,4,224,261.421,479.175,740.596,572,25,740.596,862.935
scout_generation,4,224,740596
scout_gap,4,225,261.890,478.707,740.597,572,25,740.597,841.362
scout_generation,4,225,740597
scout_gap,4,226,261.562,478.776,740.338,572,25,740.338,876.161
scout_generation,4,226,740338
scout_gap,4,227,261.932,478.217,740.149,572,25,740.149,872.984
scout_generation,4,227,740149
scout_gap,4,228,261.365,478.817,740.182,572,25,740.182,840.966
scout_generation,4,228,740182
scout_gap,4,229,261.278,479.007,740.285,572,25,740.285,876.846
scout_generation,4,229,740285
scout_gap,4,230,260.993,480.297,741.290,572,25,741.290,831.812
scout_generation,4,230,741290
scout_gap,4,231,263.562,477.445,741.007,572,25,741.007,867.457
scout_generation,4,231,741007
scout_gap,4,232,263.235,477.588,740.823,572,25,740.823,865.006
scout_generation,4,232,740823
scout_gap,4,233,260.902,479.917,740.819,572,25,740.819,875.279
scout_generation,4,233,740819
scout_gap,4,234,260.998,479.202,740.200,572,25,740.200,858.145
scout_generation,4,234,740200
scout_gap,4,235,416.534,479.896,896.430,572,25,896.430,901.315
scout_generation,4,235,896430
scout_gap,4,236,406.336,477.675,884.011,572,25,884.011,888.845
scout_generation,4,236,884011
scout_gap,4,237,411.512,479.983,891.495,572,25,891.495,896.332
scout_generation,4,237,891495
scout_gap,4,238,404.295,477.824,882.119,572,25,882.119,888.853
scout_generation,4,238,882119
scout_gap,4,239,391.895,479.874,871.769,572,25,871.769,878.787
scout_generation,4,239,871769
scout_gap,4,240,379.271,479.015,858.286,572,25,858.286,863.337
scout_generation,4,240,858286
scout_gap,4,241,361.208,478.547,839.755,572,25,839.755,847.102
scout_generation,4,241,839755
scout_gap,4,242,404.180,478.739,882.919,572,25,882.919,887.825
scout_generation,4,242,882919
scout_gap,4,243,263.648,477.372,741.020,572,25,741.020,842.053
scout_generation,4,243,741020
scout_gap,4,244,262.852,478.392,741.244,572,25,741.244,872.772
scout_generation,4,244,741244
scout_gap,4,245,263.412,477.833,741.245,572,25,741.245,845.552
scout_generation,4,245,741245
scout_gap,4,246,262.415,478.608,741.023,572,25,741.023,835.751
scout_generation,4,246,741023
scout_gap,4,247,263.630,477.383,741.013,572,25,741.013,874.871
scout_generation,4,247,741013
scout_gap,4,248,261.394,480.066,741.460,572,25,741.460,896.410
scout_generation,4,248,741460
scout_gap,4,249,262.206,479.564,741.770,572,25,741.770,874.764
scout_generation,4,249,741770
scout_gap,4,250,260.888,480.064,740.952,572,25,740.952,825.918
scout_generation,4,250,740952
scout_gap,4,251,264.145,477.512,741.657,572,25,741.657,847.407
scout_generation,4,251,741657
scout_gap,4,252,261.606,479.948,741.554,572,25,741.554,900.112
scout_generation,4,252,741554
scout_gap,4,253,264.025,478.863,742.888,572,25,742.888,876.991
scout_generation,4,253,742888
scout_gap,4,254,261.722,480.327,742.049,572,25,742.049,859.401
scout_generation,4,254,742049
scout_gap,4,255,261.904,480.161,742.065,572,25,742.065,848.503
scout_generation,4,255,742065
scout_gap,4,256,262.831,479.167,741.998,572,25,741.998,886.600
scout_generation,4,256,741998
scout_gap,4,257,263.256,479.386,742.642,572,25,742.642,887.798
scout_generation,4,257,742642
scout_gap,4,258,261.952,480.003,741.955,572,25,741.955,830.134
scout_generation,4,258,741955
scout_gap,4,259,261.817,480.056,741.873,572,25,741.873,881.591
scout_generation,4,259,741873
scout_gap,4,260,262.419,480.135,742.554,572,25,742.554,875.580
scout_generation,4,260,742554
scout_gap,4,261,264.521,478.183,742.704,572,25,742.704,846.694
scout_generation,4,261,742704
scout_gap,4,262,264.586,478.275,742.861,572,25,742.861,836.306
scout_generation,4,262,742861
scout_gap,4,263,264.906,478.684,743.590,572,25,743.590,838.805
scout_generation,4,263,743590
scout_gap,4,264,265.842,477.516,743.358,572,25,743.358,863.965
scout_generation,4,264,743358
scout_gap,4,265,265.599,479.240,744.839,572,25,744.839,828.195
scout_generation,4,265,744839
scout_gap,4,266,264.565,477.375,741.940,572,25,741.940,907.977
scout_generation,4,266,741940
scout_gap,4,267,262.381,480.322,742.703,572,25,742.703,907.697
scout_generation,4,267,742703
scout_gap,4,268,263.785,480.106,743.891,572,25,743.891,840.960
scout_generation,4,268,743891
scout_gap,4,269,264.900,479.051,743.951,572,25,743.951,882.084
scout_generation,4,269,743951
scout_gap,4,270,263.204,480.286,743.490,572,25,743.490,881.314
scout_generation,4,270,743490
scout_gap,4,271,264.140,479.852,743.992,572,25,743.992,848.874
scout_generation,4,271,743992
scout_gap,4,272,267.812,478.429,746.241,572,25,746.241,828.790
scout_generation,4,272,746241
scout_gap,4,273,266.821,478.554,745.375,572,25,745.375,834.500
scout_generation,4,273,745375
scout_gap,4,274,268.035,478.598,746.633,572,25,746.633,834.021
scout_generation,4,274,746633
scout_gap,4,275,265.014,480.313,745.327,572,25,745.327,841.492
scout_generation,4,275,745327
scout_gap,4,276,268.330,480.096,748.426,572,25,748.426,841.539
scout_generation,4,276,748426
scout_gap,4,277,276.025,478.112,754.137,572,25,754.137,838.593
scout_generation,4,277,754137
scout_gap,4,278,269.025,478.086,747.111,572,25,747.111,844.976
scout_generation,4,278,747111
scout_gap,4,279,266.028,478.832,744.860,572,25,744.860,839.805
scout_generation,4,279,744860
scout_gap,4,280,285.445,477.604,763.049,572,25,763.049,856.622
scout_generation,4,280,763049
scout_gap,4,281,291.567,478.742,770.309,572,25,770.309,863.065
scout_generation,4,281,770309
scout_gap,4,282,259.905,480.239,740.144,572,25,740.144,860.577
scout_generation,4,282,740144
scout_gap,4,283,261.621,478.664,740.285,572,25,740.285,833.333
scout_generation,4,283,740285
scout_gap,4,284,264.008,477.359,741.367,572,25,741.367,866.197
scout_generation,4,284,741367
scout_gap,4,285,260.806,480.163,740.969,572,25,740.969,832.711
scout_generation,4,285,740969
scout_gap,4,286,260.698,479.975,740.673,572,25,740.673,848.068
scout_generation,4,286,740673
scout_gap,4,287,261.586,479.375,740.961,572,25,740.961,882.896
scout_generation,4,287,740961
scout_gap,4,288,262.165,478.879,741.044,572,25,741.044,844.742
scout_generation,4,288,741044
scout_gap,4,289,261.692,479.610,741.302,572,25,741.302,827.935
scout_generation,4,289,741302
scout_gap,4,290,260.929,479.484,740.413,572,25,740.413,836.938
scout_generation,4,290,740413
scout_gap,4,291,263.054,477.580,740.634,572,25,740.634,838.819
scout_generation,4,291,740634
scout_gap,4,292,260.480,479.765,740.245,572,25,740.245,842.338
scout_generation,4,292,740245
scout_gap,4,293,259.891,480.356,740.247,572,25,740.247,830.948
scout_generation,4,293,740247
scout_gap,4,294,263.127,478.348,741.475,572,25,741.475,828.114
scout_generation,4,294,741475
scout_gap,4,295,261.692,479.600,741.292,572,25,741.292,838.813
scout_generation,4,295,741292
scout_gap,4,296,262.772,478.842,741.614,572,25,741.614,869.540
scout_generation,4,296,741614
scout_gap,4,297,262.092,479.445,741.537,572,25,741.537,855.564
scout_generation,4,297,741537
scout_gap,4,298,261.203,479.890,741.093,572,25,741.093,833.084
scout_generation,4,298,741093
scout_gap,4,299,262.020,479.091,741.111,572,25,741.111,857.474
scout_generation,4,299,741111
scout_gap,4,300,263.795,477.740,741.535,572,25,741.535,838.865
scout_generation,4,300,741535
scout_gap,4,301,261.711,479.930,741.641,572,25,741.641,833.113
scout_generation,4,301,741641
scout_gap,4,302,263.489,479.285,742.774,572,25,742.774,872.483
scout_generation,4,302,742774
scout_gap,4,303,261.943,480.335,742.278,572,25,742.278,869.996
scout_generation,4,303,742278
scout_gap,4,304,264.937,478.492,743.429,572,25,743.429,881.946
scout_generation,4,304,743429
scout_gap,4,305,266.099,478.561,744.660,572,25,744.660,866.508
scout_generation,4,305,744660
scout_gap,4,306,264.081,478.924,743.005,572,25,743.005,848.569
scout_generation,4,306,743005
scout_gap,4,307,264.787,478.165,742.952,572,25,742.952,865.786
scout_generation,4,307,742952
scout_gap,4,308,263.705,478.480,742.185,572,25,742.185,863.792
scout_generation,4,308,742185
scout_gap,4,309,262.025,479.819,741.844,572,25,741.844,868.129
scout_generation,4,309,741844
scout_gap,4,310,265.520,477.499,743.019,572,25,743.019,871.165
scout_generation,4,310,743019
scout_gap,4,311,264.356,479.420,743.776,572,25,743.776,868.860
scout_generation,4,311,743776
scout_gap,4,312,265.899,478.079,743.978,572,25,743.978,865.772
scout_generation,4,312,743978
scout_gap,4,313,263.148,479.707,742.855,572,25,742.855,874.299
scout_generation,4,313,742855
scout_gap,4,314,265.967,480.085,746.052,572,25,746.052,838.039
scout_generation,4,314,746052
scout_gap,4,315,262.496,480.053,742.549,572,25,742.549,864.302
scout_generation,4,315,742549
scout_gap,4,316,264.409,479.027,743.436,572,25,743.436,879.227
scout_generation,4,316,743436
scout_gap,4,317,266.343,477.436,743.779,572,25,743.779,826.242
scout_generation,4,317,743779
scout_gap,4,318,266.094,478.638,744.732,572,25,744.732,866.143
scout_generation,4,318,744732
scout_gap,4,319,265.617,478.588,744.205,572,25,744.205,866.243
scout_generation,4,319,744205
scout_gap,4,320,265.362,479.341,744.703,572,25,744.703,851.272
scout_generation,4,320,744703
scout_gap,4,321,265.421,477.698,743.119,572,25,743.119,871.746
scout_generation,4,321,743119
scout_gap,4,322,265.767,478.468,744.235,572,25,744.235,832.544
scout_generation,4,322,744235
scout_gap,4,323,267.218,478.524,745.742,572,25,745.742,833.183
scout_generation,4,323,745742
scout_gap,4,324,268.035,477.737,745.772,572,25,745.772,851.350
scout_generation,4,324,745772
scout_gap,4,325,261.627,478.579,740.206,572,25,740.206,860.991
scout_generation,4,325,740206
scout_gap,4,326,261.377,478.982,740.359,572,25,740.359,860.748
scout_generation,4,326,740359
scout_gap,4,327,260.053,480.247,740.300,572,25,740.300,857.293
scout_generation,4,327,740300
scout_gap,4,328,262.181,478.269,740.450,572,25,740.450,848.130
scout_generation,4,328,740450
scout_gap,4,329,260.609,480.062,740.671,572,25,740.671,849.127
scout_generation,4,329,740671
scout_gap,4,330,262.312,478.168,740.480,572,25,740.480,855.521
scout_generation,4,330,740480
scout_gap,4,331,260.892,480.328,741.220,572,25,741.220,882.309
scout_generation,4,331,741220
scout_gap,4,332,260.932,479.702,740.634,572,25,740.634,849.613
scout_generation,4,332,740634
scout_gap,4,333,263.631,477.543,741.174,572,25,741.174,876.552
scout_generation,4,333,741174
scout_gap,4,334,262.883,478.208,741.091,572,25,741.091,869.876
scout_generation,4,334,741091
scout_gap,4,335,263.140,478.317,741.457,572,25,741.457,854.404
scout_generation,4,335,741457
scout_gap,4,336,263.666,477.730,741.396,572,25,741.396,869.060
scout_generation,4,336,741396
scout_gap,4,337,263.361,477.861,741.222,572,25,741.222,841.742
scout_generation,4,337,741222
scout_gap,4,338,262.091,478.851,740.942,572,25,740.942,870.606
scout_generation,4,338,740942
scout_gap,4,339,261.869,479.514,741.383,572,25,741.383,876.484
scout_generation,4,339,741383
scout_gap,4,340,262.091,479.456,741.547,572,25,741.547,863.829
scout_generation,4,340,741547
scout_gap,4,341,261.246,479.789,741.035,572,25,741.035,891.834
scout_generation,4,341,741035
scout_gap,4,342,262.676,478.973,741.649,572,25,741.649,843.864
scout_generation,4,342,741649
scout_gap,4,343,263.622,478.059,741.681,572,25,741.681,841.470
scout_generation,4,343,741681
scout_gap,4,344,264.563,477.600,742.163,572,25,742.163,853.738
scout_generation,4,344,742163
scout_gap,4,345,264.879,477.425,742.304,572,25,742.304,841.469
scout_generation,4,345,742304
scout_gap,4,346,264.412,479.781,744.193,572,25,744.193,883.985
scout_generation,4,346,744193
scout_gap,4,347,265.680,477.446,743.126,572,25,743.126,854.592
scout_generation,4,347,743126
scout_gap,4,348,264.332,478.011,742.343,572,25,742.343,889.159
scout_generation,4,348,742343
scout_gap,4,349,262.714,479.734,742.448,572,25,742.448,831.948
scout_generation,4,349,742448
scout_gap,4,350,264.570,478.799,743.369,572,25,743.369,837.632
scout_generation,4,350,743369
scout_gap,4,351,264.661,477.741,742.402,572,25,742.402,834.620
scout_generation,4,351,742402
scout_gap,4,352,262.241,480.311,742.552,572,25,742.552,837.525
scout_generation,4,352,742552
scout_gap,4,353,264.781,478.289,743.070,572,25,743.070,881.625
scout_generation,4,353,743070
scout_gap,4,354,265.591,478.226,743.817,572,25,743.817,877.705
scout_generation,4,354,743817
scout_gap,4,355,262.721,480.022,742.743,572,25,742.743,861.385
scout_generation,4,355,742743
scout_gap,4,356,265.188,480.103,745.291,572,25,745.291,850.387
scout_generation,4,356,745291
scout_gap,4,357,263.832,478.414,742.246,572,25,742.246,885.371
scout_generation,4,357,742246
scout_gap,4,358,264.426,478.553,742.979,572,25,742.979,880.193
scout_generation,4,358,742979
scout_gap,4,359,266.303,477.874,744.177,572,25,744.177,845.649
scout_generation,4,359,744177
scout_gap,4,360,266.145,477.610,743.755,572,25,743.755,841.666
scout_generation,4,360,743755
scout_gap,4,361,264.780,479.809,744.589,572,25,744.589,834.194
scout_generation,4,361,744589
scout_gap,4,362,261.766,478.610,740.376,572,25,740.376,861.908
scout_generation,4,362,740376
scout_gap,4,363,260.440,479.844,740.284,572,25,740.284,864.933
scout_generation,4,363,740284
scout_gap,4,364,262.093,478.229,740.322,572,25,740.322,854.347
scout_generation,4,364,740322
scout_gap,4,365,261.946,478.614,740.560,572,25,740.560,838.108
scout_generation,4,365,740560
scout_gap,4,366,260.806,479.976,740.782,572,25,740.782,845.018
scout_generation,4,366,740782
scout_gap,4,367,261.338,479.220,740.558,572,25,740.558,888.380
scout_generation,4,367,740558
scout_gap,4,368,262.069,478.716,740.785,572,25,740.785,850.116
scout_generation,4,368,740785
scout_gap,4,369,261.126,480.023,741.149,572,25,741.149,848.584
scout_generation,4,369,741149
scout_gap,4,370,262.433,478.670,741.103,572,25,741.103,852.136
scout_generation,4,370,741103
scout_gap,4,371,262.737,478.644,741.381,572,25,741.381,856.788
scout_generation,4,371,741381
scout_gap,4,372,261.155,480.288,741.443,572,25,741.443,840.598
scout_generation,4,372,741443
scout_gap,4,373,263.072,478.038,741.110,572,25,741.110,888.699
scout_generation,4,373,741110
scout_gap,4,374,261.004,480.078,741.082,572,25,741.082,845.185
scout_generation,4,374,741082
scout_gap,4,375,263.356,478.092,741.448,572,25,741.448,863.957
scout_generation,4,375,741448
scout_gap,4,376,261.636,480.125,741.761,572,25,741.761,837.605
scout_generation,4,376,741761
scout_gap,4,377,261.689,479.545,741.234,572,25,741.234,866.479
scout_generation,4,377,741234
scout_gap,4,378,262.416,478.918,741.334,572,25,741.334,837.761
scout_generation,4,378,741334
scout_gap,4,379,262.496,479.262,741.758,572,25,741.758,870.865
scout_generation,4,379,741758
scout_gap,4,380,261.532,480.157,741.689,572,25,741.689,836.838
scout_generation,4,380,741689
scout_gap,4,381,263.225,479.534,742.759,572,25,742.759,849.059
scout_generation,4,381,742759
scout_gap,4,382,262.625,479.233,741.858,572,25,741.858,844.737
scout_generation,4,382,741858
scout_gap,4,383,266.745,479.264,746.009,572,25,746.009,902.035
scout_generation,4,383,746009
scout_gap,4,384,261.819,480.034,741.853,572,25,741.853,900.313
scout_generation,4,384,741853
scout_gap,4,385,264.708,477.882,742.590,572,25,742.590,844.825
scout_generation,4,385,742590
scout_gap,4,386,262.478,479.592,742.070,572,25,742.070,881.420
scout_generation,4,386,742070
scout_gap,4,387,264.454,477.570,742.024,572,25,742.024,834.422
scout_generation,4,387,742024
scout_gap,4,388,261.770,480.246,742.016,572,25,742.016,866.044
scout_generation,4,388,742016
scout_gap,4,389,265.718,478.965,744.683,572,25,744.683,864.158
scout_generation,4,389,744683
scout_gap,4,390,265.528,477.676,743.204,572,25,743.204,852.837
scout_generation,4,390,743204
scout_gap,4,391,264.356,478.872,743.228,572,25,743.228,868.571
scout_generation,4,391,743228
scout_gap,4,392,264.472,477.379,741.851,572,25,741.851,852.619
scout_generation,4,392,741851
scout_gap,4,393,265.549,477.586,743.135,572,25,743.135,848.354
scout_generation,4,393,743135
scout_gap,4,394,266.244,478.297,744.541,572,25,744.541,844.058
scout_generation,4,394,744541
scout_gap,4,395,260.662,480.049,740.711,572,25,740.711,904.870
scout_generation,4,395,740711
scout_gap,4,396,263.090,477.429,740.519,572,25,740.519,891.115
scout_generation,4,396,740519
scout_gap,4,397,260.737,480.007,740.744,572,25,740.744,869.493
scout_generation,4,397,740744
scout_gap,4,398,262.647,477.758,740.405,572,25,740.405,893.329
scout_generation,4,398,740405
scout_gap,4,399,263.230,477.803,741.033,572,25,741.033,873.306
scout_generation,4,399,741033
scout_gap,4,400,262.895,478.421,741.316,572,25,741.316,897.538
scout_generation,4,400,741316
scout_gap,4,401,261.020,480.142,741.162,572,25,741.162,886.835
scout_generation,4,401,741162
scout_gap,4,402,262.665,478.283,740.948,572,25,740.948,891.325
scout_generation,4,402,740948
scout_gap,4,403,262.300,478.852,741.152,572,25,741.152,915.560
scout_generation,4,403,741152
scout_gap,4,404,262.825,478.646,741.471,572,25,741.471,869.350
scout_generation,4,404,741471
scout_gap,4,405,263.891,477.680,741.571,572,25,741.571,849.352
scout_generation,4,405,741571
scout_gap,4,406,262.637,478.889,741.526,572,25,741.526,852.016
scout_generation,4,406,741526
scout_gap,4,407,261.107,480.114,741.221,572,25,741.221,854.733
scout_generation,4,407,741221
scout_gap,4,408,263.955,477.737,741.692,572,25,741.692,857.445
scout_generation,4,408,741692
scout_gap,4,409,261.594,479.710,741.304,572,25,741.304,860.031
scout_generation,4,409,741304
scout_gap,4,410,264.101,478.296,742.397,572,25,742.397,846.767
scout_generation,4,410,742397
scout_gap,4,411,263.857,479.385,743.242,572,25,743.242,918.347
scout_generation,4,411,743242
scout_gap,4,412,262.652,479.775,742.427,572,25,742.427,906.152
scout_generation,4,412,742427
scout_gap,4,413,263.585,478.871,742.456,572,25,742.456,896.869
scout_generation,4,413,742456
scout_gap,4,414,263.392,478.823,742.215,572,25,742.215,881.687
scout_generation,4,414,742215
scout_gap,4,415,263.492,478.765,742.257,572,25,742.257,908.094
scout_generation,4,415,742257
scout_gap,4,416,265.568,477.500,743.068,572,25,743.068,916.142
scout_generation,4,416,743068
scout_gap,4,417,264.142,478.064,742.206,572,25,742.206,864.881
scout_generation,4,417,742206
scout_gap,4,418,266.145,477.442,743.587,572,25,743.587,914.622
scout_generation,4,418,743587
scout_gap,4,419,264.740,478.648,743.388,572,25,743.388,902.181
scout_generation,4,419,743388
scout_gap,4,420,263.331,479.688,743.019,572,25,743.019,906.646
scout_generation,4,420,743019
scout_gap,4,421,265.343,478.785,744.128,572,25,744.128,908.726
scout_generation,4,421,744128
scout_gap,4,422,264.476,477.619,742.095,572,25,742.095,911.286
scout_generation,4,422,742095
scout_gap,4,423,264.691,478.595,743.286,572,25,743.286,899.058
scout_generation,4,423,743286
scout_gap,4,424,263.505,477.345,740.850,572,25,740.850,825.455
scout_generation,4,424,740850
scout_gap,4,425,263.571,477.661,741.232,572,25,741.232,889.700
scout_generation,4,425,741232
scout_gap,4,426,264.907,479.408,744.315,572,25,744.315,854.252
scout_generation,4,426,744315
scout_gap,4,427,261.394,480.308,741.702,572,25,741.702,859.087
scout_generation,4,427,741702
scout_gap,4,428,262.431,478.888,741.319,572,25,741.319,879.443
scout_generation,4,428,741319
scout_gap,4,429,265.856,480.339,746.195,572,25,746.195,918.207
scout_generation,4,429,746195
scout_gap,4,430,264.301,477.812,742.113,572,25,742.113,860.968
scout_generation,4,430,742113
scout_gap,4,431,265.964,477.470,743.434,572,25,743.434,836.159
scout_generation,4,431,743434
scout_gap,4,432,264.047,480.351,744.398,572,25,744.398,851.162
scout_generation,4,432,744398
scout_gap,4,433,264.552,478.975,743.527,572,25,743.527,889.425
scout_generation,4,433,743527
scout_gap,4,434,265.410,480.221,745.631,572,25,745.631,890.903
scout_generation,4,434,745631
scout_gap,4,435,264.876,479.378,744.254,572,25,744.254,884.279
scout_generation,4,435,744254
scout_gap,4,436,265.387,479.552,744.939,572,25,744.939,892.295
scout_generation,4,436,744939
scout_gap,4,437,269.682,477.753,747.435,572,25,747.435,891.678
scout_generation,4,437,747435
scout_gap,4,438,269.817,477.653,747.470,572,25,747.470,866.043
scout_generation,4,438,747470
scout_gap,4,439,266.492,478.773,745.265,572,25,745.265,884.794
scout_generation,4,439,745265
scout_gap,4,440,269.313,479.924,749.237,572,25,749.237,839.090
scout_generation,4,440,749237
scout_gap,4,441,268.250,479.109,747.359,572,25,747.359,843.062
scout_generation,4,441,747359
scout_gap,4,442,267.404,479.019,746.423,572,25,746.423,873.672
scout_generation,4,442,746423
scout_gap,4,443,268.785,478.998,747.783,572,25,747.783,835.679
scout_generation,4,443,747783
scout_gap,4,444,272.362,478.959,751.321,572,25,751.321,855.567
scout_generation,4,444,751321
scout_gap,4,445,286.320,479.997,766.317,572,25,766.317,890.284
scout_generation,4,445,766317
scout_gap,4,446,280.414,477.956,758.370,572,25,758.370,861.418
scout_generation,4,446,758370
scout_gap,4,447,285.283,478.463,763.746,572,25,763.746,858.258
scout_generation,4,447,763746
scout_gap,4,448,283.172,479.188,762.360,572,25,762.360,902.091
scout_generation,4,448,762360
scout_gap,4,449,268.719,478.456,747.175,572,25,747.175,835.158
scout_generation,4,449,747175
scout_gap,4,450,269.207,479.898,749.105,572,25,749.105,842.702
scout_generation,4,450,749105
scout_gap,4,451,275.229,477.400,752.629,572,25,752.629,896.521
scout_generation,4,451,752629
scout_gap,4,452,287.313,479.698,767.011,572,25,767.011,899.272
scout_generation,4,452,767011
scout_gap,4,453,273.135,477.965,751.100,572,25,751.100,868.418
scout_generation,4,453,751100
scout_gap,4,454,279.847,477.556,757.403,572,25,757.403,902.543
scout_generation,4,454,757403
scout_gap,4,455,277.340,480.188,757.528,572,25,757.528,896.299
scout_generation,4,455,757528
scout_gap,4,456,271.363,478.895,750.258,572,25,750.258,896.905
scout_generation,4,456,750258
scout_gap,4,457,267.602,479.228,746.830,572,25,746.830,863.018
scout_generation,4,457,746830
scout_gap,4,458,265.444,479.300,744.744,572,25,744.744,838.949
scout_generation,4,458,744744
scout_gap,4,459,268.541,480.252,748.793,572,25,748.793,832.334
scout_generation,4,459,748793
scout_gap,4,460,267.556,477.992,745.548,572,25,745.548,844.127
scout_generation,4,460,745548
scout_gap,4,461,265.217,480.335,745.552,572,25,745.552,859.534
scout_generation,4,461,745552
scout_gap,4,462,267.828,479.151,746.979,572,25,746.979,849.657
scout_generation,4,462,746979
scout_gap,4,463,267.072,477.453,744.525,572,25,744.525,865.826
scout_generation,4,463,744525
scout_gap,4,464,268.069,478.698,746.767,572,25,746.767,843.299
scout_generation,4,464,746767
scout_gap,4,465,268.931,480.104,749.035,572,25,749.035,856.977
scout_generation,4,465,749035
scout_gap,4,466,275.165,478.199,753.364,572,25,753.364,859.971
scout_generation,4,466,753364
scout_gap,4,467,283.807,477.641,761.448,572,25,761.448,852.808
scout_generation,4,467,761448
scout_gap,4,468,281.145,480.135,761.280,572,25,761.280,883.736
scout_generation,4,468,761280
scout_gap,4,469,282.086,480.289,762.375,572,25,762.375,882.096
scout_generation,4,469,762375
scout_gap,4,470,267.371,480.102,747.473,572,25,747.473,868.989
scout_generation,4,470,747473
scout_gap,4,471,276.091,477.348,753.439,572,25,753.439,837.755
scout_generation,4,471,753439
scout_gap,4,472,289.851,479.043,768.894,572,25,768.894,858.303
scout_generation,4,472,768894
scout_gap,4,473,293.955,479.962,773.917,572,25,773.917,842.312
scout_generation,4,473,773917
scout_gap,4,474,281.483,477.902,759.385,572,25,759.385,846.662
scout_generation,4,474,759385
scout_gap,4,475,268.874,478.909,747.783,572,25,747.783,829.427
scout_generation,4,475,747783
scout_gap,4,476,273.844,478.238,752.082,572,25,752.082,846.302
scout_generation,4,476,752082
scout_gap,4,477,278.995,478.141,757.136,572,25,757.136,873.324
scout_generation,4,477,757136
scout_gap,4,478,278.928,480.155,759.083,572,25,759.083,837.753
scout_generation,4,478,759083
scout_gap,4,479,283.477,479.487,762.964,572,25,762.964,848.994
scout_generation,4,479,762964
scout_gap,4,480,268.172,479.513,747.685,572,25,747.685,845.379
scout_generation,4,480,747685
scout_gap,4,481,265.848,480.099,745.947,572,25,745.947,838.909
scout_generation,4,481,745947
scout_gap,4,482,280.813,479.725,760.538,572,25,760.538,858.970
scout_generation,4,482,760538
scout_gap,4,483,270.916,480.068,750.984,572,25,750.984,893.917
scout_generation,4,483,750984
scout_gap,4,484,274.338,477.481,751.819,572,25,751.819,879.171
scout_generation,4,484,751819
scout_gap,4,485,269.884,477.848,747.732,572,25,747.732,832.810
scout_generation,4,485,747732
scout_gap,4,486,285.624,478.994,764.618,572,25,764.618,835.364
scout_generation,4,486,764618
scout_gap,4,487,280.860,478.107,758.967,572,25,758.967,834.257
scout_generation,4,487,758967
scout_gap,4,488,262.561,480.056,742.617,572,25,742.617,873.624
scout_generation,4,488,742617
scout_gap,4,489,281.102,478.624,759.726,572,25,759.726,853.244
scout_generation,4,489,759726
scout_gap,4,490,268.105,480.299,748.404,572,25,748.404,846.761
scout_generation,4,490,748404
scout_gap,4,491,274.592,480.280,754.872,572,25,754.872,888.906
scout_generation,4,491,754872
scout_gap,4,492,286.616,480.303,766.919,572,25,766.919,887.483
scout_generation,4,492,766919
scout_gap,4,493,270.856,477.510,748.366,572,25,748.366,872.930
scout_generation,4,493,748366
scout_gap,4,494,289.821,478.386,768.207,572,25,768.207,857.150
scout_generation,4,494,768207
scout_gap,4,495,278.169,478.379,756.548,572,25,756.548,846.930
scout_generation,4,495,756548
scout_gap,4,496,270.038,479.743,749.781,572,25,749.781,843.652
scout_generation,4,496,749781
scout_gap,4,497,268.808,479.327,748.135,572,25,748.135,871.495
scout_generation,4,497,748135
scout_gap,4,498,281.595,479.281,760.876,572,25,760.876,855.040
scout_generation,4,498,760876
scout_gap,4,499,276.793,480.334,757.127,572,25,757.127,852.189
scout_generation,4,499,757127
scout_gap,4,500,284.083,478.506,762.589,572,25,762.589,900.113
scout_generation,4,500,762589
scout_gap,4,501,268.759,477.668,746.427,572,25,746.427,906.160
scout_generation,4,501,746427
scout_gap,4,502,288.331,477.630,765.961,572,25,765.961,904.753
scout_generation,4,502,765961
scout_gap,4,503,268.923,480.306,749.229,572,25,749.229,851.595
scout_generation,4,503,749229
scout_gap,4,504,268.875,479.210,748.085,572,25,748.085,900.000
scout_generation,4,504,748085
scout_gap,4,505,276.227,477.632,753.859,572,25,753.859,837.628
scout_generation,4,505,753859
scout_gap,4,506,279.043,477.819,756.862,572,25,756.862,833.582
scout_generation,4,506,756862
scout_gap,4,507,287.243,479.236,766.479,572,25,766.479,831.087
scout_generation,4,507,766479
scout_gap,4,508,270.058,479.886,749.944,572,25,749.944,867.448
scout_generation,4,508,749944
scout_gap,4,509,290.637,477.641,768.278,572,25,768.278,858.915
scout_generation,4,509,768278
scout_gap,4,510,278.166,477.968,756.134,572,25,756.134,845.036
scout_generation,4,510,756134
scout_gap,4,511,273.883,479.104,752.987,572,25,752.987,836.268
scout_generation,4,511,752987
scout_gap,4,512,278.814,479.583,758.397,572,25,758.397,865.720
scout_generation,4,512,758397
scout_gap,4,513,280.941,479.449,760.390,572,25,760.390,862.765
scout_generation,4,513,760390
scout_gap,4,514,273.433,477.683,751.116,572,25,751.116,858.153
scout_generation,4,514,751116
scout_gap,4,515,276.749,478.943,755.692,572,25,755.692,871.484
scout_generation,4,515,755692
scout_gap,4,516,281.579,478.769,760.348,572,25,760.348,882.003
scout_generation,4,516,760348
scout_gap,4,517,283.083,479.461,762.544,572,25,762.544,880.089
scout_generation,4,517,762544
scout_gap,4,518,288.444,478.235,766.679,572,25,766.679,856.644
scout_generation,4,518,766679
scout_gap,4,519,288.809,480.046,768.855,572,25,768.855,910.506
scout_generation,4,519,768855
scout_gap,4,520,269.697,478.072,747.769,572,25,747.769,899.552
scout_generation,4,520,747769
scout_gap,4,521,268.805,480.115,748.920,572,25,748.920,902.323
scout_generation,4,521,748920
scout_gap,4,522,271.937,480.030,751.967,572,25,751.967,879.092
scout_generation,4,522,751967
scout_gap,4,523,279.974,480.335,760.309,572,25,760.309,876.747
scout_generation,4,523,760309
scout_gap,4,524,272.712,479.894,752.606,572,25,752.606,890.315
scout_generation,4,524,752606
scout_gap,4,525,270.336,479.111,749.447,572,25,749.447,852.942
scout_generation,4,525,749447
scout_gap,4,526,274.836,479.838,754.674,572,25,754.674,874.338
scout_generation,4,526,754674
scout_gap,4,527,273.489,479.363,752.852,572,25,752.852,851.440
scout_generation,4,527,752852
scout_gap,4,528,281.442,479.304,760.746,572,25,760.746,833.932
scout_generation,4,528,760746
scout_gap,4,529,280.722,477.933,758.655,572,25,758.655,824.833
scout_generation,4,529,758655
scout_gap,4,530,284.427,477.507,761.934,572,25,761.934,837.122
scout_generation,4,530,761934
scout_gap,4,531,284.501,479.565,764.066,572,25,764.066,839.667
scout_generation,4,531,764066
scout_gap,4,532,294.032,477.435,771.467,572,25,771.467,854.195
scout_generation,4,532,771467
scout_gap,4,533,268.428,478.435,746.863,572,25,746.863,826.573
scout_generation,4,533,746863
scout_gap,4,534,287.679,479.168,766.847,572,25,766.847,895.929
scout_generation,4,534,766847
scout_gap,4,535,270.022,480.252,750.274,572,25,750.274,846.456
scout_generation,4,535,750274
scout_gap,4,536,269.381,478.157,747.538,572,25,747.538,839.043
scout_generation,4,536,747538
scout_gap,4,537,275.690,477.941,753.631,572,25,753.631,894.664
scout_generation,4,537,753631
scout_gap,4,538,275.898,479.049,754.947,572,25,754.947,847.798
scout_generation,4,538,754947
scout_gap,4,539,280.223,478.442,758.665,572,25,758.665,879.682
scout_generation,4,539,758665
scout_gap,4,540,286.552,477.373,763.925,572,25,763.925,868.924
scout_generation,4,540,763925
scout_gap,4,541,273.024,480.228,753.252,572,25,753.252,864.752
scout_generation,4,541,753252
scout_gap,4,542,275.009,480.303,755.312,572,25,755.312,837.112
scout_generation,4,542,755312
scout_gap,4,543,278.119,478.965,757.084,572,25,757.084,852.203
scout_generation,4,543,757084
scout_gap,4,544,271.184,478.924,750.108,572,25,750.108,900.725
scout_generation,4,544,750108
scout_gap,4,545,268.903,480.249,749.152,572,25,749.152,830.544
scout_generation,4,545,749152
scout_gap,4,546,267.277,479.242,746.519,572,25,746.519,898.639
scout_generation,4,546,746519
scout_gap,4,547,270.792,480.215,751.007,572,25,751.007,886.602
scout_generation,4,547,751007
scout_gap,4,548,271.156,477.790,748.946,572,25,748.946,876.519
scout_generation,4,548,748946
scout_gap,4,549,269.374,478.756,748.130,572,25,748.130,906.122
scout_generation,4,549,748130
scout_gap,4,550,281.831,479.794,761.625,572,25,761.625,883.620
scout_generation,4,550,761625
scout_gap,4,551,275.149,479.541,754.690,572,25,754.690,894.437
scout_generation,4,551,754690
scout_gap,4,552,272.136,478.487,750.623,572,25,750.623,892.674
scout_generation,4,552,750623
scout_gap,4,553,268.510,478.267,746.777,572,25,746.777,837.000
scout_generation,4,553,746777
scout_gap,4,554,285.033,480.147,765.180,572,25,765.180,907.710
scout_generation,4,554,765180
scout_gap,4,555,271.473,477.685,749.158,572,25,749.158,888.300
scout_generation,4,555,749158
scout_gap,4,556,277.824,479.402,757.226,572,25,757.226,905.857
scout_generation,4,556,757226
scout_gap,4,557,271.384,478.409,749.793,572,25,749.793,850.326
scout_generation,4,557,749793
scout_gap,4,558,267.598,480.092,747.690,572,25,747.690,880.632
scout_generation,4,558,747690
scout_gap,4,559,279.674,477.999,757.673,572,25,757.673,886.357
scout_generation,4,559,757673
scout_gap,4,560,268.483,480.093,748.576,572,25,748.576,849.846
scout_generation,4,560,748576
scout_gap,4,561,270.686,478.634,749.320,572,25,749.320,831.446
scout_generation,4,561,749320
scout_gap,4,562,282.622,480.310,762.932,572,25,762.932,875.302
scout_generation,4,562,762932
scout_gap,4,563,269.912,477.527,747.439,572,25,747.439,836.016
scout_generation,4,563,747439
scout_gap,4,564,268.497,480.031,748.528,572,25,748.528,840.920
scout_generation,4,564,748528
scout_gap,4,565,270.065,480.285,750.350,572,25,750.350,825.332
scout_generation,4,565,750350
scout_gap,4,566,268.577,479.828,748.405,572,25,748.405,861.456
scout_generation,4,566,748405
scout_gap,4,567,270.109,480.253,750.362,572,25,750.362,867.241
scout_generation,4,567,750362
scout_gap,4,568,271.654,479.986,751.640,572,25,751.640,840.458
scout_generation,4,568,751640
scout_gap,4,569,273.711,479.183,752.894,572,25,752.894,884.282
scout_generation,4,569,752894
scout_gap,4,570,278.218,480.254,758.472,572,25,758.472,863.726
scout_generation,4,570,758472
scout_gap,4,571,289.858,479.057,768.915,572,25,768.915,855.206
scout_generation,4,571,768915
scout_gap,4,572,296.042,479.801,775.843,572,25,775.843,862.698
scout_generation,4,572,775843
scout_gap,4,573,293.708,480.132,773.840,572,25,773.840,833.656
scout_generation,4,573,773840
scout_gap,4,574,306.813,477.404,784.217,572,25,784.217,866.862
scout_generation,4,574,784217
scout_gap,4,575,308.765,477.990,786.755,572,25,786.755,875.481
scout_generation,4,575,786755
scout_gap,4,576,339.434,478.330,817.764,572,25,817.764,888.129
scout_generation,4,576,817764
scout_gap,4,577,297.672,478.819,776.491,572,25,776.491,830.662
scout_generation,4,577,776491
scout_gap,4,578,289.487,477.957,767.444,572,25,767.444,839.459
scout_generation,4,578,767444
scout_gap,4,579,293.675,477.389,771.064,572,25,771.064,869.688
scout_generation,4,579,771064
scout_gap,4,580,295.541,477.985,773.526,572,25,773.526,863.673
scout_generation,4,580,773526
scout_gap,4,581,268.169,480.326,748.495,572,25,748.495,868.289
scout_generation,4,581,748495
scout_gap,4,582,271.061,480.095,751.156,572,25,751.156,840.145
scout_generation,4,582,751156
scout_gap,4,583,296.338,478.477,774.815,572,25,774.815,872.500
scout_generation,4,583,774815
scout_gap,4,584,273.383,479.663,753.046,572,25,753.046,894.001
scout_generation,4,584,753046
scout_gap,4,585,276.558,478.121,754.679,572,25,754.679,866.565
scout_generation,4,585,754679
scout_gap,4,586,278.742,477.367,756.109,572,25,756.109,864.052
scout_generation,4,586,756109
scout_gap,4,587,268.161,480.023,748.184,572,25,748.184,849.888
scout_generation,4,587,748184
scout_gap,4,588,285.275,480.312,765.587,572,25,765.587,851.507
scout_generation,4,588,765587
scout_gap,4,589,279.892,480.100,759.992,572,25,759.992,846.674
scout_generation,4,589,759992
scout_gap,4,590,279.379,477.676,757.055,572,25,757.055,885.049
scout_generation,4,590,757055
scout_gap,4,591,270.263,478.748,749.011,572,25,749.011,826.634
scout_generation,4,591,749011
scout_gap,4,592,271.173,478.885,750.058,572,25,750.058,853.230
scout_generation,4,592,750058
scout_gap,4,593,272.222,478.968,751.190,572,25,751.190,859.370
scout_generation,4,593,751190
scout_gap,4,594,270.572,479.967,750.539,572,25,750.539,864.479
scout_generation,4,594,750539
scout_gap,4,595,274.091,479.000,753.091,572,25,753.091,895.647
scout_generation,4,595,753091
scout_gap,4,596,267.801,480.045,747.846,572,25,747.846,861.644
scout_generation,4,596,747846
scout_gap,4,597,271.953,477.566,749.519,572,25,749.519,865.442
scout_generation,4,597,749519
scout_gap,4,598,271.384,480.113,751.497,572,25,751.497,838.394
scout_generation,4,598,751497
scout_gap,4,599,272.479,478.463,750.942,572,25,750.942,841.636
scout_generation,4,599,750942
scout_gap,4,600,269.037,478.539,747.576,572,25,747.576,877.808
scout_generation,4,600,747576
scout_gap,4,601,268.847,479.905,748.752,572,25,748.752,890.026
scout_generation,4,601,748752
scout_gap,4,602,268.226,480.087,748.313,572,25,748.313,863.682
scout_generation,4,602,748313
scout_gap,4,603,279.342,477.442,756.784,572,25,756.784,841.388
scout_generation,4,603,756784
scout_gap,4,604,273.172,479.519,752.691,572,25,752.691,861.792
scout_generation,4,604,752691
scout_gap,4,605,273.413,478.572,751.985,572,25,751.985,831.980
scout_generation,4,605,751985
scout_gap,4,606,280.391,478.485,758.876,572,25,758.876,877.861
scout_generation,4,606,758876
scout_gap,4,607,279.600,477.814,757.414,572,25,757.414,904.894
scout_generation,4,607,757414
scout_gap,4,608,292.152,477.806,769.958,572,25,769.958,877.241
scout_generation,4,608,769958
scout_gap,4,609,303.288,478.161,781.449,572,25,781.449,829.147
scout_generation,4,609,781449
scout_gap,4,610,290.385,480.293,770.678,572,25,770.678,892.191
scout_generation,4,610,770678
scout_gap,4,611,294.745,477.687,772.432,572,25,772.432,838.851
scout_generation,4,611,772432
scout_gap,4,612,299.980,477.412,777.392,572,25,777.392,870.266
scout_generation,4,612,777392
scout_gap,4,613,302.687,477.952,780.639,572,25,780.639,844.744
scout_generation,4,613,780639
scout_gap,4,614,302.480,478.940,781.420,572,25,781.420,831.748
scout_generation,4,614,781420
scout_gap,4,615,295.822,480.128,775.950,572,25,775.950,840.736
scout_generation,4,615,775950
scout_gap,4,616,295.788,478.130,773.918,572,25,773.918,828.380
scout_generation,4,616,773918
scout_gap,4,617,299.687,478.694,778.381,572,25,778.381,877.161
scout_generation,4,617,778381
scout_gap,4,618,314.288,480.122,794.410,572,25,794.410,879.819
scout_generation,4,618,794410
scout_gap,4,619,416.203,479.254,895.457,572,25,895.457,902.662
scout_generation,4,619,895457
scout_gap,4,620,407.301,479.558,886.859,572,25,886.859,893.873
scout_generation,4,620,886859
scout_gap,4,621,412.484,478.442,890.926,572,25,890.926,896.805
scout_generation,4,621,890926
scout_gap,4,622,399.474,479.325,878.799,572,25,878.799,883.906
scout_generation,4,622,878799
scout_gap,4,623,414.234,478.511,892.745,572,25,892.745,897.859
scout_generation,4,623,892745
scout_gap,4,624,424.207,478.356,902.563,572,25,902.563,907.439
scout_generation,4,624,902563
scout_gap,4,625,423.240,477.527,900.767,572,25,900.767,905.553
scout_generation,4,625,900767
scout_gap,4,626,421.599,478.735,900.334,572,25,900.334,905.316
scout_generation,4,626,900334
scout_gap,4,627,416.366,479.941,896.307,572,25,896.307,901.243
scout_generation,4,627,896307
scout_gap,4,628,399.728,478.099,877.827,572,25,877.827,882.652
scout_generation,4,628,877827
scout_gap,4,629,433.348,477.815,911.163,572,25,911.163,916.026
scout_generation,4,629,911163
scout_gap,4,630,424.085,478.135,902.220,572,25,902.220,907.111
scout_generation,4,630,902220
scout_gap,4,631,432.096,480.030,912.126,572,25,912.126,916.983
scout_generation,4,631,912126
scout_gap,4,632,437.261,477.408,914.669,572,25,914.669,919.566
scout_generation,4,632,914669
scout_gap,4,633,431.920,478.923,910.843,572,25,910.843,918.099
scout_generation,4,633,910843
scout_gap,4,634,437.124,478.308,915.432,572,25,915.432,920.749
scout_generation,4,634,915432
scout_gap,4,635,426.400,480.306,906.706,572,25,906.706,912.974
scout_generation,4,635,906706
scout_gap,4,636,426.159,479.191,905.350,572,25,905.350,910.285
scout_generation,4,636,905350
scout_gap,4,637,428.839,480.051,908.890,572,25,908.890,913.823
scout_generation,4,637,908890
scout_gap,4,638,423.875,477.669,901.544,572,25,901.544,906.498
scout_generation,4,638,901544
scout_gap,4,639,398.024,480.345,878.369,572,25,878.369,883.216
scout_generation,4,639,878369
scout_gap,4,640,410.564,477.861,888.425,572,25,888.425,894.059
scout_generation,4,640,888425
scout_gap,4,641,408.549,479.763,888.312,572,25,888.312,893.129
scout_generation,4,641,888312
scout_gap,4,642,407.815,477.592,885.407,572,25,885.407,892.515
scout_generation,4,642,885407
scout_gap,4,643,386.081,479.672,865.753,572,25,865.753,870.583
scout_generation,4,643,865753
scout_gap,4,644,407.763,479.390,887.153,572,25,887.153,892.032
scout_generation,4,644,887153
scout_gap,4,645,389.328,478.781,868.109,572,25,868.109,875.145
scout_generation,4,645,868109
scout_gap,4,646,400.457,480.037,880.494,572,25,880.494,887.946
scout_generation,4,646,880494
scout_gap,4,647,390.793,480.258,871.051,572,25,871.051,875.840
scout_generation,4,647,871051
scout_gap,4,648,392.723,480.051,872.774,572,25,872.774,877.707
scout_generation,4,648,872774
scout_gap,4,649,399.244,479.876,879.120,572,25,879.120,884.002
scout_generation,4,649,879120
scout_gap,4,650,406.000,479.669,885.669,572,25,885.669,890.613
scout_generation,4,650,885669
scout_gap,4,651,395.839,478.538,874.377,572,25,874.377,879.328
scout_generation,4,651,874377
scout_gap,4,652,413.620,477.762,891.382,572,25,891.382,899.681
scout_generation,4,652,891382
scout_gap,4,653,398.830,478.690,877.520,572,25,877.520,884.810
scout_generation,4,653,877520
scout_gap,4,654,401.442,478.018,879.460,572,25,879.460,884.567
scout_generation,4,654,879460
scout_gap,4,655,394.390,480.176,874.566,572,25,874.566,879.545
scout_generation,4,655,874566
scout_gap,4,656,405.207,478.955,884.162,572,25,884.162,889.284
scout_generation,4,656,884162
scout_gap,4,657,401.238,478.051,879.289,572,25,879.289,884.131
scout_generation,4,657,879289
scout_gap,4,658,394.662,479.531,874.193,572,25,874.193,879.080
scout_generation,4,658,874193
scout_gap,4,659,418.482,479.469,897.951,572,25,897.951,902.905
scout_generation,4,659,897951
scout_gap,4,660,422.030,479.312,901.342,572,25,901.342,906.163
scout_generation,4,660,901342
scout_gap,4,661,428.585,479.277,907.862,572,25,907.862,912.766
scout_generation,4,661,907862
scout_gap,4,662,403.247,477.410,880.657,572,25,880.657,885.632
scout_generation,4,662,880657
scout_gap,4,663,381.249,480.163,861.412,572,25,861.412,866.321
scout_generation,4,663,861412
scout_gap,4,664,394.618,478.729,873.347,572,25,873.347,878.441
scout_generation,4,664,873347
scout_gap,4,665,411.826,478.525,890.351,572,25,890.351,895.314
scout_generation,4,665,890351
scout_gap,4,666,389.230,480.291,869.521,572,25,869.521,874.333
scout_generation,4,666,869521
scout_gap,4,667,404.579,480.018,884.597,572,25,884.597,889.458
scout_generation,4,667,884597
scout_gap,4,668,404.015,480.108,884.123,572,25,884.123,888.943
scout_generation,4,668,884123
scout_gap,4,669,394.843,479.521,874.364,572,25,874.364,879.213
scout_generation,4,669,874364
scout_gap,4,670,414.478,478.904,893.382,572,25,893.382,898.236
scout_generation,4,670,893382
scout_gap,4,671,386.120,480.106,866.226,572,25,866.226,871.019
scout_generation,4,671,866226
scout_gap,4,672,417.988,478.578,896.566,572,25,896.566,903.644
scout_generation,4,672,896566
scout_gap,4,673,399.921,479.322,879.243,572,25,879.243,884.095
scout_generation,4,673,879243
scout_gap,4,674,418.110,477.571,895.681,572,25,895.681,902.679
scout_generation,4,674,895681
scout_gap,4,675,408.443,480.290,888.733,572,25,888.733,894.222
scout_generation,4,675,888733
scout_gap,4,676,422.981,479.578,902.559,572,25,902.559,907.483
scout_generation,4,676,902559
scout_gap,4,677,381.900,479.087,860.987,572,25,860.987,865.813
scout_generation,4,677,860987
scout_gap,4,678,418.016,479.585,897.601,572,25,897.601,903.863
scout_generation,4,678,897601
scout_gap,4,679,436.583,478.680,915.263,572,25,915.263,920.066
scout_generation,4,679,915263
scout_gap,4,680,437.136,477.421,914.557,572,25,914.557,921.225
scout_generation,4,680,914557
scout_gap,4,681,439.401,478.503,917.904,572,25,917.904,922.754
scout_generation,4,681,917904
scout_gap,4,682,433.182,479.694,912.876,572,25,912.876,917.801
scout_generation,4,682,912876
scout_gap,4,683,418.923,480.153,899.076,572,25,899.076,903.950
scout_generation,4,683,899076
scout_gap,4,684,434.251,478.511,912.762,572,25,912.762,919.506
scout_generation,4,684,912762
scout_gap,4,685,410.760,480.012,890.772,572,25,890.772,897.064
scout_generation,4,685,890772
scout_gap,4,686,388.827,479.122,867.949,572,25,867.949,872.749
scout_generation,4,686,867949
scout_gap,4,687,430.469,479.676,910.145,572,25,910.145,915.200
scout_generation,4,687,910145
scout_gap,4,688,430.263,479.955,910.218,572,25,910.218,915.407
scout_generation,4,688,910218
scout_gap,4,689,415.321,479.839,895.160,572,25,895.160,900.081
scout_generation,4,689,895160
scout_gap,4,690,415.831,478.652,894.483,572,25,894.483,901.707
scout_generation,4,690,894483
scout_gap,4,691,436.906,478.312,915.218,572,25,915.218,920.144
scout_generation,4,691,915218
scout_gap,4,692,464.226,449.627,913.853,572,21,913.853,918.667
scout_generation,4,692,913853
scout_gap,4,693,412.493,480.347,892.840,572,23,892.840,897.928
scout_generation,4,693,892840
scout_gap,4,694,418.781,477.769,896.550,572,22,896.550,901.507
scout_generation,4,694,896550
scout_gap,4,695,430.595,477.781,908.376,572,21,908.376,913.235
scout_generation,4,695,908376
scout_gap,4,696,426.133,479.466,905.599,572,23,905.599,912.709
scout_generation,4,696,905599
scout_gap,4,697,400.567,480.326,880.893,572,23,880.893,887.402
scout_generation,4,697,880893
scout_gap,4,698,414.779,477.708,892.487,572,23,892.487,897.660
scout_generation,4,698,892487
scout_gap,4,699,423.826,477.484,901.310,572,23,901.310,906.175
scout_generation,4,699,901310
reloadstall_csv,4,700,700,0,400400,0.872213,0.914622,0.922754,272.216,428.839,464.226,272.216,428.839,464.226,751.190,908.204,917.904,396,465,0,700,0
