reload,observer,gap_ms,gap_start_ms,gap_end_ms,end_base_nlri,first_base_ms,completion_ms,clock_uncertainty_us,first_generation_ms
1,0,242.349,643.814,886.163,572,886.163,1050.192,0.5,886.163
1,1,245.98,643.851,889.831,572,889.831,975.224,0.5,889.831
1,2,246.978,642.688,889.666,572,889.666,1003.779,0.5,889.666
1,3,246.018,643.265,889.283,572,889.283,1029.996,0.5,889.283
1,4,241.992,644.468,886.46,572,886.46,970.019,0.5,886.46
1,5,245.997,642.665,888.662,572,888.662,999.216,0.5,888.662
1,6,244.44,643.741,888.181,572,888.181,986.906,0.5,888.181
1,7,245.367,642.581,887.948,572,887.948,1028.146,0.5,887.948
1,8,244.656,644.144,888.8,572,888.8,955.106,0.5,888.8
1,9,243.058,643.929,886.987,572,886.987,1005.675,0.5,886.987
1,10,310.089,642.759,952.848,572,952.848,987.218,0.5,952.848
1,11,247.242,642.675,889.917,572,889.917,1040.22,0.5,889.917
1,12,242.907,644.793,887.7,572,887.7,1033.232,0.5,887.7
1,13,243.937,643.761,887.698,572,887.698,1035.526,0.5,887.698
1,14,307.65,643.57,951.22,572,951.22,971.307,0.5,951.22
1,15,238.596,644.926,883.522,572,883.522,959.145,0.5,883.522
1,16,315.594,643.873,959.467,572,959.467,1024.875,0.5,959.467
1,17,308.609,642.831,951.44,572,951.44,975.608,0.5,951.44
1,18,311.69,642.785,954.475,572,954.475,1016.748,0.5,954.475
1,19,256.297,643.422,899.719,572,899.719,978.401,0.5,899.719
1,20,256.127,644.173,900.3,572,900.3,967.525,0.5,900.3
1,21,320.402,644.302,964.704,572,964.704,995.532,0.5,964.704
1,22,258.727,644.945,903.672,572,903.672,1002.796,0.5,903.672
1,23,258.168,642.743,900.911,572,900.911,972.469,0.5,900.911
1,24,261.425,642.802,904.227,572,904.227,960.173,0.5,904.227
1,25,271.895,642.591,914.486,572,914.486,957.272,0.5,914.486
1,26,272.92,644.366,917.286,572,917.286,1034.55,0.5,917.286
1,27,278.758,643.377,922.135,572,922.135,952.939,0.5,922.135
1,28,267.778,643.178,910.956,572,910.956,951.079,0.5,910.956
1,29,263.917,644.569,908.486,572,908.486,964.83,0.5,908.486
1,30,274.304,643.492,917.796,572,917.796,971.564,0.5,917.796
1,31,269.19,644.576,913.766,572,913.766,1042.636,0.5,913.766
1,32,267.477,643.238,910.715,572,910.715,966.283,0.5,910.715
1,33,268.69,644.817,913.507,572,913.507,1046.489,0.5,913.507
1,34,268.129,644.135,912.264,572,912.264,1034.345,0.5,912.264
1,35,284.498,642.789,927.287,572,927.287,990.454,0.5,927.287
1,36,277.405,642.663,920.068,572,920.068,988.639,0.5,920.068
1,37,287.479,643.158,930.637,572,930.637,983.38,0.5,930.637
1,38,251.983,643.264,895.247,572,895.247,982.198,0.5,895.247
1,39,256.04,643.747,899.787,572,899.787,960.179,0.5,899.787
1,40,253.432,643.032,896.464,572,896.464,1004.516,0.5,896.464
1,41,254.702,644.55,899.252,572,899.252,992.349,0.5,899.252
1,42,258.028,643.008,901.036,572,901.036,991.354,0.5,901.036
1,43,249.962,642.773,892.735,572,892.735,1030.493,0.5,892.735
1,44,251.358,644.883,896.241,572,896.241,951.809,0.5,896.241
1,45,254.778,644.611,899.389,572,899.389,964.011,0.5,899.389
1,46,258.736,644.049,902.785,572,902.785,963.42,0.5,902.785
1,47,262.199,643.804,906.003,572,906.003,970.086,0.5,906.003
1,48,248.079,643.33,891.409,572,891.409,997.708,0.5,891.409
1,49,258.625,643.691,902.316,572,902.316,1006.722,0.5,902.316
1,50,249.9,642.739,892.639,572,892.639,995.591,0.5,892.639
1,51,268.312,643.946,912.258,572,912.258,1029.808,0.5,912.258
1,52,265.291,643.268,908.559,572,908.559,966.958,0.5,908.559
1,53,259.615,642.72,902.335,572,902.335,978.48,0.5,902.335
1,54,266.155,643.843,909.998,572,909.998,1017.745,0.5,909.998
1,55,253.794,643.842,897.636,572,897.636,965.917,0.5,897.636
1,56,251.551,643.473,895.024,572,895.024,986.199,0.5,895.024
1,57,292.473,642.731,935.204,572,935.204,1014.192,0.5,935.204
1,58,264.897,644.213,909.11,572,909.11,962.817,0.5,909.11
1,59,257.011,644.38,901.391,572,901.391,970.814,0.5,901.391
1,60,279.344,643.286,922.63,572,922.63,958.677,0.5,922.63
1,61,285.379,643.437,928.816,572,928.816,1007.325,0.5,928.816
1,62,258.3,643.322,901.622,572,901.622,991.113,0.5,901.622
1,63,260.532,644.605,905.137,572,905.137,994.418,0.5,905.137
1,64,263.889,644.254,908.143,572,908.143,960.226,0.5,908.143
1,65,256.612,643.547,900.159,572,900.159,963.109,0.5,900.159
1,66,269.791,643.159,912.95,572,912.95,1054.583,0.5,912.95
1,67,262.359,644.088,906.447,572,906.447,997.414,0.5,906.447
1,68,267.055,642.744,909.799,572,909.799,987.065,0.5,909.799
1,69,264.695,644.281,908.976,572,908.976,948.322,0.5,908.976
1,70,280.232,642.733,922.965,572,922.965,964.551,0.5,922.965
1,71,290.342,642.556,932.898,572,932.898,1004.906,0.5,932.898
1,72,270.662,644.277,914.939,572,914.939,1003.503,0.5,914.939
1,73,280.599,642.754,923.353,572,923.353,990.955,0.5,923.353
1,74,268.705,642.763,911.468,572,911.468,985.502,0.5,911.468
1,75,250.962,642.652,893.614,572,893.614,1035.475,0.5,893.614
1,76,289.317,643.819,933.136,572,933.136,1010.346,0.5,933.136
1,77,268.157,643.675,911.832,572,911.832,1008.748,0.5,911.832
1,78,263.621,644.173,907.794,572,907.794,971.409,0.5,907.794
1,79,264.35,643.553,907.903,572,907.903,974.547,0.5,907.903
1,80,257.144,643.523,900.667,572,900.667,974.481,0.5,900.667
1,81,257.031,644.834,901.865,572,901.865,961.163,0.5,901.865
1,82,262.338,644.595,906.933,572,906.933,976.389,0.5,906.933
1,83,251.774,643.26,895.034,572,895.034,1028.865,0.5,895.034
1,84,261.721,642.639,904.36,572,904.36,978.135,0.5,904.36
1,85,255.161,643.465,898.626,572,898.626,957.043,0.5,898.626
1,86,254.595,642.764,897.359,572,897.359,973.109,0.5,897.359
1,87,273.241,643.619,916.86,572,916.86,1035.339,0.5,916.86
1,88,265.931,643.818,909.749,572,909.749,981.962,0.5,909.749
1,89,271.77,643.708,915.478,572,915.478,1029.251,0.5,915.478
1,90,264.937,642.713,907.65,572,907.65,999.058,0.5,907.65
1,91,265.201,644.682,909.883,572,909.883,992.554,0.5,909.883
1,92,287.758,642.653,930.411,572,930.411,975.626,0.5,930.411
1,93,270.891,643.866,914.757,572,914.757,974.847,0.5,914.757
1,94,271.907,642.68,914.587,572,914.587,983.937,0.5,914.587
1,95,240.138,644.916,885.054,572,885.054,1056.07,0.5,885.054
1,96,273.554,643.516,917.07,572,917.07,1040.242,0.5,917.07
1,97,247.88,642.774,890.654,572,890.654,972.059,0.5,890.654
1,98,253.514,644.034,897.548,572,897.548,947.982,0.5,897.548
1,99,257.157,642.705,899.862,572,899.862,973.299,0.5,899.862
1,100,258.515,643.434,901.949,572,901.949,1002.559,0.5,901.949
1,101,254.709,643.852,898.561,572,898.561,952.67,0.5,898.561
1,102,247.124,644.784,891.908,572,891.908,986.47,0.5,891.908
1,103,252.704,644.212,896.916,572,896.916,983.191,0.5,896.916
1,104,261.887,643.286,905.173,572,905.173,993.753,0.5,905.173
1,105,245.732,644.848,890.58,572,890.58,1011.848,0.5,890.58
1,106,244.044,643.324,887.368,572,887.368,1036.229,0.5,887.368
1,107,266.827,642.686,909.513,572,909.513,972.259,0.5,909.513
1,108,277.955,642.599,920.554,572,920.554,999.842,0.5,920.554
1,109,271.755,643.858,915.613,572,915.613,1027.796,0.5,915.613
1,110,284.314,644.022,928.336,572,928.336,1013.001,0.5,928.336
1,111,255.517,644.581,900.098,572,900.098,953.149,0.5,900.098
1,112,252.763,643.543,896.306,572,896.306,1007.844,0.5,896.306
1,113,284.32,643.311,927.631,572,927.631,1008.599,0.5,927.631
1,114,263.308,642.665,905.973,572,905.973,965.76,0.5,905.973
1,115,295.679,643.074,938.753,572,938.753,1030.814,0.5,938.753
1,116,278.707,642.696,921.403,572,921.403,1020.048,0.5,921.403
1,117,266.03,644.284,910.314,572,910.314,973.589,0.5,910.314
1,118,266.931,643.775,910.706,572,910.706,959.558,0.5,910.706
1,119,266.957,643.645,910.602,572,910.602,977.931,0.5,910.602
1,120,243.386,642.74,886.126,572,886.126,967.825,0.5,886.126
1,121,277.622,643.857,921.479,572,921.479,1027.523,0.5,921.479
1,122,268.869,644.606,913.475,572,913.475,1040.743,0.5,913.475
1,123,287.912,643.662,931.574,572,931.574,1002.037,0.5,931.574
1,124,284.61,644.581,929.191,572,929.191,958.901,0.5,929.191
1,125,278.615,643.552,922.167,572,922.167,979.272,0.5,922.167
1,126,263.223,644.429,907.652,572,907.652,998.221,0.5,907.652
1,127,263.175,643.655,906.83,572,906.83,1009.286,0.5,906.83
1,128,216.259,642.756,859.015,572,859.015,1053.521,0.5,859.015
1,129,214.875,644.377,859.252,572,859.252,1051.266,0.5,859.252
1,130,216.382,642.958,859.34,572,859.34,1012.933,0.5,859.34
1,131,215.021,644.311,859.332,572,859.332,965.473,0.5,859.332
1,132,216.388,642.887,859.275,572,859.275,1051.989,0.5,859.275
1,133,215.551,643.81,859.361,572,859.361,979.375,0.5,859.361
1,134,215.969,643.302,859.271,572,859.271,1025.142,0.5,859.271
1,135,215.187,644.347,859.534,572,859.534,1028.192,0.5,859.534
1,136,215.309,643.808,859.117,572,859.117,991.391,0.5,859.117
1,137,216.557,643.154,859.711,572,859.711,945.996,0.5,859.711
1,138,216.859,642.74,859.599,572,859.599,1039.795,0.5,859.599
1,139,216.27,643.321,859.591,572,859.591,1051.666,0.5,859.591
1,140,215.818,643.874,859.692,572,859.692,1034.258,0.5,859.692
1,141,216.092,643.574,859.666,572,859.666,1024.091,0.5,859.666
1,142,215.877,643.763,859.64,572,859.64,1026.209,0.5,859.64
1,143,215.325,644.429,859.754,572,859.754,998.583,0.5,859.754
1,144,215.921,643.853,859.774,572,859.774,1017.199,0.5,859.774
1,145,216.854,642.736,859.59,572,859.59,954.916,0.5,859.59
1,146,215.87,643.68,859.55,572,859.55,992.128,0.5,859.55
1,147,217.167,642.723,859.89,572,859.89,1057.281,0.5,859.89
1,148,215.191,644.558,859.749,572,859.749,1049.178,0.5,859.749
1,149,215.097,644.845,859.942,572,859.942,1054.066,0.5,859.942
1,150,216.245,643.615,859.86,572,859.86,1033.398,0.5,859.86
1,151,216.338,643.739,860.077,572,860.077,971.336,0.5,860.077
1,152,217.482,642.707,860.189,572,860.189,947.041,0.5,860.189
1,153,217.026,642.903,859.929,572,859.929,957.136,0.5,859.929
1,154,217.198,642.749,859.947,572,859.947,1038.574,0.5,859.947
1,155,217.703,642.71,860.413,572,860.413,949.591,0.5,860.413
1,156,216.007,643.967,859.974,572,859.974,1001.838,0.5,859.974
1,157,216.197,644.011,860.208,572,860.208,1055.003,0.5,860.208
1,158,215.167,644.893,860.06,572,860.06,1022.442,0.5,860.06
1,159,217.523,642.718,860.241,572,860.241,978.237,0.5,860.241
1,160,217.431,642.611,860.042,572,860.042,1007.694,0.5,860.042
1,161,217.387,642.998,860.385,572,860.385,1010.572,0.5,860.385
1,162,217.648,642.712,860.36,572,860.36,1017.908,0.5,860.36
1,163,216.989,643.56,860.549,572,860.549,990.301,0.5,860.549
1,164,215.885,644.285,860.17,572,860.17,964.644,0.5,860.17
1,165,216.05,644.488,860.538,572,860.538,964.948,0.5,860.538
1,166,216.833,643.712,860.545,572,860.545,973.899,0.5,860.545
1,167,216.8,643.681,860.481,572,860.481,985.738,0.5,860.481
1,168,216.944,643.514,860.458,572,860.458,1044.82,0.5,860.458
1,169,216.543,644.214,860.757,572,860.757,970.153,0.5,860.757
1,170,217.722,643.439,861.161,572,861.161,1044.864,0.5,861.161
1,171,216.745,644.063,860.808,572,860.808,1034.426,0.5,860.808
1,172,216.079,644.897,860.976,572,860.976,1006.868,0.5,860.976
1,173,217.149,643.669,860.818,572,860.818,1025.653,0.5,860.818
1,174,218.063,643.434,861.497,572,861.497,1018.57,0.5,861.497
1,175,216.43,644.707,861.137,572,861.137,994.73,0.5,861.137
1,176,218.649,642.643,861.292,572,861.292,1039.392,0.5,861.292
1,177,217.662,643.148,860.81,572,860.81,994.257,0.5,860.81
1,178,216.935,643.757,860.692,572,860.692,1056.761,0.5,860.692
1,179,218.435,642.694,861.129,572,861.129,1039.493,0.5,861.129
1,180,217.469,643.384,860.853,572,860.853,1038.233,0.5,860.853
1,181,218.116,642.759,860.875,572,860.875,1005.99,0.5,860.875
1,182,217.57,643.112,860.682,572,860.682,1055.423,0.5,860.682
1,183,217.337,644.687,862.024,572,862.024,966.198,0.5,862.024
1,184,218.218,642.871,861.089,572,861.089,959.569,0.5,861.089
1,185,216.974,644.733,861.707,572,861.707,980.31,0.5,861.707
1,186,218.943,643.126,862.069,572,862.069,956.588,0.5,862.069
1,187,218.339,642.846,861.185,572,861.185,985.44,0.5,861.185
1,188,219.049,642.605,861.654,572,861.654,1043.322,0.5,861.654
1,189,218.384,643.266,861.65,572,861.65,1001.869,0.5,861.65
1,190,219.326,642.606,861.932,572,861.932,981.968,0.5,861.932
1,191,220.764,643.531,864.295,572,864.295,990.784,0.5,864.295
1,192,217.247,644.246,861.493,572,861.493,1001.965,0.5,861.493
1,193,216.468,642.778,859.246,572,859.246,1040.315,0.5,859.246
1,194,216.573,642.738,859.311,572,859.311,969.753,0.5,859.311
1,195,216.876,642.73,859.606,572,859.606,992.701,0.5,859.606
1,196,216.11,643.117,859.227,572,859.227,1007.692,0.5,859.227
1,197,216.271,643.095,859.366,572,859.366,1021.905,0.5,859.366
1,198,215.877,643.387,859.264,572,859.264,962.018,0.5,859.264
1,199,216.988,642.692,859.68,572,859.68,1015.491,0.5,859.68
1,200,215.591,643.918,859.509,572,859.509,1052.527,0.5,859.509
1,201,215.447,644.266,859.713,572,859.713,1054.213,0.5,859.713
1,202,215.507,644.066,859.573,572,859.573,1031.595,0.5,859.573
1,203,215.082,644.635,859.717,572,859.717,1042.968,0.5,859.717
1,204,215.421,644.156,859.577,572,859.577,1039.468,0.5,859.577
1,205,215.18,644.632,859.812,572,859.812,1036.314,0.5,859.812
1,206,215.441,644.322,859.763,572,859.763,1039.392,0.5,859.763
1,207,216.535,643.231,859.766,572,859.766,949.291,0.5,859.766
1,208,217.204,642.73,859.934,572,859.934,1015.629,0.5,859.934
1,209,216.806,643.322,860.128,572,860.128,972.711,0.5,860.128
1,210,216.047,643.898,859.945,572,859.945,1051.567,0.5,859.945
1,211,215.428,644.469,859.897,572,859.897,1054.484,0.5,859.897
1,212,216.479,643.625,860.104,572,860.104,990.246,0.5,860.104
1,213,215.904,644.176,860.08,572,860.08,1057.16,0.5,860.08
1,214,215.837,643.921,859.758,572,859.758,1048.997,0.5,859.758
1,215,216.362,643.82,860.182,572,860.182,1047.905,0.5,860.182
1,216,216.883,643.365,860.248,572,860.248,1053.742,0.5,860.248
1,217,216.175,644.004,860.179,572,860.179,1050.452,0.5,860.179
1,218,216.046,644.065,860.111,572,860.111,984.39,0.5,860.111
1,219,217.241,642.937,860.178,572,860.178,1019.185,0.5,860.178
1,220,215.33,644.724,860.054,572,860.054,1021.543,0.5,860.054
1,221,217.727,642.657,860.384,572,860.384,1051.208,0.5,860.384
1,222,215.444,644.935,860.379,572,860.379,1055.062,0.5,860.379
1,223,217.724,642.704,860.428,572,860.428,1053.833,0.5,860.428
1,224,217.93,642.625,860.555,572,860.555,1055.011,0.5,860.555
1,225,217.407,642.95,860.357,572,860.357,1045.899,0.5,860.357
1,226,217.852,643.481,861.333,572,861.333,1051.033,0.5,861.333
1,227,218.008,642.624,860.632,572,860.632,953.54,0.5,860.632
1,228,218.278,642.885,861.163,572,861.163,989.647,0.5,861.163
1,229,217.76,643.492,861.252,572,861.252,985.197,0.5,861.252
1,230,218.67,642.654,861.324,572,861.324,1055.655,0.5,861.324
1,231,216.343,644.494,860.837,572,860.837,1000.564,0.5,860.837
1,232,217.221,643.75,860.971,572,860.971,983.513,0.5,860.971
1,233,216.739,644.255,860.994,572,860.994,1051.04,0.5,860.994
1,234,217.252,644.039,861.291,572,861.291,1053.442,0.5,861.291
1,235,217.543,644.327,861.87,572,861.87,1050.523,0.5,861.87
1,236,218.688,643.378,862.066,572,862.066,979.987,0.5,862.066
1,237,219.04,642.9,861.94,572,861.94,989.436,0.5,861.94
1,238,216.995,644.857,861.852,572,861.852,1026.603,0.5,861.852
1,239,218.41,643.425,861.835,572,861.835,1026.355,0.5,861.835
1,240,218.359,643.133,861.492,572,861.492,1051.167,0.5,861.492
1,241,217.416,643.258,860.674,572,860.674,1056.826,0.5,860.674
1,242,219.375,644.715,864.09,572,864.09,1035.132,0.5,864.09
1,243,219.888,644.269,864.157,572,864.157,995.998,0.5,864.157
1,244,219.445,644.825,864.27,572,864.27,975.912,0.5,864.27
1,245,221.362,644.075,865.437,572,865.437,1017.091,0.5,865.437
1,246,221.39,644.267,865.657,572,865.657,1033.279,0.5,865.657
1,247,221.415,644.119,865.534,572,865.534,1018.601,0.5,865.534
1,248,219.217,644.223,863.44,572,863.44,975.531,0.5,863.44
1,249,222.086,642.755,864.841,572,864.841,1017.815,0.5,864.841
1,250,216.61,642.684,859.294,572,859.294,961.548,0.5,859.294
1,251,216.13,643.096,859.226,572,859.226,1020.096,0.5,859.226
1,252,214.56,644.618,859.178,572,859.178,994.318,0.5,859.178
1,253,215.38,643.969,859.349,572,859.349,1031.749,0.5,859.349
1,254,216.612,642.698,859.31,572,859.31,1057.034,0.5,859.31
1,255,216.495,642.942,859.437,572,859.437,1037.317,0.5,859.437
1,256,216.715,642.764,859.479,572,859.479,1046.164,0.5,859.479
1,257,216.542,643.166,859.708,572,859.708,1017.313,0.5,859.708
1,258,215.05,644.517,859.567,572,859.567,1049.562,0.5,859.567
1,259,216.026,643.496,859.522,572,859.522,1057.041,0.5,859.522
1,260,215.936,643.508,859.444,572,859.444,1057.687,0.5,859.444
1,261,216.829,642.635,859.464,572,859.464,1026.336,0.5,859.464
1,262,215.786,643.664,859.45,572,859.45,1015.787,0.5,859.45
1,263,214.967,644.865,859.832,572,859.832,1048.084,0.5,859.832
1,264,216.508,643.26,859.768,572,859.768,981.039,0.5,859.768
1,265,216.403,643.359,859.762,572,859.762,1050.137,0.5,859.762
1,266,217.103,642.734,859.837,572,859.837,1053.094,0.5,859.837
1,267,216.526,643.563,860.089,572,860.089,1042.187,0.5,860.089
1,268,215.958,643.931,859.889,572,859.889,1023.151,0.5,859.889
1,269,216.375,643.546,859.921,572,859.921,1053.311,0.5,859.921
1,270,215.183,644.926,860.109,572,860.109,1047.01,0.5,860.109
1,271,217.708,642.59,860.298,572,860.298,1056.681,0.5,860.298
1,272,217.021,643.131,860.152,572,860.152,1012.578,0.5,860.152
1,273,217.154,642.7,859.854,572,859.854,1017.147,0.5,859.854
1,274,216.859,643.533,860.392,572,860.392,1003.864,0.5,860.392
1,275,216.457,644.058,860.515,572,860.515,957.92,0.5,860.515
1,276,217.706,642.72,860.426,572,860.426,1001.252,0.5,860.426
1,277,217.519,642.835,860.354,572,860.354,1000.687,0.5,860.354
1,278,215.405,644.907,860.312,572,860.312,1031.779,0.5,860.312
1,279,216.347,644.083,860.43,572,860.43,1014.7,0.5,860.43
1,280,216.022,644.473,860.495,572,860.495,988.302,0.5,860.495
1,281,217.816,643.018,860.834,572,860.834,951.241,0.5,860.834
1,282,216.879,643.801,860.68,572,860.68,1029.013,0.5,860.68
1,283,218.65,642.672,861.322,572,861.322,982.85,0.5,861.322
1,284,217.93,643.046,860.976,572,860.976,1037.59,0.5,860.976
1,285,216.544,644.108,860.652,572,860.652,1006.655,0.5,860.652
1,286,218.771,642.688,861.459,572,861.459,968.605,0.5,861.459
1,287,218.622,642.677,861.299,572,861.299,982.636,0.5,861.299
1,288,217.929,643.237,861.166,572,861.166,1036.182,0.5,861.166
1,289,217.246,644.404,861.65,572,861.65,1043.005,0.5,861.65
1,290,218.598,642.69,861.288,572,861.288,1031.01,0.5,861.288
1,291,217.877,644.001,861.878,572,861.878,971.211,0.5,861.878
1,292,218.246,642.634,860.88,572,860.88,1009.596,0.5,860.88
1,293,216.356,644.451,860.807,572,860.807,1038.394,0.5,860.807
1,294,217.749,642.923,860.672,572,860.672,1003.139,0.5,860.672
1,295,218.494,643.294,861.788,572,861.788,1020.428,0.5,861.788
1,296,217.294,644.648,861.942,572,861.942,962.827,0.5,861.942
1,297,218.964,642.723,861.687,572,861.687,1027.876,0.5,861.687
1,298,218.697,642.975,861.672,572,861.672,1027.289,0.5,861.672
1,299,219.155,642.652,861.807,572,861.807,1007.445,0.5,861.807
1,300,215.765,643.465,859.23,572,859.23,976.555,0.5,859.23
1,301,214.635,644.661,859.296,572,859.296,967.383,0.5,859.296
1,302,216.992,642.616,859.608,572,859.608,982.516,0.5,859.608
1,303,216.992,642.721,859.713,572,859.713,988.61,0.5,859.713
1,304,216.867,642.75,859.617,572,859.617,959.075,0.5,859.617
1,305,216.184,643.178,859.362,572,859.362,951.334,0.5,859.362
1,306,216.134,643.305,859.439,572,859.439,955.503,0.5,859.439
1,307,215.362,643.999,859.361,572,859.361,1049.857,0.5,859.361
1,308,215.967,643.516,859.483,572,859.483,1029.825,0.5,859.483
1,309,216.853,642.779,859.632,572,859.632,1022.632,0.5,859.632
1,310,216.042,643.648,859.69,572,859.69,985.021,0.5,859.69
1,311,216.712,642.912,859.624,572,859.624,1006.058,0.5,859.624
1,312,216.868,642.908,859.776,572,859.776,1038.9,0.5,859.776
1,313,216.038,643.641,859.679,572,859.679,980.592,0.5,859.679
1,314,215.027,644.74,859.767,572,859.767,1042.868,0.5,859.767
1,315,216.471,643.346,859.817,572,859.817,1022.688,0.5,859.817
1,316,217.101,642.748,859.849,572,859.849,1033.582,0.5,859.849
1,317,215.617,644.389,860.006,572,860.006,1025.506,0.5,860.006
1,318,217.071,642.814,859.885,572,859.885,1049.304,0.5,859.885
1,319,215.714,644.226,859.94,572,859.94,1046.92,0.5,859.94
1,320,216.192,643.628,859.82,572,859.82,1035.422,0.5,859.82
1,321,215.485,644.574,860.059,572,860.059,957.809,0.5,860.059
1,322,215.392,644.833,860.225,572,860.225,988.456,0.5,860.225
1,323,216.961,643.062,860.023,572,860.023,1017.412,0.5,860.023
1,324,215.727,644.424,860.151,572,860.151,1009.864,0.5,860.151
1,325,217.197,643.106,860.303,572,860.303,1049.387,0.5,860.303
1,326,216.703,643.839,860.542,572,860.542,1038.966,0.5,860.542
1,327,215.683,644.841,860.524,572,860.524,1018.431,0.5,860.524
1,328,217.241,643.019,860.26,572,860.26,1022.569,0.5,860.26
1,329,215.921,644.367,860.288,572,860.288,997.354,0.5,860.288
1,330,215.246,644.833,860.079,572,860.079,1052.947,0.5,860.079
1,331,216.86,643.954,860.814,572,860.814,1002.277,0.5,860.814
1,332,217.413,643.583,860.996,572,860.996,985.449,0.5,860.996
1,333,217.29,643.545,860.835,572,860.835,970.75,0.5,860.835
1,334,216.232,644.414,860.646,572,860.646,1045.015,0.5,860.646
1,335,218.485,643.139,861.624,572,861.624,987.374,0.5,861.624
1,336,218.436,642.719,861.155,572,861.155,1039.499,0.5,861.155
1,337,218.306,642.833,861.139,572,861.139,971.038,0.5,861.139
1,338,216.394,644.646,861.04,572,861.04,1031.17,0.5,861.04
1,339,217.013,643.991,861.004,572,861.004,981.646,0.5,861.004
1,340,218.757,642.664,861.421,572,861.421,964.458,0.5,861.421
1,341,218.33,642.635,860.965,572,860.965,1000.19,0.5,860.965
1,342,216.648,642.645,859.293,572,859.293,1014.094,0.5,859.293
1,343,216.15,644.756,860.906,572,860.906,988.684,0.5,860.906
1,344,216.984,644.661,861.645,572,861.645,1015.597,0.5,861.645
1,345,215.215,644.13,859.345,572,859.345,1009.399,0.5,859.345
1,346,216.192,643.25,859.442,572,859.442,995.261,0.5,859.442
1,347,214.565,644.79,859.355,572,859.355,959.966,0.5,859.355
1,348,216.18,643.31,859.49,572,859.49,991.336,0.5,859.49
1,349,216.913,642.772,859.685,572,859.685,1022.113,0.5,859.685
1,350,215.312,644.205,859.517,572,859.517,1019.221,0.5,859.517
1,351,215.904,643.728,859.632,572,859.632,1048.944,0.5,859.632
1,352,216.986,642.734,859.72,572,859.72,981.422,0.5,859.72
1,353,215.099,644.455,859.554,572,859.554,1026.365,0.5,859.554
1,354,215.454,644.149,859.603,572,859.603,1045.016,0.5,859.603
1,355,216.331,643.186,859.517,572,859.517,951.689,0.5,859.517
1,356,215.715,644.049,859.764,572,859.764,959.409,0.5,859.764
1,357,215.191,644.654,859.845,572,859.845,971.606,0.5,859.845
1,358,216.906,642.893,859.799,572,859.799,1019.805,0.5,859.799
1,359,215.053,644.804,859.857,572,859.857,1007.827,0.5,859.857
1,360,215.561,643.94,859.501,572,859.501,984.951,0.5,859.501
1,361,215.923,644.102,860.025,572,860.025,993.421,0.5,860.025
1,362,215.936,644.152,860.088,572,860.088,1043.511,0.5,860.088
1,363,216.169,643.754,859.923,572,859.923,969.061,0.5,859.923
1,364,216.273,643.704,859.977,572,859.977,1055.253,0.5,859.977
1,365,216.866,642.749,859.615,572,859.615,1025.261,0.5,859.615
1,366,215.451,644.582,860.033,572,860.033,1019.103,0.5,860.033
1,367,215.402,644.516,859.918,572,859.918,1000.492,0.5,859.918
1,368,215.914,644.262,860.176,572,860.176,967.268,0.5,860.176
1,369,215.326,644.765,860.091,572,860.091,1037.845,0.5,860.091
1,370,215.352,644.902,860.254,572,860.254,968.409,0.5,860.254
1,371,216.397,643.873,860.27,572,860.27,1020.929,0.5,860.27
1,372,216.117,643.864,859.981,572,859.981,993.322,0.5,859.981
1,373,217.519,642.719,860.238,572,860.238,1002.131,0.5,860.238
1,374,217.646,642.808,860.454,572,860.454,1035.339,0.5,860.454
1,375,217.597,642.908,860.505,572,860.505,1056.719,0.5,860.505
1,376,215.861,644.436,860.297,572,860.297,1030.516,0.5,860.297
1,377,217.146,643.35,860.496,572,860.496,955.645,0.5,860.496
1,378,217.839,642.712,860.551,572,860.551,958.487,0.5,860.551
1,379,216.487,642.822,859.309,572,859.309,950.565,0.5,859.309
1,380,217.919,642.73,860.649,572,860.649,951.028,0.5,860.649
1,381,216.753,643.914,860.667,572,860.667,1009.508,0.5,860.667
1,382,215.84,644.11,859.95,572,859.95,1010.185,0.5,859.95
1,383,214.697,644.714,859.411,572,859.411,995.218,0.5,859.411
1,384,216.21,643.008,859.218,572,859.218,1055.777,0.5,859.218
1,385,215.024,644.305,859.329,572,859.329,1054.674,0.5,859.329
1,386,216.514,643.006,859.52,572,859.52,1053.24,0.5,859.52
1,387,216.948,642.709,859.657,572,859.657,1036.54,0.5,859.657
1,388,215.052,644.629,859.681,572,859.681,948.168,0.5,859.681
1,389,215.379,644.321,859.7,572,859.7,951.379,0.5,859.7
1,390,215.503,644.049,859.552,572,859.552,969.73,0.5,859.552
1,391,215.117,644.397,859.514,572,859.514,1031.177,0.5,859.514
1,392,215.385,644.22,859.605,572,859.605,1039.669,0.5,859.605
1,393,216.305,643.165,859.47,572,859.47,1052.185,0.5,859.47
1,394,217.016,642.582,859.598,572,859.598,980.404,0.5,859.598
1,395,215.84,643.799,859.639,572,859.639,974.217,0.5,859.639
1,396,216.251,643.573,859.824,572,859.824,1007.477,0.5,859.824
1,397,216.07,643.733,859.803,572,859.803,991.826,0.5,859.803
1,398,217.174,642.628,859.802,572,859.802,1043.937,0.5,859.802
1,399,216.738,643.143,859.881,572,859.881,1032.164,0.5,859.881
1,400,217.123,642.726,859.849,572,859.849,960.056,0.5,859.849
1,401,217.246,642.595,859.841,572,859.841,960.352,0.5,859.841
1,402,215.806,643.929,859.735,572,859.735,1008.545,0.5,859.735
1,403,217.433,642.634,860.067,572,860.067,1014.114,0.5,860.067
1,404,216.939,643.027,859.966,572,859.966,1058.041,0.5,859.966
1,405,215.071,644.85,859.921,572,859.921,964.068,0.5,859.921
1,406,216.3,643.935,860.235,572,860.235,1020.59,0.5,860.235
1,407,216.563,643.388,859.951,572,859.951,1048.216,0.5,859.951
1,408,216.975,643.379,860.354,572,860.354,1025.431,0.5,860.354
1,409,215.48,644.783,860.263,572,860.263,1044.282,0.5,860.263
1,410,215.246,644.915,860.161,572,860.161,1049.275,0.5,860.161
1,411,215.478,644.753,860.231,572,860.231,1046.602,0.5,860.231
1,412,217.184,642.895,860.079,572,860.079,955.147,0.5,860.079
1,413,214.741,644.912,859.653,572,859.653,1036.934,0.5,859.653
1,414,217.481,642.949,860.43,572,860.43,1033.209,0.5,860.43
1,415,216.376,642.942,859.318,572,859.318,1047.337,0.5,859.318
1,416,217.76,642.724,860.484,572,860.484,1046.165,0.5,860.484
1,417,217.613,642.712,860.325,572,860.325,966.514,0.5,860.325
1,418,216.347,644.038,860.385,572,860.385,1020.21,0.5,860.385
1,419,215.592,644.93,860.522,572,860.522,1014.364,0.5,860.522
1,420,215.791,644.643,860.434,572,860.434,1010.231,0.5,860.434
1,421,216.042,644.26,860.302,572,860.302,1035.588,0.5,860.302
1,422,216.927,643.647,860.574,572,860.574,1034.165,0.5,860.574
1,423,218.412,642.667,861.079,572,861.079,1023.061,0.5,861.079
1,424,218.045,642.696,860.741,572,860.741,1040.188,0.5,860.741
1,425,217.618,643.028,860.646,572,860.646,994.685,0.5,860.646
1,426,217.227,644.104,861.331,572,861.331,1024.496,0.5,861.331
1,427,216.334,644.505,860.839,572,860.839,1035.019,0.5,860.839
1,428,216.421,644.25,860.671,572,860.671,1056.269,0.5,860.671
1,429,218.436,642.882,861.318,572,861.318,987.688,0.5,861.318
1,430,218.179,642.953,861.132,572,861.132,968.745,0.5,861.132
1,431,216.607,644.392,860.999,572,860.999,1019.669,0.5,860.999
1,432,216.671,644.351,861.022,572,861.022,988.173,0.5,861.022
1,433,217.162,643.967,861.129,572,861.129,1004.277,0.5,861.129
1,434,218.957,642.919,861.876,572,861.876,1046.255,0.5,861.876
1,435,218.493,643.15,861.643,572,861.643,1038.704,0.5,861.643
1,436,219.01,642.893,861.903,572,861.903,1041.447,0.5,861.903
1,437,218.936,644.182,863.118,572,863.118,1043.478,0.5,863.118
1,438,218.559,643.532,862.091,572,862.091,990.814,0.5,862.091
1,439,220.417,643.56,863.977,572,863.977,1030.432,0.5,863.977
1,440,223.115,642.677,865.792,572,865.792,997.794,0.5,865.792
1,441,219.527,643.43,862.957,572,862.957,1047.892,0.5,862.957
1,442,221.509,643.743,865.252,572,865.252,1007.88,0.5,865.252
1,443,221.874,643.382,865.256,572,865.256,1021.046,0.5,865.256
1,444,221.959,644.196,866.155,572,866.155,993.921,0.5,866.155
1,445,222.478,642.873,865.351,572,865.351,1031.351,0.5,865.351
1,446,220.009,643.927,863.936,572,863.936,1002.05,0.5,863.936
1,447,219.851,642.749,862.6,572,862.6,1051.31,0.5,862.6
1,448,217.833,642.656,860.489,572,860.489,1005.203,0.5,860.489
1,449,217.274,643.726,861.0,572,861.0,958.255,0.5,861.0
1,450,217.27,643.298,860.568,572,860.568,976.946,0.5,860.568
1,451,218.525,642.992,861.517,572,861.517,1008.039,0.5,861.517
1,452,217.257,643.67,860.927,572,860.927,1017.428,0.5,860.927
1,453,219.482,642.575,862.057,572,862.057,1056.128,0.5,862.057
1,454,218.354,642.982,861.336,572,861.336,1040.247,0.5,861.336
1,455,217.449,644.556,862.005,572,862.005,983.632,0.5,862.005
1,456,216.562,644.312,860.874,572,860.874,1010.138,0.5,860.874
1,457,216.954,644.509,861.463,572,861.463,1058.936,0.5,861.463
1,458,218.873,642.749,861.622,572,861.622,1046.759,0.5,861.622
1,459,218.56,642.754,861.314,572,861.314,1043.34,0.5,861.314
1,460,218.782,642.685,861.467,572,861.467,1003.729,0.5,861.467
1,461,218.084,644.457,862.541,572,862.541,981.57,0.5,862.541
1,462,221.012,642.756,863.768,572,863.768,1003.473,0.5,863.768
1,463,220.032,643.71,863.742,572,863.742,1049.794,0.5,863.742
1,464,223.044,643.349,866.393,572,866.393,1023.913,0.5,866.393
1,465,221.368,644.398,865.766,572,865.766,1027.572,0.5,865.766
1,466,222.027,643.91,865.937,572,865.937,1033.192,0.5,865.937
1,467,221.061,642.616,863.677,572,863.677,1053.311,0.5,863.677
1,468,218.55,643.68,862.23,572,862.23,1046.028,0.5,862.23
1,469,220.453,643.565,864.018,572,864.018,1038.199,0.5,864.018
1,470,222.182,642.638,864.82,572,864.82,968.049,0.5,864.82
1,471,220.261,642.583,862.844,572,862.844,1054.755,0.5,862.844
1,472,220.83,644.809,865.639,572,865.639,1035.712,0.5,865.639
1,473,220.23,643.785,864.015,572,864.015,1053.883,0.5,864.015
1,474,218.315,642.845,861.16,572,861.16,1031.654,0.5,861.16
1,475,222.204,643.19,865.394,572,865.394,1027.556,0.5,865.394
1,476,217.005,644.201,861.206,572,861.206,976.346,0.5,861.206
1,477,217.042,644.889,861.931,572,861.931,1043.111,0.5,861.931
1,478,217.793,643.639,861.432,572,861.432,986.137,0.5,861.432
1,479,219.372,642.662,862.034,572,862.034,1043.438,0.5,862.034
1,480,219.002,642.724,861.726,572,861.726,1042.151,0.5,861.726
1,481,218.811,642.617,861.428,572,861.428,1024.531,0.5,861.428
1,482,218.358,643.181,861.539,572,861.539,1056.033,0.5,861.539
1,483,219.12,644.881,864.001,572,864.001,966.22,0.5,864.001
1,484,220.456,643.752,864.208,572,864.208,995.831,0.5,864.208
1,485,221.302,642.648,863.95,572,863.95,1047.73,0.5,863.95
1,486,223.603,642.753,866.356,572,866.356,979.533,0.5,866.356
1,487,222.003,642.658,864.661,572,864.661,1026.445,0.5,864.661
1,488,222.681,642.562,865.243,572,865.243,990.995,0.5,865.243
1,489,220.422,644.863,865.285,572,865.285,1008.256,0.5,865.285
1,490,221.187,644.312,865.499,572,865.499,981.769,0.5,865.499
1,491,218.015,644.67,862.685,572,862.685,1051.105,0.5,862.685
1,492,218.83,644.92,863.75,572,863.75,1034.337,0.5,863.75
1,493,218.839,644.734,863.573,572,863.573,1048.265,0.5,863.573
1,494,220.103,643.256,863.359,572,863.359,990.421,0.5,863.359
1,495,221.37,644.117,865.487,572,865.487,954.148,0.5,865.487
1,496,222.026,643.174,865.2,572,865.2,1012.544,0.5,865.2
1,497,221.405,642.566,863.971,572,863.971,1002.945,0.5,863.971
1,498,218.395,644.567,862.962,572,862.962,993.556,0.5,862.962
1,499,218.66,644.359,863.019,572,863.019,1024.602,0.5,863.019
1,500,217.852,643.765,861.617,572,861.617,1002.644,0.5,861.617
1,501,217.359,644.461,861.82,572,861.82,1001.661,0.5,861.82
1,502,221.49,642.699,864.189,572,864.189,1010.623,0.5,864.189
1,503,222.446,642.71,865.156,572,865.156,977.679,0.5,865.156
1,504,220.307,643.621,863.928,572,863.928,967.322,0.5,863.928
1,505,220.058,642.704,862.762,572,862.762,955.434,0.5,862.762
1,506,221.369,644.031,865.4,572,865.4,1004.836,0.5,865.4
1,507,222.395,643.17,865.565,572,865.565,998.82,0.5,865.565
1,508,221.871,642.764,864.635,572,864.635,993.011,0.5,864.635
1,509,219.42,644.5,863.92,572,863.92,1041.07,0.5,863.92
1,510,222.344,642.741,865.085,572,865.085,977.634,0.5,865.085
1,511,222.866,642.923,865.789,572,865.789,1012.734,0.5,865.789
1,512,220.211,642.645,862.856,572,862.856,1051.936,0.5,862.856
1,513,218.145,644.724,862.869,572,862.869,1046.623,0.5,862.869
1,514,220.528,642.914,863.442,572,863.442,1039.823,0.5,863.442
1,515,220.685,643.05,863.735,572,863.735,995.185,0.5,863.735
1,516,217.88,644.567,862.447,572,862.447,951.684,0.5,862.447
1,517,219.021,643.516,862.537,572,862.537,983.902,0.5,862.537
1,518,218.431,644.019,862.45,572,862.45,968.294,0.5,862.45
1,519,221.276,644.574,865.85,572,865.85,1055.714,0.5,865.85
1,520,232.983,644.155,877.138,572,877.138,958.285,0.5,877.138
1,521,234.119,644.463,878.582,572,878.582,1025.795,0.5,878.582
1,522,231.415,644.583,875.998,572,875.998,1003.688,0.5,875.998
1,523,225.443,644.494,869.937,572,869.937,996.839,0.5,869.937
1,524,225.206,643.065,868.271,572,868.271,964.701,0.5,868.271
1,525,229.487,644.121,873.608,572,873.608,962.266,0.5,873.608
1,526,221.464,643.199,864.663,572,864.663,972.088,0.5,864.663
1,527,224.048,642.672,866.72,572,866.72,1034.341,0.5,866.72
1,528,227.485,642.743,870.228,572,870.228,994.541,0.5,870.228
1,529,218.943,644.772,863.715,572,863.715,1018.331,0.5,863.715
1,530,227.036,642.606,869.642,572,869.642,999.364,0.5,869.642
1,531,221.547,643.424,864.971,572,864.971,953.534,0.5,864.971
1,532,221.033,643.058,864.091,572,864.091,954.301,0.5,864.091
1,533,220.031,643.866,863.897,572,863.897,979.399,0.5,863.897
1,534,220.224,642.794,863.018,572,863.018,952.8,0.5,863.018
1,535,233.386,643.281,876.667,572,876.667,975.144,0.5,876.667
1,536,223.04,644.057,867.097,572,867.097,1027.313,0.5,867.097
1,537,232.761,642.747,875.508,572,875.508,1002.619,0.5,875.508
1,538,234.596,642.68,877.276,572,877.276,997.65,0.5,877.276
1,539,232.062,644.93,876.992,572,876.992,992.692,0.5,876.992
1,540,226.783,644.072,870.855,572,870.855,971.457,0.5,870.855
1,541,231.475,642.903,874.378,572,874.378,958.681,0.5,874.378
1,542,224.926,642.714,867.64,572,867.64,1027.725,0.5,867.64
1,543,221.914,644.894,866.808,572,866.808,967.436,0.5,866.808
1,544,223.132,644.129,867.261,572,867.261,996.081,0.5,867.261
1,545,228.799,642.595,871.394,572,871.394,995.866,0.5,871.394
1,546,222.97,644.66,867.63,572,867.63,950.693,0.5,867.63
1,547,221.849,644.953,866.802,572,866.802,999.169,0.5,866.802
1,548,220.664,644.587,865.251,572,865.251,992.291,0.5,865.251
1,549,219.545,644.658,864.203,572,864.203,979.914,0.5,864.203
1,550,228.756,643.279,872.035,572,872.035,965.402,0.5,872.035
1,551,226.291,643.542,869.833,572,869.833,964.073,0.5,869.833
1,552,222.139,644.168,866.307,572,866.307,1029.913,0.5,866.307
1,553,220.888,642.947,863.835,572,863.835,997.183,0.5,863.835
1,554,221.966,642.774,864.74,572,864.74,951.17,0.5,864.74
1,555,220.331,644.014,864.345,572,864.345,982.547,0.5,864.345
1,556,221.45,642.651,864.101,572,864.101,974.907,0.5,864.101
1,557,221.671,642.804,864.475,572,864.475,970.259,0.5,864.475
1,558,219.972,644.362,864.334,572,864.334,988.964,0.5,864.334
1,559,221.351,644.118,865.469,572,865.469,960.203,0.5,865.469
1,560,218.78,644.503,863.283,572,863.283,1010.164,0.5,863.283
1,561,219.33,643.637,862.967,572,862.967,1032.908,0.5,862.967
1,562,221.616,643.075,864.691,572,864.691,983.076,0.5,864.691
1,563,223.345,642.763,866.108,572,866.108,1038.777,0.5,866.108
1,564,223.327,642.844,866.171,572,866.171,1023.431,0.5,866.171
1,565,223.346,643.038,866.384,572,866.384,967.95,0.5,866.384
1,566,219.087,643.792,862.879,572,862.879,989.535,0.5,862.879
1,567,236.205,642.643,878.848,572,878.848,1015.754,0.5,878.848
1,568,232.189,642.758,874.947,572,874.947,973.598,0.5,874.947
1,569,221.749,642.814,864.563,572,864.563,1012.995,0.5,864.563
1,570,217.929,644.839,862.768,572,862.768,1056.95,0.5,862.768
1,571,221.193,644.422,865.615,572,865.615,1053.068,0.5,865.615
1,572,218.934,643.908,862.842,572,862.842,978.942,0.5,862.842
1,573,221.42,642.682,864.102,572,864.102,1054.812,0.5,864.102
1,574,226.621,643.937,870.558,572,870.558,980.978,0.5,870.558
1,575,227.425,643.019,870.444,572,870.444,998.858,0.5,870.444
1,576,227.415,643.314,870.729,572,870.729,976.642,0.5,870.729
1,577,220.417,644.352,864.769,572,864.769,978.861,0.5,864.769
1,578,221.138,643.65,864.788,572,864.788,1013.235,0.5,864.788
1,579,222.624,642.729,865.353,572,865.353,1036.21,0.5,865.353
1,580,221.176,644.692,865.868,572,865.868,1009.059,0.5,865.868
1,581,224.82,642.571,867.391,572,867.391,1055.012,0.5,867.391
1,582,222.172,644.774,866.946,572,866.946,977.21,0.5,866.946
1,583,221.922,644.513,866.435,572,866.435,1017.748,0.5,866.435
1,584,239.219,643.236,882.455,572,882.455,1027.629,0.5,882.455
1,585,238.417,643.367,881.784,572,881.784,1013.253,0.5,881.784
1,586,233.81,642.704,876.514,572,876.514,983.437,0.5,876.514
1,587,235.234,644.74,879.974,572,879.974,996.568,0.5,879.974
1,588,234.179,643.297,877.476,572,877.476,1023.507,0.5,877.476
1,589,235.816,643.622,879.438,572,879.438,1005.471,0.5,879.438
1,590,240.845,642.673,883.518,572,883.518,970.296,0.5,883.518
1,591,236.151,642.688,878.839,572,878.839,1008.686,0.5,878.839
1,592,234.484,644.164,878.648,572,878.648,947.909,0.5,878.648
1,593,235.474,643.49,878.964,572,878.964,999.491,0.5,878.964
1,594,235.084,642.773,877.857,572,877.857,989.041,0.5,877.857
1,595,232.788,642.752,875.54,572,875.54,981.95,0.5,875.54
1,596,226.479,643.574,870.053,572,870.053,946.08,0.5,870.053
1,597,235.578,644.32,879.898,572,879.898,969.504,0.5,879.898
1,598,232.26,643.923,876.183,572,876.183,999.305,0.5,876.183
1,599,233.162,644.405,877.567,572,877.567,1001.043,0.5,877.567
1,600,233.629,644.138,877.767,572,877.767,1034.535,0.5,877.767
1,601,229.948,642.794,872.742,572,872.742,992.442,0.5,872.742
1,602,227.023,642.703,869.726,572,869.726,980.041,0.5,869.726
1,603,228.226,644.274,872.5,572,872.5,962.16,0.5,872.5
1,604,225.654,644.818,870.472,572,870.472,1045.902,0.5,870.472
1,605,231.338,644.41,875.748,572,875.748,971.735,0.5,875.748
1,606,233.383,643.484,876.867,572,876.867,975.223,0.5,876.867
1,607,226.079,644.699,870.778,572,870.778,956.501,0.5,870.778
1,608,233.38,642.696,876.076,572,876.076,969.389,0.5,876.076
1,609,228.554,643.483,872.037,572,872.037,1038.16,0.5,872.037
1,610,249.589,643.252,892.841,572,892.841,1021.974,0.5,892.841
1,611,237.807,642.76,880.567,572,880.567,953.246,0.5,880.567
1,612,247.114,643.902,891.016,572,891.016,1013.199,0.5,891.016
1,613,247.271,644.566,891.837,572,891.837,963.315,0.5,891.837
1,614,260.276,643.074,903.35,572,903.35,966.77,0.5,903.35
1,615,222.524,643.956,866.48,572,866.48,999.231,0.5,866.48
1,616,224.633,643.025,867.658,572,867.658,984.729,0.5,867.658
1,617,223.847,642.687,866.534,572,866.534,992.424,0.5,866.534
1,618,224.444,643.717,868.161,572,868.161,1045.306,0.5,868.161
1,619,223.233,643.834,867.067,572,867.067,989.202,0.5,867.067
1,620,225.874,642.671,868.545,572,868.545,997.425,0.5,868.545
1,621,225.656,644.076,869.732,572,869.732,956.526,0.5,869.732
1,622,226.487,642.772,869.259,572,869.259,1004.432,0.5,869.259
1,623,222.758,644.813,867.571,572,867.571,990.666,0.5,867.571
1,624,223.7,643.537,867.237,572,867.237,967.989,0.5,867.237
1,625,222.583,644.281,866.864,572,866.864,955.773,0.5,866.864
1,626,224.267,642.866,867.133,572,867.133,958.103,0.5,867.133
1,627,224.786,642.625,867.411,572,867.411,1042.453,0.5,867.411
1,628,223.646,643.976,867.622,572,867.622,997.373,0.5,867.622
1,629,224.948,643.048,867.996,572,867.996,981.201,0.5,867.996
1,630,225.708,643.647,869.355,572,869.355,1038.803,0.5,869.355
1,631,225.233,642.981,868.214,572,868.214,966.902,0.5,868.214
1,632,224.772,643.686,868.458,572,868.458,980.555,0.5,868.458
1,633,224.747,644.041,868.788,572,868.788,992.402,0.5,868.788
1,634,225.535,642.703,868.238,572,868.238,995.324,0.5,868.238
1,635,225.779,642.747,868.526,572,868.526,999.819,0.5,868.526
1,636,225.357,642.994,868.351,572,868.351,965.906,0.5,868.351
1,637,224.247,644.765,869.012,572,869.012,954.188,0.5,869.012
1,638,224.885,644.64,869.525,572,869.525,1028.492,0.5,869.525
1,639,226.697,642.822,869.519,572,869.519,969.995,0.5,869.519
1,640,261.102,644.091,905.193,572,905.193,1005.676,0.5,905.193
1,641,264.267,643.039,907.306,572,907.306,975.958,0.5,907.306
1,642,237.548,642.771,880.319,572,880.319,988.087,0.5,880.319
1,643,239.741,644.897,884.638,572,884.638,974.454,0.5,884.638
1,644,266.684,644.344,911.028,572,911.028,963.873,0.5,911.028
1,645,253.098,644.771,897.869,572,897.869,1042.796,0.5,897.869
1,646,257.717,643.411,901.128,572,901.128,953.355,0.5,901.128
1,647,258.775,644.436,903.211,572,903.211,990.581,0.5,903.211
1,648,262.131,644.779,906.91,572,906.91,969.544,0.5,906.91
1,649,258.91,643.694,902.604,572,902.604,954.359,0.5,902.604
1,650,260.549,644.618,905.167,572,905.167,964.013,0.5,905.167
1,651,260.038,644.02,904.058,572,904.058,961.304,0.5,904.058
1,652,258.361,644.67,903.031,572,903.031,976.735,0.5,903.031
1,653,254.561,644.624,899.185,572,899.185,999.167,0.5,899.185
1,654,252.623,644.272,896.895,572,896.895,991.505,0.5,896.895
1,655,294.795,644.692,939.487,572,939.487,998.96,0.5,939.487
1,656,286.45,644.513,930.963,572,930.963,989.207,0.5,930.963
1,657,252.674,643.387,896.061,572,896.061,1046.518,0.5,896.061
1,658,311.733,642.696,954.429,572,954.429,1023.226,0.5,954.429
1,659,276.81,644.785,921.595,572,921.595,1006.457,0.5,921.595
1,660,295.608,644.557,940.165,572,940.165,1020.116,0.5,940.165
1,661,263.331,643.507,906.838,572,906.838,1013.626,0.5,906.838
1,662,280.863,643.085,923.948,572,923.948,1006.914,0.5,923.948
1,663,275.833,642.744,918.577,572,918.577,1004.304,0.5,918.577
1,664,315.631,644.382,960.013,572,960.013,1020.355,0.5,960.013
1,665,323.448,642.73,966.178,572,966.178,981.968,0.5,966.178
1,666,313.201,643.36,956.561,572,956.561,1007.355,0.5,956.561
1,667,295.468,644.084,939.552,572,939.552,1004.661,0.5,939.552
1,668,325.43,643.7,969.13,572,969.13,976.322,0.5,969.13
1,669,308.809,644.394,953.203,572,953.203,958.77,0.5,953.203
1,670,325.856,643.583,969.439,572,969.439,980.676,0.5,969.439
1,671,295.831,643.102,938.933,572,938.933,1004.708,0.5,938.933
1,672,315.217,642.754,957.971,572,957.971,1016.01,0.5,957.971
1,673,295.315,644.677,939.992,572,939.992,1015.137,0.5,939.992
1,674,317.218,644.72,961.938,572,961.938,996.564,0.5,961.938
1,675,273.081,644.937,918.018,572,918.018,978.116,0.5,918.018
1,676,290.504,643.921,934.425,572,934.425,990.1,0.5,934.425
1,677,303.051,643.278,946.329,572,946.329,1003.63,0.5,946.329
1,678,286.53,643.957,930.487,572,930.487,978.943,0.5,930.487
1,679,339.484,642.761,982.245,572,982.245,1026.934,0.5,982.245
1,680,323.305,644.075,967.38,572,967.38,999.119,0.5,967.38
1,681,306.538,642.738,949.276,572,949.276,966.23,0.5,949.276
1,682,343.869,644.651,988.52,572,988.52,1009.423,0.5,988.52
1,683,340.927,642.739,983.666,572,983.666,1032.304,0.5,983.666
1,684,321.25,643.104,964.354,572,964.354,983.006,0.5,964.354
1,685,312.384,644.278,956.662,572,956.662,1011.707,0.5,956.662
1,686,305.309,644.361,949.67,572,949.67,965.582,0.5,949.67
1,687,261.195,644.165,905.36,572,905.36,1043.467,0.5,905.36
1,688,325.987,644.825,970.812,572,970.812,993.999,0.5,970.812
1,689,344.303,643.118,987.421,572,987.421,1004.89,0.5,987.421
1,690,354.78,642.697,997.477,572,997.477,1017.686,0.5,997.477
1,691,316.866,643.416,960.282,572,960.282,1023.982,0.5,960.282
1,692,349.766,642.712,992.478,572,992.478,1032.088,0.5,992.478
1,693,333.543,644.596,978.139,572,978.139,1011.981,0.5,978.139
1,694,287.96,660.435,948.395,572,948.395,988.17,0.5,948.395
1,695,304.552,662.453,967.005,572,967.005,989.521,0.5,967.005
1,696,349.883,621.378,971.261,572,971.261,1053.458,0.5,971.261
1,697,294.832,644.695,939.527,572,939.527,1009.758,0.5,939.527
1,698,383.102,644.703,1027.805,572,1027.805,1055.404,0.5,1027.805
1,699,366.525,644.183,1010.708,572,1010.708,1032.004,0.5,1010.708
2,0,213.674,609.523,823.197,572,823.197,905.882,0.0,823.197
2,1,213.906,609.591,823.497,572,823.497,957.531,0.0,823.497
2,2,215.639,607.877,823.516,572,823.516,965.735,0.0,823.516
2,3,214.587,608.811,823.398,572,823.398,922.985,0.0,823.398
2,4,213.006,610.323,823.329,572,823.329,915.659,0.0,823.329
2,5,215.186,607.913,823.099,572,823.099,910.745,0.0,823.099
2,6,214.272,609.435,823.707,572,823.707,929.542,0.0,823.707
2,7,216.11,607.475,823.585,572,823.585,915.743,0.0,823.585
2,8,213.971,609.938,823.909,572,823.909,930.867,0.0,823.909
2,9,213.777,609.709,823.486,572,823.486,915.869,0.0,823.486
2,10,215.54,608.198,823.738,572,823.738,925.88,0.0,823.738
2,11,216.01,607.787,823.797,572,823.797,940.174,0.0,823.797
2,12,213.124,610.689,823.813,572,823.813,934.244,0.0,823.813
2,13,214.213,609.482,823.695,572,823.695,952.773,0.0,823.695
2,14,214.547,609.245,823.792,572,823.792,946.158,0.0,823.792
2,15,212.681,610.81,823.491,572,823.491,918.046,0.0,823.491
2,16,214.022,609.615,823.637,572,823.637,981.025,0.0,823.637
2,17,215.217,608.328,823.545,572,823.545,907.334,0.0,823.545
2,18,215.204,608.274,823.478,572,823.478,927.957,0.0,823.478
2,19,214.569,609.056,823.625,572,823.625,952.972,0.0,823.625
2,20,213.622,609.967,823.589,572,823.589,959.796,0.0,823.589
2,21,213.636,610.099,823.735,572,823.735,933.017,0.0,823.735
2,22,212.885,610.84,823.725,572,823.725,942.759,0.0,823.725
2,23,216.327,607.506,823.833,572,823.833,937.178,0.0,823.833
2,24,215.473,608.297,823.77,572,823.77,922.836,0.0,823.77
2,25,215.986,607.67,823.656,572,823.656,937.485,0.0,823.656
2,26,213.646,610.167,823.813,572,823.813,955.493,0.0,823.813
2,27,214.968,608.996,823.964,572,823.964,915.721,0.0,823.964
2,28,214.897,608.732,823.629,572,823.629,967.581,0.0,823.629
2,29,213.361,610.445,823.806,572,823.806,947.488,0.0,823.806
2,30,214.664,609.107,823.771,572,823.771,966.951,0.0,823.771
2,31,213.359,610.418,823.777,572,823.777,970.224,0.0,823.777
2,32,215.05,608.775,823.825,572,823.825,959.721,0.0,823.825
2,33,213.28,610.711,823.991,572,823.991,931.574,0.0,823.991
2,34,214.023,609.93,823.953,572,823.953,968.837,0.0,823.953
2,35,215.634,608.289,823.923,572,823.923,958.742,0.0,823.923
2,36,216.189,607.603,823.792,572,823.792,975.249,0.0,823.792
2,37,215.282,608.673,823.955,572,823.955,950.195,0.0,823.955
2,38,215.274,608.808,824.082,572,824.082,948.955,0.0,824.082
2,39,213.783,609.441,823.224,572,823.224,921.188,0.0,823.224
2,40,214.811,608.553,823.364,572,823.364,980.537,0.0,823.364
2,41,213.062,610.401,823.463,572,823.463,911.541,0.0,823.463
2,42,214.634,608.528,823.162,572,823.162,921.109,0.0,823.162
2,43,215.432,608.247,823.679,572,823.679,929.79,0.0,823.679
2,44,212.833,610.763,823.596,572,823.596,939.455,0.0,823.596
2,45,213.244,610.494,823.738,572,823.738,967.944,0.0,823.738
2,46,213.844,609.842,823.686,572,823.686,947.774,0.0,823.686
2,47,214.243,609.494,823.737,572,823.737,924.816,0.0,823.737
2,48,214.77,608.948,823.718,572,823.718,916.261,0.0,823.718
2,49,214.31,609.388,823.698,572,823.698,911.944,0.0,823.698
2,50,216.045,607.858,823.903,572,823.903,952.894,0.0,823.903
2,51,214.038,609.719,823.757,572,823.757,958.249,0.0,823.757
2,52,215.031,608.818,823.849,572,823.849,956.042,0.0,823.849
2,53,215.767,607.96,823.727,572,823.727,953.967,0.0,823.727
2,54,214.358,609.532,823.89,572,823.89,982.353,0.0,823.89
2,55,214.042,609.55,823.592,572,823.592,894.752,0.0,823.592
2,56,214.35,609.078,823.428,572,823.428,935.943,0.0,823.428
2,57,215.204,608.055,823.259,572,823.259,894.232,0.0,823.259
2,58,213.702,609.998,823.7,572,823.7,904.392,0.0,823.7
2,59,213.335,610.188,823.523,572,823.523,928.107,0.0,823.523
2,60,214.656,608.868,823.524,572,823.524,947.932,0.0,823.524
2,61,214.629,609.063,823.692,572,823.692,911.864,0.0,823.692
2,62,214.728,608.932,823.66,572,823.66,927.937,0.0,823.66
2,63,213.147,610.488,823.635,572,823.635,951.05,0.0,823.635
2,64,213.837,610.035,823.872,572,823.872,951.769,0.0,823.872
2,65,214.534,609.201,823.735,572,823.735,912.761,0.0,823.735
2,66,215.08,608.693,823.773,572,823.773,953.028,0.0,823.773
2,67,213.769,609.885,823.654,572,823.654,948.698,0.0,823.654
2,68,215.728,608.105,823.833,572,823.833,972.033,0.0,823.833
2,69,213.545,610.081,823.626,572,823.626,922.806,0.0,823.626
2,70,215.765,608.052,823.817,572,823.817,960.144,0.0,823.817
2,71,216.188,607.724,823.912,572,823.912,939.819,0.0,823.912
2,72,213.85,610.091,823.941,572,823.941,926.334,0.0,823.941
2,73,215.963,608.031,823.994,572,823.994,924.055,0.0,823.994
2,74,215.708,608.203,823.911,572,823.911,902.653,0.0,823.911
2,75,215.526,607.768,823.294,572,823.294,977.794,0.0,823.294
2,76,317.36,609.513,926.873,572,926.873,931.773,0.0,926.873
2,77,346.39,609.368,955.758,572,955.758,960.736,0.0,955.758
2,78,318.176,609.97,928.146,572,928.146,935.449,0.0,928.146
2,79,326.273,609.216,935.489,572,935.489,942.743,0.0,935.489
2,80,318.317,609.143,927.46,572,927.46,932.54,0.0,927.46
2,81,318.552,610.733,929.285,572,929.285,934.181,0.0,929.285
2,82,314.836,610.482,925.318,572,925.318,930.176,0.0,925.318
2,83,345.595,608.824,954.419,572,954.419,995.582,0.0,954.419
2,84,350.86,607.661,958.521,572,958.521,963.498,0.0,958.521
2,85,353.053,609.086,962.139,572,962.139,969.345,0.0,962.139
2,86,315.157,608.206,923.363,572,923.363,928.308,0.0,923.363
2,87,319.067,609.276,928.343,572,928.343,933.288,0.0,928.343
2,88,382.051,609.532,991.583,572,991.583,996.519,0.0,991.583
2,89,367.797,609.402,977.199,572,977.199,982.125,0.0,977.199
2,90,366.225,607.465,973.69,572,973.69,978.696,0.0,973.69
2,91,366.942,610.568,977.51,572,977.51,982.476,0.0,977.51
2,92,322.281,607.558,929.839,572,929.839,934.95,0.0,929.839
2,93,371.23,609.604,980.834,572,980.834,985.714,0.0,980.834
2,94,323.643,607.8,931.443,572,931.443,936.399,0.0,931.443
2,95,335.107,610.803,945.91,572,945.91,977.347,0.0,945.91
2,96,341.187,609.149,950.336,572,950.336,955.296,0.0,950.336
2,97,327.712,608.267,935.979,572,935.979,940.971,0.0,935.979
2,98,329.573,609.808,939.381,572,939.381,944.399,0.0,939.381
2,99,330.835,607.728,938.563,572,938.563,943.553,0.0,938.563
2,100,331.664,609.077,940.741,572,940.741,948.508,0.0,940.741
2,101,334.112,609.553,943.665,572,943.665,948.673,0.0,943.665
2,102,342.33,610.68,953.01,572,953.01,960.218,0.0,953.01
2,103,338.993,609.995,948.988,572,948.988,953.859,0.0,948.988
2,104,338.561,608.851,947.412,572,947.412,952.515,0.0,947.412
2,105,342.526,610.744,953.27,572,953.27,958.199,0.0,953.27
2,106,374.395,608.933,983.328,572,983.328,989.407,0.0,983.328
2,107,364.855,607.736,972.591,572,972.591,977.583,0.0,972.591
2,108,380.32,607.713,988.033,572,988.033,992.99,0.0,988.033
2,109,383.057,609.57,992.627,572,992.627,997.631,0.0,992.627
2,110,384.259,609.804,994.063,572,994.063,999.252,0.0,994.063
2,111,379.584,610.464,990.048,572,990.048,997.374,0.0,990.048
2,112,378.257,609.167,987.424,572,987.424,994.681,0.0,987.424
2,113,379.302,608.929,988.231,572,988.231,993.336,0.0,988.231
2,114,380.58,607.799,988.379,572,988.379,993.727,0.0,988.379
2,115,372.603,608.596,981.199,572,981.199,986.564,0.0,981.199
2,116,384.414,607.926,992.34,572,992.34,998.615,0.0,992.34
2,117,382.94,610.096,993.036,572,993.036,998.068,0.0,993.036
2,118,380.287,609.485,989.772,572,989.772,994.935,0.0,989.772
2,119,385.45,609.293,994.743,572,994.743,1000.952,0.0,994.743
2,120,372.611,607.503,980.114,572,980.114,987.36,0.0,980.114
2,121,385.915,609.562,995.477,572,995.477,1000.383,0.0,995.477
2,122,367.613,610.504,978.117,572,978.117,983.061,0.0,978.117
2,123,373.524,609.348,982.872,572,982.872,989.985,0.0,982.872
2,124,376.156,610.451,986.607,572,986.607,992.285,0.0,986.607
2,125,343.062,609.206,952.268,572,952.268,957.261,0.0,952.268
2,126,341.328,610.274,951.602,572,951.602,956.63,0.0,951.602
2,127,359.598,609.332,968.93,572,968.93,976.144,0.0,968.93
2,128,357.183,608.123,965.306,572,965.306,970.705,0.0,965.306
2,129,368.248,610.195,978.443,572,978.443,988.214,0.0,978.443
2,130,388.076,608.479,996.555,572,996.555,1001.345,0.0,996.555
2,131,372.966,610.132,983.098,572,983.098,987.987,0.0,983.098
2,132,388.429,608.373,996.802,572,996.802,1001.714,0.0,996.802
2,133,376.256,609.534,985.79,572,985.79,990.67,0.0,985.79
2,134,367.314,608.878,976.192,572,976.192,983.258,0.0,976.192
2,135,385.651,610.143,995.794,572,995.794,1000.814,0.0,995.794
2,136,343.309,609.5,952.809,572,952.809,958.384,0.0,952.809
2,137,345.42,608.679,954.099,572,954.099,959.01,0.0,954.099
2,138,353.341,608.038,961.379,572,961.379,968.564,0.0,961.379
2,139,367.081,608.941,976.022,572,976.022,981.113,0.0,976.022
2,140,388.422,609.616,998.038,572,998.038,1002.952,0.0,998.038
2,141,388.394,609.267,997.661,572,997.661,1002.696,0.0,997.661
2,142,377.372,609.468,986.84,572,986.84,991.769,0.0,986.84
2,143,383.28,610.265,993.545,572,993.545,998.473,0.0,993.545
2,144,384.387,609.579,993.966,572,993.966,998.9,0.0,993.966
2,145,388.218,607.482,995.7,572,995.7,1001.446,0.0,995.7
2,146,382.446,609.354,991.8,572,991.8,996.751,0.0,991.8
2,147,347.498,608.06,955.558,572,955.558,966.736,0.0,955.558
2,148,328.497,610.407,938.904,572,938.904,946.124,0.0,938.904
2,149,348.549,610.742,959.291,572,959.291,966.485,0.0,959.291
2,150,325.021,609.277,934.298,572,934.298,939.227,0.0,934.298
2,151,343.14,609.443,952.583,572,952.583,957.504,0.0,952.583
2,152,383.63,607.879,991.509,572,991.509,997.828,0.0,991.509
2,153,370.143,608.41,978.553,572,978.553,988.657,0.0,978.553
2,154,372.116,608.144,980.26,572,980.26,986.582,0.0,980.26
2,155,351.913,607.529,959.442,572,959.442,965.249,0.0,959.442
2,156,367.317,609.74,977.057,572,977.057,982.053,0.0,977.057
2,157,367.3,609.8,977.1,572,977.1,982.042,0.0,977.1
2,158,364.08,610.788,974.868,572,974.868,979.887,0.0,974.868
2,159,356.075,607.567,963.642,572,963.642,970.18,0.0,963.642
2,160,337.808,607.704,945.512,572,945.512,950.433,0.0,945.512
2,161,324.832,608.506,933.338,572,933.338,938.253,0.0,933.338
2,162,328.992,607.849,936.841,572,936.841,941.745,0.0,936.841
2,163,346.093,609.234,955.327,572,955.327,962.759,0.0,955.327
2,164,328.831,610.095,938.926,572,938.926,944.02,0.0,938.926
2,165,336.245,610.344,946.589,572,946.589,951.566,0.0,946.589
2,166,330.452,609.406,939.858,572,939.858,944.806,0.0,939.858
2,167,333.102,609.38,942.482,572,942.482,970.978,0.0,942.482
2,168,335.707,609.154,944.861,572,944.861,952.021,0.0,944.861
2,169,338.934,610.004,948.938,572,948.938,954.079,0.0,948.938
2,170,338.51,609.07,947.58,572,947.58,952.625,0.0,947.58
2,171,378.003,609.862,987.865,572,987.865,993.019,0.0,987.865
2,172,360.348,610.794,971.142,572,971.142,978.379,0.0,971.142
2,173,345.085,609.341,954.426,572,954.426,960.152,0.0,954.426
2,174,343.043,609.05,952.093,572,952.093,958.148,0.0,952.093
2,175,360.153,610.611,970.764,572,970.764,975.936,0.0,970.764
2,176,388.597,607.68,996.277,572,996.277,1001.973,0.0,996.277
2,177,387.733,608.69,996.423,572,996.423,1001.927,0.0,996.423
2,178,383.437,609.478,992.915,572,992.915,997.974,0.0,992.915
2,179,388.598,607.749,996.347,572,996.347,1001.458,0.0,996.347
2,180,384.753,609.014,993.767,572,993.767,998.783,0.0,993.767
2,181,385.401,608.066,993.467,572,993.467,998.484,0.0,993.467
2,182,388.809,608.629,997.438,572,997.438,1003.1,0.0,997.438
2,183,370.3,610.58,980.88,572,980.88,985.747,0.0,980.88
2,184,356.687,608.356,965.043,572,965.043,969.948,0.0,965.043
2,185,320.98,610.642,931.622,572,931.622,938.864,0.0,931.622
2,186,322.281,608.654,930.935,572,930.935,935.997,0.0,930.935
2,187,324.034,608.351,932.385,572,932.385,937.315,0.0,932.385
2,188,330.403,607.462,937.865,572,937.865,942.722,0.0,937.865
2,189,324.916,608.836,933.752,572,933.752,938.723,0.0,933.752
2,190,329.125,607.65,936.775,572,936.775,941.702,0.0,936.775
2,191,325.105,609.174,934.279,572,934.279,939.539,0.0,934.279
2,192,331.73,610.041,941.771,572,941.771,946.601,0.0,941.771
2,193,331.492,608.24,939.732,572,939.732,944.788,0.0,939.732
2,194,330.366,608.003,938.369,572,938.369,945.699,0.0,938.369
2,195,338.163,607.5,945.663,572,945.663,950.661,0.0,945.663
2,196,330.858,608.636,939.494,572,939.494,944.364,0.0,939.494
2,197,330.66,608.6,939.26,572,939.26,965.795,0.0,939.26
2,198,333.746,609.02,942.766,572,942.766,949.652,0.0,942.766
2,199,352.829,607.476,960.305,572,960.305,970.703,0.0,960.305
2,200,334.425,609.666,944.091,572,944.091,949.068,0.0,944.091
2,201,343.007,610.06,953.067,572,953.067,960.261,0.0,953.067
2,202,338.116,609.852,947.968,572,947.968,952.921,0.0,947.968
2,203,336.934,610.515,947.449,572,947.449,952.394,0.0,947.449
2,204,213.727,609.951,823.678,572,823.678,966.332,0.0,823.678
2,205,213.353,610.511,823.864,572,823.864,977.17,0.0,823.864
2,206,213.474,610.131,823.605,572,823.605,914.747,0.0,823.605
2,207,214.919,608.757,823.676,572,823.676,905.868,0.0,823.676
2,208,215.729,607.935,823.664,572,823.664,953.236,0.0,823.664
2,209,214.957,608.926,823.883,572,823.883,942.673,0.0,823.883
2,210,214.245,609.631,823.876,572,823.876,936.802,0.0,823.876
2,211,213.592,610.342,823.934,572,823.934,943.624,0.0,823.934
2,212,214.406,609.29,823.696,572,823.696,941.054,0.0,823.696
2,213,213.757,609.978,823.735,572,823.735,940.962,0.0,823.735
2,214,214.173,609.682,823.855,572,823.855,946.099,0.0,823.855
2,215,214.464,609.535,823.999,572,823.999,948.043,0.0,823.999
2,216,215.072,608.965,824.037,572,824.037,947.796,0.0,824.037
2,217,214.053,609.765,823.818,572,823.818,981.165,0.0,823.818
2,218,213.9,609.846,823.746,572,823.746,948.339,0.0,823.746
2,219,215.476,608.466,823.942,572,823.942,950.587,0.0,823.942
2,220,213.314,610.614,823.928,572,823.928,946.305,0.0,823.928
2,221,216.038,607.909,823.947,572,823.947,952.073,0.0,823.947
2,222,213.328,610.835,824.163,572,824.163,986.687,0.0,824.163
2,223,216.208,607.743,823.951,572,823.951,900.783,0.0,823.951
2,224,216.393,607.696,824.089,572,824.089,910.037,0.0,824.089
2,225,215.675,608.471,824.146,572,824.146,970.874,0.0,824.146
2,226,214.91,609.121,824.031,572,824.031,927.816,0.0,824.031
2,227,216.683,607.471,824.154,572,824.154,918.323,0.0,824.154
2,228,215.786,608.401,824.187,572,824.187,977.069,0.0,824.187
2,229,215.26,609.111,824.371,572,824.371,958.844,0.0,824.371
2,230,216.542,607.763,824.305,572,824.305,988.177,0.0,824.305
2,231,214.015,610.332,824.347,572,824.347,909.62,0.0,824.347
2,232,214.973,609.45,824.423,572,824.423,931.166,0.0,824.423
2,233,214.275,610.03,824.305,572,824.305,960.875,0.0,824.305
2,234,214.435,609.824,824.259,572,824.259,977.148,0.0,824.259
2,235,214.134,610.137,824.271,572,824.271,936.692,0.0,824.271
2,236,215.383,609.002,824.385,572,824.385,919.28,0.0,824.385
2,237,216.095,608.413,824.508,572,824.508,907.139,0.0,824.508
2,238,214.982,610.756,825.738,572,825.738,949.978,0.0,825.738
2,239,215.845,609.037,824.882,572,824.882,963.569,0.0,824.882
2,240,218.369,608.66,827.029,572,827.029,976.327,0.0,827.029
2,241,217.772,608.822,826.594,572,826.594,936.806,0.0,826.594
2,242,214.213,610.608,824.821,572,824.821,895.238,0.0,824.821
2,243,216.013,610.047,826.06,572,826.06,968.857,0.0,826.06
2,244,216.313,610.716,827.029,572,827.029,975.007,0.0,827.029
2,245,215.812,609.859,825.671,572,825.671,972.372,0.0,825.671
2,246,216.921,610.063,826.984,572,826.984,996.372,0.0,826.984
2,247,214.625,609.918,824.543,572,824.543,927.815,0.0,824.543
2,248,215.098,610.013,825.111,572,825.111,954.608,0.0,825.111
2,249,217.266,608.183,825.449,572,825.449,995.739,0.0,825.449
2,250,217.524,608.085,825.609,572,825.609,992.865,0.0,825.609
2,251,216.564,608.623,825.187,572,825.187,979.175,0.0,825.187
2,252,214.018,610.501,824.519,572,824.519,911.485,0.0,824.519
2,253,218.411,609.756,828.167,572,828.167,961.145,0.0,828.167
2,254,219.241,607.891,827.132,572,827.132,959.37,0.0,827.132
2,255,215.456,608.459,823.915,572,823.915,927.047,0.0,823.915
2,256,215.868,608.13,823.998,572,823.998,925.052,0.0,823.998
2,257,215.182,608.686,823.868,572,823.868,897.416,0.0,823.868
2,258,213.564,610.389,823.953,572,823.953,899.959,0.0,823.953
2,259,214.669,609.093,823.762,572,823.762,920.898,0.0,823.762
2,260,214.7,609.153,823.853,572,823.853,973.954,0.0,823.853
2,261,216.288,607.598,823.886,572,823.886,905.421,0.0,823.886
2,262,214.503,609.343,823.846,572,823.846,918.208,0.0,823.846
2,263,212.839,610.76,823.599,572,823.599,985.795,0.0,823.599
2,264,215.32,608.829,824.149,572,824.149,985.955,0.0,824.149
2,265,215.043,608.991,824.034,572,824.034,919.615,0.0,824.034
2,266,216.064,608.052,824.116,572,824.116,989.42,0.0,824.116
2,267,214.842,609.231,824.073,572,824.073,961.754,0.0,824.073
2,268,214.374,609.689,824.063,572,824.063,903.68,0.0,824.063
2,269,215.02,609.21,824.23,572,824.23,930.895,0.0,824.23
2,270,213.443,610.824,824.267,572,824.267,945.165,0.0,824.267
2,271,216.756,607.472,824.228,572,824.228,893.116,0.0,824.228
2,272,215.672,608.643,824.315,572,824.315,975.034,0.0,824.315
2,273,216.774,607.594,824.368,572,824.368,959.986,0.0,824.368
2,274,215.199,609.179,824.378,572,824.378,894.543,0.0,824.378
2,275,214.83,609.836,824.666,572,824.666,966.001,0.0,824.666
2,276,216.814,607.579,824.393,572,824.393,959.504,0.0,824.393
2,277,216.843,608.349,825.192,572,825.192,972.1,0.0,825.192
2,278,215.284,610.806,826.09,572,826.09,972.711,0.0,826.09
2,279,216.93,609.872,826.802,572,826.802,976.157,0.0,826.802
2,280,215.839,610.327,826.166,572,826.166,969.113,0.0,826.166
2,281,217.587,608.512,826.099,572,826.099,961.916,0.0,826.099
2,282,216.048,609.506,825.554,572,825.554,950.472,0.0,825.554
2,283,219.213,607.6,826.813,572,826.813,903.494,0.0,826.813
2,284,218.056,608.568,826.624,572,826.624,987.26,0.0,826.624
2,285,215.438,609.9,825.338,572,825.338,971.436,0.0,825.338
2,286,218.772,607.818,826.59,572,826.59,974.265,0.0,826.59
2,287,218.142,607.871,826.013,572,826.013,901.63,0.0,826.013
2,288,218.526,608.792,827.318,572,827.318,907.775,0.0,827.318
2,289,214.475,610.226,824.701,572,824.701,907.391,0.0,824.701
2,290,217.411,607.567,824.978,572,824.978,932.395,0.0,824.978
2,291,215.312,609.771,825.083,572,825.083,918.82,0.0,825.083
2,292,217.901,607.497,825.398,572,825.398,947.407,0.0,825.398
2,293,216.226,610.305,826.531,572,826.531,911.059,0.0,826.531
2,294,218.814,608.451,827.265,572,827.265,897.453,0.0,827.265
2,295,222.61,608.886,831.496,572,831.496,981.09,0.0,831.496
2,296,213.238,610.524,823.762,572,823.762,964.398,0.0,823.762
2,297,220.744,607.589,828.333,572,828.333,991.103,0.0,828.333
2,298,215.261,608.499,823.76,572,823.76,980.951,0.0,823.76
2,299,222.398,607.557,829.955,572,829.955,981.004,0.0,829.955
2,300,214.76,609.083,823.843,572,823.843,977.474,0.0,823.843
2,301,213.518,610.556,824.074,572,824.074,981.728,0.0,824.074
2,302,216.525,607.613,824.138,572,824.138,971.574,0.0,824.138
2,303,216.547,607.543,824.09,572,824.09,975.899,0.0,824.09
2,304,215.842,608.159,824.001,572,824.001,925.798,0.0,824.001
2,305,215.441,608.725,824.166,572,824.166,947.28,0.0,824.166
2,306,215.153,608.887,824.04,572,824.04,932.244,0.0,824.04
2,307,214.573,609.773,824.346,572,824.346,944.335,0.0,824.346
2,308,214.824,609.161,823.985,572,823.985,934.677,0.0,823.985
2,309,216.04,608.226,824.266,572,824.266,931.35,0.0,824.266
2,310,215.072,609.324,824.396,572,824.396,980.579,0.0,824.396
2,311,215.765,608.429,824.194,572,824.194,913.129,0.0,824.194
2,312,215.946,608.424,824.37,572,824.37,902.247,0.0,824.37
2,313,214.932,609.316,824.248,572,824.248,976.669,0.0,824.248
2,314,213.789,610.64,824.429,572,824.429,907.563,0.0,824.429
2,315,215.632,608.956,824.588,572,824.588,987.618,0.0,824.588
2,316,216.962,608.149,825.111,572,825.111,911.982,0.0,825.111
2,317,215.443,610.213,825.656,572,825.656,922.516,0.0,825.656
2,318,218.005,608.323,826.328,572,826.328,931.633,0.0,826.328
2,319,215.857,610.01,825.867,572,825.867,924.427,0.0,825.867
2,320,217.139,609.283,826.422,572,826.422,975.723,0.0,826.422
2,321,214.276,610.425,824.701,572,824.701,962.529,0.0,824.701
2,322,215.495,610.727,826.222,572,826.222,929.855,0.0,826.222
2,323,216.859,608.575,825.434,572,825.434,974.033,0.0,825.434
2,324,216.004,610.252,826.256,572,826.256,918.301,0.0,826.256
2,325,216.691,608.628,825.319,572,825.319,915.746,0.0,825.319
2,326,216.472,609.538,826.01,572,826.01,999.321,0.0,826.01
2,327,214.895,610.738,825.633,572,825.633,896.176,0.0,825.633
2,328,216.946,608.557,825.503,572,825.503,914.168,0.0,825.503
2,329,216.032,610.172,826.204,572,826.204,907.127,0.0,826.204
2,330,213.819,610.731,824.55,572,824.55,979.321,0.0,824.55
2,331,215.417,609.733,825.15,572,825.15,905.571,0.0,825.15
2,332,215.656,609.275,824.931,572,824.931,935.19,0.0,824.931
2,333,215.438,609.222,824.66,572,824.66,937.981,0.0,824.66
2,334,214.829,610.254,825.083,572,825.083,948.958,0.0,825.083
2,335,215.114,608.66,823.774,572,823.774,983.669,0.0,823.774
2,336,215.731,608.076,823.807,572,823.807,958.205,0.0,823.807
2,337,215.761,608.332,824.093,572,824.093,955.447,0.0,824.093
2,338,213.45,610.54,823.99,572,823.99,955.776,0.0,823.99
2,339,214.349,609.781,824.13,572,824.13,919.42,0.0,824.13
2,340,216.207,607.816,824.023,572,824.023,953.558,0.0,824.023
2,341,216.495,607.667,824.162,572,824.162,953.227,0.0,824.162
2,342,216.479,607.63,824.109,572,824.109,975.738,0.0,824.109
2,343,213.541,610.645,824.186,572,824.186,971.611,0.0,824.186
2,344,213.641,610.561,824.202,572,824.202,929.16,0.0,824.202
2,345,214.342,609.925,824.267,572,824.267,959.856,0.0,824.267
2,346,215.298,608.768,824.066,572,824.066,999.463,0.0,824.066
2,347,213.552,610.686,824.238,572,824.238,946.171,0.0,824.238
2,348,215.396,608.923,824.319,572,824.319,961.98,0.0,824.319
2,349,216.049,608.25,824.299,572,824.299,975.56,0.0,824.299
2,350,214.322,609.992,824.314,572,824.314,921.171,0.0,824.314
2,351,214.989,609.435,824.424,572,824.424,949.753,0.0,824.424
2,352,217.019,607.481,824.5,572,824.5,913.795,0.0,824.5
2,353,214.449,610.297,824.746,572,824.746,973.638,0.0,824.746
2,354,215.496,609.954,825.45,572,825.45,972.328,0.0,825.45
2,355,217.917,608.742,826.659,572,826.659,942.039,0.0,826.659
2,356,216.126,609.831,825.957,572,825.957,975.619,0.0,825.957
2,357,215.386,610.562,825.948,572,825.948,966.006,0.0,825.948
2,358,218.29,608.384,826.674,572,826.674,923.841,0.0,826.674
2,359,214.312,610.695,825.007,572,825.007,979.149,0.0,825.007
2,360,216.156,609.71,825.866,572,825.866,909.998,0.0,825.866
2,361,216.388,609.894,826.282,572,826.282,922.099,0.0,826.282
2,362,217.276,609.944,827.22,572,827.22,946.557,0.0,827.22
2,363,216.067,609.454,825.521,572,825.521,938.772,0.0,825.521
2,364,216.465,609.393,825.858,572,825.858,945.627,0.0,825.858
2,365,216.717,608.138,824.855,572,824.855,923.931,0.0,824.855
2,366,214.318,610.458,824.776,572,824.776,934.746,0.0,824.776
2,367,214.475,610.385,824.86,572,824.86,919.773,0.0,824.86
2,368,213.789,610.052,823.841,572,823.841,915.122,0.0,823.841
2,369,213.178,610.665,823.843,572,823.843,952.613,0.0,823.843
2,370,213.11,610.781,823.891,572,823.891,904.235,0.0,823.891
2,371,214.4,609.619,824.019,572,824.019,919.242,0.0,824.019
2,372,214.492,609.589,824.081,572,824.081,968.04,0.0,824.081
2,373,216.147,607.885,824.032,572,824.032,972.309,0.0,824.032
2,374,215.781,608.295,824.076,572,824.076,990.377,0.0,824.076
2,375,215.719,608.42,824.139,572,824.139,931.43,0.0,824.139
2,376,213.903,610.284,824.187,572,824.187,903.885,0.0,824.187
2,377,215.415,608.967,824.382,572,824.382,987.635,0.0,824.382
2,378,216.159,607.975,824.134,572,824.134,969.17,0.0,824.134
2,379,215.94,608.302,824.242,572,824.242,976.921,0.0,824.242
2,380,216.753,607.497,824.25,572,824.25,975.909,0.0,824.25
2,381,214.53,609.672,824.202,572,824.202,977.001,0.0,824.202
2,382,214.432,609.896,824.328,572,824.328,975.96,0.0,824.328
2,383,213.815,610.614,824.429,572,824.429,972.254,0.0,824.429
2,384,216.79,608.531,825.321,572,825.321,924.763,0.0,825.321
2,385,215.751,610.1,825.851,572,825.851,967.341,0.0,825.851
2,386,217.214,608.526,825.74,572,825.74,899.664,0.0,825.74
2,387,218.442,607.996,826.438,572,826.438,939.699,0.0,826.438
2,388,214.673,610.517,825.19,572,825.19,904.979,0.0,825.19
2,389,216.34,610.127,826.467,572,826.467,923.763,0.0,826.467
2,390,216.714,609.836,826.55,572,826.55,932.684,0.0,826.55
2,391,214.788,610.215,825.003,572,825.003,956.874,0.0,825.003
2,392,215.822,610.017,825.839,572,825.839,994.519,0.0,825.839
2,393,216.998,608.705,825.703,572,825.703,926.837,0.0,825.703
2,394,217.141,607.717,824.858,572,824.858,950.902,0.0,824.858
2,395,215.093,609.527,824.62,572,824.62,958.245,0.0,824.62
2,396,214.774,609.249,824.023,572,824.023,947.477,0.0,824.023
2,397,214.597,609.414,824.011,572,824.011,915.116,0.0,824.011
2,398,216.422,607.688,824.11,572,824.11,944.818,0.0,824.11
2,399,215.541,608.65,824.191,572,824.191,913.099,0.0,824.191
2,400,216.843,607.521,824.364,572,824.364,938.882,0.0,824.364
2,401,216.55,607.666,824.216,572,824.216,924.905,0.0,824.216
2,402,214.548,609.695,824.243,572,824.243,929.505,0.0,824.243
2,403,216.713,607.629,824.342,572,824.342,925.497,0.0,824.342
2,404,215.835,608.535,824.37,572,824.37,911.345,0.0,824.37
2,405,213.21,610.752,823.962,572,823.962,914.937,0.0,823.962
2,406,215.331,609.702,825.033,572,825.033,902.915,0.0,825.033
2,407,216.545,609.032,825.577,572,825.577,980.796,0.0,825.577
2,408,217.591,608.987,826.578,572,826.578,961.934,0.0,826.578
2,409,215.414,610.664,826.078,572,826.078,948.553,0.0,826.078
2,410,213.689,610.82,824.509,572,824.509,908.003,0.0,824.509
2,411,215.097,610.646,825.743,572,825.743,934.441,0.0,825.743
2,412,218.994,608.384,827.378,572,827.378,976.864,0.0,827.378
2,413,215.353,610.809,826.162,572,826.162,933.712,0.0,826.162
2,414,217.882,608.47,826.352,572,826.352,995.037,0.0,826.352
2,415,217.4,608.461,825.861,572,825.861,996.293,0.0,825.861
2,416,218.601,608.099,826.7,572,826.7,968.626,0.0,826.7
2,417,217.542,607.756,825.298,572,825.298,938.525,0.0,825.298
2,418,215.98,609.81,825.79,572,825.79,922.266,0.0,825.79
2,419,214.472,610.825,825.297,572,825.297,907.659,0.0,825.297
2,420,215.021,610.535,825.556,572,825.556,956.479,0.0,825.556
2,421,214.228,610.066,824.294,572,824.294,998.647,0.0,824.294
2,422,215.399,609.303,824.702,572,824.702,922.114,0.0,824.702
2,423,218.327,607.89,826.217,572,826.217,908.692,0.0,826.217
2,424,220.088,607.822,827.91,572,827.91,911.484,0.0,827.91
2,425,220.913,608.534,829.447,572,829.447,917.656,0.0,829.447
2,426,222.687,609.89,832.577,572,832.577,932.367,0.0,832.577
2,427,223.089,610.371,833.46,572,833.46,959.249,0.0,833.46
2,428,229.974,610.024,839.998,572,839.998,958.754,0.0,839.998
2,429,225.129,608.382,833.511,572,833.511,901.568,0.0,833.511
2,430,224.901,608.492,833.393,572,833.393,920.594,0.0,833.393
2,431,223.553,610.204,833.757,572,833.757,943.097,0.0,833.757
2,432,222.623,610.14,832.763,572,832.763,985.569,0.0,832.763
2,433,223.426,609.748,833.174,572,833.174,989.847,0.0,833.174
2,434,224.979,608.453,833.432,572,833.432,904.472,0.0,833.432
2,435,218.288,608.666,826.954,572,826.954,942.449,0.0,826.954
2,436,219.989,608.395,828.384,572,828.384,931.409,0.0,828.384
2,437,221.724,609.984,831.708,572,831.708,967.936,0.0,831.708
2,438,222.155,609.203,831.358,572,831.358,970.465,0.0,831.358
2,439,217.469,609.239,826.708,572,826.708,925.152,0.0,826.708
2,440,220.14,607.948,828.088,572,828.088,929.251,0.0,828.088
2,441,222.511,609.043,831.554,572,831.554,971.511,0.0,831.554
2,442,223.888,609.441,833.329,572,833.329,977.278,0.0,833.329
2,443,223.243,608.996,832.239,572,832.239,900.115,0.0,832.239
2,444,223.638,609.993,833.631,572,833.631,928.264,0.0,833.631
2,445,228.709,608.365,837.074,572,837.074,990.876,0.0,837.074
2,446,226.327,609.659,835.986,572,835.986,969.352,0.0,835.986
2,447,227.547,608.212,835.759,572,835.759,999.503,0.0,835.759
2,448,226.927,607.46,834.387,572,834.387,968.745,0.0,834.387
2,449,225.474,609.424,834.898,572,834.898,910.408,0.0,834.898
2,450,217.967,608.897,826.864,572,826.864,907.826,0.0,826.864
2,451,219.907,608.507,828.414,572,828.414,995.172,0.0,828.414
2,452,219.8,609.35,829.15,572,829.15,928.93,0.0,829.15
2,453,222.749,607.692,830.441,572,830.441,924.006,0.0,830.441
2,454,219.105,608.488,827.593,572,827.593,954.387,0.0,827.593
2,455,217.855,610.413,828.268,572,828.268,993.912,0.0,828.268
2,456,220.478,610.108,830.586,572,830.586,987.656,0.0,830.586
2,457,221.687,610.373,832.06,572,832.06,990.409,0.0,832.06
2,458,224.376,608.06,832.436,572,832.436,981.666,0.0,832.436
2,459,223.186,608.179,831.365,572,831.365,992.577,0.0,831.365
2,460,228.924,607.804,836.728,572,836.728,995.551,0.0,836.728
2,461,222.868,610.288,833.156,572,833.156,991.434,0.0,833.156
2,462,217.876,608.187,826.063,572,826.063,981.879,0.0,826.063
2,463,219.673,609.397,829.07,572,829.07,927.427,0.0,829.07
2,464,222.289,608.962,831.251,572,831.251,936.615,0.0,831.251
2,465,219.96,610.219,830.179,572,830.179,965.903,0.0,830.179
2,466,223.042,609.644,832.686,572,832.686,945.122,0.0,832.686
2,467,221.856,607.469,829.325,572,829.325,958.428,0.0,829.325
2,468,220.575,609.384,829.959,572,829.959,926.27,0.0,829.959
2,469,220.673,609.241,829.914,572,829.914,920.631,0.0,829.914
2,470,222.508,607.987,830.495,572,830.495,985.271,0.0,830.495
2,471,220.128,607.623,827.751,572,827.751,990.442,0.0,827.751
2,472,218.267,610.692,828.959,572,828.959,985.163,0.0,828.959
2,473,222.976,609.487,832.463,572,832.463,954.481,0.0,832.463
2,474,223.166,608.343,831.509,572,831.509,925.676,0.0,831.509
2,475,223.712,608.743,832.455,572,832.455,954.383,0.0,832.455
2,476,229.237,609.988,839.225,572,839.225,961.086,0.0,839.225
2,477,222.667,610.765,833.432,572,833.432,972.374,0.0,833.432
2,478,217.49,609.312,826.802,572,826.802,945.209,0.0,826.802
2,479,220.057,607.596,827.653,572,827.653,925.171,0.0,827.653
2,480,222.134,607.504,829.638,572,829.638,921.757,0.0,829.638
2,481,224.511,607.635,832.146,572,832.146,955.335,0.0,832.146
2,482,223.446,608.734,832.18,572,832.18,961.371,0.0,832.18
2,483,216.81,610.771,827.581,572,827.581,991.532,0.0,827.581
2,484,220.72,609.471,830.191,572,830.191,990.158,0.0,830.191
2,485,222.903,607.734,830.637,572,830.637,978.525,0.0,830.637
2,486,222.492,608.148,830.64,572,830.64,986.96,0.0,830.64
2,487,219.461,607.549,827.01,572,827.01,937.842,0.0,827.01
2,488,220.833,607.637,828.47,572,828.47,923.959,0.0,828.47
2,489,223.204,610.761,833.965,572,833.965,961.214,0.0,833.965
2,490,220.643,610.114,830.757,572,830.757,963.974,0.0,830.757
2,491,216.443,610.573,827.016,572,827.016,991.744,0.0,827.016
2,492,217.687,610.817,828.504,572,828.504,921.544,0.0,828.504
2,493,218.072,610.638,828.71,572,828.71,984.802,0.0,828.71
2,494,221.722,608.817,830.539,572,830.539,946.108,0.0,830.539
2,495,219.622,609.907,829.529,572,829.529,962.344,0.0,829.529
2,496,221.481,608.726,830.207,572,830.207,949.177,0.0,830.207
2,497,222.685,607.546,830.231,572,830.231,968.837,0.0,830.231
2,498,217.552,610.432,827.984,572,827.984,985.543,0.0,827.984
2,499,219.831,610.175,830.006,572,830.006,977.479,0.0,830.006
2,500,219.474,609.476,828.95,572,828.95,987.083,0.0,828.95
2,501,216.851,610.312,827.163,572,827.163,986.86,0.0,827.163
2,502,222.556,607.84,830.396,572,830.396,996.256,0.0,830.396
2,503,222.001,607.825,829.826,572,829.826,968.887,0.0,829.826
2,504,219.376,609.291,828.667,572,828.667,984.198,0.0,828.667
2,505,222.841,607.898,830.739,572,830.739,988.344,0.0,830.739
2,506,220.218,609.816,830.034,572,830.034,994.029,0.0,830.034
2,507,221.959,608.714,830.673,572,830.673,950.378,0.0,830.673
2,508,221.671,608.219,829.89,572,829.89,920.737,0.0,829.89
2,509,217.08,610.363,827.443,572,827.443,950.306,0.0,827.443
2,510,221.194,608.096,829.29,572,829.29,955.896,0.0,829.29
2,511,219.596,608.435,828.031,572,828.031,938.02,0.0,828.031
2,512,221.946,607.514,829.46,572,829.46,936.064,0.0,829.46
2,513,216.816,610.618,827.434,572,827.434,969.521,0.0,827.434
2,514,221.06,608.442,829.502,572,829.502,935.283,0.0,829.502
2,515,220.626,608.587,829.213,572,829.213,973.803,0.0,829.213
2,516,217.834,610.432,828.266,572,828.266,939.475,0.0,828.266
2,517,220.865,609.129,829.994,572,829.994,933.38,0.0,829.994
2,518,218.503,609.81,828.313,572,828.313,939.428,0.0,828.313
2,519,220.134,610.431,830.565,572,830.565,915.87,0.0,830.565
2,520,219.776,609.959,829.735,572,829.735,910.486,0.0,829.735
2,521,217.943,610.321,828.264,572,828.264,928.099,0.0,828.264
2,522,219.294,610.469,829.763,572,829.763,914.906,0.0,829.763
2,523,219.611,610.339,829.95,572,829.95,963.514,0.0,829.95
2,524,219.237,608.595,827.832,572,827.832,944.5,0.0,827.832
2,525,219.943,609.926,829.869,572,829.869,960.569,0.0,829.869
2,526,221.611,608.747,830.358,572,830.358,975.82,0.0,830.358
2,527,219.988,607.916,827.904,572,827.904,932.53,0.0,827.904
2,528,222.089,608.066,830.155,572,830.155,985.557,0.0,830.155
2,529,217.782,610.648,828.43,572,828.43,983.696,0.0,828.43
2,530,221.571,607.66,829.231,572,829.231,985.021,0.0,829.231
2,531,219.016,609.028,828.044,572,828.044,970.577,0.0,828.044
2,532,219.154,608.583,827.737,572,827.737,935.448,0.0,827.737
2,533,218.778,609.594,828.372,572,828.372,948.806,0.0,828.372
2,534,221.229,608.29,829.519,572,829.519,988.979,0.0,829.519
2,535,219.947,608.859,828.806,572,828.806,947.059,0.0,828.806
2,536,217.623,609.839,827.462,572,827.462,980.702,0.0,827.462
2,537,221.835,608.111,829.946,572,829.946,978.501,0.0,829.946
2,538,219.539,607.954,827.493,572,827.493,978.25,0.0,827.493
2,539,218.336,610.838,829.174,572,829.174,921.508,0.0,829.174
2,540,218.86,609.865,828.725,572,828.725,985.638,0.0,828.725
2,541,222.952,608.418,831.37,572,831.37,974.821,0.0,831.37
2,542,222.015,607.724,829.739,572,829.739,945.267,0.0,829.739
2,543,220.641,610.785,831.426,572,831.426,932.483,0.0,831.426
2,544,221.435,609.928,831.363,572,831.363,985.181,0.0,831.363
2,545,224.477,607.552,832.029,572,832.029,945.436,0.0,832.029
2,546,217.482,610.548,828.03,572,828.03,948.901,0.0,828.03
2,547,219.032,610.852,829.884,572,829.884,899.01,0.0,829.884
2,548,219.861,610.464,830.325,572,830.325,944.056,0.0,830.325
2,549,220.507,610.539,831.046,572,831.046,964.186,0.0,831.046
2,550,222.058,608.88,830.938,572,830.938,965.176,0.0,830.938
2,551,221.905,609.191,831.096,572,831.096,971.08,0.0,831.096
2,552,216.918,609.962,826.88,572,826.88,970.911,0.0,826.88
2,553,230.098,608.464,838.562,572,838.562,972.619,0.0,838.562
2,554,242.324,608.24,850.564,572,850.564,939.44,0.0,850.564
2,555,250.996,609.793,860.789,572,860.789,915.912,0.0,860.789
2,556,265.423,607.655,873.078,572,873.078,935.737,0.0,873.078
2,557,259.522,608.297,867.819,572,867.819,977.146,0.0,867.819
2,558,242.129,610.158,852.287,572,852.287,987.667,0.0,852.287
2,559,239.364,609.921,849.285,572,849.285,944.862,0.0,849.285
2,560,239.676,610.354,850.03,572,850.03,982.823,0.0,850.03
2,561,247.223,609.321,856.544,572,856.544,905.568,0.0,856.544
2,562,238.436,608.589,847.025,572,847.025,933.108,0.0,847.025
2,563,241.894,608.104,849.998,572,849.998,945.488,0.0,849.998
2,564,235.271,608.349,843.62,572,843.62,949.161,0.0,843.62
2,565,236.943,608.563,845.506,572,845.506,963.354,0.0,845.506
2,566,234.402,609.48,843.882,572,843.882,917.752,0.0,843.882
2,567,238.193,607.526,845.719,572,845.719,915.325,0.0,845.719
2,568,238.375,608.192,846.567,572,846.567,924.758,0.0,846.567
2,569,242.06,608.325,850.385,572,850.385,902.492,0.0,850.385
2,570,234.482,610.739,845.221,572,845.221,962.518,0.0,845.221
2,571,234.378,610.257,844.635,572,844.635,910.644,0.0,844.635
2,572,237.244,609.642,846.886,572,846.886,977.022,0.0,846.886
2,573,240.682,607.527,848.209,572,848.209,940.73,0.0,848.209
2,574,240.919,609.708,850.627,572,850.627,977.835,0.0,850.627
2,575,239.297,608.521,847.818,572,847.818,919.123,0.0,847.818
2,576,245.013,608.906,853.919,572,853.919,928.791,0.0,853.919
2,577,246.751,610.141,856.892,572,856.892,933.99,0.0,856.892
2,578,255.026,609.326,864.352,572,864.352,955.519,0.0,864.352
2,579,227.969,607.945,835.914,572,835.914,982.651,0.0,835.914
2,580,223.415,610.573,833.988,572,833.988,998.107,0.0,833.988
2,581,228.512,607.452,835.964,572,835.964,905.465,0.0,835.964
2,582,227.237,610.667,837.904,572,837.904,952.554,0.0,837.904
2,583,224.04,610.386,834.426,572,834.426,964.304,0.0,834.426
2,584,225.492,608.771,834.263,572,834.263,980.213,0.0,834.263
2,585,228.306,608.973,837.279,572,837.279,933.753,0.0,837.279
2,586,229.151,607.765,836.916,572,836.916,994.494,0.0,836.916
2,587,223.899,610.633,834.532,572,834.532,937.635,0.0,834.532
2,588,226.284,608.893,835.177,572,835.177,973.234,0.0,835.177
2,589,227.496,609.271,836.767,572,836.767,915.277,0.0,836.767
2,590,227.48,607.73,835.21,572,835.21,908.239,0.0,835.21
2,591,257.665,607.828,865.493,572,865.493,894.666,0.0,865.493
2,592,260.438,609.958,870.396,572,870.396,958.488,0.0,870.396
2,593,250.205,609.117,859.322,572,859.322,980.859,0.0,859.322
2,594,254.749,608.247,862.996,572,862.996,967.083,0.0,862.996
2,595,251.268,608.153,859.421,572,859.421,922.887,0.0,859.421
2,596,257.246,609.252,866.498,572,866.498,903.828,0.0,866.498
2,597,252.037,610.12,862.157,572,862.157,928.948,0.0,862.157
2,598,254.561,609.695,864.256,572,864.256,929.764,0.0,864.256
2,599,254.661,610.234,864.895,572,864.895,930.965,0.0,864.895
2,600,245.067,609.932,854.999,572,854.999,928.152,0.0,854.999
2,601,254.209,608.282,862.491,572,862.491,969.43,0.0,862.491
2,602,262.887,607.954,870.841,572,870.841,899.457,0.0,870.841
2,603,278.373,610.069,888.442,572,888.442,952.862,0.0,888.442
2,604,264.199,610.698,874.897,572,874.897,982.172,0.0,874.897
2,605,268.912,610.242,879.154,572,879.154,936.64,0.0,879.154
2,606,271.285,609.12,880.405,572,880.405,945.877,0.0,880.405
2,607,272.997,610.604,883.601,572,883.601,976.787,0.0,883.601
2,608,279.79,607.975,887.765,572,887.765,964.675,0.0,887.765
2,609,275.722,609.102,884.824,572,884.824,892.455,0.0,884.824
2,610,272.654,608.844,881.498,572,881.498,961.371,0.0,881.498
2,611,248.536,608.046,856.582,572,856.582,965.149,0.0,856.582
2,612,253.767,609.647,863.414,572,863.414,919.644,0.0,863.414
2,613,250.02,610.439,860.459,572,860.459,901.013,0.0,860.459
2,614,257.741,608.598,866.339,572,866.339,913.269,0.0,866.339
2,615,260.992,609.731,870.723,572,870.723,939.343,0.0,870.723
2,616,265.357,608.543,873.9,572,873.9,923.868,0.0,873.9
2,617,277.016,608.017,885.033,572,885.033,980.146,0.0,885.033
2,618,281.634,609.428,891.062,572,891.062,898.089,0.0,891.062
2,619,294.599,609.548,904.147,572,904.147,911.332,0.0,904.147
2,620,290.433,607.684,898.117,572,898.117,947.67,0.0,898.117
2,621,302.015,609.869,911.884,572,911.884,916.696,0.0,911.884
2,622,310.335,608.26,918.595,572,918.595,925.637,0.0,918.595
2,623,300.669,610.708,911.377,572,911.377,918.561,0.0,911.377
2,624,322.046,609.16,931.206,572,931.206,938.326,0.0,931.206
2,625,240.249,610.088,850.337,572,850.337,897.595,0.0,850.337
2,626,247.234,608.377,855.611,572,855.611,951.909,0.0,855.611
2,627,248.637,607.541,856.178,572,856.178,951.53,0.0,856.178
2,628,247.34,609.767,857.107,572,857.107,904.472,0.0,857.107
2,629,246.056,608.565,854.621,572,854.621,961.559,0.0,854.621
2,630,247.774,609.328,857.102,572,857.102,900.22,0.0,857.102
2,631,250.706,608.494,859.2,572,859.2,929.033,0.0,859.2
2,632,251.944,609.377,861.321,572,861.321,902.323,0.0,861.321
2,633,252.896,609.814,862.71,572,862.71,994.252,0.0,862.71
2,634,259.32,607.48,866.8,572,866.8,982.419,0.0,866.8
2,635,242.851,608.111,850.962,572,850.962,951.539,0.0,850.962
2,636,250.171,608.5,858.671,572,858.671,947.542,0.0,858.671
2,637,251.48,610.66,862.14,572,862.14,908.974,0.0,862.14
2,638,248.44,610.532,858.972,572,858.972,980.361,0.0,858.972
2,639,254.532,608.312,862.844,572,862.844,918.47,0.0,862.844
2,640,251.912,609.888,861.8,572,861.8,899.599,0.0,861.8
2,641,261.558,608.559,870.117,572,870.117,902.29,0.0,870.117
2,642,267.461,608.248,875.709,572,875.709,955.724,0.0,875.709
2,643,252.146,610.789,862.935,572,862.935,923.871,0.0,862.935
2,644,245.01,610.146,855.156,572,855.156,989.702,0.0,855.156
2,645,253.682,610.657,864.339,572,864.339,917.662,0.0,864.339
2,646,259.391,609.043,868.434,572,868.434,940.676,0.0,868.434
2,647,245.321,610.283,855.604,572,855.604,942.061,0.0,855.604
2,648,250.054,610.673,860.727,572,860.727,990.717,0.0,860.727
2,649,248.443,609.386,857.829,572,857.829,963.286,0.0,857.829
2,650,264.687,610.507,875.194,572,875.194,974.266,0.0,875.194
2,651,268.711,609.787,878.498,572,878.498,958.432,0.0,878.498
2,652,257.437,610.568,868.005,572,868.005,915.962,0.0,868.005
2,653,255.202,610.511,865.713,572,865.713,984.991,0.0,865.713
2,654,261.061,610.075,871.136,572,871.136,962.885,0.0,871.136
2,655,263.843,610.592,874.435,572,874.435,980.283,0.0,874.435
2,656,264.057,610.376,874.433,572,874.433,923.33,0.0,874.433
2,657,262.132,609.007,871.139,572,871.139,908.042,0.0,871.139
2,658,245.421,607.869,853.29,572,853.29,987.423,0.0,853.29
2,659,269.406,610.683,880.089,572,880.089,945.398,0.0,880.089
2,660,280.69,610.393,891.083,572,891.083,896.034,0.0,891.083
2,661,277.952,609.136,887.088,572,887.088,952.236,0.0,887.088
2,662,291.697,608.607,900.304,572,900.304,907.462,0.0,900.304
2,663,281.491,608.005,889.496,572,889.496,972.558,0.0,889.496
2,664,297.328,610.178,907.506,572,907.506,914.683,0.0,907.506
2,665,274.896,607.969,882.865,572,882.865,981.525,0.0,882.865
2,666,275.33,608.971,884.301,572,884.301,982.223,0.0,884.301
2,667,271.796,609.878,881.674,572,881.674,973.657,0.0,881.674
2,668,278.083,609.394,887.477,572,887.477,894.563,0.0,887.477
2,669,248.586,610.22,858.806,572,858.806,942.178,0.0,858.806
2,670,305.47,609.262,914.732,572,914.732,921.894,0.0,914.732
2,671,269.689,608.615,878.304,572,878.304,973.955,0.0,878.304
2,672,275.951,608.168,884.119,572,884.119,973.756,0.0,884.119
2,673,275.059,610.566,885.625,572,885.625,943.289,0.0,885.625
2,674,304.926,610.626,915.552,572,915.552,920.521,0.0,915.552
2,675,268.478,610.827,879.305,572,879.305,931.46,0.0,879.305
2,676,285.497,609.652,895.149,572,895.149,977.33,0.0,895.149
2,677,296.648,608.85,905.498,572,905.498,910.446,0.0,905.498
2,678,300.754,609.726,910.48,572,910.48,915.521,0.0,910.48
2,679,277.514,608.198,885.712,572,885.712,932.636,0.0,885.712
2,680,266.891,609.87,876.761,572,876.761,990.495,0.0,876.761
2,681,283.906,608.024,891.93,572,891.93,899.217,0.0,891.93
2,682,293.164,610.559,903.723,572,903.723,910.901,0.0,903.723
2,683,310.154,608.01,918.164,572,918.164,925.346,0.0,918.164
2,684,302.307,608.634,910.941,572,910.941,918.125,0.0,910.941
2,685,273.131,610.065,883.196,572,883.196,951.41,0.0,883.196
2,686,278.456,610.169,888.625,572,888.625,951.812,0.0,888.625
2,687,314.843,609.964,924.807,572,924.807,931.95,0.0,924.807
2,688,323.766,610.714,934.48,572,934.48,941.608,0.0,934.48
2,689,258.588,608.636,867.224,572,867.224,993.507,0.0,867.224
2,690,266.302,607.762,874.064,572,874.064,989.197,0.0,874.064
2,691,277.602,609.037,886.639,572,886.639,990.687,0.0,886.639
2,692,280.742,613.814,894.556,572,894.556,946.682,0.0,894.556
2,693,266.264,610.475,876.739,572,876.739,933.314,0.0,876.739
2,694,282.324,603.759,886.083,572,886.083,990.593,0.0,886.083
2,695,266.544,610.471,877.015,572,877.015,952.326,0.0,877.015
2,696,285.501,609.335,894.836,572,894.836,944.981,0.0,894.836
2,697,279.391,610.586,889.977,572,889.977,978.829,0.0,889.977
2,698,365.205,610.6,975.805,572,975.805,982.149,0.0,975.805
2,699,341.318,618.803,960.121,572,960.121,965.01,0.0,960.121
3,0,215.321,544.964,760.285,572,760.285,902.56,0.5,760.285
3,1,215.353,545.02,760.373,572,760.373,907.541,0.5,760.373
3,2,217.097,543.226,760.323,572,760.323,921.64,0.5,760.323
3,3,216.253,544.177,760.43,572,760.43,870.307,0.5,760.43
3,4,214.724,545.797,760.521,572,760.521,895.08,0.5,760.521
3,5,217.255,543.283,760.538,572,760.538,901.44,0.5,760.538
3,6,215.554,544.836,760.39,572,760.39,853.256,0.5,760.39
3,7,217.594,542.759,760.353,572,760.353,912.153,0.5,760.353
3,8,215.015,545.38,760.395,572,760.395,856.558,0.5,760.395
3,9,215.327,545.099,760.426,572,760.426,873.821,0.5,760.426
3,10,330.757,543.543,874.3,572,874.3,879.746,0.5,874.3
3,11,217.189,543.255,760.444,572,760.444,904.875,0.5,760.444
3,12,214.217,546.214,760.431,572,760.431,909.831,0.5,760.431
3,13,215.497,544.903,760.4,572,760.4,872.907,0.5,760.4
3,14,215.659,544.615,760.274,572,760.274,874.95,0.5,760.274
3,15,261.846,546.357,808.203,572,808.203,912.809,0.5,808.203
3,16,215.282,545.027,760.309,572,760.309,893.748,0.5,760.309
3,17,216.7,543.691,760.391,572,760.391,855.436,0.5,760.391
3,18,216.785,543.603,760.388,572,760.388,859.282,0.5,760.388
3,19,215.913,544.426,760.339,572,760.339,895.31,0.5,760.339
3,20,214.885,545.43,760.315,572,760.315,898.49,0.5,760.315
3,21,214.669,545.592,760.261,572,760.261,895.505,0.5,760.261
3,22,303.819,546.407,850.226,572,850.226,889.833,0.5,850.226
3,23,329.921,542.965,872.886,572,872.886,877.693,0.5,872.886
3,24,279.545,543.659,823.204,572,823.204,910.077,0.5,823.204
3,25,334.085,543.236,877.321,572,877.321,884.422,0.5,877.321
3,26,288.321,545.657,833.978,572,833.978,908.654,0.5,833.978
3,27,323.5,544.379,867.879,572,867.879,875.001,0.5,867.879
3,28,340.904,544.116,885.02,572,885.02,892.067,0.5,885.02
3,29,330.723,545.909,876.632,572,876.632,881.667,0.5,876.632
3,30,319.533,544.477,864.01,572,864.01,868.895,0.5,864.01
3,31,335.829,545.88,881.709,572,881.709,886.888,0.5,881.709
3,32,279.592,544.159,823.751,572,823.751,919.561,0.5,823.751
3,33,338.247,546.232,884.479,572,884.479,891.569,0.5,884.479
3,34,333.468,545.374,878.842,572,878.842,883.72,0.5,878.842
3,35,349.162,543.608,892.77,572,892.77,897.698,0.5,892.77
3,36,285.141,543.268,828.409,572,828.409,920.922,0.5,828.409
3,37,283.01,544.058,827.068,572,827.068,902.768,0.5,827.068
3,38,290.739,544.177,834.916,572,834.916,911.82,0.5,834.916
3,39,309.392,544.855,854.247,572,854.247,859.293,0.5,854.247
3,40,281.867,543.934,825.801,572,825.801,908.536,0.5,825.801
3,41,295.832,545.867,841.699,572,841.699,907.037,0.5,841.699
3,42,293.007,543.885,836.892,572,836.892,901.028,0.5,836.892
3,43,294.93,543.589,838.519,572,838.519,898.476,0.5,838.519
3,44,304.533,546.304,850.837,572,850.837,858.231,0.5,850.837
3,45,297.474,545.969,843.443,572,843.443,874.685,0.5,843.443
3,46,311.512,545.27,856.782,572,856.782,861.733,0.5,856.782
3,47,367.869,544.925,912.794,572,912.794,917.757,0.5,912.794
3,48,343.653,544.324,887.977,572,887.977,893.743,0.5,887.977
3,49,354.45,544.808,899.258,572,899.258,905.643,0.5,899.258
3,50,381.016,543.209,924.225,572,924.225,929.28,0.5,924.225
3,51,381.199,545.141,926.34,572,926.34,931.32,0.5,926.34
3,52,371.591,544.178,915.769,572,915.769,922.517,0.5,915.769
3,53,360.454,543.313,903.767,572,903.767,908.656,0.5,903.767
3,54,351.819,544.974,896.793,572,896.793,901.704,0.5,896.793
3,55,348.201,544.974,893.175,572,893.175,898.267,0.5,893.175
3,56,335.924,544.461,880.385,572,880.385,885.285,0.5,880.385
3,57,362.228,543.373,905.601,572,905.601,910.667,0.5,905.601
3,58,349.717,545.47,895.187,572,895.187,900.129,0.5,895.187
3,59,361.975,545.675,907.65,572,907.65,912.542,0.5,907.65
3,60,367.38,544.23,911.61,572,911.61,917.409,0.5,911.61
3,61,343.414,544.447,887.861,572,887.861,893.888,0.5,887.861
3,62,360.622,544.295,904.917,572,904.917,909.819,0.5,904.917
3,63,364.52,545.958,910.478,572,910.478,915.422,0.5,910.478
3,64,357.662,545.508,903.17,572,903.17,909.679,0.5,903.17
3,65,365.15,544.573,909.723,572,909.723,914.912,0.5,909.723
3,66,370.923,544.079,915.002,572,915.002,920.066,0.5,915.002
3,67,342.154,545.319,887.473,572,887.473,892.323,0.5,887.473
3,68,356.144,543.444,899.588,572,899.588,904.444,0.5,899.588
3,69,358.899,545.577,904.476,572,904.476,909.493,0.5,904.476
3,70,367.187,543.349,910.536,572,910.536,915.489,0.5,910.536
3,71,378.083,543.161,921.244,572,921.244,926.075,0.5,921.244
3,72,369.938,545.585,915.523,572,915.523,920.38,0.5,915.523
3,73,384.816,543.342,928.158,572,928.158,933.068,0.5,928.158
3,74,384.29,543.552,927.842,572,927.842,932.818,0.5,927.842
3,75,384.731,543.28,928.011,572,928.011,933.246,0.5,928.011
3,76,382.691,544.948,927.639,572,927.639,932.537,0.5,927.639
3,77,382.653,544.775,927.428,572,927.428,932.467,0.5,927.428
3,78,382.021,545.424,927.445,572,927.445,932.512,0.5,927.445
3,79,383.062,544.589,927.651,572,927.651,933.07,0.5,927.651
3,80,383.291,544.511,927.802,572,927.802,933.004,0.5,927.802
3,81,378.463,546.259,924.722,572,924.722,929.57,0.5,924.722
3,82,376.975,545.955,922.93,572,922.93,927.988,0.5,922.93
3,83,379.309,544.197,923.506,572,923.506,932.358,0.5,923.506
3,84,380.112,543.277,923.389,572,923.389,930.092,0.5,923.389
3,85,382.017,544.468,926.485,572,926.485,931.822,0.5,926.485
3,86,380.354,543.549,923.903,572,923.903,930.446,0.5,923.903
3,87,371.693,544.663,916.356,572,916.356,921.208,0.5,916.356
3,88,377.334,544.966,922.3,572,922.3,927.374,0.5,922.3
3,89,377.275,544.822,922.097,572,922.097,927.382,0.5,922.097
3,90,378.328,542.795,921.123,572,921.123,926.136,0.5,921.123
3,91,371.367,546.065,917.432,572,917.432,922.889,0.5,917.432
3,92,380.001,543.194,923.195,572,923.195,928.124,0.5,923.195
3,93,377.344,545.018,922.362,572,922.362,927.582,0.5,922.362
3,94,319.624,543.258,862.882,572,862.882,868.367,0.5,862.882
3,95,337.129,546.348,883.477,572,883.477,888.542,0.5,883.477
3,96,379.928,544.508,924.436,572,924.436,929.377,0.5,924.436
3,97,359.629,543.605,903.234,572,903.234,908.145,0.5,903.234
3,98,368.022,545.22,913.242,572,913.242,918.082,0.5,913.242
3,99,379.729,543.209,922.938,572,922.938,927.8,0.5,922.938
3,100,347.893,544.453,892.346,572,892.346,897.235,0.5,892.346
3,101,337.733,545.001,882.734,572,882.734,887.887,0.5,882.734
3,102,371.056,546.202,917.258,572,917.258,922.892,0.5,917.258
3,103,370.652,545.464,916.116,572,916.116,921.079,0.5,916.116
3,104,342.696,544.227,886.923,572,886.923,891.998,0.5,886.923
3,105,327.659,546.276,873.935,572,873.935,878.805,0.5,873.935
3,106,342.568,544.305,886.873,572,886.873,891.794,0.5,886.873
3,107,351.715,543.186,894.901,572,894.901,899.761,0.5,894.901
3,108,280.338,543.174,823.512,572,823.512,894.858,0.5,823.512
3,109,287.979,545.014,832.993,572,832.993,870.779,0.5,832.993
3,110,279.751,545.207,824.958,572,824.958,903.954,0.5,824.958
3,111,304.47,545.917,850.387,572,850.387,857.533,0.5,850.387
3,112,286.178,544.549,830.727,572,830.727,901.167,0.5,830.727
3,113,295.852,544.279,840.131,572,840.131,913.204,0.5,840.131
3,114,318.262,543.252,861.514,572,861.514,866.401,0.5,861.514
3,115,297.493,543.975,841.468,572,841.468,916.37,0.5,841.468
3,116,303.141,543.287,846.428,572,846.428,853.556,0.5,846.428
3,117,283.281,545.587,828.868,572,828.868,905.156,0.5,828.868
3,118,286.985,544.905,831.89,572,831.89,880.359,0.5,831.89
3,119,302.834,544.685,847.519,572,847.519,854.626,0.5,847.519
3,120,302.97,542.975,845.945,572,845.945,853.031,0.5,845.945
3,121,273.163,545.005,818.168,572,818.168,846.931,0.5,818.168
3,122,368.983,545.984,914.967,572,914.967,920.154,0.5,914.967
3,123,324.572,544.754,869.326,572,869.326,874.186,0.5,869.326
3,124,349.404,545.912,895.316,572,895.316,900.4,0.5,895.316
3,125,364.479,544.597,909.076,572,909.076,914.768,0.5,909.076
3,126,381.133,545.764,926.897,572,926.897,931.768,0.5,926.897
3,127,340.648,544.742,885.39,572,885.39,890.442,0.5,885.39
3,128,368.941,543.457,912.398,572,912.398,917.332,0.5,912.398
3,129,345.45,545.685,891.135,572,891.135,898.223,0.5,891.135
3,130,354.062,543.848,897.91,572,897.91,904.978,0.5,897.91
3,131,326.545,545.6,872.145,572,872.145,876.958,0.5,872.145
3,132,383.284,543.721,927.005,572,927.005,931.871,0.5,927.005
3,133,379.28,544.959,924.239,572,924.239,929.148,0.5,924.239
3,134,375.087,544.239,919.326,572,919.326,924.203,0.5,919.326
3,135,376.927,545.635,922.562,572,922.562,927.67,0.5,922.562
3,136,376.126,544.918,921.044,572,921.044,926.432,0.5,921.044
3,137,374.201,544.071,918.272,572,918.272,923.145,0.5,918.272
3,138,308.054,543.343,851.397,572,851.397,858.378,0.5,851.397
3,139,378.638,544.307,922.945,572,922.945,928.282,0.5,922.945
3,140,333.098,545.029,878.127,572,878.127,883.419,0.5,878.127
3,141,353.292,544.625,897.917,572,897.917,902.779,0.5,897.917
3,142,369.371,544.894,914.265,572,914.265,919.202,0.5,914.265
3,143,325.7,545.743,871.443,572,871.443,877.286,0.5,871.443
3,144,215.478,545.015,760.493,572,760.493,871.102,0.5,760.493
3,145,354.417,542.852,897.269,572,897.269,903.023,0.5,897.269
3,146,367.109,544.763,911.872,572,911.872,916.992,0.5,911.872
3,147,216.985,543.36,760.345,572,760.345,910.502,0.5,760.345
3,148,214.676,545.873,760.549,572,760.549,880.416,0.5,760.549
3,149,214.197,546.275,760.472,572,760.472,854.872,0.5,760.472
3,150,215.695,544.655,760.35,572,760.35,865.351,0.5,760.35
3,151,215.703,544.856,760.559,572,760.559,851.546,0.5,760.559
3,152,217.323,543.228,760.551,572,760.551,873.844,0.5,760.551
3,153,216.591,543.758,760.349,572,760.349,847.92,0.5,760.349
3,154,367.164,543.45,910.614,572,910.614,915.613,0.5,910.614
3,155,379.963,543.037,923.0,572,923.0,927.956,0.5,923.0
3,156,215.175,545.154,760.329,572,760.329,860.352,0.5,760.329
3,157,215.159,545.206,760.365,572,760.365,871.443,0.5,760.365
3,158,214.134,546.335,760.469,572,760.469,893.168,0.5,760.469
3,159,217.258,543.286,760.544,572,760.544,847.47,0.5,760.544
3,160,217.394,543.162,760.556,572,760.556,846.73,0.5,760.556
3,161,216.531,543.864,760.395,572,760.395,905.568,0.5,760.395
3,162,217.247,543.216,760.463,572,760.463,920.554,0.5,760.463
3,163,215.864,544.605,760.469,572,760.469,857.027,0.5,760.469
3,164,215.007,545.588,760.595,572,760.595,882.546,0.5,760.595
3,165,214.793,545.819,760.612,572,760.612,889.054,0.5,760.612
3,166,215.674,544.833,760.507,572,760.507,880.332,0.5,760.507
3,167,215.628,544.771,760.399,572,760.399,912.292,0.5,760.399
3,168,216.083,544.515,760.598,572,760.598,892.01,0.5,760.598
3,169,215.298,545.492,760.79,572,760.79,859.395,0.5,760.79
3,170,216.163,544.45,760.613,572,760.613,863.044,0.5,760.613
3,171,215.303,545.283,760.586,572,760.586,908.582,0.5,760.586
3,172,214.223,546.352,760.575,572,760.575,920.44,0.5,760.575
3,173,215.937,544.736,760.673,572,760.673,928.424,0.5,760.673
3,174,216.339,544.415,760.754,572,760.754,858.211,0.5,760.754
3,175,214.546,546.109,760.655,572,760.655,917.202,0.5,760.655
3,176,217.515,543.244,760.759,572,760.759,873.574,0.5,760.759
3,177,216.612,544.081,760.693,572,760.693,877.273,0.5,760.693
3,178,215.937,544.899,760.836,572,760.836,881.153,0.5,760.836
3,179,217.647,543.124,760.771,572,760.771,871.582,0.5,760.771
3,180,216.264,544.39,760.654,572,760.654,854.322,0.5,760.654
3,181,217.311,543.381,760.692,572,760.692,860.924,0.5,760.692
3,182,216.676,544.022,760.698,572,760.698,912.37,0.5,760.698
3,183,214.702,546.073,760.775,572,760.775,877.284,0.5,760.775
3,184,217.453,543.706,761.159,572,761.159,923.338,0.5,761.159
3,185,215.062,546.147,761.209,572,761.209,869.578,0.5,761.209
3,186,216.889,544.043,760.932,572,760.932,852.835,0.5,760.932
3,187,217.245,543.711,760.956,572,760.956,885.043,0.5,760.956
3,188,218.148,542.772,760.92,572,760.92,856.474,0.5,760.92
3,189,216.916,544.204,761.12,572,761.12,853.245,0.5,761.12
3,190,217.635,543.266,760.901,572,760.901,866.32,0.5,760.901
3,191,216.347,544.546,760.893,572,760.893,869.968,0.5,760.893
3,192,214.976,545.516,760.492,572,760.492,905.358,0.5,760.492
3,193,217.221,543.557,760.778,572,760.778,868.098,0.5,760.778
3,194,217.431,543.331,760.762,572,760.762,896.33,0.5,760.762
3,195,217.777,542.952,760.729,572,760.729,860.721,0.5,760.729
3,196,216.813,544.031,760.844,572,760.844,916.123,0.5,760.844
3,197,216.677,543.987,760.664,572,760.664,886.689,0.5,760.664
3,198,216.449,544.396,760.845,572,760.845,853.926,0.5,760.845
3,199,217.927,542.929,760.856,572,760.856,887.294,0.5,760.856
3,200,215.612,545.067,760.679,572,760.679,848.867,0.5,760.679
3,201,215.247,545.557,760.804,572,760.804,896.983,0.5,760.804
3,202,215.552,545.267,760.819,572,760.819,894.394,0.5,760.819
3,203,214.79,545.996,760.786,572,760.786,903.13,0.5,760.786
3,204,215.17,545.413,760.583,572,760.583,913.981,0.5,760.583
3,205,214.609,545.997,760.606,572,760.606,914.197,0.5,760.606
3,206,215.002,545.609,760.611,572,760.611,919.292,0.5,760.611
3,207,216.488,544.162,760.65,572,760.65,851.13,0.5,760.65
3,208,217.196,543.269,760.465,572,760.465,903.193,0.5,760.465
3,209,216.243,544.283,760.526,572,760.526,851.606,0.5,760.526
3,210,215.499,545.057,760.556,572,760.556,863.823,0.5,760.556
3,211,214.712,545.804,760.516,572,760.516,918.591,0.5,760.516
3,212,215.829,544.668,760.497,572,760.497,869.627,0.5,760.497
3,213,215.042,545.438,760.48,572,760.48,872.867,0.5,760.48
3,214,215.441,545.092,760.533,572,760.533,922.962,0.5,760.533
3,215,215.472,544.963,760.435,572,760.435,926.762,0.5,760.435
3,216,215.957,544.337,760.294,572,760.294,899.036,0.5,760.294
3,217,215.348,545.166,760.514,572,760.514,850.784,0.5,760.514
3,218,215.189,545.276,760.465,572,760.465,884.857,0.5,760.465
3,219,216.47,543.818,760.288,572,760.288,904.29,0.5,760.288
3,220,214.595,546.12,760.715,572,760.715,894.784,0.5,760.715
3,221,217.103,543.288,760.391,572,760.391,881.616,0.5,760.391
3,222,214.117,546.398,760.515,572,760.515,911.92,0.5,760.515
3,223,217.805,543.214,761.019,572,761.019,900.814,0.5,761.019
3,224,217.676,543.236,760.912,572,760.912,852.465,0.5,760.912
3,225,217.152,543.855,761.007,572,761.007,886.126,0.5,761.007
3,226,216.577,544.496,761.073,572,761.073,914.311,0.5,761.073
3,227,218.202,542.902,761.104,572,761.104,887.944,0.5,761.104
3,228,217.422,543.748,761.17,572,761.17,912.348,0.5,761.17
3,229,216.486,544.484,760.97,572,760.97,909.409,0.5,760.97
3,230,217.757,543.197,760.954,572,760.954,863.462,0.5,760.954
3,231,215.198,545.814,761.012,572,761.012,877.205,0.5,761.012
3,232,216.058,544.867,760.925,572,760.925,882.232,0.5,760.925
3,233,215.514,545.505,761.019,572,761.019,919.313,0.5,761.019
3,234,215.11,545.234,760.344,572,760.344,924.176,0.5,760.344
3,235,215.574,545.625,761.199,572,761.199,872.208,0.5,761.199
3,236,216.956,544.372,761.328,572,761.328,902.064,0.5,761.328
3,237,217.632,543.76,761.392,572,761.392,875.47,0.5,761.392
3,238,214.957,546.281,761.238,572,761.238,886.733,0.5,761.238
3,239,216.858,544.403,761.261,572,761.261,886.668,0.5,761.261
3,240,216.899,544.057,760.956,572,760.956,870.477,0.5,760.956
3,241,216.914,544.192,761.106,572,761.106,884.98,0.5,761.106
3,242,215.021,546.11,761.131,572,761.131,910.332,0.5,761.131
3,243,215.651,545.52,761.171,572,761.171,866.298,0.5,761.171
3,244,214.868,546.258,761.126,572,761.126,883.736,0.5,761.126
3,245,215.6,545.285,760.885,572,760.885,849.227,0.5,760.885
3,246,214.988,545.568,760.556,572,760.556,882.827,0.5,760.556
3,247,216.37,545.349,761.719,572,761.719,878.16,0.5,761.719
3,248,215.014,545.484,760.498,572,760.498,868.16,0.5,760.498
3,249,216.927,543.503,760.43,572,760.43,867.288,0.5,760.43
3,250,217.081,543.393,760.474,572,760.474,853.854,0.5,760.474
3,251,217.567,544.023,761.59,572,761.59,850.34,0.5,761.59
3,252,215.448,545.983,761.431,572,761.431,858.388,0.5,761.431
3,253,216.341,545.159,761.5,572,761.5,915.493,0.5,761.5
3,254,218.017,543.306,761.323,572,761.323,864.383,0.5,761.323
3,255,217.193,543.796,760.989,572,760.989,872.569,0.5,760.989
3,256,217.667,543.457,761.124,572,761.124,867.402,0.5,761.124
3,257,216.971,544.082,761.053,572,761.053,918.764,0.5,761.053
3,258,215.28,545.857,761.137,572,761.137,922.038,0.5,761.137
3,259,216.5,544.46,760.96,572,760.96,869.903,0.5,760.96
3,260,216.398,544.524,760.922,572,760.922,859.582,0.5,760.922
3,261,217.263,543.27,760.533,572,760.533,861.568,0.5,760.533
3,262,215.968,544.749,760.717,572,760.717,921.74,0.5,760.717
3,263,214.347,546.304,760.651,572,760.651,863.002,0.5,760.651
3,264,216.655,544.191,760.846,572,760.846,861.71,0.5,760.846
3,265,216.334,544.345,760.679,572,760.679,915.9,0.5,760.679
3,266,217.443,543.358,760.801,572,760.801,873.116,0.5,760.801
3,267,216.037,544.603,760.64,572,760.64,914.301,0.5,760.64
3,268,215.481,545.095,760.576,572,760.576,872.522,0.5,760.576
3,269,215.872,544.591,760.463,572,760.463,868.574,0.5,760.463
3,270,213.829,546.388,760.217,572,760.217,910.215,0.5,760.217
3,271,218.53,542.839,761.369,572,761.369,871.402,0.5,761.369
3,272,217.119,544.041,761.16,572,761.16,878.685,0.5,761.16
3,273,217.812,543.222,761.034,572,761.034,919.53,0.5,761.034
3,274,216.327,544.555,760.882,572,760.882,888.639,0.5,760.882
3,275,215.546,545.242,760.788,572,760.788,909.584,0.5,760.788
3,276,217.004,543.251,760.255,572,760.255,864.166,0.5,760.255
3,277,216.667,543.697,760.364,572,760.364,911.926,0.5,760.364
3,278,214.124,546.35,760.474,572,760.474,915.722,0.5,760.474
3,279,215.188,545.294,760.482,572,760.482,881.723,0.5,760.482
3,280,215.842,545.812,761.654,572,761.654,891.354,0.5,761.654
3,281,216.382,543.877,760.259,572,760.259,917.188,0.5,760.259
3,282,216.504,544.927,761.431,572,761.431,921.502,0.5,761.431
3,283,218.273,543.276,761.549,572,761.549,904.209,0.5,761.549
3,284,216.952,543.949,760.901,572,760.901,903.734,0.5,760.901
3,285,215.488,545.33,760.818,572,760.818,917.391,0.5,760.818
3,286,218.406,543.257,761.663,572,761.663,913.03,0.5,761.663
3,287,217.553,543.246,760.799,572,760.799,906.264,0.5,760.799
3,288,216.247,544.183,760.43,572,760.43,897.686,0.5,760.43
3,289,215.94,545.715,761.655,572,761.655,871.238,0.5,761.655
3,290,218.266,543.185,761.451,572,761.451,925.887,0.5,761.451
3,291,215.352,545.186,760.538,572,760.538,899.178,0.5,760.538
3,292,217.567,542.939,760.506,572,760.506,901.506,0.5,760.506
3,293,215.498,545.803,761.301,572,761.301,857.451,0.5,761.301
3,294,216.847,543.8,760.647,572,760.647,891.101,0.5,760.647
3,295,217.084,544.248,761.332,572,761.332,890.833,0.5,761.332
3,296,215.286,546.001,761.287,572,761.287,889.343,0.5,761.287
3,297,218.213,543.276,761.489,572,761.489,928.723,0.5,761.489
3,298,217.413,543.863,761.276,572,761.276,879.591,0.5,761.276
3,299,218.335,543.204,761.539,572,761.539,855.709,0.5,761.539
3,300,215.974,544.442,760.416,572,760.416,915.255,0.5,760.416
3,301,215.123,546.051,761.174,572,761.174,922.589,0.5,761.174
3,302,217.235,543.274,760.509,572,760.509,903.194,0.5,760.509
3,303,218.439,542.826,761.265,572,761.265,850.053,0.5,761.265
3,304,217.955,543.497,761.452,572,761.452,851.076,0.5,761.452
3,305,216.876,544.141,761.017,572,761.017,918.775,0.5,761.017
3,306,217.482,544.265,761.747,572,761.747,875.005,0.5,761.747
3,307,216.163,545.188,761.351,572,761.351,914.226,0.5,761.351
3,308,216.055,544.54,760.595,572,760.595,861.536,0.5,760.595
3,309,218.183,543.561,761.744,572,761.744,879.038,0.5,761.744
3,310,216.175,544.702,760.877,572,760.877,874.268,0.5,760.877
3,311,216.858,543.789,760.647,572,760.647,857.237,0.5,760.647
3,312,216.786,543.773,760.559,572,760.559,916.071,0.5,760.559
3,313,216.159,544.696,760.855,572,760.855,911.388,0.5,760.855
3,314,214.426,546.146,760.572,572,760.572,898.147,0.5,760.572
3,315,216.115,544.319,760.434,572,760.434,869.209,0.5,760.434
3,316,217.105,543.487,760.592,572,760.592,894.864,0.5,760.592
3,317,214.924,545.701,760.625,572,760.625,875.892,0.5,760.625
3,318,216.872,543.673,760.545,572,760.545,860.207,0.5,760.545
3,319,215.152,545.492,760.644,572,760.644,908.899,0.5,760.644
3,320,215.919,544.661,760.58,572,760.58,865.654,0.5,760.58
3,321,214.608,545.893,760.501,572,760.501,895.271,0.5,760.501
3,322,214.466,546.252,760.718,572,760.718,867.835,0.5,760.718
3,323,216.844,543.951,760.795,572,760.795,897.469,0.5,760.795
3,324,214.863,545.733,760.596,572,760.596,914.936,0.5,760.596
3,325,216.787,544.0,760.787,572,760.787,894.436,0.5,760.787
3,326,215.623,544.974,760.597,572,760.597,886.827,0.5,760.597
3,327,214.582,546.271,760.853,572,760.853,906.351,0.5,760.853
3,328,216.673,543.928,760.601,572,760.601,903.662,0.5,760.601
3,329,215.1,545.655,760.755,572,760.755,894.656,0.5,760.755
3,330,214.414,546.261,760.675,572,760.675,909.437,0.5,760.675
3,331,215.588,545.151,760.739,572,760.739,891.372,0.5,760.739
3,332,216.04,544.65,760.69,572,760.69,886.363,0.5,760.69
3,333,216.106,544.602,760.708,572,760.708,858.811,0.5,760.708
3,334,215.148,545.73,760.878,572,760.878,879.12,0.5,760.878
3,335,216.931,544.054,760.985,572,760.985,909.014,0.5,760.985
3,336,217.678,543.389,761.067,572,761.067,905.364,0.5,761.067
3,337,217.207,543.69,760.897,572,760.897,856.953,0.5,760.897
3,338,215.063,546.033,761.096,572,761.096,885.421,0.5,761.096
3,339,215.731,545.197,760.928,572,760.928,915.311,0.5,760.928
3,340,217.767,543.236,761.003,572,761.003,897.857,0.5,761.003
3,341,217.961,543.202,761.163,572,761.163,907.082,0.5,761.163
3,342,217.692,543.292,760.984,572,760.984,886.513,0.5,760.984
3,343,214.993,546.153,761.146,572,761.146,853.434,0.5,761.146
3,344,215.164,546.043,761.207,572,761.207,893.127,0.5,761.207
3,345,215.683,545.361,761.044,572,761.044,868.65,0.5,761.044
3,346,217.249,544.169,761.418,572,761.418,849.6,0.5,761.418
3,347,215.037,546.217,761.254,572,761.254,908.909,0.5,761.254
3,348,216.98,544.294,761.274,572,761.274,900.163,0.5,761.274
3,349,217.705,543.597,761.302,572,761.302,919.326,0.5,761.302
3,350,214.927,545.456,760.383,572,760.383,866.24,0.5,760.383
3,351,215.766,544.844,760.61,572,760.61,922.853,0.5,760.61
3,352,217.688,542.879,760.567,572,760.567,903.253,0.5,760.567
3,353,215.671,545.795,761.466,572,761.466,928.786,0.5,761.466
3,354,215.341,545.381,760.722,572,760.722,862.84,0.5,760.722
3,355,216.569,544.13,760.699,572,760.699,895.327,0.5,760.699
3,356,216.235,545.242,761.477,572,761.477,899.217,0.5,761.477
3,357,215.246,546.028,761.274,572,761.274,859.012,0.5,761.274
3,358,217.021,543.735,760.756,572,760.756,922.433,0.5,760.756
3,359,214.32,546.228,760.548,572,760.548,869.545,0.5,760.548
3,360,215.591,545.125,760.716,572,760.716,889.655,0.5,760.716
3,361,215.524,545.329,760.853,572,760.853,923.734,0.5,760.853
3,362,215.339,545.407,760.746,572,760.746,864.559,0.5,760.746
3,363,215.889,544.871,760.76,572,760.76,859.596,0.5,760.76
3,364,215.979,544.812,760.791,572,760.791,872.814,0.5,760.791
3,365,217.373,543.48,760.853,572,760.853,886.901,0.5,760.853
3,366,214.952,545.94,760.892,572,760.892,860.724,0.5,760.892
3,367,215.023,545.852,760.875,572,760.875,927.203,0.5,760.875
3,368,215.406,545.515,760.921,572,760.921,923.137,0.5,760.921
3,369,214.759,546.175,760.934,572,760.934,922.236,0.5,760.934
3,370,214.617,546.335,760.952,572,760.952,920.166,0.5,760.952
3,371,215.921,545.041,760.962,572,760.962,924.791,0.5,760.962
3,372,215.984,545.009,760.993,572,760.993,861.946,0.5,760.993
3,373,217.778,543.186,760.964,572,760.964,922.303,0.5,760.964
3,374,217.395,543.657,761.052,572,761.052,910.565,0.5,761.052
3,375,217.286,543.768,761.054,572,761.054,908.159,0.5,761.054
3,376,215.378,545.785,761.163,572,761.163,867.835,0.5,761.163
3,377,216.801,544.336,761.137,572,761.137,882.689,0.5,761.137
3,378,217.841,543.329,761.17,572,761.17,877.773,0.5,761.17
3,379,217.218,543.671,760.889,572,760.889,887.348,0.5,760.889
3,380,218.399,542.892,761.291,572,761.291,896.762,0.5,761.291
3,381,216.223,545.082,761.305,572,761.305,861.765,0.5,761.305
3,382,215.936,545.336,761.272,572,761.272,897.693,0.5,761.272
3,383,215.349,546.107,761.456,572,761.456,859.288,0.5,761.456
3,384,217.619,543.883,761.502,572,761.502,864.184,0.5,761.502
3,385,215.859,545.586,761.445,572,761.445,867.16,0.5,761.445
3,386,217.583,543.875,761.458,572,761.458,873.419,0.5,761.458
3,387,217.938,543.304,761.242,572,761.242,863.037,0.5,761.242
3,388,215.555,546.003,761.558,572,761.558,899.569,0.5,761.558
3,389,215.996,545.63,761.626,572,761.626,896.859,0.5,761.626
3,390,216.436,545.277,761.713,572,761.713,907.989,0.5,761.713
3,391,215.898,545.708,761.606,572,761.606,924.386,0.5,761.606
3,392,216.087,545.502,761.589,572,761.589,922.9,0.5,761.589
3,393,216.496,544.098,760.594,572,760.594,891.211,0.5,760.594
3,394,217.397,543.247,760.644,572,760.644,880.013,0.5,760.644
3,395,215.684,544.953,760.637,572,760.637,899.833,0.5,760.637
3,396,216.166,544.621,760.787,572,760.787,871.404,0.5,760.787
3,397,215.72,544.821,760.541,572,760.541,882.56,0.5,760.541
3,398,217.427,543.237,760.664,572,760.664,891.136,0.5,760.664
3,399,216.784,544.04,760.824,572,760.824,876.55,0.5,760.824
3,400,217.69,542.988,760.678,572,760.678,919.477,0.5,760.678
3,401,217.572,543.149,760.721,572,760.721,867.26,0.5,760.721
3,402,215.593,545.109,760.702,572,760.702,889.863,0.5,760.702
3,403,217.482,543.277,760.759,572,760.759,896.341,0.5,760.759
3,404,216.955,543.919,760.874,572,760.874,862.749,0.5,760.874
3,405,214.466,546.297,760.763,572,760.763,891.253,0.5,760.763
3,406,215.779,545.125,760.904,572,760.904,905.663,0.5,760.904
3,407,216.754,544.387,761.141,572,761.141,898.568,0.5,761.141
3,408,216.612,544.375,760.987,572,760.987,900.699,0.5,760.987
3,409,214.867,546.192,761.059,572,761.059,873.198,0.5,761.059
3,410,214.693,546.359,761.052,572,761.052,903.223,0.5,761.052
3,411,215.031,546.154,761.185,572,761.185,870.66,0.5,761.185
3,412,217.236,543.736,760.972,572,760.972,901.05,0.5,760.972
3,413,214.795,546.351,761.146,572,761.146,903.761,0.5,761.146
3,414,217.248,543.821,761.069,572,761.069,922.802,0.5,761.069
3,415,217.11,543.81,760.92,572,760.92,879.761,0.5,760.92
3,416,217.571,543.397,760.968,572,760.968,854.082,0.5,760.968
3,417,217.863,543.255,761.118,572,761.118,890.103,0.5,761.118
3,418,216.017,545.229,761.246,572,761.246,883.231,0.5,761.246
3,419,214.989,546.374,761.363,572,761.363,892.372,0.5,761.363
3,420,215.377,546.023,761.4,572,761.4,906.263,0.5,761.4
3,421,215.893,545.557,761.45,572,761.45,893.803,0.5,761.45
3,422,216.691,544.696,761.387,572,761.387,877.493,0.5,761.387
3,423,217.995,543.289,761.284,572,761.284,885.051,0.5,761.284
3,424,218.242,543.246,761.488,572,761.488,875.689,0.5,761.488
3,425,217.56,543.9,761.46,572,761.46,862.858,0.5,761.46
3,426,216.179,545.322,761.501,572,761.501,882.341,0.5,761.501
3,427,214.885,545.849,760.734,572,760.734,857.265,0.5,760.734
3,428,215.964,545.497,761.461,572,761.461,865.461,0.5,761.461
3,429,217.738,543.742,761.48,572,761.48,890.69,0.5,761.48
3,430,217.652,543.855,761.507,572,761.507,917.919,0.5,761.507
3,431,215.617,545.695,761.312,572,761.312,917.004,0.5,761.312
3,432,215.708,545.64,761.348,572,761.348,878.7,0.5,761.348
3,433,216.441,545.16,761.601,572,761.601,880.486,0.5,761.601
3,434,217.905,543.801,761.706,572,761.706,867.625,0.5,761.706
3,435,217.494,544.067,761.561,572,761.561,854.207,0.5,761.561
3,436,217.944,543.753,761.697,572,761.697,903.512,0.5,761.697
3,437,216.19,545.436,761.626,572,761.626,871.143,0.5,761.626
3,438,217.44,544.56,762.0,572,762.0,904.062,0.5,762.0
3,439,217.365,544.61,761.975,572,761.975,913.899,0.5,761.975
3,440,218.792,543.262,762.054,572,762.054,910.998,0.5,762.054
3,441,217.528,544.409,761.937,572,761.937,920.194,0.5,761.937
3,442,216.966,544.848,761.814,572,761.814,917.747,0.5,761.814
3,443,217.48,544.38,761.86,572,761.86,919.197,0.5,761.86
3,444,216.822,545.463,762.285,572,762.285,906.895,0.5,762.285
3,445,218.528,543.72,762.248,572,762.248,895.135,0.5,762.248
3,446,217.221,545.077,762.298,572,762.298,896.567,0.5,762.298
3,447,218.621,543.56,762.181,572,762.181,906.838,0.5,762.181
3,448,219.503,542.745,762.248,572,762.248,888.049,0.5,762.248
3,449,217.501,544.837,762.338,572,762.338,926.841,0.5,762.338
3,450,218.289,544.273,762.562,572,762.562,900.639,0.5,762.562
3,451,218.565,543.876,762.441,572,762.441,888.391,0.5,762.441
3,452,217.675,544.75,762.425,572,762.425,920.973,0.5,762.425
3,453,219.215,543.246,762.461,572,762.461,923.13,0.5,762.461
3,454,218.849,543.847,762.696,572,762.696,906.88,0.5,762.696
3,455,216.771,545.875,762.646,572,762.646,896.072,0.5,762.646
3,456,217.234,545.598,762.832,572,762.832,897.245,0.5,762.832
3,457,216.888,545.845,762.733,572,762.733,895.37,0.5,762.733
3,458,219.622,543.38,763.002,572,763.002,903.714,0.5,763.002
3,459,217.958,543.494,761.452,572,761.452,905.486,0.5,761.452
3,460,219.837,543.212,763.049,572,763.049,912.493,0.5,763.049
3,461,215.559,545.781,761.34,572,761.34,886.611,0.5,761.34
3,462,218.051,543.504,761.555,572,761.555,884.121,0.5,761.555
3,463,216.845,544.828,761.673,572,761.673,877.288,0.5,761.673
3,464,217.331,544.327,761.658,572,761.658,887.792,0.5,761.658
3,465,216.006,545.705,761.711,572,761.711,875.849,0.5,761.711
3,466,216.63,545.057,761.687,572,761.687,894.081,0.5,761.687
3,467,218.987,542.783,761.77,572,761.77,885.611,0.5,761.77
3,468,217.02,544.76,761.78,572,761.78,901.017,0.5,761.78
3,469,217.371,544.613,761.984,572,761.984,910.447,0.5,761.984
3,470,218.615,543.321,761.936,572,761.936,862.628,0.5,761.936
3,471,218.789,543.28,762.069,572,762.069,877.232,0.5,762.069
3,472,215.659,546.223,761.882,572,761.882,911.569,0.5,761.882
3,473,217.425,544.908,762.333,572,762.333,888.952,0.5,762.333
3,474,218.274,543.691,761.965,572,761.965,867.479,0.5,761.965
3,475,217.71,544.133,761.843,572,761.843,903.204,0.5,761.843
3,476,216.834,545.464,762.298,572,762.298,907.63,0.5,762.298
3,477,215.837,546.327,762.164,572,762.164,897.819,0.5,762.164
3,478,217.482,544.703,762.185,572,762.185,898.719,0.5,762.185
3,479,219.245,543.263,762.508,572,762.508,900.727,0.5,762.508
3,480,219.578,542.915,762.493,572,762.493,888.416,0.5,762.493
3,481,219.158,543.287,762.445,572,762.445,887.854,0.5,762.445
3,482,218.43,544.139,762.569,572,762.569,916.079,0.5,762.569
3,483,216.126,546.323,762.449,572,762.449,889.89,0.5,762.449
3,484,217.972,544.877,762.849,572,762.849,916.319,0.5,762.849
3,485,219.531,543.187,762.718,572,762.718,860.871,0.5,762.718
3,486,218.397,543.481,761.878,572,761.878,888.926,0.5,761.878
3,487,218.812,543.155,761.967,572,761.967,869.305,0.5,761.967
3,488,218.507,543.136,761.643,572,761.643,870.874,0.5,761.643
3,489,215.601,546.292,761.893,572,761.893,876.584,0.5,761.893
3,490,216.531,545.6,762.131,572,762.131,849.227,0.5,762.131
3,491,215.848,546.056,761.904,572,761.904,915.371,0.5,761.904
3,492,215.926,546.381,762.307,572,762.307,863.976,0.5,762.307
3,493,216.085,546.13,762.215,572,762.215,911.153,0.5,762.215
3,494,218.003,544.195,762.198,572,762.198,867.437,0.5,762.198
3,495,216.979,545.339,762.318,572,762.318,874.47,0.5,762.318
3,496,218.315,544.122,762.437,572,762.437,921.138,0.5,762.437
3,497,219.276,543.164,762.44,572,762.44,901.937,0.5,762.44
3,498,216.642,545.891,762.533,572,762.533,860.852,0.5,762.533
3,499,216.942,545.666,762.608,572,762.608,855.138,0.5,762.608
3,500,217.701,544.889,762.59,572,762.59,880.57,0.5,762.59
3,501,216.729,545.797,762.526,572,762.526,902.139,0.5,762.526
3,502,219.456,543.269,762.725,572,762.725,902.896,0.5,762.725
3,503,219.531,543.264,762.795,572,762.795,845.844,0.5,762.795
3,504,218.229,544.688,762.917,572,762.917,858.701,0.5,762.917
3,505,219.353,543.293,762.646,572,762.646,897.487,0.5,762.646
3,506,217.416,545.23,762.646,572,762.646,884.685,0.5,762.646
3,507,218.802,544.14,762.942,572,762.942,918.097,0.5,762.942
3,508,219.419,543.56,762.979,572,762.979,850.705,0.5,762.979
3,509,216.926,545.836,762.762,572,762.762,869.95,0.5,762.762
3,510,219.396,543.445,762.841,572,762.841,879.859,0.5,762.841
3,511,218.376,543.784,762.16,572,762.16,853.745,0.5,762.16
3,512,219.134,543.011,762.145,572,762.145,884.365,0.5,762.145
3,513,216.152,546.138,762.29,572,762.29,864.604,0.5,762.29
3,514,218.813,543.782,762.595,572,762.595,913.321,0.5,762.595
3,515,218.618,543.955,762.573,572,762.573,866.39,0.5,762.573
3,516,216.776,545.884,762.66,572,762.66,894.922,0.5,762.66
3,517,218.25,544.505,762.755,572,762.755,848.709,0.5,762.755
3,518,217.451,545.212,762.663,572,762.663,877.383,0.5,762.663
3,519,216.949,545.899,762.848,572,762.848,890.574,0.5,762.848
3,520,217.577,545.423,763.0,572,763.0,920.691,0.5,763.0
3,521,217.13,545.806,762.936,572,762.936,881.998,0.5,762.936
3,522,217.061,545.943,763.004,572,763.004,923.855,0.5,763.004
3,523,217.526,545.813,763.339,572,763.339,923.455,0.5,763.339
3,524,219.19,543.963,763.153,572,763.153,911.718,0.5,763.153
3,525,217.771,545.364,763.135,572,763.135,890.321,0.5,763.135
3,526,219.12,544.17,763.29,572,763.29,922.436,0.5,763.29
3,527,220.197,543.288,763.485,572,763.485,866.683,0.5,763.485
3,528,220.227,543.389,763.616,572,763.616,896.331,0.5,763.616
3,529,217.259,546.16,763.419,572,763.419,881.927,0.5,763.419
3,530,220.592,543.194,763.786,572,763.786,875.619,0.5,763.786
3,531,219.314,544.403,763.717,572,763.717,908.439,0.5,763.717
3,532,219.951,543.964,763.915,572,763.915,888.808,0.5,763.915
3,533,219.532,545.025,764.557,572,764.557,906.134,0.5,764.557
3,534,220.727,543.659,764.386,572,764.386,901.078,0.5,764.386
3,535,218.422,544.232,762.654,572,762.654,854.576,0.5,762.654
3,536,217.578,545.252,762.83,572,762.83,845.9,0.5,762.83
3,537,219.244,543.456,762.7,572,762.7,878.509,0.5,762.7
3,538,219.811,543.266,763.077,572,763.077,885.416,0.5,763.077
3,539,216.651,546.389,763.04,572,763.04,858.48,0.5,763.04
3,540,217.621,545.279,762.9,572,762.9,856.744,0.5,762.9
3,541,219.389,543.77,763.159,572,763.159,928.665,0.5,763.159
3,542,220.006,543.2,763.206,572,763.206,860.622,0.5,763.206
3,543,217.009,546.341,763.35,572,763.35,912.226,0.5,763.35
3,544,218.317,545.373,763.69,572,763.69,886.849,0.5,763.69
3,545,220.503,543.174,763.677,572,763.677,910.596,0.5,763.677
3,546,217.626,546.042,763.668,572,763.668,897.922,0.5,763.668
3,547,217.55,546.431,763.981,572,763.981,906.494,0.5,763.981
3,548,218.04,545.947,763.987,572,763.987,903.103,0.5,763.987
3,549,217.393,546.034,763.427,572,763.427,920.997,0.5,763.427
3,550,219.521,544.24,763.761,572,763.761,915.251,0.5,763.761
3,551,219.648,544.556,764.204,572,764.204,908.467,0.5,764.204
3,552,218.634,545.425,764.059,572,764.059,907.559,0.5,764.059
3,553,220.48,543.813,764.293,572,764.293,882.287,0.5,764.293
3,554,220.967,543.568,764.535,572,764.535,927.606,0.5,764.535
3,555,219.09,545.195,764.285,572,764.285,914.462,0.5,764.285
3,556,221.477,543.142,764.619,572,764.619,846.971,0.5,764.619
3,557,221.196,543.681,764.877,572,764.877,902.902,0.5,764.877
3,558,219.718,545.644,765.362,572,765.362,868.584,0.5,765.362
3,559,219.481,545.341,764.822,572,764.822,919.694,0.5,764.822
3,560,219.711,545.84,765.551,572,765.551,928.988,0.5,765.551
3,561,220.858,544.706,765.564,572,765.564,854.832,0.5,765.564
3,562,219.86,543.972,763.832,572,763.832,859.834,0.5,763.832
3,563,220.387,543.436,763.823,572,763.823,879.911,0.5,763.823
3,564,219.908,543.706,763.614,572,763.614,887.227,0.5,763.614
3,565,219.789,543.936,763.725,572,763.725,895.15,0.5,763.725
3,566,219.118,544.901,764.019,572,764.019,864.853,0.5,764.019
3,567,221.383,543.0,764.383,572,764.383,914.434,0.5,764.383
3,568,220.548,543.505,764.053,572,764.053,924.684,0.5,764.053
3,569,220.341,543.677,764.018,572,764.018,910.25,0.5,764.018
3,570,218.069,546.268,764.337,572,764.337,925.068,0.5,764.337
3,571,219.309,545.74,765.049,572,765.049,909.117,0.5,765.049
3,572,219.005,545.051,764.056,572,764.056,872.743,0.5,764.056
3,573,221.626,543.022,764.648,572,764.648,921.041,0.5,764.648
3,574,220.232,545.132,765.364,572,765.364,881.041,0.5,765.364
3,575,220.959,543.881,764.84,572,764.84,872.442,0.5,764.84
3,576,220.505,544.274,764.779,572,764.779,852.881,0.5,764.779
3,577,219.13,545.639,764.769,572,764.769,847.941,0.5,764.769
3,578,219.445,544.715,764.16,572,764.16,854.246,0.5,764.16
3,579,221.852,543.29,765.142,572,765.142,911.76,0.5,765.142
3,580,219.497,546.073,765.57,572,765.57,900.459,0.5,765.57
3,581,223.637,542.716,766.353,572,766.353,919.101,0.5,766.353
3,582,218.961,546.189,765.15,572,765.15,913.684,0.5,765.15
3,583,218.338,545.857,764.195,572,764.195,905.758,0.5,764.195
3,584,220.536,544.166,764.702,572,764.702,897.381,0.5,764.702
3,585,220.175,544.347,764.522,572,764.522,906.248,0.5,764.522
3,586,221.073,543.226,764.299,572,764.299,920.976,0.5,764.299
3,587,218.79,546.146,764.936,572,764.936,904.35,0.5,764.936
3,588,220.443,544.26,764.703,572,764.703,909.037,0.5,764.703
3,589,219.933,544.658,764.591,572,764.591,856.503,0.5,764.591
3,590,221.675,543.218,764.893,572,764.893,913.053,0.5,764.893
3,591,222.613,543.218,765.831,572,765.831,910.612,0.5,765.831
3,592,220.208,545.415,765.623,572,765.623,893.003,0.5,765.623
3,593,220.474,544.491,764.965,572,764.965,872.124,0.5,764.965
3,594,222.176,543.574,765.75,572,765.75,927.301,0.5,765.75
3,595,221.826,543.472,765.298,572,765.298,861.875,0.5,765.298
3,596,220.656,544.623,765.279,572,765.279,883.952,0.5,765.279
3,597,220.078,545.599,765.677,572,765.677,900.343,0.5,765.677
3,598,220.121,545.096,765.217,572,765.217,902.849,0.5,765.217
3,599,219.409,545.718,765.127,572,765.127,867.035,0.5,765.127
3,600,221.137,545.382,766.519,572,766.519,914.155,0.5,766.519
3,601,222.787,543.65,766.437,572,766.437,912.275,0.5,766.437
3,602,223.289,543.255,766.544,572,766.544,859.318,0.5,766.544
3,603,220.059,545.555,765.614,572,765.614,899.162,0.5,765.614
3,604,219.253,546.231,765.484,572,765.484,915.419,0.5,765.484
3,605,219.678,545.723,765.401,572,765.401,878.646,0.5,765.401
3,606,221.517,544.492,766.009,572,766.009,895.781,0.5,766.009
3,607,220.241,546.083,766.324,572,766.324,888.699,0.5,766.324
3,608,223.289,543.319,766.608,572,766.608,878.079,0.5,766.608
3,609,221.576,544.472,766.048,572,766.048,859.958,0.5,766.048
3,610,222.467,544.206,766.673,572,766.673,910.1,0.5,766.673
3,611,222.759,543.36,766.119,572,766.119,905.439,0.5,766.119
3,612,221.129,545.065,766.194,572,766.194,905.345,0.5,766.194
3,613,220.166,545.9,766.066,572,766.066,906.451,0.5,766.066
3,614,223.755,543.987,767.742,572,767.742,845.609,0.5,767.742
3,615,222.027,545.143,767.17,572,767.17,904.812,0.5,767.17
3,616,223.5,543.921,767.421,572,767.421,870.67,0.5,767.421
3,617,223.469,543.343,766.812,572,766.812,908.032,0.5,766.812
3,618,222.862,544.83,767.692,572,767.692,863.589,0.5,767.692
3,619,222.681,544.983,767.664,572,767.664,884.483,0.5,767.664
3,620,223.581,543.224,766.805,572,766.805,863.665,0.5,766.805
3,621,221.499,545.291,766.79,572,766.79,918.241,0.5,766.79
3,622,223.883,543.589,767.472,572,767.472,861.489,0.5,767.472
3,623,220.777,546.24,767.017,572,767.017,910.042,0.5,767.017
3,624,222.247,544.534,766.781,572,766.781,897.105,0.5,766.781
3,625,221.538,545.574,767.112,572,767.112,904.32,0.5,767.112
3,626,223.088,543.726,766.814,572,766.814,875.488,0.5,766.814
3,627,224.185,543.049,767.234,572,767.234,915.179,0.5,767.234
3,628,221.976,545.168,767.144,572,767.144,926.302,0.5,767.144
3,629,223.175,543.936,767.111,572,767.111,893.668,0.5,767.111
3,630,222.051,544.724,766.775,572,766.775,926.966,0.5,766.775
3,631,224.315,543.87,768.185,572,768.185,913.473,0.5,768.185
3,632,224.6,544.778,769.378,572,769.378,887.724,0.5,769.378
3,633,223.551,545.216,768.767,572,768.767,879.258,0.5,768.767
3,634,225.253,542.869,768.122,572,768.122,897.867,0.5,768.122
3,635,225.056,543.454,768.51,572,768.51,912.415,0.5,768.51
3,636,224.439,543.866,768.305,572,768.305,866.861,0.5,768.305
3,637,222.924,546.16,769.084,572,769.084,887.449,0.5,769.084
3,638,222.348,546.014,768.362,572,768.362,908.126,0.5,768.362
3,639,224.899,543.68,768.579,572,768.579,890.665,0.5,768.579
3,640,223.226,545.308,768.534,572,768.534,873.292,0.5,768.534
3,641,223.959,543.94,767.899,572,767.899,859.348,0.5,767.899
3,642,224.589,543.578,768.167,572,768.167,863.469,0.5,768.167
3,643,221.639,546.341,767.98,572,767.98,887.656,0.5,767.98
3,644,222.466,545.649,768.115,572,768.115,891.072,0.5,768.115
3,645,221.776,546.164,767.94,572,767.94,914.915,0.5,767.94
3,646,224.236,544.412,768.648,572,768.648,882.314,0.5,768.648
3,647,223.043,545.788,768.831,572,768.831,884.039,0.5,768.831
3,648,222.964,546.197,769.161,572,769.161,897.684,0.5,769.161
3,649,224.263,544.78,769.043,572,769.043,857.1,0.5,769.043
3,650,223.034,545.992,769.026,572,769.026,917.773,0.5,769.026
3,651,223.317,545.201,768.518,572,768.518,899.569,0.5,768.518
3,652,221.8,546.053,767.853,572,767.853,873.903,0.5,767.853
3,653,222.666,545.985,768.651,572,768.651,925.074,0.5,768.651
3,654,223.749,545.577,769.326,572,769.326,862.953,0.5,769.326
3,655,223.721,546.092,769.813,572,769.813,883.655,0.5,769.813
3,656,223.669,545.845,769.514,572,769.514,885.363,0.5,769.514
3,657,224.872,544.395,769.267,572,769.267,899.378,0.5,769.267
3,658,226.158,543.227,769.385,572,769.385,856.288,0.5,769.385
3,659,223.011,546.2,769.211,572,769.211,879.406,0.5,769.211
3,660,225.171,545.863,771.034,572,771.034,916.837,0.5,771.034
3,661,225.621,544.502,770.123,572,770.123,887.81,0.5,770.123
3,662,367.775,543.996,911.771,572,911.771,916.863,0.5,911.771
3,663,226.312,543.339,769.651,572,769.651,882.549,0.5,769.651
3,664,224.711,545.668,770.379,572,770.379,892.304,0.5,770.379
3,665,372.038,543.325,915.363,572,915.363,922.513,0.5,915.363
3,666,336.741,544.332,881.073,572,881.073,885.968,0.5,881.073
3,667,362.87,545.3,908.17,572,908.17,915.295,0.5,908.17
3,668,373.834,544.794,918.628,572,918.628,923.545,0.5,918.628
3,669,355.423,545.708,901.131,572,901.131,906.08,0.5,901.131
3,670,361.521,544.647,906.168,572,906.168,911.031,0.5,906.168
3,671,347.248,543.995,891.243,572,891.243,896.076,0.5,891.243
3,672,346.223,543.497,889.72,572,889.72,896.91,0.5,889.72
3,673,342.387,546.06,888.447,572,888.447,893.359,0.5,888.447
3,674,351.831,546.137,897.968,572,897.968,902.984,0.5,897.968
3,675,346.028,546.401,892.429,572,892.429,897.253,0.5,892.429
3,676,324.182,545.065,869.247,572,869.247,874.147,0.5,869.247
3,677,343.439,544.223,887.662,572,887.662,892.595,0.5,887.662
3,678,341.77,545.14,886.91,572,886.91,891.945,0.5,886.91
3,679,334.038,543.511,877.549,572,877.549,882.449,0.5,877.549
3,680,337.112,545.291,882.403,572,882.403,889.538,0.5,882.403
3,681,344.37,543.348,887.718,572,887.718,892.729,0.5,887.718
3,682,350.347,546.043,896.39,572,896.39,901.239,0.5,896.39
3,683,339.957,543.329,883.286,572,883.286,888.185,0.5,883.286
3,684,335.679,544.002,879.681,572,879.681,884.79,0.5,879.681
3,685,333.562,545.51,879.072,572,879.072,884.36,0.5,879.072
3,686,330.079,545.648,875.727,572,875.727,880.727,0.5,875.727
3,687,346.581,545.416,891.997,572,891.997,896.932,0.5,891.997
3,688,327.944,546.24,874.184,572,874.184,879.036,0.5,874.184
3,689,361.486,544.048,905.534,572,905.534,910.517,0.5,905.534
3,690,353.732,543.236,896.968,572,896.968,901.859,0.5,896.968
3,691,340.418,544.405,884.823,572,884.823,889.658,0.5,884.823
3,692,339.259,543.242,882.501,572,882.501,887.607,0.5,882.501
3,693,351.974,545.946,897.92,572,897.92,902.857,0.5,897.92
3,694,337.539,549.126,886.665,572,886.665,891.66,0.5,886.665
3,695,338.304,552.122,890.426,572,890.426,895.337,0.5,890.426
3,696,388.758,519.131,907.889,572,907.889,912.74,0.5,907.889
3,697,350.764,552.141,902.905,572,902.905,907.853,0.5,902.905
3,698,345.638,546.102,891.74,572,891.74,896.671,0.5,891.74
3,699,344.667,545.445,890.112,572,890.112,895.306,0.5,890.112
4,0,219.89,563.365,783.255,572,783.255,891.235,0.0,783.255
4,1,219.865,563.417,783.282,572,783.282,947.469,0.0,783.282
4,2,222.272,561.056,783.328,572,783.328,961.655,0.0,783.328
4,3,220.955,562.329,783.284,572,783.284,873.565,0.0,783.284
4,4,218.952,564.406,783.358,572,783.358,894.94,0.0,783.358
4,5,222.477,561.08,783.557,572,783.557,940.693,0.0,783.557
4,6,220.294,563.182,783.476,572,783.476,905.017,0.0,783.476
4,7,222.875,560.451,783.326,572,783.326,951.31,0.0,783.326
4,8,219.317,563.89,783.207,572,783.207,946.178,0.0,783.207
4,9,219.896,563.53,783.426,572,783.426,946.607,0.0,783.426
4,10,221.803,561.518,783.321,572,783.321,884.509,0.0,783.321
4,11,222.377,560.998,783.375,572,783.375,884.612,0.0,783.375
4,12,218.278,564.963,783.241,572,783.241,937.763,0.0,783.241
4,13,220.31,563.319,783.629,572,783.629,959.676,0.0,783.629
4,14,220.439,562.927,783.366,572,783.366,888.09,0.0,783.366
4,15,218.213,565.151,783.364,572,783.364,916.221,0.0,783.364
4,16,219.851,563.446,783.297,572,783.297,941.632,0.0,783.297
4,17,221.813,561.712,783.525,572,783.525,905.541,0.0,783.525
4,18,221.769,561.643,783.412,572,783.412,884.547,0.0,783.412
4,19,220.713,562.673,783.386,572,783.386,967.267,0.0,783.386
4,20,219.351,563.931,783.282,572,783.282,967.413,0.0,783.282
4,21,219.074,564.136,783.21,572,783.21,900.732,0.0,783.21
4,22,218.119,565.179,783.298,572,783.298,927.174,0.0,783.298
4,23,222.969,560.587,783.556,572,783.556,892.749,0.0,783.556
4,24,221.799,561.668,783.467,572,783.467,944.682,0.0,783.467
4,25,222.689,560.849,783.538,572,783.538,881.021,0.0,783.538
4,26,219.25,564.245,783.495,572,783.495,935.243,0.0,783.495
4,27,220.82,562.601,783.421,572,783.421,910.885,0.0,783.421
4,28,220.944,562.26,783.204,572,783.204,908.855,0.0,783.204
4,29,219.012,564.575,783.587,572,783.587,963.567,0.0,783.587
4,30,220.825,562.729,783.554,572,783.554,958.449,0.0,783.554
4,31,219.104,564.523,783.627,572,783.627,936.152,0.0,783.627
4,32,220.936,562.345,783.281,572,783.281,876.829,0.0,783.281
4,33,218.564,564.975,783.539,572,783.539,935.21,0.0,783.539
4,34,219.504,563.913,783.417,572,783.417,932.915,0.0,783.417
4,35,221.749,561.615,783.364,572,783.364,885.595,0.0,783.364
4,36,222.627,560.692,783.319,572,783.319,941.883,0.0,783.319
4,37,221.251,562.215,783.466,572,783.466,965.429,0.0,783.466
4,38,221.18,562.342,783.522,572,783.522,919.909,0.0,783.522
4,39,220.144,563.274,783.418,572,783.418,906.868,0.0,783.418
4,40,221.439,562.027,783.466,572,783.466,904.403,0.0,783.466
4,41,219.067,564.489,783.556,572,783.556,872.006,0.0,783.556
4,42,221.599,562.021,783.62,572,783.62,903.929,0.0,783.62
4,43,222.126,561.609,783.735,572,783.735,935.956,0.0,783.735
4,44,218.547,565.062,783.609,572,783.609,942.715,0.0,783.609
4,45,218.967,564.642,783.609,572,783.609,945.59,0.0,783.609
4,46,220.12,563.717,783.837,572,783.837,922.194,0.0,783.837
4,47,220.428,563.294,783.722,572,783.722,938.085,0.0,783.722
4,48,221.16,562.554,783.714,572,783.714,918.386,0.0,783.714
4,49,220.548,563.132,783.68,572,783.68,885.726,0.0,783.68
4,50,222.674,561.028,783.702,572,783.702,918.12,0.0,783.702
4,51,220.115,563.567,783.682,572,783.682,904.971,0.0,783.682
4,52,221.323,562.34,783.663,572,783.663,949.986,0.0,783.663
4,53,222.451,561.26,783.711,572,783.711,874.636,0.0,783.711
4,54,220.246,563.343,783.589,572,783.589,912.822,0.0,783.589
4,55,220.435,563.364,783.799,572,783.799,928.002,0.0,783.799
4,56,221.836,562.703,784.539,572,784.539,904.803,0.0,784.539
4,57,223.274,561.341,784.615,572,784.615,892.41,0.0,784.615
4,58,220.127,564.006,784.133,572,784.133,887.066,0.0,784.133
4,59,219.987,564.255,784.242,572,784.242,885.962,0.0,784.242
4,60,221.728,562.42,784.148,572,784.148,928.67,0.0,784.148
4,61,221.443,562.678,784.121,572,784.121,928.986,0.0,784.121
4,62,221.495,562.593,784.088,572,784.088,913.939,0.0,784.088
4,63,219.421,564.634,784.055,572,784.055,939.151,0.0,784.055
4,64,219.961,564.042,784.003,572,784.003,896.217,0.0,784.003
4,65,221.202,562.858,784.06,572,784.06,936.735,0.0,784.06
4,66,221.693,562.224,783.917,572,783.917,915.754,0.0,783.917
4,67,220.116,563.8,783.916,572,783.916,901.246,0.0,783.916
4,68,222.479,561.427,783.906,572,783.906,890.968,0.0,783.906
4,69,219.701,564.126,783.827,572,783.827,880.86,0.0,783.827
4,70,223.79,561.32,785.11,572,785.11,957.361,0.0,785.11
4,71,223.577,560.868,784.445,572,784.445,954.7,0.0,784.445
4,72,221.409,564.13,785.539,572,785.539,968.351,0.0,785.539
4,73,223.754,561.328,785.082,572,785.082,940.653,0.0,785.082
4,74,223.378,561.699,785.077,572,785.077,945.78,0.0,785.077
4,75,223.952,560.974,784.926,572,784.926,912.552,0.0,784.926
4,76,221.504,563.333,784.837,572,784.837,959.653,0.0,784.837
4,77,221.623,563.101,784.724,572,784.724,893.824,0.0,784.724
4,78,221.96,563.941,785.901,572,785.901,955.456,0.0,785.901
4,79,224.244,562.884,787.128,572,787.128,904.391,0.0,787.128
4,80,224.067,562.814,786.881,572,786.881,891.106,0.0,786.881
4,81,226.019,565.01,791.029,572,791.029,959.452,0.0,791.029
4,82,221.141,564.635,785.776,572,785.776,955.968,0.0,785.776
4,83,231.217,562.352,793.569,572,793.569,934.14,0.0,793.569
4,84,225.966,560.748,786.714,572,786.714,957.403,0.0,786.714
4,85,226.682,562.725,789.407,572,789.407,906.962,0.0,789.407
4,86,237.217,561.529,798.746,572,798.746,935.818,0.0,798.746
4,87,229.946,562.959,792.905,572,792.905,921.822,0.0,792.905
4,88,222.277,563.344,785.621,572,785.621,926.755,0.0,785.621
4,89,234.314,563.146,797.46,572,797.46,873.524,0.0,797.46
4,90,226.533,560.488,787.021,572,787.021,953.132,0.0,787.021
4,91,228.569,564.764,793.333,572,793.333,914.462,0.0,793.333
4,92,229.297,560.642,789.939,572,789.939,889.446,0.0,789.939
4,93,229.094,563.429,792.523,572,792.523,923.416,0.0,792.523
4,94,234.252,560.996,795.248,572,795.248,927.194,0.0,795.248
4,95,226.549,565.117,791.666,572,791.666,945.203,0.0,791.666
4,96,224.968,562.8,787.768,572,787.768,961.802,0.0,787.768
4,97,227.383,561.612,788.995,572,788.995,955.408,0.0,788.995
4,98,224.58,563.669,788.249,572,788.249,928.961,0.0,788.249
4,99,226.704,560.873,787.577,572,787.577,965.492,0.0,787.577
4,100,228.914,562.686,791.6,572,791.6,890.71,0.0,791.6
4,101,229.933,563.378,793.311,572,793.311,888.053,0.0,793.311
4,102,238.393,564.955,803.348,572,803.348,952.318,0.0,803.348
4,103,234.227,563.998,798.225,572,798.225,953.491,0.0,798.225
4,104,238.164,562.391,800.555,572,800.555,930.448,0.0,800.555
4,105,240.128,565.033,805.161,572,805.161,922.771,0.0,805.161
4,106,238.559,562.517,801.076,572,801.076,914.254,0.0,801.076
4,107,238.999,560.899,799.898,572,799.898,877.369,0.0,799.898
4,108,242.669,560.841,803.51,572,803.51,937.694,0.0,803.51
4,109,235.354,563.413,798.767,572,798.767,877.171,0.0,798.767
4,110,232.947,563.661,796.608,572,796.608,880.064,0.0,796.608
4,111,218.652,564.584,783.236,572,783.236,925.487,0.0,783.236
4,112,243.29,562.838,806.128,572,806.128,909.642,0.0,806.128
4,113,248.359,562.467,810.826,572,810.826,900.744,0.0,810.826
4,114,258.363,560.985,819.348,572,819.348,891.633,0.0,819.348
4,115,252.796,562.097,814.893,572,814.893,903.143,0.0,814.893
4,116,273.938,561.179,835.117,572,835.117,929.365,0.0,835.117
4,117,309.435,564.128,873.563,572,873.563,878.413,0.0,873.563
4,118,266.285,563.305,829.59,572,829.59,896.23,0.0,829.59
4,119,294.459,563.021,857.48,572,857.48,900.111,0.0,857.48
4,120,289.148,560.556,849.704,572,849.704,897.65,0.0,849.704
4,121,297.739,563.401,861.14,572,861.14,898.46,0.0,861.14
4,122,249.308,564.642,813.95,572,813.95,891.871,0.0,813.95
4,123,322.635,563.116,885.751,572,885.751,892.835,0.0,885.751
4,124,263.76,564.592,828.352,572,828.352,918.301,0.0,828.352
4,125,259.252,562.874,822.126,572,822.126,886.015,0.0,822.126
4,126,274.665,564.354,839.019,572,839.019,926.998,0.0,839.019
4,127,366.677,563.037,929.714,572,929.714,934.579,0.0,929.714
4,128,362.02,561.409,923.429,572,923.429,929.235,0.0,923.429
4,129,352.916,564.261,917.177,572,917.177,924.259,0.0,917.177
4,130,348.211,561.931,910.142,572,910.142,917.152,0.0,910.142
4,131,328.255,564.179,892.434,572,892.434,899.443,0.0,892.434
4,132,302.035,561.746,863.781,572,863.781,904.44,0.0,863.781
4,133,273.482,563.399,836.881,572,836.881,961.448,0.0,836.881
4,134,319.938,562.425,882.363,572,882.363,887.232,0.0,882.363
4,135,302.425,564.213,866.638,572,866.638,871.601,0.0,866.638
4,136,288.954,563.325,852.279,572,852.279,888.525,0.0,852.279
4,137,296.045,562.201,858.246,572,858.246,913.942,0.0,858.246
4,138,290.622,561.326,851.948,572,851.948,876.806,0.0,851.948
4,139,276.696,562.561,839.257,572,839.257,960.251,0.0,839.257
4,140,265.755,563.452,829.207,572,829.207,913.601,0.0,829.207
4,141,299.201,562.936,862.137,572,862.137,869.262,0.0,862.137
4,142,280.1,563.259,843.359,572,843.359,946.566,0.0,843.359
4,143,272.671,564.343,837.014,572,837.014,939.72,0.0,837.014
4,144,281.438,563.412,844.85,572,844.85,894.484,0.0,844.85
4,145,333.331,560.52,893.851,572,893.851,898.776,0.0,893.851
4,146,298.093,563.126,861.219,572,861.219,876.648,0.0,861.219
4,147,295.514,561.337,856.851,572,856.851,901.29,0.0,856.851
4,148,280.631,564.501,845.132,572,845.132,894.047,0.0,845.132
4,149,288.042,565.043,853.085,572,853.085,888.604,0.0,853.085
4,150,272.225,562.962,835.187,572,835.187,893.281,0.0,835.187
4,151,269.398,563.278,832.676,572,832.676,953.78,0.0,832.676
4,152,287.782,561.071,848.853,572,848.853,898.934,0.0,848.853
4,153,273.677,561.779,835.456,572,835.456,909.123,0.0,835.456
4,154,291.02,561.507,852.527,572,852.527,901.831,0.0,852.527
4,155,275.868,560.598,836.466,572,836.466,897.901,0.0,836.466
4,156,391.829,563.665,955.494,572,955.494,960.417,0.0,955.494
4,157,331.292,563.667,894.959,572,894.959,899.9,0.0,894.959
4,158,271.942,565.104,837.046,572,837.046,939.182,0.0,837.046
4,159,355.346,560.659,916.005,572,916.005,920.879,0.0,916.005
4,160,276.64,560.839,837.479,572,837.479,930.611,0.0,837.479
4,161,276.33,561.952,838.282,572,838.282,966.958,0.0,838.282
4,162,283.765,561.039,844.804,572,844.804,875.877,0.0,844.804
4,163,291.52,562.883,854.403,572,854.403,898.805,0.0,854.403
4,164,381.64,564.126,945.766,572,945.766,950.636,0.0,945.766
4,165,376.404,564.432,940.836,572,940.836,945.728,0.0,940.836
4,166,377.023,563.156,940.179,572,940.179,947.391,0.0,940.179
4,167,286.982,563.12,850.102,572,850.102,890.078,0.0,850.102
4,168,278.906,562.826,841.732,572,841.732,964.946,0.0,841.732
4,169,282.009,564.016,846.025,572,846.025,926.126,0.0,846.025
4,170,276.596,562.694,839.29,572,839.29,903.035,0.0,839.29
4,171,282.757,563.773,846.53,572,846.53,955.881,0.0,846.53
4,172,283.769,565.12,848.889,572,848.889,915.082,0.0,848.889
4,173,387.61,563.067,950.677,572,950.677,955.541,0.0,950.677
4,174,366.326,562.688,929.014,572,929.014,935.205,0.0,929.014
4,175,370.455,564.805,935.26,572,935.26,940.786,0.0,935.26
4,176,269.064,560.821,829.885,572,829.885,894.89,0.0,829.885
4,177,273.62,562.233,835.853,572,835.853,952.261,0.0,835.853
4,178,271.315,563.318,834.633,572,834.633,954.541,0.0,834.633
4,179,373.664,560.956,934.62,572,934.62,939.471,0.0,934.62
4,180,269.103,562.609,831.712,572,831.712,931.271,0.0,831.712
4,181,290.813,561.488,852.301,572,852.301,891.799,0.0,852.301
4,182,287.865,562.143,850.008,572,850.008,909.421,0.0,850.008
4,183,374.318,564.762,939.08,572,939.08,944.716,0.0,939.08
4,184,398.628,561.76,960.388,572,960.388,965.2,0.0,960.388
4,185,294.518,564.849,859.367,572,859.367,942.946,0.0,859.367
4,186,362.028,562.172,924.2,572,924.2,929.936,0.0,924.2
4,187,277.019,561.728,838.747,572,838.747,918.262,0.0,838.747
4,188,261.545,560.442,821.987,572,821.987,911.991,0.0,821.987
4,189,393.1,562.361,955.461,572,955.461,962.51,0.0,955.461
4,190,316.472,560.742,877.214,572,877.214,882.998,0.0,877.214
4,191,297.993,562.864,860.857,572,860.857,868.284,0.0,860.857
4,192,277.086,564.064,841.15,572,841.15,926.557,0.0,841.15
4,193,302.95,561.575,864.525,572,864.525,869.463,0.0,864.525
4,194,307.303,561.251,868.554,572,868.554,873.42,0.0,868.554
4,195,287.7,560.554,848.254,572,848.254,945.623,0.0,848.254
4,196,314.825,562.145,876.97,572,876.97,884.073,0.0,876.97
4,197,277.059,562.106,839.165,572,839.165,924.201,0.0,839.165
4,198,262.771,562.608,825.379,572,825.379,966.022,0.0,825.379
4,199,374.231,560.541,934.772,572,934.772,941.876,0.0,934.772
4,200,264.743,563.49,828.233,572,828.233,967.405,0.0,828.233
4,201,329.23,564.145,893.375,572,893.375,900.693,0.0,893.375
4,202,309.331,563.741,873.072,572,873.072,880.297,0.0,873.072
4,203,274.696,564.678,839.374,572,839.374,936.778,0.0,839.374
4,204,282.463,563.914,846.377,572,846.377,911.452,0.0,846.377
4,205,268.626,564.654,833.28,572,833.28,937.333,0.0,833.28
4,206,312.706,564.176,876.882,572,876.882,882.66,0.0,876.882
4,207,282.068,562.297,844.365,572,844.365,916.616,0.0,844.365
4,208,267.758,561.164,828.922,572,828.922,895.208,0.0,828.922
4,209,297.069,562.593,859.662,572,859.662,943.345,0.0,859.662
4,210,282.814,563.452,846.266,572,846.266,902.12,0.0,846.266
4,211,269.082,564.407,833.489,572,833.489,918.259,0.0,833.489
4,212,295.299,562.962,858.261,572,858.261,865.942,0.0,858.261
4,213,300.271,563.967,864.238,572,864.238,871.59,0.0,864.238
4,214,314.07,563.511,877.581,572,877.581,882.431,0.0,877.581
4,215,334.769,563.409,898.178,572,898.178,903.164,0.0,898.178
4,216,329.031,562.579,891.61,572,891.61,896.414,0.0,891.61
4,217,312.172,563.648,875.82,572,875.82,880.831,0.0,875.82
4,218,261.709,563.734,825.443,572,825.443,945.785,0.0,825.443
4,219,310.273,561.882,872.155,572,872.155,877.452,0.0,872.155
4,220,286.709,564.82,851.529,572,851.529,934.045,0.0,851.529
4,221,333.316,561.15,894.466,572,894.466,899.369,0.0,894.466
4,222,303.784,565.176,868.96,572,868.96,876.77,0.0,868.96
4,223,308.975,560.986,869.961,572,869.961,874.973,0.0,869.961
4,224,294.672,560.859,855.531,572,855.531,925.844,0.0,855.531
4,225,320.475,561.882,882.357,572,882.357,887.199,0.0,882.357
4,226,242.846,562.749,805.595,572,805.595,957.337,0.0,805.595
4,227,286.815,560.529,847.344,572,847.344,894.316,0.0,847.344
4,228,300.879,561.788,862.667,572,862.667,893.571,0.0,862.667
4,229,295.392,562.735,858.127,572,858.127,899.646,0.0,858.127
4,230,275.658,560.989,836.647,572,836.647,910.281,0.0,836.647
4,231,310.59,564.419,875.009,572,875.009,879.926,0.0,875.009
4,232,294.264,563.286,857.55,572,857.55,878.125,0.0,857.55
4,233,336.693,564.046,900.739,572,900.739,908.076,0.0,900.739
4,234,340.257,563.704,903.961,572,903.961,908.873,0.0,903.961
4,235,316.678,564.186,880.864,572,880.864,885.715,0.0,880.864
4,236,326.937,562.618,889.555,572,889.555,894.433,0.0,889.555
4,237,315.022,561.797,876.819,572,876.819,882.649,0.0,876.819
4,238,323.045,565.04,888.085,572,888.085,893.061,0.0,888.085
4,239,220.717,562.629,783.346,572,783.346,892.553,0.0,783.346
4,240,329.475,562.193,891.668,572,891.668,896.714,0.0,891.668
4,241,221.098,562.362,783.46,572,783.46,959.022,0.0,783.46
4,242,218.506,564.841,783.347,572,783.347,916.792,0.0,783.347
4,243,219.212,564.105,783.317,572,783.317,934.818,0.0,783.317
4,244,218.466,564.984,783.45,572,783.45,892.784,0.0,783.45
4,245,219.812,563.751,783.563,572,783.563,948.747,0.0,783.563
4,246,219.398,564.106,783.504,572,783.504,897.699,0.0,783.504
4,247,219.608,563.849,783.457,572,783.457,903.143,0.0,783.457
4,248,219.496,564.007,783.503,572,783.503,921.915,0.0,783.503
4,249,221.732,561.683,783.415,572,783.415,932.063,0.0,783.415
4,250,222.263,561.367,783.63,572,783.63,871.649,0.0,783.63
4,251,221.487,562.14,783.627,572,783.627,895.431,0.0,783.627
4,252,218.95,564.639,783.589,572,783.589,915.612,0.0,783.589
4,253,219.944,563.632,783.576,572,783.576,905.255,0.0,783.576
4,254,222.583,561.076,783.659,572,783.659,910.135,0.0,783.659
4,255,221.712,561.874,783.586,572,783.586,963.227,0.0,783.586
4,256,222.122,561.437,783.559,572,783.559,947.802,0.0,783.559
4,257,221.123,562.212,783.335,572,783.335,965.87,0.0,783.335
4,258,218.968,564.487,783.455,572,783.455,876.933,0.0,783.455
4,259,220.642,562.726,783.368,572,783.368,874.322,0.0,783.368
4,260,220.639,562.827,783.466,572,783.466,877.55,0.0,783.466
4,261,222.757,560.736,783.493,572,783.493,915.659,0.0,783.493
4,262,220.372,563.073,783.445,572,783.445,893.601,0.0,783.445
4,263,218.466,565.058,783.524,572,783.524,878.423,0.0,783.524
4,264,221.124,562.359,783.483,572,783.483,957.896,0.0,783.483
4,265,220.988,562.588,783.576,572,783.576,935.897,0.0,783.576
4,266,222.296,561.338,783.634,572,783.634,936.352,0.0,783.634
4,267,220.693,562.919,783.612,572,783.612,912.513,0.0,783.612
4,268,220.065,563.551,783.616,572,783.616,907.68,0.0,783.616
4,269,220.717,562.884,783.601,572,783.601,954.718,0.0,783.601
4,270,218.463,565.167,783.63,572,783.63,898.352,0.0,783.63
4,271,223.206,560.535,783.741,572,783.741,947.824,0.0,783.741
4,272,221.429,562.231,783.66,572,783.66,902.079,0.0,783.66
4,273,223.004,560.676,783.68,572,783.68,909.538,0.0,783.68
4,274,220.813,562.835,783.648,572,783.648,944.291,0.0,783.648
4,275,220.021,563.713,783.734,572,783.734,907.342,0.0,783.734
4,276,223.072,560.667,783.739,572,783.739,889.802,0.0,783.739
4,277,222.036,561.709,783.745,572,783.745,904.047,0.0,783.745
4,278,218.694,565.138,783.832,572,783.832,922.952,0.0,783.832
4,279,220.016,563.806,783.822,572,783.822,919.86,0.0,783.822
4,280,219.385,564.392,783.777,572,783.777,907.704,0.0,783.777
4,281,221.941,561.963,783.904,572,783.904,949.611,0.0,783.904
4,282,220.566,563.334,783.9,572,783.9,938.284,0.0,783.9
4,283,223.178,560.695,783.873,572,783.873,951.411,0.0,783.873
4,284,221.895,562.057,783.952,572,783.952,900.06,0.0,783.952
4,285,220.135,563.82,783.955,572,783.955,913.929,0.0,783.955
4,286,222.963,561.014,783.977,572,783.977,902.101,0.0,783.977
4,287,223.016,561.038,784.054,572,784.054,933.454,0.0,784.054
4,288,222.003,562.305,784.308,572,784.308,937.251,0.0,784.308
4,289,219.897,564.299,784.196,572,784.196,893.992,0.0,784.196
4,290,223.53,560.639,784.169,572,784.169,959.448,0.0,784.169
4,291,220.484,563.615,784.099,572,784.099,890.199,0.0,784.099
4,292,223.542,560.561,784.103,572,784.103,906.09,0.0,784.103
4,293,219.715,564.382,784.097,572,784.097,934.489,0.0,784.097
4,294,222.414,561.964,784.378,572,784.378,928.742,0.0,784.378
4,295,222.545,562.433,784.978,572,784.978,943.237,0.0,784.978
4,296,219.665,564.699,784.364,572,784.364,908.234,0.0,784.364
4,297,223.841,560.681,784.522,572,784.522,946.973,0.0,784.522
4,298,222.725,561.952,784.677,572,784.677,943.553,0.0,784.677
4,299,224.538,560.619,785.157,572,785.157,962.945,0.0,785.157
4,300,222.463,562.699,785.162,572,785.162,950.527,0.0,785.162
4,301,219.893,564.753,784.646,572,784.646,919.359,0.0,784.646
4,302,224.097,560.717,784.814,572,784.814,913.073,0.0,784.814
4,303,224.211,560.591,784.802,572,784.802,880.076,0.0,784.802
4,304,223.898,561.475,785.373,572,785.373,925.432,0.0,785.373
4,305,222.692,562.275,784.967,572,784.967,869.589,0.0,784.967
4,306,221.075,562.459,783.534,572,783.534,886.971,0.0,783.534
4,307,219.857,563.644,783.501,572,783.501,892.834,0.0,783.501
4,308,220.62,562.837,783.457,572,783.457,896.811,0.0,783.457
4,309,221.863,561.569,783.432,572,783.432,872.914,0.0,783.432
4,310,220.551,563.025,783.576,572,783.576,907.564,0.0,783.576
4,311,221.728,561.852,783.58,572,783.58,916.027,0.0,783.58
4,312,221.784,561.843,783.627,572,783.627,914.002,0.0,783.627
4,313,220.574,562.999,783.573,572,783.573,923.406,0.0,783.573
4,314,218.626,564.949,783.575,572,783.575,916.707,0.0,783.575
4,315,221.169,562.541,783.71,572,783.71,878.07,0.0,783.71
4,316,222.11,561.507,783.617,572,783.617,904.245,0.0,783.617
4,317,219.425,564.275,783.7,572,783.7,905.84,0.0,783.7
4,318,222.022,561.683,783.705,572,783.705,868.934,0.0,783.705
4,319,219.624,564.017,783.641,572,783.641,917.296,0.0,783.641
4,320,220.696,562.989,783.685,572,783.685,933.279,0.0,783.685
4,321,219.193,564.537,783.73,572,783.73,912.733,0.0,783.73
4,322,218.75,564.998,783.748,572,783.748,947.45,0.0,783.748
4,323,221.717,562.069,783.786,572,783.786,923.385,0.0,783.786
4,324,219.573,564.347,783.92,572,783.92,920.552,0.0,783.92
4,325,221.702,562.124,783.826,572,783.826,963.732,0.0,783.826
4,326,220.558,563.404,783.962,572,783.962,917.975,0.0,783.962
4,327,218.845,565.029,783.874,572,783.874,924.493,0.0,783.874
4,328,221.947,562.022,783.969,572,783.969,911.388,0.0,783.969
4,329,219.771,564.257,784.028,572,784.028,906.852,0.0,784.028
4,330,219.306,564.998,784.304,572,784.304,930.006,0.0,784.304
4,331,220.696,563.568,784.264,572,784.264,926.494,0.0,784.264
4,332,221.171,562.956,784.127,572,784.127,888.32,0.0,784.127
4,333,221.344,562.909,784.253,572,784.253,967.258,0.0,784.253
4,334,220.179,564.322,784.501,572,784.501,927.719,0.0,784.501
4,335,222.466,562.193,784.659,572,784.659,879.931,0.0,784.659
4,336,223.27,561.507,784.777,572,784.777,938.711,0.0,784.777
4,337,223.269,561.715,784.984,572,784.984,902.194,0.0,784.984
4,338,220.218,564.699,784.917,572,784.917,905.491,0.0,784.917
4,339,220.74,563.655,784.395,572,784.395,929.671,0.0,784.395
4,340,223.637,560.998,784.635,572,784.635,935.431,0.0,784.635
4,341,224.233,560.866,785.099,572,785.099,951.029,0.0,785.099
4,342,223.84,560.727,784.567,572,784.567,883.071,0.0,784.567
4,343,219.998,564.887,784.885,572,784.885,879.737,0.0,784.885
4,344,220.211,564.747,784.958,572,784.958,876.366,0.0,784.958
4,345,220.514,563.857,784.371,572,784.371,888.775,0.0,784.371
4,346,223.77,562.312,786.082,572,786.082,937.451,0.0,786.082
4,347,218.457,564.959,783.416,572,783.416,957.938,0.0,783.416
4,348,221.022,562.473,783.495,572,783.495,916.184,0.0,783.495
4,349,221.916,561.603,783.519,572,783.519,956.848,0.0,783.519
4,350,219.526,563.999,783.525,572,783.525,913.953,0.0,783.525
4,351,220.284,563.294,783.578,572,783.578,928.447,0.0,783.578
4,352,223.113,560.518,783.631,572,783.631,918.301,0.0,783.631
4,353,219.29,564.362,783.652,572,783.652,910.911,0.0,783.652
4,354,219.693,563.884,783.577,572,783.577,949.114,0.0,783.577
4,355,221.421,562.279,783.7,572,783.7,882.439,0.0,783.7
4,356,219.944,563.715,783.659,572,783.659,939.266,0.0,783.659
4,357,218.939,564.701,783.64,572,783.64,950.023,0.0,783.64
4,358,221.973,561.769,783.742,572,783.742,920.952,0.0,783.742
4,359,218.781,564.964,783.745,572,783.745,929.895,0.0,783.745
4,360,220.167,563.557,783.724,572,783.724,948.217,0.0,783.724
4,361,219.881,563.812,783.693,572,783.693,940.389,0.0,783.693
4,362,219.753,563.929,783.682,572,783.682,921.762,0.0,783.682
4,363,220.551,563.267,783.818,572,783.818,910.117,0.0,783.818
4,364,220.65,563.139,783.789,572,783.789,933.855,0.0,783.789
4,365,222.398,561.442,783.84,572,783.84,953.538,0.0,783.84
4,366,219.284,564.597,783.881,572,783.881,884.235,0.0,783.881
4,367,219.373,564.508,783.881,572,783.881,951.476,0.0,783.881
4,368,219.799,564.076,783.875,572,783.875,888.855,0.0,783.875
4,369,218.96,564.895,783.855,572,783.855,902.163,0.0,783.855
4,370,218.917,565.085,784.002,572,784.002,894.525,0.0,784.002
4,371,220.526,563.447,783.973,572,783.973,937.197,0.0,783.973
4,372,220.598,563.444,784.042,572,784.042,907.519,0.0,784.042
4,373,222.964,561.062,784.026,572,784.026,931.272,0.0,784.026
4,374,222.565,561.659,784.224,572,784.224,942.91,0.0,784.224
4,375,222.454,561.802,784.256,572,784.256,940.875,0.0,784.256
4,376,219.844,564.342,784.186,572,784.186,943.993,0.0,784.186
4,377,221.912,562.562,784.474,572,784.474,925.327,0.0,784.474
4,378,223.445,561.251,784.696,572,784.696,928.367,0.0,784.696
4,379,222.969,561.707,784.676,572,784.676,918.211,0.0,784.676
4,380,224.065,560.53,784.595,572,784.595,914.57,0.0,784.595
4,381,220.99,563.543,784.533,572,784.533,963.363,0.0,784.533
4,382,219.816,563.82,783.636,572,783.636,934.746,0.0,783.636
4,383,218.848,564.814,783.662,572,783.662,903.392,0.0,783.662
4,384,223.083,562.017,785.1,572,785.1,960.798,0.0,785.1
4,385,219.619,564.137,783.756,572,783.756,946.148,0.0,783.756
4,386,221.728,561.959,783.687,572,783.687,912.606,0.0,783.687
4,387,222.477,561.233,783.71,572,783.71,934.284,0.0,783.71
4,388,219.022,564.66,783.682,572,783.682,881.589,0.0,783.682
4,389,219.571,564.172,783.743,572,783.743,935.735,0.0,783.743
4,390,220.037,563.722,783.759,572,783.759,949.511,0.0,783.759
4,391,219.562,564.277,783.839,572,783.839,925.847,0.0,783.839
4,392,219.784,564.016,783.8,572,783.8,890.067,0.0,783.8
4,393,221.572,562.26,783.832,572,783.832,930.76,0.0,783.832
4,394,222.997,560.878,783.875,572,783.875,935.608,0.0,783.875
4,395,220.588,563.322,783.91,572,783.91,930.614,0.0,783.91
4,396,220.942,562.935,783.877,572,783.877,960.186,0.0,783.877
4,397,220.623,563.169,783.792,572,783.792,934.263,0.0,783.792
4,398,223.2,560.795,783.995,572,783.995,888.165,0.0,783.995
4,399,221.801,562.191,783.992,572,783.992,958.552,0.0,783.992
4,400,223.444,560.591,784.035,572,784.035,889.681,0.0,784.035
4,401,223.199,560.802,784.001,572,784.001,873.022,0.0,784.001
4,402,220.734,563.519,784.253,572,784.253,899.132,0.0,784.253
4,403,223.59,560.709,784.299,572,784.299,912.325,0.0,784.299
4,404,222.19,562.012,784.202,572,784.202,941.441,0.0,784.202
4,405,219.066,565.051,784.117,572,784.117,959.669,0.0,784.117
4,406,220.684,563.552,784.236,572,784.236,880.988,0.0,784.236
4,407,221.641,562.611,784.252,572,784.252,929.824,0.0,784.252
4,408,221.955,562.664,784.619,572,784.619,957.509,0.0,784.619
4,409,219.648,564.943,784.591,572,784.591,935.747,0.0,784.591
4,410,219.328,565.162,784.49,572,784.49,943.645,0.0,784.49
4,411,220.06,564.937,784.997,572,784.997,894.555,0.0,784.997
4,412,222.998,561.758,784.756,572,784.756,898.131,0.0,784.756
4,413,218.519,565.14,783.659,572,783.659,962.777,0.0,783.659
4,414,221.748,561.937,783.685,572,783.685,874.084,0.0,783.685
4,415,221.69,561.979,783.669,572,783.669,871.104,0.0,783.669
4,416,223.367,561.386,784.753,572,784.753,947.189,0.0,784.753
4,417,223.449,560.927,784.376,572,784.376,937.422,0.0,784.376
4,418,219.959,563.684,783.643,572,783.643,966.223,0.0,783.643
4,419,218.59,565.15,783.74,572,783.74,885.139,0.0,783.74
4,420,219.066,564.688,783.754,572,783.754,899.624,0.0,783.754
4,421,219.562,564.112,783.674,572,783.674,934.492,0.0,783.674
4,422,220.825,563.012,783.837,572,783.837,923.23,0.0,783.837
4,423,222.621,561.071,783.692,572,783.692,915.003,0.0,783.692
4,424,222.784,561.004,783.788,572,783.788,897.041,0.0,783.788
4,425,221.821,561.973,783.794,572,783.794,934.618,0.0,783.794
4,426,220.036,563.842,783.878,572,783.878,891.576,0.0,783.878
4,427,219.318,564.547,783.865,572,783.865,950.828,0.0,783.865
4,428,219.898,564.024,783.922,572,783.922,931.148,0.0,783.922
4,429,222.235,561.767,784.002,572,784.002,924.729,0.0,784.002
4,430,222.063,561.919,783.982,572,783.982,936.882,0.0,783.982
4,431,220.011,564.283,784.294,572,784.294,931.161,0.0,784.294
4,432,219.761,564.199,783.96,572,783.96,897.0,0.0,783.96
4,433,220.591,563.593,784.184,572,784.184,915.985,0.0,784.184
4,434,222.365,561.85,784.215,572,784.215,947.45,0.0,784.215
4,435,221.9,562.203,784.103,572,784.103,916.917,0.0,784.103
4,436,222.948,561.791,784.739,572,784.739,931.964,0.0,784.739
4,437,220.368,563.997,784.365,572,784.365,900.729,0.0,784.365
4,438,221.631,562.884,784.515,572,784.515,875.241,0.0,784.515
4,439,221.468,562.904,784.372,572,784.372,933.111,0.0,784.372
4,440,224.05,561.166,785.216,572,785.216,931.247,0.0,785.216
4,441,222.207,562.663,784.87,572,784.87,915.723,0.0,784.87
4,442,221.518,563.186,784.704,572,784.704,907.623,0.0,784.704
4,443,221.506,562.602,784.108,572,784.108,901.928,0.0,784.108
4,444,220.874,563.985,784.859,572,784.859,883.252,0.0,784.859
4,445,223.37,561.749,785.119,572,785.119,888.419,0.0,785.119
4,446,221.459,563.539,784.998,572,784.998,893.776,0.0,784.998
4,447,222.7,561.688,784.388,572,784.388,882.337,0.0,784.388
4,448,224.582,560.456,785.038,572,785.038,967.085,0.0,785.038
4,449,221.677,563.183,784.86,572,784.86,953.142,0.0,784.86
4,450,223.364,562.45,785.814,572,785.814,938.468,0.0,785.814
4,451,222.929,561.952,784.881,572,784.881,878.75,0.0,784.881
4,452,223.561,563.103,786.664,572,786.664,927.073,0.0,786.664
4,453,227.678,560.839,788.517,572,788.517,952.569,0.0,788.517
4,454,223.498,561.93,785.428,572,785.428,890.287,0.0,785.428
4,455,221.666,564.546,786.212,572,786.212,886.685,0.0,786.212
4,456,224.208,564.155,788.363,572,788.363,937.848,0.0,788.363
4,457,226.451,564.429,790.88,572,790.88,944.756,0.0,790.88
4,458,223.954,561.347,785.301,572,785.301,955.868,0.0,785.301
4,459,233.057,561.493,794.55,572,794.55,950.79,0.0,794.55
4,460,234.626,561.005,795.631,572,795.631,965.164,0.0,795.631
4,461,233.433,564.367,797.8,572,797.8,891.22,0.0,797.8
4,462,238.195,561.689,799.884,572,799.884,947.355,0.0,799.884
4,463,223.076,563.152,786.228,572,786.228,885.428,0.0,786.228
4,464,225.988,562.569,788.557,572,788.557,952.624,0.0,788.557
4,465,227.445,564.302,791.747,572,791.747,900.995,0.0,791.747
4,466,228.458,563.492,791.95,572,791.95,946.533,0.0,791.95
4,467,229.695,560.487,790.182,572,790.182,949.224,0.0,790.182
4,468,222.064,563.108,785.172,572,785.172,925.547,0.0,785.172
4,469,222.022,562.92,784.942,572,784.942,940.154,0.0,784.942
4,470,223.639,561.216,784.855,572,784.855,891.408,0.0,784.855
4,471,223.716,560.733,784.449,572,784.449,914.989,0.0,784.449
4,472,220.116,564.96,785.076,572,785.076,908.799,0.0,785.076
4,473,223.185,563.285,786.47,572,786.47,939.059,0.0,786.47
4,474,225.668,561.726,787.394,572,787.394,889.126,0.0,787.394
4,475,227.631,562.278,789.909,572,789.909,929.932,0.0,789.909
4,476,221.626,564.009,785.635,572,785.635,957.317,0.0,785.635
4,477,221.012,565.072,786.084,572,786.084,949.471,0.0,786.084
4,478,224.034,563.017,787.051,572,787.051,919.111,0.0,787.051
4,479,231.985,560.665,792.65,572,792.65,880.425,0.0,792.65
4,480,225.822,560.539,786.361,572,786.361,925.99,0.0,786.361
4,481,236.85,560.727,797.577,572,797.577,917.269,0.0,797.577
4,482,230.954,562.273,793.227,572,793.227,939.362,0.0,793.227
4,483,231.505,565.109,796.614,572,796.614,955.032,0.0,796.614
4,484,238.008,563.311,801.319,572,801.319,932.928,0.0,801.319
4,485,224.757,560.889,785.646,572,785.646,899.344,0.0,785.646
4,486,230.298,561.473,791.771,572,791.771,940.652,0.0,791.771
4,487,231.763,560.6,792.363,572,792.363,888.18,0.0,792.363
4,488,227.129,560.733,787.862,572,787.862,916.96,0.0,787.862
4,489,221.324,565.056,786.38,572,786.38,885.72,0.0,786.38
4,490,221.273,564.191,785.464,572,785.464,940.059,0.0,785.464
4,491,228.834,564.762,793.596,572,793.596,906.529,0.0,793.596
4,492,237.651,565.158,802.809,572,802.809,953.789,0.0,802.809
4,493,225.264,564.838,790.102,572,790.102,898.267,0.0,790.102
4,494,232.547,562.461,795.008,572,795.008,885.153,0.0,795.008
4,495,230.343,563.847,794.19,572,794.19,905.882,0.0,794.19
4,496,236.743,562.351,799.094,572,799.094,879.731,0.0,799.094
4,497,238.019,560.599,798.618,572,798.618,911.222,0.0,798.618
4,498,226.867,564.538,791.405,572,791.405,911.637,0.0,791.405
4,499,227.066,564.265,791.331,572,791.331,936.021,0.0,791.331
4,500,228.051,563.266,791.317,572,791.317,953.894,0.0,791.317
4,501,224.903,564.424,789.327,572,789.327,933.918,0.0,789.327
4,502,230.982,561.047,792.029,572,792.029,924.223,0.0,792.029
4,503,237.041,561.014,798.055,572,798.055,911.257,0.0,798.055
4,504,230.623,562.994,793.617,572,793.617,951.436,0.0,793.617
4,505,233.258,561.078,794.336,572,794.336,907.075,0.0,794.336
4,506,229.769,563.687,793.456,572,793.456,951.601,0.0,793.456
4,507,236.104,562.25,798.354,572,798.354,895.554,0.0,798.354
4,508,231.648,561.562,793.21,572,793.21,915.55,0.0,793.21
4,509,228.59,564.447,793.037,572,793.037,918.68,0.0,793.037
4,510,235.349,561.376,796.725,572,796.725,917.408,0.0,796.725
4,511,226.377,561.835,788.212,572,788.212,884.157,0.0,788.212
4,512,236.971,560.583,797.554,572,797.554,953.521,0.0,797.554
4,513,231.485,564.834,796.319,572,796.319,907.366,0.0,796.319
4,514,227.621,561.822,789.443,572,789.443,871.161,0.0,789.443
4,515,228.788,562.108,790.896,572,790.896,903.178,0.0,790.896
4,516,223.239,564.532,787.771,572,787.771,879.751,0.0,787.771
4,517,227.003,562.783,789.786,572,789.786,956.235,0.0,789.786
4,518,224.129,563.693,787.822,572,787.822,947.864,0.0,787.822
4,519,227.71,564.548,792.258,572,792.258,922.952,0.0,792.258
4,520,224.699,563.925,788.624,572,788.624,924.325,0.0,788.624
4,521,230.538,564.402,794.94,572,794.94,918.631,0.0,794.94
4,522,239.388,564.567,803.955,572,803.955,893.758,0.0,803.955
4,523,241.627,564.522,806.149,572,806.149,966.546,0.0,806.149
4,524,238.469,562.09,800.559,572,800.559,961.891,0.0,800.559
4,525,236.303,563.851,800.154,572,800.154,962.009,0.0,800.154
4,526,230.045,562.277,792.322,572,792.322,956.214,0.0,792.322
4,527,236.152,561.154,797.306,572,797.306,936.033,0.0,797.306
4,528,239.247,561.361,800.608,572,800.608,914.163,0.0,800.608
4,529,230.247,564.893,795.14,572,795.14,951.761,0.0,795.14
4,530,226.837,560.767,787.604,572,787.604,960.348,0.0,787.604
4,531,229.929,562.621,792.55,572,792.55,933.075,0.0,792.55
4,532,234.934,562.065,796.999,572,796.999,879.724,0.0,796.999
4,533,236.333,563.439,799.772,572,799.772,945.002,0.0,799.772
4,534,242.69,561.665,804.355,572,804.355,924.81,0.0,804.355
4,535,239.574,562.405,801.979,572,801.979,910.686,0.0,801.979
4,536,237.716,563.722,801.438,572,801.438,929.816,0.0,801.438
4,537,240.219,561.396,801.615,572,801.615,933.56,0.0,801.615
4,538,236.366,561.166,797.532,572,797.532,940.63,0.0,797.532
4,539,226.931,565.171,792.102,572,792.102,910.139,0.0,792.102
4,540,230.674,563.773,794.447,572,794.447,871.469,0.0,794.447
4,541,231.751,561.829,793.58,572,793.58,944.386,0.0,793.58
4,542,232.59,560.875,793.465,572,793.465,876.132,0.0,793.465
4,543,232.356,565.087,797.443,572,797.443,965.093,0.0,797.443
4,544,230.058,563.879,793.937,572,793.937,889.512,0.0,793.937
4,545,238.724,560.627,799.351,572,799.351,884.929,0.0,799.351
4,546,227.167,564.704,791.871,572,791.871,898.426,0.0,791.871
4,547,231.306,565.203,796.509,572,796.509,909.424,0.0,796.509
4,548,235.785,564.59,800.375,572,800.375,924.18,0.0,800.375
4,549,234.216,564.73,798.946,572,798.946,915.108,0.0,798.946
4,550,235.453,562.401,797.854,572,797.854,906.131,0.0,797.854
4,551,230.616,562.844,793.46,572,793.46,949.514,0.0,793.46
4,552,236.085,563.933,800.018,572,800.018,942.961,0.0,800.018
4,553,234.716,561.87,796.586,572,796.586,923.823,0.0,796.586
4,554,229.595,561.583,791.178,572,791.178,920.641,0.0,791.178
4,555,230.129,563.657,793.786,572,793.786,911.707,0.0,793.786
4,556,234.851,560.747,795.598,572,795.598,909.149,0.0,795.598
4,557,229.615,561.657,791.272,572,791.272,942.21,0.0,791.272
4,558,232.061,564.245,796.306,572,796.306,917.103,0.0,796.306
4,559,245.682,563.854,809.536,572,809.536,876.507,0.0,809.536
4,560,253.51,564.439,817.949,572,817.949,913.636,0.0,817.949
4,561,228.044,563.096,791.14,572,791.14,951.933,0.0,791.14
4,562,237.689,562.072,799.761,572,799.761,966.09,0.0,799.761
4,563,236.207,561.396,797.603,572,797.603,908.292,0.0,797.603
4,564,234.589,561.738,796.327,572,796.327,908.998,0.0,796.327
4,565,237.876,562.034,799.91,572,799.91,899.242,0.0,799.91
4,566,243.544,563.272,806.816,572,806.816,918.548,0.0,806.816
4,567,239.815,560.548,800.363,572,800.363,888.351,0.0,800.363
4,568,245.281,561.526,806.807,572,806.807,908.982,0.0,806.807
4,569,236.532,561.686,798.218,572,798.218,958.052,0.0,798.218
4,570,223.7,565.018,788.718,572,788.718,938.085,0.0,788.718
4,571,226.442,564.331,790.773,572,790.773,883.571,0.0,790.773
4,572,225.643,563.465,789.108,572,789.108,904.823,0.0,789.108
4,573,227.066,560.578,787.644,572,787.644,879.064,0.0,787.644
4,574,224.205,563.529,787.734,572,787.734,875.785,0.0,787.734
4,575,227.758,561.96,789.718,572,789.718,897.446,0.0,789.718
4,576,225.304,562.469,787.773,572,787.773,887.635,0.0,787.773
4,577,223.609,564.188,787.797,572,787.797,896.321,0.0,787.797
4,578,226.207,563.032,789.239,572,789.239,961.487,0.0,789.239
4,579,226.954,561.159,788.113,572,788.113,966.381,0.0,788.113
4,580,224.304,564.767,789.071,572,789.071,888.126,0.0,789.071
4,581,228.345,560.506,788.851,572,788.851,952.873,0.0,788.851
4,582,224.311,564.924,789.235,572,789.235,957.075,0.0,789.235
4,583,225.753,564.456,790.209,572,790.209,887.884,0.0,790.209
4,584,226.379,562.329,788.708,572,788.708,913.287,0.0,788.708
4,585,226.277,562.664,788.941,572,788.941,935.761,0.0,788.941
4,586,228.799,560.964,789.763,572,789.763,908.974,0.0,789.763
4,587,224.38,564.847,789.227,572,789.227,920.413,0.0,789.227
4,588,227.378,562.441,789.819,572,789.819,902.857,0.0,789.819
4,589,227.122,562.946,790.068,572,790.068,928.819,0.0,790.068
4,590,229.053,560.977,790.03,572,790.03,919.346,0.0,790.03
4,591,229.214,561.027,790.241,572,790.241,941.494,0.0,790.241
4,592,226.167,563.932,790.099,572,790.099,928.982,0.0,790.099
4,593,227.829,562.756,790.585,572,790.585,901.247,0.0,790.585
4,594,229.078,561.586,790.664,572,790.664,944.646,0.0,790.664
4,595,244.579,561.515,806.094,572,806.094,938.763,0.0,806.094
4,596,227.841,562.941,790.782,572,790.782,935.348,0.0,790.782
4,597,239.867,564.159,804.026,572,804.026,876.302,0.0,804.026
4,598,239.505,563.514,803.019,572,803.019,877.08,0.0,803.019
4,599,241.201,564.316,805.517,572,805.517,880.359,0.0,805.517
4,600,234.766,563.875,798.641,572,798.641,948.691,0.0,798.641
4,601,240.549,561.636,802.185,572,802.185,942.802,0.0,802.185
4,602,240.381,561.256,801.637,572,801.637,912.926,0.0,801.637
4,603,237.046,564.123,801.169,572,801.169,937.709,0.0,801.169
4,604,229.062,564.973,794.035,572,794.035,951.439,0.0,794.035
4,605,233.397,564.324,797.721,572,797.721,949.971,0.0,797.721
4,606,239.484,562.826,802.31,572,802.31,895.469,0.0,802.31
4,607,234.295,564.793,799.088,572,799.088,911.943,0.0,799.088
4,608,231.241,561.191,792.432,572,792.432,920.438,0.0,792.432
4,609,235.758,562.749,798.507,572,798.507,956.757,0.0,798.507
4,610,234.466,562.369,796.835,572,796.835,924.126,0.0,796.835
4,611,234.374,561.317,795.691,572,795.691,922.243,0.0,795.691
4,612,238.072,563.462,801.534,572,801.534,916.39,0.0,801.534
4,613,226.317,564.583,790.9,572,790.9,920.63,0.0,790.9
4,614,238.005,562.101,800.106,572,800.106,953.279,0.0,800.106
4,615,236.348,563.573,799.921,572,799.921,933.02,0.0,799.921
4,616,236.825,562.001,798.826,572,798.826,958.44,0.0,798.826
4,617,388.243,561.295,949.538,572,949.538,954.454,0.0,949.538
4,618,232.261,563.175,795.436,572,795.436,959.36,0.0,795.436
4,619,235.498,563.421,798.919,572,798.919,923.68,0.0,798.919
4,620,230.892,560.802,791.694,572,791.694,924.742,0.0,791.694
4,621,234.005,563.776,797.781,572,797.781,926.072,0.0,797.781
4,622,232.863,561.599,794.462,572,794.462,945.356,0.0,794.462
4,623,231.638,564.972,796.61,572,796.61,920.775,0.0,796.61
4,624,230.054,562.819,792.873,572,792.873,907.796,0.0,792.873
4,625,229.646,564.146,793.792,572,793.792,950.477,0.0,793.792
4,626,231.945,561.743,793.688,572,793.688,967.194,0.0,793.688
4,627,234.759,560.59,795.349,572,795.349,875.171,0.0,795.349
4,628,340.803,563.598,904.401,572,904.401,909.34,0.0,904.401
4,629,363.917,562.098,926.015,572,926.015,931.034,0.0,926.015
4,630,337.744,563.035,900.779,572,900.779,905.731,0.0,900.779
4,631,385.503,561.914,947.417,572,947.417,954.482,0.0,947.417
4,632,394.882,563.106,957.988,572,957.988,964.376,0.0,957.988
4,633,401.282,563.707,964.989,572,964.989,969.868,0.0,964.989
4,634,401.202,560.493,961.695,572,961.695,966.674,0.0,961.695
4,635,272.302,561.45,833.752,572,833.752,935.451,0.0,833.752
4,636,400.429,561.952,962.381,572,962.381,967.31,0.0,962.381
4,637,392.514,564.928,957.442,572,957.442,962.326,0.0,957.442
4,638,397.865,564.696,962.561,572,962.561,968.807,0.0,962.561
4,639,365.346,561.719,927.065,572,927.065,931.874,0.0,927.065
4,640,360.95,563.811,924.761,572,924.761,929.579,0.0,924.761
4,641,391.881,562.037,953.918,572,953.918,960.151,0.0,953.918
4,642,362.655,561.594,924.249,572,924.249,930.428,0.0,924.249
4,643,288.556,565.095,853.651,572,853.651,920.947,0.0,853.651
4,644,312.859,564.247,877.106,572,877.106,884.116,0.0,877.106
4,645,343.202,564.925,908.127,572,908.127,913.037,0.0,908.127
4,646,340.507,562.681,903.188,572,903.188,908.108,0.0,903.188
4,647,357.428,564.36,921.788,572,921.788,928.248,0.0,921.788
4,648,323.424,564.916,888.34,572,888.34,893.234,0.0,888.34
4,649,332.105,563.129,895.234,572,895.234,900.022,0.0,895.234
4,650,340.377,564.68,905.057,572,905.057,912.141,0.0,905.057
4,651,302.903,563.64,866.543,572,866.543,873.641,0.0,866.543
4,652,328.555,564.756,893.311,572,893.311,900.338,0.0,893.311
4,653,355.778,564.66,920.438,572,920.438,927.491,0.0,920.438
4,654,387.428,564.096,951.524,572,951.524,956.402,0.0,951.524
4,655,372.425,564.784,937.209,572,937.209,944.208,0.0,937.209
4,656,365.624,564.481,930.105,572,930.105,937.184,0.0,930.105
4,657,381.006,562.599,943.605,572,943.605,950.678,0.0,943.605
4,658,391.254,561.045,952.299,572,952.299,957.172,0.0,952.299
4,659,357.328,564.937,922.265,572,922.265,927.107,0.0,922.265
4,660,277.919,564.52,842.439,572,842.439,921.921,0.0,842.439
4,661,394.549,562.805,957.354,572,957.354,962.251,0.0,957.354
4,662,395.418,562.123,957.541,572,957.541,962.589,0.0,957.541
4,663,401.386,561.242,962.628,572,962.628,967.512,0.0,962.628
4,664,346.663,564.246,910.909,572,910.909,917.919,0.0,910.909
4,665,377.311,561.202,938.513,572,938.513,943.386,0.0,938.513
4,666,374.204,562.584,936.788,572,936.788,943.857,0.0,936.788
4,667,303.389,563.793,867.182,572,867.182,872.132,0.0,867.182
4,668,314.351,563.142,877.493,572,877.493,882.321,0.0,877.493
4,669,300.653,564.285,864.938,572,864.938,869.942,0.0,864.938
4,670,317.01,562.954,879.964,572,879.964,884.774,0.0,879.964
4,671,309.111,562.116,871.227,572,871.227,878.279,0.0,871.227
4,672,334.963,561.473,896.436,572,896.436,901.263,0.0,896.436
4,673,321.286,564.758,886.044,572,886.044,893.319,0.0,886.044
4,674,299.152,564.829,863.981,572,863.981,871.177,0.0,863.981
4,675,317.525,565.16,882.685,572,882.685,887.68,0.0,882.685
4,676,329.605,563.485,893.09,572,893.09,898.147,0.0,893.09
4,677,266.384,562.371,828.755,572,828.755,909.255,0.0,828.755
4,678,330.99,563.56,894.55,572,894.55,899.376,0.0,894.55
4,679,396.911,561.68,958.591,572,958.591,963.494,0.0,958.591
4,680,372.223,563.787,936.01,572,936.01,941.008,0.0,936.01
4,681,338.067,561.302,899.369,572,899.369,904.382,0.0,899.369
4,682,389.856,564.74,954.596,572,954.596,961.647,0.0,954.596
4,683,403.168,561.26,964.428,572,964.428,970.425,0.0,964.428
4,684,390.784,562.132,952.916,572,952.916,957.802,0.0,952.916
4,685,394.022,564.072,958.094,572,958.094,962.933,0.0,958.094
4,686,397.447,564.243,961.69,572,961.69,968.292,0.0,961.69
4,687,395.591,563.921,959.512,572,959.512,964.467,0.0,959.512
4,688,398.614,564.992,963.606,572,963.606,968.438,0.0,963.606
4,689,356.153,562.167,918.32,572,918.32,923.096,0.0,918.32
4,690,356.02,560.972,916.992,572,916.992,924.349,0.0,916.992
4,691,354.773,562.655,917.428,572,917.428,922.304,0.0,917.428
4,692,379.562,561.132,940.694,572,940.694,946.823,0.0,940.694
4,693,282.041,574.567,856.608,572,856.608,942.176,0.0,856.608
4,694,398.91,561.309,960.219,572,960.219,966.691,0.0,960.219
4,695,292.173,574.555,866.728,572,866.728,950.307,0.0,866.728
4,696,331.839,563.087,894.926,572,894.926,901.971,0.0,894.926
4,697,333.182,574.563,907.745,572,907.745,914.867,0.0,907.745
4,698,330.701,605.55,936.251,572,936.251,942.739,0.0,936.251
4,699,336.866,604.572,941.438,572,941.438,946.414,0.0,941.438
