reload,observer,gap_ms,gap_start_ms,gap_end_ms,end_base_nlri,first_base_ms,completion_ms,clock_uncertainty_us,first_generation_ms,inventory_rows,release_ms,release_rank,consumer_ms,enqueue_ms,admitted_before,chunk_bytes,elected_encoder,writer_logged_ms,writer_start_ms,writer_elapsed_ms,writer_busy_ms,writer_pending_polls,writer_polls,batch_frames,batch_bytes,send_buffer,enqueue_to_writer_trace_ms,writer_to_arrival_ms,release_to_consumer_ms,inventory
1,0,211.904,659.378,871.282,572,871.282,1040.621,0.5,871.282,400432,866.1245,0,866.1525,871.0305,1849491,2338,True,871.1325,871.1195,0.013,0.01305,0,1,3,6054,2626560,0.08900000000005548,0.16250000000002274,0.02800000000002001,reload-1-inventory
1,1,212.247,659.265,871.512,572,871.512,968.316,0.5,871.512,400432,866.1385,1,866.2005,871.3125,1849491,2338,False,871.3355,871.3225,0.013,0.013009,0,1,3,6054,2626560,0.009999999999990905,0.1894999999999527,0.06200000000001182,reload-1-inventory
1,2,211.919,659.318,871.237,572,871.237,1037.32,0.5,871.237,400432,866.1455,2,866.1765,871.1445,1849491,2338,False,871.1655,871.1535,0.012,0.011847,0,1,3,6054,2626560,0.009000000000014552,0.08349999999995816,0.031000000000062755,reload-1-inventory
1,3,212.618,658.631,871.249,572,871.249,1033.862,0.5,871.249,400432,866.1515,3,866.2095,871.1065,1849491,2338,False,871.1255,871.1145,0.01,0.010466,0,1,3,7014,2626560,0.008000000000038199,0.13450000000000273,0.057999999999992724,reload-1-inventory
1,4,213.159,658.08,871.239,572,871.239,1019.825,0.5,871.239,400432,866.1565,4,866.1905,871.1475,1849491,2338,False,871.1715,871.1575,0.014,0.013851,0,1,4,8392,2626560,0.009999999999990905,0.08150000000000546,0.033999999999991815,reload-1-inventory
1,5,214.196,657.119,871.315,572,871.315,1027.415,0.5,871.315,400432,866.1665,5,866.2105,871.2535,1849491,2338,False,871.2885,871.2755,0.012,0.012598,0,1,4,8392,2626560,0.021999999999934516,0.03950000000008913,0.04399999999998272,reload-1-inventory
1,6,211.688,659.532,871.22,572,871.22,1025.043,0.5,871.22,400432,866.1715,6,866.2185,871.0605,1849491,2338,False,871.0935,871.0735,0.019,0.018588,0,1,4,8392,2626560,0.012999999999919964,0.14650000000006003,0.04699999999991178,reload-1-inventory
1,7,211.716,659.474,871.19,572,871.19,994.758,0.5,871.19,400432,866.1765,7,866.2155,871.0545,1849491,2338,False,871.0915,871.0685,0.023,0.022654,0,1,4,8392,2626560,0.014000000000010004,0.12150000000008276,0.03899999999998727,reload-1-inventory
1,8,212.192,659.177,871.369,572,871.369,1022.336,0.5,871.369,400432,866.1835,8,866.2405,871.1735,1849491,2338,False,871.1935,871.1825,0.011,0.011217,0,1,4,8392,2626560,0.009000000000014552,0.18650000000002365,0.05700000000001637,reload-1-inventory
1,9,212.111,659.249,871.36,572,871.36,996.028,0.5,871.36,400432,866.1885,9,866.2295,871.1635,1849491,2338,False,871.1885,871.1735,0.015,0.014973,0,1,4,8392,2626560,0.009999999999990905,0.18650000000002365,0.04100000000005366,reload-1-inventory
1,10,213.212,658.135,871.347,572,871.347,987.752,0.5,871.347,400432,866.2035,10,866.2305,871.2015,1849491,2338,False,871.2305,871.2155,0.014,0.014041,0,1,4,8392,2626560,0.014000000000010004,0.13149999999995998,0.027000000000043656,reload-1-inventory
1,11,212.866,658.415,871.281,572,871.281,1009.389,0.5,871.281,400432,866.2085,11,866.2355,871.1135,1849491,2338,False,871.1375,871.1235,0.013,0.01365,0,1,4,8392,2626560,0.009999999999990905,0.1574999999999136,0.027000000000043656,reload-1-inventory
1,12,214.311,657.101,871.412,572,871.412,1046.914,0.5,871.412,400432,866.2135,12,866.2415,871.1965,1849491,2338,False,871.2175,871.2055,0.012,0.011918,0,1,4,8392,2626560,0.009000000000014552,0.20650000000000546,0.02800000000002001,reload-1-inventory
1,13,214.387,657.022,871.409,572,871.409,1012.345,0.5,871.409,400432,866.2195,13,866.2505,871.1805,1849491,2338,False,871.2045,871.1895,0.014,0.014542,0,1,4,8392,2626560,0.008999999999900865,0.2195000000000391,0.03099999999994907,reload-1-inventory
1,14,214.522,656.656,871.178,572,871.178,1050.306,0.5,871.178,400432,866.2375,14,866.2895,871.0475,1849491,2338,False,871.0935,871.0655,0.027,0.02699,0,1,4,8392,2626560,0.018000000000029104,0.11249999999995453,0.05200000000002092,reload-1-inventory
1,15,212.044,659.435,871.479,572,871.479,1030.585,0.5,871.479,400432,866.2515,15,866.2945,871.3475,1849491,2338,False,871.3715,871.3575,0.013,0.01298,0,1,4,8392,2626560,0.009999999999990905,0.12150000000008276,0.043000000000006366,reload-1-inventory
1,16,214.523,656.744,871.267,572,871.267,1045.731,0.5,871.267,400432,866.2855,16,866.3005,871.1025,1849491,2338,False,871.1225,871.1095,0.012,0.012729,0,1,4,8392,2626560,0.007000000000061846,0.15750000000002728,0.015000000000100044,reload-1-inventory
1,17,214.346,656.903,871.249,572,871.249,1031.363,0.5,871.249,400432,866.2915,17,866.3025,871.1435,1849491,2338,False,871.1665,871.1525,0.014,0.014011,0,1,4,8392,2626560,0.009000000000014552,0.09649999999999181,0.010999999999967258,reload-1-inventory
1,18,211.828,659.583,871.411,572,871.411,1037.954,0.5,871.411,400432,866.2965,18,866.3075,871.1755,1849491,2338,False,871.2025,871.1875,0.015,0.014873,0,1,4,8392,2626560,0.011999999999943611,0.22349999999994452,0.010999999999967258,reload-1-inventory
1,19,212.845,658.52,871.365,572,871.365,1052.214,0.5,871.365,400432,866.3015,19,866.3155,871.2195,1849491,2338,False,871.2425,871.2295,0.013,0.0131,0,1,4,8392,2626560,0.009999999999990905,0.13549999999997908,0.014000000000010004,reload-1-inventory
1,20,214.323,657.028,871.351,572,871.351,1045.612,0.5,871.351,400432,866.3085,20,866.3295,871.2505,1849491,2338,False,871.2775,871.2665,0.011,0.010997,0,1,4,8392,2626560,0.01599999999996271,0.0845000000000482,0.02100000000007185,reload-1-inventory
1,21,212.693,658.79,871.483,572,871.483,969.039,0.5,871.483,400432,866.3195,21,866.3365,871.3765,1849491,2338,False,871.3985,871.3865,0.011,0.011628,0,1,4,8392,2626560,0.009999999999990905,0.09649999999999181,0.01700000000005275,reload-1-inventory
1,22,212.039,659.478,871.517,572,871.517,1047.431,0.5,871.517,400432,866.3295,22,866.3435,871.3295,1849491,2338,False,871.3675,871.3525,0.015,0.015343,0,1,4,8392,2626560,0.02299999999991087,0.16450000000008913,0.013999999999896318,reload-1-inventory
1,23,213.158,658.399,871.557,572,871.557,987.057,0.5,871.557,400432,866.3365,23,866.3535,871.4075,1849491,2338,False,871.4425,871.4285,0.014,0.014021,0,1,4,8392,2626560,0.020999999999958163,0.12850000000003092,0.01700000000005275,reload-1-inventory
1,24,213.308,658.308,871.616,572,871.616,1033.849,0.5,871.616,400432,866.3455,24,866.3615,871.4535,1849491,2338,False,871.4915,871.4755,0.016,0.015934,0,1,9,16834,2626560,0.022000000000048203,0.14049999999997453,0.01599999999996271,reload-1-inventory
1,25,214.531,657.214,871.745,572,871.745,1046.989,0.5,871.745,400432,866.3525,25,866.3705,871.5005,1849491,2338,False,871.5395,871.5255,0.013,0.01336,0,1,9,16834,2626560,0.024999999999977263,0.2195000000000391,0.018000000000029104,reload-1-inventory
1,26,212.66,659.118,871.778,572,871.778,993.079,0.5,871.778,400432,866.3605,26,866.3735,871.5505,1849491,2338,False,871.5785,871.5615,0.016,0.016525,0,1,9,16834,2626560,0.010999999999967258,0.21649999999999636,0.013000000000033651,reload-1-inventory
1,27,213.275,658.645,871.92,572,871.92,1018.334,0.5,871.92,400432,866.3675,27,866.3965,871.6545,1849491,2338,False,871.6885,871.6715,0.017,0.017126,0,1,9,16834,2626560,0.01700000000005275,0.24849999999992178,0.028999999999996362,reload-1-inventory
1,28,212.638,659.137,871.775,572,871.775,1047.5,0.5,871.775,400432,866.3775,28,866.3975,871.5875,1849491,2338,False,871.6115,871.5995,0.012,0.011878,0,1,9,16834,2626560,0.012000000000057298,0.1754999999999427,0.01999999999998181,reload-1-inventory
1,29,213.775,658.106,871.881,572,871.881,994.273,0.5,871.881,400432,866.3935,29,866.4085,871.7135,1849491,2338,False,871.7365,871.7235,0.012,0.012038,0,1,9,16834,2626560,0.009999999999990905,0.15750000000002728,0.014999999999986358,reload-1-inventory
1,30,214.469,657.391,871.86,572,871.86,988.201,0.5,871.86,400432,866.4005,30,866.4145,871.7585,1849491,2338,False,871.7855,871.7695,0.016,0.015894,0,1,9,16834,2626560,0.010999999999967258,0.09050000000002001,0.014000000000010004,reload-1-inventory
1,31,214.425,657.545,871.97,572,871.97,1014.548,0.5,871.97,400432,866.4075,31,866.4215,871.8335,1849491,2338,False,871.8595,871.8435,0.015,0.015553,0,1,9,16834,2626560,0.009999999999990905,0.12650000000007822,0.014000000000010004,reload-1-inventory
1,32,214.639,657.373,872.012,572,872.012,1000.126,0.5,872.012,400432,866.4165,32,866.4285,871.7945,1849491,2338,False,871.8245,871.8125,0.012,0.011938,0,1,9,16834,2626560,0.018000000000029104,0.1994999999999436,0.011999999999943611,reload-1-inventory
1,33,214.051,658.018,872.069,572,872.069,1050.515,0.5,872.069,400432,866.4215,33,866.4435,871.8685,1849491,2338,False,871.9025,871.8905,0.012,0.012349,0,1,13,25226,2626560,0.021999999999934516,0.17849999999998545,0.021999999999934516,reload-1-inventory
1,34,215.165,656.81,871.975,572,871.975,988.769,0.5,871.975,400432,866.4295,34,866.4465,871.9155,1849491,2338,False,871.9455,871.9285,0.017,0.017126,0,1,13,25226,2626560,0.013000000000033651,0.04650000000003729,0.01700000000005275,reload-1-inventory
1,35,214.415,657.775,872.19,572,872.19,963.377,0.5,872.19,400432,866.4415,35,866.4525,871.9575,1849491,2338,False,872.0045,871.9855,0.018,0.018528,0,1,13,25226,2626560,0.02800000000002001,0.20450000000005275,0.010999999999967258,reload-1-inventory
1,36,214.818,657.469,872.287,572,872.287,1030.787,0.5,872.287,400432,866.4475,36,866.4605,872.0145,1849491,2338,False,872.0495,872.0265,0.022,0.022503,0,1,13,25226,2626560,0.012000000000057298,0.2604999999999791,0.013000000000033651,reload-1-inventory
1,37,214.384,658.03,872.414,572,872.414,1000.589,0.5,872.414,400432,866.4535,37,866.4675,872.1485,1849491,2338,False,872.1825,872.1645,0.017,0.017236,0,1,13,25226,2626560,0.01599999999996271,0.24950000000001182,0.014000000000010004,reload-1-inventory
1,38,213.19,659.067,872.257,572,872.257,964.851,0.5,872.257,400432,866.4595,38,866.4705,872.0705,1849491,2338,False,872.1035,872.0875,0.016,0.016315,0,1,13,25226,2626560,0.016999999999939064,0.1694999999999709,0.010999999999967258,reload-1-inventory
1,39,213.033,659.13,872.163,572,872.163,989.516,0.5,872.163,400432,866.4655,39,866.4785,872.1135,1849491,2338,False,872.1385,872.1265,0.012,0.011918,0,1,13,25226,2626560,0.012999999999919964,0.036500000000046384,0.013000000000033651,reload-1-inventory
1,40,213.53,657.672,871.202,572,871.202,1037.373,0.5,871.202,400432,866.4725,40,866.4885,871.0495,1849491,2338,False,871.0905,871.0655,0.025,0.024306,0,1,4,8392,2626560,0.016000000000076398,0.13649999999995543,0.016000000000076398,reload-1-inventory
1,41,268.861,656.87,925.731,572,925.731,1021.882,0.5,925.731,400432,866.4785,41,866.4955,906.2605,1849491,2338,False,906.3285,906.2995,0.029,0.028523,0,1,64,117600,2626560,0.03899999999998727,19.431500000000028,0.016999999999939064,reload-1-inventory
1,42,265.941,658.99,924.931,572,924.931,1023.105,0.5,924.931,400432,866.4885,42,866.5035,906.4545,1849491,2338,False,906.5235,906.4965,0.027,0.027001,0,1,64,119888,2626560,0.041999999999916326,18.43450000000007,0.014999999999986358,reload-1-inventory
1,43,256.98,658.641,915.621,572,915.621,1014.712,0.5,915.621,400432,866.4955,43,866.5115,906.8405,1849491,2338,False,906.9125,906.8825,0.03,0.029374,0,1,64,117600,2626560,0.04200000000003001,8.73849999999993,0.01599999999996271,reload-1-inventory
1,44,267.33,658.907,926.237,572,926.237,986.055,0.5,926.237,400432,866.5025,44,866.5125,906.6335,1849491,2338,False,906.7205,906.6925,0.028,0.027481,0,1,64,117600,2626560,0.05899999999996908,19.54449999999997,0.009999999999990905,reload-1-inventory
1,45,260.087,658.673,918.76,572,918.76,992.897,0.5,918.76,400432,866.5075,45,866.5205,907.0275,1849491,2338,False,907.1075,907.0715,0.036,0.035854,0,1,64,117600,2626560,0.04399999999998272,11.688499999999976,0.012999999999919964,reload-1-inventory
1,46,269.607,658.357,927.964,572,927.964,967.848,0.5,927.964,400432,866.5135,46,866.5375,907.2245,1849491,2338,False,907.3015,907.2675,0.034,0.03333,0,1,64,119888,2626560,0.043000000000006366,20.696500000000015,0.02400000000000091,reload-1-inventory
1,47,275.083,658.014,933.097,572,933.097,1012.131,0.5,933.097,400432,866.5205,47,866.5415,907.4015,1849491,2338,False,907.4645,907.4385,0.026,0.025658,0,1,64,117600,2626560,0.036999999999920874,25.658500000000004,0.02100000000007185,reload-1-inventory
1,48,278.287,656.514,934.801,572,934.801,1002.692,0.5,934.801,400432,866.5365,48,866.5485,907.5945,1849491,2338,False,907.6645,907.6275,0.036,0.036164,0,1,64,117600,2626560,0.03300000000001546,27.17349999999999,0.011999999999943611,reload-1-inventory
1,49,280.513,656.766,937.279,572,937.279,992.502,0.5,937.279,400432,866.5425,49,866.5555,907.7645,1849491,2338,False,907.8315,907.8025,0.029,0.028864,0,1,64,117600,2626560,0.038000000000010914,29.476499999999987,0.013000000000033651,reload-1-inventory
1,50,280.957,658.009,938.966,572,938.966,1009.242,0.5,938.966,400432,866.5495,50,866.5635,907.9285,1849491,2338,False,907.9935,907.9635,0.029,0.029203,0,1,64,119888,2626560,0.03499999999996817,31.002500000000055,0.014000000000010004,reload-1-inventory
1,51,253.11,659.49,912.6,572,912.6,975.886,0.5,912.6,400432,866.5575,51,866.5725,908.0905,1849491,2338,False,908.1465,908.1205,0.025,0.025318,0,1,64,117888,2626560,0.029999999999972715,4.47950000000003,0.014999999999986358,reload-1-inventory
1,52,260.908,658.439,919.347,572,919.347,998.918,0.5,919.347,400432,866.5645,52,866.5795,908.6215,1849491,2338,False,908.7185,908.6925,0.026,0.025498,0,1,64,117888,2626560,0.07100000000002638,10.654499999999985,0.015000000000100044,reload-1-inventory
1,53,254.969,658.336,913.305,572,913.305,976.371,0.5,913.305,400432,866.5715,53,866.5865,908.4295,1849491,2338,False,908.5205,908.4695,0.05,0.050225,0,1,64,117888,2626560,0.04000000000007731,4.835499999999911,0.014999999999986358,reload-1-inventory
1,54,261.939,658.344,920.283,572,920.283,971.542,0.5,920.283,400432,866.5805,54,866.5935,908.2545,1849491,2338,False,908.3235,908.2945,0.028,0.028303,0,1,64,117888,2626560,0.03999999999996362,11.988500000000045,0.012999999999919964,reload-1-inventory
1,55,267.045,659.271,926.316,572,926.316,1000.065,0.5,926.316,400432,866.5875,55,866.6055,908.8215,1849491,2338,False,908.8865,908.8605,0.026,0.025588,0,1,64,117888,2626560,0.03899999999998727,17.45550000000003,0.018000000000029104,reload-1-inventory
1,56,264.801,659.109,923.91,572,923.91,973.172,0.5,923.91,400432,866.6005,56,866.6135,908.9945,1849491,2338,False,909.0575,909.0305,0.026,0.026049,0,1,64,117888,2626560,0.03599999999994452,14.879500000000007,0.013000000000033651,reload-1-inventory
1,57,268.999,657.625,926.624,572,926.624,989.512,0.5,926.624,400432,866.6065,57,866.6215,909.1605,1849491,2338,False,909.2225,909.1965,0.026,0.026239,0,1,64,117888,2626560,0.03600000000005821,17.42750000000001,0.014999999999986358,reload-1-inventory
1,58,266.326,657.157,923.483,572,923.483,1009.184,0.5,923.483,400432,866.6125,58,866.6285,909.5185,1849491,2338,False,909.5885,909.5605,0.028,0.027481,0,1,64,117888,2626560,0.04200000000003001,13.9224999999999,0.016000000000076398,reload-1-inventory
1,59,260.88,658.415,919.295,572,919.295,975.017,0.5,919.295,400432,866.6185,59,866.6375,909.3375,1849491,2338,False,909.4055,909.3775,0.028,0.027501,0,1,64,117888,2626560,0.04000000000007731,9.917499999999905,0.019000000000005457,reload-1-inventory
1,60,259.563,656.715,916.278,572,916.278,979.665,0.5,916.278,400432,866.6285,60,866.6555,909.7055,1849491,2338,False,909.7735,909.7465,0.027,0.027021,0,1,64,117888,2626560,0.04099999999993997,6.531500000000051,0.02699999999992997,reload-1-inventory
1,61,262.894,658.915,921.809,572,921.809,995.9,0.5,921.809,400432,866.6435,61,866.6605,909.8855,1849491,2338,False,909.9555,909.9285,0.027,0.02701,0,1,64,117888,2626560,0.043000000000006366,11.880499999999984,0.016999999999939064,reload-1-inventory
1,62,264.31,659.225,923.535,572,923.535,983.863,0.5,923.535,400432,866.6535,62,866.6655,910.0725,1849491,2338,False,910.1395,910.1125,0.027,0.02672,0,1,64,117888,2626560,0.03999999999996362,13.422500000000014,0.011999999999943611,reload-1-inventory
1,63,270.651,658.277,928.928,572,928.928,963.574,0.5,928.928,400432,866.6595,63,866.6725,910.2465,1849491,2338,False,910.3145,910.2855,0.028,0.028292,0,1,64,117888,2626560,0.03899999999998727,18.64250000000004,0.013000000000033651,reload-1-inventory
1,64,271.882,659.52,931.402,572,931.402,989.622,0.5,931.402,400432,866.6665,64,866.6815,910.4295,1849491,2338,False,910.5235,910.4685,0.055,0.054541,0,1,64,117888,2626560,0.03899999999998727,20.933500000000095,0.014999999999986358,reload-1-inventory
1,65,269.343,656.524,925.867,572,925.867,976.485,0.5,925.867,400432,866.6725,65,866.6845,910.6315,1849491,2338,False,910.7835,910.7535,0.029,0.029144,0,1,64,117888,2626560,0.12200000000007094,15.11349999999993,0.011999999999943611,reload-1-inventory
1,66,331.83,657.419,989.249,572,989.249,1039.436,0.5,989.249,400432,866.6795,66,866.6905,911.3825,1849491,2338,False,911.4885,911.4345,0.053,0.05323,0,1,64,117888,2626560,0.05199999999990723,77.81450000000007,0.011000000000080945,reload-1-inventory
1,67,360.285,659.465,1019.75,572,1019.75,1042.785,0.5,1019.75,400432,866.6865,67,866.6985,911.8605,1849491,2338,False,911.9445,911.9105,0.034,0.034001,0,1,64,117888,2626560,0.049999999999954525,107.83950000000004,0.011999999999943611,reload-1-inventory
1,68,352.565,658.111,1010.676,572,1010.676,1043.96,0.5,1010.676,400432,866.6925,68,866.7055,911.6185,1849491,2338,False,911.6965,911.6665,0.03,0.030235,0,1,64,117888,2626560,0.04800000000000182,99.0095,0.013000000000033651,reload-1-inventory
1,69,285.175,657.084,942.259,572,942.259,995.976,0.5,942.259,400432,866.6985,69,866.7115,912.4405,1849491,2338,False,912.5215,912.4935,0.028,0.027711,0,1,64,117888,2626560,0.05299999999999727,29.765499999999975,0.013000000000033651,reload-1-inventory
1,70,281.717,658.09,939.807,572,939.807,986.995,0.5,939.807,400432,866.7045,70,866.7155,912.2185,1849491,2338,False,912.2975,912.2545,0.043,0.042454,0,1,64,117888,2626560,0.03600000000005821,27.55250000000001,0.010999999999967258,reload-1-inventory
1,71,300.765,659.543,960.308,572,960.308,1014.852,0.5,960.308,400432,866.7095,71,866.7385,913.8415,1849491,2338,False,913.9145,913.8795,0.035,0.034992,0,1,64,117888,2626560,0.038000000000010914,46.428499999999985,0.028999999999996362,reload-1-inventory
1,72,294.172,658.245,952.417,572,952.417,1051.481,0.5,952.417,400432,866.7165,72,866.7405,912.7075,1849491,2338,False,912.7705,912.7415,0.028,0.028323,0,1,64,117888,2626560,0.033999999999991815,39.675500000000056,0.02400000000000091,reload-1-inventory
1,73,291.932,658.119,950.051,572,950.051,1019.78,0.5,950.051,400432,866.7295,73,866.7445,912.9525,1849491,2338,False,913.0405,913.0045,0.036,0.035493,0,1,64,117888,2626560,0.05200000000002092,37.04650000000004,0.014999999999986358,reload-1-inventory
1,74,297.145,658.16,955.305,572,955.305,1035.976,0.5,955.305,400432,866.7335,74,866.7475,913.1795,1849491,2338,False,913.2485,913.2145,0.034,0.033901,0,1,64,117888,2626560,0.035000000000081855,42.090499999999906,0.013999999999896318,reload-1-inventory
1,75,340.74,657.156,997.896,572,997.896,1052.851,0.5,997.896,400432,866.7395,75,866.7585,914.8135,1849491,2338,False,914.8985,914.8735,0.025,0.024737,0,1,64,117888,2626560,0.06000000000005912,83.02249999999992,0.019000000000005457,reload-1-inventory
1,76,316.137,658.453,974.59,572,974.59,983.701,0.5,974.59,400432,866.7455,76,866.7575,914.1305,1849491,2338,False,914.2205,914.1705,0.05,0.050176,0,1,64,117888,2626560,0.03999999999996362,60.419500000000085,0.012000000000057298,reload-1-inventory
1,77,285.325,656.541,941.866,572,941.866,981.097,0.5,941.866,400432,866.7515,77,866.7645,913.3825,1849491,2338,False,913.4675,913.4355,0.032,0.031467,0,1,64,117888,2626560,0.05299999999999727,28.430499999999938,0.013000000000033651,reload-1-inventory
1,78,325.299,656.937,982.236,572,982.236,1015.996,0.5,982.236,400432,866.7565,78,866.7765,914.3695,1849491,2338,False,914.4425,914.4145,0.028,0.027832,0,1,64,117888,2626560,0.04499999999995907,67.82150000000001,0.020000000000095497,reload-1-inventory
1,79,286.965,658.661,945.626,572,945.626,1010.587,0.5,945.626,400432,866.7655,79,866.7805,913.5965,1849491,2338,False,913.6855,913.6325,0.053,0.05323,0,1,64,117888,2626560,0.03600000000005821,31.993499999999926,0.014999999999986358,reload-1-inventory
1,80,328.603,656.665,985.268,572,985.268,1015.222,0.5,985.268,400432,866.7745,80,866.7875,914.5675,1849491,2338,False,914.6305,914.5975,0.032,0.031667,0,1,64,117888,2626560,0.029999999999972715,70.67050000000006,0.013000000000033651,reload-1-inventory
1,81,359.908,657.979,1017.887,572,1017.887,1023.073,0.5,1017.887,400432,866.7805,81,866.8035,915.8445,1849491,2338,False,915.9635,915.9245,0.038,0.038067,0,1,64,117888,2626560,0.07999999999992724,101.96249999999998,0.023000000000024556,reload-1-inventory
1,82,374.133,658.697,1032.83,572,1032.83,1050.168,0.5,1032.83,400432,866.7875,82,866.8115,916.1375,1849491,2338,False,916.2155,916.1825,0.032,0.032028,0,1,64,117888,2626560,0.04499999999995907,116.64749999999992,0.02400000000000091,reload-1-inventory
1,83,349.209,656.632,1005.841,572,1005.841,1025.581,0.5,1005.841,400432,866.8045,83,866.8265,915.3265,1849491,2338,False,915.3885,915.3615,0.027,0.02653,0,1,64,117888,2626560,0.03499999999996817,90.47950000000003,0.022000000000048203,reload-1-inventory
1,84,344.26,657.574,1001.834,572,1001.834,1018.563,0.5,1001.834,400432,866.8125,84,866.8275,915.0735,1849491,2338,False,915.1625,915.1275,0.035,0.034391,0,1,64,117888,2626560,0.05400000000008731,86.70649999999989,0.014999999999986358,reload-1-inventory
1,85,357.198,657.585,1014.783,572,1014.783,1028.21,0.5,1014.783,400432,866.8215,85,866.8345,915.5585,1849491,2338,False,915.6505,915.5995,0.05,0.049665,0,1,64,117888,2626560,0.04100000000005366,99.18349999999998,0.013000000000033651,reload-1-inventory
1,86,367.171,659.305,1026.476,572,1026.476,1037.286,0.5,1026.476,400432,866.8275,86,866.8385,916.3875,1849491,2338,False,916.4835,916.4415,0.041,0.04058,0,1,64,117888,2626560,0.053999999999973625,110.0345000000001,0.010999999999967258,reload-1-inventory
1,87,267.727,656.729,924.456,572,924.456,983.742,0.5,924.456,400432,866.8335,87,866.8495,916.7455,1849491,2338,False,916.8335,916.7975,0.036,0.036064,0,1,64,117888,2626560,0.05200000000002092,7.658500000000004,0.016000000000076398,reload-1-inventory
1,88,283.468,657.441,940.909,572,940.909,1000.81,0.5,940.909,400432,866.8425,88,866.8555,917.0345,1849491,2338,False,917.1295,917.0955,0.034,0.03354,0,1,64,117888,2626560,0.06100000000003547,23.813499999999976,0.013000000000033651,reload-1-inventory
1,89,295.16,657.488,952.648,572,952.648,1011.916,0.5,952.648,400432,866.8485,89,866.8585,917.3095,1849491,2338,False,917.3925,917.3435,0.048,0.048032,0,1,64,117888,2626560,0.033999999999991815,35.304500000000075,0.010000000000104592,reload-1-inventory
1,90,289.771,657.975,947.746,572,947.746,1025.697,0.5,947.746,400432,866.8545,90,866.8795,917.8735,1849491,2338,False,917.9545,917.9195,0.035,0.034762,0,1,64,117888,2626560,0.045999999999935426,29.82650000000001,0.024999999999977263,reload-1-inventory
1,91,309.355,658.925,968.28,572,968.28,1033.146,0.5,968.28,400432,866.8585,91,866.8825,917.5655,1849491,2338,False,917.6765,917.6465,0.03,0.029554,0,1,64,117888,2626560,0.0809999999999036,50.633500000000026,0.02400000000000091,reload-1-inventory
1,92,299.507,658.118,957.625,572,957.625,984.819,0.5,957.625,400432,866.8785,92,866.8895,918.1095,1849491,2338,False,918.1965,918.1615,0.035,0.034702,0,1,64,117888,2626560,0.05200000000002092,39.463499999999954,0.010999999999967258,reload-1-inventory
1,93,265.452,658.253,923.705,572,923.705,965.065,0.5,923.705,400432,866.8835,93,866.8955,918.3345,1849491,2338,False,918.4105,918.3825,0.028,0.027421,0,1,64,117888,2626560,0.04800000000000182,5.322499999999991,0.011999999999943611,reload-1-inventory
1,94,269.888,657.781,927.669,572,927.669,979.572,0.5,927.669,400432,866.8905,94,866.9025,918.5475,1849491,2338,False,918.6195,918.5875,0.032,0.031717,0,1,64,117888,2626560,0.03999999999996362,9.081500000000005,0.012000000000057298,reload-1-inventory
1,95,277.499,656.908,934.407,572,934.407,976.438,0.5,934.407,400432,866.8975,95,866.9105,912.0775,1849491,2338,False,912.1535,912.1185,0.035,0.035123,0,1,64,117888,2626560,0.04100000000005366,22.2885,0.012999999999919964,reload-1-inventory
1,96,366.274,657.649,1023.923,572,1023.923,1043.52,0.5,1023.923,400432,866.9025,96,866.9155,912.0195,1849491,2338,False,912.0895,912.0615,0.028,0.027582,0,1,64,117888,2626560,0.04200000000003001,111.86149999999998,0.012999999999919964,reload-1-inventory
1,97,282.558,658.935,941.493,572,941.493,968.17,0.5,941.493,400432,866.9095,97,866.9215,919.5185,1849491,2338,False,919.5935,919.5605,0.033,0.032359,0,1,64,117888,2626560,0.04200000000003001,21.932500000000005,0.012000000000057298,reload-1-inventory
1,98,273.646,659.533,933.179,572,933.179,1023.611,0.5,933.179,400432,866.9155,98,866.9275,919.2715,1849491,2338,False,919.3595,919.3175,0.042,0.041513,0,1,64,117888,2626560,0.04600000000004911,13.861499999999978,0.012000000000057298,reload-1-inventory
1,99,276.819,657.25,934.069,572,934.069,994.489,0.5,934.069,400432,866.9215,99,866.9325,919.0395,1849491,2338,False,919.1385,919.0865,0.051,0.051067,0,1,64,117888,2626560,0.047000000000025466,14.982499999999959,0.010999999999967258,reload-1-inventory
1,100,278.233,656.532,934.765,572,934.765,997.188,0.5,934.765,400432,866.9265,100,866.9385,918.8235,1849491,2338,False,918.9055,918.8765,0.03,0.029454,0,1,64,117888,2626560,0.05299999999999727,15.888500000000022,0.011999999999943611,reload-1-inventory
1,101,283.663,656.952,940.615,572,940.615,993.864,0.5,940.615,400432,866.9325,101,866.9465,912.2975,1849491,2338,False,912.3745,912.3395,0.034,0.033961,0,1,64,117888,2626560,0.04200000000003001,28.275499999999965,0.014000000000010004,reload-1-inventory
1,102,300.577,656.86,957.437,572,957.437,982.815,0.5,957.437,400432,866.9375,102,866.9495,912.7635,1849491,2338,False,912.8655,912.8195,0.046,0.045147,0,1,64,117888,2626560,0.05599999999992633,44.617500000000064,0.011999999999943611,reload-1-inventory
1,103,296.386,657.743,954.129,572,954.129,1044.037,0.5,954.129,400432,866.9425,103,866.9555,913.0355,1849491,2338,False,913.1615,913.0855,0.076,0.075584,0,1,64,117888,2626560,0.05000000000006821,41.043499999999995,0.013000000000033651,reload-1-inventory
1,104,296.79,657.377,954.167,572,954.167,1044.06,0.5,954.167,400432,866.9485,104,866.9605,913.7085,1849491,2338,False,913.8295,913.7575,0.072,0.071847,0,1,64,117888,2626560,0.04900000000009186,40.40949999999998,0.012000000000057298,reload-1-inventory
1,105,282.82,658.219,941.039,572,941.039,1007.256,0.5,941.039,400432,866.9545,105,866.9675,913.3665,1849491,2338,False,913.4745,913.4295,0.044,0.044076,0,1,64,117888,2626560,0.06299999999998818,27.609500000000025,0.012999999999919964,reload-1-inventory
1,106,314.164,659.629,973.793,572,973.793,1006.566,0.5,973.793,400432,866.9615,106,866.9745,914.1045,1849491,2338,False,914.2235,914.1535,0.071,0.070515,0,1,64,117888,2626560,0.04899999999997817,59.6395,0.013000000000033651,reload-1-inventory
1,107,324.983,658.649,983.632,572,983.632,1001.621,0.5,983.632,400432,866.9685,107,866.9805,914.4505,1849491,2338,False,914.5425,914.5005,0.042,0.041812,0,1,64,117888,2626560,0.049999999999954525,69.13149999999996,0.012000000000057298,reload-1-inventory
1,108,336.721,658.421,995.142,572,995.142,1006.417,0.5,995.142,400432,866.9755,108,866.9985,914.7295,1849491,2338,False,914.8155,914.7755,0.04,0.04025,0,1,64,117888,2626560,0.045999999999935426,80.36650000000009,0.023000000000024556,reload-1-inventory
1,109,341.536,658.363,999.899,572,999.899,1013.692,0.5,999.899,400432,866.9815,109,867.0015,915.0335,1849491,2338,False,915.1535,915.0815,0.072,0.071567,0,1,64,117888,2626560,0.04800000000000182,84.8175,0.01999999999998181,reload-1-inventory
1,110,348.865,659.54,1008.405,572,1008.405,1021.267,0.5,1008.405,400432,866.9955,110,867.0065,915.4105,1849491,2338,False,915.5355,915.4575,0.078,0.077687,0,1,64,117888,2626560,0.047000000000025466,92.94749999999999,0.010999999999967258,reload-1-inventory
1,111,357.579,659.474,1017.053,572,1017.053,1036.48,0.5,1017.053,400432,867.0005,111,867.0175,915.8335,1849491,2338,False,915.9555,915.9205,0.035,0.035192,0,1,64,117888,2626560,0.08699999999998909,101.13250000000005,0.01700000000005275,reload-1-inventory
1,112,377.345,656.582,1033.927,572,1033.927,1049.114,0.5,1033.927,400432,867.0115,112,867.0215,916.2085,1849491,2338,False,916.3495,916.2675,0.082,0.081442,0,1,64,117888,2626560,0.059000000000082764,117.65949999999987,0.009999999999990905,reload-1-inventory
1,113,284.628,657.532,942.16,572,942.16,992.356,0.5,942.16,400432,867.0155,113,867.0275,917.0445,1849491,2338,False,917.1915,917.1185,0.073,0.073049,0,1,64,117888,2626560,0.07400000000006912,25.041499999999928,0.012000000000057298,reload-1-inventory
1,114,260.477,656.581,917.058,572,917.058,1028.241,0.5,917.058,400432,867.0215,114,867.0425,916.6655,1849491,2338,False,916.7625,916.7225,0.04,0.039609,0,1,64,117888,2626560,0.05700000000001637,0.33550000000002456,0.02100000000007185,reload-1-inventory
1,115,305.112,657.149,962.261,572,962.261,1029.692,0.5,962.261,400432,867.0275,115,867.0445,917.4715,1849491,2338,False,917.5625,917.5235,0.039,0.038598,0,1,64,117888,2626560,0.05200000000002092,44.737499999999955,0.016999999999939064,reload-1-inventory
1,116,295.389,657.738,953.127,572,953.127,1026.607,0.5,953.127,400432,867.0405,116,867.0535,912.7545,1849491,2338,False,912.8495,912.7995,0.049,0.049203,0,1,64,117888,2626560,0.04499999999995907,40.327499999999986,0.013000000000033651,reload-1-inventory
1,117,286.328,657.106,943.434,572,943.434,963.21,0.5,943.434,400432,867.0465,117,867.0565,912.4255,1849491,2338,False,912.5535,912.5115,0.041,0.040952,0,1,64,117888,2626560,0.08599999999989905,30.922500000000014,0.009999999999990905,reload-1-inventory
1,118,288.708,658.593,947.301,572,947.301,1015.168,0.5,947.301,400432,867.0505,118,867.0615,912.5115,1849491,2338,False,912.5875,912.5515,0.036,0.036124,0,1,64,117888,2626560,0.04000000000007731,34.74950000000001,0.010999999999967258,reload-1-inventory
1,119,295.371,656.975,952.346,572,952.346,1026.658,0.5,952.346,400432,867.0555,119,867.0655,912.9995,1849491,2338,False,913.0765,913.0405,0.036,0.035493,0,1,64,117888,2626560,0.04099999999993997,39.30550000000005,0.009999999999990905,reload-1-inventory
1,120,274.426,659.001,933.427,572,933.427,982.527,0.5,933.427,400432,867.0605,120,867.0745,913.2235,1849491,2338,False,913.3325,913.2635,0.069,0.068642,0,1,64,117888,2626560,0.04000000000007731,20.1635,0.013999999999896318,reload-1-inventory
1,121,284.273,658.387,942.66,572,942.66,996.668,0.5,942.66,400432,867.0675,121,867.0885,913.5375,1849491,2338,False,913.6545,913.5795,0.075,0.075213,0,1,64,117888,2626560,0.04200000000003001,29.080499999999915,0.020999999999958163,reload-1-inventory
1,122,296.173,658.803,954.976,572,954.976,1027.459,0.5,954.976,400432,867.0735,122,867.0955,913.8105,1849491,2338,False,913.8895,913.8515,0.037,0.037165,0,1,64,117888,2626560,0.04099999999993997,41.12450000000001,0.022000000000048203,reload-1-inventory
1,123,313.922,659.031,972.953,572,972.953,999.527,0.5,972.953,400432,867.0895,123,867.1025,914.0395,1849491,2338,False,914.1175,914.0835,0.034,0.03355,0,1,64,117888,2626560,0.04399999999998272,58.869500000000016,0.012999999999919964,reload-1-inventory
1,124,319.973,656.46,976.433,572,976.433,992.897,0.5,976.433,400432,867.0975,124,867.1115,914.2585,1849491,2338,False,914.3365,914.3025,0.034,0.03357,0,1,64,117888,2626560,0.04399999999998272,62.130499999999984,0.014000000000010004,reload-1-inventory
1,125,340.38,656.637,997.017,572,997.017,1038.391,0.5,997.017,400432,867.1025,125,867.1125,914.8005,1849491,2338,False,914.9045,914.8675,0.036,0.035914,0,1,64,117888,2626560,0.06699999999989359,82.1495000000001,0.009999999999990905,reload-1-inventory
1,126,327.498,656.958,984.456,572,984.456,1007.515,0.5,984.456,400432,867.1085,126,867.1175,914.4795,1849491,2338,False,914.5835,914.5255,0.057,0.057306,0,1,64,117888,2626560,0.045999999999935426,69.93050000000005,0.008999999999900865,reload-1-inventory
1,127,341.797,658.964,1000.761,572,1000.761,1006.974,0.5,1000.761,400432,867.1125,127,867.1415,915.0605,1849491,2338,False,915.1585,915.1195,0.039,0.038718,0,1,64,117888,2626560,0.05899999999996908,85.64149999999995,0.028999999999996362,reload-1-inventory
1,128,280.121,659.168,939.289,572,939.289,999.68,0.5,939.289,400432,867.1335,128,867.1495,910.8995,1849491,2338,False,911.1125,911.0665,0.046,0.046159,0,1,64,117888,2626560,0.16700000000003,28.222499999999968,0.01599999999996271,reload-1-inventory
1,129,349.831,657.719,1007.55,572,1007.55,1025.021,0.5,1007.55,400432,867.1395,129,867.1485,915.3395,1849491,2338,False,915.4235,915.3895,0.034,0.03379,0,1,64,117888,2626560,0.049999999999954525,92.16049999999996,0.009000000000014552,reload-1-inventory
1,130,358.042,658.186,1016.228,572,1016.228,1029.772,0.5,1016.228,400432,867.1445,130,867.1535,915.6985,1849491,2338,False,915.7755,915.7425,0.033,0.0331,0,1,64,117888,2626560,0.04399999999998272,100.4855,0.009000000000014552,reload-1-inventory
1,131,370.707,658.796,1029.503,572,1029.503,1046.363,0.5,1029.503,400432,867.1485,131,867.1595,915.9615,1849491,2338,False,916.0385,916.0035,0.035,0.034712,0,1,64,117888,2626560,0.04200000000003001,113.4994999999999,0.010999999999967258,reload-1-inventory
1,132,275.599,657.304,932.903,572,932.903,1002.901,0.5,932.903,400432,867.1545,132,867.1655,910.9155,1849491,2338,False,911.0055,910.9775,0.028,0.027421,0,1,64,117888,2626560,0.06200000000001182,21.925500000000056,0.010999999999967258,reload-1-inventory
1,133,338.208,656.5,994.708,572,994.708,1006.118,0.5,994.708,400432,867.1605,133,867.1875,911.3885,1849491,2338,False,911.5095,911.4475,0.061,0.061232,0,1,64,117888,2626560,0.05899999999996908,83.26049999999998,0.027000000000043656,reload-1-inventory
1,134,295.902,657.142,953.044,572,953.044,1020.541,0.5,953.044,400432,867.1665,134,867.1905,911.0385,1849491,2338,False,911.1645,911.0975,0.066,0.065939,0,1,64,117888,2626560,0.05899999999996908,41.946500000000015,0.02400000000000091,reload-1-inventory
1,135,277.742,657.885,935.627,572,935.627,971.901,0.5,935.627,400432,867.1855,135,867.1945,912.1215,1849491,2338,False,912.2155,912.1695,0.045,0.045278,0,1,64,117888,2626560,0.04800000000000182,23.457499999999982,0.008999999999900865,reload-1-inventory
1,136,361.77,659.003,1020.773,572,1020.773,1049.267,0.5,1020.773,400432,867.1915,136,867.2025,911.8735,1849491,2338,False,911.9635,911.9295,0.034,0.033681,0,1,64,117888,2626560,0.05599999999992633,108.84350000000006,0.010999999999967258,reload-1-inventory
1,137,283.093,658.333,941.426,572,941.426,963.814,0.5,941.426,400432,867.1965,137,867.2085,912.3885,1849491,2338,False,912.4725,912.4315,0.041,0.041262,0,1,64,117888,2626560,0.043000000000006366,28.994500000000016,0.011999999999943611,reload-1-inventory
1,138,292.535,659.074,951.609,572,951.609,1013.123,0.5,951.609,400432,867.2015,138,867.2125,912.6505,1849491,2338,False,912.7565,912.7085,0.048,0.048343,0,1,64,117888,2626560,0.057999999999992724,38.90050000000008,0.010999999999967258,reload-1-inventory
1,139,292.571,658.291,950.862,572,950.862,1026.987,0.5,950.862,400432,867.2065,139,867.2185,912.9345,1849491,2338,False,913.0815,913.0025,0.079,0.079148,0,1,64,117888,2626560,0.06800000000009732,37.85949999999991,0.011999999999943611,reload-1-inventory
1,140,283.529,656.703,940.232,572,940.232,982.631,0.5,940.232,400432,867.2115,140,867.2265,913.3525,1849491,2338,False,913.4385,913.4005,0.038,0.038307,0,1,64,117888,2626560,0.04800000000000182,26.831500000000005,0.014999999999986358,reload-1-inventory
1,141,257.92,658.758,916.678,572,916.678,1026.514,0.5,916.678,400432,867.2205,141,867.2315,906.0395,1849491,2338,False,906.1325,906.1035,0.029,0.028343,0,1,64,117888,2626560,0.06400000000007822,10.574499999999944,0.010999999999967258,reload-1-inventory
1,142,313.474,658.647,972.121,572,972.121,991.233,0.5,972.121,400432,867.2255,142,867.2375,914.0155,1849491,2338,False,914.1615,914.0715,0.089,0.089164,0,1,64,117888,2626560,0.05600000000004002,58.049499999999966,0.011999999999943611,reload-1-inventory
1,143,295.455,657.89,953.345,572,953.345,1033.433,0.5,953.345,400432,867.2325,143,867.2425,913.7005,1849491,2338,False,913.8325,913.7565,0.075,0.075373,0,1,64,117888,2626560,0.05599999999992633,39.58850000000007,0.009999999999990905,reload-1-inventory
1,144,290.772,658.693,949.465,572,949.465,1013.496,0.5,949.465,400432,867.2385,144,867.2525,921.9225,1849491,2338,False,922.0605,921.9835,0.077,0.077126,0,1,64,117888,2626560,0.06100000000003547,27.481499999999983,0.014000000000010004,reload-1-inventory
1,145,318.141,657.303,975.444,572,975.444,986.062,0.5,975.444,400432,867.2435,145,867.2555,921.1515,1849491,2338,False,921.3115,921.2525,0.058,0.057997,0,1,64,117888,2626560,0.10099999999999909,54.191499999999905,0.011999999999943611,reload-1-inventory
1,146,275.722,659.01,934.732,572,934.732,988.074,0.5,934.732,400432,867.2485,146,867.2615,921.5465,1849491,2338,False,921.6865,921.6035,0.083,0.082674,0,1,64,117888,2626560,0.05700000000001637,13.128499999999917,0.012999999999919964,reload-1-inventory
1,147,318.958,657.448,976.406,572,976.406,988.578,0.5,976.406,400432,867.2565,147,867.2645,922.3715,1849491,2338,False,922.4925,922.4175,0.075,0.075313,0,1,64,117888,2626560,0.04600000000004911,53.98849999999993,0.008000000000038199,reload-1-inventory
1,148,313.238,658.363,971.601,572,971.601,996.864,0.5,971.601,400432,867.2615,148,867.2735,922.8185,1849491,2338,False,922.9035,922.8685,0.034,0.033961,0,1,64,117888,2626560,0.05000000000006821,48.73249999999996,0.012000000000057298,reload-1-inventory
1,149,277.57,659.298,936.868,572,936.868,997.497,0.5,936.868,400432,867.2665,149,867.2765,923.0785,1849491,2338,False,923.1635,923.1285,0.035,0.035143,0,1,64,117888,2626560,0.05000000000006821,13.739500000000021,0.010000000000104592,reload-1-inventory
1,150,291.573,657.066,948.639,572,948.639,1002.066,0.5,948.639,400432,867.2715,150,867.2805,923.3525,1849491,2338,False,923.4595,923.4015,0.057,0.057145,0,1,64,117888,2626560,0.04900000000009186,25.237499999999955,0.009000000000014552,reload-1-inventory
1,151,314.627,658.596,973.223,572,973.223,1005.367,0.5,973.223,400432,867.2755,151,867.2865,923.9365,1849491,2338,False,924.0615,923.9855,0.076,0.075794,0,1,64,117888,2626560,0.04899999999997817,49.237499999999955,0.011000000000080945,reload-1-inventory
1,152,307.955,657.163,965.118,572,965.118,1036.52,0.5,965.118,400432,867.2805,152,867.2915,923.6455,1849491,2338,False,923.7455,923.7015,0.044,0.043635,0,1,64,117888,2626560,0.05600000000004002,41.41650000000004,0.011000000000080945,reload-1-inventory
1,153,317.6,658.867,976.467,572,976.467,997.232,0.5,976.467,400432,867.2855,153,867.2965,924.2955,1849491,2338,False,924.4235,924.3535,0.07,0.069674,0,1,64,117888,2626560,0.05800000000010641,52.11349999999993,0.011000000000080945,reload-1-inventory
1,154,286.206,657.295,943.501,572,943.501,968.361,0.5,943.501,400432,867.2905,154,867.3045,924.8245,1849491,2338,False,924.9425,924.8805,0.062,0.062113,0,1,64,117888,2626560,0.05600000000004002,18.620499999999993,0.014000000000010004,reload-1-inventory
1,155,293.992,658.161,952.153,572,952.153,1020.514,0.5,952.153,400432,867.2975,155,867.3065,925.1605,1849491,2338,False,925.2535,925.2165,0.037,0.037095,0,1,64,117888,2626560,0.05600000000004002,26.936500000000024,0.009000000000014552,reload-1-inventory
1,156,296.595,657.034,953.629,572,953.629,1038.83,0.5,953.629,400432,867.3025,156,867.3115,925.4685,1849491,2338,False,925.5865,925.5215,0.065,0.064707,0,1,64,117888,2626560,0.05299999999999727,28.107500000000073,0.009000000000014552,reload-1-inventory
1,157,303.819,657.978,961.797,572,961.797,1027.149,0.5,961.797,400432,867.3075,157,867.3175,925.9275,1849491,2338,False,926.0475,925.9855,0.062,0.061532,0,1,64,117888,2626560,0.057999999999992724,35.811500000000024,0.009999999999990905,reload-1-inventory
1,158,269.888,656.786,926.674,572,926.674,1039.449,0.5,926.674,400432,867.3115,158,867.3335,926.2555,1849491,2338,False,926.3675,926.3065,0.061,0.060701,0,1,64,117888,2626560,0.051000000000044565,0.36749999999995,0.021999999999934516,reload-1-inventory
1,159,278.644,659.575,938.219,572,938.219,973.799,0.5,938.219,400432,867.3165,159,867.3365,926.8905,1849491,2338,False,927.0395,926.9745,0.064,0.064136,0,1,64,117888,2626560,0.08400000000006003,11.244500000000016,0.01999999999998181,reload-1-inventory
1,160,284.85,659.334,944.184,572,944.184,992.762,0.5,944.184,400432,867.3325,160,867.3455,927.2905,1849491,2338,False,927.3945,927.3415,0.053,0.052458,0,1,64,117888,2626560,0.051000000000044565,16.842499999999973,0.013000000000033651,reload-1-inventory
1,161,270.701,657.09,927.791,572,927.791,1026.681,0.5,927.791,400432,867.3395,161,867.3515,927.5875,1849491,2338,False,927.7175,927.6505,0.067,0.06661,0,1,64,117888,2626560,0.06299999999998818,0.14050000000008822,0.011999999999943611,reload-1-inventory
1,162,281.589,659.125,940.714,572,940.714,998.546,0.5,940.714,400432,867.3445,162,867.3545,928.0125,1849491,2338,False,928.1455,928.0635,0.082,0.081582,0,1,64,117888,2626560,0.05099999999993088,12.65050000000008,0.009999999999990905,reload-1-inventory
1,163,270.203,658.497,928.7,572,928.7,1036.337,0.5,928.7,400432,867.3505,163,867.3585,928.4875,1849491,2338,False,928.5915,928.5415,0.05,0.049364,0,1,64,117888,2626560,0.05400000000008731,0.15850000000000364,0.008000000000038199,reload-1-inventory
1,164,314.519,659.438,973.957,572,973.957,1009.998,0.5,973.957,400432,867.3545,164,867.3635,929.1325,1849491,2338,False,929.2365,929.1875,0.049,0.048973,0,1,64,117888,2626560,0.05499999999994998,44.769499999999994,0.009000000000014552,reload-1-inventory
1,165,318.867,658.281,977.148,572,977.148,1007.151,0.5,977.148,400432,867.3595,165,867.3695,929.4485,1849491,2338,False,929.5435,929.5055,0.038,0.037877,0,1,64,117888,2626560,0.05700000000001637,47.64250000000004,0.009999999999990905,reload-1-inventory
1,166,322.354,658.021,980.375,572,980.375,1007.376,0.5,980.375,400432,867.3645,166,867.3775,929.7625,1849491,2338,False,929.8945,929.8185,0.075,0.075173,0,1,64,117888,2626560,0.05599999999992633,50.55650000000003,0.013000000000033651,reload-1-inventory
1,167,214.437,657.001,871.438,572,871.438,1001.921,0.5,871.438,400432,867.3705,167,867.3825,871.2925,1849491,2338,False,871.3195,871.3035,0.015,0.015533,0,1,4,8392,2626560,0.010999999999967258,0.13450000000000273,0.012000000000057298,reload-1-inventory
1,168,212.095,659.316,871.411,572,871.411,985.593,0.5,871.411,400432,867.3775,168,867.3885,871.2475,1849491,2338,False,871.2765,871.2575,0.018,0.018768,0,1,4,8392,2626560,0.010000000000104592,0.1534999999998945,0.010999999999967258,reload-1-inventory
1,169,213.58,657.778,871.358,572,871.358,1002.192,0.5,871.358,400432,867.3825,169,867.3935,871.2075,1849491,2338,False,871.2345,871.2185,0.016,0.015954,0,1,4,8392,2626560,0.010999999999967258,0.13949999999999818,0.010999999999967258,reload-1-inventory
1,170,213.724,657.676,871.4,572,871.4,970.774,0.5,871.4,400432,867.3895,170,867.4045,871.1385,1849491,2338,False,871.1955,871.1755,0.02,0.01983,0,1,4,8392,2626560,0.03700000000003456,0.22449999999992087,0.014999999999986358,reload-1-inventory
1,171,212.841,658.448,871.289,572,871.289,1038.327,0.5,871.289,400432,867.3945,171,867.4095,871.0705,1849491,2338,False,871.1175,871.0925,0.024,0.024436,0,1,4,8392,2626560,0.021999999999934516,0.19650000000001455,0.014999999999986358,reload-1-inventory
1,172,274.1,656.61,930.71,572,930.71,1021.111,0.5,930.71,400432,867.4025,172,867.4145,930.4735,1849491,2338,False,930.5645,930.5285,0.035,0.035323,0,1,64,117888,2626560,0.055000000000063665,0.1815000000000282,0.011999999999943611,reload-1-inventory
1,173,332.298,657.261,989.559,572,989.559,1043.803,0.5,989.559,400432,867.4095,173,867.4205,930.1895,1849491,2338,False,930.2765,930.2425,0.033,0.033229,0,1,64,117888,2626560,0.05299999999999727,59.31650000000002,0.010999999999967258,reload-1-inventory
1,174,213.364,658.087,871.451,572,871.451,971.574,0.5,871.451,400432,867.4155,174,867.4305,871.3295,1849491,2338,False,871.3815,871.3625,0.019,0.018889,0,1,4,8392,2626560,0.032999999999901775,0.0885000000000673,0.015000000000100044,reload-1-inventory
1,175,214.163,657.398,871.561,572,871.561,988.445,0.5,871.561,400432,867.4225,175,867.4355,871.4015,1849491,2338,False,871.4425,871.4225,0.019,0.019439,0,1,4,8392,2626560,0.020999999999958163,0.13850000000002183,0.013000000000033651,reload-1-inventory
1,176,212.677,659.02,871.697,572,871.697,1007.087,0.5,871.697,400432,867.4275,176,867.4415,871.5175,1849491,2338,False,871.5475,871.5305,0.016,0.016064,0,1,9,16834,2626560,0.012999999999919964,0.16650000000004184,0.014000000000010004,reload-1-inventory
1,177,212.448,659.2,871.648,572,871.648,1026.28,0.5,871.648,400432,867.4335,177,867.4465,871.4555,1849491,2338,False,871.4975,871.4745,0.023,0.022945,0,1,9,16834,2626560,0.019000000000005457,0.17349999999999,0.013000000000033651,reload-1-inventory
1,178,214.461,657.269,871.73,572,871.73,994.23,0.5,871.73,400432,867.4415,178,867.4545,871.5575,1849491,2338,False,871.5945,871.5745,0.02,0.020321,0,1,9,16834,2626560,0.016999999999939064,0.15550000000007458,0.013000000000033651,reload-1-inventory
1,179,212.309,659.498,871.807,572,871.807,1053.24,0.5,871.807,400432,867.4495,179,867.4605,871.6075,1849491,2338,False,871.6425,871.6205,0.022,0.022544,0,1,9,16834,2626560,0.013000000000033651,0.18650000000002365,0.011000000000080945,reload-1-inventory
1,180,214.803,657.054,871.857,572,871.857,1003.128,0.5,871.857,400432,867.4535,180,867.4675,871.6935,1849491,2338,False,871.7345,871.7085,0.025,0.025017,0,1,9,16834,2626560,0.014999999999986358,0.14850000000001273,0.014000000000010004,reload-1-inventory
1,181,214.577,657.312,871.889,572,871.889,1002.142,0.5,871.889,400432,867.4595,181,867.4705,871.7495,1849491,2338,False,871.7805,871.7635,0.016,0.016525,0,1,9,16834,2626560,0.014000000000010004,0.12549999999998818,0.010999999999967258,reload-1-inventory
1,182,213.388,658.582,871.97,572,871.97,1052.138,0.5,871.97,400432,867.4645,182,867.4745,871.7925,1849491,2338,False,871.8235,871.8045,0.019,0.019309,0,1,9,16834,2626560,0.011999999999943611,0.16550000000006548,0.009999999999990905,reload-1-inventory
1,183,215.43,656.602,872.032,572,872.032,997.228,0.5,872.032,400432,867.4695,183,867.4795,871.8515,1849491,2338,False,871.8945,871.8695,0.024,0.024236,0,1,13,25226,2626560,0.018000000000029104,0.16250000000002274,0.009999999999990905,reload-1-inventory
1,184,213.357,658.041,871.398,572,871.398,1051.551,0.5,871.398,400432,867.4745,184,867.4855,871.1555,1849491,2338,False,871.1925,871.1785,0.013,0.01345,0,1,4,8392,2626560,0.023000000000024556,0.2195000000000391,0.010999999999967258,reload-1-inventory
1,185,214.248,657.003,871.251,572,871.251,1005.56,0.5,871.251,400432,867.4805,185,867.4905,871.0805,1849491,2338,False,871.1215,871.0985,0.022,0.022343,0,1,4,8392,2626560,0.017999999999915417,0.15250000000003183,0.009999999999990905,reload-1-inventory
1,186,215.05,657.212,872.262,572,872.262,1049.736,0.5,872.262,400432,867.4855,186,867.4955,871.9715,1849491,2338,False,872.0345,872.0085,0.025,0.025308,0,1,13,25226,2626560,0.03700000000003456,0.25349999999991724,0.009999999999990905,reload-1-inventory
1,187,213.405,658.655,872.06,572,872.06,1009.46,0.5,872.06,400432,867.4915,187,867.5015,871.9085,1849491,2338,False,871.9405,871.9245,0.016,0.016595,0,1,13,25226,2626560,0.01599999999996271,0.13549999999997908,0.009999999999990905,reload-1-inventory
1,188,213.533,657.769,871.302,572,871.302,963.677,0.5,871.302,400432,867.4965,188,867.5095,871.2005,1849491,2338,False,871.2215,871.2095,0.012,0.012278,0,1,4,8392,2626560,0.009000000000014552,0.09249999999997272,0.013000000000033651,reload-1-inventory
1,189,211.927,659.381,871.308,572,871.308,1051.288,0.5,871.308,400432,867.5025,189,867.5125,871.2705,1849491,2338,False,871.2915,871.2795,0.011,0.011527,0,1,4,8392,2626560,0.009000000000014552,0.028500000000008185,0.009999999999990905,reload-1-inventory
1,190,212.971,658.529,871.5,572,871.5,965.322,0.5,871.5,400432,867.5085,190,867.5175,871.2995,1849491,2338,False,871.3265,871.3145,0.011,0.011477,0,1,4,8392,2626560,0.014999999999986358,0.1855000000000473,0.009000000000014552,reload-1-inventory
1,191,212.487,659.348,871.835,572,871.835,1026.978,0.5,871.835,400432,867.5125,191,867.5535,871.5645,1849491,2338,False,871.5915,871.5755,0.015,0.015373,0,1,9,16834,2626560,0.011000000000080945,0.25950000000000273,0.04099999999993997,reload-1-inventory
1,192,212.994,658.456,871.45,572,871.45,991.087,0.5,871.45,400432,867.5405,192,867.5545,871.3445,1849491,2338,False,871.3655,871.3535,0.011,0.011457,0,1,4,8392,2626560,0.009000000000014552,0.09649999999999181,0.014000000000010004,reload-1-inventory
1,193,215.055,656.545,871.6,572,871.6,1040.92,0.5,871.6,400432,867.5475,193,867.5575,871.4055,1849491,2338,False,871.4265,871.4145,0.011,0.011638,0,1,4,8392,2626560,0.009000000000014552,0.1855000000000473,0.009999999999990905,reload-1-inventory
1,194,212.998,658.464,871.462,572,871.462,981.419,0.5,871.462,400432,867.5515,194,867.5615,871.3735,1849491,2338,False,871.3975,871.3825,0.014,0.014542,0,1,4,8392,2626560,0.009000000000014552,0.07949999999993906,0.009999999999990905,reload-1-inventory
1,195,214.332,657.369,871.701,572,871.701,1023.693,0.5,871.701,400432,867.5575,195,867.5665,871.5195,1849491,2338,False,871.5555,871.5425,0.012,0.012369,0,1,9,16834,2626560,0.023000000000024556,0.15850000000000364,0.009000000000014552,reload-1-inventory
1,196,213.394,658.156,871.55,572,871.55,1008.08,0.5,871.55,400432,867.5625,196,867.5725,871.4345,1849491,2338,False,871.4565,871.4435,0.012,0.012429,0,1,4,8392,2626560,0.009000000000014552,0.10649999999998272,0.009999999999990905,reload-1-inventory
1,197,212.613,659.186,871.799,572,871.799,1053.155,0.5,871.799,400432,867.5675,197,867.5835,871.6005,1849491,2338,False,871.6225,871.6105,0.012,0.011918,0,1,9,16834,2626560,0.009999999999990905,0.18849999999997635,0.01599999999996271,reload-1-inventory
1,198,212.566,659.359,871.925,572,871.925,1041.494,0.5,871.925,400432,867.5725,198,867.5885,871.6325,1849491,2338,False,871.6805,871.6625,0.017,0.017225,0,1,9,16834,2626560,0.029999999999972715,0.2624999999999318,0.01599999999996271,reload-1-inventory
1,199,212.733,659.124,871.857,572,871.857,1041.631,0.5,871.857,400432,867.5825,199,867.5955,871.6905,1849491,2338,False,871.7295,871.7145,0.014,0.013861,0,1,9,16834,2626560,0.02400000000000091,0.14249999999992724,0.013000000000033651,reload-1-inventory
1,200,214.223,657.617,871.84,572,871.84,1041.032,0.5,871.84,400432,867.5875,200,867.5985,871.7405,1849491,2338,False,871.7665,871.7525,0.014,0.014502,0,1,9,16834,2626560,0.012000000000057298,0.08749999999997726,0.010999999999967258,reload-1-inventory
1,201,212.485,659.591,872.076,572,872.076,1011.361,0.5,872.076,400432,867.5945,201,867.6075,871.8255,1849491,2338,False,871.8645,871.8415,0.023,0.022904,0,1,9,16834,2626560,0.01599999999996271,0.23450000000002547,0.012999999999919964,reload-1-inventory
1,202,213.153,658.836,871.989,572,871.989,988.574,0.5,871.989,400432,867.5985,202,867.6115,871.7875,1849491,2338,False,871.8165,871.8025,0.014,0.013801,0,1,9,16834,2626560,0.014999999999986358,0.18650000000002365,0.013000000000033651,reload-1-inventory
1,203,214.495,657.504,871.999,572,871.999,1053.112,0.5,871.999,400432,867.6065,203,867.6165,871.8735,1849491,2338,False,871.9005,871.8875,0.012,0.012328,0,1,13,25226,2626560,0.014000000000010004,0.11149999999997817,0.009999999999990905,reload-1-inventory
1,204,215.582,656.489,872.071,572,872.071,1054.646,0.5,872.071,400432,867.6115,204,867.6245,871.9105,1849491,2338,False,871.9405,871.9245,0.016,0.016234,0,1,13,25226,2626560,0.014000000000010004,0.14650000000006003,0.013000000000033651,reload-1-inventory
1,205,214.563,657.725,872.288,572,872.288,965.581,0.5,872.288,400432,867.6175,205,867.6275,871.9565,1849491,2338,False,872.0075,871.9795,0.028,0.027931,0,1,13,25226,2626560,0.023000000000024556,0.3084999999999809,0.010000000000104592,reload-1-inventory
1,206,215.472,656.703,872.175,572,872.175,1046.749,0.5,872.175,400432,867.6235,206,867.6315,872.0175,1849491,2338,False,872.0535,872.0295,0.023,0.023455,0,1,13,25226,2626560,0.011999999999943611,0.14549999999997,0.007999999999924512,reload-1-inventory
1,207,214.122,658.128,872.25,572,872.25,1053.551,0.5,872.25,400432,867.6275,207,867.6485,872.0625,1849491,2338,False,872.0915,872.0745,0.017,0.016915,0,1,13,25226,2626560,0.011999999999943611,0.1755000000000564,0.020999999999958163,reload-1-inventory
1,208,214.631,657.576,872.207,572,872.207,1010.867,0.5,872.207,400432,867.6325,208,867.6555,872.1015,1849491,2338,False,872.1265,872.1125,0.013,0.01318,0,1,13,25226,2626560,0.010999999999967258,0.09450000000003911,0.02299999999991087,reload-1-inventory
1,209,215.215,657.144,872.359,572,872.359,1047.489,0.5,872.359,400432,867.6465,209,867.6625,872.1355,1849491,2338,False,872.1675,872.1475,0.019,0.019649,0,1,13,25226,2626560,0.012000000000057298,0.2115000000000009,0.016000000000076398,reload-1-inventory
1,210,213.029,659.434,872.463,572,872.463,991.403,0.5,872.463,400432,867.6555,210,867.6655,872.1765,1849491,2338,False,872.2165,872.1885,0.028,0.028523,0,1,13,25226,2626560,0.011999999999943611,0.2744999999999891,0.009999999999990905,reload-1-inventory
1,211,212.869,659.648,872.517,572,872.517,1051.565,0.5,872.517,400432,867.6615,211,867.6715,872.2715,1849491,2338,False,872.2995,872.2845,0.014,0.014592,0,1,18,33668,2626560,0.013000000000033651,0.23250000000007276,0.009999999999990905,reload-1-inventory
1,212,214.4,657.974,872.374,572,872.374,1043.67,0.5,872.374,400432,867.6665,212,867.6775,872.2295,1849491,2338,False,872.2575,872.2425,0.015,0.015132,0,1,13,25226,2626560,0.012999999999919964,0.13150000000007367,0.010999999999967258,reload-1-inventory
1,213,214.221,658.491,872.712,572,872.712,1053.527,0.5,872.712,400432,867.6725,213,867.6855,872.3195,1849491,2338,False,872.3535,872.3365,0.017,0.017205,0,1,18,33668,2626560,0.01700000000005275,0.3754999999999882,0.013000000000033651,reload-1-inventory
1,214,213.634,658.931,872.565,572,872.565,1005.706,0.5,872.565,400432,867.6785,214,867.6875,872.3685,1849491,2338,False,872.4015,872.3815,0.019,0.019169,0,1,18,33668,2626560,0.012999999999919964,0.1835000000000946,0.009000000000014552,reload-1-inventory
1,215,216.099,656.475,872.574,572,872.574,1024.396,0.5,872.574,400432,867.6835,215,867.6925,872.4105,1849491,2338,False,872.4445,872.4235,0.02,0.02037,0,1,18,33668,2626560,0.013000000000033651,0.15049999999996544,0.009000000000014552,reload-1-inventory
1,216,213.971,659.325,873.296,572,873.296,984.196,0.5,873.296,400432,867.6885,216,867.6995,872.5255,1849491,2338,False,872.5655,872.5465,0.019,0.018768,0,1,18,33668,2626560,0.02100000000007185,0.7495000000000118,0.010999999999967258,reload-1-inventory
1,217,214.734,657.82,872.554,572,872.554,1046.271,0.5,872.554,400432,867.6945,217,867.7045,872.4525,1849491,2338,False,872.5125,872.4865,0.025,0.025088,0,1,18,33668,2626560,0.033999999999991815,0.06749999999999545,0.010000000000104592,reload-1-inventory
1,218,216.434,656.651,873.085,572,873.085,1048.537,0.5,873.085,400432,867.6995,218,867.7095,872.5745,1849491,2338,False,872.6015,872.5865,0.014,0.014071,0,1,18,33668,2626560,0.012000000000057298,0.49850000000003547,0.010000000000104592,reload-1-inventory
1,219,214.896,658.173,873.069,572,873.069,1052.443,0.5,873.069,400432,867.7055,219,867.7175,872.6115,1849491,2338,False,872.6765,872.6535,0.023,0.022784,0,1,22,42060,2626560,0.04200000000003001,0.4154999999999518,0.011999999999943611,reload-1-inventory
1,220,214.195,658.682,872.877,572,872.877,1006.848,0.5,872.877,400432,867.7105,220,867.7265,872.6875,1849491,2338,False,872.7335,872.7045,0.029,0.028964,0,1,22,42060,2626560,0.01700000000005275,0.17249999999989996,0.01599999999996271,reload-1-inventory
1,221,216.157,657.754,873.911,572,873.911,1014.09,0.5,873.911,400432,867.7155,221,867.7315,872.8075,1849491,2338,False,872.8405,872.8235,0.017,0.016775,0,1,22,42060,2626560,0.01599999999996271,1.0874999999999773,0.01599999999996271,reload-1-inventory
1,222,216.407,656.538,872.945,572,872.945,985.577,0.5,872.945,400432,867.7265,222,867.7375,872.7425,1849491,2338,False,872.7915,872.7595,0.032,0.032228,0,1,22,42060,2626560,0.01700000000005275,0.1855000000000473,0.010999999999967258,reload-1-inventory
1,223,217.291,657.056,874.347,572,874.347,997.937,0.5,874.347,400432,867.7315,223,867.7475,872.9085,1849491,2338,False,872.9435,872.9255,0.018,0.017957,0,1,22,42060,2626560,0.01700000000005275,1.4214999999999236,0.01599999999996271,reload-1-inventory
1,224,215.447,658.198,873.645,572,873.645,1032.758,0.5,873.645,400432,867.7425,224,867.7535,873.0135,1849491,2338,False,873.0495,873.0305,0.019,0.018938,0,1,27,50502,2626560,0.016999999999939064,0.6145000000000209,0.011000000000080945,reload-1-inventory
1,225,215.785,657.663,873.448,572,873.448,1031.382,0.5,873.448,400432,867.7475,225,867.7585,872.9525,1849491,2338,False,873.0015,872.9715,0.029,0.029534,0,1,22,42060,2626560,0.019000000000005457,0.47649999999998727,0.011000000000080945,reload-1-inventory
1,226,215.956,657.694,873.65,572,873.65,1033.933,0.5,873.65,400432,867.7535,226,867.7695,873.0575,1849491,2338,False,873.0965,873.0755,0.02,0.02011,0,1,27,50502,2626560,0.018000000000029104,0.5744999999999436,0.01599999999996271,reload-1-inventory
1,227,216.241,657.284,873.525,572,873.525,1031.128,0.5,873.525,400432,867.7585,227,867.7715,873.1055,1849491,2338,False,873.1495,873.1245,0.025,0.025248,0,1,27,50502,2626560,0.019000000000005457,0.40049999999996544,0.012999999999919964,reload-1-inventory
1,228,216.462,657.768,874.23,572,874.23,1025.956,0.5,874.23,400432,867.7675,228,867.7765,873.1585,1849491,2338,False,873.2195,873.1845,0.035,0.034732,0,1,27,50502,2626560,0.025999999999953616,1.045500000000061,0.009000000000014552,reload-1-inventory
1,229,216.982,657.949,874.931,572,874.931,999.147,0.5,874.931,400432,867.7725,229,867.7815,873.3535,1849491,2338,False,873.4175,873.3765,0.04,0.04029,0,1,32,58944,2626560,0.02299999999991087,1.5545000000000755,0.009000000000014552,reload-1-inventory
1,230,213.842,659.565,873.407,572,873.407,1051.298,0.5,873.407,400432,867.7775,230,867.7875,873.2905,1849491,2338,False,873.3245,873.3075,0.017,0.016835,0,1,27,50502,2626560,0.01700000000005275,0.09950000000003456,0.009999999999990905,reload-1-inventory
1,231,216.759,656.592,873.351,572,873.351,1028.338,0.5,873.351,400432,867.7825,231,867.7935,873.2285,1849491,2338,False,873.2805,873.2625,0.017,0.017456,0,1,27,50502,2626560,0.033999999999991815,0.08849999999995362,0.010999999999967258,reload-1-inventory
1,232,217.583,656.755,874.338,572,874.338,978.865,0.5,874.338,400432,867.7885,232,867.8035,873.4295,1849491,2338,False,873.4915,873.4495,0.041,0.041332,0,1,32,58944,2626560,0.01999999999998181,0.8885000000000218,0.014999999999986358,reload-1-inventory
1,233,212.371,658.934,871.305,572,871.305,1041.036,0.5,871.305,400432,867.7935,233,867.8065,871.2265,1849491,2338,False,871.2485,871.2365,0.012,0.012639,0,1,4,8392,2626560,0.009999999999990905,0.0684999999999718,0.013000000000033651,reload-1-inventory
1,234,213.075,658.226,871.301,572,871.301,1045.352,0.5,871.301,400432,867.8025,234,867.8095,871.2565,1849491,2338,False,871.2765,871.2655,0.01,0.010636,0,1,4,8392,2626560,0.009000000000014552,0.03550000000007003,0.006999999999948159,reload-1-inventory
1,235,212.585,658.877,871.462,572,871.462,1022.069,0.5,871.462,400432,867.8065,235,867.8155,871.2835,1849491,2338,False,871.3235,871.3055,0.017,0.017456,0,1,4,8392,2626560,0.022000000000048203,0.15649999999993724,0.009000000000014552,reload-1-inventory
1,236,214.649,656.843,871.492,572,871.492,1026.586,0.5,871.492,400432,867.8115,236,867.8225,871.3315,1849491,2338,False,871.3795,871.3665,0.012,0.012518,0,1,4,8392,2626560,0.03499999999996817,0.12549999999998818,0.010999999999967258,reload-1-inventory
1,237,212.657,658.993,871.65,572,871.65,1043.387,0.5,871.65,400432,867.8175,237,867.8285,871.3905,1849491,2338,False,871.4275,871.4135,0.013,0.01333,0,1,4,8392,2626560,0.023000000000024556,0.23649999999997817,0.010999999999967258,reload-1-inventory
1,238,214.603,656.994,871.597,572,871.597,970.359,0.5,871.597,400432,867.8235,238,867.8355,871.4365,1849491,2338,False,871.4645,871.4515,0.013,0.012929,0,1,4,8392,2626560,0.014999999999986358,0.14549999999997,0.012000000000057298,reload-1-inventory
1,239,212.792,658.841,871.633,572,871.633,1034.825,0.5,871.633,400432,867.8285,239,867.8415,871.4835,1849491,2338,False,871.5135,871.4975,0.016,0.016515,0,1,9,16834,2626560,0.013999999999896318,0.13550000000009277,0.013000000000033651,reload-1-inventory
1,240,213.825,657.967,871.792,572,871.792,969.324,0.5,871.792,400432,867.8345,240,867.8445,871.5355,1849491,2338,False,871.5655,871.5515,0.014,0.014221,0,1,9,16834,2626560,0.016000000000076398,0.24049999999999727,0.009999999999990905,reload-1-inventory
1,241,214.378,657.511,871.889,572,871.889,1051.307,0.5,871.889,400432,867.8385,241,867.8485,871.6755,1849491,2338,False,871.7015,871.6865,0.015,0.015042,0,1,9,16834,2626560,0.010999999999967258,0.20249999999998636,0.009999999999990905,reload-1-inventory
1,242,214.001,657.679,871.68,572,871.68,1044.726,0.5,871.68,400432,867.8435,242,867.8545,871.6095,1849491,2338,False,871.6495,871.6305,0.019,0.019329,0,1,9,16834,2626560,0.020999999999958163,0.04949999999996635,0.011000000000080945,reload-1-inventory
1,243,215.33,656.475,871.805,572,871.805,984.027,0.5,871.805,400432,867.8495,243,867.8605,871.5745,1849491,2338,False,871.5995,871.5845,0.015,0.015032,0,1,9,16834,2626560,0.010000000000104592,0.22049999999990177,0.010999999999967258,reload-1-inventory
1,244,214.493,657.384,871.877,572,871.877,1047.575,0.5,871.877,400432,867.8545,244,867.8665,871.7175,1849491,2338,False,871.7505,871.7365,0.013,0.01312,0,1,9,16834,2626560,0.019000000000005457,0.14049999999997453,0.011999999999943611,reload-1-inventory
1,245,214.88,656.995,871.875,572,871.875,1044.731,0.5,871.875,400432,867.8595,245,867.8695,871.7585,1849491,2338,False,871.7865,871.7705,0.016,0.015934,0,1,9,16834,2626560,0.011999999999943611,0.10450000000003001,0.009999999999990905,reload-1-inventory
1,246,214.394,657.596,871.99,572,871.99,1022.932,0.5,871.99,400432,867.8655,246,867.8745,871.7965,1849491,2338,False,871.8345,871.8205,0.013,0.01319,0,1,9,16834,2626560,0.02400000000000091,0.1694999999999709,0.009000000000014552,reload-1-inventory
1,247,215.503,656.514,872.017,572,872.017,1006.938,0.5,872.017,400432,867.8705,247,867.8795,871.8475,1849491,2338,False,871.8855,871.8645,0.021,0.021582,0,1,13,25226,2626560,0.01700000000005275,0.15250000000003183,0.009000000000014552,reload-1-inventory
1,248,212.958,659.218,872.176,572,872.176,1018.666,0.5,872.176,400432,867.8755,248,867.8865,871.9345,1849491,2338,False,871.9675,871.9475,0.019,0.019249,0,1,13,25226,2626560,0.013000000000033651,0.22850000000005366,0.010999999999967258,reload-1-inventory
1,249,213.485,658.616,872.101,572,872.101,973.473,0.5,872.101,400432,867.8805,249,867.8925,871.8965,1849491,2338,False,871.9255,871.9095,0.016,0.016154,0,1,13,25226,2626560,0.013000000000033651,0.1915000000000191,0.012000000000057298,reload-1-inventory
1,250,213.016,659.173,872.189,572,872.189,972.181,0.5,872.189,400432,867.8865,250,867.8985,871.9875,1849491,2338,False,872.0215,872.0095,0.011,0.011507,0,1,13,25226,2626560,0.022000000000048203,0.1794999999999618,0.012000000000057298,reload-1-inventory
1,251,215.508,656.684,872.192,572,872.192,977.849,0.5,872.192,400432,867.8915,251,867.9035,872.0285,1849491,2338,False,872.0605,872.0405,0.02,0.02036,0,1,13,25226,2626560,0.011999999999943611,0.15150000000005548,0.012000000000057298,reload-1-inventory
1,252,213.13,659.023,872.153,572,872.153,992.963,0.5,872.153,400432,867.8985,252,867.9095,872.0905,1849491,2338,False,872.1135,872.1005,0.012,0.012569,0,1,13,25226,2626560,0.009999999999990905,0.052500000000009095,0.010999999999967258,reload-1-inventory
1,253,214.568,657.797,872.365,572,872.365,1005.039,0.5,872.365,400432,867.9035,253,867.9145,872.1435,1849491,2338,False,872.1955,872.1655,0.029,0.029364,0,1,13,25226,2626560,0.021999999999934516,0.1995000000000573,0.010999999999967258,reload-1-inventory
1,254,212.862,659.611,872.473,572,872.473,1020.157,0.5,872.473,400432,867.9075,254,867.9205,872.2095,1849491,2338,False,872.2395,872.2235,0.015,0.015293,0,1,13,25226,2626560,0.013999999999896318,0.24950000000001182,0.012999999999919964,reload-1-inventory
1,255,212.927,659.388,872.315,572,872.315,1014.8,0.5,872.315,400432,867.9135,255,867.9275,872.2505,1849491,2338,False,872.2795,872.2645,0.015,0.014892,0,1,18,33668,2626560,0.014000000000010004,0.05050000000005639,0.014000000000010004,reload-1-inventory
1,256,214.546,658.14,872.686,572,872.686,1044.421,0.5,872.686,400432,867.9205,256,867.9305,872.2905,1849491,2338,False,872.3175,872.3035,0.014,0.014282,0,1,18,33668,2626560,0.013000000000033651,0.38250000000005,0.010000000000104592,reload-1-inventory
1,257,214.432,658.392,872.824,572,872.824,964.856,0.5,872.824,400432,867.9255,257,867.9375,872.3565,1849491,2338,False,872.3895,872.3765,0.013,0.01298,0,1,18,33668,2626560,0.01999999999998181,0.4474999999999909,0.011999999999943611,reload-1-inventory
1,258,213.831,659.03,872.861,572,872.861,1042.741,0.5,872.861,400432,867.9305,258,867.9435,872.7835,1849491,2338,False,872.8165,872.7985,0.017,0.017346,0,1,22,42060,2626560,0.014999999999986358,0.0625,0.012999999999919964,reload-1-inventory
1,259,214.093,659.135,873.228,572,873.228,1053.161,0.5,873.228,400432,867.9375,259,867.9485,872.7245,1849491,2338,False,872.7735,872.7565,0.016,0.016134,0,1,22,42060,2626560,0.03199999999992542,0.4714999999999918,0.010999999999967258,reload-1-inventory
1,260,213.966,659.302,873.268,572,873.268,1025.095,0.5,873.268,400432,867.9445,260,867.9555,872.5665,1849491,2338,False,872.6005,872.5845,0.015,0.015363,0,1,18,33668,2626560,0.018000000000029104,0.6834999999999809,0.011000000000080945,reload-1-inventory
1,261,215.902,657.257,873.159,572,873.159,1022.537,0.5,873.159,400432,867.9505,261,867.9605,872.5135,1849491,2338,False,872.5565,872.5385,0.017,0.017456,0,1,18,33668,2626560,0.024999999999977263,0.6204999999999927,0.009999999999990905,reload-1-inventory
1,262,215.402,657.305,872.707,572,872.707,1029.063,0.5,872.707,400432,867.9555,262,867.9655,872.4625,1849491,2338,False,872.5025,872.4795,0.022,0.022474,0,1,18,33668,2626560,0.01700000000005275,0.22749999999996362,0.009999999999990905,reload-1-inventory
1,263,215.771,657.661,873.432,572,873.432,1050.385,0.5,873.432,400432,867.9615,263,867.9735,872.8265,1849491,2338,False,872.8575,872.8415,0.016,0.015834,0,1,22,42060,2626560,0.014999999999986358,0.59050000000002,0.011999999999943611,reload-1-inventory
1,264,217.531,656.674,874.205,572,874.205,1054.021,0.5,874.205,400432,867.9665,264,867.9765,872.9095,1849491,2338,False,872.9425,872.9255,0.017,0.016916,0,1,22,42060,2626560,0.016000000000076398,1.2794999999999845,0.009999999999990905,reload-1-inventory
1,265,216.572,658.24,874.812,572,874.812,973.91,0.5,874.812,400432,867.9715,265,867.9815,873.5915,1849491,2338,False,873.6445,873.6115,0.034,0.03363,0,1,32,58944,2626560,0.01999999999998181,1.2005000000000337,0.009999999999990905,reload-1-inventory
1,266,218.435,656.477,874.912,572,874.912,1004.647,0.5,874.912,400432,867.9765,266,867.9875,873.4755,1849491,2338,False,873.5165,873.4935,0.023,0.023295,0,1,32,58944,2626560,0.018000000000029104,1.4184999999999945,0.010999999999967258,reload-1-inventory
1,267,215.493,659.612,875.105,572,875.105,1032.435,0.5,875.105,400432,867.9825,267,867.9925,873.3985,1849491,2338,False,873.4545,873.4165,0.037,0.037296,0,1,32,58944,2626560,0.018000000000029104,1.6884999999999764,0.009999999999990905,reload-1-inventory
1,268,215.406,659.308,874.714,572,874.714,1013.314,0.5,874.714,400432,867.9875,268,867.9975,873.3295,1849491,2338,False,873.3885,873.3465,0.042,0.041622,0,1,32,58944,2626560,0.016999999999939064,1.3675000000000637,0.009999999999990905,reload-1-inventory
1,269,215.901,658.004,873.905,572,873.905,1051.909,0.5,873.905,400432,867.9935,269,868.0055,873.1915,1849491,2338,False,873.2305,873.2085,0.022,0.022163,0,1,27,50502,2626560,0.016999999999939064,0.6965000000000146,0.011999999999943611,reload-1-inventory
1,270,214.357,659.56,873.917,572,873.917,974.398,0.5,873.917,400432,867.9995,270,868.0105,873.1465,1849491,2338,False,873.1815,873.1625,0.018,0.018648,0,1,27,50502,2626560,0.016000000000076398,0.7545000000000073,0.010999999999967258,reload-1-inventory
1,271,214.526,658.848,873.374,572,873.374,1046.41,0.5,873.374,400432,868.0045,271,868.0165,873.0965,1849491,2338,False,873.1355,873.1195,0.016,0.015914,0,1,27,50502,2626560,0.023000000000024556,0.2545000000000073,0.011999999999943611,reload-1-inventory
1,272,215.965,657.435,873.4,572,873.4,995.742,0.5,873.4,400432,868.0125,272,868.0225,872.9985,1849491,2338,False,873.0395,873.0205,0.019,0.018708,0,1,27,50502,2626560,0.021999999999934516,0.3795000000000073,0.009999999999990905,reload-1-inventory
1,273,216.153,657.514,873.667,572,873.667,1053.182,0.5,873.667,400432,868.0175,273,868.0275,872.9525,1849491,2338,False,872.9875,872.9675,0.019,0.019209,0,1,22,42060,2626560,0.014999999999986358,0.6995000000000573,0.009999999999990905,reload-1-inventory
1,274,217.53,657.551,875.081,572,875.081,968.226,0.5,875.081,400432,868.0235,274,868.0385,873.9325,1849491,2338,False,874.0135,873.9575,0.056,0.056304,0,1,36,67336,2626560,0.024999999999977263,1.1235000000000355,0.014999999999986358,reload-1-inventory
1,275,215.014,659.468,874.482,572,874.482,1042.57,0.5,874.482,400432,868.0315,275,868.0395,873.6685,1849491,2338,False,873.7385,873.6985,0.04,0.039609,0,1,32,58944,2626560,0.029999999999972715,0.7835000000000036,0.007999999999924512,reload-1-inventory
1,276,215.362,659.098,874.46,572,874.46,1050.483,0.5,874.46,400432,868.0355,276,868.0475,873.7505,1849491,2338,False,873.8065,873.7835,0.022,0.022544,0,1,36,67336,2626560,0.03300000000001546,0.6765000000000327,0.012000000000057298,reload-1-inventory
1,277,219.692,657.209,876.901,572,876.901,1025.514,0.5,876.901,400432,868.0405,277,868.0515,874.1625,1849491,2338,False,874.2645,874.2375,0.026,0.02656,0,1,41,75778,2626560,0.07499999999993179,2.663499999999999,0.011000000000080945,reload-1-inventory
1,278,219.51,657.191,876.701,572,876.701,1022.293,0.5,876.701,400432,868.0455,278,868.0605,874.2785,1849491,2338,False,874.3455,874.2975,0.047,0.04707,0,1,41,75778,2626560,0.019000000000005457,2.403500000000008,0.015000000000100044,reload-1-inventory
1,279,216.811,657.754,874.565,572,874.565,970.321,0.5,874.565,400432,868.0525,279,868.0665,873.8725,1849491,2338,False,873.9215,873.8935,0.028,0.027761,0,1,36,67336,2626560,0.02100000000007185,0.6715000000000373,0.014000000000010004,reload-1-inventory
1,280,219.107,656.808,875.915,572,875.915,1002.503,0.5,875.915,400432,868.0585,280,868.0685,874.0265,1849491,2338,False,874.0855,874.0425,0.043,0.042643,0,1,36,67336,2626560,0.01599999999996271,1.8724999999999454,0.009999999999990905,reload-1-inventory
1,281,218.634,657.669,876.303,572,876.303,1032.116,0.5,876.303,400432,868.0645,281,868.0735,874.3605,1849491,2338,False,874.4055,874.3805,0.025,0.024617,0,1,41,75778,2626560,0.01999999999998181,1.9225000000000136,0.009000000000014552,reload-1-inventory
1,282,216.477,659.392,875.869,572,875.869,1015.656,0.5,875.869,400432,868.0695,282,868.0815,874.4795,1849491,2338,False,874.5495,874.5015,0.047,0.047471,0,1,41,75778,2626560,0.021999999999934516,1.3675000000000637,0.012000000000057298,reload-1-inventory
1,283,218.356,657.619,875.975,572,875.975,1044.976,0.5,875.975,400432,868.0745,283,868.0865,874.5605,1849491,2338,False,874.6435,874.5855,0.058,0.057827,0,1,45,84170,2626560,0.024999999999977263,1.3894999999999982,0.012000000000057298,reload-1-inventory
1,284,225.681,656.442,882.123,572,882.123,1009.964,0.5,882.123,400432,868.0825,284,868.0915,875.1065,1849491,2338,False,875.1565,875.1265,0.029,0.029134,0,1,50,92612,2626560,0.01999999999998181,6.996500000000083,0.009000000000014552,reload-1-inventory
1,285,225.944,659.337,885.281,572,885.281,981.356,0.5,885.281,400432,868.0875,285,868.0975,874.9815,1849491,2338,False,875.0305,875.0095,0.022,0.021622,0,1,50,92612,2626560,0.02800000000002001,10.271499999999946,0.009999999999990905,reload-1-inventory
1,286,219.777,659.013,878.79,572,878.79,1001.305,0.5,878.79,400432,868.0915,286,868.1025,874.8915,1849491,2338,False,874.9575,874.9125,0.045,0.045067,0,1,45,84170,2626560,0.02100000000007185,3.877499999999941,0.010999999999967258,reload-1-inventory
1,287,217.44,658.375,875.815,572,875.815,1001.869,0.5,875.815,400432,868.0965,287,868.1075,874.8175,1849491,2338,False,874.8795,874.8385,0.041,0.041402,0,1,45,84170,2626560,0.020999999999958163,0.976500000000101,0.010999999999967258,reload-1-inventory
1,288,217.78,657.827,875.607,572,875.607,1020.624,0.5,875.607,400432,868.1025,288,868.1145,874.6675,1849491,2338,False,874.7295,874.6885,0.041,0.041041,0,1,45,84170,2626560,0.020999999999958163,0.9184999999999945,0.012000000000057298,reload-1-inventory
1,289,224.992,658.669,883.661,572,883.661,1029.013,0.5,883.661,400432,868.1075,289,868.1205,875.1675,1849491,2338,False,875.2175,875.1895,0.028,0.027882,0,1,50,92612,2626560,0.021999999999934516,8.471499999999992,0.013000000000033651,reload-1-inventory
1,290,212.871,658.489,871.36,572,871.36,1049.558,0.5,871.36,400432,868.1135,290,868.1235,871.2275,1849491,2338,False,871.2525,871.2405,0.011,0.011527,0,1,4,8392,2626560,0.013000000000033651,0.11950000000001637,0.009999999999990905,reload-1-inventory
1,291,214.571,656.756,871.327,572,871.327,1019.027,0.5,871.327,400432,868.1185,291,868.1275,871.2695,1849491,2338,False,871.2895,871.2785,0.011,0.011387,0,1,4,8392,2626560,0.009000000000014552,0.048499999999989996,0.009000000000014552,reload-1-inventory
1,292,212.623,658.887,871.51,572,871.51,974.218,0.5,871.51,400432,868.1235,292,868.1325,871.2975,1849491,2338,False,871.3195,871.3055,0.013,0.013561,0,1,4,8392,2626560,0.008000000000038199,0.20449999999993906,0.009000000000014552,reload-1-inventory
1,293,211.895,659.629,871.524,572,871.524,982.239,0.5,871.524,400432,868.1285,293,868.1385,871.3265,1849491,2338,False,871.3515,871.3355,0.015,0.015363,0,1,4,8392,2626560,0.009000000000014552,0.18849999999997635,0.009999999999990905,reload-1-inventory
1,294,214.087,657.375,871.462,572,871.462,1000.419,0.5,871.462,400432,868.1335,294,868.1475,871.3585,1849491,2338,False,871.3845,871.3715,0.013,0.012969,0,1,4,8392,2626560,0.012999999999919964,0.09050000000002001,0.014000000000010004,reload-1-inventory
1,295,212.886,658.664,871.55,572,871.55,975.611,0.5,871.55,400432,868.1395,295,868.1495,871.4055,1849491,2338,False,871.4305,871.4175,0.013,0.01318,0,1,4,8392,2626560,0.012000000000057298,0.13249999999993634,0.009999999999990905,reload-1-inventory
1,296,213.843,657.756,871.599,572,871.599,1050.77,0.5,871.599,400432,868.1445,296,868.1535,871.4385,1849491,2338,False,871.4735,871.4575,0.015,0.014992,0,1,4,8392,2626560,0.019000000000005457,0.14150000000006457,0.009000000000014552,reload-1-inventory
1,297,213.129,658.421,871.55,572,871.55,1008.419,0.5,871.55,400432,868.1495,297,868.1645,871.4955,1849491,2338,False,871.5285,871.5155,0.013,0.012879,0,1,9,16834,2626560,0.01999999999998181,0.03449999999997999,0.014999999999986358,reload-1-inventory
1,298,212.87,658.848,871.718,572,871.718,1037.068,0.5,871.718,400432,868.1535,298,868.1695,871.5375,1849491,2338,False,871.5745,871.5575,0.016,0.016645,0,1,9,16834,2626560,0.01999999999998181,0.16049999999995634,0.01599999999996271,reload-1-inventory
1,299,213.667,658.055,871.722,572,871.722,1041.853,0.5,871.722,400432,868.1645,299,868.1745,871.5835,1849491,2338,False,871.6085,871.5965,0.012,0.012139,0,1,9,16834,2626560,0.013000000000033651,0.12549999999998818,0.009999999999990905,reload-1-inventory
1,300,215.039,656.903,871.942,572,871.942,1049.647,0.5,871.942,400432,868.1695,300,868.1815,871.6225,1849491,2338,False,871.6545,871.6325,0.022,0.021943,0,1,9,16834,2626560,0.010000000000104592,0.30949999999995725,0.012000000000057298,reload-1-inventory
1,301,212.969,658.944,871.913,572,871.913,1031.946,0.5,871.913,400432,868.1735,301,868.1835,871.6805,1849491,2338,False,871.7155,871.7025,0.013,0.0128,0,1,9,16834,2626560,0.021999999999934516,0.21050000000002456,0.009999999999990905,reload-1-inventory
1,302,213.625,658.301,871.926,572,871.926,1039.576,0.5,871.926,400432,868.1795,302,868.1885,871.7285,1849491,2338,False,871.7555,871.7395,0.015,0.015563,0,1,9,16834,2626560,0.010999999999967258,0.18650000000002365,0.009000000000014552,reload-1-inventory
1,303,222.066,659.586,881.652,572,881.652,1015.713,0.5,881.652,400432,868.1835,303,868.1935,875.5965,1849491,2338,False,875.6515,875.6205,0.03,0.029925,0,1,54,101004,2626560,0.02400000000000091,6.031500000000051,0.009999999999990905,reload-1-inventory
1,304,221.118,657.474,878.592,572,878.592,991.414,0.5,878.592,400432,868.1885,304,868.1995,875.5285,1849491,2338,False,875.5855,875.5595,0.026,0.02624,0,1,54,101004,2626560,0.03099999999994907,3.0325000000000273,0.010999999999967258,reload-1-inventory
1,305,220.585,657.52,878.105,572,878.105,969.694,0.5,878.105,400432,868.1935,305,868.2045,875.4515,1849491,2338,False,875.5155,875.4835,0.032,0.032188,0,1,54,101004,2626560,0.03200000000003911,2.621499999999969,0.011000000000080945,reload-1-inventory
1,306,219.214,657.861,877.075,572,877.075,975.529,0.5,877.075,400432,868.1995,306,868.2095,875.2155,1849491,2338,False,875.2665,875.2385,0.028,0.028162,0,1,50,92612,2626560,0.023000000000024556,1.836500000000001,0.010000000000104592,reload-1-inventory
1,307,224.997,657.247,882.244,572,882.244,1016.245,0.5,882.244,400432,868.2045,307,868.2165,875.1475,1849491,2338,False,875.2035,875.1715,0.032,0.032058,0,1,50,92612,2626560,0.02400000000000091,7.072499999999991,0.011999999999943611,reload-1-inventory
1,308,243.009,657.473,900.482,572,900.482,962.519,0.5,900.482,400432,868.2095,308,868.2215,875.6655,1849491,2338,False,875.7225,875.6915,0.031,0.030405,0,1,54,101004,2626560,0.026000000000067303,24.790499999999952,0.011999999999943611,reload-1-inventory
1,309,238.468,658.805,897.273,572,897.273,987.725,0.5,897.273,400432,868.2165,309,868.2265,876.0955,1849491,2338,False,876.1515,876.1205,0.03,0.030215,0,1,59,109446,2626560,0.024999999999977263,21.152500000000032,0.009999999999990905,reload-1-inventory
1,310,240.34,656.67,897.01,572,897.01,1017.027,0.5,897.01,400432,868.2215,310,868.2315,875.9555,1849491,2338,False,876.0125,875.9835,0.029,0.029133,0,1,59,109446,2626560,0.02800000000002001,21.026499999999942,0.009999999999990905,reload-1-inventory
1,311,233.852,658.41,892.262,572,892.262,963.185,0.5,892.262,400432,868.2275,311,868.2375,875.8735,1849491,2338,False,875.9435,875.9085,0.035,0.034932,0,1,59,109446,2626560,0.03499999999996817,16.35349999999994,0.009999999999990905,reload-1-inventory
1,312,221.693,657.168,878.861,572,878.861,989.511,0.5,878.861,400432,868.2325,312,868.2425,875.7975,1849491,2338,False,875.8615,875.8265,0.035,0.034983,0,1,59,109446,2626560,0.028999999999996362,3.03449999999998,0.009999999999990905,reload-1-inventory
1,313,223.89,658.718,882.608,572,882.608,1007.407,0.5,882.608,400432,868.2375,313,868.2495,875.7345,1849491,2338,False,875.7845,875.7595,0.025,0.024857,0,1,54,101004,2626560,0.024999999999977263,6.8484999999999445,0.012000000000057298,reload-1-inventory
1,314,223.339,659.089,882.428,572,882.428,986.736,0.5,882.428,400432,868.2425,314,868.2555,875.0795,1849491,2338,False,875.1315,875.1065,0.025,0.025348,0,1,50,92612,2626560,0.02699999999992997,7.3215000000000146,0.013000000000033651,reload-1-inventory
1,315,222.781,659.082,881.863,572,881.863,1024.106,0.5,881.863,400432,868.2495,315,868.2605,874.9455,1849491,2338,False,875.0015,874.9735,0.027,0.02694,0,1,50,92612,2626560,0.027999999999906322,6.889500000000112,0.010999999999967258,reload-1-inventory
1,316,219.574,657.965,877.539,572,877.539,1014.854,0.5,877.539,400432,868.2555,316,868.2655,874.8665,1849491,2338,False,874.9325,874.9045,0.028,0.028052,0,1,45,84170,2626560,0.038000000000010914,2.6345000000000027,0.009999999999990905,reload-1-inventory
1,317,219.354,656.544,875.898,572,875.898,1006.44,0.5,875.898,400432,868.2605,317,868.2705,874.6665,1849491,2338,False,874.8535,874.8275,0.026,0.025929,0,1,45,84170,2626560,0.16099999999994452,1.0705000000000382,0.009999999999990905,reload-1-inventory
1,318,214.25,657.581,871.831,572,871.831,1023.34,0.5,871.831,400432,868.2655,318,868.2765,871.7635,1849491,2338,False,871.7865,871.7745,0.012,0.012068,0,1,9,16834,2626560,0.010999999999967258,0.056500000000028194,0.011000000000080945,reload-1-inventory
1,319,240.612,657.562,898.174,572,898.174,1020.827,0.5,898.174,400432,868.2715,319,868.2905,876.0245,1849491,2338,False,876.0835,876.0505,0.033,0.032809,0,1,59,109446,2626560,0.026000000000067303,22.123499999999922,0.019000000000005457,reload-1-inventory
1,320,236.27,658.345,894.615,572,894.615,1027.457,0.5,894.615,400432,868.2785,320,868.2925,876.1635,1849491,2338,False,876.2215,876.1895,0.032,0.031848,0,1,59,109446,2626560,0.025999999999953616,18.425500000000056,0.014000000000010004,reload-1-inventory
1,321,240.791,656.872,897.663,572,897.663,1013.796,0.5,897.663,400432,868.2885,321,868.2965,876.2345,1849491,2338,False,876.3035,876.2685,0.035,0.034662,0,1,64,117888,2626560,0.033999999999991815,21.394499999999994,0.008000000000038199,reload-1-inventory
1,322,222.914,657.467,880.381,572,880.381,1000.496,0.5,880.381,400432,868.2935,322,868.3035,876.3145,1849491,2338,False,876.3825,876.3425,0.04,0.040331,0,1,64,117888,2626560,0.02800000000002001,4.038499999999999,0.009999999999990905,reload-1-inventory
1,323,225.055,657.492,882.547,572,882.547,977.387,0.5,882.547,400432,868.2985,323,868.3095,876.4715,1849491,2338,False,876.5455,876.5045,0.04,0.04043,0,1,64,117888,2626560,0.03300000000001546,6.042500000000018,0.010999999999967258,reload-1-inventory
1,324,222.048,656.879,878.927,572,878.927,1022.848,0.5,878.927,400432,868.3045,324,868.3145,876.3945,1849491,2338,False,876.4595,876.4225,0.037,0.036775,0,1,64,117888,2626560,0.02800000000002001,2.5045000000000073,0.009999999999990905,reload-1-inventory
1,325,222.069,657.547,879.616,572,879.616,1019.212,0.5,879.616,400432,868.3105,325,868.3225,876.5585,1849491,2338,False,876.6155,876.5855,0.03,0.030125,0,1,64,117888,2626560,0.027000000000043656,3.030499999999961,0.011999999999943611,reload-1-inventory
1,326,225.317,657.908,883.225,572,883.225,969.753,0.5,883.225,400432,868.3155,326,868.3255,876.6775,1849491,2338,False,876.7555,876.7105,0.045,0.044757,0,1,64,117888,2626560,0.03300000000001546,6.514499999999998,0.009999999999990905,reload-1-inventory
1,327,224.413,659.428,883.841,572,883.841,981.023,0.5,883.841,400432,868.3205,327,868.3305,876.7715,1849491,2338,False,876.8505,876.8025,0.048,0.047531,0,1,64,117888,2626560,0.031000000000062755,7.038499999999999,0.009999999999990905,reload-1-inventory
1,328,236.731,657.326,894.057,572,894.057,987.056,0.5,894.057,400432,868.3265,328,868.3365,876.8655,1849491,2338,False,876.9235,876.8895,0.034,0.034081,0,1,64,117888,2626560,0.02400000000000091,17.167500000000018,0.009999999999990905,reload-1-inventory
1,329,249.762,659.176,908.938,572,908.938,1017.094,0.5,908.938,400432,868.3305,329,868.3425,877.0135,1849491,2338,False,877.0725,877.0395,0.032,0.032319,0,1,64,117888,2626560,0.025999999999953616,31.898500000000013,0.011999999999943611,reload-1-inventory
1,330,245.492,657.274,902.766,572,902.766,1009.871,0.5,902.766,400432,868.3375,330,868.3475,876.9385,1849491,2338,False,876.9965,876.9655,0.031,0.030776,0,1,64,117888,2626560,0.027000000000043656,25.800499999999943,0.009999999999990905,reload-1-inventory
1,331,254.36,659.605,913.965,572,913.965,965.821,0.5,913.965,400432,868.3425,331,868.3555,877.0905,1849491,2338,False,877.1575,877.1155,0.042,0.041482,0,1,64,117888,2626560,0.024999999999977263,36.849500000000035,0.013000000000033651,reload-1-inventory
1,332,241.837,658.762,900.599,572,900.599,968.843,0.5,900.599,400432,868.3485,332,868.3585,877.1745,1849491,2338,False,877.2425,877.2015,0.041,0.041121,0,1,64,117888,2626560,0.027000000000043656,23.397500000000036,0.010000000000104592,reload-1-inventory
1,333,253.151,656.716,909.867,572,909.867,1019.414,0.5,909.867,400432,868.3535,333,868.3635,877.3375,1849491,2338,False,877.3975,877.3655,0.032,0.031618,0,1,64,117888,2626560,0.02800000000002001,32.501499999999965,0.009999999999990905,reload-1-inventory
1,334,247.265,657.288,904.553,572,904.553,1008.488,0.5,904.553,400432,868.3575,334,868.3675,877.2605,1849491,2338,False,877.3185,877.2865,0.032,0.032098,0,1,64,117888,2626560,0.026000000000067303,27.26649999999995,0.009999999999990905,reload-1-inventory
1,335,242.491,657.381,899.872,572,899.872,969.962,0.5,899.872,400432,868.3625,335,868.3725,877.4155,1849491,2338,False,877.4755,877.4395,0.036,0.036215,0,1,64,117888,2626560,0.02400000000000091,22.432500000000005,0.009999999999990905,reload-1-inventory
1,336,251.977,656.883,908.86,572,908.86,991.346,0.5,908.86,400432,868.3675,336,868.3785,877.6455,1849491,2338,False,877.7155,877.6815,0.034,0.03373,0,1,64,117888,2626560,0.03600000000005821,31.178499999999985,0.011000000000080945,reload-1-inventory
1,337,244.204,657.032,901.236,572,901.236,969.24,0.5,901.236,400432,868.3735,337,868.3825,877.7355,1849491,2338,False,877.7935,877.7595,0.033,0.03319,0,1,64,117888,2626560,0.02400000000000091,23.476499999999987,0.009000000000014552,reload-1-inventory
1,338,249.296,657.812,907.108,572,907.108,983.259,0.5,907.108,400432,868.3775,338,868.3895,877.8125,1849491,2338,False,877.8805,877.8375,0.043,0.043035,0,1,64,117888,2626560,0.024999999999977263,29.27049999999997,0.011999999999943611,reload-1-inventory
1,339,244.576,658.55,903.126,572,903.126,1007.524,0.5,903.126,400432,868.3825,339,868.3925,877.9045,1849491,2338,False,877.9645,877.9325,0.032,0.031598,0,1,64,117888,2626560,0.02800000000002001,25.193499999999972,0.009999999999990905,reload-1-inventory
1,340,212.829,658.559,871.388,572,871.388,1051.511,0.5,871.388,400432,868.3885,340,868.3975,871.2295,1849491,2338,False,871.2635,871.2485,0.014,0.014502,0,1,4,8392,2626560,0.019000000000005457,0.13949999999999818,0.009000000000014552,reload-1-inventory
1,341,212.712,658.801,871.513,572,871.513,1009.113,0.5,871.513,400432,868.3925,341,868.4025,871.2975,1849491,2338,False,871.3215,871.3095,0.011,0.011728,0,1,4,8392,2626560,0.011999999999943611,0.2035000000000764,0.009999999999990905,reload-1-inventory
1,342,213.521,657.922,871.443,572,871.443,1034.266,0.5,871.443,400432,868.3975,342,868.4105,871.3805,1849491,2338,False,871.4065,871.3895,0.016,0.016314,0,1,4,8392,2626560,0.009000000000014552,0.05349999999998545,0.012999999999919964,reload-1-inventory
1,343,214.386,657.174,871.56,572,871.56,1018.565,0.5,871.56,400432,868.4025,343,868.4175,871.4245,1849491,2338,False,871.4465,871.4345,0.012,0.012328,0,1,4,8392,2626560,0.009999999999990905,0.12549999999998818,0.014999999999986358,reload-1-inventory
1,344,214.796,656.774,871.57,572,871.57,1035.028,0.5,871.57,400432,868.4095,344,868.4195,871.4635,1849491,2338,False,871.4935,871.4805,0.012,0.011977,0,1,9,16834,2626560,0.01700000000005275,0.08950000000004366,0.009999999999990905,reload-1-inventory
1,345,215.173,656.545,871.718,572,871.718,1028.02,0.5,871.718,400432,868.4145,345,868.4275,871.5015,1849491,2338,False,871.5475,871.5315,0.015,0.014972,0,1,9,16834,2626560,0.030000000000086402,0.18649999999990996,0.013000000000033651,reload-1-inventory
1,346,212.963,658.799,871.762,572,871.762,1048.405,0.5,871.762,400432,868.4205,346,868.4335,871.5555,1849491,2338,False,871.5785,871.5665,0.012,0.012128,0,1,9,16834,2626560,0.010999999999967258,0.1954999999999245,0.013000000000033651,reload-1-inventory
1,347,215.232,656.576,871.808,572,871.808,971.657,0.5,871.808,400432,868.4265,347,868.4365,871.5865,1849491,2338,False,871.6135,871.5985,0.015,0.015513,0,1,9,16834,2626560,0.011999999999943611,0.2095000000000482,0.009999999999990905,reload-1-inventory
1,348,214.786,657.132,871.918,572,871.918,979.081,0.5,871.918,400432,868.4315,348,868.4415,871.6215,1849491,2338,False,871.6605,871.6495,0.011,0.011297,0,1,9,16834,2626560,0.02800000000002001,0.2685000000000173,0.009999999999990905,reload-1-inventory
1,349,213.118,658.726,871.844,572,871.844,1020.778,0.5,871.844,400432,868.4365,349,868.4475,871.6685,1849491,2338,False,871.6945,871.6785,0.016,0.015914,0,1,9,16834,2626560,0.009999999999990905,0.16550000000006548,0.010999999999967258,reload-1-inventory
1,350,214.206,657.735,871.941,572,871.941,1026.022,0.5,871.941,400432,868.4405,350,868.4505,871.7065,1849491,2338,False,871.7305,871.7175,0.013,0.01315,0,1,9,16834,2626560,0.010999999999967258,0.2235000000000582,0.009999999999990905,reload-1-inventory
1,351,215.037,656.908,871.945,572,871.945,1029.414,0.5,871.945,400432,868.4455,351,868.4675,871.7405,1849491,2338,False,871.7655,871.7505,0.015,0.014963,0,1,9,16834,2626560,0.009999999999990905,0.19450000000006185,0.021999999999934516,reload-1-inventory
1,352,212.494,659.483,871.977,572,871.977,1041.376,0.5,871.977,400432,868.4505,352,868.4755,871.7795,1849491,2338,False,871.8045,871.7915,0.013,0.012799,0,1,9,16834,2626560,0.012000000000057298,0.1854999999999336,0.024999999999977263,reload-1-inventory
1,353,214.674,657.366,872.04,572,872.04,1015.345,0.5,872.04,400432,868.4675,353,868.4825,871.9005,1849491,2338,False,871.9265,871.9125,0.014,0.013911,0,1,13,25226,2626560,0.012000000000057298,0.12749999999994088,0.014999999999986358,reload-1-inventory
1,354,214.721,657.308,872.029,572,872.029,971.741,0.5,872.029,400432,868.4765,354,868.4875,871.8585,1849491,2338,False,871.8905,871.8745,0.015,0.015423,0,1,13,25226,2626560,0.01599999999996271,0.15449999999998454,0.010999999999967258,reload-1-inventory
1,355,212.936,659.121,872.057,572,872.057,979.415,0.5,872.057,400432,868.4815,355,868.4925,871.8125,1849491,2338,False,871.8485,871.8225,0.026,0.02665,0,1,9,16834,2626560,0.009999999999990905,0.23450000000002547,0.010999999999967258,reload-1-inventory
1,356,212.948,659.233,872.181,572,872.181,1004.763,0.5,872.181,400432,868.4875,356,868.5005,871.9365,1849491,2338,False,871.9775,871.9485,0.029,0.029174,0,1,13,25226,2626560,0.011999999999943611,0.23250000000007276,0.013000000000033651,reload-1-inventory
1,357,215.114,657.391,872.505,572,872.505,1004.96,0.5,872.505,400432,868.4925,357,868.5055,872.1075,1849491,2338,False,872.1595,872.1335,0.026,0.02649,0,1,13,25226,2626560,0.026000000000067303,0.3714999999999691,0.013000000000033651,reload-1-inventory
1,358,214.675,657.537,872.212,572,872.212,987.994,0.5,872.212,400432,868.4985,358,868.5075,872.0595,1849491,2338,False,872.0975,872.0815,0.016,0.016735,0,1,13,25226,2626560,0.022000000000048203,0.13049999999998363,0.009000000000014552,reload-1-inventory
1,359,215.411,657.042,872.453,572,872.453,979.654,0.5,872.453,400432,868.5035,359,868.5135,872.1695,1849491,2338,False,872.1975,872.1825,0.014,0.014241,0,1,13,25226,2626560,0.013000000000033651,0.27049999999997,0.009999999999990905,reload-1-inventory
1,360,215.733,656.801,872.534,572,872.534,1044.778,0.5,872.534,400432,868.5085,360,868.5215,872.2525,1849491,2338,False,872.3015,872.2705,0.031,0.031197,0,1,18,33668,2626560,0.017999999999915417,0.26350000000002183,0.012999999999919964,reload-1-inventory
1,361,213.534,658.804,872.338,572,872.338,1045.125,0.5,872.338,400432,868.5135,361,868.5235,872.2055,1849491,2338,False,872.2415,872.2185,0.022,0.022323,0,1,13,25226,2626560,0.012999999999919964,0.11950000000001637,0.009999999999990905,reload-1-inventory
1,362,215.187,657.572,872.759,572,872.759,997.798,0.5,872.759,400432,868.5185,362,868.5295,872.3105,1849491,2338,False,872.3435,872.3265,0.017,0.017136,0,1,18,33668,2626560,0.01599999999996271,0.43250000000000455,0.010999999999967258,reload-1-inventory
1,363,213.975,658.842,872.817,572,872.817,1043.742,0.5,872.817,400432,868.5235,363,868.5355,872.3525,1849491,2338,False,872.3805,872.3655,0.014,0.013841,0,1,18,33668,2626560,0.013000000000033651,0.45150000000001,0.011999999999943611,reload-1-inventory
1,364,215.345,657.302,872.647,572,872.647,1048.3,0.5,872.647,400432,868.5285,364,868.5405,872.4545,1849491,2338,False,872.4845,872.4685,0.016,0.015904,0,1,18,33668,2626560,0.013999999999896318,0.17850000000009913,0.011999999999943611,reload-1-inventory
1,365,214.992,657.587,872.579,572,872.579,998.632,0.5,872.579,400432,868.5345,365,868.5445,872.3885,1849491,2338,False,872.4305,872.4145,0.015,0.015193,0,1,18,33668,2626560,0.025999999999953616,0.16449999999997544,0.009999999999990905,reload-1-inventory
1,366,214.143,658.963,873.106,572,873.106,1014.154,0.5,873.106,400432,868.5395,366,868.5475,872.4935,1849491,2338,False,872.5235,872.5075,0.016,0.016475,0,1,18,33668,2626560,0.014000000000010004,0.5984999999999445,0.008000000000038199,reload-1-inventory
1,367,214.748,658.193,872.941,572,872.941,985.972,0.5,872.941,400432,868.5435,367,868.5565,872.5355,1849491,2338,False,872.5665,872.5485,0.017,0.017487,0,1,18,33668,2626560,0.013000000000033651,0.3925000000000409,0.013000000000033651,reload-1-inventory
1,368,215.553,657.685,873.238,572,873.238,979.396,0.5,873.238,400432,868.5505,368,868.5615,872.5895,1849491,2338,False,872.6215,872.6045,0.017,0.017126,0,1,18,33668,2626560,0.014999999999986358,0.6335000000000264,0.010999999999967258,reload-1-inventory
1,369,213.699,659.194,872.893,572,872.893,1015.964,0.5,872.893,400432,868.5565,369,868.5675,872.6325,1849491,2338,False,872.6965,872.6655,0.031,0.031006,0,1,22,42060,2626560,0.032999999999901775,0.2275000000000773,0.010999999999967258,reload-1-inventory
1,370,215.476,657.611,873.087,572,873.087,984.953,0.5,873.087,400432,868.5605,370,868.5725,872.7065,1849491,2338,False,872.7495,872.7235,0.026,0.026069,0,1,22,42060,2626560,0.016999999999939064,0.36350000000004457,0.011999999999943611,reload-1-inventory
1,371,215.488,657.581,873.069,572,873.069,1018.468,0.5,873.069,400432,868.5665,371,868.5755,872.7585,1849491,2338,False,872.7915,872.7745,0.016,0.016114,0,1,22,42060,2626560,0.01599999999996271,0.2944999999999709,0.009000000000014552,reload-1-inventory
1,372,214.115,659.561,873.676,572,873.676,1039.43,0.5,873.676,400432,868.5715,372,868.5825,872.8605,1849491,2338,False,872.9175,872.8765,0.04,0.04028,0,1,22,42060,2626560,0.01599999999996271,0.79950000000008,0.010999999999967258,reload-1-inventory
1,373,216.698,657.156,873.854,572,873.854,1050.25,0.5,873.854,400432,868.5765,373,868.5875,872.8015,1849491,2338,False,872.8365,872.8175,0.018,0.018227,0,1,22,42060,2626560,0.01599999999996271,1.0365000000000464,0.010999999999967258,reload-1-inventory
1,374,214.261,659.142,873.403,572,873.403,1043.828,0.5,873.403,400432,868.5825,374,868.5945,872.9255,1849491,2338,False,872.9605,872.9425,0.018,0.017736,0,1,22,42060,2626560,0.016999999999939064,0.46050000000002456,0.012000000000057298,reload-1-inventory
1,375,216.908,657.183,874.091,572,874.091,1045.228,0.5,874.091,400432,868.5895,375,868.6015,873.1015,1849491,2338,False,873.1865,873.1455,0.041,0.040641,0,1,27,50502,2626560,0.04399999999998272,0.9455000000000382,0.011999999999943611,reload-1-inventory
1,376,214.01,659.379,873.389,572,873.389,1014.423,0.5,873.389,400432,868.5945,376,868.6075,873.0135,1849491,2338,False,873.0565,873.0405,0.015,0.015243,0,1,27,50502,2626560,0.02699999999992997,0.3485000000000582,0.012999999999919964,reload-1-inventory
1,377,215.627,658.557,874.184,572,874.184,988.237,0.5,874.184,400432,868.6025,377,868.6135,872.9705,1849491,2338,False,873.0025,872.9865,0.016,0.016465,0,1,27,50502,2626560,0.01599999999996271,1.197499999999991,0.011000000000080945,reload-1-inventory
1,378,215.825,657.874,873.699,572,873.699,975.01,0.5,873.699,400432,868.6075,378,868.6195,873.1965,1849491,2338,False,873.2275,873.2125,0.015,0.014873,0,1,27,50502,2626560,0.01599999999996271,0.48649999999997817,0.012000000000057298,reload-1-inventory
1,379,216.02,658.261,874.281,572,874.281,1054.039,0.5,874.281,400432,868.6125,379,868.6225,873.2375,1849491,2338,False,873.2775,873.2575,0.02,0.01986,0,1,27,50502,2626560,0.020000000000095497,1.023499999999899,0.009999999999990905,reload-1-inventory
1,380,214.598,659.29,873.888,572,873.888,1038.79,0.5,873.888,400432,868.6175,380,868.6285,873.2885,1849491,2338,False,873.3225,873.3045,0.017,0.017557,0,1,27,50502,2626560,0.01599999999996271,0.5835000000000719,0.011000000000080945,reload-1-inventory
1,381,216.459,658.548,875.007,572,875.007,1005.337,0.5,875.007,400432,868.6225,381,868.6385,873.3325,1849491,2338,False,873.4035,873.3785,0.024,0.024607,0,1,32,58944,2626560,0.04600000000004911,1.6284999999999172,0.016000000000076398,reload-1-inventory
1,382,215.749,658.194,873.943,572,873.943,1032.289,0.5,873.943,400432,868.6295,382,868.6445,873.4145,1849491,2338,False,873.4615,873.4375,0.024,0.024417,0,1,32,58944,2626560,0.023000000000024556,0.5054999999999836,0.014999999999986358,reload-1-inventory
1,383,215.788,658.238,874.026,572,874.026,1042.485,0.5,874.026,400432,868.6385,383,868.6525,873.4725,1849491,2338,False,873.5375,873.5135,0.023,0.023626,0,1,32,58944,2626560,0.04100000000005366,0.5124999999999318,0.014000000000010004,reload-1-inventory
1,384,213.12,659.033,872.153,572,872.153,1019.487,0.5,872.153,400432,868.6475,384,868.6575,871.9895,1849491,2338,False,872.0485,872.0175,0.031,0.030776,0,1,13,25226,2626560,0.02800000000002001,0.13549999999997908,0.009999999999990905,reload-1-inventory
1,385,214.579,657.038,871.617,572,871.617,1024.292,0.5,871.617,400432,868.6525,385,868.6635,871.4645,1849491,2338,False,871.5115,871.4945,0.016,0.016645,0,1,9,16834,2626560,0.029999999999972715,0.12249999999994543,0.010999999999967258,reload-1-inventory
1,386,216.12,658.701,874.821,572,874.821,1012.691,0.5,874.821,400432,868.6575,386,868.6685,873.5475,1849491,2338,False,873.5945,873.5715,0.023,0.023315,0,1,32,58944,2626560,0.02400000000000091,1.2495000000000118,0.010999999999967258,reload-1-inventory
1,387,215.422,656.743,872.165,572,872.165,1054.127,0.5,872.165,400432,868.6635,387,868.6765,872.0495,1849491,2338,False,872.0915,872.0675,0.023,0.023626,0,1,13,25226,2626560,0.018000000000029104,0.09749999999996817,0.013000000000033651,reload-1-inventory
1,388,213.185,659.267,872.452,572,872.452,1044.406,0.5,872.452,400432,868.6695,388,868.6785,872.1055,1849491,2338,False,872.1515,872.1295,0.021,0.021141,0,1,13,25226,2626560,0.02400000000000091,0.3224999999999909,0.009000000000014552,reload-1-inventory
1,389,214.392,657.937,872.329,572,872.329,1027.529,0.5,872.329,400432,868.6745,389,868.6835,872.1645,1849491,2338,False,872.1995,872.1795,0.019,0.019359,0,1,13,25226,2626560,0.014999999999986358,0.14949999999998909,0.009000000000014552,reload-1-inventory
1,390,215.962,656.837,872.799,572,872.799,1052.831,0.5,872.799,400432,868.6795,390,868.6895,872.3145,1849491,2338,False,872.3675,872.3325,0.034,0.034332,0,1,18,33668,2626560,0.018000000000029104,0.46649999999999636,0.009999999999990905,reload-1-inventory
1,391,214.721,657.788,872.509,572,872.509,1055.396,0.5,872.509,400432,868.6845,391,868.6945,872.2575,1849491,2338,False,872.2945,872.2735,0.021,0.020942,0,1,18,33668,2626560,0.01599999999996271,0.23550000000000182,0.009999999999990905,reload-1-inventory
1,392,216.184,656.466,872.65,572,872.65,1052.581,0.5,872.65,400432,868.6905,392,868.7025,872.3805,1849491,2338,False,872.4175,872.3975,0.02,0.020251,0,1,18,33668,2626560,0.01700000000005275,0.2524999999999409,0.011999999999943611,reload-1-inventory
1,393,216.003,656.758,872.761,572,872.761,1021.739,0.5,872.761,400432,868.6965,393,868.7095,872.4295,1849491,2338,False,872.4765,872.4525,0.023,0.023556,0,1,18,33668,2626560,0.023000000000024556,0.3084999999999809,0.013000000000033651,reload-1-inventory
1,394,215.938,657.336,873.274,572,873.274,1034.092,0.5,873.274,400432,868.7025,394,868.7125,872.4915,1849491,2338,False,872.5345,872.5075,0.027,0.02674,0,1,18,33668,2626560,0.016000000000076398,0.7664999999999509,0.009999999999990905,reload-1-inventory
1,395,213.88,659.056,872.936,572,872.936,1040.949,0.5,872.936,400432,868.7075,395,868.7175,872.7385,1849491,2338,False,872.7755,872.7545,0.02,0.020181,0,1,22,42060,2626560,0.01599999999996271,0.1815000000000282,0.009999999999990905,reload-1-inventory
1,396,216.359,656.568,872.927,572,872.927,1044.799,0.5,872.927,400432,868.7125,396,868.7235,872.6805,1849491,2338,False,872.7245,872.7025,0.022,0.021863,0,1,22,42060,2626560,0.021999999999934516,0.22450000000003456,0.010999999999967258,reload-1-inventory
1,397,213.84,659.04,872.88,572,872.88,1038.13,0.5,872.88,400432,868.7185,397,868.7295,872.6075,1849491,2338,False,872.6645,872.6255,0.039,0.038758,0,1,22,42060,2626560,0.018000000000029104,0.2545000000000073,0.011000000000080945,reload-1-inventory
1,398,216.274,656.917,873.191,572,873.191,1050.28,0.5,873.191,400432,868.7235,398,868.7345,872.5475,1849491,2338,False,872.5925,872.5695,0.023,0.022975,0,1,18,33668,2626560,0.021999999999934516,0.6215000000000828,0.011000000000080945,reload-1-inventory
1,399,217.172,656.964,874.136,572,874.136,1053.982,0.5,874.136,400432,868.7295,399,868.7415,872.7875,1849491,2338,False,872.8425,872.8045,0.037,0.037326,0,1,22,42060,2626560,0.016999999999939064,1.3315000000000055,0.011999999999943611,reload-1-inventory
1,400,216.198,657.412,873.61,572,873.61,1029.665,0.5,873.61,400432,868.7355,400,868.7445,872.8585,1849491,2338,False,872.9435,872.9025,0.041,0.040761,0,1,22,42060,2626560,0.04399999999998272,0.7074999999999818,0.009000000000014552,reload-1-inventory
1,401,214.424,659.295,873.719,572,873.719,1022.76,0.5,873.719,400432,868.7405,401,868.7515,873.0285,1849491,2338,False,873.0765,873.0475,0.028,0.028383,0,1,27,50502,2626560,0.019000000000005457,0.6715000000000373,0.010999999999967258,reload-1-inventory
1,402,217.111,657.344,874.455,572,874.455,1047.297,0.5,874.455,400432,868.7455,402,868.7545,872.9615,1849491,2338,False,873.0115,872.9815,0.03,0.030526,0,1,27,50502,2626560,0.01999999999998181,1.4735000000000582,0.009000000000014552,reload-1-inventory
1,403,217.003,657.793,874.796,572,874.796,1031.272,0.5,874.796,400432,868.7495,403,868.7595,873.5775,1849491,2338,False,873.6405,873.6005,0.04,0.03323,0,1,32,58944,2626560,0.023000000000024556,1.1955000000000382,0.009999999999990905,reload-1-inventory
1,404,217.371,657.63,875.001,572,875.001,989.328,0.5,875.001,400432,868.7545,404,868.7645,873.3515,1849491,2338,False,873.4505,873.4115,0.039,0.038508,0,1,32,58944,2626560,0.06000000000005912,1.58949999999993,0.009999999999990905,reload-1-inventory
1,405,217.269,656.852,874.121,572,874.121,1002.426,0.5,874.121,400432,868.7595,405,868.7705,873.0915,1849491,2338,False,873.1335,873.1105,0.022,0.022503,0,1,27,50502,2626560,0.019000000000005457,1.010499999999979,0.010999999999967258,reload-1-inventory
1,406,216.367,657.836,874.203,572,874.203,1026.957,0.5,874.203,400432,868.7655,406,868.7805,873.6645,1849491,2338,False,873.7435,873.6945,0.049,0.049274,0,1,32,58944,2626560,0.029999999999972715,0.5085000000000264,0.014999999999986358,reload-1-inventory
1,407,215.579,659.28,874.859,572,874.859,1026.893,0.5,874.859,400432,868.7705,407,868.7835,873.8515,1849491,2338,False,873.9055,873.8735,0.032,0.031678,0,1,36,67336,2626560,0.022000000000048203,0.9855000000000018,0.013000000000033651,reload-1-inventory
1,408,218.285,656.895,875.18,572,875.18,979.27,0.5,875.18,400432,868.7805,408,868.7895,873.9195,1849491,2338,False,873.9695,873.9405,0.028,0.028542,0,1,36,67336,2626560,0.02100000000007185,1.2394999999999072,0.009000000000014552,reload-1-inventory
1,409,217.742,658.779,876.521,572,876.521,1043.931,0.5,876.521,400432,868.7855,409,868.7945,874.0505,1849491,2338,False,874.1035,874.0725,0.03,0.029865,0,1,36,67336,2626560,0.021999999999934516,2.4484999999999673,0.009000000000014552,reload-1-inventory
1,410,219.508,657.356,876.864,572,876.864,1040.462,0.5,876.864,400432,868.7895,410,868.8005,874.1165,1849491,2338,False,874.2525,874.1955,0.056,0.056064,0,1,41,75778,2626560,0.07900000000006457,2.6684999999999945,0.011000000000080945,reload-1-inventory
1,411,218.086,658.354,876.44,572,876.44,1037.924,0.5,876.44,400432,868.7945,411,868.8065,874.3525,1849491,2338,False,874.4155,874.3795,0.036,0.035593,0,1,41,75778,2626560,0.027000000000043656,2.0605000000000473,0.012000000000057298,reload-1-inventory
1,412,216.319,658.891,875.21,572,875.21,1032.893,0.5,875.21,400432,868.8005,412,868.8095,874.4315,1849491,2338,False,874.4935,874.4565,0.036,0.036234,0,1,41,75778,2626560,0.024999999999977263,0.7535000000000309,0.008999999999900865,reload-1-inventory
1,413,217.698,657.816,875.514,572,875.514,1033.652,0.5,875.514,400432,868.8055,413,868.8185,874.5825,1849491,2338,False,874.6535,874.6135,0.04,0.04,0,1,45,84170,2626560,0.031000000000062755,0.9004999999999654,0.012999999999919964,reload-1-inventory
1,414,217.654,657.746,875.4,572,875.4,1039.892,0.5,875.4,400432,868.8095,414,868.8225,874.6725,1849491,2338,False,874.7305,874.6985,0.031,0.030796,0,1,45,84170,2626560,0.025999999999953616,0.70150000000001,0.013000000000033651,reload-1-inventory
1,415,224.26,657.708,881.968,572,881.968,1038.626,0.5,881.968,400432,868.8175,415,868.8285,875.0935,1849491,2338,False,875.1655,875.1195,0.045,0.044837,0,1,50,92612,2626560,0.026000000000067303,6.8484999999999445,0.010999999999967258,reload-1-inventory
1,416,224.226,656.668,880.894,572,880.894,1046.108,0.5,880.894,400432,868.8225,416,868.8345,874.9285,1849491,2338,False,874.9875,874.9535,0.034,0.03375,0,1,45,84170,2626560,0.024999999999977263,5.940500000000043,0.012000000000057298,reload-1-inventory
1,417,218.931,657.161,876.092,572,876.092,1050.316,0.5,876.092,400432,868.8285,417,868.8395,874.8255,1849491,2338,False,874.9095,874.8555,0.054,0.053841,0,1,45,84170,2626560,0.029999999999972715,1.2364999999999782,0.011000000000080945,reload-1-inventory
1,418,228.305,656.601,884.906,572,884.906,994.858,0.5,884.906,400432,868.8345,418,868.8475,875.1835,1849491,2338,False,875.2615,875.2095,0.052,0.051768,0,1,50,92612,2626560,0.026000000000067303,9.6964999999999,0.012999999999919964,reload-1-inventory
1,419,220.815,657.604,878.419,572,878.419,1020.307,0.5,878.419,400432,868.8395,419,868.8495,875.3615,1849491,2338,False,875.4655,875.4085,0.058,0.057306,0,1,54,101004,2626560,0.047000000000025466,3.010499999999979,0.009999999999990905,reload-1-inventory
1,420,218.453,658.705,877.158,572,877.158,1015.842,0.5,877.158,400432,868.8455,420,868.8545,875.4835,1849491,2338,False,875.5705,875.5155,0.056,0.055423,0,1,54,101004,2626560,0.03199999999992542,1.642500000000041,0.009000000000014552,reload-1-inventory
1,421,238.21,657.74,895.95,572,895.95,984.074,0.5,895.95,400432,868.8505,421,868.8605,875.9845,1849491,2338,False,876.0525,876.0115,0.04,0.040261,0,1,59,109446,2626560,0.02699999999992997,19.93850000000009,0.009999999999990905,reload-1-inventory
1,422,221.539,656.804,878.343,572,878.343,984.502,0.5,878.343,400432,868.8555,422,868.8655,875.7785,1849491,2338,False,875.8765,875.8205,0.056,0.055703,0,1,59,109446,2626560,0.04200000000003001,2.5224999999999227,0.009999999999990905,reload-1-inventory
1,423,225.652,657.568,883.22,572,883.22,1015.538,0.5,883.22,400432,868.8605,423,868.8715,875.6895,1849491,2338,False,875.7605,875.7215,0.038,0.038097,0,1,54,101004,2626560,0.03200000000003911,7.4985000000000355,0.010999999999967258,reload-1-inventory
1,424,241.512,656.458,897.97,572,897.97,1002.067,0.5,897.97,400432,868.8665,424,868.8795,876.0675,1849491,2338,False,876.1405,876.0925,0.047,0.04709,0,1,59,109446,2626560,0.024999999999977263,21.877500000000055,0.013000000000033651,reload-1-inventory
1,425,215.638,656.829,872.467,572,872.467,1006.676,0.5,872.467,400432,868.8725,425,868.8825,872.1935,1849491,2338,False,872.2205,872.2055,0.015,0.014863,0,1,13,25226,2626560,0.012000000000057298,0.26149999999995543,0.010000000000104592,reload-1-inventory
1,426,213.922,658.444,872.366,572,872.366,983.894,0.5,872.366,400432,868.8775,426,868.8865,872.2305,1849491,2338,False,872.2585,872.2435,0.015,0.014783,0,1,13,25226,2626560,0.013000000000033651,0.12249999999994543,0.008999999999900865,reload-1-inventory
1,427,212.832,659.507,872.339,572,872.339,1014.836,0.5,872.339,400432,868.8825,427,868.8935,872.2785,1849491,2338,False,872.3085,872.2955,0.013,0.012839,0,1,18,33668,2626560,0.016999999999939064,0.04350000000010823,0.010999999999967258,reload-1-inventory
1,428,214.906,657.824,872.73,572,872.73,990.201,0.5,872.73,400432,868.8865,428,868.8955,872.3165,1849491,2338,False,872.3475,872.3255,0.022,0.021903,0,1,18,33668,2626560,0.009000000000014552,0.40449999999998454,0.009000000000014552,reload-1-inventory
1,429,213.24,659.583,872.823,572,872.823,1032.472,0.5,872.823,400432,868.8915,429,868.9025,872.3545,1849491,2338,False,872.3795,872.3645,0.014,0.014372,0,1,18,33668,2626560,0.009999999999990905,0.45849999999995816,0.011000000000080945,reload-1-inventory
1,430,215.613,656.967,872.58,572,872.58,988.418,0.5,872.58,400432,868.8965,430,868.9095,872.3855,1849491,2338,False,872.4155,872.3995,0.015,0.015273,0,1,18,33668,2626560,0.014000000000010004,0.18050000000005184,0.013000000000033651,reload-1-inventory
1,431,216.582,656.627,873.209,572,873.209,998.488,0.5,873.209,400432,868.9025,431,868.9155,872.5915,1849491,2338,False,872.6115,872.6005,0.011,0.011067,0,1,18,33668,2626560,0.009000000000014552,0.6084999999999354,0.012999999999919964,reload-1-inventory
1,432,213.454,659.623,873.077,572,873.077,1007.608,0.5,873.077,400432,868.9085,432,868.9205,872.5635,1849491,2338,False,872.5845,872.5725,0.011,0.011497,0,1,18,33668,2626560,0.009000000000014552,0.5045000000000073,0.011999999999943611,reload-1-inventory
1,433,215.347,657.926,873.273,572,873.273,1008.788,0.5,873.273,400432,868.9165,433,868.9265,872.5295,1849491,2338,False,872.5575,872.5395,0.018,0.018227,0,1,18,33668,2626560,0.009999999999990905,0.7335000000000491,0.009999999999990905,reload-1-inventory
1,434,213.789,659.397,873.186,572,873.186,983.685,0.5,873.186,400432,868.9215,434,868.9315,872.4895,1849491,2338,False,872.5235,872.4995,0.024,0.023886,0,1,18,33668,2626560,0.009999999999990905,0.6865000000000236,0.009999999999990905,reload-1-inventory
1,435,214.361,658.341,872.702,572,872.702,983.718,0.5,872.702,400432,868.9265,435,868.9375,872.4525,1849491,2338,False,872.4835,872.4705,0.013,0.012939,0,1,18,33668,2626560,0.018000000000029104,0.23149999999998272,0.010999999999967258,reload-1-inventory
1,436,214.118,658.56,872.678,572,872.678,1049.545,0.5,872.678,400432,868.9325,436,868.9425,872.4215,1849491,2338,False,872.4445,872.4315,0.012,0.012519,0,1,18,33668,2626560,0.009999999999990905,0.24649999999996908,0.009999999999990905,reload-1-inventory
1,437,216.005,656.915,872.92,572,872.92,990.904,0.5,872.92,400432,868.9375,437,868.9505,872.6905,1849491,2338,False,872.7185,872.7035,0.015,0.014842,0,1,22,42060,2626560,0.012999999999919964,0.21649999999999636,0.013000000000033651,reload-1-inventory
1,438,216.284,656.815,873.099,572,873.099,995.457,0.5,873.099,400432,868.9435,438,868.9545,872.6215,1849491,2338,False,872.6795,872.6655,0.013,0.01342,0,1,22,42060,2626560,0.04399999999998272,0.4335000000000946,0.011000000000080945,reload-1-inventory
1,439,215.396,657.733,873.129,572,873.129,1026.234,0.5,873.129,400432,868.9485,439,868.9595,872.7255,1849491,2338,False,872.7665,872.7415,0.024,0.024537,0,1,22,42060,2626560,0.01599999999996271,0.3875000000000455,0.011000000000080945,reload-1-inventory
1,440,214.015,659.008,873.023,572,873.023,1004.951,0.5,873.023,400432,868.9535,440,868.9655,872.7745,1849491,2338,False,872.8015,872.7875,0.013,0.013551,0,1,22,42060,2626560,0.013000000000033651,0.23550000000000182,0.012000000000057298,reload-1-inventory
1,441,215.576,658.095,873.671,572,873.671,962.535,0.5,873.671,400432,868.9605,441,868.9705,872.8375,1849491,2338,False,872.8815,872.8535,0.028,0.027932,0,1,22,42060,2626560,0.016000000000076398,0.8174999999999955,0.009999999999990905,reload-1-inventory
1,442,215.643,658.0,873.643,572,873.643,1016.846,0.5,873.643,400432,868.9655,442,868.9775,872.8075,1849491,2338,False,872.8315,872.8185,0.013,0.012989,0,1,22,42060,2626560,0.010999999999967258,0.8245000000000573,0.011999999999943611,reload-1-inventory
1,443,215.473,657.936,873.409,572,873.409,1005.285,0.5,873.409,400432,868.9725,443,868.9855,872.8975,1849491,2338,False,872.9205,872.9075,0.012,0.012639,0,1,22,42060,2626560,0.009999999999990905,0.5014999999999645,0.013000000000033651,reload-1-inventory
1,444,216.608,657.894,874.502,572,874.502,1004.229,0.5,874.502,400432,868.9775,444,868.9895,872.9295,1849491,2338,False,872.9515,872.9395,0.011,0.011488,0,1,22,42060,2626560,0.009999999999990905,1.5625,0.012000000000057298,reload-1-inventory
1,445,214.882,658.995,873.877,572,873.877,1011.184,0.5,873.877,400432,868.9835,445,868.9915,872.9585,1849491,2338,False,872.9895,872.9735,0.016,0.016385,0,1,27,50502,2626560,0.014999999999986358,0.9035000000000082,0.007999999999924512,reload-1-inventory
1,446,216.27,657.095,873.365,572,873.365,982.206,0.5,873.365,400432,868.9875,446,868.9975,872.9985,1849491,2338,False,873.0225,873.0105,0.012,0.011808,0,1,27,50502,2626560,0.011999999999943611,0.35450000000003,0.009999999999990905,reload-1-inventory
1,447,216.1,657.447,873.547,572,873.547,976.091,0.5,873.547,400432,868.9925,447,869.0145,873.0285,1849491,2338,False,873.0595,873.0445,0.015,0.014732,0,1,27,50502,2626560,0.01599999999996271,0.5025000000000546,0.022000000000048203,reload-1-inventory
1,448,215.755,658.15,873.905,572,873.905,969.252,0.5,873.905,400432,869.0055,448,869.0165,873.0685,1849491,2338,False,873.0955,873.0825,0.013,0.0133,0,1,27,50502,2626560,0.014000000000010004,0.8224999999999909,0.010999999999967258,reload-1-inventory
1,449,216.817,657.427,874.244,572,874.244,1006.177,0.5,874.244,400432,869.0115,449,869.0225,873.1025,1849491,2338,False,873.1325,873.1135,0.019,0.018878,0,1,27,50502,2626560,0.011000000000080945,1.1304999999999836,0.011000000000080945,reload-1-inventory
1,450,214.645,659.05,873.695,572,873.695,1008.321,0.5,873.695,400432,869.0165,450,869.0265,873.1395,1849491,2338,False,873.1655,873.1525,0.013,0.01331,0,1,27,50502,2626560,0.013000000000033651,0.5425000000000182,0.010000000000104592,reload-1-inventory
1,451,216.992,656.535,873.527,572,873.527,997.764,0.5,873.527,400432,869.0215,451,869.0305,873.1815,1849491,2338,False,873.2215,873.1925,0.029,0.029454,0,1,27,50502,2626560,0.010999999999967258,0.3345000000000482,0.009000000000014552,reload-1-inventory
1,452,215.376,658.712,874.088,572,874.088,1002.032,0.5,874.088,400432,869.0265,452,869.0345,873.2315,1849491,2338,False,873.2705,873.2465,0.024,0.023956,0,1,27,50502,2626560,0.014999999999986358,0.8414999999999964,0.007999999999924512,reload-1-inventory
1,453,217.009,657.092,874.101,572,874.101,966.337,0.5,874.101,400432,869.0315,453,869.0415,873.2795,1849491,2338,False,873.3105,873.2905,0.019,0.019489,0,1,27,50502,2626560,0.010999999999967258,0.8105000000000473,0.009999999999990905,reload-1-inventory
1,454,217.179,656.718,873.897,572,873.897,983.873,0.5,873.897,400432,869.0365,454,869.0475,873.4175,1849491,2338,False,873.4615,873.4365,0.024,0.024607,0,1,32,58944,2626560,0.019000000000005457,0.46050000000002456,0.010999999999967258,reload-1-inventory
1,455,215.782,659.349,875.131,572,875.131,1040.385,0.5,875.131,400432,869.0415,455,869.0535,873.3175,1849491,2338,False,873.4065,873.3615,0.045,0.044777,0,1,32,58944,2626560,0.04399999999998272,1.7694999999999936,0.011999999999943611,reload-1-inventory
1,456,216.785,657.847,874.632,572,874.632,982.184,0.5,874.632,400432,869.0465,456,869.0655,873.4715,1849491,2338,False,873.5125,873.4915,0.021,0.021061,0,1,32,58944,2626560,0.01999999999998181,1.1404999999999745,0.019000000000005457,reload-1-inventory
1,457,216.13,658.264,874.394,572,874.394,997.256,0.5,874.394,400432,869.0525,457,869.0685,873.5225,1849491,2338,False,873.5665,873.5395,0.026,0.02661,0,1,32,58944,2626560,0.016999999999939064,0.85450000000003,0.01599999999996271,reload-1-inventory
1,458,214.117,658.292,872.409,572,872.409,959.438,0.5,872.409,400432,869.0635,458,869.0715,872.2125,1849491,2338,False,872.2455,872.2275,0.017,0.017606,0,1,13,25226,2626560,0.014999999999986358,0.1815000000000282,0.008000000000038199,reload-1-inventory
1,459,213.581,659.405,872.986,572,872.986,1038.147,0.5,872.986,400432,869.0685,459,869.0775,872.6105,1849491,2338,False,872.7135,872.6945,0.018,0.018207,0,1,22,42060,2626560,0.08399999999994634,0.29150000000004184,0.009000000000014552,reload-1-inventory
1,460,215.483,657.114,872.597,572,872.597,1029.169,0.5,872.597,400432,869.0725,460,869.0835,872.4015,1849491,2338,False,872.4335,872.4205,0.012,0.012648,0,1,18,33668,2626560,0.01899999999989177,0.17650000000003274,0.010999999999967258,reload-1-inventory
1,461,213.206,659.577,872.783,572,872.783,1038.142,0.5,872.783,400432,869.0775,461,869.0885,872.3285,1849491,2338,False,872.3505,872.3375,0.012,0.012399,0,1,18,33668,2626560,0.009000000000014552,0.4455000000000382,0.010999999999967258,reload-1-inventory
1,462,215.336,658.131,873.467,572,873.467,1034.55,0.5,873.467,400432,869.0835,462,869.0955,872.8495,1849491,2338,False,872.8985,872.8815,0.017,0.016966,0,1,22,42060,2626560,0.03199999999992542,0.5855000000000246,0.012000000000057298,reload-1-inventory
1,463,217.007,656.617,873.624,572,873.624,1000.023,0.5,873.624,400432,869.0885,463,869.0995,872.8685,1849491,2338,False,872.8995,872.8835,0.016,0.016054,0,1,22,42060,2626560,0.014999999999986358,0.7404999999999973,0.011000000000080945,reload-1-inventory
1,464,215.734,657.639,873.373,572,873.373,976.728,0.5,873.373,400432,869.0955,464,869.1075,873.0505,1849491,2338,False,873.0865,873.0665,0.02,0.02006,0,1,27,50502,2626560,0.01599999999996271,0.3065000000000282,0.011999999999943611,reload-1-inventory
1,465,214.615,659.223,873.838,572,873.838,1037.067,0.5,873.838,400432,869.0995,465,869.1155,873.2495,1849491,2338,False,873.3135,873.2645,0.049,0.048743,0,1,27,50502,2626560,0.014999999999986358,0.5734999999999673,0.01599999999996271,reload-1-inventory
1,466,216.375,657.298,873.673,572,873.673,1035.16,0.5,873.673,400432,869.1065,466,869.1165,873.2295,1849491,2338,False,873.3115,873.2715,0.04,0.03979,0,1,27,50502,2626560,0.041999999999916326,0.4015000000000555,0.009999999999990905,reload-1-inventory
1,467,217.426,656.81,874.236,572,874.236,995.924,0.5,874.236,400432,869.1125,467,869.1225,873.4715,1849491,2338,False,873.5455,873.4995,0.046,0.045789,0,1,32,58944,2626560,0.02800000000002001,0.7364999999999782,0.009999999999990905,reload-1-inventory
1,468,215.662,659.26,874.922,572,874.922,976.419,0.5,874.922,400432,869.1175,468,869.1315,873.5615,1849491,2338,False,873.6015,873.5785,0.023,0.022984,0,1,32,58944,2626560,0.016999999999939064,1.3435000000000628,0.014000000000010004,reload-1-inventory
1,469,214.757,659.517,874.274,572,874.274,988.555,0.5,874.274,400432,869.1235,469,869.1435,873.5125,1849491,2338,False,873.5525,873.5315,0.02,0.020561,0,1,32,58944,2626560,0.019000000000005457,0.74249999999995,0.01999999999998181,reload-1-inventory
1,470,215.363,659.118,874.481,572,874.481,1029.355,0.5,874.481,400432,869.1285,470,869.1475,873.6685,1849491,2338,False,873.7225,873.6945,0.027,0.027361,0,1,32,58944,2626560,0.025999999999953616,0.7865000000000464,0.019000000000005457,reload-1-inventory
1,471,217.742,656.452,874.194,572,874.194,994.689,0.5,874.194,400432,869.1435,471,869.1555,873.6115,1849491,2338,False,873.6585,873.6285,0.03,0.030065,0,1,32,58944,2626560,0.01700000000005275,0.5654999999999291,0.011999999999943611,reload-1-inventory
1,472,215.837,658.012,873.849,572,873.849,1021.593,0.5,873.849,400432,869.1495,472,869.1635,873.7335,1849491,2338,False,873.7895,873.7515,0.038,0.037656,0,1,36,67336,2626560,0.017999999999915417,0.09750000000008185,0.014000000000010004,reload-1-inventory
1,473,215.542,658.982,874.524,572,874.524,974.217,0.5,874.524,400432,869.1555,473,869.1655,873.8015,1849491,2338,False,873.8445,873.8195,0.025,0.024737,0,1,36,67336,2626560,0.017999999999915417,0.7045000000000528,0.009999999999990905,reload-1-inventory
1,474,217.647,657.049,874.696,572,874.696,963.768,0.5,874.696,400432,869.1605,474,869.1735,873.8555,1849491,2338,False,873.8975,873.8725,0.025,0.025147,0,1,36,67336,2626560,0.016999999999939064,0.823500000000081,0.013000000000033651,reload-1-inventory
1,475,217.119,657.856,874.975,572,874.975,979.841,0.5,874.975,400432,869.1665,475,869.1775,873.9545,1849491,2338,False,873.9995,873.9715,0.027,0.027311,0,1,36,67336,2626560,0.016999999999939064,1.003500000000031,0.010999999999967258,reload-1-inventory
1,476,218.277,657.294,875.571,572,875.571,1042.144,0.5,875.571,400432,869.1725,476,869.1825,874.0095,1849491,2338,False,874.0495,874.0255,0.023,0.023575,0,1,36,67336,2626560,0.01599999999996271,1.545500000000061,0.009999999999990905,reload-1-inventory
1,477,219.381,657.243,876.624,572,876.624,1039.003,0.5,876.624,400432,869.1765,477,869.1875,874.0595,1849491,2338,False,874.0985,874.0755,0.023,0.022934,0,1,36,67336,2626560,0.016000000000076398,2.54849999999999,0.010999999999967258,reload-1-inventory
1,478,217.501,659.257,876.758,572,876.758,1050.098,0.5,876.758,400432,869.1815,478,869.1915,874.1235,1849491,2338,False,874.1665,874.1425,0.024,0.023785,0,1,41,75778,2626560,0.019000000000005457,2.6154999999999973,0.009999999999990905,reload-1-inventory
1,479,218.061,658.537,876.598,572,876.598,984.771,0.5,876.598,400432,869.1865,479,869.1965,874.1765,1849491,2338,False,874.2275,874.1935,0.033,0.03351,0,1,41,75778,2626560,0.016999999999939064,2.4044999999999845,0.009999999999990905,reload-1-inventory
1,480,218.447,658.496,876.943,572,876.943,978.521,0.5,876.943,400432,869.1915,480,869.2015,874.2375,1849491,2338,False,874.2875,874.2535,0.033,0.03335,0,1,41,75778,2626560,0.016000000000076398,2.6894999999999527,0.009999999999990905,reload-1-inventory
1,481,217.13,659.3,876.43,572,876.43,1044.964,0.5,876.43,400432,869.1955,481,869.2065,874.2995,1849491,2338,False,874.3455,874.3175,0.028,0.027711,0,1,41,75778,2626560,0.018000000000029104,2.1124999999999545,0.010999999999967258,reload-1-inventory
1,482,217.645,658.732,876.377,572,876.377,993.274,0.5,876.377,400432,869.2005,482,869.2125,874.3655,1849491,2338,False,874.4285,874.3835,0.045,0.045048,0,1,41,75778,2626560,0.018000000000029104,1.9934999999999263,0.011999999999943611,reload-1-inventory
1,483,217.748,659.054,876.802,572,876.802,1040.583,0.5,876.802,400432,869.2075,483,869.2185,874.4395,1849491,2338,False,874.4835,874.4565,0.027,0.02664,0,1,41,75778,2626560,0.01700000000005275,2.3455000000000155,0.010999999999967258,reload-1-inventory
1,484,219.041,656.651,875.692,572,875.692,988.049,0.5,875.692,400432,869.2125,484,869.2255,874.4935,1849491,2338,False,874.5555,874.5115,0.044,0.043745,0,1,41,75778,2626560,0.017999999999915417,1.1805000000000518,0.013000000000033651,reload-1-inventory
1,485,218.211,657.004,875.215,572,875.215,1025.105,0.5,875.215,400432,869.2195,485,869.2315,874.6715,1849491,2338,False,874.7395,874.6915,0.048,0.047871,0,1,45,84170,2626560,0.01999999999998181,0.5235000000000127,0.011999999999943611,reload-1-inventory
1,486,218.715,657.932,876.647,572,876.647,1002.248,0.5,876.647,400432,869.2255,486,869.2375,874.7495,1849491,2338,False,874.7945,874.7685,0.025,0.024897,0,1,45,84170,2626560,0.019000000000005457,1.878500000000031,0.011999999999943611,reload-1-inventory
1,487,217.788,657.205,874.993,572,874.993,1050.854,0.5,874.993,400432,869.2305,487,869.2455,874.8585,1849491,2338,False,874.9045,874.8775,0.027,0.02674,0,1,45,84170,2626560,0.019000000000005457,0.11549999999999727,0.014999999999986358,reload-1-inventory
1,488,220.601,659.132,879.733,572,879.733,1046.561,0.5,879.733,400432,869.2365,488,869.2535,874.9185,1849491,2338,False,874.9685,874.9365,0.031,0.031497,0,1,45,84170,2626560,0.018000000000029104,4.796499999999924,0.01700000000005275,reload-1-inventory
1,489,227.039,657.592,884.631,572,884.631,963.065,0.5,884.631,400432,869.2455,489,869.2545,874.9805,1849491,2338,False,875.0305,875.0025,0.028,0.028232,0,1,50,92612,2626560,0.022000000000048203,9.628499999999917,0.009000000000014552,reload-1-inventory
1,490,222.174,659.566,881.74,572,881.74,974.795,0.5,881.74,400432,869.2505,490,869.2625,875.1275,1849491,2338,False,875.1865,875.1455,0.041,0.04059,0,1,50,92612,2626560,0.017999999999915417,6.594500000000039,0.012000000000057298,reload-1-inventory
1,491,217.989,659.527,877.516,572,877.516,979.715,0.5,877.516,400432,869.2555,491,869.2655,875.1975,1849491,2338,False,875.2785,875.2205,0.059,0.058608,0,1,50,92612,2626560,0.023000000000024556,2.2954999999999472,0.009999999999990905,reload-1-inventory
1,492,217.975,659.525,877.5,572,877.5,973.205,0.5,877.5,400432,869.2605,492,869.2715,875.4295,1849491,2338,False,875.4765,875.4485,0.028,0.028233,0,1,54,101004,2626560,0.019000000000005457,2.0515000000000327,0.010999999999967258,reload-1-inventory
1,493,223.051,656.694,879.745,572,879.745,980.326,0.5,879.745,400432,869.2665,493,869.2755,875.3025,1849491,2338,False,875.3485,875.3225,0.025,0.025388,0,1,50,92612,2626560,0.01999999999998181,4.422500000000014,0.009000000000014552,reload-1-inventory
1,494,221.713,657.404,879.117,572,879.117,1003.293,0.5,879.117,400432,869.2705,494,869.2855,875.4885,1849491,2338,False,875.5365,875.5055,0.03,0.029965,0,1,54,101004,2626560,0.016999999999939064,3.611499999999978,0.014999999999986358,reload-1-inventory
1,495,217.058,657.423,874.481,572,874.481,979.554,0.5,874.481,400432,869.2755,495,869.2905,873.6955,1849491,2338,False,873.7505,873.7145,0.036,0.035713,0,1,32,58944,2626560,0.019000000000005457,0.7664999999999509,0.014999999999986358,reload-1-inventory
1,496,215.751,658.748,874.499,572,874.499,1029.196,0.5,874.499,400432,869.2855,496,869.2965,873.6635,1849491,2338,False,873.7265,873.7035,0.023,0.022914,0,1,32,58944,2626560,0.03999999999996362,0.7955000000000609,0.011000000000080945,reload-1-inventory
1,497,215.252,658.407,873.659,572,873.659,1029.092,0.5,873.659,400432,869.2915,497,869.3015,873.5265,1849491,2338,False,873.5815,873.5425,0.038,0.037947,0,1,32,58944,2626560,0.01599999999996271,0.11649999999997362,0.009999999999990905,reload-1-inventory
1,498,221.358,658.329,879.687,572,879.687,1018.623,0.5,879.687,400432,869.2965,498,869.3075,875.5475,1849491,2338,False,875.5985,875.5665,0.032,0.031977,0,1,54,101004,2626560,0.019000000000005457,4.120499999999993,0.010999999999967258,reload-1-inventory
1,499,214.95,659.627,874.577,572,874.577,1044.588,0.5,874.577,400432,869.3025,499,869.3145,873.7735,1849491,2338,False,873.8195,873.7955,0.024,0.023906,0,1,36,67336,2626560,0.021999999999934516,0.7815000000000509,0.011999999999943611,reload-1-inventory
1,500,217.01,657.48,874.49,572,874.49,1012.459,0.5,874.49,400432,869.3075,500,869.3175,873.7675,1849491,2338,False,873.8365,873.7985,0.037,0.036765,0,1,36,67336,2626560,0.03099999999994907,0.6915000000000191,0.009999999999990905,reload-1-inventory
1,501,217.956,656.818,874.774,572,874.774,967.676,0.5,874.774,400432,869.3125,501,869.3225,873.8165,1849491,2338,False,873.8625,873.8365,0.026,0.026209,0,1,36,67336,2626560,0.01999999999998181,0.9375,0.009999999999990905,reload-1-inventory
1,502,217.928,656.81,874.738,572,874.738,965.98,0.5,874.738,400432,869.3175,502,869.3285,873.8255,1849491,2338,False,873.9255,873.8885,0.037,0.037175,0,1,36,67336,2626560,0.06299999999998818,0.8495000000000346,0.010999999999967258,reload-1-inventory
1,503,215.485,659.553,875.038,572,875.038,970.801,0.5,875.038,400432,869.3225,503,869.3325,873.8895,1849491,2338,False,873.9345,873.9085,0.025,0.025227,0,1,36,67336,2626560,0.019000000000005457,1.1295000000000073,0.009999999999990905,reload-1-inventory
1,504,217.019,658.184,875.203,572,875.203,961.292,0.5,875.203,400432,869.3275,504,869.3375,873.9825,1849491,2338,False,874.0355,874.0045,0.031,0.030626,0,1,36,67336,2626560,0.022000000000048203,1.1984999999999673,0.009999999999990905,reload-1-inventory
1,505,218.622,656.816,875.438,572,875.438,1003.271,0.5,875.438,400432,869.3315,505,869.3425,873.9845,1849491,2338,False,874.0545,874.0115,0.043,0.043274,0,1,36,67336,2626560,0.02699999999992997,1.4265000000000327,0.010999999999967258,reload-1-inventory
1,506,219.328,656.979,876.307,572,876.307,1002.939,0.5,876.307,400432,869.3375,506,869.3515,874.0945,1849491,2338,False,874.1765,874.1405,0.035,0.035352,0,1,36,67336,2626560,0.045999999999935426,2.166500000000042,0.014000000000010004,reload-1-inventory
1,507,218.262,658.237,876.499,572,876.499,1046.978,0.5,876.499,400432,869.3425,507,869.3565,874.2995,1849491,2338,False,874.3985,874.3425,0.056,0.055744,0,1,41,75778,2626560,0.043000000000006366,2.156500000000051,0.014000000000010004,reload-1-inventory
1,508,217.795,658.88,876.675,572,876.675,1046.621,0.5,876.675,400432,869.3525,508,869.3625,874.2715,1849491,2338,False,874.3375,874.3005,0.037,0.037216,0,1,41,75778,2626560,0.02900000000011005,2.374499999999898,0.009999999999990905,reload-1-inventory
1,509,220.062,656.801,876.863,572,876.863,1018.844,0.5,876.863,400432,869.3575,509,869.3685,874.1365,1849491,2338,False,874.2445,874.2055,0.038,0.037887,0,1,41,75778,2626560,0.06900000000007367,2.6575000000000273,0.011000000000080945,reload-1-inventory
1,510,219.522,657.101,876.623,572,876.623,1048.156,0.5,876.623,400432,869.3635,510,869.3735,874.0965,1849491,2338,False,874.1515,874.1255,0.026,0.025619,0,1,36,67336,2626560,0.028999999999996362,2.497500000000059,0.009999999999990905,reload-1-inventory
1,511,218.439,658.059,876.498,572,876.498,1046.26,0.5,876.498,400432,869.3685,511,869.3825,874.3065,1849491,2338,False,874.3635,874.3275,0.035,0.035173,0,1,41,75778,2626560,0.020999999999958163,2.170500000000061,0.014000000000010004,reload-1-inventory
1,512,218.033,658.626,876.659,572,876.659,1031.586,0.5,876.659,400432,869.3755,512,869.3875,874.4205,1849491,2338,False,874.4675,874.4415,0.026,0.025779,0,1,41,75778,2626560,0.02100000000007185,2.2174999999999727,0.012000000000057298,reload-1-inventory
1,513,217.042,658.47,875.512,572,875.512,1010.564,0.5,875.512,400432,869.3815,513,869.3955,874.4425,1849491,2338,False,874.4905,874.4655,0.025,0.025558,0,1,41,75778,2626560,0.023000000000024556,1.0464999999999236,0.014000000000010004,reload-1-inventory
1,514,219.262,656.845,876.107,572,876.107,969.26,0.5,876.107,400432,869.3895,514,869.4005,874.5735,1849491,2338,False,874.6265,874.5985,0.027,0.027221,0,1,45,84170,2626560,0.024999999999977263,1.5085000000000264,0.010999999999967258,reload-1-inventory
1,515,218.159,657.87,876.029,572,876.029,1029.111,0.5,876.029,400432,869.3955,515,869.4065,874.5675,1849491,2338,False,874.6455,874.5875,0.058,0.058267,0,1,45,84170,2626560,0.01999999999998181,1.441500000000019,0.011000000000080945,reload-1-inventory
1,516,218.463,657.689,876.152,572,876.152,994.605,0.5,876.152,400432,869.4015,516,869.4115,874.5315,1849491,2338,False,874.5755,874.5525,0.023,0.022764,0,1,45,84170,2626560,0.020999999999958163,1.5995000000000346,0.009999999999990905,reload-1-inventory
1,517,217.567,658.503,876.07,572,876.07,1039.118,0.5,876.07,400432,869.4065,517,869.4165,874.5095,1849491,2338,False,874.5685,874.5335,0.034,0.034372,0,1,41,75778,2626560,0.02400000000000091,1.5365000000000464,0.009999999999990905,reload-1-inventory
1,518,218.064,657.341,875.405,572,875.405,1008.955,0.5,875.405,400432,869.4115,518,869.4255,874.7155,1849491,2338,False,874.7965,874.7425,0.054,0.05361,0,1,45,84170,2626560,0.02699999999992997,0.6625000000000227,0.014000000000010004,reload-1-inventory
1,519,216.136,659.2,875.336,572,875.336,1047.875,0.5,875.336,400432,869.4175,519,869.4285,874.7195,1849491,2338,False,874.7685,874.7435,0.025,0.025458,0,1,45,84170,2626560,0.02400000000000091,0.5924999999999727,0.010999999999967258,reload-1-inventory
1,520,220.781,657.175,877.956,572,877.956,1023.783,0.5,877.956,400432,869.4235,520,869.4345,874.8855,1849491,2338,False,874.9345,874.9105,0.025,0.024697,0,1,45,84170,2626560,0.024999999999977263,3.045500000000061,0.010999999999967258,reload-1-inventory
1,521,216.139,659.272,875.411,572,875.411,1018.687,0.5,875.411,400432,869.4285,521,869.4395,874.8045,1849491,2338,False,874.8485,874.8225,0.026,0.025738,0,1,45,84170,2626560,0.018000000000029104,0.5884999999999536,0.010999999999967258,reload-1-inventory
1,522,216.436,659.046,875.482,572,875.482,981.035,0.5,875.482,400432,869.4335,522,869.4445,874.7455,1849491,2338,False,874.8095,874.7715,0.038,0.038007,0,1,45,84170,2626560,0.025999999999953616,0.7105000000000246,0.010999999999967258,reload-1-inventory
1,523,215.98,659.59,875.57,572,875.57,1031.381,0.5,875.57,400432,869.4395,523,869.4505,874.7415,1849491,2338,False,874.8085,874.7615,0.047,0.046851,0,1,45,84170,2626560,0.01999999999998181,0.8085000000000946,0.011000000000080945,reload-1-inventory
1,524,219.517,658.848,878.365,572,878.365,1030.987,0.5,878.365,400432,869.4445,524,869.4575,874.9005,1849491,2338,False,874.9495,874.9265,0.023,0.023405,0,1,45,84170,2626560,0.026000000000067303,3.4384999999999764,0.013000000000033651,reload-1-inventory
1,525,224.694,658.087,882.781,572,882.781,1024.076,0.5,882.781,400432,869.4495,525,869.4605,875.0045,1849491,2338,False,875.0725,875.0365,0.035,0.035323,0,1,50,92612,2626560,0.03200000000003911,7.744499999999903,0.011000000000080945,reload-1-inventory
1,526,224.797,658.929,883.726,572,883.726,985.971,0.5,883.726,400432,869.4555,526,869.4645,875.0135,1849491,2338,False,875.0685,875.0425,0.026,0.02622,0,1,50,92612,2626560,0.028999999999996362,8.683499999999981,0.009000000000014552,reload-1-inventory
1,527,225.366,658.377,883.743,572,883.743,996.449,0.5,883.743,400432,869.4595,527,869.4695,875.0435,1849491,2338,False,875.1165,875.0635,0.052,0.052198,0,1,50,92612,2626560,0.01999999999998181,8.679500000000075,0.009999999999990905,reload-1-inventory
1,528,224.486,658.314,882.8,572,882.8,977.361,0.5,882.8,400432,869.4645,528,869.4775,875.0445,1849491,2338,False,875.0955,875.0655,0.03,0.030086,0,1,50,92612,2626560,0.02100000000007185,7.734499999999912,0.012999999999919964,reload-1-inventory
1,529,223.956,657.082,881.038,572,881.038,997.92,0.5,881.038,400432,869.4715,529,869.4825,875.0525,1849491,2338,False,875.1145,875.0815,0.032,0.032349,0,1,50,92612,2626560,0.028999999999996362,5.9565000000000055,0.010999999999967258,reload-1-inventory
1,530,226.045,656.675,882.72,572,882.72,1033.609,0.5,882.72,400432,869.4775,530,869.4895,875.1345,1849491,2338,False,875.2385,875.1945,0.044,0.043795,0,1,50,92612,2626560,0.05999999999994543,7.525500000000079,0.012000000000057298,reload-1-inventory
1,531,221.679,658.567,880.246,572,880.246,994.617,0.5,880.246,400432,869.4825,531,869.4915,875.2655,1849491,2338,False,875.3245,875.2965,0.028,0.027611,0,1,50,92612,2626560,0.031000000000062755,4.949499999999944,0.009000000000014552,reload-1-inventory
1,532,222.608,656.575,879.183,572,879.183,964.241,0.5,879.183,400432,869.4885,532,869.4965,875.2715,1849491,2338,False,875.3215,875.2945,0.026,0.026219,0,1,50,92612,2626560,0.023000000000024556,3.888500000000022,0.007999999999924512,reload-1-inventory
1,533,222.189,657.436,879.625,572,879.625,1017.228,0.5,879.625,400432,869.4925,533,869.5015,875.3945,1849491,2338,False,875.4505,875.4215,0.028,0.028122,0,1,54,101004,2626560,0.027000000000043656,4.203499999999963,0.009000000000014552,reload-1-inventory
1,534,219.829,658.122,877.951,572,877.951,1011.833,0.5,877.951,400432,869.4975,534,869.5075,875.3605,1849491,2338,False,875.4175,875.3885,0.028,0.028363,0,1,54,101004,2626560,0.02800000000002001,2.5625,0.010000000000104592,reload-1-inventory
1,535,222.319,659.442,881.761,572,881.761,975.945,0.5,881.761,400432,869.5025,535,869.5125,875.2785,1849491,2338,False,875.3445,875.3115,0.033,0.032749,0,1,50,92612,2626560,0.03300000000001546,6.449499999999944,0.009999999999990905,reload-1-inventory
1,536,221.185,657.244,878.429,572,878.429,998.352,0.5,878.429,400432,869.5075,536,869.5215,875.4525,1849491,2338,False,875.5195,875.4855,0.034,0.033661,0,1,54,101004,2626560,0.03300000000001546,2.943499999999972,0.013999999999896318,reload-1-inventory
1,537,222.535,657.081,879.616,572,879.616,1014.311,0.5,879.616,400432,869.5135,537,869.5225,875.4605,1849491,2338,False,875.5395,875.4915,0.049,0.048643,0,1,54,101004,2626560,0.03099999999994907,4.124500000000012,0.009000000000014552,reload-1-inventory
1,538,230.651,658.02,888.671,572,888.671,967.143,0.5,888.671,400432,869.5185,538,869.5285,875.5885,1849491,2338,False,875.6725,875.6165,0.056,0.055464,0,1,54,101004,2626560,0.02800000000002001,13.054500000000075,0.009999999999990905,reload-1-inventory
1,539,229.636,657.424,887.06,572,887.06,1013.312,0.5,887.06,400432,869.5235,539,869.5335,875.7345,1849491,2338,False,875.7995,875.7595,0.04,0.03984,0,1,54,101004,2626560,0.024999999999977263,11.300499999999943,0.009999999999990905,reload-1-inventory
1,540,237.981,656.533,894.514,572,894.514,968.143,0.5,894.514,400432,869.5285,540,869.5395,875.6605,1849491,2338,False,875.7125,875.6845,0.028,0.027541,0,1,54,101004,2626560,0.02400000000000091,18.829500000000053,0.010999999999967258,reload-1-inventory
1,541,236.049,659.409,895.458,572,895.458,971.734,0.5,895.458,400432,869.5335,541,869.5445,875.6605,1849491,2338,False,875.7315,875.6865,0.045,0.045197,0,1,54,101004,2626560,0.026000000000067303,19.771499999999946,0.010999999999967258,reload-1-inventory
1,542,230.997,659.54,890.537,572,890.537,976.357,0.5,890.537,400432,869.5395,542,869.5505,875.6145,1849491,2338,False,875.6735,875.6415,0.039,0.031697,0,1,54,101004,2626560,0.02699999999992997,14.895500000000084,0.011000000000080945,reload-1-inventory
1,543,227.581,657.916,885.497,572,885.497,989.169,0.5,885.497,400432,869.5445,543,869.5615,875.8415,1849491,2338,False,875.9095,875.8665,0.043,0.042864,0,1,59,109446,2626560,0.024999999999977263,9.630499999999984,0.01700000000005275,reload-1-inventory
1,544,219.218,657.877,877.095,572,877.095,1019.312,0.5,877.095,400432,869.5505,544,869.5655,875.7485,1849491,2338,False,875.8005,875.7695,0.031,0.030856,0,1,54,101004,2626560,0.020999999999958163,1.3255000000000337,0.014999999999986358,reload-1-inventory
1,545,236.368,659.386,895.754,572,895.754,989.31,0.5,895.754,400432,869.5595,545,869.5695,875.8955,1849491,2338,False,875.9675,875.9225,0.045,0.044646,0,1,59,109446,2626560,0.027000000000043656,19.831500000000005,0.009999999999990905,reload-1-inventory
1,546,238.338,658.226,896.564,572,896.564,981.664,0.5,896.564,400432,869.5645,546,869.5775,875.8875,1849491,2338,False,875.9625,875.9085,0.054,0.053961,0,1,59,109446,2626560,0.020999999999958163,20.65549999999996,0.013000000000033651,reload-1-inventory
1,547,234.968,659.416,894.384,572,894.384,1016.542,0.5,894.384,400432,869.5715,547,869.5855,876.0755,1849491,2338,False,876.1395,876.1015,0.037,0.037216,0,1,59,109446,2626560,0.025999999999953616,18.282500000000027,0.014000000000010004,reload-1-inventory
1,548,239.824,656.953,896.777,572,896.777,966.596,0.5,896.777,400432,869.5775,548,869.5875,875.9905,1849491,2338,False,876.0555,876.0185,0.036,0.035864,0,1,59,109446,2626560,0.02800000000002001,20.758500000000026,0.009999999999990905,reload-1-inventory
1,549,238.145,657.704,895.849,572,895.849,1005.764,0.5,895.849,400432,869.5825,549,869.5945,875.9535,1849491,2338,False,876.0365,875.9805,0.055,0.054802,0,1,59,109446,2626560,0.027000000000043656,19.86850000000004,0.012000000000057298,reload-1-inventory
1,550,236.517,658.906,895.423,572,895.423,978.057,0.5,895.423,400432,869.5875,550,869.5965,876.0815,1849491,2338,False,876.1355,876.1025,0.033,0.032498,0,1,59,109446,2626560,0.020999999999958163,19.320500000000038,0.009000000000014552,reload-1-inventory
1,551,237.775,658.588,896.363,572,896.363,968.868,0.5,896.363,400432,869.5935,551,869.6035,876.1625,1849491,2338,False,876.2335,876.1915,0.042,0.041853,0,1,59,109446,2626560,0.028999999999996362,20.171500000000037,0.010000000000104592,reload-1-inventory
1,552,238.092,657.477,895.569,572,895.569,1009.011,0.5,895.569,400432,869.5985,552,869.6075,876.2265,1849491,2338,False,876.2965,876.2555,0.04,0.040301,0,1,64,117888,2626560,0.028999999999996362,19.313499999999976,0.009000000000014552,reload-1-inventory
1,553,220.363,657.311,877.674,572,877.674,1026.011,0.5,877.674,400432,869.6035,553,869.6125,876.2465,1849491,2338,False,876.3185,876.2695,0.049,0.048483,0,1,64,117888,2626560,0.023000000000024556,1.4044999999999845,0.008999999999900865,reload-1-inventory
1,554,221.427,659.292,880.719,572,880.719,1012.597,0.5,880.719,400432,869.6085,554,869.6175,876.3295,1849491,2338,False,876.4095,876.3585,0.051,0.050796,0,1,64,117888,2626560,0.028999999999996362,4.360500000000002,0.008999999999900865,reload-1-inventory
1,555,222.24,657.248,879.488,572,879.488,982.065,0.5,879.488,400432,869.6125,555,869.6225,876.3005,1849491,2338,False,876.3605,876.3285,0.032,0.031898,0,1,64,117888,2626560,0.027999999999906322,3.1595000000000937,0.009999999999990905,reload-1-inventory
1,556,223.12,658.433,881.553,572,881.553,972.116,0.5,881.553,400432,869.6175,556,869.6335,876.3445,1849491,2338,False,876.4315,876.3865,0.045,0.044937,0,1,64,117888,2626560,0.041999999999916326,5.166500000000042,0.016000000000076398,reload-1-inventory
1,557,222.947,657.417,880.364,572,880.364,1021.524,0.5,880.364,400432,869.6215,557,869.6445,876.4345,1849491,2338,False,876.4925,876.4595,0.033,0.032468,0,1,64,117888,2626560,0.02500000000009095,3.9044999999999845,0.023000000000024556,reload-1-inventory
1,558,218.636,659.064,877.7,572,877.7,982.162,0.5,877.7,400432,869.6325,558,869.6465,876.5255,1849491,2338,False,876.5845,876.5515,0.032,0.032248,0,1,64,117888,2626560,0.026000000000067303,1.1485000000000127,0.013999999999896318,reload-1-inventory
1,559,224.257,657.12,881.377,572,881.377,1000.642,0.5,881.377,400432,869.6415,559,869.6515,876.6065,1849491,2338,False,876.7185,876.6335,0.085,0.085178,0,1,64,117888,2626560,0.027000000000043656,4.743499999999926,0.010000000000104592,reload-1-inventory
1,560,221.606,659.228,880.834,572,880.834,991.654,0.5,880.834,400432,869.6465,560,869.6575,876.5705,1849491,2338,False,876.6485,876.6025,0.046,0.045959,0,1,64,117888,2626560,0.03199999999992542,4.231499999999983,0.011000000000080945,reload-1-inventory
1,561,224.35,657.594,881.944,572,881.944,1028.681,0.5,881.944,400432,869.6515,561,869.6645,876.6135,1849491,2338,False,876.7075,876.6525,0.055,0.055143,0,1,64,117888,2626560,0.03899999999998727,5.291499999999928,0.012999999999919964,reload-1-inventory
1,562,243.101,659.517,902.618,572,902.618,1019.15,0.5,902.618,400432,869.6585,562,869.6705,877.4285,1849491,2338,False,877.4995,877.4595,0.04,0.04012,0,1,64,117888,2626560,0.031000000000062755,25.158500000000004,0.011999999999943611,reload-1-inventory
1,563,250.741,656.69,907.431,572,907.431,1034.669,0.5,907.431,400432,869.6665,563,869.6765,877.3005,1849491,2338,False,877.3565,877.3235,0.033,0.032348,0,1,64,117888,2626560,0.02299999999991087,30.107500000000073,0.009999999999990905,reload-1-inventory
1,564,246.931,659.039,905.97,572,905.97,1004.719,0.5,905.97,400432,869.6715,564,869.6815,877.2935,1849491,2338,False,877.3525,877.3205,0.031,0.031417,0,1,64,117888,2626560,0.027000000000043656,28.64949999999999,0.009999999999990905,reload-1-inventory
1,565,244.276,659.474,903.75,572,903.75,1017.269,0.5,903.75,400432,869.6765,565,869.6875,877.2435,1849491,2338,False,877.3145,877.2735,0.04,0.040301,0,1,64,117888,2626560,0.029999999999972715,26.476499999999987,0.010999999999967258,reload-1-inventory
1,566,240.826,658.819,899.645,572,899.645,1012.887,0.5,899.645,400432,869.6825,566,869.6925,877.1475,1849491,2338,False,877.2145,877.1735,0.041,0.040881,0,1,64,117888,2626560,0.025999999999953616,22.471499999999992,0.009999999999990905,reload-1-inventory
1,567,255.374,659.415,914.789,572,914.789,995.068,0.5,914.789,400432,869.6875,567,869.7005,877.1105,1849491,2338,False,877.1645,877.1325,0.032,0.031497,0,1,64,117888,2626560,0.022000000000048203,37.65649999999994,0.013000000000033651,reload-1-inventory
1,568,252.301,658.965,911.266,572,911.266,965.806,0.5,911.266,400432,869.6935,568,869.7055,877.0485,1849491,2338,False,877.1225,877.0805,0.043,0.042464,0,1,64,117888,2626560,0.03200000000003911,34.185499999999934,0.012000000000057298,reload-1-inventory
1,569,248.25,658.209,906.459,572,906.459,1027.813,0.5,906.459,400432,869.6995,569,869.7105,876.9935,1849491,2338,False,877.0535,877.0195,0.034,0.03359,0,1,64,117888,2626560,0.025999999999953616,29.439499999999953,0.011000000000080945,reload-1-inventory
1,570,241.711,659.445,901.156,572,901.156,996.899,0.5,901.156,400432,869.7045,570,869.7155,876.8955,1849491,2338,False,876.9525,876.9185,0.034,0.034281,0,1,64,117888,2626560,0.023000000000024556,24.237499999999955,0.010999999999967258,reload-1-inventory
1,571,219.05,658.051,877.101,572,877.101,1027.908,0.5,877.101,400432,869.7105,571,869.7205,876.8755,1849491,2338,False,876.9495,876.9015,0.048,0.047882,0,1,64,117888,2626560,0.026000000000067303,0.1994999999999436,0.009999999999990905,reload-1-inventory
1,572,232.875,658.9,891.775,572,891.775,1047.014,0.5,891.775,400432,869.7155,572,869.7265,876.8365,1849491,2338,False,876.9165,876.8685,0.047,0.04696,0,1,64,117888,2626560,0.03200000000003911,14.906499999999937,0.010999999999967258,reload-1-inventory
1,573,240.656,659.388,900.044,572,900.044,1009.55,0.5,900.044,400432,869.7215,573,869.7325,876.6185,1849491,2338,False,878.4895,878.4555,0.034,0.03349,0,1,64,117888,2626560,1.836999999999989,21.588499999999954,0.010999999999967258,reload-1-inventory
1,574,244.936,656.506,901.442,572,901.442,973.618,0.5,901.442,400432,869.7265,574,869.7445,877.4375,1849491,2338,False,877.4975,877.4625,0.035,0.034692,0,1,64,117888,2626560,0.024999999999977263,23.97950000000003,0.018000000000029104,reload-1-inventory
1,575,247.898,657.107,905.005,572,905.005,984.507,0.5,905.005,400432,869.7335,575,869.7495,877.4765,1849491,2338,False,877.5515,877.5155,0.036,0.035863,0,1,64,117888,2626560,0.03899999999998727,27.48950000000002,0.01599999999996271,reload-1-inventory
1,576,246.452,657.378,903.83,572,903.83,1000.066,0.5,903.83,400432,869.7435,576,869.7555,877.4885,1849491,2338,False,877.5675,877.5125,0.055,0.055022,0,1,64,117888,2626560,0.02400000000000091,26.317499999999995,0.011999999999943611,reload-1-inventory
1,577,245.368,657.75,903.118,572,903.118,1003.119,0.5,903.118,400432,869.7485,577,869.7585,877.6215,1849491,2338,False,877.6945,877.6615,0.033,0.032959,0,1,64,117888,2626560,0.04000000000007731,25.456500000000005,0.009999999999990905,reload-1-inventory
1,578,247.345,657.09,904.435,572,904.435,986.561,0.5,904.435,400432,869.7535,578,869.7645,877.6265,1849491,2338,False,877.7025,877.6685,0.034,0.03364,0,1,64,117888,2626560,0.04200000000003001,26.76649999999995,0.010999999999967258,reload-1-inventory
1,579,253.643,656.494,910.137,572,910.137,1033.219,0.5,910.137,400432,869.7585,579,869.7685,877.6435,1849491,2338,False,877.7405,877.6975,0.042,0.042233,0,1,64,117888,2626560,0.053999999999973625,32.43949999999995,0.009999999999990905,reload-1-inventory
1,580,245.776,657.114,902.89,572,902.89,1010.328,0.5,902.89,400432,869.7645,580,869.7815,877.7605,1849491,2338,False,877.8385,877.7875,0.051,0.051217,0,1,64,117888,2626560,0.027000000000043656,25.102499999999964,0.01700000000005275,reload-1-inventory
1,581,244.483,659.592,904.075,572,904.075,1008.233,0.5,904.075,400432,869.7705,581,869.7835,877.7615,1849491,2338,False,877.8375,877.7985,0.039,0.038537,0,1,64,117888,2626560,0.03700000000003456,26.276500000000055,0.013000000000033651,reload-1-inventory
1,582,246.203,659.073,905.276,572,905.276,1010.431,0.5,905.276,400432,869.7785,582,869.7875,877.7875,1849491,2338,False,877.8475,877.8105,0.037,0.036505,0,1,64,117888,2626560,0.023000000000024556,27.465499999999906,0.009000000000014552,reload-1-inventory
1,583,247.307,657.464,904.771,572,904.771,972.072,0.5,904.771,400432,869.7835,583,869.7935,877.9335,1849491,2338,False,877.9915,877.9595,0.032,0.032048,0,1,64,117888,2626560,0.026000000000067303,26.81149999999991,0.009999999999990905,reload-1-inventory
1,584,248.088,658.795,906.883,572,906.883,1010.197,0.5,906.883,400432,869.7885,584,869.7985,877.9355,1849491,2338,False,878.0055,877.9665,0.038,0.038148,0,1,64,117888,2626560,0.03099999999994907,28.916500000000042,0.009999999999990905,reload-1-inventory
1,585,246.712,657.237,903.949,572,903.949,1003.622,0.5,903.949,400432,869.7935,585,869.8045,877.9115,1849491,2338,False,877.9785,877.9375,0.041,0.040751,0,1,64,117888,2626560,0.025999999999953616,26.011499999999955,0.010999999999967258,reload-1-inventory
1,586,250.149,656.469,906.618,572,906.618,1021.439,0.5,906.618,400432,869.7995,586,869.8135,878.0215,1849491,2338,False,878.0875,878.0515,0.036,0.035893,0,1,64,117888,2626560,0.030000000000086402,28.56650000000002,0.014000000000010004,reload-1-inventory
1,587,246.76,659.054,905.814,572,905.814,976.42,0.5,905.814,400432,869.8045,587,869.8145,878.0185,1849491,2338,False,878.0745,878.0415,0.032,0.032359,0,1,64,117888,2626560,0.023000000000024556,27.772499999999923,0.009999999999990905,reload-1-inventory
1,588,250.182,659.484,909.666,572,909.666,992.482,0.5,909.666,400432,869.8095,588,869.8205,878.0765,1849491,2338,False,878.1305,878.0995,0.031,0.031046,0,1,64,117888,2626560,0.023000000000024556,31.56650000000002,0.011000000000080945,reload-1-inventory
1,589,251.59,659.306,910.896,572,910.896,962.19,0.5,910.896,400432,869.8145,589,869.8265,878.0975,1849491,2338,False,878.1545,878.1225,0.032,0.032118,0,1,64,117888,2626560,0.024999999999977263,32.77350000000001,0.012000000000057298,reload-1-inventory
1,590,255.252,656.832,912.084,572,912.084,978.242,0.5,912.084,400432,869.8195,590,869.8305,878.1065,1849491,2338,False,878.1755,878.1445,0.031,0.030856,0,1,64,117888,2626560,0.038000000000010914,33.93949999999995,0.011000000000080945,reload-1-inventory
1,591,256.207,657.697,913.904,572,913.904,1026.989,0.5,913.904,400432,869.8255,591,869.8345,878.1675,1849491,2338,False,878.2405,878.1975,0.043,0.042764,0,1,64,117888,2626560,0.029999999999972715,35.706500000000005,0.009000000000014552,reload-1-inventory
1,592,260.556,657.866,918.422,572,918.422,1001.834,0.5,918.422,400432,869.8295,592,869.8405,878.2065,1849491,2338,False,878.2705,878.2355,0.034,0.034261,0,1,64,117888,2626560,0.028999999999996362,40.186500000000024,0.010999999999967258,reload-1-inventory
1,593,261.317,657.929,919.246,572,919.246,1032.187,0.5,919.246,400432,869.8345,593,869.8475,878.2425,1849491,2338,False,878.3005,878.2675,0.032,0.032388,0,1,64,117888,2626560,0.02500000000009095,40.97849999999994,0.012999999999919964,reload-1-inventory
1,594,261.1,658.97,920.07,572,920.07,1014.357,0.5,920.07,400432,869.8395,594,869.8485,878.2615,1849491,2338,False,878.3215,878.2895,0.032,0.031978,0,1,64,117888,2626560,0.02800000000002001,41.780500000000075,0.008999999999900865,reload-1-inventory
1,595,262.911,657.989,920.9,572,920.9,971.458,0.5,920.9,400432,869.8455,595,869.8545,878.2695,1849491,2338,False,878.3295,878.2965,0.033,0.032629,0,1,64,117888,2626560,0.027000000000043656,42.60349999999994,0.009000000000014552,reload-1-inventory
1,596,244.551,659.14,903.691,572,903.691,1016.305,0.5,903.691,400432,869.8495,596,869.8595,878.3075,1849491,2338,False,878.3655,878.3315,0.034,0.033831,0,1,64,117888,2626560,0.02400000000000091,25.359500000000025,0.009999999999990905,reload-1-inventory
1,597,252.417,656.753,909.17,572,909.17,972.745,0.5,909.17,400432,869.8545,597,869.8665,878.4005,1849491,2338,False,878.4705,878.4355,0.035,0.034922,0,1,64,117888,2626560,0.035000000000081855,30.734499999999912,0.011999999999943611,reload-1-inventory
1,598,242.594,659.301,901.895,572,901.895,960.431,0.5,901.895,400432,869.8605,598,869.8735,878.4025,1849491,2338,False,878.5625,878.5245,0.037,0.037316,0,1,64,117888,2626560,0.12199999999995725,23.370499999999993,0.013000000000033651,reload-1-inventory
1,599,252.23,657.43,909.66,572,909.66,985.703,0.5,909.66,400432,869.8665,599,869.8765,878.4105,1849491,2338,False,878.4875,878.4405,0.047,0.04651,0,1,64,117888,2626560,0.030000000000086402,31.219499999999925,0.009999999999990905,reload-1-inventory
1,600,242.643,657.53,900.173,572,900.173,968.086,0.5,900.173,400432,869.8725,600,869.8835,878.4355,1849491,2338,False,878.4905,878.4585,0.032,0.032218,0,1,64,117888,2626560,0.02299999999991087,21.714500000000044,0.011000000000080945,reload-1-inventory
1,601,244.901,658.858,903.759,572,903.759,998.705,0.5,903.759,400432,869.8765,601,869.8875,878.5425,1849491,2338,False,878.6025,878.5685,0.034,0.033951,0,1,64,117888,2626560,0.025999999999953616,25.190500000000043,0.011000000000080945,reload-1-inventory
1,602,245.992,659.217,905.209,572,905.209,1010.866,0.5,905.209,400432,869.8825,602,869.8925,878.5585,1849491,2338,False,878.6215,878.5835,0.038,0.037536,0,1,64,117888,2626560,0.024999999999977263,26.625499999999988,0.009999999999990905,reload-1-inventory
1,603,244.602,656.606,901.208,572,901.208,981.698,0.5,901.208,400432,869.8865,603,869.8955,878.6115,1849491,2338,False,878.6815,878.6435,0.038,0.037806,0,1,64,117888,2626560,0.03200000000003911,22.564499999999953,0.009000000000014552,reload-1-inventory
1,604,225.904,658.502,884.406,572,884.406,1013.619,0.5,884.406,400432,869.8915,604,869.9015,878.6465,1849491,2338,False,878.7105,878.6785,0.031,0.031457,0,1,64,117888,2626560,0.03200000000003911,5.727499999999964,0.010000000000104592,reload-1-inventory
1,605,232.434,657.554,889.988,572,889.988,998.624,0.5,889.988,400432,869.8955,605,869.9065,878.6875,1849491,2338,False,878.7765,878.7235,0.052,0.052158,0,1,64,117888,2626560,0.03599999999994452,11.264500000000112,0.011000000000080945,reload-1-inventory
1,606,235.428,657.461,892.889,572,892.889,969.812,0.5,892.889,400432,869.9005,606,869.9115,878.7225,1849491,2338,False,878.7875,878.7485,0.038,0.038017,0,1,64,117888,2626560,0.026000000000067303,14.140499999999975,0.011000000000080945,reload-1-inventory
1,607,238.844,656.971,895.815,572,895.815,990.516,0.5,895.815,400432,869.9065,607,869.9195,878.7455,1849491,2338,False,878.8175,878.7735,0.043,0.043445,0,1,64,117888,2626560,0.02800000000002001,17.041500000000042,0.012999999999919964,reload-1-inventory
1,608,234.915,656.958,891.873,572,891.873,974.518,0.5,891.873,400432,869.9135,608,869.9255,878.8335,1849491,2338,False,878.8975,878.8655,0.032,0.031618,0,1,64,117888,2626560,0.03200000000003911,13.00750000000005,0.012000000000057298,reload-1-inventory
1,609,229.468,657.233,886.701,572,886.701,1042.099,0.5,886.701,400432,869.9185,609,869.9295,878.7695,1849491,2338,False,878.8625,878.7985,0.063,0.063205,0,1,64,117888,2626560,0.028999999999996362,7.902500000000032,0.010999999999967258,reload-1-inventory
1,610,230.419,659.554,889.973,572,889.973,989.511,0.5,889.973,400432,869.9245,610,869.9335,878.8365,1849491,2338,False,878.8955,878.8625,0.032,0.032038,0,1,64,117888,2626560,0.025999999999953616,11.110500000000002,0.009000000000014552,reload-1-inventory
1,611,236.992,656.852,893.844,572,893.844,982.747,0.5,893.844,400432,869.9295,611,869.9435,878.9525,1849491,2338,False,879.0125,878.9795,0.033,0.03296,0,1,64,117888,2626560,0.027000000000043656,14.864500000000021,0.014000000000010004,reload-1-inventory
1,612,236.576,656.477,893.053,572,893.053,961.227,0.5,893.053,400432,869.9345,612,869.9465,878.8405,1849491,2338,False,878.9235,878.8675,0.056,0.055674,0,1,64,117888,2626560,0.02699999999992997,14.185500000000047,0.012000000000057298,reload-1-inventory
1,613,237.914,657.096,895.01,572,895.01,1015.284,0.5,895.01,400432,869.9405,613,869.9505,878.9625,1849491,2338,False,879.0265,878.9885,0.037,0.037216,0,1,64,117888,2626560,0.026000000000067303,16.021499999999946,0.009999999999990905,reload-1-inventory
1,614,237.316,657.901,895.217,572,895.217,975.395,0.5,895.217,400432,869.9455,614,869.9585,878.9645,1849491,2338,False,879.0415,878.9975,0.043,0.043255,0,1,64,117888,2626560,0.032999999999901775,16.21950000000004,0.012999999999919964,reload-1-inventory
1,615,227.285,659.341,886.626,572,886.626,983.57,0.5,886.626,400432,869.9525,615,869.9635,879.0385,1849491,2338,False,879.1215,879.0895,0.032,0.032288,0,1,64,117888,2626560,0.051000000000044565,7.536499999999933,0.010999999999967258,reload-1-inventory
1,616,238.697,657.215,895.912,572,895.912,969.44,0.5,895.912,400432,869.9575,616,869.9695,878.9715,1849491,2338,False,879.0295,878.9965,0.032,0.032268,0,1,64,117888,2626560,0.024999999999977263,16.915500000000065,0.012000000000057298,reload-1-inventory
1,617,235.009,657.657,892.666,572,892.666,989.455,0.5,892.666,400432,869.9625,617,869.9765,879.0795,1849491,2338,False,879.1495,879.1155,0.033,0.03338,0,1,64,117888,2626560,0.03599999999994452,13.550500000000056,0.014000000000010004,reload-1-inventory
1,618,235.564,659.372,894.936,572,894.936,1034.369,0.5,894.936,400432,869.9685,618,869.9795,879.1115,1849491,2338,False,879.1695,879.1365,0.033,0.03303,0,1,64,117888,2626560,0.024999999999977263,15.79950000000008,0.011000000000080945,reload-1-inventory
1,619,238.57,658.244,896.814,572,896.814,984.881,0.5,896.814,400432,869.9745,619,869.9825,879.1325,1849491,2338,False,879.1905,879.1565,0.034,0.034021,0,1,64,117888,2626560,0.02400000000000091,17.657499999999914,0.007999999999924512,reload-1-inventory
1,620,228.022,658.607,886.629,572,886.629,1012.218,0.5,886.629,400432,869.9795,620,869.9885,879.1845,1849491,2338,False,879.2585,879.2255,0.033,0.032979,0,1,64,117888,2626560,0.04100000000005366,7.403500000000008,0.009000000000014552,reload-1-inventory
1,621,231.571,657.441,889.012,572,889.012,974.735,0.5,889.012,400432,869.9835,621,869.9925,879.2125,1849491,2338,False,879.2695,879.2395,0.03,0.029914,0,1,64,117888,2626560,0.027000000000043656,9.772499999999923,0.008999999999900865,reload-1-inventory
1,622,234.474,658.286,892.76,572,892.76,976.671,0.5,892.76,400432,869.9885,622,869.9985,879.2525,1849491,2338,False,879.3275,879.2845,0.043,0.042494,0,1,64,117888,2626560,0.03199999999992542,13.475500000000011,0.009999999999990905,reload-1-inventory
1,623,236.511,657.54,894.051,572,894.051,983.239,0.5,894.051,400432,869.9925,623,870.0065,879.2695,1849491,2338,False,879.3285,879.2955,0.033,0.032849,0,1,64,117888,2626560,0.025999999999953616,14.755500000000097,0.014000000000010004,reload-1-inventory
1,624,228.211,657.383,885.594,572,885.594,1012.154,0.5,885.594,400432,869.9985,624,870.0105,879.2905,1849491,2338,False,879.3515,879.3165,0.035,0.034752,0,1,64,117888,2626560,0.026000000000067303,6.277500000000032,0.011999999999943611,reload-1-inventory
1,625,231.316,656.696,888.012,572,888.012,1010.023,0.5,888.012,400432,870.0035,625,870.0135,879.3245,1849491,2338,False,879.3855,879.3525,0.033,0.032729,0,1,64,117888,2626560,0.02800000000002001,8.65949999999998,0.009999999999990905,reload-1-inventory
1,626,227.823,657.672,885.495,572,885.495,978.325,0.5,885.495,400432,870.0085,626,870.0185,879.4325,1849491,2338,False,879.5015,879.4635,0.038,0.037977,0,1,64,117888,2626560,0.03099999999994907,6.031500000000051,0.009999999999990905,reload-1-inventory
1,627,231.143,658.955,890.098,572,890.098,1027.657,0.5,890.098,400432,870.0135,627,870.0265,879.4395,1849491,2338,False,879.5085,879.4745,0.034,0.03393,0,1,64,117888,2626560,0.035000000000081855,10.623499999999922,0.013000000000033651,reload-1-inventory
1,628,233.185,657.201,890.386,572,890.386,1027.778,0.5,890.386,400432,870.0195,628,870.0325,879.5665,1849491,2338,False,879.6535,879.5995,0.054,0.053801,0,1,64,117888,2626560,0.03300000000001546,10.786499999999933,0.013000000000033651,reload-1-inventory
1,629,229.899,656.973,886.872,572,886.872,988.112,0.5,886.872,400432,870.0255,629,870.0375,879.5245,1849491,2338,False,879.6055,879.5585,0.047,0.04624,0,1,64,117888,2626560,0.033999999999991815,7.313499999999976,0.012000000000057298,reload-1-inventory
1,630,230.434,657.219,887.653,572,887.653,990.939,0.5,887.653,400432,870.0305,630,870.0425,879.6435,1849491,2338,False,879.7365,879.7005,0.035,0.035183,0,1,64,117888,2626560,0.05700000000001637,7.952499999999986,0.012000000000057298,reload-1-inventory
1,631,225.778,659.231,885.009,572,885.009,1025.542,0.5,885.009,400432,870.0365,631,870.0485,879.7405,1849491,2338,False,879.8075,879.7685,0.038,0.038297,0,1,64,117888,2626560,0.02800000000002001,5.240499999999997,0.011999999999943611,reload-1-inventory
1,632,234.211,656.515,890.726,572,890.726,1018.7,0.5,890.726,400432,870.0435,632,870.0535,879.7335,1849491,2338,False,879.7935,879.7585,0.035,0.034442,0,1,64,117888,2626560,0.024999999999977263,10.967499999999973,0.009999999999990905,reload-1-inventory
1,633,233.066,657.862,890.928,572,890.928,964.151,0.5,890.928,400432,870.0485,633,870.0585,879.5035,1849491,2338,False,879.5685,879.5335,0.035,0.034973,0,1,64,117888,2626560,0.029999999999972715,11.394499999999994,0.009999999999990905,reload-1-inventory
1,634,229.881,657.349,887.23,572,887.23,999.527,0.5,887.23,400432,870.0545,634,870.0635,879.4445,1849491,2338,False,879.5045,879.4725,0.032,0.031828,0,1,64,117888,2626560,0.02800000000002001,7.75750000000005,0.009000000000014552,reload-1-inventory
1,635,228.543,659.511,888.054,572,888.054,974.168,0.5,888.054,400432,870.0595,635,870.0695,879.4405,1849491,2338,False,879.5095,879.4715,0.038,0.038188,0,1,64,117888,2626560,0.03099999999994907,8.582499999999982,0.009999999999990905,reload-1-inventory
1,636,235.239,658.231,893.47,572,893.47,1019.423,0.5,893.47,400432,870.0645,636,870.0765,879.8425,1849491,2338,False,879.9015,879.8655,0.035,0.035283,0,1,64,117888,2626560,0.023000000000024556,13.60450000000003,0.012000000000057298,reload-1-inventory
1,637,227.807,659.083,886.89,572,886.89,1013.535,0.5,886.89,400432,870.0695,637,870.0805,879.7565,1849491,2338,False,879.8165,879.7865,0.03,0.029775,0,1,64,117888,2626560,0.030000000000086402,7.10349999999994,0.011000000000080945,reload-1-inventory
1,638,229.736,656.843,886.579,572,886.579,1015.43,0.5,886.579,400432,870.0755,638,870.0835,879.8775,1849491,2338,False,879.9385,879.9035,0.035,0.034913,0,1,64,117888,2626560,0.025999999999953616,6.675499999999943,0.007999999999924512,reload-1-inventory
1,639,229.806,659.621,889.427,572,889.427,1036.753,0.5,889.427,400432,870.0795,639,870.0925,879.8885,1849491,2338,False,879.9795,879.9375,0.042,0.042153,0,1,64,117888,2626560,0.04899999999997817,9.489500000000021,0.012999999999919964,reload-1-inventory
1,640,233.979,657.012,890.991,572,890.991,972.06,0.5,890.991,400432,870.0855,640,870.0955,879.9525,1849491,2338,False,880.0145,879.9775,0.037,0.036745,0,1,64,117888,2626560,0.024999999999977263,11.013500000000022,0.009999999999990905,reload-1-inventory
1,641,227.637,658.886,886.523,572,886.523,997.685,0.5,886.523,400432,870.0905,641,870.1005,879.9715,1849491,2338,False,880.0495,880.0065,0.042,0.042213,0,1,64,117888,2626560,0.03499999999996817,6.516500000000065,0.009999999999990905,reload-1-inventory
1,642,232.038,656.768,888.806,572,888.806,978.007,0.5,888.806,400432,870.0945,642,870.1115,880.0395,1849491,2338,False,880.0995,880.0655,0.034,0.033781,0,1,64,117888,2626560,0.026000000000067303,8.740499999999997,0.016999999999939064,reload-1-inventory
1,643,228.505,658.742,887.247,572,887.247,966.514,0.5,887.247,400432,870.1025,643,870.1125,879.9795,1849491,2338,False,880.0495,880.0075,0.042,0.042303,0,1,64,117888,2626560,0.02800000000002001,7.239499999999907,0.009999999999990905,reload-1-inventory
1,644,233.463,658.471,891.934,572,891.934,981.706,0.5,891.934,400432,870.1085,644,870.1195,880.0705,1849491,2338,False,880.1455,880.1125,0.033,0.032639,0,1,64,117888,2626560,0.041999999999916326,11.821500000000015,0.010999999999967258,reload-1-inventory
1,645,227.805,657.73,885.535,572,885.535,1022.084,0.5,885.535,400432,870.1135,645,870.1275,880.2045,1849491,2338,False,880.2615,880.2295,0.031,0.031467,0,1,64,117888,2626560,0.024999999999977263,5.305499999999938,0.014000000000010004,reload-1-inventory
1,646,230.631,659.157,889.788,572,889.788,992.727,0.5,889.788,400432,870.1185,646,870.1295,880.1365,1849491,2338,False,880.2245,880.1885,0.036,0.036054,0,1,64,117888,2626560,0.05200000000002092,9.599500000000035,0.010999999999967258,reload-1-inventory
1,647,232.794,659.425,892.219,572,892.219,1022.051,0.5,892.219,400432,870.1245,647,870.1355,880.2555,1849491,2338,False,880.3215,880.2875,0.033,0.03342,0,1,64,117888,2626560,0.03200000000003911,11.931500000000028,0.010999999999967258,reload-1-inventory
1,648,228.438,659.186,887.624,572,887.624,992.829,0.5,887.624,400432,870.1295,648,870.1395,880.2145,1849491,2338,False,880.2805,880.2395,0.04,0.04033,0,1,64,117888,2626560,0.024999999999977263,7.384500000000003,0.009999999999990905,reload-1-inventory
1,649,226.983,658.884,885.867,572,885.867,997.348,0.5,885.867,400432,870.1345,649,870.1505,880.3065,1849491,2338,False,880.3905,880.3405,0.05,0.049484,0,1,64,117888,2626560,0.033999999999991815,5.526499999999942,0.01599999999996271,reload-1-inventory
1,650,228.03,658.75,886.78,572,886.78,1018.993,0.5,886.78,400432,870.1395,650,870.1555,880.3585,1849491,2338,False,880.4235,880.3855,0.038,0.037666,0,1,64,117888,2626560,0.02699999999992997,6.394499999999994,0.01599999999996271,reload-1-inventory
1,651,228.375,657.505,885.88,572,885.88,1007.031,0.5,885.88,400432,870.1505,651,870.1615,880.3365,1849491,2338,False,880.3985,880.3595,0.038,0.038268,0,1,64,117888,2626560,0.023000000000024556,5.52049999999997,0.011000000000080945,reload-1-inventory
1,652,228.905,656.921,885.826,572,885.826,1005.836,0.5,885.826,400432,870.1565,652,870.1675,880.3045,1849491,2338,False,880.3665,880.3305,0.035,0.034942,0,1,64,117888,2626560,0.026000000000067303,5.495499999999993,0.010999999999967258,reload-1-inventory
1,653,232.726,657.637,890.363,572,890.363,1004.706,0.5,890.363,400432,870.1615,653,870.1725,880.4105,1849491,2338,False,880.4915,880.4595,0.032,0.032008,0,1,64,117888,2626560,0.04900000000009186,9.903500000000008,0.010999999999967258,reload-1-inventory
1,654,231.393,657.15,888.543,572,888.543,1031.449,0.5,888.543,400432,870.1675,654,870.1775,880.5325,1849491,2338,False,880.5935,880.5595,0.034,0.03336,0,1,64,117888,2626560,0.02699999999992997,7.983500000000049,0.009999999999990905,reload-1-inventory
1,655,226.558,659.448,886.006,572,886.006,979.42,0.5,886.006,400432,870.1725,655,870.1855,880.4565,1849491,2338,False,880.5205,880.4825,0.038,0.037466,0,1,64,117888,2626560,0.025999999999953616,5.523500000000013,0.013000000000033651,reload-1-inventory
1,656,228.558,657.878,886.436,572,886.436,997.13,0.5,886.436,400432,870.1785,656,870.1945,880.5675,1849491,2338,False,880.6265,880.5925,0.033,0.03338,0,1,64,117888,2626560,0.024999999999977263,5.843500000000063,0.01599999999996271,reload-1-inventory
1,657,230.092,657.151,887.243,572,887.243,1037.378,0.5,887.243,400432,870.1855,657,870.1955,880.5875,1849491,2338,False,880.6535,880.6115,0.042,0.041482,0,1,64,117888,2626560,0.02400000000000091,6.631500000000074,0.009999999999990905,reload-1-inventory
1,658,230.575,658.648,889.223,572,889.223,1014.55,0.5,889.223,400432,870.1915,658,870.2005,880.6085,1849491,2338,False,880.6855,880.6335,0.052,0.051497,0,1,64,117888,2626560,0.024999999999977263,8.58949999999993,0.009000000000014552,reload-1-inventory
1,659,228.123,658.479,886.602,572,886.602,966.725,0.5,886.602,400432,870.1965,659,870.2065,880.6975,1849491,2338,False,880.7555,880.7255,0.031,0.030426,0,1,64,117888,2626560,0.02800000000002001,5.8764999999999645,0.009999999999990905,reload-1-inventory
1,660,228.618,658.324,886.942,572,886.942,1014.825,0.5,886.942,400432,870.2015,660,870.2115,880.6225,1849491,2338,False,880.7765,880.7355,0.041,0.040972,0,1,64,117888,2626560,0.11300000000005639,6.2065000000000055,0.009999999999990905,reload-1-inventory
1,661,228.776,658.29,887.066,572,887.066,1009.397,0.5,887.066,400432,870.2065,661,870.2215,880.7235,1849491,2338,False,880.7845,880.7485,0.036,0.036074,0,1,64,117888,2626560,0.02500000000009095,6.3174999999999955,0.014999999999986358,reload-1-inventory
1,662,235.485,656.569,892.054,572,892.054,1035.617,0.5,892.054,400432,870.2125,662,870.2255,880.7725,1849491,2338,False,880.8335,880.7985,0.034,0.034331,0,1,64,117888,2626560,0.025999999999953616,11.255499999999984,0.013000000000033651,reload-1-inventory
1,663,228.75,659.345,888.095,572,888.095,1018.048,0.5,888.095,400432,870.2205,663,870.2325,880.8545,1849491,2338,False,880.9175,880.8815,0.035,0.034952,0,1,64,117888,2626560,0.02699999999992997,7.213500000000067,0.011999999999943611,reload-1-inventory
1,664,230.457,657.664,888.121,572,888.121,1003.36,0.5,888.121,400432,870.2245,664,870.2365,880.8575,1849491,2338,False,880.9265,880.8865,0.039,0.039219,0,1,64,117888,2626560,0.028999999999996362,7.2345000000000255,0.011999999999943611,reload-1-inventory
1,665,231.008,657.52,888.528,572,888.528,1021.11,0.5,888.528,400432,870.2305,665,870.2405,880.9165,1849491,2338,False,880.9785,880.9445,0.034,0.034121,0,1,64,117888,2626560,0.027999999999906322,7.583500000000072,0.009999999999990905,reload-1-inventory
1,666,229.354,659.444,888.798,572,888.798,974.021,0.5,888.798,400432,870.2355,666,870.2455,880.9315,1849491,2338,False,880.9985,880.9595,0.039,0.039219,0,1,64,117888,2626560,0.02800000000002001,7.838499999999954,0.009999999999990905,reload-1-inventory
1,667,230.812,659.117,889.929,572,889.929,965.696,0.5,889.929,400432,870.2405,667,870.2505,880.9485,1849491,2338,False,881.0275,880.9795,0.047,0.04707,0,1,64,117888,2626560,0.031000000000062755,8.949499999999944,0.009999999999990905,reload-1-inventory
1,668,233.859,659.111,892.97,572,892.97,1020.613,0.5,892.97,400432,870.2455,668,870.2605,880.9575,1849491,2338,False,881.0215,880.9845,0.037,0.036725,0,1,64,117888,2626560,0.027000000000043656,11.985500000000002,0.014999999999986358,reload-1-inventory
1,669,230.98,658.553,889.533,572,889.533,1002.544,0.5,889.533,400432,870.2495,669,870.2645,881.0045,1849491,2338,False,881.0835,881.0425,0.041,0.040711,0,1,64,117888,2626560,0.038000000000010914,8.490499999999997,0.014999999999986358,reload-1-inventory
1,670,232.153,657.885,890.038,572,890.038,977.689,0.5,890.038,400432,870.2595,670,870.2695,881.1115,1849491,2338,False,881.1775,881.1415,0.036,0.035994,0,1,64,117888,2626560,0.029999999999972715,8.89650000000006,0.009999999999990905,reload-1-inventory
1,671,230.915,659.241,890.156,572,890.156,1009.042,0.5,890.156,400432,870.2635,671,870.2765,881.1225,1849491,2338,False,881.2025,881.1565,0.046,0.045718,0,1,64,117888,2626560,0.0340000000001055,8.999499999999898,0.013000000000033651,reload-1-inventory
1,672,232.625,657.56,890.185,572,890.185,966.525,0.5,890.185,400432,870.2685,672,870.2765,881.1615,1849491,2338,False,881.2285,881.1865,0.041,0.041402,0,1,64,117888,2626560,0.024999999999977263,8.998499999999922,0.008000000000038199,reload-1-inventory
1,673,233.007,658.327,891.334,572,891.334,968.153,0.5,891.334,400432,870.2735,673,870.2825,881.1635,1849491,2338,False,881.2265,881.1905,0.036,0.035473,0,1,64,117888,2626560,0.027000000000043656,10.143499999999904,0.009000000000014552,reload-1-inventory
1,674,239.246,656.749,895.995,572,895.995,979.82,0.5,895.995,400432,870.2775,674,870.2885,881.1865,1849491,2338,False,881.2485,881.2115,0.037,0.037296,0,1,64,117888,2626560,0.024999999999977263,14.783500000000004,0.010999999999967258,reload-1-inventory
1,675,232.174,659.551,891.725,572,891.725,991.835,0.5,891.725,400432,870.2845,675,870.2955,881.3815,1849491,2338,False,881.4505,881.4165,0.035,0.034592,0,1,64,117888,2626560,0.035000000000081855,10.308499999999981,0.010999999999967258,reload-1-inventory
1,676,233.946,658.574,892.52,572,892.52,1031.85,0.5,892.52,400432,870.2895,676,870.3005,881.3685,1849491,2338,False,881.4265,881.3945,0.032,0.031588,0,1,64,117888,2626560,0.025999999999953616,11.125499999999988,0.011000000000080945,reload-1-inventory
1,677,234.056,658.046,892.102,572,892.102,978.887,0.5,892.102,400432,870.2955,677,870.3055,881.3015,1849491,2338,False,881.3755,881.3355,0.04,0.03986,0,1,64,117888,2626560,0.033999999999991815,10.76649999999995,0.010000000000104592,reload-1-inventory
1,678,234.334,658.587,892.921,572,892.921,982.9,0.5,892.921,400432,870.3015,678,870.3115,881.3005,1849491,2338,False,881.3795,881.3345,0.044,0.044366,0,1,64,117888,2626560,0.033999999999991815,11.586500000000001,0.009999999999990905,reload-1-inventory
1,679,232.971,657.645,890.616,572,890.616,987.648,0.5,890.616,400432,870.3065,679,870.3175,881.2585,1849491,2338,False,881.3275,881.2925,0.035,0.034652,0,1,64,117888,2626560,0.033999999999991815,9.323499999999967,0.010999999999967258,reload-1-inventory
1,680,235.009,656.552,891.561,572,891.561,982.803,0.5,891.561,400432,870.3125,680,870.3285,881.4405,1849491,2338,False,881.5015,881.4655,0.036,0.035633,0,1,64,117888,2626560,0.024999999999977263,10.095500000000015,0.01599999999996271,reload-1-inventory
1,681,234.196,657.521,891.717,572,891.717,1025.367,0.5,891.717,400432,870.3175,681,870.3315,881.4535,1849491,2338,False,881.5195,881.4815,0.037,0.037436,0,1,64,117888,2626560,0.02800000000002001,10.235500000000002,0.014000000000010004,reload-1-inventory
1,682,233.056,658.767,891.823,572,891.823,1007.962,0.5,891.823,400432,870.3255,682,870.3355,881.5055,1849491,2338,False,881.5875,881.5375,0.049,0.049043,0,1,64,117888,2626560,0.03200000000003911,10.285499999999956,0.009999999999990905,reload-1-inventory
1,683,233.314,659.368,892.682,572,892.682,972.326,0.5,892.682,400432,870.3305,683,870.3415,881.5235,1849491,2338,False,881.6055,881.5725,0.033,0.032589,0,1,64,117888,2626560,0.04899999999997817,11.109500000000025,0.010999999999967258,reload-1-inventory
1,684,234.465,657.487,891.952,572,891.952,1017.826,0.5,891.952,400432,870.3345,684,870.3475,881.5655,1849491,2338,False,881.6255,881.5905,0.035,0.034471,0,1,64,117888,2626560,0.024999999999977263,10.361499999999978,0.012999999999919964,reload-1-inventory
1,685,261.801,658.968,920.769,572,920.769,1010.94,0.5,920.769,400432,870.3395,685,870.3515,896.9455,1849491,2338,False,897.0925,897.0415,0.05,0.049825,0,1,64,117888,2626560,0.09600000000000364,23.727499999999964,0.011999999999943611,reload-1-inventory
1,686,241.692,658.07,899.762,572,899.762,979.385,0.5,899.762,400432,870.3465,686,870.3635,897.0055,1849491,2338,False,897.1755,897.1445,0.03,0.029935,0,1,64,117888,2626560,0.13900000000001,2.61749999999995,0.01700000000005275,reload-1-inventory
1,687,262.822,658.753,921.575,572,921.575,985.977,0.5,921.575,400432,870.3505,687,870.3655,896.9955,1849491,2338,False,897.0985,897.0595,0.039,0.038328,0,1,64,117888,2626560,0.06399999999996453,24.515500000000088,0.014999999999986358,reload-1-inventory
1,688,263.426,658.957,922.383,572,922.383,974.388,0.5,922.383,400432,870.3615,688,870.3725,897.0105,1849491,2338,False,897.1415,897.0865,0.054,0.054221,0,1,64,117888,2626560,0.07600000000002183,25.296500000000037,0.010999999999967258,reload-1-inventory
1,689,244.772,658.827,903.599,572,903.599,1017.668,0.5,903.599,400432,870.3655,689,870.3785,897.1725,1849491,2338,False,897.3405,897.2845,0.057,0.056204,0,1,64,117888,2626560,0.11199999999996635,6.314500000000066,0.013000000000033651,reload-1-inventory
1,690,247.158,657.623,904.781,572,904.781,1006.65,0.5,904.781,400432,870.3715,690,870.3795,897.3545,1849491,2338,False,897.4635,897.3885,0.075,0.074331,0,1,64,117888,2626560,0.033999999999991815,7.392499999999927,0.008000000000038199,reload-1-inventory
1,691,250.872,657.355,908.227,572,908.227,1005.173,0.5,908.227,400432,870.3765,691,870.3855,897.4135,1849491,2338,False,897.5315,897.4535,0.078,0.077276,0,1,64,117888,2626560,0.03999999999996362,10.773500000000013,0.009000000000014552,reload-1-inventory
1,692,252.122,657.32,909.442,572,909.442,1038.372,0.5,909.442,400432,870.3805,692,870.3935,897.4545,1822580,2338,False,897.5565,897.4905,0.065,0.065038,0,1,64,117888,2626560,0.03599999999994452,11.95150000000001,0.013000000000033651,reload-1-inventory
1,693,250.822,659.63,910.452,572,910.452,1007.579,0.5,910.452,400432,870.3865,693,870.3965,897.5665,1822580,2338,False,897.6315,897.6035,0.028,0.027791,0,1,64,117888,2626560,0.03700000000003456,12.848499999999945,0.009999999999990905,reload-1-inventory
1,694,225.372,687.734,913.106,572,913.106,1052.276,0.5,913.106,400432,870.3915,694,870.3995,897.7085,1822580,2338,False,897.7785,897.7475,0.031,0.030867,0,1,64,117888,2626560,0.03899999999998727,15.35850000000005,0.008000000000038199,reload-1-inventory
1,695,227.281,687.709,914.99,572,914.99,1049.783,0.5,914.99,400432,870.3955,695,870.4045,897.9205,1822603,2338,False,898.0175,897.9595,0.058,0.057616,0,1,64,117888,2626560,0.039000000000100954,17.03049999999996,0.009000000000014552,reload-1-inventory
1,696,225.937,689.693,915.63,572,915.63,1048.076,0.5,915.63,400432,870.3995,696,870.4095,897.9485,1822580,2338,False,898.0105,897.9895,0.021,0.020851,0,1,64,117888,2626560,0.04100000000005366,17.640499999999975,0.009999999999990905,reload-1-inventory
1,697,264.453,649.887,914.34,572,914.34,1039.819,0.5,914.34,400432,870.4045,697,870.4155,897.8055,1822557,2338,False,897.9775,897.9135,0.064,0.063836,0,1,64,117888,2626560,0.10799999999994725,16.426500000000033,0.010999999999967258,reload-1-inventory
1,698,380.323,656.878,1037.201,572,1037.201,1051.216,0.5,1037.201,400432,870.4105,698,990.8345,990.9105,1822667,2338,False,991.1085,991.0735,0.034,0.03339,0,1,64,117888,2626560,0.16300000000001091,46.127500000000055,120.42400000000009,reload-1-inventory
1,699,380.805,656.661,1037.466,572,1037.466,1050.537,0.5,1037.466,400432,990.7685,699,991.5385,991.5625,1822667,2338,False,998.3995,998.2295,0.169,0.168712,0,1,64,117888,2626560,6.66700000000003,39.236499999999864,0.7699999999999818,reload-1-inventory
2,0,210.981,558.179,769.16,572,769.16,892.86,0.0,769.16,400416,764.246,0,764.272,768.863,3625003,2338,True,768.968,768.953,0.014,0.014492,0,1,3,6054,2626560,0.08999999999991815,0.20699999999999363,0.026000000000067303,reload-2-inventory
2,1,211.402,558.111,769.513,572,769.513,936.848,0.0,769.513,400416,764.256,1,764.326,769.447,3625003,2338,False,769.487,769.474,0.013,0.012999,0,1,8,14496,2626560,0.027000000000043656,0.03899999999998727,0.07000000000005002,reload-2-inventory
2,2,211.055,558.121,769.176,572,769.176,905.252,0.0,769.176,400416,764.263,2,764.333,769.015,3625003,2338,False,769.038,769.025,0.013,0.01325,0,1,3,6054,2626560,0.009999999999990905,0.1510000000000673,0.06999999999993634,reload-2-inventory
2,3,211.955,557.505,769.46,572,769.46,944.418,0.0,769.46,400416,764.269,3,764.3,769.241,3624953,2338,False,769.27,769.257,0.012,0.012508,0,1,3,7014,2626560,0.01599999999996271,0.20300000000008822,0.03099999999994907,reload-2-inventory
2,4,212.248,557.157,769.405,572,769.405,955.933,0.0,769.405,400416,764.273,4,764.353,769.16,3625003,2338,False,769.189,769.175,0.014,0.014412,0,1,4,8392,2626560,0.014999999999986358,0.2300000000000182,0.07999999999992724,reload-2-inventory
2,5,213.311,556.259,769.57,572,769.57,949.705,0.0,769.57,400416,764.278,5,764.363,769.279,3625003,2338,False,769.312,769.297,0.015,0.014833,0,1,4,8392,2626560,0.018000000000029104,0.27300000000002456,0.08500000000003638,reload-2-inventory
2,6,211.274,558.174,769.448,572,769.448,952.861,0.0,769.448,400416,764.283,6,764.325,769.085,3625003,2338,False,769.106,769.093,0.012,0.011968,0,1,4,8392,2626560,0.007999999999924512,0.3550000000000182,0.04200000000003001,reload-2-inventory
2,7,211.441,558.174,769.615,572,769.615,906.309,0.0,769.615,400416,764.287,7,764.344,769.374,3624953,2338,False,769.399,769.385,0.014,0.014251,0,1,8,16416,2626560,0.010999999999967258,0.2300000000000182,0.05700000000001637,reload-2-inventory
2,8,211.438,558.102,769.54,572,769.54,931.975,0.0,769.54,400416,764.3,8,764.352,769.327,3625003,2338,False,769.354,769.342,0.012,0.012098,0,1,9,16834,2626560,0.014999999999986358,0.19799999999997908,0.05200000000002092,reload-2-inventory
2,9,211.404,558.085,769.489,572,769.489,910.58,0.0,769.489,400416,764.304,9,764.347,769.198,3625003,2338,False,769.218,769.207,0.011,0.010936,0,1,4,8392,2626560,0.009000000000014552,0.2820000000000391,0.043000000000006366,reload-2-inventory
2,10,212.265,557.194,769.459,572,769.459,902.194,0.0,769.459,400416,764.309,10,764.375,769.116,3624953,2338,False,769.151,769.137,0.013,0.01367,0,1,4,8392,2626560,0.020999999999958163,0.32200000000000273,0.06600000000003092,reload-2-inventory
2,11,211.818,557.277,769.095,572,769.095,912.361,0.0,769.095,400416,764.314,11,764.357,769.048,3625003,2338,False,769.077,769.065,0.011,0.011758,0,1,4,8392,2626560,0.01700000000005275,0.029999999999972715,0.043000000000006366,reload-2-inventory
2,12,212.994,556.236,769.23,572,769.23,943.274,0.0,769.23,400416,764.33,12,764.373,769.002,3625003,2338,False,769.021,769.01,0.011,0.011657,0,1,4,8392,2626560,0.008000000000038199,0.22000000000002728,0.043000000000006366,reload-2-inventory
2,13,212.852,556.148,769.0,572,769.0,910.053,0.0,769.0,400416,764.335,13,764.397,768.881,3625003,2338,False,768.938,768.903,0.035,0.034872,0,1,4,8392,2626560,0.022000000000048203,0.09699999999997999,0.06200000000001182,reload-2-inventory
2,14,214.427,555.734,770.161,572,770.161,915.034,0.0,770.161,400416,764.341,14,764.409,769.538,3624953,2338,False,769.581,769.568,0.013,0.012879,0,1,9,16834,2626560,0.029999999999972715,0.5929999999999609,0.06799999999998363,reload-2-inventory
2,15,211.837,558.127,769.964,572,769.964,879.962,0.0,769.964,400416,764.397,15,764.413,769.591,3625003,2338,False,769.623,769.607,0.015,0.015373,0,1,9,16834,2626560,0.01599999999996271,0.3570000000000846,0.01599999999996271,reload-2-inventory
2,16,214.292,555.845,770.137,572,770.137,912.141,0.0,770.137,400416,764.403,16,764.414,769.5,3625003,2338,False,769.528,769.511,0.016,0.016294,0,1,9,16834,2626560,0.010999999999967258,0.6259999999999764,0.010999999999967258,reload-2-inventory
2,17,213.349,556.022,769.371,572,769.371,959.746,0.0,769.371,400416,764.409,17,764.421,769.076,3624953,2338,False,769.11,769.098,0.012,0.011958,0,1,4,8392,2626560,0.021999999999934516,0.27300000000002456,0.012000000000057298,reload-2-inventory
2,18,210.758,558.433,769.191,572,769.191,916.318,0.0,769.191,400416,764.413,18,764.46,768.952,3625003,2338,False,768.982,768.963,0.018,0.018738,0,1,4,8392,2626560,0.010999999999967258,0.22800000000006548,0.047000000000025466,reload-2-inventory
2,19,211.871,557.336,769.207,572,769.207,962.333,0.0,769.207,400416,764.421,19,764.463,769.029,3625003,2338,False,769.053,769.039,0.014,0.014051,0,1,4,8392,2626560,0.009999999999990905,0.16800000000000637,0.041999999999916326,reload-2-inventory
2,20,213.334,556.141,769.475,572,769.475,945.015,0.0,769.475,400416,764.456,20,764.468,769.129,3625003,2338,False,769.155,769.143,0.012,0.012248,0,1,4,8392,2626560,0.014000000000010004,0.33199999999999363,0.011999999999943611,reload-2-inventory
2,21,211.682,557.67,769.352,572,769.352,904.232,0.0,769.352,400416,764.461,21,764.478,769.175,3624953,2338,False,769.203,769.191,0.011,0.011557,0,1,4,8392,2626560,0.016000000000076398,0.16099999999994452,0.016999999999939064,reload-2-inventory
2,22,211.34,558.189,769.529,572,769.529,940.895,0.0,769.529,400416,764.466,22,764.485,769.221,3625003,2338,False,769.245,769.232,0.013,0.013641,0,1,4,8392,2626560,0.010999999999967258,0.29700000000002547,0.019000000000005457,reload-2-inventory
2,23,212.289,557.275,769.564,572,769.564,892.306,0.0,769.564,400416,764.478,23,764.498,769.287,3625003,2338,False,769.311,769.299,0.012,0.012459,0,1,4,8392,2626560,0.011999999999943611,0.26499999999998636,0.020000000000095497,reload-2-inventory
2,24,212.386,557.224,769.61,572,769.61,942.389,0.0,769.61,400416,764.484,24,764.506,769.254,3625003,2338,False,769.278,769.266,0.012,0.011908,0,1,4,8392,2626560,0.011999999999943611,0.34400000000005093,0.021999999999934516,reload-2-inventory
2,25,213.246,556.374,769.62,572,769.62,869.536,0.0,769.62,400416,764.499,25,764.515,769.322,3624953,2338,False,769.355,769.338,0.016,0.016074,0,1,9,16834,2626560,0.01599999999996271,0.2820000000000391,0.01599999999996271,reload-2-inventory
2,26,211.587,558.203,769.79,572,769.79,884.037,0.0,769.79,400416,764.508,26,764.523,769.441,3625003,2338,False,769.466,769.453,0.012,0.012128,0,1,9,16834,2626560,0.011999999999943611,0.3369999999999891,0.014999999999986358,reload-2-inventory
2,27,212.232,557.532,769.764,572,769.764,878.053,0.0,769.764,400416,764.515,27,764.53,769.401,3625003,2338,False,769.428,769.413,0.015,0.014742,0,1,9,16834,2626560,0.012000000000057298,0.3509999999999991,0.014999999999986358,reload-2-inventory
2,28,212.063,558.061,770.124,572,770.124,895.294,0.0,770.124,400416,764.523,28,764.539,769.479,3624953,2338,False,769.506,769.49,0.015,0.015704,0,1,9,16834,2626560,0.010999999999967258,0.6340000000000146,0.01599999999996271,reload-2-inventory
2,29,212.737,557.134,769.871,572,769.871,927.073,0.0,769.871,400416,764.529,29,764.559,769.521,3625003,2338,False,769.545,769.532,0.012,0.012499,0,1,9,16834,2626560,0.011000000000080945,0.3389999999999418,0.029999999999972715,reload-2-inventory
2,30,213.683,556.558,770.241,572,770.241,952.491,0.0,770.241,400416,764.534,30,764.567,769.554,3625003,2338,False,769.582,769.565,0.017,0.016935,0,1,9,16834,2626560,0.011000000000080945,0.6759999999999309,0.03300000000001546,reload-2-inventory
2,31,213.151,556.715,769.866,572,769.866,947.968,0.0,769.866,400416,764.558,31,764.576,769.638,3625003,2338,False,769.667,769.649,0.018,0.017767,0,1,9,16834,2626560,0.010999999999967258,0.21699999999998454,0.018000000000029104,reload-2-inventory
2,32,213.52,556.53,770.05,572,770.05,943.964,0.0,770.05,400416,764.566,32,764.577,769.593,3624953,2338,False,769.628,769.615,0.013,0.01308,0,1,9,16834,2626560,0.022000000000048203,0.43499999999994543,0.010999999999967258,reload-2-inventory
2,33,212.759,557.098,769.857,572,769.857,905.402,0.0,769.857,400416,764.572,33,764.583,769.675,3625003,2338,False,769.699,769.687,0.012,0.012348,0,1,9,16834,2626560,0.012000000000057298,0.16999999999995907,0.010999999999967258,reload-2-inventory
2,34,214.481,555.916,770.397,572,770.397,933.769,0.0,770.397,400416,764.577,34,764.599,769.749,3625003,2338,False,769.777,769.763,0.014,0.013831,0,1,13,25226,2626560,0.014000000000010004,0.6340000000000146,0.022000000000048203,reload-2-inventory
2,35,213.802,556.881,770.683,572,770.683,890.719,0.0,770.683,400416,764.582,35,764.613,769.79,3624953,2338,False,769.82,769.804,0.016,0.016315,0,1,13,25226,2626560,0.014000000000010004,0.8790000000000191,0.031000000000062755,reload-2-inventory
2,36,214.353,556.64,770.993,572,770.993,922.501,0.0,770.993,400416,764.593,36,764.618,769.897,3625003,2338,False,769.924,769.909,0.014,0.014321,0,1,13,25226,2626560,0.011999999999943611,1.08400000000006,0.02500000000009095,reload-2-inventory
2,37,213.254,557.104,770.358,572,770.358,956.042,0.0,770.358,400416,764.607,37,764.617,769.708,3625003,2338,False,769.734,769.719,0.015,0.014943,0,1,9,16834,2626560,0.011000000000080945,0.6389999999998963,0.009999999999990905,reload-2-inventory
2,38,212.909,558.094,771.003,572,771.003,899.903,0.0,771.003,400416,764.612,38,764.626,769.831,3625003,2338,False,769.888,769.871,0.017,0.017066,0,1,13,25226,2626560,0.03999999999996362,1.1320000000000618,0.014000000000010004,reload-2-inventory
2,39,211.402,558.031,769.433,572,769.433,912.763,0.0,769.433,400416,764.618,39,764.65,769.066,3624953,2338,False,769.103,769.09,0.012,0.012439,0,1,4,8392,2626560,0.02400000000000091,0.3429999999999609,0.03199999999992542,reload-2-inventory
2,40,212.229,556.849,769.078,572,769.078,880.466,0.0,769.078,400416,764.623,40,764.652,768.884,3625003,2338,False,768.939,768.903,0.035,0.034762,0,1,4,8392,2626560,0.019000000000005457,0.17499999999995453,0.028999999999996362,reload-2-inventory
2,41,213.285,556.0,769.285,572,769.285,927.843,0.0,769.285,400416,764.644,41,764.66,769.033,3625003,2338,False,769.057,769.043,0.014,0.013801,0,1,4,8392,2626560,0.009999999999990905,0.2419999999999618,0.01599999999996271,reload-2-inventory
2,42,211.385,557.885,769.27,572,769.27,963.135,0.0,769.27,400416,764.649,42,764.665,768.975,3624953,2338,False,769.024,769.011,0.013,0.01312,0,1,4,8392,2626560,0.03599999999994452,0.25900000000001455,0.01599999999996271,reload-2-inventory
2,43,211.864,557.545,769.409,572,769.409,943.213,0.0,769.409,400416,764.653,43,764.671,769.123,3625003,2338,False,769.151,769.135,0.015,0.015594,0,1,4,8392,2626560,0.011999999999943611,0.2740000000000009,0.018000000000029104,reload-2-inventory
2,44,211.688,557.737,769.425,572,769.425,920.337,0.0,769.425,400416,764.658,44,764.676,769.167,3625003,2338,False,769.194,769.181,0.012,0.012619,0,1,4,8392,2626560,0.014000000000010004,0.2439999999999145,0.018000000000029104,reload-2-inventory
2,45,211.966,557.517,769.483,572,769.483,887.384,0.0,769.483,400416,764.671,45,764.684,769.204,3625003,2338,False,769.242,769.229,0.013,0.012919,0,1,4,8392,2626560,0.02500000000009095,0.2539999999999054,0.012999999999919964,reload-2-inventory
2,46,212.361,557.249,769.61,572,769.61,887.356,0.0,769.61,400416,764.678,46,764.688,769.252,3624953,2338,False,769.292,769.278,0.014,0.013961,0,1,4,8392,2626560,0.026000000000067303,0.33199999999999363,0.009999999999990905,reload-2-inventory
2,47,212.606,557.057,769.663,572,769.663,888.44,0.0,769.663,400416,764.682,47,764.694,769.305,3625003,2338,False,769.331,769.316,0.015,0.015213,0,1,4,8392,2626560,0.011000000000080945,0.34699999999998,0.011999999999943611,reload-2-inventory
2,48,213.914,555.611,769.525,572,769.525,962.857,0.0,769.525,400416,764.687,48,764.705,769.344,3625003,2338,False,769.38,769.366,0.014,0.013911,0,1,9,16834,2626560,0.021999999999934516,0.15899999999999181,0.018000000000029104,reload-2-inventory
2,49,213.867,555.864,769.731,572,769.731,925.939,0.0,769.731,400416,764.692,49,764.71,769.39,3625003,2338,False,769.417,769.402,0.015,0.015203,0,1,9,16834,2626560,0.012000000000057298,0.3289999999999509,0.018000000000029104,reload-2-inventory
2,50,212.72,557.069,769.789,572,769.789,908.243,0.0,769.789,400416,764.705,50,764.714,769.428,3624953,2338,False,769.464,769.45,0.014,0.013831,0,1,9,16834,2626560,0.022000000000048203,0.3389999999999418,0.009000000000014552,reload-2-inventory
2,51,211.844,558.197,770.041,572,770.041,884.156,0.0,770.041,400416,764.709,51,764.719,769.474,3625003,2338,False,769.504,769.486,0.017,0.017607,0,1,9,16834,2626560,0.011999999999943611,0.5550000000000637,0.010000000000104592,reload-2-inventory
2,52,213.07,557.265,770.335,572,770.335,887.239,0.0,770.335,400416,764.715,52,764.727,769.513,3625003,2338,False,769.537,769.525,0.012,0.012168,0,1,9,16834,2626560,0.011999999999943611,0.8100000000000591,0.011999999999943611,reload-2-inventory
2,53,211.838,557.202,769.04,572,769.04,926.013,0.0,769.04,400416,764.72,53,764.736,768.892,3624953,2338,False,768.939,768.91,0.028,0.028142,0,1,4,8392,2626560,0.017999999999915417,0.12999999999999545,0.01599999999996271,reload-2-inventory
2,54,211.862,557.254,769.116,572,769.116,938.02,0.0,769.116,400416,764.728,54,764.739,768.986,3625003,2338,False,769.039,769.023,0.016,0.015784,0,1,4,8392,2626560,0.03700000000003456,0.09299999999996089,0.011000000000080945,reload-2-inventory
2,55,211.318,558.058,769.376,572,769.376,939.173,0.0,769.376,400416,764.735,55,764.752,769.059,3625003,2338,False,769.084,769.069,0.015,0.015373,0,1,4,8392,2626560,0.009999999999990905,0.30700000000001637,0.016999999999939064,reload-2-inventory
2,56,211.028,558.212,769.24,572,769.24,871.746,0.0,769.24,400416,764.745,56,764.757,768.968,3625003,2338,False,769.006,768.991,0.015,0.015313,0,1,4,8392,2626560,0.023000000000024556,0.24900000000002365,0.011999999999943611,reload-2-inventory
2,57,211.81,557.183,768.993,572,768.993,867.658,0.0,768.993,400416,764.75,57,764.761,768.901,3624953,2338,False,768.938,768.916,0.022,0.022083,0,1,4,8392,2626560,0.015000000000100044,0.07699999999999818,0.010999999999967258,reload-2-inventory
2,58,212.843,556.293,769.136,572,769.136,886.27,0.0,769.136,400416,764.754,58,764.767,769.016,3625003,2338,False,769.038,769.026,0.012,0.011928,0,1,4,8392,2626560,0.009999999999990905,0.11000000000001364,0.013000000000033651,reload-2-inventory
2,59,212.032,557.28,769.312,572,769.312,946.537,0.0,769.312,400416,764.76,59,764.777,769.046,3625003,2338,False,769.071,769.059,0.012,0.011908,0,1,4,8392,2626560,0.012999999999919964,0.25300000000004275,0.01700000000005275,reload-2-inventory
2,60,213.468,555.812,769.28,572,769.28,931.219,0.0,769.28,400416,764.768,60,764.781,768.961,3624953,2338,False,768.99,768.976,0.013,0.01301,0,1,4,8392,2626560,0.014999999999986358,0.3039999999999736,0.012999999999919964,reload-2-inventory
2,61,211.299,557.742,769.041,572,769.041,883.374,0.0,769.041,400416,764.773,61,764.783,768.898,3625003,2338,False,768.939,768.913,0.025,0.024657,0,1,4,8392,2626560,0.014999999999986358,0.12800000000004275,0.009999999999990905,reload-2-inventory
2,62,211.202,558.043,769.245,572,769.245,889.343,0.0,769.245,400416,764.778,62,764.794,769.03,3625003,2338,False,769.053,769.04,0.013,0.012809,0,1,4,8392,2626560,0.009999999999990905,0.20500000000004093,0.01599999999996271,reload-2-inventory
2,63,212.08,557.246,769.326,572,769.326,879.313,0.0,769.326,400416,764.783,63,764.799,769.069,3625003,2338,False,769.094,769.079,0.014,0.014722,0,1,4,8392,2626560,0.009999999999990905,0.24700000000007094,0.01599999999996271,reload-2-inventory
2,64,211.162,558.164,769.326,572,769.326,925.114,0.0,769.326,400416,764.788,64,764.804,769.103,3624953,2338,False,769.139,769.124,0.014,0.013781,0,1,4,8392,2626560,0.02100000000007185,0.20199999999999818,0.01599999999996271,reload-2-inventory
2,65,213.822,555.631,769.453,572,769.453,912.444,0.0,769.453,400416,764.794,65,764.818,769.148,3625003,2338,False,769.17,769.157,0.012,0.012288,0,1,4,8392,2626560,0.009000000000014552,0.2959999999999354,0.02400000000000091,reload-2-inventory
2,66,212.786,556.592,769.378,572,769.378,906.34,0.0,769.378,400416,764.804,66,764.835,769.181,3625003,2338,False,769.203,769.191,0.012,0.011827,0,1,4,8392,2626560,0.009999999999990905,0.18700000000001182,0.031000000000062755,reload-2-inventory
2,67,210.905,558.14,769.045,572,769.045,960.257,0.0,769.045,400416,764.816,67,764.842,768.887,3625003,2338,False,768.939,768.906,0.032,0.032078,0,1,4,8392,2626560,0.019000000000005457,0.13900000000001,0.025999999999953616,reload-2-inventory
2,68,240.944,557.164,798.108,572,798.108,903.926,0.0,798.108,400416,764.834,68,764.848,779.812,3624953,2338,False,779.869,779.835,0.034,0.033681,0,1,64,117888,2626560,0.023000000000024556,18.27299999999991,0.014000000000010004,reload-2-inventory
2,69,242.552,556.185,798.737,572,798.737,918.544,0.0,798.737,400416,764.84,69,764.849,779.904,3625003,2338,False,779.958,779.928,0.029,0.029073,0,1,64,117888,2626560,0.02400000000000091,18.80899999999997,0.009000000000014552,reload-2-inventory
2,70,242.19,557.153,799.343,572,799.343,925.225,0.0,799.343,400416,764.845,70,764.855,780.006,3625003,2338,False,780.064,780.03,0.033,0.03344,0,1,64,117888,2626560,0.02400000000000091,19.312999999999988,0.009999999999990905,reload-2-inventory
2,71,241.921,558.204,800.125,572,800.125,941.024,0.0,800.125,400416,764.85,71,764.861,780.098,3624953,2338,False,780.157,780.126,0.03,0.030004,0,1,64,117888,2626560,0.02800000000002001,19.999000000000024,0.010999999999967258,reload-2-inventory
2,72,244.167,557.187,801.354,572,801.354,891.84,0.0,801.354,400416,764.856,72,764.876,780.188,3625003,2338,False,780.245,780.214,0.03,0.030205,0,1,64,117888,2626560,0.026000000000067303,21.139999999999986,0.01999999999998181,reload-2-inventory
2,73,245.106,557.126,802.232,572,802.232,897.535,0.0,802.232,400416,764.861,73,764.879,780.277,3625003,2338,False,780.332,780.301,0.03,0.030185,0,1,64,117888,2626560,0.02400000000000091,21.930999999999926,0.018000000000029104,reload-2-inventory
2,74,245.992,557.18,803.172,572,803.172,887.461,0.0,803.172,400416,764.873,74,764.884,780.365,3625003,2338,False,780.422,780.389,0.033,0.032629,0,1,64,117888,2626560,0.02400000000000091,22.783000000000015,0.010999999999967258,reload-2-inventory
2,75,247.964,556.323,804.287,572,804.287,947.849,0.0,804.287,400416,764.879,75,764.891,780.634,3624953,2338,False,780.692,780.657,0.034,0.034331,0,1,64,117888,2626560,0.023000000000024556,23.629999999999995,0.011999999999943611,reload-2-inventory
2,76,246.859,557.302,804.161,572,804.161,926.668,0.0,804.161,400416,764.884,76,764.897,780.54,3625003,2338,False,780.596,780.565,0.031,0.030696,0,1,64,117888,2626560,0.02500000000009095,23.59599999999989,0.013000000000033651,reload-2-inventory
2,77,251.698,555.633,807.331,572,807.331,906.837,0.0,807.331,400416,764.892,77,764.903,780.453,3625003,2338,False,780.509,780.477,0.032,0.031778,0,1,64,117888,2626560,0.02400000000000091,26.854000000000042,0.010999999999967258,reload-2-inventory
2,78,250.415,556.061,806.476,572,806.476,942.096,0.0,806.476,400416,764.898,78,764.914,780.828,3624953,2338,False,780.886,780.852,0.034,0.03373,0,1,64,117888,2626560,0.02400000000000091,25.624000000000024,0.01599999999996271,reload-2-inventory
2,79,247.24,557.496,804.736,572,804.736,877.882,0.0,804.736,400416,764.904,79,764.915,780.728,3625003,2338,False,780.784,780.75,0.033,0.03335,0,1,64,117888,2626560,0.022000000000048203,23.98599999999999,0.010999999999967258,reload-2-inventory
2,80,251.496,555.764,807.26,572,807.26,876.801,0.0,807.26,400416,764.911,80,764.922,780.931,3625003,2338,False,781.018,780.956,0.062,0.061902,0,1,64,117888,2626560,0.024999999999977263,26.303999999999974,0.011000000000080945,reload-2-inventory
2,81,251.158,557.109,808.267,572,808.267,907.945,0.0,808.267,400416,764.915,81,764.925,781.069,3625003,2338,False,781.124,781.094,0.03,0.029835,0,1,64,117888,2626560,0.02500000000009095,27.173000000000002,0.009999999999990905,reload-2-inventory
2,82,251.547,557.479,809.026,572,809.026,941.077,0.0,809.026,400416,764.921,82,764.93,781.165,3624953,2338,False,781.222,781.19,0.032,0.031707,0,1,64,117888,2626560,0.02500000000009095,27.8359999999999,0.008999999999900865,reload-2-inventory
2,83,254.062,555.723,809.785,572,809.785,901.62,0.0,809.785,400416,764.925,83,764.935,781.262,3625003,2338,False,781.344,781.306,0.038,0.038027,0,1,64,117888,2626560,0.044000000000096406,28.478999999999928,0.009999999999990905,reload-2-inventory
2,84,259.224,556.771,815.995,572,815.995,949.341,0.0,815.995,400416,764.931,84,764.943,781.381,3625003,2338,False,781.448,781.418,0.03,0.029925,0,1,64,117888,2626560,0.03700000000003456,34.577,0.011999999999943611,reload-2-inventory
2,85,262.463,556.808,819.271,572,819.271,927.283,0.0,819.271,400416,764.936,85,764.947,781.495,3624953,2338,False,781.552,781.522,0.03,0.030205,0,1,64,117888,2626560,0.027000000000043656,37.74899999999991,0.010999999999967258,reload-2-inventory
2,86,254.119,558.093,812.212,572,812.212,923.737,0.0,812.212,400416,764.941,86,764.951,781.596,3625003,2338,False,781.653,781.622,0.03,0.030155,0,1,64,117888,2626560,0.025999999999953616,30.590000000000032,0.009999999999990905,reload-2-inventory
2,87,259.172,555.825,814.997,572,814.997,962.569,0.0,814.997,400416,764.946,87,764.957,782.03,3625003,2338,False,782.083,782.053,0.029,0.029274,0,1,64,117888,2626560,0.023000000000024556,32.94399999999996,0.010999999999967258,reload-2-inventory
2,88,256.976,556.599,813.575,572,813.575,890.736,0.0,813.575,400416,764.951,88,764.962,781.792,3625003,2338,False,781.849,781.819,0.029,0.028733,0,1,64,117888,2626560,0.02699999999992997,31.756000000000085,0.010999999999967258,reload-2-inventory
2,89,255.767,556.666,812.433,572,812.433,960.134,0.0,812.433,400416,764.956,89,764.968,781.698,3624953,2338,False,781.75,781.724,0.026,0.02622,0,1,64,117888,2626560,0.026000000000067303,30.708999999999946,0.011999999999943611,reload-2-inventory
2,90,259.029,557.127,816.156,572,816.156,925.895,0.0,816.156,400416,764.962,90,764.976,781.898,3625003,2338,False,781.954,781.925,0.029,0.028934,0,1,64,117888,2626560,0.02699999999992997,34.230999999999995,0.014000000000010004,reload-2-inventory
2,91,259.168,557.766,816.934,572,816.934,888.86,0.0,816.934,400416,764.967,91,764.993,782.144,3625003,2338,False,782.194,782.167,0.027,0.02686,0,1,64,117888,2626560,0.023000000000024556,34.76699999999994,0.026000000000067303,reload-2-inventory
2,92,260.255,557.135,817.39,572,817.39,962.692,0.0,817.39,400416,764.978,92,764.997,782.267,3625003,2338,False,782.324,782.292,0.032,0.031538,0,1,64,117888,2626560,0.024999999999977263,35.097999999999956,0.019000000000005457,reload-2-inventory
2,93,260.947,557.201,818.148,572,818.148,943.65,0.0,818.148,400416,764.988,93,765.001,782.385,3624953,2338,False,782.442,782.41,0.033,0.032468,0,1,64,117888,2626560,0.024999999999977263,35.738000000000056,0.012999999999919964,reload-2-inventory
2,94,261.5,556.9,818.4,572,818.4,924.31,0.0,818.4,400416,764.994,94,765.004,782.503,3625003,2338,False,782.56,782.529,0.03,0.030466,0,1,64,117888,2626560,0.025999999999953616,35.87099999999998,0.009999999999990905,reload-2-inventory
2,95,262.843,556.031,818.874,572,818.874,907.875,0.0,818.874,400416,764.998,95,765.01,782.614,3625003,2338,False,782.672,782.642,0.03,0.030105,0,1,64,117888,2626560,0.02800000000002001,36.23199999999997,0.011999999999943611,reload-2-inventory
2,96,262.978,556.793,819.771,572,819.771,910.492,0.0,819.771,400416,765.004,96,765.013,782.744,3624953,2338,False,782.799,782.768,0.031,0.030826,0,1,64,117888,2626560,0.02400000000000091,37.00299999999993,0.009000000000014552,reload-2-inventory
2,97,263.161,557.774,820.935,572,820.935,957.168,0.0,820.935,400416,765.008,97,765.023,782.856,3625003,2338,False,782.911,782.879,0.031,0.031306,0,1,64,117888,2626560,0.023000000000024556,38.055999999999926,0.014999999999986358,reload-2-inventory
2,98,341.507,558.183,899.69,572,899.69,904.624,0.0,899.69,400416,765.013,98,765.029,783.17,3625003,2338,False,783.228,783.195,0.033,0.032919,0,1,64,117888,2626560,0.02500000000009095,116.495,0.01599999999996271,reload-2-inventory
2,99,333.396,556.403,889.799,572,889.799,894.779,0.0,889.799,400416,765.021,99,765.03,782.992,3625003,2338,False,783.101,783.063,0.037,0.036906,0,1,64,117888,2626560,0.07100000000002638,106.73599999999999,0.009000000000014552,reload-2-inventory
2,100,358.954,555.626,914.58,572,914.58,919.506,0.0,914.58,400416,765.026,100,765.037,783.289,3624953,2338,False,783.343,783.313,0.029,0.029334,0,1,64,117888,2626560,0.02400000000000091,131.26700000000005,0.011000000000080945,reload-2-inventory
2,101,380.069,556.078,936.147,572,936.147,941.209,0.0,936.147,400416,765.03,101,765.04,783.415,3625003,2338,False,783.47,783.442,0.028,0.028222,0,1,64,117888,2626560,0.027000000000043656,152.70500000000004,0.009999999999990905,reload-2-inventory
2,102,390.58,555.968,946.548,572,946.548,952.689,0.0,946.548,400416,765.035,102,765.046,783.571,3625003,2338,False,783.625,783.597,0.028,0.028042,0,1,64,117888,2626560,0.025999999999953616,162.95100000000002,0.011000000000080945,reload-2-inventory
2,103,382.033,556.965,938.998,572,938.998,945.385,0.0,938.998,400416,765.04,103,765.053,783.701,3624953,2338,False,783.756,783.726,0.03,0.029414,0,1,64,117888,2626560,0.024999999999977263,155.27200000000005,0.013000000000033651,reload-2-inventory
2,104,383.005,556.55,939.555,572,939.555,944.589,0.0,939.555,400416,765.046,104,765.07,783.832,3625003,2338,False,783.891,783.859,0.032,0.031748,0,1,64,117888,2626560,0.027000000000043656,155.6959999999999,0.02400000000000091,reload-2-inventory
2,105,317.373,557.196,874.569,572,874.569,879.495,0.0,874.569,400416,765.051,105,765.072,783.966,3625003,2338,False,784.035,784.002,0.033,0.032979,0,1,64,117888,2626560,0.03599999999994452,90.56700000000001,0.020999999999958163,reload-2-inventory
2,106,336.654,558.545,895.199,572,895.199,900.392,0.0,895.199,400416,765.068,106,765.086,784.242,3625003,2338,False,784.296,784.268,0.028,0.027811,0,1,64,117888,2626560,0.026000000000067303,110.93099999999993,0.018000000000029104,reload-2-inventory
2,107,347.778,557.551,905.329,572,905.329,910.277,0.0,905.329,400416,765.073,107,765.092,784.38,3624953,2338,False,784.438,784.405,0.033,0.03286,0,1,64,117888,2626560,0.024999999999977263,120.92399999999998,0.019000000000005457,reload-2-inventory
2,108,327.076,557.276,884.352,572,884.352,889.273,0.0,884.352,400416,765.087,108,765.097,784.113,3625003,2338,False,784.168,784.139,0.029,0.029033,0,1,64,117888,2626560,0.025999999999953616,100.21299999999997,0.009999999999990905,reload-2-inventory
2,109,333.066,557.256,890.322,572,890.322,896.891,0.0,890.322,400416,765.091,109,765.104,784.524,3625003,2338,False,784.583,784.55,0.033,0.03322,0,1,64,117888,2626560,0.025999999999953616,105.77200000000005,0.013000000000033651,reload-2-inventory
2,110,344.122,558.221,902.343,572,902.343,907.645,0.0,902.343,400416,765.096,110,765.11,784.663,3624953,2338,False,784.728,784.694,0.034,0.03343,0,1,64,117888,2626560,0.03099999999994907,117.649,0.014000000000010004,reload-2-inventory
2,111,354.618,558.218,912.836,572,912.836,918.445,0.0,912.836,400416,765.101,111,765.118,784.797,3625003,2338,False,784.854,784.826,0.029,0.028662,0,1,64,117888,2626560,0.028999999999996362,128.01,0.01700000000005275,reload-2-inventory
2,112,394.275,555.679,949.954,572,949.954,954.997,0.0,949.954,400416,765.114,112,765.123,785.95,3625003,2338,False,786.011,785.985,0.026,0.026169,0,1,64,117888,2626560,0.03499999999996817,163.96899999999994,0.009000000000014552,reload-2-inventory
2,113,394.586,556.768,951.354,572,951.354,956.338,0.0,951.354,400416,765.118,113,765.129,785.822,3625003,2338,False,785.883,785.855,0.027,0.027231,0,1,64,117888,2626560,0.03300000000001546,165.49900000000002,0.010999999999967258,reload-2-inventory
2,114,383.791,555.691,939.482,572,939.482,944.463,0.0,939.482,400416,765.124,114,765.135,785.704,3624953,2338,False,785.76,785.73,0.03,0.029454,0,1,64,117888,2626560,0.026000000000067303,153.75199999999995,0.010999999999967258,reload-2-inventory
2,115,391.029,556.284,947.313,572,947.313,952.307,0.0,947.313,400416,765.13,115,765.143,785.583,3625003,2338,False,785.643,785.609,0.033,0.033,0,1,64,117888,2626560,0.026000000000067303,161.70399999999995,0.013000000000033651,reload-2-inventory
2,116,393.821,556.981,950.802,572,950.802,955.848,0.0,950.802,400416,765.136,116,765.148,785.459,3625003,2338,False,785.518,785.485,0.033,0.03313,0,1,64,117888,2626560,0.026000000000067303,165.317,0.012000000000057298,reload-2-inventory
2,117,381.841,556.239,938.08,572,938.08,943.114,0.0,938.08,400416,765.142,117,765.154,785.338,3625003,2338,False,785.395,785.366,0.029,0.028693,0,1,64,117888,2626560,0.02800000000002001,152.71400000000006,0.011999999999943611,reload-2-inventory
2,118,392.221,557.444,949.665,572,949.665,954.642,0.0,949.665,400416,765.148,118,765.159,785.214,3624953,2338,False,785.271,785.241,0.03,0.029564,0,1,64,117888,2626560,0.02699999999992997,164.42399999999998,0.010999999999967258,reload-2-inventory
2,119,387.084,556.11,943.194,572,943.194,948.172,0.0,943.194,400416,765.153,119,765.165,785.088,3625003,2338,False,785.148,785.114,0.034,0.03371,0,1,64,117888,2626560,0.026000000000067303,158.07999999999993,0.011999999999943611,reload-2-inventory
2,120,366.317,557.896,924.213,572,924.213,929.418,0.0,924.213,400416,765.16,120,765.17,784.943,3625003,2338,False,785.007,784.97,0.037,0.037176,0,1,64,117888,2626560,0.027000000000043656,139.24299999999994,0.009999999999990905,reload-2-inventory
2,121,392.421,557.272,949.693,572,949.693,954.696,0.0,949.693,400416,765.166,121,765.182,786.077,3624953,2338,False,786.132,786.102,0.03,0.030096,0,1,64,117888,2626560,0.024999999999977263,163.591,0.01599999999996271,reload-2-inventory
2,122,393.008,557.558,950.566,572,950.566,955.599,0.0,950.566,400416,765.172,122,765.184,786.244,3625003,2338,False,786.31,786.27,0.039,0.039158,0,1,64,117888,2626560,0.025999999999953616,164.29600000000005,0.011999999999943611,reload-2-inventory
2,123,395.787,557.96,953.747,572,953.747,958.931,0.0,953.747,400416,765.177,123,765.199,786.379,3625003,2338,False,786.442,786.404,0.038,0.037456,0,1,64,117888,2626560,0.024999999999977263,167.34299999999996,0.021999999999934516,reload-2-inventory
2,124,400.9,555.563,956.463,572,956.463,961.484,0.0,956.463,400416,765.184,124,765.202,786.508,3625003,2338,False,786.566,786.535,0.031,0.030636,0,1,64,117888,2626560,0.02699999999992997,169.928,0.018000000000029104,reload-2-inventory
2,125,379.69,555.728,935.418,572,935.418,940.313,0.0,935.418,400416,765.198,125,765.206,786.633,3624953,2338,False,786.691,786.659,0.031,0.031417,0,1,64,117888,2626560,0.025999999999953616,148.75900000000001,0.008000000000038199,reload-2-inventory
2,126,387.423,556.087,943.51,572,943.51,948.662,0.0,943.51,400416,765.203,126,765.212,786.752,3625003,2338,False,786.807,786.776,0.03,0.029835,0,1,64,117888,2626560,0.02400000000000091,156.73400000000004,0.009000000000014552,reload-2-inventory
2,127,263.422,557.828,821.25,572,821.25,950.134,0.0,821.25,400416,765.207,127,765.22,779.671,3625003,2338,False,779.764,779.725,0.039,0.038598,0,1,64,117888,2626560,0.053999999999973625,41.52499999999998,0.013000000000033651,reload-2-inventory
2,128,257.128,558.112,815.24,572,815.24,918.603,0.0,815.24,400416,765.214,128,765.226,782.097,3624953,2338,False,782.151,782.124,0.027,0.027491,0,1,64,117888,2626560,0.027000000000043656,33.115999999999985,0.011999999999943611,reload-2-inventory
2,129,372.675,556.932,929.607,572,929.607,934.596,0.0,929.607,400416,765.219,129,765.232,783.406,3625003,2338,False,783.462,783.432,0.029,0.029053,0,1,64,117888,2626560,0.026000000000067303,146.17499999999995,0.012999999999919964,reload-2-inventory
2,130,362.401,557.175,919.576,572,919.576,924.559,0.0,919.576,400416,765.227,130,765.238,783.307,3625003,2338,False,783.363,783.334,0.029,0.028993,0,1,64,117888,2626560,0.02699999999992997,136.24200000000008,0.011000000000080945,reload-2-inventory
2,131,258.06,557.656,815.716,572,815.716,923.739,0.0,815.716,400416,765.233,131,765.244,781.883,3625003,2338,False,781.937,781.908,0.029,0.028943,0,1,64,117888,2626560,0.024999999999977263,33.80799999999999,0.011000000000080945,reload-2-inventory
2,132,256.571,556.442,813.013,572,813.013,947.323,0.0,813.013,400416,765.239,132,765.25,781.79,3624953,2338,False,781.845,781.818,0.027,0.027391,0,1,64,117888,2626560,0.02800000000002001,31.19500000000005,0.010999999999967258,reload-2-inventory
2,133,349.061,555.593,904.654,572,904.654,909.579,0.0,904.654,400416,765.245,133,765.256,783.019,3625003,2338,False,783.235,783.204,0.031,0.030716,0,1,64,117888,2626560,0.18499999999994543,121.45000000000005,0.010999999999967258,reload-2-inventory
2,134,258.768,556.285,815.053,572,815.053,883.134,0.0,815.053,400416,765.251,134,765.264,781.487,3625003,2338,False,781.548,781.518,0.03,0.030316,0,1,64,117888,2626560,0.031000000000062755,33.53499999999997,0.013000000000033651,reload-2-inventory
2,135,257.59,557.079,814.669,572,814.669,918.571,0.0,814.669,400416,765.257,135,765.269,781.983,3625003,2338,False,782.051,782.013,0.037,0.037256,0,1,64,117888,2626560,0.030000000000086402,32.65599999999995,0.012000000000057298,reload-2-inventory
2,136,254.33,557.912,812.242,572,812.242,940.346,0.0,812.242,400416,765.264,136,765.274,781.69,3624953,2338,False,781.752,781.718,0.033,0.03317,0,1,64,117888,2626560,0.027999999999906322,30.524,0.009999999999990905,reload-2-inventory
2,137,254.393,557.261,811.654,572,811.654,949.905,0.0,811.654,400416,765.269,137,765.28,781.59,3625003,2338,False,781.65,781.621,0.029,0.029334,0,1,64,117888,2626560,0.03099999999994907,30.033000000000015,0.010999999999967258,reload-2-inventory
2,138,390.618,558.104,948.722,572,948.722,954.048,0.0,948.722,400416,765.275,138,765.29,786.895,3625003,2338,False,786.954,786.923,0.031,0.030606,0,1,64,117888,2626560,0.02800000000002001,161.79899999999998,0.014999999999986358,reload-2-inventory
2,139,391.781,557.282,949.063,572,949.063,954.161,0.0,949.063,400416,765.281,139,765.295,787.035,3624953,2338,False,787.096,787.067,0.029,0.028943,0,1,64,117888,2626560,0.03200000000003911,161.99599999999998,0.014000000000010004,reload-2-inventory
2,140,242.749,555.808,798.557,572,798.557,929.301,0.0,798.557,400416,765.286,140,765.295,779.878,3625003,2338,False,779.936,779.904,0.031,0.031267,0,1,64,117888,2626560,0.025999999999953616,18.65300000000002,0.009000000000014552,reload-2-inventory
2,141,393.68,557.676,951.356,572,951.356,957.66,0.0,951.356,400416,765.291,141,765.304,787.166,3625003,2338,False,787.224,787.193,0.031,0.030837,0,1,64,117888,2626560,0.02699999999992997,164.163,0.012999999999919964,reload-2-inventory
2,142,372.783,557.499,930.282,572,930.282,936.085,0.0,930.282,400416,765.294,142,765.307,783.632,3625003,2338,False,783.692,783.658,0.033,0.03321,0,1,64,117888,2626560,0.026000000000067303,146.62400000000002,0.013000000000033651,reload-2-inventory
2,143,395.66,557.093,952.753,572,952.753,958.995,0.0,952.753,400416,765.303,143,765.312,783.525,3624953,2338,False,783.585,783.555,0.03,0.029885,0,1,64,117888,2626560,0.029999999999972715,169.1980000000001,0.009000000000014552,reload-2-inventory
2,144,376.48,557.568,934.048,572,934.048,938.931,0.0,934.048,400416,765.309,144,765.318,783.736,3625003,2338,False,783.793,783.762,0.031,0.030465,0,1,64,117888,2626560,0.025999999999953616,150.28600000000006,0.009000000000014552,reload-2-inventory
2,145,242.454,556.457,798.911,572,798.911,869.998,0.0,798.911,400416,765.313,145,765.324,779.896,3625003,2338,False,779.996,779.959,0.037,0.036675,0,1,64,117888,2626560,0.06299999999998818,18.951999999999998,0.010999999999967258,reload-2-inventory
2,146,266.18,557.918,824.098,572,824.098,906.808,0.0,824.098,400416,765.318,146,765.327,779.751,3624953,2338,False,779.823,779.781,0.042,0.041693,0,1,64,117888,2626560,0.029999999999972715,44.31700000000001,0.009000000000014552,reload-2-inventory
2,147,388.038,556.621,944.659,572,944.659,949.613,0.0,944.659,400416,765.322,147,765.332,783.842,3625003,2338,False,783.901,783.87,0.031,0.030856,0,1,64,117888,2626560,0.02800000000002001,160.789,0.009999999999990905,reload-2-inventory
2,148,243.04,557.265,800.305,572,800.305,876.151,0.0,800.305,400416,765.327,148,765.335,780.148,3625003,2338,False,780.204,780.173,0.031,0.031137,0,1,64,117888,2626560,0.024999999999977263,20.131999999999948,0.008000000000038199,reload-2-inventory
2,149,241.68,558.087,799.767,572,799.767,873.886,0.0,799.767,400416,765.331,149,765.343,780.046,3625003,2338,False,780.103,780.074,0.028,0.028022,0,1,64,117888,2626560,0.027999999999906322,19.693000000000097,0.011999999999943611,reload-2-inventory
2,150,245.472,556.187,801.659,572,801.659,880.819,0.0,801.659,400416,765.335,150,765.346,780.243,3624953,2338,False,780.297,780.267,0.03,0.030486,0,1,64,117888,2626560,0.02400000000000091,21.39199999999994,0.010999999999967258,reload-2-inventory
2,151,245.545,557.458,803.003,572,803.003,945.343,0.0,803.003,400416,765.341,151,765.354,780.337,3625003,2338,False,780.392,780.363,0.029,0.028663,0,1,64,117888,2626560,0.026000000000067303,22.639999999999986,0.013000000000033651,reload-2-inventory
2,152,250.053,556.339,806.392,572,806.392,949.106,0.0,806.392,400416,765.347,152,765.361,780.449,3625003,2338,False,780.505,780.475,0.03,0.029555,0,1,64,117888,2626560,0.026000000000067303,25.91700000000003,0.014000000000010004,reload-2-inventory
2,153,246.834,557.824,804.658,572,804.658,941.357,0.0,804.658,400416,765.351,153,765.363,780.651,3624953,2338,False,780.705,780.677,0.028,0.027471,0,1,64,117888,2626560,0.026000000000067303,23.980999999999995,0.012000000000057298,reload-2-inventory
2,154,251.871,556.438,808.309,572,808.309,873.458,0.0,808.309,400416,765.356,154,765.365,780.543,3625003,2338,False,780.598,780.568,0.03,0.029975,0,1,64,117888,2626560,0.024999999999977263,27.740999999999985,0.009000000000014552,reload-2-inventory
2,155,248.412,557.119,805.531,572,805.531,911.177,0.0,805.531,400416,765.359,155,765.369,780.751,3625003,2338,False,780.809,780.779,0.03,0.029865,0,1,64,117888,2626560,0.02800000000002001,24.751999999999953,0.009999999999990905,reload-2-inventory
2,156,251.024,556.158,807.182,572,807.182,884.489,0.0,807.182,400416,765.364,156,765.378,780.849,3625003,2338,False,780.911,780.877,0.033,0.03319,0,1,64,117888,2626560,0.027999999999906322,26.305000000000064,0.014000000000010004,reload-2-inventory
2,157,250.276,557.119,807.395,572,807.395,888.588,0.0,807.395,400416,765.371,157,765.382,780.954,3624953,2338,False,781.02,780.989,0.03,0.030045,0,1,64,117888,2626560,0.035000000000081855,26.40599999999995,0.010999999999967258,reload-2-inventory
2,158,252.947,555.881,808.828,572,808.828,907.753,0.0,808.828,400416,765.376,158,765.388,781.08,3625003,2338,False,781.139,781.11,0.029,0.028613,0,1,64,117888,2626560,0.029999999999972715,27.71799999999996,0.012000000000057298,reload-2-inventory
2,159,252.587,558.405,810.992,572,810.992,947.18,0.0,810.992,400416,765.381,159,765.394,781.173,3625003,2338,False,781.24,781.209,0.031,0.030916,0,1,64,117888,2626560,0.03599999999994452,29.783000000000015,0.013000000000033651,reload-2-inventory
2,160,252.208,557.994,810.202,572,810.202,883.347,0.0,810.202,400416,765.387,160,765.403,781.286,3625003,2338,False,781.339,781.311,0.028,0.028032,0,1,64,117888,2626560,0.02500000000009095,28.890999999999963,0.016000000000076398,reload-2-inventory
2,161,258.032,556.207,814.239,572,814.239,960.427,0.0,814.239,400416,765.394,161,765.405,781.378,3624953,2338,False,781.44,781.412,0.028,0.028042,0,1,64,117888,2626560,0.033999999999991815,32.827,0.010999999999967258,reload-2-inventory
2,162,239.079,558.226,797.305,572,797.305,939.035,0.0,797.305,400416,765.4,162,765.411,779.703,3625003,2338,False,779.85,779.81,0.039,0.038818,0,1,64,117888,2626560,0.1069999999999709,17.495000000000005,0.010999999999967258,reload-2-inventory
2,163,240.307,557.311,797.618,572,797.618,918.065,0.0,797.618,400416,765.404,163,765.413,779.785,3625003,2338,False,779.851,779.814,0.036,0.036174,0,1,64,117888,2626560,0.028999999999996362,17.804000000000087,0.009000000000014552,reload-2-inventory
2,164,240.625,558.121,798.746,572,798.746,885.902,0.0,798.746,400416,765.409,164,765.42,779.89,3624953,2338,False,779.949,779.915,0.033,0.03345,0,1,64,117888,2626560,0.024999999999977263,18.831000000000017,0.010999999999967258,reload-2-inventory
2,165,241.921,557.256,799.177,572,799.177,902.953,0.0,799.177,400416,765.414,165,765.425,779.994,3625003,2338,False,780.048,780.02,0.028,0.028372,0,1,64,117888,2626560,0.025999999999953616,19.15700000000004,0.010999999999967258,reload-2-inventory
2,166,242.944,557.085,800.029,572,800.029,943.948,0.0,800.029,400416,765.419,166,765.437,780.09,3625003,2338,False,780.145,780.117,0.028,0.027701,0,1,64,117888,2626560,0.02699999999992997,19.912000000000035,0.018000000000029104,reload-2-inventory
2,167,245.06,556.135,801.195,572,801.195,929.844,0.0,801.195,400416,765.424,167,765.442,780.183,3625003,2338,False,780.235,780.206,0.029,0.029134,0,1,64,117888,2626560,0.023000000000024556,20.989000000000033,0.018000000000029104,reload-2-inventory
2,168,243.773,558.116,801.889,572,801.889,932.034,0.0,801.889,400416,765.435,168,765.445,780.274,3624953,2338,False,780.329,780.298,0.03,0.030326,0,1,64,117888,2626560,0.02400000000000091,21.591000000000008,0.010000000000104592,reload-2-inventory
2,169,246.214,556.89,803.104,572,803.104,945.969,0.0,803.104,400416,765.44,169,765.449,780.362,3625003,2338,False,780.417,780.387,0.03,0.029464,0,1,64,117888,2626560,0.024999999999977263,22.7170000000001,0.008999999999900865,reload-2-inventory
2,170,250.136,556.851,806.987,572,806.987,946.016,0.0,806.987,400416,765.445,170,765.456,780.84,3625003,2338,False,780.9,780.868,0.032,0.031627,0,1,64,117888,2626560,0.02800000000002001,26.118999999999915,0.010999999999967258,reload-2-inventory
2,171,248.193,557.286,805.479,572,805.479,887.554,0.0,805.479,400416,765.45,171,765.464,780.746,3624953,2338,False,780.8,780.769,0.031,0.030706,0,1,64,117888,2626560,0.023000000000024556,24.710000000000036,0.014000000000010004,reload-2-inventory
2,172,248.978,555.72,804.698,572,804.698,907.17,0.0,804.698,400416,765.457,172,765.469,780.655,3625003,2338,False,780.711,780.682,0.029,0.029084,0,1,64,117888,2626560,0.027000000000043656,24.015999999999963,0.012000000000057298,reload-2-inventory
2,173,252.832,556.408,809.24,572,809.24,871.49,0.0,809.24,400416,765.463,173,765.474,780.557,3625003,2338,False,780.615,780.585,0.029,0.029384,0,1,64,117888,2626560,0.02800000000002001,28.654999999999973,0.011000000000080945,reload-2-inventory
2,174,246.903,557.135,804.038,572,804.038,935.777,0.0,804.038,400416,765.469,174,765.48,780.456,3625003,2338,False,780.515,780.485,0.03,0.029964,0,1,64,117888,2626560,0.028999999999996362,23.552999999999997,0.010999999999967258,reload-2-inventory
2,175,250.985,556.575,807.56,572,807.56,921.808,0.0,807.56,400416,765.475,175,765.491,780.95,3624953,2338,False,781.042,781.011,0.031,0.031077,0,1,64,117888,2626560,0.06099999999992178,26.548999999999978,0.01599999999996271,reload-2-inventory
2,176,250.895,557.943,808.838,572,808.838,961.283,0.0,808.838,400416,765.482,176,765.496,781.086,3625003,2338,False,781.143,781.113,0.03,0.029765,0,1,64,117888,2626560,0.027000000000043656,27.72499999999991,0.014000000000010004,reload-2-inventory
2,177,252.473,558.071,810.544,572,810.544,927.958,0.0,810.544,400416,765.487,177,765.499,781.302,3625003,2338,False,781.359,781.329,0.031,0.030506,0,1,64,117888,2626560,0.02699999999992997,29.215000000000032,0.012000000000057298,reload-2-inventory
2,178,255.363,556.41,811.773,572,811.773,936.937,0.0,811.773,400416,765.491,178,765.502,781.208,3625003,2338,False,781.262,781.232,0.03,0.029484,0,1,64,117888,2626560,0.02400000000000091,30.541000000000054,0.010999999999967258,reload-2-inventory
2,179,252.865,558.201,811.066,572,811.066,911.898,0.0,811.066,400416,765.496,179,765.509,781.396,3624953,2338,False,781.451,781.421,0.03,0.030065,0,1,64,117888,2626560,0.02500000000009095,29.644999999999982,0.013000000000033651,reload-2-inventory
2,180,254.935,556.182,811.117,572,811.117,962.065,0.0,811.117,400416,765.501,180,765.513,781.492,3625003,2338,False,781.548,781.519,0.029,0.028583,0,1,64,117888,2626560,0.027000000000043656,29.597999999999956,0.012000000000057298,reload-2-inventory
2,181,257.09,556.478,813.568,572,813.568,904.492,0.0,813.568,400416,765.508,181,765.518,781.795,3625003,2338,False,781.849,781.82,0.028,0.028012,0,1,64,117888,2626560,0.02500000000009095,31.747999999999934,0.009999999999990905,reload-2-inventory
2,182,255.153,557.428,812.581,572,812.581,957.58,0.0,812.581,400416,765.513,182,765.525,781.704,3624953,2338,False,781.758,781.729,0.03,0.029644,0,1,64,117888,2626560,0.02500000000009095,30.851999999999975,0.011999999999943611,reload-2-inventory
2,183,256.545,555.699,812.244,572,812.244,881.418,0.0,812.244,400416,765.52,183,765.53,781.591,3625003,2338,False,781.668,781.635,0.032,0.032108,0,1,64,117888,2626560,0.04399999999998272,30.609000000000037,0.009999999999990905,reload-2-inventory
2,184,256.652,557.031,813.683,572,813.683,915.526,0.0,813.683,400416,765.525,184,765.541,781.897,3625003,2338,False,781.951,781.922,0.029,0.028553,0,1,64,117888,2626560,0.024999999999977263,31.760999999999967,0.016000000000076398,reload-2-inventory
2,185,258.659,556.129,814.788,572,814.788,898.08,0.0,814.788,400416,765.531,185,765.544,781.996,3625003,2338,False,782.053,782.021,0.031,0.030836,0,1,64,117888,2626560,0.024999999999977263,32.76700000000005,0.013000000000033651,reload-2-inventory
2,186,258.747,556.376,815.123,572,815.123,908.97,0.0,815.123,400416,765.539,186,765.55,782.091,3624953,2338,False,782.144,782.115,0.029,0.028844,0,1,64,117888,2626560,0.02400000000000091,33.00800000000004,0.010999999999967258,reload-2-inventory
2,187,262.514,557.486,820.0,572,820.0,924.3,0.0,820.0,400416,765.544,187,765.554,782.189,3625003,2338,False,782.245,782.218,0.027,0.027441,0,1,64,117888,2626560,0.028999999999996362,37.78200000000004,0.009999999999990905,reload-2-inventory
2,188,260.766,557.033,817.799,572,817.799,900.707,0.0,817.799,400416,765.549,188,765.56,782.298,3625003,2338,False,782.35,782.321,0.028,0.027912,0,1,64,117888,2626560,0.023000000000024556,35.47799999999995,0.010999999999967258,reload-2-inventory
2,189,260.105,558.166,818.271,572,818.271,891.766,0.0,818.271,400416,765.554,189,765.563,782.395,3624953,2338,False,782.446,782.419,0.027,0.02697,0,1,64,117888,2626560,0.02400000000000091,35.851999999999975,0.009000000000014552,reload-2-inventory
2,190,261.011,557.33,818.341,572,818.341,957.113,0.0,818.341,400416,765.558,190,765.57,782.485,3625003,2338,False,782.544,782.512,0.031,0.031207,0,1,64,117888,2626560,0.02699999999992997,35.829000000000065,0.012000000000057298,reload-2-inventory
2,191,260.679,558.092,818.771,572,818.771,922.71,0.0,818.771,400416,765.562,191,765.577,782.58,3625003,2338,False,782.639,782.608,0.031,0.030936,0,1,64,117888,2626560,0.027999999999906322,36.16300000000001,0.014999999999986358,reload-2-inventory
2,192,262.277,557.287,819.564,572,819.564,902.944,0.0,819.564,400416,765.57,192,765.581,782.682,3625003,2338,False,782.735,782.707,0.028,0.027771,0,1,64,117888,2626560,0.024999999999977263,36.85699999999997,0.010999999999967258,reload-2-inventory
2,193,264.779,555.64,820.419,572,820.419,930.231,0.0,820.419,400416,765.575,193,765.587,782.782,3624953,2338,False,782.836,782.808,0.028,0.027561,0,1,64,117888,2626560,0.025999999999953616,37.61099999999999,0.011999999999943611,reload-2-inventory
2,194,260.154,557.291,817.445,572,817.445,941.269,0.0,817.445,400416,765.58,194,765.593,779.556,3625003,2338,False,779.738,779.703,0.035,0.034542,0,1,64,117888,2626560,0.14699999999993452,37.742000000000075,0.012999999999919964,reload-2-inventory
2,195,266.146,556.523,822.669,572,822.669,905.646,0.0,822.669,400416,765.585,195,765.597,779.715,3625003,2338,False,779.782,779.751,0.03,0.030315,0,1,64,117888,2626560,0.03599999999994452,42.918000000000006,0.011999999999943611,reload-2-inventory
2,196,212.199,557.168,769.367,572,769.367,936.827,0.0,769.367,400416,765.591,196,765.602,769.086,3624953,2338,False,769.127,769.11,0.017,0.016855,0,1,4,8392,2626560,0.02400000000000091,0.25699999999994816,0.010999999999967258,reload-2-inventory
2,197,211.454,558.042,769.496,572,769.496,874.773,0.0,769.496,400416,765.596,197,765.607,769.135,3625003,2338,False,769.159,769.145,0.014,0.014232,0,1,4,8392,2626560,0.009999999999990905,0.3509999999999991,0.010999999999967258,reload-2-inventory
2,198,211.974,558.109,770.083,572,770.083,932.727,0.0,770.083,400416,765.601,198,765.613,769.527,3625003,2338,False,769.578,769.561,0.017,0.017336,0,1,9,16834,2626560,0.033999999999991815,0.5219999999999345,0.012000000000057298,reload-2-inventory
2,199,212.197,558.036,770.233,572,770.233,943.967,0.0,770.233,400416,765.608,199,765.619,769.491,3625003,2338,False,769.519,769.504,0.014,0.014332,0,1,9,16834,2626560,0.013000000000033651,0.7289999999999281,0.011000000000080945,reload-2-inventory
2,200,212.652,557.14,769.792,572,769.792,920.608,0.0,769.792,400416,765.614,200,765.625,769.441,3624953,2338,False,769.466,769.452,0.014,0.014001,0,1,9,16834,2626560,0.010999999999967258,0.34000000000003183,0.010999999999967258,reload-2-inventory
2,201,211.129,558.456,769.585,572,769.585,939.333,0.0,769.585,400416,765.62,201,765.631,769.397,3625003,2338,False,769.433,769.42,0.013,0.012819,0,1,9,16834,2626560,0.02299999999991087,0.1650000000000773,0.010999999999967258,reload-2-inventory
2,202,212.076,557.766,769.842,572,769.842,877.889,0.0,769.842,400416,765.626,202,765.639,769.589,3625003,2338,False,769.611,769.599,0.011,0.011628,0,1,9,16834,2626560,0.009999999999990905,0.24299999999993815,0.013000000000033651,reload-2-inventory
2,203,213.418,556.708,770.126,572,770.126,890.169,0.0,770.126,400416,765.632,203,765.644,769.695,3625003,2338,False,769.722,769.706,0.015,0.015633,0,1,9,16834,2626560,0.010999999999967258,0.4199999999999591,0.012000000000057298,reload-2-inventory
2,204,214.362,555.582,769.944,572,769.944,957.824,0.0,769.944,400416,765.638,204,765.649,769.621,3624953,2338,False,769.647,769.631,0.015,0.014932,0,1,9,16834,2626560,0.009999999999990905,0.3129999999999882,0.010999999999967258,reload-2-inventory
2,205,213.119,556.923,770.042,572,770.042,924.577,0.0,770.042,400416,765.644,205,765.655,769.658,3625003,2338,False,769.681,769.669,0.012,0.012199,0,1,9,16834,2626560,0.010999999999967258,0.3730000000000473,0.010999999999967258,reload-2-inventory
2,206,213.777,555.801,769.578,572,769.578,917.078,0.0,769.578,400416,765.649,206,765.66,769.362,3625003,2338,False,769.389,769.374,0.015,0.015213,0,1,9,16834,2626560,0.012000000000057298,0.2039999999999509,0.010999999999967258,reload-2-inventory
2,207,212.55,557.158,769.708,572,769.708,948.303,0.0,769.708,400416,765.655,207,765.667,769.315,3624953,2338,False,769.354,769.339,0.015,0.014732,0,1,9,16834,2626560,0.02400000000000091,0.3689999999999145,0.012000000000057298,reload-2-inventory
2,208,212.547,556.789,769.336,572,769.336,919.64,0.0,769.336,400416,765.662,208,765.675,769.271,3625003,2338,False,769.292,769.281,0.011,0.010896,0,1,4,8392,2626560,0.009999999999990905,0.055000000000063665,0.012999999999919964,reload-2-inventory
2,209,213.193,556.266,769.459,572,769.459,868.06,0.0,769.459,400416,765.667,209,765.68,769.233,3625003,2338,False,769.258,769.244,0.014,0.014322,0,1,4,8392,2626560,0.011000000000080945,0.21499999999991815,0.012999999999919964,reload-2-inventory
2,210,211.368,558.141,769.509,572,769.509,872.792,0.0,769.509,400416,765.674,210,765.685,769.202,3625003,2338,False,769.224,769.212,0.012,0.012429,0,1,4,8392,2626560,0.009999999999990905,0.29700000000002547,0.010999999999967258,reload-2-inventory
2,211,210.732,558.676,769.408,572,769.408,955.132,0.0,769.408,400416,765.68,211,765.69,769.168,3624953,2338,False,769.194,769.181,0.012,0.012609,0,1,4,8392,2626560,0.013000000000033651,0.22699999999997544,0.010000000000104592,reload-2-inventory
2,212,213.237,557.089,770.326,572,770.326,923.356,0.0,770.326,400416,765.686,212,765.705,769.732,3625003,2338,False,769.761,769.746,0.015,0.014932,0,1,13,25226,2626560,0.014000000000010004,0.5800000000000409,0.019000000000005457,reload-2-inventory
2,213,214.244,557.308,771.552,572,771.552,898.759,0.0,771.552,400416,765.692,213,765.707,769.892,3625003,2338,False,769.921,769.905,0.015,0.015063,0,1,13,25226,2626560,0.012999999999919964,1.6470000000000482,0.014999999999986358,reload-2-inventory
2,214,213.354,557.759,771.113,572,771.113,960.53,0.0,771.113,400416,765.697,214,765.707,769.821,3624953,2338,False,769.878,769.861,0.017,0.017035,0,1,13,25226,2626560,0.03999999999996362,1.2520000000000664,0.009999999999990905,reload-2-inventory
2,215,214.276,555.571,769.847,572,769.847,922.78,0.0,769.847,400416,765.702,215,765.712,769.77,3625003,2338,False,769.812,769.798,0.014,0.014131,0,1,13,25226,2626560,0.02800000000002001,0.04899999999997817,0.009999999999990905,reload-2-inventory
2,216,213.623,558.127,771.75,572,771.75,917.822,0.0,771.75,400416,765.707,216,765.729,769.93,3625003,2338,False,769.963,769.948,0.014,0.014712,0,1,13,25226,2626560,0.018000000000029104,1.802000000000021,0.022000000000048203,reload-2-inventory
2,217,213.98,556.979,770.959,572,770.959,907.968,0.0,770.959,400416,765.712,217,765.733,769.987,3625003,2338,False,770.017,770.001,0.016,0.015714,0,1,13,25226,2626560,0.014000000000010004,0.95799999999997,0.020999999999958163,reload-2-inventory
2,218,215.963,555.761,771.724,572,771.724,921.307,0.0,771.724,400416,765.727,218,765.739,770.027,3624953,2338,False,770.054,770.041,0.013,0.01315,0,1,13,25226,2626560,0.014000000000010004,1.6829999999999927,0.012000000000057298,reload-2-inventory
2,219,215.502,557.165,772.667,572,772.667,887.735,0.0,772.667,400416,765.732,219,765.743,770.064,3625003,2338,False,770.105,770.091,0.014,0.014422,0,1,13,25226,2626560,0.027000000000043656,2.576000000000022,0.011000000000080945,reload-2-inventory
2,220,213.016,557.535,770.551,572,770.551,906.257,0.0,770.551,400416,765.737,220,765.749,770.116,3625003,2338,False,770.152,770.136,0.016,0.016555,0,1,13,25226,2626560,0.01999999999998181,0.4150000000000773,0.012000000000057298,reload-2-inventory
2,221,214.787,557.024,771.811,572,771.811,900.389,0.0,771.811,400416,765.742,221,765.752,770.163,3624953,2338,False,770.195,770.177,0.017,0.017225,0,1,18,33668,2626560,0.014000000000010004,1.6340000000000146,0.009999999999990905,reload-2-inventory
2,222,215.201,555.628,770.829,572,770.829,936.256,0.0,770.829,400416,765.747,222,765.766,770.206,3625003,2338,False,770.237,770.219,0.017,0.017215,0,1,18,33668,2626560,0.013000000000033651,0.6099999999999,0.019000000000005457,reload-2-inventory
2,223,214.481,556.178,770.659,572,770.659,960.666,0.0,770.659,400416,765.752,223,765.774,770.248,3625003,2338,False,770.281,770.263,0.017,0.017546,0,1,18,33668,2626560,0.014999999999986358,0.39599999999995816,0.022000000000048203,reload-2-inventory
2,224,216.902,557.209,774.111,572,774.111,936.54,0.0,774.111,400416,765.77,224,765.779,770.427,3625003,2338,False,770.459,770.443,0.016,0.015854,0,1,18,33668,2626560,0.01599999999996271,3.6680000000000064,0.009000000000014552,reload-2-inventory
2,225,216.389,556.81,773.199,572,773.199,933.694,0.0,773.199,400416,765.774,225,765.785,770.375,3624953,2338,False,770.403,770.388,0.015,0.015103,0,1,18,33668,2626560,0.013000000000033651,2.810999999999922,0.010999999999967258,reload-2-inventory
2,226,215.426,556.879,772.305,572,772.305,897.878,0.0,772.305,400416,765.78,226,765.791,770.335,3625003,2338,False,770.365,770.349,0.016,0.016465,0,1,18,33668,2626560,0.014000000000010004,1.9559999999999036,0.011000000000080945,reload-2-inventory
2,227,214.706,556.418,771.124,572,771.124,883.347,0.0,771.124,400416,765.786,227,765.799,770.291,3625003,2338,False,770.325,770.309,0.015,0.015403,0,1,18,33668,2626560,0.017999999999915417,0.8150000000000546,0.013000000000033651,reload-2-inventory
2,228,230.611,556.863,787.474,572,787.474,921.641,0.0,787.474,400416,765.792,228,765.808,770.516,3625003,2338,False,770.546,770.53,0.015,0.015113,0,1,18,33668,2626560,0.014000000000010004,16.944000000000074,0.01599999999996271,reload-2-inventory
2,229,218.746,556.989,775.735,572,775.735,909.44,0.0,775.735,400416,765.798,229,765.808,770.469,3624953,2338,False,770.506,770.49,0.016,0.015954,0,1,18,33668,2626560,0.020999999999958163,5.2450000000000045,0.009999999999990905,reload-2-inventory
2,230,224.145,558.399,782.544,572,782.544,958.945,0.0,782.544,400416,765.804,230,765.814,770.558,3625003,2338,False,770.619,770.604,0.014,0.014582,0,1,22,42060,2626560,0.04600000000004911,11.93999999999994,0.009999999999990905,reload-2-inventory
2,231,228.161,555.69,783.851,572,783.851,926.339,0.0,783.851,400416,765.809,231,765.82,770.865,3625003,2338,False,770.906,770.887,0.018,0.018318,0,1,22,42060,2626560,0.021999999999934516,12.964000000000055,0.011000000000080945,reload-2-inventory
2,232,228.176,555.853,784.029,572,784.029,916.936,0.0,784.029,400416,765.814,232,765.826,770.82,3624953,2338,False,770.855,770.836,0.019,0.019289,0,1,22,42060,2626560,0.01599999999996271,13.192999999999984,0.012000000000057298,reload-2-inventory
2,233,225.488,557.783,783.271,572,783.271,926.794,0.0,783.271,400416,765.82,233,765.833,770.774,3625003,2338,False,770.806,770.791,0.015,0.015002,0,1,22,42060,2626560,0.01700000000005275,12.479999999999905,0.012999999999919964,reload-2-inventory
2,234,229.842,557.197,787.039,572,787.039,954.364,0.0,787.039,400416,765.827,234,765.839,770.733,3625003,2338,False,770.764,770.749,0.015,0.014902,0,1,22,42060,2626560,0.016000000000076398,16.289999999999964,0.012000000000057298,reload-2-inventory
2,235,228.054,557.863,785.917,572,785.917,943.455,0.0,785.917,400416,765.833,235,765.844,770.691,3625003,2338,False,770.723,770.708,0.015,0.014903,0,1,22,42060,2626560,0.016999999999939064,15.20900000000006,0.011000000000080945,reload-2-inventory
2,236,233.409,555.945,789.354,572,789.354,893.386,0.0,789.354,400416,765.839,236,765.85,770.629,3624953,2338,False,770.681,770.661,0.019,0.01953,0,1,22,42060,2626560,0.03199999999992542,18.693000000000097,0.010999999999967258,reload-2-inventory
2,237,222.682,557.873,780.555,572,780.555,947.446,0.0,780.555,400416,765.844,237,765.862,771.029,3625003,2338,False,771.065,771.048,0.016,0.016274,0,1,27,50502,2626560,0.019000000000005457,9.506999999999948,0.017999999999915417,reload-2-inventory
2,238,230.803,556.118,786.921,572,786.921,928.739,0.0,786.921,400416,765.851,238,765.864,770.979,3625003,2338,False,771.019,770.999,0.02,0.019669,0,1,27,50502,2626560,0.01999999999998181,15.922000000000025,0.013000000000033651,reload-2-inventory
2,239,222.938,557.786,780.724,572,780.724,919.533,0.0,780.724,400416,765.856,239,765.868,771.075,3624953,2338,False,771.109,771.091,0.017,0.017656,0,1,27,50502,2626560,0.01599999999996271,9.633000000000038,0.012000000000057298,reload-2-inventory
2,240,223.586,557.076,780.662,572,780.662,899.271,0.0,780.662,400416,765.862,240,765.877,771.123,3625003,2338,False,771.17,771.151,0.019,0.019079,0,1,27,50502,2626560,0.027999999999906322,9.511000000000081,0.014999999999986358,reload-2-inventory
2,241,224.974,556.718,781.692,572,781.692,913.738,0.0,781.692,400416,765.868,241,765.88,771.18,3625003,2338,False,771.214,771.197,0.017,0.017346,0,1,27,50502,2626560,0.01700000000005275,10.495000000000005,0.011999999999943611,reload-2-inventory
2,242,214.474,556.854,771.328,572,771.328,930.082,0.0,771.328,400416,765.875,242,765.885,771.224,3625003,2338,False,771.259,771.24,0.018,0.018497,0,1,27,50502,2626560,0.01599999999996271,0.08799999999996544,0.009999999999990905,reload-2-inventory
2,243,217.179,555.558,772.737,572,772.737,890.337,0.0,772.737,400416,765.88,243,765.89,771.269,3624953,2338,False,771.307,771.291,0.016,0.015894,0,1,27,50502,2626560,0.022000000000048203,1.4459999999999127,0.009999999999990905,reload-2-inventory
2,244,216.298,556.556,772.854,572,772.854,905.766,0.0,772.854,400416,765.885,244,765.898,771.321,3625003,2338,False,771.356,771.337,0.019,0.018708,0,1,27,50502,2626560,0.01599999999996271,1.5170000000000528,0.013000000000033651,reload-2-inventory
2,245,213.284,556.123,769.407,572,769.407,881.77,0.0,769.407,400416,765.892,245,765.903,769.102,3625003,2338,False,769.133,769.116,0.016,0.016625,0,1,4,8392,2626560,0.014000000000010004,0.29100000000005366,0.010999999999967258,reload-2-inventory
2,246,212.233,557.126,769.359,572,769.359,901.597,0.0,769.359,400416,765.897,246,765.908,769.143,3625003,2338,False,769.165,769.153,0.012,0.012239,0,1,4,8392,2626560,0.009999999999990905,0.20600000000001728,0.010999999999967258,reload-2-inventory
2,247,213.818,555.602,769.42,572,769.42,901.358,0.0,769.42,400416,765.902,247,765.911,769.177,3624953,2338,False,769.211,769.197,0.013,0.01333,0,1,4,8392,2626560,0.01999999999998181,0.22299999999995634,0.008999999999900865,reload-2-inventory
2,248,211.523,558.037,769.56,572,769.56,915.434,0.0,769.56,400416,765.907,248,765.918,769.252,3625003,2338,False,769.278,769.262,0.016,0.015884,0,1,4,8392,2626560,0.009999999999990905,0.2980000000000018,0.010999999999967258,reload-2-inventory
2,249,212.209,557.413,769.622,572,769.622,944.155,0.0,769.622,400416,765.912,249,765.925,769.309,3625003,2338,False,769.331,769.318,0.013,0.013149,0,1,4,8392,2626560,0.009000000000014552,0.3039999999999736,0.012999999999919964,reload-2-inventory
2,250,211.599,558.115,769.714,572,769.714,931.346,0.0,769.714,400416,765.917,250,765.929,769.342,3624953,2338,False,769.376,769.362,0.014,0.014111,0,1,9,16834,2626560,0.01999999999998181,0.35200000000008913,0.011999999999943611,reload-2-inventory
2,251,213.943,555.795,769.738,572,769.738,958.097,0.0,769.738,400416,765.923,251,765.934,769.419,3625003,2338,False,769.444,769.431,0.013,0.012719,0,1,9,16834,2626560,0.012000000000057298,0.30700000000001637,0.010999999999967258,reload-2-inventory
2,252,211.756,557.927,769.683,572,769.683,886.914,0.0,769.683,400416,765.928,252,765.938,769.384,3625003,2338,False,769.411,769.395,0.015,0.015153,0,1,9,16834,2626560,0.010999999999967258,0.2880000000000109,0.009999999999990905,reload-2-inventory
2,253,213.018,556.935,769.953,572,769.953,958.014,0.0,769.953,400416,765.932,253,765.95,769.453,3625003,2338,False,769.496,769.481,0.015,0.014712,0,1,9,16834,2626560,0.02800000000002001,0.47199999999998,0.018000000000029104,reload-2-inventory
2,254,211.759,558.495,770.254,572,770.254,956.298,0.0,770.254,400416,765.937,254,765.955,769.506,3624953,2338,False,769.53,769.518,0.012,0.012588,0,1,9,16834,2626560,0.012000000000057298,0.73599999999999,0.018000000000029104,reload-2-inventory
2,255,212.071,558.177,770.248,572,770.248,914.62,0.0,770.248,400416,765.949,255,765.96,769.539,3625003,2338,False,769.594,769.578,0.016,0.016314,0,1,9,16834,2626560,0.03899999999998727,0.6700000000000728,0.011000000000080945,reload-2-inventory
2,256,212.997,557.172,770.169,572,770.169,897.887,0.0,770.169,400416,765.954,256,765.965,769.606,3625003,2338,False,769.63,769.618,0.012,0.012068,0,1,9,16834,2626560,0.012000000000057298,0.5509999999999309,0.011000000000080945,reload-2-inventory
2,257,212.697,557.269,769.966,572,769.966,883.478,0.0,769.966,400416,765.959,257,765.969,769.677,3624953,2338,False,769.701,769.688,0.012,0.012188,0,1,9,16834,2626560,0.010999999999967258,0.27800000000002,0.010000000000104592,reload-2-inventory
2,258,212.392,557.95,770.342,572,770.342,894.44,0.0,770.342,400416,765.964,258,765.979,769.714,3625003,2338,False,769.742,769.726,0.016,0.015924,0,1,9,16834,2626560,0.011999999999943611,0.6159999999999854,0.014999999999986358,reload-2-inventory
2,259,211.857,558.055,769.912,572,769.912,961.436,0.0,769.912,400416,765.969,259,765.987,769.639,3625003,2338,False,769.668,769.652,0.015,0.015413,0,1,9,16834,2626560,0.013000000000033651,0.2599999999999909,0.017999999999915417,reload-2-inventory
2,260,212.391,558.056,770.447,572,770.447,938.304,0.0,770.447,400416,765.977,260,765.99,769.752,3625003,2338,False,769.781,769.765,0.016,0.016014,0,1,13,25226,2626560,0.013000000000033651,0.6820000000000164,0.013000000000033651,reload-2-inventory
2,261,214.814,556.41,771.224,572,771.224,900.839,0.0,771.224,400416,765.984,261,765.994,769.85,3624953,2338,False,769.88,769.864,0.015,0.015263,0,1,13,25226,2626560,0.014000000000010004,1.3600000000000136,0.009999999999990905,reload-2-inventory
2,262,214.628,556.445,771.073,572,771.073,904.395,0.0,771.073,400416,765.989,262,765.999,769.899,3625003,2338,False,769.928,769.913,0.015,0.015433,0,1,13,25226,2626560,0.014000000000010004,1.1599999999999682,0.009999999999990905,reload-2-inventory
2,263,214.504,556.82,771.324,572,771.324,951.758,0.0,771.324,400416,765.995,263,766.006,770.009,3625003,2338,False,770.038,770.023,0.015,0.015453,0,1,13,25226,2626560,0.014000000000010004,1.3009999999999309,0.010999999999967258,reload-2-inventory
2,264,215.856,555.774,771.63,572,771.63,918.79,0.0,771.63,400416,766.0,264,766.013,769.961,3624953,2338,False,769.997,769.982,0.015,0.015063,0,1,13,25226,2626560,0.020999999999958163,1.6480000000000246,0.013000000000033651,reload-2-inventory
2,265,214.295,557.151,771.446,572,771.446,920.171,0.0,771.446,400416,766.005,265,766.02,769.921,3625003,2338,False,769.951,769.936,0.015,0.014813,0,1,13,25226,2626560,0.014999999999986358,1.509999999999991,0.014999999999986358,reload-2-inventory
2,266,215.776,555.554,771.33,572,771.33,894.255,0.0,771.33,400416,766.011,266,766.026,769.884,3625003,2338,False,769.911,769.898,0.013,0.01313,0,1,13,25226,2626560,0.014000000000010004,1.4320000000000164,0.014999999999986358,reload-2-inventory
2,267,212.587,558.511,771.098,572,771.098,904.357,0.0,771.098,400416,766.018,267,766.032,769.833,3625003,2338,False,769.861,769.846,0.014,0.014021,0,1,13,25226,2626560,0.013000000000033651,1.2519999999999527,0.014000000000010004,reload-2-inventory
2,268,212.7,558.102,770.802,572,770.802,895.684,0.0,770.802,400416,766.024,268,766.039,769.788,3624953,2338,False,769.82,769.802,0.018,0.018108,0,1,13,25226,2626560,0.014000000000010004,1.0,0.014999999999986358,reload-2-inventory
2,269,213.332,557.04,770.372,572,770.372,939.32,0.0,770.372,400416,766.029,269,766.046,769.736,3625003,2338,False,769.777,769.761,0.015,0.015383,0,1,13,25226,2626560,0.024999999999977263,0.61099999999999,0.01700000000005275,reload-2-inventory
2,270,212.063,558.223,770.286,572,770.286,902.376,0.0,770.286,400416,766.034,270,766.056,769.7,3625003,2338,False,769.726,769.712,0.013,0.013531,0,1,9,16834,2626560,0.011999999999943611,0.5739999999999554,0.022000000000048203,reload-2-inventory
2,271,212.335,557.761,770.096,572,770.096,931.16,0.0,770.096,400416,766.039,271,766.063,769.655,3625003,2338,False,769.682,769.667,0.015,0.015183,0,1,9,16834,2626560,0.012000000000057298,0.4289999999999736,0.02400000000000091,reload-2-inventory
2,272,213.313,556.573,769.886,572,769.886,952.463,0.0,769.886,400416,766.044,272,766.069,769.593,3624953,2338,False,769.633,769.62,0.012,0.012349,0,1,9,16834,2626560,0.027000000000043656,0.2659999999999627,0.024999999999977263,reload-2-inventory
2,273,213.563,556.73,770.293,572,770.293,895.912,0.0,770.293,400416,766.049,273,766.076,769.558,3625003,2338,False,769.585,769.57,0.014,0.014742,0,1,9,16834,2626560,0.012000000000057298,0.7229999999999563,0.027000000000043656,reload-2-inventory
2,274,213.493,556.723,770.216,572,770.216,928.887,0.0,770.216,400416,766.061,274,766.089,769.485,3625003,2338,False,769.517,769.5,0.016,0.016655,0,1,9,16834,2626560,0.014999999999986358,0.7160000000000082,0.02800000000002001,reload-2-inventory
2,275,211.768,558.152,769.92,572,769.92,900.455,0.0,769.92,400416,766.066,275,766.083,769.526,3624953,2338,False,769.55,769.538,0.012,0.012128,0,1,9,16834,2626560,0.012000000000057298,0.38199999999994816,0.016999999999939064,reload-2-inventory
2,276,211.507,558.153,769.66,572,769.66,889.94,0.0,769.66,400416,766.072,276,766.137,769.408,3625003,2338,False,769.435,769.42,0.014,0.013981,0,1,9,16834,2626560,0.011999999999943611,0.2400000000000091,0.06499999999994088,reload-2-inventory
2,277,213.428,556.381,769.809,572,769.809,935.001,0.0,769.809,400416,766.077,277,766.128,769.443,3625003,2338,False,769.466,769.454,0.011,0.011247,0,1,9,16834,2626560,0.010999999999967258,0.3550000000000182,0.051000000000044565,reload-2-inventory
2,278,213.296,556.356,769.652,572,769.652,931.521,0.0,769.652,400416,766.081,278,766.149,769.329,3625003,2338,False,769.361,769.345,0.016,0.016265,0,1,9,16834,2626560,0.016000000000076398,0.30700000000001637,0.06799999999998363,reload-2-inventory
2,279,212.698,557.012,769.71,572,769.71,964.012,0.0,769.71,400416,766.087,279,766.144,769.369,3624953,2338,False,769.396,769.384,0.012,0.011888,0,1,9,16834,2626560,0.014999999999986358,0.32600000000002183,0.05700000000001637,reload-2-inventory
2,280,213.636,555.873,769.509,572,769.509,907.783,0.0,769.509,400416,766.092,280,766.161,769.216,3625003,2338,False,769.243,769.226,0.016,0.016375,0,1,4,8392,2626560,0.009999999999990905,0.28300000000001546,0.06899999999995998,reload-2-inventory
2,281,212.669,556.864,769.533,572,769.533,907.869,0.0,769.533,400416,766.134,281,766.154,769.29,3625003,2338,False,769.32,769.306,0.013,0.01308,0,1,4,8392,2626560,0.016000000000076398,0.22699999999997544,0.01999999999998181,reload-2-inventory
2,282,219.382,558.207,777.589,572,777.589,921.477,0.0,777.589,400416,766.139,282,766.173,771.39,3624953,2338,False,771.425,771.41,0.015,0.015223,0,1,32,58944,2626560,0.01999999999998181,6.179000000000087,0.033999999999991815,reload-2-inventory
2,283,218.132,557.166,775.298,572,775.298,947.55,0.0,775.298,400416,766.146,283,766.168,771.482,3625003,2338,False,771.515,771.498,0.016,0.016655,0,1,32,58944,2626560,0.016000000000076398,3.7999999999999545,0.022000000000048203,reload-2-inventory
2,284,216.938,555.548,772.486,572,772.486,960.001,0.0,772.486,400416,766.151,284,766.184,771.296,3625003,2338,False,771.332,771.311,0.021,0.020921,0,1,27,50502,2626560,0.014999999999986358,1.1749999999999545,0.03300000000001546,reload-2-inventory
2,285,216.49,558.142,774.632,572,774.632,964.555,0.0,774.632,400416,766.157,285,766.179,771.341,3625003,2338,False,771.376,771.359,0.017,0.016805,0,1,27,50502,2626560,0.018000000000029104,3.272999999999911,0.021999999999934516,reload-2-inventory
2,286,223.393,557.933,781.326,572,781.326,959.005,0.0,781.326,400416,766.162,286,766.194,771.165,3624953,2338,False,771.203,771.187,0.016,0.016394,0,1,27,50502,2626560,0.022000000000048203,10.13900000000001,0.03199999999992542,reload-2-inventory
2,287,230.71,557.26,787.97,572,787.97,961.993,0.0,787.97,400416,766.167,287,766.189,771.213,3625003,2338,False,771.247,771.229,0.017,0.017606,0,1,27,50502,2626560,0.016000000000076398,16.740999999999985,0.021999999999934516,reload-2-inventory
2,288,231.948,556.873,788.821,572,788.821,898.169,0.0,788.821,400416,766.172,288,766.208,771.014,3625003,2338,False,771.056,771.035,0.02,0.020541,0,1,27,50502,2626560,0.020999999999958163,17.786000000000058,0.03599999999994452,reload-2-inventory
2,289,226.437,557.509,783.946,572,783.946,870.628,0.0,783.946,400416,766.177,289,766.202,771.11,3625003,2338,False,771.155,771.137,0.017,0.017526,0,1,27,50502,2626560,0.02699999999992997,12.809000000000083,0.024999999999977263,reload-2-inventory
2,290,228.866,557.295,786.161,572,786.161,885.258,0.0,786.161,400416,766.181,290,766.218,770.918,3624953,2338,False,770.95,770.933,0.017,0.016945,0,1,22,42060,2626560,0.014999999999986358,15.227999999999952,0.036999999999920874,reload-2-inventory
2,291,232.434,555.859,788.293,572,788.293,908.358,0.0,788.293,400416,766.186,291,766.213,770.96,3625003,2338,False,771.004,770.988,0.016,0.015704,0,1,27,50502,2626560,0.02800000000002001,17.30499999999995,0.02699999999992997,reload-2-inventory
2,292,224.075,557.7,781.775,572,781.775,895.853,0.0,781.775,400416,766.191,292,766.229,770.79,3625003,2338,False,770.822,770.806,0.015,0.015684,0,1,22,42060,2626560,0.016000000000076398,10.968999999999937,0.038000000000010914,reload-2-inventory
2,293,221.876,558.551,780.427,572,780.427,897.293,0.0,780.427,400416,766.196,293,766.224,770.831,3624953,2338,False,770.863,770.847,0.015,0.015093,0,1,22,42060,2626560,0.01599999999996271,9.580000000000041,0.02800000000002001,reload-2-inventory
2,294,232.895,556.557,789.452,572,789.452,898.95,0.0,789.452,400416,766.207,294,766.24,770.645,3625003,2338,False,770.683,770.665,0.018,0.018037,0,1,22,42060,2626560,0.01999999999998181,18.787000000000035,0.03300000000001546,reload-2-inventory
2,295,223.563,557.504,781.067,572,781.067,921.288,0.0,781.067,400416,766.213,295,766.235,770.742,3625003,2338,False,770.777,770.76,0.017,0.016826,0,1,22,42060,2626560,0.018000000000029104,10.307000000000016,0.022000000000048203,reload-2-inventory
2,296,229.643,557.022,786.665,572,786.665,957.184,0.0,786.665,400416,766.218,296,766.251,770.513,3625003,2338,False,770.542,770.526,0.015,0.015634,0,1,18,33668,2626560,0.012999999999919964,16.13900000000001,0.03300000000001546,reload-2-inventory
2,297,230.406,557.268,787.674,572,787.674,962.079,0.0,787.674,400416,766.222,297,766.246,770.554,3624953,2338,False,770.635,770.615,0.019,0.019189,0,1,22,42060,2626560,0.06100000000003547,17.05899999999997,0.02400000000000091,reload-2-inventory
2,298,215.706,557.791,773.497,572,773.497,909.279,0.0,773.497,400416,766.227,298,766.261,770.395,3625003,2338,False,770.426,770.411,0.015,0.015012,0,1,18,33668,2626560,0.01599999999996271,3.0860000000000127,0.033999999999991815,reload-2-inventory
2,299,217.125,557.141,774.266,572,774.266,962.378,0.0,774.266,400416,766.231,299,766.256,770.436,3625003,2338,False,770.464,770.449,0.015,0.015383,0,1,18,33668,2626560,0.012999999999919964,3.8170000000000073,0.024999999999977263,reload-2-inventory
2,300,214.665,556.011,770.676,572,770.676,934.855,0.0,770.676,400416,766.24,300,766.273,770.27,3624953,2338,False,770.301,770.284,0.017,0.016965,0,1,18,33668,2626560,0.014000000000010004,0.39200000000005275,0.03300000000001546,reload-2-inventory
2,301,214.811,557.791,772.602,572,772.602,909.79,0.0,772.602,400416,766.245,301,766.266,770.35,3625003,2338,False,770.38,770.365,0.015,0.015072,0,1,18,33668,2626560,0.014999999999986358,2.2369999999999663,0.020999999999958163,reload-2-inventory
2,302,214.449,557.216,771.665,572,771.665,963.889,0.0,771.665,400416,766.25,302,766.284,770.179,3625003,2338,False,770.21,770.194,0.016,0.015713,0,1,18,33668,2626560,0.014999999999986358,1.4710000000000036,0.033999999999991815,reload-2-inventory
2,303,212.118,558.436,770.554,572,770.554,924.21,0.0,770.554,400416,766.254,303,766.278,770.219,3625003,2338,False,770.257,770.24,0.016,0.016394,0,1,18,33668,2626560,0.020999999999958163,0.31399999999996453,0.02400000000000091,reload-2-inventory
2,304,215.162,556.679,771.841,572,771.841,908.072,0.0,771.841,400416,766.259,304,766.294,770.038,3624953,2338,False,770.063,770.051,0.012,0.012218,0,1,13,25226,2626560,0.013000000000033651,1.7899999999999636,0.03499999999996817,reload-2-inventory
2,305,216.075,556.749,772.824,572,772.824,900.201,0.0,772.824,400416,766.263,305,766.289,770.081,3625003,2338,False,770.118,770.102,0.015,0.015653,0,1,13,25226,2626560,0.020999999999958163,2.72199999999998,0.025999999999953616,reload-2-inventory
2,306,215.055,557.071,772.126,572,772.126,871.673,0.0,772.126,400416,766.268,306,766.31,770.055,3625003,2338,False,770.084,770.071,0.013,0.01355,0,1,13,25226,2626560,0.016000000000076398,2.05499999999995,0.041999999999916326,reload-2-inventory
2,307,214.679,556.403,771.082,572,771.082,883.45,0.0,771.082,400416,766.279,307,766.3,769.996,3624953,2338,False,770.027,770.01,0.016,0.016595,0,1,13,25226,2626560,0.014000000000010004,1.0720000000000027,0.020999999999958163,reload-2-inventory
2,308,225.478,556.658,782.136,572,782.136,945.371,0.0,782.136,400416,766.283,308,766.351,770.819,3625003,2338,False,770.854,770.836,0.017,0.017186,0,1,22,42060,2626560,0.01700000000005275,11.299999999999955,0.06799999999998363,reload-2-inventory
2,309,224.707,557.713,782.42,572,782.42,938.319,0.0,782.42,400416,766.287,309,766.356,770.769,3625003,2338,False,770.804,770.785,0.019,0.018958,0,1,22,42060,2626560,0.01599999999996271,11.634999999999991,0.06899999999995998,reload-2-inventory
2,310,229.933,555.775,785.708,572,785.708,914.845,0.0,785.708,400416,766.292,310,766.361,770.71,3625003,2338,False,770.74,770.725,0.015,0.015213,0,1,22,42060,2626560,0.014999999999986358,14.982999999999947,0.06899999999995998,reload-2-inventory
2,311,224.631,557.28,781.911,572,781.911,877.391,0.0,781.911,400416,766.297,311,766.366,770.669,3624953,2338,False,770.699,770.684,0.014,0.014542,0,1,22,42060,2626560,0.014999999999986358,11.226999999999975,0.06899999999995998,reload-2-inventory
2,312,231.807,556.374,788.181,572,788.181,938.954,0.0,788.181,400416,766.301,312,766.371,770.623,3625003,2338,False,770.66,770.642,0.018,0.018217,0,1,22,42060,2626560,0.019000000000005457,17.538999999999987,0.06999999999993634,reload-2-inventory
2,313,231.041,557.597,788.638,572,788.638,922.133,0.0,788.638,400416,766.313,313,766.346,770.864,3625003,2338,False,770.897,770.879,0.017,0.017266,0,1,22,42060,2626560,0.014999999999986358,17.759000000000015,0.03300000000001546,reload-2-inventory
2,314,227.415,558.127,785.542,572,785.542,912.859,0.0,785.542,400416,766.318,314,766.382,770.511,3625003,2338,False,770.541,770.525,0.016,0.015803,0,1,18,33668,2626560,0.014000000000010004,15.017000000000053,0.06399999999996453,reload-2-inventory
2,315,216.942,558.106,775.048,572,775.048,912.926,0.0,775.048,400416,766.322,315,766.387,770.467,3624953,2338,False,770.498,770.48,0.017,0.016876,0,1,18,33668,2626560,0.013000000000033651,4.567999999999984,0.06499999999994088,reload-2-inventory
2,316,216.849,557.1,773.949,572,773.949,923.633,0.0,773.949,400416,766.327,316,766.395,770.408,3625003,2338,False,770.457,770.438,0.018,0.017967,0,1,18,33668,2626560,0.029999999999972715,3.5109999999999673,0.06799999999998363,reload-2-inventory
2,317,217.102,555.648,772.75,572,772.75,916.089,0.0,772.75,400416,766.331,317,766.4,770.346,3625003,2338,False,770.384,770.367,0.016,0.016605,0,1,18,33668,2626560,0.020999999999958163,2.383000000000038,0.06899999999995998,reload-2-inventory
2,318,214.912,556.794,771.706,572,771.706,909.515,0.0,771.706,400416,766.336,318,766.405,770.295,3624953,2338,False,770.335,770.319,0.015,0.014862,0,1,18,33668,2626560,0.02400000000000091,1.3870000000000573,0.06899999999995998,reload-2-inventory
2,319,224.985,556.751,781.736,572,781.736,934.411,0.0,781.736,400416,766.34,319,766.377,770.552,3625003,2338,False,770.614,770.6,0.014,0.014291,0,1,22,42060,2626560,0.04800000000000182,11.135999999999967,0.036999999999920874,reload-2-inventory
2,320,213.611,557.243,770.854,572,770.854,905.116,0.0,770.854,400416,766.346,320,766.417,770.216,3625003,2338,False,770.247,770.231,0.016,0.016254,0,1,18,33668,2626560,0.014999999999986358,0.6230000000000473,0.07100000000002638,reload-2-inventory
2,321,215.226,555.984,771.21,572,771.21,948.8,0.0,771.21,400416,766.35,321,766.423,770.136,3625003,2338,False,770.177,770.161,0.016,0.015954,0,1,18,33668,2626560,0.024999999999977263,1.0490000000000919,0.07299999999997908,reload-2-inventory
2,322,225.842,556.646,782.488,572,782.488,909.13,0.0,782.488,400416,766.355,322,766.436,770.906,3624953,2338,False,770.965,770.946,0.019,0.018879,0,1,22,42060,2626560,0.04000000000007731,11.54200000000003,0.08100000000001728,reload-2-inventory
2,323,214.018,556.689,770.707,572,770.707,915.543,0.0,770.707,400416,766.362,323,766.442,770.199,3625003,2338,False,770.228,770.212,0.016,0.016464,0,1,18,33668,2626560,0.013000000000033651,0.49500000000000455,0.08000000000004093,reload-2-inventory
2,324,215.412,556.016,771.428,572,771.428,918.057,0.0,771.428,400416,766.366,324,766.448,770.149,3625003,2338,False,770.186,770.168,0.018,0.018177,0,1,18,33668,2626560,0.019000000000005457,1.259999999999991,0.08199999999999363,reload-2-inventory
2,325,214.018,556.712,770.73,572,770.73,900.554,0.0,770.73,400416,766.37,325,766.411,770.257,3624953,2338,False,770.286,770.27,0.015,0.015403,0,1,18,33668,2626560,0.013000000000033651,0.4600000000000364,0.04099999999993997,reload-2-inventory
2,326,214.108,557.092,771.2,572,771.2,880.174,0.0,771.2,400416,766.374,326,766.466,770.004,3625003,2338,False,770.036,770.02,0.015,0.015493,0,1,13,25226,2626560,0.01599999999996271,1.1800000000000637,0.09199999999998454,reload-2-inventory
2,327,213.236,558.168,771.404,572,771.404,872.376,0.0,771.404,400416,766.379,327,766.473,769.949,3625003,2338,False,769.985,769.961,0.023,0.023565,0,1,13,25226,2626560,0.012000000000057298,1.4429999999999836,0.09399999999993724,reload-2-inventory
2,328,214.719,556.463,771.182,572,771.182,935.633,0.0,771.182,400416,766.385,328,766.478,769.907,3625003,2338,False,769.932,769.92,0.012,0.012118,0,1,13,25226,2626560,0.012999999999919964,1.2620000000000573,0.09299999999996089,reload-2-inventory
2,329,213.084,558.019,771.103,572,771.103,941.131,0.0,771.103,400416,766.389,329,766.484,769.841,3624953,2338,False,769.898,769.882,0.015,0.015574,0,1,13,25226,2626560,0.04099999999993997,1.2210000000000036,0.09500000000002728,reload-2-inventory
2,330,214.538,556.417,770.955,572,770.955,898.705,0.0,770.955,400416,766.399,330,766.489,769.769,3625003,2338,False,769.821,769.806,0.015,0.015053,0,1,13,25226,2626560,0.03700000000003456,1.149000000000001,0.09000000000003183,reload-2-inventory
2,331,215.1,558.505,773.605,572,773.605,938.036,0.0,773.605,400416,766.404,331,766.494,771.335,3625003,2338,False,771.37,771.351,0.019,0.019218,0,1,27,50502,2626560,0.01599999999996271,2.254000000000019,0.09000000000003183,reload-2-inventory
2,332,215.85,557.622,773.472,572,773.472,948.268,0.0,773.472,400416,766.408,332,766.5,771.29,3624953,2338,False,771.325,771.307,0.018,0.017797,0,1,27,50502,2626560,0.01700000000005275,2.1649999999999636,0.09199999999998454,reload-2-inventory
2,333,216.193,555.812,772.005,572,772.005,918.284,0.0,772.005,400416,766.413,333,766.461,770.045,3625003,2338,False,770.08,770.065,0.015,0.014882,0,1,13,25226,2626560,0.020000000000095497,1.9399999999999409,0.04800000000000182,reload-2-inventory
2,334,228.175,556.425,784.6,572,784.6,927.218,0.0,784.6,400416,766.417,334,766.511,771.149,3625003,2338,False,771.182,771.165,0.017,0.017316,0,1,27,50502,2626560,0.01599999999996271,13.43500000000006,0.09399999999993724,reload-2-inventory
2,335,225.756,556.539,782.295,572,782.295,914.331,0.0,782.295,400416,766.421,335,766.516,771.102,3625003,2338,False,771.132,771.117,0.015,0.014862,0,1,27,50502,2626560,0.014999999999986358,11.177999999999997,0.0949999999999136,reload-2-inventory
2,336,230.244,556.038,786.282,572,786.282,893.435,0.0,786.282,400416,766.433,336,766.522,771.057,3624953,2338,False,771.092,771.074,0.017,0.017636,0,1,27,50502,2626560,0.016999999999939064,15.208000000000084,0.08900000000005548,reload-2-inventory
2,337,231.535,556.138,787.673,572,787.673,919.108,0.0,787.673,400416,766.437,337,766.527,770.931,3625003,2338,False,770.968,770.953,0.014,0.014612,0,1,22,42060,2626560,0.021999999999934516,16.720000000000027,0.09000000000003183,reload-2-inventory
2,338,232.366,556.962,789.328,572,789.328,927.762,0.0,789.328,400416,766.442,338,766.532,770.867,3625003,2338,False,770.906,770.891,0.014,0.014442,0,1,22,42060,2626560,0.02400000000000091,18.437000000000012,0.09000000000003183,reload-2-inventory
2,339,226.342,557.348,783.69,572,783.69,937.999,0.0,783.69,400416,766.446,339,766.539,770.811,3625003,2338,False,770.855,770.84,0.015,0.015253,0,1,22,42060,2626560,0.028999999999996362,12.850000000000023,0.09299999999996089,reload-2-inventory
2,340,227.505,557.364,784.869,572,784.869,920.593,0.0,784.869,400416,766.452,340,766.545,770.715,3624953,2338,False,770.745,770.73,0.014,0.014241,0,1,22,42060,2626560,0.014999999999986358,14.13900000000001,0.09299999999996089,reload-2-inventory
2,341,214.09,557.695,771.785,572,771.785,918.729,0.0,771.785,400416,766.456,341,766.505,771.235,3625003,2338,False,771.27,771.252,0.018,0.018257,0,1,27,50502,2626560,0.016999999999939064,0.5330000000000155,0.04899999999997817,reload-2-inventory
2,342,232.015,557.083,789.098,572,789.098,885.205,0.0,789.098,400416,766.461,342,766.556,770.625,3625003,2338,False,770.66,770.641,0.019,0.018828,0,1,22,42060,2626560,0.01599999999996271,18.456999999999994,0.09500000000002728,reload-2-inventory
2,343,230.442,556.343,786.785,572,786.785,945.447,0.0,786.785,400416,766.465,343,766.561,770.538,3624953,2338,False,770.569,770.553,0.015,0.015193,0,1,22,42060,2626560,0.014999999999986358,16.23199999999997,0.09600000000000364,reload-2-inventory
2,344,227.551,555.864,783.415,572,783.415,889.957,0.0,783.415,400416,766.471,344,766.566,770.493,3625003,2338,False,770.525,770.507,0.017,0.017205,0,1,18,33668,2626560,0.013999999999896318,12.908000000000015,0.09500000000002728,reload-2-inventory
2,345,219.231,555.654,774.885,572,774.885,904.795,0.0,774.885,400416,766.475,345,766.571,770.442,3625003,2338,False,770.483,770.466,0.016,0.015984,0,1,18,33668,2626560,0.02400000000000091,4.418999999999983,0.09600000000000364,reload-2-inventory
2,346,215.378,557.672,773.05,572,773.05,908.02,0.0,773.05,400416,766.48,346,766.576,770.364,3625003,2338,False,770.394,770.378,0.016,0.016405,0,1,18,33668,2626560,0.014000000000010004,2.671999999999912,0.09600000000000364,reload-2-inventory
2,347,215.297,555.682,770.979,572,770.979,935.288,0.0,770.979,400416,766.484,347,766.581,770.276,3624953,2338,False,770.306,770.29,0.015,0.015573,0,1,18,33668,2626560,0.014000000000010004,0.6890000000000782,0.09699999999997999,reload-2-inventory
2,348,214.299,556.275,770.574,572,770.574,927.668,0.0,770.574,400416,766.489,348,766.587,770.222,3625003,2338,False,770.266,770.247,0.018,0.018618,0,1,18,33668,2626560,0.024999999999977263,0.3269999999999982,0.09799999999995634,reload-2-inventory
2,349,228.338,557.628,785.966,572,785.966,929.049,0.0,785.966,400416,766.493,349,766.551,770.673,3625003,2338,False,770.705,770.689,0.016,0.015734,0,1,22,42060,2626560,0.01599999999996271,15.277000000000044,0.057999999999992724,reload-2-inventory
2,350,214.006,556.939,770.945,572,770.945,959.845,0.0,770.945,400416,766.497,350,766.598,770.144,3624953,2338,False,770.174,770.158,0.016,0.015724,0,1,18,33668,2626560,0.014000000000010004,0.7870000000000346,0.10099999999999909,reload-2-inventory
2,351,217.325,556.024,773.349,572,773.349,959.387,0.0,773.349,400416,766.504,351,766.603,770.106,3625003,2338,False,770.134,770.119,0.015,0.015193,0,1,13,25226,2626560,0.013000000000033651,3.230000000000018,0.0989999999999327,reload-2-inventory
2,352,214.194,558.207,772.401,572,772.401,959.431,0.0,772.401,400416,766.509,352,766.609,770.055,3625003,2338,False,770.096,770.078,0.018,0.017766,0,1,13,25226,2626560,0.023000000000024556,2.322999999999979,0.10000000000002274,reload-2-inventory
2,353,215.073,556.494,771.567,572,771.567,945.538,0.0,771.567,400416,766.513,353,766.614,770.012,3625003,2338,False,770.043,770.026,0.016,0.016554,0,1,13,25226,2626560,0.014000000000010004,1.5410000000000537,0.10099999999999909,reload-2-inventory
2,354,214.815,556.477,771.292,572,771.292,962.387,0.0,771.292,400416,766.518,354,766.619,769.915,3624953,2338,False,769.945,769.929,0.016,0.015834,0,1,13,25226,2626560,0.014000000000010004,1.3630000000000564,0.10099999999999909,reload-2-inventory
2,355,213.032,558.182,771.214,572,771.214,877.338,0.0,771.214,400416,766.523,355,766.624,769.871,3625003,2338,False,769.902,769.886,0.016,0.016134,0,1,13,25226,2626560,0.014999999999986358,1.3280000000000882,0.10099999999999909,reload-2-inventory
2,356,213.144,558.068,771.212,572,771.212,887.191,0.0,771.212,400416,766.529,356,766.63,769.813,3625003,2338,False,769.841,769.827,0.014,0.014171,0,1,13,25226,2626560,0.014000000000010004,1.384999999999991,0.10099999999999909,reload-2-inventory
2,357,215.166,556.525,771.691,572,771.691,891.247,0.0,771.691,400416,766.534,357,766.592,770.184,3625003,2338,False,770.213,770.198,0.015,0.015463,0,1,18,33668,2626560,0.014000000000010004,1.4930000000000518,0.057999999999992724,reload-2-inventory
2,358,213.733,556.707,770.44,572,770.44,929.727,0.0,770.44,400416,766.55,358,766.644,769.731,3624953,2338,False,769.76,769.746,0.014,0.014111,0,1,13,25226,2626560,0.014999999999986358,0.6940000000000737,0.09400000000005093,reload-2-inventory
2,359,214.034,556.172,770.206,572,770.206,963.065,0.0,770.206,400416,766.555,359,766.649,769.695,3625003,2338,False,769.722,769.707,0.015,0.015283,0,1,9,16834,2626560,0.011999999999943611,0.49900000000002365,0.09400000000005093,reload-2-inventory
2,360,214.255,555.899,770.154,572,770.154,914.333,0.0,770.154,400416,766.56,360,766.654,769.661,3625003,2338,False,769.685,769.672,0.013,0.013421,0,1,9,16834,2626560,0.011000000000080945,0.4819999999999709,0.09400000000005093,reload-2-inventory
2,361,212.337,557.692,770.029,572,770.029,871.313,0.0,770.029,400416,766.564,361,766.659,769.62,3624953,2338,False,769.652,769.638,0.014,0.014162,0,1,9,16834,2626560,0.018000000000029104,0.3909999999999627,0.09500000000002728,reload-2-inventory
2,362,213.607,556.68,770.287,572,770.287,939.346,0.0,770.287,400416,766.569,362,766.665,769.587,3625003,2338,False,769.611,769.598,0.012,0.012649,0,1,9,16834,2626560,0.010999999999967258,0.6890000000000782,0.09600000000000364,reload-2-inventory
2,363,212.262,557.744,770.006,572,770.006,934.565,0.0,770.006,400416,766.575,363,766.669,769.552,3625003,2338,False,769.578,769.564,0.014,0.014492,0,1,9,16834,2626560,0.011999999999943611,0.4420000000000073,0.09399999999993724,reload-2-inventory
2,364,213.279,556.428,769.707,572,769.707,958.673,0.0,769.707,400416,766.581,364,766.675,769.367,3625003,2338,False,769.391,769.378,0.012,0.012629,0,1,9,16834,2626560,0.011000000000080945,0.3289999999999509,0.09399999999993724,reload-2-inventory
2,365,213.656,556.816,770.472,572,770.472,887.722,0.0,770.472,400416,766.585,365,766.636,769.77,3624953,2338,False,769.8,769.783,0.017,0.017135,0,1,13,25226,2626560,0.013000000000033651,0.6889999999999645,0.05099999999993088,reload-2-inventory
2,366,230.837,557.681,788.518,572,788.518,955.064,0.0,788.518,400416,766.59,366,766.685,770.989,3625003,2338,False,771.03,771.012,0.017,0.017566,0,1,27,50502,2626560,0.02299999999991087,17.506000000000085,0.0949999999999136,reload-2-inventory
2,367,213.454,557.223,770.677,572,770.677,878.107,0.0,770.677,400416,766.594,367,766.691,770.237,3625003,2338,False,770.266,770.25,0.015,0.015112,0,1,18,33668,2626560,0.013000000000033651,0.4270000000000209,0.09699999999997999,reload-2-inventory
2,368,224.709,556.779,781.488,572,781.488,923.792,0.0,781.488,400416,766.6,368,766.697,771.077,3624953,2338,False,771.122,771.106,0.015,0.015303,0,1,27,50502,2626560,0.028999999999996362,10.382000000000062,0.09699999999997999,reload-2-inventory
2,369,223.397,558.088,781.485,572,781.485,931.432,0.0,781.485,400416,766.606,369,766.703,771.033,3625003,2338,False,771.067,771.051,0.016,0.015754,0,1,27,50502,2626560,0.018000000000029104,10.433999999999969,0.09699999999997999,reload-2-inventory
2,370,230.285,557.151,787.436,572,787.436,953.856,0.0,787.436,400416,766.611,370,766.708,770.993,3625003,2338,False,771.024,771.008,0.015,0.015283,0,1,27,50502,2626560,0.014999999999986358,16.427999999999997,0.09699999999997999,reload-2-inventory
2,371,228.338,556.799,785.137,572,785.137,911.296,0.0,785.137,400416,766.616,371,766.713,770.901,3625003,2338,False,770.931,770.915,0.016,0.015814,0,1,22,42060,2626560,0.014000000000010004,14.22199999999998,0.09699999999997999,reload-2-inventory
2,372,229.264,558.359,787.623,572,787.623,935.255,0.0,787.623,400416,766.621,372,766.718,770.86,3624953,2338,False,770.892,770.874,0.018,0.018157,0,1,22,42060,2626560,0.014000000000010004,16.749000000000024,0.09699999999997999,reload-2-inventory
2,373,213.346,556.314,769.66,572,769.66,923.018,0.0,769.66,400416,766.626,373,766.68,769.253,3625003,2338,False,769.278,769.266,0.011,0.011257,0,1,4,8392,2626560,0.012999999999919964,0.39400000000000546,0.053999999999973625,reload-2-inventory
2,374,224.814,558.077,782.891,572,782.891,916.333,0.0,782.891,400416,766.631,374,766.752,770.769,3625003,2338,False,770.799,770.783,0.015,0.015663,0,1,22,42060,2626560,0.014000000000010004,12.107999999999947,0.1209999999999809,reload-2-inventory
2,375,229.397,556.352,785.749,572,785.749,961.163,0.0,785.749,400416,766.636,375,766.757,770.687,3624953,2338,False,770.72,770.703,0.016,0.016154,0,1,22,42060,2626560,0.01599999999996271,15.04600000000005,0.1209999999999809,reload-2-inventory
2,376,230.307,558.192,788.499,572,788.499,913.848,0.0,788.499,400416,766.643,376,766.762,770.642,3625003,2338,False,770.677,770.661,0.016,0.016324,0,1,22,42060,2626560,0.01899999999989177,17.83800000000008,0.11899999999991451,reload-2-inventory
2,377,229.217,557.388,786.605,572,786.605,895.339,0.0,786.605,400416,766.647,377,766.767,770.568,3625003,2338,False,770.628,770.613,0.015,0.015053,0,1,22,42060,2626560,0.04500000000007276,15.991999999999962,0.12000000000000455,reload-2-inventory
2,378,227.415,557.09,784.505,572,784.505,925.507,0.0,784.505,400416,766.652,378,766.772,770.527,3625003,2338,False,770.558,770.543,0.014,0.014702,0,1,18,33668,2626560,0.01599999999996271,13.961999999999989,0.12000000000000455,reload-2-inventory
2,379,217.211,557.214,774.425,572,774.425,895.915,0.0,774.425,400416,766.656,379,766.777,770.45,3624953,2338,False,770.479,770.463,0.015,0.015373,0,1,18,33668,2626560,0.012999999999919964,3.961999999999989,0.12100000000009459,reload-2-inventory
2,380,215.767,558.028,773.795,572,773.795,934.14,0.0,773.795,400416,766.662,380,766.786,770.396,3625003,2338,False,770.438,770.422,0.015,0.014863,0,1,18,33668,2626560,0.026000000000067303,3.3729999999999336,0.12399999999990996,reload-2-inventory
2,381,215.525,557.372,772.897,572,772.897,930.325,0.0,772.897,400416,766.667,381,766.798,770.349,3625003,2338,False,770.387,770.372,0.014,0.014181,0,1,18,33668,2626560,0.02299999999991087,2.525000000000091,0.1309999999999718,reload-2-inventory
2,382,214.773,557.233,772.006,572,772.006,946.631,0.0,772.006,400416,766.673,382,766.803,770.311,3625003,2338,False,770.34,770.325,0.014,0.014692,0,1,18,33668,2626560,0.014000000000010004,1.6809999999999263,0.12999999999999545,reload-2-inventory
2,383,227.77,557.217,784.987,572,784.987,917.08,0.0,784.987,400416,766.678,383,766.809,771.134,3624953,2338,False,771.167,771.149,0.018,0.018477,0,1,27,50502,2626560,0.014999999999986358,13.837999999999965,0.1309999999999718,reload-2-inventory
2,384,224.962,557.966,782.928,572,782.928,887.861,0.0,782.928,400416,766.683,384,766.744,770.807,3625003,2338,False,770.848,770.833,0.015,0.015273,0,1,22,42060,2626560,0.025999999999953616,12.095000000000027,0.06100000000003547,reload-2-inventory
2,385,225.934,556.169,782.103,572,782.103,892.84,0.0,782.103,400416,766.687,385,766.83,770.754,3625003,2338,False,770.801,770.782,0.019,0.018738,0,1,22,42060,2626560,0.02800000000002001,11.320999999999913,0.1430000000000291,reload-2-inventory
2,386,228.476,557.574,786.05,572,786.05,903.573,0.0,786.05,400416,766.692,386,766.836,770.731,3624953,2338,False,770.761,770.745,0.015,0.015263,0,1,22,42060,2626560,0.014000000000010004,15.30499999999995,0.14400000000000546,reload-2-inventory
2,387,230.912,555.847,786.759,572,786.759,962.091,0.0,786.759,400416,766.697,387,766.841,770.694,3625003,2338,False,770.731,770.714,0.016,0.016625,0,1,22,42060,2626560,0.020000000000095497,16.04499999999996,0.14400000000000546,reload-2-inventory
2,388,222.984,558.049,781.033,572,781.033,916.288,0.0,781.033,400416,766.702,388,766.846,770.578,3625003,2338,False,770.614,770.597,0.016,0.016615,0,1,22,42060,2626560,0.019000000000005457,10.436000000000035,0.14400000000000546,reload-2-inventory
2,389,224.823,557.078,781.901,572,781.901,948.059,0.0,781.901,400416,766.708,389,766.851,770.488,3625003,2338,False,770.516,770.5,0.015,0.015063,0,1,18,33668,2626560,0.011999999999943611,11.400999999999954,0.1430000000000291,reload-2-inventory
2,390,219.269,555.935,775.204,572,775.204,911.81,0.0,775.204,400416,766.713,390,766.856,770.474,3624953,2338,False,770.504,770.489,0.015,0.014943,0,1,18,33668,2626560,0.014999999999986358,4.714999999999918,0.1430000000000291,reload-2-inventory
2,391,216.73,556.917,773.647,572,773.647,918.905,0.0,773.647,400416,766.717,391,766.864,770.403,3625003,2338,False,770.432,770.417,0.015,0.015043,0,1,18,33668,2626560,0.014000000000010004,3.230000000000018,0.1470000000000482,reload-2-inventory
2,392,216.582,555.573,772.155,572,772.155,962.669,0.0,772.155,400416,766.723,392,766.869,770.318,3625003,2338,False,770.354,770.336,0.018,0.018107,0,1,18,33668,2626560,0.018000000000029104,1.81899999999996,0.14600000000007185,reload-2-inventory
2,393,215.986,555.866,771.852,572,771.852,888.126,0.0,771.852,400416,766.727,393,766.874,770.31,3624953,2338,False,770.339,770.323,0.016,0.016275,0,1,18,33668,2626560,0.013000000000033651,1.5289999999999964,0.1470000000000482,reload-2-inventory
2,394,220.325,556.505,776.83,572,776.83,916.062,0.0,776.83,400416,766.732,394,766.879,771.385,3625003,2338,False,771.421,771.402,0.019,0.019278,0,1,32,58944,2626560,0.01700000000005275,5.427999999999997,0.1470000000000482,reload-2-inventory
2,395,216.207,558.05,774.257,572,774.257,893.629,0.0,774.257,400416,766.736,395,766.884,771.337,3625003,2338,False,771.372,771.356,0.015,0.015222,0,1,27,50502,2626560,0.019000000000005457,2.9009999999999536,0.14800000000002456,reload-2-inventory
2,396,215.692,555.651,771.343,572,771.343,956.234,0.0,771.343,400416,766.741,396,766.889,771.292,3625003,2338,False,771.327,771.307,0.019,0.019289,0,1,27,50502,2626560,0.014999999999986358,0.03599999999994452,0.14800000000002456,reload-2-inventory
2,397,230.86,557.981,788.841,572,788.841,943.472,0.0,788.841,400416,766.745,397,766.823,770.871,3624953,2338,False,770.904,770.887,0.016,0.016605,0,1,22,42060,2626560,0.01599999999996271,17.954000000000065,0.07799999999997453,reload-2-inventory
2,398,228.065,556.036,784.101,572,784.101,904.647,0.0,784.101,400416,766.749,398,766.902,771.193,3625003,2338,False,771.228,771.213,0.015,0.014792,0,1,27,50502,2626560,0.01999999999998181,12.888000000000034,0.15300000000002,reload-2-inventory
2,399,229.333,556.083,785.416,572,785.416,948.233,0.0,785.416,400416,766.753,399,766.907,771.15,3625003,2338,False,771.183,771.166,0.017,0.017557,0,1,27,50502,2626560,0.016000000000076398,14.25,0.15399999999999636,reload-2-inventory
2,400,226.488,556.612,783.1,572,783.1,925.382,0.0,783.1,400416,766.759,400,766.912,771.108,3625003,2338,False,771.14,771.124,0.015,0.015684,0,1,27,50502,2626560,0.016000000000076398,11.975999999999999,0.15300000000002,reload-2-inventory
2,401,229.673,558.078,787.751,572,787.751,949.174,0.0,787.751,400416,766.764,401,766.917,771.041,3624953,2338,False,771.077,771.057,0.02,0.01978,0,1,27,50502,2626560,0.01599999999996271,16.69399999999996,0.15300000000002,reload-2-inventory
2,402,232.602,556.481,789.083,572,789.083,946.073,0.0,789.083,400416,766.769,402,766.922,770.999,3625003,2338,False,771.031,771.014,0.016,0.016225,0,1,27,50502,2626560,0.014999999999986358,18.06899999999996,0.15300000000002,reload-2-inventory
2,403,230.784,556.92,787.704,572,787.704,930.422,0.0,787.704,400416,766.774,403,766.928,770.935,3625003,2338,False,770.989,770.961,0.028,0.027932,0,1,22,42060,2626560,0.026000000000067303,16.742999999999938,0.15399999999999636,reload-2-inventory
2,404,226.907,557.186,784.093,572,784.093,916.402,0.0,784.093,400416,766.78,404,766.934,770.892,3624953,2338,False,770.925,770.907,0.017,0.017265,0,1,22,42060,2626560,0.014999999999986358,13.185999999999922,0.15399999999999636,reload-2-inventory
2,405,227.328,555.962,783.29,572,783.29,909.914,0.0,783.29,400416,766.792,405,766.939,770.837,3625003,2338,False,770.866,770.852,0.014,0.014582,0,1,22,42060,2626560,0.014999999999986358,12.437999999999988,0.14699999999993452,reload-2-inventory
2,406,224.904,557.004,781.908,572,781.908,917.801,0.0,781.908,400416,766.797,406,766.944,770.798,3625003,2338,False,770.828,770.812,0.015,0.015303,0,1,22,42060,2626560,0.014000000000010004,11.096000000000004,0.14699999999993452,reload-2-inventory
2,407,223.025,558.068,781.093,572,781.093,880.207,0.0,781.093,400416,766.801,407,766.949,770.75,3625003,2338,False,770.788,770.769,0.018,0.018398,0,1,22,42060,2626560,0.019000000000005457,10.323999999999955,0.14799999999991087,reload-2-inventory
2,408,228.792,556.027,784.819,572,784.819,928.986,0.0,784.819,400416,766.807,408,766.953,770.71,3624953,2338,False,770.74,770.725,0.015,0.014942,0,1,22,42060,2626560,0.014999999999986358,14.093999999999937,0.14599999999995816,reload-2-inventory
2,409,223.254,557.634,780.888,572,780.888,895.405,0.0,780.888,400416,766.811,409,766.959,770.662,3625003,2338,False,770.699,770.683,0.016,0.015904,0,1,22,42060,2626560,0.020999999999958163,10.205000000000041,0.14799999999991087,reload-2-inventory
2,410,215.656,556.502,772.158,572,772.158,895.286,0.0,772.158,400416,766.815,410,766.897,771.248,3625003,2338,False,771.282,771.263,0.018,0.018388,0,1,27,50502,2626560,0.014999999999986358,0.8949999999999818,0.08199999999999363,reload-2-inventory
2,411,229.975,557.248,787.223,572,787.223,913.713,0.0,787.223,400416,766.819,411,766.99,770.576,3624953,2338,False,770.609,770.59,0.018,0.018468,0,1,22,42060,2626560,0.014000000000010004,16.632999999999925,0.1710000000000491,reload-2-inventory
2,412,229.111,557.706,786.817,572,786.817,899.901,0.0,786.817,400416,766.824,412,766.996,770.535,3625003,2338,False,770.566,770.55,0.016,0.016134,0,1,22,42060,2626560,0.014999999999986358,16.267000000000053,0.17200000000002547,reload-2-inventory
2,413,225.577,556.941,782.518,572,782.518,941.502,0.0,782.518,400416,766.828,413,767.001,770.491,3625003,2338,False,770.521,770.504,0.016,0.016255,0,1,18,33668,2626560,0.013000000000033651,12.01400000000001,0.17300000000000182,reload-2-inventory
2,414,213.526,556.996,770.522,572,770.522,942.877,0.0,770.522,400416,766.832,414,767.006,770.44,3625003,2338,False,770.472,770.457,0.015,0.014842,0,1,18,33668,2626560,0.016999999999939064,0.06500000000005457,0.17399999999997817,reload-2-inventory
2,415,216.444,556.906,773.35,572,773.35,877.321,0.0,773.35,400416,766.838,415,767.013,770.382,3624953,2338,False,770.423,770.406,0.016,0.016074,0,1,18,33668,2626560,0.02400000000000091,2.9440000000000737,0.1750000000000682,reload-2-inventory
2,416,216.685,555.768,772.453,572,772.453,902.333,0.0,772.453,400416,766.843,416,767.018,770.341,3625003,2338,False,770.372,770.356,0.016,0.015994,0,1,18,33668,2626560,0.014999999999986358,2.09699999999998,0.1750000000000682,reload-2-inventory
2,417,215.202,556.346,771.548,572,771.548,906.773,0.0,771.548,400416,766.848,417,767.023,770.294,3625003,2338,False,770.331,770.314,0.016,0.016194,0,1,18,33668,2626560,0.01999999999998181,1.2340000000000373,0.1750000000000682,reload-2-inventory
2,418,215.128,555.695,770.823,572,770.823,895.363,0.0,770.823,400416,766.852,418,767.028,770.275,3624953,2338,False,770.302,770.287,0.014,0.014512,0,1,18,33668,2626560,0.012000000000057298,0.5359999999999445,0.17600000000004457,reload-2-inventory
2,419,213.665,557.13,770.795,572,770.795,892.286,0.0,770.795,400416,766.858,419,767.033,770.139,3625003,2338,False,770.17,770.154,0.016,0.016605,0,1,18,33668,2626560,0.014999999999986358,0.6409999999999627,0.1750000000000682,reload-2-inventory
2,420,215.527,557.584,773.111,572,773.111,963.553,0.0,773.111,400416,766.869,420,767.038,770.094,3625003,2338,False,770.123,770.108,0.015,0.015182,0,1,13,25226,2626560,0.013999999999896318,3.0030000000000427,0.16899999999998272,reload-2-inventory
2,421,215.981,556.96,772.941,572,772.941,962.606,0.0,772.941,400416,766.874,421,767.043,770.093,3625003,2338,False,770.12,770.106,0.014,0.013721,0,1,13,25226,2626560,0.013000000000033651,2.8350000000000364,0.16899999999998272,reload-2-inventory
2,422,215.619,555.896,771.515,572,771.515,950.17,0.0,771.515,400416,766.878,422,767.05,769.955,3624953,2338,False,769.992,769.968,0.023,0.023585,0,1,13,25226,2626560,0.012999999999919964,1.5470000000000255,0.17199999999991178,reload-2-inventory
2,423,231.716,556.755,788.471,572,788.471,922.049,0.0,788.471,400416,766.883,423,766.967,770.619,3625003,2338,False,770.652,770.633,0.019,0.019168,0,1,22,42060,2626560,0.014000000000010004,17.837999999999965,0.08399999999994634,reload-2-inventory
2,424,215.302,555.542,770.844,572,770.844,936.849,0.0,770.844,400416,766.887,424,767.061,769.793,3625003,2338,False,769.821,769.806,0.015,0.015113,0,1,13,25226,2626560,0.013000000000033651,1.038000000000011,0.17400000000009186,reload-2-inventory
2,425,217.156,555.924,773.08,572,773.08,910.682,0.0,773.08,400416,766.892,425,767.067,771.326,3625003,2338,False,771.359,771.341,0.018,0.017807,0,1,27,50502,2626560,0.014999999999986358,1.7390000000000327,0.17499999999995453,reload-2-inventory
2,426,215.822,557.287,773.109,572,773.109,939.479,0.0,773.109,400416,766.899,426,767.071,771.272,3624953,2338,False,771.316,771.3,0.016,0.015864,0,1,27,50502,2626560,0.027999999999906322,1.8090000000000828,0.17200000000002547,reload-2-inventory
2,427,213.343,558.224,771.567,572,771.567,932.9,0.0,771.567,400416,766.904,427,767.076,771.226,3625003,2338,False,771.263,771.247,0.016,0.015774,0,1,27,50502,2626560,0.020999999999958163,0.32000000000005,0.17200000000002547,reload-2-inventory
2,428,230.044,556.968,787.012,572,787.012,934.518,0.0,787.012,400416,766.921,428,767.085,770.927,3625003,2338,False,770.962,770.944,0.018,0.018457,0,1,22,42060,2626560,0.016999999999939064,16.067999999999984,0.16399999999998727,reload-2-inventory
2,429,217.824,558.426,776.25,572,776.25,901.622,0.0,776.25,400416,766.926,429,767.09,771.907,3624953,2338,False,771.957,771.929,0.027,0.02711,0,1,36,67336,2626560,0.021999999999934516,4.321000000000026,0.16399999999998727,reload-2-inventory
2,430,217.611,556.091,773.702,572,773.702,907.871,0.0,773.702,400416,766.931,430,767.096,771.798,3625003,2338,False,771.886,771.857,0.029,0.028933,0,1,36,67336,2626560,0.05899999999996908,1.8450000000000273,0.16499999999996362,reload-2-inventory
2,431,216.754,555.736,772.49,572,772.49,885.745,0.0,772.49,400416,766.936,431,767.101,771.676,3625003,2338,False,771.711,771.693,0.017,0.017526,0,1,32,58944,2626560,0.016999999999939064,0.7970000000000255,0.16499999999996362,reload-2-inventory
2,432,217.174,558.525,775.699,572,775.699,946.776,0.0,775.699,400416,766.942,432,767.106,771.612,3625003,2338,False,771.659,771.642,0.017,0.016625,0,1,32,58944,2626560,0.030000000000086402,4.056999999999903,0.16399999999998727,reload-2-inventory
2,433,215.957,557.061,773.018,572,773.018,934.879,0.0,773.018,400416,766.946,433,767.111,771.566,3624953,2338,False,771.603,771.584,0.019,0.019058,0,1,32,58944,2626560,0.017999999999915417,1.4340000000000828,0.16499999999996362,reload-2-inventory
2,434,217.277,558.215,775.492,572,775.492,905.961,0.0,775.492,400416,766.951,434,767.116,771.518,3625003,2338,False,771.556,771.537,0.018,0.018587,0,1,32,58944,2626560,0.019000000000005457,3.9549999999999272,0.16499999999996362,reload-2-inventory
2,435,217.281,557.253,774.534,572,774.534,934.659,0.0,774.534,400416,766.955,435,767.121,771.462,3625003,2338,False,771.504,771.486,0.018,0.018328,0,1,32,58944,2626560,0.02400000000000091,3.048000000000002,0.16599999999993997,reload-2-inventory
2,436,221.829,557.397,779.226,572,779.226,927.431,0.0,779.226,400416,766.96,436,767.126,771.416,3624953,2338,False,771.451,771.433,0.018,0.018348,0,1,32,58944,2626560,0.016999999999939064,7.793000000000006,0.16599999999993997,reload-2-inventory
2,437,215.243,556.085,771.328,572,771.328,951.3,0.0,771.328,400416,766.964,437,767.056,769.938,3625003,2338,False,769.966,769.95,0.016,0.015804,0,1,13,25226,2626560,0.012000000000057298,1.377999999999929,0.09199999999998454,reload-2-inventory
2,438,216.465,555.909,772.374,572,772.374,941.716,0.0,772.374,400416,766.968,438,767.161,771.256,3625003,2338,False,771.287,771.271,0.016,0.016265,0,1,27,50502,2626560,0.014999999999986358,1.1030000000000655,0.19299999999998363,reload-2-inventory
2,439,226.37,556.913,783.283,572,783.283,890.312,0.0,783.283,400416,766.981,439,767.166,771.192,3625003,2338,False,771.225,771.209,0.016,0.016034,0,1,27,50502,2626560,0.016999999999939064,12.07400000000007,0.18500000000005912,reload-2-inventory
2,440,222.959,557.902,780.861,572,780.861,936.192,0.0,780.861,400416,766.986,440,767.171,771.186,3624953,2338,False,771.218,771.201,0.016,0.015984,0,1,27,50502,2626560,0.014999999999986358,9.659999999999968,0.18500000000005912,reload-2-inventory
2,441,229.906,557.148,787.054,572,787.054,907.29,0.0,787.054,400416,766.991,441,767.176,771.065,3625003,2338,False,771.1,771.083,0.017,0.016755,0,1,27,50502,2626560,0.017999999999915417,15.971000000000004,0.18500000000005912,reload-2-inventory
2,442,231.408,557.114,788.522,572,788.522,921.116,0.0,788.522,400416,766.995,442,767.182,770.996,3625003,2338,False,771.032,771.013,0.019,0.018728,0,1,27,50502,2626560,0.01700000000005275,17.509000000000015,0.18700000000001182,reload-2-inventory
2,443,230.719,557.086,787.805,572,787.805,891.834,0.0,787.805,400416,767.0,443,767.187,770.942,3624953,2338,False,770.98,770.956,0.023,0.023315,0,1,27,50502,2626560,0.014000000000010004,16.848999999999933,0.18700000000001182,reload-2-inventory
2,444,218.982,557.051,776.033,572,776.033,883.639,0.0,776.033,400416,767.005,444,767.195,771.968,3625003,2338,False,772.028,772.002,0.025,0.025057,0,1,36,67336,2626560,0.033999999999991815,4.031000000000063,0.19000000000005457,reload-2-inventory
2,445,218.863,557.879,776.742,572,776.742,902.315,0.0,776.742,400416,767.01,445,767.2,771.56,3625003,2338,False,771.66,771.639,0.021,0.020631,0,1,32,58944,2626560,0.07900000000006457,5.102999999999952,0.19000000000005457,reload-2-inventory
2,446,224.426,556.212,780.638,572,780.638,909.06,0.0,780.638,400416,767.015,446,767.205,771.436,3625003,2338,False,771.473,771.456,0.017,0.016735,0,1,32,58944,2626560,0.01999999999998181,9.182000000000016,0.19000000000005457,reload-2-inventory
2,447,220.114,556.569,776.683,572,776.683,895.629,0.0,776.683,400416,767.02,447,767.21,772.216,3624953,2338,False,772.284,772.253,0.031,0.030846,0,1,41,75778,2626560,0.03700000000003456,4.42999999999995,0.19000000000005457,reload-2-inventory
2,448,216.989,557.18,774.169,572,774.169,912.466,0.0,774.169,400416,767.032,448,767.215,772.158,3625003,2338,False,772.203,772.174,0.028,0.028462,0,1,36,67336,2626560,0.01599999999996271,1.9950000000000045,0.18299999999999272,reload-2-inventory
2,449,222.915,556.643,779.558,572,779.558,963.637,0.0,779.558,400416,767.037,449,767.22,772.011,3625003,2338,False,772.057,772.028,0.029,0.028804,0,1,36,67336,2626560,0.01700000000005275,7.529999999999973,0.18299999999999272,reload-2-inventory
2,450,220.182,558.038,778.22,572,778.22,932.27,0.0,778.22,400416,767.042,450,767.227,771.942,3625003,2338,False,771.992,771.959,0.033,0.03275,0,1,36,67336,2626560,0.016999999999939064,6.261000000000081,0.18499999999994543,reload-2-inventory
2,451,221.889,555.603,777.492,572,777.492,915.147,0.0,777.492,400416,767.046,451,767.232,771.889,3624953,2338,False,771.933,771.907,0.026,0.02637,0,1,36,67336,2626560,0.018000000000029104,5.584999999999923,0.18599999999992178,reload-2-inventory
2,452,220.993,557.594,778.587,572,778.587,899.644,0.0,778.587,400416,767.053,452,767.238,771.831,3625003,2338,False,771.876,771.848,0.028,0.028343,0,1,36,67336,2626560,0.016999999999939064,6.739000000000033,0.18500000000005912,reload-2-inventory
2,453,216.779,556.238,773.017,572,773.017,932.202,0.0,773.017,400416,767.057,453,767.243,771.776,3625003,2338,False,771.82,771.792,0.028,0.027762,0,1,36,67336,2626560,0.016000000000076398,1.2250000000000227,0.18600000000003547,reload-2-inventory
2,454,220.054,555.816,775.87,572,775.87,922.078,0.0,775.87,400416,767.062,454,767.153,771.368,3624953,2338,False,771.406,771.388,0.017,0.017566,0,1,32,58944,2626560,0.01999999999998181,4.481999999999971,0.09100000000000819,reload-2-inventory
2,455,214.839,558.111,772.95,572,772.95,898.762,0.0,772.95,400416,767.066,455,767.262,771.687,3625003,2338,False,771.722,771.704,0.017,0.017466,0,1,32,58944,2626560,0.016999999999939064,1.2460000000000946,0.1959999999999127,reload-2-inventory
2,456,220.426,557.027,777.453,572,777.453,917.275,0.0,777.453,400416,767.071,456,767.267,771.626,3625003,2338,False,771.661,771.642,0.019,0.018768,0,1,32,58944,2626560,0.016000000000076398,5.810999999999922,0.19600000000002638,reload-2-inventory
2,457,216.161,557.222,773.383,572,773.383,929.564,0.0,773.383,400416,767.075,457,767.273,771.574,3625003,2338,False,771.61,771.59,0.02,0.01983,0,1,32,58944,2626560,0.016000000000076398,1.7930000000000064,0.19799999999997908,reload-2-inventory
2,458,218.621,557.267,775.888,572,775.888,922.046,0.0,775.888,400416,767.08,458,767.278,771.526,3624953,2338,False,771.562,771.542,0.02,0.01956,0,1,32,58944,2626560,0.016000000000076398,4.346000000000004,0.19799999999997908,reload-2-inventory
2,459,216.782,558.134,774.916,572,774.916,889.225,0.0,774.916,400416,767.085,459,767.282,771.48,3625003,2338,False,771.515,771.496,0.018,0.018488,0,1,32,58944,2626560,0.01599999999996271,3.4200000000000728,0.19700000000000273,reload-2-inventory
2,460,223.565,556.265,779.83,572,779.83,887.217,0.0,779.83,400416,767.089,460,767.287,771.436,3625003,2338,False,771.47,771.453,0.017,0.017065,0,1,32,58944,2626560,0.016999999999939064,8.377000000000066,0.19799999999997908,reload-2-inventory
2,461,220.679,558.416,779.095,572,779.095,961.538,0.0,779.095,400416,767.094,461,767.297,771.413,3624953,2338,False,771.446,771.429,0.017,0.017366,0,1,32,58944,2626560,0.01599999999996271,7.666000000000054,0.20299999999997453,reload-2-inventory
2,462,221.561,557.182,778.743,572,778.743,925.125,0.0,778.743,400416,767.098,462,767.308,771.381,3625003,2338,False,771.457,771.441,0.016,0.016555,0,1,32,58944,2626560,0.06000000000005912,7.302000000000021,0.21000000000003638,reload-2-inventory
2,463,318.58,555.713,874.293,572,874.293,879.212,0.0,874.293,400416,767.103,463,767.313,772.469,3625003,2338,False,772.51,772.486,0.024,0.024046,0,1,41,75778,2626560,0.016999999999939064,101.80700000000002,0.21000000000003638,reload-2-inventory
2,464,275.642,556.765,832.407,572,832.407,894.835,0.0,832.407,400416,767.108,464,767.318,772.359,3625003,2338,False,772.403,772.376,0.026,0.02656,0,1,41,75778,2626560,0.016999999999939064,60.03100000000006,0.21000000000003638,reload-2-inventory
2,465,245.749,558.043,803.792,572,803.792,922.341,0.0,803.792,400416,767.116,465,767.323,772.305,3624953,2338,False,772.349,772.325,0.025,0.024637,0,1,41,75778,2626560,0.020000000000095497,31.466999999999985,0.20699999999999363,reload-2-inventory
2,466,220.595,556.433,777.028,572,777.028,916.515,0.0,777.028,400416,767.121,466,767.328,772.226,3625003,2338,False,772.294,772.265,0.029,0.029444,0,1,41,75778,2626560,0.03899999999998727,4.763000000000034,0.20699999999999363,reload-2-inventory
2,467,219.255,555.9,775.155,572,775.155,888.919,0.0,775.155,400416,767.125,467,767.334,772.174,3625003,2338,False,772.215,772.19,0.025,0.024667,0,1,36,67336,2626560,0.016000000000076398,2.964999999999918,0.20899999999994634,reload-2-inventory
2,468,221.935,558.1,780.035,572,780.035,931.935,0.0,780.035,400416,767.13,468,767.339,772.045,3625003,2338,False,772.088,772.062,0.025,0.025608,0,1,36,67336,2626560,0.01700000000005275,7.972999999999956,0.20900000000006003,reload-2-inventory
2,469,220.339,558.179,778.518,572,778.518,893.04,0.0,778.518,400416,767.135,469,767.344,771.991,3624953,2338,False,772.033,772.007,0.025,0.025248,0,1,36,67336,2626560,0.01599999999996271,6.511000000000081,0.20900000000006003,reload-2-inventory
2,470,218.852,557.82,776.672,572,776.672,941.904,0.0,776.672,400416,767.139,470,767.349,771.92,3625003,2338,False,771.966,771.939,0.027,0.027321,0,1,36,67336,2626560,0.019000000000005457,4.733000000000061,0.21000000000003638,reload-2-inventory
2,471,218.097,555.596,773.693,572,773.693,912.857,0.0,773.693,400416,767.145,471,767.354,771.793,3625003,2338,False,771.837,771.812,0.025,0.025187,0,1,36,67336,2626560,0.019000000000005457,1.8809999999999718,0.20900000000006003,reload-2-inventory
2,472,214.952,557.045,771.997,572,771.997,934.546,0.0,771.997,400416,767.15,472,767.359,771.748,3624953,2338,False,771.782,771.763,0.019,0.019279,0,1,32,58944,2626560,0.014999999999986358,0.2339999999999236,0.20900000000006003,reload-2-inventory
2,473,215.441,557.858,773.299,572,773.299,918.03,0.0,773.299,400416,767.154,473,767.366,771.709,3625003,2338,False,771.74,771.723,0.016,0.016104,0,1,32,58944,2626560,0.014000000000010004,1.5760000000000218,0.21199999999998909,reload-2-inventory
2,474,218.368,556.179,774.547,572,774.547,903.225,0.0,774.547,400416,767.159,474,767.255,771.732,3625003,2338,False,771.764,771.748,0.015,0.015463,0,1,32,58944,2626560,0.016000000000076398,2.798999999999978,0.09600000000000364,reload-2-inventory
2,475,217.294,557.081,774.375,572,774.375,894.482,0.0,774.375,400416,767.163,475,767.382,771.585,3625003,2338,False,771.618,771.6,0.018,0.018107,0,1,32,58944,2626560,0.014999999999986358,2.7749999999999773,0.21899999999993724,reload-2-inventory
2,476,215.634,556.449,772.083,572,772.083,964.024,0.0,772.083,400416,767.168,476,767.387,771.54,3624953,2338,False,771.574,771.555,0.019,0.018738,0,1,32,58944,2626560,0.014999999999986358,0.52800000000002,0.21899999999993724,reload-2-inventory
2,477,217.643,556.395,774.038,572,774.038,934.033,0.0,774.038,400416,767.173,477,767.392,771.498,3625003,2338,False,771.531,771.513,0.018,0.017736,0,1,32,58944,2626560,0.014999999999986358,2.5249999999999773,0.21900000000005093,reload-2-inventory
2,478,215.928,558.099,774.027,572,774.027,965.171,0.0,774.027,400416,767.178,478,767.397,771.455,3625003,2338,False,771.488,771.47,0.018,0.017957,0,1,32,58944,2626560,0.014999999999986358,2.5570000000000164,0.21900000000005093,reload-2-inventory
2,479,218.169,557.333,775.502,572,775.502,963.582,0.0,775.502,400416,767.182,479,767.404,771.37,3624953,2338,False,771.405,771.386,0.018,0.018267,0,1,32,58944,2626560,0.01599999999996271,4.1159999999999854,0.22199999999998,reload-2-inventory
2,480,318.225,557.315,875.54,572,875.54,940.513,0.0,875.54,400416,767.186,480,767.409,772.666,3625003,2338,False,772.725,772.694,0.031,0.030796,0,1,45,84170,2626560,0.027999999999906322,102.846,0.22299999999995634,reload-2-inventory
2,481,298.044,558.078,856.122,572,856.122,960.696,0.0,856.122,400416,767.191,481,767.414,772.605,3625003,2338,False,772.655,772.628,0.027,0.02688,0,1,41,75778,2626560,0.023000000000024556,83.49399999999991,0.22299999999995634,reload-2-inventory
2,482,331.502,557.615,889.117,572,889.117,894.102,0.0,889.117,400416,767.196,482,767.419,772.48,3625003,2338,False,772.53,772.504,0.026,0.025688,0,1,41,75778,2626560,0.02400000000000091,116.61299999999994,0.22299999999995634,reload-2-inventory
2,483,300.556,558.061,858.617,572,858.617,908.125,0.0,858.617,400416,767.201,483,767.425,772.417,3624953,2338,False,772.468,772.44,0.027,0.02707,0,1,41,75778,2626560,0.023000000000024556,86.17699999999991,0.2239999999999327,reload-2-inventory
2,484,274.168,555.75,829.918,572,829.918,945.769,0.0,829.918,400416,767.205,484,767.43,772.336,3625003,2338,False,772.405,772.367,0.038,0.038077,0,1,41,75778,2626560,0.03099999999994907,57.551000000000045,0.22499999999990905,reload-2-inventory
2,485,222.818,556.127,778.945,572,778.945,933.373,0.0,778.945,400416,767.209,485,767.435,772.225,3625003,2338,False,772.324,772.293,0.031,0.031057,0,1,41,75778,2626560,0.06799999999998363,6.652000000000044,0.2259999999999991,reload-2-inventory
2,486,217.783,557.065,774.848,572,774.848,897.705,0.0,774.848,400416,767.214,486,767.439,772.169,3624953,2338,False,772.213,772.188,0.025,0.024877,0,1,36,67336,2626560,0.019000000000005457,2.659999999999968,0.22499999999990905,reload-2-inventory
2,487,223.701,556.369,780.07,572,780.07,892.165,0.0,780.07,400416,767.219,487,767.444,772.11,3625003,2338,False,772.158,772.13,0.027,0.027351,0,1,36,67336,2626560,0.01999999999998181,7.940000000000055,0.22499999999990905,reload-2-inventory
2,488,221.815,558.045,779.86,572,779.86,895.611,0.0,779.86,400416,767.223,488,767.449,772.04,3625003,2338,False,772.086,772.059,0.027,0.02664,0,1,36,67336,2626560,0.019000000000005457,7.801000000000045,0.2259999999999991,reload-2-inventory
2,489,216.43,557.285,773.715,572,773.715,916.499,0.0,773.715,400416,767.228,489,767.455,771.581,3625003,2338,False,771.613,771.596,0.017,0.017085,0,1,32,58944,2626560,0.014999999999986358,2.119000000000028,0.22700000000008913,reload-2-inventory
2,490,218.783,558.393,777.176,572,777.176,954.3,0.0,777.176,400416,767.233,490,767.46,771.844,3624953,2338,False,771.893,771.868,0.026,0.025688,0,1,36,67336,2626560,0.02400000000000091,5.307999999999993,0.22700000000008913,reload-2-inventory
2,491,288.809,558.153,846.962,572,846.962,876.78,0.0,846.962,400416,767.237,491,767.471,772.388,3625003,2338,False,772.432,772.407,0.025,0.024918,0,1,41,75778,2626560,0.019000000000005457,74.55499999999995,0.2340000000000373,reload-2-inventory
2,492,311.86,558.17,870.03,572,870.03,874.966,0.0,870.03,400416,767.241,492,767.475,772.634,3625003,2338,False,772.684,772.66,0.024,0.024347,0,1,45,84170,2626560,0.025999999999953616,97.37,0.2340000000000373,reload-2-inventory
2,493,265.459,555.791,821.25,572,821.25,914.039,0.0,821.25,400416,767.246,493,767.481,772.32,3625003,2338,False,772.378,772.343,0.034,0.034512,0,1,41,75778,2626560,0.02299999999991087,48.90700000000004,0.23500000000001364,reload-2-inventory
2,494,300.075,556.585,856.66,572,856.66,945.961,0.0,856.66,400416,767.251,494,767.486,772.765,3624953,2338,False,772.818,772.785,0.032,0.032198,0,1,45,84170,2626560,0.01999999999998181,83.875,0.23500000000001364,reload-2-inventory
2,495,219.301,556.621,775.922,572,775.922,881.308,0.0,775.922,400416,767.255,495,767.377,771.668,3625003,2338,False,771.7,771.683,0.017,0.016885,0,1,32,58944,2626560,0.014999999999986358,4.239000000000033,0.12199999999995725,reload-2-inventory
2,496,361.691,557.641,919.332,572,919.332,924.279,0.0,919.332,400416,767.26,496,767.518,772.51,3625003,2338,False,772.563,772.531,0.031,0.031056,0,1,41,75778,2626560,0.020999999999958163,146.80100000000004,0.2580000000000382,reload-2-inventory
2,497,216.882,557.232,774.114,572,774.114,888.537,0.0,774.114,400416,767.264,497,767.523,771.72,3624953,2338,False,771.756,771.737,0.019,0.018848,0,1,32,58944,2626560,0.016999999999939064,2.3770000000000664,0.25900000000001455,reload-2-inventory
2,498,222.83,557.238,780.068,572,780.068,905.46,0.0,780.068,400416,767.268,498,767.528,772.115,3625003,2338,False,772.156,772.131,0.025,0.025067,0,1,36,67336,2626560,0.01599999999996271,7.937000000000012,0.2599999999999909,reload-2-inventory
2,499,222.241,558.518,780.759,572,780.759,898.062,0.0,780.759,400416,767.273,499,767.533,772.063,3625003,2338,False,772.104,772.079,0.025,0.024767,0,1,36,67336,2626560,0.01599999999996271,8.680000000000064,0.2599999999999909,reload-2-inventory
2,500,221.779,556.616,778.395,572,778.395,927.957,0.0,778.395,400416,767.277,500,767.538,772.217,3625003,2338,False,772.31,772.284,0.026,0.026229,0,1,41,75778,2626560,0.06700000000000728,6.11099999999999,0.26099999999996726,reload-2-inventory
2,501,223.847,555.919,779.766,572,779.766,886.565,0.0,779.766,400416,767.281,501,767.556,771.999,3624953,2338,False,772.052,772.016,0.036,0.035893,0,1,36,67336,2626560,0.016999999999939064,7.75,0.27500000000009095,reload-2-inventory
2,502,222.551,555.903,778.454,572,778.454,917.573,0.0,778.454,400416,767.286,502,767.561,771.874,3625003,2338,False,771.917,771.89,0.026,0.025999,0,1,36,67336,2626560,0.01599999999996271,6.5639999999999645,0.27500000000009095,reload-2-inventory
2,503,216.811,558.225,775.036,572,775.036,961.379,0.0,775.036,400416,767.29,503,767.566,771.803,3625003,2338,False,771.864,771.835,0.028,0.028322,0,1,36,67336,2626560,0.03200000000003911,3.200999999999908,0.2760000000000673,reload-2-inventory
2,504,282.684,557.187,839.871,572,839.871,890.712,0.0,839.871,400416,767.305,504,767.592,772.333,3624953,2338,False,772.43,772.399,0.031,0.030866,0,1,41,75778,2626560,0.06600000000003092,67.47199999999998,0.28700000000003456,reload-2-inventory
2,505,217.937,555.892,773.829,572,773.829,903.407,0.0,773.829,400416,767.31,505,767.591,771.847,3625003,2338,False,771.886,771.862,0.023,0.023485,0,1,36,67336,2626560,0.014999999999986358,1.9669999999999845,0.28100000000006276,reload-2-inventory
2,506,342.686,556.12,898.806,572,898.806,903.92,0.0,898.806,400416,767.315,506,767.599,772.736,3625003,2338,False,772.787,772.759,0.028,0.027852,0,1,45,84170,2626560,0.023000000000024556,126.04700000000003,0.2839999999999918,reload-2-inventory
2,507,310.493,557.223,867.716,572,867.716,875.414,0.0,867.716,400416,767.319,507,767.577,772.661,3625003,2338,False,772.714,772.688,0.025,0.025107,0,1,45,84170,2626560,0.027000000000043656,95.02800000000002,0.2580000000000382,reload-2-inventory
2,508,311.52,557.846,869.366,572,869.366,874.26,0.0,869.366,400416,767.324,508,767.575,772.449,3624953,2338,False,772.495,772.469,0.026,0.02636,0,1,41,75778,2626560,0.020000000000095497,96.89699999999993,0.25100000000009004,reload-2-inventory
2,509,301.118,555.906,857.024,572,857.024,912.587,0.0,857.024,400416,767.328,509,767.58,772.412,3625003,2338,False,772.459,772.429,0.03,0.029735,0,1,41,75778,2626560,0.016999999999939064,84.59500000000003,0.2520000000000664,reload-2-inventory
2,510,219.851,556.242,776.093,572,776.093,880.463,0.0,776.093,400416,767.334,510,767.589,771.627,3625003,2338,False,771.66,771.643,0.016,0.016294,0,1,32,58944,2626560,0.016000000000076398,4.449999999999932,0.25500000000010914,reload-2-inventory
2,511,222.16,557.158,779.318,572,779.318,915.339,0.0,779.318,400416,767.339,511,767.569,771.991,3625003,2338,False,772.037,772.012,0.025,0.024737,0,1,36,67336,2626560,0.020999999999958163,7.30600000000004,0.2299999999999045,reload-2-inventory
2,512,215.238,557.514,772.752,572,772.752,932.411,0.0,772.752,400416,767.343,512,767.572,771.763,3625003,2338,False,771.801,771.786,0.015,0.015082,0,1,32,58944,2626560,0.02299999999991087,0.9660000000000082,0.22900000000004184,reload-2-inventory
2,513,307.874,557.308,865.182,572,865.182,872.25,0.0,865.182,400416,767.347,513,767.578,772.765,3625003,2338,False,772.818,772.79,0.028,0.028132,0,1,45,84170,2626560,0.024999999999977263,92.39200000000005,0.23099999999999454,reload-2-inventory
2,514,371.539,555.957,927.496,572,927.496,957.094,0.0,927.496,400416,767.351,514,767.589,772.934,3625003,2338,False,772.995,772.956,0.038,0.038347,0,1,45,84170,2626560,0.022000000000048203,154.53999999999996,0.2380000000000564,reload-2-inventory
2,515,330.357,557.069,887.426,572,887.426,894.588,0.0,887.426,400416,767.356,515,767.596,772.89,3624953,2338,False,772.939,772.911,0.028,0.027922,0,1,45,84170,2626560,0.020999999999958163,114.5150000000001,0.2400000000000091,reload-2-inventory
2,516,311.304,556.875,868.179,572,868.179,875.517,0.0,868.179,400416,767.361,516,767.602,772.868,3625003,2338,False,772.926,772.893,0.033,0.032679,0,1,45,84170,2626560,0.024999999999977263,95.28599999999994,0.24099999999998545,reload-2-inventory
2,517,305.01,557.316,862.326,572,862.326,904.293,0.0,862.326,400416,767.373,517,767.654,772.863,3625003,2338,False,772.91,772.886,0.024,0.024386,0,1,45,84170,2626560,0.02299999999991087,89.44000000000005,0.28099999999994907,reload-2-inventory
2,518,298.436,556.498,854.934,572,854.934,950.965,0.0,854.934,400416,767.378,518,767.662,772.848,3625003,2338,False,772.893,772.867,0.026,0.026009,0,1,45,84170,2626560,0.019000000000005457,82.06700000000001,0.2839999999999918,reload-2-inventory
2,519,294.551,558.088,852.639,572,852.639,937.333,0.0,852.639,400416,767.383,519,767.706,772.839,3624953,2338,False,772.886,772.86,0.026,0.025659,0,1,45,84170,2626560,0.020999999999958163,79.779,0.3229999999999791,reload-2-inventory
2,520,375.932,556.354,932.286,572,932.286,937.751,0.0,932.286,400416,767.388,520,767.513,772.577,3625003,2338,False,772.623,772.596,0.027,0.027181,0,1,41,75778,2626560,0.019000000000005457,159.68999999999994,0.125,reload-2-inventory
2,521,237.855,558.05,795.905,572,795.905,877.049,0.0,795.905,400416,767.392,521,767.574,773.431,3625003,2338,False,773.483,773.453,0.03,0.030055,0,1,50,92612,2626560,0.021999999999934516,22.451999999999998,0.18199999999990268,reload-2-inventory
2,522,236.558,558.025,794.583,572,794.583,895.509,0.0,794.583,400416,767.396,522,767.582,773.414,3624953,2338,False,773.466,773.439,0.027,0.02673,0,1,50,92612,2626560,0.024999999999977263,21.144000000000005,0.18600000000003547,reload-2-inventory
2,523,233.01,558.45,791.46,572,791.46,944.28,0.0,791.46,400416,767.401,523,767.589,773.368,3625003,2338,False,773.416,773.39,0.026,0.026129,0,1,50,92612,2626560,0.021999999999934516,18.07000000000005,0.18800000000010186,reload-2-inventory
2,524,251.065,557.805,808.87,572,808.87,928.621,0.0,808.87,400416,767.406,524,767.605,773.347,3625003,2338,False,773.398,773.367,0.03,0.030176,0,1,50,92612,2626560,0.01999999999998181,35.50300000000004,0.19900000000006912,reload-2-inventory
2,525,245.171,557.161,802.332,572,802.332,911.416,0.0,802.332,400416,767.41,525,767.612,773.312,3625003,2338,False,773.371,773.335,0.036,0.035704,0,1,50,92612,2626560,0.023000000000024556,28.996999999999957,0.20199999999999818,reload-2-inventory
2,526,246.868,557.748,804.616,572,804.616,871.475,0.0,804.616,400416,767.414,526,767.619,773.302,3624953,2338,False,773.37,773.342,0.028,0.028372,0,1,50,92612,2626560,0.03999999999996362,31.274,0.20500000000004093,reload-2-inventory
2,527,218.561,557.234,775.795,572,775.795,913.773,0.0,775.795,400416,767.418,527,767.683,772.189,3625003,2338,False,772.237,772.211,0.025,0.024867,0,1,36,67336,2626560,0.022000000000048203,3.5839999999999463,0.26499999999998636,reload-2-inventory
2,528,217.228,557.242,774.47,572,774.47,896.761,0.0,774.47,400416,767.423,528,767.689,772.165,3625003,2338,False,772.207,772.183,0.024,0.024256,0,1,36,67336,2626560,0.018000000000029104,2.2870000000000346,0.2659999999999627,reload-2-inventory
2,529,327.982,556.204,884.186,572,884.186,889.085,0.0,884.186,400416,767.428,529,767.694,772.47,3624953,2338,False,772.527,772.5,0.027,0.02688,0,1,41,75778,2626560,0.029999999999972715,111.68600000000004,0.2659999999999627,reload-2-inventory
2,530,224.147,555.766,779.913,572,779.913,928.286,0.0,779.913,400416,767.434,530,767.694,772.095,3625003,2338,False,772.145,772.112,0.032,0.032469,0,1,36,67336,2626560,0.016999999999939064,7.801000000000045,0.2599999999999909,reload-2-inventory
2,531,220.427,557.405,777.832,572,777.832,914.44,0.0,777.832,400416,767.438,531,767.642,771.927,3625003,2338,False,771.976,771.943,0.026,0.026609,0,1,36,67336,2626560,0.01599999999996271,5.88900000000001,0.20400000000006457,reload-2-inventory
2,532,236.064,555.662,791.726,572,791.726,926.96,0.0,791.726,400416,767.442,532,767.649,773.245,3625003,2338,False,773.296,773.268,0.028,0.028473,0,1,50,92612,2626560,0.023000000000024556,18.45799999999997,0.20699999999999363,reload-2-inventory
2,533,233.798,556.579,790.377,572,790.377,925.705,0.0,790.377,400416,767.447,533,767.654,773.237,3624953,2338,False,773.289,773.26,0.029,0.028773,0,1,50,92612,2626560,0.023000000000024556,17.116999999999962,0.20699999999999363,reload-2-inventory
2,534,232.713,557.144,789.857,572,789.857,903.321,0.0,789.857,400416,767.451,534,767.66,773.2,3625003,2338,False,773.26,773.231,0.028,0.028132,0,1,50,92612,2626560,0.03099999999994907,16.625999999999976,0.20899999999994634,reload-2-inventory
2,535,313.369,558.124,871.493,572,871.493,899.992,0.0,871.493,400416,767.456,535,767.702,773.189,3625003,2338,False,773.24,773.211,0.029,0.029214,0,1,50,92612,2626560,0.022000000000048203,98.28200000000004,0.2459999999999809,reload-2-inventory
2,536,286.946,556.397,843.343,572,843.343,940.345,0.0,843.343,400416,767.461,536,767.566,773.119,3625003,2338,False,773.174,773.149,0.025,0.024677,0,1,50,92612,2626560,0.029999999999972715,70.19399999999996,0.10500000000001819,reload-2-inventory
2,537,215.96,556.234,772.194,572,772.194,894.865,0.0,772.194,400416,767.468,537,767.606,772.118,3624953,2338,False,772.164,772.134,0.029,0.029605,0,1,36,67336,2626560,0.01599999999996271,0.05999999999994543,0.13800000000003365,reload-2-inventory
2,538,314.432,557.072,871.504,572,871.504,948.803,0.0,871.504,400416,767.473,538,767.622,772.729,3625003,2338,False,772.83,772.8,0.03,0.030175,0,1,45,84170,2626560,0.07099999999991269,98.70400000000006,0.1490000000000009,reload-2-inventory
2,539,309.359,556.635,865.994,572,865.994,925.705,0.0,865.994,400416,767.478,539,767.634,772.446,3625003,2338,False,772.492,772.464,0.027,0.02705,0,1,41,75778,2626560,0.018000000000029104,93.52999999999997,0.15600000000006276,reload-2-inventory
2,540,295.934,555.617,851.551,572,851.551,942.653,0.0,851.551,400416,767.482,540,767.613,772.736,3624953,2338,False,772.787,772.759,0.027,0.027511,0,1,45,84170,2626560,0.023000000000024556,78.79200000000003,0.1310000000000855,reload-2-inventory
2,541,221.919,558.115,780.034,572,780.034,902.116,0.0,780.034,400416,767.486,541,767.613,772.041,3625003,2338,False,772.086,772.059,0.026,0.026179,0,1,36,67336,2626560,0.017999999999915417,7.975000000000023,0.1270000000000664,reload-2-inventory
2,542,220.418,558.149,778.567,572,778.567,962.187,0.0,778.567,400416,767.49,542,767.62,771.887,3625003,2338,False,771.941,771.91,0.03,0.029925,0,1,36,67336,2626560,0.023000000000024556,6.657000000000039,0.12999999999999545,reload-2-inventory
2,543,216.58,557.098,773.678,572,773.678,929.803,0.0,773.678,400416,767.495,543,767.627,771.715,3625003,2338,False,771.756,771.736,0.019,0.019359,0,1,32,58944,2626560,0.020999999999958163,1.9420000000000073,0.13199999999994816,reload-2-inventory
2,544,221.935,557.101,779.036,572,779.036,939.472,0.0,779.036,400416,767.499,544,767.6,772.227,3624953,2338,False,772.332,772.304,0.028,0.028423,0,1,41,75778,2626560,0.07699999999999818,6.731999999999971,0.10099999999999909,reload-2-inventory
2,545,383.267,558.167,941.434,572,941.434,946.447,0.0,941.434,400416,767.505,545,767.644,773.059,3625003,2338,False,773.113,773.082,0.031,0.031327,0,1,50,92612,2626560,0.023000000000024556,168.35199999999998,0.13900000000001,reload-2-inventory
2,546,344.504,557.212,901.716,572,901.716,908.91,0.0,901.716,400416,767.509,546,767.65,773.014,3625003,2338,False,773.064,773.039,0.025,0.025187,0,1,45,84170,2626560,0.024999999999977263,128.67700000000002,0.1409999999999627,reload-2-inventory
2,547,372.297,558.144,930.441,572,930.441,935.36,0.0,930.441,400416,767.513,547,767.658,772.989,3624953,2338,False,773.055,773.026,0.029,0.029163,0,1,45,84170,2626560,0.036999999999920874,157.41500000000008,0.1449999999999818,reload-2-inventory
2,548,380.178,556.075,936.253,572,936.253,941.359,0.0,936.253,400416,767.518,548,767.687,773.051,3625003,2338,False,773.116,773.082,0.034,0.033941,0,1,50,92612,2626560,0.03099999999994907,163.17100000000005,0.16899999999998272,reload-2-inventory
2,549,368.525,556.897,925.422,572,925.422,930.397,0.0,925.422,400416,767.522,549,767.636,772.997,3625003,2338,False,773.048,773.023,0.025,0.024767,0,1,45,84170,2626560,0.026000000000067303,152.399,0.11399999999991905,reload-2-inventory
2,550,336.528,557.725,894.253,572,894.253,899.212,0.0,894.253,400416,767.526,550,767.684,772.703,3625003,2338,False,772.757,772.727,0.03,0.030426,0,1,45,84170,2626560,0.02400000000000091,121.52600000000007,0.15800000000001546,reload-2-inventory
2,551,336.224,557.436,893.66,572,893.66,898.772,0.0,893.66,400416,767.531,551,767.69,772.699,3624953,2338,False,772.754,772.723,0.031,0.031267,0,1,45,84170,2626560,0.02400000000000091,120.93700000000001,0.1590000000001055,reload-2-inventory
2,552,287.698,556.663,844.361,572,844.361,902.273,0.0,844.361,400416,767.535,552,767.697,772.586,3625003,2338,False,772.632,772.607,0.025,0.025358,0,1,41,75778,2626560,0.020999999999958163,71.75400000000002,0.16200000000003456,reload-2-inventory
2,553,370.569,556.455,927.024,572,927.024,931.884,0.0,927.024,400416,767.539,553,767.678,772.569,3625003,2338,False,772.615,772.587,0.028,0.027961,0,1,41,75778,2626560,0.018000000000029104,154.437,0.13900000000001,reload-2-inventory
2,554,336.582,558.031,894.613,572,894.613,901.675,0.0,894.613,400416,767.552,554,767.713,773.008,3624953,2338,False,773.061,773.033,0.028,0.028272,0,1,45,84170,2626560,0.024999999999977263,121.58000000000004,0.16099999999994452,reload-2-inventory
2,555,266.661,555.975,822.636,572,822.636,885.384,0.0,822.636,400416,767.621,555,767.704,772.326,3625003,2338,False,772.373,772.347,0.025,0.025498,0,1,41,75778,2626560,0.020999999999958163,50.28899999999999,0.08299999999996999,reload-2-inventory
2,556,364.778,557.301,922.079,572,922.079,927.002,0.0,922.079,400416,767.634,556,767.705,772.542,3625003,2338,False,772.595,772.564,0.031,0.030736,0,1,41,75778,2626560,0.021999999999934516,149.515,0.07100000000002638,reload-2-inventory
2,557,357.763,556.605,914.368,572,914.368,919.298,0.0,914.368,400416,767.659,557,767.712,772.544,3625003,2338,False,772.591,772.564,0.026,0.02647,0,1,41,75778,2626560,0.01999999999998181,141.8040000000001,0.05299999999999727,reload-2-inventory
2,558,306.007,558.071,864.078,572,864.078,943.586,0.0,864.078,400416,767.674,558,767.728,773.172,3624953,2338,False,773.224,773.197,0.027,0.02678,0,1,50,92612,2626560,0.024999999999977263,90.88099999999997,0.053999999999973625,reload-2-inventory
2,559,242.917,556.266,799.183,572,799.183,919.684,0.0,799.183,400416,767.708,559,767.735,773.453,3625003,2338,False,773.505,773.475,0.03,0.030115,0,1,50,92612,2626560,0.022000000000048203,25.70799999999997,0.027000000000043656,reload-2-inventory
2,560,296.155,558.057,854.212,572,854.212,894.417,0.0,854.212,400416,767.728,560,767.74,773.148,3625003,2338,False,773.209,773.178,0.031,0.030857,0,1,50,92612,2626560,0.029999999999972715,81.03399999999999,0.012000000000057298,reload-2-inventory
2,561,243.348,557.108,800.456,572,800.456,930.266,0.0,800.456,400416,767.732,561,767.742,773.464,3625003,2338,False,773.517,773.49,0.027,0.026971,0,1,50,92612,2626560,0.025999999999953616,26.966000000000008,0.009999999999990905,reload-2-inventory
2,562,232.825,558.117,790.942,572,790.942,910.295,0.0,790.942,400416,767.737,562,767.749,773.498,3624953,2338,False,773.554,773.526,0.029,0.028613,0,1,54,101004,2626560,0.027999999999906322,17.416000000000054,0.012000000000057298,reload-2-inventory
2,563,236.055,555.802,791.857,572,791.857,881.095,0.0,791.857,400416,767.743,563,767.753,773.499,3625003,2338,False,773.564,773.536,0.028,0.028222,0,1,54,101004,2626560,0.036999999999920874,18.321000000000026,0.009999999999990905,reload-2-inventory
2,564,238.414,557.99,796.404,572,796.404,946.515,0.0,796.404,400416,767.748,564,767.762,773.517,3625003,2338,False,773.572,773.543,0.029,0.028853,0,1,54,101004,2626560,0.025999999999953616,22.86099999999999,0.013999999999896318,reload-2-inventory
2,565,259.015,558.16,817.175,572,817.175,916.78,0.0,817.175,400416,767.752,565,767.77,773.598,3624953,2338,False,773.652,773.625,0.026,0.026379,0,1,54,101004,2626560,0.027000000000043656,43.549999999999955,0.018000000000029104,reload-2-inventory
2,566,233.529,557.72,791.249,572,791.249,889.738,0.0,791.249,400416,767.763,566,767.776,773.628,3625003,2338,False,773.691,773.663,0.028,0.027691,0,1,54,101004,2626560,0.03499999999996817,17.586000000000013,0.012999999999919964,reload-2-inventory
2,567,232.038,558.157,790.195,572,790.195,909.359,0.0,790.195,400416,767.768,567,767.779,773.624,3625003,2338,False,773.691,773.653,0.037,0.037356,0,1,54,101004,2626560,0.028999999999996362,16.54200000000003,0.010999999999967258,reload-2-inventory
2,568,235.501,557.839,793.34,572,793.34,879.838,0.0,793.34,400416,767.774,568,767.786,773.641,3625003,2338,False,773.697,773.665,0.032,0.031988,0,1,54,101004,2626560,0.02400000000000091,19.675000000000068,0.011999999999943611,reload-2-inventory
2,569,235.526,557.207,792.733,572,792.733,925.018,0.0,792.733,400416,767.779,569,767.788,773.647,3624953,2338,False,774.266,774.233,0.033,0.03318,0,1,54,101004,2626560,0.585999999999899,18.5,0.009000000000014552,reload-2-inventory
2,570,240.527,558.146,798.673,572,798.673,951.372,0.0,798.673,400416,767.784,570,767.805,773.716,3625003,2338,False,773.768,773.737,0.03,0.030215,0,1,54,101004,2626560,0.020999999999958163,24.936000000000035,0.020999999999958163,reload-2-inventory
2,571,233.694,557.147,790.841,572,790.841,939.619,0.0,790.841,400416,767.789,571,767.81,773.762,3625003,2338,False,773.816,773.787,0.029,0.028433,0,1,54,101004,2626560,0.02500000000009095,17.053999999999974,0.020999999999958163,reload-2-inventory
2,572,243.32,557.726,801.046,572,801.046,941.894,0.0,801.046,400416,767.804,572,767.812,773.739,3624953,2338,False,773.79,773.762,0.027,0.02693,0,1,54,101004,2626560,0.02299999999991087,27.284000000000106,0.008000000000038199,reload-2-inventory
2,573,236.591,558.158,794.749,572,794.749,903.941,0.0,794.749,400416,767.809,573,767.819,773.809,3625003,2338,False,773.864,773.835,0.028,0.028322,0,1,54,101004,2626560,0.026000000000067303,20.913999999999987,0.009999999999990905,reload-2-inventory
2,574,236.855,555.608,792.463,572,792.463,946.612,0.0,792.463,400416,767.814,574,767.826,773.784,3625003,2338,False,773.837,773.807,0.029,0.029014,0,1,54,101004,2626560,0.023000000000024556,18.65599999999995,0.012000000000057298,reload-2-inventory
2,575,236.369,556.255,792.624,572,792.624,935.398,0.0,792.624,400416,767.819,575,767.834,773.925,3625003,2338,False,773.993,773.953,0.04,0.039659,0,1,59,109446,2626560,0.02800000000002001,18.67100000000005,0.014999999999986358,reload-2-inventory
2,576,242.419,556.549,798.968,572,798.968,922.823,0.0,798.968,400416,767.826,576,767.836,773.875,3624953,2338,False,773.922,773.895,0.027,0.02717,0,1,54,101004,2626560,0.01999999999998181,25.07299999999998,0.009999999999990905,reload-2-inventory
2,577,252.221,556.995,809.216,572,809.216,911.669,0.0,809.216,400416,767.831,577,767.842,774.003,3625003,2338,False,774.101,774.066,0.034,0.033991,0,1,59,109446,2626560,0.06299999999998818,35.14999999999998,0.010999999999967258,reload-2-inventory
2,578,244.955,556.225,801.18,572,801.18,949.026,0.0,801.18,400416,767.835,578,767.845,773.896,3625003,2338,False,773.948,773.921,0.028,0.027631,0,1,54,101004,2626560,0.02500000000009095,27.2589999999999,0.009999999999990905,reload-2-inventory
2,579,238.976,555.6,794.576,572,794.576,899.745,0.0,794.576,400416,767.84,579,767.849,773.945,3625003,2338,False,774.018,773.979,0.039,0.038518,0,1,59,109446,2626560,0.033999999999991815,20.59699999999998,0.009000000000014552,reload-2-inventory
2,580,245.275,556.255,801.53,572,801.53,953.359,0.0,801.53,400416,767.845,580,767.854,774.021,3624953,2338,False,774.083,774.051,0.032,0.031568,0,1,59,109446,2626560,0.030000000000086402,27.478999999999928,0.009000000000014552,reload-2-inventory
2,581,254.486,558.463,812.949,572,812.949,893.502,0.0,812.949,400416,767.851,581,767.86,774.047,3625003,2338,False,774.108,774.079,0.029,0.028673,0,1,59,109446,2626560,0.03199999999992542,38.870000000000005,0.009000000000014552,reload-2-inventory
2,582,250.163,558.082,808.245,572,808.245,929.592,0.0,808.245,400416,767.856,582,767.866,774.135,3625003,2338,False,774.195,774.165,0.03,0.029795,0,1,59,109446,2626560,0.029999999999972715,34.08000000000004,0.009999999999990905,reload-2-inventory
2,583,241.789,556.627,798.416,572,798.416,895.806,0.0,798.416,400416,767.861,583,767.874,779.82,3624953,2338,False,779.874,779.845,0.029,0.028763,0,1,64,117888,2626560,0.024999999999977263,18.571000000000026,0.013000000000033651,reload-2-inventory
2,584,241.154,557.654,798.808,572,798.808,883.947,0.0,798.808,400416,767.866,584,767.877,779.918,3625003,2338,False,779.985,779.941,0.044,0.044006,0,1,64,117888,2626560,0.023000000000024556,18.866999999999962,0.010999999999967258,reload-2-inventory
2,585,243.246,556.383,799.629,572,799.629,962.411,0.0,799.629,400416,767.871,585,767.881,780.032,3625003,2338,False,780.089,780.057,0.032,0.031607,0,1,64,117888,2626560,0.024999999999977263,19.572000000000003,0.009999999999990905,reload-2-inventory
2,586,244.617,555.59,800.207,572,800.207,962.413,0.0,800.207,400416,767.876,586,767.886,780.131,3625003,2338,False,780.184,780.154,0.03,0.030115,0,1,64,117888,2626560,0.023000000000024556,20.052999999999997,0.009999999999990905,reload-2-inventory
2,587,243.632,557.998,801.63,572,801.63,938.377,0.0,801.63,400416,767.88,587,767.889,780.229,3624953,2338,False,780.286,780.253,0.033,0.032588,0,1,64,117888,2626560,0.02400000000000091,21.376999999999953,0.009000000000014552,reload-2-inventory
2,588,244.402,558.222,802.624,572,802.624,893.311,0.0,802.624,400416,767.884,588,767.897,780.329,3625003,2338,False,780.385,780.354,0.03,0.030155,0,1,64,117888,2626560,0.02500000000009095,22.269999999999982,0.013000000000033651,reload-2-inventory
2,589,246.75,558.047,804.797,572,804.797,937.413,0.0,804.797,400416,767.89,589,767.901,780.44,3625003,2338,False,780.497,780.463,0.034,0.03377,0,1,64,117888,2626560,0.02299999999991087,24.33400000000006,0.010999999999967258,reload-2-inventory
2,590,249.842,555.938,805.78,572,805.78,961.999,0.0,805.78,400416,767.897,590,767.909,780.539,3624953,2338,False,780.596,780.564,0.031,0.030896,0,1,64,117888,2626560,0.024999999999977263,25.216000000000008,0.011999999999943611,reload-2-inventory
2,591,247.7,556.893,804.593,572,804.593,943.287,0.0,804.593,400416,767.901,591,767.913,780.638,3625003,2338,False,780.692,780.661,0.031,0.030536,0,1,64,117888,2626560,0.02299999999991087,23.932000000000016,0.012000000000057298,reload-2-inventory
2,592,248.068,557.035,805.103,572,805.103,913.73,0.0,805.103,400416,767.907,592,767.915,780.734,3625003,2338,False,780.784,780.757,0.027,0.02717,0,1,64,117888,2626560,0.02299999999991087,24.346000000000004,0.007999999999924512,reload-2-inventory
2,593,249.905,557.058,806.963,572,806.963,957.32,0.0,806.963,400416,767.911,593,767.92,780.827,3625003,2338,False,780.886,780.852,0.034,0.03372,0,1,64,117888,2626560,0.024999999999977263,26.11099999999999,0.009000000000014552,reload-2-inventory
2,594,250.581,557.853,808.434,572,808.434,886.713,0.0,808.434,400416,767.916,594,767.929,781.077,3624953,2338,False,781.129,781.099,0.029,0.028853,0,1,64,117888,2626560,0.022000000000048203,27.334999999999923,0.012999999999919964,reload-2-inventory
2,595,250.115,557.114,807.229,572,807.229,934.016,0.0,807.229,400416,767.921,595,767.93,780.93,3625003,2338,False,781.021,780.957,0.064,0.063565,0,1,64,117888,2626560,0.027000000000043656,26.272000000000048,0.008999999999900865,reload-2-inventory
2,596,251.087,558.065,809.152,572,809.152,914.012,0.0,809.152,400416,767.927,596,767.939,781.166,3625003,2338,False,781.222,781.19,0.032,0.031897,0,1,64,117888,2626560,0.02400000000000091,27.96199999999999,0.011999999999943611,reload-2-inventory
2,597,253.705,555.837,809.542,572,809.542,911.079,0.0,809.542,400416,767.932,597,767.943,781.264,3624953,2338,False,781.324,781.29,0.034,0.033871,0,1,64,117888,2626560,0.025999999999953616,28.252000000000066,0.010999999999967258,reload-2-inventory
2,598,252.781,558.067,810.848,572,810.848,913.1,0.0,810.848,400416,767.936,598,767.945,781.365,3625003,2338,False,781.418,781.387,0.031,0.030585,0,1,64,117888,2626560,0.021999999999934516,29.461000000000013,0.009000000000014552,reload-2-inventory
2,599,254.513,556.566,811.079,572,811.079,960.534,0.0,811.079,400416,767.941,599,767.952,781.46,3625003,2338,False,781.515,781.484,0.031,0.030505,0,1,64,117888,2626560,0.02400000000000091,29.594999999999914,0.010999999999967258,reload-2-inventory
2,600,254.666,556.659,811.325,572,811.325,927.099,0.0,811.325,400416,767.946,600,767.958,781.554,3625003,2338,False,781.606,781.578,0.028,0.027732,0,1,64,117888,2626560,0.02400000000000091,29.74700000000007,0.011999999999943611,reload-2-inventory
2,601,256.407,557.817,814.224,572,814.224,906.212,0.0,814.224,400416,767.951,601,767.96,781.655,3624953,2338,False,781.708,781.679,0.029,0.028572,0,1,64,117888,2626560,0.02400000000000091,32.54500000000007,0.009000000000014552,reload-2-inventory
2,602,254.659,558.031,812.69,572,812.69,925.192,0.0,812.69,400416,767.956,602,767.966,781.748,3625003,2338,False,781.803,781.773,0.029,0.029354,0,1,64,117888,2626560,0.024999999999977263,30.91700000000003,0.009999999999990905,reload-2-inventory
2,603,261.319,555.702,817.021,572,817.021,948.035,0.0,817.021,400416,767.96,603,767.976,781.944,3625003,2338,False,782.002,781.967,0.035,0.034842,0,1,64,117888,2626560,0.023000000000024556,35.053999999999974,0.01599999999996271,reload-2-inventory
2,604,258.552,557.307,815.859,572,815.859,919.171,0.0,815.859,400416,767.965,604,767.984,782.136,3625003,2338,False,782.19,782.158,0.032,0.032178,0,1,64,117888,2626560,0.022000000000048203,33.70100000000002,0.019000000000005457,reload-2-inventory
2,605,256.892,556.736,813.628,572,813.628,924.14,0.0,813.628,400416,767.974,605,767.99,781.849,3624953,2338,False,781.901,781.873,0.027,0.0272,0,1,64,117888,2626560,0.02400000000000091,31.754999999999995,0.01599999999996271,reload-2-inventory
2,606,258.368,556.632,815.0,572,815.0,925.861,0.0,815.0,400416,767.982,606,767.991,782.043,3625003,2338,False,782.096,782.066,0.029,0.029093,0,1,64,117888,2626560,0.023000000000024556,32.93399999999997,0.009000000000014552,reload-2-inventory
2,607,260.954,556.095,817.049,572,817.049,920.744,0.0,817.049,400416,767.987,607,768.004,782.259,3625003,2338,False,782.314,782.282,0.032,0.031688,0,1,64,117888,2626560,0.023000000000024556,34.76699999999994,0.01700000000005275,reload-2-inventory
2,608,261.873,556.091,817.964,572,817.964,893.0,0.0,817.964,400416,767.993,608,768.012,782.358,3624953,2338,False,782.412,782.381,0.031,0.030656,0,1,64,117888,2626560,0.023000000000024556,35.583000000000084,0.01899999999989177,reload-2-inventory
2,609,261.893,556.385,818.278,572,818.278,883.176,0.0,818.278,400416,768.004,609,768.014,782.453,3625003,2338,False,782.506,782.478,0.029,0.028553,0,1,64,117888,2626560,0.024999999999977263,35.80000000000007,0.009999999999990905,reload-2-inventory
2,610,260.389,558.212,818.601,572,818.601,931.735,0.0,818.601,400416,768.011,610,768.02,782.562,3625003,2338,False,782.615,782.587,0.028,0.027912,0,1,64,117888,2626560,0.024999999999977263,36.01400000000001,0.009000000000014552,reload-2-inventory
2,611,328.817,555.97,884.787,572,884.787,889.768,0.0,884.787,400416,768.015,611,768.025,782.964,3625003,2338,False,783.083,783.053,0.03,0.029865,0,1,64,117888,2626560,0.08899999999994179,101.73400000000004,0.009999999999990905,reload-2-inventory
2,612,265.42,555.598,821.018,572,821.018,898.192,0.0,821.018,400416,768.02,612,768.03,782.859,3624953,2338,False,782.913,782.886,0.026,0.026079,0,1,64,117888,2626560,0.02699999999992997,38.13200000000006,0.009999999999990905,reload-2-inventory
2,613,263.558,556.228,819.786,572,819.786,962.617,0.0,819.786,400416,768.025,613,768.038,782.757,3625003,2338,False,782.807,782.781,0.026,0.025509,0,1,64,117888,2626560,0.02400000000000091,37.004999999999995,0.013000000000033651,reload-2-inventory
2,614,261.967,557.064,819.031,572,819.031,916.668,0.0,819.031,400416,768.03,614,768.043,782.662,3625003,2338,False,782.714,782.686,0.028,0.027622,0,1,64,117888,2626560,0.02400000000000091,36.344999999999914,0.013000000000033651,reload-2-inventory
2,615,336.73,558.082,894.812,572,894.812,899.656,0.0,894.812,400416,768.038,615,768.051,783.139,3624953,2338,False,783.197,783.166,0.03,0.030266,0,1,64,117888,2626560,0.027000000000043656,111.64599999999996,0.013000000000033651,reload-2-inventory
2,616,390.861,556.371,947.232,572,947.232,953.64,0.0,947.232,400416,768.044,616,768.056,783.604,3625003,2338,False,783.663,783.628,0.035,0.035013,0,1,64,117888,2626560,0.02400000000000091,163.60399999999993,0.012000000000057298,reload-2-inventory
2,617,352.809,556.801,909.61,572,909.61,914.545,0.0,909.61,400416,768.049,617,768.061,783.263,3625003,2338,False,783.32,783.289,0.031,0.030836,0,1,64,117888,2626560,0.025999999999953616,126.32100000000003,0.012000000000057298,reload-2-inventory
2,618,366.486,558.131,924.617,572,924.617,929.571,0.0,924.617,400416,768.055,618,768.066,783.373,3625003,2338,False,783.423,783.398,0.025,0.025128,0,1,64,117888,2626560,0.024999999999977263,141.21899999999994,0.011000000000080945,reload-2-inventory
2,619,384.093,557.203,941.296,572,941.296,947.15,0.0,941.296,400416,768.061,619,768.076,783.469,3624953,2338,False,783.541,783.512,0.029,0.028473,0,1,64,117888,2626560,0.04299999999989268,157.7840000000001,0.014999999999986358,reload-2-inventory
2,620,387.987,557.466,945.453,572,945.453,951.304,0.0,945.453,400416,768.067,620,768.079,783.708,3625003,2338,False,783.758,783.732,0.025,0.025429,0,1,64,117888,2626560,0.02400000000000091,161.721,0.011999999999943611,reload-2-inventory
2,621,378.045,556.593,934.638,572,934.638,939.501,0.0,934.638,400416,768.074,621,768.084,783.806,3625003,2338,False,783.864,783.83,0.034,0.03349,0,1,64,117888,2626560,0.02400000000000091,150.808,0.009999999999990905,reload-2-inventory
2,622,322.231,557.297,879.528,572,879.528,884.319,0.0,879.528,400416,768.079,622,768.09,784.044,3624953,2338,False,784.104,784.071,0.033,0.032699,0,1,64,117888,2626560,0.027000000000043656,95.457,0.011000000000080945,reload-2-inventory
2,623,314.801,556.703,871.504,572,871.504,908.683,0.0,871.504,400416,768.083,623,768.095,783.931,3625003,2338,False,783.998,783.958,0.039,0.039229,0,1,64,117888,2626560,0.02699999999992997,87.54600000000005,0.012000000000057298,reload-2-inventory
2,624,333.842,556.515,890.357,572,890.357,895.165,0.0,890.357,400416,768.09,624,768.101,784.151,3625003,2338,False,784.212,784.18,0.032,0.032128,0,1,64,117888,2626560,0.028999999999996362,106.17700000000002,0.010999999999967258,reload-2-inventory
2,625,344.617,555.808,900.425,572,900.425,905.295,0.0,900.425,400416,768.094,625,768.103,784.291,3625003,2338,False,784.347,784.32,0.027,0.02704,0,1,64,117888,2626560,0.028999999999996362,116.1049999999999,0.008999999999900865,reload-2-inventory
2,626,267.758,556.839,824.597,572,824.597,910.109,0.0,824.597,400416,768.099,626,768.119,784.394,3624953,2338,False,784.452,784.422,0.029,0.029193,0,1,64,117888,2626560,0.02800000000002001,40.174999999999955,0.01999999999998181,reload-2-inventory
2,627,327.624,557.8,885.424,572,885.424,890.289,0.0,885.424,400416,768.103,627,768.122,784.5,3625003,2338,False,784.558,784.525,0.032,0.032369,0,1,64,117888,2626560,0.024999999999977263,100.899,0.019000000000005457,reload-2-inventory
2,628,362.155,556.366,918.521,572,918.521,924.174,0.0,918.521,400416,768.118,628,768.127,784.863,3625003,2338,False,784.921,784.89,0.031,0.030876,0,1,64,117888,2626560,0.02699999999992997,133.63099999999997,0.008999999999900865,reload-2-inventory
2,629,351.558,556.108,907.666,572,907.666,912.802,0.0,907.666,400416,768.122,629,768.132,784.744,3625003,2338,False,784.804,784.769,0.035,0.034802,0,1,64,117888,2626560,0.024999999999977263,122.89700000000005,0.009999999999990905,reload-2-inventory
2,630,340.574,556.378,896.952,572,896.952,902.256,0.0,896.952,400416,768.127,630,768.138,784.637,3624953,2338,False,784.694,784.662,0.031,0.031397,0,1,64,117888,2626560,0.02500000000009095,112.28999999999996,0.011000000000080945,reload-2-inventory
2,631,371.475,558.019,929.494,572,929.494,935.494,0.0,929.494,400416,768.132,631,768.145,785.047,3625003,2338,False,785.102,785.072,0.03,0.030225,0,1,64,117888,2626560,0.024999999999977263,144.42200000000003,0.013000000000033651,reload-2-inventory
2,632,387.702,555.608,943.31,572,943.31,948.622,0.0,943.31,400416,768.137,632,768.149,785.414,3625003,2338,False,785.472,785.444,0.028,0.027832,0,1,64,117888,2626560,0.029999999999972715,157.86599999999999,0.012000000000057298,reload-2-inventory
2,633,391.194,557.035,948.229,572,948.229,953.239,0.0,948.229,400416,768.142,633,768.152,785.165,3624953,2338,False,785.226,785.194,0.031,0.031097,0,1,64,117888,2626560,0.028999999999996362,163.03500000000008,0.009999999999990905,reload-2-inventory
2,634,388.012,556.507,944.519,572,944.519,949.64,0.0,944.519,400416,768.146,634,768.158,785.71,3625003,2338,False,785.768,785.735,0.032,0.031918,0,1,64,117888,2626560,0.024999999999977263,158.784,0.012000000000057298,reload-2-inventory
2,635,393.579,558.228,951.807,572,951.807,956.781,0.0,951.807,400416,768.151,635,768.162,785.294,3625003,2338,False,785.348,785.321,0.027,0.0265,0,1,64,117888,2626560,0.027000000000043656,166.486,0.011000000000080945,reload-2-inventory
2,636,388.47,557.227,945.697,572,945.697,950.711,0.0,945.697,400416,768.156,636,768.166,785.543,3625003,2338,False,785.599,785.569,0.03,0.029584,0,1,64,117888,2626560,0.025999999999953616,160.12800000000004,0.010000000000104592,reload-2-inventory
2,637,391.648,558.122,949.77,572,949.77,956.059,0.0,949.77,400416,768.16,637,768.171,785.826,3624953,2338,False,785.888,785.86,0.027,0.027321,0,1,64,117888,2626560,0.033999999999991815,163.90999999999997,0.011000000000080945,reload-2-inventory
2,638,392.735,555.946,948.681,572,948.681,953.937,0.0,948.681,400416,768.166,638,768.178,785.944,3625003,2338,False,786.009,785.969,0.04,0.039779,0,1,64,117888,2626560,0.02500000000009095,162.712,0.011999999999943611,reload-2-inventory
2,639,376.066,558.528,934.594,572,934.594,939.446,0.0,934.594,400416,768.17,639,768.18,786.087,3625003,2338,False,786.147,786.113,0.034,0.033791,0,1,64,117888,2626560,0.026000000000067303,148.481,0.009999999999990905,reload-2-inventory
2,640,389.503,556.133,945.636,572,945.636,950.511,0.0,945.636,400416,768.177,640,768.188,786.217,3624953,2338,False,786.284,786.246,0.037,0.037386,0,1,64,117888,2626560,0.028999999999996362,159.39,0.010999999999967258,reload-2-inventory
2,641,398.42,557.696,956.116,572,956.116,962.25,0.0,956.116,400416,768.182,641,768.194,786.479,3625003,2338,False,786.538,786.508,0.03,0.029764,0,1,64,117888,2626560,0.028999999999996362,169.60799999999995,0.011999999999943611,reload-2-inventory
2,642,397.073,555.861,952.934,572,952.934,958.001,0.0,952.934,400416,768.187,642,768.196,786.353,3625003,2338,False,786.411,786.382,0.029,0.028903,0,1,64,117888,2626560,0.028999999999996362,166.55200000000002,0.009000000000014552,reload-2-inventory
2,643,395.767,557.648,953.415,572,953.415,958.595,0.0,953.415,400416,768.192,643,768.202,786.083,3625003,2338,False,786.147,786.111,0.035,0.035082,0,1,64,117888,2626560,0.02800000000002001,167.30399999999997,0.009999999999990905,reload-2-inventory
2,644,392.095,557.298,949.393,572,949.393,954.323,0.0,949.393,400416,768.197,644,768.209,785.949,3624953,2338,False,786.014,785.986,0.028,0.027751,0,1,64,117888,2626560,0.03700000000003456,163.40700000000004,0.011999999999943611,reload-2-inventory
2,645,397.045,556.95,953.995,572,953.995,959.251,0.0,953.995,400416,768.202,645,768.214,785.824,3625003,2338,False,785.887,785.859,0.029,0.028523,0,1,64,117888,2626560,0.035000000000081855,168.13599999999997,0.012000000000057298,reload-2-inventory
2,646,379.712,558.105,937.817,572,937.817,943.249,0.0,937.817,400416,768.209,646,768.221,785.687,3625003,2338,False,785.758,785.726,0.031,0.031047,0,1,64,117888,2626560,0.03899999999998727,152.091,0.012000000000057298,reload-2-inventory
2,647,249.181,558.121,807.302,572,807.302,909.637,0.0,807.302,400416,768.215,647,768.226,779.568,3625003,2338,False,779.669,779.634,0.034,0.03362,0,1,64,117888,2626560,0.06600000000003092,27.668000000000006,0.010999999999967258,reload-2-inventory
2,648,377.514,558.056,935.57,572,935.57,941.426,0.0,935.57,400416,768.221,648,768.232,786.747,3624953,2338,False,786.807,786.775,0.032,0.031798,0,1,64,117888,2626560,0.02800000000002001,148.79500000000007,0.010999999999967258,reload-2-inventory
2,649,397.458,557.84,955.298,572,955.298,960.179,0.0,955.298,400416,768.226,649,768.237,786.618,3625003,2338,False,786.675,786.644,0.031,0.030616,0,1,64,117888,2626560,0.025999999999953616,168.654,0.010999999999967258,reload-2-inventory
2,650,397.429,557.655,955.084,572,955.084,960.052,0.0,955.084,400416,768.232,650,768.245,786.474,3625003,2338,False,786.539,786.505,0.034,0.033811,0,1,64,117888,2626560,0.03099999999994907,168.57899999999995,0.013000000000033651,reload-2-inventory
2,651,395.809,556.712,952.521,572,952.521,957.647,0.0,952.521,400416,768.237,651,768.248,786.347,3624953,2338,False,786.405,786.377,0.028,0.028122,0,1,64,117888,2626560,0.029999999999972715,166.144,0.011000000000080945,reload-2-inventory
2,652,384.667,556.045,940.712,572,940.712,945.595,0.0,940.712,400416,768.242,652,768.251,786.215,3625003,2338,False,786.277,786.246,0.031,0.030706,0,1,64,117888,2626560,0.03099999999994907,154.466,0.009000000000014552,reload-2-inventory
2,653,384.341,557.192,941.533,572,941.533,946.678,0.0,941.533,400416,768.246,653,768.254,788.713,3625003,2338,False,788.774,788.741,0.033,0.032669,0,1,64,117888,2626560,0.02800000000002001,152.79200000000003,0.008000000000038199,reload-2-inventory
2,654,394.73,556.284,951.014,572,951.014,955.865,0.0,951.014,400416,768.25,654,768.261,788.864,3625003,2338,False,788.925,788.894,0.031,0.030645,0,1,64,117888,2626560,0.029999999999972715,162.12,0.010999999999967258,reload-2-inventory
2,655,388.542,558.121,946.663,572,946.663,951.647,0.0,946.663,400416,768.255,655,768.267,789.037,3624953,2338,False,789.101,789.069,0.032,0.031727,0,1,64,117888,2626560,0.03199999999992542,157.59400000000005,0.012000000000057298,reload-2-inventory
2,656,235.047,557.076,792.123,572,792.123,939.121,0.0,792.123,400416,768.26,656,768.271,789.198,3625003,2338,False,789.26,789.233,0.027,0.02709,0,1,64,117888,2626560,0.03499999999996817,2.8900000000001,0.010999999999967258,reload-2-inventory
2,657,242.069,556.304,798.373,572,798.373,933.509,0.0,798.373,400416,768.265,657,768.28,789.344,3625003,2338,False,789.41,789.377,0.032,0.032359,0,1,64,117888,2626560,0.032999999999901775,8.996000000000095,0.014999999999986358,reload-2-inventory
2,658,253.409,557.524,810.933,572,810.933,886.092,0.0,810.933,400416,768.27,658,768.288,789.493,3624953,2338,False,789.558,789.526,0.032,0.031938,0,1,64,117888,2626560,0.032999999999901775,21.40700000000004,0.018000000000029104,reload-2-inventory
2,659,278.969,557.308,836.277,572,836.277,887.096,0.0,836.277,400416,768.28,659,768.293,789.646,3625003,2338,False,789.724,789.682,0.041,0.040861,0,1,64,117888,2626560,0.03600000000005821,46.59500000000003,0.013000000000033651,reload-2-inventory
2,660,285.994,557.258,843.252,572,843.252,904.753,0.0,843.252,400416,768.287,660,768.295,789.882,3625003,2338,False,789.954,789.915,0.039,0.038718,0,1,64,117888,2626560,0.03300000000001546,53.33699999999999,0.007999999999924512,reload-2-inventory
2,661,281.159,557.176,838.335,572,838.335,885.993,0.0,838.335,400416,768.291,661,768.301,790.059,3625003,2338,False,790.127,790.093,0.033,0.0333,0,1,64,117888,2626560,0.033999999999991815,48.242000000000075,0.009999999999990905,reload-2-inventory
2,662,267.317,555.661,822.978,572,822.978,910.397,0.0,822.978,400416,768.296,662,768.308,791.697,3624953,2338,False,791.82,791.756,0.064,0.064267,0,1,64,117888,2626560,0.05899999999996908,31.22199999999998,0.011999999999943611,reload-2-inventory
2,663,277.61,558.098,835.708,572,835.708,951.753,0.0,835.708,400416,768.301,663,768.314,791.55,3625003,2338,False,791.608,791.578,0.03,0.029454,0,1,64,117888,2626560,0.02800000000002001,44.129999999999995,0.012999999999919964,reload-2-inventory
2,664,276.348,556.831,833.179,572,833.179,906.875,0.0,833.179,400416,768.308,664,768.319,791.409,3625003,2338,False,791.468,791.437,0.031,0.030706,0,1,64,117888,2626560,0.02800000000002001,41.74199999999996,0.010999999999967258,reload-2-inventory
2,665,268.356,556.761,825.117,572,825.117,947.26,0.0,825.117,400416,768.313,665,768.324,791.959,3624953,2338,False,792.046,792.017,0.028,0.028342,0,1,64,117888,2626560,0.05800000000010641,33.09999999999991,0.010999999999967258,reload-2-inventory
2,666,278.851,558.088,836.939,572,836.939,962.487,0.0,836.939,400416,768.319,666,768.329,792.31,3625003,2338,False,792.367,792.338,0.029,0.028973,0,1,64,117888,2626560,0.02800000000002001,44.601,0.009999999999990905,reload-2-inventory
2,667,269.46,558.174,827.634,572,827.634,964.646,0.0,827.634,400416,768.324,667,768.334,792.131,3625003,2338,False,792.186,792.159,0.027,0.027041,0,1,64,117888,2626560,0.02800000000002001,35.47500000000002,0.009999999999990905,reload-2-inventory
2,668,268.26,558.16,826.42,572,826.42,914.345,0.0,826.42,400416,768.329,668,768.339,791.26,3625003,2338,False,791.327,791.297,0.029,0.029404,0,1,64,117888,2626560,0.03700000000003456,35.122999999999934,0.010000000000104592,reload-2-inventory
2,669,239.696,557.356,797.052,572,797.052,891.868,0.0,797.052,400416,768.334,669,768.345,790.874,3624953,2338,False,790.936,790.906,0.03,0.029684,0,1,64,117888,2626560,0.03199999999992542,6.146000000000072,0.011000000000080945,reload-2-inventory
2,670,237.72,557.056,794.776,572,794.776,950.964,0.0,794.776,400416,768.339,670,768.351,790.713,3625003,2338,False,790.774,790.742,0.032,0.031447,0,1,64,117888,2626560,0.028999999999996362,4.033999999999992,0.011999999999943611,reload-2-inventory
2,671,234.717,558.062,792.779,572,792.779,963.065,0.0,792.779,400416,768.346,671,768.356,790.562,3625003,2338,False,790.628,790.597,0.031,0.031016,0,1,64,117888,2626560,0.03499999999996817,2.1820000000000164,0.009999999999990905,reload-2-inventory
2,672,235.128,556.744,791.872,572,791.872,922.279,0.0,791.872,400416,768.352,672,768.362,790.4,3625003,2338,False,790.47,790.435,0.035,0.034822,0,1,64,117888,2626560,0.03499999999996817,1.4370000000000118,0.009999999999990905,reload-2-inventory
2,673,291.459,557.239,848.698,572,848.698,890.326,0.0,848.698,400416,768.357,673,768.367,790.243,3624953,2338,False,790.309,790.274,0.035,0.034722,0,1,64,117888,2626560,0.03099999999994907,58.42399999999998,0.009999999999990905,reload-2-inventory
2,674,274.519,555.852,830.371,572,830.371,957.927,0.0,830.371,400416,768.361,674,768.378,792.449,3625003,2338,False,792.505,792.478,0.027,0.02709,0,1,64,117888,2626560,0.028999999999996362,37.89300000000003,0.01700000000005275,reload-2-inventory
2,675,234.664,558.219,792.883,572,792.883,891.167,0.0,792.883,400416,768.368,675,768.38,792.583,3625003,2338,False,792.667,792.613,0.053,0.05337,0,1,64,117888,2626560,0.030000000000086402,0.2699999999999818,0.011999999999943611,reload-2-inventory
2,676,274.059,557.38,831.439,572,831.439,960.388,0.0,831.439,400416,768.373,676,768.384,792.859,3624953,2338,False,792.957,792.888,0.068,0.068372,0,1,64,117888,2626560,0.028999999999996362,38.55099999999993,0.010999999999967258,reload-2-inventory
2,677,272.07,557.11,829.18,572,829.18,959.99,0.0,829.18,400416,768.377,677,768.39,793.093,3625003,2338,False,793.155,793.125,0.029,0.029404,0,1,64,117888,2626560,0.03200000000003911,36.05499999999995,0.013000000000033651,reload-2-inventory
2,678,269.39,557.42,826.81,572,826.81,959.66,0.0,826.81,400416,768.384,678,768.396,793.273,3625003,2338,False,793.331,793.302,0.029,0.028653,0,1,64,117888,2626560,0.028999999999996362,33.507999999999925,0.011999999999943611,reload-2-inventory
2,679,247.952,556.786,804.738,572,804.738,911.915,0.0,804.738,400416,768.388,679,768.402,793.606,3625003,2338,False,793.681,793.633,0.047,0.0472,0,1,64,117888,2626560,0.027000000000043656,11.105000000000018,0.014000000000010004,reload-2-inventory
2,680,237.925,555.648,793.573,572,793.573,921.224,0.0,793.573,400416,768.395,680,768.407,793.418,3624953,2338,False,793.484,793.447,0.037,0.036665,0,1,64,117888,2626560,0.028999999999996362,0.12599999999997635,0.012000000000057298,reload-2-inventory
2,681,253.787,556.754,810.541,572,810.541,930.335,0.0,810.541,400416,768.401,681,768.41,793.812,3625003,2338,False,793.891,793.842,0.048,0.048332,0,1,64,117888,2626560,0.029999999999972715,16.69900000000007,0.009000000000014552,reload-2-inventory
2,682,281.915,557.628,839.543,572,839.543,942.941,0.0,839.543,400416,768.406,682,768.416,794.053,3625003,2338,False,794.146,794.087,0.059,0.059159,0,1,64,117888,2626560,0.033999999999991815,45.45600000000002,0.010000000000104592,reload-2-inventory
2,683,291.474,558.143,849.617,572,849.617,911.184,0.0,849.617,400416,768.411,683,768.42,794.238,3624953,2338,False,794.3,794.268,0.032,0.031838,0,1,64,117888,2626560,0.029999999999972715,55.34899999999993,0.009000000000014552,reload-2-inventory
2,684,307.481,556.674,864.155,572,864.155,932.299,0.0,864.155,400416,768.417,684,768.424,794.402,3625003,2338,False,794.496,794.434,0.062,0.062103,0,1,64,117888,2626560,0.03199999999992542,69.721,0.006999999999948159,reload-2-inventory
2,685,280.524,557.843,838.367,572,838.367,938.519,0.0,838.367,400416,768.42,685,768.43,794.784,3625003,2338,False,794.875,794.82,0.056,0.055623,0,1,64,117888,2626560,0.03600000000005821,43.54699999999991,0.009999999999990905,reload-2-inventory
2,686,300.478,557.124,857.602,572,857.602,934.411,0.0,857.602,400416,768.424,686,768.437,794.613,3625003,2338,False,794.674,794.647,0.027,0.02686,0,1,64,117888,2626560,0.033999999999991815,62.95499999999993,0.013000000000033651,reload-2-inventory
2,687,287.957,557.666,845.623,572,845.623,922.051,0.0,845.623,400416,768.429,687,768.437,795.2,3624953,2338,False,795.265,795.233,0.032,0.031928,0,1,64,117888,2626560,0.032999999999901775,50.3900000000001,0.008000000000038199,reload-2-inventory
2,688,284.07,557.815,841.885,572,841.885,943.731,0.0,841.885,400416,768.434,688,768.444,794.99,3625003,2338,False,795.097,795.058,0.039,0.038568,0,1,64,117888,2626560,0.06799999999998363,46.827,0.009999999999990905,reload-2-inventory
2,689,295.97,557.736,853.706,572,853.706,910.297,0.0,853.706,400416,768.438,689,768.461,795.364,3625003,2338,False,795.467,795.395,0.072,0.071657,0,1,64,117888,2626560,0.03099999999994907,58.311000000000035,0.023000000000024556,reload-2-inventory
2,690,282.387,557.157,839.544,572,839.544,918.466,0.0,839.544,400416,768.443,690,768.464,795.955,3625003,2338,False,796.036,795.996,0.039,0.039439,0,1,64,117888,2626560,0.04099999999993997,43.548,0.02100000000007185,reload-2-inventory
2,691,276.696,556.511,833.207,572,833.207,921.976,0.0,833.207,400416,768.458,691,768.467,795.691,3624953,2338,False,795.789,795.722,0.068,0.067571,0,1,64,117888,2626560,0.03099999999994907,37.485000000000014,0.009000000000014552,reload-2-inventory
2,692,285.65,556.471,842.121,572,842.121,900.204,0.0,842.121,400416,768.462,692,768.471,796.133,3581656,2338,False,796.193,796.166,0.027,0.02684,0,1,64,117888,2626560,0.03300000000001546,45.95499999999993,0.009000000000014552,reload-2-inventory
2,693,293.697,558.538,852.235,572,852.235,897.93,0.0,852.235,400416,768.466,693,768.476,796.286,3581656,2338,False,796.349,796.319,0.03,0.030075,0,1,64,117888,2626560,0.03300000000001546,55.916000000000054,0.009999999999990905,reload-2-inventory
2,694,362.342,576.028,938.37,572,938.37,943.442,0.0,938.37,400416,768.472,694,768.483,788.571,3581583,2338,False,788.65,788.626,0.024,0.023606,0,1,64,117888,2626560,0.05499999999994998,149.74400000000003,0.010999999999967258,reload-2-inventory
2,695,313.346,576.028,889.374,572,889.374,894.219,0.0,889.374,400416,768.476,695,768.489,796.958,3582116,2338,False,797.077,797.013,0.064,0.063515,0,1,64,117888,2626560,0.055000000000063665,92.36099999999999,0.013000000000033651,reload-2-inventory
2,696,303.209,578.01,881.219,572,881.219,886.029,0.0,881.219,400416,768.483,696,768.494,796.677,3582093,2338,False,796.748,796.711,0.037,0.037135,0,1,64,117888,2626560,0.033999999999991815,84.50800000000004,0.011000000000080945,reload-2-inventory
2,697,300.131,558.488,858.619,572,858.619,940.068,0.0,858.619,400416,768.489,697,768.499,796.446,3581633,2338,False,796.51,796.48,0.03,0.029614,0,1,64,117888,2626560,0.033999999999991815,62.13900000000001,0.009999999999990905,reload-2-inventory
2,698,399.621,555.985,955.606,572,955.606,960.568,0.0,955.606,400416,768.493,698,913.319,913.408,3581515,2338,False,913.544,913.499,0.045,0.044717,0,1,64,117888,2626560,0.09100000000000819,42.10699999999997,144.8259999999999,reload-2-inventory
2,699,398.498,555.757,954.255,572,954.255,959.374,0.0,954.255,400416,913.26,699,914.233,914.248,3581606,2338,False,919.121,919.063,0.057,0.057095,0,1,64,117888,2626560,4.814999999999941,35.19200000000001,0.9729999999999563,reload-2-inventory
3,0,228.612,523.781,752.393,572,752.393,901.406,0.5,752.393,400464,746.5695,0,746.5945,751.9655,5401426,2338,True,752.0615,752.0505,0.011,0.010836,0,1,3,6054,2626560,0.08500000000003638,0.3424999999999727,0.02500000000009095,reload-3-inventory
3,1,229.05,523.638,752.688,572,752.688,907.361,0.5,752.688,400464,746.5795,1,746.6415,752.0675,5401426,2338,False,752.0845,752.0745,0.01,0.009845,0,1,3,6054,2626560,0.006999999999948159,0.6135000000000446,0.06199999999989814,reload-3-inventory
3,2,228.512,523.709,752.221,572,752.221,926.835,0.5,752.221,400464,746.5865,2,746.6565,751.9885,5401426,2338,False,752.0345,752.0035,0.03,0.030445,0,1,3,6054,2626560,0.014999999999986358,0.21749999999997272,0.07000000000005002,reload-3-inventory
3,3,229.437,522.812,752.249,572,752.249,870.385,0.5,752.249,400464,746.5925,3,746.6195,751.9825,5401326,2338,False,752.0345,751.9955,0.038,0.038337,0,1,3,7014,2626560,0.013000000000033651,0.2535000000000309,0.027000000000043656,reload-3-inventory
3,4,230.166,522.678,752.844,572,752.844,850.787,0.5,752.844,400464,746.5985,4,746.6725,752.1225,5401426,2338,False,752.1435,752.1335,0.009,0.009785,0,1,4,8392,2626560,0.011000000000080945,0.7105000000000246,0.07400000000006912,reload-3-inventory
3,5,232.055,520.364,752.419,572,752.419,852.511,0.5,752.419,400464,746.6035,5,746.6895,752.0495,5401426,2338,False,752.0685,752.0575,0.01,0.010336,0,1,4,8392,2626560,0.008000000000038199,0.36149999999997817,0.08599999999989905,reload-3-inventory
3,6,228.768,523.948,752.716,572,752.716,848.811,0.5,752.716,400464,746.6075,6,746.6585,752.0745,5401426,2338,False,752.0915,752.0815,0.01,0.009915,0,1,4,8392,2626560,0.007000000000061846,0.6345000000000027,0.051000000000044565,reload-3-inventory
3,7,228.339,523.941,752.28,572,752.28,888.429,0.5,752.28,400464,746.6145,7,746.6755,752.0015,5401326,2338,False,752.0375,752.0165,0.021,0.020611,0,1,4,8392,2626560,0.014999999999986358,0.26350000000002183,0.06100000000003547,reload-3-inventory
3,8,229.446,523.436,752.882,572,752.882,860.618,0.5,752.882,400464,746.6205,8,746.6645,752.1055,5401426,2338,False,752.1245,752.1155,0.009,0.009284,0,1,4,8392,2626560,0.009999999999990905,0.7664999999999509,0.04399999999998272,reload-3-inventory
3,9,228.621,523.478,752.099,572,752.099,884.4,0.5,752.099,400464,746.6285,9,746.6685,751.9995,5401426,2338,False,752.0425,752.0145,0.028,0.027481,0,1,4,8392,2626560,0.014999999999986358,0.0845000000000482,0.03999999999996362,reload-3-inventory
3,10,230.189,522.635,752.824,572,752.824,884.795,0.5,752.824,400464,746.6335,10,746.6825,752.1025,5401326,2338,False,752.1315,752.1185,0.013,0.01323,0,1,4,8392,2626560,0.016000000000076398,0.7054999999999154,0.04899999999997817,reload-3-inventory
3,11,229.371,522.777,752.148,572,752.148,890.0,0.5,752.148,400464,746.6385,11,746.6815,751.9915,5401426,2338,False,752.0345,752.0065,0.028,0.027261,0,1,4,8392,2626560,0.014999999999986358,0.14150000000006457,0.043000000000006366,reload-3-inventory
3,12,232.468,520.32,752.788,572,752.788,915.871,0.5,752.788,400464,746.6675,12,746.6915,752.0815,5401426,2338,False,752.1065,752.0965,0.009,0.009765,0,1,4,8392,2626560,0.014999999999986358,0.6915000000000191,0.02400000000000091,reload-3-inventory
3,13,232.353,520.228,752.581,572,752.581,889.321,0.5,752.581,400464,746.6735,13,746.6975,752.0565,5401426,2338,False,752.0815,752.0685,0.013,0.01308,0,1,4,8392,2626560,0.011999999999943611,0.5125000000000455,0.02400000000000091,reload-3-inventory
3,14,232.937,519.932,752.869,572,752.869,872.767,0.5,752.869,400464,746.6825,14,746.7015,752.1405,5401326,2338,False,752.1655,752.1495,0.015,0.015153,0,1,4,8392,2626560,0.009000000000014552,0.7195000000000391,0.019000000000005457,reload-3-inventory
3,15,229.014,523.815,752.829,572,752.829,858.569,0.5,752.829,400464,746.6885,15,746.7025,752.0975,5401426,2338,False,752.1165,752.1045,0.012,0.011867,0,1,4,8392,2626560,0.007000000000061846,0.7244999999999209,0.014000000000010004,reload-3-inventory
3,16,232.191,519.995,752.186,572,752.186,896.441,0.5,752.186,400464,746.6975,16,746.7315,751.9785,5401426,2338,False,752.0345,751.9945,0.039,0.038778,0,1,4,8392,2626560,0.01599999999996271,0.1915000000000191,0.033999999999991815,reload-3-inventory
3,17,375.553,520.088,895.641,572,895.641,900.52,0.5,895.641,400464,746.7035,17,746.7405,839.6295,5401326,2338,False,839.7355,839.7065,0.029,0.028583,0,1,64,119888,2626560,0.07699999999999818,55.93449999999996,0.03700000000003456,reload-3-inventory
3,18,365.729,524.009,889.738,572,889.738,894.694,0.5,889.738,400464,746.7305,18,746.7495,839.0425,5401426,2338,False,839.1915,839.1585,0.034,0.033199,0,1,64,117600,2626560,0.11599999999998545,50.57950000000005,0.019000000000005457,reload-3-inventory
3,19,378.136,522.946,901.082,572,901.082,905.948,0.5,901.082,400464,746.7425,19,746.7575,840.2635,5401426,2338,False,840.3665,840.3395,0.027,0.026991,0,1,64,117600,2626560,0.07600000000002183,60.74249999999995,0.015000000000100044,reload-3-inventory
3,20,376.501,520.214,896.715,572,896.715,901.77,0.5,896.715,400464,746.7495,20,746.7625,840.8055,5401426,2338,False,840.9075,840.8755,0.032,0.032409,0,1,64,117600,2626560,0.06999999999993634,55.839500000000044,0.013000000000033651,reload-3-inventory
3,21,380.725,523.266,903.991,572,903.991,908.84,0.5,903.991,400464,746.7555,21,746.7705,841.2855,5401326,2338,False,841.3925,841.3555,0.037,0.036585,0,1,64,119888,2626560,0.07000000000005002,62.63549999999998,0.014999999999986358,reload-3-inventory
3,22,397.089,523.849,920.938,572,920.938,925.849,0.5,920.938,400464,746.7625,22,746.7815,842.7115,5401426,2338,False,842.8095,842.7625,0.047,0.04703,0,1,64,117600,2626560,0.051000000000044565,78.17549999999994,0.019000000000005457,reload-3-inventory
3,23,388.672,522.792,911.464,572,911.464,916.403,0.5,911.464,400464,746.7695,23,746.7905,843.6775,5401426,2338,False,843.7945,843.7265,0.069,0.068522,0,1,64,117600,2626560,0.04899999999997817,67.73750000000007,0.020999999999958163,reload-3-inventory
3,24,327.132,522.698,849.83,572,849.83,898.639,0.5,849.83,400464,746.7805,24,746.7985,844.2725,5401426,2338,False,844.4265,844.3215,0.105,0.104516,0,1,64,117600,2626560,0.04899999999997817,5.508500000000026,0.018000000000029104,reload-3-inventory
3,25,391.278,520.519,911.797,572,911.797,916.739,0.5,911.797,400464,746.7895,25,746.8005,845.0375,5401326,2338,False,845.1165,845.0855,0.031,0.030576,0,1,64,119888,2626560,0.04800000000000182,66.7115,0.011000000000080945,reload-3-inventory
3,26,352.103,523.51,875.613,572,875.613,880.628,0.5,875.613,400464,746.7955,26,746.8065,845.4965,5401426,2338,False,845.5745,845.5465,0.028,0.028502,0,1,64,117600,2626560,0.05000000000006821,30.06650000000002,0.011000000000080945,reload-3-inventory
3,27,323.672,522.988,846.66,572,846.66,854.581,0.5,846.66,400464,746.8015,27,746.8145,846.2245,5401426,2338,False,846.3835,846.2755,0.108,0.107591,0,1,64,117600,2626560,0.05099999999993088,0.38450000000000273,0.012999999999919964,reload-3-inventory
3,28,330.597,523.5,854.097,572,854.097,858.981,0.5,854.097,400464,746.8095,28,746.8235,846.8085,5401326,2338,False,846.9345,846.8905,0.044,0.043816,0,1,64,119888,2626560,0.08199999999999363,7.2065000000000055,0.014000000000010004,reload-3-inventory
3,29,342.966,522.643,865.609,572,865.609,871.275,0.5,865.609,400464,746.8155,29,746.8555,847.3535,5401426,2338,False,847.4385,847.4075,0.03,0.030496,0,1,64,117600,2626560,0.053999999999973625,18.20150000000001,0.03999999999996362,reload-3-inventory
3,30,356.589,521.342,877.931,572,877.931,884.203,0.5,877.931,400464,746.8205,30,746.8585,847.7565,5401426,2338,False,847.8315,847.8035,0.027,0.027301,0,1,64,117600,2626560,0.047000000000025466,30.127500000000055,0.038000000000010914,reload-3-inventory
3,31,403.99,522.247,926.237,572,926.237,932.192,0.5,926.237,400464,746.8535,31,746.8665,848.5455,5401426,2338,False,848.6535,848.5965,0.057,0.056945,0,1,64,117600,2626560,0.051000000000044565,77.64049999999997,0.012999999999919964,reload-3-inventory
3,32,405.817,521.206,927.023,572,927.023,932.109,0.5,927.023,400464,746.8625,32,746.8745,849.0065,5401326,2338,False,849.1205,849.0565,0.064,0.063626,0,1,64,119888,2626560,0.05000000000006821,77.9665,0.012000000000057298,reload-3-inventory
3,33,399.362,522.676,922.038,572,922.038,926.958,0.5,922.038,400464,746.8685,33,746.8815,849.6585,5401426,2338,False,849.7405,849.7115,0.029,0.028713,0,1,64,117600,2626560,0.05299999999999727,72.32650000000001,0.012999999999919964,reload-3-inventory
3,34,399.918,520.029,919.947,572,919.947,924.91,0.5,919.947,400464,746.8735,34,746.8875,850.5905,5401426,2338,False,850.6775,850.6405,0.037,0.037146,0,1,64,117600,2626560,0.049999999999954525,69.30650000000003,0.014000000000010004,reload-3-inventory
3,35,390.206,522.523,912.729,572,912.729,919.812,0.5,912.729,400464,746.8795,35,746.9015,851.4295,5401326,2338,False,851.5455,851.4775,0.067,0.067251,0,1,64,119888,2626560,0.04800000000000182,61.25150000000008,0.022000000000048203,reload-3-inventory
3,36,395.027,521.748,916.775,572,916.775,921.697,0.5,916.775,400464,746.8855,36,746.9085,852.2575,5401426,2338,False,852.4095,852.3125,0.097,0.097105,0,1,64,117600,2626560,0.05499999999994998,64.46249999999998,0.023000000000024556,reload-3-inventory
3,37,356.07,522.71,878.78,572,878.78,885.896,0.5,878.78,400464,746.8995,37,746.9125,852.8445,5401426,2338,False,852.9595,852.9305,0.029,0.028913,0,1,64,117600,2626560,0.08600000000001273,25.84949999999992,0.013000000000033651,reload-3-inventory
3,38,367.758,523.531,891.289,572,891.289,898.425,0.5,891.289,400464,746.9065,38,746.9185,853.5175,5401426,2338,False,853.6105,853.5695,0.041,0.041122,0,1,64,117600,2626560,0.05199999999990723,37.71950000000004,0.011999999999943611,reload-3-inventory
3,39,380.063,523.551,903.614,572,903.614,908.501,0.5,903.614,400464,746.9125,39,746.9265,854.4915,5401326,2338,False,854.5855,854.5545,0.031,0.030486,0,1,64,119888,2626560,0.06299999999998818,49.05950000000007,0.014000000000010004,reload-3-inventory
3,40,377.452,522.548,900.0,572,900.0,907.248,0.5,900.0,400464,746.9205,40,746.9345,853.7125,5401426,2338,False,853.8615,853.7795,0.083,0.082434,0,1,64,117600,2626560,0.06700000000000728,46.220500000000015,0.014000000000010004,reload-3-inventory
3,41,359.255,520.083,879.338,572,879.338,886.575,0.5,879.338,400464,746.9275,41,746.9435,854.9735,5401426,2338,False,855.0895,855.0335,0.056,0.056134,0,1,64,117600,2626560,0.06000000000005912,24.304499999999962,0.01599999999996271,reload-3-inventory
3,42,385.006,523.531,908.537,572,908.537,913.345,0.5,908.537,400464,746.9345,42,746.9545,856.6235,5401326,2338,False,856.7375,856.7055,0.032,0.031737,0,1,64,119888,2626560,0.08199999999999363,51.831500000000005,0.020000000000095497,reload-3-inventory
3,43,361.709,522.993,884.702,572,884.702,889.689,0.5,884.702,400464,746.9415,43,746.9615,858.5565,5401426,2338,False,858.7535,858.6635,0.09,0.090054,0,1,64,117600,2626560,0.1069999999999709,26.0385,0.01999999999998181,reload-3-inventory
3,44,356.778,523.364,880.142,572,880.142,885.04,0.5,880.142,400464,746.9555,44,746.9705,855.7285,5401426,2338,False,855.8405,855.7915,0.049,0.048633,0,1,64,117600,2626560,0.06299999999998818,24.35050000000001,0.014999999999986358,reload-3-inventory
3,45,374.085,523.083,897.168,572,897.168,902.317,0.5,897.168,400464,746.9625,45,746.9745,857.3055,5401426,2338,False,857.4275,857.3955,0.031,0.031117,0,1,64,117600,2626560,0.08999999999991815,39.772500000000036,0.012000000000057298,reload-3-inventory
3,46,387.063,522.69,909.753,572,909.753,914.962,0.5,909.753,400464,746.9695,46,746.9825,859.5015,5401326,2338,False,859.6055,859.5665,0.039,0.039319,0,1,64,119888,2626560,0.06500000000005457,50.186500000000024,0.012999999999919964,reload-3-inventory
3,47,384.977,522.648,907.625,572,907.625,912.896,0.5,907.625,400464,746.9755,47,746.9915,857.5145,5401426,2338,False,857.6445,857.5815,0.063,0.062534,0,1,64,117600,2626560,0.06700000000000728,50.043499999999995,0.01599999999996271,reload-3-inventory
3,48,365.272,519.588,884.86,572,884.86,890.678,0.5,884.86,400464,746.9825,48,746.9945,858.7045,5401426,2338,False,858.8275,858.7665,0.061,0.061301,0,1,64,117600,2626560,0.06199999999989814,26.093500000000063,0.012000000000057298,reload-3-inventory
3,49,391.516,520.001,911.517,572,911.517,916.548,0.5,911.517,400464,746.9895,49,747.0015,857.6715,5401426,2338,False,857.8395,857.7465,0.093,0.09323,0,1,64,117600,2626560,0.07499999999993179,53.770500000000084,0.011999999999943611,reload-3-inventory
3,50,358.709,522.934,881.643,572,881.643,886.637,0.5,881.643,400464,746.9965,50,747.0085,857.8905,5401326,2338,False,858.0305,857.9605,0.07,0.070085,0,1,64,119888,2626560,0.07000000000005002,23.682500000000005,0.012000000000057298,reload-3-inventory
3,51,374.764,523.933,898.697,572,898.697,905.001,0.5,898.697,400464,747.0035,51,747.0145,856.1495,5401426,2338,False,856.2635,856.2125,0.051,0.050926,0,1,64,117888,2626560,0.06299999999998818,42.484500000000025,0.010999999999967258,reload-3-inventory
3,52,383.375,522.629,906.004,572,906.004,910.952,0.5,906.004,400464,747.0095,52,747.0225,856.5525,5401426,2338,False,856.6535,856.6155,0.037,0.037286,0,1,64,117888,2626560,0.06299999999998818,49.38850000000002,0.013000000000033651,reload-3-inventory
3,53,369.345,522.625,891.97,572,891.97,897.112,0.5,891.97,400464,747.0165,53,747.0305,857.1585,5401326,2338,False,857.2995,857.2175,0.082,0.081753,0,1,64,117888,2626560,0.05899999999996908,34.752500000000055,0.014000000000010004,reload-3-inventory
3,54,360.409,522.648,883.057,572,883.057,888.027,0.5,883.057,400464,747.0215,54,747.0345,858.3855,5401426,2338,False,858.5245,858.4525,0.071,0.070916,0,1,64,117888,2626560,0.06700000000000728,24.60450000000003,0.013000000000033651,reload-3-inventory
3,55,367.176,523.656,890.832,572,890.832,897.238,0.5,890.832,400464,747.0285,55,747.0425,858.9385,5401426,2338,False,859.0725,858.9985,0.073,0.07341,0,1,64,117888,2626560,0.06000000000005912,31.833499999999958,0.014000000000010004,reload-3-inventory
3,56,372.441,523.548,895.989,572,895.989,900.923,0.5,895.989,400464,747.0365,56,747.0485,860.1695,5401426,2338,False,860.3025,860.2555,0.047,0.04697,0,1,64,117888,2626560,0.08600000000001273,35.73350000000005,0.011999999999943611,reload-3-inventory
3,57,364.152,522.496,886.648,572,886.648,891.919,0.5,886.648,400464,747.0425,57,747.0565,860.2945,5401326,2338,False,860.4135,860.3625,0.051,0.051016,0,1,64,117888,2626560,0.06799999999998363,26.28550000000007,0.014000000000010004,reload-3-inventory
3,58,393.818,520.419,914.237,572,914.237,919.115,0.5,914.237,400464,747.0505,58,747.0615,842.0275,5401426,2338,False,842.1485,842.0935,0.055,0.054291,0,1,64,117888,2626560,0.06599999999991724,72.14350000000002,0.010999999999967258,reload-3-inventory
3,59,372.229,522.784,895.013,572,895.013,900.008,0.5,895.013,400464,747.0555,59,747.0665,841.8715,5401426,2338,False,842.0405,841.9585,0.082,0.082013,0,1,64,117888,2626560,0.08699999999998909,53.054500000000075,0.010999999999967258,reload-3-inventory
3,60,371.03,519.993,891.023,572,891.023,895.929,0.5,891.023,400464,747.0615,60,747.0735,859.9955,5401326,2338,False,860.1725,860.0645,0.108,0.107641,0,1,64,117888,2626560,0.06899999999995998,30.958500000000072,0.011999999999943611,reload-3-inventory
3,61,362.644,523.369,886.013,572,886.013,893.261,0.5,886.013,400464,747.0665,61,747.0785,859.7875,5401426,2338,False,859.8975,859.8495,0.048,0.047651,0,1,64,117888,2626560,0.06200000000001182,26.1635,0.011999999999943611,reload-3-inventory
3,62,361.652,523.598,885.25,572,885.25,890.234,0.5,885.25,400464,747.0735,62,747.0835,859.7235,5401426,2338,False,859.8775,859.7915,0.086,0.085919,0,1,64,117888,2626560,0.06800000000009732,25.458499999999958,0.009999999999990905,reload-3-inventory
3,63,394.853,522.701,917.554,572,917.554,922.57,0.5,917.554,400464,747.0795,63,747.0945,843.1495,5401426,2338,False,843.2525,843.2205,0.032,0.031978,0,1,64,117888,2626560,0.07100000000002638,74.33349999999996,0.014999999999986358,reload-3-inventory
3,64,329.272,523.917,853.189,572,853.189,861.057,0.5,853.189,400464,747.0855,64,747.0985,843.8385,5401326,2338,False,843.9585,843.9055,0.052,0.052178,0,1,64,117888,2626560,0.06700000000000728,9.283500000000004,0.012999999999919964,reload-3-inventory
3,65,381.928,519.68,901.608,572,901.608,906.603,0.5,901.608,400464,747.0915,65,747.1065,845.9945,5401426,2338,False,846.1465,846.0725,0.074,0.073921,0,1,64,117888,2626560,0.07799999999997453,55.535499999999956,0.014999999999986358,reload-3-inventory
3,66,388.582,521.436,910.018,572,910.018,914.87,0.5,910.018,400464,747.0965,66,747.1135,844.9285,5401426,2338,False,845.0635,844.9955,0.068,0.068262,0,1,64,117888,2626560,0.06700000000000728,65.02250000000004,0.01700000000005275,reload-3-inventory
3,67,323.394,523.828,847.222,572,847.222,852.131,0.5,847.222,400464,747.1045,67,747.1245,846.8235,5401426,2338,False,846.9975,846.9125,0.085,0.085178,0,1,64,117888,2626560,0.08900000000005548,0.30949999999995725,0.01999999999998181,reload-3-inventory
3,68,325.522,522.682,848.204,572,848.204,853.342,0.5,848.204,400464,747.1125,68,747.1245,847.8535,5401326,2338,False,847.9715,847.9165,0.055,0.054542,0,1,64,117888,2626560,0.06299999999998818,0.28749999999990905,0.012000000000057298,reload-3-inventory
3,69,405.869,520.264,926.133,572,926.133,931.171,0.5,926.133,400464,747.1185,69,747.1315,848.3845,5401426,2338,False,848.4995,848.4505,0.049,0.049154,0,1,64,117888,2626560,0.06600000000003092,77.6825,0.012999999999919964,reload-3-inventory
3,70,401.585,522.639,924.224,572,924.224,929.066,0.5,924.224,400464,747.1245,70,747.1405,849.2435,5401426,2338,False,849.4895,849.3085,0.181,0.18064,0,1,64,117888,2626560,0.06499999999994088,74.91550000000007,0.01599999999996271,reload-3-inventory
3,71,395.041,523.948,918.989,572,918.989,923.905,0.5,918.989,400464,747.1305,71,747.1485,850.5305,5401326,2338,False,850.6675,850.5935,0.074,0.07373,0,1,64,117888,2626560,0.06299999999998818,68.39550000000008,0.018000000000029104,reload-3-inventory
3,72,401.784,522.696,924.48,572,924.48,929.409,0.5,924.48,400464,747.1395,72,747.1545,851.6645,5401426,2338,False,851.8465,851.7425,0.104,0.103716,0,1,64,117888,2626560,0.07799999999997453,72.73750000000007,0.014999999999986358,reload-3-inventory
3,73,356.104,522.674,878.778,572,878.778,886.11,0.5,878.778,400464,747.1465,73,747.1825,852.8605,5401426,2338,False,853.0605,852.9465,0.113,0.11327,0,1,64,117888,2626560,0.08600000000001273,25.831500000000005,0.03600000000005821,reload-3-inventory
3,74,357.019,522.721,879.74,572,879.74,884.826,0.5,879.74,400464,747.1525,74,747.1905,855.0125,5401426,2338,False,855.1185,855.0835,0.034,0.034341,0,1,64,117888,2626560,0.07099999999991269,24.65650000000005,0.038000000000010914,reload-3-inventory
3,75,378.222,520.452,898.674,572,898.674,903.568,0.5,898.674,400464,747.1815,75,747.1905,854.4305,5401326,2338,False,854.5285,854.4975,0.031,0.030666,0,1,64,117888,2626560,0.06699999999989359,44.17650000000003,0.009000000000014552,reload-3-inventory
3,76,382.448,522.683,905.131,572,905.131,909.981,0.5,905.131,400464,747.1855,76,747.2015,855.5555,5401426,2338,False,855.6565,855.6255,0.031,0.030526,0,1,64,117888,2626560,0.06999999999993634,49.505499999999984,0.01599999999996271,reload-3-inventory
3,77,372.85,519.614,892.464,572,892.464,898.636,0.5,892.464,400464,747.1905,77,747.2025,856.1065,5401426,2338,False,856.2145,856.1765,0.037,0.037366,0,1,64,117888,2626560,0.07000000000005002,36.28750000000002,0.011999999999943611,reload-3-inventory
3,78,360.569,520.135,880.704,572,880.704,885.667,0.5,880.704,400464,747.1945,78,747.2095,856.7315,5401326,2338,False,856.8705,856.7975,0.074,0.07353,0,1,64,117888,2626560,0.06600000000003092,23.906499999999937,0.015000000000100044,reload-3-inventory
3,79,358.789,522.896,881.685,572,881.685,888.807,0.5,881.685,400464,747.2015,79,747.2165,857.9115,5401426,2338,False,858.0225,857.9875,0.034,0.034231,0,1,64,117888,2626560,0.07599999999990814,23.69749999999999,0.014999999999986358,reload-3-inventory
3,80,382.448,519.923,902.371,572,902.371,907.576,0.5,902.371,400464,747.2085,80,747.2315,857.3815,5401426,2338,False,857.4955,857.4595,0.036,0.035844,0,1,64,117888,2626560,0.07800000000008822,44.91149999999993,0.023000000000024556,reload-3-inventory
3,81,361.72,522.733,884.453,572,884.453,889.459,0.5,884.453,400464,747.2145,81,747.2535,858.5685,5401426,2338,False,858.6975,858.6695,0.028,0.027932,0,1,64,117888,2626560,0.10099999999999909,25.783500000000004,0.03899999999998727,reload-3-inventory
3,82,363.541,523.133,886.674,572,886.674,892.382,0.5,886.674,400464,747.2325,82,747.2605,860.5105,5401326,2338,False,860.6185,860.5705,0.047,0.047261,0,1,64,117888,2626560,0.06000000000005912,26.10349999999994,0.02800000000002001,reload-3-inventory
3,83,377.382,519.923,897.305,572,897.305,904.02,0.5,897.305,400464,747.2525,83,747.2685,859.1015,5401426,2338,False,859.2065,859.1715,0.035,0.034932,0,1,64,117888,2626560,0.07000000000005002,38.13349999999991,0.01599999999996271,reload-3-inventory
3,84,392.543,522.462,915.005,572,915.005,919.867,0.5,915.005,400464,747.2575,84,747.2695,859.5495,5401426,2338,False,859.6575,859.5975,0.059,0.059129,0,1,64,117888,2626560,0.04800000000000182,55.40750000000003,0.011999999999943611,reload-3-inventory
3,85,396.595,522.445,919.04,572,919.04,926.171,0.5,919.04,400464,747.2625,85,747.2715,859.6185,5401326,2338,False,859.7355,859.6915,0.044,0.043616,0,1,64,117888,2626560,0.07299999999997908,59.348499999999945,0.008999999999900865,reload-3-inventory
3,86,377.242,523.731,900.973,572,900.973,905.778,0.5,900.973,400464,747.2665,86,747.2865,860.1885,5401426,2338,False,860.3005,860.2695,0.031,0.030576,0,1,64,117888,2626560,0.08100000000001728,40.70349999999996,0.020000000000095497,reload-3-inventory
3,87,387.313,519.985,907.298,572,907.298,914.311,0.5,907.298,400464,747.2715,87,747.2925,853.8175,5401426,2338,False,853.9315,853.8995,0.032,0.031548,0,1,64,117888,2626560,0.08199999999999363,53.39850000000001,0.02100000000007185,reload-3-inventory
3,88,357.688,521.356,879.044,572,879.044,885.996,0.5,879.044,400464,747.2855,88,747.2955,854.7755,5401426,2338,False,854.8735,854.8245,0.048,0.048433,0,1,64,117888,2626560,0.04899999999997817,24.21950000000004,0.009999999999990905,reload-3-inventory
3,89,358.127,521.913,880.04,572,880.04,884.969,0.5,880.04,400464,747.2905,89,747.3035,855.7055,5401326,2338,False,855.8165,855.7555,0.061,0.061171,0,1,64,117888,2626560,0.049999999999954525,24.28449999999998,0.013000000000033651,reload-3-inventory
3,90,388.313,522.688,911.001,572,911.001,918.122,0.5,911.001,400464,747.2965,90,747.3085,857.6605,5401426,2338,False,857.7915,857.7215,0.069,0.069283,0,1,64,117888,2626560,0.06100000000003547,53.279499999999985,0.011999999999943611,reload-3-inventory
3,91,356.995,523.457,880.452,572,880.452,886.592,0.5,880.452,400464,747.3025,91,747.3195,856.6345,5401426,2338,False,856.7825,856.7055,0.077,0.076674,0,1,64,117888,2626560,0.07100000000002638,23.74649999999997,0.016999999999939064,reload-3-inventory
3,92,360.577,522.626,883.203,572,883.203,888.15,0.5,883.203,400464,747.3085,92,747.3245,858.4805,5401426,2338,False,858.6175,858.5445,0.073,0.072619,0,1,64,117888,2626560,0.06399999999996453,24.658500000000004,0.01599999999996271,reload-3-inventory
3,93,361.137,522.654,883.791,572,883.791,888.736,0.5,883.791,400464,747.3195,93,747.3485,858.5395,5401326,2338,False,858.6975,858.6465,0.051,0.051156,0,1,64,117888,2626560,0.1069999999999709,25.144500000000107,0.028999999999996362,reload-3-inventory
3,94,362.143,522.517,884.66,572,884.66,889.844,0.5,884.66,400464,747.3265,94,747.3565,854.2265,5401426,2338,False,854.4065,854.2995,0.107,0.106449,0,1,64,117888,2626560,0.07299999999997908,30.360500000000002,0.029999999999972715,reload-3-inventory
3,95,358.843,520.074,878.917,572,878.917,883.939,0.5,878.917,400464,747.3485,95,747.3635,854.0605,5401426,2338,False,854.1585,854.1135,0.045,0.045428,0,1,64,117888,2626560,0.05299999999999727,24.803499999999985,0.015000000000100044,reload-3-inventory
3,96,356.528,522.577,879.105,572,879.105,884.6,0.5,879.105,400464,747.3555,96,747.3715,854.8375,5401326,2338,False,854.9375,854.8995,0.038,0.038227,0,1,64,117888,2626560,0.06200000000001182,24.20550000000003,0.01599999999996271,reload-3-inventory
3,97,384.068,523.464,907.532,572,907.532,912.394,0.5,907.532,400464,747.3625,97,747.3755,855.6435,5401426,2338,False,855.7695,855.7055,0.063,0.063145,0,1,64,117888,2626560,0.06200000000001182,51.82650000000001,0.013000000000033651,reload-3-inventory
3,98,365.983,523.957,889.94,572,889.94,895.213,0.5,889.94,400464,747.3695,98,747.3835,854.3045,5401426,2338,False,854.4555,854.3865,0.069,0.068633,0,1,64,117888,2626560,0.08199999999999363,35.5535000000001,0.014000000000010004,reload-3-inventory
3,99,379.453,520.802,900.255,572,900.255,905.09,0.5,900.255,400464,747.3745,99,747.3935,855.4255,5401426,2338,False,855.5795,855.5025,0.076,0.075903,0,1,64,117888,2626560,0.07699999999999818,44.75249999999994,0.019000000000005457,reload-3-inventory
3,100,386.628,519.648,906.276,572,906.276,911.433,0.5,906.276,400464,747.3845,100,747.4015,856.5825,5401326,2338,False,856.7565,856.6565,0.099,0.099269,0,1,64,117888,2626560,0.07400000000006912,49.6194999999999,0.01700000000005275,reload-3-inventory
3,101,361.107,520.127,881.234,572,881.234,886.586,0.5,881.234,400464,747.3945,101,747.4085,856.7745,5401426,2338,False,856.9275,856.8395,0.087,0.087221,0,1,64,117888,2626560,0.06500000000005457,24.394499999999994,0.014000000000010004,reload-3-inventory
3,102,387.47,520.061,907.531,572,907.531,912.547,0.5,907.531,400464,747.4005,102,747.4175,842.8285,5401426,2338,False,842.9645,842.8935,0.07,0.069975,0,1,64,117888,2626560,0.06500000000005457,64.63749999999993,0.01700000000005275,reload-3-inventory
3,103,349.691,522.51,872.201,572,872.201,877.12,0.5,872.201,400464,747.4085,103,747.4245,841.4235,5401326,2338,False,841.5775,841.5125,0.064,0.064257,0,1,64,117888,2626560,0.08900000000005548,30.688499999999976,0.01599999999996271,reload-3-inventory
3,104,323.877,521.219,845.096,572,845.096,853.14,0.5,845.096,400464,747.4165,104,747.4285,844.1745,5401426,2338,False,844.3495,844.2525,0.097,0.097075,0,1,64,117888,2626560,0.07800000000008822,0.8434999999999491,0.011999999999943611,reload-3-inventory
3,105,393.208,522.702,915.91,572,915.91,920.902,0.5,915.91,400464,747.4235,105,747.4375,845.2815,5401426,2338,False,845.4125,845.3515,0.061,0.061122,0,1,64,117888,2626560,0.06999999999993634,70.55849999999998,0.014000000000010004,reload-3-inventory
3,106,372.354,524.06,896.414,572,896.414,901.311,0.5,896.414,400464,747.4305,106,747.4415,845.9765,5401426,2338,False,846.1265,846.0475,0.079,0.078498,0,1,64,117888,2626560,0.07100000000002638,50.366499999999974,0.010999999999967258,reload-3-inventory
3,107,349.573,522.862,872.435,572,872.435,877.676,0.5,872.435,400464,747.4365,107,747.4485,847.6055,5401326,2338,False,847.7555,847.6795,0.075,0.075333,0,1,64,117888,2626560,0.07399999999995543,24.755499999999984,0.011999999999943611,reload-3-inventory
3,108,330.51,522.632,853.142,572,853.142,858.248,0.5,853.142,400464,747.4415,108,747.4555,846.6975,5401426,2338,False,846.8195,846.7795,0.04,0.039699,0,1,64,117888,2626560,0.08199999999999363,6.362500000000068,0.014000000000010004,reload-3-inventory
3,109,404.249,522.805,927.054,572,927.054,932.111,0.5,927.054,400464,747.4485,109,747.4675,848.2665,5401426,2338,False,848.4195,848.3475,0.072,0.071767,0,1,64,117888,2626560,0.08100000000001728,78.7065,0.019000000000005457,reload-3-inventory
3,110,403.84,523.983,927.823,572,927.823,933.026,0.5,927.823,400464,747.4585,110,747.4745,849.1635,5401326,2338,False,849.3025,849.2295,0.073,0.0732,0,1,64,117888,2626560,0.06600000000003092,78.59349999999995,0.016000000000076398,reload-3-inventory
3,111,401.031,523.858,924.889,572,924.889,929.846,0.5,924.889,400464,747.4675,111,747.4865,849.8005,5401426,2338,False,849.9015,849.8645,0.036,0.036224,0,1,64,117888,2626560,0.06399999999996453,75.02449999999999,0.019000000000005457,reload-3-inventory
3,112,333.575,519.832,853.407,572,853.407,860.598,0.5,853.407,400464,747.4795,112,747.4935,846.7175,5401426,2338,False,846.8835,846.7955,0.088,0.087641,0,1,64,117888,2626560,0.07799999999997453,6.611500000000092,0.014000000000010004,reload-3-inventory
3,113,379.517,522.139,901.656,572,901.656,906.535,0.5,901.656,400464,747.4855,113,747.4995,846.1045,5401426,2338,False,846.2255,846.1745,0.051,0.050836,0,1,64,117888,2626560,0.06999999999993634,55.48149999999998,0.014000000000010004,reload-3-inventory
3,114,401.939,519.793,921.732,572,921.732,926.679,0.5,921.732,400464,747.4935,114,747.5075,851.0075,5401326,2338,False,851.1285,851.0765,0.052,0.051698,0,1,64,117888,2626560,0.06899999999995998,70.65549999999996,0.014000000000010004,reload-3-inventory
3,115,397.762,520.426,918.188,572,918.188,924.861,0.5,918.188,400464,747.5005,115,747.5145,850.4455,5401426,2338,False,850.5755,850.5115,0.065,0.064487,0,1,64,117888,2626560,0.06599999999991724,67.67650000000003,0.014000000000010004,reload-3-inventory
3,116,361.755,522.532,884.287,572,884.287,890.915,0.5,884.287,400464,747.5085,116,747.5335,847.7805,5401426,2338,False,847.9175,847.8455,0.071,0.071056,0,1,64,117888,2626560,0.06500000000005457,36.44150000000002,0.024999999999977263,reload-3-inventory
3,117,406.658,520.361,927.019,572,927.019,931.95,0.5,927.019,400464,747.5175,117,747.5385,848.6135,5401426,2338,False,848.7435,848.6765,0.067,0.06683,0,1,64,117888,2626560,0.06299999999998818,78.34249999999997,0.020999999999958163,reload-3-inventory
3,118,404.676,522.835,927.511,572,927.511,933.026,0.5,927.511,400464,747.5295,118,747.5445,849.9365,5401326,2338,False,850.0905,850.0065,0.084,0.083726,0,1,64,117888,2626560,0.06999999999993634,77.50450000000001,0.014999999999986358,reload-3-inventory
3,119,399.726,520.183,919.909,572,919.909,924.897,0.5,919.909,400464,747.5355,119,747.5525,851.9575,5401426,2338,False,852.0535,852.0205,0.033,0.032549,0,1,64,117888,2626560,0.06299999999998818,67.88850000000002,0.01700000000005275,reload-3-inventory
3,120,393.421,523.519,916.94,572,916.94,921.943,0.5,916.94,400464,747.5445,120,747.5585,852.5235,5401426,2338,False,852.6705,852.5855,0.086,0.085529,0,1,64,117888,2626560,0.06200000000001182,64.35450000000003,0.014000000000010004,reload-3-inventory
3,121,375.389,522.83,898.219,572,898.219,905.321,0.5,898.219,400464,747.5525,121,747.5675,851.1345,5401326,2338,False,851.2365,851.1975,0.039,0.038858,0,1,64,117888,2626560,0.06299999999998818,47.02150000000006,0.014999999999986358,reload-3-inventory
3,122,361.611,523.268,884.879,572,884.879,890.03,0.5,884.879,400464,747.5595,122,747.5775,841.7855,5401426,2338,False,841.9505,841.8695,0.081,0.081111,0,1,64,117888,2626560,0.08400000000006003,43.0095,0.018000000000029104,reload-3-inventory
3,123,381.409,523.475,904.884,572,904.884,909.719,0.5,904.884,400464,747.5685,123,747.5815,841.9275,5401426,2338,False,842.0525,841.9955,0.057,0.056554,0,1,64,117888,2626560,0.06799999999998363,62.88850000000002,0.013000000000033651,reload-3-inventory
3,124,399.574,519.585,919.159,572,919.159,924.184,0.5,919.159,400464,747.5755,124,747.5885,842.6015,5401426,2338,False,842.7025,842.6675,0.035,0.034662,0,1,64,117888,2626560,0.06600000000003092,76.49149999999997,0.012999999999919964,reload-3-inventory
3,125,390.346,519.947,910.293,572,910.293,915.119,0.5,910.293,400464,747.5825,125,747.5965,843.3115,5401326,2338,False,843.5485,843.4745,0.074,0.074061,0,1,64,117888,2626560,0.16300000000001091,66.81849999999997,0.014000000000010004,reload-3-inventory
3,126,341.38,520.139,861.519,572,861.519,866.424,0.5,861.519,400464,747.5885,126,747.6025,844.0435,5401426,2338,False,844.1355,844.1055,0.03,0.029844,0,1,64,117888,2626560,0.06200000000001182,17.4135,0.014000000000010004,reload-3-inventory
3,127,391.388,523.519,914.907,572,914.907,919.818,0.5,914.907,400464,747.5945,127,747.6085,844.7695,5401426,2338,False,844.8805,844.8465,0.034,0.0335,0,1,64,117888,2626560,0.07699999999999818,70.06050000000005,0.014000000000010004,reload-3-inventory
3,128,362.18,523.546,885.726,572,885.726,890.601,0.5,885.726,400464,747.6015,128,747.6185,845.5465,5401326,2338,False,845.6415,845.6115,0.03,0.029595,0,1,64,117888,2626560,0.06499999999994088,40.11450000000002,0.01700000000005275,reload-3-inventory
3,129,384.162,522.477,906.639,572,906.639,911.469,0.5,906.639,400464,747.6095,129,747.6255,846.1875,5401426,2338,False,846.2885,846.2555,0.033,0.032548,0,1,64,117888,2626560,0.06799999999998363,60.383500000000026,0.01599999999996271,reload-3-inventory
3,130,331.159,522.658,853.817,572,853.817,858.647,0.5,853.817,400464,747.6165,130,747.6275,846.7955,5401426,2338,False,846.9345,846.8825,0.052,0.051607,0,1,64,117888,2626560,0.08700000000010277,6.934499999999957,0.011000000000080945,reload-3-inventory
3,131,344.279,523.245,867.524,572,867.524,872.348,0.5,867.524,400464,747.6235,131,747.6345,847.6225,5401426,2338,False,847.7295,847.6965,0.033,0.032789,0,1,64,117888,2626560,0.07400000000006912,19.827499999999986,0.010999999999967258,reload-3-inventory
3,132,401.301,520.817,922.118,572,922.118,927.759,0.5,922.118,400464,747.6295,132,747.6405,848.1785,5401326,2338,False,848.2765,848.2435,0.033,0.03342,0,1,64,117888,2626560,0.06500000000005457,73.87450000000001,0.010999999999967258,reload-3-inventory
3,133,405.495,519.647,925.142,572,925.142,930.432,0.5,925.142,400464,747.6355,133,747.6485,848.7965,5401426,2338,False,848.8935,848.8605,0.033,0.032589,0,1,64,117888,2626560,0.06399999999996453,76.28150000000005,0.013000000000033651,reload-3-inventory
3,134,401.341,520.442,921.783,572,921.783,926.908,0.5,921.783,400464,747.6425,134,747.6565,852.1945,5401426,2338,False,852.3905,852.2655,0.125,0.125328,0,1,64,117888,2626560,0.07100000000002638,69.51750000000004,0.014000000000010004,reload-3-inventory
3,135,395.762,522.679,918.441,572,918.441,924.4,0.5,918.441,400464,747.6475,135,747.6615,851.8435,5401426,2338,False,851.9395,851.9055,0.033,0.03293,0,1,64,117888,2626560,0.06200000000001182,66.53550000000007,0.014000000000010004,reload-3-inventory
3,136,396.787,523.55,920.337,572,920.337,925.547,0.5,920.337,400464,747.6555,136,747.6665,850.9745,5401326,2338,False,851.1005,851.0395,0.06,0.06038,0,1,64,117888,2626560,0.06499999999994088,69.29750000000001,0.011000000000080945,reload-3-inventory
3,137,397.332,522.666,919.998,572,919.998,924.841,0.5,919.998,400464,747.6625,137,747.6775,850.1565,5401426,2338,False,850.2995,850.2185,0.081,0.080871,0,1,64,117888,2626560,0.06199999999989814,69.7795000000001,0.014999999999986358,reload-3-inventory
3,138,392.444,523.479,915.923,572,915.923,921.998,0.5,915.923,400464,747.6685,138,747.6825,849.4275,5401426,2338,False,849.5675,849.4955,0.072,0.071918,0,1,64,117888,2626560,0.06799999999998363,66.42750000000001,0.014000000000010004,reload-3-inventory
3,139,363.553,522.642,886.195,572,886.195,891.111,0.5,886.195,400464,747.6785,139,747.6955,852.9845,5401326,2338,False,853.0805,853.0505,0.03,0.029795,0,1,64,117888,2626560,0.06600000000003092,33.144499999999994,0.01700000000005275,reload-3-inventory
3,140,358.934,519.905,878.839,572,878.839,885.91,0.5,878.839,400464,747.6845,140,747.6945,853.8355,5401426,2338,False,853.9445,853.9135,0.031,0.031297,0,1,64,117888,2626560,0.07799999999997453,24.925500000000056,0.009999999999990905,reload-3-inventory
3,141,377.249,523.208,900.457,572,900.457,905.559,0.5,900.457,400464,747.6905,141,747.7045,854.6695,5401426,2338,False,854.7685,854.7315,0.036,0.036455,0,1,64,117888,2626560,0.06200000000001182,45.72550000000001,0.014000000000010004,reload-3-inventory
3,142,372.311,522.967,895.278,572,895.278,900.215,0.5,895.278,400464,747.6955,142,747.7195,855.4385,5401426,2338,False,855.5605,855.5105,0.05,0.049664,0,1,64,117888,2626560,0.07200000000000273,39.76750000000004,0.02400000000000091,reload-3-inventory
3,143,229.757,522.705,752.462,572,752.462,866.68,0.5,752.462,400464,747.7045,143,747.7275,752.0485,5401326,2338,False,752.0705,752.0585,0.012,0.012038,0,1,4,8392,2626560,0.009999999999990905,0.4035000000000082,0.02299999999991087,reload-3-inventory
3,144,229.438,523.063,752.501,572,752.501,874.529,0.5,752.501,400464,747.7185,144,747.7355,752.0435,5401426,2338,False,752.0745,752.0605,0.013,0.01355,0,1,4,8392,2626560,0.01700000000005275,0.44049999999992906,0.01700000000005275,reload-3-inventory
3,145,369.245,520.839,890.084,572,890.084,894.961,0.5,890.084,400464,747.7275,145,747.7425,841.8155,5401426,2338,False,841.9235,841.8915,0.033,0.032559,0,1,64,117888,2626560,0.07599999999990814,48.192499999999995,0.014999999999986358,reload-3-inventory
3,146,351.082,523.509,874.591,572,874.591,879.494,0.5,874.591,400464,747.7355,146,747.7505,841.4425,5401326,2338,False,841.5765,841.5375,0.038,0.037986,0,1,64,117888,2626560,0.09500000000002728,33.053499999999985,0.014999999999986358,reload-3-inventory
3,147,231.072,521.68,752.752,572,752.752,898.564,0.5,752.752,400464,747.7435,147,747.7785,752.0795,5401426,2338,False,752.1005,752.0885,0.011,0.011237,0,1,4,8392,2626560,0.008999999999900865,0.6634999999999991,0.03499999999996817,reload-3-inventory
3,148,230.086,522.763,752.849,572,752.849,880.382,0.5,752.849,400464,747.7525,148,747.7835,752.1115,5401426,2338,False,752.1455,752.1205,0.024,0.024657,0,1,4,8392,2626560,0.009000000000014552,0.7285000000000537,0.03099999999994907,reload-3-inventory
3,149,229.217,523.65,752.867,572,752.867,868.1,0.5,752.867,400464,747.7765,149,747.7905,752.1595,5401426,2338,False,752.1845,752.1725,0.011,0.011517,0,1,4,8392,2626560,0.013000000000033651,0.6944999999999482,0.013999999999896318,reload-3-inventory
3,150,232.52,520.262,752.782,572,752.782,877.064,0.5,752.782,400464,747.7835,150,747.7985,752.1935,5401326,2338,False,752.2135,752.2025,0.011,0.011327,0,1,4,8392,2626560,0.009000000000014552,0.5795000000000528,0.014999999999986358,reload-3-inventory
3,151,229.804,522.94,752.744,572,752.744,861.683,0.5,752.744,400464,747.7925,151,747.8055,752.2235,5401426,2338,False,752.2445,752.2325,0.012,0.011807,0,1,4,8392,2626560,0.009000000000014552,0.5115000000000691,0.013000000000033651,reload-3-inventory
3,152,232.2,520.46,752.66,572,752.66,858.766,0.5,752.66,400464,747.8005,152,747.8135,752.2525,5401426,2338,False,752.2875,752.2725,0.015,0.015123,0,1,4,8392,2626560,0.01999999999998181,0.3874999999999318,0.012999999999919964,reload-3-inventory
3,153,229.65,523.255,752.905,572,752.905,894.748,0.5,752.905,400464,747.8075,153,747.8285,752.2965,5401326,2338,False,752.3505,752.3385,0.011,0.011777,0,1,4,8392,2626560,0.041999999999916326,0.5665000000000191,0.020999999999958163,reload-3-inventory
3,154,232.265,520.72,752.985,572,752.985,891.226,0.5,752.985,400464,747.8145,154,747.8375,752.4825,5401426,2338,False,752.5175,752.5035,0.013,0.01353,0,1,9,16834,2626560,0.02100000000007185,0.4814999999999827,0.023000000000024556,reload-3-inventory
3,155,230.501,522.628,753.129,572,753.129,890.811,0.5,753.129,400464,747.8295,155,747.8445,752.4255,5401426,2338,False,752.4745,752.4465,0.027,0.027391,0,1,9,16834,2626560,0.020999999999958163,0.6825000000000045,0.014999999999986358,reload-3-inventory
3,156,232.958,520.232,753.19,572,753.19,907.056,0.5,753.19,400464,747.8365,156,747.8525,752.3815,5401426,2338,False,752.4065,752.3945,0.012,0.012159,0,1,4,8392,2626560,0.013000000000033651,0.7955000000000609,0.01599999999996271,reload-3-inventory
3,157,230.704,522.685,753.389,572,753.389,865.748,0.5,753.389,400464,747.8445,157,747.8605,752.5245,5401326,2338,False,752.5535,752.5345,0.018,0.018447,0,1,9,16834,2626560,0.009999999999990905,0.85450000000003,0.01599999999996271,reload-3-inventory
3,158,233.143,520.011,753.154,572,753.154,891.478,0.5,753.154,400464,747.8515,158,747.8655,752.5645,5401426,2338,False,752.5985,752.5855,0.012,0.012669,0,1,9,16834,2626560,0.02100000000007185,0.5684999999999718,0.014000000000010004,reload-3-inventory
3,159,229.287,523.955,753.242,572,753.242,862.321,0.5,753.242,400464,747.8595,159,747.8755,752.6075,5401426,2338,False,752.6345,752.6195,0.015,0.015463,0,1,9,16834,2626560,0.012000000000057298,0.6224999999999454,0.01599999999996271,reload-3-inventory
3,160,229.249,523.732,752.981,572,752.981,901.563,0.5,752.981,400464,747.8665,160,747.8775,752.6495,5401426,2338,False,752.6775,752.6645,0.012,0.011858,0,1,9,16834,2626560,0.014999999999986358,0.3165000000000191,0.011000000000080945,reload-3-inventory
3,161,232.633,520.297,752.93,572,752.93,929.546,0.5,752.93,400464,747.8725,161,747.8895,752.6915,5401326,2338,False,752.7165,752.7025,0.014,0.014572,0,1,9,16834,2626560,0.010999999999967258,0.22749999999996362,0.01700000000005275,reload-3-inventory
3,162,229.503,523.456,752.959,572,752.959,887.727,0.5,752.959,400464,747.8795,162,747.8945,752.7595,5401426,2338,False,752.7955,752.7795,0.015,0.015684,0,1,9,16834,2626560,0.01999999999998181,0.1794999999999618,0.014999999999986358,reload-3-inventory
3,163,230.25,522.75,753.0,572,753.0,869.86,0.5,753.0,400464,747.8885,163,747.9015,752.7265,5401426,2338,False,752.7515,752.7385,0.013,0.012929,0,1,9,16834,2626560,0.012000000000057298,0.26149999999995543,0.013000000000033651,reload-3-inventory
3,164,229.697,523.833,753.53,572,753.53,851.69,0.5,753.53,400464,747.8955,164,747.9115,752.8055,5401326,2338,False,752.8355,752.8205,0.014,0.014362,0,1,13,25226,2626560,0.014999999999986358,0.7094999999999345,0.016000000000076398,reload-3-inventory
3,165,230.903,522.649,753.552,572,753.552,891.306,0.5,753.552,400464,747.9035,165,747.9225,752.8575,5401426,2338,False,752.8855,752.8705,0.014,0.014602,0,1,13,25226,2626560,0.013000000000033651,0.6815000000000282,0.019000000000005457,reload-3-inventory
3,166,230.824,522.676,753.5,572,753.5,878.697,0.5,753.5,400464,747.9095,166,747.9275,752.8945,5401426,2338,False,752.9315,752.9065,0.025,0.025398,0,1,13,25226,2626560,0.012000000000057298,0.5934999999999491,0.018000000000029104,reload-3-inventory
3,167,233.324,520.175,753.499,572,753.499,889.777,0.5,753.499,400464,747.9185,167,747.9325,752.9405,5401426,2338,False,752.9745,752.9535,0.021,0.021542,0,1,13,25226,2626560,0.012999999999919964,0.5455000000000609,0.014000000000010004,reload-3-inventory
3,168,230.088,523.75,753.838,572,753.838,874.57,0.5,753.838,400464,747.9265,168,747.9425,752.9845,5401326,2338,False,753.0265,753.0095,0.017,0.017156,0,1,13,25226,2626560,0.024999999999977263,0.8284999999999627,0.01599999999996271,reload-3-inventory
3,169,231.398,522.5,753.898,572,753.898,867.534,0.5,753.898,400464,747.9345,169,747.9485,753.3125,5401426,2338,False,753.3485,753.3325,0.021,0.015343,0,1,18,33668,2626560,0.01999999999998181,0.5655000000000427,0.014000000000010004,reload-3-inventory
3,170,231.397,522.565,753.962,572,753.962,845.045,0.5,753.962,400464,747.9425,170,747.9545,753.2145,5401426,2338,False,753.2515,753.2285,0.023,0.023094,0,1,18,33668,2626560,0.014000000000010004,0.7334999999999354,0.012000000000057298,reload-3-inventory
3,171,230.652,522.667,753.319,572,753.319,929.8,0.5,753.319,400464,747.9495,171,747.9635,753.1745,5401326,2338,False,753.2055,753.1875,0.017,0.017386,0,1,13,25226,2626560,0.013000000000033651,0.13149999999995998,0.014000000000010004,reload-3-inventory
3,172,233.515,519.914,753.429,572,753.429,860.716,0.5,753.429,400464,747.9565,172,747.9695,753.1395,5401426,2338,False,753.1655,753.1515,0.014,0.014201,0,1,13,25226,2626560,0.012000000000057298,0.27749999999991815,0.013000000000033651,reload-3-inventory
3,173,232.669,520.783,753.452,572,753.452,847.971,0.5,753.452,400464,747.9625,173,747.9745,753.0855,5401426,2338,False,753.1295,753.0975,0.031,0.031688,0,1,13,25226,2626560,0.011999999999943611,0.35450000000003,0.012000000000057298,reload-3-inventory
3,174,230.759,522.65,753.409,572,753.409,863.082,0.5,753.409,400464,747.9695,174,747.9805,753.0365,5401426,2338,False,753.0665,753.0525,0.013,0.01287,0,1,13,25226,2626560,0.01599999999996271,0.3564999999999827,0.010999999999967258,reload-3-inventory
3,175,232.43,521.376,753.806,572,753.806,896.585,0.5,753.806,400464,747.9755,175,747.9935,753.3585,5401326,2338,False,753.3885,753.3715,0.016,0.016515,0,1,18,33668,2626560,0.012999999999919964,0.43450000000007094,0.018000000000029104,reload-3-inventory
3,176,230.349,523.433,753.782,572,753.782,915.297,0.5,753.782,400464,747.9825,176,747.9935,753.3975,5401426,2338,False,753.4445,753.4195,0.025,0.024787,0,1,18,33668,2626560,0.021999999999934516,0.3625000000000682,0.011000000000080945,reload-3-inventory
3,177,230.087,523.608,753.695,572,753.695,917.337,0.5,753.695,400464,747.9885,177,748.0005,753.4635,5401426,2338,False,753.5035,753.4755,0.027,0.02711,0,1,18,33668,2626560,0.012000000000057298,0.2195000000000391,0.011999999999943611,reload-3-inventory
3,178,233.387,520.627,754.014,572,754.014,914.717,0.5,754.014,400464,747.9945,178,748.0145,753.5125,5401426,2338,False,753.5615,753.5265,0.035,0.035133,0,1,18,33668,2626560,0.014000000000010004,0.4874999999999545,0.01999999999998181,reload-3-inventory
3,179,230.235,523.936,754.171,572,754.171,921.402,0.5,754.171,400464,748.0035,179,748.0205,753.7325,5401326,2338,False,753.7975,753.7525,0.044,0.044657,0,1,22,42060,2626560,0.020000000000095497,0.41849999999999454,0.016999999999939064,reload-3-inventory
3,180,233.983,520.243,754.226,572,754.226,911.079,0.5,754.226,400464,748.0155,180,748.0275,753.6335,5401426,2338,False,753.7225,753.6905,0.032,0.031978,0,1,22,42060,2626560,0.05700000000001637,0.5354999999999563,0.012000000000057298,reload-3-inventory
3,181,233.16,520.897,754.057,572,754.057,909.672,0.5,754.057,400464,748.0225,181,748.0335,753.5745,5401426,2338,False,753.6195,753.5875,0.032,0.032299,0,1,18,33668,2626560,0.013000000000033651,0.4695000000000391,0.010999999999967258,reload-3-inventory
3,182,231.205,523.014,754.219,572,754.219,925.992,0.5,754.219,400464,748.0295,182,748.0445,753.8125,5401326,2338,False,753.8545,753.8285,0.026,0.025939,0,1,22,42060,2626560,0.01599999999996271,0.3905000000000882,0.014999999999986358,reload-3-inventory
3,183,234.726,519.88,754.606,572,754.606,850.181,0.5,754.606,400464,748.0365,183,748.0505,754.0575,5401426,2338,False,754.1035,754.0855,0.017,0.017446,0,1,27,50502,2626560,0.02800000000002001,0.52049999999997,0.014000000000010004,reload-3-inventory
3,184,231.713,522.707,754.42,572,754.42,866.082,0.5,754.42,400464,748.0425,184,748.0565,753.9855,5401426,2338,False,754.0485,754.0015,0.046,0.045919,0,1,22,42060,2626560,0.01599999999996271,0.41849999999999454,0.014000000000010004,reload-3-inventory
3,185,233.863,520.202,754.065,572,754.065,871.383,0.5,754.065,400464,748.0495,185,748.0635,753.9195,5401426,2338,False,753.9715,753.9395,0.032,0.032278,0,1,22,42060,2626560,0.01999999999998181,0.12550000000010186,0.014000000000010004,reload-3-inventory
3,186,233.809,520.527,754.336,572,754.336,923.306,0.5,754.336,400464,748.0585,186,748.0705,753.8635,5401326,2338,False,753.9105,753.8785,0.032,0.031778,0,1,22,42060,2626560,0.014999999999986358,0.4574999999999818,0.012000000000057298,reload-3-inventory
3,187,231.525,522.909,754.434,572,754.434,912.732,0.5,754.434,400464,748.0655,187,748.0835,754.2365,5401426,2338,False,754.2975,754.2515,0.047,0.0467,0,1,27,50502,2626560,0.014999999999986358,0.18250000000000455,0.017999999999915417,reload-3-inventory
3,188,232.135,522.512,754.647,572,754.647,879.877,0.5,754.647,400464,748.0725,188,748.0895,754.1565,5401426,2338,False,754.2265,754.1725,0.053,0.05324,0,1,27,50502,2626560,0.01599999999996271,0.47450000000003456,0.01700000000005275,reload-3-inventory
3,189,230.937,523.83,754.767,572,754.767,929.272,0.5,754.767,400464,748.0785,189,748.0915,754.3255,5401326,2338,False,754.3845,754.3505,0.034,0.03379,0,1,27,50502,2626560,0.024999999999977263,0.41650000000004184,0.013000000000033651,reload-3-inventory
3,190,231.945,522.954,754.899,572,754.899,929.73,0.5,754.899,400464,748.0835,190,748.0995,754.3945,5401426,2338,False,754.4625,754.4115,0.051,0.051046,0,1,27,50502,2626560,0.01700000000005275,0.4874999999999545,0.016000000000076398,reload-3-inventory
3,191,231.103,523.824,754.927,572,754.927,908.372,0.5,754.927,400464,748.0905,191,748.1085,754.4735,5401426,2338,False,754.5855,754.5535,0.032,0.032008,0,1,32,58944,2626560,0.08000000000004093,0.37350000000003547,0.018000000000029104,reload-3-inventory
3,192,232.226,522.647,754.873,572,754.873,905.603,0.5,754.873,400464,748.0985,192,748.1115,754.5955,5401426,2338,False,754.6615,754.6135,0.048,0.047801,0,1,32,58944,2626560,0.018000000000029104,0.25950000000000273,0.013000000000033651,reload-3-inventory
3,193,235.516,519.681,755.197,572,755.197,902.898,0.5,755.197,400464,748.1065,193,748.1175,754.8245,5401326,2338,False,754.8835,754.8405,0.043,0.042704,0,1,32,58944,2626560,0.016000000000076398,0.3564999999999827,0.010999999999967258,reload-3-inventory
3,194,232.307,522.758,755.065,572,755.065,903.502,0.5,755.065,400464,748.1115,194,748.1245,754.7435,5401426,2338,False,754.8145,754.7655,0.049,0.048834,0,1,32,58944,2626560,0.021999999999934516,0.29950000000008004,0.013000000000033651,reload-3-inventory
3,195,233.999,520.947,754.946,572,754.946,844.412,0.5,754.946,400464,748.1185,195,748.1305,754.6715,5401426,2338,False,754.7345,754.6865,0.048,0.048042,0,1,32,58944,2626560,0.014999999999986358,0.25950000000000273,0.011999999999943611,reload-3-inventory
3,196,232.567,522.654,755.221,572,755.221,902.341,0.5,755.221,400464,748.1245,196,748.1385,754.8935,5401326,2338,False,754.9595,754.9145,0.045,0.045168,0,1,36,67336,2626560,0.020999999999958163,0.3065000000000282,0.014000000000010004,reload-3-inventory
3,197,231.512,523.645,755.157,572,755.157,850.414,0.5,755.157,400464,748.1305,197,748.1415,754.9695,5401426,2338,False,755.0465,754.9895,0.056,0.056324,0,1,36,67336,2626560,0.01999999999998181,0.1675000000000182,0.010999999999967258,reload-3-inventory
3,198,231.517,523.833,755.35,572,755.35,853.23,0.5,755.35,400464,748.1365,198,748.1475,755.0695,5401426,2338,False,755.1455,755.0885,0.057,0.057216,0,1,36,67336,2626560,0.019000000000005457,0.2615000000000691,0.011000000000080945,reload-3-inventory
3,199,231.893,523.487,755.38,572,755.38,906.322,0.5,755.38,400464,748.1415,199,748.1535,755.1555,5401426,2338,False,755.2305,755.1715,0.059,0.059048,0,1,36,67336,2626560,0.016000000000076398,0.20849999999995816,0.012000000000057298,reload-3-inventory
3,200,233.025,522.469,755.494,572,755.494,858.32,0.5,755.494,400464,748.1465,200,748.1625,755.2415,5401326,2338,False,755.3975,755.3365,0.06,0.06019,0,1,41,75778,2626560,0.09500000000002728,0.15750000000002728,0.016000000000076398,reload-3-inventory
3,201,231.491,524.07,755.561,572,755.561,861.642,0.5,755.561,400464,748.1535,201,748.1695,755.4095,5401426,2338,False,755.4915,755.4315,0.06,0.05995,0,1,41,75778,2626560,0.022000000000048203,0.12950000000000728,0.01599999999996271,reload-3-inventory
3,202,232.449,523.17,755.619,572,755.619,867.168,0.5,755.619,400464,748.1605,202,748.1715,755.5025,5401426,2338,False,755.6015,755.5205,0.08,0.08034,0,1,41,75778,2626560,0.017999999999915417,0.09850000000005821,0.011000000000080945,reload-3-inventory
3,203,233.742,521.971,755.713,572,755.713,901.048,0.5,755.713,400464,748.1665,203,748.1845,755.6125,5401426,2338,False,755.6825,755.6325,0.05,0.050225,0,1,41,75778,2626560,0.020000000000095497,0.08049999999991542,0.017999999999915417,reload-3-inventory
3,204,236.202,519.597,755.799,572,755.799,843.944,0.5,755.799,400464,748.1715,204,748.1905,755.7055,5401326,2338,False,755.7985,755.7315,0.067,0.06713,0,1,45,84170,2626560,0.025999999999953616,0.06749999999999545,0.019000000000005457,reload-3-inventory
3,205,233.346,522.59,755.936,572,755.936,856.896,0.5,755.936,400464,748.1835,205,748.1935,755.8105,5401426,2338,False,755.8715,755.8295,0.041,0.041142,0,1,45,84170,2626560,0.019000000000005457,0.10649999999998272,0.009999999999990905,reload-3-inventory
3,206,236.044,519.942,755.986,572,755.986,878.856,0.5,755.986,400464,748.1885,206,748.2005,755.8805,5401426,2338,False,755.9695,755.9055,0.064,0.063615,0,1,45,84170,2626560,0.024999999999977263,0.0805000000000291,0.012000000000057298,reload-3-inventory
3,207,233.401,522.662,756.063,572,756.063,889.189,0.5,756.063,400464,748.1945,207,748.2055,755.9835,5401326,2338,False,756.0375,756.0035,0.033,0.03344,0,1,45,84170,2626560,0.01999999999998181,0.059499999999957254,0.011000000000080945,reload-3-inventory
3,208,233.706,522.435,756.141,572,756.141,865.14,0.5,756.141,400464,748.2005,208,748.2105,756.0475,5401426,2338,False,756.1405,756.0725,0.068,0.067781,0,1,45,84170,2626560,0.024999999999977263,0.0684999999999718,0.009999999999990905,reload-3-inventory
3,209,235.856,520.406,756.262,572,756.262,853.283,0.5,756.262,400464,748.2045,209,748.2195,756.1515,5401426,2338,False,756.2445,756.1835,0.06,0.06019,0,1,50,92612,2626560,0.03199999999992542,0.07849999999996271,0.014999999999986358,reload-3-inventory
3,210,232.522,523.822,756.344,572,756.344,873.909,0.5,756.344,400464,748.2095,210,748.2255,756.2545,5401426,2338,False,756.3525,756.2745,0.078,0.078147,0,1,50,92612,2626560,0.01999999999998181,0.06950000000006185,0.01599999999996271,reload-3-inventory
3,211,228.472,524.069,752.541,572,752.541,867.449,0.5,752.541,400464,748.2175,211,748.2285,752.0545,5401326,2338,False,752.0795,752.0645,0.014,0.014391,0,1,4,8392,2626560,0.009999999999990905,0.47650000000010095,0.011000000000080945,reload-3-inventory
3,212,230.191,522.645,752.836,572,752.836,874.362,0.5,752.836,400464,748.2235,212,748.2345,752.0915,5401426,2338,False,752.1135,752.1015,0.011,0.011728,0,1,4,8392,2626560,0.009999999999990905,0.7345000000000255,0.011000000000080945,reload-3-inventory
3,213,229.934,522.943,752.877,572,752.877,872.968,0.5,752.877,400464,748.2295,213,748.2405,752.1535,5401426,2338,False,752.1775,752.1635,0.013,0.01362,0,1,4,8392,2626560,0.009999999999990905,0.7134999999999536,0.010999999999967258,reload-3-inventory
3,214,229.471,523.37,752.841,572,752.841,873.94,0.5,752.841,400464,748.2345,214,748.2465,752.1205,5401326,2338,False,752.1435,752.1315,0.012,0.011948,0,1,4,8392,2626560,0.010999999999967258,0.7095000000000482,0.011999999999943611,reload-3-inventory
3,215,233.133,519.57,752.703,572,752.703,869.933,0.5,752.703,400464,748.2415,215,748.2595,752.1845,5401426,2338,False,752.2045,752.1925,0.011,0.011567,0,1,4,8392,2626560,0.008000000000038199,0.5104999999999791,0.018000000000029104,reload-3-inventory
3,216,229.53,523.718,753.248,572,753.248,909.534,0.5,753.248,400464,748.2485,216,748.2655,752.4265,5401426,2338,False,752.4685,752.4535,0.015,0.014852,0,1,9,16834,2626560,0.02699999999992997,0.7945000000000846,0.016999999999939064,reload-3-inventory
3,217,230.544,522.619,753.163,572,753.163,840.146,0.5,753.163,400464,748.2595,217,748.2715,752.3975,5401426,2338,False,752.4175,752.4065,0.011,0.011056,0,1,4,8392,2626560,0.009000000000014552,0.75649999999996,0.011999999999943611,reload-3-inventory
3,218,233.152,519.913,753.065,572,753.065,854.016,0.5,753.065,400464,748.2665,218,748.2775,752.3505,5401326,2338,False,752.3885,752.3765,0.011,0.011417,0,1,4,8392,2626560,0.025999999999953616,0.68850000000009,0.011000000000080945,reload-3-inventory
3,219,230.238,522.689,752.927,572,752.927,847.611,0.5,752.927,400464,748.2725,219,748.2845,752.3135,5401426,2338,False,752.3405,752.3225,0.018,0.017897,0,1,4,8392,2626560,0.009000000000014552,0.60450000000003,0.011999999999943611,reload-3-inventory
3,220,229.772,523.022,752.794,572,752.794,854.349,0.5,752.794,400464,748.2795,220,748.2905,752.2835,5401426,2338,False,752.3065,752.2925,0.013,0.01356,0,1,4,8392,2626560,0.009000000000014552,0.5014999999999645,0.010999999999967258,reload-3-inventory
3,221,230.254,522.545,752.799,572,752.799,872.164,0.5,752.799,400464,748.2855,221,748.2995,752.2505,5401326,2338,False,752.2715,752.2595,0.012,0.012329,0,1,4,8392,2626560,0.009000000000014552,0.5394999999999754,0.014000000000010004,reload-3-inventory
3,222,233.179,519.618,752.797,572,752.797,899.48,0.5,752.797,400464,748.2925,222,748.3045,752.2125,5401426,2338,False,752.2335,752.2205,0.012,0.011838,0,1,4,8392,2626560,0.008000000000038199,0.57650000000001,0.011999999999943611,reload-3-inventory
3,223,232.738,520.252,752.99,572,752.99,873.564,0.5,752.99,400464,748.2985,223,748.3175,752.4775,5401426,2338,False,752.5005,752.4885,0.011,0.011227,0,1,9,16834,2626560,0.011000000000080945,0.5014999999999645,0.019000000000005457,reload-3-inventory
3,224,230.463,522.688,753.151,572,753.151,853.351,0.5,753.151,400464,748.3085,224,748.3175,752.5485,5401426,2338,False,752.5785,752.5635,0.014,0.014722,0,1,9,16834,2626560,0.014999999999986358,0.5874999999999773,0.009000000000014552,reload-3-inventory
3,225,230.653,522.526,753.179,572,753.179,876.77,0.5,753.179,400464,748.3135,225,748.3235,752.5905,5401326,2338,False,752.6135,752.6015,0.012,0.012418,0,1,9,16834,2626560,0.010999999999967258,0.5774999999999864,0.009999999999990905,reload-3-inventory
3,226,230.559,522.511,753.07,572,753.07,918.93,0.5,753.07,400464,748.3185,226,748.3355,752.6225,5401426,2338,False,752.6485,752.6335,0.014,0.014432,0,1,9,16834,2626560,0.011000000000080945,0.43650000000002365,0.01700000000005275,reload-3-inventory
3,227,232.298,520.671,752.969,572,752.969,848.534,0.5,752.969,400464,748.3235,227,748.3435,752.6565,5401426,2338,False,752.6785,752.6665,0.012,0.011907,0,1,9,16834,2626560,0.009999999999990905,0.3025000000000091,0.01999999999998181,reload-3-inventory
3,228,230.531,522.493,753.024,572,753.024,876.381,0.5,753.024,400464,748.3355,228,748.3505,752.7205,5401426,2338,False,752.7465,752.7335,0.013,0.012819,0,1,9,16834,2626560,0.013000000000033651,0.2904999999999518,0.014999999999986358,reload-3-inventory
3,229,230.535,522.662,753.197,572,753.197,877.29,0.5,753.197,400464,748.3435,229,748.3575,752.6875,5401326,2338,False,752.7125,752.6965,0.015,0.014792,0,1,9,16834,2626560,0.009000000000014552,0.5004999999999882,0.014000000000010004,reload-3-inventory
3,230,229.221,523.956,753.177,572,753.177,922.222,0.5,753.177,400464,748.3525,230,748.3845,752.7555,5401426,2338,False,752.7855,752.7695,0.015,0.015173,0,1,9,16834,2626560,0.014000000000010004,0.4075000000000273,0.03200000000003911,reload-3-inventory
3,231,233.572,519.848,753.42,572,753.42,899.848,0.5,753.42,400464,748.3735,231,748.3895,752.7945,5401426,2338,False,752.8235,752.8105,0.013,0.013129,0,1,13,25226,2626560,0.016000000000076398,0.6094999999999118,0.01599999999996271,reload-3-inventory
3,232,233.616,520.008,753.624,572,753.624,845.458,0.5,753.624,400464,748.3815,232,748.3925,752.8345,5401326,2338,False,752.8705,752.8535,0.017,0.016825,0,1,13,25226,2626560,0.019000000000005457,0.77049999999997,0.011000000000080945,reload-3-inventory
3,233,230.022,523.506,753.528,572,753.528,869.385,0.5,753.528,400464,748.3865,233,748.4035,752.8805,5401426,2338,False,752.9095,752.8925,0.016,0.016114,0,1,13,25226,2626560,0.012000000000057298,0.6354999999999791,0.01700000000005275,reload-3-inventory
3,234,230.995,522.667,753.662,572,753.662,864.658,0.5,753.662,400464,748.3945,234,748.4185,752.9745,5401426,2338,False,753.0005,752.9865,0.013,0.01324,0,1,13,25226,2626560,0.011999999999943611,0.6755000000000564,0.02400000000000091,reload-3-inventory
3,235,230.371,523.23,753.601,572,753.601,846.908,0.5,753.601,400464,748.4025,235,748.4235,752.9175,5401426,2338,False,752.9645,752.9335,0.03,0.030496,0,1,13,25226,2626560,0.01599999999996271,0.6675000000000182,0.020999999999958163,reload-3-inventory
3,236,233.436,520.025,753.461,572,753.461,907.772,0.5,753.461,400464,748.4145,236,748.4285,753.0095,5401326,2338,False,753.0555,753.0295,0.026,0.026129,0,1,13,25226,2626560,0.01999999999998181,0.4315000000000282,0.014000000000010004,reload-3-inventory
3,237,230.07,523.384,753.454,572,753.454,904.71,0.5,753.454,400464,748.4215,237,748.4365,753.1505,5401426,2338,False,753.1975,753.1615,0.035,0.035604,0,1,13,25226,2626560,0.011000000000080945,0.2924999999999045,0.014999999999986358,reload-3-inventory
3,238,233.241,520.166,753.407,572,753.407,855.477,0.5,753.407,400464,748.4285,238,748.4435,753.1105,5401426,2338,False,753.1405,753.1225,0.017,0.017316,0,1,13,25226,2626560,0.011999999999943611,0.2845000000000937,0.014999999999986358,reload-3-inventory
3,239,230.472,523.192,753.664,572,753.664,911.424,0.5,753.664,400464,748.4365,239,748.4495,753.0655,5401326,2338,False,753.0985,753.0825,0.015,0.015504,0,1,13,25226,2626560,0.016999999999939064,0.5815000000000055,0.012999999999919964,reload-3-inventory
3,240,231.322,522.673,753.995,572,753.995,901.808,0.5,753.995,400464,748.4435,240,748.4585,753.2075,5401426,2338,False,753.2545,753.2215,0.033,0.032709,0,1,18,33668,2626560,0.014000000000010004,0.7735000000000127,0.014999999999986358,reload-3-inventory
3,241,232.581,521.399,753.98,572,753.98,908.519,0.5,753.98,400464,748.4495,241,748.4625,753.2675,5401426,2338,False,753.3115,753.2795,0.031,0.031467,0,1,18,33668,2626560,0.011999999999943611,0.7005000000000337,0.013000000000033651,reload-3-inventory
3,242,231.089,522.537,753.626,572,753.626,903.875,0.5,753.626,400464,748.4555,242,748.4705,753.3225,5401426,2338,False,753.3705,753.3405,0.03,0.029775,0,1,18,33668,2626560,0.018000000000029104,0.28549999999995634,0.014999999999986358,reload-3-inventory
3,243,234.029,519.674,753.703,572,753.703,895.412,0.5,753.703,400464,748.4635,243,748.4795,753.3795,5401326,2338,False,753.4345,753.3935,0.041,0.040831,0,1,18,33668,2626560,0.014000000000010004,0.30949999999995725,0.016000000000076398,reload-3-inventory
3,244,232.505,521.314,753.819,572,753.819,927.972,0.5,753.819,400464,748.4705,244,748.4875,753.4425,5401426,2338,False,753.4915,753.4615,0.03,0.029785,0,1,18,33668,2626560,0.019000000000005457,0.3574999999999591,0.016999999999939064,reload-3-inventory
3,245,233.645,520.191,753.836,572,753.836,926.647,0.5,753.836,400464,748.4785,245,748.4935,753.5015,5401426,2338,False,753.5365,753.5145,0.022,0.021842,0,1,18,33668,2626560,0.013000000000033651,0.32150000000001455,0.014999999999986358,reload-3-inventory
3,246,231.453,522.458,753.911,572,753.911,877.16,0.5,753.911,400464,748.4855,246,748.4995,753.5475,5401426,2338,False,753.5745,753.5605,0.014,0.013981,0,1,18,33668,2626560,0.013000000000033651,0.3504999999998972,0.014000000000010004,reload-3-inventory
3,247,234.584,519.578,754.162,572,754.162,915.094,0.5,754.162,400464,748.4925,247,748.5275,753.5845,5401326,2338,False,753.6145,753.5965,0.018,0.017787,0,1,18,33668,2626560,0.011999999999943611,0.5655000000000427,0.035000000000081855,reload-3-inventory
3,248,230.616,523.639,754.255,572,754.255,907.432,0.5,754.255,400464,748.5005,248,748.5305,753.6235,5401426,2338,False,753.6715,753.6375,0.034,0.03376,0,1,22,42060,2626560,0.014000000000010004,0.61749999999995,0.029999999999972715,reload-3-inventory
3,249,231.275,522.95,754.225,572,754.225,878.713,0.5,754.225,400464,748.5255,249,748.5355,753.6805,5401426,2338,False,753.7255,753.6935,0.032,0.031908,0,1,22,42060,2626560,0.012999999999919964,0.5315000000000509,0.009999999999990905,reload-3-inventory
3,250,230.538,523.63,754.168,572,754.168,892.908,0.5,754.168,400464,748.5315,250,748.5425,753.7345,5401326,2338,False,753.7985,753.7485,0.049,0.049494,0,1,22,42060,2626560,0.014000000000010004,0.4194999999999709,0.010999999999967258,reload-3-inventory
3,251,234.395,519.966,754.361,572,754.361,866.288,0.5,754.361,400464,748.5375,251,748.5505,753.8255,5401426,2338,False,753.8695,753.8455,0.023,0.023215,0,1,22,42060,2626560,0.01999999999998181,0.5154999999999745,0.013000000000033651,reload-3-inventory
3,252,230.581,523.485,754.066,572,754.066,926.948,0.5,754.066,400464,748.5445,252,748.5565,753.8795,5401426,2338,False,753.9245,753.8935,0.031,0.030776,0,1,22,42060,2626560,0.014000000000010004,0.17250000000001364,0.012000000000057298,reload-3-inventory
3,253,231.968,522.58,754.548,572,754.548,860.911,0.5,754.548,400464,748.5495,253,748.5645,754.0465,5401426,2338,False,754.0935,754.0615,0.032,0.031868,0,1,27,50502,2626560,0.014999999999986358,0.48649999999997817,0.014999999999986358,reload-3-inventory
3,254,230.445,523.976,754.421,572,754.421,862.39,0.5,754.421,400464,748.5555,254,748.5715,753.9885,5401326,2338,False,754.0365,754.0015,0.035,0.034822,0,1,22,42060,2626560,0.012999999999919964,0.4195000000000846,0.01599999999996271,reload-3-inventory
3,255,230.333,523.811,754.144,572,754.144,927.739,0.5,754.144,400464,748.5655,255,748.5795,753.9335,5401426,2338,False,753.9795,753.9475,0.031,0.031628,0,1,22,42060,2626560,0.014000000000010004,0.19650000000001455,0.014000000000010004,reload-3-inventory
3,256,231.977,522.669,754.646,572,754.646,847.317,0.5,754.646,400464,748.5725,256,748.5865,754.1525,5401426,2338,False,754.2045,754.1675,0.037,0.036735,0,1,27,50502,2626560,0.014999999999986358,0.47849999999994,0.014000000000010004,reload-3-inventory
3,257,231.671,522.798,754.469,572,754.469,846.078,0.5,754.469,400464,748.5785,257,748.5915,754.2145,5401326,2338,False,754.2815,754.2305,0.05,0.050576,0,1,27,50502,2626560,0.01599999999996271,0.23850000000004457,0.013000000000033651,reload-3-inventory
3,258,231.019,523.465,754.484,572,754.484,853.156,0.5,754.484,400464,748.5845,258,748.5965,754.2905,5401426,2338,False,754.3405,754.3045,0.036,0.036024,0,1,27,50502,2626560,0.014000000000010004,0.1795000000000755,0.011999999999943611,reload-3-inventory
3,259,231.301,523.462,754.763,572,754.763,854.707,0.5,754.763,400464,748.5915,259,748.6135,754.3495,5401426,2338,False,754.4185,754.3675,0.051,0.051177,0,1,27,50502,2626560,0.017999999999915417,0.3955000000000837,0.022000000000048203,reload-3-inventory
3,260,231.274,523.645,754.919,572,754.919,868.495,0.5,754.919,400464,748.5975,260,748.6175,754.4295,5401426,2338,False,754.4785,754.4445,0.034,0.033771,0,1,32,58944,2626560,0.014999999999986358,0.47450000000003456,0.01999999999998181,reload-3-inventory
3,261,234.246,520.632,754.878,572,754.878,857.83,0.5,754.878,400464,748.6105,261,748.6235,754.4865,5401326,2338,False,754.5715,754.5195,0.052,0.052488,0,1,32,58944,2626560,0.03300000000001546,0.3585000000000491,0.013000000000033651,reload-3-inventory
3,262,233.903,520.853,754.756,572,754.756,865.423,0.5,754.756,400464,748.6155,262,748.6305,754.5815,5401426,2338,False,754.6455,754.5965,0.048,0.048483,0,1,32,58944,2626560,0.014999999999986358,0.15949999999998,0.014999999999986358,reload-3-inventory
3,263,232.343,522.584,754.927,572,754.927,877.212,0.5,754.927,400464,748.6235,263,748.6385,754.7305,5401426,2338,False,754.7905,754.7445,0.045,0.045608,0,1,32,58944,2626560,0.014000000000010004,0.18250000000000455,0.014999999999986358,reload-3-inventory
3,264,234.99,519.932,754.922,572,754.922,862.447,0.5,754.922,400464,748.6315,264,748.6465,754.6545,5401326,2338,False,754.7175,754.6695,0.048,0.047962,0,1,32,58944,2626560,0.014999999999986358,0.25250000000005457,0.014999999999986358,reload-3-inventory
3,265,232.439,522.668,755.107,572,755.107,903.638,0.5,755.107,400464,748.6395,265,748.6615,754.8155,5401426,2338,False,754.8495,754.8325,0.017,0.017496,0,1,32,58944,2626560,0.016999999999939064,0.2744999999999891,0.022000000000048203,reload-3-inventory
3,266,235.5,519.74,755.24,572,755.24,920.279,0.5,755.24,400464,748.6485,266,748.6675,754.8655,5401426,2338,False,754.9615,754.8815,0.08,0.079639,0,1,36,67336,2626560,0.01599999999996271,0.3585000000000491,0.019000000000005457,reload-3-inventory
3,267,228.828,524.052,752.88,572,752.88,916.89,0.5,752.88,400464,748.6605,267,748.6755,752.1405,5401426,2338,False,752.1575,752.1475,0.009,0.009094,0,1,4,8392,2626560,0.007000000000061846,0.7324999999999591,0.015000000000100044,reload-3-inventory
3,268,229.136,523.741,752.877,572,752.877,840.52,0.5,752.877,400464,748.6665,268,748.6815,752.1175,5401326,2338,False,752.1345,752.1245,0.009,0.009384,0,1,4,8392,2626560,0.007000000000061846,0.7524999999999409,0.014999999999986358,reload-3-inventory
3,269,232.29,522.868,755.158,572,755.158,859.676,0.5,755.158,400464,748.6745,269,748.6885,754.9715,5401426,2338,False,755.0495,754.9925,0.056,0.056084,0,1,36,67336,2626560,0.020999999999958163,0.16550000000006548,0.014000000000010004,reload-3-inventory
3,270,228.84,524.03,752.87,572,752.87,845.06,0.5,752.87,400464,748.6805,270,748.6955,752.1625,5401426,2338,False,752.1855,752.1745,0.01,0.010335,0,1,4,8392,2626560,0.011999999999943611,0.6955000000000382,0.014999999999986358,reload-3-inventory
3,271,229.599,523.228,752.827,572,752.827,850.653,0.5,752.827,400464,748.6865,271,748.6985,752.1975,5401426,2338,False,752.2135,752.2045,0.008,0.008814,0,1,4,8392,2626560,0.007000000000061846,0.6224999999999454,0.011999999999943611,reload-3-inventory
3,272,231.4,521.568,752.968,572,752.968,925.831,0.5,752.968,400464,748.6935,272,748.7055,752.3155,5401326,2338,False,752.3375,752.3225,0.014,0.014211,0,1,4,8392,2626560,0.006999999999948159,0.64549999999997,0.012000000000057298,reload-3-inventory
3,273,230.291,522.068,752.359,572,752.359,858.321,0.5,752.359,400464,748.6995,273,748.7125,752.2915,5401426,2338,False,752.3105,752.2995,0.01,0.010776,0,1,4,8392,2626560,0.007999999999924512,0.05950000000007094,0.013000000000033651,reload-3-inventory
3,274,230.474,522.269,752.743,572,752.743,867.394,0.5,752.743,400464,748.7055,274,748.7185,752.2205,5401426,2338,False,752.2355,752.2265,0.008,0.008783,0,1,4,8392,2626560,0.005999999999971806,0.5165000000000646,0.012999999999919964,reload-3-inventory
3,275,229.055,523.858,752.913,572,752.913,922.797,0.5,752.913,400464,748.7135,275,748.7285,752.3435,5401326,2338,False,752.3645,752.3555,0.009,0.009364,0,1,4,8392,2626560,0.012000000000057298,0.5575000000000045,0.015000000000100044,reload-3-inventory
3,276,229.372,523.527,752.899,572,752.899,841.71,0.5,752.899,400464,748.7205,276,748.7325,752.3705,5401426,2338,False,752.3865,752.3775,0.009,0.008933,0,1,4,8392,2626560,0.007000000000061846,0.5214999999999463,0.011999999999943611,reload-3-inventory
3,277,232.673,520.525,753.198,572,753.198,908.377,0.5,753.198,400464,748.7265,277,748.7375,752.4075,5401426,2338,False,752.4375,752.4225,0.015,0.014913,0,1,9,16834,2626560,0.014999999999986358,0.7754999999999654,0.010999999999967258,reload-3-inventory
3,278,232.714,520.494,753.208,572,753.208,900.004,0.5,753.208,400464,748.7325,278,748.7455,752.4445,5401426,2338,False,752.4625,752.4525,0.01,0.009895,0,1,9,16834,2626560,0.008000000000038199,0.7554999999999836,0.013000000000033651,reload-3-inventory
3,279,230.654,522.517,753.171,572,753.171,856.433,0.5,753.171,400464,748.7375,279,748.7525,752.4725,5401326,2338,False,752.4985,752.4865,0.012,0.012358,0,1,9,16834,2626560,0.014000000000010004,0.6845000000000709,0.015000000000100044,reload-3-inventory
3,280,233.625,520.006,753.631,572,753.631,839.403,0.5,753.631,400464,748.7465,280,748.7595,752.8505,5401426,2338,False,752.8815,752.8635,0.017,0.017437,0,1,13,25226,2626560,0.013000000000033651,0.7674999999999272,0.013000000000033651,reload-3-inventory
3,281,230.92,522.53,753.45,572,753.45,851.668,0.5,753.45,400464,748.7515,281,748.7655,752.8115,5401426,2338,False,752.8415,752.8285,0.013,0.012799,0,1,13,25226,2626560,0.016999999999939064,0.6215000000000828,0.014000000000010004,reload-3-inventory
3,282,229.25,523.821,753.071,572,753.071,849.486,0.5,753.071,400464,748.7585,282,748.7725,752.7735,5401326,2338,False,752.7995,752.7835,0.015,0.015613,0,1,9,16834,2626560,0.009999999999990905,0.28750000000002274,0.014000000000010004,reload-3-inventory
3,283,230.64,522.471,753.111,572,753.111,866.217,0.5,753.111,400464,748.7655,283,748.7785,752.7405,5401426,2338,False,752.7635,752.7505,0.012,0.012248,0,1,9,16834,2626560,0.009999999999990905,0.3605000000000018,0.013000000000033651,reload-3-inventory
3,284,233.444,519.6,753.044,572,753.044,911.75,0.5,753.044,400464,748.7715,284,748.7905,752.7045,5401426,2338,False,752.7325,752.7155,0.017,0.016865,0,1,9,16834,2626560,0.010999999999967258,0.3284999999999627,0.019000000000005457,reload-3-inventory
3,285,229.224,523.732,752.956,572,752.956,891.009,0.5,752.956,400464,748.7785,285,748.7975,752.6685,5401426,2338,False,752.6925,752.6785,0.014,0.014041,0,1,9,16834,2626560,0.009999999999990905,0.27750000000003183,0.019000000000005457,reload-3-inventory
3,286,229.693,523.547,753.24,572,753.24,871.253,0.5,753.24,400464,748.7895,286,748.8035,752.6235,5401326,2338,False,752.6505,752.6355,0.014,0.014642,0,1,9,16834,2626560,0.011999999999943611,0.60450000000003,0.014000000000010004,reload-3-inventory
3,287,230.242,522.777,753.019,572,753.019,848.445,0.5,753.019,400464,748.7955,287,748.8095,752.5945,5401426,2338,False,752.6155,752.6015,0.014,0.013941,0,1,9,16834,2626560,0.006999999999948159,0.4175000000000182,0.014000000000010004,reload-3-inventory
3,288,230.594,522.633,753.227,572,753.227,889.58,0.5,753.227,400464,748.8025,288,748.8155,752.5655,5401426,2338,False,752.5885,752.5785,0.009,0.009665,0,1,9,16834,2626560,0.012999999999919964,0.6485000000000127,0.013000000000033651,reload-3-inventory
3,289,230.069,523.068,753.137,572,753.137,846.844,0.5,753.137,400464,748.8095,289,748.8215,752.5395,5401426,2338,False,752.5595,752.5475,0.012,0.011818,0,1,9,16834,2626560,0.008000000000038199,0.58949999999993,0.012000000000057298,reload-3-inventory
3,290,230.287,522.994,753.281,572,753.281,848.237,0.5,753.281,400464,748.8155,290,748.8335,752.5165,5401326,2338,False,752.5335,752.5235,0.009,0.009704,0,1,9,16834,2626560,0.007000000000061846,0.7574999999999363,0.017999999999915417,reload-3-inventory
3,291,233.529,519.989,753.518,572,753.518,847.848,0.5,753.518,400464,748.8225,291,748.8415,752.8905,5401426,2338,False,752.9345,752.9035,0.031,0.030796,0,1,13,25226,2626560,0.013000000000033651,0.6145000000000209,0.019000000000005457,reload-3-inventory
3,292,230.324,523.226,753.55,572,753.55,905.791,0.5,753.55,400464,748.8325,292,748.8465,752.9445,5401426,2338,False,752.9835,752.9575,0.025,0.025408,0,1,13,25226,2626560,0.013000000000033651,0.5924999999999727,0.014000000000010004,reload-3-inventory
3,293,229.738,524.044,753.782,572,753.782,911.414,0.5,753.782,400464,748.8395,293,748.8545,752.9925,5401326,2338,False,753.0185,753.0045,0.013,0.01318,0,1,13,25226,2626560,0.012000000000057298,0.7775000000000318,0.014999999999986358,reload-3-inventory
3,294,232.126,521.255,753.381,572,753.381,876.974,0.5,753.381,400464,748.8445,294,748.8595,753.0275,5401426,2338,False,753.0565,753.0415,0.014,0.014512,0,1,13,25226,2626560,0.014000000000010004,0.33949999999992997,0.014999999999986358,reload-3-inventory
3,295,230.339,522.968,753.307,572,753.307,855.893,0.5,753.307,400464,748.8535,295,748.8685,753.1175,5401426,2338,False,753.1615,753.1465,0.014,0.013851,0,1,13,25226,2626560,0.028999999999996362,0.16050000000007003,0.014999999999986358,reload-3-inventory
3,296,230.903,522.487,753.39,572,753.39,861.26,0.5,753.39,400464,748.8605,296,748.8775,753.1705,5401426,2338,False,753.2185,753.1835,0.035,0.035002,0,1,13,25226,2626560,0.013000000000033651,0.20650000000000546,0.01700000000005275,reload-3-inventory
3,297,231.159,522.661,753.82,572,753.82,859.528,0.5,753.82,400464,748.8685,297,748.8825,753.2325,5401326,2338,False,753.2705,753.2515,0.019,0.018818,0,1,18,33668,2626560,0.019000000000005457,0.5685000000000855,0.014000000000010004,reload-3-inventory
3,298,230.656,523.222,753.878,572,753.878,863.298,0.5,753.878,400464,748.8765,298,748.8915,753.3545,5401426,2338,False,753.4005,753.3685,0.032,0.032138,0,1,18,33668,2626560,0.014000000000010004,0.5095000000000027,0.014999999999986358,reload-3-inventory
3,299,231.36,522.574,753.934,572,753.934,841.989,0.5,753.934,400464,748.8825,299,748.8985,753.2795,5401426,2338,False,753.3425,753.3015,0.04,0.04031,0,1,18,33668,2626560,0.022000000000048203,0.6324999999999363,0.01599999999996271,reload-3-inventory
3,300,233.689,520.071,753.76,572,753.76,863.239,0.5,753.76,400464,748.8905,300,748.9055,753.4285,5401326,2338,False,753.4695,753.4425,0.026,0.02659,0,1,18,33668,2626560,0.014000000000010004,0.31749999999999545,0.014999999999986358,reload-3-inventory
3,301,230.242,523.49,753.732,572,753.732,861.533,0.5,753.732,400464,748.8975,301,748.9095,753.4865,5401426,2338,False,753.5335,753.5035,0.03,0.030225,0,1,18,33668,2626560,0.01700000000005275,0.22849999999993997,0.011999999999943611,reload-3-inventory
3,302,231.258,522.681,753.939,572,753.939,841.889,0.5,753.939,400464,748.9035,302,748.9135,753.5425,5401426,2338,False,753.5885,753.5555,0.033,0.032779,0,1,18,33668,2626560,0.013000000000033651,0.3834999999999127,0.009999999999990905,reload-3-inventory
3,303,230.345,524.009,754.354,572,754.354,879.002,0.5,754.354,400464,748.9085,303,748.9225,753.5985,5401426,2338,False,753.6435,753.6125,0.031,0.031287,0,1,18,33668,2626560,0.014000000000010004,0.7415000000000873,0.014000000000010004,reload-3-inventory
3,304,232.387,521.82,754.207,572,754.207,846.72,0.5,754.207,400464,748.9135,304,748.9265,753.6625,5401326,2338,False,753.7595,753.7095,0.05,0.050135,0,1,22,42060,2626560,0.047000000000025466,0.49749999999994543,0.013000000000033651,reload-3-inventory
3,305,232.184,522.082,754.266,572,754.266,916.463,0.5,754.266,400464,748.9225,305,748.9335,753.8775,5401426,2338,False,753.9395,753.8945,0.045,0.044787,0,1,22,42060,2626560,0.016999999999939064,0.3714999999999691,0.010999999999967258,reload-3-inventory
3,306,231.521,522.671,754.192,572,754.192,841.395,0.5,754.192,400464,748.9275,306,748.9405,753.8295,5401426,2338,False,753.8635,753.8455,0.018,0.018317,0,1,22,42060,2626560,0.01599999999996271,0.3464999999999918,0.013000000000033651,reload-3-inventory
3,307,233.797,520.561,754.358,572,754.358,840.208,0.5,754.358,400464,748.9355,307,748.9465,753.7695,5401326,2338,False,753.8205,753.7855,0.034,0.034632,0,1,22,42060,2626560,0.01599999999996271,0.5724999999999909,0.010999999999967258,reload-3-inventory
3,308,232.403,521.784,754.187,572,754.187,842.183,0.5,754.187,400464,748.9415,308,748.9575,753.9485,5401426,2338,False,753.9935,753.9635,0.029,0.029404,0,1,22,42060,2626560,0.014999999999986358,0.2235000000000582,0.01599999999996271,reload-3-inventory
3,309,231.438,523.271,754.709,572,754.709,908.23,0.5,754.709,400464,748.9485,309,748.9635,754.3185,5401426,2338,False,754.3815,754.3425,0.038,0.038377,0,1,27,50502,2626560,0.02400000000000091,0.3664999999999736,0.014999999999986358,reload-3-inventory
3,310,234.515,519.943,754.458,572,754.458,909.463,0.5,754.458,400464,748.9585,310,748.9695,754.2505,5401426,2338,False,754.2985,754.2655,0.033,0.032769,0,1,27,50502,2626560,0.014999999999986358,0.19249999999999545,0.011000000000080945,reload-3-inventory
3,311,231.829,522.762,754.591,572,754.591,863.857,0.5,754.591,400464,748.9645,311,748.9765,754.2015,5401326,2338,False,754.2385,754.2185,0.02,0.01991,0,1,27,50502,2626560,0.016999999999939064,0.3725000000000591,0.011999999999943611,reload-3-inventory
3,312,234.081,520.496,754.577,572,754.577,847.186,0.5,754.577,400464,748.9715,312,748.9825,754.1465,5401426,2338,False,754.1905,754.1625,0.028,0.028243,0,1,27,50502,2626560,0.016000000000076398,0.41449999999997544,0.010999999999967258,reload-3-inventory
3,313,231.302,523.239,754.541,572,754.541,902.516,0.5,754.541,400464,748.9775,313,748.9885,754.0615,5401426,2338,False,754.1365,754.0845,0.052,0.051777,0,1,27,50502,2626560,0.023000000000024556,0.45650000000000546,0.011000000000080945,reload-3-inventory
3,314,230.938,523.467,754.405,572,754.405,856.037,0.5,754.405,400464,748.9835,314,748.9955,754.0055,5401426,2338,False,754.0515,754.0205,0.03,0.030616,0,1,22,42060,2626560,0.014999999999986358,0.38450000000000273,0.011999999999943611,reload-3-inventory
3,315,231.202,523.539,754.741,572,754.741,924.976,0.5,754.741,400464,748.9905,315,749.0095,754.3935,5401326,2338,False,754.4315,754.4115,0.019,0.019429,0,1,27,50502,2626560,0.018000000000029104,0.32949999999993906,0.019000000000005457,reload-3-inventory
3,316,232.167,522.687,754.854,572,754.854,864.361,0.5,754.854,400464,748.9965,316,749.0145,754.4415,5401426,2338,False,754.5065,754.4645,0.043,0.042724,0,1,32,58944,2626560,0.023000000000024556,0.3894999999999982,0.018000000000029104,reload-3-inventory
3,317,235.246,519.704,754.95,572,754.95,910.84,0.5,754.95,400464,749.0065,317,749.0205,754.5185,5401426,2338,False,754.5855,754.5365,0.049,0.049414,0,1,32,58944,2626560,0.018000000000029104,0.4134999999999991,0.014000000000010004,reload-3-inventory
3,318,230.968,521.653,752.621,572,752.621,893.425,0.5,752.621,400464,749.0125,318,749.0285,752.1785,5401326,2338,False,752.1975,752.1885,0.008,0.008763,0,1,4,8392,2626560,0.009999999999990905,0.43250000000000455,0.01599999999996271,reload-3-inventory
3,319,230.535,522.321,752.856,572,752.856,851.288,0.5,752.856,400464,749.0205,319,749.0365,752.1565,5401426,2338,False,752.1725,752.1635,0.009,0.008883,0,1,4,8392,2626560,0.006999999999948159,0.6924999999999955,0.016000000000076398,reload-3-inventory
3,320,230.211,522.656,752.867,572,752.867,859.961,0.5,752.867,400464,749.0285,320,749.0445,752.1315,5401426,2338,False,752.1505,752.1385,0.011,0.011086,0,1,4,8392,2626560,0.007000000000061846,0.72849999999994,0.01599999999996271,reload-3-inventory
3,321,232.734,520.05,752.784,572,752.784,861.482,0.5,752.784,400464,749.0365,321,749.0605,752.2275,5401426,2338,False,752.2445,752.2335,0.01,0.010536,0,1,4,8392,2626560,0.0060000000000854925,0.5504999999999427,0.02400000000000091,reload-3-inventory
3,322,231.058,521.761,752.819,572,752.819,854.059,0.5,752.819,400464,749.0445,322,749.0645,752.2055,5401326,2338,False,752.2215,752.2125,0.009,0.009465,0,1,4,8392,2626560,0.006999999999948159,0.6064999999999827,0.01999999999998181,reload-3-inventory
3,323,231.162,521.949,753.111,572,753.111,897.774,0.5,753.111,400464,749.0575,323,749.0715,752.7565,5401426,2338,False,752.7855,752.7735,0.012,0.012048,0,1,9,16834,2626560,0.01700000000005275,0.33749999999997726,0.014000000000010004,reload-3-inventory
3,324,232.911,520.067,752.978,572,752.978,908.847,0.5,752.978,400464,749.0645,324,749.0795,752.6715,5401426,2338,False,752.6995,752.6885,0.011,0.011467,0,1,9,16834,2626560,0.016999999999939064,0.28949999999997544,0.015000000000100044,reload-3-inventory
3,325,231.007,522.226,753.233,572,753.233,915.566,0.5,753.233,400464,749.0715,325,749.0875,752.5515,5401326,2338,False,752.5825,752.5695,0.013,0.013069,0,1,9,16834,2626560,0.017999999999915417,0.6634999999999991,0.01599999999996271,reload-3-inventory
3,326,230.447,522.67,753.117,572,753.117,900.504,0.5,753.117,400464,749.0795,326,749.0955,752.7335,5401426,2338,False,752.7505,752.7405,0.009,0.009504,0,1,9,16834,2626560,0.006999999999948159,0.37649999999996453,0.01599999999996271,reload-3-inventory
3,327,229.764,523.861,753.625,572,753.625,914.199,0.5,753.625,400464,749.0885,327,749.1065,752.9055,5401426,2338,False,752.9545,752.9305,0.024,0.023905,0,1,13,25226,2626560,0.02500000000009095,0.6944999999999482,0.018000000000029104,reload-3-inventory
3,328,233.023,520.991,754.014,572,754.014,889.416,0.5,754.014,400464,749.0965,328,749.1135,752.8235,5401426,2338,False,752.8455,752.8335,0.012,0.011787,0,1,13,25226,2626560,0.009999999999990905,1.1805000000000518,0.01700000000005275,reload-3-inventory
3,329,229.787,523.635,753.422,572,753.422,877.266,0.5,753.422,400464,749.1055,329,749.1215,753.0545,5401326,2338,False,753.0775,753.0645,0.013,0.01328,0,1,13,25226,2626560,0.009999999999990905,0.35750000000007276,0.01599999999996271,reload-3-inventory
3,330,232.243,520.807,753.05,572,753.05,909.76,0.5,753.05,400464,749.1145,330,749.1295,752.4965,5401426,2338,False,752.5155,752.5035,0.011,0.011287,0,1,9,16834,2626560,0.007000000000061846,0.5464999999999236,0.014999999999986358,reload-3-inventory
3,331,229.452,523.996,753.448,572,753.448,854.833,0.5,753.448,400464,749.1225,331,749.1375,752.9955,5401426,2338,False,753.0485,753.0225,0.025,0.025438,0,1,13,25226,2626560,0.027000000000043656,0.4254999999999427,0.015000000000100044,reload-3-inventory
3,332,230.395,523.181,753.576,572,753.576,859.378,0.5,753.576,400464,749.1315,332,749.1455,752.9605,5401326,2338,False,752.9855,752.9745,0.01,0.010285,0,1,13,25226,2626560,0.014000000000010004,0.6014999999999873,0.014000000000010004,reload-3-inventory
3,333,233.114,519.911,753.025,572,753.025,892.236,0.5,753.025,400464,749.1395,333,749.1555,752.7925,5401426,2338,False,752.8165,752.8045,0.012,0.011838,0,1,13,25226,2626560,0.011999999999943611,0.22050000000001546,0.01599999999996271,reload-3-inventory
3,334,232.266,520.797,753.063,572,753.063,906.078,0.5,753.063,400464,749.1475,334,749.1645,752.7055,5401426,2338,False,752.7245,752.7135,0.011,0.011367,0,1,9,16834,2626560,0.007999999999924512,0.34950000000003456,0.016999999999939064,reload-3-inventory
3,335,231.835,521.301,753.136,572,753.136,917.815,0.5,753.136,400464,749.1555,335,749.1725,752.6375,5401426,2338,False,752.6585,752.6465,0.012,0.011908,0,1,9,16834,2626560,0.008999999999900865,0.4895000000000209,0.01700000000005275,reload-3-inventory
3,336,233.172,520.044,753.216,572,753.216,871.736,0.5,753.216,400464,749.1635,336,749.1805,752.6025,5401326,2338,False,752.6265,752.6165,0.01,0.010005,0,1,9,16834,2626560,0.014000000000010004,0.5995000000000346,0.01700000000005275,reload-3-inventory
3,337,233.212,520.217,753.429,572,753.429,911.439,0.5,753.429,400464,749.1715,337,749.1875,752.5255,5401426,2338,False,752.5445,752.5345,0.009,0.009705,0,1,9,16834,2626560,0.009000000000014552,0.8944999999999936,0.01599999999996271,reload-3-inventory
3,338,230.557,522.59,753.147,572,753.147,898.162,0.5,753.147,400464,749.1795,338,749.1955,752.4595,5401426,2338,False,752.4915,752.4805,0.01,0.009895,0,1,9,16834,2626560,0.020999999999958163,0.6665000000000418,0.016000000000076398,reload-3-inventory
3,339,230.14,522.956,753.096,572,753.096,895.678,0.5,753.096,400464,749.1885,339,749.2055,752.4215,5401426,2338,False,752.4455,752.4305,0.014,0.014432,0,1,9,16834,2626560,0.009000000000014552,0.6654999999999518,0.01700000000005275,reload-3-inventory
3,340,230.318,522.927,753.245,572,753.245,881.636,0.5,753.245,400464,749.1965,340,749.2145,752.3925,5401326,2338,False,752.4085,752.3995,0.008,0.008533,0,1,4,8392,2626560,0.006999999999948159,0.8455000000000155,0.018000000000029104,reload-3-inventory
3,341,230.033,523.212,753.245,572,753.245,898.6,0.5,753.245,400464,749.2055,341,749.2215,752.3715,5401426,2338,False,752.3875,752.3785,0.008,0.008572,0,1,4,8392,2626560,0.007000000000061846,0.8664999999999736,0.01599999999996271,reload-3-inventory
3,342,230.232,522.679,752.911,572,752.911,896.416,0.5,752.911,400464,749.2135,342,749.2295,752.3475,5401426,2338,False,752.3655,752.3535,0.011,0.011046,0,1,4,8392,2626560,0.0060000000000854925,0.5574999999998909,0.016000000000076398,reload-3-inventory
3,343,232.481,520.462,752.943,572,752.943,874.824,0.5,752.943,400464,749.2215,343,749.2375,752.2945,5401326,2338,False,752.3215,752.3135,0.008,0.008693,0,1,4,8392,2626560,0.019000000000005457,0.6295000000000073,0.01599999999996271,reload-3-inventory
3,344,232.769,519.964,752.733,572,752.733,870.489,0.5,752.733,400464,749.2305,344,749.2455,752.2725,5401426,2338,False,752.2885,752.2795,0.009,0.009595,0,1,4,8392,2626560,0.006999999999948159,0.4534999999999627,0.014999999999986358,reload-3-inventory
3,345,232.952,519.811,752.763,572,752.763,847.958,0.5,752.763,400464,749.2385,345,749.2535,752.2505,5401426,2338,False,752.2665,752.2575,0.009,0.009273,0,1,4,8392,2626560,0.007000000000061846,0.5054999999999836,0.014999999999986358,reload-3-inventory
3,346,230.092,523.202,753.294,572,753.294,866.845,0.5,753.294,400464,749.2455,346,749.2725,753.0955,5401426,2338,False,753.1325,753.1055,0.027,0.027662,0,1,13,25226,2626560,0.009999999999990905,0.18849999999997635,0.027000000000043656,reload-3-inventory
3,347,233.489,519.857,753.346,572,753.346,910.151,0.5,753.346,400464,749.2545,347,749.2775,753.1735,5401326,2338,False,753.2145,753.1895,0.025,0.025117,0,1,13,25226,2626560,0.01599999999996271,0.15650000000005093,0.023000000000024556,reload-3-inventory
3,348,232.937,520.418,753.355,572,753.355,894.007,0.5,753.355,400464,749.2695,348,749.2875,753.1425,5401426,2338,False,753.1635,753.1525,0.01,0.010585,0,1,13,25226,2626560,0.009999999999990905,0.20249999999998636,0.018000000000029104,reload-3-inventory
3,349,230.711,523.059,753.77,572,753.77,892.507,0.5,753.77,400464,749.2755,349,749.2875,753.2215,5401426,2338,False,753.2665,753.2405,0.025,0.025608,0,1,18,33668,2626560,0.019000000000005457,0.5294999999999845,0.012000000000057298,reload-3-inventory
3,350,231.266,522.489,753.755,572,753.755,898.561,0.5,753.755,400464,749.2825,350,749.3015,753.2735,5401326,2338,False,753.3055,753.2835,0.022,0.022293,0,1,18,33668,2626560,0.009999999999990905,0.4714999999999918,0.019000000000005457,reload-3-inventory
3,351,233.776,520.079,753.855,572,753.855,893.143,0.5,753.855,400464,749.2895,351,749.3085,753.3135,5401426,2338,False,753.3585,753.3265,0.031,0.031587,0,1,18,33668,2626560,0.013000000000033651,0.5285000000000082,0.019000000000005457,reload-3-inventory
3,352,229.731,523.946,753.677,572,753.677,865.692,0.5,753.677,400464,749.3015,352,749.3175,753.3665,5401426,2338,False,753.4015,753.3775,0.024,0.024066,0,1,18,33668,2626560,0.011000000000080945,0.29949999999996635,0.01599999999996271,reload-3-inventory
3,353,232.568,521.144,753.712,572,753.712,917.469,0.5,753.712,400464,749.3075,353,749.3245,753.4185,5401426,2338,False,753.4615,753.4425,0.019,0.018769,0,1,18,33668,2626560,0.02400000000000091,0.26949999999999363,0.016999999999939064,reload-3-inventory
3,354,232.828,520.884,753.712,572,753.712,860.337,0.5,753.712,400464,749.3155,354,749.3305,753.4695,5401326,2338,False,753.5085,753.4855,0.022,0.022373,0,1,18,33668,2626560,0.01599999999996271,0.22649999999998727,0.014999999999986358,reload-3-inventory
3,355,229.184,523.517,752.701,572,752.701,873.967,0.5,752.701,400464,749.3215,355,750.3545,752.2765,5401426,2338,False,752.2985,752.2885,0.009,0.009034,0,1,4,8392,2626560,0.011999999999943611,0.41250000000002274,1.0330000000000155,reload-3-inventory
3,356,236.66,523.527,760.187,572,760.187,883.734,0.5,760.187,400464,749.3325,356,750.3865,758.6235,5401426,2338,False,758.6795,758.6505,0.029,0.028642,0,1,64,117888,2626560,0.02699999999992997,1.5365000000000464,1.0539999999999736,reload-3-inventory
3,357,240.346,521.361,761.707,572,761.707,857.829,0.5,761.707,400464,749.3475,357,750.3945,758.6805,5401426,2338,False,758.7675,758.7345,0.034,0.03343,0,1,64,117888,2626560,0.053999999999973625,2.972499999999968,1.0470000000000255,reload-3-inventory
3,358,240.112,522.183,762.295,572,762.295,903.326,0.5,762.295,400464,749.3515,358,750.4015,758.7825,5401326,2338,False,758.8525,758.8105,0.042,0.041692,0,1,64,117888,2626560,0.02800000000002001,3.484499999999912,1.0500000000000682,reload-3-inventory
3,359,244.737,520.239,764.976,572,764.976,860.061,0.5,764.976,400464,749.3575,359,750.4085,758.6015,5401426,2338,False,758.6735,758.6245,0.049,0.049064,0,1,64,117888,2626560,0.023000000000024556,6.351499999999987,1.0510000000000446,reload-3-inventory
3,360,240.905,519.993,760.898,572,760.898,860.055,0.5,760.898,400464,749.3625,360,750.4155,758.8495,5401426,2338,False,758.9995,758.8745,0.124,0.124166,0,1,64,117888,2626560,0.024999999999977263,2.0235000000000127,1.0529999999999973,reload-3-inventory
3,361,238.878,523.235,762.113,572,762.113,891.027,0.5,762.113,400464,749.3665,361,750.4225,758.7065,5401326,2338,False,758.7845,758.7355,0.048,0.048162,0,1,64,117888,2626560,0.028999999999996362,3.3775000000000546,1.05600000000004,reload-3-inventory
3,362,238.999,522.454,761.453,572,761.453,873.081,0.5,761.453,400464,749.3715,362,750.4295,758.5635,5401426,2338,False,758.6285,758.5935,0.035,0.035293,0,1,64,117888,2626560,0.029999999999972715,2.8595000000000255,1.0579999999999927,reload-3-inventory
3,363,237.404,523.211,760.615,572,760.615,881.439,0.5,760.615,400464,749.3765,363,750.4365,758.4585,5401426,2338,False,758.5065,758.4805,0.026,0.025698,0,1,64,117888,2626560,0.022000000000048203,2.1345000000000027,1.0600000000000591,reload-3-inventory
3,364,238.347,520.773,759.12,572,759.12,860.937,0.5,759.12,400464,749.3935,364,750.4445,758.2815,5401426,2338,False,758.3425,758.3065,0.036,0.035854,0,1,64,117888,2626560,0.024999999999977263,0.8134999999999764,1.0509999999999309,reload-3-inventory
3,365,237.031,522.392,759.423,572,759.423,915.629,0.5,759.423,400464,749.3985,365,750.4675,758.2115,5401326,2338,False,758.2565,758.2325,0.025,0.024697,0,1,64,117888,2626560,0.020999999999958163,1.1905000000000427,1.06899999999996,reload-3-inventory
3,366,235.477,523.378,758.855,572,758.855,844.654,0.5,758.855,400464,749.4035,366,750.4745,758.0005,5401426,2338,False,758.0445,758.0185,0.026,0.025779,0,1,64,117888,2626560,0.018000000000029104,0.8365000000000009,1.0710000000000264,reload-3-inventory
3,367,239.566,522.67,762.236,572,762.236,907.5,0.5,762.236,400464,749.4105,367,750.4975,757.8685,5401426,2338,False,757.9205,757.8915,0.029,0.028753,0,1,64,117888,2626560,0.02299999999991087,4.344500000000039,1.086999999999989,reload-3-inventory
3,368,236.406,522.53,758.936,572,758.936,900.54,0.5,758.936,400464,749.4155,368,750.5045,757.7555,5401326,2338,False,757.8005,757.7755,0.025,0.024918,0,1,64,117888,2626560,0.01999999999998181,1.16050000000007,1.0890000000000555,reload-3-inventory
3,369,236.288,523.626,759.914,572,759.914,891.074,0.5,759.914,400464,749.4195,369,750.5315,757.6695,5401426,2338,False,757.7145,757.6885,0.026,0.026009,0,1,64,117888,2626560,0.019000000000005457,2.225500000000011,1.11200000000008,reload-3-inventory
3,370,241.047,522.399,763.446,572,763.446,845.567,0.5,763.446,400464,749.4245,370,750.5625,757.4195,5401426,2338,False,757.4705,757.4445,0.025,0.025318,0,1,64,117888,2626560,0.024999999999977263,6.001500000000078,1.1380000000000337,reload-3-inventory
3,371,237.496,522.443,759.939,572,759.939,849.802,0.5,759.939,400464,749.4285,371,750.5925,757.2665,5401426,2338,False,757.3385,757.3065,0.032,0.032419,0,1,59,109446,2626560,0.04000000000007731,2.6324999999999363,1.1639999999999873,reload-3-inventory
3,372,236.471,524.031,760.502,572,760.502,892.442,0.5,760.502,400464,749.4345,372,750.6005,756.9135,5401326,2338,False,756.9765,756.9475,0.03,0.029504,0,1,59,109446,2626560,0.033999999999991815,3.554499999999962,1.1660000000000537,reload-3-inventory
3,373,240.363,520.439,760.802,572,760.802,928.102,0.5,760.802,400464,749.4395,373,750.6365,756.6815,5401426,2338,False,756.7715,756.7065,0.064,0.063866,0,1,54,101004,2626560,0.024999999999977263,4.0955000000000155,1.1970000000000027,reload-3-inventory
3,374,233.04,523.445,756.485,572,756.485,864.372,0.5,756.485,400464,749.4435,374,750.6445,756.3935,5401426,2338,False,756.4605,756.4185,0.042,0.042153,0,1,50,92612,2626560,0.024999999999977263,0.0665000000000191,1.2010000000000218,reload-3-inventory
3,375,235.807,520.492,756.299,572,756.299,855.605,0.5,756.299,400464,749.4475,375,750.6505,756.2065,5401326,2338,False,756.3095,756.2295,0.079,0.079349,0,1,50,92612,2626560,0.023000000000024556,0.06949999999994816,1.2029999999999745,reload-3-inventory
3,376,236.61,523.841,760.451,572,760.451,866.749,0.5,760.451,400464,749.4525,376,750.6645,757.6785,5401426,2338,False,757.7225,757.6965,0.025,0.025498,0,1,64,117888,2626560,0.018000000000029104,2.7545000000000073,1.211999999999989,reload-3-inventory
3,377,236.861,522.936,759.797,572,759.797,905.254,0.5,759.797,400464,749.4575,377,750.6715,757.4965,5401426,2338,False,757.5385,757.5145,0.024,0.024397,0,1,64,117888,2626560,0.018000000000029104,2.2825000000000273,1.2140000000000555,reload-3-inventory
3,378,240.804,522.687,763.491,572,763.491,848.804,0.5,763.491,400464,749.4615,378,750.7175,757.2765,5401426,2338,False,757.3205,757.2965,0.024,0.023625,0,1,59,109446,2626560,0.01999999999998181,6.194499999999948,1.2559999999999718,reload-3-inventory
3,379,233.479,522.698,756.177,572,756.177,882.527,0.5,756.177,400464,749.4665,379,750.3615,756.0845,5401326,2338,False,756.1895,756.1135,0.076,0.075513,0,1,50,92612,2626560,0.028999999999996362,0.06349999999997635,0.8949999999999818,reload-3-inventory
3,380,229.153,523.659,752.812,572,752.812,881.578,0.5,752.812,400464,749.4705,380,750.3615,752.2515,5401426,2338,False,752.2715,752.2625,0.009,0.009424,0,1,4,8392,2626560,0.011000000000080945,0.5494999999999663,0.8909999999999627,reload-3-inventory
3,381,230.783,522.769,753.552,572,753.552,863.386,0.5,753.552,400464,749.4765,381,750.3825,752.8545,5401426,2338,False,752.8805,752.8645,0.016,0.016504,0,1,13,25226,2626560,0.009999999999990905,0.6875,0.9060000000000628,reload-3-inventory
3,382,230.571,522.709,753.28,572,753.28,848.144,0.5,753.28,400464,749.4835,382,750.3885,752.7975,5401426,2338,False,752.8475,752.8235,0.023,0.023625,0,1,13,25226,2626560,0.025999999999953616,0.45650000000000546,0.9049999999999727,reload-3-inventory
3,383,230.398,522.719,753.117,572,753.117,867.484,0.5,753.117,400464,749.4885,383,750.3945,752.7685,5401326,2338,False,752.7915,752.7765,0.014,0.014372,0,1,9,16834,2626560,0.008000000000038199,0.3404999999999063,0.9059999999999491,reload-3-inventory
3,384,229.463,523.546,753.009,572,753.009,853.787,0.5,753.009,400464,749.4935,384,750.4065,752.7455,5401426,2338,False,752.7635,752.7535,0.009,0.009023,0,1,9,16834,2626560,0.008000000000038199,0.25549999999998363,0.9130000000000109,reload-3-inventory
3,385,232.709,520.258,752.967,572,752.967,890.737,0.5,752.967,400464,749.4975,385,750.4125,752.7155,5401426,2338,False,752.7395,752.7265,0.013,0.012969,0,1,9,16834,2626560,0.010999999999967258,0.24049999999999727,0.9150000000000773,reload-3-inventory
3,386,229.927,523.117,753.044,572,753.044,897.305,0.5,753.044,400464,749.5025,386,750.4765,752.6925,5401326,2338,False,752.7095,752.6995,0.01,0.009825,0,1,9,16834,2626560,0.006999999999948159,0.3445000000000391,0.9739999999999327,reload-3-inventory
3,387,233.06,519.977,753.037,572,753.037,846.556,0.5,753.037,400464,749.5075,387,750.5065,752.6665,5401426,2338,False,752.6865,752.6745,0.012,0.012208,0,1,9,16834,2626560,0.007999999999924512,0.3625000000000682,0.99899999999991,reload-3-inventory
3,388,229.437,523.648,753.085,572,753.085,905.447,0.5,753.085,400464,749.5115,388,750.5525,752.6405,5401426,2338,False,752.6585,752.6485,0.009,0.009594,0,1,9,16834,2626560,0.008000000000038199,0.43650000000002365,1.0410000000000537,reload-3-inventory
3,389,230.608,522.635,753.243,572,753.243,917.397,0.5,753.243,400464,749.5165,389,750.5575,752.6105,5401426,2338,False,752.6345,752.6225,0.012,0.012008,0,1,9,16834,2626560,0.011999999999943611,0.6205000000001064,1.0410000000000537,reload-3-inventory
3,390,233.166,520.004,753.17,572,753.17,888.502,0.5,753.17,400464,749.5215,390,750.5685,752.5545,5401326,2338,False,752.5835,752.5745,0.009,0.009394,0,1,9,16834,2626560,0.01999999999998181,0.5955000000000155,1.0470000000000255,reload-3-inventory
3,391,230.435,522.534,752.969,572,752.969,871.682,0.5,752.969,400464,749.5265,391,750.3675,752.3175,5401426,2338,False,752.3575,752.3435,0.013,0.01354,0,1,4,8392,2626560,0.025999999999953616,0.6255000000001019,0.8409999999998945,reload-3-inventory
3,392,233.063,519.595,752.658,572,752.658,880.663,0.5,752.658,400464,749.5315,392,750.3725,752.2255,5401426,2338,False,752.2465,752.2385,0.008,0.008713,0,1,4,8392,2626560,0.013000000000033651,0.4194999999999709,0.8409999999998945,reload-3-inventory
3,393,232.81,519.976,752.786,572,752.786,860.312,0.5,752.786,400464,749.5365,393,750.4255,752.1955,5401326,2338,False,752.2195,752.2085,0.01,0.010786,0,1,4,8392,2626560,0.012999999999919964,0.5774999999999864,0.88900000000001,reload-3-inventory
3,394,231.86,521.031,752.891,572,752.891,861.718,0.5,752.891,400464,749.5415,394,750.4305,752.1755,5401426,2338,False,752.1905,752.1815,0.008,0.008833,0,1,4,8392,2626560,0.005999999999971806,0.7094999999999345,0.88900000000001,reload-3-inventory
3,395,229.384,523.518,752.902,572,752.902,860.275,0.5,752.902,400464,749.5465,395,750.4395,752.1545,5401426,2338,False,752.1705,752.1615,0.008,0.008763,0,1,4,8392,2626560,0.007000000000061846,0.7404999999999973,0.8929999999999154,reload-3-inventory
3,396,234.323,519.732,754.055,572,754.055,881.068,0.5,754.055,400464,749.5515,396,750.4575,753.7625,5401426,2338,False,753.8015,753.7755,0.025,0.025638,0,1,22,42060,2626560,0.012999999999919964,0.27949999999998454,0.9059999999999491,reload-3-inventory
3,397,230.705,523.493,754.198,572,754.198,864.549,0.5,754.198,400464,749.5565,397,750.4625,753.7195,5401326,2338,False,753.7565,753.7325,0.024,0.024046,0,1,22,42060,2626560,0.012999999999919964,0.46550000000002,0.9059999999999491,reload-3-inventory
3,398,234.25,520.093,754.343,572,754.343,891.495,0.5,754.343,400464,749.5615,398,750.4675,753.6375,5401426,2338,False,753.7105,753.6775,0.033,0.0331,0,1,22,42060,2626560,0.03999999999996362,0.6654999999999518,0.9059999999999491,reload-3-inventory
3,399,234.021,520.125,754.146,572,754.146,891.312,0.5,754.146,400464,749.5695,399,750.4725,753.5955,5401426,2338,False,753.6225,753.6075,0.014,0.013851,0,1,18,33668,2626560,0.011999999999943611,0.5384999999999991,0.90300000000002,reload-3-inventory
3,400,231.573,521.472,753.045,572,753.045,866.452,0.5,753.045,400464,749.5745,400,750.4945,752.6695,5401426,2338,False,752.6995,752.6845,0.014,0.014742,0,1,9,16834,2626560,0.014999999999986358,0.3605000000000018,0.9200000000000728,reload-3-inventory
3,401,230.888,523.65,754.538,572,754.538,857.585,0.5,754.538,400464,749.5795,401,750.5225,754.1235,5401326,2338,False,754.1565,754.1395,0.016,0.016494,0,1,27,50502,2626560,0.01599999999996271,0.39850000000001273,0.9429999999999836,reload-3-inventory
3,402,233.432,521.087,754.519,572,754.519,874.588,0.5,754.519,400464,749.5835,402,750.5275,754.0805,5401426,2338,False,754.1165,754.0915,0.025,0.024727,0,1,27,50502,2626560,0.010999999999967258,0.4275000000000091,0.9440000000000737,reload-3-inventory
3,403,231.056,522.563,753.619,572,753.619,869.531,0.5,753.619,400464,749.5885,403,750.3485,753.5575,5401426,2338,False,753.5895,753.5665,0.023,0.022964,0,1,18,33668,2626560,0.009000000000014552,0.052500000000009095,0.7599999999999909,reload-3-inventory
3,404,231.37,522.553,753.923,572,753.923,851.377,0.5,753.923,400464,749.5925,404,750.3495,753.2615,5401326,2338,False,753.3125,753.2725,0.039,0.03955,0,1,18,33668,2626560,0.011000000000080945,0.6504999999999654,0.7570000000000618,reload-3-inventory
3,405,233.733,520.02,753.753,572,753.753,877.751,0.5,753.753,400464,749.5975,405,750.3575,753.2265,5401426,2338,False,753.2555,753.2405,0.015,0.015433,0,1,18,33668,2626560,0.014000000000010004,0.5125000000000455,0.7599999999999909,reload-3-inventory
3,406,230.678,522.609,753.287,572,753.287,889.092,0.5,753.287,400464,749.6025,406,750.3665,753.1965,5401426,2338,False,753.2185,753.2085,0.009,0.009764,0,1,13,25226,2626560,0.011999999999943611,0.0785000000000764,0.76400000000001,reload-3-inventory
3,407,229.73,523.622,753.352,572,753.352,926.943,0.5,753.352,400464,749.6075,407,750.3745,753.1625,5401426,2338,False,753.1905,753.1715,0.018,0.018698,0,1,13,25226,2626560,0.009000000000014552,0.18049999999993815,0.7670000000000528,reload-3-inventory
3,408,233.702,520.093,753.795,572,753.795,889.852,0.5,753.795,400464,749.6125,408,750.3835,753.0695,5401326,2338,False,753.1145,753.0935,0.021,0.021443,0,1,13,25226,2626560,0.02400000000000091,0.70150000000001,0.7710000000000719,reload-3-inventory
3,409,230.208,523.197,753.405,572,753.405,880.091,0.5,753.405,400464,749.6165,409,750.4355,753.0435,5401426,2338,False,753.0635,753.0535,0.01,0.009845,0,1,13,25226,2626560,0.009999999999990905,0.35149999999998727,0.8190000000000737,reload-3-inventory
3,410,232.47,521.11,753.58,572,753.58,840.645,0.5,753.58,400464,749.6215,410,750.4435,752.8875,5401426,2338,False,752.9115,752.8995,0.011,0.011177,0,1,13,25226,2626560,0.011999999999943611,0.6805000000000518,0.8220000000000027,reload-3-inventory
3,411,230.659,522.632,753.291,572,753.291,848.297,0.5,753.291,400464,749.6255,411,750.4505,753.0025,5401326,2338,False,753.0375,753.0155,0.022,0.022134,0,1,13,25226,2626560,0.012999999999919964,0.2755000000000791,0.8250000000000455,reload-3-inventory
3,412,230.104,523.38,753.484,572,753.484,859.923,0.5,753.484,400464,749.6305,412,750.4615,752.9615,5401426,2338,False,752.9965,752.9795,0.016,0.016504,0,1,13,25226,2626560,0.018000000000029104,0.5045000000000073,0.8310000000000173,reload-3-inventory
3,413,230.879,522.603,753.482,572,753.482,898.501,0.5,753.482,400464,749.6345,413,750.4695,752.9185,5401426,2338,False,752.9555,752.9305,0.024,0.024526,0,1,13,25226,2626560,0.012000000000057298,0.551499999999919,0.8350000000000364,reload-3-inventory
3,414,233.246,522.482,755.728,572,755.728,867.923,0.5,755.728,400464,749.6385,414,750.4915,755.6255,5401426,2338,False,755.7045,755.6565,0.047,0.047571,0,1,41,75778,2626560,0.031000000000062755,0.07149999999990087,0.8529999999999518,reload-3-inventory
3,415,235.976,522.582,758.558,572,758.558,902.867,0.5,758.558,400464,749.6435,415,750.4995,758.2775,5401326,2338,False,758.3545,758.3175,0.036,0.036314,0,1,64,117888,2626560,0.03999999999996362,0.24049999999999727,0.8559999999999945,reload-3-inventory
3,416,238.84,519.923,758.763,572,758.763,860.096,0.5,758.763,400464,749.6505,416,750.5275,758.1095,5401426,2338,False,758.1515,758.1265,0.025,0.025087,0,1,64,117888,2626560,0.016999999999939064,0.6365000000000691,0.8770000000000664,reload-3-inventory
3,417,233.79,520.468,754.258,572,754.258,862.691,0.5,754.258,400464,749.6555,417,750.5445,753.8535,5401426,2338,False,753.8915,753.8655,0.026,0.026449,0,1,22,42060,2626560,0.011999999999943611,0.3925000000000409,0.88900000000001,reload-3-inventory
3,418,234.307,519.837,754.144,572,754.144,859.124,0.5,754.144,400464,749.6595,418,750.5495,753.7345,5401326,2338,False,753.7605,753.7465,0.013,0.01359,0,1,22,42060,2626560,0.011999999999943611,0.3975000000000364,0.8899999999999864,reload-3-inventory
3,419,231.238,522.473,753.711,572,753.711,854.714,0.5,753.711,400464,749.6645,419,750.5775,753.2595,5401426,2338,False,753.3045,753.2735,0.03,0.030335,0,1,18,33668,2626560,0.014000000000010004,0.4375,0.9130000000000109,reload-3-inventory
3,420,230.187,523.232,753.419,572,753.419,919.807,0.5,753.419,400464,749.6685,420,750.5955,753.1215,5401426,2338,False,753.1565,753.1365,0.019,0.019599,0,1,13,25226,2626560,0.014999999999986358,0.2825000000000273,0.9270000000000209,reload-3-inventory
3,421,232.259,522.563,754.822,572,754.822,840.496,0.5,754.822,400464,749.6735,421,750.6005,754.5885,5401426,2338,False,754.6285,754.6045,0.024,0.023906,0,1,32,58944,2626560,0.016000000000076398,0.21749999999997272,0.9270000000000209,reload-3-inventory
3,422,234.457,519.992,754.449,572,754.449,859.479,0.5,754.449,400464,749.6785,422,750.6085,754.2595,5401326,2338,False,754.2985,754.2715,0.027,0.027081,0,1,27,50502,2626560,0.011999999999943611,0.1775000000000091,0.9300000000000637,reload-3-inventory
3,423,232.214,522.386,754.6,572,754.6,851.715,0.5,754.6,400464,749.6835,423,750.6135,754.1635,5401426,2338,False,754.1895,754.1765,0.013,0.01331,0,1,27,50502,2626560,0.013000000000033651,0.42349999999999,0.9300000000000637,reload-3-inventory
3,424,234.841,519.579,754.42,572,754.42,927.136,0.5,754.42,400464,749.6885,424,750.6185,753.9945,5401426,2338,False,754.0305,754.0055,0.024,0.024266,0,1,22,42060,2626560,0.010999999999967258,0.41449999999997544,0.9300000000000637,reload-3-inventory
3,425,234.186,520.02,754.206,572,754.206,844.247,0.5,754.206,400464,749.6935,425,750.6325,753.8125,5401426,2338,False,753.8475,753.8235,0.024,0.023785,0,1,22,42060,2626560,0.010999999999967258,0.38250000000005,0.9390000000000782,reload-3-inventory
3,426,231.581,522.657,754.238,572,754.238,883.006,0.5,754.238,400464,749.6985,426,750.6375,753.6735,5401326,2338,False,753.7275,753.7045,0.023,0.023495,0,1,22,42060,2626560,0.031000000000062755,0.5335000000000036,0.9390000000000782,reload-3-inventory
3,427,229.339,523.926,753.265,572,753.265,845.938,0.5,753.265,400464,749.7035,427,750.6435,752.5075,5401426,2338,False,752.5405,752.5255,0.014,0.014652,0,1,9,16834,2626560,0.017999999999915417,0.7395000000000209,0.9400000000000546,reload-3-inventory
3,428,230.068,522.612,752.68,572,752.68,917.158,0.5,752.68,400464,749.7075,428,750.6485,752.2535,5401426,2338,False,752.2755,752.2655,0.009,0.009354,0,1,4,8392,2626560,0.011999999999943611,0.41449999999997544,0.9410000000000309,reload-3-inventory
3,429,230.074,524.017,754.091,572,754.091,895.279,0.5,754.091,400464,749.7125,429,750.6565,753.6355,5401326,2338,False,753.7395,753.6885,0.051,0.051066,0,1,22,42060,2626560,0.05299999999999727,0.40250000000003183,0.9440000000000737,reload-3-inventory
3,430,234.099,520.152,754.251,572,754.251,844.17,0.5,754.251,400464,749.7175,430,750.6695,753.5625,5401426,2338,False,753.6255,753.5925,0.032,0.032599,0,1,18,33668,2626560,0.029999999999972715,0.6585000000000036,0.9519999999999982,reload-3-inventory
3,431,233.938,519.884,753.822,572,753.822,864.807,0.5,753.822,400464,749.7225,431,750.6875,753.3985,5401426,2338,False,753.4575,753.4385,0.018,0.018518,0,1,18,33668,2626560,0.03999999999996362,0.3835000000000264,0.9650000000000318,reload-3-inventory
3,432,231.004,524.04,755.044,572,755.044,861.181,0.5,755.044,400464,749.7265,432,750.6985,754.6355,5401426,2338,False,754.6745,754.6505,0.024,0.023926,0,1,32,58944,2626560,0.014999999999986358,0.3935000000000173,0.97199999999998,reload-3-inventory
3,433,232.319,522.661,754.98,572,754.98,850.924,0.5,754.98,400464,749.7305,433,750.7065,754.7385,5401326,2338,False,754.7875,754.7525,0.035,0.035594,0,1,32,58944,2626560,0.014000000000010004,0.22749999999996362,0.9759999999999991,reload-3-inventory
3,434,232.783,523.804,756.587,572,756.587,867.85,0.5,756.587,400464,749.7385,434,750.7135,756.4715,5401426,2338,False,756.5645,756.4945,0.07,0.069784,0,1,50,92612,2626560,0.023000000000024556,0.09249999999997272,0.974999999999909,reload-3-inventory
3,435,232.508,522.711,755.219,572,755.219,843.962,0.5,755.219,400464,749.7435,435,750.6915,754.9285,5401426,2338,False,754.9875,754.9415,0.046,0.04657,0,1,36,67336,2626560,0.013000000000033651,0.27750000000003183,0.9479999999999791,reload-3-inventory
3,436,229.941,523.009,752.95,572,752.95,914.964,0.5,752.95,400464,749.7475,436,750.7145,752.6245,5401326,2338,False,752.6615,752.6475,0.014,0.013861,0,1,9,16834,2626560,0.023000000000024556,0.3025000000000091,0.9670000000000982,reload-3-inventory
3,437,232.632,520.142,752.774,572,752.774,854.52,0.5,752.774,400464,749.7525,437,750.7085,752.2685,5401426,2338,False,752.2885,752.2775,0.011,0.011217,0,1,4,8392,2626560,0.009000000000014552,0.4964999999999691,0.9559999999999036,reload-3-inventory
3,438,233.43,520.001,753.431,572,753.431,863.216,0.5,753.431,400464,749.7575,438,750.7115,753.1835,5401426,2338,False,753.2095,753.1965,0.013,0.01354,0,1,13,25226,2626560,0.013000000000033651,0.23450000000002547,0.9539999999999509,reload-3-inventory
3,439,231.711,522.587,754.298,572,754.298,901.708,0.5,754.298,400464,749.7615,439,750.5395,753.8985,5401426,2338,False,753.9345,753.9095,0.025,0.024757,0,1,22,42060,2626560,0.010999999999967258,0.38850000000002183,0.77800000000002,reload-3-inventory
3,440,236.49,523.459,759.949,572,759.949,929.176,0.5,759.949,400464,749.7665,440,750.5395,757.9605,5401326,2338,False,758.0085,757.9795,0.028,0.028122,0,1,64,117888,2626560,0.019000000000005457,1.9694999999999254,0.7730000000000246,reload-3-inventory
3,441,238.366,522.637,761.003,572,761.003,846.548,0.5,761.003,400464,749.7715,441,750.5755,757.7855,5401426,2338,False,757.8455,757.8125,0.032,0.032258,0,1,64,117888,2626560,0.027000000000043656,3.1905000000000427,0.8040000000000873,reload-3-inventory
3,442,237.33,522.637,759.967,572,759.967,842.028,0.5,759.967,400464,749.7755,442,750.5835,757.9015,5401426,2338,False,757.9435,757.9195,0.024,0.023525,0,1,64,117888,2626560,0.017999999999915417,2.0475000000000136,0.8079999999999927,reload-3-inventory
3,443,239.466,522.591,762.057,572,762.057,873.037,0.5,762.057,400464,749.7805,443,750.5985,758.5275,5401326,2338,False,758.5865,758.5555,0.031,0.030866,0,1,64,117888,2626560,0.02800000000002001,3.5014999999999645,0.8179999999999836,reload-3-inventory
3,444,240.421,522.687,763.108,572,763.108,868.871,0.5,763.108,400464,749.7845,444,750.6055,758.4465,5401426,2338,False,758.4945,758.4695,0.025,0.024887,0,1,64,117888,2626560,0.023000000000024556,4.638499999999908,0.8210000000000264,reload-3-inventory
3,445,238.737,523.532,762.269,572,762.269,906.533,0.5,762.269,400464,749.7895,445,750.6125,758.3185,5401426,2338,False,758.3705,758.3455,0.025,0.024597,0,1,64,117888,2626560,0.027000000000043656,3.92349999999999,0.8229999999999791,reload-3-inventory
3,446,241.438,520.295,761.733,572,761.733,875.223,0.5,761.733,400464,749.7935,446,750.6205,758.1225,5401426,2338,False,758.1725,758.1475,0.025,0.024827,0,1,64,117888,2626560,0.02500000000009095,3.585499999999911,0.8269999999999982,reload-3-inventory
3,447,237.475,521.667,759.142,572,759.142,858.925,0.5,759.142,400464,749.7985,447,750.6525,757.5715,5401326,2338,False,757.6175,757.5925,0.025,0.024847,0,1,64,117888,2626560,0.020999999999958163,1.54950000000008,0.8540000000000418,reload-3-inventory
3,448,239.241,522.675,761.916,572,761.916,863.348,0.5,761.916,400464,749.8105,448,750.6695,757.3945,5401426,2338,False,757.4465,757.4205,0.025,0.025448,0,1,64,117888,2626560,0.025999999999953616,4.495500000000106,0.8589999999999236,reload-3-inventory
3,449,240.093,521.531,761.624,572,761.624,906.231,0.5,761.624,400464,749.8155,449,750.6935,757.2205,5401426,2338,False,757.2745,757.2475,0.026,0.026279,0,1,59,109446,2626560,0.02699999999992997,4.376500000000078,0.8779999999999291,reload-3-inventory
3,450,238.812,523.509,762.321,572,762.321,858.914,0.5,762.321,400464,749.8205,450,750.7055,757.0655,5401426,2338,False,757.1165,757.0895,0.027,0.02677,0,1,59,109446,2626560,0.02400000000000091,5.231499999999983,0.8849999999999909,reload-3-inventory
3,451,233.615,519.593,753.208,572,753.208,918.253,0.5,753.208,400464,749.8275,451,750.7225,752.5385,5401326,2338,False,752.5625,752.5495,0.012,0.012489,0,1,9,16834,2626560,0.010999999999967258,0.6585000000000036,0.8949999999999818,reload-3-inventory
3,452,240.254,523.274,763.528,572,763.528,883.263,0.5,763.528,400464,749.8325,452,750.7255,757.1105,5401426,2338,False,757.1525,757.1285,0.024,0.023536,0,1,59,109446,2626560,0.018000000000029104,6.399499999999989,0.8930000000000291,reload-3-inventory
3,453,233.595,520.344,753.939,572,753.939,905.028,0.5,753.939,400464,749.8365,453,750.3365,753.5165,5401426,2338,False,753.5515,753.5265,0.024,0.024617,0,1,18,33668,2626560,0.010000000000104592,0.41249999999990905,0.5,reload-3-inventory
3,454,242.345,519.957,762.302,572,762.302,895.934,0.5,762.302,400464,749.8415,454,750.3515,757.0455,5401326,2338,False,757.0875,757.0655,0.022,0.022003,0,1,59,109446,2626560,0.020000000000095497,5.236499999999978,0.5099999999999909,reload-3-inventory
3,455,237.988,523.751,761.739,572,761.739,864.256,0.5,761.739,400464,749.8455,455,750.3675,757.3335,5401426,2338,False,757.3865,757.3605,0.025,0.025438,0,1,64,117888,2626560,0.027000000000043656,4.378500000000031,0.5219999999999345,reload-3-inventory
3,456,238.522,522.598,761.12,572,761.12,851.746,0.5,761.12,400464,749.8505,456,750.3725,757.3945,5401426,2338,False,757.4405,757.4185,0.022,0.022394,0,1,64,117888,2626560,0.02400000000000091,3.70150000000001,0.5219999999999345,reload-3-inventory
3,457,239.555,522.613,762.168,572,762.168,863.172,0.5,762.168,400464,749.8545,457,750.4355,757.1925,5401426,2338,False,757.2365,757.2105,0.025,0.025087,0,1,59,109446,2626560,0.018000000000029104,4.957499999999982,0.5810000000000173,reload-3-inventory
3,458,238.882,522.677,761.559,572,761.559,881.285,0.5,761.559,400464,749.8605,458,750.4405,756.7145,5401326,2338,False,756.8125,756.7385,0.074,0.074201,0,1,54,101004,2626560,0.02400000000000091,4.8204999999999245,0.5800000000000409,reload-3-inventory
3,459,232.351,523.827,756.178,572,756.178,874.257,0.5,756.178,400464,749.8655,459,750.4455,756.0825,5401426,2338,False,756.1825,756.1115,0.07,0.070486,0,1,50,92612,2626560,0.028999999999996362,0.0665000000000191,0.5800000000000409,reload-3-inventory
3,460,235.069,520.406,755.475,572,755.475,912.25,0.5,755.475,400464,749.8695,460,750.4875,755.3095,5401426,2338,False,755.3925,755.3235,0.069,0.068903,0,1,41,75778,2626560,0.014000000000010004,0.15150000000005548,0.6179999999999382,reload-3-inventory
3,461,236.502,524.025,760.527,572,760.527,845.02,0.5,760.527,400464,749.8745,461,750.5015,756.9645,5401326,2338,False,757.0055,756.9835,0.022,0.021853,0,1,59,109446,2626560,0.019000000000005457,3.5434999999999945,0.6269999999999527,reload-3-inventory
3,462,236.021,522.703,758.724,572,758.724,922.794,0.5,758.724,400464,749.8795,462,750.5475,756.5725,5401426,2338,False,756.6695,756.6075,0.062,0.061892,0,1,54,101004,2626560,0.03499999999996817,2.1165000000000873,0.6680000000000064,reload-3-inventory
3,463,236.167,519.941,756.108,572,756.108,896.96,0.5,756.108,400464,749.8835,463,750.5545,755.9875,5401426,2338,False,756.0725,756.0095,0.063,0.062854,0,1,45,84170,2626560,0.022000000000048203,0.09849999999994452,0.6709999999999354,reload-3-inventory
3,464,233.063,522.649,755.712,572,755.712,867.933,0.5,755.712,400464,749.8885,464,750.5615,755.6095,5401426,2338,False,755.6775,755.6245,0.053,0.052779,0,1,41,75778,2626560,0.014999999999986358,0.08749999999997726,0.6730000000000018,reload-3-inventory
3,465,229.494,523.62,753.114,572,753.114,925.363,0.5,753.114,400464,749.8935,465,750.5795,752.4935,5401326,2338,False,752.5225,752.5125,0.01,0.010416,0,1,9,16834,2626560,0.019000000000005457,0.6014999999999873,0.6860000000000355,reload-3-inventory
3,466,232.494,520.744,753.238,572,753.238,894.624,0.5,753.238,400464,749.8985,466,750.5845,752.4525,5401426,2338,False,752.4715,752.4605,0.011,0.011407,0,1,9,16834,2626560,0.008000000000038199,0.7775000000000318,0.6860000000000355,reload-3-inventory
3,467,233.172,520.027,753.199,572,753.199,863.699,0.5,753.199,400464,749.9035,467,750.6045,752.4165,5401426,2338,False,752.4385,752.4265,0.012,0.012528,0,1,9,16834,2626560,0.009999999999990905,0.7724999999999227,0.7010000000000218,reload-3-inventory
3,468,229.58,523.619,753.199,572,753.199,874.293,0.5,753.199,400464,749.9115,468,750.6085,752.3855,5401426,2338,False,752.4085,752.3995,0.009,0.009234,0,1,4,8392,2626560,0.014000000000010004,0.7994999999999663,0.6970000000000027,reload-3-inventory
3,469,229.975,523.91,753.885,572,753.885,856.273,0.5,753.885,400464,749.9165,469,750.6165,753.3185,5401326,2338,False,753.3635,753.3365,0.027,0.02682,0,1,18,33668,2626560,0.018000000000029104,0.54849999999999,0.6999999999999318,reload-3-inventory
3,470,229.379,523.538,752.917,572,752.917,861.095,0.5,752.917,400464,749.9215,470,750.6225,752.5705,5401426,2338,False,752.6165,752.6005,0.016,0.015874,0,1,9,16834,2626560,0.029999999999972715,0.3165000000000191,0.7009999999999081,reload-3-inventory
3,471,233.781,519.56,753.341,572,753.341,844.851,0.5,753.341,400464,749.9265,471,750.5745,752.5285,5401426,2338,False,752.5495,752.5385,0.011,0.010867,0,1,9,16834,2626560,0.009999999999990905,0.8025000000000091,0.6479999999999109,reload-3-inventory
3,472,232.608,522.842,755.45,572,755.45,852.908,0.5,755.45,400464,749.9315,472,750.6175,755.2635,5401326,2338,False,755.3715,755.3165,0.055,0.054592,0,1,41,75778,2626560,0.05299999999999727,0.13350000000002638,0.6859999999999218,reload-3-inventory
3,473,231.393,523.531,754.924,572,754.924,841.88,0.5,754.924,400464,749.9355,473,750.6475,754.6815,5401426,2338,False,754.7315,754.6935,0.038,0.038348,0,1,32,58944,2626560,0.011999999999943611,0.23050000000000637,0.7119999999999891,reload-3-inventory
3,474,234.19,520.253,754.443,572,754.443,863.774,0.5,754.443,400464,749.9405,474,750.6585,754.2745,5401426,2338,False,754.3025,754.2885,0.013,0.01369,0,1,27,50502,2626560,0.014000000000010004,0.15449999999998454,0.7179999999999609,reload-3-inventory
3,475,230.263,522.678,752.941,572,752.941,922.076,0.5,752.941,400464,749.9455,475,750.6775,752.2965,5401426,2338,False,752.3425,752.3265,0.016,0.016214,0,1,4,8392,2626560,0.029999999999972715,0.6145000000000209,0.7319999999999709,reload-3-inventory
3,476,232.368,520.812,753.18,572,753.18,844.653,0.5,753.18,400464,749.9495,476,750.6685,752.4665,5401326,2338,False,752.4895,752.4765,0.013,0.01284,0,1,9,16834,2626560,0.009999999999990905,0.7034999999999627,0.7190000000000509,reload-3-inventory
3,477,234.97,520.594,755.564,572,755.564,861.75,0.5,755.564,400464,749.9545,477,750.6835,755.4715,5401426,2338,False,755.5215,755.4865,0.035,0.034942,0,1,41,75778,2626560,0.014999999999986358,0.07749999999998636,0.7289999999999281,reload-3-inventory
3,478,230.639,523.629,754.268,572,754.268,879.103,0.5,754.268,400464,749.9595,478,750.3535,753.7665,5401426,2338,False,753.8065,753.7785,0.027,0.027301,0,1,22,42060,2626560,0.012000000000057298,0.4895000000000209,0.39400000000000546,reload-3-inventory
3,479,236.666,522.84,759.506,572,759.506,902.323,0.5,759.506,400464,749.9645,479,750.3595,756.9925,5401326,2338,False,757.0385,757.0155,0.022,0.022443,0,1,59,109446,2626560,0.023000000000024556,2.4904999999999973,0.3949999999999818,reload-3-inventory
3,480,237.739,522.86,760.599,572,760.599,863.956,0.5,760.599,400464,749.9695,480,750.3805,756.9295,5401426,2338,False,756.9845,756.9535,0.031,0.030856,0,1,59,109446,2626560,0.02400000000000091,3.6455000000000837,0.4109999999999445,reload-3-inventory
3,481,231.881,523.74,755.621,572,755.621,855.002,0.5,755.621,400464,749.9735,481,750.4055,755.4555,5401426,2338,False,755.6125,755.5305,0.082,0.082003,0,1,41,75778,2626560,0.07499999999993179,0.09050000000002001,0.43200000000001637,reload-3-inventory
3,482,232.332,523.036,755.368,572,755.368,866.576,0.5,755.368,400464,749.9785,482,750.4125,755.1375,5401426,2338,False,755.1945,755.1495,0.044,0.044397,0,1,36,67336,2626560,0.011999999999943611,0.21850000000006276,0.4339999999999691,reload-3-inventory
3,483,231.671,523.447,755.118,572,755.118,875.591,0.5,755.118,400464,749.9835,483,750.4205,754.9695,5401326,2338,False,755.0435,754.9935,0.051,0.050706,0,1,36,67336,2626560,0.02400000000000091,0.12450000000001182,0.43699999999989814,reload-3-inventory
3,484,235.156,519.931,755.087,572,755.087,877.222,0.5,755.087,400464,749.9885,484,750.4265,755.0035,5401426,2338,False,755.0625,755.0175,0.045,0.045518,0,1,36,67336,2626560,0.014000000000010004,0.06949999999994816,0.4379999999999882,reload-3-inventory
3,485,234.881,520.202,755.083,572,755.083,862.679,0.5,755.083,400464,749.9925,485,750.4545,754.8085,5401426,2338,False,754.8625,754.8225,0.04,0.04021,0,1,32,58944,2626560,0.014000000000010004,0.2604999999999791,0.4620000000001028,reload-3-inventory
3,486,231.844,522.643,754.487,572,754.487,905.047,0.5,754.487,400464,750.0005,486,750.5025,754.1085,5401326,2338,False,754.1385,754.1245,0.014,0.013811,0,1,27,50502,2626560,0.01599999999996271,0.3624999999999545,0.5020000000000664,reload-3-inventory
3,487,234.989,520.493,755.482,572,755.482,917.351,0.5,755.482,400464,750.0055,487,750.5185,755.4015,5401426,2338,False,755.4625,755.4165,0.046,0.046099,0,1,41,75778,2626560,0.014999999999986358,0.06549999999992906,0.5130000000000337,reload-3-inventory
3,488,236.749,523.428,760.177,572,760.177,893.587,0.5,760.177,400464,750.0095,488,750.5235,756.8955,5401426,2338,False,756.9575,756.9225,0.035,0.035013,0,1,59,109446,2626560,0.027000000000043656,3.2545000000000073,0.51400000000001,reload-3-inventory
3,489,234.185,522.399,756.584,572,756.584,902.843,0.5,756.584,400464,750.0145,489,750.5285,756.4735,5401426,2338,False,756.5605,756.4965,0.064,0.063585,0,1,50,92612,2626560,0.023000000000024556,0.08749999999997726,0.51400000000001,reload-3-inventory
3,490,231.979,524.027,756.006,572,756.006,887.271,0.5,756.006,400464,750.0195,490,750.5345,755.9155,5401326,2338,False,755.9785,755.9375,0.041,0.040561,0,1,45,84170,2626560,0.022000000000048203,0.0684999999999718,0.5149999999999864,reload-3-inventory
3,491,230.866,523.883,754.749,572,754.749,865.853,0.5,754.749,400464,750.0235,491,750.5395,754.3095,5401426,2338,False,754.3825,754.3425,0.039,0.039339,0,1,27,50502,2626560,0.03300000000001546,0.40650000000005093,0.5159999999999627,reload-3-inventory
3,492,230.78,523.956,754.736,572,754.736,844.594,0.5,754.736,400464,750.0285,492,750.5865,754.3895,5401426,2338,False,754.4265,754.4005,0.026,0.025779,0,1,27,50502,2626560,0.010999999999967258,0.33550000000002456,0.5579999999999927,reload-3-inventory
3,493,240.39,519.811,760.201,572,760.201,920.493,0.5,760.201,400464,750.0325,493,750.5925,756.7815,5401426,2338,False,756.8275,756.8035,0.023,0.023435,0,1,54,101004,2626560,0.021999999999934516,3.3975000000000364,0.5599999999999454,reload-3-inventory
3,494,234.871,521.422,756.293,572,756.293,878.742,0.5,756.293,400464,750.0375,494,750.5985,756.2015,5401326,2338,False,756.2755,756.2265,0.049,0.049434,0,1,50,92612,2626560,0.024999999999977263,0.0665000000000191,0.5609999999999218,reload-3-inventory
3,495,234.298,521.495,755.793,572,755.793,871.152,0.5,755.793,400464,750.0425,495,750.6225,755.6945,5401426,2338,False,755.8025,755.7345,0.067,0.067271,0,1,45,84170,2626560,0.04000000000007731,0.0584999999999809,0.5799999999999272,reload-3-inventory
3,496,232.014,523.112,755.126,572,755.126,864.218,0.5,755.126,400464,750.0475,496,750.6655,754.9415,5401426,2338,False,754.9975,754.9545,0.043,0.042884,0,1,36,67336,2626560,0.013000000000033651,0.1714999999999236,0.6179999999999382,reload-3-inventory
3,497,232.741,522.647,755.388,572,755.388,911.379,0.5,755.388,400464,750.0515,497,750.6725,755.1755,5401326,2338,False,755.2355,755.1905,0.044,0.044487,0,1,36,67336,2626560,0.014999999999986358,0.1974999999999909,0.6209999999999809,reload-3-inventory
3,498,232.387,522.709,755.096,572,755.096,861.463,0.5,755.096,400464,750.0565,498,750.6965,754.8015,5401426,2338,False,754.8535,754.8155,0.038,0.038027,0,1,32,58944,2626560,0.014000000000010004,0.2804999999999609,0.6399999999999864,reload-3-inventory
3,499,231.611,524.062,755.673,572,755.673,859.621,0.5,755.673,400464,750.0615,499,750.7275,755.4775,5401426,2338,False,755.6125,755.5515,0.061,0.06055,0,1,41,75778,2626560,0.07400000000006912,0.12149999999996908,0.66599999999994,reload-3-inventory
3,500,237.98,521.843,759.823,572,759.823,877.89,0.5,759.823,400464,750.0665,500,750.7335,757.5545,5401426,2338,False,757.5965,757.5735,0.023,0.023014,0,1,64,117888,2626560,0.019000000000005457,2.249500000000012,0.66700000000003,reload-3-inventory
3,501,240.469,520.022,760.491,572,760.491,868.864,0.5,760.491,400464,750.0715,501,750.7555,757.6075,5401326,2338,False,757.6495,757.6245,0.025,0.024707,0,1,64,117888,2626560,0.01700000000005275,2.8664999999999736,0.6839999999999691,reload-3-inventory
3,502,235.733,520.004,755.737,572,755.737,858.892,0.5,755.737,400464,750.0755,502,750.7605,755.6245,5401426,2338,False,755.6925,755.6465,0.045,0.044907,0,1,41,75778,2626560,0.021999999999934516,0.09050000000002001,0.6849999999999454,reload-3-inventory
3,503,230.592,524.017,754.609,572,754.609,880.078,0.5,754.609,400464,750.0865,503,750.3435,754.1985,5401426,2338,False,754.2535,754.2105,0.042,0.042644,0,1,27,50502,2626560,0.012000000000057298,0.39850000000001273,0.25699999999994816,reload-3-inventory
3,504,231.203,522.696,753.899,572,753.899,846.025,0.5,753.899,400464,750.0915,504,750.7255,753.0065,5401326,2338,False,753.0345,753.0195,0.015,0.014832,0,1,13,25226,2626560,0.013000000000033651,0.8795000000000073,0.6340000000000146,reload-3-inventory
3,505,232.675,520.051,752.726,572,752.726,913.858,0.5,752.726,400464,750.0965,505,750.7345,752.2335,5401426,2338,False,752.2615,752.2465,0.015,0.014982,0,1,4,8392,2626560,0.012999999999919964,0.47950000000003,0.6380000000000337,reload-3-inventory
3,506,233.721,520.162,753.883,572,753.883,889.002,0.5,753.883,400464,750.1015,506,750.7635,753.5305,5401426,2338,False,753.5585,753.5415,0.017,0.017226,0,1,18,33668,2626560,0.011000000000080945,0.34149999999999636,0.6620000000000346,reload-3-inventory
3,507,230.846,522.712,753.558,572,753.558,860.656,0.5,753.558,400464,750.1055,507,750.7685,753.4915,5401426,2338,False,753.5245,753.5005,0.023,0.023746,0,1,18,33668,2626560,0.009000000000014552,0.05750000000000455,0.6630000000000109,reload-3-inventory
3,508,233.028,523.262,756.29,572,756.29,867.936,0.5,756.29,400464,750.1105,508,750.8105,756.1935,5401326,2338,False,756.2655,756.2195,0.046,0.045868,0,1,50,92612,2626560,0.026000000000067303,0.07049999999992451,0.7000000000000455,reload-3-inventory
3,509,235.24,520.028,755.268,572,755.268,883.126,0.5,755.268,400464,750.1145,509,750.8275,755.1645,5401426,2338,False,755.2395,755.1835,0.056,0.056585,0,1,36,67336,2626560,0.019000000000005457,0.0845000000000482,0.7129999999999654,reload-3-inventory
3,510,239.887,520.347,760.234,572,760.234,856.824,0.5,760.234,400464,750.1195,510,750.8755,757.0125,5401426,2338,False,757.0575,757.0315,0.027,0.02671,0,1,59,109446,2626560,0.019000000000005457,3.2024999999999864,0.7559999999999718,reload-3-inventory
3,511,238.004,522.657,760.661,572,760.661,915.506,0.5,760.661,400464,750.1235,511,750.8815,756.8355,5401426,2338,False,756.8885,756.8525,0.035,0.035373,0,1,54,101004,2626560,0.016999999999939064,3.808499999999981,0.7579999999999245,reload-3-inventory
3,512,230.656,522.887,753.543,572,753.543,851.088,0.5,753.543,400464,750.1285,512,750.8935,752.9725,5401426,2338,False,752.9975,752.9855,0.012,0.012359,0,1,13,25226,2626560,0.013000000000033651,0.5575000000000045,0.7649999999999864,reload-3-inventory
3,513,230.506,522.805,753.311,572,753.311,883.314,0.5,753.311,400464,750.1335,513,750.8855,753.0435,5401426,2338,False,753.0735,753.0565,0.016,0.016685,0,1,13,25226,2626560,0.013000000000033651,0.2545000000000073,0.7519999999999527,reload-3-inventory
3,514,236.425,520.053,756.478,572,756.478,912.932,0.5,756.478,400464,750.1375,514,750.8865,756.3745,5401426,2338,False,756.4615,756.3975,0.064,0.063696,0,1,50,92612,2626560,0.023000000000024556,0.08049999999991542,0.74899999999991,reload-3-inventory
3,515,237.922,522.617,760.539,572,760.539,893.047,0.5,760.539,400464,750.1425,515,750.7865,756.5755,5401326,2338,False,756.7025,756.6225,0.08,0.079669,0,1,54,101004,2626560,0.04699999999991178,3.916500000000042,0.6440000000000055,reload-3-inventory
3,516,231.16,522.492,753.652,572,753.652,899.937,0.5,753.652,400464,750.1465,516,750.8155,753.4215,5401426,2338,False,753.4545,753.4315,0.023,0.023154,0,1,18,33668,2626560,0.009999999999990905,0.22050000000001546,0.6690000000000964,reload-3-inventory
3,517,230.832,522.962,753.794,572,753.794,927.859,0.5,753.794,400464,750.1515,517,750.8205,753.3725,5401426,2338,False,753.4155,753.3835,0.032,0.032458,0,1,18,33668,2626560,0.011000000000080945,0.41049999999995634,0.6689999999999827,reload-3-inventory
3,518,232.771,521.044,753.815,572,753.815,862.69,0.5,753.815,400464,750.1555,518,750.8325,753.4665,5401426,2338,False,753.5115,753.4795,0.031,0.031457,0,1,18,33668,2626560,0.013000000000033651,0.33550000000002456,0.6770000000000209,reload-3-inventory
3,519,229.705,523.602,753.307,572,753.307,884.917,0.5,753.307,400464,750.1595,519,750.8525,753.1295,5401326,2338,False,753.1705,753.1415,0.028,0.028232,0,1,13,25226,2626560,0.011999999999943611,0.16550000000006548,0.6929999999999836,reload-3-inventory
3,520,234.836,520.487,755.323,572,755.323,870.412,0.5,755.323,400464,750.1735,520,750.8675,755.0695,5401426,2338,False,755.1305,755.0825,0.047,0.04739,0,1,36,67336,2626560,0.013000000000033651,0.24049999999999727,0.69399999999996,reload-3-inventory
3,521,230.093,523.661,753.754,572,753.754,865.861,0.5,753.754,400464,750.1775,521,750.8625,753.2185,5401426,2338,False,753.2715,753.2385,0.033,0.032969,0,1,18,33668,2626560,0.020000000000095497,0.5154999999999745,0.6849999999999454,reload-3-inventory
3,522,231.473,523.54,755.013,572,755.013,847.15,0.5,755.013,400464,750.1825,522,750.8745,754.7365,5401326,2338,False,754.7915,754.7525,0.039,0.039089,0,1,32,58944,2626560,0.016000000000076398,0.2604999999999791,0.6920000000000073,reload-3-inventory
3,523,229.1,524.003,753.103,572,753.103,840.965,0.5,753.103,400464,750.1875,523,750.7295,752.4045,5401426,2338,False,752.4495,752.4305,0.019,0.018738,0,1,9,16834,2626560,0.026000000000067303,0.6724999999999,0.54200000000003,reload-3-inventory
3,524,230.381,523.256,753.637,572,753.637,895.105,0.5,753.637,400464,750.1915,524,750.7305,752.9155,5401426,2338,False,752.9635,752.9285,0.034,0.034602,0,1,13,25226,2626560,0.013000000000033651,0.7084999999999582,0.5389999999999873,reload-3-inventory
3,525,230.321,522.636,752.957,572,752.957,888.931,0.5,752.957,400464,750.1965,525,750.7365,752.7795,5401426,2338,False,752.8055,752.7935,0.012,0.012098,0,1,9,16834,2626560,0.014000000000010004,0.1634999999999991,0.5399999999999636,reload-3-inventory
3,526,229.7,523.347,753.047,572,753.047,901.613,0.5,753.047,400464,750.2005,526,750.7415,752.7075,5401326,2338,False,752.7335,752.7175,0.015,0.015002,0,1,9,16834,2626560,0.009999999999990905,0.32950000000005275,0.54099999999994,reload-3-inventory
3,527,236.493,522.677,759.17,572,759.17,873.641,0.5,759.17,400464,750.2055,527,750.7505,757.5495,5401426,2338,False,757.5915,757.5675,0.024,0.023516,0,1,64,117888,2626560,0.018000000000029104,1.6024999999999636,0.5449999999999591,reload-3-inventory
3,528,233.036,522.629,755.665,572,755.665,875.471,0.5,755.665,400464,750.2105,528,750.7665,755.5475,5401426,2338,False,755.5995,755.5635,0.036,0.035694,0,1,41,75778,2626560,0.01599999999996271,0.10149999999998727,0.5559999999999263,reload-3-inventory
3,529,243.029,520.285,763.314,572,763.314,840.113,0.5,763.314,400464,750.2155,529,750.7755,757.4515,5401326,2338,False,757.4955,757.4695,0.026,0.025819,0,1,64,117888,2626560,0.018000000000029104,5.844499999999925,0.5599999999999454,reload-3-inventory
3,530,236.098,519.914,756.012,572,756.012,857.412,0.5,756.012,400464,750.2205,530,750.7505,755.9065,5401426,2338,False,755.9955,755.9325,0.063,0.063315,0,1,45,84170,2626560,0.025999999999953616,0.07949999999993906,0.5299999999999727,reload-3-inventory
3,531,237.05,522.982,760.032,572,760.032,842.551,0.5,760.032,400464,750.2245,531,750.7575,757.2895,5401426,2338,False,757.3405,757.3065,0.033,0.03292,0,1,59,109446,2626560,0.01700000000005275,2.725500000000011,0.5330000000000155,reload-3-inventory
3,532,243.06,519.831,762.891,572,762.891,915.524,0.5,762.891,400464,750.2285,532,750.7805,757.0695,5401426,2338,False,757.1155,757.0905,0.025,0.025097,0,1,59,109446,2626560,0.02100000000007185,5.800499999999943,0.5519999999999072,reload-3-inventory
3,533,239.276,521.6,760.876,572,760.876,899.937,0.5,760.876,400464,750.2335,533,750.7895,756.9655,5401326,2338,False,757.0125,756.9905,0.022,0.022123,0,1,59,109446,2626560,0.024999999999977263,3.885499999999979,0.5559999999999263,reload-3-inventory
3,534,238.342,522.643,760.985,572,760.985,896.277,0.5,760.985,400464,750.2375,534,750.7445,757.7135,5401426,2338,False,757.7735,757.7425,0.031,0.030556,0,1,64,117888,2626560,0.028999999999996362,3.2425000000000637,0.5070000000000618,reload-3-inventory
3,535,229.012,523.937,752.949,572,752.949,905.972,0.5,752.949,400464,750.2425,535,750.7465,752.7445,5401426,2338,False,752.7715,752.7555,0.015,0.015704,0,1,9,16834,2626560,0.010999999999967258,0.1934999999999718,0.5040000000000191,reload-3-inventory
3,536,234.728,520.548,755.276,572,755.276,913.884,0.5,755.276,400464,750.2465,536,750.7525,755.0505,5401426,2338,False,755.1035,755.0805,0.022,0.022453,0,1,36,67336,2626560,0.029999999999972715,0.1954999999999245,0.5060000000000855,reload-3-inventory
3,537,234.87,520.29,755.16,572,755.16,875.155,0.5,755.16,400464,750.2515,537,750.7605,754.8695,5401326,2338,False,754.9195,754.8845,0.035,0.035102,0,1,36,67336,2626560,0.014999999999986358,0.27549999999996544,0.5090000000000146,reload-3-inventory
3,538,232.3,522.644,754.944,572,754.944,843.506,0.5,754.944,400464,750.2575,538,750.7655,754.5275,5401426,2338,False,754.5795,754.5415,0.037,0.037095,0,1,32,58944,2626560,0.014000000000010004,0.40249999999991815,0.5079999999999245,reload-3-inventory
3,539,232.674,521.508,754.182,572,754.182,912.672,0.5,754.182,400464,750.2625,539,750.7715,753.5655,5401426,2338,False,753.6115,753.5885,0.022,0.022463,0,1,18,33668,2626560,0.02299999999991087,0.5935000000000628,0.5089999999999009,reload-3-inventory
3,540,233.816,519.611,753.427,572,753.427,903.946,0.5,753.427,400464,750.2665,540,750.7765,752.8145,5401326,2338,False,752.8635,752.8475,0.015,0.015283,0,1,13,25226,2626560,0.03300000000001546,0.5795000000000528,0.5100000000001046,reload-3-inventory
3,541,236.644,523.796,760.44,572,760.44,860.357,0.5,760.44,400464,750.2705,541,750.7805,757.1465,5401426,2338,False,757.1855,757.1635,0.022,0.021692,0,1,59,109446,2626560,0.01700000000005275,3.2765000000000555,0.5099999999999909,reload-3-inventory
3,542,230.267,523.956,754.223,572,754.223,919.541,0.5,754.223,400464,750.2755,542,750.7815,753.8355,5401426,2338,False,753.8875,753.8515,0.036,0.035814,0,1,22,42060,2626560,0.01599999999996271,0.3714999999999691,0.5060000000000855,reload-3-inventory
3,543,230.741,522.693,753.434,572,753.434,878.943,0.5,753.434,400464,750.2795,543,750.7185,753.0815,5401426,2338,False,753.1205,753.0925,0.027,0.027661,0,1,13,25226,2626560,0.010999999999967258,0.34149999999999636,0.43899999999996453,reload-3-inventory
3,544,233.723,522.666,756.389,572,756.389,868.269,0.5,756.389,400464,750.2845,544,750.7555,756.2785,5401326,2338,False,756.3995,756.3125,0.087,0.086679,0,1,50,92612,2626560,0.033999999999991815,0.07650000000001,0.47100000000000364,reload-3-inventory
3,545,232.123,523.823,755.946,572,755.946,881.773,0.5,755.946,400464,750.2885,545,750.7625,755.8595,5401426,2338,False,755.9325,755.8835,0.048,0.047872,0,1,45,84170,2626560,0.02400000000000091,0.0625,0.4740000000000464,reload-3-inventory
3,546,233.329,522.66,755.989,572,755.989,889.465,0.5,755.989,400464,750.2935,546,750.7705,755.8775,5401426,2338,False,755.9655,755.9105,0.055,0.055052,0,1,45,84170,2626560,0.032999999999901775,0.0785000000000764,0.47699999999997544,reload-3-inventory
3,547,238.503,523.837,762.34,572,762.34,909.511,0.5,762.34,400464,750.2975,547,750.7785,758.5265,5401326,2338,False,758.5845,758.5595,0.026,0.025558,0,1,64,117888,2626560,0.032999999999901775,3.7805000000000746,0.48099999999999454,reload-3-inventory
3,548,240.916,520.114,761.03,572,761.03,849.003,0.5,761.03,400464,750.3035,548,750.7865,758.4655,5401426,2338,False,758.5225,758.4915,0.031,0.030706,0,1,64,117888,2626560,0.025999999999953616,2.538499999999999,0.48300000000006094,reload-3-inventory
3,549,240.612,522.573,763.185,572,763.185,868.914,0.5,763.185,400464,750.3105,549,750.7945,758.3255,5401426,2338,False,758.3835,758.3595,0.024,0.024106,0,1,64,117888,2626560,0.033999999999991815,4.82549999999992,0.4839999999999236,reload-3-inventory
3,550,235.294,523.381,758.675,572,758.675,839.737,0.5,758.675,400464,750.3145,550,750.8015,758.1375,5401426,2338,False,758.1795,758.1555,0.024,0.024126,0,1,64,117888,2626560,0.017999999999915417,0.5194999999999936,0.48700000000008004,reload-3-inventory
3,551,232.668,522.709,755.377,572,755.377,908.496,0.5,755.377,400464,750.3195,551,750.8135,755.0225,5401326,2338,False,755.1075,755.0445,0.062,0.062193,0,1,36,67336,2626560,0.021999999999934516,0.3324999999999818,0.4940000000000282,reload-3-inventory
3,552,232.178,521.807,753.985,572,753.985,854.817,0.5,753.985,400464,750.3235,552,750.8255,753.5195,5401426,2338,False,753.5535,753.5325,0.021,0.020881,0,1,18,33668,2626560,0.013000000000033651,0.45249999999998636,0.5020000000000664,reload-3-inventory
3,553,232.995,520.778,753.773,572,753.773,868.615,0.5,753.773,400464,750.3355,553,750.8365,753.2815,5401426,2338,False,753.3475,753.3075,0.04,0.040131,0,1,18,33668,2626560,0.025999999999953616,0.46550000000002,0.5009999999999764,reload-3-inventory
3,554,230.565,523.637,754.202,572,754.202,868.445,0.5,754.202,400464,750.3415,554,750.8205,753.7535,5401326,2338,False,753.8015,753.7695,0.032,0.031848,0,1,22,42060,2626560,0.01599999999996271,0.43250000000000455,0.47900000000004184,reload-3-inventory
3,555,235.092,520.044,755.136,572,755.136,845.224,0.5,755.136,400464,750.3545,555,750.8295,754.9945,5401426,2338,False,755.0435,755.0075,0.036,0.035963,0,1,36,67336,2626560,0.013000000000033651,0.12849999999991724,0.47500000000002274,reload-3-inventory
3,556,233.705,522.708,756.413,572,756.413,917.545,0.5,756.413,400464,750.3615,556,750.8495,756.2755,5401426,2338,False,756.3825,756.2985,0.083,0.083495,0,1,50,92612,2626560,0.023000000000024556,0.11450000000002092,0.4880000000000564,reload-3-inventory
3,557,233.974,521.458,755.432,572,755.432,922.738,0.5,755.432,400464,750.3925,557,750.8055,755.2245,5401426,2338,False,755.3035,755.2465,0.057,0.056815,0,1,36,67336,2626560,0.021999999999934516,0.1855000000000473,0.4130000000000109,reload-3-inventory
3,558,236.375,523.541,759.916,572,759.916,889.253,0.5,759.916,400464,750.4015,558,750.8095,757.9805,5401326,2338,False,758.0285,758.0045,0.024,0.023675,0,1,64,117888,2626560,0.02400000000000091,1.9115000000000464,0.4079999999999018,reload-3-inventory
3,559,241.384,520.376,761.76,572,761.76,873.057,0.5,761.76,400464,750.4065,559,750.8185,757.8545,5401426,2338,False,757.9215,757.8745,0.047,0.046871,0,1,64,117888,2626560,0.01999999999998181,3.885499999999979,0.4119999999999209,reload-3-inventory
3,560,235.849,523.64,759.489,572,759.489,888.832,0.5,759.489,400464,750.4125,560,750.8245,757.7605,5401426,2338,False,757.8045,757.7815,0.023,0.023145,0,1,64,117888,2626560,0.02100000000007185,1.7074999999999818,0.4119999999999209,reload-3-inventory
3,561,239.234,522.44,761.674,572,761.674,863.433,0.5,761.674,400464,750.4175,561,750.8425,757.6965,5401426,2338,False,757.7375,757.7145,0.023,0.022844,0,1,64,117888,2626560,0.018000000000029104,3.9594999999999345,0.4249999999999545,reload-3-inventory
3,562,235.125,523.905,759.03,572,759.03,859.995,0.5,759.03,400464,750.4245,562,750.8495,757.5055,5401326,2338,False,757.5685,757.5385,0.029,0.029324,0,1,64,117888,2626560,0.03300000000001546,1.4914999999999736,0.4250000000000682,reload-3-inventory
3,563,240.593,519.961,760.554,572,760.554,877.152,0.5,760.554,400464,750.4315,563,750.8595,757.2945,5401426,2338,False,757.3555,757.3205,0.035,0.035183,0,1,59,109446,2626560,0.026000000000067303,3.2334999999999354,0.42799999999999727,reload-3-inventory
3,564,239.47,523.453,762.923,572,762.923,868.695,0.5,762.923,400464,750.4465,564,750.7455,756.8255,5401426,2338,False,756.9195,756.8505,0.068,0.068262,0,1,54,101004,2626560,0.024999999999977263,6.072499999999991,0.29899999999997817,reload-3-inventory
3,565,236.77,523.849,760.619,572,760.619,878.155,0.5,760.619,400464,750.4545,565,750.8035,758.2145,5401326,2338,False,758.2725,758.2405,0.032,0.032008,0,1,64,117888,2626560,0.025999999999953616,2.378500000000031,0.3489999999999327,reload-3-inventory
3,566,236.564,523.345,759.909,572,759.909,912.152,0.5,759.909,400464,750.4725,566,750.8245,758.1195,5401426,2338,False,758.1705,758.1385,0.031,0.031287,0,1,64,117888,2626560,0.019000000000005457,1.77049999999997,0.35199999999997544,reload-3-inventory
3,567,235.387,523.843,759.23,572,759.23,884.672,0.5,759.23,400464,750.4785,567,750.8395,757.9915,5401426,2338,False,758.0515,758.0195,0.032,0.031667,0,1,64,117888,2626560,0.02800000000002001,1.2105000000000246,0.36099999999999,reload-3-inventory
3,568,238.016,523.348,761.364,572,761.364,901.628,0.5,761.364,400464,750.4865,568,750.8455,757.8105,5401426,2338,False,757.8545,757.8285,0.026,0.025849,0,1,64,117888,2626560,0.017999999999915417,3.53550000000007,0.3590000000000373,reload-3-inventory
3,569,237.774,522.667,760.441,572,760.441,846.879,0.5,760.441,400464,750.4905,569,750.8715,757.5025,5401326,2338,False,757.5475,757.5205,0.027,0.026529,0,1,64,117888,2626560,0.017999999999915417,2.920500000000061,0.3809999999999718,reload-3-inventory
3,570,235.287,523.889,759.176,572,759.176,868.784,0.5,759.176,400464,750.4965,570,750.8795,757.1055,5401426,2338,False,757.1605,757.1295,0.031,0.030936,0,1,59,109446,2626560,0.02400000000000091,2.0465000000000373,0.3830000000000382,reload-3-inventory
3,571,232.858,522.708,755.566,572,755.566,861.003,0.5,755.566,400464,750.5585,571,750.8965,755.4465,5401426,2338,False,755.4895,755.4625,0.027,0.027501,0,1,41,75778,2626560,0.01599999999996271,0.10350000000005366,0.33799999999996544,reload-3-inventory
3,572,230.134,523.338,753.472,572,753.472,866.04,0.5,753.472,400464,750.5825,572,750.8995,752.8755,5401326,2338,False,752.9065,752.8905,0.016,0.016254,0,1,13,25226,2626560,0.014999999999986358,0.5815000000000055,0.3170000000000073,reload-3-inventory
3,573,232.103,523.831,755.934,572,755.934,870.786,0.5,755.934,400464,750.5885,573,750.8915,755.8145,5401426,2338,False,755.9065,755.8385,0.068,0.067712,0,1,45,84170,2626560,0.02400000000000091,0.09550000000001546,0.30299999999999727,reload-3-inventory
3,574,240.468,519.595,760.063,572,760.063,853.686,0.5,760.063,400464,750.5955,574,750.9205,756.6985,5401426,2338,False,756.7895,756.7395,0.05,0.049625,0,1,54,101004,2626560,0.04100000000005366,3.3234999999999673,0.3249999999999318,reload-3-inventory
3,575,239.714,520.352,760.066,572,760.066,892.103,0.5,760.066,400464,750.6425,575,750.9495,756.6055,5401426,2338,False,756.6895,756.6305,0.058,0.058227,0,1,54,101004,2626560,0.024999999999977263,3.4355000000000473,0.3069999999999027,reload-3-inventory
3,576,241.692,521.242,762.934,572,762.934,877.845,0.5,762.934,400464,750.6635,576,750.7965,758.4325,5401326,2338,False,758.4755,758.4525,0.023,0.023064,0,1,64,117888,2626560,0.01999999999998181,4.481499999999983,0.1330000000000382,reload-3-inventory
3,577,231.521,522.553,754.074,572,754.074,924.422,0.5,754.074,400464,750.6755,577,750.9105,753.9455,5401426,2338,False,753.9845,753.9575,0.027,0.027141,0,1,22,42060,2626560,0.011999999999943611,0.11649999999997362,0.23499999999989996,reload-3-inventory
3,578,239.407,520.336,759.743,572,759.743,925.995,0.5,759.743,400464,750.6805,578,750.9615,756.5715,5401426,2338,False,756.6545,756.6135,0.041,0.041171,0,1,54,101004,2626560,0.04200000000003001,3.1295000000000073,0.28099999999994907,reload-3-inventory
3,579,235.895,519.638,755.533,572,755.533,863.12,0.5,755.533,400464,750.6855,579,750.9485,755.3825,5401426,2338,False,755.4395,755.4035,0.036,0.036023,0,1,41,75778,2626560,0.020999999999958163,0.12950000000000728,0.26299999999991996,reload-3-inventory
3,580,233.309,520.355,753.664,572,753.664,889.453,0.5,753.664,400464,750.6895,580,750.9565,753.4605,5401326,2338,False,753.4855,753.4705,0.014,0.013841,0,1,18,33668,2626560,0.009999999999990905,0.1934999999999718,0.26700000000005275,reload-3-inventory
3,581,231.105,524.05,755.155,572,755.155,874.848,0.5,755.155,400464,750.6945,581,750.9355,754.8695,5401426,2338,False,754.9345,754.8885,0.046,0.04658,0,1,36,67336,2626560,0.019000000000005457,0.2664999999999509,0.24100000000009913,reload-3-inventory
3,582,231.855,523.483,755.338,572,755.338,913.27,0.5,755.338,400464,750.7005,582,750.9415,755.1105,5401426,2338,False,755.1665,755.1345,0.032,0.031877,0,1,36,67336,2626560,0.02400000000000091,0.2034999999999627,0.24099999999998545,reload-3-inventory
3,583,233.043,521.703,754.746,572,754.746,860.757,0.5,754.746,400464,750.7055,583,750.9465,754.4365,5401326,2338,False,754.4895,754.4505,0.038,0.038537,0,1,32,58944,2626560,0.014000000000010004,0.29549999999994725,0.24099999999998545,reload-3-inventory
3,584,231.182,523.227,754.409,572,754.409,865.514,0.5,754.409,400464,750.7105,584,750.9515,754.0375,5401426,2338,False,754.0745,754.0485,0.025,0.025559,0,1,27,50502,2626560,0.010999999999967258,0.3605000000000018,0.24099999999998545,reload-3-inventory
3,585,234.362,520.537,754.899,572,754.899,849.628,0.5,754.899,400464,750.7165,585,750.8805,754.4875,5401426,2338,False,754.5515,754.5105,0.04,0.04033,0,1,32,58944,2626560,0.023000000000024556,0.38850000000002183,0.16399999999998727,reload-3-inventory
3,586,243.546,519.591,763.137,572,763.137,864.383,0.5,763.137,400464,750.7345,586,750.8985,757.0955,5401426,2338,False,757.1365,757.1135,0.023,0.023325,0,1,59,109446,2626560,0.018000000000029104,6.023499999999899,0.16399999999998727,reload-3-inventory
3,587,232.252,523.545,755.797,572,755.797,875.937,0.5,755.797,400464,750.7685,587,750.9315,755.7125,5401326,2338,False,755.7815,755.7385,0.042,0.042413,0,1,45,84170,2626560,0.026000000000067303,0.0584999999999809,0.16300000000001091,reload-3-inventory
3,588,232.016,523.901,755.917,572,755.917,849.241,0.5,755.917,400464,750.7855,588,750.9165,755.7915,5401426,2338,False,755.8965,755.8175,0.079,0.079058,0,1,45,84170,2626560,0.025999999999953616,0.09950000000003456,0.1310000000000855,reload-3-inventory
3,589,237.095,523.66,760.755,572,760.755,851.014,0.5,760.755,400464,750.7935,589,750.9455,756.8985,5401426,2338,False,756.9635,756.9295,0.034,0.03387,0,1,59,109446,2626560,0.03099999999994907,3.8255000000000337,0.15200000000004366,reload-3-inventory
3,590,241.804,520.035,761.839,572,761.839,843.819,0.5,761.839,400464,750.8005,590,750.8915,757.1645,5401326,2338,False,757.2045,757.1835,0.021,0.021502,0,1,59,109446,2626560,0.019000000000005457,4.655500000000075,0.0909999999998945,reload-3-inventory
3,591,230.752,522.529,753.281,572,753.281,853.028,0.5,753.281,400464,750.8245,591,750.9065,752.5055,5401426,2338,False,752.5305,752.5155,0.015,0.014762,0,1,9,16834,2626560,0.009999999999990905,0.7654999999999745,0.08200000000010732,reload-3-inventory
3,592,230.525,522.392,752.917,572,752.917,870.111,0.5,752.917,400464,750.8355,592,750.9115,752.3505,5401426,2338,False,752.3825,752.3705,0.011,0.011196,0,1,4,8392,2626560,0.01999999999998181,0.5465000000000373,0.07600000000002183,reload-3-inventory
3,593,232.717,522.717,755.434,572,755.434,878.312,0.5,755.434,400464,750.8415,593,750.9045,755.2005,5401426,2338,False,755.2565,755.2135,0.042,0.042664,0,1,36,67336,2626560,0.012999999999919964,0.22050000000001546,0.06299999999998818,reload-3-inventory
3,594,229.293,523.354,752.647,572,752.647,868.286,0.5,752.647,400464,750.8485,594,750.9215,752.1735,5401326,2338,False,752.1935,752.1825,0.011,0.011147,0,1,4,8392,2626560,0.009000000000014552,0.46450000000004366,0.07300000000009277,reload-3-inventory
3,595,233.736,522.677,756.413,572,756.413,872.465,0.5,756.413,400464,750.8685,595,750.9405,756.2865,5401426,2338,False,756.3635,756.3095,0.054,0.054381,0,1,50,92612,2626560,0.02299999999991087,0.10350000000005366,0.07200000000000273,reload-3-inventory
3,596,229.233,523.508,752.741,572,752.741,865.003,0.5,752.741,400464,750.8745,596,750.9165,752.2035,5401426,2338,False,752.2235,752.2125,0.011,0.011317,0,1,4,8392,2626560,0.009000000000014552,0.5285000000000082,0.04200000000003001,reload-3-inventory
3,597,234.23,520.014,754.244,572,754.244,898.047,0.5,754.244,400464,750.8955,597,750.9575,753.9405,5401326,2338,False,753.9875,753.9505,0.037,0.037156,0,1,22,42060,2626560,0.009999999999990905,0.29349999999999454,0.06200000000001182,reload-3-inventory
3,598,236.75,523.717,760.467,572,760.467,915.423,0.5,760.467,400464,750.9035,598,750.9545,756.6975,5401426,2338,False,756.7895,756.7275,0.062,0.062022,0,1,54,101004,2626560,0.029999999999972715,3.739500000000021,0.051000000000044565,reload-3-inventory
3,599,233.858,521.555,755.413,572,755.413,918.47,0.5,755.413,400464,750.9085,599,750.9605,755.2435,5401426,2338,False,755.3035,755.2625,0.041,0.040911,0,1,41,75778,2626560,0.019000000000005457,0.15049999999996544,0.05200000000002092,reload-3-inventory
3,600,232.809,522.161,754.97,572,754.97,924.813,0.5,754.97,400464,750.9135,600,750.9695,754.6565,5401426,2338,False,754.7565,754.7095,0.047,0.046871,0,1,32,58944,2626560,0.05299999999999727,0.2604999999999791,0.05600000000004002,reload-3-inventory
3,601,232.841,523.25,756.091,572,756.091,862.283,0.5,756.091,400464,750.9195,601,750.9695,756.0065,5401326,2338,False,756.0665,756.0245,0.042,0.042002,0,1,45,84170,2626560,0.018000000000029104,0.0665000000000191,0.05000000000006821,reload-3-inventory
3,602,239.399,523.628,763.027,572,763.027,860.393,0.5,763.027,400464,750.9655,602,750.9975,759.0415,5401426,2338,False,759.1385,759.0715,0.066,0.066329,0,1,64,117888,2626560,0.029999999999972715,3.955500000000029,0.03199999999992542,reload-3-inventory
3,603,241.845,519.833,761.678,572,761.678,929.054,0.5,761.678,400464,750.9715,603,750.9975,758.9585,5401426,2338,False,759.0795,759.0125,0.066,0.0664,0,1,64,117888,2626560,0.05400000000008731,2.665499999999952,0.025999999999953616,reload-3-inventory
3,604,237.946,522.904,760.85,572,760.85,869.922,0.5,760.85,400464,750.9895,604,751.0005,758.8805,5401426,2338,False,758.9405,758.9105,0.03,0.030275,0,1,64,117888,2626560,0.029999999999972715,1.9395000000000664,0.010999999999967258,reload-3-inventory
3,605,239.661,522.283,761.944,572,761.944,855.777,0.5,761.944,400464,750.9945,605,751.0115,758.8965,5401326,2338,False,758.9515,758.9235,0.028,0.027682,0,1,64,117888,2626560,0.027000000000043656,3.02049999999997,0.016999999999939064,reload-3-inventory
3,606,241.457,521.725,763.182,572,763.182,895.011,0.5,763.182,400464,750.9995,606,751.0155,759.0305,5401426,2338,False,759.1235,759.0585,0.064,0.064466,0,1,64,117888,2626560,0.02800000000002001,4.1235000000000355,0.01599999999996271,reload-3-inventory
3,607,239.127,520.133,759.26,572,759.26,895.01,0.5,759.26,400464,751.0065,607,751.0165,759.0935,5401426,2338,False,759.1845,759.1235,0.061,0.06053,0,1,64,117888,2626560,0.030000000000086402,0.13649999999995543,0.009999999999990905,reload-3-inventory
3,608,245.201,520.134,765.335,572,765.335,913.681,0.5,765.335,400464,751.0125,608,751.0315,759.1315,5401326,2338,False,759.1875,759.1565,0.03,0.030095,0,1,64,117888,2626560,0.02500000000009095,6.1784999999999854,0.019000000000005457,reload-3-inventory
3,609,244.47,520.572,765.042,572,765.042,869.202,0.5,765.042,400464,751.0175,609,751.0345,759.2265,5401426,2338,False,759.3005,759.2515,0.049,0.048533,0,1,64,117888,2626560,0.024999999999977263,5.7905000000000655,0.016999999999939064,reload-3-inventory
3,610,240.32,523.989,764.309,572,764.309,881.589,0.5,764.309,400464,751.0295,610,751.0395,759.3655,5401426,2338,False,759.4635,759.3985,0.065,0.064998,0,1,64,117888,2626560,0.03300000000001546,4.910499999999956,0.009999999999990905,reload-3-inventory
3,611,245.729,520.058,765.787,572,765.787,853.099,0.5,765.787,400464,751.0335,611,751.0425,759.2565,5401426,2338,False,759.3145,759.2835,0.031,0.031457,0,1,64,117888,2626560,0.027000000000043656,6.503500000000031,0.009000000000014552,reload-3-inventory
3,612,246.419,519.599,766.018,572,766.018,857.443,0.5,766.018,400464,751.0375,612,751.0485,759.4395,5401326,2338,False,759.5375,759.4645,0.073,0.072639,0,1,64,117888,2626560,0.02500000000009095,6.5534999999999854,0.010999999999967258,reload-3-inventory
3,613,244.071,520.32,764.391,572,764.391,885.21,0.5,764.391,400464,751.0425,613,751.0565,759.4185,5401426,2338,False,759.4845,759.4455,0.039,0.038678,0,1,64,117888,2626560,0.027000000000043656,4.9454999999999245,0.014000000000010004,reload-3-inventory
3,614,245.087,522.656,767.743,572,767.743,847.72,0.5,767.743,400464,751.0485,614,751.0635,759.4675,5401426,2338,False,759.5295,759.4995,0.031,0.030536,0,1,64,117888,2626560,0.03200000000003911,8.24350000000004,0.014999999999986358,reload-3-inventory
3,615,244.24,523.697,767.937,572,767.937,879.965,0.5,767.937,400464,751.0565,615,751.0665,759.5825,5401326,2338,False,759.6705,759.6075,0.063,0.062834,0,1,64,117888,2626560,0.024999999999977263,8.329500000000053,0.009999999999990905,reload-3-inventory
3,616,249.617,520.53,770.147,572,770.147,881.193,0.5,770.147,400464,751.0615,616,751.0695,759.5975,5401426,2338,False,759.7185,759.6235,0.095,0.094712,0,1,64,117888,2626560,0.026000000000067303,10.523500000000013,0.007999999999924512,reload-3-inventory
3,617,246.281,522.504,768.785,572,768.785,848.55,0.5,768.785,400464,751.0655,617,751.0765,759.6415,5401426,2338,False,759.7525,759.6685,0.084,0.084396,0,1,64,117888,2626560,0.027000000000043656,9.116499999999974,0.010999999999967258,reload-3-inventory
3,618,246.063,523.727,769.79,572,769.79,867.615,0.5,769.79,400464,751.0725,618,751.0815,759.6595,5401426,2338,False,759.7685,759.6895,0.079,0.078668,0,1,64,117888,2626560,0.029999999999972715,10.100500000000011,0.009000000000014552,reload-3-inventory
3,619,240.498,522.649,763.147,572,763.147,918.534,0.5,763.147,400464,751.0765,619,751.0885,759.7015,5401326,2338,False,759.8055,759.7315,0.073,0.07318,0,1,64,117888,2626560,0.029999999999972715,3.4155000000000655,0.011999999999943611,reload-3-inventory
3,620,243.359,522.96,766.319,572,766.319,850.698,0.5,766.319,400464,751.0815,620,751.0905,759.8145,5401426,2338,False,759.9085,759.8395,0.069,0.069223,0,1,64,117888,2626560,0.02500000000009095,6.479499999999916,0.009000000000014552,reload-3-inventory
3,621,245.986,521.614,767.6,572,767.6,854.951,0.5,767.6,400464,751.0865,621,751.0955,759.8685,5401426,2338,False,759.9565,759.8975,0.058,0.058137,0,1,64,117888,2626560,0.028999999999996362,7.702499999999986,0.009000000000014552,reload-3-inventory
3,622,248.535,522.62,771.155,572,771.155,838.781,0.5,771.155,400464,751.0915,622,751.1015,760.0875,5401326,2338,False,760.1435,760.1145,0.028,0.028143,0,1,64,117888,2626560,0.027000000000043656,11.040499999999952,0.009999999999990905,reload-3-inventory
3,623,248.683,522.196,770.879,572,770.879,853.58,0.5,770.879,400464,751.0955,623,751.1065,760.1195,5401426,2338,False,760.2045,760.1535,0.051,0.051227,0,1,64,117888,2626560,0.033999999999991815,10.725500000000011,0.010999999999967258,reload-3-inventory
3,624,249.804,521.278,771.082,572,771.082,871.469,0.5,771.082,400464,751.1015,624,751.1125,760.0045,5401426,2338,False,760.0795,760.0385,0.041,0.040761,0,1,64,117888,2626560,0.033999999999991815,11.043499999999995,0.010999999999967258,reload-3-inventory
3,625,245.132,519.933,765.065,572,765.065,920.173,0.5,765.065,400464,751.1065,625,751.1185,760.1545,5401426,2338,False,760.2245,760.1945,0.03,0.030366,0,1,64,117888,2626560,0.03999999999996362,4.870500000000106,0.012000000000057298,reload-3-inventory
3,626,243.237,522.485,765.722,572,765.722,918.877,0.5,765.722,400464,751.1115,626,751.1215,760.1665,5401326,2338,False,760.2725,760.2025,0.07,0.069735,0,1,64,117888,2626560,0.03599999999994452,5.519499999999994,0.009999999999990905,reload-3-inventory
3,627,243.299,523.486,766.785,572,766.785,918.013,0.5,766.785,400464,751.1155,627,751.1255,760.2105,5401426,2338,False,760.2975,760.2355,0.063,0.062544,0,1,64,117888,2626560,0.024999999999977263,6.549499999999966,0.009999999999990905,reload-3-inventory
3,628,251.379,520.507,771.886,572,771.886,875.853,0.5,771.886,400464,751.1215,628,751.1335,760.2855,5401426,2338,False,760.3535,760.3135,0.04,0.03968,0,1,64,117888,2626560,0.02800000000002001,11.572499999999991,0.012000000000057298,reload-3-inventory
3,629,251.539,520.193,771.732,572,771.732,869.622,0.5,771.732,400464,751.1255,629,751.1345,760.3635,5401426,2338,False,760.4715,760.3935,0.078,0.077967,0,1,64,117888,2626560,0.029999999999972715,11.338499999999954,0.009000000000014552,reload-3-inventory
3,630,249.711,520.528,770.239,572,770.239,878.85,0.5,770.239,400464,751.1305,630,751.1395,760.3765,5401326,2338,False,760.4315,760.4025,0.028,0.028262,0,1,64,117888,2626560,0.026000000000067303,9.836500000000001,0.009000000000014552,reload-3-inventory
3,631,241.345,523.654,764.999,572,764.999,927.571,0.5,764.999,400464,751.1345,631,751.1455,760.5265,5401426,2338,False,760.5865,760.5555,0.031,0.030886,0,1,64,117888,2626560,0.028999999999996362,4.443499999999972,0.010999999999967258,reload-3-inventory
3,632,246.388,519.584,765.972,572,765.972,864.219,0.5,765.972,400464,751.1405,632,751.1575,760.5575,5401426,2338,False,760.6285,760.5825,0.046,0.045548,0,1,64,117888,2626560,0.024999999999977263,5.389499999999998,0.01700000000005275,reload-3-inventory
3,633,243.209,522.671,765.88,572,765.88,867.016,0.5,765.88,400464,751.1465,633,751.1575,760.5875,5401326,2338,False,760.6835,760.6205,0.063,0.062724,0,1,64,117888,2626560,0.03300000000001546,5.259500000000003,0.011000000000080945,reload-3-inventory
3,634,242.878,521.066,763.944,572,763.944,874.723,0.5,763.944,400464,751.1535,634,751.1635,760.7515,5401426,2338,False,760.8075,760.7795,0.028,0.027961,0,1,64,117888,2626560,0.02800000000002001,3.1644999999999754,0.009999999999990905,reload-3-inventory
3,635,239.787,523.926,763.713,572,763.713,876.166,0.5,763.713,400464,751.1585,635,751.1685,760.6715,5401426,2338,False,760.7775,760.6985,0.08,0.079579,0,1,64,117888,2626560,0.02699999999992997,3.014499999999998,0.009999999999990905,reload-3-inventory
3,636,240.767,522.77,763.537,572,763.537,889.299,0.5,763.537,400464,751.1635,636,751.1745,760.5955,5401426,2338,False,760.6955,760.6235,0.072,0.071938,0,1,64,117888,2626560,0.02800000000002001,2.913499999999999,0.010999999999967258,reload-3-inventory
3,637,240.78,523.496,764.276,572,764.276,863.8,0.5,764.276,400464,751.1695,637,751.1825,760.7885,5401326,2338,False,760.9065,760.8275,0.078,0.078358,0,1,64,117888,2626560,0.03899999999998727,3.4484999999999673,0.013000000000033651,reload-3-inventory
3,638,245.063,519.996,765.059,572,765.059,858.914,0.5,765.059,400464,751.1755,638,751.1855,760.8635,5401426,2338,False,760.9255,760.8905,0.034,0.033941,0,1,64,117888,2626560,0.02699999999992997,4.1684999999999945,0.009999999999990905,reload-3-inventory
3,639,240.812,524.047,764.859,572,764.859,860.585,0.5,764.859,400464,751.1805,639,751.1915,761.1115,5401426,2338,False,761.2005,761.1375,0.063,0.062894,0,1,64,117888,2626560,0.026000000000067303,3.721499999999992,0.010999999999967258,reload-3-inventory
3,640,244.404,520.222,764.626,572,764.626,898.19,0.5,764.626,400464,751.1855,640,751.1975,760.9775,5401326,2338,False,761.0445,761.0075,0.036,0.036094,0,1,64,117888,2626560,0.030000000000086402,3.6184999999999263,0.011999999999943611,reload-3-inventory
3,641,240.357,523.165,763.522,572,763.522,913.504,0.5,763.522,400464,751.1915,641,751.2025,760.9565,5401426,2338,False,761.0165,760.9815,0.034,0.034051,0,1,64,117888,2626560,0.024999999999977263,2.5405000000000655,0.010999999999967258,reload-3-inventory
3,642,244.865,519.976,764.841,572,764.841,852.7,0.5,764.841,400464,751.1965,642,751.2075,760.8725,5401426,2338,False,761.0025,760.9025,0.1,0.10044,0,1,64,117888,2626560,0.030000000000086402,3.9384999999999764,0.010999999999967258,reload-3-inventory
3,643,241.808,523.186,764.994,572,764.994,868.161,0.5,764.994,400464,751.2015,643,751.2135,761.2015,5401426,2338,False,761.2975,761.2295,0.068,0.067942,0,1,64,117888,2626560,0.02800000000002001,3.764499999999998,0.011999999999943611,reload-3-inventory
3,644,242.351,522.857,765.208,572,765.208,849.059,0.5,765.208,400464,751.2065,644,751.2165,761.2045,5401326,2338,False,761.3325,761.2365,0.09,0.090366,0,1,64,117888,2626560,0.03199999999992542,3.971499999999992,0.009999999999990905,reload-3-inventory
3,645,241.644,522.532,764.176,572,764.176,879.289,0.5,764.176,400464,751.2125,645,751.2225,761.2155,5401426,2338,False,761.2745,761.2455,0.028,0.027891,0,1,64,117888,2626560,0.029999999999972715,2.930500000000052,0.009999999999990905,reload-3-inventory
3,646,240.884,523.526,764.41,572,764.41,863.444,0.5,764.41,400464,751.2165,646,751.2265,761.2305,5401426,2338,False,761.2915,761.2585,0.033,0.032949,0,1,64,117888,2626560,0.02800000000002001,3.151499999999942,0.009999999999990905,reload-3-inventory
3,647,242.354,523.789,766.143,572,766.143,871.314,0.5,766.143,400464,751.2225,647,751.2335,761.4055,5401426,2338,False,761.5005,761.4355,0.066,0.065508,0,1,64,117888,2626560,0.030000000000086402,4.707499999999982,0.011000000000080945,reload-3-inventory
3,648,240.075,523.617,763.692,572,763.692,855.917,0.5,763.692,400464,751.2275,648,751.2365,761.4435,5401326,2338,False,761.5515,761.4715,0.079,0.079008,0,1,64,117888,2626560,0.02800000000002001,2.2205000000000155,0.009000000000014552,reload-3-inventory
3,649,242.062,523.207,765.269,572,765.269,910.977,0.5,765.269,400464,751.2325,649,751.2405,761.4805,5401426,2338,False,761.5665,761.5125,0.054,0.053901,0,1,64,117888,2626560,0.03200000000003911,3.75649999999996,0.008000000000038199,reload-3-inventory
3,650,242.29,523.278,765.568,572,765.568,845.206,0.5,765.568,400464,751.2375,650,751.2455,761.5145,5401426,2338,False,761.5745,761.5435,0.031,0.030536,0,1,64,117888,2626560,0.028999999999996362,4.024499999999989,0.008000000000038199,reload-3-inventory
3,651,244.194,522.002,766.196,572,766.196,878.652,0.5,766.196,400464,751.2415,651,751.2495,761.5215,5401326,2338,False,761.5765,761.5465,0.03,0.030065,0,1,64,117888,2626560,0.02500000000009095,4.649499999999989,0.008000000000038199,reload-3-inventory
3,652,244.399,520.089,764.488,572,764.488,850.129,0.5,764.488,400464,751.2455,652,751.2545,761.7115,5401426,2338,False,761.7925,761.7445,0.048,0.047841,0,1,64,117888,2626560,0.03300000000001546,2.74350000000004,0.009000000000014552,reload-3-inventory
3,653,242.578,522.62,765.198,572,765.198,868.948,0.5,765.198,400464,751.2495,653,751.2615,761.7665,5401426,2338,False,761.8275,761.7955,0.032,0.031758,0,1,64,117888,2626560,0.028999999999996362,3.402500000000032,0.011999999999943611,reload-3-inventory
3,654,244.387,520.423,764.81,572,764.81,862.964,0.5,764.81,400464,751.2535,654,751.2655,761.8305,5401426,2338,False,761.8905,761.8595,0.03,0.030345,0,1,64,117888,2626560,0.028999999999996362,2.95049999999992,0.011999999999943611,reload-3-inventory
3,655,241.802,523.918,765.72,572,765.72,895.621,0.5,765.72,400464,751.2605,655,751.2705,761.8375,5401326,2338,False,761.9285,761.8655,0.063,0.062714,0,1,64,117888,2626560,0.02800000000002001,3.85450000000003,0.009999999999990905,reload-3-inventory
3,656,245.357,522.697,768.054,572,768.054,842.175,0.5,768.054,400464,751.2655,656,751.2775,761.8515,5401426,2338,False,761.9585,761.8815,0.077,0.076765,0,1,64,117888,2626560,0.029999999999972715,6.172500000000014,0.012000000000057298,reload-3-inventory
3,657,249.451,520.442,769.893,572,769.893,862.843,0.5,769.893,400464,751.2695,657,751.2815,761.9705,5401426,2338,False,762.0635,761.9955,0.068,0.067641,0,1,64,117888,2626560,0.024999999999977263,7.897500000000036,0.012000000000057298,reload-3-inventory
3,658,248.462,523.028,771.49,572,771.49,853.401,0.5,771.49,400464,751.2755,658,751.2885,762.0005,5401326,2338,False,762.0635,762.0285,0.035,0.034772,0,1,64,117888,2626560,0.02800000000002001,9.461500000000001,0.013000000000033651,reload-3-inventory
3,659,246.49,522.833,769.323,572,769.323,864.157,0.5,769.323,400464,751.2815,659,751.2915,762.1925,5401426,2338,False,762.2545,762.2245,0.03,0.029554,0,1,64,117888,2626560,0.03200000000003911,7.0984999999999445,0.009999999999990905,reload-3-inventory
3,660,247.513,522.7,770.213,572,770.213,896.695,0.5,770.213,400464,751.2865,660,751.2945,762.2465,5401426,2338,False,762.3655,762.2775,0.087,0.08702,0,1,64,117888,2626560,0.031000000000062755,7.935499999999934,0.007999999999924512,reload-3-inventory
3,661,387.119,522.636,909.755,572,909.755,914.567,0.5,909.755,400464,751.2915,661,751.3005,842.9555,5401426,2338,False,843.0875,843.0305,0.056,0.056134,0,1,64,117888,2626560,0.07499999999993179,66.72450000000003,0.009000000000014552,reload-3-inventory
3,662,334.947,519.763,854.71,572,854.71,859.527,0.5,854.71,400464,751.2955,662,751.3075,844.3695,5401326,2338,False,844.5325,844.4385,0.094,0.0934,0,1,64,117888,2626560,0.06899999999995998,10.27150000000006,0.012000000000057298,reload-3-inventory
3,663,378.709,523.845,902.554,572,902.554,907.491,0.5,902.554,400464,751.3005,663,751.3135,846.0325,5401426,2338,False,846.1815,846.1005,0.082,0.081111,0,1,64,117888,2626560,0.06799999999998363,56.45349999999996,0.012999999999919964,reload-3-inventory
3,664,394.2,522.58,916.78,572,916.78,921.659,0.5,916.78,400464,751.3055,664,751.3185,844.8415,5401426,2338,False,845.0145,844.9135,0.1,0.10031,0,1,64,117888,2626560,0.07200000000000273,71.86649999999997,0.012999999999919964,reload-3-inventory
3,665,347.535,522.126,869.661,572,869.661,876.746,0.5,869.661,400464,751.3125,665,751.3245,847.1885,5401326,2338,False,847.3835,847.2535,0.13,0.130054,0,1,64,117888,2626560,0.06500000000005457,22.407499999999914,0.011999999999943611,reload-3-inventory
3,666,401.987,523.925,925.912,572,925.912,931.027,0.5,925.912,400464,751.3185,666,751.3305,848.2855,5401426,2338,False,848.4155,848.3635,0.052,0.052158,0,1,64,117888,2626560,0.07800000000008822,77.54849999999999,0.012000000000057298,reload-3-inventory
3,667,404.306,523.468,927.774,572,927.774,932.688,0.5,927.774,400464,751.3235,667,751.3455,849.0395,5401426,2338,False,849.1315,849.0995,0.032,0.031858,0,1,64,117888,2626560,0.06000000000005912,78.67449999999997,0.022000000000048203,reload-3-inventory
3,668,403.874,523.536,927.41,572,927.41,932.295,0.5,927.41,400464,751.3325,668,751.3485,849.9155,5401426,2338,False,850.0495,849.9805,0.068,0.067791,0,1,64,117888,2626560,0.06500000000005457,77.42949999999996,0.01599999999996271,reload-3-inventory
3,669,400.958,522.987,923.945,572,923.945,928.793,0.5,923.945,400464,751.3435,669,751.3525,850.7185,5401326,2338,False,850.8115,850.7785,0.033,0.032709,0,1,64,117888,2626560,0.06000000000005912,73.16650000000004,0.009000000000014552,reload-3-inventory
3,670,382.987,522.687,905.674,572,905.674,912.682,0.5,905.674,400464,751.3475,670,751.3575,851.3675,5401426,2338,False,851.4685,851.4325,0.036,0.035493,0,1,64,117888,2626560,0.06500000000005457,54.241499999999974,0.009999999999990905,reload-3-inventory
3,671,366.654,523.63,890.284,572,890.284,895.229,0.5,890.284,400464,751.3525,671,751.3625,855.3245,5401426,2338,False,855.4855,855.4035,0.082,0.081372,0,1,64,117888,2626560,0.07900000000006457,34.880499999999984,0.009999999999990905,reload-3-inventory
3,672,372.972,522.297,895.269,572,895.269,900.391,0.5,895.269,400464,751.3575,672,751.3675,854.2415,5401426,2338,False,854.5155,854.3215,0.194,0.19392,0,1,64,117888,2626560,0.08000000000004093,40.94749999999999,0.009999999999990905,reload-3-inventory
3,673,368.89,522.674,891.564,572,891.564,896.455,0.5,891.564,400464,751.3625,673,751.3725,853.1305,5401326,2338,False,853.3045,853.2095,0.094,0.094201,0,1,64,117888,2626560,0.07900000000006457,38.354499999999916,0.009999999999990905,reload-3-inventory
3,674,393.027,519.97,912.997,572,912.997,918.137,0.5,912.997,400464,751.3675,674,751.3785,851.6535,5401426,2338,False,851.7995,851.7375,0.061,0.061252,0,1,64,117888,2626560,0.08399999999994634,61.2595,0.011000000000080945,reload-3-inventory
3,675,387.468,524.017,911.485,572,911.485,916.735,0.5,911.485,400464,751.3725,675,751.3855,857.5875,5401426,2338,False,857.7065,857.6525,0.054,0.054011,0,1,64,117888,2626560,0.06500000000005457,53.83249999999998,0.013000000000033651,reload-3-inventory
3,676,360.353,522.981,883.334,572,883.334,888.548,0.5,883.334,400464,751.3775,676,751.3875,858.5085,5401326,2338,False,858.6665,858.6025,0.064,0.063936,0,1,64,117888,2626560,0.09399999999993724,24.731499999999983,0.009999999999990905,reload-3-inventory
3,677,363.412,522.648,886.06,572,886.06,890.904,0.5,886.06,400464,751.3825,677,751.3945,859.8435,5401426,2338,False,859.9405,859.9085,0.032,0.031998,0,1,64,117888,2626560,0.06500000000005457,26.151499999999942,0.011999999999943611,reload-3-inventory
3,678,381.203,522.881,904.084,572,904.084,909.699,0.5,904.084,400464,751.3875,678,751.4005,859.1705,5401426,2338,False,859.2945,859.2335,0.06,0.06017,0,1,64,117888,2626560,0.06300000000010186,44.8504999999999,0.012999999999919964,reload-3-inventory
3,679,382.524,522.57,905.094,572,905.094,910.249,0.5,905.094,400464,751.3925,679,751.4035,856.4505,5401426,2338,False,856.5575,856.5165,0.041,0.040451,0,1,64,117888,2626560,0.06599999999991724,48.5775000000001,0.010999999999967258,reload-3-inventory
3,680,380.337,519.71,900.047,572,900.047,904.84,0.5,900.047,400464,751.3985,680,751.4095,841.8615,5401326,2338,False,842.0615,841.9575,0.103,0.103035,0,1,64,117888,2626560,0.09600000000000364,58.089500000000044,0.010999999999967258,reload-3-inventory
3,681,396.46,522.104,918.564,572,918.564,923.66,0.5,918.564,400464,751.4045,681,751.4125,842.4455,5401426,2338,False,842.5505,842.5155,0.034,0.034162,0,1,64,117888,2626560,0.06999999999993634,76.04849999999999,0.008000000000038199,reload-3-inventory
3,682,391.919,523.233,915.152,572,915.152,920.017,0.5,915.152,400464,751.4085,682,751.4185,843.0455,5401426,2338,False,843.1395,843.1105,0.029,0.028562,0,1,64,117888,2626560,0.06500000000005457,72.04150000000004,0.009999999999990905,reload-3-inventory
3,683,387.27,523.717,910.987,572,910.987,915.862,0.5,910.987,400464,751.4125,683,751.4225,843.6095,5401326,2338,False,843.7155,843.6845,0.031,0.030506,0,1,64,117888,2626560,0.07499999999993179,67.30250000000001,0.009999999999990905,reload-3-inventory
3,684,322.969,521.927,844.896,572,844.896,849.811,0.5,844.896,400464,751.4185,684,751.4275,844.7565,5401426,2338,False,844.8795,844.8395,0.039,0.039099,0,1,64,117888,2626560,0.08300000000008367,0.05649999999991451,0.009000000000014552,reload-3-inventory
3,685,342.331,523.556,865.887,572,865.887,870.739,0.5,865.887,400464,751.4225,685,751.4335,844.1965,5401426,2338,False,844.3035,844.2725,0.032,0.031527,0,1,64,117888,2626560,0.07600000000002183,21.614499999999907,0.010999999999967258,reload-3-inventory
3,686,352.561,522.701,875.262,572,875.262,880.088,0.5,875.262,400464,751.4275,686,751.4395,845.3255,5401426,2338,False,845.4525,845.4195,0.033,0.032568,0,1,64,117888,2626560,0.09399999999993724,29.842499999999973,0.011999999999943611,reload-3-inventory
3,687,368.247,523.251,891.498,572,891.498,896.363,0.5,891.498,400464,751.4325,687,751.4425,845.8965,5401326,2338,False,845.9905,845.9605,0.03,0.029835,0,1,64,117888,2626560,0.06400000000007822,45.53750000000002,0.009999999999990905,reload-3-inventory
3,688,402.243,523.389,925.632,572,925.632,930.487,0.5,925.632,400464,751.4375,688,751.4485,848.8685,5401426,2338,False,848.9685,848.9345,0.033,0.03332,0,1,64,117888,2626560,0.06599999999991724,76.69749999999999,0.010999999999967258,reload-3-inventory
3,689,394.409,523.2,917.609,572,917.609,922.464,0.5,917.609,400464,751.4415,689,751.4535,849.4625,5401426,2338,False,849.5705,849.5345,0.037,0.036425,0,1,64,117888,2626560,0.07200000000000273,68.07450000000006,0.011999999999943611,reload-3-inventory
3,690,400.071,522.428,922.499,572,922.499,927.37,0.5,922.499,400464,751.4485,690,751.4585,850.2515,5401426,2338,False,850.4005,850.3175,0.083,0.083014,0,1,64,117888,2626560,0.06600000000003092,72.18150000000003,0.009999999999990905,reload-3-inventory
3,691,399.128,521.124,920.252,572,920.252,927.419,0.5,920.252,400464,751.4535,691,751.4645,848.1325,5401326,2338,False,848.2455,848.2085,0.037,0.036475,0,1,64,117888,2626560,0.07599999999990814,72.0435,0.011000000000080945,reload-3-inventory
3,692,346.237,520.96,867.197,572,867.197,873.832,0.5,867.197,400464,751.4585,692,751.4695,847.1525,5341506,2338,False,847.3045,847.2215,0.082,0.082383,0,1,64,117888,2626560,0.06899999999995998,19.97550000000001,0.011000000000080945,reload-3-inventory
3,693,296.266,564.387,860.653,572,860.653,865.821,0.5,860.653,400464,751.4645,693,751.4745,846.6845,5341506,2338,False,846.7865,846.7625,0.024,0.023565,0,1,64,117888,2626560,0.07800000000008822,13.890499999999975,0.009999999999990905,reload-3-inventory
3,694,394.962,520.075,915.037,572,915.037,919.94,0.5,915.037,400464,751.4695,694,751.4835,851.6755,5341383,2338,False,851.7855,851.7545,0.031,0.031097,0,1,64,117888,2626560,0.07899999999995089,63.28250000000003,0.014000000000010004,reload-3-inventory
3,695,376.892,520.123,897.015,572,897.015,903.313,0.5,897.015,400464,751.4745,695,751.4855,851.0345,5341966,2338,False,851.1285,851.1025,0.025,0.025388,0,1,64,117888,2626560,0.06799999999998363,45.91250000000002,0.010999999999967258,reload-3-inventory
3,696,395.593,522.914,918.507,572,918.507,923.448,0.5,918.507,400464,751.4805,696,751.4895,852.2095,5342034,2338,False,852.3215,852.2975,0.024,0.024136,0,1,64,117888,2626560,0.08799999999996544,66.20949999999993,0.009000000000014552,reload-3-inventory
3,697,354.662,524.029,878.691,572,878.691,883.625,0.5,878.691,400464,751.4845,697,751.4935,852.8265,5341574,2338,False,852.9595,852.9245,0.035,0.034792,0,1,64,117888,2626560,0.09799999999995634,25.766500000000065,0.009000000000014552,reload-3-inventory
3,698,369.056,520.059,889.115,572,889.115,894.045,0.5,889.115,400464,751.4885,698,867.8565,867.8815,5341412,2338,False,868.0605,867.9545,0.105,0.104737,0,1,64,117888,2626560,0.07300000000009277,21.160499999999956,116.36799999999994,reload-3-inventory
3,699,400.013,519.889,919.902,572,919.902,926.25,0.5,919.902,400464,867.8285,699,868.5805,868.5995,5341553,2338,False,873.9745,873.8475,0.127,0.126239,0,1,64,117888,2626560,5.247999999999934,46.054500000000075,0.7520000000000664,reload-3-inventory
4,0,259.97,480.202,740.172,572,740.172,877.788,0.0,740.172,400448,734.4,0,734.429,739.927,7175711,2338,True,740.046,740.032,0.013,0.01287,0,1,3,6054,2626560,0.10500000000001819,0.13999999999998636,0.028999999999996362,reload-4-inventory
4,1,260.169,480.152,740.321,572,740.321,878.328,0.0,740.321,400448,734.41,1,734.456,740.202,7175711,2338,False,740.221,740.209,0.012,0.012359,0,1,3,6054,2626560,0.006999999999948159,0.11200000000008004,0.04600000000004911,reload-4-inventory
4,2,260.095,480.123,740.218,572,740.218,882.332,0.0,740.218,400448,734.421,2,734.45,740.054,7175711,2338,False,740.077,740.063,0.013,0.013811,0,1,3,6054,2626560,0.009000000000014552,0.15499999999997272,0.028999999999996362,reload-4-inventory
4,3,260.526,479.574,740.1,572,740.1,884.771,0.0,740.1,400448,734.427,3,734.477,739.95,7175561,2338,False,740.001,739.966,0.035,0.034482,0,1,3,7014,2626560,0.01599999999996271,0.13400000000001455,0.049999999999954525,reload-4-inventory
4,4,260.975,479.101,740.076,572,740.076,898.917,0.0,740.076,400448,734.432,4,734.483,739.954,7175711,2338,False,740.001,739.966,0.035,0.034482,0,1,4,8392,2626560,0.012000000000057298,0.11000000000001364,0.05099999999993088,reload-4-inventory
4,5,262.359,478.0,740.359,572,740.359,868.074,0.0,740.359,400448,734.437,5,734.475,740.126,7175711,2338,False,740.149,740.135,0.014,0.013911,0,1,4,8392,2626560,0.009000000000014552,0.22400000000004638,0.038000000000010914,reload-4-inventory
4,6,260.227,480.296,740.523,572,740.523,862.107,0.0,740.523,400448,734.441,6,734.491,740.229,7175711,2338,False,740.251,740.239,0.011,0.011477,0,1,4,8392,2626560,0.009999999999990905,0.2839999999999918,0.049999999999954525,reload-4-inventory
4,7,259.816,480.315,740.131,572,740.131,859.898,0.0,740.131,400448,734.447,7,734.484,740.085,7175561,2338,False,740.117,740.104,0.012,0.012478,0,1,4,8392,2626560,0.019000000000005457,0.02699999999992997,0.03700000000003456,reload-4-inventory
4,8,260.027,480.063,740.09,572,740.09,825.369,0.0,740.09,400448,734.453,8,734.507,739.964,7175711,2338,False,740.001,739.977,0.023,0.023224,0,1,4,8392,2626560,0.012999999999919964,0.11300000000005639,0.053999999999973625,reload-4-inventory
4,9,260.111,480.137,740.248,572,740.248,883.62,0.0,740.248,400448,734.457,9,734.497,740.158,7175711,2338,False,740.193,740.181,0.011,0.011578,0,1,4,8392,2626560,0.023000000000024556,0.06700000000000728,0.03999999999996362,reload-4-inventory
4,10,261.161,479.161,740.322,572,740.322,865.249,0.0,740.322,400448,734.462,10,734.503,740.104,7175561,2338,False,740.139,740.124,0.014,0.014792,0,1,4,8392,2626560,0.01999999999998181,0.19799999999997908,0.04100000000005366,reload-4-inventory
4,11,260.76,479.427,740.187,572,740.187,850.224,0.0,740.187,400448,734.482,11,734.512,740.011,7175711,2338,False,740.03,740.019,0.011,0.011106,0,1,4,8392,2626560,0.008000000000038199,0.16800000000000637,0.029999999999972715,reload-4-inventory
4,12,262.234,477.96,740.194,572,740.194,880.334,0.0,740.194,400448,734.496,12,734.515,740.074,7175711,2338,False,740.095,740.083,0.011,0.011677,0,1,4,8392,2626560,0.009000000000014552,0.11099999999999,0.019000000000005457,reload-4-inventory
4,13,262.312,477.864,740.176,572,740.176,836.525,0.0,740.176,400448,734.511,13,734.541,739.969,7175711,2338,False,740.016,739.988,0.028,0.027611,0,1,4,8392,2626560,0.019000000000005457,0.18799999999998818,0.030000000000086402,reload-4-inventory
4,14,262.655,477.48,740.135,572,740.135,885.381,0.0,740.135,400448,734.517,14,734.544,740.02,7175561,2338,False,740.065,740.052,0.013,0.01357,0,1,4,8392,2626560,0.03200000000003911,0.08299999999996999,0.02699999999992997,reload-4-inventory
4,15,260.022,480.241,740.263,572,740.263,858.108,0.0,740.263,400448,734.536,15,734.55,740.157,7175711,2338,False,740.189,740.177,0.012,0.011948,0,1,4,8392,2626560,0.01999999999998181,0.08600000000001273,0.014000000000010004,reload-4-inventory
4,16,262.617,477.568,740.185,572,740.185,911.73,0.0,740.185,400448,734.541,16,734.551,740.048,7175711,2338,False,740.088,740.075,0.012,0.012499,0,1,4,8392,2626560,0.027000000000043656,0.10999999999989996,0.009999999999990905,reload-4-inventory
4,17,262.386,477.75,740.136,572,740.136,914.533,0.0,740.136,400448,734.546,17,734.559,740.015,7175561,2338,False,740.039,740.025,0.013,0.013761,0,1,4,8392,2626560,0.009999999999990905,0.11099999999999,0.012999999999919964,reload-4-inventory
4,18,259.767,480.333,740.1,572,740.1,852.139,0.0,740.1,400448,734.552,18,734.56,739.945,7175711,2338,False,740.001,739.964,0.036,0.036305,0,1,4,8392,2626560,0.019000000000005457,0.13599999999996726,0.007999999999924512,reload-4-inventory
4,19,260.729,479.483,740.212,572,740.212,850.12,0.0,740.212,400448,734.557,19,734.57,740.098,7175711,2338,False,740.121,740.107,0.014,0.014431,0,1,4,8392,2626560,0.009000000000014552,0.10500000000001819,0.013000000000033651,reload-4-inventory
4,20,262.85,477.857,740.707,572,740.707,908.405,0.0,740.707,400448,734.561,20,734.572,740.25,7175711,2338,False,740.274,740.259,0.015,0.014942,0,1,4,8392,2626560,0.009000000000014552,0.4479999999999791,0.010999999999967258,reload-4-inventory
4,21,260.578,479.772,740.35,572,740.35,857.39,0.0,740.35,400448,734.565,21,734.578,740.129,7175561,2338,False,740.149,740.138,0.011,0.010847,0,1,4,8392,2626560,0.009000000000014552,0.21199999999998909,0.012999999999919964,reload-4-inventory
4,22,260.134,480.352,740.486,572,740.486,908.34,0.0,740.486,400448,734.573,22,734.585,740.219,7175711,2338,False,740.241,740.228,0.012,0.012539,0,1,4,8392,2626560,0.008999999999900865,0.2580000000000382,0.012000000000057298,reload-4-inventory
4,23,261.035,479.407,740.442,572,740.442,892.009,0.0,740.442,400448,734.578,23,734.59,740.283,7175711,2338,False,740.304,740.292,0.011,0.011777,0,1,4,8392,2626560,0.009000000000014552,0.14999999999997726,0.012000000000057298,reload-4-inventory
4,24,261.452,479.296,740.748,572,740.748,898.065,0.0,740.748,400448,734.585,24,734.597,740.327,7175711,2338,False,740.349,740.337,0.011,0.011807,0,1,4,8392,2626560,0.009999999999990905,0.4110000000000582,0.011999999999943611,reload-4-inventory
4,25,262.93,478.148,741.078,572,741.078,880.36,0.0,741.078,400448,734.59,25,734.604,740.364,7175561,2338,False,740.408,740.394,0.013,0.01372,0,1,9,16834,2626560,0.029999999999972715,0.6839999999999691,0.014000000000010004,reload-4-inventory
4,26,260.835,480.064,740.899,572,740.899,904.242,0.0,740.899,400448,734.595,26,734.619,740.421,7175711,2338,False,740.443,740.431,0.012,0.012188,0,1,9,16834,2626560,0.009999999999990905,0.4679999999999609,0.02400000000000091,reload-4-inventory
4,27,261.783,479.611,741.394,572,741.394,892.494,0.0,741.394,400448,734.602,27,734.623,740.452,7175711,2338,False,740.474,740.461,0.012,0.012759,0,1,9,16834,2626560,0.009000000000014552,0.9329999999999927,0.02100000000007185,reload-4-inventory
4,28,261.119,480.058,741.177,572,741.177,886.994,0.0,741.177,400448,734.619,28,734.629,740.536,7175561,2338,False,740.56,740.546,0.013,0.01341,0,1,9,16834,2626560,0.010000000000104592,0.6309999999999718,0.009999999999990905,reload-4-inventory
4,29,261.874,479.098,740.972,572,740.972,871.577,0.0,740.972,400448,734.623,29,734.634,740.569,7175711,2338,False,740.592,740.579,0.012,0.012048,0,1,9,16834,2626560,0.009999999999990905,0.3930000000000291,0.010999999999967258,reload-4-inventory
4,30,262.976,478.395,741.371,572,741.371,872.213,0.0,741.371,400448,734.628,30,734.64,740.6,7175711,2338,False,740.628,740.614,0.013,0.01341,0,1,9,16834,2626560,0.014000000000010004,0.7569999999999482,0.011999999999943611,reload-4-inventory
4,31,262.571,478.592,741.163,572,741.163,890.45,0.0,741.163,400448,734.633,31,734.647,740.639,7175711,2338,False,740.663,740.649,0.013,0.01332,0,1,9,16834,2626560,0.009999999999990905,0.51400000000001,0.014000000000010004,reload-4-inventory
4,32,263.282,478.343,741.625,572,741.625,881.257,0.0,741.625,400448,734.641,32,734.661,740.671,7175561,2338,False,740.698,740.684,0.013,0.0134,0,1,9,16834,2626560,0.012999999999919964,0.9410000000000309,0.01999999999998181,reload-4-inventory
4,33,262.704,479.065,741.769,572,741.769,888.529,0.0,741.769,400448,734.645,33,734.666,740.713,7175711,2338,False,740.735,740.724,0.011,0.011568,0,1,9,16834,2626560,0.011000000000080945,1.044999999999959,0.02100000000007185,reload-4-inventory
4,34,263.798,477.653,741.451,572,741.451,905.554,0.0,741.451,400448,734.66,34,734.67,740.744,7175711,2338,False,740.773,740.758,0.015,0.015313,0,1,13,25226,2626560,0.014000000000010004,0.6929999999999836,0.009999999999990905,reload-4-inventory
4,35,262.698,478.825,741.523,572,741.523,888.216,0.0,741.523,400448,734.664,35,734.675,740.783,7175561,2338,False,740.809,740.795,0.014,0.014211,0,1,13,25226,2626560,0.011999999999943611,0.7280000000000655,0.010999999999967258,reload-4-inventory
4,36,262.412,478.491,740.903,572,740.903,881.609,0.0,740.903,400448,734.67,36,734.679,740.822,7175711,2338,False,740.849,740.835,0.014,0.014051,0,1,13,25226,2626560,0.013000000000033651,0.06799999999998363,0.009000000000014552,reload-4-inventory
4,37,263.94,479.072,743.012,572,743.012,853.127,0.0,743.012,400448,734.674,37,734.685,740.858,7175711,2338,False,740.899,740.884,0.014,0.014441,0,1,13,25226,2626560,0.026000000000067303,2.127999999999929,0.010999999999967258,reload-4-inventory
4,38,263.148,480.106,743.254,572,743.254,830.282,0.0,743.254,400448,734.679,38,734.692,741.056,7175711,2338,False,741.081,741.068,0.012,0.012148,0,1,13,25226,2626560,0.011999999999943611,2.1860000000000355,0.013000000000033651,reload-4-inventory
4,39,262.211,480.016,742.227,572,742.227,845.645,0.0,742.227,400448,734.684,39,734.699,741.009,7175561,2338,False,741.037,741.023,0.013,0.013561,0,1,13,25226,2626560,0.014000000000010004,1.2039999999999509,0.014999999999986358,reload-4-inventory
4,40,263.897,478.725,742.622,572,742.622,842.38,0.0,742.622,400448,734.693,40,734.706,740.975,7175711,2338,False,740.999,740.987,0.012,0.012669,0,1,13,25226,2626560,0.011999999999943611,1.634999999999991,0.013000000000033651,reload-4-inventory
4,41,268.636,477.716,746.352,572,746.352,863.711,0.0,746.352,400448,734.699,41,734.713,740.924,7175711,2338,False,740.964,740.949,0.015,0.015433,0,1,13,25226,2626560,0.024999999999977263,5.40300000000002,0.014000000000010004,reload-4-inventory
4,42,262.882,480.002,742.884,572,742.884,890.794,0.0,742.884,400448,734.706,42,734.72,741.101,7175561,2338,False,741.127,741.113,0.014,0.013941,0,1,13,25226,2626560,0.012000000000057298,1.7709999999999582,0.014000000000010004,reload-4-inventory
4,43,262.743,479.653,742.396,572,742.396,868.058,0.0,742.396,400448,734.711,43,734.725,741.188,7175711,2338,False,741.215,741.201,0.014,0.013871,0,1,18,33668,2626560,0.013000000000033651,1.1949999999999363,0.014000000000010004,reload-4-inventory
4,44,262.891,479.821,742.712,572,742.712,883.386,0.0,742.712,400448,734.718,44,734.728,741.136,7175711,2338,False,741.178,741.163,0.015,0.014892,0,1,18,33668,2626560,0.027000000000043656,1.5489999999999782,0.009999999999990905,reload-4-inventory
4,45,263.669,479.615,743.284,572,743.284,843.988,0.0,743.284,400448,734.723,45,734.736,741.223,7175711,2338,False,741.252,741.236,0.016,0.016315,0,1,18,33668,2626560,0.013000000000033651,2.048000000000002,0.013000000000033651,reload-4-inventory
4,46,263.565,479.337,742.902,572,742.902,857.299,0.0,742.902,400448,734.727,46,734.745,741.262,7175561,2338,False,741.294,741.279,0.015,0.015032,0,1,18,33668,2626560,0.01700000000005275,1.6230000000000473,0.018000000000029104,reload-4-inventory
4,47,264.871,479.035,743.906,572,743.906,834.25,0.0,743.906,400448,734.736,47,734.752,741.303,7175711,2338,False,741.335,741.319,0.016,0.016215,0,1,18,33668,2626560,0.01599999999996271,2.586999999999989,0.01599999999996271,reload-4-inventory
4,48,265.002,477.396,742.398,572,742.398,836.969,0.0,742.398,400448,734.746,48,734.76,741.429,7175711,2338,False,741.476,741.46,0.016,0.016445,0,1,18,33668,2626560,0.031000000000062755,0.9379999999999882,0.014000000000010004,reload-4-inventory
4,49,266.071,477.594,743.665,572,743.665,881.091,0.0,743.665,400448,734.751,49,734.76,741.345,7175711,2338,False,741.377,741.361,0.016,0.015994,0,1,18,33668,2626560,0.01599999999996271,2.3039999999999736,0.009000000000014552,reload-4-inventory
4,50,266.097,479.04,745.137,572,745.137,875.412,0.0,745.137,400448,734.756,50,734.766,741.386,7175561,2338,False,741.417,741.401,0.016,0.016615,0,1,18,33668,2626560,0.014999999999986358,3.73599999999999,0.009999999999990905,reload-4-inventory
4,51,263.431,480.304,743.735,572,743.735,876.845,0.0,743.735,400448,734.761,51,734.779,741.49,7175711,2338,False,741.521,741.504,0.017,0.017285,0,1,18,33668,2626560,0.014000000000010004,2.2309999999999945,0.018000000000029104,reload-4-inventory
4,52,264.192,479.399,743.591,572,743.591,848.631,0.0,743.591,400448,734.766,52,734.783,741.654,7175711,2338,False,741.687,741.67,0.016,0.016464,0,1,22,42060,2626560,0.01599999999996271,1.9210000000000491,0.01700000000005275,reload-4-inventory
4,53,264.187,479.36,743.547,572,743.547,877.687,0.0,743.547,400448,734.777,53,734.787,741.553,7175561,2338,False,741.594,741.574,0.019,0.019469,0,1,22,42060,2626560,0.020999999999958163,1.97300000000007,0.009999999999990905,reload-4-inventory
4,54,264.35,479.365,743.715,572,743.715,848.466,0.0,743.715,400448,734.781,54,734.791,741.761,7175711,2338,False,741.798,741.779,0.018,0.018127,0,1,22,42060,2626560,0.018000000000029104,1.9360000000000355,0.010000000000104592,reload-4-inventory
4,55,265.003,480.11,745.113,572,745.113,842.991,0.0,745.113,400448,734.786,55,734.799,741.699,7175711,2338,False,741.746,741.728,0.017,0.017586,0,1,22,42060,2626560,0.028999999999996362,3.3850000000001046,0.013000000000033651,reload-4-inventory
4,56,265.179,480.058,745.237,572,745.237,842.344,0.0,745.237,400448,734.793,56,734.805,741.819,7175711,2338,False,741.855,741.837,0.017,0.017576,0,1,22,42060,2626560,0.018000000000029104,3.3999999999999773,0.011999999999943611,reload-4-inventory
4,57,266.633,478.67,745.303,572,745.303,837.702,0.0,745.303,400448,734.799,57,734.82,741.875,7175561,2338,False,741.908,741.893,0.015,0.014982,0,1,22,42060,2626560,0.018000000000029104,3.409999999999968,0.02100000000007185,reload-4-inventory
4,58,270.277,478.033,748.31,572,748.31,856.013,0.0,748.31,400448,734.804,58,734.823,741.928,7175711,2338,False,741.964,741.947,0.017,0.017326,0,1,27,50502,2626560,0.019000000000005457,6.362999999999943,0.019000000000005457,reload-4-inventory
4,59,265.881,479.437,745.318,572,745.318,902.516,0.0,745.318,400448,734.82,59,734.829,742.01,7175711,2338,False,742.064,742.046,0.018,0.018377,0,1,27,50502,2626560,0.03600000000005821,3.2719999999999345,0.008999999999900865,reload-4-inventory
4,60,268.032,477.56,745.592,572,745.592,899.471,0.0,745.592,400448,734.824,60,734.835,742.133,7175561,2338,False,742.177,742.159,0.018,0.017927,0,1,27,50502,2626560,0.025999999999953616,3.4329999999999927,0.011000000000080945,reload-4-inventory
4,61,270.2,479.828,750.028,572,750.028,847.133,0.0,750.028,400448,734.829,61,734.84,742.089,7175711,2338,False,742.122,742.106,0.016,0.016214,0,1,27,50502,2626560,0.016999999999939064,7.9220000000000255,0.011000000000080945,reload-4-inventory
4,62,272.0,480.099,752.099,572,752.099,901.253,0.0,752.099,400448,734.834,62,734.847,742.25,7175711,2338,False,742.284,742.265,0.018,0.018037,0,1,27,50502,2626560,0.014999999999986358,9.83400000000006,0.013000000000033651,reload-4-inventory
4,63,269.512,479.288,748.8,572,748.8,835.172,0.0,748.8,400448,734.839,63,734.85,742.188,7175711,2338,False,742.236,742.204,0.031,0.030827,0,1,27,50502,2626560,0.01599999999996271,6.596000000000004,0.010999999999967258,reload-4-inventory
4,64,277.573,480.278,757.851,572,757.851,836.927,0.0,757.851,400448,734.845,64,734.855,742.303,7175561,2338,False,742.333,742.318,0.014,0.014522,0,1,27,50502,2626560,0.014999999999986358,15.533000000000015,0.009999999999990905,reload-4-inventory
4,65,287.259,477.389,764.648,572,764.648,841.626,0.0,764.648,400448,734.85,65,734.865,742.354,7175711,2338,False,742.388,742.369,0.018,0.018478,0,1,32,58944,2626560,0.014999999999986358,22.278999999999996,0.014999999999986358,reload-4-inventory
4,66,292.164,478.401,770.565,572,770.565,859.73,0.0,770.565,400448,734.854,66,734.871,742.397,7175711,2338,False,742.428,742.411,0.016,0.016374,0,1,32,58944,2626560,0.013999999999896318,28.15400000000011,0.016999999999939064,reload-4-inventory
4,67,281.772,480.298,762.07,572,762.07,887.068,0.0,762.07,400448,734.865,67,734.879,742.476,7175711,2338,False,742.519,742.502,0.017,0.017407,0,1,32,58944,2626560,0.025999999999953616,19.568000000000097,0.014000000000010004,reload-4-inventory
4,68,283.308,479.126,762.434,572,762.434,839.787,0.0,762.434,400448,734.87,68,734.88,742.437,7175561,2338,False,742.467,742.452,0.015,0.014992,0,1,32,58944,2626560,0.014999999999986358,19.98199999999997,0.009999999999990905,reload-4-inventory
4,69,268.418,477.917,746.335,572,746.335,854.978,0.0,746.335,400448,734.876,69,734.886,742.529,7175711,2338,False,742.564,742.548,0.015,0.015133,0,1,32,58944,2626560,0.019000000000005457,3.7870000000000346,0.009999999999990905,reload-4-inventory
4,70,268.984,479.118,748.102,572,748.102,851.293,0.0,748.102,400448,734.88,70,734.894,742.574,7175711,2338,False,742.608,742.592,0.016,0.016034,0,1,32,58944,2626560,0.018000000000029104,5.509999999999991,0.014000000000010004,reload-4-inventory
4,71,270.511,480.297,750.808,572,750.808,847.642,0.0,750.808,400448,734.886,71,734.902,742.62,7175561,2338,False,742.653,742.636,0.017,0.016755,0,1,32,58944,2626560,0.01599999999996271,8.172000000000025,0.016000000000076398,reload-4-inventory
4,72,281.907,479.242,761.149,572,761.149,861.692,0.0,761.149,400448,734.893,72,734.906,742.662,7175711,2338,False,742.694,742.677,0.016,0.016604,0,1,32,58944,2626560,0.014999999999986358,18.47199999999998,0.012999999999919964,reload-4-inventory
4,73,285.318,479.142,764.46,572,764.46,856.407,0.0,764.46,400448,734.899,73,734.918,742.704,7175711,2338,False,742.753,742.733,0.019,0.019249,0,1,32,58944,2626560,0.028999999999996362,21.72700000000009,0.019000000000005457,reload-4-inventory
4,74,292.831,479.195,772.026,572,772.026,851.1,0.0,772.026,400448,734.904,74,734.922,742.764,7175711,2338,False,742.808,742.781,0.027,0.027441,0,1,36,67336,2626560,0.016999999999939064,29.245000000000005,0.018000000000029104,reload-4-inventory
4,75,275.737,478.044,753.781,572,753.781,855.612,0.0,753.781,400448,734.908,75,734.936,742.819,7175561,2338,False,742.867,742.84,0.026,0.02641,0,1,36,67336,2626560,0.02100000000007185,10.940999999999917,0.02800000000002001,reload-4-inventory
4,76,269.717,479.433,749.15,572,749.15,830.199,0.0,749.15,400448,734.92,76,734.94,742.961,7175711,2338,False,743.009,742.979,0.03,0.029665,0,1,36,67336,2626560,0.018000000000029104,6.170999999999935,0.020000000000095497,reload-4-inventory
4,77,279.433,477.394,756.827,572,756.827,865.858,0.0,756.827,400448,734.933,77,734.942,742.889,7175711,2338,False,742.945,742.918,0.027,0.027461,0,1,36,67336,2626560,0.028999999999996362,13.908999999999992,0.009000000000014552,reload-4-inventory
4,78,276.903,477.778,754.681,572,754.681,834.989,0.0,754.681,400448,734.937,78,734.946,743.02,7175561,2338,False,743.063,743.037,0.026,0.025999,0,1,36,67336,2626560,0.01700000000005275,11.644000000000005,0.009000000000014552,reload-4-inventory
4,79,280.064,479.606,759.67,572,759.67,845.537,0.0,759.67,400448,734.942,79,734.955,743.074,7175711,2338,False,743.115,743.09,0.025,0.025068,0,1,36,67336,2626560,0.016000000000076398,16.579999999999927,0.013000000000033651,reload-4-inventory
4,80,282.7,477.505,760.205,572,760.205,860.004,0.0,760.205,400448,734.949,80,734.96,743.126,7175711,2338,False,743.168,743.143,0.025,0.024807,0,1,36,67336,2626560,0.01700000000005275,17.062000000000012,0.011000000000080945,reload-4-inventory
4,81,285.947,479.011,764.958,572,764.958,853.905,0.0,764.958,400448,734.953,81,734.964,743.289,7175711,2338,False,743.347,743.314,0.033,0.032669,0,1,41,75778,2626560,0.024999999999977263,21.644000000000005,0.011000000000080945,reload-4-inventory
4,82,280.365,479.635,760.0,572,760.0,857.302,0.0,760.0,400448,734.958,82,734.967,743.178,7175561,2338,False,743.277,743.246,0.031,0.031006,0,1,41,75778,2626560,0.06799999999998363,16.75400000000002,0.009000000000014552,reload-4-inventory
4,83,269.846,477.458,747.304,572,747.304,868.584,0.0,747.304,400448,734.963,83,734.98,743.357,7175711,2338,False,743.415,743.383,0.031,0.031377,0,1,41,75778,2626560,0.026000000000067303,3.9209999999999354,0.01700000000005275,reload-4-inventory
4,84,272.216,478.571,750.787,572,750.787,851.726,0.0,750.787,400448,734.967,84,734.984,743.489,7175711,2338,False,743.542,743.51,0.032,0.031707,0,1,41,75778,2626560,0.020999999999958163,7.277000000000044,0.01700000000005275,reload-4-inventory
4,85,269.729,478.617,748.346,572,748.346,848.248,0.0,748.346,400448,734.978,85,734.987,743.428,7175561,2338,False,743.478,743.451,0.026,0.026259,0,1,41,75778,2626560,0.023000000000024556,4.894999999999982,0.009000000000014552,reload-4-inventory
4,86,276.141,480.111,756.252,572,756.252,895.103,0.0,756.252,400448,734.982,86,734.992,743.552,7175711,2338,False,743.604,743.574,0.03,0.030085,0,1,41,75778,2626560,0.021999999999934516,12.677999999999997,0.009999999999990905,reload-4-inventory
4,87,288.595,477.562,766.157,572,766.157,844.182,0.0,766.157,400448,734.987,87,734.999,743.63,7175711,2338,False,743.685,743.655,0.029,0.028803,0,1,45,84170,2626560,0.024999999999977263,22.502000000000066,0.012000000000057298,reload-4-inventory
4,88,268.776,478.453,747.229,572,747.229,847.371,0.0,747.229,400448,734.994,88,735.005,744.069,7175711,2338,False,744.13,744.096,0.034,0.034031,0,1,50,92612,2626560,0.027000000000043656,3.133000000000038,0.010999999999967258,reload-4-inventory
4,89,275.307,478.469,753.776,572,753.776,833.686,0.0,753.776,400448,734.999,89,735.011,743.996,7175561,2338,False,744.056,744.019,0.036,0.035933,0,1,45,84170,2626560,0.023000000000024556,9.756999999999948,0.011999999999943611,reload-4-inventory
4,90,270.53,479.003,749.533,572,749.533,836.972,0.0,749.533,400448,735.006,90,735.016,743.907,7175711,2338,False,743.983,743.947,0.035,0.035283,0,1,45,84170,2626560,0.03999999999996362,5.586000000000013,0.009999999999990905,reload-4-inventory
4,91,268.69,479.862,748.552,572,748.552,831.786,0.0,748.552,400448,735.011,91,735.021,743.843,7175711,2338,False,743.895,743.868,0.027,0.02684,0,1,45,84170,2626560,0.02500000000009095,4.683999999999969,0.009999999999990905,reload-4-inventory
4,92,279.0,479.161,758.161,572,758.161,835.849,0.0,758.161,400448,735.016,92,735.027,743.775,7175711,2338,False,743.833,743.805,0.027,0.027441,0,1,45,84170,2626560,0.029999999999972715,14.355999999999995,0.011000000000080945,reload-4-inventory
4,93,276.943,479.256,756.199,572,756.199,831.205,0.0,756.199,400448,735.021,93,735.032,743.697,7175561,2338,False,743.756,743.723,0.033,0.033149,0,1,45,84170,2626560,0.025999999999953616,12.475999999999999,0.011000000000080945,reload-4-inventory
4,94,273.083,478.866,751.949,572,751.949,861.149,0.0,751.949,400448,735.027,94,735.039,744.142,7175711,2338,False,744.2,744.168,0.031,0.031196,0,1,50,92612,2626560,0.025999999999953616,7.780999999999949,0.011999999999943611,reload-4-inventory
4,95,271.122,477.746,748.868,572,748.868,878.075,0.0,748.868,400448,735.032,95,735.047,744.282,7175711,2338,False,744.338,744.31,0.028,0.028172,0,1,50,92612,2626560,0.027999999999906322,4.558000000000106,0.014999999999986358,reload-4-inventory
4,96,273.593,478.69,752.283,572,752.283,827.762,0.0,752.283,400448,735.038,96,735.048,744.353,7175561,2338,False,744.406,744.381,0.025,0.025358,0,1,50,92612,2626560,0.02800000000002001,7.902000000000044,0.009999999999990905,reload-4-inventory
4,97,275.871,479.759,755.63,572,755.63,830.199,0.0,755.63,400448,735.045,97,735.054,744.421,7175711,2338,False,744.477,744.446,0.03,0.030205,0,1,50,92612,2626560,0.024999999999977263,11.183999999999969,0.009000000000014552,reload-4-inventory
4,98,299.624,480.299,779.923,572,779.923,850.481,0.0,779.923,400448,735.05,98,735.06,744.559,7175711,2338,False,744.617,744.588,0.029,0.028663,0,1,54,101004,2626560,0.028999999999996362,35.335000000000036,0.009999999999990905,reload-4-inventory
4,99,314.13,478.187,792.317,572,792.317,864.199,0.0,792.317,400448,735.054,99,735.068,744.629,7175711,2338,False,744.688,744.654,0.034,0.034181,0,1,54,101004,2626560,0.024999999999977263,47.66300000000001,0.014000000000010004,reload-4-inventory
4,100,322.648,477.407,800.055,572,800.055,854.434,0.0,800.055,400448,735.062,100,735.071,744.7,7175561,2338,False,744.758,744.726,0.031,0.031267,0,1,54,101004,2626560,0.025999999999953616,55.32899999999995,0.009000000000014552,reload-4-inventory
4,101,300.106,477.785,777.891,572,777.891,857.645,0.0,777.891,400448,735.066,101,735.087,744.834,7175711,2338,False,744.887,744.859,0.028,0.027932,0,1,54,101004,2626560,0.02500000000009095,33.031999999999925,0.020999999999958163,reload-4-inventory
4,102,271.986,477.69,749.676,572,749.676,872.737,0.0,749.676,400448,735.071,102,735.089,744.897,7175711,2338,False,744.971,744.938,0.033,0.032789,0,1,59,109446,2626560,0.04099999999993997,4.738000000000056,0.018000000000029104,reload-4-inventory
4,103,261.336,478.791,740.127,572,740.127,913.378,0.0,740.127,400448,735.085,103,735.095,739.959,7175561,2338,False,740.001,739.974,0.026,0.025969,0,1,4,8392,2626560,0.015000000000100044,0.15299999999990632,0.009999999999990905,reload-4-inventory
4,104,386.92,478.361,865.281,572,865.281,870.185,0.0,865.281,400448,735.09,104,735.102,787.34,7175711,2338,False,787.463,787.392,0.071,0.071177,0,1,64,117888,2626560,0.05200000000002092,77.8889999999999,0.011999999999943611,reload-4-inventory
4,105,344.292,479.175,823.467,572,823.467,896.268,0.0,823.467,400448,735.097,105,735.111,788.174,7175711,2338,False,788.264,788.227,0.038,0.037216,0,1,64,117888,2626560,0.05299999999999727,35.24000000000001,0.014000000000010004,reload-4-inventory
4,106,379.225,480.344,859.569,572,859.569,864.533,0.0,859.569,400448,735.102,106,735.112,788.949,7175711,2338,False,789.113,789.007,0.106,0.105739,0,1,64,117888,2626560,0.057999999999992724,70.56200000000001,0.009999999999990905,reload-4-inventory
4,107,384.338,479.66,863.998,572,863.998,868.95,0.0,863.998,400448,735.108,107,735.12,787.828,7175561,2338,False,787.943,787.878,0.065,0.064696,0,1,64,117888,2626560,0.05000000000006821,76.12,0.012000000000057298,reload-4-inventory
4,108,376.152,479.453,855.605,572,855.605,861.223,0.0,855.605,400448,735.113,108,735.135,789.418,7175711,2338,False,789.509,789.47,0.038,0.038458,0,1,64,117888,2626560,0.05200000000002092,66.13499999999999,0.021999999999934516,reload-4-inventory
4,109,350.972,479.347,830.319,572,830.319,891.446,0.0,830.319,400448,735.117,109,735.139,790.223,7175711,2338,False,790.331,790.28,0.051,0.051117,0,1,64,117888,2626560,0.05700000000001637,40.03899999999999,0.022000000000048203,reload-4-inventory
4,110,354.904,480.282,835.186,572,835.186,877.758,0.0,835.186,400448,735.134,110,735.143,790.655,7175561,2338,False,790.756,790.707,0.049,0.049094,0,1,64,117888,2626560,0.05200000000002092,44.47900000000004,0.009000000000014552,reload-4-inventory
4,111,366.631,480.317,846.948,572,846.948,891.223,0.0,846.948,400448,735.137,111,735.149,791.155,7175711,2338,False,791.24,791.211,0.029,0.029354,0,1,64,117888,2626560,0.05600000000004002,55.736999999999966,0.012000000000057298,reload-4-inventory
4,112,378.174,477.427,855.601,572,855.601,860.446,0.0,855.601,400448,735.145,112,735.156,791.606,7175711,2338,False,791.724,791.66,0.064,0.064116,0,1,64,117888,2626560,0.053999999999973625,63.94100000000003,0.010999999999967258,reload-4-inventory
4,113,367.132,478.532,845.664,572,845.664,876.171,0.0,845.664,400448,735.149,113,735.165,792.251,7175711,2338,False,792.367,792.304,0.063,0.062533,0,1,64,117888,2626560,0.05299999999999727,53.360000000000014,0.01599999999996271,reload-4-inventory
4,114,349.688,477.435,827.123,572,827.123,875.566,0.0,827.123,400448,735.155,114,735.169,792.794,7175561,2338,False,792.875,792.845,0.029,0.029074,0,1,64,117888,2626560,0.051000000000044565,34.27800000000002,0.014000000000010004,reload-4-inventory
4,115,347.016,478.031,825.047,572,825.047,880.442,0.0,825.047,400448,735.161,115,735.171,793.472,7175711,2338,False,793.593,793.525,0.068,0.067711,0,1,64,117888,2626560,0.05299999999999727,31.522000000000048,0.010000000000104592,reload-4-inventory
4,116,342.941,478.779,821.72,572,821.72,887.095,0.0,821.72,400448,735.166,116,735.176,794.193,7175711,2338,False,794.314,794.247,0.067,0.06651,0,1,64,117888,2626560,0.053999999999973625,27.47300000000007,0.009999999999990905,reload-4-inventory
4,117,439.03,477.976,917.006,572,917.006,921.949,0.0,917.006,400448,735.172,117,735.18,839.229,7175711,2338,False,839.378,839.302,0.076,0.075613,0,1,64,117888,2626560,0.07299999999997908,77.70399999999995,0.007999999999924512,reload-4-inventory
4,118,330.38,479.541,809.921,572,809.921,886.538,0.0,809.921,400448,735.176,118,735.184,794.888,7175561,2338,False,795.054,794.96,0.094,0.09374,0,1,64,117888,2626560,0.07200000000000273,14.961000000000013,0.007999999999924512,reload-4-inventory
4,119,338.056,477.82,815.876,572,815.876,879.429,0.0,815.876,400448,735.18,119,735.192,795.637,7175711,2338,False,795.786,795.696,0.09,0.090115,0,1,64,117888,2626560,0.059000000000082764,20.17999999999995,0.012000000000057298,reload-4-inventory
4,120,337.491,479.93,817.421,572,817.421,891.726,0.0,817.421,400448,735.185,120,735.196,796.517,7175711,2338,False,796.652,796.579,0.072,0.072288,0,1,64,117888,2626560,0.06199999999989814,20.8420000000001,0.011000000000080945,reload-4-inventory
4,121,343.017,479.392,822.409,572,822.409,891.636,0.0,822.409,400448,735.189,121,735.2,797.253,7175561,2338,False,797.352,797.319,0.033,0.03325,0,1,64,117888,2626560,0.06599999999991724,25.090000000000032,0.011000000000080945,reload-4-inventory
4,122,329.562,479.796,809.358,572,809.358,879.262,0.0,809.358,400448,735.194,122,735.204,797.68,7175711,2338,False,797.772,797.735,0.037,0.037426,0,1,64,117888,2626560,0.055000000000063665,11.622999999999934,0.009999999999990905,reload-4-inventory
4,123,335.026,480.004,815.03,572,815.03,867.311,0.0,815.03,400448,735.199,123,735.208,798.108,7175711,2338,False,798.201,798.172,0.029,0.029294,0,1,64,117888,2626560,0.06400000000007822,16.857999999999947,0.009000000000014552,reload-4-inventory
4,124,334.157,477.371,811.528,572,811.528,877.679,0.0,811.528,400448,735.203,124,735.213,798.543,7175711,2338,False,798.631,798.597,0.034,0.034011,0,1,64,117888,2626560,0.053999999999973625,12.93100000000004,0.009999999999990905,reload-4-inventory
4,125,340.767,477.461,818.228,572,818.228,877.475,0.0,818.228,400448,735.208,125,735.219,798.995,7175561,2338,False,799.086,799.052,0.034,0.03348,0,1,64,117888,2626560,0.05700000000001637,19.17599999999993,0.011000000000080945,reload-4-inventory
4,126,348.432,477.806,826.238,572,826.238,880.421,0.0,826.238,400448,735.212,126,735.224,799.434,7175711,2338,False,799.523,799.49,0.033,0.0331,0,1,64,117888,2626560,0.05600000000004002,26.748000000000047,0.012000000000057298,reload-4-inventory
4,127,332.732,479.985,812.717,572,812.717,877.698,0.0,812.717,400448,735.218,127,735.23,799.857,7175711,2338,False,799.971,799.936,0.035,0.035172,0,1,64,117888,2626560,0.07900000000006457,12.780999999999949,0.012000000000057298,reload-4-inventory
4,128,336.114,480.088,816.202,572,816.202,863.385,0.0,816.202,400448,735.225,128,735.233,800.362,7175561,2338,False,800.456,800.419,0.037,0.036625,0,1,64,117888,2626560,0.05700000000001637,15.783000000000015,0.007999999999924512,reload-4-inventory
4,129,324.014,478.792,802.806,572,802.806,884.248,0.0,802.806,400448,735.229,129,735.239,802.23,7175711,2338,False,802.351,802.298,0.053,0.052629,0,1,64,117888,2626560,0.06799999999998363,0.5080000000000382,0.009999999999990905,reload-4-inventory
4,130,351.009,479.22,830.229,572,830.229,893.371,0.0,830.229,400448,735.233,130,735.244,801.334,7175711,2338,False,801.435,801.399,0.036,0.035824,0,1,64,117888,2626560,0.06500000000005457,28.83000000000004,0.011000000000080945,reload-4-inventory
4,131,341.975,479.769,821.744,572,821.744,887.919,0.0,821.744,400448,735.24,131,735.249,800.876,7175711,2338,False,800.987,800.955,0.032,0.032299,0,1,64,117888,2626560,0.07900000000006457,20.788999999999987,0.009000000000014552,reload-4-inventory
4,132,353.757,478.249,832.006,572,832.006,871.981,0.0,832.006,400448,735.245,132,735.261,802.739,7175561,2338,False,802.852,802.801,0.05,0.050116,0,1,64,117888,2626560,0.06200000000001182,29.204999999999927,0.01599999999996271,reload-4-inventory
4,133,348.035,477.39,825.425,572,825.425,887.588,0.0,825.425,400448,735.25,133,735.264,803.446,7175711,2338,False,803.541,803.509,0.032,0.031638,0,1,64,117888,2626560,0.06299999999998818,21.91599999999994,0.014000000000010004,reload-4-inventory
4,134,358.939,478.025,836.964,572,836.964,885.332,0.0,836.964,400448,735.259,134,735.268,804.105,7175711,2338,False,804.249,804.164,0.085,0.084667,0,1,64,117888,2626560,0.05899999999996908,32.80000000000007,0.009000000000014552,reload-4-inventory
4,135,360.022,478.938,838.96,572,838.96,891.736,0.0,838.96,400448,735.263,135,735.275,804.752,7175711,2338,False,804.843,804.813,0.03,0.029745,0,1,64,117888,2626560,0.06100000000003547,34.14700000000005,0.011999999999943611,reload-4-inventory
4,136,335.644,479.933,815.577,572,815.577,889.593,0.0,815.577,400448,735.268,136,735.279,805.601,7175561,2338,False,805.731,805.662,0.069,0.069094,0,1,64,117888,2626560,0.06100000000003547,9.914999999999964,0.010999999999967258,reload-4-inventory
4,137,347.746,479.346,827.092,572,827.092,873.327,0.0,827.092,400448,735.274,137,735.282,806.68,7175711,2338,False,806.826,806.742,0.084,0.083425,0,1,64,117888,2626560,0.06200000000001182,20.350000000000023,0.008000000000038199,reload-4-inventory
4,138,363.321,480.029,843.35,572,843.35,851.305,0.0,843.35,400448,735.278,138,735.289,807.49,7175711,2338,False,807.6,807.55,0.05,0.049785,0,1,64,117888,2626560,0.05999999999994543,35.80000000000007,0.010999999999967258,reload-4-inventory
4,139,372.911,479.308,852.219,572,852.219,857.104,0.0,852.219,400448,735.283,139,735.308,808.091,7175561,2338,False,808.194,808.154,0.04,0.039479,0,1,64,117888,2626560,0.06299999999998818,44.065000000000055,0.024999999999977263,reload-4-inventory
4,140,380.746,477.524,858.27,572,858.27,863.205,0.0,858.27,400448,735.288,140,735.311,808.856,7175711,2338,False,808.956,808.922,0.034,0.03334,0,1,64,117888,2626560,0.06600000000003092,49.347999999999956,0.023000000000024556,reload-4-inventory
4,141,370.477,479.686,850.163,572,850.163,857.272,0.0,850.163,400448,735.306,141,735.316,810.412,7175711,2338,False,810.538,810.475,0.063,0.062664,0,1,64,117888,2626560,0.06299999999998818,39.68799999999999,0.009999999999990905,reload-4-inventory
4,142,359.189,479.659,838.848,572,838.848,874.165,0.0,838.848,400448,735.311,142,735.322,809.851,7175711,2338,False,809.996,809.947,0.048,0.048102,0,1,64,117888,2626560,0.09600000000000364,28.900999999999954,0.010999999999967258,reload-4-inventory
4,143,390.079,478.945,869.024,572,869.024,874.135,0.0,869.024,400448,735.315,143,735.327,809.392,7175561,2338,False,809.486,809.452,0.034,0.03383,0,1,64,117888,2626560,0.05999999999994543,59.572,0.011999999999943611,reload-4-inventory
4,144,377.666,479.646,857.312,572,857.312,864.581,0.0,857.312,400448,735.321,144,735.333,811.437,7175711,2338,False,811.607,811.502,0.105,0.104517,0,1,64,117888,2626560,0.06499999999994088,45.81000000000006,0.011999999999943611,reload-4-inventory
4,145,378.832,478.261,857.093,572,857.093,861.994,0.0,857.093,400448,735.327,145,735.337,812.581,7175711,2338,False,812.777,812.656,0.12,0.11993,0,1,64,117888,2626560,0.07499999999993179,44.43700000000001,0.009999999999990905,reload-4-inventory
4,146,333.858,479.937,813.795,572,813.795,880.849,0.0,813.795,400448,735.332,146,735.342,813.524,7175561,2338,False,813.659,813.59,0.069,0.068763,0,1,64,117888,2626560,0.06600000000003092,0.20499999999992724,0.009999999999990905,reload-4-inventory
4,147,373.767,478.427,852.194,572,852.194,858.394,0.0,852.194,400448,735.336,147,735.349,816.465,7175711,2338,False,816.632,816.533,0.099,0.099008,0,1,64,117888,2626560,0.06799999999998363,35.660999999999945,0.013000000000033651,reload-4-inventory
4,148,353.795,479.357,833.152,572,833.152,869.561,0.0,833.152,400448,735.341,148,735.354,815.409,7175711,2338,False,815.586,815.478,0.108,0.107982,0,1,64,117888,2626560,0.06899999999995998,17.674000000000092,0.013000000000033651,reload-4-inventory
4,149,346.467,480.142,826.609,572,826.609,878.342,0.0,826.609,400448,735.348,149,735.359,814.556,7175711,2338,False,814.667,814.635,0.031,0.030876,0,1,64,117888,2626560,0.07899999999995089,11.974000000000046,0.011000000000080945,reload-4-inventory
4,150,363.786,477.908,841.694,572,841.694,846.743,0.0,841.694,400448,735.353,150,735.366,817.234,7175561,2338,False,817.418,817.31,0.108,0.107842,0,1,64,117888,2626560,0.07599999999990814,24.384000000000015,0.013000000000033651,reload-4-inventory
4,151,350.052,479.549,829.601,572,829.601,905.106,0.0,829.601,400448,735.359,151,735.369,818.394,7175711,2338,False,818.589,818.479,0.11,0.110165,0,1,64,117888,2626560,0.08500000000003638,11.121999999999957,0.009999999999990905,reload-4-inventory
4,152,372.1,478.067,850.167,572,850.167,857.201,0.0,850.167,400448,735.365,152,735.374,819.813,7175711,2338,False,819.986,819.877,0.108,0.107891,0,1,64,117888,2626560,0.06399999999996453,30.290000000000077,0.009000000000014552,reload-4-inventory
4,153,428.612,479.873,908.485,572,908.485,913.485,0.0,908.485,400448,735.369,153,735.381,835.35,7175561,2338,False,835.533,835.417,0.116,0.116124,0,1,64,117888,2626560,0.06700000000000728,73.06799999999998,0.011999999999943611,reload-4-inventory
4,154,395.478,478.222,873.7,572,873.7,878.78,0.0,873.7,400448,735.374,154,735.386,830.271,7175711,2338,False,830.403,830.344,0.059,0.059038,0,1,64,117888,2626560,0.07300000000009277,43.355999999999995,0.011999999999943611,reload-4-inventory
4,155,409.072,479.202,888.274,572,888.274,895.385,0.0,888.274,400448,735.38,155,735.391,828.623,7175711,2338,False,828.747,828.702,0.045,0.044928,0,1,64,117888,2626560,0.07899999999995089,59.572,0.010999999999967258,reload-4-inventory
4,156,418.678,477.869,896.547,572,896.547,901.461,0.0,896.547,400448,735.386,156,735.397,831.01,7175711,2338,False,831.151,831.085,0.066,0.066179,0,1,64,117888,2626560,0.07500000000004547,65.46199999999999,0.011000000000080945,reload-4-inventory
4,157,402.679,478.991,881.67,572,881.67,888.762,0.0,881.67,400448,735.391,157,735.403,829.308,7175561,2338,False,829.458,829.413,0.045,0.044647,0,1,64,117888,2626560,0.10500000000001819,52.25699999999995,0.012000000000057298,reload-4-inventory
4,158,411.573,477.609,889.182,572,889.182,894.059,0.0,889.182,400448,735.397,158,735.408,827.657,7175711,2338,False,827.762,827.729,0.033,0.033069,0,1,64,117888,2626560,0.07200000000000273,61.452999999999975,0.010999999999967258,reload-4-inventory
4,159,410.563,480.272,890.835,572,890.835,895.862,0.0,890.835,400448,735.404,159,735.414,826.648,7175711,2338,False,826.754,826.722,0.032,0.031928,0,1,64,117888,2626560,0.07399999999995543,64.11300000000006,0.009999999999990905,reload-4-inventory
4,160,387.91,480.182,868.092,572,868.092,873.212,0.0,868.092,400448,735.41,160,735.419,825.659,7175711,2338,False,825.854,825.763,0.091,0.090786,0,1,64,117888,2626560,0.10400000000004184,42.32899999999995,0.009000000000014552,reload-4-inventory
4,161,356.351,477.95,834.301,572,834.301,841.364,0.0,834.301,400448,735.414,161,735.424,824.397,7175561,2338,False,824.577,824.474,0.103,0.102774,0,1,64,117888,2626560,0.07699999999999818,9.826999999999998,0.009999999999990905,reload-4-inventory
4,162,388.873,480.096,868.969,572,868.969,873.837,0.0,868.969,400448,735.419,162,735.43,823.244,7175711,2338,False,823.352,823.32,0.031,0.031307,0,1,64,117888,2626560,0.07600000000002183,45.649,0.010999999999967258,reload-4-inventory
4,163,393.844,479.499,873.343,572,873.343,878.244,0.0,873.343,400448,735.424,163,735.437,822.352,7175711,2338,False,822.507,822.431,0.075,0.075083,0,1,64,117888,2626560,0.07900000000006457,50.91199999999992,0.013000000000033651,reload-4-inventory
4,164,370.953,480.242,851.195,572,851.195,857.059,0.0,851.195,400448,735.43,164,735.443,821.518,7175561,2338,False,821.657,821.599,0.058,0.057626,0,1,64,117888,2626560,0.08100000000001728,29.596000000000004,0.013000000000033651,reload-4-inventory
4,165,364.611,479.292,843.903,572,843.903,887.59,0.0,843.903,400448,735.437,165,735.448,820.819,7175711,2338,False,820.991,820.893,0.098,0.098117,0,1,64,117888,2626560,0.07400000000006912,23.00999999999999,0.010999999999967258,reload-4-inventory
4,166,422.258,479.032,901.29,572,901.29,906.219,0.0,901.29,400448,735.442,166,735.454,832.198,7175711,2338,False,832.362,832.27,0.091,0.091257,0,1,64,117888,2626560,0.07200000000000273,69.01999999999998,0.011999999999943611,reload-4-inventory
4,167,430.35,477.854,908.204,572,908.204,913.28,0.0,908.204,400448,735.447,167,735.458,833.447,7175711,2338,False,833.607,833.555,0.051,0.051267,0,1,64,117888,2626560,0.10799999999994725,74.649,0.010999999999967258,reload-4-inventory
4,168,427.016,480.118,907.134,572,907.134,912.09,0.0,907.134,400448,735.452,168,735.462,836.508,7175561,2338,False,836.64,836.584,0.056,0.055754,0,1,64,117888,2626560,0.07599999999990814,70.55000000000007,0.009999999999990905,reload-4-inventory
4,169,430.202,478.807,909.009,572,909.009,913.906,0.0,909.009,400448,735.457,169,735.465,837.418,7175711,2338,False,837.558,837.503,0.055,0.054802,0,1,64,117888,2626560,0.08500000000003638,71.50599999999997,0.008000000000038199,reload-4-inventory
4,170,437.363,478.735,916.098,572,916.098,921.027,0.0,916.098,400448,735.462,170,735.48,838.434,7175711,2338,False,838.575,838.501,0.074,0.07363,0,1,64,117888,2626560,0.06700000000000728,77.59699999999998,0.018000000000029104,reload-4-inventory
4,171,433.581,479.421,913.002,572,913.002,919.257,0.0,913.002,400448,735.466,171,735.485,840.536,7175561,2338,False,840.715,840.621,0.094,0.093991,0,1,64,117888,2626560,0.08500000000003638,72.38099999999997,0.019000000000005457,reload-4-inventory
4,172,430.017,477.444,907.461,572,907.461,912.378,0.0,907.461,400448,735.48,172,735.496,843.584,7175711,2338,False,843.755,843.657,0.098,0.097576,0,1,64,117888,2626560,0.07300000000009277,63.803999999999974,0.01599999999996271,reload-4-inventory
4,173,408.443,478.18,886.623,572,886.623,891.53,0.0,886.623,400448,735.485,173,735.497,841.947,7175711,2338,False,842.117,842.022,0.095,0.094492,0,1,64,117888,2626560,0.07500000000004547,44.601,0.011999999999943611,reload-4-inventory
4,174,401.326,479.097,880.423,572,880.423,885.322,0.0,880.423,400448,735.491,174,735.502,846.058,7175711,2338,False,846.202,846.126,0.076,0.075724,0,1,64,117888,2626560,0.06799999999998363,34.297000000000025,0.010999999999967258,reload-4-inventory
4,175,431.684,478.374,910.058,572,910.058,914.856,0.0,910.058,400448,735.496,175,735.506,833.98,7175561,2338,False,834.189,834.073,0.116,0.115603,0,1,64,117888,2626560,0.09299999999996089,75.98500000000001,0.009999999999990905,reload-4-inventory
4,176,430.592,479.981,910.573,572,910.573,917.977,0.0,910.573,400448,735.501,176,735.52,844.843,7175711,2338,False,844.969,844.916,0.053,0.052318,0,1,64,117888,2626560,0.07300000000009277,65.65699999999993,0.019000000000005457,reload-4-inventory
4,177,418.87,480.086,898.956,572,898.956,903.813,0.0,898.956,400448,735.505,177,735.537,835.848,7175711,2338,False,836.045,835.935,0.109,0.109274,0,1,64,117888,2626560,0.08699999999998909,63.02100000000007,0.03200000000003911,reload-4-inventory
4,178,394.584,478.193,872.777,572,872.777,877.593,0.0,872.777,400448,735.519,178,735.541,834.664,7175711,2338,False,834.801,834.742,0.059,0.058757,0,1,64,117888,2626560,0.07799999999997453,38.03500000000008,0.022000000000048203,reload-4-inventory
4,179,427.408,480.31,907.718,572,907.718,912.693,0.0,907.718,400448,735.534,179,735.543,836.711,7175561,2338,False,836.971,836.856,0.114,0.114191,0,1,64,117888,2626560,0.1449999999999818,70.86199999999997,0.009000000000014552,reload-4-inventory
4,180,428.303,477.89,906.193,572,906.193,912.795,0.0,906.193,400448,735.538,180,735.549,838.146,7175711,2338,False,838.278,838.217,0.06,0.06016,0,1,64,117888,2626560,0.07100000000002638,67.976,0.010999999999967258,reload-4-inventory
4,181,424.096,478.253,902.349,572,902.349,908.559,0.0,902.349,400448,735.544,181,735.556,844.367,7175711,2338,False,844.471,844.438,0.033,0.032779,0,1,64,117888,2626560,0.07100000000002638,57.91100000000006,0.012000000000057298,reload-4-inventory
4,182,426.599,479.587,906.186,572,906.186,911.101,0.0,906.186,400448,735.549,182,735.561,843.62,7175561,2338,False,843.732,843.691,0.04,0.04022,0,1,64,117888,2626560,0.07100000000002638,62.495000000000005,0.012000000000057298,reload-4-inventory
4,183,428.442,477.443,905.885,572,905.885,913.186,0.0,905.885,400448,735.556,183,735.567,842.841,7175711,2338,False,843.064,843.005,0.059,0.058938,0,1,64,117888,2626560,0.16399999999998727,62.879999999999995,0.010999999999967258,reload-4-inventory
4,184,400.496,479.078,879.574,572,879.574,884.409,0.0,879.574,400448,735.562,184,735.572,841.842,7175711,2338,False,841.978,841.915,0.063,0.062674,0,1,64,117888,2626560,0.07299999999997908,37.65899999999999,0.009999999999990905,reload-4-inventory
4,185,435.782,477.84,913.622,572,913.622,918.795,0.0,913.622,400448,735.567,185,735.578,840.522,7175711,2338,False,840.659,840.607,0.051,0.051417,0,1,64,117888,2626560,0.08499999999992269,73.01499999999999,0.010999999999967258,reload-4-inventory
4,186,435.154,478.115,913.269,572,913.269,918.237,0.0,913.269,400448,735.573,186,735.583,839.423,7175561,2338,False,839.565,839.492,0.072,0.072198,0,1,64,117888,2626560,0.06899999999995998,73.77700000000004,0.009999999999990905,reload-4-inventory
4,187,425.54,479.665,905.205,572,905.205,910.021,0.0,905.205,400448,735.578,187,735.591,832.489,7175711,2338,False,832.617,832.585,0.031,0.031116,0,1,64,117888,2626560,0.09600000000000364,72.62,0.013000000000033651,reload-4-inventory
4,188,419.067,478.812,897.879,572,897.879,902.986,0.0,897.879,400448,735.583,188,735.594,833.422,7175711,2338,False,833.57,833.537,0.033,0.032889,0,1,64,117888,2626560,0.1150000000000091,64.34199999999998,0.011000000000080945,reload-4-inventory
4,189,382.885,480.208,863.093,572,863.093,867.919,0.0,863.093,400448,735.589,189,735.597,834.361,7175561,2338,False,834.473,834.426,0.047,0.04672,0,1,64,117888,2626560,0.06500000000005457,28.666999999999916,0.007999999999924512,reload-4-inventory
4,190,426.646,479.496,906.142,572,906.142,911.093,0.0,906.142,400448,735.593,190,735.602,835.277,7175711,2338,False,835.438,835.337,0.101,0.10057,0,1,64,117888,2626560,0.05999999999994543,70.80500000000006,0.009000000000014552,reload-4-inventory
4,191,414.908,480.148,895.056,572,895.056,899.959,0.0,895.056,400448,735.598,191,735.606,836.627,7175711,2338,False,836.798,836.717,0.081,0.080781,0,1,64,117888,2626560,0.09000000000003183,58.339000000000055,0.008000000000038199,reload-4-inventory
4,192,417.663,479.428,897.091,572,897.091,903.332,0.0,897.091,400448,735.602,192,735.612,838.097,7175711,2338,False,838.244,838.166,0.078,0.077546,0,1,64,117888,2626560,0.06900000000007367,58.924999999999955,0.009999999999990905,reload-4-inventory
4,193,435.513,477.419,912.932,572,912.932,917.885,0.0,912.932,400448,735.606,193,735.618,839.183,7175561,2338,False,839.291,839.245,0.046,0.045488,0,1,64,117888,2626560,0.06200000000001182,73.68700000000001,0.012000000000057298,reload-4-inventory
4,194,430.871,479.439,910.31,572,910.31,915.245,0.0,910.31,400448,735.611,194,735.62,839.78,7175711,2338,False,839.981,839.857,0.124,0.123816,0,1,64,117888,2626560,0.07699999999999818,70.45299999999997,0.009000000000014552,reload-4-inventory
4,195,435.087,478.335,913.422,572,913.422,919.687,0.0,913.422,400448,735.616,195,735.625,840.492,7175711,2338,False,840.589,840.557,0.032,0.031818,0,1,64,117888,2626560,0.06500000000005457,72.86500000000001,0.009000000000014552,reload-4-inventory
4,196,408.482,479.128,887.61,572,887.61,892.789,0.0,887.61,400448,735.621,196,735.631,842.131,7175561,2338,False,842.222,842.191,0.031,0.030485,0,1,64,117888,2626560,0.06000000000005912,45.41899999999998,0.009999999999990905,reload-4-inventory
4,197,389.539,480.06,869.599,572,869.599,874.487,0.0,869.599,400448,735.626,197,735.637,841.704,7175711,2338,False,841.8,841.763,0.036,0.036013,0,1,64,117888,2626560,0.059000000000082764,27.836000000000013,0.010999999999967258,reload-4-inventory
4,198,433.104,480.144,913.248,572,913.248,920.282,0.0,913.248,400448,735.631,198,735.642,841.168,7175711,2338,False,841.263,841.23,0.032,0.032328,0,1,64,117888,2626560,0.06200000000001182,72.01800000000003,0.011000000000080945,reload-4-inventory
4,199,423.565,480.106,903.671,572,903.671,910.787,0.0,903.671,400448,735.636,199,735.649,842.64,7175711,2338,False,842.741,842.709,0.032,0.032348,0,1,64,117888,2626560,0.06899999999995998,60.9620000000001,0.013000000000033651,reload-4-inventory
4,200,424.267,478.661,902.928,572,902.928,907.836,0.0,902.928,400448,735.642,200,735.652,843.357,7175561,2338,False,843.461,843.421,0.04,0.04036,0,1,64,117888,2626560,0.06400000000007822,59.50699999999995,0.009999999999990905,reload-4-inventory
4,201,411.241,480.34,891.581,572,891.581,896.495,0.0,891.581,400448,735.647,201,735.656,843.885,7175711,2338,False,843.996,843.964,0.031,0.031127,0,1,64,117888,2626560,0.07900000000006457,47.61699999999996,0.008999999999900865,reload-4-inventory
4,202,428.134,479.868,908.002,572,908.002,914.286,0.0,908.002,400448,735.651,202,735.66,844.43,7175711,2338,False,844.528,844.492,0.036,0.035724,0,1,64,117888,2626560,0.06200000000001182,63.50999999999999,0.009000000000014552,reload-4-inventory
4,203,421.186,478.53,899.716,572,899.716,907.138,0.0,899.716,400448,735.655,203,735.663,844.962,7175711,2338,False,845.058,845.023,0.035,0.034532,0,1,64,117888,2626560,0.06100000000003547,54.692999999999984,0.008000000000038199,reload-4-inventory
4,204,392.164,477.403,869.567,572,869.567,874.413,0.0,869.567,400448,735.659,204,735.667,845.472,7175561,2338,False,845.566,845.532,0.034,0.034222,0,1,64,117888,2626560,0.06000000000005912,24.034999999999968,0.008000000000038199,reload-4-inventory
4,205,404.503,478.747,883.25,572,883.25,888.275,0.0,883.25,400448,735.663,205,735.672,846.158,7175711,2338,False,846.271,846.222,0.049,0.049094,0,1,64,117888,2626560,0.06399999999996453,37.02800000000002,0.009000000000014552,reload-4-inventory
4,206,404.493,477.552,882.045,572,882.045,888.365,0.0,882.045,400448,735.668,206,735.683,846.712,7175711,2338,False,846.844,846.775,0.069,0.069134,0,1,64,117888,2626560,0.06299999999998818,35.26999999999998,0.014999999999986358,reload-4-inventory
4,207,414.932,479.154,894.086,572,894.086,900.388,0.0,894.086,400448,735.673,207,735.685,847.336,7175561,2338,False,847.442,847.396,0.046,0.045739,0,1,64,117888,2626560,0.05999999999994543,46.690000000000055,0.011999999999943611,reload-4-inventory
4,208,435.729,478.625,914.354,572,914.354,920.575,0.0,914.354,400448,735.681,208,735.69,840.696,7175711,2338,False,840.789,840.754,0.034,0.034101,0,1,64,117888,2626560,0.057999999999992724,73.60000000000002,0.009000000000014552,reload-4-inventory
4,209,416.089,478.004,894.093,572,894.093,899.047,0.0,894.093,400448,735.685,209,735.695,827.698,7175711,2338,False,827.951,827.813,0.139,0.138308,0,1,64,117888,2626560,0.1150000000000091,66.27999999999997,0.010000000000104592,reload-4-inventory
4,210,434.642,480.234,914.876,572,914.876,919.722,0.0,914.876,400448,735.69,210,735.701,841.113,7175711,2338,False,841.24,841.174,0.065,0.064937,0,1,64,117888,2626560,0.06099999999992178,73.702,0.010999999999967258,reload-4-inventory
4,211,401.287,480.358,881.645,572,881.645,886.52,0.0,881.645,400448,735.695,211,735.706,828.431,7175561,2338,False,828.618,828.499,0.119,0.118588,0,1,64,117888,2626560,0.06799999999998363,53.14599999999996,0.010999999999967258,reload-4-inventory
4,212,410.426,479.023,889.449,572,889.449,896.541,0.0,889.449,400448,735.7,212,735.712,829.879,7175711,2338,False,830.043,829.952,0.09,0.090476,0,1,64,117888,2626560,0.07299999999997908,59.49699999999996,0.011999999999943611,reload-4-inventory
4,213,417.473,479.477,896.95,572,896.95,901.917,0.0,896.95,400448,735.705,213,735.72,831.469,7175711,2338,False,831.63,831.59,0.039,0.039119,0,1,64,117888,2626560,0.1209999999999809,65.36000000000001,0.014999999999986358,reload-4-inventory
4,214,420.32,479.846,900.166,572,900.166,905.165,0.0,900.166,400448,735.713,214,735.724,832.469,7175561,2338,False,832.616,832.55,0.065,0.065328,0,1,64,117888,2626560,0.0809999999999036,67.6160000000001,0.011000000000080945,reload-4-inventory
4,215,427.745,477.402,905.147,572,905.147,910.176,0.0,905.147,400448,735.718,215,735.73,836.065,7175711,2338,False,836.189,836.144,0.044,0.044237,0,1,64,117888,2626560,0.07899999999995089,69.00300000000004,0.012000000000057298,reload-4-inventory
4,216,405.002,480.081,885.083,572,885.083,890.714,0.0,885.083,400448,735.724,216,735.736,835.164,7175711,2338,False,835.301,835.239,0.062,0.062093,0,1,64,117888,2626560,0.07500000000004547,49.84399999999994,0.011999999999943611,reload-4-inventory
4,217,424.122,478.895,903.017,572,903.017,908.163,0.0,903.017,400448,735.731,217,735.741,833.378,7175711,2338,False,833.607,833.523,0.083,0.083284,0,1,64,117888,2626560,0.1449999999999818,69.49400000000003,0.009999999999990905,reload-4-inventory
4,218,426.493,477.488,903.981,572,903.981,908.968,0.0,903.981,400448,735.736,218,735.749,836.741,7175561,2338,False,836.947,836.86,0.086,0.086269,0,1,64,117888,2626560,0.1190000000000282,67.12099999999998,0.013000000000033651,reload-4-inventory
4,219,432.011,479.214,911.225,572,911.225,916.077,0.0,911.225,400448,735.741,219,735.75,837.475,7175711,2338,False,837.61,837.542,0.067,0.067051,0,1,64,117888,2626560,0.06700000000000728,73.68299999999999,0.009000000000014552,reload-4-inventory
4,220,438.198,479.627,917.825,572,917.825,922.754,0.0,917.825,400448,735.746,220,735.756,838.262,7175711,2338,False,838.398,838.331,0.067,0.067051,0,1,64,117888,2626560,0.06900000000007367,79.49400000000003,0.009999999999990905,reload-4-inventory
4,221,436.761,478.846,915.607,572,915.607,920.699,0.0,915.607,400448,735.75,221,735.76,839.066,7175561,2338,False,839.23,839.187,0.043,0.042444,0,1,64,117888,2626560,0.1209999999999809,76.41999999999996,0.009999999999990905,reload-4-inventory
4,222,435.442,477.41,912.852,572,912.852,919.067,0.0,912.852,400448,735.756,222,735.766,839.937,7175711,2338,False,840.067,840.008,0.059,0.058929,0,1,64,117888,2626560,0.07100000000002638,72.84399999999994,0.009999999999990905,reload-4-inventory
4,223,392.13,477.9,870.03,572,870.03,874.863,0.0,870.03,400448,735.76,223,735.772,786.789,7175711,2338,False,786.968,786.895,0.072,0.071707,0,1,64,117888,2626560,0.10599999999999454,83.13499999999999,0.012000000000057298,reload-4-inventory
4,224,261.421,479.175,740.596,572,740.596,862.935,0.0,740.596,400448,735.768,224,735.78,740.305,7175711,2338,False,740.333,740.321,0.012,0.011928,0,1,4,8392,2626560,0.016000000000076398,0.27499999999997726,0.011999999999943611,reload-4-inventory
4,225,261.89,478.707,740.597,572,740.597,841.362,0.0,740.597,400448,735.772,225,735.785,740.232,7175561,2338,False,740.254,740.243,0.011,0.010916,0,1,4,8392,2626560,0.011000000000080945,0.35399999999992815,0.012999999999919964,reload-4-inventory
4,226,261.562,478.776,740.338,572,740.338,876.161,0.0,740.338,400448,735.779,226,735.79,740.129,7175711,2338,False,740.156,740.143,0.012,0.012549,0,1,4,8392,2626560,0.014000000000010004,0.19499999999993634,0.010999999999967258,reload-4-inventory
4,227,261.932,478.217,740.149,572,740.149,872.984,0.0,740.149,400448,735.784,227,735.795,740.079,7175711,2338,False,740.105,740.088,0.016,0.016745,0,1,4,8392,2626560,0.009000000000014552,0.06100000000003547,0.010999999999967258,reload-4-inventory
4,228,261.365,478.817,740.182,572,740.182,840.966,0.0,740.182,400448,735.789,228,735.8,740.037,7175711,2338,False,740.071,740.06,0.01,0.010416,0,1,4,8392,2626560,0.02299999999991087,0.12200000000007094,0.010999999999967258,reload-4-inventory
4,229,261.278,479.007,740.285,572,740.285,876.846,0.0,740.285,400448,735.794,229,735.805,740.168,7175561,2338,False,740.189,740.177,0.012,0.011938,0,1,4,8392,2626560,0.009000000000014552,0.10799999999994725,0.010999999999967258,reload-4-inventory
4,230,260.993,480.297,741.29,572,741.29,831.812,0.0,741.29,400448,735.799,230,735.811,740.405,7175711,2338,False,740.427,740.416,0.011,0.011147,0,1,9,16834,2626560,0.011000000000080945,0.87399999999991,0.012000000000057298,reload-4-inventory
4,231,263.562,477.445,741.007,572,741.007,867.457,0.0,741.007,400448,735.805,231,735.817,740.37,7175711,2338,False,740.396,740.382,0.013,0.013711,0,1,9,16834,2626560,0.011999999999943611,0.625,0.012000000000057298,reload-4-inventory
4,232,263.235,477.588,740.823,572,740.823,865.006,0.0,740.823,400448,735.81,232,735.822,740.342,7175561,2338,False,740.361,740.35,0.01,0.010676,0,1,4,8392,2626560,0.008000000000038199,0.47299999999995634,0.012000000000057298,reload-4-inventory
4,233,260.902,479.917,740.819,572,740.819,875.279,0.0,740.819,400448,735.818,233,735.828,740.271,7175711,2338,False,740.297,740.282,0.015,0.015093,0,1,4,8392,2626560,0.011000000000080945,0.5369999999999209,0.009999999999990905,reload-4-inventory
4,234,260.998,479.202,740.2,572,740.2,858.145,0.0,740.2,400448,735.823,234,735.833,740.012,7175711,2338,False,740.048,740.037,0.011,0.010947,0,1,4,8392,2626560,0.02500000000009095,0.16300000000001091,0.009999999999990905,reload-4-inventory
4,235,416.534,479.896,896.43,572,896.43,901.315,0.0,896.43,400448,735.828,235,735.838,828.098,7175711,2338,False,828.199,828.164,0.035,0.034642,0,1,64,117888,2626560,0.06600000000003092,68.26599999999996,0.009999999999990905,reload-4-inventory
4,236,406.336,477.675,884.011,572,884.011,888.845,0.0,884.011,400448,735.833,236,735.843,827.546,7175561,2338,False,827.648,827.616,0.032,0.031537,0,1,64,117888,2626560,0.06999999999993634,56.39499999999998,0.009999999999990905,reload-4-inventory
4,237,411.512,479.983,891.495,572,891.495,896.332,0.0,891.495,400448,735.838,237,735.851,826.996,7175711,2338,False,827.093,827.063,0.03,0.029744,0,1,64,117888,2626560,0.06700000000000728,64.43200000000002,0.013000000000033651,reload-4-inventory
4,238,404.295,477.824,882.119,572,882.119,888.853,0.0,882.119,400448,735.844,238,735.856,826.466,7175711,2338,False,826.566,826.535,0.031,0.030576,0,1,64,117888,2626560,0.06899999999995998,55.58400000000006,0.011999999999943611,reload-4-inventory
4,239,391.895,479.874,871.769,572,871.769,878.787,0.0,871.769,400448,735.851,239,735.862,825.898,7175561,2338,False,826.0,825.968,0.032,0.031768,0,1,64,117888,2626560,0.06999999999993634,45.801000000000045,0.010999999999967258,reload-4-inventory
4,240,379.271,479.015,858.286,572,858.286,863.337,0.0,858.286,400448,735.857,240,735.867,825.349,7175711,2338,False,825.459,825.425,0.034,0.034091,0,1,64,117888,2626560,0.07599999999990814,32.86099999999999,0.009999999999990905,reload-4-inventory
4,241,361.208,478.547,839.755,572,839.755,847.102,0.0,839.755,400448,735.862,241,735.873,824.677,7175711,2338,False,824.783,824.75,0.033,0.03309,0,1,64,117888,2626560,0.07299999999997908,15.004999999999995,0.011000000000080945,reload-4-inventory
4,242,404.18,478.739,882.919,572,882.919,887.825,0.0,882.919,400448,735.867,242,735.878,824.111,7175711,2338,False,824.269,824.227,0.041,0.041001,0,1,64,117888,2626560,0.11599999999998545,58.69200000000001,0.011000000000080945,reload-4-inventory
4,243,263.648,477.372,741.02,572,741.02,842.053,0.0,741.02,400448,735.872,243,735.885,740.48,7175561,2338,False,740.5,740.489,0.01,0.010736,0,1,9,16834,2626560,0.009000000000014552,0.5309999999999491,0.013000000000033651,reload-4-inventory
4,244,262.852,478.392,741.244,572,741.244,872.772,0.0,741.244,400448,735.878,244,735.888,740.435,7175711,2338,False,740.472,740.458,0.013,0.01339,0,1,9,16834,2626560,0.023000000000024556,0.7860000000000582,0.009999999999990905,reload-4-inventory
4,245,263.412,477.833,741.245,572,741.245,845.552,0.0,741.245,400448,735.883,245,735.894,740.509,7175711,2338,False,740.563,740.549,0.014,0.014301,0,1,9,16834,2626560,0.03999999999996362,0.6960000000000264,0.010999999999967258,reload-4-inventory
4,246,262.415,478.608,741.023,572,741.023,835.751,0.0,741.023,400448,735.888,246,735.899,740.604,7175711,2338,False,740.646,740.633,0.012,0.012649,0,1,9,16834,2626560,0.028999999999996362,0.38999999999998636,0.010999999999967258,reload-4-inventory
4,247,263.63,477.383,741.013,572,741.013,874.871,0.0,741.013,400448,735.893,247,735.903,740.572,7175561,2338,False,740.596,740.582,0.013,0.012889,0,1,9,16834,2626560,0.009999999999990905,0.43100000000004,0.009999999999990905,reload-4-inventory
4,248,261.394,480.066,741.46,572,741.46,896.41,0.0,741.46,400448,735.898,248,735.908,740.658,7175711,2338,False,740.678,740.668,0.01,0.009825,0,1,9,16834,2626560,0.009999999999990905,0.79200000000003,0.009999999999990905,reload-4-inventory
4,249,262.206,479.564,741.77,572,741.77,874.764,0.0,741.77,400448,735.903,249,735.92,740.686,7175711,2338,False,740.71,740.696,0.014,0.013811,0,1,9,16834,2626560,0.009999999999990905,1.0739999999999554,0.016999999999939064,reload-4-inventory
4,250,260.888,480.064,740.952,572,740.952,825.918,0.0,740.952,400448,735.908,250,735.924,740.72,7175561,2338,False,740.746,740.734,0.012,0.012088,0,1,9,16834,2626560,0.014000000000010004,0.2179999999999609,0.01599999999996271,reload-4-inventory
4,251,264.145,477.512,741.657,572,741.657,847.407,0.0,741.657,400448,735.919,251,735.93,740.794,7175711,2338,False,740.82,740.805,0.014,0.014592,0,1,13,25226,2626560,0.010999999999967258,0.8520000000000891,0.010999999999967258,reload-4-inventory
4,252,261.606,479.948,741.554,572,741.554,900.112,0.0,741.554,400448,735.925,252,735.934,740.755,7175711,2338,False,740.784,740.77,0.014,0.014011,0,1,13,25226,2626560,0.014999999999986358,0.7839999999999918,0.009000000000014552,reload-4-inventory
4,253,264.025,478.863,742.888,572,742.888,876.991,0.0,742.888,400448,735.929,253,735.938,740.867,7175711,2338,False,740.892,740.879,0.012,0.012679,0,1,13,25226,2626560,0.012000000000057298,2.0090000000000146,0.009000000000014552,reload-4-inventory
4,254,261.722,480.327,742.049,572,742.049,859.401,0.0,742.049,400448,735.934,254,735.945,740.83,7175561,2338,False,740.857,740.841,0.015,0.015754,0,1,13,25226,2626560,0.010999999999967258,1.20799999999997,0.011000000000080945,reload-4-inventory
4,255,261.904,480.161,742.065,572,742.065,848.503,0.0,742.065,400448,735.94,255,735.953,740.95,7175711,2338,False,740.977,740.962,0.015,0.014792,0,1,13,25226,2626560,0.011999999999943611,1.1030000000000655,0.012999999999919964,reload-4-inventory
4,256,262.831,479.167,741.998,572,741.998,886.6,0.0,741.998,400448,735.946,256,735.958,740.986,7175711,2338,False,741.012,740.997,0.014,0.014592,0,1,13,25226,2626560,0.010999999999967258,1.00100000000009,0.011999999999943611,reload-4-inventory
4,257,263.256,479.386,742.642,572,742.642,887.798,0.0,742.642,400448,735.951,257,735.965,741.021,7175561,2338,False,741.045,741.033,0.012,0.012178,0,1,13,25226,2626560,0.012000000000057298,1.6090000000000373,0.014000000000010004,reload-4-inventory
4,258,261.952,480.003,741.955,572,741.955,830.134,0.0,741.955,400448,735.958,258,735.969,741.098,7175711,2338,False,741.134,741.121,0.013,0.01334,0,1,13,25226,2626560,0.023000000000024556,0.83400000000006,0.011000000000080945,reload-4-inventory
4,259,261.817,480.056,741.873,572,741.873,881.591,0.0,741.873,400448,735.963,259,735.971,741.065,7175711,2338,False,741.09,741.077,0.013,0.01351,0,1,13,25226,2626560,0.011999999999943611,0.7960000000000491,0.008000000000038199,reload-4-inventory
4,260,262.419,480.135,742.554,572,742.554,875.58,0.0,742.554,400448,735.967,260,735.977,741.147,7175711,2338,False,741.174,741.16,0.014,0.013961,0,1,18,33668,2626560,0.012999999999919964,1.3940000000000055,0.009999999999990905,reload-4-inventory
4,261,264.521,478.183,742.704,572,742.704,846.694,0.0,742.704,400448,735.972,261,735.984,741.193,7175561,2338,False,741.242,741.225,0.017,0.016855,0,1,18,33668,2626560,0.03200000000003911,1.4789999999999281,0.012000000000057298,reload-4-inventory
4,262,264.586,478.275,742.861,572,742.861,836.306,0.0,742.861,400448,735.976,262,735.99,741.252,7175711,2338,False,741.28,741.264,0.015,0.015603,0,1,18,33668,2626560,0.012000000000057298,1.59699999999998,0.014000000000010004,reload-4-inventory
4,263,264.906,478.684,743.59,572,743.59,838.805,0.0,743.59,400448,735.982,263,735.994,741.288,7175711,2338,False,741.322,741.301,0.02,0.020581,0,1,18,33668,2626560,0.013000000000033651,2.2889999999999873,0.012000000000057298,reload-4-inventory
4,264,265.842,477.516,743.358,572,743.358,863.965,0.0,743.358,400448,735.989,264,735.998,741.331,7175561,2338,False,741.372,741.355,0.017,0.017486,0,1,18,33668,2626560,0.02400000000000091,2.002999999999929,0.009000000000014552,reload-4-inventory
4,265,265.599,479.24,744.839,572,744.839,828.195,0.0,744.839,400448,735.993,265,736.004,741.383,7175711,2338,False,741.414,741.4,0.014,0.014622,0,1,18,33668,2626560,0.016999999999939064,3.439000000000078,0.010999999999967258,reload-4-inventory
4,266,264.565,477.375,741.94,572,741.94,907.977,0.0,741.94,400448,735.998,266,736.009,741.427,7175711,2338,False,741.455,741.44,0.015,0.015323,0,1,18,33668,2626560,0.013000000000033651,0.5,0.010999999999967258,reload-4-inventory
4,267,262.381,480.322,742.703,572,742.703,907.697,0.0,742.703,400448,736.003,267,736.011,741.465,7175711,2338,False,741.494,741.478,0.016,0.016104,0,1,18,33668,2626560,0.012999999999919964,1.2250000000000227,0.007999999999924512,reload-4-inventory
4,268,263.785,480.106,743.891,572,743.891,840.96,0.0,743.891,400448,736.008,268,736.016,741.505,7175561,2338,False,741.571,741.554,0.017,0.016725,0,1,22,42060,2626560,0.04899999999997817,2.336999999999989,0.007999999999924512,reload-4-inventory
4,269,264.9,479.051,743.951,572,743.951,882.084,0.0,743.951,400448,736.012,269,736.031,741.593,7175711,2338,False,741.626,741.609,0.016,0.016274,0,1,22,42060,2626560,0.016000000000076398,2.3419999999999845,0.019000000000005457,reload-4-inventory
4,270,263.204,480.286,743.49,572,743.49,881.314,0.0,743.49,400448,736.017,270,736.035,741.635,7175711,2338,False,741.667,741.651,0.016,0.015964,0,1,22,42060,2626560,0.01599999999996271,1.8390000000000555,0.017999999999915417,reload-4-inventory
4,271,264.14,479.852,743.992,572,743.992,848.874,0.0,743.992,400448,736.029,271,736.037,741.678,7175711,2338,False,741.712,741.694,0.018,0.017877,0,1,22,42060,2626560,0.01599999999996271,2.298000000000002,0.008000000000038199,reload-4-inventory
4,272,267.812,478.429,746.241,572,746.241,828.79,0.0,746.241,400448,736.034,272,736.043,741.797,7175561,2338,False,741.881,741.86,0.021,0.020841,0,1,22,42060,2626560,0.06299999999998818,4.380999999999972,0.009000000000014552,reload-4-inventory
4,273,266.821,478.554,745.375,572,745.375,834.5,0.0,745.375,400448,736.038,273,736.049,741.723,7175711,2338,False,741.755,741.738,0.017,0.017215,0,1,22,42060,2626560,0.015000000000100044,3.6369999999999436,0.010999999999967258,reload-4-inventory
4,274,268.035,478.598,746.633,572,746.633,834.021,0.0,746.633,400448,736.044,274,736.056,741.893,7175711,2338,False,741.94,741.921,0.019,0.018748,0,1,22,42060,2626560,0.02800000000002001,4.711999999999989,0.012000000000057298,reload-4-inventory
4,275,265.014,480.313,745.327,572,745.327,841.492,0.0,745.327,400448,736.049,275,736.058,741.963,7175561,2338,False,742.008,741.986,0.021,0.021161,0,1,27,50502,2626560,0.023000000000024556,3.341000000000008,0.009000000000014552,reload-4-inventory
4,276,268.33,480.096,748.426,572,748.426,841.539,0.0,748.426,400448,736.054,276,736.063,742.075,7175711,2338,False,742.117,742.093,0.024,0.024327,0,1,27,50502,2626560,0.017999999999915417,6.333000000000084,0.009000000000014552,reload-4-inventory
4,277,276.025,478.112,754.137,572,754.137,838.593,0.0,754.137,400448,736.058,277,736.068,742.264,7175711,2338,False,742.301,742.282,0.019,0.018688,0,1,27,50502,2626560,0.018000000000029104,11.854999999999905,0.009999999999990905,reload-4-inventory
4,278,269.025,478.086,747.111,572,747.111,844.976,0.0,747.111,400448,736.063,278,736.074,742.174,7175711,2338,False,742.209,742.191,0.018,0.018157,0,1,27,50502,2626560,0.01700000000005275,4.919999999999959,0.010999999999967258,reload-4-inventory
4,279,266.028,478.832,744.86,572,744.86,839.805,0.0,744.86,400448,736.068,279,736.079,742.129,7175561,2338,False,742.164,742.146,0.017,0.016946,0,1,27,50502,2626560,0.016999999999939064,2.7140000000000555,0.010999999999967258,reload-4-inventory
4,280,285.445,477.604,763.049,572,763.049,856.622,0.0,763.049,400448,736.073,280,736.087,742.311,7175711,2338,False,742.343,742.328,0.015,0.014822,0,1,27,50502,2626560,0.016999999999939064,20.721000000000004,0.014000000000010004,reload-4-inventory
4,281,291.567,478.742,770.309,572,770.309,863.065,0.0,770.309,400448,736.079,281,736.089,742.378,7175711,2338,False,742.427,742.408,0.019,0.019389,0,1,32,58944,2626560,0.029999999999972715,27.900999999999954,0.010000000000104592,reload-4-inventory
4,282,259.905,480.239,740.144,572,740.144,860.577,0.0,740.144,400448,736.084,282,736.096,740.046,7175561,2338,False,740.088,740.069,0.019,0.019139,0,1,4,8392,2626560,0.02299999999991087,0.07500000000004547,0.012000000000057298,reload-4-inventory
4,283,261.621,478.664,740.285,572,740.285,833.333,0.0,740.285,400448,736.088,283,736.097,740.101,7175711,2338,False,740.137,740.12,0.017,0.017045,0,1,4,8392,2626560,0.019000000000005457,0.16499999999996362,0.009000000000014552,reload-4-inventory
4,284,264.008,477.359,741.367,572,741.367,866.197,0.0,741.367,400448,736.093,284,736.103,740.415,7175711,2338,False,740.44,740.428,0.012,0.012298,0,1,9,16834,2626560,0.013000000000033651,0.9389999999999645,0.009999999999990905,reload-4-inventory
4,285,260.806,480.163,740.969,572,740.969,832.711,0.0,740.969,400448,736.098,285,736.109,740.347,7175711,2338,False,740.387,740.374,0.012,0.012429,0,1,4,8392,2626560,0.027000000000043656,0.5950000000000273,0.011000000000080945,reload-4-inventory
4,286,260.698,479.975,740.673,572,740.673,848.068,0.0,740.673,400448,736.103,286,736.114,740.314,7175561,2338,False,740.34,740.324,0.015,0.015633,0,1,4,8392,2626560,0.009999999999990905,0.3490000000000464,0.011000000000080945,reload-4-inventory
4,287,261.586,479.375,740.961,572,740.961,882.896,0.0,740.961,400448,736.109,287,736.121,740.463,7175711,2338,False,740.487,740.473,0.014,0.014171,0,1,9,16834,2626560,0.009999999999990905,0.4880000000000564,0.011999999999943611,reload-4-inventory
4,288,262.165,478.879,741.044,572,741.044,844.742,0.0,741.044,400448,736.114,288,736.127,740.524,7175711,2338,False,740.548,740.534,0.014,0.013801,0,1,9,16834,2626560,0.009999999999990905,0.5099999999999909,0.012999999999919964,reload-4-inventory
4,289,261.692,479.61,741.302,572,741.302,827.935,0.0,741.302,400448,736.122,289,736.132,740.494,7175711,2338,False,740.517,740.505,0.011,0.011488,0,1,9,16834,2626560,0.010999999999967258,0.7970000000000255,0.009999999999990905,reload-4-inventory
4,290,260.929,479.484,740.413,572,740.413,836.938,0.0,740.413,400448,736.127,290,736.137,740.277,7175561,2338,False,740.303,740.29,0.012,0.011968,0,1,4,8392,2626560,0.012999999999919964,0.1230000000000473,0.009999999999990905,reload-4-inventory
4,291,263.054,477.58,740.634,572,740.634,838.819,0.0,740.634,400448,736.132,291,736.143,740.247,7175711,2338,False,740.269,740.256,0.013,0.01309,0,1,4,8392,2626560,0.009000000000014552,0.37800000000004275,0.011000000000080945,reload-4-inventory
4,292,260.48,479.765,740.245,572,740.245,842.338,0.0,740.245,400448,736.138,292,736.149,740.2,7175711,2338,False,740.23,740.214,0.015,0.015183,0,1,4,8392,2626560,0.014000000000010004,0.03099999999994907,0.010999999999967258,reload-4-inventory
4,293,259.891,480.356,740.247,572,740.247,830.948,0.0,740.247,400448,736.144,293,736.156,740.15,7175561,2338,False,740.182,740.163,0.019,0.019309,0,1,4,8392,2626560,0.013000000000033651,0.08399999999994634,0.011999999999943611,reload-4-inventory
4,294,263.127,478.348,741.475,572,741.475,828.114,0.0,741.475,400448,736.149,294,736.162,740.556,7175711,2338,False,740.582,740.57,0.011,0.011307,0,1,9,16834,2626560,0.014000000000010004,0.9049999999999727,0.013000000000033651,reload-4-inventory
4,295,261.692,479.6,741.292,572,741.292,838.813,0.0,741.292,400448,736.155,295,736.166,740.589,7175711,2338,False,740.613,740.599,0.013,0.01338,0,1,9,16834,2626560,0.009999999999990905,0.6929999999999836,0.011000000000080945,reload-4-inventory
4,296,262.772,478.842,741.614,572,741.614,869.54,0.0,741.614,400448,736.161,296,736.171,740.7,7175711,2338,False,740.723,740.711,0.011,0.011477,0,1,9,16834,2626560,0.010999999999967258,0.90300000000002,0.010000000000104592,reload-4-inventory
4,297,262.092,479.445,741.537,572,741.537,855.564,0.0,741.537,400448,736.166,297,736.176,740.669,7175561,2338,False,740.692,740.678,0.014,0.013901,0,1,9,16834,2626560,0.009000000000014552,0.8590000000000373,0.009999999999990905,reload-4-inventory
4,298,261.203,479.89,741.093,572,741.093,833.084,0.0,741.093,400448,736.171,298,736.182,740.622,7175711,2338,False,740.661,740.649,0.012,0.012169,0,1,9,16834,2626560,0.027000000000043656,0.44399999999996,0.010999999999967258,reload-4-inventory
4,299,262.02,479.091,741.111,572,741.111,857.474,0.0,741.111,400448,736.177,299,736.19,740.732,7175711,2338,False,740.761,740.746,0.015,0.015112,0,1,13,25226,2626560,0.014000000000010004,0.3650000000000091,0.013000000000033651,reload-4-inventory
4,300,263.795,477.74,741.535,572,741.535,838.865,0.0,741.535,400448,736.182,300,736.199,740.808,7175561,2338,False,740.833,740.819,0.013,0.01363,0,1,13,25226,2626560,0.010999999999967258,0.7160000000000082,0.016999999999939064,reload-4-inventory
4,301,261.711,479.93,741.641,572,741.641,833.113,0.0,741.641,400448,736.188,301,736.207,740.77,7175711,2338,False,740.799,740.784,0.015,0.014832,0,1,13,25226,2626560,0.014000000000010004,0.8569999999999709,0.019000000000005457,reload-4-inventory
4,302,263.489,479.285,742.774,572,742.774,872.483,0.0,742.774,400448,736.201,302,736.213,740.865,7175711,2338,False,740.882,740.873,0.009,0.008893,0,1,13,25226,2626560,0.008000000000038199,1.9009999999999536,0.011999999999943611,reload-4-inventory
4,303,261.943,480.335,742.278,572,742.278,869.996,0.0,742.278,400448,736.206,303,736.217,740.839,7175711,2338,False,740.858,740.848,0.009,0.009785,0,1,13,25226,2626560,0.008999999999900865,1.4300000000000637,0.010999999999967258,reload-4-inventory
4,304,264.937,478.492,743.429,572,743.429,881.946,0.0,743.429,400448,736.212,304,736.22,740.888,7175561,2338,False,740.919,740.904,0.014,0.014662,0,1,13,25226,2626560,0.01599999999996271,2.5249999999999773,0.008000000000038199,reload-4-inventory
4,305,266.099,478.561,744.66,572,744.66,866.508,0.0,744.66,400448,736.216,305,736.228,740.925,7175711,2338,False,740.947,740.936,0.011,0.010866,0,1,13,25226,2626560,0.011000000000080945,3.7239999999999327,0.011999999999943611,reload-4-inventory
4,306,264.081,478.924,743.005,572,743.005,848.569,0.0,743.005,400448,736.221,306,736.236,741.085,7175711,2338,False,741.127,741.112,0.015,0.015062,0,1,13,25226,2626560,0.02699999999992997,1.893000000000029,0.014999999999986358,reload-4-inventory
4,307,264.787,478.165,742.952,572,742.952,865.786,0.0,742.952,400448,736.226,307,736.243,741.029,7175561,2338,False,741.055,741.041,0.013,0.013501,0,1,13,25226,2626560,0.012000000000057298,1.9109999999999445,0.01700000000005275,reload-4-inventory
4,308,263.705,478.48,742.185,572,742.185,863.792,0.0,742.185,400448,736.236,308,736.248,740.955,7175711,2338,False,740.982,740.967,0.014,0.013961,0,1,13,25226,2626560,0.011999999999943611,1.217999999999961,0.012000000000057298,reload-4-inventory
4,309,262.025,479.819,741.844,572,741.844,868.129,0.0,741.844,400448,736.242,309,736.254,741.137,7175711,2338,False,741.182,741.167,0.015,0.014732,0,1,18,33668,2626560,0.030000000000086402,0.6770000000000209,0.012000000000057298,reload-4-inventory
4,310,265.52,477.499,743.019,572,743.019,871.165,0.0,743.019,400448,736.248,310,736.258,741.199,7175711,2338,False,741.245,741.23,0.014,0.014241,0,1,18,33668,2626560,0.031000000000062755,1.7889999999999873,0.009999999999990905,reload-4-inventory
4,311,264.356,479.42,743.776,572,743.776,868.86,0.0,743.776,400448,736.253,311,736.262,741.254,7175561,2338,False,741.28,741.266,0.013,0.0137,0,1,18,33668,2626560,0.011999999999943611,2.509999999999991,0.008999999999900865,reload-4-inventory
4,312,265.899,478.079,743.978,572,743.978,865.772,0.0,743.978,400448,736.258,312,736.274,741.355,7175711,2338,False,741.389,741.372,0.016,0.016414,0,1,18,33668,2626560,0.016999999999939064,2.6059999999999945,0.01599999999996271,reload-4-inventory
4,313,263.148,479.707,742.855,572,742.855,874.299,0.0,742.855,400448,736.262,313,736.278,741.298,7175711,2338,False,741.344,741.327,0.016,0.016074,0,1,18,33668,2626560,0.028999999999996362,1.52800000000002,0.016000000000076398,reload-4-inventory
4,314,265.967,480.085,746.052,572,746.052,838.039,0.0,746.052,400448,736.273,314,736.281,741.398,7175711,2338,False,741.426,741.41,0.016,0.015733,0,1,18,33668,2626560,0.011999999999943611,4.642000000000053,0.007999999999924512,reload-4-inventory
4,315,262.496,480.053,742.549,572,742.549,864.302,0.0,742.549,400448,736.277,315,736.287,741.446,7175561,2338,False,741.479,741.462,0.016,0.016154,0,1,18,33668,2626560,0.01599999999996271,1.086999999999989,0.009999999999990905,reload-4-inventory
4,316,264.409,479.027,743.436,572,743.436,879.227,0.0,743.436,400448,736.282,316,736.291,741.488,7175711,2338,False,741.515,741.501,0.014,0.014521,0,1,18,33668,2626560,0.012999999999919964,1.9350000000000591,0.009000000000014552,reload-4-inventory
4,317,266.343,477.436,743.779,572,743.779,826.242,0.0,743.779,400448,736.286,317,736.296,741.649,7175711,2338,False,741.687,741.668,0.018,0.018428,0,1,22,42060,2626560,0.019000000000005457,2.11099999999999,0.010000000000104592,reload-4-inventory
4,318,266.094,478.638,744.732,572,744.732,866.143,0.0,744.732,400448,736.29,318,736.303,741.525,7175561,2338,False,741.584,741.567,0.017,0.016845,0,1,22,42060,2626560,0.04200000000003001,3.1649999999999636,0.013000000000033651,reload-4-inventory
4,319,265.617,478.588,744.205,572,744.205,866.243,0.0,744.205,400448,736.295,319,736.304,741.594,7175711,2338,False,741.639,741.618,0.021,0.021422,0,1,22,42060,2626560,0.02400000000000091,2.586999999999989,0.009000000000014552,reload-4-inventory
4,320,265.362,479.341,744.703,572,744.703,851.272,0.0,744.703,400448,736.301,320,736.311,741.697,7175711,2338,False,741.735,741.721,0.014,0.014662,0,1,22,42060,2626560,0.02400000000000091,2.981999999999971,0.009999999999990905,reload-4-inventory
4,321,265.421,477.698,743.119,572,743.119,871.746,0.0,743.119,400448,736.305,321,736.315,741.745,7175711,2338,False,741.779,741.76,0.018,0.018358,0,1,22,42060,2626560,0.014999999999986358,1.3590000000000373,0.010000000000104592,reload-4-inventory
4,322,265.767,478.468,744.235,572,744.235,832.544,0.0,744.235,400448,736.311,322,736.32,741.789,7175561,2338,False,741.817,741.804,0.012,0.012469,0,1,22,42060,2626560,0.014999999999986358,2.43100000000004,0.009000000000014552,reload-4-inventory
4,323,267.218,478.524,745.742,572,745.742,833.183,0.0,745.742,400448,736.316,323,736.325,741.825,7175711,2338,False,741.855,741.838,0.017,0.016755,0,1,22,42060,2626560,0.012999999999919964,3.9039999999999964,0.009000000000014552,reload-4-inventory
4,324,268.035,477.737,745.772,572,745.772,851.35,0.0,745.772,400448,736.32,324,736.329,741.881,7175711,2338,False,741.922,741.897,0.024,0.024467,0,1,22,42060,2626560,0.016000000000076398,3.875,0.008999999999900865,reload-4-inventory
4,325,261.627,478.579,740.206,572,740.206,860.991,0.0,740.206,400448,736.325,325,736.342,740.099,7175561,2338,False,740.128,740.111,0.016,0.016414,0,1,4,8392,2626560,0.011999999999943611,0.09500000000002728,0.016999999999939064,reload-4-inventory
4,326,261.377,478.982,740.359,572,740.359,860.748,0.0,740.359,400448,736.331,326,736.351,740.136,7175711,2338,False,740.16,740.146,0.014,0.013921,0,1,4,8392,2626560,0.009999999999990905,0.21300000000007913,0.01999999999998181,reload-4-inventory
4,327,260.053,480.247,740.3,572,740.3,857.293,0.0,740.3,400448,736.341,327,736.355,740.167,7175711,2338,False,740.187,740.176,0.011,0.011147,0,1,4,8392,2626560,0.009000000000014552,0.12399999999990996,0.014000000000010004,reload-4-inventory
4,328,262.181,478.269,740.45,572,740.45,848.13,0.0,740.45,400448,736.35,328,736.36,740.205,7175711,2338,False,740.24,740.227,0.012,0.012269,0,1,4,8392,2626560,0.021999999999934516,0.22300000000007003,0.009999999999990905,reload-4-inventory
4,329,260.609,480.062,740.671,572,740.671,849.127,0.0,740.671,400448,736.355,329,736.368,740.248,7175561,2338,False,740.271,740.258,0.012,0.012569,0,1,4,8392,2626560,0.009999999999990905,0.4130000000000109,0.013000000000033651,reload-4-inventory
4,330,262.312,478.168,740.48,572,740.48,855.521,0.0,740.48,400448,736.362,330,736.374,740.279,7175711,2338,False,740.309,740.295,0.013,0.01323,0,1,4,8392,2626560,0.01599999999996271,0.18500000000005912,0.012000000000057298,reload-4-inventory
4,331,260.892,480.328,741.22,572,741.22,882.309,0.0,741.22,400448,736.367,331,736.378,740.396,7175711,2338,False,740.424,740.41,0.014,0.014162,0,1,9,16834,2626560,0.014000000000010004,0.8100000000000591,0.011000000000080945,reload-4-inventory
4,332,260.932,479.702,740.634,572,740.634,849.613,0.0,740.634,400448,736.372,332,736.381,740.317,7175561,2338,False,740.338,740.326,0.011,0.011527,0,1,4,8392,2626560,0.009000000000014552,0.3079999999999927,0.009000000000014552,reload-4-inventory
4,333,263.631,477.543,741.174,572,741.174,876.552,0.0,741.174,400448,736.377,333,736.385,740.432,7175711,2338,False,740.466,740.454,0.012,0.011987,0,1,9,16834,2626560,0.021999999999934516,0.7200000000000273,0.008000000000038199,reload-4-inventory
4,334,262.883,478.208,741.091,572,741.091,869.876,0.0,741.091,400448,736.38,334,736.39,740.475,7175711,2338,False,740.5,740.487,0.012,0.012759,0,1,9,16834,2626560,0.011999999999943611,0.6040000000000418,0.009999999999990905,reload-4-inventory
4,335,263.14,478.317,741.457,572,741.457,854.404,0.0,741.457,400448,736.384,335,736.394,740.509,7175711,2338,False,740.537,740.526,0.01,0.010646,0,1,9,16834,2626560,0.016999999999939064,0.93100000000004,0.009999999999990905,reload-4-inventory
4,336,263.666,477.73,741.396,572,741.396,869.06,0.0,741.396,400448,736.389,336,736.397,740.551,7175561,2338,False,740.575,740.561,0.014,0.013951,0,1,9,16834,2626560,0.009999999999990905,0.8349999999999227,0.008000000000038199,reload-4-inventory
4,337,263.361,477.861,741.222,572,741.222,841.742,0.0,741.222,400448,736.393,337,736.403,740.586,7175711,2338,False,740.607,740.596,0.01,0.010596,0,1,9,16834,2626560,0.009999999999990905,0.6259999999999764,0.009999999999990905,reload-4-inventory
4,338,262.091,478.851,740.942,572,740.942,870.606,0.0,740.942,400448,736.398,338,736.409,740.614,7175711,2338,False,740.64,740.626,0.013,0.01359,0,1,9,16834,2626560,0.011999999999943611,0.3160000000000309,0.010999999999967258,reload-4-inventory
4,339,261.869,479.514,741.383,572,741.383,876.484,0.0,741.383,400448,736.403,339,736.414,740.648,7175711,2338,False,740.678,740.666,0.012,0.012068,0,1,9,16834,2626560,0.018000000000029104,0.7169999999999845,0.010999999999967258,reload-4-inventory
4,340,262.091,479.456,741.547,572,741.547,863.829,0.0,741.547,400448,736.408,340,736.416,740.687,7175561,2338,False,740.711,740.697,0.014,0.014011,0,1,9,16834,2626560,0.009999999999990905,0.8500000000000227,0.008000000000038199,reload-4-inventory
4,341,261.246,479.789,741.035,572,741.035,891.834,0.0,741.035,400448,736.413,341,736.423,740.726,7175711,2338,False,740.747,740.736,0.011,0.010896,0,1,9,16834,2626560,0.009999999999990905,0.29899999999997817,0.009999999999990905,reload-4-inventory
4,342,262.676,478.973,741.649,572,741.649,843.864,0.0,741.649,400448,736.417,342,736.428,740.755,7175711,2338,False,740.784,740.771,0.013,0.012989,0,1,13,25226,2626560,0.01599999999996271,0.8780000000000427,0.010999999999967258,reload-4-inventory
4,343,263.622,478.059,741.681,572,741.681,841.47,0.0,741.681,400448,736.421,343,736.431,740.797,7175561,2338,False,740.822,740.808,0.013,0.01325,0,1,13,25226,2626560,0.010999999999967258,0.8730000000000473,0.009999999999990905,reload-4-inventory
4,344,264.563,477.6,742.163,572,742.163,853.738,0.0,742.163,400448,736.427,344,736.436,740.833,7175711,2338,False,740.859,740.846,0.013,0.012869,0,1,13,25226,2626560,0.013000000000033651,1.3170000000000073,0.009000000000014552,reload-4-inventory
4,345,264.879,477.425,742.304,572,742.304,841.469,0.0,742.304,400448,736.432,345,736.442,740.969,7175711,2338,False,740.995,740.981,0.014,0.013891,0,1,13,25226,2626560,0.011999999999943611,1.322999999999979,0.009999999999990905,reload-4-inventory
4,346,264.412,479.781,744.193,572,744.193,883.985,0.0,744.193,400448,736.436,346,736.447,740.932,7175711,2338,False,740.961,740.945,0.015,0.015253,0,1,13,25226,2626560,0.013000000000033651,3.2479999999999336,0.010999999999967258,reload-4-inventory
4,347,265.68,477.446,743.126,572,743.126,854.592,0.0,743.126,400448,736.441,347,736.452,740.871,7175561,2338,False,740.909,740.896,0.012,0.012148,0,1,13,25226,2626560,0.024999999999977263,2.230000000000018,0.010999999999967258,reload-4-inventory
4,348,264.332,478.011,742.343,572,742.343,889.159,0.0,742.343,400448,736.446,348,736.458,741.007,7175711,2338,False,741.037,741.02,0.016,0.016705,0,1,13,25226,2626560,0.013000000000033651,1.322999999999979,0.011999999999943611,reload-4-inventory
4,349,262.714,479.734,742.448,572,742.448,831.948,0.0,742.448,400448,736.451,349,736.463,741.096,7175711,2338,False,741.122,741.108,0.014,0.013871,0,1,13,25226,2626560,0.011999999999943611,1.3400000000000318,0.011999999999943611,reload-4-inventory
4,350,264.57,478.799,743.369,572,743.369,837.632,0.0,743.369,400448,736.456,350,736.468,741.045,7175561,2338,False,741.087,741.074,0.012,0.012478,0,1,13,25226,2626560,0.028999999999996362,2.2950000000000728,0.011999999999943611,reload-4-inventory
4,351,264.661,477.741,742.402,572,742.402,834.62,0.0,742.402,400448,736.464,351,736.477,741.134,7175711,2338,False,741.172,741.156,0.015,0.015614,0,1,18,33668,2626560,0.021999999999934516,1.2460000000000946,0.012999999999919964,reload-4-inventory
4,352,262.241,480.311,742.552,572,742.552,837.525,0.0,742.552,400448,736.469,352,736.48,741.193,7175711,2338,False,741.22,741.206,0.014,0.014512,0,1,18,33668,2626560,0.013000000000033651,1.3460000000000036,0.010999999999967258,reload-4-inventory
4,353,264.781,478.289,743.07,572,743.07,881.625,0.0,743.07,400448,736.475,353,736.484,741.266,7175711,2338,False,741.295,741.28,0.014,0.013951,0,1,18,33668,2626560,0.014000000000010004,1.7900000000000773,0.009000000000014552,reload-4-inventory
4,354,265.591,478.226,743.817,572,743.817,877.705,0.0,743.817,400448,736.479,354,736.489,741.353,7175561,2338,False,741.382,741.366,0.015,0.015193,0,1,18,33668,2626560,0.013000000000033651,2.451000000000022,0.009999999999990905,reload-4-inventory
4,355,262.721,480.022,742.743,572,742.743,861.385,0.0,742.743,400448,736.484,355,736.497,741.309,7175711,2338,False,741.343,741.328,0.015,0.015503,0,1,18,33668,2626560,0.019000000000005457,1.4150000000000773,0.012999999999919964,reload-4-inventory
4,356,265.188,480.103,745.291,572,745.291,850.387,0.0,745.291,400448,736.49,356,736.503,741.391,7175711,2338,False,741.419,741.405,0.014,0.014102,0,1,18,33668,2626560,0.014000000000010004,3.886000000000081,0.013000000000033651,reload-4-inventory
4,357,263.832,478.414,742.246,572,742.246,885.371,0.0,742.246,400448,736.495,357,736.506,741.43,7175711,2338,False,741.461,741.444,0.016,0.016014,0,1,18,33668,2626560,0.014000000000010004,0.8020000000000209,0.010999999999967258,reload-4-inventory
4,358,264.426,478.553,742.979,572,742.979,880.193,0.0,742.979,400448,736.501,358,736.51,741.47,7175561,2338,False,741.499,741.483,0.015,0.015163,0,1,18,33668,2626560,0.012999999999919964,1.4960000000000946,0.009000000000014552,reload-4-inventory
4,359,266.303,477.874,744.177,572,744.177,845.649,0.0,744.177,400448,736.506,359,736.516,741.509,7175711,2338,False,741.571,741.55,0.021,0.021021,0,1,22,42060,2626560,0.04099999999993997,2.6270000000000664,0.009999999999990905,reload-4-inventory
4,360,266.145,477.61,743.755,572,743.755,841.666,0.0,743.755,400448,736.51,360,736.522,741.587,7175711,2338,False,741.625,741.605,0.019,0.019509,0,1,22,42060,2626560,0.018000000000029104,2.1499999999999773,0.012000000000057298,reload-4-inventory
4,361,264.78,479.809,744.589,572,744.589,834.194,0.0,744.589,400448,736.515,361,736.526,741.636,7175561,2338,False,741.667,741.652,0.015,0.014763,0,1,22,42060,2626560,0.016000000000076398,2.937000000000012,0.010999999999967258,reload-4-inventory
4,362,261.766,478.61,740.376,572,740.376,861.908,0.0,740.376,400448,736.521,362,736.537,740.148,7175711,2338,False,740.169,740.157,0.012,0.011908,0,1,4,8392,2626560,0.009000000000014552,0.21899999999993724,0.016000000000076398,reload-4-inventory
4,363,260.44,479.844,740.284,572,740.284,864.933,0.0,740.284,400448,736.525,363,736.54,740.177,7175711,2338,False,740.195,740.185,0.01,0.010265,0,1,4,8392,2626560,0.007999999999924512,0.09900000000004638,0.014999999999986358,reload-4-inventory
4,364,262.093,478.229,740.322,572,740.322,854.347,0.0,740.322,400448,736.535,364,736.544,740.203,7175711,2338,False,740.225,740.214,0.011,0.011067,0,1,4,8392,2626560,0.011000000000080945,0.10799999999994725,0.009000000000014552,reload-4-inventory
4,365,261.946,478.614,740.56,572,740.56,838.108,0.0,740.56,400448,736.539,365,736.55,740.232,7175561,2338,False,740.254,740.241,0.012,0.012729,0,1,4,8392,2626560,0.009000000000014552,0.31899999999996,0.010999999999967258,reload-4-inventory
4,366,260.806,479.976,740.782,572,740.782,845.018,0.0,740.782,400448,736.544,366,736.556,740.266,7175711,2338,False,740.285,740.274,0.01,0.010706,0,1,4,8392,2626560,0.008000000000038199,0.5080000000000382,0.012000000000057298,reload-4-inventory
4,367,261.338,479.22,740.558,572,740.558,888.38,0.0,740.558,400448,736.549,367,736.558,740.292,7175711,2338,False,740.312,740.302,0.01,0.010126,0,1,4,8392,2626560,0.009999999999990905,0.2559999999999718,0.009000000000014552,reload-4-inventory
4,368,262.069,478.716,740.785,572,740.785,850.116,0.0,740.785,400448,736.555,368,736.568,740.328,7175561,2338,False,740.35,740.337,0.012,0.012228,0,1,4,8392,2626560,0.009000000000014552,0.4479999999999791,0.013000000000033651,reload-4-inventory
4,369,261.126,480.023,741.149,572,741.149,848.584,0.0,741.149,400448,736.559,369,736.574,740.38,7175711,2338,False,740.421,740.406,0.015,0.015112,0,1,9,16834,2626560,0.025999999999953616,0.7430000000000518,0.014999999999986358,reload-4-inventory
4,370,262.433,478.67,741.103,572,741.103,852.136,0.0,741.103,400448,736.569,370,736.58,740.429,7175711,2338,False,740.449,740.439,0.01,0.010196,0,1,9,16834,2626560,0.009999999999990905,0.6639999999999873,0.011000000000080945,reload-4-inventory
4,371,262.737,478.644,741.381,572,741.381,856.788,0.0,741.381,400448,736.575,371,736.585,740.498,7175711,2338,False,740.52,740.508,0.011,0.011787,0,1,9,16834,2626560,0.009999999999990905,0.8729999999999336,0.009999999999990905,reload-4-inventory
4,372,261.155,480.288,741.443,572,741.443,840.598,0.0,741.443,400448,736.58,372,736.59,740.456,7175561,2338,False,740.482,740.469,0.012,0.012759,0,1,9,16834,2626560,0.013000000000033651,0.9739999999999327,0.009999999999990905,reload-4-inventory
4,373,263.072,478.038,741.11,572,741.11,888.699,0.0,741.11,400448,736.585,373,736.597,740.528,7175711,2338,False,740.558,740.542,0.015,0.015103,0,1,9,16834,2626560,0.014000000000010004,0.5679999999999836,0.011999999999943611,reload-4-inventory
4,374,261.004,480.078,741.082,572,741.082,845.185,0.0,741.082,400448,736.59,374,736.6,740.573,7175711,2338,False,740.595,740.583,0.011,0.011307,0,1,9,16834,2626560,0.009999999999990905,0.49900000000002365,0.009999999999990905,reload-4-inventory
4,375,263.356,478.092,741.448,572,741.448,863.957,0.0,741.448,400448,736.595,375,736.604,740.603,7175561,2338,False,740.635,740.62,0.015,0.014992,0,1,9,16834,2626560,0.01700000000005275,0.8279999999999745,0.009000000000014552,reload-4-inventory
4,376,261.636,480.125,741.761,572,741.761,837.605,0.0,741.761,400448,736.6,376,736.61,740.71,7175711,2338,False,740.733,740.72,0.013,0.01295,0,1,9,16834,2626560,0.009999999999990905,1.04099999999994,0.009999999999990905,reload-4-inventory
4,377,261.689,479.545,741.234,572,741.234,866.479,0.0,741.234,400448,736.604,377,736.615,740.642,7175711,2338,False,740.664,740.651,0.012,0.012469,0,1,9,16834,2626560,0.008999999999900865,0.5830000000000837,0.010999999999967258,reload-4-inventory
4,378,262.416,478.918,741.334,572,741.334,837.761,0.0,741.334,400448,736.609,378,736.622,740.741,7175711,2338,False,740.768,740.756,0.011,0.011407,0,1,13,25226,2626560,0.014999999999986358,0.5779999999999745,0.012999999999919964,reload-4-inventory
4,379,262.496,479.262,741.758,572,741.758,870.865,0.0,741.758,400448,736.614,379,736.625,740.778,7175561,2338,False,740.803,740.79,0.013,0.01332,0,1,13,25226,2626560,0.011999999999943611,0.9680000000000746,0.010999999999967258,reload-4-inventory
4,380,261.532,480.157,741.689,572,741.689,836.838,0.0,741.689,400448,736.619,380,736.63,740.811,7175711,2338,False,740.845,740.832,0.013,0.01287,0,1,13,25226,2626560,0.020999999999958163,0.8569999999999709,0.010999999999967258,reload-4-inventory
4,381,263.225,479.534,742.759,572,742.759,849.059,0.0,742.759,400448,736.624,381,736.636,741.017,7175711,2338,False,741.053,741.039,0.014,0.013961,0,1,13,25226,2626560,0.021999999999934516,1.7200000000000273,0.011999999999943611,reload-4-inventory
4,382,262.625,479.233,741.858,572,741.858,844.737,0.0,741.858,400448,736.63,382,736.641,740.982,7175711,2338,False,741.008,740.994,0.014,0.014191,0,1,13,25226,2626560,0.012000000000057298,0.863999999999919,0.010999999999967258,reload-4-inventory
4,383,266.745,479.264,746.009,572,746.009,902.035,0.0,746.009,400448,736.636,383,736.647,740.943,7175561,2338,False,740.971,740.957,0.014,0.013821,0,1,13,25226,2626560,0.014000000000010004,5.052000000000021,0.011000000000080945,reload-4-inventory
4,384,261.819,480.034,741.853,572,741.853,900.313,0.0,741.853,400448,736.642,384,736.652,740.886,7175711,2338,False,740.932,740.92,0.012,0.011858,0,1,13,25226,2626560,0.033999999999991815,0.9329999999999927,0.009999999999990905,reload-4-inventory
4,385,264.708,477.882,742.59,572,742.59,844.825,0.0,742.59,400448,736.647,385,736.657,740.854,7175711,2338,False,740.879,740.865,0.013,0.012939,0,1,13,25226,2626560,0.010999999999967258,1.7250000000000227,0.009999999999990905,reload-4-inventory
4,386,262.478,479.592,742.07,572,742.07,881.42,0.0,742.07,400448,736.652,386,736.665,741.075,7175561,2338,False,741.098,741.086,0.012,0.012248,0,1,13,25226,2626560,0.010999999999967258,0.9840000000000373,0.012999999999919964,reload-4-inventory
4,387,264.454,477.57,742.024,572,742.024,834.422,0.0,742.024,400448,736.658,387,736.668,741.122,7175711,2338,False,741.149,741.134,0.015,0.014882,0,1,18,33668,2626560,0.012000000000057298,0.8899999999999864,0.009999999999990905,reload-4-inventory
4,388,261.77,480.246,742.016,572,742.016,866.044,0.0,742.016,400448,736.663,388,736.672,741.167,7175711,2338,False,741.194,741.179,0.015,0.015293,0,1,18,33668,2626560,0.011999999999943611,0.8369999999999891,0.009000000000014552,reload-4-inventory
4,389,265.718,478.965,744.683,572,744.683,864.158,0.0,744.683,400448,736.668,389,736.677,741.373,7175711,2338,False,741.406,741.391,0.014,0.014281,0,1,18,33668,2626560,0.017999999999915417,3.29200000000003,0.009000000000014552,reload-4-inventory
4,390,265.528,477.676,743.204,572,743.204,852.837,0.0,743.204,400448,736.672,390,736.683,741.33,7175561,2338,False,741.362,741.348,0.014,0.014581,0,1,18,33668,2626560,0.017999999999915417,1.8559999999999945,0.010999999999967258,reload-4-inventory
4,391,264.356,478.872,743.228,572,743.228,868.571,0.0,743.228,400448,736.677,391,736.688,741.247,7175711,2338,False,741.307,741.293,0.014,0.013761,0,1,18,33668,2626560,0.04600000000004911,1.9349999999999454,0.010999999999967258,reload-4-inventory
4,392,264.472,477.379,741.851,572,741.851,852.619,0.0,741.851,400448,736.683,392,736.696,741.415,7175711,2338,False,741.444,741.427,0.016,0.015814,0,1,18,33668,2626560,0.012000000000057298,0.42399999999997817,0.013000000000033651,reload-4-inventory
4,393,265.549,477.586,743.135,572,743.135,848.354,0.0,743.135,400448,736.688,393,736.698,741.462,7175561,2338,False,741.503,741.485,0.018,0.018427,0,1,18,33668,2626560,0.023000000000024556,1.6499999999999773,0.009999999999990905,reload-4-inventory
4,394,266.244,478.297,744.541,572,744.541,844.058,0.0,744.541,400448,736.693,394,736.703,741.514,7175711,2338,False,741.578,741.557,0.02,0.020661,0,1,22,42060,2626560,0.043000000000006366,2.9840000000000373,0.009999999999990905,reload-4-inventory
4,395,260.662,480.049,740.711,572,740.711,904.87,0.0,740.711,400448,736.698,395,736.708,740.322,7175711,2338,False,740.346,740.334,0.012,0.012318,0,1,4,8392,2626560,0.011999999999943611,0.3770000000000664,0.009999999999990905,reload-4-inventory
4,396,263.09,477.429,740.519,572,740.519,891.115,0.0,740.519,400448,736.703,396,736.714,740.291,7175711,2338,False,740.312,740.3,0.011,0.011157,0,1,4,8392,2626560,0.008999999999900865,0.21900000000005093,0.011000000000080945,reload-4-inventory
4,397,260.737,480.007,740.744,572,740.744,869.493,0.0,740.744,400448,736.709,397,736.719,740.259,7175561,2338,False,740.282,740.268,0.013,0.01352,0,1,4,8392,2626560,0.009000000000014552,0.4759999999999991,0.010000000000104592,reload-4-inventory
4,398,262.647,477.758,740.405,572,740.405,893.329,0.0,740.405,400448,736.714,398,736.727,740.358,7175711,2338,False,740.379,740.367,0.012,0.012028,0,1,4,8392,2626560,0.009000000000014552,0.038000000000010914,0.012999999999919964,reload-4-inventory
4,399,263.23,477.803,741.033,572,741.033,873.306,0.0,741.033,400448,736.719,399,736.73,740.409,7175711,2338,False,740.445,740.429,0.015,0.015153,0,1,9,16834,2626560,0.01999999999998181,0.6040000000000418,0.010999999999967258,reload-4-inventory
4,400,262.895,478.421,741.316,572,741.316,897.538,0.0,741.316,400448,736.725,400,736.734,740.452,7175711,2338,False,740.474,740.462,0.011,0.011357,0,1,9,16834,2626560,0.009999999999990905,0.8540000000000418,0.009000000000014552,reload-4-inventory
4,401,261.02,480.142,741.162,572,741.162,886.835,0.0,741.162,400448,736.729,401,736.74,740.482,7175561,2338,False,740.507,740.492,0.015,0.014903,0,1,9,16834,2626560,0.009999999999990905,0.6700000000000728,0.010999999999967258,reload-4-inventory
4,402,262.665,478.283,740.948,572,740.948,891.325,0.0,740.948,400448,736.734,402,736.745,740.519,7175711,2338,False,740.542,740.529,0.012,0.012659,0,1,9,16834,2626560,0.009999999999990905,0.4189999999999827,0.010999999999967258,reload-4-inventory
4,403,262.3,478.852,741.152,572,741.152,915.56,0.0,741.152,400448,736.739,403,736.752,740.582,7175711,2338,False,740.605,740.594,0.011,0.011086,0,1,9,16834,2626560,0.012000000000057298,0.5579999999999927,0.012999999999919964,reload-4-inventory
4,404,262.825,478.646,741.471,572,741.471,869.35,0.0,741.471,400448,736.744,404,736.753,740.613,7175561,2338,False,740.637,740.622,0.014,0.013931,0,1,9,16834,2626560,0.008999999999900865,0.8490000000000464,0.009000000000014552,reload-4-inventory
4,405,263.891,477.68,741.571,572,741.571,849.352,0.0,741.571,400448,736.75,405,736.764,740.806,7175711,2338,False,740.834,740.818,0.015,0.015743,0,1,13,25226,2626560,0.011999999999943611,0.7530000000000427,0.014000000000010004,reload-4-inventory
4,406,262.637,478.889,741.526,572,741.526,852.016,0.0,741.526,400448,736.754,406,736.77,740.773,7175711,2338,False,740.798,740.786,0.012,0.012339,0,1,13,25226,2626560,0.012999999999919964,0.7400000000000091,0.01599999999996271,reload-4-inventory
4,407,261.107,480.114,741.221,572,741.221,854.733,0.0,741.221,400448,736.763,407,736.775,740.736,7175711,2338,False,740.764,740.75,0.014,0.014262,0,1,13,25226,2626560,0.014000000000010004,0.47100000000000364,0.011999999999943611,reload-4-inventory
4,408,263.955,477.737,741.692,572,741.692,857.445,0.0,741.692,400448,736.769,408,736.781,740.697,7175561,2338,False,740.726,740.712,0.014,0.014021,0,1,9,16834,2626560,0.014999999999986358,0.9800000000000182,0.011999999999943611,reload-4-inventory
4,409,261.594,479.71,741.304,572,741.304,860.031,0.0,741.304,400448,736.775,409,736.787,740.652,7175711,2338,False,740.673,740.661,0.011,0.011167,0,1,9,16834,2626560,0.008999999999900865,0.6430000000000291,0.012000000000057298,reload-4-inventory
4,410,264.101,478.296,742.397,572,742.397,846.767,0.0,742.397,400448,736.78,410,736.792,740.845,7175711,2338,False,740.87,740.857,0.013,0.012799,0,1,13,25226,2626560,0.011999999999943611,1.5400000000000773,0.012000000000057298,reload-4-inventory
4,411,263.857,479.385,743.242,572,743.242,918.347,0.0,743.242,400448,736.785,411,736.796,740.885,7175561,2338,False,740.92,740.901,0.018,0.018728,0,1,13,25226,2626560,0.01599999999996271,2.341000000000008,0.011000000000080945,reload-4-inventory
4,412,262.652,479.775,742.427,572,742.427,906.152,0.0,742.427,400448,736.791,412,736.803,740.973,7175711,2338,False,741.0,740.988,0.012,0.011827,0,1,13,25226,2626560,0.015000000000100044,1.4389999999999645,0.011999999999943611,reload-4-inventory
4,413,263.585,478.871,742.456,572,742.456,896.869,0.0,742.456,400448,736.797,413,736.806,741.008,7175711,2338,False,741.036,741.02,0.016,0.016314,0,1,13,25226,2626560,0.011999999999943611,1.4360000000000355,0.009000000000014552,reload-4-inventory
4,414,263.392,478.823,742.215,572,742.215,881.687,0.0,742.215,400448,736.802,414,736.811,741.132,7175711,2338,False,741.159,741.145,0.014,0.014512,0,1,18,33668,2626560,0.013000000000033651,1.07000000000005,0.009000000000014552,reload-4-inventory
4,415,263.492,478.765,742.257,572,742.257,908.094,0.0,742.257,400448,736.807,415,736.818,741.094,7175561,2338,False,741.122,741.106,0.015,0.015213,0,1,13,25226,2626560,0.011999999999943611,1.1509999999999536,0.010999999999967258,reload-4-inventory
4,416,265.568,477.5,743.068,572,743.068,916.142,0.0,743.068,400448,736.813,416,736.823,741.048,7175711,2338,False,741.074,741.059,0.014,0.014071,0,1,13,25226,2626560,0.010999999999967258,2.0090000000000146,0.009999999999990905,reload-4-inventory
4,417,264.142,478.064,742.206,572,742.206,864.881,0.0,742.206,400448,736.819,417,736.831,741.169,7175711,2338,False,741.205,741.191,0.014,0.014151,0,1,18,33668,2626560,0.022000000000048203,1.0149999999999864,0.012000000000057298,reload-4-inventory
4,418,266.145,477.442,743.587,572,743.587,914.622,0.0,743.587,400448,736.824,418,736.835,741.233,7175561,2338,False,741.262,741.249,0.013,0.013511,0,1,18,33668,2626560,0.016000000000076398,2.3379999999999654,0.011000000000080945,reload-4-inventory
4,419,264.74,478.648,743.388,572,743.388,902.181,0.0,743.388,400448,736.829,419,736.839,741.28,7175711,2338,False,741.311,741.296,0.014,0.014362,0,1,18,33668,2626560,0.016000000000076398,2.0919999999999845,0.010000000000104592,reload-4-inventory
4,420,263.331,479.688,743.019,572,743.019,906.646,0.0,743.019,400448,736.834,420,736.843,741.324,7175711,2338,False,741.354,741.338,0.015,0.015533,0,1,18,33668,2626560,0.014000000000010004,1.68100000000004,0.009000000000014552,reload-4-inventory
4,421,265.343,478.785,744.128,572,744.128,908.726,0.0,744.128,400448,736.838,421,736.848,741.363,7175711,2338,False,741.392,741.376,0.016,0.015894,0,1,18,33668,2626560,0.012999999999919964,2.7520000000000664,0.009999999999990905,reload-4-inventory
4,422,264.476,477.619,742.095,572,742.095,911.286,0.0,742.095,400448,736.843,422,736.852,741.427,7175561,2338,False,741.461,741.444,0.017,0.017417,0,1,18,33668,2626560,0.016999999999939064,0.6510000000000673,0.009000000000014552,reload-4-inventory
4,423,264.691,478.595,743.286,572,743.286,899.058,0.0,743.286,400448,736.847,423,736.859,741.474,7175711,2338,False,741.508,741.491,0.016,0.016114,0,1,18,33668,2626560,0.016999999999939064,1.794999999999959,0.012000000000057298,reload-4-inventory
4,424,263.505,477.345,740.85,572,740.85,825.455,0.0,740.85,400448,736.852,424,736.861,740.345,7175711,2338,False,740.365,740.353,0.012,0.011818,0,1,4,8392,2626560,0.007999999999924512,0.49700000000007094,0.009000000000014552,reload-4-inventory
4,425,263.571,477.661,741.232,572,741.232,889.7,0.0,741.232,400448,736.857,425,736.867,740.494,7175711,2338,False,740.516,740.504,0.012,0.011808,0,1,9,16834,2626560,0.009999999999990905,0.7279999999999518,0.009999999999990905,reload-4-inventory
4,426,264.907,479.408,744.315,572,744.315,854.252,0.0,744.315,400448,736.862,426,736.872,740.901,7175561,2338,False,740.933,740.918,0.015,0.015393,0,1,13,25226,2626560,0.01700000000005275,3.397000000000048,0.009999999999990905,reload-4-inventory
4,427,261.394,480.308,741.702,572,741.702,859.087,0.0,741.702,400448,736.866,427,736.877,740.672,7175711,2338,False,740.703,740.692,0.011,0.011057,0,1,9,16834,2626560,0.01999999999998181,1.009999999999991,0.010999999999967258,reload-4-inventory
4,428,262.431,478.888,741.319,572,741.319,879.443,0.0,741.319,400448,736.871,428,736.882,740.549,7175711,2338,False,740.575,740.56,0.014,0.014171,0,1,9,16834,2626560,0.010999999999967258,0.7590000000000146,0.010999999999967258,reload-4-inventory
4,429,265.856,480.339,746.195,572,746.195,918.207,0.0,746.195,400448,736.877,429,736.889,740.939,7175561,2338,False,740.964,740.95,0.014,0.013791,0,1,13,25226,2626560,0.011000000000080945,5.2450000000000045,0.012000000000057298,reload-4-inventory
4,430,264.301,477.812,742.113,572,742.113,860.968,0.0,742.113,400448,736.882,430,736.892,740.991,7175711,2338,False,741.015,741.003,0.011,0.011527,0,1,13,25226,2626560,0.012000000000057298,1.1100000000000136,0.010000000000104592,reload-4-inventory
4,431,265.964,477.47,743.434,572,743.434,836.159,0.0,743.434,400448,736.887,431,736.896,741.229,7175711,2338,False,741.258,741.242,0.015,0.015323,0,1,18,33668,2626560,0.012999999999919964,2.1920000000000073,0.009000000000014552,reload-4-inventory
4,432,264.047,480.351,744.398,572,744.398,851.162,0.0,744.398,400448,736.891,432,736.901,741.609,7175711,2338,False,741.643,741.628,0.015,0.015002,0,1,22,42060,2626560,0.019000000000005457,2.769999999999982,0.009999999999990905,reload-4-inventory
4,433,264.552,478.975,743.527,572,743.527,889.425,0.0,743.527,400448,736.896,433,736.906,741.765,7175561,2338,False,741.797,741.781,0.015,0.015152,0,1,22,42060,2626560,0.01599999999996271,1.7460000000000946,0.009999999999990905,reload-4-inventory
4,434,265.41,480.221,745.631,572,745.631,890.903,0.0,745.631,400448,736.9,434,736.914,741.722,7175711,2338,False,741.755,741.738,0.017,0.017245,0,1,22,42060,2626560,0.016000000000076398,3.8929999999999154,0.014000000000010004,reload-4-inventory
4,435,264.876,479.378,744.254,572,744.254,884.279,0.0,744.254,400448,736.905,435,736.92,741.678,7175711,2338,False,741.712,741.694,0.018,0.017776,0,1,22,42060,2626560,0.01599999999996271,2.560000000000059,0.014999999999986358,reload-4-inventory
4,436,265.387,479.552,744.939,572,744.939,892.295,0.0,744.939,400448,736.915,436,736.931,741.811,7175561,2338,False,741.846,741.828,0.017,0.017486,0,1,22,42060,2626560,0.016999999999939064,3.11099999999999,0.016000000000076398,reload-4-inventory
4,437,269.682,477.753,747.435,572,747.435,891.678,0.0,747.435,400448,736.921,437,736.934,741.867,7175711,2338,False,741.904,741.885,0.019,0.018678,0,1,22,42060,2626560,0.018000000000029104,5.5499999999999545,0.012999999999919964,reload-4-inventory
4,438,269.817,477.653,747.47,572,747.47,866.043,0.0,747.47,400448,736.929,438,736.938,741.919,7175711,2338,False,741.953,741.937,0.015,0.015393,0,1,27,50502,2626560,0.018000000000029104,5.5330000000000155,0.009000000000014552,reload-4-inventory
4,439,266.492,478.773,745.265,572,745.265,884.794,0.0,745.265,400448,736.933,439,736.943,742.131,7175711,2338,False,742.172,742.154,0.017,0.017095,0,1,27,50502,2626560,0.023000000000024556,3.11099999999999,0.009999999999990905,reload-4-inventory
4,440,269.313,479.924,749.237,572,749.237,839.09,0.0,749.237,400448,736.939,440,736.949,742.082,7175561,2338,False,742.121,742.103,0.017,0.017536,0,1,27,50502,2626560,0.020999999999958163,7.1340000000000146,0.009999999999990905,reload-4-inventory
4,441,268.25,479.109,747.359,572,747.359,843.062,0.0,747.359,400448,736.944,441,736.954,742.025,7175711,2338,False,742.061,742.043,0.017,0.017016,0,1,27,50502,2626560,0.018000000000029104,5.316000000000031,0.009999999999990905,reload-4-inventory
4,442,267.404,479.019,746.423,572,746.423,873.672,0.0,746.423,400448,736.95,442,736.962,741.963,7175711,2338,False,742.016,741.981,0.034,0.034051,0,1,27,50502,2626560,0.018000000000029104,4.442000000000007,0.011999999999943611,reload-4-inventory
4,443,268.785,478.998,747.783,572,747.783,835.679,0.0,747.783,400448,736.955,443,736.967,742.181,7175561,2338,False,742.227,742.206,0.02,0.02019,0,1,27,50502,2626560,0.024999999999977263,5.576999999999998,0.011999999999943611,reload-4-inventory
4,444,272.362,478.959,751.321,572,751.321,855.567,0.0,751.321,400448,736.96,444,736.971,742.237,7175711,2338,False,742.281,742.265,0.016,0.016094,0,1,27,50502,2626560,0.02800000000002001,9.05600000000004,0.010999999999967258,reload-4-inventory
4,445,286.32,479.997,766.317,572,766.317,890.284,0.0,766.317,400448,736.965,445,736.976,742.358,7175711,2338,False,742.395,742.374,0.021,0.020591,0,1,32,58944,2626560,0.016000000000076398,23.942999999999984,0.010999999999967258,reload-4-inventory
4,446,280.414,477.956,758.37,572,758.37,861.418,0.0,758.37,400448,736.97,446,736.979,742.405,7175711,2338,False,742.445,742.425,0.02,0.01978,0,1,32,58944,2626560,0.01999999999998181,15.94500000000005,0.009000000000014552,reload-4-inventory
4,447,285.283,478.463,763.746,572,763.746,858.258,0.0,763.746,400448,736.975,447,736.992,742.454,7175561,2338,False,742.49,742.473,0.017,0.016885,0,1,32,58944,2626560,0.019000000000005457,21.273000000000025,0.016999999999939064,reload-4-inventory
4,448,283.172,479.188,762.36,572,762.36,902.091,0.0,762.36,400448,736.985,448,736.996,742.5,7175711,2338,False,742.538,742.52,0.018,0.017807,0,1,32,58944,2626560,0.01999999999998181,19.840000000000032,0.010999999999967258,reload-4-inventory
4,449,268.719,478.456,747.175,572,747.175,835.158,0.0,747.175,400448,736.991,449,737.008,742.549,7175711,2338,False,742.588,742.568,0.02,0.0198,0,1,32,58944,2626560,0.019000000000005457,4.606999999999971,0.01700000000005275,reload-4-inventory
4,450,269.207,479.898,749.105,572,749.105,842.702,0.0,749.105,400448,736.995,450,737.015,742.6,7175711,2338,False,742.64,742.62,0.019,0.019509,0,1,32,58944,2626560,0.01999999999998181,6.485000000000014,0.01999999999998181,reload-4-inventory
4,451,275.229,477.4,752.629,572,752.629,896.521,0.0,752.629,400448,737.006,451,737.02,742.65,7175561,2338,False,742.686,742.669,0.017,0.017507,0,1,32,58944,2626560,0.019000000000005457,9.960000000000036,0.014000000000010004,reload-4-inventory
4,452,287.313,479.698,767.011,572,767.011,899.272,0.0,767.011,400448,737.013,452,737.021,742.737,7175711,2338,False,742.773,742.757,0.016,0.016485,0,1,32,58944,2626560,0.01999999999998181,24.25400000000002,0.007999999999924512,reload-4-inventory
4,453,273.135,477.965,751.1,572,751.1,868.418,0.0,751.1,400448,737.017,453,737.026,742.785,7175711,2338,False,742.83,742.804,0.026,0.025849,0,1,36,67336,2626560,0.019000000000005457,8.29600000000005,0.008999999999900865,reload-4-inventory
4,454,279.847,477.556,757.403,572,757.403,902.543,0.0,757.403,400448,737.021,454,737.034,742.895,7175561,2338,False,742.947,742.921,0.025,0.025428,0,1,36,67336,2626560,0.026000000000067303,14.481999999999971,0.013000000000033651,reload-4-inventory
4,455,277.34,480.188,757.528,572,757.528,896.299,0.0,757.528,400448,737.026,455,737.036,742.84,7175711,2338,False,742.885,742.859,0.025,0.025047,0,1,36,67336,2626560,0.019000000000005457,14.668999999999983,0.009999999999990905,reload-4-inventory
4,456,271.363,478.895,750.258,572,750.258,896.905,0.0,750.258,400448,737.032,456,737.042,742.969,7175711,2338,False,743.02,742.992,0.028,0.028022,0,1,36,67336,2626560,0.02299999999991087,7.266000000000076,0.009999999999990905,reload-4-inventory
4,457,267.602,479.228,746.83,572,746.83,863.018,0.0,746.83,400448,737.036,457,737.049,741.902,7175711,2338,False,741.94,741.923,0.016,0.016585,0,1,22,42060,2626560,0.020999999999958163,4.907000000000039,0.013000000000033651,reload-4-inventory
4,458,265.444,479.3,744.744,572,744.744,838.949,0.0,744.744,400448,737.042,458,737.053,741.803,7175561,2338,False,741.844,741.828,0.016,0.015813,0,1,22,42060,2626560,0.024999999999977263,2.9160000000000537,0.010999999999967258,reload-4-inventory
4,459,268.541,480.252,748.793,572,748.793,832.334,0.0,748.793,400448,737.047,459,737.057,741.934,7175711,2338,False,741.968,741.95,0.018,0.017677,0,1,27,50502,2626560,0.016000000000076398,6.842999999999961,0.009999999999990905,reload-4-inventory
4,460,267.556,477.992,745.548,572,745.548,844.127,0.0,745.548,400448,737.051,460,737.062,741.977,7175711,2338,False,742.012,741.995,0.016,0.016235,0,1,27,50502,2626560,0.018000000000029104,3.5529999999999973,0.010999999999967258,reload-4-inventory
4,461,265.217,480.335,745.552,572,745.552,859.534,0.0,745.552,400448,737.056,461,737.067,742.032,7175561,2338,False,742.067,742.048,0.018,0.017967,0,1,27,50502,2626560,0.01599999999996271,3.504000000000019,0.010999999999967258,reload-4-inventory
4,462,267.828,479.151,746.979,572,746.979,849.657,0.0,746.979,400448,737.061,462,737.072,742.076,7175711,2338,False,742.11,742.092,0.017,0.017316,0,1,27,50502,2626560,0.01599999999996271,4.887000000000057,0.010999999999967258,reload-4-inventory
4,463,267.072,477.453,744.525,572,744.525,865.826,0.0,744.525,400448,737.067,463,737.076,742.12,7175711,2338,False,742.153,742.138,0.014,0.014522,0,1,27,50502,2626560,0.018000000000029104,2.3869999999999436,0.009000000000014552,reload-4-inventory
4,464,268.069,478.698,746.767,572,746.767,843.299,0.0,746.767,400448,737.072,464,737.081,742.163,7175711,2338,False,742.196,742.178,0.018,0.017787,0,1,27,50502,2626560,0.014999999999986358,4.5890000000000555,0.009000000000014552,reload-4-inventory
4,465,268.931,480.104,749.035,572,749.035,856.977,0.0,749.035,400448,737.076,465,737.086,742.214,7175561,2338,False,742.248,742.231,0.016,0.016505,0,1,27,50502,2626560,0.016999999999939064,6.803999999999974,0.009999999999990905,reload-4-inventory
4,466,275.165,478.199,753.364,572,753.364,859.971,0.0,753.364,400448,737.081,466,737.091,742.258,7175711,2338,False,742.294,742.275,0.018,0.018527,0,1,27,50502,2626560,0.016999999999939064,11.089000000000055,0.009999999999990905,reload-4-inventory
4,467,283.807,477.641,761.448,572,761.448,852.808,0.0,761.448,400448,737.085,467,737.094,742.304,7175711,2338,False,742.338,742.32,0.017,0.017556,0,1,27,50502,2626560,0.016000000000076398,19.12799999999993,0.009000000000014552,reload-4-inventory
4,468,281.145,480.135,761.28,572,761.28,883.736,0.0,761.28,400448,737.09,468,737.107,742.462,7175711,2338,False,742.497,742.482,0.015,0.015383,0,1,32,58944,2626560,0.01999999999998181,18.798000000000002,0.016999999999939064,reload-4-inventory
4,469,282.086,480.289,762.375,572,762.375,882.096,0.0,762.375,400448,737.094,469,737.113,742.507,7175561,2338,False,742.541,742.523,0.018,0.017947,0,1,32,58944,2626560,0.016000000000076398,19.851999999999975,0.019000000000005457,reload-4-inventory
4,470,267.371,480.102,747.473,572,747.473,868.989,0.0,747.473,400448,737.107,470,737.117,742.552,7175711,2338,False,742.588,742.57,0.018,0.018097,0,1,32,58944,2626560,0.018000000000029104,4.902999999999906,0.009999999999990905,reload-4-inventory
4,471,276.091,477.348,753.439,572,753.439,837.755,0.0,753.439,400448,737.112,471,737.12,742.654,7175711,2338,False,742.692,742.674,0.017,0.017506,0,1,32,58944,2626560,0.01999999999998181,10.764999999999986,0.008000000000038199,reload-4-inventory
4,472,289.851,479.043,768.894,572,768.894,858.303,0.0,768.894,400448,737.116,472,737.127,742.703,7175561,2338,False,742.745,742.728,0.016,0.016445,0,1,32,58944,2626560,0.024999999999977263,26.166000000000054,0.010999999999967258,reload-4-inventory
4,473,293.955,479.962,773.917,572,773.917,842.312,0.0,773.917,400448,737.123,473,737.134,742.756,7175711,2338,False,742.812,742.785,0.027,0.02685,0,1,36,67336,2626560,0.028999999999996362,31.132000000000062,0.010999999999967258,reload-4-inventory
4,474,281.483,477.902,759.385,572,759.385,846.662,0.0,759.385,400448,737.127,474,737.137,742.88,7175711,2338,False,742.931,742.897,0.034,0.03371,0,1,36,67336,2626560,0.01700000000005275,16.487999999999943,0.009999999999990905,reload-4-inventory
4,475,268.874,478.909,747.783,572,747.783,829.427,0.0,747.783,400448,737.132,475,737.14,742.941,7175711,2338,False,742.986,742.959,0.027,0.027151,0,1,36,67336,2626560,0.017999999999915417,4.824000000000069,0.008000000000038199,reload-4-inventory
4,476,273.844,478.238,752.082,572,752.082,846.302,0.0,752.082,400448,737.137,476,737.148,742.996,7175561,2338,False,743.039,743.013,0.026,0.025678,0,1,36,67336,2626560,0.01700000000005275,9.06899999999996,0.011000000000080945,reload-4-inventory
4,477,278.995,478.141,757.136,572,757.136,873.324,0.0,757.136,400448,737.143,477,737.153,743.173,7175711,2338,False,743.219,743.192,0.026,0.026569,0,1,36,67336,2626560,0.019000000000005457,13.94399999999996,0.009999999999990905,reload-4-inventory
4,478,278.928,480.155,759.083,572,759.083,837.753,0.0,759.083,400448,737.148,478,737.158,743.118,7175711,2338,False,743.163,743.135,0.028,0.027932,0,1,36,67336,2626560,0.016999999999939064,15.947999999999979,0.009999999999990905,reload-4-inventory
4,479,283.477,479.487,762.964,572,762.964,848.994,0.0,762.964,400448,737.153,479,737.166,743.23,7175561,2338,False,743.328,743.302,0.026,0.02629,0,1,41,75778,2626560,0.07200000000000273,19.662000000000035,0.013000000000033651,reload-4-inventory
4,480,268.172,479.513,747.685,572,747.685,845.379,0.0,747.685,400448,737.158,480,737.167,742.025,7175711,2338,False,742.061,742.044,0.016,0.016545,0,1,27,50502,2626560,0.019000000000005457,5.640999999999963,0.009000000000014552,reload-4-inventory
4,481,265.848,480.099,745.947,572,745.947,838.909,0.0,745.947,400448,737.163,481,737.173,742.044,7175711,2338,False,742.08,742.062,0.017,0.017035,0,1,27,50502,2626560,0.018000000000029104,3.884999999999991,0.009999999999990905,reload-4-inventory
4,482,280.813,479.725,760.538,572,760.538,858.97,0.0,760.538,400448,737.168,482,737.179,742.889,7175711,2338,False,742.936,742.906,0.03,0.030325,0,1,36,67336,2626560,0.016999999999939064,17.632000000000062,0.010999999999967258,reload-4-inventory
4,483,270.916,480.068,750.984,572,750.984,893.917,0.0,750.984,400448,737.173,483,737.184,742.78,7175561,2338,False,742.827,742.799,0.028,0.028222,0,1,36,67336,2626560,0.019000000000005457,8.18500000000006,0.010999999999967258,reload-4-inventory
4,484,274.338,477.481,751.819,572,751.819,879.171,0.0,751.819,400448,737.179,484,737.19,742.635,7175711,2338,False,742.67,742.651,0.018,0.018558,0,1,32,58944,2626560,0.01599999999996271,9.168000000000006,0.011000000000080945,reload-4-inventory
4,485,269.884,477.848,747.732,572,747.732,832.81,0.0,747.732,400448,737.184,485,737.195,742.564,7175711,2338,False,742.602,742.585,0.016,0.016634,0,1,32,58944,2626560,0.02100000000007185,5.1469999999999345,0.011000000000080945,reload-4-inventory
4,486,285.624,478.994,764.618,572,764.618,835.364,0.0,764.618,400448,737.19,486,737.202,742.442,7175561,2338,False,742.48,742.461,0.019,0.018848,0,1,32,58944,2626560,0.019000000000005457,22.15700000000004,0.011999999999943611,reload-4-inventory
4,487,280.86,478.107,758.967,572,758.967,834.257,0.0,758.967,400448,737.195,487,737.208,742.409,7175711,2338,False,742.452,742.432,0.02,0.019609,0,1,32,58944,2626560,0.023000000000024556,16.534999999999968,0.012999999999919964,reload-4-inventory
4,488,262.561,480.056,742.617,572,742.617,873.624,0.0,742.617,400448,737.203,488,737.214,742.515,7175711,2338,False,742.551,742.533,0.018,0.017626,0,1,32,58944,2626560,0.018000000000029104,0.08399999999994634,0.011000000000080945,reload-4-inventory
4,489,281.102,478.624,759.726,572,759.726,853.244,0.0,759.726,400448,737.209,489,737.22,743.054,7175711,2338,False,743.098,743.071,0.027,0.027371,0,1,36,67336,2626560,0.01700000000005275,16.654999999999973,0.011000000000080945,reload-4-inventory
4,490,268.105,480.299,748.404,572,748.404,846.761,0.0,748.404,400448,737.214,490,737.225,742.946,7175561,2338,False,742.99,742.963,0.026,0.025889,0,1,36,67336,2626560,0.016999999999939064,5.441000000000031,0.010999999999967258,reload-4-inventory
4,491,274.592,480.28,754.872,572,754.872,888.906,0.0,754.872,400448,737.219,491,737.23,742.837,7175711,2338,False,742.879,742.854,0.025,0.024847,0,1,36,67336,2626560,0.01700000000005275,12.017999999999915,0.010999999999967258,reload-4-inventory
4,492,286.616,480.303,766.919,572,766.919,887.483,0.0,766.919,400448,737.224,492,737.236,742.679,7175711,2338,False,742.713,742.695,0.017,0.017456,0,1,32,58944,2626560,0.016000000000076398,24.223999999999933,0.011999999999943611,reload-4-inventory
4,493,270.856,477.51,748.366,572,748.366,872.93,0.0,748.366,400448,737.23,493,737.241,742.59,7175711,2338,False,742.626,742.609,0.016,0.016385,0,1,32,58944,2626560,0.019000000000005457,5.756999999999948,0.010999999999967258,reload-4-inventory
4,494,289.821,478.386,768.207,572,768.207,857.15,0.0,768.207,400448,737.236,494,737.247,742.339,7175561,2338,False,742.403,742.381,0.021,0.021222,0,1,32,58944,2626560,0.041999999999916326,25.826000000000022,0.010999999999967258,reload-4-inventory
4,495,278.169,478.379,756.548,572,756.548,846.93,0.0,756.548,400448,737.242,495,737.252,742.296,7175711,2338,False,742.333,742.314,0.018,0.018478,0,1,27,50502,2626560,0.017999999999915417,14.234000000000037,0.009999999999990905,reload-4-inventory
4,496,270.038,479.743,749.781,572,749.781,843.652,0.0,749.781,400448,737.247,496,737.258,742.22,7175711,2338,False,742.254,742.237,0.017,0.016805,0,1,27,50502,2626560,0.016999999999939064,7.543999999999983,0.011000000000080945,reload-4-inventory
4,497,268.808,479.327,748.135,572,748.135,871.495,0.0,748.135,400448,737.253,497,737.263,742.183,7175561,2338,False,742.232,742.215,0.016,0.016505,0,1,27,50502,2626560,0.03200000000003911,5.919999999999959,0.009999999999990905,reload-4-inventory
4,498,281.595,479.281,760.876,572,760.876,855.04,0.0,760.876,400448,737.258,498,737.27,743.124,7175711,2338,False,743.17,743.143,0.027,0.02707,0,1,36,67336,2626560,0.019000000000005457,17.732999999999947,0.011999999999943611,reload-4-inventory
4,499,276.793,480.334,757.127,572,757.127,852.189,0.0,757.127,400448,737.263,499,737.275,743.181,7175711,2338,False,743.228,743.2,0.027,0.027091,0,1,41,75778,2626560,0.019000000000005457,13.926999999999907,0.011999999999943611,reload-4-inventory
4,500,284.083,478.506,762.589,572,762.589,900.113,0.0,762.589,400448,737.268,500,737.278,743.238,7175711,2338,False,743.292,743.26,0.031,0.031367,0,1,41,75778,2626560,0.021999999999934516,19.329000000000065,0.009999999999990905,reload-4-inventory
4,501,268.759,477.668,746.427,572,746.427,906.16,0.0,746.427,400448,737.273,501,737.282,743.354,7175561,2338,False,743.397,743.372,0.025,0.024817,0,1,41,75778,2626560,0.017999999999915417,3.0550000000000637,0.009000000000014552,reload-4-inventory
4,502,288.331,477.63,765.961,572,765.961,904.753,0.0,765.961,400448,737.278,502,737.287,743.627,7175711,2338,False,743.677,743.648,0.029,0.028823,0,1,45,84170,2626560,0.02100000000007185,22.312999999999988,0.009000000000014552,reload-4-inventory
4,503,268.923,480.306,749.229,572,749.229,851.595,0.0,749.229,400448,737.282,503,737.293,743.465,7175711,2338,False,743.509,743.484,0.025,0.024747,0,1,41,75778,2626560,0.019000000000005457,5.7450000000000045,0.010999999999967258,reload-4-inventory
4,504,268.875,479.21,748.085,572,748.085,900.0,0.0,748.085,400448,737.286,504,737.3,743.407,7175561,2338,False,743.455,743.427,0.028,0.027812,0,1,41,75778,2626560,0.01999999999998181,4.6580000000000155,0.014000000000010004,reload-4-inventory
4,505,276.227,477.632,753.859,572,753.859,837.628,0.0,753.859,400448,737.293,505,737.306,743.687,7175711,2338,False,743.741,743.713,0.028,0.028273,0,1,45,84170,2626560,0.025999999999953616,10.146000000000072,0.013000000000033651,reload-4-inventory
4,506,279.043,477.819,756.862,572,756.862,833.582,0.0,756.862,400448,737.298,506,737.308,743.751,7175711,2338,False,743.798,743.773,0.025,0.024887,0,1,45,84170,2626560,0.022000000000048203,13.088999999999942,0.009999999999990905,reload-4-inventory
4,507,287.243,479.236,766.479,572,766.479,831.087,0.0,766.479,400448,737.303,507,737.313,742.684,7175711,2338,False,742.739,742.719,0.019,0.019159,0,1,32,58944,2626560,0.035000000000081855,23.75999999999999,0.009999999999990905,reload-4-inventory
4,508,270.058,479.886,749.944,572,749.944,867.448,0.0,749.944,400448,737.308,508,737.319,742.598,7175561,2338,False,742.643,742.615,0.028,0.027782,0,1,32,58944,2626560,0.01700000000005275,7.328999999999951,0.010999999999967258,reload-4-inventory
4,509,290.637,477.641,768.278,572,768.278,858.915,0.0,768.278,400448,737.313,509,737.325,742.722,7175711,2338,False,742.758,742.739,0.018,0.018588,0,1,32,58944,2626560,0.01700000000005275,25.538999999999987,0.012000000000057298,reload-4-inventory
4,510,278.166,477.968,756.134,572,756.134,845.036,0.0,756.134,400448,737.317,510,737.327,742.822,7175711,2338,False,742.88,742.852,0.028,0.027641,0,1,36,67336,2626560,0.029999999999972715,13.282000000000039,0.009999999999990905,reload-4-inventory
4,511,273.883,479.104,752.987,572,752.987,836.268,0.0,752.987,400448,737.322,511,737.339,742.823,7175711,2338,False,742.866,742.84,0.026,0.026269,0,1,36,67336,2626560,0.01700000000005275,10.146999999999935,0.01700000000005275,reload-4-inventory
4,512,278.814,479.583,758.397,572,758.397,865.72,0.0,758.397,400448,737.327,512,737.342,742.858,7175711,2338,False,742.906,742.879,0.027,0.02666,0,1,36,67336,2626560,0.02100000000007185,15.518000000000029,0.014999999999986358,reload-4-inventory
4,513,280.941,479.449,760.39,572,760.39,862.765,0.0,760.39,400448,737.337,513,737.348,742.928,7175711,2338,False,742.971,742.946,0.024,0.024416,0,1,36,67336,2626560,0.018000000000029104,17.44399999999996,0.010999999999967258,reload-4-inventory
4,514,273.433,477.683,751.116,572,751.116,858.153,0.0,751.116,400448,737.341,514,737.353,742.982,7175711,2338,False,743.025,742.999,0.025,0.025398,0,1,36,67336,2626560,0.01700000000005275,8.116999999999962,0.011999999999943611,reload-4-inventory
4,515,276.749,478.943,755.692,572,755.692,871.484,0.0,755.692,400448,737.349,515,737.357,743.035,7175561,2338,False,743.085,743.057,0.027,0.02721,0,1,36,67336,2626560,0.022000000000048203,12.634999999999991,0.007999999999924512,reload-4-inventory
4,516,281.579,478.769,760.348,572,760.348,882.003,0.0,760.348,400448,737.353,516,737.364,743.095,7175711,2338,False,743.146,743.118,0.028,0.027781,0,1,36,67336,2626560,0.023000000000024556,17.229999999999905,0.011000000000080945,reload-4-inventory
4,517,283.083,479.461,762.544,572,762.544,880.089,0.0,762.544,400448,737.358,517,737.372,743.159,7175711,2338,False,743.208,743.181,0.027,0.027191,0,1,36,67336,2626560,0.022000000000048203,19.362999999999943,0.014000000000010004,reload-4-inventory
4,518,288.444,478.235,766.679,572,766.679,856.644,0.0,766.679,400448,737.363,518,737.373,743.22,7175711,2338,False,743.314,743.285,0.029,0.029194,0,1,41,75778,2626560,0.06499999999994088,23.394000000000005,0.009999999999990905,reload-4-inventory
4,519,288.809,480.046,768.855,572,768.855,910.506,0.0,768.855,400448,737.37,519,737.379,743.325,7175561,2338,False,743.378,743.348,0.03,0.030385,0,1,41,75778,2626560,0.02299999999991087,25.507000000000062,0.009000000000014552,reload-4-inventory
4,520,269.697,478.072,747.769,572,747.769,899.552,0.0,747.769,400448,737.374,520,737.384,743.389,7175711,2338,False,743.441,743.411,0.029,0.029534,0,1,41,75778,2626560,0.021999999999934516,4.358000000000061,0.009999999999990905,reload-4-inventory
4,521,268.805,480.115,748.92,572,748.92,902.323,0.0,748.92,400448,737.379,521,737.389,743.452,7175711,2338,False,743.501,743.473,0.027,0.026921,0,1,41,75778,2626560,0.020999999999958163,5.447000000000003,0.009999999999990905,reload-4-inventory
4,522,271.937,480.03,751.967,572,751.967,879.092,0.0,751.967,400448,737.383,522,737.392,743.511,7175561,2338,False,743.566,743.533,0.033,0.03322,0,1,41,75778,2626560,0.022000000000048203,8.433999999999969,0.009000000000014552,reload-4-inventory
4,523,279.974,480.335,760.309,572,760.309,876.747,0.0,760.309,400448,737.388,523,737.399,743.578,7175711,2338,False,743.628,743.599,0.028,0.028533,0,1,41,75778,2626560,0.02100000000007185,16.709999999999923,0.010999999999967258,reload-4-inventory
4,524,272.712,479.894,752.606,572,752.606,890.315,0.0,752.606,400448,737.392,524,737.403,743.638,7175711,2338,False,743.693,743.666,0.027,0.026639,0,1,45,84170,2626560,0.02800000000002001,8.93999999999994,0.010999999999967258,reload-4-inventory
4,525,270.336,479.111,749.447,572,749.447,852.942,0.0,749.447,400448,737.398,525,737.408,742.97,7175711,2338,False,743.02,742.992,0.028,0.028263,0,1,36,67336,2626560,0.021999999999934516,6.455000000000041,0.009999999999990905,reload-4-inventory
4,526,274.836,479.838,754.674,572,754.674,874.338,0.0,754.674,400448,737.402,526,737.41,743.703,7175561,2338,False,743.754,743.724,0.029,0.029465,0,1,45,84170,2626560,0.02100000000007185,10.949999999999932,0.007999999999924512,reload-4-inventory
4,527,273.489,479.363,752.852,572,752.852,851.44,0.0,752.852,400448,737.406,527,737.416,743.003,7175711,2338,False,743.045,743.02,0.024,0.024476,0,1,36,67336,2626560,0.016999999999939064,9.831999999999994,0.010000000000104592,reload-4-inventory
4,528,281.442,479.304,760.746,572,760.746,833.932,0.0,760.746,400448,737.413,528,737.422,743.051,7175711,2338,False,743.096,743.069,0.027,0.02694,0,1,36,67336,2626560,0.017999999999915417,17.67700000000002,0.009000000000014552,reload-4-inventory
4,529,280.722,477.933,758.655,572,758.655,824.833,0.0,758.655,400448,737.417,529,737.429,743.108,7175561,2338,False,743.159,743.13,0.029,0.029234,0,1,36,67336,2626560,0.022000000000048203,15.524999999999977,0.011999999999943611,reload-4-inventory
4,530,284.427,477.507,761.934,572,761.934,837.122,0.0,761.934,400448,737.422,530,737.43,743.156,7175711,2338,False,743.205,743.178,0.026,0.02655,0,1,36,67336,2626560,0.022000000000048203,18.755999999999972,0.007999999999924512,reload-4-inventory
4,531,284.501,479.565,764.066,572,764.066,839.667,0.0,764.066,400448,737.427,531,737.436,743.238,7175711,2338,False,743.297,743.268,0.029,0.028813,0,1,41,75778,2626560,0.029999999999972715,20.798000000000002,0.009000000000014552,reload-4-inventory
4,532,294.032,477.435,771.467,572,771.467,854.195,0.0,771.467,400448,737.431,532,737.441,743.34,7175711,2338,False,743.387,743.36,0.027,0.02667,0,1,41,75778,2626560,0.01999999999998181,28.10699999999997,0.009999999999990905,reload-4-inventory
4,533,268.428,478.435,746.863,572,746.863,826.573,0.0,746.863,400448,737.436,533,737.447,743.303,7175561,2338,False,743.411,743.38,0.03,0.030486,0,1,41,75778,2626560,0.07699999999999818,3.483000000000061,0.010999999999967258,reload-4-inventory
4,534,287.679,479.168,766.847,572,766.847,895.929,0.0,766.847,400448,737.441,534,737.452,743.301,7175711,2338,False,743.345,743.32,0.024,0.024466,0,1,41,75778,2626560,0.019000000000005457,23.52699999999993,0.010999999999967258,reload-4-inventory
4,535,270.022,480.252,750.274,572,750.274,846.456,0.0,750.274,400448,737.446,535,737.46,743.466,7175711,2338,False,743.523,743.495,0.027,0.027361,0,1,41,75778,2626560,0.028999999999996362,6.778999999999996,0.014000000000010004,reload-4-inventory
4,536,269.381,478.157,747.538,572,747.538,839.043,0.0,747.538,400448,737.452,536,737.462,743.372,7175711,2338,False,743.429,743.4,0.028,0.028162,0,1,41,75778,2626560,0.02800000000002001,4.138000000000034,0.009999999999990905,reload-4-inventory
4,537,275.69,477.941,753.631,572,753.631,894.664,0.0,753.631,400448,737.457,537,737.468,743.507,7175561,2338,False,743.56,743.533,0.027,0.02714,0,1,41,75778,2626560,0.026000000000067303,10.097999999999956,0.010999999999967258,reload-4-inventory
4,538,275.898,479.049,754.947,572,754.947,847.798,0.0,754.947,400448,737.461,538,737.47,743.512,7175711,2338,False,743.565,743.537,0.029,0.028213,0,1,41,75778,2626560,0.02500000000009095,11.409999999999968,0.009000000000014552,reload-4-inventory
4,539,280.223,478.442,758.665,572,758.665,879.682,0.0,758.665,400448,737.466,539,737.475,743.547,7175711,2338,False,743.617,743.59,0.026,0.026199,0,1,41,75778,2626560,0.043000000000006366,15.074999999999932,0.009000000000014552,reload-4-inventory
4,540,286.552,477.373,763.925,572,763.925,868.924,0.0,763.925,400448,737.47,540,737.48,743.6,7175561,2338,False,743.663,743.635,0.028,0.028302,0,1,45,84170,2626560,0.03499999999996817,20.289999999999964,0.009999999999990905,reload-4-inventory
4,541,273.024,480.228,753.252,572,753.252,864.752,0.0,753.252,400448,737.475,541,737.486,743.663,7175711,2338,False,743.726,743.695,0.031,0.030686,0,1,45,84170,2626560,0.03200000000003911,9.556999999999903,0.010999999999967258,reload-4-inventory
4,542,275.009,480.303,755.312,572,755.312,837.112,0.0,755.312,400448,737.479,542,737.488,743.695,7175711,2338,False,743.755,743.725,0.03,0.029835,0,1,45,84170,2626560,0.029999999999972715,11.586999999999989,0.009000000000014552,reload-4-inventory
4,543,278.119,478.965,757.084,572,757.084,852.203,0.0,757.084,400448,737.484,543,737.493,743.75,7175711,2338,False,743.803,743.771,0.032,0.031588,0,1,45,84170,2626560,0.020999999999958163,13.312999999999988,0.009000000000014552,reload-4-inventory
4,544,271.184,478.924,750.108,572,750.108,900.725,0.0,750.108,400448,737.489,544,737.499,743.945,7175561,2338,False,743.998,743.968,0.03,0.029754,0,1,45,84170,2626560,0.02299999999991087,6.139999999999986,0.009999999999990905,reload-4-inventory
4,545,268.903,480.249,749.152,572,749.152,830.544,0.0,749.152,400448,737.493,545,737.504,743.896,7175711,2338,False,743.963,743.932,0.03,0.029905,0,1,45,84170,2626560,0.03600000000005821,5.220000000000027,0.010999999999967258,reload-4-inventory
4,546,267.277,479.242,746.519,572,746.519,898.639,0.0,746.519,400448,737.499,546,737.51,743.821,7175711,2338,False,743.87,743.841,0.028,0.027982,0,1,45,84170,2626560,0.01999999999998181,2.6779999999999973,0.010999999999967258,reload-4-inventory
4,547,270.792,480.215,751.007,572,751.007,886.602,0.0,751.007,400448,737.503,547,737.515,744.349,7175561,2338,False,744.406,744.375,0.031,0.031347,0,1,50,92612,2626560,0.025999999999953616,6.631999999999948,0.011999999999943611,reload-4-inventory
4,548,271.156,477.79,748.946,572,748.946,876.519,0.0,748.946,400448,737.51,548,737.521,744.22,7175711,2338,False,744.273,744.244,0.029,0.029354,0,1,50,92612,2626560,0.02400000000000091,4.701999999999998,0.010999999999967258,reload-4-inventory
4,549,269.374,478.756,748.13,572,748.13,906.122,0.0,748.13,400448,737.515,549,737.526,744.073,7175711,2338,False,744.138,744.107,0.031,0.030506,0,1,50,92612,2626560,0.033999999999991815,4.023000000000025,0.010999999999967258,reload-4-inventory
4,550,281.831,479.794,761.625,572,761.625,883.62,0.0,761.625,400448,737.522,550,737.532,744.149,7175711,2338,False,744.21,744.177,0.033,0.032658,0,1,50,92612,2626560,0.02800000000002001,17.44799999999998,0.009999999999990905,reload-4-inventory
4,551,275.149,479.541,754.69,572,754.69,894.437,0.0,754.69,400448,737.527,551,737.538,743.997,7175561,2338,False,744.05,744.021,0.028,0.027962,0,1,45,84170,2626560,0.02400000000000091,10.669000000000096,0.010999999999967258,reload-4-inventory
4,552,272.136,478.487,750.623,572,750.623,892.674,0.0,750.623,400448,737.533,552,737.543,743.917,7175711,2338,False,744.001,743.965,0.035,0.035383,0,1,45,84170,2626560,0.04800000000000182,6.6580000000000155,0.009999999999990905,reload-4-inventory
4,553,268.51,478.267,746.777,572,746.777,837.0,0.0,746.777,400448,737.538,553,737.548,743.828,7175711,2338,False,743.882,743.854,0.027,0.02718,0,1,45,84170,2626560,0.026000000000067303,2.923000000000002,0.009999999999990905,reload-4-inventory
4,554,285.033,480.147,765.18,572,765.18,907.71,0.0,765.18,400448,737.543,554,737.555,744.463,7175561,2338,False,744.53,744.497,0.033,0.032729,0,1,54,101004,2626560,0.033999999999991815,20.682999999999993,0.011999999999943611,reload-4-inventory
4,555,271.473,477.685,749.158,572,749.158,888.3,0.0,749.158,400448,737.548,555,737.56,744.282,7175711,2338,False,744.337,744.308,0.029,0.028893,0,1,50,92612,2626560,0.025999999999953616,4.850000000000023,0.011999999999943611,reload-4-inventory
4,556,277.824,479.402,757.226,572,757.226,905.857,0.0,757.226,400448,737.555,556,737.566,744.001,7175711,2338,False,744.063,744.037,0.026,0.0264,0,1,45,84170,2626560,0.03600000000005821,13.188999999999965,0.011000000000080945,reload-4-inventory
4,557,271.384,478.409,749.793,572,749.793,850.326,0.0,749.793,400448,737.56,557,737.571,743.92,7175711,2338,False,743.99,743.96,0.03,0.030456,0,1,45,84170,2626560,0.04000000000007731,5.83299999999997,0.011000000000080945,reload-4-inventory
4,558,267.598,480.092,747.69,572,747.69,880.632,0.0,747.69,400448,737.565,558,737.576,743.835,7175561,2338,False,743.895,743.86,0.035,0.034661,0,1,45,84170,2626560,0.024999999999977263,3.830000000000041,0.010999999999967258,reload-4-inventory
4,559,279.674,477.999,757.673,572,757.673,886.357,0.0,757.673,400448,737.57,559,737.581,743.768,7175711,2338,False,743.823,743.795,0.028,0.027792,0,1,45,84170,2626560,0.02699999999992997,13.878000000000043,0.010999999999967258,reload-4-inventory
4,560,268.483,480.093,748.576,572,748.576,849.846,0.0,748.576,400448,737.575,560,737.588,744.089,7175711,2338,False,744.146,744.113,0.033,0.03336,0,1,50,92612,2626560,0.02400000000000091,4.462999999999965,0.012999999999919964,reload-4-inventory
4,561,270.686,478.634,749.32,572,749.32,831.446,0.0,749.32,400448,737.58,561,737.597,744.115,7175711,2338,False,744.181,744.139,0.042,0.042253,0,1,50,92612,2626560,0.02400000000000091,5.18100000000004,0.016999999999939064,reload-4-inventory
4,562,282.622,480.31,762.932,572,762.932,875.302,0.0,762.932,400448,737.585,562,737.596,744.111,7175561,2338,False,744.175,744.145,0.03,0.030325,0,1,50,92612,2626560,0.033999999999991815,18.787000000000035,0.010999999999967258,reload-4-inventory
4,563,269.912,477.527,747.439,572,747.439,836.016,0.0,747.439,400448,737.59,563,737.599,744.168,7175711,2338,False,744.227,744.195,0.032,0.032088,0,1,50,92612,2626560,0.027000000000043656,3.2439999999999145,0.009000000000014552,reload-4-inventory
4,564,268.497,480.031,748.528,572,748.528,840.92,0.0,748.528,400448,737.594,564,737.612,744.212,7175711,2338,False,744.27,744.238,0.032,0.032068,0,1,50,92612,2626560,0.026000000000067303,4.289999999999964,0.017999999999915417,reload-4-inventory
4,565,270.065,480.285,750.35,572,750.35,825.332,0.0,750.35,400448,737.599,565,737.617,744.331,7175561,2338,False,744.395,744.364,0.031,0.030726,0,1,50,92612,2626560,0.03300000000001546,5.98599999999999,0.017999999999915417,reload-4-inventory
4,566,268.577,479.828,748.405,572,748.405,861.456,0.0,748.405,400448,737.61,566,737.62,744.284,7175711,2338,False,744.334,744.304,0.03,0.029635,0,1,50,92612,2626560,0.01999999999998181,4.100999999999999,0.009999999999990905,reload-4-inventory
4,567,270.109,480.253,750.362,572,750.362,867.241,0.0,750.362,400448,737.615,567,737.637,744.238,7175711,2338,False,744.287,744.26,0.026,0.025868,0,1,50,92612,2626560,0.021999999999934516,6.101999999999975,0.021999999999934516,reload-4-inventory
4,568,271.654,479.986,751.64,572,751.64,840.458,0.0,751.64,400448,737.619,568,737.638,744.34,7175711,2338,False,744.409,744.379,0.029,0.029444,0,1,50,92612,2626560,0.03899999999998727,7.260999999999967,0.019000000000005457,reload-4-inventory
4,569,273.711,479.183,752.894,572,752.894,884.282,0.0,752.894,400448,737.634,569,737.644,744.388,7175561,2338,False,744.438,744.41,0.028,0.028032,0,1,50,92612,2626560,0.021999999999934516,8.484000000000037,0.009999999999990905,reload-4-inventory
4,570,278.218,480.254,758.472,572,758.472,863.726,0.0,758.472,400448,737.639,570,737.65,744.445,7175711,2338,False,744.493,744.466,0.026,0.02654,0,1,50,92612,2626560,0.020999999999958163,14.005999999999972,0.010999999999967258,reload-4-inventory
4,571,289.858,479.057,768.915,572,768.915,855.206,0.0,768.915,400448,737.645,571,737.657,744.488,7175711,2338,False,744.548,744.521,0.027,0.027031,0,1,54,101004,2626560,0.032999999999901775,24.394000000000005,0.012000000000057298,reload-4-inventory
4,572,296.042,479.801,775.843,572,775.843,862.698,0.0,775.843,400448,737.649,572,737.661,744.558,7175561,2338,False,744.614,744.582,0.031,0.031267,0,1,54,101004,2626560,0.02400000000000091,31.260999999999967,0.011999999999943611,reload-4-inventory
4,573,293.708,480.132,773.84,572,773.84,833.656,0.0,773.84,400448,737.654,573,737.664,744.53,7175711,2338,False,744.589,744.557,0.032,0.032259,0,1,54,101004,2626560,0.027000000000043656,29.283000000000015,0.009999999999990905,reload-4-inventory
4,574,306.813,477.404,784.217,572,784.217,866.862,0.0,784.217,400448,737.658,574,737.669,744.586,7175711,2338,False,744.644,744.616,0.028,0.028072,0,1,54,101004,2626560,0.029999999999972715,39.601,0.010999999999967258,reload-4-inventory
4,575,308.765,477.99,786.755,572,786.755,875.481,0.0,786.755,400448,737.662,575,737.673,744.619,7175711,2338,False,744.672,744.641,0.03,0.030055,0,1,54,101004,2626560,0.021999999999934516,42.11400000000003,0.010999999999967258,reload-4-inventory
4,576,339.434,478.33,817.764,572,817.764,888.129,0.0,817.764,400448,737.668,576,737.679,744.733,7175561,2338,False,744.787,744.757,0.03,0.030265,0,1,54,101004,2626560,0.02400000000000091,73.00700000000006,0.010999999999967258,reload-4-inventory
4,577,297.672,478.819,776.491,572,776.491,830.662,0.0,776.491,400448,737.673,577,737.684,744.802,7175711,2338,False,744.851,744.822,0.029,0.028773,0,1,54,101004,2626560,0.01999999999998181,31.668999999999983,0.010999999999967258,reload-4-inventory
4,578,289.487,477.957,767.444,572,767.444,839.459,0.0,767.444,400448,737.677,578,737.685,744.738,7175711,2338,False,744.793,744.764,0.029,0.028863,0,1,54,101004,2626560,0.025999999999953616,22.67999999999995,0.007999999999924512,reload-4-inventory
4,579,293.675,477.389,771.064,572,771.064,869.688,0.0,771.064,400448,737.682,579,737.694,744.79,7175711,2338,False,744.857,744.824,0.032,0.032369,0,1,54,101004,2626560,0.033999999999991815,26.24000000000001,0.011999999999943611,reload-4-inventory
4,580,295.541,477.985,773.526,572,773.526,863.673,0.0,773.526,400448,737.686,580,737.694,744.769,7175561,2338,False,744.823,744.794,0.028,0.028112,0,1,54,101004,2626560,0.024999999999977263,28.73199999999997,0.007999999999924512,reload-4-inventory
4,581,268.169,480.326,748.495,572,748.495,868.289,0.0,748.495,400448,737.691,581,737.699,744.899,7175711,2338,False,744.965,744.931,0.033,0.033149,0,1,59,109446,2626560,0.03200000000003911,3.5639999999999645,0.007999999999924512,reload-4-inventory
4,582,271.061,480.095,751.156,572,751.156,840.145,0.0,751.156,400448,737.695,582,737.706,744.967,7175711,2338,False,745.031,745.001,0.03,0.029755,0,1,59,109446,2626560,0.033999999999991815,6.154999999999973,0.010999999999967258,reload-4-inventory
4,583,296.338,478.477,774.815,572,774.815,872.5,0.0,774.815,400448,737.701,583,737.714,744.83,7175561,2338,False,744.885,744.854,0.031,0.030746,0,1,54,101004,2626560,0.02400000000000091,29.961000000000013,0.013000000000033651,reload-4-inventory
4,584,273.383,479.663,753.046,572,753.046,894.001,0.0,753.046,400448,737.707,584,737.721,744.993,7175711,2338,False,745.054,745.026,0.028,0.027451,0,1,59,109446,2626560,0.032999999999901775,8.020000000000095,0.014000000000010004,reload-4-inventory
4,585,276.558,478.121,754.679,572,754.679,866.565,0.0,754.679,400448,737.712,585,737.726,745.018,7175711,2338,False,745.078,745.045,0.033,0.032949,0,1,59,109446,2626560,0.02699999999992997,9.634000000000015,0.014000000000010004,reload-4-inventory
4,586,278.742,477.367,756.109,572,756.109,864.052,0.0,756.109,400448,737.719,586,737.731,745.035,7175711,2338,False,745.108,745.073,0.035,0.034612,0,1,59,109446,2626560,0.038000000000010914,11.036000000000058,0.011999999999943611,reload-4-inventory
4,587,268.161,480.023,748.184,572,748.184,849.888,0.0,748.184,400448,737.727,587,737.736,745.184,7175561,2338,False,745.25,745.211,0.039,0.038578,0,1,59,109446,2626560,0.027000000000043656,2.9729999999999563,0.009000000000014552,reload-4-inventory
4,588,285.275,480.312,765.587,572,765.587,851.507,0.0,765.587,400448,737.731,588,737.742,745.154,7175711,2338,False,745.21,745.178,0.032,0.031978,0,1,59,109446,2626560,0.02400000000000091,20.408999999999992,0.010999999999967258,reload-4-inventory
4,589,279.892,480.1,759.992,572,759.992,846.674,0.0,759.992,400448,737.736,589,737.747,745.088,7175711,2338,False,745.141,745.114,0.027,0.0265,0,1,59,109446,2626560,0.026000000000067303,14.877999999999929,0.010999999999967258,reload-4-inventory
4,590,279.379,477.676,757.055,572,757.055,885.049,0.0,757.055,400448,737.742,590,737.753,745.046,7175561,2338,False,745.115,745.079,0.036,0.035403,0,1,59,109446,2626560,0.032999999999901775,11.975999999999999,0.011000000000080945,reload-4-inventory
4,591,270.263,478.748,749.011,572,749.011,826.634,0.0,749.011,400448,737.747,591,737.759,745.202,7175711,2338,False,745.257,745.229,0.028,0.028122,0,1,59,109446,2626560,0.027000000000043656,3.7819999999999254,0.012000000000057298,reload-4-inventory
4,592,271.173,478.885,750.058,572,750.058,853.23,0.0,750.058,400448,737.752,592,737.764,745.229,7175711,2338,False,745.283,745.254,0.029,0.028914,0,1,59,109446,2626560,0.024999999999977263,4.803999999999974,0.012000000000057298,reload-4-inventory
4,593,272.222,478.968,751.19,572,751.19,859.37,0.0,751.19,400448,737.757,593,737.767,745.26,7175711,2338,False,745.328,745.292,0.036,0.035283,0,1,59,109446,2626560,0.03200000000003911,5.898000000000025,0.010000000000104592,reload-4-inventory
4,594,270.572,479.967,750.539,572,750.539,864.479,0.0,750.539,400448,737.762,594,737.77,745.266,7175561,2338,False,745.319,745.29,0.03,0.029635,0,1,59,109446,2626560,0.02400000000000091,5.249000000000024,0.008000000000038199,reload-4-inventory
4,595,274.091,479.0,753.091,572,753.091,895.647,0.0,753.091,400448,737.766,595,737.776,745.313,7175711,2338,False,745.372,745.336,0.036,0.035513,0,1,59,109446,2626560,0.023000000000024556,7.7549999999999955,0.009999999999990905,reload-4-inventory
4,596,267.801,480.045,747.846,572,747.846,861.644,0.0,747.846,400448,737.771,596,737.78,745.325,7175711,2338,False,745.386,745.351,0.034,0.034431,0,1,59,109446,2626560,0.025999999999953616,2.4950000000000045,0.009000000000014552,reload-4-inventory
4,597,271.953,477.566,749.519,572,749.519,865.442,0.0,749.519,400448,737.776,597,737.784,745.397,7175561,2338,False,745.451,745.423,0.028,0.027651,0,1,64,117888,2626560,0.025999999999953616,4.096000000000004,0.008000000000038199,reload-4-inventory
4,598,271.384,480.113,751.497,572,751.497,838.394,0.0,751.497,400448,737.78,598,737.796,745.423,7175711,2338,False,745.477,745.447,0.03,0.029604,0,1,64,117888,2626560,0.02400000000000091,6.0499999999999545,0.016000000000076398,reload-4-inventory
4,599,272.479,478.463,750.942,572,750.942,841.636,0.0,750.942,400448,737.785,599,737.801,745.465,7175711,2338,False,745.529,745.496,0.032,0.032198,0,1,64,117888,2626560,0.03099999999994907,5.446000000000026,0.016000000000076398,reload-4-inventory
4,600,269.037,478.539,747.576,572,747.576,877.808,0.0,747.576,400448,737.796,600,737.805,745.473,7175711,2338,False,745.542,745.509,0.033,0.032569,0,1,64,117888,2626560,0.03600000000005821,2.0670000000000073,0.008999999999900865,reload-4-inventory
4,601,268.847,479.905,748.752,572,748.752,890.026,0.0,748.752,400448,737.8,601,737.81,745.51,7175561,2338,False,745.58,745.546,0.034,0.0337,0,1,64,117888,2626560,0.03600000000005821,3.2059999999999036,0.009999999999990905,reload-4-inventory
4,602,268.226,480.087,748.313,572,748.313,863.682,0.0,748.313,400448,737.805,602,737.815,745.511,7175711,2338,False,745.569,745.542,0.027,0.027091,0,1,64,117888,2626560,0.031000000000062755,2.770999999999958,0.010000000000104592,reload-4-inventory
4,603,279.342,477.442,756.784,572,756.784,841.388,0.0,756.784,400448,737.809,603,737.819,745.612,7175711,2338,False,745.754,745.725,0.029,0.028863,0,1,64,117888,2626560,0.11300000000005639,11.058999999999969,0.009999999999990905,reload-4-inventory
4,604,273.172,479.519,752.691,572,752.691,861.792,0.0,752.691,400448,737.814,604,737.832,745.628,7175711,2338,False,745.686,745.655,0.03,0.030456,0,1,64,117888,2626560,0.02699999999992997,7.036000000000058,0.018000000000029104,reload-4-inventory
4,605,273.413,478.572,751.985,572,751.985,831.98,0.0,751.985,400448,737.82,605,737.836,745.628,7175561,2338,False,745.685,745.653,0.031,0.031327,0,1,64,117888,2626560,0.024999999999977263,6.331999999999994,0.01599999999996271,reload-4-inventory
4,606,280.391,478.485,758.876,572,758.876,877.861,0.0,758.876,400448,737.83,606,737.842,745.714,7175711,2338,False,745.775,745.746,0.029,0.029454,0,1,64,117888,2626560,0.03199999999992542,13.129999999999995,0.011999999999943611,reload-4-inventory
4,607,279.6,477.814,757.414,572,757.414,904.894,0.0,757.414,400448,737.835,607,737.844,745.715,7175711,2338,False,745.775,745.743,0.032,0.032288,0,1,64,117888,2626560,0.02800000000002001,11.670999999999935,0.009000000000014552,reload-4-inventory
4,608,292.152,477.806,769.958,572,769.958,877.241,0.0,769.958,400448,737.84,608,737.848,745.741,7175561,2338,False,745.799,745.77,0.029,0.029044,0,1,64,117888,2626560,0.028999999999996362,24.187999999999988,0.007999999999924512,reload-4-inventory
4,609,303.288,478.161,781.449,572,781.449,829.147,0.0,781.449,400448,737.844,609,737.853,745.839,7175711,2338,False,745.908,745.863,0.044,0.043986,0,1,64,117888,2626560,0.02400000000000091,35.5859999999999,0.008999999999900865,reload-4-inventory
4,610,290.385,480.293,770.678,572,770.678,892.191,0.0,770.678,400448,737.848,610,737.861,745.849,7175711,2338,False,745.922,745.881,0.041,0.041231,0,1,64,117888,2626560,0.03199999999992542,24.797000000000025,0.013000000000033651,reload-4-inventory
4,611,294.745,477.687,772.432,572,772.432,838.851,0.0,772.432,400448,737.852,611,737.864,745.859,7175711,2338,False,745.929,745.886,0.043,0.042543,0,1,64,117888,2626560,0.02699999999992997,26.54600000000005,0.012000000000057298,reload-4-inventory
4,612,299.98,477.412,777.392,572,777.392,870.266,0.0,777.392,400448,737.859,612,737.869,745.937,7175561,2338,False,746.01,745.966,0.044,0.043546,0,1,64,117888,2626560,0.028999999999996362,31.426000000000045,0.009999999999990905,reload-4-inventory
4,613,302.687,477.952,780.639,572,780.639,844.744,0.0,780.639,400448,737.864,613,737.876,745.952,7175711,2338,False,746.012,745.982,0.03,0.029474,0,1,64,117888,2626560,0.029999999999972715,34.65700000000004,0.011999999999943611,reload-4-inventory
4,614,302.48,478.94,781.42,572,781.42,831.748,0.0,781.42,400448,737.869,614,737.881,746.092,7175711,2338,False,746.155,746.122,0.033,0.032579,0,1,64,117888,2626560,0.029999999999972715,35.298,0.011999999999943611,reload-4-inventory
4,615,295.822,480.128,775.95,572,775.95,840.736,0.0,775.95,400448,737.875,615,737.882,746.019,7175561,2338,False,746.105,746.046,0.059,0.059089,0,1,64,117888,2626560,0.027000000000043656,29.903999999999996,0.006999999999948159,reload-4-inventory
4,616,295.788,478.13,773.918,572,773.918,828.38,0.0,773.918,400448,737.879,616,737.89,746.033,7175711,2338,False,746.107,746.069,0.037,0.037236,0,1,64,117888,2626560,0.03599999999994452,27.849000000000046,0.010999999999967258,reload-4-inventory
4,617,299.687,478.694,778.381,572,778.381,877.161,0.0,778.381,400448,737.883,617,737.897,746.13,7175711,2338,False,746.19,746.16,0.03,0.029755,0,1,64,117888,2626560,0.029999999999972715,32.221000000000004,0.014000000000010004,reload-4-inventory
4,618,314.288,480.122,794.41,572,794.41,879.819,0.0,794.41,400448,737.889,618,737.901,746.185,7175711,2338,False,746.246,746.218,0.028,0.027781,0,1,64,117888,2626560,0.03300000000001546,48.19200000000001,0.011999999999943611,reload-4-inventory
4,619,416.203,479.254,895.457,572,895.457,902.662,0.0,895.457,400448,737.897,619,737.907,828.639,7175561,2338,False,828.756,828.718,0.038,0.038047,0,1,64,117888,2626560,0.07899999999995089,66.73900000000003,0.009999999999990905,reload-4-inventory
4,620,407.301,479.558,886.859,572,886.859,893.873,0.0,886.859,400448,737.901,620,737.917,829.164,7175711,2338,False,829.262,829.229,0.032,0.032339,0,1,64,117888,2626560,0.06500000000005457,57.629999999999995,0.016000000000076398,reload-4-inventory
4,621,412.484,478.442,890.926,572,890.926,896.805,0.0,890.926,400448,737.906,621,737.927,829.724,7175711,2338,False,829.819,829.788,0.03,0.030255,0,1,64,117888,2626560,0.06399999999996453,61.138000000000034,0.02100000000007185,reload-4-inventory
4,622,399.474,479.325,878.799,572,878.799,883.906,0.0,878.799,400448,737.916,622,737.931,830.285,7175561,2338,False,830.397,830.365,0.032,0.031548,0,1,64,117888,2626560,0.08000000000004093,48.43399999999997,0.014999999999986358,reload-4-inventory
4,623,414.234,478.511,892.745,572,892.745,897.859,0.0,892.745,400448,737.926,623,737.943,830.998,7175711,2338,False,831.11,831.078,0.032,0.031747,0,1,64,117888,2626560,0.07999999999992724,61.66700000000003,0.016999999999939064,reload-4-inventory
4,624,424.207,478.356,902.563,572,902.563,907.439,0.0,902.563,400448,737.931,624,737.953,831.629,7175711,2338,False,831.732,831.694,0.038,0.038097,0,1,64,117888,2626560,0.06499999999994088,70.86900000000003,0.021999999999934516,reload-4-inventory
4,625,423.24,477.527,900.767,572,900.767,905.553,0.0,900.767,400448,737.942,625,737.956,832.226,7175711,2338,False,832.328,832.296,0.031,0.031306,0,1,64,117888,2626560,0.07000000000005002,68.471,0.014000000000010004,reload-4-inventory
4,626,421.599,478.735,900.334,572,900.334,905.316,0.0,900.334,400448,737.951,626,737.96,832.778,7175561,2338,False,832.871,832.841,0.03,0.030365,0,1,64,117888,2626560,0.06299999999998818,67.49299999999994,0.009000000000014552,reload-4-inventory
4,627,416.366,479.941,896.307,572,896.307,901.243,0.0,896.307,400448,737.955,627,737.963,833.363,7175711,2338,False,833.54,833.502,0.037,0.037336,0,1,64,117888,2626560,0.13899999999989632,62.805000000000064,0.007999999999924512,reload-4-inventory
4,628,399.728,478.099,877.827,572,877.827,882.652,0.0,877.827,400448,737.96,628,737.97,834.723,7175711,2338,False,834.833,834.799,0.034,0.03342,0,1,64,117888,2626560,0.07600000000002183,43.02800000000002,0.009999999999990905,reload-4-inventory
4,629,433.348,477.815,911.163,572,911.163,916.026,0.0,911.163,400448,737.964,629,737.975,835.43,7175711,2338,False,835.534,835.5,0.033,0.03313,0,1,64,117888,2626560,0.07000000000005002,75.66300000000001,0.010999999999967258,reload-4-inventory
4,630,424.085,478.135,902.22,572,902.22,907.111,0.0,902.22,400448,737.969,630,737.979,836.05,7175561,2338,False,836.186,836.128,0.058,0.057937,0,1,64,117888,2626560,0.07800000000008822,66.09199999999998,0.009999999999990905,reload-4-inventory
4,631,432.096,480.03,912.126,572,912.126,916.983,0.0,912.126,400448,737.974,631,737.983,837.394,7175711,2338,False,837.575,837.475,0.1,0.099699,0,1,64,117888,2626560,0.08100000000001728,74.65099999999995,0.008999999999900865,reload-4-inventory
4,632,437.261,477.408,914.669,572,914.669,919.566,0.0,914.669,400448,737.978,632,737.989,839.995,7175711,2338,False,840.185,840.076,0.109,0.108563,0,1,64,117888,2626560,0.08100000000001728,74.59299999999996,0.011000000000080945,reload-4-inventory
4,633,431.92,478.923,910.843,572,910.843,918.099,0.0,910.843,400448,737.983,633,737.991,838.622,7175561,2338,False,838.815,838.696,0.119,0.118747,0,1,64,117888,2626560,0.07400000000006912,72.14699999999993,0.008000000000038199,reload-4-inventory
4,634,437.124,478.308,915.432,572,915.432,920.749,0.0,915.432,400448,737.987,634,737.997,841.462,7175711,2338,False,841.627,841.532,0.095,0.094491,0,1,64,117888,2626560,0.07000000000005002,73.89999999999998,0.009999999999990905,reload-4-inventory
4,635,426.4,480.306,906.706,572,906.706,912.974,0.0,906.706,400448,737.991,635,738.002,842.615,7175711,2338,False,842.717,842.688,0.029,0.028613,0,1,64,117888,2626560,0.07299999999997908,64.01800000000003,0.010999999999967258,reload-4-inventory
4,636,426.159,479.191,905.35,572,905.35,910.285,0.0,905.35,400448,737.996,636,738.008,844.461,7175711,2338,False,844.604,844.537,0.067,0.067281,0,1,64,117888,2626560,0.07600000000002183,60.81299999999999,0.012000000000057298,reload-4-inventory
4,637,428.839,480.051,908.89,572,908.89,913.823,0.0,908.89,400448,738.002,637,738.013,843.527,7175561,2338,False,843.645,843.588,0.057,0.057356,0,1,64,117888,2626560,0.06099999999992178,65.30200000000002,0.011000000000080945,reload-4-inventory
4,638,423.875,477.669,901.544,572,901.544,906.498,0.0,901.544,400448,738.007,638,738.017,845.237,7175711,2338,False,845.356,845.298,0.058,0.058167,0,1,64,117888,2626560,0.06100000000003547,56.24599999999998,0.010000000000104592,reload-4-inventory
4,639,398.024,480.345,878.369,572,878.369,883.216,0.0,878.369,400448,738.011,639,738.023,845.861,7175711,2338,False,846.079,846.002,0.078,0.077306,0,1,64,117888,2626560,0.1409999999999627,32.367000000000075,0.012000000000057298,reload-4-inventory
4,640,410.564,477.861,888.425,572,888.425,894.059,0.0,888.425,400448,738.018,640,738.027,846.937,7175561,2338,False,847.116,847.068,0.048,0.048192,0,1,64,117888,2626560,0.1309999999999718,41.35699999999997,0.009000000000014552,reload-4-inventory
4,641,408.549,479.763,888.312,572,888.312,893.129,0.0,888.312,400448,738.023,641,738.033,847.719,7175711,2338,False,847.821,847.785,0.036,0.036034,0,1,64,117888,2626560,0.06599999999991724,40.527000000000044,0.009999999999990905,reload-4-inventory
4,642,407.815,477.592,885.407,572,885.407,892.515,0.0,885.407,400448,738.027,642,738.038,848.464,7175711,2338,False,848.577,848.524,0.052,0.052008,0,1,64,117888,2626560,0.05999999999994543,36.88300000000004,0.010999999999967258,reload-4-inventory
4,643,386.081,479.672,865.753,572,865.753,870.583,0.0,865.753,400448,738.031,643,738.042,849.055,7175711,2338,False,849.151,849.115,0.036,0.035543,0,1,64,117888,2626560,0.06000000000005912,16.638000000000034,0.011000000000080945,reload-4-inventory
4,644,407.763,479.39,887.153,572,887.153,892.032,0.0,887.153,400448,738.038,644,738.05,849.651,7175561,2338,False,849.751,849.718,0.033,0.033029,0,1,64,117888,2626560,0.06700000000000728,37.43500000000006,0.011999999999943611,reload-4-inventory
4,645,389.328,478.781,868.109,572,868.109,875.145,0.0,868.109,400448,738.042,645,738.053,850.224,7175711,2338,False,850.358,850.321,0.037,0.037306,0,1,64,117888,2626560,0.09699999999997999,17.78800000000001,0.010999999999967258,reload-4-inventory
4,646,400.457,480.037,880.494,572,880.494,887.946,0.0,880.494,400448,738.048,646,738.056,850.819,7175711,2338,False,850.997,850.93,0.066,0.06646,0,1,64,117888,2626560,0.11099999999999,29.564000000000078,0.008000000000038199,reload-4-inventory
4,647,390.793,480.258,871.051,572,871.051,875.84,0.0,871.051,400448,738.052,647,738.063,851.524,7175711,2338,False,851.654,851.588,0.066,0.065598,0,1,64,117888,2626560,0.06399999999996453,19.46300000000008,0.010999999999967258,reload-4-inventory
4,648,392.723,480.051,872.774,572,872.774,877.707,0.0,872.774,400448,738.057,648,738.067,852.319,7175561,2338,False,852.412,852.381,0.031,0.031327,0,1,64,117888,2626560,0.06200000000001182,20.39300000000003,0.009999999999990905,reload-4-inventory
4,649,399.244,479.876,879.12,572,879.12,884.002,0.0,879.12,400448,738.062,649,738.073,848.363,7175711,2338,False,848.51,848.423,0.087,0.086599,0,1,64,117888,2626560,0.05999999999994543,30.697000000000003,0.010999999999967258,reload-4-inventory
4,650,406.0,479.669,885.669,572,885.669,890.613,0.0,885.669,400448,738.067,650,738.079,847.932,7175711,2338,False,848.072,848.039,0.033,0.032749,0,1,64,117888,2626560,0.1069999999999709,37.629999999999995,0.011999999999943611,reload-4-inventory
4,651,395.839,478.538,874.377,572,874.377,879.328,0.0,874.377,400448,738.072,651,738.084,849.224,7175561,2338,False,849.367,849.292,0.075,0.074642,0,1,64,117888,2626560,0.06799999999998363,25.084999999999923,0.011999999999943611,reload-4-inventory
4,652,413.62,477.762,891.382,572,891.382,899.681,0.0,891.382,400448,738.078,652,738.087,850.027,7175711,2338,False,850.147,850.086,0.061,0.061302,0,1,64,117888,2626560,0.05899999999996908,41.295999999999935,0.009000000000014552,reload-4-inventory
4,653,398.83,478.69,877.52,572,877.52,884.81,0.0,877.52,400448,738.083,653,738.091,850.889,7175711,2338,False,851.073,851.01,0.063,0.063015,0,1,64,117888,2626560,0.1209999999999809,26.50999999999999,0.008000000000038199,reload-4-inventory
4,654,401.442,478.018,879.46,572,879.46,884.567,0.0,879.46,400448,738.088,654,738.096,852.508,7175711,2338,False,852.716,852.678,0.038,0.038127,0,1,64,117888,2626560,0.16999999999995907,26.78200000000004,0.008000000000038199,reload-4-inventory
4,655,394.39,480.176,874.566,572,874.566,879.545,0.0,874.566,400448,738.092,655,738.102,841.734,7175561,2338,False,841.85,841.813,0.036,0.036044,0,1,64,117888,2626560,0.07899999999995089,32.75300000000004,0.009999999999990905,reload-4-inventory
4,656,405.207,478.955,884.162,572,884.162,889.284,0.0,884.162,400448,738.096,656,738.107,851.794,7175711,2338,False,851.979,851.925,0.054,0.053921,0,1,64,117888,2626560,0.1309999999999718,32.23700000000008,0.010999999999967258,reload-4-inventory
4,657,401.238,478.051,879.289,572,879.289,884.131,0.0,879.289,400448,738.101,657,738.112,851.752,7175711,2338,False,851.955,851.92,0.034,0.03376,0,1,64,117888,2626560,0.16800000000000637,27.369000000000028,0.010999999999967258,reload-4-inventory
4,658,394.662,479.531,874.193,572,874.193,879.08,0.0,874.193,400448,738.106,658,738.119,846.416,7175561,2338,False,846.554,846.486,0.067,0.067371,0,1,64,117888,2626560,0.06999999999993634,27.706999999999994,0.013000000000033651,reload-4-inventory
4,659,418.482,479.469,897.951,572,897.951,902.905,0.0,897.951,400448,738.111,659,738.121,842.481,7175711,2338,False,842.593,842.552,0.041,0.040921,0,1,64,117888,2626560,0.07100000000002638,55.399,0.009999999999990905,reload-4-inventory
4,660,422.03,479.312,901.342,572,901.342,906.163,0.0,901.342,400448,738.116,660,738.128,845.157,7175711,2338,False,845.304,845.233,0.071,0.071086,0,1,64,117888,2626560,0.07599999999990814,56.10900000000004,0.012000000000057298,reload-4-inventory
4,661,428.585,479.277,907.862,572,907.862,912.766,0.0,907.862,400448,738.121,661,738.13,843.649,7175711,2338,False,843.811,843.725,0.086,0.085328,0,1,64,117888,2626560,0.07600000000002183,64.13699999999994,0.009000000000014552,reload-4-inventory
4,662,403.247,477.41,880.657,572,880.657,885.632,0.0,880.657,400448,738.126,662,738.135,847.628,7175561,2338,False,847.802,847.72,0.082,0.081592,0,1,64,117888,2626560,0.09199999999998454,32.93700000000001,0.009000000000014552,reload-4-inventory
4,663,381.249,480.163,861.412,572,861.412,866.321,0.0,861.412,400448,738.13,663,738.141,848.871,7175711,2338,False,849.04,848.943,0.096,0.096344,0,1,64,117888,2626560,0.07200000000000273,12.469000000000051,0.010999999999967258,reload-4-inventory
4,664,394.618,478.729,873.347,572,873.347,878.441,0.0,873.347,400448,738.136,664,738.147,851.16,7175711,2338,False,851.304,851.266,0.037,0.037065,0,1,64,117888,2626560,0.10599999999999454,22.081000000000017,0.011000000000080945,reload-4-inventory
4,665,411.826,478.525,890.351,572,890.351,895.314,0.0,890.351,400448,738.141,665,738.15,849.841,7175561,2338,False,850.096,850.01,0.086,0.085398,0,1,64,117888,2626560,0.16899999999998272,40.34100000000001,0.009000000000014552,reload-4-inventory
4,666,389.23,480.291,869.521,572,869.521,874.333,0.0,869.521,400448,738.145,666,738.157,853.229,7175711,2338,False,853.374,853.336,0.038,0.038227,0,1,64,117888,2626560,0.1069999999999709,16.184999999999945,0.012000000000057298,reload-4-inventory
4,667,404.579,480.018,884.597,572,884.597,889.458,0.0,884.597,400448,738.15,667,738.159,852.548,7175711,2338,False,852.782,852.696,0.087,0.08634,0,1,64,117888,2626560,0.14800000000002456,31.900999999999954,0.009000000000014552,reload-4-inventory
4,668,404.015,480.108,884.123,572,884.123,888.943,0.0,884.123,400448,738.154,668,738.171,853.499,7175711,2338,False,853.6,853.565,0.034,0.034131,0,1,64,117888,2626560,0.06600000000003092,30.557999999999993,0.01700000000005275,reload-4-inventory
4,669,394.843,479.521,874.364,572,874.364,879.213,0.0,874.364,400448,738.159,669,738.177,853.395,7175561,2338,False,853.535,853.469,0.066,0.065638,0,1,64,117888,2626560,0.07400000000006912,20.894999999999982,0.018000000000029104,reload-4-inventory
4,670,414.478,478.904,893.382,572,893.382,898.236,0.0,893.382,400448,738.172,670,738.182,853.871,7175711,2338,False,854.067,853.983,0.084,0.084206,0,1,64,117888,2626560,0.11199999999996635,39.399,0.009999999999990905,reload-4-inventory
4,671,386.12,480.106,866.226,572,866.226,871.019,0.0,866.226,400448,738.177,671,738.188,853.021,7175711,2338,False,853.149,853.094,0.055,0.054482,0,1,64,117888,2626560,0.07300000000009277,13.131999999999948,0.010999999999967258,reload-4-inventory
4,672,417.988,478.578,896.566,572,896.566,903.644,0.0,896.566,400448,738.183,672,738.196,854.868,7175711,2338,False,855.041,854.958,0.082,0.082314,0,1,64,117888,2626560,0.08999999999991815,41.60800000000006,0.013000000000033651,reload-4-inventory
4,673,399.921,479.322,879.243,572,879.243,884.095,0.0,879.243,400448,738.188,673,738.198,853.475,7175561,2338,False,853.615,853.542,0.072,0.071918,0,1,64,117888,2626560,0.06700000000000728,25.701000000000022,0.009999999999990905,reload-4-inventory
4,674,418.11,477.571,895.681,572,895.681,902.679,0.0,895.681,400448,738.193,674,738.204,854.101,7175711,2338,False,854.207,854.161,0.045,0.045468,0,1,64,117888,2626560,0.05999999999994543,41.520000000000095,0.010999999999967258,reload-4-inventory
4,675,408.443,480.29,888.733,572,888.733,894.222,0.0,888.733,400448,738.197,675,738.207,852.959,7175711,2338,False,853.072,853.022,0.05,0.050055,0,1,64,117888,2626560,0.06300000000010186,35.7109999999999,0.009999999999990905,reload-4-inventory
4,676,422.981,479.578,902.559,572,902.559,907.483,0.0,902.559,400448,738.203,676,738.211,853.879,7175561,2338,False,854.11,854.002,0.108,0.107571,0,1,64,117888,2626560,0.1229999999999336,48.557000000000016,0.008000000000038199,reload-4-inventory
4,677,381.9,479.087,860.987,572,860.987,865.813,0.0,860.987,400448,738.207,677,738.219,855.04,7175711,2338,False,855.188,855.12,0.068,0.067561,0,1,64,117888,2626560,0.08000000000004093,5.866999999999962,0.012000000000057298,reload-4-inventory
4,678,418.016,479.585,897.601,572,897.601,903.863,0.0,897.601,400448,738.214,678,738.226,854.565,7175711,2338,False,854.677,854.646,0.031,0.031077,0,1,64,117888,2626560,0.0809999999999036,42.95500000000004,0.011999999999943611,reload-4-inventory
4,679,436.583,478.68,915.263,572,915.263,920.066,0.0,915.263,400448,738.218,679,738.233,839.728,7175711,2338,False,839.832,839.792,0.04,0.039639,0,1,64,117888,2626560,0.06400000000007822,75.471,0.014999999999986358,reload-4-inventory
4,680,437.136,477.421,914.557,572,914.557,921.225,0.0,914.557,400448,738.224,680,738.238,839.046,7175561,2338,False,839.202,839.153,0.049,0.048813,0,1,64,117888,2626560,0.1069999999999709,75.404,0.014000000000010004,reload-4-inventory
4,681,439.401,478.503,917.904,572,917.904,922.754,0.0,917.904,400448,738.234,681,738.244,838.353,7175711,2338,False,838.45,838.417,0.033,0.032368,0,1,64,117888,2626560,0.06400000000007822,79.48699999999997,0.009999999999990905,reload-4-inventory
4,682,433.182,479.694,912.876,572,912.876,917.801,0.0,912.876,400448,738.239,682,738.25,837.622,7175711,2338,False,837.737,837.686,0.051,0.050586,0,1,64,117888,2626560,0.06400000000007822,75.18999999999994,0.010999999999967258,reload-4-inventory
4,683,418.923,480.153,899.076,572,899.076,903.95,0.0,899.076,400448,738.245,683,738.255,836.655,7175561,2338,False,836.884,836.821,0.062,0.062043,0,1,64,117888,2626560,0.16600000000005366,62.254999999999995,0.009999999999990905,reload-4-inventory
4,684,434.251,478.511,912.762,572,912.762,919.506,0.0,912.762,400448,738.249,684,738.26,835.759,7175711,2338,False,835.922,835.871,0.051,0.050355,0,1,64,117888,2626560,0.11199999999996635,76.89099999999996,0.010999999999967258,reload-4-inventory
4,685,410.76,480.012,890.772,572,890.772,897.064,0.0,890.772,400448,738.255,685,738.267,835.209,7175711,2338,False,835.304,835.271,0.033,0.032659,0,1,64,117888,2626560,0.06200000000001182,55.50100000000009,0.012000000000057298,reload-4-inventory
4,686,388.827,479.122,867.949,572,867.949,872.749,0.0,867.949,400448,738.26,686,738.272,834.647,7175711,2338,False,834.751,834.718,0.033,0.032879,0,1,64,117888,2626560,0.07099999999991269,33.230999999999995,0.012000000000057298,reload-4-inventory
4,687,430.469,479.676,910.145,572,910.145,915.2,0.0,910.145,400448,738.267,687,738.278,834.092,7175561,2338,False,834.19,834.154,0.036,0.036054,0,1,64,117888,2626560,0.06200000000001182,75.99099999999999,0.010999999999967258,reload-4-inventory
4,688,430.263,479.955,910.218,572,910.218,915.407,0.0,910.218,400448,738.273,688,738.283,833.476,7175711,2338,False,833.661,833.578,0.083,0.082774,0,1,64,117888,2626560,0.10199999999997544,76.63999999999999,0.009999999999990905,reload-4-inventory
4,689,415.321,479.839,895.16,572,895.16,900.081,0.0,895.16,400448,738.278,689,738.288,854.722,7175711,2338,False,854.86,854.781,0.079,0.078608,0,1,64,117888,2626560,0.05899999999996908,40.37900000000002,0.009999999999990905,reload-4-inventory
4,690,415.831,478.652,894.483,572,894.483,901.707,0.0,894.483,400448,738.283,690,738.293,854.429,7175711,2338,False,854.619,854.501,0.118,0.117536,0,1,64,117888,2626560,0.07200000000000273,39.98199999999997,0.009999999999990905,reload-4-inventory
4,691,436.906,478.312,915.218,572,915.218,920.144,0.0,915.218,400448,738.288,691,738.302,840.381,7175561,2338,False,840.487,840.447,0.039,0.039059,0,1,64,117888,2626560,0.06600000000003092,74.77099999999996,0.014000000000010004,reload-4-inventory
4,692,464.226,449.627,913.853,572,913.853,918.667,0.0,913.853,400448,738.293,692,738.305,841.389,7099131,2338,False,841.532,841.455,0.077,0.076865,0,1,64,117888,2626560,0.06600000000003092,72.39799999999991,0.011999999999943611,reload-4-inventory
4,693,412.493,480.347,892.84,572,892.84,897.928,0.0,892.84,400448,738.3,693,738.31,842.349,7099494,2338,False,842.465,842.415,0.049,0.048973,0,1,64,117888,2626560,0.06599999999991724,50.42500000000007,0.009999999999990905,reload-4-inventory
4,694,418.781,477.769,896.55,572,896.55,901.507,0.0,896.55,400448,738.305,694,738.316,843.952,7099045,2338,False,844.053,844.021,0.032,0.031628,0,1,64,117888,2626560,0.06899999999995998,52.528999999999996,0.011000000000080945,reload-4-inventory
4,695,430.595,477.781,908.376,572,908.376,913.235,0.0,908.376,400448,738.309,695,738.317,843.079,7099591,2338,False,843.207,843.148,0.058,0.058097,0,1,64,117888,2626560,0.06900000000007367,65.22799999999995,0.008000000000038199,reload-4-inventory
4,696,426.133,479.466,905.599,572,905.599,912.709,0.0,905.599,400448,738.314,696,738.324,844.499,7100022,2338,False,844.609,844.575,0.033,0.032739,0,1,64,117888,2626560,0.07600000000002183,61.024,0.009999999999990905,reload-4-inventory
4,697,400.567,480.326,880.893,572,880.893,887.402,0.0,880.893,400448,738.319,697,738.332,845.663,7100044,2338,False,845.81,845.728,0.082,0.081422,0,1,64,117888,2626560,0.06499999999994088,35.16500000000008,0.013000000000033651,reload-4-inventory
4,698,414.779,477.708,892.487,572,892.487,897.66,0.0,892.487,400448,738.324,698,877.816,877.869,7100430,2338,False,878.063,877.963,0.1,0.099649,0,1,64,117888,2626560,0.09399999999993724,14.524000000000001,139.49200000000008,reload-4-inventory
4,699,423.826,477.484,901.31,572,901.31,906.175,0.0,901.31,400448,877.77,699,878.797,878.84,7100667,2338,False,885.565,885.407,0.158,0.157706,0,1,64,117888,2626560,6.567000000000007,15.902999999999906,1.0270000000000437,reload-4-inventory
