ts_unix,elapsed_sec,pe1_rss_mb,pe2_rss_mb,pe1_df_role,pe2_df_role,pe1_df_changes,pe2_df_changes,pe1_bum_flags,pe2_bum_flags,pe2_running,pe1_established_seen,pe2_established_seen,pe1_pool_size,pe2_pool_size,pe1_fdb_total,pe2_fdb_total,pe1_fdb_extern_learn,pe2_fdb_extern_learn,pe1_nh_count,pe2_nh_count,pe1_local_origs,pe2_local_origs,pe1_local_orig_errors,pe2_local_orig_errors,pe1_local_obs_drops,pe2_local_obs_drops,pe1_dup_mac_moves,pe2_dup_mac_moves,pe1_drift_members_repaired,pe2_drift_members_repaired,pe1_drift_groups_replaced,pe2_drift_groups_replaced,pe1_drift_orphans_cleaned,pe2_drift_orphans_cleaned,pe1_drift_disabled,pe2_drift_disabled,churn_adds_total,churn_dels_total,churn_moves_total
1778881364,121,13.0156,12.8164,1,0,NaN,1,df,nondf,1,3,1,5,0,36,26,0,0,0,0,1,1,NaN,NaN,NaN,NaN,NaN,NaN,0,0,0,0,0,0,0,0,0,0,0
1778881424,181,15.9375,15.3086,1,0,NaN,1,df,nondf,1,3,1,150,200,926,945,600,519,0,0,251,201,NaN,NaN,NaN,NaN,NaN,NaN,0,0,0,0,0,0,0,0,400,50,0
1778881485,242,16.8047,16.2656,1,0,NaN,1,df,nondf,1,3,1,211,223,1051,1107,603,633,0,0,412,319,NaN,NaN,NaN,NaN,NaN,NaN,0,0,0,0,0,0,0,0,612,200,1
1778881546,303,17.0977,16.4297,1,0,NaN,1,df,nondf,1,3,1,260,252,1300,1310,756,780,0,0,491,503,NaN,NaN,NaN,NaN,NaN,NaN,0,0,0,0,0,0,0,0,812,300,1
1778881607,364,17.2188,16.6328,1,0,NaN,1,df,nondf,1,3,1,249,252,1282,1256,756,726,0,0,696,503,NaN,NaN,NaN,NaN,NaN,NaN,0,0,0,0,0,0,0,0,862,400,1
1778881668,425,17.2188,16.7812,1,0,NaN,1,df,nondf,1,3,1,207,255,1202,1155,762,621,0,0,858,532,NaN,NaN,NaN,NaN,NaN,NaN,0,0,0,0,0,0,0,0,912,450,2
1778881729,486,17.0664,16.7188,1,0,NaN,1,df,nondf,1,3,1,207,255,1205,1157,765,621,0,0,908,706,NaN,NaN,NaN,NaN,NaN,NaN,0,0,0,0,0,0,0,0,962,500,2
1778881789,546,17.25,16.7422,1,0,NaN,1,df,nondf,1,3,1,207,255,1202,1155,762,621,0,0,958,900,NaN,NaN,NaN,NaN,NaN,NaN,0,0,0,0,0,0,0,0,1112,650,2
1778881850,607,17.1016,16.9141,1,0,NaN,1,df,nondf,1,3,1,207,241,1052,1131,612,621,0,0,1058,1037,NaN,NaN,NaN,NaN,NaN,NaN,0,0,0,0,0,0,0,0,1261,850,3
1778881912,669,17.1016,0.871094,1,NaN,NaN,NaN,df,df,0,3,0,257,204,540,434,0,0,0,0,1251,NaN,NaN,NaN,NaN,NaN,NaN,NaN,0,NaN,0,NaN,0,NaN,0,NaN,1411,950,203
1778881974,731,17.1016,0.976562,1,NaN,NaN,NaN,df,df,0,3,0,257,255,540,536,0,0,0,0,1408,NaN,NaN,NaN,NaN,NaN,NaN,NaN,0,NaN,0,NaN,0,NaN,0,NaN,1562,1050,353
1778882036,793,17.1016,0.859375,1,NaN,NaN,NaN,df,df,0,3,0,242,270,509,560,0,0,0,0,1535,NaN,NaN,NaN,NaN,NaN,NaN,NaN,0,NaN,0,NaN,0,NaN,0,NaN,1612,1100,553
1778882098,855,17.0938,1.047,1,NaN,NaN,NaN,df,df,0,3,0,207,255,437,534,0,0,0,0,1658,NaN,NaN,NaN,NaN,NaN,NaN,NaN,0,NaN,0,NaN,0,NaN,0,NaN,1662,1200,703
1778882160,917,17.0938,1.047,1,NaN,NaN,NaN,df,df,0,3,0,206,207,436,436,0,0,0,0,1807,NaN,NaN,NaN,NaN,NaN,NaN,NaN,0,NaN,0,NaN,0,NaN,0,NaN,1812,1400,753
1778882222,979,17.0938,1.094,1,NaN,NaN,NaN,df,df,0,3,0,156,214,338,452,0,0,0,0,1958,NaN,NaN,NaN,NaN,NaN,NaN,NaN,0,NaN,0,NaN,0,NaN,0,NaN,1962,1550,853
1778882283,1040,17.0938,1.055,1,NaN,NaN,NaN,df,df,0,3,0,106,206,238,438,0,0,0,0,2108,NaN,NaN,NaN,NaN,NaN,NaN,NaN,0,NaN,0,NaN,0,NaN,0,NaN,2062,1750,1003
1778882345,1102,17.0938,1.074,1,NaN,NaN,NaN,df,df,0,3,0,106,156,238,338,0,0,0,0,2258,NaN,NaN,NaN,NaN,NaN,NaN,NaN,0,NaN,0,NaN,0,NaN,0,NaN,2212,1950,1103
1778882407,1164,17.0938,1.051,1,NaN,NaN,NaN,df,df,0,3,0,253,259,530,546,0,0,0,0,2508,NaN,NaN,NaN,NaN,NaN,NaN,NaN,0,NaN,0,NaN,0,NaN,0,NaN,2462,1950,1253
1778882469,1226,17.0938,1.051,1,NaN,NaN,NaN,df,df,0,3,0,155,106,336,238,0,0,0,0,2588,NaN,NaN,NaN,NaN,NaN,NaN,NaN,0,NaN,0,NaN,0,NaN,0,NaN,2512,2250,1353
1778882532,1289,17.0938,15.3867,1,0,NaN,1,df,nondf,1,4,1,215,206,838,1138,387,702,0,0,2808,144,NaN,NaN,NaN,NaN,NaN,NaN,0,0,0,0,0,0,0,0,2812,2350,1353
1778882593,1350,17.2969,16.4805,1,0,NaN,1,df,nondf,1,4,1,256,206,970,1144,435,708,0,0,3008,194,NaN,NaN,NaN,NaN,NaN,NaN,0,0,0,0,0,0,0,0,3012,2550,1353
1778882654,1411,17.2461,16.9844,1,0,NaN,1,df,nondf,1,4,1,218,201,942,1084,483,654,0,0,3070,335,NaN,NaN,NaN,NaN,NaN,NaN,0,0,0,0,0,0,0,0,3160,2750,1365
1778882715,1472,17.3945,17.2109,1,0,NaN,1,df,nondf,1,4,1,217,193,976,1060,519,651,0,0,3219,431,NaN,NaN,NaN,NaN,NaN,NaN,0,0,0,0,0,0,0,0,3310,2900,1366
1778882776,1533,17.3789,17.2031,1,0,NaN,1,df,nondf,1,4,1,170,140,870,813,507,510,0,0,3272,578,NaN,NaN,NaN,NaN,NaN,NaN,0,0,0,0,0,0,0,0,3460,3150,1369
1778882836,1593,17.2812,17.2031,1,0,NaN,1,df,nondf,1,4,1,150,139,730,721,405,420,0,0,3397,677,NaN,NaN,NaN,NaN,NaN,NaN,0,0,0,0,0,0,0,0,3560,3300,1370
1778882897,1654,17.2773,17.2031,1,0,NaN,1,df,nondf,1,4,1,214,186,1009,974,558,579,0,0,3561,824,NaN,NaN,NaN,NaN,NaN,NaN,0,0,0,0,0,0,0,0,3810,3450,1373
1778882958,1715,17.3555,17.2031,1,0,NaN,1,df,nondf,1,4,1,124,136,676,665,405,372,0,0,3626,944,NaN,NaN,NaN,NaN,NaN,NaN,0,0,0,0,0,0,0,0,4010,3750,1373
1778883019,1776,17.418,17.2305,1,0,NaN,1,df,nondf,1,4,1,274,238,1286,1321,714,822,0,0,3805,1126,NaN,NaN,NaN,NaN,NaN,NaN,0,0,0,0,0,0,0,0,4312,3800,1373
1778883080,1837,17.375,17.3125,1,0,NaN,1,df,nondf,1,4,1,274,238,1286,1319,714,819,0,0,3976,1176,NaN,NaN,NaN,NaN,NaN,NaN,0,0,0,0,0,0,0,0,4362,3850,1373
1778883142,1899,17.2812,1.07,1,NaN,NaN,NaN,df,df,0,4,0,253,259,531,543,0,0,0,0,4126,NaN,NaN,NaN,NaN,NaN,NaN,NaN,0,NaN,0,NaN,0,NaN,0,NaN,4412,3900,1573
1778883204,1961,17.2812,1.09,1,NaN,NaN,NaN,df,df,0,4,0,222,193,469,407,0,0,0,0,4224,NaN,NaN,NaN,NaN,NaN,NaN,NaN,0,NaN,0,NaN,0,NaN,0,NaN,4460,4050,1773
1778883265,2022,17.2812,1.238,1,NaN,NaN,NaN,df,df,0,4,0,245,216,516,456,0,0,0,0,4389,NaN,NaN,NaN,NaN,NaN,NaN,NaN,0,NaN,0,NaN,0,NaN,0,NaN,4661,4200,1823
1778883327,2084,17.3398,1.121,1,NaN,NaN,NaN,df,df,0,4,0,271,191,568,408,0,0,0,0,4574,NaN,NaN,NaN,NaN,NaN,NaN,NaN,0,NaN,0,NaN,0,NaN,0,NaN,4762,4300,2023
1778883389,2146,17.3398,1.082,1,NaN,NaN,NaN,df,df,0,4,0,268,241,560,509,0,0,0,0,4723,NaN,NaN,NaN,NaN,NaN,NaN,NaN,0,NaN,0,NaN,0,NaN,0,NaN,4959,4450,2123
1778883451,2208,17.3398,1.074,1,NaN,NaN,NaN,df,df,0,4,0,224,237,475,494,0,0,0,0,4875,NaN,NaN,NaN,NaN,NaN,NaN,NaN,0,NaN,0,NaN,0,NaN,0,NaN,5061,4600,2273
1778883513,2270,17.3398,1.066,1,NaN,NaN,NaN,df,df,0,4,0,204,189,431,401,0,0,0,0,4976,NaN,NaN,NaN,NaN,NaN,NaN,NaN,0,NaN,0,NaN,0,NaN,0,NaN,5112,4700,2473
1778883575,2332,17.3398,1.07,1,NaN,NaN,NaN,df,df,0,4,0,241,239,505,501,0,0,0,0,5176,NaN,NaN,NaN,NaN,NaN,NaN,NaN,0,NaN,0,NaN,0,NaN,0,NaN,5312,4850,2573
1778883636,2393,17.3398,1.266,1,NaN,NaN,NaN,df,df,0,4,0,221,273,465,568,0,0,0,0,5324,NaN,NaN,NaN,NaN,NaN,NaN,NaN,0,NaN,0,NaN,0,NaN,0,NaN,5510,5000,2673
1778883698,2455,17.3398,1.07,1,NaN,NaN,NaN,df,df,0,4,0,234,242,491,508,0,0,0,0,5473,NaN,NaN,NaN,NaN,NaN,NaN,NaN,0,NaN,0,NaN,0,NaN,0,NaN,5662,5150,2723
1778883807,2564,17.2188,15.4102,1,0,NaN,1,df,nondf,1,5,1,226,236,841,1154,366,660,0,0,5728,155,NaN,NaN,NaN,NaN,NaN,NaN,0,0,0,0,0,0,0,0,5762,5300,2873
1778883868,2625,17.3086,15.4102,1,0,NaN,1,df,nondf,1,5,1,248,264,1077,1290,558,738,0,0,5849,272,NaN,NaN,NaN,NaN,NaN,NaN,0,0,0,0,0,0,0,0,5862,5350,2897
1778883929,2686,17.2578,16.2422,1,0,NaN,1,df,nondf,1,5,1,248,214,982,1195,465,744,0,0,6051,272,NaN,NaN,NaN,NaN,NaN,NaN,0,0,0,0,0,0,0,0,5962,5500,2897
1778883989,2746,17.3125,16.7305,1,0,NaN,1,df,nondf,1,5,1,216,248,1065,1305,612,786,0,0,6215,356,NaN,NaN,NaN,NaN,NaN,NaN,0,0,0,0,0,0,0,0,6060,5600,2912
1778884050,2807,17.25,16.7305,1,0,NaN,1,df,nondf,1,5,1,228,189,959,1089,480,684,0,0,6331,443,NaN,NaN,NaN,NaN,NaN,NaN,0,0,0,0,0,0,0,0,6110,5700,2928
1778884111,2868,17.4531,16.7656,1,0,NaN,1,df,nondf,1,5,1,259,232,1195,1303,654,816,0,0,6431,640,NaN,NaN,NaN,NaN,NaN,NaN,0,0,0,0,0,0,0,0,6410,5900,2928
1778884172,2929,17.4141,16.9609,1,0,NaN,1,df,nondf,1,5,1,278,234,1246,1322,669,831,0,0,6617,692,NaN,NaN,NaN,NaN,NaN,NaN,0,0,0,0,0,0,0,0,6562,6050,2928
1778884233,2990,17.2383,16.8906,1,0,NaN,1,df,nondf,1,5,1,228,184,1013,1075,534,684,0,0,6731,742,NaN,NaN,NaN,NaN,NaN,NaN,0,0,0,0,0,0,0,0,6712,6300,2928
1778884294,3051,17.3477,16.9883,1,0,NaN,1,df,nondf,1,5,1,227,185,1023,1074,546,681,0,0,6921,793,NaN,NaN,NaN,NaN,NaN,NaN,0,0,0,0,0,0,0,0,6862,6450,2929
1778884354,3111,17.375,16.9883,1,0,NaN,1,df,nondf,1,5,1,177,185,923,1017,546,624,0,0,7080,843,NaN,NaN,NaN,NaN,NaN,NaN,0,0,0,0,0,0,0,0,6962,6600,2929
1778884416,3173,17.2773,1.145,1,NaN,NaN,NaN,df,df,0,5,0,177,220,377,461,0,0,0,0,7230,NaN,NaN,NaN,NaN,NaN,NaN,NaN,0,NaN,0,NaN,0,NaN,0,NaN,7112,6700,3079
1778884477,3234,17.2578,1.219,1,NaN,NaN,NaN,df,df,0,5,0,277,235,577,493,0,0,0,0,7430,NaN,NaN,NaN,NaN,NaN,NaN,NaN,0,NaN,0,NaN,0,NaN,0,NaN,7262,6750,3279
1778884539,3296,17.2578,1.113,1,NaN,NaN,NaN,df,df,0,5,0,275,237,573,497,0,0,0,0,7628,NaN,NaN,NaN,NaN,NaN,NaN,NaN,0,NaN,0,NaN,0,NaN,0,NaN,7412,6900,3379
1778884601,3358,17.2578,1.09,1,NaN,NaN,NaN,df,df,0,5,0,241,271,503,565,0,0,0,0,7776,NaN,NaN,NaN,NaN,NaN,NaN,NaN,0,NaN,0,NaN,0,NaN,0,NaN,7512,7000,3529
1778884663,3420,17.2578,1.094,1,NaN,NaN,NaN,df,df,0,5,0,222,254,468,529,0,0,0,0,7925,NaN,NaN,NaN,NaN,NaN,NaN,NaN,0,NaN,0,NaN,0,NaN,0,NaN,7611,7100,3729
1778884725,3482,17.2578,1.09,1,NaN,NaN,NaN,df,df,0,5,0,254,240,534,503,0,0,0,0,8039,NaN,NaN,NaN,NaN,NaN,NaN,NaN,0,NaN,0,NaN,0,NaN,0,NaN,7662,7200,3879
1778884787,3544,17.2578,1.129,1,NaN,NaN,NaN,df,df,0,5,0,218,294,460,611,0,0,0,0,8171,NaN,NaN,NaN,NaN,NaN,NaN,NaN,0,NaN,0,NaN,0,NaN,0,NaN,7812,7300,4029
1778884849,3606,17.2578,1.09,1,NaN,NaN,NaN,df,df,0,5,0,260,251,542,527,0,0,0,0,8320,NaN,NaN,NaN,NaN,NaN,NaN,NaN,0,NaN,0,NaN,0,NaN,0,NaN,8011,7500,4079
1778884910,3667,17.2578,1.086,1,NaN,NaN,NaN,df,df,0,5,0,214,246,453,517,0,0,0,0,8467,NaN,NaN,NaN,NaN,NaN,NaN,NaN,0,NaN,0,NaN,0,NaN,0,NaN,8160,7700,4179
1778884972,3729,17.2578,1.086,1,NaN,NaN,NaN,df,df,0,5,0,264,198,552,421,0,0,0,0,8610,NaN,NaN,NaN,NaN,NaN,NaN,NaN,0,NaN,0,NaN,0,NaN,0,NaN,8262,7800,4329
1778885045,3802,17.2344,14.168,1,0,NaN,1,df,nondf,1,6,1,234,227,933,1151,441,672,0,0,8687,229,NaN,NaN,NaN,NaN,NaN,NaN,0,0,0,0,0,0,0,0,8461,8000,4398
1778885106,3863,17.25,16.6914,1,0,NaN,1,df,nondf,1,6,1,206,230,1021,1101,585,618,0,0,8809,308,NaN,NaN,NaN,NaN,NaN,NaN,0,0,0,0,0,0,0,0,8562,8100,4418
1778885167,3924,17.3477,16.7266,1,0,NaN,1,df,nondf,1,6,1,256,256,1140,1302,603,765,0,0,9009,358,NaN,NaN,NaN,NaN,NaN,NaN,0,0,0,0,0,0,0,0,8712,8200,4418
1778885228,3985,17.3555,16.7266,1,0,NaN,1,df,nondf,1,6,1,167,156,725,950,369,615,0,0,9158,358,NaN,NaN,NaN,NaN,NaN,NaN,0,0,0,0,0,0,0,0,8761,8400,4418
1778885289,4046,17.3516,16.7227,1,0,NaN,1,df,nondf,1,6,1,131,136,653,691,366,393,0,0,9235,483,NaN,NaN,NaN,NaN,NaN,NaN,0,0,0,0,0,0,0,0,8761,8500,4444
1778885350,4107,17.4414,16.8281,1,0,NaN,1,df,nondf,1,6,1,231,230,1156,1177,669,693,0,0,9435,632,NaN,NaN,NaN,NaN,NaN,NaN,0,0,0,0,0,0,0,0,9011,8550,4446
1778885410,4167,17.4023,17.0469,1,0,NaN,1,df,nondf,1,6,1,237,274,1306,1281,807,711,0,0,9441,846,NaN,NaN,NaN,NaN,NaN,NaN,0,0,0,0,0,0,0,0,9161,8650,4447
1778885471,4228,17.4375,17.0234,1,0,NaN,1,df,nondf,1,6,1,237,225,1161,1182,663,708,0,0,9575,927,NaN,NaN,NaN,NaN,NaN,NaN,0,0,0,0,0,0,0,0,9312,8850,4447
1778885532,4289,17.5625,17.2461,1,0,NaN,1,df,nondf,1,6,1,237,225,1192,1185,666,711,0,0,9599,1127,NaN,NaN,NaN,NaN,NaN,NaN,0,0,0,0,0,0,0,0,9462,9000,4448
1778885593,4350,17.7305,17.3633,1,0,NaN,1,df,nondf,1,6,1,238,224,1168,1101,669,630,0,0,9742,1226,NaN,NaN,NaN,NaN,NaN,NaN,0,0,0,0,0,0,0,0,9612,9150,4449
1778885655,4412,17.4648,1.152,1,NaN,NaN,NaN,df,df,0,6,0,217,195,455,415,0,0,0,0,9892,NaN,NaN,NaN,NaN,NaN,NaN,NaN,0,NaN,0,NaN,0,NaN,0,NaN,9712,9300,4599
1778885717,4474,17.4648,1.117,1,NaN,NaN,NaN,df,df,0,6,0,238,224,497,473,0,0,0,0,9943,NaN,NaN,NaN,NaN,NaN,NaN,NaN,0,NaN,0,NaN,0,NaN,0,NaN,9912,9450,4699
1778885779,4536,17.4648,1.113,1,NaN,NaN,NaN,df,df,0,6,0,188,223,399,469,0,0,0,0,10092,NaN,NaN,NaN,NaN,NaN,NaN,NaN,0,NaN,0,NaN,0,NaN,0,NaN,10111,9700,4749
1778885841,4598,17.4648,1.434,1,NaN,NaN,NaN,df,df,0,6,0,238,240,499,499,0,0,0,0,10192,NaN,NaN,NaN,NaN,NaN,NaN,NaN,0,NaN,0,NaN,0,NaN,0,NaN,10259,9750,4899
1778885903,4660,17.4648,1.117,1,NaN,NaN,NaN,df,df,0,6,0,192,220,407,463,0,0,0,0,10296,NaN,NaN,NaN,NaN,NaN,NaN,NaN,0,NaN,0,NaN,0,NaN,0,NaN,10362,9950,4999
1778885964,4721,17.4648,3.152,1,NaN,NaN,NaN,df,df,0,6,0,265,245,555,512,0,0,0,0,10511,NaN,NaN,NaN,NaN,NaN,NaN,NaN,0,NaN,0,NaN,0,NaN,0,NaN,10611,10100,5049
1778886026,4783,17.4648,1.141,1,NaN,NaN,NaN,df,df,0,6,0,142,169,307,362,0,0,0,0,10646,NaN,NaN,NaN,NaN,NaN,NaN,NaN,0,NaN,0,NaN,0,NaN,0,NaN,10661,10350,5199
1778886088,4845,17.4609,1.133,1,NaN,NaN,NaN,df,df,0,6,0,196,266,413,556,0,0,0,0,10847,NaN,NaN,NaN,NaN,NaN,NaN,NaN,0,NaN,0,NaN,0,NaN,0,NaN,10862,10400,5299
1778886150,4907,17.4531,1.125,1,NaN,NaN,NaN,df,df,0,6,0,193,269,409,560,0,0,0,0,10947,NaN,NaN,NaN,NaN,NaN,NaN,NaN,0,NaN,0,NaN,0,NaN,0,NaN,10962,10500,5499
1778886212,4969,17.4531,1.102,1,NaN,NaN,NaN,df,df,0,6,0,166,168,355,360,0,0,0,0,11001,NaN,NaN,NaN,NaN,NaN,NaN,NaN,0,NaN,0,NaN,0,NaN,0,NaN,11061,10750,5549
1778886280,5037,17.4922,16.5234,1,0,NaN,1,df,nondf,1,7,1,272,240,865,1316,300,813,0,0,11242,122,NaN,NaN,NaN,NaN,NaN,NaN,0,0,0,0,0,0,0,0,11262,10750,5578
1778886341,5098,17.4688,16.8945,1,0,NaN,1,df,nondf,1,7,1,267,245,860,1314,303,801,0,0,11471,127,NaN,NaN,NaN,NaN,NaN,NaN,0,0,0,0,0,0,0,0,11412,10900,5579
1778886402,5159,17.4219,17.0586,1,0,NaN,1,df,nondf,1,7,1,248,214,831,1123,312,672,0,0,11652,146,NaN,NaN,NaN,NaN,NaN,NaN,0,0,0,0,0,0,0,0,11462,11000,5610
1778886462,5219,17.6211,17.2578,1,0,NaN,1,df,nondf,1,7,1,273,239,1029,1320,462,819,0,0,11816,221,NaN,NaN,NaN,NaN,NaN,NaN,0,0,0,0,0,0,0,0,11512,11000,5635
1778886523,5280,17.5703,17.3086,1,0,NaN,1,df,nondf,1,7,1,272,240,1080,1319,513,816,0,0,11991,272,NaN,NaN,NaN,NaN,NaN,NaN,0,0,0,0,0,0,0,0,11612,11100,5636
1778886584,5341,17.5078,17.4609,1,0,NaN,1,df,nondf,1,7,1,237,265,1166,1262,669,711,0,0,12091,357,NaN,NaN,NaN,NaN,NaN,NaN,0,0,0,0,0,0,0,0,11712,11200,5653
1778886645,5402,17.5586,17.3516,1,0,NaN,1,df,nondf,1,7,1,210,226,1001,1159,558,684,0,0,12290,358,NaN,NaN,NaN,NaN,NaN,NaN,0,0,0,0,0,0,0,0,11712,11250,5654
1778886706,5463,17.5156,17.4922,1,0,NaN,1,df,nondf,1,7,1,242,208,1090,1198,585,759,0,0,12407,490,NaN,NaN,NaN,NaN,NaN,NaN,0,0,0,0,0,0,0,0,11861,11400,5671
1778886767,5524,17.4883,17.4883,1,0,NaN,1,df,nondf,1,7,1,157,154,781,799,444,468,0,0,12437,636,NaN,NaN,NaN,NaN,NaN,NaN,0,0,0,0,0,0,0,0,11961,11650,5675
1778886827,5584,17.4766,17.4414,1,0,NaN,1,df,nondf,1,7,1,132,154,729,802,444,471,0,0,12611,686,NaN,NaN,NaN,NaN,NaN,NaN,0,0,0,0,0,0,0,0,12061,11750,5675
1778886889,5646,17.4766,1.125,1,NaN,NaN,NaN,df,df,0,7,0,197,164,417,349,0,0,0,0,12792,NaN,NaN,NaN,NaN,NaN,NaN,NaN,0,NaN,0,NaN,0,NaN,0,NaN,12261,11900,5775
1778886951,5708,17.4766,1.148,1,NaN,NaN,NaN,df,df,0,7,0,255,255,531,533,0,0,0,0,12960,NaN,NaN,NaN,NaN,NaN,NaN,NaN,0,NaN,0,NaN,0,NaN,0,NaN,12561,12050,5825
1778887013,5770,17.4766,1.121,1,NaN,NaN,NaN,df,df,0,7,0,106,155,235,333,0,0,0,0,13010,NaN,NaN,NaN,NaN,NaN,NaN,NaN,0,NaN,0,NaN,0,NaN,0,NaN,12661,12400,5875
1778887075,5832,17.4766,1.164,1,NaN,NaN,NaN,df,df,0,7,0,150,161,321,347,0,0,0,0,13210,NaN,NaN,NaN,NaN,NaN,NaN,NaN,0,NaN,0,NaN,0,NaN,0,NaN,12911,12600,5925
1778887137,5894,17.4766,1.121,1,NaN,NaN,NaN,df,df,0,7,0,195,166,415,353,0,0,0,0,13391,NaN,NaN,NaN,NaN,NaN,NaN,NaN,0,NaN,0,NaN,0,NaN,0,NaN,13011,12650,6125
1778887199,5956,17.4766,1.188,1,NaN,NaN,NaN,df,df,0,7,0,287,225,595,475,0,0,0,0,13609,NaN,NaN,NaN,NaN,NaN,NaN,NaN,0,NaN,0,NaN,0,NaN,0,NaN,13212,12700,6275
1778887261,6018,17.4766,1.156,1,NaN,NaN,NaN,df,df,0,7,0,239,222,499,469,0,0,0,0,13709,NaN,NaN,NaN,NaN,NaN,NaN,NaN,0,NaN,0,NaN,0,NaN,0,NaN,13361,12900,6375
1778887323,6080,17.4414,1.121,1,NaN,NaN,NaN,df,df,0,7,0,286,207,593,437,0,0,0,0,13859,NaN,NaN,NaN,NaN,NaN,NaN,NaN,0,NaN,0,NaN,0,NaN,0,NaN,13412,12900,6625
1778887384,6141,17.4414,1.121,1,NaN,NaN,NaN,df,df,0,7,0,257,207,535,437,0,0,0,0,13959,NaN,NaN,NaN,NaN,NaN,NaN,NaN,0,NaN,0,NaN,0,NaN,0,NaN,13612,13150,6675
1778887446,6203,17.4414,1.125,1,NaN,NaN,NaN,df,df,0,7,0,305,207,633,437,0,0,0,0,14051,NaN,NaN,NaN,NaN,NaN,NaN,NaN,0,NaN,0,NaN,0,NaN,0,NaN,13762,13250,6775
1778887509,6266,17.4336,14.9609,1,0,NaN,1,df,nondf,1,8,1,246,216,767,1193,252,738,0,0,14150,109,NaN,NaN,NaN,NaN,NaN,NaN,0,0,0,0,0,0,0,0,13912,13450,6815
1778887570,6327,17.457,15.2188,1,0,NaN,1,df,nondf,1,8,1,145,136,482,814,171,519,0,0,14280,129,NaN,NaN,NaN,NaN,NaN,NaN,0,0,0,0,0,0,0,0,13912,13600,6845
1778887631,6388,17.4453,15.4766,1,0,NaN,1,df,nondf,1,8,1,223,228,1021,1162,552,687,0,0,14477,279,NaN,NaN,NaN,NaN,NaN,NaN,0,0,0,0,0,0,0,0,14259,13800,6845
1778887692,6449,17.5273,15.8125,1,0,NaN,1,df,nondf,1,8,1,174,189,839,1070,468,669,0,0,14577,332,NaN,NaN,NaN,NaN,NaN,NaN,0,0,0,0,0,0,0,0,14362,14000,6845
1778887753,6510,17.4883,16.3281,1,0,NaN,1,df,nondf,1,8,1,221,239,1098,1305,633,663,0,0,14775,432,NaN,NaN,NaN,NaN,NaN,NaN,0,0,0,0,0,0,0,0,14660,14200,6845
1778887814,6571,17.4648,16.375,1,0,NaN,1,df,nondf,1,8,1,171,189,878,914,513,513,0,0,14875,532,NaN,NaN,NaN,NaN,NaN,NaN,0,0,0,0,0,0,0,0,14810,14450,6845
1778887874,6631,17.4648,16.375,1,0,NaN,1,df,nondf,1,8,1,171,189,890,914,525,513,0,0,15025,632,NaN,NaN,NaN,NaN,NaN,NaN,0,0,0,0,0,0,0,0,15060,14700,6845
1778887935,6692,17.5742,16.3633,1,0,NaN,1,df,nondf,1,8,1,172,157,782,855,414,516,0,0,15126,746,NaN,NaN,NaN,NaN,NaN,NaN,0,0,0,0,0,0,0,0,15110,14800,6846
1778887996,6753,17.5742,16.3594,1,0,NaN,1,df,nondf,1,8,1,172,138,782,764,414,465,0,0,15226,881,NaN,NaN,NaN,NaN,NaN,NaN,0,0,0,0,0,0,0,0,15260,14950,6846
1778888057,6814,17.5391,16.375,1,0,NaN,1,df,nondf,1,8,1,173,187,931,914,561,519,0,0,15227,1150,NaN,NaN,NaN,NaN,NaN,NaN,0,0,0,0,0,0,0,0,15460,15100,6846
1778888119,6876,17.582,1.406,1,NaN,NaN,NaN,df,df,0,8,0,177,97,378,219,0,0,0,0,15376,NaN,NaN,NaN,NaN,NaN,NaN,NaN,0,NaN,0,NaN,0,NaN,0,NaN,15610,15350,6901
1778888181,6938,17.5781,1.141,1,NaN,NaN,NaN,df,df,0,8,0,274,186,572,393,0,0,0,0,15519,NaN,NaN,NaN,NaN,NaN,NaN,NaN,0,NaN,0,NaN,0,NaN,0,NaN,15860,15400,7001
1778888243,7000,17.5781,1.176,1,NaN,NaN,NaN,df,df,0,8,0,277,224,577,473,0,0,0,0,15631,NaN,NaN,NaN,NaN,NaN,NaN,NaN,0,NaN,0,NaN,0,NaN,0,NaN,16010,15550,7151
1778888304,7061,17.5781,1.449,1,NaN,NaN,NaN,df,df,0,8,0,227,215,477,449,0,0,0,0,15731,NaN,NaN,NaN,NaN,NaN,NaN,NaN,0,NaN,0,NaN,0,NaN,0,NaN,16062,15600,7351
1778888366,7123,17.5781,1.406,1,NaN,NaN,NaN,df,df,0,8,0,234,228,491,477,0,0,0,0,15831,NaN,NaN,NaN,NaN,NaN,NaN,NaN,0,NaN,0,NaN,0,NaN,0,NaN,16162,15700,7501
1778888428,7185,17.5781,1.141,1,NaN,NaN,NaN,df,df,0,8,0,144,135,309,293,0,0,0,0,15981,NaN,NaN,NaN,NaN,NaN,NaN,NaN,0,NaN,0,NaN,0,NaN,0,NaN,16212,15900,7651
1778888490,7247,17.5781,1.207,1,NaN,NaN,NaN,df,df,0,8,0,177,135,378,295,0,0,0,0,16131,NaN,NaN,NaN,NaN,NaN,NaN,NaN,0,NaN,0,NaN,0,NaN,0,NaN,16412,16100,7751
1778888552,7309,17.5781,1.16,1,NaN,NaN,NaN,df,df,0,8,0,177,185,378,395,0,0,0,0,16281,NaN,NaN,NaN,NaN,NaN,NaN,NaN,0,NaN,0,NaN,0,NaN,0,NaN,16662,16300,7801
1778888614,7371,17.5781,1.141,1,NaN,NaN,NaN,df,df,0,8,0,227,198,478,425,0,0,0,0,16481,NaN,NaN,NaN,NaN,NaN,NaN,NaN,0,NaN,0,NaN,0,NaN,0,NaN,16912,16500,7851
1778888676,7433,17.5781,1.141,1,NaN,NaN,NaN,df,df,0,8,0,253,259,528,545,0,0,0,0,16627,NaN,NaN,NaN,NaN,NaN,NaN,NaN,0,NaN,0,NaN,0,NaN,0,NaN,17112,16600,7951
1778888739,7496,17.5586,14.5977,1,0,NaN,1,df,nondf,1,9,1,270,241,769,1312,207,807,0,0,16737,78,NaN,NaN,NaN,NaN,NaN,NaN,0,0,0,0,0,0,0,0,17261,16750,8001
1778888799,7556,17.5312,15.0508,1,0,NaN,1,df,nondf,1,9,1,183,191,546,1038,159,633,0,0,16924,78,NaN,NaN,NaN,NaN,NaN,NaN,0,0,0,0,0,0,0,0,17411,17000,8002
1778888860,7617,17.5312,15.043,1,0,NaN,1,df,nondf,1,9,1,158,191,558,883,219,474,0,0,17062,174,NaN,NaN,NaN,NaN,NaN,NaN,0,0,0,0,0,0,0,0,17461,17150,8040
1778888921,7678,17.4805,14.9414,1,0,NaN,1,df,nondf,1,9,1,230,232,1004,1161,519,678,0,0,17232,298,NaN,NaN,NaN,NaN,NaN,NaN,0,0,0,0,0,0,0,0,17712,17250,8055
1778888982,7739,17.7773,15.1797,1,0,NaN,1,df,nondf,1,9,1,185,222,892,1020,498,555,0,0,17289,461,NaN,NaN,NaN,NaN,NaN,NaN,0,0,0,0,0,0,0,0,17859,17450,8067
1778889043,7800,17.7266,15.1797,1,0,NaN,1,df,nondf,1,9,1,135,153,741,732,447,405,0,0,17389,561,NaN,NaN,NaN,NaN,NaN,NaN,0,0,0,0,0,0,0,0,18009,17700,8067
1778889104,7861,17.6836,15.1797,1,0,NaN,1,df,nondf,1,9,1,184,175,889,923,498,549,0,0,17605,612,NaN,NaN,NaN,NaN,NaN,NaN,0,0,0,0,0,0,0,0,18109,17750,8068
1778889165,7922,17.7461,15.0586,1,0,NaN,1,df,nondf,1,9,1,238,274,1308,1284,807,714,0,0,17693,819,NaN,NaN,NaN,NaN,NaN,NaN,0,0,0,0,0,0,0,0,18312,17800,8069
1778889225,7982,17.7656,15.1953,1,0,NaN,1,df,nondf,1,9,1,214,223,1110,1187,657,717,0,0,17844,860,NaN,NaN,NaN,NaN,NaN,NaN,0,0,0,0,0,0,0,0,18462,18000,8070
1778889286,8043,17.7305,15.1953,1,0,NaN,1,df,nondf,1,9,1,139,123,668,684,366,414,0,0,17944,910,NaN,NaN,NaN,NaN,NaN,NaN,0,0,0,0,0,0,0,0,18512,18250,8070
1778889348,8105,17.5898,1.16,1,NaN,NaN,NaN,df,df,0,9,0,121,123,266,270,0,0,0,0,18108,NaN,NaN,NaN,NaN,NaN,NaN,NaN,0,NaN,0,NaN,0,NaN,0,NaN,18612,18400,8220
1778889410,8167,17.5898,1.156,1,NaN,NaN,NaN,df,df,0,9,0,170,142,361,309,0,0,0,0,18244,NaN,NaN,NaN,NaN,NaN,NaN,NaN,0,NaN,0,NaN,0,NaN,0,NaN,18812,18500,8320
1778889472,8229,17.5898,1.16,1,NaN,NaN,NaN,df,df,0,9,0,140,172,303,365,0,0,0,0,18394,NaN,NaN,NaN,NaN,NaN,NaN,NaN,0,NaN,0,NaN,0,NaN,0,NaN,18912,18600,8520
1778889534,8291,17.5898,1.234,1,NaN,NaN,NaN,df,df,0,9,0,139,173,301,369,0,0,0,0,18544,NaN,NaN,NaN,NaN,NaN,NaN,NaN,0,NaN,0,NaN,0,NaN,0,NaN,19112,18800,8620
1778889596,8353,17.5898,1.156,1,NaN,NaN,NaN,df,df,0,9,0,189,223,401,469,0,0,0,0,18694,NaN,NaN,NaN,NaN,NaN,NaN,NaN,0,NaN,0,NaN,0,NaN,0,NaN,19362,18950,8670
1778889658,8415,17.5898,1.16,1,NaN,NaN,NaN,df,df,0,9,0,239,245,501,511,0,0,0,0,18794,NaN,NaN,NaN,NaN,NaN,NaN,NaN,0,NaN,0,NaN,0,NaN,0,NaN,19612,19100,8720
1778889720,8477,17.5898,1.16,1,NaN,NaN,NaN,df,df,0,9,0,139,120,301,263,0,0,0,0,18844,NaN,NaN,NaN,NaN,NaN,NaN,NaN,0,NaN,0,NaN,0,NaN,0,NaN,19709,19450,8770
1778889781,8538,17.5898,1.203,1,NaN,NaN,NaN,df,df,0,9,0,189,200,401,420,0,0,0,0,18944,NaN,NaN,NaN,NaN,NaN,NaN,NaN,0,NaN,0,NaN,0,NaN,0,NaN,19959,19550,8870
1778889843,8600,17.5898,1.188,1,NaN,NaN,NaN,df,df,0,9,0,242,251,507,524,0,0,0,0,19047,NaN,NaN,NaN,NaN,NaN,NaN,NaN,0,NaN,0,NaN,0,NaN,0,NaN,20162,19650,8970
1778889905,8662,17.5898,1.156,1,NaN,NaN,NaN,df,df,0,9,0,219,217,459,458,0,0,0,0,19147,NaN,NaN,NaN,NaN,NaN,NaN,NaN,0,NaN,0,NaN,0,NaN,0,NaN,20259,19800,9120
1778889968,8725,17.6094,15.1914,1,0,NaN,1,df,nondf,1,10,1,267,242,857,1303,300,795,0,0,19322,125,NaN,NaN,NaN,NaN,NaN,NaN,0,0,0,0,0,0,0,0,20409,19900,9197
1778890029,8786,17.6523,15.4805,1,0,NaN,1,df,nondf,1,10,1,196,209,709,1034,294,588,0,0,19451,188,NaN,NaN,NaN,NaN,NaN,NaN,0,0,0,0,0,0,0,0,20512,20150,9226
1778890090,8847,17.6406,15.6094,1,0,NaN,1,df,nondf,1,10,1,207,216,936,1193,501,738,0,0,19601,299,NaN,NaN,NaN,NaN,NaN,NaN,0,0,0,0,0,0,0,0,20762,20300,9226
1778890151,8908,17.625,15.9648,1,0,NaN,1,df,nondf,1,10,1,206,256,1089,1243,654,708,0,0,19761,389,NaN,NaN,NaN,NaN,NaN,NaN,0,0,0,0,0,0,0,0,20862,20400,9238
1778890211,8968,17.7148,16.1445,1,0,NaN,1,df,nondf,1,10,1,204,199,953,1113,522,696,0,0,19959,389,NaN,NaN,NaN,NaN,NaN,NaN,0,0,0,0,0,0,0,0,20960,20550,9238
1778890272,9029,17.6406,16.0469,1,0,NaN,1,df,nondf,1,10,1,168,145,779,815,420,504,0,0,20023,525,NaN,NaN,NaN,NaN,NaN,NaN,0,0,0,0,0,0,0,0,21010,20700,9252
1778890333,9090,17.8906,16.2148,1,0,NaN,1,df,nondf,1,10,1,268,242,1270,1278,711,771,0,0,20173,725,NaN,NaN,NaN,NaN,NaN,NaN,0,0,0,0,0,0,0,0,21260,20750,9254
1778890394,9151,17.832,16.2148,1,0,NaN,1,df,nondf,1,10,1,218,194,1029,1062,570,651,0,0,20323,727,NaN,NaN,NaN,NaN,NaN,NaN,0,0,0,0,0,0,0,0,21362,20950,9254
1778890455,9212,17.7891,16,1,0,NaN,1,df,nondf,1,10,1,266,242,1270,1281,717,774,0,0,20524,825,NaN,NaN,NaN,NaN,NaN,NaN,0,0,0,0,0,0,0,0,21611,21100,9256
1778890516,9273,17.6992,15.9492,1,0,NaN,1,df,nondf,1,10,1,269,243,1284,1307,723,798,0,0,20674,876,NaN,NaN,NaN,NaN,NaN,NaN,0,0,0,0,0,0,0,0,21712,21200,9258
1778890578,9335,17.6172,1.176,1,NaN,NaN,NaN,df,df,0,10,0,240,272,501,567,0,0,0,0,20824,NaN,NaN,NaN,NaN,NaN,NaN,NaN,0,NaN,0,NaN,0,NaN,0,NaN,21812,21300,9407
1778890640,9397,17.6172,1.176,1,NaN,NaN,NaN,df,df,0,10,0,219,170,461,367,0,0,0,0,20924,NaN,NaN,NaN,NaN,NaN,NaN,NaN,0,NaN,0,NaN,0,NaN,0,NaN,21812,21450,9607
1778890702,9459,17.6172,1.191,1,NaN,NaN,NaN,df,df,0,10,0,219,227,461,481,0,0,0,0,21074,NaN,NaN,NaN,NaN,NaN,NaN,NaN,0,NaN,0,NaN,0,NaN,0,NaN,22012,21600,9707
1778890763,9520,17.6172,1.219,1,NaN,NaN,NaN,df,df,0,10,0,245,267,511,559,0,0,0,0,21171,NaN,NaN,NaN,NaN,NaN,NaN,NaN,0,NaN,0,NaN,0,NaN,0,NaN,22212,21700,9757
1778890825,9582,17.6367,1.246,1,NaN,NaN,NaN,df,df,0,10,0,178,234,379,489,0,0,0,0,21274,NaN,NaN,NaN,NaN,NaN,NaN,NaN,0,NaN,0,NaN,0,NaN,0,NaN,22212,21800,10007
1778890887,9644,17.6367,1.199,1,NaN,NaN,NaN,df,df,0,10,0,196,166,415,353,0,0,0,0,21443,NaN,NaN,NaN,NaN,NaN,NaN,NaN,0,NaN,0,NaN,0,NaN,0,NaN,22262,21900,10207
1778890949,9706,17.6367,1.414,1,NaN,NaN,NaN,df,df,0,10,0,166,161,355,341,0,0,0,0,21521,NaN,NaN,NaN,NaN,NaN,NaN,NaN,0,NaN,0,NaN,0,NaN,0,NaN,22412,22050,10357
1778891011,9768,17.6367,1.18,1,NaN,NaN,NaN,df,df,0,10,0,166,146,355,315,0,0,0,0,21671,NaN,NaN,NaN,NaN,NaN,NaN,NaN,0,NaN,0,NaN,0,NaN,0,NaN,22612,22300,10357
1778891073,9830,17.6367,1.172,1,NaN,NaN,NaN,df,df,0,10,0,219,293,459,609,0,0,0,0,21821,NaN,NaN,NaN,NaN,NaN,NaN,NaN,0,NaN,0,NaN,0,NaN,0,NaN,22812,22300,10507
1778891134,9891,17.6289,1.172,1,NaN,NaN,NaN,df,df,0,10,0,209,246,443,515,0,0,0,0,21946,NaN,NaN,NaN,NaN,NaN,NaN,NaN,0,NaN,0,NaN,0,NaN,0,NaN,22862,22450,10707
1778891198,9955,17.5703,15.3594,1,0,NaN,1,df,nondf,1,11,1,166,170,526,863,171,498,0,0,22071,69,NaN,NaN,NaN,NaN,NaN,NaN,0,0,0,0,0,0,0,0,22962,22650,10707
1778891258,10015,17.5039,15.8906,1,0,NaN,1,df,nondf,1,11,1,193,219,826,1040,417,579,0,0,22248,173,NaN,NaN,NaN,NaN,NaN,NaN,0,0,0,0,0,0,0,0,23112,22700,10734
1778891319,10076,17.6367,16.5742,1,0,NaN,1,df,nondf,1,11,1,264,248,1167,1308,618,789,0,0,22331,352,NaN,NaN,NaN,NaN,NaN,NaN,0,0,0,0,0,0,0,0,23262,22750,10755
1778891380,10137,17.7188,16.7305,1,0,NaN,1,df,nondf,1,11,1,214,248,1075,1153,624,636,0,0,22469,370,NaN,NaN,NaN,NaN,NaN,NaN,0,0,0,0,0,0,0,0,23312,22850,10755
1778891441,10198,17.7188,16.7188,1,0,NaN,1,df,nondf,1,11,1,223,243,1118,1316,651,663,0,0,22574,497,NaN,NaN,NaN,NaN,NaN,NaN,0,0,0,0,0,0,0,0,23462,23000,10765
1778891502,10259,17.7227,16.7891,1,0,NaN,1,df,nondf,1,11,1,256,243,1193,1301,660,792,0,0,22772,547,NaN,NaN,NaN,NaN,NaN,NaN,0,0,0,0,0,0,0,0,23610,23100,10765
1778891563,10320,17.707,16.8906,1,0,NaN,1,df,nondf,1,11,1,167,143,762,810,405,501,0,0,22872,597,NaN,NaN,NaN,NaN,NaN,NaN,0,0,0,0,0,0,0,0,23660,23350,10765
1778891623,10380,17.7344,16.8867,1,0,NaN,1,df,nondf,1,11,1,249,237,1228,1166,705,669,0,0,22949,841,NaN,NaN,NaN,NaN,NaN,NaN,0,0,0,0,0,0,0,0,23860,23400,10771
1778891684,10441,17.7422,17.0156,1,0,NaN,1,df,nondf,1,11,1,222,238,1175,1163,708,666,0,0,23127,882,NaN,NaN,NaN,NaN,NaN,NaN,0,0,0,0,0,0,0,0,23960,23500,10772
1778891745,10502,17.8984,16.957,1,0,NaN,1,df,nondf,1,11,1,222,204,1025,1101,558,666,0,0,23277,954,NaN,NaN,NaN,NaN,NaN,NaN,0,0,0,0,0,0,0,0,24010,23600,10772
1778891807,10564,17.8047,1.195,1,NaN,NaN,NaN,df,df,0,11,0,222,209,467,439,0,0,0,0,23377,NaN,NaN,NaN,NaN,NaN,NaN,NaN,0,NaN,0,NaN,0,NaN,0,NaN,24212,23750,10872
1778891869,10626,17.8047,1.227,1,NaN,NaN,NaN,df,df,0,11,0,214,148,452,318,0,0,0,0,23510,NaN,NaN,NaN,NaN,NaN,NaN,NaN,0,NaN,0,NaN,0,NaN,0,NaN,24412,24050,10872
1778891931,10688,17.8047,1.195,1,NaN,NaN,NaN,df,df,0,11,0,192,170,410,360,0,0,0,0,23588,NaN,NaN,NaN,NaN,NaN,NaN,NaN,0,NaN,0,NaN,0,NaN,0,NaN,24562,24200,11022
1778891993,10750,17.8047,1.23,1,NaN,NaN,NaN,df,df,0,11,0,122,140,269,305,0,0,0,0,23777,NaN,NaN,NaN,NaN,NaN,NaN,NaN,0,NaN,0,NaN,0,NaN,0,NaN,24662,24400,11172
1778892055,10812,17.8047,1.211,1,NaN,NaN,NaN,df,df,0,11,0,222,233,469,495,0,0,0,0,23927,NaN,NaN,NaN,NaN,NaN,NaN,NaN,0,NaN,0,NaN,0,NaN,0,NaN,24912,24500,11272
1778892116,10873,17.8047,1.219,1,NaN,NaN,NaN,df,df,0,11,0,252,210,529,443,0,0,0,0,24048,NaN,NaN,NaN,NaN,NaN,NaN,NaN,0,NaN,0,NaN,0,NaN,0,NaN,25112,24650,11372
1778892178,10935,17.8047,1.191,1,NaN,NaN,NaN,df,df,0,11,0,198,190,420,404,0,0,0,0,24177,NaN,NaN,NaN,NaN,NaN,NaN,NaN,0,NaN,0,NaN,0,NaN,0,NaN,25212,24800,11522
1778892240,10997,17.8047,1.262,1,NaN,NaN,NaN,df,df,0,11,0,122,190,268,404,0,0,0,0,24277,NaN,NaN,NaN,NaN,NaN,NaN,NaN,0,NaN,0,NaN,0,NaN,0,NaN,25362,25050,11622
1778892302,11059,17.8047,1.312,1,NaN,NaN,NaN,df,df,0,11,0,172,190,367,403,0,0,0,0,24477,NaN,NaN,NaN,NaN,NaN,NaN,NaN,0,NaN,0,NaN,0,NaN,0,NaN,25662,25300,11622
1778892364,11121,17.8047,1.203,1,NaN,NaN,NaN,df,df,0,11,0,270,192,565,405,0,0,0,0,24666,NaN,NaN,NaN,NaN,NaN,NaN,NaN,0,NaN,0,NaN,0,NaN,0,NaN,25862,25400,11772
1778892498,11255,17.8711,14.7383,1,0,NaN,1,df,nondf,1,12,1,208,204,923,1049,483,618,0,0,24913,314,NaN,NaN,NaN,NaN,NaN,NaN,0,0,0,0,0,0,0,0,26112,25700,11958
1778892558,11315,17.8828,14.8086,1,0,NaN,1,df,nondf,1,12,1,265,247,1194,1309,642,792,0,0,25035,407,NaN,NaN,NaN,NaN,NaN,NaN,0,0,0,0,0,0,0,0,26212,25700,11968
1778892619,11376,17.8984,15.1289,1,0,NaN,1,df,nondf,1,12,1,219,191,993,1062,531,657,0,0,25174,451,NaN,NaN,NaN,NaN,NaN,NaN,0,0,0,0,0,0,0,0,26310,25900,11976
1778892680,11437,17.8867,15.7656,1,0,NaN,1,df,nondf,1,12,1,272,239,1250,1227,681,723,0,0,25328,598,NaN,NaN,NaN,NaN,NaN,NaN,0,0,0,0,0,0,0,0,26562,26050,11979
1778892741,11498,17.8867,16.1914,1,0,NaN,1,df,nondf,1,12,1,272,240,1256,1320,687,816,0,0,25538,600,NaN,NaN,NaN,NaN,NaN,NaN,0,0,0,0,0,0,0,0,26562,26050,11979
1778892802,11559,17.8281,16.1914,1,0,NaN,1,df,nondf,1,12,1,222,235,1159,1156,690,666,0,0,25628,700,NaN,NaN,NaN,NaN,NaN,NaN,0,0,0,0,0,0,0,0,26662,26200,11979
1778892863,11620,17.8945,16.168,1,0,NaN,1,df,nondf,1,12,1,273,239,1263,1318,693,816,0,0,25800,799,NaN,NaN,NaN,NaN,NaN,NaN,0,0,0,0,0,0,0,0,26812,26300,11980
1778892923,11680,17.9023,16.2891,1,0,NaN,1,df,nondf,1,12,1,224,238,1174,1170,702,672,0,0,25880,943,NaN,NaN,NaN,NaN,NaN,NaN,0,0,0,0,0,0,0,0,26962,26500,11980
1778892984,11741,17.8633,16.4531,1,0,NaN,1,df,nondf,1,12,1,272,240,1278,1319,711,816,0,0,26078,950,NaN,NaN,NaN,NaN,NaN,NaN,0,0,0,0,0,0,0,0,27062,26550,11983
1778893046,11803,17.7773,1.242,1,NaN,NaN,NaN,df,df,0,12,0,221,291,465,605,0,0,0,0,26227,NaN,NaN,NaN,NaN,NaN,NaN,NaN,0,NaN,0,NaN,0,NaN,0,NaN,27212,26700,12083
1778893108,11865,17.7773,1.211,1,NaN,NaN,NaN,df,df,0,12,0,267,241,557,503,0,0,0,0,26365,NaN,NaN,NaN,NaN,NaN,NaN,NaN,0,NaN,0,NaN,0,NaN,0,NaN,27308,26800,12233
1778893170,11927,17.7578,2.961,1,NaN,NaN,NaN,df,df,0,12,0,233,279,487,583,0,0,0,0,26481,NaN,NaN,NaN,NaN,NaN,NaN,NaN,0,NaN,0,NaN,0,NaN,0,NaN,27362,26850,12383
1778893232,11989,17.7578,1.211,1,NaN,NaN,NaN,df,df,0,12,0,260,252,543,527,0,0,0,0,26630,NaN,NaN,NaN,NaN,NaN,NaN,NaN,0,NaN,0,NaN,0,NaN,0,NaN,27412,26900,12633
1778893294,12051,17.7227,1.211,1,NaN,NaN,NaN,df,df,0,12,0,274,238,571,499,0,0,0,0,26818,NaN,NaN,NaN,NaN,NaN,NaN,NaN,0,NaN,0,NaN,0,NaN,0,NaN,27512,27000,12833
1778893356,12113,17.7227,1.211,1,NaN,NaN,NaN,df,df,0,12,0,231,238,483,499,0,0,0,0,26930,NaN,NaN,NaN,NaN,NaN,NaN,NaN,0,NaN,0,NaN,0,NaN,0,NaN,27612,27100,12983
1778893417,12174,17.7227,1.211,1,NaN,NaN,NaN,df,df,0,12,0,173,189,369,402,0,0,0,0,27079,NaN,NaN,NaN,NaN,NaN,NaN,NaN,0,NaN,0,NaN,0,NaN,0,NaN,27712,27350,13083
1778893479,12236,17.7227,1.211,1,NaN,NaN,NaN,df,df,0,12,0,219,188,463,400,0,0,0,0,27206,NaN,NaN,NaN,NaN,NaN,NaN,NaN,0,NaN,0,NaN,0,NaN,0,NaN,27911,27500,13183
1778893541,12298,17.7227,1.207,1,NaN,NaN,NaN,df,df,0,12,0,147,188,319,400,0,0,0,0,27336,NaN,NaN,NaN,NaN,NaN,NaN,NaN,0,NaN,0,NaN,0,NaN,0,NaN,28061,27750,13233
1778893603,12360,17.7227,1.211,1,NaN,NaN,NaN,df,df,0,12,0,274,238,571,500,0,0,0,0,27574,NaN,NaN,NaN,NaN,NaN,NaN,NaN,0,NaN,0,NaN,0,NaN,0,NaN,28262,27750,13433
1778893691,12448,17.7227,15.8555,1,0,NaN,1,df,nondf,1,13,1,223,160,469,1015,0,669,0,0,27779,17,NaN,NaN,NaN,NaN,NaN,NaN,0,0,0,0,0,0,0,0,28412,28050,13483
1778893752,12509,17.7227,15.8672,1,0,NaN,1,df,nondf,1,13,1,225,237,785,1166,384,669,0,0,27930,152,NaN,NaN,NaN,NaN,NaN,NaN,0,0,0,0,0,0,0,0,28662,28200,13483
1778893813,12570,17.7227,16.0195,1,0,NaN,1,df,nondf,1,13,1,216,248,1045,1161,588,642,0,0,28020,310,NaN,NaN,NaN,NaN,NaN,NaN,0,0,0,0,0,0,0,0,28762,28300,13524
1778893874,12631,17.8438,16.1836,1,0,NaN,1,df,nondf,1,13,1,273,238,1160,1315,591,816,0,0,28252,350,NaN,NaN,NaN,NaN,NaN,NaN,0,0,0,0,0,0,0,0,28961,28450,13535
1778893935,12692,17.9453,16.4531,1,0,NaN,1,df,nondf,1,13,1,173,138,715,818,348,519,0,0,28410,350,NaN,NaN,NaN,NaN,NaN,NaN,0,0,0,0,0,0,0,0,29061,28750,13535
1778893995,12752,17.8945,16.832,1,0,NaN,1,df,nondf,1,13,1,221,190,967,1063,504,660,0,0,28647,402,NaN,NaN,NaN,NaN,NaN,NaN,0,0,0,0,0,0,0,0,29161,28750,13537
1778894056,12813,17.8438,16.9297,1,0,NaN,1,df,nondf,1,13,1,121,108,667,600,402,363,0,0,28727,502,NaN,NaN,NaN,NaN,NaN,NaN,0,0,0,0,0,0,0,0,29311,29050,13537
1778894117,12874,17.8438,16.9219,1,0,NaN,1,df,nondf,1,13,1,118,140,670,654,411,351,0,0,28874,636,NaN,NaN,NaN,NaN,NaN,NaN,0,0,0,0,0,0,0,0,29508,29250,13538
1778894178,12935,17.7852,17.0234,1,0,NaN,1,df,nondf,1,13,1,218,240,1176,1157,717,654,0,0,29074,802,NaN,NaN,NaN,NaN,NaN,NaN,0,0,0,0,0,0,0,0,29808,29350,13539
1778894239,12996,17.8125,17.0391,1,0,NaN,1,df,nondf,1,13,1,168,140,779,807,420,504,0,0,29104,952,NaN,NaN,NaN,NaN,NaN,NaN,0,0,0,0,0,0,0,0,29908,29600,13539
1778894301,13058,17.668,1.551,1,NaN,NaN,NaN,df,df,0,13,0,192,115,409,251,0,0,0,0,29239,NaN,NaN,NaN,NaN,NaN,NaN,NaN,0,NaN,0,NaN,0,NaN,0,NaN,30058,29750,13654
1778894362,13119,17.668,1.23,1,NaN,NaN,NaN,df,df,0,13,0,203,178,429,383,0,0,0,0,29409,NaN,NaN,NaN,NaN,NaN,NaN,NaN,0,NaN,0,NaN,0,NaN,0,NaN,30158,29800,13904
1778894424,13181,17.668,1.25,1,NaN,NaN,NaN,df,df,0,13,0,153,155,329,333,0,0,0,0,29459,NaN,NaN,NaN,NaN,NaN,NaN,NaN,0,NaN,0,NaN,0,NaN,0,NaN,30408,30100,13904
1778894486,13243,17.6562,1.227,1,NaN,NaN,NaN,df,df,0,13,0,253,209,529,441,0,0,0,0,29659,NaN,NaN,NaN,NaN,NaN,NaN,NaN,0,NaN,0,NaN,0,NaN,0,NaN,30662,30200,14004
1778894548,13305,17.6445,1.242,1,NaN,NaN,NaN,df,df,0,13,0,255,232,533,491,0,0,0,0,29761,NaN,NaN,NaN,NaN,NaN,NaN,NaN,0,NaN,0,NaN,0,NaN,0,NaN,30762,30300,14154
1778894610,13367,17.6445,1.238,1,NaN,NaN,NaN,df,df,0,13,0,227,236,475,495,0,0,0,0,29861,NaN,NaN,NaN,NaN,NaN,NaN,NaN,0,NaN,0,NaN,0,NaN,0,NaN,30862,30400,14304
1778894672,13429,17.6445,1.227,1,NaN,NaN,NaN,df,df,0,13,0,213,160,447,343,0,0,0,0,30008,NaN,NaN,NaN,NaN,NaN,NaN,NaN,0,NaN,0,NaN,0,NaN,0,NaN,30912,30500,14504
1778894733,13490,17.6445,1.23,1,NaN,NaN,NaN,df,df,0,13,0,179,160,379,343,0,0,0,0,30108,NaN,NaN,NaN,NaN,NaN,NaN,NaN,0,NaN,0,NaN,0,NaN,0,NaN,31162,30800,14504
1778894795,13552,17.6445,1.238,1,NaN,NaN,NaN,df,df,0,13,0,219,243,459,511,0,0,0,0,30308,NaN,NaN,NaN,NaN,NaN,NaN,NaN,0,NaN,0,NaN,0,NaN,0,NaN,31462,31000,14504
1778894857,13614,17.6445,1.301,1,NaN,NaN,NaN,df,df,0,13,0,302,210,627,443,0,0,0,0,30508,NaN,NaN,NaN,NaN,NaN,NaN,NaN,0,NaN,0,NaN,0,NaN,0,NaN,31512,31000,14804
1778894925,13682,17.6445,15.7852,1,0,NaN,1,df,nondf,1,14,1,167,145,489,788,132,477,0,0,30620,55,NaN,NaN,NaN,NaN,NaN,NaN,0,0,0,0,0,0,0,0,31612,31300,14804
1778894986,13743,17.6211,15.7695,1,0,NaN,1,df,nondf,1,14,1,182,219,816,1009,429,546,0,0,30738,255,NaN,NaN,NaN,NaN,NaN,NaN,0,0,0,0,0,0,0,0,31762,31400,14884
1778895047,13804,17.7344,16.8867,1,0,NaN,1,df,nondf,1,14,1,236,226,1089,1180,594,705,0,0,30883,366,NaN,NaN,NaN,NaN,NaN,NaN,0,0,0,0,0,0,0,0,31962,31500,14888
1778895108,13865,17.6719,17.1992,1,0,NaN,1,df,nondf,1,14,1,244,267,1258,1284,747,729,0,0,30950,548,NaN,NaN,NaN,NaN,NaN,NaN,0,0,0,0,0,0,0,0,32061,31550,14894
1778895169,13926,17.707,17.2227,1,0,NaN,1,df,nondf,1,14,1,196,165,886,941,471,588,0,0,31044,605,NaN,NaN,NaN,NaN,NaN,NaN,0,0,0,0,0,0,0,0,32161,31800,14897
1778895229,13986,17.707,17.2188,1,0,NaN,1,df,nondf,1,14,1,147,127,770,714,453,441,0,0,31103,754,NaN,NaN,NaN,NaN,NaN,NaN,0,0,0,0,0,0,0,0,32311,32000,14898
1778895290,14047,17.7266,17.2188,1,0,NaN,1,df,nondf,1,14,1,195,166,903,937,492,582,0,0,31287,856,NaN,NaN,NaN,NaN,NaN,NaN,0,0,0,0,0,0,0,0,32511,32150,14899
1778895351,14108,17.7305,17.2188,1,0,NaN,1,df,nondf,1,14,1,246,266,1283,1290,768,735,0,0,31502,956,NaN,NaN,NaN,NaN,NaN,NaN,0,0,0,0,0,0,0,0,32762,32250,14900
1778895412,14169,17.625,17.2461,1,0,NaN,1,df,nondf,1,14,1,248,264,1164,1295,645,744,0,0,31504,1154,NaN,NaN,NaN,NaN,NaN,NaN,0,0,0,0,0,0,0,0,32862,32350,14902
1778895473,14230,17.7891,17.1914,1,0,NaN,1,df,nondf,1,14,1,248,264,1311,1295,792,744,0,0,31504,1354,NaN,NaN,NaN,NaN,NaN,NaN,0,0,0,0,0,0,0,0,32862,32350,14902
1778895535,14292,17.6992,1.426,1,NaN,NaN,NaN,df,df,0,14,0,251,261,525,546,0,0,0,0,31606,NaN,NaN,NaN,NaN,NaN,NaN,NaN,0,NaN,0,NaN,0,NaN,0,NaN,33012,32500,15002
1778895597,14354,17.6914,1.359,1,NaN,NaN,NaN,df,df,0,14,0,251,242,525,506,0,0,0,0,31707,NaN,NaN,NaN,NaN,NaN,NaN,NaN,0,NaN,0,NaN,0,NaN,0,NaN,33111,32600,15102
1778895659,14416,17.6914,1.246,1,NaN,NaN,NaN,df,df,0,14,0,234,210,491,444,0,0,0,0,31808,NaN,NaN,NaN,NaN,NaN,NaN,NaN,0,NaN,0,NaN,0,NaN,0,NaN,33162,32700,15302
1778895721,14478,17.6914,1.246,1,NaN,NaN,NaN,df,df,0,14,0,235,260,495,544,0,0,0,0,31973,NaN,NaN,NaN,NaN,NaN,NaN,NaN,0,NaN,0,NaN,0,NaN,0,NaN,33212,32750,15552
1778895782,14539,17.6914,1.273,1,NaN,NaN,NaN,df,df,0,14,0,253,259,530,541,0,0,0,0,32108,NaN,NaN,NaN,NaN,NaN,NaN,NaN,0,NaN,0,NaN,0,NaN,0,NaN,33312,32800,15702
1778895844,14601,17.625,1.25,1,NaN,NaN,NaN,df,df,0,14,0,226,186,478,392,0,0,0,0,32223,NaN,NaN,NaN,NaN,NaN,NaN,NaN,0,NaN,0,NaN,0,NaN,0,NaN,33312,32900,15902
1778895906,14663,17.625,1.246,1,NaN,NaN,NaN,df,df,0,14,0,233,210,493,444,0,0,0,0,32369,NaN,NaN,NaN,NaN,NaN,NaN,NaN,0,NaN,0,NaN,0,NaN,0,NaN,33462,33050,16052
1778895968,14725,17.625,1.246,1,NaN,NaN,NaN,df,df,0,14,0,259,251,545,524,0,0,0,0,32459,NaN,NaN,NaN,NaN,NaN,NaN,NaN,0,NaN,0,NaN,0,NaN,0,NaN,33760,33250,16052
1778896030,14787,17.582,1.277,1,NaN,NaN,NaN,df,df,0,14,0,257,255,539,532,0,0,0,0,32611,NaN,NaN,NaN,NaN,NaN,NaN,NaN,0,NaN,0,NaN,0,NaN,0,NaN,33812,33300,16302
1778896091,14848,17.6523,1.242,1,NaN,NaN,NaN,df,df,0,14,0,248,214,519,454,0,0,0,0,32762,NaN,NaN,NaN,NaN,NaN,NaN,NaN,0,NaN,0,NaN,0,NaN,0,NaN,33812,33350,16552
1778896165,14922,17.6172,16.2031,1,0,NaN,1,df,nondf,1,15,1,256,256,771,1304,234,768,0,0,32961,88,NaN,NaN,NaN,NaN,NaN,NaN,0,0,0,0,0,0,0,0,33912,33400,16602
1778896225,14982,17.6289,16.3633,1,0,NaN,1,df,nondf,1,15,1,209,192,676,1068,234,660,0,0,33127,124,NaN,NaN,NaN,NaN,NaN,NaN,0,0,0,0,0,0,0,0,33912,33500,16666
1778896286,15043,17.7812,16.9375,1,0,NaN,1,df,nondf,1,15,1,219,193,844,1067,384,657,0,0,33288,225,NaN,NaN,NaN,NaN,NaN,NaN,0,0,0,0,0,0,0,0,34012,33600,16715
1778896347,15104,17.8438,17.4492,1,0,NaN,1,df,nondf,1,15,1,277,235,1115,1321,540,828,0,0,33450,317,NaN,NaN,NaN,NaN,NaN,NaN,0,0,0,0,0,0,0,0,34112,33600,16726
1778896408,15165,17.8438,17.5742,1,0,NaN,1,df,nondf,1,15,1,226,186,911,1070,438,675,0,0,33597,318,NaN,NaN,NaN,NaN,NaN,NaN,0,0,0,0,0,0,0,0,34112,33700,16728
1778896469,15226,17.8477,17.5,1,0,NaN,1,df,nondf,1,15,1,228,234,1106,1173,627,684,0,0,33685,496,NaN,NaN,NaN,NaN,NaN,NaN,0,0,0,0,0,0,0,0,34262,33800,16728
1778896530,15287,17.8555,17.6992,1,0,NaN,1,df,nondf,1,15,1,181,231,1024,1026,639,543,0,0,33788,577,NaN,NaN,NaN,NaN,NaN,NaN,0,0,0,0,0,0,0,0,34312,33900,16737
1778896591,15348,17.7344,17.6602,1,0,NaN,1,df,nondf,1,15,1,185,227,964,1032,570,555,0,0,33942,659,NaN,NaN,NaN,NaN,NaN,NaN,0,0,0,0,0,0,0,0,34412,34000,16741
1778896652,15409,17.6836,17.6094,1,0,NaN,1,df,nondf,1,15,1,229,228,1215,1181,735,702,0,0,34091,760,NaN,NaN,NaN,NaN,NaN,NaN,0,0,0,0,0,0,0,0,34562,34100,16742
1778896713,15470,17.7422,17.6602,1,0,NaN,1,df,nondf,1,15,1,137,175,811,782,513,411,0,0,34194,805,NaN,NaN,NaN,NaN,NaN,NaN,0,0,0,0,0,0,0,0,34562,34250,16745
1778896776,15533,17.6484,1.285,1,NaN,NaN,NaN,df,df,0,15,0,137,149,298,323,0,0,0,0,34244,NaN,NaN,NaN,NaN,NaN,NaN,NaN,0,NaN,0,NaN,0,NaN,0,NaN,34762,34500,16745
1778896838,15595,17.6484,1.27,1,NaN,NaN,NaN,df,df,0,15,0,163,149,348,323,0,0,0,0,34394,NaN,NaN,NaN,NaN,NaN,NaN,NaN,0,NaN,0,NaN,0,NaN,0,NaN,34912,34600,16895
1778896900,15657,17.6484,1.27,1,NaN,NaN,NaN,df,df,0,15,0,149,214,319,451,0,0,0,0,34544,NaN,NaN,NaN,NaN,NaN,NaN,NaN,0,NaN,0,NaN,0,NaN,0,NaN,35062,34700,17045
1778896962,15719,17.6484,1.27,1,NaN,NaN,NaN,df,df,0,15,0,275,237,573,495,0,0,0,0,34723,NaN,NaN,NaN,NaN,NaN,NaN,NaN,0,NaN,0,NaN,0,NaN,0,NaN,35312,34800,17145
1778897023,15780,17.6484,1.316,1,NaN,NaN,NaN,df,df,0,15,0,240,174,503,373,0,0,0,0,34897,NaN,NaN,NaN,NaN,NaN,NaN,NaN,0,NaN,0,NaN,0,NaN,0,NaN,35462,35050,17245
1778897085,15842,17.6484,1.262,1,NaN,NaN,NaN,df,df,0,15,0,266,245,555,511,0,0,0,0,34966,NaN,NaN,NaN,NaN,NaN,NaN,NaN,0,NaN,0,NaN,0,NaN,0,NaN,35711,35200,17245
1778897148,15905,17.6211,1.266,1,NaN,NaN,NaN,df,df,0,15,0,209,203,443,427,0,0,0,0,35058,NaN,NaN,NaN,NaN,NaN,NaN,NaN,0,NaN,0,NaN,0,NaN,0,NaN,35812,35400,17345
1778897210,15967,17.6211,2.512,1,NaN,NaN,NaN,df,df,0,15,0,194,187,411,401,0,0,0,0,35201,NaN,NaN,NaN,NaN,NaN,NaN,NaN,0,NaN,0,NaN,0,NaN,0,NaN,35962,35600,17445
1778897271,16028,17.6211,1.262,1,NaN,NaN,NaN,df,df,0,15,0,156,205,335,434,0,0,0,0,35301,NaN,NaN,NaN,NaN,NaN,NaN,NaN,0,NaN,0,NaN,0,NaN,0,NaN,36161,35800,17495
1778897333,16090,17.6211,1.297,1,NaN,NaN,NaN,df,df,0,15,0,244,266,511,556,0,0,0,0,35501,NaN,NaN,NaN,NaN,NaN,NaN,NaN,0,NaN,0,NaN,0,NaN,0,NaN,36360,35850,17695
1778897462,16219,17.7852,15.5039,1,0,NaN,1,df,nondf,1,16,1,271,241,931,1316,366,810,0,0,35773,175,NaN,NaN,NaN,NaN,NaN,NaN,0,0,0,0,0,0,0,0,36612,36100,17771
1778897523,16280,17.7852,15.7031,1,0,NaN,1,df,nondf,1,16,1,256,255,1048,1279,513,747,0,0,35910,259,NaN,NaN,NaN,NaN,NaN,NaN,0,0,0,0,0,0,0,0,36661,36150,17798
1778897584,16341,17.832,16.0469,1,0,NaN,1,df,nondf,1,16,1,224,238,1032,1157,561,660,0,0,35981,341,NaN,NaN,NaN,NaN,NaN,NaN,0,0,0,0,0,0,0,0,36712,36250,17820
1778897645,16402,17.6719,16.1484,1,0,NaN,1,df,nondf,1,16,1,155,157,759,776,426,441,0,0,36062,419,NaN,NaN,NaN,NaN,NaN,NaN,0,0,0,0,0,0,0,0,36712,36400,17848
1778897705,16462,17.6562,16.1484,1,0,NaN,1,df,nondf,1,16,1,157,134,637,764,300,471,0,0,36214,513,NaN,NaN,NaN,NaN,NaN,NaN,0,0,0,0,0,0,0,0,36912,36650,17859
1778897766,16523,17.9844,16.2812,1,0,NaN,1,df,nondf,1,16,1,235,254,1239,1179,744,648,0,0,36337,738,NaN,NaN,NaN,NaN,NaN,NaN,0,0,0,0,0,0,0,0,37212,36750,17860
1778897827,16584,18.1289,16.3125,1,0,NaN,1,df,nondf,1,16,1,158,204,945,947,606,516,0,0,36465,788,NaN,NaN,NaN,NaN,NaN,NaN,0,0,0,0,0,0,0,0,37312,36950,17860
1778897888,16645,18.0312,16.5977,1,0,NaN,1,df,nondf,1,16,1,256,256,1300,1300,765,765,0,0,36662,890,NaN,NaN,NaN,NaN,NaN,NaN,0,0,0,0,0,0,0,0,37462,36950,17864
1778897949,16706,18.0039,16.6445,1,0,NaN,1,df,nondf,1,16,1,166,205,970,1054,615,621,0,0,36764,939,NaN,NaN,NaN,NaN,NaN,NaN,0,0,0,0,0,0,0,0,37512,37100,17865
1778898011,16768,17.9102,1.578,1,NaN,NaN,NaN,df,df,0,16,0,207,249,437,519,0,0,0,0,36914,NaN,NaN,NaN,NaN,NaN,NaN,NaN,0,NaN,0,NaN,0,NaN,0,NaN,37762,37300,17915
1778898073,16830,17.9102,1.289,1,NaN,NaN,NaN,df,df,0,16,0,157,219,337,459,0,0,0,0,37014,NaN,NaN,NaN,NaN,NaN,NaN,NaN,0,NaN,0,NaN,0,NaN,0,NaN,37862,37450,18065
1778898135,16892,17.9102,1.312,1,NaN,NaN,NaN,df,df,0,16,0,233,228,489,477,0,0,0,0,37231,NaN,NaN,NaN,NaN,NaN,NaN,NaN,0,NaN,0,NaN,0,NaN,0,NaN,38061,37600,18165
1778898197,16954,17.9102,1.277,1,NaN,NaN,NaN,df,df,0,16,0,206,256,435,535,0,0,0,0,37363,NaN,NaN,NaN,NaN,NaN,NaN,NaN,0,NaN,0,NaN,0,NaN,0,NaN,38162,37700,18315
1778898259,17016,17.9102,1.598,1,NaN,NaN,NaN,df,df,0,16,0,206,211,435,441,0,0,0,0,37513,NaN,NaN,NaN,NaN,NaN,NaN,NaN,0,NaN,0,NaN,0,NaN,0,NaN,38262,37850,18465
1778898321,17078,17.9102,1.527,1,NaN,NaN,NaN,df,df,0,16,0,223,289,467,603,0,0,0,0,37663,NaN,NaN,NaN,NaN,NaN,NaN,NaN,0,NaN,0,NaN,0,NaN,0,NaN,38412,37900,18565
1778898382,17139,17.7695,1.539,1,NaN,NaN,NaN,df,df,0,16,0,253,229,529,477,0,0,0,0,37810,NaN,NaN,NaN,NaN,NaN,NaN,NaN,0,NaN,0,NaN,0,NaN,0,NaN,38459,37950,18815
1778898444,17201,17.7695,1.297,1,NaN,NaN,NaN,df,df,0,16,0,208,304,439,631,0,0,0,0,37915,NaN,NaN,NaN,NaN,NaN,NaN,NaN,0,NaN,0,NaN,0,NaN,0,NaN,38662,38150,18865
1778898506,17263,17.7695,1.504,1,NaN,NaN,NaN,df,df,0,16,0,240,222,503,465,0,0,0,0,38038,NaN,NaN,NaN,NaN,NaN,NaN,NaN,0,NaN,0,NaN,0,NaN,0,NaN,38712,38250,18965
1778898568,17325,17.7695,1.328,1,NaN,NaN,NaN,df,df,0,16,0,156,206,335,435,0,0,0,0,38113,NaN,NaN,NaN,NaN,NaN,NaN,NaN,0,NaN,0,NaN,0,NaN,0,NaN,38762,38400,19165
1778898631,17388,17.7695,15.1328,1,0,NaN,1,df,nondf,1,17,1,238,206,647,1203,150,768,0,0,38363,50,NaN,NaN,NaN,NaN,NaN,NaN,0,0,0,0,0,0,0,0,38962,38500,19165
1778898692,17449,17.7852,15.2773,1,0,NaN,1,df,nondf,1,17,1,143,156,434,674,123,339,0,0,38546,50,NaN,NaN,NaN,NaN,NaN,NaN,0,0,0,0,0,0,0,0,39062,38800,19165
1778898753,17510,17.7852,15.5781,1,0,NaN,1,df,nondf,1,17,1,156,156,525,800,192,465,0,0,38756,100,NaN,NaN,NaN,NaN,NaN,NaN,0,0,0,0,0,0,0,0,39262,38950,19165
1778898814,17571,17.7852,16.207,1,0,NaN,1,df,nondf,1,17,1,241,206,845,1155,342,720,0,0,39013,150,NaN,NaN,NaN,NaN,NaN,NaN,0,0,0,0,0,0,0,0,39512,39050,19165
1778898876,17633,17.7852,16.6641,1,0,NaN,1,df,nondf,1,17,1,255,226,878,1242,345,765,0,0,39212,165,NaN,NaN,NaN,NaN,NaN,NaN,0,0,0,0,0,0,0,0,39562,39100,19166
1778898937,17694,17.8398,17.1055,1,0,NaN,1,df,nondf,1,17,1,207,254,1004,1154,567,621,0,0,39314,293,NaN,NaN,NaN,NaN,NaN,NaN,0,0,0,0,0,0,0,0,39762,39300,19166
1778898998,17755,18.043,17.1211,1,0,NaN,1,df,nondf,1,17,1,268,244,1135,1315,576,804,0,0,39475,338,NaN,NaN,NaN,NaN,NaN,NaN,0,0,0,0,0,0,0,0,39862,39350,19179
1778899059,17816,18.043,17.1211,1,0,NaN,1,df,nondf,1,17,1,264,237,1148,1172,597,675,0,0,39616,431,NaN,NaN,NaN,NaN,NaN,NaN,0,0,0,0,0,0,0,0,39912,39450,19186
1778899120,17877,18.043,17.375,1,0,NaN,1,df,nondf,1,17,1,223,233,985,1160,516,669,0,0,39780,472,NaN,NaN,NaN,NaN,NaN,NaN,0,0,0,0,0,0,0,0,39962,39550,19188
1778899181,17938,18.1016,17.3711,1,0,NaN,1,df,nondf,1,17,1,236,258,1273,1247,777,708,0,0,39893,619,NaN,NaN,NaN,NaN,NaN,NaN,0,0,0,0,0,0,0,0,40160,39650,19202
1778899243,18000,17.9727,1.273,1,NaN,NaN,NaN,df,df,0,17,0,282,230,586,487,0,0,0,0,40045,NaN,NaN,NaN,NaN,NaN,NaN,NaN,0,NaN,0,NaN,0,NaN,0,NaN,40312,39800,19302
1778899305,18062,17.9727,1.273,1,NaN,NaN,NaN,df,df,0,17,0,288,224,600,473,0,0,0,0,40141,NaN,NaN,NaN,NaN,NaN,NaN,NaN,0,NaN,0,NaN,0,NaN,0,NaN,40412,39900,19502
1778899366,18123,17.9688,1.273,1,NaN,NaN,NaN,df,df,0,17,0,259,250,540,525,0,0,0,0,40295,NaN,NaN,NaN,NaN,NaN,NaN,NaN,0,NaN,0,NaN,0,NaN,0,NaN,40509,40000,19652
1778899428,18185,17.9688,1.434,1,NaN,NaN,NaN,df,df,0,17,0,241,173,506,373,0,0,0,0,40448,NaN,NaN,NaN,NaN,NaN,NaN,NaN,0,NaN,0,NaN,0,NaN,0,NaN,40562,40150,19852
1778899490,18247,17.9688,1.277,1,NaN,NaN,NaN,df,df,0,17,0,281,231,587,481,0,0,0,0,40579,NaN,NaN,NaN,NaN,NaN,NaN,NaN,0,NaN,0,NaN,0,NaN,0,NaN,40712,40200,20002
1778899552,18309,17.9688,1.273,1,NaN,NaN,NaN,df,df,0,17,0,175,170,371,363,0,0,0,0,40648,NaN,NaN,NaN,NaN,NaN,NaN,NaN,0,NaN,0,NaN,0,NaN,0,NaN,40761,40400,20152
1778899614,18371,17.9688,1.305,1,NaN,NaN,NaN,df,df,0,17,0,191,270,406,563,0,0,0,0,40798,NaN,NaN,NaN,NaN,NaN,NaN,NaN,0,NaN,0,NaN,0,NaN,0,NaN,41011,40550,20252
1778899675,18432,17.9688,1.281,1,NaN,NaN,NaN,df,df,0,17,0,265,246,556,513,0,0,0,0,40963,NaN,NaN,NaN,NaN,NaN,NaN,NaN,0,NaN,0,NaN,0,NaN,0,NaN,41161,40650,20352
1778899737,18494,17.9688,1.273,1,NaN,NaN,NaN,df,df,0,17,0,155,172,336,367,0,0,0,0,41047,NaN,NaN,NaN,NaN,NaN,NaN,NaN,0,NaN,0,NaN,0,NaN,0,NaN,41162,40850,20552
1778899799,18556,17.9688,1.293,1,NaN,NaN,NaN,df,df,0,17,0,241,221,506,465,0,0,0,0,41198,NaN,NaN,NaN,NaN,NaN,NaN,NaN,0,NaN,0,NaN,0,NaN,0,NaN,41412,40950,20652
1778899893,18650,17.8594,15.7227,1,0,NaN,1,df,nondf,1,18,1,260,251,977,1303,432,780,0,0,41367,224,NaN,NaN,NaN,NaN,NaN,NaN,0,0,0,0,0,0,0,0,41562,41050,20752
1778899953,18710,17.8594,16.0352,1,0,NaN,1,df,nondf,1,18,1,235,229,970,1187,477,702,0,0,41492,305,NaN,NaN,NaN,NaN,NaN,NaN,0,0,0,0,0,0,0,0,41611,41150,20793
1778900014,18771,18.0664,16.3359,1,0,NaN,1,df,nondf,1,18,1,211,201,944,1056,498,630,0,0,41568,430,NaN,NaN,NaN,NaN,NaN,NaN,0,0,0,0,0,0,0,0,41662,41250,20819
1778900075,18832,17.9883,16.7812,1,0,NaN,1,df,nondf,1,18,1,219,243,1110,1237,648,729,0,0,41727,522,NaN,NaN,NaN,NaN,NaN,NaN,0,0,0,0,0,0,0,0,41812,41350,20827
1778900136,18893,17.9688,16.8359,1,0,NaN,1,df,nondf,1,18,1,269,241,1214,1310,654,804,0,0,41925,570,NaN,NaN,NaN,NaN,NaN,NaN,0,0,0,0,0,0,0,0,41910,41400,20831
1778900197,18954,17.9883,16.8125,1,0,NaN,1,df,nondf,1,18,1,223,239,1016,1171,546,669,0,0,42031,668,NaN,NaN,NaN,NaN,NaN,NaN,0,0,0,0,0,0,0,0,42012,41550,20835
1778900258,19015,18.0352,16.8125,1,0,NaN,1,df,nondf,1,18,1,229,183,1005,1074,525,684,0,0,42057,862,NaN,NaN,NaN,NaN,NaN,NaN,0,0,0,0,0,0,0,0,42112,41700,20841
1778900318,19075,18.0547,16.7383,1,0,NaN,1,df,nondf,1,18,1,235,226,1168,1177,675,702,0,0,42189,1005,NaN,NaN,NaN,NaN,NaN,NaN,0,0,0,0,0,0,0,0,42261,41800,20848
1778900379,19136,17.9414,16.8672,1,0,NaN,1,df,nondf,1,18,1,175,177,904,779,528,402,0,0,42328,1056,NaN,NaN,NaN,NaN,NaN,NaN,0,0,0,0,0,0,0,0,42311,42000,20849
1778900440,19197,18.0664,16.8633,1,0,NaN,1,df,nondf,1,18,1,134,146,820,713,528,402,0,0,42442,1156,NaN,NaN,NaN,NaN,NaN,NaN,0,0,0,0,0,0,0,0,42461,42150,20849
1778900502,19259,17.9688,1.297,1,NaN,NaN,NaN,df,df,0,18,0,213,198,450,419,0,0,0,0,42592,NaN,NaN,NaN,NaN,NaN,NaN,NaN,0,NaN,0,NaN,0,NaN,0,NaN,42711,42300,20949
1778900564,19321,17.9688,1.293,1,NaN,NaN,NaN,df,df,0,18,0,243,269,512,557,0,0,0,0,42649,NaN,NaN,NaN,NaN,NaN,NaN,NaN,0,NaN,0,NaN,0,NaN,0,NaN,42912,42400,20999
1778900626,19383,17.9688,1.359,1,NaN,NaN,NaN,df,df,0,18,0,241,271,506,565,0,0,0,0,42799,NaN,NaN,NaN,NaN,NaN,NaN,NaN,0,NaN,0,NaN,0,NaN,0,NaN,43012,42500,21149
1778900688,19445,17.9688,1.586,1,NaN,NaN,NaN,df,df,0,18,0,277,233,577,487,0,0,0,0,42975,NaN,NaN,NaN,NaN,NaN,NaN,NaN,0,NaN,0,NaN,0,NaN,0,NaN,43110,42600,21299
1778900749,19506,17.9688,1.293,1,NaN,NaN,NaN,df,df,0,18,0,224,238,471,499,0,0,0,0,43097,NaN,NaN,NaN,NaN,NaN,NaN,NaN,0,NaN,0,NaN,0,NaN,0,NaN,43262,42800,21399
1778900811,19568,17.9688,1.332,1,NaN,NaN,NaN,df,df,0,18,0,189,173,401,369,0,0,0,0,43147,NaN,NaN,NaN,NaN,NaN,NaN,NaN,0,NaN,0,NaN,0,NaN,0,NaN,43362,43000,21549
1778900873,19630,17.9688,1.578,1,NaN,NaN,NaN,df,df,0,18,0,238,256,499,533,0,0,0,0,43296,NaN,NaN,NaN,NaN,NaN,NaN,NaN,0,NaN,0,NaN,0,NaN,0,NaN,43561,43050,21649
1778900935,19692,17.9688,1.293,1,NaN,NaN,NaN,df,df,0,18,0,212,222,447,468,0,0,0,0,43348,NaN,NaN,NaN,NaN,NaN,NaN,NaN,0,NaN,0,NaN,0,NaN,0,NaN,43712,43250,21699
1778900997,19754,17.9688,1.441,1,NaN,NaN,NaN,df,df,0,18,0,240,271,503,564,0,0,0,0,43548,NaN,NaN,NaN,NaN,NaN,NaN,NaN,0,NaN,0,NaN,0,NaN,0,NaN,44011,43500,21699
1778901058,19815,17.9688,1.363,1,NaN,NaN,NaN,df,df,0,18,0,190,171,403,366,0,0,0,0,43698,NaN,NaN,NaN,NaN,NaN,NaN,NaN,0,NaN,0,NaN,0,NaN,0,NaN,44161,43800,21749
1778901122,19879,17.9102,13.7383,1,0,NaN,1,df,nondf,1,19,1,158,153,430,801,93,471,0,0,43888,32,NaN,NaN,NaN,NaN,NaN,NaN,0,0,0,0,0,0,0,0,44161,43850,21781
1778901182,19939,17.9102,13.8359,1,0,NaN,1,df,nondf,1,19,1,146,115,408,689,93,435,0,0,44102,44,NaN,NaN,NaN,NaN,NaN,NaN,0,0,0,0,0,0,0,0,44211,43950,21819
1778901243,20000,17.9102,14.2188,1,0,NaN,1,df,nondf,1,19,1,195,166,716,940,303,585,0,0,44303,145,NaN,NaN,NaN,NaN,NaN,NaN,0,0,0,0,0,0,0,0,44411,44050,21820
1778901304,20061,17.9102,14.543,1,0,NaN,1,df,nondf,1,19,1,159,113,536,607,195,354,0,0,44467,188,NaN,NaN,NaN,NaN,NaN,NaN,0,0,0,0,0,0,0,0,44461,44200,21834
1778901365,20122,17.8828,15.0352,1,0,NaN,1,df,nondf,1,19,1,169,192,877,912,516,507,0,0,44577,379,NaN,NaN,NaN,NaN,NaN,NaN,0,0,0,0,0,0,0,0,44711,44350,21844
1778901426,20183,17.8828,15.0938,1,0,NaN,1,df,nondf,1,19,1,238,241,1171,1243,672,738,0,0,44779,470,NaN,NaN,NaN,NaN,NaN,NaN,0,0,0,0,0,0,0,0,44912,44400,21847
1778901486,20243,17.9414,15.2305,1,0,NaN,1,df,nondf,1,19,1,162,132,761,824,414,537,0,0,44837,561,NaN,NaN,NaN,NaN,NaN,NaN,0,0,0,0,0,0,0,0,44961,44650,21856
1778901547,20304,17.8711,15.2109,1,0,NaN,1,df,nondf,1,19,1,228,193,1046,1097,567,684,0,0,45086,618,NaN,NaN,NaN,NaN,NaN,NaN,0,0,0,0,0,0,0,0,45161,44750,21857
1778901608,20365,18,15.6367,1,0,NaN,1,df,nondf,1,19,1,255,233,1228,1176,693,687,0,0,45258,712,NaN,NaN,NaN,NaN,NaN,NaN,0,0,0,0,0,0,0,0,45262,44800,21860
1778901669,20426,17.9102,15.7617,1,0,NaN,1,df,nondf,1,19,1,227,209,1167,1120,690,681,0,0,45435,714,NaN,NaN,NaN,NaN,NaN,NaN,0,0,0,0,0,0,0,0,45362,44900,21860
1778901731,20488,17.9102,1.309,1,NaN,NaN,NaN,df,df,0,19,0,127,135,277,293,0,0,0,0,45535,NaN,NaN,NaN,NaN,NaN,NaN,NaN,0,NaN,0,NaN,0,NaN,0,NaN,45412,45150,22010
1778901793,20550,17.9102,1.316,1,NaN,NaN,NaN,df,df,0,19,0,214,185,449,393,0,0,0,0,45685,NaN,NaN,NaN,NaN,NaN,NaN,NaN,0,NaN,0,NaN,0,NaN,0,NaN,45762,45350,22010
1778901855,20612,17.9102,1.715,1,NaN,NaN,NaN,df,df,0,19,0,195,217,411,459,0,0,0,0,45885,NaN,NaN,NaN,NaN,NaN,NaN,NaN,0,NaN,0,NaN,0,NaN,0,NaN,46012,45600,22010
1778901917,20674,17.9102,1.363,1,NaN,NaN,NaN,df,df,0,19,0,276,236,575,495,0,0,0,0,46034,NaN,NaN,NaN,NaN,NaN,NaN,NaN,0,NaN,0,NaN,0,NaN,0,NaN,46262,45750,22110
1778901978,20735,17.9102,1.316,1,NaN,NaN,NaN,df,df,0,19,0,276,236,575,495,0,0,0,0,46177,NaN,NaN,NaN,NaN,NaN,NaN,NaN,0,NaN,0,NaN,0,NaN,0,NaN,46312,45800,22360
1778902040,20797,17.8633,1.312,1,NaN,NaN,NaN,df,df,0,19,0,241,271,503,567,0,0,0,0,46333,NaN,NaN,NaN,NaN,NaN,NaN,NaN,0,NaN,0,NaN,0,NaN,0,NaN,46362,45850,22560
1778902102,20859,17.8633,1.309,1,NaN,NaN,NaN,df,df,0,19,0,246,216,517,453,0,0,0,0,46445,NaN,NaN,NaN,NaN,NaN,NaN,NaN,0,NaN,0,NaN,0,NaN,0,NaN,46462,46000,22710
1778902164,20921,17.8633,1.309,1,NaN,NaN,NaN,df,df,0,19,0,224,236,471,495,0,0,0,0,46582,NaN,NaN,NaN,NaN,NaN,NaN,NaN,0,NaN,0,NaN,0,NaN,0,NaN,46610,46150,22860
1778902226,20983,17.8633,1.613,1,NaN,NaN,NaN,df,df,0,19,0,224,198,471,421,0,0,0,0,46732,NaN,NaN,NaN,NaN,NaN,NaN,NaN,0,NaN,0,NaN,0,NaN,0,NaN,46710,46300,23010
1778902287,21044,17.8633,1.309,1,NaN,NaN,NaN,df,df,0,19,0,246,236,517,495,0,0,0,0,46886,NaN,NaN,NaN,NaN,NaN,NaN,NaN,0,NaN,0,NaN,0,NaN,0,NaN,46812,46350,23210
1778902356,21113,17.8633,15.9609,1,0,NaN,1,df,nondf,1,20,1,222,188,686,1062,219,663,0,0,47037,102,NaN,NaN,NaN,NaN,NaN,NaN,0,0,0,0,0,0,0,0,47060,46650,23210
1778902417,21174,17.8633,16.6758,1,0,NaN,1,df,nondf,1,20,1,237,225,932,1167,435,696,0,0,47193,221,NaN,NaN,NaN,NaN,NaN,NaN,0,0,0,0,0,0,0,0,47262,46800,23210
1778902477,21234,17.8633,16.6758,1,0,NaN,1,df,nondf,1,20,1,144,168,701,899,390,540,0,0,47302,282,NaN,NaN,NaN,NaN,NaN,NaN,0,0,0,0,0,0,0,0,47312,47000,23232
1778902538,21295,18.0938,16.9922,1,0,NaN,1,df,nondf,1,20,1,250,262,1183,1297,660,750,0,0,47508,423,NaN,NaN,NaN,NaN,NaN,NaN,0,0,0,0,0,0,0,0,47562,47050,23240
1778902599,21356,18.1328,17.2734,1,0,NaN,1,df,nondf,1,20,1,252,240,1133,1261,606,756,0,0,47560,549,NaN,NaN,NaN,NaN,NaN,NaN,0,0,0,0,0,0,0,0,47712,47250,23240
1778902660,21417,18.0859,17.3359,1,0,NaN,1,df,nondf,1,20,1,230,252,1213,1244,732,717,0,0,47618,716,NaN,NaN,NaN,NaN,NaN,NaN,0,0,0,0,0,0,0,0,47762,47250,23248
1778902721,21478,18.1094,17.5312,1,0,NaN,1,df,nondf,1,20,1,207,253,1181,1149,744,621,0,0,47715,814,NaN,NaN,NaN,NaN,NaN,NaN,0,0,0,0,0,0,0,0,47910,47450,23249
1778902782,21539,18.1094,17.5312,1,0,NaN,1,df,nondf,1,20,1,208,252,1189,1152,750,624,0,0,47766,993,NaN,NaN,NaN,NaN,NaN,NaN,0,0,0,0,0,0,0,0,47960,47500,23250
1778902842,21599,18.043,17.6367,1,0,NaN,1,df,nondf,1,20,1,242,254,1268,1156,759,624,0,0,47945,1068,NaN,NaN,NaN,NaN,NaN,NaN,0,0,0,0,0,0,0,0,48112,47650,23250
1778902903,21660,18.1953,17.7422,1,0,NaN,1,df,nondf,1,20,1,207,255,1197,1156,759,621,0,0,48115,1110,NaN,NaN,NaN,NaN,NaN,NaN,0,0,0,0,0,0,0,0,48262,47800,23250
1778902966,21723,18.043,1.352,1,NaN,NaN,NaN,df,df,0,20,0,257,255,538,535,0,0,0,0,48265,NaN,NaN,NaN,NaN,NaN,NaN,NaN,0,NaN,0,NaN,0,NaN,0,NaN,48362,47850,23450
1778903027,21784,18.043,1.328,1,NaN,NaN,NaN,df,df,0,20,0,245,254,512,533,0,0,0,0,48414,NaN,NaN,NaN,NaN,NaN,NaN,NaN,0,NaN,0,NaN,0,NaN,0,NaN,48560,48050,23500
1778903089,21846,18.043,1.34,1,NaN,NaN,NaN,df,df,0,20,0,217,256,460,536,0,0,0,0,48564,NaN,NaN,NaN,NaN,NaN,NaN,NaN,0,NaN,0,NaN,0,NaN,0,NaN,48662,48200,23650
1778903151,21908,18.043,1.332,1,NaN,NaN,NaN,df,df,0,20,0,206,224,436,469,0,0,0,0,48714,NaN,NaN,NaN,NaN,NaN,NaN,NaN,0,NaN,0,NaN,0,NaN,0,NaN,48762,48300,23800
1778903213,21970,18.043,1.328,1,NaN,NaN,NaN,df,df,0,20,0,206,256,436,535,0,0,0,0,48855,NaN,NaN,NaN,NaN,NaN,NaN,NaN,0,NaN,0,NaN,0,NaN,0,NaN,48912,48450,23950
1778903275,22032,18.043,2.906,1,NaN,NaN,NaN,df,df,0,20,0,206,228,436,475,0,0,0,0,48964,NaN,NaN,NaN,NaN,NaN,NaN,NaN,0,NaN,0,NaN,0,NaN,0,NaN,49012,48550,24100
1778903337,22094,18.043,1.348,1,NaN,NaN,NaN,df,df,0,20,0,227,284,478,589,0,0,0,0,49126,NaN,NaN,NaN,NaN,NaN,NaN,NaN,0,NaN,0,NaN,0,NaN,0,NaN,49211,48700,24200
1778903398,22155,18.043,1.332,1,NaN,NaN,NaN,df,df,0,20,0,206,222,436,465,0,0,0,0,49214,NaN,NaN,NaN,NaN,NaN,NaN,NaN,0,NaN,0,NaN,0,NaN,0,NaN,49362,48900,24250
1778903460,22217,18.043,1.367,1,NaN,NaN,NaN,df,df,0,20,0,156,198,335,417,0,0,0,0,49364,NaN,NaN,NaN,NaN,NaN,NaN,NaN,0,NaN,0,NaN,0,NaN,0,NaN,49412,49050,24450
1778903522,22279,18.043,1.332,1,NaN,NaN,NaN,df,df,0,20,0,194,206,410,436,0,0,0,0,49565,NaN,NaN,NaN,NaN,NaN,NaN,NaN,0,NaN,0,NaN,0,NaN,0,NaN,49662,49250,24500
1778903631,22388,17.9453,15.6211,1,0,NaN,1,df,nondf,1,21,1,223,197,941,1085,471,669,0,0,49832,183,NaN,NaN,NaN,NaN,NaN,NaN,0,0,0,0,0,0,0,0,49962,49500,24581
1778903692,22449,17.9375,15.5781,1,0,NaN,1,df,nondf,1,21,1,242,220,1033,1187,525,723,0,0,49948,314,NaN,NaN,NaN,NaN,NaN,NaN,0,0,0,0,0,0,0,0,50062,49600,24598
1778903752,22509,18.0938,15.9531,1,0,NaN,1,df,nondf,1,21,1,219,209,998,1051,534,609,0,0,50074,403,NaN,NaN,NaN,NaN,NaN,NaN,0,0,0,0,0,0,0,0,50212,49800,24607
1778903813,22570,18.0938,16.332,1,0,NaN,1,df,nondf,1,21,1,255,207,1097,1052,564,615,0,0,50214,501,NaN,NaN,NaN,NaN,NaN,NaN,0,0,0,0,0,0,0,0,50412,49950,24607
1778903874,22631,18.0742,16.332,1,0,NaN,1,df,nondf,1,21,1,210,252,1154,1152,711,627,0,0,50318,614,NaN,NaN,NaN,NaN,NaN,NaN,0,0,0,0,0,0,0,0,50512,50050,24611
1778903935,22692,18.0742,16.2773,1,0,NaN,1,df,nondf,1,21,1,209,253,1179,1201,738,672,0,0,50468,697,NaN,NaN,NaN,NaN,NaN,NaN,0,0,0,0,0,0,0,0,50662,50200,24613
1778903996,22753,18.0742,16.4258,1,0,NaN,1,df,nondf,1,21,1,164,148,864,811,513,492,0,0,50523,792,NaN,NaN,NaN,NaN,NaN,NaN,0,0,0,0,0,0,0,0,50662,50350,24618
1778904057,22814,18.0625,16.4102,1,0,NaN,1,df,nondf,1,21,1,257,246,1271,1178,732,663,0,0,50662,990,NaN,NaN,NaN,NaN,NaN,NaN,0,0,0,0,0,0,0,0,50862,50400,24620
1778904117,22874,18.0703,16.4688,1,0,NaN,1,df,nondf,1,21,1,266,246,1287,1310,732,795,0,0,50825,1040,NaN,NaN,NaN,NaN,NaN,NaN,0,0,0,0,0,0,0,0,51012,50500,24620
1778904178,22935,17.9766,16.6211,1,0,NaN,1,df,nondf,1,21,1,219,244,1191,1252,729,741,0,0,50926,1138,NaN,NaN,NaN,NaN,NaN,NaN,0,0,0,0,0,0,0,0,51111,50650,24622
1778904240,22997,17.9844,1.434,1,NaN,NaN,NaN,df,df,0,21,0,217,195,458,413,0,0,0,0,51076,NaN,NaN,NaN,NaN,NaN,NaN,NaN,0,NaN,0,NaN,0,NaN,0,NaN,51212,50800,24772
1778904302,23059,17.9844,1.348,1,NaN,NaN,NaN,df,df,0,21,0,238,247,498,517,0,0,0,0,51224,NaN,NaN,NaN,NaN,NaN,NaN,NaN,0,NaN,0,NaN,0,NaN,0,NaN,51462,50950,24772
1778904364,23121,17.9844,1.371,1,NaN,NaN,NaN,df,df,0,21,0,261,251,546,525,0,0,0,0,51420,NaN,NaN,NaN,NaN,NaN,NaN,NaN,0,NaN,0,NaN,0,NaN,0,NaN,51612,51100,24872
1778904426,23183,17.9844,1.344,1,NaN,NaN,NaN,df,df,0,21,0,261,251,546,526,0,0,0,0,51508,NaN,NaN,NaN,NaN,NaN,NaN,NaN,0,NaN,0,NaN,0,NaN,0,NaN,51812,51300,24922
1778904488,23245,17.9844,1.348,1,NaN,NaN,NaN,df,df,0,21,0,180,201,381,426,0,0,0,0,51620,NaN,NaN,NaN,NaN,NaN,NaN,NaN,0,NaN,0,NaN,0,NaN,0,NaN,51912,51500,24972
1778904550,23307,17.9844,1.355,1,NaN,NaN,NaN,df,df,0,21,0,159,153,339,330,0,0,0,0,51770,NaN,NaN,NaN,NaN,NaN,NaN,NaN,0,NaN,0,NaN,0,NaN,0,NaN,52012,51700,25122
1778904611,23368,17.9844,1.355,1,NaN,NaN,NaN,df,df,0,21,0,119,151,263,326,0,0,0,0,51920,NaN,NaN,NaN,NaN,NaN,NaN,NaN,0,NaN,0,NaN,0,NaN,0,NaN,52162,51900,25222
1778904673,23430,17.9844,1.395,1,NaN,NaN,NaN,df,df,0,21,0,211,243,445,512,0,0,0,0,52120,NaN,NaN,NaN,NaN,NaN,NaN,NaN,0,NaN,0,NaN,0,NaN,0,NaN,52362,51950,25372
1778904735,23492,17.9844,1.383,1,NaN,NaN,NaN,df,df,0,21,0,210,252,443,527,0,0,0,0,52267,NaN,NaN,NaN,NaN,NaN,NaN,NaN,0,NaN,0,NaN,0,NaN,0,NaN,52512,52050,25522
1778904797,23554,17.9844,1.348,1,NaN,NaN,NaN,df,df,0,21,0,157,188,337,395,0,0,0,0,52366,NaN,NaN,NaN,NaN,NaN,NaN,NaN,0,NaN,0,NaN,0,NaN,0,NaN,52661,52300,25572
1778904885,23642,17.9805,15.6953,1,0,NaN,1,df,nondf,1,22,1,234,278,1154,1278,663,699,0,0,52543,274,NaN,NaN,NaN,NaN,NaN,NaN,0,0,0,0,0,0,0,0,53012,52500,25647
1778904946,23703,18.0664,17.332,1,0,NaN,1,df,nondf,1,22,1,217,250,1119,1162,660,639,0,0,52571,396,NaN,NaN,NaN,NaN,NaN,NaN,0,0,0,0,0,0,0,0,53012,52550,25675
1778905007,23764,18.0859,17.2891,1,0,NaN,1,df,nondf,1,22,1,209,232,1002,1118,561,627,0,0,52718,474,NaN,NaN,NaN,NaN,NaN,NaN,0,0,0,0,0,0,0,0,53112,52700,25675
1778905068,23825,18.0742,17.4609,1,0,NaN,1,df,nondf,1,22,1,261,250,1233,1303,690,780,0,0,52912,546,NaN,NaN,NaN,NaN,NaN,NaN,0,0,0,0,0,0,0,0,53261,52750,25680
1778905129,23886,18.0195,17.4453,1,0,NaN,1,df,nondf,1,22,1,261,251,1244,1308,699,783,0,0,53070,597,NaN,NaN,NaN,NaN,NaN,NaN,0,0,0,0,0,0,0,0,53462,52950,25680
1778905189,23946,18.0938,17.5078,1,0,NaN,1,df,nondf,1,22,1,211,201,1087,1058,642,633,0,0,53170,647,NaN,NaN,NaN,NaN,NaN,NaN,0,0,0,0,0,0,0,0,53512,53100,25680
1778905250,24007,18.0938,17.5078,1,0,NaN,1,df,nondf,1,22,1,157,151,771,733,432,408,0,0,53311,697,NaN,NaN,NaN,NaN,NaN,NaN,0,0,0,0,0,0,0,0,53662,53350,25680
1778905311,24068,18.0938,17.5078,1,0,NaN,1,df,nondf,1,22,1,161,160,843,828,498,483,0,0,53420,852,NaN,NaN,NaN,NaN,NaN,NaN,0,0,0,0,0,0,0,0,53912,53600,25680
1778905372,24129,18.0938,17.5469,1,0,NaN,1,df,nondf,1,22,1,211,213,1114,1084,636,633,0,0,53570,1005,NaN,NaN,NaN,NaN,NaN,NaN,0,0,0,0,0,0,0,0,54162,53750,25680
1778905433,24190,18.0547,17.668,1,0,NaN,1,df,nondf,1,22,1,205,201,1034,998,603,573,0,0,53670,1147,NaN,NaN,NaN,NaN,NaN,NaN,0,0,0,0,0,0,0,0,54362,53950,25680
1778905495,24252,17.8711,1.367,1,NaN,NaN,NaN,df,df,0,22,0,111,201,245,425,0,0,0,0,53770,NaN,NaN,NaN,NaN,NaN,NaN,NaN,0,NaN,0,NaN,0,NaN,0,NaN,54462,54150,25830
1778905557,24314,17.8711,1.363,1,NaN,NaN,NaN,df,df,0,22,0,161,201,345,425,0,0,0,0,53970,NaN,NaN,NaN,NaN,NaN,NaN,NaN,0,NaN,0,NaN,0,NaN,0,NaN,54662,54300,25930
1778905619,24376,17.8711,1.363,1,NaN,NaN,NaN,df,df,0,22,0,163,249,351,519,0,0,0,0,54120,NaN,NaN,NaN,NaN,NaN,NaN,NaN,0,NaN,0,NaN,0,NaN,0,NaN,54862,54450,26030
1778905681,24438,17.8711,1.887,1,NaN,NaN,NaN,df,df,0,22,0,211,238,445,495,0,0,0,0,54270,NaN,NaN,NaN,NaN,NaN,NaN,NaN,0,NaN,0,NaN,0,NaN,0,NaN,55062,54600,26130
1778905742,24499,17.8711,1.363,1,NaN,NaN,NaN,df,df,0,22,0,149,201,321,425,0,0,0,0,54338,NaN,NaN,NaN,NaN,NaN,NaN,NaN,0,NaN,0,NaN,0,NaN,0,NaN,55112,54800,26280
1778905804,24561,17.8711,1.367,1,NaN,NaN,NaN,df,df,0,22,0,205,201,435,425,0,0,0,0,54496,NaN,NaN,NaN,NaN,NaN,NaN,NaN,0,NaN,0,NaN,0,NaN,0,NaN,55312,54950,26380
1778905866,24623,17.8711,1.41,1,NaN,NaN,NaN,df,df,0,22,0,260,252,543,527,0,0,0,0,54719,NaN,NaN,NaN,NaN,NaN,NaN,NaN,0,NaN,0,NaN,0,NaN,0,NaN,55562,55050,26480
1778905928,24685,17.8711,1.375,1,NaN,NaN,NaN,df,df,0,22,0,256,252,533,527,0,0,0,0,54868,NaN,NaN,NaN,NaN,NaN,NaN,NaN,0,NaN,0,NaN,0,NaN,0,NaN,55611,55100,26680
1778905990,24747,17.8711,1.531,1,NaN,NaN,NaN,df,df,0,22,0,209,203,441,429,0,0,0,0,54968,NaN,NaN,NaN,NaN,NaN,NaN,NaN,0,NaN,0,NaN,0,NaN,0,NaN,55712,55300,26780
1778906052,24809,17.8711,1.707,1,NaN,NaN,NaN,df,df,0,22,0,255,206,533,433,0,0,0,0,55155,NaN,NaN,NaN,NaN,NaN,NaN,NaN,0,NaN,0,NaN,0,NaN,0,NaN,55961,55500,26780
1778906115,24872,17.8711,16.2266,1,0,NaN,1,df,nondf,1,23,1,163,203,497,972,150,543,0,0,55317,50,NaN,NaN,NaN,NaN,NaN,NaN,0,0,0,0,0,0,0,0,56011,55650,26880
1778906176,24933,17.8984,16.7266,1,0,NaN,1,df,nondf,1,23,1,257,254,969,1302,432,771,0,0,55526,151,NaN,NaN,NaN,NaN,NaN,NaN,0,0,0,0,0,0,0,0,56311,55800,26880
1778906236,24993,17.8516,16.9492,1,0,NaN,1,df,nondf,1,23,1,220,202,967,1083,504,660,0,0,55629,239,NaN,NaN,NaN,NaN,NaN,NaN,0,0,0,0,0,0,0,0,56412,55950,26895
1778906297,25054,18.082,17.4688,1,0,NaN,1,df,nondf,1,23,1,219,193,903,1068,441,657,0,0,55804,291,NaN,NaN,NaN,NaN,NaN,NaN,0,0,0,0,0,0,0,0,56562,56150,26895
1778906358,25115,18.0664,17.4805,1,0,NaN,1,df,nondf,1,23,1,227,185,917,1075,441,678,0,0,55999,333,NaN,NaN,NaN,NaN,NaN,NaN,0,0,0,0,0,0,0,0,56662,56250,26903
1778906419,25176,18.0039,17.4102,1,0,NaN,1,df,nondf,1,23,1,226,186,962,1075,486,678,0,0,56135,434,NaN,NaN,NaN,NaN,NaN,NaN,0,0,0,0,0,0,0,0,56762,56350,26904
1778906480,25237,17.957,17.5234,1,0,NaN,1,df,nondf,1,23,1,230,182,967,1079,483,690,0,0,56289,530,NaN,NaN,NaN,NaN,NaN,NaN,0,0,0,0,0,0,0,0,56912,56500,26908
1778906541,25298,18.1055,17.6641,1,0,NaN,1,df,nondf,1,23,1,239,234,1135,1214,633,717,0,0,56348,728,NaN,NaN,NaN,NaN,NaN,NaN,0,0,0,0,0,0,0,0,57110,56650,26917
1778906602,25359,18.082,17.6758,1,0,NaN,1,df,nondf,1,23,1,240,222,1155,1187,654,720,0,0,56478,820,NaN,NaN,NaN,NaN,NaN,NaN,0,0,0,0,0,0,0,0,57212,56750,26918
1778906662,25419,18.1133,17.6133,1,0,NaN,1,df,nondf,1,23,1,240,271,1307,1285,804,720,0,0,56599,969,NaN,NaN,NaN,NaN,NaN,NaN,0,0,0,0,0,0,0,0,57411,56900,26919
1778906725,25482,17.9688,1.379,1,NaN,NaN,NaN,df,df,0,23,0,259,253,539,529,0,0,0,0,56749,NaN,NaN,NaN,NaN,NaN,NaN,NaN,0,NaN,0,NaN,0,NaN,0,NaN,57562,57050,27019
1778906787,25544,17.9688,1.441,1,NaN,NaN,NaN,df,df,0,23,0,140,152,304,325,0,0,0,0,56799,NaN,NaN,NaN,NaN,NaN,NaN,NaN,0,NaN,0,NaN,0,NaN,0,NaN,57612,57300,27169
1778906848,25605,17.9688,1.383,1,NaN,NaN,NaN,df,df,0,23,0,198,222,422,467,0,0,0,0,56949,NaN,NaN,NaN,NaN,NaN,NaN,NaN,0,NaN,0,NaN,0,NaN,0,NaN,57762,57350,27369
1778906910,25667,17.9688,1.516,1,NaN,NaN,NaN,df,df,0,23,0,291,221,606,465,0,0,0,0,57100,NaN,NaN,NaN,NaN,NaN,NaN,NaN,0,NaN,0,NaN,0,NaN,0,NaN,57912,57400,27519
1778906972,25729,17.9688,1.422,1,NaN,NaN,NaN,df,df,0,23,0,245,230,515,486,0,0,0,0,57105,NaN,NaN,NaN,NaN,NaN,NaN,NaN,0,NaN,0,NaN,0,NaN,0,NaN,58112,57650,27519
1778907034,25791,17.9688,1.379,1,NaN,NaN,NaN,df,df,0,23,0,214,248,453,518,0,0,0,0,57165,NaN,NaN,NaN,NaN,NaN,NaN,NaN,0,NaN,0,NaN,0,NaN,0,NaN,58212,57750,27669
1778907096,25853,17.9688,1.383,1,NaN,NaN,NaN,df,df,0,23,0,210,213,444,450,0,0,0,0,57309,NaN,NaN,NaN,NaN,NaN,NaN,NaN,0,NaN,0,NaN,0,NaN,0,NaN,58312,57850,27819
1778907158,25915,17.9688,3.266,1,NaN,NaN,NaN,df,df,0,23,0,280,231,586,482,0,0,0,0,57481,NaN,NaN,NaN,NaN,NaN,NaN,NaN,0,NaN,0,NaN,0,NaN,0,NaN,58461,57950,27969
1778907219,25976,17.9688,1.379,1,NaN,NaN,NaN,df,df,0,23,0,227,262,477,547,0,0,0,0,57568,NaN,NaN,NaN,NaN,NaN,NaN,NaN,0,NaN,0,NaN,0,NaN,0,NaN,58562,58100,28119
1778907281,26038,17.9688,1.383,1,NaN,NaN,NaN,df,df,0,23,0,234,176,489,375,0,0,0,0,57758,NaN,NaN,NaN,NaN,NaN,NaN,NaN,0,NaN,0,NaN,0,NaN,0,NaN,58710,58300,28219
1778907344,26101,17.9062,15.2148,1,0,NaN,1,df,nondf,1,24,1,186,174,588,929,195,558,0,0,57896,95,NaN,NaN,NaN,NaN,NaN,NaN,0,0,0,0,0,0,0,0,58810,58450,28307
1778907405,26162,17.9062,15.4688,1,0,NaN,1,df,nondf,1,24,1,115,145,556,656,303,345,0,0,57975,216,NaN,NaN,NaN,NaN,NaN,NaN,0,0,0,0,0,0,0,0,58910,58650,28336
1778907466,26223,17.9062,16.0156,1,0,NaN,1,df,nondf,1,24,1,179,181,840,920,459,537,0,0,58139,356,NaN,NaN,NaN,NaN,NaN,NaN,0,0,0,0,0,0,0,0,59110,58750,28350
1778907527,26284,17.9688,16.1836,1,0,NaN,1,df,nondf,1,24,1,181,179,892,924,507,543,0,0,58299,450,NaN,NaN,NaN,NaN,NaN,NaN,0,0,0,0,0,0,0,0,59260,58900,28356
1778907588,26345,17.9727,16.2227,1,0,NaN,1,df,nondf,1,24,1,181,179,895,924,510,543,0,0,58491,500,NaN,NaN,NaN,NaN,NaN,NaN,0,0,0,0,0,0,0,0,59360,59000,28356
1778907649,26406,18.0195,16.8242,1,0,NaN,1,df,nondf,1,24,1,231,241,1241,1196,756,693,0,0,58641,650,NaN,NaN,NaN,NaN,NaN,NaN,0,0,0,0,0,0,0,0,59510,59000,28356
1778907710,26467,17.8672,16.7539,1,0,NaN,1,df,nondf,1,24,1,232,269,1304,1255,816,696,0,0,58792,749,NaN,NaN,NaN,NaN,NaN,NaN,0,0,0,0,0,0,0,0,59660,59150,28357
1778907770,26527,17.8516,16.8438,1,0,NaN,1,df,nondf,1,24,1,236,276,1312,1281,816,708,0,0,58846,923,NaN,NaN,NaN,NaN,NaN,NaN,0,0,0,0,0,0,0,0,59762,59250,28359
1778907831,26588,18.0547,16.9219,1,0,NaN,1,df,nondf,1,24,1,238,224,1169,1185,669,714,0,0,58990,995,NaN,NaN,NaN,NaN,NaN,NaN,0,0,0,0,0,0,0,0,59812,59350,28363
1778907892,26649,18.0547,16.7617,1,0,NaN,1,df,nondf,1,24,1,242,270,1315,1289,810,726,0,0,59002,1237,NaN,NaN,NaN,NaN,NaN,NaN,0,0,0,0,0,0,0,0,59862,59350,28367
1778907954,26711,17.9141,1.398,1,NaN,NaN,NaN,df,df,0,24,0,271,220,564,463,0,0,0,0,59152,NaN,NaN,NaN,NaN,NaN,NaN,NaN,0,NaN,0,NaN,0,NaN,0,NaN,59962,59450,28517
1778908016,26773,17.9141,1.434,1,NaN,NaN,NaN,df,df,0,24,0,192,170,407,363,0,0,0,0,59302,NaN,NaN,NaN,NaN,NaN,NaN,NaN,0,NaN,0,NaN,0,NaN,0,NaN,60112,59750,28567
1778908078,26835,17.9141,3.32,1,NaN,NaN,NaN,df,df,0,24,0,126,136,273,297,0,0,0,0,59352,NaN,NaN,NaN,NaN,NaN,NaN,NaN,0,NaN,0,NaN,0,NaN,0,NaN,60312,60050,28567
1778908140,26897,17.9141,1.414,1,NaN,NaN,NaN,df,df,0,24,0,147,165,317,351,0,0,0,0,59502,NaN,NaN,NaN,NaN,NaN,NaN,NaN,0,NaN,0,NaN,0,NaN,0,NaN,60562,60250,28617
1778908202,26959,17.9141,1.637,1,NaN,NaN,NaN,df,df,0,24,0,192,213,407,451,0,0,0,0,59652,NaN,NaN,NaN,NaN,NaN,NaN,NaN,0,NaN,0,NaN,0,NaN,0,NaN,60762,60400,28717
1778908263,27020,17.9141,1.477,1,NaN,NaN,NaN,df,df,0,24,0,150,162,323,345,0,0,0,0,59802,NaN,NaN,NaN,NaN,NaN,NaN,NaN,0,NaN,0,NaN,0,NaN,0,NaN,61012,60700,28717
1778908325,27082,17.9141,1.398,1,NaN,NaN,NaN,df,df,0,24,0,120,142,263,307,0,0,0,0,59952,NaN,NaN,NaN,NaN,NaN,NaN,NaN,0,NaN,0,NaN,0,NaN,0,NaN,61112,60850,28867
1778908387,27144,17.9141,1.398,1,NaN,NaN,NaN,df,df,0,24,0,143,219,307,462,0,0,0,0,60102,NaN,NaN,NaN,NaN,NaN,NaN,NaN,0,NaN,0,NaN,0,NaN,0,NaN,61362,61000,28967
1778908449,27206,17.9141,1.398,1,NaN,NaN,NaN,df,df,0,24,0,244,268,511,560,0,0,0,0,60252,NaN,NaN,NaN,NaN,NaN,NaN,NaN,0,NaN,0,NaN,0,NaN,0,NaN,61612,61100,29017
1778908511,27268,17.9141,1.398,1,NaN,NaN,NaN,df,df,0,24,0,161,150,345,322,0,0,0,0,60312,NaN,NaN,NaN,NaN,NaN,NaN,NaN,0,NaN,0,NaN,0,NaN,0,NaN,61711,61400,29067
1778908599,27356,17.8984,16.0273,1,0,NaN,1,df,nondf,1,25,1,192,225,916,1032,507,558,0,0,60547,207,NaN,NaN,NaN,NaN,NaN,NaN,0,0,0,0,0,0,0,0,62061,61650,29160
1778908660,27417,17.8984,16.8438,1,0,NaN,1,df,nondf,1,25,1,236,226,1107,1184,612,708,0,0,60696,308,NaN,NaN,NaN,NaN,NaN,NaN,0,0,0,0,0,0,0,0,62212,61750,29161
1778908721,27478,17.8672,17.2891,1,0,NaN,1,df,nondf,1,25,1,257,254,1251,1302,714,771,0,0,60717,536,NaN,NaN,NaN,NaN,NaN,NaN,0,0,0,0,0,0,0,0,62311,61800,29179
1778908782,27539,17.8555,17.2148,1,0,NaN,1,df,nondf,1,25,1,243,250,1227,1258,720,735,0,0,60819,632,NaN,NaN,NaN,NaN,NaN,NaN,0,0,0,0,0,0,0,0,62409,61900,29184
1778908842,27599,17.7617,17.25,1,0,NaN,1,df,nondf,1,25,1,259,253,1276,1306,735,777,0,0,60969,685,NaN,NaN,NaN,NaN,NaN,NaN,0,0,0,0,0,0,0,0,62512,62000,29184
1778908903,27660,18.0117,17.3242,1,0,NaN,1,df,nondf,1,25,1,258,252,1274,1268,735,741,0,0,61164,734,NaN,NaN,NaN,NaN,NaN,NaN,0,0,0,0,0,0,0,0,62710,62200,29185
1778908964,27721,18.0039,17.4531,1,0,NaN,1,df,nondf,1,25,1,210,223,1172,1097,729,630,0,0,61270,832,NaN,NaN,NaN,NaN,NaN,NaN,0,0,0,0,0,0,0,0,62810,62350,29187
1778909025,27782,17.8828,17.4883,1,0,NaN,1,df,nondf,1,25,1,110,152,690,657,447,330,0,0,61320,934,NaN,NaN,NaN,NaN,NaN,NaN,0,0,0,0,0,0,0,0,62912,62650,29187
1778909086,27843,17.9297,17.4883,1,0,NaN,1,df,nondf,1,25,1,256,251,1283,1308,750,783,0,0,61521,1083,NaN,NaN,NaN,NaN,NaN,NaN,0,0,0,0,0,0,0,0,63212,62700,29189
1778909147,27904,17.9648,17.4336,1,0,NaN,1,df,nondf,1,25,1,262,250,1297,1159,750,636,0,0,61672,1182,NaN,NaN,NaN,NaN,NaN,NaN,0,0,0,0,0,0,0,0,63362,62850,29190
1778909209,27966,17.9648,1.418,1,NaN,NaN,NaN,df,df,0,25,0,214,248,451,519,0,0,0,0,61772,NaN,NaN,NaN,NaN,NaN,NaN,NaN,0,NaN,0,NaN,0,NaN,0,NaN,63412,62950,29390
1778909271,28028,17.9102,1.414,1,NaN,NaN,NaN,df,df,0,25,0,251,261,523,547,0,0,0,0,61920,NaN,NaN,NaN,NaN,NaN,NaN,NaN,0,NaN,0,NaN,0,NaN,0,NaN,63512,63000,29490
1778909333,28090,17.9102,1.418,1,NaN,NaN,NaN,df,df,0,25,0,189,223,399,471,0,0,0,0,62020,NaN,NaN,NaN,NaN,NaN,NaN,NaN,0,NaN,0,NaN,0,NaN,0,NaN,63662,63250,29540
1778909394,28151,17.9102,1.449,1,NaN,NaN,NaN,df,df,0,25,0,210,202,443,427,0,0,0,0,62170,NaN,NaN,NaN,NaN,NaN,NaN,NaN,0,NaN,0,NaN,0,NaN,0,NaN,63812,63400,29690
1778909456,28213,17.9102,1.711,1,NaN,NaN,NaN,df,df,0,25,0,210,282,443,583,0,0,0,0,62270,NaN,NaN,NaN,NaN,NaN,NaN,NaN,0,NaN,0,NaN,0,NaN,0,NaN,64012,63500,29790
1778909518,28275,17.9102,1.414,1,NaN,NaN,NaN,df,df,0,25,0,258,252,539,527,0,0,0,0,62454,NaN,NaN,NaN,NaN,NaN,NaN,NaN,0,NaN,0,NaN,0,NaN,0,NaN,64110,63600,29990
1778909580,28337,17.9102,1.414,1,NaN,NaN,NaN,df,df,0,25,0,158,202,339,427,0,0,0,0,62568,NaN,NaN,NaN,NaN,NaN,NaN,NaN,0,NaN,0,NaN,0,NaN,0,NaN,64210,63850,30090
1778909642,28399,17.9102,1.422,1,NaN,NaN,NaN,df,df,0,25,0,168,252,359,527,0,0,0,0,62668,NaN,NaN,NaN,NaN,NaN,NaN,NaN,0,NaN,0,NaN,0,NaN,0,NaN,64360,63950,30240
1778909703,28460,17.9102,1.418,1,NaN,NaN,NaN,df,df,0,25,0,216,251,455,525,0,0,0,0,62818,NaN,NaN,NaN,NaN,NaN,NaN,NaN,0,NaN,0,NaN,0,NaN,0,NaN,64609,64100,30290
1778909765,28522,17.9102,1.43,1,NaN,NaN,NaN,df,df,0,25,0,108,201,239,425,0,0,0,0,62868,NaN,NaN,NaN,NaN,NaN,NaN,NaN,0,NaN,0,NaN,0,NaN,0,NaN,64659,64350,30440
1778909839,28596,17.9102,14.5234,1,0,NaN,1,df,nondf,1,26,1,240,269,800,1281,297,720,0,0,63150,117,NaN,NaN,NaN,NaN,NaN,NaN,0,0,0,0,0,0,0,0,64959,64450,30458
1778909899,28656,17.9102,15.3633,1,0,NaN,1,df,nondf,1,26,1,237,225,915,1184,420,711,0,0,63206,224,NaN,NaN,NaN,NaN,NaN,NaN,0,0,0,0,0,0,0,0,65012,64550,30505
1778909960,28717,18.0039,15.4336,1,0,NaN,1,df,nondf,1,26,1,141,171,656,833,351,468,0,0,63301,270,NaN,NaN,NaN,NaN,NaN,NaN,0,0,0,0,0,0,0,0,65062,64750,30506
1778910021,28778,18.0039,15.4336,1,0,NaN,1,df,nondf,1,26,1,134,128,639,670,348,393,0,0,63394,413,NaN,NaN,NaN,NaN,NaN,NaN,0,0,0,0,0,0,0,0,65112,64850,30539
1778910082,28839,18.0039,15.4336,1,0,NaN,1,df,nondf,1,26,1,134,178,807,781,513,402,0,0,63544,538,NaN,NaN,NaN,NaN,NaN,NaN,0,0,0,0,0,0,0,0,65312,65000,30549
1778910143,28900,18.0039,15.4297,1,0,NaN,1,df,nondf,1,26,1,135,141,734,706,441,405,0,0,63695,626,NaN,NaN,NaN,NaN,NaN,NaN,0,0,0,0,0,0,0,0,65462,65150,30550
1778910204,28961,18.0039,15.4297,1,0,NaN,1,df,nondf,1,26,1,136,126,706,684,411,408,0,0,63846,725,NaN,NaN,NaN,NaN,NaN,NaN,0,0,0,0,0,0,0,0,65662,65400,30551
1778910264,29021,17.9414,15.4727,1,0,NaN,1,df,nondf,1,26,1,137,175,816,785,519,411,0,0,63997,824,NaN,NaN,NaN,NaN,NaN,NaN,0,0,0,0,0,0,0,0,65762,65450,30552
1778910325,29082,17.9258,15.5156,1,0,NaN,1,df,nondf,1,26,1,139,169,680,784,378,417,0,0,64099,965,NaN,NaN,NaN,NaN,NaN,NaN,0,0,0,0,0,0,0,0,65912,65600,30554
1778910386,29143,17.8672,15.5508,1,0,NaN,1,df,nondf,1,26,1,189,173,921,935,519,564,0,0,64199,1123,NaN,NaN,NaN,NaN,NaN,NaN,0,0,0,0,0,0,0,0,66012,65650,30554
1778910448,29205,17.7734,1.668,1,NaN,NaN,NaN,df,df,0,26,0,241,247,506,515,0,0,0,0,64401,NaN,NaN,NaN,NaN,NaN,NaN,NaN,0,NaN,0,NaN,0,NaN,0,NaN,66260,65750,30652
1778910510,29267,17.7734,1.668,1,NaN,NaN,NaN,df,df,0,26,0,179,181,381,388,0,0,0,0,64501,NaN,NaN,NaN,NaN,NaN,NaN,NaN,0,NaN,0,NaN,0,NaN,0,NaN,66410,66050,30702
1778910572,29329,17.7734,1.434,1,NaN,NaN,NaN,df,df,0,26,0,264,248,551,522,0,0,0,0,64701,NaN,NaN,NaN,NaN,NaN,NaN,NaN,0,NaN,0,NaN,0,NaN,0,NaN,66562,66050,30902
1778910634,29391,17.7695,1.434,1,NaN,NaN,NaN,df,df,0,26,0,241,256,507,534,0,0,0,0,64802,NaN,NaN,NaN,NaN,NaN,NaN,NaN,0,NaN,0,NaN,0,NaN,0,NaN,66711,66200,31052
1778910696,29453,17.7695,2.824,1,NaN,NaN,NaN,df,df,0,26,0,242,185,509,398,0,0,0,0,64903,NaN,NaN,NaN,NaN,NaN,NaN,NaN,0,NaN,0,NaN,0,NaN,0,NaN,66810,66400,31152
1778910758,29515,17.7695,1.484,1,NaN,NaN,NaN,df,df,0,26,0,251,261,527,544,0,0,0,0,65005,NaN,NaN,NaN,NaN,NaN,NaN,NaN,0,NaN,0,NaN,0,NaN,0,NaN,66962,66450,31252
1778910820,29577,17.7695,1.434,1,NaN,NaN,NaN,df,df,0,26,0,200,262,422,550,0,0,0,0,65107,NaN,NaN,NaN,NaN,NaN,NaN,NaN,0,NaN,0,NaN,0,NaN,0,NaN,67012,66550,31402
1778910881,29638,17.7695,1.5,1,NaN,NaN,NaN,df,df,0,26,0,246,216,516,456,0,0,0,0,65257,NaN,NaN,NaN,NaN,NaN,NaN,NaN,0,NaN,0,NaN,0,NaN,0,NaN,67112,66650,31602
1778910943,29700,17.7617,1.434,1,NaN,NaN,NaN,df,df,0,26,0,255,257,531,539,0,0,0,0,65407,NaN,NaN,NaN,NaN,NaN,NaN,NaN,0,NaN,0,NaN,0,NaN,0,NaN,67212,66700,31752
1778911005,29762,17.7617,1.695,1,NaN,NaN,NaN,df,df,0,26,0,196,165,415,353,0,0,0,0,65457,NaN,NaN,NaN,NaN,NaN,NaN,NaN,0,NaN,0,NaN,0,NaN,0,NaN,67311,66950,31902
1778911103,29860,17.7617,15.9141,1,0,NaN,1,df,nondf,1,27,1,258,254,1019,1291,480,762,0,0,65719,211,NaN,NaN,NaN,NaN,NaN,NaN,0,0,0,0,0,0,0,0,67762,67250,31902
1778911164,29921,17.8789,16.4648,1,0,NaN,1,df,nondf,1,27,1,236,226,1012,1180,519,705,0,0,65834,311,NaN,NaN,NaN,NaN,NaN,NaN,0,0,0,0,0,0,0,0,67862,67400,31942
1778911225,29982,18.0039,16.6328,1,0,NaN,1,df,nondf,1,27,1,249,263,1211,1291,690,744,0,0,65909,472,NaN,NaN,NaN,NaN,NaN,NaN,0,0,0,0,0,0,0,0,67962,67450,31954
1778911286,30043,18.0039,16.8945,1,0,NaN,1,df,nondf,1,27,1,223,209,1051,1050,582,609,0,0,65979,594,NaN,NaN,NaN,NaN,NaN,NaN,0,0,0,0,0,0,0,0,68012,67600,31960
1778911347,30104,18.0859,17.0273,1,0,NaN,1,df,nondf,1,27,1,257,254,1266,1300,729,771,0,0,66118,736,NaN,NaN,NaN,NaN,NaN,NaN,0,0,0,0,0,0,0,0,68161,67650,31964
1778911407,30164,18.1836,16.9492,1,0,NaN,1,df,nondf,1,27,1,207,205,1023,1051,588,618,0,0,66227,790,NaN,NaN,NaN,NaN,NaN,NaN,0,0,0,0,0,0,0,0,68212,67800,31964
1778911468,30225,18.1523,17.0742,1,0,NaN,1,df,nondf,1,27,1,257,255,1279,1301,744,768,0,0,66408,890,NaN,NaN,NaN,NaN,NaN,NaN,0,0,0,0,0,0,0,0,68312,67800,31968
1778911529,30286,18.1367,17.0977,1,0,NaN,1,df,nondf,1,27,1,212,252,1189,1157,741,630,0,0,66471,1037,NaN,NaN,NaN,NaN,NaN,NaN,0,0,0,0,0,0,0,0,68412,67950,31971
1778911590,30347,18.0664,16.9258,1,0,NaN,1,df,nondf,1,27,1,209,204,1075,1062,633,627,0,0,66620,1088,NaN,NaN,NaN,NaN,NaN,NaN,0,0,0,0,0,0,0,0,68462,68050,31971
1778911651,30408,18.1875,17.1211,1,0,NaN,1,df,nondf,1,27,1,257,253,1294,1204,756,675,0,0,66818,1188,NaN,NaN,NaN,NaN,NaN,NaN,0,0,0,0,0,0,0,0,68710,68200,31971
1778911713,30470,18.0938,1.461,1,NaN,NaN,NaN,df,df,0,27,0,257,205,538,433,0,0,0,0,67014,NaN,NaN,NaN,NaN,NaN,NaN,NaN,0,NaN,0,NaN,0,NaN,0,NaN,68862,68400,32071
1778911775,30532,18.082,1.477,1,NaN,NaN,NaN,df,df,0,27,0,199,213,422,447,0,0,0,0,67101,NaN,NaN,NaN,NaN,NaN,NaN,NaN,0,NaN,0,NaN,0,NaN,0,NaN,69012,68600,32121
1778911837,30594,18.082,1.848,1,NaN,NaN,NaN,df,df,0,27,0,224,237,473,495,0,0,0,0,67226,NaN,NaN,NaN,NaN,NaN,NaN,NaN,0,NaN,0,NaN,0,NaN,0,NaN,69112,68650,32321
1778911899,30656,18.082,1.449,1,NaN,NaN,NaN,df,df,0,27,0,200,162,425,346,0,0,0,0,67352,NaN,NaN,NaN,NaN,NaN,NaN,NaN,0,NaN,0,NaN,0,NaN,0,NaN,69262,68900,32371
1778911960,30717,18.082,1.484,1,NaN,NaN,NaN,df,df,0,27,0,157,255,337,534,0,0,0,0,67468,NaN,NaN,NaN,NaN,NaN,NaN,NaN,0,NaN,0,NaN,0,NaN,0,NaN,69412,69000,32571
1778912022,30779,18.082,1.449,1,NaN,NaN,NaN,df,df,0,27,0,193,205,409,434,0,0,0,0,67585,NaN,NaN,NaN,NaN,NaN,NaN,NaN,0,NaN,0,NaN,0,NaN,0,NaN,69462,69100,32771
1778912084,30841,18.082,1.508,1,NaN,NaN,NaN,df,df,0,27,0,207,205,437,434,0,0,0,0,67718,NaN,NaN,NaN,NaN,NaN,NaN,NaN,0,NaN,0,NaN,0,NaN,0,NaN,69762,69350,32771
1778912146,30903,18.082,1.453,1,NaN,NaN,NaN,df,df,0,27,0,159,253,339,532,0,0,0,0,67818,NaN,NaN,NaN,NaN,NaN,NaN,NaN,0,NaN,0,NaN,0,NaN,0,NaN,69862,69450,32971
1778912208,30965,18.082,1.523,1,NaN,NaN,NaN,df,df,0,27,0,207,255,437,533,0,0,0,0,67968,NaN,NaN,NaN,NaN,NaN,NaN,NaN,0,NaN,0,NaN,0,NaN,0,NaN,70112,69650,33021
1778912270,31027,18.082,1.453,1,NaN,NaN,NaN,df,df,0,27,0,212,300,447,621,0,0,0,0,68118,NaN,NaN,NaN,NaN,NaN,NaN,NaN,0,NaN,0,NaN,0,NaN,0,NaN,70212,69700,33221
1778912343,31100,18.0664,14.2969,1,0,NaN,1,df,nondf,1,28,1,250,262,904,1295,381,750,0,0,68261,157,NaN,NaN,NaN,NaN,NaN,NaN,0,0,0,0,0,0,0,0,70362,69850,33312
1778912404,31161,18.0898,15.0078,1,0,NaN,1,df,nondf,1,28,1,140,139,524,670,219,369,0,0,68347,184,NaN,NaN,NaN,NaN,NaN,NaN,0,0,0,0,0,0,0,0,70362,70100,33335
1778912464,31221,18.0898,15.4375,1,0,NaN,1,df,nondf,1,28,1,174,188,740,951,369,552,0,0,68584,234,NaN,NaN,NaN,NaN,NaN,NaN,0,0,0,0,0,0,0,0,70612,70250,33335
1778912525,31282,18.0859,15.8359,1,0,NaN,1,df,nondf,1,28,1,241,246,1174,1236,669,723,0,0,68752,366,NaN,NaN,NaN,NaN,NaN,NaN,0,0,0,0,0,0,0,0,70762,70250,33353
1778912586,31343,18.1562,16.0977,1,0,NaN,1,df,nondf,1,28,1,251,233,1110,1244,585,753,0,0,68812,523,NaN,NaN,NaN,NaN,NaN,NaN,0,0,0,0,0,0,0,0,70912,70450,33361
1778912647,31404,18.0352,16.1523,1,0,NaN,1,df,nondf,1,28,1,252,210,1136,1193,609,750,0,0,68863,705,NaN,NaN,NaN,NaN,NaN,NaN,0,0,0,0,0,0,0,0,71162,70700,33361
1778912708,31465,18.1094,16.0195,1,0,NaN,1,df,nondf,1,28,1,254,258,1290,1299,759,762,0,0,68965,849,NaN,NaN,NaN,NaN,NaN,NaN,0,0,0,0,0,0,0,0,71212,70700,33365
1778912769,31526,18.1172,16.1211,1,0,NaN,1,df,nondf,1,28,1,205,207,1051,1050,618,615,0,0,69066,920,NaN,NaN,NaN,NaN,NaN,NaN,0,0,0,0,0,0,0,0,71312,70900,33366
1778912830,31587,18.1602,16.1094,1,0,NaN,1,df,nondf,1,28,1,254,208,1155,1201,624,762,0,0,69239,1003,NaN,NaN,NaN,NaN,NaN,NaN,0,0,0,0,0,0,0,0,71412,70950,33368
1778912891,31648,18.3125,16.1523,1,0,NaN,1,df,nondf,1,28,1,254,226,1296,1235,765,762,0,0,69315,1150,NaN,NaN,NaN,NaN,NaN,NaN,0,0,0,0,0,0,0,0,71509,71000,33370
1778912953,31710,18.2188,1.469,1,NaN,NaN,NaN,df,df,0,28,0,193,169,409,359,0,0,0,0,69395,NaN,NaN,NaN,NaN,NaN,NaN,NaN,0,NaN,0,NaN,0,NaN,0,NaN,71612,71250,33420
1778913015,31772,18.2188,1.535,1,NaN,NaN,NaN,df,df,0,28,0,107,155,237,333,0,0,0,0,69468,NaN,NaN,NaN,NaN,NaN,NaN,NaN,0,NaN,0,NaN,0,NaN,0,NaN,71762,71500,33520
1778913076,31833,18.2188,1.516,1,NaN,NaN,NaN,df,df,0,28,0,207,205,437,433,0,0,0,0,69718,NaN,NaN,NaN,NaN,NaN,NaN,NaN,0,NaN,0,NaN,0,NaN,0,NaN,72062,71650,33570
1778913138,31895,18.2188,1.539,1,NaN,NaN,NaN,df,df,0,28,0,206,205,435,433,0,0,0,0,69817,NaN,NaN,NaN,NaN,NaN,NaN,NaN,0,NaN,0,NaN,0,NaN,0,NaN,72311,71900,33570
1778913200,31957,18.2188,1.707,1,NaN,NaN,NaN,df,df,0,28,0,206,255,435,533,0,0,0,0,70017,NaN,NaN,NaN,NaN,NaN,NaN,NaN,0,NaN,0,NaN,0,NaN,0,NaN,72561,72100,33620
1778913262,32019,18.2188,1.469,1,NaN,NaN,NaN,df,df,0,28,0,243,219,511,457,0,0,0,0,70146,NaN,NaN,NaN,NaN,NaN,NaN,NaN,0,NaN,0,NaN,0,NaN,0,NaN,72662,72200,33720
1778913324,32081,18.2188,1.496,1,NaN,NaN,NaN,df,df,0,28,0,206,305,435,629,0,0,0,0,70317,NaN,NaN,NaN,NaN,NaN,NaN,NaN,0,NaN,0,NaN,0,NaN,0,NaN,72812,72300,33870
1778913386,32143,18.2188,1.469,1,NaN,NaN,NaN,df,df,0,28,0,232,280,487,583,0,0,0,0,70467,NaN,NaN,NaN,NaN,NaN,NaN,NaN,0,NaN,0,NaN,0,NaN,0,NaN,72962,72450,33920
1778913448,32205,18.2188,1.469,1,NaN,NaN,NaN,df,df,0,28,0,155,156,333,335,0,0,0,0,70566,NaN,NaN,NaN,NaN,NaN,NaN,NaN,0,NaN,0,NaN,0,NaN,0,NaN,73061,72750,34020
1778913509,32266,18.2188,1.469,1,NaN,NaN,NaN,df,df,0,28,0,209,256,439,535,0,0,0,0,70717,NaN,NaN,NaN,NaN,NaN,NaN,NaN,0,NaN,0,NaN,0,NaN,0,NaN,73262,72800,34120
1778913593,32350,18.1406,16.4805,1,0,NaN,1,df,nondf,1,29,1,270,236,948,1323,387,828,0,0,70887,180,NaN,NaN,NaN,NaN,NaN,NaN,0,0,0,0,0,0,0,0,73462,72950,34240
1778913654,32411,18.1328,16.6406,1,0,NaN,1,df,nondf,1,29,1,198,214,896,1045,477,594,0,0,70959,308,NaN,NaN,NaN,NaN,NaN,NaN,0,0,0,0,0,0,0,0,73562,73150,34262
1778913714,32471,18.1953,17.207,1,0,NaN,1,df,nondf,1,29,1,219,255,1137,1304,676,771,0,0,71068,449,NaN,NaN,NaN,NaN,NaN,NaN,0,0,0,0,0,0,0,0,73712,73200,34273
1778913775,32532,18.1914,17.2578,1,0,NaN,1,df,nondf,1,29,1,211,199,988,1055,543,633,0,0,71232,494,NaN,NaN,NaN,NaN,NaN,NaN,0,0,0,0,0,0,0,0,73860,73450,34279
1778913836,32593,18.1367,17.293,1,0,NaN,1,df,nondf,1,29,1,211,205,1008,1069,561,635,0,0,71422,545,NaN,NaN,NaN,NaN,NaN,NaN,0,0,0,0,0,0,0,0,74010,73600,34279
1778913897,32654,18.2695,17.2812,1,0,NaN,1,df,nondf,1,29,1,261,251,1264,1310,717,783,0,0,71622,646,NaN,NaN,NaN,NaN,NaN,NaN,0,0,0,0,0,0,0,0,74312,73800,34279
1778913958,32715,18.1953,17.3945,1,0,NaN,1,df,nondf,1,29,1,259,253,1281,1308,738,777,0,0,71770,698,NaN,NaN,NaN,NaN,NaN,NaN,0,0,0,0,0,0,0,0,74362,73850,34284
1778914019,32776,18.1836,17.3555,1,0,NaN,1,df,nondf,1,29,1,261,251,1285,1310,738,783,0,0,71922,746,NaN,NaN,NaN,NaN,NaN,NaN,0,0,0,0,0,0,0,0,74412,73900,34286
1778914079,32836,18.168,17.4023,1,0,NaN,1,df,nondf,1,29,1,213,249,1172,1161,723,639,0,0,71974,894,NaN,NaN,NaN,NaN,NaN,NaN,0,0,0,0,0,0,0,0,74562,74100,34288
1778914140,32897,18.1641,17.418,1,0,NaN,1,df,nondf,1,29,1,169,199,956,1061,597,639,0,0,72124,944,NaN,NaN,NaN,NaN,NaN,NaN,0,0,0,0,0,0,0,0,74662,74250,34288
1778914203,32960,18.0938,1.543,1,NaN,NaN,NaN,df,df,0,29,0,163,149,349,321,0,0,0,0,72224,NaN,NaN,NaN,NaN,NaN,NaN,NaN,0,NaN,0,NaN,0,NaN,0,NaN,74812,74500,34388
1778914264,33021,18.0938,1.488,1,NaN,NaN,NaN,df,df,0,29,0,113,149,249,321,0,0,0,0,72374,NaN,NaN,NaN,NaN,NaN,NaN,NaN,0,NaN,0,NaN,0,NaN,0,NaN,75012,74750,34438
1778914326,33083,18.0938,1.555,1,NaN,NaN,NaN,df,df,0,29,0,163,161,349,343,0,0,0,0,72524,NaN,NaN,NaN,NaN,NaN,NaN,NaN,0,NaN,0,NaN,0,NaN,0,NaN,75262,74900,34488
1778914388,33145,18.0938,1.75,1,NaN,NaN,NaN,df,df,0,29,0,213,243,449,511,0,0,0,0,72674,NaN,NaN,NaN,NaN,NaN,NaN,NaN,0,NaN,0,NaN,0,NaN,0,NaN,75562,75150,34488
1778914450,33207,18.0938,1.484,1,NaN,NaN,NaN,df,df,0,29,0,168,242,359,507,0,0,0,0,72822,NaN,NaN,NaN,NaN,NaN,NaN,NaN,0,NaN,0,NaN,0,NaN,0,NaN,75760,75350,34538
1778914512,33269,18.0938,1.484,1,NaN,NaN,NaN,df,df,0,29,0,224,249,469,521,0,0,0,0,73022,NaN,NaN,NaN,NaN,NaN,NaN,NaN,0,NaN,0,NaN,0,NaN,0,NaN,75960,75450,34688
1778914574,33331,18.0938,1.633,1,NaN,NaN,NaN,df,df,0,29,0,172,188,368,398,0,0,0,0,73175,NaN,NaN,NaN,NaN,NaN,NaN,NaN,0,NaN,0,NaN,0,NaN,0,NaN,76110,75750,34738
1778914635,33392,18.0938,1.484,1,NaN,NaN,NaN,df,df,0,29,0,211,249,446,522,0,0,0,0,73366,NaN,NaN,NaN,NaN,NaN,NaN,NaN,0,NaN,0,NaN,0,NaN,0,NaN,76310,75850,34888
1778914697,33454,18.0938,1.551,1,NaN,NaN,NaN,df,df,0,29,0,215,247,454,516,0,0,0,0,73523,NaN,NaN,NaN,NaN,NaN,NaN,NaN,0,NaN,0,NaN,0,NaN,0,NaN,76462,76000,34988
1778914759,33516,18.0938,1.508,1,NaN,NaN,NaN,df,df,0,29,0,211,201,446,426,0,0,0,0,73623,NaN,NaN,NaN,NaN,NaN,NaN,NaN,0,NaN,0,NaN,0,NaN,0,NaN,76612,76200,35088
1778914837,33594,18.0938,15.4219,1,0,NaN,1,df,nondf,1,30,1,210,237,867,1125,423,630,0,0,73822,151,NaN,NaN,NaN,NaN,NaN,NaN,0,0,0,0,0,0,0,0,76862,76400,35139
1778914898,33655,18.0469,16.2109,1,0,NaN,1,df,nondf,1,30,1,221,241,961,1154,495,651,0,0,73982,221,NaN,NaN,NaN,NaN,NaN,NaN,0,0,0,0,0,0,0,0,76962,76500,35139
1778914959,33716,18.0898,16.5312,1,0,NaN,1,df,nondf,1,30,1,256,256,1176,1303,640,768,0,0,74085,355,NaN,NaN,NaN,NaN,NaN,NaN,0,0,0,0,0,0,0,0,77012,76500,35184
1778915020,33777,18.0078,16.5,1,0,NaN,1,df,nondf,1,30,1,272,240,1225,1301,657,798,0,0,74184,489,NaN,NaN,NaN,NaN,NaN,NaN,0,0,0,0,0,0,0,0,77112,76600,35200
1778915081,33838,17.9883,16.5312,1,0,NaN,1,df,nondf,1,30,1,221,241,1129,1166,663,663,0,0,74333,492,NaN,NaN,NaN,NaN,NaN,NaN,0,0,0,0,0,0,0,0,77212,76750,35200
1778915142,33899,18.0938,17.0938,1,0,NaN,1,df,nondf,1,30,1,272,239,1230,1317,663,816,0,0,74534,538,NaN,NaN,NaN,NaN,NaN,NaN,0,0,0,0,0,0,0,0,77261,76750,35203
1778915202,33959,18.1055,17.1641,1,0,NaN,1,df,nondf,1,30,1,171,191,905,939,540,534,0,0,74633,590,NaN,NaN,NaN,NaN,NaN,NaN,0,0,0,0,0,0,0,0,77412,77050,35203
1778915263,34020,18.1055,17.1641,1,0,NaN,1,df,nondf,1,30,1,174,188,922,921,549,522,0,0,74736,737,NaN,NaN,NaN,NaN,NaN,NaN,0,0,0,0,0,0,0,0,77612,77250,35206
1778915324,34081,18.0898,17.1641,1,0,NaN,1,df,nondf,1,30,1,224,222,1053,1143,582,672,0,0,74886,867,NaN,NaN,NaN,NaN,NaN,NaN,0,0,0,0,0,0,0,0,77762,77350,35206
1778915385,34142,18.0938,17.1641,1,0,NaN,1,df,nondf,1,30,1,251,239,1234,1320,711,819,0,0,75035,988,NaN,NaN,NaN,NaN,NaN,NaN,0,0,0,0,0,0,0,0,78062,77550,35206
1778915447,34204,18.0938,1.527,1,NaN,NaN,NaN,df,df,0,30,0,230,232,483,485,0,0,0,0,75183,NaN,NaN,NaN,NaN,NaN,NaN,NaN,0,NaN,0,NaN,0,NaN,0,NaN,78112,77650,35406
1778915509,34266,18.0938,1.543,1,NaN,NaN,NaN,df,df,0,30,0,220,218,463,461,0,0,0,0,75332,NaN,NaN,NaN,NaN,NaN,NaN,NaN,0,NaN,0,NaN,0,NaN,0,NaN,78262,77850,35506
1778915571,34328,18.0938,1.504,1,NaN,NaN,NaN,df,df,0,30,0,267,231,557,489,0,0,0,0,75529,NaN,NaN,NaN,NaN,NaN,NaN,NaN,0,NaN,0,NaN,0,NaN,0,NaN,78459,78000,35606
1778915633,34390,18.0938,1.504,1,NaN,NaN,NaN,df,df,0,30,0,267,192,557,407,0,0,0,0,75677,NaN,NaN,NaN,NaN,NaN,NaN,NaN,0,NaN,0,NaN,0,NaN,0,NaN,78609,78150,35756
1778915695,34452,18.0938,1.762,1,NaN,NaN,NaN,df,df,0,30,0,217,261,457,541,0,0,0,0,75829,NaN,NaN,NaN,NaN,NaN,NaN,NaN,0,NaN,0,NaN,0,NaN,0,NaN,78812,78300,35806
1778915756,34513,18.0938,1.504,1,NaN,NaN,NaN,df,df,0,30,0,213,249,449,521,0,0,0,0,75975,NaN,NaN,NaN,NaN,NaN,NaN,NaN,0,NaN,0,NaN,0,NaN,0,NaN,78962,78500,35856
1778915818,34575,18.0938,1.547,1,NaN,NaN,NaN,df,df,0,30,0,211,246,445,519,0,0,0,0,76123,NaN,NaN,NaN,NaN,NaN,NaN,NaN,0,NaN,0,NaN,0,NaN,0,NaN,79112,78650,35956
1778915880,34637,18.0938,1.504,1,NaN,NaN,NaN,df,df,0,30,0,256,252,537,527,0,0,0,0,76251,NaN,NaN,NaN,NaN,NaN,NaN,NaN,0,NaN,0,NaN,0,NaN,0,NaN,79262,78750,36106
1778915942,34699,18.0938,1.805,1,NaN,NaN,NaN,df,df,0,30,0,159,156,341,331,0,0,0,0,76371,NaN,NaN,NaN,NaN,NaN,NaN,NaN,0,NaN,0,NaN,0,NaN,0,NaN,79312,79000,36206
1778916004,34761,18.0938,1.504,1,NaN,NaN,NaN,df,df,0,30,0,113,153,249,330,0,0,0,0,76571,NaN,NaN,NaN,NaN,NaN,NaN,NaN,0,NaN,0,NaN,0,NaN,0,NaN,79462,79200,36306
1778916067,34824,18.1016,14.375,1,0,NaN,1,df,nondf,1,31,1,159,203,587,907,246,477,0,0,76721,150,NaN,NaN,NaN,NaN,NaN,NaN,0,0,0,0,0,0,0,0,79712,79350,36306
1778916128,34885,18.1445,15.1367,1,0,NaN,1,df,nondf,1,31,1,126,136,590,668,315,372,0,0,76838,237,NaN,NaN,NaN,NaN,NaN,NaN,0,0,0,0,0,0,0,0,79812,79550,36323
1778916189,34946,18.1445,15.2148,1,0,NaN,1,df,nondf,1,31,1,143,169,777,783,468,423,0,0,76955,402,NaN,NaN,NaN,NaN,NaN,NaN,0,0,0,0,0,0,0,0,80012,79700,36339
1778916249,35006,18.1328,15.6133,1,0,NaN,1,df,nondf,1,31,1,160,168,827,942,486,582,0,0,77106,515,NaN,NaN,NaN,NaN,NaN,NaN,0,0,0,0,0,0,0,0,80212,79850,36345
1778916310,35067,18.168,16.6328,1,0,NaN,1,df,nondf,1,31,1,247,215,1151,1098,636,738,0,0,77259,662,NaN,NaN,NaN,NaN,NaN,NaN,0,0,0,0,0,0,0,0,80412,79950,36348
1778916371,35128,18.2188,17.1719,1,0,NaN,1,df,nondf,1,31,1,250,262,1303,1297,780,750,0,0,77312,859,NaN,NaN,NaN,NaN,NaN,NaN,0,0,0,0,0,0,0,0,80462,79950,36353
1778916432,35189,18.1836,17.293,1,0,NaN,1,df,nondf,1,31,1,234,211,1176,1195,687,750,0,0,77362,1008,NaN,NaN,NaN,NaN,NaN,NaN,0,0,0,0,0,0,0,0,80561,80100,36353
1778916493,35250,18.1836,17.3086,1,0,NaN,1,df,nondf,1,31,1,200,161,906,945,483,600,0,0,77469,1108,NaN,NaN,NaN,NaN,NaN,NaN,0,0,0,0,0,0,0,0,80761,80400,36353
1778916554,35311,18.2656,17.2891,1,0,NaN,1,df,nondf,1,31,1,182,161,868,945,483,600,0,0,77512,1308,NaN,NaN,NaN,NaN,NaN,NaN,0,0,0,0,0,0,0,0,80961,80600,36353
1778916614,35371,18.2656,17.3086,1,0,NaN,1,df,nondf,1,31,1,117,111,588,695,333,450,0,0,77662,1358,NaN,NaN,NaN,NaN,NaN,NaN,0,0,0,0,0,0,0,0,81111,80850,36353
1778916677,35434,18.168,1.531,1,NaN,NaN,NaN,df,df,0,31,0,155,211,335,445,0,0,0,0,77812,NaN,NaN,NaN,NaN,NaN,NaN,NaN,0,NaN,0,NaN,0,NaN,0,NaN,81411,81050,36403
1778916738,35495,18.168,1.594,1,NaN,NaN,NaN,df,df,0,31,0,200,211,423,445,0,0,0,0,78012,NaN,NaN,NaN,NaN,NaN,NaN,NaN,0,NaN,0,NaN,0,NaN,0,NaN,81661,81250,36453
1778916800,35557,18.168,1.539,1,NaN,NaN,NaN,df,df,0,31,0,252,251,527,521,0,0,0,0,78164,NaN,NaN,NaN,NaN,NaN,NaN,NaN,0,NaN,0,NaN,0,NaN,0,NaN,81812,81300,36603
1778916862,35619,18.168,1.523,1,NaN,NaN,NaN,df,df,0,31,0,246,256,513,535,0,0,0,0,78268,NaN,NaN,NaN,NaN,NaN,NaN,NaN,0,NaN,0,NaN,0,NaN,0,NaN,82012,81500,36653
1778916924,35681,18.168,1.52,1,NaN,NaN,NaN,df,df,0,31,0,206,156,435,335,0,0,0,0,78409,NaN,NaN,NaN,NaN,NaN,NaN,NaN,0,NaN,0,NaN,0,NaN,0,NaN,82162,81800,36703
1778916986,35743,18.168,1.52,1,NaN,NaN,NaN,df,df,0,31,0,167,195,359,409,0,0,0,0,78621,NaN,NaN,NaN,NaN,NaN,NaN,NaN,0,NaN,0,NaN,0,NaN,0,NaN,82362,82000,36753
1778917048,35805,18.168,1.93,1,NaN,NaN,NaN,df,df,0,31,0,206,179,435,385,0,0,0,0,78768,NaN,NaN,NaN,NaN,NaN,NaN,NaN,0,NaN,0,NaN,0,NaN,0,NaN,82412,82050,37003
1778917109,35866,18.168,1.539,1,NaN,NaN,NaN,df,df,0,31,0,206,306,435,635,0,0,0,0,78918,NaN,NaN,NaN,NaN,NaN,NaN,NaN,0,NaN,0,NaN,0,NaN,0,NaN,82562,82050,37203
1778917171,35928,18.168,1.641,1,NaN,NaN,NaN,df,df,0,31,0,256,256,535,535,0,0,0,0,79018,NaN,NaN,NaN,NaN,NaN,NaN,NaN,0,NaN,0,NaN,0,NaN,0,NaN,82762,82250,37253
1778917233,35990,18.168,1.523,1,NaN,NaN,NaN,df,df,0,31,0,236,225,493,475,0,0,0,0,79117,NaN,NaN,NaN,NaN,NaN,NaN,NaN,0,NaN,0,NaN,0,NaN,0,NaN,82811,82350,37403
1778917306,36063,18.168,16.2266,1,0,NaN,1,df,nondf,1,32,1,252,209,816,1194,291,753,0,0,79282,130,NaN,NaN,NaN,NaN,NaN,NaN,0,0,0,0,0,0,0,0,82961,82500,37504
1778917367,36124,18.168,16.5977,1,0,NaN,1,df,nondf,1,32,1,247,238,1027,1242,510,741,0,0,79409,255,NaN,NaN,NaN,NaN,NaN,NaN,0,0,0,0,0,0,0,0,83011,82550,37551
1778917428,36185,18.168,16.9609,1,0,NaN,1,df,nondf,1,32,1,269,242,1186,1305,627,798,0,0,79484,413,NaN,NaN,NaN,NaN,NaN,NaN,0,0,0,0,0,0,0,0,83161,82650,37573
1778917489,36246,18.332,17.0938,1,0,NaN,1,df,nondf,1,32,1,174,188,866,1023,495,624,0,0,79586,459,NaN,NaN,NaN,NaN,NaN,NaN,0,0,0,0,0,0,0,0,83162,82800,37580
1778917550,36307,18.332,17.0898,1,0,NaN,1,df,nondf,1,32,1,172,176,883,891,513,516,0,0,79629,647,NaN,NaN,NaN,NaN,NaN,NaN,0,0,0,0,0,0,0,0,83212,82900,37592
1778917611,36368,18.3047,17.2734,1,0,NaN,1,df,nondf,1,32,1,237,275,1311,1284,813,711,0,0,79749,796,NaN,NaN,NaN,NaN,NaN,NaN,0,0,0,0,0,0,0,0,83412,82900,37595
1778917671,36428,18.2812,17.2461,1,0,NaN,1,df,nondf,1,32,1,239,223,1265,1187,762,717,0,0,79751,995,NaN,NaN,NaN,NaN,NaN,NaN,0,0,0,0,0,0,0,0,83412,82950,37597
1778917732,36489,18.3047,17.2812,1,0,NaN,1,df,nondf,1,32,1,239,223,1166,1187,663,717,0,0,79952,1045,NaN,NaN,NaN,NaN,NaN,NaN,0,0,0,0,0,0,0,0,83662,83200,37597
1778917793,36550,18.2734,17.3203,1,0,NaN,1,df,nondf,1,32,1,189,185,985,958,582,567,0,0,80101,1094,NaN,NaN,NaN,NaN,NaN,NaN,0,0,0,0,0,0,0,0,83711,83300,37597
1778917854,36611,18.0742,17.3203,1,0,NaN,1,df,nondf,1,32,1,187,221,1064,1024,666,561,0,0,80249,1196,NaN,NaN,NaN,NaN,NaN,NaN,0,0,0,0,0,0,0,0,83861,83450,37599
1778917916,36673,17.9805,1.594,1,NaN,NaN,NaN,df,df,0,32,0,187,176,398,379,0,0,0,0,80349,NaN,NaN,NaN,NaN,NaN,NaN,NaN,0,NaN,0,NaN,0,NaN,0,NaN,84061,83700,37649
1778917978,36735,17.9805,1.602,1,NaN,NaN,NaN,df,df,0,32,0,187,198,397,418,0,0,0,0,80499,NaN,NaN,NaN,NaN,NaN,NaN,NaN,0,NaN,0,NaN,0,NaN,0,NaN,84211,83800,37799
1778918040,36797,17.9805,1.539,1,NaN,NaN,NaN,df,df,0,32,0,225,187,475,396,0,0,0,0,80628,NaN,NaN,NaN,NaN,NaN,NaN,NaN,0,NaN,0,NaN,0,NaN,0,NaN,84362,83950,37899
1778918102,36859,17.9805,1.672,1,NaN,NaN,NaN,df,df,0,32,0,239,223,499,469,0,0,0,0,80801,NaN,NaN,NaN,NaN,NaN,NaN,NaN,0,NaN,0,NaN,0,NaN,0,NaN,84462,84000,38149
1778918163,36920,17.9805,1.598,1,NaN,NaN,NaN,df,df,0,32,0,237,272,497,567,0,0,0,0,80949,NaN,NaN,NaN,NaN,NaN,NaN,NaN,0,NaN,0,NaN,0,NaN,0,NaN,84609,84100,38299
1778918225,36982,17.9805,1.539,1,NaN,NaN,NaN,df,df,0,32,0,237,225,498,474,0,0,0,0,81047,NaN,NaN,NaN,NaN,NaN,NaN,NaN,0,NaN,0,NaN,0,NaN,0,NaN,84662,84200,38499
1778918287,37044,17.9805,1.559,1,NaN,NaN,NaN,df,df,0,32,0,238,224,500,472,0,0,0,0,81151,NaN,NaN,NaN,NaN,NaN,NaN,NaN,0,NaN,0,NaN,0,NaN,0,NaN,84812,84350,38599
1778918349,37106,17.9805,1.797,1,NaN,NaN,NaN,df,df,0,32,0,239,227,502,476,0,0,0,0,81202,NaN,NaN,NaN,NaN,NaN,NaN,NaN,0,NaN,0,NaN,0,NaN,0,NaN,85062,84600,38599
1778918411,37168,17.9805,1.539,1,NaN,NaN,NaN,df,df,0,32,0,169,193,362,408,0,0,0,0,81223,NaN,NaN,NaN,NaN,NaN,NaN,NaN,0,NaN,0,NaN,0,NaN,0,NaN,85162,84800,38649
1778918473,37230,17.9805,1.855,1,NaN,NaN,NaN,df,df,0,32,0,191,235,406,490,0,0,0,0,81354,NaN,NaN,NaN,NaN,NaN,NaN,NaN,0,NaN,0,NaN,0,NaN,0,NaN,85362,84900,38799
1778918561,37318,17.957,16.3164,1,0,NaN,1,df,nondf,1,33,1,266,238,997,1318,444,819,0,0,81536,217,NaN,NaN,NaN,NaN,NaN,NaN,0,0,0,0,0,0,0,0,85661,85150,38829
1778918622,37379,17.957,16.5391,1,0,NaN,1,df,nondf,1,33,1,242,265,955,1281,447,726,0,0,81705,289,NaN,NaN,NaN,NaN,NaN,NaN,0,0,0,0,0,0,0,0,85760,85250,38848
1778918683,37440,18.3477,16.8125,1,0,NaN,1,df,nondf,1,33,1,220,242,1094,1156,630,651,0,0,81783,404,NaN,NaN,NaN,NaN,NaN,NaN,0,0,0,0,0,0,0,0,85812,85350,38865
1778918744,37501,18.3477,17,1,0,NaN,1,df,nondf,1,33,1,271,241,1229,1237,663,732,0,0,81934,518,NaN,NaN,NaN,NaN,NaN,NaN,0,0,0,0,0,0,0,0,86062,85550,38879
1778918804,37561,18.3242,16.8516,1,0,NaN,1,df,nondf,1,33,1,197,187,960,976,540,594,0,0,82005,616,NaN,NaN,NaN,NaN,NaN,NaN,0,0,0,0,0,0,0,0,86112,85750,38885
1778918865,37622,18.3477,16.957,1,0,NaN,1,df,nondf,1,33,1,225,225,1167,1144,693,675,0,0,82188,716,NaN,NaN,NaN,NaN,NaN,NaN,0,0,0,0,0,0,0,0,86312,85850,38885
1778918926,37683,18.3477,17.0781,1,0,NaN,1,df,nondf,1,33,1,223,189,1027,1070,558,669,0,0,82309,768,NaN,NaN,NaN,NaN,NaN,NaN,0,0,0,0,0,0,0,0,86412,86000,38885
1778918987,37744,18.3477,17.168,1,0,NaN,1,df,nondf,1,33,1,220,242,1180,1191,717,684,0,0,82483,821,NaN,NaN,NaN,NaN,NaN,NaN,0,0,0,0,0,0,0,0,86562,86100,38886
1778919048,37805,18.3477,17.2031,1,0,NaN,1,df,nondf,1,33,1,221,241,1179,1243,714,738,0,0,82634,920,NaN,NaN,NaN,NaN,NaN,NaN,0,0,0,0,0,0,0,0,86712,86250,38887
1778919108,37865,18.3398,17.2031,1,0,NaN,1,df,nondf,1,33,1,215,243,1158,1154,705,645,0,0,82778,1022,NaN,NaN,NaN,NaN,NaN,NaN,0,0,0,0,0,0,0,0,86908,86450,38887
1778919171,37928,18.1602,2.195,1,NaN,NaN,NaN,df,df,0,33,0,258,238,539,501,0,0,0,0,82971,NaN,NaN,NaN,NaN,NaN,NaN,NaN,0,NaN,0,NaN,0,NaN,0,NaN,87012,86550,39026
1778919232,37989,18.1602,1.559,1,NaN,NaN,NaN,df,df,0,33,0,228,251,481,525,0,0,0,0,83074,NaN,NaN,NaN,NaN,NaN,NaN,NaN,0,NaN,0,NaN,0,NaN,0,NaN,87112,86650,39176
1778919294,38051,18.1602,2.859,1,NaN,NaN,NaN,df,df,0,33,0,159,166,341,351,0,0,0,0,83172,NaN,NaN,NaN,NaN,NaN,NaN,NaN,0,NaN,0,NaN,0,NaN,0,NaN,87262,86900,39226
1778919356,38113,18.1602,1.621,1,NaN,NaN,NaN,df,df,0,33,0,159,203,341,429,0,0,0,0,83322,NaN,NaN,NaN,NaN,NaN,NaN,NaN,0,NaN,0,NaN,0,NaN,0,NaN,87512,87150,39276
1778919418,38175,18.1602,1.59,1,NaN,NaN,NaN,df,df,0,33,0,209,203,439,432,0,0,0,0,83422,NaN,NaN,NaN,NaN,NaN,NaN,NaN,0,NaN,0,NaN,0,NaN,0,NaN,87712,87300,39376
1778919480,38237,18.1602,1.555,1,NaN,NaN,NaN,df,df,0,33,0,241,221,505,464,0,0,0,0,83545,NaN,NaN,NaN,NaN,NaN,NaN,NaN,0,NaN,0,NaN,0,NaN,0,NaN,87812,87350,39576
1778919541,38298,18.1602,1.566,1,NaN,NaN,NaN,df,df,0,33,0,165,203,353,430,0,0,0,0,83622,NaN,NaN,NaN,NaN,NaN,NaN,NaN,0,NaN,0,NaN,0,NaN,0,NaN,87962,87600,39676
1778919603,38360,18.1602,1.891,1,NaN,NaN,NaN,df,df,0,33,0,159,176,341,378,0,0,0,0,83772,NaN,NaN,NaN,NaN,NaN,NaN,NaN,0,NaN,0,NaN,0,NaN,0,NaN,88162,87850,39726
1778919665,38422,18.1602,1.562,1,NaN,NaN,NaN,df,df,0,33,0,225,253,473,530,0,0,0,0,83972,NaN,NaN,NaN,NaN,NaN,NaN,NaN,0,NaN,0,NaN,0,NaN,0,NaN,88462,88000,39776
1778919727,38484,18.1602,1.609,1,NaN,NaN,NaN,df,df,0,33,0,146,166,313,357,0,0,0,0,84070,NaN,NaN,NaN,NaN,NaN,NaN,NaN,0,NaN,0,NaN,0,NaN,0,NaN,88512,88200,39926
1778919810,38567,18.1602,14.6055,1,0,NaN,1,df,nondf,1,34,1,226,186,758,1070,285,675,0,0,84367,116,NaN,NaN,NaN,NaN,NaN,NaN,0,0,0,0,0,0,0,0,88712,88300,40081
1778919871,38628,18.1602,16.7461,1,0,NaN,1,df,nondf,1,34,1,276,236,1010,1323,435,828,0,0,84589,166,NaN,NaN,NaN,NaN,NaN,NaN,0,0,0,0,0,0,0,0,88812,88300,40081
1778919932,38689,18.1602,16.7109,1,0,NaN,1,df,nondf,1,34,1,253,220,1081,1226,552,759,0,0,84616,346,NaN,NaN,NaN,NaN,NaN,NaN,0,0,0,0,0,0,0,0,88912,88450,40106
1778919993,38750,18.0469,16.8047,1,0,NaN,1,df,nondf,1,34,1,216,208,1017,1198,564,759,0,0,84716,488,NaN,NaN,NaN,NaN,NaN,NaN,0,0,0,0,0,0,0,0,89161,88700,40106
1778920053,38810,18.1602,16.7695,1,0,NaN,1,df,nondf,1,34,1,211,233,1162,1118,717,633,0,0,84724,730,NaN,NaN,NaN,NaN,NaN,NaN,0,0,0,0,0,0,0,0,89261,88800,40114
1778920114,38871,17.957,17.0703,1,0,NaN,1,df,nondf,1,34,1,225,247,1199,1162,726,645,0,0,84783,927,NaN,NaN,NaN,NaN,NaN,NaN,0,0,0,0,0,0,0,0,89361,88900,40117
1778920175,38932,18.0469,17.2266,1,0,NaN,1,df,nondf,1,34,1,214,247,1165,1159,714,642,0,0,84927,1027,NaN,NaN,NaN,NaN,NaN,NaN,0,0,0,0,0,0,0,0,89561,89100,40117
1778920236,38993,17.9688,17.2188,1,0,NaN,1,df,nondf,1,34,1,215,246,1185,1160,732,645,0,0,84928,1262,NaN,NaN,NaN,NaN,NaN,NaN,0,0,0,0,0,0,0,0,89611,89150,40118
1778920297,39054,18.2305,17.4297,1,0,NaN,1,df,nondf,1,34,1,260,247,1279,1312,738,795,0,0,85078,1327,NaN,NaN,NaN,NaN,NaN,NaN,0,0,0,0,0,0,0,0,89712,89200,40118
1778920358,39115,18.2031,17.4102,1,0,NaN,1,df,nondf,1,34,1,263,249,1291,1310,744,789,0,0,85126,1479,NaN,NaN,NaN,NaN,NaN,NaN,0,0,0,0,0,0,0,0,89862,89350,40118
1778920420,39177,18.2031,1.82,1,NaN,NaN,NaN,df,df,0,34,0,224,285,469,595,0,0,0,0,85274,NaN,NaN,NaN,NaN,NaN,NaN,NaN,0,NaN,0,NaN,0,NaN,0,NaN,89959,89450,40265
1778920482,39239,18.2031,1.738,1,NaN,NaN,NaN,df,df,0,34,0,211,248,445,519,0,0,0,0,85424,NaN,NaN,NaN,NaN,NaN,NaN,NaN,0,NaN,0,NaN,0,NaN,0,NaN,90059,89600,40465
1778920543,39300,18.2031,1.637,1,NaN,NaN,NaN,df,df,0,34,0,259,200,541,421,0,0,0,0,85562,NaN,NaN,NaN,NaN,NaN,NaN,NaN,0,NaN,0,NaN,0,NaN,0,NaN,90159,89700,40665
1778920605,39362,18.2031,1.574,1,NaN,NaN,NaN,df,df,0,34,0,211,198,445,419,0,0,0,0,85711,NaN,NaN,NaN,NaN,NaN,NaN,NaN,0,NaN,0,NaN,0,NaN,0,NaN,90359,89950,40715
1778920667,39424,18.2031,1.586,1,NaN,NaN,NaN,df,df,0,34,0,207,198,435,419,0,0,0,0,85874,NaN,NaN,NaN,NaN,NaN,NaN,NaN,0,NaN,0,NaN,0,NaN,0,NaN,90609,90200,40715
1778920729,39486,18.2031,1.574,1,NaN,NaN,NaN,df,df,0,34,0,191,201,403,425,0,0,0,0,86024,NaN,NaN,NaN,NaN,NaN,NaN,NaN,0,NaN,0,NaN,0,NaN,0,NaN,90762,90350,40815
1778920791,39548,18.2031,1.961,1,NaN,NaN,NaN,df,df,0,34,0,227,285,475,595,0,0,0,0,86224,NaN,NaN,NaN,NaN,NaN,NaN,NaN,0,NaN,0,NaN,0,NaN,0,NaN,90962,90450,40915
1778920853,39610,18.2031,1.574,1,NaN,NaN,NaN,df,df,0,34,0,261,201,545,425,0,0,0,0,86321,NaN,NaN,NaN,NaN,NaN,NaN,NaN,0,NaN,0,NaN,0,NaN,0,NaN,91012,90550,41065
1778920914,39671,18.2031,1.574,1,NaN,NaN,NaN,df,df,0,34,0,212,300,447,623,0,0,0,0,86424,NaN,NaN,NaN,NaN,NaN,NaN,NaN,0,NaN,0,NaN,0,NaN,0,NaN,91162,90650,41215
1778920976,39733,18.2031,1.574,1,NaN,NaN,NaN,df,df,0,34,0,115,197,251,419,0,0,0,0,86524,NaN,NaN,NaN,NaN,NaN,NaN,NaN,0,NaN,0,NaN,0,NaN,0,NaN,91212,90900,41265
1778921055,39812,18.2031,15.1367,1,0,NaN,1,df,nondf,1,35,1,255,223,1037,1232,504,765,0,0,86718,206,NaN,NaN,NaN,NaN,NaN,NaN,0,0,0,0,0,0,0,0,91512,91000,41358
1778921115,39872,18.1953,15.9531,1,0,NaN,1,df,nondf,1,35,1,268,244,1126,1312,567,801,0,0,86881,293,NaN,NaN,NaN,NaN,NaN,NaN,0,0,0,0,0,0,0,0,91612,91100,41373
1778921176,39933,18.2031,16.0312,1,0,NaN,1,df,nondf,1,35,1,266,246,1126,1310,573,795,0,0,87044,295,NaN,NaN,NaN,NaN,NaN,NaN,0,0,0,0,0,0,0,0,91762,91250,41373
1778921237,39994,18.2305,16.1289,1,0,NaN,1,df,nondf,1,35,1,237,247,1071,1306,576,789,0,0,87227,296,NaN,NaN,NaN,NaN,NaN,NaN,0,0,0,0,0,0,0,0,91811,91300,41374
1778921298,40055,18.2305,16.125,1,0,NaN,1,df,nondf,1,35,1,264,247,1190,1306,639,789,0,0,87382,396,NaN,NaN,NaN,NaN,NaN,NaN,0,0,0,0,0,0,0,0,92011,91500,41374
1778921359,40116,18.1719,16.1562,1,0,NaN,1,df,nondf,1,35,1,241,241,1158,1262,651,756,0,0,87534,441,NaN,NaN,NaN,NaN,NaN,NaN,0,0,0,0,0,0,0,0,92062,91550,41385
1778921420,40177,18.1914,16.4297,1,0,NaN,1,df,nondf,1,35,1,226,186,1065,1074,588,678,0,0,87689,486,NaN,NaN,NaN,NaN,NaN,NaN,0,0,0,0,0,0,0,0,92212,91800,41390
1778921480,40237,18.1914,16.4102,1,0,NaN,1,df,nondf,1,35,1,272,233,1237,1211,666,720,0,0,87831,633,NaN,NaN,NaN,NaN,NaN,NaN,0,0,0,0,0,0,0,0,92412,91950,41393
1778921541,40298,18.207,16.4219,1,0,NaN,1,df,nondf,1,35,1,229,233,1149,1178,666,687,0,0,87942,710,NaN,NaN,NaN,NaN,NaN,NaN,0,0,0,0,0,0,0,0,92562,92100,41393
1778921602,40359,18.1602,16.2109,1,0,NaN,1,df,nondf,1,35,1,278,233,1259,1322,678,831,0,0,88134,783,NaN,NaN,NaN,NaN,NaN,NaN,0,0,0,0,0,0,0,0,92761,92250,41395
1778921664,40421,18.1602,1.617,1,NaN,NaN,NaN,df,df,0,35,0,226,189,475,406,0,0,0,0,88289,NaN,NaN,NaN,NaN,NaN,NaN,NaN,0,NaN,0,NaN,0,NaN,0,NaN,92812,92400,41547
1778921726,40483,18.1602,1.594,1,NaN,NaN,NaN,df,df,0,35,0,249,239,523,502,0,0,0,0,88394,NaN,NaN,NaN,NaN,NaN,NaN,NaN,0,NaN,0,NaN,0,NaN,0,NaN,93012,92550,41597
1778921788,40545,18.1602,1.605,1,NaN,NaN,NaN,df,df,0,35,0,271,241,565,505,0,0,0,0,88534,NaN,NaN,NaN,NaN,NaN,NaN,NaN,0,NaN,0,NaN,0,NaN,0,NaN,93162,92650,41697
1778921850,40607,18.1602,1.594,1,NaN,NaN,NaN,df,df,0,35,0,271,240,565,503,0,0,0,0,88671,NaN,NaN,NaN,NaN,NaN,NaN,NaN,0,NaN,0,NaN,0,NaN,0,NaN,93261,92750,41897
1778921912,40669,18.1602,1.633,1,NaN,NaN,NaN,df,df,0,35,0,271,241,565,505,0,0,0,0,88834,NaN,NaN,NaN,NaN,NaN,NaN,NaN,0,NaN,0,NaN,0,NaN,0,NaN,93362,92850,42047
1778921973,40730,18.1602,1.609,1,NaN,NaN,NaN,df,df,0,35,0,241,270,503,565,0,0,0,0,88984,NaN,NaN,NaN,NaN,NaN,NaN,NaN,0,NaN,0,NaN,0,NaN,0,NaN,93511,93000,42147
1778922035,40792,18.1602,1.59,1,NaN,NaN,NaN,df,df,0,35,0,247,240,520,504,0,0,0,0,89043,NaN,NaN,NaN,NaN,NaN,NaN,NaN,0,NaN,0,NaN,0,NaN,0,NaN,93662,93200,42247
1778922097,40854,18.1602,1.59,1,NaN,NaN,NaN,df,df,0,35,0,220,240,464,504,0,0,0,0,89184,NaN,NaN,NaN,NaN,NaN,NaN,NaN,0,NaN,0,NaN,0,NaN,0,NaN,93810,93350,42397
1778922159,40916,18.1602,1.637,1,NaN,NaN,NaN,df,df,0,35,0,267,245,558,514,0,0,0,0,89331,NaN,NaN,NaN,NaN,NaN,NaN,NaN,0,NaN,0,NaN,0,NaN,0,NaN,93912,93400,42547
1778922221,40978,18.1602,1.684,1,NaN,NaN,NaN,df,df,0,35,0,217,295,458,614,0,0,0,0,89431,NaN,NaN,NaN,NaN,NaN,NaN,NaN,0,NaN,0,NaN,0,NaN,0,NaN,94012,93500,42697
1778922284,41041,18.1602,16.3672,1,0,NaN,1,df,nondf,1,36,1,267,245,706,1315,150,801,0,0,89631,50,NaN,NaN,NaN,NaN,NaN,NaN,0,0,0,0,0,0,0,0,94062,93550,42797
1778922345,41102,18.1602,16.7695,1,0,NaN,1,df,nondf,1,36,1,157,159,470,902,135,561,0,0,89767,64,NaN,NaN,NaN,NaN,NaN,NaN,0,0,0,0,0,0,0,0,94062,93750,42835
1778922406,41163,18.1602,16.7422,1,0,NaN,1,df,nondf,1,36,1,240,267,938,1279,435,720,0,0,89954,217,NaN,NaN,NaN,NaN,NaN,NaN,0,0,0,0,0,0,0,0,94259,93750,42872
1778922467,41224,18.3047,17.3867,1,0,NaN,1,df,nondf,1,36,1,256,256,1184,1303,651,768,0,0,90025,361,NaN,NaN,NaN,NaN,NaN,NaN,0,0,0,0,0,0,0,0,94362,93850,42885
1778922527,41284,18.2695,17.3008,1,0,NaN,1,df,nondf,1,36,1,266,246,1208,1313,654,798,0,0,90148,451,NaN,NaN,NaN,NaN,NaN,NaN,0,0,0,0,0,0,0,0,94412,93900,42897
1778922588,41345,18.3008,17.5312,1,0,NaN,1,df,nondf,1,36,1,213,199,990,1057,540,636,0,0,90234,504,NaN,NaN,NaN,NaN,NaN,NaN,0,0,0,0,0,0,0,0,94512,94100,42899
1778922649,41406,18.3008,17.6289,1,0,NaN,1,df,nondf,1,36,1,119,93,568,566,306,357,0,0,90333,548,NaN,NaN,NaN,NaN,NaN,NaN,0,0,0,0,0,0,0,0,94512,94300,42905
1778922710,41467,18.3008,17.6289,1,0,NaN,1,df,nondf,1,36,1,172,188,917,915,549,516,0,0,90436,782,NaN,NaN,NaN,NaN,NaN,NaN,0,0,0,0,0,0,0,0,94760,94400,42908
1778922771,41528,18.3008,17.6289,1,0,NaN,1,df,nondf,1,36,1,226,234,1178,1164,702,675,0,0,90490,1013,NaN,NaN,NaN,NaN,NaN,NaN,0,0,0,0,0,0,0,0,94910,94450,42913
1778922832,41589,18.3047,17.5859,1,0,NaN,1,df,nondf,1,36,1,176,149,927,847,552,528,0,0,90540,1139,NaN,NaN,NaN,NaN,NaN,NaN,0,0,0,0,0,0,0,0,94960,94600,42914
1778922894,41651,18.207,1.68,1,NaN,NaN,NaN,df,df,0,36,0,176,184,375,391,0,0,0,0,90690,NaN,NaN,NaN,NaN,NaN,NaN,NaN,0,NaN,0,NaN,0,NaN,0,NaN,95160,94800,43014
1778922956,41713,18.207,1.895,1,NaN,NaN,NaN,df,df,0,36,0,149,111,321,243,0,0,0,0,90803,NaN,NaN,NaN,NaN,NaN,NaN,NaN,0,NaN,0,NaN,0,NaN,0,NaN,95260,95000,43114
1778923018,41775,18.207,1.617,1,NaN,NaN,NaN,df,df,0,36,0,178,182,379,385,0,0,0,0,90990,NaN,NaN,NaN,NaN,NaN,NaN,NaN,0,NaN,0,NaN,0,NaN,0,NaN,95560,95200,43164
1778923079,41836,18.207,1.605,1,NaN,NaN,NaN,df,df,0,36,0,264,234,551,492,0,0,0,0,91159,NaN,NaN,NaN,NaN,NaN,NaN,NaN,0,NaN,0,NaN,0,NaN,0,NaN,95762,95300,43264
1778923141,41898,18.207,1.609,1,NaN,NaN,NaN,df,df,0,36,0,247,263,515,552,0,0,0,0,91290,NaN,NaN,NaN,NaN,NaN,NaN,NaN,0,NaN,0,NaN,0,NaN,0,NaN,95960,95450,43314
1778923203,41960,18.207,1.625,1,NaN,NaN,NaN,df,df,0,36,0,228,281,479,582,0,0,0,0,91392,NaN,NaN,NaN,NaN,NaN,NaN,NaN,0,NaN,0,NaN,0,NaN,0,NaN,95962,95450,43564
1778923265,42022,18.207,1.648,1,NaN,NaN,NaN,df,df,0,36,0,236,274,493,574,0,0,0,0,91542,NaN,NaN,NaN,NaN,NaN,NaN,NaN,0,NaN,0,NaN,0,NaN,0,NaN,96110,95600,43664
1778923327,42084,18.207,1.645,1,NaN,NaN,NaN,df,df,0,36,0,178,147,379,320,0,0,0,0,91642,NaN,NaN,NaN,NaN,NaN,NaN,NaN,0,NaN,0,NaN,0,NaN,0,NaN,96260,95950,43714
1778923389,42146,18.207,1.895,1,NaN,NaN,NaN,df,df,0,36,0,128,120,279,259,0,0,0,0,91742,NaN,NaN,NaN,NaN,NaN,NaN,NaN,0,NaN,0,NaN,0,NaN,0,NaN,96460,96200,43764
1778923450,42207,18.207,1.676,1,NaN,NaN,NaN,df,df,0,36,0,178,132,379,287,0,0,0,0,91842,NaN,NaN,NaN,NaN,NaN,NaN,NaN,0,NaN,0,NaN,0,NaN,0,NaN,96760,96450,43764
1778923514,42271,18.2031,15.1094,1,0,NaN,1,df,nondf,1,37,1,188,190,777,965,378,564,0,0,92002,140,NaN,NaN,NaN,NaN,NaN,NaN,0,0,0,0,0,0,0,0,96910,96500,43838
1778923574,42331,18.2031,15.1758,1,0,NaN,1,df,nondf,1,37,1,186,199,861,1054,468,633,0,0,92175,217,NaN,NaN,NaN,NaN,NaN,NaN,0,0,0,0,0,0,0,0,97060,96650,43861
1778923635,42392,18.2031,15.543,1,0,NaN,1,df,nondf,1,37,1,197,186,883,1067,468,672,0,0,92388,254,NaN,NaN,NaN,NaN,NaN,NaN,0,0,0,0,0,0,0,0,97260,96850,43874
1778923696,42453,18.2031,15.6836,1,0,NaN,1,df,nondf,1,37,1,144,166,779,784,468,429,0,0,92458,384,NaN,NaN,NaN,NaN,NaN,NaN,0,0,0,0,0,0,0,0,97310,97000,43894
1778923757,42514,18.1406,15.5703,1,0,NaN,1,df,nondf,1,37,1,201,159,893,944,468,603,0,0,92588,527,NaN,NaN,NaN,NaN,NaN,NaN,0,0,0,0,0,0,0,0,97460,97100,43901
1778923818,42575,18.1406,15.668,1,0,NaN,1,df,nondf,1,37,1,203,179,933,992,504,609,0,0,92667,692,NaN,NaN,NaN,NaN,NaN,NaN,0,0,0,0,0,0,0,0,97560,97200,43903
1778923879,42636,18.2109,15.8711,1,0,NaN,1,df,nondf,1,37,1,257,255,1300,1301,765,768,0,0,92735,923,NaN,NaN,NaN,NaN,NaN,NaN,0,0,0,0,0,0,0,0,97812,97300,43903
1778923940,42697,18.2891,16.0117,1,0,NaN,1,df,nondf,1,37,1,208,204,1075,1055,636,624,0,0,92822,1022,NaN,NaN,NaN,NaN,NaN,NaN,0,0,0,0,0,0,0,0,97862,97450,43904
1778924000,42757,18.3008,16.1133,1,0,NaN,1,df,nondf,1,37,1,209,253,1197,1156,756,627,0,0,92923,1164,NaN,NaN,NaN,NaN,NaN,NaN,0,0,0,0,0,0,0,0,97962,97500,43906
1778924061,42818,18.3008,16.2461,1,0,NaN,1,df,nondf,1,37,1,255,242,1151,1276,618,765,0,0,93019,1306,NaN,NaN,NaN,NaN,NaN,NaN,0,0,0,0,0,0,0,0,98111,97650,43906
1778924123,42880,18.207,1.66,1,NaN,NaN,NaN,df,df,0,37,0,207,305,437,631,0,0,0,0,93120,NaN,NaN,NaN,NaN,NaN,NaN,NaN,0,NaN,0,NaN,0,NaN,0,NaN,98262,97750,44056
1778924185,42942,18.207,1.996,1,NaN,NaN,NaN,df,df,0,37,0,206,231,435,489,0,0,0,0,93270,NaN,NaN,NaN,NaN,NaN,NaN,NaN,0,NaN,0,NaN,0,NaN,0,NaN,98310,97900,44206
1778924247,43004,18.207,1.734,1,NaN,NaN,NaN,df,df,0,37,0,256,256,535,535,0,0,0,0,93420,NaN,NaN,NaN,NaN,NaN,NaN,NaN,0,NaN,0,NaN,0,NaN,0,NaN,98462,97950,44406
1778924309,43066,18.207,1.695,1,NaN,NaN,NaN,df,df,0,37,0,256,206,535,435,0,0,0,0,93520,NaN,NaN,NaN,NaN,NaN,NaN,NaN,0,NaN,0,NaN,0,NaN,0,NaN,98512,98050,44606
1778924371,43128,18.207,1.645,1,NaN,NaN,NaN,df,df,0,37,0,255,222,533,465,0,0,0,0,93619,NaN,NaN,NaN,NaN,NaN,NaN,NaN,0,NaN,0,NaN,0,NaN,0,NaN,98761,98250,44606
1778924433,43190,18.207,1.645,1,NaN,NaN,NaN,df,df,0,37,0,255,254,533,533,0,0,0,0,93769,NaN,NaN,NaN,NaN,NaN,NaN,NaN,0,NaN,0,NaN,0,NaN,0,NaN,98910,98400,44756
1778924494,43251,18.207,1.625,1,NaN,NaN,NaN,df,df,0,37,0,230,255,481,533,0,0,0,0,93871,NaN,NaN,NaN,NaN,NaN,NaN,NaN,0,NaN,0,NaN,0,NaN,0,NaN,98962,98450,44906
1778924556,43313,18.207,1.625,1,NaN,NaN,NaN,df,df,0,37,0,118,155,257,333,0,0,0,0,93971,NaN,NaN,NaN,NaN,NaN,NaN,NaN,0,NaN,0,NaN,0,NaN,0,NaN,99012,98700,45006
1778924618,43375,18.207,1.672,1,NaN,NaN,NaN,df,df,0,37,0,157,155,337,333,0,0,0,0,94121,NaN,NaN,NaN,NaN,NaN,NaN,NaN,0,NaN,0,NaN,0,NaN,0,NaN,99212,98900,45106
1778924680,43437,18.207,1.695,1,NaN,NaN,NaN,df,df,0,37,0,207,255,437,533,0,0,0,0,94271,NaN,NaN,NaN,NaN,NaN,NaN,NaN,0,NaN,0,NaN,0,NaN,0,NaN,99462,99000,45206
1778924743,43500,18.207,16.0938,1,0,NaN,1,df,nondf,1,38,1,255,257,690,1302,156,765,0,0,94468,52,NaN,NaN,NaN,NaN,NaN,NaN,0,0,0,0,0,0,0,0,99612,99100,45207
1778924804,43561,18.1836,16.8359,1,0,NaN,1,df,nondf,1,38,1,263,248,853,1276,303,759,0,0,94627,124,NaN,NaN,NaN,NaN,NaN,NaN,0,0,0,0,0,0,0,0,99661,99150,45245
1778924865,43622,18.2109,16.832,1,0,NaN,1,df,nondf,1,38,1,269,242,869,1272,309,765,0,0,94833,137,NaN,NaN,NaN,NaN,NaN,NaN,0,0,0,0,0,0,0,0,99761,99250,45274
1778924926,43683,18.207,17.0859,1,0,NaN,1,df,nondf,1,38,1,268,244,1032,1312,474,801,0,0,94978,239,NaN,NaN,NaN,NaN,NaN,NaN,0,0,0,0,0,0,0,0,99962,99450,45274
1778924986,43743,18.2656,17.2188,1,0,NaN,1,df,nondf,1,38,1,241,257,1181,1249,675,723,0,0,95005,416,NaN,NaN,NaN,NaN,NaN,NaN,0,0,0,0,0,0,0,0,100062,99550,45297
1778925047,43804,18.2422,17.2109,1,0,NaN,1,df,nondf,1,38,1,203,209,1000,1051,570,609,0,0,95067,555,NaN,NaN,NaN,NaN,NaN,NaN,0,0,0,0,0,0,0,0,100162,99750,45309
1778925108,43865,18.2109,17.2109,1,0,NaN,1,df,nondf,1,38,1,211,201,1031,1002,585,576,0,0,95171,697,NaN,NaN,NaN,NaN,NaN,NaN,0,0,0,0,0,0,0,0,100312,99900,45317
1778925169,43926,18.2734,17.0742,1,0,NaN,1,df,nondf,1,38,1,209,253,1183,1226,741,696,0,0,95373,749,NaN,NaN,NaN,NaN,NaN,NaN,0,0,0,0,0,0,0,0,100462,100000,45319
1778925230,43987,18.3008,17.2656,1,0,NaN,1,df,nondf,1,38,1,211,251,1187,1156,741,630,0,0,95475,873,NaN,NaN,NaN,NaN,NaN,NaN,0,0,0,0,0,0,0,0,100512,100050,45320
1778925291,44048,18.2539,17.2656,1,0,NaN,1,df,nondf,1,38,1,162,200,948,908,600,486,0,0,95526,1005,NaN,NaN,NaN,NaN,NaN,NaN,0,0,0,0,0,0,0,0,100562,100200,45322
1778925353,44110,18.1602,1.641,1,NaN,NaN,NaN,df,df,0,38,0,196,216,415,455,0,0,0,0,95710,NaN,NaN,NaN,NaN,NaN,NaN,NaN,0,NaN,0,NaN,0,NaN,0,NaN,100812,100400,45355
1778925415,44172,18.1602,1.688,1,NaN,NaN,NaN,df,df,0,38,0,146,153,315,327,0,0,0,0,95810,NaN,NaN,NaN,NaN,NaN,NaN,NaN,0,NaN,0,NaN,0,NaN,0,NaN,100962,100650,45405
1778925477,44234,18.1602,1.641,1,NaN,NaN,NaN,df,df,0,38,0,126,116,273,255,0,0,0,0,95910,NaN,NaN,NaN,NaN,NaN,NaN,NaN,0,NaN,0,NaN,0,NaN,0,NaN,101162,100900,45455
1778925538,44295,18.1602,1.645,1,NaN,NaN,NaN,df,df,0,38,0,246,216,515,456,0,0,0,0,96146,NaN,NaN,NaN,NaN,NaN,NaN,NaN,0,NaN,0,NaN,0,NaN,0,NaN,101462,101000,45555
1778925600,44357,18.1602,1.652,1,NaN,NaN,NaN,df,df,0,38,0,196,116,415,256,0,0,0,0,96204,NaN,NaN,NaN,NaN,NaN,NaN,NaN,0,NaN,0,NaN,0,NaN,0,NaN,101562,101250,45655
1778925662,44419,18.1602,1.645,1,NaN,NaN,NaN,df,df,0,38,0,169,166,363,356,0,0,0,0,96315,NaN,NaN,NaN,NaN,NaN,NaN,NaN,0,NaN,0,NaN,0,NaN,0,NaN,101762,101450,45705
1778925724,44481,18.1602,1.645,1,NaN,NaN,NaN,df,df,0,38,0,150,166,321,356,0,0,0,0,96460,NaN,NaN,NaN,NaN,NaN,NaN,NaN,0,NaN,0,NaN,0,NaN,0,NaN,101962,101650,45805
1778925786,44543,18.1602,1.645,1,NaN,NaN,NaN,df,df,0,38,0,213,199,447,424,0,0,0,0,96660,NaN,NaN,NaN,NaN,NaN,NaN,NaN,0,NaN,0,NaN,0,NaN,0,NaN,102162,101750,45905
1778925848,44605,18.1602,1.766,1,NaN,NaN,NaN,df,df,0,38,0,297,215,617,453,0,0,0,0,96810,NaN,NaN,NaN,NaN,NaN,NaN,NaN,0,NaN,0,NaN,0,NaN,0,NaN,102362,101850,46055
1778925909,44666,18.1602,1.676,1,NaN,NaN,NaN,df,df,0,38,0,247,223,517,467,0,0,0,0,96911,NaN,NaN,NaN,NaN,NaN,NaN,NaN,0,NaN,0,NaN,0,NaN,0,NaN,102611,102100,46055
1778925972,44729,18.207,13.5859,1,0,NaN,1,df,nondf,1,39,1,249,212,852,1195,330,747,0,0,97014,148,NaN,NaN,NaN,NaN,NaN,NaN,0,0,0,0,0,0,0,0,102811,102350,46105
1778926033,44790,18.207,14.1094,1,0,NaN,1,df,nondf,1,39,1,266,246,1034,1314,480,798,0,0,97181,232,NaN,NaN,NaN,NaN,NaN,NaN,0,0,0,0,0,0,0,0,102862,102350,46121
1778926094,44851,18.207,14.293,1,0,NaN,1,df,nondf,1,39,1,213,196,852,1052,402,636,0,0,97316,282,NaN,NaN,NaN,NaN,NaN,NaN,0,0,0,0,0,0,0,0,102959,102550,46121
1778926155,44912,18.1953,15.5312,1,0,NaN,1,df,nondf,1,39,1,278,231,1130,1317,552,831,0,0,97527,367,NaN,NaN,NaN,NaN,NaN,NaN,0,0,0,0,0,0,0,0,103159,102650,46136
1778926216,44973,18.1797,16.1094,1,0,NaN,1,df,nondf,1,39,1,275,234,1171,1176,597,825,0,0,97690,420,NaN,NaN,NaN,NaN,NaN,NaN,0,0,0,0,0,0,0,0,103259,102750,46136
1778926277,45034,18.207,15.9375,1,0,NaN,1,df,nondf,1,39,1,230,232,1092,1172,609,687,0,0,97845,445,NaN,NaN,NaN,NaN,NaN,NaN,0,0,0,0,0,0,0,0,103362,102900,46137
1778926337,45094,18.168,16.3359,1,0,NaN,1,df,nondf,1,39,1,234,241,1148,1209,657,702,0,0,97899,623,NaN,NaN,NaN,NaN,NaN,NaN,0,0,0,0,0,0,0,0,103510,103050,46147
1778926398,45155,18.1836,16.1797,1,0,NaN,1,df,nondf,1,39,1,248,264,1290,1292,771,741,0,0,97913,849,NaN,NaN,NaN,NaN,NaN,NaN,0,0,0,0,0,0,0,0,103612,103100,46159
1778926459,45216,18.3164,16.2852,1,0,NaN,1,df,nondf,1,39,1,199,213,1049,1046,627,597,0,0,97914,999,NaN,NaN,NaN,NaN,NaN,NaN,0,0,0,0,0,0,0,0,103662,103250,46159
1778926520,45277,18.3398,16.3242,1,0,NaN,1,df,nondf,1,39,1,248,239,1150,1244,630,741,0,0,98163,1021,NaN,NaN,NaN,NaN,NaN,NaN,0,0,0,0,0,0,0,0,103762,103300,46160
1778926582,45339,18.1953,1.664,1,NaN,NaN,NaN,df,df,0,39,0,198,224,420,467,0,0,0,0,98213,NaN,NaN,NaN,NaN,NaN,NaN,NaN,0,NaN,0,NaN,0,NaN,0,NaN,103911,103450,46260
1778926644,45401,18.1953,1.676,1,NaN,NaN,NaN,df,df,0,39,0,250,262,524,545,0,0,0,0,98364,NaN,NaN,NaN,NaN,NaN,NaN,NaN,0,NaN,0,NaN,0,NaN,0,NaN,104162,103650,46310
1778926706,45463,18.1953,1.664,1,NaN,NaN,NaN,df,df,0,39,0,285,227,596,473,0,0,0,0,98541,NaN,NaN,NaN,NaN,NaN,NaN,NaN,0,NaN,0,NaN,0,NaN,0,NaN,104262,103750,46460
1778926768,45525,18.1953,1.746,1,NaN,NaN,NaN,df,df,0,39,0,201,261,425,545,0,0,0,0,98616,NaN,NaN,NaN,NaN,NaN,NaN,NaN,0,NaN,0,NaN,0,NaN,0,NaN,104312,103850,46660
1778926829,45586,18.1953,1.93,1,NaN,NaN,NaN,df,df,0,39,0,251,243,525,511,0,0,0,0,98716,NaN,NaN,NaN,NaN,NaN,NaN,NaN,0,NaN,0,NaN,0,NaN,0,NaN,104462,104000,46760
1778926891,45648,18.1953,1.957,1,NaN,NaN,NaN,df,df,0,39,0,213,249,447,524,0,0,0,0,98817,NaN,NaN,NaN,NaN,NaN,NaN,NaN,0,NaN,0,NaN,0,NaN,0,NaN,104562,104100,46860
1778926953,45710,18.1953,1.727,1,NaN,NaN,NaN,df,df,0,39,0,252,160,527,344,0,0,0,0,98967,NaN,NaN,NaN,NaN,NaN,NaN,NaN,0,NaN,0,NaN,0,NaN,0,NaN,104662,104250,47060
1778927015,45772,18.1953,1.664,1,NaN,NaN,NaN,df,df,0,39,0,237,210,495,444,0,0,0,0,99067,NaN,NaN,NaN,NaN,NaN,NaN,NaN,0,NaN,0,NaN,0,NaN,0,NaN,104812,104350,47210
1778927077,45834,18.1953,1.664,1,NaN,NaN,NaN,df,df,0,39,0,245,159,511,342,0,0,0,0,99267,NaN,NaN,NaN,NaN,NaN,NaN,NaN,0,NaN,0,NaN,0,NaN,0,NaN,104961,104550,47310
1778927139,45896,18.1953,3.664,1,NaN,NaN,NaN,df,df,0,39,0,178,133,381,286,0,0,0,0,99435,NaN,NaN,NaN,NaN,NaN,NaN,NaN,0,NaN,0,NaN,0,NaN,0,NaN,105161,104850,47310
1778927207,45964,18.1953,14.2305,1,0,NaN,1,df,nondf,1,40,1,209,209,868,1125,429,684,0,0,99568,200,NaN,NaN,NaN,NaN,NaN,NaN,0,0,0,0,0,0,0,0,105462,105000,47360
1778927268,46025,18.1953,15.6367,1,0,NaN,1,df,nondf,1,40,1,251,226,1056,1230,531,753,0,0,99766,262,NaN,NaN,NaN,NaN,NaN,NaN,0,0,0,0,0,0,0,0,105562,105100,47362
1778927329,46086,18.293,16.1367,1,0,NaN,1,df,nondf,1,40,1,211,251,1093,1156,648,633,0,0,99876,350,NaN,NaN,NaN,NaN,NaN,NaN,0,0,0,0,0,0,0,0,105612,105150,47372
1778927389,46146,18.293,16.1367,1,0,NaN,1,df,nondf,1,40,1,223,210,1138,1108,669,669,0,0,99938,530,NaN,NaN,NaN,NaN,NaN,NaN,0,0,0,0,0,0,0,0,105762,105300,47384
1778927450,46207,18.2734,16.2227,1,0,NaN,1,df,nondf,1,40,1,222,240,1055,1169,588,666,0,0,100137,581,NaN,NaN,NaN,NaN,NaN,NaN,0,0,0,0,0,0,0,0,105862,105400,47385
1778927511,46268,18.2383,16.2734,1,0,NaN,1,df,nondf,1,40,1,269,240,1258,1307,699,804,0,0,100348,631,NaN,NaN,NaN,NaN,NaN,NaN,0,0,0,0,0,0,0,0,106109,105600,47385
1778927572,46329,18.2812,16.3359,1,0,NaN,1,df,nondf,1,40,1,268,244,1268,1312,711,801,0,0,100559,635,NaN,NaN,NaN,NaN,NaN,NaN,0,0,0,0,0,0,0,0,106162,105650,47386
1778927633,46390,18.2148,16.4141,1,0,NaN,1,df,nondf,1,40,1,266,246,1272,1214,717,699,0,0,100776,637,NaN,NaN,NaN,NaN,NaN,NaN,0,0,0,0,0,0,0,0,106312,105800,47386
1778927694,46451,18.293,16.375,1,0,NaN,1,df,nondf,1,40,1,219,243,1181,1166,720,657,0,0,100784,833,NaN,NaN,NaN,NaN,NaN,NaN,0,0,0,0,0,0,0,0,106362,105900,47389
1778927754,46511,18.2852,16.375,1,0,NaN,1,df,nondf,1,40,1,197,192,985,1067,570,660,0,0,100885,933,NaN,NaN,NaN,NaN,NaN,NaN,0,0,0,0,0,0,0,0,106462,106050,47390
1778927817,46574,18.1875,1.762,1,NaN,NaN,NaN,df,df,0,40,0,270,242,563,507,0,0,0,0,101085,NaN,NaN,NaN,NaN,NaN,NaN,NaN,0,NaN,0,NaN,0,NaN,0,NaN,106612,106100,47590
1778927879,46636,18.1875,1.938,1,NaN,NaN,NaN,df,df,0,40,0,214,198,449,421,0,0,0,0,101135,NaN,NaN,NaN,NaN,NaN,NaN,NaN,0,NaN,0,NaN,0,NaN,0,NaN,106712,106300,47690
1778927940,46697,18.1875,1.676,1,NaN,NaN,NaN,df,df,0,40,0,220,192,463,407,0,0,0,0,101271,NaN,NaN,NaN,NaN,NaN,NaN,NaN,0,NaN,0,NaN,0,NaN,0,NaN,106812,106400,47890
1778928002,46759,18.1875,1.68,1,NaN,NaN,NaN,df,df,0,40,0,270,192,563,407,0,0,0,0,101383,NaN,NaN,NaN,NaN,NaN,NaN,NaN,0,NaN,0,NaN,0,NaN,0,NaN,107012,106550,47990
1778928064,46821,18.1875,1.75,1,NaN,NaN,NaN,df,df,0,40,0,236,275,493,575,0,0,0,0,101483,NaN,NaN,NaN,NaN,NaN,NaN,NaN,0,NaN,0,NaN,0,NaN,0,NaN,107211,106700,48040
1778928126,46883,18.1875,1.68,1,NaN,NaN,NaN,df,df,0,40,0,268,194,559,411,0,0,0,0,101578,NaN,NaN,NaN,NaN,NaN,NaN,NaN,0,NaN,0,NaN,0,NaN,0,NaN,107262,106800,48190
1778928188,46945,18.1875,3.629,1,NaN,NaN,NaN,df,df,0,40,0,217,214,457,447,0,0,0,0,101682,NaN,NaN,NaN,NaN,NaN,NaN,NaN,0,NaN,0,NaN,0,NaN,0,NaN,107312,106850,48390
1778928250,47007,18.1875,1.746,1,NaN,NaN,NaN,df,df,0,40,0,217,212,457,445,0,0,0,0,101732,NaN,NaN,NaN,NaN,NaN,NaN,NaN,0,NaN,0,NaN,0,NaN,0,NaN,107462,107000,48490
1778928312,47069,18.1875,1.684,1,NaN,NaN,NaN,df,df,0,40,0,223,245,471,513,0,0,0,0,101832,NaN,NaN,NaN,NaN,NaN,NaN,NaN,0,NaN,0,NaN,0,NaN,0,NaN,107612,107150,48590
1778928373,47130,18.1875,1.68,1,NaN,NaN,NaN,df,df,0,40,0,265,247,553,517,0,0,0,0,102017,NaN,NaN,NaN,NaN,NaN,NaN,NaN,0,NaN,0,NaN,0,NaN,0,NaN,107762,107250,48740
1778928437,47194,18.1875,15.8906,1,0,NaN,1,df,nondf,1,41,1,214,248,574,1161,123,642,0,0,102129,98,NaN,NaN,NaN,NaN,NaN,NaN,0,0,0,0,0,0,0,0,107912,107450,48790
1778928497,47254,18.25,16.5273,1,0,NaN,1,df,nondf,1,41,1,258,254,828,1305,291,774,0,0,102334,107,NaN,NaN,NaN,NaN,NaN,NaN,0,0,0,0,0,0,0,0,108062,107550,48792
1778928558,47315,18.25,16.9766,1,0,NaN,1,df,nondf,1,41,1,252,230,939,1238,411,756,0,0,102417,214,NaN,NaN,NaN,NaN,NaN,NaN,0,0,0,0,0,0,0,0,108112,107600,48836
1778928619,47376,18.2695,17.3789,1,0,NaN,1,df,nondf,1,41,1,229,241,978,1313,498,807,0,0,102584,295,NaN,NaN,NaN,NaN,NaN,NaN,0,0,0,0,0,0,0,0,108310,107800,48855
1778928680,47437,18.2773,17.5938,1,0,NaN,1,df,nondf,1,41,1,235,277,1146,1280,651,702,0,0,102750,381,NaN,NaN,NaN,NaN,NaN,NaN,0,0,0,0,0,0,0,0,108462,107950,48870
1778928741,47498,18.3477,17.5898,1,0,NaN,1,df,nondf,1,41,1,135,127,619,683,324,405,0,0,102818,431,NaN,NaN,NaN,NaN,NaN,NaN,0,0,0,0,0,0,0,0,108512,108250,48870
1778928801,47558,18.3477,17.5898,1,0,NaN,1,df,nondf,1,41,1,139,123,670,684,369,414,0,0,102860,627,NaN,NaN,NaN,NaN,NaN,NaN,0,0,0,0,0,0,0,0,108662,108400,48874
1778928862,47619,18.3477,17.5898,1,0,NaN,1,df,nondf,1,41,1,190,179,929,953,525,570,0,0,103005,778,NaN,NaN,NaN,NaN,NaN,NaN,0,0,0,0,0,0,0,0,108812,108450,48875
1778928923,47680,18.1875,17.7461,1,0,NaN,1,df,nondf,1,41,1,241,268,1304,1280,798,723,0,0,103106,999,NaN,NaN,NaN,NaN,NaN,NaN,0,0,0,0,0,0,0,0,109059,108550,48875
1778928984,47741,18.2656,17.8008,1,0,NaN,1,df,nondf,1,41,1,195,217,1061,1165,648,708,0,0,103160,1121,NaN,NaN,NaN,NaN,NaN,NaN,0,0,0,0,0,0,0,0,109112,108700,48877
1778929046,47803,18.1172,1.719,1,NaN,NaN,NaN,df,df,0,41,0,145,209,313,439,0,0,0,0,103260,NaN,NaN,NaN,NaN,NaN,NaN,NaN,0,NaN,0,NaN,0,NaN,0,NaN,109260,108900,48977
1778929108,47865,18.1172,1.707,1,NaN,NaN,NaN,df,df,0,41,0,155,165,335,353,0,0,0,0,103410,NaN,NaN,NaN,NaN,NaN,NaN,NaN,0,NaN,0,NaN,0,NaN,0,NaN,109460,109150,49027
1778929170,47927,18.1172,1.738,1,NaN,NaN,NaN,df,df,0,41,0,145,217,313,457,0,0,0,0,103560,NaN,NaN,NaN,NaN,NaN,NaN,NaN,0,NaN,0,NaN,0,NaN,0,NaN,109662,109300,49127
1778929232,47989,18.1172,1.723,1,NaN,NaN,NaN,df,df,0,41,0,148,167,319,357,0,0,0,0,103710,NaN,NaN,NaN,NaN,NaN,NaN,NaN,0,NaN,0,NaN,0,NaN,0,NaN,109812,109500,49227
1778929293,48050,18.1172,1.938,1,NaN,NaN,NaN,df,df,0,41,0,246,216,515,455,0,0,0,0,103861,NaN,NaN,NaN,NaN,NaN,NaN,NaN,0,NaN,0,NaN,0,NaN,0,NaN,110112,109650,49277
1778929355,48112,18.1172,1.719,1,NaN,NaN,NaN,df,df,0,41,0,246,266,515,556,0,0,0,0,104011,NaN,NaN,NaN,NaN,NaN,NaN,NaN,0,NaN,0,NaN,0,NaN,0,NaN,110312,109800,49377
1778929417,48174,18.1172,1.707,1,NaN,NaN,NaN,df,df,0,41,0,196,166,415,356,0,0,0,0,104063,NaN,NaN,NaN,NaN,NaN,NaN,NaN,0,NaN,0,NaN,0,NaN,0,NaN,110362,110000,49477
1778929479,48236,18.1172,2.004,1,NaN,NaN,NaN,df,df,0,41,0,198,180,419,380,0,0,0,0,104163,NaN,NaN,NaN,NaN,NaN,NaN,NaN,0,NaN,0,NaN,0,NaN,0,NaN,110512,110100,49627
1778929541,48298,18.1172,1.742,1,NaN,NaN,NaN,df,df,0,41,0,181,181,383,386,0,0,0,0,104213,NaN,NaN,NaN,NaN,NaN,NaN,NaN,0,NaN,0,NaN,0,NaN,0,NaN,110662,110300,49727
1778929603,48360,18.1172,1.699,1,NaN,NaN,NaN,df,df,0,41,0,193,169,407,364,0,0,0,0,104363,NaN,NaN,NaN,NaN,NaN,NaN,NaN,0,NaN,0,NaN,0,NaN,0,NaN,110812,110450,49877
1778929681,48438,18.1172,15.543,1,0,NaN,1,df,nondf,1,42,1,248,263,663,1293,144,744,0,0,104663,90,NaN,NaN,NaN,NaN,NaN,NaN,0,0,0,0,0,0,0,0,111061,110550,49927
1778929742,48499,18.1172,16.0781,1,0,NaN,1,df,nondf,1,42,1,236,270,984,1269,489,708,0,0,104751,203,NaN,NaN,NaN,NaN,NaN,NaN,0,0,0,0,0,0,0,0,111162,110650,49962
1778929803,48560,18.1172,16.5586,1,0,NaN,1,df,nondf,1,42,1,163,199,787,893,438,474,0,0,104827,301,NaN,NaN,NaN,NaN,NaN,NaN,0,0,0,0,0,0,0,0,111262,110900,49982
1778929863,48620,18.0508,16.5547,1,0,NaN,1,df,nondf,1,42,1,223,189,985,1066,516,669,0,0,104988,413,NaN,NaN,NaN,NaN,NaN,NaN,0,0,0,0,0,0,0,0,111409,111000,50004
1778929924,48681,18.0586,16.5781,1,0,NaN,1,df,nondf,1,42,1,273,239,1194,1320,627,819,0,0,105202,466,NaN,NaN,NaN,NaN,NaN,NaN,0,0,0,0,0,0,0,0,111562,111050,50004
1778929985,48742,18,16.6914,1,0,NaN,1,df,nondf,1,42,1,229,233,1106,1175,624,687,0,0,105345,528,NaN,NaN,NaN,NaN,NaN,NaN,0,0,0,0,0,0,0,0,111612,111150,50009
1778930046,48803,18.0234,16.9414,1,0,NaN,1,df,nondf,1,42,1,235,263,1286,1253,792,705,0,0,105451,654,NaN,NaN,NaN,NaN,NaN,NaN,0,0,0,0,0,0,0,0,111762,111250,50016
1778930107,48864,18.0234,16.957,1,0,NaN,1,df,nondf,1,42,1,188,224,1048,1036,648,564,0,0,105604,701,NaN,NaN,NaN,NaN,NaN,NaN,0,0,0,0,0,0,0,0,111862,111450,50019
1778930167,48924,18.0547,16.7461,1,0,NaN,1,df,nondf,1,42,1,243,269,1309,1289,798,729,0,0,105709,883,NaN,NaN,NaN,NaN,NaN,NaN,0,0,0,0,0,0,0,0,112012,111500,50024
1778930228,48985,18.1484,17.0742,1,0,NaN,1,df,nondf,1,42,1,246,266,1309,1291,792,735,0,0,105762,1043,NaN,NaN,NaN,NaN,NaN,NaN,0,0,0,0,0,0,0,0,112062,111550,50026
1778930291,49048,18.0781,1.734,1,NaN,NaN,NaN,df,df,0,42,0,247,229,518,485,0,0,0,0,105813,NaN,NaN,NaN,NaN,NaN,NaN,NaN,0,NaN,0,NaN,0,NaN,0,NaN,112162,111700,50126
1778930352,49109,18.0781,1.715,1,NaN,NaN,NaN,df,df,0,42,0,233,265,492,553,0,0,0,0,105881,NaN,NaN,NaN,NaN,NaN,NaN,NaN,0,NaN,0,NaN,0,NaN,0,NaN,112262,111800,50226
1778930414,49171,18.0781,1.723,1,NaN,NaN,NaN,df,df,0,42,0,247,247,518,522,0,0,0,0,106063,NaN,NaN,NaN,NaN,NaN,NaN,NaN,0,NaN,0,NaN,0,NaN,0,NaN,112512,112050,50226
1778930476,49233,18.0547,1.781,1,NaN,NaN,NaN,df,df,0,42,0,247,255,517,532,0,0,0,0,106163,NaN,NaN,NaN,NaN,NaN,NaN,NaN,0,NaN,0,NaN,0,NaN,0,NaN,112610,112100,50426
1778930538,49295,18.0547,1.719,1,NaN,NaN,NaN,df,df,0,42,0,247,239,517,504,0,0,0,0,106263,NaN,NaN,NaN,NaN,NaN,NaN,NaN,0,NaN,0,NaN,0,NaN,0,NaN,112710,112250,50576
1778930600,49357,18.0547,1.715,1,NaN,NaN,NaN,df,df,0,42,0,279,213,579,450,0,0,0,0,106413,NaN,NaN,NaN,NaN,NaN,NaN,NaN,0,NaN,0,NaN,0,NaN,0,NaN,112960,112450,50626
1778930662,49419,18.0547,1.715,1,NaN,NaN,NaN,df,df,0,42,0,290,221,605,462,0,0,0,0,106547,NaN,NaN,NaN,NaN,NaN,NaN,NaN,0,NaN,0,NaN,0,NaN,0,NaN,113111,112600,50726
1778930723,49480,18.0547,2.051,1,NaN,NaN,NaN,df,df,0,42,0,243,219,507,463,0,0,0,0,106663,NaN,NaN,NaN,NaN,NaN,NaN,NaN,0,NaN,0,NaN,0,NaN,0,NaN,113212,112750,50876
1778930785,49542,18.0547,2,1,NaN,NaN,NaN,df,df,0,42,0,201,261,423,547,0,0,0,0,106763,NaN,NaN,NaN,NaN,NaN,NaN,NaN,0,NaN,0,NaN,0,NaN,0,NaN,113362,112900,50976
1778930847,49604,18.0547,1.719,1,NaN,NaN,NaN,df,df,0,42,0,156,167,333,357,0,0,0,0,106911,NaN,NaN,NaN,NaN,NaN,NaN,NaN,0,NaN,0,NaN,0,NaN,0,NaN,113462,113100,51126
1778930910,49667,18.0547,13.6797,1,0,NaN,1,df,nondf,1,43,1,155,142,591,768,258,465,0,0,107021,140,NaN,NaN,NaN,NaN,NaN,NaN,0,0,0,0,0,0,0,0,113612,113300,51186
1778930971,49728,18.0547,13.6797,1,0,NaN,1,df,nondf,1,43,1,89,124,522,547,321,276,0,0,107104,257,NaN,NaN,NaN,NaN,NaN,NaN,0,0,0,0,0,0,0,0,113662,113450,51219
1778931032,49789,18.0547,14.9609,1,0,NaN,1,df,nondf,1,43,1,194,218,1029,1041,618,582,0,0,107260,451,NaN,NaN,NaN,NaN,NaN,NaN,0,0,0,0,0,0,0,0,113862,113450,51225
1778931093,49850,18.1719,15.5469,1,0,NaN,1,df,nondf,1,43,1,253,209,1150,1200,621,759,0,0,107319,642,NaN,NaN,NaN,NaN,NaN,NaN,0,0,0,0,0,0,0,0,114012,113550,51231
1778931153,49910,18.1719,15.6523,1,0,NaN,1,df,nondf,1,43,1,204,158,903,951,474,612,0,0,107366,791,NaN,NaN,NaN,NaN,NaN,NaN,0,0,0,0,0,0,0,0,114112,113750,51234
1778931214,49971,18.1719,15.6523,1,0,NaN,1,df,nondf,1,43,1,204,158,959,951,528,612,0,0,107520,891,NaN,NaN,NaN,NaN,NaN,NaN,0,0,0,0,0,0,0,0,114362,114000,51234
1778931275,50032,18.1719,15.6641,1,0,NaN,1,df,nondf,1,43,1,157,155,802,802,465,471,0,0,107623,1022,NaN,NaN,NaN,NaN,NaN,NaN,0,0,0,0,0,0,0,0,114512,114200,51234
1778931336,50093,18.1719,15.6211,1,0,NaN,1,df,nondf,1,43,1,258,254,1301,1305,762,774,0,0,107779,1187,NaN,NaN,NaN,NaN,NaN,NaN,0,0,0,0,0,0,0,0,114762,114250,51238
1778931397,50154,18.1133,15.8516,1,0,NaN,1,df,nondf,1,43,1,209,203,1052,1056,609,627,0,0,107886,1236,NaN,NaN,NaN,NaN,NaN,NaN,0,0,0,0,0,0,0,0,114762,114350,51239
1778931458,50215,17.9961,15.8945,1,0,NaN,1,df,nondf,1,43,1,209,203,1050,1056,609,627,0,0,107975,1386,NaN,NaN,NaN,NaN,NaN,NaN,0,0,0,0,0,0,0,0,114862,114450,51239
1778931520,50277,17.9023,1.734,1,NaN,NaN,NaN,df,df,0,43,0,205,237,433,495,0,0,0,0,108121,NaN,NaN,NaN,NaN,NaN,NaN,NaN,0,NaN,0,NaN,0,NaN,0,NaN,115110,114650,51239
1778931582,50339,17.8906,1.754,1,NaN,NaN,NaN,df,df,0,43,0,173,237,367,499,0,0,0,0,108221,NaN,NaN,NaN,NaN,NaN,NaN,NaN,0,NaN,0,NaN,0,NaN,0,NaN,115160,114750,51439
1778931643,50400,17.8906,1.734,1,NaN,NaN,NaN,df,df,0,43,0,213,255,447,533,0,0,0,0,108422,NaN,NaN,NaN,NaN,NaN,NaN,NaN,0,NaN,0,NaN,0,NaN,0,NaN,115361,114850,51539
1778931705,50462,17.8906,1.984,1,NaN,NaN,NaN,df,df,0,43,0,207,220,437,461,0,0,0,0,108573,NaN,NaN,NaN,NaN,NaN,NaN,NaN,0,NaN,0,NaN,0,NaN,0,NaN,115412,114950,51739
1778931767,50524,17.8906,1.871,1,NaN,NaN,NaN,df,df,0,43,0,157,221,337,463,0,0,0,0,108673,NaN,NaN,NaN,NaN,NaN,NaN,NaN,0,NaN,0,NaN,0,NaN,0,NaN,115562,115150,51839
1778931829,50586,17.8906,1.73,1,NaN,NaN,NaN,df,df,0,43,0,178,205,379,433,0,0,0,0,108725,NaN,NaN,NaN,NaN,NaN,NaN,NaN,0,NaN,0,NaN,0,NaN,0,NaN,115762,115400,51889
1778931891,50648,17.8906,2.113,1,NaN,NaN,NaN,df,df,0,43,0,234,277,489,579,0,0,0,0,108873,NaN,NaN,NaN,NaN,NaN,NaN,NaN,0,NaN,0,NaN,0,NaN,0,NaN,115961,115450,52039
1778931953,50710,17.8906,1.734,1,NaN,NaN,NaN,df,df,0,43,0,247,265,517,551,0,0,0,0,109004,NaN,NaN,NaN,NaN,NaN,NaN,NaN,0,NaN,0,NaN,0,NaN,0,NaN,116012,115500,52239
1778932014,50771,17.8906,1.801,1,NaN,NaN,NaN,df,df,0,43,0,255,257,533,537,0,0,0,0,109121,NaN,NaN,NaN,NaN,NaN,NaN,NaN,0,NaN,0,NaN,0,NaN,0,NaN,116162,115650,52389
1778932076,50833,17.8906,1.73,1,NaN,NaN,NaN,df,df,0,43,0,205,255,433,533,0,0,0,0,109221,NaN,NaN,NaN,NaN,NaN,NaN,NaN,0,NaN,0,NaN,0,NaN,0,NaN,116310,115850,52489
1778932139,50896,17.8867,15.7461,1,0,NaN,1,df,nondf,1,44,1,195,167,522,933,108,576,0,0,109361,62,NaN,NaN,NaN,NaN,NaN,NaN,0,0,0,0,0,0,0,0,116412,116050,52577
1778932200,50957,17.8867,16.0039,1,0,NaN,1,df,nondf,1,44,1,162,150,681,797,333,474,0,0,109478,183,NaN,NaN,NaN,NaN,NaN,NaN,0,0,0,0,0,0,0,0,116612,116300,52577
1778932261,51018,17.9492,16.3125,1,0,NaN,1,df,nondf,1,44,1,183,179,922,930,534,549,0,0,109551,374,NaN,NaN,NaN,NaN,NaN,NaN,0,0,0,0,0,0,0,0,116712,116350,52615
1778932322,51079,18.1992,16.6055,1,0,NaN,1,df,nondf,1,44,1,236,226,1141,1180,645,705,0,0,109690,521,NaN,NaN,NaN,NaN,NaN,NaN,0,0,0,0,0,0,0,0,116862,116400,52618
1778932383,51140,18.2031,16.8281,1,0,NaN,1,df,nondf,1,44,1,140,172,805,788,501,420,0,0,109756,620,NaN,NaN,NaN,NaN,NaN,NaN,0,0,0,0,0,0,0,0,116962,116650,52622
1778932444,51201,18.1602,16.7617,1,0,NaN,1,df,nondf,1,44,1,191,216,982,1033,576,573,0,0,109857,808,NaN,NaN,NaN,NaN,NaN,NaN,0,0,0,0,0,0,0,0,117112,116700,52625
1778932505,51262,18.1172,16.8281,1,0,NaN,1,df,nondf,1,44,1,241,271,1310,1287,804,723,0,0,110007,940,NaN,NaN,NaN,NaN,NaN,NaN,0,0,0,0,0,0,0,0,117262,116750,52625
1778932565,51322,18.1914,17.0391,1,0,NaN,1,df,nondf,1,44,1,243,269,1311,1289,801,729,0,0,110059,1068,NaN,NaN,NaN,NaN,NaN,NaN,0,0,0,0,0,0,0,0,117362,116850,52626
1778932626,51383,17.9961,17.082,1,0,NaN,1,df,nondf,1,44,1,196,216,1061,1042,645,588,0,0,110112,1208,NaN,NaN,NaN,NaN,NaN,NaN,0,0,0,0,0,0,0,0,117412,117000,52629
1778932687,51444,18.2109,17.0898,1,0,NaN,1,df,nondf,1,44,1,196,216,1060,1041,645,588,0,0,110262,1282,NaN,NaN,NaN,NaN,NaN,NaN,0,0,0,0,0,0,0,0,117462,117050,52629
1778932749,51506,18.1172,1.746,1,NaN,NaN,NaN,df,df,0,44,0,264,248,551,519,0,0,0,0,110420,NaN,NaN,NaN,NaN,NaN,NaN,NaN,0,NaN,0,NaN,0,NaN,0,NaN,117662,117150,52685
1778932811,51568,18.1172,1.75,1,NaN,NaN,NaN,df,df,0,44,0,206,206,435,435,0,0,0,0,110458,NaN,NaN,NaN,NaN,NaN,NaN,NaN,0,NaN,0,NaN,0,NaN,0,NaN,117812,117400,52735
1778932873,51630,18.0508,1.75,1,NaN,NaN,NaN,df,df,0,44,0,129,183,281,389,0,0,0,0,110572,NaN,NaN,NaN,NaN,NaN,NaN,NaN,0,NaN,0,NaN,0,NaN,0,NaN,117912,117600,52835
1778932935,51692,18.0508,1.75,1,NaN,NaN,NaN,df,df,0,44,0,243,206,509,435,0,0,0,0,110792,NaN,NaN,NaN,NaN,NaN,NaN,NaN,0,NaN,0,NaN,0,NaN,0,NaN,118062,117650,53035
1778932997,51754,18.0508,1.75,1,NaN,NaN,NaN,df,df,0,44,0,225,287,473,598,0,0,0,0,110922,NaN,NaN,NaN,NaN,NaN,NaN,NaN,0,NaN,0,NaN,0,NaN,0,NaN,118312,117800,53085
1778933059,51816,18.0508,1.75,1,NaN,NaN,NaN,df,df,0,44,0,233,255,491,534,0,0,0,0,111082,NaN,NaN,NaN,NaN,NaN,NaN,NaN,0,NaN,0,NaN,0,NaN,0,NaN,118412,117950,53235
1778933120,51877,18.0508,3.613,1,NaN,NaN,NaN,df,df,0,44,0,194,216,409,458,0,0,0,0,111271,NaN,NaN,NaN,NaN,NaN,NaN,NaN,0,NaN,0,NaN,0,NaN,0,NaN,118560,118150,53335
1778933182,51939,18.0508,1.801,1,NaN,NaN,NaN,df,df,0,44,0,253,219,529,460,0,0,0,0,111469,NaN,NaN,NaN,NaN,NaN,NaN,NaN,0,NaN,0,NaN,0,NaN,0,NaN,118708,118200,53535
1778933244,52001,18.0508,1.766,1,NaN,NaN,NaN,df,df,0,44,0,222,240,467,502,0,0,0,0,111579,NaN,NaN,NaN,NaN,NaN,NaN,NaN,0,NaN,0,NaN,0,NaN,0,NaN,118862,118400,53635
1778933306,52063,18.0391,1.758,1,NaN,NaN,NaN,df,df,0,44,0,207,241,437,503,0,0,0,0,111673,NaN,NaN,NaN,NaN,NaN,NaN,NaN,0,NaN,0,NaN,0,NaN,0,NaN,118912,118450,53835
1778933369,52126,18.082,16.0586,1,0,NaN,1,df,nondf,1,45,1,276,233,935,1312,360,825,0,0,111791,172,NaN,NaN,NaN,NaN,NaN,NaN,0,0,0,0,0,0,0,0,119109,118600,53835
1778933430,52187,18.0625,16.7422,1,0,NaN,1,df,nondf,1,45,1,229,233,850,1254,369,765,0,0,111945,178,NaN,NaN,NaN,NaN,NaN,NaN,0,0,0,0,0,0,0,0,119112,118650,53860
1778933491,52248,18.1328,16.8594,1,0,NaN,1,df,nondf,1,45,1,268,244,1076,1315,519,804,0,0,112092,289,NaN,NaN,NaN,NaN,NaN,NaN,0,0,0,0,0,0,0,0,119212,118700,53900
1778933552,52309,18.2031,17.1133,1,0,NaN,1,df,nondf,1,45,1,228,234,1007,1173,528,684,0,0,112244,336,NaN,NaN,NaN,NaN,NaN,NaN,0,0,0,0,0,0,0,0,119312,118850,53913
1778933612,52369,18.0977,17.1914,1,0,NaN,1,df,nondf,1,45,1,248,219,1086,1201,567,744,0,0,112364,459,NaN,NaN,NaN,NaN,NaN,NaN,0,0,0,0,0,0,0,0,119412,118950,53933
1778933673,52430,18.0938,17.1914,1,0,NaN,1,df,nondf,1,45,1,230,256,1172,1252,693,717,0,0,112522,551,NaN,NaN,NaN,NaN,NaN,NaN,0,0,0,0,0,0,0,0,119612,119100,53941
1778933734,52491,18.1641,17.4492,1,0,NaN,1,df,nondf,1,45,1,206,206,1029,1053,594,618,0,0,112672,601,NaN,NaN,NaN,NaN,NaN,NaN,0,0,0,0,0,0,0,0,119762,119350,53941
1778933795,52552,18.1836,17.5078,1,0,NaN,1,df,nondf,1,45,1,208,203,1007,1049,567,621,0,0,112825,694,NaN,NaN,NaN,NaN,NaN,NaN,0,0,0,0,0,0,0,0,119861,119450,53946
1778933856,52613,18.1836,17.5078,1,0,NaN,1,df,nondf,1,45,1,109,152,677,647,435,321,0,0,112926,761,NaN,NaN,NaN,NaN,NaN,NaN,0,0,0,0,0,0,0,0,119961,119700,53947
1778933917,52674,18.1836,17.4531,1,0,NaN,1,df,nondf,1,45,1,210,201,1030,1056,588,630,0,0,113070,946,NaN,NaN,NaN,NaN,NaN,NaN,0,0,0,0,0,0,0,0,120211,119800,53950
1778933979,52736,18.1094,1.766,1,NaN,NaN,NaN,df,df,0,45,0,142,153,310,330,0,0,0,0,113191,NaN,NaN,NaN,NaN,NaN,NaN,NaN,0,NaN,0,NaN,0,NaN,0,NaN,120211,119950,54152
1778934041,52798,18.1094,1.766,1,NaN,NaN,NaN,df,df,0,45,0,108,153,240,330,0,0,0,0,113325,NaN,NaN,NaN,NaN,NaN,NaN,NaN,0,NaN,0,NaN,0,NaN,0,NaN,120411,120150,54252
1778934103,52860,18.1094,1.766,1,NaN,NaN,NaN,df,df,0,45,0,208,214,440,447,0,0,0,0,113475,NaN,NaN,NaN,NaN,NaN,NaN,NaN,0,NaN,0,NaN,0,NaN,0,NaN,120761,120300,54252
1778934165,52922,18.1094,1.797,1,NaN,NaN,NaN,df,df,0,45,0,256,206,536,433,0,0,0,0,113613,NaN,NaN,NaN,NaN,NaN,NaN,NaN,0,NaN,0,NaN,0,NaN,0,NaN,120912,120450,54402
1778934226,52983,18.1094,1.773,1,NaN,NaN,NaN,df,df,0,45,0,167,245,356,515,0,0,0,0,113725,NaN,NaN,NaN,NaN,NaN,NaN,NaN,0,NaN,0,NaN,0,NaN,0,NaN,120962,120550,54552
1778934288,53045,18.1094,1.766,1,NaN,NaN,NaN,df,df,0,45,0,188,254,402,531,0,0,0,0,113887,NaN,NaN,NaN,NaN,NaN,NaN,NaN,0,NaN,0,NaN,0,NaN,0,NaN,121112,120700,54702
1778934350,53107,18.1094,1.766,1,NaN,NaN,NaN,df,df,0,45,0,198,214,418,454,0,0,0,0,113975,NaN,NaN,NaN,NaN,NaN,NaN,NaN,0,NaN,0,NaN,0,NaN,0,NaN,121312,120900,54752
1778934412,53169,18.1094,1.801,1,NaN,NaN,NaN,df,df,0,45,0,258,254,539,532,0,0,0,0,114125,NaN,NaN,NaN,NaN,NaN,NaN,NaN,0,NaN,0,NaN,0,NaN,0,NaN,121512,121000,54852
1778934474,53231,18.1094,1.855,1,NaN,NaN,NaN,df,df,0,45,0,258,254,539,532,0,0,0,0,114275,NaN,NaN,NaN,NaN,NaN,NaN,NaN,0,NaN,0,NaN,0,NaN,0,NaN,121562,121050,55052
1778934536,53293,18.1094,1.793,1,NaN,NaN,NaN,df,df,0,45,0,208,304,439,632,0,0,0,0,114425,NaN,NaN,NaN,NaN,NaN,NaN,NaN,0,NaN,0,NaN,0,NaN,0,NaN,121712,121200,55102
1778934599,53356,18.1094,13.9922,1,0,NaN,1,df,nondf,1,46,1,164,204,499,981,150,549,0,0,114575,50,NaN,NaN,NaN,NaN,NaN,NaN,0,0,0,0,0,0,0,0,121812,121400,55202
1778934660,53417,18.1094,14.4844,1,0,NaN,1,df,nondf,1,46,1,183,179,776,930,387,549,0,0,114700,175,NaN,NaN,NaN,NaN,NaN,NaN,0,0,0,0,0,0,0,0,122012,121650,55227
1778934721,53478,18.1094,15.5781,1,0,NaN,1,df,nondf,1,46,1,135,151,678,808,387,483,0,0,114778,297,NaN,NaN,NaN,NaN,NaN,NaN,0,0,0,0,0,0,0,0,122062,121750,55255
1778934781,53538,18.0586,15.5859,1,0,NaN,1,df,nondf,1,46,1,218,194,994,1065,537,654,0,0,114986,390,NaN,NaN,NaN,NaN,NaN,NaN,0,0,0,0,0,0,0,0,122262,121850,55262
1778934842,53599,18.2266,15.8125,1,0,NaN,1,df,nondf,1,46,1,218,194,1008,933,549,654,0,0,115135,490,NaN,NaN,NaN,NaN,NaN,NaN,0,0,0,0,0,0,0,0,122462,122050,55262
1778934903,53660,18.2109,16.2695,1,0,NaN,1,df,nondf,1,46,1,169,156,847,840,486,507,0,0,115236,589,NaN,NaN,NaN,NaN,NaN,NaN,0,0,0,0,0,0,0,0,122562,122200,55267
1778934964,53721,18.2109,16.2656,1,0,NaN,1,df,nondf,1,46,1,219,243,1178,1166,717,657,0,0,115386,743,NaN,NaN,NaN,NaN,NaN,NaN,0,0,0,0,0,0,0,0,122762,122300,55267
1778935025,53782,18.2344,16.3828,1,0,NaN,1,df,nondf,1,46,1,218,243,1179,1163,720,654,0,0,115535,839,NaN,NaN,NaN,NaN,NaN,NaN,0,0,0,0,0,0,0,0,122911,122450,55267
1778935085,53842,18.25,16.3242,1,0,NaN,1,df,nondf,1,46,1,217,245,1183,1164,726,651,0,0,115584,991,NaN,NaN,NaN,NaN,NaN,NaN,0,0,0,0,0,0,0,0,123012,122550,55267
1778935146,53903,18.25,16.5078,1,0,NaN,1,df,nondf,1,46,1,217,245,1186,1159,729,648,0,0,115734,1081,NaN,NaN,NaN,NaN,NaN,NaN,0,0,0,0,0,0,0,0,123062,122600,55268
1778935209,53966,18.25,1.863,1,NaN,NaN,NaN,df,df,0,46,0,222,290,467,603,0,0,0,0,115889,NaN,NaN,NaN,NaN,NaN,NaN,NaN,0,NaN,0,NaN,0,NaN,0,NaN,123112,122600,55524
1778935270,54027,18.25,1.785,1,NaN,NaN,NaN,df,df,0,46,0,231,242,483,507,0,0,0,0,116037,NaN,NaN,NaN,NaN,NaN,NaN,NaN,0,NaN,0,NaN,0,NaN,0,NaN,123212,122700,55674
1778935332,54089,18.25,1.789,1,NaN,NaN,NaN,df,df,0,46,0,252,210,527,443,0,0,0,0,116187,NaN,NaN,NaN,NaN,NaN,NaN,NaN,0,NaN,0,NaN,0,NaN,0,NaN,123362,122900,55774
1778935394,54151,18.25,1.785,1,NaN,NaN,NaN,df,df,0,46,0,188,192,399,407,0,0,0,0,116337,NaN,NaN,NaN,NaN,NaN,NaN,NaN,0,NaN,0,NaN,0,NaN,0,NaN,123462,123050,55924
1778935456,54213,18.25,1.785,1,NaN,NaN,NaN,df,df,0,46,0,164,142,351,307,0,0,0,0,116463,NaN,NaN,NaN,NaN,NaN,NaN,NaN,0,NaN,0,NaN,0,NaN,0,NaN,123562,123300,56024
1778935518,54275,18.25,1.781,1,NaN,NaN,NaN,df,df,0,46,0,227,243,477,509,0,0,0,0,116636,NaN,NaN,NaN,NaN,NaN,NaN,NaN,0,NaN,0,NaN,0,NaN,0,NaN,123862,123350,56124
1778935580,54337,18.25,1.789,1,NaN,NaN,NaN,df,df,0,46,0,269,238,561,503,0,0,0,0,116786,NaN,NaN,NaN,NaN,NaN,NaN,NaN,0,NaN,0,NaN,0,NaN,0,NaN,124012,123500,56224
1778935641,54398,18.25,1.781,1,NaN,NaN,NaN,df,df,0,46,0,250,210,523,441,0,0,0,0,116958,NaN,NaN,NaN,NaN,NaN,NaN,NaN,0,NaN,0,NaN,0,NaN,0,NaN,124110,123650,56324
1778935703,54460,18.25,1.785,1,NaN,NaN,NaN,df,df,0,46,0,226,243,477,509,0,0,0,0,117134,NaN,NaN,NaN,NaN,NaN,NaN,NaN,0,NaN,0,NaN,0,NaN,0,NaN,124260,123800,56474
1778935765,54522,18.25,1.785,1,NaN,NaN,NaN,df,df,0,46,0,236,243,493,509,0,0,0,0,117334,NaN,NaN,NaN,NaN,NaN,NaN,NaN,0,NaN,0,NaN,0,NaN,0,NaN,124410,123900,56624
1778935828,54585,18.1914,14.5977,1,0,NaN,1,df,nondf,1,47,1,217,243,811,1160,354,651,0,0,117434,150,NaN,NaN,NaN,NaN,NaN,NaN,0,0,0,0,0,0,0,0,124660,124200,56624
1778935889,54646,18.168,16.207,1,0,NaN,1,df,nondf,1,47,1,249,211,882,1189,363,744,0,0,117647,168,NaN,NaN,NaN,NaN,NaN,NaN,0,0,0,0,0,0,0,0,124710,124250,56656
1778935950,54707,18.1914,16.5508,1,0,NaN,1,df,nondf,1,47,1,223,239,982,1287,513,786,0,0,117790,246,NaN,NaN,NaN,NaN,NaN,NaN,0,0,0,0,0,0,0,0,124762,124300,56678
1778936011,54768,18.1758,16.9375,1,0,NaN,1,df,nondf,1,47,1,255,220,1194,1224,660,765,0,0,117872,364,NaN,NaN,NaN,NaN,NaN,NaN,0,0,0,0,0,0,0,0,124862,124350,56709
1778936072,54829,18.1758,17.0312,1,0,NaN,1,df,nondf,1,47,1,257,255,1231,1157,693,624,0,0,118024,462,NaN,NaN,NaN,NaN,NaN,NaN,0,0,0,0,0,0,0,0,125062,124550,56709
1778936133,54890,18.1562,16.9375,1,0,NaN,1,df,nondf,1,47,1,233,206,1057,1158,567,723,0,0,118173,463,NaN,NaN,NaN,NaN,NaN,NaN,0,0,0,0,0,0,0,0,125112,124650,56710
1778936194,54951,18.2148,17.0391,1,0,NaN,1,df,nondf,1,47,1,256,206,1102,1201,567,765,0,0,118406,464,NaN,NaN,NaN,NaN,NaN,NaN,0,0,0,0,0,0,0,0,125212,124750,56710
1778936254,55011,18.2109,17.1484,1,0,NaN,1,df,nondf,1,47,1,256,256,1252,1304,717,768,0,0,118583,514,NaN,NaN,NaN,NaN,NaN,NaN,0,0,0,0,0,0,0,0,125312,124800,56710
1778936315,55072,18.2852,17.1602,1,0,NaN,1,df,nondf,1,47,1,213,207,1033,1194,585,756,0,0,118722,515,NaN,NaN,NaN,NaN,NaN,NaN,0,0,0,0,0,0,0,0,125312,124850,56711
1778936376,55133,18.2852,17.1602,1,0,NaN,1,df,nondf,1,47,1,205,249,1169,1201,735,681,0,0,118872,612,NaN,NaN,NaN,NaN,NaN,NaN,0,0,0,0,0,0,0,0,125459,125000,56714
1778936438,55195,18.1094,1.742,1,NaN,NaN,NaN,df,df,0,47,0,191,204,404,432,0,0,0,0,119022,NaN,NaN,NaN,NaN,NaN,NaN,NaN,0,NaN,0,NaN,0,NaN,0,NaN,125609,125200,56814
1778936500,55257,18.1094,1.77,1,NaN,NaN,NaN,df,df,0,47,0,155,204,333,431,0,0,0,0,119122,NaN,NaN,NaN,NaN,NaN,NaN,NaN,0,NaN,0,NaN,0,NaN,0,NaN,125759,125400,56914
1778936562,55319,18.1094,1.816,1,NaN,NaN,NaN,df,df,0,47,0,255,206,533,435,0,0,0,0,119272,NaN,NaN,NaN,NaN,NaN,NaN,NaN,0,NaN,0,NaN,0,NaN,0,NaN,126011,125550,56964
1778936624,55381,18.1094,1.801,1,NaN,NaN,NaN,df,df,0,47,0,206,252,435,525,0,0,0,0,119423,NaN,NaN,NaN,NaN,NaN,NaN,NaN,0,NaN,0,NaN,0,NaN,0,NaN,126210,125750,57014
1778936686,55443,18.1094,1.797,1,NaN,NaN,NaN,df,df,0,47,0,256,256,535,535,0,0,0,0,119523,NaN,NaN,NaN,NaN,NaN,NaN,NaN,0,NaN,0,NaN,0,NaN,0,NaN,126362,125850,57064
1778936748,55505,18.1094,1.742,1,NaN,NaN,NaN,df,df,0,47,0,207,305,437,633,0,0,0,0,119624,NaN,NaN,NaN,NaN,NaN,NaN,NaN,0,NaN,0,NaN,0,NaN,0,NaN,126462,125950,57214
1778936811,55568,18.1094,2.012,1,NaN,NaN,NaN,df,df,0,47,0,212,299,445,624,0,0,0,0,119724,NaN,NaN,NaN,NaN,NaN,NaN,NaN,0,NaN,0,NaN,0,NaN,0,NaN,126511,126000,57364
1778936873,55630,18.1094,1.969,1,NaN,NaN,NaN,df,df,0,47,0,208,231,439,484,0,0,0,0,119825,NaN,NaN,NaN,NaN,NaN,NaN,NaN,0,NaN,0,NaN,0,NaN,0,NaN,126562,126100,57564
1778936935,55692,18.1094,1.773,1,NaN,NaN,NaN,df,df,0,47,0,208,253,439,530,0,0,0,0,119975,NaN,NaN,NaN,NaN,NaN,NaN,NaN,0,NaN,0,NaN,0,NaN,0,NaN,126661,126200,57764
1778936996,55753,18.1094,1.828,1,NaN,NaN,NaN,df,df,0,47,0,158,153,339,330,0,0,0,0,120025,NaN,NaN,NaN,NaN,NaN,NaN,NaN,0,NaN,0,NaN,0,NaN,0,NaN,126811,126500,57814
1778937060,55817,18.1094,15.1914,1,0,NaN,1,df,nondf,1,48,1,248,264,969,1288,450,738,0,0,120164,185,NaN,NaN,NaN,NaN,NaN,NaN,0,0,0,0,0,0,0,0,127062,126550,57842
1778937120,55877,18.1094,16.1289,1,0,NaN,1,df,nondf,1,48,1,232,230,935,1179,450,696,0,0,120302,227,NaN,NaN,NaN,NaN,NaN,NaN,0,0,0,0,0,0,0,0,127112,126650,57888
1778937181,55938,18.168,16.1484,1,0,NaN,1,df,nondf,1,48,1,202,210,960,1041,531,600,0,0,120369,381,NaN,NaN,NaN,NaN,NaN,NaN,0,0,0,0,0,0,0,0,127212,126800,57903
1778937242,55999,18.168,16.2969,1,0,NaN,1,df,nondf,1,48,1,266,246,1237,1313,687,798,0,0,120551,493,NaN,NaN,NaN,NaN,NaN,NaN,0,0,0,0,0,0,0,0,127362,126850,57925
1778937303,56060,18.1953,16.3398,1,0,NaN,1,df,nondf,1,48,1,209,197,1017,1062,576,624,0,0,120632,594,NaN,NaN,NaN,NaN,NaN,NaN,0,0,0,0,0,0,0,0,127512,127100,57927
1778937364,56121,18.1914,16.3398,1,0,NaN,1,df,nondf,1,48,1,213,199,1037,1060,588,639,0,0,120830,646,NaN,NaN,NaN,NaN,NaN,NaN,0,0,0,0,0,0,0,0,127662,127250,57929
1778937425,56182,18.2031,16.3203,1,0,NaN,1,df,nondf,1,48,1,214,198,1111,1061,660,642,0,0,120881,845,NaN,NaN,NaN,NaN,NaN,NaN,0,0,0,0,0,0,0,0,127862,127450,57930
1778937486,56243,18.2031,16.6797,1,0,NaN,1,df,nondf,1,48,1,215,250,1201,1265,747,741,0,0,121080,897,NaN,NaN,NaN,NaN,NaN,NaN,0,0,0,0,0,0,0,0,127962,127500,57931
1778937546,56303,18.1523,16.6289,1,0,NaN,1,df,nondf,1,48,1,261,251,1293,1309,747,783,0,0,121229,998,NaN,NaN,NaN,NaN,NaN,NaN,0,0,0,0,0,0,0,0,128012,127500,57931
1778937607,56364,18.125,16.6445,1,0,NaN,1,df,nondf,1,48,1,164,151,808,816,456,492,0,0,121282,1095,NaN,NaN,NaN,NaN,NaN,NaN,0,0,0,0,0,0,0,0,128112,127800,57934
1778937669,56426,18.0156,1.777,1,NaN,NaN,NaN,df,df,0,48,0,263,248,550,520,0,0,0,0,121431,NaN,NaN,NaN,NaN,NaN,NaN,NaN,0,NaN,0,NaN,0,NaN,0,NaN,128412,127900,57934
1778937731,56488,18.0156,1.762,1,NaN,NaN,NaN,df,df,0,48,0,242,220,511,460,0,0,0,0,121552,NaN,NaN,NaN,NaN,NaN,NaN,NaN,0,NaN,0,NaN,0,NaN,0,NaN,128512,128050,58034
1778937793,56550,18.0156,1.785,1,NaN,NaN,NaN,df,df,0,48,0,213,299,450,621,0,0,0,0,121681,NaN,NaN,NaN,NaN,NaN,NaN,NaN,0,NaN,0,NaN,0,NaN,0,NaN,128612,128100,58234
1778937855,56612,18.0156,1.785,1,NaN,NaN,NaN,df,df,0,48,0,262,250,548,523,0,0,0,0,121880,NaN,NaN,NaN,NaN,NaN,NaN,NaN,0,NaN,0,NaN,0,NaN,0,NaN,128762,128250,58334
1778937917,56674,18.0156,1.988,1,NaN,NaN,NaN,df,df,0,48,0,256,206,536,433,0,0,0,0,122015,NaN,NaN,NaN,NaN,NaN,NaN,NaN,0,NaN,0,NaN,0,NaN,0,NaN,128862,128400,58434
1778937979,56736,18.0156,1.766,1,NaN,NaN,NaN,df,df,0,48,0,214,253,454,530,0,0,0,0,122177,NaN,NaN,NaN,NaN,NaN,NaN,NaN,0,NaN,0,NaN,0,NaN,0,NaN,129012,128550,58584
1778938041,56798,18.0156,1.762,1,NaN,NaN,NaN,df,df,0,48,0,159,203,341,430,0,0,0,0,122327,NaN,NaN,NaN,NaN,NaN,NaN,NaN,0,NaN,0,NaN,0,NaN,0,NaN,129162,128800,58634
1778938103,56860,18.0156,1.785,1,NaN,NaN,NaN,df,df,0,48,0,159,153,341,330,0,0,0,0,122477,NaN,NaN,NaN,NaN,NaN,NaN,NaN,0,NaN,0,NaN,0,NaN,0,NaN,129262,128950,58784
1778938164,56921,18.0156,1.777,1,NaN,NaN,NaN,df,df,0,48,0,129,133,281,288,0,0,0,0,122638,NaN,NaN,NaN,NaN,NaN,NaN,NaN,0,NaN,0,NaN,0,NaN,0,NaN,129362,129100,58934
1778938226,56983,18.0156,1.762,1,NaN,NaN,NaN,df,df,0,48,0,234,253,493,530,0,0,0,0,122784,NaN,NaN,NaN,NaN,NaN,NaN,NaN,0,NaN,0,NaN,0,NaN,0,NaN,129612,129150,59084
1778938320,57077,17.9453,15.6914,1,0,NaN,1,df,nondf,1,49,1,262,250,1048,1300,501,777,0,0,122979,220,NaN,NaN,NaN,NaN,NaN,NaN,0,0,0,0,0,0,0,0,129862,129350,59179
1778938381,57138,18.0195,16.1523,1,0,NaN,1,df,nondf,1,49,1,271,241,1069,1318,504,813,0,0,123139,238,NaN,NaN,NaN,NaN,NaN,NaN,0,0,0,0,0,0,0,0,129862,129350,59195
1778938441,57198,18.0977,16.1836,1,0,NaN,1,df,nondf,1,49,1,220,242,970,1222,507,717,0,0,123288,239,NaN,NaN,NaN,NaN,NaN,NaN,0,0,0,0,0,0,0,0,129912,129450,59196
1778938502,57259,18.1484,16.3359,1,0,NaN,1,df,nondf,1,49,1,169,143,707,816,351,507,0,0,123421,290,NaN,NaN,NaN,NaN,NaN,NaN,0,0,0,0,0,0,0,0,130062,129750,59196
1778938563,57320,18.1914,16.5742,1,0,NaN,1,df,nondf,1,49,1,268,243,1208,1310,651,801,0,0,123663,390,NaN,NaN,NaN,NaN,NaN,NaN,0,0,0,0,0,0,0,0,130261,129750,59197
1778938624,57381,18.1914,16.6445,1,0,NaN,1,df,nondf,1,49,1,264,239,1203,1317,654,816,0,0,123840,436,NaN,NaN,NaN,NaN,NaN,NaN,0,0,0,0,0,0,0,0,130361,129850,59202
1778938684,57441,18.207,16.6133,1,0,NaN,1,df,nondf,1,49,1,272,240,1222,1316,657,813,0,0,124073,437,NaN,NaN,NaN,NaN,NaN,NaN,0,0,0,0,0,0,0,0,130412,129900,59202
1778938745,57502,18.207,16.7383,1,0,NaN,1,df,nondf,1,49,1,270,240,1220,1297,657,792,0,0,124288,437,NaN,NaN,NaN,NaN,NaN,NaN,0,0,0,0,0,0,0,0,130511,130000,59202
1778938806,57563,18.1914,16.8398,1,0,NaN,1,df,nondf,1,49,1,269,243,1227,1316,666,807,0,0,124437,440,NaN,NaN,NaN,NaN,NaN,NaN,0,0,0,0,0,0,0,0,130512,130000,59203
1778938867,57624,18.1484,16.8594,1,0,NaN,1,df,nondf,1,49,1,243,245,1198,1164,687,651,0,0,124607,492,NaN,NaN,NaN,NaN,NaN,NaN,0,0,0,0,0,0,0,0,130662,130200,59203
1778938929,57686,18.0742,1.84,1,NaN,NaN,NaN,df,df,0,49,0,261,251,545,525,0,0,0,0,124779,NaN,NaN,NaN,NaN,NaN,NaN,NaN,0,NaN,0,NaN,0,NaN,0,NaN,130812,130300,59303
1778938991,57748,18.0742,1.781,1,NaN,NaN,NaN,df,df,0,49,0,161,200,345,423,0,0,0,0,124829,NaN,NaN,NaN,NaN,NaN,NaN,NaN,0,NaN,0,NaN,0,NaN,0,NaN,130911,130550,59403
1778939053,57810,18.0742,1.863,1,NaN,NaN,NaN,df,df,0,49,0,161,168,345,357,0,0,0,0,124979,NaN,NaN,NaN,NaN,NaN,NaN,NaN,0,NaN,0,NaN,0,NaN,0,NaN,131111,130750,59453
1778939115,57872,18.0742,1.852,1,NaN,NaN,NaN,df,df,0,49,0,161,200,345,423,0,0,0,0,125129,NaN,NaN,NaN,NaN,NaN,NaN,NaN,0,NaN,0,NaN,0,NaN,0,NaN,131311,130950,59553
1778939176,57933,18.0742,1.777,1,NaN,NaN,NaN,df,df,0,49,0,179,200,379,423,0,0,0,0,125279,NaN,NaN,NaN,NaN,NaN,NaN,NaN,0,NaN,0,NaN,0,NaN,0,NaN,131511,131100,59653
1778939238,57995,18.0742,1.777,1,NaN,NaN,NaN,df,df,0,49,0,164,197,349,417,0,0,0,0,125429,NaN,NaN,NaN,NaN,NaN,NaN,NaN,0,NaN,0,NaN,0,NaN,0,NaN,131611,131250,59803
1778939300,58057,18.0742,2.031,1,NaN,NaN,NaN,df,df,0,49,0,161,206,345,431,0,0,0,0,125579,NaN,NaN,NaN,NaN,NaN,NaN,NaN,0,NaN,0,NaN,0,NaN,0,NaN,131711,131300,60053
1778939362,58119,18.0742,1.867,1,NaN,NaN,NaN,df,df,0,49,0,211,200,445,423,0,0,0,0,125779,NaN,NaN,NaN,NaN,NaN,NaN,NaN,0,NaN,0,NaN,0,NaN,0,NaN,131911,131500,60153
1778939424,58181,18.0742,1.777,1,NaN,NaN,NaN,df,df,0,49,0,126,150,273,323,0,0,0,0,125829,NaN,NaN,NaN,NaN,NaN,NaN,NaN,0,NaN,0,NaN,0,NaN,0,NaN,132011,131700,60203
1778939486,58243,18.0742,1.797,1,NaN,NaN,NaN,df,df,0,49,0,163,248,347,521,0,0,0,0,125979,NaN,NaN,NaN,NaN,NaN,NaN,NaN,0,NaN,0,NaN,0,NaN,0,NaN,132261,131850,60303
1778939559,58316,18.0742,15.0312,1,0,NaN,1,df,nondf,1,50,1,209,251,444,1152,3,627,0,0,126277,1,NaN,NaN,NaN,NaN,NaN,NaN,0,0,0,0,0,0,0,0,132510,132050,60303
1778939620,58377,18.0742,15.4609,1,0,NaN,1,df,nondf,1,50,1,259,253,698,1303,159,774,0,0,126444,53,NaN,NaN,NaN,NaN,NaN,NaN,0,0,0,0,0,0,0,0,132612,132100,60303
1778939681,58438,18.0742,15.4453,1,0,NaN,1,df,nondf,1,50,1,159,203,473,972,132,543,0,0,126577,53,NaN,NaN,NaN,NaN,NaN,NaN,0,0,0,0,0,0,0,0,132612,132250,60303
1778939741,58498,18.0742,16.0508,1,0,NaN,1,df,nondf,1,50,1,234,253,771,1306,282,777,0,0,126827,103,NaN,NaN,NaN,NaN,NaN,NaN,0,0,0,0,0,0,0,0,132862,132350,60303
1778939802,58559,18.0742,16.4648,1,0,NaN,1,df,nondf,1,50,1,238,224,781,1185,282,714,0,0,127021,124,NaN,NaN,NaN,NaN,NaN,NaN,0,0,0,0,0,0,0,0,132862,132400,60332
1778939863,58620,18.0742,16.4727,1,0,NaN,1,df,nondf,1,50,1,261,251,981,1305,438,780,0,0,127187,201,NaN,NaN,NaN,NaN,NaN,NaN,0,0,0,0,0,0,0,0,132912,132400,60359
1778939924,58681,18.0742,16.4062,1,0,NaN,1,df,nondf,1,50,1,211,201,934,1058,489,633,0,0,127279,301,NaN,NaN,NaN,NaN,NaN,NaN,0,0,0,0,0,0,0,0,133012,132600,60359
1778939985,58742,18.0742,16.4062,1,0,NaN,1,df,nondf,1,50,1,226,226,968,1155,492,678,0,0,127394,471,NaN,NaN,NaN,NaN,NaN,NaN,0,0,0,0,0,0,0,0,133211,132800,60375
1778940046,58803,18.0742,16.5547,1,0,NaN,1,df,nondf,1,50,1,155,132,698,824,366,537,0,0,127497,532,NaN,NaN,NaN,NaN,NaN,NaN,0,0,0,0,0,0,0,0,133311,133000,60378
1778940107,58864,18.0742,16.5547,1,0,NaN,1,df,nondf,1,50,1,182,179,901,927,513,546,0,0,127689,629,NaN,NaN,NaN,NaN,NaN,NaN,0,0,0,0,0,0,0,0,133511,133150,60382
1778940169,58926,17.9141,1.934,1,NaN,NaN,NaN,df,df,0,50,0,176,135,376,293,0,0,0,0,127794,NaN,NaN,NaN,NaN,NaN,NaN,NaN,0,NaN,0,NaN,0,NaN,0,NaN,133661,133350,60489
1778940231,58988,17.9141,1.891,1,NaN,NaN,NaN,df,df,0,50,0,126,185,277,394,0,0,0,0,127944,NaN,NaN,NaN,NaN,NaN,NaN,NaN,0,NaN,0,NaN,0,NaN,0,NaN,133811,133500,60639
1778940292,59049,17.9141,1.809,1,NaN,NaN,NaN,df,df,0,50,0,176,174,376,374,0,0,0,0,128144,NaN,NaN,NaN,NaN,NaN,NaN,NaN,0,NaN,0,NaN,0,NaN,0,NaN,134061,133750,60639
1778940354,59111,17.9141,1.812,1,NaN,NaN,NaN,df,df,0,50,0,249,212,520,450,0,0,0,0,128294,NaN,NaN,NaN,NaN,NaN,NaN,NaN,0,NaN,0,NaN,0,NaN,0,NaN,134361,133900,60689
1778940416,59173,17.9141,2.066,1,NaN,NaN,NaN,df,df,0,50,0,226,227,476,474,0,0,0,0,128394,NaN,NaN,NaN,NaN,NaN,NaN,NaN,0,NaN,0,NaN,0,NaN,0,NaN,134511,134050,60839
1778940478,59235,17.9141,1.797,1,NaN,NaN,NaN,df,df,0,50,0,264,235,554,494,0,0,0,0,128514,NaN,NaN,NaN,NaN,NaN,NaN,NaN,0,NaN,0,NaN,0,NaN,0,NaN,134612,134150,60989
1778940540,59297,17.9141,1.797,1,NaN,NaN,NaN,df,df,0,50,0,251,236,523,495,0,0,0,0,128644,NaN,NaN,NaN,NaN,NaN,NaN,NaN,0,NaN,0,NaN,0,NaN,0,NaN,134762,134250,61039
1778940602,59359,17.9141,1.848,1,NaN,NaN,NaN,df,df,0,50,0,226,236,475,495,0,0,0,0,128794,NaN,NaN,NaN,NaN,NaN,NaN,NaN,0,NaN,0,NaN,0,NaN,0,NaN,134862,134400,61139
1778940663,59420,17.9141,1.797,1,NaN,NaN,NaN,df,df,0,50,0,213,186,451,395,0,0,0,0,128863,NaN,NaN,NaN,NaN,NaN,NaN,NaN,0,NaN,0,NaN,0,NaN,0,NaN,135012,134650,61189
1778940725,59482,17.9141,1.832,1,NaN,NaN,NaN,df,df,0,50,0,176,178,375,383,0,0,0,0,129044,NaN,NaN,NaN,NaN,NaN,NaN,NaN,0,NaN,0,NaN,0,NaN,0,NaN,135112,134800,61339
1778940844,59601,17.8555,16.5703,1,0,NaN,1,df,nondf,1,51,1,274,238,938,1319,369,819,0,0,129433,153,NaN,NaN,NaN,NaN,NaN,NaN,0,0,0,0,0,0,0,0,135362,134850,61540
1778940905,59662,18.082,16.9805,1,0,NaN,1,df,nondf,1,51,1,232,239,860,1184,372,681,0,0,129596,154,NaN,NaN,NaN,NaN,NaN,NaN,0,0,0,0,0,0,0,0,135412,134950,61540
1778940966,59723,18.0312,17.3594,1,0,NaN,1,df,nondf,1,51,1,272,240,943,1321,375,816,0,0,129791,155,NaN,NaN,NaN,NaN,NaN,NaN,0,0,0,0,0,0,0,0,135512,135000,61540
1778941027,59784,18.0312,17.2969,1,0,NaN,1,df,nondf,1,51,1,241,247,894,1314,390,795,0,0,129984,162,NaN,NaN,NaN,NaN,NaN,NaN,0,0,0,0,0,0,0,0,135662,135150,61540
1778941087,59844,18.0391,17.3516,1,0,NaN,1,df,nondf,1,51,1,162,147,579,804,231,486,0,0,130131,162,NaN,NaN,NaN,NaN,NaN,NaN,0,0,0,0,0,0,0,0,135709,135400,61540
1778941148,59905,18.0391,17.5117,1,0,NaN,1,df,nondf,1,51,1,162,148,705,804,357,486,0,0,130281,262,NaN,NaN,NaN,NaN,NaN,NaN,0,0,0,0,0,0,0,0,135959,135650,61540
1778941209,59966,18.0391,17.5117,1,0,NaN,1,df,nondf,1,51,1,132,127,611,673,324,396,0,0,130401,342,NaN,NaN,NaN,NaN,NaN,NaN,0,0,0,0,0,0,0,0,135959,135700,61562
1778941270,60027,18.0391,17.5117,1,0,NaN,1,df,nondf,1,51,1,222,227,1104,1038,633,561,0,0,130588,492,NaN,NaN,NaN,NaN,NaN,NaN,0,0,0,0,0,0,0,0,136209,135800,61562
1778941331,60088,18.1797,17.7773,1,0,NaN,1,df,nondf,1,51,1,239,273,1278,1281,777,714,0,0,130708,600,NaN,NaN,NaN,NaN,NaN,NaN,0,0,0,0,0,0,0,0,136412,135900,61565
1778941393,60150,18.0859,1.82,1,NaN,NaN,NaN,df,df,0,51,0,223,239,469,501,0,0,0,0,130840,NaN,NaN,NaN,NaN,NaN,NaN,NaN,0,NaN,0,NaN,0,NaN,0,NaN,136462,136000,61748
1778941455,60212,18.0859,1.902,1,NaN,NaN,NaN,df,df,0,51,0,222,241,469,505,0,0,0,0,130940,NaN,NaN,NaN,NaN,NaN,NaN,NaN,0,NaN,0,NaN,0,NaN,0,NaN,136612,136150,61848
1778941517,60274,18.0859,1.816,1,NaN,NaN,NaN,df,df,0,51,0,232,241,489,505,0,0,0,0,131090,NaN,NaN,NaN,NaN,NaN,NaN,NaN,0,NaN,0,NaN,0,NaN,0,NaN,136812,136350,61898
1778941579,60336,18.0859,2.051,1,NaN,NaN,NaN,df,df,0,51,0,192,169,407,359,0,0,0,0,131253,NaN,NaN,NaN,NaN,NaN,NaN,NaN,0,NaN,0,NaN,0,NaN,0,NaN,136961,136600,61948
1778941641,60398,18.0859,1.82,1,NaN,NaN,NaN,df,df,0,51,0,258,201,539,423,0,0,0,0,131468,NaN,NaN,NaN,NaN,NaN,NaN,NaN,0,NaN,0,NaN,0,NaN,0,NaN,137209,136750,61998
1778941703,60460,18.0859,2.359,1,NaN,NaN,NaN,df,df,0,51,0,268,229,560,484,0,0,0,0,131587,NaN,NaN,NaN,NaN,NaN,NaN,NaN,0,NaN,0,NaN,0,NaN,0,NaN,137309,136850,62198
1778941764,60521,18.0859,1.844,1,NaN,NaN,NaN,df,df,0,51,0,218,144,460,312,0,0,0,0,131687,NaN,NaN,NaN,NaN,NaN,NaN,NaN,0,NaN,0,NaN,0,NaN,0,NaN,137362,137000,62398
1778941826,60583,18.0859,1.812,1,NaN,NaN,NaN,df,df,0,51,0,247,244,516,512,0,0,0,0,131837,NaN,NaN,NaN,NaN,NaN,NaN,NaN,0,NaN,0,NaN,0,NaN,0,NaN,137562,137050,62548
1778941888,60645,18.0859,1.883,1,NaN,NaN,NaN,df,df,0,51,0,218,251,460,524,0,0,0,0,131937,NaN,NaN,NaN,NaN,NaN,NaN,NaN,0,NaN,0,NaN,0,NaN,0,NaN,137612,137100,62748
1778941950,60707,18.0859,1.812,1,NaN,NaN,NaN,df,df,0,51,0,253,259,532,540,0,0,0,0,132113,NaN,NaN,NaN,NaN,NaN,NaN,NaN,0,NaN,0,NaN,0,NaN,0,NaN,137712,137200,62898
1778942023,60780,18.0859,14.7031,1,0,NaN,1,df,nondf,1,52,1,261,251,558,1308,15,783,0,0,132380,5,NaN,NaN,NaN,NaN,NaN,NaN,0,0,0,0,0,0,0,0,137912,137400,62948
1778942084,60841,18.0859,15.2227,1,0,NaN,1,df,nondf,1,52,1,258,254,563,1305,24,774,0,0,132599,8,NaN,NaN,NaN,NaN,NaN,NaN,0,0,0,0,0,0,0,0,137962,137450,62949
1778942145,60902,18.0859,15.4922,1,0,NaN,1,df,nondf,1,52,1,257,255,562,1301,27,768,0,0,132798,9,NaN,NaN,NaN,NaN,NaN,NaN,0,0,0,0,0,0,0,0,138012,137500,62951
1778942206,60963,18.0859,15.5234,1,0,NaN,1,df,nondf,1,52,1,156,193,455,879,120,468,0,0,132875,92,NaN,NaN,NaN,NaN,NaN,NaN,0,0,0,0,0,0,0,0,138111,137800,62951
1778942266,61023,18.1094,15.6602,1,0,NaN,1,df,nondf,1,52,1,172,189,781,915,414,516,0,0,132990,240,NaN,NaN,NaN,NaN,NaN,NaN,0,0,0,0,0,0,0,0,138361,138000,62968
1778942327,61084,18.1094,15.6602,1,0,NaN,1,df,nondf,1,52,1,231,206,1051,1098,564,663,0,0,133045,460,NaN,NaN,NaN,NaN,NaN,NaN,0,0,0,0,0,0,0,0,138411,138000,63000
1778942388,61145,18.3711,16.0742,1,0,NaN,1,df,nondf,1,52,1,227,256,1211,1156,732,621,0,0,133191,560,NaN,NaN,NaN,NaN,NaN,NaN,0,0,0,0,0,0,0,0,138662,138200,63000
1778942449,61206,18.3633,16.0039,1,0,NaN,1,df,nondf,1,52,1,204,156,875,947,444,612,0,0,133373,560,NaN,NaN,NaN,NaN,NaN,NaN,0,0,0,0,0,0,0,0,138760,138400,63000
1778942510,61267,18.3711,15.9531,1,0,NaN,1,df,nondf,1,52,1,237,255,1242,1304,747,771,0,0,133526,709,NaN,NaN,NaN,NaN,NaN,NaN,0,0,0,0,0,0,0,0,138962,138450,63003
1778942571,61328,18.3711,16.3438,1,0,NaN,1,df,nondf,1,52,1,209,203,1041,924,600,495,0,0,133678,757,NaN,NaN,NaN,NaN,NaN,NaN,0,0,0,0,0,0,0,0,139062,138650,63005
1778942633,61390,18.2734,3.57,1,NaN,NaN,NaN,df,df,0,52,0,206,226,435,471,0,0,0,0,133775,NaN,NaN,NaN,NaN,NaN,NaN,NaN,0,NaN,0,NaN,0,NaN,0,NaN,139259,138800,63105
1778942695,61452,18.2734,2.258,1,NaN,NaN,NaN,df,df,0,52,0,250,259,523,539,0,0,0,0,133960,NaN,NaN,NaN,NaN,NaN,NaN,NaN,0,NaN,0,NaN,0,NaN,0,NaN,139409,138900,63255
1778942756,61513,18.2734,2.254,1,NaN,NaN,NaN,df,df,0,52,0,256,206,535,435,0,0,0,0,134061,NaN,NaN,NaN,NaN,NaN,NaN,NaN,0,NaN,0,NaN,0,NaN,0,NaN,139462,139000,63455
1778942818,61575,18.2734,2.258,1,NaN,NaN,NaN,df,df,0,52,0,206,205,435,433,0,0,0,0,134159,NaN,NaN,NaN,NaN,NaN,NaN,NaN,0,NaN,0,NaN,0,NaN,0,NaN,139661,139250,63505
1778942880,61637,18.2734,2.258,1,NaN,NaN,NaN,df,df,0,52,0,196,205,417,433,0,0,0,0,134297,NaN,NaN,NaN,NaN,NaN,NaN,NaN,0,NaN,0,NaN,0,NaN,0,NaN,139711,139350,63705
1778942942,61699,18.2734,2.258,1,NaN,NaN,NaN,df,df,0,52,0,129,182,279,389,0,0,0,0,134425,NaN,NaN,NaN,NaN,NaN,NaN,NaN,0,NaN,0,NaN,0,NaN,0,NaN,139761,139450,63855
1778943004,61761,18.2734,2.258,1,NaN,NaN,NaN,df,df,0,52,0,106,205,235,433,0,0,0,0,134525,NaN,NaN,NaN,NaN,NaN,NaN,NaN,0,NaN,0,NaN,0,NaN,0,NaN,139861,139550,64055
1778943066,61823,18.2734,2.285,1,NaN,NaN,NaN,df,df,0,52,0,206,226,435,477,0,0,0,0,134675,NaN,NaN,NaN,NaN,NaN,NaN,NaN,0,NaN,0,NaN,0,NaN,0,NaN,140111,139700,64105
1778943128,61885,18.2734,2.258,1,NaN,NaN,NaN,df,df,0,52,0,180,205,385,433,0,0,0,0,134781,NaN,NaN,NaN,NaN,NaN,NaN,NaN,0,NaN,0,NaN,0,NaN,0,NaN,140261,139900,64205
1778943189,61946,18.2734,2.289,1,NaN,NaN,NaN,df,df,0,52,0,256,256,535,535,0,0,0,0,134925,NaN,NaN,NaN,NaN,NaN,NaN,NaN,0,NaN,0,NaN,0,NaN,0,NaN,140412,139900,64355
1778943258,62015,18.2734,15.1953,1,0,NaN,1,df,nondf,1,53,1,249,213,648,1196,129,747,0,0,135099,57,NaN,NaN,NaN,NaN,NaN,NaN,0,0,0,0,0,0,0,0,140462,140000,64448
1778943318,62075,18.2695,16.2852,1,0,NaN,1,df,nondf,1,53,1,254,256,1059,1280,528,747,0,0,135122,260,NaN,NaN,NaN,NaN,NaN,NaN,0,0,0,0,0,0,0,0,140660,140150,64448
1778943379,62136,18.3672,16.9453,1,0,NaN,1,df,nondf,1,53,1,278,234,1113,1211,534,720,0,0,135295,328,NaN,NaN,NaN,NaN,NaN,NaN,0,0,0,0,0,0,0,0,140812,140300,64477
1778943440,62197,18.4375,16.9453,1,0,NaN,1,df,nondf,1,53,1,245,267,1194,1284,681,729,0,0,135414,419,NaN,NaN,NaN,NaN,NaN,NaN,0,0,0,0,0,0,0,0,140862,140350,64492
1778943501,62258,18.4375,17.3281,1,0,NaN,1,df,nondf,1,53,1,203,183,991,996,561,609,0,0,135522,503,NaN,NaN,NaN,NaN,NaN,NaN,0,0,0,0,0,0,0,0,141012,140600,64502
1778943562,62319,18.4219,17.3281,1,0,NaN,1,df,nondf,1,53,1,205,207,1028,1052,594,615,0,0,135574,701,NaN,NaN,NaN,NaN,NaN,NaN,0,0,0,0,0,0,0,0,141162,140750,64504
1778943623,62380,18.4219,17.3477,1,0,NaN,1,df,nondf,1,53,1,260,252,1295,1304,753,777,0,0,135687,846,NaN,NaN,NaN,NaN,NaN,NaN,0,0,0,0,0,0,0,0,141362,140850,64510
1778943684,62441,18.4062,17.4258,1,0,NaN,1,df,nondf,1,53,1,210,252,1200,1155,756,630,0,0,135779,933,NaN,NaN,NaN,NaN,NaN,NaN,0,0,0,0,0,0,0,0,141412,140950,64511
1778943745,62502,18.3984,17.4258,1,0,NaN,1,df,nondf,1,53,1,207,255,1200,1152,762,621,0,0,135826,1108,NaN,NaN,NaN,NaN,NaN,NaN,0,0,0,0,0,0,0,0,141612,141150,64512
1778943805,62562,18.3711,17.4766,1,0,NaN,1,df,nondf,1,53,1,256,256,1303,1300,768,765,0,0,136022,1150,NaN,NaN,NaN,NaN,NaN,NaN,0,0,0,0,0,0,0,0,141662,141150,64513
1778943868,62625,18.2734,2.309,1,NaN,NaN,NaN,df,df,0,53,0,248,214,519,449,0,0,0,0,136158,NaN,NaN,NaN,NaN,NaN,NaN,NaN,0,NaN,0,NaN,0,NaN,0,NaN,141662,141200,64713
1778943930,62687,18.2734,2.531,1,NaN,NaN,NaN,df,df,0,53,0,227,235,475,495,0,0,0,0,136275,NaN,NaN,NaN,NaN,NaN,NaN,NaN,0,NaN,0,NaN,0,NaN,0,NaN,141762,141300,64863
1778943991,62748,18.1289,2.316,1,NaN,NaN,NaN,df,df,0,53,0,249,263,521,549,0,0,0,0,136475,NaN,NaN,NaN,NaN,NaN,NaN,NaN,0,NaN,0,NaN,0,NaN,0,NaN,141912,141400,65013
1778944053,62810,18.1289,2.461,1,NaN,NaN,NaN,df,df,0,53,0,256,256,536,536,0,0,0,0,136625,NaN,NaN,NaN,NaN,NaN,NaN,NaN,0,NaN,0,NaN,0,NaN,0,NaN,141962,141450,65213
1778944115,62872,18.0586,2.32,1,NaN,NaN,NaN,df,df,0,53,0,213,249,450,520,0,0,0,0,136775,NaN,NaN,NaN,NaN,NaN,NaN,NaN,0,NaN,0,NaN,0,NaN,0,NaN,142012,141550,65413
1778944177,62934,18.0586,2.355,1,NaN,NaN,NaN,df,df,0,53,0,206,306,436,636,0,0,0,0,136925,NaN,NaN,NaN,NaN,NaN,NaN,NaN,0,NaN,0,NaN,0,NaN,0,NaN,142112,141600,65613
1778944239,62996,18.0586,2.375,1,NaN,NaN,NaN,df,df,0,53,0,255,206,534,436,0,0,0,0,137074,NaN,NaN,NaN,NaN,NaN,NaN,NaN,0,NaN,0,NaN,0,NaN,0,NaN,142261,141800,65713
1778944301,63058,18.0586,2.375,1,NaN,NaN,NaN,df,df,0,53,0,254,258,532,540,0,0,0,0,137223,NaN,NaN,NaN,NaN,NaN,NaN,NaN,0,NaN,0,NaN,0,NaN,0,NaN,142362,141850,65913
1778944362,63119,18.0586,2.309,1,NaN,NaN,NaN,df,df,0,53,0,282,229,587,479,0,0,0,0,137392,NaN,NaN,NaN,NaN,NaN,NaN,NaN,0,NaN,0,NaN,0,NaN,0,NaN,142561,142050,65963
1778944424,63181,18.0586,2.309,1,NaN,NaN,NaN,df,df,0,53,0,219,209,460,442,0,0,0,0,137473,NaN,NaN,NaN,NaN,NaN,NaN,NaN,0,NaN,0,NaN,0,NaN,0,NaN,142662,142200,66113
1778944492,63249,18.1992,16.1094,1,0,NaN,1,df,nondf,1,54,1,243,267,1104,1276,594,720,0,0,137563,234,NaN,NaN,NaN,NaN,NaN,NaN,0,0,0,0,0,0,0,0,142910,142400,66143
1778944553,63310,18.3125,16.8008,1,0,NaN,1,df,nondf,1,54,1,215,201,928,1074,474,645,0,0,137635,288,NaN,NaN,NaN,NaN,NaN,NaN,0,0,0,0,0,0,0,0,142912,142500,66173
1778944614,63371,18.3281,17.3008,1,0,NaN,1,df,nondf,1,54,1,215,247,1078,1263,624,744,0,0,137835,338,NaN,NaN,NaN,NaN,NaN,NaN,0,0,0,0,0,0,0,0,143012,142550,66173
1778944675,63432,18.2695,17.5742,1,0,NaN,1,df,nondf,1,54,1,218,244,1081,1161,621,648,0,0,137988,385,NaN,NaN,NaN,NaN,NaN,NaN,0,0,0,0,0,0,0,0,143062,142600,66176
1778944736,63493,18.3438,17.4219,1,0,NaN,1,df,nondf,1,54,1,277,235,1199,1322,624,828,0,0,138190,426,NaN,NaN,NaN,NaN,NaN,NaN,0,0,0,0,0,0,0,0,143112,142600,66185
1778944797,63554,18.3438,17.5664,1,0,NaN,1,df,nondf,1,54,1,232,230,1111,1180,624,696,0,0,138352,471,NaN,NaN,NaN,NaN,NaN,NaN,0,0,0,0,0,0,0,0,143162,142700,66190
1778944857,63614,18.3125,17.8281,1,0,NaN,1,df,nondf,1,54,1,183,229,1052,1030,663,549,0,0,138353,670,NaN,NaN,NaN,NaN,NaN,NaN,0,0,0,0,0,0,0,0,143362,142950,66190
1778944918,63675,18.2773,17.7812,1,0,NaN,1,df,nondf,1,54,1,186,226,1055,1028,660,555,0,0,138455,758,NaN,NaN,NaN,NaN,NaN,NaN,0,0,0,0,0,0,0,0,143462,143050,66191
1778944979,63736,18.3711,17.8359,1,0,NaN,1,df,nondf,1,54,1,213,223,1109,1036,660,567,0,0,138578,864,NaN,NaN,NaN,NaN,NaN,NaN,0,0,0,0,0,0,0,0,143612,143200,66193
1778945040,63797,18.4102,17.9219,1,0,NaN,1,df,nondf,1,54,1,240,222,1166,1187,663,720,0,0,138748,913,NaN,NaN,NaN,NaN,NaN,NaN,0,0,0,0,0,0,0,0,143712,143250,66193
1778945102,63859,18.3164,2.348,1,NaN,NaN,NaN,df,df,0,54,0,233,229,489,485,0,0,0,0,138803,NaN,NaN,NaN,NaN,NaN,NaN,NaN,0,NaN,0,NaN,0,NaN,0,NaN,143911,143450,66251
1778945164,63921,18.3164,4.109,1,NaN,NaN,NaN,df,df,0,54,0,185,219,393,457,0,0,0,0,138855,NaN,NaN,NaN,NaN,NaN,NaN,NaN,0,NaN,0,NaN,0,NaN,0,NaN,144012,143600,66401
1778945226,63983,18.3164,2.68,1,NaN,NaN,NaN,df,df,0,54,0,235,256,493,532,0,0,0,0,139005,NaN,NaN,NaN,NaN,NaN,NaN,NaN,0,NaN,0,NaN,0,NaN,0,NaN,144262,143750,66451
1778945288,64045,18.3164,2.348,1,NaN,NaN,NaN,df,df,0,54,0,274,238,571,498,0,0,0,0,139085,NaN,NaN,NaN,NaN,NaN,NaN,NaN,0,NaN,0,NaN,0,NaN,0,NaN,144362,143850,66551
1778945350,64107,18.3164,2.773,1,NaN,NaN,NaN,df,df,0,54,0,188,211,399,442,0,0,0,0,139158,NaN,NaN,NaN,NaN,NaN,NaN,NaN,0,NaN,0,NaN,0,NaN,0,NaN,144462,144050,66701
1778945412,64169,18.3164,2.371,1,NaN,NaN,NaN,df,df,0,54,0,238,259,499,546,0,0,0,0,139308,NaN,NaN,NaN,NaN,NaN,NaN,NaN,0,NaN,0,NaN,0,NaN,0,NaN,144662,144200,66801
1778945473,64230,18.3164,2.504,1,NaN,NaN,NaN,df,df,0,54,0,291,221,605,466,0,0,0,0,139411,NaN,NaN,NaN,NaN,NaN,NaN,NaN,0,NaN,0,NaN,0,NaN,0,NaN,144762,144250,66951
1778945535,64292,18.3164,2.328,1,NaN,NaN,NaN,df,df,0,54,0,264,248,551,517,0,0,0,0,139475,NaN,NaN,NaN,NaN,NaN,NaN,NaN,0,NaN,0,NaN,0,NaN,0,NaN,144912,144400,66951
1778945597,64354,18.3164,2.324,1,NaN,NaN,NaN,df,df,0,54,0,219,193,460,409,0,0,0,0,139613,NaN,NaN,NaN,NaN,NaN,NaN,NaN,0,NaN,0,NaN,0,NaN,0,NaN,144912,144500,67201
1778945659,64416,18.3164,2.602,1,NaN,NaN,NaN,df,df,0,54,0,243,234,510,493,0,0,0,0,139713,NaN,NaN,NaN,NaN,NaN,NaN,NaN,0,NaN,0,NaN,0,NaN,0,NaN,145112,144650,67301
1778945722,64479,18.3164,15.5117,1,0,NaN,1,df,nondf,1,55,1,243,219,592,1187,84,726,0,0,139876,28,NaN,NaN,NaN,NaN,NaN,NaN,0,0,0,0,0,0,0,0,145162,144700,67352
1778945783,64540,18.1758,16.5117,1,0,NaN,1,df,nondf,1,55,1,247,240,845,1316,327,813,0,0,139991,149,NaN,NaN,NaN,NaN,NaN,NaN,0,0,0,0,0,0,0,0,145311,144800,67380
1778945844,64601,18.2148,16.6914,1,0,NaN,1,df,nondf,1,55,1,234,227,1029,1162,537,687,0,0,140053,323,NaN,NaN,NaN,NaN,NaN,NaN,0,0,0,0,0,0,0,0,145511,145050,67380
1778945904,64661,18.2266,17.0195,1,0,NaN,1,df,nondf,1,55,1,195,217,968,1031,555,576,0,0,140115,426,NaN,NaN,NaN,NaN,NaN,NaN,0,0,0,0,0,0,0,0,145612,145200,67401
1778945965,64722,18.2695,17.207,1,0,NaN,1,df,nondf,1,55,1,252,210,1086,1199,561,756,0,0,140266,519,NaN,NaN,NaN,NaN,NaN,NaN,0,0,0,0,0,0,0,0,145712,145250,67407
1778946026,64783,18.2695,17.2188,1,0,NaN,1,df,nondf,1,55,1,256,255,1246,1299,711,768,0,0,140326,675,NaN,NaN,NaN,NaN,NaN,NaN,0,0,0,0,0,0,0,0,145811,145300,67411
1778946087,64844,18.2695,17.1797,1,0,NaN,1,df,nondf,1,55,1,260,252,1263,1307,723,780,0,0,140430,811,NaN,NaN,NaN,NaN,NaN,NaN,0,0,0,0,0,0,0,0,145962,145450,67416
1778946148,64905,18.2539,17.2109,1,0,NaN,1,df,nondf,1,55,1,210,202,1031,1003,588,576,0,0,140580,861,NaN,NaN,NaN,NaN,NaN,NaN,0,0,0,0,0,0,0,0,146112,145700,67416
1778946209,64966,18.2617,17.207,1,0,NaN,1,df,nondf,1,55,1,209,253,1179,1154,738,627,0,0,140779,918,NaN,NaN,NaN,NaN,NaN,NaN,0,0,0,0,0,0,0,0,146212,145750,67417
1778946270,65027,18.2969,17.1797,1,0,NaN,1,df,nondf,1,55,1,258,254,1284,1305,747,774,0,0,140931,963,NaN,NaN,NaN,NaN,NaN,NaN,0,0,0,0,0,0,0,0,146262,145750,67418
1778946332,65089,18.1758,2.395,1,NaN,NaN,NaN,df,df,0,55,0,244,268,509,561,0,0,0,0,141085,NaN,NaN,NaN,NaN,NaN,NaN,NaN,0,NaN,0,NaN,0,NaN,0,NaN,146362,145850,67560
1778946394,65151,18.1758,2.598,1,NaN,NaN,NaN,df,df,0,55,0,222,288,467,597,0,0,0,0,141183,NaN,NaN,NaN,NaN,NaN,NaN,NaN,0,NaN,0,NaN,0,NaN,0,NaN,146460,145950,67760
1778946456,65213,18.1719,2.383,1,NaN,NaN,NaN,df,df,0,55,0,163,199,349,421,0,0,0,0,141333,NaN,NaN,NaN,NaN,NaN,NaN,NaN,0,NaN,0,NaN,0,NaN,0,NaN,146512,146150,67910
1778946517,65274,18.1719,2.355,1,NaN,NaN,NaN,df,df,0,55,0,248,264,517,553,0,0,0,0,141433,NaN,NaN,NaN,NaN,NaN,NaN,NaN,0,NaN,0,NaN,0,NaN,0,NaN,146812,146300,67910
1778946579,65336,18.1719,2.504,1,NaN,NaN,NaN,df,df,0,55,0,162,177,347,375,0,0,0,0,141532,NaN,NaN,NaN,NaN,NaN,NaN,NaN,0,NaN,0,NaN,0,NaN,0,NaN,146912,146550,68010
1778946641,65398,18.1719,2.34,1,NaN,NaN,NaN,df,df,0,55,0,229,250,481,523,0,0,0,0,141682,NaN,NaN,NaN,NaN,NaN,NaN,NaN,0,NaN,0,NaN,0,NaN,0,NaN,147162,146650,68110
1778946703,65460,18.1719,3.355,1,NaN,NaN,NaN,df,df,0,55,0,158,150,339,323,0,0,0,0,141778,NaN,NaN,NaN,NaN,NaN,NaN,NaN,0,NaN,0,NaN,0,NaN,0,NaN,147258,146950,68210
1778946765,65522,18.1719,2.34,1,NaN,NaN,NaN,df,df,0,55,0,179,229,379,483,0,0,0,0,141878,NaN,NaN,NaN,NaN,NaN,NaN,NaN,0,NaN,0,NaN,0,NaN,0,NaN,147458,147050,68310
1778946826,65583,18.1719,2.387,1,NaN,NaN,NaN,df,df,0,55,0,193,215,407,455,0,0,0,0,142028,NaN,NaN,NaN,NaN,NaN,NaN,NaN,0,NaN,0,NaN,0,NaN,0,NaN,147608,147200,68460
1778946888,65645,18.1719,2.625,1,NaN,NaN,NaN,df,df,0,55,0,226,236,475,493,0,0,0,0,142187,NaN,NaN,NaN,NaN,NaN,NaN,NaN,0,NaN,0,NaN,0,NaN,0,NaN,147762,147300,68610
1778946982,65739,18.0547,15.9922,1,0,NaN,1,df,nondf,1,56,1,236,275,850,1281,354,708,0,0,142406,221,NaN,NaN,NaN,NaN,NaN,NaN,0,0,0,0,0,0,0,0,148061,147550,68690
1778947042,65799,17.9922,16.6211,1,0,NaN,1,df,nondf,1,56,1,228,245,993,1302,513,789,0,0,142537,291,NaN,NaN,NaN,NaN,NaN,NaN,0,0,0,0,0,0,0,0,148162,147650,68724
1778947103,65860,18.1094,16.5742,1,0,NaN,1,df,nondf,1,56,1,182,180,800,926,414,543,0,0,142647,326,NaN,NaN,NaN,NaN,NaN,NaN,0,0,0,0,0,0,0,0,148162,147800,68741
1778947164,65921,18.0938,16.625,1,0,NaN,1,df,nondf,1,56,1,140,133,618,733,312,444,0,0,142806,329,NaN,NaN,NaN,NaN,NaN,NaN,0,0,0,0,0,0,0,0,148162,147900,68746
1778947225,65982,18.0898,16.625,1,0,NaN,1,df,nondf,1,56,1,179,178,708,918,327,537,0,0,143049,369,NaN,NaN,NaN,NaN,NaN,NaN,0,0,0,0,0,0,0,0,148362,148000,68746
1778947286,66043,18.0938,16.7656,1,0,NaN,1,df,nondf,1,56,1,192,219,1015,1035,606,576,0,0,143112,566,NaN,NaN,NaN,NaN,NaN,NaN,0,0,0,0,0,0,0,0,148462,148050,68759
1778947347,66104,18.1016,17.0938,1,0,NaN,1,df,nondf,1,56,1,252,260,1283,1299,756,756,0,0,143222,725,NaN,NaN,NaN,NaN,NaN,NaN,0,0,0,0,0,0,0,0,148562,148050,68767
1778947408,66165,18.1211,17.0898,1,0,NaN,1,df,nondf,1,56,1,208,204,1045,1055,606,624,0,0,143228,850,NaN,NaN,NaN,NaN,NaN,NaN,0,0,0,0,0,0,0,0,148562,148150,68774
1778947469,66226,18.1172,17.0742,1,0,NaN,1,df,nondf,1,56,1,159,197,902,898,561,477,0,0,143329,939,NaN,NaN,NaN,NaN,NaN,NaN,0,0,0,0,0,0,0,0,148612,148300,68775
1778947531,66288,18.0195,17.0195,1,0,NaN,1,df,nondf,1,56,1,210,202,1199,1057,756,630,0,0,143430,1098,NaN,NaN,NaN,NaN,NaN,NaN,0,0,0,0,0,0,0,0,148862,148450,68776
1778947594,66351,18.0117,2.359,1,NaN,NaN,NaN,df,df,0,56,0,181,204,384,432,0,0,0,0,143628,NaN,NaN,NaN,NaN,NaN,NaN,NaN,0,NaN,0,NaN,0,NaN,0,NaN,149012,148600,68876
1778947655,66412,18.0117,2.375,1,NaN,NaN,NaN,df,df,0,56,0,158,204,340,432,0,0,0,0,143778,NaN,NaN,NaN,NaN,NaN,NaN,NaN,0,NaN,0,NaN,0,NaN,0,NaN,149212,148850,68926
1778947717,66474,18.0117,2.359,1,NaN,NaN,NaN,df,df,0,56,0,240,271,504,566,0,0,0,0,144027,NaN,NaN,NaN,NaN,NaN,NaN,NaN,0,NaN,0,NaN,0,NaN,0,NaN,149411,148900,69076
1778947779,66536,18.0117,2.602,1,NaN,NaN,NaN,df,df,0,56,0,207,244,438,514,0,0,0,0,144177,NaN,NaN,NaN,NaN,NaN,NaN,NaN,0,NaN,0,NaN,0,NaN,0,NaN,149411,149000,69326
1778947841,66598,18.0117,2.363,1,NaN,NaN,NaN,df,df,0,56,0,235,255,495,535,0,0,0,0,144378,NaN,NaN,NaN,NaN,NaN,NaN,NaN,0,NaN,0,NaN,0,NaN,0,NaN,149662,149150,69376
1778947905,66662,17.9961,2.359,1,NaN,NaN,NaN,df,df,0,56,0,213,299,450,620,0,0,0,0,144480,NaN,NaN,NaN,NaN,NaN,NaN,NaN,0,NaN,0,NaN,0,NaN,0,NaN,149712,149200,69576
1778947967,66724,17.9961,2.422,1,NaN,NaN,NaN,df,df,0,56,0,208,232,440,486,0,0,0,0,144629,NaN,NaN,NaN,NaN,NaN,NaN,NaN,0,NaN,0,NaN,0,NaN,0,NaN,149811,149350,69726
1778948028,66785,17.9961,2.367,1,NaN,NaN,NaN,df,df,0,56,0,230,232,484,486,0,0,0,0,144792,NaN,NaN,NaN,NaN,NaN,NaN,NaN,0,NaN,0,NaN,0,NaN,0,NaN,150012,149550,69776
1778948090,66847,17.9961,2.602,1,NaN,NaN,NaN,df,df,0,56,0,158,160,340,342,0,0,0,0,144879,NaN,NaN,NaN,NaN,NaN,NaN,NaN,0,NaN,0,NaN,0,NaN,0,NaN,150112,149750,69876
1778948152,66909,17.9961,2.406,1,NaN,NaN,NaN,df,df,0,56,0,215,247,453,515,0,0,0,0,145029,NaN,NaN,NaN,NaN,NaN,NaN,NaN,0,NaN,0,NaN,0,NaN,0,NaN,150312,149850,70026
1778948215,66972,17.9961,13.7109,1,0,NaN,1,df,nondf,1,57,1,245,217,774,1192,261,735,0,0,145166,113,NaN,NaN,NaN,NaN,NaN,NaN,0,0,0,0,0,0,0,0,150412,149950,70115
1778948276,67033,17.9453,14.5156,1,0,NaN,1,df,nondf,1,57,1,274,236,960,1221,387,726,0,0,145341,182,NaN,NaN,NaN,NaN,NaN,NaN,0,0,0,0,0,0,0,0,150511,150000,70145
1778948337,67094,17.7852,14.9883,1,0,NaN,1,df,nondf,1,57,1,261,237,933,1319,390,822,0,0,145546,183,NaN,NaN,NaN,NaN,NaN,NaN,0,0,0,0,0,0,0,0,150562,150050,70145
1778948398,67155,17.8359,15.2305,1,0,NaN,1,df,nondf,1,57,1,224,233,912,1165,441,672,0,0,145695,225,NaN,NaN,NaN,NaN,NaN,NaN,0,0,0,0,0,0,0,0,150662,150200,70146
1778948460,67217,18.1562,15.6719,1,0,NaN,1,df,nondf,1,57,1,262,250,1166,1306,621,783,0,0,145748,396,NaN,NaN,NaN,NaN,NaN,NaN,0,0,0,0,0,0,0,0,150712,150200,70184
1778948521,67278,18.0859,15.6875,1,0,NaN,1,df,nondf,1,57,1,268,244,1190,1313,633,801,0,0,145932,440,NaN,NaN,NaN,NaN,NaN,NaN,0,0,0,0,0,0,0,0,150812,150300,70195
1778948581,67338,18.168,15.75,1,0,NaN,1,df,nondf,1,57,1,219,243,1100,1156,639,648,0,0,146090,461,NaN,NaN,NaN,NaN,NaN,NaN,0,0,0,0,0,0,0,0,150962,150500,70195
1778948642,67399,18.1289,15.7773,1,0,NaN,1,df,nondf,1,57,1,272,240,1212,1320,645,816,0,0,146302,486,NaN,NaN,NaN,NaN,NaN,NaN,0,0,0,0,0,0,0,0,151012,150500,70204
1778948703,67460,18.168,15.8086,1,0,NaN,1,df,nondf,1,57,1,276,235,1235,1322,660,828,0,0,146447,581,NaN,NaN,NaN,NaN,NaN,NaN,0,0,0,0,0,0,0,0,151111,150600,70211
1778948764,67521,18.0664,15.6953,1,0,NaN,1,df,nondf,1,57,1,226,189,1087,1075,612,678,0,0,146597,631,NaN,NaN,NaN,NaN,NaN,NaN,0,0,0,0,0,0,0,0,151211,150800,70211
1778948826,67583,18.0664,2.422,1,NaN,NaN,NaN,df,df,0,57,0,126,127,275,275,0,0,0,0,146697,NaN,NaN,NaN,NaN,NaN,NaN,NaN,0,NaN,0,NaN,0,NaN,0,NaN,151311,151050,70311
1778948888,67645,18.0664,2.375,1,NaN,NaN,NaN,df,df,0,57,0,214,235,451,493,0,0,0,0,146867,NaN,NaN,NaN,NaN,NaN,NaN,NaN,0,NaN,0,NaN,0,NaN,0,NaN,151511,151100,70411
1778948950,67707,18.0664,2.445,1,NaN,NaN,NaN,df,df,0,57,0,276,236,575,495,0,0,0,0,147047,NaN,NaN,NaN,NaN,NaN,NaN,NaN,0,NaN,0,NaN,0,NaN,0,NaN,151712,151200,70511
1778949012,67769,18.0664,2.379,1,NaN,NaN,NaN,df,df,0,57,0,237,236,499,495,0,0,0,0,147097,NaN,NaN,NaN,NaN,NaN,NaN,NaN,0,NaN,0,NaN,0,NaN,0,NaN,151812,151350,70611
1778949074,67831,18.0508,2.375,1,NaN,NaN,NaN,df,df,0,57,0,223,239,469,501,0,0,0,0,147294,NaN,NaN,NaN,NaN,NaN,NaN,NaN,0,NaN,0,NaN,0,NaN,0,NaN,151962,151500,70711
1778949136,67893,18.0508,2.375,1,NaN,NaN,NaN,df,df,0,57,0,258,241,541,506,0,0,0,0,147461,NaN,NaN,NaN,NaN,NaN,NaN,NaN,0,NaN,0,NaN,0,NaN,0,NaN,152111,151650,70811
1778949197,67954,18.0273,2.375,1,NaN,NaN,NaN,df,df,0,57,0,208,191,441,406,0,0,0,0,147561,NaN,NaN,NaN,NaN,NaN,NaN,NaN,0,NaN,0,NaN,0,NaN,0,NaN,152212,151850,70911
1778949259,68016,18.0273,2.621,1,NaN,NaN,NaN,df,df,0,57,0,171,205,365,432,0,0,0,0,147742,NaN,NaN,NaN,NaN,NaN,NaN,NaN,0,NaN,0,NaN,0,NaN,0,NaN,152412,152000,71011
1778949321,68078,18.0273,2.438,1,NaN,NaN,NaN,df,df,0,57,0,171,165,365,352,0,0,0,0,147842,NaN,NaN,NaN,NaN,NaN,NaN,NaN,0,NaN,0,NaN,0,NaN,0,NaN,152612,152250,71061
1778949383,68140,18.0273,2.395,1,NaN,NaN,NaN,df,df,0,57,0,271,189,565,402,0,0,0,0,147985,NaN,NaN,NaN,NaN,NaN,NaN,NaN,0,NaN,0,NaN,0,NaN,0,NaN,152810,152350,71211
1778949451,68208,18.0703,15.3359,1,0,NaN,1,df,nondf,1,58,1,220,192,596,1067,135,660,0,0,148145,53,NaN,NaN,NaN,NaN,NaN,NaN,0,0,0,0,0,0,0,0,152862,152450,71212
1778949512,68269,18.1094,15.668,1,0,NaN,1,df,nondf,1,58,1,219,243,896,1149,435,642,0,0,148289,189,NaN,NaN,NaN,NaN,NaN,NaN,0,0,0,0,0,0,0,0,152962,152500,71251
1778949573,68330,18.1094,15.832,1,0,NaN,1,df,nondf,1,58,1,178,159,688,879,309,534,0,0,148449,216,NaN,NaN,NaN,NaN,NaN,NaN,0,0,0,0,0,0,0,0,153061,152750,71271
1778949634,68391,18.0781,15.8867,1,0,NaN,1,df,nondf,1,58,1,139,140,703,718,402,417,0,0,148560,333,NaN,NaN,NaN,NaN,NaN,NaN,0,0,0,0,0,0,0,0,153261,152950,71282
1778949695,68452,18.1992,15.918,1,0,NaN,1,df,nondf,1,58,1,227,222,1103,1109,627,675,0,0,148760,483,NaN,NaN,NaN,NaN,NaN,NaN,0,0,0,0,0,0,0,0,153611,153150,71282
1778949755,68512,18.2266,16.0547,1,0,NaN,1,df,nondf,1,58,1,248,264,1297,1292,777,741,0,0,148869,635,NaN,NaN,NaN,NaN,NaN,NaN,0,0,0,0,0,0,0,0,153712,153200,71288
1778949816,68573,18.2266,16.0195,1,0,NaN,1,df,nondf,1,58,1,199,208,992,1034,570,597,0,0,148870,824,NaN,NaN,NaN,NaN,NaN,NaN,0,0,0,0,0,0,0,0,153762,153350,71291
1778949877,68634,18.2305,16.1562,1,0,NaN,1,df,nondf,1,58,1,250,261,1157,1295,633,750,0,0,148921,1072,NaN,NaN,NaN,NaN,NaN,NaN,0,0,0,0,0,0,0,0,153961,153450,71292
1778949938,68695,18.2227,16.2773,1,0,NaN,1,df,nondf,1,58,1,253,259,1307,1297,777,756,0,0,148924,1270,NaN,NaN,NaN,NaN,NaN,NaN,0,0,0,0,0,0,0,0,154112,153600,71292
1778949999,68756,18.125,16.3242,1,0,NaN,1,df,nondf,1,58,1,253,259,1303,1300,774,759,0,0,148924,1420,NaN,NaN,NaN,NaN,NaN,NaN,0,0,0,0,0,0,0,0,154112,153600,71292
1778950061,68818,18.0312,2.387,1,NaN,NaN,NaN,df,df,0,58,0,172,159,365,341,0,0,0,0,148974,NaN,NaN,NaN,NaN,NaN,NaN,NaN,0,NaN,0,NaN,0,NaN,0,NaN,154162,153800,71392
1778950123,68880,18.0312,2.387,1,NaN,NaN,NaN,df,df,0,58,0,253,209,529,441,0,0,0,0,149158,NaN,NaN,NaN,NaN,NaN,NaN,NaN,0,NaN,0,NaN,0,NaN,0,NaN,154362,153900,71542
1778950185,68942,18.0312,2.387,1,NaN,NaN,NaN,df,df,0,58,0,214,198,453,417,0,0,0,0,149276,NaN,NaN,NaN,NaN,NaN,NaN,NaN,0,NaN,0,NaN,0,NaN,0,NaN,154462,154050,71642
1778950247,69004,18.0312,2.426,1,NaN,NaN,NaN,df,df,0,58,0,204,158,431,339,0,0,0,0,149375,NaN,NaN,NaN,NaN,NaN,NaN,NaN,0,NaN,0,NaN,0,NaN,0,NaN,154662,154300,71692
1778950308,69065,18.0508,2.398,1,NaN,NaN,NaN,df,df,0,58,0,207,305,437,633,0,0,0,0,149478,NaN,NaN,NaN,NaN,NaN,NaN,NaN,0,NaN,0,NaN,0,NaN,0,NaN,154862,154350,71792
1778950370,69127,18.0508,2.395,1,NaN,NaN,NaN,df,df,0,58,0,224,255,473,533,0,0,0,0,149628,NaN,NaN,NaN,NaN,NaN,NaN,NaN,0,NaN,0,NaN,0,NaN,0,NaN,154912,154450,71992
1778950432,69189,18.0508,2.523,1,NaN,NaN,NaN,df,df,0,58,0,206,206,435,435,0,0,0,0,149777,NaN,NaN,NaN,NaN,NaN,NaN,NaN,0,NaN,0,NaN,0,NaN,0,NaN,155062,154650,72092
1778950494,69251,18.0508,2.391,1,NaN,NaN,NaN,df,df,0,58,0,195,256,415,535,0,0,0,0,149896,NaN,NaN,NaN,NaN,NaN,NaN,NaN,0,NaN,0,NaN,0,NaN,0,NaN,155212,154800,72192
1778950556,69313,18.0508,2.441,1,NaN,NaN,NaN,df,df,0,58,0,206,256,435,535,0,0,0,0,150027,NaN,NaN,NaN,NaN,NaN,NaN,NaN,0,NaN,0,NaN,0,NaN,0,NaN,155362,154900,72342
1778950617,69374,18.0508,2.391,1,NaN,NaN,NaN,df,df,0,58,0,230,256,482,535,0,0,0,0,150177,NaN,NaN,NaN,NaN,NaN,NaN,NaN,0,NaN,0,NaN,0,NaN,0,NaN,155462,154950,72542
1778950681,69438,18.0508,14.6836,1,0,NaN,1,df,nondf,1,59,1,253,206,664,1131,132,696,0,0,150369,50,NaN,NaN,NaN,NaN,NaN,NaN,0,0,0,0,0,0,0,0,155611,155150,72543
1778950741,69498,18.3945,15.043,1,0,NaN,1,df,nondf,1,59,1,207,213,717,1066,279,621,0,0,150528,99,NaN,NaN,NaN,NaN,NaN,NaN,0,0,0,0,0,0,0,0,155712,155250,72543
1778950802,69559,18.3945,15.2344,1,0,NaN,1,df,nondf,1,59,1,214,248,917,1138,462,621,0,0,150684,209,NaN,NaN,NaN,NaN,NaN,NaN,0,0,0,0,0,0,0,0,155912,155450,72543
1778950863,69620,18.3945,15.1719,1,0,NaN,1,df,nondf,1,59,1,244,236,1017,1174,504,678,0,0,150860,281,NaN,NaN,NaN,NaN,NaN,NaN,0,0,0,0,0,0,0,0,156012,155550,72562
1778950924,69681,18.3945,15.3164,1,0,NaN,1,df,nondf,1,59,1,224,238,982,1313,510,672,0,0,151045,283,NaN,NaN,NaN,NaN,NaN,NaN,0,0,0,0,0,0,0,0,156112,155650,72563
1778950985,69742,18.3945,16.2266,1,0,NaN,1,df,nondf,1,59,1,223,189,942,1068,474,666,0,0,151167,384,NaN,NaN,NaN,NaN,NaN,NaN,0,0,0,0,0,0,0,0,156262,155850,72564
1778951046,69803,18.3945,16.6211,1,0,NaN,1,df,nondf,1,59,1,232,230,1106,1180,618,696,0,0,151303,475,NaN,NaN,NaN,NaN,NaN,NaN,0,0,0,0,0,0,0,0,156362,155900,72573
1778951106,69863,18.3945,16.4922,1,0,NaN,1,df,nondf,1,59,1,132,130,648,677,360,393,0,0,151426,475,NaN,NaN,NaN,NaN,NaN,NaN,0,0,0,0,0,0,0,0,156412,156150,72573
1778951167,69924,18.4453,16.5938,1,0,NaN,1,df,nondf,1,59,1,232,279,1300,1277,813,696,0,0,151603,674,NaN,NaN,NaN,NaN,NaN,NaN,0,0,0,0,0,0,0,0,156761,156250,72573
1778951228,69985,18.418,16.793,1,0,NaN,1,df,nondf,1,59,1,236,276,1305,1283,810,708,0,0,151607,871,NaN,NaN,NaN,NaN,NaN,NaN,0,0,0,0,0,0,0,0,156762,156250,72576
1778951290,70047,18.3867,2.637,1,NaN,NaN,NaN,df,df,0,59,0,180,159,383,339,0,0,0,0,151651,NaN,NaN,NaN,NaN,NaN,NaN,NaN,0,NaN,0,NaN,0,NaN,0,NaN,156762,156400,72670
1778951352,70109,18.3867,2.406,1,NaN,NaN,NaN,df,df,0,59,0,130,132,283,287,0,0,0,0,151751,NaN,NaN,NaN,NaN,NaN,NaN,NaN,0,NaN,0,NaN,0,NaN,0,NaN,156862,156600,72820
1778951414,70171,18.3867,2.406,1,NaN,NaN,NaN,df,df,0,59,0,166,182,357,387,0,0,0,0,151918,NaN,NaN,NaN,NaN,NaN,NaN,NaN,0,NaN,0,NaN,0,NaN,0,NaN,156962,156650,73020
1778951476,70233,18.3867,2.41,1,NaN,NaN,NaN,df,df,0,59,0,174,138,371,299,0,0,0,0,152101,NaN,NaN,NaN,NaN,NaN,NaN,NaN,0,NaN,0,NaN,0,NaN,0,NaN,157112,156800,73170
1778951538,70295,18.3867,3.805,1,NaN,NaN,NaN,df,df,0,59,0,198,164,417,353,0,0,0,0,152301,NaN,NaN,NaN,NaN,NaN,NaN,NaN,0,NaN,0,NaN,0,NaN,0,NaN,157262,156900,73320
1778951600,70357,18.3867,2.445,1,NaN,NaN,NaN,df,df,0,59,0,280,232,583,487,0,0,0,0,152501,NaN,NaN,NaN,NaN,NaN,NaN,NaN,0,NaN,0,NaN,0,NaN,0,NaN,157462,156950,73520
1778951661,70418,18.3867,2.473,1,NaN,NaN,NaN,df,df,0,59,0,229,257,481,535,0,0,0,0,152600,NaN,NaN,NaN,NaN,NaN,NaN,NaN,0,NaN,0,NaN,0,NaN,0,NaN,157612,157100,73620
1778951723,70480,18.3867,2.605,1,NaN,NaN,NaN,df,df,0,59,0,209,202,439,429,0,0,0,0,152700,NaN,NaN,NaN,NaN,NaN,NaN,NaN,0,NaN,0,NaN,0,NaN,0,NaN,157661,157250,73820
1778951785,70542,18.3867,2.406,1,NaN,NaN,NaN,df,df,0,59,0,233,233,490,490,0,0,0,0,152851,NaN,NaN,NaN,NaN,NaN,NaN,NaN,0,NaN,0,NaN,0,NaN,0,NaN,157862,157400,73870
1778951847,70604,18.3867,2.406,1,NaN,NaN,NaN,df,df,0,59,0,276,233,578,490,0,0,0,0,152980,NaN,NaN,NaN,NaN,NaN,NaN,NaN,0,NaN,0,NaN,0,NaN,0,NaN,158012,157500,73970
1778951950,70707,18.3867,14.8984,1,0,NaN,1,df,nondf,1,60,1,225,209,579,1121,105,675,0,0,153197,72,NaN,NaN,NaN,NaN,NaN,NaN,0,0,0,0,0,0,0,0,158062,157650,74066
1778952011,70768,18.3867,15.5195,1,0,NaN,1,df,nondf,1,60,1,252,237,781,1324,255,825,0,0,153397,104,NaN,NaN,NaN,NaN,NaN,NaN,0,0,0,0,0,0,0,0,158212,157700,74066
1778952072,70829,18.3867,15.7969,1,0,NaN,1,df,nondf,1,60,1,171,179,740,897,375,513,0,0,153443,242,NaN,NaN,NaN,NaN,NaN,NaN,0,0,0,0,0,0,0,0,158358,158050,74066
1778952133,70890,18.5,16.2578,1,0,NaN,1,df,nondf,1,60,1,228,230,1076,1168,597,684,0,0,153596,397,NaN,NaN,NaN,NaN,NaN,NaN,0,0,0,0,0,0,0,0,158608,158150,74074
1778952194,70951,18.25,16.2812,1,0,NaN,1,df,nondf,1,60,1,241,235,1173,1208,666,714,0,0,153709,502,NaN,NaN,NaN,NaN,NaN,NaN,0,0,0,0,0,0,0,0,158812,158350,74075
1778952255,71012,18.207,16.3398,1,0,NaN,1,df,nondf,1,60,1,273,239,1244,1321,675,819,0,0,153895,556,NaN,NaN,NaN,NaN,NaN,NaN,0,0,0,0,0,0,0,0,158962,158450,74078
1778952316,71073,18.207,16.4492,1,0,NaN,1,df,nondf,1,60,1,271,240,1253,1313,690,810,0,0,154084,607,NaN,NaN,NaN,NaN,NaN,NaN,0,0,0,0,0,0,0,0,159061,158550,74083
1778952376,71133,18.3086,16.4531,1,0,NaN,1,df,nondf,1,60,1,224,188,1023,1068,552,669,0,0,154170,655,NaN,NaN,NaN,NaN,NaN,NaN,0,0,0,0,0,0,0,0,159062,158650,74086
1778952437,71194,18.2695,16.5977,1,0,NaN,1,df,nondf,1,60,1,225,237,1178,1172,705,675,0,0,154197,904,NaN,NaN,NaN,NaN,NaN,NaN,0,0,0,0,0,0,0,0,159212,158750,74087
1778952498,71255,18.3008,16.3477,1,0,NaN,1,df,nondf,1,60,1,274,238,1279,1318,708,819,0,0,154396,955,NaN,NaN,NaN,NaN,NaN,NaN,0,0,0,0,0,0,0,0,159312,158800,74087
1778952559,71316,18.1875,2.461,1,NaN,NaN,NaN,df,df,0,60,0,267,244,557,511,0,0,0,0,154545,NaN,NaN,NaN,NaN,NaN,NaN,NaN,0,NaN,0,NaN,0,NaN,0,NaN,159361,158850,74337
1778952621,71378,18.1875,2.457,1,NaN,NaN,NaN,df,df,0,60,0,173,139,367,303,0,0,0,0,154646,NaN,NaN,NaN,NaN,NaN,NaN,NaN,0,NaN,0,NaN,0,NaN,0,NaN,159362,159050,74487
1778952683,71440,18.1875,2.477,1,NaN,NaN,NaN,df,df,0,60,0,132,180,285,386,0,0,0,0,154796,NaN,NaN,NaN,NaN,NaN,NaN,NaN,0,NaN,0,NaN,0,NaN,0,NaN,159512,159200,74587
1778952745,71502,18.1875,3.941,1,NaN,NaN,NaN,df,df,0,60,0,174,182,371,392,0,0,0,0,154946,NaN,NaN,NaN,NaN,NaN,NaN,NaN,0,NaN,0,NaN,0,NaN,0,NaN,159712,159350,74737
1778952807,71564,18.1875,2.453,1,NaN,NaN,NaN,df,df,0,60,0,224,238,471,500,0,0,0,0,154996,NaN,NaN,NaN,NaN,NaN,NaN,NaN,0,NaN,0,NaN,0,NaN,0,NaN,159912,159450,74787
1778952869,71626,18.1875,2.59,1,NaN,NaN,NaN,df,df,0,60,0,272,238,567,500,0,0,0,0,155194,NaN,NaN,NaN,NaN,NaN,NaN,NaN,0,NaN,0,NaN,0,NaN,0,NaN,160010,159500,74987
1778952931,71688,18.1875,2.449,1,NaN,NaN,NaN,df,df,0,60,0,222,288,469,600,0,0,0,0,155344,NaN,NaN,NaN,NaN,NaN,NaN,NaN,0,NaN,0,NaN,0,NaN,0,NaN,160061,159550,75237
1778952992,71749,18.1875,2.426,1,NaN,NaN,NaN,df,df,0,60,0,232,238,489,499,0,0,0,0,155446,NaN,NaN,NaN,NaN,NaN,NaN,NaN,0,NaN,0,NaN,0,NaN,0,NaN,160162,159700,75337
1778953054,71811,18.1875,2.551,1,NaN,NaN,NaN,df,df,0,60,0,274,235,572,493,0,0,0,0,155596,NaN,NaN,NaN,NaN,NaN,NaN,NaN,0,NaN,0,NaN,0,NaN,0,NaN,160359,159850,75437
1778953116,71873,18.1875,2.719,1,NaN,NaN,NaN,df,df,0,60,0,224,270,472,559,0,0,0,0,155746,NaN,NaN,NaN,NaN,NaN,NaN,NaN,0,NaN,0,NaN,0,NaN,0,NaN,160462,159950,75587
1778953179,71936,18.1875,14.0156,1,0,NaN,1,df,nondf,1,61,1,171,164,369,868,3,513,0,0,155893,22,NaN,NaN,NaN,NaN,NaN,NaN,0,0,0,0,0,0,0,0,160562,160250,75587
1778953240,71997,18.1875,14.3789,1,0,NaN,1,df,nondf,1,61,1,192,191,559,1065,153,660,0,0,156143,53,NaN,NaN,NaN,NaN,NaN,NaN,0,0,0,0,0,0,0,0,160812,160400,75587
1778953301,72058,18.1172,14.9961,1,0,NaN,1,df,nondf,1,61,1,172,191,698,1044,330,639,0,0,156293,153,NaN,NaN,NaN,NaN,NaN,NaN,0,0,0,0,0,0,0,0,161012,160650,75587
1778953361,72118,18.1172,15.1719,1,0,NaN,1,df,nondf,1,61,1,221,241,957,1166,492,663,0,0,156443,303,NaN,NaN,NaN,NaN,NaN,NaN,0,0,0,0,0,0,0,0,161312,160850,75587
1778953422,72179,18.1172,15.1836,1,0,NaN,1,df,nondf,1,61,1,131,131,622,675,339,390,0,0,156548,343,NaN,NaN,NaN,NaN,NaN,NaN,0,0,0,0,0,0,0,0,161312,161050,75597
1778953483,72240,18.1172,15.1836,1,0,NaN,1,df,nondf,1,61,1,137,125,648,684,351,411,0,0,156709,435,NaN,NaN,NaN,NaN,NaN,NaN,0,0,0,0,0,0,0,0,161462,161200,75605
1778953544,72301,18.3945,15.7891,1,0,NaN,1,df,nondf,1,61,1,239,273,1302,1286,801,717,0,0,156861,661,NaN,NaN,NaN,NaN,NaN,NaN,0,0,0,0,0,0,0,0,161812,161300,75605
1778953605,72362,18.3555,15.8516,1,0,NaN,1,df,nondf,1,61,1,240,222,1163,1184,660,717,0,0,156878,834,NaN,NaN,NaN,NaN,NaN,NaN,0,0,0,0,0,0,0,0,161862,161400,75607
1778953666,72423,18.3867,15.8984,1,0,NaN,1,df,nondf,1,61,1,240,256,1163,1257,660,720,0,0,157012,964,NaN,NaN,NaN,NaN,NaN,NaN,0,0,0,0,0,0,0,0,162062,161600,75607
1778953727,72484,18.3867,15.9258,1,0,NaN,1,df,nondf,1,61,1,226,221,1133,1149,660,684,0,0,157162,1033,NaN,NaN,NaN,NaN,NaN,NaN,0,0,0,0,0,0,0,0,162211,161750,75607
1778953789,72546,18.293,2.461,1,NaN,NaN,NaN,df,df,0,61,0,240,231,503,481,0,0,0,0,157262,NaN,NaN,NaN,NaN,NaN,NaN,NaN,0,NaN,0,NaN,0,NaN,0,NaN,162410,161900,75707
1778953851,72608,18.293,2.453,1,NaN,NaN,NaN,df,df,0,61,0,287,218,595,459,0,0,0,0,157364,NaN,NaN,NaN,NaN,NaN,NaN,NaN,0,NaN,0,NaN,0,NaN,0,NaN,162510,162000,75857
1778953913,72670,18.293,2.449,1,NaN,NaN,NaN,df,df,0,61,0,237,218,499,459,0,0,0,0,157441,NaN,NaN,NaN,NaN,NaN,NaN,NaN,0,NaN,0,NaN,0,NaN,0,NaN,162662,162250,75907
1778953974,72731,18.293,2.562,1,NaN,NaN,NaN,df,df,0,61,0,244,167,511,357,0,0,0,0,157566,NaN,NaN,NaN,NaN,NaN,NaN,NaN,0,NaN,0,NaN,0,NaN,0,NaN,162861,162450,76007
1778954036,72793,18.293,2.453,1,NaN,NaN,NaN,df,df,0,61,0,217,194,459,409,0,0,0,0,157680,NaN,NaN,NaN,NaN,NaN,NaN,NaN,0,NaN,0,NaN,0,NaN,0,NaN,163061,162650,76057
1778954098,72855,18.293,2.551,1,NaN,NaN,NaN,df,df,0,61,0,245,217,513,457,0,0,0,0,157817,NaN,NaN,NaN,NaN,NaN,NaN,NaN,0,NaN,0,NaN,0,NaN,0,NaN,163162,162700,76257
1778954160,72917,18.293,2.473,1,NaN,NaN,NaN,df,df,0,61,0,145,167,313,357,0,0,0,0,157867,NaN,NaN,NaN,NaN,NaN,NaN,NaN,0,NaN,0,NaN,0,NaN,0,NaN,163212,162900,76407
1778954222,72979,18.293,2.461,1,NaN,NaN,NaN,df,df,0,61,0,118,144,257,313,0,0,0,0,157967,NaN,NaN,NaN,NaN,NaN,NaN,NaN,0,NaN,0,NaN,0,NaN,0,NaN,163312,163050,76557
1778954283,73040,18.293,2.602,1,NaN,NaN,NaN,df,df,0,61,0,195,198,413,417,0,0,0,0,158167,NaN,NaN,NaN,NaN,NaN,NaN,NaN,0,NaN,0,NaN,0,NaN,0,NaN,163512,163100,76757
1778954345,73102,18.293,2.449,1,NaN,NaN,NaN,df,df,0,61,0,221,267,467,557,0,0,0,0,158274,NaN,NaN,NaN,NaN,NaN,NaN,NaN,0,NaN,0,NaN,0,NaN,0,NaN,163662,163200,76907
1778954408,73165,18.1875,14.9219,1,0,NaN,1,df,nondf,1,62,1,194,168,529,941,117,582,0,0,158416,51,NaN,NaN,NaN,NaN,NaN,NaN,0,0,0,0,0,0,0,0,163812,163450,76908
1778954469,73226,18.1875,16.1055,1,0,NaN,1,df,nondf,1,62,1,207,191,864,930,426,525,0,0,158524,224,NaN,NaN,NaN,NaN,NaN,NaN,0,0,0,0,0,0,0,0,164012,163650,76935
1778954530,73287,18.1875,16.4375,1,0,NaN,1,df,nondf,1,62,1,277,233,1190,1212,612,723,0,0,158699,366,NaN,NaN,NaN,NaN,NaN,NaN,0,0,0,0,0,0,0,0,164310,163800,76943
1778954591,73348,18.3516,16.8711,1,0,NaN,1,df,nondf,1,62,1,235,239,1262,1202,768,705,0,0,158707,510,NaN,NaN,NaN,NaN,NaN,NaN,0,0,0,0,0,0,0,0,164412,163900,76949
1778954652,73409,18.3125,16.8711,1,0,NaN,1,df,nondf,1,62,1,239,246,1279,1228,777,717,0,0,158761,705,NaN,NaN,NaN,NaN,NaN,NaN,0,0,0,0,0,0,0,0,164611,164100,76953
1778954713,73470,18.3398,16.9453,1,0,NaN,1,df,nondf,1,62,1,239,263,1257,1270,756,717,0,0,158911,792,NaN,NaN,NaN,NaN,NaN,NaN,0,0,0,0,0,0,0,0,164660,164200,76953
1778954774,73531,18.3516,16.9727,1,0,NaN,1,df,nondf,1,62,1,191,221,1069,1037,663,573,0,0,158963,931,NaN,NaN,NaN,NaN,NaN,NaN,0,0,0,0,0,0,0,0,164812,164400,76953
1778954835,73592,18.3516,16.9688,1,0,NaN,1,df,nondf,1,62,1,192,220,1068,1038,660,576,0,0,159014,1121,NaN,NaN,NaN,NaN,NaN,NaN,0,0,0,0,0,0,0,0,164962,164550,76954
1778954895,73652,18.3516,16.9141,1,0,NaN,1,df,nondf,1,62,1,192,220,1065,1040,657,576,0,0,159064,1304,NaN,NaN,NaN,NaN,NaN,NaN,0,0,0,0,0,0,0,0,165012,164600,76954
1778954956,73713,18.3516,16.9023,1,0,NaN,1,df,nondf,1,62,1,193,219,1064,1039,654,579,0,0,159165,1436,NaN,NaN,NaN,NaN,NaN,NaN,0,0,0,0,0,0,0,0,165112,164700,76954
1778955018,73775,18.1875,2.48,1,NaN,NaN,NaN,df,df,0,62,0,216,256,458,536,0,0,0,0,159276,NaN,NaN,NaN,NaN,NaN,NaN,NaN,0,NaN,0,NaN,0,NaN,0,NaN,165260,164800,77115
1778955080,73837,18.1875,2.586,1,NaN,NaN,NaN,df,df,0,62,0,206,256,437,531,0,0,0,0,159378,NaN,NaN,NaN,NaN,NaN,NaN,NaN,0,NaN,0,NaN,0,NaN,0,NaN,165412,164950,77215
1778955142,73899,18.1875,2.5,1,NaN,NaN,NaN,df,df,0,62,0,255,256,531,535,0,0,0,0,159528,NaN,NaN,NaN,NaN,NaN,NaN,NaN,0,NaN,0,NaN,0,NaN,0,NaN,165562,165050,77315
1778955204,73961,18.1875,2.527,1,NaN,NaN,NaN,df,df,0,62,0,206,255,435,533,0,0,0,0,159628,NaN,NaN,NaN,NaN,NaN,NaN,NaN,0,NaN,0,NaN,0,NaN,0,NaN,165711,165250,77365
1778955266,74023,18.1875,2.469,1,NaN,NaN,NaN,df,df,0,62,0,206,206,435,435,0,0,0,0,159721,NaN,NaN,NaN,NaN,NaN,NaN,NaN,0,NaN,0,NaN,0,NaN,0,NaN,165862,165450,77415
1778955328,74085,18.1875,2.492,1,NaN,NaN,NaN,df,df,0,62,0,256,256,535,535,0,0,0,0,159878,NaN,NaN,NaN,NaN,NaN,NaN,NaN,0,NaN,0,NaN,0,NaN,0,NaN,166012,165500,77515
1778955389,74146,18.1875,2.484,1,NaN,NaN,NaN,df,df,0,62,0,206,156,435,335,0,0,0,0,160027,NaN,NaN,NaN,NaN,NaN,NaN,NaN,0,NaN,0,NaN,0,NaN,0,NaN,166112,165750,77615
1778955451,74208,18.1875,2.469,1,NaN,NaN,NaN,df,df,0,62,0,229,233,483,487,0,0,0,0,160192,NaN,NaN,NaN,NaN,NaN,NaN,NaN,0,NaN,0,NaN,0,NaN,0,NaN,166262,165800,77765
1778955513,74270,18.1875,2.469,1,NaN,NaN,NaN,df,df,0,62,0,212,255,447,533,0,0,0,0,160328,NaN,NaN,NaN,NaN,NaN,NaN,NaN,0,NaN,0,NaN,0,NaN,0,NaN,166411,165900,77915
1778955575,74332,18.1875,2.844,1,NaN,NaN,NaN,df,df,0,62,0,233,227,492,476,0,0,0,0,160497,NaN,NaN,NaN,NaN,NaN,NaN,NaN,0,NaN,0,NaN,0,NaN,0,NaN,166561,166100,77965
1778955658,74415,18.1875,15.4727,1,0,NaN,1,df,nondf,1,63,1,239,172,745,1085,243,717,0,0,160728,116,NaN,NaN,NaN,NaN,NaN,NaN,0,0,0,0,0,0,0,0,166761,166350,78099
1778955719,74476,18.1875,15.5977,1,0,NaN,1,df,nondf,1,63,1,211,250,959,1157,513,633,0,0,160834,293,NaN,NaN,NaN,NaN,NaN,NaN,0,0,0,0,0,0,0,0,166911,166450,78121
1778955780,74537,18.1875,15.8125,1,0,NaN,1,df,nondf,1,63,1,220,241,974,1166,510,660,0,0,160993,384,NaN,NaN,NaN,NaN,NaN,NaN,0,0,0,0,0,0,0,0,167011,166550,78130
1778955841,74598,18.2852,16.2695,1,0,NaN,1,df,nondf,1,63,1,234,228,1107,1172,615,693,0,0,161157,460,NaN,NaN,NaN,NaN,NaN,NaN,0,0,0,0,0,0,0,0,167112,166650,78137
1778955902,74659,18.125,16.2031,1,0,NaN,1,df,nondf,1,63,1,247,241,1276,1245,759,741,0,0,161220,659,NaN,NaN,NaN,NaN,NaN,NaN,0,0,0,0,0,0,0,0,167212,166700,78157
1778955962,74719,18.2539,16.2031,1,0,NaN,1,df,nondf,1,63,1,237,215,1129,1138,630,684,0,0,161355,759,NaN,NaN,NaN,NaN,NaN,NaN,0,0,0,0,0,0,0,0,167362,166950,78157
1778956023,74780,18.3164,16.4062,1,0,NaN,1,df,nondf,1,63,1,206,215,1076,1045,639,591,0,0,161424,909,NaN,NaN,NaN,NaN,NaN,NaN,0,0,0,0,0,0,0,0,167462,167050,78161
1778956084,74841,18.4023,16.3047,1,0,NaN,1,df,nondf,1,63,1,249,263,1307,1297,786,747,0,0,161522,1100,NaN,NaN,NaN,NaN,NaN,NaN,0,0,0,0,0,0,0,0,167612,167100,78161
1778956145,74902,18.3945,16.5234,1,0,NaN,1,df,nondf,1,63,1,254,258,1305,1301,774,762,0,0,161527,1248,NaN,NaN,NaN,NaN,NaN,NaN,0,0,0,0,0,0,0,0,167662,167150,78163
1778956206,74963,18.2227,16.5547,1,0,NaN,1,df,nondf,1,63,1,254,241,1293,1265,762,762,0,0,161627,1352,NaN,NaN,NaN,NaN,NaN,NaN,0,0,0,0,0,0,0,0,167762,167250,78164
1778956268,75025,18.125,2.488,1,NaN,NaN,NaN,df,df,0,63,0,212,248,447,517,0,0,0,0,161726,NaN,NaN,NaN,NaN,NaN,NaN,NaN,0,NaN,0,NaN,0,NaN,0,NaN,167910,167450,78264
1778956330,75087,18.1328,2.562,1,NaN,NaN,NaN,df,df,0,63,0,302,210,627,444,0,0,0,0,161925,NaN,NaN,NaN,NaN,NaN,NaN,NaN,0,NaN,0,NaN,0,NaN,0,NaN,167962,167450,78514
1778956392,75149,18.1328,2.809,1,NaN,NaN,NaN,df,df,0,63,0,249,213,519,452,0,0,0,0,162075,NaN,NaN,NaN,NaN,NaN,NaN,NaN,0,NaN,0,NaN,0,NaN,0,NaN,168062,167600,78664
1778956454,75211,18.1133,2.488,1,NaN,NaN,NaN,df,df,0,63,0,241,210,505,444,0,0,0,0,162225,NaN,NaN,NaN,NaN,NaN,NaN,NaN,0,NaN,0,NaN,0,NaN,0,NaN,168212,167750,78764
1778956516,75273,18.1133,2.484,1,NaN,NaN,NaN,df,df,0,63,0,295,217,615,454,0,0,0,0,162410,NaN,NaN,NaN,NaN,NaN,NaN,NaN,0,NaN,0,NaN,0,NaN,0,NaN,168462,167950,78764
1778956577,75334,18.1133,2.535,1,NaN,NaN,NaN,df,df,0,63,0,254,257,531,538,0,0,0,0,162527,NaN,NaN,NaN,NaN,NaN,NaN,NaN,0,NaN,0,NaN,0,NaN,0,NaN,168661,168150,78864
1778956639,75396,18.1055,2.488,1,NaN,NaN,NaN,df,df,0,63,0,225,208,471,439,0,0,0,0,162677,NaN,NaN,NaN,NaN,NaN,NaN,NaN,0,NaN,0,NaN,0,NaN,0,NaN,168712,168250,79064
1778956701,75458,18.1055,2.484,1,NaN,NaN,NaN,df,df,0,63,0,204,209,429,441,0,0,0,0,162779,NaN,NaN,NaN,NaN,NaN,NaN,NaN,0,NaN,0,NaN,0,NaN,0,NaN,168862,168450,79164
1778956763,75520,18.1055,2.484,1,NaN,NaN,NaN,df,df,0,63,0,106,156,236,335,0,0,0,0,162879,NaN,NaN,NaN,NaN,NaN,NaN,NaN,0,NaN,0,NaN,0,NaN,0,NaN,169012,168750,79214
1778956826,75583,18.1055,2.742,1,NaN,NaN,NaN,df,df,0,63,0,143,169,308,363,0,0,0,0,163029,NaN,NaN,NaN,NaN,NaN,NaN,NaN,0,NaN,0,NaN,0,NaN,0,NaN,169162,168850,79314
1778956889,75646,18.1055,14.8047,1,0,NaN,1,df,nondf,1,64,1,148,114,401,692,81,441,0,0,163221,41,NaN,NaN,NaN,NaN,NaN,NaN,0,0,0,0,0,0,0,0,169262,169000,79406
1778956950,75707,18.0273,16.1836,1,0,NaN,1,df,nondf,1,64,1,248,214,988,1168,468,717,0,0,163421,191,NaN,NaN,NaN,NaN,NaN,NaN,0,0,0,0,0,0,0,0,169562,169100,79406
1778957011,75768,18.207,16.4531,1,0,NaN,1,df,nondf,1,64,1,263,249,1171,1307,621,786,0,0,163549,276,NaN,NaN,NaN,NaN,NaN,NaN,0,0,0,0,0,0,0,0,169712,169200,79422
1778957072,75829,18.3086,16.7109,1,0,NaN,1,df,nondf,1,64,1,163,185,850,916,501,525,0,0,163686,276,NaN,NaN,NaN,NaN,NaN,NaN,0,0,0,0,0,0,0,0,169812,169450,79422
1778957132,75889,18.2852,16.7109,1,0,NaN,1,df,nondf,1,64,1,169,199,888,910,525,513,0,0,163887,326,NaN,NaN,NaN,NaN,NaN,NaN,0,0,0,0,0,0,0,0,170012,169650,79422
1778957193,75950,18.2852,17.0312,1,0,NaN,1,df,nondf,1,64,1,212,250,1125,1159,678,636,0,0,164135,377,NaN,NaN,NaN,NaN,NaN,NaN,0,0,0,0,0,0,0,0,170212,169750,79422
1778957254,76011,18.2852,17.1914,1,0,NaN,1,df,nondf,1,64,1,218,244,1140,1174,681,663,0,0,164291,421,NaN,NaN,NaN,NaN,NaN,NaN,0,0,0,0,0,0,0,0,170262,169800,79429
1778957315,76072,18.2773,17.2227,1,0,NaN,1,df,nondf,1,64,1,230,242,1184,1167,699,660,0,0,164349,619,NaN,NaN,NaN,NaN,NaN,NaN,0,0,0,0,0,0,0,0,170462,170000,79431
1778957376,76133,18.1445,17.2305,1,0,NaN,1,df,nondf,1,64,1,267,245,1271,1314,714,801,0,0,164540,672,NaN,NaN,NaN,NaN,NaN,NaN,0,0,0,0,0,0,0,0,170662,170150,79431
1778957437,76194,18.25,17.3633,1,0,NaN,1,df,nondf,1,64,1,167,180,930,913,573,534,0,0,164640,672,NaN,NaN,NaN,NaN,NaN,NaN,0,0,0,0,0,0,0,0,170662,170300,79431
1778957499,76256,18.1562,2.512,1,NaN,NaN,NaN,df,df,0,64,0,167,195,357,413,0,0,0,0,164740,NaN,NaN,NaN,NaN,NaN,NaN,NaN,0,NaN,0,NaN,0,NaN,0,NaN,170812,170450,79531
1778957561,76318,18.1562,2.504,1,NaN,NaN,NaN,df,df,0,64,0,251,245,527,513,0,0,0,0,164906,NaN,NaN,NaN,NaN,NaN,NaN,NaN,0,NaN,0,NaN,0,NaN,0,NaN,171061,170600,79581
1778957623,76380,18.1562,2.535,1,NaN,NaN,NaN,df,df,0,64,0,115,195,253,413,0,0,0,0,164988,NaN,NaN,NaN,NaN,NaN,NaN,NaN,0,NaN,0,NaN,0,NaN,0,NaN,171210,170900,79631
1778957685,76442,18.1562,2.535,1,NaN,NaN,NaN,df,df,0,64,0,115,145,253,313,0,0,0,0,165138,NaN,NaN,NaN,NaN,NaN,NaN,NaN,0,NaN,0,NaN,0,NaN,0,NaN,171360,171100,79731
1778957746,76503,18.1562,2.508,1,NaN,NaN,NaN,df,df,0,64,0,165,145,353,313,0,0,0,0,165288,NaN,NaN,NaN,NaN,NaN,NaN,NaN,0,NaN,0,NaN,0,NaN,0,NaN,171660,171350,79731
1778957808,76565,18.1562,2.949,1,NaN,NaN,NaN,df,df,0,64,0,210,200,441,425,0,0,0,0,165388,NaN,NaN,NaN,NaN,NaN,NaN,NaN,0,NaN,0,NaN,0,NaN,0,NaN,171960,171550,79731
1778957870,76627,18.1562,2.551,1,NaN,NaN,NaN,df,df,0,64,0,215,297,453,617,0,0,0,0,165538,NaN,NaN,NaN,NaN,NaN,NaN,NaN,0,NaN,0,NaN,0,NaN,0,NaN,172162,171650,79831
1778957932,76689,18.1562,2.504,1,NaN,NaN,NaN,df,df,0,64,0,259,203,543,425,0,0,0,0,165724,NaN,NaN,NaN,NaN,NaN,NaN,NaN,0,NaN,0,NaN,0,NaN,0,NaN,172312,171850,79881
1778957994,76751,18.1562,2.527,1,NaN,NaN,NaN,df,df,0,64,0,164,187,351,399,0,0,0,0,165837,NaN,NaN,NaN,NaN,NaN,NaN,NaN,0,NaN,0,NaN,0,NaN,0,NaN,172312,172000,80131
1778958056,76813,18.1562,2.527,1,NaN,NaN,NaN,df,df,0,64,0,164,247,352,515,0,0,0,0,165937,NaN,NaN,NaN,NaN,NaN,NaN,NaN,0,NaN,0,NaN,0,NaN,0,NaN,172512,172100,80231
1778958129,76886,18.4141,14.8203,1,0,NaN,1,df,nondf,1,65,1,241,171,656,1085,150,720,0,0,166164,73,NaN,NaN,NaN,NaN,NaN,NaN,0,0,0,0,0,0,0,0,172662,172250,80308
1778958190,76947,18.4023,14.9219,1,0,NaN,1,df,nondf,1,65,1,157,171,564,926,228,561,0,0,166314,123,NaN,NaN,NaN,NaN,NaN,NaN,0,0,0,0,0,0,0,0,172762,172400,80308
1778958251,77008,18.5039,14.9492,1,0,NaN,1,df,nondf,1,65,1,141,171,678,866,372,501,0,0,166464,223,NaN,NaN,NaN,NaN,NaN,NaN,0,0,0,0,0,0,0,0,173012,172700,80308
1778958312,77069,18.5547,15.0312,1,0,NaN,1,df,nondf,1,65,1,115,147,632,639,378,324,0,0,166588,325,NaN,NaN,NaN,NaN,NaN,NaN,0,0,0,0,0,0,0,0,173162,172900,80323
1778958373,77130,18.5898,15.0312,1,0,NaN,1,df,nondf,1,65,1,167,144,777,812,420,501,0,0,166740,446,NaN,NaN,NaN,NaN,NaN,NaN,0,0,0,0,0,0,0,0,173361,173050,80335
1778958433,77190,18.5977,15.0664,1,0,NaN,1,df,nondf,1,65,1,177,194,947,981,570,570,0,0,166940,546,NaN,NaN,NaN,NaN,NaN,NaN,0,0,0,0,0,0,0,0,173611,173200,80335
1778958494,77251,18.6016,16.0859,1,0,NaN,1,df,nondf,1,65,1,267,244,1278,1309,723,798,0,0,167101,696,NaN,NaN,NaN,NaN,NaN,NaN,0,0,0,0,0,0,0,0,173811,173300,80337
1778958555,77312,18.6445,16.1641,1,0,NaN,1,df,nondf,1,65,1,267,245,1286,1311,729,798,0,0,167240,797,NaN,NaN,NaN,NaN,NaN,NaN,0,0,0,0,0,0,0,0,173862,173350,80340
1778958616,77373,18.8516,16.3906,1,0,NaN,1,df,nondf,1,65,1,216,246,1190,1215,732,699,0,0,167439,799,NaN,NaN,NaN,NaN,NaN,NaN,0,0,0,0,0,0,0,0,173962,173500,80340
1778958676,77433,18.8438,16.582,1,0,NaN,1,df,nondf,1,65,1,262,250,1290,1310,744,786,0,0,167612,903,NaN,NaN,NaN,NaN,NaN,NaN,0,0,0,0,0,0,0,0,174162,173650,80340
1778958739,77496,18.7461,2.523,1,NaN,NaN,NaN,df,df,0,65,0,244,218,512,460,0,0,0,0,167709,NaN,NaN,NaN,NaN,NaN,NaN,NaN,0,NaN,0,NaN,0,NaN,0,NaN,174262,173800,80509
1778958800,77557,18.7461,2.574,1,NaN,NaN,NaN,df,df,0,65,0,148,212,318,450,0,0,0,0,167767,NaN,NaN,NaN,NaN,NaN,NaN,NaN,0,NaN,0,NaN,0,NaN,0,NaN,174360,174000,80609
1778958862,77619,18.7461,2.789,1,NaN,NaN,NaN,df,df,0,65,0,144,142,312,305,0,0,0,0,167867,NaN,NaN,NaN,NaN,NaN,NaN,NaN,0,NaN,0,NaN,0,NaN,0,NaN,174460,174150,80759
1778958924,77681,18.7461,2.527,1,NaN,NaN,NaN,df,df,0,65,0,244,248,511,523,0,0,0,0,168067,NaN,NaN,NaN,NaN,NaN,NaN,NaN,0,NaN,0,NaN,0,NaN,0,NaN,174660,174200,80909
1778958986,77743,18.7461,2.512,1,NaN,NaN,NaN,df,df,0,65,0,220,218,465,459,0,0,0,0,168174,NaN,NaN,NaN,NaN,NaN,NaN,NaN,0,NaN,0,NaN,0,NaN,0,NaN,174762,174350,81059
1778959048,77805,18.7461,2.516,1,NaN,NaN,NaN,df,df,0,65,0,221,216,467,455,0,0,0,0,168327,NaN,NaN,NaN,NaN,NaN,NaN,NaN,0,NaN,0,NaN,0,NaN,0,NaN,175012,174600,81059
1778959110,77867,18.7461,2.516,1,NaN,NaN,NaN,df,df,0,65,0,246,216,515,455,0,0,0,0,168502,NaN,NaN,NaN,NaN,NaN,NaN,NaN,0,NaN,0,NaN,0,NaN,0,NaN,175312,174850,81059
1778959172,77929,18.7461,2.523,1,NaN,NaN,NaN,df,df,0,65,0,248,264,519,551,0,0,0,0,168571,NaN,NaN,NaN,NaN,NaN,NaN,NaN,0,NaN,0,NaN,0,NaN,0,NaN,175512,175000,81109
1778959234,77991,18.7461,2.52,1,NaN,NaN,NaN,df,df,0,65,0,247,264,519,551,0,0,0,0,168702,NaN,NaN,NaN,NaN,NaN,NaN,NaN,0,NaN,0,NaN,0,NaN,0,NaN,175662,175150,81209
1778959296,78053,18.7461,2.926,1,NaN,NaN,NaN,df,df,0,65,0,198,165,419,351,0,0,0,0,168821,NaN,NaN,NaN,NaN,NaN,NaN,NaN,0,NaN,0,NaN,0,NaN,0,NaN,175760,175400,81309
1778959364,78121,18.6836,15.1133,1,0,NaN,1,df,nondf,1,66,1,256,240,991,1319,456,816,0,0,168995,178,NaN,NaN,NaN,NaN,NaN,NaN,0,0,0,0,0,0,0,0,176012,175500,81383
1778959425,78182,18.6836,15.832,1,0,NaN,1,df,nondf,1,66,1,271,241,1022,1318,459,813,0,0,169185,179,NaN,NaN,NaN,NaN,NaN,NaN,0,0,0,0,0,0,0,0,176062,175550,81383
1778959485,78242,18.7461,15.832,1,0,NaN,1,df,nondf,1,66,1,221,241,973,1168,507,663,0,0,169295,279,NaN,NaN,NaN,NaN,NaN,NaN,0,0,0,0,0,0,0,0,176162,175700,81383
1778959546,78303,18.7422,16.1523,1,0,NaN,1,df,nondf,1,66,1,235,226,1086,1179,594,702,0,0,169449,364,NaN,NaN,NaN,NaN,NaN,NaN,0,0,0,0,0,0,0,0,176261,175800,81399
1778959607,78364,18.7891,16.4414,1,0,NaN,1,df,nondf,1,66,1,243,219,1269,1192,612,729,0,0,169467,557,NaN,NaN,NaN,NaN,NaN,NaN,0,0,0,0,0,0,0,0,176362,175900,81407
1778959668,78425,18.75,16.4414,1,0,NaN,1,df,nondf,1,66,1,175,160,844,834,468,489,0,0,169544,648,NaN,NaN,NaN,NaN,NaN,NaN,0,0,0,0,0,0,0,0,176362,176050,81416
1778959729,78486,18.7891,16.5664,1,0,NaN,1,df,nondf,1,66,1,252,259,1257,1299,729,756,0,0,169626,897,NaN,NaN,NaN,NaN,NaN,NaN,0,0,0,0,0,0,0,0,176611,176100,81416
1778959790,78547,18.6406,16.5898,1,0,NaN,1,df,nondf,1,66,1,254,208,1149,1201,618,762,0,0,169723,996,NaN,NaN,NaN,NaN,NaN,NaN,0,0,0,0,0,0,0,0,176662,176200,81417
1778959850,78607,18.7812,16.5898,1,0,NaN,1,df,nondf,1,66,1,255,256,1175,1300,642,765,0,0,169779,1194,NaN,NaN,NaN,NaN,NaN,NaN,0,0,0,0,0,0,0,0,176861,176350,81417
1778959911,78668,18.6445,16.5898,1,0,NaN,1,df,nondf,1,66,1,255,257,1301,1300,768,765,0,0,169929,1252,NaN,NaN,NaN,NaN,NaN,NaN,0,0,0,0,0,0,0,0,176912,176400,81418
1778959973,78730,18.5469,2.586,1,NaN,NaN,NaN,df,df,0,66,0,258,254,537,533,0,0,0,0,170020,NaN,NaN,NaN,NaN,NaN,NaN,NaN,0,NaN,0,NaN,0,NaN,0,NaN,177012,176500,81504
1778960035,78792,18.5469,2.602,1,NaN,NaN,NaN,df,df,0,66,0,253,259,529,539,0,0,0,0,170120,NaN,NaN,NaN,NaN,NaN,NaN,NaN,0,NaN,0,NaN,0,NaN,0,NaN,177112,176600,81704
1778960097,78854,18.543,2.578,1,NaN,NaN,NaN,df,df,0,66,0,227,233,475,491,0,0,0,0,170270,NaN,NaN,NaN,NaN,NaN,NaN,NaN,0,NaN,0,NaN,0,NaN,0,NaN,177210,176750,81854
1778960159,78916,18.543,2.594,1,NaN,NaN,NaN,df,df,0,66,0,198,189,419,399,0,0,0,0,170322,NaN,NaN,NaN,NaN,NaN,NaN,NaN,0,NaN,0,NaN,0,NaN,0,NaN,177362,176950,81954
1778960221,78978,18.543,2.828,1,NaN,NaN,NaN,df,df,0,66,0,192,170,405,365,0,0,0,0,170472,NaN,NaN,NaN,NaN,NaN,NaN,NaN,0,NaN,0,NaN,0,NaN,0,NaN,177612,177250,81954
1778960283,79040,18.543,2.582,1,NaN,NaN,NaN,df,df,0,66,0,148,114,319,252,0,0,0,0,170572,NaN,NaN,NaN,NaN,NaN,NaN,NaN,0,NaN,0,NaN,0,NaN,0,NaN,177662,177400,82154
1778960344,79101,18.543,2.895,1,NaN,NaN,NaN,df,df,0,66,0,198,184,419,388,0,0,0,0,170772,NaN,NaN,NaN,NaN,NaN,NaN,NaN,0,NaN,0,NaN,0,NaN,0,NaN,177912,177500,82254
1778960406,79163,18.543,2.574,1,NaN,NaN,NaN,df,df,0,66,0,236,226,495,474,0,0,0,0,170902,NaN,NaN,NaN,NaN,NaN,NaN,NaN,0,NaN,0,NaN,0,NaN,0,NaN,178062,177600,82404
1778960468,79225,18.543,2.629,1,NaN,NaN,NaN,df,df,0,66,0,148,164,319,352,0,0,0,0,171022,NaN,NaN,NaN,NaN,NaN,NaN,NaN,0,NaN,0,NaN,0,NaN,0,NaN,178112,177800,82604
1778960530,79287,18.543,2.59,1,NaN,NaN,NaN,df,df,0,66,0,165,147,351,320,0,0,0,0,171222,NaN,NaN,NaN,NaN,NaN,NaN,NaN,0,NaN,0,NaN,0,NaN,0,NaN,178262,177950,82704
1778960598,79355,18.7344,14.5352,1,0,NaN,1,df,nondf,1,67,1,245,223,936,1202,423,735,0,0,171419,165,NaN,NaN,NaN,NaN,NaN,NaN,0,0,0,0,0,0,0,0,178511,178000,82801
1778960659,79416,18.7109,15.6641,1,0,NaN,1,df,nondf,1,67,1,274,238,1121,1321,549,822,0,0,171548,287,NaN,NaN,NaN,NaN,NaN,NaN,0,0,0,0,0,0,0,0,178612,178100,82830
1778960720,79477,18.8672,15.7383,1,0,NaN,1,df,nondf,1,67,1,223,239,1070,1227,600,726,0,0,171697,338,NaN,NaN,NaN,NaN,NaN,NaN,0,0,0,0,0,0,0,0,178712,178250,82830
1778960781,79538,18.8633,15.8555,1,0,NaN,1,df,nondf,1,67,1,227,233,1072,1168,594,681,0,0,171801,484,NaN,NaN,NaN,NaN,NaN,NaN,0,0,0,0,0,0,0,0,178862,178400,82834
1778960841,79598,18.8633,16.0664,1,0,NaN,1,df,nondf,1,67,1,181,181,890,928,504,543,0,0,171955,530,NaN,NaN,NaN,NaN,NaN,NaN,0,0,0,0,0,0,0,0,178912,178550,82838
1778960902,79659,18.8633,16.1289,1,0,NaN,1,df,nondf,1,67,1,231,231,1152,1178,666,693,0,0,172105,680,NaN,NaN,NaN,NaN,NaN,NaN,0,0,0,0,0,0,0,0,179162,178700,82840
1778960963,79720,18.8359,16.1641,1,0,NaN,1,df,nondf,1,67,1,238,274,1313,1282,813,711,0,0,172161,887,NaN,NaN,NaN,NaN,NaN,NaN,0,0,0,0,0,0,0,0,179262,178750,82845
1778961024,79781,18.8789,16.1992,1,0,NaN,1,df,nondf,1,67,1,241,271,1315,1286,810,723,0,0,172165,1098,NaN,NaN,NaN,NaN,NaN,NaN,0,0,0,0,0,0,0,0,179262,178750,82850
1778961085,79842,18.8633,16.2852,1,0,NaN,1,df,nondf,1,67,1,241,218,1240,1182,735,723,0,0,172165,1317,NaN,NaN,NaN,NaN,NaN,NaN,0,0,0,0,0,0,0,0,179359,178900,82850
1778961145,79902,18.8633,16.3164,1,0,NaN,1,df,nondf,1,67,1,191,218,1059,1032,654,573,0,0,172315,1378,NaN,NaN,NaN,NaN,NaN,NaN,0,0,0,0,0,0,0,0,179409,179000,82850
1778961207,79964,18.6797,2.59,1,NaN,NaN,NaN,df,df,0,67,0,224,287,469,599,0,0,0,0,172492,NaN,NaN,NaN,NaN,NaN,NaN,NaN,0,NaN,0,NaN,0,NaN,0,NaN,179561,179050,82978
1778961269,80026,18.6797,2.59,1,NaN,NaN,NaN,df,df,0,67,0,221,241,467,503,0,0,0,0,172593,NaN,NaN,NaN,NaN,NaN,NaN,NaN,0,NaN,0,NaN,0,NaN,0,NaN,179612,179150,83128
1778961333,80090,18.6797,2.645,1,NaN,NaN,NaN,df,df,0,67,0,219,232,461,491,0,0,0,0,172693,NaN,NaN,NaN,NaN,NaN,NaN,NaN,0,NaN,0,NaN,0,NaN,0,NaN,179662,179250,83278
1778961395,80152,18.6797,2.645,1,NaN,NaN,NaN,df,df,0,67,0,169,193,363,407,0,0,0,0,172843,NaN,NaN,NaN,NaN,NaN,NaN,NaN,0,NaN,0,NaN,0,NaN,0,NaN,179762,179400,83428
1778961457,80214,18.6797,4.297,1,NaN,NaN,NaN,df,df,0,67,0,154,158,329,341,0,0,0,0,172943,NaN,NaN,NaN,NaN,NaN,NaN,NaN,0,NaN,0,NaN,0,NaN,0,NaN,179862,179550,83578
1778961519,80276,18.6797,2.84,1,NaN,NaN,NaN,df,df,0,67,0,204,158,433,335,0,0,0,0,173069,NaN,NaN,NaN,NaN,NaN,NaN,NaN,0,NaN,0,NaN,0,NaN,0,NaN,180062,179700,83678
1778961581,80338,18.6797,2.621,1,NaN,NaN,NaN,df,df,0,67,0,266,193,554,409,0,0,0,0,173193,NaN,NaN,NaN,NaN,NaN,NaN,NaN,0,NaN,0,NaN,0,NaN,0,NaN,180312,179850,83778
1778961642,80399,18.6797,2.59,1,NaN,NaN,NaN,df,df,0,67,0,219,193,462,409,0,0,0,0,173278,NaN,NaN,NaN,NaN,NaN,NaN,NaN,0,NaN,0,NaN,0,NaN,0,NaN,180512,180100,83828
1778961704,80461,18.6797,2.594,1,NaN,NaN,NaN,df,df,0,67,0,204,193,432,409,0,0,0,0,173459,NaN,NaN,NaN,NaN,NaN,NaN,NaN,0,NaN,0,NaN,0,NaN,0,NaN,180612,180250,83978
1778961766,80523,18.6602,2.59,1,NaN,NaN,NaN,df,df,0,67,0,263,245,550,513,0,0,0,0,173617,NaN,NaN,NaN,NaN,NaN,NaN,NaN,0,NaN,0,NaN,0,NaN,0,NaN,180910,180400,84028
1778961839,80596,18.5703,14.8867,1,0,NaN,1,df,nondf,1,68,1,197,213,622,1040,204,591,0,0,173771,118,NaN,NaN,NaN,NaN,NaN,NaN,0,0,0,0,0,0,0,0,181010,180600,84160
1778961900,80657,18.582,15.3281,1,0,NaN,1,df,nondf,1,68,1,224,186,802,1067,333,672,0,0,173948,191,NaN,NaN,NaN,NaN,NaN,NaN,0,0,0,0,0,0,0,0,181160,180750,84187
1778961961,80718,18.5898,15.8438,1,0,NaN,1,df,nondf,1,68,1,193,219,892,1166,483,705,0,0,174115,274,NaN,NaN,NaN,NaN,NaN,NaN,0,0,0,0,0,0,0,0,181210,180800,84204
1778962022,80779,18.6836,15.9453,1,0,NaN,1,df,nondf,1,68,1,253,209,1168,1200,639,759,0,0,174227,414,NaN,NaN,NaN,NaN,NaN,NaN,0,0,0,0,0,0,0,0,181362,180900,84216
1778962082,80839,18.8164,15.9453,1,0,NaN,1,df,nondf,1,68,1,216,246,1133,1157,678,642,0,0,174340,537,NaN,NaN,NaN,NaN,NaN,NaN,0,0,0,0,0,0,0,0,181412,180950,84226
1778962143,80900,18.8359,16.1836,1,0,NaN,1,df,nondf,1,68,1,266,244,1256,1310,702,798,0,0,174443,700,NaN,NaN,NaN,NaN,NaN,NaN,0,0,0,0,0,0,0,0,181610,181100,84233
1778962204,80961,18.6914,16.3164,1,0,NaN,1,df,nondf,1,68,1,215,247,1171,1158,717,642,0,0,174638,716,NaN,NaN,NaN,NaN,NaN,NaN,0,0,0,0,0,0,0,0,181662,181200,84236
1778962265,81022,18.7344,16.4375,1,0,NaN,1,df,nondf,1,68,1,181,197,962,1054,576,636,0,0,174789,753,NaN,NaN,NaN,NaN,NaN,NaN,0,0,0,0,0,0,0,0,181762,181350,84237
1778962326,81083,18.7031,16.4102,1,0,NaN,1,df,nondf,1,68,1,214,198,1032,1062,582,642,0,0,174947,854,NaN,NaN,NaN,NaN,NaN,NaN,0,0,0,0,0,0,0,0,181912,181500,84238
1778962387,81144,18.7617,16.6367,1,0,NaN,1,df,nondf,1,68,1,248,248,1252,1312,732,792,0,0,175138,954,NaN,NaN,NaN,NaN,NaN,NaN,0,0,0,0,0,0,0,0,182112,181600,84239
1778962449,81206,18.7617,2.699,1,NaN,NaN,NaN,df,df,0,68,0,264,248,551,519,0,0,0,0,175288,NaN,NaN,NaN,NaN,NaN,NaN,NaN,0,NaN,0,NaN,0,NaN,0,NaN,182262,181750,84389
1778962510,81267,18.7617,2.621,1,NaN,NaN,NaN,df,df,0,68,0,261,201,545,423,0,0,0,0,175425,NaN,NaN,NaN,NaN,NaN,NaN,NaN,0,NaN,0,NaN,0,NaN,0,NaN,182362,181900,84539
1778962572,81329,18.7617,2.633,1,NaN,NaN,NaN,df,df,0,68,0,263,249,549,521,0,0,0,0,175587,NaN,NaN,NaN,NaN,NaN,NaN,NaN,0,NaN,0,NaN,0,NaN,0,NaN,182562,182050,84639
1778962634,81391,18.7617,2.617,1,NaN,NaN,NaN,df,df,0,68,0,228,284,477,593,0,0,0,0,175736,NaN,NaN,NaN,NaN,NaN,NaN,NaN,0,NaN,0,NaN,0,NaN,0,NaN,182712,182200,84689
1778962696,81453,18.7617,2.609,1,NaN,NaN,NaN,df,df,0,68,0,234,199,489,421,0,0,0,0,175886,NaN,NaN,NaN,NaN,NaN,NaN,NaN,0,NaN,0,NaN,0,NaN,0,NaN,182761,182300,84889
1778962758,81515,18.7617,2.609,1,NaN,NaN,NaN,df,df,0,68,0,154,157,331,337,0,0,0,0,175986,NaN,NaN,NaN,NaN,NaN,NaN,NaN,0,NaN,0,NaN,0,NaN,0,NaN,182861,182550,84989
1778962820,81577,18.7617,2.617,1,NaN,NaN,NaN,df,df,0,68,0,212,249,447,521,0,0,0,0,176186,NaN,NaN,NaN,NaN,NaN,NaN,NaN,0,NaN,0,NaN,0,NaN,0,NaN,183161,182700,85039
1778962882,81639,18.7617,2.645,1,NaN,NaN,NaN,df,df,0,68,0,224,289,469,601,0,0,0,0,176285,NaN,NaN,NaN,NaN,NaN,NaN,NaN,0,NaN,0,NaN,0,NaN,0,NaN,183312,182800,85139
1778962944,81701,18.7617,2.617,1,NaN,NaN,NaN,df,df,0,68,0,210,251,443,525,0,0,0,0,176384,NaN,NaN,NaN,NaN,NaN,NaN,NaN,0,NaN,0,NaN,0,NaN,0,NaN,183461,183000,85239
1778963006,81763,18.7617,2.609,1,NaN,NaN,NaN,df,df,0,68,0,196,201,413,425,0,0,0,0,176534,NaN,NaN,NaN,NaN,NaN,NaN,NaN,0,NaN,0,NaN,0,NaN,0,NaN,183611,183200,85289
1778963069,81826,18.7617,13.9258,1,0,NaN,1,df,nondf,1,69,1,156,151,483,805,150,480,0,0,176684,50,NaN,NaN,NaN,NaN,NaN,NaN,0,0,0,0,0,0,0,0,183711,183400,85289
1778963130,81887,18.8555,15.2578,1,0,NaN,1,df,nondf,1,69,1,254,258,1131,1293,600,756,0,0,176828,237,NaN,NaN,NaN,NaN,NaN,NaN,0,0,0,0,0,0,0,0,183962,183450,85328
1778963191,81948,18.8398,16.5625,1,0,NaN,1,df,nondf,1,69,1,164,198,841,904,489,486,0,0,176939,293,NaN,NaN,NaN,NaN,NaN,NaN,0,0,0,0,0,0,0,0,183962,183600,85345
1778963252,82009,18.6602,16.5664,1,0,NaN,1,df,nondf,1,69,1,115,147,638,750,384,432,0,0,177090,346,NaN,NaN,NaN,NaN,NaN,NaN,0,0,0,0,0,0,0,0,184162,183900,85345
1778963313,82070,18.668,16.8242,1,0,NaN,1,df,nondf,1,69,1,176,186,919,922,543,528,0,0,177201,535,NaN,NaN,NaN,NaN,NaN,NaN,0,0,0,0,0,0,0,0,184312,183950,85356
1778963373,82130,18.707,16.8242,1,0,NaN,1,df,nondf,1,69,1,182,182,933,929,543,540,0,0,177205,731,NaN,NaN,NaN,NaN,NaN,NaN,0,0,0,0,0,0,0,0,184312,183950,85360
1778963437,82194,18.7031,16.8438,1,0,NaN,1,df,nondf,1,69,1,228,232,1173,1173,693,684,0,0,177353,854,NaN,NaN,NaN,NaN,NaN,NaN,0,0,0,0,0,0,0,0,184510,184050,85360
1778963498,82255,18.7812,17.1562,1,0,NaN,1,df,nondf,1,69,1,278,234,1276,1323,699,831,0,0,177518,933,NaN,NaN,NaN,NaN,NaN,NaN,0,0,0,0,0,0,0,0,184662,184150,85360
1778963559,82316,18.7812,17.125,1,0,NaN,1,df,nondf,1,69,1,227,195,1119,1093,642,681,0,0,177652,983,NaN,NaN,NaN,NaN,NaN,NaN,0,0,0,0,0,0,0,0,184761,184300,85360
1778963620,82377,18.7344,17.1602,1,0,NaN,1,df,nondf,1,69,1,177,130,671,818,294,531,0,0,177802,1025,NaN,NaN,NaN,NaN,NaN,NaN,0,0,0,0,0,0,0,0,184861,184550,85360
1778963682,82439,18.7656,2.621,1,NaN,NaN,NaN,df,df,0,69,0,194,234,780,491,369,0,0,0,177919,NaN,NaN,NaN,NaN,NaN,NaN,NaN,0,NaN,0,NaN,0,NaN,0,NaN,185178,184750,85360
1778963744,82501,18.7695,2.625,1,NaN,NaN,NaN,df,df,0,69,0,136,134,293,291,0,0,0,0,177987,NaN,NaN,NaN,NaN,NaN,NaN,NaN,0,NaN,0,NaN,0,NaN,0,NaN,185296,185000,85410
1778963805,82562,18.7695,2.691,1,NaN,NaN,NaN,df,df,0,69,0,162,134,347,291,0,0,0,0,178137,NaN,NaN,NaN,NaN,NaN,NaN,NaN,0,NaN,0,NaN,0,NaN,0,NaN,185496,185200,85510
1778963867,82624,18.7695,2.875,1,NaN,NaN,NaN,df,df,0,69,0,245,267,515,553,0,0,0,0,178261,NaN,NaN,NaN,NaN,NaN,NaN,NaN,0,NaN,0,NaN,0,NaN,0,NaN,185712,185200,85610
1778963929,82686,18.7695,2.668,1,NaN,NaN,NaN,df,df,0,69,0,162,200,347,424,0,0,0,0,178337,NaN,NaN,NaN,NaN,NaN,NaN,NaN,0,NaN,0,NaN,0,NaN,0,NaN,185762,185400,85810
1778963991,82748,18.7695,2.758,1,NaN,NaN,NaN,df,df,0,69,0,217,243,457,508,0,0,0,0,178535,NaN,NaN,NaN,NaN,NaN,NaN,NaN,0,NaN,0,NaN,0,NaN,0,NaN,186060,185600,85810
1778964053,82810,18.7695,2.688,1,NaN,NaN,NaN,df,df,0,69,0,110,99,243,222,0,0,0,0,178635,NaN,NaN,NaN,NaN,NaN,NaN,NaN,0,NaN,0,NaN,0,NaN,0,NaN,186159,185950,85860
1778964115,82872,18.7695,2.68,1,NaN,NaN,NaN,df,df,0,69,0,110,199,243,422,0,0,0,0,178785,NaN,NaN,NaN,NaN,NaN,NaN,NaN,0,NaN,0,NaN,0,NaN,0,NaN,186359,186050,86010
1778964176,82933,18.7695,2.629,1,NaN,NaN,NaN,df,df,0,69,0,197,199,419,422,0,0,0,0,178954,NaN,NaN,NaN,NaN,NaN,NaN,NaN,0,NaN,0,NaN,0,NaN,0,NaN,186559,186200,86110
1778964238,82995,18.7695,2.629,1,NaN,NaN,NaN,df,df,0,69,0,253,251,532,525,0,0,0,0,179160,NaN,NaN,NaN,NaN,NaN,NaN,NaN,0,NaN,0,NaN,0,NaN,0,NaN,186812,186350,86160
1778964311,83068,18.7695,16.5781,1,0,NaN,1,df,nondf,1,70,1,284,228,887,1331,297,852,0,0,179314,127,NaN,NaN,NaN,NaN,NaN,NaN,0,0,0,0,0,0,0,0,186962,186450,86233
1778964372,83129,18.8789,16.6797,1,0,NaN,1,df,nondf,1,70,1,185,177,689,929,297,552,0,0,179449,176,NaN,NaN,NaN,NaN,NaN,NaN,0,0,0,0,0,0,0,0,186962,186600,86284
1778964433,83190,18.8789,16.8789,1,0,NaN,1,df,nondf,1,70,1,187,225,890,1026,492,555,0,0,179611,281,NaN,NaN,NaN,NaN,NaN,NaN,0,0,0,0,0,0,0,0,187162,186750,86285
1778964494,83251,18.8594,16.9375,1,0,NaN,1,df,nondf,1,70,1,143,141,673,818,366,513,0,0,179696,390,NaN,NaN,NaN,NaN,NaN,NaN,0,0,0,0,0,0,0,0,187212,186900,86321
1778964555,83312,18.8906,16.9375,1,0,NaN,1,df,nondf,1,70,1,174,187,896,916,525,522,0,0,179749,573,NaN,NaN,NaN,NaN,NaN,NaN,0,0,0,0,0,0,0,0,187361,187000,86322
1778964615,83372,18.7148,16.9297,1,0,NaN,1,df,nondf,1,70,1,180,131,767,825,384,540,0,0,179855,680,NaN,NaN,NaN,NaN,NaN,NaN,0,0,0,0,0,0,0,0,187461,187150,86331
1778964676,83433,18.6211,17.1523,1,0,NaN,1,df,nondf,1,70,1,184,227,1060,1027,669,552,0,0,179909,922,NaN,NaN,NaN,NaN,NaN,NaN,0,0,0,0,0,0,0,0,187661,187250,86335
1778964737,83494,18.6016,17.1484,1,0,NaN,1,df,nondf,1,70,1,236,260,1266,1253,771,708,0,0,180061,1054,NaN,NaN,NaN,NaN,NaN,NaN,0,0,0,0,0,0,0,0,187811,187350,86337
1778964798,83555,18.5703,17.3164,1,0,NaN,1,df,nondf,1,70,1,238,224,1168,1122,669,651,0,0,180163,1173,NaN,NaN,NaN,NaN,NaN,NaN,0,0,0,0,0,0,0,0,188062,187600,86337
1778964859,83616,18.6367,17.332,1,0,NaN,1,df,nondf,1,70,1,239,273,1317,1284,816,717,0,0,180264,1322,NaN,NaN,NaN,NaN,NaN,NaN,0,0,0,0,0,0,0,0,188162,187650,86339
1778964921,83678,18.543,2.918,1,NaN,NaN,NaN,df,df,0,70,0,222,237,467,497,0,0,0,0,180397,NaN,NaN,NaN,NaN,NaN,NaN,NaN,0,NaN,0,NaN,0,NaN,0,NaN,188309,187850,86423
1778964983,83740,18.543,2.902,1,NaN,NaN,NaN,df,df,0,70,0,222,235,467,495,0,0,0,0,180547,NaN,NaN,NaN,NaN,NaN,NaN,NaN,0,NaN,0,NaN,0,NaN,0,NaN,188512,188100,86423
1778965045,83802,18.543,2.648,1,NaN,NaN,NaN,df,df,0,70,0,219,190,463,403,0,0,0,0,180635,NaN,NaN,NaN,NaN,NaN,NaN,NaN,0,NaN,0,NaN,0,NaN,0,NaN,188762,188350,86423
1778965109,83866,18.543,2.672,1,NaN,NaN,NaN,df,df,0,70,0,220,283,463,587,0,0,0,0,180745,NaN,NaN,NaN,NaN,NaN,NaN,NaN,0,NaN,0,NaN,0,NaN,0,NaN,188962,188450,86473
1778965171,83928,18.543,2.672,1,NaN,NaN,NaN,df,df,0,70,0,244,268,509,561,0,0,0,0,180895,NaN,NaN,NaN,NaN,NaN,NaN,NaN,0,NaN,0,NaN,0,NaN,0,NaN,189062,188550,86623
1778965233,83990,18.543,2.68,1,NaN,NaN,NaN,df,df,0,70,0,170,186,363,399,0,0,0,0,180945,NaN,NaN,NaN,NaN,NaN,NaN,NaN,0,NaN,0,NaN,0,NaN,0,NaN,189062,188750,86773
1778965295,84052,18.543,2.645,1,NaN,NaN,NaN,df,df,0,70,0,252,260,526,543,0,0,0,0,181145,NaN,NaN,NaN,NaN,NaN,NaN,NaN,0,NaN,0,NaN,0,NaN,0,NaN,189262,188750,86973
1778965357,84114,18.543,2.664,1,NaN,NaN,NaN,df,df,0,70,0,170,172,364,365,0,0,0,0,181245,NaN,NaN,NaN,NaN,NaN,NaN,NaN,0,NaN,0,NaN,0,NaN,0,NaN,189312,188950,87123
1778965419,84176,18.543,2.648,1,NaN,NaN,NaN,df,df,0,70,0,163,149,348,321,0,0,0,0,181345,NaN,NaN,NaN,NaN,NaN,NaN,NaN,0,NaN,0,NaN,0,NaN,0,NaN,189462,189150,87223
1778965480,84237,18.543,2.699,1,NaN,NaN,NaN,df,df,0,70,0,220,195,464,415,0,0,0,0,181495,NaN,NaN,NaN,NaN,NaN,NaN,NaN,0,NaN,0,NaN,0,NaN,0,NaN,189612,189200,87423
1778965564,84321,18.7227,15.7852,1,0,NaN,1,df,nondf,1,71,1,255,231,933,1247,399,765,0,0,181580,206,NaN,NaN,NaN,NaN,NaN,NaN,0,0,0,0,0,0,0,0,189812,189300,87510
1778965625,84382,18.8008,16.3828,1,0,NaN,1,df,nondf,1,71,1,235,274,1010,1281,516,705,0,0,181660,369,NaN,NaN,NaN,NaN,NaN,NaN,0,0,0,0,0,0,0,0,189962,189450,87541
1778965686,84443,18.8359,16.8867,1,0,NaN,1,df,nondf,1,71,1,192,218,867,1036,459,576,0,0,181667,517,NaN,NaN,NaN,NaN,NaN,NaN,0,0,0,0,0,0,0,0,190060,189650,87548
1778965747,84504,18.9297,16.9297,1,0,NaN,1,df,nondf,1,71,1,189,166,858,938,456,582,0,0,181819,565,NaN,NaN,NaN,NaN,NaN,NaN,0,0,0,0,0,0,0,0,190060,189700,87552
1778965808,84565,18.9258,16.9141,1,0,NaN,1,df,nondf,1,71,1,198,212,1023,1036,603,591,0,0,181973,679,NaN,NaN,NaN,NaN,NaN,NaN,0,0,0,0,0,0,0,0,190210,189800,87555
1778965869,84626,18.9141,17.0508,1,0,NaN,1,df,nondf,1,71,1,212,206,1055,1047,606,612,0,0,182132,755,NaN,NaN,NaN,NaN,NaN,NaN,0,0,0,0,0,0,0,0,190260,189850,87564
1778965930,84687,18.9141,17.0508,1,0,NaN,1,df,nondf,1,71,1,154,156,718,797,387,462,0,0,182279,805,NaN,NaN,NaN,NaN,NaN,NaN,0,0,0,0,0,0,0,0,190410,190100,87564
1778965992,84749,18.9141,17.0508,1,0,NaN,1,df,nondf,1,71,1,122,154,728,691,459,360,0,0,182292,953,NaN,NaN,NaN,NaN,NaN,NaN,0,0,0,0,0,0,0,0,190410,190150,87566
1778966053,84810,18.9297,17,1,0,NaN,1,df,nondf,1,71,1,157,205,949,943,612,510,0,0,182530,1004,NaN,NaN,NaN,NaN,NaN,NaN,0,0,0,0,0,0,0,0,190610,190250,87567
1778966114,84871,18.8906,17,1,0,NaN,1,df,nondf,1,71,1,156,176,797,845,462,468,0,0,182631,1120,NaN,NaN,NaN,NaN,NaN,NaN,0,0,0,0,0,0,0,0,190710,190400,87568
1778966176,84933,18.668,2.676,1,NaN,NaN,NaN,df,df,0,71,0,172,188,367,397,0,0,0,0,182788,NaN,NaN,NaN,NaN,NaN,NaN,NaN,0,NaN,0,NaN,0,NaN,0,NaN,190910,190550,87668
1778966238,84995,18.668,2.719,1,NaN,NaN,NaN,df,df,0,71,0,156,186,335,393,0,0,0,0,182881,NaN,NaN,NaN,NaN,NaN,NaN,NaN,0,NaN,0,NaN,0,NaN,0,NaN,191010,190650,87868
1778966300,85057,18.668,2.664,1,NaN,NaN,NaN,df,df,0,71,0,252,258,525,541,0,0,0,0,183031,NaN,NaN,NaN,NaN,NaN,NaN,NaN,0,NaN,0,NaN,0,NaN,0,NaN,191310,190800,87918
1778966361,85118,18.668,2.66,1,NaN,NaN,NaN,df,df,0,71,0,233,256,487,535,0,0,0,0,183131,NaN,NaN,NaN,NaN,NaN,NaN,NaN,0,NaN,0,NaN,0,NaN,0,NaN,191462,190950,88018
1778966423,85180,18.668,2.66,1,NaN,NaN,NaN,df,df,0,71,0,119,106,261,235,0,0,0,0,183281,NaN,NaN,NaN,NaN,NaN,NaN,NaN,0,NaN,0,NaN,0,NaN,0,NaN,191512,191250,88118
1778966485,85242,18.668,2.672,1,NaN,NaN,NaN,df,df,0,71,0,254,208,531,439,0,0,0,0,183531,NaN,NaN,NaN,NaN,NaN,NaN,NaN,0,NaN,0,NaN,0,NaN,0,NaN,191812,191350,88218
1778966547,85304,18.668,2.66,1,NaN,NaN,NaN,df,df,0,71,0,212,300,449,619,0,0,0,0,183681,NaN,NaN,NaN,NaN,NaN,NaN,NaN,0,NaN,0,NaN,0,NaN,0,NaN,191962,191450,88368
1778966609,85366,18.668,2.668,1,NaN,NaN,NaN,df,df,0,71,0,120,206,263,435,0,0,0,0,183781,NaN,NaN,NaN,NaN,NaN,NaN,NaN,0,NaN,0,NaN,0,NaN,0,NaN,191962,191650,88568
1778966671,85428,18.668,2.711,1,NaN,NaN,NaN,df,df,0,71,0,256,256,535,535,0,0,0,0,184031,NaN,NaN,NaN,NaN,NaN,NaN,NaN,0,NaN,0,NaN,0,NaN,0,NaN,192162,191650,88768
1778966732,85489,18.668,2.66,1,NaN,NaN,NaN,df,df,0,71,0,214,256,449,535,0,0,0,0,184181,NaN,NaN,NaN,NaN,NaN,NaN,NaN,0,NaN,0,NaN,0,NaN,0,NaN,192262,191750,88918
1778966801,85558,18.6094,14.3086,1,0,NaN,1,df,nondf,1,72,1,256,256,685,1303,150,768,0,0,184381,50,NaN,NaN,NaN,NaN,NaN,NaN,0,0,0,0,0,0,0,0,192462,191950,88918
1778966861,85618,18.6094,15.6133,1,0,NaN,1,df,nondf,1,72,1,198,164,645,945,228,594,0,0,184500,108,NaN,NaN,NaN,NaN,NaN,NaN,0,0,0,0,0,0,0,0,192562,192200,88960
1778966922,85679,18.6094,15.8633,1,0,NaN,1,df,nondf,1,72,1,165,87,545,572,192,375,0,0,184635,181,NaN,NaN,NaN,NaN,NaN,NaN,0,0,0,0,0,0,0,0,192662,192450,88987
1778966983,85740,18.6406,16.2344,1,0,NaN,1,df,nondf,1,72,1,224,188,964,1069,495,669,0,0,184876,282,NaN,NaN,NaN,NaN,NaN,NaN,0,0,0,0,0,0,0,0,192962,192550,88988
1778967044,85801,18.8711,16.5742,1,0,NaN,1,df,nondf,1,72,1,276,236,1226,1321,651,825,0,0,185053,380,NaN,NaN,NaN,NaN,NaN,NaN,0,0,0,0,0,0,0,0,193062,192550,88993
1778967105,85862,18.8164,16.5742,1,0,NaN,1,df,nondf,1,72,1,245,236,1167,1211,651,714,0,0,185266,380,NaN,NaN,NaN,NaN,NaN,NaN,0,0,0,0,0,0,0,0,193162,192700,88993
1778967165,85922,18.8711,16.7031,1,0,NaN,1,df,nondf,1,72,1,272,240,1229,1318,663,813,0,0,185494,384,NaN,NaN,NaN,NaN,NaN,NaN,0,0,0,0,0,0,0,0,193262,192750,88994
1778967226,85983,18.8477,16.6406,1,0,NaN,1,df,nondf,1,72,1,275,237,1247,1321,675,822,0,0,185663,431,NaN,NaN,NaN,NaN,NaN,NaN,0,0,0,0,0,0,0,0,193412,192900,89001
1778967287,86044,18.8633,16.7188,1,0,NaN,1,df,nondf,1,72,1,278,233,1255,1249,675,759,0,0,185804,527,NaN,NaN,NaN,NaN,NaN,NaN,0,0,0,0,0,0,0,0,193511,193000,89005
1778967348,86105,18.8398,16.7031,1,0,NaN,1,df,nondf,1,72,1,278,234,1264,1326,684,834,0,0,185954,578,NaN,NaN,NaN,NaN,NaN,NaN,0,0,0,0,0,0,0,0,193562,193050,89008
1778967410,86167,18.7422,2.98,1,NaN,NaN,NaN,df,df,0,72,0,252,209,527,439,0,0,0,0,186118,NaN,NaN,NaN,NaN,NaN,NaN,NaN,0,NaN,0,NaN,0,NaN,0,NaN,193661,193200,89158
1778967472,86229,18.7305,2.68,1,NaN,NaN,NaN,df,df,0,72,0,227,233,477,490,0,0,0,0,186303,NaN,NaN,NaN,NaN,NaN,NaN,NaN,0,NaN,0,NaN,0,NaN,0,NaN,193860,193400,89258
1778967533,86290,18.7305,2.73,1,NaN,NaN,NaN,df,df,0,72,0,277,235,577,494,0,0,0,0,186403,NaN,NaN,NaN,NaN,NaN,NaN,NaN,0,NaN,0,NaN,0,NaN,0,NaN,194012,193500,89408
1778967595,86352,18.7305,2.773,1,NaN,NaN,NaN,df,df,0,72,0,227,235,477,494,0,0,0,0,186553,NaN,NaN,NaN,NaN,NaN,NaN,NaN,0,NaN,0,NaN,0,NaN,0,NaN,194112,193650,89558
