timestamp,elapsed_sec,rss_mb,intern_size,established,flaps_total,msgs_sent_total,max_prefix_exceeded_total,readyz_code,readyz_ms
2026-08-16T06:20:47Z,0,447.6,1000,1000,0,1057944,0,200,2.8
2026-08-16T06:21:17Z,30,419.0,1000,1000,0,2977936,0,200,2.5
2026-08-16T06:21:48Z,60,437.6,1000,1000,0,6050947,0,200,2.9
2026-08-16T06:22:17Z,90,426.9,1000,1000,0,7905483,0,200,3.0
2026-08-16T06:22:47Z,120,439.0,1000,1000,0,9824392,0,200,2.6
2026-08-16T06:23:17Z,150,439.4,1000,1000,0,11743220,0,200,2.8
2026-08-16T06:23:47Z,180,433.3,1000,1000,0,13599675,0,200,3.4
2026-08-16T06:24:17Z,210,436.4,1000,1000,0,15518472,0,200,2.9
2026-08-16T06:24:47Z,240,427.8,1000,1000,0,17437552,0,200,2.8
2026-08-16T06:25:18Z,270,439.7,1000,1000,0,19357461,0,200,3.1
2026-08-16T06:25:47Z,300,439.8,1000,1000,0,21215771,0,200,3.0
2026-08-16T06:26:17Z,330,440.1,1000,1000,0,23133851,0,200,2.8
2026-08-16T06:26:47Z,360,439.9,1000,1000,0,25055928,0,200,3.2
2026-08-16T06:27:17Z,390,436.2,1000,1000,0,26910072,0,200,3.0
2026-08-16T06:27:47Z,420,438.8,1000,1000,0,28829152,0,200,3.1
2026-08-16T06:28:17Z,450,438.9,1000,1000,0,30752227,0,200,3.7
2026-08-16T06:28:47Z,480,428.9,1000,1000,0,32607371,0,200,2.4
2026-08-16T06:29:17Z,510,440.0,1000,1000,0,34528448,0,200,2.9
2026-08-16T06:29:47Z,540,439.8,1000,1000,0,36447528,0,200,2.1
2026-08-16T06:30:18Z,570,439.8,1000,1000,0,38366929,0,200,2.6
2026-08-16T06:30:47Z,600,439.8,1000,1000,0,40225747,0,200,2.5
2026-08-16T06:31:17Z,630,439.1,1000,1000,0,42145658,0,200,3.8
2026-08-16T06:31:47Z,660,436.5,1000,1000,0,44067426,0,200,2.9
2026-08-16T06:32:17Z,690,437.5,1000,1000,0,45925043,0,200,2.4
2026-08-16T06:32:47Z,720,439.9,1000,1000,0,47845067,0,200,2.8
2026-08-16T06:33:17Z,750,436.9,1000,1000,0,49765200,0,200,2.6
2026-08-16T06:33:47Z,780,438.4,1000,1000,0,51620344,0,200,2.5
2026-08-16T06:34:17Z,810,438.0,1000,1000,0,53538424,0,200,2.4
2026-08-16T06:34:47Z,840,436.6,1000,1000,0,55457504,0,200,2.4
2026-08-16T06:35:18Z,870,437.9,1000,1000,0,57375584,0,200,2.4
2026-08-16T06:35:47Z,900,437.9,1000,1000,0,59228630,0,200,2.5
2026-08-16T06:36:17Z,930,438.1,1000,1000,0,61148808,0,200,2.5
2026-08-16T06:36:47Z,960,438.5,1000,1000,0,63067888,0,200,2.8
2026-08-16T06:37:17Z,990,441.3,1000,1000,0,64922032,0,200,2.5
2026-08-16T06:37:47Z,1020,437.3,1000,1000,0,66841112,0,200,2.3
2026-08-16T06:38:17Z,1050,441.0,1000,1000,0,68759192,0,200,3.0
2026-08-16T06:38:47Z,1080,441.4,1000,1000,0,70614336,0,200,2.4
2026-08-16T06:39:17Z,1110,438.1,1000,1000,0,72536454,0,200,3.4
2026-08-16T06:39:47Z,1140,441.6,1000,1000,0,74451496,0,200,3.0
2026-08-16T06:40:18Z,1170,438.2,1000,1000,0,76371848,0,200,2.8
2026-08-16T06:40:47Z,1200,441.3,1000,1000,0,78232712,0,200,3.7
2026-08-16T06:41:17Z,1230,439.3,1000,1000,0,80150744,0,200,2.7
2026-08-16T06:41:47Z,1260,440.7,1000,1000,0,82069872,0,200,2.4
2026-08-16T06:42:17Z,1290,441.2,1000,1000,0,83924016,0,200,2.7
2026-08-16T06:42:47Z,1320,430.5,1000,1000,0,85843096,0,200,3.3
2026-08-16T06:43:17Z,1350,441.4,1000,1000,0,87763996,0,200,3.1
2026-08-16T06:43:47Z,1380,440.6,1000,1000,0,89624312,0,200,2.8
2026-08-16T06:44:17Z,1410,437.3,1000,1000,0,91542392,0,200,2.8
2026-08-16T06:44:47Z,1440,440.1,1000,1000,0,93461472,0,200,2.5
2026-08-16T06:45:18Z,1470,441.8,1000,1000,0,95379552,0,200,2.3
2026-08-16T06:45:47Z,1500,438.6,1000,1000,0,97234696,0,200,2.6
2026-08-16T06:46:17Z,1530,441.6,1000,1000,0,99152776,0,200,2.6
2026-08-16T06:46:48Z,1560,438.1,1000,1000,0,101071856,0,200,2.6
2026-08-16T06:47:17Z,1590,441.6,1000,1000,0,102931335,0,200,3.8
2026-08-16T06:47:47Z,1620,435.2,1000,1000,0,104845080,0,200,2.5
2026-08-16T06:48:17Z,1650,441.5,1000,1000,0,106763160,0,200,2.6
2026-08-16T06:48:48Z,1681,440.8,1000,1000,0,108682240,0,200,2.4
2026-08-16T06:49:18Z,1711,441.4,1000,1000,0,110600320,0,200,2.8
2026-08-16T06:49:48Z,1741,441.5,1000,1000,0,112519400,0,200,2.6
2026-08-16T06:50:18Z,1771,438.3,1000,1000,0,114437480,0,200,2.3
2026-08-16T06:50:48Z,1801,430.0,1000,1000,0,116292624,0,200,2.7
2026-08-16T06:51:18Z,1831,438.1,1000,1000,0,118210681,0,200,4.3
2026-08-16T06:51:48Z,1861,442.5,1000,1000,0,121272640,0,200,2.7
2026-08-16T06:52:18Z,1891,442.1,1000,1000,0,123126784,0,200,2.4
2026-08-16T06:52:48Z,1921,439.8,1000,1000,0,125045864,0,200,3.0
2026-08-16T06:53:18Z,1951,439.5,1000,1000,0,126959923,0,200,2.7
2026-08-16T06:53:48Z,1981,439.3,1000,1000,0,128876072,0,200,2.6
2026-08-16T06:54:18Z,2011,438.7,1000,1000,0,130729176,0,200,2.4
2026-08-16T06:54:48Z,2041,439.4,1000,1000,0,132648256,0,200,2.7
2026-08-16T06:55:18Z,2071,431.0,1000,1000,0,134566336,0,200,2.4
2026-08-16T06:55:48Z,2101,439.6,1000,1000,0,136485416,0,200,2.5
2026-08-16T06:56:18Z,2131,439.3,1000,1000,0,138335564,0,200,3.2
2026-08-16T06:56:48Z,2161,439.3,1000,1000,0,140250648,0,200,2.7
2026-08-16T06:57:18Z,2191,439.5,1000,1000,0,142168728,0,200,3.2
2026-08-16T06:57:49Z,2221,439.4,1000,1000,0,144087808,0,200,2.9
2026-08-16T06:58:18Z,2251,431.9,1000,1000,0,145941952,0,200,2.3
2026-08-16T06:58:48Z,2281,431.8,1000,1000,0,147861032,0,200,2.1
2026-08-16T06:59:18Z,2311,439.6,1000,1000,0,149779112,0,200,2.9
2026-08-16T06:59:48Z,2341,438.7,1000,1000,0,151634256,0,200,2.3
2026-08-16T07:00:18Z,2371,439.7,1000,1000,0,153552336,0,200,2.5
2026-08-16T07:00:48Z,2401,442.6,1000,1000,0,155471416,0,200,2.9
2026-08-16T07:01:19Z,2431,442.6,1000,1000,0,157389496,0,200,2.4
2026-08-16T07:01:48Z,2461,439.6,1000,1000,0,159244640,0,200,2.6
2026-08-16T07:02:18Z,2491,439.7,1000,1000,0,161162720,0,200,2.4
2026-08-16T07:02:48Z,2521,443.0,1000,1000,0,163081696,0,200,4.1
2026-08-16T07:03:18Z,2551,442.8,1000,1000,0,164930138,0,200,2.9
2026-08-16T07:03:48Z,2581,439.4,1000,1000,0,166847032,0,200,2.4
2026-08-16T07:04:18Z,2611,443.0,1000,1000,0,168767468,0,200,2.5
2026-08-16T07:04:48Z,2641,441.9,1000,1000,0,170684192,0,200,2.4
2026-08-16T07:05:18Z,2671,439.4,1000,1000,0,172538336,0,200,2.7
2026-08-16T07:05:48Z,2701,438.0,1000,1000,0,174457416,0,200,2.7
2026-08-16T07:06:18Z,2731,439.2,1000,1000,0,176377555,0,200,2.7
2026-08-16T07:06:48Z,2761,443.0,1000,1000,0,178238632,0,200,3.1
2026-08-16T07:07:18Z,2791,442.7,1000,1000,0,180156712,0,200,3.2
2026-08-16T07:07:48Z,2821,439.4,1000,1000,0,182075792,0,200,3.2
2026-08-16T07:08:19Z,2851,441.1,1000,1000,0,183993872,0,200,2.5
2026-08-16T07:08:48Z,2881,442.7,1000,1000,0,185849016,0,200,2.5
2026-08-16T07:09:18Z,2911,439.1,1000,1000,0,187767096,0,200,2.8
2026-08-16T07:09:48Z,2941,439.2,1000,1000,0,189686176,0,200,2.5
2026-08-16T07:10:18Z,2971,438.8,1000,1000,0,191540320,0,200,2.4
2026-08-16T07:10:48Z,3001,439.8,1000,1000,0,193459400,0,200,2.4
2026-08-16T07:11:18Z,3031,439.4,1000,1000,0,195377480,0,200,2.6
2026-08-16T07:11:49Z,3062,439.6,1000,1000,0,197296560,0,200,2.6
2026-08-16T07:12:19Z,3092,438.8,1000,1000,0,199214640,0,200,2.5
2026-08-16T07:12:49Z,3122,439.5,1000,1000,0,201133720,0,200,2.7
2026-08-16T07:13:19Z,3152,439.1,1000,1000,0,203051800,0,200,2.5
2026-08-16T07:13:49Z,3182,439.6,1000,1000,0,204906944,0,200,2.8
2026-08-16T07:14:19Z,3212,442.8,1000,1000,0,206825024,0,200,2.2
2026-08-16T07:14:49Z,3242,442.0,1000,1000,0,208744104,0,200,2.8
2026-08-16T07:15:19Z,3272,442.5,1000,1000,0,210598248,0,200,2.9
2026-08-16T07:15:49Z,3302,439.5,1000,1000,0,212513863,0,200,2.7
2026-08-16T07:16:19Z,3332,442.6,1000,1000,0,214427416,0,200,2.4
2026-08-16T07:16:49Z,3362,442.8,1000,1000,0,216354262,0,200,3.7
2026-08-16T07:17:19Z,3392,439.9,1000,1000,0,218204065,0,200,2.6
2026-08-16T07:17:49Z,3422,441.9,1000,1000,0,220127712,0,200,3.1
2026-08-16T07:18:19Z,3452,442.8,1000,1000,0,222045792,0,200,3.2
2026-08-16T07:18:50Z,3482,442.4,1000,1000,0,223962990,0,200,2.6
2026-08-16T07:19:19Z,3512,432.2,1000,1000,0,225811024,0,200,2.4
2026-08-16T07:19:49Z,3542,439.9,1000,1000,0,227733468,0,200,2.9
2026-08-16T07:20:19Z,3572,438.3,1000,1000,0,229650027,0,200,2.9
2026-08-16T07:20:49Z,3602,439.5,1000,1000,0,231507843,0,200,3.6
2026-08-16T07:21:19Z,3632,439.2,1000,1000,0,233421408,0,200,2.6
2026-08-16T07:21:49Z,3662,441.0,1000,1000,0,236462365,0,200,2.5
2026-08-16T07:22:20Z,3692,440.7,1000,1000,0,238380445,0,200,2.7
2026-08-16T07:22:49Z,3722,439.8,1000,1000,0,240235589,0,200,2.8
2026-08-16T07:23:19Z,3752,439.7,1000,1000,0,242153669,0,200,2.8
2026-08-16T07:23:49Z,3782,433.0,1000,1000,0,244072749,0,200,2.5
2026-08-16T07:24:19Z,3812,440.8,1000,1000,0,245926893,0,200,2.7
2026-08-16T07:24:49Z,3842,440.6,1000,1000,0,247845973,0,200,2.9
2026-08-16T07:25:19Z,3872,441.0,1000,1000,0,249764053,0,200,3.1
2026-08-16T07:25:49Z,3902,440.3,1000,1000,0,251619197,0,200,2.4
2026-08-16T07:26:19Z,3932,439.6,1000,1000,0,253537277,0,200,2.4
2026-08-16T07:26:49Z,3962,440.8,1000,1000,0,255456357,0,200,2.7
2026-08-16T07:27:19Z,3992,440.6,1000,1000,0,257374437,0,200,2.4
2026-08-16T07:27:49Z,4022,440.8,1000,1000,0,259229581,0,200,2.8
2026-08-16T07:28:19Z,4052,444.2,1000,1000,0,261147661,0,200,2.6
2026-08-16T07:28:49Z,4082,444.7,1000,1000,0,263066741,0,200,2.6
2026-08-16T07:29:19Z,4112,440.9,1000,1000,0,264920885,0,200,2.7
2026-08-16T07:29:49Z,4142,444.1,1000,1000,0,266838153,0,200,3.5
2026-08-16T07:30:19Z,4172,444.3,1000,1000,0,268758045,0,200,2.7
2026-08-16T07:30:49Z,4202,433.2,1000,1000,0,270675222,0,200,2.8
2026-08-16T07:31:19Z,4232,440.2,1000,1000,0,272525465,0,200,2.8
2026-08-16T07:31:49Z,4262,441.1,1000,1000,0,274450349,0,200,3.1
2026-08-16T07:32:19Z,4292,440.8,1000,1000,0,276368429,0,200,2.5
2026-08-16T07:32:49Z,4322,440.9,1000,1000,0,278223573,0,200,3.0
2026-08-16T07:33:19Z,4352,433.4,1000,1000,0,280141653,0,200,2.9
2026-08-16T07:33:49Z,4382,444.1,1000,1000,0,282060733,0,200,2.4
2026-08-16T07:34:20Z,4412,441.0,1000,1000,0,283978813,0,200,2.6
2026-08-16T07:34:49Z,4442,442.4,1000,1000,0,285833957,0,200,2.5
2026-08-16T07:35:19Z,4472,440.8,1000,1000,0,287752037,0,200,2.7
2026-08-16T07:35:49Z,4502,444.3,1000,1000,0,289671117,0,200,3.0
2026-08-16T07:36:19Z,4532,441.2,1000,1000,0,291525261,0,200,2.0
2026-08-16T07:36:49Z,4562,431.5,1000,1000,0,293440251,0,200,3.2
2026-08-16T07:37:19Z,4592,432.6,1000,1000,0,295362421,0,200,2.4
2026-08-16T07:37:50Z,4622,432.7,1000,1000,0,297281501,0,200,3.1
2026-08-16T07:38:19Z,4652,439.9,1000,1000,0,299135645,0,200,3.8
2026-08-16T07:38:49Z,4682,441.8,1000,1000,0,301054725,0,200,2.5
2026-08-16T07:39:19Z,4712,440.7,1000,1000,0,302972805,0,200,3.0
2026-08-16T07:39:49Z,4742,438.3,1000,1000,0,304827949,0,200,2.8
2026-08-16T07:40:19Z,4772,443.3,1000,1000,0,306746029,0,200,2.5
2026-08-16T07:40:49Z,4802,443.4,1000,1000,0,308665109,0,200,3.1
2026-08-16T07:41:20Z,4833,444.4,1000,1000,0,310583189,0,200,2.5
2026-08-16T07:41:50Z,4863,439.7,1000,1000,0,312502269,0,200,2.3
2026-08-16T07:42:20Z,4893,444.3,1000,1000,0,314420349,0,200,2.4
2026-08-16T07:42:50Z,4923,438.1,1000,1000,0,316339429,0,200,2.4
2026-08-16T07:43:20Z,4953,437.9,1000,1000,0,318193573,0,200,3.1
2026-08-16T07:43:50Z,4983,443.4,1000,1000,0,320112653,0,200,2.5
2026-08-16T07:44:20Z,5013,433.5,1000,1000,0,322030733,0,200,2.6
2026-08-16T07:44:50Z,5043,440.7,1000,1000,0,323885877,0,200,3.3
2026-08-16T07:45:20Z,5073,439.9,1000,1000,0,325803957,0,200,3.0
2026-08-16T07:45:50Z,5103,440.5,1000,1000,0,327723037,0,200,2.2
2026-08-16T07:46:20Z,5133,444.5,1000,1000,0,329641117,0,200,2.9
2026-08-16T07:46:50Z,5163,440.5,1000,1000,0,331496247,0,200,2.8
2026-08-16T07:47:20Z,5193,442.6,1000,1000,0,333409124,0,200,2.8
2026-08-16T07:47:50Z,5223,441.0,1000,1000,0,335333421,0,200,3.3
2026-08-16T07:48:21Z,5253,443.8,1000,1000,0,337245239,0,200,2.8
2026-08-16T07:48:50Z,5283,433.2,1000,1000,0,339105327,0,200,3.3
2026-08-16T07:49:20Z,5313,444.5,1000,1000,0,341017093,0,200,2.6
2026-08-16T07:49:50Z,5343,438.0,1000,1000,0,342943805,0,200,2.6
2026-08-16T07:50:20Z,5373,439.0,1000,1000,0,344794344,0,200,2.9
2026-08-16T07:50:50Z,5403,432.5,1000,1000,0,346710159,0,200,2.4
2026-08-16T07:51:20Z,5433,439.6,1000,1000,0,348627117,0,200,2.3
2026-08-16T07:51:50Z,5463,443.6,1000,1000,0,351597145,0,200,2.3
2026-08-16T07:52:20Z,5493,439.6,1000,1000,0,353517240,0,200,2.7
2026-08-16T07:52:50Z,5523,443.9,1000,1000,0,355441337,0,200,3.8
2026-08-16T07:53:20Z,5553,443.2,1000,1000,0,357354370,0,200,3.3
2026-08-16T07:53:50Z,5583,443.2,1000,1000,0,359207529,0,200,2.3
2026-08-16T07:54:20Z,5613,439.8,1000,1000,0,361125609,0,200,2.3
2026-08-16T07:54:50Z,5643,439.7,1000,1000,0,363044689,0,200,3.0
2026-08-16T07:55:20Z,5673,443.3,1000,1000,0,364898833,0,200,2.6
2026-08-16T07:55:50Z,5703,440.0,1000,1000,0,366817913,0,200,2.6
2026-08-16T07:56:20Z,5733,443.4,1000,1000,0,368735993,0,200,2.6
2026-08-16T07:56:50Z,5763,440.0,1000,1000,0,370655073,0,200,2.7
2026-08-16T07:57:20Z,5793,440.0,1000,1000,0,372509217,0,200,2.5
2026-08-16T07:57:50Z,5823,438.9,1000,1000,0,374428297,0,200,3.1
2026-08-16T07:58:20Z,5853,442.5,1000,1000,0,376344651,0,200,3.6
2026-08-16T07:58:51Z,5883,442.6,1000,1000,0,378260168,0,200,2.6
2026-08-16T07:59:20Z,5913,440.0,1000,1000,0,380111609,0,200,2.5
2026-08-16T07:59:50Z,5943,441.4,1000,1000,0,382036221,0,200,2.8
2026-08-16T08:00:20Z,5973,440.0,1000,1000,0,383948769,0,200,2.9
2026-08-16T08:00:50Z,6003,443.1,1000,1000,0,385808629,0,200,3.0
2026-08-16T08:01:20Z,6033,439.6,1000,1000,0,387723088,0,200,2.5
2026-08-16T08:01:50Z,6063,442.9,1000,1000,0,389641073,0,200,2.5
2026-08-16T08:02:21Z,6093,440.2,1000,1000,0,391559153,0,200,2.5
2026-08-16T08:02:50Z,6123,443.4,1000,1000,0,393414297,0,200,2.5
2026-08-16T08:03:20Z,6153,439.9,1000,1000,0,395332377,0,200,3.0
2026-08-16T08:03:50Z,6183,439.3,1000,1000,0,397251457,0,200,2.8
2026-08-16T08:04:20Z,6213,431.4,1000,1000,0,399105601,0,200,2.4
2026-08-16T08:04:50Z,6243,432.1,1000,1000,0,401024681,0,200,3.0
2026-08-16T08:05:20Z,6273,440.3,1000,1000,0,402942761,0,200,2.5
2026-08-16T08:05:50Z,6303,432.4,1000,1000,0,404860158,0,200,2.8
2026-08-16T08:06:20Z,6333,442.8,1000,1000,0,406709160,0,200,2.5
2026-08-16T08:06:50Z,6363,439.8,1000,1000,0,408627073,0,200,2.9
2026-08-16T08:07:20Z,6393,439.9,1000,1000,0,410546373,0,200,2.6
2026-08-16T08:07:51Z,6423,443.1,1000,1000,0,412470272,0,200,2.9
2026-08-16T08:08:20Z,6453,440.1,1000,1000,0,414320647,0,200,2.7
2026-08-16T08:08:50Z,6483,439.9,1000,1000,0,416245449,0,200,2.5
2026-08-16T08:09:20Z,6513,440.2,1000,1000,0,418162470,0,200,2.5
2026-08-16T08:09:50Z,6543,442.5,1000,1000,0,420018673,0,200,2.3
2026-08-16T08:10:20Z,6573,440.0,1000,1000,0,421936753,0,200,2.4
2026-08-16T08:10:50Z,6603,439.5,1000,1000,0,423855833,0,200,2.8
2026-08-16T08:11:20Z,6633,443.1,1000,1000,0,425709977,0,200,2.6
2026-08-16T08:11:50Z,6663,441.1,1000,1000,0,427629057,0,200,3.8
2026-08-16T08:12:20Z,6693,439.9,1000,1000,0,429542355,0,200,2.3
2026-08-16T08:12:50Z,6723,440.0,1000,1000,0,431458225,0,200,2.5
2026-08-16T08:13:20Z,6753,432.0,1000,1000,0,433312369,0,200,2.5
2026-08-16T08:13:50Z,6783,439.8,1000,1000,0,435231449,0,200,2.5
2026-08-16T08:14:20Z,6813,439.5,1000,1000,0,437149529,0,200,2.4
2026-08-16T08:14:51Z,6843,440.0,1000,1000,0,439068609,0,200,3.4
2026-08-16T08:15:20Z,6873,440.0,1000,1000,0,440922753,0,200,2.2
2026-08-16T08:15:50Z,6903,443.2,1000,1000,0,442841833,0,200,2.6
2026-08-16T08:16:20Z,6933,443.2,1000,1000,0,444759913,0,200,2.6
2026-08-16T08:16:50Z,6963,439.3,1000,1000,0,446615057,0,200,2.9
2026-08-16T08:17:20Z,6993,439.9,1000,1000,0,448530326,0,200,4.2
2026-08-16T08:17:50Z,7023,438.8,1000,1000,0,450444360,0,200,2.8
2026-08-16T08:18:20Z,7053,439.6,1000,1000,0,452362305,0,200,2.5
2026-08-16T08:18:50Z,7083,439.6,1000,1000,0,454221188,0,200,3.5
2026-08-16T08:19:20Z,7113,441.1,1000,1000,0,456136210,0,200,2.6
2026-08-16T08:19:50Z,7143,443.2,1000,1000,0,458061920,0,200,3.9
2026-08-16T08:20:20Z,7173,442.1,1000,1000,0,459916745,0,200,2.8
2026-08-16T08:20:50Z,7203,440.0,1000,1000,0,461830235,0,200,4.9
2026-08-16T08:21:20Z,7233,439.9,1000,1000,0,463745913,0,200,2.7
2026-08-16T08:21:50Z,7263,439.9,1000,1000,0,466808848,0,200,2.5
2026-08-16T08:22:20Z,7293,439.9,1000,1000,0,468662992,0,200,2.7
2026-08-16T08:22:50Z,7323,431.6,1000,1000,0,470582072,0,200,2.5
2026-08-16T08:23:20Z,7353,440.0,1000,1000,0,472500152,0,200,2.7
2026-08-16T08:23:50Z,7383,432.3,1000,1000,0,474418301,0,200,2.8
2026-08-16T08:24:20Z,7413,439.8,1000,1000,0,476265384,0,200,2.4
2026-08-16T08:24:50Z,7443,439.6,1000,1000,0,478184464,0,200,2.4
2026-08-16T08:25:20Z,7473,443.0,1000,1000,0,480102544,0,200,2.9
2026-08-16T08:25:51Z,7503,440.1,1000,1000,0,482021624,0,200,2.7
2026-08-16T08:26:20Z,7533,440.3,1000,1000,0,483875768,0,200,2.8
2026-08-16T08:26:50Z,7563,443.5,1000,1000,0,485794035,0,200,2.9
2026-08-16T08:27:20Z,7593,439.9,1000,1000,0,487709009,0,200,2.3
2026-08-16T08:27:50Z,7623,432.4,1000,1000,0,489560080,0,200,2.4
2026-08-16T08:28:20Z,7653,443.3,1000,1000,0,491481566,0,200,3.3
2026-08-16T08:28:50Z,7683,439.6,1000,1000,0,493397240,0,200,2.6
2026-08-16T08:29:21Z,7713,432.3,1000,1000,0,495315320,0,200,3.6
2026-08-16T08:29:50Z,7743,431.8,1000,1000,0,497170464,0,200,2.5
2026-08-16T08:30:20Z,7773,443.4,1000,1000,0,499088544,0,200,2.7
2026-08-16T08:30:50Z,7803,430.3,1000,1000,0,501007624,0,200,2.7
2026-08-16T08:31:20Z,7833,440.2,1000,1000,0,502861768,0,200,2.8
2026-08-16T08:31:50Z,7863,443.0,1000,1000,0,504780848,0,200,2.8
2026-08-16T08:32:20Z,7893,432.1,1000,1000,0,506700327,0,200,2.3
2026-08-16T08:32:51Z,7923,432.0,1000,1000,0,508618008,0,200,2.4
2026-08-16T08:33:20Z,7953,439.9,1000,1000,0,510472152,0,200,2.6
2026-08-16T08:33:50Z,7983,439.4,1000,1000,0,512391418,0,200,2.4
2026-08-16T08:34:20Z,8013,440.1,1000,1000,0,514309312,0,200,2.4
2026-08-16T08:34:50Z,8043,431.8,1000,1000,0,516170748,0,200,4.0
2026-08-16T08:35:20Z,8073,439.9,1000,1000,0,518090528,0,200,3.9
2026-08-16T08:35:50Z,8103,439.8,1000,1000,0,520009608,0,200,3.0
2026-08-16T08:36:20Z,8133,443.2,1000,1000,0,521863752,0,200,3.0
2026-08-16T08:36:50Z,8163,443.1,1000,1000,0,523782832,0,200,2.7
2026-08-16T08:37:20Z,8193,439.0,1000,1000,0,525700912,0,200,2.9
2026-08-16T08:37:51Z,8223,442.4,1000,1000,0,527622685,0,200,2.5
2026-08-16T08:38:20Z,8253,440.1,1000,1000,0,529474136,0,200,3.0
2026-08-16T08:38:50Z,8283,432.5,1000,1000,0,531397655,0,200,3.5
2026-08-16T08:39:20Z,8313,443.2,1000,1000,0,533319288,0,200,3.5
2026-08-16T08:39:50Z,8343,439.6,1000,1000,0,535174432,0,200,3.4
2026-08-16T08:40:20Z,8373,443.4,1000,1000,0,537092512,0,200,2.8
2026-08-16T08:40:50Z,8403,437.8,1000,1000,0,539011592,0,200,4.3
2026-08-16T08:41:21Z,8434,437.2,1000,1000,0,540925086,0,200,3.4
2026-08-16T08:41:51Z,8464,440.1,1000,1000,0,542840760,0,200,2.6
2026-08-16T08:42:21Z,8494,440.1,1000,1000,0,544758840,0,200,2.6
2026-08-16T08:42:51Z,8524,439.7,1000,1000,0,546677920,0,200,3.2
2026-08-16T08:43:21Z,8554,441.7,1000,1000,0,548532064,0,200,2.6
2026-08-16T08:43:51Z,8584,440.0,1000,1000,0,550451144,0,200,2.9
2026-08-16T08:44:21Z,8614,443.5,1000,1000,0,552369224,0,200,2.4
2026-08-16T08:44:52Z,8644,430.4,1000,1000,0,554288304,0,200,3.0
2026-08-16T08:45:21Z,8674,443.3,1000,1000,0,556142448,0,200,2.8
2026-08-16T08:45:51Z,8704,439.2,1000,1000,0,558061527,0,200,2.8
2026-08-16T08:46:21Z,8734,439.8,1000,1000,0,559972024,0,200,3.0
2026-08-16T08:46:51Z,8764,440.4,1000,1000,0,561830037,0,200,4.7
2026-08-16T08:47:21Z,8794,440.5,1000,1000,0,563751425,0,200,2.5
2026-08-16T08:47:51Z,8824,440.1,1000,1000,0,565671912,0,200,2.2
2026-08-16T08:48:22Z,8854,440.2,1000,1000,0,567588516,0,200,2.9
2026-08-16T08:48:51Z,8884,430.4,1000,1000,0,569445136,0,200,2.9
2026-08-16T08:49:21Z,8914,430.6,1000,1000,0,571362691,0,200,3.8
2026-08-16T08:49:51Z,8944,440.1,1000,1000,0,573276209,0,200,2.5
2026-08-16T08:50:21Z,8974,443.0,1000,1000,0,575128448,0,200,2.7
2026-08-16T08:50:51Z,9004,443.2,1000,1000,0,577050248,0,200,2.6
2026-08-16T08:51:21Z,9034,432.4,1000,1000,0,578965608,0,200,2.6
2026-08-16T08:51:52Z,9064,432.8,1000,1000,0,582010561,0,200,2.5
2026-08-16T08:52:21Z,9094,443.6,1000,1000,0,583864705,0,200,2.9
2026-08-16T08:52:51Z,9124,440.1,1000,1000,0,585785782,0,200,2.6
2026-08-16T08:53:21Z,9154,440.2,1000,1000,0,587703711,0,200,3.1
2026-08-16T08:53:51Z,9184,443.5,1000,1000,0,589564002,0,200,2.6
2026-08-16T08:54:21Z,9214,440.3,1000,1000,0,591483081,0,200,2.6
2026-08-16T08:54:51Z,9244,443.8,1000,1000,0,593402161,0,200,2.6
2026-08-16T08:55:21Z,9274,443.4,1000,1000,0,595256305,0,200,2.6
2026-08-16T08:55:51Z,9304,443.4,1000,1000,0,597175385,0,200,2.8
2026-08-16T08:56:21Z,9334,443.8,1000,1000,0,599097913,0,200,2.8
2026-08-16T08:56:51Z,9364,440.4,1000,1000,0,601020537,0,200,2.2
2026-08-16T08:57:21Z,9394,438.0,1000,1000,0,602874681,0,200,2.9
2026-08-16T08:57:51Z,9424,432.6,1000,1000,0,604793761,0,200,2.5
2026-08-16T08:58:21Z,9454,443.6,1000,1000,0,606711841,0,200,2.4
2026-08-16T08:58:51Z,9484,431.8,1000,1000,0,608565102,0,200,3.4
2026-08-16T08:59:21Z,9514,443.6,1000,1000,0,610485065,0,200,2.7
2026-08-16T08:59:51Z,9544,438.1,1000,1000,0,612398059,0,200,2.3
2026-08-16T09:00:22Z,9574,440.3,1000,1000,0,614314233,0,200,2.5
2026-08-16T09:00:51Z,9604,443.5,1000,1000,0,616174467,0,200,4.4
2026-08-16T09:01:21Z,9634,442.7,1000,1000,0,618094826,0,200,2.2
2026-08-16T09:01:51Z,9664,432.7,1000,1000,0,620008678,0,200,2.6
2026-08-16T09:02:21Z,9694,441.5,1000,1000,0,621861302,0,200,2.4
2026-08-16T09:02:51Z,9724,432.7,1000,1000,0,623779761,0,200,2.6
2026-08-16T09:03:21Z,9754,439.1,1000,1000,0,625697841,0,200,3.3
2026-08-16T09:03:51Z,9784,440.0,1000,1000,0,627616921,0,200,2.5
2026-08-16T09:04:21Z,9814,440.3,1000,1000,0,629471065,0,200,2.5
2026-08-16T09:04:51Z,9844,443.4,1000,1000,0,631390145,0,200,2.9
2026-08-16T09:05:21Z,9874,443.9,1000,1000,0,633308225,0,200,2.7
2026-08-16T09:05:51Z,9904,431.6,1000,1000,0,635163369,0,200,2.8
2026-08-16T09:06:21Z,9934,440.3,1000,1000,0,637081449,0,200,2.5
2026-08-16T09:06:51Z,9964,439.9,1000,1000,0,639000529,0,200,2.4
2026-08-16T09:07:21Z,9994,440.3,1000,1000,0,640918609,0,200,3.0
2026-08-16T09:07:51Z,10024,442.0,1000,1000,0,642773753,0,200,2.3
2026-08-16T09:08:21Z,10054,432.0,1000,1000,0,644691833,0,200,2.5
2026-08-16T09:08:51Z,10084,432.2,1000,1000,0,646610913,0,200,2.6
2026-08-16T09:09:21Z,10114,440.3,1000,1000,0,648465057,0,200,2.9
2026-08-16T09:09:51Z,10144,443.6,1000,1000,0,650384137,0,200,3.4
2026-08-16T09:10:21Z,10174,443.5,1000,1000,0,652302217,0,200,2.6
2026-08-16T09:10:51Z,10204,433.0,1000,1000,0,654221297,0,200,2.7
2026-08-16T09:11:21Z,10234,443.6,1000,1000,0,656075441,0,200,3.1
2026-08-16T09:11:51Z,10264,440.2,1000,1000,0,657994521,0,200,2.5
2026-08-16T09:12:21Z,10294,444.0,1000,1000,0,659912601,0,200,2.4
2026-08-16T09:12:51Z,10324,442.8,1000,1000,0,661767745,0,200,2.4
2026-08-16T09:13:21Z,10354,443.6,1000,1000,0,663685825,0,200,2.9
2026-08-16T09:13:51Z,10384,431.9,1000,1000,0,665604905,0,200,2.8
2026-08-16T09:14:22Z,10414,443.6,1000,1000,0,667525024,0,200,2.2
2026-08-16T09:14:51Z,10444,442.1,1000,1000,0,669386121,0,200,3.5
2026-08-16T09:15:21Z,10474,440.4,1000,1000,0,671304201,0,200,3.8
2026-08-16T09:15:51Z,10504,443.7,1000,1000,0,673223281,0,200,2.1
2026-08-16T09:16:21Z,10534,443.4,1000,1000,0,675077425,0,200,2.7
2026-08-16T09:16:51Z,10564,440.4,1000,1000,0,676989718,0,200,3.0
2026-08-16T09:17:21Z,10594,442.4,1000,1000,0,678907702,0,200,2.8
2026-08-16T09:17:51Z,10624,431.9,1000,1000,0,680769729,0,200,2.7
2026-08-16T09:18:21Z,10654,439.3,1000,1000,0,682687809,0,200,2.5
2026-08-16T09:18:51Z,10684,438.2,1000,1000,0,684606889,0,200,2.7
2026-08-16T09:19:22Z,10714,437.0,1000,1000,0,686524969,0,200,2.8
2026-08-16T09:19:51Z,10744,443.1,1000,1000,0,688380113,0,200,2.6
2026-08-16T09:20:21Z,10774,442.1,1000,1000,0,690298193,0,200,2.5
2026-08-16T09:20:51Z,10804,443.7,1000,1000,0,692217273,0,200,2.4
2026-08-16T09:21:21Z,10834,440.0,1000,1000,0,694071417,0,200,2.6
2026-08-16T09:21:51Z,10864,440.7,1000,1000,0,697135351,0,200,2.6
2026-08-16T09:22:21Z,10894,444.1,1000,1000,0,699053431,0,200,3.1
2026-08-16T09:22:52Z,10924,432.3,1000,1000,0,700974224,0,200,2.2
2026-08-16T09:23:21Z,10954,432.1,1000,1000,0,702826655,0,200,2.5
2026-08-16T09:23:51Z,10984,440.5,1000,1000,0,704745735,0,200,2.4
2026-08-16T09:24:21Z,11014,443.7,1000,1000,0,706663815,0,200,2.6
2026-08-16T09:24:51Z,11044,440.6,1000,1000,0,708518959,0,200,2.4
2026-08-16T09:25:21Z,11074,437.1,1000,1000,0,710437039,0,200,3.1
2026-08-16T09:25:51Z,11104,437.2,1000,1000,0,712356119,0,200,3.2
2026-08-16T09:26:22Z,11134,442.9,1000,1000,0,714274199,0,200,2.9
2026-08-16T09:26:51Z,11164,440.3,1000,1000,0,716129343,0,200,2.5
2026-08-16T09:27:21Z,11194,437.6,1000,1000,0,718047423,0,200,2.8
2026-08-16T09:27:51Z,11224,443.8,1000,1000,0,719966503,0,200,2.6
2026-08-16T09:28:21Z,11254,432.9,1000,1000,0,721820647,0,200,2.3
2026-08-16T09:28:51Z,11284,438.6,1000,1000,0,723739727,0,200,2.8
2026-08-16T09:29:21Z,11314,443.7,1000,1000,0,725657807,0,200,2.6
2026-08-16T09:29:52Z,11345,444.0,1000,1000,0,727576887,0,200,2.5
2026-08-16T09:30:22Z,11375,433.4,1000,1000,0,729494967,0,200,2.7
2026-08-16T09:30:52Z,11405,439.7,1000,1000,0,731414047,0,200,2.7
2026-08-16T09:31:22Z,11435,440.6,1000,1000,0,733332127,0,200,2.7
2026-08-16T09:31:52Z,11465,441.3,1000,1000,0,735187271,0,200,2.9
2026-08-16T09:32:22Z,11495,443.1,1000,1000,0,737099384,0,200,2.9
2026-08-16T09:32:52Z,11525,435.4,1000,1000,0,739016439,0,200,2.7
2026-08-16T09:33:22Z,11555,439.7,1000,1000,0,740934519,0,200,2.7
2026-08-16T09:33:52Z,11585,444.3,1000,1000,0,742789663,0,200,2.5
2026-08-16T09:34:22Z,11615,440.5,1000,1000,0,744707743,0,200,2.1
2026-08-16T09:34:52Z,11645,432.0,1000,1000,0,746626823,0,200,2.5
2026-08-16T09:35:23Z,11675,440.7,1000,1000,0,748544903,0,200,3.0
2026-08-16T09:35:52Z,11705,443.2,1000,1000,0,750399186,0,200,3.8
2026-08-16T09:36:22Z,11735,443.9,1000,1000,0,752311960,0,200,2.6
2026-08-16T09:36:52Z,11765,442.1,1000,1000,0,754237207,0,200,4.1
2026-08-16T09:37:22Z,11795,436.6,1000,1000,0,756089166,0,200,3.1
2026-08-16T09:37:52Z,11825,440.9,1000,1000,0,758010431,0,200,2.6
2026-08-16T09:38:22Z,11855,443.8,1000,1000,0,759924267,0,200,3.1
2026-08-16T09:38:53Z,11885,440.5,1000,1000,0,761839976,0,200,2.6
2026-08-16T09:39:22Z,11915,437.0,1000,1000,0,763693743,0,200,2.7
2026-08-16T09:39:52Z,11945,439.1,1000,1000,0,765612823,0,200,2.5
2026-08-16T09:40:22Z,11975,440.8,1000,1000,0,767530903,0,200,2.5
2026-08-16T09:40:52Z,12005,440.7,1000,1000,0,769386047,0,200,2.5
2026-08-16T09:41:22Z,12035,437.4,1000,1000,0,771304127,0,200,2.5
2026-08-16T09:41:52Z,12065,433.4,1000,1000,0,773223207,0,200,2.6
2026-08-16T09:42:23Z,12095,444.3,1000,1000,0,775141287,0,200,2.8
2026-08-16T09:42:52Z,12125,444.1,1000,1000,0,776996431,0,200,2.3
2026-08-16T09:43:22Z,12155,440.8,1000,1000,0,778914511,0,200,2.3
2026-08-16T09:43:52Z,12185,440.8,1000,1000,0,780833591,0,200,2.0
2026-08-16T09:44:22Z,12215,440.6,1000,1000,0,782687735,0,200,3.1
2026-08-16T09:44:52Z,12245,443.2,1000,1000,0,784601189,0,200,3.1
2026-08-16T09:45:22Z,12275,437.3,1000,1000,0,786516903,0,200,2.4
2026-08-16T09:45:52Z,12305,433.4,1000,1000,0,788437277,0,200,3.1
2026-08-16T09:46:22Z,12335,440.5,1000,1000,0,790290127,0,200,2.7
2026-08-16T09:46:52Z,12365,440.7,1000,1000,0,792211152,0,200,3.4
2026-08-16T09:47:22Z,12395,437.3,1000,1000,0,794127287,0,200,2.4
2026-08-16T09:47:52Z,12425,440.7,1000,1000,0,795987750,0,200,2.7
2026-08-16T09:48:22Z,12455,432.8,1000,1000,0,797901556,0,200,2.4
2026-08-16T09:48:52Z,12485,440.6,1000,1000,0,799819922,0,200,2.3
2026-08-16T09:49:22Z,12515,440.1,1000,1000,0,801737671,0,200,3.4
2026-08-16T09:49:52Z,12545,441.0,1000,1000,0,803592815,0,200,2.5
2026-08-16T09:50:22Z,12575,440.5,1000,1000,0,805510895,0,200,2.3
2026-08-16T09:50:52Z,12605,443.8,1000,1000,0,807429975,0,200,2.5
2026-08-16T09:51:23Z,12636,442.5,1000,1000,0,809348055,0,200,2.1
2026-08-16T09:51:53Z,12666,444.2,1000,1000,0,812386015,0,200,2.3
2026-08-16T09:52:23Z,12696,437.8,1000,1000,0,814300718,0,200,2.8
2026-08-16T09:52:53Z,12726,440.6,1000,1000,0,816215183,0,200,2.4
2026-08-16T09:53:23Z,12756,440.1,1000,1000,0,818069327,0,200,2.4
2026-08-16T09:53:53Z,12786,440.1,1000,1000,0,819988407,0,200,3.0
2026-08-16T09:54:23Z,12816,443.9,1000,1000,0,821906487,0,200,2.9
2026-08-16T09:54:54Z,12846,440.5,1000,1000,0,823825567,0,200,3.1
2026-08-16T09:55:23Z,12876,440.4,1000,1000,0,825674446,0,200,2.8
2026-08-16T09:55:53Z,12906,440.3,1000,1000,0,827598791,0,200,2.1
2026-08-16T09:56:23Z,12936,442.4,1000,1000,0,829515935,0,200,3.2
2026-08-16T09:56:53Z,12966,440.7,1000,1000,0,831372015,0,200,2.2
2026-08-16T09:57:23Z,12996,442.8,1000,1000,0,833290095,0,200,2.4
2026-08-16T09:57:53Z,13026,443.9,1000,1000,0,835209175,0,200,2.5
2026-08-16T09:58:24Z,13056,443.8,1000,1000,0,837127255,0,200,3.5
2026-08-16T09:58:53Z,13086,443.7,1000,1000,0,838981350,0,200,3.1
2026-08-16T09:59:23Z,13116,443.8,1000,1000,0,840895240,0,200,2.8
2026-08-16T09:59:53Z,13146,443.6,1000,1000,0,842811567,0,200,2.8
2026-08-16T10:00:23Z,13176,440.2,1000,1000,0,844665711,0,200,2.5
2026-08-16T10:00:53Z,13206,432.2,1000,1000,0,846584791,0,200,3.2
2026-08-16T10:01:23Z,13236,440.9,1000,1000,0,848502871,0,200,2.4
2026-08-16T10:01:54Z,13266,440.8,1000,1000,0,850421951,0,200,2.5
2026-08-16T10:02:23Z,13296,443.2,1000,1000,0,852276095,0,200,2.9
2026-08-16T10:02:53Z,13326,435.7,1000,1000,0,854195175,0,200,2.4
2026-08-16T10:03:23Z,13356,440.5,1000,1000,0,856113255,0,200,2.5
2026-08-16T10:03:53Z,13386,440.4,1000,1000,0,857968399,0,200,2.4
2026-08-16T10:04:23Z,13416,442.6,1000,1000,0,859886479,0,200,3.3
2026-08-16T10:04:53Z,13446,444.0,1000,1000,0,861805559,0,200,2.7
2026-08-16T10:05:24Z,13476,440.3,1000,1000,0,863723639,0,200,2.1
2026-08-16T10:05:53Z,13506,441.0,1000,1000,0,865578783,0,200,2.5
2026-08-16T10:06:23Z,13536,432.7,1000,1000,0,867493640,0,200,2.8
2026-08-16T10:06:53Z,13566,440.4,1000,1000,0,869409915,0,200,3.0
2026-08-16T10:07:23Z,13596,443.8,1000,1000,0,871262095,0,200,2.5
2026-08-16T10:07:53Z,13626,443.6,1000,1000,0,873184421,0,200,2.8
2026-08-16T10:08:23Z,13656,433.0,1000,1000,0,875100401,0,200,2.4
2026-08-16T10:08:53Z,13686,443.0,1000,1000,0,877026327,0,200,2.5
2026-08-16T10:09:23Z,13716,440.3,1000,1000,0,878874953,0,200,2.8
2026-08-16T10:09:53Z,13746,442.9,1000,1000,0,880791559,0,200,2.5
2026-08-16T10:10:23Z,13776,439.9,1000,1000,0,882709639,0,200,2.7
2026-08-16T10:10:53Z,13806,440.3,1000,1000,0,884564783,0,200,2.4
2026-08-16T10:11:23Z,13836,433.3,1000,1000,0,886482863,0,200,2.9
2026-08-16T10:11:53Z,13866,440.7,1000,1000,0,888401943,0,200,2.4
2026-08-16T10:12:23Z,13896,443.9,1000,1000,0,890320023,0,200,2.9
2026-08-16T10:12:53Z,13926,440.8,1000,1000,0,892175167,0,200,2.5
2026-08-16T10:13:23Z,13956,431.6,1000,1000,0,894092618,0,200,3.2
2026-08-16T10:13:53Z,13986,440.4,1000,1000,0,896012327,0,200,2.8
2026-08-16T10:14:24Z,14017,440.6,1000,1000,0,897930407,0,200,3.4
2026-08-16T10:14:54Z,14047,435.5,1000,1000,0,899843890,0,200,3.0
2026-08-16T10:15:24Z,14077,442.5,1000,1000,0,901759575,0,200,2.9
2026-08-16T10:15:54Z,14107,443.8,1000,1000,0,903678655,0,200,2.4
2026-08-16T10:16:24Z,14137,440.1,1000,1000,0,905532799,0,200,2.4
2026-08-16T10:16:54Z,14167,440.4,1000,1000,0,907451879,0,200,2.2
2026-08-16T10:17:24Z,14197,432.9,1000,1000,0,909369959,0,200,2.5
2026-08-16T10:17:55Z,14227,443.8,1000,1000,0,911289039,0,200,2.8
2026-08-16T10:18:24Z,14257,439.4,1000,1000,0,913143183,0,200,2.8
2026-08-16T10:18:54Z,14287,439.6,1000,1000,0,915062263,0,200,2.5
2026-08-16T10:19:24Z,14317,440.7,1000,1000,0,916980343,0,200,2.6
2026-08-16T10:19:54Z,14347,439.8,1000,1000,0,918835487,0,200,2.8
2026-08-16T10:20:24Z,14377,440.7,1000,1000,0,920753567,0,200,2.4
2026-08-16T10:20:54Z,14407,440.6,1000,1000,0,922672647,0,200,2.7
2026-08-16T10:21:25Z,14438,440.3,1000,1000,0,924590727,0,200,2.6
2026-08-16T10:21:55Z,14468,445.3,999,999,1,926518007,1,200,2.4
2026-08-16T10:22:25Z,14498,445.0,999,999,1,928434167,1,200,2.4
2026-08-16T10:22:55Z,14528,441.7,999,999,1,930287454,1,200,2.9
2026-08-16T10:23:25Z,14558,445.2,999,999,1,932203903,1,200,2.5
2026-08-16T10:23:55Z,14588,444.0,1000,1000,1,935234450,1,200,2.8
2026-08-16T10:24:25Z,14618,446.6,1000,1000,1,937093407,1,200,2.5
2026-08-16T10:24:55Z,14648,446.8,1000,1000,1,939007674,1,200,2.4
2026-08-16T10:25:25Z,14678,439.4,1000,1000,1,940925754,1,200,2.8
2026-08-16T10:25:55Z,14708,443.2,1000,1000,1,942844834,1,200,2.5
2026-08-16T10:26:25Z,14738,445.4,1000,1000,1,944698978,1,200,2.3
2026-08-16T10:26:55Z,14768,435.3,1000,1000,1,946618058,1,200,2.7
2026-08-16T10:27:25Z,14798,445.9,1000,1000,1,948536138,1,200,3.0
2026-08-16T10:27:55Z,14828,443.4,1000,1000,1,950391282,1,200,2.3
2026-08-16T10:28:25Z,14858,445.7,1000,1000,1,952309362,1,200,2.7
2026-08-16T10:28:55Z,14888,443.2,1000,1000,1,954228442,1,200,2.7
2026-08-16T10:29:26Z,14918,438.2,1000,1000,1,956146522,1,200,2.7
2026-08-16T10:29:55Z,14948,443.5,1000,1000,1,958001666,1,200,2.4
2026-08-16T10:30:25Z,14978,438.6,1000,1000,1,959919746,1,200,2.5
2026-08-16T10:30:55Z,15008,446.4,1000,1000,1,961838826,1,200,2.5
2026-08-16T10:31:25Z,15038,443.2,1000,1000,1,963692970,1,200,2.4
2026-08-16T10:31:55Z,15068,435.6,1000,1000,1,965612050,1,200,2.6
2026-08-16T10:32:25Z,15098,442.6,1000,1000,1,967530130,1,200,2.9
2026-08-16T10:32:56Z,15128,435.7,1000,1000,1,969449210,1,200,2.2
2026-08-16T10:33:25Z,15158,446.4,1000,1000,1,971303354,1,200,2.4
2026-08-16T10:33:55Z,15188,446.6,1000,1000,1,973222434,1,200,2.5
2026-08-16T10:34:25Z,15218,443.5,1000,1000,1,975140514,1,200,2.8
2026-08-16T10:34:55Z,15248,443.3,1000,1000,1,976995658,1,200,2.4
2026-08-16T10:35:25Z,15278,446.5,1000,1000,1,978910480,1,200,3.7
2026-08-16T10:35:55Z,15308,445.6,1000,1000,1,980825037,1,200,2.4
2026-08-16T10:36:25Z,15338,443.3,1000,1000,1,982742906,1,200,2.9
2026-08-16T10:36:55Z,15368,443.2,1000,1000,1,984601057,1,200,2.4
2026-08-16T10:37:25Z,15398,442.9,1000,1000,1,986516130,1,200,2.9
2026-08-16T10:37:55Z,15428,443.3,1000,1000,1,988437871,1,200,9.0
2026-08-16T10:38:25Z,15458,441.4,1000,1000,1,990290253,1,200,2.7
2026-08-16T10:38:55Z,15488,444.5,1000,1000,1,992215295,1,200,3.8
2026-08-16T10:39:25Z,15518,435.8,1000,1000,1,994130691,1,200,3.8
2026-08-16T10:39:56Z,15548,443.7,1000,1000,1,996052631,1,200,2.7
2026-08-16T10:40:25Z,15578,443.6,1000,1000,1,997903982,1,200,2.6
2026-08-16T10:40:55Z,15608,443.1,1000,1000,1,999826810,1,200,3.2
2026-08-16T10:41:25Z,15638,442.8,1000,1000,1,1001741213,1,200,4.5
2026-08-16T10:41:55Z,15668,443.3,1000,1000,1,1003600034,1,200,2.9
2026-08-16T10:42:25Z,15698,444.4,1000,1000,1,1005514196,1,200,2.8
2026-08-16T10:42:55Z,15728,443.0,1000,1000,1,1007437194,1,200,2.7
2026-08-16T10:43:26Z,15758,435.8,1000,1000,1,1009350336,1,200,2.8
2026-08-16T10:43:55Z,15788,440.0,1000,1000,1,1011202426,1,200,2.4
2026-08-16T10:44:25Z,15818,444.1,1000,1000,1,1013120506,1,200,2.8
2026-08-16T10:44:55Z,15848,443.0,1000,1000,1,1015040555,1,200,2.8
2026-08-16T10:45:25Z,15878,442.3,1000,1000,1,1016893730,1,200,2.8
2026-08-16T10:45:55Z,15908,439.8,1000,1000,1,1018816859,1,200,3.2
2026-08-16T10:46:25Z,15938,445.4,1000,1000,1,1020731740,1,200,2.7
2026-08-16T10:46:56Z,15968,446.2,1000,1000,1,1022657305,1,200,3.6
2026-08-16T10:47:25Z,15998,438.3,1000,1000,1,1024509077,1,200,2.6
2026-08-16T10:47:55Z,16028,442.2,1000,1000,1,1026431186,1,200,2.0
2026-08-16T10:48:25Z,16058,439.5,1000,1000,1,1028344518,1,200,3.0
2026-08-16T10:48:55Z,16088,443.4,1000,1000,1,1030204410,1,200,2.1
2026-08-16T10:49:25Z,16118,446.7,1000,1000,1,1032118935,1,200,2.2
2026-08-16T10:49:55Z,16148,443.6,1000,1000,1,1034041570,1,200,2.8
2026-08-16T10:50:25Z,16178,446.9,1000,1000,1,1035891907,1,200,3.1
2026-08-16T10:50:55Z,16208,443.7,1000,1000,1,1037814794,1,200,2.6
2026-08-16T10:51:25Z,16238,443.4,1000,1000,1,1039731039,1,200,3.1
2026-08-16T10:51:55Z,16268,439.5,1000,1000,1,1041646728,1,200,3.1
2026-08-16T10:52:25Z,16298,438.0,1000,1000,1,1043498106,1,200,2.9
2026-08-16T10:52:55Z,16328,439.4,1000,1000,1,1045417186,1,200,2.8
2026-08-16T10:53:25Z,16358,434.9,1000,1000,1,1047335266,1,200,2.6
2026-08-16T10:53:55Z,16388,447.7,1000,1000,1,1050301298,1,200,2.8
2026-08-16T10:54:25Z,16418,439.3,1000,1000,1,1052216423,1,200,3.0
2026-08-16T10:54:55Z,16448,439.7,1000,1000,1,1054138702,1,200,2.7
2026-08-16T10:55:25Z,16478,434.4,1000,1000,1,1056050544,1,200,2.3
2026-08-16T10:55:55Z,16508,441.8,1000,1000,1,1057905688,1,200,2.5
2026-08-16T10:56:25Z,16538,442.2,1000,1000,1,1059823768,1,200,2.3
2026-08-16T10:56:55Z,16568,445.5,1000,1000,1,1061742848,1,200,2.4
2026-08-16T10:57:26Z,16598,444.3,1000,1000,1,1063660928,1,200,3.0
2026-08-16T10:57:55Z,16628,445.3,1000,1000,1,1065516072,1,200,2.8
2026-08-16T10:58:25Z,16658,434.5,1000,1000,1,1067434152,1,200,3.1
2026-08-16T10:58:55Z,16688,442.1,1000,1000,1,1069350484,1,200,3.4
2026-08-16T10:59:25Z,16718,441.7,1000,1000,1,1071202490,1,200,2.7
2026-08-16T10:59:55Z,16748,442.5,1000,1000,1,1073125220,1,200,2.5
2026-08-16T11:00:25Z,16778,434.4,1000,1000,1,1075038744,1,200,2.8
2026-08-16T11:00:56Z,16808,444.5,1000,1000,1,1076955624,1,200,2.9
2026-08-16T11:01:25Z,16838,432.3,1000,1000,1,1078809768,1,200,3.0
2026-08-16T11:01:55Z,16868,442.3,1000,1000,1,1080730437,1,200,3.1
2026-08-16T11:02:25Z,16898,441.0,1000,1000,1,1082646928,1,200,2.4
2026-08-16T11:02:55Z,16928,434.4,1000,1000,1,1084502939,1,200,2.4
2026-08-16T11:03:25Z,16958,442.1,1000,1000,1,1086420152,1,200,2.4
2026-08-16T11:03:55Z,16988,442.1,1000,1000,1,1088339232,1,200,2.5
2026-08-16T11:04:26Z,17018,437.3,1000,1000,1,1090257312,1,200,2.9
2026-08-16T11:04:55Z,17048,441.8,1000,1000,1,1092112456,1,200,2.2
2026-08-16T11:05:25Z,17078,441.9,1000,1000,1,1094030536,1,200,2.4
2026-08-16T11:05:55Z,17108,442.2,1000,1000,1,1095949616,1,200,2.5
2026-08-16T11:06:25Z,17138,432.4,1000,1000,1,1097803595,1,200,3.8
2026-08-16T11:06:55Z,17168,441.7,1000,1000,1,1099722840,1,200,2.9
2026-08-16T11:07:25Z,17198,441.8,1000,1000,1,1101640032,1,200,2.4
2026-08-16T11:07:56Z,17228,441.8,1000,1000,1,1103560000,1,200,2.4
2026-08-16T11:08:25Z,17258,442.2,1000,1000,1,1105412244,1,200,2.4
2026-08-16T11:08:55Z,17288,444.5,1000,1000,1,1107330626,1,200,4.4
2026-08-16T11:09:25Z,17318,439.2,1000,1000,1,1109243312,1,200,2.4
2026-08-16T11:09:55Z,17348,442.1,1000,1000,1,1111105281,1,200,2.5
2026-08-16T11:10:25Z,17378,442.3,1000,1000,1,1113019869,1,200,3.1
2026-08-16T11:10:55Z,17408,442.2,1000,1000,1,1114943608,1,200,3.2
2026-08-16T11:11:26Z,17438,441.9,1000,1000,1,1116861688,1,200,3.3
2026-08-16T11:11:55Z,17468,441.8,1000,1000,1,1118712938,1,200,3.2
2026-08-16T11:12:25Z,17498,437.0,1000,1000,1,1120627434,1,200,2.9
2026-08-16T11:12:55Z,17528,442.2,1000,1000,1,1122550577,1,200,3.0
2026-08-16T11:13:25Z,17558,439.3,1000,1000,1,1124400144,1,200,2.4
2026-08-16T11:13:55Z,17588,441.8,1000,1000,1,1126319224,1,200,3.2
2026-08-16T11:14:25Z,17618,437.1,1000,1000,1,1128237304,1,200,3.0
2026-08-16T11:14:55Z,17648,442.2,1000,1000,1,1130156384,1,200,2.3
2026-08-16T11:15:25Z,17678,442.0,1000,1000,1,1132010528,1,200,3.0
2026-08-16T11:15:55Z,17708,439.1,1000,1000,1,1133929608,1,200,2.5
2026-08-16T11:16:25Z,17738,442.1,1000,1000,1,1135847688,1,200,2.5
2026-08-16T11:16:55Z,17768,445.6,1000,1000,1,1137702832,1,200,2.3
2026-08-16T11:17:25Z,17798,442.2,1000,1000,1,1139620912,1,200,2.4
2026-08-16T11:17:55Z,17828,441.2,1000,1000,1,1141539992,1,200,2.2
2026-08-16T11:18:25Z,17858,442.2,1000,1000,1,1143458072,1,200,3.0
2026-08-16T11:18:55Z,17888,442.3,1000,1000,1,1145313216,1,200,2.6
2026-08-16T11:19:25Z,17918,441.9,1000,1000,1,1147225406,1,200,2.8
2026-08-16T11:19:55Z,17948,445.1,1000,1000,1,1149150376,1,200,4.5
2026-08-16T11:20:26Z,17978,442.3,1000,1000,1,1151061805,1,200,3.1
2026-08-16T11:20:55Z,18008,440.1,1000,1000,1,1152920902,1,200,3.4
2026-08-16T11:21:25Z,18038,441.3,1000,1000,1,1154834728,1,200,2.5
2026-08-16T11:21:55Z,18068,442.0,1000,1000,1,1156758563,1,200,2.2
2026-08-16T11:22:25Z,18098,441.9,1000,1000,1,1158607619,1,200,3.1
2026-08-16T11:22:55Z,18128,444.6,1000,1000,1,1160533439,1,200,3.2
2026-08-16T11:23:25Z,18158,439.2,1000,1000,1,1162452064,1,200,3.3
2026-08-16T11:23:55Z,18188,464.2,1000,1000,1,1165418096,1,200,2.7
2026-08-16T11:24:25Z,18218,445.7,1000,1000,1,1167336176,1,200,2.6
2026-08-16T11:24:55Z,18248,441.8,1000,1000,1,1169255256,1,200,2.8
2026-08-16T11:25:25Z,18278,442.0,1000,1000,1,1171173336,1,200,2.7
2026-08-16T11:25:55Z,18308,445.4,1000,1000,1,1173028480,1,200,2.3
2026-08-16T11:26:25Z,18338,442.3,1000,1000,1,1174944722,1,200,3.7
2026-08-16T11:26:55Z,18368,445.4,1000,1000,1,1176859477,1,200,2.3
2026-08-16T11:27:26Z,18398,441.4,1000,1000,1,1178775728,1,200,2.5
2026-08-16T11:27:55Z,18428,442.1,1000,1000,1,1180630872,1,200,2.4
2026-08-16T11:28:25Z,18458,442.2,1000,1000,1,1182548952,1,200,2.4
2026-08-16T11:28:55Z,18488,445.2,1000,1000,1,1184468032,1,200,3.0
2026-08-16T11:29:25Z,18518,442.0,1000,1000,1,1186322176,1,200,2.3
2026-08-16T11:29:55Z,18548,434.6,1000,1000,1,1188241256,1,200,2.8
2026-08-16T11:30:25Z,18578,441.2,1000,1000,1,1190159336,1,200,3.0
2026-08-16T11:30:56Z,18608,442.0,1000,1000,1,1192078416,1,200,2.2
2026-08-16T11:31:25Z,18638,440.7,1000,1000,1,1193932560,1,200,4.1
2026-08-16T11:31:55Z,18668,445.3,1000,1000,1,1195851640,1,200,2.4
2026-08-16T11:32:25Z,18698,441.4,1000,1000,1,1197769720,1,200,2.7
2026-08-16T11:32:55Z,18728,441.0,1000,1000,1,1199624864,1,200,2.6
2026-08-16T11:33:25Z,18758,442.5,1000,1000,1,1201542944,1,200,3.4
2026-08-16T11:33:55Z,18788,441.7,1000,1000,1,1203456590,1,200,3.2
2026-08-16T11:34:26Z,18818,441.4,1000,1000,1,1205372112,1,200,2.8
2026-08-16T11:34:55Z,18848,443.8,1000,1000,1,1207235248,1,200,2.2
2026-08-16T11:35:25Z,18878,444.6,1000,1000,1,1209153328,1,200,2.8
2026-08-16T11:35:55Z,18908,441.9,1000,1000,1,1211072408,1,200,2.5
2026-08-16T11:36:25Z,18938,445.0,1000,1000,1,1212924504,1,200,2.7
2026-08-16T11:36:55Z,18968,441.9,1000,1000,1,1214845632,1,200,2.8
2026-08-16T11:37:25Z,18998,442.6,1000,1000,1,1216758721,1,200,2.8
2026-08-16T11:37:55Z,19028,442.1,1000,1000,1,1218618856,1,200,3.2
2026-08-16T11:38:25Z,19058,442.1,1000,1000,1,1220530649,1,200,2.6
2026-08-16T11:38:55Z,19088,442.0,1000,1000,1,1222456016,1,200,2.5
2026-08-16T11:39:26Z,19118,441.8,1000,1000,1,1224371450,1,200,3.1
2026-08-16T11:39:55Z,19148,441.7,1000,1000,1,1226229240,1,200,2.5
2026-08-16T11:40:25Z,19178,441.9,1000,1000,1,1228147320,1,200,2.5
2026-08-16T11:40:55Z,19208,445.5,1000,1000,1,1230066400,1,200,2.9
2026-08-16T11:41:25Z,19238,445.3,1000,1000,1,1231920544,1,200,3.1
2026-08-16T11:41:55Z,19268,445.3,1000,1000,1,1233839624,1,200,2.5
2026-08-16T11:42:25Z,19298,445.7,1000,1000,1,1235757704,1,200,2.5
2026-08-16T11:42:56Z,19328,444.5,1000,1000,1,1237676784,1,200,2.5
2026-08-16T11:43:25Z,19358,441.3,1000,1000,1,1239530928,1,200,2.5
2026-08-16T11:43:55Z,19388,442.2,1000,1000,1,1241450008,1,200,2.4
2026-08-16T11:44:25Z,19418,433.8,1000,1000,1,1243365644,1,200,2.7
2026-08-16T11:44:55Z,19448,441.6,1000,1000,1,1245223232,1,200,2.6
2026-08-16T11:45:25Z,19478,444.7,1000,1000,1,1247133320,1,200,2.9
2026-08-16T11:45:55Z,19508,445.3,1000,1000,1,1249052400,1,200,3.0
2026-08-16T11:46:26Z,19538,442.3,1000,1000,1,1250970480,1,200,2.7
2026-08-16T11:46:55Z,19568,434.4,1000,1000,1,1252825624,1,200,2.7
2026-08-16T11:47:25Z,19598,442.1,1000,1000,1,1254743704,1,200,2.5
2026-08-16T11:47:55Z,19628,442.3,1000,1000,1,1256662784,1,200,2.5
2026-08-16T11:48:25Z,19658,445.2,1000,1000,1,1258515218,1,200,2.9
2026-08-16T11:48:55Z,19688,441.9,1000,1000,1,1260436008,1,200,2.8
2026-08-16T11:49:25Z,19718,434.5,1000,1000,1,1262348300,1,200,2.7
2026-08-16T11:49:55Z,19748,442.5,1000,1000,1,1264265176,1,200,2.4
2026-08-16T11:50:25Z,19778,444.6,1000,1000,1,1266119320,1,200,2.6
2026-08-16T11:50:55Z,19808,442.2,1000,1000,1,1268038400,1,200,3.1
2026-08-16T11:51:25Z,19838,442.5,1000,1000,1,1269956480,1,200,2.5
2026-08-16T11:51:55Z,19868,442.2,1000,1000,1,1271811624,1,200,2.4
2026-08-16T11:52:25Z,19898,442.4,1000,1000,1,1273729704,1,200,2.3
2026-08-16T11:52:55Z,19928,434.5,1000,1000,1,1275648784,1,200,3.1
2026-08-16T11:53:25Z,19958,433.6,1000,1000,1,1277566864,1,200,2.3
2026-08-16T11:53:55Z,19988,479.3,1000,1000,1,1280525847,1,200,3.0
2026-08-16T11:54:25Z,20018,445.0,1000,1000,1,1282443076,1,200,2.5
2026-08-16T11:54:55Z,20048,434.8,1000,1000,1,1284361791,1,200,2.7
2026-08-16T11:55:26Z,20078,439.6,1000,1000,1,1286276781,1,200,3.3
2026-08-16T11:55:55Z,20108,435.1,1000,1000,1,1288128295,1,200,2.4
2026-08-16T11:56:25Z,20138,442.6,1000,1000,1,1290046375,1,200,2.8
2026-08-16T11:56:55Z,20168,444.2,1000,1000,1,1291965455,1,200,2.4
2026-08-16T11:57:25Z,20198,442.7,1000,1000,1,1293819599,1,200,2.3
2026-08-16T11:57:55Z,20228,445.1,1000,1000,1,1295738679,1,200,2.5
2026-08-16T11:58:25Z,20258,441.5,1000,1000,1,1297656759,1,200,2.6
2026-08-16T11:58:55Z,20288,442.6,1000,1000,1,1299568889,1,200,2.5
2026-08-16T11:59:25Z,20318,442.6,1000,1000,1,1301421991,1,200,2.5
2026-08-16T11:59:55Z,20348,442.6,1000,1000,1,1303342548,1,200,2.7
2026-08-16T12:00:25Z,20378,442.8,1000,1000,1,1305259151,1,200,2.8
2026-08-16T12:00:55Z,20408,442.5,1000,1000,1,1307114295,1,200,2.5
2026-08-16T12:01:25Z,20438,445.6,1000,1000,1,1309032375,1,200,2.6
2026-08-16T12:01:55Z,20468,442.1,1000,1000,1,1310951455,1,200,2.9
2026-08-16T12:02:25Z,20498,442.5,1000,1000,1,1312865450,1,200,3.1
2026-08-16T12:02:55Z,20528,442.5,1000,1000,1,1314717124,1,200,2.5
2026-08-16T12:03:25Z,20558,442.6,1000,1000,1,1316634767,1,200,2.5
2026-08-16T12:03:55Z,20588,442.5,1000,1000,1,1318553847,1,200,3.0
2026-08-16T12:04:26Z,20618,445.1,1000,1000,1,1320471927,1,200,2.7
2026-08-16T12:04:55Z,20648,442.3,1000,1000,1,1322327071,1,200,3.0
2026-08-16T12:05:25Z,20678,442.6,1000,1000,1,1324245151,1,200,2.5
2026-08-16T12:05:55Z,20708,442.5,1000,1000,1,1326164231,1,200,2.5
2026-08-16T12:06:25Z,20738,441.8,1000,1000,1,1328018375,1,200,2.4
2026-08-16T12:06:55Z,20768,445.6,1000,1000,1,1329937455,1,200,2.2
2026-08-16T12:07:25Z,20798,442.4,1000,1000,1,1331855535,1,200,3.1
2026-08-16T12:07:55Z,20828,442.7,1000,1000,1,1333769165,1,200,3.5
2026-08-16T12:08:25Z,20858,442.5,1000,1000,1,1335621071,1,200,2.6
2026-08-16T12:08:55Z,20888,442.6,1000,1000,1,1337539847,1,200,2.6
2026-08-16T12:09:25Z,20918,442.2,1000,1000,1,1339457927,1,200,2.5
2026-08-16T12:09:55Z,20948,434.9,1000,1000,1,1341318136,1,200,2.5
2026-08-16T12:10:25Z,20978,442.5,1000,1000,1,1343239143,1,200,2.5
2026-08-16T12:10:55Z,21008,442.4,1000,1000,1,1345158223,1,200,2.8
2026-08-16T12:11:25Z,21038,442.6,1000,1000,1,1347074667,1,200,4.2
2026-08-16T12:11:55Z,21068,440.5,1000,1000,1,1348924976,1,200,3.2
2026-08-16T12:12:25Z,21098,445.5,1000,1000,1,1350841535,1,200,2.5
2026-08-16T12:12:55Z,21128,445.9,1000,1000,1,1352763805,1,200,3.9
2026-08-16T12:13:25Z,21158,442.8,1000,1000,1,1354621575,1,200,3.1
2026-08-16T12:13:55Z,21188,445.8,1000,1000,1,1356537080,1,200,3.0
2026-08-16T12:14:25Z,21218,446.0,1000,1000,1,1358451919,1,200,2.6
2026-08-16T12:14:55Z,21248,445.3,1000,1000,1,1360372919,1,200,2.4
2026-08-16T12:15:25Z,21278,442.7,1000,1000,1,1362225321,1,200,2.9
2026-08-16T12:15:55Z,21308,442.8,1000,1000,1,1364144223,1,200,2.8
2026-08-16T12:16:25Z,21338,442.5,1000,1000,1,1366062303,1,200,2.3
2026-08-16T12:16:55Z,21368,442.6,1000,1000,1,1367917447,1,200,2.4
2026-08-16T12:17:25Z,21398,441.9,1000,1000,1,1369835527,1,200,3.0
2026-08-16T12:17:55Z,21428,441.8,1000,1000,1,1371754607,1,200,2.9
2026-08-16T12:18:25Z,21458,434.9,1000,1000,1,1373672687,1,200,3.3
2026-08-16T12:18:55Z,21488,442.1,1000,1000,1,1375522295,1,200,3.0
2026-08-16T12:19:25Z,21518,442.9,1000,1000,1,1377437919,1,200,2.6
2026-08-16T12:19:55Z,21548,440.0,1000,1000,1,1379357912,1,200,2.7
2026-08-16T12:20:26Z,21578,444.8,1000,1000,1,1381275079,1,200,2.7
2026-08-16T12:20:55Z,21608,442.6,1000,1000,1,1383130223,1,200,2.9
2026-08-16T12:21:25Z,21638,442.5,1000,1000,1,1385048303,1,200,2.5
2026-08-16T12:21:55Z,21668,434.3,1000,1000,1,1386967383,1,200,2.6
2026-08-16T12:22:25Z,21698,442.6,1000,1000,1,1388821527,1,200,2.5
2026-08-16T12:22:55Z,21728,445.5,1000,1000,1,1390740607,1,200,2.1
2026-08-16T12:23:25Z,21758,442.7,1000,1000,1,1392658685,1,200,2.6
2026-08-16T12:23:55Z,21788,575.8,1000,1000,1,1394561783,1,200,6.5
2026-08-16T12:24:25Z,21818,442.8,1000,1000,1,1397535806,1,200,2.7
2026-08-16T12:24:55Z,21848,445.0,1000,1000,1,1399454886,1,200,2.7
2026-08-16T12:25:25Z,21878,433.9,1000,1000,1,1401372966,1,200,2.7
2026-08-16T12:25:56Z,21909,445.8,1000,1000,1,1403292046,1,200,2.1
2026-08-16T12:26:26Z,21939,445.4,1000,1000,1,1405206394,1,200,2.5
2026-08-16T12:26:56Z,21969,441.8,1000,1000,1,1407129206,1,200,2.6
2026-08-16T12:27:26Z,21999,442.7,1000,1000,1,1409044547,1,200,2.6
2026-08-16T12:27:56Z,22029,446.0,1000,1000,1,1410902430,1,200,3.1
2026-08-16T12:28:26Z,22059,441.7,1000,1000,1,1412817140,1,200,2.4
2026-08-16T12:28:56Z,22089,441.4,1000,1000,1,1414731598,1,200,2.3
2026-08-16T12:29:27Z,22119,442.7,1000,1000,1,1416649678,1,200,2.5
2026-08-16T12:29:56Z,22149,442.6,1000,1000,1,1418504822,1,200,3.0
2026-08-16T12:30:26Z,22179,442.4,1000,1000,1,1420422902,1,200,2.4
2026-08-16T12:30:56Z,22209,441.7,1000,1000,1,1422341982,1,200,2.5
2026-08-16T12:31:26Z,22239,442.8,1000,1000,1,1424191832,1,200,4.3
2026-08-16T12:31:56Z,22269,446.1,1000,1000,1,1426107214,1,200,2.4
2026-08-16T12:32:26Z,22299,442.8,1000,1000,1,1428025294,1,200,2.6
2026-08-16T12:32:56Z,22329,442.5,1000,1000,1,1429944374,1,200,3.1
2026-08-16T12:33:26Z,22359,442.7,1000,1000,1,1431798518,1,200,2.5
2026-08-16T12:33:56Z,22389,442.7,1000,1000,1,1433717598,1,200,3.0
2026-08-16T12:34:26Z,22419,442.6,1000,1000,1,1435635678,1,200,2.5
2026-08-16T12:34:57Z,22449,442.4,1000,1000,1,1437554758,1,200,2.9
2026-08-16T12:35:26Z,22479,446.2,1000,1000,1,1439408902,1,200,5.2
2026-08-16T12:35:56Z,22509,442.8,1000,1000,1,1441323331,1,200,2.9
2026-08-16T12:36:26Z,22539,446.0,1000,1000,1,1443238070,1,200,2.4
2026-08-16T12:36:56Z,22569,442.3,1000,1000,1,1445093214,1,200,2.6
2026-08-16T12:37:26Z,22599,445.0,1000,1000,1,1447011294,1,200,2.4
2026-08-16T12:37:56Z,22629,442.7,1000,1000,1,1448930374,1,200,2.8
2026-08-16T12:38:26Z,22659,445.8,1000,1000,1,1450848454,1,200,2.9
2026-08-16T12:38:56Z,22689,439.5,1000,1000,1,1452703598,1,200,2.5
2026-08-16T12:39:26Z,22719,441.5,1000,1000,1,1454614208,1,200,2.3
2026-08-16T12:39:56Z,22749,434.9,1000,1000,1,1456532766,1,200,2.4
2026-08-16T12:40:27Z,22779,446.2,1000,1000,1,1458450846,1,200,3.0
2026-08-16T12:40:56Z,22809,446.4,1000,1000,1,1460305990,1,200,2.5
2026-08-16T12:41:26Z,22839,435.1,1000,1000,1,1462224070,1,200,2.8
2026-08-16T12:41:56Z,22869,442.5,1000,1000,1,1464143150,1,200,2.6
2026-08-16T12:42:26Z,22899,442.6,1000,1000,1,1465996382,1,200,2.5
2026-08-16T12:42:56Z,22929,442.5,1000,1000,1,1467912716,1,200,2.9
2026-08-16T12:43:26Z,22959,434.9,1000,1000,1,1469826462,1,200,2.5
2026-08-16T12:43:56Z,22989,442.7,1000,1000,1,1471745542,1,200,2.7
2026-08-16T12:44:26Z,23019,443.7,1000,1000,1,1473599686,1,200,2.9
2026-08-16T12:44:56Z,23049,442.2,1000,1000,1,1475518766,1,200,2.5
2026-08-16T12:45:26Z,23079,442.6,1000,1000,1,1477436086,1,200,3.7
2026-08-16T12:45:56Z,23109,442.8,1000,1000,1,1479348666,1,200,2.3
2026-08-16T12:46:26Z,23139,442.6,1000,1000,1,1481202078,1,200,2.9
2026-08-16T12:46:56Z,23169,442.3,1000,1000,1,1483121158,1,200,2.6
2026-08-16T12:47:26Z,23199,442.5,1000,1000,1,1485039238,1,200,2.7
2026-08-16T12:47:56Z,23229,442.7,1000,1000,1,1486894382,1,200,2.3
2026-08-16T12:48:26Z,23259,446.1,1000,1000,1,1488812206,1,200,3.0
2026-08-16T12:48:56Z,23289,435.0,1000,1000,1,1490726503,1,200,2.6
2026-08-16T12:49:26Z,23319,445.9,1000,1000,1,1492649506,1,200,2.6
2026-08-16T12:49:56Z,23349,442.8,1000,1000,1,1494498759,1,200,2.8
2026-08-16T12:50:26Z,23379,442.0,1000,1000,1,1496414854,1,200,2.9
2026-08-16T12:50:56Z,23409,446.1,1000,1000,1,1498333934,1,200,2.4
2026-08-16T12:51:27Z,23439,441.4,1000,1000,1,1500252014,1,200,3.6
2026-08-16T12:51:56Z,23469,446.0,1000,1000,1,1502107158,1,200,2.5
2026-08-16T12:52:26Z,23499,442.4,1000,1000,1,1504025238,1,200,2.9
2026-08-16T12:52:56Z,23529,442.7,1000,1000,1,1505938023,1,200,2.3
2026-08-16T12:53:26Z,23559,445.1,1000,1000,1,1507790470,1,200,2.4
2026-08-16T12:53:56Z,23589,442.8,1000,1000,1,1509709550,1,200,2.4
2026-08-16T12:54:26Z,23619,443.5,1000,1000,1,1512739853,1,200,2.1
2026-08-16T12:54:56Z,23649,443.4,1000,1000,1,1514655600,1,200,2.6
2026-08-16T12:55:26Z,23679,443.3,1000,1000,1,1516509744,1,200,3.0
2026-08-16T12:55:56Z,23709,446.9,1000,1000,1,1518428824,1,200,2.5
2026-08-16T12:56:26Z,23739,446.8,1000,1000,1,1520346904,1,200,2.4
2026-08-16T12:56:57Z,23769,436.0,1000,1000,1,1522265984,1,200,2.4
2026-08-16T12:57:26Z,23799,443.5,1000,1000,1,1524120128,1,200,2.3
2026-08-16T12:57:56Z,23829,443.7,1000,1000,1,1526035718,1,200,2.9
2026-08-16T12:58:26Z,23859,443.4,1000,1000,1,1527949296,1,200,2.3
2026-08-16T12:58:56Z,23889,446.8,1000,1000,1,1529804440,1,200,2.6
2026-08-16T12:59:26Z,23919,446.6,1000,1000,1,1531726207,1,200,3.1
2026-08-16T12:59:56Z,23949,439.7,1000,1000,1,1533649592,1,200,2.3
2026-08-16T13:00:27Z,23979,434.7,1000,1000,1,1535565207,1,200,3.5
2026-08-16T13:00:56Z,24009,440.4,1000,1000,1,1537415858,1,200,2.6
2026-08-16T13:01:26Z,24039,443.5,1000,1000,1,1539332904,1,200,2.9
2026-08-16T13:01:56Z,24069,446.9,1000,1000,1,1541251984,1,200,2.4
2026-08-16T13:02:26Z,24099,446.9,1000,1000,1,1543106128,1,200,2.3
2026-08-16T13:02:56Z,24129,442.3,1000,1000,1,1545025208,1,200,2.5
2026-08-16T13:03:26Z,24159,441.4,1000,1000,1,1546943288,1,200,2.8
2026-08-16T13:03:56Z,24189,447.1,1000,1000,1,1548861630,1,200,4.0
2026-08-16T13:04:26Z,24219,435.3,1000,1000,1,1550712632,1,200,4.3
2026-08-16T13:04:56Z,24249,438.9,1000,1000,1,1552635592,1,200,3.6
2026-08-16T13:05:26Z,24279,447.2,1000,1000,1,1554550442,1,200,3.0
2026-08-16T13:05:57Z,24309,443.9,1000,1000,1,1556464760,1,200,2.7
2026-08-16T13:06:26Z,24339,441.4,1000,1000,1,1558318904,1,200,3.4
2026-08-16T13:06:56Z,24369,439.9,1000,1000,1,1560237984,1,200,2.8
2026-08-16T13:07:26Z,24399,443.6,1000,1000,1,1562156064,1,200,2.7
2026-08-16T13:07:56Z,24429,446.8,1000,1000,1,1564011208,1,200,3.3
2026-08-16T13:08:26Z,24459,443.6,1000,1000,1,1565924571,1,200,3.4
2026-08-16T13:08:56Z,24489,443.4,1000,1000,1,1567840376,1,200,2.7
2026-08-16T13:09:26Z,24519,446.8,1000,1000,1,1569758456,1,200,2.8
2026-08-16T13:09:56Z,24549,443.7,1000,1000,1,1571613600,1,200,2.2
2026-08-16T13:10:26Z,24579,435.9,1000,1000,1,1573531680,1,200,2.6
2026-08-16T13:10:56Z,24609,446.8,1000,1000,1,1575450760,1,200,2.8
2026-08-16T13:11:27Z,24639,440.6,1000,1000,1,1577365852,1,200,2.9
2026-08-16T13:11:56Z,24669,445.8,1000,1000,1,1579216519,1,200,2.5
2026-08-16T13:12:26Z,24699,436.1,1000,1000,1,1581134072,1,200,2.4
2026-08-16T13:12:56Z,24729,443.4,1000,1000,1,1583053152,1,200,3.0
2026-08-16T13:13:26Z,24759,446.9,1000,1000,1,1584907296,1,200,2.6
2026-08-16T13:13:56Z,24789,436.0,1000,1000,1,1586826376,1,200,2.5
2026-08-16T13:14:26Z,24819,442.5,1000,1000,1,1588743937,1,200,2.6
2026-08-16T13:14:56Z,24849,435.8,1000,1000,1,1590663536,1,200,2.0
2026-08-16T13:15:26Z,24879,435.8,1000,1000,1,1592511930,1,200,2.5
2026-08-16T13:15:56Z,24909,443.3,1000,1000,1,1594436760,1,200,3.8
2026-08-16T13:16:26Z,24939,445.8,1000,1000,1,1596354840,1,200,2.4
2026-08-16T13:16:56Z,24969,443.5,1000,1000,1,1598209984,1,200,2.7
2026-08-16T13:17:26Z,24999,446.8,1000,1000,1,1600128064,1,200,2.4
2026-08-16T13:17:56Z,25029,446.2,1000,1000,1,1602047144,1,200,2.4
2026-08-16T13:18:27Z,25059,435.9,1000,1000,1,1603965224,1,200,2.9
2026-08-16T13:18:56Z,25089,442.6,1000,1000,1,1605820368,1,200,2.5
2026-08-16T13:19:26Z,25119,447.1,1000,1000,1,1607738448,1,200,2.4
2026-08-16T13:19:56Z,25149,443.0,1000,1000,1,1609657528,1,200,2.4
2026-08-16T13:20:26Z,25179,443.4,1000,1000,1,1611511672,1,200,2.8
2026-08-16T13:20:56Z,25209,440.7,1000,1000,1,1613430752,1,200,2.7
2026-08-16T13:21:26Z,25239,441.5,1000,1000,1,1615352308,1,200,2.3
2026-08-16T13:21:56Z,25269,444.4,1000,1000,1,1617211968,1,200,2.4
2026-08-16T13:22:26Z,25299,443.6,1000,1000,1,1619130048,1,200,3.1
2026-08-16T13:22:56Z,25329,439.8,1000,1000,1,1621049128,1,200,2.4
2026-08-16T13:23:27Z,25359,443.0,1000,1000,1,1622967208,1,200,2.8
2026-08-16T13:23:56Z,25389,440.7,1000,1000,1,1624822352,1,200,2.7
2026-08-16T13:24:26Z,25419,442.6,1000,1000,1,1627861820,1,200,2.2
2026-08-16T13:24:56Z,25449,443.0,1000,1000,1,1629781389,1,200,2.6
2026-08-16T13:25:26Z,25479,443.1,1000,1000,1,1631635533,1,200,3.3
2026-08-16T13:25:56Z,25509,446.2,1000,1000,1,1633554613,1,200,3.2
2026-08-16T13:26:26Z,25539,435.2,1000,1000,1,1635472693,1,200,2.9
2026-08-16T13:26:56Z,25569,442.6,1000,1000,1,1637327837,1,200,2.5
2026-08-16T13:27:26Z,25599,443.0,1000,1000,1,1639245917,1,200,2.6
2026-08-16T13:27:56Z,25629,442.1,1000,1000,1,1641164997,1,200,2.4
2026-08-16T13:28:27Z,25659,441.8,1000,1000,1,1643083077,1,200,2.7
2026-08-16T13:28:56Z,25689,443.1,1000,1000,1,1644938221,1,200,2.9
2026-08-16T13:29:26Z,25719,443.1,1000,1000,1,1646856466,1,200,2.6
2026-08-16T13:29:56Z,25749,442.9,1000,1000,1,1648779466,1,200,2.5
2026-08-16T13:30:26Z,25779,445.5,1000,1000,1,1650629525,1,200,3.0
2026-08-16T13:30:56Z,25809,443.2,1000,1000,1,1652548605,1,200,2.3
2026-08-16T13:31:26Z,25839,442.1,1000,1000,1,1654466685,1,200,2.7
2026-08-16T13:31:57Z,25869,442.8,1000,1000,1,1656385765,1,200,2.4
2026-08-16T13:32:26Z,25899,446.2,1000,1000,1,1658239909,1,200,2.2
2026-08-16T13:32:56Z,25929,441.8,1000,1000,1,1660158989,1,200,3.3
2026-08-16T13:33:26Z,25959,443.0,1000,1000,1,1662077069,1,200,2.3
2026-08-16T13:33:56Z,25989,442.1,1000,1000,1,1663932213,1,200,2.5
2026-08-16T13:34:26Z,26019,443.1,1000,1000,1,1665850293,1,200,2.9
2026-08-16T13:34:56Z,26049,442.5,1000,1000,1,1667769373,1,200,2.4
2026-08-16T13:35:27Z,26079,443.2,1000,1000,1,1669687453,1,200,2.4
2026-08-16T13:35:56Z,26109,443.1,1000,1000,1,1671542597,1,200,2.8
2026-08-16T13:36:26Z,26139,442.9,1000,1000,1,1673460677,1,200,3.0
2026-08-16T13:36:56Z,26169,443.0,1000,1000,1,1675383074,1,200,2.6
2026-08-16T13:37:26Z,26199,446.3,1000,1000,1,1677234411,1,200,2.2
2026-08-16T13:37:56Z,26229,440.9,1000,1000,1,1679160973,1,200,2.5
2026-08-16T13:38:26Z,26259,446.1,1000,1000,1,1681074550,1,200,2.8
2026-08-16T13:38:56Z,26289,442.1,1000,1000,1,1682926785,1,200,2.7
2026-08-16T13:39:26Z,26319,435.1,1000,1000,1,1684852277,1,200,3.5
2026-08-16T13:39:56Z,26349,440.8,1000,1000,1,1686771357,1,200,3.1
2026-08-16T13:40:26Z,26379,446.3,1000,1000,1,1688684360,1,200,2.9
2026-08-16T13:40:56Z,26409,442.6,1000,1000,1,1690536589,1,200,2.9
2026-08-16T13:41:26Z,26439,442.7,1000,1000,1,1692456323,1,200,3.0
2026-08-16T13:41:56Z,26469,443.0,1000,1000,1,1694381025,1,200,2.9
2026-08-16T13:42:26Z,26499,434.4,1000,1000,1,1696230477,1,200,2.3
2026-08-16T13:42:56Z,26529,446.0,1000,1000,1,1698154965,1,200,2.3
2026-08-16T13:43:26Z,26559,442.7,1000,1000,1,1700068944,1,200,2.9
2026-08-16T13:43:57Z,26589,442.3,1000,1000,1,1701984133,1,200,2.4
2026-08-16T13:44:26Z,26619,442.8,1000,1000,1,1703838277,1,200,2.5
2026-08-16T13:44:56Z,26649,434.4,1000,1000,1,1705757357,1,200,3.1
2026-08-16T13:45:26Z,26679,442.8,1000,1000,1,1707675437,1,200,2.6
2026-08-16T13:45:56Z,26709,446.2,1000,1000,1,1709530581,1,200,2.5
2026-08-16T13:46:26Z,26739,434.4,1000,1000,1,1711448661,1,200,3.1
2026-08-16T13:46:56Z,26769,435.2,1000,1000,1,1713370028,1,200,3.4
2026-08-16T13:47:26Z,26799,441.8,1000,1000,1,1715229877,1,200,2.6
2026-08-16T13:47:56Z,26829,437.9,1000,1000,1,1717148957,1,200,2.4
2026-08-16T13:48:26Z,26859,441.9,1000,1000,1,1719067037,1,200,2.5
2026-08-16T13:48:57Z,26889,442.7,1000,1000,1,1720986117,1,200,3.0
2026-08-16T13:49:26Z,26919,443.0,1000,1000,1,1722840261,1,200,2.8
2026-08-16T13:49:56Z,26949,442.9,1000,1000,1,1724761706,1,200,2.8
2026-08-16T13:50:26Z,26979,442.8,1000,1000,1,1726685413,1,200,2.6
2026-08-16T13:50:56Z,27009,441.9,1000,1000,1,1728540557,1,200,2.1
2026-08-16T13:51:26Z,27039,442.9,1000,1000,1,1730458637,1,200,2.4
2026-08-16T13:51:56Z,27069,435.8,1000,1000,1,1732377717,1,200,3.1
2026-08-16T13:52:26Z,27099,443.2,1000,1000,1,1734231861,1,200,2.9
2026-08-16T13:52:56Z,27129,442.9,1000,1000,1,1736150941,1,200,2.7
2026-08-16T13:53:26Z,27159,435.1,1000,1000,1,1738069021,1,200,2.4
2026-08-16T13:53:57Z,27189,435.2,1000,1000,1,1739988101,1,200,2.5
2026-08-16T13:54:26Z,27219,438.8,1000,1000,1,1742966120,1,200,2.9
2026-08-16T13:54:56Z,27249,439.6,1000,1000,1,1744885200,1,200,2.5
2026-08-16T13:55:26Z,27279,434.8,1000,1000,1,1746803280,1,200,2.4
2026-08-16T13:55:56Z,27309,435.0,1000,1000,1,1748658424,1,200,2.7
2026-08-16T13:56:26Z,27339,445.6,1000,1000,1,1750575775,1,200,2.3
2026-08-16T13:56:56Z,27369,445.1,1000,1000,1,1752495584,1,200,2.7
2026-08-16T13:57:26Z,27399,439.5,1000,1000,1,1754349728,1,200,2.4
2026-08-16T13:57:56Z,27429,433.9,1000,1000,1,1756268808,1,200,2.4
2026-08-16T13:58:26Z,27459,434.0,1000,1000,1,1758186888,1,200,2.8
2026-08-16T13:58:57Z,27490,442.9,1000,1000,1,1760108253,1,200,2.6
2026-08-16T13:59:27Z,27520,442.7,1000,1000,1,1762032040,1,200,3.7
2026-08-16T13:59:57Z,27550,445.8,1000,1000,1,1763951120,1,200,4.4
2026-08-16T14:00:27Z,27580,440.8,1000,1000,1,1765866489,1,200,4.1
2026-08-16T14:00:57Z,27610,445.9,1000,1000,1,1767720081,1,200,3.1
2026-08-16T14:01:27Z,27640,435.0,1000,1000,1,1769636492,1,200,2.5
2026-08-16T14:01:57Z,27670,434.0,1000,1000,1,1771561504,1,200,3.8
2026-08-16T14:02:27Z,27700,442.6,1000,1000,1,1773415329,1,200,3.8
2026-08-16T14:02:57Z,27730,445.8,1000,1000,1,1775334728,1,200,2.4
2026-08-16T14:03:27Z,27760,434.2,1000,1000,1,1777252808,1,200,2.6
2026-08-16T14:03:58Z,27790,439.7,1000,1000,1,1779171888,1,200,3.1
2026-08-16T14:04:27Z,27820,434.3,1000,1000,1,1781025161,1,200,4.3
2026-08-16T14:04:57Z,27850,442.5,1000,1000,1,1782945112,1,200,2.2
2026-08-16T14:05:27Z,27880,446.2,1000,1000,1,1784863192,1,200,4.1
2026-08-16T14:05:57Z,27910,443.0,1000,1000,1,1786718336,1,200,2.9
2026-08-16T14:06:27Z,27940,442.2,1000,1000,1,1788636416,1,200,2.4
2026-08-16T14:06:57Z,27970,444.8,1000,1000,1,1790555496,1,200,2.8
2026-08-16T14:07:28Z,28001,435.1,1000,1000,1,1792473576,1,200,2.9
2026-08-16T14:07:58Z,28031,434.2,1000,1000,1,1794392656,1,200,2.6
2026-08-16T14:08:28Z,28061,443.0,1000,1000,1,1796310736,1,200,2.5
2026-08-16T14:08:58Z,28091,442.6,1000,1000,1,1798229816,1,200,2.6
2026-08-16T14:09:28Z,28121,442.5,1000,1000,1,1800083960,1,200,3.1
2026-08-16T14:09:58Z,28151,442.6,1000,1000,1,1802001340,1,200,3.2
2026-08-16T14:10:28Z,28181,438.8,1000,1000,1,1803915292,1,200,3.4
2026-08-16T14:10:59Z,28211,443.0,1000,1000,1,1805838334,1,200,2.7
2026-08-16T14:11:28Z,28241,442.6,1000,1000,1,1807692668,1,200,2.5
2026-08-16T14:11:58Z,28271,445.1,1000,1000,1,1809613424,1,200,2.4
2026-08-16T14:12:28Z,28301,442.3,1000,1000,1,1811531340,1,200,2.8
2026-08-16T14:12:58Z,28331,442.5,1000,1000,1,1813382515,1,200,3.8
2026-08-16T14:13:28Z,28361,433.8,1000,1000,1,1815296736,1,200,2.6
2026-08-16T14:13:58Z,28391,442.7,1000,1000,1,1817215816,1,200,2.7
2026-08-16T14:14:28Z,28421,442.4,1000,1000,1,1819133896,1,200,2.2
2026-08-16T14:14:58Z,28451,446.0,1000,1000,1,1820989040,1,200,2.6
2026-08-16T14:15:28Z,28481,439.9,1000,1000,1,1822907120,1,200,2.9
2026-08-16T14:15:58Z,28511,443.2,1000,1000,1,1824826200,1,200,2.8
2026-08-16T14:16:28Z,28541,445.9,1000,1000,1,1826679395,1,200,2.8
2026-08-16T14:16:58Z,28571,441.4,1000,1000,1,1828593484,1,200,3.6
2026-08-16T14:17:28Z,28601,440.1,1000,1000,1,1830509512,1,200,2.5
2026-08-16T14:17:58Z,28631,446.2,1000,1000,1,1832432324,1,200,2.6
2026-08-16T14:18:28Z,28661,445.9,1000,1000,1,1834284315,1,200,2.7
2026-08-16T14:18:58Z,28691,442.7,1000,1000,1,1836201816,1,200,2.4
2026-08-16T14:19:28Z,28721,443.1,1000,1000,1,1838119896,1,200,2.9
2026-08-16T14:19:59Z,28751,445.0,1000,1000,1,1840038976,1,200,2.3
2026-08-16T14:20:28Z,28781,443.2,1000,1000,1,1841893120,1,200,2.5
2026-08-16T14:20:58Z,28811,445.9,1000,1000,1,1843812200,1,200,2.9
2026-08-16T14:21:28Z,28841,446.2,1000,1000,1,1845730280,1,200,2.4
2026-08-16T14:21:58Z,28871,445.8,1000,1000,1,1847585424,1,200,3.4
2026-08-16T14:22:28Z,28901,444.7,1000,1000,1,1849503504,1,200,2.8
2026-08-16T14:22:58Z,28931,439.8,1000,1000,1,1851422584,1,200,2.6
2026-08-16T14:23:28Z,28961,445.8,1000,1000,1,1853276728,1,200,3.1
2026-08-16T14:23:58Z,28991,439.8,1000,1000,1,1855195808,1,200,2.8
2026-08-16T14:24:28Z,29021,434.4,999,999,2,1857121504,2,200,2.6
2026-08-16T14:24:58Z,29051,441.8,999,999,2,1858977328,2,200,2.4
2026-08-16T14:25:28Z,29081,434.0,999,999,2,1860898935,2,200,2.8
2026-08-16T14:25:58Z,29111,442.4,999,999,2,1862816094,2,200,2.4
2026-08-16T14:26:28Z,29141,433.2,1000,1000,2,1865797240,2,200,2.6
2026-08-16T14:26:58Z,29171,445.1,1000,1000,2,1867710656,2,200,2.5
2026-08-16T14:27:28Z,29201,442.9,1000,1000,2,1869628737,2,200,2.5
2026-08-16T14:27:58Z,29231,443.0,1000,1000,2,1871549192,2,200,2.5
2026-08-16T14:28:28Z,29261,443.4,1000,1000,2,1873401961,2,200,2.6
2026-08-16T14:28:58Z,29291,445.7,1000,1000,2,1875327771,2,200,3.2
2026-08-16T14:29:28Z,29321,441.5,1000,1000,2,1877239121,2,200,2.9
2026-08-16T14:29:58Z,29351,442.6,1000,1000,2,1879094264,2,200,3.0
2026-08-16T14:30:28Z,29381,443.5,1000,1000,2,1881012345,2,200,3.0
2026-08-16T14:30:58Z,29411,443.3,1000,1000,2,1882931424,2,200,2.7
2026-08-16T14:31:28Z,29441,443.2,1000,1000,2,1884849505,2,200,3.1
2026-08-16T14:31:58Z,29471,439.8,1000,1000,2,1886704648,2,200,2.4
2026-08-16T14:32:28Z,29501,445.3,1000,1000,2,1888622729,2,200,2.5
2026-08-16T14:32:58Z,29531,443.1,1000,1000,2,1890541808,2,200,2.6
2026-08-16T14:33:28Z,29561,434.1,1000,1000,2,1892395953,2,200,2.7
2026-08-16T14:33:58Z,29591,443.1,1000,1000,2,1894315032,2,200,2.4
2026-08-16T14:34:28Z,29621,442.0,1000,1000,2,1896233113,2,200,2.8
2026-08-16T14:34:58Z,29651,443.3,1000,1000,2,1898152192,2,200,2.5
2026-08-16T14:35:28Z,29681,433.6,1000,1000,2,1900006337,2,200,3.7
2026-08-16T14:35:58Z,29711,445.0,1000,1000,2,1901922845,2,200,2.9
2026-08-16T14:36:28Z,29741,443.3,1000,1000,2,1903836832,2,200,2.7
2026-08-16T14:36:59Z,29771,442.8,1000,1000,2,1905762576,2,200,4.3
2026-08-16T14:37:28Z,29801,443.4,1000,1000,2,1907614590,2,200,2.5
2026-08-16T14:37:58Z,29831,442.6,1000,1000,2,1909535800,2,200,2.5
2026-08-16T14:38:28Z,29861,441.7,1000,1000,2,1911453881,2,200,2.8
2026-08-16T14:38:58Z,29891,439.9,1000,1000,2,1913309024,2,200,2.4
2026-08-16T14:39:28Z,29921,433.9,1000,1000,2,1915227105,2,200,2.4
2026-08-16T14:39:58Z,29951,442.6,1000,1000,2,1917146184,2,200,2.8
2026-08-16T14:40:28Z,29981,442.1,1000,1000,2,1919000329,2,200,2.7
2026-08-16T14:40:58Z,30011,443.4,1000,1000,2,1920919408,2,200,2.9
2026-08-16T14:41:28Z,30041,445.2,1000,1000,2,1922837489,2,200,2.4
2026-08-16T14:41:58Z,30071,437.5,1000,1000,2,1924756568,2,200,2.6
2026-08-16T14:42:28Z,30101,442.8,1000,1000,2,1926610713,2,200,2.6
2026-08-16T14:42:58Z,30131,435.5,1000,1000,2,1928529792,2,200,2.7
2026-08-16T14:43:28Z,30161,445.8,1000,1000,2,1930447873,2,200,3.0
2026-08-16T14:43:58Z,30191,446.4,1000,1000,2,1932303016,2,200,2.8
2026-08-16T14:44:28Z,30221,442.9,1000,1000,2,1934221097,2,200,2.6
2026-08-16T14:44:58Z,30251,439.9,1000,1000,2,1936140176,2,200,2.4
2026-08-16T14:45:28Z,30281,442.7,1000,1000,2,1938058257,2,200,3.2
2026-08-16T14:45:58Z,30311,434.0,1000,1000,2,1939913400,2,200,2.6
2026-08-16T14:46:28Z,30341,443.8,1000,1000,2,1941830154,2,200,2.1
2026-08-16T14:46:58Z,30371,439.8,1000,1000,2,1943750560,2,200,2.5
2026-08-16T14:47:28Z,30401,443.1,1000,1000,2,1945601371,2,200,3.8
2026-08-16T14:47:58Z,30431,435.1,1000,1000,2,1947523784,2,200,2.8
2026-08-16T14:48:28Z,30461,443.0,1000,1000,2,1949441865,2,200,3.0
2026-08-16T14:48:59Z,30491,442.9,1000,1000,2,1951360944,2,200,2.5
2026-08-16T14:49:28Z,30521,439.1,1000,1000,2,1953215089,2,200,2.9
2026-08-16T14:49:58Z,30551,442.1,1000,1000,2,1955134168,2,200,2.9
2026-08-16T14:50:28Z,30581,443.9,1000,1000,2,1957052249,2,200,2.8
2026-08-16T14:50:58Z,30611,442.9,1000,1000,2,1958907392,2,200,2.4
2026-08-16T14:51:28Z,30641,442.6,1000,1000,2,1960825473,2,200,2.5
2026-08-16T14:51:58Z,30671,442.8,1000,1000,2,1962744552,2,200,2.4
2026-08-16T14:52:28Z,30701,446.4,1000,1000,2,1964598697,2,200,2.4
2026-08-16T14:52:58Z,30731,443.9,1000,1000,2,1966517776,2,200,2.5
2026-08-16T14:53:28Z,30761,434.3,1000,1000,2,1968435857,2,200,2.7
2026-08-16T14:53:58Z,30791,441.7,1000,1000,2,1970354936,2,200,2.4
2026-08-16T14:54:28Z,30821,445.9,1000,1000,2,1972209081,2,200,2.8
2026-08-16T14:54:58Z,30851,439.9,1000,1000,2,1974120410,2,200,2.8
2026-08-16T14:55:28Z,30881,439.9,1000,1000,2,1976038249,2,200,2.9
2026-08-16T14:55:59Z,30911,443.3,1000,1000,2,1977957328,2,200,2.9
2026-08-16T14:56:28Z,30941,443.6,1000,1000,2,1980930095,2,200,2.7
2026-08-16T14:56:58Z,30971,445.7,1000,1000,2,1982845436,2,200,3.0
2026-08-16T14:57:28Z,31001,445.7,1000,1000,2,1984763517,2,200,2.4
2026-08-16T14:57:58Z,31031,443.3,1000,1000,2,1986620284,2,200,2.5
2026-08-16T14:58:28Z,31061,446.6,1000,1000,2,1988536741,2,200,2.5
2026-08-16T14:58:58Z,31091,446.6,1000,1000,2,1990462163,2,200,2.8
2026-08-16T14:59:29Z,31121,443.1,1000,1000,2,1992376219,2,200,3.3
2026-08-16T14:59:58Z,31151,447.0,1000,1000,2,1994237036,2,200,2.1
2026-08-16T15:00:28Z,31181,446.9,1000,1000,2,1996155117,2,200,2.8
2026-08-16T15:00:58Z,31211,445.8,1000,1000,2,1998074196,2,200,2.5
2026-08-16T15:01:28Z,31241,446.6,1000,1000,2,1999928341,2,200,2.4
2026-08-16T15:01:58Z,31271,446.8,1000,1000,2,2001845162,2,200,3.5
2026-08-16T15:02:28Z,31301,445.1,1000,1000,2,2003757509,2,200,2.5
2026-08-16T15:02:59Z,31331,446.8,1000,1000,2,2005683154,2,200,2.9
2026-08-16T15:03:28Z,31361,446.7,1000,1000,2,2007534058,2,200,3.2
2026-08-16T15:03:58Z,31391,445.6,1000,1000,2,2009457804,2,200,3.0
2026-08-16T15:04:28Z,31421,435.0,1000,1000,2,2011375885,2,200,2.7
2026-08-16T15:04:58Z,31451,446.4,1000,1000,2,2013231028,2,200,2.5
2026-08-16T15:05:28Z,31481,442.8,1000,1000,2,2015149109,2,200,2.7
2026-08-16T15:05:58Z,31511,447.1,1000,1000,2,2017068188,2,200,2.6
2026-08-16T15:06:28Z,31541,446.7,1000,1000,2,2018922333,2,200,2.4
2026-08-16T15:06:58Z,31571,446.7,1000,1000,2,2020841412,2,200,3.0
2026-08-16T15:07:28Z,31601,443.1,1000,1000,2,2022759493,2,200,2.6
2026-08-16T15:07:58Z,31631,440.3,1000,1000,2,2024678572,2,200,2.6
2026-08-16T15:08:28Z,31661,446.4,1000,1000,2,2026532717,2,200,2.2
2026-08-16T15:08:58Z,31691,443.3,1000,1000,2,2028449799,2,200,2.8
2026-08-16T15:09:28Z,31721,446.2,1000,1000,2,2030369877,2,200,2.6
2026-08-16T15:09:58Z,31751,442.3,1000,1000,2,2032225020,2,200,2.4
2026-08-16T15:10:28Z,31781,443.6,1000,1000,2,2034143101,2,200,2.5
2026-08-16T15:10:58Z,31811,446.7,1000,1000,2,2036061149,2,200,3.2
2026-08-16T15:11:28Z,31841,446.6,1000,1000,2,2037972974,2,200,2.8
2026-08-16T15:11:58Z,31871,435.7,1000,1000,2,2039827412,2,200,2.4
2026-08-16T15:12:28Z,31901,446.0,1000,1000,2,2041745493,2,200,2.5
2026-08-16T15:12:58Z,31931,443.3,1000,1000,2,2043664572,2,200,2.6
2026-08-16T15:13:28Z,31961,446.7,1000,1000,2,2045518717,2,200,2.8
2026-08-16T15:13:58Z,31991,443.2,1000,1000,2,2047437796,2,200,2.6
2026-08-16T15:14:28Z,32021,446.8,1000,1000,2,2049355877,2,200,2.4
2026-08-16T15:14:58Z,32051,443.5,1000,1000,2,2051274956,2,200,2.6
2026-08-16T15:15:28Z,32081,446.7,1000,1000,2,2053125163,2,200,2.8
2026-08-16T15:15:58Z,32111,441.6,1000,1000,2,2055041740,2,200,2.5
2026-08-16T15:16:28Z,32141,443.6,1000,1000,2,2056958269,2,200,2.9
2026-08-16T15:16:58Z,32171,446.8,1000,1000,2,2058877348,2,200,2.4
2026-08-16T15:17:28Z,32201,446.9,1000,1000,2,2060731493,2,200,2.5
2026-08-16T15:17:58Z,32231,435.9,1000,1000,2,2062650572,2,200,2.5
2026-08-16T15:18:28Z,32261,443.8,1000,1000,2,2064568653,2,200,3.6
2026-08-16T15:18:58Z,32291,446.8,1000,1000,2,2066421404,2,200,3.2
2026-08-16T15:19:28Z,32321,446.9,1000,1000,2,2068334376,2,200,3.1
2026-08-16T15:19:58Z,32351,444.4,1000,1000,2,2070252964,2,200,2.6
2026-08-16T15:20:28Z,32381,435.9,1000,1000,2,2072171045,2,200,2.9
2026-08-16T15:20:58Z,32411,446.6,1000,1000,2,2074026188,2,200,2.8
2026-08-16T15:21:28Z,32441,432.8,1000,1000,2,2075942320,2,200,2.3
2026-08-16T15:21:58Z,32471,442.5,1000,1000,2,2077859091,2,200,3.2
2026-08-16T15:22:28Z,32501,443.4,1000,1000,2,2079773437,2,200,2.7
2026-08-16T15:22:58Z,32531,443.4,1000,1000,2,2081628580,2,200,2.5
2026-08-16T15:23:28Z,32561,445.7,1000,1000,2,2083546661,2,200,3.1
2026-08-16T15:23:58Z,32591,446.8,1000,1000,2,2085465740,2,200,2.6
2026-08-16T15:24:29Z,32621,443.7,1000,1000,2,2087383821,2,200,3.2
2026-08-16T15:24:58Z,32651,444.9,1000,1000,2,2089238914,2,200,3.1
2026-08-16T15:25:28Z,32681,443.1,1000,1000,2,2091150892,2,200,2.5
2026-08-16T15:25:58Z,32711,446.6,1000,1000,2,2093068132,2,200,2.5
2026-08-16T15:26:28Z,32741,435.1,1000,1000,2,2096039159,2,200,2.4
2026-08-16T15:26:58Z,32771,446.2,1000,1000,2,2097954918,2,200,2.9
2026-08-16T15:27:28Z,32801,442.8,1000,1000,2,2099869326,2,200,2.3
2026-08-16T15:27:58Z,32831,439.5,1000,1000,2,2101787406,2,200,2.7
2026-08-16T15:28:28Z,32861,439.3,1000,1000,2,2103641551,2,200,2.4
2026-08-16T15:28:58Z,32891,443.0,1000,1000,2,2105560630,2,200,2.5
2026-08-16T15:29:28Z,32921,443.5,1000,1000,2,2107478711,2,200,2.4
2026-08-16T15:29:58Z,32951,434.6,1000,1000,2,2109333854,2,200,2.8
2026-08-16T15:30:28Z,32981,446.2,1000,1000,2,2111251935,2,200,2.6
2026-08-16T15:30:58Z,33011,445.6,1000,1000,2,2113165625,2,200,3.3
2026-08-16T15:31:28Z,33041,446.2,1000,1000,2,2115081390,2,200,2.5
2026-08-16T15:31:58Z,33071,438.8,1000,1000,2,2116936246,2,200,2.4
2026-08-16T15:32:28Z,33101,439.8,1000,1000,2,2118854327,2,200,2.5
2026-08-16T15:32:58Z,33131,444.8,1000,1000,2,2120773406,2,200,2.8
2026-08-16T15:33:28Z,33161,446.4,1000,1000,2,2122691487,2,200,3.0
2026-08-16T15:33:58Z,33191,443.8,1000,1000,2,2124546630,2,200,2.5
2026-08-16T15:34:28Z,33221,442.9,1000,1000,2,2126464576,2,200,3.9
2026-08-16T15:34:58Z,33251,441.9,1000,1000,2,2128379021,2,200,2.7
2026-08-16T15:35:29Z,33281,442.8,1000,1000,2,2130293879,2,200,2.7
2026-08-16T15:35:58Z,33311,443.2,1000,1000,2,2132149022,2,200,2.9
2026-08-16T15:36:28Z,33341,446.1,1000,1000,2,2134067103,2,200,2.5
2026-08-16T15:36:58Z,33371,443.3,1000,1000,2,2135986182,2,200,2.6
2026-08-16T15:37:28Z,33401,435.4,1000,1000,2,2137840327,2,200,2.9
2026-08-16T15:37:58Z,33431,442.9,1000,1000,2,2139759406,2,200,3.5
2026-08-16T15:38:28Z,33461,446.3,1000,1000,2,2141676778,2,200,2.6
2026-08-16T15:38:58Z,33491,439.9,1000,1000,2,2143588574,2,200,2.7
2026-08-16T15:39:28Z,33521,439.8,1000,1000,2,2145442719,2,200,3.0
2026-08-16T15:39:58Z,33551,444.8,1000,1000,2,2147361798,2,200,3.1
2026-08-16T15:40:28Z,33581,445.0,1000,1000,2,2149279879,2,200,2.7
2026-08-16T15:40:59Z,33611,443.0,1000,1000,2,2151198958,2,200,2.7
2026-08-16T15:41:28Z,33641,442.6,1000,1000,2,2153052050,2,200,2.9
2026-08-16T15:41:58Z,33671,435.1,1000,1000,2,2154964526,2,200,2.7
2026-08-16T15:42:28Z,33701,446.1,1000,1000,2,2156882271,2,200,2.7
2026-08-16T15:42:58Z,33731,446.0,1000,1000,2,2158737414,2,200,3.0
2026-08-16T15:43:28Z,33761,444.8,1000,1000,2,2160655495,2,200,2.9
2026-08-16T15:43:58Z,33791,446.2,1000,1000,2,2162574574,2,200,2.5
2026-08-16T15:44:28Z,33821,435.2,1000,1000,2,2164492655,2,200,3.1
2026-08-16T15:44:58Z,33851,446.1,1000,1000,2,2166347798,2,200,2.5
2026-08-16T15:45:28Z,33881,439.7,1000,1000,2,2168265879,2,200,2.5
2026-08-16T15:45:58Z,33911,438.2,1000,1000,2,2170182075,2,200,3.8
2026-08-16T15:46:29Z,33942,444.0,1000,1000,2,2172095453,2,200,2.6
2026-08-16T15:46:59Z,33972,435.3,1000,1000,2,2174014126,2,200,2.4
2026-08-16T15:47:29Z,34002,446.2,1000,1000,2,2175932207,2,200,2.4
2026-08-16T15:47:59Z,34032,439.8,1000,1000,2,2177851286,2,200,2.3
2026-08-16T15:48:29Z,34062,438.8,1000,1000,2,2179705431,2,200,3.0
2026-08-16T15:48:59Z,34092,442.5,1000,1000,2,2181620067,2,200,2.8
2026-08-16T15:49:29Z,34122,443.7,1000,1000,2,2183534599,2,200,2.4
2026-08-16T15:49:59Z,34152,439.7,1000,1000,2,2185453678,2,200,2.4
2026-08-16T15:50:29Z,34182,440.0,1000,1000,2,2187307823,2,200,2.3
2026-08-16T15:50:59Z,34212,435.5,1000,1000,2,2189226902,2,200,2.5
2026-08-16T15:51:29Z,34242,444.9,1000,1000,2,2191144983,2,200,2.5
2026-08-16T15:51:59Z,34272,442.4,1000,1000,2,2193000126,2,200,2.4
2026-08-16T15:52:29Z,34302,442.7,1000,1000,2,2194918207,2,200,3.0
2026-08-16T15:52:59Z,34332,440.1,1000,1000,2,2196837286,2,200,3.1
2026-08-16T15:53:29Z,34362,439.7,1000,1000,2,2198751582,2,200,4.1
2026-08-16T15:53:59Z,34392,446.0,1000,1000,2,2200603655,2,200,2.5
2026-08-16T15:54:29Z,34422,442.9,1000,1000,2,2202520599,2,200,2.5
2026-08-16T15:54:59Z,34452,446.6,1000,1000,2,2204439678,2,200,2.8
2026-08-16T15:55:29Z,34482,434.4,1000,1000,2,2206357759,2,200,2.4
2026-08-16T15:55:59Z,34512,439.9,1000,1000,2,2208212902,2,200,2.1
2026-08-16T15:56:29Z,34542,437.4,1000,1000,2,2211228884,2,200,2.5
2026-08-16T15:56:59Z,34572,443.5,1000,1000,2,2213147963,2,200,2.6
2026-08-16T15:57:29Z,34602,439.6,1000,1000,2,2215002108,2,200,2.4
2026-08-16T15:57:59Z,34632,446.8,1000,1000,2,2216921187,2,200,4.8
2026-08-16T15:58:29Z,34662,440.4,1000,1000,2,2218834908,2,200,3.9
2026-08-16T15:58:59Z,34692,441.2,1000,1000,2,2220750601,2,200,2.6
2026-08-16T15:59:29Z,34722,443.6,1000,1000,2,2222604500,2,200,2.4
2026-08-16T15:59:59Z,34752,440.3,1000,1000,2,2224523579,2,200,2.8
2026-08-16T16:00:29Z,34782,435.7,1000,1000,2,2226441660,2,200,3.0
2026-08-16T16:01:00Z,34812,446.9,1000,1000,2,2228360739,2,200,2.5
2026-08-16T16:01:29Z,34842,444.1,1000,1000,2,2230214549,2,200,3.1
2026-08-16T16:01:59Z,34872,446.5,1000,1000,2,2232126674,2,200,2.6
2026-08-16T16:02:29Z,34902,440.5,1000,1000,2,2234044052,2,200,2.8
2026-08-16T16:02:59Z,34932,442.8,1000,1000,2,2235899195,2,200,2.6
2026-08-16T16:03:29Z,34962,444.6,1000,1000,2,2237817276,2,200,2.6
2026-08-16T16:03:59Z,34992,446.8,1000,1000,2,2239736355,2,200,2.5
2026-08-16T16:04:29Z,35022,434.8,1000,1000,2,2241654436,2,200,3.0
2026-08-16T16:04:59Z,35052,440.2,1000,1000,2,2243509579,2,200,2.4
2026-08-16T16:05:29Z,35082,440.5,1000,1000,2,2245422270,2,200,3.1
2026-08-16T16:05:59Z,35112,439.0,1000,1000,2,2247338747,2,200,3.0
2026-08-16T16:06:30Z,35142,442.2,1000,1000,2,2249256828,2,200,2.9
2026-08-16T16:06:59Z,35172,439.9,1000,1000,2,2251111971,2,200,2.9
2026-08-16T16:07:29Z,35202,442.1,1000,1000,2,2253030052,2,200,2.5
2026-08-16T16:07:59Z,35232,440.2,1000,1000,2,2254949131,2,200,2.4
2026-08-16T16:08:29Z,35262,444.7,1000,1000,2,2256803276,2,200,2.0
2026-08-16T16:08:59Z,35292,447.0,1000,1000,2,2258722355,2,200,2.4
2026-08-16T16:09:29Z,35322,446.5,1000,1000,2,2260638735,2,200,3.1
2026-08-16T16:09:59Z,35352,443.2,1000,1000,2,2262551523,2,200,2.4
2026-08-16T16:10:29Z,35382,440.0,1000,1000,2,2264405829,2,200,2.7
2026-08-16T16:10:59Z,35412,446.7,1000,1000,2,2266324747,2,200,2.7
2026-08-16T16:11:29Z,35442,446.6,1000,1000,2,2268242828,2,200,2.9
2026-08-16T16:12:00Z,35472,445.3,1000,1000,2,2270161907,2,200,2.2
2026-08-16T16:12:29Z,35502,446.4,1000,1000,2,2272016052,2,200,2.4
2026-08-16T16:12:59Z,35532,445.7,1000,1000,2,2273935131,2,200,2.5
2026-08-16T16:13:29Z,35562,446.6,1000,1000,2,2275853212,2,200,2.2
2026-08-16T16:13:59Z,35592,437.8,1000,1000,2,2277706998,2,200,3.8
2026-08-16T16:14:29Z,35622,443.0,1000,1000,2,2279621469,2,200,3.4
2026-08-16T16:14:59Z,35652,446.7,1000,1000,2,2281539113,2,200,2.6
2026-08-16T16:15:30Z,35682,445.2,1000,1000,2,2283455604,2,200,2.9
2026-08-16T16:15:59Z,35712,435.7,1000,1000,2,2285310747,2,200,2.6
2026-08-16T16:16:29Z,35742,446.9,1000,1000,2,2287228828,2,200,2.7
2026-08-16T16:16:59Z,35772,440.0,1000,1000,2,2289147907,2,200,3.0
2026-08-16T16:17:29Z,35802,439.9,1000,1000,2,2291002052,2,200,2.4
2026-08-16T16:17:59Z,35832,440.5,1000,1000,2,2292921131,2,200,2.9
2026-08-16T16:18:29Z,35862,444.2,1000,1000,2,2294839212,2,200,2.3
2026-08-16T16:19:00Z,35892,445.7,1000,1000,2,2296758291,2,200,2.3
2026-08-16T16:19:29Z,35922,446.6,1000,1000,2,2298612436,2,200,2.3
2026-08-16T16:19:59Z,35952,435.7,1000,1000,2,2300531515,2,200,2.7
2026-08-16T16:20:29Z,35982,444.1,1000,1000,2,2302456024,2,200,2.5
2026-08-16T16:20:59Z,36012,444.3,1000,1000,2,2304305273,2,200,2.3
2026-08-16T16:21:29Z,36042,442.9,1000,1000,2,2306229482,2,200,2.5
2026-08-16T16:21:59Z,36072,446.8,1000,1000,2,2308148541,2,200,2.4
2026-08-16T16:22:29Z,36102,445.9,1000,1000,2,2310000197,2,200,4.3
2026-08-16T16:22:59Z,36132,445.3,1000,1000,2,2311917682,2,200,4.1
2026-08-16T16:23:29Z,36162,444.6,1000,1000,2,2313834702,2,200,2.4
2026-08-16T16:23:59Z,36192,435.7,1000,1000,2,2315760275,2,200,2.2
2026-08-16T16:24:29Z,36222,444.6,1000,1000,2,2317610370,2,200,4.0
2026-08-16T16:24:59Z,36252,443.2,1000,1000,2,2319533499,2,200,2.4
2026-08-16T16:25:29Z,36282,446.4,1000,1000,2,2321451580,2,200,2.9
2026-08-16T16:25:59Z,36312,445.9,1000,1000,2,2323306723,2,200,2.4
2026-08-16T16:26:29Z,36342,442.1,1000,1000,2,2326342028,2,200,2.5
2026-08-16T16:26:59Z,36372,445.7,1000,1000,2,2328261764,2,200,2.6
2026-08-16T16:27:30Z,36402,446.9,1000,1000,2,2330181180,2,200,2.6
2026-08-16T16:27:59Z,36432,446.7,1000,1000,2,2332042980,2,200,3.4
2026-08-16T16:28:29Z,36462,445.9,1000,1000,2,2333962060,2,200,3.1
2026-08-16T16:29:00Z,36492,443.0,1000,1000,2,2335886551,2,200,3.2
2026-08-16T16:29:29Z,36522,435.7,1000,1000,2,2337742277,2,200,2.9
2026-08-16T16:29:59Z,36552,446.0,1000,1000,2,2339662355,2,200,4.5
2026-08-16T16:30:29Z,36582,442.6,1000,1000,2,2341584432,2,200,2.0
2026-08-16T16:30:59Z,36612,446.6,1000,1000,2,2343442572,2,200,2.9
2026-08-16T16:31:29Z,36642,442.2,1000,1000,2,2345361652,2,200,2.6
2026-08-16T16:31:59Z,36672,435.0,1000,1000,2,2347284727,2,200,3.9
2026-08-16T16:32:30Z,36702,442.7,1000,1000,2,2349205805,2,200,3.0
2026-08-16T16:32:59Z,36732,443.3,1000,1000,2,2351061947,2,200,2.6
2026-08-16T16:33:29Z,36762,446.5,1000,1000,2,2352984024,2,200,3.8
2026-08-16T16:33:59Z,36792,443.7,1000,1000,2,2354903103,2,200,2.5
2026-08-16T16:34:29Z,36822,438.1,1000,1000,2,2356759396,2,200,2.9
2026-08-16T16:34:59Z,36852,443.2,1000,1000,2,2358680323,2,200,2.7
2026-08-16T16:35:29Z,36882,442.5,1000,1000,2,2360602400,2,200,2.8
2026-08-16T16:35:59Z,36912,446.8,1000,1000,2,2362461539,2,200,2.4
2026-08-16T16:36:29Z,36942,446.9,1000,1000,2,2364383616,2,200,2.6
2026-08-16T16:36:59Z,36972,443.6,1000,1000,2,2366305692,2,200,2.4
2026-08-16T16:37:30Z,37002,443.3,1000,1000,2,2368224772,2,200,2.3
2026-08-16T16:37:59Z,37032,446.7,1000,1000,2,2370083911,2,200,2.5
2026-08-16T16:38:29Z,37062,443.6,1000,1000,2,2372005988,2,200,3.6
2026-08-16T16:38:59Z,37092,443.5,1000,1000,2,2373929063,2,200,2.1
2026-08-16T16:39:29Z,37122,446.6,1000,1000,2,2375785589,2,200,2.6
2026-08-16T16:39:59Z,37152,445.1,1000,1000,2,2377706283,2,200,2.6
2026-08-16T16:40:29Z,37182,442.9,1000,1000,2,2379629729,2,200,2.6
2026-08-16T16:40:59Z,37212,443.4,1000,1000,2,2381486500,2,200,2.9
2026-08-16T16:41:29Z,37242,445.8,1000,1000,2,2383405882,2,200,2.6
2026-08-16T16:41:59Z,37272,443.0,1000,1000,2,2385329514,2,200,2.8
2026-08-16T16:42:30Z,37302,446.8,1000,1000,2,2387250732,2,200,3.0
2026-08-16T16:42:59Z,37332,445.7,1000,1000,2,2389109871,2,200,2.4
2026-08-16T16:43:29Z,37362,446.7,1000,1000,2,2391031066,2,200,2.6
2026-08-16T16:44:00Z,37392,443.3,1000,1000,2,2392951027,2,200,3.1
2026-08-16T16:44:29Z,37422,443.5,1000,1000,2,2394809168,2,200,2.3
2026-08-16T16:44:59Z,37452,446.6,1000,1000,2,2396732243,2,200,2.4
2026-08-16T16:45:29Z,37482,446.4,1000,1000,2,2398654320,2,200,2.6
2026-08-16T16:45:59Z,37512,446.6,1000,1000,2,2400512460,2,200,2.7
2026-08-16T16:46:29Z,37542,446.6,1000,1000,2,2402433875,2,200,2.8
2026-08-16T16:46:59Z,37572,443.6,1000,1000,2,2404357612,2,200,2.6
2026-08-16T16:47:29Z,37602,434.9,1000,1000,2,2406215601,2,200,3.2
2026-08-16T16:47:59Z,37632,443.3,1000,1000,2,2408138828,2,200,2.3
2026-08-16T16:48:29Z,37662,443.3,1000,1000,2,2410057908,2,200,3.1
2026-08-16T16:48:59Z,37692,443.5,1000,1000,2,2411920044,2,200,2.5
2026-08-16T16:49:29Z,37722,445.2,1000,1000,2,2413839124,2,200,2.5
2026-08-16T16:49:59Z,37752,445.9,1000,1000,2,2415762199,2,200,2.8
2026-08-16T16:50:30Z,37782,443.2,1000,1000,2,2417683625,2,200,3.0
2026-08-16T16:50:59Z,37812,446.8,1000,1000,2,2419543415,2,200,3.0
2026-08-16T16:51:29Z,37842,443.4,1000,1000,2,2421464493,2,200,2.7
2026-08-16T16:52:00Z,37872,435.7,1000,1000,2,2423385522,2,200,2.8
2026-08-16T16:52:29Z,37902,443.4,1000,1000,2,2425245709,2,200,3.1
2026-08-16T16:52:59Z,37932,443.8,1000,1000,2,2427165787,2,200,2.4
2026-08-16T16:53:29Z,37962,446.7,1000,1000,2,2429087864,2,200,2.6
2026-08-16T16:53:59Z,37992,435.9,1000,1000,2,2430947003,2,200,2.5
2026-08-16T16:54:29Z,38022,443.7,1000,1000,2,2432869080,2,200,3.3
2026-08-16T16:54:59Z,38052,447.2,1000,1000,2,2434791156,2,200,2.4
2026-08-16T16:55:29Z,38082,444.9,1000,1000,2,2436646929,2,200,2.5
2026-08-16T16:55:59Z,38112,445.3,1000,1000,2,2438569375,2,200,2.7
2026-08-16T16:56:29Z,38142,468.8,1000,1000,2,2441607335,2,200,2.5
2026-08-16T16:56:59Z,38172,436.0,1000,1000,2,2443526414,2,200,2.9
2026-08-16T16:57:29Z,38202,442.4,1000,1000,2,2445380559,2,200,2.4
2026-08-16T16:57:59Z,38232,443.3,1000,1000,2,2447299638,2,200,2.5
2026-08-16T16:58:29Z,38262,441.8,1000,1000,2,2449217719,2,200,2.8
2026-08-16T16:58:59Z,38292,439.6,1000,1000,2,2451076148,2,200,2.8
2026-08-16T16:59:29Z,38322,442.4,1000,1000,2,2452998935,2,200,2.3
2026-08-16T16:59:59Z,38352,434.9,1000,1000,2,2454918014,2,200,2.8
2026-08-16T17:00:30Z,38382,445.8,1000,1000,2,2456836095,2,200,2.6
2026-08-16T17:00:59Z,38412,445.7,1000,1000,2,2458691238,2,200,2.5
2026-08-16T17:01:29Z,38442,446.6,1000,1000,2,2460609319,2,200,2.3
2026-08-16T17:02:00Z,38472,446.6,1000,1000,2,2462528398,2,200,2.3
2026-08-16T17:02:29Z,38502,443.4,1000,1000,2,2464386271,2,200,3.7
2026-08-16T17:02:59Z,38532,443.3,1000,1000,2,2466308943,2,200,3.5
2026-08-16T17:03:29Z,38562,446.8,1000,1000,2,2468227695,2,200,2.5
2026-08-16T17:03:59Z,38592,443.3,1000,1000,2,2470082838,2,200,2.5
2026-08-16T17:04:29Z,38622,439.5,1000,1000,2,2472000919,2,200,3.0
2026-08-16T17:04:59Z,38652,443.2,1000,1000,2,2473919998,2,200,2.5
2026-08-16T17:05:29Z,38682,443.3,1000,1000,2,2475774143,2,200,3.3
2026-08-16T17:05:59Z,38712,443.3,1000,1000,2,2477693222,2,200,2.6
2026-08-16T17:06:29Z,38742,446.7,1000,1000,2,2479611303,2,200,2.7
2026-08-16T17:07:00Z,38772,444.7,1000,1000,2,2481530483,2,200,2.9
2026-08-16T17:07:29Z,38802,443.4,1000,1000,2,2483390578,2,200,2.4
2026-08-16T17:07:59Z,38832,442.5,1000,1000,2,2485311598,2,200,2.5
2026-08-16T17:08:29Z,38862,445.8,1000,1000,2,2487229679,2,200,2.8
2026-08-16T17:08:59Z,38892,435.0,1000,1000,2,2489084822,2,200,2.2
2026-08-16T17:09:29Z,38922,435.6,1000,1000,2,2491002903,2,200,2.5
2026-08-16T17:09:59Z,38952,442.4,1000,1000,2,2492921982,2,200,2.4
2026-08-16T17:10:29Z,38982,439.0,1000,1000,2,2494776127,2,200,2.4
2026-08-16T17:10:59Z,39012,435.2,1000,1000,2,2496695206,2,200,2.3
2026-08-16T17:11:29Z,39042,438.9,1000,1000,2,2498613287,2,200,3.1
2026-08-16T17:12:00Z,39072,442.4,1000,1000,2,2500532366,2,200,2.8
2026-08-16T17:12:29Z,39102,443.6,1000,1000,2,2502386511,2,200,2.6
2026-08-16T17:12:59Z,39132,443.2,1000,1000,2,2504305590,2,200,2.7
2026-08-16T17:13:29Z,39162,443.7,1000,1000,2,2506223671,2,200,2.6
2026-08-16T17:13:59Z,39192,442.2,1000,1000,2,2508078814,2,200,3.0
2026-08-16T17:14:29Z,39222,446.5,1000,1000,2,2510001457,2,200,3.0
2026-08-16T17:14:59Z,39252,434.9,1000,1000,2,2511923966,2,200,2.5
2026-08-16T17:15:29Z,39282,446.8,1000,1000,2,2513778111,2,200,2.4
2026-08-16T17:15:59Z,39312,443.4,1000,1000,2,2515693421,2,200,2.4
2026-08-16T17:16:29Z,39342,445.7,1000,1000,2,2517607279,2,200,2.4
2026-08-16T17:16:59Z,39372,443.1,1000,1000,2,2519530140,2,200,2.3
2026-08-16T17:17:29Z,39402,446.7,1000,1000,2,2521388495,2,200,3.1
2026-08-16T17:17:59Z,39432,438.9,1000,1000,2,2523307574,2,200,2.7
2026-08-16T17:18:29Z,39462,443.4,1000,1000,2,2525225655,2,200,3.1
2026-08-16T17:18:59Z,39492,435.5,1000,1000,2,2527080798,2,200,2.3
2026-08-16T17:19:29Z,39522,443.3,1000,1000,2,2528998879,2,200,2.4
2026-08-16T17:19:59Z,39552,442.6,1000,1000,2,2530917958,2,200,2.7
2026-08-16T17:20:30Z,39582,442.9,1000,1000,2,2532836039,2,200,2.5
2026-08-16T17:20:59Z,39612,445.7,1000,1000,2,2534691182,2,200,2.6
2026-08-16T17:21:29Z,39642,438.7,1000,1000,2,2536609263,2,200,2.3
2026-08-16T17:21:59Z,39672,446.6,1000,1000,2,2538528342,2,200,2.4
2026-08-16T17:22:29Z,39702,440.7,1000,1000,2,2540382782,2,200,3.0
2026-08-16T17:22:59Z,39732,442.2,1000,1000,2,2542301566,2,200,3.2
2026-08-16T17:23:29Z,39762,443.1,1000,1000,2,2544219647,2,200,2.7
2026-08-16T17:24:00Z,39792,442.5,1000,1000,2,2546138726,2,200,2.7
2026-08-16T17:24:29Z,39822,446.7,1000,1000,2,2547992871,2,200,2.3
2026-08-16T17:24:59Z,39852,434.7,1000,1000,2,2549911950,2,200,2.5
2026-08-16T17:25:29Z,39882,446.7,1000,1000,2,2551830031,2,200,2.7
2026-08-16T17:25:59Z,39912,439.5,1000,1000,2,2553685174,2,200,2.9
2026-08-16T17:26:29Z,39942,475.1,1000,1000,2,2556707015,2,200,2.4
2026-08-16T17:26:59Z,39972,441.2,1000,1000,2,2558625974,2,200,2.5
2026-08-16T17:27:30Z,40002,442.6,1000,1000,2,2560543311,2,200,2.5
2026-08-16T17:27:59Z,40032,442.8,1000,1000,2,2562398454,2,200,2.6
2026-08-16T17:28:29Z,40062,446.3,1000,1000,2,2564316535,2,200,2.6
2026-08-16T17:28:59Z,40092,447.1,1000,1000,2,2566235614,2,200,2.5
2026-08-16T17:29:29Z,40122,443.6,1000,1000,2,2568089759,2,200,2.4
2026-08-16T17:29:59Z,40152,446.9,1000,1000,2,2570007607,2,200,2.7
2026-08-16T17:30:29Z,40182,447.1,1000,1000,2,2571918927,2,200,2.7
2026-08-16T17:30:59Z,40212,435.9,1000,1000,2,2573838006,2,200,2.8
2026-08-16T17:31:29Z,40242,444.4,1000,1000,2,2575692151,2,200,2.5
2026-08-16T17:31:59Z,40272,442.8,1000,1000,2,2577611230,2,200,2.8
2026-08-16T17:32:29Z,40302,443.2,1000,1000,2,2579529311,2,200,2.4
2026-08-16T17:33:00Z,40332,447.1,1000,1000,2,2581448390,2,200,2.9
2026-08-16T17:33:29Z,40362,444.9,1000,1000,2,2583302535,2,200,3.4
2026-08-16T17:33:59Z,40392,438.3,1000,1000,2,2585215673,2,200,2.6
2026-08-16T17:34:29Z,40422,443.6,1000,1000,2,2587131856,2,200,2.8
2026-08-16T17:34:59Z,40452,443.6,1000,1000,2,2588986846,2,200,2.6
2026-08-16T17:35:29Z,40482,446.1,1000,1000,2,2590904927,2,200,2.7
2026-08-16T17:35:59Z,40512,447.1,1000,1000,2,2592824006,2,200,2.4
2026-08-16T17:36:29Z,40542,445.0,1000,1000,2,2594742087,2,200,2.8
2026-08-16T17:36:59Z,40572,446.6,1000,1000,2,2596597230,2,200,2.5
2026-08-16T17:37:29Z,40602,443.5,1000,1000,2,2598514178,2,200,2.8
2026-08-16T17:37:59Z,40632,443.8,1000,1000,2,2600427592,2,200,2.9
2026-08-16T17:38:30Z,40662,443.6,1000,1000,2,2602344479,2,200,2.4
2026-08-16T17:38:59Z,40692,444.1,1000,1000,2,2604199622,2,200,2.5
2026-08-16T17:39:29Z,40722,444.5,1000,1000,2,2606117703,2,200,2.6
2026-08-16T17:39:59Z,40752,447.1,1000,1000,2,2608036782,2,200,4.8
2026-08-16T17:40:29Z,40782,443.6,1000,1000,2,2609888980,2,200,3.2
2026-08-16T17:40:59Z,40812,443.6,1000,1000,2,2611802014,2,200,2.4
2026-08-16T17:41:29Z,40842,444.7,1000,1000,2,2613720095,2,200,2.3
2026-08-16T17:41:59Z,40872,436.1,1000,1000,2,2615639174,2,200,3.3
2026-08-16T17:42:29Z,40902,444.5,1000,1000,2,2617493319,2,200,2.8
2026-08-16T17:42:59Z,40932,446.8,1000,1000,2,2619412398,2,200,2.8
2026-08-16T17:43:29Z,40962,447.2,1000,1000,2,2621329790,2,200,2.8
2026-08-16T17:44:00Z,40992,444.6,1000,1000,2,2623241566,2,200,2.5
2026-08-16T17:44:29Z,41022,443.6,1000,1000,2,2625095711,2,200,3.2
2026-08-16T17:44:59Z,41052,442.7,1000,1000,2,2627014790,2,200,2.4
2026-08-16T17:45:29Z,41082,444.7,1000,1000,2,2628932871,2,200,2.9
2026-08-16T17:45:59Z,41112,443.5,1000,1000,2,2630788014,2,200,2.3
2026-08-16T17:46:29Z,41142,446.9,1000,1000,2,2632706095,2,200,3.8
2026-08-16T17:46:59Z,41172,443.8,1000,1000,2,2634623983,2,200,2.5
2026-08-16T17:47:29Z,41202,447.0,1000,1000,2,2636536215,2,200,2.3
2026-08-16T17:47:59Z,41232,446.8,1000,1000,2,2638390406,2,200,2.5
2026-08-16T17:48:29Z,41262,447.0,1000,1000,2,2640308487,2,200,2.4
2026-08-16T17:48:59Z,41292,443.3,1000,1000,2,2642227566,2,200,2.9
2026-08-16T17:49:29Z,41322,446.0,1000,1000,2,2644145647,2,200,2.1
2026-08-16T17:49:59Z,41352,436.1,1000,1000,2,2646000790,2,200,2.5
2026-08-16T17:50:29Z,41382,446.8,1000,1000,2,2647917514,2,200,3.0
2026-08-16T17:50:59Z,41412,446.6,1000,1000,2,2649832547,2,200,3.9
2026-08-16T17:51:29Z,41442,447.1,1000,1000,2,2651684103,2,200,2.6
2026-08-16T17:51:59Z,41472,447.4,1000,1000,2,2653603182,2,200,2.8
2026-08-16T17:52:29Z,41502,445.9,1000,1000,2,2655521263,2,200,2.5
2026-08-16T17:52:59Z,41532,443.8,1000,1000,2,2657440342,2,200,2.3
2026-08-16T17:53:29Z,41562,444.8,1000,1000,2,2659294487,2,200,2.5
2026-08-16T17:53:59Z,41592,446.7,1000,1000,2,2661213566,2,200,2.5
2026-08-16T17:54:29Z,41622,447.3,1000,1000,2,2663126443,2,200,3.1
2026-08-16T17:54:59Z,41652,447.2,1000,1000,2,2665042734,2,200,3.2
2026-08-16T17:55:29Z,41682,445.9,1000,1000,2,2666896879,2,200,3.2
2026-08-16T17:55:59Z,41712,444.6,1000,1000,2,2668815958,2,200,2.5
2026-08-16T17:56:29Z,41742,492.3,1000,1000,2,2670734039,2,200,41.0
2026-08-16T17:56:59Z,41772,443.1,1000,1000,2,2673699071,2,200,2.7
2026-08-16T17:57:29Z,41802,439.6,1000,1000,2,2675612140,2,200,2.4
2026-08-16T17:57:59Z,41832,441.7,1000,1000,2,2677530237,2,200,2.3
2026-08-16T17:58:29Z,41862,434.5,1000,1000,2,2679448318,2,200,2.4
2026-08-16T17:58:59Z,41892,446.0,1000,1000,2,2681303461,2,200,3.0
2026-08-16T17:59:29Z,41922,442.8,1000,1000,2,2683221542,2,200,2.6
2026-08-16T17:59:59Z,41952,439.4,1000,1000,2,2685139860,2,200,3.0
2026-08-16T18:00:30Z,41982,445.7,1000,1000,2,2687055141,2,200,4.1
2026-08-16T18:00:59Z,42012,434.5,1000,1000,2,2688906338,2,200,2.9
2026-08-16T18:01:29Z,42042,445.0,1000,1000,2,2690823934,2,200,2.5
2026-08-16T18:01:59Z,42072,445.7,1000,1000,2,2692743013,2,200,2.5
2026-08-16T18:02:29Z,42102,446.1,1000,1000,2,2694597158,2,200,2.4
2026-08-16T18:02:59Z,42132,444.9,1000,1000,2,2696516237,2,200,2.5
2026-08-16T18:03:29Z,42162,434.5,1000,1000,2,2698434318,2,200,2.5
2026-08-16T18:03:59Z,42192,438.9,1000,1000,2,2700348800,2,200,2.7
2026-08-16T18:04:29Z,42222,437.4,1000,1000,2,2702200789,2,200,2.4
2026-08-16T18:04:59Z,42252,441.4,1000,1000,2,2704118629,2,200,3.2
2026-08-16T18:05:29Z,42282,434.5,1000,1000,2,2706036710,2,200,2.6
2026-08-16T18:05:59Z,42312,444.8,1000,1000,2,2707955789,2,200,2.5
2026-08-16T18:06:29Z,42342,445.9,1000,1000,2,2709809934,2,200,2.6
2026-08-16T18:06:59Z,42372,445.9,1000,1000,2,2711729013,2,200,2.7
2026-08-16T18:07:29Z,42402,443.2,1000,1000,2,2713640680,2,200,2.5
2026-08-16T18:07:59Z,42432,439.5,1000,1000,2,2715494245,2,200,2.7
2026-08-16T18:08:29Z,42462,445.8,1000,1000,2,2717412326,2,200,2.4
2026-08-16T18:08:59Z,42492,433.5,1000,1000,2,2719331405,2,200,3.0
2026-08-16T18:09:29Z,42522,446.1,1000,1000,2,2721249486,2,200,2.2
2026-08-16T18:09:59Z,42552,438.7,1000,1000,2,2723104629,2,200,2.9
2026-08-16T18:10:29Z,42582,445.7,1000,1000,2,2725022710,2,200,2.8
2026-08-16T18:10:59Z,42612,444.6,1000,1000,2,2726941789,2,200,4.4
2026-08-16T18:11:30Z,42642,434.3,1000,1000,2,2728852174,2,200,3.8
2026-08-16T18:11:59Z,42672,445.7,1000,1000,2,2730707021,2,200,3.2
2026-08-16T18:12:29Z,42702,442.8,1000,1000,2,2732625102,2,200,2.3
2026-08-16T18:12:59Z,42732,443.2,1000,1000,2,2734544181,2,200,2.5
2026-08-16T18:13:29Z,42762,433.8,1000,1000,2,2736398326,2,200,2.5
2026-08-16T18:13:59Z,42792,445.7,1000,1000,2,2738317405,2,200,3.1
2026-08-16T18:14:29Z,42822,442.9,1000,1000,2,2740235475,2,200,3.0
2026-08-16T18:14:59Z,42852,442.3,1000,1000,2,2742152048,2,200,3.5
2026-08-16T18:15:29Z,42882,443.3,1000,1000,2,2744001457,2,200,2.2
2026-08-16T18:15:59Z,42912,433.8,1000,1000,2,2745919797,2,200,2.7
2026-08-16T18:16:29Z,42942,439.4,1000,1000,2,2747837878,2,200,2.6
2026-08-16T18:17:00Z,42972,443.0,1000,1000,2,2749756957,2,200,2.8
2026-08-16T18:17:29Z,43002,445.6,1000,1000,2,2751611102,2,200,3.0
2026-08-16T18:17:59Z,43032,443.5,1000,1000,2,2753525638,2,200,2.2
2026-08-16T18:18:29Z,43062,444.8,1000,1000,2,2755440270,2,200,2.6
2026-08-16T18:18:59Z,43092,443.1,1000,1000,2,2757295413,2,200,2.8
2026-08-16T18:19:29Z,43122,439.7,1000,1000,2,2759213494,2,200,2.4
2026-08-16T18:19:59Z,43152,445.7,1000,1000,2,2761132573,2,200,2.4
2026-08-16T18:20:29Z,43182,445.1,1000,1000,2,2763050654,2,200,2.4
2026-08-16T18:20:59Z,43212,445.7,1000,1000,2,2764905797,2,200,2.5
2026-08-16T18:21:29Z,43242,443.5,1000,1000,2,2766823878,2,200,2.5
2026-08-16T18:21:59Z,43272,442.3,1000,1000,2,2768742957,2,200,2.4
2026-08-16T18:22:30Z,43302,443.3,1000,1000,2,2770661038,2,200,3.8
2026-08-16T18:22:59Z,43332,442.5,1000,1000,2,2772513550,2,200,2.7
2026-08-16T18:23:29Z,43362,442.8,1000,1000,2,2774428537,2,200,2.3
2026-08-16T18:23:59Z,43392,442.5,1000,1000,2,2776345349,2,200,3.2
2026-08-16T18:24:29Z,43422,439.3,1000,1000,2,2778199494,2,200,2.4
2026-08-16T18:24:59Z,43452,443.6,1000,1000,2,2780118573,2,200,2.6
2026-08-16T18:25:29Z,43482,443.3,1000,1000,2,2782036654,2,200,2.3
2026-08-16T18:25:59Z,43512,443.4,1000,1000,2,2783955733,2,200,2.5
2026-08-16T18:26:29Z,43542,442.6,1000,1000,2,2785808601,2,200,3.0
2026-08-16T18:26:59Z,43572,445.8,999,999,3,2787736229,3,200,2.7
2026-08-16T18:27:30Z,43602,434.4,999,999,3,2789652389,3,200,2.3
2026-08-16T18:27:59Z,43632,433.6,999,999,3,2791505676,3,200,2.7
2026-08-16T18:28:29Z,43662,445.7,999,999,3,2793421836,3,200,3.3
2026-08-16T18:29:00Z,43692,440.8,1000,1000,3,2796473275,3,200,2.6
2026-08-16T18:29:29Z,43722,440.6,1000,1000,3,2798331712,3,200,2.1
2026-08-16T18:29:59Z,43752,441.8,1000,1000,3,2800250792,3,200,3.1
2026-08-16T18:30:29Z,43782,446.7,1000,1000,3,2802165124,3,200,4.5
2026-08-16T18:30:59Z,43812,447.1,1000,1000,3,2804020810,3,200,2.3
2026-08-16T18:31:29Z,43842,443.4,1000,1000,3,2805942096,3,200,2.5
2026-08-16T18:31:59Z,43872,440.5,1000,1000,3,2807861176,3,200,2.3
2026-08-16T18:32:30Z,43902,445.9,1000,1000,3,2809779256,3,200,2.5
2026-08-16T18:32:59Z,43932,440.5,1000,1000,3,2811634400,3,200,2.6
2026-08-16T18:33:29Z,43962,443.9,1000,1000,3,2813552480,3,200,2.4
2026-08-16T18:33:59Z,43992,446.7,1000,1000,3,2815471076,3,200,2.7
2026-08-16T18:34:29Z,44022,446.7,1000,1000,3,2817325704,3,200,2.4
2026-08-16T18:34:59Z,44052,440.4,1000,1000,3,2819244784,3,200,2.7
2026-08-16T18:35:29Z,44082,443.4,1000,1000,3,2821162864,3,200,2.5
2026-08-16T18:36:00Z,44112,435.2,1000,1000,3,2823081166,3,200,3.8
2026-08-16T18:36:29Z,44142,442.7,1000,1000,3,2824936088,3,200,2.6
2026-08-16T18:36:59Z,44172,443.6,1000,1000,3,2826855168,3,200,3.1
2026-08-16T18:37:29Z,44202,440.2,1000,1000,3,2828773248,3,200,2.1
2026-08-16T18:37:59Z,44232,440.3,1000,1000,3,2830628392,3,200,2.5
2026-08-16T18:38:29Z,44262,435.2,1000,1000,3,2832551082,3,200,2.8
2026-08-16T18:38:59Z,44292,446.9,1000,1000,3,2834473544,3,200,2.6
2026-08-16T18:39:29Z,44322,446.9,1000,1000,3,2836327688,3,200,2.5
2026-08-16T18:39:59Z,44352,443.9,1000,1000,3,2838246768,3,200,2.5
2026-08-16T18:40:29Z,44382,437.9,1000,1000,3,2840167691,3,200,2.7
2026-08-16T18:40:59Z,44412,440.6,1000,1000,3,2842027984,3,200,4.4
2026-08-16T18:41:29Z,44442,436.2,1000,1000,3,2843942374,3,200,3.1
2026-08-16T18:41:59Z,44472,440.4,1000,1000,3,2845865144,3,200,2.6
2026-08-16T18:42:30Z,44502,446.9,1000,1000,3,2847783224,3,200,2.7
2026-08-16T18:42:59Z,44532,444.2,1000,1000,3,2849638368,3,200,2.4
2026-08-16T18:43:29Z,44562,447.1,1000,1000,3,2851556448,3,200,2.9
2026-08-16T18:43:59Z,44592,447.2,1000,1000,3,2853475528,3,200,2.7
2026-08-16T18:44:29Z,44622,438.0,1000,1000,3,2855329672,3,200,2.5
2026-08-16T18:44:59Z,44652,446.7,1000,1000,3,2857248752,3,200,2.3
2026-08-16T18:45:29Z,44682,440.5,1000,1000,3,2859166832,3,200,2.9
2026-08-16T18:46:00Z,44712,441.6,1000,1000,3,2861085912,3,200,3.0
2026-08-16T18:46:29Z,44742,444.7,1000,1000,3,2862940056,3,200,3.0
2026-08-16T18:46:59Z,44772,443.7,1000,1000,3,2864859136,3,200,2.9
2026-08-16T18:47:30Z,44802,447.1,1000,1000,3,2866777216,3,200,2.5
2026-08-16T18:47:59Z,44832,444.3,1000,1000,3,2868632360,3,200,2.4
2026-08-16T18:48:29Z,44862,446.9,1000,1000,3,2870550440,3,200,2.4
2026-08-16T18:48:59Z,44892,437.8,1000,1000,3,2872470500,3,200,2.6
2026-08-16T18:49:29Z,44922,442.0,1000,1000,3,2874331656,3,200,3.1
2026-08-16T18:49:59Z,44952,443.8,1000,1000,3,2876250736,3,200,2.5
2026-08-16T18:50:29Z,44982,444.2,1000,1000,3,2878168816,3,200,2.6
2026-08-16T18:50:59Z,45012,446.8,1000,1000,3,2880023960,3,200,2.7
2026-08-16T18:51:29Z,45042,444.1,1000,1000,3,2881942040,3,200,2.7
2026-08-16T18:51:59Z,45072,435.7,1000,1000,3,2883861120,3,200,2.8
2026-08-16T18:52:30Z,45102,446.9,1000,1000,3,2885779200,3,200,2.6
2026-08-16T18:52:59Z,45132,447.1,1000,1000,3,2887634344,3,200,3.2
2026-08-16T18:53:29Z,45162,446.6,1000,1000,3,2889552424,3,200,2.3
2026-08-16T18:53:59Z,45192,440.7,1000,1000,3,2891471504,3,200,2.6
2026-08-16T18:54:29Z,45222,435.9,1000,1000,3,2893325648,3,200,2.3
2026-08-16T18:54:59Z,45252,446.1,1000,1000,3,2895244728,3,200,3.0
2026-08-16T18:55:29Z,45282,443.6,1000,1000,3,2897162808,3,200,3.0
2026-08-16T18:56:00Z,45312,443.0,1000,1000,3,2899081888,3,200,2.6
2026-08-16T18:56:29Z,45342,440.6,1000,1000,3,2900936032,3,200,2.8
2026-08-16T18:56:59Z,45372,434.9,1000,1000,3,2902855112,3,200,2.5
2026-08-16T18:57:29Z,45402,444.8,1000,1000,3,2904773192,3,200,2.6
2026-08-16T18:57:59Z,45432,446.8,1000,1000,3,2906628336,3,200,2.3
2026-08-16T18:58:29Z,45462,437.9,1000,1000,3,2908546416,3,200,2.4
2026-08-16T18:58:59Z,45492,443.5,1000,1000,3,2911574386,3,200,2.4
2026-08-16T18:59:29Z,45522,435.8,1000,1000,3,2913492466,3,200,2.7
2026-08-16T18:59:59Z,45552,440.6,1000,1000,3,2915346412,3,200,2.2
2026-08-16T19:00:29Z,45582,443.6,1000,1000,3,2917259166,3,200,2.7
2026-08-16T19:00:59Z,45612,442.8,1000,1000,3,2919176778,3,200,3.0
2026-08-16T19:01:29Z,45642,443.5,1000,1000,3,2921030922,3,200,2.6
2026-08-16T19:01:59Z,45672,443.4,1000,1000,3,2922950796,3,200,2.5
2026-08-16T19:02:29Z,45702,443.3,1000,1000,3,2924868082,3,200,2.5
2026-08-16T19:02:59Z,45732,444.0,1000,1000,3,2926787162,3,200,3.1
2026-08-16T19:03:29Z,45762,442.7,1000,1000,3,2928641306,3,200,2.9
2026-08-16T19:03:59Z,45792,442.9,1000,1000,3,2930560386,3,200,2.8
2026-08-16T19:04:29Z,45822,443.7,1000,1000,3,2932478466,3,200,3.0
2026-08-16T19:05:00Z,45852,446.7,1000,1000,3,2934397546,3,200,2.5
2026-08-16T19:05:29Z,45882,443.3,1000,1000,3,2936249312,3,200,2.6
2026-08-16T19:05:59Z,45912,440.1,1000,1000,3,2938170770,3,200,2.8
2026-08-16T19:06:29Z,45942,442.9,1000,1000,3,2940086978,3,200,3.9
2026-08-16T19:06:59Z,45972,443.2,1000,1000,3,2941943994,3,200,2.1
2026-08-16T19:07:29Z,46002,443.8,1000,1000,3,2943861638,3,200,3.0
2026-08-16T19:07:59Z,46032,443.2,1000,1000,3,2945775701,3,200,3.0
2026-08-16T19:08:30Z,46062,436.0,1000,1000,3,2947691242,3,200,3.0
2026-08-16T19:08:59Z,46092,443.6,1000,1000,3,2949546386,3,200,2.9
2026-08-16T19:09:29Z,46122,435.2,1000,1000,3,2951464466,3,200,2.4
2026-08-16T19:09:59Z,46152,443.6,1000,1000,3,2953383546,3,200,2.2
2026-08-16T19:10:29Z,46182,439.9,1000,1000,3,2955237690,3,200,2.6
2026-08-16T19:10:59Z,46212,442.6,1000,1000,3,2957156770,3,200,2.2
2026-08-16T19:11:29Z,46242,446.8,1000,1000,3,2959074850,3,200,3.5
2026-08-16T19:12:00Z,46272,436.1,1000,1000,3,2960993930,3,200,2.5
2026-08-16T19:12:29Z,46302,447.0,1000,1000,3,2962847081,3,200,2.7
2026-08-16T19:12:59Z,46332,435.6,1000,1000,3,2964759162,3,200,2.4
2026-08-16T19:13:29Z,46362,443.7,1000,1000,3,2966677242,3,200,2.6
2026-08-16T19:13:59Z,46392,445.0,1000,1000,3,2968534080,3,200,2.5
2026-08-16T19:14:29Z,46422,443.4,1000,1000,3,2970450827,3,200,2.5
2026-08-16T19:14:59Z,46452,446.0,1000,1000,3,2972369546,3,200,2.9
2026-08-16T19:15:29Z,46482,443.4,1000,1000,3,2974287626,3,200,2.5
2026-08-16T19:15:59Z,46512,442.7,1000,1000,3,2976142770,3,200,2.7
2026-08-16T19:16:29Z,46542,444.0,1000,1000,3,2978060850,3,200,2.6
2026-08-16T19:16:59Z,46572,446.9,1000,1000,3,2979979930,3,200,2.9
2026-08-16T19:17:30Z,46603,438.3,1000,1000,3,2981891833,3,200,3.0
2026-08-16T19:18:00Z,46633,443.4,1000,1000,3,2983817090,3,200,3.5
2026-08-16T19:18:30Z,46663,447.0,1000,1000,3,2985730552,3,200,3.1
2026-08-16T19:19:00Z,46693,443.3,1000,1000,3,2987646258,3,200,2.5
2026-08-16T19:19:30Z,46723,442.3,1000,1000,3,2989500402,3,200,2.5
2026-08-16T19:20:00Z,46753,446.3,1000,1000,3,2991419482,3,200,2.6
2026-08-16T19:20:30Z,46783,443.5,1000,1000,3,2993337562,3,200,3.2
2026-08-16T19:21:01Z,46814,447.0,1000,1000,3,2995256642,3,200,2.4
2026-08-16T19:21:31Z,46844,443.5,1000,1000,3,2997174722,3,200,2.7
2026-08-16T19:22:01Z,46874,446.0,1000,1000,3,2999093802,3,200,2.6
2026-08-16T19:22:31Z,46904,443.4,1000,1000,3,3001011882,3,200,2.5
2026-08-16T19:23:01Z,46934,446.9,1000,1000,3,3002867026,3,200,2.9
2026-08-16T19:23:31Z,46964,441.5,1000,1000,3,3004784392,3,200,4.5
2026-08-16T19:24:01Z,46994,436.1,1000,1000,3,3006700458,3,200,3.6
2026-08-16T19:24:32Z,47024,440.2,1000,1000,3,3008614274,3,200,2.3
2026-08-16T19:25:01Z,47054,446.9,1000,1000,3,3010475572,3,200,3.0
2026-08-16T19:25:31Z,47084,442.6,1000,1000,3,3012387831,3,200,3.1
2026-08-16T19:26:01Z,47114,438.0,1000,1000,3,3014306578,3,200,2.6
2026-08-16T19:26:31Z,47144,443.4,1000,1000,3,3016160722,3,200,2.9
2026-08-16T19:27:01Z,47174,447.1,1000,1000,3,3018079802,3,200,2.4
2026-08-16T19:27:31Z,47204,437.8,1000,1000,3,3019997882,3,200,2.9
2026-08-16T19:28:01Z,47234,443.5,1000,1000,3,3021916962,3,200,2.7
2026-08-16T19:28:31Z,47264,440.1,1000,1000,3,3023771106,3,200,2.7
2026-08-16T19:29:01Z,47294,440.3,1000,1000,3,3026814061,3,200,2.3
2026-08-16T19:29:31Z,47324,447.2,1000,1000,3,3028726968,3,200,2.6
2026-08-16T19:30:02Z,47354,436.0,1000,1000,3,3030646055,3,200,3.8
2026-08-16T19:30:31Z,47384,443.7,1000,1000,3,3032503898,3,200,2.9
2026-08-16T19:31:01Z,47414,439.0,1000,1000,3,3034417846,3,200,2.7
2026-08-16T19:31:31Z,47444,443.9,1000,1000,3,3036334533,3,200,2.5
2026-08-16T19:32:01Z,47474,443.0,1000,1000,3,3038189677,3,200,3.0
2026-08-16T19:32:31Z,47504,435.9,1000,1000,3,3040107757,3,200,2.4
2026-08-16T19:33:01Z,47534,440.2,1000,1000,3,3042026837,3,200,2.2
2026-08-16T19:33:31Z,47564,443.6,1000,1000,3,3043944917,3,200,2.0
2026-08-16T19:34:01Z,47594,440.0,1000,1000,3,3045799528,3,200,3.8
2026-08-16T19:34:31Z,47624,447.2,1000,1000,3,3047711862,3,200,2.5
2026-08-16T19:35:01Z,47654,445.4,1000,1000,3,3049629229,3,200,3.3
2026-08-16T19:35:32Z,47684,435.1,1000,1000,3,3051547309,3,200,2.9
2026-08-16T19:36:01Z,47714,446.0,1000,1000,3,3053402453,3,200,2.8
2026-08-16T19:36:31Z,47744,446.8,1000,1000,3,3055320533,3,200,3.2
2026-08-16T19:37:01Z,47774,442.8,1000,1000,3,3057239613,3,200,2.4
2026-08-16T19:37:31Z,47804,442.7,1000,1000,3,3059092449,3,200,4.3
2026-08-16T19:38:01Z,47834,439.8,1000,1000,3,3061012837,3,200,2.8
2026-08-16T19:38:31Z,47864,443.6,1000,1000,3,3062927681,3,200,2.6
2026-08-16T19:39:01Z,47894,436.1,1000,1000,3,3064842005,3,200,2.5
2026-08-16T19:39:31Z,47924,446.5,1000,1000,3,3066696149,3,200,2.5
2026-08-16T19:40:01Z,47954,446.2,1000,1000,3,3068615229,3,200,2.6
2026-08-16T19:40:31Z,47984,440.0,1000,1000,3,3070533309,3,200,2.2
2026-08-16T19:41:01Z,48014,443.6,1000,1000,3,3072388453,3,200,2.5
2026-08-16T19:41:31Z,48044,439.7,1000,1000,3,3074306533,3,200,2.5
2026-08-16T19:42:01Z,48074,447.1,1000,1000,3,3076225613,3,200,3.0
2026-08-16T19:42:31Z,48104,436.1,1000,1000,3,3078142574,3,200,2.7
2026-08-16T19:43:01Z,48134,446.6,1000,1000,3,3079998837,3,200,2.6
2026-08-16T19:43:31Z,48164,443.6,1000,1000,3,3081916917,3,200,3.2
2026-08-16T19:44:01Z,48194,442.8,1000,1000,3,3083835997,3,200,2.4
2026-08-16T19:44:31Z,48224,438.5,1000,1000,3,3085690141,3,200,3.0
2026-08-16T19:45:01Z,48254,440.4,1000,1000,3,3087609221,3,200,2.5
2026-08-16T19:45:31Z,48284,446.9,1000,1000,3,3089527301,3,200,3.9
2026-08-16T19:46:01Z,48314,443.7,1000,1000,3,3091443505,3,200,2.9
2026-08-16T19:46:31Z,48344,443.1,1000,1000,3,3093296676,3,200,3.3
2026-08-16T19:47:01Z,48374,447.3,1000,1000,3,3095219605,3,200,2.4
2026-08-16T19:47:31Z,48404,447.0,1000,1000,3,3097137685,3,200,3.2
2026-08-16T19:48:02Z,48434,446.1,1000,1000,3,3099056765,3,200,3.7
2026-08-16T19:48:31Z,48464,443.8,1000,1000,3,3100907342,3,200,3.1
2026-08-16T19:49:01Z,48494,447.1,1000,1000,3,3102821997,3,200,2.4
2026-08-16T19:49:31Z,48524,447.0,1000,1000,3,3104740077,3,200,2.4
2026-08-16T19:50:01Z,48554,443.8,1000,1000,3,3106595221,3,200,3.5
2026-08-16T19:50:31Z,48584,443.6,1000,1000,3,3108513301,3,200,3.0
2026-08-16T19:51:01Z,48614,440.5,1000,1000,3,3110432381,3,200,2.7
2026-08-16T19:51:31Z,48644,434.9,1000,1000,3,3112350461,3,200,3.6
2026-08-16T19:52:01Z,48674,443.5,1000,1000,3,3114203297,3,200,2.5
2026-08-16T19:52:31Z,48704,443.6,1000,1000,3,3116115817,3,200,2.5
2026-08-16T19:53:01Z,48734,443.5,1000,1000,3,3118034773,3,200,2.8
2026-08-16T19:53:32Z,48764,446.8,1000,1000,3,3119952853,3,200,3.1
2026-08-16T19:54:01Z,48794,439.9,1000,1000,3,3121807997,3,200,2.5
2026-08-16T19:54:31Z,48824,444.1,1000,1000,3,3123726077,3,200,2.5
2026-08-16T19:55:01Z,48854,447.1,1000,1000,3,3125645157,3,200,2.5
2026-08-16T19:55:31Z,48884,435.8,1000,1000,3,3127498393,3,200,2.6
2026-08-16T19:56:01Z,48914,442.6,1000,1000,3,3129410389,3,200,2.4
2026-08-16T19:56:31Z,48944,438.8,1000,1000,3,3131328469,3,200,2.3
2026-08-16T19:57:01Z,48974,442.8,1000,1000,3,3133247549,3,200,2.4
2026-08-16T19:57:31Z,49004,446.3,1000,1000,3,3135101693,3,200,2.4
2026-08-16T19:58:01Z,49034,443.3,1000,1000,3,3137020773,3,200,2.3
2026-08-16T19:58:31Z,49064,436.2,1000,1000,3,3138938853,3,200,2.5
2026-08-16T19:59:01Z,49094,440.6,1000,1000,3,3141928861,3,200,2.7
2026-08-16T19:59:31Z,49124,445.7,1000,1000,3,3143846941,3,200,3.2
2026-08-16T20:00:01Z,49154,446.5,1000,1000,3,3145766021,3,200,2.2
2026-08-16T20:00:32Z,49184,443.6,1000,1000,3,3147684101,3,200,2.7
2026-08-16T20:01:01Z,49214,443.0,1000,1000,3,3149539245,3,200,2.2
2026-08-16T20:01:31Z,49244,446.8,1000,1000,3,3151457325,3,200,2.5
2026-08-16T20:02:01Z,49274,447.1,1000,1000,3,3153376405,3,200,2.9
2026-08-16T20:02:31Z,49304,443.0,1000,1000,3,3155230549,3,200,2.6
2026-08-16T20:03:01Z,49334,437.6,1000,1000,3,3157149629,3,200,3.4
2026-08-16T20:03:31Z,49364,440.9,1000,1000,3,3159067709,3,200,2.8
2026-08-16T20:04:02Z,49394,444.0,1000,1000,3,3160986789,3,200,2.5
2026-08-16T20:04:31Z,49424,443.8,1000,1000,3,3162840933,3,200,2.9
2026-08-16T20:05:01Z,49454,441.1,1000,1000,3,3164760013,3,200,2.5
2026-08-16T20:05:31Z,49484,440.7,1000,1000,3,3166675808,3,200,2.6
2026-08-16T20:06:01Z,49514,447.4,1000,1000,3,3168528934,3,200,3.5
2026-08-16T20:06:31Z,49544,447.2,1000,1000,3,3170443325,3,200,2.7
2026-08-16T20:07:01Z,49574,440.5,1000,1000,3,3172365841,3,200,2.2
2026-08-16T20:07:32Z,49604,440.7,1000,1000,3,3174281062,3,200,2.9
2026-08-16T20:08:01Z,49634,443.1,1000,1000,3,3176143621,3,200,2.8
2026-08-16T20:08:31Z,49664,439.1,1000,1000,3,3178059381,3,200,3.4
2026-08-16T20:09:01Z,49694,447.1,1000,1000,3,3179980781,3,200,2.4
2026-08-16T20:09:31Z,49724,446.1,1000,1000,3,3181834925,3,200,2.2
2026-08-16T20:10:01Z,49754,446.3,1000,1000,3,3183754005,3,200,3.1
2026-08-16T20:10:31Z,49784,446.9,1000,1000,3,3185672085,3,200,3.1
2026-08-16T20:11:02Z,49814,440.9,1000,1000,3,3187591165,3,200,2.7
2026-08-16T20:11:31Z,49844,443.7,1000,1000,3,3189445309,3,200,2.4
2026-08-16T20:12:01Z,49874,447.4,1000,1000,3,3191363599,3,200,3.3
2026-08-16T20:12:31Z,49904,441.2,1000,1000,3,3193279169,3,200,4.0
2026-08-16T20:13:01Z,49934,440.9,1000,1000,3,3195131731,3,200,2.7
2026-08-16T20:13:31Z,49964,440.1,1000,1000,3,3197047701,3,200,2.9
2026-08-16T20:14:01Z,49994,440.3,1000,1000,3,3198966781,3,200,2.5
2026-08-16T20:14:31Z,50024,439.2,1000,1000,3,3200884861,3,200,3.1
2026-08-16T20:15:01Z,50054,441.0,1000,1000,3,3202740005,3,200,2.6
2026-08-16T20:15:31Z,50084,438.7,1000,1000,3,3204658083,3,200,3.3
2026-08-16T20:16:01Z,50114,447.1,1000,1000,3,3206571914,3,200,2.5
2026-08-16T20:16:31Z,50144,443.8,1000,1000,3,3208487253,3,200,2.6
2026-08-16T20:17:01Z,50174,443.9,1000,1000,3,3210342397,3,200,2.0
2026-08-16T20:17:31Z,50204,442.8,1000,1000,3,3212260477,3,200,2.5
2026-08-16T20:18:01Z,50234,446.7,1000,1000,3,3214179557,3,200,3.0
2026-08-16T20:18:32Z,50264,440.6,1000,1000,3,3216097637,3,200,2.3
2026-08-16T20:19:01Z,50294,440.4,1000,1000,3,3217949708,3,200,3.8
2026-08-16T20:19:31Z,50324,440.9,1000,1000,3,3219864020,3,200,2.9
2026-08-16T20:20:01Z,50354,444.0,1000,1000,3,3221781949,3,200,2.9
2026-08-16T20:20:31Z,50384,446.9,1000,1000,3,3223636093,3,200,2.4
2026-08-16T20:21:01Z,50414,447.0,1000,1000,3,3225555173,3,200,3.0
2026-08-16T20:21:31Z,50444,443.6,1000,1000,3,3227473253,3,200,2.4
2026-08-16T20:22:01Z,50474,440.4,1000,1000,3,3229392333,3,200,5.3
2026-08-16T20:22:31Z,50504,443.9,1000,1000,3,3231241528,3,200,3.5
2026-08-16T20:23:01Z,50534,443.1,1000,1000,3,3233157565,3,200,2.4
2026-08-16T20:23:31Z,50564,447.1,1000,1000,3,3235075645,3,200,2.4
2026-08-16T20:24:02Z,50594,443.0,1000,1000,3,3236994725,3,200,2.5
2026-08-16T20:24:31Z,50624,447.1,1000,1000,3,3238848869,3,200,3.3
2026-08-16T20:25:01Z,50654,447.2,1000,1000,3,3240767949,3,200,2.9
2026-08-16T20:25:31Z,50684,444.1,1000,1000,3,3242679757,3,200,2.4
2026-08-16T20:26:01Z,50714,443.8,1000,1000,3,3244533181,3,200,2.6
2026-08-16T20:26:31Z,50744,446.9,1000,1000,3,3246451261,3,200,2.4
2026-08-16T20:27:01Z,50774,443.6,1000,1000,3,3248370341,3,200,2.8
2026-08-16T20:27:32Z,50804,446.8,1000,1000,3,3250288421,3,200,2.3
2026-08-16T20:28:01Z,50834,438.8,1000,1000,3,3252143565,3,200,2.8
2026-08-16T20:28:31Z,50864,443.5,1000,1000,3,3254061645,3,200,2.9
2026-08-16T20:29:01Z,50894,446.8,1000,1000,3,3257098606,3,200,2.6
2026-08-16T20:29:31Z,50924,440.0,1000,1000,3,3258952750,3,200,2.6
2026-08-16T20:30:01Z,50954,442.6,1000,1000,3,3260871830,3,200,4.1
2026-08-16T20:30:31Z,50984,443.8,1000,1000,3,3262786192,3,200,3.6
2026-08-16T20:31:01Z,51014,443.6,1000,1000,3,3264701980,3,200,2.3
2026-08-16T20:31:31Z,51044,440.0,1000,1000,3,3266555142,3,200,2.8
2026-08-16T20:32:01Z,51074,443.6,1000,1000,3,3268474222,3,200,2.5
2026-08-16T20:32:31Z,51104,442.6,1000,1000,3,3270392302,3,200,2.8
2026-08-16T20:33:01Z,51134,440.1,1000,1000,3,3272311382,3,200,3.1
2026-08-16T20:33:31Z,51164,446.7,1000,1000,3,3274165526,3,200,2.7
2026-08-16T20:34:01Z,51194,443.7,1000,1000,3,3276080033,3,200,2.7
2026-08-16T20:34:31Z,51224,440.6,1000,1000,3,3277994694,3,200,2.6
2026-08-16T20:35:01Z,51254,443.2,1000,1000,3,3279849838,3,200,2.9
2026-08-16T20:35:31Z,51284,446.8,1000,1000,3,3281767918,3,200,2.6
2026-08-16T20:36:01Z,51314,446.1,1000,1000,3,3283686998,3,200,2.4
2026-08-16T20:36:31Z,51344,442.9,1000,1000,3,3285605078,3,200,3.4
2026-08-16T20:37:01Z,51374,442.0,1000,1000,3,3287453063,3,200,2.6
2026-08-16T20:37:31Z,51404,443.1,1000,1000,3,3289370310,3,200,2.2
2026-08-16T20:38:01Z,51434,446.8,1000,1000,3,3291289390,3,200,2.6
2026-08-16T20:38:31Z,51464,443.4,1000,1000,3,3293207470,3,200,2.7
2026-08-16T20:39:01Z,51494,443.3,1000,1000,3,3295062600,3,200,4.7
2026-08-16T20:39:31Z,51524,447.1,1000,1000,3,3296973030,3,200,2.6
2026-08-16T20:40:01Z,51554,437.6,1000,1000,3,3298891782,3,200,2.4
2026-08-16T20:40:32Z,51584,440.6,1000,1000,3,3300809862,3,200,2.5
2026-08-16T20:41:01Z,51614,440.6,1000,1000,3,3302665006,3,200,2.8
2026-08-16T20:41:31Z,51644,443.3,1000,1000,3,3304583086,3,200,2.9
2026-08-16T20:42:01Z,51674,447.1,1000,1000,3,3306501937,3,200,2.7
2026-08-16T20:42:31Z,51704,443.6,1000,1000,3,3308356310,3,200,2.6
2026-08-16T20:43:01Z,51734,440.4,1000,1000,3,3310275390,3,200,3.0
2026-08-16T20:43:31Z,51764,443.2,1000,1000,3,3312188711,3,200,2.9
2026-08-16T20:44:01Z,51794,445.1,1000,1000,3,3314104558,3,200,2.4
2026-08-16T20:44:31Z,51824,443.4,1000,1000,3,3315958702,3,200,2.9
2026-08-16T20:45:01Z,51854,446.7,1000,1000,3,3317878877,3,200,2.8
2026-08-16T20:45:31Z,51884,442.5,1000,1000,3,3319795862,3,200,2.5
2026-08-16T20:46:01Z,51914,445.9,1000,1000,3,3321651006,3,200,2.5
2026-08-16T20:46:31Z,51944,446.9,1000,1000,3,3323569086,3,200,2.5
2026-08-16T20:47:01Z,51974,440.5,1000,1000,3,3325488166,3,200,2.8
2026-08-16T20:47:31Z,52004,440.0,1000,1000,3,3327406241,3,200,2.3
2026-08-16T20:48:01Z,52034,446.9,1000,1000,3,3329259783,3,200,2.9
2026-08-16T20:48:31Z,52064,443.5,1000,1000,3,3331174050,3,200,3.5
2026-08-16T20:49:01Z,52094,443.9,1000,1000,3,3333090558,3,200,2.6
2026-08-16T20:49:32Z,52124,443.6,1000,1000,3,3335009993,3,200,2.7
2026-08-16T20:50:01Z,52154,443.4,1000,1000,3,3336863782,3,200,2.5
2026-08-16T20:50:31Z,52184,443.7,1000,1000,3,3338781862,3,200,2.6
2026-08-16T20:51:01Z,52214,445.3,1000,1000,3,3340700942,3,200,2.9
2026-08-16T20:51:31Z,52244,443.8,1000,1000,3,3342555086,3,200,2.4
2026-08-16T20:52:01Z,52274,447.0,1000,1000,3,3344474166,3,200,2.5
2026-08-16T20:52:31Z,52304,443.3,1000,1000,3,3346392246,3,200,2.6
2026-08-16T20:53:02Z,52334,443.6,1000,1000,3,3348311326,3,200,2.3
2026-08-16T20:53:31Z,52364,441.5,1000,1000,3,3350163676,3,200,2.5
2026-08-16T20:54:01Z,52394,446.9,1000,1000,3,3352076558,3,200,2.4
2026-08-16T20:54:31Z,52424,440.8,1000,1000,3,3353994638,3,200,2.6
2026-08-16T20:55:01Z,52454,443.5,1000,1000,3,3355849782,3,200,3.2
2026-08-16T20:55:31Z,52484,440.8,1000,1000,3,3357767862,3,200,2.7
2026-08-16T20:56:01Z,52514,443.4,1000,1000,3,3359686942,3,200,2.6
2026-08-16T20:56:31Z,52544,446.8,1000,1000,3,3361605022,3,200,2.6
2026-08-16T20:57:01Z,52574,440.7,1000,1000,3,3363458206,3,200,2.4
2026-08-16T20:57:31Z,52604,446.2,1000,1000,3,3365373981,3,200,2.5
2026-08-16T20:58:01Z,52634,440.2,1000,1000,3,3367289334,3,200,3.1
2026-08-16T20:58:32Z,52664,443.7,1000,1000,3,3369207414,3,200,2.4
2026-08-16T20:59:01Z,52694,443.4,1000,1000,3,3372192427,3,200,2.6
2026-08-16T20:59:31Z,52724,440.6,1000,1000,3,3374110507,3,200,2.3
2026-08-16T21:00:01Z,52754,446.8,1000,1000,3,3376031585,3,200,3.1
2026-08-16T21:00:31Z,52784,443.7,1000,1000,3,3377885729,3,200,2.6
2026-08-16T21:01:01Z,52814,442.8,1000,1000,3,3379806176,3,200,2.4
2026-08-16T21:01:31Z,52844,443.9,1000,1000,3,3381727884,3,200,2.1
2026-08-16T21:02:01Z,52874,446.9,1000,1000,3,3383647963,3,200,2.4
2026-08-16T21:02:31Z,52904,443.6,1000,1000,3,3385502107,3,200,2.7
2026-08-16T21:03:01Z,52934,443.5,1000,1000,3,3387421187,3,200,2.5
2026-08-16T21:03:31Z,52964,443.6,1000,1000,3,3389339985,3,200,2.4
2026-08-16T21:04:02Z,52994,443.7,1000,1000,3,3391260345,3,200,2.4
2026-08-16T21:04:31Z,53024,440.7,1000,1000,3,3393116384,3,200,2.5
2026-08-16T21:05:01Z,53054,442.8,1000,1000,3,3395039563,3,200,2.5
2026-08-16T21:05:31Z,53084,446.8,1000,1000,3,3396958276,3,200,2.8
2026-08-16T21:06:01Z,53114,440.2,1000,1000,3,3398814785,3,200,2.6
2026-08-16T21:06:31Z,53144,441.1,1000,1000,3,3400732865,3,200,2.4
2026-08-16T21:07:01Z,53174,443.5,1000,1000,3,3402653216,3,200,2.6
2026-08-16T21:07:31Z,53204,440.9,1000,1000,3,3404575020,3,200,2.8
2026-08-16T21:08:01Z,53234,446.0,1000,1000,3,3406431163,3,200,2.6
2026-08-16T21:08:31Z,53264,446.9,1000,1000,3,3408349243,3,200,2.0
2026-08-16T21:09:01Z,53294,443.7,1000,1000,3,3410268323,3,200,2.4
2026-08-16T21:09:32Z,53324,447.1,1000,1000,3,3412188401,3,200,3.3
2026-08-16T21:10:01Z,53354,447.2,1000,1000,3,3414043545,3,200,2.5
2026-08-16T21:10:31Z,53384,447.1,1000,1000,3,3415963508,3,200,2.7
2026-08-16T21:11:01Z,53414,447.0,1000,1000,3,3417885700,3,200,2.8
2026-08-16T21:11:31Z,53444,441.7,1000,1000,3,3419740843,3,200,3.6
2026-08-16T21:12:01Z,53474,447.0,1000,1000,3,3421659923,3,200,2.4
2026-08-16T21:12:31Z,53504,446.9,1000,1000,3,3423578606,3,200,2.4
2026-08-16T21:13:01Z,53534,443.2,1000,1000,3,3425499081,3,200,3.3
2026-08-16T21:13:31Z,53564,440.1,1000,1000,3,3427353482,3,200,2.8
2026-08-16T21:14:01Z,53594,445.8,1000,1000,3,3429275656,3,200,3.0
2026-08-16T21:14:31Z,53624,447.0,1000,1000,3,3431195380,3,200,2.6
2026-08-16T21:15:01Z,53654,445.6,1000,1000,3,3433053521,3,200,3.8
2026-08-16T21:15:31Z,53684,443.9,1000,1000,3,3434971601,3,200,2.8
2026-08-16T21:16:01Z,53714,443.8,1000,1000,3,3436892163,3,200,3.0
2026-08-16T21:16:31Z,53744,440.9,1000,1000,3,3438813756,3,200,2.4
2026-08-16T21:17:01Z,53774,440.4,1000,1000,3,3440669641,3,200,2.5
2026-08-16T21:17:31Z,53804,443.7,1000,1000,3,3442587979,3,200,2.6
2026-08-16T21:18:01Z,53834,443.5,1000,1000,3,3444507059,3,200,2.5
2026-08-16T21:18:31Z,53864,443.6,1000,1000,3,3446427137,3,200,3.3
2026-08-16T21:19:01Z,53894,443.6,1000,1000,3,3448282281,3,200,2.7
2026-08-16T21:19:31Z,53924,446.9,1000,1000,3,3450200361,3,200,3.0
2026-08-16T21:20:01Z,53954,446.8,1000,1000,3,3452123887,3,200,2.6
2026-08-16T21:20:32Z,53984,447.1,1000,1000,3,3454042516,3,200,2.7
2026-08-16T21:21:01Z,54014,447.0,1000,1000,3,3455898659,3,200,3.1
2026-08-16T21:21:31Z,54044,445.9,1000,1000,3,3457816739,3,200,2.5
2026-08-16T21:22:01Z,54074,444.1,1000,1000,3,3459737817,3,200,2.7
2026-08-16T21:22:31Z,54104,440.0,1000,1000,3,3461591961,3,200,2.5
2026-08-16T21:23:01Z,54134,440.7,1000,1000,3,3463516036,3,200,2.6
2026-08-16T21:23:31Z,54164,447.0,1000,1000,3,3465435115,3,200,2.4
2026-08-16T21:24:02Z,54194,443.7,1000,1000,3,3467354195,3,200,2.3
2026-08-16T21:24:31Z,54224,441.1,1000,1000,3,3469210240,3,200,3.0
2026-08-16T21:25:01Z,54254,445.5,1000,1000,3,3471129417,3,200,2.8
2026-08-16T21:25:31Z,54284,443.7,1000,1000,3,3473047497,3,200,2.5
2026-08-16T21:26:01Z,54314,443.8,1000,1000,3,3474902641,3,200,2.8
2026-08-16T21:26:31Z,54344,446.8,1000,1000,3,3476824999,3,200,3.4
2026-08-16T21:27:01Z,54374,443.7,1000,1000,3,3478745795,3,200,2.3
2026-08-16T21:27:31Z,54404,444.7,1000,1000,3,3480665873,3,200,2.3
2026-08-16T21:28:01Z,54434,446.8,1000,1000,3,3482521017,3,200,2.8
2026-08-16T21:28:31Z,54464,446.8,1000,1000,3,3484439097,3,200,2.6
2026-08-16T21:29:01Z,54494,446.2,1000,1000,3,3487499035,3,200,3.7
2026-08-16T21:29:32Z,54524,446.0,1000,1000,3,3489417115,3,200,3.2
2026-08-16T21:30:01Z,54554,446.2,1000,1000,3,3491272259,3,200,3.1
2026-08-16T21:30:31Z,54584,443.1,1000,1000,3,3493190339,3,200,2.5
2026-08-16T21:31:01Z,54614,442.9,1000,1000,3,3495109419,3,200,2.7
2026-08-16T21:31:31Z,54644,446.0,1000,1000,3,3496963563,3,200,2.8
2026-08-16T21:32:01Z,54674,442.8,1000,1000,3,3498882643,3,200,2.5
2026-08-16T21:32:31Z,54704,446.1,1000,1000,3,3500799664,3,200,2.8
2026-08-16T21:33:01Z,54734,446.3,1000,1000,3,3502713534,3,200,2.7
2026-08-16T21:33:31Z,54764,446.0,1000,1000,3,3504565955,3,200,2.6
2026-08-16T21:34:01Z,54794,446.0,1000,1000,3,3506487451,3,200,3.8
2026-08-16T21:34:31Z,54824,445.3,1000,1000,3,3508403115,3,200,2.9
2026-08-16T21:35:01Z,54854,437.5,1000,1000,3,3510258259,3,200,2.4
2026-08-16T21:35:31Z,54884,442.8,1000,1000,3,3512176339,3,200,2.3
2026-08-16T21:36:01Z,54914,446.2,1000,1000,3,3514095419,3,200,3.2
2026-08-16T21:36:31Z,54944,446.1,1000,1000,3,3516013499,3,200,2.5
2026-08-16T21:37:01Z,54974,446.2,1000,1000,3,3517867040,3,200,3.2
2026-08-16T21:37:31Z,55004,443.1,1000,1000,3,3519783675,3,200,2.8
2026-08-16T21:38:01Z,55034,445.2,1000,1000,3,3521705506,3,200,2.9
2026-08-16T21:38:32Z,55064,446.3,1000,1000,3,3523619281,3,200,2.5
2026-08-16T21:39:01Z,55094,445.0,1000,1000,3,3525479027,3,200,2.5
2026-08-16T21:39:31Z,55124,446.6,1000,1000,3,3527397107,3,200,2.7
2026-08-16T21:40:01Z,55154,445.4,1000,1000,3,3529316187,3,200,2.8
2026-08-16T21:40:31Z,55184,445.9,1000,1000,3,3531169962,3,200,3.6
2026-08-16T21:41:01Z,55214,446.1,1000,1000,3,3533089411,3,200,2.6
2026-08-16T21:41:31Z,55244,437.3,1000,1000,3,3535007491,3,200,2.9
2026-08-16T21:42:02Z,55274,442.8,1000,1000,3,3536919468,3,200,2.4
2026-08-16T21:42:31Z,55304,444.6,1000,1000,3,3538772723,3,200,2.6
2026-08-16T21:43:01Z,55334,446.1,1000,1000,3,3540691803,3,200,2.7
2026-08-16T21:43:31Z,55364,443.0,1000,1000,3,3542609883,3,200,3.2
2026-08-16T21:44:01Z,55394,446.2,1000,1000,3,3544465027,3,200,2.5
2026-08-16T21:44:31Z,55424,446.1,1000,1000,3,3546383107,3,200,2.6
2026-08-16T21:45:01Z,55454,442.9,1000,1000,3,3548302187,3,200,2.6
2026-08-16T21:45:31Z,55484,437.4,1000,1000,3,3550219562,3,200,2.8
2026-08-16T21:46:01Z,55514,442.9,1000,1000,3,3552072046,3,200,4.1
2026-08-16T21:46:31Z,55544,446.3,1000,1000,3,3553986961,3,200,2.4
2026-08-16T21:47:01Z,55574,446.3,1000,1000,3,3555912571,3,200,2.5
2026-08-16T21:47:32Z,55604,446.1,1000,1000,3,3557829268,3,200,4.0
2026-08-16T21:48:01Z,55634,442.8,1000,1000,3,3559681983,3,200,2.8
2026-08-16T21:48:31Z,55664,443.4,1000,1000,3,3561595883,3,200,2.6
2026-08-16T21:49:01Z,55694,444.0,1000,1000,3,3563518673,3,200,3.0
2026-08-16T21:49:31Z,55724,446.1,1000,1000,3,3565371716,3,200,2.9
2026-08-16T21:50:01Z,55754,443.1,1000,1000,3,3567296179,3,200,2.9
2026-08-16T21:50:31Z,55784,446.1,1000,1000,3,3569210419,3,200,3.6
2026-08-16T21:51:02Z,55814,434.1,1000,1000,3,3571125347,3,200,2.6
2026-08-16T21:51:31Z,55844,446.1,1000,1000,3,3572981729,3,200,2.4
2026-08-16T21:52:01Z,55874,444.8,1000,1000,3,3574898571,3,200,2.8
2026-08-16T21:52:31Z,55904,437.3,1000,1000,3,3576816651,3,200,2.8
2026-08-16T21:53:01Z,55934,437.5,1000,1000,3,3578671795,3,200,2.3
2026-08-16T21:53:31Z,55964,446.3,1000,1000,3,3580589875,3,200,2.3
2026-08-16T21:54:01Z,55994,443.0,1000,1000,3,3582508955,3,200,3.0
2026-08-16T21:54:31Z,56024,445.9,1000,1000,3,3584427035,3,200,2.5
2026-08-16T21:55:01Z,56054,446.1,1000,1000,3,3586282179,3,200,2.3
2026-08-16T21:55:31Z,56084,446.1,1000,1000,3,3588200183,3,200,3.1
2026-08-16T21:56:01Z,56114,446.1,1000,1000,3,3590113675,3,200,3.0
2026-08-16T21:56:32Z,56145,445.9,1000,1000,3,3592029427,3,200,2.7
2026-08-16T21:57:02Z,56175,446.1,1000,1000,3,3593948507,3,200,2.7
2026-08-16T21:57:32Z,56205,443.0,1000,1000,3,3595866587,3,200,2.5
2026-08-16T21:58:02Z,56235,437.5,1000,1000,3,3597785667,3,200,2.9
2026-08-16T21:58:32Z,56265,442.9,1000,1000,3,3599639811,3,200,3.6
2026-08-16T21:59:02Z,56295,449.1,1000,1000,3,3602678770,3,200,2.5
2026-08-16T21:59:32Z,56325,446.5,1000,1000,3,3604596850,3,200,3.3
2026-08-16T22:00:02Z,56355,444.1,1000,1000,3,3606515930,3,200,2.4
2026-08-16T22:00:32Z,56385,440.6,1000,1000,3,3608370074,3,200,2.8
2026-08-16T22:01:02Z,56415,441.0,1000,1000,3,3610285900,3,200,2.8
2026-08-16T22:01:32Z,56445,435.8,1000,1000,3,3612199242,3,200,2.8
2026-08-16T22:02:03Z,56476,444.1,1000,1000,3,3614118322,3,200,2.8
2026-08-16T22:02:33Z,56506,447.3,1000,1000,3,3616036403,3,200,2.4
2026-08-16T22:03:03Z,56536,444.0,1000,1000,3,3617955482,3,200,2.5
2026-08-16T22:03:33Z,56566,436.3,1000,1000,3,3619873563,3,200,2.6
2026-08-16T22:04:03Z,56596,443.9,1000,1000,3,3621728706,3,200,2.5
2026-08-16T22:04:33Z,56626,443.0,1000,1000,3,3623646787,3,200,2.8
2026-08-16T22:05:03Z,56656,436.4,1000,1000,3,3625565866,3,200,2.3
2026-08-16T22:05:34Z,56686,443.5,1000,1000,3,3627480309,3,200,3.7
2026-08-16T22:06:03Z,56716,444.7,1000,1000,3,3629331098,3,200,2.5
2026-08-16T22:06:33Z,56746,447.2,1000,1000,3,3631249179,3,200,2.6
2026-08-16T22:07:03Z,56776,447.5,1000,1000,3,3633168258,3,200,2.7
2026-08-16T22:07:33Z,56806,444.0,1000,1000,3,3635022402,3,200,2.6
2026-08-16T22:08:03Z,56836,447.4,1000,1000,3,3636941482,3,200,2.4
2026-08-16T22:08:33Z,56866,444.1,1000,1000,3,3638857874,3,200,2.2
2026-08-16T22:09:03Z,56896,447.3,1000,1000,3,3640771776,3,200,2.4
2026-08-16T22:09:33Z,56926,436.5,1000,1000,3,3642624794,3,200,2.5
2026-08-16T22:10:03Z,56956,447.4,1000,1000,3,3644543874,3,200,2.4
2026-08-16T22:10:33Z,56986,436.3,1000,1000,3,3646461955,3,200,2.6
2026-08-16T22:11:03Z,57016,447.3,1000,1000,3,3648381034,3,200,2.4
2026-08-16T22:11:33Z,57046,444.1,1000,1000,3,3650235179,3,200,2.7
2026-08-16T22:12:03Z,57076,447.2,1000,1000,3,3652154258,3,200,2.8
2026-08-16T22:12:33Z,57106,447.2,1000,1000,3,3654072339,3,200,3.0
2026-08-16T22:13:03Z,57136,440.8,1000,1000,3,3655927482,3,200,2.4
2026-08-16T22:13:33Z,57166,444.0,1000,1000,3,3657837571,3,200,2.3
2026-08-16T22:14:03Z,57196,440.7,1000,1000,3,3659756650,3,200,2.8
2026-08-16T22:14:33Z,57226,439.9,1000,1000,3,3661674731,3,200,2.5
2026-08-16T22:15:03Z,57256,444.1,1000,1000,3,3663529874,3,200,3.0
2026-08-16T22:15:33Z,57286,447.6,1000,1000,3,3665447955,3,200,2.5
2026-08-16T22:16:03Z,57316,445.2,1000,1000,3,3667364974,3,200,2.7
2026-08-16T22:16:34Z,57346,440.1,1000,1000,3,3669278090,3,200,2.9
2026-08-16T22:17:03Z,57376,444.0,1000,1000,3,3671132749,3,200,2.6
2026-08-16T22:17:33Z,57406,443.9,1000,1000,3,3673050347,3,200,2.4
2026-08-16T22:18:03Z,57436,443.9,1000,1000,3,3674969426,3,200,2.5
2026-08-16T22:18:33Z,57466,444.0,1000,1000,3,3676823570,3,200,2.5
2026-08-16T22:19:03Z,57496,436.4,1000,1000,3,3678742650,3,200,2.5
2026-08-16T22:19:33Z,57526,444.0,1000,1000,3,3680660731,3,200,2.3
2026-08-16T22:20:03Z,57556,447.4,1000,1000,3,3682579810,3,200,2.5
2026-08-16T22:20:33Z,57586,443.3,1000,1000,3,3684433954,3,200,2.3
2026-08-16T22:21:03Z,57616,443.9,1000,1000,3,3686352435,3,200,3.0
2026-08-16T22:21:33Z,57646,447.4,1000,1000,3,3688265097,3,200,2.6
2026-08-16T22:22:03Z,57676,444.1,1000,1000,3,3690182202,3,200,2.4
2026-08-16T22:22:33Z,57706,440.8,1000,1000,3,3692036347,3,200,2.9
2026-08-16T22:23:03Z,57736,445.3,1000,1000,3,3693955426,3,200,2.6
2026-08-16T22:23:33Z,57766,447.3,1000,1000,3,3695873507,3,200,2.6
2026-08-16T22:24:03Z,57796,443.2,1000,1000,3,3697725577,3,200,2.8
2026-08-16T22:24:33Z,57826,436.3,1000,1000,3,3699638739,3,200,2.5
2026-08-16T22:25:03Z,57856,443.8,1000,1000,3,3701559930,3,200,2.5
2026-08-16T22:25:33Z,57886,444.7,1000,1000,3,3703475899,3,200,2.4
2026-08-16T22:26:03Z,57916,446.6,1000,1000,3,3705331042,3,200,2.4
2026-08-16T22:26:33Z,57946,447.0,1000,1000,3,3707249123,3,200,2.6
2026-08-16T22:27:03Z,57976,443.2,1000,1000,3,3709168202,3,200,3.0
2026-08-16T22:27:34Z,58006,441.3,1000,1000,3,3711086283,3,200,3.7
2026-08-16T22:28:03Z,58036,443.8,1000,1000,3,3712939292,3,200,2.8
2026-08-16T22:28:33Z,58066,443.0,1000,1000,3,3714851938,3,200,2.4
2026-08-16T22:29:03Z,58096,460.1,999,999,4,3716779122,4,200,2.3
2026-08-16T22:29:33Z,58126,447.0,999,999,4,3718635157,4,200,2.8
2026-08-16T22:30:03Z,58156,447.1,999,999,4,3720556553,4,200,3.0
2026-08-16T22:30:33Z,58186,444.0,999,999,4,3722472713,4,200,2.5
2026-08-16T22:31:03Z,58216,448.3,1000,1000,4,3725465258,4,200,2.5
2026-08-16T22:31:33Z,58246,443.8,1000,1000,4,3727383338,4,200,2.6
2026-08-16T22:32:03Z,58276,444.7,1000,1000,4,3729302418,4,200,3.0
2026-08-16T22:32:34Z,58306,443.9,1000,1000,4,3731214252,4,200,3.0
2026-08-16T22:33:03Z,58336,447.1,1000,1000,4,3733069980,4,200,2.7
2026-08-16T22:33:33Z,58366,443.7,1000,1000,4,3734985730,4,200,2.2
2026-08-16T22:34:03Z,58396,447.5,1000,1000,4,3736904810,4,200,2.3
2026-08-16T22:34:33Z,58426,446.9,1000,1000,4,3738758954,4,200,2.3
2026-08-16T22:35:03Z,58456,444.0,1000,1000,4,3740678034,4,200,2.4
2026-08-16T22:35:33Z,58486,447.6,1000,1000,4,3742596114,4,200,3.2
2026-08-16T22:36:03Z,58516,436.2,1000,1000,4,3744511416,4,200,2.4
2026-08-16T22:36:33Z,58546,447.0,1000,1000,4,3746362953,4,200,3.0
2026-08-16T22:37:03Z,58576,436.3,1000,1000,4,3748280426,4,200,2.4
2026-08-16T22:37:33Z,58606,443.9,1000,1000,4,3750198506,4,200,2.5
2026-08-16T22:38:04Z,58636,443.9,1000,1000,4,3752117586,4,200,3.1
2026-08-16T22:38:33Z,58666,436.3,1000,1000,4,3753971667,4,200,4.3
2026-08-16T22:39:03Z,58696,444.2,1000,1000,4,3755885187,4,200,3.6
2026-08-16T22:39:33Z,58726,443.0,1000,1000,4,3757800898,4,200,3.0
2026-08-16T22:40:03Z,58756,447.2,1000,1000,4,3759656042,4,200,2.5
2026-08-16T22:40:33Z,58786,440.7,1000,1000,4,3761574122,4,200,2.2
2026-08-16T22:41:03Z,58816,443.8,1000,1000,4,3763493167,4,200,3.2
2026-08-16T22:41:33Z,58846,443.6,1000,1000,4,3765404133,4,200,2.7
2026-08-16T22:42:03Z,58876,440.6,1000,1000,4,3767258434,4,200,2.5
2026-08-16T22:42:33Z,58906,443.7,1000,1000,4,3769176514,4,200,3.2
2026-08-16T22:43:03Z,58936,446.8,1000,1000,4,3771095594,4,200,2.4
2026-08-16T22:43:34Z,58966,440.1,1000,1000,4,3773013674,4,200,2.9
2026-08-16T22:44:03Z,58996,446.4,1000,1000,4,3774868818,4,200,3.1
2026-08-16T22:44:33Z,59026,445.8,1000,1000,4,3776783663,4,200,2.8
2026-08-16T22:45:03Z,59056,443.8,1000,1000,4,3778705978,4,200,2.6
2026-08-16T22:45:33Z,59086,443.8,1000,1000,4,3780558733,4,200,2.8
2026-08-16T22:46:03Z,59116,443.9,1000,1000,4,3782472340,4,200,3.5
2026-08-16T22:46:33Z,59146,447.0,1000,1000,4,3784389290,4,200,2.4
2026-08-16T22:47:04Z,59176,436.6,1000,1000,4,3786308692,4,200,2.6
2026-08-16T22:47:33Z,59206,443.9,1000,1000,4,3788162514,4,200,3.1
2026-08-16T22:48:03Z,59236,441.0,1000,1000,4,3790081594,4,200,2.5
2026-08-16T22:48:33Z,59266,440.9,1000,1000,4,3791999674,4,200,2.6
2026-08-16T22:49:03Z,59296,436.5,1000,1000,4,3793854818,4,200,2.5
2026-08-16T22:49:33Z,59326,435.5,1000,1000,4,3795772898,4,200,3.0
2026-08-16T22:50:03Z,59356,444.0,1000,1000,4,3797691978,4,200,2.5
2026-08-16T22:50:33Z,59386,446.2,1000,1000,4,3799610058,4,200,2.6
2026-08-16T22:51:03Z,59416,436.3,1000,1000,4,3801465202,4,200,3.0
2026-08-16T22:51:33Z,59446,443.8,1000,1000,4,3803383282,4,200,3.0
2026-08-16T22:52:03Z,59476,442.9,1000,1000,4,3805302362,4,200,2.9
2026-08-16T22:52:34Z,59507,446.9,1000,1000,4,3807220442,4,200,2.5
2026-08-16T22:53:04Z,59537,440.7,1000,1000,4,3809139363,4,200,2.9
2026-08-16T22:53:34Z,59567,447.3,1000,1000,4,3811057034,4,200,3.6
2026-08-16T22:54:04Z,59597,447.1,1000,1000,4,3812974614,4,200,2.8
2026-08-16T22:54:34Z,59627,440.1,1000,1000,4,3814823624,4,200,2.5
2026-08-16T22:55:04Z,59657,443.8,1000,1000,4,3816741914,4,200,2.3
2026-08-16T22:55:34Z,59687,440.8,1000,1000,4,3818659994,4,200,2.5
2026-08-16T22:56:04Z,59717,436.1,1000,1000,4,3820579074,4,200,2.8
2026-08-16T22:56:34Z,59747,436.5,1000,1000,4,3822433218,4,200,2.5
2026-08-16T22:57:04Z,59777,447.4,1000,1000,4,3824352298,4,200,2.8
2026-08-16T22:57:34Z,59807,443.9,1000,1000,4,3826266674,4,200,2.8
2026-08-16T22:58:05Z,59837,444.1,1000,1000,4,3828181466,4,200,2.8
2026-08-16T22:58:34Z,59867,446.8,1000,1000,4,3830035610,4,200,2.6
2026-08-16T22:59:04Z,59897,447.3,1000,1000,4,3831954690,4,200,2.8
2026-08-16T22:59:34Z,59927,436.3,1000,1000,4,3833872770,4,200,2.5
2026-08-16T23:00:04Z,59957,443.9,1000,1000,4,3835727914,4,200,2.8
2026-08-16T23:00:34Z,59987,446.9,1000,1000,4,3837644464,4,200,2.3
2026-08-16T23:01:04Z,60017,465.9,1000,1000,4,3840680957,4,200,2.2
2026-08-16T23:01:34Z,60047,446.4,1000,1000,4,3842599037,4,200,2.6
2026-08-16T23:02:04Z,60077,443.9,1000,1000,4,3844454181,4,200,2.6
2026-08-16T23:02:34Z,60107,435.8,1000,1000,4,3846372261,4,200,3.0
2026-08-16T23:03:04Z,60137,445.6,1000,1000,4,3848291341,4,200,2.9
2026-08-16T23:03:34Z,60167,445.6,1000,1000,4,3850146484,4,200,2.9
2026-08-16T23:04:04Z,60197,435.0,1000,1000,4,3852067660,4,200,2.9
2026-08-16T23:04:34Z,60227,435.9,1000,1000,4,3853985244,4,200,2.5
2026-08-16T23:05:04Z,60257,443.7,1000,1000,4,3855906697,4,200,3.3
2026-08-16T23:05:34Z,60287,442.8,1000,1000,4,3857760195,4,200,3.4
2026-08-16T23:06:04Z,60317,443.5,1000,1000,4,3859679772,4,200,4.3
2026-08-16T23:06:34Z,60347,443.5,1000,1000,4,3861600328,4,200,2.6
2026-08-16T23:07:05Z,60377,443.7,1000,1000,4,3863519994,4,200,2.9
2026-08-16T23:07:34Z,60407,443.2,1000,1000,4,3865374245,4,200,2.2
2026-08-16T23:08:04Z,60437,446.8,1000,1000,4,3867293431,4,200,2.8
2026-08-16T23:08:34Z,60467,443.7,1000,1000,4,3869212257,4,200,2.5
2026-08-16T23:09:04Z,60497,436.0,1000,1000,4,3871067548,4,200,2.4
2026-08-16T23:09:34Z,60527,444.4,1000,1000,4,3872985628,4,200,2.4
2026-08-16T23:10:04Z,60557,443.3,1000,1000,4,3874904708,4,200,2.4
2026-08-16T23:10:34Z,60587,445.6,1000,1000,4,3876822788,4,200,3.0
2026-08-16T23:11:04Z,60617,446.7,1000,1000,4,3878677932,4,200,2.4
2026-08-16T23:11:34Z,60647,435.8,1000,1000,4,3880596012,4,200,2.9
2026-08-16T23:12:04Z,60677,445.8,1000,1000,4,3882514807,4,200,4.3
2026-08-16T23:12:35Z,60707,444.4,1000,1000,4,3884428854,4,200,2.8
2026-08-16T23:13:04Z,60737,446.7,1000,1000,4,3886280324,4,200,2.7
2026-08-16T23:13:34Z,60767,434.9,1000,1000,4,3888198404,4,200,2.6
2026-08-16T23:14:04Z,60797,442.4,1000,1000,4,3890117484,4,200,3.0
2026-08-16T23:14:34Z,60827,446.8,1000,1000,4,3891971628,4,200,2.8
2026-08-16T23:15:04Z,60857,443.7,1000,1000,4,3893890708,4,200,5.6
2026-08-16T23:15:34Z,60887,436.2,1000,1000,4,3895803387,4,200,3.8
2026-08-16T23:16:04Z,60917,435.1,1000,1000,4,3897719876,4,200,2.8
2026-08-16T23:16:34Z,60947,443.8,1000,1000,4,3899574020,4,200,2.4
2026-08-16T23:17:04Z,60977,444.2,1000,1000,4,3901493100,4,200,2.5
2026-08-16T23:17:34Z,61007,443.5,1000,1000,4,3903411180,4,200,2.8
2026-08-16T23:18:04Z,61037,443.3,1000,1000,4,3905329072,4,200,2.5
2026-08-16T23:18:34Z,61067,446.6,1000,1000,4,3907178238,4,200,2.8
2026-08-16T23:19:04Z,61097,446.2,1000,1000,4,3909095492,4,200,2.4
2026-08-16T23:19:34Z,61127,446.4,1000,1000,4,3911013572,4,200,2.5
2026-08-16T23:20:04Z,61157,443.2,1000,1000,4,3912868716,4,200,2.9
2026-08-16T23:20:34Z,61187,446.7,1000,1000,4,3914786796,4,200,2.3
2026-08-16T23:21:04Z,61217,444.1,1000,1000,4,3916705876,4,200,3.3
2026-08-16T23:21:34Z,61247,441.9,1000,1000,4,3918623084,4,200,4.1
2026-08-16T23:22:04Z,61277,444.4,1000,1000,4,3920471108,4,200,2.5
2026-08-16T23:22:34Z,61307,443.3,1000,1000,4,3922389188,4,200,2.7
2026-08-16T23:23:04Z,61337,443.8,1000,1000,4,3924308268,4,200,2.4
2026-08-16T23:23:34Z,61367,446.5,1000,1000,4,3926226348,4,200,2.5
2026-08-16T23:24:04Z,61397,444.1,1000,1000,4,3928081492,4,200,3.2
2026-08-16T23:24:34Z,61427,446.8,1000,1000,4,3929999572,4,200,2.8
2026-08-16T23:25:04Z,61457,443.5,1000,1000,4,3931918652,4,200,3.0
2026-08-16T23:25:34Z,61487,446.6,1000,1000,4,3933770336,4,200,3.7
2026-08-16T23:26:04Z,61517,434.7,1000,1000,4,3935685559,4,200,2.8
2026-08-16T23:26:34Z,61547,444.2,1000,1000,4,3937601964,4,200,2.8
2026-08-16T23:27:04Z,61577,444.0,1000,1000,4,3939521044,4,200,2.5
2026-08-16T23:27:34Z,61607,435.7,1000,1000,4,3941375188,4,200,2.8
2026-08-16T23:28:04Z,61637,446.4,1000,1000,4,3943294268,4,200,2.6
2026-08-16T23:28:34Z,61667,443.6,1000,1000,4,3945212348,4,200,3.6
2026-08-16T23:29:05Z,61697,446.3,1000,1000,4,3947129099,4,200,2.8
2026-08-16T23:29:34Z,61727,444.4,1000,1000,4,3948980686,4,200,3.5
2026-08-16T23:30:04Z,61757,446.6,1000,1000,4,3950899836,4,200,2.4
2026-08-16T23:30:34Z,61787,446.7,1000,1000,4,3952814740,4,200,2.5
2026-08-16T23:31:04Z,61817,581.7,1000,1000,4,3954653900,4,200,2.5
2026-08-16T23:31:34Z,61847,447.0,1000,1000,4,3957705845,4,200,2.6
2026-08-16T23:32:04Z,61877,437.1,1000,1000,4,3959624925,4,200,2.7
2026-08-16T23:32:34Z,61907,448.2,1000,1000,4,3961543005,4,200,2.5
2026-08-16T23:33:04Z,61937,448.1,1000,1000,4,3963397776,4,200,3.2
2026-08-16T23:33:34Z,61967,437.2,1000,1000,4,3965313212,4,200,2.6
2026-08-16T23:34:04Z,61997,444.6,1000,1000,4,3967229021,4,200,2.3
2026-08-16T23:34:35Z,62027,445.1,1000,1000,4,3969145397,4,200,2.5
2026-08-16T23:35:04Z,62057,437.3,1000,1000,4,3971000541,4,200,2.4
2026-08-16T23:35:34Z,62087,444.7,1000,1000,4,3972918621,4,200,2.6
2026-08-16T23:36:04Z,62117,446.4,1000,1000,4,3974837701,4,200,2.3
2026-08-16T23:36:34Z,62147,447.5,1000,1000,4,3976691845,4,200,2.3
2026-08-16T23:37:04Z,62177,447.0,1000,1000,4,3978610925,4,200,2.3
2026-08-16T23:37:34Z,62207,436.3,1000,1000,4,3980526687,4,200,2.6
2026-08-16T23:38:04Z,62237,448.0,1000,1000,4,3982443057,4,200,3.9
2026-08-16T23:38:34Z,62267,442.8,1000,1000,4,3984295023,4,200,2.7
2026-08-16T23:39:04Z,62297,446.1,1000,1000,4,3986213317,4,200,2.7
2026-08-16T23:39:34Z,62327,444.7,1000,1000,4,3988131397,4,200,2.7
2026-08-16T23:40:04Z,62357,444.8,1000,1000,4,3989987638,4,200,2.6
2026-08-16T23:40:34Z,62387,444.7,1000,1000,4,3991904621,4,200,2.5
2026-08-16T23:41:04Z,62417,444.8,1000,1000,4,3993823701,4,200,2.5
2026-08-16T23:41:34Z,62447,436.9,1000,1000,4,3995741781,4,200,3.0
2026-08-16T23:42:04Z,62477,436.0,1000,1000,4,3997596925,4,200,3.2
2026-08-16T23:42:34Z,62507,445.2,1000,1000,4,3999514740,4,200,3.5
2026-08-16T23:43:04Z,62537,444.2,1000,1000,4,4001427717,4,200,3.1
2026-08-16T23:43:34Z,62567,448.0,1000,1000,4,4003344173,4,200,2.8
2026-08-16T23:44:04Z,62597,447.0,1000,1000,4,4005199317,4,200,2.7
2026-08-16T23:44:34Z,62627,444.6,1000,1000,4,4007117397,4,200,2.8
2026-08-16T23:45:04Z,62657,448.1,1000,1000,4,4009036477,4,200,2.6
2026-08-16T23:45:34Z,62687,444.9,1000,1000,4,4010892841,4,200,3.4
2026-08-16T23:46:04Z,62717,444.6,1000,1000,4,4012809701,4,200,2.7
2026-08-16T23:46:34Z,62747,444.6,1000,1000,4,4014727781,4,200,2.8
2026-08-16T23:47:04Z,62777,447.9,1000,1000,4,4016646861,4,200,2.4
2026-08-16T23:47:34Z,62807,448.2,1000,1000,4,4018501005,4,200,2.5
2026-08-16T23:48:04Z,62837,444.7,1000,1000,4,4020420085,4,200,3.1
2026-08-16T23:48:34Z,62867,443.8,1000,1000,4,4022338165,4,200,2.7
2026-08-16T23:49:04Z,62897,444.8,1000,1000,4,4024193309,4,200,2.2
2026-08-16T23:49:34Z,62927,445.8,1000,1000,4,4026111389,4,200,2.8
2026-08-16T23:50:04Z,62957,443.8,1000,1000,4,4028030469,4,200,2.8
2026-08-16T23:50:34Z,62987,444.8,1000,1000,4,4029948549,4,200,2.8
2026-08-16T23:51:04Z,63017,447.0,1000,1000,4,4031803693,4,200,2.7
2026-08-16T23:51:34Z,63047,448.2,1000,1000,4,4033721773,4,200,2.3
2026-08-16T23:52:04Z,63077,444.8,1000,1000,4,4035640853,4,200,2.9
2026-08-16T23:52:34Z,63107,448.1,1000,1000,4,4037494997,4,200,2.6
2026-08-16T23:53:04Z,63137,444.6,1000,1000,4,4039414077,4,200,2.5
2026-08-16T23:53:34Z,63167,437.2,1000,1000,4,4041332157,4,200,2.9
2026-08-16T23:54:04Z,63197,448.3,1000,1000,4,4043251237,4,200,2.8
2026-08-16T23:54:34Z,63227,446.1,1000,1000,4,4045105381,4,200,2.8
2026-08-16T23:55:04Z,63257,444.9,1000,1000,4,4047018744,4,200,2.7
2026-08-16T23:55:34Z,63287,445.9,1000,1000,4,4048934549,4,200,2.5
2026-08-16T23:56:05Z,63317,444.7,1000,1000,4,4050856605,4,200,3.5
2026-08-16T23:56:34Z,63347,445.7,1000,1000,4,4052710774,4,200,3.1
2026-08-16T23:57:04Z,63377,444.2,1000,1000,4,4054634845,4,200,3.4
2026-08-16T23:57:34Z,63407,447.5,1000,1000,4,4056548232,4,200,2.5
2026-08-16T23:58:04Z,63437,447.7,1000,1000,4,4058408069,4,200,2.5
2026-08-16T23:58:34Z,63467,436.2,1000,1000,4,4060326149,4,200,2.6
2026-08-16T23:59:04Z,63497,445.0,1000,1000,4,4062245229,4,200,2.4
2026-08-16T23:59:34Z,63527,437.1,1000,1000,4,4064096580,4,200,3.1
2026-08-17T00:00:04Z,63557,444.6,1000,1000,4,4066012536,4,200,2.7
2026-08-17T00:00:34Z,63587,443.9,1000,1000,4,4067928541,4,200,2.4
2026-08-17T00:01:04Z,63617,446.4,1000,1000,4,4069847621,4,200,2.3
2026-08-17T00:01:34Z,63647,448.7,1000,1000,4,4072833632,4,200,2.6
2026-08-17T00:02:04Z,63677,448.9,1000,1000,4,4074749191,4,200,3.1
2026-08-17T00:02:34Z,63707,449.0,1000,1000,4,4076664476,4,200,2.8
2026-08-17T00:03:05Z,63737,437.7,1000,1000,4,4078589872,4,200,2.6
2026-08-17T00:03:34Z,63767,443.6,1000,1000,4,4080437981,4,200,2.9
2026-08-17T00:04:04Z,63797,448.7,1000,1000,4,4082355104,4,200,2.2
2026-08-17T00:04:34Z,63827,447.4,1000,1000,4,4084273184,4,200,2.6
2026-08-17T00:05:04Z,63857,445.2,1000,1000,4,4086128328,4,200,2.6
2026-08-17T00:05:34Z,63887,448.6,1000,1000,4,4088046408,4,200,2.4
2026-08-17T00:06:04Z,63917,437.9,1000,1000,4,4089965488,4,200,2.6
2026-08-17T00:06:35Z,63947,446.5,1000,1000,4,4091877504,4,200,2.6
2026-08-17T00:07:04Z,63977,448.5,1000,1000,4,4093738712,4,200,2.4
2026-08-17T00:07:34Z,64007,437.9,1000,1000,4,4095656792,4,200,3.4
2026-08-17T00:08:04Z,64037,448.6,1000,1000,4,4097575107,4,200,3.6
2026-08-17T00:08:34Z,64067,445.4,1000,1000,4,4099426012,4,200,2.8
2026-08-17T00:09:04Z,64097,448.8,1000,1000,4,4101349096,4,200,2.5
2026-08-17T00:09:34Z,64127,448.7,1000,1000,4,4103264979,4,200,3.5
2026-08-17T00:10:04Z,64157,448.7,1000,1000,4,4105180031,4,200,2.7
2026-08-17T00:10:34Z,64187,445.2,1000,1000,4,4107032408,4,200,2.6
2026-08-17T00:11:04Z,64217,448.6,1000,1000,4,4108951488,4,200,2.4
2026-08-17T00:11:34Z,64247,435.8,1000,1000,4,4110871247,4,200,2.6
2026-08-17T00:12:04Z,64277,448.5,1000,1000,4,4112729165,4,200,2.8
2026-08-17T00:12:34Z,64307,445.5,1000,1000,4,4114642792,4,200,2.6
2026-08-17T00:13:04Z,64337,445.5,1000,1000,4,4116561872,4,200,2.6
2026-08-17T00:13:34Z,64367,448.7,1000,1000,4,4118479952,4,200,2.7
2026-08-17T00:14:04Z,64397,445.3,1000,1000,4,4120335096,4,200,2.6
2026-08-17T00:14:34Z,64427,448.8,1000,1000,4,4122253176,4,200,2.6
2026-08-17T00:15:04Z,64457,445.4,1000,1000,4,4124167273,4,200,2.3
2026-08-17T00:15:35Z,64487,448.9,1000,1000,4,4126082344,4,200,2.4
2026-08-17T00:16:04Z,64517,444.5,1000,1000,4,4127937488,4,200,2.4
2026-08-17T00:16:34Z,64547,444.8,1000,1000,4,4129855568,4,200,3.1
2026-08-17T00:17:04Z,64577,447.2,1000,1000,4,4131774648,4,200,3.2
2026-08-17T00:17:34Z,64607,445.4,1000,1000,4,4133628792,4,200,2.8
2026-08-17T00:18:04Z,64637,445.3,1000,1000,4,4135547872,4,200,3.0
2026-08-17T00:18:34Z,64667,445.3,1000,1000,4,4137464993,4,200,2.9
2026-08-17T00:19:04Z,64697,446.9,1000,1000,4,4139381066,4,200,2.6
2026-08-17T00:19:34Z,64727,436.2,1000,1000,4,4141231971,4,200,2.5
2026-08-17T00:20:04Z,64757,438.0,1000,1000,4,4143150264,4,200,2.7
2026-08-17T00:20:34Z,64787,447.3,1000,1000,4,4145068344,4,200,2.8
2026-08-17T00:21:05Z,64817,437.2,1000,1000,4,4146987424,4,200,2.8
2026-08-17T00:21:34Z,64847,444.7,1000,1000,4,4148841568,4,200,2.9
2026-08-17T00:22:04Z,64877,437.8,1000,1000,4,4150760648,4,200,2.3
2026-08-17T00:22:34Z,64907,448.6,1000,1000,4,4152678728,4,200,2.5
2026-08-17T00:23:04Z,64937,448.7,1000,1000,4,4154533872,4,200,2.5
2026-08-17T00:23:34Z,64967,447.8,1000,1000,4,4156451952,4,200,2.7
2026-08-17T00:24:04Z,64997,442.3,1000,1000,4,4158365910,4,200,2.4
2026-08-17T00:24:35Z,65027,446.6,1000,1000,4,4160288297,4,200,2.5
2026-08-17T00:25:04Z,65057,446.8,1000,1000,4,4162142933,4,200,2.6
2026-08-17T00:25:34Z,65087,445.6,1000,1000,4,4164054344,4,200,2.6
2026-08-17T00:26:04Z,65117,445.3,1000,1000,4,4165973424,4,200,2.4
2026-08-17T00:26:34Z,65147,448.6,1000,1000,4,4167827568,4,200,2.3
2026-08-17T00:27:04Z,65177,445.3,1000,1000,4,4169746648,4,200,2.5
2026-08-17T00:27:34Z,65207,445.2,1000,1000,4,4171664728,4,200,2.5
2026-08-17T00:28:04Z,65237,444.7,1000,1000,4,4173583808,4,200,2.4
2026-08-17T00:28:34Z,65267,445.4,1000,1000,4,4175437952,4,200,2.4
2026-08-17T00:29:04Z,65297,445.6,1000,1000,4,4177357032,4,200,3.2
2026-08-17T00:29:34Z,65327,448.9,1000,1000,4,4179275112,4,200,3.4
2026-08-17T00:30:04Z,65357,443.4,1000,1000,4,4181130256,4,200,2.7
2026-08-17T00:30:34Z,65387,445.4,1000,1000,4,4183047630,4,200,3.6
2026-08-17T00:31:04Z,65417,445.3,1000,1000,4,4184963743,4,200,2.8
2026-08-17T00:31:34Z,65447,444.2,1000,1000,4,4188011369,4,200,2.5
2026-08-17T00:32:04Z,65477,444.3,1000,1000,4,4189866513,4,200,2.7
2026-08-17T00:32:34Z,65507,443.3,1000,1000,4,4191784593,4,200,2.5
2026-08-17T00:33:04Z,65537,446.8,1000,1000,4,4193703673,4,200,2.7
2026-08-17T00:33:34Z,65567,447.7,1000,1000,4,4195557817,4,200,3.2
2026-08-17T00:34:04Z,65597,443.4,1000,1000,4,4197476897,4,200,2.7
2026-08-17T00:34:34Z,65627,437.2,1000,1000,4,4199394977,4,200,2.7
2026-08-17T00:35:04Z,65657,444.3,1000,1000,4,4201314057,4,200,2.6
2026-08-17T00:35:34Z,65687,444.3,1000,1000,4,4203168201,4,200,2.5
2026-08-17T00:36:04Z,65717,447.8,1000,1000,4,4205087640,4,200,2.3
2026-08-17T00:36:34Z,65747,447.6,1000,1000,4,4207005361,4,200,2.6
2026-08-17T00:37:04Z,65777,435.9,1000,1000,4,4208860505,4,200,2.4
2026-08-17T00:37:34Z,65807,446.8,1000,1000,4,4210778585,4,200,2.7
2026-08-17T00:38:04Z,65837,447.8,1000,1000,4,4212697665,4,200,3.4
2026-08-17T00:38:34Z,65867,447.5,1000,1000,4,4214615745,4,200,2.7
2026-08-17T00:39:04Z,65897,447.7,1000,1000,4,4216470889,4,200,2.4
2026-08-17T00:39:34Z,65927,447.7,1000,1000,4,4218388969,4,200,2.4
2026-08-17T00:40:04Z,65957,444.3,1000,1000,4,4220306399,4,200,2.5
2026-08-17T00:40:34Z,65987,446.0,1000,1000,4,4222162193,4,200,2.6
2026-08-17T00:41:04Z,66017,447.9,1000,1000,4,4224081273,4,200,2.5
2026-08-17T00:41:34Z,66047,437.0,1000,1000,4,4225999353,4,200,2.6
2026-08-17T00:42:04Z,66077,436.5,1000,1000,4,4227914798,4,200,2.8
2026-08-17T00:42:34Z,66107,447.8,1000,1000,4,4229772514,4,200,3.8
2026-08-17T00:43:04Z,66137,436.0,1000,1000,4,4231683665,4,200,2.4
2026-08-17T00:43:34Z,66167,436.4,1000,1000,4,4233601745,4,200,2.9
2026-08-17T00:44:05Z,66197,447.3,1000,1000,4,4235520825,4,200,2.4
2026-08-17T00:44:34Z,66227,444.2,1000,1000,4,4237374969,4,200,2.6
2026-08-17T00:45:04Z,66257,446.7,1000,1000,4,4239294049,4,200,2.6
2026-08-17T00:45:34Z,66287,442.6,1000,1000,4,4241210989,4,200,2.9
2026-08-17T00:46:04Z,66317,444.5,1000,1000,4,4243060803,4,200,2.7
2026-08-17T00:46:34Z,66347,444.4,1000,1000,4,4244977361,4,200,2.9
2026-08-17T00:47:04Z,66377,444.4,1000,1000,4,4246896441,4,200,2.4
2026-08-17T00:47:34Z,66407,444.3,1000,1000,4,4248814521,4,200,2.5
2026-08-17T00:48:04Z,66437,445.4,1000,1000,4,4250669665,4,200,3.0
2026-08-17T00:48:34Z,66467,446.8,1000,1000,4,4252587407,4,200,2.8
2026-08-17T00:49:04Z,66497,446.7,1000,1000,4,4254504046,4,200,3.9
2026-08-17T00:49:35Z,66527,444.4,1000,1000,4,4256416913,4,200,2.5
2026-08-17T00:50:04Z,66557,444.3,1000,1000,4,4258272057,4,200,2.7
2026-08-17T00:50:34Z,66587,447.4,1000,1000,4,4260190137,4,200,2.5
2026-08-17T00:51:04Z,66617,446.1,1000,1000,4,4262109217,4,200,2.7
2026-08-17T00:51:34Z,66647,444.4,1000,1000,4,4263963361,4,200,2.3
2026-08-17T00:52:04Z,66677,444.1,1000,1000,4,4265882441,4,200,2.5
2026-08-17T00:52:34Z,66707,447.6,1000,1000,4,4267800521,4,200,2.4
2026-08-17T00:53:05Z,66737,444.1,1000,1000,4,4269719601,4,200,3.0
2026-08-17T00:53:34Z,66767,446.6,1000,1000,4,4271573745,4,200,2.2
2026-08-17T00:54:04Z,66797,444.4,1000,1000,4,4273493656,4,200,2.6
2026-08-17T00:54:34Z,66827,447.3,1000,1000,4,4275410905,4,200,2.7
2026-08-17T00:55:04Z,66857,444.2,1000,1000,4,4277266049,4,200,2.4
2026-08-17T00:55:34Z,66887,447.4,1000,1000,4,4279184129,4,200,2.7
2026-08-17T00:56:04Z,66917,444.3,1000,1000,4,4281103209,4,200,3.0
2026-08-17T00:56:35Z,66947,443.6,1000,1000,4,4283021289,4,200,2.4
2026-08-17T00:57:04Z,66977,435.8,1000,1000,4,4284876433,4,200,2.2
2026-08-17T00:57:34Z,67007,447.7,1000,1000,4,4286792173,4,200,3.8
2026-08-17T00:58:04Z,67037,441.8,1000,1000,4,4288706862,4,200,2.5
2026-08-17T00:58:34Z,67067,443.3,1000,1000,4,4290559745,4,200,2.4
2026-08-17T00:59:04Z,67097,444.1,1000,1000,4,4292478825,4,200,3.0
2026-08-17T00:59:34Z,67127,446.8,1000,1000,4,4294396905,4,200,2.6
2026-08-17T01:00:04Z,67157,444.1,1000,1000,4,4296315985,4,200,2.4
2026-08-17T01:00:34Z,67187,447.5,1000,1000,4,4298170129,4,200,2.6
2026-08-17T01:01:04Z,67217,446.9,1000,1000,4,4300086744,4,200,4.6
2026-08-17T01:01:34Z,67247,446.5,1000,1000,4,4303138157,4,200,2.6
2026-08-17T01:02:04Z,67277,446.8,1000,1000,4,4304990105,4,200,3.9
2026-08-17T01:02:34Z,67307,444.9,1000,1000,4,4306903665,4,200,2.5
2026-08-17T01:03:04Z,67337,447.1,1000,1000,4,4308822469,4,200,2.6
2026-08-17T01:03:34Z,67367,444.4,1000,1000,4,4310740549,4,200,2.5
2026-08-17T01:04:04Z,67397,447.3,1000,1000,4,4312595693,4,200,2.4
2026-08-17T01:04:34Z,67427,445.1,1000,1000,4,4314513773,4,200,2.2
2026-08-17T01:05:04Z,67457,447.5,1000,1000,4,4316432039,4,200,2.9
2026-08-17T01:05:35Z,67487,448.0,1000,1000,4,4318344996,4,200,2.6
2026-08-17T01:06:04Z,67517,445.3,1000,1000,4,4320198085,4,200,2.8
2026-08-17T01:06:34Z,67547,447.7,1000,1000,4,4322116165,4,200,2.7
2026-08-17T01:07:04Z,67577,447.4,1000,1000,4,4324035245,4,200,2.6
2026-08-17T01:07:34Z,67607,436.6,1000,1000,4,4325889389,4,200,2.4
2026-08-17T01:08:04Z,67637,444.1,1000,1000,4,4327808469,4,200,2.5
2026-08-17T01:08:34Z,67667,446.5,1000,1000,4,4329719489,4,200,2.4
2026-08-17T01:09:04Z,67697,447.4,1000,1000,4,4331637637,4,200,2.5
2026-08-17T01:09:34Z,67727,447.5,1000,1000,4,4333496643,4,200,3.6
2026-08-17T01:10:04Z,67757,445.4,1000,1000,4,4335411507,4,200,2.5
2026-08-17T01:10:34Z,67787,443.3,1000,1000,4,4337335651,4,200,3.1
2026-08-17T01:11:04Z,67817,436.6,1000,1000,4,4339187544,4,200,3.0
2026-08-17T01:11:34Z,67847,447.5,1000,1000,4,4341104870,4,200,2.8
2026-08-17T01:12:04Z,67877,436.6,1000,1000,4,4343021245,4,200,2.9
2026-08-17T01:12:34Z,67907,444.3,1000,1000,4,4344940058,4,200,3.2
2026-08-17T01:13:04Z,67937,443.9,1000,1000,4,4346794469,4,200,2.5
2026-08-17T01:13:34Z,67967,447.3,1000,1000,4,4348712549,4,200,2.8
2026-08-17T01:14:04Z,67997,446.1,1000,1000,4,4350631629,4,200,2.5
2026-08-17T01:14:34Z,68027,447.6,1000,1000,4,4352485773,4,200,2.4
2026-08-17T01:15:04Z,68057,447.6,1000,1000,4,4354404853,4,200,2.3
2026-08-17T01:15:34Z,68087,436.8,1000,1000,4,4356322933,4,200,2.4
2026-08-17T01:16:04Z,68117,447.2,1000,1000,4,4358241124,4,200,2.5
2026-08-17T01:16:34Z,68147,445.7,1000,1000,4,4360091209,4,200,2.7
2026-08-17T01:17:04Z,68177,436.5,1000,1000,4,4362007245,4,200,2.8
2026-08-17T01:17:34Z,68207,444.2,1000,1000,4,4363929248,4,200,2.7
2026-08-17T01:18:05Z,68237,447.2,1000,1000,4,4365846523,4,200,2.5
2026-08-17T01:18:34Z,68267,447.4,1000,1000,4,4367706541,4,200,2.4
2026-08-17T01:19:04Z,68297,437.0,1000,1000,4,4369625621,4,200,2.3
2026-08-17T01:19:34Z,68327,446.7,1000,1000,4,4371537726,4,200,3.1
2026-08-17T01:20:04Z,68357,445.2,1000,1000,4,4373393231,4,200,2.8
2026-08-17T01:20:34Z,68387,445.2,1000,1000,4,4375308933,4,200,2.3
2026-08-17T01:21:04Z,68417,446.2,1000,1000,4,4377228013,4,200,2.6
2026-08-17T01:21:35Z,68447,436.8,1000,1000,4,4379147528,4,200,2.5
2026-08-17T01:22:04Z,68477,445.2,1000,1000,4,4381001237,4,200,2.7
2026-08-17T01:22:34Z,68507,447.5,1000,1000,4,4382919317,4,200,2.5
2026-08-17T01:23:04Z,68537,447.7,1000,1000,4,4384838762,4,200,2.4
2026-08-17T01:23:34Z,68567,444.3,1000,1000,4,4386693053,4,200,2.3
2026-08-17T01:24:04Z,68597,443.6,1000,1000,4,4388618875,4,200,3.0
2026-08-17T01:24:34Z,68627,436.6,1000,1000,4,4390536690,4,200,3.4
2026-08-17T01:25:05Z,68657,447.4,1000,1000,4,4392448781,4,200,2.5
2026-08-17T01:25:34Z,68687,435.8,1000,1000,4,4394302925,4,200,2.4
2026-08-17T01:26:04Z,68717,444.1,1000,1000,4,4396222005,4,200,2.8
2026-08-17T01:26:34Z,68747,444.7,1000,1000,4,4398140085,4,200,2.5
2026-08-17T01:27:04Z,68777,447.3,1000,1000,4,4399995229,4,200,2.4
2026-08-17T01:27:34Z,68807,447.5,1000,1000,4,4401913309,4,200,2.5
2026-08-17T01:28:04Z,68837,445.8,1000,1000,4,4403832389,4,200,3.1
2026-08-17T01:28:35Z,68867,447.4,1000,1000,4,4405750469,4,200,2.5
2026-08-17T01:29:04Z,68897,446.6,1000,1000,4,4407605613,4,200,2.8
2026-08-17T01:29:34Z,68927,447.1,1000,1000,4,4409523693,4,200,2.5
2026-08-17T01:30:04Z,68957,445.3,1000,1000,4,4411442773,4,200,2.5
2026-08-17T01:30:34Z,68987,447.3,1000,1000,4,4413296917,4,200,2.6
2026-08-17T01:31:04Z,69017,446.2,1000,1000,4,4415215997,4,200,2.9
2026-08-17T01:31:34Z,69047,443.8,1000,1000,4,4418289920,4,200,2.2
2026-08-17T01:32:05Z,69077,446.8,1000,1000,4,4420209000,4,200,3.1
2026-08-17T01:32:34Z,69107,442.7,1000,1000,4,4422063143,4,200,2.8
2026-08-17T01:33:04Z,69137,436.3,1000,1000,4,4423982224,4,200,2.4
2026-08-17T01:33:34Z,69167,436.0,1000,1000,4,4425899334,4,200,2.5
2026-08-17T01:34:04Z,69197,442.4,1000,1000,4,4427753885,4,200,2.5
2026-08-17T01:34:34Z,69227,440.8,1000,1000,4,4429667258,4,200,2.4
2026-08-17T01:35:04Z,69257,447.1,1000,1000,4,4431584616,4,200,2.8
2026-08-17T01:35:35Z,69287,446.7,1000,1000,4,4433502696,4,200,2.2
2026-08-17T01:36:04Z,69317,444.4,1000,1000,4,4435357840,4,200,2.8
2026-08-17T01:36:34Z,69347,443.9,1000,1000,4,4437276343,4,200,2.7
2026-08-17T01:37:04Z,69377,447.1,1000,1000,4,4439195000,4,200,2.8
2026-08-17T01:37:34Z,69407,436.3,1000,1000,4,4441052427,4,200,2.3
2026-08-17T01:38:04Z,69437,443.8,1000,1000,4,4442976216,4,200,2.8
2026-08-17T01:38:34Z,69467,444.8,1000,1000,4,4444892818,4,200,2.6
2026-08-17T01:39:05Z,69497,444.5,1000,1000,4,4446806063,4,200,3.0
2026-08-17T01:39:34Z,69527,444.7,1000,1000,4,4448667520,4,200,3.2
2026-08-17T01:40:04Z,69557,444.5,1000,1000,4,4450581527,4,200,3.5
2026-08-17T01:40:34Z,69587,444.2,1000,1000,4,4452498836,4,200,2.6
2026-08-17T01:41:04Z,69617,447.0,1000,1000,4,4454359824,4,200,2.6
2026-08-17T01:41:34Z,69647,444.2,1000,1000,4,4456277904,4,200,2.7
2026-08-17T01:42:04Z,69677,444.6,1000,1000,4,4458194685,4,200,2.4
2026-08-17T01:42:35Z,69707,443.6,1000,1000,4,4460112010,4,200,3.1
2026-08-17T01:43:04Z,69737,445.2,1000,1000,4,4461965280,4,200,3.7
2026-08-17T01:43:34Z,69767,444.6,1000,1000,4,4463880296,4,200,2.4
2026-08-17T01:44:04Z,69797,443.8,1000,1000,4,4465799376,4,200,2.7
2026-08-17T01:44:34Z,69827,441.3,1000,1000,4,4467653520,4,200,2.4
2026-08-17T01:45:04Z,69857,444.7,1000,1000,4,4469572600,4,200,2.5
2026-08-17T01:45:34Z,69887,444.6,1000,1000,4,4471490680,4,200,2.7
2026-08-17T01:46:05Z,69917,443.2,1000,1000,4,4473408892,4,200,3.7
2026-08-17T01:46:34Z,69947,443.0,1000,1000,4,4475263904,4,200,2.5
2026-08-17T01:47:04Z,69977,441.2,1000,1000,4,4477182984,4,200,3.1
2026-08-17T01:47:34Z,70007,447.0,1000,1000,4,4479101064,4,200,2.8
2026-08-17T01:48:04Z,70037,446.9,1000,1000,4,4480956208,4,200,2.2
2026-08-17T01:48:34Z,70067,444.9,1000,1000,4,4482871640,4,200,4.1
2026-08-17T01:49:04Z,70097,443.7,1000,1000,4,4484793235,4,200,4.1
2026-08-17T01:49:35Z,70127,444.3,1000,1000,4,4486709724,4,200,2.7
2026-08-17T01:50:04Z,70157,443.5,1000,1000,4,4488566592,4,200,3.1
2026-08-17T01:50:34Z,70187,446.0,1000,1000,4,4490484672,4,200,3.1
2026-08-17T01:51:04Z,70217,444.3,1000,1000,4,4492400475,4,200,4.0
2026-08-17T01:51:34Z,70247,440.9,1000,1000,4,4494252377,4,200,3.3
2026-08-17T01:52:04Z,70277,447.0,1000,1000,4,4496176509,4,200,3.1
2026-08-17T01:52:34Z,70307,436.0,1000,1000,4,4498088627,4,200,3.1
2026-08-17T01:53:05Z,70337,436.0,1000,1000,4,4500006144,4,200,2.8
2026-08-17T01:53:34Z,70367,446.7,1000,1000,4,4501860288,4,200,2.5
2026-08-17T01:54:04Z,70397,436.1,1000,1000,4,4503779368,4,200,2.5
2026-08-17T01:54:34Z,70427,446.8,1000,1000,4,4505697448,4,200,2.5
2026-08-17T01:55:04Z,70457,435.4,1000,1000,4,4507552592,4,200,2.5
2026-08-17T01:55:34Z,70487,444.1,1000,1000,4,4509470672,4,200,2.6
2026-08-17T01:56:04Z,70517,443.6,1000,1000,4,4511389752,4,200,2.9
2026-08-17T01:56:34Z,70547,444.8,1000,1000,4,4513307832,4,200,2.3
2026-08-17T01:57:04Z,70577,441.4,1000,1000,4,4515162976,4,200,2.5
2026-08-17T01:57:34Z,70607,434.0,1000,1000,4,4517080827,4,200,3.5
2026-08-17T01:58:04Z,70637,447.0,1000,1000,4,4518996383,4,200,2.8
2026-08-17T01:58:35Z,70667,436.2,1000,1000,4,4520912601,4,200,3.4
2026-08-17T01:59:04Z,70697,440.5,1000,1000,4,4522765368,4,200,2.6
2026-08-17T01:59:34Z,70727,444.2,1000,1000,4,4524683448,4,200,2.6
2026-08-17T02:00:04Z,70757,441.0,1000,1000,4,4526602528,4,200,2.4
2026-08-17T02:00:34Z,70787,443.8,1000,1000,4,4528456672,4,200,2.7
2026-08-17T02:01:04Z,70817,447.2,1000,1000,4,4530375473,4,200,2.4
2026-08-17T02:01:34Z,70847,446.7,1000,1000,4,4533422129,4,200,2.6
2026-08-17T02:02:04Z,70877,448.0,1000,1000,4,4535339373,4,200,2.6
2026-08-17T02:02:34Z,70907,440.4,1000,1000,4,4537191930,4,200,2.5
2026-08-17T02:03:04Z,70937,448.1,1000,1000,4,4539111010,4,200,2.3
2026-08-17T02:03:34Z,70967,444.6,1000,1000,4,4541029090,4,200,3.3
2026-08-17T02:04:05Z,70997,447.9,1000,1000,4,4542948170,4,200,2.5
2026-08-17T02:04:34Z,71027,436.7,1000,1000,4,4544802314,4,200,2.4
2026-08-17T02:05:04Z,71057,444.5,1000,1000,4,4546721394,4,200,3.4
2026-08-17T02:05:34Z,71087,441.7,1000,1000,4,4548637125,4,200,3.3
2026-08-17T02:06:04Z,71117,444.8,1000,1000,4,4550487721,4,200,2.4
2026-08-17T02:06:34Z,71147,444.7,1000,1000,4,4552404706,4,200,2.3
2026-08-17T02:07:04Z,71177,444.7,1000,1000,4,4554323786,4,200,3.4
2026-08-17T02:07:34Z,71207,447.3,1000,1000,4,4556241866,4,200,2.6
2026-08-17T02:08:04Z,71237,444.8,1000,1000,4,4558097010,4,200,2.1
2026-08-17T02:08:34Z,71267,441.9,1000,1000,4,4560013526,4,200,2.9
2026-08-17T02:09:04Z,71297,444.5,1000,1000,4,4561927918,4,200,2.5
2026-08-17T02:09:35Z,71327,444.7,1000,1000,4,4563844258,4,200,2.7
2026-08-17T02:10:04Z,71357,446.9,1000,1000,4,4565699402,4,200,2.5
2026-08-17T02:10:34Z,71387,444.4,1000,1000,4,4567617482,4,200,2.8
2026-08-17T02:11:04Z,71417,436.5,1000,1000,4,4569536562,4,200,2.4
2026-08-17T02:11:34Z,71447,444.7,1000,1000,4,4571390706,4,200,2.4
2026-08-17T02:12:04Z,71477,446.1,1000,1000,4,4573309786,4,200,2.5
2026-08-17T02:12:34Z,71507,443.8,1000,1000,4,4575227866,4,200,2.9
2026-08-17T02:13:04Z,71537,441.8,1000,1000,4,4577146946,4,200,2.9
2026-08-17T02:13:34Z,71567,442.8,1000,1000,4,4578998806,4,200,2.9
2026-08-17T02:14:04Z,71597,444.0,1000,1000,4,4580920170,4,200,2.6
2026-08-17T02:14:34Z,71627,440.9,1000,1000,4,4582838250,4,200,2.8
2026-08-17T02:15:04Z,71657,441.7,1000,1000,4,4584693394,4,200,2.4
2026-08-17T02:15:34Z,71687,447.0,1000,1000,4,4586611474,4,200,2.4
2026-08-17T02:16:04Z,71717,443.8,1000,1000,4,4588530554,4,200,2.7
2026-08-17T02:16:35Z,71747,444.7,1000,1000,4,4590448634,4,200,2.5
2026-08-17T02:17:04Z,71777,443.7,1000,1000,4,4592303778,4,200,2.9
2026-08-17T02:17:34Z,71807,439.4,1000,1000,4,4594221858,4,200,2.7
2026-08-17T02:18:04Z,71837,443.1,1000,1000,4,4596140154,4,200,3.8
2026-08-17T02:18:34Z,71867,448.3,1000,1000,4,4597995082,4,200,2.4
2026-08-17T02:19:04Z,71897,444.7,1000,1000,4,4599914162,4,200,2.4
2026-08-17T02:19:34Z,71927,448.1,1000,1000,4,4601832242,4,200,2.4
2026-08-17T02:20:04Z,71957,446.4,1000,1000,4,4603687386,4,200,2.4
2026-08-17T02:20:34Z,71987,447.8,1000,1000,4,4605605466,4,200,3.0
2026-08-17T02:21:04Z,72017,447.9,1000,1000,4,4607522784,4,200,3.5
2026-08-17T02:21:34Z,72047,436.3,1000,1000,4,4609442626,4,200,2.9
2026-08-17T02:22:04Z,72077,447.7,1000,1000,4,4611294039,4,200,2.5
2026-08-17T02:22:34Z,72107,447.9,1000,1000,4,4613207858,4,200,2.7
2026-08-17T02:23:04Z,72137,445.1,1000,1000,4,4615126938,4,200,2.8
2026-08-17T02:23:35Z,72167,435.8,1000,1000,4,4617045018,4,200,3.2
2026-08-17T02:24:04Z,72197,447.3,1000,1000,4,4618900162,4,200,2.5
2026-08-17T02:24:34Z,72227,447.7,1000,1000,4,4620818242,4,200,2.2
2026-08-17T02:25:04Z,72257,444.1,1000,1000,4,4622737322,4,200,3.5
2026-08-17T02:25:34Z,72287,447.9,1000,1000,4,4624588549,4,200,2.9
2026-08-17T02:26:04Z,72317,446.7,1000,1000,4,4626502554,4,200,2.5
2026-08-17T02:26:34Z,72347,448.2,1000,1000,4,4628420634,4,200,3.0
2026-08-17T02:27:05Z,72377,444.4,1000,1000,4,4630339714,4,200,3.5
2026-08-17T02:27:34Z,72407,441.9,1000,1000,4,4632193858,4,200,2.4
2026-08-17T02:28:04Z,72437,444.6,1000,1000,4,4634120234,4,200,2.8
2026-08-17T02:28:34Z,72467,446.2,1000,1000,4,4636031479,4,200,2.4
2026-08-17T02:29:04Z,72497,436.6,1000,1000,4,4637894154,4,200,2.5
2026-08-17T02:29:34Z,72527,436.7,1000,1000,4,4639811852,4,200,2.3
2026-08-17T02:30:04Z,72557,443.4,1000,1000,4,4641727420,4,200,3.4
2026-08-17T02:30:35Z,72587,436.7,1000,1000,4,4643649387,4,200,4.1
2026-08-17T02:31:04Z,72617,448.0,1000,1000,4,4645503849,4,200,4.1
2026-08-17T02:31:34Z,72647,444.7,999,999,5,4647422769,5,200,2.7
2026-08-17T02:32:05Z,72677,435.8,999,999,5,4649347912,5,200,3.4
2026-08-17T02:32:34Z,72707,435.5,999,999,5,4651200200,5,200,2.9
2026-08-17T02:33:04Z,72737,444.9,999,999,5,4653117359,5,200,2.8
2026-08-17T02:33:35Z,72767,445.1,1000,1000,5,4656152257,5,200,2.5
2026-08-17T02:34:04Z,72797,444.5,1000,1000,5,4658007400,5,200,2.3
2026-08-17T02:34:34Z,72827,448.2,1000,1000,5,4659925481,5,200,3.2
2026-08-17T02:35:04Z,72857,442.0,1000,1000,5,4661839959,5,200,2.6
2026-08-17T02:35:34Z,72887,445.6,1000,1000,5,4663698705,5,200,2.4
2026-08-17T02:36:04Z,72917,445.4,1000,1000,5,4665617784,5,200,3.1
2026-08-17T02:36:34Z,72947,441.1,1000,1000,5,4667532171,5,200,2.6
2026-08-17T02:37:04Z,72977,447.8,1000,1000,5,4669391008,5,200,2.9
2026-08-17T02:37:34Z,73007,445.2,1000,1000,5,4671308361,5,200,3.4
2026-08-17T02:38:04Z,73037,442.1,1000,1000,5,4673225426,5,200,2.7
2026-08-17T02:38:34Z,73067,446.2,1000,1000,5,4675139906,5,200,2.8
2026-08-17T02:39:04Z,73097,448.5,1000,1000,5,4676994440,5,200,2.9
2026-08-17T02:39:34Z,73127,445.4,1000,1000,5,4678911481,5,200,2.6
2026-08-17T02:40:04Z,73157,445.2,1000,1000,5,4680830560,5,200,2.6
2026-08-17T02:40:35Z,73187,448.4,1000,1000,5,4682748641,5,200,2.8
2026-08-17T02:41:04Z,73217,448.7,1000,1000,5,4684603784,5,200,2.9
2026-08-17T02:41:34Z,73247,444.4,1000,1000,5,4686521865,5,200,2.7
2026-08-17T02:42:04Z,73277,445.2,1000,1000,5,4688440944,5,200,2.5
2026-08-17T02:42:34Z,73307,445.1,1000,1000,5,4690294349,5,200,3.0
2026-08-17T02:43:04Z,73337,445.3,1000,1000,5,4692214168,5,200,2.5
2026-08-17T02:43:34Z,73367,448.5,1000,1000,5,4694132249,5,200,3.3
2026-08-17T02:44:05Z,73397,442.6,1000,1000,5,4696051328,5,200,2.5
2026-08-17T02:44:34Z,73427,445.0,1000,1000,5,4697905473,5,200,2.2
2026-08-17T02:45:04Z,73457,445.2,1000,1000,5,4699824552,5,200,3.4
2026-08-17T02:45:34Z,73487,445.4,1000,1000,5,4701741921,5,200,4.0
2026-08-17T02:46:04Z,73517,445.2,1000,1000,5,4703597776,5,200,2.5
2026-08-17T02:46:34Z,73547,447.2,1000,1000,5,4705515178,5,200,3.3
2026-08-17T02:47:04Z,73577,448.4,1000,1000,5,4707426944,5,200,2.8
2026-08-17T02:47:34Z,73607,441.0,1000,1000,5,4709345025,5,200,2.9
2026-08-17T02:48:04Z,73637,441.3,1000,1000,5,4711200168,5,200,2.9
2026-08-17T02:48:34Z,73667,441.8,1000,1000,5,4713118249,5,200,2.4
2026-08-17T02:49:04Z,73697,445.3,1000,1000,5,4715037328,5,200,2.5
2026-08-17T02:49:34Z,73727,448.5,1000,1000,5,4716891473,5,200,2.4
2026-08-17T02:50:04Z,73757,448.5,1000,1000,5,4718810552,5,200,2.3
2026-08-17T02:50:34Z,73787,447.3,1000,1000,5,4720728633,5,200,3.7
2026-08-17T02:51:04Z,73817,441.3,1000,1000,5,4722644476,5,200,3.4
2026-08-17T02:51:34Z,73847,448.3,1000,1000,5,4724495769,5,200,2.8
2026-08-17T02:52:04Z,73877,448.4,1000,1000,5,4726412944,5,200,2.4
2026-08-17T02:52:34Z,73907,444.4,1000,1000,5,4728331025,5,200,2.4
2026-08-17T02:53:05Z,73937,445.1,1000,1000,5,4730250104,5,200,2.9
2026-08-17T02:53:34Z,73967,444.5,1000,1000,5,4732104249,5,200,2.6
2026-08-17T02:54:04Z,73997,448.3,1000,1000,5,4734023328,5,200,3.3
2026-08-17T02:54:34Z,74027,447.3,1000,1000,5,4735941409,5,200,2.7
2026-08-17T02:55:04Z,74057,448.5,1000,1000,5,4737796552,5,200,2.4
2026-08-17T02:55:34Z,74087,445.3,1000,1000,5,4739714633,5,200,2.2
2026-08-17T02:56:04Z,74117,448.4,1000,1000,5,4741633712,5,200,2.4
2026-08-17T02:56:34Z,74147,442.3,1000,1000,5,4743549174,5,200,2.9
2026-08-17T02:57:04Z,74177,445.1,1000,1000,5,4745398944,5,200,2.3
2026-08-17T02:57:34Z,74207,448.6,1000,1000,5,4747317025,5,200,2.6
2026-08-17T02:58:04Z,74237,447.7,1000,1000,5,4749236104,5,200,2.6
2026-08-17T02:58:35Z,74267,445.5,1000,1000,5,4751154185,5,200,2.3
2026-08-17T02:59:04Z,74297,448.3,1000,1000,5,4753007065,5,200,2.9
2026-08-17T02:59:34Z,74327,448.5,1000,1000,5,4754922066,5,200,3.5
2026-08-17T03:00:04Z,74357,445.2,1000,1000,5,4756838496,5,200,2.3
2026-08-17T03:00:34Z,74387,447.1,1000,1000,5,4758692641,5,200,2.7
2026-08-17T03:01:04Z,74417,440.1,1000,1000,5,4760611720,5,200,2.3
2026-08-17T03:01:34Z,74447,448.5,1000,1000,5,4762529801,5,200,2.6
2026-08-17T03:02:05Z,74477,441.8,1000,1000,5,4764448880,5,200,3.0
2026-08-17T03:02:34Z,74507,441.0,1000,1000,5,4766303025,5,200,3.1
2026-08-17T03:03:04Z,74537,445.2,1000,1000,5,4768222685,5,200,2.4
2026-08-17T03:03:34Z,74567,448.7,1000,1000,5,4771269123,5,200,3.3
2026-08-17T03:04:04Z,74597,441.3,1000,1000,5,4773127537,5,200,3.7
2026-08-17T03:04:34Z,74627,449.7,1000,1000,5,4775043286,5,200,2.9
2026-08-17T03:05:04Z,74657,441.2,1000,1000,5,4776966353,5,200,2.3
2026-08-17T03:05:35Z,74687,441.2,1000,1000,5,4778883882,5,200,3.2
2026-08-17T03:06:04Z,74717,446.2,1000,1000,5,4780737603,5,200,4.3
2026-08-17T03:06:34Z,74747,440.7,1000,1000,5,4782650665,5,200,2.4
2026-08-17T03:07:04Z,74777,447.5,1000,1000,5,4784569744,5,200,2.4
2026-08-17T03:07:34Z,74807,449.2,1000,1000,5,4786423889,5,200,2.4
2026-08-17T03:08:04Z,74837,441.5,1000,1000,5,4788342968,5,200,2.3
2026-08-17T03:08:34Z,74867,448.8,1000,1000,5,4790261049,5,200,2.6
2026-08-17T03:09:05Z,74897,449.4,1000,1000,5,4792180128,5,200,2.3
2026-08-17T03:09:34Z,74927,446.7,1000,1000,5,4794034273,5,200,2.5
2026-08-17T03:10:04Z,74957,445.9,1000,1000,5,4795955939,5,200,2.9
2026-08-17T03:10:34Z,74987,446.6,1000,1000,5,4797879425,5,200,2.4
2026-08-17T03:11:04Z,75017,446.6,1000,1000,5,4799734568,5,200,2.3
2026-08-17T03:11:34Z,75047,440.9,1000,1000,5,4801652649,5,200,2.6
2026-08-17T03:12:04Z,75077,448.3,1000,1000,5,4803571728,5,200,2.5
2026-08-17T03:12:34Z,75107,446.8,1000,1000,5,4805425873,5,200,3.0
2026-08-17T03:13:04Z,75137,449.6,1000,1000,5,4807344952,5,200,2.4
2026-08-17T03:13:34Z,75167,449.3,1000,1000,5,4809261099,5,200,3.4
2026-08-17T03:14:04Z,75197,448.0,1000,1000,5,4811180563,5,200,2.6
2026-08-17T03:14:34Z,75227,449.1,1000,1000,5,4813036257,5,200,2.4
2026-08-17T03:15:04Z,75257,449.3,1000,1000,5,4814955336,5,200,2.1
2026-08-17T03:15:34Z,75287,449.3,1000,1000,5,4816873417,5,200,2.8
2026-08-17T03:16:04Z,75317,449.4,1000,1000,5,4818728560,5,200,2.1
2026-08-17T03:16:34Z,75347,446.4,1000,1000,5,4820644804,5,200,2.8
2026-08-17T03:17:04Z,75377,447.8,1000,1000,5,4822563155,5,200,2.6
2026-08-17T03:17:34Z,75407,449.3,1000,1000,5,4824475809,5,200,2.5
2026-08-17T03:18:04Z,75437,446.8,1000,1000,5,4826334762,5,200,2.6
2026-08-17T03:18:34Z,75467,446.1,1000,1000,5,4828249033,5,200,2.3
2026-08-17T03:19:04Z,75497,449.4,1000,1000,5,4830175468,5,200,3.9
2026-08-17T03:19:34Z,75527,445.9,1000,1000,5,4832030249,5,200,2.4
2026-08-17T03:20:04Z,75557,446.0,1000,1000,5,4833948428,5,200,3.3
2026-08-17T03:20:34Z,75587,446.8,1000,1000,5,4835859417,5,200,2.5
2026-08-17T03:21:04Z,75617,449.2,1000,1000,5,4837778496,5,200,2.4
2026-08-17T03:21:34Z,75647,446.1,1000,1000,5,4839633943,5,200,2.7
2026-08-17T03:22:04Z,75677,448.7,1000,1000,5,4841557856,5,200,2.6
2026-08-17T03:22:34Z,75707,448.6,1000,1000,5,4843477793,5,200,2.4
2026-08-17T03:23:04Z,75737,441.3,1000,1000,5,4845332936,5,200,2.9
2026-08-17T03:23:34Z,75767,445.0,1000,1000,5,4847251017,5,200,2.5
2026-08-17T03:24:04Z,75797,447.7,1000,1000,5,4849170096,5,200,2.0
2026-08-17T03:24:35Z,75827,446.2,1000,1000,5,4851088177,5,200,2.6
2026-08-17T03:25:04Z,75857,446.6,1000,1000,5,4852943320,5,200,2.6
2026-08-17T03:25:34Z,75887,445.7,1000,1000,5,4854859829,5,200,2.5
2026-08-17T03:26:04Z,75917,449.4,1000,1000,5,4856774273,5,200,3.3
2026-08-17T03:26:34Z,75947,449.6,1000,1000,5,4858634625,5,200,2.5
2026-08-17T03:27:04Z,75977,449.3,1000,1000,5,4860553704,5,200,4.6
2026-08-17T03:27:34Z,76007,441.2,1000,1000,5,4862468875,5,200,2.9
2026-08-17T03:28:05Z,76037,448.8,1000,1000,5,4864387017,5,200,3.3
2026-08-17T03:28:34Z,76067,444.1,1000,1000,5,4866245009,5,200,3.4
2026-08-17T03:29:04Z,76097,449.5,1000,1000,5,4868164088,5,200,2.8
2026-08-17T03:29:34Z,76127,449.2,1000,1000,5,4870079254,5,200,2.6
2026-08-17T03:30:04Z,76157,448.6,1000,1000,5,4871931984,5,200,2.2
2026-08-17T03:30:34Z,76187,449.5,1000,1000,5,4873847401,5,200,2.4
2026-08-17T03:31:04Z,76217,446.0,1000,1000,5,4875766480,5,200,2.6
2026-08-17T03:31:35Z,76247,439.2,1000,1000,5,4877685547,5,200,2.7
2026-08-17T03:32:04Z,76277,446.8,1000,1000,5,4879547696,5,200,3.2
2026-08-17T03:32:34Z,76307,447.9,1000,1000,5,4881461485,5,200,3.3
2026-08-17T03:33:04Z,76337,449.0,1000,1000,5,4883376864,5,200,2.8
2026-08-17T03:33:34Z,76367,459.8,1000,1000,5,4886364874,5,200,2.8
2026-08-17T03:34:04Z,76397,443.1,1000,1000,5,4888283953,5,200,2.4
2026-08-17T03:34:34Z,76427,444.1,1000,1000,5,4890203033,5,200,3.9
2026-08-17T03:35:04Z,76457,444.3,1000,1000,5,4892122112,5,200,4.0
2026-08-17T03:35:34Z,76487,444.3,1000,1000,5,4893973932,5,200,4.3
2026-08-17T03:36:04Z,76517,443.5,1000,1000,5,4895888391,5,200,2.7
2026-08-17T03:36:34Z,76547,447.8,1000,1000,5,4897805425,5,200,2.7
2026-08-17T03:37:05Z,76577,447.4,1000,1000,5,4899724504,5,200,2.4
2026-08-17T03:37:34Z,76607,442.8,1000,1000,5,4901578649,5,200,2.5
2026-08-17T03:38:04Z,76637,447.0,1000,1000,5,4903497728,5,200,2.6
2026-08-17T03:38:34Z,76667,439.4,1000,1000,5,4905415809,5,200,2.5
2026-08-17T03:39:04Z,76697,443.3,1000,1000,5,4907269148,5,200,4.3
2026-08-17T03:39:34Z,76727,444.0,1000,1000,5,4909181996,5,200,2.7
2026-08-17T03:40:04Z,76757,444.2,1000,1000,5,4911108112,5,200,3.7
2026-08-17T03:40:35Z,76787,439.4,1000,1000,5,4913024342,5,200,4.8
2026-08-17T03:41:04Z,76817,443.8,1000,1000,5,4914881336,5,200,2.6
2026-08-17T03:41:34Z,76847,444.1,1000,1000,5,4916798562,5,200,2.4
2026-08-17T03:42:04Z,76877,447.5,1000,1000,5,4918713361,5,200,2.9
2026-08-17T03:42:34Z,76907,447.5,1000,1000,5,4920564951,5,200,2.9
2026-08-17T03:43:04Z,76937,444.7,1000,1000,5,4922483728,5,200,2.8
2026-08-17T03:43:34Z,76967,446.5,1000,1000,5,4924401809,5,200,3.1
2026-08-17T03:44:05Z,76997,444.1,1000,1000,5,4926320888,5,200,2.8
2026-08-17T03:44:34Z,77027,445.3,1000,1000,5,4928176201,5,200,2.7
2026-08-17T03:45:04Z,77057,444.1,1000,1000,5,4930094112,5,200,2.6
2026-08-17T03:45:34Z,77087,447.5,1000,1000,5,4932012193,5,200,2.3
2026-08-17T03:46:04Z,77117,447.6,1000,1000,5,4933867336,5,200,2.7
2026-08-17T03:46:34Z,77147,444.2,1000,1000,5,4935785415,5,200,4.4
2026-08-17T03:47:04Z,77177,447.6,1000,1000,5,4937696639,5,200,2.6
2026-08-17T03:47:34Z,77207,444.2,1000,1000,5,4939614585,5,200,2.5
2026-08-17T03:48:04Z,77237,441.3,1000,1000,5,4941470194,5,200,2.5
2026-08-17T03:48:34Z,77267,444.3,1000,1000,5,4943387809,5,200,2.3
2026-08-17T03:49:04Z,77297,443.0,1000,1000,5,4945306888,5,200,3.2
2026-08-17T03:49:35Z,77327,443.3,1000,1000,5,4947224969,5,200,2.6
2026-08-17T03:50:04Z,77357,444.4,1000,1000,5,4949080112,5,200,2.4
2026-08-17T03:50:34Z,77387,443.0,1000,1000,5,4950998193,5,200,3.7
2026-08-17T03:51:04Z,77417,447.8,1000,1000,5,4952917272,5,200,2.8
2026-08-17T03:51:34Z,77447,444.9,1000,1000,5,4954768362,5,200,3.3
2026-08-17T03:52:04Z,77477,447.4,1000,1000,5,4956690496,5,200,2.4
2026-08-17T03:52:34Z,77507,444.3,1000,1000,5,4958608577,5,200,2.6
2026-08-17T03:53:05Z,77537,443.6,1000,1000,5,4960527390,5,200,3.4
2026-08-17T03:53:34Z,77567,444.0,1000,1000,5,4962381801,5,200,2.7
2026-08-17T03:54:04Z,77597,444.4,1000,1000,5,4964300452,5,200,2.4
2026-08-17T03:54:34Z,77627,439.8,1000,1000,5,4966212385,5,200,2.5
2026-08-17T03:55:04Z,77657,447.5,1000,1000,5,4968066112,5,200,3.0
2026-08-17T03:55:34Z,77687,444.7,1000,1000,5,4969984193,5,200,2.6
2026-08-17T03:56:04Z,77717,446.7,1000,1000,5,4971903272,5,200,2.7
2026-08-17T03:56:35Z,77747,444.4,1000,1000,5,4973821353,5,200,2.7
2026-08-17T03:57:04Z,77777,447.6,1000,1000,5,4975676496,5,200,2.7
2026-08-17T03:57:34Z,77807,447.7,1000,1000,5,4977594577,5,200,2.4
2026-08-17T03:58:04Z,77837,447.7,1000,1000,5,4979513656,5,200,2.5
2026-08-17T03:58:34Z,77867,444.4,1000,1000,5,4981367801,5,200,2.8
2026-08-17T03:59:04Z,77897,447.4,1000,1000,5,4983286880,5,200,2.6
2026-08-17T03:59:34Z,77927,446.9,1000,1000,5,4985204961,5,200,2.6
2026-08-17T04:00:05Z,77957,443.4,1000,1000,5,4987122965,5,200,2.7
2026-08-17T04:00:34Z,77987,444.2,1000,1000,5,4988978185,5,200,2.6
2026-08-17T04:01:04Z,78017,446.7,1000,1000,5,4990897264,5,200,3.4
2026-08-17T04:01:34Z,78047,445.2,1000,1000,5,4992815345,5,200,2.7
2026-08-17T04:02:05Z,78077,447.4,1000,1000,5,4994734424,5,200,2.5
2026-08-17T04:02:34Z,78107,447.7,1000,1000,5,4996588569,5,200,2.5
2026-08-17T04:03:04Z,78137,443.9,1000,1000,5,4998507648,5,200,2.1
2026-08-17T04:03:34Z,78167,461.0,1000,1000,5,5001547150,5,200,2.8
2026-08-17T04:04:04Z,78197,447.5,1000,1000,5,5003404747,5,200,3.0
2026-08-17T04:04:34Z,78227,447.6,1000,1000,5,5005322828,5,200,3.1
2026-08-17T04:05:04Z,78257,444.2,1000,1000,5,5007241907,5,200,2.9
2026-08-17T04:05:35Z,78287,447.7,1000,1000,5,5009160987,5,200,2.4
2026-08-17T04:06:04Z,78317,439.2,1000,1000,5,5011016130,5,200,3.7
2026-08-17T04:06:34Z,78347,447.5,1000,1000,5,5012934211,5,200,2.4
2026-08-17T04:07:04Z,78377,437.7,1000,1000,5,5014850020,5,200,2.9
2026-08-17T04:07:34Z,78407,447.1,1000,1000,5,5016707435,5,200,2.5
2026-08-17T04:08:04Z,78437,439.4,1000,1000,5,5018626514,5,200,3.1
2026-08-17T04:08:34Z,78467,447.2,1000,1000,5,5020544595,5,200,3.0
2026-08-17T04:09:04Z,78497,447.3,1000,1000,5,5022399738,5,200,2.2
2026-08-17T04:09:34Z,78527,446.5,1000,1000,5,5024317819,5,200,2.4
2026-08-17T04:10:04Z,78557,447.2,1000,1000,5,5026236898,5,200,2.4
2026-08-17T04:10:34Z,78587,446.0,1000,1000,5,5028154979,5,200,2.4
2026-08-17T04:11:04Z,78617,444.3,1000,1000,5,5030010122,5,200,2.5
2026-08-17T04:11:34Z,78647,447.2,1000,1000,5,5031928203,5,200,2.8
2026-08-17T04:12:04Z,78677,447.6,1000,1000,5,5033847282,5,200,2.5
2026-08-17T04:12:34Z,78707,439.1,1000,1000,5,5035701427,5,200,2.9
2026-08-17T04:13:04Z,78737,444.5,1000,1000,5,5037620506,5,200,2.4
2026-08-17T04:13:34Z,78767,446.3,1000,1000,5,5039544111,5,200,3.5
2026-08-17T04:14:05Z,78797,444.9,1000,1000,5,5041457666,5,200,2.4
2026-08-17T04:14:34Z,78827,439.1,1000,1000,5,5043318516,5,200,3.4
2026-08-17T04:15:04Z,78857,446.6,1000,1000,5,5045233460,5,200,3.7
2026-08-17T04:15:34Z,78887,446.9,1000,1000,5,5047156963,5,200,3.4
2026-08-17T04:16:04Z,78917,447.4,1000,1000,5,5049010814,5,200,3.0
2026-08-17T04:16:34Z,78947,447.3,1000,1000,5,5050930187,5,200,4.1
2026-08-17T04:17:04Z,78977,438.9,1000,1000,5,5052849266,5,200,2.4
2026-08-17T04:17:35Z,79007,447.2,1000,1000,5,5054762197,5,200,4.4
2026-08-17T04:18:04Z,79037,443.7,1000,1000,5,5056616412,5,200,2.6
2026-08-17T04:18:34Z,79067,447.2,1000,1000,5,5058539438,5,200,2.5
2026-08-17T04:19:05Z,79097,444.0,1000,1000,5,5060459650,5,200,2.5
2026-08-17T04:19:34Z,79127,439.1,1000,1000,5,5062313795,5,200,2.5
2026-08-17T04:20:04Z,79157,444.1,1000,1000,5,5064232874,5,200,2.5
2026-08-17T04:20:34Z,79187,443.8,1000,1000,5,5066149253,5,200,2.7
2026-08-17T04:21:04Z,79217,442.1,1000,1000,5,5068003440,5,200,2.7
2026-08-17T04:21:34Z,79247,439.5,1000,1000,5,5069919444,5,200,3.5
2026-08-17T04:22:04Z,79277,447.3,1000,1000,5,5071843258,5,200,2.1
2026-08-17T04:22:34Z,79307,447.3,1000,1000,5,5073761339,5,200,3.0
2026-08-17T04:23:04Z,79337,444.0,1000,1000,5,5075616482,5,200,2.8
2026-08-17T04:23:34Z,79367,446.0,1000,1000,5,5077534447,5,200,4.0
2026-08-17T04:24:04Z,79397,438.9,1000,1000,5,5079449274,5,200,3.1
2026-08-17T04:24:34Z,79427,447.4,1000,1000,5,5081307787,5,200,2.4
2026-08-17T04:25:04Z,79457,444.4,1000,1000,5,5083224593,5,200,2.8
2026-08-17T04:25:34Z,79487,439.1,1000,1000,5,5085137090,5,200,2.4
2026-08-17T04:26:04Z,79517,439.4,1000,1000,5,5087056034,5,200,2.5
2026-08-17T04:26:34Z,79547,447.3,1000,1000,5,5088910179,5,200,2.5
2026-08-17T04:27:04Z,79577,439.0,1000,1000,5,5090829258,5,200,2.6
2026-08-17T04:27:34Z,79607,445.2,1000,1000,5,5092747339,5,200,2.9
2026-08-17T04:28:05Z,79638,445.8,1000,1000,5,5094666418,5,200,2.3
2026-08-17T04:28:35Z,79668,445.9,1000,1000,5,5096584499,5,200,2.9
2026-08-17T04:29:05Z,79698,447.3,1000,1000,5,5098503578,5,200,2.3
2026-08-17T04:29:35Z,79728,446.4,1000,1000,5,5100421659,5,200,2.8
2026-08-17T04:30:05Z,79758,444.2,1000,1000,5,5102276802,5,200,2.8
2026-08-17T04:30:35Z,79788,445.8,1000,1000,5,5104194883,5,200,3.3
2026-08-17T04:31:05Z,79818,447.2,1000,1000,5,5106113962,5,200,2.3
2026-08-17T04:31:35Z,79848,446.3,1000,1000,5,5107968107,5,200,3.0
2026-08-17T04:32:05Z,79878,439.3,1000,1000,5,5109887186,5,200,2.7
2026-08-17T04:32:35Z,79908,439.4,1000,1000,5,5111805267,5,200,2.4
2026-08-17T04:33:06Z,79938,438.9,1000,1000,5,5113724346,5,200,2.6
2026-08-17T04:33:35Z,79968,466.4,1000,1000,5,5116731337,5,200,2.9
2026-08-17T04:34:05Z,79998,448.9,1000,1000,5,5118620446,5,200,2.6
2026-08-17T04:34:35Z,80028,448.1,1000,1000,5,5120535926,5,200,2.3
2026-08-17T04:35:05Z,80058,448.8,1000,1000,5,5122393670,5,200,2.5
2026-08-17T04:35:35Z,80088,440.3,1000,1000,5,5124311751,5,200,3.1
2026-08-17T04:36:05Z,80118,448.9,1000,1000,5,5126227692,5,200,2.9
2026-08-17T04:36:36Z,80148,448.2,1000,1000,5,5128143648,5,200,3.5
2026-08-17T04:37:05Z,80178,448.8,1000,1000,5,5130003721,5,200,2.3
2026-08-17T04:37:35Z,80208,449.2,1000,1000,5,5131915170,5,200,3.0
2026-08-17T04:38:05Z,80238,445.6,1000,1000,5,5133833222,5,200,2.5
2026-08-17T04:38:35Z,80268,449.1,1000,1000,5,5135688239,5,200,2.3
2026-08-17T04:39:05Z,80298,445.3,1000,1000,5,5137606446,5,200,2.8
2026-08-17T04:39:35Z,80328,445.7,1000,1000,5,5139524527,5,200,2.8
2026-08-17T04:40:06Z,80358,448.9,1000,1000,5,5141443606,5,200,3.0
2026-08-17T04:40:35Z,80388,448.2,1000,1000,5,5143297751,5,200,2.7
2026-08-17T04:41:05Z,80418,445.9,1000,1000,5,5145214361,5,200,2.7
2026-08-17T04:41:35Z,80448,448.7,1000,1000,5,5147127272,5,200,2.4
2026-08-17T04:42:05Z,80478,445.6,1000,1000,5,5148982366,5,200,2.4
2026-08-17T04:42:35Z,80508,445.9,1000,1000,5,5150905199,5,200,2.5
2026-08-17T04:43:05Z,80538,445.9,1000,1000,5,5152822900,5,200,2.8
2026-08-17T04:43:35Z,80568,445.3,1000,1000,5,5154737303,5,200,2.8
2026-08-17T04:44:05Z,80598,449.0,1000,1000,5,5156592446,5,200,2.4
2026-08-17T04:44:35Z,80628,448.9,1000,1000,5,5158510527,5,200,2.9
2026-08-17T04:45:05Z,80658,448.6,1000,1000,5,5160429606,5,200,2.4
2026-08-17T04:45:36Z,80689,444.9,1000,1000,5,5162346683,5,200,2.8
2026-08-17T04:46:06Z,80719,441.0,1000,1000,5,5164266766,5,200,3.0
2026-08-17T04:46:36Z,80749,444.2,1000,1000,5,5166179812,5,200,2.6
2026-08-17T04:47:06Z,80779,449.4,1000,1000,5,5168095934,5,200,2.7
2026-08-17T04:47:36Z,80809,448.7,1000,1000,5,5169955308,5,200,3.1
2026-08-17T04:48:06Z,80839,448.8,1000,1000,5,5171869158,5,200,2.8
2026-08-17T04:48:36Z,80869,445.7,1000,1000,5,5173791971,5,200,2.7
2026-08-17T04:49:06Z,80899,449.0,1000,1000,5,5175642955,5,200,2.6
2026-08-17T04:49:36Z,80929,440.7,1000,1000,5,5177560463,5,200,2.3
2026-08-17T04:50:06Z,80959,448.7,1000,1000,5,5179479542,5,200,2.4
2026-08-17T04:50:36Z,80989,448.9,1000,1000,5,5181397623,5,200,2.3
2026-08-17T04:51:06Z,81019,446.6,1000,1000,5,5183252766,5,200,3.0
2026-08-17T04:51:36Z,81049,448.0,1000,1000,5,5185170847,5,200,2.5
2026-08-17T04:52:06Z,81079,449.2,1000,1000,5,5187089926,5,200,2.3
2026-08-17T04:52:36Z,81109,449.1,1000,1000,5,5188944071,5,200,2.3
2026-08-17T04:53:06Z,81139,447.3,1000,1000,5,5190863150,5,200,2.4
2026-08-17T04:53:36Z,81169,449.0,1000,1000,5,5192781231,5,200,2.2
2026-08-17T04:54:06Z,81199,449.0,1000,1000,5,5194700310,5,200,2.9
2026-08-17T04:54:36Z,81229,444.6,1000,1000,5,5196553672,5,200,3.1
2026-08-17T04:55:06Z,81259,444.7,1000,1000,5,5198473534,5,200,2.4
2026-08-17T04:55:36Z,81289,444.9,1000,1000,5,5200391615,5,200,2.5
2026-08-17T04:56:07Z,81319,445.2,1000,1000,5,5202310694,5,200,2.5
2026-08-17T04:56:36Z,81349,448.8,1000,1000,5,5204164839,5,200,2.6
2026-08-17T04:57:06Z,81379,445.7,1000,1000,5,5206081447,5,200,2.5
2026-08-17T04:57:36Z,81409,448.4,1000,1000,5,5207994007,5,200,2.5
2026-08-17T04:58:06Z,81439,448.6,1000,1000,5,5209850744,5,200,2.7
2026-08-17T04:58:36Z,81469,445.6,1000,1000,5,5211767231,5,200,2.5
2026-08-17T04:59:06Z,81499,444.9,1000,1000,5,5213688428,5,200,3.5
2026-08-17T04:59:37Z,81529,448.2,1000,1000,5,5215604391,5,200,2.3
2026-08-17T05:00:06Z,81559,447.9,1000,1000,5,5217459534,5,200,2.3
2026-08-17T05:00:36Z,81589,448.2,1000,1000,5,5219378850,5,200,2.5
2026-08-17T05:01:06Z,81619,449.1,1000,1000,5,5221296694,5,200,2.5
2026-08-17T05:01:36Z,81649,448.0,1000,1000,5,5223150839,5,200,3.0
2026-08-17T05:02:06Z,81679,448.1,1000,1000,5,5225069918,5,200,3.1
2026-08-17T05:02:36Z,81709,445.8,1000,1000,5,5226987999,5,200,2.6
2026-08-17T05:03:06Z,81739,445.7,1000,1000,5,5228907078,5,200,2.0
2026-08-17T05:03:36Z,81769,446.0,1000,1000,5,5230758926,5,200,2.3
2026-08-17T05:04:06Z,81799,443.8,1000,1000,5,5233790191,5,200,2.5
2026-08-17T05:04:36Z,81829,439.2,1000,1000,5,5235708272,5,200,3.0
2026-08-17T05:05:06Z,81859,447.4,1000,1000,5,5237563415,5,200,2.7
2026-08-17T05:05:36Z,81889,443.9,1000,1000,5,5239476746,5,200,3.3
2026-08-17T05:06:06Z,81919,447.5,1000,1000,5,5241392583,5,200,2.6
2026-08-17T05:06:36Z,81949,445.6,1000,1000,5,5243314807,5,200,2.4
2026-08-17T05:07:06Z,81979,446.6,1000,1000,5,5245166742,5,200,2.5
2026-08-17T05:07:36Z,82009,443.9,1000,1000,5,5247083888,5,200,2.7
2026-08-17T05:08:06Z,82039,439.3,1000,1000,5,5249002967,5,200,2.6
2026-08-17T05:08:37Z,82069,447.7,1000,1000,5,5250921048,5,200,2.8
2026-08-17T05:09:06Z,82099,445.5,1000,1000,5,5252776191,5,200,2.4
2026-08-17T05:09:36Z,82129,443.4,1000,1000,5,5254690557,5,200,4.4
2026-08-17T05:10:06Z,82159,443.1,1000,1000,5,5256605359,5,200,3.0
2026-08-17T05:10:36Z,82189,439.5,1000,1000,5,5258465326,5,200,3.1
2026-08-17T05:11:06Z,82219,444.0,1000,1000,5,5260381970,5,200,3.1
2026-08-17T05:11:36Z,82249,447.5,1000,1000,5,5262296861,5,200,2.4
2026-08-17T05:12:07Z,82279,447.3,1000,1000,5,5264215743,5,200,2.7
2026-08-17T05:12:36Z,82309,438.9,1000,1000,5,5266074152,5,200,3.6
2026-08-17T05:13:06Z,82339,447.5,1000,1000,5,5267996959,5,200,3.2
2026-08-17T05:13:36Z,82369,447.4,1000,1000,5,5269911169,5,200,2.7
2026-08-17T05:14:06Z,82399,447.6,1000,1000,5,5271766139,5,200,3.7
2026-08-17T05:14:36Z,82429,447.5,1000,1000,5,5273680710,5,200,3.1
2026-08-17T05:15:06Z,82459,438.9,1000,1000,5,5275599351,5,200,2.5
2026-08-17T05:15:37Z,82489,445.5,1000,1000,5,5277517432,5,200,2.5
2026-08-17T05:16:06Z,82519,443.3,1000,1000,5,5279372575,5,200,2.4
2026-08-17T05:16:36Z,82549,443.7,1000,1000,5,5281290656,5,200,2.4
2026-08-17T05:17:06Z,82579,447.5,1000,1000,5,5283209735,5,200,2.4
2026-08-17T05:17:36Z,82609,445.3,1000,1000,5,5285063880,5,200,2.5
2026-08-17T05:18:06Z,82639,443.2,1000,1000,5,5286982959,5,200,2.5
2026-08-17T05:18:36Z,82669,444.2,1000,1000,5,5288900913,5,200,3.0
2026-08-17T05:19:06Z,82699,444.2,1000,1000,5,5290818450,5,200,3.7
2026-08-17T05:19:36Z,82729,447.5,1000,1000,5,5292669768,5,200,2.2
2026-08-17T05:20:06Z,82759,443.4,1000,1000,5,5294590887,5,200,3.5
2026-08-17T05:20:36Z,82789,439.7,1000,1000,5,5296511424,5,200,2.4
2026-08-17T05:21:07Z,82819,447.2,1000,1000,5,5298430503,5,200,3.0
2026-08-17T05:21:36Z,82849,447.5,1000,1000,5,5300278472,5,200,2.7
2026-08-17T05:22:06Z,82879,446.6,1000,1000,5,5302195735,5,200,2.4
2026-08-17T05:22:36Z,82909,447.5,1000,1000,5,5304113816,5,200,2.3
2026-08-17T05:23:06Z,82939,446.7,1000,1000,5,5305968959,5,200,2.4
2026-08-17T05:23:36Z,82969,439.3,1000,1000,5,5307887040,5,200,2.4
2026-08-17T05:24:06Z,82999,447.5,1000,1000,5,5309806119,5,200,2.5
2026-08-17T05:24:36Z,83029,447.8,1000,1000,5,5311719833,5,200,10.0
2026-08-17T05:25:06Z,83059,444.0,1000,1000,5,5313571845,5,200,3.0
2026-08-17T05:25:36Z,83089,444.2,1000,1000,5,5315491485,5,200,2.6
2026-08-17T05:26:06Z,83119,443.4,1000,1000,5,5317408847,5,200,2.7
2026-08-17T05:26:36Z,83149,447.6,1000,1000,5,5319262656,5,200,2.8
2026-08-17T05:27:06Z,83179,443.9,1000,1000,5,5321181735,5,200,2.3
2026-08-17T05:27:36Z,83209,439.5,1000,1000,5,5323099816,5,200,2.8
2026-08-17T05:28:06Z,83239,444.3,1000,1000,5,5325018895,5,200,2.6
2026-08-17T05:28:36Z,83269,444.3,1000,1000,5,5326873040,5,200,2.5
2026-08-17T05:29:06Z,83299,444.1,1000,1000,5,5328792119,5,200,3.0
2026-08-17T05:29:36Z,83329,439.0,1000,1000,5,5330710200,5,200,3.1
2026-08-17T05:30:07Z,83359,444.2,1000,1000,5,5332625330,5,200,4.1
2026-08-17T05:30:36Z,83389,444.5,1000,1000,5,5334483424,5,200,2.2
2026-08-17T05:31:06Z,83419,447.5,1000,1000,5,5336402457,5,200,2.6
2026-08-17T05:31:36Z,83449,447.6,1000,1000,5,5338314023,5,200,2.7
2026-08-17T05:32:06Z,83479,447.6,1000,1000,5,5340169423,5,200,2.3
2026-08-17T05:32:36Z,83509,444.2,1000,1000,5,5342085816,5,200,2.2
2026-08-17T05:33:06Z,83539,445.4,1000,1000,5,5344004895,5,200,2.6
2026-08-17T05:33:37Z,83569,439.0,1000,1000,5,5345922976,5,200,2.7
2026-08-17T05:34:06Z,83599,446.5,1000,1000,5,5348910985,5,200,2.3
2026-08-17T05:34:36Z,83629,446.1,1000,1000,5,5350829066,5,200,2.4
2026-08-17T05:35:06Z,83659,446.1,1000,1000,5,5352747023,5,200,2.9
2026-08-17T05:35:36Z,83689,446.1,1000,1000,5,5354594298,5,200,2.4
2026-08-17T05:36:06Z,83719,446.1,1000,1000,5,5356520440,5,200,2.8
2026-08-17T05:36:36Z,83749,446.3,1000,1000,5,5358433814,5,200,3.1
2026-08-17T05:37:07Z,83779,442.8,1000,1000,5,5360350908,5,200,3.0
2026-08-17T05:37:36Z,83809,443.0,1000,1000,5,5362204682,5,200,2.3
2026-08-17T05:38:06Z,83839,435.4,1000,1000,5,5364129709,5,200,5.1
2026-08-17T05:38:36Z,83869,446.1,1000,1000,5,5366044604,5,200,2.7
2026-08-17T05:39:06Z,83899,446.3,1000,1000,5,5367904977,5,200,2.8
2026-08-17T05:39:36Z,83929,446.2,1000,1000,5,5369819784,5,200,3.1
2026-08-17T05:40:06Z,83959,445.5,1000,1000,5,5371737898,5,200,3.7
2026-08-17T05:40:37Z,83989,446.2,1000,1000,5,5373653882,5,200,3.1
2026-08-17T05:41:06Z,84019,445.8,1000,1000,5,5375507369,5,200,2.4
2026-08-17T05:41:36Z,84049,446.3,1000,1000,5,5377431071,5,200,2.7
2026-08-17T05:42:06Z,84079,444.3,1000,1000,5,5379348271,5,200,2.7
2026-08-17T05:42:36Z,84109,437.6,1000,1000,5,5381198674,5,200,2.7
2026-08-17T05:43:06Z,84139,445.5,1000,1000,5,5383122360,5,200,4.1
2026-08-17T05:43:36Z,84169,446.3,1000,1000,5,5385039591,5,200,2.9
2026-08-17T05:44:07Z,84199,446.3,1000,1000,5,5386954913,5,200,2.5
2026-08-17T05:44:36Z,84229,444.7,1000,1000,5,5388809058,5,200,2.9
2026-08-17T05:45:06Z,84259,446.3,1000,1000,5,5390728137,5,200,2.8
2026-08-17T05:45:36Z,84289,443.1,1000,1000,5,5392646218,5,200,3.2
2026-08-17T05:46:06Z,84319,442.9,1000,1000,5,5394501361,5,200,2.3
2026-08-17T05:46:36Z,84349,443.0,1000,1000,5,5396419442,5,200,2.8
2026-08-17T05:47:06Z,84379,435.1,1000,1000,5,5398337522,5,200,2.8
2026-08-17T05:47:36Z,84409,442.9,1000,1000,5,5400253470,5,200,2.9
2026-08-17T05:48:06Z,84439,446.6,1000,1000,5,5402104677,5,200,3.3
2026-08-17T05:48:36Z,84469,443.3,1000,1000,5,5404021834,5,200,3.1
2026-08-17T05:49:06Z,84499,446.0,1000,1000,5,5405940913,5,200,2.6
2026-08-17T05:49:37Z,84529,443.0,1000,1000,5,5407858994,5,200,3.1
2026-08-17T05:50:06Z,84559,435.0,1000,1000,5,5409714137,5,200,2.9
2026-08-17T05:50:36Z,84589,443.0,1000,1000,5,5411632218,5,200,2.5
2026-08-17T05:51:06Z,84619,446.1,1000,1000,5,5413551297,5,200,2.5
2026-08-17T05:51:36Z,84649,441.5,1000,1000,5,5415405442,5,200,5.0
2026-08-17T05:52:06Z,84679,441.8,1000,1000,5,5417318347,5,200,3.1
2026-08-17T05:52:36Z,84709,445.4,1000,1000,5,5419234610,5,200,3.4
2026-08-17T05:53:06Z,84739,435.2,1000,1000,5,5421153689,5,200,2.6
2026-08-17T05:53:36Z,84769,443.4,1000,1000,5,5423007834,5,200,2.4
2026-08-17T05:54:06Z,84799,443.3,1000,1000,5,5424926913,5,200,2.4
2026-08-17T05:54:36Z,84829,446.3,1000,1000,5,5426844994,5,200,3.0
2026-08-17T05:55:06Z,84859,445.4,1000,1000,5,5428700137,5,200,2.5
2026-08-17T05:55:36Z,84889,444.4,1000,1000,5,5430618218,5,200,2.9
2026-08-17T05:56:06Z,84919,446.2,1000,1000,5,5432537297,5,200,2.5
2026-08-17T05:56:36Z,84949,446.5,1000,1000,5,5434455378,5,200,2.4
2026-08-17T05:57:06Z,84979,442.9,1000,1000,5,5436310521,5,200,3.0
2026-08-17T05:57:36Z,85009,435.1,1000,1000,5,5438228602,5,200,2.8
2026-08-17T05:58:06Z,85039,435.0,1000,1000,5,5440147681,5,200,2.5
2026-08-17T05:58:36Z,85069,443.0,1000,1000,5,5442001826,5,200,2.7
2026-08-17T05:59:06Z,85099,432.4,1000,1000,5,5443922000,5,200,2.9
2026-08-17T05:59:36Z,85129,446.5,1000,1000,5,5445846867,5,200,3.8
2026-08-17T06:00:07Z,85159,435.3,1000,1000,5,5447764503,5,200,2.4
2026-08-17T06:00:36Z,85189,442.1,1000,1000,5,5449614480,5,200,3.9
2026-08-17T06:01:06Z,85219,435.0,1000,1000,5,5451531289,5,200,2.6
2026-08-17T06:01:36Z,85249,442.6,1000,1000,5,5453452581,5,200,3.6
2026-08-17T06:02:06Z,85279,444.1,1000,1000,5,5455312505,5,200,2.5
2026-08-17T06:02:36Z,85309,443.9,1000,1000,5,5457230586,5,200,2.5
2026-08-17T06:03:06Z,85339,445.9,1000,1000,5,5459149665,5,200,3.2
2026-08-17T06:03:36Z,85369,446.2,1000,1000,5,5461003810,5,200,2.8
2026-08-17T06:04:06Z,85399,446.5,1000,1000,5,5464034776,5,200,2.5
2026-08-17T06:04:36Z,85429,445.6,1000,1000,5,5465952857,5,200,2.3
2026-08-17T06:05:07Z,85459,444.4,1000,1000,5,5467871936,5,200,2.6
2026-08-17T06:05:36Z,85489,447.9,1000,1000,5,5469730146,5,200,2.6
2026-08-17T06:06:06Z,85519,439.4,1000,1000,5,5471646557,5,200,2.4
2026-08-17T06:06:36Z,85549,444.5,1000,1000,5,5473571233,5,200,2.4
2026-08-17T06:07:06Z,85579,439.4,1000,1000,5,5475422481,5,200,3.3
2026-08-17T06:07:36Z,85609,444.6,1000,1000,5,5477342765,5,200,2.9
2026-08-17T06:08:06Z,85639,444.5,1000,1000,5,5479263536,5,200,2.4
2026-08-17T06:08:36Z,85669,439.8,1000,1000,5,5481117681,5,200,2.6
2026-08-17T06:09:06Z,85699,447.6,1000,1000,5,5483036760,5,200,2.8
2026-08-17T06:09:36Z,85729,448.1,1000,1000,5,5484954841,5,200,3.0
2026-08-17T06:10:06Z,85759,447.0,1000,1000,5,5486873920,5,200,2.4
2026-08-17T06:10:36Z,85789,448.0,1000,1000,5,5488728195,5,200,2.4
2026-08-17T06:11:06Z,85819,443.3,1000,1000,5,5490653147,5,200,3.8
2026-08-17T06:11:36Z,85849,448.6,1000,1000,5,5492573217,5,200,2.4
2026-08-17T06:12:06Z,85879,447.9,1000,1000,5,5494428360,5,200,2.3
2026-08-17T06:12:36Z,85909,444.4,1000,1000,5,5496346441,5,200,2.8
2026-08-17T06:13:06Z,85939,448.4,1000,1000,5,5498263619,5,200,2.4
2026-08-17T06:13:36Z,85969,448.3,1000,1000,5,5500179465,5,200,3.0
2026-08-17T06:14:06Z,85999,447.9,1000,1000,5,5502032429,5,200,2.6
2026-08-17T06:14:36Z,86029,447.9,1000,1000,5,5503948978,5,200,2.4
2026-08-17T06:15:06Z,86059,448.4,1000,1000,5,5505875278,5,200,2.7
2026-08-17T06:15:36Z,86089,442.6,1000,1000,5,5507730049,5,200,2.5
2026-08-17T06:16:06Z,86119,447.7,1000,1000,5,5509649128,5,200,2.6
2026-08-17T06:16:36Z,86149,439.3,1000,1000,5,5511567209,5,200,2.8
2026-08-17T06:17:06Z,86179,444.1,1000,1000,5,5513422352,5,200,2.5
2026-08-17T06:17:36Z,86209,439.5,1000,1000,5,5515343157,5,200,2.7
2026-08-17T06:18:06Z,86239,436.4,1000,1000,5,5517259784,5,200,2.5
2026-08-17T06:18:36Z,86269,447.0,1000,1000,5,5519177593,5,200,2.4
2026-08-17T06:19:06Z,86299,444.1,1000,1000,5,5521039855,5,200,2.8
2026-08-17T06:19:36Z,86329,445.5,1000,1000,5,5522958809,5,200,2.4
2026-08-17T06:20:06Z,86359,443.9,1000,1000,5,5524877888,5,200,2.9
2026-08-17T06:20:36Z,86389,443.7,1000,1000,5,5526732033,5,200,2.4
2026-08-17T06:21:06Z,86419,444.4,1000,1000,5,5528651112,5,200,2.5
2026-08-17T06:21:36Z,86449,444.5,1000,1000,5,5530569193,5,200,2.5
2026-08-17T06:22:07Z,86479,439.9,1000,1000,5,5532488272,5,200,2.5
2026-08-17T06:22:36Z,86509,447.8,1000,1000,5,5534342417,5,200,2.4
2026-08-17T06:23:06Z,86539,447.0,1000,1000,5,5536261496,5,200,2.8
2026-08-17T06:23:36Z,86569,448.3,1000,1000,5,5538179577,5,200,2.6
2026-08-17T06:24:06Z,86599,448.0,1000,1000,5,5540034720,5,200,3.1
2026-08-17T06:24:36Z,86629,444.8,1000,1000,5,5541952801,5,200,2.4
2026-08-17T06:25:06Z,86659,447.2,1000,1000,5,5543871880,5,200,2.4
2026-08-17T06:25:37Z,86689,439.6,1000,1000,5,5545789961,5,200,2.4
2026-08-17T06:26:06Z,86719,444.9,1000,1000,5,5547644904,5,200,2.9
2026-08-17T06:26:36Z,86749,438.4,1000,1000,5,5549560594,5,200,4.0
2026-08-17T06:27:06Z,86779,447.8,1000,1000,5,5551474372,5,200,2.4
2026-08-17T06:27:36Z,86809,437.6,1000,1000,5,5553336374,5,200,2.8
2026-08-17T06:28:06Z,86839,448.1,1000,1000,5,5555248100,5,200,2.9
2026-08-17T06:28:36Z,86869,439.5,1000,1000,5,5557173246,5,200,3.4
2026-08-17T06:29:07Z,86899,444.5,1000,1000,5,5559087467,5,200,2.9
2026-08-17T06:29:36Z,86929,448.3,1000,1000,5,5560938801,5,200,2.6
2026-08-17T06:30:06Z,86959,444.4,1000,1000,5,5562857880,5,200,2.4
2026-08-17T06:30:36Z,86989,444.2,1000,1000,5,5564775961,5,200,2.6
2026-08-17T06:31:06Z,87019,448.0,1000,1000,5,5566631104,5,200,2.9
2026-08-17T06:31:36Z,87049,439.5,1000,1000,5,5568549185,5,200,2.7
2026-08-17T06:32:06Z,87079,446.9,1000,1000,5,5570468264,5,200,2.4
2026-08-17T06:32:37Z,87109,444.4,1000,1000,5,5572386345,5,200,2.5
2026-08-17T06:33:06Z,87139,448.0,1000,1000,5,5574241488,5,200,2.8
2026-08-17T06:33:36Z,87169,444.5,1000,1000,5,5576159569,5,200,2.7
2026-08-17T06:34:06Z,87199,448.0,999,999,6,5578086266,6,200,2.3
2026-08-17T06:34:36Z,87229,446.4,999,999,6,5579938554,6,200,2.5
2026-08-17T06:35:06Z,87259,447.8,999,999,6,5581855713,6,200,2.7
2026-08-17T06:35:36Z,87289,448.0,999,999,6,5583771873,6,200,2.8
2026-08-17T06:36:06Z,87319,447.8,1000,1000,6,5585636453,6,200,2.3
2026-08-17T06:36:36Z,87349,447.7,1000,1000,6,5587554533,6,200,2.5
2026-08-17T06:37:06Z,87379,437.2,1000,1000,6,5589473613,6,200,2.4
2026-08-17T06:37:36Z,87409,437.2,1000,1000,6,5591327757,6,200,2.5
