leg,round,peer,trigger_us,first_us,affected_first_us,complete_us
01-control,1,50,47895297,48024346,48024346,48178149
01-control,1,51,47895297,48022399,48022399,48176580
01-control,1,52,47895297,48023847,48023847,48178078
01-control,1,53,47895297,48023008,48023008,48157913
01-control,1,54,47895297,48022518,48022518,48176149
01-control,1,55,47895297,48024038,48024038,48178082
01-control,1,56,47895297,48023966,48023966,48158699
01-control,1,57,47895297,48022597,48022597,48176809
01-control,1,58,47895297,48024430,48024430,48159061
01-control,1,59,47895297,48023320,48023320,48158117
01-control,1,60,47895297,48023996,48023996,48158696
01-control,1,61,47895297,48022259,48022259,48157396
01-control,1,62,47895297,48023100,48023100,48157961
01-control,1,63,47895297,48021579,48021579,48157089
01-control,1,64,47895297,48022628,48022628,48176733
01-control,1,65,47895297,48022661,48022661,48176555
01-control,1,66,47895297,48023126,48023126,48157959
01-control,1,67,47895297,48022618,48022618,48176144
01-control,1,68,47895297,48022278,48022278,48157459
01-control,1,69,47895297,48024665,48024665,48178799
01-control,1,70,47895297,48021990,48021990,48157320
01-control,1,71,47895297,48022884,48022884,48157797
01-control,1,72,47895297,48022982,48022982,48157874
01-control,1,73,47895297,48024560,48024560,48178181
01-control,1,74,47895297,48023315,48023315,48158125
01-control,1,75,47895297,48022817,48022817,48157792
01-control,1,76,47895297,48022987,48022987,48157905
01-control,1,77,47895297,48021351,48021351,48156890
01-control,1,78,47895297,48022150,48022150,48157377
01-control,1,79,47895297,48023243,48023243,48158107
01-control,1,80,47895297,48022468,48022468,48176992
01-control,1,81,47895297,48022176,48022176,48157387
01-control,1,82,47895297,48022265,48022265,48157427
01-control,1,83,47895297,48021930,48021930,48157251
01-control,1,84,47895297,48024059,48024059,48177892
01-control,1,85,47895297,48021766,48021766,48157192
01-control,1,86,47895297,48021937,48021937,48157288
01-control,1,87,47895297,48024446,48024446,48159101
01-control,1,88,47895297,48022242,48022242,48157390
01-control,1,89,47895297,48024536,48024536,48178270
01-control,1,90,47895297,48022481,48022481,48176231
01-control,1,91,47895297,48024057,48024057,48158751
01-control,1,92,47895297,48024036,48024036,48158726
01-control,1,93,47895297,48023344,48023344,48158156
01-control,1,94,47895297,48021694,48021694,48157162
01-control,1,95,47895297,48022533,48022533,48176991
01-control,1,96,47895297,48024298,48024298,48158973
01-control,1,97,47895297,48024554,48024554,48159168
01-control,1,98,47895297,48024450,48024450,48178165
01-control,1,99,47895297,48022083,48022083,48157358
01-control,1,100,47895297,48024552,48024552,48159160
01-control,1,101,47895297,48021326,48021326,48156865
01-control,1,102,47895297,48023581,48023581,48158319
01-control,1,103,47895297,48021975,48021975,48157302
01-control,1,104,47895297,48021331,48021331,48156784
01-control,1,105,47895297,48022875,48022875,48157772
01-control,1,106,47895297,48023572,48023572,48178260
01-control,1,107,47895297,48023701,48023701,48158546
01-control,1,108,47895297,48022567,48022567,48176911
01-control,1,109,47895297,48023247,48023247,48158064
01-control,1,110,47895297,48023017,48023017,48157907
01-control,1,111,47895297,48024431,48024431,48178266
01-control,1,112,47895297,48023853,48023853,48178267
01-control,1,113,47895297,48024327,48024327,48158996
01-control,1,114,47895297,48022702,48022702,48157643
01-control,1,115,47895297,48021817,48021817,48157247
01-control,1,116,47895297,48022809,48022809,48157754
01-control,1,117,47895297,48022151,48022151,48157360
01-control,1,118,47895297,48024381,48024381,48178199
01-control,1,119,47895297,48022297,48022297,48157413
01-control,1,120,47895297,48023184,48023184,48158012
01-control,1,121,47895297,48023674,48023674,48178254
01-control,1,122,47895297,48023266,48023266,48158123
01-control,1,123,47895297,48021350,48021350,48156877
01-control,1,124,47895297,48022006,48022006,48157320
01-control,1,125,47895297,48021577,48021577,48157122
01-control,1,126,47895297,48023330,48023330,48158121
01-control,1,127,47895297,48021692,48021692,48157159
01-control,1,128,47895297,48022064,48022064,48157330
01-control,1,129,47895297,48023119,48023119,48157958
01-control,1,130,47895297,48022316,48022316,48157435
01-control,1,131,47895297,48024434,48024434,48159075
01-control,1,132,47895297,48022948,48022948,48157869
01-control,1,133,47895297,48021924,48021924,48157304
01-control,1,134,47895297,48021283,48021283,48156880
01-control,1,135,47895297,48022932,48022932,48157878
01-control,1,136,47895297,48021398,48021398,48156909
01-control,1,137,47895297,48023776,48023776,48177924
01-control,1,138,47895297,48021414,48021414,48156976
01-control,1,139,47895297,48024120,48024120,48177897
01-control,1,140,47895297,48023625,48023625,48178191
01-control,1,141,47895297,48021404,48021404,48157017
01-control,1,142,47895297,48023160,48023160,48158009
01-control,1,143,47895297,48021702,48021702,48157164
01-control,1,144,47895297,48022270,48022270,48157400
01-control,1,145,47895297,48022359,48022359,48157444
01-control,1,146,47895297,48023257,48023257,48158061
01-control,1,147,47895297,48024310,48024310,48178172
01-control,1,148,47895297,48021998,48021998,48157343
01-control,1,149,47895297,48021401,48021401,48156995
01-control,1,150,47895297,48023462,48023462,48177057
01-control,1,151,47895297,48024623,48024623,48159268
01-control,1,152,47895297,48023677,48023677,48178004
01-control,1,153,47895297,48023181,48023181,48157993
01-control,1,154,47895297,48023135,48023135,48157979
01-control,1,155,47895297,48022974,48022974,48157854
01-control,1,156,47895297,48021733,48021733,48157177
01-control,1,157,47895297,48021865,48021865,48157232
01-control,1,158,47895297,48024344,48024344,48159035
01-control,1,159,47895297,48022162,48022162,48157381
01-control,1,160,47895297,48024623,48024623,48178736
01-control,1,161,47895297,48021659,48021659,48157065
01-control,1,162,47895297,48023652,48023652,48158457
01-control,1,163,47895297,48023059,48023059,48157939
01-control,1,164,47895297,48022418,48022418,48157448
01-control,1,165,47895297,48022265,48022265,48157397
01-control,1,166,47895297,48022888,48022888,48157884
01-control,1,167,47895297,48024284,48024284,48177848
01-control,1,168,47895297,48022880,48022880,48157839
01-control,1,169,47895297,48022762,48022762,48157652
01-control,1,170,47895297,48024359,48024359,48159048
01-control,1,171,47895297,48024149,48024149,48178298
01-control,1,172,47895297,48021327,48021327,48156827
01-control,1,173,47895297,48023091,48023091,48157958
01-control,1,174,47895297,48022024,48022024,48157312
01-control,1,175,47895297,48023369,48023369,48158160
01-control,1,176,47895297,48022511,48022511,48176472
01-control,1,177,47895297,48021366,48021366,48156962
01-control,1,178,47895297,48024762,48024762,48159301
01-control,1,179,47895297,48022951,48022951,48157856
01-control,1,180,47895297,48023228,48023228,48158062
01-control,1,181,47895297,48024324,48024324,48159016
01-control,1,182,47895297,48023639,48023639,48158438
01-control,1,183,47895297,48023644,48023644,48158454
01-control,1,184,47895297,48022674,48022674,48176298
01-control,1,185,47895297,48023130,48023130,48157984
01-control,1,186,47895297,48023931,48023931,48178154
01-control,1,187,47895297,48024040,48024040,48158729
01-control,1,188,47895297,48023121,48023121,48177185
01-control,1,189,47895297,48022960,48022960,48157862
01-control,1,190,47895297,48023247,48023247,48158073
01-control,1,191,47895297,48024240,48024240,48158926
01-control,1,192,47895297,48021715,48021715,48157173
01-control,1,193,47895297,48021289,48021289,48156929
01-control,1,194,47895297,48022232,48022232,48157378
01-control,1,195,47895297,48021511,48021511,48157128
01-control,1,196,47895297,48023674,48023674,48158524
01-control,1,197,47895297,48023227,48023227,48158096
01-control,1,198,47895297,48023883,48023883,48158623
01-control,1,199,47895297,48022870,48022870,48157794
01-control,1,200,47895297,48023322,48023322,48158122
01-control,1,201,47895297,48021333,48021333,48156853
01-control,1,202,47895297,48023337,48023337,48158142
01-control,1,203,47895297,48024250,48024250,48158912
01-control,1,204,47895297,48024538,48024538,48177935
01-control,1,205,47895297,48024725,48024725,48178783
01-control,1,206,47895297,48024453,48024453,48159098
01-control,1,207,47895297,48024438,48024438,48159111
01-control,1,208,47895297,48023619,48023619,48177788
01-control,1,209,47895297,48024713,48024713,48159306
01-control,1,210,47895297,48023348,48023348,48158162
01-control,1,211,47895297,48023256,48023256,48158061
01-control,1,212,47895297,48023989,48023989,48178266
01-control,1,213,47895297,48022571,48022571,48176817
01-control,1,214,47895297,48024067,48024067,48158760
01-control,1,215,47895297,48024511,48024511,48159160
01-control,1,216,47895297,48021313,48021313,48156852
01-control,1,217,47895297,48021808,48021808,48157239
01-control,1,218,47895297,48021696,48021696,48157124
01-control,1,219,47895297,48022765,48022765,48157680
01-control,1,220,47895297,48023245,48023245,48158056
01-control,1,221,47895297,48021339,48021339,48156943
01-control,1,222,47895297,48024466,48024466,48159143
01-control,1,223,47895297,48024644,48024644,48159239
01-control,1,224,47895297,48022838,48022838,48157732
01-control,1,225,47895297,48022929,48022929,48157888
01-control,1,226,47895297,48023721,48023721,48158548
01-control,1,227,47895297,48021831,48021831,48157212
01-control,1,228,47895297,48023019,48023019,48157901
01-control,1,229,47895297,48024317,48024317,48158993
01-control,1,230,47895297,48022355,48022355,48157462
01-control,1,231,47895297,48023736,48023736,48158538
01-control,1,232,47895297,48022038,48022038,48157332
01-control,1,233,47895297,48024146,48024146,48158884
01-control,1,234,47895297,48024176,48024176,48178342
01-control,1,235,47895297,48023042,48023042,48157913
01-control,1,236,47895297,48023404,48023404,48158183
01-control,1,237,47895297,48022903,48022903,48157836
01-control,1,238,47895297,48022779,48022779,48177043
01-control,1,239,47895297,48023501,48023501,48158269
01-control,1,240,47895297,48024150,48024150,48177828
01-control,1,241,47895297,48023462,48023462,48177132
01-control,1,242,47895297,48024512,48024512,48159168
01-control,1,243,47895297,48024295,48024295,48158946
01-control,1,244,47895297,48021540,48021540,48157040
01-control,1,245,47895297,48023477,48023477,48158264
01-control,1,246,47895297,48023408,48023408,48177195
01-control,1,247,47895297,48023296,48023296,48158096
01-control,1,248,47895297,48021943,48021943,48157248
01-control,1,249,47895297,48024648,48024648,48159224
01-control,1,250,47895297,48023459,48023459,48158249
01-control,1,251,47895297,48023398,48023398,48177104
01-control,1,252,47895297,48022363,48022363,48176409
01-control,1,253,47895297,48022905,48022905,48177121
01-control,1,254,47895297,48024690,48024690,48159259
01-control,1,255,47895297,48024478,48024478,48159137
01-control,1,256,47895297,48024452,48024452,48178188
01-control,1,257,47895297,48021672,48021672,48157122
01-control,1,258,47895297,48021762,48021762,48157192
01-control,1,259,47895297,48022877,48022877,48157834
01-control,1,260,47895297,48024548,48024548,48159183
01-control,1,261,47895297,48023878,48023878,48178242
01-control,1,262,47895297,48024596,48024596,48159188
01-control,1,263,47895297,48024674,48024674,48159285
01-control,1,264,47895297,48023342,48023342,48158124
01-control,1,265,47895297,48024533,48024533,48159175
01-control,1,266,47895297,48024132,48024132,48177928
01-control,1,267,47895297,48022794,48022794,48157778
01-control,1,268,47895297,48022186,48022186,48157373
01-control,1,269,47895297,48022254,48022254,48176881
01-control,1,270,47895297,48021407,48021407,48156962
01-control,1,271,47895297,48021804,48021804,48157230
01-control,1,272,47895297,48022433,48022433,48176969
01-control,1,273,47895297,48023929,48023929,48158662
01-control,1,274,47895297,48023680,48023680,48158501
01-control,1,275,47895297,48022549,48022549,48176955
01-control,1,276,47895297,48021991,48021991,48157285
01-control,1,277,47895297,48024134,48024134,48178341
01-control,1,278,47895297,48024458,48024458,48159100
01-control,1,279,47895297,48023215,48023215,48158042
01-control,1,280,47895297,48022249,48022249,48176304
01-control,1,281,47895297,48024634,48024634,48159225
01-control,1,282,47895297,48022057,48022057,48157337
01-control,1,283,47895297,48023640,48023640,48178348
01-control,1,284,47895297,48024673,48024673,48159268
01-control,1,285,47895297,48024165,48024165,48178277
01-control,1,286,47895297,48022686,48022686,48157657
01-control,1,287,47895297,48022285,48022285,48157430
01-control,1,288,47895297,48022413,48022413,48176213
01-control,1,289,47895297,48023119,48023119,48157981
01-control,1,290,47895297,48023893,48023893,48178097
01-control,1,291,47895297,48022532,48022532,48176062
01-control,1,292,47895297,48024042,48024042,48178055
01-control,1,293,47895297,48022436,48022436,48176140
01-control,1,294,47895297,48023763,48023763,48158543
01-control,1,295,47895297,48023942,48023942,48158660
01-control,1,296,47895297,48021460,48021460,48157015
01-control,1,297,47895297,48023873,48023873,48178103
01-control,1,298,47895297,48021383,48021383,48157023
01-control,1,299,47895297,48023833,48023833,48178287
01-control,1,300,47895297,48023755,48023755,48158552
01-control,1,301,47895297,48021794,48021794,48157252
01-control,1,302,47895297,48024781,48024781,48178765
01-control,1,303,47895297,48022982,48022982,48157907
01-control,1,304,47895297,48023368,48023368,48158167
01-control,1,305,47895297,48022170,48022170,48157362
01-control,1,306,47895297,48024375,48024375,48159061
01-control,1,307,47895297,48023201,48023201,48158044
01-control,1,308,47895297,48023507,48023507,48177030
01-control,1,309,47895297,48024408,48024408,48159039
01-control,1,310,47895297,48024401,48024401,48159073
01-control,1,311,47895297,48023620,48023620,48158462
01-control,1,312,47895297,48022742,48022742,48157694
01-control,1,313,47895297,48024708,48024708,48159298
01-control,1,314,47895297,48022425,48022425,48176942
01-control,1,315,47895297,48023100,48023100,48157921
01-control,1,316,47895297,48023802,48023802,48178060
01-control,1,317,47895297,48023824,48023824,48178158
01-control,1,318,47895297,48021340,48021340,48157009
01-control,1,319,47895297,48021946,48021946,48157322
01-control,1,320,47895297,48022165,48022165,48157354
01-control,1,321,47895297,48022088,48022088,48157331
01-control,1,322,47895297,48023104,48023104,48157923
01-control,1,323,47895297,48024066,48024066,48158808
01-control,1,324,47895297,48021304,48021304,48156839
01-control,1,325,47895297,48022584,48022584,48176879
01-control,1,326,47895297,48021557,48021557,48157088
01-control,1,327,47895297,48022435,48022435,48176905
01-control,1,328,47895297,48024179,48024179,48158884
01-control,1,329,47895297,48021848,48021848,48157201
01-control,1,330,47895297,48021303,48021303,48156775
01-control,1,331,47895297,48022670,48022670,48176120
01-control,1,332,47895297,48023072,48023072,48157945
01-control,1,333,47895297,48021291,48021291,48156812
01-control,1,334,47895297,48023359,48023359,48158172
01-control,1,335,47895297,48022777,48022777,48157742
01-control,1,336,47895297,48023811,48023811,48178295
01-control,1,337,47895297,48024592,48024592,48159209
01-control,1,338,47895297,48021404,48021404,48156943
01-control,1,339,47895297,48021844,48021844,48157206
01-control,1,340,47895297,48021393,48021393,48156998
01-control,1,341,47895297,48023697,48023697,48178246
01-control,1,342,47895297,48022782,48022782,48157717
01-control,1,343,47895297,48022551,48022551,48176384
01-control,1,344,47895297,48024476,48024476,48178084
01-control,1,345,47895297,48021424,48021424,48156942
01-control,1,346,47895297,48023773,48023773,48178341
01-control,1,347,47895297,48023095,48023095,48157942
01-control,1,348,47895297,48024185,48024185,48158865
01-control,1,349,47895297,48023846,48023846,48178129
01-control,1,350,47895297,48023437,48023437,48177168
01-control,1,351,47895297,48024158,48024158,48178317
01-control,1,352,47895297,48022228,48022228,48157406
01-control,1,353,47895297,48021981,48021981,48157321
01-control,1,354,47895297,48021860,48021860,48157229
01-control,1,355,47895297,48022018,48022018,48157278
01-control,1,356,47895297,48024084,48024084,48158790
01-control,1,357,47895297,48021596,48021596,48157026
01-control,1,358,47895297,48021527,48021527,48157125
01-control,1,359,47895297,48023180,48023180,48158001
01-control,1,360,47895297,48024128,48024128,48178236
01-control,1,361,47895297,48023838,48023838,48177998
01-control,1,362,47895297,48022155,48022155,48157375
01-control,1,363,47895297,48023972,48023972,48158706
01-control,1,364,47895297,48024565,48024565,48159177
01-control,1,365,47895297,48022410,48022410,48157459
01-control,1,366,47895297,48024363,48024363,48159038
01-control,1,367,47895297,48023732,48023732,48178011
01-control,1,368,47895297,48023789,48023789,48158573
01-control,1,369,47895297,48024151,48024151,48178293
01-control,1,370,47895297,48022997,48022997,48157904
01-control,1,371,47895297,48023289,48023289,48158098
01-control,1,372,47895297,48021504,48021504,48157041
01-control,1,373,47895297,48023562,48023562,48158320
01-control,1,374,47895297,48021613,48021613,48157129
01-control,1,375,47895297,48021734,48021734,48157162
01-control,1,376,47895297,48022448,48022448,48176494
01-control,1,377,47895297,48023111,48023111,48157945
01-control,1,378,47895297,48023762,48023762,48158555
01-control,1,379,47895297,48024080,48024080,48158761
01-control,1,380,47895297,48022765,48022765,48157716
01-control,1,381,47895297,48023754,48023754,48178023
01-control,1,382,47895297,48021269,48021269,48156785
01-control,1,383,47895297,48024034,48024034,48158730
01-control,1,384,47895297,48021524,48021524,48157034
01-control,1,385,47895297,48023581,48023581,48158322
01-control,1,386,47895297,48023441,48023441,48158226
01-control,1,387,47895297,48023565,48023565,48178060
01-control,1,388,47895297,48022898,48022898,48157811
01-control,1,389,47895297,48023279,48023279,48158082
01-control,1,390,47895297,48024600,48024600,48159196
01-control,1,391,47895297,48024760,48024760,48159317
01-control,1,392,47895297,48022141,48022141,48157360
01-control,1,393,47895297,48023338,48023338,48158154
01-control,1,394,47895297,48021677,48021677,48157107
01-control,1,395,47895297,48023488,48023488,48158255
01-control,1,396,47895297,48021450,48021450,48157050
01-control,1,397,47895297,48023471,48023471,48158252
01-control,1,398,47895297,48024258,48024258,48158969
01-control,1,399,47895297,48022586,48022586,48176209
01-control,1,400,47895297,48024023,48024023,48158718
01-control,1,401,47895297,48024690,48024690,48159282
01-control,1,402,47895297,48023012,48023012,48157889
01-control,1,403,47895297,48023381,48023381,48158179
01-control,1,404,47895297,48022137,48022137,48157333
01-control,1,405,47895297,48023468,48023468,48158253
01-control,1,406,47895297,48024356,48024356,48159043
01-control,1,407,47895297,48021715,48021715,48157175
01-control,1,408,47895297,48021420,48021420,48157003
01-control,1,409,47895297,48021307,48021307,48156882
01-control,1,410,47895297,48021912,48021912,48157215
01-control,1,411,47895297,48021970,48021970,48157303
01-control,1,412,47895297,48024386,48024386,48159045
01-control,1,413,47895297,48022168,48022168,48157360
01-control,1,414,47895297,48021791,48021791,48157258
01-control,1,415,47895297,48022183,48022183,48157359
01-control,1,416,47895297,48022394,48022394,48157439
01-control,1,417,47895297,48021497,48021497,48156995
01-control,1,418,47895297,48023894,48023894,48178210
01-control,1,419,47895297,48022037,48022037,48157317
01-control,1,420,47895297,48023983,48023983,48178288
01-control,1,421,47895297,48024214,48024214,48178082
01-control,1,422,47895297,48023480,48023480,48177056
01-control,1,423,47895297,48023335,48023335,48158152
01-control,1,424,47895297,48022918,48022918,48177113
01-control,1,425,47895297,48024016,48024016,48178111
01-control,1,426,47895297,48023068,48023068,48157928
01-control,1,427,47895297,48023969,48023969,48158679
01-control,1,428,47895297,48022376,48022376,48157443
01-control,1,429,47895297,48023703,48023703,48177861
01-control,1,430,47895297,48021721,48021721,48157181
01-control,1,431,47895297,48023901,48023901,48158648
01-control,1,432,47895297,48021966,48021966,48157247
01-control,1,433,47895297,48023105,48023105,48157945
01-control,1,434,47895297,48023181,48023181,48158024
01-control,1,435,47895297,48022514,48022514,48176821
01-control,1,436,47895297,48024082,48024082,48158801
01-control,1,437,47895297,48021329,48021329,48156874
01-control,1,438,47895297,48023286,48023286,48158115
01-control,1,439,47895297,48023769,48023769,48178027
01-control,1,440,47895297,48024495,48024495,48159120
01-control,1,441,47895297,48024086,48024086,48158805
01-control,1,442,47895297,48021927,48021927,48157237
01-control,1,443,47895297,48021971,48021971,48157236
01-control,1,444,47895297,48024694,48024694,48178776
01-control,1,445,47895297,48023657,48023657,48178259
01-control,1,446,47895297,48023424,48023424,48177028
01-control,1,447,47895297,48022861,48022861,48157815
01-control,1,448,47895297,48023113,48023113,48157936
01-control,1,449,47895297,48021256,48021256,48156823
01-control,1,450,47895297,48024754,48024754,48159308
01-control,1,451,47895297,48022750,48022750,48157681
01-control,1,452,47895297,48023717,48023717,48178078
01-control,1,453,47895297,48021457,48021457,48156981
01-control,1,454,47895297,48023206,48023206,48158026
01-control,1,455,47895297,48024707,48024707,48159270
01-control,1,456,47895297,48024396,48024396,48159060
01-control,1,457,47895297,48023137,48023137,48157981
01-control,1,458,47895297,48024115,48024115,48158811
01-control,1,459,47895297,48022519,48022519,48176272
01-control,1,460,47895297,48024164,48024164,48177977
01-control,1,461,47895297,48024292,48024292,48177954
01-control,1,462,47895297,48024624,48024624,48159202
01-control,1,463,47895297,48021907,48021907,48157233
01-control,1,464,47895297,48022654,48022654,48176630
01-control,1,465,47895297,48024521,48024521,48159161
01-control,1,466,47895297,48023576,48023576,48178032
01-control,1,467,47895297,48021582,48021582,48157099
01-control,1,468,47895297,48024096,48024096,48177998
01-control,1,469,47895297,48023613,48023613,48158445
01-control,1,470,47895297,48024189,48024189,48178272
01-control,1,471,47895297,48022462,48022462,48176092
01-control,1,472,47895297,48022756,48022756,48157699
01-control,1,473,47895297,48023911,48023911,48178167
01-control,1,474,47895297,48022334,48022334,48157422
01-control,1,475,47895297,48021918,48021918,48157205
01-control,1,476,47895297,48024374,48024374,48159058
01-control,1,477,47895297,48024047,48024047,48158716
01-control,1,478,47895297,48023081,48023081,48157928
01-control,1,479,47895297,48024524,48024524,48159178
01-control,1,480,47895297,48024195,48024195,48158879
01-control,1,481,47895297,48022241,48022241,48157389
01-control,1,482,47895297,48024055,48024055,48177981
01-control,1,483,47895297,48023297,48023297,48158109
01-control,1,484,47895297,48022647,48022647,48176721
01-control,1,485,47895297,48023350,48023350,48158140
01-control,1,486,47895297,48022044,48022044,48157345
01-control,1,487,47895297,48021924,48021924,48157291
01-control,1,488,47895297,48023436,48023436,48177068
01-control,1,489,47895297,48023926,48023926,48158659
01-control,1,490,47895297,48023000,48023000,48157909
01-control,1,491,47895297,48024253,48024253,48158923
01-control,1,492,47895297,48021476,48021476,48157044
01-control,1,493,47895297,48023661,48023661,48158450
01-control,1,494,47895297,48022943,48022943,48157876
01-control,1,495,47895297,48021612,48021612,48157107
01-control,1,496,47895297,48024346,48024346,48159017
01-control,1,497,47895297,48022857,48022857,48157791
01-control,1,498,47895297,48022648,48022648,48176645
01-control,1,499,47895297,48021526,48021526,48157127
01-control,1,500,47895297,48022977,48022977,48157882
01-control,1,501,47895297,48021923,48021923,48157312
01-control,1,502,47895297,48022303,48022303,48157404
01-control,1,503,47895297,48021589,48021589,48157095
01-control,1,504,47895297,48021273,48021273,48156838
01-control,1,505,47895297,48022508,48022508,48176557
01-control,1,506,47895297,48021431,48021431,48156992
01-control,1,507,47895297,48022932,48022932,48177114
01-control,1,508,47895297,48021313,48021313,48156881
01-control,1,509,47895297,48024096,48024096,48178042
01-control,1,510,47895297,48024601,48024601,48178769
01-control,1,511,47895297,48022700,48022700,48157655
01-control,1,512,47895297,48023072,48023072,48157948
01-control,1,513,47895297,48024713,48024713,48159302
01-control,1,514,47895297,48022948,48022948,48157848
01-control,1,515,47895297,48024479,48024479,48159123
01-control,1,516,47895297,48024101,48024101,48158794
01-control,1,517,47895297,48021361,48021361,48156931
01-control,1,518,47895297,48024110,48024110,48158814
01-control,1,519,47895297,48023164,48023164,48157989
01-control,1,520,47895297,48023431,48023431,48177119
01-control,1,521,47895297,48023353,48023353,48158149
01-control,1,522,47895297,48021777,48021777,48157208
01-control,1,523,47895297,48022681,48022681,48176920
01-control,1,524,47895297,48022966,48022966,48157888
01-control,1,525,47895297,48024204,48024204,48177850
01-control,1,526,47895297,48023631,48023631,48158504
01-control,1,527,47895297,48023781,48023781,48178331
01-control,1,528,47895297,48022318,48022318,48176468
01-control,1,529,47895297,48024369,48024369,48177873
01-control,1,530,47895297,48021478,48021478,48157029
01-control,1,531,47895297,48023213,48023213,48158044
01-control,1,532,47895297,48023421,48023421,48177031
01-control,1,533,47895297,48022841,48022841,48157772
01-control,1,534,47895297,48022377,48022377,48157467
01-control,1,535,47895297,48023784,48023784,48178222
01-control,1,536,47895297,48023715,48023715,48178357
01-control,1,537,47895297,48023419,48023419,48177063
01-control,1,538,47895297,48024168,48024168,48158864
01-control,1,539,47895297,48024574,48024574,48178163
01-control,1,540,47895297,48021779,48021779,48157213
01-control,1,541,47895297,48023540,48023540,48177117
01-control,1,542,47895297,48023553,48023553,48158292
01-control,1,543,47895297,48021300,48021300,48156786
01-control,1,544,47895297,48022133,48022133,48157374
01-control,1,545,47895297,48021497,48021497,48157066
01-control,1,546,47895297,48021809,48021809,48157257
01-control,1,547,47895297,48021285,48021285,48156784
01-control,1,548,47895297,48022528,48022528,48176387
01-control,1,549,47895297,48024370,48024370,48159062
01-control,1,550,47895297,48023718,48023718,48178263
01-control,1,551,47895297,48023983,48023983,48178239
01-control,1,552,47895297,48024310,48024310,48158975
01-control,1,553,47895297,48021664,48021664,48157112
01-control,1,554,47895297,48024542,48024542,48159174
01-control,1,555,47895297,48023288,48023288,48158112
01-control,1,556,47895297,48022854,48022854,48157790
01-control,1,557,47895297,48023859,48023859,48178056
01-control,1,558,47895297,48021433,48021433,48157022
01-control,1,559,47895297,48023136,48023136,48177130
01-control,1,560,47895297,48023492,48023492,48177163
01-control,1,561,47895297,48021367,48021367,48156958
01-control,1,562,47895297,48022118,48022118,48157331
01-control,1,563,47895297,48022927,48022927,48157835
01-control,1,564,47895297,48023380,48023380,48158175
01-control,1,565,47895297,48024629,48024629,48159218
01-control,1,566,47895297,48022230,48022230,48157365
01-control,1,567,47895297,48021744,48021744,48157202
01-control,1,568,47895297,48024276,48024276,48158942
01-control,1,569,47895297,48023580,48023580,48158323
01-control,1,570,47895297,48021678,48021678,48157197
01-control,1,571,47895297,48023480,48023480,48177086
01-control,1,572,47895297,48022998,48022998,48157884
01-control,1,573,47895297,48024498,48024498,48159134
01-control,1,574,47895297,48023674,48023674,48158464
01-control,1,575,47895297,48023166,48023166,48158020
01-control,1,576,47895297,48023599,48023599,48158440
01-control,1,577,47895297,48021434,48021434,48156980
01-control,1,578,47895297,48023535,48023535,48158292
01-control,1,579,47895297,48021730,48021730,48157188
01-control,1,580,47895297,48023149,48023149,48157987
01-control,1,581,47895297,48024437,48024437,48159079
01-control,1,582,47895297,48023196,48023196,48158023
01-control,1,583,47895297,48024580,48024580,48178226
01-control,1,584,47895297,48024580,48024580,48159181
01-control,1,585,47895297,48022637,48022637,48176893
01-control,1,586,47895297,48023559,48023559,48158306
01-control,1,587,47895297,48023663,48023663,48158470
01-control,1,588,47895297,48022073,48022073,48157335
01-control,1,589,47895297,48022091,48022091,48157352
01-control,1,590,47895297,48023117,48023117,48157946
01-control,1,591,47895297,48022569,48022569,48176526
01-control,1,592,47895297,48024672,48024672,48159241
01-control,1,593,47895297,48022602,48022602,48176971
01-control,1,594,47895297,48023394,48023394,48177027
01-control,1,595,47895297,48022501,48022501,48176317
01-control,1,596,47895297,48023865,48023865,48178142
01-control,1,597,47895297,48024050,48024050,48158733
01-control,1,598,47895297,48022797,48022797,48157781
01-control,1,599,47895297,48024691,48024691,48159295
01-control,1,600,47895297,48024484,48024484,48159132
01-control,1,601,47895297,48024232,48024232,48178103
01-control,1,602,47895297,48024202,48024202,48178275
01-control,1,603,47895297,48024172,48024172,48158850
01-control,1,604,47895297,48023793,48023793,48178233
01-control,1,605,47895297,48022838,48022838,48157783
01-control,1,606,47895297,48021646,48021646,48157160
01-control,1,607,47895297,48022151,48022151,48157380
01-control,1,608,47895297,48024327,48024327,48159026
01-control,1,609,47895297,48023557,48023557,48158294
01-control,1,610,47895297,48022501,48022501,48176189
01-control,1,611,47895297,48024649,48024649,48159238
01-control,1,612,47895297,48022678,48022678,48176403
01-control,1,613,47895297,48022617,48022617,48176811
01-control,1,614,47895297,48022764,48022764,48157747
01-control,1,615,47895297,48024221,48024221,48177941
01-control,1,616,47895297,48024311,48024311,48158955
01-control,1,617,47895297,48024655,48024655,48159238
01-control,1,618,47895297,48024204,48024204,48158884
01-control,1,619,47895297,48024107,48024107,48178313
01-control,1,620,47895297,48024502,48024502,48178104
01-control,1,621,47895297,48023916,48023916,48158648
01-control,1,622,47895297,48024222,48024222,48178311
01-control,1,623,47895297,48021597,48021597,48157129
01-control,1,624,47895297,48023443,48023443,48158238
01-control,1,625,47895297,48024227,48024227,48178275
01-control,1,626,47895297,48023487,48023487,48158253
01-control,1,627,47895297,48024119,48024119,48178137
01-control,1,628,47895297,48023076,48023076,48157926
01-control,1,629,47895297,48022083,48022083,48157340
01-control,1,630,47895297,48023164,48023164,48157985
01-control,1,631,47895297,48021631,48021631,48157091
01-control,1,632,47895297,48023274,48023274,48158080
01-control,1,633,47895297,48022248,48022248,48157410
01-control,1,634,47895297,48023389,48023389,48158173
01-control,1,635,47895297,48024733,48024733,48178792
01-control,1,636,47895297,48024550,48024550,48159174
01-control,1,637,47895297,48021484,48021484,48157014
01-control,1,638,47895297,48024729,48024729,48159306
01-control,1,639,47895297,48024340,48024340,48159024
01-control,1,640,47895297,48022382,48022382,48177020
01-control,1,641,47895297,48023216,48023216,48158060
01-control,1,642,47895297,48022797,48022797,48157823
01-control,1,643,47895297,48023726,48023726,48158545
01-control,1,644,47895297,48022239,48022239,48157393
01-control,1,645,47895297,48024396,48024396,48178184
01-control,1,646,47895297,48022941,48022941,48157848
01-control,1,647,47895297,48023723,48023723,48158529
01-control,1,648,47895297,48022551,48022551,48176903
01-control,1,649,47895297,48023412,48023412,48177113
01-control,1,650,47895297,48022394,48022394,48176723
01-control,1,651,47895297,48024259,48024259,48158935
01-control,1,652,47895297,48022720,48022720,48157692
01-control,1,653,47895297,48022974,48022974,48157911
01-control,1,654,47895297,48021826,48021826,48157250
01-control,1,655,47895297,48024709,48024709,48159303
01-control,1,656,47895297,48021383,48021383,48156957
01-control,1,657,47895297,48021285,48021285,48156772
01-control,1,658,47895297,48021447,48021447,48156983
01-control,1,659,47895297,48022859,48022859,48157802
01-control,1,660,47895297,48021690,48021690,48157205
01-control,1,661,47895297,48024055,48024055,48158744
01-control,1,662,47895297,48024237,48024237,48158924
01-control,1,663,47895297,48023505,48023505,48158271
01-control,1,664,47895297,48021625,48021625,48157096
01-control,1,665,47895297,48021646,48021646,48157110
01-control,1,666,47895297,48024233,48024233,48177957
01-control,1,667,47895297,48024577,48024577,48159182
01-control,1,668,47895297,48021470,48021470,48157043
01-control,1,669,47895297,48024240,48024240,48158912
01-control,1,670,47895297,48023981,48023981,48158692
01-control,1,671,47895297,48021786,48021786,48157228
01-control,1,672,47895297,48022810,48022810,48157739
01-control,1,673,47895297,48021664,48021664,48157182
01-control,1,674,47895297,48024412,48024412,48178163
01-control,1,675,47895297,48024020,48024020,48178163
01-control,1,676,47895297,48021537,48021537,48157080
01-control,1,677,47895297,48021941,48021941,48157246
01-control,1,678,47895297,48023148,48023148,48158000
01-control,1,679,47895297,48023237,48023237,48158047
01-control,1,680,47895297,48021667,48021667,48157177
01-control,1,681,47895297,48024279,48024279,48178296
01-control,1,682,47895297,48024746,48024746,48159311
01-control,1,683,47895297,48023550,48023550,48177926
01-control,1,684,47895297,48023998,48023998,48158709
01-control,1,685,47895297,48024412,48024412,48159076
01-control,1,686,47895297,48024277,48024277,48158964
01-control,1,687,47895297,48024614,48024614,48159205
01-control,1,688,47895297,48021252,48021252,48156956
01-control,1,689,47895297,48023999,48023999,48178199
01-control,1,690,47895297,48021844,48021844,48157198
01-control,1,691,47895297,48021752,48021752,48157212
01-control,1,692,47895297,48023657,48023657,48181709
01-control,1,693,47895297,48055659,48055659,48157704
01-control,1,694,47895297,48058680,48058680,48168793
01-control,1,695,47895297,48057668,48057668,48179709
01-control,1,696,47895297,48023595,48023595,48194705
01-control,1,697,47895297,48023505,48023505,48170956
01-control,1,698,47895297,48021648,48021648,48157125
01-control,1,699,47895297,48024694,48024694,48165777
01-control,2,50,77872893,78006186,78006186,78157677
01-control,2,51,77872893,78003777,78003777,78155507
01-control,2,52,77872893,78005480,78005480,78157186
01-control,2,53,77872893,78004419,78004419,78139319
01-control,2,54,77872893,78003885,78003885,78155499
01-control,2,55,77872893,78005697,78005697,78157493
01-control,2,56,77872893,78005627,78005627,78140233
01-control,2,57,77872893,78003958,78003958,78154894
01-control,2,58,77872893,78006318,78006318,78140820
01-control,2,59,77872893,78004825,78004825,78139700
01-control,2,60,77872893,78005658,78005658,78140261
01-control,2,61,77872893,78003639,78003639,78155067
01-control,2,62,77872893,78004504,78004504,78139387
01-control,2,63,77872893,78002955,78002955,78138181
01-control,2,64,77872893,78003978,78003978,78155315
01-control,2,65,77872893,78004016,78004016,78155562
01-control,2,66,77872893,78004566,78004566,78139427
01-control,2,67,77872893,78003957,78003957,78155729
01-control,2,68,77872893,78003679,78003679,78138725
01-control,2,69,77872893,78006631,78006631,78157146
01-control,2,70,77872893,78003390,78003390,78138520
01-control,2,71,77872893,78004230,78004230,78155251
01-control,2,72,77872893,78004403,78004403,78139285
01-control,2,73,77872893,78006477,78006477,78157737
01-control,2,74,77872893,78004839,78004839,78139632
01-control,2,75,77872893,78004179,78004179,78155440
01-control,2,76,77872893,78004400,78004400,78155386
01-control,2,77,77872893,78002831,78002831,78153969
01-control,2,78,77872893,78003527,78003527,78138631
01-control,2,79,77872893,78004746,78004746,78139574
01-control,2,80,77872893,78003843,78003843,78155624
01-control,2,81,77872893,78003573,78003573,78155324
01-control,2,82,77872893,78003665,78003665,78138720
01-control,2,83,77872893,78003301,78003301,78155830
01-control,2,84,77872893,78005744,78005744,78157173
01-control,2,85,77872893,78003148,78003148,78155800
01-control,2,86,77872893,78003340,78003340,78155717
01-control,2,87,77872893,78006337,78006337,78140808
01-control,2,88,77872893,78003633,78003633,78138684
01-control,2,89,77872893,78006446,78006446,78157673
01-control,2,90,77872893,78003849,78003849,78155430
01-control,2,91,77872893,78005754,78005754,78140346
01-control,2,92,77872893,78005712,78005712,78140324
01-control,2,93,77872893,78004907,78004907,78139727
01-control,2,94,77872893,78003080,78003080,78154179
01-control,2,95,77872893,78003900,78003900,78155522
01-control,2,96,77872893,78006144,78006144,78140646
01-control,2,97,77872893,78006496,78006496,78141099
01-control,2,98,77872893,78006344,78006344,78157777
01-control,2,99,77872893,78003468,78003468,78138617
01-control,2,100,77872893,78006473,78006473,78141064
01-control,2,101,77872893,78002801,78002801,78153893
01-control,2,102,77872893,78005200,78005200,78139887
01-control,2,103,77872893,78003369,78003369,78155037
01-control,2,104,77872893,78002904,78002904,78154258
01-control,2,105,77872893,78004241,78004241,78155063
01-control,2,106,77872893,78005185,78005185,78157367
01-control,2,107,77872893,78005327,78005327,78139998
01-control,2,108,77872893,78003922,78003922,78155441
01-control,2,109,77872893,78004732,78004732,78139567
01-control,2,110,77872893,78004440,78004440,78139340
01-control,2,111,77872893,78006327,78006327,78157264
01-control,2,112,77872893,78005496,78005496,78157772
01-control,2,113,77872893,78006156,78006156,78140671
01-control,2,114,77872893,78004059,78004059,78139023
01-control,2,115,77872893,78003216,78003216,78138375
01-control,2,116,77872893,78004175,78004175,78139145
01-control,2,117,77872893,78003536,78003536,78155309
01-control,2,118,77872893,78006235,78006235,78157587
01-control,2,119,77872893,78003701,78003701,78138736
01-control,2,120,77872893,78004675,78004675,78139510
01-control,2,121,77872893,78005314,78005314,78157644
01-control,2,122,77872893,78004776,78004776,78139593
01-control,2,123,77872893,78002817,78002817,78138034
01-control,2,124,77872893,78003400,78003400,78155254
01-control,2,125,77872893,78002973,78002973,78138192
01-control,2,126,77872893,78004838,78004838,78139699
01-control,2,127,77872893,78003084,78003084,78154063
01-control,2,128,77872893,78003446,78003446,78155594
01-control,2,129,77872893,78004546,78004546,78139406
01-control,2,130,77872893,78003697,78003697,78138754
01-control,2,131,77872893,78006316,78006316,78140828
01-control,2,132,77872893,78004352,78004352,78139269
01-control,2,133,77872893,78003299,78003299,78155834
01-control,2,134,77872893,78002866,78002866,78153894
01-control,2,135,77872893,78004301,78004301,78139207
01-control,2,136,77872893,78002859,78002859,78138060
01-control,2,137,77872893,78005422,78005422,78157076
01-control,2,138,77872893,78002922,78002922,78138076
01-control,2,139,77872893,78005853,78005853,78157266
01-control,2,140,77872893,78005237,78005237,78155925
01-control,2,141,77872893,78002831,78002831,78153850
01-control,2,142,77872893,78004634,78004634,78139470
01-control,2,143,77872893,78003104,78003104,78154318
01-control,2,144,77872893,78003685,78003685,78154804
01-control,2,145,77872893,78003720,78003720,78155802
01-control,2,146,77872893,78004776,78004776,78139616
01-control,2,147,77872893,78006143,78006143,78157797
01-control,2,148,77872893,78003396,78003396,78155089
01-control,2,149,77872893,78002866,78002866,78153816
01-control,2,150,77872893,78005020,78005020,78157688
01-control,2,151,77872893,78006590,78006590,78141163
01-control,2,152,77872893,78005311,78005311,78155862
01-control,2,153,77872893,78004644,78004644,78139492
01-control,2,154,77872893,78004589,78004589,78139444
01-control,2,155,77872893,78004355,78004355,78139287
01-control,2,156,77872893,78003122,78003122,78138302
01-control,2,157,77872893,78003256,78003256,78155106
01-control,2,158,77872893,78006168,78006168,78140707
01-control,2,159,77872893,78003542,78003542,78155502
01-control,2,160,77872893,78006569,78006569,78157827
01-control,2,161,77872893,78003049,78003049,78154277
01-control,2,162,77872893,78005257,78005257,78139946
01-control,2,163,77872893,78004509,78004509,78157715
01-control,2,164,77872893,78003803,78003803,78155573
01-control,2,165,77872893,78003664,78003664,78138723
01-control,2,166,77872893,78004271,78004271,78139180
01-control,2,167,77872893,78006092,78006092,78157407
01-control,2,168,77872893,78004250,78004250,78139174
01-control,2,169,77872893,78004072,78004072,78155091
01-control,2,170,77872893,78006197,78006197,78140699
01-control,2,171,77872893,78005898,78005898,78157087
01-control,2,172,77872893,78002712,78002712,78137991
01-control,2,173,77872893,78004540,78004540,78139405
01-control,2,174,77872893,78003419,78003419,78138625
01-control,2,175,77872893,78004915,78004915,78139721
01-control,2,176,77872893,78003878,78003878,78155636
01-control,2,177,77872893,78002837,78002837,78138057
01-control,2,178,77872893,78006744,78006744,78141269
01-control,2,179,77872893,78004333,78004333,78139235
01-control,2,180,77872893,78004716,78004716,78139536
01-control,2,181,77872893,78006135,78006135,78140668
01-control,2,182,77872893,78005247,78005247,78139944
01-control,2,183,77872893,78005254,78005254,78139927
01-control,2,184,77872893,78004028,78004028,78155345
01-control,2,185,77872893,78004579,78004579,78157712
01-control,2,186,77872893,78005588,78005588,78157397
01-control,2,187,77872893,78005683,78005683,78140306
01-control,2,188,77872893,78004574,78004574,78157562
01-control,2,189,77872893,78004340,78004340,78139260
01-control,2,190,77872893,78004759,78004759,78139577
01-control,2,191,77872893,78006114,78006114,78140596
01-control,2,192,77872893,78003104,78003104,78154268
01-control,2,193,77872893,78002872,78002872,78137998
01-control,2,194,77872893,78003593,78003593,78155834
01-control,2,195,77872893,78002922,78002922,78147708
01-control,2,196,77872893,78005310,78005310,78140001
01-control,2,197,77872893,78004747,78004747,78139535
01-control,2,198,77872893,78005533,78005533,78140173
01-control,2,199,77872893,78004228,78004228,78155252
01-control,2,200,77872893,78004841,78004841,78139633
01-control,2,201,77872893,78002774,78002774,78154192
01-control,2,202,77872893,78004857,78004857,78139682
01-control,2,203,77872893,78006116,78006116,78140584
01-control,2,204,77872893,78006438,78006438,78157202
01-control,2,205,77872893,78006729,78006729,78157832
01-control,2,206,77872893,78006340,78006340,78140842
01-control,2,207,77872893,78006345,78006345,78140832
01-control,2,208,77872893,78005250,78005250,78157269
01-control,2,209,77872893,78006713,78006713,78141272
01-control,2,210,77872893,78004881,78004881,78139701
01-control,2,211,77872893,78004758,78004758,78139589
01-control,2,212,77872893,78005642,78005642,78157845
01-control,2,213,77872893,78003931,78003931,78155137
01-control,2,214,77872893,78005763,78005763,78140359
01-control,2,215,77872893,78006408,78006408,78140869
01-control,2,216,77872893,78002805,78002805,78153942
01-control,2,217,77872893,78003227,78003227,78155480
01-control,2,218,77872893,78003058,78003058,78154053
01-control,2,219,77872893,78004107,78004107,78139049
01-control,2,220,77872893,78004726,78004726,78139549
01-control,2,221,77872893,78002828,78002828,78138028
01-control,2,222,77872893,78006356,78006356,78140846
01-control,2,223,77872893,78006616,78006616,78141179
01-control,2,224,77872893,78004178,78004178,78155012
01-control,2,225,77872893,78004305,78004305,78139213
01-control,2,226,77872893,78005372,78005372,78140039
01-control,2,227,77872893,78003224,78003224,78155399
01-control,2,228,77872893,78004438,78004438,78139322
01-control,2,229,77872893,78006148,78006148,78140712
01-control,2,230,77872893,78003725,78003725,78138787
01-control,2,231,77872893,78005388,78005388,78140037
01-control,2,232,77872893,78003424,78003424,78138602
01-control,2,233,77872893,78005911,78005911,78140453
01-control,2,234,77872893,78005977,78005977,78157099
01-control,2,235,77872893,78004455,78004455,78155199
01-control,2,236,77872893,78004950,78004950,78139728
01-control,2,237,77872893,78004276,78004276,78155578
01-control,2,238,77872893,78004123,78004123,78155194
01-control,2,239,77872893,78005106,78005106,78139832
01-control,2,240,77872893,78005883,78005883,78157285
01-control,2,241,77872893,78005020,78005020,78157497
01-control,2,242,77872893,78006412,78006412,78140873
01-control,2,243,77872893,78006153,78006153,78140644
01-control,2,244,77872893,78002967,78002967,78154234
01-control,2,245,77872893,78005077,78005077,78139808
01-control,2,246,77872893,78004980,78004980,78155902
01-control,2,247,77872893,78004819,78004819,78139624
01-control,2,248,77872893,78003327,78003327,78155701
01-control,2,249,77872893,78006590,78006590,78141175
01-control,2,250,77872893,78005036,78005036,78139792
01-control,2,251,77872893,78004955,78004955,78157384
01-control,2,252,77872893,78003753,78003753,78155136
01-control,2,253,77872893,78004270,78004270,78155767
01-control,2,254,77872893,78006661,78006661,78141205
01-control,2,255,77872893,78006366,78006366,78140840
01-control,2,256,77872893,78006335,78006335,78157070
01-control,2,257,77872893,78003064,78003064,78138255
01-control,2,258,77872893,78003158,78003158,78138327
01-control,2,259,77872893,78004250,78004250,78139183
01-control,2,260,77872893,78006480,78006480,78141073
01-control,2,261,77872893,78005511,78005511,78157651
01-control,2,262,77872893,78006532,78006532,78141133
01-control,2,263,77872893,78006643,78006643,78141187
01-control,2,264,77872893,78004858,78004858,78139657
01-control,2,265,77872893,78006458,78006458,78141057
01-control,2,266,77872893,78005873,78005873,78157164
01-control,2,267,77872893,78004146,78004146,78155535
01-control,2,268,77872893,78003571,78003571,78138673
01-control,2,269,77872893,78003651,78003651,78155234
01-control,2,270,77872893,78002939,78002939,78154198
01-control,2,271,77872893,78003207,78003207,78155016
01-control,2,272,77872893,78003818,78003818,78155739
01-control,2,273,77872893,78005590,78005590,78140211
01-control,2,274,77872893,78005314,78005314,78139984
01-control,2,275,77872893,78003913,78003913,78155535
01-control,2,276,77872893,78003365,78003365,78138499
01-control,2,277,77872893,78005859,78005859,78157196
01-control,2,278,77872893,78006355,78006355,78140846
01-control,2,279,77872893,78004716,78004716,78139531
01-control,2,280,77872893,78003655,78003655,78155597
01-control,2,281,77872893,78006590,78006590,78141171
01-control,2,282,77872893,78003448,78003448,78138627
01-control,2,283,77872893,78005264,78005264,78157170
01-control,2,284,77872893,78006643,78006643,78141194
01-control,2,285,77872893,78005928,78005928,78157179
01-control,2,286,77872893,78004038,78004038,78155019
01-control,2,287,77872893,78003682,78003682,78155928
01-control,2,288,77872893,78003783,78003783,78155694
01-control,2,289,77872893,78004561,78004561,78139416
01-control,2,290,77872893,78005550,78005550,78157562
01-control,2,291,77872893,78003900,78003900,78155041
01-control,2,292,77872893,78005741,78005741,78157432
01-control,2,293,77872893,78003811,78003811,78155292
01-control,2,294,77872893,78005408,78005408,78140072
01-control,2,295,77872893,78005597,78005597,78140226
01-control,2,296,77872893,78002935,78002935,78154232
01-control,2,297,77872893,78005527,78005527,78157554
01-control,2,298,77872893,78002883,78002883,78138054
01-control,2,299,77872893,78005497,78005497,78156967
01-control,2,300,77872893,78005393,78005393,78157737
01-control,2,301,77872893,78003213,78003213,78138368
01-control,2,302,77872893,78006794,78006794,78151695
01-control,2,303,77872893,78004387,78004387,78139269
01-control,2,304,77872893,78004910,78004910,78139723
01-control,2,305,77872893,78003556,78003556,78155673
01-control,2,306,77872893,78006236,78006236,78140732
01-control,2,307,77872893,78004681,78004681,78139509
01-control,2,308,77872893,78005124,78005124,78157621
01-control,2,309,77872893,78006244,78006244,78140792
01-control,2,310,77872893,78006262,78006262,78140815
01-control,2,311,77872893,78005235,78005235,78139931
01-control,2,312,77872893,78004099,78004099,78155573
01-control,2,313,77872893,78006702,78006702,78141256
01-control,2,314,77872893,78003802,78003802,78155416
01-control,2,315,77872893,78004516,78004516,78139394
01-control,2,316,77872893,78005445,78005445,78157382
01-control,2,317,77872893,78005459,78005459,78156871
01-control,2,318,77872893,78002823,78002823,78154198
01-control,2,319,77872893,78003347,78003347,78155515
01-control,2,320,77872893,78003558,78003558,78138662
01-control,2,321,77872893,78003479,78003479,78154967
01-control,2,322,77872893,78004518,78004518,78155925
01-control,2,323,77872893,78005777,78005777,78157229
01-control,2,324,77872893,78002838,78002838,78153885
01-control,2,325,77872893,78003938,78003938,78155222
01-control,2,326,77872893,78002968,78002968,78138182
01-control,2,327,77872893,78003810,78003810,78155227
01-control,2,328,77872893,78005996,78005996,78140497
01-control,2,329,77872893,78003250,78003250,78138410
01-control,2,330,77872893,78002747,78002747,78137978
01-control,2,331,77872893,78004024,78004024,78155500
01-control,2,332,77872893,78004461,78004461,78155799
01-control,2,333,77872893,78002881,78002881,78153924
01-control,2,334,77872893,78004901,78004901,78139716
01-control,2,335,77872893,78004130,78004130,78139088
01-control,2,336,77872893,78005461,78005461,78157215
01-control,2,337,77872893,78006534,78006534,78141125
01-control,2,338,77872893,78002865,78002865,78138075
01-control,2,339,77872893,78003234,78003234,78155383
01-control,2,340,77872893,78002872,78002872,78153951
01-control,2,341,77872893,78005335,78005335,78157518
01-control,2,342,77872893,78004137,78004137,78155730
01-control,2,343,77872893,78003910,78003910,78155348
01-control,2,344,77872893,78006376,78006376,78157601
01-control,2,345,77872893,78002893,78002893,78154114
01-control,2,346,77872893,78005409,78005409,78157296
01-control,2,347,77872893,78004500,78004500,78157462
01-control,2,348,77872893,78005974,78005974,78140505
01-control,2,349,77872893,78005505,78005505,78157481
01-control,2,350,77872893,78004998,78004998,78157112
01-control,2,351,77872893,78005956,78005956,78157664
01-control,2,352,77872893,78003600,78003600,78155601
01-control,2,353,77872893,78003377,78003377,78155914
01-control,2,354,77872893,78003260,78003260,78155329
01-control,2,355,77872893,78003407,78003407,78155243
01-control,2,356,77872893,78005788,78005788,78140382
01-control,2,357,77872893,78002992,78002992,78154106
01-control,2,358,77872893,78002962,78002962,78154188
01-control,2,359,77872893,78004653,78004653,78139504
01-control,2,360,77872893,78005850,78005850,78157812
01-control,2,361,77872893,78005468,78005468,78157282
01-control,2,362,77872893,78003514,78003514,78138612
01-control,2,363,77872893,78005649,78005649,78140249
01-control,2,364,77872893,78006501,78006501,78141116
01-control,2,365,77872893,78003808,78003808,78138818
01-control,2,366,77872893,78006207,78006207,78140717
01-control,2,367,77872893,78005361,78005361,78157285
01-control,2,368,77872893,78005448,78005448,78140093
01-control,2,369,77872893,78005896,78005896,78157045
01-control,2,370,77872893,78004402,78004402,78139286
01-control,2,371,77872893,78004802,78004802,78139613
01-control,2,372,77872893,78002939,78002939,78138148
01-control,2,373,77872893,78005131,78005131,78139908
01-control,2,374,77872893,78002988,78002988,78154102
01-control,2,375,77872893,78003124,78003124,78155200
01-control,2,376,77872893,78003824,78003824,78155403
01-control,2,377,77872893,78004553,78004553,78139418
01-control,2,378,77872893,78005402,78005402,78140058
01-control,2,379,77872893,78005773,78005773,78140362
01-control,2,380,77872893,78004129,78004129,78139069
01-control,2,381,77872893,78005384,78005384,78157093
01-control,2,382,77872893,78002954,78002954,78154093
01-control,2,383,77872893,78005721,78005721,78140320
01-control,2,384,77872893,78002961,78002961,78138167
01-control,2,385,77872893,78005206,78005206,78139889
01-control,2,386,77872893,78005018,78005018,78139764
01-control,2,387,77872893,78005138,78005138,78157598
01-control,2,388,77872893,78004298,78004298,78139206
01-control,2,389,77872893,78004777,78004777,78139594
01-control,2,390,77872893,78006551,78006551,78141133
01-control,2,391,77872893,78006757,78006757,78141277
01-control,2,392,77872893,78003503,78003503,78154957
01-control,2,393,77872893,78004868,78004868,78139707
01-control,2,394,77872893,78003074,78003074,78138227
01-control,2,395,77872893,78005079,78005079,78139820
01-control,2,396,77872893,78002981,78002981,78138094
01-control,2,397,77872893,78005037,78005037,78139798
01-control,2,398,77872893,78006121,78006121,78140614
01-control,2,399,77872893,78003942,78003942,78155129
01-control,2,400,77872893,78005676,78005676,78140287
01-control,2,401,77872893,78006682,78006682,78141210
01-control,2,402,77872893,78004429,78004429,78155440
01-control,2,403,77872893,78004929,78004929,78139724
01-control,2,404,77872893,78003498,78003498,78155926
01-control,2,405,77872893,78005050,78005050,78139798
01-control,2,406,77872893,78006207,78006207,78140725
01-control,2,407,77872893,78003101,78003101,78154318
01-control,2,408,77872893,78002911,78002911,78153834
01-control,2,409,77872893,78002800,78002800,78154217
01-control,2,410,77872893,78003279,78003279,78138421
01-control,2,411,77872893,78003356,78003356,78155422
01-control,2,412,77872893,78006254,78006254,78140742
01-control,2,413,77872893,78003563,78003563,78138666
01-control,2,414,77872893,78003202,78003202,78154008
01-control,2,415,77872893,78003568,78003568,78155823
01-control,2,416,77872893,78003779,78003779,78138807
01-control,2,417,77872893,78002942,78002942,78154236
01-control,2,418,77872893,78005548,78005548,78157082
01-control,2,419,77872893,78003413,78003413,78155231
01-control,2,420,77872893,78005637,78005637,78157534
01-control,2,421,77872893,78006088,78006088,78157306
01-control,2,422,77872893,78005063,78005063,78157587
01-control,2,423,77872893,78004866,78004866,78139655
01-control,2,424,77872893,78004300,78004300,78155213
01-control,2,425,77872893,78005663,78005663,78157361
01-control,2,426,77872893,78004480,78004480,78139360
01-control,2,427,77872893,78005590,78005590,78140234
01-control,2,428,77872893,78003751,78003751,78138789
01-control,2,429,77872893,78005331,78005331,78157317
01-control,2,430,77872893,78003107,78003107,78155386
01-control,2,431,77872893,78005559,78005559,78140183
01-control,2,432,77872893,78003361,78003361,78155138
01-control,2,433,77872893,78004521,78004521,78139387
01-control,2,434,77872893,78004675,78004675,78139501
01-control,2,435,77872893,78003846,78003846,78155661
01-control,2,436,77872893,78005787,78005787,78140375
01-control,2,437,77872893,78002890,78002890,78138030
01-control,2,438,77872893,78004791,78004791,78139615
01-control,2,439,77872893,78005394,78005394,78157556
01-control,2,440,77872893,78006413,78006413,78140881
01-control,2,441,77872893,78005785,78005785,78157126
01-control,2,442,77872893,78003319,78003319,78155756
01-control,2,443,77872893,78003362,78003362,78155615
01-control,2,444,77872893,78006676,78006676,78158696
01-control,2,445,77872893,78005278,78005278,78157054
01-control,2,446,77872893,78004980,78004980,78157251
01-control,2,447,77872893,78004226,78004226,78139155
01-control,2,448,77872893,78004537,78004537,78157623
01-control,2,449,77872893,78002875,78002875,78137993
01-control,2,450,77872893,78006764,78006764,78141262
01-control,2,451,77872893,78004074,78004074,78139046
01-control,2,452,77872893,78005339,78005339,78157418
01-control,2,453,77872893,78002924,78002924,78154087
01-control,2,454,77872893,78004696,78004696,78139518
01-control,2,455,77872893,78006703,78006703,78141262
01-control,2,456,77872893,78006262,78006262,78140759
01-control,2,457,77872893,78004582,78004582,78157470
01-control,2,458,77872893,78005852,78005852,78140422
01-control,2,459,77872893,78003889,78003889,78155337
01-control,2,460,77872893,78005940,78005940,78157455
01-control,2,461,77872893,78006148,78006148,78157160
01-control,2,462,77872893,78006546,78006546,78141133
01-control,2,463,77872893,78003285,78003285,78138436
01-control,2,464,77872893,78003995,78003995,78155534
01-control,2,465,77872893,78006437,78006437,78141031
01-control,2,466,77872893,78005177,78005177,78157392
01-control,2,467,77872893,78003022,78003022,78154344
01-control,2,468,77872893,78005794,78005794,78157852
01-control,2,469,77872893,78005216,78005216,78139911
01-control,2,470,77872893,78005998,78005998,78157772
01-control,2,471,77872893,78003853,78003853,78155676
01-control,2,472,77872893,78004091,78004091,78139049
01-control,2,473,77872893,78005558,78005558,78157055
01-control,2,474,77872893,78003721,78003721,78138776
01-control,2,475,77872893,78003308,78003308,78155809
01-control,2,476,77872893,78006224,78006224,78140721
01-control,2,477,77872893,78005711,78005711,78140325
01-control,2,478,77872893,78004486,78004486,78139358
01-control,2,479,77872893,78006439,78006439,78141052
01-control,2,480,77872893,78006019,78006019,78140525
01-control,2,481,77872893,78003600,78003600,78154739
01-control,2,482,77872893,78005738,78005738,78157330
01-control,2,483,77872893,78004814,78004814,78139627
01-control,2,484,77872893,78003990,78003990,78155727
01-control,2,485,77872893,78004885,78004885,78139682
01-control,2,486,77872893,78003436,78003436,78155042
01-control,2,487,77872893,78003306,78003306,78155974
01-control,2,488,77872893,78005015,78005015,78157714
01-control,2,489,77872893,78005571,78005571,78140200
01-control,2,490,77872893,78004423,78004423,78139302
01-control,2,491,77872893,78006101,78006101,78140597
01-control,2,492,77872893,78002922,78002922,78138114
01-control,2,493,77872893,78005278,78005278,78139944
01-control,2,494,77872893,78004330,78004330,78155480
01-control,2,495,77872893,78002994,78002994,78138206
01-control,2,496,77872893,78006177,78006177,78140694
01-control,2,497,77872893,78004206,78004206,78155345
01-control,2,498,77872893,78003994,78003994,78155283
01-control,2,499,77872893,78002957,78002957,78138160
01-control,2,500,77872893,78004378,78004378,78155063
01-control,2,501,77872893,78003331,78003331,78155903
01-control,2,502,77872893,78003701,78003701,78138762
01-control,2,503,77872893,78002973,78002973,78138190
01-control,2,504,77872893,78002833,78002833,78154048
01-control,2,505,77872893,78003880,78003880,78155678
01-control,2,506,77872893,78002911,78002911,78138094
01-control,2,507,77872893,78004325,78004325,78155112
01-control,2,508,77872893,78002855,78002855,78138015
01-control,2,509,77872893,78005815,78005815,78157827
01-control,2,510,77872893,78006563,78006563,78157352
01-control,2,511,77872893,78004053,78004053,78139017
01-control,2,512,77872893,78004477,78004477,78155862
01-control,2,513,77872893,78006709,78006709,78141257
01-control,2,514,77872893,78004315,78004315,78139214
01-control,2,515,77872893,78006387,78006387,78140853
01-control,2,516,77872893,78005796,78005796,78140384
01-control,2,517,77872893,78002852,78002852,78153957
01-control,2,518,77872893,78005821,78005821,78157060
01-control,2,519,77872893,78004633,78004633,78139471
01-control,2,520,77872893,78004996,78004996,78155912
01-control,2,521,77872893,78004888,78004888,78139674
01-control,2,522,77872893,78003186,78003186,78154037
01-control,2,523,77872893,78004049,78004049,78155470
01-control,2,524,77872893,78004384,78004384,78139276
01-control,2,525,77872893,78006002,78006002,78157761
01-control,2,526,77872893,78005236,78005236,78139913
01-control,2,527,77872893,78005410,78005410,78157357
01-control,2,528,77872893,78003709,78003709,78155700
01-control,2,529,77872893,78006212,78006212,78157468
01-control,2,530,77872893,78002933,78002933,78154182
01-control,2,531,77872893,78004699,78004699,78139522
01-control,2,532,77872893,78004999,78004999,78155842
01-control,2,533,77872893,78004187,78004187,78155377
01-control,2,534,77872893,78003754,78003754,78155775
01-control,2,535,77872893,78005431,78005431,78155951
01-control,2,536,77872893,78005356,78005356,78157156
01-control,2,537,77872893,78004988,78004988,78157701
01-control,2,538,77872893,78005945,78005945,78140490
01-control,2,539,77872893,78006503,78006503,78157190
01-control,2,540,77872893,78003180,78003180,78138359
01-control,2,541,77872893,78005117,78005117,78157293
01-control,2,542,77872893,78005143,78005143,78139850
01-control,2,543,77872893,78002766,78002766,78153912
01-control,2,544,77872893,78003523,78003523,78155157
01-control,2,545,77872893,78002933,78002933,78154134
01-control,2,546,77872893,78003208,78003208,78138372
01-control,2,547,77872893,78002887,78002887,78153817
01-control,2,548,77872893,78003887,78003887,78155402
01-control,2,549,77872893,78006216,78006216,78140728
01-control,2,550,77872893,78005335,78005335,78157394
01-control,2,551,77872893,78005625,78005625,78157022
01-control,2,552,77872893,78006150,78006150,78140666
01-control,2,553,77872893,78003042,78003042,78138219
01-control,2,554,77872893,78006465,78006465,78141071
01-control,2,555,77872893,78004805,78004805,78139632
01-control,2,556,77872893,78004199,78004199,78155108
01-control,2,557,77872893,78005506,78005506,78156892
01-control,2,558,77872893,78002900,78002900,78154072
01-control,2,559,77872893,78004583,78004583,78155876
01-control,2,560,77872893,78005083,78005083,78155867
01-control,2,561,77872893,78002808,78002808,78154141
01-control,2,562,77872893,78003503,78003503,78138621
01-control,2,563,77872893,78004293,78004293,78139203
01-control,2,564,77872893,78004932,78004932,78139739
01-control,2,565,77872893,78006582,78006582,78141161
01-control,2,566,77872893,78003578,78003578,78138679
01-control,2,567,77872893,78003147,78003147,78138313
01-control,2,568,77872893,78006124,78006124,78140614
01-control,2,569,77872893,78005203,78005203,78139910
01-control,2,570,77872893,78003110,78003110,78154060
01-control,2,571,77872893,78005060,78005060,78157756
01-control,2,572,77872893,78004410,78004410,78155293
01-control,2,573,77872893,78006385,78006385,78140856
01-control,2,574,77872893,78005284,78005284,78139964
01-control,2,575,77872893,78004648,78004648,78139485
01-control,2,576,77872893,78005224,78005224,78139925
01-control,2,577,77872893,78002906,78002906,78138094
01-control,2,578,77872893,78005133,78005133,78139868
01-control,2,579,77872893,78003116,78003116,78155478
01-control,2,580,77872893,78004619,78004619,78139487
01-control,2,581,77872893,78006298,78006298,78140809
01-control,2,582,77872893,78004678,78004678,78139508
01-control,2,583,77872893,78006523,78006523,78157571
01-control,2,584,77872893,78006522,78006522,78141115
01-control,2,585,77872893,78003971,78003971,78155636
01-control,2,586,77872893,78005153,78005153,78139891
01-control,2,587,77872893,78005292,78005292,78139961
01-control,2,588,77872893,78003441,78003441,78155188
01-control,2,589,77872893,78003491,78003491,78155908
01-control,2,590,77872893,78004549,78004549,78157668
01-control,2,591,77872893,78003923,78003923,78155161
01-control,2,592,77872893,78006658,78006658,78141206
01-control,2,593,77872893,78003948,78003948,78155024
01-control,2,594,77872893,78004938,78004938,78157464
01-control,2,595,77872893,78003879,78003879,78155493
01-control,2,596,77872893,78005519,78005519,78157149
01-control,2,597,77872893,78005722,78005722,78140326
01-control,2,598,77872893,78004147,78004147,78139092
01-control,2,599,77872893,78006655,78006655,78141197
01-control,2,600,77872893,78006393,78006393,78140870
01-control,2,601,77872893,78006065,78006065,78157571
01-control,2,602,77872893,78005971,78005971,78157838
01-control,2,603,77872893,78005923,78005923,78140489
01-control,2,604,77872893,78005436,78005436,78157509
01-control,2,605,77872893,78004196,78004196,78139150
01-control,2,606,77872893,78003022,78003022,78154314
01-control,2,607,77872893,78003535,78003535,78155118
01-control,2,608,77872893,78006171,78006171,78140695
01-control,2,609,77872893,78005161,78005161,78139897
01-control,2,610,77872893,78003864,78003864,78155581
01-control,2,611,77872893,78006615,78006615,78141170
01-control,2,612,77872893,78004050,78004050,78155157
01-control,2,613,77872893,78003974,78003974,78155709
01-control,2,614,77872893,78004126,78004126,78155150
01-control,2,615,77872893,78006065,78006065,78157690
01-control,2,616,77872893,78006139,78006139,78140654
01-control,2,617,77872893,78006887,78006887,78141178
01-control,2,618,77872893,78006060,78006060,78140522
01-control,2,619,77872893,78005824,78005824,78157869
01-control,2,620,77872893,78006416,78006416,78157789
01-control,2,621,77872893,78005568,78005568,78140217
01-control,2,622,77872893,78006033,78006033,78157788
01-control,2,623,77872893,78002991,78002991,78154102
01-control,2,624,77872893,78005018,78005018,78139781
01-control,2,625,77872893,78006043,78006043,78140568
01-control,2,626,77872893,78005075,78005075,78139808
01-control,2,627,77872893,78005837,78005837,78157367
01-control,2,628,77872893,78004493,78004493,78157053
01-control,2,629,77872893,78003467,78003467,78155295
01-control,2,630,77872893,78004613,78004613,78157675
01-control,2,631,77872893,78002995,78002995,78154347
01-control,2,632,77872893,78004785,78004785,78139595
01-control,2,633,77872893,78003635,78003635,78155604
01-control,2,634,77872893,78004932,78004932,78139733
01-control,2,635,77872893,78006725,78006725,78157821
01-control,2,636,77872893,78006464,78006464,78141066
01-control,2,637,77872893,78002894,78002894,78138139
01-control,2,638,77872893,78006716,78006716,78141271
01-control,2,639,77872893,78006177,78006177,78140685
01-control,2,640,77872893,78003767,78003767,78155410
01-control,2,641,77872893,78004686,78004686,78139520
01-control,2,642,77872893,78004175,78004175,78155637
01-control,2,643,77872893,78005357,78005357,78140028
01-control,2,644,77872893,78003638,78003638,78138703
01-control,2,645,77872893,78006265,78006265,78157043
01-control,2,646,77872893,78004327,78004327,78155296
01-control,2,647,77872893,78005355,78005355,78140013
01-control,2,648,77872893,78003918,78003918,78155049
01-control,2,649,77872893,78004970,78004970,78157455
01-control,2,650,77872893,78003774,78003774,78155317
01-control,2,651,77872893,78006112,78006112,78140603
01-control,2,652,77872893,78004077,78004077,78155203
01-control,2,653,77872893,78004364,78004364,78139274
01-control,2,654,77872893,78003240,78003240,78138396
01-control,2,655,77872893,78006686,78006686,78141232
01-control,2,656,77872893,78002777,78002777,78138048
01-control,2,657,77872893,78002856,78002856,78153907
01-control,2,658,77872893,78002900,78002900,78154244
01-control,2,659,77872893,78004210,78004210,78139159
01-control,2,660,77872893,78003079,78003079,78138256
01-control,2,661,77872893,78005733,78005733,78157261
01-control,2,662,77872893,78006022,78006022,78140570
01-control,2,663,77872893,78005089,78005089,78139826
01-control,2,664,77872893,78003021,78003021,78154316
01-control,2,665,77872893,78003014,78003014,78138216
01-control,2,666,77872893,78006045,78006045,78150739
01-control,2,667,77872893,78006505,78006505,78141099
01-control,2,668,77872893,78002921,78002921,78154237
01-control,2,669,77872893,78006120,78006120,78140596
01-control,2,670,77872893,78005620,78005620,78140250
01-control,2,671,77872893,78003180,78003180,78154048
01-control,2,672,77872893,78004166,78004166,78155058
01-control,2,673,77872893,78003073,78003073,78154302
01-control,2,674,77872893,78006265,78006265,78157256
01-control,2,675,77872893,78005683,78005683,78157727
01-control,2,676,77872893,78002957,78002957,78154228
01-control,2,677,77872893,78003334,78003334,78138474
01-control,2,678,77872893,78004599,78004599,78139451
01-control,2,679,77872893,78004737,78004737,78139558
01-control,2,680,77872893,78003067,78003067,78154057
01-control,2,681,77872893,78006132,78006132,78157367
01-control,2,682,77872893,78006743,78006743,78141276
01-control,2,683,77872893,78005162,78005162,78157484
01-control,2,684,77872893,78005654,78005654,78140293
01-control,2,685,77872893,78006283,78006283,78140799
01-control,2,686,77872893,78006130,78006130,78140621
01-control,2,687,77872893,78006561,78006561,78141144
01-control,2,688,77872893,78002798,78002798,78153869
01-control,2,689,77872893,78005684,78005684,78157506
01-control,2,690,77872893,78003250,78003250,78138430
01-control,2,691,77872893,78003147,78003147,78155769
01-control,2,692,77872893,78037640,78037640,78172662
01-control,2,693,77872893,78039649,78039649,78142802
01-control,2,694,77872893,78036645,78036645,78159684
01-control,2,695,77872893,78006431,78006431,78170680
01-control,2,696,77872893,78005215,78005215,78145987
01-control,2,697,77872893,78005105,78005105,78164756
01-control,2,698,77872893,78003025,78003025,78142712
01-control,2,699,77872893,78006685,78006685,78162719
01-control,3,50,107844174,107979959,107979959,108136414
01-control,3,51,107844174,107977470,107977470,108135324
01-control,3,52,107844174,107979274,107979274,108135372
01-control,3,53,107844174,107978159,107978159,108119619
01-control,3,54,107844174,107977571,107977571,108135957
01-control,3,55,107844174,107979491,107979491,108136977
01-control,3,56,107844174,107979398,107979398,108120714
01-control,3,57,107844174,107977689,107977689,108136710
01-control,3,58,107844174,107980039,107980039,108137266
01-control,3,59,107844174,107978576,107978576,108119974
01-control,3,60,107844174,107979457,107979457,108120741
01-control,3,61,107844174,107977353,107977353,108135704
01-control,3,62,107844174,107978245,107978245,108119783
01-control,3,63,107844174,107976763,107976763,108132080
01-control,3,64,107844174,107977707,107977707,108136191
01-control,3,65,107844174,107977739,107977739,108136290
01-control,3,66,107844174,107978303,107978303,108119827
01-control,3,67,107844174,107977684,107977684,108136632
01-control,3,68,107844174,107977372,107977372,108135256
01-control,3,69,107844174,107980299,107980299,108136382
01-control,3,70,107844174,107977105,107977105,108136156
01-control,3,71,107844174,107977946,107977946,108136536
01-control,3,72,107844174,107978127,107978127,108119616
01-control,3,73,107844174,107980192,107980192,108137365
01-control,3,74,107844174,107978567,107978567,108135832
01-control,3,75,107844174,107977895,107977895,108137356
01-control,3,76,107844174,107978130,107978130,108137131
01-control,3,77,107844174,107976585,107976585,108132224
01-control,3,78,107844174,107977240,107977240,108135480
01-control,3,79,107844174,107978490,107978490,108119922
01-control,3,80,107844174,107977528,107977528,108136012
01-control,3,81,107844174,107977281,107977281,108135603
01-control,3,82,107844174,107977355,107977355,108135629
01-control,3,83,107844174,107977032,107977032,108136562
01-control,3,84,107844174,107979545,107979545,108136775
01-control,3,85,107844174,107976907,107976907,108135923
01-control,3,86,107844174,107977047,107977047,108136674
01-control,3,87,107844174,107980057,107980057,108137423
01-control,3,88,107844174,107977317,107977317,108119168
01-control,3,89,107844174,107980172,107980172,108136799
01-control,3,90,107844174,107977543,107977543,108135961
01-control,3,91,107844174,107979534,107979534,108137359
01-control,3,92,107844174,107979486,107979486,108120768
01-control,3,93,107844174,107978635,107978635,108136753
01-control,3,94,107844174,107976863,107976863,108135935
01-control,3,95,107844174,107977613,107977613,108136129
01-control,3,96,107844174,107979906,107979906,108136281
01-control,3,97,107844174,107980199,107980199,108136724
01-control,3,98,107844174,107980073,107980073,108137089
01-control,3,99,107844174,107977177,107977177,108119061
01-control,3,100,107844174,107980184,107980184,108121305
01-control,3,101,107844174,107976545,107976545,108132192
01-control,3,102,107844174,107978938,107978938,108136953
01-control,3,103,107844174,107977088,107977088,108136360
01-control,3,104,107844174,107976568,107976568,108131793
01-control,3,105,107844174,107977960,107977960,108136333
01-control,3,106,107844174,107978944,107978944,108136259
01-control,3,107,107844174,107979101,107979101,108135628
01-control,3,108,107844174,107977652,107977652,108136089
01-control,3,109,107844174,107978476,107978476,108119922
01-control,3,110,107844174,107978175,107978175,108119750
01-control,3,111,107844174,107980052,107980052,108136877
01-control,3,112,107844174,107979285,107979285,108135728
01-control,3,113,107844174,107979927,107979927,108137112
01-control,3,114,107844174,107977775,107977775,108137402
01-control,3,115,107844174,107976965,107976965,108135966
01-control,3,116,107844174,107977894,107977894,108137392
01-control,3,117,107844174,107977241,107977241,108135513
01-control,3,118,107844174,107979994,107979994,108136950
01-control,3,119,107844174,107977402,107977402,108119210
01-control,3,120,107844174,107978416,107978416,108119882
01-control,3,121,107844174,107979057,107979057,108137548
01-control,3,122,107844174,107978510,107978510,108119926
01-control,3,123,107844174,107976588,107976588,108132788
01-control,3,124,107844174,107977127,107977127,108135953
01-control,3,125,107844174,107976757,107976757,108136227
01-control,3,126,107844174,107978577,107978577,108135813
01-control,3,127,107844174,107976848,107976848,108135885
01-control,3,128,107844174,107977166,107977166,108135306
01-control,3,129,107844174,107978295,107978295,108119796
01-control,3,130,107844174,107977402,107977402,108119219
01-control,3,131,107844174,107980055,107980055,108137346
01-control,3,132,107844174,107978085,107978085,108119597
01-control,3,133,107844174,107977005,107977005,108136707
01-control,3,134,107844174,107976550,107976550,108131818
01-control,3,135,107844174,107978028,107978028,108135732
01-control,3,136,107844174,107976652,107976652,108132225
01-control,3,137,107844174,107979211,107979211,108136764
01-control,3,138,107844174,107976614,107976614,108132073
01-control,3,139,107844174,107979631,107979631,108136969
01-control,3,140,107844174,107978981,107978981,108136856
01-control,3,141,107844174,107976625,107976625,108131928
01-control,3,142,107844174,107978380,107978380,108119843
01-control,3,143,107844174,107976865,107976865,108135879
01-control,3,144,107844174,107977384,107977384,108135389
01-control,3,145,107844174,107977426,107977426,108135486
01-control,3,146,107844174,107978506,107978506,108119923
01-control,3,147,107844174,107979911,107979911,108136969
01-control,3,148,107844174,107977108,107977108,108136054
01-control,3,149,107844174,107976635,107976635,108131979
01-control,3,150,107844174,107978775,107978775,108137282
01-control,3,151,107844174,107980264,107980264,108137051
01-control,3,152,107844174,107979061,107979061,108135752
01-control,3,153,107844174,107978387,107978387,108119892
01-control,3,154,107844174,107978345,107978345,108137518
01-control,3,155,107844174,107978103,107978103,108119600
01-control,3,156,107844174,107976887,107976887,108136091
01-control,3,157,107844174,107976989,107976989,108136670
01-control,3,158,107844174,107979946,107979946,108136738
01-control,3,159,107844174,107977257,107977257,108135521
01-control,3,160,107844174,107980264,107980264,108136588
01-control,3,161,107844174,107976819,107976819,108136488
01-control,3,162,107844174,107979009,107979009,108137357
01-control,3,163,107844174,107978245,107978245,108137483
01-control,3,164,107844174,107977482,107977482,108135255
01-control,3,165,107844174,107977379,107977379,108135518
01-control,3,166,107844174,107978003,107978003,108137412
01-control,3,167,107844174,107979879,107979879,108137067
01-control,3,168,107844174,107977984,107977984,108137584
01-control,3,169,107844174,107977789,107977789,108137565
01-control,3,170,107844174,107979964,107979964,108136954
01-control,3,171,107844174,107979647,107979647,108136873
01-control,3,172,107844174,107976557,107976557,108131882
01-control,3,173,107844174,107978276,107978276,108119808
01-control,3,174,107844174,107977127,107977127,108118998
01-control,3,175,107844174,107978656,107978656,108136436
01-control,3,176,107844174,107977591,107977591,108136067
01-control,3,177,107844174,107976622,107976622,108131807
01-control,3,178,107844174,107980420,107980420,108121443
01-control,3,179,107844174,107978077,107978077,108119574
01-control,3,180,107844174,107978467,107978467,108135833
01-control,3,181,107844174,107979925,107979925,108137083
01-control,3,182,107844174,107979005,107979005,108136256
01-control,3,183,107844174,107978998,107978998,108135317
01-control,3,184,107844174,107977739,107977739,108137187
01-control,3,185,107844174,107978317,107978317,108135712
01-control,3,186,107844174,107979367,107979367,108135786
01-control,3,187,107844174,107979477,107979477,108120752
01-control,3,188,107844174,107978328,107978328,108135671
01-control,3,189,107844174,107978090,107978090,108119590
01-control,3,190,107844174,107978496,107978496,108135774
01-control,3,191,107844174,107979819,107979819,108136180
01-control,3,192,107844174,107976875,107976875,108135938
01-control,3,193,107844174,107976568,107976568,108131849
01-control,3,194,107844174,107977312,107977312,108135553
01-control,3,195,107844174,107976718,107976718,108132175
01-control,3,196,107844174,107979070,107979070,108136750
01-control,3,197,107844174,107978462,107978462,108119921
01-control,3,198,107844174,107979323,107979323,108135765
01-control,3,199,107844174,107977954,107977954,108136435
01-control,3,200,107844174,107978581,107978581,108119987
01-control,3,201,107844174,107976569,107976569,108132203
01-control,3,202,107844174,107978582,107978582,108135837
01-control,3,203,107844174,107979830,107979830,108136805
01-control,3,204,107844174,107980159,107980159,108137192
01-control,3,205,107844174,107980375,107980375,108136272
01-control,3,206,107844174,107980076,107980076,108121242
01-control,3,207,107844174,107980063,107980063,108136978
01-control,3,208,107844174,107978990,107978990,108136541
01-control,3,209,107844174,107980361,107980361,108121436
01-control,3,210,107844174,107978615,107978615,108120015
01-control,3,211,107844174,107978514,107978514,108135871
01-control,3,212,107844174,107979430,107979430,108137448
01-control,3,213,107844174,107977652,107977652,108136081
01-control,3,214,107844174,107979547,107979547,108120804
01-control,3,215,107844174,107980114,107980114,108137412
01-control,3,216,107844174,107976564,107976564,108131876
01-control,3,217,107844174,107976954,107976954,108136066
01-control,3,218,107844174,107976836,107976836,108135958
01-control,3,219,107844174,107977813,107977813,108137173
01-control,3,220,107844174,107978468,107978468,108119913
01-control,3,221,107844174,107976585,107976585,108132307
01-control,3,222,107844174,107980088,107980088,108137556
01-control,3,223,107844174,107980286,107980286,108137032
01-control,3,224,107844174,107977901,107977901,108137481
01-control,3,225,107844174,107978041,107978041,108119558
01-control,3,226,107844174,107979160,107979160,108136675
01-control,3,227,107844174,107976969,107976969,108136873
01-control,3,228,107844174,107978178,107978178,108119638
01-control,3,229,107844174,107979918,107979918,108136865
01-control,3,230,107844174,107977430,107977430,108119224
01-control,3,231,107844174,107979160,107979160,108137127
01-control,3,232,107844174,107977155,107977155,108119024
01-control,3,233,107844174,107979659,107979659,108136246
01-control,3,234,107844174,107979715,107979715,108135470
01-control,3,235,107844174,107978192,107978192,108136970
01-control,3,236,107844174,107978696,107978696,108136347
01-control,3,237,107844174,107977998,107977998,108137256
01-control,3,238,107844174,107977846,107977846,108137610
01-control,3,239,107844174,107978847,107978847,108135444
01-control,3,240,107844174,107979675,107979675,108120904
01-control,3,241,107844174,107978773,107978773,108137159
01-control,3,242,107844174,107980132,107980132,108137314
01-control,3,243,107844174,107979890,107979890,108137073
01-control,3,244,107844174,107976735,107976735,108132122
01-control,3,245,107844174,107978814,107978814,108135584
01-control,3,246,107844174,107978702,107978702,108120076
01-control,3,247,107844174,107978546,107978546,108119962
01-control,3,248,107844174,107977024,107977024,108136777
01-control,3,249,107844174,107980281,107980281,108121376
01-control,3,250,107844174,107978779,107978779,108137463
01-control,3,251,107844174,107978692,107978692,108136548
01-control,3,252,107844174,107977453,107977453,108135359
01-control,3,253,107844174,107977983,107977983,108137489
01-control,3,254,107844174,107980340,107980340,108121401
01-control,3,255,107844174,107980087,107980087,108137253
01-control,3,256,107844174,107980070,107980070,108137371
01-control,3,257,107844174,107976846,107976846,108135908
01-control,3,258,107844174,107976911,107976911,108136040
01-control,3,259,107844174,107977968,107977968,108136187
01-control,3,260,107844174,107980186,107980186,108136054
01-control,3,261,107844174,107979316,107979316,108135355
01-control,3,262,107844174,107980246,107980246,108121339
01-control,3,263,107844174,107980300,107980300,108121397
01-control,3,264,107844174,107978595,107978595,108119997
01-control,3,265,107844174,107980169,107980169,108137225
01-control,3,266,107844174,107979633,107979633,108136441
01-control,3,267,107844174,107977861,107977861,108137614
01-control,3,268,107844174,107977299,107977299,108119110
01-control,3,269,107844174,107977333,107977333,108136714
01-control,3,270,107844174,107976644,107976644,108131935
01-control,3,271,107844174,107976952,107976952,108136168
01-control,3,272,107844174,107977516,107977516,108135270
01-control,3,273,107844174,107979368,107979368,108120693
01-control,3,274,107844174,107979079,107979079,108135907
01-control,3,275,107844174,107977638,107977638,108136144
01-control,3,276,107844174,107977077,107977077,108136460
01-control,3,277,107844174,107979643,107979643,108137260
01-control,3,278,107844174,107980082,107980082,108137254
01-control,3,279,107844174,107978453,107978453,108119907
01-control,3,280,107844174,107977341,107977341,108135730
01-control,3,281,107844174,107980280,107980280,108136602
01-control,3,282,107844174,107977157,107977157,108119021
01-control,3,283,107844174,107979022,107979022,108137510
01-control,3,284,107844174,107980319,107980319,108121379
01-control,3,285,107844174,107979681,107979681,108135787
01-control,3,286,107844174,107977765,107977765,108137589
01-control,3,287,107844174,107977390,107977390,108135230
01-control,3,288,107844174,107977478,107977478,108135230
01-control,3,289,107844174,107978316,107978316,108119825
01-control,3,290,107844174,107979325,107979325,108135749
01-control,3,291,107844174,107977614,107977614,108136100
01-control,3,292,107844174,107979518,107979518,108137434
01-control,3,293,107844174,107977497,107977497,108135386
01-control,3,294,107844174,107979190,107979190,108135598
01-control,3,295,107844174,107979379,107979379,108135230
01-control,3,296,107844174,107976663,107976663,108132220
01-control,3,297,107844174,107979316,107979316,108135259
01-control,3,298,107844174,107976583,107976583,108131831
01-control,3,299,107844174,107979275,107979275,108135539
01-control,3,300,107844174,107979178,107979178,108135189
01-control,3,301,107844174,107976945,107976945,108118870
01-control,3,302,107844174,107980437,107980437,108137197
01-control,3,303,107844174,107978119,107978119,108119612
01-control,3,304,107844174,107978644,107978644,108136539
01-control,3,305,107844174,107977274,107977274,108135496
01-control,3,306,107844174,107979989,107979989,108137316
01-control,3,307,107844174,107978423,107978423,108119869
01-control,3,308,107844174,107978862,107978862,108136244
01-control,3,309,107844174,107980006,107980006,108137165
01-control,3,310,107844174,107980019,107980019,108137281
01-control,3,311,107844174,107978982,107978982,108136655
01-control,3,312,107844174,107977817,107977817,108137290
01-control,3,313,107844174,107980365,107980365,108121439
01-control,3,314,107844174,107977498,107977498,108135255
01-control,3,315,107844174,107978263,107978263,108119806
01-control,3,316,107844174,107979238,107979238,108136843
01-control,3,317,107844174,107979252,107979252,108135462
01-control,3,318,107844174,107976601,107976601,108132841
01-control,3,319,107844174,107977058,107977058,108136603
01-control,3,320,107844174,107977253,107977253,108119103
01-control,3,321,107844174,107977181,107977181,108134598
01-control,3,322,107844174,107978265,107978265,108136620
01-control,3,323,107844174,107979551,107979551,108137521
01-control,3,324,107844174,107976584,107976584,108131833
01-control,3,325,107844174,107977662,107977662,108136077
01-control,3,326,107844174,107976749,107976749,108132281
01-control,3,327,107844174,107977513,107977513,108135111
01-control,3,328,107844174,107979713,107979713,108136849
01-control,3,329,107844174,107976989,107976989,108118898
01-control,3,330,107844174,107976549,107976549,108132023
01-control,3,331,107844174,107977748,107977748,108137596
01-control,3,332,107844174,107978197,107978197,108137446
01-control,3,333,107844174,107976508,107976508,108131996
01-control,3,334,107844174,107978638,107978638,108136650
01-control,3,335,107844174,107977845,107977845,108137501
01-control,3,336,107844174,107979256,107979256,108135188
01-control,3,337,107844174,107980232,107980232,108121336
01-control,3,338,107844174,107976618,107976618,108132099
01-control,3,339,107844174,107976975,107976975,108136772
01-control,3,340,107844174,107976629,107976629,108132022
01-control,3,341,107844174,107979084,107979084,108135249
01-control,3,342,107844174,107977857,107977857,108137396
01-control,3,343,107844174,107977620,107977620,108136027
01-control,3,344,107844174,107980095,107980095,108137187
01-control,3,345,107844174,107976639,107976639,108131920
01-control,3,346,107844174,107979198,107979198,108135782
01-control,3,347,107844174,107978250,107978250,108136761
01-control,3,348,107844174,107979719,107979719,108137062
01-control,3,349,107844174,107979282,107979282,108135398
01-control,3,350,107844174,107978730,107978730,108137160
01-control,3,351,107844174,107979672,107979672,108136732
01-control,3,352,107844174,107977297,107977297,108135579
01-control,3,353,107844174,107977087,107977087,108136258
01-control,3,354,107844174,107976986,107976986,108136655
01-control,3,355,107844174,107977136,107977136,108135749
01-control,3,356,107844174,107979570,107979570,108136379
01-control,3,357,107844174,107976774,107976774,108136665
01-control,3,358,107844174,107976727,107976727,108132283
01-control,3,359,107844174,107978405,107978405,108119871
01-control,3,360,107844174,107979623,107979623,108136498
01-control,3,361,107844174,107979275,107979275,108135648
01-control,3,362,107844174,107977218,107977218,108119110
01-control,3,363,107844174,107979418,107979418,108120728
01-control,3,364,107844174,107980213,107980213,108121319
01-control,3,365,107844174,107977478,107977478,108135360
01-control,3,366,107844174,107979968,107979968,108136232
01-control,3,367,107844174,107979142,107979142,108136641
01-control,3,368,107844174,107979230,107979230,108120554
01-control,3,369,107844174,107979663,107979663,108136540
01-control,3,370,107844174,107978133,107978133,108137050
01-control,3,371,107844174,107978536,107978536,108137520
01-control,3,372,107844174,107976708,107976708,108132284
01-control,3,373,107844174,107978886,107978886,108136658
01-control,3,374,107844174,107976769,107976769,108136551
01-control,3,375,107844174,107976895,107976895,108135979
01-control,3,376,107844174,107977518,107977518,108136067
01-control,3,377,107844174,107978307,107978307,108119815
01-control,3,378,107844174,107979175,107979175,108135368
01-control,3,379,107844174,107979551,107979551,108120825
01-control,3,380,107844174,107977825,107977825,108137553
01-control,3,381,107844174,107979160,107979160,108135815
01-control,3,382,107844174,107976520,107976520,108131893
01-control,3,383,107844174,107979501,107979501,108120773
01-control,3,384,107844174,107976716,107976716,108132215
01-control,3,385,107844174,107978951,107978951,108136390
01-control,3,386,107844174,107978743,107978743,108137110
01-control,3,387,107844174,107978878,107978878,108136548
01-control,3,388,107844174,107978008,107978008,108119543
01-control,3,389,107844174,107978518,107978518,108119945
01-control,3,390,107844174,107980242,107980242,108137547
01-control,3,391,107844174,107980415,107980415,108136658
01-control,3,392,107844174,107977207,107977207,108135561
01-control,3,393,107844174,107978596,107978596,108135130
01-control,3,394,107844174,107976824,107976824,108136278
01-control,3,395,107844174,107978830,107978830,108137203
01-control,3,396,107844174,107976653,107976653,108132155
01-control,3,397,107844174,107978791,107978791,108137411
01-control,3,398,107844174,107979840,107979840,108136657
01-control,3,399,107844174,107977671,107977671,108136141
01-control,3,400,107844174,107979460,107979460,108137097
01-control,3,401,107844174,107980333,107980333,108121412
01-control,3,402,107844174,107978166,107978166,108137262
01-control,3,403,107844174,107978671,107978671,108136335
01-control,3,404,107844174,107977197,107977197,108135617
01-control,3,405,107844174,107978789,107978789,108137473
01-control,3,406,107844174,107979980,107979980,108136881
01-control,3,407,107844174,107976881,107976881,108135992
01-control,3,408,107844174,107976642,107976642,108132275
01-control,3,409,107844174,107976584,107976584,108131868
01-control,3,410,107844174,107977002,107977002,108118903
01-control,3,411,107844174,107977069,107977069,108136924
01-control,3,412,107844174,107980007,107980007,108137288
01-control,3,413,107844174,107977277,107977277,108119113
01-control,3,414,107844174,107976937,107976937,108135912
01-control,3,415,107844174,107977298,107977298,108135433
01-control,3,416,107844174,107977467,107977467,108135372
01-control,3,417,107844174,107976690,107976690,108132088
01-control,3,418,107844174,107979330,107979330,108135850
01-control,3,419,107844174,107977136,107977136,108135644
01-control,3,420,107844174,107979413,107979413,108137585
01-control,3,421,107844174,107979779,107979779,108120973
01-control,3,422,107844174,107978798,107978798,108135678
01-control,3,423,107844174,107978603,107978603,108136810
01-control,3,424,107844174,107978012,107978012,108135506
01-control,3,425,107844174,107979468,107979468,108136394
01-control,3,426,107844174,107978216,107978216,108119771
01-control,3,427,107844174,107979385,107979385,108137294
01-control,3,428,107844174,107977449,107977449,108135191
01-control,3,429,107844174,107979079,107979079,108137005
01-control,3,430,107844174,107976893,107976893,108135887
01-control,3,431,107844174,107979341,107979341,108120694
01-control,3,432,107844174,107977069,107977069,108136820
01-control,3,433,107844174,107978264,107978264,108119806
01-control,3,434,107844174,107978411,107978411,108119888
01-control,3,435,107844174,107977537,107977537,108136127
01-control,3,436,107844174,107979561,107979561,108136498
01-control,3,437,107844174,107976587,107976587,108132833
01-control,3,438,107844174,107978533,107978533,108137516
01-control,3,439,107844174,107979186,107979186,108135270
01-control,3,440,107844174,107980107,107980107,108137335
01-control,3,441,107844174,107979582,107979582,108136228
01-control,3,442,107844174,107977029,107977029,108136563
01-control,3,443,107844174,107977079,107977079,108136245
01-control,3,444,107844174,107980341,107980341,108136955
01-control,3,445,107844174,107979034,107979034,108136516
01-control,3,446,107844174,107978715,107978715,108137209
01-control,3,447,107844174,107977955,107977955,108136642
01-control,3,448,107844174,107978289,107978289,108136502
01-control,3,449,107844174,107976530,107976530,108131948
01-control,3,450,107844174,107980423,107980423,108121448
01-control,3,451,107844174,107977798,107977798,108137521
01-control,3,452,107844174,107979123,107979123,108135457
01-control,3,453,107844174,107976658,107976658,108132218
01-control,3,454,107844174,107978445,107978445,108119899
01-control,3,455,107844174,107980341,107980341,108121429
01-control,3,456,107844174,107980010,107980010,108136501
01-control,3,457,107844174,107978345,107978345,108137115
01-control,3,458,107844174,107979631,107979631,108136952
01-control,3,459,107844174,107977589,107977589,108136019
01-control,3,460,107844174,107979693,107979693,108137096
01-control,3,461,107844174,107979879,107979879,108137056
01-control,3,462,107844174,107980262,107980262,108136299
01-control,3,463,107844174,107976998,107976998,108118919
01-control,3,464,107844174,107977719,107977719,108136390
01-control,3,465,107844174,107980154,107980154,108137247
01-control,3,466,107844174,107978906,107978906,108136934
01-control,3,467,107844174,107976748,107976748,108132009
01-control,3,468,107844174,107979581,107979581,108136620
01-control,3,469,107844174,107978955,107978955,108136155
01-control,3,470,107844174,107979727,107979727,108136961
01-control,3,471,107844174,107977531,107977531,108136038
01-control,3,472,107844174,107977802,107977802,108137388
01-control,3,473,107844174,107979348,107979348,108136296
01-control,3,474,107844174,107977416,107977416,108135593
01-control,3,475,107844174,107977009,107977009,108136749
01-control,3,476,107844174,107979983,107979983,108136746
01-control,3,477,107844174,107979499,107979499,108120764
01-control,3,478,107844174,107978211,107978211,108119751
01-control,3,479,107844174,107980154,107980154,108137189
01-control,3,480,107844174,107979734,107979734,108135328
01-control,3,481,107844174,107977311,107977311,108135565
01-control,3,482,107844174,107979542,107979542,108136698
01-control,3,483,107844174,107978558,107978558,108137458
01-control,3,484,107844174,107977703,107977703,108136588
01-control,3,485,107844174,107978618,107978618,108120018
01-control,3,486,107844174,107977155,107977155,108135514
01-control,3,487,107844174,107977020,107977020,108136803
01-control,3,488,107844174,107978764,107978764,108120121
01-control,3,489,107844174,107979367,107979367,108120684
01-control,3,490,107844174,107978160,107978160,108119628
01-control,3,491,107844174,107979841,107979841,108121013
01-control,3,492,107844174,107976683,107976683,108132026
01-control,3,493,107844174,107979021,107979021,108137477
01-control,3,494,107844174,107978058,107978058,108135527
01-control,3,495,107844174,107976787,107976787,108136445
01-control,3,496,107844174,107979955,107979955,108136556
01-control,3,497,107844174,107977928,107977928,108137000
01-control,3,498,107844174,107977708,107977708,108136489
01-control,3,499,107844174,107976731,107976731,108132032
01-control,3,500,107844174,107978119,107978119,108137472
01-control,3,501,107844174,107977028,107977028,108136732
01-control,3,502,107844174,107977401,107977401,108135805
01-control,3,503,107844174,107976761,107976761,108132135
01-control,3,504,107844174,107976537,107976537,108131905
01-control,3,505,107844174,107977551,107977551,108135917
01-control,3,506,107844174,107976644,107976644,108131936
01-control,3,507,107844174,107978045,107978045,108135794
01-control,3,508,107844174,107976553,107976553,108132270
01-control,3,509,107844174,107979611,107979611,108136229
01-control,3,510,107844174,107980256,107980256,108137351
01-control,3,511,107844174,107977760,107977760,108137488
01-control,3,512,107844174,107978218,107978218,108136859
01-control,3,513,107844174,107980347,107980347,108136862
01-control,3,514,107844174,107978048,107978048,108137306
01-control,3,515,107844174,107980101,107980101,108137364
01-control,3,516,107844174,107979589,107979589,108136333
01-control,3,517,107844174,107976598,107976598,108132147
01-control,3,518,107844174,107979598,107979598,108136193
01-control,3,519,107844174,107978382,107978382,108136864
01-control,3,520,107844174,107978745,107978745,108137139
01-control,3,521,107844174,107978625,107978625,108136888
01-control,3,522,107844174,107976920,107976920,108135863
01-control,3,523,107844174,107977752,107977752,108137574
01-control,3,524,107844174,107978110,107978110,108137382
01-control,3,525,107844174,107979738,107979738,108135668
01-control,3,526,107844174,107978970,107978970,108136694
01-control,3,527,107844174,107979207,107979207,108135710
01-control,3,528,107844174,107977416,107977416,108135704
01-control,3,529,107844174,107979975,107979975,108137333
01-control,3,530,107844174,107976704,107976704,108132254
01-control,3,531,107844174,107978461,107978461,108119898
01-control,3,532,107844174,107978723,107978723,108120113
01-control,3,533,107844174,107977913,107977913,108137444
01-control,3,534,107844174,107977467,107977467,108135568
01-control,3,535,107844174,107979218,107979218,108136984
01-control,3,536,107844174,107979133,107979133,108135522
01-control,3,537,107844174,107978713,107978713,108136858
01-control,3,538,107844174,107979688,107979688,108136820
01-control,3,539,107844174,107980204,107980204,108137324
01-control,3,540,107844174,107976915,107976915,108136027
01-control,3,541,107844174,107978867,107978867,108136770
01-control,3,542,107844174,107978891,107978891,108136447
01-control,3,543,107844174,107976569,107976569,108132786
01-control,3,544,107844174,107977224,107977224,108135668
01-control,3,545,107844174,107976706,107976706,108132309
01-control,3,546,107844174,107976946,107976946,108118874
01-control,3,547,107844174,107976519,107976519,108132284
01-control,3,548,107844174,107977599,107977599,108135961
01-control,3,549,107844174,107979989,107979989,108137215
01-control,3,550,107844174,107979124,107979124,108135770
01-control,3,551,107844174,107979399,107979399,108137401
01-control,3,552,107844174,107979901,107979901,108137009
01-control,3,553,107844174,107976808,107976808,108136384
01-control,3,554,107844174,107980181,107980181,108121302
01-control,3,555,107844174,107978545,107978545,108119960
01-control,3,556,107844174,107977923,107977923,108137019
01-control,3,557,107844174,107979294,107979294,108135666
01-control,3,558,107844174,107976641,107976641,108132201
01-control,3,559,107844174,107978330,107978330,108136293
01-control,3,560,107844174,107978828,107978828,108137034
01-control,3,561,107844174,107976602,107976602,108132823
01-control,3,562,107844174,107977188,107977188,108119087
01-control,3,563,107844174,107978022,107978022,108135626
01-control,3,564,107844174,107978665,107978665,108135853
01-control,3,565,107844174,107980272,107980272,108121347
01-control,3,566,107844174,107977317,107977317,108135380
01-control,3,567,107844174,107976903,107976903,108136124
01-control,3,568,107844174,107979861,107979861,108135415
01-control,3,569,107844174,107978948,107978948,108136850
01-control,3,570,107844174,107976845,107976845,108136340
01-control,3,571,107844174,107978804,107978804,108135729
01-control,3,572,107844174,107978147,107978147,108137417
01-control,3,573,107844174,107980117,107980117,108137516
01-control,3,574,107844174,107979051,107979051,108137269
01-control,3,575,107844174,107978395,107978395,108119864
01-control,3,576,107844174,107978959,107978959,108136124
01-control,3,577,107844174,107976653,107976653,108132000
01-control,3,578,107844174,107978885,107978885,108136759
01-control,3,579,107844174,107976899,107976899,108135988
01-control,3,580,107844174,107978364,107978364,108119839
01-control,3,581,107844174,107980037,107980037,108137055
01-control,3,582,107844174,107978429,107978429,108119881
01-control,3,583,107844174,107980226,107980226,108135953
01-control,3,584,107844174,107980225,107980225,108136537
01-control,3,585,107844174,107977698,107977698,108136366
01-control,3,586,107844174,107978891,107978891,108136345
01-control,3,587,107844174,107979044,107979044,108137300
01-control,3,588,107844174,107977148,107977148,108135410
01-control,3,589,107844174,107977195,107977195,108134950
01-control,3,590,107844174,107978281,107978281,108135790
01-control,3,591,107844174,107977644,107977644,108135981
01-control,3,592,107844174,107980325,107980325,108121384
01-control,3,593,107844174,107977689,107977689,108135946
01-control,3,594,107844174,107978681,107978681,108136358
01-control,3,595,107844174,107977570,107977570,108135975
01-control,3,596,107844174,107979302,107979302,108135559
01-control,3,597,107844174,107979507,107979507,108120776
01-control,3,598,107844174,107977880,107977880,108137563
01-control,3,599,107844174,107980322,107980322,108121405
01-control,3,600,107844174,107980109,107980109,108121247
01-control,3,601,107844174,107979790,107979790,108137169
01-control,3,602,107844174,107979746,107979746,108136392
01-control,3,603,107844174,107979699,107979699,108136898
01-control,3,604,107844174,107979227,107979227,108136982
01-control,3,605,107844174,107977910,107977910,108136902
01-control,3,606,107844174,107976798,107976798,108136589
01-control,3,607,107844174,107977244,107977244,108135187
01-control,3,608,107844174,107979927,107979927,108136785
01-control,3,609,107844174,107978894,107978894,108137064
01-control,3,610,107844174,107977578,107977578,108136019
01-control,3,611,107844174,107980285,107980285,108136290
01-control,3,612,107844174,107977739,107977739,108135167
01-control,3,613,107844174,107977701,107977701,108136505
01-control,3,614,107844174,107977833,107977833,108137564
01-control,3,615,107844174,107979760,107979760,108137091
01-control,3,616,107844174,107979917,107979917,108137088
01-control,3,617,107844174,107980296,107980296,108121389
01-control,3,618,107844174,107979761,107979761,108136647
01-control,3,619,107844174,107979617,107979617,108136439
01-control,3,620,107844174,107980139,107980139,108137210
01-control,3,621,107844174,107979361,107979361,108136399
01-control,3,622,107844174,107979776,107979776,108136876
01-control,3,623,107844174,107976774,107976774,108136131
01-control,3,624,107844174,107978764,107978764,108137192
01-control,3,625,107844174,107979790,107979790,108136419
01-control,3,626,107844174,107978814,107978814,108137177
01-control,3,627,107844174,107979617,107979617,108137180
01-control,3,628,107844174,107978226,107978226,108136907
01-control,3,629,107844174,107977176,107977176,108135202
01-control,3,630,107844174,107978372,107978372,108137091
01-control,3,631,107844174,107976787,107976787,108132152
01-control,3,632,107844174,107978519,107978519,108137367
01-control,3,633,107844174,107977320,107977320,108135484
01-control,3,634,107844174,107978670,107978670,108136459
01-control,3,635,107844174,107980392,107980392,108136965
01-control,3,636,107844174,107980175,107980175,108137416
01-control,3,637,107844174,107976705,107976705,108132123
01-control,3,638,107844174,107980373,107980373,108121433
01-control,3,639,107844174,107979944,107979944,108136940
01-control,3,640,107844174,107977460,107977460,108135454
01-control,3,641,107844174,107978446,107978446,108135685
01-control,3,642,107844174,107977886,107977886,108137618
01-control,3,643,107844174,107979130,107979130,108136786
01-control,3,644,107844174,107977326,107977326,108135302
01-control,3,645,107844174,107980020,107980020,108137281
01-control,3,646,107844174,107978063,107978063,108137498
01-control,3,647,107844174,107979137,107979137,108136894
01-control,3,648,107844174,107977635,107977635,108136142
01-control,3,649,107844174,107978710,107978710,108136447
01-control,3,650,107844174,107977470,107977470,108135358
01-control,3,651,107844174,107979848,107979848,108135490
01-control,3,652,107844174,107977778,107977778,108137575
01-control,3,653,107844174,107978096,107978096,108119621
01-control,3,654,107844174,107976956,107976956,108135852
01-control,3,655,107844174,107980335,107980335,108121421
01-control,3,656,107844174,107976623,107976623,108132190
01-control,3,657,107844174,107976529,107976529,108132267
01-control,3,658,107844174,107976651,107976651,108132149
01-control,3,659,107844174,107977929,107977929,108136748
01-control,3,660,107844174,107976854,107976854,108135987
01-control,3,661,107844174,107979526,107979526,108120790
01-control,3,662,107844174,107979805,107979805,108121006
01-control,3,663,107844174,107978842,107978842,108135363
01-control,3,664,107844174,107976789,107976789,108136236
01-control,3,665,107844174,107976791,107976791,108136175
01-control,3,666,107844174,107979799,107979799,108137080
01-control,3,667,107844174,107980211,107980211,108137197
01-control,3,668,107844174,107976688,107976688,108132126
01-control,3,669,107844174,107979809,107979809,108136985
01-control,3,670,107844174,107979409,107979409,108120716
01-control,3,671,107844174,107976924,107976924,108136275
01-control,3,672,107844174,107977880,107977880,108137506
01-control,3,673,107844174,107976837,107976837,108135855
01-control,3,674,107844174,107980030,107980030,108136185
01-control,3,675,107844174,107979473,107979473,108137057
01-control,3,676,107844174,107976726,107976726,108132142
01-control,3,677,107844174,107977049,107977049,108118959
01-control,3,678,107844174,107978349,107978349,108119842
01-control,3,679,107844174,107978482,107978482,108135505
01-control,3,680,107844174,107976828,107976828,108136081
01-control,3,681,107844174,107979866,107979866,108136485
01-control,3,682,107844174,107980415,107980415,108121451
01-control,3,683,107844174,107978904,107978904,108137013
01-control,3,684,107844174,107979433,107979433,108137153
01-control,3,685,107844174,107980026,107980026,108137298
01-control,3,686,107844174,107979863,107979863,108121059
01-control,3,687,107844174,107980249,107980249,108121353
01-control,3,688,107844174,107976541,107976541,108132253
01-control,3,689,107844174,107979453,107979453,108136847
01-control,3,690,107844174,107976975,107976975,108118898
01-control,3,691,107844174,107976904,107976904,108136177
01-control,3,692,107844174,108015643,108015643,108120811
01-control,3,693,107844174,107977782,107977782,108132708
01-control,3,694,107844174,107983888,107983888,108150689
01-control,3,695,107844174,107980159,107980159,108122592
01-control,3,696,107844174,107978956,107978956,108137252
01-control,3,697,107844174,107978847,107978847,108120225
01-control,3,698,107844174,107976805,107976805,108139704
01-control,3,699,107844174,107980348,107980348,108152668
02-candidate,1,50,48066053,48174608,48174608,48323766
02-candidate,1,51,48066053,48174897,48174897,48304855
02-candidate,1,52,48066053,48176424,48176424,48324224
02-candidate,1,53,48066053,48172573,48172573,48320525
02-candidate,1,54,48066053,48172160,48172160,48319670
02-candidate,1,55,48066053,48172489,48172489,48320411
02-candidate,1,56,48066053,48174263,48174263,48322159
02-candidate,1,57,48066053,48174880,48174880,48323991
02-candidate,1,58,48066053,48175248,48175248,48322845
02-candidate,1,59,48066053,48174506,48174506,48322582
02-candidate,1,60,48066053,48173192,48173192,48321001
02-candidate,1,61,48066053,48174122,48174122,48321548
02-candidate,1,62,48066053,48174806,48174806,48323767
02-candidate,1,63,48066053,48174000,48174000,48321999
02-candidate,1,64,48066053,48172638,48172638,48320854
02-candidate,1,65,48066053,48176041,48176041,48324355
02-candidate,1,66,48066053,48174903,48174903,48323595
02-candidate,1,67,48066053,48174911,48174911,48304868
02-candidate,1,68,48066053,48172115,48172115,48319788
02-candidate,1,69,48066053,48174389,48174389,48323603
02-candidate,1,70,48066053,48175114,48175114,48323935
02-candidate,1,71,48066053,48172379,48172379,48321028
02-candidate,1,72,48066053,48174182,48174182,48322121
02-candidate,1,73,48066053,48175802,48175802,48324078
02-candidate,1,74,48066053,48174881,48174881,48322537
02-candidate,1,75,48066053,48173499,48173499,48321443
02-candidate,1,76,48066053,48172812,48172812,48321377
02-candidate,1,77,48066053,48174553,48174553,48322595
02-candidate,1,78,48066053,48175341,48175341,48322511
02-candidate,1,79,48066053,48173133,48173133,48321054
02-candidate,1,80,48066053,48174028,48174028,48322181
02-candidate,1,81,48066053,48172079,48172079,48319500
02-candidate,1,82,48066053,48173772,48173772,48322016
02-candidate,1,83,48066053,48174735,48174735,48304758
02-candidate,1,84,48066053,48173150,48173150,48321114
02-candidate,1,85,48066053,48173651,48173651,48321504
02-candidate,1,86,48066053,48172790,48172790,48320792
02-candidate,1,87,48066053,48174268,48174268,48321438
02-candidate,1,88,48066053,48173671,48173671,48321976
02-candidate,1,89,48066053,48175087,48175087,48324039
02-candidate,1,90,48066053,48173348,48173348,48321594
02-candidate,1,91,48066053,48172632,48172632,48321223
02-candidate,1,92,48066053,48173965,48173965,48321892
02-candidate,1,93,48066053,48176017,48176017,48323553
02-candidate,1,94,48066053,48174050,48174050,48322670
02-candidate,1,95,48066053,48175377,48175377,48322807
02-candidate,1,96,48066053,48175770,48175770,48323854
02-candidate,1,97,48066053,48172417,48172417,48320894
02-candidate,1,98,48066053,48172332,48172332,48321094
02-candidate,1,99,48066053,48175739,48175739,48323706
02-candidate,1,100,48066053,48172179,48172179,48319810
02-candidate,1,101,48066053,48174615,48174615,48322605
02-candidate,1,102,48066053,48174919,48174919,48324009
02-candidate,1,103,48066053,48176066,48176066,48324156
02-candidate,1,104,48066053,48172652,48172652,48320937
02-candidate,1,105,48066053,48172392,48172392,48321403
02-candidate,1,106,48066053,48172444,48172444,48321102
02-candidate,1,107,48066053,48172359,48172359,48320544
02-candidate,1,108,48066053,48172746,48172746,48321308
02-candidate,1,109,48066053,48173408,48173408,48321668
02-candidate,1,110,48066053,48174373,48174373,48323484
02-candidate,1,111,48066053,48172310,48172310,48321363
02-candidate,1,112,48066053,48175958,48175958,48323681
02-candidate,1,113,48066053,48173484,48173484,48321873
02-candidate,1,114,48066053,48172689,48172689,48303537
02-candidate,1,115,48066053,48172173,48172173,48319791
02-candidate,1,116,48066053,48172694,48172694,48320635
02-candidate,1,117,48066053,48172417,48172417,48321314
02-candidate,1,118,48066053,48173804,48173804,48321952
02-candidate,1,119,48066053,48174152,48174152,48322033
02-candidate,1,120,48066053,48173903,48173903,48321967
02-candidate,1,121,48066053,48173437,48173437,48322716
02-candidate,1,122,48066053,48174551,48174551,48304638
02-candidate,1,123,48066053,48172225,48172225,48321143
02-candidate,1,124,48066053,48175573,48175573,48323528
02-candidate,1,125,48066053,48176082,48176082,48323785
02-candidate,1,126,48066053,48172220,48172220,48319591
02-candidate,1,127,48066053,48174965,48174965,48323937
02-candidate,1,128,48066053,48175449,48175449,48323748
02-candidate,1,129,48066053,48172771,48172771,48320554
02-candidate,1,130,48066053,48172414,48172414,48303278
02-candidate,1,131,48066053,48173935,48173935,48322649
02-candidate,1,132,48066053,48173132,48173132,48320683
02-candidate,1,133,48066053,48172142,48172142,48319852
02-candidate,1,134,48066053,48174503,48174503,48323469
02-candidate,1,135,48066053,48172185,48172185,48319785
02-candidate,1,136,48066053,48174455,48174455,48323547
02-candidate,1,137,48066053,48173594,48173594,48321968
02-candidate,1,138,48066053,48173315,48173315,48322025
02-candidate,1,139,48066053,48173376,48173376,48321670
02-candidate,1,140,48066053,48173475,48173475,48321575
02-candidate,1,141,48066053,48174636,48174636,48323693
02-candidate,1,142,48066053,48172258,48172258,48320985
02-candidate,1,143,48066053,48174415,48174415,48323474
02-candidate,1,144,48066053,48172329,48172329,48320585
02-candidate,1,145,48066053,48172051,48172051,48320193
02-candidate,1,146,48066053,48174620,48174620,48324328
02-candidate,1,147,48066053,48175756,48175756,48324152
02-candidate,1,148,48066053,48173374,48173374,48321581
02-candidate,1,149,48066053,48174141,48174141,48321608
02-candidate,1,150,48066053,48174039,48174039,48321968
02-candidate,1,151,48066053,48174711,48174711,48323582
02-candidate,1,152,48066053,48174161,48174161,48321925
02-candidate,1,153,48066053,48173963,48173963,48322220
02-candidate,1,154,48066053,48175153,48175153,48323924
02-candidate,1,155,48066053,48175726,48175726,48324076
02-candidate,1,156,48066053,48173736,48173736,48322657
02-candidate,1,157,48066053,48172518,48172518,48321043
02-candidate,1,158,48066053,48174005,48174005,48322033
02-candidate,1,159,48066053,48174240,48174240,48322494
02-candidate,1,160,48066053,48175256,48175256,48323783
02-candidate,1,161,48066053,48176262,48176262,48305535
02-candidate,1,162,48066053,48172557,48172557,48321232
02-candidate,1,163,48066053,48176010,48176010,48323397
02-candidate,1,164,48066053,48172769,48172769,48321270
02-candidate,1,165,48066053,48174708,48174708,48323621
02-candidate,1,166,48066053,48175051,48175051,48323689
02-candidate,1,167,48066053,48174509,48174509,48304617
02-candidate,1,168,48066053,48174667,48174667,48324010
02-candidate,1,169,48066053,48172361,48172361,48320424
02-candidate,1,170,48066053,48172213,48172213,48319821
02-candidate,1,171,48066053,48172139,48172139,48319654
02-candidate,1,172,48066053,48174660,48174660,48304709
02-candidate,1,173,48066053,48173398,48173398,48321976
02-candidate,1,174,48066053,48172263,48172263,48321222
02-candidate,1,175,48066053,48176127,48176127,48324053
02-candidate,1,176,48066053,48172276,48172276,48321155
02-candidate,1,177,48066053,48173173,48173173,48320740
02-candidate,1,178,48066053,48176323,48176323,48324206
02-candidate,1,179,48066053,48174517,48174517,48324306
02-candidate,1,180,48066053,48172997,48172997,48321197
02-candidate,1,181,48066053,48173832,48173832,48322698
02-candidate,1,182,48066053,48175499,48175499,48322873
02-candidate,1,183,48066053,48173418,48173418,48322104
02-candidate,1,184,48066053,48173627,48173627,48321943
02-candidate,1,185,48066053,48176211,48176211,48324302
02-candidate,1,186,48066053,48175471,48175471,48322801
02-candidate,1,187,48066053,48173002,48173002,48321300
02-candidate,1,188,48066053,48175531,48175531,48322845
02-candidate,1,189,48066053,48173444,48173444,48321921
02-candidate,1,190,48066053,48172531,48172531,48321148
02-candidate,1,191,48066053,48173005,48173005,48320634
02-candidate,1,192,48066053,48174122,48174122,48322142
02-candidate,1,193,48066053,48174144,48174144,48322161
02-candidate,1,194,48066053,48172506,48172506,48320816
02-candidate,1,195,48066053,48172835,48172835,48320612
02-candidate,1,196,48066053,48174818,48174818,48324135
02-candidate,1,197,48066053,48174081,48174081,48321623
02-candidate,1,198,48066053,48174984,48174984,48322530
02-candidate,1,199,48066053,48173027,48173027,48320582
02-candidate,1,200,48066053,48173185,48173185,48321250
02-candidate,1,201,48066053,48172311,48172311,48320952
02-candidate,1,202,48066053,48173302,48173302,48321434
02-candidate,1,203,48066053,48174514,48174514,48323570
02-candidate,1,204,48066053,48172115,48172115,48319837
02-candidate,1,205,48066053,48172592,48172592,48320537
02-candidate,1,206,48066053,48172455,48172455,48320920
02-candidate,1,207,48066053,48176320,48176320,48323972
02-candidate,1,208,48066053,48175829,48175829,48323877
02-candidate,1,209,48066053,48174602,48174602,48323840
02-candidate,1,210,48066053,48172224,48172224,48319720
02-candidate,1,211,48066053,48172412,48172412,48320312
02-candidate,1,212,48066053,48174036,48174036,48321741
02-candidate,1,213,48066053,48173987,48173987,48322079
02-candidate,1,214,48066053,48173798,48173798,48321598
02-candidate,1,215,48066053,48173791,48173791,48322733
02-candidate,1,216,48066053,48173985,48173985,48322106
02-candidate,1,217,48066053,48175909,48175909,48322707
02-candidate,1,218,48066053,48176233,48176233,48324194
02-candidate,1,219,48066053,48172665,48172665,48321205
02-candidate,1,220,48066053,48172600,48172600,48320622
02-candidate,1,221,48066053,48174715,48174715,48322501
02-candidate,1,222,48066053,48174304,48174304,48321691
02-candidate,1,223,48066053,48172668,48172668,48320881
02-candidate,1,224,48066053,48172115,48172115,48319652
02-candidate,1,225,48066053,48173886,48173886,48322628
02-candidate,1,226,48066053,48172422,48172422,48303281
02-candidate,1,227,48066053,48175005,48175005,48324149
02-candidate,1,228,48066053,48175236,48175236,48323777
02-candidate,1,229,48066053,48176100,48176100,48324287
02-candidate,1,230,48066053,48172783,48172783,48321061
02-candidate,1,231,48066053,48172284,48172284,48320839
02-candidate,1,232,48066053,48175944,48175944,48322380
02-candidate,1,233,48066053,48172421,48172421,48303265
02-candidate,1,234,48066053,48173957,48173957,48321743
02-candidate,1,235,48066053,48174354,48174354,48324266
02-candidate,1,236,48066053,48172445,48172445,48321047
02-candidate,1,237,48066053,48172636,48172636,48320945
02-candidate,1,238,48066053,48173610,48173610,48304038
02-candidate,1,239,48066053,48173576,48173576,48321740
02-candidate,1,240,48066053,48173059,48173059,48321102
02-candidate,1,241,48066053,48175759,48175759,48322456
02-candidate,1,242,48066053,48172388,48172388,48321158
02-candidate,1,243,48066053,48172401,48172401,48320973
02-candidate,1,244,48066053,48174038,48174038,48322682
02-candidate,1,245,48066053,48172322,48172322,48320547
02-candidate,1,246,48066053,48173908,48173908,48322820
02-candidate,1,247,48066053,48173989,48173989,48322632
02-candidate,1,248,48066053,48174014,48174014,48322023
02-candidate,1,249,48066053,48173503,48173503,48321839
02-candidate,1,250,48066053,48173136,48173136,48320918
02-candidate,1,251,48066053,48173948,48173948,48321817
02-candidate,1,252,48066053,48174099,48174099,48321600
02-candidate,1,253,48066053,48172262,48172262,48320654
02-candidate,1,254,48066053,48173590,48173590,48321596
02-candidate,1,255,48066053,48175056,48175056,48323978
02-candidate,1,256,48066053,48174245,48174245,48322222
02-candidate,1,257,48066053,48174850,48174850,48304838
02-candidate,1,258,48066053,48173377,48173377,48321750
02-candidate,1,259,48066053,48172616,48172616,48320954
02-candidate,1,260,48066053,48172201,48172201,48319668
02-candidate,1,261,48066053,48175577,48175577,48322803
02-candidate,1,262,48066053,48174784,48174784,48323520
02-candidate,1,263,48066053,48173161,48173161,48321324
02-candidate,1,264,48066053,48175968,48175968,48324297
02-candidate,1,265,48066053,48176182,48176182,48323470
02-candidate,1,266,48066053,48172608,48172608,48321029
02-candidate,1,267,48066053,48172561,48172561,48320844
02-candidate,1,268,48066053,48175090,48175090,48323861
02-candidate,1,269,48066053,48174275,48174275,48322121
02-candidate,1,270,48066053,48176358,48176358,48323763
02-candidate,1,271,48066053,48173442,48173442,48321524
02-candidate,1,272,48066053,48172441,48172441,48320429
02-candidate,1,273,48066053,48172293,48172293,48321213
02-candidate,1,274,48066053,48176156,48176156,48324291
02-candidate,1,275,48066053,48176223,48176223,48323734
02-candidate,1,276,48066053,48173940,48173940,48322180
02-candidate,1,277,48066053,48173727,48173727,48321654
02-candidate,1,278,48066053,48173932,48173932,48322775
02-candidate,1,279,48066053,48174342,48174342,48322568
02-candidate,1,280,48066053,48172292,48172292,48321111
02-candidate,1,281,48066053,48176026,48176026,48324289
02-candidate,1,282,48066053,48172108,48172108,48319644
02-candidate,1,283,48066053,48175800,48175800,48323645
02-candidate,1,284,48066053,48174016,48174016,48321842
02-candidate,1,285,48066053,48173507,48173507,48321449
02-candidate,1,286,48066053,48175820,48175820,48323709
02-candidate,1,287,48066053,48176390,48176390,48323813
02-candidate,1,288,48066053,48173649,48173649,48321574
02-candidate,1,289,48066053,48172651,48172651,48320532
02-candidate,1,290,48066053,48172125,48172125,48319692
02-candidate,1,291,48066053,48172737,48172737,48321165
02-candidate,1,292,48066053,48175936,48175936,48322811
02-candidate,1,293,48066053,48174393,48174393,48323836
02-candidate,1,294,48066053,48174721,48174721,48322527
02-candidate,1,295,48066053,48174911,48174911,48304865
02-candidate,1,296,48066053,48173787,48173787,48321841
02-candidate,1,297,48066053,48174829,48174829,48304818
02-candidate,1,298,48066053,48174428,48174428,48324340
02-candidate,1,299,48066053,48175700,48175700,48323658
02-candidate,1,300,48066053,48173159,48173159,48321935
02-candidate,1,301,48066053,48173122,48173122,48321068
02-candidate,1,302,48066053,48172297,48172297,48320940
02-candidate,1,303,48066053,48175576,48175576,48323966
02-candidate,1,304,48066053,48174936,48174936,48323980
02-candidate,1,305,48066053,48174176,48174176,48321619
02-candidate,1,306,48066053,48176258,48176258,48324289
02-candidate,1,307,48066053,48174328,48174328,48321446
02-candidate,1,308,48066053,48172307,48172307,48320791
02-candidate,1,309,48066053,48173736,48173736,48321897
02-candidate,1,310,48066053,48172257,48172257,48320476
02-candidate,1,311,48066053,48172623,48172623,48303351
02-candidate,1,312,48066053,48175991,48175991,48323989
02-candidate,1,313,48066053,48175032,48175032,48324193
02-candidate,1,314,48066053,48172722,48172722,48320694
02-candidate,1,315,48066053,48173373,48173373,48322526
02-candidate,1,316,48066053,48174341,48174341,48324251
02-candidate,1,317,48066053,48173927,48173927,48322077
02-candidate,1,318,48066053,48173417,48173417,48322021
02-candidate,1,319,48066053,48173683,48173683,48321912
02-candidate,1,320,48066053,48175045,48175045,48323830
02-candidate,1,321,48066053,48174926,48174926,48323686
02-candidate,1,322,48066053,48172362,48172362,48320670
02-candidate,1,323,48066053,48175329,48175329,48322833
02-candidate,1,324,48066053,48173900,48173900,48322730
02-candidate,1,325,48066053,48173920,48173920,48321816
02-candidate,1,326,48066053,48174860,48174860,48304843
02-candidate,1,327,48066053,48172834,48172834,48320742
02-candidate,1,328,48066053,48174281,48174281,48322190
02-candidate,1,329,48066053,48174154,48174154,48322134
02-candidate,1,330,48066053,48174557,48174557,48323914
02-candidate,1,331,48066053,48174869,48174869,48324026
02-candidate,1,332,48066053,48172179,48172179,48319828
02-candidate,1,333,48066053,48173892,48173892,48322089
02-candidate,1,334,48066053,48175287,48175287,48322737
02-candidate,1,335,48066053,48175355,48175355,48323540
02-candidate,1,336,48066053,48176206,48176206,48324327
02-candidate,1,337,48066053,48173451,48173451,48321906
02-candidate,1,338,48066053,48175608,48175608,48323901
02-candidate,1,339,48066053,48175660,48175660,48323673
02-candidate,1,340,48066053,48173587,48173587,48321818
02-candidate,1,341,48066053,48173515,48173515,48321869
02-candidate,1,342,48066053,48174062,48174062,48322165
02-candidate,1,343,48066053,48174792,48174792,48323621
02-candidate,1,344,48066053,48175598,48175598,48324128
02-candidate,1,345,48066053,48175618,48175618,48322465
02-candidate,1,346,48066053,48172637,48172637,48320955
02-candidate,1,347,48066053,48172235,48172235,48319733
02-candidate,1,348,48066053,48176302,48176302,48324075
02-candidate,1,349,48066053,48175019,48175019,48323572
02-candidate,1,350,48066053,48172779,48172779,48320763
02-candidate,1,351,48066053,48172438,48172438,48303318
02-candidate,1,352,48066053,48172401,48172401,48320968
02-candidate,1,353,48066053,48172443,48172443,48321417
02-candidate,1,354,48066053,48172617,48172617,48320808
02-candidate,1,355,48066053,48172337,48172337,48320888
02-candidate,1,356,48066053,48175204,48175204,48323877
02-candidate,1,357,48066053,48172674,48172674,48320643
02-candidate,1,358,48066053,48175376,48175376,48324062
02-candidate,1,359,48066053,48173616,48173616,48321946
02-candidate,1,360,48066053,48175421,48175421,48323954
02-candidate,1,361,48066053,48173463,48173463,48321649
02-candidate,1,362,48066053,48172167,48172167,48319783
02-candidate,1,363,48066053,48172080,48172080,48319687
02-candidate,1,364,48066053,48172284,48172284,48320898
02-candidate,1,365,48066053,48176207,48176207,48324364
02-candidate,1,366,48066053,48175879,48175879,48322461
02-candidate,1,367,48066053,48175108,48175108,48324119
02-candidate,1,368,48066053,48174785,48174785,48304792
02-candidate,1,369,48066053,48173399,48173399,48322080
02-candidate,1,370,48066053,48172330,48172330,48321368
02-candidate,1,371,48066053,48174180,48174180,48322197
02-candidate,1,372,48066053,48175380,48175380,48322506
02-candidate,1,373,48066053,48175902,48175902,48322401
02-candidate,1,374,48066053,48173891,48173891,48322167
02-candidate,1,375,48066053,48174641,48174641,48323991
02-candidate,1,376,48066053,48174685,48174685,48304728
02-candidate,1,377,48066053,48174335,48174335,48324240
02-candidate,1,378,48066053,48174471,48174471,48323324
02-candidate,1,379,48066053,48175030,48175030,48323586
02-candidate,1,380,48066053,48172749,48172749,48320895
02-candidate,1,381,48066053,48172539,48172539,48320772
02-candidate,1,382,48066053,48172423,48172423,48320847
02-candidate,1,383,48066053,48173344,48173344,48322049
02-candidate,1,384,48066053,48172145,48172145,48319574
02-candidate,1,385,48066053,48173628,48173628,48322629
02-candidate,1,386,48066053,48174130,48174130,48322146
02-candidate,1,387,48066053,48174640,48174640,48304714
02-candidate,1,388,48066053,48176109,48176109,48324170
02-candidate,1,389,48066053,48174661,48174661,48324089
02-candidate,1,390,48066053,48172343,48172343,48320888
02-candidate,1,391,48066053,48172322,48172322,48321073
02-candidate,1,392,48066053,48176187,48176187,48324361
02-candidate,1,393,48066053,48175266,48175266,48322837
02-candidate,1,394,48066053,48172456,48172456,48321072
02-candidate,1,395,48066053,48175593,48175593,48323865
02-candidate,1,396,48066053,48173169,48173169,48320788
02-candidate,1,397,48066053,48172823,48172823,48321476
02-candidate,1,398,48066053,48174671,48174671,48304717
02-candidate,1,399,48066053,48172817,48172817,48320958
02-candidate,1,400,48066053,48175769,48175769,48323978
02-candidate,1,401,48066053,48174465,48174465,48322611
02-candidate,1,402,48066053,48173683,48173683,48321721
02-candidate,1,403,48066053,48175057,48175057,48322849
02-candidate,1,404,48066053,48172433,48172433,48303311
02-candidate,1,405,48066053,48173412,48173412,48321520
02-candidate,1,406,48066053,48173269,48173269,48322219
02-candidate,1,407,48066053,48174078,48174078,48322122
02-candidate,1,408,48066053,48174988,48174988,48322505
02-candidate,1,409,48066053,48173639,48173639,48322805
02-candidate,1,410,48066053,48174284,48174284,48321433
02-candidate,1,411,48066053,48174124,48174124,48322009
02-candidate,1,412,48066053,48174349,48174349,48323686
02-candidate,1,413,48066053,48172383,48172383,48320737
02-candidate,1,414,48066053,48172524,48172524,48320456
02-candidate,1,415,48066053,48175413,48175413,48322831
02-candidate,1,416,48066053,48176320,48176320,48305553
02-candidate,1,417,48066053,48172206,48172206,48319767
02-candidate,1,418,48066053,48176041,48176041,48323241
02-candidate,1,419,48066053,48175651,48175651,48323903
02-candidate,1,420,48066053,48172267,48172267,48320865
02-candidate,1,421,48066053,48175428,48175428,48324059
02-candidate,1,422,48066053,48174193,48174193,48321506
02-candidate,1,423,48066053,48173343,48173343,48322746
02-candidate,1,424,48066053,48173730,48173730,48321452
02-candidate,1,425,48066053,48173622,48173622,48321667
02-candidate,1,426,48066053,48173633,48173633,48321892
02-candidate,1,427,48066053,48172289,48172289,48320612
02-candidate,1,428,48066053,48176119,48176119,48324297
02-candidate,1,429,48066053,48172317,48172317,48320496
02-candidate,1,430,48066053,48172548,48172548,48320385
02-candidate,1,431,48066053,48175730,48175730,48324080
02-candidate,1,432,48066053,48172291,48172291,48320847
02-candidate,1,433,48066053,48173418,48173418,48321945
02-candidate,1,434,48066053,48176019,48176019,48324183
02-candidate,1,435,48066053,48175001,48175001,48323890
02-candidate,1,436,48066053,48172392,48172392,48320865
02-candidate,1,437,48066053,48175720,48175720,48324036
02-candidate,1,438,48066053,48172482,48172482,48321270
02-candidate,1,439,48066053,48173354,48173354,48322042
02-candidate,1,440,48066053,48174359,48174359,48324237
02-candidate,1,441,48066053,48175830,48175830,48322463
02-candidate,1,442,48066053,48174851,48174851,48324114
02-candidate,1,443,48066053,48175500,48175500,48324163
02-candidate,1,444,48066053,48175451,48175451,48323534
02-candidate,1,445,48066053,48172712,48172712,48320747
02-candidate,1,446,48066053,48172590,48172590,48320566
02-candidate,1,447,48066053,48173721,48173721,48322701
02-candidate,1,448,48066053,48172569,48172569,48320673
02-candidate,1,449,48066053,48172659,48172659,48320752
02-candidate,1,450,48066053,48172430,48172430,48321303
02-candidate,1,451,48066053,48173767,48173767,48321594
02-candidate,1,452,48066053,48172962,48172962,48321246
02-candidate,1,453,48066053,48175927,48175927,48323754
02-candidate,1,454,48066053,48172461,48172461,48320922
02-candidate,1,455,48066053,48174189,48174189,48322185
02-candidate,1,456,48066053,48176037,48176037,48323576
02-candidate,1,457,48066053,48175505,48175505,48323583
02-candidate,1,458,48066053,48172515,48172515,48320314
02-candidate,1,459,48066053,48174596,48174596,48324101
02-candidate,1,460,48066053,48175230,48175230,48323673
02-candidate,1,461,48066053,48174742,48174742,48324216
02-candidate,1,462,48066053,48175585,48175585,48322424
02-candidate,1,463,48066053,48172205,48172205,48319825
02-candidate,1,464,48066053,48173322,48173322,48322010
02-candidate,1,465,48066053,48173643,48173643,48322772
02-candidate,1,466,48066053,48172193,48172193,48319776
02-candidate,1,467,48066053,48174375,48174375,48322582
02-candidate,1,468,48066053,48172662,48172662,48303504
02-candidate,1,469,48066053,48175928,48175928,48323649
02-candidate,1,470,48066053,48172662,48172662,48320731
02-candidate,1,471,48066053,48174569,48174569,48304658
02-candidate,1,472,48066053,48172270,48172270,48321370
02-candidate,1,473,48066053,48172549,48172549,48320778
02-candidate,1,474,48066053,48172696,48172696,48320586
02-candidate,1,475,48066053,48174252,48174252,48322554
02-candidate,1,476,48066053,48175760,48175760,48323957
02-candidate,1,477,48066053,48173919,48173919,48321719
02-candidate,1,478,48066053,48173419,48173419,48322047
02-candidate,1,479,48066053,48173672,48173672,48321510
02-candidate,1,480,48066053,48172302,48172302,48321077
02-candidate,1,481,48066053,48173024,48173024,48320605
02-candidate,1,482,48066053,48174598,48174598,48323396
02-candidate,1,483,48066053,48173077,48173077,48320820
02-candidate,1,484,48066053,48173641,48173641,48321450
02-candidate,1,485,48066053,48173041,48173041,48320495
02-candidate,1,486,48066053,48172362,48172362,48320636
02-candidate,1,487,48066053,48175892,48175892,48322755
02-candidate,1,488,48066053,48174678,48174678,48323776
02-candidate,1,489,48066053,48176156,48176156,48324352
02-candidate,1,490,48066053,48176235,48176235,48323311
02-candidate,1,491,48066053,48172207,48172207,48319515
02-candidate,1,492,48066053,48173810,48173810,48321875
02-candidate,1,493,48066053,48173345,48173345,48321727
02-candidate,1,494,48066053,48172215,48172215,48319728
02-candidate,1,495,48066053,48172231,48172231,48319738
02-candidate,1,496,48066053,48173442,48173442,48321522
02-candidate,1,497,48066053,48175010,48175010,48324191
02-candidate,1,498,48066053,48172188,48172188,48319868
02-candidate,1,499,48066053,48175474,48175474,48323795
02-candidate,1,500,48066053,48172809,48172809,48320689
02-candidate,1,501,48066053,48172632,48172632,48320785
02-candidate,1,502,48066053,48174593,48174593,48324313
02-candidate,1,503,48066053,48176272,48176272,48324179
02-candidate,1,504,48066053,48172205,48172205,48320279
02-candidate,1,505,48066053,48173812,48173812,48321526
02-candidate,1,506,48066053,48172496,48172496,48320998
02-candidate,1,507,48066053,48176001,48176001,48323788
02-candidate,1,508,48066053,48172149,48172149,48319824
02-candidate,1,509,48066053,48174483,48174483,48324001
02-candidate,1,510,48066053,48174071,48174071,48322159
02-candidate,1,511,48066053,48173975,48173975,48322751
02-candidate,1,512,48066053,48173710,48173710,48321929
02-candidate,1,513,48066053,48176208,48176208,48324274
02-candidate,1,514,48066053,48174172,48174172,48322398
02-candidate,1,515,48066053,48175953,48175953,48323927
02-candidate,1,516,48066053,48174699,48174699,48304738
02-candidate,1,517,48066053,48174198,48174198,48321709
02-candidate,1,518,48066053,48172512,48172512,48321025
02-candidate,1,519,48066053,48174302,48174302,48322186
02-candidate,1,520,48066053,48174761,48174761,48304781
02-candidate,1,521,48066053,48172904,48172904,48320753
02-candidate,1,522,48066053,48173473,48173473,48321583
02-candidate,1,523,48066053,48175402,48175402,48323906
02-candidate,1,524,48066053,48172316,48172316,48321295
02-candidate,1,525,48066053,48175290,48175290,48323693
02-candidate,1,526,48066053,48172452,48172452,48303299
02-candidate,1,527,48066053,48172386,48172386,48321169
02-candidate,1,528,48066053,48174940,48174940,48323973
02-candidate,1,529,48066053,48174384,48174384,48323562
02-candidate,1,530,48066053,48175064,48175064,48322831
02-candidate,1,531,48066053,48175112,48175112,48323763
02-candidate,1,532,48066053,48175692,48175692,48322653
02-candidate,1,533,48066053,48176309,48176309,48324280
02-candidate,1,534,48066053,48174370,48174370,48322565
02-candidate,1,535,48066053,48176296,48176296,48324315
02-candidate,1,536,48066053,48172260,48172260,48321011
02-candidate,1,537,48066053,48173485,48173485,48303979
02-candidate,1,538,48066053,48176257,48176257,48324188
02-candidate,1,539,48066053,48172402,48172402,48320711
02-candidate,1,540,48066053,48176334,48176334,48324232
02-candidate,1,541,48066053,48174549,48174549,48323905
02-candidate,1,542,48066053,48174397,48174397,48322633
02-candidate,1,543,48066053,48172331,48172331,48320860
02-candidate,1,544,48066053,48175426,48175426,48323698
02-candidate,1,545,48066053,48176081,48176081,48324062
02-candidate,1,546,48066053,48173444,48173444,48322731
02-candidate,1,547,48066053,48173388,48173388,48321647
02-candidate,1,548,48066053,48173774,48173774,48322688
02-candidate,1,549,48066053,48172669,48172669,48320710
02-candidate,1,550,48066053,48176353,48176353,48323869
02-candidate,1,551,48066053,48172827,48172827,48320660
02-candidate,1,552,48066053,48175863,48175863,48322456
02-candidate,1,553,48066053,48174207,48174207,48322051
02-candidate,1,554,48066053,48172526,48172526,48320698
02-candidate,1,555,48066053,48173433,48173433,48321844
02-candidate,1,556,48066053,48174739,48174739,48322512
02-candidate,1,557,48066053,48172452,48172452,48321296
02-candidate,1,558,48066053,48174856,48174856,48323799
02-candidate,1,559,48066053,48174958,48174958,48322506
02-candidate,1,560,48066053,48175962,48175962,48323246
02-candidate,1,561,48066053,48173012,48173012,48320785
02-candidate,1,562,48066053,48175749,48175749,48322777
02-candidate,1,563,48066053,48175100,48175100,48322854
02-candidate,1,564,48066053,48175788,48175788,48322449
02-candidate,1,565,48066053,48173446,48173446,48321502
02-candidate,1,566,48066053,48173373,48173373,48321742
02-candidate,1,567,48066053,48173532,48173532,48321763
02-candidate,1,568,48066053,48172586,48172586,48320836
02-candidate,1,569,48066053,48175607,48175607,48323896
02-candidate,1,570,48066053,48173790,48173790,48321947
02-candidate,1,571,48066053,48172476,48172476,48303343
02-candidate,1,572,48066053,48172683,48172683,48320844
02-candidate,1,573,48066053,48172728,48172728,48321055
02-candidate,1,574,48066053,48172603,48172603,48320627
02-candidate,1,575,48066053,48172713,48172713,48303565
02-candidate,1,576,48066053,48174769,48174769,48304778
02-candidate,1,577,48066053,48172486,48172486,48303337
02-candidate,1,578,48066053,48173036,48173036,48321220
02-candidate,1,579,48066053,48175964,48175964,48322404
02-candidate,1,580,48066053,48174214,48174214,48322642
02-candidate,1,581,48066053,48174616,48174616,48304679
02-candidate,1,582,48066053,48174147,48174147,48322163
02-candidate,1,583,48066053,48172366,48172366,48321375
02-candidate,1,584,48066053,48173397,48173397,48321655
02-candidate,1,585,48066053,48174257,48174257,48322204
02-candidate,1,586,48066053,48173917,48173917,48322062
02-candidate,1,587,48066053,48172775,48172775,48320561
02-candidate,1,588,48066053,48174069,48174069,48321821
02-candidate,1,589,48066053,48173824,48173824,48321946
02-candidate,1,590,48066053,48174329,48174329,48321922
02-candidate,1,591,48066053,48172222,48172222,48319671
02-candidate,1,592,48066053,48175902,48175902,48322476
02-candidate,1,593,48066053,48175027,48175027,48323557
02-candidate,1,594,48066053,48173121,48173121,48320992
02-candidate,1,595,48066053,48175457,48175457,48323545
02-candidate,1,596,48066053,48172719,48172719,48321059
02-candidate,1,597,48066053,48176241,48176241,48323682
02-candidate,1,598,48066053,48172113,48172113,48319714
02-candidate,1,599,48066053,48172782,48172782,48320636
02-candidate,1,600,48066053,48172601,48172601,48320733
02-candidate,1,601,48066053,48174068,48174068,48322604
02-candidate,1,602,48066053,48173822,48173822,48322040
02-candidate,1,603,48066053,48174440,48174440,48323462
02-candidate,1,604,48066053,48174551,48174551,48323442
02-candidate,1,605,48066053,48173713,48173713,48321723
02-candidate,1,606,48066053,48172349,48172349,48320688
02-candidate,1,607,48066053,48174878,48174878,48304846
02-candidate,1,608,48066053,48172315,48172315,48321227
02-candidate,1,609,48066053,48175071,48175071,48323887
02-candidate,1,610,48066053,48172363,48172363,48320352
02-candidate,1,611,48066053,48173053,48173053,48320993
02-candidate,1,612,48066053,48172786,48172786,48320993
02-candidate,1,613,48066053,48173071,48173071,48320883
02-candidate,1,614,48066053,48175619,48175619,48324068
02-candidate,1,615,48066053,48175804,48175804,48322411
02-candidate,1,616,48066053,48172200,48172200,48319579
02-candidate,1,617,48066053,48175525,48175525,48323855
02-candidate,1,618,48066053,48173048,48173048,48320716
02-candidate,1,619,48066053,48174093,48174093,48322052
02-candidate,1,620,48066053,48174480,48174480,48323797
02-candidate,1,621,48066053,48173622,48173622,48322756
02-candidate,1,622,48066053,48172721,48172721,48321309
02-candidate,1,623,48066053,48172176,48172176,48319685
02-candidate,1,624,48066053,48174459,48174459,48322549
02-candidate,1,625,48066053,48172391,48172391,48320950
02-candidate,1,626,48066053,48173359,48173359,48322673
02-candidate,1,627,48066053,48173147,48173147,48321844
02-candidate,1,628,48066053,48172745,48172745,48321003
02-candidate,1,629,48066053,48175311,48175311,48322625
02-candidate,1,630,48066053,48172413,48172413,48320503
02-candidate,1,631,48066053,48174416,48174416,48322892
02-candidate,1,632,48066053,48174522,48174522,48304648
02-candidate,1,633,48066053,48174425,48174425,48323656
02-candidate,1,634,48066053,48172815,48172815,48321002
02-candidate,1,635,48066053,48175635,48175635,48322698
02-candidate,1,636,48066053,48174099,48174099,48321674
02-candidate,1,637,48066053,48174225,48174225,48321429
02-candidate,1,638,48066053,48172825,48172825,48321205
02-candidate,1,639,48066053,48174746,48174746,48324225
02-candidate,1,640,48066053,48173661,48173661,48321945
02-candidate,1,641,48066053,48174983,48174983,48324178
02-candidate,1,642,48066053,48175303,48175303,48324011
02-candidate,1,643,48066053,48173831,48173831,48322052
02-candidate,1,644,48066053,48173455,48173455,48321865
02-candidate,1,645,48066053,48173043,48173043,48320924
02-candidate,1,646,48066053,48172140,48172140,48319551
02-candidate,1,647,48066053,48172312,48172312,48321360
02-candidate,1,648,48066053,48172173,48172173,48319578
02-candidate,1,649,48066053,48173613,48173613,48321725
02-candidate,1,650,48066053,48172493,48172493,48321138
02-candidate,1,651,48066053,48175843,48175843,48323751
02-candidate,1,652,48066053,48175777,48175777,48322430
02-candidate,1,653,48066053,48175282,48175282,48323722
02-candidate,1,654,48066053,48173582,48173582,48321861
02-candidate,1,655,48066053,48172743,48172743,48320647
02-candidate,1,656,48066053,48172693,48172693,48320684
02-candidate,1,657,48066053,48172427,48172427,48321324
02-candidate,1,658,48066053,48172391,48172391,48320569
02-candidate,1,659,48066053,48176200,48176200,48324164
02-candidate,1,660,48066053,48175051,48175051,48322875
02-candidate,1,661,48066053,48174565,48174565,48304658
02-candidate,1,662,48066053,48175472,48175472,48324002
02-candidate,1,663,48066053,48173665,48173665,48321521
02-candidate,1,664,48066053,48174998,48174998,48324104
02-candidate,1,665,48066053,48172419,48172419,48321309
02-candidate,1,666,48066053,48172390,48172390,48321092
02-candidate,1,667,48066053,48175994,48175994,48323436
02-candidate,1,668,48066053,48173940,48173940,48321519
02-candidate,1,669,48066053,48172706,48172706,48320851
02-candidate,1,670,48066053,48173063,48173063,48321375
02-candidate,1,671,48066053,48175258,48175258,48323824
02-candidate,1,672,48066053,48174761,48174761,48304785
02-candidate,1,673,48066053,48175013,48175013,48323665
02-candidate,1,674,48066053,48173387,48173387,48321507
02-candidate,1,675,48066053,48172227,48172227,48319803
02-candidate,1,676,48066053,48175691,48175691,48323871
02-candidate,1,677,48066053,48176360,48176360,48305569
02-candidate,1,678,48066053,48176390,48176390,48324266
02-candidate,1,679,48066053,48173699,48173699,48321667
02-candidate,1,680,48066053,48172360,48172360,48320773
02-candidate,1,681,48066053,48173049,48173049,48321175
02-candidate,1,682,48066053,48175319,48175319,48322547
02-candidate,1,683,48066053,48172623,48172623,48320770
02-candidate,1,684,48066053,48175780,48175780,48323790
02-candidate,1,685,48066053,48174405,48174405,48322553
02-candidate,1,686,48066053,48172138,48172138,48319788
02-candidate,1,687,48066053,48172153,48172153,48319786
02-candidate,1,688,48066053,48174409,48174409,48322219
02-candidate,1,689,48066053,48172698,48172698,48321349
02-candidate,1,690,48066053,48174768,48174768,48322515
02-candidate,1,691,48066053,48176091,48176091,48323456
02-candidate,1,692,48066053,48172552,48172552,48309229
02-candidate,1,693,48066053,48207126,48207126,48325191
02-candidate,1,694,48066053,48175877,48175877,48339174
02-candidate,1,695,48066053,48187851,48187851,48314370
02-candidate,1,696,48066053,48173426,48173426,48330250
02-candidate,1,697,48066053,48176099,48176099,48310226
02-candidate,1,698,48066053,48173184,48173184,48327155
02-candidate,1,699,48066053,48175642,48175642,48342119
02-candidate,2,50,76525430,76628679,76628679,76760198
02-candidate,2,51,76525430,76628884,76628884,76760377
02-candidate,2,52,76525430,76629598,76629598,76779198
02-candidate,2,53,76525430,76627217,76627217,76758825
02-candidate,2,54,76525430,76626588,76626588,76776468
02-candidate,2,55,76525430,76627128,76627128,76758755
02-candidate,2,56,76525430,76628466,76628466,76759954
02-candidate,2,57,76525430,76628885,76628885,76760372
02-candidate,2,58,76525430,76629057,76629057,76760557
02-candidate,2,59,76525430,76628618,76628618,76760119
02-candidate,2,60,76525430,76627740,76627740,76759227
02-candidate,2,61,76525430,76628365,76628365,76759860
02-candidate,2,62,76525430,76628806,76628806,76760321
02-candidate,2,63,76525430,76628276,76628276,76759757
02-candidate,2,64,76525430,76627322,76627322,76758904
02-candidate,2,65,76525430,76629425,76629425,76761001
02-candidate,2,66,76525430,76628890,76628890,76760381
02-candidate,2,67,76525430,76628918,76628918,76760394
02-candidate,2,68,76525430,76626601,76626601,76758331
02-candidate,2,69,76525430,76628551,76628551,76760038
02-candidate,2,70,76525430,76629010,76629010,76760538
02-candidate,2,71,76525430,76626914,76626914,76758589
02-candidate,2,72,76525430,76628398,76628398,76759909
02-candidate,2,73,76525430,76629301,76629301,76760864
02-candidate,2,74,76525430,76628900,76628900,76760366
02-candidate,2,75,76525430,76628027,76628027,76759442
02-candidate,2,76,76525430,76627548,76627548,76759071
02-candidate,2,77,76525430,76628644,76628644,76760151
02-candidate,2,78,76525430,76629087,76629087,76760616
02-candidate,2,79,76525430,76627716,76627716,76759210
02-candidate,2,80,76525430,76628280,76628280,76759765
02-candidate,2,81,76525430,76626513,76626513,76758343
02-candidate,2,82,76525430,76628145,76628145,76759606
02-candidate,2,83,76525430,76628782,76628782,76760281
02-candidate,2,84,76525430,76627699,76627699,76759198
02-candidate,2,85,76525430,76628069,76628069,76759530
02-candidate,2,86,76525430,76627518,76627518,76759042
02-candidate,2,87,76525430,76628453,76628453,76759948
02-candidate,2,88,76525430,76628093,76628093,76759558
02-candidate,2,89,76525430,76629003,76629003,76760521
02-candidate,2,90,76525430,76627803,76627803,76759267
02-candidate,2,91,76525430,76627313,76627313,76758895
02-candidate,2,92,76525430,76628251,76628251,76759729
02-candidate,2,93,76525430,76629416,76629416,76760981
02-candidate,2,94,76525430,76628310,76628310,76759800
02-candidate,2,95,76525430,76629094,76629094,76760626
02-candidate,2,96,76525430,76629278,76629278,76760835
02-candidate,2,97,76525430,76627008,76627008,76758666
02-candidate,2,98,76525430,76626703,76626703,76758441
02-candidate,2,99,76525430,76629243,76629243,76778445
02-candidate,2,100,76525430,76626619,76626619,76776437
02-candidate,2,101,76525430,76628697,76628697,76760197
02-candidate,2,102,76525430,76628903,76628903,76760393
02-candidate,2,103,76525430,76629441,76629441,76761008
02-candidate,2,104,76525430,76627267,76627267,76758867
02-candidate,2,105,76525430,76626891,76626891,76758572
02-candidate,2,106,76525430,76627051,76627051,76758706
02-candidate,2,107,76525430,76626978,76626978,76758639
02-candidate,2,108,76525430,76627479,76627479,76759023
02-candidate,2,109,76525430,76627887,76627887,76759332
02-candidate,2,110,76525430,76628537,76628537,76760024
02-candidate,2,111,76525430,76626713,76626713,76758454
02-candidate,2,112,76525430,76629366,76629366,76760973
02-candidate,2,113,76525430,76628020,76628020,76759429
02-candidate,2,114,76525430,76627391,76627391,76758946
02-candidate,2,115,76525430,76626619,76626619,76776396
02-candidate,2,116,76525430,76627399,76627399,76758957
02-candidate,2,117,76525430,76627017,76627017,76758686
02-candidate,2,118,76525430,76628163,76628163,76759631
02-candidate,2,119,76525430,76628383,76628383,76759878
02-candidate,2,120,76525430,76628197,76628197,76759664
02-candidate,2,121,76525430,76627930,76627930,76759389
02-candidate,2,122,76525430,76628632,76628632,76760138
02-candidate,2,123,76525430,76626647,76626647,76758425
02-candidate,2,124,76525430,76629176,76629176,76760715
02-candidate,2,125,76525430,76629437,76629437,76778470
02-candidate,2,126,76525430,76626620,76626620,76776481
02-candidate,2,127,76525430,76628923,76628923,76760415
02-candidate,2,128,76525430,76629140,76629140,76760673
02-candidate,2,129,76525430,76627497,76627497,76759038
02-candidate,2,130,76525430,76626993,76626993,76758658
02-candidate,2,131,76525430,76628226,76628226,76759696
02-candidate,2,132,76525430,76627693,76627693,76759201
02-candidate,2,133,76525430,76626536,76626536,76758316
02-candidate,2,134,76525430,76628614,76628614,76760123
02-candidate,2,135,76525430,76626596,76626596,76776511
02-candidate,2,136,76525430,76628584,76628584,76778341
02-candidate,2,137,76525430,76628047,76628047,76759478
02-candidate,2,138,76525430,76627814,76627814,76759279
02-candidate,2,139,76525430,76627845,76627845,76759307
02-candidate,2,140,76525430,76627952,76627952,76759423
02-candidate,2,141,76525430,76628695,76628695,76760215
02-candidate,2,142,76525430,76626718,76626718,76758463
02-candidate,2,143,76525430,76628566,76628566,76760065
02-candidate,2,144,76525430,76626741,76626741,76758475
02-candidate,2,145,76525430,76626672,76626672,76758410
02-candidate,2,146,76525430,76628686,76628686,76760205
02-candidate,2,147,76525430,76629271,76629271,76760829
02-candidate,2,148,76525430,76627881,76627881,76759341
02-candidate,2,149,76525430,76628363,76628363,76759862
02-candidate,2,150,76525430,76628295,76628295,76759786
02-candidate,2,151,76525430,76628767,76628767,76760262
02-candidate,2,152,76525430,76628385,76628385,76759880
02-candidate,2,153,76525430,76628264,76628264,76759741
02-candidate,2,154,76525430,76629027,76629027,76760545
02-candidate,2,155,76525430,76629245,76629245,76760798
02-candidate,2,156,76525430,76628122,76628122,76759601
02-candidate,2,157,76525430,76627142,76627142,76758769
02-candidate,2,158,76525430,76628286,76628286,76759774
02-candidate,2,159,76525430,76628440,76628440,76759944
02-candidate,2,160,76525430,76629052,76629052,76760574
02-candidate,2,161,76525430,76629526,76629526,76761120
02-candidate,2,162,76525430,76627194,76627194,76758817
02-candidate,2,163,76525430,76629412,76629412,76760982
02-candidate,2,164,76525430,76627500,76627500,76759036
02-candidate,2,165,76525430,76628737,76628737,76760249
02-candidate,2,166,76525430,76628976,76628976,76760502
02-candidate,2,167,76525430,76628615,76628615,76760120
02-candidate,2,168,76525430,76628724,76628724,76760242
02-candidate,2,169,76525430,76626791,76626791,76758520
02-candidate,2,170,76525430,76626620,76626620,76776363
02-candidate,2,171,76525430,76626566,76626566,76758289
02-candidate,2,172,76525430,76628712,76628712,76760217
02-candidate,2,173,76525430,76627887,76627887,76759326
02-candidate,2,174,76525430,76626783,76626783,76758500
02-candidate,2,175,76525430,76629465,76629465,76761041
02-candidate,2,176,76525430,76626821,76626821,76758533
02-candidate,2,177,76525430,76627738,76627738,76759220
02-candidate,2,178,76525430,76629564,76629564,76761144
02-candidate,2,179,76525430,76628621,76628621,76760124
02-candidate,2,180,76525430,76627616,76627616,76759132
02-candidate,2,181,76525430,76628195,76628195,76759656
02-candidate,2,182,76525430,76629184,76629184,76760702
02-candidate,2,183,76525430,76627894,76627894,76759355
02-candidate,2,184,76525430,76628053,76628053,76759495
02-candidate,2,185,76525430,76629504,76629504,76761108
02-candidate,2,186,76525430,76629162,76629162,76760685
02-candidate,2,187,76525430,76627598,76627598,76759123
02-candidate,2,188,76525430,76629187,76629187,76760710
02-candidate,2,189,76525430,76627943,76627943,76759400
02-candidate,2,190,76525430,76627166,76627166,76758789
02-candidate,2,191,76525430,76627644,76627644,76759142
02-candidate,2,192,76525430,76628363,76628363,76759861
02-candidate,2,193,76525430,76628390,76628390,76759874
02-candidate,2,194,76525430,76627142,76627142,76758764
02-candidate,2,195,76525430,76627581,76627581,76759097
02-candidate,2,196,76525430,76628828,76628828,76760320
02-candidate,2,197,76525430,76628341,76628341,76759822
02-candidate,2,198,76525430,76628936,76628936,76760447
02-candidate,2,199,76525430,76627621,76627621,76759127
02-candidate,2,200,76525430,76627755,76627755,76759239
02-candidate,2,201,76525430,76626795,76626795,76758506
02-candidate,2,202,76525430,76627829,76627829,76759293
02-candidate,2,203,76525430,76628627,76628627,76760136
02-candidate,2,204,76525430,76626599,76626599,76758354
02-candidate,2,205,76525430,76627235,76627235,76758842
02-candidate,2,206,76525430,76627065,76627065,76758716
02-candidate,2,207,76525430,76629570,76629570,76778503
02-candidate,2,208,76525430,76629312,76629312,76760874
02-candidate,2,209,76525430,76628664,76628664,76760184
02-candidate,2,210,76525430,76626606,76626606,76776476
02-candidate,2,211,76525430,76626961,76626961,76758641
02-candidate,2,212,76525430,76628299,76628299,76759790
02-candidate,2,213,76525430,76628266,76628266,76759750
02-candidate,2,214,76525430,76628162,76628162,76759628
02-candidate,2,215,76525430,76628146,76628146,76759611
02-candidate,2,216,76525430,76628263,76628263,76759738
02-candidate,2,217,76525430,76629346,76629346,76760914
02-candidate,2,218,76525430,76629509,76629509,76761098
02-candidate,2,219,76525430,76627380,76627380,76758942
02-candidate,2,220,76525430,76627249,76627249,76758862
02-candidate,2,221,76525430,76628765,76628765,76760254
02-candidate,2,222,76525430,76628490,76628490,76759972
02-candidate,2,223,76525430,76627333,76627333,76758909
02-candidate,2,224,76525430,76626617,76626617,76776360
02-candidate,2,225,76525430,76628207,76628207,76759669
02-candidate,2,226,76525430,76627008,76627008,76758676
02-candidate,2,227,76525430,76628942,76628942,76760448
02-candidate,2,228,76525430,76629025,76629025,76760555
02-candidate,2,229,76525430,76629442,76629442,76761022
02-candidate,2,230,76525430,76627532,76627532,76759052
02-candidate,2,231,76525430,76626849,76626849,76758539
02-candidate,2,232,76525430,76629365,76629365,76760944
02-candidate,2,233,76525430,76626995,76626995,76758665
02-candidate,2,234,76525430,76628246,76628246,76759724
02-candidate,2,235,76525430,76628514,76628514,76760014
02-candidate,2,236,76525430,76626919,76626919,76758599
02-candidate,2,237,76525430,76627299,76627299,76758889
02-candidate,2,238,76525430,76628053,76628053,76759496
02-candidate,2,239,76525430,76628047,76628047,76759467
02-candidate,2,240,76525430,76627666,76627666,76759170
02-candidate,2,241,76525430,76629273,76629273,76760839
02-candidate,2,242,76525430,76626930,76626930,76758602
02-candidate,2,243,76525430,76627026,76627026,76758681
02-candidate,2,244,76525430,76628306,76628306,76759803
02-candidate,2,245,76525430,76626788,76626788,76758503
02-candidate,2,246,76525430,76628218,76628218,76759679
02-candidate,2,247,76525430,76628280,76628280,76759769
02-candidate,2,248,76525430,76628291,76628291,76759771
02-candidate,2,249,76525430,76628017,76628017,76759443
02-candidate,2,250,76525430,76627755,76627755,76759232
02-candidate,2,251,76525430,76628247,76628247,76759724
02-candidate,2,252,76525430,76628352,76628352,76759843
02-candidate,2,253,76525430,76626852,76626852,76758551
02-candidate,2,254,76525430,76628053,76628053,76759476
02-candidate,2,255,76525430,76628985,76628985,76760504
02-candidate,2,256,76525430,76628441,76628441,76759940
02-candidate,2,257,76525430,76628845,76628845,76760356
02-candidate,2,258,76525430,76627863,76627863,76759320
02-candidate,2,259,76525430,76627288,76627288,76758878
02-candidate,2,260,76525430,76626627,76626627,76776414
02-candidate,2,261,76525430,76629206,76629206,76760727
02-candidate,2,262,76525430,76628799,76628799,76760318
02-candidate,2,263,76525430,76627735,76627735,76759226
02-candidate,2,264,76525430,76629387,76629387,76760965
02-candidate,2,265,76525430,76629488,76629488,76761064
02-candidate,2,266,76525430,76627267,76627267,76758855
02-candidate,2,267,76525430,76627203,76627203,76758822
02-candidate,2,268,76525430,76628988,76628988,76760525
02-candidate,2,269,76525430,76628463,76628463,76759962
02-candidate,2,270,76525430,76629573,76629573,76778373
02-candidate,2,271,76525430,76627930,76627930,76759387
02-candidate,2,272,76525430,76627041,76627041,76758698
02-candidate,2,273,76525430,76626847,76626847,76758543
02-candidate,2,274,76525430,76629481,76629481,76778214
02-candidate,2,275,76525430,76629496,76629496,76778211
02-candidate,2,276,76525430,76628245,76628245,76759724
02-candidate,2,277,76525430,76628106,76628106,76759581
02-candidate,2,278,76525430,76628229,76628229,76759706
02-candidate,2,279,76525430,76628500,76628500,76759997
02-candidate,2,280,76525430,76626676,76626676,76758427
02-candidate,2,281,76525430,76629422,76629422,76778454
02-candidate,2,282,76525430,76626531,76626531,76758346
02-candidate,2,283,76525430,76629297,76629297,76760862
02-candidate,2,284,76525430,76628294,76628294,76759786
02-candidate,2,285,76525430,76628032,76628032,76759442
02-candidate,2,286,76525430,76629304,76629304,76760875
02-candidate,2,287,76525430,76629578,76629578,76778388
02-candidate,2,288,76525430,76628067,76628067,76759540
02-candidate,2,289,76525430,76627344,76627344,76758920
02-candidate,2,290,76525430,76626544,76626544,76758319
02-candidate,2,291,76525430,76627467,76627467,76759009
02-candidate,2,292,76525430,76629353,76629353,76760926
02-candidate,2,293,76525430,76628546,76628546,76760043
02-candidate,2,294,76525430,76628785,76628785,76760267
02-candidate,2,295,76525430,76628917,76628917,76760385
02-candidate,2,296,76525430,76628149,76628149,76759617
02-candidate,2,297,76525430,76628827,76628827,76760332
02-candidate,2,298,76525430,76628574,76628574,76760069
02-candidate,2,299,76525430,76629245,76629245,76760796
02-candidate,2,300,76525430,76627758,76627758,76759239
02-candidate,2,301,76525430,76627674,76627674,76759174
02-candidate,2,302,76525430,76626717,76626717,76758461
02-candidate,2,303,76525430,76629212,76629212,76760725
02-candidate,2,304,76525430,76628905,76628905,76760410
02-candidate,2,305,76525430,76628404,76628404,76759890
02-candidate,2,306,76525430,76629527,76629527,76778349
02-candidate,2,307,76525430,76628496,76628496,76759985
02-candidate,2,308,76525430,76626698,76626698,76758450
02-candidate,2,309,76525430,76628134,76628134,76759603
02-candidate,2,310,76525430,76626683,76626683,76758429
02-candidate,2,311,76525430,76627113,76627113,76758744
02-candidate,2,312,76525430,76629386,76629386,76760985
02-candidate,2,313,76525430,76628965,76628965,76760492
02-candidate,2,314,76525430,76627442,76627442,76758991
02-candidate,2,315,76525430,76627871,76627871,76759322
02-candidate,2,316,76525430,76628503,76628503,76759988
02-candidate,2,317,76525430,76628234,76628234,76759703
02-candidate,2,318,76525430,76627889,76627889,76759346
02-candidate,2,319,76525430,76628094,76628094,76759566
02-candidate,2,320,76525430,76628972,76628972,76760496
02-candidate,2,321,76525430,76628906,76628906,76760403
02-candidate,2,322,76525430,76626942,76626942,76758616
02-candidate,2,323,76525430,76629072,76629072,76760612
02-candidate,2,324,76525430,76628225,76628225,76759682
02-candidate,2,325,76525430,76628217,76628217,76759688
02-candidate,2,326,76525430,76628835,76628835,76760350
02-candidate,2,327,76525430,76627587,76627587,76759111
02-candidate,2,328,76525430,76628472,76628472,76759961
02-candidate,2,329,76525430,76628396,76628396,76759882
02-candidate,2,330,76525430,76628660,76628660,76760165
02-candidate,2,331,76525430,76628863,76628863,76760363
02-candidate,2,332,76525430,76626554,76626554,76758323
02-candidate,2,333,76525430,76628214,76628214,76759684
02-candidate,2,334,76525430,76629070,76629070,76760591
02-candidate,2,335,76525430,76629091,76629091,76760629
02-candidate,2,336,76525430,76629494,76629494,76778496
02-candidate,2,337,76525430,76627947,76627947,76759411
02-candidate,2,338,76525430,76629222,76629222,76760751
02-candidate,2,339,76525430,76629228,76629228,76760783
02-candidate,2,340,76525430,76628041,76628041,76759468
02-candidate,2,341,76525430,76628026,76628026,76759455
02-candidate,2,342,76525430,76628308,76628308,76759803
02-candidate,2,343,76525430,76628831,76628831,76760306
02-candidate,2,344,76525430,76629197,76629197,76760734
02-candidate,2,345,76525430,76629227,76629227,76760758
02-candidate,2,346,76525430,76627301,76627301,76758889
02-candidate,2,347,76525430,76626602,76626602,76758361
02-candidate,2,348,76525430,76629545,76629545,76778443
02-candidate,2,349,76525430,76628941,76628941,76760460
02-candidate,2,350,76525430,76627528,76627528,76759055
02-candidate,2,351,76525430,76627046,76627046,76758707
02-candidate,2,352,76525430,76626941,76626941,76758619
02-candidate,2,353,76525430,76627023,76627023,76758689
02-candidate,2,354,76525430,76627261,76627261,76758866
02-candidate,2,355,76525430,76626810,76626810,76758515
02-candidate,2,356,76525430,76629036,76629036,76760557
02-candidate,2,357,76525430,76627377,76627377,76758951
02-candidate,2,358,76525430,76629099,76629099,76760630
02-candidate,2,359,76525430,76628052,76628052,76759481
02-candidate,2,360,76525430,76629123,76629123,76760653
02-candidate,2,361,76525430,76627946,76627946,76759410
02-candidate,2,362,76525430,76626566,76626566,76758329
02-candidate,2,363,76525430,76626602,76626602,76776483
02-candidate,2,364,76525430,76626688,76626688,76758436
02-candidate,2,365,76525430,76629488,76629488,76761078
02-candidate,2,366,76525430,76629331,76629331,76760902
02-candidate,2,367,76525430,76629004,76629004,76760526
02-candidate,2,368,76525430,76628803,76628803,76760303
02-candidate,2,369,76525430,76627886,76627886,76759344
02-candidate,2,370,76525430,76626692,76626692,76758439
02-candidate,2,371,76525430,76628404,76628404,76759903
02-candidate,2,372,76525430,76629104,76629104,76760639
02-candidate,2,373,76525430,76629348,76629348,76760920
02-candidate,2,374,76525430,76628199,76628199,76759665
02-candidate,2,375,76525430,76628696,76628696,76760213
02-candidate,2,376,76525430,76628721,76628721,76760243
02-candidate,2,377,76525430,76628513,76628513,76760003
02-candidate,2,378,76525430,76628592,76628592,76760098
02-candidate,2,379,76525430,76628959,76628959,76760474
02-candidate,2,380,76525430,76627481,76627481,76759021
02-candidate,2,381,76525430,76627168,76627168,76758802
02-candidate,2,382,76525430,76627000,76627000,76758661
02-candidate,2,383,76525430,76627810,76627810,76759270
02-candidate,2,384,76525430,76626614,76626614,76776490
02-candidate,2,385,76525430,76628046,76628046,76759481
02-candidate,2,386,76525430,76628366,76628366,76759861
02-candidate,2,387,76525430,76628706,76628706,76760223
02-candidate,2,388,76525430,76629464,76629464,76761032
02-candidate,2,389,76525430,76628710,76628710,76760225
02-candidate,2,390,76525430,76626806,76626806,76758519
02-candidate,2,391,76525430,76626825,76626825,76758538
02-candidate,2,392,76525430,76629478,76629478,76778512
02-candidate,2,393,76525430,76629051,76629051,76760575
02-candidate,2,394,76525430,76627078,76627078,76758724
02-candidate,2,395,76525430,76629202,76629202,76760738
02-candidate,2,396,76525430,76627713,76627713,76759208
02-candidate,2,397,76525430,76627600,76627600,76759107
02-candidate,2,398,76525430,76628713,76628713,76760230
02-candidate,2,399,76525430,76627547,76627547,76759072
02-candidate,2,400,76525430,76629286,76629286,76760844
02-candidate,2,401,76525430,76628602,76628602,76760096
02-candidate,2,402,76525430,76628082,76628082,76759557
02-candidate,2,403,76525430,76628980,76628980,76760505
02-candidate,2,404,76525430,76627061,76627061,76758724
02-candidate,2,405,76525430,76627911,76627911,76759377
02-candidate,2,406,76525430,76627796,76627796,76759258
02-candidate,2,407,76525430,76628345,76628345,76759826
02-candidate,2,408,76525430,76628925,76628925,76760428
02-candidate,2,409,76525430,76628071,76628071,76759523
02-candidate,2,410,76525430,76628483,76628483,76759961
02-candidate,2,411,76525430,76628355,76628355,76759847
02-candidate,2,412,76525430,76628513,76628513,76759995
02-candidate,2,413,76525430,76626862,76626862,76758552
02-candidate,2,414,76525430,76627145,76627145,76758781
02-candidate,2,415,76525430,76629103,76629103,76760649
02-candidate,2,416,76525430,76629549,76629549,76761133
02-candidate,2,417,76525430,76626518,76626518,76758310
02-candidate,2,418,76525430,76629436,76629436,76761018
02-candidate,2,419,76525430,76629239,76629239,76760771
02-candidate,2,420,76525430,76626753,76626753,76758475
02-candidate,2,421,76525430,76629108,76629108,76760651
02-candidate,2,422,76525430,76628406,76628406,76759909
02-candidate,2,423,76525430,76627796,76627796,76759266
02-candidate,2,424,76525430,76628115,76628115,76759592
02-candidate,2,425,76525430,76628066,76628066,76759494
02-candidate,2,426,76525430,76628066,76628066,76759526
02-candidate,2,427,76525430,76626838,76626838,76758529
02-candidate,2,428,76525430,76629461,76629461,76761042
02-candidate,2,429,76525430,76626777,76626777,76758489
02-candidate,2,430,76525430,76627191,76627191,76758803
02-candidate,2,431,76525430,76629263,76629263,76760804
02-candidate,2,432,76525430,76626751,76626751,76758487
02-candidate,2,433,76525430,76627914,76627914,76759364
02-candidate,2,434,76525430,76629425,76629425,76760994
02-candidate,2,435,76525430,76628938,76628938,76760443
02-candidate,2,436,76525430,76626905,76626905,76758583
02-candidate,2,437,76525430,76629252,76629252,76760810
02-candidate,2,438,76525430,76627125,76627125,76758754
02-candidate,2,439,76525430,76627826,76627826,76759296
02-candidate,2,440,76525430,76628513,76628513,76760010
02-candidate,2,441,76525430,76629318,76629318,76760885
02-candidate,2,442,76525430,76628841,76628841,76760338
02-candidate,2,443,76525430,76629156,76629156,76760690
02-candidate,2,444,76525430,76629142,76629142,76760667
02-candidate,2,445,76525430,76627445,76627445,76758979
02-candidate,2,446,76525430,76627230,76627230,76758828
02-candidate,2,447,76525430,76628117,76628117,76759587
02-candidate,2,448,76525430,76627211,76627211,76758820
02-candidate,2,449,76525430,76627315,76627315,76758909
02-candidate,2,450,76525430,76627032,76627032,76758693
02-candidate,2,451,76525430,76628132,76628132,76759605
02-candidate,2,452,76525430,76627607,76627607,76759124
02-candidate,2,453,76525430,76629354,76629354,76760928
02-candidate,2,454,76525430,76627094,76627094,76758729
02-candidate,2,455,76525430,76628410,76628410,76759909
02-candidate,2,456,76525430,76629423,76629423,76761013
02-candidate,2,457,76525430,76629195,76629195,76760701
02-candidate,2,458,76525430,76627143,76627143,76758778
02-candidate,2,459,76525430,76628671,76628671,76760187
02-candidate,2,460,76525430,76629056,76629056,76778411
02-candidate,2,461,76525430,76628784,76628784,76760267
02-candidate,2,462,76525430,76629213,76629213,76760741
02-candidate,2,463,76525430,76626581,76626581,76758344
02-candidate,2,464,76525430,76627824,76627824,76759294
02-candidate,2,465,76525430,76628060,76628060,76759506
02-candidate,2,466,76525430,76626601,76626601,76776393
02-candidate,2,467,76525430,76628517,76628517,76760021
02-candidate,2,468,76525430,76627369,76627369,76758934
02-candidate,2,469,76525430,76629356,76629356,76778399
02-candidate,2,470,76525430,76627374,76627374,76758930
02-candidate,2,471,76525430,76628658,76628658,76760164
02-candidate,2,472,76525430,76626669,76626669,76758423
02-candidate,2,473,76525430,76627184,76627184,76758815
02-candidate,2,474,76525430,76627396,76627396,76758953
02-candidate,2,475,76525430,76628445,76628445,76759948
02-candidate,2,476,76525430,76629259,76629259,76760822
02-candidate,2,477,76525430,76628235,76628235,76759692
02-candidate,2,478,76525430,76627891,76627891,76759356
02-candidate,2,479,76525430,76628089,76628089,76759558
02-candidate,2,480,76525430,76626689,76626689,76758442
02-candidate,2,481,76525430,76627625,76627625,76759128
02-candidate,2,482,76525430,76628664,76628664,76760183
02-candidate,2,483,76525430,76627672,76627672,76759183
02-candidate,2,484,76525430,76628070,76628070,76759521
02-candidate,2,485,76525430,76627647,76627647,76759160
02-candidate,2,486,76525430,76626877,76626877,76758565
02-candidate,2,487,76525430,76629338,76629338,76760907
02-candidate,2,488,76525430,76628729,76628729,76760253
02-candidate,2,489,76525430,76629479,76629479,76761045
02-candidate,2,490,76525430,76629506,76629506,76778385
02-candidate,2,491,76525430,76626585,76626585,76758305
02-candidate,2,492,76525430,76628164,76628164,76759642
02-candidate,2,493,76525430,76627834,76627834,76759301
02-candidate,2,494,76525430,76626528,76626528,76758341
02-candidate,2,495,76525430,76626586,76626586,76776368
02-candidate,2,496,76525430,76627914,76627914,76759374
02-candidate,2,497,76525430,76628950,76628950,76760475
02-candidate,2,498,76525430,76626578,76626578,76758358
02-candidate,2,499,76525430,76629155,76629155,76760694
02-candidate,2,500,76525430,76627559,76627559,76759086
02-candidate,2,501,76525430,76627309,76627309,76758902
02-candidate,2,502,76525430,76628652,76628652,76760172
02-candidate,2,503,76525430,76629531,76629531,76761127
02-candidate,2,504,76525430,76626650,76626650,76758416
02-candidate,2,505,76525430,76628162,76628162,76759630
02-candidate,2,506,76525430,76627142,76627142,76758770
02-candidate,2,507,76525430,76629408,76629408,76760983
02-candidate,2,508,76525430,76626571,76626571,76758324
02-candidate,2,509,76525430,76628602,76628602,76760098
02-candidate,2,510,76525430,76628328,76628328,76759808
02-candidate,2,511,76525430,76628271,76628271,76759752
02-candidate,2,512,76525430,76628101,76628101,76759576
02-candidate,2,513,76525430,76629475,76629475,76778483
02-candidate,2,514,76525430,76628388,76628388,76759893
02-candidate,2,515,76525430,76629373,76629373,76760966
02-candidate,2,516,76525430,76628743,76628743,76760255
02-candidate,2,517,76525430,76628413,76628413,76759912
02-candidate,2,518,76525430,76627155,76627155,76758781
02-candidate,2,519,76525430,76628483,76628483,76759967
02-candidate,2,520,76525430,76628772,76628772,76760280
02-candidate,2,521,76525430,76627598,76627598,76759110
02-candidate,2,522,76525430,76627961,76627961,76759428
02-candidate,2,523,76525430,76629108,76629108,76760658
02-candidate,2,524,76525430,76626768,76626768,76758485
02-candidate,2,525,76525430,76629066,76629066,76760589
02-candidate,2,526,76525430,76627038,76627038,76758696
02-candidate,2,527,76525430,76626945,76626945,76758619
02-candidate,2,528,76525430,76628916,76628916,76760397
02-candidate,2,529,76525430,76628549,76628549,76760029
02-candidate,2,530,76525430,76628982,76628982,76760516
02-candidate,2,531,76525430,76629032,76629032,76760553
02-candidate,2,532,76525430,76629232,76629232,76760784
02-candidate,2,533,76525430,76629555,76629555,76778392
02-candidate,2,534,76525430,76628536,76628536,76760029
02-candidate,2,535,76525430,76629550,76629550,76778488
02-candidate,2,536,76525430,76626699,76626699,76758438
02-candidate,2,537,76525430,76627964,76627964,76759425
02-candidate,2,538,76525430,76629517,76629517,76761109
02-candidate,2,539,76525430,76626957,76626957,76758624
02-candidate,2,540,76525430,76629566,76629566,76778253
02-candidate,2,541,76525430,76628630,76628630,76760145
02-candidate,2,542,76525430,76628550,76628550,76760037
02-candidate,2,543,76525430,76626758,76626758,76758486
02-candidate,2,544,76525430,76629123,76629123,76760659
02-candidate,2,545,76525430,76629442,76629442,76761021
02-candidate,2,546,76525430,76627925,76627925,76759383
02-candidate,2,547,76525430,76627846,76627846,76759315
02-candidate,2,548,76525430,76628156,76628156,76759621
02-candidate,2,549,76525430,76627385,76627385,76758939
02-candidate,2,550,76525430,76629568,76629568,76778329
02-candidate,2,551,76525430,76627565,76627565,76759080
02-candidate,2,552,76525430,76629324,76629324,76760888
02-candidate,2,553,76525430,76628422,76628422,76759923
02-candidate,2,554,76525430,76627156,76627156,76758797
02-candidate,2,555,76525430,76627930,76627930,76759390
02-candidate,2,556,76525430,76628778,76628778,76760277
02-candidate,2,557,76525430,76627075,76627075,76758727
02-candidate,2,558,76525430,76628843,76628843,76760350
02-candidate,2,559,76525430,76628933,76628933,76760408
02-candidate,2,560,76525430,76629385,76629385,76778335
02-candidate,2,561,76525430,76627614,76627614,76759119
02-candidate,2,562,76525430,76629288,76629288,76760821
02-candidate,2,563,76525430,76629005,76629005,76760529
02-candidate,2,564,76525430,76629291,76629291,76760855
02-candidate,2,565,76525430,76627933,76627933,76759396
02-candidate,2,566,76525430,76627862,76627862,76759310
02-candidate,2,567,76525430,76628035,76628035,76759453
02-candidate,2,568,76525430,76627230,76627230,76758838
02-candidate,2,569,76525430,76629206,76629206,76760747
02-candidate,2,570,76525430,76628155,76628155,76759626
02-candidate,2,571,76525430,76627093,76627093,76758734
02-candidate,2,572,76525430,76627383,76627383,76758952
02-candidate,2,573,76525430,76627459,76627459,76759005
02-candidate,2,574,76525430,76627282,76627282,76758873
02-candidate,2,575,76525430,76627425,76627425,76758970
02-candidate,2,576,76525430,76628791,76628791,76760291
02-candidate,2,577,76525430,76627105,76627105,76758741
02-candidate,2,578,76525430,76627632,76627632,76777188
02-candidate,2,579,76525430,76629369,76629369,76760969
02-candidate,2,580,76525430,76628424,76628424,76759921
02-candidate,2,581,76525430,76628672,76628672,76760201
02-candidate,2,582,76525430,76628372,76628372,76759877
02-candidate,2,583,76525430,76626878,76626878,76758564
02-candidate,2,584,76525430,76627869,76627869,76759318
02-candidate,2,585,76525430,76628448,76628448,76759935
02-candidate,2,586,76525430,76628238,76628238,76759708
02-candidate,2,587,76525430,76627486,76627486,76759027
02-candidate,2,588,76525430,76628328,76628328,76759816
02-candidate,2,589,76525430,76628176,76628176,76759646
02-candidate,2,590,76525430,76628506,76628506,76759980
02-candidate,2,591,76525430,76626623,76626623,76758389
02-candidate,2,592,76525430,76629336,76629336,76760910
02-candidate,2,593,76525430,76628960,76628960,76760493
02-candidate,2,594,76525430,76627720,76627720,76759225
02-candidate,2,595,76525430,76629146,76629146,76760685
02-candidate,2,596,76525430,76627441,76627441,76758991
02-candidate,2,597,76525430,76629523,76629523,76778243
02-candidate,2,598,76525430,76626582,76626582,76758336
02-candidate,2,599,76525430,76627519,76627519,76759046
02-candidate,2,600,76525430,76627244,76627244,76758854
02-candidate,2,601,76525430,76628345,76628345,76759816
02-candidate,2,602,76525430,76628194,76628194,76759649
02-candidate,2,603,76525430,76628576,76628576,76760076
02-candidate,2,604,76525430,76628637,76628637,76760149
02-candidate,2,605,76525430,76628115,76628115,76759579
02-candidate,2,606,76525430,76626727,76626727,76758469
02-candidate,2,607,76525430,76628858,76628858,76760357
02-candidate,2,608,76525430,76626840,76626840,76758539
02-candidate,2,609,76525430,76628987,76628987,76760515
02-candidate,2,610,76525430,76626865,76626865,76758556
02-candidate,2,611,76525430,76627657,76627657,76759156
02-candidate,2,612,76525430,76627533,76627533,76759056
02-candidate,2,613,76525430,76627681,76627681,76759195
02-candidate,2,614,76525430,76629226,76629226,76760763
02-candidate,2,615,76525430,76629306,76629306,76760867
02-candidate,2,616,76525430,76626594,76626594,76776496
02-candidate,2,617,76525430,76629178,76629178,76760713
02-candidate,2,618,76525430,76627693,76627693,76759188
02-candidate,2,619,76525430,76628337,76628337,76759829
02-candidate,2,620,76525430,76628606,76628606,76760109
02-candidate,2,621,76525430,76628043,76628043,76759509
02-candidate,2,622,76525430,76627452,76627452,76759005
02-candidate,2,623,76525430,76626541,76626541,76758303
02-candidate,2,624,76525430,76628579,76628579,76760085
02-candidate,2,625,76525430,76626882,76626882,76758571
02-candidate,2,626,76525430,76627779,76627779,76759263
02-candidate,2,627,76525430,76627773,76627773,76759243
02-candidate,2,628,76525430,76627473,76627473,76759017
02-candidate,2,629,76525430,76629066,76629066,76760602
02-candidate,2,630,76525430,76626985,76626985,76758659
02-candidate,2,631,76525430,76628569,76628569,76760055
02-candidate,2,632,76525430,76628626,76628626,76760137
02-candidate,2,633,76525430,76628565,76628565,76760063
02-candidate,2,634,76525430,76627537,76627537,76759060
02-candidate,2,635,76525430,76629224,76629224,76760761
02-candidate,2,636,76525430,76628355,76628355,76759841
02-candidate,2,637,76525430,76628434,76628434,76759928
02-candidate,2,638,76525430,76627577,76627577,76759098
02-candidate,2,639,76525430,76628784,76628784,76760284
02-candidate,2,640,76525430,76628076,76628076,76759540
02-candidate,2,641,76525430,76628921,76628921,76760429
02-candidate,2,642,76525430,76629063,76629063,76760596
02-candidate,2,643,76525430,76628186,76628186,76759664
02-candidate,2,644,76525430,76627948,76627948,76759416
02-candidate,2,645,76525430,76627661,76627661,76759168
02-candidate,2,646,76525430,76626584,76626584,76758336
02-candidate,2,647,76525430,76626731,76626731,76758468
02-candidate,2,648,76525430,76626548,76626548,76758295
02-candidate,2,649,76525430,76628073,76628073,76759514
02-candidate,2,650,76525430,76627127,76627127,76758754
02-candidate,2,651,76525430,76629319,76629319,76760882
02-candidate,2,652,76525430,76629283,76629283,76760851
02-candidate,2,653,76525430,76629043,76629043,76760579
02-candidate,2,654,76525430,76628030,76628030,76759461
02-candidate,2,655,76525430,76627460,76627460,76759006
02-candidate,2,656,76525430,76627405,76627405,76758962
02-candidate,2,657,76525430,76626981,76626981,76758648
02-candidate,2,658,76525430,76626899,76626899,76758578
02-candidate,2,659,76525430,76629493,76629493,76778412
02-candidate,2,660,76525430,76628967,76628967,76760488
02-candidate,2,661,76525430,76628646,76628646,76760161
02-candidate,2,662,76525430,76629157,76629157,76760688
02-candidate,2,663,76525430,76628078,76628078,76759543
02-candidate,2,664,76525430,76628948,76628948,76760452
02-candidate,2,665,76525430,76626957,76626957,76758630
02-candidate,2,666,76525430,76626929,76626929,76758604
02-candidate,2,667,76525430,76629404,76629404,76760978
02-candidate,2,668,76525430,76628233,76628233,76759709
02-candidate,2,669,76525430,76627410,76627410,76758968
02-candidate,2,670,76525430,76627653,76627653,76759160
02-candidate,2,671,76525430,76629045,76629045,76760570
02-candidate,2,672,76525430,76628791,76628791,76760293
02-candidate,2,673,76525430,76628951,76628951,76760461
02-candidate,2,674,76525430,76627873,76627873,76759318
02-candidate,2,675,76525430,76626554,76626554,76758312
02-candidate,2,676,76525430,76629246,76629246,76760785
02-candidate,2,677,76525430,76629566,76629566,76761160
02-candidate,2,678,76525430,76629579,76629579,76778245
02-candidate,2,679,76525430,76628094,76628094,76759562
02-candidate,2,680,76525430,76626918,76626918,76758591
02-candidate,2,681,76525430,76627642,76627642,76759147
02-candidate,2,682,76525430,76629077,76629077,76760602
02-candidate,2,683,76525430,76627276,76627276,76758869
02-candidate,2,684,76525430,76629290,76629290,76760853
02-candidate,2,685,76525430,76628560,76628560,76760042
02-candidate,2,686,76525430,76626567,76626567,76758282
02-candidate,2,687,76525430,76626584,76626584,76776456
02-candidate,2,688,76525430,76628557,76628557,76760055
02-candidate,2,689,76525430,76627422,76627422,76758972
02-candidate,2,690,76525430,76628799,76628799,76760303
02-candidate,2,691,76525430,76629474,76629474,76761026
02-candidate,2,692,76525430,76627193,76627193,76790193
02-candidate,2,693,76525430,76629079,76629079,76765324
02-candidate,2,694,76525430,76654368,76654368,76780315
02-candidate,2,695,76525430,76626605,76626605,76758352
02-candidate,2,696,76525430,76627904,76627904,76781180
02-candidate,2,697,76525430,76629460,76629460,76792170
02-candidate,2,698,76525430,76627773,76627773,76759247
02-candidate,2,699,76525430,76629229,76629229,76778451
02-candidate,3,50,104980990,105087977,105087977,105236567
02-candidate,3,51,104980990,105088183,105088183,105236571
02-candidate,3,52,104980990,105089190,105089190,105237241
02-candidate,3,53,104980990,105086380,105086380,105230588
02-candidate,3,54,104980990,105085561,105085561,105230004
02-candidate,3,55,104980990,105086192,105086192,105230629
02-candidate,3,56,104980990,105087702,105087702,105236755
02-candidate,3,57,104980990,105088179,105088179,105236748
02-candidate,3,58,104980990,105088372,105088372,105236826
02-candidate,3,59,104980990,105087887,105087887,105237060
02-candidate,3,60,104980990,105086858,105086858,105236181
02-candidate,3,61,104980990,105087637,105087637,105236984
02-candidate,3,62,104980990,105088111,105088111,105236684
02-candidate,3,63,104980990,105087552,105087552,105236875
02-candidate,3,64,104980990,105086486,105086486,105230228
02-candidate,3,65,104980990,105088899,105088899,105238325
02-candidate,3,66,104980990,105088176,105088176,105236562
02-candidate,3,67,104980990,105088199,105088199,105236919
02-candidate,3,68,104980990,105085514,105085514,105230127
02-candidate,3,69,104980990,105087794,105087794,105237053
02-candidate,3,70,104980990,105088350,105088350,105236539
02-candidate,3,71,104980990,105085940,105085940,105230482
02-candidate,3,72,104980990,105087671,105087671,105237538
02-candidate,3,73,104980990,105088725,105088725,105237356
02-candidate,3,74,104980990,105088176,105088176,105236771
02-candidate,3,75,104980990,105087167,105087167,105235781
02-candidate,3,76,104980990,105086689,105086689,105230541
02-candidate,3,77,104980990,105087913,105087913,105236644
02-candidate,3,78,104980990,105088449,105088449,105236999
02-candidate,3,79,104980990,105086839,105086839,105230470
02-candidate,3,80,104980990,105087522,105087522,105236779
02-candidate,3,81,104980990,105085508,105085508,105229923
02-candidate,3,82,104980990,105087307,105087307,105235979
02-candidate,3,83,104980990,105088066,105088066,105236917
02-candidate,3,84,104980990,105086826,105086826,105236161
02-candidate,3,85,104980990,105087222,105087222,105236068
02-candidate,3,86,104980990,105086689,105086689,105231717
02-candidate,3,87,104980990,105087715,105087715,105236621
02-candidate,3,88,104980990,105087238,105087238,105235639
02-candidate,3,89,104980990,105088332,105088332,105237515
02-candidate,3,90,104980990,105086917,105086917,105236134
02-candidate,3,91,104980990,105086451,105086451,105231331
02-candidate,3,92,104980990,105087447,105087447,105236597
02-candidate,3,93,104980990,105088876,105088876,105237442
02-candidate,3,94,104980990,105087670,105087670,105236823
02-candidate,3,95,104980990,105088455,105088455,105236453
02-candidate,3,96,104980990,105088684,105088684,105237433
02-candidate,3,97,104980990,105086042,105086042,105230616
02-candidate,3,98,104980990,105085708,105085708,105230156
02-candidate,3,99,104980990,105088633,105088633,105237607
02-candidate,3,100,104980990,105085479,105085479,105230091
02-candidate,3,101,104980990,105087982,105087982,105236695
02-candidate,3,102,104980990,105088197,105088197,105236524
02-candidate,3,103,104980990,105088912,105088912,105237481
02-candidate,3,104,104980990,105086427,105086427,105231379
02-candidate,3,105,104980990,105085911,105085911,105231632
02-candidate,3,106,104980990,105086123,105086123,105231710
02-candidate,3,107,104980990,105085993,105085993,105231586
02-candidate,3,108,104980990,105086656,105086656,105236060
02-candidate,3,109,104980990,105086980,105086980,105231662
02-candidate,3,110,104980990,105087797,105087797,105237004
02-candidate,3,111,104980990,105085695,105085695,105231709
02-candidate,3,112,104980990,105088819,105088819,105237362
02-candidate,3,113,104980990,105087156,105087156,105235663
02-candidate,3,114,104980990,105086506,105086506,105235851
02-candidate,3,115,104980990,105085570,105085570,105229884
02-candidate,3,116,104980990,105086534,105086534,105236022
02-candidate,3,117,104980990,105086067,105086067,105230586
02-candidate,3,118,104980990,105087333,105087333,105235378
02-candidate,3,119,104980990,105087692,105087692,105236899
02-candidate,3,120,104980990,105087383,105087383,105235901
02-candidate,3,121,104980990,105087129,105087129,105235959
02-candidate,3,122,104980990,105087899,105087899,105237055
02-candidate,3,123,104980990,105085616,105085616,105229742
02-candidate,3,124,104980990,105088566,105088566,105232293
02-candidate,3,125,104980990,105088916,105088916,105237393
02-candidate,3,126,104980990,105085593,105085593,105229873
02-candidate,3,127,104980990,105088239,105088239,105236444
02-candidate,3,128,104980990,105088501,105088501,105237589
02-candidate,3,129,104980990,105086659,105086659,105236107
02-candidate,3,130,104980990,105086024,105086024,105231543
02-candidate,3,131,104980990,105087404,105087404,105237509
02-candidate,3,132,104980990,105086833,105086833,105231760
02-candidate,3,133,104980990,105085430,105085430,105230027
02-candidate,3,134,104980990,105087878,105087878,105231403
02-candidate,3,135,104980990,105085502,105085502,105230155
02-candidate,3,136,104980990,105087860,105087860,105237591
02-candidate,3,137,104980990,105087186,105087186,105236113
02-candidate,3,138,104980990,105086919,105086919,105231615
02-candidate,3,139,104980990,105086932,105086932,105236051
02-candidate,3,140,104980990,105087097,105087097,105235315
02-candidate,3,141,104980990,105087988,105087988,105236617
02-candidate,3,142,104980990,105085698,105085698,105230711
02-candidate,3,143,104980990,105087826,105087826,105236911
02-candidate,3,144,104980990,105085722,105085722,105231748
02-candidate,3,145,104980990,105085595,105085595,105229986
02-candidate,3,146,104980990,105087977,105087977,105237063
02-candidate,3,147,104980990,105088675,105088675,105237546
02-candidate,3,148,104980990,105086995,105086995,105231545
02-candidate,3,149,104980990,105087664,105087664,105236949
02-candidate,3,150,104980990,105087497,105087497,105237043
02-candidate,3,151,104980990,105088042,105088042,105237027
02-candidate,3,152,104980990,105087678,105087678,105236934
02-candidate,3,153,104980990,105087558,105087558,105237517
02-candidate,3,154,104980990,105088357,105088357,105237545
02-candidate,3,155,104980990,105088657,105088657,105236717
02-candidate,3,156,104980990,105087296,105087296,105235855
02-candidate,3,157,104980990,105086220,105086220,105230616
02-candidate,3,158,104980990,105087517,105087517,105237077
02-candidate,3,159,104980990,105087709,105087709,105236682
02-candidate,3,160,104980990,105088401,105088401,105236883
02-candidate,3,161,104980990,105089068,105089068,105238321
02-candidate,3,162,104980990,105086358,105086358,105231780
02-candidate,3,163,104980990,105088877,105088877,105238343
02-candidate,3,164,104980990,105086662,105086662,105235897
02-candidate,3,165,104980990,105088026,105088026,105236573
02-candidate,3,166,104980990,105088305,105088305,105236880
02-candidate,3,167,104980990,105087881,105087881,105236979
02-candidate,3,168,104980990,105088010,105088010,105236556
02-candidate,3,169,104980990,105085792,105085792,105231599
02-candidate,3,170,104980990,105085576,105085576,105230037
02-candidate,3,171,104980990,105085433,105085433,105230052
02-candidate,3,172,104980990,105088006,105088006,105236765
02-candidate,3,173,104980990,105086985,105086985,105236082
02-candidate,3,174,104980990,105085769,105085769,105231774
02-candidate,3,175,104980990,105088958,105088958,105237442
02-candidate,3,176,104980990,105085807,105085807,105230700
02-candidate,3,177,104980990,105086849,105086849,105236001
02-candidate,3,178,104980990,105089107,105089107,105237439
02-candidate,3,179,104980990,105087889,105087889,105236832
02-candidate,3,180,104980990,105086750,105086750,105231218
02-candidate,3,181,104980990,105087370,105087370,105235867
02-candidate,3,182,104980990,105088530,105088530,105236731
02-candidate,3,183,104980990,105086999,105086999,105235793
02-candidate,3,184,104980990,105087202,105087202,105236108
02-candidate,3,185,104980990,105089025,105089025,105238323
02-candidate,3,186,104980990,105088519,105088519,105237046
02-candidate,3,187,104980990,105086738,105086738,105236033
02-candidate,3,188,104980990,105088549,105088549,105233177
02-candidate,3,189,104980990,105087116,105087116,105235837
02-candidate,3,190,104980990,105086263,105086263,105231824
02-candidate,3,191,104980990,105086756,105086756,105235962
02-candidate,3,192,104980990,105087626,105087626,105236760
02-candidate,3,193,104980990,105087669,105087669,105237541
02-candidate,3,194,104980990,105086209,105086209,105230611
02-candidate,3,195,104980990,105086720,105086720,105235967
02-candidate,3,196,104980990,105088129,105088129,105236759
02-candidate,3,197,104980990,105087645,105087645,105237491
02-candidate,3,198,104980990,105088249,105088249,105236425
02-candidate,3,199,104980990,105086749,105086749,105236005
02-candidate,3,200,104980990,105086892,105086892,105236115
02-candidate,3,201,104980990,105085792,105085792,105231746
02-candidate,3,202,104980990,105086931,105086931,105236042
02-candidate,3,203,104980990,105087888,105087888,105236657
02-candidate,3,204,104980990,105085568,105085568,105229688
02-candidate,3,205,104980990,105086406,105086406,105231758
02-candidate,3,206,104980990,105086127,105086127,105230526
02-candidate,3,207,104980990,105089120,105089120,105237479
02-candidate,3,208,104980990,105088725,105088725,105237571
02-candidate,3,209,104980990,105087961,105087961,105236630
02-candidate,3,210,104980990,105085557,105085557,105230102
02-candidate,3,211,104980990,105085987,105085987,105231330
02-candidate,3,212,104980990,105087618,105087618,105236916
02-candidate,3,213,104980990,105087513,105087513,105237510
02-candidate,3,214,104980990,105087332,105087332,105236069
02-candidate,3,215,104980990,105087318,105087318,105235439
02-candidate,3,216,104980990,105087537,105087537,105237010
02-candidate,3,217,104980990,105088784,105088784,105237388
02-candidate,3,218,104980990,105089021,105089021,105237554
02-candidate,3,219,104980990,105086516,105086516,105236120
02-candidate,3,220,104980990,105086436,105086436,105230643
02-candidate,3,221,104980990,105088049,105088049,105236903
02-candidate,3,222,104980990,105087732,105087732,105236592
02-candidate,3,223,104980990,105086465,105086465,105231332
02-candidate,3,224,104980990,105085575,105085575,105229868
02-candidate,3,225,104980990,105087381,105087381,105235913
02-candidate,3,226,104980990,105086067,105086067,105231331
02-candidate,3,227,104980990,105088253,105088253,105236954
02-candidate,3,228,104980990,105088379,105088379,105236526
02-candidate,3,229,104980990,105088934,105088934,105237467
02-candidate,3,230,104980990,105086680,105086680,105235958
02-candidate,3,231,104980990,105085836,105085836,105231510
02-candidate,3,232,104980990,105088809,105088809,105237586
02-candidate,3,233,104980990,105086027,105086027,105230569
02-candidate,3,234,104980990,105087491,105087491,105237540
02-candidate,3,235,104980990,105087772,105087772,105236757
02-candidate,3,236,104980990,105085941,105085941,105231642
02-candidate,3,237,104980990,105086449,105086449,105230662
02-candidate,3,238,104980990,105087200,105087200,105231782
02-candidate,3,239,104980990,105087177,105087177,105235893
02-candidate,3,240,104980990,105086820,105086820,105236441
02-candidate,3,241,104980990,105088674,105088674,105237432
02-candidate,3,242,104980990,105085945,105085945,105231708
02-candidate,3,243,104980990,105086078,105086078,105231770
02-candidate,3,244,104980990,105087654,105087654,105236824
02-candidate,3,245,104980990,105085787,105085787,105231645
02-candidate,3,246,104980990,105087416,105087416,105235781
02-candidate,3,247,104980990,105087559,105087559,105236668
02-candidate,3,248,104980990,105087538,105087538,105236946
02-candidate,3,249,104980990,105087162,105087162,105235971
02-candidate,3,250,104980990,105086863,105086863,105235939
02-candidate,3,251,104980990,105087469,105087469,105236805
02-candidate,3,252,104980990,105087644,105087644,105236760
02-candidate,3,253,104980990,105085859,105085859,105231444
02-candidate,3,254,104980990,105087154,105087154,105235900
02-candidate,3,255,104980990,105088320,105088320,105237507
02-candidate,3,256,104980990,105087709,105087709,105236891
02-candidate,3,257,104980990,105088164,105088164,105236904
02-candidate,3,258,104980990,105086970,105086970,105231246
02-candidate,3,259,104980990,105086438,105086438,105231800
02-candidate,3,260,104980990,105085593,105085593,105230036
02-candidate,3,261,104980990,105088557,105088557,105232284
02-candidate,3,262,104980990,105088095,105088095,105236891
02-candidate,3,263,104980990,105086861,105086861,105231403
02-candidate,3,264,104980990,105088841,105088841,105237368
02-candidate,3,265,104980990,105088978,105088978,105238330
02-candidate,3,266,104980990,105086420,105086420,105231795
02-candidate,3,267,104980990,105086336,105086336,105230642
02-candidate,3,268,104980990,105088325,105088325,105236733
02-candidate,3,269,104980990,105087723,105087723,105237540
02-candidate,3,270,104980990,105089152,105089152,105238249
02-candidate,3,271,104980990,105087129,105087129,105235813
02-candidate,3,272,104980990,105086117,105086117,105231614
02-candidate,3,273,104980990,105085856,105085856,105231614
02-candidate,3,274,104980990,105088975,105088975,105238306
02-candidate,3,275,104980990,105089020,105089020,105237237
02-candidate,3,276,104980990,105087527,105087527,105237052
02-candidate,3,277,104980990,105087276,105087276,105235834
02-candidate,3,278,104980990,105087470,105087470,105237057
02-candidate,3,279,104980990,105087749,105087749,105236702
02-candidate,3,280,104980990,105085617,105085617,105229509
02-candidate,3,281,104980990,105088881,105088881,105237564
02-candidate,3,282,104980990,105085512,105085512,105230102
02-candidate,3,283,104980990,105088703,105088703,105237439
02-candidate,3,284,104980990,105087650,105087650,105236836
02-candidate,3,285,104980990,105087184,105087184,105235788
02-candidate,3,286,104980990,105088740,105088740,105237393
02-candidate,3,287,104980990,105089162,105089162,105237288
02-candidate,3,288,104980990,105087231,105087231,105235620
02-candidate,3,289,104980990,105086481,105086481,105236181
02-candidate,3,290,104980990,105085447,105085447,105229652
02-candidate,3,291,104980990,105086665,105086665,105235973
02-candidate,3,292,104980990,105088813,105088813,105237406
02-candidate,3,293,104980990,105087793,105087793,105236617
02-candidate,3,294,104980990,105088074,105088074,105236956
02-candidate,3,295,104980990,105088189,105088189,105236505
02-candidate,3,296,104980990,105087328,105087328,105235919
02-candidate,3,297,104980990,105088148,105088148,105237023
02-candidate,3,298,104980990,105087839,105087839,105237600
02-candidate,3,299,104980990,105088654,105088654,105233199
02-candidate,3,300,104980990,105086882,105086882,105236096
02-candidate,3,301,104980990,105086814,105086814,105230423
02-candidate,3,302,104980990,105085698,105085698,105231621
02-candidate,3,303,104980990,105088570,105088570,105232297
02-candidate,3,304,104980990,105088226,105088226,105236412
02-candidate,3,305,104980990,105087671,105087671,105236796
02-candidate,3,306,104980990,105089058,105089058,105237454
02-candidate,3,307,104980990,105087740,105087740,105236874
02-candidate,3,308,104980990,105085679,105085679,105229642
02-candidate,3,309,104980990,105087300,105087300,105235500
02-candidate,3,310,104980990,105085637,105085637,105229757
02-candidate,3,311,104980990,105086174,105086174,105231589
02-candidate,3,312,104980990,105088848,105088848,105237412
02-candidate,3,313,104980990,105088298,105088298,105237521
02-candidate,3,314,104980990,105086634,105086634,105236171
02-candidate,3,315,104980990,105086962,105086962,105236187
02-candidate,3,316,104980990,105087744,105087744,105236837
02-candidate,3,317,104980990,105087460,105087460,105236831
02-candidate,3,318,104980990,105086996,105086996,105231710
02-candidate,3,319,104980990,105087255,105087255,105235612
02-candidate,3,320,104980990,105088330,105088330,105236416
02-candidate,3,321,104980990,105088209,105088209,105237008
02-candidate,3,322,104980990,105085952,105085952,105231345
02-candidate,3,323,104980990,105088449,105088449,105236537
02-candidate,3,324,104980990,105087404,105087404,105236614
02-candidate,3,325,104980990,105087416,105087416,105237061
02-candidate,3,326,104980990,105088164,105088164,105236869
02-candidate,3,327,104980990,105086723,105086723,105236110
02-candidate,3,328,104980990,105087734,105087734,105236709
02-candidate,3,329,104980990,105087685,105087685,105236691
02-candidate,3,330,104980990,105087933,105087933,105236956
02-candidate,3,331,104980990,105088173,105088173,105236765
02-candidate,3,332,104980990,105085454,105085454,105229972
02-candidate,3,333,104980990,105087425,105087425,105235875
02-candidate,3,334,104980990,105088414,105088414,105237594
02-candidate,3,335,104980990,105088444,105088444,105236812
02-candidate,3,336,104980990,105088993,105088993,105237584
02-candidate,3,337,104980990,105087120,105087120,105235843
02-candidate,3,338,104980990,105088580,105088580,105232204
02-candidate,3,339,104980990,105088641,105088641,105232230
02-candidate,3,340,104980990,105087173,105087173,105235982
02-candidate,3,341,104980990,105087161,105087161,105235763
02-candidate,3,342,104980990,105087636,105087636,105237034
02-candidate,3,343,104980990,105088107,105088107,105236968
02-candidate,3,344,104980990,105088572,105088572,105232250
02-candidate,3,345,104980990,105088589,105088589,105237018
02-candidate,3,346,104980990,105086438,105086438,105231311
02-candidate,3,347,104980990,105085548,105085548,105230080
02-candidate,3,348,104980990,105089100,105089100,105237246
02-candidate,3,349,104980990,105088271,105088271,105236820
02-candidate,3,350,104980990,105086662,105086662,105236059
02-candidate,3,351,104980990,105086114,105086114,105230588
02-candidate,3,352,104980990,105085990,105085990,105231698
02-candidate,3,353,104980990,105086093,105086093,105231548
02-candidate,3,354,104980990,105086393,105086393,105230632
02-candidate,3,355,104980990,105085798,105085798,105231790
02-candidate,3,356,104980990,105088374,105088374,105236610
02-candidate,3,357,104980990,105086504,105086504,105235804
02-candidate,3,358,104980990,105088452,105088452,105236760
02-candidate,3,359,104980990,105087208,105087208,105235899
02-candidate,3,360,104980990,105088494,105088494,105236647
02-candidate,3,361,104980990,105087138,105087138,105235776
02-candidate,3,362,104980990,105085434,105085434,105230169
02-candidate,3,363,104980990,105085509,105085509,105230110
02-candidate,3,364,104980990,105085670,105085670,105229804
02-candidate,3,365,104980990,105088997,105088997,105237280
02-candidate,3,366,104980990,105088769,105088769,105237559
02-candidate,3,367,104980990,105088348,105088348,105236435
02-candidate,3,368,104980990,105088119,105088119,105236862
02-candidate,3,369,104980990,105086989,105086989,105236170
02-candidate,3,370,104980990,105085669,105085669,105230102
02-candidate,3,371,104980990,105087686,105087686,105236617
02-candidate,3,372,104980990,105088453,105088453,105236663
02-candidate,3,373,104980990,105088792,105088792,105237563
02-candidate,3,374,104980990,105087395,105087395,105236020
02-candidate,3,375,104980990,105087993,105087993,105236616
02-candidate,3,376,104980990,105088016,105088016,105236810
02-candidate,3,377,104980990,105087758,105087758,105236812
02-candidate,3,378,104980990,105087853,105087853,105236630
02-candidate,3,379,104980990,105088285,105088285,105236867
02-candidate,3,380,104980990,105086707,105086707,105235904
02-candidate,3,381,104980990,105086277,105086277,105231815
02-candidate,3,382,104980990,105086046,105086046,105231533
02-candidate,3,383,104980990,105086908,105086908,105236081
02-candidate,3,384,104980990,105085573,105085573,105230037
02-candidate,3,385,104980990,105087201,105087201,105231481
02-candidate,3,386,104980990,105087597,105087597,105237592
02-candidate,3,387,104980990,105087991,105087991,105237042
02-candidate,3,388,104980990,105088941,105088941,105237434
02-candidate,3,389,104980990,105088003,105088003,105236542
02-candidate,3,390,104980990,105085805,105085805,105231521
02-candidate,3,391,104980990,105085826,105085826,105231797
02-candidate,3,392,104980990,105088978,105088978,105237247
02-candidate,3,393,104980990,105088400,105088400,105236969
02-candidate,3,394,104980990,105086142,105086142,105230592
02-candidate,3,395,104980990,105088574,105088574,105233197
02-candidate,3,396,104980990,105086842,105086842,105236502
02-candidate,3,397,104980990,105086725,105086725,105235983
02-candidate,3,398,104980990,105088008,105088008,105236722
02-candidate,3,399,104980990,105086687,105086687,105236054
02-candidate,3,400,104980990,105088681,105088681,105237338
02-candidate,3,401,104980990,105087871,105087871,105236798
02-candidate,3,402,104980990,105087248,105087248,105235721
02-candidate,3,403,104980990,105088320,105088320,105236538
02-candidate,3,404,104980990,105086136,105086136,105231559
02-candidate,3,405,104980990,105087117,105087117,105231229
02-candidate,3,406,104980990,105086896,105086896,105231469
02-candidate,3,407,104980990,105087618,105087618,105236709
02-candidate,3,408,104980990,105088231,105088231,105237019
02-candidate,3,409,104980990,105087222,105087222,105235938
02-candidate,3,410,104980990,105087717,105087717,105236756
02-candidate,3,411,104980990,105087611,105087611,105237611
02-candidate,3,412,104980990,105087744,105087744,105236858
02-candidate,3,413,104980990,105085878,105085878,105231629
02-candidate,3,414,104980990,105086224,105086224,105231587
02-candidate,3,415,104980990,105088462,105088462,105236683
02-candidate,3,416,104980990,105089101,105089101,105237592
02-candidate,3,417,104980990,105085397,105085397,105229763
02-candidate,3,418,104980990,105088909,105088909,105237554
02-candidate,3,419,104980990,105088606,105088606,105236381
02-candidate,3,420,104980990,105085744,105085744,105230706
02-candidate,3,421,104980990,105088469,105088469,105236449
02-candidate,3,422,104980990,105087684,105087684,105236800
02-candidate,3,423,104980990,105086907,105086907,105236027
02-candidate,3,424,104980990,105087282,105087282,105235559
02-candidate,3,425,104980990,105087230,105087230,105235839
02-candidate,3,426,104980990,105087230,105087230,105235728
02-candidate,3,427,104980990,105085832,105085832,105231638
02-candidate,3,428,104980990,105088948,105088948,105237374
02-candidate,3,429,104980990,105085771,105085771,105230692
02-candidate,3,430,104980990,105086270,105086270,105231327
02-candidate,3,431,104980990,105088658,105088658,105237580
02-candidate,3,432,104980990,105085748,105085748,105231689
02-candidate,3,433,104980990,105087125,105087125,105236152
02-candidate,3,434,104980990,105088888,105088888,105237487
02-candidate,3,435,104980990,105088256,105088256,105236999
02-candidate,3,436,104980990,105085921,105085921,105231729
02-candidate,3,437,104980990,105088664,105088664,105236606
02-candidate,3,438,104980990,105086194,105086194,105231723
02-candidate,3,439,104980990,105086927,105086927,105235993
02-candidate,3,440,104980990,105087762,105087762,105236695
02-candidate,3,441,104980990,105088734,105088734,105237387
02-candidate,3,442,104980990,105088151,105088151,105236863
02-candidate,3,443,104980990,105088526,105088526,105232226
02-candidate,3,444,104980990,105088496,105088496,105232242
02-candidate,3,445,104980990,105086636,105086636,105235954
02-candidate,3,446,104980990,105086362,105086362,105231800
02-candidate,3,447,104980990,105087278,105087278,105235991
02-candidate,3,448,104980990,105086391,105086391,105231790
02-candidate,3,449,104980990,105086445,105086445,105231726
02-candidate,3,450,104980990,105086100,105086100,105230492
02-candidate,3,451,104980990,105087306,105087306,105235853
02-candidate,3,452,104980990,105086739,105086739,105230223
02-candidate,3,453,104980990,105088797,105088797,105237345
02-candidate,3,454,104980990,105086168,105086168,105231576
02-candidate,3,455,104980990,105087673,105087673,105236986
02-candidate,3,456,104980990,105088894,105088894,105237376
02-candidate,3,457,104980990,105088548,105088548,105236445
02-candidate,3,458,104980990,105086215,105086215,105231681
02-candidate,3,459,104980990,105087968,105087968,105236696
02-candidate,3,460,104980990,105088401,105088401,105237019
02-candidate,3,461,104980990,105088067,105088067,105236899
02-candidate,3,462,104980990,105088590,105088590,105232249
02-candidate,3,463,104980990,105085464,105085464,105230137
02-candidate,3,464,104980990,105086917,105086917,105231233
02-candidate,3,465,104980990,105087203,105087203,105236100
02-candidate,3,466,104980990,105085516,105085516,105229787
02-candidate,3,467,104980990,105087769,105087769,105236685
02-candidate,3,468,104980990,105086478,105086478,105236133
02-candidate,3,469,104980990,105088794,105088794,105237583
02-candidate,3,470,104980990,105086497,105086497,105236028
02-candidate,3,471,104980990,105087938,105087938,105236566
02-candidate,3,472,104980990,105085650,105085650,105229552
02-candidate,3,473,104980990,105086311,105086311,105231804
02-candidate,3,474,104980990,105086547,105086547,105235704
02-candidate,3,475,104980990,105087722,105087722,105237509
02-candidate,3,476,104980990,105088655,105088655,105237506
02-candidate,3,477,104980990,105087432,105087432,105236716
02-candidate,3,478,104980990,105086990,105086990,105236168
02-candidate,3,479,104980990,105087245,105087245,105235842
02-candidate,3,480,104980990,105085666,105085666,105229664
02-candidate,3,481,104980990,105086751,105086751,105235933
02-candidate,3,482,104980990,105087962,105087962,105236904
02-candidate,3,483,104980990,105086809,105086809,105236013
02-candidate,3,484,104980990,105087222,105087222,105231269
02-candidate,3,485,104980990,105086771,105086771,105236077
02-candidate,3,486,104980990,105085890,105085890,105231655
02-candidate,3,487,104980990,105088769,105088769,105237466
02-candidate,3,488,104980990,105088027,105088027,105236971
02-candidate,3,489,104980990,105088967,105088967,105237472
02-candidate,3,490,104980990,105089033,105089033,105237432
02-candidate,3,491,104980990,105085492,105085492,105229725
02-candidate,3,492,104980990,105087339,105087339,105235764
02-candidate,3,493,104980990,105086930,105086930,105231467
02-candidate,3,494,104980990,105085525,105085525,105230122
02-candidate,3,495,104980990,105085541,105085541,105230112
02-candidate,3,496,104980990,105087138,105087138,105235720
02-candidate,3,497,104980990,105088279,105088279,105236884
02-candidate,3,498,104980990,105085543,105085543,105229974
02-candidate,3,499,104980990,105088524,105088524,105232272
02-candidate,3,500,104980990,105086684,105086684,105236092
02-candidate,3,501,104980990,105086451,105086451,105231685
02-candidate,3,502,104980990,105087955,105087955,105236661
02-candidate,3,503,104980990,105089073,105089073,105237442
02-candidate,3,504,104980990,105085602,105085602,105229817
02-candidate,3,505,104980990,105087344,105087344,105236022
02-candidate,3,506,104980990,105086197,105086197,105231740
02-candidate,3,507,104980990,105088868,105088868,105237358
02-candidate,3,508,104980990,105085462,105085462,105229961
02-candidate,3,509,104980990,105087867,105087867,105237527
02-candidate,3,510,104980990,105087597,105087597,105236732
02-candidate,3,511,104980990,105087559,105087559,105236872
02-candidate,3,512,104980990,105087260,105087260,105235843
02-candidate,3,513,104980990,105088980,105088980,105237445
02-candidate,3,514,104980990,105087668,105087668,105237488
02-candidate,3,515,104980990,105088826,105088826,105238331
02-candidate,3,516,104980990,105088049,105088049,105236972
02-candidate,3,517,104980990,105087670,105087670,105236970
02-candidate,3,518,104980990,105086238,105086238,105230655
02-candidate,3,519,104980990,105087734,105087734,105236826
02-candidate,3,520,104980990,105088072,105088072,105236932
02-candidate,3,521,104980990,105086714,105086714,105236145
02-candidate,3,522,104980990,105087159,105087159,105235840
02-candidate,3,523,104980990,105088493,105088493,105236661
02-candidate,3,524,104980990,105085782,105085782,105231635
02-candidate,3,525,104980990,105088423,105088423,105237029
02-candidate,3,526,104980990,105086125,105086125,105230650
02-candidate,3,527,104980990,105085971,105085971,105231729
02-candidate,3,528,104980990,105088210,105088210,105236826
02-candidate,3,529,104980990,105087812,105087812,105236691
02-candidate,3,530,104980990,105088326,105088326,105236886
02-candidate,3,531,104980990,105088355,105088355,105236979
02-candidate,3,532,104980990,105088636,105088636,105236704
02-candidate,3,533,104980990,105089096,105089096,105238243
02-candidate,3,534,104980990,105087796,105087796,105237511
02-candidate,3,535,104980990,105089081,105089081,105237336
02-candidate,3,536,104980990,105085643,105085643,105230011
02-candidate,3,537,104980990,105087197,105087197,105236011
02-candidate,3,538,104980990,105089049,105089049,105237614
02-candidate,3,539,104980990,105085982,105085982,105231337
02-candidate,3,540,104980990,105089130,105089130,105238257
02-candidate,3,541,104980990,105087903,105087903,105236974
02-candidate,3,542,104980990,105087798,105087798,105237537
02-candidate,3,543,104980990,105085757,105085757,105230720
02-candidate,3,544,104980990,105088496,105088496,105237090
02-candidate,3,545,104980990,105088918,105088918,105237587
02-candidate,3,546,104980990,105087093,105087093,105235925
02-candidate,3,547,104980990,105086937,105086937,105231493
02-candidate,3,548,104980990,105087318,105087318,105235807
02-candidate,3,549,104980990,105086507,105086507,105236186
02-candidate,3,550,104980990,105089150,105089150,105237298
02-candidate,3,551,104980990,105086719,105086719,105231232
02-candidate,3,552,104980990,105088749,105088749,105237392
02-candidate,3,553,104980990,105087663,105087663,105236760
02-candidate,3,554,104980990,105086241,105086241,105231550
02-candidate,3,555,104980990,105087105,105087105,105235904
02-candidate,3,556,104980990,105088072,105088072,105236740
02-candidate,3,557,104980990,105086150,105086150,105231527
02-candidate,3,558,104980990,105088150,105088150,105236840
02-candidate,3,559,104980990,105088232,105088232,105236946
02-candidate,3,560,104980990,105088835,105088835,105238327
02-candidate,3,561,104980990,105086741,105086741,105236150
02-candidate,3,562,104980990,105088676,105088676,105237465
02-candidate,3,563,104980990,105088347,105088347,105236997
02-candidate,3,564,104980990,105088700,105088700,105237560
02-candidate,3,565,104980990,105087101,105087101,105235777
02-candidate,3,566,104980990,105086944,105086944,105236078
02-candidate,3,567,104980990,105087179,105087179,105235676
02-candidate,3,568,104980990,105086411,105086411,105230649
02-candidate,3,569,104980990,105088585,105088585,105236482
02-candidate,3,570,104980990,105087322,105087322,105235862
02-candidate,3,571,104980990,105086151,105086151,105230548
02-candidate,3,572,104980990,105086509,105086509,105236119
02-candidate,3,573,104980990,105086692,105086692,105235814
02-candidate,3,574,104980990,105086423,105086423,105231809
02-candidate,3,575,104980990,105086607,105086607,105235937
02-candidate,3,576,104980990,105088081,105088081,105236544
02-candidate,3,577,104980990,105086168,105086168,105231736
02-candidate,3,578,104980990,105086760,105086760,105236047
02-candidate,3,579,104980990,105088833,105088833,105237324
02-candidate,3,580,104980990,105087704,105087704,105236633
02-candidate,3,581,104980990,105087961,105087961,105237058
02-candidate,3,582,104980990,105087686,105087686,105237048
02-candidate,3,583,104980990,105085887,105085887,105231414
02-candidate,3,584,104980990,105086967,105086967,105231636
02-candidate,3,585,104980990,105087706,105087706,105236897
02-candidate,3,586,104980990,105087491,105087491,105236969
02-candidate,3,587,104980990,105086662,105086662,105235788
02-candidate,3,588,104980990,105087643,105087643,105236757
02-candidate,3,589,104980990,105087354,105087354,105235876
02-candidate,3,590,104980990,105087737,105087737,105236787
02-candidate,3,591,104980990,105085592,105085592,105229583
02-candidate,3,592,104980990,105088773,105088773,105237339
02-candidate,3,593,104980990,105088294,105088294,105236668
02-candidate,3,594,104980990,105086844,105086844,105231692
02-candidate,3,595,104980990,105088520,105088520,105236716
02-candidate,3,596,104980990,105086635,105086635,105235723
02-candidate,3,597,104980990,105089043,105089043,105238309
02-candidate,3,598,104980990,105085541,105085541,105229886
02-candidate,3,599,104980990,105086703,105086703,105236036
02-candidate,3,600,104980990,105086378,105086378,105231814
02-candidate,3,601,104980990,105087627,105087627,105236809
02-candidate,3,602,104980990,105087350,105087350,105235989
02-candidate,3,603,104980990,105087843,105087843,105236837
02-candidate,3,604,104980990,105087904,105087904,105231771
02-candidate,3,605,104980990,105087261,105087261,105235656
02-candidate,3,606,104980990,105085707,105085707,105230712
02-candidate,3,607,104980990,105088154,105088154,105236688
02-candidate,3,608,104980990,105085832,105085832,105231750
02-candidate,3,609,104980990,105088335,105088335,105236471
02-candidate,3,610,104980990,105085869,105085869,105230675
02-candidate,3,611,104980990,105086783,105086783,105235715
02-candidate,3,612,104980990,105086686,105086686,105236137
02-candidate,3,613,104980990,105086831,105086831,105236164
02-candidate,3,614,104980990,105088593,105088593,105236375
02-candidate,3,615,104980990,105088725,105088725,105238276
02-candidate,3,616,104980990,105085509,105085509,105230069
02-candidate,3,617,104980990,105088547,105088547,105232208
02-candidate,3,618,104980990,105086844,105086844,105236417
02-candidate,3,619,104980990,105087633,105087633,105237021
02-candidate,3,620,104980990,105087867,105087867,105236627
02-candidate,3,621,104980990,105087206,105087206,105235944
02-candidate,3,622,104980990,105086626,105086626,105235957
02-candidate,3,623,104980990,105085490,105085490,105229639
02-candidate,3,624,104980990,105087860,105087860,105236933
02-candidate,3,625,104980990,105085894,105085894,105231415
02-candidate,3,626,104980990,105086888,105086888,105236164
02-candidate,3,627,104980990,105086884,105086884,105235881
02-candidate,3,628,104980990,105086651,105086651,105235750
02-candidate,3,629,104980990,105088430,105088430,105236755
02-candidate,3,630,104980990,105086019,105086019,105231730
02-candidate,3,631,104980990,105087818,105087818,105231264
02-candidate,3,632,104980990,105087895,105087895,105236888
02-candidate,3,633,104980990,105087850,105087850,105231740
02-candidate,3,634,104980990,105086704,105086704,105231584
02-candidate,3,635,104980990,105088595,105088595,105236669
02-candidate,3,636,104980990,105087604,105087604,105236803
02-candidate,3,637,104980990,105087705,105087705,105237501
02-candidate,3,638,104980990,105086730,105086730,105236056
02-candidate,3,639,104980990,105088071,105088071,105236591
02-candidate,3,640,104980990,105087232,105087232,105235909
02-candidate,3,641,104980990,105088245,105088245,105236720
02-candidate,3,642,104980990,105088426,105088426,105236938
02-candidate,3,643,104980990,105087373,105087373,105236050
02-candidate,3,644,104980990,105087120,105087120,105235933
02-candidate,3,645,104980990,105086800,105086800,105235993
02-candidate,3,646,104980990,105085534,105085534,105229594
02-candidate,3,647,104980990,105085725,105085725,105231533
02-candidate,3,648,104980990,105085469,105085469,105229992
02-candidate,3,649,104980990,105087199,105087199,105231475
02-candidate,3,650,104980990,105086179,105086179,105230477
02-candidate,3,651,104980990,105088745,105088745,105238337
02-candidate,3,652,104980990,105088696,105088696,105237405
02-candidate,3,653,104980990,105088402,105088402,105236793
02-candidate,3,654,104980990,105087179,105087179,105236157
02-candidate,3,655,104980990,105086577,105086577,105236048
02-candidate,3,656,104980990,105086563,105086563,105235715
02-candidate,3,657,104980990,105086016,105086016,105230548
02-candidate,3,658,104980990,105085914,105085914,105231472
02-candidate,3,659,104980990,105089003,105089003,105238293
02-candidate,3,660,104980990,105088296,105088296,105236610
02-candidate,3,661,104980990,105087923,105087923,105231677
02-candidate,3,662,104980990,105088509,105088509,105232281
02-candidate,3,663,104980990,105087230,105087230,105235602
02-candidate,3,664,104980990,105088270,105088270,105236979
02-candidate,3,665,104980990,105085982,105085982,105230606
02-candidate,3,666,104980990,105085956,105085956,105231599
02-candidate,3,667,104980990,105088858,105088858,105238317
02-candidate,3,668,104980990,105087448,105087448,105237551
02-candidate,3,669,104980990,105086520,105086520,105235754
02-candidate,3,670,104980990,105086807,105086807,105235971
02-candidate,3,671,104980990,105088380,105088380,105237506
02-candidate,3,672,104980990,105088105,105088105,105236831
02-candidate,3,673,104980990,105088279,105088279,105237590
02-candidate,3,674,104980990,105086954,105086954,105236156
02-candidate,3,675,104980990,105085462,105085462,105229895
02-candidate,3,676,104980990,105088634,105088634,105232220
02-candidate,3,677,104980990,105089144,105089144,105237295
02-candidate,3,678,104980990,105089158,105089158,105237451
02-candidate,3,679,104980990,105087267,105087267,105236022
02-candidate,3,680,104980990,105085920,105085920,105231672
02-candidate,3,681,104980990,105086783,105086783,105235964
02-candidate,3,682,104980990,105088437,105088437,105236946
02-candidate,3,683,104980990,105086405,105086405,105231348
02-candidate,3,684,104980990,105088697,105088697,105237590
02-candidate,3,685,104980990,105087817,105087817,105236911
02-candidate,3,686,104980990,105085418,105085418,105230130
02-candidate,3,687,104980990,105085515,105085515,105229978
02-candidate,3,688,104980990,105087806,105087806,105237512
02-candidate,3,689,104980990,105086592,105086592,105236172
02-candidate,3,690,104980990,105088097,105088097,105237002
02-candidate,3,691,104980990,105088941,105088941,105237408
02-candidate,3,692,104980990,105086344,105086344,105229350
02-candidate,3,693,104980990,105116965,105116965,105212369
02-candidate,3,694,104980990,105088747,105088747,105222236
02-candidate,3,695,104980990,105085575,105085575,105240150
02-candidate,3,696,104980990,105087005,105087005,105212264
02-candidate,3,697,104980990,105088939,105088939,105218272
02-candidate,3,698,104980990,105086906,105086906,105240196
02-candidate,3,699,104980990,105088600,105088600,105254143
03-candidate,1,50,47881763,47989880,47989880,48114225
03-candidate,1,51,47881763,47990066,47990066,48114368
03-candidate,1,52,47881763,47989772,47989772,48136324
03-candidate,1,53,47881763,47988617,47988617,48139871
03-candidate,1,54,47881763,47988313,47988313,48112794
03-candidate,1,55,47881763,47990104,47990104,48114425
03-candidate,1,56,47881763,47988830,47988830,48136483
03-candidate,1,57,47881763,47988128,47988128,48136208
03-candidate,1,58,47881763,47989933,47989933,48114274
03-candidate,1,59,47881763,47987945,47987945,48112509
03-candidate,1,60,47881763,47987652,47987652,48112247
03-candidate,1,61,47881763,47989879,47989879,48114241
03-candidate,1,62,47881763,47989622,47989622,48136381
03-candidate,1,63,47881763,47987574,47987574,48139930
03-candidate,1,64,47881763,47987645,47987645,48112210
03-candidate,1,65,47881763,47989431,47989431,48113755
03-candidate,1,66,47881763,47989709,47989709,48113924
03-candidate,1,67,47881763,47989205,47989205,48113584
03-candidate,1,68,47881763,47988984,47988984,48113357
03-candidate,1,69,47881763,47988951,47988951,48136297
03-candidate,1,70,47881763,47988583,47988583,48136378
03-candidate,1,71,47881763,47989767,47989767,48136436
03-candidate,1,72,47881763,47988064,47988064,48136045
03-candidate,1,73,47881763,47988959,47988959,48113326
03-candidate,1,74,47881763,47990662,47990662,48142021
03-candidate,1,75,47881763,47989731,47989731,48140915
03-candidate,1,76,47881763,47988889,47988889,48136320
03-candidate,1,77,47881763,47989690,47989690,48136484
03-candidate,1,78,47881763,47988693,47988693,48135876
03-candidate,1,79,47881763,47987630,47987630,48139787
03-candidate,1,80,47881763,47990227,47990227,48114552
03-candidate,1,81,47881763,47987594,47987594,48139875
03-candidate,1,82,47881763,47990191,47990191,48136814
03-candidate,1,83,47881763,47989122,47989122,48113491
03-candidate,1,84,47881763,47987729,47987729,48112350
03-candidate,1,85,47881763,47990528,47990528,48142030
03-candidate,1,86,47881763,47987686,47987686,48112330
03-candidate,1,87,47881763,47988853,47988853,48113209
03-candidate,1,88,47881763,47988772,47988772,48136481
03-candidate,1,89,47881763,47989751,47989751,48114091
03-candidate,1,90,47881763,47989812,47989812,48114189
03-candidate,1,91,47881763,47991523,47991523,48115160
03-candidate,1,92,47881763,47991196,47991196,48115072
03-candidate,1,93,47881763,47990300,47990300,48142065
03-candidate,1,94,47881763,47991170,47991170,48115036
03-candidate,1,95,47881763,47988028,47988028,48112590
03-candidate,1,96,47881763,47991238,47991238,48115064
03-candidate,1,97,47881763,47988040,47988040,48136388
03-candidate,1,98,47881763,47988780,47988780,48141904
03-candidate,1,99,47881763,47987863,47987863,48112444
03-candidate,1,100,47881763,47990726,47990726,48114775
03-candidate,1,101,47881763,47990171,47990171,48137012
03-candidate,1,102,47881763,47988742,47988742,48136462
03-candidate,1,103,47881763,47988165,47988165,48136205
03-candidate,1,104,47881763,47989733,47989733,48113996
03-candidate,1,105,47881763,47987657,47987657,48112266
03-candidate,1,106,47881763,47988149,47988149,48136209
03-candidate,1,107,47881763,47989000,47989000,48113360
03-candidate,1,108,47881763,47989714,47989714,48141771
03-candidate,1,109,47881763,47987868,47987868,48136022
03-candidate,1,110,47881763,47991279,47991279,48115078
03-candidate,1,111,47881763,47987634,47987634,48135804
03-candidate,1,112,47881763,47987862,47987862,48112441
03-candidate,1,113,47881763,47989917,47989917,48114261
03-candidate,1,114,47881763,47987626,47987626,48112198
03-candidate,1,115,47881763,47990098,47990098,48136983
03-candidate,1,116,47881763,47989318,47989318,48113670
03-candidate,1,117,47881763,47989067,47989067,48113464
03-candidate,1,118,47881763,47987843,47987843,48136062
03-candidate,1,119,47881763,47987714,47987714,48112336
03-candidate,1,120,47881763,47991705,47991705,48115240
03-candidate,1,121,47881763,47988775,47988775,48136305
03-candidate,1,122,47881763,47991469,47991469,48115154
03-candidate,1,123,47881763,47988894,47988894,48136448
03-candidate,1,124,47881763,47990140,47990140,48114475
03-candidate,1,125,47881763,47989725,47989725,48136351
03-candidate,1,126,47881763,47988039,47988039,48136220
03-candidate,1,127,47881763,47990086,47990086,48114430
03-candidate,1,128,47881763,47988705,47988705,48136224
03-candidate,1,129,47881763,47987660,47987660,48139744
03-candidate,1,130,47881763,47990796,47990796,48142050
03-candidate,1,131,47881763,47989753,47989753,48114145
03-candidate,1,132,47881763,47991142,47991142,48115049
03-candidate,1,133,47881763,47990617,47990617,48114748
03-candidate,1,134,47881763,47988914,47988914,48136476
03-candidate,1,135,47881763,47991772,47991772,48115252
03-candidate,1,136,47881763,47990090,47990090,48114397
03-candidate,1,137,47881763,47988177,47988177,48136310
03-candidate,1,138,47881763,47989677,47989677,48141807
03-candidate,1,139,47881763,47988408,47988408,48136277
03-candidate,1,140,47881763,47988752,47988752,48141923
03-candidate,1,141,47881763,47989734,47989734,48113960
03-candidate,1,142,47881763,47988310,47988310,48135876
03-candidate,1,143,47881763,47990212,47990212,48136912
03-candidate,1,144,47881763,47990026,47990026,48137844
03-candidate,1,145,47881763,47990623,47990623,48142078
03-candidate,1,146,47881763,47989289,47989289,48113661
03-candidate,1,147,47881763,47988966,47988966,48136394
03-candidate,1,148,47881763,47991364,47991364,48115088
03-candidate,1,149,47881763,47990545,47990545,48141852
03-candidate,1,150,47881763,47988083,47988083,48136088
03-candidate,1,151,47881763,47988796,47988796,48113141
03-candidate,1,152,47881763,47987855,47987855,48135770
03-candidate,1,153,47881763,47989096,47989096,48113469
03-candidate,1,154,47881763,47990457,47990457,48114639
03-candidate,1,155,47881763,47988704,47988704,48136210
03-candidate,1,156,47881763,47989741,47989741,48113973
03-candidate,1,157,47881763,47991787,47991787,48115253
03-candidate,1,158,47881763,47987690,47987690,48136330
03-candidate,1,159,47881763,47989755,47989755,48114111
03-candidate,1,160,47881763,47988807,47988807,48140856
03-candidate,1,161,47881763,47989781,47989781,48114137
03-candidate,1,162,47881763,47988085,47988085,48136026
03-candidate,1,163,47881763,47989274,47989274,48113645
03-candidate,1,164,47881763,47988069,47988069,48112623
03-candidate,1,165,47881763,47990104,47990104,48136972
03-candidate,1,166,47881763,47988022,47988022,48136278
03-candidate,1,167,47881763,47987579,47987579,48112178
03-candidate,1,168,47881763,47987932,47987932,48136112
03-candidate,1,169,47881763,47989091,47989091,48113492
03-candidate,1,170,47881763,47987663,47987663,48135883
03-candidate,1,171,47881763,47988787,47988787,48113148
03-candidate,1,172,47881763,47990112,47990112,48137029
03-candidate,1,173,47881763,47987704,47987704,48112293
03-candidate,1,174,47881763,47987956,47987956,48135713
03-candidate,1,175,47881763,47990810,47990810,48141869
03-candidate,1,176,47881763,47991265,47991265,48115064
03-candidate,1,177,47881763,47989227,47989227,48113627
03-candidate,1,178,47881763,47991391,47991391,48115117
03-candidate,1,179,47881763,47989374,47989374,48113804
03-candidate,1,180,47881763,47987971,47987971,48112561
03-candidate,1,181,47881763,47989942,47989942,48137897
03-candidate,1,182,47881763,47990652,47990652,48142071
03-candidate,1,183,47881763,47987555,47987555,48112199
03-candidate,1,184,47881763,47987806,47987806,48112386
03-candidate,1,185,47881763,47988070,47988070,48136256
03-candidate,1,186,47881763,47989856,47989856,48114218
03-candidate,1,187,47881763,47989933,47989933,48136932
03-candidate,1,188,47881763,47990076,47990076,48136965
03-candidate,1,189,47881763,47987597,47987597,48112179
03-candidate,1,190,47881763,47990413,47990413,48114616
03-candidate,1,191,47881763,47990179,47990179,48114508
03-candidate,1,192,47881763,47988905,47988905,48113273
03-candidate,1,193,47881763,47991418,47991418,48115133
03-candidate,1,194,47881763,47989047,47989047,48113430
03-candidate,1,195,47881763,47988341,47988341,48112781
03-candidate,1,196,47881763,47989012,47989012,48136403
03-candidate,1,197,47881763,47990327,47990327,48142099
03-candidate,1,198,47881763,47988527,47988527,48136225
03-candidate,1,199,47881763,47990399,47990399,48141848
03-candidate,1,200,47881763,47990756,47990756,48142074
03-candidate,1,201,47881763,47989146,47989146,48113539
03-candidate,1,202,47881763,47990228,47990228,48137011
03-candidate,1,203,47881763,47988752,47988752,48136391
03-candidate,1,204,47881763,47988966,47988966,48136320
03-candidate,1,205,47881763,47989101,47989101,48113484
03-candidate,1,206,47881763,47991184,47991184,48115064
03-candidate,1,207,47881763,47992349,47992349,48115264
03-candidate,1,208,47881763,47990864,47990864,48142105
03-candidate,1,209,47881763,47988196,47988196,48136158
03-candidate,1,210,47881763,47988330,47988330,48112807
03-candidate,1,211,47881763,47987727,47987727,48112341
03-candidate,1,212,47881763,47989572,47989572,48113859
03-candidate,1,213,47881763,47989387,47989387,48113791
03-candidate,1,214,47881763,47989693,47989693,48113936
03-candidate,1,215,47881763,47991045,47991045,48141940
03-candidate,1,216,47881763,47988356,47988356,48139840
03-candidate,1,217,47881763,47989756,47989756,48114124
03-candidate,1,218,47881763,47988602,47988602,48136178
03-candidate,1,219,47881763,47990198,47990198,48114523
03-candidate,1,220,47881763,47989904,47989904,48114230
03-candidate,1,221,47881763,47990150,47990150,48114483
03-candidate,1,222,47881763,47989136,47989136,48113525
03-candidate,1,223,47881763,47988715,47988715,48136105
03-candidate,1,224,47881763,47990860,47990860,48141897
03-candidate,1,225,47881763,47989956,47989956,48136833
03-candidate,1,226,47881763,47990850,47990850,48114939
03-candidate,1,227,47881763,47990075,47990075,48137864
03-candidate,1,228,47881763,47990210,47990210,48137056
03-candidate,1,229,47881763,47990836,47990836,48114949
03-candidate,1,230,47881763,47990915,47990915,48138729
03-candidate,1,231,47881763,47989919,47989919,48114241
03-candidate,1,232,47881763,47990442,47990442,48142020
03-candidate,1,233,47881763,47987719,47987719,48136056
03-candidate,1,234,47881763,47990690,47990690,48142054
03-candidate,1,235,47881763,47988324,47988324,48135526
03-candidate,1,236,47881763,47991650,47991650,48115236
03-candidate,1,237,47881763,47988336,47988336,48136088
03-candidate,1,238,47881763,47989996,47989996,48137841
03-candidate,1,239,47881763,47989876,47989876,48136973
03-candidate,1,240,47881763,47989060,47989060,48113463
03-candidate,1,241,47881763,47987893,47987893,48135791
03-candidate,1,242,47881763,47989249,47989249,48113661
03-candidate,1,243,47881763,47989404,47989404,48113754
03-candidate,1,244,47881763,47990051,47990051,48136977
03-candidate,1,245,47881763,47989304,47989304,48113717
03-candidate,1,246,47881763,47990313,47990313,48141971
03-candidate,1,247,47881763,47987889,47987889,48136240
03-candidate,1,248,47881763,47988873,47988873,48136291
03-candidate,1,249,47881763,47988866,47988866,48113234
03-candidate,1,250,47881763,47990257,47990257,48114564
03-candidate,1,251,47881763,47990574,47990574,48141777
03-candidate,1,252,47881763,47989238,47989238,48113596
03-candidate,1,253,47881763,47988192,47988192,48136137
03-candidate,1,254,47881763,47987616,47987616,48112165
03-candidate,1,255,47881763,47988803,47988803,48113162
03-candidate,1,256,47881763,47989560,47989560,48113831
03-candidate,1,257,47881763,47989469,47989469,48113737
03-candidate,1,258,47881763,47988765,47988765,48136415
03-candidate,1,259,47881763,47991251,47991251,48115079
03-candidate,1,260,47881763,47987706,47987706,48112317
03-candidate,1,261,47881763,47988047,47988047,48136200
03-candidate,1,262,47881763,47987604,47987604,48112188
03-candidate,1,263,47881763,47987684,47987684,48135801
03-candidate,1,264,47881763,47987597,47987597,48112187
03-candidate,1,265,47881763,47988688,47988688,48136069
03-candidate,1,266,47881763,47988293,47988293,48112755
03-candidate,1,267,47881763,47990580,47990580,48141997
03-candidate,1,268,47881763,47988498,47988498,48135576
03-candidate,1,269,47881763,47988761,47988761,48136426
03-candidate,1,270,47881763,47990011,47990011,48114323
03-candidate,1,271,47881763,47989455,47989455,48113732
03-candidate,1,272,47881763,47988285,47988285,48136330
03-candidate,1,273,47881763,47989223,47989223,48113603
03-candidate,1,274,47881763,47991127,47991127,48115057
03-candidate,1,275,47881763,47988202,47988202,48135551
03-candidate,1,276,47881763,47987837,47987837,48112399
03-candidate,1,277,47881763,47989859,47989859,48114228
03-candidate,1,278,47881763,47988844,47988844,48113192
03-candidate,1,279,47881763,47987578,47987578,48112193
03-candidate,1,280,47881763,47988918,47988918,48136331
03-candidate,1,281,47881763,47988684,47988684,48136251
03-candidate,1,282,47881763,47989642,47989642,48136360
03-candidate,1,283,47881763,47988129,47988129,48135441
03-candidate,1,284,47881763,47990471,47990471,48141986
03-candidate,1,285,47881763,47987995,47987995,48112576
03-candidate,1,286,47881763,47988780,47988780,48141932
03-candidate,1,287,47881763,47989659,47989659,48113876
03-candidate,1,288,47881763,47989673,47989673,48140803
03-candidate,1,289,47881763,47989265,47989265,48113635
03-candidate,1,290,47881763,47991759,47991759,48115255
03-candidate,1,291,47881763,47991732,47991732,48115228
03-candidate,1,292,47881763,47987798,47987798,48112353
03-candidate,1,293,47881763,47990743,47990743,48142030
03-candidate,1,294,47881763,47989840,47989840,48137054
03-candidate,1,295,47881763,47988711,47988711,48135730
03-candidate,1,296,47881763,47988272,47988272,48135995
03-candidate,1,297,47881763,47987546,47987546,48136074
03-candidate,1,298,47881763,47989963,47989963,48114288
03-candidate,1,299,47881763,47990831,47990831,48141984
03-candidate,1,300,47881763,47990741,47990741,48141942
03-candidate,1,301,47881763,47989868,47989868,48137901
03-candidate,1,302,47881763,47989319,47989319,48113687
03-candidate,1,303,47881763,47989700,47989700,48136255
03-candidate,1,304,47881763,47989769,47989769,48114096
03-candidate,1,305,47881763,47990086,47990086,48114376
03-candidate,1,306,47881763,47987895,47987895,48112495
03-candidate,1,307,47881763,47987825,47987825,48136185
03-candidate,1,308,47881763,47989460,47989460,48113764
03-candidate,1,309,47881763,47990191,47990191,48137030
03-candidate,1,310,47881763,47989994,47989994,48114311
03-candidate,1,311,47881763,47990083,47990083,48137013
03-candidate,1,312,47881763,47990608,47990608,48114841
03-candidate,1,313,47881763,47989753,47989753,48114080
03-candidate,1,314,47881763,47989475,47989475,48113776
03-candidate,1,315,47881763,47990248,47990248,48142047
03-candidate,1,316,47881763,47991442,47991442,48115146
03-candidate,1,317,47881763,47987555,47987555,48112176
03-candidate,1,318,47881763,47990114,47990114,48136870
03-candidate,1,319,47881763,47989021,47989021,48113413
03-candidate,1,320,47881763,47989191,47989191,48113603
03-candidate,1,321,47881763,47989333,47989333,48113698
03-candidate,1,322,47881763,47989781,47989781,48136348
03-candidate,1,323,47881763,47987676,47987676,48112206
03-candidate,1,324,47881763,47989781,47989781,48114158
03-candidate,1,325,47881763,47989195,47989195,48113590
03-candidate,1,326,47881763,47987609,47987609,48135647
03-candidate,1,327,47881763,47989416,47989416,48113759
03-candidate,1,328,47881763,47990341,47990341,48141706
03-candidate,1,329,47881763,47988772,47988772,48136430
03-candidate,1,330,47881763,47990989,47990989,48141912
03-candidate,1,331,47881763,47987826,47987826,48112396
03-candidate,1,332,47881763,47990070,47990070,48137009
03-candidate,1,333,47881763,47989152,47989152,48113545
03-candidate,1,334,47881763,47989727,47989727,48136379
03-candidate,1,335,47881763,47989029,47989029,48113415
03-candidate,1,336,47881763,47988775,47988775,48136395
03-candidate,1,337,47881763,47988395,47988395,48136108
03-candidate,1,338,47881763,47989784,47989784,48114151
03-candidate,1,339,47881763,47987947,47987947,48112535
03-candidate,1,340,47881763,47988123,47988123,48136291
03-candidate,1,341,47881763,47987864,47987864,48112453
03-candidate,1,342,47881763,47988144,47988144,48135533
03-candidate,1,343,47881763,47988456,47988456,48136277
03-candidate,1,344,47881763,47987702,47987702,48112318
03-candidate,1,345,47881763,47990098,47990098,48136995
03-candidate,1,346,47881763,47989005,47989005,48113376
03-candidate,1,347,47881763,47987666,47987666,48112234
03-candidate,1,348,47881763,47990176,47990176,48137870
03-candidate,1,349,47881763,47988811,47988811,48136417
03-candidate,1,350,47881763,47990010,47990010,48136909
03-candidate,1,351,47881763,47991404,47991404,48115134
03-candidate,1,352,47881763,47989877,47989877,48114237
03-candidate,1,353,47881763,47988880,47988880,48113259
03-candidate,1,354,47881763,47989838,47989838,48114215
03-candidate,1,355,47881763,47989601,47989601,48113847
03-candidate,1,356,47881763,47988697,47988697,48136146
03-candidate,1,357,47881763,47990816,47990816,48141874
03-candidate,1,358,47881763,47989064,47989064,48113451
03-candidate,1,359,47881763,47988071,47988071,48136015
03-candidate,1,360,47881763,47991308,47991308,48115083
03-candidate,1,361,47881763,47990384,47990384,48142064
03-candidate,1,362,47881763,47991719,47991719,48115212
03-candidate,1,363,47881763,47989040,47989040,48113423
03-candidate,1,364,47881763,47988773,47988773,48140879
03-candidate,1,365,47881763,47989428,47989428,48113745
03-candidate,1,366,47881763,47988674,47988674,48136497
03-candidate,1,367,47881763,47990636,47990636,48141994
03-candidate,1,368,47881763,47991031,47991031,48141992
03-candidate,1,369,47881763,47988179,47988179,48136064
03-candidate,1,370,47881763,47989947,47989947,48137901
03-candidate,1,371,47881763,47990171,47990171,48114481
03-candidate,1,372,47881763,47988718,47988718,48135861
03-candidate,1,373,47881763,47989281,47989281,48113635
03-candidate,1,374,47881763,47989521,47989521,48113795
03-candidate,1,375,47881763,47988769,47988769,48136493
03-candidate,1,376,47881763,47988669,47988669,48136181
03-candidate,1,377,47881763,47987718,47987718,48112336
03-candidate,1,378,47881763,47989585,47989585,48113847
03-candidate,1,379,47881763,47989345,47989345,48113674
03-candidate,1,380,47881763,47987671,47987671,48112200
03-candidate,1,381,47881763,47988512,47988512,48136208
03-candidate,1,382,47881763,47990086,47990086,48114408
03-candidate,1,383,47881763,47989067,47989067,48113450
03-candidate,1,384,47881763,47989414,47989414,48113744
03-candidate,1,385,47881763,47988100,47988100,48135864
03-candidate,1,386,47881763,47988707,47988707,48136281
03-candidate,1,387,47881763,47990703,47990703,48141976
03-candidate,1,388,47881763,47987685,47987685,48136263
03-candidate,1,389,47881763,47989919,47989919,48136878
03-candidate,1,390,47881763,47989977,47989977,48137031
03-candidate,1,391,47881763,47992336,47992336,48115254
03-candidate,1,392,47881763,47988740,47988740,48140842
03-candidate,1,393,47881763,47989032,47989032,48113393
03-candidate,1,394,47881763,47987879,47987879,48112481
03-candidate,1,395,47881763,47990589,47990589,48141872
03-candidate,1,396,47881763,47987642,47987642,48135827
03-candidate,1,397,47881763,47989389,47989389,48113739
03-candidate,1,398,47881763,47990730,47990730,48114890
03-candidate,1,399,47881763,47989035,47989035,48113413
03-candidate,1,400,47881763,47989131,47989131,48113512
03-candidate,1,401,47881763,47988848,47988848,48140934
03-candidate,1,402,47881763,47988737,47988737,48141890
03-candidate,1,403,47881763,47989077,47989077,48113476
03-candidate,1,404,47881763,47990092,47990092,48114391
03-candidate,1,405,47881763,47987839,47987839,48112392
03-candidate,1,406,47881763,47990110,47990110,48114362
03-candidate,1,407,47881763,47988344,47988344,48139860
03-candidate,1,408,47881763,47991510,47991510,48115153
03-candidate,1,409,47881763,47988653,47988653,48136139
03-candidate,1,410,47881763,47990269,47990269,48142020
03-candidate,1,411,47881763,47988553,47988553,48136219
03-candidate,1,412,47881763,47988752,47988752,48136500
03-candidate,1,413,47881763,47989446,47989446,48113757
03-candidate,1,414,47881763,47987832,47987832,48135931
03-candidate,1,415,47881763,47990123,47990123,48137026
03-candidate,1,416,47881763,47990846,47990846,48142028
03-candidate,1,417,47881763,47988557,47988557,48135997
03-candidate,1,418,47881763,47990530,47990530,48114713
03-candidate,1,419,47881763,47988056,47988056,48136138
03-candidate,1,420,47881763,47991677,47991677,48115240
03-candidate,1,421,47881763,47989730,47989730,48113999
03-candidate,1,422,47881763,47989743,47989743,48140765
03-candidate,1,423,47881763,47987641,47987641,48112243
03-candidate,1,424,47881763,47987711,47987711,48112308
03-candidate,1,425,47881763,47991483,47991483,48115140
03-candidate,1,426,47881763,47989659,47989659,48140940
03-candidate,1,427,47881763,47988756,47988756,48136305
03-candidate,1,428,47881763,47987689,47987689,48112323
03-candidate,1,429,47881763,47989715,47989715,48140935
03-candidate,1,430,47881763,47990758,47990758,48114903
03-candidate,1,431,47881763,47988421,47988421,48112820
03-candidate,1,432,47881763,47989304,47989304,48113689
03-candidate,1,433,47881763,47988782,47988782,48136428
03-candidate,1,434,47881763,47991351,47991351,48115095
03-candidate,1,435,47881763,47989712,47989712,48114013
03-candidate,1,436,47881763,47988791,47988791,48113154
03-candidate,1,437,47881763,47989711,47989711,48114064
03-candidate,1,438,47881763,47990771,47990771,48141862
03-candidate,1,439,47881763,47989732,47989732,48141799
03-candidate,1,440,47881763,47989359,47989359,48113711
03-candidate,1,441,47881763,47988866,47988866,48113229
03-candidate,1,442,47881763,47989638,47989638,48136273
03-candidate,1,443,47881763,47990192,47990192,48114528
03-candidate,1,444,47881763,47988541,47988541,48139789
03-candidate,1,445,47881763,47988885,47988885,48136456
03-candidate,1,446,47881763,47989772,47989772,48114094
03-candidate,1,447,47881763,47989614,47989614,48136433
03-candidate,1,448,47881763,47990802,47990802,48141937
03-candidate,1,449,47881763,47990060,47990060,48114354
03-candidate,1,450,47881763,47991072,47991072,48141997
03-candidate,1,451,47881763,47990243,47990243,48114563
03-candidate,1,452,47881763,47989790,47989790,48114163
03-candidate,1,453,47881763,47989759,47989759,48140839
03-candidate,1,454,47881763,47989797,47989797,48136410
03-candidate,1,455,47881763,47990541,47990541,48114701
03-candidate,1,456,47881763,47989751,47989751,48140899
03-candidate,1,457,47881763,47988909,47988909,48113285
03-candidate,1,458,47881763,47987593,47987593,48139894
03-candidate,1,459,47881763,47988734,47988734,48135941
03-candidate,1,460,47881763,47990025,47990025,48114341
03-candidate,1,461,47881763,47990110,47990110,48114438
03-candidate,1,462,47881763,47988284,47988284,48139903
03-candidate,1,463,47881763,47990975,47990975,48142086
03-candidate,1,464,47881763,47987704,47987704,48136280
03-candidate,1,465,47881763,47989807,47989807,48136929
03-candidate,1,466,47881763,47989635,47989635,48113867
03-candidate,1,467,47881763,47990770,47990770,48142063
03-candidate,1,468,47881763,47989348,47989348,48113717
03-candidate,1,469,47881763,47989785,47989785,48136783
03-candidate,1,470,47881763,47989687,47989687,48113948
03-candidate,1,471,47881763,47990370,47990370,48141984
03-candidate,1,472,47881763,47990565,47990565,48137002
03-candidate,1,473,47881763,47988759,47988759,48113059
03-candidate,1,474,47881763,47988471,47988471,48135998
03-candidate,1,475,47881763,47988085,47988085,48136232
03-candidate,1,476,47881763,47989700,47989700,48136388
03-candidate,1,477,47881763,47989138,47989138,48113507
03-candidate,1,478,47881763,47990124,47990124,48114472
03-candidate,1,479,47881763,47989711,47989711,48136427
03-candidate,1,480,47881763,47988753,47988753,48113072
03-candidate,1,481,47881763,47988987,47988987,48113368
03-candidate,1,482,47881763,47989139,47989139,48113531
03-candidate,1,483,47881763,47988630,47988630,48139930
03-candidate,1,484,47881763,47990122,47990122,48114448
03-candidate,1,485,47881763,47988958,47988958,48136378
03-candidate,1,486,47881763,47987914,47987914,48112497
03-candidate,1,487,47881763,47989171,47989171,48113567
03-candidate,1,488,47881763,47990155,47990155,48136987
03-candidate,1,489,47881763,47988689,47988689,48135531
03-candidate,1,490,47881763,47988879,47988879,48136504
03-candidate,1,491,47881763,47988801,47988801,48140871
03-candidate,1,492,47881763,47990945,47990945,48141891
03-candidate,1,493,47881763,47987961,47987961,48136313
03-candidate,1,494,47881763,47991496,47991496,48115154
03-candidate,1,495,47881763,47989794,47989794,48137046
03-candidate,1,496,47881763,47990105,47990105,48136947
03-candidate,1,497,47881763,47991566,47991566,48115171
03-candidate,1,498,47881763,47988704,47988704,48136215
03-candidate,1,499,47881763,47989626,47989626,48140957
03-candidate,1,500,47881763,47988313,47988313,48139775
03-candidate,1,501,47881763,47989675,47989675,48114087
03-candidate,1,502,47881763,47989995,47989995,48137815
03-candidate,1,503,47881763,47987665,47987665,48136000
03-candidate,1,504,47881763,47987807,47987807,48136114
03-candidate,1,505,47881763,47987826,47987826,48136226
03-candidate,1,506,47881763,47991016,47991016,48114962
03-candidate,1,507,47881763,47988485,47988485,48136020
03-candidate,1,508,47881763,47989721,47989721,48114024
03-candidate,1,509,47881763,47989037,47989037,48113430
03-candidate,1,510,47881763,47987648,47987648,48112166
03-candidate,1,511,47881763,47990285,47990285,48114585
03-candidate,1,512,47881763,47991596,47991596,48115170
03-candidate,1,513,47881763,47990822,47990822,48141977
03-candidate,1,514,47881763,47989751,47989751,48136466
03-candidate,1,515,47881763,47990711,47990711,48142063
03-candidate,1,516,47881763,47989639,47989639,48113846
03-candidate,1,517,47881763,47989110,47989110,48113485
03-candidate,1,518,47881763,47989622,47989622,48113851
03-candidate,1,519,47881763,47989727,47989727,48140887
03-candidate,1,520,47881763,47987864,47987864,48136237
03-candidate,1,521,47881763,47990667,47990667,48141846
03-candidate,1,522,47881763,47989650,47989650,48136405
03-candidate,1,523,47881763,47988941,47988941,48113325
03-candidate,1,524,47881763,47987730,47987730,48112331
03-candidate,1,525,47881763,47991294,47991294,48115086
03-candidate,1,526,47881763,47989152,47989152,48113544
03-candidate,1,527,47881763,47990595,47990595,48142039
03-candidate,1,528,47881763,47988975,47988975,48136408
03-candidate,1,529,47881763,47988767,47988767,48113112
03-candidate,1,530,47881763,47991664,47991664,48137706
03-candidate,1,531,47881763,47989773,47989773,48140811
03-candidate,1,532,47881763,47988734,47988734,48136443
03-candidate,1,533,47881763,47991336,47991336,48115118
03-candidate,1,534,47881763,47989108,47989108,48113506
03-candidate,1,535,47881763,47988099,47988099,48135946
03-candidate,1,536,47881763,47987574,47987574,48112189
03-candidate,1,537,47881763,47990160,47990160,48136940
03-candidate,1,538,47881763,47988145,47988145,48136119
03-candidate,1,539,47881763,47990717,47990717,48141897
03-candidate,1,540,47881763,47991058,47991058,48141954
03-candidate,1,541,47881763,47990682,47990682,48142045
03-candidate,1,542,47881763,47989810,47989810,48114212
03-candidate,1,543,47881763,47987665,47987665,48112235
03-candidate,1,544,47881763,47990155,47990155,48136841
03-candidate,1,545,47881763,47990232,47990232,48114554
03-candidate,1,546,47881763,47988786,47988786,48113135
03-candidate,1,547,47881763,47988249,47988249,48136123
03-candidate,1,548,47881763,47988803,47988803,48136467
03-candidate,1,549,47881763,47989212,47989212,48113620
03-candidate,1,550,47881763,47990023,47990023,48137780
03-candidate,1,551,47881763,47987958,47987958,48112522
03-candidate,1,552,47881763,47988051,47988051,48136021
03-candidate,1,553,47881763,47987718,47987718,48112342
03-candidate,1,554,47881763,47988792,47988792,48140928
03-candidate,1,555,47881763,47988863,47988863,48113242
03-candidate,1,556,47881763,47989400,47989400,48113742
03-candidate,1,557,47881763,47988378,47988378,48135461
03-candidate,1,558,47881763,47991538,47991538,48115162
03-candidate,1,559,47881763,47987703,47987703,48139815
03-candidate,1,560,47881763,47989625,47989625,48140787
03-candidate,1,561,47881763,47990198,47990198,48137817
03-candidate,1,562,47881763,47989252,47989252,48113649
03-candidate,1,563,47881763,47991635,47991635,48115179
03-candidate,1,564,47881763,47988667,47988667,48136173
03-candidate,1,565,47881763,47988680,47988680,48136279
03-candidate,1,566,47881763,47989962,47989962,48136896
03-candidate,1,567,47881763,47991551,47991551,48115168
03-candidate,1,568,47881763,47989653,47989653,48140901
03-candidate,1,569,47881763,47990213,47990213,48137883
03-candidate,1,570,47881763,47991618,47991618,48115176
03-candidate,1,571,47881763,47987559,47987559,48135972
03-candidate,1,572,47881763,47990068,47990068,48137808
03-candidate,1,573,47881763,47989850,47989850,48114205
03-candidate,1,574,47881763,47987940,47987940,48135950
03-candidate,1,575,47881763,47987726,47987726,48112345
03-candidate,1,576,47881763,47987661,47987661,48112245
03-candidate,1,577,47881763,47989714,47989714,48140822
03-candidate,1,578,47881763,47990427,47990427,48141947
03-candidate,1,579,47881763,47989375,47989375,48113791
03-candidate,1,580,47881763,47989971,47989971,48114299
03-candidate,1,581,47881763,47987876,47987876,48112484
03-candidate,1,582,47881763,47988525,47988525,48135538
03-candidate,1,583,47881763,47991747,47991747,48115259
03-candidate,1,584,47881763,47989978,47989978,48136911
03-candidate,1,585,47881763,47988909,47988909,48136481
03-candidate,1,586,47881763,47988855,47988855,48140917
03-candidate,1,587,47881763,47987538,47987538,48136005
03-candidate,1,588,47881763,47988976,47988976,48113335
03-candidate,1,589,47881763,47990009,47990009,48136897
03-candidate,1,590,47881763,47988972,47988972,48113341
03-candidate,1,591,47881763,47989608,47989608,48136372
03-candidate,1,592,47881763,47987848,47987848,48136147
03-candidate,1,593,47881763,47989679,47989679,48114035
03-candidate,1,594,47881763,47988443,47988443,48135479
03-candidate,1,595,47881763,47988788,47988788,48140885
03-candidate,1,596,47881763,47988790,47988790,48140924
03-candidate,1,597,47881763,47989495,47989495,48113910
03-candidate,1,598,47881763,47991223,47991223,48115070
03-candidate,1,599,47881763,47989764,47989764,48136357
03-candidate,1,600,47881763,47989080,47989080,48113479
03-candidate,1,601,47881763,47987847,47987847,48112438
03-candidate,1,602,47881763,47988186,47988186,48136216
03-candidate,1,603,47881763,47989508,47989508,48113809
03-candidate,1,604,47881763,47988540,47988540,48139873
03-candidate,1,605,47881763,47989740,47989740,48113988
03-candidate,1,606,47881763,47991003,47991003,48141817
03-candidate,1,607,47881763,47988163,47988163,48135503
03-candidate,1,608,47881763,47989801,47989801,48136470
03-candidate,1,609,47881763,47989013,47989013,48113384
03-candidate,1,610,47881763,47987742,47987742,48136167
03-candidate,1,611,47881763,47989331,47989331,48113667
03-candidate,1,612,47881763,47988015,47988015,48135730
03-candidate,1,613,47881763,47990513,47990513,48141983
03-candidate,1,614,47881763,47989262,47989262,48113648
03-candidate,1,615,47881763,47989905,47989905,48136851
03-candidate,1,616,47881763,47990217,47990217,48141690
03-candidate,1,617,47881763,47987739,47987739,48112350
03-candidate,1,618,47881763,47987968,47987968,48136287
03-candidate,1,619,47881763,47989816,47989816,48136711
03-candidate,1,620,47881763,47990486,47990486,48141933
03-candidate,1,621,47881763,47991457,47991457,48115132
03-candidate,1,622,47881763,47987756,47987756,48136095
03-candidate,1,623,47881763,47990930,47990930,48114958
03-candidate,1,624,47881763,47990677,47990677,48142004
03-candidate,1,625,47881763,47988714,47988714,48136069
03-candidate,1,626,47881763,47989167,47989167,48113545
03-candidate,1,627,47881763,47987700,47987700,48139813
03-candidate,1,628,47881763,47990783,47990783,48141774
03-candidate,1,629,47881763,47989534,47989534,48113832
03-candidate,1,630,47881763,47988838,47988838,48136430
03-candidate,1,631,47881763,47988113,47988113,48135945
03-candidate,1,632,47881763,47988050,47988050,48136348
03-candidate,1,633,47881763,47989441,47989441,48113731
03-candidate,1,634,47881763,47990696,47990696,48141955
03-candidate,1,635,47881763,47989181,47989181,48113565
03-candidate,1,636,47881763,47991211,47991211,48115076
03-candidate,1,637,47881763,47989172,47989172,48113588
03-candidate,1,638,47881763,47989687,47989687,48140850
03-candidate,1,639,47881763,47991155,47991155,48115049
03-candidate,1,640,47881763,47989126,47989126,48113506
03-candidate,1,641,47881763,47989546,47989546,48113839
03-candidate,1,642,47881763,47988118,47988118,48112642
03-candidate,1,643,47881763,47989948,47989948,48136970
03-candidate,1,644,47881763,47990500,47990500,48114651
03-candidate,1,645,47881763,47988101,47988101,48136133
03-candidate,1,646,47881763,47988753,47988753,48136360
03-candidate,1,647,47881763,47988930,47988930,48136468
03-candidate,1,648,47881763,47988331,47988331,48139855
03-candidate,1,649,47881763,47988186,47988186,48135479
03-candidate,1,650,47881763,47989051,47989051,48113429
03-candidate,1,651,47881763,47989117,47989117,48113495
03-candidate,1,652,47881763,47988267,47988267,48136146
03-candidate,1,653,47881763,47988680,47988680,48139903
03-candidate,1,654,47881763,47987892,47987892,48136114
03-candidate,1,655,47881763,47990961,47990961,48142037
03-candidate,1,656,47881763,47990053,47990053,48137033
03-candidate,1,657,47881763,47988700,47988700,48136318
03-candidate,1,658,47881763,47989019,47989019,48136497
03-candidate,1,659,47881763,47991583,47991583,48115187
03-candidate,1,660,47881763,47991114,47991114,48115041
03-candidate,1,661,47881763,47989754,47989754,48136290
03-candidate,1,662,47881763,47989697,47989697,48140854
03-candidate,1,663,47881763,47987811,47987811,48112355
03-candidate,1,664,47881763,47991099,47991099,48115013
03-candidate,1,665,47881763,47991377,47991377,48115122
03-candidate,1,666,47881763,47988793,47988793,48136451
03-candidate,1,667,47881763,47990786,47990786,48142017
03-candidate,1,668,47881763,47989817,47989817,48114230
03-candidate,1,669,47881763,47989732,47989732,48140895
03-candidate,1,670,47881763,47987794,47987794,48112377
03-candidate,1,671,47881763,47991321,47991321,48115088
03-candidate,1,672,47881763,47988100,47988100,48135935
03-candidate,1,673,47881763,47988084,47988084,48135924
03-candidate,1,674,47881763,47988852,47988852,48136331
03-candidate,1,675,47881763,47990649,47990649,48141927
03-candidate,1,676,47881763,47987648,47987648,48112209
03-candidate,1,677,47881763,47987831,47987831,48112406
03-candidate,1,678,47881763,47989713,47989713,48136418
03-candidate,1,679,47881763,47990111,47990111,48137037
03-candidate,1,680,47881763,47991430,47991430,48115138
03-candidate,1,681,47881763,47987821,47987821,48112379
03-candidate,1,682,47881763,47988044,47988044,48112610
03-candidate,1,683,47881763,47990515,47990515,48142045
03-candidate,1,684,47881763,47990170,47990170,48114488
03-candidate,1,685,47881763,47988107,47988107,48136351
03-candidate,1,686,47881763,47988310,47988310,48112769
03-candidate,1,687,47881763,47991086,47991086,48141976
03-candidate,1,688,47881763,47989903,47989903,48137040
03-candidate,1,689,47881763,47989124,47989124,48113500
03-candidate,1,690,47881763,47989748,47989748,48136353
03-candidate,1,691,47881763,47990090,47990090,48114384
03-candidate,1,692,47881763,47988903,47988903,48141933
03-candidate,1,693,47881763,48026654,48026654,48146708
03-candidate,1,694,47881763,47990632,47990632,48124864
03-candidate,1,695,47881763,48012298,48012298,48137864
03-candidate,1,696,47881763,47987693,47987693,48114745
03-candidate,1,697,47881763,47991691,47991691,48132757
03-candidate,1,698,47881763,47987818,47987818,48148663
03-candidate,1,699,47881763,47988766,47988766,48124764
03-candidate,2,50,76341377,76450381,76450381,76583780
03-candidate,2,51,76341377,76450589,76450589,76583985
03-candidate,2,52,76341377,76450223,76450223,76583646
03-candidate,2,53,76341377,76448707,76448707,76597910
03-candidate,2,54,76341377,76448542,76448542,76598004
03-candidate,2,55,76341377,76450655,76450655,76584059
03-candidate,2,56,76341377,76449060,76449060,76582668
03-candidate,2,57,76341377,76448396,76448396,76597982
03-candidate,2,58,76341377,76450427,76450427,76598014
03-candidate,2,59,76341377,76448150,76448150,76582146
03-candidate,2,60,76341377,76447858,76447858,76595847
03-candidate,2,61,76341377,76450394,76450394,76583807
03-candidate,2,62,76341377,76449917,76449917,76583323
03-candidate,2,63,76341377,76447780,76447780,76581813
03-candidate,2,64,76341377,76447836,76447836,76596964
03-candidate,2,65,76341377,76449786,76449786,76598916
03-candidate,2,66,76341377,76449999,76449999,76583404
03-candidate,2,67,76341377,76449590,76449590,76583075
03-candidate,2,68,76341377,76449294,76449294,76582825
03-candidate,2,69,76341377,76449273,76449273,76582799
03-candidate,2,70,76341377,76448857,76448857,76582543
03-candidate,2,71,76341377,76450193,76450193,76583593
03-candidate,2,72,76341377,76448275,76448275,76597794
03-candidate,2,73,76341377,76449262,76449262,76582800
03-candidate,2,74,76341377,76451089,76451089,76584547
03-candidate,2,75,76341377,76450180,76450180,76583586
03-candidate,2,76,76341377,76449186,76449186,76582758
03-candidate,2,77,76341377,76450000,76450000,76583399
03-candidate,2,78,76341377,76448807,76448807,76582502
03-candidate,2,79,76341377,76447840,76447840,76596960
03-candidate,2,80,76341377,76450814,76450814,76584249
03-candidate,2,81,76341377,76447766,76447766,76597095
03-candidate,2,82,76341377,76450764,76450764,76584176
03-candidate,2,83,76341377,76449480,76449480,76582993
03-candidate,2,84,76341377,76447979,76447979,76581986
03-candidate,2,85,76341377,76450917,76450917,76584344
03-candidate,2,86,76341377,76447907,76447907,76595920
03-candidate,2,87,76341377,76449133,76449133,76582719
03-candidate,2,88,76341377,76448981,76448981,76582619
03-candidate,2,89,76341377,76450193,76450193,76583594
03-candidate,2,90,76341377,76450317,76450317,76583727
03-candidate,2,91,76341377,76451470,76451470,76584837
03-candidate,2,92,76341377,76451312,76451312,76584698
03-candidate,2,93,76341377,76450858,76450858,76584277
03-candidate,2,94,76341377,76451307,76451307,76598876
03-candidate,2,95,76341377,76448228,76448228,76582187
03-candidate,2,96,76341377,76451342,76451342,76584736
03-candidate,2,97,76341377,76448219,76448219,76597067
03-candidate,2,98,76341377,76448898,76448898,76582562
03-candidate,2,99,76341377,76448087,76448087,76582066
03-candidate,2,100,76341377,76450999,76450999,76584433
03-candidate,2,101,76341377,76450751,76450751,76584171
03-candidate,2,102,76341377,76448882,76448882,76582562
03-candidate,2,103,76341377,76448405,76448405,76597216
03-candidate,2,104,76341377,76450084,76450084,76583476
03-candidate,2,105,76341377,76447860,76447860,76595815
03-candidate,2,106,76341377,76448405,76448405,76597221
03-candidate,2,107,76341377,76449299,76449299,76582839
03-candidate,2,108,76341377,76450055,76450055,76583434
03-candidate,2,109,76341377,76448104,76448104,76582078
03-candidate,2,110,76341377,76451338,76451338,76599906
03-candidate,2,111,76341377,76447869,76447869,76595867
03-candidate,2,112,76341377,76448085,76448085,76582057
03-candidate,2,113,76341377,76450423,76450423,76583817
03-candidate,2,114,76341377,76447818,76447818,76595755
03-candidate,2,115,76341377,76450626,76450626,76584032
03-candidate,2,116,76341377,76449671,76449671,76583161
03-candidate,2,117,76341377,76449415,76449415,76582929
03-candidate,2,118,76341377,76448019,76448019,76596830
03-candidate,2,119,76341377,76447962,76447962,76581957
03-candidate,2,120,76341377,76451536,76451536,76599848
03-candidate,2,121,76341377,76448868,76448868,76596753
03-candidate,2,122,76341377,76451442,76451442,76600824
03-candidate,2,123,76341377,76449187,76449187,76582770
03-candidate,2,124,76341377,76450724,76450724,76584124
03-candidate,2,125,76341377,76450017,76450017,76583420
03-candidate,2,126,76341377,76448281,76448281,76582214
03-candidate,2,127,76341377,76450646,76450646,76584049
03-candidate,2,128,76341377,76448741,76448741,76597954
03-candidate,2,129,76341377,76447785,76447785,76595963
03-candidate,2,130,76341377,76451159,76451159,76599822
03-candidate,2,131,76341377,76450265,76450265,76583671
03-candidate,2,132,76341377,76451283,76451283,76584694
03-candidate,2,133,76341377,76450971,76450971,76584393
03-candidate,2,134,76341377,76449226,76449226,76582786
03-candidate,2,135,76341377,76451591,76451591,76600817
03-candidate,2,136,76341377,76450630,76450630,76584029
03-candidate,2,137,76341377,76448409,76448409,76582287
03-candidate,2,138,76341377,76450027,76450027,76583424
03-candidate,2,139,76341377,76448556,76448556,76598001
03-candidate,2,140,76341377,76448922,76448922,76582566
03-candidate,2,141,76341377,76450047,76450047,76583439
03-candidate,2,142,76341377,76448494,76448494,76598065
03-candidate,2,143,76341377,76450789,76450789,76584203
03-candidate,2,144,76341377,76450537,76450537,76583941
03-candidate,2,145,76341377,76451072,76451072,76584517
03-candidate,2,146,76341377,76449657,76449657,76583147
03-candidate,2,147,76341377,76449262,76449262,76582801
03-candidate,2,148,76341377,76451372,76451372,76604671
03-candidate,2,149,76341377,76450957,76450957,76584392
03-candidate,2,150,76341377,76448324,76448324,76598027
03-candidate,2,151,76341377,76449017,76449017,76596801
03-candidate,2,152,76341377,76448069,76448069,76582062
03-candidate,2,153,76341377,76449446,76449446,76582963
03-candidate,2,154,76341377,76450913,76450913,76584317
03-candidate,2,155,76341377,76448750,76448750,76582470
03-candidate,2,156,76341377,76450061,76450061,76583453
03-candidate,2,157,76341377,76451602,76451602,76584910
03-candidate,2,158,76341377,76447893,76447893,76595911
03-candidate,2,159,76341377,76450235,76450235,76598083
03-candidate,2,160,76341377,76449091,76449091,76582684
03-candidate,2,161,76341377,76450278,76450278,76583685
03-candidate,2,162,76341377,76448292,76448292,76582222
03-candidate,2,163,76341377,76449649,76449649,76583133
03-candidate,2,164,76341377,76448263,76448263,76582214
03-candidate,2,165,76341377,76450658,76450658,76584063
03-candidate,2,166,76341377,76448214,76448214,76582180
03-candidate,2,167,76341377,76447851,76447851,76595916
03-candidate,2,168,76341377,76448158,76448158,76582142
03-candidate,2,169,76341377,76449442,76449442,76582967
03-candidate,2,170,76341377,76447811,76447811,76581833
03-candidate,2,171,76341377,76449061,76449061,76582650
03-candidate,2,172,76341377,76450703,76450703,76584083
03-candidate,2,173,76341377,76447895,76447895,76595801
03-candidate,2,174,76341377,76448172,76448172,76582147
03-candidate,2,175,76341377,76451163,76451163,76599916
03-candidate,2,176,76341377,76451351,76451351,76599884
03-candidate,2,177,76341377,76449624,76449624,76583105
03-candidate,2,178,76341377,76451419,76451419,76598893
03-candidate,2,179,76341377,76449857,76449857,76598790
03-candidate,2,180,76341377,76448192,76448192,76582161
03-candidate,2,181,76341377,76450502,76450502,76583888
03-candidate,2,182,76341377,76450990,76450990,76584406
03-candidate,2,183,76341377,76447822,76447822,76595968
03-candidate,2,184,76341377,76448010,76448010,76582010
03-candidate,2,185,76341377,76448285,76448285,76602698
03-candidate,2,186,76341377,76450368,76450368,76583754
03-candidate,2,187,76341377,76450436,76450436,76598717
03-candidate,2,188,76341377,76450643,76450643,76584033
03-candidate,2,189,76341377,76447933,76447933,76596001
03-candidate,2,190,76341377,76450883,76450883,76584304
03-candidate,2,191,76341377,76450763,76450763,76584177
03-candidate,2,192,76341377,76449200,76449200,76582775
03-candidate,2,193,76341377,76451423,76451423,76600764
03-candidate,2,194,76341377,76449387,76449387,76582916
03-candidate,2,195,76341377,76448523,76448523,76597836
03-candidate,2,196,76341377,76449320,76449320,76582861
03-candidate,2,197,76341377,76450840,76450840,76584264
03-candidate,2,198,76341377,76448649,76448649,76596938
03-candidate,2,199,76341377,76450863,76450863,76584296
03-candidate,2,200,76341377,76451012,76451012,76584450
03-candidate,2,201,76341377,76449540,76449540,76583027
03-candidate,2,202,76341377,76450817,76450817,76584245
03-candidate,2,203,76341377,76448920,76448920,76582560
03-candidate,2,204,76341377,76449274,76449274,76582811
03-candidate,2,205,76341377,76449451,76449451,76582959
03-candidate,2,206,76341377,76451319,76451319,76599913
03-candidate,2,207,76341377,76451596,76451596,76600805
03-candidate,2,208,76341377,76451059,76451059,76584494
03-candidate,2,209,76341377,76448441,76448441,76582327
03-candidate,2,210,76341377,76448557,76448557,76597824
03-candidate,2,211,76341377,76447969,76447969,76595792
03-candidate,2,212,76341377,76449864,76449864,76583301
03-candidate,2,213,76341377,76449829,76449829,76583261
03-candidate,2,214,76341377,76450011,76450011,76583411
03-candidate,2,215,76341377,76451236,76451236,76598860
03-candidate,2,216,76341377,76448543,76448543,76582373
03-candidate,2,217,76341377,76450252,76450252,76583658
03-candidate,2,218,76341377,76448662,76448662,76582444
03-candidate,2,219,76341377,76450789,76450789,76584194
03-candidate,2,220,76341377,76450369,76450369,76583777
03-candidate,2,221,76341377,76450721,76450721,76584125
03-candidate,2,222,76341377,76449513,76449513,76583015
03-candidate,2,223,76341377,76448726,76448726,76582462
03-candidate,2,224,76341377,76451053,76451053,76584491
03-candidate,2,225,76341377,76450461,76450461,76583859
03-candidate,2,226,76341377,76451191,76451191,76584626
03-candidate,2,227,76341377,76450550,76450550,76583961
03-candidate,2,228,76341377,76450801,76450801,76584222
03-candidate,2,229,76341377,76451181,76451181,76598845
03-candidate,2,230,76341377,76451630,76451630,76600683
03-candidate,2,231,76341377,76450425,76450425,76598725
03-candidate,2,232,76341377,76450905,76450905,76584312
03-candidate,2,233,76341377,76447911,76447911,76596923
03-candidate,2,234,76341377,76451107,76451107,76584553
03-candidate,2,235,76341377,76448542,76448542,76597988
03-candidate,2,236,76341377,76451542,76451542,76584884
03-candidate,2,237,76341377,76448538,76448538,76597831
03-candidate,2,238,76341377,76450510,76450510,76583921
03-candidate,2,239,76341377,76450382,76450382,76583787
03-candidate,2,240,76341377,76449405,76449405,76582921
03-candidate,2,241,76341377,76448145,76448145,76582137
03-candidate,2,242,76341377,76449669,76449669,76583163
03-candidate,2,243,76341377,76449774,76449774,76583250
03-candidate,2,244,76341377,76450615,76450615,76584014
03-candidate,2,245,76341377,76449727,76449727,76583207
03-candidate,2,246,76341377,76450857,76450857,76584287
03-candidate,2,247,76341377,76448125,76448125,76582131
03-candidate,2,248,76341377,76449154,76449154,76582730
03-candidate,2,249,76341377,76449138,76449138,76582723
03-candidate,2,250,76341377,76450824,76450824,76584259
03-candidate,2,251,76341377,76451200,76451200,76584642
03-candidate,2,252,76341377,76449604,76449604,76583082
03-candidate,2,253,76341377,76448431,76448431,76597009
03-candidate,2,254,76341377,76447829,76447829,76581796
03-candidate,2,255,76341377,76449074,76449074,76582673
03-candidate,2,256,76341377,76449873,76449873,76583316
03-candidate,2,257,76341377,76449758,76449758,76598905
03-candidate,2,258,76341377,76448997,76448997,76597896
03-candidate,2,259,76341377,76451324,76451324,76584716
03-candidate,2,260,76341377,76447895,76447895,76597044
03-candidate,2,261,76341377,76448223,76448223,76582195
03-candidate,2,262,76341377,76447841,76447841,76596711
03-candidate,2,263,76341377,76447860,76447860,76595902
03-candidate,2,264,76341377,76447843,76447843,76595994
03-candidate,2,265,76341377,76448796,76448796,76597916
03-candidate,2,266,76341377,76448470,76448470,76597853
03-candidate,2,267,76341377,76451054,76451054,76584490
03-candidate,2,268,76341377,76448606,76448606,76582422
03-candidate,2,269,76341377,76448887,76448887,76597896
03-candidate,2,270,76341377,76450508,76450508,76583924
03-candidate,2,271,76341377,76449763,76449763,76583227
03-candidate,2,272,76341377,76448480,76448480,76598035
03-candidate,2,273,76341377,76449611,76449611,76583092
03-candidate,2,274,76341377,76451274,76451274,76599945
03-candidate,2,275,76341377,76448450,76448450,76582330
03-candidate,2,276,76341377,76448015,76448015,76582008
03-candidate,2,277,76341377,76450375,76450375,76583768
03-candidate,2,278,76341377,76449109,76449109,76582689
03-candidate,2,279,76341377,76447793,76447793,76595991
03-candidate,2,280,76341377,76449231,76449231,76582782
03-candidate,2,281,76341377,76448718,76448718,76597067
03-candidate,2,282,76341377,76449953,76449953,76583392
03-candidate,2,283,76341377,76448373,76448373,76582285
03-candidate,2,284,76341377,76450924,76450924,76584323
03-candidate,2,285,76341377,76448212,76448212,76582167
03-candidate,2,286,76341377,76448922,76448922,76582575
03-candidate,2,287,76341377,76449941,76449941,76583357
03-candidate,2,288,76341377,76450113,76450113,76583495
03-candidate,2,289,76341377,76449638,76449638,76583105
03-candidate,2,290,76341377,76451577,76451577,76599921
03-candidate,2,291,76341377,76451575,76451575,76599820
03-candidate,2,292,76341377,76448013,76448013,76596929
03-candidate,2,293,76341377,76451137,76451137,76584567
03-candidate,2,294,76341377,76450374,76450374,76603671
03-candidate,2,295,76341377,76448768,76448768,76582483
03-candidate,2,296,76341377,76448470,76448470,76597171
03-candidate,2,297,76341377,76447834,76447834,76596844
03-candidate,2,298,76341377,76450449,76450449,76583855
03-candidate,2,299,76341377,76451027,76451027,76584484
03-candidate,2,300,76341377,76451010,76451010,76584443
03-candidate,2,301,76341377,76450398,76450398,76583803
03-candidate,2,302,76341377,76449696,76449696,76583173
03-candidate,2,303,76341377,76450039,76450039,76583431
03-candidate,2,304,76341377,76450208,76450208,76583627
03-candidate,2,305,76341377,76450585,76450585,76583995
03-candidate,2,306,76341377,76448136,76448136,76582126
03-candidate,2,307,76341377,76448045,76448045,76582030
03-candidate,2,308,76341377,76449802,76449802,76598912
03-candidate,2,309,76341377,76450770,76450770,76584190
03-candidate,2,310,76341377,76450489,76450489,76583900
03-candidate,2,311,76341377,76450584,76450584,76583982
03-candidate,2,312,76341377,76451067,76451067,76584505
03-candidate,2,313,76341377,76450202,76450202,76583612
03-candidate,2,314,76341377,76449814,76449814,76583258
03-candidate,2,315,76341377,76450834,76450834,76584258
03-candidate,2,316,76341377,76451422,76451422,76584815
03-candidate,2,317,76341377,76447806,76447806,76595974
03-candidate,2,318,76341377,76450681,76450681,76584098
03-candidate,2,319,76341377,76449351,76449351,76582896
03-candidate,2,320,76341377,76449588,76449588,76583088
03-candidate,2,321,76341377,76449704,76449704,76583177
03-candidate,2,322,76341377,76450279,76450279,76583680
03-candidate,2,323,76341377,76447824,76447824,76596945
03-candidate,2,324,76341377,76450295,76450295,76583708
03-candidate,2,325,76341377,76449577,76449577,76583071
03-candidate,2,326,76341377,76447807,76447807,76597028
03-candidate,2,327,76341377,76449786,76449786,76583263
03-candidate,2,328,76341377,76450849,76450849,76584272
03-candidate,2,329,76341377,76448941,76448941,76582587
03-candidate,2,330,76341377,76451172,76451172,76598855
03-candidate,2,331,76341377,76448026,76448026,76596880
03-candidate,2,332,76341377,76450646,76450646,76584059
03-candidate,2,333,76341377,76449541,76449541,76583035
03-candidate,2,334,76341377,76450059,76450059,76583452
03-candidate,2,335,76341377,76449345,76449345,76582883
03-candidate,2,336,76341377,76448904,76448904,76582553
03-candidate,2,337,76341377,76448581,76448581,76582402
03-candidate,2,338,76341377,76450303,76450303,76583685
03-candidate,2,339,76341377,76448185,76448185,76582142
03-candidate,2,340,76341377,76448373,76448373,76597169
03-candidate,2,341,76341377,76448097,76448097,76582069
03-candidate,2,342,76341377,76448391,76448391,76582276
03-candidate,2,343,76341377,76448619,76448619,76582428
03-candidate,2,344,76341377,76447887,76447887,76596894
03-candidate,2,345,76341377,76450602,76450602,76583992
03-candidate,2,346,76341377,76449331,76449331,76582861
03-candidate,2,347,76341377,76447870,76447870,76581870
03-candidate,2,348,76341377,76450755,76450755,76584155
03-candidate,2,349,76341377,76449091,76449091,76582671
03-candidate,2,350,76341377,76450520,76450520,76583923
03-candidate,2,351,76341377,76451402,76451402,76584784
03-candidate,2,352,76341377,76450387,76450387,76583796
03-candidate,2,353,76341377,76449167,76449167,76582749
03-candidate,2,354,76341377,76450353,76450353,76583758
03-candidate,2,355,76341377,76449879,76449879,76583310
03-candidate,2,356,76341377,76448814,76448814,76596835
03-candidate,2,357,76341377,76451041,76451041,76584470
03-candidate,2,358,76341377,76449401,76449401,76582920
03-candidate,2,359,76341377,76448302,76448302,76582227
03-candidate,2,360,76341377,76451371,76451371,76599942
03-candidate,2,361,76341377,76450862,76450862,76584301
03-candidate,2,362,76341377,76451525,76451525,76584871
03-candidate,2,363,76341377,76449379,76449379,76582905
03-candidate,2,364,76341377,76448942,76448942,76597088
03-candidate,2,365,76341377,76449754,76449754,76583217
03-candidate,2,366,76341377,76448866,76448866,76582540
03-candidate,2,367,76341377,76451084,76451084,76584543
03-candidate,2,368,76341377,76451231,76451231,76599927
03-candidate,2,369,76341377,76448414,76448414,76597783
03-candidate,2,370,76341377,76450440,76450440,76583854
03-candidate,2,371,76341377,76450732,76450732,76584148
03-candidate,2,372,76341377,76448750,76448750,76597140
03-candidate,2,373,76341377,76449635,76449635,76583109
03-candidate,2,374,76341377,76449863,76449863,76583280
03-candidate,2,375,76341377,76448876,76448876,76597938
03-candidate,2,376,76341377,76448803,76448803,76582498
03-candidate,2,377,76341377,76447947,76447947,76595961
03-candidate,2,378,76341377,76449883,76449883,76583318
03-candidate,2,379,76341377,76449690,76449690,76583178
03-candidate,2,380,76341377,76447826,76447826,76595976
03-candidate,2,381,76341377,76448639,76448639,76582416
03-candidate,2,382,76341377,76450634,76450634,76584036
03-candidate,2,383,76341377,76449402,76449402,76582921
03-candidate,2,384,76341377,76449749,76449749,76583200
03-candidate,2,385,76341377,76448339,76448339,76597023
03-candidate,2,386,76341377,76448768,76448768,76582488
03-candidate,2,387,76341377,76451127,76451127,76584560
03-candidate,2,388,76341377,76447875,76447875,76595884
03-candidate,2,389,76341377,76450409,76450409,76598796
03-candidate,2,390,76341377,76450484,76450484,76583882
03-candidate,2,391,76341377,76451591,76451591,76600823
03-candidate,2,392,76341377,76448960,76448960,76597931
03-candidate,2,393,76341377,76449341,76449341,76582863
03-candidate,2,394,76341377,76448126,76448126,76582111
03-candidate,2,395,76341377,76451073,76451073,76584504
03-candidate,2,396,76341377,76447877,76447877,76595869
03-candidate,2,397,76341377,76449735,76449735,76598910
03-candidate,2,398,76341377,76451143,76451143,76584564
03-candidate,2,399,76341377,76449359,76449359,76582898
03-candidate,2,400,76341377,76449511,76449511,76583005
03-candidate,2,401,76341377,76449146,76449146,76582712
03-candidate,2,402,76341377,76449024,76449024,76582640
03-candidate,2,403,76341377,76449420,76449420,76582943
03-candidate,2,404,76341377,76450606,76450606,76584011
03-candidate,2,405,76341377,76448025,76448025,76582036
03-candidate,2,406,76341377,76450539,76450539,76583942
03-candidate,2,407,76341377,76448573,76448573,76582410
03-candidate,2,408,76341377,76451448,76451448,76599871
03-candidate,2,409,76341377,76448700,76448700,76597141
03-candidate,2,410,76341377,76450853,76450853,76584291
03-candidate,2,411,76341377,76448675,76448675,76597176
03-candidate,2,412,76341377,76448991,76448991,76597711
03-candidate,2,413,76341377,76449795,76449795,76583245
03-candidate,2,414,76341377,76448041,76448041,76582034
03-candidate,2,415,76341377,76450714,76450714,76584103
03-candidate,2,416,76341377,76451040,76451040,76584489
03-candidate,2,417,76341377,76448625,76448625,76597025
03-candidate,2,418,76341377,76450941,76450941,76584363
03-candidate,2,419,76341377,76448240,76448240,76582183
03-candidate,2,420,76341377,76451556,76451556,76600791
03-candidate,2,421,76341377,76450110,76450110,76583510
03-candidate,2,422,76341377,76450060,76450060,76597766
03-candidate,2,423,76341377,76447857,76447857,76595780
03-candidate,2,424,76341377,76447921,76447921,76595905
03-candidate,2,425,76341377,76451434,76451434,76584816
03-candidate,2,426,76341377,76449903,76449903,76583315
03-candidate,2,427,76341377,76448838,76448838,76597736
03-candidate,2,428,76341377,76447887,76447887,76595929
03-candidate,2,429,76341377,76450124,76450124,76583531
03-candidate,2,430,76341377,76451153,76451153,76584574
03-candidate,2,431,76341377,76448590,76448590,76596912
03-candidate,2,432,76341377,76449708,76449708,76583178
03-candidate,2,433,76341377,76449004,76449004,76582639
03-candidate,2,434,76341377,76451386,76451386,76599820
03-candidate,2,435,76341377,76450128,76450128,76583524
03-candidate,2,436,76341377,76449043,76449043,76582655
03-candidate,2,437,76341377,76450166,76450166,76583571
03-candidate,2,438,76341377,76451012,76451012,76584453
03-candidate,2,439,76341377,76450152,76450152,76583561
03-candidate,2,440,76341377,76449718,76449718,76583194
03-candidate,2,441,76341377,76449152,76449152,76582723
03-candidate,2,442,76341377,76449979,76449979,76583378
03-candidate,2,443,76341377,76450772,76450772,76584181
03-candidate,2,444,76341377,76448658,76448658,76582440
03-candidate,2,445,76341377,76449173,76449173,76582760
03-candidate,2,446,76341377,76450221,76450221,76583631
03-candidate,2,447,76341377,76449960,76449960,76583378
03-candidate,2,448,76341377,76451027,76451027,76584465
03-candidate,2,449,76341377,76450561,76450561,76583958
03-candidate,2,450,76341377,76451249,76451249,76584684
03-candidate,2,451,76341377,76450831,76450831,76584260
03-candidate,2,452,76341377,76450309,76450309,76583715
03-candidate,2,453,76341377,76450118,76450118,76583515
03-candidate,2,454,76341377,76450105,76450105,76583495
03-candidate,2,455,76341377,76450929,76450929,76584350
03-candidate,2,456,76341377,76450094,76450094,76583491
03-candidate,2,457,76341377,76449213,76449213,76582777
03-candidate,2,458,76341377,76447846,76447846,76596705
03-candidate,2,459,76341377,76448823,76448823,76597768
03-candidate,2,460,76341377,76450525,76450525,76583941
03-candidate,2,461,76341377,76450660,76450660,76599903
03-candidate,2,462,76341377,76448491,76448491,76582337
03-candidate,2,463,76341377,76451229,76451229,76598841
03-candidate,2,464,76341377,76447857,76447857,76597118
03-candidate,2,465,76341377,76450308,76450308,76598038
03-candidate,2,466,76341377,76449942,76449942,76583342
03-candidate,2,467,76341377,76451145,76451145,76584579
03-candidate,2,468,76341377,76449716,76449716,76583186
03-candidate,2,469,76341377,76450307,76450307,76583698
03-candidate,2,470,76341377,76450024,76450024,76583424
03-candidate,2,471,76341377,76450950,76450950,76584378
03-candidate,2,472,76341377,76450776,76450776,76584193
03-candidate,2,473,76341377,76448950,76448950,76582583
03-candidate,2,474,76341377,76448586,76448586,76582394
03-candidate,2,475,76341377,76448311,76448311,76597080
03-candidate,2,476,76341377,76450160,76450160,76583567
03-candidate,2,477,76341377,76449508,76449508,76583019
03-candidate,2,478,76341377,76450718,76450718,76584107
03-candidate,2,479,76341377,76449987,76449987,76583400
03-candidate,2,480,76341377,76448970,76448970,76582594
03-candidate,2,481,76341377,76449295,76449295,76582822
03-candidate,2,482,76341377,76449528,76449528,76583021
03-candidate,2,483,76341377,76448732,76448732,76597948
03-candidate,2,484,76341377,76450695,76450695,76599893
03-candidate,2,485,76341377,76449246,76449246,76582798
03-candidate,2,486,76341377,76448144,76448144,76582126
03-candidate,2,487,76341377,76449568,76449568,76583081
03-candidate,2,488,76341377,76450729,76450729,76584145
03-candidate,2,489,76341377,76448788,76448788,76582495
03-candidate,2,490,76341377,76449167,76449167,76582750
03-candidate,2,491,76341377,76449070,76449070,76582669
03-candidate,2,492,76341377,76451214,76451214,76598815
03-candidate,2,493,76341377,76448187,76448187,76582162
03-candidate,2,494,76341377,76451453,76451453,76599809
03-candidate,2,495,76341377,76450321,76450321,76583718
03-candidate,2,496,76341377,76450703,76450703,76584099
03-candidate,2,497,76341377,76451475,76451475,76599775
03-candidate,2,498,76341377,76448849,76448849,76597756
03-candidate,2,499,76341377,76449973,76449973,76583385
03-candidate,2,500,76341377,76448515,76448515,76582348
03-candidate,2,501,76341377,76450180,76450180,76583592
03-candidate,2,502,76341377,76450544,76450544,76583959
03-candidate,2,503,76341377,76447839,76447839,76581852
03-candidate,2,504,76341377,76447966,76447966,76595906
03-candidate,2,505,76341377,76448039,76448039,76582046
03-candidate,2,506,76341377,76451223,76451223,76584662
03-candidate,2,507,76341377,76448608,76448608,76596981
03-candidate,2,508,76341377,76450140,76450140,76583543
03-candidate,2,509,76341377,76449372,76449372,76582895
03-candidate,2,510,76341377,76447801,76447801,76595772
03-candidate,2,511,76341377,76450845,76450845,76584275
03-candidate,2,512,76341377,76451481,76451481,76600821
03-candidate,2,513,76341377,76451157,76451157,76584589
03-candidate,2,514,76341377,76450200,76450200,76583613
03-candidate,2,515,76341377,76450999,76450999,76584431
03-candidate,2,516,76341377,76449887,76449887,76597977
03-candidate,2,517,76341377,76449461,76449461,76582973
03-candidate,2,518,76341377,76449915,76449915,76597749
03-candidate,2,519,76341377,76450082,76450082,76583467
03-candidate,2,520,76341377,76448093,76448093,76582079
03-candidate,2,521,76341377,76450980,76450980,76584409
03-candidate,2,522,76341377,76449894,76449894,76583323
03-candidate,2,523,76341377,76449248,76449248,76582801
03-candidate,2,524,76341377,76447979,76447979,76596905
03-candidate,2,525,76341377,76451358,76451358,76598932
03-candidate,2,526,76341377,76449527,76449527,76583030
03-candidate,2,527,76341377,76450964,76450964,76584387
03-candidate,2,528,76341377,76449282,76449282,76582822
03-candidate,2,529,76341377,76448997,76448997,76582616
03-candidate,2,530,76341377,76451538,76451538,76600805
03-candidate,2,531,76341377,76450212,76450212,76598764
03-candidate,2,532,76341377,76448830,76448830,76582516
03-candidate,2,533,76341377,76451414,76451414,76598892
03-candidate,2,534,76341377,76449475,76449475,76582977
03-candidate,2,535,76341377,76448372,76448372,76598044
03-candidate,2,536,76341377,76447881,76447881,76596976
03-candidate,2,537,76341377,76450716,76450716,76584112
03-candidate,2,538,76341377,76448390,76448390,76582295
03-candidate,2,539,76341377,76451127,76451127,76584551
03-candidate,2,540,76341377,76451242,76451242,76598872
03-candidate,2,541,76341377,76450985,76450985,76584415
03-candidate,2,542,76341377,76450332,76450332,76583739
03-candidate,2,543,76341377,76447873,76447873,76597068
03-candidate,2,544,76341377,76450734,76450734,76584139
03-candidate,2,545,76341377,76450811,76450811,76584245
03-candidate,2,546,76341377,76449035,76449035,76582661
03-candidate,2,547,76341377,76448466,76448466,76596991
03-candidate,2,548,76341377,76449087,76449087,76582664
03-candidate,2,549,76341377,76449625,76449625,76583111
03-candidate,2,550,76341377,76450494,76450494,76583903
03-candidate,2,551,76341377,76448165,76448165,76582151
03-candidate,2,552,76341377,76448272,76448272,76582204
03-candidate,2,553,76341377,76447963,76447963,76597171
03-candidate,2,554,76341377,76449029,76449029,76582676
03-candidate,2,555,76341377,76449157,76449157,76582735
03-candidate,2,556,76341377,76449772,76449772,76583240
03-candidate,2,557,76341377,76448587,76448587,76582422
03-candidate,2,558,76341377,76451461,76451461,76584829
03-candidate,2,559,76341377,76447868,76447868,76595840
03-candidate,2,560,76341377,76449923,76449923,76583335
03-candidate,2,561,76341377,76450786,76450786,76584194
03-candidate,2,562,76341377,76449644,76449644,76583119
03-candidate,2,563,76341377,76451506,76451506,76584857
03-candidate,2,564,76341377,76448784,76448784,76597114
03-candidate,2,565,76341377,76448770,76448770,76597946
03-candidate,2,566,76341377,76450435,76450435,76598065
03-candidate,2,567,76341377,76451489,76451489,76599849
03-candidate,2,568,76341377,76449943,76449943,76583355
03-candidate,2,569,76341377,76450794,76450794,76584208
03-candidate,2,570,76341377,76451495,76451495,76600780
03-candidate,2,571,76341377,76447767,76447767,76597013
03-candidate,2,572,76341377,76450562,76450562,76583964
03-candidate,2,573,76341377,76450361,76450361,76583762
03-candidate,2,574,76341377,76448144,76448144,76582145
03-candidate,2,575,76341377,76447978,76447978,76595923
03-candidate,2,576,76341377,76447876,76447876,76597142
03-candidate,2,577,76341377,76449982,76449982,76583404
03-candidate,2,578,76341377,76450904,76450904,76584302
03-candidate,2,579,76341377,76449816,76449816,76583262
03-candidate,2,580,76341377,76450476,76450476,76583869
03-candidate,2,581,76341377,76448107,76448107,76582115
03-candidate,2,582,76341377,76448635,76448635,76596947
03-candidate,2,583,76341377,76451571,76451571,76599892
03-candidate,2,584,76341377,76450475,76450475,76583892
03-candidate,2,585,76341377,76449217,76449217,76582788
03-candidate,2,586,76341377,76449119,76449119,76582716
03-candidate,2,587,76341377,76447777,76447777,76596992
03-candidate,2,588,76341377,76449279,76449279,76582822
03-candidate,2,589,76341377,76450502,76450502,76583909
03-candidate,2,590,76341377,76449278,76449278,76582817
03-candidate,2,591,76341377,76449933,76449933,76583344
03-candidate,2,592,76341377,76448076,76448076,76582052
03-candidate,2,593,76341377,76450138,76450138,76583543
03-candidate,2,594,76341377,76448674,76448674,76596799
03-candidate,2,595,76341377,76449048,76449048,76582653
03-candidate,2,596,76341377,76449023,76449023,76582628
03-candidate,2,597,76341377,76449973,76449973,76583387
03-candidate,2,598,76341377,76451332,76451332,76598939
03-candidate,2,599,76341377,76450257,76450257,76583665
03-candidate,2,600,76341377,76449431,76449431,76582948
03-candidate,2,601,76341377,76448059,76448059,76582053
03-candidate,2,602,76341377,76448420,76448420,76598064
03-candidate,2,603,76341377,76449848,76449848,76583288
03-candidate,2,604,76341377,76448687,76448687,76582443
03-candidate,2,605,76341377,76450097,76450097,76583481
03-candidate,2,606,76341377,76451236,76451236,76598869
03-candidate,2,607,76341377,76448405,76448405,76596804
03-candidate,2,608,76341377,76450232,76450232,76583647
03-candidate,2,609,76341377,76449312,76449312,76582842
03-candidate,2,610,76341377,76447981,76447981,76597135
03-candidate,2,611,76341377,76449690,76449690,76583161
03-candidate,2,612,76341377,76448246,76448246,76582216
03-candidate,2,613,76341377,76450933,76450933,76584359
03-candidate,2,614,76341377,76449649,76449649,76583135
03-candidate,2,615,76341377,76450416,76450416,76598773
03-candidate,2,616,76341377,76450800,76450800,76584225
03-candidate,2,617,76341377,76447973,76447973,76581975
03-candidate,2,618,76341377,76448199,76448199,76582161
03-candidate,2,619,76341377,76450353,76450353,76583745
03-candidate,2,620,76341377,76450917,76450917,76584336
03-candidate,2,621,76341377,76451430,76451430,76599833
03-candidate,2,622,76341377,76447994,76447994,76596932
03-candidate,2,623,76341377,76451218,76451218,76598838
03-candidate,2,624,76341377,76451099,76451099,76584535
03-candidate,2,625,76341377,76448705,76448705,76597103
03-candidate,2,626,76341377,76449551,76449551,76583048
03-candidate,2,627,76341377,76447803,76447803,76597184
03-candidate,2,628,76341377,76451162,76451162,76598812
03-candidate,2,629,76341377,76449875,76449875,76598810
03-candidate,2,630,76341377,76449101,76449101,76582697
03-candidate,2,631,76341377,76448343,76448343,76602694
03-candidate,2,632,76341377,76448259,76448259,76602702
03-candidate,2,633,76341377,76449748,76449748,76583209
03-candidate,2,634,76341377,76450994,76450994,76584420
03-candidate,2,635,76341377,76449556,76449556,76583054
03-candidate,2,636,76341377,76451302,76451302,76599927
03-candidate,2,637,76341377,76449572,76449572,76583067
03-candidate,2,638,76341377,76450146,76450146,76583550
03-candidate,2,639,76341377,76451295,76451295,76598919
03-candidate,2,640,76341377,76449494,76449494,76583004
03-candidate,2,641,76341377,76449869,76449869,76583308
03-candidate,2,642,76341377,76448304,76448304,76597995
03-candidate,2,643,76341377,76450458,76450458,76598706
03-candidate,2,644,76341377,76450922,76450922,76584339
03-candidate,2,645,76341377,76448348,76448348,76582256
03-candidate,2,646,76341377,76448985,76448985,76597864
03-candidate,2,647,76341377,76449234,76449234,76582805
03-candidate,2,648,76341377,76448511,76448511,76582345
03-candidate,2,649,76341377,76448431,76448431,76597805
03-candidate,2,650,76341377,76449383,76449383,76582909
03-candidate,2,651,76341377,76449464,76449464,76582980
03-candidate,2,652,76341377,76448461,76448461,76598084
03-candidate,2,653,76341377,76448843,76448843,76582519
03-candidate,2,654,76341377,76448111,76448111,76582129
03-candidate,2,655,76341377,76451212,76451212,76598815
03-candidate,2,656,76341377,76450577,76450577,76583976
03-candidate,2,657,76341377,76448693,76448693,76597990
03-candidate,2,658,76341377,76449341,76449341,76582890
03-candidate,2,659,76341377,76451520,76451520,76599881
03-candidate,2,660,76341377,76451270,76451270,76598821
03-candidate,2,661,76341377,76450247,76450247,76583658
03-candidate,2,662,76341377,76450114,76450114,76583510
03-candidate,2,663,76341377,76447986,76447986,76581988
03-candidate,2,664,76341377,76451257,76451257,76584683
03-candidate,2,665,76341377,76451410,76451410,76584777
03-candidate,2,666,76341377,76448941,76448941,76582572
03-candidate,2,667,76341377,76451024,76451024,76584464
03-candidate,2,668,76341377,76450328,76450328,76583740
03-candidate,2,669,76341377,76450160,76450160,76583557
03-candidate,2,670,76341377,76447994,76447994,76596907
03-candidate,2,671,76341377,76451359,76451359,76584755
03-candidate,2,672,76341377,76448322,76448322,76582233
03-candidate,2,673,76341377,76448331,76448331,76598004
03-candidate,2,674,76341377,76449123,76449123,76582726
03-candidate,2,675,76341377,76451089,76451089,76584519
03-candidate,2,676,76341377,76447759,76447759,76595896
03-candidate,2,677,76341377,76448059,76448059,76582053
03-candidate,2,678,76341377,76450173,76450173,76583578
03-candidate,2,679,76341377,76450668,76450668,76584076
03-candidate,2,680,76341377,76451428,76451428,76599809
03-candidate,2,681,76341377,76448013,76448013,76596910
03-candidate,2,682,76341377,76448260,76448260,76582207
03-candidate,2,683,76341377,76450939,76450939,76584366
03-candidate,2,684,76341377,76450747,76450747,76584159
03-candidate,2,685,76341377,76448354,76448354,76597068
03-candidate,2,686,76341377,76448516,76448516,76597800
03-candidate,2,687,76341377,76451275,76451275,76599912
03-candidate,2,688,76341377,76450430,76450430,76583826
03-candidate,2,689,76341377,76449483,76449483,76583000
03-candidate,2,690,76341377,76450071,76450071,76583471
03-candidate,2,691,76341377,76450602,76450602,76584002
03-candidate,2,692,76341377,76453792,76453792,76620660
03-candidate,2,693,76341377,76459007,76459007,76584861
03-candidate,2,694,76341377,76482649,76482649,76584391
03-candidate,2,695,76341377,76447794,76447794,76583768
03-candidate,2,696,76341377,76447931,76447931,76581910
03-candidate,2,697,76341377,76451516,76451516,76620681
03-candidate,2,698,76341377,76448054,76448054,76582052
03-candidate,2,699,76341377,76488628,76488628,76613660
03-candidate,3,50,104798451,104901211,104901211,105020722
03-candidate,3,51,104798451,104901491,104901491,105048912
03-candidate,3,52,104798451,104901010,104901010,105020634
03-candidate,3,53,104798451,104899164,104899164,105047662
03-candidate,3,54,104798451,104898981,104898981,105048068
03-candidate,3,55,104798451,104901575,104901575,105020890
03-candidate,3,56,104798451,104899566,104899566,105048234
03-candidate,3,57,104798451,104898772,104898772,105047772
03-candidate,3,58,104798451,104901283,104901283,105049235
03-candidate,3,59,104798451,104898521,104898521,105048304
03-candidate,3,60,104798451,104898121,104898121,105048175
03-candidate,3,61,104798451,104901227,104901227,105049729
03-candidate,3,62,104798451,104900595,104900595,105049721
03-candidate,3,63,104798451,104897949,104897949,105045790
03-candidate,3,64,104798451,104898065,104898065,105045808
03-candidate,3,65,104798451,104900442,104900442,105048388
03-candidate,3,66,104798451,104900697,104900697,105049537
03-candidate,3,67,104798451,104900200,104900200,105049582
03-candidate,3,68,104798451,104899890,104899890,105048370
03-candidate,3,69,104798451,104899826,104899826,105020029
03-candidate,3,70,104798451,104899334,104899334,105048003
03-candidate,3,71,104798451,104900952,104900952,105020583
03-candidate,3,72,104798451,104898673,104898673,105048525
03-candidate,3,73,104798451,104899816,104899816,105020035
03-candidate,3,74,104798451,104902228,104902228,105021235
03-candidate,3,75,104798451,104900944,104900944,105049274
03-candidate,3,76,104798451,104899734,104899734,105047107
03-candidate,3,77,104798451,104900688,104900688,105049484
03-candidate,3,78,104798451,104899268,104899268,105048481
03-candidate,3,79,104798451,104898114,104898114,105045691
03-candidate,3,80,104798451,104901826,104901826,105048988
03-candidate,3,81,104798451,104898024,104898024,105045741
03-candidate,3,82,104798451,104901733,104901733,105048451
03-candidate,3,83,104798451,104900086,104900086,105020180
03-candidate,3,84,104798451,104898300,104898300,105048097
03-candidate,3,85,104798451,104901968,104901968,105021107
03-candidate,3,86,104798451,104898243,104898243,105047726
03-candidate,3,87,104798451,104899661,104899661,105048355
03-candidate,3,88,104798451,104899490,104899490,105047164
03-candidate,3,89,104798451,104900968,104900968,105020582
03-candidate,3,90,104798451,104901124,104901124,105020674
03-candidate,3,91,104798451,104902694,104902694,105049808
03-candidate,3,92,104798451,104902484,104902484,105048822
03-candidate,3,93,104798451,104901880,104901880,105021045
03-candidate,3,94,104798451,104902457,104902457,105049340
03-candidate,3,95,104798451,104898618,104898618,105048017
03-candidate,3,96,104798451,104902518,104902518,105049034
03-candidate,3,97,104798451,104898589,104898589,105048039
03-candidate,3,98,104798451,104899362,104899362,105047432
03-candidate,3,99,104798451,104898465,104898465,105048418
03-candidate,3,100,104798451,104902093,104902093,105021159
03-candidate,3,101,104798451,104901710,104901710,105049613
03-candidate,3,102,104798451,104899360,104899360,105048081
03-candidate,3,103,104798451,104898792,104898792,105047880
03-candidate,3,104,104798451,104900795,104900795,105049709
03-candidate,3,105,104798451,104898135,104898135,105048381
03-candidate,3,106,104798451,104898777,104898777,105048588
03-candidate,3,107,104798451,104899897,104899897,105047754
03-candidate,3,108,104798451,104900745,104900745,105048552
03-candidate,3,109,104798451,104898477,104898477,105047946
03-candidate,3,110,104798451,104902509,104902509,105049795
03-candidate,3,111,104798451,104898141,104898141,105048192
03-candidate,3,112,104798451,104898449,104898449,105047737
03-candidate,3,113,104798451,104901252,104901252,105049492
03-candidate,3,114,104798451,104898035,104898035,105047938
03-candidate,3,115,104798451,104901539,104901539,105048433
03-candidate,3,116,104798451,104900315,104900315,105049654
03-candidate,3,117,104798451,104900015,104900015,105048324
03-candidate,3,118,104798451,104898358,104898358,105048001
03-candidate,3,119,104798451,104898277,104898277,105048182
03-candidate,3,120,104798451,104902757,104902757,105049322
03-candidate,3,121,104798451,104899353,104899353,105048559
03-candidate,3,122,104798451,104902652,104902652,105048931
03-candidate,3,123,104798451,104899735,104899735,105048169
03-candidate,3,124,104798451,104901673,104901673,105020948
03-candidate,3,125,104798451,104900714,104900714,105049254
03-candidate,3,126,104798451,104898665,104898665,105048479
03-candidate,3,127,104798451,104901560,104901560,105048395
03-candidate,3,128,104798451,104899199,104899199,105047665
03-candidate,3,129,104798451,104898140,104898140,105047924
03-candidate,3,130,104798451,104902309,104902309,105049794
03-candidate,3,131,104798451,104901056,104901056,105020647
03-candidate,3,132,104798451,104902450,104902450,105049352
03-candidate,3,133,104798451,104902047,104902047,105049471
03-candidate,3,134,104798451,104899791,104899791,105019988
03-candidate,3,135,104798451,104902800,104902800,105048830
03-candidate,3,136,104798451,104901543,104901543,105020865
03-candidate,3,137,104798451,104898784,104898784,105048474
03-candidate,3,138,104798451,104900723,104900723,105049489
03-candidate,3,139,104798451,104898982,104898982,105047659
03-candidate,3,140,104798451,104899390,104899390,105047367
03-candidate,3,141,104798451,104900746,104900746,105049524
03-candidate,3,142,104798451,104898912,104898912,105047891
03-candidate,3,143,104798451,104901773,104901773,105049005
03-candidate,3,144,104798451,104901435,104901435,105049667
03-candidate,3,145,104798451,104902197,104902197,105049399
03-candidate,3,146,104798451,104900290,104900290,105020239
03-candidate,3,147,104798451,104899830,104899830,105020059
03-candidate,3,148,104798451,104902557,104902557,105049236
03-candidate,3,149,104798451,104902036,104902036,105049618
03-candidate,3,150,104798451,104898708,104898708,105048322
03-candidate,3,151,104798451,104899516,104899516,105047809
03-candidate,3,152,104798451,104898426,104898426,105047697
03-candidate,3,153,104798451,104900055,104900055,105048046
03-candidate,3,154,104798451,104901945,104901945,105048583
03-candidate,3,155,104798451,104899186,104899186,105047560
03-candidate,3,156,104798451,104900774,104900774,105048399
03-candidate,3,157,104798451,104902817,104902817,105048858
03-candidate,3,158,104798451,104898196,104898196,105048529
03-candidate,3,159,104798451,104901018,104901018,105049182
03-candidate,3,160,104798451,104899609,104899609,105048080
03-candidate,3,161,104798451,104901058,104901058,105049743
03-candidate,3,162,104798451,104898669,104898669,105047871
03-candidate,3,163,104798451,104900281,104900281,105020242
03-candidate,3,164,104798451,104898643,104898643,105047890
03-candidate,3,165,104798451,104901580,104901580,105049632
03-candidate,3,166,104798451,104898582,104898582,105048538
03-candidate,3,167,104798451,104897981,104897981,105045834
03-candidate,3,168,104798451,104898521,104898521,105047967
03-candidate,3,169,104798451,104900050,104900050,105048061
03-candidate,3,170,104798451,104898081,104898081,105047968
03-candidate,3,171,104798451,104899567,104899567,105048088
03-candidate,3,172,104798451,104901617,104901617,105047802
03-candidate,3,173,104798451,104898232,104898232,105048399
03-candidate,3,174,104798451,104898548,104898548,105048229
03-candidate,3,175,104798451,104902312,104902312,105049477
03-candidate,3,176,104798451,104902522,104902522,105048775
03-candidate,3,177,104798451,104900228,104900228,105049229
03-candidate,3,178,104798451,104902586,104902586,105048976
03-candidate,3,179,104798451,104900498,104900498,105049299
03-candidate,3,180,104798451,104898578,104898578,105048114
03-candidate,3,181,104798451,104901360,104901360,105049396
03-candidate,3,182,104798451,104902067,104902067,105049779
03-candidate,3,183,104798451,104898019,104898019,105047762
03-candidate,3,184,104798451,104898355,104898355,105048115
03-candidate,3,185,104798451,104898654,104898654,105048571
03-candidate,3,186,104798451,104901156,104901156,105020687
03-candidate,3,187,104798451,104901285,104901285,105049482
03-candidate,3,188,104798451,104901551,104901551,105020880
03-candidate,3,189,104798451,104898051,104898051,105045808
03-candidate,3,190,104798451,104901915,104901915,105048362
03-candidate,3,191,104798451,104901742,104901742,105020982
03-candidate,3,192,104798451,104899763,104899763,105047108
03-candidate,3,193,104798451,104902609,104902609,105048985
03-candidate,3,194,104798451,104899982,104899982,105047497
03-candidate,3,195,104798451,104898933,104898933,105048591
03-candidate,3,196,104798451,104899915,104899915,105048137
03-candidate,3,197,104798451,104901866,104901866,105049685
03-candidate,3,198,104798451,104899090,104899090,105047741
03-candidate,3,199,104798451,104901906,104901906,105021063
03-candidate,3,200,104798451,104902106,104902106,105049772
03-candidate,3,201,104798451,104900149,104900149,105049625
03-candidate,3,202,104798451,104901814,104901814,105049623
03-candidate,3,203,104798451,104899392,104899392,105048379
03-candidate,3,204,104798451,104899839,104899839,105020015
03-candidate,3,205,104798451,104900055,104900055,105049798
03-candidate,3,206,104798451,104902488,104902488,105049388
03-candidate,3,207,104798451,104902822,104902822,105049041
03-candidate,3,208,104798451,104902195,104902195,105049729
03-candidate,3,209,104798451,104898838,104898838,105048288
03-candidate,3,210,104798451,104899003,104899003,105047812
03-candidate,3,211,104798451,104898269,104898269,105048309
03-candidate,3,212,104798451,104900550,104900550,105049548
03-candidate,3,213,104798451,104900487,104900487,105049246
03-candidate,3,214,104798451,104900704,104900704,105048503
03-candidate,3,215,104798451,104902406,104902406,105048846
03-candidate,3,216,104798451,104898976,104898976,105048463
03-candidate,3,217,104798451,104901036,104901036,105020651
03-candidate,3,218,104798451,104899102,104899102,105047780
03-candidate,3,219,104798451,104901764,104901764,105048463
03-candidate,3,220,104798451,104901210,104901210,105049569
03-candidate,3,221,104798451,104901668,104901668,105020944
03-candidate,3,222,104798451,104900123,104900123,105049766
03-candidate,3,223,104798451,104899172,104899172,105048512
03-candidate,3,224,104798451,104902171,104902171,105021194
03-candidate,3,225,104798451,104901328,104901328,105049642
03-candidate,3,226,104798451,104902337,104902337,105049449
03-candidate,3,227,104798451,104901451,104901451,105020826
03-candidate,3,228,104798451,104901789,104901789,105049629
03-candidate,3,229,104798451,104902337,104902337,105049554
03-candidate,3,230,104798451,104902866,104902866,105049381
03-candidate,3,231,104798451,104901247,104901247,105049385
03-candidate,3,232,104798451,104901944,104901944,105049628
03-candidate,3,233,104798451,104898255,104898255,105048043
03-candidate,3,234,104798451,104902246,104902246,105049544
03-candidate,3,235,104798451,104898948,104898948,105047834
03-candidate,3,236,104798451,104902763,104902763,105049080
03-candidate,3,237,104798451,104898959,104898959,105047634
03-candidate,3,238,104798451,104901413,104901413,105049462
03-candidate,3,239,104798451,104901206,104901206,105020724
03-candidate,3,240,104798451,104900019,104900019,105048529
03-candidate,3,241,104798451,104898520,104898520,105047186
03-candidate,3,242,104798451,104900291,104900291,105049169
03-candidate,3,243,104798451,104900431,104900431,105049172
03-candidate,3,244,104798451,104901530,104901530,105049552
03-candidate,3,245,104798451,104900367,104900367,105049706
03-candidate,3,246,104798451,104901893,104901893,105021070
03-candidate,3,247,104798451,104898494,104898494,105048188
03-candidate,3,248,104798451,104899706,104899706,105047755
03-candidate,3,249,104798451,104899671,104899671,105047221
03-candidate,3,250,104798451,104901838,104901838,105049702
03-candidate,3,251,104798451,104902347,104902347,105049384
03-candidate,3,252,104798451,104900213,104900213,105048396
03-candidate,3,253,104798451,104898827,104898827,105048372
03-candidate,3,254,104798451,104898058,104898058,105048020
03-candidate,3,255,104798451,104899584,104899584,105048069
03-candidate,3,256,104798451,104900544,104900544,105049740
03-candidate,3,257,104798451,104900407,104900407,105048309
03-candidate,3,258,104798451,104899483,104899483,105048224
03-candidate,3,259,104798451,104902500,104902500,105021365
03-candidate,3,260,104798451,104898226,104898226,105048303
03-candidate,3,261,104798451,104898626,104898626,105048484
03-candidate,3,262,104798451,104898009,104898009,105048067
03-candidate,3,263,104798451,104898159,104898159,105047869
03-candidate,3,264,104798451,104898060,104898060,105047997
03-candidate,3,265,104798451,104899261,104899261,105047808
03-candidate,3,266,104798451,104898886,104898886,105048204
03-candidate,3,267,104798451,104902170,104902170,105049519
03-candidate,3,268,104798451,104899045,104899045,105048214
03-candidate,3,269,104798451,104899363,104899363,105047698
03-candidate,3,270,104798451,104901410,104901410,105020816
03-candidate,3,271,104798451,104900424,104900424,105049684
03-candidate,3,272,104798451,104898904,104898904,105048488
03-candidate,3,273,104798451,104900228,104900228,105049506
03-candidate,3,274,104798451,104902454,104902454,105049017
03-candidate,3,275,104798451,104898842,104898842,105047480
03-candidate,3,276,104798451,104898365,104898365,105047859
03-candidate,3,277,104798451,104901182,104901182,105049501
03-candidate,3,278,104798451,104899633,104899633,105047968
03-candidate,3,279,104798451,104898095,104898095,105048118
03-candidate,3,280,104798451,104899782,104899782,105020041
03-candidate,3,281,104798451,104899175,104899175,105047794
03-candidate,3,282,104798451,104900639,104900639,105048542
03-candidate,3,283,104798451,104898761,104898761,105048588
03-candidate,3,284,104798451,104901945,104901945,105048343
03-candidate,3,285,104798451,104898588,104898588,105047495
03-candidate,3,286,104798451,104899397,104899397,105047302
03-candidate,3,287,104798451,104900621,104900621,105048476
03-candidate,3,288,104798451,104900849,104900849,105020558
03-candidate,3,289,104798451,104900247,104900247,105049196
03-candidate,3,290,104798451,104902800,104902800,105048980
03-candidate,3,291,104798451,104902779,104902779,105049353
03-candidate,3,292,104798451,104898334,104898334,105048154
03-candidate,3,293,104798451,104902277,104902277,105049475
03-candidate,3,294,104798451,104901182,104901182,105049704
03-candidate,3,295,104798451,104899223,104899223,105048115
03-candidate,3,296,104798451,104898873,104898873,105048090
03-candidate,3,297,104798451,104898010,104898010,105048002
03-candidate,3,298,104798451,104901320,104901320,105048216
03-candidate,3,299,104798451,104902151,104902151,105049427
03-candidate,3,300,104798451,104902100,104902100,105049540
03-candidate,3,301,104798451,104901231,104901231,105049462
03-candidate,3,302,104798451,104900339,104900339,105020269
03-candidate,3,303,104798451,104900748,104900748,105049620
03-candidate,3,304,104798451,104900987,104900987,105049484
03-candidate,3,305,104798451,104901496,104901496,105020843
03-candidate,3,306,104798451,104898499,104898499,105048155
03-candidate,3,307,104798451,104898397,104898397,105047827
03-candidate,3,308,104798451,104900468,104900468,105049269
03-candidate,3,309,104798451,104901743,104901743,105049653
03-candidate,3,310,104798451,104901363,104901363,105048475
03-candidate,3,311,104798451,104901477,104901477,105020837
03-candidate,3,312,104798451,104902198,104902198,105021200
03-candidate,3,313,104798451,104900967,104900967,105020583
03-candidate,3,314,104798451,104900472,104900472,105049702
03-candidate,3,315,104798451,104901830,104901830,105048133
03-candidate,3,316,104798451,104902634,104902634,105049552
03-candidate,3,317,104798451,104897992,104897992,105047579
03-candidate,3,318,104798451,104901642,104901642,105020906
03-candidate,3,319,104798451,104899952,104899952,105048242
03-candidate,3,320,104798451,104900208,104900208,105049308
03-candidate,3,321,104798451,104900351,104900351,105049482
03-candidate,3,322,104798451,104901061,104901061,105049445
03-candidate,3,323,104798451,104898089,104898089,105045773
03-candidate,3,324,104798451,104901086,104901086,105020662
03-candidate,3,325,104798451,104900192,104900192,105049538
03-candidate,3,326,104798451,104898085,104898085,105047804
03-candidate,3,327,104798451,104900447,104900447,105020310
03-candidate,3,328,104798451,104901865,104901865,105049607
03-candidate,3,329,104798451,104899421,104899421,105047237
03-candidate,3,330,104798451,104902341,104902341,105049253
03-candidate,3,331,104798451,104898379,104898379,105048020
03-candidate,3,332,104798451,104901564,104901564,105048900
03-candidate,3,333,104798451,104900170,104900170,105049211
03-candidate,3,334,104798451,104900761,104900761,105049606
03-candidate,3,335,104798451,104899940,104899940,105020057
03-candidate,3,336,104798451,104899383,104899383,105048462
03-candidate,3,337,104798451,104899004,104899004,105047930
03-candidate,3,338,104798451,104901075,104901075,105049561
03-candidate,3,339,104798451,104898546,104898546,105048046
03-candidate,3,340,104798451,104898768,104898768,105048134
03-candidate,3,341,104798451,104898468,104898468,105048233
03-candidate,3,342,104798451,104898761,104898761,105048039
03-candidate,3,343,104798451,104899060,104899060,105048577
03-candidate,3,344,104798451,104898222,104898222,105047924
03-candidate,3,345,104798451,104901509,104901509,105020848
03-candidate,3,346,104798451,104899911,104899911,105048036
03-candidate,3,347,104798451,104898110,104898110,105047918
03-candidate,3,348,104798451,104901717,104901717,105048540
03-candidate,3,349,104798451,104899617,104899617,105047994
03-candidate,3,350,104798451,104901410,104901410,105049290
03-candidate,3,351,104798451,104902591,104902591,105021417
03-candidate,3,352,104798451,104901209,104901209,105049460
03-candidate,3,353,104798451,104899718,104899718,105048005
03-candidate,3,354,104798451,104901154,104901154,105020690
03-candidate,3,355,104798451,104900567,104900567,105049212
03-candidate,3,356,104798451,104899292,104899292,105047744
03-candidate,3,357,104798451,104902139,104902139,105049437
03-candidate,3,358,104798451,104899992,104899992,105048112
03-candidate,3,359,104798451,104898674,104898674,105048251
03-candidate,3,360,104798451,104902547,104902547,105049091
03-candidate,3,361,104798451,104901900,104901900,105049603
03-candidate,3,362,104798451,104902741,104902741,105049320
03-candidate,3,363,104798451,104899973,104899973,105048451
03-candidate,3,364,104798451,104899408,104899408,105047957
03-candidate,3,365,104798451,104900396,104900396,105049328
03-candidate,3,366,104798451,104899355,104899355,105047614
03-candidate,3,367,104798451,104902205,104902205,105049505
03-candidate,3,368,104798451,104902400,104902400,105049797
03-candidate,3,369,104798451,104898814,104898814,105048460
03-candidate,3,370,104798451,104901306,104901306,105049777
03-candidate,3,371,104798451,104901689,104901689,105020952
03-candidate,3,372,104798451,104899210,104899210,105047871
03-candidate,3,373,104798451,104900256,104900256,105049367
03-candidate,3,374,104798451,104900497,104900497,105049773
03-candidate,3,375,104798451,104899359,104899359,105047543
03-candidate,3,376,104798451,104899265,104899265,105048136
03-candidate,3,377,104798451,104898292,104898292,105048211
03-candidate,3,378,104798451,104900545,104900545,105049540
03-candidate,3,379,104798451,104900331,104900331,105049159
03-candidate,3,380,104798451,104898134,104898134,105048576
03-candidate,3,381,104798451,104899081,104899081,105048417
03-candidate,3,382,104798451,104901553,104901553,105049157
03-candidate,3,383,104798451,104900000,104900000,105048187
03-candidate,3,384,104798451,104900392,104900392,105049160
03-candidate,3,385,104798451,104898719,104898719,105048528
03-candidate,3,386,104798451,104899231,104899231,105047367
03-candidate,3,387,104798451,104902247,104902247,105049757
03-candidate,3,388,104798451,104898201,104898201,105048564
03-candidate,3,389,104798451,104901245,104901245,105049720
03-candidate,3,390,104798451,104901349,104901349,105020783
03-candidate,3,391,104798451,104902824,104902824,105049326
03-candidate,3,392,104798451,104899451,104899451,105048316
03-candidate,3,393,104798451,104899926,104899926,105048318
03-candidate,3,394,104798451,104898474,104898474,105048105
03-candidate,3,395,104798451,104902183,104902183,105049401
03-candidate,3,396,104798451,104898128,104898128,105048217
03-candidate,3,397,104798451,104900377,104900377,105049634
03-candidate,3,398,104798451,104902274,104902274,105049538
03-candidate,3,399,104798451,104899953,104899953,105048450
03-candidate,3,400,104798451,104900113,104900113,105020154
03-candidate,3,401,104798451,104899656,104899656,105048298
03-candidate,3,402,104798451,104899520,104899520,105047415
03-candidate,3,403,104798451,104900026,104900026,105048124
03-candidate,3,404,104798451,104901527,104901527,105048957
03-candidate,3,405,104798451,104898375,104898375,105048327
03-candidate,3,406,104798451,104901431,104901431,105049309
03-candidate,3,407,104798451,104899013,104899013,105048538
03-candidate,3,408,104798451,104902666,104902666,105049429
03-candidate,3,409,104798451,104899136,104899136,105048381
03-candidate,3,410,104798451,104901890,104901890,105049636
03-candidate,3,411,104798451,104899111,104899111,105048279
03-candidate,3,412,104798451,104899499,104899499,105047827
03-candidate,3,413,104798451,104900454,104900454,105020340
03-candidate,3,414,104798451,104898381,104898381,105048025
03-candidate,3,415,104798451,104901647,104901647,105020942
03-candidate,3,416,104798451,104902149,104902149,105021200
03-candidate,3,417,104798451,104899063,104899063,105047894
03-candidate,3,418,104798451,104902003,104902003,105049143
03-candidate,3,419,104798451,104898618,104898618,105048284
03-candidate,3,420,104798451,104902763,104902763,105049387
03-candidate,3,421,104798451,104900843,104900843,105020523
03-candidate,3,422,104798451,104900768,104900768,105049697
03-candidate,3,423,104798451,104898102,104898102,105048342
03-candidate,3,424,104798451,104898241,104898241,105048478
03-candidate,3,425,104798451,104902638,104902638,105048803
03-candidate,3,426,104798451,104900587,104900587,105048539
03-candidate,3,427,104798451,104899330,104899330,105047918
03-candidate,3,428,104798451,104898195,104898195,105047924
03-candidate,3,429,104798451,104900873,104900873,105049404
03-candidate,3,430,104798451,104902269,104902269,105049434
03-candidate,3,431,104798451,104899033,104899033,105047838
03-candidate,3,432,104798451,104900331,104900331,105048292
03-candidate,3,433,104798451,104899505,104899505,105048146
03-candidate,3,434,104798451,104902562,104902562,105049399
03-candidate,3,435,104798451,104900863,104900863,105020561
03-candidate,3,436,104798451,104899547,104899547,105047831
03-candidate,3,437,104798451,104900930,104900930,105049216
03-candidate,3,438,104798451,104902120,104902120,105049756
03-candidate,3,439,104798451,104900895,104900895,105020563
03-candidate,3,440,104798451,104900366,104900366,105049260
03-candidate,3,441,104798451,104899683,104899683,105048197
03-candidate,3,442,104798451,104900669,104900669,105049382
03-candidate,3,443,104798451,104901750,104901750,105020983
03-candidate,3,444,104798451,104899093,104899093,105048493
03-candidate,3,445,104798451,104899734,104899734,105047849
03-candidate,3,446,104798451,104900996,104900996,105049289
03-candidate,3,447,104798451,104900645,104900645,105049580
03-candidate,3,448,104798451,104902114,104902114,105021173
03-candidate,3,449,104798451,104901455,104901455,105020839
03-candidate,3,450,104798451,104902419,104902419,105048813
03-candidate,3,451,104798451,104901858,104901858,105021034
03-candidate,3,452,104798451,104901108,104901108,105020672
03-candidate,3,453,104798451,104900881,104900881,105020560
03-candidate,3,454,104798451,104900826,104900826,105020536
03-candidate,3,455,104798451,104901986,104901986,105021098
03-candidate,3,456,104798451,104900817,104900817,105020543
03-candidate,3,457,104798451,104899758,104899758,105048214
03-candidate,3,458,104798451,104897909,104897909,105045746
03-candidate,3,459,104798451,104899295,104899295,105048153
03-candidate,3,460,104798451,104901418,104901418,105020813
03-candidate,3,461,104798451,104901586,104901586,105048927
03-candidate,3,462,104798451,104898896,104898896,105047910
03-candidate,3,463,104798451,104902374,104902374,105049785
03-candidate,3,464,104798451,104898172,104898172,105048589
03-candidate,3,465,104798451,104901101,104901101,105049343
03-candidate,3,466,104798451,104900618,104900618,105048269
03-candidate,3,467,104798451,104902285,104902285,105049782
03-candidate,3,468,104798451,104900359,104900359,105048369
03-candidate,3,469,104798451,104901079,104901079,105020661
03-candidate,3,470,104798451,104900725,104900725,105048587
03-candidate,3,471,104798451,104902010,104902010,105049782
03-candidate,3,472,104798451,104901752,104901752,105049012
03-candidate,3,473,104798451,104899433,104899433,105047765
03-candidate,3,474,104798451,104899037,104899037,105048119
03-candidate,3,475,104798451,104898700,104898700,105048507
03-candidate,3,476,104798451,104900910,104900910,105020557
03-candidate,3,477,104798451,104900115,104900115,105020176
03-candidate,3,478,104798451,104901662,104901662,105020931
03-candidate,3,479,104798451,104900685,104900685,105048571
03-candidate,3,480,104798451,104899463,104899463,105047431
03-candidate,3,481,104798451,104899877,104899877,105047923
03-candidate,3,482,104798451,104900138,104900138,105049157
03-candidate,3,483,104798451,104899203,104899203,105048200
03-candidate,3,484,104798451,104901639,104901639,105048883
03-candidate,3,485,104798451,104899808,104899808,105047127
03-candidate,3,486,104798451,104898504,104898504,105048091
03-candidate,3,487,104798451,104900179,104900179,105049221
03-candidate,3,488,104798451,104901684,104901684,105049662
03-candidate,3,489,104798451,104899245,104899245,105047184
03-candidate,3,490,104798451,104899702,104899702,105048341
03-candidate,3,491,104798451,104899578,104899578,105048433
03-candidate,3,492,104798451,104902360,104902360,105049459
03-candidate,3,493,104798451,104898567,104898567,105048395
03-candidate,3,494,104798451,104902666,104902666,105048902
03-candidate,3,495,104798451,104901107,104901107,105020672
03-candidate,3,496,104798451,104901645,104901645,105020917
03-candidate,3,497,104798451,104902696,104902696,105048757
03-candidate,3,498,104798451,104899324,104899324,105048563
03-candidate,3,499,104798451,104900663,104900663,105048458
03-candidate,3,500,104798451,104898913,104898913,105048111
03-candidate,3,501,104798451,104900938,104900938,105049710
03-candidate,3,502,104798451,104901439,104901439,105020821
03-candidate,3,503,104798451,104898057,104898057,105048020
03-candidate,3,504,104798451,104898269,104898269,105048541
03-candidate,3,505,104798451,104898394,104898394,105047618
03-candidate,3,506,104798451,104902391,104902391,105021312
03-candidate,3,507,104798451,104899051,104899051,105047817
03-candidate,3,508,104798451,104900878,104900878,105049311
03-candidate,3,509,104798451,104899962,104899962,105048249
03-candidate,3,510,104798451,104897970,104897970,105048025
03-candidate,3,511,104798451,104901867,104901867,105049651
03-candidate,3,512,104798451,104902697,104902697,105048876
03-candidate,3,513,104798451,104902305,104902305,105049731
03-candidate,3,514,104798451,104900977,104900977,105048231
03-candidate,3,515,104798451,104902086,104902086,105049329
03-candidate,3,516,104798451,104900568,104900568,105049696
03-candidate,3,517,104798451,104900082,104900082,105049303
03-candidate,3,518,104798451,104900583,104900583,105048265
03-candidate,3,519,104798451,104900789,104900789,105020495
03-candidate,3,520,104798451,104898463,104898463,105048262
03-candidate,3,521,104798451,104902064,104902064,105049594
03-candidate,3,522,104798451,104900566,104900566,105049569
03-candidate,3,523,104798451,104899808,104899808,105048318
03-candidate,3,524,104798451,104898299,104898299,105048378
03-candidate,3,525,104798451,104902532,104902532,105049467
03-candidate,3,526,104798451,104900142,104900142,105020193
03-candidate,3,527,104798451,104902035,104902035,105021127
03-candidate,3,528,104798451,104899862,104899862,105020056
03-candidate,3,529,104798451,104899492,104899492,105047239
03-candidate,3,530,104798451,104902757,104902757,105049053
03-candidate,3,531,104798451,104900993,104900993,105049348
03-candidate,3,532,104798451,104899292,104899292,105047937
03-candidate,3,533,104798451,104902571,104902571,105048877
03-candidate,3,534,104798451,104900078,104900078,105020196
03-candidate,3,535,104798451,104898753,104898753,105047702
03-candidate,3,536,104798451,104898032,104898032,105047982
03-candidate,3,537,104798451,104901664,104901664,105048385
03-candidate,3,538,104798451,104898783,104898783,105047687
03-candidate,3,539,104798451,104902262,104902262,105049779
03-candidate,3,540,104798451,104902412,104902412,105049405
03-candidate,3,541,104798451,104902064,104902064,105021146
03-candidate,3,542,104798451,104901135,104901135,105049354
03-candidate,3,543,104798451,104898115,104898115,105048219
03-candidate,3,544,104798451,104901692,104901692,105020958
03-candidate,3,545,104798451,104901800,104901800,105021006
03-candidate,3,546,104798451,104899535,104899535,105048384
03-candidate,3,547,104798451,104898856,104898856,105048342
03-candidate,3,548,104798451,104899595,104899595,105047828
03-candidate,3,549,104798451,104900249,104900249,105048329
03-candidate,3,550,104798451,104901377,104901377,105020808
03-candidate,3,551,104798451,104898527,104898527,105048536
03-candidate,3,552,104798451,104898645,104898645,105048190
03-candidate,3,553,104798451,104898268,104898268,105048018
03-candidate,3,554,104798451,104899539,104899539,105048217
03-candidate,3,555,104798451,104899687,104899687,105047052
03-candidate,3,556,104798451,104900427,104900427,105049623
03-candidate,3,557,104798451,104899029,104899029,105048484
03-candidate,3,558,104798451,104902668,104902668,105049324
03-candidate,3,559,104798451,104898149,104898149,105047874
03-candidate,3,560,104798451,104900606,104900606,105049461
03-candidate,3,561,104798451,104901755,104901755,105020985
03-candidate,3,562,104798451,104900270,104900270,105049237
03-candidate,3,563,104798451,104902730,104902730,105048953
03-candidate,3,564,104798451,104899240,104899240,105048486
03-candidate,3,565,104798451,104899235,104899235,105047664
03-candidate,3,566,104798451,104901299,104901299,105049465
03-candidate,3,567,104798451,104902704,104902704,105049239
03-candidate,3,568,104798451,104900647,104900647,105049436
03-candidate,3,569,104798451,104901776,104901776,105049643
03-candidate,3,570,104798451,104902726,104902726,105049039
03-candidate,3,571,104798451,104898086,104898086,105047955
03-candidate,3,572,104798451,104901467,104901467,105048900
03-candidate,3,573,104798451,104901182,104901182,105049391
03-candidate,3,574,104798451,104898518,104898518,105048433
03-candidate,3,575,104798451,104898285,104898285,105047736
03-candidate,3,576,104798451,104898127,104898127,105047933
03-candidate,3,577,104798451,104900675,104900675,105048535
03-candidate,3,578,104798451,104901922,104901922,105048964
03-candidate,3,579,104798451,104900476,104900476,105048042
03-candidate,3,580,104798451,104901341,104901341,105020790
03-candidate,3,581,104798451,104898481,104898481,105047728
03-candidate,3,582,104798451,104899072,104899072,105048062
03-candidate,3,583,104798451,104902786,104902786,105049058
03-candidate,3,584,104798451,104901352,104901352,105020799
03-candidate,3,585,104798451,104899774,104899774,105020019
03-candidate,3,586,104798451,104899636,104899636,105047696
03-candidate,3,587,104798451,104898059,104898059,105048571
03-candidate,3,588,104798451,104899852,104899852,105047069
03-candidate,3,589,104798451,104901388,104901388,105020799
03-candidate,3,590,104798451,104899860,104899860,105048420
03-candidate,3,591,104798451,104900621,104900621,105049545
03-candidate,3,592,104798451,104898450,104898450,105048285
03-candidate,3,593,104798451,104900879,104900879,105048323
03-candidate,3,594,104798451,104899120,104899120,105047668
03-candidate,3,595,104798451,104899551,104899551,105047352
03-candidate,3,596,104798451,104899512,104899512,105048461
03-candidate,3,597,104798451,104900658,104900658,105049702
03-candidate,3,598,104798451,104902492,104902492,105049785
03-candidate,3,599,104798451,104901040,104901040,105049395
03-candidate,3,600,104798451,104900054,104900054,105047090
03-candidate,3,601,104798451,104898422,104898422,105048262
03-candidate,3,602,104798451,104898814,104898814,105047631
03-candidate,3,603,104798451,104900519,104900519,105049561
03-candidate,3,604,104798451,104899122,104899122,105048417
03-candidate,3,605,104798451,104900804,104900804,105049534
03-candidate,3,606,104798451,104902389,104902389,105049099
03-candidate,3,607,104798451,104898793,104898793,105047925
03-candidate,3,608,104798451,104901013,104901013,105020629
03-candidate,3,609,104798451,104899891,104899891,105047092
03-candidate,3,610,104798451,104898310,104898310,105048124
03-candidate,3,611,104798451,104900313,104900313,105049381
03-candidate,3,612,104798451,104898658,104898658,105048425
03-candidate,3,613,104798451,104901989,104901989,105049678
03-candidate,3,614,104798451,104900269,104900269,105049266
03-candidate,3,615,104798451,104901264,104901264,105049490
03-candidate,3,616,104798451,104901809,104901809,105048315
03-candidate,3,617,104798451,104898308,104898308,105048425
03-candidate,3,618,104798451,104898568,104898568,105047944
03-candidate,3,619,104798451,104901150,104901150,105020683
03-candidate,3,620,104798451,104901949,104901949,105021085
03-candidate,3,621,104798451,104902623,104902623,105049781
03-candidate,3,622,104798451,104898327,104898327,105048020
03-candidate,3,623,104798451,104902365,104902365,105049410
03-candidate,3,624,104798451,104902226,104902226,105021225
03-candidate,3,625,104798451,104899151,104899151,105048343
03-candidate,3,626,104798451,104900170,104900170,105049644
03-candidate,3,627,104798451,104898115,104898115,105048132
03-candidate,3,628,104798451,104902284,104902284,105049738
03-candidate,3,629,104798451,104900521,104900521,105048553
03-candidate,3,630,104798451,104899625,104899625,105047561
03-candidate,3,631,104798451,104898720,104898720,105047892
03-candidate,3,632,104798451,104898621,104898621,105047303
03-candidate,3,633,104798451,104900396,104900396,105049322
03-candidate,3,634,104798451,104902076,104902076,105049768
03-candidate,3,635,104798451,104900170,104900170,105049457
03-candidate,3,636,104798451,104902462,104902462,105049379
03-candidate,3,637,104798451,104900192,104900192,105049808
03-candidate,3,638,104798451,104900900,104900900,105049675
03-candidate,3,639,104798451,104902460,104902460,105049516
03-candidate,3,640,104798451,104900101,104900101,105020172
03-candidate,3,641,104798451,104900524,104900524,105049274
03-candidate,3,642,104798451,104898692,104898692,105048404
03-candidate,3,643,104798451,104901320,104901320,105049552
03-candidate,3,644,104798451,104901971,104901971,105049630
03-candidate,3,645,104798451,104898732,104898732,105048374
03-candidate,3,646,104798451,104899487,104899487,105048117
03-candidate,3,647,104798451,104899794,104899794,105047988
03-candidate,3,648,104798451,104898932,104898932,105048262
03-candidate,3,649,104798451,104898843,104898843,105048297
03-candidate,3,650,104798451,104899965,104899965,105048176
03-candidate,3,651,104798451,104900082,104900082,105020122
03-candidate,3,652,104798451,104898860,104898860,105048506
03-candidate,3,653,104798451,104899334,104899334,105047678
03-candidate,3,654,104798451,104898480,104898480,105047983
03-candidate,3,655,104798451,104902366,104902366,105049771
03-candidate,3,656,104798451,104901473,104901473,105048404
03-candidate,3,657,104798451,104899150,104899150,105047585
03-candidate,3,658,104798451,104899927,104899927,105020055
03-candidate,3,659,104798451,104902726,104902726,105048799
03-candidate,3,660,104798451,104902441,104902441,105049015
03-candidate,3,661,104798451,104901040,104901040,105049719
03-candidate,3,662,104798451,104900852,104900852,105020548
03-candidate,3,663,104798451,104898327,104898327,105048156
03-candidate,3,664,104798451,104902428,104902428,105049376
03-candidate,3,665,104798451,104902576,104902576,105048937
03-candidate,3,666,104798451,104899421,104899421,105048381
03-candidate,3,667,104798451,104902128,104902128,105049541
03-candidate,3,668,104798451,104901122,104901122,105049717
03-candidate,3,669,104798451,104900913,104900913,105049730
03-candidate,3,670,104798451,104898335,104898335,105047863
03-candidate,3,671,104798451,104902538,104902538,105049296
03-candidate,3,672,104798451,104898710,104898710,105048024
03-candidate,3,673,104798451,104898719,104898719,105048450
03-candidate,3,674,104798451,104899643,104899643,105047288
03-candidate,3,675,104798451,104902217,104902217,105049406
03-candidate,3,676,104798451,104898061,104898061,105048104
03-candidate,3,677,104798451,104898425,104898425,105047966
03-candidate,3,678,104798451,104900932,104900932,105020583
03-candidate,3,679,104798451,104901612,104901612,105049682
03-candidate,3,680,104798451,104902628,104902628,105049468
03-candidate,3,681,104798451,104898343,104898343,105048200
03-candidate,3,682,104798451,104898645,104898645,105048533
03-candidate,3,683,104798451,104902008,104902008,105049559
03-candidate,3,684,104798451,104901717,104901717,105049664
03-candidate,3,685,104798451,104898737,104898737,105048230
03-candidate,3,686,104798451,104898920,104898920,105048493
03-candidate,3,687,104798451,104902443,104902443,105049407
03-candidate,3,688,104798451,104901272,104901272,105049712
03-candidate,3,689,104798451,104900109,104900109,105020166
03-candidate,3,690,104798451,104900783,104900783,105049568
03-candidate,3,691,104798451,104901506,104901506,105020853
03-candidate,3,692,104798451,104899743,104899743,105022774
03-candidate,3,693,104798451,104901969,104901969,105044750
03-candidate,3,694,104798451,104902043,104902043,105056681
03-candidate,3,695,104798451,104898086,104898086,105019776
03-candidate,3,696,104798451,104898193,104898193,105023882
03-candidate,3,697,104798451,104902758,104902758,105023843
03-candidate,3,698,104798451,104898421,104898421,105023860
03-candidate,3,699,104798451,104899379,104899379,105022775
04-control,1,50,48093087,48228124,48228124,48381651
04-control,1,51,48093087,48228441,48228441,48362838
04-control,1,52,48093087,48226548,48226548,48361349
04-control,1,53,48093087,48225191,48225191,48379191
04-control,1,54,48093087,48225543,48225543,48378863
04-control,1,55,48093087,48226407,48226407,48361241
04-control,1,56,48093087,48226414,48226414,48382026
04-control,1,57,48093087,48226364,48226364,48381491
04-control,1,58,48093087,48227541,48227541,48382360
04-control,1,59,48093087,48226637,48226637,48361426
04-control,1,60,48093087,48228189,48228189,48362612
04-control,1,61,48093087,48224840,48224840,48379036
04-control,1,62,48093087,48224817,48224817,48377512
04-control,1,63,48093087,48226491,48226491,48361305
04-control,1,64,48093087,48227444,48227444,48382030
04-control,1,65,48093087,48227698,48227698,48379378
04-control,1,66,48093087,48224900,48224900,48377365
04-control,1,67,48093087,48226233,48226233,48378709
04-control,1,68,48093087,48224826,48224826,48360119
04-control,1,69,48093087,48228482,48228482,48381806
04-control,1,70,48093087,48227706,48227706,48382212
04-control,1,71,48093087,48225061,48225061,48379270
04-control,1,72,48093087,48226265,48226265,48361120
04-control,1,73,48093087,48225814,48225814,48378783
04-control,1,74,48093087,48225406,48225406,48379297
04-control,1,75,48093087,48225265,48225265,48378329
04-control,1,76,48093087,48225761,48225761,48378801
04-control,1,77,48093087,48228075,48228075,48382172
04-control,1,78,48093087,48225478,48225478,48379291
04-control,1,79,48093087,48227119,48227119,48381889
04-control,1,80,48093087,48226787,48226787,48361489
04-control,1,81,48093087,48228535,48228535,48382003
04-control,1,82,48093087,48226130,48226130,48378829
04-control,1,83,48093087,48228370,48228370,48382081
04-control,1,84,48093087,48227874,48227874,48381637
04-control,1,85,48093087,48226997,48226997,48381420
04-control,1,86,48093087,48225080,48225080,48379061
04-control,1,87,48093087,48225709,48225709,48378694
04-control,1,88,48093087,48228249,48228249,48362655
04-control,1,89,48093087,48227828,48227828,48382217
04-control,1,90,48093087,48225482,48225482,48379226
04-control,1,91,48093087,48224879,48224879,48377491
04-control,1,92,48093087,48225590,48225590,48379034
04-control,1,93,48093087,48227972,48227972,48382292
04-control,1,94,48093087,48228366,48228366,48382067
04-control,1,95,48093087,48225130,48225130,48378319
04-control,1,96,48093087,48226374,48226374,48361214
04-control,1,97,48093087,48226660,48226660,48381809
04-control,1,98,48093087,48226864,48226864,48361537
04-control,1,99,48093087,48227486,48227486,48381924
04-control,1,100,48093087,48225451,48225451,48379069
04-control,1,101,48093087,48225689,48225689,48379180
04-control,1,102,48093087,48226115,48226115,48379272
04-control,1,103,48093087,48228403,48228403,48381627
04-control,1,104,48093087,48224885,48224885,48377581
04-control,1,105,48093087,48228074,48228074,48381958
04-control,1,106,48093087,48224900,48224900,48377643
04-control,1,107,48093087,48225645,48225645,48379267
04-control,1,108,48093087,48225518,48225518,48378757
04-control,1,109,48093087,48226309,48226309,48379454
04-control,1,110,48093087,48228071,48228071,48382299
04-control,1,111,48093087,48225613,48225613,48379192
04-control,1,112,48093087,48226832,48226832,48382169
04-control,1,113,48093087,48226593,48226593,48361379
04-control,1,114,48093087,48227461,48227461,48382150
04-control,1,115,48093087,48227464,48227464,48362033
04-control,1,116,48093087,48227995,48227995,48381646
04-control,1,117,48093087,48227442,48227442,48381697
04-control,1,118,48093087,48224866,48224866,48360128
04-control,1,119,48093087,48226961,48226961,48361610
04-control,1,120,48093087,48227070,48227070,48382147
04-control,1,121,48093087,48227088,48227088,48361648
04-control,1,122,48093087,48225094,48225094,48378903
04-control,1,123,48093087,48228269,48228269,48362661
04-control,1,124,48093087,48228331,48228331,48362721
04-control,1,125,48093087,48225839,48225839,48378796
04-control,1,126,48093087,48227403,48227403,48382083
04-control,1,127,48093087,48228051,48228051,48382058
04-control,1,128,48093087,48224898,48224898,48377601
04-control,1,129,48093087,48227372,48227372,48361951
04-control,1,130,48093087,48227336,48227336,48361934
04-control,1,131,48093087,48226568,48226568,48361363
04-control,1,132,48093087,48224908,48224908,48377338
04-control,1,133,48093087,48226279,48226279,48361151
04-control,1,134,48093087,48226484,48226484,48381560
04-control,1,135,48093087,48225341,48225341,48378793
04-control,1,136,48093087,48224862,48224862,48360102
04-control,1,137,48093087,48228399,48228399,48381512
04-control,1,138,48093087,48226324,48226324,48361193
04-control,1,139,48093087,48225692,48225692,48360730
04-control,1,140,48093087,48226119,48226119,48378545
04-control,1,141,48093087,48225936,48225936,48378731
04-control,1,142,48093087,48228236,48228236,48381955
04-control,1,143,48093087,48226358,48226358,48361197
04-control,1,144,48093087,48228323,48228323,48381743
04-control,1,145,48093087,48226560,48226560,48379468
04-control,1,146,48093087,48228206,48228206,48362631
04-control,1,147,48093087,48226809,48226809,48361511
04-control,1,148,48093087,48224962,48224962,48377615
04-control,1,149,48093087,48228334,48228334,48362736
04-control,1,150,48093087,48228573,48228573,48382014
04-control,1,151,48093087,48226574,48226574,48379426
04-control,1,152,48093087,48225395,48225395,48379201
04-control,1,153,48093087,48226487,48226487,48361295
04-control,1,154,48093087,48225209,48225209,48378365
04-control,1,155,48093087,48228085,48228085,48382226
04-control,1,156,48093087,48226505,48226505,48381518
04-control,1,157,48093087,48228042,48228042,48382094
04-control,1,158,48093087,48226053,48226053,48378753
04-control,1,159,48093087,48225428,48225428,48379187
04-control,1,160,48093087,48228185,48228185,48362579
04-control,1,161,48093087,48227738,48227738,48362243
04-control,1,162,48093087,48225956,48225956,48378966
04-control,1,163,48093087,48226220,48226220,48361122
04-control,1,164,48093087,48225336,48225336,48379081
04-control,1,165,48093087,48227788,48227788,48381608
04-control,1,166,48093087,48226272,48226272,48378473
04-control,1,167,48093087,48224848,48224848,48377639
04-control,1,168,48093087,48226183,48226183,48361094
04-control,1,169,48093087,48227242,48227242,48382245
04-control,1,170,48093087,48225652,48225652,48378621
04-control,1,171,48093087,48228273,48228273,48362673
04-control,1,172,48093087,48225095,48225095,48379095
04-control,1,173,48093087,48226798,48226798,48381812
04-control,1,174,48093087,48228541,48228541,48362927
04-control,1,175,48093087,48227692,48227692,48382359
04-control,1,176,48093087,48226096,48226096,48378821
04-control,1,177,48093087,48226239,48226239,48361114
04-control,1,178,48093087,48227771,48227771,48362251
04-control,1,179,48093087,48224890,48224890,48379180
04-control,1,180,48093087,48227251,48227251,48361884
04-control,1,181,48093087,48225112,48225112,48378912
04-control,1,182,48093087,48225957,48225957,48378946
04-control,1,183,48093087,48225356,48225356,48379055
04-control,1,184,48093087,48227916,48227916,48362333
04-control,1,185,48093087,48227331,48227331,48361941
04-control,1,186,48093087,48226875,48226875,48381791
04-control,1,187,48093087,48227345,48227345,48382273
04-control,1,188,48093087,48225172,48225172,48378387
04-control,1,189,48093087,48225960,48225960,48378839
04-control,1,190,48093087,48225551,48225551,48378897
04-control,1,191,48093087,48226436,48226436,48361257
04-control,1,192,48093087,48225794,48225794,48378309
04-control,1,193,48093087,48227500,48227500,48382266
04-control,1,194,48093087,48225473,48225473,48360599
04-control,1,195,48093087,48225856,48225856,48378459
04-control,1,196,48093087,48228493,48228493,48362883
04-control,1,197,48093087,48226884,48226884,48361569
04-control,1,198,48093087,48227924,48227924,48362363
04-control,1,199,48093087,48227341,48227341,48361960
04-control,1,200,48093087,48225918,48225918,48379128
04-control,1,201,48093087,48226662,48226662,48381670
04-control,1,202,48093087,48226967,48226967,48361591
04-control,1,203,48093087,48224919,48224919,48379180
04-control,1,204,48093087,48228492,48228492,48381739
04-control,1,205,48093087,48228615,48228615,48382258
04-control,1,206,48093087,48225590,48225590,48379189
04-control,1,207,48093087,48228385,48228385,48382213
04-control,1,208,48093087,48227827,48227827,48381825
04-control,1,209,48093087,48225915,48225915,48378857
04-control,1,210,48093087,48227760,48227760,48382130
04-control,1,211,48093087,48225924,48225924,48360884
04-control,1,212,48093087,48224781,48224781,48360102
04-control,1,213,48093087,48227592,48227592,48382193
04-control,1,214,48093087,48228162,48228162,48381578
04-control,1,215,48093087,48225165,48225165,48378966
04-control,1,216,48093087,48225131,48225131,48379009
04-control,1,217,48093087,48227817,48227817,48382195
04-control,1,218,48093087,48225275,48225275,48379284
04-control,1,219,48093087,48225458,48225458,48379185
04-control,1,220,48093087,48226660,48226660,48361438
04-control,1,221,48093087,48226237,48226237,48361133
04-control,1,222,48093087,48228367,48228367,48362775
04-control,1,223,48093087,48228339,48228339,48381630
04-control,1,224,48093087,48227739,48227739,48382333
04-control,1,225,48093087,48227259,48227259,48382052
04-control,1,226,48093087,48227524,48227524,48381730
04-control,1,227,48093087,48225598,48225598,48379060
04-control,1,228,48093087,48225636,48225636,48360690
04-control,1,229,48093087,48225836,48225836,48378961
04-control,1,230,48093087,48226341,48226341,48381979
04-control,1,231,48093087,48225039,48225039,48379035
04-control,1,232,48093087,48225968,48225968,48378481
04-control,1,233,48093087,48227960,48227960,48381669
04-control,1,234,48093087,48227979,48227979,48381617
04-control,1,235,48093087,48227379,48227379,48361971
04-control,1,236,48093087,48227946,48227946,48382319
04-control,1,237,48093087,48228392,48228392,48362789
04-control,1,238,48093087,48226162,48226162,48361093
04-control,1,239,48093087,48227286,48227286,48382240
04-control,1,240,48093087,48228135,48228135,48382249
04-control,1,241,48093087,48228080,48228080,48362519
04-control,1,242,48093087,48225873,48225873,48378419
04-control,1,243,48093087,48226285,48226285,48381939
04-control,1,244,48093087,48226340,48226340,48361206
04-control,1,245,48093087,48226008,48226008,48378857
04-control,1,246,48093087,48226871,48226871,48361568
04-control,1,247,48093087,48226490,48226490,48361273
04-control,1,248,48093087,48226959,48226959,48361589
04-control,1,249,48093087,48228303,48228303,48362696
04-control,1,250,48093087,48227097,48227097,48381860
04-control,1,251,48093087,48227323,48227323,48361932
04-control,1,252,48093087,48225378,48225378,48378821
04-control,1,253,48093087,48227536,48227536,48381623
04-control,1,254,48093087,48226648,48226648,48361447
04-control,1,255,48093087,48226491,48226491,48381709
04-control,1,256,48093087,48226294,48226294,48361154
04-control,1,257,48093087,48227278,48227278,48361889
04-control,1,258,48093087,48224834,48224834,48379213
04-control,1,259,48093087,48225757,48225757,48378801
04-control,1,260,48093087,48224894,48224894,48377679
04-control,1,261,48093087,48227755,48227755,48362260
04-control,1,262,48093087,48228290,48228290,48362693
04-control,1,263,48093087,48227389,48227389,48361960
04-control,1,264,48093087,48225026,48225026,48379201
04-control,1,265,48093087,48227833,48227833,48381537
04-control,1,266,48093087,48226700,48226700,48381709
04-control,1,267,48093087,48228167,48228167,48362601
04-control,1,268,48093087,48228391,48228391,48362808
04-control,1,269,48093087,48226879,48226879,48361551
04-control,1,270,48093087,48226761,48226761,48381798
04-control,1,271,48093087,48225095,48225095,48379275
04-control,1,272,48093087,48227772,48227772,48362261
04-control,1,273,48093087,48227724,48227724,48381664
04-control,1,274,48093087,48225210,48225210,48379099
04-control,1,275,48093087,48225902,48225902,48378838
04-control,1,276,48093087,48225941,48225941,48360906
04-control,1,277,48093087,48226387,48226387,48361208
04-control,1,278,48093087,48224783,48224783,48377549
04-control,1,279,48093087,48225453,48225453,48379193
04-control,1,280,48093087,48226886,48226886,48361568
04-control,1,281,48093087,48225214,48225214,48379101
04-control,1,282,48093087,48227740,48227740,48381426
04-control,1,283,48093087,48226542,48226542,48381767
04-control,1,284,48093087,48228513,48228513,48382011
04-control,1,285,48093087,48228527,48228527,48381905
04-control,1,286,48093087,48228458,48228458,48362853
04-control,1,287,48093087,48226755,48226755,48381849
04-control,1,288,48093087,48225381,48225381,48379075
04-control,1,289,48093087,48224840,48224840,48377436
04-control,1,290,48093087,48225114,48225114,48378687
04-control,1,291,48093087,48227117,48227117,48361813
04-control,1,292,48093087,48225501,48225501,48360663
04-control,1,293,48093087,48224832,48224832,48377488
04-control,1,294,48093087,48227990,48227990,48381757
04-control,1,295,48093087,48225245,48225245,48378328
04-control,1,296,48093087,48226724,48226724,48381448
04-control,1,297,48093087,48225765,48225765,48378714
04-control,1,298,48093087,48226310,48226310,48361169
04-control,1,299,48093087,48226054,48226054,48360993
04-control,1,300,48093087,48227777,48227777,48362283
04-control,1,301,48093087,48228579,48228579,48381843
04-control,1,302,48093087,48227241,48227241,48361889
04-control,1,303,48093087,48228523,48228523,48362938
04-control,1,304,48093087,48226534,48226534,48361345
04-control,1,305,48093087,48228403,48228403,48382202
04-control,1,306,48093087,48227637,48227637,48382407
04-control,1,307,48093087,48226762,48226762,48379383
04-control,1,308,48093087,48227720,48227720,48362214
04-control,1,309,48093087,48225183,48225183,48379171
04-control,1,310,48093087,48226518,48226518,48361309
04-control,1,311,48093087,48226272,48226272,48361148
04-control,1,312,48093087,48228494,48228494,48382007
04-control,1,313,48093087,48227648,48227648,48382345
04-control,1,314,48093087,48228599,48228599,48381535
04-control,1,315,48093087,48228581,48228581,48381648
04-control,1,316,48093087,48226202,48226202,48379206
04-control,1,317,48093087,48227904,48227904,48382031
04-control,1,318,48093087,48225634,48225634,48378701
04-control,1,319,48093087,48227003,48227003,48361645
04-control,1,320,48093087,48228567,48228567,48362980
04-control,1,321,48093087,48227635,48227635,48382283
04-control,1,322,48093087,48227854,48227854,48381413
04-control,1,323,48093087,48227393,48227393,48381824
04-control,1,324,48093087,48226418,48226418,48379436
04-control,1,325,48093087,48226112,48226112,48378974
04-control,1,326,48093087,48227180,48227180,48382248
04-control,1,327,48093087,48228406,48228406,48362816
04-control,1,328,48093087,48228381,48228381,48382149
04-control,1,329,48093087,48225618,48225618,48379024
04-control,1,330,48093087,48226772,48226772,48381494
04-control,1,331,48093087,48226223,48226223,48361111
04-control,1,332,48093087,48226665,48226665,48361464
04-control,1,333,48093087,48225989,48225989,48379265
04-control,1,334,48093087,48227194,48227194,48382155
04-control,1,335,48093087,48227968,48227968,48381537
04-control,1,336,48093087,48228440,48228440,48362833
04-control,1,337,48093087,48227278,48227278,48382127
04-control,1,338,48093087,48227389,48227389,48382023
04-control,1,339,48093087,48228448,48228448,48362848
04-control,1,340,48093087,48224873,48224873,48377610
04-control,1,341,48093087,48225949,48225949,48378647
04-control,1,342,48093087,48227092,48227092,48381784
04-control,1,343,48093087,48226369,48226369,48381486
04-control,1,344,48093087,48225987,48225987,48378824
04-control,1,345,48093087,48228013,48228013,48382268
04-control,1,346,48093087,48224973,48224973,48377583
04-control,1,347,48093087,48227383,48227383,48379419
04-control,1,348,48093087,48228268,48228268,48381913
04-control,1,349,48093087,48226967,48226967,48381776
04-control,1,350,48093087,48227609,48227609,48379407
04-control,1,351,48093087,48227700,48227700,48382136
04-control,1,352,48093087,48228560,48228560,48362973
04-control,1,353,48093087,48225872,48225872,48378766
04-control,1,354,48093087,48227043,48227043,48381857
04-control,1,355,48093087,48227720,48227720,48382298
04-control,1,356,48093087,48226214,48226214,48361061
04-control,1,357,48093087,48225684,48225684,48378906
04-control,1,358,48093087,48224869,48224869,48377643
04-control,1,359,48093087,48224856,48224856,48377655
04-control,1,360,48093087,48225397,48225397,48378771
04-control,1,361,48093087,48227590,48227590,48379398
04-control,1,362,48093087,48224861,48224861,48360076
04-control,1,363,48093087,48228317,48228317,48381846
04-control,1,364,48093087,48227174,48227174,48381578
04-control,1,365,48093087,48228159,48228159,48382310
04-control,1,366,48093087,48225640,48225640,48378810
04-control,1,367,48093087,48227115,48227115,48361815
04-control,1,368,48093087,48226477,48226477,48381496
04-control,1,369,48093087,48226255,48226255,48361129
04-control,1,370,48093087,48228019,48228019,48362448
04-control,1,371,48093087,48227740,48227740,48379373
04-control,1,372,48093087,48226995,48226995,48361610
04-control,1,373,48093087,48225396,48225396,48360550
04-control,1,374,48093087,48227907,48227907,48362345
04-control,1,375,48093087,48225771,48225771,48378415
04-control,1,376,48093087,48228057,48228057,48362488
04-control,1,377,48093087,48226802,48226802,48361506
04-control,1,378,48093087,48224987,48224987,48377548
04-control,1,379,48093087,48227101,48227101,48382058
04-control,1,380,48093087,48224853,48224853,48377667
04-control,1,381,48093087,48224797,48224797,48360177
04-control,1,382,48093087,48225530,48225530,48378911
04-control,1,383,48093087,48226472,48226472,48379415
04-control,1,384,48093087,48228474,48228474,48362868
04-control,1,385,48093087,48228229,48228229,48362643
04-control,1,386,48093087,48228201,48228201,48382180
04-control,1,387,48093087,48227591,48227591,48382312
04-control,1,388,48093087,48228200,48228200,48381996
04-control,1,389,48093087,48225090,48225090,48379310
04-control,1,390,48093087,48227186,48227186,48361822
04-control,1,391,48093087,48225562,48225562,48378730
04-control,1,392,48093087,48225229,48225229,48379260
04-control,1,393,48093087,48227110,48227110,48361804
04-control,1,394,48093087,48228618,48228618,48381813
04-control,1,395,48093087,48228596,48228596,48381509
04-control,1,396,48093087,48226119,48226119,48379315
04-control,1,397,48093087,48227458,48227458,48362038
04-control,1,398,48093087,48226336,48226336,48381485
04-control,1,399,48093087,48226540,48226540,48361354
04-control,1,400,48093087,48224876,48224876,48360156
04-control,1,401,48093087,48225060,48225060,48378703
04-control,1,402,48093087,48226388,48226388,48379440
04-control,1,403,48093087,48225278,48225278,48379185
04-control,1,404,48093087,48224920,48224920,48377579
04-control,1,405,48093087,48224856,48224856,48379398
04-control,1,406,48093087,48225280,48225280,48379187
04-control,1,407,48093087,48227571,48227571,48381527
04-control,1,408,48093087,48225116,48225116,48378724
04-control,1,409,48093087,48224812,48224812,48377638
04-control,1,410,48093087,48225472,48225472,48379267
04-control,1,411,48093087,48226351,48226351,48361194
04-control,1,412,48093087,48227303,48227303,48361933
04-control,1,413,48093087,48228153,48228153,48382137
04-control,1,414,48093087,48225701,48225701,48378317
04-control,1,415,48093087,48227469,48227469,48381992
04-control,1,416,48093087,48227092,48227092,48361814
04-control,1,417,48093087,48226981,48226981,48361643
04-control,1,418,48093087,48228500,48228500,48362897
04-control,1,419,48093087,48226603,48226603,48381720
04-control,1,420,48093087,48227098,48227098,48381796
04-control,1,421,48093087,48228440,48228440,48381745
04-control,1,422,48093087,48227919,48227919,48362357
04-control,1,423,48093087,48226153,48226153,48378936
04-control,1,424,48093087,48226082,48226082,48360989
04-control,1,425,48093087,48226240,48226240,48361137
04-control,1,426,48093087,48228508,48228508,48362908
04-control,1,427,48093087,48226398,48226398,48381742
04-control,1,428,48093087,48225231,48225231,48379093
04-control,1,429,48093087,48225490,48225490,48379220
04-control,1,430,48093087,48227877,48227877,48381618
04-control,1,431,48093087,48225391,48225391,48379306
04-control,1,432,48093087,48228414,48228414,48362804
04-control,1,433,48093087,48226917,48226917,48382132
04-control,1,434,48093087,48225832,48225832,48378970
04-control,1,435,48093087,48226551,48226551,48381697
04-control,1,436,48093087,48228253,48228253,48362647
04-control,1,437,48093087,48228596,48228596,48381826
04-control,1,438,48093087,48227991,48227991,48381876
04-control,1,439,48093087,48227270,48227270,48361900
04-control,1,440,48093087,48228133,48228133,48362529
04-control,1,441,48093087,48228309,48228309,48362738
04-control,1,442,48093087,48225830,48225830,48378499
04-control,1,443,48093087,48227870,48227870,48362304
04-control,1,444,48093087,48228357,48228357,48362755
04-control,1,445,48093087,48224846,48224846,48377615
04-control,1,446,48093087,48225579,48225579,48379279
04-control,1,447,48093087,48224892,48224892,48379067
04-control,1,448,48093087,48225098,48225098,48379114
04-control,1,449,48093087,48228264,48228264,48381670
04-control,1,450,48093087,48226069,48226069,48378961
04-control,1,451,48093087,48225847,48225847,48378856
04-control,1,452,48093087,48225357,48225357,48379075
04-control,1,453,48093087,48225891,48225891,48378867
04-control,1,454,48093087,48226225,48226225,48378789
04-control,1,455,48093087,48225923,48225923,48378877
04-control,1,456,48093087,48224902,48224902,48379194
04-control,1,457,48093087,48226403,48226403,48361226
04-control,1,458,48093087,48227124,48227124,48382276
04-control,1,459,48093087,48225041,48225041,48378753
04-control,1,460,48093087,48227671,48227671,48381918
04-control,1,461,48093087,48226871,48226871,48361524
04-control,1,462,48093087,48228522,48228522,48381846
04-control,1,463,48093087,48227577,48227577,48382323
04-control,1,464,48093087,48225507,48225507,48379209
04-control,1,465,48093087,48226703,48226703,48361464
04-control,1,466,48093087,48228166,48228166,48382353
04-control,1,467,48093087,48225577,48225577,48360693
04-control,1,468,48093087,48226740,48226740,48361476
04-control,1,469,48093087,48227739,48227739,48362218
04-control,1,470,48093087,48225774,48225774,48378909
04-control,1,471,48093087,48227999,48227999,48382002
04-control,1,472,48093087,48226696,48226696,48381577
04-control,1,473,48093087,48224770,48224770,48377398
04-control,1,474,48093087,48227450,48227450,48362016
04-control,1,475,48093087,48225311,48225311,48379108
04-control,1,476,48093087,48228328,48228328,48362717
04-control,1,477,48093087,48225836,48225836,48378679
04-control,1,478,48093087,48226779,48226779,48381710
04-control,1,479,48093087,48226283,48226283,48361158
04-control,1,480,48093087,48228483,48228483,48362896
04-control,1,481,48093087,48228298,48228298,48362700
04-control,1,482,48093087,48226894,48226894,48381953
04-control,1,483,48093087,48226468,48226468,48381874
04-control,1,484,48093087,48225485,48225485,48360629
04-control,1,485,48093087,48226025,48226025,48378402
04-control,1,486,48093087,48228189,48228189,48362606
04-control,1,487,48093087,48226129,48226129,48379296
04-control,1,488,48093087,48227286,48227286,48361916
04-control,1,489,48093087,48226043,48226043,48378750
04-control,1,490,48093087,48226257,48226257,48378643
04-control,1,491,48093087,48227598,48227598,48382164
04-control,1,492,48093087,48225122,48225122,48378993
04-control,1,493,48093087,48228041,48228041,48362462
04-control,1,494,48093087,48225660,48225660,48378916
04-control,1,495,48093087,48226909,48226909,48361580
04-control,1,496,48093087,48228085,48228085,48382234
04-control,1,497,48093087,48228555,48228555,48381915
04-control,1,498,48093087,48226602,48226602,48381758
04-control,1,499,48093087,48228360,48228360,48362766
04-control,1,500,48093087,48227082,48227082,48381755
04-control,1,501,48093087,48228267,48228267,48362673
04-control,1,502,48093087,48228002,48228002,48362423
04-control,1,503,48093087,48224802,48224802,48377366
04-control,1,504,48093087,48226660,48226660,48361433
04-control,1,505,48093087,48228463,48228463,48381556
04-control,1,506,48093087,48228116,48228116,48362522
04-control,1,507,48093087,48225058,48225058,48379111
04-control,1,508,48093087,48227638,48227638,48362163
04-control,1,509,48093087,48226376,48226376,48361225
04-control,1,510,48093087,48226004,48226004,48378888
04-control,1,511,48093087,48228598,48228598,48381910
04-control,1,512,48093087,48224835,48224835,48379296
04-control,1,513,48093087,48228319,48228319,48362724
04-control,1,514,48093087,48227612,48227612,48382294
04-control,1,515,48093087,48225042,48225042,48378875
04-control,1,516,48093087,48228295,48228295,48362684
04-control,1,517,48093087,48228555,48228555,48362957
04-control,1,518,48093087,48226870,48226870,48361535
04-control,1,519,48093087,48227939,48227939,48381636
04-control,1,520,48093087,48226584,48226584,48361368
04-control,1,521,48093087,48225410,48225410,48378926
04-control,1,522,48093087,48226951,48226951,48381926
04-control,1,523,48093087,48227794,48227794,48382267
04-control,1,524,48093087,48228351,48228351,48381904
04-control,1,525,48093087,48228015,48228015,48381934
04-control,1,526,48093087,48225525,48225525,48360644
04-control,1,527,48093087,48226077,48226077,48378651
04-control,1,528,48093087,48224923,48224923,48379112
04-control,1,529,48093087,48227063,48227063,48381758
04-control,1,530,48093087,48225853,48225853,48378862
04-control,1,531,48093087,48226435,48226435,48379446
04-control,1,532,48093087,48226851,48226851,48361539
04-control,1,533,48093087,48225822,48225822,48378918
04-control,1,534,48093087,48224905,48224905,48377640
04-control,1,535,48093087,48227874,48227874,48381622
04-control,1,536,48093087,48225297,48225297,48378977
04-control,1,537,48093087,48226451,48226451,48381519
04-control,1,538,48093087,48227626,48227626,48362145
04-control,1,539,48093087,48224818,48224818,48377474
04-control,1,540,48093087,48225295,48225295,48379062
04-control,1,541,48093087,48224812,48224812,48360081
04-control,1,542,48093087,48227408,48227408,48379387
04-control,1,543,48093087,48227474,48227474,48362039
04-control,1,544,48093087,48228545,48228545,48381956
04-control,1,545,48093087,48227423,48227423,48379416
04-control,1,546,48093087,48227401,48227401,48382169
04-control,1,547,48093087,48228469,48228469,48362903
04-control,1,548,48093087,48228508,48228508,48382030
04-control,1,549,48093087,48228618,48228618,48381423
04-control,1,550,48093087,48225046,48225046,48378644
04-control,1,551,48093087,48227200,48227200,48382021
04-control,1,552,48093087,48226589,48226589,48381885
04-control,1,553,48093087,48228579,48228579,48381653
04-control,1,554,48093087,48228221,48228221,48362643
04-control,1,555,48093087,48226522,48226522,48361334
04-control,1,556,48093087,48225852,48225852,48378636
04-control,1,557,48093087,48224827,48224827,48377543
04-control,1,558,48093087,48225900,48225900,48360873
04-control,1,559,48093087,48227951,48227951,48362378
04-control,1,560,48093087,48228209,48228209,48362626
04-control,1,561,48093087,48227720,48227720,48379378
04-control,1,562,48093087,48228511,48228511,48381955
04-control,1,563,48093087,48227196,48227196,48382185
04-control,1,564,48093087,48228209,48228209,48362618
04-control,1,565,48093087,48226134,48226134,48378813
04-control,1,566,48093087,48224988,48224988,48377408
04-control,1,567,48093087,48226030,48226030,48378900
04-control,1,568,48093087,48226645,48226645,48381682
04-control,1,569,48093087,48227111,48227111,48361824
04-control,1,570,48093087,48225183,48225183,48379079
04-control,1,571,48093087,48226422,48226422,48361246
04-control,1,572,48093087,48227805,48227805,48381918
04-control,1,573,48093087,48225317,48225317,48378933
04-control,1,574,48093087,48225841,48225841,48378871
04-control,1,575,48093087,48225710,48225710,48360731
04-control,1,576,48093087,48228026,48228026,48382310
04-control,1,577,48093087,48224907,48224907,48379108
04-control,1,578,48093087,48224889,48224889,48379174
04-control,1,579,48093087,48225738,48225738,48378837
04-control,1,580,48093087,48226931,48226931,48361582
04-control,1,581,48093087,48225463,48225463,48379097
04-control,1,582,48093087,48225714,48225714,48378963
04-control,1,583,48093087,48227805,48227805,48381771
04-control,1,584,48093087,48228427,48228427,48381641
04-control,1,585,48093087,48224869,48224869,48377516
04-control,1,586,48093087,48226523,48226523,48381470
04-control,1,587,48093087,48225910,48225910,48378721
04-control,1,588,48093087,48228226,48228226,48362634
04-control,1,589,48093087,48227958,48227958,48381530
04-control,1,590,48093087,48226606,48226606,48361426
04-control,1,591,48093087,48225166,48225166,48378768
04-control,1,592,48093087,48227923,48227923,48362357
04-control,1,593,48093087,48228147,48228147,48382291
04-control,1,594,48093087,48226321,48226321,48379407
04-control,1,595,48093087,48224854,48224854,48377317
04-control,1,596,48093087,48226371,48226371,48361211
04-control,1,597,48093087,48227931,48227931,48362367
04-control,1,598,48093087,48228241,48228241,48362640
04-control,1,599,48093087,48224963,48224963,48377578
04-control,1,600,48093087,48227016,48227016,48361628
04-control,1,601,48093087,48227496,48227496,48362048
04-control,1,602,48093087,48227706,48227706,48381844
04-control,1,603,48093087,48226168,48226168,48378504
04-control,1,604,48093087,48224921,48224921,48377402
04-control,1,605,48093087,48225103,48225103,48378692
04-control,1,606,48093087,48227846,48227846,48381396
04-control,1,607,48093087,48228421,48228421,48362818
04-control,1,608,48093087,48227395,48227395,48361988
04-control,1,609,48093087,48225757,48225757,48360757
04-control,1,610,48093087,48227419,48227419,48382067
04-control,1,611,48093087,48228211,48228211,48382087
04-control,1,612,48093087,48224886,48224886,48379161
04-control,1,613,48093087,48225918,48225918,48360868
04-control,1,614,48093087,48225532,48225532,48379048
04-control,1,615,48093087,48226855,48226855,48361537
04-control,1,616,48093087,48227234,48227234,48382119
04-control,1,617,48093087,48224902,48224902,48377478
04-control,1,618,48093087,48226590,48226590,48361375
04-control,1,619,48093087,48228306,48228306,48362700
04-control,1,620,48093087,48228035,48228035,48382134
04-control,1,621,48093087,48226539,48226539,48381749
04-control,1,622,48093087,48226097,48226097,48361001
04-control,1,623,48093087,48227619,48227619,48382167
04-control,1,624,48093087,48228152,48228152,48362540
04-control,1,625,48093087,48227222,48227222,48361878
04-control,1,626,48093087,48228416,48228416,48362833
04-control,1,627,48093087,48224977,48224977,48377493
04-control,1,628,48093087,48225009,48225009,48377488
04-control,1,629,48093087,48224974,48224974,48379227
04-control,1,630,48093087,48226004,48226004,48379310
04-control,1,631,48093087,48225334,48225334,48379086
04-control,1,632,48093087,48226632,48226632,48361449
04-control,1,633,48093087,48226933,48226933,48361580
04-control,1,634,48093087,48225851,48225851,48378994
04-control,1,635,48093087,48227884,48227884,48382019
04-control,1,636,48093087,48227186,48227186,48379418
04-control,1,637,48093087,48226147,48226147,48379280
04-control,1,638,48093087,48228121,48228121,48382299
04-control,1,639,48093087,48226531,48226531,48381901
04-control,1,640,48093087,48226083,48226083,48379295
04-control,1,641,48093087,48226048,48226048,48379002
04-control,1,642,48093087,48224921,48224921,48377575
04-control,1,643,48093087,48228250,48228250,48362650
04-control,1,644,48093087,48224924,48224924,48379118
04-control,1,645,48093087,48226690,48226690,48361462
04-control,1,646,48093087,48228559,48228559,48381779
04-control,1,647,48093087,48226289,48226289,48361155
04-control,1,648,48093087,48224836,48224836,48377440
04-control,1,649,48093087,48228053,48228053,48382091
04-control,1,650,48093087,48227203,48227203,48382061
04-control,1,651,48093087,48227201,48227201,48361872
04-control,1,652,48093087,48227953,48227953,48362396
04-control,1,653,48093087,48228038,48228038,48381864
04-control,1,654,48093087,48227566,48227566,48381702
04-control,1,655,48093087,48225081,48225081,48379100
04-control,1,656,48093087,48226039,48226039,48378955
04-control,1,657,48093087,48226037,48226037,48360966
04-control,1,658,48093087,48227013,48227013,48361643
04-control,1,659,48093087,48228184,48228184,48381933
04-control,1,660,48093087,48224847,48224847,48360086
04-control,1,661,48093087,48228459,48228459,48382048
04-control,1,662,48093087,48227935,48227935,48362373
04-control,1,663,48093087,48226208,48226208,48378812
04-control,1,664,48093087,48228133,48228133,48382277
04-control,1,665,48093087,48225997,48225997,48360958
04-control,1,666,48093087,48226403,48226403,48361224
04-control,1,667,48093087,48227216,48227216,48361886
04-control,1,668,48093087,48224794,48224794,48360091
04-control,1,669,48093087,48225946,48225946,48378869
04-control,1,670,48093087,48227537,48227537,48381598
04-control,1,671,48093087,48228637,48228637,48381149
04-control,1,672,48093087,48226004,48226004,48378946
04-control,1,673,48093087,48226643,48226643,48381604
04-control,1,674,48093087,48226677,48226677,48381687
04-control,1,675,48093087,48225746,48225746,48378941
04-control,1,676,48093087,48227303,48227303,48361922
04-control,1,677,48093087,48226739,48226739,48379478
04-control,1,678,48093087,48227580,48227580,48362097
04-control,1,679,48093087,48225586,48225586,48379262
04-control,1,680,48093087,48226230,48226230,48378548
04-control,1,681,48093087,48224935,48224935,48377598
04-control,1,682,48093087,48228288,48228288,48362735
04-control,1,683,48093087,48227419,48227419,48381614
04-control,1,684,48093087,48227148,48227148,48381432
04-control,1,685,48093087,48224794,48224794,48360082
04-control,1,686,48093087,48227541,48227541,48382178
04-control,1,687,48093087,48227525,48227525,48362066
04-control,1,688,48093087,48227322,48227322,48382045
04-control,1,689,48093087,48227482,48227482,48382000
04-control,1,690,48093087,48225326,48225326,48378639
04-control,1,691,48093087,48228350,48228350,48362746
04-control,1,692,48093087,48228059,48228059,48385260
04-control,1,693,48093087,48260192,48260192,48399200
04-control,1,694,48093087,48262188,48262188,48367321
04-control,1,695,48093087,48261177,48261177,48381920
04-control,1,696,48093087,48227077,48227077,48398211
04-control,1,697,48093087,48228421,48228421,48375533
04-control,1,698,48093087,48226718,48226718,48387392
04-control,1,699,48093087,48227936,48227936,48369259
04-control,2,50,77973359,77982523,77982523,78128658
04-control,2,51,77973359,77982935,77982935,78104217
04-control,2,52,77973359,77981033,77981033,78102622
04-control,2,53,77973359,77979820,77979820,78127291
04-control,2,54,77973359,77980047,77980047,78127075
04-control,2,55,77973359,77980884,77980884,78127799
04-control,2,56,77973359,77980896,77980896,78127731
04-control,2,57,77973359,77980826,77980826,78127568
04-control,2,58,77973359,77981899,77981899,78127496
04-control,2,59,77973359,77981121,77981121,78102693
04-control,2,60,77973359,77982608,77982608,78103966
04-control,2,61,77973359,77979419,77979419,78125496
04-control,2,62,77973359,77979500,77979500,78125496
04-control,2,63,77973359,77980979,77980979,78102579
04-control,2,64,77973359,77981798,77981798,78127651
04-control,2,65,77973359,77982045,77982045,78127938
04-control,2,66,77973359,77979527,77979527,78101368
04-control,2,67,77973359,77980672,77980672,78127246
04-control,2,68,77973359,77979460,77979460,78136245
04-control,2,69,77973359,77982986,77982986,78128474
04-control,2,70,77973359,77982043,77982043,78127717
04-control,2,71,77973359,77979677,77979677,78127785
04-control,2,72,77973359,77980714,77980714,78127272
04-control,2,73,77973359,77980282,77980282,78127287
04-control,2,74,77973359,77979961,77979961,78126926
04-control,2,75,77973359,77979847,77979847,78127990
04-control,2,76,77973359,77980221,77980221,78127660
04-control,2,77,77973359,77982468,77982468,78128675
04-control,2,78,77973359,77979997,77979997,78101787
04-control,2,79,77973359,77981523,77981523,78127997
04-control,2,80,77973359,77981269,77981269,78102802
04-control,2,81,77973359,77983065,77983065,78128584
04-control,2,82,77973359,77980607,77980607,78127358
04-control,2,83,77973359,77982848,77982848,78128666
04-control,2,84,77973359,77982221,77982221,78127925
04-control,2,85,77973359,77981424,77981424,78128002
04-control,2,86,77973359,77979705,77979705,78126899
04-control,2,87,77973359,77980179,77980179,78127338
04-control,2,88,77973359,77982681,77982681,78103990
04-control,2,89,77973359,77982193,77982193,78127853
04-control,2,90,77973359,77980006,77980006,78127061
04-control,2,91,77973359,77979455,77979455,78136234
04-control,2,92,77973359,77980086,77980086,78127095
04-control,2,93,77973359,77982335,77982335,78128511
04-control,2,94,77973359,77982819,77982819,78128691
04-control,2,95,77973359,77979766,77979766,78127019
04-control,2,96,77973359,77980854,77980854,78126400
04-control,2,97,77973359,77981165,77981165,78128102
04-control,2,98,77973359,77981306,77981306,78102870
04-control,2,99,77973359,77981855,77981855,78128125
04-control,2,100,77973359,77979994,77979994,78101769
04-control,2,101,77973359,77980163,77980163,78127571
04-control,2,102,77973359,77980592,77980592,78127621
04-control,2,103,77973359,77982865,77982865,78128405
04-control,2,104,77973359,77979498,77979498,78125446
04-control,2,105,77973359,77982478,77982478,78128705
04-control,2,106,77973359,77979542,77979542,78101378
04-control,2,107,77973359,77980157,77980157,78127202
04-control,2,108,77973359,77980032,77980032,78127045
04-control,2,109,77973359,77980771,77980771,78127623
04-control,2,110,77973359,77982459,77982459,78129354
04-control,2,111,77973359,77980106,77980106,78127033
04-control,2,112,77973359,77981289,77981289,78127862
04-control,2,113,77973359,77981082,77981082,78102679
04-control,2,114,77973359,77981820,77981820,78127880
04-control,2,115,77973359,77981823,77981823,78103362
04-control,2,116,77973359,77982366,77982366,78128683
04-control,2,117,77973359,77981812,77981812,78128090
04-control,2,118,77973359,77979416,77979416,78125598
04-control,2,119,77973359,77981409,77981409,78102921
04-control,2,120,77973359,77981474,77981474,78127846
04-control,2,121,77973359,77981469,77981469,78102970
04-control,2,122,77973359,77979722,77979722,78127782
04-control,2,123,77973359,77982690,77982690,78104002
04-control,2,124,77973359,77982791,77982791,78104092
04-control,2,125,77973359,77980288,77980288,78127188
04-control,2,126,77973359,77981773,77981773,78127988
04-control,2,127,77973359,77982427,77982427,78128677
04-control,2,128,77973359,77979550,77979550,78101409
04-control,2,129,77973359,77981722,77981722,78103247
04-control,2,130,77973359,77981696,77981696,78103224
04-control,2,131,77973359,77981049,77981049,78127753
04-control,2,132,77973359,77979545,77979545,78125426
04-control,2,133,77973359,77980735,77980735,78102423
04-control,2,134,77973359,77980973,77980973,78127958
04-control,2,135,77973359,77979892,77979892,78127569
04-control,2,136,77973359,77979465,77979465,78101298
04-control,2,137,77973359,77982844,77982844,78128539
04-control,2,138,77973359,77980779,77980779,78102432
04-control,2,139,77973359,77980169,77980169,78127725
04-control,2,140,77973359,77980596,77980596,78127303
04-control,2,141,77973359,77980407,77980407,78126605
04-control,2,142,77973359,77982655,77982655,78128516
04-control,2,143,77973359,77980832,77980832,78102454
04-control,2,144,77973359,77982771,77982771,78128624
04-control,2,145,77973359,77981042,77981042,78128100
04-control,2,146,77973359,77982633,77982633,78103946
04-control,2,147,77973359,77981279,77981279,78102844
04-control,2,148,77973359,77979587,77979587,78125612
04-control,2,149,77973359,77982789,77982789,78104088
04-control,2,150,77973359,77983111,77983111,78129343
04-control,2,151,77973359,77981059,77981059,78128064
04-control,2,152,77973359,77979943,77979943,78127600
04-control,2,153,77973359,77980961,77980961,78102558
04-control,2,154,77973359,77979815,77979815,78127496
04-control,2,155,77973359,77982480,77982480,78128626
04-control,2,156,77973359,77980997,77980997,78128062
04-control,2,157,77973359,77982428,77982428,78128649
04-control,2,158,77973359,77980548,77980548,78102214
04-control,2,159,77973359,77979970,77979970,78127608
04-control,2,160,77973359,77982591,77982591,78103929
04-control,2,161,77973359,77982111,77982111,78103573
04-control,2,162,77973359,77980428,77980428,78102121
04-control,2,163,77973359,77980681,77980681,78102352
04-control,2,164,77973359,77979892,77979892,78127731
04-control,2,165,77973359,77982144,77982144,78128111
04-control,2,166,77973359,77980732,77980732,78102381
04-control,2,167,77973359,77979525,77979525,78125635
04-control,2,168,77973359,77980657,77980657,78102307
04-control,2,169,77973359,77981625,77981625,78127670
04-control,2,170,77973359,77980149,77980149,78101917
04-control,2,171,77973359,77982711,77982711,78104020
04-control,2,172,77973359,77979697,77979697,78101544
04-control,2,173,77973359,77981270,77981270,78128090
04-control,2,174,77973359,77983062,77983062,78104354
04-control,2,175,77973359,77982024,77982024,78127894
04-control,2,176,77973359,77980586,77980586,78127324
04-control,2,177,77973359,77980730,77980730,78126384
04-control,2,178,77973359,77982145,77982145,78103583
04-control,2,179,77973359,77979546,77979546,78125559
04-control,2,180,77973359,77981640,77981640,78103162
04-control,2,181,77973359,77979721,77979721,78101553
04-control,2,182,77973359,77980436,77980436,78127722
04-control,2,183,77973359,77979894,77979894,78126944
04-control,2,184,77973359,77982251,77982251,78103733
04-control,2,185,77973359,77981714,77981714,78103218
04-control,2,186,77973359,77981318,77981318,78128068
04-control,2,187,77973359,77981710,77981710,78128186
04-control,2,188,77973359,77979809,77979809,78127361
04-control,2,189,77973359,77980448,77980448,78127325
04-control,2,190,77973359,77980058,77980058,78127626
04-control,2,191,77973359,77980916,77980916,78102516
04-control,2,192,77973359,77980263,77980263,78126816
04-control,2,193,77973359,77981883,77981883,78127735
04-control,2,194,77973359,77979985,77979985,78101797
04-control,2,195,77973359,77980352,77980352,78127347
04-control,2,196,77973359,77982993,77982993,78104254
04-control,2,197,77973359,77981337,77981337,78102886
04-control,2,198,77973359,77982271,77982271,78103748
04-control,2,199,77973359,77981717,77981717,78103235
04-control,2,200,77973359,77980393,77980393,78126655
04-control,2,201,77973359,77981156,77981156,78127745
04-control,2,202,77973359,77981404,77981404,78102911
04-control,2,203,77973359,77979610,77979610,78125253
04-control,2,204,77973359,77982999,77982999,78129341
04-control,2,205,77973359,77983167,77983167,78128514
04-control,2,206,77973359,77980091,77980091,78127435
04-control,2,207,77973359,77982842,77982842,78128620
04-control,2,208,77973359,77982197,77982197,78127757
04-control,2,209,77973359,77980378,77980378,78127241
04-control,2,210,77973359,77982134,77982134,78127700
04-control,2,211,77973359,77980406,77980406,78127552
04-control,2,212,77973359,77979432,77979432,78101331
04-control,2,213,77973359,77981936,77981936,78127782
04-control,2,214,77973359,77982568,77982568,78128650
04-control,2,215,77973359,77979768,77979768,78127626
04-control,2,216,77973359,77979762,77979762,78127372
04-control,2,217,77973359,77982160,77982160,78128016
04-control,2,218,77973359,77979846,77979846,78127717
04-control,2,219,77973359,77979975,77979975,78127471
04-control,2,220,77973359,77981123,77981123,78127984
04-control,2,221,77973359,77980703,77980703,78102354
04-control,2,222,77973359,77982828,77982828,78104109
04-control,2,223,77973359,77982792,77982792,78128635
04-control,2,224,77973359,77982082,77982082,78127962
04-control,2,225,77973359,77981641,77981641,78127664
04-control,2,226,77973359,77981876,77981876,78128118
04-control,2,227,77973359,77980102,77980102,78127385
04-control,2,228,77973359,77980156,77980156,78101889
04-control,2,229,77973359,77980307,77980307,78102015
04-control,2,230,77973359,77980804,77980804,78127051
04-control,2,231,77973359,77979654,77979654,78127859
04-control,2,232,77973359,77980451,77980451,78127401
04-control,2,233,77973359,77982321,77982321,78128675
04-control,2,234,77973359,77982348,77982348,78128564
04-control,2,235,77973359,77981736,77981736,78103247
04-control,2,236,77973359,77982303,77982303,78128351
04-control,2,237,77973359,77982858,77982858,78104155
04-control,2,238,77973359,77980646,77980646,78126552
04-control,2,239,77973359,77981658,77981658,78128013
04-control,2,240,77973359,77982506,77982506,78128682
04-control,2,241,77973359,77982478,77982478,78103856
04-control,2,242,77973359,77980350,77980350,78127529
04-control,2,243,77973359,77980744,77980744,78102416
04-control,2,244,77973359,77980802,77980802,78102447
04-control,2,245,77973359,77980495,77980495,78102196
04-control,2,246,77973359,77981345,77981345,78102878
04-control,2,247,77973359,77980939,77980939,78102538
04-control,2,248,77973359,77981374,77981374,78102904
04-control,2,249,77973359,77982738,77982738,78104053
04-control,2,250,77973359,77981485,77981485,78127801
04-control,2,251,77973359,77981695,77981695,78103213
04-control,2,252,77973359,77979922,77979922,78127456
04-control,2,253,77973359,77981904,77981904,78128093
04-control,2,254,77973359,77981136,77981136,78102710
04-control,2,255,77973359,77980975,77980975,78127934
04-control,2,256,77973359,77980758,77980758,78102407
04-control,2,257,77973359,77981644,77981644,78103158
04-control,2,258,77973359,77979489,77979489,78136226
04-control,2,259,77973359,77980229,77980229,78127513
04-control,2,260,77973359,77979548,77979548,78125531
04-control,2,261,77973359,77982108,77982108,78103588
04-control,2,262,77973359,77982719,77982719,78104026
04-control,2,263,77973359,77981749,77981749,78103268
04-control,2,264,77973359,77979644,77979644,78101496
04-control,2,265,77973359,77982193,77982193,78127858
04-control,2,266,77973359,77981192,77981192,78128057
04-control,2,267,77973359,77982560,77982560,78103908
04-control,2,268,77973359,77982873,77982873,78104189
04-control,2,269,77973359,77981325,77981325,78102852
04-control,2,270,77973359,77981243,77981243,78128006
04-control,2,271,77973359,77979715,77979715,78126977
04-control,2,272,77973359,77982124,77982124,78103588
04-control,2,273,77973359,77982053,77982053,78128066
04-control,2,274,77973359,77979825,77979825,78127339
04-control,2,275,77973359,77980362,77980362,78127295
04-control,2,276,77973359,77980406,77980406,78127420
04-control,2,277,77973359,77980859,77980859,78102478
04-control,2,278,77973359,77979388,77979388,78101343
04-control,2,279,77973359,77979977,77979977,78127537
04-control,2,280,77973359,77981349,77981349,78102881
04-control,2,281,77973359,77979819,77979819,78101646
04-control,2,282,77973359,77982114,77982114,78128036
04-control,2,283,77973359,77981023,77981023,78127984
04-control,2,284,77973359,77983042,77983042,78128671
04-control,2,285,77973359,77983050,77983050,78128585
04-control,2,286,77973359,77982948,77982948,78104226
04-control,2,287,77973359,77981241,77981241,78127906
04-control,2,288,77973359,77979918,77979918,78127040
04-control,2,289,77973359,77979429,77979429,78125305
04-control,2,290,77973359,77979735,77979735,78127224
04-control,2,291,77973359,77981553,77981553,78103058
04-control,2,292,77973359,77980024,77980024,78101815
04-control,2,293,77973359,77979534,77979534,78101360
04-control,2,294,77973359,77982345,77982345,78128703
04-control,2,295,77973359,77979850,77979850,78127924
04-control,2,296,77973359,77981212,77981212,78128098
04-control,2,297,77973359,77980243,77980243,78126764
04-control,2,298,77973359,77980773,77980773,78127722
04-control,2,299,77973359,77980542,77980542,78127393
04-control,2,300,77973359,77982133,77982133,78103605
04-control,2,301,77973359,77983115,77983115,78128427
04-control,2,302,77973359,77981629,77981629,78103136
04-control,2,303,77973359,77983041,77983041,78104315
04-control,2,304,77973359,77981021,77981021,78127871
04-control,2,305,77973359,77982864,77982864,78128597
04-control,2,306,77973359,77981982,77981982,78127773
04-control,2,307,77973359,77981243,77981243,78128119
04-control,2,308,77973359,77982075,77982075,78103556
04-control,2,309,77973359,77979795,77979795,78127488
04-control,2,310,77973359,77980998,77980998,78128056
04-control,2,311,77973359,77980728,77980728,78102396
04-control,2,312,77973359,77983027,77983027,78128655
04-control,2,313,77973359,77982013,77982013,78127990
04-control,2,314,77973359,77983124,77983124,78128391
04-control,2,315,77973359,77983122,77983122,78129409
04-control,2,316,77973359,77980655,77980655,78127283
04-control,2,317,77973359,77982228,77982228,78128060
04-control,2,318,77973359,77980123,77980123,78127310
04-control,2,319,77973359,77981438,77981438,78102948
04-control,2,320,77973359,77983088,77983088,78104342
04-control,2,321,77973359,77981992,77981992,78127971
04-control,2,322,77973359,77982213,77982213,78127786
04-control,2,323,77973359,77981774,77981774,78127441
04-control,2,324,77973359,77980917,77980917,78128043
04-control,2,325,77973359,77980592,77980592,78127377
04-control,2,326,77973359,77981558,77981558,78127614
04-control,2,327,77973359,77982885,77982885,78104193
04-control,2,328,77973359,77982838,77982838,78128359
04-control,2,329,77973359,77980121,77980121,78127857
04-control,2,330,77973359,77981250,77981250,78128083
04-control,2,331,77973359,77980667,77980667,78102331
04-control,2,332,77973359,77981170,77981170,78102721
04-control,2,333,77973359,77980451,77980451,78102171
04-control,2,334,77973359,77981581,77981581,78128128
04-control,2,335,77973359,77982338,77982338,78128542
04-control,2,336,77973359,77982933,77982933,78104220
04-control,2,337,77973359,77981669,77981669,78127688
04-control,2,338,77973359,77981753,77981753,78127854
04-control,2,339,77973359,77982940,77982940,78104208
04-control,2,340,77973359,77979514,77979514,78125580
04-control,2,341,77973359,77980416,77980416,78126602
04-control,2,342,77973359,77981489,77981489,78127705
04-control,2,343,77973359,77980833,77980833,78127405
04-control,2,344,77973359,77980457,77980457,78127403
04-control,2,345,77973359,77982383,77982383,78128681
04-control,2,346,77973359,77979653,77979653,78127157
04-control,2,347,77973359,77981760,77981760,78127886
04-control,2,348,77973359,77982708,77982708,78128571
04-control,2,349,77973359,77981402,77981402,78127692
04-control,2,350,77973359,77981971,77981971,78128086
04-control,2,351,77973359,77982027,77982027,78127989
04-control,2,352,77973359,77983103,77983103,78104357
04-control,2,353,77973359,77980353,77980353,78126709
04-control,2,354,77973359,77981450,77981450,78128133
04-control,2,355,77973359,77982054,77982054,78127672
04-control,2,356,77973359,77980672,77980672,78102340
04-control,2,357,77973359,77980168,77980168,78127645
04-control,2,358,77973359,77979458,77979458,78101247
04-control,2,359,77973359,77979531,77979531,78101275
04-control,2,360,77973359,77979954,77979954,78127667
04-control,2,361,77973359,77981944,77981944,78128122
04-control,2,362,77973359,77979467,77979467,78125445
04-control,2,363,77973359,77982765,77982765,78129381
04-control,2,364,77973359,77981585,77981585,78127867
04-control,2,365,77973359,77982533,77982533,78128547
04-control,2,366,77973359,77980131,77980131,78126981
04-control,2,367,77973359,77981541,77981541,78128129
04-control,2,368,77973359,77980943,77980943,78127867
04-control,2,369,77973359,77980723,77980723,78127275
04-control,2,370,77973359,77982398,77982398,78103826
04-control,2,371,77973359,77982118,77982118,78127768
04-control,2,372,77973359,77981424,77981424,78127835
04-control,2,373,77973359,77979935,77979935,78127563
04-control,2,374,77973359,77982238,77982238,78103696
04-control,2,375,77973359,77980252,77980252,78127523
04-control,2,376,77973359,77982433,77982433,78103848
04-control,2,377,77973359,77981265,77981265,78102852
04-control,2,378,77973359,77979660,77979660,78101469
04-control,2,379,77973359,77981520,77981520,78127999
04-control,2,380,77973359,77979518,77979518,78101325
04-control,2,381,77973359,77979471,77979471,78101356
04-control,2,382,77973359,77980045,77980045,78127629
04-control,2,383,77973359,77980948,77980948,78127795
04-control,2,384,77973359,77982975,77982975,78104235
04-control,2,385,77973359,77982655,77982655,78103978
04-control,2,386,77973359,77982602,77982602,78128440
04-control,2,387,77973359,77981949,77981949,78128002
04-control,2,388,77973359,77982600,77982600,78129400
04-control,2,389,77973359,77979717,77979717,78127031
04-control,2,390,77973359,77981555,77981555,78127664
04-control,2,391,77973359,77980059,77980059,78127457
04-control,2,392,77973359,77979849,77979849,78127929
04-control,2,393,77973359,77981536,77981536,78103037
04-control,2,394,77973359,77983168,77983168,78129407
04-control,2,395,77973359,77983150,77983150,78128480
04-control,2,396,77973359,77980606,77980606,78127538
04-control,2,397,77973359,77981828,77981828,78103360
04-control,2,398,77973359,77980799,77980799,78127643
04-control,2,399,77973359,77981041,77981041,78127787
04-control,2,400,77973359,77979459,77979459,78101287
04-control,2,401,77973359,77979701,77979701,78127037
04-control,2,402,77973359,77980858,77980858,78126494
04-control,2,403,77973359,77979861,77979861,78101685
04-control,2,404,77973359,77979630,77979630,78125511
04-control,2,405,77973359,77979506,77979506,78125636
04-control,2,406,77973359,77979858,77979858,78101693
04-control,2,407,77973359,77981928,77981928,78127461
04-control,2,408,77973359,77979737,77979737,78101570
04-control,2,409,77973359,77979464,77979464,78125567
04-control,2,410,77973359,77980014,77980014,78127455
04-control,2,411,77973359,77980822,77980822,78102450
04-control,2,412,77973359,77981680,77981680,78103208
04-control,2,413,77973359,77982544,77982544,78128604
04-control,2,414,77973359,77980194,77980194,78126871
04-control,2,415,77973359,77981846,77981846,78127552
04-control,2,416,77973359,77981513,77981513,78128011
04-control,2,417,77973359,77981412,77981412,78102926
04-control,2,418,77973359,77982997,77982997,78104273
04-control,2,419,77973359,77981092,77981092,78128081
04-control,2,420,77973359,77981500,77981500,78127881
04-control,2,421,77973359,77982945,77982945,78128499
04-control,2,422,77973359,77982256,77982256,78103741
04-control,2,423,77973359,77980630,77980630,78127320
04-control,2,424,77973359,77980578,77980578,78102243
04-control,2,425,77973359,77980704,77980704,78127488
04-control,2,426,77973359,77983011,77983011,78104279
04-control,2,427,77973359,77980890,77980890,78127913
04-control,2,428,77973359,77979835,77979835,78127791
04-control,2,429,77973359,77980019,77980019,78127532
04-control,2,430,77973359,77982224,77982224,78127795
04-control,2,431,77973359,77979941,77979941,78127026
04-control,2,432,77973359,77982886,77982886,78104205
04-control,2,433,77973359,77981363,77981363,78127897
04-control,2,434,77973359,77980305,77980305,78127550
04-control,2,435,77973359,77981040,77981040,78128009
04-control,2,436,77973359,77982664,77982664,78103982
04-control,2,437,77973359,77983139,77983139,78129381
04-control,2,438,77973359,77982348,77982348,78128605
04-control,2,439,77973359,77981650,77981650,78103158
04-control,2,440,77973359,77982526,77982526,78103876
04-control,2,441,77973359,77982746,77982746,78104064
04-control,2,442,77973359,77980283,77980283,78126712
04-control,2,443,77973359,77982204,77982204,78103676
04-control,2,444,77973359,77982800,77982800,78104119
04-control,2,445,77973359,77979494,77979494,78101361
04-control,2,446,77973359,77980075,77980075,78127552
04-control,2,447,77973359,77979546,77979546,78125575
04-control,2,448,77973359,77979735,77979735,78127706
04-control,2,449,77973359,77982702,77982702,78128688
04-control,2,450,77973359,77980555,77980555,78127266
04-control,2,451,77973359,77980340,77980340,78127478
04-control,2,452,77973359,77979912,77979912,78127667
04-control,2,453,77973359,77980362,77980362,78102066
04-control,2,454,77973359,77980669,77980669,78127605
04-control,2,455,77973359,77980395,77980395,78127433
04-control,2,456,77973359,77979526,77979526,78125639
04-control,2,457,77973359,77980888,77980888,78102501
04-control,2,458,77973359,77981534,77981534,78128133
04-control,2,459,77973359,77979657,77979657,78127007
04-control,2,460,77973359,77982016,77982016,78127953
04-control,2,461,77973359,77981287,77981287,78102838
04-control,2,462,77973359,77983047,77983047,78128624
04-control,2,463,77973359,77981933,77981933,78127897
04-control,2,464,77973359,77980025,77980025,78127496
04-control,2,465,77973359,77981194,77981194,78102759
04-control,2,466,77973359,77982573,77982573,78129326
04-control,2,467,77973359,77980066,77980066,78101839
04-control,2,468,77973359,77981217,77981217,78102759
04-control,2,469,77973359,77982072,77982072,78103561
04-control,2,470,77973359,77980237,77980237,78126870
04-control,2,471,77973359,77982368,77982368,78128560
04-control,2,472,77973359,77981196,77981196,78127958
04-control,2,473,77973359,77979523,77979523,78101320
04-control,2,474,77973359,77981813,77981813,78103328
04-control,2,475,77973359,77979880,77979880,78127798
04-control,2,476,77973359,77982764,77982764,78104068
04-control,2,477,77973359,77980259,77980259,78127398
04-control,2,478,77973359,77981269,77981269,78127875
04-control,2,479,77973359,77980751,77980751,78127802
04-control,2,480,77973359,77982977,77982977,78104241
04-control,2,481,77973359,77982748,77982748,78104055
04-control,2,482,77973359,77981348,77981348,78127829
04-control,2,483,77973359,77980964,77980964,78128087
04-control,2,484,77973359,77980006,77980006,78127671
04-control,2,485,77973359,77980523,77980523,78102227
04-control,2,486,77973359,77982585,77982585,78103920
04-control,2,487,77973359,77980613,77980613,78127425
04-control,2,488,77973359,77981671,77981671,78103182
04-control,2,489,77973359,77980519,77980519,78127731
04-control,2,490,77973359,77980719,77980719,78102365
04-control,2,491,77973359,77981952,77981952,78128129
04-control,2,492,77973359,77979746,77979746,78126953
04-control,2,493,77973359,77982411,77982411,78103823
04-control,2,494,77973359,77980168,77980168,78127792
04-control,2,495,77973359,77981356,77981356,78102873
04-control,2,496,77973359,77982505,77982505,78128419
04-control,2,497,77973359,77983081,77983081,78128659
04-control,2,498,77973359,77981096,77981096,78127920
04-control,2,499,77973359,77982821,77982821,78104120
04-control,2,500,77973359,77981469,77981469,78128110
04-control,2,501,77973359,77982677,77982677,78103989
04-control,2,502,77973359,77982375,77982375,78103800
04-control,2,503,77973359,77979497,77979497,78101356
04-control,2,504,77973359,77981161,77981161,78102709
04-control,2,505,77973359,77982969,77982969,78128604
04-control,2,506,77973359,77982499,77982499,78103872
04-control,2,507,77973359,77979674,77979674,78126989
04-control,2,508,77973359,77981999,77981999,78103500
04-control,2,509,77973359,77980852,77980852,78102475
04-control,2,510,77973359,77980465,77980465,78102160
04-control,2,511,77973359,77983155,77983155,78128551
04-control,2,512,77973359,77979517,77979517,78101341
04-control,2,513,77973359,77982765,77982765,78128516
04-control,2,514,77973359,77981957,77981957,78127826
04-control,2,515,77973359,77979670,77979670,78101515
04-control,2,516,77973359,77982733,77982733,78104048
04-control,2,517,77973359,77983067,77983067,78104352
04-control,2,518,77973359,77981309,77981309,78102860
04-control,2,519,77973359,77982291,77982291,78128571
04-control,2,520,77973359,77981060,77981060,78102642
04-control,2,521,77973359,77979963,77979963,78126953
04-control,2,522,77973359,77981385,77981385,78128035
04-control,2,523,77973359,77982148,77982148,78127840
04-control,2,524,77973359,77982821,77982821,78128487
04-control,2,525,77973359,77982385,77982385,78128530
04-control,2,526,77973359,77980030,77980030,78127475
04-control,2,527,77973359,77980576,77980576,78127211
04-control,2,528,77973359,77979561,77979561,78125353
04-control,2,529,77973359,77981470,77981470,78128025
04-control,2,530,77973359,77980331,77980331,78127594
04-control,2,531,77973359,77980917,77980917,78128012
04-control,2,532,77973359,77981322,77981322,78102867
04-control,2,533,77973359,77980263,77980263,78127465
04-control,2,534,77973359,77979497,77979497,78101357
04-control,2,535,77973359,77982223,77982223,78127728
04-control,2,536,77973359,77979852,77979852,78127644
04-control,2,537,77973359,77980945,77980945,78127704
04-control,2,538,77973359,77981982,77981982,78103480
04-control,2,539,77973359,77979513,77979513,78101321
04-control,2,540,77973359,77979870,77979870,78127863
04-control,2,541,77973359,77979471,77979471,78125402
04-control,2,542,77973359,77981772,77981772,78127859
04-control,2,543,77973359,77981843,77981843,78103376
04-control,2,544,77973359,77983090,77983090,78128413
04-control,2,545,77973359,77981794,77981794,78127934
04-control,2,546,77973359,77981763,77981763,78127989
04-control,2,547,77973359,77982972,77982972,78104252
04-control,2,548,77973359,77983022,77983022,78129396
04-control,2,549,77973359,77983163,77983163,78128584
04-control,2,550,77973359,77979671,77979671,78126979
04-control,2,551,77973359,77981609,77981609,78127809
04-control,2,552,77973359,77981067,77981067,78128067
04-control,2,553,77973359,77983120,77983120,78128460
04-control,2,554,77973359,77982643,77982643,78103969
04-control,2,555,77973359,77980996,77980996,78127936
04-control,2,556,77973359,77980316,77980316,78126761
04-control,2,557,77973359,77979444,77979444,78125431
04-control,2,558,77973359,77980360,77980360,78126658
04-control,2,559,77973359,77982304,77982304,78103754
04-control,2,560,77973359,77982614,77982614,78103949
04-control,2,561,77973359,77982073,77982073,78127712
04-control,2,562,77973359,77983026,77983026,78128609
04-control,2,563,77973359,77981580,77981580,78128065
04-control,2,564,77973359,77982631,77982631,78103957
04-control,2,565,77973359,77980628,77980628,78126547
04-control,2,566,77973359,77979653,77979653,78126924
04-control,2,567,77973359,77980497,77980497,78127775
04-control,2,568,77973359,77981149,77981149,78128013
04-control,2,569,77973359,77981530,77981530,78127823
04-control,2,570,77973359,77979779,77979779,78127549
04-control,2,571,77973359,77980917,77980917,78127817
04-control,2,572,77973359,77982155,77982155,78127615
04-control,2,573,77973359,77979866,77979866,78127592
04-control,2,574,77973359,77980285,77980285,78127553
04-control,2,575,77973359,77980194,77980194,78127512
04-control,2,576,77973359,77982389,77982389,78128454
04-control,2,577,77973359,77979540,77979540,78125557
04-control,2,578,77973359,77979518,77979518,78101364
04-control,2,579,77973359,77980202,77980202,78126818
04-control,2,580,77973359,77981375,77981375,78102887
04-control,2,581,77973359,77979964,77979964,78101785
04-control,2,582,77973359,77980200,77980200,78127009
04-control,2,583,77973359,77982157,77982157,78127949
04-control,2,584,77973359,77982892,77982892,78128639
04-control,2,585,77973359,77979442,77979442,78125462
04-control,2,586,77973359,77981001,77981001,78128050
04-control,2,587,77973359,77980395,77980395,78127730
04-control,2,588,77973359,77982634,77982634,78103968
04-control,2,589,77973359,77982327,77982327,78128676
04-control,2,590,77973359,77981099,77981099,78102689
04-control,2,591,77973359,77979768,77979768,78126970
04-control,2,592,77973359,77982256,77982256,78103748
04-control,2,593,77973359,77982556,77982556,78128495
04-control,2,594,77973359,77980788,77980788,78126443
04-control,2,595,77973359,77979487,77979487,78125612
04-control,2,596,77973359,77980831,77980831,78127301
04-control,2,597,77973359,77982268,77982268,78103721
04-control,2,598,77973359,77982658,77982658,78103972
04-control,2,599,77973359,77979617,77979617,78125643
04-control,2,600,77973359,77981443,77981443,78102984
04-control,2,601,77973359,77981874,77981874,78103386
04-control,2,602,77973359,77982033,77982033,78127934
04-control,2,603,77973359,77980650,77980650,78127225
04-control,2,604,77973359,77979569,77979569,78125662
04-control,2,605,77973359,77979719,77979719,78101555
04-control,2,606,77973359,77982216,77982216,78127839
04-control,2,607,77973359,77982903,77982903,78104185
04-control,2,608,77973359,77981755,77981755,78103284
04-control,2,609,77973359,77980223,77980223,78126926
04-control,2,610,77973359,77981783,77981783,78127922
04-control,2,611,77973359,77982635,77982635,78128618
04-control,2,612,77973359,77979555,77979555,78125369
04-control,2,613,77973359,77980374,77980374,78102092
04-control,2,614,77973359,77980046,77980046,78127234
04-control,2,615,77973359,77981297,77981297,78102827
04-control,2,616,77973359,77981617,77981617,78127913
04-control,2,617,77973359,77979409,77979409,78125511
04-control,2,618,77973359,77981078,77981078,78102667
04-control,2,619,77973359,77982741,77982741,78104050
04-control,2,620,77973359,77982404,77982404,78128467
04-control,2,621,77973359,77981011,77981011,78128044
04-control,2,622,77973359,77980581,77980581,78127359
04-control,2,623,77973359,77981965,77981965,78127973
04-control,2,624,77973359,77982537,77982537,78103896
04-control,2,625,77973359,77981603,77981603,78103152
04-control,2,626,77973359,77982913,77982913,78104209
04-control,2,627,77973359,77979619,77979619,78125510
04-control,2,628,77973359,77979645,77979645,78101518
04-control,2,629,77973359,77979640,77979640,78125308
04-control,2,630,77973359,77980470,77980470,78102196
04-control,2,631,77973359,77979873,77979873,78127668
04-control,2,632,77973359,77981114,77981114,78102689
04-control,2,633,77973359,77981377,77981377,78102906
04-control,2,634,77973359,77980333,77980333,78102040
04-control,2,635,77973359,77982231,77982231,78127935
04-control,2,636,77973359,77981584,77981584,78127610
04-control,2,637,77973359,77980635,77980635,78127539
04-control,2,638,77973359,77982501,77982501,78128569
04-control,2,639,77973359,77981024,77981024,78128128
04-control,2,640,77973359,77980585,77980585,78127704
04-control,2,641,77973359,77980543,77980543,78102241
04-control,2,642,77973359,77979555,77979555,78136248
04-control,2,643,77973359,77982673,77982673,78103996
04-control,2,644,77973359,77979613,77979613,78125326
04-control,2,645,77973359,77981185,77981185,78102731
04-control,2,646,77973359,77983092,77983092,78128418
04-control,2,647,77973359,77980747,77980747,78102424
04-control,2,648,77973359,77979458,77979458,78125453
04-control,2,649,77973359,77982444,77982444,78129386
04-control,2,650,77973359,77981609,77981609,78127794
04-control,2,651,77973359,77981610,77981610,78103104
04-control,2,652,77973359,77982315,77982315,78103761
04-control,2,653,77973359,77982415,77982415,78129351
04-control,2,654,77973359,77981906,77981906,78127706
04-control,2,655,77973359,77979701,77979701,78101529
04-control,2,656,77973359,77980523,77980523,78102219
04-control,2,657,77973359,77980523,77980523,78102235
04-control,2,658,77973359,77981444,77981444,78127864
04-control,2,659,77973359,77982587,77982587,78128541
04-control,2,660,77973359,77979453,77979453,78101290
04-control,2,661,77973359,77982957,77982957,78128623
04-control,2,662,77973359,77982283,77982283,78103755
04-control,2,663,77973359,77980655,77980655,78127778
04-control,2,664,77973359,77982537,77982537,78129409
04-control,2,665,77973359,77980476,77980476,78127629
04-control,2,666,77973359,77980889,77980889,78102504
04-control,2,667,77973359,77981615,77981615,78103134
04-control,2,668,77973359,77979443,77979443,78101323
04-control,2,669,77973359,77980428,77980428,78127379
04-control,2,670,77973359,77981885,77981885,78127939
04-control,2,671,77973359,77983206,77983206,78128486
04-control,2,672,77973359,77980494,77980494,78102186
04-control,2,673,77973359,77981113,77981113,78128048
04-control,2,674,77973359,77981173,77981173,78128148
04-control,2,675,77973359,77980216,77980216,78127346
04-control,2,676,77973359,77981669,77981669,78103187
04-control,2,677,77973359,77981226,77981226,78127688
04-control,2,678,77973359,77981921,77981921,78103440
04-control,2,679,77973359,77980099,77980099,78127463
04-control,2,680,77973359,77980684,77980684,78126498
04-control,2,681,77973359,77979592,77979592,78125534
04-control,2,682,77973359,77982725,77982725,78104037
04-control,2,683,77973359,77981798,77981798,78128135
04-control,2,684,77973359,77981544,77981544,78127933
04-control,2,685,77973359,77979424,77979424,78101310
04-control,2,686,77973359,77981902,77981902,78127927
04-control,2,687,77973359,77981899,77981899,78103403
04-control,2,688,77973359,77981696,77981696,78127763
04-control,2,689,77973359,77981852,77981852,78127851
04-control,2,690,77973359,77979890,77979890,78127603
04-control,2,691,77973359,77982821,77982821,78104122
04-control,2,692,77973359,77982440,77982440,78128666
04-control,2,693,77973359,77985175,77985175,78104209
04-control,2,694,77973359,77997180,77997180,78108278
04-control,2,695,77973359,78017197,78017197,78120254
04-control,2,696,77973359,77981485,77981485,78139254
04-control,2,697,77973359,77982919,77982919,78119406
04-control,2,698,77973359,77981211,77981211,78102741
04-control,2,699,77973359,77982275,77982275,78107328
04-control,3,50,107956925,108088101,108088101,108219204
04-control,3,51,107956925,108088467,108088467,108219596
04-control,3,52,107956925,108086876,108086876,108217886
04-control,3,53,107956925,108085846,108085846,108216814
04-control,3,54,107956925,108086070,108086070,108217085
04-control,3,55,107956925,108086767,108086767,108217778
04-control,3,56,107956925,108086765,108086765,108217780
04-control,3,57,107956925,108086722,108086722,108217731
04-control,3,58,107956925,108087598,108087598,108218636
04-control,3,59,107956925,108086943,108086943,108217961
04-control,3,60,107956925,108088201,108088201,108219278
04-control,3,61,107956925,108085499,108085499,108216402
04-control,3,62,107956925,108085687,108085687,108229582
04-control,3,63,107956925,108086834,108086834,108217831
04-control,3,64,107956925,108087524,108087524,108218559
04-control,3,65,107956925,108087713,108087713,108218770
04-control,3,66,107956925,108085641,108085641,108229445
04-control,3,67,107956925,108086579,108086579,108217634
04-control,3,68,107956925,108085551,108085551,108216437
04-control,3,69,107956925,108088496,108088496,108219636
04-control,3,70,107956925,108087717,108087717,108218778
04-control,3,71,107956925,108085737,108085737,108216687
04-control,3,72,107956925,108086607,108086607,108217655
04-control,3,73,107956925,108086236,108086236,108217279
04-control,3,74,107956925,108085996,108085996,108216970
04-control,3,75,107956925,108085856,108085856,108216873
04-control,3,76,107956925,108086197,108086197,108217240
04-control,3,77,107956925,108088069,108088069,108219148
04-control,3,78,107956925,108086053,108086053,108217034
04-control,3,79,107956925,108087276,108087276,108218290
04-control,3,80,107956925,108087059,108087059,108218066
04-control,3,81,107956925,108088571,108088571,108219731
04-control,3,82,107956925,108086525,108086525,108229580
04-control,3,83,107956925,108088405,108088405,108219513
04-control,3,84,107956925,108087854,108087854,108218912
04-control,3,85,107956925,108087201,108087201,108218203
04-control,3,86,107956925,108085734,108085734,108216701
04-control,3,87,107956925,108086200,108086200,108217209
04-control,3,88,107956925,108088234,108088234,108219371
04-control,3,89,107956925,108087826,108087826,108218886
04-control,3,90,107956925,108086042,108086042,108217034
04-control,3,91,107956925,108085517,108085517,108216419
04-control,3,92,107956925,108086094,108086094,108217115
04-control,3,93,107956925,108087958,108087958,108219029
04-control,3,94,107956925,108088366,108088366,108219486
04-control,3,95,107956925,108085803,108085803,108216783
04-control,3,96,107956925,108086739,108086739,108217745
04-control,3,97,107956925,108086972,108086972,108217985
04-control,3,98,107956925,108087093,108087093,108218094
04-control,3,99,107956925,108087574,108087574,108218609
04-control,3,100,107956925,108086027,108086027,108217009
04-control,3,101,107956925,108086168,108086168,108217192
04-control,3,102,107956925,108086501,108086501,108217557
04-control,3,103,107956925,108088411,108088411,108219540
04-control,3,104,107956925,108085626,108085626,108216504
04-control,3,105,107956925,108088068,108088068,108219168
04-control,3,106,107956925,108085667,108085667,108229771
04-control,3,107,107956925,108086152,108086152,108217186
04-control,3,108,107956925,108086065,108086065,108217063
04-control,3,109,107956925,108086677,108086677,108217687
04-control,3,110,107956925,108088052,108088052,108219144
04-control,3,111,107956925,108086120,108086120,108217133
04-control,3,112,107956925,108087073,108087073,108218082
04-control,3,113,107956925,108086912,108086912,108217938
04-control,3,114,107956925,108087537,108087537,108218573
04-control,3,115,107956925,108087542,108087542,108218579
04-control,3,116,107956925,108087998,108087998,108219055
04-control,3,117,107956925,108087542,108087542,108218564
04-control,3,118,107956925,108085579,108085579,108229680
04-control,3,119,107956925,108087160,108087160,108218177
04-control,3,120,107956925,108087218,108087218,108218233
04-control,3,121,107956925,108087223,108087223,108218221
04-control,3,122,107956925,108085752,108085752,108216743
04-control,3,123,107956925,108088249,108088249,108219394
04-control,3,124,107956925,108088343,108088343,108219459
04-control,3,125,107956925,108086248,108086248,108217305
04-control,3,126,107956925,108087513,108087513,108218524
04-control,3,127,107956925,108088042,108088042,108219103
04-control,3,128,107956925,108085651,108085651,108229681
04-control,3,129,107956925,108087492,108087492,108218485
04-control,3,130,107956925,108087463,108087463,108218462
04-control,3,131,107956925,108086899,108086899,108217910
04-control,3,132,107956925,108085657,108085657,108229369
04-control,3,133,107956925,108086629,108086629,108217672
04-control,3,134,107956925,108086823,108086823,108217830
04-control,3,135,107956925,108085894,108085894,108216915
04-control,3,136,107956925,108085576,108085576,108216403
04-control,3,137,107956925,108088404,108088404,108219527
04-control,3,138,107956925,108086700,108086700,108217699
04-control,3,139,107956925,108086162,108086162,108217208
04-control,3,140,107956925,108086521,108086521,108217564
04-control,3,141,107956925,108086354,108086354,108217410
04-control,3,142,107956925,108088233,108088233,108219355
04-control,3,143,107956925,108086721,108086721,108217729
04-control,3,144,107956925,108088338,108088338,108219445
04-control,3,145,107956925,108086888,108086888,108217896
04-control,3,146,107956925,108088208,108088208,108219306
04-control,3,147,107956925,108087075,108087075,108218076
04-control,3,148,107956925,108085693,108085693,108229543
04-control,3,149,107956925,108088348,108088348,108219460
04-control,3,150,107956925,108088589,108088589,108219743
04-control,3,151,107956925,108086899,108086899,108217907
04-control,3,152,107956925,108085917,108085917,108216951
04-control,3,153,107956925,108086817,108086817,108217823
04-control,3,154,107956925,108085830,108085830,108216822
04-control,3,155,107956925,108088077,108088077,108219166
04-control,3,156,107956925,108086846,108086846,108217859
04-control,3,157,107956925,108088049,108088049,108219108
04-control,3,158,107956925,108086452,108086452,108229689
04-control,3,159,107956925,108086018,108086018,108216992
04-control,3,160,107956925,108088190,108088190,108219264
04-control,3,161,107956925,108087760,108087760,108218819
04-control,3,162,107956925,108086390,108086390,108217429
04-control,3,163,107956925,108086586,108086586,108217625
04-control,3,164,107956925,108085888,108085888,108216918
04-control,3,165,107956925,108087802,108087802,108218867
04-control,3,166,107956925,108086625,108086625,108217662
04-control,3,167,107956925,108085669,108085669,108216471
04-control,3,168,107956925,108086545,108086545,108217610
04-control,3,169,107956925,108087371,108087371,108218400
04-control,3,170,107956925,108086134,108086134,108217181
04-control,3,171,107956925,108088280,108088280,108219391
04-control,3,172,107956925,108085762,108085762,108216723
04-control,3,173,107956925,108087056,108087056,108218067
04-control,3,174,107956925,108088576,108088576,108219731
04-control,3,175,107956925,108087710,108087710,108218765
04-control,3,176,107956925,108086481,108086481,108217554
04-control,3,177,107956925,108086592,108086592,108217642
04-control,3,178,107956925,108087767,108087767,108218829
04-control,3,179,107956925,108085650,108085650,108229319
04-control,3,180,107956925,108087370,108087370,108218403
04-control,3,181,107956925,108085768,108085768,108216748
04-control,3,182,107956925,108086389,108086389,108217430
04-control,3,183,107956925,108085916,108085916,108216927
04-control,3,184,107956925,108087886,108087886,108218950
04-control,3,185,107956925,108087494,108087494,108218468
04-control,3,186,107956925,108087109,108087109,108218108
04-control,3,187,107956925,108087484,108087484,108218471
04-control,3,188,107956925,108085805,108085805,108216811
04-control,3,189,107956925,108086384,108086384,108217435
04-control,3,190,107956925,108086080,108086080,108217106
04-control,3,191,107956925,108086783,108086783,108217800
04-control,3,192,107956925,108086226,108086226,108217266
04-control,3,193,107956925,108087590,108087590,108218616
04-control,3,194,107956925,108086009,108086009,108217015
04-control,3,195,107956925,108086286,108086286,108217342
04-control,3,196,107956925,108088507,108088507,108219649
04-control,3,197,107956925,108087114,108087114,108218120
04-control,3,198,107956925,108087895,108087895,108218964
04-control,3,199,107956925,108087482,108087482,108218486
04-control,3,200,107956925,108086337,108086337,108217382
04-control,3,201,107956925,108086983,108086983,108218000
04-control,3,202,107956925,108087157,108087157,108218176
04-control,3,203,107956925,108085706,108085706,108229279
04-control,3,204,107956925,108088509,108088509,108219650
04-control,3,205,107956925,108088658,108088658,108219811
04-control,3,206,107956925,108086096,108086096,108217122
04-control,3,207,107956925,108088390,108088390,108219512
04-control,3,208,107956925,108087825,108087825,108218888
04-control,3,209,107956925,108086320,108086320,108217378
04-control,3,210,107956925,108087779,108087779,108218838
04-control,3,211,107956925,108086349,108086349,108217400
04-control,3,212,107956925,108085539,108085539,108216414
04-control,3,213,107956925,108087629,108087629,108218681
04-control,3,214,107956925,108088132,108088132,108219230
04-control,3,215,107956925,108085805,108085805,108216787
04-control,3,216,107956925,108085774,108085774,108216773
04-control,3,217,107956925,108087810,108087810,108218872
04-control,3,218,107956925,108085855,108085855,108216862
04-control,3,219,107956925,108086035,108086035,108217005
04-control,3,220,107956925,108086953,108086953,108217971
04-control,3,221,107956925,108086602,108086602,108217638
04-control,3,222,107956925,108088363,108088363,108219496
04-control,3,223,107956925,108088343,108088343,108219463
04-control,3,224,107956925,108087759,108087759,108218804
04-control,3,225,107956925,108087371,108087371,108218410
04-control,3,226,107956925,108087607,108087607,108218629
04-control,3,227,107956925,108086115,108086115,108217125
04-control,3,228,107956925,108086169,108086169,108217167
04-control,3,229,107956925,108086254,108086254,108217299
04-control,3,230,107956925,108086697,108086697,108217723
04-control,3,231,107956925,108085683,108085683,108229460
04-control,3,232,107956925,108086394,108086394,108217446
04-control,3,233,107956925,108087955,108087955,108219026
04-control,3,234,107956925,108087981,108087981,108219037
04-control,3,235,107956925,108087453,108087453,108218486
04-control,3,236,107956925,108087925,108087925,108219009
04-control,3,237,107956925,108088411,108088411,108219530
04-control,3,238,107956925,108086551,108086551,108217588
04-control,3,239,107956925,108087381,108087381,108218428
04-control,3,240,107956925,108088097,108088097,108219185
04-control,3,241,107956925,108088071,108088071,108219166
04-control,3,242,107956925,108086293,108086293,108217339
04-control,3,243,107956925,108086676,108086676,108217676
04-control,3,244,107956925,108086707,108086707,108217720
04-control,3,245,107956925,108086417,108086417,108217485
04-control,3,246,107956925,108087110,108087110,108218118
04-control,3,247,107956925,108086797,108086797,108217809
04-control,3,248,107956925,108087146,108087146,108218158
04-control,3,249,107956925,108088302,108088302,108219401
04-control,3,250,107956925,108087255,108087255,108218245
04-control,3,251,107956925,108087475,108087475,108218453
04-control,3,252,107956925,108085909,108085909,108216954
04-control,3,253,107956925,108087625,108087625,108218649
04-control,3,254,107956925,108086956,108086956,108217970
04-control,3,255,107956925,108086828,108086828,108217842
04-control,3,256,107956925,108086673,108086673,108217694
04-control,3,257,107956925,108087374,108087374,108218414
04-control,3,258,107956925,108085526,108085526,108216433
04-control,3,259,107956925,108086217,108086217,108217264
04-control,3,260,107956925,108085656,108085656,108229502
04-control,3,261,107956925,108087776,108087776,108218827
04-control,3,262,107956925,108088275,108088275,108219400
04-control,3,263,107956925,108087507,108087507,108218503
04-control,3,264,107956925,108085734,108085734,108216681
04-control,3,265,107956925,108087839,108087839,108218911
04-control,3,266,107956925,108087003,108087003,108218010
04-control,3,267,107956925,108088134,108088134,108219238
04-control,3,268,107956925,108088410,108088410,108219546
04-control,3,269,107956925,108087115,108087115,108218119
04-control,3,270,107956925,108087026,108087026,108218033
04-control,3,271,107956925,108085749,108085749,108216728
04-control,3,272,107956925,108087792,108087792,108218845
04-control,3,273,107956925,108087723,108087723,108218782
04-control,3,274,107956925,108085834,108085834,108216831
04-control,3,275,107956925,108086295,108086295,108217354
04-control,3,276,107956925,108086359,108086359,108217417
04-control,3,277,107956925,108086745,108086745,108217765
04-control,3,278,107956925,108085580,108085580,108216439
04-control,3,279,107956925,108086016,108086016,108217005
04-control,3,280,107956925,108087117,108087117,108218135
04-control,3,281,107956925,108085839,108085839,108216831
04-control,3,282,107956925,108087781,108087781,108218826
04-control,3,283,107956925,108086866,108086866,108217878
04-control,3,284,107956925,108088544,108088544,108219693
04-control,3,285,107956925,108088553,108088553,108219714
04-control,3,286,107956925,108088485,108088485,108219617
04-control,3,287,107956925,108087041,108087041,108218048
04-control,3,288,107956925,108085908,108085908,108216934
04-control,3,289,107956925,108085538,108085538,108228299
04-control,3,290,107956925,108085758,108085758,108216756
04-control,3,291,107956925,108087294,108087294,108218302
04-control,3,292,107956925,108086043,108086043,108217045
04-control,3,293,107956925,108085608,108085608,108229444
04-control,3,294,107956925,108087983,108087983,108219039
04-control,3,295,107956925,108085836,108085836,108216862
04-control,3,296,107956925,108087028,108087028,108218019
04-control,3,297,107956925,108086209,108086209,108217259
04-control,3,298,107956925,108086698,108086698,108217689
04-control,3,299,107956925,108086461,108086461,108229481
04-control,3,300,107956925,108087786,108087786,108218852
04-control,3,301,107956925,108088605,108088605,108219763
04-control,3,302,107956925,108087352,108087352,108218394
04-control,3,303,107956925,108088547,108088547,108219693
04-control,3,304,107956925,108086860,108086860,108217862
04-control,3,305,107956925,108088397,108088397,108219532
04-control,3,306,107956925,108087665,108087665,108218732
04-control,3,307,107956925,108087034,108087034,108218052
04-control,3,308,107956925,108087763,108087763,108218798
04-control,3,309,107956925,108085838,108085838,108216818
04-control,3,310,107956925,108086844,108086844,108217849
04-control,3,311,107956925,108086683,108086683,108217672
04-control,3,312,107956925,108088521,108088521,108219666
04-control,3,313,107956925,108087684,108087684,108218737
04-control,3,314,107956925,108088626,108088626,108219773
04-control,3,315,107956925,108088613,108088613,108219765
04-control,3,316,107956925,108086556,108086556,108217623
04-control,3,317,107956925,108087871,108087871,108218945
04-control,3,318,107956925,108086125,108086125,108217157
04-control,3,319,107956925,108087193,108087193,108218204
04-control,3,320,107956925,108088579,108088579,108219746
04-control,3,321,107956925,108087674,108087674,108218736
04-control,3,322,107956925,108087847,108087847,108218915
04-control,3,323,107956925,108087503,108087503,108218538
04-control,3,324,107956925,108086774,108086774,108217789
04-control,3,325,107956925,108086503,108086503,108217542
04-control,3,326,107956925,108087302,108087302,108218322
04-control,3,327,107956925,108088419,108088419,108219559
04-control,3,328,107956925,108088389,108088389,108219514
04-control,3,329,107956925,108086122,108086122,108217146
04-control,3,330,107956925,108087048,108087048,108218061
04-control,3,331,107956925,108086569,108086569,108217635
04-control,3,332,107956925,108086978,108086978,108217996
04-control,3,333,107956925,108086387,108086387,108217443
04-control,3,334,107956925,108087315,108087315,108218345
04-control,3,335,107956925,108087950,108087950,108219027
04-control,3,336,107956925,108088460,108088460,108219584
04-control,3,337,107956925,108087421,108087421,108218435
04-control,3,338,107956925,108087510,108087510,108218500
04-control,3,339,107956925,108088463,108088463,108219602
04-control,3,340,107956925,108085559,108085559,108229389
04-control,3,341,107956925,108086381,108086381,108217416
04-control,3,342,107956925,108087254,108087254,108218257
04-control,3,343,107956925,108086713,108086713,108217747
04-control,3,344,107956925,108086404,108086404,108217460
04-control,3,345,107956925,108088005,108088005,108219067
04-control,3,346,107956925,108085693,108085693,108216654
04-control,3,347,107956925,108087514,108087514,108218505
04-control,3,348,107956925,108088262,108088262,108219387
04-control,3,349,107956925,108087187,108087187,108218179
04-control,3,350,107956925,108087664,108087664,108218724
04-control,3,351,107956925,108087704,108087704,108218752
04-control,3,352,107956925,108088604,108088604,108219756
04-control,3,353,107956925,108086296,108086296,108217333
04-control,3,354,107956925,108087210,108087210,108218217
04-control,3,355,107956925,108087725,108087725,108218783
04-control,3,356,107956925,108086562,108086562,108217610
04-control,3,357,107956925,108086171,108086171,108217195
04-control,3,358,107956925,108085533,108085533,108216431
04-control,3,359,107956925,108085608,108085608,108229480
04-control,3,360,107956925,108085934,108085934,108216974
04-control,3,361,107956925,108087638,108087638,108218683
04-control,3,362,107956925,108085574,108085574,108216440
04-control,3,363,107956925,108088311,108088311,108219438
04-control,3,364,107956925,108087308,108087308,108218342
04-control,3,365,107956925,108088113,108088113,108219212
04-control,3,366,107956925,108086136,108086136,108217172
04-control,3,367,107956925,108087279,108087279,108218295
04-control,3,368,107956925,108086796,108086796,108217809
04-control,3,369,107956925,108086629,108086629,108217661
04-control,3,370,107956925,108088015,108088015,108219086
04-control,3,371,107956925,108087762,108087762,108218816
04-control,3,372,107956925,108087183,108087183,108218198
04-control,3,373,107956925,108085937,108085937,108216962
04-control,3,374,107956925,108087885,108087885,108218942
04-control,3,375,107956925,108086225,108086225,108217274
04-control,3,376,107956925,108088041,108088041,108219115
04-control,3,377,107956925,108087051,108087051,108218066
04-control,3,378,107956925,108085720,108085720,108216645
04-control,3,379,107956925,108087267,108087267,108218266
04-control,3,380,107956925,108085571,108085571,108216445
04-control,3,381,107956925,108085460,108085460,108229586
04-control,3,382,107956925,108086053,108086053,108217067
04-control,3,383,107956925,108086807,108086807,108217817
04-control,3,384,107956925,108088497,108088497,108219629
04-control,3,385,107956925,108088230,108088230,108219350
04-control,3,386,107956925,108088211,108088211,108219275
04-control,3,387,107956925,108087640,108087640,108218692
04-control,3,388,107956925,108088170,108088170,108219264
04-control,3,389,107956925,108085747,108085747,108216712
04-control,3,390,107956925,108087299,108087299,108218321
04-control,3,391,107956925,108086066,108086066,108217115
04-control,3,392,107956925,108085826,108085826,108216841
04-control,3,393,107956925,108087276,108087276,108218277
04-control,3,394,107956925,108088648,108088648,108219799
04-control,3,395,107956925,108088627,108088627,108219770
04-control,3,396,107956925,108086511,108086511,108217563
04-control,3,397,107956925,108087546,108087546,108218585
04-control,3,398,107956925,108086699,108086699,108217716
04-control,3,399,107956925,108086881,108086881,108217878
04-control,3,400,107956925,108085581,108085581,108228285
04-control,3,401,107956925,108085733,108085733,108216696
04-control,3,402,107956925,108086726,108086726,108217753
04-control,3,403,107956925,108085860,108085860,108216875
04-control,3,404,107956925,108085727,108085727,108229646
04-control,3,405,107956925,108085556,108085556,108229800
04-control,3,406,107956925,108085860,108085860,108216871
04-control,3,407,107956925,108087614,108087614,108218667
04-control,3,408,107956925,108085792,108085792,108216762
04-control,3,409,107956925,108085468,108085468,108229262
04-control,3,410,107956925,108086049,108086049,108217018
04-control,3,411,107956925,108086719,108086719,108217726
04-control,3,412,107956925,108087474,108087474,108218448
04-control,3,413,107956925,108088115,108088115,108219225
04-control,3,414,107956925,108086187,108086187,108217237
04-control,3,415,107956925,108087561,108087561,108218592
04-control,3,416,107956925,108087261,108087261,108218277
04-control,3,417,107956925,108087183,108087183,108218196
04-control,3,418,107956925,108088514,108088514,108219655
04-control,3,419,107956925,108086927,108086927,108217935
04-control,3,420,107956925,108087252,108087252,108218259
04-control,3,421,107956925,108088462,108088462,108219624
04-control,3,422,107956925,108087883,108087883,108218956
04-control,3,423,107956925,108086534,108086534,108229614
04-control,3,424,107956925,108086469,108086469,108217524
04-control,3,425,107956925,108086600,108086600,108217652
04-control,3,426,107956925,108088518,108088518,108219673
04-control,3,427,107956925,108086736,108086736,108217769
04-control,3,428,107956925,108085840,108085840,108216844
04-control,3,429,107956925,108086042,108086042,108217032
04-control,3,430,107956925,108087857,108087857,108218928
04-control,3,431,107956925,108085925,108085925,108216958
04-control,3,432,107956925,108088419,108088419,108219564
04-control,3,433,107956925,108087135,108087135,108218159
04-control,3,434,107956925,108086269,108086269,108217316
04-control,3,435,107956925,108086889,108086889,108217893
04-control,3,436,107956925,108088227,108088227,108219369
04-control,3,437,107956925,108088644,108088644,108219783
04-control,3,438,107956925,108087978,108087978,108219045
04-control,3,439,107956925,108087374,108087374,108218418
04-control,3,440,107956925,108088089,108088089,108219192
04-control,3,441,107956925,108088318,108088318,108219419
04-control,3,442,107956925,108086239,108086239,108217288
04-control,3,443,107956925,108087847,108087847,108218919
04-control,3,444,107956925,108088362,108088362,108219477
04-control,3,445,107956925,108085646,108085646,108216492
04-control,3,446,107956925,108086076,108086076,108217112
04-control,3,447,107956925,108085647,108085647,108216560
04-control,3,448,107956925,108085765,108085765,108216751
04-control,3,449,107956925,108088250,108088250,108219384
04-control,3,450,107956925,108086458,108086458,108229454
04-control,3,451,107956925,108086269,108086269,108217318
04-control,3,452,107956925,108085910,108085910,108216923
04-control,3,453,107956925,108086315,108086315,108217367
04-control,3,454,107956925,108086561,108086561,108217629
04-control,3,455,107956925,108086350,108086350,108217396
04-control,3,456,107956925,108085632,108085632,108229711
04-control,3,457,107956925,108086751,108086751,108217767
04-control,3,458,107956925,108087284,108087284,108218307
04-control,3,459,107956925,108085730,108085730,108216675
04-control,3,460,107956925,108087688,108087688,108218743
04-control,3,461,107956925,108087071,108087071,108218079
04-control,3,462,107956925,108088547,108088547,108219723
04-control,3,463,107956925,108087632,108087632,108218678
04-control,3,464,107956925,108086065,108086065,108217055
04-control,3,465,107956925,108087011,108087011,108218012
04-control,3,466,107956925,108088175,108088175,108219251
04-control,3,467,107956925,108086086,108086086,108217103
04-control,3,468,107956925,108087026,108087026,108218029
04-control,3,469,107956925,108087738,108087738,108218794
04-control,3,470,107956925,108086221,108086221,108217261
04-control,3,471,107956925,108087991,108087991,108219063
04-control,3,472,107956925,108086997,108086997,108218017
04-control,3,473,107956925,108085604,108085604,108229581
04-control,3,474,107956925,108087545,108087545,108218561
04-control,3,475,107956925,108085882,108085882,108216895
04-control,3,476,107956925,108088331,108088331,108219437
04-control,3,477,107956925,108086228,108086228,108217273
04-control,3,478,107956925,108087045,108087045,108218065
04-control,3,479,107956925,108086673,108086673,108217681
04-control,3,480,107956925,108088489,108088489,108219629
04-control,3,481,107956925,108088300,108088300,108219416
04-control,3,482,107956925,108087132,108087132,108218129
04-control,3,483,107956925,108086825,108086825,108217820
04-control,3,484,107956925,108086041,108086041,108217037
04-control,3,485,107956925,108086429,108086429,108229673
04-control,3,486,107956925,108088182,108088182,108219261
04-control,3,487,107956925,108086536,108086536,108229642
04-control,3,488,107956925,108087467,108087467,108218437
04-control,3,489,107956925,108086436,108086436,108229718
04-control,3,490,107956925,108086606,108086606,108217649
04-control,3,491,107956925,108087652,108087652,108218700
04-control,3,492,107956925,108085771,108085771,108216766
04-control,3,493,107956925,108088013,108088013,108219089
04-control,3,494,107956925,108086159,108086159,108217187
04-control,3,495,107956925,108087136,108087136,108218137
04-control,3,496,107956925,108088080,108088080,108219182
04-control,3,497,107956925,108088567,108088567,108219734
04-control,3,498,107956925,108086939,108086939,108217942
04-control,3,499,107956925,108088366,108088366,108219502
04-control,3,500,107956925,108087225,108087225,108218230
04-control,3,501,107956925,108088249,108088249,108219385
04-control,3,502,107956925,108087985,108087985,108219063
04-control,3,503,107956925,108085648,108085648,108229696
04-control,3,504,107956925,108086972,108086972,108217974
04-control,3,505,107956925,108088479,108088479,108219633
04-control,3,506,107956925,108088090,108088090,108219181
04-control,3,507,107956925,108085740,108085740,108216698
04-control,3,508,107956925,108087680,108087680,108218726
04-control,3,509,107956925,108086738,108086738,108217744
04-control,3,510,107956925,108086400,108086400,108217460
04-control,3,511,107956925,108088634,108088634,108219800
04-control,3,512,107956925,108085655,108085655,108229338
04-control,3,513,107956925,108088340,108088340,108219441
04-control,3,514,107956925,108087649,108087649,108218712
04-control,3,515,107956925,108085726,108085726,108216686
04-control,3,516,107956925,108088293,108088293,108219399
04-control,3,517,107956925,108088574,108088574,108219741
04-control,3,518,107956925,108087090,108087090,108218100
04-control,3,519,107956925,108087918,108087918,108219016
04-control,3,520,107956925,108086902,108086902,108217911
04-control,3,521,107956925,108086000,108086000,108216972
04-control,3,522,107956925,108087158,108087158,108218164
04-control,3,523,107956925,108087806,108087806,108218859
04-control,3,524,107956925,108088360,108088360,108219488
04-control,3,525,107956925,108087990,108087990,108219070
04-control,3,526,107956925,108086072,108086072,108217056
04-control,3,527,107956925,108086478,108086478,108217525
04-control,3,528,107956925,108085711,108085711,108216579
04-control,3,529,107956925,108087236,108087236,108218246
04-control,3,530,107956925,108086289,108086289,108217326
04-control,3,531,107956925,108086788,108086788,108217795
04-control,3,532,107956925,108087092,108087092,108218102
04-control,3,533,107956925,108086235,108086235,108217283
04-control,3,534,107956925,108085621,108085621,108216525
04-control,3,535,107956925,108087858,108087858,108218927
04-control,3,536,107956925,108085861,108085861,108216881
04-control,3,537,107956925,108086805,108086805,108217817
04-control,3,538,107956925,108087674,108087674,108218726
04-control,3,539,107956925,108085668,108085668,108216501
04-control,3,540,107956925,108085869,108085869,108216896
04-control,3,541,107956925,108085480,108085480,108229493
04-control,3,542,107956925,108087534,108087534,108218531
04-control,3,543,107956925,108087553,108087553,108218592
04-control,3,544,107956925,108088581,108088581,108219730
04-control,3,545,107956925,108087538,108087538,108218551
04-control,3,546,107956925,108087515,108087515,108218515
04-control,3,547,107956925,108088500,108088500,108219636
04-control,3,548,107956925,108088522,108088522,108219675
04-control,3,549,107956925,108088638,108088638,108219791
04-control,3,550,107956925,108085744,108085744,108216677
04-control,3,551,107956925,108087342,108087342,108218367
04-control,3,552,107956925,108086907,108086907,108217927
04-control,3,553,107956925,108088602,108088602,108219756
04-control,3,554,107956925,108088226,108088226,108219363
04-control,3,555,107956925,108086849,108086849,108217860
04-control,3,556,107956925,108086271,108086271,108217310
04-control,3,557,107956925,108085551,108085551,108228267
04-control,3,558,107956925,108086323,108086323,108217361
04-control,3,559,107956925,108087933,108087933,108219013
04-control,3,560,107956925,108088210,108088210,108219290
04-control,3,561,107956925,108087736,108087736,108218791
04-control,3,562,107956925,108088529,108088529,108219679
04-control,3,563,107956925,108087316,108087316,108218354
04-control,3,564,107956925,108088204,108088204,108219293
04-control,3,565,107956925,108086526,108086526,108217568
04-control,3,566,107956925,108085704,108085704,108229621
04-control,3,567,107956925,108086431,108086431,108217497
04-control,3,568,107956925,108086950,108086950,108217969
04-control,3,569,107956925,108087273,108087273,108218285
04-control,3,570,107956925,108085815,108085815,108216799
04-control,3,571,107956925,108086786,108086786,108217803
04-control,3,572,107956925,108087798,108087798,108218871
04-control,3,573,107956925,108085870,108085870,108216904
04-control,3,574,107956925,108086243,108086243,108217296
04-control,3,575,107956925,108086185,108086185,108217239
04-control,3,576,107956925,108088010,108088010,108219074
04-control,3,577,107956925,108085628,108085628,108229462
04-control,3,578,107956925,108085648,108085648,108229775
04-control,3,579,107956925,108086205,108086205,108217252
04-control,3,580,107956925,108087135,108087135,108218161
04-control,3,581,107956925,108086023,108086023,108216993
04-control,3,582,107956925,108086187,108086187,108217226
04-control,3,583,107956925,108087805,108087805,108218872
04-control,3,584,107956925,108088425,108088425,108219575
04-control,3,585,107956925,108085502,108085502,108229791
04-control,3,586,107956925,108086852,108086852,108217861
04-control,3,587,107956925,108086327,108086327,108217386
04-control,3,588,107956925,108088223,108088223,108219336
04-control,3,589,107956925,108087931,108087931,108219008
04-control,3,590,107956925,108086939,108086939,108217947
04-control,3,591,107956925,108085805,108085805,108216804
04-control,3,592,107956925,108087892,108087892,108218967
04-control,3,593,107956925,108088129,108088129,108219224
04-control,3,594,107956925,108086696,108086696,108217710
04-control,3,595,107956925,108085575,108085575,108216444
04-control,3,596,107956925,108086724,108086724,108217740
04-control,3,597,107956925,108087901,108087901,108218969
04-control,3,598,107956925,108088225,108088225,108219364
04-control,3,599,107956925,108085721,108085721,108229564
04-control,3,600,107956925,108087214,108087214,108218214
04-control,3,601,107956925,108087571,108087571,108218610
04-control,3,602,107956925,108087711,108087711,108218763
04-control,3,603,107956925,108086546,108086546,108217618
04-control,3,604,107956925,108085616,108085616,108229748
04-control,3,605,107956925,108085748,108085748,108216743
04-control,3,606,107956925,108087834,108087834,108218903
04-control,3,607,107956925,108088427,108088427,108219566
04-control,3,608,107956925,108087513,108087513,108218517
04-control,3,609,107956925,108086198,108086198,108217259
04-control,3,610,107956925,108087525,108087525,108218543
04-control,3,611,107956925,108088200,108088200,108219323
04-control,3,612,107956925,108085696,108085696,108229521
04-control,3,613,107956925,108086335,108086335,108217381
04-control,3,614,107956925,108086078,108086078,108217083
04-control,3,615,107956925,108087083,108087083,108218087
04-control,3,616,107956925,108087359,108087359,108218392
04-control,3,617,107956925,108085609,108085609,108216450
04-control,3,618,107956925,108086911,108086911,108217923
04-control,3,619,107956925,108088304,108088304,108219422
04-control,3,620,107956925,108088006,108088006,108219076
04-control,3,621,107956925,108086862,108086862,108217866
04-control,3,622,107956925,108086484,108086484,108229388
04-control,3,623,107956925,108087661,108087661,108218717
04-control,3,624,107956925,108088129,108088129,108219229
04-control,3,625,107956925,108087360,108087360,108218384
04-control,3,626,107956925,108088436,108088436,108219578
04-control,3,627,107956925,108085690,108085690,108229423
04-control,3,628,107956925,108085712,108085712,108229511
04-control,3,629,107956925,108085736,108085736,108216624
04-control,3,630,107956925,108086410,108086410,108217466
04-control,3,631,107956925,108085885,108085885,108216908
04-control,3,632,107956925,108086932,108086932,108217956
04-control,3,633,107956925,108087147,108087147,108218156
04-control,3,634,107956925,108086267,108086267,108217328
04-control,3,635,107956925,108087863,108087863,108218941
04-control,3,636,107956925,108087337,108087337,108218357
04-control,3,637,107956925,108086539,108086539,108229595
04-control,3,638,107956925,108088085,108088085,108219183
04-control,3,639,107956925,108086866,108086866,108217874
04-control,3,640,107956925,108086475,108086475,108217554
04-control,3,641,107956925,108086457,108086457,108217512
04-control,3,642,107956925,108085707,108085707,108229251
04-control,3,643,107956925,108088239,108088239,108219381
04-control,3,644,107956925,108085692,108085692,108216606
04-control,3,645,107956925,108086999,108086999,108218003
04-control,3,646,107956925,108088586,108088586,108219743
04-control,3,647,107956925,108086657,108086657,108217689
04-control,3,648,107956925,108085605,108085605,108216426
04-control,3,649,107956925,108088046,108088046,108219120
04-control,3,650,107956925,108087347,108087347,108218379
04-control,3,651,107956925,108087339,108087339,108218361
04-control,3,652,107956925,108087944,108087944,108219026
04-control,3,653,107956925,108088039,108088039,108219101
04-control,3,654,107956925,108087617,108087617,108218659
04-control,3,655,107956925,108085764,108085764,108216705
04-control,3,656,107956925,108086433,108086433,108229775
04-control,3,657,107956925,108086457,108086457,108217504
04-control,3,658,107956925,108087211,108087211,108218213
04-control,3,659,107956925,108088176,108088176,108219249
04-control,3,660,107956925,108085550,108085550,108216427
04-control,3,661,107956925,108088484,108088484,108219618
04-control,3,662,107956925,108087907,108087907,108218988
04-control,3,663,107956925,108086558,108086558,108229544
04-control,3,664,107956925,108088094,108088094,108219194
04-control,3,665,107956925,108086407,108086407,108229688
04-control,3,666,107956925,108086755,108086755,108217783
04-control,3,667,107956925,108087342,108087342,108218376
04-control,3,668,107956925,108085670,108085670,108216425
04-control,3,669,107956925,108086376,108086376,108217425
04-control,3,670,107956925,108087594,108087594,108218633
04-control,3,671,107956925,108088695,108088695,108219826
04-control,3,672,107956925,108086409,108086409,108217479
04-control,3,673,107956925,108086951,108086951,108217954
04-control,3,674,107956925,108086982,108086982,108218007
04-control,3,675,107956925,108086205,108086205,108217245
04-control,3,676,107956925,108087493,108087493,108218448
04-control,3,677,107956925,108087029,108087029,108218030
04-control,3,678,107956925,108087622,108087622,108218690
04-control,3,679,107956925,108086100,108086100,108217128
04-control,3,680,107956925,108086572,108086572,108217628
04-control,3,681,107956925,108085711,108085711,108229692
04-control,3,682,107956925,108088286,108088286,108219398
04-control,3,683,107956925,108087529,108087529,108218555
04-control,3,684,107956925,108087291,108087291,108218308
04-control,3,685,107956925,108085633,108085633,108216414
04-control,3,686,107956925,108087616,108087616,108218663
04-control,3,687,107956925,108087587,108087587,108218628
04-control,3,688,107956925,108087486,108087486,108218456
04-control,3,689,107956925,108087582,108087582,108218597
04-control,3,690,107956925,108085888,108085888,108216905
04-control,3,691,107956925,108088357,108088357,108219482
04-control,3,692,107956925,108088058,108088058,108219119
04-control,3,693,107956925,108119200,108119200,108221286
04-control,3,694,107956925,108121199,108121199,108230232
04-control,3,695,107956925,108119188,108119188,108239234
04-control,3,696,107956925,108087233,108087233,108218682
04-control,3,697,107956925,108088452,108088452,108239225
04-control,3,698,107956925,108087009,108087009,108225280
04-control,3,699,107956925,108087909,108087909,108225280
05-control,1,50,47872301,48000750,48000750,48122362
05-control,1,51,47872301,48001445,48001445,48122913
05-control,1,52,47872301,48001391,48001391,48122805
05-control,1,53,47872301,47999777,47999777,48150487
05-control,1,54,47872301,48000185,48000185,48121833
05-control,1,55,47872301,47998979,47998979,48149713
05-control,1,56,47872301,47999773,47999773,48121453
05-control,1,57,47872301,47998918,47998918,48149910
05-control,1,58,47872301,47999701,47999701,48149652
05-control,1,59,47872301,48000236,48000236,48121863
05-control,1,60,47872301,48000024,48000024,48121696
05-control,1,61,47872301,47999927,47999927,48121611
05-control,1,62,47872301,48001307,48001307,48122703
05-control,1,63,47872301,47999362,47999362,48150076
05-control,1,64,47872301,47999448,47999448,48150611
05-control,1,65,47872301,48000132,48000132,48121787
05-control,1,66,47872301,48000990,48000990,48122529
05-control,1,67,47872301,48001397,48001397,48122735
05-control,1,68,47872301,48001085,48001085,48122573
05-control,1,69,47872301,48000337,48000337,48121962
05-control,1,70,47872301,47999788,47999788,48150518
05-control,1,71,47872301,47999836,47999836,48121506
05-control,1,72,47872301,47999084,47999084,48150143
05-control,1,73,47872301,48000625,48000625,48122212
05-control,1,74,47872301,48000637,48000637,48122224
05-control,1,75,47872301,48001214,48001214,48150942
05-control,1,76,47872301,47999737,47999737,48150456
05-control,1,77,47872301,48001376,48001376,48122815
05-control,1,78,47872301,47999576,47999576,48121261
05-control,1,79,47872301,48001373,48001373,48122780
05-control,1,80,47872301,47999759,47999759,48149997
05-control,1,81,47872301,48000168,48000168,48121813
05-control,1,82,47872301,48001286,48001286,48122686
05-control,1,83,47872301,48001034,48001034,48122560
05-control,1,84,47872301,48001397,48001397,48122774
05-control,1,85,47872301,47999454,47999454,48121159
05-control,1,86,47872301,48000115,48000115,48121773
05-control,1,87,47872301,48001405,48001405,48122790
05-control,1,88,47872301,47999283,47999283,48150128
05-control,1,89,47872301,47999184,47999184,48120930
05-control,1,90,47872301,48001457,48001457,48122914
05-control,1,91,47872301,47998925,47998925,48150636
05-control,1,92,47872301,47999160,47999160,48150214
05-control,1,93,47872301,48001158,48001158,48122643
05-control,1,94,47872301,47999428,47999428,48150118
05-control,1,95,47872301,48001469,48001469,48122936
05-control,1,96,47872301,48000579,48000579,48122181
05-control,1,97,47872301,48000491,48000491,48122106
05-control,1,98,47872301,48001445,48001445,48122930
05-control,1,99,47872301,48000438,48000438,48122059
05-control,1,100,47872301,47999063,47999063,48149805
05-control,1,101,47872301,48001088,48001088,48122598
05-control,1,102,47872301,48000652,48000652,48122249
05-control,1,103,47872301,47998846,47998846,48149736
05-control,1,104,47872301,48000943,48000943,48122483
05-control,1,105,47872301,47999905,47999905,48121570
05-control,1,106,47872301,48000611,48000611,48122209
05-control,1,107,47872301,48000340,48000340,48121968
05-control,1,108,47872301,48000906,48000906,48122461
05-control,1,109,47872301,48000651,48000651,48122244
05-control,1,110,47872301,48000676,48000676,48122286
05-control,1,111,47872301,47999346,47999346,48150736
05-control,1,112,47872301,48000589,48000589,48122202
05-control,1,113,47872301,47998932,47998932,48149689
05-control,1,114,47872301,47999820,47999820,48150641
05-control,1,115,47872301,48001480,48001480,48122939
05-control,1,116,47872301,48000455,48000455,48122069
05-control,1,117,47872301,48000532,48000532,48122128
05-control,1,118,47872301,47999916,47999916,48121592
05-control,1,119,47872301,48000918,48000918,48122470
05-control,1,120,47872301,48001460,48001460,48122919
05-control,1,121,47872301,48000977,48000977,48122518
05-control,1,122,47872301,48000849,48000849,48122416
05-control,1,123,47872301,48000323,48000323,48121954
05-control,1,124,47872301,48000255,48000255,48121893
05-control,1,125,47872301,48000440,48000440,48122069
05-control,1,126,47872301,48001334,48001334,48122856
05-control,1,127,47872301,47998960,47998960,48150067
05-control,1,128,47872301,47998993,47998993,48150112
05-control,1,129,47872301,48000870,48000870,48122416
05-control,1,130,47872301,47999083,47999083,48149959
05-control,1,131,47872301,47999704,47999704,48149529
05-control,1,132,47872301,48001368,48001368,48122748
05-control,1,133,47872301,48000377,48000377,48150556
05-control,1,134,47872301,47999108,47999108,48150542
05-control,1,135,47872301,48000839,48000839,48122406
05-control,1,136,47872301,48000783,48000783,48122386
05-control,1,137,47872301,47999277,47999277,48121010
05-control,1,138,47872301,47999933,47999933,48121613
05-control,1,139,47872301,47999176,47999176,48150029
05-control,1,140,47872301,48001472,48001472,48122960
05-control,1,141,47872301,48001495,48001495,48123047
05-control,1,142,47872301,48001406,48001406,48122736
05-control,1,143,47872301,48000577,48000577,48122184
05-control,1,144,47872301,48000809,48000809,48122374
05-control,1,145,47872301,48000284,48000284,48121935
05-control,1,146,47872301,48000796,48000796,48122375
05-control,1,147,47872301,48000838,48000838,48122383
05-control,1,148,47872301,48001410,48001410,48122843
05-control,1,149,47872301,47999766,47999766,48150670
05-control,1,150,47872301,48000301,48000301,48121940
05-control,1,151,47872301,48001482,48001482,48123027
05-control,1,152,47872301,48000587,48000587,48150694
05-control,1,153,47872301,48000085,48000085,48121758
05-control,1,154,47872301,48000474,48000474,48150195
05-control,1,155,47872301,48000526,48000526,48150096
05-control,1,156,47872301,48000456,48000456,48122073
05-control,1,157,47872301,48000038,48000038,48121716
05-control,1,158,47872301,48001245,48001245,48122674
05-control,1,159,47872301,48001487,48001487,48123004
05-control,1,160,47872301,48001383,48001383,48122735
05-control,1,161,47872301,47999685,47999685,48150506
05-control,1,162,47872301,47999122,47999122,48120860
05-control,1,163,47872301,47998956,47998956,48150032
05-control,1,164,47872301,47999974,47999974,48121644
05-control,1,165,47872301,48000755,48000755,48122347
05-control,1,166,47872301,48000282,48000282,48121926
05-control,1,167,47872301,47999510,47999510,48149568
05-control,1,168,47872301,48000884,48000884,48122426
05-control,1,169,47872301,47999421,47999421,48121140
05-control,1,170,47872301,47999356,47999356,48121077
05-control,1,171,47872301,47999330,47999330,48121039
05-control,1,172,47872301,47999739,47999739,48150678
05-control,1,173,47872301,48001412,48001412,48122728
05-control,1,174,47872301,47999527,47999527,48121280
05-control,1,175,47872301,47999998,47999998,48121667
05-control,1,176,47872301,48000914,48000914,48122463
05-control,1,177,47872301,47999770,47999770,48121437
05-control,1,178,47872301,48000091,48000091,48121756
05-control,1,179,47872301,47999178,47999178,48120924
05-control,1,180,47872301,48000914,48000914,48122475
05-control,1,181,47872301,47998925,47998925,48150664
05-control,1,182,47872301,48001460,48001460,48122956
05-control,1,183,47872301,48000996,48000996,48122539
05-control,1,184,47872301,48001441,48001441,48122899
05-control,1,185,47872301,48001457,48001457,48122886
05-control,1,186,47872301,48001389,48001389,48122838
05-control,1,187,47872301,48000060,48000060,48121717
05-control,1,188,47872301,47999691,47999691,48121380
05-control,1,189,47872301,47999334,47999334,48121053
05-control,1,190,47872301,48001112,48001112,48122628
05-control,1,191,47872301,48001519,48001519,48150910
05-control,1,192,47872301,47999461,47999461,48149607
05-control,1,193,47872301,47999853,47999853,48121520
05-control,1,194,47872301,47999167,47999167,48150721
05-control,1,195,47872301,48001432,48001432,48122955
05-control,1,196,47872301,48000192,48000192,48121841
05-control,1,197,47872301,47998854,47998854,48149975
05-control,1,198,47872301,48001372,48001372,48122789
05-control,1,199,47872301,48001356,48001356,48122809
05-control,1,200,47872301,48000569,48000569,48122170
05-control,1,201,47872301,48000680,48000680,48122268
05-control,1,202,47872301,47999457,47999457,48150088
05-control,1,203,47872301,48000963,48000963,48122501
05-control,1,204,47872301,48000422,48000422,48122045
05-control,1,205,47872301,47999820,47999820,48121513
05-control,1,206,47872301,48001411,48001411,48122761
05-control,1,207,47872301,48001429,48001429,48122906
05-control,1,208,47872301,47999192,47999192,48120936
05-control,1,209,47872301,48000914,48000914,48122456
05-control,1,210,47872301,47999415,47999415,48149822
05-control,1,211,47872301,48001466,48001466,48122897
05-control,1,212,47872301,47999191,47999191,48120928
05-control,1,213,47872301,48000373,48000373,48121996
05-control,1,214,47872301,48000357,48000357,48121986
05-control,1,215,47872301,47999847,47999847,48121515
05-control,1,216,47872301,47998993,47998993,48150721
05-control,1,217,47872301,48001443,48001443,48122903
05-control,1,218,47872301,47999833,47999833,48150423
05-control,1,219,47872301,48000956,48000956,48122519
05-control,1,220,47872301,47999392,47999392,48121111
05-control,1,221,47872301,48000723,48000723,48122298
05-control,1,222,47872301,47999657,47999657,48150572
05-control,1,223,47872301,47999465,47999465,48149588
05-control,1,224,47872301,47999444,47999444,48121151
05-control,1,225,47872301,47999263,47999263,48149949
05-control,1,226,47872301,47999906,47999906,48121598
05-control,1,227,47872301,47999582,47999582,48149988
05-control,1,228,47872301,47999989,47999989,48121651
05-control,1,229,47872301,48000908,48000908,48122453
05-control,1,230,47872301,47998839,47998839,48150192
05-control,1,231,47872301,47999341,47999341,48121061
05-control,1,232,47872301,48001145,48001145,48122633
05-control,1,233,47872301,48000895,48000895,48122441
05-control,1,234,47872301,48001401,48001401,48122856
05-control,1,235,47872301,48000510,48000510,48122111
05-control,1,236,47872301,47999423,47999423,48121127
05-control,1,237,47872301,47999781,47999781,48121468
05-control,1,238,47872301,47998876,47998876,48149859
05-control,1,239,47872301,47999894,47999894,48121573
05-control,1,240,47872301,48001474,48001474,48122952
05-control,1,241,47872301,47998925,47998925,48150004
05-control,1,242,47872301,47999626,47999626,48121304
05-control,1,243,47872301,47999504,47999504,48121285
05-control,1,244,47872301,47999169,47999169,48120925
05-control,1,245,47872301,48000493,48000493,48122100
05-control,1,246,47872301,48001462,48001462,48150938
05-control,1,247,47872301,47999063,47999063,48149707
05-control,1,248,47872301,48000296,48000296,48121935
05-control,1,249,47872301,48001442,48001442,48122907
05-control,1,250,47872301,48000219,48000219,48121880
05-control,1,251,47872301,48000343,48000343,48121983
05-control,1,252,47872301,47999653,47999653,48121362
05-control,1,253,47872301,48001144,48001144,48150939
05-control,1,254,47872301,48001414,48001414,48122849
05-control,1,255,47872301,48001204,48001204,48122658
05-control,1,256,47872301,47999457,47999457,48150227
05-control,1,257,47872301,47999651,47999651,48121367
05-control,1,258,47872301,48001400,48001400,48122841
05-control,1,259,47872301,47999805,47999805,48121499
05-control,1,260,47872301,47999184,47999184,48150584
05-control,1,261,47872301,47999643,47999643,48150205
05-control,1,262,47872301,48000672,48000672,48122271
05-control,1,263,47872301,47999596,47999596,48149572
05-control,1,264,47872301,47999004,47999004,48150744
05-control,1,265,47872301,47998909,47998909,48149884
05-control,1,266,47872301,48000363,48000363,48122001
05-control,1,267,47872301,48001398,48001398,48122751
05-control,1,268,47872301,47999531,47999531,48150685
05-control,1,269,47872301,47999640,47999640,48121337
05-control,1,270,47872301,47999708,47999708,48149578
05-control,1,271,47872301,47999270,47999270,48120995
05-control,1,272,47872301,47999075,47999075,48150123
05-control,1,273,47872301,48000948,48000948,48122477
05-control,1,274,47872301,48000667,48000667,48122251
05-control,1,275,47872301,47999593,47999593,48121280
05-control,1,276,47872301,47999080,47999080,48150736
05-control,1,277,47872301,47999590,47999590,48121294
05-control,1,278,47872301,48000584,48000584,48122186
05-control,1,279,47872301,48001476,48001476,48122962
05-control,1,280,47872301,48001384,48001384,48122755
05-control,1,281,47872301,48000684,48000684,48122288
05-control,1,282,47872301,48000909,48000909,48122448
05-control,1,283,47872301,47999923,47999923,48121614
05-control,1,284,47872301,48000106,48000106,48121771
05-control,1,285,47872301,47999348,47999348,48150121
05-control,1,286,47872301,47998996,47998996,48150182
05-control,1,287,47872301,48000648,48000648,48122228
05-control,1,288,47872301,48000821,48000821,48122386
05-control,1,289,47872301,47999440,47999440,48150647
05-control,1,290,47872301,48001478,48001478,48123044
05-control,1,291,47872301,47999363,47999363,48121082
05-control,1,292,47872301,47999648,47999648,48121358
05-control,1,293,47872301,47999371,47999371,48150023
05-control,1,294,47872301,48001449,48001449,48122874
05-control,1,295,47872301,48000278,48000278,48121918
05-control,1,296,47872301,48000101,48000101,48121753
05-control,1,297,47872301,47998957,47998957,48150734
05-control,1,298,47872301,47999965,47999965,48150702
05-control,1,299,47872301,47999393,47999393,48121132
05-control,1,300,47872301,47999295,47999295,48150138
05-control,1,301,47872301,47999099,47999099,48150195
05-control,1,302,47872301,47998964,47998964,48149773
05-control,1,303,47872301,48000494,48000494,48122096
05-control,1,304,47872301,48001445,48001445,48122918
05-control,1,305,47872301,48000470,48000470,48122097
05-control,1,306,47872301,48000413,48000413,48122040
05-control,1,307,47872301,47999319,47999319,48150116
05-control,1,308,47872301,47999856,47999856,48150593
05-control,1,309,47872301,48000985,48000985,48122539
05-control,1,310,47872301,48000592,48000592,48150146
05-control,1,311,47872301,47999114,47999114,48150109
05-control,1,312,47872301,48000937,48000937,48122481
05-control,1,313,47872301,47999750,47999750,48150122
05-control,1,314,47872301,48001278,48001278,48122696
05-control,1,315,47872301,47999717,47999717,48121401
05-control,1,316,47872301,48000977,48000977,48122514
05-control,1,317,47872301,48000227,48000227,48121870
05-control,1,318,47872301,48001160,48001160,48122623
05-control,1,319,47872301,47998957,47998957,48149960
05-control,1,320,47872301,47999849,47999849,48121518
05-control,1,321,47872301,48000130,48000130,48121782
05-control,1,322,47872301,47999009,47999009,48150042
05-control,1,323,47872301,47999460,47999460,48121179
05-control,1,324,47872301,47999732,47999732,48150194
05-control,1,325,47872301,48001451,48001451,48122935
05-control,1,326,47872301,47999635,47999635,48150548
05-control,1,327,47872301,48000083,48000083,48121727
05-control,1,328,47872301,48000510,48000510,48122118
05-control,1,329,47872301,47999655,47999655,48121362
05-control,1,330,47872301,47999949,47999949,48121638
05-control,1,331,47872301,48000156,48000156,48121810
05-control,1,332,47872301,48000899,48000899,48122423
05-control,1,333,47872301,48000866,48000866,48122418
05-control,1,334,47872301,48001431,48001431,48122873
05-control,1,335,47872301,48000531,48000531,48122123
05-control,1,336,47872301,47998878,47998878,48150690
05-control,1,337,47872301,47999256,47999256,48120972
05-control,1,338,47872301,48001293,48001293,48122700
05-control,1,339,47872301,48001035,48001035,48122570
05-control,1,340,47872301,48001395,48001395,48122767
05-control,1,341,47872301,48001478,48001478,48123037
05-control,1,342,47872301,48001349,48001349,48122820
05-control,1,343,47872301,48000172,48000172,48121830
05-control,1,344,47872301,48001049,48001049,48122561
05-control,1,345,47872301,48001399,48001399,48122750
05-control,1,346,47872301,48000078,48000078,48121752
05-control,1,347,47872301,48000550,48000550,48122155
05-control,1,348,47872301,47999979,47999979,48121649
05-control,1,349,47872301,48001476,48001476,48122948
05-control,1,350,47872301,47998895,47998895,48150187
05-control,1,351,47872301,47999590,47999590,48150524
05-control,1,352,47872301,47999963,47999963,48121631
05-control,1,353,47872301,48000987,48000987,48122532
05-control,1,354,47872301,47999665,47999665,48121383
05-control,1,355,47872301,47999861,47999861,48121520
05-control,1,356,47872301,48000758,48000758,48122334
05-control,1,357,47872301,47998950,47998950,48149917
05-control,1,358,47872301,48001049,48001049,48122573
05-control,1,359,47872301,48000250,48000250,48121899
05-control,1,360,47872301,48000775,48000775,48122352
05-control,1,361,47872301,47999235,47999235,48150555
05-control,1,362,47872301,47999023,47999023,48150732
05-control,1,363,47872301,48000840,48000840,48122399
05-control,1,364,47872301,48000844,48000844,48122411
05-control,1,365,47872301,48000333,48000333,48121972
05-control,1,366,47872301,48000574,48000574,48122161
05-control,1,367,47872301,47999171,47999171,48120914
05-control,1,368,47872301,48000640,48000640,48122232
05-control,1,369,47872301,47999286,47999286,48121023
05-control,1,370,47872301,48000724,48000724,48122300
05-control,1,371,47872301,48001391,48001391,48122768
05-control,1,372,47872301,47999609,47999609,48121307
05-control,1,373,47872301,48000261,48000261,48121907
05-control,1,374,47872301,48000959,48000959,48122489
05-control,1,375,47872301,47999373,47999373,48121095
05-control,1,376,47872301,48001358,48001358,48122722
05-control,1,377,47872301,47998861,47998861,48150115
05-control,1,378,47872301,47999294,47999294,48121021
05-control,1,379,47872301,47999474,47999474,48150696
05-control,1,380,47872301,48001488,48001488,48122985
05-control,1,381,47872301,48000442,48000442,48122054
05-control,1,382,47872301,48001494,48001494,48123039
05-control,1,383,47872301,47999377,47999377,48149971
05-control,1,384,47872301,47999789,47999789,48150052
05-control,1,385,47872301,47999597,47999597,48150631
05-control,1,386,47872301,48000391,48000391,48122023
05-control,1,387,47872301,47999935,47999935,48121609
05-control,1,388,47872301,48001219,48001219,48122653
05-control,1,389,47872301,48001132,48001132,48122638
05-control,1,390,47872301,47999994,47999994,48121656
05-control,1,391,47872301,48001386,48001386,48122787
05-control,1,392,47872301,47999211,47999211,48150749
05-control,1,393,47872301,48001081,48001081,48122605
05-control,1,394,47872301,48000553,48000553,48150046
05-control,1,395,47872301,48000988,48000988,48122528
05-control,1,396,47872301,48000963,48000963,48122488
05-control,1,397,47872301,48000235,48000235,48121876
05-control,1,398,47872301,48000596,48000596,48122193
05-control,1,399,47872301,48001436,48001436,48122925
05-control,1,400,47872301,47998945,47998945,48149808
05-control,1,401,47872301,47999785,47999785,48121494
05-control,1,402,47872301,48000890,48000890,48122424
05-control,1,403,47872301,47998891,47998891,48150463
05-control,1,404,47872301,47998848,47998848,48149802
05-control,1,405,47872301,47999238,47999238,48120973
05-control,1,406,47872301,48000970,48000970,48122494
05-control,1,407,47872301,48000852,48000852,48122409
05-control,1,408,47872301,48000163,48000163,48121806
05-control,1,409,47872301,48000137,48000137,48121771
05-control,1,410,47872301,47998899,47998899,48149700
05-control,1,411,47872301,47999641,47999641,48121335
05-control,1,412,47872301,48000738,48000738,48122328
05-control,1,413,47872301,48000025,48000025,48121694
05-control,1,414,47872301,48001011,48001011,48122543
05-control,1,415,47872301,47999979,47999979,48121649
05-control,1,416,47872301,47999133,47999133,48150037
05-control,1,417,47872301,47999146,47999146,48150588
05-control,1,418,47872301,48000970,48000970,48122501
05-control,1,419,47872301,48000563,48000563,48122171
05-control,1,420,47872301,48000658,48000658,48122269
05-control,1,421,47872301,47999436,47999436,48149531
05-control,1,422,47872301,48001069,48001069,48122606
05-control,1,423,47872301,47999852,47999852,48150684
05-control,1,424,47872301,47999751,47999751,48150687
05-control,1,425,47872301,48000087,48000087,48121744
05-control,1,426,47872301,48000358,48000358,48121981
05-control,1,427,47872301,48000009,48000009,48121677
05-control,1,428,47872301,48001249,48001249,48122689
05-control,1,429,47872301,47999870,47999870,48121529
05-control,1,430,47872301,47999279,47999279,48121008
05-control,1,431,47872301,47999888,47999888,48121555
05-control,1,432,47872301,47999989,47999989,48121655
05-control,1,433,47872301,48001008,48001008,48122549
05-control,1,434,47872301,48000833,48000833,48122400
05-control,1,435,47872301,47998880,47998880,48149750
05-control,1,436,47872301,48000303,48000303,48121946
05-control,1,437,47872301,47999913,47999913,48121596
05-control,1,438,47872301,47999476,47999476,48121238
05-control,1,439,47872301,47999954,47999954,48121632
05-control,1,440,47872301,47998995,47998995,48150696
05-control,1,441,47872301,48000408,48000408,48150195
05-control,1,442,47872301,48000010,48000010,48121686
05-control,1,443,47872301,47999268,47999268,48120989
05-control,1,444,47872301,47999739,47999739,48121419
05-control,1,445,47872301,47998910,47998910,48120592
05-control,1,446,47872301,47999092,47999092,48150183
05-control,1,447,47872301,48001258,48001258,48122672
05-control,1,448,47872301,48000252,48000252,48121907
05-control,1,449,47872301,47999099,47999099,48150708
05-control,1,450,47872301,48000064,48000064,48121734
05-control,1,451,47872301,47999668,47999668,48121367
05-control,1,452,47872301,47999716,47999716,48121426
05-control,1,453,47872301,48000863,48000863,48122411
05-control,1,454,47872301,48000269,48000269,48121912
05-control,1,455,47872301,47999275,47999275,48121012
05-control,1,456,47872301,47998884,47998884,48150577
05-control,1,457,47872301,48000146,48000146,48121795
05-control,1,458,47872301,47999870,47999870,48150611
05-control,1,459,47872301,47999182,47999182,48120908
05-control,1,460,47872301,47999092,47999092,48150002
05-control,1,461,47872301,47999065,47999065,48120782
05-control,1,462,47872301,47999660,47999660,48121381
05-control,1,463,47872301,47999222,47999222,48150165
05-control,1,464,47872301,47998985,47998985,48149929
05-control,1,465,47872301,47999635,47999635,48121377
05-control,1,466,47872301,47999770,47999770,48121451
05-control,1,467,47872301,48000063,48000063,48121716
05-control,1,468,47872301,47999588,47999588,48150660
05-control,1,469,47872301,47998887,47998887,48150638
05-control,1,470,47872301,47998941,47998941,48149732
05-control,1,471,47872301,48001026,48001026,48122568
05-control,1,472,47872301,48000143,48000143,48121790
05-control,1,473,47872301,48001406,48001406,48122853
05-control,1,474,47872301,47998805,47998805,48149885
05-control,1,475,47872301,48000633,48000633,48122228
05-control,1,476,47872301,48001096,48001096,48122581
05-control,1,477,47872301,48001429,48001429,48122886
05-control,1,478,47872301,47999258,47999258,48150012
05-control,1,479,47872301,48000378,48000378,48121991
05-control,1,480,47872301,47999932,47999932,48121623
05-control,1,481,47872301,48000632,48000632,48122226
05-control,1,482,47872301,48000005,48000005,48121670
05-control,1,483,47872301,47998901,47998901,48150518
05-control,1,484,47872301,48001071,48001071,48122607
05-control,1,485,47872301,48000674,48000674,48122283
05-control,1,486,47872301,48000582,48000582,48122178
05-control,1,487,47872301,48001376,48001376,48122830
05-control,1,488,47872301,48000665,48000665,48122266
05-control,1,489,47872301,47999497,47999497,48121269
05-control,1,490,47872301,47999057,47999057,48150726
05-control,1,491,47872301,48000985,48000985,48122533
05-control,1,492,47872301,48000217,48000217,48121854
05-control,1,493,47872301,48001466,48001466,48122929
05-control,1,494,47872301,48001499,48001499,48123009
05-control,1,495,47872301,47999869,47999869,48150134
05-control,1,496,47872301,47999628,47999628,48150192
05-control,1,497,47872301,48000711,48000711,48122288
05-control,1,498,47872301,48000328,48000328,48121958
05-control,1,499,47872301,48001264,48001264,48122696
05-control,1,500,47872301,48000512,48000512,48122117
05-control,1,501,47872301,48000346,48000346,48121985
05-control,1,502,47872301,48000565,48000565,48122167
05-control,1,503,47872301,48000815,48000815,48122397
05-control,1,504,47872301,48000471,48000471,48122093
05-control,1,505,47872301,47999239,47999239,48150199
05-control,1,506,47872301,48001480,48001480,48123020
05-control,1,507,47872301,48000011,48000011,48121681
05-control,1,508,47872301,48000731,48000731,48122339
05-control,1,509,47872301,48001065,48001065,48122575
05-control,1,510,47872301,48001172,48001172,48122624
05-control,1,511,47872301,47999357,47999357,48121080
05-control,1,512,47872301,48000349,48000349,48121969
05-control,1,513,47872301,47999792,47999792,48121486
05-control,1,514,47872301,48000152,48000152,48121798
05-control,1,515,47872301,48000434,48000434,48122057
05-control,1,516,47872301,48000708,48000708,48122294
05-control,1,517,47872301,48000269,48000269,48121903
05-control,1,518,47872301,48000999,48000999,48122547
05-control,1,519,47872301,47999495,47999495,48149590
05-control,1,520,47872301,48000419,48000419,48122051
05-control,1,521,47872301,48000744,48000744,48122348
05-control,1,522,47872301,48001458,48001458,48122955
05-control,1,523,47872301,48000353,48000353,48121984
05-control,1,524,47872301,47999885,47999885,48121540
05-control,1,525,47872301,48001389,48001389,48122771
05-control,1,526,47872301,48000776,48000776,48122369
05-control,1,527,47872301,47999099,47999099,48149961
05-control,1,528,47872301,48000077,48000077,48121738
05-control,1,529,47872301,48001299,48001299,48122675
05-control,1,530,47872301,47999912,47999912,48121575
05-control,1,531,47872301,47999007,47999007,48150148
05-control,1,532,47872301,47999148,47999148,48150082
05-control,1,533,47872301,47999797,47999797,48150548
05-control,1,534,47872301,48000515,48000515,48150702
05-control,1,535,47872301,47998830,47998830,48150144
05-control,1,536,47872301,47998938,47998938,48150582
05-control,1,537,47872301,47999509,47999509,48150754
05-control,1,538,47872301,48000020,48000020,48121689
05-control,1,539,47872301,48001498,48001498,48123044
05-control,1,540,47872301,47999477,47999477,48150704
05-control,1,541,47872301,48001382,48001382,48122807
05-control,1,542,47872301,48000868,48000868,48122427
05-control,1,543,47872301,47999522,47999522,48121275
05-control,1,544,47872301,47999668,47999668,48150197
05-control,1,545,47872301,47998931,47998931,48150618
05-control,1,546,47872301,47999128,47999128,48150625
05-control,1,547,47872301,47999118,47999118,48150753
05-control,1,548,47872301,47998971,47998971,48150047
05-control,1,549,47872301,47999149,47999149,48150677
05-control,1,550,47872301,47999348,47999348,48121068
05-control,1,551,47872301,48001483,48001483,48122983
05-control,1,552,47872301,47999011,47999011,48150743
05-control,1,553,47872301,47998986,47998986,48150728
05-control,1,554,47872301,48001127,48001127,48122607
05-control,1,555,47872301,47999329,47999329,48121040
05-control,1,556,47872301,48000103,48000103,48121769
05-control,1,557,47872301,47999106,47999106,48150179
05-control,1,558,47872301,47998978,47998978,48150734
05-control,1,559,47872301,48001234,48001234,48122690
05-control,1,560,47872301,48001190,48001190,48122722
05-control,1,561,47872301,48000026,48000026,48121705
05-control,1,562,47872301,47998949,47998949,48150493
05-control,1,563,47872301,47999610,47999610,48121289
05-control,1,564,47872301,47999324,47999324,48150498
05-control,1,565,47872301,47999686,47999686,48149658
05-control,1,566,47872301,47999226,47999226,48150186
05-control,1,567,47872301,48000165,48000165,48121812
05-control,1,568,47872301,47999943,47999943,48121622
05-control,1,569,47872301,48000720,48000720,48122294
05-control,1,570,47872301,48000548,48000548,48122133
05-control,1,571,47872301,48000680,48000680,48122278
05-control,1,572,47872301,48000459,48000459,48122059
05-control,1,573,47872301,47998966,47998966,48150044
05-control,1,574,47872301,47999416,47999416,48150743
05-control,1,575,47872301,48000420,48000420,48122028
05-control,1,576,47872301,48001272,48001272,48122682
05-control,1,577,47872301,47999943,47999943,48121619
05-control,1,578,47872301,48001430,48001430,48122719
05-control,1,579,47872301,47999876,47999876,48121549
05-control,1,580,47872301,47999692,47999692,48121381
05-control,1,581,47872301,48000317,48000317,48121937
05-control,1,582,47872301,47998905,47998905,48120572
05-control,1,583,47872301,48000405,48000405,48122023
05-control,1,584,47872301,48001343,48001343,48122782
05-control,1,585,47872301,48000077,48000077,48121738
05-control,1,586,47872301,47999617,47999617,48121290
05-control,1,587,47872301,47999923,47999923,48121602
05-control,1,588,47872301,47999240,47999240,48120942
05-control,1,589,47872301,48000451,48000451,48122069
05-control,1,590,47872301,48000188,48000188,48121832
05-control,1,591,47872301,47998982,47998982,48149731
05-control,1,592,47872301,48000887,48000887,48122440
05-control,1,593,47872301,47999249,47999249,48150731
05-control,1,594,47872301,47999279,47999279,48150632
05-control,1,595,47872301,47998927,47998927,48149874
05-control,1,596,47872301,47999720,47999720,48150388
05-control,1,597,47872301,47999516,47999516,48121274
05-control,1,598,47872301,48000741,48000741,48122323
05-control,1,599,47872301,48000741,48000741,48122335
05-control,1,600,47872301,47999801,47999801,48150647
05-control,1,601,47872301,47999215,47999215,48120941
05-control,1,602,47872301,48000294,48000294,48121916
05-control,1,603,47872301,48001365,48001365,48122810
05-control,1,604,47872301,47999995,47999995,48121667
05-control,1,605,47872301,48001188,48001188,48122650
05-control,1,606,47872301,47998863,47998863,48150056
05-control,1,607,47872301,47999297,47999297,48121031
05-control,1,608,47872301,47999611,47999611,48121293
05-control,1,609,47872301,47999628,47999628,48150616
05-control,1,610,47872301,48001472,48001472,48122950
05-control,1,611,47872301,48001485,48001485,48123024
05-control,1,612,47872301,47999155,47999155,48120889
05-control,1,613,47872301,47999885,47999885,48150540
05-control,1,614,47872301,48001380,48001380,48122822
05-control,1,615,47872301,48000200,48000200,48121844
05-control,1,616,47872301,48000470,48000470,48122092
05-control,1,617,47872301,48000809,48000809,48122379
05-control,1,618,47872301,48000516,48000516,48122126
05-control,1,619,47872301,48001346,48001346,48122833
05-control,1,620,47872301,48000041,48000041,48121703
05-control,1,621,47872301,48001361,48001361,48122841
05-control,1,622,47872301,47999092,47999092,48150614
05-control,1,623,47872301,48000885,48000885,48122440
05-control,1,624,47872301,47999250,47999250,48120979
05-control,1,625,47872301,47999264,47999264,48150676
05-control,1,626,47872301,47999014,47999014,48149983
05-control,1,627,47872301,47999612,47999612,48121289
05-control,1,628,47872301,47998909,47998909,48149936
05-control,1,629,47872301,48001469,48001469,48123042
05-control,1,630,47872301,48000689,48000689,48122287
05-control,1,631,47872301,47999403,47999403,48149919
05-control,1,632,47872301,47999314,47999314,48121024
05-control,1,633,47872301,48000216,48000216,48121860
05-control,1,634,47872301,48000500,48000500,48122112
05-control,1,635,47872301,48000171,48000171,48121817
05-control,1,636,47872301,47999020,47999020,48150127
05-control,1,637,47872301,47999519,47999519,48121266
05-control,1,638,47872301,48001002,48001002,48122547
05-control,1,639,47872301,48000096,48000096,48121768
05-control,1,640,47872301,47999480,47999480,48150627
05-control,1,641,47872301,48001370,48001370,48122776
05-control,1,642,47872301,47998910,47998910,48150657
05-control,1,643,47872301,48000546,48000546,48122157
05-control,1,644,47872301,47999215,47999215,48150705
05-control,1,645,47872301,48001086,48001086,48122593
05-control,1,646,47872301,48000243,48000243,48121886
05-control,1,647,47872301,48000070,48000070,48121754
05-control,1,648,47872301,47998936,47998936,48149964
05-control,1,649,47872301,47999337,47999337,48150090
05-control,1,650,47872301,47999525,47999525,48150563
05-control,1,651,47872301,48000758,48000758,48122355
05-control,1,652,47872301,47999010,47999010,48149815
05-control,1,653,47872301,48000239,48000239,48121870
05-control,1,654,47872301,48001009,48001009,48122556
05-control,1,655,47872301,48001105,48001105,48122644
05-control,1,656,47872301,48000250,48000250,48121887
05-control,1,657,47872301,48000900,48000900,48122448
05-control,1,658,47872301,47998872,47998872,48149811
05-control,1,659,47872301,48001042,48001042,48122586
05-control,1,660,47872301,48001019,48001019,48122552
05-control,1,661,47872301,48000182,48000182,48121836
05-control,1,662,47872301,48001230,48001230,48122688
05-control,1,663,47872301,47999410,47999410,48149769
05-control,1,664,47872301,48000766,48000766,48122360
05-control,1,665,47872301,47998942,47998942,48150088
05-control,1,666,47872301,48000616,48000616,48122223
05-control,1,667,47872301,47999706,47999706,48121384
05-control,1,668,47872301,47999422,47999422,48121137
05-control,1,669,47872301,48000402,48000402,48122047
05-control,1,670,47872301,47999637,47999637,48121342
05-control,1,671,47872301,48000837,48000837,48122394
05-control,1,672,47872301,47999627,47999627,48121304
05-control,1,673,47872301,47999076,47999076,48150673
05-control,1,674,47872301,48001201,48001201,48122639
05-control,1,675,47872301,48000640,48000640,48122243
05-control,1,676,47872301,48000204,48000204,48121847
05-control,1,677,47872301,48000019,48000019,48121687
05-control,1,678,47872301,48001056,48001056,48122592
05-control,1,679,47872301,48000317,48000317,48121947
05-control,1,680,47872301,48000391,48000391,48122036
05-control,1,681,47872301,48001120,48001120,48122646
05-control,1,682,47872301,47999014,47999014,48150037
05-control,1,683,47872301,47999047,47999047,48149889
05-control,1,684,47872301,47998892,47998892,48150191
05-control,1,685,47872301,47998939,47998939,48149759
05-control,1,686,47872301,47999807,47999807,48121501
05-control,1,687,47872301,48000120,48000120,48121782
05-control,1,688,47872301,48000618,48000618,48122214
05-control,1,689,47872301,47999723,47999723,48121436
05-control,1,690,47872301,47999622,47999622,48150589
05-control,1,691,47872301,47999130,47999130,48150063
05-control,1,692,47872301,47999141,47999141,48120872
05-control,1,693,47872301,48033867,48033867,48133963
05-control,1,694,47872301,48037867,48037867,48144984
05-control,1,695,47872301,48033970,48033970,48159897
05-control,1,696,47872301,47998958,47998958,48136074
05-control,1,697,47872301,47999047,47999047,48150923
05-control,1,698,47872301,48001494,48001494,48129055
05-control,1,699,47872301,48000768,48000768,48150172
05-control,2,50,77844345,77973622,77973622,78123406
05-control,2,51,77844345,77974242,77974242,78124549
05-control,2,52,77844345,77974043,77974043,78124971
05-control,2,53,77844345,77972618,77972618,78102406
05-control,2,54,77844345,77972971,77972971,78125142
05-control,2,55,77844345,77971866,77971866,78122842
05-control,2,56,77844345,77972622,77972622,78123251
05-control,2,57,77844345,77971803,77971803,78122902
05-control,2,58,77844345,77972483,77972483,78102291
05-control,2,59,77844345,77973074,77973074,78103063
05-control,2,60,77844345,77972943,77972943,78102695
05-control,2,61,77844345,77972719,77972719,78123231
05-control,2,62,77844345,77974013,77974013,78124736
05-control,2,63,77844345,77972151,77972151,78123313
05-control,2,64,77844345,77972307,77972307,78123245
05-control,2,65,77844345,77973022,77973022,78102811
05-control,2,66,77844345,77973957,77973957,78124744
05-control,2,67,77844345,77974065,77974065,78125139
05-control,2,68,77844345,77973736,77973736,78125071
05-control,2,69,77844345,77973109,77973109,78123418
05-control,2,70,77844345,77972595,77972595,78123161
05-control,2,71,77844345,77972638,77972638,78102444
05-control,2,72,77844345,77971903,77971903,78122333
05-control,2,73,77844345,77973536,77973536,78124947
05-control,2,74,77844345,77973571,77973571,78124980
05-control,2,75,77844345,77973920,77973920,78124578
05-control,2,76,77844345,77972601,77972601,78102342
05-control,2,77,77844345,77974085,77974085,78124878
05-control,2,78,77844345,77972332,77972332,78123301
05-control,2,79,77844345,77973888,77973888,78124316
05-control,2,80,77844345,77972599,77972599,78123146
05-control,2,81,77844345,77972993,77972993,78102864
05-control,2,82,77844345,77973958,77973958,78125109
05-control,2,83,77844345,77974038,77974038,78124715
05-control,2,84,77844345,77974128,77974128,78124490
05-control,2,85,77844345,77972327,77972327,78123117
05-control,2,86,77844345,77973007,77973007,78123434
05-control,2,87,77844345,77974028,77974028,78124959
05-control,2,88,77844345,77972081,77972081,78101766
05-control,2,89,77844345,77972001,77972001,78101655
05-control,2,90,77844345,77974244,77974244,78124977
05-control,2,91,77844345,77971792,77971792,78122838
05-control,2,92,77844345,77971940,77971940,78101614
05-control,2,93,77844345,77973859,77973859,78125057
05-control,2,94,77844345,77972265,77972265,78123349
05-control,2,95,77844345,77974298,77974298,78124091
05-control,2,96,77844345,77973468,77973468,78124891
05-control,2,97,77844345,77973282,77973282,78103534
05-control,2,98,77844345,77974292,77974292,78124555
05-control,2,99,77844345,77973280,77973280,78103453
05-control,2,100,77844345,77971887,77971887,78122046
05-control,2,101,77844345,77973791,77973791,78124882
05-control,2,102,77844345,77973437,77973437,78125119
05-control,2,103,77844345,77971778,77971778,78121833
05-control,2,104,77844345,77973780,77973780,78124733
05-control,2,105,77844345,77972694,77972694,78102531
05-control,2,106,77844345,77973525,77973525,78125028
05-control,2,107,77844345,77973092,77973092,78103256
05-control,2,108,77844345,77973734,77973734,78125327
05-control,2,109,77844345,77973436,77973436,78125042
05-control,2,110,77844345,77973495,77973495,78124777
05-control,2,111,77844345,77972133,77972133,78123257
05-control,2,112,77844345,77973504,77973504,78124793
05-control,2,113,77844345,77971813,77971813,78122714
05-control,2,114,77844345,77972637,77972637,78123082
05-control,2,115,77844345,77974285,77974285,78124817
05-control,2,116,77844345,77973298,77973298,78103469
05-control,2,117,77844345,77973403,77973403,78125030
05-control,2,118,77844345,77972716,77972716,78102554
05-control,2,119,77844345,77973759,77973759,78124748
05-control,2,120,77844345,77974253,77974253,78125271
05-control,2,121,77844345,77973944,77973944,78124964
05-control,2,122,77844345,77973629,77973629,78123454
05-control,2,123,77844345,77973096,77973096,78123424
05-control,2,124,77844345,77973104,77973104,78125238
05-control,2,125,77844345,77973295,77973295,78124872
05-control,2,126,77844345,77974164,77974164,78124678
05-control,2,127,77844345,77971833,77971833,78122770
05-control,2,128,77844345,77971836,77971836,78122343
05-control,2,129,77844345,77973675,77973675,78124899
05-control,2,130,77844345,77971900,77971900,78122942
05-control,2,131,77844345,77972495,77972495,78102321
05-control,2,132,77844345,77974098,77974098,78124966
05-control,2,133,77844345,77973187,77973187,78103378
05-control,2,134,77844345,77971887,77971887,78122220
05-control,2,135,77844345,77973607,77973607,78123376
05-control,2,136,77844345,77973683,77973683,78125225
05-control,2,137,77844345,77972062,77972062,78122838
05-control,2,138,77844345,77972734,77972734,78102571
05-control,2,139,77844345,77972009,77972009,78122689
05-control,2,140,77844345,77974209,77974209,78125141
05-control,2,141,77844345,77974311,77974311,78105160
05-control,2,142,77844345,77974054,77974054,78125270
05-control,2,143,77844345,77973448,77973448,78123372
05-control,2,144,77844345,77973701,77973701,78125208
05-control,2,145,77844345,77973156,77973156,78103181
05-control,2,146,77844345,77973693,77973693,78124797
05-control,2,147,77844345,77973714,77973714,78125103
05-control,2,148,77844345,77974130,77974130,78124619
05-control,2,149,77844345,77972594,77972594,78123324
05-control,2,150,77844345,77973183,77973183,78125310
05-control,2,151,77844345,77974268,77974268,78124114
05-control,2,152,77844345,77973461,77973461,78103683
05-control,2,153,77844345,77972981,77972981,78125074
05-control,2,154,77844345,77973253,77973253,78103516
05-control,2,155,77844345,77973385,77973385,78103603
05-control,2,156,77844345,77973309,77973309,78123435
05-control,2,157,77844345,77972878,77972878,78123090
05-control,2,158,77844345,77973936,77973936,78125084
05-control,2,159,77844345,77974216,77974216,78105076
05-control,2,160,77844345,77974042,77974042,78125154
05-control,2,161,77844345,77972450,77972450,78123046
05-control,2,162,77844345,77971915,77971915,78122163
05-control,2,163,77844345,77971760,77971760,78122458
05-control,2,164,77844345,77972845,77972845,78102621
05-control,2,165,77844345,77973616,77973616,78125338
05-control,2,166,77844345,77973165,77973165,78125014
05-control,2,167,77844345,77972288,77972288,78123180
05-control,2,168,77844345,77973698,77973698,78125303
05-control,2,169,77844345,77972273,77972273,78101942
05-control,2,170,77844345,77972178,77972178,78123089
05-control,2,171,77844345,77972190,77972190,78123326
05-control,2,172,77844345,77972564,77972564,78123159
05-control,2,173,77844345,77974051,77974051,78124666
05-control,2,174,77844345,77972344,77972344,78123373
05-control,2,175,77844345,77972851,77972851,78102645
05-control,2,176,77844345,77973735,77973735,78125153
05-control,2,177,77844345,77972604,77972604,78123337
05-control,2,178,77844345,77972974,77972974,78123202
05-control,2,179,77844345,77971970,77971970,78121821
05-control,2,180,77844345,77973753,77973753,78125315
05-control,2,181,77844345,77971769,77971769,78122787
05-control,2,182,77844345,77974180,77974180,78124990
05-control,2,183,77844345,77974012,77974012,78125295
05-control,2,184,77844345,77974215,77974215,78124608
05-control,2,185,77844345,77974197,77974197,78125123
05-control,2,186,77844345,77974130,77974130,78125024
05-control,2,187,77844345,77972891,77972891,78123243
05-control,2,188,77844345,77972480,77972480,78123264
05-control,2,189,77844345,77972187,77972187,78123357
05-control,2,190,77844345,77973828,77973828,78124497
05-control,2,191,77844345,77974003,77974003,78123937
05-control,2,192,77844345,77972306,77972306,78122978
05-control,2,193,77844345,77972641,77972641,78102460
05-control,2,194,77844345,77971991,77971991,78101625
05-control,2,195,77844345,77974180,77974180,78124618
05-control,2,196,77844345,77973022,77973022,78125066
05-control,2,197,77844345,77971846,77971846,78122916
05-control,2,198,77844345,77974037,77974037,78125153
05-control,2,199,77844345,77974065,77974065,78125061
05-control,2,200,77844345,77973423,77973423,78124817
05-control,2,201,77844345,77973449,77973449,78125032
05-control,2,202,77844345,77972325,77972325,78123341
05-control,2,203,77844345,77973924,77973924,78125188
05-control,2,204,77844345,77973160,77973160,78103432
05-control,2,205,77844345,77972628,77972628,78123314
05-control,2,206,77844345,77974093,77974093,78124881
05-control,2,207,77844345,77974224,77974224,78124789
05-control,2,208,77844345,77972011,77972011,78101658
05-control,2,209,77844345,77973748,77973748,78124204
05-control,2,210,77844345,77972271,77972271,78123129
05-control,2,211,77844345,77974229,77974229,78124688
05-control,2,212,77844345,77972000,77972000,78122926
05-control,2,213,77844345,77973181,77973181,78103354
05-control,2,214,77844345,77973159,77973159,78103330
05-control,2,215,77844345,77972655,77972655,78102483
05-control,2,216,77844345,77971853,77971853,78122182
05-control,2,217,77844345,77974213,77974213,78124671
05-control,2,218,77844345,77972631,77972631,78123231
05-control,2,219,77844345,77973935,77973935,78125045
05-control,2,220,77844345,77972278,77972278,78123264
05-control,2,221,77844345,77973551,77973551,78124880
05-control,2,222,77844345,77972479,77972479,78122998
05-control,2,223,77844345,77972319,77972319,78122998
05-control,2,224,77844345,77972323,77972323,78123332
05-control,2,225,77844345,77972059,77972059,78101742
05-control,2,226,77844345,77972726,77972726,78102566
05-control,2,227,77844345,77972338,77972338,78123261
05-control,2,228,77844345,77972851,77972851,78102626
05-control,2,229,77844345,77973711,77973711,78124859
05-control,2,230,77844345,77971863,77971863,78122803
05-control,2,231,77844345,77972203,77972203,78123033
05-control,2,232,77844345,77973851,77973851,78124919
05-control,2,233,77844345,77973718,77973718,78124612
05-control,2,234,77844345,77974148,77974148,78125302
05-control,2,235,77844345,77973319,77973319,78103594
05-control,2,236,77844345,77972239,77972239,78123012
05-control,2,237,77844345,77972587,77972587,78123180
05-control,2,238,77844345,77971868,77971868,78122796
05-control,2,239,77844345,77972714,77972714,78102540
05-control,2,240,77844345,77974197,77974197,78125080
05-control,2,241,77844345,77971835,77971835,78122913
05-control,2,242,77844345,77972391,77972391,78123175
05-control,2,243,77844345,77972318,77972318,78123398
05-control,2,244,77844345,77971972,77971972,78122037
05-control,2,245,77844345,77973285,77973285,78123366
05-control,2,246,77844345,77974266,77974266,78124943
05-control,2,247,77844345,77971888,77971888,78122874
05-control,2,248,77844345,77973171,77973171,78125126
05-control,2,249,77844345,77974257,77974257,78124440
05-control,2,250,77844345,77973052,77973052,78125308
05-control,2,251,77844345,77973158,77973158,78103313
05-control,2,252,77844345,77972412,77972412,78102227
05-control,2,253,77844345,77973804,77973804,78125241
05-control,2,254,77844345,77974141,77974141,78124767
05-control,2,255,77844345,77973929,77973929,78125135
05-control,2,256,77844345,77972290,77972290,78101996
05-control,2,257,77844345,77972470,77972470,78102212
05-control,2,258,77844345,77974146,77974146,78124699
05-control,2,259,77844345,77972614,77972614,78102422
05-control,2,260,77844345,77972026,77972026,78121946
05-control,2,261,77844345,77972428,77972428,78123215
05-control,2,262,77844345,77973468,77973468,78124865
05-control,2,263,77844345,77972337,77972337,78102129
05-control,2,264,77844345,77971854,77971854,78122286
05-control,2,265,77844345,77971870,77971870,78122748
05-control,2,266,77844345,77973172,77973172,78123399
05-control,2,267,77844345,77974073,77974073,78125212
05-control,2,268,77844345,77972349,77972349,78122975
05-control,2,269,77844345,77972447,77972447,78123162
05-control,2,270,77844345,77972512,77972512,78123226
05-control,2,271,77844345,77972066,77972066,78122510
05-control,2,272,77844345,77971831,77971831,78122053
05-control,2,273,77844345,77973771,77973771,78125126
05-control,2,274,77844345,77973452,77973452,78124929
05-control,2,275,77844345,77972348,77972348,78102102
05-control,2,276,77844345,77971896,77971896,78122731
05-control,2,277,77844345,77972339,77972339,78123292
05-control,2,278,77844345,77973490,77973490,78124754
05-control,2,279,77844345,77974212,77974212,78125284
05-control,2,280,77844345,77974109,77974109,78124426
05-control,2,281,77844345,77973514,77973514,78123489
05-control,2,282,77844345,77973721,77973721,78124763
05-control,2,283,77844345,77972743,77972743,78102570
05-control,2,284,77844345,77973012,77973012,78123442
05-control,2,285,77844345,77972192,77972192,78123011
05-control,2,286,77844345,77971870,77971870,78122113
05-control,2,287,77844345,77973421,77973421,78124811
05-control,2,288,77844345,77973584,77973584,78124894
05-control,2,289,77844345,77972326,77972326,78122974
05-control,2,290,77844345,77974259,77974259,78105127
05-control,2,291,77844345,77972232,77972232,78123011
05-control,2,292,77844345,77972467,77972467,78123256
05-control,2,293,77844345,77972245,77972245,78123018
05-control,2,294,77844345,77974209,77974209,78124716
05-control,2,295,77844345,77973151,77973151,78125099
05-control,2,296,77844345,77972983,77972983,78102770
05-control,2,297,77844345,77971811,77971811,78122447
05-control,2,298,77844345,77972816,77972816,78102605
05-control,2,299,77844345,77972218,77972218,78122985
05-control,2,300,77844345,77972151,77972151,78122659
05-control,2,301,77844345,77971900,77971900,78122916
05-control,2,302,77844345,77971850,77971850,78122319
05-control,2,303,77844345,77973303,77973303,78124812
05-control,2,304,77844345,77974274,77974274,78124694
05-control,2,305,77844345,77973324,77973324,78123478
05-control,2,306,77844345,77973217,77973217,78103409
05-control,2,307,77844345,77972169,77972169,78122685
05-control,2,308,77844345,77972653,77972653,78123294
05-control,2,309,77844345,77973965,77973965,78125288
05-control,2,310,77844345,77973517,77973517,78103716
05-control,2,311,77844345,77971917,77971917,78122643
05-control,2,312,77844345,77973789,77973789,78125106
05-control,2,313,77844345,77972586,77972586,78123242
05-control,2,314,77844345,77973995,77973995,78124602
05-control,2,315,77844345,77972499,77972499,78123323
05-control,2,316,77844345,77973933,77973933,78124572
05-control,2,317,77844345,77973062,77973062,78125351
05-control,2,318,77844345,77973810,77973810,78124836
05-control,2,319,77844345,77971848,77971848,78122771
05-control,2,320,77844345,77972639,77972639,78123039
05-control,2,321,77844345,77973026,77973026,78125196
05-control,2,322,77844345,77971871,77971871,78122912
05-control,2,323,77844345,77972309,77972309,78101980
05-control,2,324,77844345,77972575,77972575,78123167
05-control,2,325,77844345,77974285,77974285,78124888
05-control,2,326,77844345,77972444,77972444,78123093
05-control,2,327,77844345,77972938,77972938,78123158
05-control,2,328,77844345,77973314,77973314,78125248
05-control,2,329,77844345,77972455,77972455,78102240
05-control,2,330,77844345,77972802,77972802,78123174
05-control,2,331,77844345,77973039,77973039,78125319
05-control,2,332,77844345,77973690,77973690,78125323
05-control,2,333,77844345,77973660,77973660,78124801
05-control,2,334,77844345,77974193,77974193,78125068
05-control,2,335,77844345,77973389,77973389,78123412
05-control,2,336,77844345,77971788,77971788,78122975
05-control,2,337,77844345,77972043,77972043,78122861
05-control,2,338,77844345,77974000,77974000,78125049
05-control,2,339,77844345,77974046,77974046,78125221
05-control,2,340,77844345,77974128,77974128,78125304
05-control,2,341,77844345,77974277,77974277,78125309
05-control,2,342,77844345,77974081,77974081,78124667
05-control,2,343,77844345,77972989,77972989,78102933
05-control,2,344,77844345,77973695,77973695,78125138
05-control,2,345,77844345,77974088,77974088,78124490
05-control,2,346,77844345,77972967,77972967,78124906
05-control,2,347,77844345,77973406,77973406,78103635
05-control,2,348,77844345,77972837,77972837,78102616
05-control,2,349,77844345,77974175,77974175,78124148
05-control,2,350,77844345,77971876,77971876,78122970
05-control,2,351,77844345,77972339,77972339,78123318
05-control,2,352,77844345,77972822,77972822,78102609
05-control,2,353,77844345,77973973,77973973,78124695
05-control,2,354,77844345,77972479,77972479,78102260
05-control,2,355,77844345,77972667,77972667,78123094
05-control,2,356,77844345,77973632,77973632,78125271
05-control,2,357,77844345,77971769,77971769,78122584
05-control,2,358,77844345,77973741,77973741,78124896
05-control,2,359,77844345,77973098,77973098,78125322
05-control,2,360,77844345,77973682,77973682,78104007
05-control,2,361,77844345,77972030,77972030,78122715
05-control,2,362,77844345,77971875,77971875,78122861
05-control,2,363,77844345,77973605,77973605,78125010
05-control,2,364,77844345,77973622,77973622,78124923
05-control,2,365,77844345,77973118,77973118,78103272
05-control,2,366,77844345,77973454,77973454,78124811
05-control,2,367,77844345,77971991,77971991,78122764
05-control,2,368,77844345,77973587,77973587,78124855
05-control,2,369,77844345,77972094,77972094,78122839
05-control,2,370,77844345,77973558,77973558,78124892
05-control,2,371,77844345,77974108,77974108,78125314
05-control,2,372,77844345,77972404,77972404,78123295
05-control,2,373,77844345,77973120,77973120,78103136
05-control,2,374,77844345,77973798,77973798,78125220
05-control,2,375,77844345,77972278,77972278,78123341
05-control,2,376,77844345,77974037,77974037,78104666
05-control,2,377,77844345,77971863,77971863,78122967
05-control,2,378,77844345,77972097,77972097,78122715
05-control,2,379,77844345,77972308,77972308,78123258
05-control,2,380,77844345,77974225,77974225,78105089
05-control,2,381,77844345,77973274,77973274,78123424
05-control,2,382,77844345,77974285,77974285,78105132
05-control,2,383,77844345,77972259,77972259,78123090
05-control,2,384,77844345,77972615,77972615,78123146
05-control,2,385,77844345,77972342,77972342,78123365
05-control,2,386,77844345,77973196,77973196,78103369
05-control,2,387,77844345,77972762,77972762,78102581
05-control,2,388,77844345,77973933,77973933,78124571
05-control,2,389,77844345,77973846,77973846,78125221
05-control,2,390,77844345,77972860,77972860,78123006
05-control,2,391,77844345,77974034,77974034,78124260
05-control,2,392,77844345,77971988,77971988,78122567
05-control,2,393,77844345,77973779,77973779,78124551
05-control,2,394,77844345,77973424,77973424,78125052
05-control,2,395,77844345,77973976,77973976,78125257
05-control,2,396,77844345,77973903,77973903,78124731
05-control,2,397,77844345,77973071,77973071,78125071
05-control,2,398,77844345,77973519,77973519,78124779
05-control,2,399,77844345,77974300,77974300,78124382
05-control,2,400,77844345,77971793,77971793,78122743
05-control,2,401,77844345,77972617,77972617,78123097
05-control,2,402,77844345,77973691,77973691,78124797
05-control,2,403,77844345,77971862,77971862,78122979
05-control,2,404,77844345,77971881,77971881,78122872
05-control,2,405,77844345,77972036,77972036,78101730
05-control,2,406,77844345,77973785,77973785,78124732
05-control,2,407,77844345,77973635,77973635,78123433
05-control,2,408,77844345,77972985,77972985,78125241
05-control,2,409,77844345,77973013,77973013,78125155
05-control,2,410,77844345,77971839,77971839,78122857
05-control,2,411,77844345,77972434,77972434,78102203
05-control,2,412,77844345,77973407,77973407,78124892
05-control,2,413,77844345,77972935,77972935,78123248
05-control,2,414,77844345,77974022,77974022,78124572
05-control,2,415,77844345,77972851,77972851,78102611
05-control,2,416,77844345,77971928,77971928,78122930
05-control,2,417,77844345,77971925,77971925,78101618
05-control,2,418,77844345,77973918,77973918,78124653
05-control,2,419,77844345,77973441,77973441,78124906
05-control,2,420,77844345,77973461,77973461,78124976
05-control,2,421,77844345,77972221,77972221,78123080
05-control,2,422,77844345,77973770,77973770,78124816
05-control,2,423,77844345,77972673,77972673,78102516
05-control,2,424,77844345,77972559,77972559,78123333
05-control,2,425,77844345,77972882,77972882,78123484
05-control,2,426,77844345,77973146,77973146,78103306
05-control,2,427,77844345,77972880,77972880,78102670
05-control,2,428,77844345,77973983,77973983,78125156
05-control,2,429,77844345,77972671,77972671,78102512
05-control,2,430,77844345,77972063,77972063,78101754
05-control,2,431,77844345,77972694,77972694,78102537
05-control,2,432,77844345,77972789,77972789,78123155
05-control,2,433,77844345,77973979,77973979,78124709
05-control,2,434,77844345,77973592,77973592,78124801
05-control,2,435,77844345,77971759,77971759,78122927
05-control,2,436,77844345,77973196,77973196,78103222
05-control,2,437,77844345,77972710,77972710,78102562
05-control,2,438,77844345,77972319,77972319,78102012
05-control,2,439,77844345,77972733,77972733,78102597
05-control,2,440,77844345,77971837,77971837,78122816
05-control,2,441,77844345,77973212,77973212,78124793
05-control,2,442,77844345,77972866,77972866,78123226
05-control,2,443,77844345,77972081,77972081,78122708
05-control,2,444,77844345,77972513,77972513,78123229
05-control,2,445,77844345,77971795,77971795,78122615
05-control,2,446,77844345,77971888,77971888,78122775
05-control,2,447,77844345,77973947,77973947,78125277
05-control,2,448,77844345,77973105,77973105,78124988
05-control,2,449,77844345,77971899,77971899,78122277
05-control,2,450,77844345,77972911,77972911,78123165
05-control,2,451,77844345,77972461,77972461,78123350
05-control,2,452,77844345,77972499,77972499,78123242
05-control,2,453,77844345,77973647,77973647,78124999
05-control,2,454,77844345,77973145,77973145,78123480
05-control,2,455,77844345,77972078,77972078,78122777
05-control,2,456,77844345,77971804,77971804,78122905
05-control,2,457,77844345,77973038,77973038,78123486
05-control,2,458,77844345,77972666,77972666,78102520
05-control,2,459,77844345,77972010,77972010,78122925
05-control,2,460,77844345,77971905,77971905,78122670
05-control,2,461,77844345,77971806,77971806,78122631
05-control,2,462,77844345,77972463,77972463,78123187
05-control,2,463,77844345,77972032,77972032,78122683
05-control,2,464,77844345,77971853,77971853,78122739
05-control,2,465,77844345,77972454,77972454,78123092
05-control,2,466,77844345,77972617,77972617,78123061
05-control,2,467,77844345,77972893,77972893,78102722
05-control,2,468,77844345,77972355,77972355,78102121
05-control,2,469,77844345,77971749,77971749,78122536
05-control,2,470,77844345,77971725,77971725,78122748
05-control,2,471,77844345,77974051,77974051,78124883
05-control,2,472,77844345,77973048,77973048,78102829
05-control,2,473,77844345,77974158,77974158,78125067
05-control,2,474,77844345,77971861,77971861,78122851
05-control,2,475,77844345,77973365,77973365,78124944
05-control,2,476,77844345,77973748,77973748,78124537
05-control,2,477,77844345,77974191,77974191,78124654
05-control,2,478,77844345,77972041,77972041,78101723
05-control,2,479,77844345,77973183,77973183,78123408
05-control,2,480,77844345,77972776,77972776,78123312
05-control,2,481,77844345,77973560,77973560,78125068
05-control,2,482,77844345,77972864,77972864,78102657
05-control,2,483,77844345,77971813,77971813,78122581
05-control,2,484,77844345,77973800,77973800,78124556
05-control,2,485,77844345,77973500,77973500,78124752
05-control,2,486,77844345,77973505,77973505,78124802
05-control,2,487,77844345,77974119,77974119,78124943
05-control,2,488,77844345,77973492,77973492,78123481
05-control,2,489,77844345,77972298,77972298,78102029
05-control,2,490,77844345,77971845,77971845,78122114
05-control,2,491,77844345,77973952,77973952,78125243
05-control,2,492,77844345,77973049,77973049,78123470
05-control,2,493,77844345,77974262,77974262,78124325
05-control,2,494,77844345,77974296,77974296,78105145
05-control,2,495,77844345,77972675,77972675,78123253
05-control,2,496,77844345,77972359,77972359,78123203
05-control,2,497,77844345,77973526,77973526,78123497
05-control,2,498,77844345,77973075,77973075,78125326
05-control,2,499,77844345,77973992,77973992,78125190
05-control,2,500,77844345,77973300,77973300,78103573
05-control,2,501,77844345,77973122,77973122,78103288
05-control,2,502,77844345,77973431,77973431,78124972
05-control,2,503,77844345,77973581,77973581,78124735
05-control,2,504,77844345,77973253,77973253,78103537
05-control,2,505,77844345,77972017,77972017,78101705
05-control,2,506,77844345,77974229,77974229,78125236
05-control,2,507,77844345,77972875,77972875,78122976
05-control,2,508,77844345,77973566,77973566,78124980
05-control,2,509,77844345,77973728,77973728,78124806
05-control,2,510,77844345,77973819,77973819,78124638
05-control,2,511,77844345,77972193,77972193,78122989
05-control,2,512,77844345,77973130,77973130,78123399
05-control,2,513,77844345,77972613,77972613,78123328
05-control,2,514,77844345,77972968,77972968,78125258
05-control,2,515,77844345,77973250,77973250,78123420
05-control,2,516,77844345,77973539,77973539,78123441
05-control,2,517,77844345,77973132,77973132,78125215
05-control,2,518,77844345,77973987,77973987,78125242
05-control,2,519,77844345,77972291,77972291,78123224
05-control,2,520,77844345,77973231,77973231,78124985
05-control,2,521,77844345,77973597,77973597,78124835
05-control,2,522,77844345,77974272,77974272,78124265
05-control,2,523,77844345,77973074,77973074,78103319
05-control,2,524,77844345,77972679,77972679,78102506
05-control,2,525,77844345,77974141,77974141,78125041
05-control,2,526,77844345,77973667,77973667,78125141
05-control,2,527,77844345,77971906,77971906,78121743
05-control,2,528,77844345,77972969,77972969,78123416
05-control,2,529,77844345,77973964,77973964,78125204
05-control,2,530,77844345,77972697,77972697,78102556
05-control,2,531,77844345,77971882,77971882,78122782
05-control,2,532,77844345,77971939,77971939,78121888
05-control,2,533,77844345,77972634,77972634,78123162
05-control,2,534,77844345,77973328,77973328,78103593
05-control,2,535,77844345,77971912,77971912,78122831
05-control,2,536,77844345,77971785,77971785,78122833
05-control,2,537,77844345,77972300,77972300,78123280
05-control,2,538,77844345,77972891,77972891,78123061
05-control,2,539,77844345,77974306,77974306,78105164
05-control,2,540,77844345,77972329,77972329,78123211
05-control,2,541,77844345,77974071,77974071,78124714
05-control,2,542,77844345,77973648,77973648,78124753
05-control,2,543,77844345,77972346,77972346,78102055
05-control,2,544,77844345,77972475,77972475,78123013
05-control,2,545,77844345,77971752,77971752,78122642
05-control,2,546,77844345,77971917,77971917,78101589
05-control,2,547,77844345,77971913,77971913,78122624
05-control,2,548,77844345,77971880,77971880,78122388
05-control,2,549,77844345,77971932,77971932,78121993
05-control,2,550,77844345,77972169,77972169,78123011
05-control,2,551,77844345,77974239,77974239,78105102
05-control,2,552,77844345,77971879,77971879,78122228
05-control,2,553,77844345,77971851,77971851,78122390
05-control,2,554,77844345,77973795,77973795,78125143
05-control,2,555,77844345,77972132,77972132,78122976
05-control,2,556,77844345,77973001,77973001,78124835
05-control,2,557,77844345,77971934,77971934,78122927
05-control,2,558,77844345,77971837,77971837,78122400
05-control,2,559,77844345,77973971,77973971,78125135
05-control,2,560,77844345,77974020,77974020,78104654
05-control,2,561,77844345,77972960,77972960,78123007
05-control,2,562,77844345,77971738,77971738,78121962
05-control,2,563,77844345,77972361,77972361,78123079
05-control,2,564,77844345,77972149,77972149,78123087
05-control,2,565,77844345,77972465,77972465,78102275
05-control,2,566,77844345,77972029,77972029,78122839
05-control,2,567,77844345,77972973,77972973,78123468
05-control,2,568,77844345,77972741,77972741,78102583
05-control,2,569,77844345,77973531,77973531,78103889
05-control,2,570,77844345,77973393,77973393,78103622
05-control,2,571,77844345,77973509,77973509,78124897
05-control,2,572,77844345,77973293,77973293,78123487
05-control,2,573,77844345,77971794,77971794,78122830
05-control,2,574,77844345,77972285,77972285,78123049
05-control,2,575,77844345,77973233,77973233,78123428
05-control,2,576,77844345,77973952,77973952,78124633
05-control,2,577,77844345,77972731,77972731,78102581
05-control,2,578,77844345,77974031,77974031,78125186
05-control,2,579,77844345,77972680,77972680,78123133
05-control,2,580,77844345,77972486,77972486,78123060
05-control,2,581,77844345,77973196,77973196,78125356
05-control,2,582,77844345,77971820,77971820,78121763
05-control,2,583,77844345,77973211,77973211,78123468
05-control,2,584,77844345,77974013,77974013,78125201
05-control,2,585,77844345,77972952,77972952,78125224
05-control,2,586,77844345,77972358,77972358,78102135
05-control,2,587,77844345,77972705,77972705,78123085
05-control,2,588,77844345,77972021,77972021,78122835
05-control,2,589,77844345,77973310,77973310,78124942
05-control,2,590,77844345,77973021,77973021,78124912
05-control,2,591,77844345,77971709,77971709,78122251
05-control,2,592,77844345,77973699,77973699,78124764
05-control,2,593,77844345,77972047,77972047,78122721
05-control,2,594,77844345,77972079,77972079,78122534
05-control,2,595,77844345,77971743,77971743,78122457
05-control,2,596,77844345,77972533,77972533,78123172
05-control,2,597,77844345,77972308,77972308,78123146
05-control,2,598,77844345,77973594,77973594,78124862
05-control,2,599,77844345,77973600,77973600,78123402
05-control,2,600,77844345,77972632,77972632,78123144
05-control,2,601,77844345,77972030,77972030,78122607
05-control,2,602,77844345,77973141,77973141,78125330
05-control,2,603,77844345,77974064,77974064,78124208
05-control,2,604,77844345,77972875,77972875,78102641
05-control,2,605,77844345,77973918,77973918,78124980
05-control,2,606,77844345,77971864,77971864,78122723
05-control,2,607,77844345,77972097,77972097,78122892
05-control,2,608,77844345,77972365,77972365,78123160
05-control,2,609,77844345,77972370,77972370,78102160
05-control,2,610,77844345,77974197,77974197,78125246
05-control,2,611,77844345,77974247,77974247,78105131
05-control,2,612,77844345,77971940,77971940,78122902
05-control,2,613,77844345,77972692,77972692,78102530
05-control,2,614,77844345,77974097,77974097,78125027
05-control,2,615,77844345,77973027,77973027,78103013
05-control,2,616,77844345,77973315,77973315,78124981
05-control,2,617,77844345,77973707,77973707,78124814
05-control,2,618,77844345,77973239,77973239,78125189
05-control,2,619,77844345,77974113,77974113,78124669
05-control,2,620,77844345,77972840,77972840,78123330
05-control,2,621,77844345,77974112,77974112,78124708
05-control,2,622,77844345,77971887,77971887,78122652
05-control,2,623,77844345,77973579,77973579,78125270
05-control,2,624,77844345,77972060,77972060,78101746
05-control,2,625,77844345,77972048,77972048,78122819
05-control,2,626,77844345,77971881,77971881,78123125
05-control,2,627,77844345,77972360,77972360,78123075
05-control,2,628,77844345,77971740,77971740,78122884
05-control,2,629,77844345,77974249,77974249,78105116
05-control,2,630,77844345,77973526,77973526,78124945
05-control,2,631,77844345,77972253,77972253,78123076
05-control,2,632,77844345,77972189,77972189,78122894
05-control,2,633,77844345,77973057,77973057,78125159
05-control,2,634,77844345,77973305,77973305,78123285
05-control,2,635,77844345,77973000,77973000,78125322
05-control,2,636,77844345,77971810,77971810,78122171
05-control,2,637,77844345,77972354,77972354,78102042
05-control,2,638,77844345,77973996,77973996,78124631
05-control,2,639,77844345,77972973,77972973,78123422
05-control,2,640,77844345,77972326,77972326,78122991
05-control,2,641,77844345,77974124,77974124,78124370
05-control,2,642,77844345,77971805,77971805,78121807
05-control,2,643,77844345,77973404,77973404,78125128
05-control,2,644,77844345,77972025,77972025,78122930
05-control,2,645,77844345,77973762,77973762,78124613
05-control,2,646,77844345,77973007,77973007,78103096
05-control,2,647,77844345,77972955,77972955,78102754
05-control,2,648,77844345,77971770,77971770,78122613
05-control,2,649,77844345,77972186,77972186,78123102
05-control,2,650,77844345,77972345,77972345,78123325
05-control,2,651,77844345,77973644,77973644,78125190
05-control,2,652,77844345,77971776,77971776,78122811
05-control,2,653,77844345,77973061,77973061,78123414
05-control,2,654,77844345,77974024,77974024,78124788
05-control,2,655,77844345,77973720,77973720,78124703
05-control,2,656,77844345,77973099,77973099,78125061
05-control,2,657,77844345,77973712,77973712,78125160
05-control,2,658,77844345,77971753,77971753,78122620
05-control,2,659,77844345,77973754,77973754,78125112
05-control,2,660,77844345,77974029,77974029,78124517
05-control,2,661,77844345,77973007,77973007,78125305
05-control,2,662,77844345,77973978,77973978,78124630
05-control,2,663,77844345,77972256,77972256,78123096
05-control,2,664,77844345,77973648,77973648,78123376
05-control,2,665,77844345,77971726,77971726,78122526
05-control,2,666,77844345,77973533,77973533,78125004
05-control,2,667,77844345,77972483,77972483,78123230
05-control,2,668,77844345,77972235,77972235,78123179
05-control,2,669,77844345,77973230,77973230,78103394
05-control,2,670,77844345,77972426,77972426,78102198
05-control,2,671,77844345,77973594,77973594,78123433
05-control,2,672,77844345,77972393,77972393,78123053
05-control,2,673,77844345,77971902,77971902,78122000
05-control,2,674,77844345,77973907,77973907,78125195
05-control,2,675,77844345,77973435,77973435,78125065
05-control,2,676,77844345,77973036,77973036,78103029
05-control,2,677,77844345,77972954,77972954,78123295
05-control,2,678,77844345,77973754,77973754,78124860
05-control,2,679,77844345,77973210,77973210,78124895
05-control,2,680,77844345,77973226,77973226,78125306
05-control,2,681,77844345,77973837,77973837,78124632
05-control,2,682,77844345,77971761,77971761,78122675
05-control,2,683,77844345,77971806,77971806,78122605
05-control,2,684,77844345,77971841,77971841,78121785
05-control,2,685,77844345,77971787,77971787,78122714
05-control,2,686,77844345,77972625,77972625,78123012
05-control,2,687,77844345,77973026,77973026,78124969
05-control,2,688,77844345,77973550,77973550,78125004
05-control,2,689,77844345,77972568,77972568,78123072
05-control,2,690,77844345,77972358,77972358,78123382
05-control,2,691,77844345,77971905,77971905,78122106
05-control,2,692,77844345,78004871,78004871,78106982
05-control,2,693,77844345,78009866,78009866,78117990
05-control,2,694,77844345,77972690,77972690,78134904
05-control,2,695,77844345,77972955,77972955,78113995
05-control,2,696,77844345,77971736,77971736,78101358
05-control,2,697,77844345,77971821,77971821,78106975
05-control,2,698,77844345,77974309,77974309,78124954
05-control,2,699,77844345,77973659,77973659,78133944
05-control,3,50,107814053,107946092,107946092,108101283
05-control,3,51,107814053,107947088,107947088,108101121
05-control,3,52,107814053,107946924,107946924,108100234
05-control,3,53,107814053,107944682,107944682,108072109
05-control,3,54,107814053,107945274,107945274,108099418
05-control,3,55,107814053,107943490,107943490,108093122
05-control,3,56,107814053,107944656,107944656,108099459
05-control,3,57,107814053,107943221,107943221,108092722
05-control,3,58,107814053,107944548,107944548,108072019
05-control,3,59,107814053,107945334,107945334,108072554
05-control,3,60,107814053,107945048,107945048,108072381
05-control,3,61,107814053,107944911,107944911,108099143
05-control,3,62,107814053,107946770,107946770,108100252
05-control,3,63,107814053,107944078,107944078,108099835
05-control,3,64,107814053,107944191,107944191,108098424
05-control,3,65,107814053,107945198,107945198,108099830
05-control,3,66,107814053,107946432,107946432,108100487
05-control,3,67,107814053,107946815,107946815,108100482
05-control,3,68,107814053,107946535,107946535,108100249
05-control,3,69,107814053,107945468,107945468,108099099
05-control,3,70,107814053,107944680,107944680,108099666
05-control,3,71,107814053,107944749,107944749,108072154
05-control,3,72,107814053,107943652,107943652,108098256
05-control,3,73,107814053,107945874,107945874,108100340
05-control,3,74,107814053,107945888,107945888,108100355
05-control,3,75,107814053,107946677,107946677,108100468
05-control,3,76,107814053,107944617,107944617,108072087
05-control,3,77,107814053,107946953,107946953,108100497
05-control,3,78,107814053,107944343,107944343,108098325
05-control,3,79,107814053,107946896,107946896,108100122
05-control,3,80,107814053,107944649,107944649,108099804
05-control,3,81,107814053,107945257,107945257,108099863
05-control,3,82,107814053,107946710,107946710,108100432
05-control,3,83,107814053,107946509,107946509,108101264
05-control,3,84,107814053,107946881,107946881,108100472
05-control,3,85,107814053,107944201,107944201,108098507
05-control,3,86,107814053,107945179,107945179,108099857
05-control,3,87,107814053,107946918,107946918,108100228
05-control,3,88,107814053,107943974,107943974,108098099
05-control,3,89,107814053,107943811,107943811,108098514
05-control,3,90,107814053,107947097,107947097,108100986
05-control,3,91,107814053,107943295,107943295,108092509
05-control,3,92,107814053,107943758,107943758,108098234
05-control,3,93,107814053,107946647,107946647,108100347
05-control,3,94,107814053,107944148,107944148,108099899
05-control,3,95,107814053,107947186,107947186,108073902
05-control,3,96,107814053,107945814,107945814,108100385
05-control,3,97,107814053,107945676,107945676,108099541
05-control,3,98,107814053,107947145,107947145,108073856
05-control,3,99,107814053,107945607,107945607,108099807
05-control,3,100,107814053,107943605,107943605,108093062
05-control,3,101,107814053,107946582,107946582,108100261
05-control,3,102,107814053,107945947,107945947,108100481
05-control,3,103,107814053,107943205,107943205,108092618
05-control,3,104,107814053,107946360,107946360,108100469
05-control,3,105,107814053,107944852,107944852,108072218
05-control,3,106,107814053,107945860,107945860,108100511
05-control,3,107,107814053,107945459,107945459,108099762
05-control,3,108,107814053,107946316,107946316,108101319
05-control,3,109,107814053,107945935,107945935,108100493
05-control,3,110,107814053,107945984,107945984,108101261
05-control,3,111,107814053,107944055,107944055,108098416
05-control,3,112,107814053,107945848,107945848,108100480
05-control,3,113,107814053,107943367,107943367,108092454
05-control,3,114,107814053,107944737,107944737,108099521
05-control,3,115,107814053,107947164,107947164,108073891
05-control,3,116,107814053,107945624,107945624,108100243
05-control,3,117,107814053,107945745,107945745,108099805
05-control,3,118,107814053,107944879,107944879,108072248
05-control,3,119,107814053,107946352,107946352,108101256
05-control,3,120,107814053,107947101,107947101,108101889
05-control,3,121,107814053,107946419,107946419,108100110
05-control,3,122,107814053,107946221,107946221,108100434
05-control,3,123,107814053,107945450,107945450,108099603
05-control,3,124,107814053,107945373,107945373,108099729
05-control,3,125,107814053,107945616,107945616,108099598
05-control,3,126,107814053,107947051,107947051,108100475
05-control,3,127,107814053,107943444,107943444,108092550
05-control,3,128,107814053,107943505,107943505,108093192
05-control,3,129,107814053,107946244,107946244,108101308
05-control,3,130,107814053,107943644,107943644,108098431
05-control,3,131,107814053,107944561,107944561,108072044
05-control,3,132,107814053,107946833,107946833,108100453
05-control,3,133,107814053,107945537,107945537,108072847
05-control,3,134,107814053,107943688,107943688,108098213
05-control,3,135,107814053,107946198,107946198,108101285
05-control,3,136,107814053,107946146,107946146,108100426
05-control,3,137,107814053,107943946,107943946,108098398
05-control,3,138,107814053,107944900,107944900,108072265
05-control,3,139,107814053,107943809,107943809,108098250
05-control,3,140,107814053,107947220,107947220,108073970
05-control,3,141,107814053,107947306,107947306,108073989
05-control,3,142,107814053,107946808,107946808,108100329
05-control,3,143,107814053,107945801,107945801,108099321
05-control,3,144,107814053,107946150,107946150,108101201
05-control,3,145,107814053,107945410,107945410,108099736
05-control,3,146,107814053,107946137,107946137,108101292
05-control,3,147,107814053,107946164,107946164,108101262
05-control,3,148,107814053,107946992,107946992,108099992
05-control,3,149,107814053,107944668,107944668,108095170
05-control,3,150,107814053,107945420,107945420,108099706
05-control,3,151,107814053,107947293,107947293,108073961
05-control,3,152,107814053,107945806,107945806,108099841
05-control,3,153,107814053,107945142,107945142,108099748
05-control,3,154,107814053,107945665,107945665,108099631
05-control,3,155,107814053,107945746,107945746,108099580
05-control,3,156,107814053,107945652,107945652,108099647
05-control,3,157,107814053,107945096,107945096,108099575
05-control,3,158,107814053,107946690,107946690,108100279
05-control,3,159,107814053,107947225,107947225,108073937
05-control,3,160,107814053,107946801,107946801,108100437
05-control,3,161,107814053,107944535,107944535,108099684
05-control,3,162,107814053,107943693,107943693,108098484
05-control,3,163,107814053,107943422,107943422,108092607
05-control,3,164,107814053,107944975,107944975,108072314
05-control,3,165,107814053,107946082,107946082,108100434
05-control,3,166,107814053,107945407,107945407,108099887
05-control,3,167,107814053,107944289,107944289,108095127
05-control,3,168,107814053,107946268,107946268,108100370
05-control,3,169,107814053,107944157,107944157,108098297
05-control,3,170,107814053,107944069,107944069,108098105
05-control,3,171,107814053,107944016,107944016,108098435
05-control,3,172,107814053,107944621,107944621,108099747
05-control,3,173,107814053,107946805,107946805,108100258
05-control,3,174,107814053,107944320,107944320,108098269
05-control,3,175,107814053,107945006,107945006,108072358
05-control,3,176,107814053,107946326,107946326,108100307
05-control,3,177,107814053,107944631,107944631,108094987
05-control,3,178,107814053,107945139,107945139,108099276
05-control,3,179,107814053,107943798,107943798,108098228
05-control,3,180,107814053,107946341,107946341,108100415
05-control,3,181,107814053,107943291,107943291,108092508
05-control,3,182,107814053,107947180,107947180,108073920
05-control,3,183,107814053,107946475,107946475,108100420
05-control,3,184,107814053,107947082,107947082,108101076
05-control,3,185,107814053,107947054,107947054,108101151
05-control,3,186,107814053,107946993,107946993,108100182
05-control,3,187,107814053,107945085,107945085,108099767
05-control,3,188,107814053,107944535,107944535,108095127
05-control,3,189,107814053,107944041,107944041,108098450
05-control,3,190,107814053,107946626,107946626,108100248
05-control,3,191,107814053,107947328,107947328,108101279
05-control,3,192,107814053,107944206,107944206,108099764
05-control,3,193,107814053,107944761,107944761,108099728
05-control,3,194,107814053,107943786,107943786,108098203
05-control,3,195,107814053,107947179,107947179,108073890
05-control,3,196,107814053,107945297,107945297,108099804
05-control,3,197,107814053,107943212,107943212,108092690
05-control,3,198,107814053,107946909,107946909,108100435
05-control,3,199,107814053,107946937,107946937,108100476
05-control,3,200,107814053,107945774,107945774,108099779
05-control,3,201,107814053,107945940,107945940,108100400
05-control,3,202,107814053,107944197,107944197,108098264
05-control,3,203,107814053,107946391,107946391,108101165
05-control,3,204,107814053,107945592,107945592,108072866
05-control,3,205,107814053,107944741,107944741,108095202
05-control,3,206,107814053,107946842,107946842,108100029
05-control,3,207,107814053,107947081,107947081,108101031
05-control,3,208,107814053,107943819,107943819,108098343
05-control,3,209,107814053,107946330,107946330,108101297
05-control,3,210,107814053,107944125,107944125,108099797
05-control,3,211,107814053,107947092,107947092,108101284
05-control,3,212,107814053,107943833,107943833,108098448
05-control,3,213,107814053,107945531,107945531,108072835
05-control,3,214,107814053,107945511,107945511,108072812
05-control,3,215,107814053,107944769,107944769,108072182
05-control,3,216,107814053,107943499,107943499,108093185
05-control,3,217,107814053,107947073,107947073,108100940
05-control,3,218,107814053,107944754,107944754,108099642
05-control,3,219,107814053,107946403,107946403,108100292
05-control,3,220,107814053,107944113,107944113,108098374
05-control,3,221,107814053,107946026,107946026,108101305
05-control,3,222,107814053,107944491,107944491,108094946
05-control,3,223,107814053,107944223,107944223,108099811
05-control,3,224,107814053,107944183,107944183,108099899
05-control,3,225,107814053,107943933,107943933,108098433
05-control,3,226,107814053,107944895,107944895,108072296
05-control,3,227,107814053,107944348,107944348,108095134
05-control,3,228,107814053,107944986,107944986,108099196
05-control,3,229,107814053,107946294,107946294,108101320
05-control,3,230,107814053,107943228,107943228,108092704
05-control,3,231,107814053,107944050,107944050,108071700
05-control,3,232,107814053,107946638,107946638,108100133
05-control,3,233,107814053,107946302,107946302,108100427
05-control,3,234,107814053,107947029,107947029,108100093
05-control,3,235,107814053,107945711,107945711,108099582
05-control,3,236,107814053,107944139,107944139,108098452
05-control,3,237,107814053,107944668,107944668,108099898
05-control,3,238,107814053,107943244,107943244,108092669
05-control,3,239,107814053,107944859,107944859,108072233
05-control,3,240,107814053,107947201,107947201,108073969
05-control,3,241,107814053,107943359,107943359,108092449
05-control,3,242,107814053,107944425,107944425,108099844
05-control,3,243,107814053,107944270,107944270,108098318
05-control,3,244,107814053,107943768,107943768,108098473
05-control,3,245,107814053,107945682,107945682,108099669
05-control,3,246,107814053,107947165,107947165,108073848
05-control,3,247,107814053,107943619,107943619,108099711
05-control,3,248,107814053,107945416,107945416,108099676
05-control,3,249,107814053,107947113,107947113,108101094
05-control,3,250,107814053,107945330,107945330,108099627
05-control,3,251,107814053,107945488,107945488,108072680
05-control,3,252,107814053,107944474,107944474,108095008
05-control,3,253,107814053,107946596,107946596,108100339
05-control,3,254,107814053,107947008,107947008,108100390
05-control,3,255,107814053,107946676,107946676,108100047
05-control,3,256,107814053,107944215,107944215,108098508
05-control,3,257,107814053,107944467,107944467,108071980
05-control,3,258,107814053,107947010,107947010,108100194
05-control,3,259,107814053,107944724,107944724,108072130
05-control,3,260,107814053,107943822,107943822,108098218
05-control,3,261,107814053,107944461,107944461,108095125
05-control,3,262,107814053,107945974,107945974,108101266
05-control,3,263,107814053,107944356,107944356,108099835
05-control,3,264,107814053,107943521,107943521,108093166
05-control,3,265,107814053,107943235,107943235,108092712
05-control,3,266,107814053,107945520,107945520,108099649
05-control,3,267,107814053,107946819,107946819,108100039
05-control,3,268,107814053,107944317,107944317,108071888
05-control,3,269,107814053,107944449,107944449,108099777
05-control,3,270,107814053,107944578,107944578,108095200
05-control,3,271,107814053,107943943,107943943,108099881
05-control,3,272,107814053,107943595,107943595,108093103
05-control,3,273,107814053,107946356,107946356,108100307
05-control,3,274,107814053,107945948,107945948,108100490
05-control,3,275,107814053,107944341,107944341,108071890
05-control,3,276,107814053,107943609,107943609,108098331
05-control,3,277,107814053,107944361,107944361,108095097
05-control,3,278,107814053,107945818,107945818,108100511
05-control,3,279,107814053,107947201,107947201,108073918
05-control,3,280,107814053,107946855,107946855,108100486
05-control,3,281,107814053,107946000,107946000,108100498
05-control,3,282,107814053,107946313,107946313,108101230
05-control,3,283,107814053,107944910,107944910,108072291
05-control,3,284,107814053,107945162,107945162,108099550
05-control,3,285,107814053,107944042,107944042,108099554
05-control,3,286,107814053,107943520,107943520,108093198
05-control,3,287,107814053,107945919,107945919,108100498
05-control,3,288,107814053,107946166,107946166,108100526
05-control,3,289,107814053,107944189,107944189,108098379
05-control,3,290,107814053,107947255,107947255,108073961
05-control,3,291,107814053,107944093,107944093,108098451
05-control,3,292,107814053,107944481,107944481,108099541
05-control,3,293,107814053,107944087,107944087,108098065
05-control,3,294,107814053,107947061,107947061,108101110
05-control,3,295,107814053,107945394,107945394,108099881
05-control,3,296,107814053,107945153,107945153,108072427
05-control,3,297,107814053,107943432,107943432,108092613
05-control,3,298,107814053,107944962,107944962,108072322
05-control,3,299,107814053,107944112,107944112,108098380
05-control,3,300,107814053,107943989,107943989,108098475
05-control,3,301,107814053,107943664,107943664,108099631
05-control,3,302,107814053,107943456,107943456,108092575
05-control,3,303,107814053,107945686,107945686,108099533
05-control,3,304,107814053,107947111,107947111,108101270
05-control,3,305,107814053,107945664,107945664,108099717
05-control,3,306,107814053,107945566,107945566,108099718
05-control,3,307,107814053,107944003,107944003,108098391
05-control,3,308,107814053,107944780,107944780,108099859
05-control,3,309,107814053,107946438,107946438,108100289
05-control,3,310,107814053,107945849,107945849,108100385
05-control,3,311,107814053,107943702,107943702,108098330
05-control,3,312,107814053,107946370,107946370,108101223
05-control,3,313,107814053,107944637,107944637,108099578
05-control,3,314,107814053,107946755,107946755,108100448
05-control,3,315,107814053,107944565,107944565,108099733
05-control,3,316,107814053,107946410,107946410,108101298
05-control,3,317,107814053,107945320,107945320,108099854
05-control,3,318,107814053,107946604,107946604,108101221
05-control,3,319,107814053,107943457,107943457,108092540
05-control,3,320,107814053,107944760,107944760,108099901
05-control,3,321,107814053,107945201,107945201,108099478
05-control,3,322,107814053,107943526,107943526,108093136
05-control,3,323,107814053,107944208,107944208,108098392
05-control,3,324,107814053,107944609,107944609,108099904
05-control,3,325,107814053,107947119,107947119,108100889
05-control,3,326,107814053,107944433,107944433,108098357
05-control,3,327,107814053,107945113,107945113,108099794
05-control,3,328,107814053,107945702,107945702,108099784
05-control,3,329,107814053,107944494,107944494,108072003
05-control,3,330,107814053,107944961,107944961,108098981
05-control,3,331,107814053,107945214,107945214,108099714
05-control,3,332,107814053,107946256,107946256,108101159
05-control,3,333,107814053,107946235,107946235,108101215
05-control,3,334,107814053,107947035,107947035,108100109
05-control,3,335,107814053,107945735,107945735,108099624
05-control,3,336,107814053,107943298,107943298,108092524
05-control,3,337,107814053,107943896,107943896,108098453
05-control,3,338,107814053,107946776,107946776,108100026
05-control,3,339,107814053,107946508,107946508,108101197
05-control,3,340,107814053,107946867,107946867,108100019
05-control,3,341,107814053,107947269,107947269,108073945
05-control,3,342,107814053,107946971,107946971,108099983
05-control,3,343,107814053,107945264,107945264,108072522
05-control,3,344,107814053,107946515,107946515,108101178
05-control,3,345,107814053,107946835,107946835,108100196
05-control,3,346,107814053,107945129,107945129,108099759
05-control,3,347,107814053,107945762,107945762,108099671
05-control,3,348,107814053,107944977,107944977,108072334
05-control,3,349,107814053,107947200,107947200,108073918
05-control,3,350,107814053,107943271,107943271,108092616
05-control,3,351,107814053,107944331,107944331,108095178
05-control,3,352,107814053,107944955,107944955,108072312
05-control,3,353,107814053,107946453,107946453,108101223
05-control,3,354,107814053,107944524,107944524,108072005
05-control,3,355,107814053,107944785,107944785,108095070
05-control,3,356,107814053,107946096,107946096,108100102
05-control,3,357,107814053,107943389,107943389,108092371
05-control,3,358,107814053,107946548,107946548,108100312
05-control,3,359,107814053,107945356,107945356,108099715
05-control,3,360,107814053,107946131,107946131,108100516
05-control,3,361,107814053,107943887,107943887,108098510
05-control,3,362,107814053,107943563,107943563,108093119
05-control,3,363,107814053,107946195,107946195,108100353
05-control,3,364,107814053,107946214,107946214,108100085
05-control,3,365,107814053,107945472,107945472,108099611
05-control,3,366,107814053,107945796,107945796,108099814
05-control,3,367,107814053,107943776,107943776,108098298
05-control,3,368,107814053,107945898,107945898,108100498
05-control,3,369,107814053,107943974,107943974,108098291
05-control,3,370,107814053,107946051,107946051,108101271
05-control,3,371,107814053,107946854,107946854,108100064
05-control,3,372,107814053,107944424,107944424,108095145
05-control,3,373,107814053,107945371,107945371,108099187
05-control,3,374,107814053,107946377,107946377,108100282
05-control,3,375,107814053,107944094,107944094,108098437
05-control,3,376,107814053,107946788,107946788,108100275
05-control,3,377,107814053,107943254,107943254,108092647
05-control,3,378,107814053,107943991,107943991,108099695
05-control,3,379,107814053,107944231,107944231,108098469
05-control,3,380,107814053,107947239,107947239,108073957
05-control,3,381,107814053,107945619,107945619,108099707
05-control,3,382,107814053,107947285,107947285,108073956
05-control,3,383,107814053,107944100,107944100,108098128
05-control,3,384,107814053,107944695,107944695,108099771
05-control,3,385,107814053,107944330,107944330,108098429
05-control,3,386,107814053,107945543,107945543,108099719
05-control,3,387,107814053,107944917,107944917,108072271
05-control,3,388,107814053,107946693,107946693,108100451
05-control,3,389,107814053,107946645,107946645,108100528
05-control,3,390,107814053,107944991,107944991,108099457
05-control,3,391,107814053,107946930,107946930,108100499
05-control,3,392,107814053,107943842,107943842,108098061
05-control,3,393,107814053,107946577,107946577,108101261
05-control,3,394,107814053,107945765,107945765,108099406
05-control,3,395,107814053,107946449,107946449,108100100
05-control,3,396,107814053,107946384,107946384,108100451
05-control,3,397,107814053,107945341,107945341,108099760
05-control,3,398,107814053,107945860,107945860,108100370
05-control,3,399,107814053,107947124,107947124,108101105
05-control,3,400,107814053,107943371,107943371,108092554
05-control,3,401,107814053,107944694,107944694,108099876
05-control,3,402,107814053,107946256,107946256,108101307
05-control,3,403,107814053,107943232,107943232,108092705
05-control,3,404,107814053,107943238,107943238,108092693
05-control,3,405,107814053,107943883,107943883,108098360
05-control,3,406,107814053,107946370,107946370,108101306
05-control,3,407,107814053,107946220,107946220,108101273
05-control,3,408,107814053,107945243,107945243,108099672
05-control,3,409,107814053,107945188,107945188,108099518
05-control,3,410,107814053,107943219,107943219,108092695
05-control,3,411,107814053,107944437,107944437,108071967
05-control,3,412,107814053,107946075,107946075,108100434
05-control,3,413,107814053,107945056,107945056,108099681
05-control,3,414,107814053,107946487,107946487,108100293
05-control,3,415,107814053,107944974,107944974,108072328
05-control,3,416,107814053,107943730,107943730,108099714
05-control,3,417,107814053,107943746,107943746,108098309
05-control,3,418,107814053,107946405,107946405,108101294
05-control,3,419,107814053,107945784,107945784,108099363
05-control,3,420,107814053,107945962,107945962,108100403
05-control,3,421,107814053,107944169,107944169,108098129
05-control,3,422,107814053,107946569,107946569,108100248
05-control,3,423,107814053,107944793,107944793,108072192
05-control,3,424,107814053,107944651,107944651,108095103
05-control,3,425,107814053,107945133,107945133,108099502
05-control,3,426,107814053,107945496,107945496,108099489
05-control,3,427,107814053,107945034,107945034,108099584
05-control,3,428,107814053,107946737,107946737,108100437
05-control,3,429,107814053,107944803,107944803,108099884
05-control,3,430,107814053,107943955,107943955,108098528
05-control,3,431,107814053,107944842,107944842,108099694
05-control,3,432,107814053,107945005,107945005,108099154
05-control,3,433,107814053,107946457,107946457,108100294
05-control,3,434,107814053,107946183,107946183,108101265
05-control,3,435,107814053,107943258,107943258,108092689
05-control,3,436,107814053,107945427,107945427,108072619
05-control,3,437,107814053,107944894,107944894,108072289
05-control,3,438,107814053,107944242,107944242,108098322
05-control,3,439,107814053,107944941,107944941,108072303
05-control,3,440,107814053,107943513,107943513,108093137
05-control,3,441,107814053,107945571,107945571,108099534
05-control,3,442,107814053,107945022,107945022,108099112
05-control,3,443,107814053,107943936,107943936,108098128
05-control,3,444,107814053,107944604,107944604,108094986
05-control,3,445,107814053,107943247,107943247,108092729
05-control,3,446,107814053,107943632,107943632,108098402
05-control,3,447,107814053,107946713,107946713,108100475
05-control,3,448,107814053,107945368,107945368,108099839
05-control,3,449,107814053,107943672,107943672,108098487
05-control,3,450,107814053,107945101,107945101,108099740
05-control,3,451,107814053,107944508,107944508,108099760
05-control,3,452,107814053,107944596,107944596,108099474
05-control,3,453,107814053,107946225,107946225,108100358
05-control,3,454,107814053,107945393,107945393,108099665
05-control,3,455,107814053,107943959,107943959,108099806
05-control,3,456,107814053,107943331,107943331,108092592
05-control,3,457,107814053,107945210,107945210,108099026
05-control,3,458,107814053,107944830,107944830,108072200
05-control,3,459,107814053,107943801,107943801,108098528
05-control,3,460,107814053,107943631,107943631,108098218
05-control,3,461,107814053,107943592,107943592,108093040
05-control,3,462,107814053,107944506,107944506,108095066
05-control,3,463,107814053,107943846,107943846,108098284
05-control,3,464,107814053,107943474,107943474,108092289
05-control,3,465,107814053,107944464,107944464,108099279
05-control,3,466,107814053,107944661,107944661,108095047
05-control,3,467,107814053,107945101,107945101,108072390
05-control,3,468,107814053,107944369,107944369,108098471
05-control,3,469,107814053,107943310,107943310,108092686
05-control,3,470,107814053,107943393,107943393,108092605
05-control,3,471,107814053,107946524,107946524,108101229
05-control,3,472,107814053,107945226,107945226,108072482
05-control,3,473,107814053,107947028,107947028,108100373
05-control,3,474,107814053,107943277,107943277,108092662
05-control,3,475,107814053,107945905,107945905,108100346
05-control,3,476,107814053,107946537,107946537,108101167
05-control,3,477,107814053,107947042,107947042,108101120
05-control,3,478,107814053,107943914,107943914,108098503
05-control,3,479,107814053,107945523,107945523,108099588
05-control,3,480,107814053,107944923,107944923,108099056
05-control,3,481,107814053,107945885,107945885,108100487
05-control,3,482,107814053,107945018,107945018,108072361
05-control,3,483,107814053,107943263,107943263,108092653
05-control,3,484,107814053,107946595,107946595,108100335
05-control,3,485,107814053,107945981,107945981,108100371
05-control,3,486,107814053,107945835,107945835,108100314
05-control,3,487,107814053,107946977,107946977,108100207
05-control,3,488,107814053,107945970,107945970,108100327
05-control,3,489,107814053,107944295,107944295,108098515
05-control,3,490,107814053,107943576,107943576,108093161
05-control,3,491,107814053,107946424,107946424,108101210
05-control,3,492,107814053,107945306,107945306,108098964
05-control,3,493,107814053,107947169,107947169,108073888
05-control,3,494,107814053,107947294,107947294,108073966
05-control,3,495,107814053,107944805,107944805,108099520
05-control,3,496,107814053,107944381,107944381,108095138
05-control,3,497,107814053,107946019,107946019,108101289
05-control,3,498,107814053,107945443,107945443,108099615
05-control,3,499,107814053,107946756,107946756,108100270
05-control,3,500,107814053,107945689,107945689,108099687
05-control,3,501,107814053,107945484,107945484,108072654
05-control,3,502,107814053,107945779,107945779,108099619
05-control,3,503,107814053,107946174,107946174,108100423
05-control,3,504,107814053,107945669,107945669,108099861
05-control,3,505,107814053,107943887,107943887,108099713
05-control,3,506,107814053,107947238,107947238,108073942
05-control,3,507,107814053,107945030,107945030,108099845
05-control,3,508,107814053,107946073,107946073,108101203
05-control,3,509,107814053,107946524,107946524,108100404
05-control,3,510,107814053,107946610,107946610,108101242
05-control,3,511,107814053,107944063,107944063,108098437
05-control,3,512,107814053,107945487,107945487,108099011
05-control,3,513,107814053,107944707,107944707,108099596
05-control,3,514,107814053,107945226,107945226,108099411
05-control,3,515,107814053,107945609,107945609,108099641
05-control,3,516,107814053,107946033,107946033,108100405
05-control,3,517,107814053,107945377,107945377,108099586
05-control,3,518,107814053,107946468,107946468,108101166
05-control,3,519,107814053,107944259,107944259,108098295
05-control,3,520,107814053,107945591,107945591,108099537
05-control,3,521,107814053,107946078,107946078,108101213
05-control,3,522,107814053,107947176,107947176,108073903
05-control,3,523,107814053,107945503,107945503,108099652
05-control,3,524,107814053,107944822,107944822,108099729
05-control,3,525,107814053,107946910,107946910,108100069
05-control,3,526,107814053,107946122,107946122,108101167
05-control,3,527,107814053,107943663,107943663,108098384
05-control,3,528,107814053,107945119,107945119,108099864
05-control,3,529,107814053,107946721,107946721,108100053
05-control,3,530,107814053,107944875,107944875,108099231
05-control,3,531,107814053,107943538,107943538,108093145
05-control,3,532,107814053,107943754,107943754,108099600
05-control,3,533,107814053,107944711,107944711,108099659
05-control,3,534,107814053,107945727,107945727,108099775
05-control,3,535,107814053,107943259,107943259,108092712
05-control,3,536,107814053,107943334,107943334,108092424
05-control,3,537,107814053,107944272,107944272,108098440
05-control,3,538,107814053,107945043,107945043,108099743
05-control,3,539,107814053,107947301,107947301,108073953
05-control,3,540,107814053,107944242,107944242,108095063
05-control,3,541,107814053,107946951,107946951,108100203
05-control,3,542,107814053,107946234,107946234,108101245
05-control,3,543,107814053,107944306,107944306,108099791
05-control,3,544,107814053,107944521,107944521,108095074
05-control,3,545,107814053,107943379,107943379,108092501
05-control,3,546,107814053,107943734,107943734,108098370
05-control,3,547,107814053,107943706,107943706,108098238
05-control,3,548,107814053,107943440,107943440,108092603
05-control,3,549,107814053,107943722,107943722,108098490
05-control,3,550,107814053,107944071,107944071,108098374
05-control,3,551,107814053,107947244,107947244,108073967
05-control,3,552,107814053,107943539,107943539,108092459
05-control,3,553,107814053,107943485,107943485,108092344
05-control,3,554,107814053,107946590,107946590,108100140
05-control,3,555,107814053,107944011,107944011,108098487
05-control,3,556,107814053,107945169,107945169,108099070
05-control,3,557,107814053,107943689,107943689,108098514
05-control,3,558,107814053,107943464,107943464,108092519
05-control,3,559,107814053,107946729,107946729,108100281
05-control,3,560,107814053,107946774,107946774,108100450
05-control,3,561,107814053,107945071,107945071,108099795
05-control,3,562,107814053,107943358,107943358,108092501
05-control,3,563,107814053,107944381,107944381,108095152
05-control,3,564,107814053,107944031,107944031,108098419
05-control,3,565,107814053,107944524,107944524,108072012
05-control,3,566,107814053,107943856,107943856,108098297
05-control,3,567,107814053,107945245,107945245,108099368
05-control,3,568,107814053,107944939,107944939,108072282
05-control,3,569,107814053,107946020,107946020,108100531
05-control,3,570,107814053,107945748,107945748,108099735
05-control,3,571,107814053,107945993,107945993,108100362
05-control,3,572,107814053,107945641,107945641,108099644
05-control,3,573,107814053,107943419,107943419,108092610
05-control,3,574,107814053,107944121,107944121,108098356
05-control,3,575,107814053,107945579,107945579,108099676
05-control,3,576,107814053,107946707,107946707,108100124
05-control,3,577,107814053,107944928,107944928,108072304
05-control,3,578,107814053,107946784,107946784,108100334
05-control,3,579,107814053,107944835,107944835,108099880
05-control,3,580,107814053,107944548,107944548,108099457
05-control,3,581,107814053,107945433,107945433,108099858
05-control,3,582,107814053,107943202,107943202,108092654
05-control,3,583,107814053,107945547,107945547,108099860
05-control,3,584,107814053,107946908,107946908,108100447
05-control,3,585,107814053,107945112,107945112,108099520
05-control,3,586,107814053,107944397,107944397,108098370
05-control,3,587,107814053,107944866,107944866,108099900
05-control,3,588,107814053,107943869,107943869,108098143
05-control,3,589,107814053,107945639,107945639,108099795
05-control,3,590,107814053,107945286,107945286,108099687
05-control,3,591,107814053,107943471,107943471,108092434
05-control,3,592,107814053,107946283,107946283,108100426
05-control,3,593,107814053,107943903,107943903,108099716
05-control,3,594,107814053,107943974,107943974,108098491
05-control,3,595,107814053,107943405,107943405,108092574
05-control,3,596,107814053,107944602,107944602,108095023
05-control,3,597,107814053,107944286,107944286,108098480
05-control,3,598,107814053,107946066,107946066,108101241
05-control,3,599,107814053,107946089,107946089,108100528
05-control,3,600,107814053,107944723,107944723,108095184
05-control,3,601,107814053,107943857,107943857,108099784
05-control,3,602,107814053,107945381,107945381,108100389
05-control,3,603,107814053,107946935,107946935,108100093
05-control,3,604,107814053,107945005,107945005,108072337
05-control,3,605,107814053,107946664,107946664,108100128
05-control,3,606,107814053,107943214,107943214,108092637
05-control,3,607,107814053,107943996,107943996,108098386
05-control,3,608,107814053,107944395,107944395,108071919
05-control,3,609,107814053,107944408,107944408,108098375
05-control,3,610,107814053,107947202,107947202,108073916
05-control,3,611,107814053,107947241,107947241,108073924
05-control,3,612,107814053,107943771,107943771,108098327
05-control,3,613,107814053,107944839,107944839,108072209
05-control,3,614,107814053,107946968,107946968,108100390
05-control,3,615,107814053,107945293,107945293,108099788
05-control,3,616,107814053,107945648,107945648,108099873
05-control,3,617,107814053,107946151,107946151,108100109
05-control,3,618,107814053,107945722,107945722,108099538
05-control,3,619,107814053,107946981,107946981,108100080
05-control,3,620,107814053,107945089,107945089,108099646
05-control,3,621,107814053,107946993,107946993,108100380
05-control,3,622,107814053,107943638,107943638,108098211
05-control,3,623,107814053,107946280,107946280,108100094
05-control,3,624,107814053,107943916,107943916,108098317
05-control,3,625,107814053,107943933,107943933,108099907
05-control,3,626,107814053,107943560,107943560,108093225
05-control,3,627,107814053,107944407,107944407,108099820
05-control,3,628,107814053,107943263,107943263,108092643
05-control,3,629,107814053,107947255,107947255,108073947
05-control,3,630,107814053,107946007,107946007,108100377
05-control,3,631,107814053,107944112,107944112,108098138
05-control,3,632,107814053,107944006,107944006,108098474
05-control,3,633,107814053,107945310,107945310,108099708
05-control,3,634,107814053,107945699,107945699,108099596
05-control,3,635,107814053,107945256,107945256,108099324
05-control,3,636,107814053,107943565,107943565,108093190
05-control,3,637,107814053,107944298,107944298,108098422
05-control,3,638,107814053,107946472,107946472,108101157
05-control,3,639,107814053,107945168,107945168,108099720
05-control,3,640,107814053,107944253,107944253,108098531
05-control,3,641,107814053,107946866,107946866,108100431
05-control,3,642,107814053,107943285,107943285,108092409
05-control,3,643,107814053,107945754,107945754,108099448
05-control,3,644,107814053,107943871,107943871,108098375
05-control,3,645,107814053,107946555,107946555,108100339
05-control,3,646,107814053,107945343,107945343,108099771
05-control,3,647,107814053,107945126,107945126,108099768
05-control,3,648,107814053,107943329,107943329,108092531
05-control,3,649,107814053,107944023,107944023,108095158
05-control,3,650,107814053,107944300,107944300,108071895
05-control,3,651,107814053,107946107,107946107,108100431
05-control,3,652,107814053,107943428,107943428,108092541
05-control,3,653,107814053,107945337,107945337,108099856
05-control,3,654,107814053,107946508,107946508,108101199
05-control,3,655,107814053,107946651,107946651,108100424
05-control,3,656,107814053,107945352,107945352,108099584
05-control,3,657,107814053,107946285,107946285,108100239
05-control,3,658,107814053,107943312,107943312,108092620
05-control,3,659,107814053,107946548,107946548,108100269
05-control,3,660,107814053,107946491,107946491,108101210
05-control,3,661,107814053,107945275,107945275,108099810
05-control,3,662,107814053,107946742,107946742,108100338
05-control,3,663,107814053,107944150,107944150,108098075
05-control,3,664,107814053,107946110,107946110,108100521
05-control,3,665,107814053,107943406,107943406,108092602
05-control,3,666,107814053,107945867,107945867,108100500
05-control,3,667,107814053,107944564,107944564,108099671
05-control,3,668,107814053,107944135,107944135,108098452
05-control,3,669,107814053,107945559,107945559,108099583
05-control,3,670,107814053,107944444,107944444,108071988
05-control,3,671,107814053,107946198,107946198,108101265
05-control,3,672,107814053,107944420,107944420,108095158
05-control,3,673,107814053,107943621,107943621,108098475
05-control,3,674,107814053,107946661,107946661,108100025
05-control,3,675,107814053,107945943,107945943,108100360
05-control,3,676,107814053,107945304,107945304,108072527
05-control,3,677,107814053,107945056,107945056,108099845
05-control,3,678,107814053,107946549,107946549,108101235
05-control,3,679,107814053,107945440,107945440,108099652
05-control,3,680,107814053,107945554,107945554,108099551
05-control,3,681,107814053,107946624,107946624,108100316
05-control,3,682,107814053,107943554,107943554,108093155
05-control,3,683,107814053,107943573,107943573,108093172
05-control,3,684,107814053,107943274,107943274,108092614
05-control,3,685,107814053,107943344,107943344,108092457
05-control,3,686,107814053,107944745,107944745,108099665
05-control,3,687,107814053,107945194,107945194,108099625
05-control,3,688,107814053,107945882,107945882,108100391
05-control,3,689,107814053,107944592,107944592,108099771
05-control,3,690,107814053,107944403,107944403,108095186
05-control,3,691,107814053,107943722,107943722,108098382
05-control,3,692,107814053,107943744,107943744,108095062
05-control,3,693,107814053,107945511,107945511,108109869
05-control,3,694,107814053,107944849,107944849,108086075
05-control,3,695,107814053,107945233,107945233,108072485
05-control,3,696,107814053,107943347,107943347,108080956
05-control,3,697,107814053,107943583,107943583,108098452
05-control,3,698,107814053,107947294,107947294,108110857
05-control,3,699,107814053,107980869,107980869,108077982
06-candidate,1,50,47847745,47950683,47950683,48071992
06-candidate,1,51,47847745,47949924,47949924,48103507
06-candidate,1,52,47847745,47950812,47950812,48072044
06-candidate,1,53,47847745,47948942,47948942,48070395
06-candidate,1,54,47847745,47949009,47949009,48070462
06-candidate,1,55,47847745,47951069,47951069,48072338
06-candidate,1,56,47847745,47949825,47949825,48071180
06-candidate,1,57,47847745,47951530,47951530,48072801
06-candidate,1,58,47847745,47949804,47949804,48103077
06-candidate,1,59,47847745,47951276,47951276,48072542
06-candidate,1,60,47847745,47950619,47950619,48071948
06-candidate,1,61,47847745,47950853,47950853,48072126
06-candidate,1,62,47847745,47950177,47950177,48103064
06-candidate,1,63,47847745,47951236,47951236,48100270
06-candidate,1,64,47847745,47949164,47949164,48070589
06-candidate,1,65,47847745,47950572,47950572,48071903
06-candidate,1,66,47847745,47950429,47950429,48071725
06-candidate,1,67,47847745,47951477,47951477,48072728
06-candidate,1,68,47847745,47949457,47949457,48093043
06-candidate,1,69,47847745,47951420,47951420,48072672
06-candidate,1,70,47847745,47949654,47949654,48103511
06-candidate,1,71,47847745,47949870,47949870,48071222
06-candidate,1,72,47847745,47949959,47949959,48071291
06-candidate,1,73,47847745,47949333,47949333,48070741
06-candidate,1,74,47847745,47950596,47950596,48071917
06-candidate,1,75,47847745,47950706,47950706,48072015
06-candidate,1,76,47847745,47948994,47948994,48070450
06-candidate,1,77,47847745,47948608,47948608,48103435
06-candidate,1,78,47847745,47949491,47949491,48070891
06-candidate,1,79,47847745,47948777,47948777,48103193
06-candidate,1,80,47847745,47948866,47948866,48070351
06-candidate,1,81,47847745,47948734,47948734,48103471
06-candidate,1,82,47847745,47950055,47950055,48071393
06-candidate,1,83,47847745,47950845,47950845,48072135
06-candidate,1,84,47847745,47949227,47949227,48091922
06-candidate,1,85,47847745,47949082,47949082,48070508
06-candidate,1,86,47847745,47948625,47948625,48103349
06-candidate,1,87,47847745,47951011,47951011,48072272
06-candidate,1,88,47847745,47948587,47948587,48101982
06-candidate,1,89,47847745,47949246,47949246,48070663
06-candidate,1,90,47847745,47950665,47950665,48071977
06-candidate,1,91,47847745,47949819,47949819,48071175
06-candidate,1,92,47847745,47951055,47951055,48072317
06-candidate,1,93,47847745,47949397,47949397,48070801
06-candidate,1,94,47847745,47949134,47949134,48070563
06-candidate,1,95,47847745,47949649,47949649,48071023
06-candidate,1,96,47847745,47948745,47948745,48102029
06-candidate,1,97,47847745,47950557,47950557,48093884
06-candidate,1,98,47847745,47950186,47950186,48071497
06-candidate,1,99,47847745,47950953,47950953,48072249
06-candidate,1,100,47847745,47950273,47950273,48071597
06-candidate,1,101,47847745,47949397,47949397,48070806
06-candidate,1,102,47847745,47951530,47951530,48072791
06-candidate,1,103,47847745,47950096,47950096,48103046
06-candidate,1,104,47847745,47949069,47949069,48096906
06-candidate,1,105,47847745,47949330,47949330,48070741
06-candidate,1,106,47847745,47951435,47951435,48072685
06-candidate,1,107,47847745,47949377,47949377,48070793
06-candidate,1,108,47847745,47950665,47950665,48071964
06-candidate,1,109,47847745,47951264,47951264,48072537
06-candidate,1,110,47847745,47951313,47951313,48094883
06-candidate,1,111,47847745,47949890,47949890,48071234
06-candidate,1,112,47847745,47949945,47949945,48102985
06-candidate,1,113,47847745,47950249,47950249,48071573
06-candidate,1,114,47847745,47948707,47948707,48103254
06-candidate,1,115,47847745,47950930,47950930,48072233
06-candidate,1,116,47847745,47948889,47948889,48070359
06-candidate,1,117,47847745,47949604,47949604,48104022
06-candidate,1,118,47847745,47949910,47949910,48103504
06-candidate,1,119,47847745,47949152,47949152,48070576
06-candidate,1,120,47847745,47948858,47948858,48070328
06-candidate,1,121,47847745,47948654,47948654,48103300
06-candidate,1,122,47847745,47948757,47948757,48102024
06-candidate,1,123,47847745,47950516,47950516,48071853
06-candidate,1,124,47847745,47949779,47949779,48104069
06-candidate,1,125,47847745,47948870,47948870,48070342
06-candidate,1,126,47847745,47951506,47951506,48072778
06-candidate,1,127,47847745,47949115,47949115,48070554
06-candidate,1,128,47847745,47948751,47948751,48103461
06-candidate,1,129,47847745,47948624,47948624,48103428
06-candidate,1,130,47847745,47949667,47949667,48104151
06-candidate,1,131,47847745,47951183,47951183,48100147
06-candidate,1,132,47847745,47948881,47948881,48070338
06-candidate,1,133,47847745,47951039,47951039,48100178
06-candidate,1,134,47847745,47950798,47950798,48072048
06-candidate,1,135,47847745,47950999,47950999,48099847
06-candidate,1,136,47847745,47950395,47950395,48104254
06-candidate,1,137,47847745,47949498,47949498,48093087
06-candidate,1,138,47847745,47948607,47948607,48103376
06-candidate,1,139,47847745,47948829,47948829,48103410
06-candidate,1,140,47847745,47950970,47950970,48072244
06-candidate,1,141,47847745,47950276,47950276,48071569
06-candidate,1,142,47847745,47950356,47950356,48071659
06-candidate,1,143,47847745,47949538,47949538,48093071
06-candidate,1,144,47847745,47948686,47948686,48103273
06-candidate,1,145,47847745,47950529,47950529,48071855
06-candidate,1,146,47847745,47951243,47951243,48072502
06-candidate,1,147,47847745,47949581,47949581,48104187
06-candidate,1,148,47847745,47950278,47950278,48103924
06-candidate,1,149,47847745,47949009,47949009,48096937
06-candidate,1,150,47847745,47949488,47949488,48070872
06-candidate,1,151,47847745,47949917,47949917,48103497
06-candidate,1,152,47847745,47948776,47948776,48103451
06-candidate,1,153,47847745,47949979,47949979,48071319
06-candidate,1,154,47847745,47948848,47948848,48070321
06-candidate,1,155,47847745,47949852,47949852,48103535
06-candidate,1,156,47847745,47949848,47949848,48103050
06-candidate,1,157,47847745,47951283,47951283,48072540
06-candidate,1,158,47847745,47949006,47949006,48070457
06-candidate,1,159,47847745,47950720,47950720,48104059
06-candidate,1,160,47847745,47949781,47949781,48071144
06-candidate,1,161,47847745,47949061,47949061,48096925
06-candidate,1,162,47847745,47950669,47950669,48071972
06-candidate,1,163,47847745,47950428,47950428,48103944
06-candidate,1,164,47847745,47950674,47950674,48104098
06-candidate,1,165,47847745,47950841,47950841,48072123
06-candidate,1,166,47847745,47950060,47950060,48104065
06-candidate,1,167,47847745,47950240,47950240,48071576
06-candidate,1,168,47847745,47948860,47948860,48070340
06-candidate,1,169,47847745,47950111,47950111,48104087
06-candidate,1,170,47847745,47950727,47950727,48072035
06-candidate,1,171,47847745,47950412,47950412,48104283
06-candidate,1,172,47847745,47950207,47950207,48071516
06-candidate,1,173,47847745,47951004,47951004,48072263
06-candidate,1,174,47847745,47951484,47951484,48072745
06-candidate,1,175,47847745,47951412,47951412,48072660
06-candidate,1,176,47847745,47950495,47950495,48071831
06-candidate,1,177,47847745,47951215,47951215,48072479
06-candidate,1,178,47847745,47949834,47949834,48071204
06-candidate,1,179,47847745,47950805,47950805,48072097
06-candidate,1,180,47847745,47951303,47951303,48072552
06-candidate,1,181,47847745,47950891,47950891,48072161
06-candidate,1,182,47847745,47949404,47949404,48070809
06-candidate,1,183,47847745,47951099,47951099,48072347
06-candidate,1,184,47847745,47950324,47950324,48071645
06-candidate,1,185,47847745,47951414,47951414,48072659
06-candidate,1,186,47847745,47951533,47951533,48072809
06-candidate,1,187,47847745,47949583,47949583,48103477
06-candidate,1,188,47847745,47949943,47949943,48071288
06-candidate,1,189,47847745,47949533,47949533,48093046
06-candidate,1,190,47847745,47950058,47950058,48104225
06-candidate,1,191,47847745,47950361,47950361,48071680
06-candidate,1,192,47847745,47948685,47948685,48103438
06-candidate,1,193,47847745,47948723,47948723,48103311
06-candidate,1,194,47847745,47951500,47951500,48072749
06-candidate,1,195,47847745,47950185,47950185,48103002
06-candidate,1,196,47847745,47949840,47949840,48071197
06-candidate,1,197,47847745,47951208,47951208,48072459
06-candidate,1,198,47847745,47950720,47950720,48072013
06-candidate,1,199,47847745,47950938,47950938,48100183
06-candidate,1,200,47847745,47948706,47948706,48101958
06-candidate,1,201,47847745,47949143,47949143,48070575
06-candidate,1,202,47847745,47951322,47951322,48072574
06-candidate,1,203,47847745,47948614,47948614,48103407
06-candidate,1,204,47847745,47950198,47950198,48071512
06-candidate,1,205,47847745,47949119,47949119,48070568
06-candidate,1,206,47847745,47951355,47951355,48072617
06-candidate,1,207,47847745,47950347,47950347,48071669
06-candidate,1,208,47847745,47950071,47950071,48104051
06-candidate,1,209,47847745,47948839,47948839,48070322
06-candidate,1,210,47847745,47951189,47951189,48072423
06-candidate,1,211,47847745,47948854,47948854,48070334
06-candidate,1,212,47847745,47948933,47948933,48070406
06-candidate,1,213,47847745,47949866,47949866,48103525
06-candidate,1,214,47847745,47948904,47948904,48070363
06-candidate,1,215,47847745,47950447,47950447,48103908
06-candidate,1,216,47847745,47950967,47950967,48072238
06-candidate,1,217,47847745,47950234,47950234,48104245
06-candidate,1,218,47847745,47951328,47951328,48072596
06-candidate,1,219,47847745,47949541,47949541,48092986
06-candidate,1,220,47847745,47949528,47949528,48070916
06-candidate,1,221,47847745,47950894,47950894,48072169
06-candidate,1,222,47847745,47949841,47949841,48104256
06-candidate,1,223,47847745,47949745,47949745,48103535
06-candidate,1,224,47847745,47951339,47951339,48072602
06-candidate,1,225,47847745,47949040,47949040,48070490
06-candidate,1,226,47847745,47948788,47948788,48103439
06-candidate,1,227,47847745,47948741,47948741,48103433
06-candidate,1,228,47847745,47950493,47950493,48071816
06-candidate,1,229,47847745,47949834,47949834,48071190
06-candidate,1,230,47847745,47950430,47950430,48104253
06-candidate,1,231,47847745,47949729,47949729,48104182
06-candidate,1,232,47847745,47949161,47949161,48070583
06-candidate,1,233,47847745,47950972,47950972,48072253
06-candidate,1,234,47847745,47950892,47950892,48072165
06-candidate,1,235,47847745,47950120,47950120,48104039
06-candidate,1,236,47847745,47948656,47948656,48103370
06-candidate,1,237,47847745,47950874,47950874,48072150
06-candidate,1,238,47847745,47951319,47951319,48100272
06-candidate,1,239,47847745,47951208,47951208,48100152
06-candidate,1,240,47847745,47948799,47948799,48103243
06-candidate,1,241,47847745,47949266,47949266,48070687
06-candidate,1,242,47847745,47949471,47949471,48070868
06-candidate,1,243,47847745,47949311,47949311,48092059
06-candidate,1,244,47847745,47950563,47950563,48071892
06-candidate,1,245,47847745,47949457,47949457,48070862
06-candidate,1,246,47847745,47948971,47948971,48092930
06-candidate,1,247,47847745,47948701,47948701,48101990
06-candidate,1,248,47847745,47951398,47951398,48072656
06-candidate,1,249,47847745,47951222,47951222,48100323
06-candidate,1,250,47847745,47949367,47949367,48092076
06-candidate,1,251,47847745,47950272,47950272,48071610
06-candidate,1,252,47847745,47949410,47949410,48092102
06-candidate,1,253,47847745,47950008,47950008,48104061
06-candidate,1,254,47847745,47949227,47949227,48092075
06-candidate,1,255,47847745,47949919,47949919,48071276
06-candidate,1,256,47847745,47949625,47949625,48071036
06-candidate,1,257,47847745,47949711,47949711,48071079
06-candidate,1,258,47847745,47948925,47948925,48070377
06-candidate,1,259,47847745,47948670,47948670,48103374
06-candidate,1,260,47847745,47949687,47949687,48104237
06-candidate,1,261,47847745,47950443,47950443,48104121
06-candidate,1,262,47847745,47949491,47949491,48093058
06-candidate,1,263,47847745,47950429,47950429,48103967
06-candidate,1,264,47847745,47950720,47950720,48072021
06-candidate,1,265,47847745,47950346,47950346,48104080
06-candidate,1,266,47847745,47950377,47950377,48071683
06-candidate,1,267,47847745,47948726,47948726,48103367
06-candidate,1,268,47847745,47950220,47950220,48071555
06-candidate,1,269,47847745,47950971,47950971,48072241
06-candidate,1,270,47847745,47949751,47949751,48071113
06-candidate,1,271,47847745,47950629,47950629,48071953
06-candidate,1,272,47847745,47949321,47949321,48091943
06-candidate,1,273,47847745,47950037,47950037,48071377
06-candidate,1,274,47847745,47949554,47949554,48070942
06-candidate,1,275,47847745,47950104,47950104,48071441
06-candidate,1,276,47847745,47950225,47950225,48071553
06-candidate,1,277,47847745,47948742,47948742,48103460
06-candidate,1,278,47847745,47949996,47949996,48103494
06-candidate,1,279,47847745,47951090,47951090,48072356
06-candidate,1,280,47847745,47950088,47950088,48104035
06-candidate,1,281,47847745,47950019,47950019,48104007
06-candidate,1,282,47847745,47950011,47950011,48104212
06-candidate,1,283,47847745,47948762,47948762,48103283
06-candidate,1,284,47847745,47948647,47948647,48101949
06-candidate,1,285,47847745,47949635,47949635,48104184
06-candidate,1,286,47847745,47951229,47951229,48100174
06-candidate,1,287,47847745,47949741,47949741,48104271
06-candidate,1,288,47847745,47951477,47951477,48072715
06-candidate,1,289,47847745,47948680,47948680,48102008
06-candidate,1,290,47847745,47950880,47950880,48072160
06-candidate,1,291,47847745,47948900,47948900,48070373
06-candidate,1,292,47847745,47949099,47949099,48070536
06-candidate,1,293,47847745,47948666,47948666,48103409
06-candidate,1,294,47847745,47949000,47949000,48070440
06-candidate,1,295,47847745,47951171,47951171,48072424
06-candidate,1,296,47847745,47950567,47950567,48071921
06-candidate,1,297,47847745,47950851,47950851,48072123
06-candidate,1,298,47847745,47949186,47949186,48070621
06-candidate,1,299,47847745,47948688,47948688,48103452
06-candidate,1,300,47847745,47950658,47950658,48071980
06-candidate,1,301,47847745,47949722,47949722,48071102
06-candidate,1,302,47847745,47949158,47949158,48070584
06-candidate,1,303,47847745,47950465,47950465,48071807
06-candidate,1,304,47847745,47949473,47949473,48093034
06-candidate,1,305,47847745,47951283,47951283,48100085
06-candidate,1,306,47847745,47951364,47951364,48072612
06-candidate,1,307,47847745,47950256,47950256,48071575
06-candidate,1,308,47847745,47951461,47951461,48072711
06-candidate,1,309,47847745,47949221,47949221,48070639
06-candidate,1,310,47847745,47950412,47950412,48104113
06-candidate,1,311,47847745,47949081,47949081,48070519
06-candidate,1,312,47847745,47950193,47950193,48104219
06-candidate,1,313,47847745,47949722,47949722,48104268
06-candidate,1,314,47847745,47948666,47948666,48103299
06-candidate,1,315,47847745,47949529,47949529,48092908
06-candidate,1,316,47847745,47949244,47949244,48070647
06-candidate,1,317,47847745,47951027,47951027,48100213
06-candidate,1,318,47847745,47951361,47951361,48072627
06-candidate,1,319,47847745,47950923,47950923,48072218
06-candidate,1,320,47847745,47949233,47949233,48097835
06-candidate,1,321,47847745,47951207,47951207,48072470
06-candidate,1,322,47847745,47948640,47948640,48103439
06-candidate,1,323,47847745,47949942,47949942,48103490
06-candidate,1,324,47847745,47951502,47951502,48072756
06-candidate,1,325,47847745,47951504,47951504,48072773
06-candidate,1,326,47847745,47951471,47951471,48072724
06-candidate,1,327,47847745,47948920,47948920,48070375
06-candidate,1,328,47847745,47950123,47950123,48103998
06-candidate,1,329,47847745,47949173,47949173,48070618
06-candidate,1,330,47847745,47950803,47950803,48072093
06-candidate,1,331,47847745,47950650,47950650,48071967
06-candidate,1,332,47847745,47949247,47949247,48070671
06-candidate,1,333,47847745,47951111,47951111,48072361
06-candidate,1,334,47847745,47949014,47949014,48070463
06-candidate,1,335,47847745,47951407,47951407,48072673
06-candidate,1,336,47847745,47949054,47949054,48070506
06-candidate,1,337,47847745,47950128,47950128,48104204
06-candidate,1,338,47847745,47950933,47950933,48072234
06-candidate,1,339,47847745,47951402,47951402,48072663
06-candidate,1,340,47847745,47949708,47949708,48103492
06-candidate,1,341,47847745,47951054,47951054,48100268
06-candidate,1,342,47847745,47950476,47950476,48071799
06-candidate,1,343,47847745,47949440,47949440,48070840
06-candidate,1,344,47847745,47950063,47950063,48071402
06-candidate,1,345,47847745,47949636,47949636,48103039
06-candidate,1,346,47847745,47951380,47951380,48072649
06-candidate,1,347,47847745,47950287,47950287,48104277
06-candidate,1,348,47847745,47948666,47948666,48103401
06-candidate,1,349,47847745,47949653,47949653,48103528
06-candidate,1,350,47847745,47951096,47951096,48072337
06-candidate,1,351,47847745,47948647,47948647,48103343
06-candidate,1,352,47847745,47949511,47949511,48070903
06-candidate,1,353,47847745,47948979,47948979,48070431
06-candidate,1,354,47847745,47950834,47950834,48072125
06-candidate,1,355,47847745,47951435,47951435,48072695
06-candidate,1,356,47847745,47948794,47948794,48101997
06-candidate,1,357,47847745,47950601,47950601,48071935
06-candidate,1,358,47847745,47950229,47950229,48071565
06-candidate,1,359,47847745,47950573,47950573,48071901
06-candidate,1,360,47847745,47948993,47948993,48070452
06-candidate,1,361,47847745,47950270,47950270,48104266
06-candidate,1,362,47847745,47950347,47950347,48104139
06-candidate,1,363,47847745,47949965,47949965,48103497
06-candidate,1,364,47847745,47950029,47950029,48103502
06-candidate,1,365,47847745,47951032,47951032,48072295
06-candidate,1,366,47847745,47949344,47949344,48070754
06-candidate,1,367,47847745,47949068,47949068,48070500
06-candidate,1,368,47847745,47951130,47951130,48072389
06-candidate,1,369,47847745,47949436,47949436,48070825
06-candidate,1,370,47847745,47950614,47950614,48098847
06-candidate,1,371,47847745,47948649,47948649,48103384
06-candidate,1,372,47847745,47949664,47949664,48104181
06-candidate,1,373,47847745,47949350,47949350,48070757
06-candidate,1,374,47847745,47951133,47951133,48100136
06-candidate,1,375,47847745,47950806,47950806,48104030
06-candidate,1,376,47847745,47949038,47949038,48070479
06-candidate,1,377,47847745,47951563,47951563,48099907
06-candidate,1,378,47847745,47951489,47951489,48072735
06-candidate,1,379,47847745,47949909,47949909,48104213
06-candidate,1,380,47847745,47949656,47949656,48104192
06-candidate,1,381,47847745,47950513,47950513,48071833
06-candidate,1,382,47847745,47949342,47949342,48070750
06-candidate,1,383,47847745,47949990,47949990,48104047
06-candidate,1,384,47847745,47950581,47950581,48071909
06-candidate,1,385,47847745,47950836,47950836,48072126
06-candidate,1,386,47847745,47950010,47950010,48104061
06-candidate,1,387,47847745,47949272,47949272,48092023
06-candidate,1,388,47847745,47948983,47948983,48070430
06-candidate,1,389,47847745,47949513,47949513,48093115
06-candidate,1,390,47847745,47951063,47951063,48072310
06-candidate,1,391,47847745,47949824,47949824,48071197
06-candidate,1,392,47847745,47949180,47949180,48070610
06-candidate,1,393,47847745,47949626,47949626,48071008
06-candidate,1,394,47847745,47949830,47949830,48103489
06-candidate,1,395,47847745,47951272,47951272,48072530
06-candidate,1,396,47847745,47951099,47951099,48072353
06-candidate,1,397,47847745,47948684,47948684,48103407
06-candidate,1,398,47847745,47949412,47949412,48070817
06-candidate,1,399,47847745,47951489,47951489,48072740
06-candidate,1,400,47847745,47950201,47950201,48104030
06-candidate,1,401,47847745,47950805,47950805,48072073
06-candidate,1,402,47847745,47950712,47950712,48072019
06-candidate,1,403,47847745,47950432,47950432,48104089
06-candidate,1,404,47847745,47950332,47950332,48104117
06-candidate,1,405,47847745,47948996,47948996,48070443
06-candidate,1,406,47847745,47951016,47951016,48072271
06-candidate,1,407,47847745,47950032,47950032,48103045
06-candidate,1,408,47847745,47950851,47950851,48072133
06-candidate,1,409,47847745,47948747,47948747,48103223
06-candidate,1,410,47847745,47951271,47951271,48100094
06-candidate,1,411,47847745,47948662,47948662,48103211
06-candidate,1,412,47847745,47949674,47949674,48071055
06-candidate,1,413,47847745,47950643,47950643,48071944
06-candidate,1,414,47847745,47950672,47950672,48071984
06-candidate,1,415,47847745,47951081,47951081,48072327
06-candidate,1,416,47847745,47949290,47949290,48070708
06-candidate,1,417,47847745,47949263,47949263,48070677
06-candidate,1,418,47847745,47950447,47950447,48104288
06-candidate,1,419,47847745,47949368,47949368,48070761
06-candidate,1,420,47847745,47950120,47950120,48104227
06-candidate,1,421,47847745,47949677,47949677,48071059
06-candidate,1,422,47847745,47948696,47948696,48103359
06-candidate,1,423,47847745,47950026,47950026,48104091
06-candidate,1,424,47847745,47950944,47950944,48072230
06-candidate,1,425,47847745,47949980,47949980,48102983
06-candidate,1,426,47847745,47951219,47951219,48100273
06-candidate,1,427,47847745,47948798,47948798,48103348
06-candidate,1,428,47847745,47948819,47948819,48103424
06-candidate,1,429,47847745,47949214,47949214,48070634
06-candidate,1,430,47847745,47950681,47950681,48072011
06-candidate,1,431,47847745,47948798,47948798,48103337
06-candidate,1,432,47847745,47949979,47949979,48104035
06-candidate,1,433,47847745,47950086,47950086,48104009
06-candidate,1,434,47847745,47948691,47948691,48101964
06-candidate,1,435,47847745,47949275,47949275,48091957
06-candidate,1,436,47847745,47949966,47949966,48071305
06-candidate,1,437,47847745,47949514,47949514,48093081
06-candidate,1,438,47847745,47950473,47950473,48071806
06-candidate,1,439,47847745,47950737,47950737,48072048
06-candidate,1,440,47847745,47950201,47950201,48103034
06-candidate,1,441,47847745,47951192,47951192,48072460
06-candidate,1,442,47847745,47949872,47949872,48071226
06-candidate,1,443,47847745,47949680,47949680,48071066
06-candidate,1,444,47847745,47950469,47950469,48071783
06-candidate,1,445,47847745,47951380,47951380,48072627
06-candidate,1,446,47847745,47950373,47950373,48103998
06-candidate,1,447,47847745,47951111,47951111,48072371
06-candidate,1,448,47847745,47949381,47949381,48070782
06-candidate,1,449,47847745,47951308,47951308,48099887
06-candidate,1,450,47847745,47949389,47949389,48070796
06-candidate,1,451,47847745,47949009,47949009,48070462
06-candidate,1,452,47847745,47948975,47948975,48070407
06-candidate,1,453,47847745,47949734,47949734,48103019
06-candidate,1,454,47847745,47950650,47950650,48071964
06-candidate,1,455,47847745,47949316,47949316,48070724
06-candidate,1,456,47847745,47949166,47949166,48070600
06-candidate,1,457,47847745,47949648,47949648,48104061
06-candidate,1,458,47847745,47951053,47951053,48100319
06-candidate,1,459,47847745,47950316,47950316,48071634
06-candidate,1,460,47847745,47948718,47948718,48103488
06-candidate,1,461,47847745,47949059,47949059,48070494
06-candidate,1,462,47847745,47950596,47950596,48071943
06-candidate,1,463,47847745,47949351,47949351,48070756
06-candidate,1,464,47847745,47949586,47949586,48103506
06-candidate,1,465,47847745,47950483,47950483,48071822
06-candidate,1,466,47847745,47950908,47950908,48072175
06-candidate,1,467,47847745,47950040,47950040,48104006
06-candidate,1,468,47847745,47950586,47950586,48071913
06-candidate,1,469,47847745,47949557,47949557,48070952
06-candidate,1,470,47847745,47951171,47951171,48072415
06-candidate,1,471,47847745,47948698,47948698,48103435
06-candidate,1,472,47847745,47949849,47949849,48071208
06-candidate,1,473,47847745,47951123,47951123,48100206
06-candidate,1,474,47847745,47949567,47949567,48092947
06-candidate,1,475,47847745,47950216,47950216,48104235
06-candidate,1,476,47847745,47951122,47951122,48072371
06-candidate,1,477,47847745,47949562,47949562,48092991
06-candidate,1,478,47847745,47949665,47949665,48071048
06-candidate,1,479,47847745,47949137,47949137,48070571
06-candidate,1,480,47847745,47949753,47949753,48071130
06-candidate,1,481,47847745,47951258,47951258,48072516
06-candidate,1,482,47847745,47950213,47950213,48104000
06-candidate,1,483,47847745,47949896,47949896,48071257
06-candidate,1,484,47847745,47949754,47949754,48071128
06-candidate,1,485,47847745,47949687,47949687,48103015
06-candidate,1,486,47847745,47950291,47950291,48071623
06-candidate,1,487,47847745,47949819,47949819,48104248
06-candidate,1,488,47847745,47950444,47950444,48071781
06-candidate,1,489,47847745,47950284,47950284,48104218
06-candidate,1,490,47847745,47950362,47950362,48071667
06-candidate,1,491,47847745,47950638,47950638,48071953
06-candidate,1,492,47847745,47950731,47950731,48072029
06-candidate,1,493,47847745,47949563,47949563,48102955
06-candidate,1,494,47847745,47950388,47950388,48071699
06-candidate,1,495,47847745,47949248,47949248,48092062
06-candidate,1,496,47847745,47950030,47950030,48104141
06-candidate,1,497,47847745,47951229,47951229,48072483
06-candidate,1,498,47847745,47948878,47948878,48070351
06-candidate,1,499,47847745,47951170,47951170,48072409
06-candidate,1,500,47847745,47950330,47950330,48071645
06-candidate,1,501,47847745,47950285,47950285,48104183
06-candidate,1,502,47847745,47949572,47949572,48104144
06-candidate,1,503,47847745,47950859,47950859,48072141
06-candidate,1,504,47847745,47949834,47949834,48071192
06-candidate,1,505,47847745,47948624,47948624,48103268
06-candidate,1,506,47847745,47950131,47950131,48071467
06-candidate,1,507,47847745,47951335,47951335,48072589
06-candidate,1,508,47847745,47949416,47949416,48092944
06-candidate,1,509,47847745,47948627,47948627,48103378
06-candidate,1,510,47847745,47951134,47951134,48072411
06-candidate,1,511,47847745,47950582,47950582,48098923
06-candidate,1,512,47847745,47949901,47949901,48103527
06-candidate,1,513,47847745,47948927,47948927,48070374
06-candidate,1,514,47847745,47949965,47949965,48071316
06-candidate,1,515,47847745,47950704,47950704,48072007
06-candidate,1,516,47847745,47951137,47951137,48072398
06-candidate,1,517,47847745,47949778,47949778,48071129
06-candidate,1,518,47847745,47948939,47948939,48070400
06-candidate,1,519,47847745,47949905,47949905,48071259
06-candidate,1,520,47847745,47951013,47951013,48072265
06-candidate,1,521,47847745,47950134,47950134,48103015
06-candidate,1,522,47847745,47949922,47949922,48071269
06-candidate,1,523,47847745,47949469,47949469,48093004
06-candidate,1,524,47847745,47948708,47948708,48103270
06-candidate,1,525,47847745,47949303,47949303,48070733
06-candidate,1,526,47847745,47949092,47949092,48070532
06-candidate,1,527,47847745,47950045,47950045,48104222
06-candidate,1,528,47847745,47951027,47951027,48072282
06-candidate,1,529,47847745,47949797,47949797,48104094
06-candidate,1,530,47847745,47950135,47950135,48071483
06-candidate,1,531,47847745,47950307,47950307,48103976
06-candidate,1,532,47847745,47951117,47951117,48072381
06-candidate,1,533,47847745,47950372,47950372,48103961
06-candidate,1,534,47847745,47951426,47951426,48072676
06-candidate,1,535,47847745,47951321,47951321,48072581
06-candidate,1,536,47847745,47950609,47950609,48071928
06-candidate,1,537,47847745,47949280,47949280,48070728
06-candidate,1,538,47847745,47949175,47949175,48070603
06-candidate,1,539,47847745,47948801,47948801,48103438
06-candidate,1,540,47847745,47950588,47950588,48071919
06-candidate,1,541,47847745,47950668,47950668,48071984
06-candidate,1,542,47847745,47948819,47948819,48103262
06-candidate,1,543,47847745,47950384,47950384,48104269
06-candidate,1,544,47847745,47949257,47949257,48091978
06-candidate,1,545,47847745,47948833,47948833,48103287
06-candidate,1,546,47847745,47950932,47950932,48072217
06-candidate,1,547,47847745,47950818,47950818,48103955
06-candidate,1,548,47847745,47949182,47949182,48070614
06-candidate,1,549,47847745,47951177,47951177,48072418
06-candidate,1,550,47847745,47950783,47950783,48104099
06-candidate,1,551,47847745,47951303,47951303,48072549
06-candidate,1,552,47847745,47948989,47948989,48070451
06-candidate,1,553,47847745,47950414,47950414,48071710
06-candidate,1,554,47847745,47951233,47951233,48100143
06-candidate,1,555,47847745,47949300,47949300,48092000
06-candidate,1,556,47847745,47950491,47950491,48071824
06-candidate,1,557,47847745,47950106,47950106,48104022
06-candidate,1,558,47847745,47950217,47950217,48071535
06-candidate,1,559,47847745,47951080,47951080,48100143
06-candidate,1,560,47847745,47949705,47949705,48071077
06-candidate,1,561,47847745,47951253,47951253,48100235
06-candidate,1,562,47847745,47948726,47948726,48102030
06-candidate,1,563,47847745,47949416,47949416,48092973
06-candidate,1,564,47847745,47949441,47949441,48093045
06-candidate,1,565,47847745,47951105,47951105,48072358
06-candidate,1,566,47847745,47949189,47949189,48070633
06-candidate,1,567,47847745,47950212,47950212,48071561
06-candidate,1,568,47847745,47951331,47951331,48072595
06-candidate,1,569,47847745,47950254,47950254,48071598
06-candidate,1,570,47847745,47951376,47951376,48100321
06-candidate,1,571,47847745,47950787,47950787,48072063
06-candidate,1,572,47847745,47950323,47950323,48104148
06-candidate,1,573,47847745,47949083,47949083,48070517
06-candidate,1,574,47847745,47951080,47951080,48100224
06-candidate,1,575,47847745,47951521,47951521,48072796
06-candidate,1,576,47847745,47951376,47951376,48072646
06-candidate,1,577,47847745,47949100,47949100,48070532
06-candidate,1,578,47847745,47951498,47951498,48072763
06-candidate,1,579,47847745,47951516,47951516,48072795
06-candidate,1,580,47847745,47948846,47948846,48103215
06-candidate,1,581,47847745,47951267,47951267,48100100
06-candidate,1,582,47847745,47950530,47950530,48071862
06-candidate,1,583,47847745,47950514,47950514,48071854
06-candidate,1,584,47847745,47950827,47950827,48072112
06-candidate,1,585,47847745,47951474,47951474,48099882
06-candidate,1,586,47847745,47950985,47950985,48072254
06-candidate,1,587,47847745,47950856,47950856,48072145
06-candidate,1,588,47847745,47950854,47950854,48072145
06-candidate,1,589,47847745,47949856,47949856,48071214
06-candidate,1,590,47847745,47950053,47950053,48071400
06-candidate,1,591,47847745,47950875,47950875,48072156
06-candidate,1,592,47847745,47948921,47948921,48070389
06-candidate,1,593,47847745,47950702,47950702,48103938
06-candidate,1,594,47847745,47951386,47951386,48072652
06-candidate,1,595,47847745,47950457,47950457,48071776
06-candidate,1,596,47847745,47948672,47948672,48103439
06-candidate,1,597,47847745,47949080,47949080,48070522
06-candidate,1,598,47847745,47951151,47951151,48100088
06-candidate,1,599,47847745,47948883,47948883,48070350
06-candidate,1,600,47847745,47949639,47949639,48104192
06-candidate,1,601,47847745,47950952,47950952,48072223
06-candidate,1,602,47847745,47949047,47949047,48070473
06-candidate,1,603,47847745,47951106,47951106,48100219
06-candidate,1,604,47847745,47949511,47949511,48093010
06-candidate,1,605,47847745,47949211,47949211,48070633
06-candidate,1,606,47847745,47949384,47949384,48070794
06-candidate,1,607,47847745,47950173,47950173,48104173
06-candidate,1,608,47847745,47949134,47949134,48070557
06-candidate,1,609,47847745,47950270,47950270,48071615
06-candidate,1,610,47847745,47950044,47950044,48104089
06-candidate,1,611,47847745,47950191,47950191,48104166
06-candidate,1,612,47847745,47950601,47950601,48071937
06-candidate,1,613,47847745,47950531,47950531,48071851
06-candidate,1,614,47847745,47951140,47951140,48072404
06-candidate,1,615,47847745,47948992,47948992,48070447
06-candidate,1,616,47847745,47948671,47948671,48103397
06-candidate,1,617,47847745,47951213,47951213,48100185
06-candidate,1,618,47847745,47950812,47950812,48072110
06-candidate,1,619,47847745,47951438,47951438,48100295
06-candidate,1,620,47847745,47949546,47949546,48093034
06-candidate,1,621,47847745,47951518,47951518,48072781
06-candidate,1,622,47847745,47950790,47950790,48072068
06-candidate,1,623,47847745,47951419,47951419,48072682
06-candidate,1,624,47847745,47950534,47950534,48071867
06-candidate,1,625,47847745,47950827,47950827,48072108
06-candidate,1,626,47847745,47951093,47951093,48072349
06-candidate,1,627,47847745,47950487,47950487,48071829
06-candidate,1,628,47847745,47948607,47948607,48103304
06-candidate,1,629,47847745,47949456,47949456,48092974
06-candidate,1,630,47847745,47949192,47949192,48070624
06-candidate,1,631,47847745,47950722,47950722,48072032
06-candidate,1,632,47847745,47948883,47948883,48070362
06-candidate,1,633,47847745,47950731,47950731,48103936
06-candidate,1,634,47847745,47948635,47948635,48103450
06-candidate,1,635,47847745,47949191,47949191,48070631
06-candidate,1,636,47847745,47949367,47949367,48070784
06-candidate,1,637,47847745,47951434,47951434,48072690
06-candidate,1,638,47847745,47950945,47950945,48072236
06-candidate,1,639,47847745,47950921,47950921,48072209
06-candidate,1,640,47847745,47951486,47951486,48072729
06-candidate,1,641,47847745,47949706,47949706,48071080
06-candidate,1,642,47847745,47949602,47949602,48070993
06-candidate,1,643,47847745,47951072,47951072,48072333
06-candidate,1,644,47847745,47950590,47950590,48071931
06-candidate,1,645,47847745,47950805,47950805,48072059
06-candidate,1,646,47847745,47948703,47948703,48103355
06-candidate,1,647,47847745,47950906,47950906,48072172
06-candidate,1,648,47847745,47950990,47950990,48072253
06-candidate,1,649,47847745,47950361,47950361,48104109
06-candidate,1,650,47847745,47951460,47951460,48072706
06-candidate,1,651,47847745,47951343,47951343,48072601
06-candidate,1,652,47847745,47950453,47950453,48071788
06-candidate,1,653,47847745,47950085,47950085,48071426
06-candidate,1,654,47847745,47949583,47949583,48103058
06-candidate,1,655,47847745,47949881,47949881,48104183
06-candidate,1,656,47847745,47950983,47950983,48072258
06-candidate,1,657,47847745,47948946,47948946,48070388
06-candidate,1,658,47847745,47951192,47951192,48100226
06-candidate,1,659,47847745,47949111,47949111,48070542
06-candidate,1,660,47847745,47949904,47949904,48104270
06-candidate,1,661,47847745,47948950,47948950,48070403
06-candidate,1,662,47847745,47949670,47949670,48104236
06-candidate,1,663,47847745,47948592,47948592,48103318
06-candidate,1,664,47847745,47951203,47951203,48072469
06-candidate,1,665,47847745,47950901,47950901,48072176
06-candidate,1,666,47847745,47949804,47949804,48104247
06-candidate,1,667,47847745,47949259,47949259,48070682
06-candidate,1,668,47847745,47948587,47948587,48103389
06-candidate,1,669,47847745,47949523,47949523,48093097
06-candidate,1,670,47847745,47949065,47949065,48070488
06-candidate,1,671,47847745,47949460,47949460,48070857
06-candidate,1,672,47847745,47950617,47950617,48071949
06-candidate,1,673,47847745,47948651,47948651,48101993
06-candidate,1,674,47847745,47948717,47948717,48103404
06-candidate,1,675,47847745,47948897,47948897,48070364
06-candidate,1,676,47847745,47951199,47951199,48072441
06-candidate,1,677,47847745,47950912,47950912,48100275
06-candidate,1,678,47847745,47948728,47948728,48103302
06-candidate,1,679,47847745,47949399,47949399,48092053
06-candidate,1,680,47847745,47949531,47949531,48070925
06-candidate,1,681,47847745,47950310,47950310,48071641
06-candidate,1,682,47847745,47949812,47949812,48071185
06-candidate,1,683,47847745,47949779,47949779,48104246
06-candidate,1,684,47847745,47949457,47949457,48093055
06-candidate,1,685,47847745,47951345,47951345,48094921
06-candidate,1,686,47847745,47948714,47948714,48103390
06-candidate,1,687,47847745,47948609,47948609,48103298
06-candidate,1,688,47847745,47950511,47950511,48071842
06-candidate,1,689,47847745,47949995,47949995,48103509
06-candidate,1,690,47847745,47950640,47950640,48098893
06-candidate,1,691,47847745,47950518,47950518,48071840
06-candidate,1,692,47847745,47950303,47950303,48087909
06-candidate,1,693,47847745,47984812,47984812,48103268
06-candidate,1,694,47847745,47952075,47952075,48077962
06-candidate,1,695,47847745,47965916,47965916,48091851
06-candidate,1,696,47847745,47949713,47949713,48071095
06-candidate,1,697,47847745,47949381,47949381,48092012
06-candidate,1,698,47847745,47950474,47950474,48104277
06-candidate,1,699,47847745,47949115,47949115,48070549
06-candidate,2,50,76304553,76414069,76414069,76566450
06-candidate,2,51,76304553,76413083,76413083,76564382
06-candidate,2,52,76304553,76414148,76414148,76566460
06-candidate,2,53,76304553,76411831,76411831,76563686
06-candidate,2,54,76304553,76411916,76411916,76564697
06-candidate,2,55,76304553,76414556,76414556,76565621
06-candidate,2,56,76304553,76412907,76412907,76564400
06-candidate,2,57,76304553,76415210,76415210,76565895
06-candidate,2,58,76304553,76412897,76412897,76564417
06-candidate,2,59,76304553,76414881,76414881,76565482
06-candidate,2,60,76304553,76413975,76413975,76565558
06-candidate,2,61,76304553,76414260,76414260,76566500
06-candidate,2,62,76304553,76413393,76413393,76564381
06-candidate,2,63,76304553,76414798,76414798,76565454
06-candidate,2,64,76304553,76412106,76412106,76563279
06-candidate,2,65,76304553,76413918,76413918,76566374
06-candidate,2,66,76304553,76413709,76413709,76565544
06-candidate,2,67,76304553,76415126,76415126,76566481
06-candidate,2,68,76304553,76412455,76412455,76563957
06-candidate,2,69,76304553,76415044,76415044,76565940
06-candidate,2,70,76304553,76412708,76412708,76565255
06-candidate,2,71,76304553,76413004,76413004,76565198
06-candidate,2,72,76304553,76413113,76413113,76565193
06-candidate,2,73,76304553,76412292,76412292,76563685
06-candidate,2,74,76304553,76413942,76413942,76566507
06-candidate,2,75,76304553,76414084,76414084,76566372
06-candidate,2,76,76304553,76411867,76411867,76564709
06-candidate,2,77,76304553,76411399,76411399,76563509
06-candidate,2,78,76304553,76412499,76412499,76564383
06-candidate,2,79,76304553,76411619,76411619,76563823
06-candidate,2,80,76304553,76411748,76411748,76564794
06-candidate,2,81,76304553,76411521,76411521,76563124
06-candidate,2,82,76304553,76413248,76413248,76564374
06-candidate,2,83,76304553,76414279,76414279,76566455
06-candidate,2,84,76304553,76412178,76412178,76563240
06-candidate,2,85,76304553,76411992,76411992,76564805
06-candidate,2,86,76304553,76411406,76411406,76563736
06-candidate,2,87,76304553,76414488,76414488,76566432
06-candidate,2,88,76304553,76411406,76411406,76531301
06-candidate,2,89,76304553,76412206,76412206,76563595
06-candidate,2,90,76304553,76414037,76414037,76565606
06-candidate,2,91,76304553,76412920,76412920,76564199
06-candidate,2,92,76304553,76414519,76414519,76565488
06-candidate,2,93,76304553,76412378,76412378,76564684
06-candidate,2,94,76304553,76412060,76412060,76563829
06-candidate,2,95,76304553,76412691,76412691,76563912
06-candidate,2,96,76304553,76411587,76411587,76563762
06-candidate,2,97,76304553,76413909,76413909,76565619
06-candidate,2,98,76304553,76413385,76413385,76565106
06-candidate,2,99,76304553,76414418,76414418,76566447
06-candidate,2,100,76304553,76413522,76413522,76564075
06-candidate,2,101,76304553,76412394,76412394,76563643
06-candidate,2,102,76304553,76415204,76415204,76566478
06-candidate,2,103,76304553,76413291,76413291,76564344
06-candidate,2,104,76304553,76411974,76411974,76563285
06-candidate,2,105,76304553,76412297,76412297,76564764
06-candidate,2,106,76304553,76415081,76415081,76565882
06-candidate,2,107,76304553,76412357,76412357,76563166
06-candidate,2,108,76304553,76414021,76414021,76565542
06-candidate,2,109,76304553,76414861,76414861,76565582
06-candidate,2,110,76304553,76414885,76414885,76566354
06-candidate,2,111,76304553,76413041,76413041,76564441
06-candidate,2,112,76304553,76413095,76413095,76564221
06-candidate,2,113,76304553,76413471,76413471,76564184
06-candidate,2,114,76304553,76411496,76411496,76564857
06-candidate,2,115,76304553,76414389,76414389,76565530
06-candidate,2,116,76304553,76411780,76411780,76562941
06-candidate,2,117,76304553,76412651,76412651,76564435
06-candidate,2,118,76304553,76413061,76413061,76565242
06-candidate,2,119,76304553,76412075,76412075,76563817
06-candidate,2,120,76304553,76411720,76411720,76564839
06-candidate,2,121,76304553,76411435,76411435,76564870
06-candidate,2,122,76304553,76411608,76411608,76564868
06-candidate,2,123,76304553,76413844,76413844,76565576
06-candidate,2,124,76304553,76412893,76412893,76565266
06-candidate,2,125,76304553,76411729,76411729,76564850
06-candidate,2,126,76304553,76415184,76415184,76565955
06-candidate,2,127,76304553,76412047,76412047,76563830
06-candidate,2,128,76304553,76411609,76411609,76563391
06-candidate,2,129,76304553,76411421,76411421,76563271
06-candidate,2,130,76304553,76412734,76412734,76564244
06-candidate,2,131,76304553,76414701,76414701,76565487
06-candidate,2,132,76304553,76411720,76411720,76563242
06-candidate,2,133,76304553,76414515,76414515,76565396
06-candidate,2,134,76304553,76414152,76414152,76565416
06-candidate,2,135,76304553,76414473,76414473,76565491
06-candidate,2,136,76304553,76413676,76413676,76564236
06-candidate,2,137,76304553,76412509,76412509,76565255
06-candidate,2,138,76304553,76411378,76411378,76563395
06-candidate,2,139,76304553,76411686,76411686,76564864
06-candidate,2,140,76304553,76414430,76414430,76565609
06-candidate,2,141,76304553,76413491,76413491,76564247
06-candidate,2,142,76304553,76413626,76413626,76564837
06-candidate,2,143,76304553,76412589,76412589,76563976
06-candidate,2,144,76304553,76411447,76411447,76563440
06-candidate,2,145,76304553,76413881,76413881,76566313
06-candidate,2,146,76304553,76414808,76414808,76564922
06-candidate,2,147,76304553,76412631,76412631,76564375
06-candidate,2,148,76304553,76413514,76413514,76564370
06-candidate,2,149,76304553,76411930,76411930,76563354
06-candidate,2,150,76304553,76412486,76412486,76564438
06-candidate,2,151,76304553,76413076,76413076,76564302
06-candidate,2,152,76304553,76411604,76411604,76564818
06-candidate,2,153,76304553,76413145,76413145,76564312
06-candidate,2,154,76304553,76411693,76411693,76564796
06-candidate,2,155,76304553,76412986,76412986,76565242
06-candidate,2,156,76304553,76412986,76412986,76564436
06-candidate,2,157,76304553,76414876,76414876,76565458
06-candidate,2,158,76304553,76411919,76411919,76563796
06-candidate,2,159,76304553,76414095,76414095,76565511
06-candidate,2,160,76304553,76412873,76412873,76564275
06-candidate,2,161,76304553,76411960,76411960,76563857
06-candidate,2,162,76304553,76414041,76414041,76565529
06-candidate,2,163,76304553,76413708,76413708,76566493
06-candidate,2,164,76304553,76414055,76414055,76565471
06-candidate,2,165,76304553,76414246,76414246,76566474
06-candidate,2,166,76304553,76413257,76413257,76564270
06-candidate,2,167,76304553,76413478,76413478,76564337
06-candidate,2,168,76304553,76411715,76411715,76563602
06-candidate,2,169,76304553,76413321,76413321,76565206
06-candidate,2,170,76304553,76414124,76414124,76565366
06-candidate,2,171,76304553,76413702,76413702,76566364
06-candidate,2,172,76304553,76413405,76413405,76564159
06-candidate,2,173,76304553,76414465,76414465,76565532
06-candidate,2,174,76304553,76415150,76415150,76565852
06-candidate,2,175,76304553,76415037,76415037,76565905
06-candidate,2,176,76304553,76413829,76413829,76566321
06-candidate,2,177,76304553,76414753,76414753,76565520
06-candidate,2,178,76304553,76412957,76412957,76564392
06-candidate,2,179,76304553,76414202,76414202,76565420
06-candidate,2,180,76304553,76414878,76414878,76565433
06-candidate,2,181,76304553,76414312,76414312,76566484
06-candidate,2,182,76304553,76412400,76412400,76565267
06-candidate,2,183,76304553,76414574,76414574,76565449
06-candidate,2,184,76304553,76413589,76413589,76564841
06-candidate,2,185,76304553,76415040,76415040,76565912
06-candidate,2,186,76304553,76415219,76415219,76566434
06-candidate,2,187,76304553,76412635,76412635,76564378
06-candidate,2,188,76304553,76413092,76413092,76564271
06-candidate,2,189,76304553,76412560,76412560,76563973
06-candidate,2,190,76304553,76413253,76413253,76565171
06-candidate,2,191,76304553,76413641,76413641,76564050
06-candidate,2,192,76304553,76411417,76411417,76531281
06-candidate,2,193,76304553,76411522,76411522,76563714
06-candidate,2,194,76304553,76415157,76415157,76565975
06-candidate,2,195,76304553,76413382,76413382,76564332
06-candidate,2,196,76304553,76412972,76412972,76565270
06-candidate,2,197,76304553,76414739,76414739,76565428
06-candidate,2,198,76304553,76414093,76414093,76566463
06-candidate,2,199,76304553,76414404,76414404,76533391
06-candidate,2,200,76304553,76411507,76411507,76563204
06-candidate,2,201,76304553,76412071,76412071,76563356
06-candidate,2,202,76304553,76414913,76414913,76565583
06-candidate,2,203,76304553,76411398,76411398,76563752
06-candidate,2,204,76304553,76413406,76413406,76564234
06-candidate,2,205,76304553,76412057,76412057,76563391
06-candidate,2,206,76304553,76414967,76414967,76565458
06-candidate,2,207,76304553,76413627,76413627,76564197
06-candidate,2,208,76304553,76413282,76413282,76565171
06-candidate,2,209,76304553,76411700,76411700,76563660
06-candidate,2,210,76304553,76414679,76414679,76566100
06-candidate,2,211,76304553,76411707,76411707,76564847
06-candidate,2,212,76304553,76411835,76411835,76565113
06-candidate,2,213,76304553,76413021,76413021,76564154
06-candidate,2,214,76304553,76411785,76411785,76563427
06-candidate,2,215,76304553,76413743,76413743,76565594
06-candidate,2,216,76304553,76414432,76414432,76566503
06-candidate,2,217,76304553,76413484,76413484,76565016
06-candidate,2,218,76304553,76414925,76414925,76566290
06-candidate,2,219,76304553,76412593,76412593,76564404
06-candidate,2,220,76304553,76412556,76412556,76565232
06-candidate,2,221,76304553,76414322,76414322,76566418
06-candidate,2,222,76304553,76412979,76412979,76565271
06-candidate,2,223,76304553,76412833,76412833,76565237
06-candidate,2,224,76304553,76414945,76414945,76565541
06-candidate,2,225,76304553,76411966,76411966,76564802
06-candidate,2,226,76304553,76411645,76411645,76563795
06-candidate,2,227,76304553,76411582,76411582,76563399
06-candidate,2,228,76304553,76413818,76413818,76565589
06-candidate,2,229,76304553,76412967,76412967,76564145
06-candidate,2,230,76304553,76413725,76413725,76566322
06-candidate,2,231,76304553,76412824,76412824,76564414
06-candidate,2,232,76304553,76412092,76412092,76564803
06-candidate,2,233,76304553,76414451,76414451,76565566
06-candidate,2,234,76304553,76414335,76414335,76566424
06-candidate,2,235,76304553,76413352,76413352,76564276
06-candidate,2,236,76304553,76411435,76411435,76563676
06-candidate,2,237,76304553,76414305,76414305,76566482
06-candidate,2,238,76304553,76414898,76414898,76565583
06-candidate,2,239,76304553,76414724,76414724,76565510
06-candidate,2,240,76304553,76411656,76411656,76563809
06-candidate,2,241,76304553,76412228,76412228,76563579
06-candidate,2,242,76304553,76412488,76412488,76565137
06-candidate,2,243,76304553,76412277,76412277,76563202
06-candidate,2,244,76304553,76413896,76413896,76566313
06-candidate,2,245,76304553,76412455,76412455,76564778
06-candidate,2,246,76304553,76411844,76411844,76564659
06-candidate,2,247,76304553,76411425,76411425,76563391
06-candidate,2,248,76304553,76415016,76415016,76565577
06-candidate,2,249,76304553,76414757,76414757,76566128
06-candidate,2,250,76304553,76412339,76412339,76564665
06-candidate,2,251,76304553,76413532,76413532,76564363
06-candidate,2,252,76304553,76412392,76412392,76564341
06-candidate,2,253,76304553,76413158,76413158,76564203
06-candidate,2,254,76304553,76412176,76412176,76563720
06-candidate,2,255,76304553,76413079,76413079,76565181
06-candidate,2,256,76304553,76412678,76412678,76565275
06-candidate,2,257,76304553,76412800,76412800,76564135
06-candidate,2,258,76304553,76411805,76411805,76564268
06-candidate,2,259,76304553,76411417,76411417,76531257
06-candidate,2,260,76304553,76412782,76412782,76565257
06-candidate,2,261,76304553,76413737,76413737,76565384
06-candidate,2,262,76304553,76412509,76412509,76564355
06-candidate,2,263,76304553,76413717,76413717,76565622
06-candidate,2,264,76304553,76414102,76414102,76565494
06-candidate,2,265,76304553,76413630,76413630,76564072
06-candidate,2,266,76304553,76413652,76413652,76564135
06-candidate,2,267,76304553,76411564,76411564,76563650
06-candidate,2,268,76304553,76413460,76413460,76565046
06-candidate,2,269,76304553,76414428,76414428,76566403
06-candidate,2,270,76304553,76412837,76412837,76564240
06-candidate,2,271,76304553,76413988,76413988,76566480
06-candidate,2,272,76304553,76412295,76412295,76563196
06-candidate,2,273,76304553,76413221,76413221,76565280
06-candidate,2,274,76304553,76412591,76412591,76564369
06-candidate,2,275,76304553,76413304,76413304,76565212
06-candidate,2,276,76304553,76413452,76413452,76564246
06-candidate,2,277,76304553,76411589,76411589,76564873
06-candidate,2,278,76304553,76413169,76413169,76565152
06-candidate,2,279,76304553,76414580,76414580,76565511
06-candidate,2,280,76304553,76413297,76413297,76564287
06-candidate,2,281,76304553,76413173,76413173,76565264
06-candidate,2,282,76304553,76413179,76413179,76564280
06-candidate,2,283,76304553,76411619,76411619,76563356
06-candidate,2,284,76304553,76411455,76411455,76531254
06-candidate,2,285,76304553,76412659,76412659,76563914
06-candidate,2,286,76304553,76414790,76414790,76565605
06-candidate,2,287,76304553,76412837,76412837,76564331
06-candidate,2,288,76304553,76415108,76415108,76566486
06-candidate,2,289,76304553,76411450,76411450,76563350
06-candidate,2,290,76304553,76414304,76414304,76566408
06-candidate,2,291,76304553,76411792,76411792,76564834
06-candidate,2,292,76304553,76412032,76412032,76564806
06-candidate,2,293,76304553,76411466,76411466,76563617
06-candidate,2,294,76304553,76411901,76411901,76563398
06-candidate,2,295,76304553,76414686,76414686,76565618
06-candidate,2,296,76304553,76413928,76413928,76565617
06-candidate,2,297,76304553,76414238,76414238,76566416
06-candidate,2,298,76304553,76412138,76412138,76564744
06-candidate,2,299,76304553,76411435,76411435,76564835
06-candidate,2,300,76304553,76414044,76414044,76566421
06-candidate,2,301,76304553,76412823,76412823,76564129
06-candidate,2,302,76304553,76412093,76412093,76563763
06-candidate,2,303,76304553,76413816,76413816,76566463
06-candidate,2,304,76304553,76412495,76412495,76565132
06-candidate,2,305,76304553,76414868,76414868,76565496
06-candidate,2,306,76304553,76414963,76414963,76565550
06-candidate,2,307,76304553,76413498,76413498,76564203
06-candidate,2,308,76304553,76415102,76415102,76565925
06-candidate,2,309,76304553,76412169,76412169,76563637
06-candidate,2,310,76304553,76413686,76413686,76565350
06-candidate,2,311,76304553,76412008,76412008,76563781
06-candidate,2,312,76304553,76413427,76413427,76564286
06-candidate,2,313,76304553,76412822,76412822,76564258
06-candidate,2,314,76304553,76411441,76411441,76563317
06-candidate,2,315,76304553,76412575,76412575,76564384
06-candidate,2,316,76304553,76412181,76412181,76563758
06-candidate,2,317,76304553,76414500,76414500,76566216
06-candidate,2,318,76304553,76414975,76414975,76565586
06-candidate,2,319,76304553,76414375,76414375,76565533
06-candidate,2,320,76304553,76412191,76412191,76564644
06-candidate,2,321,76304553,76414741,76414741,76565573
06-candidate,2,322,76304553,76411401,76411401,76531265
06-candidate,2,323,76304553,76413101,76413101,76565174
06-candidate,2,324,76304553,76415168,76415168,76565985
06-candidate,2,325,76304553,76415170,76415170,76565964
06-candidate,2,326,76304553,76415133,76415133,76565846
06-candidate,2,327,76304553,76411806,76411806,76563840
06-candidate,2,328,76304553,76413355,76413355,76564277
06-candidate,2,329,76304553,76412119,76412119,76564701
06-candidate,2,330,76304553,76414210,76414210,76565623
06-candidate,2,331,76304553,76414007,76414007,76566481
06-candidate,2,332,76304553,76412202,76412202,76563285
06-candidate,2,333,76304553,76414612,76414612,76565507
06-candidate,2,334,76304553,76411924,76411924,76563874
06-candidate,2,335,76304553,76415046,76415046,76565934
06-candidate,2,336,76304553,76411985,76411985,76563356
06-candidate,2,337,76304553,76413354,76413354,76564189
06-candidate,2,338,76304553,76414384,76414384,76566470
06-candidate,2,339,76304553,76415011,76415011,76565400
06-candidate,2,340,76304553,76412803,76412803,76565287
06-candidate,2,341,76304553,76414530,76414530,76566302
06-candidate,2,342,76304553,76413809,76413809,76565620
06-candidate,2,343,76304553,76412436,76412436,76564736
06-candidate,2,344,76304553,76413262,76413262,76564461
06-candidate,2,345,76304553,76412661,76412661,76565224
06-candidate,2,346,76304553,76414993,76414993,76566366
06-candidate,2,347,76304553,76413535,76413535,76564726
06-candidate,2,348,76304553,76411450,76411450,76563717
06-candidate,2,349,76304553,76412690,76412690,76565223
06-candidate,2,350,76304553,76414566,76414566,76565540
06-candidate,2,351,76304553,76411424,76411424,76564739
06-candidate,2,352,76304553,76412515,76412515,76564740
06-candidate,2,353,76304553,76411863,76411863,76564820
06-candidate,2,354,76304553,76414230,76414230,76566479
06-candidate,2,355,76304553,76415072,76415072,76565995
06-candidate,2,356,76304553,76411643,76411643,76564790
06-candidate,2,357,76304553,76413956,76413956,76565610
06-candidate,2,358,76304553,76413462,76413462,76564058
06-candidate,2,359,76304553,76413910,76413910,76566483
06-candidate,2,360,76304553,76411888,76411888,76564698
06-candidate,2,361,76304553,76413508,76413508,76564985
06-candidate,2,362,76304553,76413613,76413613,76565283
06-candidate,2,363,76304553,76413114,76413114,76564253
06-candidate,2,364,76304553,76413184,76413184,76564202
06-candidate,2,365,76304553,76414526,76414526,76565571
06-candidate,2,366,76304553,76412307,76412307,76563718
06-candidate,2,367,76304553,76411988,76411988,76564208
06-candidate,2,368,76304553,76414648,76414648,76565404
06-candidate,2,369,76304553,76412436,76412436,76563973
06-candidate,2,370,76304553,76413965,76413965,76566344
06-candidate,2,371,76304553,76411386,76411386,76531278
06-candidate,2,372,76304553,76412719,76412719,76564130
06-candidate,2,373,76304553,76412310,76412310,76563709
06-candidate,2,374,76304553,76414632,76414632,76565613
06-candidate,2,375,76304553,76414202,76414202,76566396
06-candidate,2,376,76304553,76411945,76411945,76563755
06-candidate,2,377,76304553,76415236,76415236,76565877
06-candidate,2,378,76304553,76415138,76415138,76566492
06-candidate,2,379,76304553,76413077,76413077,76564280
06-candidate,2,380,76304553,76412697,76412697,76564340
06-candidate,2,381,76304553,76413845,76413845,76566460
06-candidate,2,382,76304553,76412315,76412315,76564679
06-candidate,2,383,76304553,76413160,76413160,76564321
06-candidate,2,384,76304553,76413944,76413944,76566352
06-candidate,2,385,76304553,76414251,76414251,76566341
06-candidate,2,386,76304553,76413197,76413197,76564298
06-candidate,2,387,76304553,76412242,76412242,76563214
06-candidate,2,388,76304553,76411859,76411859,76563564
06-candidate,2,389,76304553,76412524,76412524,76564333
06-candidate,2,390,76304553,76414537,76414537,76565599
06-candidate,2,391,76304553,76412937,76412937,76564170
06-candidate,2,392,76304553,76412130,76412130,76563720
06-candidate,2,393,76304553,76412670,76412670,76564375
06-candidate,2,394,76304553,76412926,76412926,76564406
06-candidate,2,395,76304553,76414851,76414851,76565589
06-candidate,2,396,76304553,76414580,76414580,76565526
06-candidate,2,397,76304553,76411462,76411462,76531315
06-candidate,2,398,76304553,76412405,76412405,76563951
06-candidate,2,399,76304553,76415156,76415156,76565996
06-candidate,2,400,76304553,76413409,76413409,76564336
06-candidate,2,401,76304553,76414180,76414180,76566359
06-candidate,2,402,76304553,76414115,76414115,76565413
06-candidate,2,403,76304553,76413732,76413732,76565481
06-candidate,2,404,76304553,76413590,76413590,76564234
06-candidate,2,405,76304553,76411881,76411881,76562913
06-candidate,2,406,76304553,76414479,76414479,76566433
06-candidate,2,407,76304553,76413207,76413207,76565271
06-candidate,2,408,76304553,76414265,76414265,76566371
06-candidate,2,409,76304553,76411607,76411607,76563644
06-candidate,2,410,76304553,76414850,76414850,76566295
06-candidate,2,411,76304553,76411476,76411476,76531320
06-candidate,2,412,76304553,76412746,76412746,76564359
06-candidate,2,413,76304553,76413986,76413986,76566279
06-candidate,2,414,76304553,76414050,76414050,76566462
06-candidate,2,415,76304553,76414546,76414546,76565375
06-candidate,2,416,76304553,76412251,76412251,76564740
06-candidate,2,417,76304553,76412233,76412233,76563278
06-candidate,2,418,76304553,76413750,76413750,76566283
06-candidate,2,419,76304553,76412325,76412325,76563674
06-candidate,2,420,76304553,76413347,76413347,76564421
06-candidate,2,421,76304553,76412748,76412748,76565240
06-candidate,2,422,76304553,76411491,76411491,76563435
06-candidate,2,423,76304553,76413210,76413210,76564295
06-candidate,2,424,76304553,76414391,76414391,76565476
06-candidate,2,425,76304553,76413140,76413140,76565176
06-candidate,2,426,76304553,76414786,76414786,76565407
06-candidate,2,427,76304553,76411663,76411663,76564847
06-candidate,2,428,76304553,76411661,76411661,76564851
06-candidate,2,429,76304553,76412174,76412174,76563752
06-candidate,2,430,76304553,76414063,76414063,76566362
06-candidate,2,431,76304553,76411660,76411660,76564796
06-candidate,2,432,76304553,76413132,76413132,76565163
06-candidate,2,433,76304553,76413276,76413276,76564100
06-candidate,2,434,76304553,76411475,76411475,76563235
06-candidate,2,435,76304553,76412235,76412235,76563803
06-candidate,2,436,76304553,76413125,76413125,76564116
06-candidate,2,437,76304553,76412543,76412543,76565267
06-candidate,2,438,76304553,76413810,76413810,76565528
06-candidate,2,439,76304553,76414137,76414137,76565480
06-candidate,2,440,76304553,76413419,76413419,76564161
06-candidate,2,441,76304553,76414715,76414715,76566157
06-candidate,2,442,76304553,76413018,76413018,76564434
06-candidate,2,443,76304553,76412780,76412780,76564122
06-candidate,2,444,76304553,76413800,76413800,76565616
06-candidate,2,445,76304553,76414987,76414987,76565485
06-candidate,2,446,76304553,76413655,76413655,76564257
06-candidate,2,447,76304553,76414610,76414610,76565465
06-candidate,2,448,76304553,76412345,76412345,76563639
06-candidate,2,449,76304553,76414893,76414893,76566325
06-candidate,2,450,76304553,76412372,76412372,76564744
06-candidate,2,451,76304553,76411906,76411906,76562914
06-candidate,2,452,76304553,76411856,76411856,76563578
06-candidate,2,453,76304553,76412836,76412836,76564204
06-candidate,2,454,76304553,76414004,76414004,76565564
06-candidate,2,455,76304553,76412277,76412277,76564774
06-candidate,2,456,76304553,76412105,76412105,76564754
06-candidate,2,457,76304553,76412706,76412706,76564408
06-candidate,2,458,76304553,76414512,76414512,76566391
06-candidate,2,459,76304553,76413574,76413574,76564265
06-candidate,2,460,76304553,76411545,76411545,76564866
06-candidate,2,461,76304553,76411968,76411968,76563842
06-candidate,2,462,76304553,76413948,76413948,76565621
06-candidate,2,463,76304553,76412330,76412330,76563651
06-candidate,2,464,76304553,76412646,76412646,76563927
06-candidate,2,465,76304553,76413818,76413818,76565441
06-candidate,2,466,76304553,76414333,76414333,76566388
06-candidate,2,467,76304553,76413221,76413221,76564217
06-candidate,2,468,76304553,76413925,76413925,76566478
06-candidate,2,469,76304553,76412612,76412612,76563977
06-candidate,2,470,76304553,76414673,76414673,76565357
06-candidate,2,471,76304553,76411489,76411489,76563622
06-candidate,2,472,76304553,76412988,76412988,76564103
06-candidate,2,473,76304553,76414618,76414618,76566273
06-candidate,2,474,76304553,76412624,76412624,76564403
06-candidate,2,475,76304553,76413438,76413438,76564412
06-candidate,2,476,76304553,76414624,76414624,76565531
06-candidate,2,477,76304553,76412606,76412606,76564352
06-candidate,2,478,76304553,76412720,76412720,76565238
06-candidate,2,479,76304553,76412089,76412089,76563845
06-candidate,2,480,76304553,76412853,76412853,76565294
06-candidate,2,481,76304553,76414813,76414813,76565448
06-candidate,2,482,76304553,76413448,76413448,76564364
06-candidate,2,483,76304553,76413037,76413037,76564135
06-candidate,2,484,76304553,76412851,76412851,76564250
06-candidate,2,485,76304553,76412763,76412763,76564247
06-candidate,2,486,76304553,76413555,76413555,76564096
06-candidate,2,487,76304553,76412939,76412939,76564285
06-candidate,2,488,76304553,76413751,76413751,76565617
06-candidate,2,489,76304553,76413541,76413541,76564298
06-candidate,2,490,76304553,76413637,76413637,76564168
06-candidate,2,491,76304553,76414003,76414003,76566450
06-candidate,2,492,76304553,76414117,76414117,76566373
06-candidate,2,493,76304553,76412609,76412609,76563925
06-candidate,2,494,76304553,76413676,76413676,76564045
06-candidate,2,495,76304553,76412199,76412199,76563778
06-candidate,2,496,76304553,76413200,76413200,76564249
06-candidate,2,497,76304553,76414778,76414778,76565566
06-candidate,2,498,76304553,76411742,76411742,76563427
06-candidate,2,499,76304553,76414672,76414672,76565515
06-candidate,2,500,76304553,76413606,76413606,76564047
06-candidate,2,501,76304553,76413551,76413551,76564848
06-candidate,2,502,76304553,76412621,76412621,76563944
06-candidate,2,503,76304553,76414289,76414289,76566484
06-candidate,2,504,76304553,76412969,76412969,76565266
06-candidate,2,505,76304553,76411407,76411407,76531316
06-candidate,2,506,76304553,76413337,76413337,76565239
06-candidate,2,507,76304553,76414931,76414931,76565500
06-candidate,2,508,76304553,76412414,76412414,76564775
06-candidate,2,509,76304553,76411432,76411432,76564851
06-candidate,2,510,76304553,76414647,76414647,76565593
06-candidate,2,511,76304553,76413938,76413938,76566343
06-candidate,2,512,76304553,76413038,76413038,76565146
06-candidate,2,513,76304553,76411795,76411795,76562953
06-candidate,2,514,76304553,76413120,76413120,76565206
06-candidate,2,515,76304553,76414070,76414070,76566433
06-candidate,2,516,76304553,76414642,76414642,76565544
06-candidate,2,517,76304553,76412866,76412866,76564359
06-candidate,2,518,76304553,76411819,76411819,76562878
06-candidate,2,519,76304553,76413060,76413060,76564317
06-candidate,2,520,76304553,76414493,76414493,76565558
06-candidate,2,521,76304553,76413369,76413369,76564401
06-candidate,2,522,76304553,76413070,76413070,76565211
06-candidate,2,523,76304553,76412481,76412481,76564425
06-candidate,2,524,76304553,76411532,76411532,76563745
06-candidate,2,525,76304553,76412265,76412265,76564733
06-candidate,2,526,76304553,76412034,76412034,76563808
06-candidate,2,527,76304553,76413224,76413224,76565232
06-candidate,2,528,76304553,76414500,76414500,76565517
06-candidate,2,529,76304553,76412916,76412916,76565272
06-candidate,2,530,76304553,76413371,76413371,76565201
06-candidate,2,531,76304553,76413569,76413569,76564290
06-candidate,2,532,76304553,76414626,76414626,76565370
06-candidate,2,533,76304553,76413662,76413662,76564020
06-candidate,2,534,76304553,76415053,76415053,76566017
06-candidate,2,535,76304553,76414908,76414908,76565574
06-candidate,2,536,76304553,76413962,76413962,76566451
06-candidate,2,537,76304553,76412260,76412260,76563793
06-candidate,2,538,76304553,76412113,76412113,76563172
06-candidate,2,539,76304553,76411669,76411669,76563355
06-candidate,2,540,76304553,76413934,76413934,76565575
06-candidate,2,541,76304553,76414049,76414049,76566372
06-candidate,2,542,76304553,76411672,76411672,76564827
06-candidate,2,543,76304553,76413671,76413671,76564182
06-candidate,2,544,76304553,76412213,76412213,76563751
06-candidate,2,545,76304553,76411675,76411675,76563311
06-candidate,2,546,76304553,76414386,76414386,76533373
06-candidate,2,547,76304553,76414189,76414189,76533226
06-candidate,2,548,76304553,76412123,76412123,76563248
06-candidate,2,549,76304553,76414699,76414699,76565581
06-candidate,2,550,76304553,76414162,76414162,76565391
06-candidate,2,551,76304553,76414874,76414874,76565561
06-candidate,2,552,76304553,76411886,76411886,76563855
06-candidate,2,553,76304553,76413690,76413690,76565479
06-candidate,2,554,76304553,76414804,76414804,76565456
06-candidate,2,555,76304553,76412264,76412264,76563163
06-candidate,2,556,76304553,76413832,76413832,76565379
06-candidate,2,557,76304553,76413300,76413300,76564215
06-candidate,2,558,76304553,76413434,76413434,76565077
06-candidate,2,559,76304553,76414555,76414555,76565447
06-candidate,2,560,76304553,76412786,76412786,76564423
06-candidate,2,561,76304553,76414833,76414833,76565552
06-candidate,2,562,76304553,76411547,76411547,76563127
06-candidate,2,563,76304553,76412422,76412422,76564390
06-candidate,2,564,76304553,76412442,76412442,76564403
06-candidate,2,565,76304553,76414599,76414599,76566301
06-candidate,2,566,76304553,76412135,76412135,76563248
06-candidate,2,567,76304553,76413442,76413442,76564144
06-candidate,2,568,76304553,76414931,76414931,76565548
06-candidate,2,569,76304553,76413506,76413506,76564093
06-candidate,2,570,76304553,76414984,76414984,76565518
06-candidate,2,571,76304553,76414180,76414180,76565577
06-candidate,2,572,76304553,76413613,76413613,76564122
06-candidate,2,573,76304553,76412001,76412001,76563841
06-candidate,2,574,76304553,76414548,76414548,76565547
06-candidate,2,575,76304553,76415200,76415200,76565860
06-candidate,2,576,76304553,76415001,76415001,76565488
06-candidate,2,577,76304553,76412016,76412016,76564805
06-candidate,2,578,76304553,76415167,76415167,76565937
06-candidate,2,579,76304553,76415196,76415196,76565933
06-candidate,2,580,76304553,76411694,76411694,76563696
06-candidate,2,581,76304553,76414859,76414859,76565606
06-candidate,2,582,76304553,76413895,76413895,76565601
06-candidate,2,583,76304553,76413872,76413872,76565614
06-candidate,2,584,76304553,76414228,76414228,76566384
06-candidate,2,585,76304553,76415113,76415113,76565971
06-candidate,2,586,76304553,76414455,76414455,76566489
06-candidate,2,587,76304553,76414274,76414274,76565468
06-candidate,2,588,76304553,76414279,76414279,76566416
06-candidate,2,589,76304553,76412986,76412986,76564438
06-candidate,2,590,76304553,76413238,76413238,76565201
06-candidate,2,591,76304553,76414292,76414292,76566404
06-candidate,2,592,76304553,76411818,76411818,76562959
06-candidate,2,593,76304553,76414077,76414077,76565499
06-candidate,2,594,76304553,76415002,76415002,76565532
06-candidate,2,595,76304553,76413748,76413748,76565566
06-candidate,2,596,76304553,76411435,76411435,76531307
06-candidate,2,597,76304553,76412009,76412009,76563321
06-candidate,2,598,76304553,76414660,76414660,76566245
06-candidate,2,599,76304553,76411743,76411743,76563818
06-candidate,2,600,76304553,76412688,76412688,76563955
06-candidate,2,601,76304553,76414412,76414412,76566402
06-candidate,2,602,76304553,76411946,76411946,76564810
06-candidate,2,603,76304553,76414590,76414590,76566309
06-candidate,2,604,76304553,76412541,76412541,76564408
06-candidate,2,605,76304553,76412155,76412155,76564778
06-candidate,2,606,76304553,76412365,76412365,76563543
06-candidate,2,607,76304553,76413369,76413369,76564173
06-candidate,2,608,76304553,76412052,76412052,76564816
06-candidate,2,609,76304553,76413521,76413521,76564955
06-candidate,2,610,76304553,76413235,76413235,76564210
06-candidate,2,611,76304553,76413394,76413394,76564235
06-candidate,2,612,76304553,76413963,76413963,76565600
06-candidate,2,613,76304553,76413868,76413868,76566437
06-candidate,2,614,76304553,76414655,76414655,76565575
06-candidate,2,615,76304553,76411917,76411917,76564823
06-candidate,2,616,76304553,76411424,76411424,76531274
06-candidate,2,617,76304553,76414772,76414772,76565426
06-candidate,2,618,76304553,76414215,76414215,76566432
06-candidate,2,619,76304553,76415081,76415081,76566435
06-candidate,2,620,76304553,76412590,76412590,76564418
06-candidate,2,621,76304553,76415179,76415179,76565889
06-candidate,2,622,76304553,76414177,76414177,76565444
06-candidate,2,623,76304553,76415051,76415051,76566001
06-candidate,2,624,76304553,76413894,76413894,76566492
06-candidate,2,625,76304553,76414224,76414224,76565583
06-candidate,2,626,76304553,76414565,76414565,76565505
06-candidate,2,627,76304553,76413806,76413806,76566331
06-candidate,2,628,76304553,76411390,76411390,76563694
06-candidate,2,629,76304553,76412451,76412451,76565226
06-candidate,2,630,76304553,76412143,76412143,76563679
06-candidate,2,631,76304553,76414119,76414119,76566439
06-candidate,2,632,76304553,76411754,76411754,76564823
06-candidate,2,633,76304553,76414133,76414133,76566466
06-candidate,2,634,76304553,76411365,76411365,76531301
06-candidate,2,635,76304553,76412149,76412149,76563271
06-candidate,2,636,76304553,76412339,76412339,76563210
06-candidate,2,637,76304553,76415063,76415063,76565967
06-candidate,2,638,76304553,76414405,76414405,76565397
06-candidate,2,639,76304553,76414368,76414368,76566439
06-candidate,2,640,76304553,76415139,76415139,76565909
06-candidate,2,641,76304553,76412787,76412787,76564235
06-candidate,2,642,76304553,76412647,76412647,76565261
06-candidate,2,643,76304553,76414546,76414546,76566403
06-candidate,2,644,76304553,76413951,76413951,76565539
06-candidate,2,645,76304553,76414167,76414167,76566503
06-candidate,2,646,76304553,76411502,76411502,76564864
06-candidate,2,647,76304553,76414344,76414344,76565482
06-candidate,2,648,76304553,76414466,76414466,76566417
06-candidate,2,649,76304553,76413654,76413654,76565286
06-candidate,2,650,76304553,76415112,76415112,76565865
06-candidate,2,651,76304553,76414939,76414939,76566391
06-candidate,2,652,76304553,76413779,76413779,76565603
06-candidate,2,653,76304553,76413302,76413302,76565206
06-candidate,2,654,76304553,76412631,76412631,76564382
06-candidate,2,655,76304553,76413023,76413023,76565168
06-candidate,2,656,76304553,76414454,76414454,76565442
06-candidate,2,657,76304553,76411823,76411823,76563737
06-candidate,2,658,76304553,76414707,76414707,76565523
06-candidate,2,659,76304553,76412031,76412031,76563319
06-candidate,2,660,76304553,76413054,76413054,76564184
06-candidate,2,661,76304553,76411844,76411844,76563612
06-candidate,2,662,76304553,76412725,76412725,76565263
06-candidate,2,663,76304553,76411388,76411388,76531319
06-candidate,2,664,76304553,76414749,76414749,76565503
06-candidate,2,665,76304553,76414357,76414357,76566451
06-candidate,2,666,76304553,76412897,76412897,76564219
06-candidate,2,667,76304553,76412221,76412221,76564698
06-candidate,2,668,76304553,76411399,76411399,76563320
06-candidate,2,669,76304553,76412571,76412571,76564413
06-candidate,2,670,76304553,76411970,76411970,76563317
06-candidate,2,671,76304553,76412464,76412464,76564441
06-candidate,2,672,76304553,76413976,76413976,76565570
06-candidate,2,673,76304553,76411413,76411413,76531284
06-candidate,2,674,76304553,76411535,76411535,76563440
06-candidate,2,675,76304553,76411761,76411761,76563427
06-candidate,2,676,76304553,76414712,76414712,76565555
06-candidate,2,677,76304553,76414354,76414354,76533359
06-candidate,2,678,76304553,76411568,76411568,76563731
06-candidate,2,679,76304553,76412383,76412383,76564775
06-candidate,2,680,76304553,76412541,76412541,76564418
06-candidate,2,681,76304553,76413588,76413588,76564276
06-candidate,2,682,76304553,76412911,76412911,76564180
06-candidate,2,683,76304553,76412880,76412880,76564339
06-candidate,2,684,76304553,76412469,76412469,76565189
06-candidate,2,685,76304553,76414961,76414961,76565516
06-candidate,2,686,76304553,76411523,76411523,76563772
06-candidate,2,687,76304553,76411418,76411418,76563684
06-candidate,2,688,76304553,76413853,76413853,76566332
06-candidate,2,689,76304553,76413151,76413151,76565140
06-candidate,2,690,76304553,76413990,76413990,76565435
06-candidate,2,691,76304553,76413858,76413858,76566476
06-candidate,2,692,76304553,76445832,76445832,76566851
06-candidate,2,693,76304553,76415083,76415083,76540533
06-candidate,2,694,76304553,76429706,76429706,76554988
06-candidate,2,695,76304553,76414365,76414365,76533355
06-candidate,2,696,76304553,76412801,76412801,76546862
06-candidate,2,697,76304553,76412353,76412353,76567817
06-candidate,2,698,76304553,76413790,76413790,76532937
06-candidate,2,699,76304553,76412038,76412038,76545900
06-candidate,3,50,104756498,104861133,104861133,104996104
06-candidate,3,51,104756498,104860303,104860303,105015121
06-candidate,3,52,104756498,104861220,104861220,104996173
06-candidate,3,53,104756498,104859212,104859212,104994243
06-candidate,3,54,104756498,104859274,104859274,105013950
06-candidate,3,55,104756498,104861546,104861546,104996445
06-candidate,3,56,104756498,104860144,104860144,104995236
06-candidate,3,57,104756498,104862079,104862079,104996860
06-candidate,3,58,104756498,104860121,104860121,105015146
06-candidate,3,59,104756498,104861801,104861801,104996646
06-candidate,3,60,104756498,104861057,104861057,105016004
06-candidate,3,61,104756498,104861304,104861304,104996235
06-candidate,3,62,104756498,104860525,104860525,104995635
06-candidate,3,63,104756498,104861774,104861774,104996601
06-candidate,3,64,104756498,104859476,104859476,105014030
06-candidate,3,65,104756498,104860988,104860988,104995986
06-candidate,3,66,104756498,104860804,104860804,105015110
06-candidate,3,67,104756498,104862017,104862017,105017904
06-candidate,3,68,104756498,104859750,104859750,105008668
06-candidate,3,69,104756498,104861958,104861958,104996764
06-candidate,3,70,104756498,104859969,104859969,105014129
06-candidate,3,71,104756498,104860207,104860207,105015271
06-candidate,3,72,104756498,104860290,104860290,105014992
06-candidate,3,73,104756498,104859621,104859621,104994667
06-candidate,3,74,104756498,104861003,104861003,105016003
06-candidate,3,75,104756498,104861153,104861153,104996139
06-candidate,3,76,104756498,104859225,104859225,104994258
06-candidate,3,77,104756498,104858856,104858856,105008729
06-candidate,3,78,104756498,104859834,104859834,105014126
06-candidate,3,79,104756498,104859024,104859024,105008719
06-candidate,3,80,104756498,104859122,104859122,105013040
06-candidate,3,81,104756498,104858946,104858946,105008785
06-candidate,3,82,104756498,104860407,104860407,104995544
06-candidate,3,83,104756498,104861308,104861308,104996246
06-candidate,3,84,104756498,104859525,104859525,105008499
06-candidate,3,85,104756498,104859341,104859341,104994383
06-candidate,3,86,104756498,104858914,104858914,105008799
06-candidate,3,87,104756498,104861472,104861472,104996387
06-candidate,3,88,104756498,104858888,104858888,104993777
06-candidate,3,89,104756498,104859547,104859547,104994586
06-candidate,3,90,104756498,104861121,104861121,104996094
06-candidate,3,91,104756498,104860150,104860150,105015312
06-candidate,3,92,104756498,104861506,104861506,104996422
06-candidate,3,93,104756498,104859690,104859690,104994745
06-candidate,3,94,104756498,104859398,104859398,104994445
06-candidate,3,95,104756498,104859969,104859969,105014042
06-candidate,3,96,104756498,104858970,104858970,105008897
06-candidate,3,97,104756498,104860981,104860981,104995986
06-candidate,3,98,104756498,104860519,104860519,104995622
06-candidate,3,99,104756498,104861413,104861413,105010037
06-candidate,3,100,104756498,104860629,104860629,105015009
06-candidate,3,101,104756498,104859709,104859709,104994764
06-candidate,3,102,104756498,104862078,104862078,104996865
06-candidate,3,103,104756498,104860445,104860445,105015034
06-candidate,3,104,104756498,104859334,104859334,104994359
06-candidate,3,105,104756498,104859614,104859614,104994681
06-candidate,3,106,104756498,104861972,104861972,104996775
06-candidate,3,107,104756498,104859682,104859682,104994735
06-candidate,3,108,104756498,104861106,104861106,104996083
06-candidate,3,109,104756498,104861787,104861787,105016941
06-candidate,3,110,104756498,104861836,104861836,105016917
06-candidate,3,111,104756498,104860225,104860225,105015271
06-candidate,3,112,104756498,104860306,104860306,105015156
06-candidate,3,113,104756498,104860597,104860597,104995695
06-candidate,3,114,104756498,104858936,104858936,105008532
06-candidate,3,115,104756498,104861394,104861394,104996325
06-candidate,3,116,104756498,104859143,104859143,104994190
06-candidate,3,117,104756498,104859934,104859934,105014101
06-candidate,3,118,104756498,104860243,104860243,105015240
06-candidate,3,119,104756498,104859416,104859416,104994460
06-candidate,3,120,104756498,104859091,104859091,105012981
06-candidate,3,121,104756498,104858889,104858889,105008917
06-candidate,3,122,104756498,104858998,104858998,105008969
06-candidate,3,123,104756498,104860925,104860925,104995971
06-candidate,3,124,104756498,104860128,104860128,105015110
06-candidate,3,125,104756498,104859115,104859115,104994141
06-candidate,3,126,104756498,104862063,104862063,104996868
06-candidate,3,127,104756498,104859383,104859383,104994426
06-candidate,3,128,104756498,104858990,104858990,105008662
06-candidate,3,129,104756498,104858895,104858895,105008875
06-candidate,3,130,104756498,104860001,104860001,105013976
06-candidate,3,131,104756498,104861680,104861680,105016002
06-candidate,3,132,104756498,104859100,104859100,105012999
06-candidate,3,133,104756498,104861493,104861493,104996409
06-candidate,3,134,104756498,104861219,104861219,104996167
06-candidate,3,135,104756498,104861471,104861471,104996375
06-candidate,3,136,104756498,104860801,104860801,105010905
06-candidate,3,137,104756498,104859809,104859809,105008736
06-candidate,3,138,104756498,104858920,104858920,105008846
06-candidate,3,139,104756498,104859061,104859061,105013046
06-candidate,3,140,104756498,104861428,104861428,105010910
06-candidate,3,141,104756498,104860603,104860603,105009060
06-candidate,3,142,104756498,104860714,104860714,104995808
06-candidate,3,143,104756498,104859847,104859847,104994941
06-candidate,3,144,104756498,104858828,104858828,105008531
06-candidate,3,145,104756498,104860941,104860941,104995969
06-candidate,3,146,104756498,104861774,104861774,105016937
06-candidate,3,147,104756498,104859906,104859906,104995005
06-candidate,3,148,104756498,104860618,104860618,105009121
06-candidate,3,149,104756498,104859292,104859292,104994324
06-candidate,3,150,104756498,104859793,104859793,104994854
06-candidate,3,151,104756498,104860270,104860270,105015160
06-candidate,3,152,104756498,104859018,104859018,105008576
06-candidate,3,153,104756498,104860331,104860331,105015374
06-candidate,3,154,104756498,104859077,104859077,105012989
06-candidate,3,155,104756498,104860193,104860193,105015349
06-candidate,3,156,104756498,104860190,104860190,105015158
06-candidate,3,157,104756498,104861807,104861807,104996639
06-candidate,3,158,104756498,104859281,104859281,105013936
06-candidate,3,159,104756498,104861165,104861165,104996132
06-candidate,3,160,104756498,104860096,104860096,105015264
06-candidate,3,161,104756498,104859303,104859303,105013885
06-candidate,3,162,104756498,104861104,104861104,104996089
06-candidate,3,163,104756498,104860809,104860809,104995857
06-candidate,3,164,104756498,104861128,104861128,104996101
06-candidate,3,165,104756498,104861298,104861298,104996240
06-candidate,3,166,104756498,104860403,104860403,104995586
06-candidate,3,167,104756498,104860597,104860597,105015159
06-candidate,3,168,104756498,104859089,104859089,105012912
06-candidate,3,169,104756498,104860470,104860470,104995597
06-candidate,3,170,104756498,104861199,104861199,104996154
06-candidate,3,171,104756498,104860805,104860805,104995862
06-candidate,3,172,104756498,104860554,104860554,104995638
06-candidate,3,173,104756498,104861453,104861453,104996368
06-candidate,3,174,104756498,104862035,104862035,105017001
06-candidate,3,175,104756498,104861942,104861942,105017002
06-candidate,3,176,104756498,104860916,104860916,104995961
06-candidate,3,177,104756498,104861727,104861727,104996596
06-candidate,3,178,104756498,104860167,104860167,104995285
06-candidate,3,179,104756498,104861248,104861248,104996201
06-candidate,3,180,104756498,104861826,104861826,104996648
06-candidate,3,181,104756498,104861339,104861339,104996272
06-candidate,3,182,104756498,104859705,104859705,104994773
06-candidate,3,183,104756498,104861559,104861559,105009965
06-candidate,3,184,104756498,104860677,104860677,104995797
06-candidate,3,185,104756498,104861943,104861943,105016998
06-candidate,3,186,104756498,104862085,104862085,104996871
06-candidate,3,187,104756498,104859927,104859927,105009080
06-candidate,3,188,104756498,104860298,104860298,105015367
06-candidate,3,189,104756498,104859829,104859829,104994918
06-candidate,3,190,104756498,104860411,104860411,104995594
06-candidate,3,191,104756498,104860741,104860741,104995814
06-candidate,3,192,104756498,104858937,104858937,105012930
06-candidate,3,193,104756498,104858938,104858938,105008586
06-candidate,3,194,104756498,104862049,104862049,105017902
06-candidate,3,195,104756498,104860523,104860523,105015269
06-candidate,3,196,104756498,104860183,104860183,105015098
06-candidate,3,197,104756498,104861710,104861710,105016042
06-candidate,3,198,104756498,104861161,104861161,104996136
06-candidate,3,199,104756498,104861401,104861401,104996332
06-candidate,3,200,104756498,104858948,104858948,105008508
06-candidate,3,201,104756498,104859406,104859406,105013928
06-candidate,3,202,104756498,104861858,104861858,105017038
06-candidate,3,203,104756498,104858903,104858903,105008438
06-candidate,3,204,104756498,104860556,104860556,104995674
06-candidate,3,205,104756498,104859397,104859397,104994444
06-candidate,3,206,104756498,104861879,104861879,104996706
06-candidate,3,207,104756498,104860707,104860707,104995790
06-candidate,3,208,104756498,104860431,104860431,104995578
06-candidate,3,209,104756498,104859075,104859075,105013067
06-candidate,3,210,104756498,104861655,104861655,104996533
06-candidate,3,211,104756498,104859076,104859076,105013073
06-candidate,3,212,104756498,104859212,104859212,105014116
06-candidate,3,213,104756498,104860220,104860220,105015285
06-candidate,3,214,104756498,104859145,104859145,104994182
06-candidate,3,215,104756498,104860824,104860824,104995887
06-candidate,3,216,104756498,104861435,104861435,104996344
06-candidate,3,217,104756498,104860598,104860598,105015194
06-candidate,3,218,104756498,104861854,104861854,105017061
06-candidate,3,219,104756498,104859863,104859863,105008863
06-candidate,3,220,104756498,104859853,104859853,105008692
06-candidate,3,221,104756498,104861347,104861347,104996286
06-candidate,3,222,104756498,104860172,104860172,105015260
06-candidate,3,223,104756498,104860081,104860081,105015349
06-candidate,3,224,104756498,104861874,104861874,104996697
06-candidate,3,225,104756498,104859303,104859303,104994338
06-candidate,3,226,104756498,104859016,104859016,105008792
06-candidate,3,227,104756498,104858976,104858976,105008706
06-candidate,3,228,104756498,104860901,104860901,104995955
06-candidate,3,229,104756498,104860164,104860164,105015227
06-candidate,3,230,104756498,104860819,104860819,104995864
06-candidate,3,231,104756498,104860065,104860065,105015158
06-candidate,3,232,104756498,104859424,104859424,104994464
06-candidate,3,233,104756498,104861442,104861442,104996362
06-candidate,3,234,104756498,104861343,104861343,104996288
06-candidate,3,235,104756498,104860477,104860477,104995610
06-candidate,3,236,104756498,104858861,104858861,105008626
06-candidate,3,237,104756498,104861327,104861327,104996264
06-candidate,3,238,104756498,104861849,104861849,105016993
06-candidate,3,239,104756498,104861707,104861707,105015977
06-candidate,3,240,104756498,104859033,104859033,105013050
06-candidate,3,241,104756498,104859552,104859552,104994606
06-candidate,3,242,104756498,104859780,104859780,105013999
06-candidate,3,243,104756498,104859610,104859610,104994668
06-candidate,3,244,104756498,104860956,104860956,105016067
06-candidate,3,245,104756498,104859774,104859774,105014091
06-candidate,3,246,104756498,104859223,104859223,104994249
06-candidate,3,247,104756498,104858916,104858916,105008674
06-candidate,3,248,104756498,104861941,104861941,105016936
06-candidate,3,249,104756498,104861722,104861722,104996575
06-candidate,3,250,104756498,104859656,104859656,105013964
06-candidate,3,251,104756498,104860633,104860633,105009993
06-candidate,3,252,104756498,104859694,104859694,105013982
06-candidate,3,253,104756498,104860344,104860344,104995473
06-candidate,3,254,104756498,104859528,104859528,104994551
06-candidate,3,255,104756498,104860314,104860314,105015289
06-candidate,3,256,104756498,104859958,104859958,105014112
06-candidate,3,257,104756498,104860041,104860041,105009096
06-candidate,3,258,104756498,104859178,104859178,104994204
06-candidate,3,259,104756498,104858894,104858894,105008775
06-candidate,3,260,104756498,104860021,104860021,105014043
06-candidate,3,261,104756498,104860881,104860881,104995885
06-candidate,3,262,104756498,104859816,104859816,105008780
06-candidate,3,263,104756498,104860826,104860826,104995870
06-candidate,3,264,104756498,104861180,104861180,104996144
06-candidate,3,265,104756498,104860725,104860725,104995798
06-candidate,3,266,104756498,104860744,104860744,105009950
06-candidate,3,267,104756498,104858961,104858961,105008806
06-candidate,3,268,104756498,104860589,104860589,104995687
06-candidate,3,269,104756498,104861435,104861435,104996342
06-candidate,3,270,104756498,104860081,104860081,105015400
06-candidate,3,271,104756498,104861061,104861061,104996063
06-candidate,3,272,104756498,104859614,104859614,105008761
06-candidate,3,273,104756498,104860386,104860386,105015318
06-candidate,3,274,104756498,104859875,104859875,105008879
06-candidate,3,275,104756498,104860461,104860461,104995601
06-candidate,3,276,104756498,104860582,104860582,105015215
06-candidate,3,277,104756498,104858976,104858976,105008784
06-candidate,3,278,104756498,104860351,104860351,105015196
06-candidate,3,279,104756498,104861574,104861574,104996463
06-candidate,3,280,104756498,104860452,104860452,105015148
06-candidate,3,281,104756498,104860364,104860364,105015038
06-candidate,3,282,104756498,104860350,104860350,105015276
06-candidate,3,283,104756498,104859012,104859012,105008600
06-candidate,3,284,104756498,104858907,104858907,105008552
06-candidate,3,285,104756498,104859942,104859942,105009054
06-candidate,3,286,104756498,104861750,104861750,105016037
06-candidate,3,287,104756498,104860085,104860085,105015089
06-candidate,3,288,104756498,104861995,104861995,104996791
06-candidate,3,289,104756498,104858950,104858950,105008598
06-candidate,3,290,104756498,104861341,104861341,104996274
06-candidate,3,291,104756498,104859149,104859149,104994201
06-candidate,3,292,104756498,104859370,104859370,104994419
06-candidate,3,293,104756498,104858956,104858956,105008835
06-candidate,3,294,104756498,104859249,104859249,105013948
06-candidate,3,295,104756498,104861668,104861668,104996530
06-candidate,3,296,104756498,104860981,104860981,105016005
06-candidate,3,297,104756498,104861284,104861284,104996227
06-candidate,3,298,104756498,104859504,104859504,105013920
06-candidate,3,299,104756498,104858881,104858881,105008594
06-candidate,3,300,104756498,104861109,104861109,104996091
06-candidate,3,301,104756498,104860060,104860060,105015387
06-candidate,3,302,104756498,104859471,104859471,104994471
06-candidate,3,303,104756498,104860890,104860890,104995938
06-candidate,3,304,104756498,104859786,104859786,105014071
06-candidate,3,305,104756498,104861820,104861820,104996651
06-candidate,3,306,104756498,104861908,104861908,104996707
06-candidate,3,307,104756498,104860613,104860613,105015029
06-candidate,3,308,104756498,104861983,104861983,104996786
06-candidate,3,309,104756498,104859522,104859522,104994550
06-candidate,3,310,104756498,104860829,104860829,104995844
06-candidate,3,311,104756498,104859356,104859356,105008567
06-candidate,3,312,104756498,104860569,104860569,104995658
06-candidate,3,313,104756498,104860067,104860067,105015368
06-candidate,3,314,104756498,104858876,104858876,105008894
06-candidate,3,315,104756498,104859867,104859867,104994948
06-candidate,3,316,104756498,104859533,104859533,104994565
06-candidate,3,317,104756498,104861485,104861485,104996408
06-candidate,3,318,104756498,104861912,104861912,104996702
06-candidate,3,319,104756498,104861383,104861383,104996312
06-candidate,3,320,104756498,104859535,104859535,104994567
06-candidate,3,321,104756498,104861715,104861715,104996563
06-candidate,3,322,104756498,104858884,104858884,105008673
06-candidate,3,323,104756498,104860315,104860315,105015236
06-candidate,3,324,104756498,104862052,104862052,105017041
06-candidate,3,325,104756498,104862063,104862063,104996831
06-candidate,3,326,104756498,104862018,104862018,105017903
06-candidate,3,327,104756498,104859151,104859151,104994194
06-candidate,3,328,104756498,104860503,104860503,104995602
06-candidate,3,329,104756498,104859485,104859485,104994514
06-candidate,3,330,104756498,104861259,104861259,105015997
06-candidate,3,331,104756498,104861090,104861090,104996087
06-candidate,3,332,104756498,104859544,104859544,104994578
06-candidate,3,333,104756498,104861593,104861593,105015890
06-candidate,3,334,104756498,104859287,104859287,104994309
06-candidate,3,335,104756498,104861941,104861941,105017000
06-candidate,3,336,104756498,104859348,104859348,104994373
06-candidate,3,337,104756498,104860497,104860497,104995612
06-candidate,3,338,104756498,104861385,104861385,104996323
06-candidate,3,339,104756498,104861922,104861922,105017872
06-candidate,3,340,104756498,104860055,104860055,105015355
06-candidate,3,341,104756498,104861515,104861515,104996416
06-candidate,3,342,104756498,104860919,104860919,104995933
06-candidate,3,343,104756498,104859726,104859726,104994823
06-candidate,3,344,104756498,104860412,104860412,104995578
06-candidate,3,345,104756498,104859947,104859947,105014033
06-candidate,3,346,104756498,104861926,104861926,105017051
06-candidate,3,347,104756498,104860642,104860642,105015018
06-candidate,3,348,104756498,104858868,104858868,105008569
06-candidate,3,349,104756498,104859957,104859957,105009036
06-candidate,3,350,104756498,104861554,104861554,104996460
06-candidate,3,351,104756498,104858908,104858908,105012998
06-candidate,3,352,104756498,104859827,104859827,105008866
06-candidate,3,353,104756498,104859213,104859213,105013875
06-candidate,3,354,104756498,104861288,104861288,104996229
06-candidate,3,355,104756498,104861969,104861969,104996780
06-candidate,3,356,104756498,104859032,104859032,105013072
06-candidate,3,357,104756498,104861042,104861042,105015964
06-candidate,3,358,104756498,104860587,104860587,105015218
06-candidate,3,359,104756498,104860982,104860982,105015941
06-candidate,3,360,104756498,104859241,104859241,105013908
06-candidate,3,361,104756498,104860611,104860611,105008991
06-candidate,3,362,104756498,104860712,104860712,105015121
06-candidate,3,363,104756498,104860332,104860332,105015358
06-candidate,3,364,104756498,104860367,104860367,104995479
06-candidate,3,365,104756498,104861512,104861512,104996421
06-candidate,3,366,104756498,104859624,104859624,105008389
06-candidate,3,367,104756498,104859336,104859336,105013867
06-candidate,3,368,104756498,104861626,104861626,104996506
06-candidate,3,369,104756498,104859727,104859727,105008844
06-candidate,3,370,104756498,104861052,104861052,104996040
06-candidate,3,371,104756498,104858888,104858888,105008741
06-candidate,3,372,104756498,104859979,104859979,105009966
06-candidate,3,373,104756498,104859627,104859627,105014011
06-candidate,3,374,104756498,104861619,104861619,104996492
06-candidate,3,375,104756498,104861252,104861252,104996202
06-candidate,3,376,104756498,104859288,104859288,105008612
06-candidate,3,377,104756498,104862113,104862113,105016995
06-candidate,3,378,104756498,104862035,104862035,105017056
06-candidate,3,379,104756498,104860247,104860247,105015320
06-candidate,3,380,104756498,104859966,104859966,105009046
06-candidate,3,381,104756498,104860911,104860911,104995952
06-candidate,3,382,104756498,104859629,104859629,104994697
06-candidate,3,383,104756498,104860341,104860341,104995479
06-candidate,3,384,104756498,104861032,104861032,105015894
06-candidate,3,385,104756498,104861307,104861307,104996239
06-candidate,3,386,104756498,104860371,104860371,104995491
06-candidate,3,387,104756498,104859590,104859590,105013920
06-candidate,3,388,104756498,104859231,104859231,104994260
06-candidate,3,389,104756498,104859840,104859840,104994902
06-candidate,3,390,104756498,104861521,104861521,104996429
06-candidate,3,391,104756498,104860163,104860163,105015355
06-candidate,3,392,104756498,104859505,104859505,104994507
06-candidate,3,393,104756498,104859943,104859943,105009029
06-candidate,3,394,104756498,104860153,104860153,105015142
06-candidate,3,395,104756498,104861789,104861789,105016866
06-candidate,3,396,104756498,104861570,104861570,105009905
06-candidate,3,397,104756498,104858956,104858956,105008940
06-candidate,3,398,104756498,104859705,104859705,104994794
06-candidate,3,399,104756498,104862028,104862028,104996819
06-candidate,3,400,104756498,104860553,104860553,104995668
06-candidate,3,401,104756498,104861238,104861238,104996182
06-candidate,3,402,104756498,104861184,104861184,104996146
06-candidate,3,403,104756498,104860870,104860870,104995874
06-candidate,3,404,104756498,104860681,104860681,104995773
06-candidate,3,405,104756498,104859238,104859238,105014090
06-candidate,3,406,104756498,104861466,104861466,105010044
06-candidate,3,407,104756498,104860367,104860367,104995517
06-candidate,3,408,104756498,104861299,104861299,104996245
06-candidate,3,409,104756498,104858986,104858986,105008819
06-candidate,3,410,104756498,104861798,104861798,105016958
06-candidate,3,411,104756498,104858954,104858954,105008787
06-candidate,3,412,104756498,104860009,104860009,105014057
06-candidate,3,413,104756498,104861071,104861071,104996056
06-candidate,3,414,104756498,104861117,104861117,104996100
06-candidate,3,415,104756498,104861532,104861532,105009885
06-candidate,3,416,104756498,104859583,104859583,104994622
06-candidate,3,417,104756498,104859552,104859552,104994599
06-candidate,3,418,104756498,104860873,104860873,105015191
06-candidate,3,419,104756498,104859663,104859663,105014008
06-candidate,3,420,104756498,104860487,104860487,104995603
06-candidate,3,421,104756498,104860011,104860011,104995101
06-candidate,3,422,104756498,104858935,104858935,105008478
06-candidate,3,423,104756498,104860387,104860387,104995510
06-candidate,3,424,104756498,104861397,104861397,104996320
06-candidate,3,425,104756498,104860323,104860323,105015234
06-candidate,3,426,104756498,104861748,104861748,104996602
06-candidate,3,427,104756498,104859033,104859033,105013054
06-candidate,3,428,104756498,104859045,104859045,105013028
06-candidate,3,429,104756498,104859519,104859519,104994547
06-candidate,3,430,104756498,104861137,104861137,104996121
06-candidate,3,431,104756498,104859036,104859036,105013077
06-candidate,3,432,104756498,104860320,104860320,105015307
06-candidate,3,433,104756498,104860427,104860427,104995583
06-candidate,3,434,104756498,104858953,104858953,105008531
06-candidate,3,435,104756498,104859585,104859585,104994612
06-candidate,3,436,104756498,104860322,104860322,105015297
06-candidate,3,437,104756498,104859823,104859823,105008827
06-candidate,3,438,104756498,104860904,104860904,104995927
06-candidate,3,439,104756498,104861203,104861203,104996162
06-candidate,3,440,104756498,104860576,104860576,104995662
06-candidate,3,441,104756498,104861705,104861705,105016057
06-candidate,3,442,104756498,104860213,104860213,105015228
06-candidate,3,443,104756498,104860016,104860016,104995114
06-candidate,3,444,104756498,104860904,104860904,105015239
06-candidate,3,445,104756498,104861900,104861900,104996713
06-candidate,3,446,104756498,104860745,104860745,104995821
06-candidate,3,447,104756498,104861595,104861595,104996480
06-candidate,3,448,104756498,104859676,104859676,104994719
06-candidate,3,449,104756498,104861843,104861843,105017007
06-candidate,3,450,104756498,104859672,104859672,105008636
06-candidate,3,451,104756498,104859253,104859253,104994294
06-candidate,3,452,104756498,104859224,104859224,104994249
06-candidate,3,453,104756498,104860080,104860080,105015371
06-candidate,3,454,104756498,104861083,104861083,104996070
06-candidate,3,455,104756498,104859601,104859601,105014076
06-candidate,3,456,104756498,104859481,104859481,104994481
06-candidate,3,457,104756498,104859987,104859987,105010024
06-candidate,3,458,104756498,104861501,104861501,104996405
06-candidate,3,459,104756498,104860668,104860668,104995785
06-candidate,3,460,104756498,104858966,104858966,105008606
06-candidate,3,461,104756498,104859315,104859315,105013857
06-candidate,3,462,104756498,104861042,104861042,105016009
06-candidate,3,463,104756498,104859630,104859630,104994701
06-candidate,3,464,104756498,104859931,104859931,105009092
06-candidate,3,465,104756498,104860890,104860890,104995947
06-candidate,3,466,104756498,104861365,104861365,104996280
06-candidate,3,467,104756498,104860393,104860393,105015258
06-candidate,3,468,104756498,104860995,104860995,104995995
06-candidate,3,469,104756498,104859877,104859877,105008690
06-candidate,3,470,104756498,104861654,104861654,104996521
06-candidate,3,471,104756498,104858933,104858933,105008876
06-candidate,3,472,104756498,104860189,104860189,105015337
06-candidate,3,473,104756498,104861600,104861600,105016042
06-candidate,3,474,104756498,104859894,104859894,104994990
06-candidate,3,475,104756498,104860573,104860573,104995676
06-candidate,3,476,104756498,104861609,104861609,104996497
06-candidate,3,477,104756498,104859872,104859872,105008483
06-candidate,3,478,104756498,104859987,104859987,104995082
06-candidate,3,479,104756498,104859432,104859432,104994459
06-candidate,3,480,104756498,104860083,104860083,105015260
06-candidate,3,481,104756498,104861764,104861764,105017020
06-candidate,3,482,104756498,104860580,104860580,104995674
06-candidate,3,483,104756498,104860227,104860227,105015098
06-candidate,3,484,104756498,104860092,104860092,105015195
06-candidate,3,485,104756498,104860043,104860043,105013987
06-candidate,3,486,104756498,104860666,104860666,105009099
06-candidate,3,487,104756498,104860154,104860154,105015217
06-candidate,3,488,104756498,104860860,104860860,105015219
06-candidate,3,489,104756498,104860643,104860643,104995736
06-candidate,3,490,104756498,104860727,104860727,104995812
06-candidate,3,491,104756498,104861077,104861077,104996076
06-candidate,3,492,104756498,104861199,104861199,104996154
06-candidate,3,493,104756498,104859879,104859879,105014110
06-candidate,3,494,104756498,104860782,104860782,104995852
06-candidate,3,495,104756498,104859540,104859540,104994572
06-candidate,3,496,104756498,104860377,104860377,104995499
06-candidate,3,497,104756498,104861754,104861754,105015945
06-candidate,3,498,104756498,104859115,104859115,105012928
06-candidate,3,499,104756498,104861659,104861659,104996527
06-candidate,3,500,104756498,104860697,104860697,104995800
06-candidate,3,501,104756498,104860650,104860650,104995753
06-candidate,3,502,104756498,104859913,104859913,105009020
06-candidate,3,503,104756498,104861328,104861328,104996263
06-candidate,3,504,104756498,104860161,104860161,105015354
06-candidate,3,505,104756498,104858904,104858904,105008888
06-candidate,3,506,104756498,104860505,104860505,104995613
06-candidate,3,507,104756498,104861864,104861864,105017062
06-candidate,3,508,104756498,104859707,104859707,104994786
06-candidate,3,509,104756498,104858841,104858841,105008683
06-candidate,3,510,104756498,104861633,104861633,105015939
06-candidate,3,511,104756498,104861005,104861005,104996003
06-candidate,3,512,104756498,104860238,104860238,105015125
06-candidate,3,513,104756498,104859168,104859168,105014126
06-candidate,3,514,104756498,104860332,104860332,105015375
06-candidate,3,515,104756498,104861146,104861146,104996126
06-candidate,3,516,104756498,104861628,104861628,105015942
06-candidate,3,517,104756498,104860097,104860097,105015378
06-candidate,3,518,104756498,104859193,104859193,105014132
06-candidate,3,519,104756498,104860232,104860232,105015309
06-candidate,3,520,104756498,104861475,104861475,105009973
06-candidate,3,521,104756498,104860513,104860513,105015002
06-candidate,3,522,104756498,104860247,104860247,105015320
06-candidate,3,523,104756498,104859780,104859780,105014056
06-candidate,3,524,104756498,104858968,104858968,105008759
06-candidate,3,525,104756498,104859610,104859610,104994677
06-candidate,3,526,104756498,104859371,104859371,104994411
06-candidate,3,527,104756498,104860400,104860400,105015240
06-candidate,3,528,104756498,104861486,104861486,104996393
06-candidate,3,529,104756498,104860137,104860137,104995249
06-candidate,3,530,104756498,104860511,104860511,105015284
06-candidate,3,531,104756498,104860659,104860659,105009029
06-candidate,3,532,104756498,104861621,104861621,104996508
06-candidate,3,533,104756498,104860755,104860755,104995827
06-candidate,3,534,104756498,104861943,104861943,105017045
06-candidate,3,535,104756498,104861859,104861859,105017040
06-candidate,3,536,104756498,104861039,104861039,105015977
06-candidate,3,537,104756498,104859599,104859599,104994644
06-candidate,3,538,104756498,104859487,104859487,104994492
06-candidate,3,539,104756498,104859052,104859052,105013003
06-candidate,3,540,104756498,104860996,104860996,105015909
06-candidate,3,541,104756498,104861123,104861123,104996103
06-candidate,3,542,104756498,104859056,104859056,105013007
06-candidate,3,543,104756498,104860782,104860782,104995825
06-candidate,3,544,104756498,104859537,104859537,104994591
06-candidate,3,545,104756498,104859054,104859054,104994090
06-candidate,3,546,104756498,104861393,104861393,104996318
06-candidate,3,547,104756498,104861245,104861245,105015978
06-candidate,3,548,104756498,104859509,104859509,105008706
06-candidate,3,549,104756498,104861666,104861666,105015984
06-candidate,3,550,104756498,104861229,104861229,104996174
06-candidate,3,551,104756498,104861819,104861819,104996653
06-candidate,3,552,104756498,104859236,104859236,104994261
06-candidate,3,553,104756498,104860790,104860790,105009964
06-candidate,3,554,104756498,104861765,104861765,104996606
06-candidate,3,555,104756498,104859604,104859604,105014067
06-candidate,3,556,104756498,104860922,104860922,104995962
06-candidate,3,557,104756498,104860452,104860452,104995572
06-candidate,3,558,104756498,104860573,104860573,105015306
06-candidate,3,559,104756498,104861531,104861531,105010055
06-candidate,3,560,104756498,104860037,104860037,105009027
06-candidate,3,561,104756498,104861780,104861780,105016979
06-candidate,3,562,104756498,104858969,104858969,105008763
06-candidate,3,563,104756498,104859711,104859711,104994791
06-candidate,3,564,104756498,104859732,104859732,104994820
06-candidate,3,565,104756498,104861578,104861578,104996464
06-candidate,3,566,104756498,104859496,104859496,104994520
06-candidate,3,567,104756498,104860567,104860567,105015203
06-candidate,3,568,104756498,104861864,104861864,104996678
06-candidate,3,569,104756498,104860613,104860613,105008991
06-candidate,3,570,104756498,104861926,104861926,105016926
06-candidate,3,571,104756498,104861233,104861233,105009987
06-candidate,3,572,104756498,104860691,104860691,104995797
06-candidate,3,573,104756498,104859357,104859357,104994391
06-candidate,3,574,104756498,104861541,104861541,104996452
06-candidate,3,575,104756498,104862068,104862068,104996876
06-candidate,3,576,104756498,104861928,104861928,105017915
06-candidate,3,577,104756498,104859377,104859377,104994410
06-candidate,3,578,104756498,104862047,104862047,104996836
06-candidate,3,579,104756498,104862063,104862063,104996857
06-candidate,3,580,104756498,104859069,104859069,105013066
06-candidate,3,581,104756498,104861789,104861789,105016978
06-candidate,3,582,104756498,104860942,104860942,104995982
06-candidate,3,583,104756498,104860929,104860929,104995980
06-candidate,3,584,104756498,104861279,104861279,105016013
06-candidate,3,585,104756498,104862011,104862011,104996793
06-candidate,3,586,104756498,104861454,104861454,104996357
06-candidate,3,587,104756498,104861314,104861314,104996249
06-candidate,3,588,104756498,104861321,104861321,104996254
06-candidate,3,589,104756498,104860206,104860206,105015179
06-candidate,3,590,104756498,104860411,104860411,105015274
06-candidate,3,591,104756498,104861324,104861324,104996271
06-candidate,3,592,104756498,104859200,104859200,105014106
06-candidate,3,593,104756498,104861150,104861150,104996125
06-candidate,3,594,104756498,104861931,104861931,105016948
06-candidate,3,595,104756498,104860875,104860875,105010916
06-candidate,3,596,104756498,104858855,104858855,105008859
06-candidate,3,597,104756498,104859362,104859362,104994396
06-candidate,3,598,104756498,104861654,104861654,104996518
06-candidate,3,599,104756498,104859133,104859133,105013078
06-candidate,3,600,104756498,104859954,104859954,105014049
06-candidate,3,601,104756498,104861409,104861409,104996333
06-candidate,3,602,104756498,104859299,104859299,105013992
06-candidate,3,603,104756498,104861578,104861578,105015878
06-candidate,3,604,104756498,104859835,104859835,104994919
06-candidate,3,605,104756498,104859494,104859494,104994533
06-candidate,3,606,104756498,104859689,104859689,104994752
06-candidate,3,607,104756498,104860518,104860518,105015008
06-candidate,3,608,104756498,104859385,104859385,104994440
06-candidate,3,609,104756498,104860626,104860626,105008948
06-candidate,3,610,104756498,104860393,104860393,105015359
06-candidate,3,611,104756498,104860534,104860534,105014999
06-candidate,3,612,104756498,104861048,104861048,104996031
06-candidate,3,613,104756498,104860944,104860944,104995975
06-candidate,3,614,104756498,104861637,104861637,104996510
06-candidate,3,615,104756498,104859256,104859256,105008880
06-candidate,3,616,104756498,104858915,104858915,105008458
06-candidate,3,617,104756498,104861727,104861727,104996590
06-candidate,3,618,104756498,104861269,104861269,104996208
06-candidate,3,619,104756498,104861980,104861980,104996785
06-candidate,3,620,104756498,104859864,104859864,104994950
06-candidate,3,621,104756498,104862055,104862055,104996869
06-candidate,3,622,104756498,104861236,104861236,104996178
06-candidate,3,623,104756498,104861957,104861957,104996757
06-candidate,3,624,104756498,104860960,104860960,104995977
06-candidate,3,625,104756498,104861285,104861285,104996213
06-candidate,3,626,104756498,104861548,104861548,104996460
06-candidate,3,627,104756498,104860890,104860890,104995951
06-candidate,3,628,104756498,104858897,104858897,105008938
06-candidate,3,629,104756498,104859745,104859745,104994820
06-candidate,3,630,104756498,104859504,104859504,105013943
06-candidate,3,631,104756498,104861190,104861190,104996145
06-candidate,3,632,104756498,104859130,104859130,105012934
06-candidate,3,633,104756498,104861206,104861206,104996169
06-candidate,3,634,104756498,104858903,104858903,105008894
06-candidate,3,635,104756498,104859507,104859507,104994536
06-candidate,3,636,104756498,104859653,104859653,105008858
06-candidate,3,637,104756498,104861961,104861961,104996777
06-candidate,3,638,104756498,104861413,104861413,104996332
06-candidate,3,639,104756498,104861379,104861379,104996304
06-candidate,3,640,104756498,104862037,104862037,104996822
06-candidate,3,641,104756498,104860050,104860050,104995141
06-candidate,3,642,104756498,104859934,104859934,105009964
06-candidate,3,643,104756498,104861526,104861526,104996424
06-candidate,3,644,104756498,104861026,104861026,104996020
06-candidate,3,645,104756498,104861222,104861222,105015882
06-candidate,3,646,104756498,104858935,104858935,105012980
06-candidate,3,647,104756498,104861364,104861364,104996288
06-candidate,3,648,104756498,104861456,104861456,104996368
06-candidate,3,649,104756498,104860731,104860731,104995810
06-candidate,3,650,104756498,104861990,104861990,104996789
06-candidate,3,651,104756498,104861874,104861874,105016895
06-candidate,3,652,104756498,104860860,104860860,104995906
06-candidate,3,653,104756498,104860439,104860439,104995564
06-candidate,3,654,104756498,104859912,104859912,105014069
06-candidate,3,655,104756498,104860212,104860212,105015169
06-candidate,3,656,104756498,104861445,104861445,105009977
06-candidate,3,657,104756498,104859184,104859184,104994220
06-candidate,3,658,104756498,104861675,104861675,105016072
06-candidate,3,659,104756498,104859375,104859375,105008772
06-candidate,3,660,104756498,104860243,104860243,105015183
06-candidate,3,661,104756498,104859207,104859207,104994237
06-candidate,3,662,104756498,104859990,104859990,105010030
06-candidate,3,663,104756498,104858902,104858902,105008776
06-candidate,3,664,104756498,104861720,104861720,105016029
06-candidate,3,665,104756498,104861374,104861374,104996296
06-candidate,3,666,104756498,104860146,104860146,105015321
06-candidate,3,667,104756498,104859550,104859550,105014124
06-candidate,3,668,104756498,104858871,104858871,105008687
06-candidate,3,669,104756498,104859861,104859861,105008933
06-candidate,3,670,104756498,104859308,104859308,104994359
06-candidate,3,671,104756498,104859751,104859751,105008898
06-candidate,3,672,104756498,104861063,104861063,105009894
06-candidate,3,673,104756498,104858874,104858874,105008907
06-candidate,3,674,104756498,104858970,104858970,105008757
06-candidate,3,675,104756498,104859134,104859134,104994170
06-candidate,3,676,104756498,104861696,104861696,105016025
06-candidate,3,677,104756498,104861369,104861369,104996295
06-candidate,3,678,104756498,104858966,104858966,105008901
06-candidate,3,679,104756498,104859691,104859691,105014135
06-candidate,3,680,104756498,104859838,104859838,105008871
06-candidate,3,681,104756498,104860682,104860682,104995783
06-candidate,3,682,104756498,104860135,104860135,105015277
06-candidate,3,683,104756498,104860124,104860124,105015099
06-candidate,3,684,104756498,104859764,104859764,104994834
06-candidate,3,685,104756498,104861879,104861879,104996690
06-candidate,3,686,104756498,104858948,104858948,105008869
06-candidate,3,687,104756498,104858878,104858878,105008855
06-candidate,3,688,104756498,104860935,104860935,104995974
06-candidate,3,689,104756498,104860341,104860341,105015296
06-candidate,3,690,104756498,104861073,104861073,104996070
06-candidate,3,691,104756498,104860929,104860929,104995998
06-candidate,3,692,104756498,104860671,104860671,105003038
06-candidate,3,693,104756498,104889817,104889817,105015917
06-candidate,3,694,104756498,104860460,104860460,104997883
06-candidate,3,695,104756498,104861380,104861380,105010882
06-candidate,3,696,104756498,104860062,104860062,105024829
06-candidate,3,697,104756498,104859676,104859676,104994740
06-candidate,3,698,104756498,104860888,104860888,105010014
06-candidate,3,699,104756498,104859377,104859377,105021871
