timestamp,elapsed_sec,rss_mb,intern_size,established,flaps_total,msgs_sent_total,max_prefix_exceeded_total,readyz_code,readyz_ms
2026-10-06T03:19:34Z,0,441.7,1000,1000,0,1028041,0,200,1.8
2026-10-06T03:20:03Z,30,417.7,1000,1000,0,2714161,0,200,1.8
2026-10-06T03:20:33Z,60,440.0,1000,1000,0,5341010,0,200,0.6
2026-10-06T03:21:04Z,90,438.8,1000,1000,0,6841122,0,200,0.9
2026-10-06T03:21:33Z,120,432.8,1000,1000,0,8332494,0,200,0.5
2026-10-06T03:22:03Z,150,442.7,1000,1000,0,9795265,0,200,0.8
2026-10-06T03:22:34Z,180,448.6,1000,1000,0,11360942,0,200,0.6
2026-10-06T03:23:03Z,210,443.6,1000,1000,0,12889647,0,200,1.0
2026-10-06T03:23:33Z,240,437.3,1000,1000,0,14398372,0,200,0.5
2026-10-06T03:24:03Z,270,439.8,1000,1000,0,15916213,0,200,1.2
2026-10-06T03:24:33Z,300,434.8,1000,1000,0,17377869,0,200,0.6
2026-10-06T03:25:04Z,330,445.0,1000,1000,0,18937549,0,200,1.2
2026-10-06T03:25:33Z,360,445.7,1000,1000,0,20382338,0,200,0.6
2026-10-06T03:26:03Z,390,443.7,1000,1000,0,21943986,0,200,0.7
2026-10-06T03:26:33Z,420,444.9,1000,1000,0,23601546,0,200,1.0
2026-10-06T03:27:03Z,450,437.0,1000,1000,0,25165952,0,200,0.5
2026-10-06T03:27:34Z,480,443.9,1000,1000,0,26766786,0,200,1.0
2026-10-06T03:28:03Z,510,444.7,1000,1000,0,28305424,0,200,0.4
2026-10-06T03:28:33Z,540,452.2,1000,1000,0,29806285,0,200,0.9
2026-10-06T03:29:04Z,570,442.6,1000,1000,0,31340781,0,200,0.6
2026-10-06T03:29:33Z,600,448.3,1000,1000,0,32870469,0,200,0.9
2026-10-06T03:30:03Z,630,450.0,1000,1000,0,34362184,0,200,0.8
2026-10-06T03:30:34Z,660,440.5,1000,1000,0,35959792,0,200,0.9
2026-10-06T03:31:03Z,690,434.9,1000,1000,0,37548979,0,200,0.5
2026-10-06T03:31:33Z,720,442.3,1000,1000,0,39188009,0,200,0.8
2026-10-06T03:32:03Z,750,437.7,1000,1000,0,40790595,0,200,0.4
2026-10-06T03:32:33Z,780,448.8,1000,1000,0,42294381,0,200,0.9
2026-10-06T03:33:04Z,810,440.7,1000,1000,0,43852466,0,200,0.6
2026-10-06T03:33:33Z,840,443.6,1000,1000,0,45331927,0,200,0.8
2026-10-06T03:34:03Z,870,441.3,1000,1000,0,46831710,0,200,0.5
2026-10-06T03:34:33Z,900,439.4,1000,1000,0,48341515,0,200,2.6
2026-10-06T03:35:03Z,930,436.1,1000,1000,0,49919920,0,200,0.6
2026-10-06T03:35:34Z,960,442.7,1000,1000,0,51498907,0,200,0.8
2026-10-06T03:36:03Z,990,441.4,1000,1000,0,53040609,0,200,0.5
2026-10-06T03:36:33Z,1020,438.3,1000,1000,0,54562790,0,200,3.0
2026-10-06T03:37:04Z,1050,443.4,1000,1000,0,56150041,0,200,0.6
2026-10-06T03:37:33Z,1080,437.6,1000,1000,0,57649814,0,200,0.9
2026-10-06T03:38:03Z,1110,443.7,1000,1000,0,59148587,0,200,0.5
2026-10-06T03:38:34Z,1140,451.2,1000,1000,0,60730266,0,200,0.8
2026-10-06T03:39:03Z,1170,441.8,1000,1000,0,62212049,0,200,0.5
2026-10-06T03:39:33Z,1200,441.9,1000,1000,0,63718855,0,200,0.8
2026-10-06T03:40:04Z,1230,449.9,1000,1000,0,65255291,0,200,0.6
2026-10-06T03:40:33Z,1260,443.7,1000,1000,0,66772383,0,200,0.9
2026-10-06T03:41:03Z,1290,441.6,1000,1000,0,68336603,0,200,0.5
2026-10-06T03:41:33Z,1320,439.6,1000,1000,0,70013720,0,200,0.8
2026-10-06T03:42:03Z,1350,434.8,1000,1000,0,71628444,0,200,0.6
2026-10-06T03:42:34Z,1380,441.0,1000,1000,0,73345868,0,200,1.0
2026-10-06T03:43:03Z,1410,445.0,1000,1000,0,74957239,0,200,0.5
2026-10-06T03:43:33Z,1440,443.8,1000,1000,0,76543876,0,200,0.9
2026-10-06T03:44:04Z,1470,447.4,1000,1000,0,78160068,0,200,0.7
2026-10-06T03:44:33Z,1500,441.0,1000,1000,0,79684039,0,200,0.9
2026-10-06T03:45:03Z,1530,445.1,1000,1000,0,81234820,0,200,0.6
2026-10-06T03:45:34Z,1560,444.0,1000,1000,0,82833103,0,200,1.1
2026-10-06T03:46:03Z,1590,438.9,1000,1000,0,84373080,0,200,0.5
2026-10-06T03:46:33Z,1620,441.6,1000,1000,0,85911487,0,200,1.1
2026-10-06T03:47:03Z,1650,435.2,1000,1000,0,87489382,0,200,0.5
2026-10-06T03:47:33Z,1680,444.9,1000,1000,0,89066200,0,200,0.4
2026-10-06T03:48:04Z,1710,444.3,1000,1000,0,90648240,0,200,0.9
2026-10-06T03:48:33Z,1740,444.9,1000,1000,0,92157463,0,200,0.7
2026-10-06T03:49:03Z,1770,446.3,1000,1000,0,93670930,0,200,0.8
2026-10-06T03:49:34Z,1800,447.0,1000,1000,0,95257372,0,200,0.5
2026-10-06T03:50:03Z,1830,439.1,1000,1000,0,96785351,0,200,1.6
2026-10-06T03:50:33Z,1860,445.6,1000,1000,0,99359923,0,200,0.5
2026-10-06T03:51:04Z,1890,437.4,1000,1000,0,100884604,0,200,0.7
2026-10-06T03:51:33Z,1920,448.5,1000,1000,0,102313388,0,200,0.5
2026-10-06T03:52:03Z,1950,440.8,1000,1000,0,103733653,0,200,0.9
2026-10-06T03:52:34Z,1980,438.9,1000,1000,0,105295783,0,200,0.5
2026-10-06T03:53:03Z,2010,441.4,1000,1000,0,106695675,0,200,0.9
2026-10-06T03:53:33Z,2040,443.6,1000,1000,0,108106561,0,200,0.5
2026-10-06T03:54:03Z,2070,438.3,1000,1000,0,109685138,0,200,1.0
2026-10-06T03:54:33Z,2100,443.8,1000,1000,0,111193870,0,200,0.6
2026-10-06T03:55:04Z,2130,444.4,1000,1000,0,112645648,0,200,1.3
2026-10-06T03:55:33Z,2160,443.4,1000,1000,0,114151295,0,200,0.6
2026-10-06T03:56:03Z,2190,437.2,1000,1000,0,115736892,0,200,0.8
2026-10-06T03:56:34Z,2220,446.3,1000,1000,0,117208663,0,200,2.0
2026-10-06T03:57:03Z,2250,442.3,1000,1000,0,118613469,0,200,0.8
2026-10-06T03:57:33Z,2280,446.4,1000,1000,0,120000259,0,200,0.5
2026-10-06T03:58:03Z,2310,436.4,1000,1000,0,121669803,0,200,1.3
2026-10-06T03:58:33Z,2340,438.7,1000,1000,0,123354285,0,200,0.7
2026-10-06T03:59:04Z,2370,444.0,1000,1000,0,125025502,0,200,0.9
2026-10-06T03:59:33Z,2400,440.4,1000,1000,0,126555595,0,200,0.5
2026-10-06T04:00:03Z,2430,441.9,1000,1000,0,128081254,0,200,0.9
2026-10-06T04:00:34Z,2460,440.7,1000,1000,0,129659314,0,200,0.5
2026-10-06T04:01:03Z,2490,441.1,1000,1000,0,131092788,0,200,0.9
2026-10-06T04:01:33Z,2520,440.1,1000,1000,0,132457756,0,200,0.5
2026-10-06T04:02:04Z,2550,443.6,1000,1000,0,133889091,0,200,0.8
2026-10-06T04:02:33Z,2580,437.8,1000,1000,0,135261512,0,200,0.4
2026-10-06T04:03:03Z,2610,440.3,1000,1000,0,136627435,0,200,1.0
2026-10-06T04:03:33Z,2640,437.7,1000,1000,0,138088220,0,200,0.4
2026-10-06T04:04:03Z,2670,444.0,1000,1000,0,139448150,0,200,2.2
2026-10-06T04:04:34Z,2700,445.8,1000,1000,0,140876998,0,200,0.5
2026-10-06T04:05:03Z,2730,442.6,1000,1000,0,142278836,0,200,0.9
2026-10-06T04:05:33Z,2760,446.6,1000,1000,0,143648749,0,200,0.5
2026-10-06T04:06:03Z,2790,443.7,1000,1000,0,145084408,0,200,1.1
2026-10-06T04:06:33Z,2820,442.6,1000,1000,0,146481322,0,200,0.5
2026-10-06T04:07:04Z,2850,450.9,1000,1000,0,147960134,0,200,1.2
2026-10-06T04:07:33Z,2880,440.3,1000,1000,0,149410074,0,200,0.4
2026-10-06T04:08:03Z,2910,443.3,1000,1000,0,150944783,0,200,1.0
2026-10-06T04:08:33Z,2940,437.0,1000,1000,0,152466541,0,200,0.5
2026-10-06T04:09:03Z,2970,440.5,1000,1000,0,153894454,0,200,0.5
2026-10-06T04:09:34Z,3000,443.5,1000,1000,0,155395255,0,200,0.9
2026-10-06T04:10:03Z,3030,437.8,1000,1000,0,156852899,0,200,0.5
2026-10-06T04:10:33Z,3060,439.1,1000,1000,0,158285986,0,200,0.8
2026-10-06T04:11:03Z,3090,435.9,1000,1000,0,159808775,0,200,0.5
2026-10-06T04:11:33Z,3120,447.5,1000,1000,0,161270084,0,200,0.8
2026-10-06T04:12:04Z,3150,452.1,1000,1000,0,162729443,0,200,0.5
2026-10-06T04:12:33Z,3180,442.5,1000,1000,0,164156324,0,200,1.0
2026-10-06T04:13:03Z,3210,445.6,1000,1000,0,165571995,0,200,0.5
2026-10-06T04:13:34Z,3240,440.8,1000,1000,0,167132912,0,200,0.9
2026-10-06T04:14:03Z,3270,442.4,1000,1000,0,168623846,0,200,0.9
2026-10-06T04:14:33Z,3300,439.4,1000,1000,0,170037535,0,200,1.1
2026-10-06T04:15:04Z,3330,445.5,1000,1000,0,171562614,0,200,0.5
2026-10-06T04:15:33Z,3360,443.3,1000,1000,0,173062032,0,200,0.9
2026-10-06T04:16:03Z,3390,449.9,1000,1000,0,174484957,0,200,0.5
2026-10-06T04:16:33Z,3420,437.1,1000,1000,0,175934923,0,200,0.9
2026-10-06T04:17:03Z,3450,443.4,1000,1000,0,177353824,0,200,0.6
2026-10-06T04:17:34Z,3480,441.5,1000,1000,0,178881426,0,200,0.8
2026-10-06T04:18:03Z,3510,447.9,1000,1000,0,180330197,0,200,0.5
2026-10-06T04:18:33Z,3540,440.4,1000,1000,0,181809235,0,200,0.8
2026-10-06T04:19:03Z,3570,432.7,1000,1000,0,183340732,0,200,0.6
2026-10-06T04:19:33Z,3600,437.9,1000,1000,0,184730617,0,200,2.9
2026-10-06T04:20:03Z,3630,441.9,1000,1000,0,186219406,0,200,0.5
2026-10-06T04:20:34Z,3660,441.6,1000,1000,0,188892166,0,200,1.0
2026-10-06T04:21:03Z,3690,447.4,1000,1000,0,190401656,0,200,0.5
2026-10-06T04:21:33Z,3720,445.8,1000,1000,0,191838481,0,200,0.8
2026-10-06T04:22:04Z,3750,443.3,1000,1000,0,193303280,0,200,0.5
2026-10-06T04:22:33Z,3780,449.5,1000,1000,0,194677142,0,200,1.0
2026-10-06T04:23:03Z,3810,448.9,1000,1000,0,196248803,0,200,0.6
2026-10-06T04:23:34Z,3840,444.2,1000,1000,0,198044162,0,200,0.9
2026-10-06T04:24:03Z,3870,444.1,1000,1000,0,199687350,0,200,0.6
2026-10-06T04:24:33Z,3900,449.1,1000,1000,0,201356232,0,200,1.1
2026-10-06T04:25:04Z,3930,440.4,1000,1000,0,203054669,0,200,0.5
2026-10-06T04:25:33Z,3960,441.1,1000,1000,0,204604901,0,200,1.0
2026-10-06T04:26:03Z,3990,443.7,1000,1000,0,206166047,0,200,0.5
2026-10-06T04:26:33Z,4020,441.2,1000,1000,0,207748263,0,200,1.1
2026-10-06T04:27:03Z,4050,439.5,1000,1000,0,209418261,0,200,0.5
2026-10-06T04:27:34Z,4080,441.4,1000,1000,0,210960034,0,200,2.2
2026-10-06T04:28:03Z,4110,466.5,1000,1000,0,212431163,0,200,0.6
2026-10-06T04:28:33Z,4140,476.6,1000,1000,0,213917651,0,200,0.4
2026-10-06T04:29:03Z,4170,464.0,1000,1000,0,215440127,0,200,0.9
2026-10-06T04:29:33Z,4200,472.1,1000,1000,0,216925542,0,200,0.6
2026-10-06T04:30:04Z,4230,471.1,1000,1000,0,218497985,0,200,0.8
2026-10-06T04:30:33Z,4260,470.6,1000,1000,0,220086706,0,200,4.1
2026-10-06T04:31:03Z,4290,465.6,1000,1000,0,221650320,0,200,1.2
2026-10-06T04:31:34Z,4320,471.7,1000,1000,0,223219925,0,200,0.6
2026-10-06T04:32:03Z,4350,475.1,1000,1000,0,224694844,0,200,1.1
2026-10-06T04:32:33Z,4380,472.6,1000,1000,0,226252561,0,200,0.6
2026-10-06T04:33:04Z,4410,474.0,1000,1000,0,227870230,0,200,1.0
2026-10-06T04:33:33Z,4440,466.5,1000,1000,0,229355017,0,200,0.7
2026-10-06T04:34:03Z,4470,465.3,1000,1000,0,230865801,0,200,1.5
2026-10-06T04:34:33Z,4500,470.5,1000,1000,0,232432510,0,200,0.6
2026-10-06T04:35:03Z,4530,465.1,1000,1000,0,233936273,0,200,1.2
2026-10-06T04:35:34Z,4560,466.4,1000,1000,0,235473037,0,200,0.6
2026-10-06T04:36:03Z,4590,469.6,1000,1000,0,236935876,0,200,0.9
2026-10-06T04:36:33Z,4620,470.4,1000,1000,0,238448259,0,200,0.4
2026-10-06T04:37:04Z,4650,476.9,1000,1000,0,239976874,0,200,1.5
2026-10-06T04:37:33Z,4680,467.5,1000,1000,0,241539779,0,200,0.6
2026-10-06T04:38:03Z,4710,474.7,1000,1000,0,243035742,0,200,0.8
2026-10-06T04:38:33Z,4740,465.1,1000,1000,0,244610626,0,200,0.5
2026-10-06T04:39:03Z,4770,467.2,1000,1000,0,246097430,0,200,1.2
2026-10-06T04:39:34Z,4800,465.4,1000,1000,0,247658455,0,200,7.9
2026-10-06T04:40:03Z,4830,470.1,1000,1000,0,249154054,0,200,1.0
2026-10-06T04:40:33Z,4860,470.3,1000,1000,0,250696693,0,200,0.7
2026-10-06T04:41:04Z,4890,464.9,1000,1000,0,252329339,0,200,1.0
2026-10-06T04:41:33Z,4920,466.7,1000,1000,0,253835163,0,200,0.5
2026-10-06T04:42:03Z,4950,474.3,1000,1000,0,255353885,0,200,1.3
2026-10-06T04:42:34Z,4980,466.1,1000,1000,0,256973179,0,200,0.6
2026-10-06T04:43:03Z,5010,467.8,1000,1000,0,258496264,0,200,0.9
2026-10-06T04:43:33Z,5040,471.2,1000,1000,0,260025069,0,200,0.5
2026-10-06T04:44:03Z,5070,460.6,1000,1000,0,261627740,0,200,0.9
2026-10-06T04:44:33Z,5100,466.9,1000,1000,0,263164483,0,200,1.5
2026-10-06T04:45:03Z,5130,470.9,1000,1000,0,264718207,0,200,0.8
2026-10-06T04:45:33Z,5160,467.9,1000,1000,0,266368804,0,200,0.4
2026-10-06T04:46:03Z,5190,469.0,1000,1000,0,267901563,0,200,1.0
2026-10-06T04:46:34Z,5220,463.1,1000,1000,0,269457190,0,200,0.6
2026-10-06T04:47:03Z,5250,464.2,1000,1000,0,270956079,0,200,1.1
2026-10-06T04:47:33Z,5280,466.1,1000,1000,0,272713443,0,200,0.6
2026-10-06T04:48:03Z,5310,461.8,1000,1000,0,274498810,0,200,1.1
2026-10-06T04:48:33Z,5340,471.2,1000,1000,0,276216252,0,200,0.6
2026-10-06T04:49:04Z,5370,468.9,1000,1000,0,277977813,0,200,0.7
2026-10-06T04:49:33Z,5400,458.8,1000,1000,0,279723055,0,200,0.7
2026-10-06T04:50:03Z,5430,469.1,1000,1000,0,281445490,0,200,0.6
2026-10-06T04:50:34Z,5460,477.8,1000,1000,0,284195914,0,200,0.8
2026-10-06T04:51:03Z,5490,475.6,1000,1000,0,285631733,0,200,0.7
2026-10-06T04:51:33Z,5520,472.4,1000,1000,0,287349176,0,200,2.1
2026-10-06T04:52:04Z,5550,476.7,1000,1000,0,289050454,0,200,1.3
2026-10-06T04:52:33Z,5580,473.6,1000,1000,0,290620389,0,200,0.7
2026-10-06T04:53:03Z,5610,474.1,1000,1000,0,292234993,0,200,0.5
2026-10-06T04:53:33Z,5640,461.6,1000,1000,0,293874657,0,200,0.9
2026-10-06T04:54:03Z,5670,474.5,1000,1000,0,295467260,0,200,0.5
2026-10-06T04:54:34Z,5700,474.1,1000,1000,0,297096910,0,200,0.8
2026-10-06T04:55:03Z,5730,458.9,1000,1000,0,298678540,0,200,0.4
2026-10-06T04:55:33Z,5760,473.1,1000,1000,0,300293171,0,200,0.9
2026-10-06T04:56:04Z,5790,480.8,1000,1000,0,301934826,0,200,2.1
2026-10-06T04:56:33Z,5820,458.3,1000,1000,0,303597380,0,200,1.2
2026-10-06T04:57:03Z,5850,469.9,1000,1000,0,305217102,0,200,0.7
2026-10-06T04:57:34Z,5880,485.5,1000,1000,0,306921485,0,200,2.1
2026-10-06T04:58:03Z,5910,465.7,1000,1000,0,308543900,0,200,0.5
2026-10-06T04:58:33Z,5940,477.6,1000,1000,0,310158885,0,200,0.9
2026-10-06T04:59:04Z,5970,475.3,1000,1000,0,311770023,0,200,0.5
2026-10-06T04:59:33Z,6000,468.1,1000,1000,0,313239340,0,200,1.0
2026-10-06T05:00:03Z,6030,474.8,1000,1000,0,314714693,0,200,0.8
2026-10-06T05:00:34Z,6060,472.1,1000,1000,0,316247887,0,200,0.9
2026-10-06T05:01:03Z,6090,469.7,1000,1000,0,317733209,0,200,0.5
2026-10-06T05:01:33Z,6120,477.1,1000,1000,0,319271438,0,200,0.9
2026-10-06T05:02:03Z,6150,474.7,1000,1000,0,320821291,0,200,0.5
2026-10-06T05:02:33Z,6180,475.7,1000,1000,0,322339011,0,200,0.8
2026-10-06T05:03:04Z,6210,479.1,1000,1000,0,323889628,0,200,6.6
2026-10-06T05:03:33Z,6240,467.1,1000,1000,0,325423352,0,200,6.6
2026-10-06T05:04:03Z,6270,473.9,1000,1000,0,326909701,0,200,0.5
2026-10-06T05:04:34Z,6300,477.6,1000,1000,0,328464871,0,200,0.9
2026-10-06T05:05:03Z,6330,472.8,1000,1000,0,329927713,0,200,0.7
2026-10-06T05:05:33Z,6360,476.0,1000,1000,0,331418507,0,200,0.8
2026-10-06T05:06:04Z,6390,474.1,1000,1000,0,332978217,0,200,1.0
2026-10-06T05:06:33Z,6420,467.8,1000,1000,0,334485395,0,200,0.8
2026-10-06T05:07:03Z,6450,472.6,1000,1000,0,335965781,0,200,0.5
2026-10-06T05:07:33Z,6480,469.3,1000,1000,0,337512319,0,200,1.1
2026-10-06T05:08:03Z,6510,478.4,1000,1000,0,339049957,0,200,0.8
2026-10-06T05:08:34Z,6540,477.6,1000,1000,0,340619307,0,200,1.1
2026-10-06T05:09:03Z,6570,464.1,1000,1000,0,342112688,0,200,0.6
2026-10-06T05:09:33Z,6600,475.5,1000,1000,0,343581519,0,200,1.5
2026-10-06T05:10:04Z,6630,463.2,1000,1000,0,345142232,0,200,0.5
2026-10-06T05:10:33Z,6660,474.3,1000,1000,0,346670466,0,200,0.4
2026-10-06T05:11:03Z,6690,476.2,1000,1000,0,348214683,0,200,1.1
2026-10-06T05:11:33Z,6720,469.8,1000,1000,0,349770405,0,200,0.5
2026-10-06T05:12:03Z,6750,467.0,1000,1000,0,351281152,0,200,1.0
2026-10-06T05:12:34Z,6780,475.7,1000,1000,0,352879806,0,200,0.4
2026-10-06T05:13:03Z,6810,471.4,1000,1000,0,354400500,0,200,3.1
2026-10-06T05:13:33Z,6840,480.4,1000,1000,0,355937301,0,200,0.5
2026-10-06T05:14:04Z,6870,473.0,1000,1000,0,357527838,0,200,0.9
2026-10-06T05:14:33Z,6900,471.3,1000,1000,0,359086663,0,200,1.7
2026-10-06T05:15:03Z,6930,472.8,1000,1000,0,360595583,0,200,0.8
2026-10-06T05:15:34Z,6960,477.8,1000,1000,0,362148017,0,200,0.5
2026-10-06T05:16:03Z,6990,480.6,1000,1000,0,363644795,0,200,0.9
2026-10-06T05:16:33Z,7020,472.3,1000,1000,0,365263517,0,200,0.6
2026-10-06T05:17:03Z,7050,475.3,1000,1000,0,366846715,0,200,0.9
2026-10-06T05:17:33Z,7080,476.8,1000,1000,0,368379789,0,200,0.7
2026-10-06T05:18:04Z,7110,475.3,1000,1000,0,369926584,0,200,0.8
2026-10-06T05:18:33Z,7140,467.8,1000,1000,0,371443400,0,200,0.4
2026-10-06T05:19:03Z,7170,471.4,1000,1000,0,372945162,0,200,1.1
2026-10-06T05:19:34Z,7200,470.9,1000,1000,0,374481916,0,200,0.6
2026-10-06T05:20:03Z,7230,471.8,1000,1000,0,376008631,0,200,0.8
2026-10-06T05:20:33Z,7260,487.6,1000,1000,0,378572341,0,200,0.6
2026-10-06T05:21:04Z,7290,472.7,1000,1000,0,380115946,0,200,0.8
2026-10-06T05:21:33Z,7320,473.7,1000,1000,0,381627671,0,200,2.5
2026-10-06T05:22:03Z,7350,468.8,1000,1000,0,383095264,0,200,0.9
2026-10-06T05:22:33Z,7380,460.4,1000,1000,0,384643864,0,200,0.6
2026-10-06T05:23:03Z,7410,467.9,1000,1000,0,386123534,0,200,0.8
2026-10-06T05:23:34Z,7441,477.1,1000,1000,0,387522182,0,200,0.6
2026-10-06T05:24:04Z,7471,474.2,1000,1000,0,388955993,0,200,0.9
2026-10-06T05:24:34Z,7501,461.7,1000,1000,0,390352763,0,200,0.6
2026-10-06T05:25:05Z,7531,481.4,1000,1000,0,391832465,0,200,0.8
2026-10-06T05:25:34Z,7561,475.1,1000,1000,0,393454022,0,200,0.5
2026-10-06T05:26:04Z,7591,479.0,1000,1000,0,395045552,0,200,3.7
2026-10-06T05:26:35Z,7621,472.2,1000,1000,0,396570238,0,200,0.6
2026-10-06T05:27:04Z,7651,476.8,1000,1000,0,397972063,0,200,1.1
2026-10-06T05:27:34Z,7681,483.0,1000,1000,0,399367853,0,200,0.6
2026-10-06T05:28:04Z,7711,477.2,1000,1000,0,400790573,0,200,0.9
2026-10-06T05:28:34Z,7741,462.9,1000,1000,0,402268369,0,200,0.6
2026-10-06T05:29:05Z,7771,477.8,1000,1000,0,403772032,0,200,0.8
2026-10-06T05:29:34Z,7801,483.9,1000,1000,0,405189666,0,200,1.0
2026-10-06T05:30:04Z,7831,475.2,1000,1000,0,406600438,0,200,0.8
2026-10-06T05:30:35Z,7862,478.7,1000,1000,0,408114109,0,200,0.5
2026-10-06T05:31:05Z,7892,471.1,1000,1000,0,409685739,0,200,1.4
2026-10-06T05:31:35Z,7922,479.5,1000,1000,0,411175401,0,200,0.5
2026-10-06T05:32:06Z,7952,480.8,1000,1000,0,412753982,0,200,3.4
2026-10-06T05:32:35Z,7982,478.4,1000,1000,0,414204801,0,200,0.7
2026-10-06T05:33:05Z,8012,478.6,1000,1000,0,415673446,0,200,0.5
2026-10-06T05:33:35Z,8042,472.3,1000,1000,0,417146166,0,200,0.9
2026-10-06T05:34:05Z,8072,467.5,1000,1000,0,418521988,0,200,0.5
2026-10-06T05:34:36Z,8102,476.7,1000,1000,0,419971779,0,200,1.0
2026-10-06T05:35:05Z,8132,479.5,1000,1000,0,421396383,0,200,0.5
2026-10-06T05:35:35Z,8162,481.6,1000,1000,0,422840135,0,200,1.0
2026-10-06T05:36:06Z,8192,484.6,1000,1000,0,424266563,0,200,0.6
2026-10-06T05:36:35Z,8222,476.2,1000,1000,0,425649632,0,200,0.8
2026-10-06T05:37:05Z,8252,473.0,1000,1000,0,427040397,0,200,2.5
2026-10-06T05:37:35Z,8282,468.7,1000,1000,0,428479108,0,200,1.9
2026-10-06T05:38:05Z,8312,482.9,1000,1000,0,429878854,0,200,0.6
2026-10-06T05:38:36Z,8342,483.4,1000,1000,0,431352550,0,200,0.8
2026-10-06T05:39:05Z,8372,485.7,1000,1000,0,432726336,0,200,0.4
2026-10-06T05:39:35Z,8402,484.5,1000,1000,0,434134079,0,200,0.9
2026-10-06T05:40:06Z,8432,481.3,1000,1000,0,435777312,0,200,3.6
2026-10-06T05:40:35Z,8462,479.4,1000,1000,0,437328446,0,200,0.9
2026-10-06T05:41:05Z,8492,465.4,1000,1000,0,438815091,0,200,0.6
2026-10-06T05:41:35Z,8522,463.6,1000,1000,0,440433138,0,200,1.0
2026-10-06T05:42:05Z,8552,461.6,1000,1000,0,441966430,0,200,0.9
2026-10-06T05:42:35Z,8582,473.8,1000,1000,0,443501112,0,200,0.9
2026-10-06T05:43:05Z,8612,477.5,1000,1000,0,445106765,0,200,0.5
2026-10-06T05:43:35Z,8642,463.3,1000,1000,0,446573533,0,200,0.8
2026-10-06T05:44:06Z,8672,483.2,1000,1000,0,448102872,0,200,0.5
2026-10-06T05:44:35Z,8702,465.0,1000,1000,0,449633949,0,200,0.9
2026-10-06T05:45:05Z,8732,474.0,1000,1000,0,451074779,0,200,0.5
2026-10-06T05:45:36Z,8762,468.1,1000,1000,0,452526578,0,200,0.9
2026-10-06T05:46:05Z,8792,478.6,1000,1000,0,453968414,0,200,0.4
2026-10-06T05:46:35Z,8822,477.3,1000,1000,0,455519407,0,200,1.1
2026-10-06T05:47:05Z,8852,471.8,1000,1000,0,457144373,0,200,0.5
2026-10-06T05:47:35Z,8882,478.2,1000,1000,0,458616761,0,200,0.9
2026-10-06T05:48:06Z,8912,476.5,1000,1000,0,460073678,0,200,0.5
2026-10-06T05:48:35Z,8942,476.0,1000,1000,0,461505947,0,200,1.1
2026-10-06T05:49:05Z,8972,470.4,1000,1000,0,462909879,0,200,0.4
2026-10-06T05:49:35Z,9002,469.9,1000,1000,0,464446010,0,200,0.8
2026-10-06T05:50:05Z,9032,477.7,1000,1000,0,465858026,0,200,0.6
2026-10-06T05:50:35Z,9062,609.6,1000,1000,0,467259783,0,200,10.2
2026-10-06T05:51:05Z,9092,464.8,1000,1000,0,470044379,0,200,0.6
2026-10-06T05:51:35Z,9122,468.0,1000,1000,0,471588742,0,200,0.9
2026-10-06T05:52:06Z,9152,477.8,1000,1000,0,473113095,0,200,0.5
2026-10-06T05:52:35Z,9182,478.3,1000,1000,0,474506397,0,200,0.8
2026-10-06T05:53:05Z,9212,477.8,1000,1000,0,475910240,0,200,8.6
2026-10-06T05:53:36Z,9242,483.6,1000,1000,0,477340061,0,200,2.0
2026-10-06T05:54:05Z,9272,477.1,1000,1000,0,478770881,0,200,0.5
2026-10-06T05:54:35Z,9302,477.6,1000,1000,0,480187305,0,200,0.4
2026-10-06T05:55:06Z,9332,477.1,1000,1000,0,481763393,0,200,1.0
2026-10-06T05:55:35Z,9362,464.2,1000,1000,0,483312094,0,200,0.5
2026-10-06T05:56:05Z,9392,478.4,1000,1000,0,484694902,0,200,0.8
2026-10-06T05:56:35Z,9422,467.7,1000,1000,0,486355973,0,200,0.5
2026-10-06T05:57:05Z,9452,473.4,1000,1000,0,488050018,0,200,1.0
2026-10-06T05:57:36Z,9482,478.2,1000,1000,0,489787486,0,200,1.1
2026-10-06T05:58:05Z,9512,459.7,1000,1000,0,491434070,0,200,3.8
2026-10-06T05:58:35Z,9542,475.6,1000,1000,0,493130556,0,200,1.5
2026-10-06T05:59:06Z,9572,475.7,1000,1000,0,494836085,0,200,1.7
2026-10-06T05:59:35Z,9602,480.4,1000,1000,0,496436741,0,200,0.5
2026-10-06T06:00:05Z,9632,472.4,1000,1000,0,498046418,0,200,0.8
2026-10-06T06:00:35Z,9662,463.7,1000,1000,0,499714022,0,200,0.5
2026-10-06T06:01:05Z,9692,469.7,1000,1000,0,501238754,0,200,1.1
2026-10-06T06:01:35Z,9722,474.9,1000,1000,0,502743444,0,200,0.5
2026-10-06T06:02:05Z,9752,472.5,1000,1000,0,504342161,0,200,1.0
2026-10-06T06:02:35Z,9782,477.7,1000,1000,0,505824891,0,200,0.5
2026-10-06T06:03:06Z,9812,481.4,1000,1000,0,507325624,0,200,1.0
2026-10-06T06:03:35Z,9842,470.8,1000,1000,0,508821560,0,200,0.5
2026-10-06T06:04:05Z,9872,481.9,1000,1000,0,510314341,0,200,0.8
2026-10-06T06:04:35Z,9902,459.7,1000,1000,0,511851094,0,200,0.6
2026-10-06T06:05:05Z,9932,474.9,1000,1000,0,513345873,0,200,0.9
2026-10-06T06:05:36Z,9962,473.2,1000,1000,0,514906585,0,200,0.5
2026-10-06T06:06:05Z,9992,477.7,1000,1000,0,516399364,0,200,1.0
2026-10-06T06:06:35Z,10022,472.1,1000,1000,0,517946075,0,200,0.5
2026-10-06T06:07:06Z,10052,473.5,1000,1000,0,519544744,0,200,0.9
2026-10-06T06:07:35Z,10082,475.4,1000,1000,0,521092437,0,200,0.5
2026-10-06T06:08:05Z,10112,477.3,1000,1000,0,522580415,0,200,1.0
2026-10-06T06:08:35Z,10142,465.1,1000,1000,0,524148144,0,200,0.6
2026-10-06T06:09:05Z,10172,471.7,1000,1000,0,525688603,0,200,0.9
2026-10-06T06:09:36Z,10203,484.4,1000,1000,0,527285244,0,200,0.5
2026-10-06T06:10:06Z,10233,467.8,1000,1000,0,528886315,0,200,0.9
2026-10-06T06:10:36Z,10263,469.4,1000,1000,0,530409606,0,200,0.6
2026-10-06T06:11:07Z,10293,478.7,1000,1000,0,531965936,0,200,1.0
2026-10-06T06:11:36Z,10323,468.6,1000,1000,0,533505986,0,200,0.6
2026-10-06T06:12:06Z,10353,480.4,1000,1000,0,535014766,0,200,1.0
2026-10-06T06:12:37Z,10383,485.1,1000,1000,0,536608446,0,200,0.5
2026-10-06T06:13:06Z,10413,476.8,1000,1000,0,538185766,0,200,0.9
2026-10-06T06:13:36Z,10443,477.7,1000,1000,0,539685905,0,200,0.5
2026-10-06T06:14:07Z,10473,473.8,1000,1000,0,541238490,0,200,0.9
2026-10-06T06:14:36Z,10503,470.0,1000,1000,0,542763532,0,200,0.5
2026-10-06T06:15:06Z,10533,478.4,1000,1000,0,544261135,0,200,1.3
2026-10-06T06:15:37Z,10563,485.2,1000,1000,0,545816870,0,200,0.7
2026-10-06T06:16:06Z,10593,479.6,1000,1000,0,547325633,0,200,2.9
2026-10-06T06:16:36Z,10623,470.7,1000,1000,0,548881341,0,200,0.5
2026-10-06T06:17:07Z,10653,478.7,1000,1000,0,550467012,0,200,0.6
2026-10-06T06:17:36Z,10683,468.3,1000,1000,0,552039664,0,200,0.8
2026-10-06T06:18:06Z,10713,471.2,1000,1000,0,553557409,0,200,0.6
2026-10-06T06:18:36Z,10743,465.8,1000,1000,0,555197013,0,200,0.8
2026-10-06T06:19:06Z,10773,476.6,1000,1000,0,556707786,0,200,0.5
2026-10-06T06:19:37Z,10803,485.4,1000,1000,0,558296470,0,200,2.0
2026-10-06T06:20:06Z,10833,473.1,1000,1000,0,559780270,0,200,0.5
2026-10-06T06:20:36Z,10863,475.9,1000,1000,0,561286047,0,200,0.8
2026-10-06T06:21:07Z,10894,473.0,1000,1000,0,564002493,0,200,0.6
2026-10-06T06:21:37Z,10924,455.9,1000,1000,0,565480190,0,200,0.9
2026-10-06T06:22:07Z,10954,472.6,1000,1000,0,566921240,0,200,0.5
2026-10-06T06:22:38Z,10984,469.2,1000,1000,0,568433193,0,200,0.8
2026-10-06T06:23:07Z,11014,471.4,1000,1000,0,569886880,0,200,0.7
2026-10-06T06:23:37Z,11044,467.8,1000,1000,0,571340117,0,200,0.8
2026-10-06T06:24:07Z,11074,471.1,1000,1000,0,572805569,0,200,0.5
2026-10-06T06:24:37Z,11104,463.7,1000,1000,0,574263403,0,200,0.9
2026-10-06T06:25:08Z,11134,468.7,1000,1000,0,575785443,0,200,0.4
2026-10-06T06:25:37Z,11164,465.5,1000,1000,0,577194046,0,200,0.8
2026-10-06T06:26:07Z,11194,476.6,1000,1000,0,578661841,0,200,2.8
2026-10-06T06:26:38Z,11224,473.6,1000,1000,0,580197606,0,200,0.9
2026-10-06T06:27:07Z,11254,462.5,1000,1000,0,581598516,0,200,0.4
2026-10-06T06:27:37Z,11284,480.6,1000,1000,0,583055972,0,200,1.0
2026-10-06T06:28:07Z,11314,476.0,1000,1000,0,584561168,0,200,0.7
2026-10-06T06:28:37Z,11344,473.4,1000,1000,0,585998832,0,200,0.9
2026-10-06T06:29:08Z,11374,473.3,1000,1000,0,587477857,0,200,0.7
2026-10-06T06:29:37Z,11404,478.0,1000,1000,0,588897933,0,200,0.8
2026-10-06T06:30:07Z,11434,478.5,1000,1000,0,590390537,0,200,0.5
2026-10-06T06:30:38Z,11464,471.6,1000,1000,0,591883354,0,200,0.7
2026-10-06T06:31:07Z,11494,470.7,1000,1000,0,593279276,0,200,0.5
2026-10-06T06:31:37Z,11524,472.3,1000,1000,0,594693167,0,200,0.9
2026-10-06T06:32:07Z,11554,471.0,1000,1000,0,596190850,0,200,3.6
2026-10-06T06:32:37Z,11584,475.2,1000,1000,0,597673778,0,200,0.8
2026-10-06T06:33:08Z,11614,469.8,1000,1000,0,599193555,0,200,0.4
2026-10-06T06:33:37Z,11644,468.9,1000,1000,0,600677367,0,200,0.8
2026-10-06T06:34:07Z,11674,468.6,1000,1000,0,602139091,0,200,0.5
2026-10-06T06:34:38Z,11704,475.5,1000,1000,0,603667657,0,200,0.9
2026-10-06T06:35:07Z,11734,473.0,1000,1000,0,605099839,0,200,0.7
2026-10-06T06:35:37Z,11764,467.4,1000,1000,0,606574654,0,200,1.4
2026-10-06T06:36:08Z,11794,480.5,1000,1000,0,608090731,0,200,0.5
2026-10-06T06:36:37Z,11824,474.3,1000,1000,0,609559225,0,200,1.0
2026-10-06T06:37:07Z,11854,472.5,1000,1000,0,611024041,0,200,0.5
2026-10-06T06:37:37Z,11884,469.3,1000,1000,0,612499868,0,200,1.4
2026-10-06T06:38:07Z,11914,470.0,1000,1000,0,613971670,0,200,1.1
2026-10-06T06:38:38Z,11944,478.2,1000,1000,0,615491863,0,200,0.5
2026-10-06T06:39:07Z,11974,478.9,1000,1000,0,617022315,0,200,1.1
2026-10-06T06:39:37Z,12004,482.5,1000,1000,0,618478011,0,200,0.6
2026-10-06T06:40:08Z,12034,477.1,1000,1000,0,619988843,0,200,0.8
2026-10-06T06:40:37Z,12064,475.0,1000,1000,0,621492475,0,200,1.3
2026-10-06T06:41:07Z,12094,481.4,1000,1000,0,622934475,0,200,1.0
2026-10-06T06:41:37Z,12124,473.0,1000,1000,0,624419522,0,200,0.6
2026-10-06T06:42:07Z,12154,478.4,1000,1000,0,625908076,0,200,1.2
2026-10-06T06:42:38Z,12184,476.2,1000,1000,0,627419853,0,200,0.6
2026-10-06T06:43:07Z,12214,468.6,1000,1000,0,628882005,0,200,0.8
2026-10-06T06:43:37Z,12244,482.8,1000,1000,0,630302539,0,200,0.5
2026-10-06T06:44:08Z,12274,480.7,1000,1000,0,631834289,0,200,3.4
2026-10-06T06:44:37Z,12304,469.6,1000,1000,0,633250163,0,200,0.4
2026-10-06T06:45:07Z,12334,483.1,1000,1000,0,634772909,0,200,0.9
2026-10-06T06:45:38Z,12364,473.8,1000,1000,0,636407548,0,200,0.5
2026-10-06T06:46:07Z,12394,469.0,1000,1000,0,637941290,0,200,1.1
2026-10-06T06:46:37Z,12424,463.2,1000,1000,0,639410105,0,200,0.5
2026-10-06T06:47:08Z,12454,473.6,1000,1000,0,640919584,0,200,0.9
2026-10-06T06:47:37Z,12484,474.3,1000,1000,0,642374724,0,200,0.5
2026-10-06T06:48:07Z,12514,471.7,1000,1000,0,643836548,0,200,0.8
2026-10-06T06:48:38Z,12544,470.6,1000,1000,0,645396664,0,200,0.5
2026-10-06T06:49:07Z,12574,477.8,1000,1000,0,646867319,0,200,0.9
2026-10-06T06:49:37Z,12604,474.9,1000,1000,0,648376836,0,200,0.5
2026-10-06T06:50:07Z,12634,472.6,1000,1000,0,649996462,0,200,0.9
2026-10-06T06:50:37Z,12664,480.9,1000,1000,0,651525209,0,200,0.8
2026-10-06T06:51:07Z,12694,481.1,1000,1000,0,654136465,0,200,0.9
2026-10-06T06:51:37Z,12724,468.0,1000,1000,0,655741463,0,200,0.6
2026-10-06T06:52:07Z,12754,473.5,1000,1000,0,657334075,0,200,0.9
2026-10-06T06:52:38Z,12784,471.5,1000,1000,0,658856799,0,200,1.5
2026-10-06T06:53:07Z,12814,482.5,1000,1000,0,660458429,0,200,1.2
2026-10-06T06:53:37Z,12844,471.1,1000,1000,0,662120977,0,200,0.5
2026-10-06T06:54:08Z,12874,476.0,1000,1000,0,663824481,0,200,1.0
2026-10-06T06:54:37Z,12904,468.3,1000,1000,0,665402105,0,200,0.5
2026-10-06T06:55:07Z,12934,479.1,1000,1000,0,666859887,0,200,0.7
2026-10-06T06:55:37Z,12964,474.5,1000,1000,0,668282878,0,200,0.5
2026-10-06T06:56:07Z,12994,469.8,1000,1000,0,669688548,0,200,0.9
2026-10-06T06:56:38Z,13024,477.7,1000,1000,0,671289995,0,200,0.5
2026-10-06T06:57:07Z,13054,472.6,1000,1000,0,672776917,0,200,0.8
2026-10-06T06:57:37Z,13084,473.2,1000,1000,0,674345525,0,200,1.0
2026-10-06T06:58:07Z,13114,473.0,1000,1000,0,675925653,0,200,1.1
2026-10-06T06:58:37Z,13144,469.8,1000,1000,0,677447343,0,200,0.7
2026-10-06T06:59:08Z,13174,472.9,1000,1000,0,679036025,0,200,1.2
2026-10-06T06:59:37Z,13204,467.7,1000,1000,0,680520125,0,200,0.5
2026-10-06T07:00:07Z,13234,464.7,1000,1000,0,682107824,0,200,0.5
2026-10-06T07:00:38Z,13264,468.0,1000,1000,0,683663462,0,200,3.1
2026-10-06T07:01:07Z,13294,470.9,1000,1000,0,685138169,0,200,0.6
2026-10-06T07:01:37Z,13324,476.2,1000,1000,0,686631976,0,200,0.9
2026-10-06T07:02:08Z,13354,483.6,1000,1000,0,688213650,0,200,0.5
2026-10-06T07:02:37Z,13384,472.7,1000,1000,0,689749366,0,200,0.8
2026-10-06T07:03:07Z,13414,474.5,1000,1000,0,691340007,0,200,0.6
2026-10-06T07:03:38Z,13444,479.0,1000,1000,0,692930674,0,200,4.9
2026-10-06T07:04:07Z,13474,472.8,1000,1000,0,694425679,0,200,0.5
2026-10-06T07:04:37Z,13504,469.6,1000,1000,0,695947107,0,200,0.8
2026-10-06T07:05:07Z,13534,475.0,1000,1000,0,697484813,0,200,1.3
2026-10-06T07:05:37Z,13564,474.1,1000,1000,0,698995528,0,200,1.0
2026-10-06T07:06:07Z,13594,477.1,1000,1000,0,700515256,0,200,0.4
2026-10-06T07:06:37Z,13624,467.9,1000,1000,0,702043967,0,200,0.9
2026-10-06T07:07:07Z,13654,473.1,1000,1000,0,703517558,0,200,0.5
2026-10-06T07:07:38Z,13684,476.6,1000,1000,0,705041441,0,200,0.8
2026-10-06T07:08:07Z,13714,472.3,1000,1000,0,706550175,0,200,1.3
2026-10-06T07:08:37Z,13744,470.2,1000,1000,0,708072897,0,200,0.8
2026-10-06T07:09:08Z,13774,469.9,1000,1000,0,709611186,0,200,0.5
2026-10-06T07:09:37Z,13804,475.3,1000,1000,0,711091594,0,200,0.7
2026-10-06T07:10:07Z,13834,473.4,1000,1000,0,712582705,0,200,0.5
2026-10-06T07:10:38Z,13864,473.4,1000,1000,0,714125796,0,200,0.8
2026-10-06T07:11:07Z,13894,478.9,1000,1000,0,715622576,0,200,0.5
2026-10-06T07:11:37Z,13924,472.8,1000,1000,0,717130231,0,200,0.9
2026-10-06T07:12:07Z,13954,466.9,1000,1000,0,718674962,0,200,0.5
2026-10-06T07:12:37Z,13984,477.7,1000,1000,0,720160177,0,200,1.1
2026-10-06T07:13:08Z,14014,475.6,1000,1000,0,721703763,0,200,0.5
2026-10-06T07:13:37Z,14044,469.6,1000,1000,0,723207155,0,200,0.7
2026-10-06T07:14:07Z,14074,475.5,1000,1000,0,724688914,0,200,0.6
2026-10-06T07:14:38Z,14104,461.4,1000,1000,0,726229621,0,200,1.0
2026-10-06T07:15:07Z,14134,473.9,1000,1000,0,727734655,0,200,0.6
2026-10-06T07:15:37Z,14164,475.8,1000,1000,0,729228118,0,200,0.9
2026-10-06T07:16:07Z,14194,463.4,1000,1000,0,730776415,0,200,0.7
2026-10-06T07:16:37Z,14224,469.1,1000,1000,0,732329469,0,200,0.9
2026-10-06T07:17:08Z,14254,471.6,1000,1000,0,734185693,0,200,0.5
2026-10-06T07:17:37Z,14284,470.0,1000,1000,0,735829249,0,200,0.8
2026-10-06T07:18:07Z,14314,472.8,1000,1000,0,737340963,0,200,0.4
2026-10-06T07:18:38Z,14344,474.8,1000,1000,0,738932438,0,200,1.0
2026-10-06T07:19:07Z,14374,467.6,1000,1000,0,740429349,0,200,0.7
2026-10-06T07:19:37Z,14404,471.8,1000,1000,0,741927101,0,200,1.2
2026-10-06T07:20:08Z,14434,479.3,1000,1000,0,743471804,0,200,0.6
2026-10-06T07:20:37Z,14464,467.9,1000,1000,0,744998526,0,200,1.9
2026-10-06T07:21:07Z,14494,473.7,999,999,1,746523447,1,200,0.5
2026-10-06T07:21:37Z,14524,463.1,999,999,1,748029990,1,200,0.5
2026-10-06T07:22:08Z,14554,483.1,999,999,1,749579012,1,200,1.2
2026-10-06T07:22:37Z,14584,477.2,999,999,1,751105014,1,200,2.7
2026-10-06T07:23:07Z,14614,481.2,1000,1000,1,753771636,1,200,0.6
2026-10-06T07:23:37Z,14644,474.8,1000,1000,1,755288629,1,200,0.4
2026-10-06T07:24:07Z,14674,478.2,1000,1000,1,756788019,1,200,0.8
2026-10-06T07:24:37Z,14704,482.6,1000,1000,1,758214783,1,200,0.5
2026-10-06T07:25:08Z,14734,477.9,1000,1000,1,759658537,1,200,0.8
2026-10-06T07:25:37Z,14764,476.3,1000,1000,1,761084342,1,200,1.4
2026-10-06T07:26:07Z,14794,474.9,1000,1000,1,762469188,1,200,0.7
2026-10-06T07:26:38Z,14824,479.1,1000,1000,1,763919997,1,200,0.7
2026-10-06T07:27:07Z,14854,475.1,1000,1000,1,765375756,1,200,1.2
2026-10-06T07:27:37Z,14884,473.9,1000,1000,1,766799555,1,200,1.3
2026-10-06T07:28:08Z,14914,472.5,1000,1000,1,768457036,1,200,1.0
2026-10-06T07:28:37Z,14944,474.6,1000,1000,1,770140445,1,200,1.6
2026-10-06T07:29:07Z,14974,476.0,1000,1000,1,771699665,1,200,1.2
2026-10-06T07:29:38Z,15004,480.6,1000,1000,1,773245720,1,200,0.5
2026-10-06T07:30:07Z,15034,466.1,1000,1000,1,774722895,1,200,0.9
2026-10-06T07:30:37Z,15064,471.4,1000,1000,1,776157286,1,200,0.5
2026-10-06T07:31:08Z,15094,473.9,1000,1000,1,777719057,1,200,2.7
2026-10-06T07:31:37Z,15124,474.1,1000,1000,1,779246684,1,200,0.6
2026-10-06T07:32:07Z,15154,474.3,1000,1000,1,780706558,1,200,0.8
2026-10-06T07:32:37Z,15184,472.4,1000,1000,1,782293224,1,200,0.5
2026-10-06T07:33:07Z,15214,473.4,1000,1000,1,783786971,1,200,1.9
2026-10-06T07:33:37Z,15244,475.9,1000,1000,1,785453515,1,200,0.5
2026-10-06T07:34:07Z,15274,479.0,1000,1000,1,787083112,1,200,0.9
2026-10-06T07:34:37Z,15304,475.1,1000,1000,1,788538898,1,200,0.5
2026-10-06T07:35:08Z,15334,468.9,1000,1000,1,790015687,1,200,1.1
2026-10-06T07:35:37Z,15364,478.5,1000,1000,1,791420488,1,200,0.6
2026-10-06T07:36:07Z,15394,464.8,1000,1000,1,792854154,1,200,0.9
2026-10-06T07:36:38Z,15424,478.0,1000,1000,1,794391040,1,200,0.9
2026-10-06T07:37:07Z,15454,479.7,1000,1000,1,795850795,1,200,0.8
2026-10-06T07:37:37Z,15484,463.1,1000,1000,1,797291591,1,200,0.6
2026-10-06T07:38:07Z,15514,461.7,1000,1000,1,798794321,1,200,0.8
2026-10-06T07:38:37Z,15544,477.2,1000,1000,1,800203101,1,200,1.5
2026-10-06T07:39:08Z,15574,484.2,1000,1000,1,801715763,1,200,0.8
2026-10-06T07:39:37Z,15604,478.3,1000,1000,1,803285374,1,200,0.6
2026-10-06T07:40:07Z,15634,476.3,1000,1000,1,804933788,1,200,1.1
2026-10-06T07:40:38Z,15664,470.2,1000,1000,1,806529436,1,200,0.7
2026-10-06T07:41:07Z,15694,475.8,1000,1000,1,807938273,1,200,1.0
2026-10-06T07:41:37Z,15724,478.8,1000,1000,1,809355065,1,200,0.5
2026-10-06T07:42:08Z,15754,490.6,1000,1000,1,810862145,1,200,1.4
2026-10-06T07:42:37Z,15784,478.4,1000,1000,1,812383469,1,200,0.6
2026-10-06T07:43:07Z,15814,480.8,1000,1000,1,813852184,1,200,0.5
2026-10-06T07:43:38Z,15844,470.8,1000,1000,1,815321970,1,200,0.9
2026-10-06T07:44:07Z,15874,471.1,1000,1000,1,816781697,1,200,0.5
2026-10-06T07:44:37Z,15904,481.1,1000,1000,1,818209494,1,200,0.9
2026-10-06T07:45:08Z,15934,483.4,1000,1000,1,819727198,1,200,0.5
2026-10-06T07:45:37Z,15964,473.1,1000,1000,1,821214892,1,200,0.8
2026-10-06T07:46:07Z,15994,475.5,1000,1000,1,822646726,1,200,0.5
2026-10-06T07:46:37Z,16024,468.2,1000,1000,1,824244294,1,200,1.1
2026-10-06T07:47:07Z,16054,468.2,1000,1000,1,825831909,1,200,0.5
2026-10-06T07:47:37Z,16084,478.8,1000,1000,1,827462486,1,200,0.8
2026-10-06T07:48:07Z,16114,467.7,1000,1000,1,829056527,1,200,0.6
2026-10-06T07:48:37Z,16144,466.7,1000,1000,1,830519950,1,200,0.8
2026-10-06T07:49:08Z,16174,480.7,1000,1000,1,832012883,1,200,0.4
2026-10-06T07:49:37Z,16204,466.3,1000,1000,1,833580717,1,200,0.9
2026-10-06T07:50:07Z,16234,476.1,1000,1000,1,835171589,1,200,0.6
2026-10-06T07:50:37Z,16264,469.8,1000,1000,1,836667559,1,200,2.1
2026-10-06T07:51:07Z,16294,472.4,1000,1000,1,838070385,1,200,0.6
2026-10-06T07:51:38Z,16324,476.1,1000,1000,1,839687496,1,200,1.0
2026-10-06T07:52:07Z,16354,477.3,1000,1000,1,841177709,1,200,0.5
2026-10-06T07:52:37Z,16384,481.9,1000,1000,1,842583529,1,200,0.8
2026-10-06T07:53:08Z,16414,479.0,1000,1000,1,845148186,1,200,0.5
2026-10-06T07:53:37Z,16444,473.0,1000,1000,1,846684443,1,200,1.1
2026-10-06T07:54:07Z,16474,471.4,1000,1000,1,848184615,1,200,0.5
2026-10-06T07:54:37Z,16504,465.8,1000,1000,1,849685162,1,200,0.9
2026-10-06T07:55:07Z,16534,466.5,1000,1000,1,851171153,1,200,2.7
2026-10-06T07:55:37Z,16564,466.1,1000,1000,1,852680894,1,200,1.1
2026-10-06T07:56:07Z,16594,466.7,1000,1000,1,854292459,1,200,0.8
2026-10-06T07:56:37Z,16624,483.2,1000,1000,1,855939028,1,200,0.9
2026-10-06T07:57:08Z,16655,471.9,1000,1000,1,857437790,1,200,0.6
2026-10-06T07:57:38Z,16685,468.9,1000,1000,1,858916581,1,200,1.4
2026-10-06T07:58:08Z,16715,468.0,1000,1000,1,860404365,1,200,0.5
2026-10-06T07:58:39Z,16745,468.9,1000,1000,1,861906128,1,200,0.8
2026-10-06T07:59:08Z,16775,466.5,1000,1000,1,863374922,1,200,1.0
2026-10-06T07:59:38Z,16805,488.6,1000,1000,1,864791358,1,200,0.8
2026-10-06T08:00:09Z,16835,474.6,1000,1000,1,866306518,1,200,0.6
2026-10-06T08:00:38Z,16865,472.5,1000,1000,1,867715367,1,200,0.9
2026-10-06T08:01:08Z,16895,480.2,1000,1000,1,869183122,1,200,0.5
2026-10-06T08:01:39Z,16925,475.4,1000,1000,1,870728819,1,200,1.3
2026-10-06T08:02:08Z,16955,477.3,1000,1000,1,872156366,1,200,0.6
2026-10-06T08:02:38Z,16985,475.4,1000,1000,1,873619538,1,200,1.0
2026-10-06T08:03:09Z,17015,460.6,1000,1000,1,875182168,1,200,1.0
2026-10-06T08:03:38Z,17045,472.3,1000,1000,1,876674845,1,200,2.1
2026-10-06T08:04:08Z,17075,470.3,1000,1000,1,878170603,1,200,0.5
2026-10-06T08:04:39Z,17105,470.4,1000,1000,1,879736260,1,200,0.9
2026-10-06T08:05:08Z,17135,462.6,1000,1000,1,881435705,1,200,0.8
2026-10-06T08:05:38Z,17165,469.1,1000,1000,1,882918464,1,200,0.6
2026-10-06T08:06:09Z,17195,476.6,1000,1000,1,884381256,1,200,0.8
2026-10-06T08:06:38Z,17225,472.6,1000,1000,1,886014515,1,200,0.5
2026-10-06T08:07:08Z,17255,464.3,1000,1000,1,887555512,1,200,0.8
2026-10-06T08:07:39Z,17285,473.7,1000,1000,1,889196083,1,200,1.4
2026-10-06T08:08:08Z,17315,462.0,1000,1000,1,890778703,1,200,1.8
2026-10-06T08:08:38Z,17345,481.7,1000,1000,1,892285428,1,200,0.6
2026-10-06T08:09:09Z,17375,473.7,1000,1000,1,894003991,1,200,3.3
2026-10-06T08:09:38Z,17405,485.1,1000,1000,1,895565658,1,200,0.5
2026-10-06T08:10:08Z,17435,471.4,1000,1000,1,897098386,1,200,0.9
2026-10-06T08:10:39Z,17465,466.9,1000,1000,1,898724949,1,200,0.5
2026-10-06T08:11:08Z,17495,468.9,1000,1000,1,900347582,1,200,1.0
2026-10-06T08:11:38Z,17525,464.1,1000,1000,1,901938168,1,200,0.6
2026-10-06T08:12:08Z,17555,458.7,1000,1000,1,903530926,1,200,1.3
2026-10-06T08:12:38Z,17585,470.5,1000,1000,1,905204463,1,200,0.4
2026-10-06T08:13:09Z,17615,469.5,1000,1000,1,906754196,1,200,0.9
2026-10-06T08:13:38Z,17645,476.8,1000,1000,1,908156089,1,200,0.5
2026-10-06T08:14:08Z,17675,469.3,1000,1000,1,909546768,1,200,1.3
2026-10-06T08:14:38Z,17705,467.3,1000,1000,1,910997879,1,200,0.6
2026-10-06T08:15:08Z,17735,465.6,1000,1000,1,912411771,1,200,0.8
2026-10-06T08:15:38Z,17765,474.1,1000,1000,1,913876069,1,200,0.6
2026-10-06T08:16:08Z,17795,470.1,1000,1000,1,915339412,1,200,0.8
2026-10-06T08:16:38Z,17825,476.1,1000,1000,1,916730777,1,200,0.5
2026-10-06T08:17:09Z,17855,470.4,1000,1000,1,918188213,1,200,0.8
2026-10-06T08:17:38Z,17885,472.8,1000,1000,1,919590119,1,200,0.5
2026-10-06T08:18:08Z,17915,476.6,1000,1000,1,920971045,1,200,0.8
2026-10-06T08:18:38Z,17945,458.6,1000,1000,1,922392958,1,200,1.2
2026-10-06T08:19:08Z,17975,477.4,1000,1000,1,923802853,1,200,0.8
2026-10-06T08:19:39Z,18005,476.2,1000,1000,1,925340619,1,200,2.3
2026-10-06T08:20:08Z,18035,463.5,1000,1000,1,926827453,1,200,1.0
2026-10-06T08:20:38Z,18065,474.4,1000,1000,1,928307296,1,200,0.6
2026-10-06T08:21:09Z,18095,469.8,1000,1000,1,929818298,1,200,1.1
2026-10-06T08:21:38Z,18125,462.3,1000,1000,1,931314242,1,200,0.4
2026-10-06T08:22:08Z,18155,476.7,1000,1000,1,932822510,1,200,0.9
2026-10-06T08:22:38Z,18185,465.8,1000,1000,1,934299571,1,200,0.5
2026-10-06T08:23:08Z,18215,478.7,1000,1000,1,936885088,1,200,1.0
2026-10-06T08:23:38Z,18245,471.0,1000,1000,1,938559723,1,200,0.6
2026-10-06T08:24:08Z,18275,469.1,1000,1000,1,940392048,1,200,1.1
2026-10-06T08:24:38Z,18305,476.2,1000,1000,1,942208242,1,200,0.5
2026-10-06T08:25:09Z,18335,478.6,1000,1000,1,944013503,1,200,1.2
2026-10-06T08:25:38Z,18365,470.9,1000,1000,1,945649242,1,200,0.6
2026-10-06T08:26:08Z,18395,475.6,1000,1000,1,947144991,1,200,0.5
2026-10-06T08:26:39Z,18425,468.5,1000,1000,1,948816696,1,200,1.6
2026-10-06T08:27:08Z,18455,476.4,1000,1000,1,950418252,1,200,0.5
2026-10-06T08:27:38Z,18485,464.6,1000,1000,1,952012951,1,200,0.8
2026-10-06T08:28:08Z,18515,463.2,1000,1000,1,953599670,1,200,0.5
2026-10-06T08:28:38Z,18545,467.1,1000,1000,1,955131436,1,200,0.7
2026-10-06T08:29:09Z,18575,478.0,1000,1000,1,956701660,1,200,0.5
2026-10-06T08:29:38Z,18605,480.2,1000,1000,1,958225394,1,200,0.9
2026-10-06T08:30:08Z,18635,474.0,1000,1000,1,959719791,1,200,0.5
2026-10-06T08:30:39Z,18665,478.0,1000,1000,1,961268649,1,200,0.9
2026-10-06T08:31:08Z,18695,471.1,1000,1000,1,962817318,1,200,0.4
2026-10-06T08:31:38Z,18725,466.7,1000,1000,1,964357073,1,200,0.8
2026-10-06T08:32:08Z,18755,459.5,1000,1000,1,965923850,1,200,0.5
2026-10-06T08:32:38Z,18785,469.9,1000,1000,1,967448820,1,200,0.8
2026-10-06T08:33:09Z,18815,477.0,1000,1000,1,969033370,1,200,0.5
2026-10-06T08:33:38Z,18845,462.7,1000,1000,1,970538156,1,200,0.9
2026-10-06T08:34:08Z,18875,478.3,1000,1000,1,972087894,1,200,0.4
2026-10-06T08:34:39Z,18905,474.0,1000,1000,1,973668787,1,200,0.8
2026-10-06T08:35:08Z,18935,471.4,1000,1000,1,975230065,1,200,0.5
2026-10-06T08:35:38Z,18965,470.6,1000,1000,1,976842960,1,200,1.0
2026-10-06T08:36:09Z,18995,474.1,1000,1000,1,978486581,1,200,0.6
2026-10-06T08:36:38Z,19025,471.8,1000,1000,1,980007262,1,200,0.9
2026-10-06T08:37:08Z,19055,470.0,1000,1000,1,981512087,1,200,0.5
2026-10-06T08:37:38Z,19085,467.3,1000,1000,1,983062841,1,200,0.8
2026-10-06T08:38:08Z,19115,459.4,1000,1000,1,984515703,1,200,0.6
2026-10-06T08:38:39Z,19145,468.5,1000,1000,1,986044486,1,200,1.0
2026-10-06T08:39:08Z,19175,473.9,1000,1000,1,987523420,1,200,0.5
2026-10-06T08:39:38Z,19205,464.1,1000,1000,1,989046062,1,200,0.8
2026-10-06T08:40:08Z,19235,452.5,1000,1000,1,990655723,1,200,0.5
2026-10-06T08:40:38Z,19265,470.3,1000,1000,1,992158514,1,200,0.8
2026-10-06T08:41:09Z,19295,462.8,1000,1000,1,993797771,1,200,0.5
2026-10-06T08:41:38Z,19325,471.3,1000,1000,1,995382317,1,200,0.8
2026-10-06T08:42:08Z,19355,468.4,1000,1000,1,996953843,1,200,0.5
2026-10-06T08:42:39Z,19385,472.3,1000,1000,1,998642602,1,200,0.9
2026-10-06T08:43:08Z,19415,470.8,1000,1000,1,1000140761,1,200,0.7
2026-10-06T08:43:38Z,19445,476.9,1000,1000,1,1001680467,1,200,1.1
2026-10-06T08:44:09Z,19475,475.6,1000,1000,1,1003278163,1,200,0.5
2026-10-06T08:44:38Z,19505,472.2,1000,1000,1,1004808901,1,200,1.2
2026-10-06T08:45:08Z,19535,477.6,1000,1000,1,1006314677,1,200,0.6
2026-10-06T08:45:38Z,19565,465.8,1000,1000,1,1007851632,1,200,1.3
2026-10-06T08:46:08Z,19595,476.5,1000,1000,1,1009396187,1,200,0.5
2026-10-06T08:46:39Z,19625,471.0,1000,1000,1,1010977886,1,200,1.1
2026-10-06T08:47:08Z,19655,460.8,1000,1000,1,1012545557,1,200,0.5
2026-10-06T08:47:38Z,19685,479.8,1000,1000,1,1014037352,1,200,0.7
2026-10-06T08:48:09Z,19715,471.8,1000,1000,1,1015653120,1,200,3.0
2026-10-06T08:48:38Z,19745,472.3,1000,1000,1,1017169729,1,200,0.8
2026-10-06T08:49:08Z,19775,468.9,1000,1000,1,1018732349,1,200,0.9
2026-10-06T08:49:39Z,19805,470.0,1000,1000,1,1020365633,1,200,0.6
2026-10-06T08:50:08Z,19835,473.0,1000,1000,1,1021910749,1,200,1.0
2026-10-06T08:50:38Z,19865,478.7,1000,1000,1,1023498825,1,200,0.8
2026-10-06T08:51:09Z,19895,474.3,1000,1000,1,1025117069,1,200,1.0
2026-10-06T08:51:38Z,19925,477.1,1000,1000,1,1026710346,1,200,1.1
2026-10-06T08:52:08Z,19955,473.7,1000,1000,1,1028207727,1,200,0.8
2026-10-06T08:52:38Z,19985,465.9,1000,1000,1,1029773219,1,200,0.5
2026-10-06T08:53:10Z,20015,515.4,1000,1000,1,1032475824,1,200,961.9
2026-10-06T08:53:38Z,20045,473.0,1000,1000,1,1034048459,1,200,0.5
2026-10-06T08:54:08Z,20075,472.2,1000,1000,1,1035486386,1,200,1.1
2026-10-06T08:54:39Z,20105,474.3,1000,1000,1,1036989865,1,200,0.4
2026-10-06T08:55:08Z,20135,472.1,1000,1000,1,1038483871,1,200,0.8
2026-10-06T08:55:38Z,20165,468.2,1000,1000,1,1039993510,1,200,0.4
2026-10-06T08:56:09Z,20195,482.3,1000,1000,1,1041507397,1,200,0.9
2026-10-06T08:56:38Z,20225,478.2,1000,1000,1,1042942223,1,200,0.5
2026-10-06T08:57:08Z,20255,463.9,1000,1000,1,1044415856,1,200,0.9
2026-10-06T08:57:38Z,20285,461.3,1000,1000,1,1045921472,1,200,0.6
2026-10-06T08:58:08Z,20315,474.4,1000,1000,1,1047379580,1,200,1.2
2026-10-06T08:58:39Z,20345,468.6,1000,1000,1,1048921291,1,200,0.6
2026-10-06T08:59:08Z,20375,473.1,1000,1000,1,1050347134,1,200,0.8
2026-10-06T08:59:38Z,20405,484.8,1000,1000,1,1051800961,1,200,0.6
2026-10-06T09:00:09Z,20435,474.6,1000,1000,1,1053295776,1,200,1.4
2026-10-06T09:00:38Z,20465,471.2,1000,1000,1,1054807450,1,200,0.8
2026-10-06T09:01:08Z,20495,481.7,1000,1000,1,1056297189,1,200,1.0
2026-10-06T09:01:38Z,20525,463.2,1000,1000,1,1057837889,1,200,0.5
2026-10-06T09:02:08Z,20555,472.6,1000,1000,1,1059282680,1,200,0.8
2026-10-06T09:02:39Z,20585,477.0,1000,1000,1,1060815388,1,200,0.7
2026-10-06T09:03:08Z,20615,464.2,1000,1000,1,1062337610,1,200,1.0
2026-10-06T09:03:38Z,20645,473.3,1000,1000,1,1063878793,1,200,0.4
2026-10-06T09:04:08Z,20675,462.9,1000,1000,1,1065502379,1,200,0.9
2026-10-06T09:04:38Z,20705,473.6,1000,1000,1,1067005112,1,200,0.5
2026-10-06T09:05:08Z,20735,473.3,1000,1000,1,1068511841,1,200,1.0
2026-10-06T09:05:38Z,20765,473.6,1000,1000,1,1070069524,1,200,0.6
2026-10-06T09:06:08Z,20795,475.8,1000,1000,1,1071558828,1,200,2.8
2026-10-06T09:06:39Z,20825,476.4,1000,1000,1,1073085984,1,200,0.6
2026-10-06T09:07:08Z,20855,475.9,1000,1000,1,1074581724,1,200,1.0
2026-10-06T09:07:38Z,20885,468.5,1000,1000,1,1076085453,1,200,0.7
2026-10-06T09:08:09Z,20915,480.9,1000,1000,1,1077630152,1,200,1.5
2026-10-06T09:08:38Z,20945,478.1,1000,1000,1,1079097917,1,200,0.5
2026-10-06T09:09:08Z,20975,473.3,1000,1000,1,1080567682,1,200,0.6
2026-10-06T09:09:38Z,21005,478.8,1000,1000,1,1082128780,1,200,0.8
2026-10-06T09:10:08Z,21035,478.2,1000,1000,1,1083610624,1,200,0.6
2026-10-06T09:10:39Z,21065,474.0,1000,1000,1,1085140473,1,200,0.8
2026-10-06T09:11:08Z,21095,457.2,1000,1000,1,1086607638,1,200,0.6
2026-10-06T09:11:38Z,21125,472.6,1000,1000,1,1088102333,1,200,1.0
2026-10-06T09:12:09Z,21155,462.6,1000,1000,1,1089685970,1,200,0.5
2026-10-06T09:12:38Z,21185,474.0,1000,1000,1,1091187703,1,200,0.9
2026-10-06T09:13:08Z,21215,474.5,1000,1000,1,1092660675,1,200,0.5
2026-10-06T09:13:39Z,21245,480.8,1000,1000,1,1094214291,1,200,0.8
2026-10-06T09:14:08Z,21275,471.1,1000,1000,1,1095723753,1,200,0.5
2026-10-06T09:14:38Z,21305,473.5,1000,1000,1,1097214969,1,200,1.0
2026-10-06T09:15:08Z,21335,473.4,1000,1000,1,1098812139,1,200,0.6
2026-10-06T09:15:38Z,21365,468.1,1000,1000,1,1100301009,1,200,0.9
2026-10-06T09:16:09Z,21395,479.9,1000,1000,1,1101877676,1,200,0.6
2026-10-06T09:16:38Z,21425,472.0,1000,1000,1,1103443342,1,200,2.4
2026-10-06T09:17:08Z,21455,458.2,1000,1000,1,1105003017,1,200,0.5
2026-10-06T09:17:39Z,21485,471.1,1000,1000,1,1106559486,1,200,1.4
2026-10-06T09:18:08Z,21515,472.9,1000,1000,1,1108080416,1,200,0.6
2026-10-06T09:18:38Z,21545,480.6,1000,1000,1,1109564166,1,200,0.8
2026-10-06T09:19:08Z,21575,458.2,1000,1000,1,1111119851,1,200,0.4
2026-10-06T09:19:38Z,21605,467.7,1000,1000,1,1112602260,1,200,1.6
2026-10-06T09:20:08Z,21635,472.8,1000,1000,1,1114071927,1,200,0.5
2026-10-06T09:20:38Z,21665,481.5,1000,1000,1,1115648032,1,200,0.8
2026-10-06T09:21:08Z,21695,465.3,1000,1000,1,1117131876,1,200,0.4
2026-10-06T09:21:39Z,21725,471.6,1000,1000,1,1118653339,1,200,0.8
2026-10-06T09:22:08Z,21755,461.4,1000,1000,1,1120125265,1,200,0.5
2026-10-06T09:22:38Z,21785,476.4,1000,1000,1,1121608016,1,200,0.8
2026-10-06T09:23:08Z,21815,464.6,1000,1000,1,1123160995,1,200,0.6
2026-10-06T09:23:38Z,21845,461.4,1000,1000,1,1125785212,1,200,0.9
2026-10-06T09:24:08Z,21875,474.6,1000,1000,1,1127389739,1,200,0.6
2026-10-06T09:24:38Z,21905,476.4,1000,1000,1,1129050213,1,200,0.9
2026-10-06T09:25:08Z,21935,472.5,1000,1000,1,1130574843,1,200,0.4
2026-10-06T09:25:39Z,21965,476.4,1000,1000,1,1132034627,1,200,0.8
2026-10-06T09:26:08Z,21995,480.5,1000,1000,1,1133472427,1,200,1.0
2026-10-06T09:26:38Z,22025,474.2,1000,1000,1,1134965098,1,200,1.1
2026-10-06T09:27:09Z,22055,461.4,1000,1000,1,1136569216,1,200,0.6
2026-10-06T09:27:38Z,22085,474.2,1000,1000,1,1138071429,1,200,1.1
2026-10-06T09:28:08Z,22115,477.2,1000,1000,1,1139514226,1,200,0.7
2026-10-06T09:28:39Z,22145,479.3,1000,1000,1,1140977965,1,200,1.5
2026-10-06T09:29:08Z,22175,474.2,1000,1000,1,1142370777,1,200,0.5
2026-10-06T09:29:38Z,22205,471.1,1000,1000,1,1143822493,1,200,0.6
2026-10-06T09:30:09Z,22235,475.9,1000,1000,1,1145387904,1,200,0.8
2026-10-06T09:30:38Z,22265,475.3,1000,1000,1,1146869429,1,200,0.6
2026-10-06T09:31:08Z,22295,470.5,1000,1000,1,1148272715,1,200,0.8
2026-10-06T09:31:39Z,22325,480.0,1000,1000,1,1149703978,1,200,1.4
2026-10-06T09:32:08Z,22355,478.6,1000,1000,1,1151101094,1,200,1.2
2026-10-06T09:32:38Z,22385,473.7,1000,1000,1,1152549894,1,200,0.5
2026-10-06T09:33:09Z,22415,470.6,1000,1000,1,1154100789,1,200,0.8
2026-10-06T09:33:38Z,22445,484.9,1000,1000,1,1155612444,1,200,0.5
2026-10-06T09:34:08Z,22475,472.3,1000,1000,1,1157151133,1,200,0.9
2026-10-06T09:34:39Z,22505,468.0,1000,1000,1,1158754657,1,200,0.5
2026-10-06T09:35:08Z,22535,462.6,1000,1000,1,1160221506,1,200,1.1
2026-10-06T09:35:38Z,22565,482.0,1000,1000,1,1161663327,1,200,0.5
2026-10-06T09:36:09Z,22595,470.2,1000,1000,1,1163123116,1,200,1.0
2026-10-06T09:36:38Z,22625,469.7,1000,1000,1,1164523939,1,200,0.5
2026-10-06T09:37:08Z,22655,476.5,1000,1000,1,1166061551,1,200,0.9
2026-10-06T09:37:39Z,22685,479.3,1000,1000,1,1167749041,1,200,0.5
2026-10-06T09:38:08Z,22715,476.7,1000,1000,1,1169252060,1,200,0.8
2026-10-06T09:38:38Z,22745,478.4,1000,1000,1,1170701481,1,200,1.5
2026-10-06T09:39:09Z,22775,467.2,1000,1000,1,1172251192,1,200,0.9
2026-10-06T09:39:38Z,22805,484.4,1000,1000,1,1173663024,1,200,0.6
2026-10-06T09:40:08Z,22835,467.6,1000,1000,1,1175066843,1,200,0.8
2026-10-06T09:40:38Z,22865,469.1,1000,1000,1,1176570536,1,200,0.5
2026-10-06T09:41:08Z,22895,468.9,1000,1000,1,1178046235,1,200,0.8
2026-10-06T09:41:39Z,22925,476.5,1000,1000,1,1179570744,1,200,0.5
2026-10-06T09:42:08Z,22955,475.0,1000,1000,1,1181184514,1,200,0.9
2026-10-06T09:42:38Z,22985,477.9,1000,1000,1,1182754191,1,200,0.5
2026-10-06T09:43:09Z,23015,463.8,1000,1000,1,1184453718,1,200,0.8
2026-10-06T09:43:38Z,23045,462.6,1000,1000,1,1185873547,1,200,0.7
2026-10-06T09:44:08Z,23075,475.8,1000,1000,1,1187315335,1,200,1.1
2026-10-06T09:44:38Z,23105,460.9,1000,1000,1,1188868018,1,200,0.6
2026-10-06T09:45:08Z,23135,479.8,1000,1000,1,1190310466,1,200,0.9
2026-10-06T09:45:39Z,23166,481.3,1000,1000,1,1191780528,1,200,0.8
2026-10-06T09:46:09Z,23196,471.2,1000,1000,1,1193374121,1,200,1.4
2026-10-06T09:46:39Z,23226,463.9,1000,1000,1,1194983732,1,200,0.4
2026-10-06T09:47:10Z,23256,479.8,1000,1000,1,1196596389,1,200,1.7
2026-10-06T09:47:39Z,23286,470.5,1000,1000,1,1198173714,1,200,0.5
2026-10-06T09:48:09Z,23316,479.6,1000,1000,1,1199724725,1,200,1.0
2026-10-06T09:48:39Z,23346,463.1,1000,1000,1,1201235591,1,200,0.6
2026-10-06T09:49:09Z,23376,489.1,1000,1000,1,1202676467,1,200,0.9
2026-10-06T09:49:40Z,23406,482.2,1000,1000,1,1204158236,1,200,0.4
2026-10-06T09:50:09Z,23436,465.9,1000,1000,1,1205552222,1,200,0.8
2026-10-06T09:50:39Z,23466,477.6,1000,1000,1,1206948157,1,200,0.5
2026-10-06T09:51:10Z,23496,475.7,1000,1000,1,1208411012,1,200,4.1
2026-10-06T09:51:39Z,23526,471.6,1000,1000,1,1209802912,1,200,0.6
2026-10-06T09:52:09Z,23556,479.3,1000,1000,1,1211187808,1,200,0.4
2026-10-06T09:52:39Z,23586,468.4,1000,1000,1,1212634389,1,200,1.0
2026-10-06T09:53:09Z,23616,471.7,1000,1000,1,1214068593,1,200,2.6
2026-10-06T09:53:39Z,23646,481.2,1000,1000,1,1216658245,1,200,0.7
2026-10-06T09:54:09Z,23676,469.4,1000,1000,1,1218212938,1,200,0.5
2026-10-06T09:54:39Z,23706,466.7,1000,1000,1,1219804511,1,200,0.8
2026-10-06T09:55:10Z,23737,480.2,1000,1000,1,1221347186,1,200,0.5
2026-10-06T09:55:40Z,23767,469.2,1000,1000,1,1222935752,1,200,0.9
2026-10-06T09:56:10Z,23797,467.7,1000,1000,1,1224436045,1,200,0.5
2026-10-06T09:56:41Z,23827,484.5,1000,1000,1,1226004129,1,200,3.7
2026-10-06T09:57:10Z,23857,469.5,1000,1000,1,1227518991,1,200,0.6
2026-10-06T09:57:40Z,23887,470.5,1000,1000,1,1229026530,1,200,0.7
2026-10-06T09:58:10Z,23917,470.4,1000,1000,1,1230571947,1,200,0.5
2026-10-06T09:58:40Z,23947,473.3,1000,1000,1,1232070928,1,200,0.8
2026-10-06T09:59:11Z,23977,469.0,1000,1000,1,1233661563,1,200,0.5
2026-10-06T09:59:40Z,24007,479.0,1000,1000,1,1235194109,1,200,1.0
2026-10-06T10:00:10Z,24037,488.9,1000,1000,1,1236715811,1,200,0.5
2026-10-06T10:00:41Z,24067,481.0,1000,1000,1,1238292605,1,200,0.8
2026-10-06T10:01:10Z,24097,478.7,1000,1000,1,1239822602,1,200,0.7
2026-10-06T10:01:40Z,24127,471.2,1000,1000,1,1241357949,1,200,0.8
2026-10-06T10:02:10Z,24157,468.0,1000,1000,1,1242922618,1,200,0.8
2026-10-06T10:02:40Z,24187,464.2,1000,1000,1,1244465188,1,200,0.8
2026-10-06T10:03:11Z,24217,472.1,1000,1000,1,1246043951,1,200,0.4
2026-10-06T10:03:40Z,24247,475.6,1000,1000,1,1247553851,1,200,0.8
2026-10-06T10:04:10Z,24277,477.6,1000,1000,1,1249081386,1,200,0.6
2026-10-06T10:04:40Z,24307,459.0,1000,1000,1,1250694002,1,200,1.1
2026-10-06T10:05:10Z,24337,469.9,1000,1000,1,1252249777,1,200,0.8
2026-10-06T10:05:40Z,24367,478.5,1000,1000,1,1253745372,1,200,1.3
2026-10-06T10:06:10Z,24397,460.5,1000,1000,1,1255382931,1,200,0.7
2026-10-06T10:06:40Z,24427,470.4,1000,1000,1,1257109354,1,200,1.2
2026-10-06T10:07:11Z,24457,470.2,1000,1000,1,1258951261,1,200,1.2
2026-10-06T10:07:40Z,24487,473.4,1000,1000,1,1260699325,1,200,0.8
2026-10-06T10:08:10Z,24517,479.6,1000,1000,1,1262379007,1,200,0.5
2026-10-06T10:08:41Z,24547,468.0,1000,1000,1,1264011062,1,200,0.9
2026-10-06T10:09:10Z,24577,476.9,1000,1000,1,1265481890,1,200,0.7
2026-10-06T10:09:40Z,24607,471.9,1000,1000,1,1267016620,1,200,0.8
2026-10-06T10:10:11Z,24637,464.1,1000,1000,1,1268604322,1,200,0.6
2026-10-06T10:10:40Z,24667,475.6,1000,1000,1,1270188990,1,200,0.8
2026-10-06T10:11:10Z,24697,477.4,1000,1000,1,1271799645,1,200,0.5
2026-10-06T10:11:41Z,24727,476.7,1000,1000,1,1273425309,1,200,1.0
2026-10-06T10:12:10Z,24757,474.2,1000,1000,1,1275076852,1,200,0.6
2026-10-06T10:12:40Z,24787,474.7,1000,1000,1,1276575658,1,200,1.0
2026-10-06T10:13:11Z,24817,475.5,1000,1000,1,1278168347,1,200,0.5
2026-10-06T10:13:40Z,24847,473.9,1000,1000,1,1279689110,1,200,0.5
2026-10-06T10:14:10Z,24877,477.5,1000,1000,1,1281223839,1,200,0.8
2026-10-06T10:14:41Z,24907,482.2,1000,1000,1,1282857472,1,200,0.5
2026-10-06T10:15:10Z,24937,469.2,1000,1000,1,1284377625,1,200,0.8
2026-10-06T10:15:40Z,24967,475.3,1000,1000,1,1285904983,1,200,0.6
2026-10-06T10:16:11Z,24997,477.1,1000,1000,1,1287481289,1,200,1.0
2026-10-06T10:16:40Z,25027,466.6,1000,1000,1,1289046771,1,200,0.4
2026-10-06T10:17:10Z,25057,475.8,1000,1000,1,1290600046,1,200,0.7
2026-10-06T10:17:40Z,25087,468.1,1000,1000,1,1292133880,1,200,0.4
2026-10-06T10:18:10Z,25117,470.9,1000,1000,1,1293702552,1,200,0.9
2026-10-06T10:18:41Z,25147,474.9,1000,1000,1,1295320200,1,200,0.5
2026-10-06T10:19:10Z,25177,484.9,1000,1000,1,1296859676,1,200,0.9
2026-10-06T10:19:40Z,25207,472.3,1000,1000,1,1298428663,1,200,0.5
2026-10-06T10:20:10Z,25237,473.2,1000,1000,1,1300047312,1,200,0.8
2026-10-06T10:20:40Z,25267,473.4,1000,1000,1,1301588078,1,200,0.6
2026-10-06T10:21:11Z,25297,482.6,1000,1000,1,1303176796,1,200,1.0
2026-10-06T10:21:40Z,25327,465.7,1000,1000,1,1304727682,1,200,0.6
2026-10-06T10:22:10Z,25357,465.3,1000,1000,1,1306334427,1,200,0.8
2026-10-06T10:22:41Z,25387,457.4,1000,1000,1,1307899239,1,200,0.5
2026-10-06T10:23:10Z,25417,469.9,1000,1000,1,1309448622,1,200,0.8
2026-10-06T10:23:40Z,25447,467.5,1000,1000,1,1312098348,1,200,0.6
2026-10-06T10:24:11Z,25477,473.5,1000,1000,1,1313756914,1,200,0.9
2026-10-06T10:24:40Z,25507,476.9,1000,1000,1,1315279872,1,200,0.7
2026-10-06T10:25:10Z,25537,471.5,1000,1000,1,1316782321,1,200,0.9
2026-10-06T10:25:41Z,25567,480.9,1000,1000,1,1318376981,1,200,0.5
2026-10-06T10:26:10Z,25597,478.9,1000,1000,1,1319859783,1,200,0.9
2026-10-06T10:26:40Z,25627,470.8,1000,1000,1,1321345576,1,200,0.6
2026-10-06T10:27:11Z,25657,473.5,1000,1000,1,1322884330,1,200,0.7
2026-10-06T10:27:40Z,25687,471.4,1000,1000,1,1324392811,1,200,0.6
2026-10-06T10:28:10Z,25717,481.0,1000,1000,1,1325923832,1,200,0.9
2026-10-06T10:28:40Z,25747,470.8,1000,1000,1,1327543508,1,200,0.4
2026-10-06T10:29:10Z,25777,463.4,1000,1000,1,1329071649,1,200,0.9
2026-10-06T10:29:41Z,25807,467.7,1000,1000,1,1330694806,1,200,0.5
2026-10-06T10:30:10Z,25837,473.8,1000,1000,1,1332199563,1,200,0.9
2026-10-06T10:30:40Z,25867,474.7,1000,1000,1,1333699336,1,200,1.1
2026-10-06T10:31:11Z,25897,470.0,1000,1000,1,1335240084,1,200,0.9
2026-10-06T10:31:40Z,25927,466.2,1000,1000,1,1336729728,1,200,0.5
2026-10-06T10:32:10Z,25957,480.9,1000,1000,1,1338239624,1,200,2.0
2026-10-06T10:32:40Z,25987,471.1,1000,1000,1,1339841305,1,200,0.5
2026-10-06T10:33:10Z,26017,465.1,1000,1000,1,1341358067,1,200,0.8
2026-10-06T10:33:41Z,26048,470.1,1000,1000,1,1342940735,1,200,0.6
2026-10-06T10:34:11Z,26078,472.7,1000,1000,1,1344500446,1,200,1.5
2026-10-06T10:34:41Z,26108,464.2,1000,1000,1,1345976264,1,200,0.5
2026-10-06T10:35:11Z,26138,472.3,1000,1000,1,1347482887,1,200,1.5
2026-10-06T10:35:41Z,26168,475.4,1000,1000,1,1349048718,1,200,0.5
2026-10-06T10:36:11Z,26198,468.3,1000,1000,1,1350530611,1,200,0.5
2026-10-06T10:36:42Z,26228,471.2,1000,1000,1,1352096204,1,200,1.0
2026-10-06T10:37:11Z,26258,475.2,1000,1000,1,1353573837,1,200,0.5
2026-10-06T10:37:41Z,26288,477.0,1000,1000,1,1355102481,1,200,0.9
2026-10-06T10:38:11Z,26318,472.7,1000,1000,1,1356622530,1,200,0.6
2026-10-06T10:38:41Z,26348,477.3,1000,1000,1,1358118697,1,200,0.8
2026-10-06T10:39:11Z,26378,464.5,1000,1000,1,1359627446,1,200,0.5
2026-10-06T10:39:41Z,26408,468.5,1000,1000,1,1361183797,1,200,0.8
2026-10-06T10:40:11Z,26438,468.2,1000,1000,1,1362670593,1,200,0.5
2026-10-06T10:40:41Z,26468,474.2,1000,1000,1,1364188363,1,200,0.8
2026-10-06T10:41:11Z,26498,464.5,1000,1000,1,1365748071,1,200,0.5
2026-10-06T10:41:41Z,26528,471.3,1000,1000,1,1367283783,1,200,0.9
2026-10-06T10:42:12Z,26558,465.9,1000,1000,1,1368845490,1,200,0.7
2026-10-06T10:42:41Z,26588,478.4,1000,1000,1,1370344269,1,200,1.2
2026-10-06T10:43:11Z,26618,474.8,1000,1000,1,1371850759,1,200,0.6
2026-10-06T10:43:42Z,26648,471.9,1000,1000,1,1373401757,1,200,1.7
2026-10-06T10:44:11Z,26678,474.8,1000,1000,1,1374904522,1,200,0.5
2026-10-06T10:44:41Z,26708,474.7,1000,1000,1,1376410712,1,200,1.1
2026-10-06T10:45:12Z,26738,470.4,1000,1000,1,1378013466,1,200,0.5
2026-10-06T10:45:41Z,26768,473.5,1000,1000,1,1379574581,1,200,0.8
2026-10-06T10:46:11Z,26798,463.1,1000,1000,1,1381156230,1,200,0.5
2026-10-06T10:46:42Z,26828,473.6,1000,1000,1,1382797604,1,200,0.9
2026-10-06T10:47:11Z,26858,466.2,1000,1000,1,1384381457,1,200,0.7
2026-10-06T10:47:41Z,26888,482.0,1000,1000,1,1385948129,1,200,0.9
2026-10-06T10:48:11Z,26918,464.9,1000,1000,1,1387495891,1,200,0.5
2026-10-06T10:48:41Z,26948,475.2,1000,1000,1,1389026604,1,200,0.8
2026-10-06T10:49:12Z,26978,467.3,1000,1000,1,1390562728,1,200,0.4
2026-10-06T10:49:41Z,27008,469.0,1000,1000,1,1392047660,1,200,1.0
2026-10-06T10:50:11Z,27038,476.0,1000,1000,1,1393521976,1,200,0.5
2026-10-06T10:50:42Z,27068,481.8,1000,1000,1,1395072715,1,200,1.2
2026-10-06T10:51:11Z,27098,471.5,1000,1000,1,1396660313,1,200,0.5
2026-10-06T10:51:41Z,27128,474.4,1000,1000,1,1398186053,1,200,1.7
2026-10-06T10:52:12Z,27158,480.9,1000,1000,1,1399730162,1,200,0.6
2026-10-06T10:52:41Z,27188,471.1,1000,1000,1,1401221228,1,200,0.8
2026-10-06T10:53:11Z,27218,463.6,1000,1000,1,1402720600,1,200,0.6
2026-10-06T10:53:42Z,27248,481.2,1000,1000,1,1405441980,1,200,0.8
2026-10-06T10:54:11Z,27278,480.7,1000,1000,1,1407144304,1,200,0.6
2026-10-06T10:54:41Z,27308,469.4,1000,1000,1,1408696977,1,200,0.9
2026-10-06T10:55:12Z,27338,470.1,1000,1000,1,1410350557,1,200,0.5
2026-10-06T10:55:41Z,27368,470.1,1000,1000,1,1411916625,1,200,1.0
2026-10-06T10:56:11Z,27398,482.7,1000,1000,1,1413475893,1,200,0.4
2026-10-06T10:56:42Z,27428,471.9,1000,1000,1,1415106909,1,200,1.9
2026-10-06T10:57:11Z,27458,471.3,1000,1000,1,1416595232,1,200,0.5
2026-10-06T10:57:41Z,27488,486.0,1000,1000,1,1418080980,1,200,0.5
2026-10-06T10:58:12Z,27518,482.4,1000,1000,1,1419716112,1,200,1.0
2026-10-06T10:58:41Z,27548,475.8,1000,1000,1,1421469796,1,200,0.7
2026-10-06T10:59:11Z,27578,479.6,1000,1000,1,1423138462,1,200,0.9
2026-10-06T10:59:42Z,27608,481.8,1000,1000,1,1424633223,1,200,0.5
2026-10-06T11:00:11Z,27638,482.0,1000,1000,1,1426131951,1,200,1.4
2026-10-06T11:00:41Z,27668,479.2,1000,1000,1,1427734572,1,200,0.6
2026-10-06T11:01:12Z,27698,469.9,1000,1000,1,1429434117,1,200,0.9
2026-10-06T11:01:41Z,27728,477.5,1000,1000,1,1431074950,1,200,0.5
2026-10-06T11:02:11Z,27758,477.6,1000,1000,1,1432660402,1,200,0.7
2026-10-06T11:02:41Z,27788,467.8,1000,1000,1,1434190128,1,200,0.5
2026-10-06T11:03:11Z,27818,480.9,1000,1000,1,1435701860,1,200,0.9
2026-10-06T11:03:42Z,27848,480.9,1000,1000,1,1437252556,1,200,0.5
2026-10-06T11:04:11Z,27878,462.3,1000,1000,1,1438715723,1,200,1.0
2026-10-06T11:04:41Z,27908,478.9,1000,1000,1,1440273031,1,200,0.6
2026-10-06T11:05:11Z,27938,468.1,1000,1000,1,1441838712,1,200,0.8
2026-10-06T11:05:41Z,27968,474.2,1000,1000,1,1443433320,1,200,0.8
2026-10-06T11:06:12Z,27999,470.3,1000,1000,1,1445116832,1,200,0.7
2026-10-06T11:06:42Z,28029,476.3,1000,1000,1,1446686525,1,200,0.5
2026-10-06T11:07:12Z,28059,475.6,1000,1000,1,1448228283,1,200,0.8
2026-10-06T11:07:43Z,28089,467.3,1000,1000,1,1449828928,1,200,1.7
2026-10-06T11:08:12Z,28119,472.7,1000,1000,1,1451505149,1,200,0.9
2026-10-06T11:08:42Z,28149,479.7,1000,1000,1,1453181844,1,200,0.5
2026-10-06T11:09:12Z,28179,474.1,1000,1000,1,1454884315,1,200,0.8
2026-10-06T11:09:42Z,28209,474.0,1000,1000,1,1456480929,1,200,0.7
2026-10-06T11:10:12Z,28239,477.4,1000,1000,1,1457959785,1,200,0.8
2026-10-06T11:10:42Z,28269,469.3,1000,1000,1,1459499387,1,200,0.5
2026-10-06T11:11:12Z,28299,475.7,1000,1000,1,1460992128,1,200,0.8
2026-10-06T11:11:43Z,28329,472.4,1000,1000,1,1462516845,1,200,0.6
2026-10-06T11:12:12Z,28359,467.8,1000,1000,1,1463992995,1,200,0.8
2026-10-06T11:12:42Z,28389,474.6,1000,1000,1,1465483347,1,200,0.5
2026-10-06T11:13:13Z,28419,471.7,1000,1000,1,1467013921,1,200,0.8
2026-10-06T11:13:42Z,28449,474.6,1000,1000,1,1468511785,1,200,0.5
2026-10-06T11:14:12Z,28479,476.1,1000,1000,1,1469979561,1,200,0.9
2026-10-06T11:14:42Z,28509,464.2,1000,1000,1,1471521242,1,200,0.7
2026-10-06T11:15:12Z,28539,472.2,1000,1000,1,1473000469,1,200,0.7
2026-10-06T11:15:43Z,28569,470.7,1000,1000,1,1474516741,1,200,0.5
2026-10-06T11:16:12Z,28599,480.4,1000,1000,1,1475983509,1,200,3.5
2026-10-06T11:16:42Z,28629,471.1,1000,1000,1,1477463262,1,200,0.5
2026-10-06T11:17:13Z,28659,479.4,1000,1000,1,1479030938,1,200,1.3
2026-10-06T11:17:42Z,28689,475.5,1000,1000,1,1480605596,1,200,0.6
2026-10-06T11:18:12Z,28719,474.9,1000,1000,1,1482178211,1,200,1.4
2026-10-06T11:18:43Z,28749,474.1,1000,1000,1,1483781189,1,200,0.6
2026-10-06T11:19:12Z,28779,468.2,1000,1000,1,1485248972,1,200,0.5
2026-10-06T11:19:42Z,28809,470.8,1000,1000,1,1486725047,1,200,0.8
2026-10-06T11:20:13Z,28839,466.2,1000,1000,1,1488239149,1,200,0.6
2026-10-06T11:20:42Z,28869,468.6,1000,1000,1,1489697924,1,200,0.9
2026-10-06T11:21:12Z,28899,479.4,1000,1000,1,1491171685,1,200,0.7
2026-10-06T11:21:43Z,28929,483.6,1000,1000,1,1492728422,1,200,0.9
2026-10-06T11:22:12Z,28959,472.5,1000,1000,1,1494188427,1,200,0.6
2026-10-06T11:22:42Z,28989,480.0,1000,1000,1,1495661118,1,200,1.0
2026-10-06T11:23:13Z,29019,486.2,1000,1000,1,1497192614,1,200,0.5
2026-10-06T11:23:43Z,29049,476.4,999,999,2,1498764202,2,200,1.7
2026-10-06T11:24:12Z,29079,480.2,999,999,2,1500233678,2,200,0.6
2026-10-06T11:24:42Z,29109,479.0,999,999,2,1501721326,2,200,1.0
2026-10-06T11:25:13Z,29139,476.8,999,999,2,1503254497,2,200,0.5
2026-10-06T11:25:43Z,29169,477.2,1000,1000,2,1506043128,2,200,0.6
2026-10-06T11:26:12Z,29199,477.5,1000,1000,2,1507793410,2,200,0.6
2026-10-06T11:26:42Z,29229,473.9,1000,1000,2,1509427231,2,200,1.8
2026-10-06T11:27:13Z,29259,469.9,1000,1000,2,1511060293,2,200,0.6
2026-10-06T11:27:42Z,29289,465.0,1000,1000,2,1512629187,2,200,1.2
2026-10-06T11:28:12Z,29319,477.2,1000,1000,2,1514151976,2,200,0.5
2026-10-06T11:28:43Z,29349,472.8,1000,1000,2,1515755323,2,200,0.7
2026-10-06T11:29:12Z,29379,469.3,1000,1000,2,1517239451,2,200,0.6
2026-10-06T11:29:42Z,29409,467.9,1000,1000,2,1518694310,2,200,1.1
2026-10-06T11:30:13Z,29439,472.1,1000,1000,2,1520216097,2,200,0.5
2026-10-06T11:30:42Z,29469,475.1,1000,1000,2,1521685925,2,200,1.2
2026-10-06T11:31:12Z,29499,481.7,1000,1000,2,1523200666,2,200,0.6
2026-10-06T11:31:42Z,29529,468.1,1000,1000,2,1524785448,2,200,0.8
2026-10-06T11:32:12Z,29559,471.8,1000,1000,2,1526236227,2,200,0.7
2026-10-06T11:32:43Z,29589,477.9,1000,1000,2,1527805932,2,200,5.4
2026-10-06T11:33:12Z,29619,464.1,1000,1000,2,1529304707,2,200,0.7
2026-10-06T11:33:42Z,29649,472.4,1000,1000,2,1530804499,2,200,1.0
2026-10-06T11:34:13Z,29679,473.5,1000,1000,2,1532348242,2,200,0.5
2026-10-06T11:34:42Z,29709,458.6,1000,1000,2,1533844024,2,200,0.9
2026-10-06T11:35:12Z,29739,477.7,1000,1000,2,1535310739,2,200,0.5
2026-10-06T11:35:43Z,29769,477.9,1000,1000,2,1536901544,2,200,2.6
2026-10-06T11:36:12Z,29799,480.1,1000,1000,2,1538461124,2,200,0.6
2026-10-06T11:36:42Z,29829,462.3,1000,1000,2,1540033342,2,200,0.9
2026-10-06T11:37:12Z,29859,465.6,1000,1000,2,1541760461,2,200,0.5
2026-10-06T11:37:42Z,29889,463.6,1000,1000,2,1543402053,2,200,1.0
2026-10-06T11:38:13Z,29919,469.6,1000,1000,2,1544986808,2,200,0.5
2026-10-06T11:38:42Z,29949,463.3,1000,1000,2,1546495626,2,200,1.1
2026-10-06T11:39:12Z,29979,468.0,1000,1000,2,1548056388,2,200,0.5
2026-10-06T11:39:43Z,30009,471.6,1000,1000,2,1549638220,2,200,1.2
2026-10-06T11:40:12Z,30039,462.7,1000,1000,2,1551159823,2,200,0.5
2026-10-06T11:40:42Z,30069,465.9,1000,1000,2,1552705475,2,200,0.7
2026-10-06T11:41:13Z,30099,469.3,1000,1000,2,1554299223,2,200,0.9
2026-10-06T11:41:42Z,30129,478.4,1000,1000,2,1555868972,2,200,0.5
2026-10-06T11:42:12Z,30159,472.3,1000,1000,2,1557447631,2,200,0.7
2026-10-06T11:42:43Z,30189,469.9,1000,1000,2,1559024371,2,200,0.6
2026-10-06T11:43:12Z,30219,476.9,1000,1000,2,1560543159,2,200,1.0
2026-10-06T11:43:42Z,30249,465.9,1000,1000,2,1562063929,2,200,0.5
2026-10-06T11:44:13Z,30279,469.0,1000,1000,2,1563670649,2,200,0.9
2026-10-06T11:44:42Z,30309,472.0,1000,1000,2,1565203336,2,200,0.6
2026-10-06T11:45:12Z,30339,463.1,1000,1000,2,1566780032,2,200,0.9
2026-10-06T11:45:43Z,30369,467.8,1000,1000,2,1568421648,2,200,1.0
2026-10-06T11:46:12Z,30399,472.7,1000,1000,2,1569921447,2,200,0.9
2026-10-06T11:46:42Z,30429,468.7,1000,1000,2,1571481434,2,200,0.6
2026-10-06T11:47:13Z,30459,470.0,1000,1000,2,1573034900,2,200,1.4
2026-10-06T11:47:42Z,30489,479.1,1000,1000,2,1574575621,2,200,0.5
2026-10-06T11:48:12Z,30519,466.7,1000,1000,2,1576100407,2,200,0.8
2026-10-06T11:48:42Z,30549,467.8,1000,1000,2,1577715069,2,200,1.4
2026-10-06T11:49:12Z,30579,461.7,1000,1000,2,1579253831,2,200,0.9
2026-10-06T11:49:43Z,30609,469.2,1000,1000,2,1580880486,2,200,0.6
2026-10-06T11:50:12Z,30639,466.6,1000,1000,2,1582391368,2,200,1.0
2026-10-06T11:50:42Z,30669,468.5,1000,1000,2,1583918421,2,200,0.5
2026-10-06T11:51:13Z,30699,470.2,1000,1000,2,1585512792,2,200,1.0
2026-10-06T11:51:42Z,30729,476.6,1000,1000,2,1587079482,2,200,0.6
2026-10-06T11:52:12Z,30759,476.2,1000,1000,2,1588600638,2,200,0.8
2026-10-06T11:52:42Z,30789,468.9,1000,1000,2,1590219923,2,200,0.5
2026-10-06T11:53:12Z,30819,471.2,1000,1000,2,1591765679,2,200,1.2
2026-10-06T11:53:43Z,30849,466.3,1000,1000,2,1593371374,2,200,0.6
2026-10-06T11:54:12Z,30879,468.2,1000,1000,2,1594888182,2,200,0.7
2026-10-06T11:54:42Z,30909,471.1,1000,1000,2,1596454281,2,200,0.8
2026-10-06T11:55:13Z,30939,478.0,1000,1000,2,1598048512,2,200,0.8
2026-10-06T11:55:43Z,30969,497.9,1000,1000,2,1600747524,2,200,703.7
2026-10-06T11:56:12Z,30999,477.4,1000,1000,2,1602339663,2,200,0.8
2026-10-06T11:56:43Z,31029,464.9,1000,1000,2,1603921399,2,200,1.4
2026-10-06T11:57:12Z,31059,460.0,1000,1000,2,1605463168,2,200,1.0
2026-10-06T11:57:42Z,31089,468.7,1000,1000,2,1606995929,2,200,0.5
2026-10-06T11:58:13Z,31119,467.0,1000,1000,2,1608542701,2,200,0.9
2026-10-06T11:58:42Z,31149,465.9,1000,1000,2,1610054175,2,200,0.5
2026-10-06T11:59:12Z,31179,469.2,1000,1000,2,1611543501,2,200,1.1
2026-10-06T11:59:42Z,31209,465.2,1000,1000,2,1613061078,2,200,0.5
2026-10-06T12:00:12Z,31239,477.2,1000,1000,2,1614538825,2,200,1.3
2026-10-06T12:00:42Z,31269,475.4,1000,1000,2,1616031008,2,200,0.5
2026-10-06T12:01:12Z,31299,463.6,1000,1000,2,1617561449,2,200,1.1
2026-10-06T12:01:42Z,31329,473.0,1000,1000,2,1619025293,2,200,0.8
2026-10-06T12:02:13Z,31359,467.3,1000,1000,2,1620535798,2,200,0.5
2026-10-06T12:02:42Z,31389,471.4,1000,1000,2,1622005924,2,200,0.7
2026-10-06T12:03:12Z,31419,462.5,1000,1000,2,1623470762,2,200,0.6
2026-10-06T12:03:42Z,31449,462.2,1000,1000,2,1625000203,2,200,0.8
2026-10-06T12:04:12Z,31479,465.5,1000,1000,2,1626460389,2,200,0.5
2026-10-06T12:04:43Z,31509,470.6,1000,1000,2,1628019123,2,200,2.5
2026-10-06T12:05:12Z,31539,463.6,1000,1000,2,1629534856,2,200,0.5
2026-10-06T12:05:42Z,31569,470.2,1000,1000,2,1631059615,2,200,0.8
2026-10-06T12:06:13Z,31599,470.7,1000,1000,2,1632594371,2,200,0.6
2026-10-06T12:06:42Z,31629,463.1,1000,1000,2,1634068189,2,200,0.8
2026-10-06T12:07:12Z,31659,463.6,1000,1000,2,1635548991,2,200,0.5
2026-10-06T12:07:42Z,31689,466.7,1000,1000,2,1637064792,2,200,0.8
2026-10-06T12:08:12Z,31719,464.5,1000,1000,2,1638525643,2,200,0.5
2026-10-06T12:08:43Z,31749,477.9,1000,1000,2,1640073282,2,200,0.8
2026-10-06T12:09:12Z,31779,473.7,1000,1000,2,1641547212,2,200,0.5
2026-10-06T12:09:42Z,31809,478.8,1000,1000,2,1643044841,2,200,0.7
2026-10-06T12:10:13Z,31839,467.2,1000,1000,2,1644576779,2,200,0.5
2026-10-06T12:10:42Z,31869,463.8,1000,1000,2,1646077551,2,200,0.9
2026-10-06T12:11:12Z,31899,469.1,1000,1000,2,1647554370,2,200,0.5
2026-10-06T12:11:43Z,31929,465.4,1000,1000,2,1649073208,2,200,0.8
2026-10-06T12:12:12Z,31959,461.0,1000,1000,2,1650544990,2,200,0.5
2026-10-06T12:12:42Z,31989,467.2,1000,1000,2,1652003842,2,200,4.5
2026-10-06T12:13:12Z,32019,469.1,1000,1000,2,1653533607,2,200,0.5
2026-10-06T12:13:42Z,32049,467.3,1000,1000,2,1655012442,2,200,0.8
2026-10-06T12:14:13Z,32079,471.1,1000,1000,2,1656535225,2,200,1.1
2026-10-06T12:14:42Z,32109,470.7,1000,1000,2,1658055965,2,200,0.9
2026-10-06T12:15:12Z,32139,463.2,1000,1000,2,1659539765,2,200,0.5
2026-10-06T12:15:43Z,32169,467.0,1000,1000,2,1661077538,2,200,1.1
2026-10-06T12:16:12Z,32199,469.7,1000,1000,2,1662538381,2,200,0.7
2026-10-06T12:16:42Z,32229,462.9,1000,1000,2,1664003213,2,200,0.8
2026-10-06T12:17:12Z,32259,461.0,1000,1000,2,1665524998,2,200,0.8
2026-10-06T12:17:42Z,32289,459.3,1000,1000,2,1666998115,2,200,0.8
2026-10-06T12:18:13Z,32319,465.6,1000,1000,2,1668510629,2,200,0.7
2026-10-06T12:18:42Z,32349,467.5,1000,1000,2,1669966489,2,200,1.0
2026-10-06T12:19:12Z,32379,481.3,1000,1000,2,1671472243,2,200,1.2
2026-10-06T12:19:43Z,32409,469.5,1000,1000,2,1673002144,2,200,1.0
2026-10-06T12:20:12Z,32439,469.9,1000,1000,2,1674446339,2,200,0.5
2026-10-06T12:20:42Z,32469,466.2,1000,1000,2,1675921733,2,200,0.9
2026-10-06T12:21:13Z,32499,468.9,1000,1000,2,1677454498,2,200,0.5
2026-10-06T12:21:42Z,32529,469.2,1000,1000,2,1678942881,2,200,1.3
2026-10-06T12:22:12Z,32559,478.6,1000,1000,2,1680417099,2,200,0.4
2026-10-06T12:22:42Z,32589,459.2,1000,1000,2,1681954859,2,200,1.4
2026-10-06T12:23:12Z,32619,462.0,1000,1000,2,1683429678,2,200,0.5
2026-10-06T12:23:42Z,32649,467.5,1000,1000,2,1684888535,2,200,0.8
2026-10-06T12:24:12Z,32679,468.9,1000,1000,2,1686407326,2,200,1.3
2026-10-06T12:24:42Z,32709,463.2,1000,1000,2,1687911121,2,200,0.9
2026-10-06T12:25:13Z,32739,466.4,1000,1000,2,1689472852,2,200,0.8
2026-10-06T12:25:42Z,32769,464.8,1000,1000,2,1691038545,2,200,1.1
2026-10-06T12:26:12Z,32799,471.4,1000,1000,2,1693784959,2,200,1.0
2026-10-06T12:26:43Z,32829,470.6,1000,1000,2,1695323732,2,200,0.6
2026-10-06T12:27:12Z,32859,471.5,1000,1000,2,1696775472,2,200,0.9
2026-10-06T12:27:42Z,32889,467.8,1000,1000,2,1698240063,2,200,0.5
2026-10-06T12:28:13Z,32919,469.1,1000,1000,2,1699767907,2,200,0.8
2026-10-06T12:28:42Z,32949,464.7,1000,1000,2,1701187715,2,200,0.5
2026-10-06T12:29:12Z,32979,470.5,1000,1000,2,1702735368,2,200,0.8
2026-10-06T12:29:43Z,33009,470.2,1000,1000,2,1704255067,2,200,0.5
2026-10-06T12:30:12Z,33039,471.6,1000,1000,2,1705709837,2,200,0.9
2026-10-06T12:30:42Z,33069,468.3,1000,1000,2,1707139624,2,200,2.3
2026-10-06T12:31:13Z,33099,471.6,1000,1000,2,1708665319,2,200,1.1
2026-10-06T12:31:42Z,33129,481.2,1000,1000,2,1710084139,2,200,0.6
2026-10-06T12:32:12Z,33159,465.2,1000,1000,2,1711514973,2,200,0.8
2026-10-06T12:32:42Z,33189,464.6,1000,1000,2,1713034661,2,200,0.6
2026-10-06T12:33:12Z,33219,483.4,1000,1000,2,1714493454,2,200,1.0
2026-10-06T12:33:42Z,33249,463.9,1000,1000,2,1716043109,2,200,0.5
2026-10-06T12:34:12Z,33279,475.0,1000,1000,2,1717610745,2,200,0.8
2026-10-06T12:34:42Z,33309,473.7,1000,1000,2,1719210309,2,200,0.6
2026-10-06T12:35:13Z,33340,468.4,1000,1000,2,1720693048,2,200,0.9
2026-10-06T12:35:43Z,33370,463.2,1000,1000,2,1722155793,2,200,0.5
2026-10-06T12:36:13Z,33400,464.3,1000,1000,2,1723701461,2,200,0.8
2026-10-06T12:36:44Z,33430,466.4,1000,1000,2,1725333045,2,200,1.3
2026-10-06T12:37:13Z,33460,463.3,1000,1000,2,1726930672,2,200,0.9
2026-10-06T12:37:43Z,33490,465.4,1000,1000,2,1728342484,2,200,0.5
2026-10-06T12:38:14Z,33520,470.3,1000,1000,2,1729777816,2,200,0.8
2026-10-06T12:38:43Z,33550,466.2,1000,1000,2,1731149124,2,200,0.5
2026-10-06T12:39:13Z,33580,478.9,1000,1000,2,1732581923,2,200,0.9
2026-10-06T12:39:44Z,33610,471.9,1000,1000,2,1734039814,2,200,0.9
2026-10-06T12:40:13Z,33640,465.5,1000,1000,2,1735456554,2,200,0.7
2026-10-06T12:40:43Z,33670,470.2,1000,1000,2,1736895300,2,200,0.6
2026-10-06T12:41:14Z,33700,473.8,1000,1000,2,1738411018,2,200,0.9
2026-10-06T12:41:43Z,33730,467.7,1000,1000,2,1739812531,2,200,3.2
2026-10-06T12:42:13Z,33760,465.4,1000,1000,2,1741215643,2,200,0.9
2026-10-06T12:42:44Z,33790,470.0,1000,1000,2,1742702387,2,200,0.5
2026-10-06T12:43:13Z,33820,472.5,1000,1000,2,1744140156,2,200,1.0
2026-10-06T12:43:43Z,33850,467.3,1000,1000,2,1745634891,2,200,0.5
2026-10-06T12:44:13Z,33880,462.7,1000,1000,2,1747138559,2,200,1.1
2026-10-06T12:44:43Z,33910,467.9,1000,1000,2,1748647303,2,200,1.0
2026-10-06T12:45:14Z,33940,468.7,1000,1000,2,1750325514,2,200,1.0
2026-10-06T12:45:43Z,33970,466.7,1000,1000,2,1751836529,2,200,0.8
2026-10-06T12:46:13Z,34000,465.4,1000,1000,2,1753372196,2,200,0.4
2026-10-06T12:46:44Z,34030,464.9,1000,1000,2,1754875182,2,200,0.8
2026-10-06T12:47:13Z,34060,475.9,1000,1000,2,1756285428,2,200,0.5
2026-10-06T12:47:43Z,34090,472.5,1000,1000,2,1757691552,2,200,0.8
2026-10-06T12:48:14Z,34120,462.8,1000,1000,2,1759389018,2,200,0.6
2026-10-06T12:48:43Z,34150,466.7,1000,1000,2,1761034496,2,200,0.9
2026-10-06T12:49:13Z,34180,472.0,1000,1000,2,1762603115,2,200,0.5
2026-10-06T12:49:44Z,34210,479.1,1000,1000,2,1764063877,2,200,0.9
2026-10-06T12:50:13Z,34240,481.7,1000,1000,2,1765512723,2,200,0.5
2026-10-06T12:50:43Z,34270,468.5,1000,1000,2,1766957437,2,200,1.0
2026-10-06T12:51:13Z,34300,472.9,1000,1000,2,1768435169,2,200,1.0
2026-10-06T12:51:43Z,34330,466.8,1000,1000,2,1769857020,2,200,0.7
2026-10-06T12:52:13Z,34360,473.9,1000,1000,2,1771291833,2,200,2.4
2026-10-06T12:52:43Z,34390,463.8,1000,1000,2,1772821530,2,200,0.9
2026-10-06T12:53:13Z,34420,467.9,1000,1000,2,1774274304,2,200,0.8
2026-10-06T12:53:44Z,34450,480.1,1000,1000,2,1775929814,2,200,0.9
2026-10-06T12:54:13Z,34480,468.7,1000,1000,2,1777534400,2,200,0.6
2026-10-06T12:54:43Z,34510,465.7,1000,1000,2,1779065145,2,200,1.3
2026-10-06T12:55:14Z,34540,467.6,1000,1000,2,1780670462,2,200,0.6
2026-10-06T12:55:43Z,34570,465.2,1000,1000,2,1782240524,2,200,0.9
2026-10-06T12:56:13Z,34600,459.6,1000,1000,2,1785028015,2,200,0.6
2026-10-06T12:56:44Z,34630,473.1,1000,1000,2,1786814991,2,200,1.0
2026-10-06T12:57:13Z,34660,475.1,1000,1000,2,1788337899,2,200,0.5
2026-10-06T12:57:43Z,34690,475.7,1000,1000,2,1789886585,2,200,0.9
2026-10-06T12:58:13Z,34720,455.8,1000,1000,2,1791441618,2,200,0.5
2026-10-06T12:58:43Z,34750,472.6,1000,1000,2,1792961985,2,200,0.9
2026-10-06T12:59:14Z,34780,473.4,1000,1000,2,1794543643,2,200,0.6
2026-10-06T12:59:43Z,34810,462.3,1000,1000,2,1796095782,2,200,0.7
2026-10-06T13:00:13Z,34840,464.7,1000,1000,2,1797661480,2,200,0.7
2026-10-06T13:00:44Z,34870,472.2,1000,1000,2,1799248647,2,200,0.9
2026-10-06T13:01:13Z,34900,471.2,1000,1000,2,1800778763,2,200,0.5
2026-10-06T13:01:43Z,34930,468.1,1000,1000,2,1802325038,2,200,0.8
2026-10-06T13:02:14Z,34960,473.1,1000,1000,2,1803898707,2,200,0.5
2026-10-06T13:02:43Z,34990,473.1,1000,1000,2,1805421565,2,200,1.0
2026-10-06T13:03:13Z,35020,472.8,1000,1000,2,1807053449,2,200,0.5
2026-10-06T13:03:43Z,35050,465.5,1000,1000,2,1808633660,2,200,1.1
2026-10-06T13:04:13Z,35080,471.2,1000,1000,2,1810158368,2,200,0.5
2026-10-06T13:04:44Z,35110,454.7,1000,1000,2,1811754999,2,200,1.3
2026-10-06T13:05:13Z,35140,465.6,1000,1000,2,1813313689,2,200,0.8
2026-10-06T13:05:43Z,35170,450.9,1000,1000,2,1814875359,2,200,1.0
2026-10-06T13:06:14Z,35200,470.7,1000,1000,2,1816425033,2,200,0.5
2026-10-06T13:06:43Z,35230,481.2,1000,1000,2,1818063574,2,200,1.0
2026-10-06T13:07:13Z,35260,467.4,1000,1000,2,1819663179,2,200,1.5
2026-10-06T13:07:44Z,35290,479.0,1000,1000,2,1821469596,2,200,0.7
2026-10-06T13:08:13Z,35320,469.0,1000,1000,2,1823031106,2,200,0.8
2026-10-06T13:08:43Z,35350,469.0,1000,1000,2,1824549939,2,200,0.5
2026-10-06T13:09:13Z,35380,459.0,1000,1000,2,1826131545,2,200,1.2
2026-10-06T13:09:43Z,35410,469.8,1000,1000,2,1827642269,2,200,0.5
2026-10-06T13:10:13Z,35440,480.2,1000,1000,2,1829181962,2,200,0.7
2026-10-06T13:10:43Z,35470,465.6,1000,1000,2,1830821535,2,200,0.6
2026-10-06T13:11:13Z,35500,466.1,1000,1000,2,1832332258,2,200,1.2
2026-10-06T13:11:44Z,35531,478.9,1000,1000,2,1833896936,2,200,0.6
2026-10-06T13:12:14Z,35561,460.9,1000,1000,2,1835481593,2,200,1.2
2026-10-06T13:12:44Z,35591,466.5,1000,1000,2,1837014295,2,200,0.7
2026-10-06T13:13:15Z,35621,469.9,1000,1000,2,1838672869,2,200,2.0
2026-10-06T13:13:44Z,35651,466.2,1000,1000,2,1840218558,2,200,0.6
2026-10-06T13:14:14Z,35681,473.2,1000,1000,2,1841738272,2,200,0.9
2026-10-06T13:14:45Z,35711,467.8,1000,1000,2,1843312940,2,200,2.4
2026-10-06T13:15:14Z,35741,466.3,1000,1000,2,1844851635,2,200,0.9
2026-10-06T13:15:44Z,35771,480.0,1000,1000,2,1846452277,2,200,0.4
2026-10-06T13:16:15Z,35801,475.5,1000,1000,2,1848113108,2,200,0.8
2026-10-06T13:16:44Z,35831,469.0,1000,1000,2,1849699611,2,200,0.5
2026-10-06T13:17:14Z,35861,472.3,1000,1000,2,1851268843,2,200,0.8
2026-10-06T13:17:45Z,35891,475.6,1000,1000,2,1852955888,2,200,0.4
2026-10-06T13:18:14Z,35921,463.4,1000,1000,2,1854480747,2,200,0.9
2026-10-06T13:18:44Z,35951,470.2,1000,1000,2,1856019080,2,200,0.5
2026-10-06T13:19:14Z,35981,464.1,1000,1000,2,1857616293,2,200,0.8
2026-10-06T13:19:44Z,36011,462.5,1000,1000,2,1859183039,2,200,0.5
2026-10-06T13:20:14Z,36041,461.2,1000,1000,2,1860666949,2,200,0.8
2026-10-06T13:20:44Z,36071,465.2,1000,1000,2,1862230838,2,200,0.6
2026-10-06T13:21:14Z,36101,459.9,1000,1000,2,1863748120,2,200,0.8
2026-10-06T13:21:45Z,36131,468.6,1000,1000,2,1865306431,2,200,0.5
2026-10-06T13:22:14Z,36161,468.4,1000,1000,2,1866806003,2,200,0.7
2026-10-06T13:22:44Z,36191,471.0,1000,1000,2,1868321159,2,200,0.5
2026-10-06T13:23:15Z,36221,472.3,1000,1000,2,1869912921,2,200,0.8
2026-10-06T13:23:44Z,36251,470.1,1000,1000,2,1871404976,2,200,0.5
2026-10-06T13:24:14Z,36281,475.3,1000,1000,2,1872901693,2,200,1.0
2026-10-06T13:24:44Z,36311,464.7,1000,1000,2,1874489583,2,200,0.5
2026-10-06T13:25:14Z,36341,463.9,1000,1000,2,1876133964,2,200,1.7
2026-10-06T13:25:45Z,36371,473.9,1000,1000,2,1877741769,2,200,0.7
2026-10-06T13:26:14Z,36401,464.1,1000,1000,2,1880370008,2,200,0.8
2026-10-06T13:26:44Z,36431,475.7,1000,1000,2,1881917085,2,200,0.5
2026-10-06T13:27:15Z,36461,480.3,1000,1000,2,1883389850,2,200,1.0
2026-10-06T13:27:44Z,36491,472.0,1000,1000,2,1884906543,2,200,0.6
2026-10-06T13:28:14Z,36521,466.7,1000,1000,2,1886329362,2,200,1.4
2026-10-06T13:28:45Z,36551,472.5,1000,1000,2,1887771146,2,200,0.5
2026-10-06T13:29:14Z,36581,467.1,1000,1000,2,1889173984,2,200,1.3
2026-10-06T13:29:44Z,36611,483.8,1000,1000,2,1890578771,2,200,0.8
2026-10-06T13:30:15Z,36641,478.6,1000,1000,2,1892061496,2,200,0.7
2026-10-06T13:30:44Z,36671,475.2,1000,1000,2,1893450352,2,200,0.9
2026-10-06T13:31:14Z,36701,475.6,1000,1000,2,1894878087,2,200,0.5
2026-10-06T13:31:45Z,36731,474.8,1000,1000,2,1896292897,2,200,7.0
2026-10-06T13:32:14Z,36761,472.5,1000,1000,2,1897733247,2,200,0.8
2026-10-06T13:32:44Z,36791,470.2,1000,1000,2,1899217463,2,200,0.8
2026-10-06T13:33:14Z,36821,460.0,1000,1000,2,1900688233,2,200,0.5
2026-10-06T13:33:44Z,36851,463.1,1000,1000,2,1902130018,2,200,0.7
2026-10-06T13:34:15Z,36881,473.0,1000,1000,2,1903609762,2,200,0.4
2026-10-06T13:34:44Z,36911,466.8,1000,1000,2,1905019608,2,200,1.2
2026-10-06T13:35:14Z,36941,467.3,1000,1000,2,1906426434,2,200,0.5
2026-10-06T13:35:45Z,36971,475.3,1000,1000,2,1907895374,2,200,0.9
2026-10-06T13:36:14Z,37001,457.7,1000,1000,2,1909430948,2,200,0.5
2026-10-06T13:36:44Z,37031,476.1,1000,1000,2,1911048483,2,200,1.4
2026-10-06T13:37:15Z,37061,469.7,1000,1000,2,1912749940,2,200,0.5
2026-10-06T13:37:44Z,37091,462.4,1000,1000,2,1914366433,2,200,1.1
2026-10-06T13:38:14Z,37121,470.5,1000,1000,2,1915927122,2,200,0.7
2026-10-06T13:38:45Z,37151,466.6,1000,1000,2,1917496733,2,200,0.8
2026-10-06T13:39:14Z,37181,473.9,1000,1000,2,1918976476,2,200,0.5
2026-10-06T13:39:44Z,37211,460.9,1000,1000,2,1920500210,2,200,0.9
2026-10-06T13:40:15Z,37241,460.8,1000,1000,2,1922027923,2,200,0.5
2026-10-06T13:40:44Z,37271,472.4,1000,1000,2,1923534646,2,200,0.7
2026-10-06T13:41:14Z,37301,470.7,1000,1000,2,1925043383,2,200,0.5
2026-10-06T13:41:44Z,37331,474.2,1000,1000,2,1926577054,2,200,0.9
2026-10-06T13:42:14Z,37361,475.5,1000,1000,2,1928088742,2,200,0.6
2026-10-06T13:42:44Z,37391,469.7,1000,1000,2,1929604417,2,200,0.8
2026-10-06T13:43:14Z,37421,463.4,1000,1000,2,1931150074,2,200,0.6
2026-10-06T13:43:44Z,37451,470.0,1000,1000,2,1932647170,2,200,0.9
2026-10-06T13:44:15Z,37481,461.8,1000,1000,2,1934152442,2,200,0.6
2026-10-06T13:44:44Z,37511,468.1,1000,1000,2,1935635179,2,200,0.9
2026-10-06T13:45:14Z,37541,469.8,1000,1000,2,1937101895,2,200,0.5
2026-10-06T13:45:45Z,37571,468.0,1000,1000,2,1938636542,2,200,0.7
2026-10-06T13:46:14Z,37601,473.1,1000,1000,2,1940082308,2,200,0.5
2026-10-06T13:46:44Z,37631,468.9,1000,1000,2,1941547041,2,200,1.2
2026-10-06T13:47:15Z,37661,471.9,1000,1000,2,1943070708,2,200,0.7
2026-10-06T13:47:44Z,37691,466.7,1000,1000,2,1944572361,2,200,0.8
2026-10-06T13:48:14Z,37721,465.2,1000,1000,2,1946132010,2,200,0.6
2026-10-06T13:48:45Z,37751,469.1,1000,1000,2,1947688249,2,200,1.0
2026-10-06T13:49:14Z,37781,468.7,1000,1000,2,1949130382,2,200,0.6
2026-10-06T13:49:44Z,37811,465.6,1000,1000,2,1950599101,2,200,2.2
2026-10-06T13:50:15Z,37841,465.4,1000,1000,2,1952126084,2,200,0.9
2026-10-06T13:50:44Z,37871,476.5,1000,1000,2,1953685367,2,200,0.7
2026-10-06T13:51:14Z,37901,466.3,1000,1000,2,1955311934,2,200,1.0
2026-10-06T13:51:44Z,37931,470.5,1000,1000,2,1956950490,2,200,0.6
2026-10-06T13:52:14Z,37961,476.2,1000,1000,2,1958616458,2,200,0.9
2026-10-06T13:52:44Z,37991,476.7,1000,1000,2,1960163549,2,200,0.7
2026-10-06T13:53:14Z,38021,469.9,1000,1000,2,1961698764,2,200,1.1
2026-10-06T13:53:44Z,38051,470.3,1000,1000,2,1963238320,2,200,1.7
2026-10-06T13:54:15Z,38081,475.0,1000,1000,2,1964793894,2,200,1.0
2026-10-06T13:54:44Z,38111,471.7,1000,1000,2,1966328832,2,200,0.5
2026-10-06T13:55:14Z,38141,481.4,1000,1000,2,1967835561,2,200,0.9
2026-10-06T13:55:45Z,38171,476.3,1000,1000,2,1969409391,2,200,0.5
2026-10-06T13:56:14Z,38201,475.4,1000,1000,2,1972062977,2,200,0.9
2026-10-06T13:56:44Z,38231,469.6,1000,1000,2,1973782402,2,200,0.5
2026-10-06T13:57:15Z,38261,474.3,1000,1000,2,1975269162,2,200,0.9
2026-10-06T13:57:44Z,38291,475.0,1000,1000,2,1976712986,2,200,0.5
2026-10-06T13:58:14Z,38321,479.7,1000,1000,2,1978121972,2,200,1.0
2026-10-06T13:58:45Z,38351,470.4,1000,1000,2,1979572623,2,200,0.5
2026-10-06T13:59:14Z,38381,471.4,1000,1000,2,1981011434,2,200,3.2
2026-10-06T13:59:44Z,38411,471.5,1000,1000,2,1982444250,2,200,1.1
2026-10-06T14:00:15Z,38441,475.6,1000,1000,2,1984072817,2,200,1.0
2026-10-06T14:00:44Z,38471,472.0,1000,1000,2,1985543669,2,200,0.5
2026-10-06T14:01:14Z,38501,472.6,1000,1000,2,1987044412,2,200,1.5
2026-10-06T14:01:45Z,38531,473.9,1000,1000,2,1988527545,2,200,0.6
2026-10-06T14:02:14Z,38561,474.2,1000,1000,2,1989972003,2,200,0.7
2026-10-06T14:02:44Z,38591,467.7,1000,1000,2,1991417809,2,200,0.5
2026-10-06T14:03:15Z,38621,475.2,1000,1000,2,1992936250,2,200,0.9
2026-10-06T14:03:44Z,38651,467.9,1000,1000,2,1994378348,2,200,0.8
2026-10-06T14:04:14Z,38681,468.0,1000,1000,2,1995855105,2,200,0.9
2026-10-06T14:04:44Z,38711,460.3,1000,1000,2,1997434045,2,200,0.5
2026-10-06T14:05:14Z,38741,473.2,1000,1000,2,1998938497,2,200,0.8
2026-10-06T14:05:44Z,38771,473.7,1000,1000,2,2000479589,2,200,2.0
2026-10-06T14:06:14Z,38801,466.5,1000,1000,2,2002060317,2,200,0.8
2026-10-06T14:06:44Z,38831,465.6,1000,1000,2,2003595550,2,200,0.4
2026-10-06T14:07:15Z,38861,475.0,1000,1000,2,2005182709,2,200,0.8
2026-10-06T14:07:44Z,38891,473.5,1000,1000,2,2006726894,2,200,0.5
2026-10-06T14:08:14Z,38921,484.4,1000,1000,2,2008241490,2,200,4.2
2026-10-06T14:08:45Z,38951,470.4,1000,1000,2,2009832272,2,200,0.6
2026-10-06T14:09:14Z,38981,473.3,1000,1000,2,2011303045,2,200,0.8
2026-10-06T14:09:44Z,39011,472.5,1000,1000,2,2012720867,2,200,0.5
2026-10-06T14:10:15Z,39041,475.7,1000,1000,2,2014255634,2,200,0.9
2026-10-06T14:10:44Z,39071,471.6,1000,1000,2,2015766073,2,200,0.7
2026-10-06T14:11:14Z,39101,471.8,1000,1000,2,2017399545,2,200,0.5
2026-10-06T14:11:44Z,39131,465.2,1000,1000,2,2018931642,2,200,1.4
2026-10-06T14:12:14Z,39161,470.5,1000,1000,2,2020373456,2,200,2.4
2026-10-06T14:12:44Z,39191,476.4,1000,1000,2,2021904164,2,200,0.7
2026-10-06T14:13:14Z,39221,461.8,1000,1000,2,2023566699,2,200,0.6
2026-10-06T14:13:44Z,39251,468.5,1000,1000,2,2025179971,2,200,0.9
2026-10-06T14:14:15Z,39281,479.5,1000,1000,2,2026663081,2,200,0.5
2026-10-06T14:14:44Z,39311,474.3,1000,1000,2,2028099768,2,200,0.9
2026-10-06T14:15:14Z,39341,478.2,1000,1000,2,2029579843,2,200,0.6
2026-10-06T14:15:44Z,39371,463.5,1000,1000,2,2031176303,2,200,1.1
2026-10-06T14:16:14Z,39401,468.0,1000,1000,2,2032581146,2,200,0.5
2026-10-06T14:16:45Z,39431,474.2,1000,1000,2,2034214872,2,200,1.0
2026-10-06T14:17:14Z,39461,474.5,1000,1000,2,2035851254,2,200,0.5
2026-10-06T14:17:44Z,39491,471.2,1000,1000,2,2037354979,2,200,0.8
2026-10-06T14:18:15Z,39521,462.2,1000,1000,2,2039085437,2,200,2.7
2026-10-06T14:18:44Z,39551,472.3,1000,1000,2,2040586894,2,200,1.0
2026-10-06T14:19:14Z,39581,466.3,1000,1000,2,2042154582,2,200,0.5
2026-10-06T14:19:45Z,39611,473.8,1000,1000,2,2043712445,2,200,1.0
2026-10-06T14:20:14Z,39641,470.4,1000,1000,2,2045231093,2,200,0.6
2026-10-06T14:20:44Z,39671,482.1,1000,1000,2,2046862145,2,200,0.9
2026-10-06T14:21:15Z,39701,472.3,1000,1000,2,2048443411,2,200,0.6
2026-10-06T14:21:44Z,39731,465.7,1000,1000,2,2049890227,2,200,1.4
2026-10-06T14:22:14Z,39761,471.0,1000,1000,2,2051293057,2,200,0.5
2026-10-06T14:22:45Z,39791,470.1,1000,1000,2,2052771837,2,200,1.6
2026-10-06T14:23:14Z,39821,464.9,1000,1000,2,2054243640,2,200,1.5
2026-10-06T14:23:44Z,39851,467.8,1000,1000,2,2055818293,2,200,1.1
2026-10-06T14:24:14Z,39881,461.4,1000,1000,2,2057406842,2,200,0.6
2026-10-06T14:24:44Z,39911,475.5,1000,1000,2,2059101492,2,200,0.9
2026-10-06T14:25:15Z,39941,472.3,1000,1000,2,2060657540,2,200,0.5
2026-10-06T14:25:44Z,39971,467.6,1000,1000,2,2062229736,2,200,0.8
2026-10-06T14:26:14Z,40001,500.4,1000,1000,2,2064906277,2,200,4.5
2026-10-06T14:26:45Z,40031,469.5,1000,1000,2,2066651702,2,200,1.0
2026-10-06T14:27:14Z,40061,464.1,1000,1000,2,2068170447,2,200,0.7
2026-10-06T14:27:44Z,40091,478.0,1000,1000,2,2069647209,2,200,0.7
2026-10-06T14:28:15Z,40121,466.1,1000,1000,2,2071140002,2,200,0.6
2026-10-06T14:28:44Z,40151,467.0,1000,1000,2,2072590800,2,200,1.0
2026-10-06T14:29:14Z,40181,473.0,1000,1000,2,2074084605,2,200,0.5
2026-10-06T14:29:44Z,40211,466.2,1000,1000,2,2075611253,2,200,0.7
2026-10-06T14:30:14Z,40241,479.5,1000,1000,2,2077073055,2,200,1.5
2026-10-06T14:30:44Z,40271,467.7,1000,1000,2,2078525871,2,200,1.6
2026-10-06T14:31:14Z,40301,465.7,1000,1000,2,2080026607,2,200,0.5
2026-10-06T14:31:44Z,40331,463.7,1000,1000,2,2081513387,2,200,0.8
2026-10-06T14:32:15Z,40361,461.7,1000,1000,2,2083065077,2,200,0.5
2026-10-06T14:32:44Z,40391,467.3,1000,1000,2,2084553855,2,200,0.6
2026-10-06T14:33:14Z,40421,472.8,1000,1000,2,2086020656,2,200,0.8
2026-10-06T14:33:45Z,40451,471.4,1000,1000,2,2087549420,2,200,0.5
2026-10-06T14:34:14Z,40481,471.1,1000,1000,2,2089052150,2,200,1.0
2026-10-06T14:34:44Z,40511,466.1,1000,1000,2,2090538932,2,200,0.5
2026-10-06T14:35:15Z,40541,473.7,1000,1000,2,2092103089,2,200,0.8
2026-10-06T14:35:44Z,40571,469.2,1000,1000,2,2093584445,2,200,0.5
2026-10-06T14:36:14Z,40601,473.5,1000,1000,2,2095063202,2,200,0.8
2026-10-06T14:36:45Z,40631,456.8,1000,1000,2,2096539000,2,200,0.5
2026-10-06T14:37:14Z,40661,469.7,1000,1000,2,2098004791,2,200,0.7
2026-10-06T14:37:44Z,40691,475.0,1000,1000,2,2099517527,2,200,0.5
2026-10-06T14:38:15Z,40721,465.1,1000,1000,2,2101043280,2,200,1.1
2026-10-06T14:38:44Z,40751,470.2,1000,1000,2,2102554025,2,200,0.9
2026-10-06T14:39:14Z,40781,465.1,1000,1000,2,2104072724,2,200,2.4
2026-10-06T14:39:44Z,40811,468.8,1000,1000,2,2105584234,2,200,0.5
2026-10-06T14:40:14Z,40841,467.7,1000,1000,2,2107052205,2,200,0.7
2026-10-06T14:40:44Z,40871,463.7,1000,1000,2,2108520232,2,200,0.5
2026-10-06T14:41:14Z,40901,461.1,1000,1000,2,2110037876,2,200,0.8
2026-10-06T14:41:44Z,40931,470.6,1000,1000,2,2111471692,2,200,0.5
2026-10-06T14:42:15Z,40961,472.2,1000,1000,2,2112965473,2,200,0.8
2026-10-06T14:42:44Z,40991,475.7,1000,1000,2,2114422903,2,200,0.5
2026-10-06T14:43:14Z,41021,468.5,1000,1000,2,2115892934,2,200,7.6
2026-10-06T14:43:45Z,41051,473.9,1000,1000,2,2117416830,2,200,3.3
2026-10-06T14:44:14Z,41081,470.2,1000,1000,2,2118911584,2,200,0.8
2026-10-06T14:44:44Z,41111,470.4,1000,1000,2,2120421314,2,200,0.5
2026-10-06T14:45:15Z,41141,470.4,1000,1000,2,2121966823,2,200,0.8
2026-10-06T14:45:44Z,41171,467.4,1000,1000,2,2123470741,2,200,0.6
2026-10-06T14:46:14Z,41201,470.8,1000,1000,2,2124928036,2,200,0.9
2026-10-06T14:46:44Z,41231,466.6,1000,1000,2,2126414351,2,200,0.5
2026-10-06T14:47:14Z,41261,466.6,1000,1000,2,2127956083,2,200,0.9
2026-10-06T14:47:45Z,41291,468.7,1000,1000,2,2129624677,2,200,0.8
2026-10-06T14:48:14Z,41321,465.6,1000,1000,2,2131227389,2,200,0.8
2026-10-06T14:48:44Z,41351,468.7,1000,1000,2,2132961756,2,200,0.9
2026-10-06T14:49:15Z,41381,476.6,1000,1000,2,2134532453,2,200,1.2
2026-10-06T14:49:44Z,41411,460.8,1000,1000,2,2135937285,2,200,0.6
2026-10-06T14:50:14Z,41441,467.7,1000,1000,2,2137515968,2,200,6.3
2026-10-06T14:50:45Z,41471,461.4,1000,1000,2,2139093565,2,200,0.6
2026-10-06T14:51:14Z,41501,464.5,1000,1000,2,2140594001,2,200,0.8
2026-10-06T14:51:44Z,41531,468.1,1000,1000,2,2142178957,2,200,0.5
2026-10-06T14:52:14Z,41561,471.7,1000,1000,2,2143703630,2,200,1.0
2026-10-06T14:52:44Z,41591,467.7,1000,1000,2,2145283273,2,200,0.5
2026-10-06T14:53:15Z,41621,470.8,1000,1000,2,2146840962,2,200,0.9
2026-10-06T14:53:44Z,41651,459.2,1000,1000,2,2148332731,2,200,0.7
2026-10-06T14:54:14Z,41681,472.5,1000,1000,2,2149853438,2,200,0.5
2026-10-06T14:54:45Z,41711,461.5,1000,1000,2,2151363274,2,200,0.9
2026-10-06T14:55:14Z,41741,468.1,1000,1000,2,2152793399,2,200,0.6
2026-10-06T14:55:44Z,41771,462.0,1000,1000,2,2154329716,2,200,0.8
2026-10-06T14:56:14Z,41801,459.2,1000,1000,2,2155920584,2,200,0.5
2026-10-06T14:56:44Z,41831,463.7,1000,1000,2,2158682747,2,200,2.3
2026-10-06T14:57:14Z,41861,469.2,1000,1000,2,2160193402,2,200,0.6
2026-10-06T14:57:45Z,41891,451.5,1000,1000,2,2161793416,2,200,1.8
2026-10-06T14:58:14Z,41921,465.3,1000,1000,2,2163310693,2,200,0.7
2026-10-06T14:58:44Z,41951,472.3,1000,1000,2,2164845272,2,200,2.0
2026-10-06T14:59:14Z,41981,460.0,1000,1000,2,2166439967,2,200,0.6
2026-10-06T14:59:44Z,42011,463.1,1000,1000,2,2167971415,2,200,0.9
2026-10-06T15:00:14Z,42041,467.6,1000,1000,2,2169520265,2,200,0.5
2026-10-06T15:00:44Z,42071,463.8,1000,1000,2,2171042017,2,200,0.9
2026-10-06T15:01:14Z,42101,472.5,1000,1000,2,2172468847,2,200,0.5
2026-10-06T15:01:45Z,42131,461.5,1000,1000,2,2174130439,2,200,0.9
2026-10-06T15:02:14Z,42161,469.4,1000,1000,2,2175749963,2,200,0.5
2026-10-06T15:02:44Z,42191,475.9,1000,1000,2,2177342587,2,200,3.7
2026-10-06T15:03:14Z,42221,467.9,1000,1000,2,2178961201,2,200,0.6
2026-10-06T15:03:44Z,42251,466.0,1000,1000,2,2180385021,2,200,1.1
2026-10-06T15:04:15Z,42281,471.4,1000,1000,2,2182108476,2,200,1.5
2026-10-06T15:04:44Z,42311,469.3,1000,1000,2,2183587257,2,200,0.9
2026-10-06T15:05:14Z,42341,460.7,1000,1000,2,2184992102,2,200,0.5
2026-10-06T15:05:45Z,42371,467.9,1000,1000,2,2186522831,2,200,0.9
2026-10-06T15:06:14Z,42401,468.2,1000,1000,2,2187945659,2,200,0.6
2026-10-06T15:06:44Z,42431,464.0,1000,1000,2,2189438436,2,200,0.9
2026-10-06T15:07:15Z,42461,469.5,1000,1000,2,2191220685,2,200,0.5
2026-10-06T15:07:44Z,42491,468.3,1000,1000,2,2192906230,2,200,0.9
2026-10-06T15:08:14Z,42521,475.1,1000,1000,2,2194344112,2,200,0.5
2026-10-06T15:08:44Z,42551,464.3,1000,1000,2,2195831876,2,200,0.9
2026-10-06T15:09:14Z,42581,459.8,1000,1000,2,2197326650,2,200,0.5
2026-10-06T15:09:44Z,42611,468.2,1000,1000,2,2198866356,2,200,1.4
2026-10-06T15:10:14Z,42641,468.0,1000,1000,2,2200332148,2,200,0.5
2026-10-06T15:10:44Z,42671,469.9,1000,1000,2,2201878861,2,200,0.8
2026-10-06T15:11:15Z,42701,468.8,1000,1000,2,2203603570,2,200,2.0
2026-10-06T15:11:44Z,42731,460.7,1000,1000,2,2205250838,2,200,0.9
2026-10-06T15:12:14Z,42761,463.3,1000,1000,2,2206776550,2,200,1.4
2026-10-06T15:12:45Z,42791,471.6,1000,1000,2,2208442109,2,200,0.6
2026-10-06T15:13:14Z,42821,461.2,1000,1000,2,2209957827,2,200,0.9
2026-10-06T15:13:44Z,42851,463.8,1000,1000,2,2211401523,2,200,0.4
2026-10-06T15:14:14Z,42881,473.3,1000,1000,2,2213047609,2,200,0.8
2026-10-06T15:14:44Z,42911,463.5,1000,1000,2,2214641820,2,200,0.7
2026-10-06T15:15:14Z,42941,467.1,1000,1000,2,2216139964,2,200,0.9
2026-10-06T15:15:44Z,42971,458.4,1000,1000,2,2217811344,2,200,1.4
2026-10-06T15:16:14Z,43001,478.6,1000,1000,2,2219240951,2,200,0.8
2026-10-06T15:16:45Z,43031,466.0,1000,1000,2,2220803624,2,200,0.7
2026-10-06T15:17:14Z,43061,480.5,1000,1000,2,2222322337,2,200,0.9
2026-10-06T15:17:44Z,43091,467.3,1000,1000,2,2223786141,2,200,1.7
2026-10-06T15:18:15Z,43121,476.2,1000,1000,2,2225499676,2,200,1.3
2026-10-06T15:18:44Z,43151,463.0,1000,1000,2,2227141175,2,200,0.5
2026-10-06T15:19:14Z,43181,472.1,1000,1000,2,2228897504,2,200,0.9
2026-10-06T15:19:44Z,43211,466.6,1000,1000,2,2230437213,2,200,0.4
2026-10-06T15:20:14Z,43241,476.9,1000,1000,2,2231874025,2,200,1.0
2026-10-06T15:20:45Z,43271,481.9,1000,1000,2,2233355967,2,200,0.6
2026-10-06T15:21:14Z,43301,474.3,1000,1000,2,2234980818,2,200,0.8
2026-10-06T15:21:44Z,43331,465.5,1000,1000,2,2236685336,2,200,0.6
2026-10-06T15:22:15Z,43361,465.0,1000,1000,2,2238301406,2,200,0.8
2026-10-06T15:22:44Z,43391,462.6,1000,1000,2,2239994178,2,200,0.5
2026-10-06T15:23:14Z,43421,468.3,1000,1000,2,2241585789,2,200,1.0
2026-10-06T15:23:45Z,43451,475.2,1000,1000,2,2243194245,2,200,2.1
2026-10-06T15:24:14Z,43481,463.5,1000,1000,2,2244629126,2,200,6.7
2026-10-06T15:24:44Z,43511,473.9,1000,1000,2,2246170843,2,200,1.4
2026-10-06T15:25:15Z,43541,468.3,1000,1000,2,2247638790,2,200,0.8
2026-10-06T15:25:44Z,43571,460.6,1000,1000,2,2249086002,2,200,0.5
2026-10-06T15:26:14Z,43601,475.1,1000,1000,2,2250526489,2,200,0.7
2026-10-06T15:26:44Z,43631,471.0,999,999,3,2251962298,3,200,0.5
2026-10-06T15:27:14Z,43661,463.7,999,999,3,2253470496,3,200,0.9
2026-10-06T15:27:44Z,43691,466.6,999,999,3,2254860182,3,200,0.6
2026-10-06T15:28:14Z,43721,480.6,999,999,3,2256313716,3,200,1.2
2026-10-06T15:28:44Z,43751,473.2,1000,1000,3,2259024681,3,200,0.5
2026-10-06T15:29:14Z,43781,467.2,1000,1000,3,2260572378,3,200,0.8
2026-10-06T15:29:44Z,43811,476.1,1000,1000,3,2262034154,3,200,2.7
2026-10-06T15:30:15Z,43841,472.9,1000,1000,3,2263580869,3,200,0.9
2026-10-06T15:30:44Z,43871,468.4,1000,1000,3,2265069635,3,200,0.5
2026-10-06T15:31:14Z,43901,476.8,1000,1000,3,2266502752,3,200,1.0
2026-10-06T15:31:44Z,43931,462.3,1000,1000,3,2268037253,3,200,0.6
2026-10-06T15:32:14Z,43961,460.0,1000,1000,3,2269465135,3,200,0.8
2026-10-06T15:32:44Z,43991,471.6,1000,1000,3,2270953969,3,200,0.5
2026-10-06T15:33:14Z,44021,473.0,1000,1000,3,2272453679,3,200,2.9
2026-10-06T15:33:44Z,44051,475.0,1000,1000,3,2273875568,3,200,0.9
2026-10-06T15:34:15Z,44081,472.9,1000,1000,3,2275394336,3,200,0.5
2026-10-06T15:34:44Z,44111,472.5,1000,1000,3,2276853165,3,200,2.4
2026-10-06T15:35:14Z,44141,478.2,1000,1000,3,2278336009,3,200,0.5
2026-10-06T15:35:45Z,44171,475.2,1000,1000,3,2279816789,3,200,2.7
2026-10-06T15:36:14Z,44201,466.4,1000,1000,3,2281212710,3,200,0.8
2026-10-06T15:36:44Z,44231,469.0,1000,1000,3,2282711455,3,200,0.8
2026-10-06T15:37:14Z,44261,465.1,1000,1000,3,2284188298,3,200,0.5
2026-10-06T15:37:44Z,44291,471.0,1000,1000,3,2285656124,3,200,0.8
2026-10-06T15:38:15Z,44321,478.5,1000,1000,3,2287135908,3,200,0.5
2026-10-06T15:38:44Z,44351,465.3,1000,1000,3,2288603860,3,200,1.6
2026-10-06T15:39:14Z,44381,473.3,1000,1000,3,2290108468,3,200,0.7
2026-10-06T15:39:44Z,44411,467.3,1000,1000,3,2291625241,3,200,1.0
2026-10-06T15:40:14Z,44441,476.6,1000,1000,3,2293062595,3,200,0.4
2026-10-06T15:40:44Z,44471,479.7,1000,1000,3,2294479053,3,200,0.8
2026-10-06T15:41:14Z,44501,459.1,1000,1000,3,2295989537,3,200,0.5
2026-10-06T15:41:44Z,44531,476.3,1000,1000,3,2297443566,3,200,0.8
2026-10-06T15:42:15Z,44561,472.2,1000,1000,3,2298893417,3,200,2.3
2026-10-06T15:42:44Z,44591,480.0,1000,1000,3,2300271312,3,200,0.9
2026-10-06T15:43:14Z,44621,474.9,1000,1000,3,2301662557,3,200,0.5
2026-10-06T15:43:44Z,44651,472.1,1000,1000,3,2303134208,3,200,0.9
2026-10-06T15:44:14Z,44681,472.4,1000,1000,3,2304570040,3,200,0.5
2026-10-06T15:44:45Z,44711,475.4,1000,1000,3,2306050779,3,200,0.9
2026-10-06T15:45:14Z,44741,462.8,1000,1000,3,2307488238,3,200,0.4
2026-10-06T15:45:44Z,44771,467.0,1000,1000,3,2308972019,3,200,1.0
2026-10-06T15:46:15Z,44801,480.2,1000,1000,3,2310485231,3,200,0.6
2026-10-06T15:46:44Z,44831,471.4,1000,1000,3,2311927068,3,200,1.0
2026-10-06T15:47:14Z,44861,478.2,1000,1000,3,2313369915,3,200,0.5
2026-10-06T15:47:44Z,44891,462.9,1000,1000,3,2314982509,3,200,0.8
2026-10-06T15:48:14Z,44921,478.1,1000,1000,3,2316415415,3,200,0.6
2026-10-06T15:48:45Z,44951,473.6,1000,1000,3,2317907365,3,200,0.9
2026-10-06T15:49:14Z,44981,474.1,1000,1000,3,2319313060,3,200,0.5
2026-10-06T15:49:44Z,45011,460.0,1000,1000,3,2320738691,3,200,1.0
2026-10-06T15:50:14Z,45041,469.1,1000,1000,3,2322202165,3,200,0.5
2026-10-06T15:50:44Z,45071,473.0,1000,1000,3,2323600855,3,200,0.8
2026-10-06T15:51:15Z,45101,475.6,1000,1000,3,2325068714,3,200,0.5
2026-10-06T15:51:44Z,45131,483.2,1000,1000,3,2326482610,3,200,1.0
2026-10-06T15:52:14Z,45161,471.5,1000,1000,3,2327905960,3,200,0.5
2026-10-06T15:52:44Z,45191,467.8,1000,1000,3,2329422213,3,200,0.8
2026-10-06T15:53:14Z,45221,468.3,1000,1000,3,2330875983,3,200,0.6
2026-10-06T15:53:45Z,45251,482.9,1000,1000,3,2332311428,3,200,0.8
2026-10-06T15:54:14Z,45281,471.5,1000,1000,3,2333728799,3,200,0.5
2026-10-06T15:54:44Z,45311,477.5,1000,1000,3,2335130522,3,200,2.4
2026-10-06T15:55:15Z,45341,475.6,1000,1000,3,2336571355,3,200,0.6
2026-10-06T15:55:44Z,45371,461.6,1000,1000,3,2337974205,3,200,0.5
2026-10-06T15:56:14Z,45401,467.8,1000,1000,3,2339394053,3,200,0.9
2026-10-06T15:56:44Z,45431,470.7,1000,1000,3,2340839882,3,200,0.5
2026-10-06T15:57:14Z,45461,469.4,1000,1000,3,2342206795,3,200,1.1
2026-10-06T15:57:45Z,45491,477.9,1000,1000,3,2343647619,3,200,0.7
2026-10-06T15:58:14Z,45521,473.1,1000,1000,3,2345032149,3,200,1.1
2026-10-06T15:58:44Z,45551,470.7,1000,1000,3,2347588236,3,200,1.9
2026-10-06T15:59:15Z,45581,474.5,1000,1000,3,2349157863,3,200,1.0
2026-10-06T15:59:44Z,45611,477.8,1000,1000,3,2350683414,3,200,0.5
2026-10-06T16:00:14Z,45641,470.6,1000,1000,3,2352191224,3,200,0.8
2026-10-06T16:00:45Z,45671,481.6,1000,1000,3,2353785889,3,200,0.6
2026-10-06T16:01:14Z,45701,479.0,1000,1000,3,2355335630,3,200,1.1
2026-10-06T16:01:44Z,45731,477.2,1000,1000,3,2356859206,3,200,0.5
2026-10-06T16:02:15Z,45761,476.4,1000,1000,3,2358471105,3,200,0.8
2026-10-06T16:02:44Z,45791,474.3,1000,1000,3,2360026661,3,200,0.5
2026-10-06T16:03:14Z,45821,477.2,1000,1000,3,2361554290,3,200,0.8
2026-10-06T16:03:44Z,45851,466.2,1000,1000,3,2363145989,3,200,0.5
2026-10-06T16:04:14Z,45881,475.2,1000,1000,3,2364697671,3,200,1.2
2026-10-06T16:04:45Z,45911,477.6,1000,1000,3,2366303283,3,200,0.5
2026-10-06T16:05:14Z,45941,470.1,1000,1000,3,2367844332,3,200,1.4
2026-10-06T16:05:44Z,45971,472.2,1000,1000,3,2369359698,3,200,0.8
2026-10-06T16:06:15Z,46001,477.2,1000,1000,3,2370938041,3,200,1.0
2026-10-06T16:06:44Z,46031,472.9,1000,1000,3,2372456076,3,200,0.6
2026-10-06T16:07:14Z,46061,475.6,1000,1000,3,2373993771,3,200,0.8
2026-10-06T16:07:45Z,46091,469.3,1000,1000,3,2375578350,3,200,0.5
2026-10-06T16:08:14Z,46121,480.8,1000,1000,3,2377096298,3,200,1.0
2026-10-06T16:08:44Z,46151,478.8,1000,1000,3,2378582893,3,200,0.5
2026-10-06T16:09:14Z,46181,476.7,1000,1000,3,2380229466,3,200,0.8
2026-10-06T16:09:44Z,46211,474.6,1000,1000,3,2381733197,3,200,0.8
2026-10-06T16:10:14Z,46241,473.2,1000,1000,3,2383259904,3,200,0.7
2026-10-06T16:10:44Z,46271,466.9,1000,1000,3,2384818588,3,200,0.7
2026-10-06T16:11:14Z,46301,483.3,1000,1000,3,2386363277,3,200,0.8
2026-10-06T16:11:45Z,46331,473.4,1000,1000,3,2387953107,3,200,0.6
2026-10-06T16:12:14Z,46361,478.1,1000,1000,3,2389489626,3,200,1.0
2026-10-06T16:12:44Z,46391,472.6,1000,1000,3,2390993357,3,200,8.5
2026-10-06T16:13:15Z,46421,473.6,1000,1000,3,2392602863,3,200,0.9
2026-10-06T16:13:44Z,46451,464.0,1000,1000,3,2394129677,3,200,1.0
2026-10-06T16:14:14Z,46481,481.7,1000,1000,3,2395618422,3,200,1.1
2026-10-06T16:14:45Z,46511,467.5,1000,1000,3,2397165119,3,200,5.8
2026-10-06T16:15:14Z,46541,474.1,1000,1000,3,2398682835,3,200,0.8
2026-10-06T16:15:44Z,46571,461.8,1000,1000,3,2400232831,3,200,0.5
2026-10-06T16:16:14Z,46601,458.1,1000,1000,3,2401780212,3,200,2.1
2026-10-06T16:16:44Z,46631,474.8,1000,1000,3,2403330895,3,200,0.9
2026-10-06T16:17:15Z,46661,471.3,1000,1000,3,2404912796,3,200,0.6
2026-10-06T16:17:44Z,46691,478.0,1000,1000,3,2406466231,3,200,1.0
2026-10-06T16:18:14Z,46721,474.3,1000,1000,3,2407973957,3,200,0.6
2026-10-06T16:18:45Z,46751,477.9,1000,1000,3,2409542631,3,200,0.8
2026-10-06T16:19:14Z,46781,477.7,1000,1000,3,2411051356,3,200,0.5
2026-10-06T16:19:44Z,46811,468.4,1000,1000,3,2412595012,3,200,1.0
2026-10-06T16:20:15Z,46841,475.1,1000,1000,3,2414356408,3,200,0.5
2026-10-06T16:20:44Z,46871,475.7,1000,1000,3,2416104404,3,200,3.1
2026-10-06T16:21:14Z,46901,475.3,1000,1000,3,2417818651,3,200,0.5
2026-10-06T16:21:45Z,46931,472.4,1000,1000,3,2419510221,3,200,1.0
2026-10-06T16:22:14Z,46961,476.7,1000,1000,3,2421054438,3,200,0.5
2026-10-06T16:22:44Z,46991,481.3,1000,1000,3,2422745912,3,200,0.9
2026-10-06T16:23:15Z,47021,478.2,1000,1000,3,2424328568,3,200,0.6
2026-10-06T16:23:44Z,47051,480.7,1000,1000,3,2425859272,3,200,0.8
2026-10-06T16:24:14Z,47081,475.5,1000,1000,3,2427387026,3,200,0.6
2026-10-06T16:24:44Z,47111,460.2,1000,1000,3,2428955651,3,200,0.9
2026-10-06T16:25:14Z,47141,475.1,1000,1000,3,2430456379,3,200,0.5
2026-10-06T16:25:44Z,47171,474.9,1000,1000,3,2431975091,3,200,0.9
2026-10-06T16:26:14Z,47201,465.4,1000,1000,3,2433507800,3,200,0.5
2026-10-06T16:26:44Z,47231,481.2,1000,1000,3,2435030511,3,200,0.8
2026-10-06T16:27:15Z,47261,478.2,1000,1000,3,2436607195,3,200,0.5
2026-10-06T16:27:44Z,47291,477.3,1000,1000,3,2438136193,3,200,0.8
2026-10-06T16:28:14Z,47321,468.7,1000,1000,3,2439677299,3,200,0.6
2026-10-06T16:28:45Z,47351,474.6,1000,1000,3,2442379642,3,200,3.7
2026-10-06T16:29:14Z,47381,452.4,1000,1000,3,2443937754,3,200,0.5
2026-10-06T16:29:44Z,47411,476.3,1000,1000,3,2445539357,3,200,0.8
2026-10-06T16:30:15Z,47441,464.6,1000,1000,3,2447153980,3,200,1.0
2026-10-06T16:30:44Z,47471,473.5,1000,1000,3,2448719641,3,200,0.9
2026-10-06T16:31:14Z,47501,477.8,1000,1000,3,2450235359,3,200,0.6
2026-10-06T16:31:45Z,47531,470.1,1000,1000,3,2451801036,3,200,0.9
2026-10-06T16:32:14Z,47561,471.6,1000,1000,3,2453320894,3,200,0.5
2026-10-06T16:32:44Z,47591,477.0,1000,1000,3,2454872431,3,200,0.9
2026-10-06T16:33:14Z,47621,472.0,1000,1000,3,2456456397,3,200,0.7
2026-10-06T16:33:44Z,47651,477.6,1000,1000,3,2457965833,3,200,1.6
2026-10-06T16:34:15Z,47681,471.7,1000,1000,3,2459523492,3,200,0.9
2026-10-06T16:34:44Z,47711,466.5,1000,1000,3,2461060188,3,200,0.8
2026-10-06T16:35:14Z,47741,477.8,1000,1000,3,2462641112,3,200,0.5
2026-10-06T16:35:45Z,47771,466.0,1000,1000,3,2464241474,3,200,4.8
2026-10-06T16:36:14Z,47801,481.4,1000,1000,3,2465746203,3,200,0.5
2026-10-06T16:36:44Z,47831,472.3,1000,1000,3,2467259386,3,200,1.2
2026-10-06T16:37:15Z,47861,483.3,1000,1000,3,2468829596,3,200,0.6
2026-10-06T16:37:44Z,47891,474.7,1000,1000,3,2470349311,3,200,1.6
2026-10-06T16:38:14Z,47921,475.9,1000,1000,3,2471857036,3,200,2.5
2026-10-06T16:38:44Z,47951,467.4,1000,1000,3,2473488435,3,200,0.9
2026-10-06T16:39:14Z,47981,472.1,1000,1000,3,2474996358,3,200,0.8
2026-10-06T16:39:44Z,48011,472.6,1000,1000,3,2476592984,3,200,0.6
2026-10-06T16:40:14Z,48041,470.6,1000,1000,3,2478197715,3,200,1.0
2026-10-06T16:40:44Z,48071,475.0,1000,1000,3,2479755446,3,200,0.5
2026-10-06T16:41:15Z,48101,475.6,1000,1000,3,2481349945,3,200,0.8
2026-10-06T16:41:44Z,48131,458.8,1000,1000,3,2482854639,3,200,0.5
2026-10-06T16:42:14Z,48161,463.1,1000,1000,3,2484383375,3,200,0.7
2026-10-06T16:42:44Z,48191,465.0,1000,1000,3,2485958043,3,200,0.4
2026-10-06T16:43:14Z,48221,473.5,1000,1000,3,2487444468,3,200,1.0
2026-10-06T16:43:45Z,48251,474.6,1000,1000,3,2489020561,3,200,0.5
2026-10-06T16:44:14Z,48281,473.0,1000,1000,3,2490576124,3,200,0.8
2026-10-06T16:44:44Z,48311,477.4,1000,1000,3,2492156072,3,200,0.4
2026-10-06T16:45:15Z,48341,477.4,1000,1000,3,2493820787,3,200,0.9
2026-10-06T16:45:44Z,48371,481.0,1000,1000,3,2495414641,3,200,0.7
2026-10-06T16:46:14Z,48401,478.1,1000,1000,3,2496934743,3,200,6.0
2026-10-06T16:46:45Z,48431,476.0,1000,1000,3,2498542409,3,200,0.5
2026-10-06T16:47:14Z,48461,471.5,1000,1000,3,2500084160,3,200,1.0
2026-10-06T16:47:44Z,48491,466.4,1000,1000,3,2501666713,3,200,1.5
2026-10-06T16:48:14Z,48521,461.5,1000,1000,3,2503297497,3,200,0.9
2026-10-06T16:48:44Z,48551,472.0,1000,1000,3,2504871198,3,200,0.5
2026-10-06T16:49:14Z,48581,475.6,1000,1000,3,2506550703,3,200,0.9
2026-10-06T16:49:44Z,48611,463.5,1000,1000,3,2508100470,3,200,0.7
2026-10-06T16:50:14Z,48641,471.1,1000,1000,3,2509576316,3,200,0.8
2026-10-06T16:50:45Z,48672,476.7,1000,1000,3,2511255828,3,200,1.5
2026-10-06T16:51:15Z,48702,469.3,1000,1000,3,2512825471,3,200,0.8
2026-10-06T16:51:45Z,48732,474.0,1000,1000,3,2514373233,3,200,0.5
2026-10-06T16:52:16Z,48762,474.1,1000,1000,3,2515884242,3,200,0.9
2026-10-06T16:52:45Z,48792,463.0,1000,1000,3,2517448716,3,200,0.4
2026-10-06T16:53:15Z,48822,467.1,1000,1000,3,2518948490,3,200,0.7
2026-10-06T16:53:45Z,48852,466.6,1000,1000,3,2520481258,3,200,0.7
2026-10-06T16:54:15Z,48882,470.9,1000,1000,3,2521954073,3,200,0.8
2026-10-06T16:54:46Z,48912,482.9,1000,1000,3,2523493829,3,200,0.5
2026-10-06T16:55:15Z,48942,464.3,1000,1000,3,2525096437,3,200,0.8
2026-10-06T16:55:45Z,48972,465.0,1000,1000,3,2526663138,3,200,0.4
2026-10-06T16:56:16Z,49002,458.8,1000,1000,3,2528346694,3,200,0.9
2026-10-06T16:56:45Z,49032,469.1,1000,1000,3,2529977301,3,200,0.5
2026-10-06T16:57:15Z,49062,478.5,1000,1000,3,2531560664,3,200,0.8
2026-10-06T16:57:45Z,49092,465.4,1000,1000,3,2533119739,3,200,0.6
2026-10-06T16:58:15Z,49122,473.2,1000,1000,3,2534637520,3,200,0.9
2026-10-06T16:58:45Z,49152,501.3,1000,1000,3,2537227021,3,200,0.7
2026-10-06T16:59:15Z,49182,465.9,1000,1000,3,2538937015,3,200,1.5
2026-10-06T16:59:45Z,49212,476.4,1000,1000,3,2540608026,3,200,0.6
2026-10-06T17:00:16Z,49242,476.1,1000,1000,3,2542311804,3,200,0.6
2026-10-06T17:00:45Z,49272,470.8,1000,1000,3,2543860388,3,200,0.7
2026-10-06T17:01:15Z,49302,470.9,1000,1000,3,2545430264,3,200,0.5
2026-10-06T17:01:46Z,49332,474.5,1000,1000,3,2547018972,3,200,0.8
2026-10-06T17:02:15Z,49362,472.3,1000,1000,3,2548584606,3,200,0.5
2026-10-06T17:02:45Z,49392,476.5,1000,1000,3,2550066419,3,200,0.9
2026-10-06T17:03:15Z,49422,461.5,1000,1000,3,2551612201,3,200,0.5
2026-10-06T17:03:45Z,49452,477.4,1000,1000,3,2553141948,3,200,0.8
2026-10-06T17:04:16Z,49482,471.9,1000,1000,3,2554726034,3,200,0.4
2026-10-06T17:04:45Z,49512,461.0,1000,1000,3,2556262382,3,200,0.8
2026-10-06T17:05:15Z,49542,477.6,1000,1000,3,2557818548,3,200,0.4
2026-10-06T17:05:46Z,49572,475.6,1000,1000,3,2559387730,3,200,0.8
2026-10-06T17:06:15Z,49602,463.5,1000,1000,3,2560901875,3,200,0.6
2026-10-06T17:06:45Z,49632,474.5,1000,1000,3,2562470164,3,200,0.8
2026-10-06T17:07:15Z,49662,461.1,1000,1000,3,2564095821,3,200,0.5
2026-10-06T17:07:45Z,49692,479.2,1000,1000,3,2565633555,3,200,1.0
2026-10-06T17:08:15Z,49722,479.5,1000,1000,3,2567193167,3,200,0.5
2026-10-06T17:08:45Z,49752,464.3,1000,1000,3,2568809907,3,200,0.8
2026-10-06T17:09:15Z,49782,463.2,1000,1000,3,2570415533,3,200,0.6
2026-10-06T17:09:46Z,49812,469.1,1000,1000,3,2572054549,3,200,0.8
2026-10-06T17:10:15Z,49842,475.9,1000,1000,3,2573581428,3,200,0.4
2026-10-06T17:10:45Z,49872,478.2,1000,1000,3,2575171540,3,200,0.8
2026-10-06T17:11:16Z,49902,468.8,1000,1000,3,2576781219,3,200,0.6
2026-10-06T17:11:45Z,49932,473.0,1000,1000,3,2578349911,3,200,1.8
2026-10-06T17:12:15Z,49962,472.6,1000,1000,3,2579893674,3,200,0.7
2026-10-06T17:12:45Z,49992,467.6,1000,1000,3,2581416105,3,200,0.8
2026-10-06T17:13:15Z,50022,474.1,1000,1000,3,2582936775,3,200,0.5
2026-10-06T17:13:46Z,50052,474.3,1000,1000,3,2584529940,3,200,0.8
2026-10-06T17:14:15Z,50082,451.6,1000,1000,3,2586009742,3,200,0.5
2026-10-06T17:14:45Z,50112,475.8,1000,1000,3,2587491551,3,200,0.8
2026-10-06T17:15:16Z,50142,473.6,1000,1000,3,2589103559,3,200,0.5
2026-10-06T17:15:45Z,50172,473.0,1000,1000,3,2590659878,3,200,1.0
2026-10-06T17:16:15Z,50202,475.0,1000,1000,3,2592202682,3,200,0.4
2026-10-06T17:16:46Z,50232,475.7,1000,1000,3,2593789281,3,200,1.0
2026-10-06T17:17:15Z,50262,479.2,1000,1000,3,2595297128,3,200,0.5
2026-10-06T17:17:45Z,50292,467.0,1000,1000,3,2596933705,3,200,0.9
2026-10-06T17:18:15Z,50322,461.0,1000,1000,3,2598633208,3,200,0.4
2026-10-06T17:18:45Z,50352,475.7,1000,1000,3,2600148667,3,200,0.8
2026-10-06T17:19:16Z,50382,483.4,1000,1000,3,2601672739,3,200,0.8
2026-10-06T17:19:45Z,50412,466.8,1000,1000,3,2603203453,3,200,1.1
2026-10-06T17:20:15Z,50442,465.0,1000,1000,3,2604672280,3,200,0.5
2026-10-06T17:20:46Z,50472,478.7,1000,1000,3,2606281910,3,200,1.1
2026-10-06T17:21:15Z,50502,476.0,1000,1000,3,2607737768,3,200,0.5
2026-10-06T17:21:45Z,50532,473.2,1000,1000,3,2609228157,3,200,0.6
2026-10-06T17:22:15Z,50562,468.5,1000,1000,3,2610785660,3,200,0.8
2026-10-06T17:22:45Z,50592,470.1,1000,1000,3,2612285117,3,200,0.7
2026-10-06T17:23:16Z,50622,477.2,1000,1000,3,2613799920,3,200,0.8
2026-10-06T17:23:45Z,50652,468.9,1000,1000,3,2615303783,3,200,0.6
2026-10-06T17:24:15Z,50682,465.1,1000,1000,3,2616805454,3,200,0.8
2026-10-06T17:24:46Z,50712,470.3,1000,1000,3,2618440093,3,200,0.5
2026-10-06T17:25:15Z,50742,476.2,1000,1000,3,2620150130,3,200,0.8
2026-10-06T17:25:45Z,50772,475.6,1000,1000,3,2621865370,3,200,0.5
2026-10-06T17:26:16Z,50802,472.5,1000,1000,3,2623547493,3,200,1.0
2026-10-06T17:26:45Z,50832,474.8,1000,1000,3,2625134126,3,200,0.5
2026-10-06T17:27:15Z,50862,478.4,1000,1000,3,2626744703,3,200,1.0
2026-10-06T17:27:45Z,50892,472.9,1000,1000,3,2628462169,3,200,0.5
2026-10-06T17:28:15Z,50922,467.4,1000,1000,3,2630125698,3,200,0.9
2026-10-06T17:28:45Z,50952,479.2,1000,1000,3,2631591535,3,200,0.5
2026-10-06T17:29:15Z,50982,469.3,1000,1000,3,2634307008,3,200,1.2
2026-10-06T17:29:45Z,51012,476.8,1000,1000,3,2635815258,3,200,0.5
2026-10-06T17:30:16Z,51042,467.3,1000,1000,3,2637400383,3,200,0.9
2026-10-06T17:30:45Z,51072,479.1,1000,1000,3,2638901124,3,200,0.5
2026-10-06T17:31:15Z,51102,470.5,1000,1000,3,2640437821,3,200,0.8
2026-10-06T17:31:46Z,51132,477.3,1000,1000,3,2642112385,3,200,0.6
2026-10-06T17:32:15Z,51162,467.3,1000,1000,3,2643840772,3,200,1.0
2026-10-06T17:32:45Z,51192,477.3,1000,1000,3,2645457364,3,200,0.4
2026-10-06T17:33:16Z,51222,469.7,1000,1000,3,2647161837,3,200,1.0
2026-10-06T17:33:45Z,51252,468.6,1000,1000,3,2648784246,3,200,1.4
2026-10-06T17:34:15Z,51282,468.4,1000,1000,3,2650429960,3,200,0.8
2026-10-06T17:34:46Z,51312,476.4,1000,1000,3,2652010638,3,200,0.5
2026-10-06T17:35:15Z,51342,468.7,1000,1000,3,2653488466,3,200,1.0
2026-10-06T17:35:45Z,51372,470.7,1000,1000,3,2654983202,3,200,0.5
2026-10-06T17:36:16Z,51402,470.0,1000,1000,3,2656464993,3,200,0.8
2026-10-06T17:36:45Z,51432,471.5,1000,1000,3,2657982657,3,200,0.6
2026-10-06T17:37:15Z,51462,473.0,1000,1000,3,2659566643,3,200,0.9
2026-10-06T17:37:45Z,51492,470.3,1000,1000,3,2661093108,3,200,0.6
2026-10-06T17:38:15Z,51522,478.6,1000,1000,3,2662506955,3,200,0.9
2026-10-06T17:38:46Z,51552,474.6,1000,1000,3,2664112668,3,200,0.7
2026-10-06T17:39:15Z,51582,474.3,1000,1000,3,2665546626,3,200,0.8
2026-10-06T17:39:45Z,51612,474.3,1000,1000,3,2667007127,3,200,0.5
2026-10-06T17:40:16Z,51642,475.5,1000,1000,3,2668513884,3,200,0.9
2026-10-06T17:40:45Z,51672,473.1,1000,1000,3,2669929509,3,200,0.6
2026-10-06T17:41:15Z,51702,479.2,1000,1000,3,2671387395,3,200,1.0
2026-10-06T17:41:46Z,51732,473.4,1000,1000,3,2672895230,3,200,0.5
2026-10-06T17:42:15Z,51762,474.2,1000,1000,3,2674326036,3,200,2.1
2026-10-06T17:42:45Z,51792,466.5,1000,1000,3,2675904652,3,200,0.7
2026-10-06T17:43:15Z,51822,467.1,1000,1000,3,2677559203,3,200,0.7
2026-10-06T17:43:45Z,51852,474.2,1000,1000,3,2679082908,3,200,1.4
2026-10-06T17:44:15Z,51882,462.1,1000,1000,3,2680609616,3,200,0.7
2026-10-06T17:44:45Z,51912,468.0,1000,1000,3,2682107391,3,200,1.2
2026-10-06T17:45:15Z,51942,472.6,1000,1000,3,2683643795,3,200,0.8
2026-10-06T17:45:46Z,51972,472.3,1000,1000,3,2685292134,3,200,0.9
2026-10-06T17:46:15Z,52002,468.8,1000,1000,3,2686861629,3,200,0.5
2026-10-06T17:46:45Z,52032,480.3,1000,1000,3,2688418005,3,200,0.8
2026-10-06T17:47:15Z,52062,460.7,1000,1000,3,2689989803,3,200,0.4
2026-10-06T17:47:45Z,52092,474.8,1000,1000,3,2691527742,3,200,0.8
2026-10-06T17:48:15Z,52122,475.1,1000,1000,3,2693117984,3,200,0.7
2026-10-06T17:48:45Z,52152,465.0,1000,1000,3,2694727598,3,200,0.9
2026-10-06T17:49:15Z,52182,479.4,1000,1000,3,2696369186,3,200,1.3
2026-10-06T17:49:46Z,52212,472.9,1000,1000,3,2698032186,3,200,0.7
2026-10-06T17:50:15Z,52242,473.9,1000,1000,3,2699641670,3,200,0.8
2026-10-06T17:50:45Z,52272,477.1,1000,1000,3,2701266856,3,200,0.7
2026-10-06T17:51:16Z,52302,476.2,1000,1000,3,2702974342,3,200,2.2
2026-10-06T17:51:45Z,52332,477.2,1000,1000,3,2704640840,3,200,0.8
2026-10-06T17:52:15Z,52362,469.5,1000,1000,3,2706279370,3,200,0.5
2026-10-06T17:52:46Z,52392,477.9,1000,1000,3,2707875972,3,200,0.8
2026-10-06T17:53:15Z,52422,471.8,1000,1000,3,2709303792,3,200,0.6
2026-10-06T17:53:45Z,52452,472.9,1000,1000,3,2710762559,3,200,0.8
2026-10-06T17:54:15Z,52482,461.5,1000,1000,3,2712337178,3,200,0.8
2026-10-06T17:54:45Z,52512,476.9,1000,1000,3,2713888729,3,200,0.9
2026-10-06T17:55:16Z,52542,479.5,1000,1000,3,2715386650,3,200,0.6
2026-10-06T17:55:45Z,52572,469.0,1000,1000,3,2716829132,3,200,1.3
2026-10-06T17:56:15Z,52602,477.8,1000,1000,3,2718261256,3,200,0.5
2026-10-06T17:56:46Z,52632,473.3,1000,1000,3,2719747040,3,200,1.0
2026-10-06T17:57:15Z,52662,475.9,1000,1000,3,2721175727,3,200,0.5
2026-10-06T17:57:45Z,52692,471.7,1000,1000,3,2722609671,3,200,0.9
2026-10-06T17:58:15Z,52722,472.3,1000,1000,3,2724055438,3,200,0.5
2026-10-06T17:58:45Z,52752,485.6,1000,1000,3,2725523743,3,200,0.8
2026-10-06T17:59:16Z,52782,467.0,1000,1000,3,2728104912,3,200,1.1
2026-10-06T17:59:45Z,52812,475.3,1000,1000,3,2729755914,3,200,0.9
2026-10-06T18:00:15Z,52842,471.4,1000,1000,3,2731510364,3,200,0.5
2026-10-06T18:00:46Z,52872,477.4,1000,1000,3,2733240238,3,200,0.8
2026-10-06T18:01:15Z,52902,476.5,1000,1000,3,2734879907,3,200,1.8
2026-10-06T18:01:45Z,52932,479.4,1000,1000,3,2736427434,3,200,2.3
2026-10-06T18:02:15Z,52962,465.5,1000,1000,3,2737922196,3,200,0.4
2026-10-06T18:02:45Z,52992,469.1,1000,1000,3,2739380006,3,200,1.4
2026-10-06T18:03:15Z,53022,477.4,1000,1000,3,2740908709,3,200,0.6
2026-10-06T18:03:45Z,53052,472.4,1000,1000,3,2742633187,3,200,1.9
2026-10-06T18:04:15Z,53082,476.5,1000,1000,3,2744316734,3,200,0.6
2026-10-06T18:04:46Z,53112,477.2,1000,1000,3,2745825434,3,200,0.5
2026-10-06T18:05:15Z,53142,472.3,1000,1000,3,2747240262,3,200,0.8
2026-10-06T18:05:45Z,53172,473.8,1000,1000,3,2748670069,3,200,0.6
2026-10-06T18:06:16Z,53202,478.7,1000,1000,3,2750151841,3,200,2.4
2026-10-06T18:06:45Z,53232,463.2,1000,1000,3,2751556684,3,200,1.3
2026-10-06T18:07:15Z,53262,481.4,1000,1000,3,2753087300,3,200,0.8
2026-10-06T18:07:45Z,53292,473.6,1000,1000,3,2754619119,3,200,0.5
2026-10-06T18:08:15Z,53322,467.0,1000,1000,3,2756083926,3,200,0.9
2026-10-06T18:08:46Z,53352,479.7,1000,1000,3,2757765270,3,200,0.5
2026-10-06T18:09:15Z,53382,458.2,1000,1000,3,2759268238,3,200,0.9
2026-10-06T18:09:45Z,53412,475.7,1000,1000,3,2760763003,3,200,0.5
2026-10-06T18:10:16Z,53442,473.1,1000,1000,3,2762430546,3,200,0.8
2026-10-06T18:10:45Z,53472,472.6,1000,1000,3,2764070146,3,200,0.5
2026-10-06T18:11:15Z,53502,476.8,1000,1000,3,2765642813,3,200,0.9
2026-10-06T18:11:46Z,53532,472.3,1000,1000,3,2767117759,3,200,0.5
2026-10-06T18:12:15Z,53562,481.3,1000,1000,3,2768623742,3,200,0.8
2026-10-06T18:12:45Z,53592,477.4,1000,1000,3,2770089140,3,200,0.4
2026-10-06T18:13:15Z,53622,470.6,1000,1000,3,2771768463,3,200,0.8
2026-10-06T18:13:45Z,53652,470.3,1000,1000,3,2773246422,3,200,0.6
2026-10-06T18:14:16Z,53682,476.5,1000,1000,3,2774720213,3,200,0.9
2026-10-06T18:14:45Z,53712,465.7,1000,1000,3,2776138038,3,200,0.5
2026-10-06T18:15:15Z,53742,471.8,1000,1000,3,2777629782,3,200,0.8
2026-10-06T18:15:45Z,53772,470.4,1000,1000,3,2779118553,3,200,0.5
2026-10-06T18:16:15Z,53802,474.4,1000,1000,3,2780545382,3,200,1.3
2026-10-06T18:16:46Z,53832,475.3,1000,1000,3,2782072125,3,200,0.7
2026-10-06T18:17:15Z,53862,474.9,1000,1000,3,2783600959,3,200,0.8
2026-10-06T18:17:45Z,53892,474.9,1000,1000,3,2785018656,3,200,1.0
2026-10-06T18:18:15Z,53922,471.2,1000,1000,3,2786673226,3,200,0.8
2026-10-06T18:18:45Z,53952,477.1,1000,1000,3,2788134256,3,200,0.5
2026-10-06T18:19:16Z,53982,479.1,1000,1000,3,2789560835,3,200,0.9
2026-10-06T18:19:45Z,54012,478.6,1000,1000,3,2791127047,3,200,1.5
2026-10-06T18:20:15Z,54042,483.4,1000,1000,3,2792645212,3,200,0.9
2026-10-06T18:20:46Z,54072,482.3,1000,1000,3,2794110999,3,200,0.6
2026-10-06T18:21:15Z,54102,456.6,1000,1000,3,2795524010,3,200,0.9
2026-10-06T18:21:45Z,54132,475.5,1000,1000,3,2796991620,3,200,0.6
2026-10-06T18:22:15Z,54162,471.8,1000,1000,3,2798443431,3,200,1.9
2026-10-06T18:22:45Z,54192,479.6,1000,1000,3,2799850584,3,200,0.6
2026-10-06T18:23:16Z,54222,476.8,1000,1000,3,2801388729,3,200,0.8
2026-10-06T18:23:45Z,54252,473.0,1000,1000,3,2803010412,3,200,0.5
2026-10-06T18:24:15Z,54282,475.3,1000,1000,3,2804617979,3,200,2.8
2026-10-06T18:24:45Z,54312,465.6,1000,1000,3,2806268560,3,200,1.9
2026-10-06T18:25:15Z,54342,473.9,1000,1000,3,2807829458,3,200,0.5
2026-10-06T18:25:45Z,54372,464.5,1000,1000,3,2809430148,3,200,0.8
2026-10-06T18:26:15Z,54402,464.9,1000,1000,3,2811139826,3,200,1.1
2026-10-06T18:26:45Z,54432,475.2,1000,1000,3,2812703991,3,200,0.8
2026-10-06T18:27:16Z,54462,480.1,1000,1000,3,2814312521,3,200,0.7
2026-10-06T18:27:45Z,54492,478.3,1000,1000,3,2815892733,3,200,1.1
2026-10-06T18:28:15Z,54522,472.2,1000,1000,3,2817442537,3,200,0.7
2026-10-06T18:28:45Z,54552,463.6,1000,1000,3,2819016098,3,200,0.9
2026-10-06T18:29:15Z,54582,475.4,1000,1000,3,2821704310,3,200,0.5
2026-10-06T18:29:45Z,54612,472.3,1000,1000,3,2823290588,3,200,0.9
2026-10-06T18:30:15Z,54642,465.8,1000,1000,3,2824859442,3,200,0.5
2026-10-06T18:30:45Z,54672,466.7,1000,1000,3,2826387668,3,200,0.9
2026-10-06T18:31:15Z,54702,475.8,1000,1000,3,2827923703,3,200,0.5
2026-10-06T18:31:45Z,54732,480.8,1000,1000,3,2829497627,3,200,0.8
2026-10-06T18:32:15Z,54762,470.6,1000,1000,3,2831008792,3,200,0.6
2026-10-06T18:32:46Z,54792,465.4,1000,1000,3,2832579956,3,200,0.8
2026-10-06T18:33:15Z,54822,474.0,1000,1000,3,2834141615,3,200,0.5
2026-10-06T18:33:45Z,54852,473.8,1000,1000,3,2835681257,3,200,1.2
2026-10-06T18:34:15Z,54882,465.4,1000,1000,3,2837263921,3,200,0.5
2026-10-06T18:34:45Z,54912,473.6,1000,1000,3,2838786599,3,200,0.9
2026-10-06T18:35:16Z,54942,473.9,1000,1000,3,2840345265,3,200,0.5
2026-10-06T18:35:45Z,54972,471.2,1000,1000,3,2841854978,3,200,0.9
2026-10-06T18:36:15Z,55002,470.5,1000,1000,3,2843349930,3,200,0.5
2026-10-06T18:36:46Z,55032,480.3,1000,1000,3,2844932365,3,200,0.9
2026-10-06T18:37:15Z,55062,467.6,1000,1000,3,2846444262,3,200,0.5
2026-10-06T18:37:45Z,55092,475.6,1000,1000,3,2848054625,3,200,0.8
2026-10-06T18:38:15Z,55122,463.2,1000,1000,3,2849602289,3,200,0.6
2026-10-06T18:38:45Z,55152,477.0,1000,1000,3,2851127942,3,200,0.8
2026-10-06T18:39:16Z,55182,460.8,1000,1000,3,2852707525,3,200,0.5
2026-10-06T18:39:45Z,55212,472.0,1000,1000,3,2854238213,3,200,1.0
2026-10-06T18:40:15Z,55242,472.3,1000,1000,3,2855806620,3,200,0.4
2026-10-06T18:40:46Z,55272,480.0,1000,1000,3,2857391375,3,200,0.8
2026-10-06T18:41:15Z,55302,475.1,1000,1000,3,2858908681,3,200,0.5
2026-10-06T18:41:45Z,55332,473.5,1000,1000,3,2860441410,3,200,1.2
2026-10-06T18:42:15Z,55362,470.5,1000,1000,3,2862012219,3,200,0.7
2026-10-06T18:42:45Z,55392,476.9,1000,1000,3,2863542187,3,200,1.0
2026-10-06T18:43:15Z,55422,476.9,1000,1000,3,2865070580,3,200,0.5
2026-10-06T18:43:45Z,55452,465.7,1000,1000,3,2866651471,3,200,0.9
2026-10-06T18:44:15Z,55482,477.2,1000,1000,3,2868183213,3,200,0.7
2026-10-06T18:44:46Z,55512,474.3,1000,1000,3,2869760423,3,200,0.9
2026-10-06T18:45:15Z,55542,471.1,1000,1000,3,2871306484,3,200,0.5
2026-10-06T18:45:45Z,55572,468.9,1000,1000,3,2872838169,3,200,1.0
2026-10-06T18:46:16Z,55602,473.6,1000,1000,3,2874464220,3,200,0.5
2026-10-06T18:46:45Z,55632,466.3,1000,1000,3,2875995443,3,200,0.5
2026-10-06T18:47:15Z,55662,483.5,1000,1000,3,2877507129,3,200,0.8
2026-10-06T18:47:45Z,55692,464.8,1000,1000,3,2879092745,3,200,0.5
2026-10-06T18:48:15Z,55722,478.4,1000,1000,3,2880646402,3,200,0.9
2026-10-06T18:48:45Z,55752,476.9,1000,1000,3,2882164861,3,200,0.5
2026-10-06T18:49:15Z,55782,473.2,1000,1000,3,2883743063,3,200,0.8
2026-10-06T18:49:45Z,55812,480.5,1000,1000,3,2885260509,3,200,0.5
2026-10-06T18:50:16Z,55842,473.8,1000,1000,3,2886852106,3,200,0.8
2026-10-06T18:50:45Z,55872,466.6,1000,1000,3,2888416111,3,200,0.7
2026-10-06T18:51:15Z,55902,468.1,1000,1000,3,2889967228,3,200,0.9
2026-10-06T18:51:46Z,55932,464.9,1000,1000,3,2891626947,3,200,0.5
2026-10-06T18:52:15Z,55962,474.4,1000,1000,3,2893159601,3,200,0.7
2026-10-06T18:52:45Z,55992,479.1,1000,1000,3,2894672281,3,200,0.8
2026-10-06T18:53:16Z,56022,481.6,1000,1000,3,2896233072,3,200,0.8
2026-10-06T18:53:45Z,56052,473.8,1000,1000,3,2897766634,3,200,0.6
2026-10-06T18:54:15Z,56082,469.2,1000,1000,3,2899367217,3,200,2.0
2026-10-06T18:54:46Z,56112,471.3,1000,1000,3,2900967859,3,200,0.5
2026-10-06T18:55:15Z,56142,472.6,1000,1000,3,2902487534,3,200,0.9
2026-10-06T18:55:45Z,56172,475.9,1000,1000,3,2904006055,3,200,0.6
2026-10-06T18:56:15Z,56202,469.9,1000,1000,3,2905563057,3,200,0.9
2026-10-06T18:56:45Z,56232,460.1,1000,1000,3,2907120485,3,200,0.6
2026-10-06T18:57:16Z,56263,478.2,1000,1000,3,2908756029,3,200,0.9
2026-10-06T18:57:46Z,56293,459.7,1000,1000,3,2910393601,3,200,0.5
2026-10-06T18:58:16Z,56323,480.6,1000,1000,3,2911916271,3,200,0.8
2026-10-06T18:58:47Z,56353,468.6,1000,1000,3,2913505867,3,200,0.6
2026-10-06T18:59:16Z,56383,466.1,1000,1000,3,2916093506,3,200,1.0
2026-10-06T18:59:46Z,56413,472.5,1000,1000,3,2917572278,3,200,0.5
2026-10-06T19:00:17Z,56444,474.0,1000,1000,3,2919029072,3,200,1.1
2026-10-06T19:00:47Z,56474,467.9,1000,1000,3,2920485861,3,200,0.5
2026-10-06T19:01:17Z,56504,470.0,1000,1000,3,2921895700,3,200,0.8
2026-10-06T19:01:48Z,56534,470.5,1000,1000,3,2923378479,3,200,0.6
2026-10-06T19:02:17Z,56564,470.7,1000,1000,3,2924791315,3,200,0.8
2026-10-06T19:02:47Z,56594,464.8,1000,1000,3,2926199150,3,200,0.6
2026-10-06T19:03:18Z,56624,474.0,1000,1000,3,2927625184,3,200,1.3
2026-10-06T19:03:47Z,56654,472.1,1000,1000,3,2929042809,3,200,0.5
2026-10-06T19:04:17Z,56684,464.2,1000,1000,3,2930448653,3,200,0.9
2026-10-06T19:04:48Z,56714,481.6,1000,1000,3,2931936102,3,200,0.7
2026-10-06T19:05:17Z,56744,468.3,1000,1000,3,2933373220,3,200,1.0
2026-10-06T19:05:47Z,56774,481.4,1000,1000,3,2934780067,3,200,0.5
2026-10-06T19:06:18Z,56804,470.7,1000,1000,3,2936225746,3,200,0.8
2026-10-06T19:06:47Z,56834,474.2,1000,1000,3,2937597746,3,200,0.5
2026-10-06T19:07:17Z,56864,465.5,1000,1000,3,2939020567,3,200,1.0
2026-10-06T19:07:47Z,56894,467.5,1000,1000,3,2940504858,3,200,0.4
2026-10-06T19:08:17Z,56924,473.8,1000,1000,3,2941923180,3,200,0.9
2026-10-06T19:08:48Z,56954,463.0,1000,1000,3,2943374973,3,200,0.5
2026-10-06T19:09:17Z,56984,472.6,1000,1000,3,2944787805,3,200,1.4
2026-10-06T19:09:47Z,57014,465.3,1000,1000,3,2946203631,3,200,0.9
2026-10-06T19:10:18Z,57044,465.6,1000,1000,3,2947689456,3,200,0.5
2026-10-06T19:10:47Z,57074,473.0,1000,1000,3,2949108928,3,200,1.0
2026-10-06T19:11:17Z,57104,478.4,1000,1000,3,2950523205,3,200,0.5
2026-10-06T19:11:47Z,57134,464.1,1000,1000,3,2952004861,3,200,0.7
2026-10-06T19:12:17Z,57164,467.8,1000,1000,3,2953413701,3,200,0.5
2026-10-06T19:12:48Z,57194,459.3,1000,1000,3,2954866407,3,200,0.9
2026-10-06T19:13:17Z,57224,460.2,1000,1000,3,2956280340,3,200,0.5
2026-10-06T19:13:47Z,57254,473.1,1000,1000,3,2957686007,3,200,1.1
2026-10-06T19:14:17Z,57284,467.5,1000,1000,3,2959165941,3,200,0.5
2026-10-06T19:14:47Z,57314,473.9,1000,1000,3,2960567782,3,200,0.7
2026-10-06T19:15:18Z,57345,469.7,1000,1000,3,2962028805,3,200,0.5
2026-10-06T19:15:48Z,57375,465.9,1000,1000,3,2963501331,3,200,0.8
2026-10-06T19:16:18Z,57405,469.8,1000,1000,3,2964850226,3,200,0.4
2026-10-06T19:16:49Z,57435,459.2,1000,1000,3,2966278951,3,200,0.8
2026-10-06T19:17:18Z,57465,474.4,1000,1000,3,2967622927,3,200,0.6
2026-10-06T19:17:48Z,57495,475.9,1000,1000,3,2968961824,3,200,1.0
2026-10-06T19:18:18Z,57525,453.0,1000,1000,3,2970380845,3,200,0.5
2026-10-06T19:18:48Z,57555,472.1,1000,1000,3,2971800464,3,200,0.7
2026-10-06T19:19:19Z,57585,473.9,1000,1000,3,2973162346,3,200,0.6
2026-10-06T19:19:48Z,57615,465.5,1000,1000,3,2974573167,3,200,0.7
2026-10-06T19:20:18Z,57645,471.9,1000,1000,3,2976033941,3,200,0.5
2026-10-06T19:20:49Z,57675,473.4,1000,1000,3,2977488495,3,200,0.8
2026-10-06T19:21:18Z,57705,466.5,1000,1000,3,2978916557,3,200,0.5
2026-10-06T19:21:48Z,57735,468.0,1000,1000,3,2980355757,3,200,1.1
2026-10-06T19:22:18Z,57765,465.5,1000,1000,3,2981808163,3,200,0.5
2026-10-06T19:22:48Z,57795,478.3,1000,1000,3,2983229982,3,200,0.9
2026-10-06T19:23:19Z,57825,480.0,1000,1000,3,2984689777,3,200,0.4
2026-10-06T19:23:48Z,57855,462.9,1000,1000,3,2986091633,3,200,0.9
2026-10-06T19:24:18Z,57885,472.0,1000,1000,3,2987541429,3,200,0.6
2026-10-06T19:24:49Z,57915,478.0,1000,1000,3,2989033839,3,200,0.9
2026-10-06T19:25:18Z,57945,475.2,1000,1000,3,2990440020,3,200,0.6
2026-10-06T19:25:48Z,57975,473.8,1000,1000,3,2991840870,3,200,0.9
2026-10-06T19:26:19Z,58005,479.6,1000,1000,3,2993369607,3,200,0.7
2026-10-06T19:26:48Z,58035,471.0,1000,1000,3,2994790447,3,200,0.9
2026-10-06T19:27:18Z,58065,461.9,1000,1000,3,2996260212,3,200,0.5
2026-10-06T19:27:49Z,58095,472.8,1000,1000,3,2997767966,3,200,1.1
2026-10-06T19:28:18Z,58125,473.1,1000,1000,3,2999179261,3,200,0.5
2026-10-06T19:28:48Z,58155,473.1,1000,1000,3,3000581641,3,200,1.5
2026-10-06T19:29:18Z,58185,472.6,999,999,4,3001991126,4,200,0.6
2026-10-06T19:29:48Z,58215,461.6,999,999,4,3003484804,4,200,1.3
2026-10-06T19:30:18Z,58245,466.4,999,999,4,3004899817,4,200,0.6
2026-10-06T19:30:48Z,58275,471.6,999,999,4,3006322517,4,200,3.2
2026-10-06T19:31:18Z,58305,478.3,1000,1000,4,3008984304,4,200,0.6
2026-10-06T19:31:49Z,58335,464.7,1000,1000,4,3010743009,4,200,1.2
2026-10-06T19:32:18Z,58365,481.0,1000,1000,4,3012415493,4,200,0.8
2026-10-06T19:32:48Z,58395,465.0,1000,1000,4,3013878265,4,200,0.6
2026-10-06T19:33:19Z,58425,477.1,1000,1000,4,3015495457,4,200,0.8
2026-10-06T19:33:48Z,58455,475.0,1000,1000,4,3016993640,4,200,0.5
2026-10-06T19:34:18Z,58485,477.1,1000,1000,4,3018450724,4,200,1.0
2026-10-06T19:34:48Z,58515,460.6,1000,1000,4,3020012172,4,200,0.4
2026-10-06T19:35:18Z,58545,473.2,1000,1000,4,3021581885,4,200,0.7
2026-10-06T19:35:49Z,58575,472.0,1000,1000,4,3023173556,4,200,0.6
2026-10-06T19:36:18Z,58605,478.8,1000,1000,4,3024652341,4,200,0.9
2026-10-06T19:36:48Z,58635,471.7,1000,1000,4,3026253957,4,200,0.6
2026-10-06T19:37:19Z,58665,484.4,1000,1000,4,3027738640,4,200,0.9
2026-10-06T19:37:48Z,58695,467.1,1000,1000,4,3029156564,4,200,0.5
2026-10-06T19:38:18Z,58725,475.1,1000,1000,4,3030600368,4,200,0.8
2026-10-06T19:38:48Z,58755,468.6,1000,1000,4,3032125188,4,200,0.5
2026-10-06T19:39:18Z,58785,470.3,1000,1000,4,3033629838,4,200,1.2
2026-10-06T19:39:49Z,58815,476.9,1000,1000,4,3035283474,4,200,0.5
2026-10-06T19:40:18Z,58845,474.0,1000,1000,4,3036833084,4,200,1.1
2026-10-06T19:40:48Z,58875,471.8,1000,1000,4,3038288494,4,200,0.6
2026-10-06T19:41:19Z,58905,470.0,1000,1000,4,3040052642,4,200,0.9
2026-10-06T19:41:48Z,58935,473.8,1000,1000,4,3041753408,4,200,0.6
2026-10-06T19:42:18Z,58965,464.6,1000,1000,4,3043473038,4,200,0.9
2026-10-06T19:42:49Z,58995,467.6,1000,1000,4,3045145665,4,200,0.5
2026-10-06T19:43:18Z,59025,471.6,1000,1000,4,3046685354,4,200,0.8
2026-10-06T19:43:48Z,59055,460.9,1000,1000,4,3048087198,4,200,0.5
2026-10-06T19:44:18Z,59085,449.0,1000,1000,4,3049477050,4,200,0.8
2026-10-06T19:44:48Z,59115,464.8,1000,1000,4,3050945774,4,200,0.5
2026-10-06T19:45:18Z,59145,474.9,1000,1000,4,3052392577,4,200,0.9
2026-10-06T19:45:48Z,59175,474.9,1000,1000,4,3053938315,4,200,0.6
2026-10-06T19:46:18Z,59205,476.6,1000,1000,4,3055391121,4,200,0.9
2026-10-06T19:46:49Z,59235,473.3,1000,1000,4,3056876892,4,200,0.6
2026-10-06T19:47:18Z,59265,470.3,1000,1000,4,3058411594,4,200,1.1
2026-10-06T19:47:48Z,59295,472.9,1000,1000,4,3059998199,4,200,0.5
2026-10-06T19:48:19Z,59325,467.0,1000,1000,4,3061748869,4,200,0.8
2026-10-06T19:48:48Z,59355,467.6,1000,1000,4,3063327741,4,200,0.7
2026-10-06T19:49:18Z,59385,477.1,1000,1000,4,3064806653,4,200,0.8
2026-10-06T19:49:48Z,59415,464.8,1000,1000,4,3066350642,4,200,0.5
2026-10-06T19:50:18Z,59445,480.3,1000,1000,4,3067848419,4,200,1.2
2026-10-06T19:50:48Z,59475,474.4,1000,1000,4,3069359138,4,200,0.6
2026-10-06T19:51:18Z,59505,458.9,1000,1000,4,3070963730,4,200,1.2
2026-10-06T19:51:48Z,59535,468.8,1000,1000,4,3072609204,4,200,0.5
2026-10-06T19:52:19Z,59565,473.6,1000,1000,4,3074254752,4,200,1.1
2026-10-06T19:52:48Z,59595,469.4,1000,1000,4,3075842095,4,200,0.6
2026-10-06T19:53:18Z,59625,453.2,1000,1000,4,3077340067,4,200,0.5
2026-10-06T19:53:49Z,59655,473.2,1000,1000,4,3078906752,4,200,0.8
2026-10-06T19:54:18Z,59685,469.0,1000,1000,4,3080431458,4,200,0.5
2026-10-06T19:54:48Z,59715,470.5,1000,1000,4,3081926191,4,200,0.9
2026-10-06T19:55:19Z,59745,466.4,1000,1000,4,3083481909,4,200,0.5
2026-10-06T19:55:48Z,59775,469.4,1000,1000,4,3084981639,4,200,0.9
2026-10-06T19:56:18Z,59805,459.5,1000,1000,4,3086496355,4,200,1.7
2026-10-06T19:56:49Z,59835,468.2,1000,1000,4,3088073006,4,200,1.1
2026-10-06T19:57:18Z,59865,466.7,1000,1000,4,3089571750,4,200,0.5
2026-10-06T19:57:48Z,59895,462.0,1000,1000,4,3091084423,4,200,1.0
2026-10-06T19:58:18Z,59925,464.9,1000,1000,4,3092654076,4,200,0.6
2026-10-06T19:58:48Z,59955,468.2,1000,1000,4,3094172780,4,200,0.9
2026-10-06T19:59:19Z,59985,480.9,1000,1000,4,3095691504,4,200,1.6
2026-10-06T19:59:48Z,60015,469.5,1000,1000,4,3097198232,4,200,0.9
2026-10-06T20:00:18Z,60045,461.9,1000,1000,4,3098752867,4,200,0.5
2026-10-06T20:00:49Z,60075,465.9,1000,1000,4,3100320510,4,200,0.8
2026-10-06T20:01:18Z,60105,641.2,1000,1000,4,3101797108,4,200,8.1
2026-10-06T20:01:48Z,60135,472.6,1000,1000,4,3104394831,4,200,0.9
2026-10-06T20:02:19Z,60165,473.8,1000,1000,4,3105990401,4,200,0.5
2026-10-06T20:02:48Z,60195,470.5,1000,1000,4,3107456298,4,200,0.7
2026-10-06T20:03:18Z,60225,464.2,1000,1000,4,3108903079,4,200,1.3
2026-10-06T20:03:49Z,60255,476.6,1000,1000,4,3110481769,4,200,0.9
2026-10-06T20:04:18Z,60285,469.0,1000,1000,4,3111931412,4,200,0.7
2026-10-06T20:04:48Z,60315,468.4,1000,1000,4,3113383314,4,200,0.8
2026-10-06T20:05:18Z,60345,454.2,1000,1000,4,3114882190,4,200,0.8
2026-10-06T20:05:48Z,60375,468.6,1000,1000,4,3116321034,4,200,0.9
2026-10-06T20:06:19Z,60405,461.4,1000,1000,4,3117832822,4,200,0.5
2026-10-06T20:06:48Z,60435,462.0,1000,1000,4,3119323815,4,200,0.9
2026-10-06T20:07:18Z,60465,459.2,1000,1000,4,3120782404,4,200,0.5
2026-10-06T20:07:49Z,60495,475.2,1000,1000,4,3122269194,4,200,1.0
2026-10-06T20:08:18Z,60525,473.1,1000,1000,4,3123737997,4,200,0.4
2026-10-06T20:08:48Z,60555,468.4,1000,1000,4,3125248709,4,200,0.8
2026-10-06T20:09:18Z,60585,472.7,1000,1000,4,3126796798,4,200,0.5
2026-10-06T20:09:48Z,60615,465.4,1000,1000,4,3128291185,4,200,0.8
2026-10-06T20:10:19Z,60645,479.3,1000,1000,4,3129798383,4,200,0.4
2026-10-06T20:10:48Z,60675,471.5,1000,1000,4,3131261351,4,200,1.0
2026-10-06T20:11:18Z,60705,464.7,1000,1000,4,3132696650,4,200,0.5
2026-10-06T20:11:49Z,60735,476.1,1000,1000,4,3134184840,4,200,1.3
2026-10-06T20:12:18Z,60765,477.0,1000,1000,4,3135632307,4,200,0.5
2026-10-06T20:12:48Z,60795,457.0,1000,1000,4,3137094112,4,200,1.2
2026-10-06T20:13:19Z,60825,475.0,1000,1000,4,3138617922,4,200,0.6
2026-10-06T20:13:48Z,60855,465.6,1000,1000,4,3140064774,4,200,1.6
2026-10-06T20:14:18Z,60885,464.0,1000,1000,4,3141576514,4,200,0.6
2026-10-06T20:14:49Z,60915,471.0,1000,1000,4,3143172156,4,200,0.5
2026-10-06T20:15:18Z,60945,456.4,1000,1000,4,3144614990,4,200,0.9
2026-10-06T20:15:48Z,60975,468.5,1000,1000,4,3146117739,4,200,0.5
2026-10-06T20:16:19Z,61005,476.4,1000,1000,4,3147665574,4,200,6.0
2026-10-06T20:16:48Z,61035,467.4,1000,1000,4,3149146259,4,200,0.6
2026-10-06T20:17:18Z,61065,466.2,1000,1000,4,3150581077,4,200,1.1
2026-10-06T20:17:48Z,61095,472.4,1000,1000,4,3152145744,4,200,0.6
2026-10-06T20:18:18Z,61125,465.4,1000,1000,4,3153727350,4,200,0.8
2026-10-06T20:18:49Z,61155,465.4,1000,1000,4,3155410922,4,200,0.5
2026-10-06T20:19:18Z,61185,452.7,1000,1000,4,3156957673,4,200,0.9
2026-10-06T20:19:48Z,61215,470.4,1000,1000,4,3158439435,4,200,0.5
2026-10-06T20:20:19Z,61245,475.3,1000,1000,4,3160040108,4,200,0.8
2026-10-06T20:20:48Z,61275,459.4,1000,1000,4,3161510905,4,200,0.5
2026-10-06T20:21:18Z,61305,468.6,1000,1000,4,3162989668,4,200,0.9
2026-10-06T20:21:49Z,61335,477.2,1000,1000,4,3164552364,4,200,0.6
2026-10-06T20:22:18Z,61365,476.5,1000,1000,4,3166058704,4,200,0.7
2026-10-06T20:22:48Z,61395,472.3,1000,1000,4,3167542704,4,200,0.6
2026-10-06T20:23:18Z,61425,463.7,1000,1000,4,3169039723,4,200,0.8
2026-10-06T20:23:48Z,61455,461.0,1000,1000,4,3170513869,4,200,1.9
2026-10-06T20:24:19Z,61485,475.1,1000,1000,4,3172010688,4,200,1.0
2026-10-06T20:24:48Z,61515,470.9,1000,1000,4,3173440194,4,200,0.5
2026-10-06T20:25:18Z,61545,479.9,1000,1000,4,3174820718,4,200,1.0
2026-10-06T20:25:49Z,61575,479.6,1000,1000,4,3176261988,4,200,0.5
2026-10-06T20:26:18Z,61605,465.5,1000,1000,4,3177691836,4,200,0.7
2026-10-06T20:26:48Z,61635,475.4,1000,1000,4,3179135691,4,200,0.6
2026-10-06T20:27:19Z,61665,468.6,1000,1000,4,3180666779,4,200,0.9
2026-10-06T20:27:48Z,61695,455.7,1000,1000,4,3182147130,4,200,0.6
2026-10-06T20:28:18Z,61725,472.5,1000,1000,4,3183843985,4,200,0.9
2026-10-06T20:28:48Z,61755,468.8,1000,1000,4,3185523675,4,200,0.5
2026-10-06T20:29:18Z,61785,470.4,1000,1000,4,3187005415,4,200,1.1
2026-10-06T20:29:48Z,61815,475.6,1000,1000,4,3188474700,4,200,0.7
2026-10-06T20:30:18Z,61845,464.9,1000,1000,4,3189982572,4,200,0.9
2026-10-06T20:30:48Z,61875,477.6,1000,1000,4,3191577053,4,200,0.6
2026-10-06T20:31:19Z,61905,473.5,1000,1000,4,3193199695,4,200,0.9
2026-10-06T20:31:48Z,61935,468.5,1000,1000,4,3195807290,4,200,0.5
2026-10-06T20:32:18Z,61965,484.8,1000,1000,4,3197230335,4,200,1.3
2026-10-06T20:32:49Z,61995,481.1,1000,1000,4,3198738818,4,200,0.7
2026-10-06T20:33:18Z,62025,479.6,1000,1000,4,3200187586,4,200,1.0
2026-10-06T20:33:48Z,62055,476.9,1000,1000,4,3201578154,4,200,0.5
2026-10-06T20:34:18Z,62085,472.5,1000,1000,4,3203094853,4,200,1.1
2026-10-06T20:34:48Z,62115,478.1,1000,1000,4,3204519918,4,200,0.5
2026-10-06T20:35:18Z,62145,477.5,1000,1000,4,3205936751,4,200,0.5
2026-10-06T20:35:48Z,62175,476.3,1000,1000,4,3207406978,4,200,0.9
2026-10-06T20:36:18Z,62205,475.4,1000,1000,4,3208860310,4,200,0.5
2026-10-06T20:36:49Z,62235,470.9,1000,1000,4,3210358047,4,200,0.9
2026-10-06T20:37:18Z,62265,480.0,1000,1000,4,3211841736,4,200,0.5
2026-10-06T20:37:48Z,62295,465.3,1000,1000,4,3213283013,4,200,1.2
2026-10-06T20:38:19Z,62325,471.0,1000,1000,4,3214815166,4,200,0.5
2026-10-06T20:38:48Z,62355,482.0,1000,1000,4,3216248200,4,200,0.9
2026-10-06T20:39:18Z,62385,471.1,1000,1000,4,3217633685,4,200,0.5
2026-10-06T20:39:49Z,62415,484.6,1000,1000,4,3219178514,4,200,1.0
2026-10-06T20:40:18Z,62445,469.4,1000,1000,4,3220624275,4,200,0.6
2026-10-06T20:40:48Z,62475,470.0,1000,1000,4,3222020095,4,200,0.8
2026-10-06T20:41:19Z,62505,477.8,1000,1000,4,3223496837,4,200,0.5
2026-10-06T20:41:48Z,62535,463.6,1000,1000,4,3224916510,4,200,0.8
2026-10-06T20:42:18Z,62565,472.4,1000,1000,4,3226336546,4,200,1.3
2026-10-06T20:42:48Z,62595,461.2,1000,1000,4,3227787223,4,200,0.8
2026-10-06T20:43:18Z,62625,479.0,1000,1000,4,3229183063,4,200,0.5
2026-10-06T20:43:49Z,62655,473.7,1000,1000,4,3230646839,4,200,0.8
2026-10-06T20:44:18Z,62685,478.2,1000,1000,4,3232072317,4,200,0.5
2026-10-06T20:44:48Z,62715,474.2,1000,1000,4,3233476891,4,200,0.9
2026-10-06T20:45:19Z,62745,480.9,1000,1000,4,3234939867,4,200,0.6
2026-10-06T20:45:48Z,62775,475.3,1000,1000,4,3236417496,4,200,1.1
2026-10-06T20:46:18Z,62805,479.7,1000,1000,4,3237847761,4,200,0.8
2026-10-06T20:46:49Z,62835,478.8,1000,1000,4,3239355472,4,200,0.8
2026-10-06T20:47:18Z,62865,472.7,1000,1000,4,3240817988,4,200,0.5
2026-10-06T20:47:48Z,62895,472.8,1000,1000,4,3242243984,4,200,0.8
2026-10-06T20:48:18Z,62925,475.6,1000,1000,4,3243817652,4,200,0.6
2026-10-06T20:48:48Z,62955,459.0,1000,1000,4,3245443237,4,200,1.2
2026-10-06T20:49:19Z,62985,476.0,1000,1000,4,3247167715,4,200,1.6
2026-10-06T20:49:48Z,63015,471.3,1000,1000,4,3248744425,4,200,1.0
2026-10-06T20:50:18Z,63045,471.4,1000,1000,4,3250223395,4,200,0.8
2026-10-06T20:50:49Z,63075,476.9,1000,1000,4,3251936104,4,200,1.5
2026-10-06T20:51:18Z,63105,470.4,1000,1000,4,3253444312,4,200,0.5
2026-10-06T20:51:48Z,63135,469.0,1000,1000,4,3254941065,4,200,1.3
2026-10-06T20:52:19Z,63165,458.7,1000,1000,4,3256577682,4,200,0.5
2026-10-06T20:52:48Z,63195,473.1,1000,1000,4,3258102333,4,200,1.0
2026-10-06T20:53:18Z,63225,471.3,1000,1000,4,3259648321,4,200,0.6
2026-10-06T20:53:48Z,63255,461.2,1000,1000,4,3261290499,4,200,1.2
2026-10-06T20:54:18Z,63285,475.4,1000,1000,4,3262799242,4,200,0.6
2026-10-06T20:54:49Z,63315,479.5,1000,1000,4,3264350948,4,200,1.7
2026-10-06T20:55:18Z,63345,472.8,1000,1000,4,3265825723,4,200,0.6
2026-10-06T20:55:48Z,63375,475.5,1000,1000,4,3267309679,4,200,1.1
2026-10-06T20:56:19Z,63405,469.8,1000,1000,4,3268876992,4,200,0.5
2026-10-06T20:56:48Z,63435,476.3,1000,1000,4,3270309795,4,200,0.6
2026-10-06T20:57:18Z,63465,479.6,1000,1000,4,3271742148,4,200,0.8
2026-10-06T20:57:48Z,63495,466.6,1000,1000,4,3273179326,4,200,0.5
2026-10-06T20:58:18Z,63525,479.8,1000,1000,4,3274561173,4,200,1.0
2026-10-06T20:58:49Z,63555,468.1,1000,1000,4,3276054330,4,200,0.5
2026-10-06T20:59:18Z,63585,463.0,1000,1000,4,3277504961,4,200,0.7
2026-10-06T20:59:48Z,63615,470.9,1000,1000,4,3279038741,4,200,0.6
2026-10-06T21:00:19Z,63645,473.3,1000,1000,4,3280733005,4,200,0.9
2026-10-06T21:00:48Z,63675,475.8,1000,1000,4,3282397163,4,200,0.6
2026-10-06T21:01:18Z,63705,467.1,1000,1000,4,3283896633,4,200,0.8
2026-10-06T21:01:49Z,63735,472.8,1000,1000,4,3286470007,4,200,0.6
2026-10-06T21:02:18Z,63765,464.1,1000,1000,4,3287868821,4,200,1.2
2026-10-06T21:02:48Z,63795,466.6,1000,1000,4,3289262168,4,200,0.5
2026-10-06T21:03:18Z,63825,471.4,1000,1000,4,3290686951,4,200,0.7
2026-10-06T21:03:48Z,63855,466.5,1000,1000,4,3292097731,4,200,0.5
2026-10-06T21:04:19Z,63885,467.9,1000,1000,4,3293585297,4,200,0.8
2026-10-06T21:04:48Z,63915,477.0,1000,1000,4,3295013173,4,200,0.5
2026-10-06T21:05:18Z,63945,473.9,1000,1000,4,3296460883,4,200,2.1
2026-10-06T21:05:49Z,63975,466.0,1000,1000,4,3297978738,4,200,0.5
2026-10-06T21:06:18Z,64005,471.5,1000,1000,4,3299430282,4,200,0.9
2026-10-06T21:06:48Z,64035,478.8,1000,1000,4,3300841053,4,200,0.6
2026-10-06T21:07:18Z,64065,469.0,1000,1000,4,3302340750,4,200,0.8
2026-10-06T21:07:48Z,64095,460.7,1000,1000,4,3303820736,4,200,0.6
2026-10-06T21:08:19Z,64125,479.9,1000,1000,4,3305353122,4,200,0.9
2026-10-06T21:08:48Z,64155,462.8,1000,1000,4,3306792899,4,200,0.5
2026-10-06T21:09:18Z,64185,477.8,1000,1000,4,3308230664,4,200,0.8
2026-10-06T21:09:49Z,64215,475.8,1000,1000,4,3309736368,4,200,0.4
2026-10-06T21:10:18Z,64245,476.3,1000,1000,4,3311145163,4,200,0.9
2026-10-06T21:10:48Z,64275,465.9,1000,1000,4,3312613888,4,200,0.9
2026-10-06T21:11:19Z,64305,467.9,1000,1000,4,3314190506,4,200,1.0
2026-10-06T21:11:48Z,64335,452.6,1000,1000,4,3315625667,4,200,1.8
2026-10-06T21:12:18Z,64365,456.8,1000,1000,4,3317057044,4,200,0.8
2026-10-06T21:12:48Z,64395,470.8,1000,1000,4,3318540599,4,200,0.5
2026-10-06T21:13:18Z,64425,478.0,1000,1000,4,3319978644,4,200,0.7
2026-10-06T21:13:49Z,64455,474.3,1000,1000,4,3321513231,4,200,0.5
2026-10-06T21:14:18Z,64485,468.0,1000,1000,4,3322944004,4,200,1.0
2026-10-06T21:14:48Z,64515,465.8,1000,1000,4,3324398756,4,200,0.4
2026-10-06T21:15:19Z,64545,472.6,1000,1000,4,3325894448,4,200,1.7
2026-10-06T21:15:48Z,64575,464.7,1000,1000,4,3327367146,4,200,0.5
2026-10-06T21:16:18Z,64605,460.3,1000,1000,4,3328805904,4,200,1.3
2026-10-06T21:16:49Z,64635,471.6,1000,1000,4,3330313266,4,200,0.6
2026-10-06T21:17:18Z,64665,469.9,1000,1000,4,3331893808,4,200,1.4
2026-10-06T21:17:48Z,64695,469.4,1000,1000,4,3333421918,4,200,0.7
2026-10-06T21:18:19Z,64725,467.4,1000,1000,4,3334890665,4,200,0.6
2026-10-06T21:18:48Z,64755,469.6,1000,1000,4,3336371376,4,200,1.0
2026-10-06T21:19:18Z,64785,457.2,1000,1000,4,3337825894,4,200,0.5
2026-10-06T21:19:48Z,64815,464.1,1000,1000,4,3339359750,4,200,1.0
2026-10-06T21:20:18Z,64845,463.7,1000,1000,4,3340807478,4,200,0.7
2026-10-06T21:20:48Z,64875,463.9,1000,1000,4,3342285159,4,200,3.1
2026-10-06T21:21:18Z,64905,459.1,1000,1000,4,3343797862,4,200,1.3
2026-10-06T21:21:48Z,64935,472.7,1000,1000,4,3345219217,4,200,1.0
2026-10-06T21:22:19Z,64965,477.0,1000,1000,4,3346752311,4,200,0.5
2026-10-06T21:22:48Z,64995,462.9,1000,1000,4,3348243024,4,200,0.8
2026-10-06T21:23:18Z,65025,472.3,1000,1000,4,3349753757,4,200,0.5
2026-10-06T21:23:49Z,65055,470.4,1000,1000,4,3351243445,4,200,1.0
2026-10-06T21:24:18Z,65085,468.6,1000,1000,4,3352648099,4,200,0.7
2026-10-06T21:24:48Z,65115,477.6,1000,1000,4,3354090949,4,200,0.8
2026-10-06T21:25:18Z,65145,461.8,1000,1000,4,3355590625,4,200,0.5
2026-10-06T21:25:48Z,65175,478.4,1000,1000,4,3357040356,4,200,0.9
2026-10-06T21:26:18Z,65205,476.5,1000,1000,4,3358493070,4,200,0.6
2026-10-06T21:26:48Z,65235,470.3,1000,1000,4,3360079694,4,200,0.8
2026-10-06T21:27:18Z,65265,474.5,1000,1000,4,3361618364,4,200,0.5
2026-10-06T21:27:49Z,65295,478.9,1000,1000,4,3363127230,4,200,0.9
2026-10-06T21:28:18Z,65325,468.6,1000,1000,4,3364651943,4,200,0.5
2026-10-06T21:28:48Z,65355,462.1,1000,1000,4,3366204672,4,200,0.9
2026-10-06T21:29:19Z,65385,473.1,1000,1000,4,3367807366,4,200,0.9
2026-10-06T21:29:48Z,65415,468.8,1000,1000,4,3369344891,4,200,0.9
2026-10-06T21:30:18Z,65445,478.7,1000,1000,4,3371015622,4,200,1.4
2026-10-06T21:30:49Z,65475,474.9,1000,1000,4,3372737127,4,200,1.3
2026-10-06T21:31:18Z,65505,460.9,1000,1000,4,3374391694,4,200,0.5
2026-10-06T21:31:48Z,65535,462.8,1000,1000,4,3377140580,4,200,1.1
2026-10-06T21:32:19Z,65565,465.4,1000,1000,4,3378819639,4,200,0.5
2026-10-06T21:32:48Z,65595,470.6,1000,1000,4,3380384285,4,200,0.8
2026-10-06T21:33:18Z,65625,458.3,1000,1000,4,3381980867,4,200,0.5
2026-10-06T21:33:49Z,65655,466.7,1000,1000,4,3383606443,4,200,0.8
2026-10-06T21:34:18Z,65685,468.7,1000,1000,4,3385190058,4,200,0.5
2026-10-06T21:34:48Z,65715,473.5,1000,1000,4,3386835677,4,200,0.9
2026-10-06T21:35:19Z,65745,467.3,1000,1000,4,3388611004,4,200,0.5
2026-10-06T21:35:48Z,65775,466.5,1000,1000,4,3390187673,4,200,0.8
2026-10-06T21:36:18Z,65805,468.4,1000,1000,4,3391655442,4,200,0.5
2026-10-06T21:36:48Z,65835,459.1,1000,1000,4,3393081350,4,200,1.3
2026-10-06T21:37:18Z,65865,470.1,1000,1000,4,3394511055,4,200,0.8
2026-10-06T21:37:49Z,65896,464.8,1000,1000,4,3396178571,4,200,1.4
2026-10-06T21:38:19Z,65926,474.3,1000,1000,4,3397684308,4,200,0.6
2026-10-06T21:38:49Z,65956,482.3,1000,1000,4,3399059139,4,200,0.9
2026-10-06T21:39:20Z,65986,472.9,1000,1000,4,3400601801,4,200,0.5
2026-10-06T21:39:49Z,66016,470.1,1000,1000,4,3402091751,4,200,1.5
2026-10-06T21:40:19Z,66046,474.6,1000,1000,4,3403526438,4,200,0.7
2026-10-06T21:40:50Z,66076,479.3,1000,1000,4,3404980203,4,200,0.5
2026-10-06T21:41:19Z,66106,467.5,1000,1000,4,3406374044,4,200,3.9
2026-10-06T21:41:49Z,66136,471.8,1000,1000,4,3407794842,4,200,0.5
2026-10-06T21:42:19Z,66166,469.1,1000,1000,4,3409246281,4,200,0.9
2026-10-06T21:42:49Z,66196,487.2,1000,1000,4,3410746421,4,200,0.4
2026-10-06T21:43:20Z,66226,477.0,1000,1000,4,3412298669,4,200,0.9
2026-10-06T21:43:49Z,66256,487.0,1000,1000,4,3413697807,4,200,0.5
2026-10-06T21:44:19Z,66286,468.0,1000,1000,4,3415126597,4,200,0.8
2026-10-06T21:44:49Z,66316,478.9,1000,1000,4,3416601745,4,200,0.5
2026-10-06T21:45:19Z,66346,466.7,1000,1000,4,3418036141,4,200,1.6
2026-10-06T21:45:49Z,66376,469.8,1000,1000,4,3419493325,4,200,0.7
2026-10-06T21:46:19Z,66406,468.2,1000,1000,4,3421120649,4,200,0.8
2026-10-06T21:46:49Z,66436,471.2,1000,1000,4,3422601003,4,200,1.5
2026-10-06T21:47:20Z,66466,465.8,1000,1000,4,3424153580,4,200,0.9
2026-10-06T21:47:49Z,66496,470.4,1000,1000,4,3425668211,4,200,0.6
2026-10-06T21:48:19Z,66526,476.4,1000,1000,4,3427156116,4,200,1.0
2026-10-06T21:48:50Z,66556,470.6,1000,1000,4,3428746911,4,200,0.5
2026-10-06T21:49:19Z,66586,463.1,1000,1000,4,3430239527,4,200,0.8
2026-10-06T21:49:49Z,66616,472.7,1000,1000,4,3431740661,4,200,0.6
2026-10-06T21:50:19Z,66646,462.3,1000,1000,4,3433269313,4,200,0.8
2026-10-06T21:50:49Z,66676,480.2,1000,1000,4,3434794209,4,200,0.5
2026-10-06T21:51:20Z,66706,485.7,1000,1000,4,3436341019,4,200,0.8
2026-10-06T21:51:49Z,66736,476.8,1000,1000,4,3437859119,4,200,0.5
2026-10-06T21:52:19Z,66766,481.1,1000,1000,4,3439352311,4,200,1.0
2026-10-06T21:52:49Z,66796,475.7,1000,1000,4,3440886392,4,200,0.6
2026-10-06T21:53:19Z,66826,465.9,1000,1000,4,3442378048,4,200,1.1
2026-10-06T21:53:50Z,66856,468.0,1000,1000,4,3443904679,4,200,0.7
2026-10-06T21:54:19Z,66886,469.2,1000,1000,4,3445414334,4,200,1.1
2026-10-06T21:54:49Z,66916,472.3,1000,1000,4,3446916965,4,200,0.8
2026-10-06T21:55:20Z,66946,476.4,1000,1000,4,3448481681,4,200,0.9
2026-10-06T21:55:49Z,66976,466.2,1000,1000,4,3449952238,4,200,0.7
2026-10-06T21:56:19Z,67006,486.6,1000,1000,4,3451427902,4,200,1.3
2026-10-06T21:56:50Z,67036,473.4,1000,1000,4,3452964508,4,200,0.5
2026-10-06T21:57:19Z,67066,468.3,1000,1000,4,3454451174,4,200,0.8
2026-10-06T21:57:49Z,67096,479.9,1000,1000,4,3455961803,4,200,0.6
2026-10-06T21:58:19Z,67126,476.5,1000,1000,4,3457520396,4,200,0.8
2026-10-06T21:58:49Z,67156,479.2,1000,1000,4,3459001052,4,200,0.4
2026-10-06T21:59:19Z,67186,460.3,1000,1000,4,3460511684,4,200,1.0
2026-10-06T21:59:49Z,67216,464.8,1000,1000,4,3462119227,4,200,0.5
2026-10-06T22:00:19Z,67246,474.4,1000,1000,4,3463620219,4,200,0.7
2026-10-06T22:00:49Z,67276,470.9,1000,1000,4,3465123527,4,200,0.5
2026-10-06T22:01:19Z,67306,470.6,1000,1000,4,3466637101,4,200,2.8
2026-10-06T22:01:49Z,67336,468.4,1000,1000,4,3469216899,4,200,0.6
2026-10-06T22:02:19Z,67366,462.0,1000,1000,4,3470669339,4,200,0.5
2026-10-06T22:02:49Z,67396,473.4,1000,1000,4,3472126097,4,200,0.8
2026-10-06T22:03:19Z,67426,471.0,1000,1000,4,3473518955,4,200,0.6
2026-10-06T22:03:50Z,67456,469.1,1000,1000,4,3474911370,4,200,0.8
2026-10-06T22:04:19Z,67486,474.5,1000,1000,4,3476267689,4,200,0.5
2026-10-06T22:04:49Z,67516,472.9,1000,1000,4,3477650356,4,200,0.9
2026-10-06T22:05:20Z,67546,470.5,1000,1000,4,3479068137,4,200,0.4
2026-10-06T22:05:49Z,67576,465.1,1000,1000,4,3480462945,4,200,4.8
2026-10-06T22:06:19Z,67606,479.9,1000,1000,4,3481873625,4,200,0.5
2026-10-06T22:06:49Z,67636,456.9,1000,1000,4,3483342535,4,200,0.9
2026-10-06T22:07:19Z,67666,471.1,1000,1000,4,3484770439,4,200,0.5
2026-10-06T22:07:50Z,67696,468.4,1000,1000,4,3486245104,4,200,0.9
2026-10-06T22:08:19Z,67726,474.2,1000,1000,4,3487667806,4,200,0.5
2026-10-06T22:08:49Z,67756,472.9,1000,1000,4,3489073757,4,200,0.7
2026-10-06T22:09:19Z,67786,471.9,1000,1000,4,3490533362,4,200,0.5
2026-10-06T22:09:49Z,67816,472.4,1000,1000,4,3491982216,4,200,0.7
2026-10-06T22:10:19Z,67846,468.4,1000,1000,4,3493380300,4,200,0.4
2026-10-06T22:10:49Z,67876,464.3,1000,1000,4,3494818938,4,200,0.9
2026-10-06T22:11:19Z,67906,464.0,1000,1000,4,3496192898,4,200,0.6
2026-10-06T22:11:50Z,67936,473.8,1000,1000,4,3497678497,4,200,1.2
2026-10-06T22:12:19Z,67966,473.3,1000,1000,4,3499082321,4,200,0.8
2026-10-06T22:12:49Z,67996,471.7,1000,1000,4,3500513079,4,200,0.9
2026-10-06T22:13:19Z,68026,458.7,1000,1000,4,3501976795,4,200,0.7
2026-10-06T22:13:49Z,68056,474.9,1000,1000,4,3503374660,4,200,1.0
2026-10-06T22:14:20Z,68086,477.0,1000,1000,4,3504834402,4,200,0.9
2026-10-06T22:14:49Z,68116,475.4,1000,1000,4,3506279118,4,200,0.9
2026-10-06T22:15:19Z,68146,476.1,1000,1000,4,3507613976,4,200,6.3
2026-10-06T22:15:50Z,68176,479.1,1000,1000,4,3509030056,4,200,0.8
2026-10-06T22:16:19Z,68206,462.3,1000,1000,4,3510406523,4,200,0.4
2026-10-06T22:16:49Z,68236,471.3,1000,1000,4,3511808702,4,200,0.8
2026-10-06T22:17:20Z,68266,470.1,1000,1000,4,3513323080,4,200,0.5
2026-10-06T22:17:49Z,68296,468.3,1000,1000,4,3514767839,4,200,0.8
2026-10-06T22:18:19Z,68326,478.7,1000,1000,4,3516204621,4,200,0.5
2026-10-06T22:18:49Z,68356,464.7,1000,1000,4,3517705259,4,200,0.8
2026-10-06T22:19:19Z,68386,455.1,1000,1000,4,3519144637,4,200,0.7
2026-10-06T22:19:50Z,68416,478.5,1000,1000,4,3520625875,4,200,0.9
2026-10-06T22:20:19Z,68446,463.9,1000,1000,4,3522081599,4,200,0.5
2026-10-06T22:20:49Z,68476,468.5,1000,1000,4,3523502369,4,200,1.1
2026-10-06T22:21:20Z,68506,473.1,1000,1000,4,3524914140,4,200,0.5
2026-10-06T22:21:49Z,68536,458.1,1000,1000,4,3526341922,4,200,1.6
2026-10-06T22:22:19Z,68566,474.9,1000,1000,4,3527808746,4,200,0.5
2026-10-06T22:22:49Z,68596,468.2,1000,1000,4,3529302048,4,200,0.7
2026-10-06T22:23:19Z,68626,467.5,1000,1000,4,3530668207,4,200,0.7
2026-10-06T22:23:50Z,68656,472.8,1000,1000,4,3532175899,4,200,0.5
2026-10-06T22:24:19Z,68686,475.3,1000,1000,4,3533525746,4,200,0.8
2026-10-06T22:24:49Z,68716,467.5,1000,1000,4,3534934225,4,200,0.6
2026-10-06T22:25:20Z,68746,466.8,1000,1000,4,3536383284,4,200,0.8
2026-10-06T22:25:49Z,68776,472.4,1000,1000,4,3537761610,4,200,3.2
2026-10-06T22:26:19Z,68806,469.8,1000,1000,4,3539167937,4,200,1.1
2026-10-06T22:26:49Z,68836,468.4,1000,1000,4,3540622412,4,200,0.5
2026-10-06T22:27:19Z,68866,477.1,1000,1000,4,3541959054,4,200,0.9
2026-10-06T22:27:49Z,68896,468.5,1000,1000,4,3543319842,4,200,0.5
2026-10-06T22:28:19Z,68926,477.2,1000,1000,4,3544772137,4,200,1.0
2026-10-06T22:28:49Z,68956,476.0,1000,1000,4,3546154959,4,200,0.7
2026-10-06T22:29:20Z,68986,478.0,1000,1000,4,3547590721,4,200,0.8
2026-10-06T22:29:49Z,69016,474.3,1000,1000,4,3548960567,4,200,0.5
2026-10-06T22:30:19Z,69046,469.8,1000,1000,4,3550341335,4,200,1.0
2026-10-06T22:30:50Z,69076,470.1,1000,1000,4,3551753986,4,200,0.4
2026-10-06T22:31:19Z,69106,483.8,1000,1000,4,3553092954,4,200,1.1
2026-10-06T22:31:49Z,69136,510.6,1000,1000,4,3555615318,4,200,9.5
2026-10-06T22:32:19Z,69166,469.2,1000,1000,4,3557272809,4,200,1.7
2026-10-06T22:32:50Z,69196,467.9,1000,1000,4,3558974681,4,200,0.5
2026-10-06T22:33:19Z,69226,478.5,1000,1000,4,3560563533,4,200,1.2
2026-10-06T22:33:49Z,69256,478.8,1000,1000,4,3561994874,4,200,0.5
2026-10-06T22:34:20Z,69286,469.9,1000,1000,4,3563478916,4,200,0.8
2026-10-06T22:34:49Z,69316,469.1,1000,1000,4,3564875190,4,200,1.3
2026-10-06T22:35:19Z,69346,467.7,1000,1000,4,3566274603,4,200,1.0
2026-10-06T22:35:50Z,69376,477.7,1000,1000,4,3567749416,4,200,0.5
2026-10-06T22:36:19Z,69406,476.9,1000,1000,4,3569310116,4,200,3.6
2026-10-06T22:36:49Z,69436,480.4,1000,1000,4,3570944669,4,200,8.8
2026-10-06T22:37:20Z,69466,480.4,1000,1000,4,3572494314,4,200,0.8
2026-10-06T22:37:49Z,69496,478.0,1000,1000,4,3573921501,4,200,0.5
2026-10-06T22:38:19Z,69526,476.4,1000,1000,4,3575355019,4,200,2.7
2026-10-06T22:38:49Z,69556,472.0,1000,1000,4,3576991612,4,200,1.0
2026-10-06T22:39:19Z,69586,480.3,1000,1000,4,3578548295,4,200,1.1
2026-10-06T22:39:49Z,69616,485.3,1000,1000,4,3580098003,4,200,0.6
2026-10-06T22:40:19Z,69646,462.9,1000,1000,4,3581766565,4,200,0.8
2026-10-06T22:40:49Z,69676,483.2,1000,1000,4,3583237329,4,200,1.3
2026-10-06T22:41:20Z,69706,475.0,1000,1000,4,3584729095,4,200,0.9
2026-10-06T22:41:49Z,69736,467.2,1000,1000,4,3586278777,4,200,0.7
2026-10-06T22:42:19Z,69766,482.1,1000,1000,4,3587855422,4,200,1.1
2026-10-06T22:42:50Z,69796,479.2,1000,1000,4,3589481995,4,200,0.8
2026-10-06T22:43:19Z,69826,473.5,1000,1000,4,3591059664,4,200,0.8
2026-10-06T22:43:49Z,69856,470.7,1000,1000,4,3592501480,4,200,0.5
2026-10-06T22:44:20Z,69886,474.4,1000,1000,4,3594041197,4,200,0.6
2026-10-06T22:44:49Z,69916,465.4,1000,1000,4,3595509975,4,200,1.0
2026-10-06T22:45:19Z,69946,464.2,1000,1000,4,3597003503,4,200,0.5
2026-10-06T22:45:50Z,69976,475.8,1000,1000,4,3598501683,4,200,0.9
2026-10-06T22:46:19Z,70006,476.5,1000,1000,4,3600040207,4,200,0.5
2026-10-06T22:46:49Z,70036,472.3,1000,1000,4,3601658764,4,200,1.3
2026-10-06T22:47:19Z,70066,471.6,1000,1000,4,3603359031,4,200,0.5
2026-10-06T22:47:49Z,70096,471.0,1000,1000,4,3605018876,4,200,0.8
2026-10-06T22:48:20Z,70126,471.7,1000,1000,4,3606704253,4,200,0.4
2026-10-06T22:48:49Z,70156,480.0,1000,1000,4,3608254006,4,200,0.9
2026-10-06T22:49:19Z,70186,468.6,1000,1000,4,3609747267,4,200,0.4
2026-10-06T22:49:50Z,70216,479.0,1000,1000,4,3611405454,4,200,0.9
2026-10-06T22:50:19Z,70246,461.2,1000,1000,4,3613040006,4,200,0.5
2026-10-06T22:50:49Z,70276,470.7,1000,1000,4,3614549703,4,200,0.9
2026-10-06T22:51:20Z,70306,471.2,1000,1000,4,3616035514,4,200,0.6
2026-10-06T22:51:49Z,70336,481.0,1000,1000,4,3617455080,4,200,0.9
2026-10-06T22:52:19Z,70366,471.1,1000,1000,4,3618865192,4,200,0.4
2026-10-06T22:52:49Z,70396,458.7,1000,1000,4,3620404901,4,200,1.1
2026-10-06T22:53:19Z,70426,474.8,1000,1000,4,3622084006,4,200,0.6
2026-10-06T22:53:49Z,70456,462.6,1000,1000,4,3623705951,4,200,0.8
2026-10-06T22:54:19Z,70486,463.8,1000,1000,4,3625345614,4,200,1.0
2026-10-06T22:54:49Z,70516,471.5,1000,1000,4,3626931262,4,200,1.5
2026-10-06T22:55:20Z,70546,468.1,1000,1000,4,3628655744,4,200,0.5
2026-10-06T22:55:49Z,70576,472.0,1000,1000,4,3630247354,4,200,1.1
2026-10-06T22:56:19Z,70606,460.8,1000,1000,4,3631708149,4,200,1.2
2026-10-06T22:56:50Z,70636,477.3,1000,1000,4,3633254751,4,200,0.9
2026-10-06T22:57:19Z,70666,473.9,1000,1000,4,3634870432,4,200,0.6
2026-10-06T22:57:49Z,70696,482.7,1000,1000,4,3636536802,4,200,1.5
2026-10-06T22:58:19Z,70726,467.0,1000,1000,4,3638115756,4,200,0.8
2026-10-06T22:58:49Z,70756,483.6,1000,1000,4,3639726292,4,200,3.1
2026-10-06T22:59:19Z,70786,474.2,1000,1000,4,3641292967,4,200,0.5
2026-10-06T22:59:49Z,70816,476.8,1000,1000,4,3642892749,4,200,0.9
2026-10-06T23:00:19Z,70846,477.4,1000,1000,4,3644469431,4,200,0.5
2026-10-06T23:00:50Z,70876,477.0,1000,1000,4,3646093050,4,200,0.8
2026-10-06T23:01:19Z,70906,465.9,1000,1000,4,3647665717,4,200,0.6
2026-10-06T23:01:49Z,70936,479.5,1000,1000,4,3649196435,4,200,0.9
2026-10-06T23:02:20Z,70966,467.1,1000,1000,4,3651869947,4,200,1.5
2026-10-06T23:02:49Z,70996,465.4,1000,1000,4,3653439683,4,200,1.6
2026-10-06T23:03:19Z,71026,471.7,1000,1000,4,3654856437,4,200,0.5
2026-10-06T23:03:50Z,71056,482.1,1000,1000,4,3656392157,4,200,0.8
2026-10-06T23:04:19Z,71086,464.4,1000,1000,4,3657811986,4,200,0.8
2026-10-06T23:04:49Z,71116,478.3,1000,1000,4,3659247261,4,200,1.7
2026-10-06T23:05:20Z,71146,461.6,1000,1000,4,3660718605,4,200,0.5
2026-10-06T23:05:49Z,71176,469.5,1000,1000,4,3662090472,4,200,0.4
2026-10-06T23:06:19Z,71206,469.2,1000,1000,4,3663523278,4,200,0.9
2026-10-06T23:06:50Z,71236,459.6,1000,1000,4,3664967006,4,200,0.5
2026-10-06T23:07:19Z,71266,466.3,1000,1000,4,3666401892,4,200,0.8
2026-10-06T23:07:49Z,71296,472.0,1000,1000,4,3667834162,4,200,0.7
2026-10-06T23:08:19Z,71326,453.6,1000,1000,4,3669308487,4,200,0.9
2026-10-06T23:08:49Z,71356,463.4,1000,1000,4,3670775258,4,200,0.5
2026-10-06T23:09:20Z,71386,470.0,1000,1000,4,3672258019,4,200,0.9
2026-10-06T23:09:49Z,71416,477.5,1000,1000,4,3673674580,4,200,0.4
2026-10-06T23:10:19Z,71446,456.3,1000,1000,4,3675151638,4,200,0.8
2026-10-06T23:10:50Z,71476,480.1,1000,1000,4,3676650385,4,200,0.7
2026-10-06T23:11:19Z,71506,471.7,1000,1000,4,3678039224,4,200,0.8
2026-10-06T23:11:49Z,71536,472.8,1000,1000,4,3679415093,4,200,0.8
2026-10-06T23:12:19Z,71566,469.7,1000,1000,4,3680849912,4,200,0.9
2026-10-06T23:12:49Z,71596,471.9,1000,1000,4,3682239763,4,200,0.5
2026-10-06T23:13:20Z,71626,475.5,1000,1000,4,3683699760,4,200,3.1
2026-10-06T23:13:49Z,71656,471.0,1000,1000,4,3685116700,4,200,0.5
2026-10-06T23:14:19Z,71686,468.3,1000,1000,4,3686485264,4,200,0.9
2026-10-06T23:14:49Z,71716,464.2,1000,1000,4,3687947054,4,200,0.8
2026-10-06T23:15:19Z,71746,474.5,1000,1000,4,3689341906,4,200,0.9
2026-10-06T23:15:49Z,71776,472.8,1000,1000,4,3690825667,4,200,0.5
2026-10-06T23:16:19Z,71806,469.0,1000,1000,4,3692321414,4,200,0.8
2026-10-06T23:16:49Z,71836,468.3,1000,1000,4,3693822225,4,200,0.5
2026-10-06T23:17:20Z,71866,471.2,1000,1000,4,3695316995,4,200,1.6
2026-10-06T23:17:49Z,71896,480.2,1000,1000,4,3696693375,4,200,2.0
2026-10-06T23:18:19Z,71926,475.8,1000,1000,4,3698066749,4,200,2.8
2026-10-06T23:18:50Z,71956,475.6,1000,1000,4,3699560494,4,200,0.8
2026-10-06T23:19:19Z,71986,471.0,1000,1000,4,3700980322,4,200,0.8
2026-10-06T23:19:49Z,72016,474.1,1000,1000,4,3702408152,4,200,0.6
2026-10-06T23:20:19Z,72046,463.4,1000,1000,4,3703820906,4,200,0.8
2026-10-06T23:20:49Z,72076,474.9,1000,1000,4,3705278193,4,200,0.5
2026-10-06T23:21:20Z,72106,459.9,1000,1000,4,3706722625,4,200,0.9
2026-10-06T23:21:49Z,72136,473.4,1000,1000,4,3708123638,4,200,0.7
2026-10-06T23:22:19Z,72166,479.6,1000,1000,4,3709483376,4,200,3.0
2026-10-06T23:22:50Z,72196,477.8,1000,1000,4,3710925196,4,200,0.5
2026-10-06T23:23:19Z,72226,456.4,1000,1000,4,3712346031,4,200,0.9
2026-10-06T23:23:49Z,72256,470.9,1000,1000,4,3713720916,4,200,0.6
2026-10-06T23:24:19Z,72286,470.3,1000,1000,4,3715116786,4,200,0.9
2026-10-06T23:24:49Z,72316,459.8,1000,1000,4,3716514625,4,200,0.5
2026-10-06T23:25:20Z,72346,480.0,1000,1000,4,3717965447,4,200,0.9
2026-10-06T23:25:49Z,72376,474.9,1000,1000,4,3719396267,4,200,0.7
2026-10-06T23:26:19Z,72406,464.0,1000,1000,4,3720806104,4,200,2.5
2026-10-06T23:26:50Z,72436,477.3,1000,1000,4,3722335832,4,200,0.5
2026-10-06T23:27:19Z,72466,467.6,1000,1000,4,3723759669,4,200,0.7
2026-10-06T23:27:49Z,72496,469.9,1000,1000,4,3725170528,4,200,0.9
2026-10-06T23:28:19Z,72526,465.0,1000,1000,4,3726635404,4,200,0.7
2026-10-06T23:28:49Z,72556,467.4,1000,1000,4,3728031174,4,200,1.9
2026-10-06T23:29:20Z,72586,464.7,1000,1000,4,3729530920,4,200,0.5
2026-10-06T23:29:49Z,72616,476.1,1000,1000,4,3730983704,4,200,1.5
2026-10-06T23:30:19Z,72646,468.3,1000,1000,4,3732360938,4,200,0.5
2026-10-06T23:30:50Z,72676,460.9,1000,1000,4,3733818366,4,200,1.0
2026-10-06T23:31:19Z,72706,479.4,1000,1000,4,3735273548,4,200,0.5
2026-10-06T23:31:49Z,72736,475.5,1000,1000,4,3736662027,4,200,0.8
2026-10-06T23:32:19Z,72766,460.2,999,999,5,3738050847,5,200,0.6
2026-10-06T23:32:49Z,72796,456.9,999,999,5,3739542097,5,200,0.8
2026-10-06T23:33:19Z,72826,474.9,999,999,5,3740944542,5,200,0.4
2026-10-06T23:33:49Z,72856,475.1,999,999,5,3742319035,5,200,0.8
2026-10-06T23:34:20Z,72886,473.5,1000,1000,5,3745040304,5,200,1.8
2026-10-06T23:34:49Z,72916,470.9,1000,1000,5,3746555018,5,200,1.0
2026-10-06T23:35:19Z,72946,478.6,1000,1000,5,3748076384,5,200,0.5
2026-10-06T23:35:50Z,72976,475.2,1000,1000,5,3749547933,5,200,0.9
2026-10-06T23:36:19Z,73006,469.9,1000,1000,5,3751095263,5,200,0.5
2026-10-06T23:36:49Z,73036,467.1,1000,1000,5,3752763796,5,200,1.4
2026-10-06T23:37:20Z,73066,462.5,1000,1000,5,3754416372,5,200,1.9
2026-10-06T23:37:49Z,73096,467.1,1000,1000,5,3755914108,5,200,0.8
2026-10-06T23:38:19Z,73126,477.0,1000,1000,5,3757417838,5,200,13.7
2026-10-06T23:38:50Z,73156,482.0,1000,1000,5,3758915580,5,200,0.9
2026-10-06T23:39:19Z,73186,476.1,1000,1000,5,3760674822,5,200,0.7
2026-10-06T23:39:49Z,73216,464.1,1000,1000,5,3762414069,5,200,0.9
2026-10-06T23:40:20Z,73246,483.3,1000,1000,5,3763951074,5,200,0.5
2026-10-06T23:40:49Z,73276,482.5,1000,1000,5,3765400868,5,200,1.0
2026-10-06T23:41:19Z,73306,477.4,1000,1000,5,3766945553,5,200,0.6
2026-10-06T23:41:50Z,73336,478.2,1000,1000,5,3768500331,5,200,0.9
2026-10-06T23:42:19Z,73366,477.2,1000,1000,5,3769954088,5,200,0.5
2026-10-06T23:42:49Z,73396,459.3,1000,1000,5,3771499744,5,200,2.2
2026-10-06T23:43:19Z,73426,459.3,1000,1000,5,3773094373,5,200,0.5
2026-10-06T23:43:49Z,73456,459.7,1000,1000,5,3774582116,5,200,1.0
2026-10-06T23:44:19Z,73486,473.3,1000,1000,5,3776001939,5,200,1.0
2026-10-06T23:44:49Z,73516,476.4,1000,1000,5,3777487708,5,200,0.8
2026-10-06T23:45:19Z,73546,463.4,1000,1000,5,3779131809,5,200,0.4
2026-10-06T23:45:50Z,73576,463.0,1000,1000,5,3780811763,5,200,0.7
2026-10-06T23:46:19Z,73606,460.1,1000,1000,5,3782412364,5,200,0.5
2026-10-06T23:46:49Z,73636,474.3,1000,1000,5,3784011963,5,200,0.8
2026-10-06T23:47:20Z,73666,469.6,1000,1000,5,3785525712,5,200,0.6
2026-10-06T23:47:49Z,73696,478.1,1000,1000,5,3786982270,5,200,1.4
2026-10-06T23:48:19Z,73726,479.4,1000,1000,5,3788364368,5,200,0.5
2026-10-06T23:48:49Z,73756,473.9,1000,1000,5,3789841149,5,200,0.5
2026-10-06T23:49:19Z,73786,478.1,1000,1000,5,3791218105,5,200,0.9
2026-10-06T23:49:50Z,73816,474.5,1000,1000,5,3792677735,5,200,0.7
2026-10-06T23:50:19Z,73846,477.7,1000,1000,5,3794164577,5,200,0.8
2026-10-06T23:50:49Z,73876,476.5,1000,1000,5,3795748801,5,200,0.5
2026-10-06T23:51:20Z,73906,469.9,1000,1000,5,3797498484,5,200,1.0
2026-10-06T23:51:49Z,73936,467.3,1000,1000,5,3799149213,5,200,0.5
2026-10-06T23:52:19Z,73966,480.3,1000,1000,5,3800720854,5,200,0.8
2026-10-06T23:52:50Z,73996,467.9,1000,1000,5,3802384395,5,200,0.5
2026-10-06T23:53:19Z,74026,477.9,1000,1000,5,3804001971,5,200,0.9
2026-10-06T23:53:49Z,74056,477.9,1000,1000,5,3805650473,5,200,0.6
2026-10-06T23:54:19Z,74086,467.6,1000,1000,5,3807334135,5,200,0.8
2026-10-06T23:54:49Z,74116,468.6,1000,1000,5,3808950565,5,200,0.6
2026-10-06T23:55:19Z,74146,471.5,1000,1000,5,3810594099,5,200,1.1
2026-10-06T23:55:49Z,74176,468.3,1000,1000,5,3812307540,5,200,1.7
2026-10-06T23:56:19Z,74206,472.4,1000,1000,5,3813812266,5,200,0.9
2026-10-06T23:56:50Z,74236,471.9,1000,1000,5,3815264772,5,200,0.8
2026-10-06T23:57:19Z,74266,466.1,1000,1000,5,3816681903,5,200,1.6
2026-10-06T23:57:49Z,74296,483.1,1000,1000,5,3818092741,5,200,0.5
2026-10-06T23:58:20Z,74326,473.5,1000,1000,5,3819616700,5,200,1.6
2026-10-06T23:58:49Z,74356,468.6,1000,1000,5,3821250051,5,200,0.7
2026-10-06T23:59:19Z,74386,467.3,1000,1000,5,3822718834,5,200,0.9
2026-10-06T23:59:50Z,74416,474.5,1000,1000,5,3824273535,5,200,0.5
2026-10-07T00:00:19Z,74446,459.1,1000,1000,5,3825676384,5,200,1.0
2026-10-07T00:00:49Z,74476,475.0,1000,1000,5,3827173140,5,200,0.5
2026-10-07T00:01:20Z,74506,470.1,1000,1000,5,3828608118,5,200,0.9
2026-10-07T00:01:49Z,74536,465.7,1000,1000,5,3830141927,5,200,0.5
2026-10-07T00:02:19Z,74566,462.1,1000,1000,5,3831890984,5,200,1.8
2026-10-07T00:02:50Z,74596,460.3,1000,1000,5,3833707218,5,200,0.5
2026-10-07T00:03:19Z,74626,473.4,1000,1000,5,3835216977,5,200,0.8
2026-10-07T00:03:49Z,74656,477.1,1000,1000,5,3836809670,5,200,0.5
2026-10-07T00:04:20Z,74686,460.0,1000,1000,5,3839499299,5,200,0.8
2026-10-07T00:04:49Z,74716,474.6,1000,1000,5,3841031884,5,200,0.5
2026-10-07T00:05:19Z,74746,468.9,1000,1000,5,3842475979,5,200,2.6
2026-10-07T00:05:50Z,74776,471.5,1000,1000,5,3843927627,5,200,0.5
2026-10-07T00:06:19Z,74806,464.5,1000,1000,5,3845279593,5,200,0.9
2026-10-07T00:06:49Z,74836,475.0,1000,1000,5,3846686507,5,200,0.6
2026-10-07T00:07:20Z,74866,479.2,1000,1000,5,3848174844,5,200,1.1
2026-10-07T00:07:49Z,74896,476.2,1000,1000,5,3849638160,5,200,5.6
2026-10-07T00:08:19Z,74926,470.2,1000,1000,5,3851139965,5,200,0.9
2026-10-07T00:08:50Z,74956,473.1,1000,1000,5,3852643836,5,200,0.9
2026-10-07T00:09:19Z,74986,474.7,1000,1000,5,3854085377,5,200,0.7
2026-10-07T00:09:49Z,75016,463.8,1000,1000,5,3855557545,5,200,0.7
2026-10-07T00:10:20Z,75046,476.0,1000,1000,5,3857066356,5,200,0.8
2026-10-07T00:10:49Z,75076,471.6,1000,1000,5,3858540728,5,200,2.3
2026-10-07T00:11:19Z,75106,468.9,1000,1000,5,3859975587,5,200,1.0
2026-10-07T00:11:50Z,75136,472.9,1000,1000,5,3861516786,5,200,0.8
2026-10-07T00:12:19Z,75166,464.9,1000,1000,5,3862935610,5,200,0.5
2026-10-07T00:12:49Z,75196,469.4,1000,1000,5,3864347303,5,200,0.8
2026-10-07T00:13:20Z,75226,469.8,1000,1000,5,3865824488,5,200,0.7
2026-10-07T00:13:49Z,75256,478.0,1000,1000,5,3867221418,5,200,0.8
2026-10-07T00:14:19Z,75286,468.8,1000,1000,5,3868667336,5,200,0.5
2026-10-07T00:14:50Z,75316,461.9,1000,1000,5,3870154145,5,200,1.2
2026-10-07T00:15:19Z,75346,473.8,1000,1000,5,3871565063,5,200,0.8
2026-10-07T00:15:49Z,75376,466.7,1000,1000,5,3873030931,5,200,0.7
2026-10-07T00:16:20Z,75406,466.6,1000,1000,5,3874554162,5,200,0.8
2026-10-07T00:16:49Z,75436,458.9,1000,1000,5,3875978611,5,200,1.1
2026-10-07T00:17:19Z,75466,466.3,1000,1000,5,3877406010,5,200,0.6
2026-10-07T00:17:50Z,75496,483.0,1000,1000,5,3878915802,5,200,1.0
2026-10-07T00:18:19Z,75526,471.6,1000,1000,5,3880350817,5,200,0.5
2026-10-07T00:18:49Z,75556,458.8,1000,1000,5,3881787161,5,200,0.9
2026-10-07T00:19:20Z,75586,478.8,1000,1000,5,3883307910,5,200,0.5
2026-10-07T00:19:49Z,75616,467.5,1000,1000,5,3884792594,5,200,0.7
2026-10-07T00:20:19Z,75646,478.8,1000,1000,5,3886245672,5,200,0.5
2026-10-07T00:20:50Z,75676,472.4,1000,1000,5,3887751869,5,200,1.4
2026-10-07T00:21:19Z,75706,468.7,1000,1000,5,3889180342,5,200,0.4
2026-10-07T00:21:49Z,75736,470.8,1000,1000,5,3890625224,5,200,0.9
2026-10-07T00:22:20Z,75766,470.5,1000,1000,5,3892122388,5,200,0.6
2026-10-07T00:22:49Z,75796,479.1,1000,1000,5,3893578895,5,200,0.9
2026-10-07T00:23:19Z,75826,463.0,1000,1000,5,3894999808,5,200,0.6
2026-10-07T00:23:50Z,75856,462.8,1000,1000,5,3896625455,5,200,1.2
2026-10-07T00:24:19Z,75886,474.0,1000,1000,5,3898159206,5,200,0.6
2026-10-07T00:24:49Z,75916,466.4,1000,1000,5,3899601078,5,200,0.9
2026-10-07T00:25:20Z,75946,473.4,1000,1000,5,3901082935,5,200,0.6
2026-10-07T00:25:49Z,75976,463.0,1000,1000,5,3902560767,5,200,0.8
2026-10-07T00:26:19Z,76006,462.8,1000,1000,5,3903960708,5,200,0.5
2026-10-07T00:26:50Z,76036,466.8,1000,1000,5,3905457532,5,200,0.9
2026-10-07T00:27:19Z,76066,467.5,1000,1000,5,3906923170,5,200,0.5
2026-10-07T00:27:49Z,76096,467.9,1000,1000,5,3908358226,5,200,0.9
2026-10-07T00:28:20Z,76126,465.1,1000,1000,5,3909890836,5,200,0.8
2026-10-07T00:28:49Z,76156,465.2,1000,1000,5,3911364065,5,200,0.8
2026-10-07T00:29:19Z,76186,479.4,1000,1000,5,3912802666,5,200,0.4
2026-10-07T00:29:50Z,76216,477.8,1000,1000,5,3914257346,5,200,1.5
2026-10-07T00:30:19Z,76246,460.0,1000,1000,5,3915670475,5,200,0.5
2026-10-07T00:30:49Z,76276,466.9,1000,1000,5,3917103358,5,200,0.5
2026-10-07T00:31:20Z,76306,473.1,1000,1000,5,3918571244,5,200,2.3
2026-10-07T00:31:49Z,76336,460.6,1000,1000,5,3920018125,5,200,0.5
2026-10-07T00:32:19Z,76366,464.8,1000,1000,5,3921455957,5,200,1.0
2026-10-07T00:32:50Z,76396,465.4,1000,1000,5,3922903834,5,200,1.5
2026-10-07T00:33:19Z,76426,460.7,1000,1000,5,3924317732,5,200,0.9
2026-10-07T00:33:49Z,76456,467.1,1000,1000,5,3925727643,5,200,0.6
2026-10-07T00:34:20Z,76486,471.6,1000,1000,5,3928372269,5,200,1.1
2026-10-07T00:34:49Z,76516,471.6,1000,1000,5,3930172545,5,200,0.5
2026-10-07T00:35:19Z,76546,464.3,1000,1000,5,3931844091,5,200,11.1
2026-10-07T00:35:49Z,76576,468.7,1000,1000,5,3933395536,5,200,0.6
2026-10-07T00:36:19Z,76606,465.3,1000,1000,5,3934951153,5,200,1.0
2026-10-07T00:36:49Z,76636,473.5,1000,1000,5,3936470368,5,200,1.5
2026-10-07T00:37:19Z,76666,479.2,1000,1000,5,3937977163,5,200,3.2
2026-10-07T00:37:50Z,76696,461.9,1000,1000,5,3939575353,5,200,0.8
2026-10-07T00:38:19Z,76726,469.5,1000,1000,5,3941140568,5,200,0.8
2026-10-07T00:38:49Z,76756,469.5,1000,1000,5,3942719276,5,200,0.6
2026-10-07T00:39:20Z,76786,481.4,1000,1000,5,3944292812,5,200,0.9
2026-10-07T00:39:49Z,76816,473.8,1000,1000,5,3945776994,5,200,0.5
2026-10-07T00:40:19Z,76846,474.2,1000,1000,5,3947274760,5,200,0.7
2026-10-07T00:40:49Z,76876,481.6,1000,1000,5,3948756664,5,200,0.5
2026-10-07T00:41:19Z,76906,459.2,1000,1000,5,3950279157,5,200,1.9
2026-10-07T00:41:49Z,76936,468.0,1000,1000,5,3951742002,5,200,0.5
2026-10-07T00:42:20Z,76966,468.4,1000,1000,5,3953233845,5,200,1.1
2026-10-07T00:42:49Z,76996,472.8,1000,1000,5,3954725633,5,200,0.5
2026-10-07T00:43:19Z,77026,471.7,1000,1000,5,3956199462,5,200,0.9
2026-10-07T00:43:50Z,77056,459.2,1000,1000,5,3957805135,5,200,0.6
2026-10-07T00:44:19Z,77086,476.5,1000,1000,5,3959272045,5,200,0.8
2026-10-07T00:44:49Z,77116,467.8,1000,1000,5,3960855182,5,200,0.5
2026-10-07T00:45:20Z,77146,470.6,1000,1000,5,3962405274,5,200,1.0
2026-10-07T00:45:49Z,77176,472.2,1000,1000,5,3963917737,5,200,0.5
2026-10-07T00:46:19Z,77206,477.0,1000,1000,5,3965376998,5,200,0.8
2026-10-07T00:46:49Z,77236,463.1,1000,1000,5,3966898795,5,200,0.5
2026-10-07T00:47:19Z,77266,463.3,1000,1000,5,3968362637,5,200,1.0
2026-10-07T00:47:50Z,77296,475.1,1000,1000,5,3969907003,5,200,0.5
2026-10-07T00:48:19Z,77326,469.8,1000,1000,5,3971381191,5,200,1.0
2026-10-07T00:48:49Z,77356,475.8,1000,1000,5,3972887980,5,200,0.8
2026-10-07T00:49:20Z,77386,467.3,1000,1000,5,3974402609,5,200,1.2
2026-10-07T00:49:49Z,77416,480.9,1000,1000,5,3975848658,5,200,0.5
2026-10-07T00:50:19Z,77446,474.1,1000,1000,5,3977287560,5,200,0.9
2026-10-07T00:50:50Z,77476,482.7,1000,1000,5,3978814280,5,200,0.5
2026-10-07T00:51:19Z,77506,473.7,1000,1000,5,3980265101,5,200,0.9
2026-10-07T00:51:49Z,77536,471.6,1000,1000,5,3981735705,5,200,0.7
2026-10-07T00:52:20Z,77566,481.6,1000,1000,5,3983273811,5,200,0.5
2026-10-07T00:52:49Z,77596,476.3,1000,1000,5,3984778599,5,200,0.8
2026-10-07T00:53:19Z,77626,467.9,1000,1000,5,3986208510,5,200,0.5
2026-10-07T00:53:49Z,77656,467.1,1000,1000,5,3987726293,5,200,4.0
2026-10-07T00:54:19Z,77686,471.5,1000,1000,5,3989210096,5,200,0.4
2026-10-07T00:54:50Z,77716,458.8,1000,1000,5,3990819444,5,200,1.5
2026-10-07T00:55:19Z,77746,461.2,1000,1000,5,3992304541,5,200,0.5
2026-10-07T00:55:49Z,77776,476.8,1000,1000,5,3993827413,5,200,0.8
2026-10-07T00:56:20Z,77806,466.1,1000,1000,5,3995345127,5,200,0.6
2026-10-07T00:56:49Z,77836,473.2,1000,1000,5,3996804680,5,200,0.8
2026-10-07T00:57:19Z,77866,472.2,1000,1000,5,3998301768,5,200,0.5
2026-10-07T00:57:50Z,77896,472.1,1000,1000,5,3999943405,5,200,0.8
2026-10-07T00:58:19Z,77926,467.4,1000,1000,5,4001516093,5,200,0.4
2026-10-07T00:58:49Z,77956,467.4,1000,1000,5,4003105772,5,200,0.9
2026-10-07T00:59:20Z,77986,460.5,1000,1000,5,4004707462,5,200,0.5
2026-10-07T00:59:49Z,78016,467.5,1000,1000,5,4006224247,5,200,0.7
2026-10-07T01:00:19Z,78046,466.7,1000,1000,5,4007731051,5,200,0.5
2026-10-07T01:00:50Z,78076,472.2,1000,1000,5,4009346723,5,200,0.9
2026-10-07T01:01:19Z,78106,476.0,1000,1000,5,4011004727,5,200,0.6
2026-10-07T01:01:49Z,78136,469.5,1000,1000,5,4012649899,5,200,0.8
2026-10-07T01:02:19Z,78166,461.7,1000,1000,5,4014290414,5,200,0.5
2026-10-07T01:02:49Z,78196,472.4,1000,1000,5,4015899006,5,200,0.9
2026-10-07T01:03:20Z,78226,480.4,1000,1000,5,4017500668,5,200,0.6
2026-10-07T01:03:49Z,78256,464.3,1000,1000,5,4018998921,5,200,4.0
2026-10-07T01:04:19Z,78286,484.4,1000,1000,5,4021644070,5,200,0.6
2026-10-07T01:04:50Z,78316,470.7,1000,1000,5,4023070893,5,200,0.9
2026-10-07T01:05:19Z,78346,471.5,1000,1000,5,4024467684,5,200,0.5
2026-10-07T01:05:49Z,78376,466.7,1000,1000,5,4025922518,5,200,1.5
2026-10-07T01:06:20Z,78406,479.9,1000,1000,5,4027395298,5,200,0.5
2026-10-07T01:06:49Z,78436,475.8,1000,1000,5,4028785155,5,200,0.9
2026-10-07T01:07:19Z,78466,469.1,1000,1000,5,4030184918,5,200,0.5
2026-10-07T01:07:50Z,78496,452.8,1000,1000,5,4031685189,5,200,0.9
2026-10-07T01:08:19Z,78526,460.2,1000,1000,5,4033178495,5,200,0.8
2026-10-07T01:08:49Z,78556,478.7,1000,1000,5,4034841014,5,200,5.4
2026-10-07T01:09:20Z,78586,467.6,1000,1000,5,4036393724,5,200,0.5
2026-10-07T01:09:49Z,78616,469.9,1000,1000,5,4037848521,5,200,0.9
2026-10-07T01:10:19Z,78646,468.2,1000,1000,5,4039317357,5,200,0.5
2026-10-07T01:10:50Z,78676,463.2,1000,1000,5,4040859570,5,200,1.8
2026-10-07T01:11:19Z,78706,468.0,1000,1000,5,4042449830,5,200,0.5
2026-10-07T01:11:49Z,78736,473.3,1000,1000,5,4043991408,5,200,1.1
2026-10-07T01:12:20Z,78766,469.7,1000,1000,5,4045637309,5,200,0.6
2026-10-07T01:12:49Z,78796,467.9,1000,1000,5,4047164977,5,200,1.2
2026-10-07T01:13:19Z,78826,466.1,1000,1000,5,4048713760,5,200,0.5
2026-10-07T01:13:50Z,78856,483.3,1000,1000,5,4050245976,5,200,0.6
2026-10-07T01:14:19Z,78886,476.2,1000,1000,5,4051678992,5,200,1.0
2026-10-07T01:14:49Z,78916,470.1,1000,1000,5,4053094803,5,200,3.8
2026-10-07T01:15:20Z,78946,485.6,1000,1000,5,4054716414,5,200,2.1
2026-10-07T01:15:49Z,78976,459.7,1000,1000,5,4056321038,5,200,0.7
2026-10-07T01:16:19Z,79006,479.5,1000,1000,5,4057772829,5,200,1.0
2026-10-07T01:16:50Z,79036,471.3,1000,1000,5,4059242615,5,200,0.5
2026-10-07T01:17:19Z,79066,466.8,1000,1000,5,4060708391,5,200,1.0
2026-10-07T01:17:49Z,79096,467.6,1000,1000,5,4062139218,5,200,0.5
2026-10-07T01:18:20Z,79126,467.7,1000,1000,5,4063609776,5,200,0.9
2026-10-07T01:18:49Z,79156,469.3,1000,1000,5,4065066383,5,200,0.7
2026-10-07T01:19:19Z,79186,468.7,1000,1000,5,4066608467,5,200,0.8
2026-10-07T01:19:50Z,79216,469.9,1000,1000,5,4068178139,5,200,0.5
2026-10-07T01:20:19Z,79246,458.3,1000,1000,5,4069617579,5,200,1.0
2026-10-07T01:20:49Z,79276,466.6,1000,1000,5,4071019840,5,200,0.4
2026-10-07T01:21:20Z,79306,474.4,1000,1000,5,4072506564,5,200,0.9
2026-10-07T01:21:49Z,79336,475.2,1000,1000,5,4073946369,5,200,0.6
2026-10-07T01:22:19Z,79366,461.3,1000,1000,5,4075441117,5,200,2.3
2026-10-07T01:22:50Z,79396,480.2,1000,1000,5,4077000853,5,200,1.9
2026-10-07T01:23:19Z,79426,475.0,1000,1000,5,4078477907,5,200,0.8
2026-10-07T01:23:49Z,79456,470.4,1000,1000,5,4079959354,5,200,0.4
2026-10-07T01:24:19Z,79486,466.4,1000,1000,5,4081614884,5,200,1.1
2026-10-07T01:24:49Z,79516,465.4,1000,1000,5,4083130584,5,200,0.9
2026-10-07T01:25:19Z,79546,469.7,1000,1000,5,4084675271,5,200,0.7
2026-10-07T01:25:49Z,79576,458.6,1000,1000,5,4086328255,5,200,0.6
2026-10-07T01:26:19Z,79606,469.1,1000,1000,5,4087853739,5,200,1.2
2026-10-07T01:26:49Z,79636,479.3,1000,1000,5,4089434456,5,200,0.5
2026-10-07T01:27:19Z,79666,459.9,1000,1000,5,4091058151,5,200,1.0
2026-10-07T01:27:49Z,79696,472.2,1000,1000,5,4092607926,5,200,0.5
2026-10-07T01:28:20Z,79726,476.0,1000,1000,5,4094175111,5,200,1.0
2026-10-07T01:28:49Z,79756,478.2,1000,1000,5,4095682594,5,200,0.5
2026-10-07T01:29:19Z,79786,471.2,1000,1000,5,4097177790,5,200,0.8
2026-10-07T01:29:50Z,79816,480.3,1000,1000,5,4098753282,5,200,0.6
2026-10-07T01:30:19Z,79846,468.3,1000,1000,5,4100300248,5,200,0.8
2026-10-07T01:30:49Z,79876,462.7,1000,1000,5,4101813091,5,200,0.6
2026-10-07T01:31:20Z,79906,477.0,1000,1000,5,4103390708,5,200,0.9
2026-10-07T01:31:49Z,79936,472.1,1000,1000,5,4104930506,5,200,0.6
2026-10-07T01:32:19Z,79966,472.7,1000,1000,5,4106452341,5,200,1.2
2026-10-07T01:32:50Z,79996,481.3,1000,1000,5,4108048829,5,200,1.3
2026-10-07T01:33:19Z,80026,474.8,1000,1000,5,4109564505,5,200,0.9
2026-10-07T01:33:49Z,80056,463.8,1000,1000,5,4111112720,5,200,0.4
2026-10-07T01:34:19Z,80086,462.2,1000,1000,5,4112681525,5,200,2.2
2026-10-07T01:34:49Z,80116,467.7,1000,1000,5,4115428455,5,200,0.4
2026-10-07T01:35:19Z,80146,470.1,1000,1000,5,4116950666,5,200,3.0
2026-10-07T01:35:50Z,80176,471.2,1000,1000,5,4118538321,5,200,0.7
2026-10-07T01:36:19Z,80206,471.6,1000,1000,5,4120045318,5,200,0.6
2026-10-07T01:36:49Z,80236,473.2,1000,1000,5,4121575752,5,200,0.9
2026-10-07T01:37:20Z,80266,469.1,1000,1000,5,4123203893,5,200,0.5
2026-10-07T01:37:49Z,80296,467.9,1000,1000,5,4124861470,5,200,1.3
2026-10-07T01:38:19Z,80326,474.0,1000,1000,5,4126460468,5,200,0.7
2026-10-07T01:38:50Z,80356,463.1,1000,1000,5,4128073586,5,200,0.9
2026-10-07T01:39:19Z,80386,480.0,1000,1000,5,4129595800,5,200,1.8
2026-10-07T01:39:49Z,80416,466.4,1000,1000,5,4131148481,5,200,0.7
2026-10-07T01:40:20Z,80446,479.4,1000,1000,5,4132785086,5,200,0.5
2026-10-07T01:40:49Z,80476,469.6,1000,1000,5,4134316788,5,200,0.9
2026-10-07T01:41:19Z,80506,468.4,1000,1000,5,4135826513,5,200,1.8
2026-10-07T01:41:50Z,80536,477.1,1000,1000,5,4137410995,5,200,0.8
2026-10-07T01:42:19Z,80566,471.3,1000,1000,5,4138997389,5,200,0.7
2026-10-07T01:42:49Z,80596,468.1,1000,1000,5,4140510514,5,200,0.9
2026-10-07T01:43:20Z,80626,464.6,1000,1000,5,4142196058,5,200,0.7
2026-10-07T01:43:49Z,80656,466.8,1000,1000,5,4143920481,5,200,0.9
2026-10-07T01:44:19Z,80686,468.4,1000,1000,5,4145590184,5,200,0.5
2026-10-07T01:44:50Z,80716,474.2,1000,1000,5,4147364976,5,200,0.8
2026-10-07T01:45:19Z,80746,460.3,1000,1000,5,4149053038,5,200,0.7
2026-10-07T01:45:49Z,80776,467.6,1000,1000,5,4150667423,5,200,0.9
2026-10-07T01:46:20Z,80806,474.8,1000,1000,5,4152206285,5,200,3.1
2026-10-07T01:46:49Z,80836,475.5,1000,1000,5,4153713051,5,200,0.8
2026-10-07T01:47:19Z,80866,475.0,1000,1000,5,4155199850,5,200,0.4
2026-10-07T01:47:50Z,80896,477.8,1000,1000,5,4156734642,5,200,0.8
2026-10-07T01:48:19Z,80926,459.7,1000,1000,5,4158211162,5,200,0.5
2026-10-07T01:48:49Z,80956,467.2,1000,1000,5,4159717143,5,200,0.8
2026-10-07T01:49:20Z,80986,478.3,1000,1000,5,4161235017,5,200,0.5
2026-10-07T01:49:49Z,81016,470.3,1000,1000,5,4162819688,5,200,0.9
2026-10-07T01:50:19Z,81046,457.7,1000,1000,5,4164428317,5,200,0.6
2026-10-07T01:50:50Z,81076,468.6,1000,1000,5,4166041359,5,200,0.8
2026-10-07T01:51:19Z,81106,474.0,1000,1000,5,4167582767,5,200,0.5
2026-10-07T01:51:49Z,81136,479.3,1000,1000,5,4169124534,5,200,0.9
2026-10-07T01:52:20Z,81166,471.9,1000,1000,5,4170685298,5,200,0.5
2026-10-07T01:52:49Z,81196,472.1,1000,1000,5,4172227044,5,200,0.9
2026-10-07T01:53:19Z,81226,472.9,1000,1000,5,4173760774,5,200,0.4
2026-10-07T01:53:50Z,81256,469.3,1000,1000,5,4175423986,5,200,1.8
2026-10-07T01:54:19Z,81286,474.1,1000,1000,5,4177024561,5,200,0.5
2026-10-07T01:54:49Z,81316,461.2,1000,1000,5,4178647332,5,200,1.3
2026-10-07T01:55:20Z,81346,473.5,1000,1000,5,4180336132,5,200,0.5
2026-10-07T01:55:49Z,81376,477.8,1000,1000,5,4181994408,5,200,1.3
2026-10-07T01:56:19Z,81406,481.2,1000,1000,5,4183499473,5,200,1.3
2026-10-07T01:56:50Z,81436,480.0,1000,1000,5,4185124092,5,200,0.4
2026-10-07T01:57:19Z,81466,480.8,1000,1000,5,4186614886,5,200,1.1
2026-10-07T01:57:49Z,81496,476.6,1000,1000,5,4188080721,5,200,0.6
2026-10-07T01:58:20Z,81526,469.1,1000,1000,5,4189630049,5,200,1.1
2026-10-07T01:58:49Z,81556,484.2,1000,1000,5,4191092305,5,200,0.5
2026-10-07T01:59:19Z,81586,484.7,1000,1000,5,4192551155,5,200,1.1
2026-10-07T01:59:50Z,81616,475.7,1000,1000,5,4194301572,5,200,0.5
2026-10-07T02:00:19Z,81646,470.9,1000,1000,5,4196016261,5,200,0.8
2026-10-07T02:00:49Z,81676,475.3,1000,1000,5,4197571854,5,200,0.5
2026-10-07T02:01:20Z,81706,476.1,1000,1000,5,4199239387,5,200,0.9
2026-10-07T02:01:49Z,81736,470.3,1000,1000,5,4200879984,5,200,0.6
2026-10-07T02:02:19Z,81766,485.0,1000,1000,5,4202419735,5,200,0.8
2026-10-07T02:02:50Z,81796,475.7,1000,1000,5,4203963638,5,200,0.6
2026-10-07T02:03:19Z,81826,474.4,1000,1000,5,4205475507,5,200,0.8
2026-10-07T02:03:49Z,81856,479.7,1000,1000,5,4207006897,5,200,0.5
2026-10-07T02:04:19Z,81886,473.7,1000,1000,5,4208587083,5,200,0.8
2026-10-07T02:04:49Z,81916,465.5,1000,1000,5,4211330875,5,200,0.5
2026-10-07T02:05:19Z,81946,470.6,1000,1000,5,4213082576,5,200,0.9
2026-10-07T02:05:49Z,81976,454.1,1000,1000,5,4214836345,5,200,0.4
2026-10-07T02:06:19Z,82006,468.6,1000,1000,5,4216592710,5,200,0.9
2026-10-07T02:06:49Z,82036,465.8,1000,1000,5,4218328298,5,200,0.6
2026-10-07T02:07:19Z,82066,462.4,1000,1000,5,4220134444,5,200,0.9
2026-10-07T02:07:49Z,82096,467.6,1000,1000,5,4221852885,5,200,0.8
2026-10-07T02:08:20Z,82126,470.5,1000,1000,5,4223618295,5,200,1.0
2026-10-07T02:08:49Z,82156,462.2,1000,1000,5,4225121062,5,200,0.6
2026-10-07T02:09:19Z,82186,468.7,1000,1000,5,4226608855,5,200,0.8
2026-10-07T02:09:50Z,82216,463.7,1000,1000,5,4228164553,5,200,0.5
2026-10-07T02:10:19Z,82246,471.6,1000,1000,5,4229714280,5,200,1.0
2026-10-07T02:10:49Z,82276,474.8,1000,1000,5,4231177118,5,200,0.5
2026-10-07T02:11:20Z,82306,474.8,1000,1000,5,4232708884,5,200,0.8
2026-10-07T02:11:49Z,82336,467.7,1000,1000,5,4234204661,5,200,0.7
2026-10-07T02:12:19Z,82366,475.1,1000,1000,5,4235661513,5,200,1.1
2026-10-07T02:12:50Z,82396,476.3,1000,1000,5,4237228583,5,200,0.5
2026-10-07T02:13:19Z,82426,473.2,1000,1000,5,4238734006,5,200,0.8
2026-10-07T02:13:49Z,82456,465.5,1000,1000,5,4240195851,5,200,0.5
2026-10-07T02:14:19Z,82486,467.8,1000,1000,5,4241780815,5,200,0.8
2026-10-07T02:14:49Z,82516,471.3,1000,1000,5,4243305287,5,200,0.6
2026-10-07T02:15:19Z,82546,473.6,1000,1000,5,4244772125,5,200,1.1
2026-10-07T02:15:49Z,82576,472.2,1000,1000,5,4246309653,5,200,0.6
2026-10-07T02:16:19Z,82606,474.2,1000,1000,5,4247794684,5,200,2.8
2026-10-07T02:16:50Z,82636,473.4,1000,1000,5,4249339429,5,200,0.5
2026-10-07T02:17:19Z,82666,471.8,1000,1000,5,4250817246,5,200,0.7
2026-10-07T02:17:49Z,82696,475.8,1000,1000,5,4252307050,5,200,0.8
2026-10-07T02:18:20Z,82726,474.1,1000,1000,5,4253874063,5,200,2.9
2026-10-07T02:18:49Z,82756,467.8,1000,1000,5,4255431473,5,200,1.0
2026-10-07T02:19:19Z,82786,462.8,1000,1000,5,4256903297,5,200,0.4
2026-10-07T02:19:50Z,82816,479.6,1000,1000,5,4258423088,5,200,0.8
2026-10-07T02:20:19Z,82846,458.2,1000,1000,5,4259873954,5,200,0.7
2026-10-07T02:20:49Z,82876,469.1,1000,1000,5,4261363756,5,200,0.8
2026-10-07T02:21:20Z,82906,477.5,1000,1000,5,4262894577,5,200,0.5
2026-10-07T02:21:49Z,82936,466.5,1000,1000,5,4264390965,5,200,0.8
2026-10-07T02:22:19Z,82966,475.3,1000,1000,5,4265850154,5,200,1.7
2026-10-07T02:22:50Z,82996,475.8,1000,1000,5,4267360976,5,200,0.9
2026-10-07T02:23:19Z,83026,485.8,1000,1000,5,4268859747,5,200,0.5
2026-10-07T02:23:49Z,83056,474.4,1000,1000,5,4270333576,5,200,5.6
2026-10-07T02:24:20Z,83086,480.2,1000,1000,5,4271853393,5,200,0.5
2026-10-07T02:24:49Z,83116,471.4,1000,1000,5,4273325205,5,200,1.5
2026-10-07T02:25:19Z,83146,479.5,1000,1000,5,4274806328,5,200,0.6
2026-10-07T02:25:50Z,83176,470.5,1000,1000,5,4276386654,5,200,1.0
2026-10-07T02:26:19Z,83206,473.1,1000,1000,5,4277852533,5,200,0.5
2026-10-07T02:26:49Z,83236,479.6,1000,1000,5,4279387245,5,200,1.3
2026-10-07T02:27:20Z,83266,476.3,1000,1000,5,4280926615,5,200,0.6
2026-10-07T02:27:49Z,83296,470.7,1000,1000,5,4282449720,5,200,2.3
2026-10-07T02:28:19Z,83326,469.3,1000,1000,5,4283937512,5,200,0.6
2026-10-07T02:28:50Z,83356,474.4,1000,1000,5,4285546370,5,200,0.8
2026-10-07T02:29:19Z,83386,464.3,1000,1000,5,4287065035,5,200,0.7
2026-10-07T02:29:49Z,83416,471.9,1000,1000,5,4288645332,5,200,3.4
2026-10-07T02:30:20Z,83446,480.1,1000,1000,5,4290206386,5,200,0.4
2026-10-07T02:30:49Z,83476,455.3,1000,1000,5,4291773064,5,200,0.8
2026-10-07T02:31:19Z,83506,480.6,1000,1000,5,4293259858,5,200,2.3
2026-10-07T02:31:50Z,83536,475.9,1000,1000,5,4294791885,5,200,0.9
2026-10-07T02:32:19Z,83566,474.6,1000,1000,5,4296268682,5,200,0.4
2026-10-07T02:32:49Z,83596,478.1,1000,1000,5,4297763244,5,200,0.8
2026-10-07T02:33:19Z,83626,463.8,1000,1000,5,4299309970,5,200,0.5
2026-10-07T02:33:49Z,83656,471.9,1000,1000,5,4300788510,5,200,0.8
2026-10-07T02:34:20Z,83686,462.6,1000,1000,5,4302305597,5,200,0.7
2026-10-07T02:34:49Z,83716,461.8,1000,1000,5,4304983123,5,200,0.8
2026-10-07T02:35:19Z,83746,463.8,1000,1000,5,4306579958,5,200,0.6
2026-10-07T02:35:49Z,83776,463.7,1000,1000,5,4308114800,5,200,1.0
2026-10-07T02:36:19Z,83806,462.4,1000,1000,5,4309752115,5,200,0.5
2026-10-07T02:36:49Z,83836,465.1,1000,1000,5,4311335360,5,200,0.8
2026-10-07T02:37:20Z,83866,464.3,1000,1000,5,4312965832,5,200,0.5
2026-10-07T02:37:49Z,83896,470.7,1000,1000,5,4314534113,5,200,1.0
2026-10-07T02:38:19Z,83926,471.4,1000,1000,5,4316130572,5,200,0.6
2026-10-07T02:38:50Z,83956,467.4,1000,1000,5,4317719455,5,200,0.5
2026-10-07T02:39:19Z,83986,469.9,1000,1000,5,4319255024,5,200,0.9
2026-10-07T02:39:49Z,84016,464.5,1000,1000,5,4320875765,5,200,0.6
2026-10-07T02:40:20Z,84046,460.6,1000,1000,5,4322458381,5,200,0.9
2026-10-07T02:40:49Z,84076,462.3,1000,1000,5,4323882209,5,200,0.5
2026-10-07T02:41:19Z,84106,470.5,1000,1000,5,4325294054,5,200,5.8
2026-10-07T02:41:50Z,84136,472.6,1000,1000,5,4326743324,5,200,0.8
2026-10-07T02:42:19Z,84166,468.5,1000,1000,5,4328157692,5,200,0.9
2026-10-07T02:42:49Z,84196,464.9,1000,1000,5,4329563230,5,200,0.5
2026-10-07T02:43:19Z,84226,456.7,1000,1000,5,4331008323,5,200,0.9
2026-10-07T02:43:49Z,84256,455.0,1000,1000,5,4332406179,5,200,0.5
2026-10-07T02:44:20Z,84286,470.1,1000,1000,5,4333819006,5,200,0.8
2026-10-07T02:44:49Z,84316,464.5,1000,1000,5,4335232803,5,200,0.5
2026-10-07T02:45:19Z,84346,463.2,1000,1000,5,4336681232,5,200,2.2
2026-10-07T02:45:50Z,84376,466.5,1000,1000,5,4338134315,5,200,0.5
2026-10-07T02:46:19Z,84406,468.7,1000,1000,5,4339479446,5,200,0.8
2026-10-07T02:46:49Z,84436,473.7,1000,1000,5,4340823398,5,200,0.5
2026-10-07T02:47:20Z,84466,479.9,1000,1000,5,4342197854,5,200,0.9
2026-10-07T02:47:49Z,84496,473.0,1000,1000,5,4343561077,5,200,0.5
2026-10-07T02:48:19Z,84526,472.3,1000,1000,5,4344911506,5,200,0.8
2026-10-07T02:48:49Z,84556,462.2,1000,1000,5,4346309307,5,200,0.5
2026-10-07T02:49:19Z,84586,459.8,1000,1000,5,4347658718,5,200,0.8
2026-10-07T02:49:50Z,84616,465.5,1000,1000,5,4349048839,5,200,0.5
2026-10-07T02:50:19Z,84646,469.3,1000,1000,5,4350400791,5,200,0.8
2026-10-07T02:50:49Z,84676,478.4,1000,1000,5,4351734889,5,200,0.6
2026-10-07T02:51:20Z,84706,477.8,1000,1000,5,4353114475,5,200,3.0
2026-10-07T02:51:49Z,84736,472.5,1000,1000,5,4354449240,5,200,0.6
2026-10-07T02:52:19Z,84766,475.4,1000,1000,5,4355777345,5,200,0.9
2026-10-07T02:52:49Z,84796,467.9,1000,1000,5,4357160033,5,200,0.5
2026-10-07T02:53:19Z,84826,472.1,1000,1000,5,4358514859,5,200,0.9
2026-10-07T02:53:50Z,84856,477.4,1000,1000,5,4359894943,5,200,0.5
2026-10-07T02:54:19Z,84886,478.5,1000,1000,5,4361248521,5,200,1.1
2026-10-07T02:54:49Z,84916,473.0,1000,1000,5,4362635281,5,200,0.5
2026-10-07T02:55:20Z,84946,465.0,1000,1000,5,4364040073,5,200,0.9
2026-10-07T02:55:49Z,84976,472.3,1000,1000,5,4365449849,5,200,0.4
2026-10-07T02:56:19Z,85006,478.4,1000,1000,5,4366839306,5,200,0.9
2026-10-07T02:56:50Z,85036,477.4,1000,1000,5,4368258466,5,200,0.6
2026-10-07T02:57:19Z,85066,473.2,1000,1000,5,4369604154,5,200,0.9
2026-10-07T02:57:49Z,85096,480.0,1000,1000,5,4371067071,5,200,0.4
2026-10-07T02:58:19Z,85126,454.2,1000,1000,5,4372482883,5,200,0.7
2026-10-07T02:58:49Z,85156,463.5,1000,1000,5,4373838720,5,200,0.5
2026-10-07T02:59:20Z,85186,459.5,1000,1000,5,4375251473,5,200,1.0
2026-10-07T02:59:49Z,85216,472.2,1000,1000,5,4376574359,5,200,0.5
2026-10-07T03:00:19Z,85246,463.2,1000,1000,5,4377923199,5,200,0.5
2026-10-07T03:00:50Z,85276,472.3,1000,1000,5,4379355931,5,200,0.8
2026-10-07T03:01:19Z,85306,464.0,1000,1000,5,4380699813,5,200,0.7
2026-10-07T03:01:49Z,85336,468.8,1000,1000,5,4382039638,5,200,0.9
2026-10-07T03:02:20Z,85366,470.2,1000,1000,5,4383441425,5,200,1.1
2026-10-07T03:02:49Z,85396,469.0,1000,1000,5,4384880708,5,200,1.7
2026-10-07T03:03:19Z,85426,468.4,1000,1000,5,4386254158,5,200,0.5
2026-10-07T03:03:49Z,85456,462.2,1000,1000,5,4387659728,5,200,1.0
2026-10-07T03:04:19Z,85486,456.5,1000,1000,5,4389016553,5,200,0.5
2026-10-07T03:04:49Z,85516,472.6,1000,1000,5,4391531237,5,200,0.9
2026-10-07T03:05:20Z,85546,462.7,1000,1000,5,4393206837,5,200,0.4
2026-10-07T03:05:49Z,85576,458.8,1000,1000,5,4394745587,5,200,1.0
2026-10-07T03:06:19Z,85606,478.0,1000,1000,5,4396255333,5,200,0.5
2026-10-07T03:06:50Z,85636,475.3,1000,1000,5,4397781116,5,200,2.4
2026-10-07T03:07:19Z,85666,471.4,1000,1000,5,4399255937,5,200,0.6
2026-10-07T03:07:49Z,85696,465.8,1000,1000,5,4400783929,5,200,0.8
2026-10-07T03:08:20Z,85726,463.1,1000,1000,5,4402419882,5,200,0.7
2026-10-07T03:08:49Z,85756,468.2,1000,1000,5,4404231536,5,200,0.9
2026-10-07T03:09:19Z,85786,464.4,1000,1000,5,4405817187,5,200,0.6
2026-10-07T03:09:50Z,85816,476.8,1000,1000,5,4407411838,5,200,0.9
2026-10-07T03:10:19Z,85846,464.0,1000,1000,5,4408919598,5,200,0.9
2026-10-07T03:10:49Z,85876,467.2,1000,1000,5,4410424359,5,200,0.9
2026-10-07T03:11:20Z,85906,456.6,1000,1000,5,4411948159,5,200,0.4
2026-10-07T03:11:49Z,85936,466.9,1000,1000,5,4413471875,5,200,1.0
2026-10-07T03:12:19Z,85966,468.1,1000,1000,5,4414968675,5,200,0.4
2026-10-07T03:12:50Z,85996,471.5,1000,1000,5,4416544189,5,200,4.3
2026-10-07T03:13:19Z,86026,463.4,1000,1000,5,4418086110,5,200,0.5
2026-10-07T03:13:49Z,86056,469.9,1000,1000,5,4419748611,5,200,0.8
2026-10-07T03:14:20Z,86086,478.5,1000,1000,5,4421314675,5,200,0.5
2026-10-07T03:14:49Z,86116,466.5,1000,1000,5,4422800046,5,200,0.9
2026-10-07T03:15:19Z,86146,464.4,1000,1000,5,4424321917,5,200,0.5
2026-10-07T03:15:50Z,86176,475.8,1000,1000,5,4425898462,5,200,0.9
2026-10-07T03:16:19Z,86206,466.3,1000,1000,5,4427387403,5,200,0.5
2026-10-07T03:16:49Z,86236,467.1,1000,1000,5,4428857977,5,200,1.0
2026-10-07T03:17:20Z,86266,474.3,1000,1000,5,4430426926,5,200,0.5
2026-10-07T03:17:49Z,86296,460.5,1000,1000,5,4432062506,5,200,1.1
2026-10-07T03:18:19Z,86326,464.9,1000,1000,5,4433652155,5,200,0.5
2026-10-07T03:18:49Z,86356,462.0,1000,1000,5,4435198909,5,200,0.9
2026-10-07T03:19:19Z,86386,469.4,1000,1000,5,4436722397,5,200,0.5
2026-10-07T03:19:49Z,86416,472.7,1000,1000,5,4438226424,5,200,1.4
2026-10-07T03:20:19Z,86446,469.7,1000,1000,5,4439750290,5,200,0.4
2026-10-07T03:20:49Z,86476,467.4,1000,1000,5,4441254315,5,200,3.4
2026-10-07T03:21:20Z,86506,485.3,1000,1000,5,4442792892,5,200,0.4
2026-10-07T03:21:49Z,86536,469.1,1000,1000,5,4444287516,5,200,0.5
2026-10-07T03:22:19Z,86566,466.6,1000,1000,5,4445759340,5,200,0.9
2026-10-07T03:22:50Z,86596,474.4,1000,1000,5,4447352081,5,200,0.6
2026-10-07T03:23:19Z,86626,471.7,1000,1000,5,4448852823,5,200,0.9
2026-10-07T03:23:49Z,86656,467.6,1000,1000,5,4450374220,5,200,0.6
2026-10-07T03:24:20Z,86686,464.7,1000,1000,5,4451972286,5,200,1.0
2026-10-07T03:24:49Z,86716,464.4,1000,1000,5,4453534155,5,200,1.5
2026-10-07T03:25:19Z,86746,466.1,1000,1000,5,4455093668,5,200,0.8
2026-10-07T03:25:50Z,86776,462.8,1000,1000,5,4456710330,5,200,0.7
2026-10-07T03:26:19Z,86806,467.3,1000,1000,5,4458272605,5,200,0.8
2026-10-07T03:26:49Z,86836,465.1,1000,1000,5,4459852450,5,200,0.5
2026-10-07T03:27:20Z,86866,471.8,1000,1000,5,4461453061,5,200,1.1
2026-10-07T03:27:49Z,86896,474.7,1000,1000,5,4462988101,5,200,0.5
2026-10-07T03:28:19Z,86926,466.3,1000,1000,5,4464600746,5,200,0.8
2026-10-07T03:28:49Z,86956,477.5,1000,1000,5,4466220397,5,200,0.6
2026-10-07T03:29:19Z,86986,462.3,1000,1000,5,4467846999,5,200,0.7
2026-10-07T03:29:49Z,87016,466.4,1000,1000,5,4469482592,5,200,0.7
2026-10-07T03:30:19Z,87046,455.0,1000,1000,5,4471181128,5,200,1.1
2026-10-07T03:30:49Z,87076,463.6,1000,1000,5,4472761260,5,200,0.6
2026-10-07T03:31:20Z,87106,471.7,1000,1000,5,4474349808,5,200,0.8
2026-10-07T03:31:49Z,87136,466.2,1000,1000,5,4476053468,5,200,0.6
2026-10-07T03:32:19Z,87166,477.0,1000,1000,5,4477817176,5,200,0.8
2026-10-07T03:32:50Z,87196,481.2,1000,1000,5,4479531755,5,200,0.5
2026-10-07T03:33:19Z,87226,461.2,1000,1000,5,4481165355,5,200,0.9
2026-10-07T03:33:49Z,87256,464.3,1000,1000,5,4482865830,5,200,0.4
2026-10-07T03:34:20Z,87286,465.4,1000,1000,5,4484538300,5,200,0.9
2026-10-07T03:34:50Z,87316,461.0,999,999,6,4486203689,6,200,1.1
2026-10-07T03:35:19Z,87346,464.1,999,999,6,4487801747,6,200,0.8
2026-10-07T03:35:49Z,87376,468.9,999,999,6,4489488562,6,200,0.5
2026-10-07T03:36:20Z,87407,478.1,999,999,6,4491193386,6,200,0.9
2026-10-07T03:36:51Z,87437,481.6,1000,1000,6,4493048412,6,200,0.7
2026-10-07T03:37:20Z,87467,478.1,1000,1000,6,4494681020,6,200,0.9
2026-10-07T03:37:50Z,87497,467.5,1000,1000,6,4496318624,6,200,0.4
2026-10-07T03:38:21Z,87527,475.3,1000,1000,6,4498091025,6,200,0.9
