timestamp,elapsed_sec,rss_mb,intern_size,established,flaps_total,msgs_sent_total,max_prefix_exceeded_total,readyz_code,readyz_ms
2026-09-20T23:24:15Z,0,482.4,1000,1000,0,1031714,0,200,1.5
2026-09-20T23:24:44Z,30,483.7,1000,1000,0,2912517,0,200,0.5
2026-09-20T23:25:14Z,60,523.6,1000,1000,0,5776222,0,200,2.5
2026-09-20T23:25:45Z,90,520.7,1000,1000,0,7723861,0,200,1.1
2026-09-20T23:26:14Z,120,544.0,1000,1000,0,9599441,0,200,0.5
2026-09-20T23:26:44Z,150,525.8,1000,1000,0,11481512,0,200,1.7
2026-09-20T23:27:15Z,180,528.7,1000,1000,0,13422694,0,200,3.3
2026-09-20T23:27:44Z,210,515.3,1000,1000,0,15300239,0,200,0.9
2026-09-20T23:28:14Z,240,550.5,1000,1000,0,17181808,0,200,0.7
2026-09-20T23:28:45Z,271,555.2,1000,1000,0,19123864,0,200,0.6
2026-09-20T23:29:15Z,301,544.4,1000,1000,0,21066920,0,200,0.7
2026-09-20T23:29:45Z,331,542.6,1000,1000,0,22951954,0,200,0.6
2026-09-20T23:30:15Z,361,542.8,1000,1000,0,24832152,0,200,2.5
2026-09-20T23:30:45Z,391,538.7,1000,1000,0,26774208,0,200,0.9
2026-09-20T23:31:15Z,421,544.2,1000,1000,0,28653328,0,200,0.6
2026-09-20T23:31:45Z,451,509.8,1000,1000,0,30531448,0,200,0.4
2026-09-20T23:32:15Z,481,548.1,1000,1000,0,32474504,0,200,1.0
2026-09-20T23:32:45Z,511,512.4,1000,1000,0,34352624,0,200,0.4
2026-09-20T23:33:16Z,542,505.3,1000,1000,0,36295680,0,200,0.7
2026-09-20T23:33:46Z,572,531.1,1000,1000,0,38237721,0,200,0.5
2026-09-20T23:34:16Z,602,553.7,1000,1000,0,40116856,0,200,0.5
2026-09-20T23:34:47Z,632,520.3,1000,1000,0,42058912,0,200,0.6
2026-09-20T23:35:16Z,662,508.9,1000,1000,0,43938032,0,200,1.3
2026-09-20T23:35:46Z,692,527.0,1000,1000,0,45816152,0,200,0.5
2026-09-20T23:36:17Z,722,558.3,1000,1000,0,47759208,0,200,0.6
2026-09-20T23:36:46Z,752,540.0,1000,1000,0,49637328,0,200,0.6
2026-09-20T23:37:16Z,782,515.4,1000,1000,0,51516448,0,200,0.5
2026-09-20T23:37:47Z,812,525.8,1000,1000,0,53458504,0,200,0.5
2026-09-20T23:38:16Z,842,549.8,1000,1000,0,55337624,0,200,0.6
2026-09-20T23:38:46Z,872,552.8,1000,1000,0,57215744,0,200,0.7
2026-09-20T23:39:17Z,902,556.1,1000,1000,0,59161562,0,200,0.7
2026-09-20T23:39:46Z,932,540.4,1000,1000,0,61036920,0,200,0.5
2026-09-20T23:40:16Z,962,514.9,1000,1000,0,62916040,0,200,0.5
2026-09-20T23:40:47Z,992,569.9,1000,1000,0,64857579,0,200,0.8
2026-09-20T23:41:16Z,1022,532.9,1000,1000,0,66737216,0,200,0.5
2026-09-20T23:41:46Z,1052,538.2,1000,1000,0,68615336,0,200,0.5
2026-09-20T23:42:17Z,1082,520.0,1000,1000,0,70558392,0,200,1.0
2026-09-20T23:42:46Z,1112,524.0,1000,1000,0,72436512,0,200,0.5
2026-09-20T23:43:16Z,1142,551.6,1000,1000,0,74315632,0,200,0.5
2026-09-20T23:43:46Z,1172,529.4,1000,1000,0,76257688,0,200,1.1
2026-09-20T23:44:16Z,1202,500.4,1000,1000,0,78136808,0,200,0.6
2026-09-20T23:44:46Z,1232,544.4,1000,1000,0,80014928,0,200,0.6
2026-09-20T23:45:16Z,1262,540.8,1000,1000,0,81955178,0,200,69.5
2026-09-20T23:45:46Z,1292,523.9,1000,1000,0,83836104,0,200,0.6
2026-09-20T23:46:16Z,1322,559.0,1000,1000,0,85715224,0,200,0.5
2026-09-20T23:46:46Z,1352,528.2,1000,1000,0,87657280,0,200,0.5
2026-09-20T23:47:16Z,1382,540.4,1000,1000,0,89536400,0,200,0.7
2026-09-20T23:47:46Z,1412,547.0,1000,1000,0,91414520,0,200,0.6
2026-09-20T23:48:16Z,1442,542.3,1000,1000,0,93357574,0,200,0.5
2026-09-20T23:48:46Z,1472,506.8,1000,1000,0,95235696,0,200,0.6
2026-09-20T23:49:17Z,1502,509.7,1000,1000,0,97178752,0,200,0.6
2026-09-20T23:49:46Z,1532,490.9,1000,1000,0,99056872,0,200,0.8
2026-09-20T23:50:16Z,1562,526.0,1000,1000,0,100935992,0,200,0.6
2026-09-20T23:50:47Z,1592,532.9,1000,1000,0,102878048,0,200,0.5
2026-09-20T23:51:16Z,1622,542.8,1000,1000,0,104757168,0,200,0.4
2026-09-20T23:51:46Z,1652,512.1,1000,1000,0,106635288,0,200,0.5
2026-09-20T23:52:17Z,1682,533.6,1000,1000,0,108578344,0,200,0.6
2026-09-20T23:52:46Z,1712,497.7,1000,1000,0,110456464,0,200,0.5
2026-09-20T23:53:16Z,1742,541.9,1000,1000,0,112335584,0,200,0.5
2026-09-20T23:53:47Z,1772,555.1,1000,1000,0,114278756,0,200,2.6
2026-09-20T23:54:16Z,1802,551.0,1000,1000,0,116156760,0,200,0.5
2026-09-20T23:54:46Z,1832,535.5,1000,1000,0,118034880,0,200,0.6
2026-09-20T23:55:17Z,1862,526.0,1000,1000,0,120960478,0,200,0.9
2026-09-20T23:55:46Z,1892,505.5,1000,1000,0,122835076,0,200,0.6
2026-09-20T23:56:16Z,1922,498.5,1000,1000,0,124721189,0,200,0.5
2026-09-20T23:56:47Z,1952,538.5,1000,1000,0,126664647,0,200,0.6
2026-09-20T23:57:16Z,1982,538.2,1000,1000,0,128543364,0,200,0.7
2026-09-20T23:57:46Z,2012,525.0,1000,1000,0,130426465,0,200,0.5
2026-09-20T23:58:17Z,2042,551.3,1000,1000,0,132371084,0,200,2.2
2026-09-20T23:58:46Z,2072,551.0,1000,1000,0,134249653,0,200,2.3
2026-09-20T23:59:16Z,2102,555.0,1000,1000,0,136129772,0,200,1.8
2026-09-20T23:59:47Z,2132,516.0,1000,1000,0,138070829,0,200,0.5
2026-09-21T00:00:16Z,2162,501.2,1000,1000,0,139949949,0,200,0.5
2026-09-21T00:00:46Z,2192,497.2,1000,1000,0,141828069,0,200,0.7
2026-09-21T00:01:17Z,2222,509.2,1000,1000,0,143772735,0,200,0.5
2026-09-21T00:01:46Z,2252,506.2,1000,1000,0,145650244,0,200,0.5
2026-09-21T00:02:16Z,2282,522.9,1000,1000,0,147529364,0,200,0.5
2026-09-21T00:02:47Z,2312,561.0,1000,1000,0,149479218,0,200,1.9
2026-09-21T00:03:16Z,2342,519.7,1000,1000,0,151357533,0,200,0.5
2026-09-21T00:03:46Z,2372,509.5,1000,1000,0,153235653,0,200,0.5
2026-09-21T00:04:17Z,2402,529.5,1000,1000,0,155179708,0,200,0.8
2026-09-21T00:04:46Z,2432,544.9,1000,1000,0,157056829,0,200,0.8
2026-09-21T00:05:16Z,2462,517.1,1000,1000,0,158937627,0,200,0.5
2026-09-21T00:05:47Z,2492,527.3,1000,1000,0,160879004,0,200,0.8
2026-09-21T00:06:16Z,2522,529.0,1000,1000,0,162758124,0,200,0.5
2026-09-21T00:06:46Z,2552,551.0,1000,1000,0,164636244,0,200,0.5
2026-09-21T00:07:17Z,2582,518.0,1000,1000,0,166579947,0,200,0.8
2026-09-21T00:07:46Z,2612,551.1,1000,1000,0,168457420,0,200,0.5
2026-09-21T00:08:16Z,2642,562.5,1000,1000,0,170336540,0,200,0.5
2026-09-21T00:08:46Z,2672,534.2,1000,1000,0,172278596,0,200,0.5
2026-09-21T00:09:16Z,2702,515.8,1000,1000,0,174157716,0,200,0.5
2026-09-21T00:09:46Z,2732,526.2,1000,1000,0,176041219,0,200,0.6
2026-09-21T00:10:17Z,2762,555.5,1000,1000,0,177986885,0,200,0.5
2026-09-21T00:10:46Z,2792,529.6,1000,1000,0,179865004,0,200,0.4
2026-09-21T00:11:16Z,2822,516.0,1000,1000,0,181744124,0,200,0.5
2026-09-21T00:11:46Z,2852,576.7,1000,1000,0,183686180,0,200,1.6
2026-09-21T00:12:16Z,2882,528.6,1000,1000,0,185565300,0,200,0.9
2026-09-21T00:12:46Z,2912,500.7,1000,1000,0,187443420,0,200,0.5
2026-09-21T00:13:16Z,2942,533.7,1000,1000,0,189385504,0,200,17.7
2026-09-21T00:13:46Z,2972,524.1,1000,1000,0,191264596,0,200,0.5
2026-09-21T00:14:16Z,3002,515.4,1000,1000,0,193143716,0,200,0.4
2026-09-21T00:14:46Z,3032,568.1,1000,1000,0,195082970,0,200,74.9
2026-09-21T00:15:16Z,3062,541.3,1000,1000,0,196972884,0,200,1.1
2026-09-21T00:15:46Z,3092,530.6,1000,1000,0,198851004,0,200,0.9
2026-09-21T00:16:17Z,3122,517.9,1000,1000,0,200794060,0,200,0.6
2026-09-21T00:16:46Z,3152,545.4,1000,1000,0,202680172,0,200,1.0
2026-09-21T00:17:16Z,3182,535.4,1000,1000,0,204559292,0,200,0.5
2026-09-21T00:17:47Z,3212,518.7,1000,1000,0,206501348,0,200,0.8
2026-09-21T00:18:16Z,3242,538.3,1000,1000,0,208380468,0,200,0.7
2026-09-21T00:18:46Z,3272,533.6,1000,1000,0,210258588,0,200,0.4
2026-09-21T00:19:17Z,3302,542.2,1000,1000,0,212202177,0,200,1.8
2026-09-21T00:19:46Z,3332,499.8,1000,1000,0,214079764,0,200,0.7
2026-09-21T00:20:16Z,3362,541.6,1000,1000,0,215958884,0,200,0.6
2026-09-21T00:20:46Z,3392,531.6,1000,1000,0,217900940,0,200,0.5
2026-09-21T00:21:16Z,3422,509.0,1000,1000,0,219780060,0,200,0.7
2026-09-21T00:21:46Z,3452,534.3,1000,1000,0,221658180,0,200,0.6
2026-09-21T00:22:16Z,3482,526.2,1000,1000,0,223598834,0,200,40.8
2026-09-21T00:22:46Z,3512,537.5,1000,1000,0,225479356,0,200,0.5
2026-09-21T00:23:16Z,3542,535.6,1000,1000,0,227358476,0,200,0.5
2026-09-21T00:23:46Z,3572,532.8,1000,1000,0,229298032,0,200,59.2
2026-09-21T00:24:16Z,3602,534.2,1000,1000,0,231187644,0,200,0.6
2026-09-21T00:24:46Z,3632,532.7,1000,1000,0,233065764,0,200,0.5
2026-09-21T00:25:17Z,3662,554.8,1000,1000,0,235980775,0,200,12.9
2026-09-21T00:25:47Z,3692,527.4,1000,1000,0,237917908,0,200,1.6
2026-09-21T00:26:16Z,3722,551.6,1000,1000,0,239797028,0,200,2.7
2026-09-21T00:26:46Z,3752,547.6,1000,1000,0,241675148,0,200,0.4
2026-09-21T00:27:17Z,3782,533.5,1000,1000,0,243618323,0,200,0.9
2026-09-21T00:27:46Z,3812,516.4,1000,1000,0,245496324,0,200,0.6
2026-09-21T00:28:16Z,3842,544.2,1000,1000,0,247375444,0,200,0.9
2026-09-21T00:28:46Z,3872,537.1,1000,1000,0,249317500,0,200,0.5
2026-09-21T00:29:16Z,3902,524.3,1000,1000,0,251196620,0,200,0.7
2026-09-21T00:29:46Z,3932,532.6,1000,1000,0,253074740,0,200,0.5
2026-09-21T00:30:16Z,3962,527.2,1000,1000,0,255016130,0,200,5.1
2026-09-21T00:30:46Z,3992,522.8,1000,1000,0,256901390,0,200,0.6
2026-09-21T00:31:16Z,4022,499.0,1000,1000,0,258775036,0,200,0.5
2026-09-21T00:31:46Z,4052,521.3,1000,1000,0,260715975,0,200,34.9
2026-09-21T00:32:16Z,4082,515.0,1000,1000,0,262604204,0,200,3.0
2026-09-21T00:32:46Z,4112,533.1,1000,1000,0,264482324,0,200,1.5
2026-09-21T00:33:16Z,4142,544.1,1000,1000,0,266425380,0,200,2.0
2026-09-21T00:33:46Z,4172,529.1,1000,1000,0,268303500,0,200,1.2
2026-09-21T00:34:16Z,4202,515.0,1000,1000,0,270182620,0,200,0.6
2026-09-21T00:34:46Z,4232,531.3,1000,1000,0,272124676,0,200,0.8
2026-09-21T00:35:16Z,4262,530.4,1000,1000,0,274003796,0,200,0.9
2026-09-21T00:35:46Z,4292,554.8,1000,1000,0,275881916,0,200,0.7
2026-09-21T00:36:16Z,4322,535.3,1000,1000,0,277823085,0,200,1.8
2026-09-21T00:36:46Z,4352,493.4,1000,1000,0,279703092,0,200,0.8
2026-09-21T00:37:16Z,4382,504.2,1000,1000,0,281582212,0,200,0.6
2026-09-21T00:37:46Z,4412,557.0,1000,1000,0,283521963,0,200,56.4
2026-09-21T00:38:16Z,4442,526.5,1000,1000,0,285411371,0,200,1.1
2026-09-21T00:38:46Z,4472,497.2,1000,1000,0,287289500,0,200,0.6
2026-09-21T00:39:16Z,4502,554.0,1000,1000,0,289232556,0,200,2.2
2026-09-21T00:39:46Z,4532,523.6,1000,1000,0,291110676,0,200,1.1
2026-09-21T00:40:16Z,4562,528.7,1000,1000,0,292989796,0,200,1.1
2026-09-21T00:40:46Z,4592,565.9,1000,1000,0,294929125,0,200,44.8
2026-09-21T00:41:16Z,4622,541.6,1000,1000,0,296810972,0,200,0.4
2026-09-21T00:41:46Z,4652,519.8,1000,1000,0,298689092,0,200,0.6
2026-09-21T00:42:16Z,4682,561.1,1000,1000,0,300630229,0,200,22.9
2026-09-21T00:42:46Z,4712,539.9,1000,1000,0,302518235,0,200,1.3
2026-09-21T00:43:16Z,4742,518.3,1000,1000,0,304397380,0,200,0.9
2026-09-21T00:43:47Z,4772,521.3,1000,1000,0,306337322,0,200,1.6
2026-09-21T00:44:16Z,4802,543.2,1000,1000,0,308218556,0,200,1.0
2026-09-21T00:44:46Z,4832,556.0,1000,1000,0,310096676,0,200,0.5
2026-09-21T00:45:17Z,4862,535.0,1000,1000,0,312039732,0,200,1.0
2026-09-21T00:45:46Z,4892,512.4,1000,1000,0,313917852,0,200,0.6
2026-09-21T00:46:16Z,4922,554.1,1000,1000,0,315796972,0,200,0.6
2026-09-21T00:46:46Z,4952,539.7,1000,1000,0,317739028,0,200,4.6
2026-09-21T00:47:16Z,4982,533.4,1000,1000,0,319618148,0,200,1.0
2026-09-21T00:47:46Z,5012,545.9,1000,1000,0,321496268,0,200,0.9
2026-09-21T00:48:16Z,5042,541.5,1000,1000,0,323439324,0,200,0.6
2026-09-21T00:48:46Z,5072,526.6,1000,1000,0,325317444,0,200,0.6
2026-09-21T00:49:16Z,5102,524.5,1000,1000,0,327196564,0,200,0.5
2026-09-21T00:49:46Z,5132,547.8,1000,1000,0,329135207,0,200,11.6
2026-09-21T00:50:16Z,5162,534.3,1000,1000,0,331017740,0,200,0.7
2026-09-21T00:50:46Z,5192,545.7,1000,1000,0,332895860,0,200,0.6
2026-09-21T00:51:16Z,5222,532.0,1000,1000,0,334838916,0,200,0.5
2026-09-21T00:51:46Z,5252,522.6,1000,1000,0,336717036,0,200,1.9
2026-09-21T00:52:16Z,5282,533.8,1000,1000,0,338596156,0,200,0.6
2026-09-21T00:52:46Z,5312,514.9,1000,1000,0,340538212,0,200,0.5
2026-09-21T00:53:16Z,5342,515.2,1000,1000,0,342417332,0,200,0.8
2026-09-21T00:53:47Z,5372,524.0,1000,1000,0,344359388,0,200,0.5
2026-09-21T00:54:16Z,5402,532.2,1000,1000,0,346238508,0,200,1.3
2026-09-21T00:54:46Z,5432,515.7,1000,1000,0,348116628,0,200,0.8
2026-09-21T00:55:17Z,5462,549.9,1000,1000,0,350059684,0,200,0.7
2026-09-21T00:55:46Z,5492,531.8,1000,1000,0,352930810,0,200,0.4
2026-09-21T00:56:16Z,5522,529.8,1000,1000,0,354809930,0,200,0.6
2026-09-21T00:56:47Z,5553,542.7,1000,1000,0,356751986,0,200,0.4
2026-09-21T00:57:17Z,5583,543.9,1000,1000,0,358695028,0,200,0.5
2026-09-21T00:57:47Z,5613,522.4,1000,1000,0,360573162,0,200,0.5
2026-09-21T00:58:18Z,5643,526.9,1000,1000,0,362516218,0,200,0.6
2026-09-21T00:58:47Z,5673,518.8,1000,1000,0,364394338,0,200,0.6
2026-09-21T00:59:17Z,5703,497.8,1000,1000,0,366273458,0,200,0.6
2026-09-21T00:59:48Z,5733,554.2,1000,1000,0,368220451,0,200,0.6
2026-09-21T01:00:17Z,5763,539.0,1000,1000,0,370099694,0,200,0.5
2026-09-21T01:00:47Z,5793,531.4,1000,1000,0,371972754,0,200,0.6
2026-09-21T01:01:18Z,5823,538.9,1000,1000,0,373915810,0,200,0.6
2026-09-21T01:01:47Z,5853,551.0,1000,1000,0,375793930,0,200,0.6
2026-09-21T01:02:17Z,5883,531.1,1000,1000,0,377673050,0,200,0.5
2026-09-21T01:02:48Z,5913,551.9,1000,1000,0,379616630,0,200,0.7
2026-09-21T01:03:17Z,5943,505.4,1000,1000,0,381494226,0,200,0.6
2026-09-21T01:03:47Z,5973,537.2,1000,1000,0,383376973,0,200,0.7
2026-09-21T01:04:17Z,6003,533.8,1000,1000,0,385315402,0,200,1.0
2026-09-21T01:04:47Z,6033,538.1,1000,1000,0,387193522,0,200,0.5
2026-09-21T01:05:17Z,6063,531.2,1000,1000,0,389072642,0,200,0.7
2026-09-21T01:05:47Z,6093,512.3,1000,1000,0,391011261,0,200,1.9
2026-09-21T01:06:17Z,6123,516.1,1000,1000,0,392893818,0,200,0.7
2026-09-21T01:06:47Z,6153,530.4,1000,1000,0,394771938,0,200,0.5
2026-09-21T01:07:17Z,6183,509.8,1000,1000,0,396712273,0,200,21.1
2026-09-21T01:07:47Z,6213,498.8,1000,1000,0,398600207,0,200,0.7
2026-09-21T01:08:17Z,6243,530.7,1000,1000,0,400480226,0,200,0.6
2026-09-21T01:08:47Z,6273,536.2,1000,1000,0,402420906,0,200,1.2
2026-09-21T01:09:17Z,6303,517.0,1000,1000,0,404301402,0,200,1.7
2026-09-21T01:09:47Z,6333,485.3,1000,1000,0,406179522,0,200,0.7
2026-09-21T01:10:17Z,6363,561.3,1000,1000,0,408122578,0,200,0.6
2026-09-21T01:10:47Z,6393,525.8,1000,1000,0,410000698,0,200,0.4
2026-09-21T01:11:17Z,6423,542.0,1000,1000,0,411879818,0,200,0.5
2026-09-21T01:11:47Z,6453,563.4,1000,1000,0,413818880,0,200,35.4
2026-09-21T01:12:17Z,6483,518.0,1000,1000,0,415700994,0,200,0.5
2026-09-21T01:12:47Z,6513,527.9,1000,1000,0,417579114,0,200,0.8
2026-09-21T01:13:17Z,6543,555.3,1000,1000,0,419529070,0,200,2.3
2026-09-21T01:13:47Z,6573,525.8,1000,1000,0,421408282,0,200,1.4
2026-09-21T01:14:17Z,6603,562.8,1000,1000,0,423287274,0,200,0.8
2026-09-21T01:14:47Z,6633,520.3,1000,1000,0,425229458,0,200,2.0
2026-09-21T01:15:17Z,6663,520.4,1000,1000,0,427108578,0,200,1.9
2026-09-21T01:15:47Z,6693,529.7,1000,1000,0,428986698,0,200,0.7
2026-09-21T01:16:17Z,6723,512.6,1000,1000,0,430926625,0,200,18.9
2026-09-21T01:16:47Z,6753,560.0,1000,1000,0,432807874,0,200,0.9
2026-09-21T01:17:17Z,6783,540.4,1000,1000,0,434686994,0,200,0.4
2026-09-21T01:17:47Z,6813,494.5,1000,1000,0,436626736,0,200,26.7
2026-09-21T01:18:17Z,6843,522.0,1000,1000,0,438508170,0,200,0.7
2026-09-21T01:18:47Z,6873,559.7,1000,1000,0,440386290,0,200,0.7
2026-09-21T01:19:17Z,6903,520.2,1000,1000,0,442329346,0,200,0.6
2026-09-21T01:19:47Z,6933,528.3,1000,1000,0,444207466,0,200,0.8
2026-09-21T01:20:17Z,6963,543.4,1000,1000,0,446086586,0,200,0.5
2026-09-21T01:20:47Z,6993,522.3,1000,1000,0,448034020,0,200,92.2
2026-09-21T01:21:17Z,7023,539.7,1000,1000,0,449915754,0,200,0.6
2026-09-21T01:21:47Z,7053,535.3,1000,1000,0,451793874,0,200,0.5
2026-09-21T01:22:17Z,7083,533.8,1000,1000,0,453734342,0,200,49.9
2026-09-21T01:22:47Z,7113,513.0,1000,1000,0,455623042,0,200,2.1
2026-09-21T01:23:17Z,7143,530.9,1000,1000,0,457502162,0,200,0.6
2026-09-21T01:23:48Z,7173,557.7,1000,1000,0,459444218,0,200,0.8
2026-09-21T01:24:17Z,7203,531.7,1000,1000,0,461323338,0,200,0.6
2026-09-21T01:24:47Z,7233,509.5,1000,1000,0,463207094,0,200,2.3
2026-09-21T01:25:18Z,7263,524.3,1000,1000,0,465152506,0,200,1.2
2026-09-21T01:25:47Z,7293,550.3,1000,1000,0,467996654,0,200,0.6
2026-09-21T01:26:17Z,7323,520.1,1000,1000,0,469878776,0,200,2.4
2026-09-21T01:26:48Z,7353,535.2,1000,1000,0,471820832,0,200,0.6
2026-09-21T01:27:17Z,7383,533.9,1000,1000,0,473699952,0,200,0.7
2026-09-21T01:27:47Z,7413,565.0,1000,1000,0,475578072,0,200,0.7
2026-09-21T01:28:18Z,7443,559.0,1000,1000,0,477521128,0,200,0.7
2026-09-21T01:28:47Z,7473,554.2,1000,1000,0,479399248,0,200,0.8
2026-09-21T01:29:17Z,7503,526.0,1000,1000,0,481278368,0,200,0.6
2026-09-21T01:29:48Z,7533,557.7,1000,1000,0,483220424,0,200,0.8
2026-09-21T01:30:17Z,7563,551.5,1000,1000,0,485099544,0,200,0.4
2026-09-21T01:30:47Z,7593,507.3,1000,1000,0,486977664,0,200,0.9
2026-09-21T01:31:17Z,7623,551.7,1000,1000,0,488920720,0,200,0.5
2026-09-21T01:31:47Z,7653,542.3,1000,1000,0,490798840,0,200,0.4
2026-09-21T01:32:17Z,7683,559.4,1000,1000,0,492677960,0,200,0.8
2026-09-21T01:32:47Z,7713,524.1,1000,1000,0,494620016,0,200,1.1
2026-09-21T01:33:17Z,7743,516.2,1000,1000,0,496499136,0,200,0.6
2026-09-21T01:33:47Z,7773,542.9,1000,1000,0,498377256,0,200,0.5
2026-09-21T01:34:17Z,7803,548.8,1000,1000,0,500317797,0,200,29.1
2026-09-21T01:34:47Z,7833,511.5,1000,1000,0,502203919,0,200,0.5
2026-09-21T01:35:17Z,7863,530.4,1000,1000,0,504084757,0,200,1.2
2026-09-21T01:35:47Z,7893,543.5,1000,1000,0,506018710,0,200,3.2
2026-09-21T01:36:17Z,7923,511.9,1000,1000,0,507906720,0,200,0.8
2026-09-21T01:36:47Z,7953,554.8,1000,1000,0,509784840,0,200,0.9
2026-09-21T01:37:18Z,7983,542.8,1000,1000,0,511727896,0,200,0.7
2026-09-21T01:37:47Z,8013,536.7,1000,1000,0,513605956,0,200,0.8
2026-09-21T01:38:17Z,8043,545.7,1000,1000,0,515485136,0,200,0.6
2026-09-21T01:38:48Z,8073,543.2,1000,1000,0,517427192,0,200,0.5
2026-09-21T01:39:17Z,8103,524.8,1000,1000,0,519306312,0,200,0.7
2026-09-21T01:39:47Z,8133,542.1,1000,1000,0,521184432,0,200,0.6
2026-09-21T01:40:17Z,8163,536.2,1000,1000,0,523127488,0,200,0.8
2026-09-21T01:40:47Z,8193,558.7,1000,1000,0,525005608,0,200,0.6
2026-09-21T01:41:17Z,8223,557.7,1000,1000,0,526884728,0,200,0.5
2026-09-21T01:41:47Z,8253,561.1,1000,1000,0,528824789,0,200,13.1
2026-09-21T01:42:17Z,8283,497.8,1000,1000,0,530705904,0,200,0.7
2026-09-21T01:42:47Z,8313,545.6,1000,1000,0,532584024,0,200,0.6
2026-09-21T01:43:17Z,8343,565.7,1000,1000,0,534528235,0,200,0.6
2026-09-21T01:43:47Z,8373,525.5,1000,1000,0,536405200,0,200,0.6
2026-09-21T01:44:17Z,8403,523.7,1000,1000,0,538292312,0,200,0.8
2026-09-21T01:44:47Z,8433,555.2,1000,1000,0,540234368,0,200,1.3
2026-09-21T01:45:17Z,8463,552.9,1000,1000,0,542113488,0,200,0.6
2026-09-21T01:45:47Z,8493,530.6,1000,1000,0,543991608,0,200,0.5
2026-09-21T01:46:17Z,8523,570.0,1000,1000,0,545932630,0,200,34.0
2026-09-21T01:46:47Z,8553,545.6,1000,1000,0,547818021,0,200,0.5
2026-09-21T01:47:17Z,8583,553.2,1000,1000,0,549691904,0,200,0.9
2026-09-21T01:47:47Z,8613,538.0,1000,1000,0,551633960,0,200,0.5
2026-09-21T01:48:17Z,8643,542.9,1000,1000,0,553513080,0,200,0.7
2026-09-21T01:48:47Z,8673,554.8,1000,1000,0,555395930,0,200,0.5
2026-09-21T01:49:17Z,8703,526.1,1000,1000,0,557338591,0,200,0.8
2026-09-21T01:49:47Z,8733,500.2,1000,1000,0,559218979,0,200,0.9
2026-09-21T01:50:17Z,8763,517.1,1000,1000,0,561096800,0,200,1.7
2026-09-21T01:50:47Z,8793,555.0,1000,1000,0,563036818,0,200,0.6
2026-09-21T01:51:17Z,8823,517.3,1000,1000,0,564920664,0,200,1.0
2026-09-21T01:51:47Z,8853,537.1,1000,1000,0,566798784,0,200,0.8
2026-09-21T01:52:17Z,8883,521.4,1000,1000,0,568741840,0,200,1.1
2026-09-21T01:52:47Z,8913,540.5,1000,1000,0,570619960,0,200,0.5
2026-09-21T01:53:18Z,8943,539.7,1000,1000,0,572563016,0,200,1.4
2026-09-21T01:53:47Z,8973,521.1,1000,1000,0,574445622,0,200,112.7
2026-09-21T01:54:17Z,9003,564.3,1000,1000,0,576328248,0,200,0.5
2026-09-21T01:54:47Z,9033,560.5,1000,1000,0,578206368,0,200,0.7
2026-09-21T01:55:17Z,9063,514.2,1000,1000,0,580147914,0,200,24.1
2026-09-21T01:55:48Z,9093,591.4,1000,1000,0,582990906,0,200,12.6
2026-09-21T01:56:18Z,9123,527.1,1000,1000,0,584943626,0,200,0.5
2026-09-21T01:56:47Z,9153,558.9,1000,1000,0,586821746,0,200,1.2
2026-09-21T01:57:17Z,9183,534.8,1000,1000,0,588700866,0,200,0.5
2026-09-21T01:57:47Z,9213,528.3,1000,1000,0,590642922,0,200,1.6
2026-09-21T01:58:17Z,9243,550.6,1000,1000,0,592522042,0,200,0.6
2026-09-21T01:58:47Z,9273,569.9,1000,1000,0,594400162,0,200,0.7
2026-09-21T01:59:17Z,9303,536.0,1000,1000,0,596343356,0,200,1.7
2026-09-21T01:59:47Z,9333,540.9,1000,1000,0,598221338,0,200,0.8
2026-09-21T02:00:17Z,9363,505.5,1000,1000,0,600100458,0,200,0.6
2026-09-21T02:00:47Z,9393,530.9,1000,1000,0,602039800,0,200,53.7
2026-09-21T02:01:17Z,9423,556.4,1000,1000,0,603929626,0,200,3.3
2026-09-21T02:01:47Z,9453,513.3,1000,1000,0,605807746,0,200,0.6
2026-09-21T02:02:18Z,9483,550.6,1000,1000,0,607750802,0,200,0.6
2026-09-21T02:02:47Z,9513,542.5,1000,1000,0,609628922,0,200,0.8
2026-09-21T02:03:17Z,9543,565.9,1000,1000,0,611508042,0,200,0.4
2026-09-21T02:03:47Z,9573,567.0,1000,1000,0,613450098,0,200,1.1
2026-09-21T02:04:17Z,9603,546.5,1000,1000,0,615329218,0,200,0.5
2026-09-21T02:04:47Z,9633,545.7,1000,1000,0,617207338,0,200,0.8
2026-09-21T02:05:17Z,9663,566.8,1000,1000,0,619150204,0,200,0.4
2026-09-21T02:05:47Z,9693,537.6,1000,1000,0,621032623,0,200,0.6
2026-09-21T02:06:17Z,9723,559.2,1000,1000,0,622915567,0,200,1.3
2026-09-21T02:06:48Z,9753,536.6,1000,1000,0,624852708,0,200,0.9
2026-09-21T02:07:17Z,9783,541.6,1000,1000,0,626736802,0,200,0.6
2026-09-21T02:07:47Z,9813,551.3,1000,1000,0,628614922,0,200,0.8
2026-09-21T02:08:18Z,9843,583.9,1000,1000,0,630557978,0,200,1.9
2026-09-21T02:08:47Z,9873,524.3,1000,1000,0,632436098,0,200,0.7
2026-09-21T02:09:17Z,9903,525.9,1000,1000,0,634315218,0,200,0.6
2026-09-21T02:09:47Z,9933,543.9,1000,1000,0,636257274,0,200,0.7
2026-09-21T02:10:17Z,9963,542.1,1000,1000,0,638136394,0,200,0.6
2026-09-21T02:10:47Z,9993,579.6,1000,1000,0,640014514,0,200,0.8
2026-09-21T02:11:17Z,10023,543.0,1000,1000,0,641957776,0,200,0.6
2026-09-21T02:11:47Z,10053,535.2,1000,1000,0,643835690,0,200,0.7
2026-09-21T02:12:17Z,10083,535.1,1000,1000,0,645714810,0,200,0.5
2026-09-21T02:12:47Z,10113,585.4,1000,1000,0,647656805,0,200,2.1
2026-09-21T02:13:17Z,10143,519.9,1000,1000,0,649541418,0,200,0.6
2026-09-21T02:13:47Z,10173,552.3,1000,1000,0,651422098,0,200,3.7
2026-09-21T02:14:18Z,10203,549.5,1000,1000,0,653362087,0,200,0.6
2026-09-21T02:14:47Z,10233,526.4,1000,1000,0,655243274,0,200,0.4
2026-09-21T02:15:17Z,10263,571.3,1000,1000,0,657122394,0,200,0.6
2026-09-21T02:15:48Z,10293,533.8,1000,1000,0,659064450,0,200,0.7
2026-09-21T02:16:17Z,10323,523.3,1000,1000,0,660943570,0,200,0.8
2026-09-21T02:16:47Z,10353,540.0,1000,1000,0,662821690,0,200,0.5
2026-09-21T02:17:17Z,10383,550.4,1000,1000,0,664764746,0,200,0.6
2026-09-21T02:17:47Z,10413,526.8,1000,1000,0,666642866,0,200,0.5
2026-09-21T02:18:17Z,10443,554.5,1000,1000,0,668521986,0,200,0.9
2026-09-21T02:18:47Z,10473,552.4,1000,1000,0,670461838,0,200,15.8
2026-09-21T02:19:17Z,10503,535.2,1000,1000,0,672347719,0,200,0.6
2026-09-21T02:19:47Z,10533,565.8,1000,1000,0,674221282,0,200,0.5
2026-09-21T02:20:17Z,10563,551.1,1000,1000,0,676164338,0,200,0.6
2026-09-21T02:20:47Z,10593,562.9,1000,1000,0,678042458,0,200,0.6
2026-09-21T02:21:17Z,10623,529.9,1000,1000,0,679921578,0,200,0.9
2026-09-21T02:21:47Z,10653,570.6,1000,1000,0,681863634,0,200,3.6
2026-09-21T02:22:17Z,10683,505.1,1000,1000,0,683742754,0,200,0.7
2026-09-21T02:22:47Z,10713,565.0,1000,1000,0,685620874,0,200,0.5
2026-09-21T02:23:17Z,10743,554.4,1000,1000,0,687563930,0,200,0.6
2026-09-21T02:23:47Z,10773,509.6,1000,1000,0,689442050,0,200,0.5
2026-09-21T02:24:18Z,10803,578.2,1000,1000,0,691385106,0,200,0.8
2026-09-21T02:24:47Z,10833,549.9,1000,1000,0,693263226,0,200,0.4
2026-09-21T02:25:17Z,10863,564.6,1000,1000,0,695142346,0,200,0.7
2026-09-21T02:25:48Z,10893,535.8,1000,1000,0,697090065,0,200,0.8
2026-09-21T02:26:17Z,10923,511.2,1000,1000,0,699967517,0,200,2.7
2026-09-21T02:26:47Z,10953,526.7,1000,1000,0,701845637,0,200,0.5
2026-09-21T02:27:17Z,10983,534.5,1000,1000,0,703724763,0,200,0.6
2026-09-21T02:27:47Z,11013,528.3,1000,1000,0,705664348,0,200,81.4
2026-09-21T02:28:17Z,11043,548.7,1000,1000,0,707552926,0,200,1.7
2026-09-21T02:28:47Z,11073,554.7,1000,1000,0,709431046,0,200,0.4
2026-09-21T02:29:17Z,11103,558.9,1000,1000,0,711376232,0,200,0.7
2026-09-21T02:29:47Z,11133,539.8,1000,1000,0,713253567,0,200,0.5
2026-09-21T02:30:17Z,11163,520.4,1000,1000,0,715132341,0,200,0.9
2026-09-21T02:30:47Z,11193,551.6,1000,1000,0,717073575,0,200,2.2
2026-09-21T02:31:17Z,11223,531.1,1000,1000,0,718960510,0,200,1.0
2026-09-21T02:31:47Z,11253,510.7,1000,1000,0,720838630,0,200,5.1
2026-09-21T02:32:17Z,11283,563.3,1000,1000,0,722781686,0,200,0.7
2026-09-21T02:32:47Z,11313,537.1,1000,1000,0,724659806,0,200,0.5
2026-09-21T02:33:17Z,11343,521.0,1000,1000,0,726538926,0,200,0.7
2026-09-21T02:33:47Z,11373,503.0,1000,1000,0,728478006,0,200,3.4
2026-09-21T02:34:17Z,11403,520.7,1000,1000,0,730361088,0,200,1.3
2026-09-21T02:34:47Z,11433,535.8,1000,1000,0,732238835,0,200,1.2
2026-09-21T02:35:17Z,11463,572.7,1000,1000,0,734182277,0,200,1.4
2026-09-21T02:35:47Z,11493,525.4,1000,1000,0,736060397,0,200,0.5
2026-09-21T02:36:17Z,11523,510.4,1000,1000,0,737939517,0,200,0.5
2026-09-21T02:36:47Z,11553,532.0,1000,1000,0,739879418,0,200,5.7
2026-09-21T02:37:17Z,11583,547.0,1000,1000,0,741760693,0,200,0.5
2026-09-21T02:37:47Z,11613,545.3,1000,1000,0,743638813,0,200,0.8
2026-09-21T02:38:17Z,11643,574.2,1000,1000,0,745581869,0,200,0.7
2026-09-21T02:38:47Z,11673,532.7,1000,1000,0,747459989,0,200,0.7
2026-09-21T02:39:17Z,11703,529.7,1000,1000,0,749344418,0,200,0.6
2026-09-21T02:39:48Z,11733,558.2,1000,1000,0,751288394,0,200,112.9
2026-09-21T02:40:17Z,11763,518.4,1000,1000,0,753176269,0,200,1.3
2026-09-21T02:40:47Z,11793,537.1,1000,1000,0,755054389,0,200,1.3
2026-09-21T02:41:17Z,11823,513.3,1000,1000,0,756997445,0,200,0.5
2026-09-21T02:41:47Z,11853,536.1,1000,1000,0,758875565,0,200,0.8
2026-09-21T02:42:17Z,11883,549.9,1000,1000,0,760759236,0,200,0.5
2026-09-21T02:42:47Z,11913,512.6,1000,1000,0,762694845,0,200,0.9
2026-09-21T02:43:17Z,11943,546.8,1000,1000,0,764575861,0,200,0.4
2026-09-21T02:43:47Z,11973,515.3,1000,1000,0,766453981,0,200,0.7
2026-09-21T02:44:17Z,12003,553.8,1000,1000,0,768394037,0,200,38.7
2026-09-21T02:44:47Z,12033,532.2,1000,1000,0,770279655,0,200,0.7
2026-09-21T02:45:17Z,12063,506.4,1000,1000,0,772160974,0,200,1.1
2026-09-21T02:45:47Z,12093,523.3,1000,1000,0,774104325,0,200,1.5
2026-09-21T02:46:17Z,12123,513.1,1000,1000,0,775983445,0,200,0.6
2026-09-21T02:46:47Z,12153,539.6,1000,1000,0,777861565,0,200,0.8
2026-09-21T02:47:17Z,12183,534.3,1000,1000,0,779802158,0,200,2.6
2026-09-21T02:47:47Z,12213,508.7,1000,1000,0,781682741,0,200,0.7
2026-09-21T02:48:17Z,12243,560.0,1000,1000,0,783561861,0,200,0.4
2026-09-21T02:48:47Z,12273,521.9,1000,1000,0,785501689,0,200,43.9
2026-09-21T02:49:17Z,12303,550.8,1000,1000,0,787390507,0,200,1.3
2026-09-21T02:49:47Z,12333,546.1,1000,1000,0,789269149,0,200,0.8
2026-09-21T02:50:17Z,12363,517.5,1000,1000,0,791212205,0,200,1.4
2026-09-21T02:50:47Z,12393,550.3,1000,1000,0,793090325,0,200,1.4
2026-09-21T02:51:17Z,12423,524.1,1000,1000,0,794969445,0,200,0.6
2026-09-21T02:51:47Z,12453,555.0,1000,1000,0,796911501,0,200,1.1
2026-09-21T02:52:17Z,12483,537.7,1000,1000,0,798790621,0,200,0.5
2026-09-21T02:52:47Z,12513,513.8,1000,1000,0,800668741,0,200,0.7
2026-09-21T02:53:17Z,12543,544.2,1000,1000,0,802609229,0,200,12.5
2026-09-21T02:53:47Z,12573,533.6,1000,1000,0,804489917,0,200,0.8
2026-09-21T02:54:17Z,12603,572.7,1000,1000,0,806369037,0,200,0.5
2026-09-21T02:54:47Z,12633,555.6,1000,1000,0,808307851,0,200,4.3
2026-09-21T02:55:17Z,12663,528.3,1000,1000,0,810190213,0,200,0.8
2026-09-21T02:55:47Z,12693,520.0,1000,1000,0,812068333,0,200,1.2
2026-09-21T02:56:17Z,12723,549.4,1000,1000,0,815019477,0,200,2.5
2026-09-21T02:56:47Z,12753,529.7,1000,1000,0,816903494,0,200,1.2
2026-09-21T02:57:17Z,12783,576.5,1000,1000,0,818782614,0,200,0.5
2026-09-21T02:57:48Z,12813,544.9,1000,1000,0,820726547,0,200,0.6
2026-09-21T02:58:17Z,12843,544.4,1000,1000,0,822604789,0,200,0.7
2026-09-21T02:58:47Z,12873,515.4,1000,1000,0,824482909,0,200,1.0
2026-09-21T02:59:17Z,12903,535.3,1000,1000,0,826425386,0,200,1.2
2026-09-21T02:59:47Z,12933,529.9,1000,1000,0,828304085,0,200,0.7
2026-09-21T03:00:17Z,12963,537.6,1000,1000,0,830190198,0,200,1.3
2026-09-21T03:00:48Z,12993,552.0,1000,1000,0,832133253,0,200,0.6
2026-09-21T03:01:17Z,13023,544.7,1000,1000,0,834012373,0,200,0.7
2026-09-21T03:01:47Z,13053,531.6,1000,1000,0,835890493,0,200,0.4
2026-09-21T03:02:18Z,13083,532.3,1000,1000,0,837833119,0,200,2.9
2026-09-21T03:02:47Z,13113,538.7,1000,1000,0,839711669,0,200,0.9
2026-09-21T03:03:17Z,13143,538.5,1000,1000,0,841590789,0,200,0.6
2026-09-21T03:03:48Z,13173,539.8,1000,1000,0,843532845,0,200,0.9
2026-09-21T03:04:17Z,13203,542.9,1000,1000,0,845411965,0,200,0.8
2026-09-21T03:04:47Z,13233,510.6,1000,1000,0,847290085,0,200,0.5
2026-09-21T03:05:17Z,13263,537.7,1000,1000,0,849233141,0,200,0.9
2026-09-21T03:05:47Z,13293,547.7,1000,1000,0,851111261,0,200,0.6
2026-09-21T03:06:17Z,13323,536.3,1000,1000,0,852990381,0,200,0.8
2026-09-21T03:06:47Z,13353,529.2,1000,1000,0,854929461,0,200,25.4
2026-09-21T03:07:17Z,13383,555.1,1000,1000,0,856819549,0,200,3.2
2026-09-21T03:07:47Z,13413,558.8,1000,1000,0,858697669,0,200,0.6
2026-09-21T03:08:18Z,13443,549.2,1000,1000,0,860640725,0,200,0.8
2026-09-21T03:08:47Z,13473,541.0,1000,1000,0,862518845,0,200,0.4
2026-09-21T03:09:17Z,13503,518.1,1000,1000,0,864397965,0,200,0.7
2026-09-21T03:09:47Z,13533,549.0,1000,1000,0,866340021,0,200,1.2
2026-09-21T03:10:17Z,13563,540.0,1000,1000,0,868219141,0,200,0.7
2026-09-21T03:10:47Z,13593,554.1,1000,1000,0,870101046,0,200,0.7
2026-09-21T03:11:18Z,13623,578.3,1000,1000,0,872041000,0,200,3.2
2026-09-21T03:11:47Z,13653,537.4,1000,1000,0,873926429,0,200,2.4
2026-09-21T03:12:17Z,13683,515.8,1000,1000,0,875805549,0,200,0.9
2026-09-21T03:12:47Z,13713,545.5,1000,1000,0,877747605,0,200,0.6
2026-09-21T03:13:17Z,13743,512.1,1000,1000,0,879626725,0,200,0.7
2026-09-21T03:13:47Z,13773,559.3,1000,1000,0,881504845,0,200,0.4
2026-09-21T03:14:17Z,13803,558.6,1000,1000,0,883447901,0,200,0.8
2026-09-21T03:14:47Z,13833,525.5,1000,1000,0,885326021,0,200,1.5
2026-09-21T03:15:17Z,13863,545.4,1000,1000,0,887205141,0,200,1.0
2026-09-21T03:15:47Z,13893,541.8,1000,1000,0,889144885,0,200,4.5
2026-09-21T03:16:17Z,13923,511.2,1000,1000,0,891026317,0,200,0.6
2026-09-21T03:16:47Z,13953,510.8,1000,1000,0,892904437,0,200,0.5
2026-09-21T03:17:17Z,13983,577.6,1000,1000,0,894846124,0,200,52.5
2026-09-21T03:17:47Z,14013,573.6,1000,1000,0,896733522,0,200,1.2
2026-09-21T03:18:17Z,14043,536.8,1000,1000,0,898612725,0,200,0.7
2026-09-21T03:18:47Z,14073,525.7,1000,1000,0,900554781,0,200,0.9
2026-09-21T03:19:17Z,14103,495.9,1000,1000,0,902433901,0,200,0.5
2026-09-21T03:19:47Z,14133,579.1,1000,1000,0,904312021,0,200,0.8
2026-09-21T03:20:17Z,14163,532.6,1000,1000,0,906253287,0,200,0.6
2026-09-21T03:20:47Z,14193,529.4,1000,1000,0,908133197,0,200,0.7
2026-09-21T03:21:17Z,14223,551.6,1000,1000,0,910012317,0,200,0.5
2026-09-21T03:21:47Z,14253,541.4,1000,1000,0,911950987,0,200,52.9
2026-09-21T03:22:17Z,14283,532.2,1000,1000,0,913841485,0,200,0.6
2026-09-21T03:22:47Z,14313,535.8,1000,1000,0,915719605,0,200,0.7
2026-09-21T03:23:18Z,14343,543.0,1000,1000,0,917662661,0,200,0.7
2026-09-21T03:23:47Z,14373,516.4,1000,1000,0,919540781,0,200,0.7
2026-09-21T03:24:17Z,14403,515.8,1000,1000,0,921419901,0,200,0.7
2026-09-21T03:24:47Z,14433,548.5,1000,1000,0,923361957,0,200,1.5
2026-09-21T03:25:17Z,14463,533.6,1000,1000,0,925241077,0,200,0.5
2026-09-21T03:25:47Z,14493,504.1,1000,1000,0,927119197,0,200,0.8
2026-09-21T03:26:17Z,14523,530.9,999,999,1,929021962,1,200,0.6
2026-09-21T03:26:47Z,14553,541.2,999,999,1,930963111,1,200,0.8
2026-09-21T03:27:17Z,14583,518.4,999,999,1,932840350,1,200,0.5
2026-09-21T03:27:47Z,14613,574.2,999,999,1,934724574,1,200,3.4
2026-09-21T03:28:17Z,14643,700.3,1000,1000,1,936625570,1,200,15.3
2026-09-21T03:28:48Z,14673,512.6,1000,1000,1,939552052,1,200,1.2
2026-09-21T03:29:17Z,14703,540.3,1000,1000,1,941431252,1,200,0.5
2026-09-21T03:29:47Z,14733,547.7,1000,1000,1,943309372,1,200,0.7
2026-09-21T03:30:18Z,14763,533.2,1000,1000,1,945252441,1,200,0.8
2026-09-21T03:30:47Z,14793,540.9,1000,1000,1,947130548,1,200,0.8
2026-09-21T03:31:17Z,14823,528.3,1000,1000,1,949009668,1,200,0.5
2026-09-21T03:31:48Z,14853,511.6,1000,1000,1,950949050,1,200,2.1
2026-09-21T03:32:17Z,14883,550.3,1000,1000,1,952830844,1,200,0.4
2026-09-21T03:32:47Z,14913,543.4,1000,1000,1,954708964,1,200,1.0
2026-09-21T03:33:18Z,14943,566.7,1000,1000,1,956652020,1,200,0.5
2026-09-21T03:33:47Z,14973,548.5,1000,1000,1,958530140,1,200,0.7
2026-09-21T03:34:17Z,15003,493.5,1000,1000,1,960409260,1,200,0.6
2026-09-21T03:34:47Z,15033,564.1,1000,1000,1,962351316,1,200,3.4
2026-09-21T03:35:17Z,15063,548.2,1000,1000,1,964230436,1,200,0.6
2026-09-21T03:35:47Z,15093,562.8,1000,1000,1,966108556,1,200,0.8
2026-09-21T03:36:17Z,15123,504.2,1000,1000,1,968048807,1,200,21.2
2026-09-21T03:36:47Z,15153,546.5,1000,1000,1,969929732,1,200,0.7
2026-09-21T03:37:17Z,15183,540.2,1000,1000,1,971808852,1,200,0.5
2026-09-21T03:37:47Z,15213,543.2,1000,1000,1,973753105,1,200,1.1
2026-09-21T03:38:17Z,15243,503.7,1000,1000,1,975630028,1,200,0.5
2026-09-21T03:38:47Z,15273,547.6,1000,1000,1,977508148,1,200,1.0
2026-09-21T03:39:17Z,15303,533.1,1000,1000,1,979451204,1,200,0.5
2026-09-21T03:39:47Z,15333,521.4,1000,1000,1,981329324,1,200,0.5
2026-09-21T03:40:18Z,15363,498.0,1000,1000,1,983272380,1,200,0.7
2026-09-21T03:40:47Z,15393,547.3,1000,1000,1,985154340,1,200,0.5
2026-09-21T03:41:17Z,15423,530.0,1000,1000,1,987037612,1,200,0.7
2026-09-21T03:41:47Z,15453,521.3,1000,1000,1,988915732,1,200,0.5
2026-09-21T03:42:17Z,15483,559.6,1000,1000,1,990856824,1,200,58.5
2026-09-21T03:42:47Z,15513,506.6,1000,1000,1,992744848,1,200,1.1
2026-09-21T03:43:17Z,15543,520.1,1000,1000,1,994621748,1,200,0.7
2026-09-21T03:43:47Z,15573,529.6,1000,1000,1,996558084,1,200,0.5
2026-09-21T03:44:17Z,15603,561.7,1000,1000,1,998437204,1,200,0.7
2026-09-21T03:44:47Z,15633,590.3,1000,1000,1,1000315324,1,200,0.6
2026-09-21T03:45:17Z,15663,570.4,1000,1000,1,1002264814,1,200,1.5
2026-09-21T03:45:47Z,15693,543.8,1000,1000,1,1004143931,1,200,1.4
2026-09-21T03:46:17Z,15723,518.6,1000,1000,1,1006023612,1,200,0.6
2026-09-21T03:46:47Z,15753,538.2,1000,1000,1,1007965660,1,200,0.5
2026-09-21T03:47:17Z,15783,570.3,1000,1000,1,1009844788,1,200,0.8
2026-09-21T03:47:47Z,15813,554.4,1000,1000,1,1011722908,1,200,0.6
2026-09-21T03:48:17Z,15843,505.6,1000,1000,1,1013665964,1,200,0.9
2026-09-21T03:48:47Z,15873,511.4,1000,1000,1,1015544084,1,200,0.7
2026-09-21T03:49:18Z,15903,555.4,1000,1000,1,1017487140,1,200,0.8
2026-09-21T03:49:48Z,15933,538.1,1000,1000,1,1019371522,1,200,123.8
2026-09-21T03:50:17Z,15963,556.8,1000,1000,1,1021252372,1,200,0.7
2026-09-21T03:50:47Z,15993,532.7,1000,1000,1,1023130492,1,200,0.4
2026-09-21T03:51:17Z,16023,551.6,1000,1000,1,1025073214,1,200,4.1
2026-09-21T03:51:47Z,16053,521.3,1000,1000,1,1026958769,1,200,0.6
2026-09-21T03:52:17Z,16083,550.0,1000,1000,1,1028838780,1,200,0.8
2026-09-21T03:52:48Z,16113,539.1,1000,1000,1,1030780836,1,200,0.5
2026-09-21T03:53:17Z,16143,556.6,1000,1000,1,1032659956,1,200,0.7
2026-09-21T03:53:47Z,16173,565.5,1000,1000,1,1034538076,1,200,0.6
2026-09-21T03:54:17Z,16203,545.3,1000,1000,1,1036481050,1,200,4.5
2026-09-21T03:54:47Z,16233,532.1,1000,1000,1,1038359252,1,200,0.4
2026-09-21T03:55:17Z,16263,506.4,1000,1000,1,1040238372,1,200,0.7
2026-09-21T03:55:47Z,16293,543.4,1000,1000,1,1042178412,1,200,59.0
2026-09-21T03:56:17Z,16323,527.9,1000,1000,1,1044067540,1,200,1.2
2026-09-21T03:56:47Z,16353,541.1,1000,1000,1,1045942159,1,200,0.5
2026-09-21T03:57:17Z,16383,509.7,1000,1000,1,1047880724,1,200,0.8
2026-09-21T03:57:47Z,16413,574.9,1000,1000,1,1049758844,1,200,0.7
2026-09-21T03:58:17Z,16443,520.5,1000,1000,1,1051637964,1,200,0.9
2026-09-21T03:58:47Z,16473,564.6,1000,1000,1,1054561325,1,200,0.6
2026-09-21T03:59:17Z,16503,508.5,1000,1000,1,1056442407,1,200,1.6
2026-09-21T03:59:47Z,16533,584.8,1000,1000,1,1058314282,1,200,0.7
2026-09-21T04:00:17Z,16563,562.6,1000,1000,1,1060257338,1,200,1.0
2026-09-21T04:00:47Z,16593,547.3,1000,1000,1,1062143038,1,200,0.9
2026-09-21T04:01:17Z,16623,519.0,1000,1000,1,1064022570,1,200,0.5
2026-09-21T04:01:47Z,16653,553.9,1000,1000,1,1065963743,1,200,40.8
2026-09-21T04:02:17Z,16683,531.4,1000,1000,1,1067851738,1,200,2.3
2026-09-21T04:02:47Z,16713,543.7,1000,1000,1,1069729858,1,200,0.6
2026-09-21T04:03:18Z,16743,546.7,1000,1000,1,1071672914,1,200,0.4
2026-09-21T04:03:47Z,16773,500.3,1000,1000,1,1073551034,1,200,0.7
2026-09-21T04:04:17Z,16803,539.9,1000,1000,1,1075430154,1,200,0.5
2026-09-21T04:04:47Z,16833,551.8,1000,1000,1,1077372210,1,200,0.7
2026-09-21T04:05:17Z,16863,522.4,1000,1000,1,1079251330,1,200,0.5
2026-09-21T04:05:47Z,16893,535.5,1000,1000,1,1081129450,1,200,0.6
2026-09-21T04:06:17Z,16923,527.7,1000,1000,1,1083070205,1,200,42.8
2026-09-21T04:06:47Z,16953,492.4,1000,1000,1,1084950626,1,200,0.7
2026-09-21T04:07:17Z,16983,514.9,1000,1000,1,1086835549,1,200,0.6
2026-09-21T04:07:47Z,17013,545.5,1000,1000,1,1088768696,1,200,25.6
2026-09-21T04:08:17Z,17043,556.9,1000,1000,1,1090657707,1,200,0.9
2026-09-21T04:08:47Z,17073,539.6,1000,1000,1,1092529042,1,200,0.6
2026-09-21T04:09:17Z,17103,532.4,1000,1000,1,1094472098,1,200,0.5
2026-09-21T04:09:47Z,17133,522.6,1000,1000,1,1096350218,1,200,0.7
2026-09-21T04:10:17Z,17163,536.0,1000,1000,1,1098229338,1,200,0.6
2026-09-21T04:10:47Z,17193,512.0,1000,1000,1,1100171394,1,200,0.7
2026-09-21T04:11:17Z,17223,551.5,1000,1000,1,1102050514,1,200,0.5
2026-09-21T04:11:48Z,17254,525.8,1000,1000,1,1103992570,1,200,1.5
2026-09-21T04:12:18Z,17284,533.3,1000,1000,1,1105935626,1,200,0.5
2026-09-21T04:12:48Z,17314,518.1,1000,1000,1,1107813746,1,200,0.9
2026-09-21T04:13:19Z,17344,554.7,1000,1000,1,1109756802,1,200,1.0
2026-09-21T04:13:48Z,17374,560.3,1000,1000,1,1111638992,1,200,0.6
2026-09-21T04:14:18Z,17404,579.1,1000,1000,1,1113522034,1,200,0.7
2026-09-21T04:14:48Z,17434,539.6,1000,1000,1,1115400154,1,200,0.7
2026-09-21T04:15:18Z,17464,528.1,1000,1000,1,1117343429,1,200,0.6
2026-09-21T04:15:48Z,17494,502.8,1000,1000,1,1119221330,1,200,0.8
2026-09-21T04:16:18Z,17524,549.7,1000,1000,1,1121100450,1,200,0.5
2026-09-21T04:16:48Z,17554,534.4,1000,1000,1,1123042506,1,200,1.9
2026-09-21T04:17:18Z,17584,529.2,1000,1000,1,1124921626,1,200,0.5
2026-09-21T04:17:48Z,17614,562.1,1000,1000,1,1126799746,1,200,2.9
2026-09-21T04:18:18Z,17644,550.1,1000,1000,1,1128742802,1,200,0.5
2026-09-21T04:18:48Z,17674,510.8,1000,1000,1,1130620922,1,200,0.7
2026-09-21T04:19:19Z,17704,557.9,1000,1000,1,1132563978,1,200,0.6
2026-09-21T04:19:48Z,17734,553.3,1000,1000,1,1134445498,1,200,0.9
2026-09-21T04:20:18Z,17764,534.0,1000,1000,1,1136337142,1,200,2.4
2026-09-21T04:20:48Z,17794,531.3,1000,1000,1,1138215322,1,200,1.9
2026-09-21T04:21:18Z,17824,560.8,1000,1000,1,1140148665,1,200,9.8
2026-09-21T04:21:48Z,17854,529.5,1000,1000,1,1142036498,1,200,1.6
2026-09-21T04:22:18Z,17884,534.4,1000,1000,1,1143915618,1,200,2.3
2026-09-21T04:22:48Z,17914,536.2,1000,1000,1,1145857674,1,200,3.2
2026-09-21T04:23:18Z,17944,524.9,1000,1000,1,1147736794,1,200,0.8
2026-09-21T04:23:48Z,17974,518.2,1000,1000,1,1149614914,1,200,0.8
2026-09-21T04:24:18Z,18004,571.2,1000,1000,1,1151557886,1,200,1.5
2026-09-21T04:24:48Z,18034,536.2,1000,1000,1,1153436090,1,200,0.8
2026-09-21T04:25:18Z,18064,533.7,1000,1000,1,1155315210,1,200,0.7
2026-09-21T04:25:48Z,18094,542.3,1000,1000,1,1157256535,1,200,15.2
2026-09-21T04:26:18Z,18124,508.2,1000,1000,1,1159136386,1,200,0.7
2026-09-21T04:26:48Z,18154,515.0,1000,1000,1,1161014506,1,200,0.5
2026-09-21T04:27:18Z,18184,543.7,1000,1000,1,1162957935,1,200,0.8
2026-09-21T04:27:48Z,18214,550.4,1000,1000,1,1164835682,1,200,0.5
2026-09-21T04:28:18Z,18244,543.5,1000,1000,1,1166714802,1,200,0.7
2026-09-21T04:28:48Z,18274,545.1,1000,1000,1,1169672492,1,200,22.3
2026-09-21T04:29:18Z,18304,499.9,1000,1000,1,1171562950,1,200,0.8
2026-09-21T04:29:48Z,18334,517.9,1000,1000,1,1173441070,1,200,2.7
2026-09-21T04:30:18Z,18364,537.9,1000,1000,1,1175384126,1,200,0.7
2026-09-21T04:30:48Z,18394,512.4,1000,1000,1,1177262246,1,200,0.6
2026-09-21T04:31:18Z,18424,537.0,1000,1000,1,1179141366,1,200,0.8
2026-09-21T04:31:48Z,18454,518.9,1000,1000,1,1181083422,1,200,0.5
2026-09-21T04:32:18Z,18484,527.6,1000,1000,1,1182962542,1,200,0.8
2026-09-21T04:32:48Z,18514,537.6,1000,1000,1,1184840662,1,200,0.5
2026-09-21T04:33:18Z,18544,529.8,1000,1000,1,1186780885,1,200,17.5
2026-09-21T04:33:48Z,18574,570.2,1000,1000,1,1188668942,1,200,0.7
2026-09-21T04:34:18Z,18604,535.2,1000,1000,1,1190548950,1,200,1.1
2026-09-21T04:34:49Z,18634,552.9,1000,1000,1,1192488426,1,200,0.7
2026-09-21T04:35:18Z,18664,504.4,1000,1000,1,1194370126,1,200,0.8
2026-09-21T04:35:48Z,18694,515.6,1000,1000,1,1196248246,1,200,0.5
2026-09-21T04:36:18Z,18724,515.0,1000,1000,1,1198191302,1,200,0.7
2026-09-21T04:36:48Z,18754,514.7,1000,1000,1,1200069422,1,200,0.6
2026-09-21T04:37:18Z,18784,566.4,1000,1000,1,1201948542,1,200,0.8
2026-09-21T04:37:48Z,18814,538.9,1000,1000,1,1203888512,1,200,3.4
2026-09-21T04:38:18Z,18844,540.2,1000,1000,1,1205769718,1,200,0.7
2026-09-21T04:38:48Z,18874,508.5,1000,1000,1,1207647838,1,200,0.5
2026-09-21T04:39:18Z,18904,543.7,1000,1000,1,1209589385,1,200,38.1
2026-09-21T04:39:48Z,18934,534.9,1000,1000,1,1211476426,1,200,3.8
2026-09-21T04:40:18Z,18964,490.8,1000,1000,1,1213356126,1,200,3.2
2026-09-21T04:40:48Z,18994,535.3,1000,1000,1,1215292761,1,200,1.9
2026-09-21T04:41:18Z,19024,515.7,1000,1000,1,1217177302,1,200,0.9
2026-09-21T04:41:48Z,19054,507.3,1000,1000,1,1219055422,1,200,0.5
2026-09-21T04:42:18Z,19084,555.9,1000,1000,1,1220998478,1,200,1.1
2026-09-21T04:42:48Z,19114,525.8,1000,1000,1,1222876598,1,200,0.6
2026-09-21T04:43:18Z,19144,512.7,1000,1000,1,1224755718,1,200,1.2
2026-09-21T04:43:48Z,19174,537.2,1000,1000,1,1226697774,1,200,0.5
2026-09-21T04:44:18Z,19204,528.9,1000,1000,1,1228576894,1,200,1.1
2026-09-21T04:44:48Z,19234,531.9,1000,1000,1,1230455014,1,200,0.5
2026-09-21T04:45:19Z,19264,574.5,1000,1000,1,1232396967,1,200,36.0
2026-09-21T04:45:48Z,19294,530.8,1000,1000,1,1234282387,1,200,0.8
2026-09-21T04:46:18Z,19324,520.4,1000,1000,1,1236161572,1,200,4.4
2026-09-21T04:46:48Z,19354,544.0,1000,1000,1,1238096237,1,200,2.8
2026-09-21T04:47:18Z,19384,512.2,1000,1000,1,1239983767,1,200,1.7
2026-09-21T04:47:48Z,19414,556.2,1000,1000,1,1241862598,1,200,1.1
2026-09-21T04:48:18Z,19444,515.5,1000,1000,1,1243805654,1,200,1.2
2026-09-21T04:48:48Z,19474,509.4,1000,1000,1,1245683774,1,200,1.2
2026-09-21T04:49:18Z,19504,531.6,1000,1000,1,1247562894,1,200,0.5
2026-09-21T04:49:48Z,19534,558.7,1000,1000,1,1249502524,1,200,25.9
2026-09-21T04:50:18Z,19564,526.4,1000,1000,1,1251384070,1,200,0.7
2026-09-21T04:50:48Z,19594,520.7,1000,1000,1,1253267646,1,200,1.9
2026-09-21T04:51:18Z,19624,539.6,1000,1000,1,1255201935,1,200,21.5
2026-09-21T04:51:48Z,19654,563.1,1000,1000,1,1257091356,1,200,2.3
2026-09-21T04:52:18Z,19684,542.4,1000,1000,1,1258970478,1,200,0.5
2026-09-21T04:52:48Z,19714,516.9,1000,1000,1,1260912534,1,200,0.9
2026-09-21T04:53:18Z,19744,534.4,1000,1000,1,1262791654,1,200,0.6
2026-09-21T04:53:48Z,19774,567.1,1000,1000,1,1264669774,1,200,0.8
2026-09-21T04:54:19Z,19804,566.1,1000,1000,1,1266610898,1,200,1.2
2026-09-21T04:54:48Z,19834,510.5,1000,1000,1,1268498933,1,200,0.8
2026-09-21T04:55:18Z,19864,516.3,1000,1000,1,1270378062,1,200,0.6
2026-09-21T04:55:49Z,19894,541.8,1000,1000,1,1272321246,1,200,1.3
2026-09-21T04:56:18Z,19924,535.8,1000,1000,1,1274204465,1,200,0.6
2026-09-21T04:56:48Z,19954,555.4,1000,1000,1,1276077358,1,200,0.6
2026-09-21T04:57:19Z,19984,528.6,1000,1000,1,1278020414,1,200,0.6
2026-09-21T04:57:48Z,20014,538.2,1000,1000,1,1279898534,1,200,0.7
2026-09-21T04:58:18Z,20044,551.1,1000,1000,1,1281785638,1,200,0.8
2026-09-21T04:58:49Z,20074,725.6,1000,1000,1,1283656773,1,200,16.7
2026-09-21T04:59:18Z,20104,561.2,1000,1000,1,1286624216,1,200,0.6
2026-09-21T04:59:48Z,20134,512.6,1000,1000,1,1288502715,1,200,0.9
2026-09-21T05:00:19Z,20164,534.0,1000,1000,1,1290441983,1,200,0.4
2026-09-21T05:00:48Z,20194,578.8,1000,1000,1,1292320103,1,200,1.0
2026-09-21T05:01:18Z,20224,515.7,1000,1000,1,1294199223,1,200,0.6
2026-09-21T05:01:49Z,20254,531.6,1000,1000,1,1296141279,1,200,0.8
2026-09-21T05:02:18Z,20284,516.0,1000,1000,1,1298020399,1,200,0.7
2026-09-21T05:02:48Z,20314,576.4,1000,1000,1,1299898519,1,200,0.7
2026-09-21T05:03:19Z,20344,548.5,1000,1000,1,1301841575,1,200,0.5
2026-09-21T05:03:48Z,20374,526.4,1000,1000,1,1303719695,1,200,1.3
2026-09-21T05:04:18Z,20404,558.1,1000,1000,1,1305598815,1,200,0.5
2026-09-21T05:04:49Z,20434,530.7,1000,1000,1,1307543977,1,200,4.6
2026-09-21T05:05:18Z,20464,551.7,1000,1000,1,1309424820,1,200,0.5
2026-09-21T05:05:48Z,20494,548.0,1000,1000,1,1311306103,1,200,1.5
2026-09-21T05:06:19Z,20524,526.3,1000,1000,1,1313249159,1,200,0.8
2026-09-21T05:06:48Z,20554,539.4,1000,1000,1,1315127279,1,200,2.6
2026-09-21T05:07:18Z,20584,566.5,1000,1000,1,1317006399,1,200,0.6
2026-09-21T05:07:49Z,20614,536.1,1000,1000,1,1318948455,1,200,0.4
2026-09-21T05:08:18Z,20644,533.8,1000,1000,1,1320827575,1,200,0.8
2026-09-21T05:08:48Z,20674,557.2,1000,1000,1,1322705695,1,200,0.6
2026-09-21T05:09:19Z,20704,539.8,1000,1000,1,1324648751,1,200,0.8
2026-09-21T05:09:48Z,20734,524.3,1000,1000,1,1326526871,1,200,0.6
2026-09-21T05:10:18Z,20764,516.8,1000,1000,1,1328405991,1,200,0.8
2026-09-21T05:10:49Z,20794,561.5,1000,1000,1,1330348047,1,200,0.6
2026-09-21T05:11:18Z,20824,523.8,1000,1000,1,1332227167,1,200,0.8
2026-09-21T05:11:48Z,20854,537.5,1000,1000,1,1334105287,1,200,0.5
2026-09-21T05:12:18Z,20884,545.8,1000,1000,1,1336048343,1,200,0.7
2026-09-21T05:12:48Z,20914,539.1,1000,1000,1,1337926463,1,200,0.5
2026-09-21T05:13:18Z,20944,501.1,1000,1000,1,1339805583,1,200,0.8
2026-09-21T05:13:48Z,20974,541.9,1000,1000,1,1341747639,1,200,2.1
2026-09-21T05:14:18Z,21004,513.2,1000,1000,1,1343626759,1,200,0.8
2026-09-21T05:14:48Z,21034,520.0,1000,1000,1,1345504879,1,200,0.5
2026-09-21T05:15:18Z,21064,542.5,1000,1000,1,1347446219,1,200,42.6
2026-09-21T05:15:48Z,21094,545.7,1000,1000,1,1349332965,1,200,0.6
2026-09-21T05:16:18Z,21124,531.0,1000,1000,1,1351213167,1,200,1.4
2026-09-21T05:16:48Z,21154,523.3,1000,1000,1,1353155223,1,200,0.5
2026-09-21T05:17:18Z,21184,537.9,1000,1000,1,1355034343,1,200,0.7
2026-09-21T05:17:48Z,21214,560.7,1000,1000,1,1356912463,1,200,0.6
2026-09-21T05:18:18Z,21244,523.0,1000,1000,1,1358854189,1,200,2.1
2026-09-21T05:18:48Z,21274,536.3,1000,1000,1,1360738631,1,200,0.7
2026-09-21T05:19:18Z,21304,534.6,1000,1000,1,1362620751,1,200,0.9
2026-09-21T05:19:49Z,21334,527.3,1000,1000,1,1364560247,1,200,2.1
2026-09-21T05:20:18Z,21364,541.7,1000,1000,1,1366441927,1,200,0.8
2026-09-21T05:20:48Z,21394,551.4,1000,1000,1,1368320047,1,200,0.5
2026-09-21T05:21:19Z,21424,523.2,1000,1000,1,1370263103,1,200,0.8
2026-09-21T05:21:48Z,21454,524.4,1000,1000,1,1372141223,1,200,0.5
2026-09-21T05:22:18Z,21484,552.2,1000,1000,1,1374028335,1,200,1.1
2026-09-21T05:22:49Z,21514,544.5,1000,1000,1,1375970391,1,200,0.9
2026-09-21T05:23:18Z,21544,538.2,1000,1000,1,1377849511,1,200,0.8
2026-09-21T05:23:48Z,21574,551.3,1000,1000,1,1379727631,1,200,0.5
2026-09-21T05:24:19Z,21604,569.6,1000,1000,1,1381672773,1,200,1.1
2026-09-21T05:24:48Z,21634,530.9,1000,1000,1,1383548807,1,200,0.6
2026-09-21T05:25:18Z,21664,549.7,1000,1000,1,1385427927,1,200,1.1
2026-09-21T05:25:49Z,21694,528.0,1000,1000,1,1387369983,1,200,0.5
2026-09-21T05:26:18Z,21724,545.1,1000,1000,1,1389249103,1,200,1.0
2026-09-21T05:26:48Z,21754,546.2,1000,1000,1,1391127223,1,200,0.4
2026-09-21T05:27:18Z,21784,542.1,1000,1000,1,1393067068,1,200,12.8
2026-09-21T05:27:48Z,21814,556.2,1000,1000,1,1394956391,1,200,2.2
2026-09-21T05:28:18Z,21844,563.3,1000,1000,1,1396835511,1,200,0.8
2026-09-21T05:28:49Z,21874,563.3,1000,1000,1,1398777567,1,200,0.7
2026-09-21T05:29:18Z,21904,527.4,1000,1000,1,1401647987,1,200,0.6
2026-09-21T05:29:48Z,21934,521.5,1000,1000,1,1403527810,1,200,1.0
2026-09-21T05:30:19Z,21964,552.9,1000,1000,1,1405470869,1,200,0.5
2026-09-21T05:30:48Z,21994,529.4,1000,1000,1,1407354092,1,200,145.0
2026-09-21T05:31:18Z,22024,533.2,1000,1000,1,1409236101,1,200,0.6
2026-09-21T05:31:48Z,22054,548.5,1000,1000,1,1411114221,1,200,0.7
2026-09-21T05:32:18Z,22084,539.3,1000,1000,1,1413053954,1,200,11.7
2026-09-21T05:32:48Z,22114,547.7,1000,1000,1,1414935397,1,200,0.9
2026-09-21T05:33:18Z,22144,550.3,1000,1000,1,1416820918,1,200,1.7
2026-09-21T05:33:48Z,22174,536.2,1000,1000,1,1418764173,1,200,0.7
2026-09-21T05:34:18Z,22204,570.2,1000,1000,1,1420643685,1,200,0.4
2026-09-21T05:34:48Z,22234,566.4,1000,1000,1,1422521805,1,200,0.9
2026-09-21T05:35:18Z,22264,533.6,1000,1000,1,1424464861,1,200,0.9
2026-09-21T05:35:48Z,22294,529.3,1000,1000,1,1426342981,1,200,0.8
2026-09-21T05:36:18Z,22324,543.1,1000,1000,1,1428230084,1,200,0.6
2026-09-21T05:36:49Z,22354,525.2,1000,1000,1,1430169885,1,200,0.8
2026-09-21T05:37:18Z,22384,522.2,1000,1000,1,1432051269,1,200,2.6
2026-09-21T05:37:48Z,22414,532.0,1000,1000,1,1433929389,1,200,3.3
2026-09-21T05:38:19Z,22444,562.3,1000,1000,1,1435872445,1,200,0.5
2026-09-21T05:38:48Z,22474,505.4,1000,1000,1,1437750565,1,200,0.7
2026-09-21T05:39:18Z,22504,528.7,1000,1000,1,1439629685,1,200,0.4
2026-09-21T05:39:48Z,22534,545.1,1000,1000,1,1441571741,1,200,0.7
2026-09-21T05:40:18Z,22564,535.5,1000,1000,1,1443450861,1,200,0.5
2026-09-21T05:40:48Z,22594,521.1,1000,1000,1,1445334635,1,200,1.6
2026-09-21T05:41:18Z,22624,501.8,1000,1000,1,1447270708,1,200,0.8
2026-09-21T05:41:48Z,22654,545.5,1000,1000,1,1449155575,1,200,0.7
2026-09-21T05:42:18Z,22684,527.5,1000,1000,1,1451037269,1,200,1.0
2026-09-21T05:42:49Z,22714,540.2,1000,1000,1,1452971966,1,200,1.4
2026-09-21T05:43:18Z,22744,553.8,1000,1000,1,1454858445,1,200,0.6
2026-09-21T05:43:48Z,22774,514.6,1000,1000,1,1456736565,1,200,1.4
2026-09-21T05:44:18Z,22804,548.0,1000,1000,1,1458679621,1,200,0.6
2026-09-21T05:44:48Z,22834,545.2,1000,1000,1,1460557741,1,200,1.0
2026-09-21T05:45:18Z,22864,541.5,1000,1000,1,1462436861,1,200,0.5
2026-09-21T05:45:48Z,22894,513.7,1000,1000,1,1464378192,1,200,1.4
2026-09-21T05:46:18Z,22924,532.3,1000,1000,1,1466258037,1,200,0.5
2026-09-21T05:46:48Z,22954,566.5,1000,1000,1,1468136157,1,200,1.0
2026-09-21T05:47:18Z,22984,533.8,1000,1000,1,1470076399,1,200,44.3
2026-09-21T05:47:48Z,23014,534.9,1000,1000,1,1471957333,1,200,1.4
2026-09-21T05:48:18Z,23044,576.9,1000,1000,1,1473843470,1,200,0.6
2026-09-21T05:48:49Z,23074,523.5,1000,1000,1,1475786501,1,200,3.3
2026-09-21T05:49:18Z,23104,505.1,1000,1000,1,1477665621,1,200,0.7
2026-09-21T05:49:48Z,23134,523.7,1000,1000,1,1479543741,1,200,0.7
2026-09-21T05:50:18Z,23164,526.2,1000,1000,1,1481486797,1,200,0.8
2026-09-21T05:50:48Z,23194,540.1,1000,1000,1,1483364917,1,200,0.6
2026-09-21T05:51:18Z,23224,518.6,1000,1000,1,1485244037,1,200,0.7
2026-09-21T05:51:48Z,23254,546.4,1000,1000,1,1487184144,1,200,29.7
2026-09-21T05:52:18Z,23284,531.9,1000,1000,1,1489065213,1,200,0.7
2026-09-21T05:52:48Z,23314,523.3,1000,1000,1,1490943333,1,200,0.5
2026-09-21T05:53:18Z,23344,506.9,1000,1000,1,1492883912,1,200,66.5
2026-09-21T05:53:48Z,23374,529.7,1000,1000,1,1494772501,1,200,1.1
2026-09-21T05:54:18Z,23404,532.5,1000,1000,1,1496651621,1,200,0.6
2026-09-21T05:54:48Z,23434,541.4,1000,1000,1,1498593677,1,200,0.8
2026-09-21T05:55:18Z,23464,547.6,1000,1000,1,1500472797,1,200,1.0
2026-09-21T05:55:48Z,23494,498.6,1000,1000,1,1502355709,1,200,0.5
2026-09-21T05:56:18Z,23524,562.0,1000,1000,1,1504291665,1,200,1.2
2026-09-21T05:56:48Z,23554,517.9,1000,1000,1,1506172093,1,200,0.4
2026-09-21T05:57:18Z,23584,523.1,1000,1000,1,1508051213,1,200,2.4
2026-09-21T05:57:48Z,23614,530.6,1000,1000,1,1509990904,1,200,25.5
2026-09-21T05:58:18Z,23644,515.3,1000,1000,1,1511880380,1,200,1.1
2026-09-21T05:58:48Z,23674,526.1,1000,1000,1,1513758501,1,200,1.9
2026-09-21T05:59:19Z,23704,516.5,1000,1000,1,1516705552,1,200,0.7
2026-09-21T05:59:48Z,23734,507.5,1000,1000,1,1518583672,1,200,1.0
2026-09-21T06:00:18Z,23764,525.1,1000,1000,1,1520467508,1,200,0.9
2026-09-21T06:00:49Z,23794,519.5,1000,1000,1,1522409843,1,200,1.1
2026-09-21T06:01:18Z,23824,565.5,1000,1000,1,1524288961,1,200,2.8
2026-09-21T06:01:48Z,23854,536.1,1000,1000,1,1526167083,1,200,0.7
2026-09-21T06:02:19Z,23884,494.2,1000,1000,1,1528110139,1,200,0.8
2026-09-21T06:02:48Z,23914,531.8,1000,1000,1,1529988259,1,200,0.5
2026-09-21T06:03:18Z,23944,527.9,1000,1000,1,1531875371,1,200,1.3
2026-09-21T06:03:49Z,23974,525.5,1000,1000,1,1533817427,1,200,0.5
2026-09-21T06:04:18Z,24004,561.5,1000,1000,1,1535701811,1,200,150.6
2026-09-21T06:04:48Z,24034,512.1,1000,1000,1,1537582659,1,200,0.6
2026-09-21T06:05:18Z,24064,559.2,1000,1000,1,1539461779,1,200,1.0
2026-09-21T06:05:48Z,24094,557.0,1000,1000,1,1541401439,1,200,31.0
2026-09-21T06:06:18Z,24124,530.0,1000,1000,1,1543288958,1,200,3.0
2026-09-21T06:06:48Z,24154,532.4,1000,1000,1,1545168865,1,200,1.2
2026-09-21T06:07:18Z,24184,548.3,1000,1000,1,1547111976,1,200,2.7
2026-09-21T06:07:48Z,24214,540.2,1000,1000,1,1548990243,1,200,0.8
2026-09-21T06:08:18Z,24244,543.8,1000,1000,1,1550869363,1,200,1.2
2026-09-21T06:08:48Z,24274,551.8,1000,1000,1,1552810511,1,200,21.2
2026-09-21T06:09:18Z,24304,555.6,1000,1000,1,1554690539,1,200,1.3
2026-09-21T06:09:48Z,24334,530.6,1000,1000,1,1556568659,1,200,0.6
2026-09-21T06:10:18Z,24364,533.1,1000,1000,1,1558509195,1,200,29.0
2026-09-21T06:10:48Z,24394,516.7,1000,1000,1,1560389835,1,200,0.7
2026-09-21T06:11:18Z,24424,517.6,1000,1000,1,1562268955,1,200,0.6
2026-09-21T06:11:48Z,24454,528.9,1000,1000,1,1564208667,1,200,64.8
2026-09-21T06:12:18Z,24484,527.8,1000,1000,1,1566098123,1,200,0.7
2026-09-21T06:12:48Z,24514,527.5,1000,1000,1,1567976243,1,200,0.8
2026-09-21T06:13:18Z,24544,550.7,1000,1000,1,1569919299,1,200,0.5
2026-09-21T06:13:48Z,24574,539.5,1000,1000,1,1571797419,1,200,0.8
2026-09-21T06:14:18Z,24604,567.3,1000,1000,1,1573676539,1,200,0.6
2026-09-21T06:14:49Z,24634,551.4,1000,1000,1,1575619576,1,200,0.8
2026-09-21T06:15:18Z,24664,558.8,1000,1000,1,1577497715,1,200,0.5
2026-09-21T06:15:48Z,24694,529.8,1000,1000,1,1579382238,1,200,0.8
2026-09-21T06:16:19Z,24724,514.5,1000,1000,1,1581320916,1,200,0.5
2026-09-21T06:16:48Z,24754,519.5,1000,1000,1,1583205003,1,200,1.3
2026-09-21T06:17:18Z,24784,518.9,1000,1000,1,1585084123,1,200,0.4
2026-09-21T06:17:49Z,24814,520.5,1000,1000,1,1587024531,1,200,1.1
2026-09-21T06:18:18Z,24844,520.3,1000,1000,1,1588905299,1,200,0.7
2026-09-21T06:18:48Z,24874,533.7,1000,1000,1,1590783419,1,200,0.8
2026-09-21T06:19:19Z,24904,514.7,1000,1000,1,1592726475,1,200,0.7
2026-09-21T06:19:48Z,24934,528.1,1000,1000,1,1594604595,1,200,0.7
2026-09-21T06:20:18Z,24964,516.9,1000,1000,1,1596483715,1,200,0.4
2026-09-21T06:20:48Z,24994,529.0,1000,1000,1,1598425771,1,200,2.1
2026-09-21T06:21:18Z,25024,540.8,1000,1000,1,1600304891,1,200,0.4
2026-09-21T06:21:48Z,25054,522.8,1000,1000,1,1602183011,1,200,0.7
2026-09-21T06:22:18Z,25084,535.1,1000,1000,1,1604126067,1,200,0.4
2026-09-21T06:22:48Z,25114,510.3,1000,1000,1,1606004187,1,200,0.7
2026-09-21T06:23:18Z,25144,523.9,1000,1000,1,1607891174,1,200,1.3
2026-09-21T06:23:49Z,25174,508.4,1000,1000,1,1609831188,1,200,0.8
2026-09-21T06:24:18Z,25204,524.3,1000,1000,1,1611712475,1,200,1.3
2026-09-21T06:24:48Z,25234,570.5,1000,1000,1,1613590595,1,200,0.8
2026-09-21T06:25:19Z,25264,555.8,1000,1000,1,1615533651,1,200,0.5
2026-09-21T06:25:48Z,25294,504.1,1000,1000,1,1617411771,1,200,0.9
2026-09-21T06:26:18Z,25324,536.6,1000,1000,1,1619290891,1,200,0.5
2026-09-21T06:26:48Z,25354,541.1,1000,1000,1,1621232947,1,200,1.2
2026-09-21T06:27:18Z,25384,509.3,1000,1000,1,1623112067,1,200,0.5
2026-09-21T06:27:48Z,25414,561.6,1000,1000,1,1624990187,1,200,0.9
2026-09-21T06:28:18Z,25444,516.4,1000,1000,1,1626932705,1,200,1.6
2026-09-21T06:28:48Z,25474,532.9,1000,1000,1,1628818274,1,200,4.2
2026-09-21T06:29:18Z,25504,618.0,1000,1000,1,1630698482,1,200,16.1
2026-09-21T06:29:49Z,25534,517.0,1000,1000,1,1633627543,1,200,2.3
2026-09-21T06:30:18Z,25564,510.8,1000,1000,1,1635506663,1,200,0.5
2026-09-21T06:30:48Z,25594,496.6,1000,1000,1,1637384783,1,200,1.4
2026-09-21T06:31:19Z,25624,539.2,1000,1000,1,1639327839,1,200,0.7
2026-09-21T06:31:48Z,25654,513.9,1000,1000,1,1641209485,1,200,0.5
2026-09-21T06:32:18Z,25684,512.1,1000,1000,1,1643093071,1,200,0.6
2026-09-21T06:32:48Z,25714,520.0,1000,1000,1,1644976249,1,200,0.5
2026-09-21T06:33:18Z,25744,517.8,1000,1000,1,1646911552,1,200,2.3
2026-09-21T06:33:48Z,25774,510.5,1000,1000,1,1648792367,1,200,0.4
2026-09-21T06:34:18Z,25804,530.2,1000,1000,1,1650671487,1,200,0.6
2026-09-21T06:34:48Z,25834,522.6,1000,1000,1,1652613543,1,200,0.5
2026-09-21T06:35:18Z,25864,518.3,1000,1000,1,1654492663,1,200,0.8
2026-09-21T06:35:49Z,25895,532.2,1000,1000,1,1656434719,1,200,0.5
2026-09-21T06:36:19Z,25925,515.0,1000,1000,1,1658381578,1,200,100.6
2026-09-21T06:36:49Z,25955,540.7,1000,1000,1,1660263887,1,200,0.6
2026-09-21T06:37:19Z,25985,537.7,1000,1000,1,1662145734,1,200,0.8
2026-09-21T06:37:49Z,26015,545.1,1000,1000,1,1664080782,1,200,37.8
2026-09-21T06:38:19Z,26045,501.7,1000,1000,1,1665972175,1,200,1.1
2026-09-21T06:38:49Z,26075,527.9,1000,1000,1,1667850295,1,200,0.7
2026-09-21T06:39:19Z,26105,547.9,1000,1000,1,1669793351,1,200,0.8
2026-09-21T06:39:49Z,26135,551.0,1000,1000,1,1671671471,1,200,1.1
2026-09-21T06:40:19Z,26165,510.2,1000,1000,1,1673550591,1,200,0.6
2026-09-21T06:40:50Z,26195,545.6,1000,1000,1,1675498752,1,200,1.0
2026-09-21T06:41:19Z,26225,510.8,1000,1000,1,1677376264,1,200,0.6
2026-09-21T06:41:49Z,26255,500.1,1000,1000,1,1679257879,1,200,1.3
2026-09-21T06:42:20Z,26285,528.0,1000,1000,1,1681202819,1,200,3.9
2026-09-21T06:42:49Z,26315,551.1,1000,1000,1,1683079055,1,200,0.5
2026-09-21T06:43:19Z,26345,545.0,1000,1000,1,1684965237,1,200,2.1
2026-09-21T06:43:50Z,26375,536.4,1000,1000,1,1686906168,1,200,0.7
2026-09-21T06:44:19Z,26405,549.3,1000,1000,1,1688787328,1,200,0.8
2026-09-21T06:44:49Z,26435,544.2,1000,1000,1,1690665463,1,200,2.2
2026-09-21T06:45:20Z,26465,538.8,1000,1000,1,1692608519,1,200,0.7
2026-09-21T06:45:49Z,26495,512.5,1000,1000,1,1694486639,1,200,0.5
2026-09-21T06:46:19Z,26525,544.1,1000,1000,1,1696365759,1,200,0.7
2026-09-21T06:46:50Z,26555,515.7,1000,1000,1,1698313818,1,200,0.6
2026-09-21T06:47:19Z,26585,544.3,1000,1000,1,1700193184,1,200,1.6
2026-09-21T06:47:49Z,26615,552.2,1000,1000,1,1702073047,1,200,0.4
2026-09-21T06:48:19Z,26645,525.4,1000,1000,1,1703952167,1,200,0.8
2026-09-21T06:48:49Z,26675,526.0,1000,1000,1,1705898566,1,200,111.0
2026-09-21T06:49:19Z,26705,527.4,1000,1000,1,1707781335,1,200,0.8
2026-09-21T06:49:49Z,26735,524.1,1000,1000,1,1709667439,1,200,1.9
2026-09-21T06:50:19Z,26765,562.7,1000,1000,1,1711600890,1,200,4.1
2026-09-21T06:50:49Z,26795,540.4,1000,1000,1,1713488623,1,200,1.0
2026-09-21T06:51:19Z,26825,518.1,1000,1000,1,1715367743,1,200,1.0
2026-09-21T06:51:50Z,26855,511.8,1000,1000,1,1717309799,1,200,0.5
2026-09-21T06:52:19Z,26885,549.0,1000,1000,1,1719188919,1,200,1.0
2026-09-21T06:52:49Z,26915,533.7,1000,1000,1,1721067039,1,200,0.4
2026-09-21T06:53:20Z,26945,551.3,1000,1000,1,1723010095,1,200,0.6
2026-09-21T06:53:49Z,26975,516.6,1000,1000,1,1724888215,1,200,0.9
2026-09-21T06:54:19Z,27005,521.7,1000,1000,1,1726772415,1,200,0.6
2026-09-21T06:54:50Z,27035,546.4,1000,1000,1,1728708556,1,200,1.9
2026-09-21T06:55:19Z,27065,530.5,1000,1000,1,1730596503,1,200,0.6
2026-09-21T06:55:49Z,27095,555.1,1000,1000,1,1732474623,1,200,0.8
2026-09-21T06:56:20Z,27125,543.3,1000,1000,1,1734417679,1,200,0.7
2026-09-21T06:56:49Z,27155,541.4,1000,1000,1,1736295799,1,200,0.9
2026-09-21T06:57:19Z,27185,532.5,1000,1000,1,1738174919,1,200,0.5
2026-09-21T06:57:49Z,27215,572.5,1000,1000,1,1740116975,1,200,0.7
2026-09-21T06:58:19Z,27245,537.4,1000,1000,1,1741996095,1,200,0.5
2026-09-21T06:58:49Z,27275,519.4,1000,1000,1,1743879772,1,200,0.8
2026-09-21T06:59:19Z,27305,559.0,1000,1000,1,1745813254,1,200,9.1
2026-09-21T06:59:49Z,27335,521.3,1000,1000,1,1748704381,1,200,0.8
2026-09-21T07:00:19Z,27365,534.0,1000,1000,1,1750590450,1,200,1.0
2026-09-21T07:00:50Z,27395,537.0,1000,1000,1,1752532550,1,200,3.8
2026-09-21T07:01:19Z,27425,534.8,1000,1000,1,1754412394,1,200,1.2
2026-09-21T07:01:49Z,27455,541.1,1000,1000,1,1756290789,1,200,0.9
2026-09-21T07:02:20Z,27485,526.9,1000,1000,1,1758238411,1,200,0.5
2026-09-21T07:02:49Z,27515,541.6,1000,1000,1,1760111965,1,200,0.9
2026-09-21T07:03:19Z,27545,523.3,1000,1000,1,1761998232,1,200,1.9
2026-09-21T07:03:50Z,27575,542.6,1000,1000,1,1763941754,1,200,1.5
2026-09-21T07:04:19Z,27605,569.1,1000,1000,1,1765827198,1,200,13.2
2026-09-21T07:04:49Z,27635,518.5,1000,1000,1,1767703938,1,200,0.7
2026-09-21T07:05:19Z,27665,538.5,1000,1000,1,1769584486,1,200,0.7
2026-09-21T07:05:49Z,27695,565.6,1000,1000,1,1771527599,1,200,1.9
2026-09-21T07:06:19Z,27725,540.0,1000,1000,1,1773406661,1,200,0.6
2026-09-21T07:06:49Z,27755,506.4,1000,1000,1,1775291080,1,200,1.0
2026-09-21T07:07:20Z,27785,535.5,1000,1000,1,1777229935,1,200,89.4
2026-09-21T07:07:49Z,27815,528.6,1000,1000,1,1779121336,1,200,1.4
2026-09-21T07:08:19Z,27845,541.1,1000,1000,1,1781001106,1,200,0.7
2026-09-21T07:08:50Z,27875,513.1,1000,1000,1,1782939283,1,200,1.8
2026-09-21T07:09:19Z,27905,522.5,1000,1000,1,1784822237,1,200,0.5
2026-09-21T07:09:49Z,27935,509.3,1000,1000,1,1786700357,1,200,0.9
2026-09-21T07:10:19Z,27965,525.5,1000,1000,1,1788643413,1,200,2.1
2026-09-21T07:10:49Z,27995,548.4,1000,1000,1,1790521533,1,200,1.0
2026-09-21T07:11:19Z,28025,532.3,1000,1000,1,1792406810,1,200,0.7
2026-09-21T07:11:50Z,28055,531.6,1000,1000,1,1794347394,1,200,0.7
2026-09-21T07:12:19Z,28085,507.2,1000,1000,1,1796227277,1,200,0.6
2026-09-21T07:12:49Z,28115,492.3,1000,1000,1,1798107941,1,200,2.5
2026-09-21T07:13:20Z,28145,534.3,1000,1000,1,1800047745,1,200,0.6
2026-09-21T07:13:49Z,28175,545.0,1000,1000,1,1801929117,1,200,1.2
2026-09-21T07:14:19Z,28205,556.3,1000,1000,1,1803808237,1,200,0.4
2026-09-21T07:14:50Z,28235,551.7,1000,1000,1,1805747106,1,200,0.5
2026-09-21T07:15:19Z,28265,559.2,1000,1000,1,1807629413,1,200,1.0
2026-09-21T07:15:49Z,28295,530.3,1000,1000,1,1809507533,1,200,0.4
2026-09-21T07:16:20Z,28325,547.7,1000,1000,1,1811450589,1,200,0.9
2026-09-21T07:16:49Z,28355,535.8,1000,1000,1,1813328709,1,200,0.5
2026-09-21T07:17:19Z,28385,538.4,1000,1000,1,1815213313,1,200,0.9
2026-09-21T07:17:49Z,28415,555.1,1000,1000,1,1817149885,1,200,0.5
2026-09-21T07:18:19Z,28445,558.6,1000,1000,1,1819029005,1,200,0.6
2026-09-21T07:18:49Z,28475,525.1,1000,1000,1,1820907125,1,200,0.5
2026-09-21T07:19:20Z,28505,555.0,1000,1000,1,1822848624,1,200,34.7
2026-09-21T07:19:49Z,28535,550.9,1000,1000,1,1824736293,1,200,0.8
2026-09-21T07:20:19Z,28565,540.5,1000,1000,1,1826619368,1,200,0.8
2026-09-21T07:20:50Z,28595,546.8,1000,1000,1,1828555501,1,200,2.9
2026-09-21T07:21:19Z,28625,559.0,1000,1000,1,1830443542,1,200,3.6
2026-09-21T07:21:49Z,28655,524.8,1000,1000,1,1832322701,1,200,2.7
2026-09-21T07:22:20Z,28685,506.0,1000,1000,1,1834265757,1,200,1.2
2026-09-21T07:22:49Z,28715,539.2,1000,1000,1,1836143877,1,200,2.7
2026-09-21T07:23:19Z,28745,546.1,1000,1000,1,1838022997,1,200,0.9
2026-09-21T07:23:50Z,28775,543.3,1000,1000,1,1839966483,1,200,1.5
2026-09-21T07:24:19Z,28805,524.8,1000,1000,1,1841844173,1,200,0.8
2026-09-21T07:24:49Z,28835,535.9,1000,1000,1,1843729032,1,200,1.8
2026-09-21T07:25:20Z,28865,558.1,1000,1000,1,1845673331,1,200,1.3
2026-09-21T07:25:49Z,28895,540.6,1000,1000,1,1847551461,1,200,0.8
2026-09-21T07:26:19Z,28925,560.6,1000,1000,1,1849430581,1,200,0.8
2026-09-21T07:26:50Z,28955,571.4,1000,1000,1,1851372637,1,200,0.6
2026-09-21T07:27:19Z,28985,536.1,1000,1000,1,1853251757,1,200,0.8
2026-09-21T07:27:49Z,29015,517.2,1000,1000,1,1855129877,1,200,0.5
2026-09-21T07:28:20Z,29045,510.4,1000,1000,1,1857072933,1,200,3.1
2026-09-21T07:28:49Z,29075,560.8,1000,1000,1,1858951053,1,200,0.5
2026-09-21T07:29:19Z,29105,532.3,1000,1000,1,1860838165,1,200,1.6
2026-09-21T07:29:49Z,29135,541.0,999,999,2,1862732469,2,200,0.6
2026-09-21T07:30:20Z,29165,539.1,999,999,2,1864681564,2,200,0.9
2026-09-21T07:30:49Z,29195,538.3,999,999,2,1866561240,2,200,0.5
2026-09-21T07:31:19Z,29225,557.7,999,999,2,1868443027,2,200,0.8
2026-09-21T07:31:49Z,29255,527.1,1000,1000,2,1871337023,2,200,0.4
2026-09-21T07:32:19Z,29285,534.6,1000,1000,2,1873221988,2,200,0.9
2026-09-21T07:32:50Z,29315,538.8,1000,1000,2,1875162134,2,200,0.5
2026-09-21T07:33:19Z,29345,537.2,1000,1000,2,1877044681,2,200,1.3
2026-09-21T07:33:49Z,29375,564.1,1000,1000,2,1878923431,2,200,1.8
2026-09-21T07:34:20Z,29405,552.7,1000,1000,2,1880866486,2,200,0.9
2026-09-21T07:34:49Z,29435,526.9,1000,1000,2,1882744607,2,200,0.5
2026-09-21T07:35:19Z,29465,509.9,1000,1000,2,1884623726,2,200,1.2
2026-09-21T07:35:50Z,29495,534.6,1000,1000,2,1886564887,2,200,0.5
2026-09-21T07:36:19Z,29525,541.4,1000,1000,2,1888444902,2,200,0.7
2026-09-21T07:36:49Z,29555,562.7,1000,1000,2,1890323023,2,200,0.8
2026-09-21T07:37:20Z,29585,550.3,1000,1000,2,1892266078,2,200,0.7
2026-09-21T07:37:49Z,29615,514.4,1000,1000,2,1894149320,2,200,0.7
2026-09-21T07:38:19Z,29645,521.9,1000,1000,2,1896030872,2,200,0.9
2026-09-21T07:38:50Z,29675,515.5,1000,1000,2,1897973367,2,200,1.3
2026-09-21T07:39:19Z,29705,546.9,1000,1000,2,1899852486,2,200,0.7
2026-09-21T07:39:49Z,29735,558.1,1000,1000,2,1901730607,2,200,0.6
2026-09-21T07:40:20Z,29765,549.0,1000,1000,2,1903674330,2,200,0.5
2026-09-21T07:40:49Z,29795,518.0,1000,1000,2,1905551783,2,200,1.0
2026-09-21T07:41:19Z,29825,543.7,1000,1000,2,1907430902,2,200,0.7
2026-09-21T07:41:50Z,29855,536.0,1000,1000,2,1909376246,2,200,4.1
2026-09-21T07:42:19Z,29885,578.0,1000,1000,2,1911257163,2,200,0.5
2026-09-21T07:42:49Z,29915,533.7,1000,1000,2,1913135576,2,200,0.9
2026-09-21T07:43:20Z,29945,522.5,1000,1000,2,1915073254,2,200,0.7
2026-09-21T07:43:49Z,29975,522.0,1000,1000,2,1916956860,2,200,0.7
2026-09-21T07:44:19Z,30005,504.2,1000,1000,2,1918837556,2,200,0.9
2026-09-21T07:44:50Z,30035,536.7,1000,1000,2,1920780543,2,200,1.1
2026-09-21T07:45:19Z,30065,546.7,1000,1000,2,1922659662,2,200,0.9
2026-09-21T07:45:49Z,30095,537.8,1000,1000,2,1924537783,2,200,0.7
2026-09-21T07:46:20Z,30125,526.0,1000,1000,2,1926483259,2,200,1.0
2026-09-21T07:46:49Z,30155,518.9,1000,1000,2,1928358959,2,200,0.7
2026-09-21T07:47:19Z,30185,544.3,1000,1000,2,1930238078,2,200,0.5
2026-09-21T07:47:50Z,30215,543.3,1000,1000,2,1932177194,2,200,1.5
2026-09-21T07:48:19Z,30245,541.1,1000,1000,2,1934059254,2,200,0.5
2026-09-21T07:48:49Z,30275,537.7,1000,1000,2,1935937375,2,200,0.7
2026-09-21T07:49:20Z,30305,523.1,1000,1000,2,1937880430,2,200,0.6
2026-09-21T07:49:49Z,30335,545.2,1000,1000,2,1939763260,2,200,0.7
2026-09-21T07:50:19Z,30365,540.1,1000,1000,2,1941645662,2,200,0.5
2026-09-21T07:50:50Z,30395,522.2,1000,1000,2,1943587719,2,200,0.7
2026-09-21T07:51:19Z,30425,529.9,1000,1000,2,1945466838,2,200,0.5
2026-09-21T07:51:49Z,30455,529.9,1000,1000,2,1947344959,2,200,0.8
2026-09-21T07:52:20Z,30485,532.5,1000,1000,2,1949287909,2,200,1.6
2026-09-21T07:52:49Z,30515,531.7,1000,1000,2,1951166135,2,200,0.8
2026-09-21T07:53:19Z,30545,526.7,1000,1000,2,1953045254,2,200,0.5
2026-09-21T07:53:50Z,30575,549.7,1000,1000,2,1954991623,2,200,1.0
2026-09-21T07:54:19Z,30605,531.5,1000,1000,2,1956866430,2,200,0.6
2026-09-21T07:54:49Z,30635,546.6,1000,1000,2,1958752543,2,200,2.6
2026-09-21T07:55:20Z,30665,525.5,1000,1000,2,1960695598,2,200,0.6
2026-09-21T07:55:49Z,30695,520.5,1000,1000,2,1962573719,2,200,1.7
2026-09-21T07:56:19Z,30725,519.4,1000,1000,2,1964452838,2,200,0.4
2026-09-21T07:56:50Z,30755,561.7,1000,1000,2,1966394895,2,200,0.8
2026-09-21T07:57:19Z,30785,529.1,1000,1000,2,1968274014,2,200,0.7
2026-09-21T07:57:49Z,30815,509.1,1000,1000,2,1970152135,2,200,0.6
2026-09-21T07:58:20Z,30845,547.9,1000,1000,2,1972095093,2,200,1.2
2026-09-21T07:58:49Z,30875,531.8,1000,1000,2,1973973311,2,200,1.0
2026-09-21T07:59:19Z,30905,510.0,1000,1000,2,1975852430,2,200,0.7
2026-09-21T07:59:50Z,30935,559.9,1000,1000,2,1977797565,2,200,0.4
2026-09-21T08:00:19Z,30965,515.9,1000,1000,2,1979673606,2,200,0.7
2026-09-21T08:00:49Z,30995,542.0,1000,1000,2,1981556699,2,200,0.5
2026-09-21T08:01:20Z,31025,525.8,1000,1000,2,1983494782,2,200,0.9
2026-09-21T08:01:49Z,31055,572.8,1000,1000,2,1985374223,2,200,0.7
2026-09-21T08:02:19Z,31085,523.9,1000,1000,2,1988293979,2,200,0.8
2026-09-21T08:02:50Z,31115,532.1,1000,1000,2,1990236036,2,200,4.4
2026-09-21T08:03:19Z,31145,551.5,1000,1000,2,1992117441,2,200,0.9
2026-09-21T08:03:49Z,31175,522.0,1000,1000,2,1994006583,2,200,0.7
2026-09-21T08:04:19Z,31205,541.7,1000,1000,2,1995885712,2,200,0.6
2026-09-21T08:04:49Z,31235,535.2,1000,1000,2,1997818774,2,200,3.8
2026-09-21T08:05:19Z,31265,552.9,1000,1000,2,1999709555,2,200,0.6
2026-09-21T08:05:49Z,31295,537.0,1000,1000,2,2001587676,2,200,0.6
2026-09-21T08:06:20Z,31325,542.4,1000,1000,2,2003534947,2,200,1.0
2026-09-21T08:06:49Z,31355,531.4,1000,1000,2,2005416844,2,200,0.7
2026-09-21T08:07:19Z,31385,544.5,1000,1000,2,2007295963,2,200,0.7
2026-09-21T08:07:50Z,31415,544.7,1000,1000,2,2009236309,2,200,2.0
2026-09-21T08:08:19Z,31445,536.0,1000,1000,2,2011121942,2,200,0.7
2026-09-21T08:08:49Z,31475,547.8,1000,1000,2,2013000789,2,200,0.6
2026-09-21T08:09:20Z,31505,527.2,1000,1000,2,2014942318,2,200,1.3
2026-09-21T08:09:49Z,31535,523.9,1000,1000,2,2016824428,2,200,0.5
2026-09-21T08:10:19Z,31565,543.8,1000,1000,2,2018703547,2,200,0.7
2026-09-21T08:10:50Z,31595,529.0,1000,1000,2,2020650467,2,200,0.5
2026-09-21T08:11:19Z,31625,564.2,1000,1000,2,2022527820,2,200,0.8
2026-09-21T08:11:49Z,31655,542.6,1000,1000,2,2024410532,2,200,0.5
2026-09-21T08:12:20Z,31685,528.3,1000,1000,2,2026353891,2,200,2.1
2026-09-21T08:12:49Z,31715,543.6,1000,1000,2,2028232012,2,200,0.8
2026-09-21T08:13:19Z,31745,533.8,1000,1000,2,2030111131,2,200,1.6
2026-09-21T08:13:49Z,31775,536.1,1000,1000,2,2031989252,2,200,0.5
2026-09-21T08:14:19Z,31805,534.9,1000,1000,2,2033932307,2,200,4.0
2026-09-21T08:14:49Z,31835,498.9,1000,1000,2,2035810428,2,200,0.8
2026-09-21T08:15:20Z,31865,567.2,1000,1000,2,2037755170,2,200,1.7
2026-09-21T08:15:49Z,31895,562.0,1000,1000,2,2039634915,2,200,84.2
2026-09-21T08:16:19Z,31925,497.7,1000,1000,2,2041526706,2,200,2.7
2026-09-21T08:16:49Z,31955,549.3,1000,1000,2,2043404828,2,200,0.7
2026-09-21T08:17:20Z,31985,525.4,1000,1000,2,2045342849,2,200,1.6
2026-09-21T08:17:49Z,32015,543.0,1000,1000,2,2047226004,2,200,0.5
2026-09-21T08:18:19Z,32045,505.7,1000,1000,2,2049105123,2,200,0.5
2026-09-21T08:18:50Z,32075,546.6,1000,1000,2,2051055172,2,200,0.6
2026-09-21T08:19:19Z,32105,555.5,1000,1000,2,2052934291,2,200,0.7
2026-09-21T08:19:49Z,32135,548.2,1000,1000,2,2054812412,2,200,0.8
2026-09-21T08:20:20Z,32165,526.2,1000,1000,2,2056755467,2,200,0.7
2026-09-21T08:20:49Z,32195,532.0,1000,1000,2,2058633588,2,200,0.9
2026-09-21T08:21:19Z,32225,525.5,1000,1000,2,2060512707,2,200,0.5
2026-09-21T08:21:50Z,32255,524.7,1000,1000,2,2062454953,2,200,1.1
2026-09-21T08:22:19Z,32285,544.0,1000,1000,2,2064333883,2,200,0.4
2026-09-21T08:22:49Z,32315,511.0,1000,1000,2,2066212004,2,200,0.8
2026-09-21T08:23:20Z,32345,542.6,1000,1000,2,2068152854,2,200,0.5
2026-09-21T08:23:49Z,32375,539.2,1000,1000,2,2070033180,2,200,0.8
2026-09-21T08:24:19Z,32405,543.7,1000,1000,2,2071912299,2,200,0.5
2026-09-21T08:24:50Z,32435,540.1,1000,1000,2,2073854356,2,200,1.5
2026-09-21T08:25:19Z,32465,541.9,1000,1000,2,2075733475,2,200,0.4
2026-09-21T08:25:49Z,32495,529.5,1000,1000,2,2077611596,2,200,0.7
2026-09-21T08:26:19Z,32525,553.9,1000,1000,2,2079554651,2,200,0.5
2026-09-21T08:26:49Z,32555,543.2,1000,1000,2,2081432772,2,200,0.8
2026-09-21T08:27:19Z,32585,549.5,1000,1000,2,2083319259,2,200,0.7
2026-09-21T08:27:50Z,32615,543.2,1000,1000,2,2085258217,2,200,1.2
2026-09-21T08:28:19Z,32645,525.6,1000,1000,2,2087141059,2,200,1.9
2026-09-21T08:28:49Z,32675,541.1,1000,1000,2,2089019180,2,200,0.8
2026-09-21T08:29:20Z,32705,549.8,1000,1000,2,2090962235,2,200,0.6
2026-09-21T08:29:49Z,32735,513.2,1000,1000,2,2092840356,2,200,0.9
2026-09-21T08:30:19Z,32765,544.2,1000,1000,2,2094727467,2,200,3.1
2026-09-21T08:30:50Z,32795,583.7,1000,1000,2,2096669524,2,200,1.3
2026-09-21T08:31:19Z,32825,553.5,1000,1000,2,2098548643,2,200,0.8
2026-09-21T08:31:49Z,32855,538.8,1000,1000,2,2100426764,2,200,0.7
2026-09-21T08:32:20Z,32885,506.0,1000,1000,2,2103415465,2,200,1.8
2026-09-21T08:32:49Z,32915,538.7,1000,1000,2,2105298013,2,200,11.5
2026-09-21T08:33:19Z,32945,522.5,1000,1000,2,2107178007,2,200,0.4
2026-09-21T08:33:49Z,32975,531.0,1000,1000,2,2109056128,2,200,1.1
2026-09-21T08:34:19Z,33005,571.9,1000,1000,2,2111004481,2,200,0.6
2026-09-21T08:34:49Z,33035,519.7,1000,1000,2,2112877304,2,200,0.7
2026-09-21T08:35:19Z,33065,512.8,1000,1000,2,2114764415,2,200,1.9
2026-09-21T08:35:49Z,33095,536.7,1000,1000,2,2116706472,2,200,3.5
2026-09-21T08:36:19Z,33125,518.8,1000,1000,2,2118585591,2,200,0.5
2026-09-21T08:36:49Z,33155,528.3,1000,1000,2,2120463712,2,200,1.3
2026-09-21T08:37:19Z,33185,537.7,1000,1000,2,2122402932,2,200,28.3
2026-09-21T08:37:49Z,33215,514.9,1000,1000,2,2124291497,2,200,1.3
2026-09-21T08:38:19Z,33245,541.8,1000,1000,2,2126171999,2,200,0.5
2026-09-21T08:38:50Z,33275,506.9,1000,1000,2,2128107674,2,200,1.1
2026-09-21T08:39:19Z,33305,537.3,1000,1000,2,2129993175,2,200,0.6
2026-09-21T08:39:49Z,33335,555.0,1000,1000,2,2131871296,2,200,0.5
2026-09-21T08:40:20Z,33365,505.5,1000,1000,2,2133814351,2,200,0.8
2026-09-21T08:40:49Z,33395,513.1,1000,1000,2,2135692472,2,200,0.5
2026-09-21T08:41:19Z,33425,544.9,1000,1000,2,2137571591,2,200,0.7
2026-09-21T08:41:49Z,33455,554.2,1000,1000,2,2139513648,2,200,0.6
2026-09-21T08:42:19Z,33485,565.1,1000,1000,2,2141392767,2,200,0.7
2026-09-21T08:42:49Z,33515,546.2,1000,1000,2,2143270888,2,200,0.4
2026-09-21T08:43:19Z,33545,541.8,1000,1000,2,2145209291,2,200,11.4
2026-09-21T08:43:49Z,33575,527.5,1000,1000,2,2147092064,2,200,0.5
2026-09-21T08:44:19Z,33605,538.6,1000,1000,2,2148979175,2,200,1.8
2026-09-21T08:44:50Z,33635,539.2,1000,1000,2,2150921232,2,200,0.5
2026-09-21T08:45:19Z,33665,526.9,1000,1000,2,2152800351,2,200,0.7
2026-09-21T08:45:49Z,33695,535.5,1000,1000,2,2154678472,2,200,0.7
2026-09-21T08:46:19Z,33725,547.6,1000,1000,2,2156621527,2,200,2.7
2026-09-21T08:46:49Z,33755,521.4,1000,1000,2,2158499648,2,200,0.7
2026-09-21T08:47:19Z,33785,522.8,1000,1000,2,2160385102,2,200,1.1
2026-09-21T08:47:50Z,33815,518.9,1000,1000,2,2162320489,2,200,13.3
2026-09-21T08:48:19Z,33845,528.6,1000,1000,2,2164207935,2,200,0.8
2026-09-21T08:48:49Z,33875,541.8,1000,1000,2,2166086056,2,200,0.8
2026-09-21T08:49:20Z,33905,517.6,1000,1000,2,2168029111,2,200,0.9
2026-09-21T08:49:49Z,33935,504.9,1000,1000,2,2169907232,2,200,0.7
2026-09-21T08:50:19Z,33965,542.9,1000,1000,2,2171786351,2,200,0.6
2026-09-21T08:50:50Z,33995,544.4,1000,1000,2,2173732509,2,200,0.5
2026-09-21T08:51:19Z,34025,566.2,1000,1000,2,2175607527,2,200,0.8
2026-09-21T08:51:49Z,34055,535.1,1000,1000,2,2177492767,2,200,0.6
2026-09-21T08:52:20Z,34085,540.5,1000,1000,2,2179430052,2,200,1.3
2026-09-21T08:52:49Z,34115,497.2,1000,1000,2,2181314816,2,200,0.4
2026-09-21T08:53:19Z,34145,490.5,1000,1000,2,2183193935,2,200,0.7
2026-09-21T08:53:50Z,34175,538.6,1000,1000,2,2185135992,2,200,0.5
2026-09-21T08:54:19Z,34205,540.8,1000,1000,2,2187015111,2,200,0.8
2026-09-21T08:54:49Z,34235,524.3,1000,1000,2,2188893232,2,200,0.7
2026-09-21T08:55:19Z,34265,553.6,1000,1000,2,2190836287,2,200,1.0
2026-09-21T08:55:49Z,34295,512.2,1000,1000,2,2192714408,2,200,0.5
2026-09-21T08:56:19Z,34325,510.6,1000,1000,2,2194601519,2,200,1.4
2026-09-21T08:56:50Z,34355,521.1,1000,1000,2,2196541715,2,200,1.5
2026-09-21T08:57:19Z,34385,518.4,1000,1000,2,2198422695,2,200,0.7
2026-09-21T08:57:49Z,34415,517.2,1000,1000,2,2200300816,2,200,0.6
2026-09-21T08:58:20Z,34445,533.3,1000,1000,2,2202240909,2,200,1.1
2026-09-21T08:58:49Z,34475,512.5,1000,1000,2,2204127512,2,200,0.5
2026-09-21T08:59:19Z,34505,502.8,1000,1000,2,2206009103,2,200,1.1
2026-09-21T08:59:50Z,34535,519.3,1000,1000,2,2207951160,2,200,0.8
2026-09-21T09:00:19Z,34565,528.9,1000,1000,2,2209830279,2,200,1.0
2026-09-21T09:00:49Z,34595,525.7,1000,1000,2,2211708400,2,200,0.5
2026-09-21T09:01:20Z,34625,563.4,1000,1000,2,2213647794,2,200,1.5
2026-09-21T09:01:49Z,34655,521.4,1000,1000,2,2215529576,2,200,0.5
2026-09-21T09:02:19Z,34685,573.9,1000,1000,2,2218376296,2,200,2.0
2026-09-21T09:02:49Z,34715,516.3,1000,1000,2,2220291810,2,200,1.1
2026-09-21T09:03:19Z,34745,555.4,1000,1000,2,2222235864,2,200,3.1
2026-09-21T09:03:49Z,34775,508.8,1000,1000,2,2224113985,2,200,0.9
2026-09-21T09:04:19Z,34805,540.1,1000,1000,2,2225999957,2,200,0.7
2026-09-21T09:04:49Z,34835,536.8,1000,1000,2,2227939347,2,200,78.7
2026-09-21T09:05:19Z,34865,525.1,1000,1000,2,2229830264,2,200,0.9
2026-09-21T09:05:49Z,34895,534.8,1000,1000,2,2231708385,2,200,0.8
2026-09-21T09:06:20Z,34925,529.4,1000,1000,2,2233647535,2,200,0.6
2026-09-21T09:06:49Z,34955,559.4,1000,1000,2,2235537553,2,200,1.7
2026-09-21T09:07:19Z,34985,539.2,1000,1000,2,2237416672,2,200,0.8
2026-09-21T09:07:50Z,35015,524.7,1000,1000,2,2239358729,2,200,0.6
2026-09-21T09:08:19Z,35045,532.0,1000,1000,2,2241239601,2,200,0.5
2026-09-21T09:08:49Z,35075,527.1,1000,1000,2,2243129545,2,200,1.1
2026-09-21T09:09:19Z,35105,554.2,1000,1000,2,2245011072,2,200,0.7
2026-09-21T09:09:50Z,35135,535.2,1000,1000,2,2246953129,2,200,2.6
2026-09-21T09:10:19Z,35165,508.4,1000,1000,2,2248832248,2,200,0.4
2026-09-21T09:10:49Z,35195,514.8,1000,1000,2,2250710369,2,200,0.7
2026-09-21T09:11:20Z,35225,526.4,1000,1000,2,2252652852,2,200,9.5
2026-09-21T09:11:49Z,35255,547.6,1000,1000,2,2254539537,2,200,3.5
2026-09-21T09:12:19Z,35285,543.9,1000,1000,2,2256418656,2,200,0.7
2026-09-21T09:12:50Z,35315,519.5,1000,1000,2,2258355647,2,200,1.0
2026-09-21T09:13:19Z,35345,515.5,1000,1000,2,2260239832,2,200,0.5
2026-09-21T09:13:49Z,35375,533.2,1000,1000,2,2262117953,2,200,0.8
2026-09-21T09:14:20Z,35405,573.2,1000,1000,2,2264061008,2,200,0.7
2026-09-21T09:14:49Z,35435,539.0,1000,1000,2,2265945241,2,200,0.7
2026-09-21T09:15:19Z,35465,551.4,1000,1000,2,2267826240,2,200,1.4
2026-09-21T09:15:50Z,35495,517.8,1000,1000,2,2269769580,2,200,1.8
2026-09-21T09:16:19Z,35525,545.7,1000,1000,2,2271647416,2,200,0.6
2026-09-21T09:16:49Z,35555,546.8,1000,1000,2,2273525537,2,200,0.7
2026-09-21T09:17:20Z,35585,535.5,1000,1000,2,2275467814,2,200,1.1
2026-09-21T09:17:49Z,35615,545.1,1000,1000,2,2277351018,2,200,0.7
2026-09-21T09:18:19Z,35645,548.5,1000,1000,2,2279233824,2,200,2.2
2026-09-21T09:18:50Z,35675,495.0,1000,1000,2,2281175881,2,200,0.7
2026-09-21T09:19:19Z,35705,545.7,1000,1000,2,2283055000,2,200,0.5
2026-09-21T09:19:49Z,35735,486.4,1000,1000,2,2284933121,2,200,1.2
2026-09-21T09:20:20Z,35765,515.9,1000,1000,2,2286876176,2,200,0.6
2026-09-21T09:20:49Z,35795,521.5,1000,1000,2,2288754297,2,200,1.0
2026-09-21T09:21:19Z,35825,574.6,1000,1000,2,2290633416,2,200,0.5
2026-09-21T09:21:50Z,35855,526.1,1000,1000,2,2292571657,2,200,1.1
2026-09-21T09:22:19Z,35885,525.7,1000,1000,2,2294454592,2,200,0.5
2026-09-21T09:22:49Z,35915,487.0,1000,1000,2,2296332713,2,200,0.6
2026-09-21T09:23:19Z,35945,539.6,1000,1000,2,2298275768,2,200,0.8
2026-09-21T09:23:49Z,35975,525.1,1000,1000,2,2300153889,2,200,0.5
2026-09-21T09:24:19Z,36005,504.4,1000,1000,2,2302033008,2,200,1.0
2026-09-21T09:24:50Z,36035,552.1,1000,1000,2,2303983057,2,200,0.7
2026-09-21T09:25:19Z,36065,535.4,1000,1000,2,2305862140,2,200,0.7
2026-09-21T09:25:49Z,36095,529.0,1000,1000,2,2307740201,2,200,0.9
2026-09-21T09:26:20Z,36125,534.9,1000,1000,2,2309682442,2,200,2.0
2026-09-21T09:26:49Z,36155,493.6,1000,1000,2,2311561473,2,200,0.5
2026-09-21T09:27:19Z,36185,542.1,1000,1000,2,2313447342,2,200,0.7
2026-09-21T09:27:50Z,36215,552.7,1000,1000,2,2315385271,2,200,2.5
2026-09-21T09:28:19Z,36245,545.8,1000,1000,2,2317261768,2,200,0.7
2026-09-21T09:28:49Z,36275,512.1,1000,1000,2,2319145297,2,200,0.4
2026-09-21T09:29:20Z,36305,521.8,1000,1000,2,2321089488,2,200,0.8
2026-09-21T09:29:49Z,36335,522.6,1000,1000,2,2322961065,2,200,0.5
2026-09-21T09:30:19Z,36365,532.2,1000,1000,2,2324840184,2,200,0.8
2026-09-21T09:30:49Z,36395,533.2,1000,1000,2,2326782403,2,200,0.5
2026-09-21T09:31:19Z,36425,562.8,1000,1000,2,2328661360,2,200,0.6
2026-09-21T09:31:49Z,36455,533.2,1000,1000,2,2330539481,2,200,0.5
2026-09-21T09:32:19Z,36485,554.8,1000,1000,2,2332486664,2,200,0.9
2026-09-21T09:32:49Z,36515,539.0,1000,1000,2,2335374642,2,200,0.6
2026-09-21T09:33:19Z,36545,525.0,1000,1000,2,2337255129,2,200,0.7
2026-09-21T09:33:49Z,36575,531.3,1000,1000,2,2339196817,2,200,1.1
2026-09-21T09:34:19Z,36605,526.3,1000,1000,2,2341075936,2,200,0.7
2026-09-21T09:34:49Z,36635,529.2,1000,1000,2,2342962049,2,200,3.5
2026-09-21T09:35:20Z,36665,527.4,1000,1000,2,2344902839,2,200,1.0
2026-09-21T09:35:49Z,36695,509.6,1000,1000,2,2346783225,2,200,1.5
2026-09-21T09:36:19Z,36725,522.7,1000,1000,2,2348662344,2,200,1.0
2026-09-21T09:36:50Z,36755,510.9,1000,1000,2,2350603231,2,200,1.0
2026-09-21T09:37:19Z,36785,546.5,1000,1000,2,2352483520,2,200,0.8
2026-09-21T09:37:49Z,36815,557.2,1000,1000,2,2354361641,2,200,0.6
2026-09-21T09:38:19Z,36845,529.3,1000,1000,2,2356304696,2,200,0.7
2026-09-21T09:38:49Z,36875,532.2,1000,1000,2,2358182817,2,200,0.5
2026-09-21T09:39:19Z,36905,528.4,1000,1000,2,2360061936,2,200,0.7
2026-09-21T09:39:49Z,36935,542.4,1000,1000,2,2361999474,2,200,15.0
2026-09-21T09:40:19Z,36965,538.3,1000,1000,2,2363883112,2,200,0.8
2026-09-21T09:40:49Z,36995,568.8,1000,1000,2,2365761233,2,200,0.5
2026-09-21T09:41:19Z,37025,551.7,1000,1000,2,2367708204,2,200,0.7
2026-09-21T09:41:49Z,37055,518.5,1000,1000,2,2369582409,2,200,0.5
2026-09-21T09:42:19Z,37085,564.0,1000,1000,2,2371461528,2,200,1.2
2026-09-21T09:42:49Z,37115,527.1,1000,1000,2,2373403585,2,200,1.7
2026-09-21T09:43:19Z,37145,524.8,1000,1000,2,2375282704,2,200,1.5
2026-09-21T09:43:49Z,37175,531.7,1000,1000,2,2377160825,2,200,0.7
2026-09-21T09:44:20Z,37205,554.9,1000,1000,2,2379107452,2,200,141.8
2026-09-21T09:44:49Z,37235,543.5,1000,1000,2,2380997985,2,200,1.2
2026-09-21T09:45:19Z,37265,539.7,1000,1000,2,2382877104,2,200,0.5
2026-09-21T09:45:50Z,37295,520.1,1000,1000,2,2384816374,2,200,1.4
2026-09-21T09:46:19Z,37325,541.6,1000,1000,2,2386698280,2,200,0.5
2026-09-21T09:46:49Z,37355,544.5,1000,1000,2,2388576401,2,200,0.8
2026-09-21T09:47:20Z,37385,519.2,1000,1000,2,2390519456,2,200,0.4
2026-09-21T09:47:49Z,37415,519.8,1000,1000,2,2392402660,2,200,0.8
2026-09-21T09:48:19Z,37445,547.0,1000,1000,2,2394284688,2,200,0.7
2026-09-21T09:48:50Z,37475,541.9,1000,1000,2,2396224373,2,200,1.3
2026-09-21T09:49:19Z,37505,532.4,1000,1000,2,2398105864,2,200,0.6
2026-09-21T09:49:49Z,37535,528.4,1000,1000,2,2399983985,2,200,0.7
2026-09-21T09:50:20Z,37565,558.8,1000,1000,2,2401925474,2,200,2.3
2026-09-21T09:50:49Z,37595,546.0,1000,1000,2,2403805161,2,200,0.9
2026-09-21T09:51:19Z,37625,534.2,1000,1000,2,2405692272,2,200,0.6
2026-09-21T09:51:50Z,37655,554.8,1000,1000,2,2407634329,2,200,0.7
2026-09-21T09:52:19Z,37685,488.2,1000,1000,2,2409513448,2,200,0.7
2026-09-21T09:52:49Z,37715,544.1,1000,1000,2,2411399561,2,200,1.6
2026-09-21T09:53:19Z,37745,543.4,1000,1000,2,2413278680,2,200,0.5
2026-09-21T09:53:49Z,37775,552.0,1000,1000,2,2415220737,2,200,3.1
2026-09-21T09:54:19Z,37805,563.6,1000,1000,2,2417099856,2,200,0.5
2026-09-21T09:54:49Z,37835,517.8,1000,1000,2,2418985879,2,200,1.1
2026-09-21T09:55:20Z,37865,568.1,1000,1000,2,2420927981,2,200,109.0
2026-09-21T09:55:49Z,37895,538.8,1000,1000,2,2422815137,2,200,1.6
2026-09-21T09:56:19Z,37925,514.7,1000,1000,2,2424694256,2,200,1.3
2026-09-21T09:56:50Z,37955,568.9,1000,1000,2,2426638326,2,200,2.6
2026-09-21T09:57:19Z,37985,546.2,1000,1000,2,2428515432,2,200,0.6
2026-09-21T09:57:49Z,38015,521.7,1000,1000,2,2430393553,2,200,0.7
2026-09-21T09:58:20Z,38045,552.7,1000,1000,2,2432336608,2,200,0.5
2026-09-21T09:58:49Z,38075,526.5,1000,1000,2,2434214729,2,200,0.7
2026-09-21T09:59:19Z,38105,547.7,1000,1000,2,2436101817,2,200,0.5
2026-09-21T09:59:50Z,38135,522.5,1000,1000,2,2438043897,2,200,0.8
2026-09-21T10:00:19Z,38165,554.3,1000,1000,2,2439922990,2,200,0.7
2026-09-21T10:00:49Z,38195,518.7,1000,1000,2,2441801137,2,200,0.8
2026-09-21T10:01:20Z,38225,562.6,1000,1000,2,2443745108,2,200,2.1
2026-09-21T10:01:49Z,38255,538.9,1000,1000,2,2445622313,2,200,0.9
2026-09-21T10:02:19Z,38285,538.2,1000,1000,2,2447508854,2,200,2.2
2026-09-21T10:02:49Z,38315,523.1,1000,1000,2,2450364567,2,200,1.4
2026-09-21T10:03:19Z,38345,561.6,1000,1000,2,2452305094,2,200,47.6
2026-09-21T10:03:49Z,38375,560.8,1000,1000,2,2454194845,2,200,1.0
2026-09-21T10:04:19Z,38405,549.3,1000,1000,2,2456080846,2,200,0.7
2026-09-21T10:04:50Z,38435,531.1,1000,1000,2,2458023902,2,200,0.8
2026-09-21T10:05:19Z,38465,550.6,1000,1000,2,2459903021,2,200,2.3
2026-09-21T10:05:49Z,38495,541.5,1000,1000,2,2461781142,2,200,0.8
2026-09-21T10:06:20Z,38525,530.1,1000,1000,2,2463724197,2,200,0.8
2026-09-21T10:06:49Z,38555,505.7,1000,1000,2,2465602318,2,200,0.4
2026-09-21T10:07:19Z,38585,520.9,1000,1000,2,2467481437,2,200,0.7
2026-09-21T10:07:50Z,38615,530.3,1000,1000,2,2469423494,2,200,0.5
2026-09-21T10:08:19Z,38645,536.1,1000,1000,2,2471302613,2,200,0.7
2026-09-21T10:08:49Z,38675,549.2,1000,1000,2,2473180734,2,200,1.0
2026-09-21T10:09:20Z,38705,554.1,1000,1000,2,2475120598,2,200,2.0
2026-09-21T10:09:49Z,38735,561.2,1000,1000,2,2477001910,2,200,0.5
2026-09-21T10:10:19Z,38765,567.8,1000,1000,2,2478881029,2,200,1.0
2026-09-21T10:10:50Z,38795,502.3,1000,1000,2,2480825217,2,200,0.9
2026-09-21T10:11:19Z,38825,538.8,1000,1000,2,2482708437,2,200,1.2
2026-09-21T10:11:49Z,38855,536.5,1000,1000,2,2484588318,2,200,0.7
2026-09-21T10:12:20Z,38885,540.8,1000,1000,2,2486531373,2,200,3.5
2026-09-21T10:12:49Z,38915,509.1,1000,1000,2,2488409494,2,200,0.5
2026-09-21T10:13:19Z,38945,500.5,1000,1000,2,2490288613,2,200,0.7
2026-09-21T10:13:50Z,38975,570.0,1000,1000,2,2492230670,2,200,1.5
2026-09-21T10:14:19Z,39005,510.4,1000,1000,2,2494109789,2,200,0.6
2026-09-21T10:14:49Z,39035,555.7,1000,1000,2,2495987910,2,200,0.5
2026-09-21T10:15:20Z,39065,505.6,1000,1000,2,2497930752,2,200,1.4
2026-09-21T10:15:49Z,39095,509.2,1000,1000,2,2499809086,2,200,0.5
2026-09-21T10:16:19Z,39125,511.0,1000,1000,2,2501695616,2,200,1.2
2026-09-21T10:16:50Z,39155,507.3,1000,1000,2,2503638254,2,200,0.5
2026-09-21T10:17:19Z,39185,558.6,1000,1000,2,2505517373,2,200,1.0
2026-09-21T10:17:49Z,39215,512.1,1000,1000,2,2507395494,2,200,1.2
2026-09-21T10:18:20Z,39245,544.7,1000,1000,2,2509338558,2,200,1.3
2026-09-21T10:18:49Z,39275,509.7,1000,1000,2,2511216670,2,200,0.4
2026-09-21T10:19:19Z,39305,561.6,1000,1000,2,2513095789,2,200,0.6
2026-09-21T10:19:50Z,39335,575.0,1000,1000,2,2515033771,2,200,0.7
2026-09-21T10:20:19Z,39365,525.0,1000,1000,2,2516916965,2,200,0.7
2026-09-21T10:20:49Z,39395,542.6,1000,1000,2,2518801988,2,200,1.2
2026-09-21T10:21:20Z,39425,552.8,1000,1000,2,2520746133,2,200,0.8
2026-09-21T10:21:49Z,39455,532.4,1000,1000,2,2522624254,2,200,0.6
2026-09-21T10:22:19Z,39485,542.6,1000,1000,2,2524503373,2,200,0.6
2026-09-21T10:22:50Z,39515,550.0,1000,1000,2,2526445430,2,200,0.6
2026-09-21T10:23:19Z,39545,536.2,1000,1000,2,2528324549,2,200,1.2
2026-09-21T10:23:49Z,39575,526.1,1000,1000,2,2530202670,2,200,0.5
2026-09-21T10:24:20Z,39605,538.0,1000,1000,2,2532145151,2,200,3.4
2026-09-21T10:24:49Z,39635,531.0,1000,1000,2,2534030908,2,200,0.7
2026-09-21T10:25:19Z,39665,509.5,1000,1000,2,2535910957,2,200,1.3
2026-09-21T10:25:50Z,39695,574.2,1000,1000,2,2537853014,2,200,0.5
2026-09-21T10:26:19Z,39725,527.5,1000,1000,2,2539732133,2,200,1.3
2026-09-21T10:26:49Z,39755,528.3,1000,1000,2,2541610254,2,200,0.5
2026-09-21T10:27:19Z,39785,540.1,1000,1000,2,2543497365,2,200,0.6
2026-09-21T10:27:49Z,39815,537.5,1000,1000,2,2545434242,2,200,75.3
2026-09-21T10:28:19Z,39845,506.7,1000,1000,2,2547326533,2,200,0.4
2026-09-21T10:28:49Z,39875,540.7,1000,1000,2,2549204654,2,200,0.8
2026-09-21T10:29:19Z,39905,534.7,1000,1000,2,2551147709,2,200,0.5
2026-09-21T10:29:49Z,39935,499.1,1000,1000,2,2553025830,2,200,0.7
2026-09-21T10:30:19Z,39965,550.2,1000,1000,2,2554904949,2,200,0.6
2026-09-21T10:30:49Z,39995,563.8,1000,1000,2,2556844654,2,200,17.0
2026-09-21T10:31:19Z,40025,513.1,1000,1000,2,2558726125,2,200,0.6
2026-09-21T10:31:49Z,40055,551.4,1000,1000,2,2560604246,2,200,0.6
2026-09-21T10:32:19Z,40085,561.5,1000,1000,2,2562547301,2,200,6.3
2026-09-21T10:32:50Z,40115,608.6,1000,1000,2,2565389201,2,200,6.1
2026-09-21T10:33:19Z,40145,524.3,1000,1000,2,2567329515,2,200,0.6
2026-09-21T10:33:49Z,40175,512.1,1000,1000,2,2569207636,2,200,1.0
2026-09-21T10:34:20Z,40205,524.8,1000,1000,2,2571149117,2,200,0.7
2026-09-21T10:34:49Z,40235,541.0,1000,1000,2,2573028812,2,200,0.7
2026-09-21T10:35:19Z,40265,537.8,1000,1000,2,2574914924,2,200,1.1
2026-09-21T10:35:50Z,40295,511.4,1000,1000,2,2576858172,2,200,0.8
2026-09-21T10:36:19Z,40325,529.1,1000,1000,2,2578737099,2,200,0.5
2026-09-21T10:36:49Z,40355,541.2,1000,1000,2,2580615220,2,200,0.7
2026-09-21T10:37:20Z,40385,553.9,1000,1000,2,2582561772,2,200,6.8
2026-09-21T10:37:49Z,40415,547.3,1000,1000,2,2584443389,2,200,1.4
2026-09-21T10:38:19Z,40445,538.7,1000,1000,2,2586323549,2,200,0.5
2026-09-21T10:38:50Z,40476,552.6,1000,1000,2,2588265564,2,200,0.7
2026-09-21T10:39:20Z,40506,523.6,1000,1000,2,2590212728,2,200,0.5
2026-09-21T10:39:50Z,40536,505.9,1000,1000,2,2592093733,2,200,1.3
2026-09-21T10:40:20Z,40566,545.1,1000,1000,2,2593972852,2,200,0.5
2026-09-21T10:40:50Z,40596,527.6,1000,1000,2,2595916091,2,200,0.7
2026-09-21T10:41:20Z,40626,532.2,1000,1000,2,2597795027,2,200,0.8
2026-09-21T10:41:50Z,40656,555.8,1000,1000,2,2599677985,2,200,0.6
2026-09-21T10:42:20Z,40686,540.6,1000,1000,2,2601616183,2,200,0.5
2026-09-21T10:42:50Z,40716,547.2,1000,1000,2,2603494324,2,200,0.8
2026-09-21T10:43:21Z,40746,539.8,1000,1000,2,2605437379,2,200,0.6
2026-09-21T10:43:50Z,40776,522.6,1000,1000,2,2607318784,2,200,0.7
2026-09-21T10:44:20Z,40806,522.0,1000,1000,2,2609202611,2,200,0.5
2026-09-21T10:44:50Z,40836,540.3,1000,1000,2,2611080732,2,200,0.6
2026-09-21T10:45:20Z,40866,534.7,1000,1000,2,2613021077,2,200,56.2
2026-09-21T10:45:50Z,40896,549.0,1000,1000,2,2614909900,2,200,1.5
2026-09-21T10:46:20Z,40926,567.3,1000,1000,2,2616787093,2,200,0.7
2026-09-21T10:46:50Z,40956,508.6,1000,1000,2,2618720057,2,200,26.0
2026-09-21T10:47:20Z,40986,506.1,1000,1000,2,2620602203,2,200,0.6
2026-09-21T10:47:50Z,41016,513.1,1000,1000,2,2622480324,2,200,0.7
2026-09-21T10:48:20Z,41046,534.1,1000,1000,2,2624423379,2,200,0.6
2026-09-21T10:48:50Z,41076,531.5,1000,1000,2,2626301500,2,200,0.5
2026-09-21T10:49:20Z,41106,536.4,1000,1000,2,2628180619,2,200,0.7
2026-09-21T10:49:50Z,41136,505.2,1000,1000,2,2630122676,2,200,0.4
2026-09-21T10:50:20Z,41166,556.9,1000,1000,2,2632009787,2,200,3.4
2026-09-21T10:50:50Z,41196,517.2,1000,1000,2,2633887908,2,200,1.5
2026-09-21T10:51:20Z,41226,543.8,1000,1000,2,2635828577,2,200,1.6
2026-09-21T10:51:50Z,41256,506.4,1000,1000,2,2637709084,2,200,0.5
2026-09-21T10:52:20Z,41286,571.2,1000,1000,2,2639588203,2,200,0.8
2026-09-21T10:52:50Z,41316,539.6,1000,1000,2,2641527720,2,200,11.8
2026-09-21T10:53:20Z,41346,516.4,1000,1000,2,2643417371,2,200,1.9
2026-09-21T10:53:50Z,41376,541.2,1000,1000,2,2645295492,2,200,0.7
2026-09-21T10:54:20Z,41406,552.3,1000,1000,2,2647238547,2,200,0.9
2026-09-21T10:54:50Z,41436,506.2,1000,1000,2,2649116668,2,200,0.6
2026-09-21T10:55:20Z,41466,536.1,1000,1000,2,2651003779,2,200,0.8
2026-09-21T10:55:51Z,41496,555.0,1000,1000,2,2652945836,2,200,0.9
2026-09-21T10:56:20Z,41526,559.6,1000,1000,2,2654824955,2,200,0.7
2026-09-21T10:56:50Z,41556,554.5,1000,1000,2,2656703076,2,200,0.6
2026-09-21T10:57:21Z,41586,550.1,1000,1000,2,2658642917,2,200,1.5
2026-09-21T10:57:50Z,41616,534.8,1000,1000,2,2660524252,2,200,0.6
2026-09-21T10:58:20Z,41646,541.0,1000,1000,2,2662403371,2,200,0.7
2026-09-21T10:58:51Z,41676,543.5,1000,1000,2,2664345428,2,200,1.6
2026-09-21T10:59:20Z,41706,543.3,1000,1000,2,2666224547,2,200,0.7
2026-09-21T10:59:50Z,41736,541.6,1000,1000,2,2668102668,2,200,0.4
2026-09-21T11:00:20Z,41766,530.0,1000,1000,2,2670045723,2,200,2.3
2026-09-21T11:00:50Z,41796,550.0,1000,1000,2,2671923844,2,200,0.6
2026-09-21T11:01:20Z,41826,504.0,1000,1000,2,2673802963,2,200,0.7
2026-09-21T11:01:50Z,41856,550.9,1000,1000,2,2675744158,2,200,24.5
2026-09-21T11:02:20Z,41886,559.0,1000,1000,2,2677631851,2,200,0.9
2026-09-21T11:02:50Z,41916,511.0,1000,1000,2,2679510252,2,200,0.5
2026-09-21T11:03:21Z,41946,539.9,1000,1000,2,2682484275,2,200,0.7
2026-09-21T11:03:50Z,41976,521.7,1000,1000,2,2684362396,2,200,0.5
2026-09-21T11:04:20Z,42006,545.7,1000,1000,2,2686241515,2,200,0.8
2026-09-21T11:04:51Z,42036,536.7,1000,1000,2,2688183572,2,200,0.9
2026-09-21T11:05:20Z,42066,575.6,1000,1000,2,2690069225,2,200,0.8
2026-09-21T11:05:50Z,42096,535.3,1000,1000,2,2691948804,2,200,2.0
2026-09-21T11:06:21Z,42126,500.2,1000,1000,2,2693891858,2,200,0.9
2026-09-21T11:06:51Z,42156,549.1,1000,1000,2,2695775761,2,200,139.4
2026-09-21T11:07:20Z,42186,519.5,1000,1000,2,2697665083,2,200,1.7
2026-09-21T11:07:50Z,42216,559.2,1000,1000,2,2699543204,2,200,1.2
2026-09-21T11:08:21Z,42246,575.0,1000,1000,2,2701487994,2,200,2.0
2026-09-21T11:08:50Z,42276,524.8,1000,1000,2,2703364380,2,200,0.5
2026-09-21T11:09:20Z,42306,558.4,1000,1000,2,2705243499,2,200,1.4
2026-09-21T11:09:50Z,42336,543.9,1000,1000,2,2707185556,2,200,0.5
2026-09-21T11:10:20Z,42366,546.7,1000,1000,2,2709064675,2,200,0.8
2026-09-21T11:10:50Z,42396,560.5,1000,1000,2,2710942796,2,200,1.0
2026-09-21T11:11:21Z,42426,581.3,1000,1000,2,2712885851,2,200,0.6
2026-09-21T11:11:50Z,42456,526.7,1000,1000,2,2714771964,2,200,1.4
2026-09-21T11:12:20Z,42486,519.0,1000,1000,2,2716651083,2,200,1.5
2026-09-21T11:12:51Z,42516,558.2,1000,1000,2,2718593140,2,200,0.7
2026-09-21T11:13:20Z,42546,540.5,1000,1000,2,2720472259,2,200,0.5
2026-09-21T11:13:50Z,42576,566.2,1000,1000,2,2722350380,2,200,0.6
2026-09-21T11:14:21Z,42606,522.7,1000,1000,2,2724294081,2,200,4.4
2026-09-21T11:14:50Z,42636,503.6,1000,1000,2,2726171556,2,200,0.7
2026-09-21T11:15:20Z,42666,499.8,1000,1000,2,2728050675,2,200,0.6
2026-09-21T11:15:50Z,42696,531.3,1000,1000,2,2729992732,2,200,0.9
2026-09-21T11:16:20Z,42726,541.8,1000,1000,2,2731871851,2,200,0.6
2026-09-21T11:16:50Z,42756,563.1,1000,1000,2,2733749972,2,200,0.7
2026-09-21T11:17:20Z,42786,524.9,1000,1000,2,2735690982,2,200,23.8
2026-09-21T11:17:50Z,42816,544.5,1000,1000,2,2737576669,2,200,0.7
2026-09-21T11:18:20Z,42846,550.5,1000,1000,2,2739458259,2,200,1.2
2026-09-21T11:18:51Z,42876,568.9,1000,1000,2,2741400316,2,200,2.8
2026-09-21T11:19:20Z,42906,535.8,1000,1000,2,2743279435,2,200,0.5
2026-09-21T11:19:50Z,42936,499.5,1000,1000,2,2745157556,2,200,0.7
2026-09-21T11:20:20Z,42966,532.9,1000,1000,2,2747100611,2,200,0.7
2026-09-21T11:20:50Z,42996,520.9,1000,1000,2,2748978732,2,200,0.8
2026-09-21T11:21:20Z,43026,511.9,1000,1000,2,2750857851,2,200,0.7
2026-09-21T11:21:50Z,43056,533.4,1000,1000,2,2752798165,2,200,2.1
2026-09-21T11:22:20Z,43086,536.6,1000,1000,2,2754679027,2,200,0.4
2026-09-21T11:22:50Z,43116,536.9,1000,1000,2,2756557148,2,200,0.7
2026-09-21T11:23:20Z,43146,554.7,1000,1000,2,2758496888,2,200,20.1
2026-09-21T11:23:50Z,43176,546.6,1000,1000,2,2760386315,2,200,1.4
2026-09-21T11:24:20Z,43206,548.1,1000,1000,2,2762265305,2,200,0.8
2026-09-21T11:24:50Z,43236,565.9,1000,1000,2,2764204658,2,200,1.1
2026-09-21T11:25:20Z,43266,559.4,1000,1000,2,2766086611,2,200,2.2
2026-09-21T11:25:50Z,43296,535.1,1000,1000,2,2767964732,2,200,3.9
2026-09-21T11:26:20Z,43326,547.1,1000,1000,2,2769907787,2,200,1.0
2026-09-21T11:26:50Z,43356,523.4,1000,1000,2,2771785908,2,200,0.7
2026-09-21T11:27:20Z,43386,538.0,1000,1000,2,2773665027,2,200,0.5
2026-09-21T11:27:50Z,43416,524.5,1000,1000,2,2775604606,2,200,17.9
2026-09-21T11:28:20Z,43446,525.1,1000,1000,2,2777486203,2,200,0.5
2026-09-21T11:28:50Z,43476,550.2,1000,1000,2,2779364324,2,200,0.7
2026-09-21T11:29:20Z,43506,522.4,1000,1000,2,2781305493,2,200,73.7
2026-09-21T11:29:50Z,43536,555.0,1000,1000,2,2783193492,2,200,0.7
2026-09-21T11:30:20Z,43566,573.0,1000,1000,2,2785072611,2,200,0.5
2026-09-21T11:30:50Z,43596,545.6,1000,1000,2,2787014668,2,200,1.1
2026-09-21T11:31:20Z,43626,532.0,1000,1000,2,2788893787,2,200,0.7
2026-09-21T11:31:50Z,43656,533.3,1000,1000,2,2790771908,2,200,0.7
2026-09-21T11:32:20Z,43686,557.3,1000,1000,2,2792714963,2,200,0.8
2026-09-21T11:32:50Z,43716,560.7,1000,1000,2,2794593084,2,200,0.5
2026-09-21T11:33:20Z,43746,509.2,999,999,3,2796495921,3,200,0.9
2026-09-21T11:33:50Z,43776,533.3,999,999,3,2798380145,3,200,0.9
2026-09-21T11:34:21Z,43806,584.9,999,999,3,2800327252,3,200,1.7
2026-09-21T11:34:50Z,43836,557.1,999,999,3,2802205456,3,200,0.5
2026-09-21T11:35:20Z,43866,556.8,1000,1000,3,2805131901,3,200,2.7
2026-09-21T11:35:50Z,43896,505.0,1000,1000,3,2807009041,3,200,1.3
2026-09-21T11:36:20Z,43926,562.6,1000,1000,3,2808889141,3,200,0.8
2026-09-21T11:36:50Z,43956,530.9,1000,1000,3,2810828299,3,200,21.6
2026-09-21T11:37:20Z,43986,506.7,1000,1000,3,2812710317,3,200,0.6
2026-09-21T11:37:50Z,44016,537.9,1000,1000,3,2814588437,3,200,0.6
2026-09-21T11:38:20Z,44046,512.5,1000,1000,3,2816528394,3,200,41.3
2026-09-21T11:38:50Z,44076,539.3,1000,1000,3,2818417605,3,200,1.1
2026-09-21T11:39:20Z,44106,497.7,1000,1000,3,2820296725,3,200,0.7
2026-09-21T11:39:51Z,44136,550.9,1000,1000,3,2822238781,3,200,0.7
2026-09-21T11:40:20Z,44166,542.2,1000,1000,3,2824117901,3,200,0.7
2026-09-21T11:40:50Z,44196,537.2,1000,1000,3,2825996021,3,200,0.6
2026-09-21T11:41:21Z,44226,539.6,1000,1000,3,2827944662,3,200,1.1
2026-09-21T11:41:50Z,44256,541.9,1000,1000,3,2829817197,3,200,0.6
2026-09-21T11:42:20Z,44286,533.1,1000,1000,3,2831701630,3,200,0.8
2026-09-21T11:42:50Z,44316,531.2,1000,1000,3,2833636882,3,200,1.1
2026-09-21T11:43:20Z,44346,517.9,1000,1000,3,2835517493,3,200,0.7
2026-09-21T11:43:50Z,44376,514.9,1000,1000,3,2837395613,3,200,0.4
2026-09-21T11:44:21Z,44406,537.9,1000,1000,3,2839336106,3,200,60.4
2026-09-21T11:44:50Z,44436,494.6,1000,1000,3,2841224781,3,200,0.4
2026-09-21T11:45:20Z,44466,564.5,1000,1000,3,2843103901,3,200,0.7
2026-09-21T11:45:51Z,44496,532.3,1000,1000,3,2845045957,3,200,0.6
2026-09-21T11:46:20Z,44526,550.6,1000,1000,3,2846925077,3,200,0.7
2026-09-21T11:46:50Z,44556,550.5,1000,1000,3,2848803197,3,200,0.7
2026-09-21T11:47:21Z,44586,555.6,1000,1000,3,2850744309,3,200,14.2
2026-09-21T11:47:50Z,44616,532.4,1000,1000,3,2852632356,3,200,3.6
2026-09-21T11:48:20Z,44646,537.0,1000,1000,3,2854511485,3,200,0.7
2026-09-21T11:48:51Z,44676,562.8,1000,1000,3,2856451929,3,200,0.8
2026-09-21T11:49:20Z,44706,547.2,1000,1000,3,2858332661,3,200,0.7
2026-09-21T11:49:50Z,44736,519.0,1000,1000,3,2860210781,3,200,0.5
2026-09-21T11:50:20Z,44766,527.4,1000,1000,3,2862153837,3,200,0.8
2026-09-21T11:50:50Z,44796,544.4,1000,1000,3,2864031957,3,200,0.4
2026-09-21T11:51:20Z,44826,536.4,1000,1000,3,2865911077,3,200,0.8
2026-09-21T11:51:50Z,44856,527.6,1000,1000,3,2867853133,3,200,0.4
2026-09-21T11:52:20Z,44886,500.6,1000,1000,3,2869732253,3,200,1.5
2026-09-21T11:52:50Z,44916,539.5,1000,1000,3,2871610373,3,200,0.5
2026-09-21T11:53:20Z,44946,515.5,1000,1000,3,2873551310,3,200,1.0
2026-09-21T11:53:50Z,44976,507.5,1000,1000,3,2875431549,3,200,3.3
2026-09-21T11:54:20Z,45006,541.6,1000,1000,3,2877310669,3,200,0.7
2026-09-21T11:54:50Z,45036,544.3,1000,1000,3,2879252408,3,200,45.3
2026-09-21T11:55:20Z,45066,545.5,1000,1000,3,2881139837,3,200,0.5
2026-09-21T11:55:50Z,45096,550.8,1000,1000,3,2883017957,3,200,2.2
2026-09-21T11:56:20Z,45126,519.8,1000,1000,3,2884961013,3,200,1.0
2026-09-21T11:56:50Z,45156,532.1,1000,1000,3,2886839133,3,200,0.8
2026-09-21T11:57:20Z,45186,504.6,1000,1000,3,2888718253,3,200,0.5
2026-09-21T11:57:50Z,45216,505.2,1000,1000,3,2890660309,3,200,0.6
2026-09-21T11:58:20Z,45246,549.4,1000,1000,3,2892539429,3,200,0.5
2026-09-21T11:58:50Z,45276,546.5,1000,1000,3,2894417549,3,200,0.7
2026-09-21T11:59:20Z,45306,551.6,1000,1000,3,2896360605,3,200,0.6
2026-09-21T11:59:50Z,45336,509.1,1000,1000,3,2898238725,3,200,1.0
2026-09-21T12:00:20Z,45366,546.3,1000,1000,3,2900117845,3,200,0.6
2026-09-21T12:00:50Z,45396,548.3,1000,1000,3,2902059837,3,200,23.5
2026-09-21T12:01:20Z,45426,490.5,1000,1000,3,2903944011,3,200,0.6
2026-09-21T12:01:50Z,45456,507.1,1000,1000,3,2905822419,3,200,0.9
2026-09-21T12:02:20Z,45486,535.3,1000,1000,3,2907760202,3,200,0.6
2026-09-21T12:02:50Z,45516,499.7,1000,1000,3,2909638317,3,200,0.8
2026-09-21T12:03:20Z,45546,511.1,1000,1000,3,2911523344,3,200,0.6
2026-09-21T12:03:50Z,45576,534.5,1000,1000,3,2913467470,3,200,1.0
2026-09-21T12:04:20Z,45606,529.1,1000,1000,3,2915346605,3,200,0.5
2026-09-21T12:04:50Z,45636,531.1,1000,1000,3,2917224725,3,200,0.6
2026-09-21T12:05:21Z,45666,595.6,1000,1000,3,2920184271,3,200,18.4
2026-09-21T12:05:50Z,45696,555.6,1000,1000,3,2922048897,3,200,0.8
2026-09-21T12:06:21Z,45726,581.8,1000,1000,3,2923991953,3,200,0.5
2026-09-21T12:06:50Z,45756,548.1,1000,1000,3,2925870073,3,200,0.7
2026-09-21T12:07:20Z,45786,548.6,1000,1000,3,2927749193,3,200,0.7
2026-09-21T12:07:51Z,45816,561.5,1000,1000,3,2929691249,3,200,0.8
2026-09-21T12:08:20Z,45846,531.4,1000,1000,3,2931570369,3,200,0.5
2026-09-21T12:08:50Z,45876,541.5,1000,1000,3,2933456481,3,200,1.9
2026-09-21T12:09:21Z,45906,534.4,1000,1000,3,2935399942,3,200,2.6
2026-09-21T12:09:50Z,45936,519.0,1000,1000,3,2937277657,3,200,0.6
2026-09-21T12:10:20Z,45966,539.6,1000,1000,3,2939156777,3,200,0.6
2026-09-21T12:10:51Z,45996,542.2,1000,1000,3,2941099015,3,200,1.6
2026-09-21T12:11:20Z,46026,564.5,1000,1000,3,2942977953,3,200,0.5
2026-09-21T12:11:50Z,46056,515.5,1000,1000,3,2944856073,3,200,0.7
2026-09-21T12:12:20Z,46086,565.5,1000,1000,3,2946799129,3,200,0.5
2026-09-21T12:12:50Z,46116,561.5,1000,1000,3,2948677249,3,200,0.7
2026-09-21T12:13:20Z,46146,540.8,1000,1000,3,2950556369,3,200,0.7
2026-09-21T12:13:51Z,46176,574.1,1000,1000,3,2952503480,3,200,3.9
2026-09-21T12:14:20Z,46206,549.1,1000,1000,3,2954393529,3,200,2.1
2026-09-21T12:14:50Z,46236,557.7,1000,1000,3,2956271649,3,200,2.1
2026-09-21T12:15:21Z,46266,527.0,1000,1000,3,2958214705,3,200,0.7
2026-09-21T12:15:50Z,46296,544.1,1000,1000,3,2960092825,3,200,0.5
2026-09-21T12:16:20Z,46326,565.1,1000,1000,3,2961971945,3,200,0.8
2026-09-21T12:16:51Z,46356,557.9,1000,1000,3,2963914001,3,200,0.5
2026-09-21T12:17:20Z,46386,538.1,1000,1000,3,2965793121,3,200,0.8
2026-09-21T12:17:50Z,46416,538.7,1000,1000,3,2967671241,3,200,0.5
2026-09-21T12:18:21Z,46446,522.7,1000,1000,3,2969621520,3,200,0.8
2026-09-21T12:18:50Z,46476,571.1,1000,1000,3,2971500409,3,200,1.8
2026-09-21T12:19:20Z,46506,526.7,1000,1000,3,2973379529,3,200,1.0
2026-09-21T12:19:51Z,46536,546.1,1000,1000,3,2975322393,3,200,1.4
2026-09-21T12:20:20Z,46566,518.9,1000,1000,3,2977200705,3,200,0.6
2026-09-21T12:20:50Z,46596,548.5,1000,1000,3,2979078825,3,200,0.6
2026-09-21T12:21:21Z,46626,532.6,1000,1000,3,2981021881,3,200,0.7
2026-09-21T12:21:50Z,46656,548.1,1000,1000,3,2982900001,3,200,0.6
2026-09-21T12:22:20Z,46686,517.5,1000,1000,3,2984779121,3,200,0.9
2026-09-21T12:22:51Z,46716,568.7,1000,1000,3,2986722216,3,200,5.4
2026-09-21T12:23:20Z,46746,529.0,1000,1000,3,2988600297,3,200,0.8
2026-09-21T12:23:50Z,46776,524.5,1000,1000,3,2990478417,3,200,0.5
2026-09-21T12:24:21Z,46806,548.1,1000,1000,3,2992423304,3,200,0.9
2026-09-21T12:24:50Z,46836,539.0,1000,1000,3,2994299593,3,200,0.6
2026-09-21T12:25:20Z,46866,542.1,1000,1000,3,2996178713,3,200,1.0
2026-09-21T12:25:51Z,46896,523.5,1000,1000,3,2998124817,3,200,0.5
2026-09-21T12:26:20Z,46926,518.5,1000,1000,3,2999999889,3,200,0.8
2026-09-21T12:26:50Z,46956,528.6,1000,1000,3,3001878009,3,200,0.6
2026-09-21T12:27:20Z,46986,541.9,1000,1000,3,3003821878,3,200,1.9
2026-09-21T12:27:50Z,47016,517.6,1000,1000,3,3005699185,3,200,0.5
2026-09-21T12:28:20Z,47046,535.9,1000,1000,3,3007578305,3,200,1.4
2026-09-21T12:28:50Z,47076,559.6,1000,1000,3,3009517578,3,200,57.8
2026-09-21T12:29:20Z,47106,526.1,1000,1000,3,3011407473,3,200,0.8
2026-09-21T12:29:50Z,47136,520.3,1000,1000,3,3013285593,3,200,0.6
2026-09-21T12:30:21Z,47166,567.7,1000,1000,3,3015228649,3,200,0.7
2026-09-21T12:30:50Z,47196,590.2,1000,1000,3,3017106769,3,200,0.5
2026-09-21T12:31:20Z,47226,546.3,1000,1000,3,3018985889,3,200,0.7
2026-09-21T12:31:50Z,47256,547.4,1000,1000,3,3020927945,3,200,1.2
2026-09-21T12:32:20Z,47286,528.3,1000,1000,3,3022807065,3,200,0.9
2026-09-21T12:32:50Z,47316,534.2,1000,1000,3,3024690053,3,200,0.5
2026-09-21T12:33:20Z,47346,566.3,1000,1000,3,3026631938,3,200,2.5
2026-09-21T12:33:50Z,47376,553.3,1000,1000,3,3028514353,3,200,2.1
2026-09-21T12:34:20Z,47406,547.8,1000,1000,3,3030393473,3,200,1.7
2026-09-21T12:34:51Z,47436,551.2,1000,1000,3,3032335529,3,200,0.7
2026-09-21T12:35:20Z,47466,570.4,1000,1000,3,3034214649,3,200,0.5
2026-09-21T12:35:50Z,47496,530.8,1000,1000,3,3037081779,3,200,2.1
2026-09-21T12:36:21Z,47526,522.3,1000,1000,3,3039024835,3,200,1.1
2026-09-21T12:36:50Z,47556,531.9,1000,1000,3,3040902955,3,200,0.7
2026-09-21T12:37:20Z,47586,540.9,1000,1000,3,3042782075,3,200,0.5
2026-09-21T12:37:51Z,47616,558.5,1000,1000,3,3044730683,3,200,1.6
2026-09-21T12:38:20Z,47646,539.4,1000,1000,3,3046611243,3,200,3.1
2026-09-21T12:38:50Z,47676,526.6,1000,1000,3,3048489363,3,200,0.6
2026-09-21T12:39:20Z,47706,540.5,1000,1000,3,3050368483,3,200,0.5
2026-09-21T12:39:50Z,47736,561.3,1000,1000,3,3052310539,3,200,0.8
2026-09-21T12:40:20Z,47766,551.2,1000,1000,3,3054197113,3,200,1.4
2026-09-21T12:40:50Z,47796,522.5,1000,1000,3,3056074101,3,200,2.1
2026-09-21T12:41:20Z,47826,519.9,1000,1000,3,3058016243,3,200,70.6
2026-09-21T12:41:50Z,47856,540.7,1000,1000,3,3059896947,3,200,0.8
2026-09-21T12:42:20Z,47886,546.5,1000,1000,3,3061776067,3,200,0.5
2026-09-21T12:42:50Z,47916,543.8,1000,1000,3,3063717187,3,200,25.8
2026-09-21T12:43:20Z,47946,496.5,1000,1000,3,3065605235,3,200,1.5
2026-09-21T12:43:50Z,47976,549.7,1000,1000,3,3067483355,3,200,0.8
2026-09-21T12:44:20Z,48006,518.3,1000,1000,3,3069426411,3,200,0.6
2026-09-21T12:44:50Z,48036,483.2,1000,1000,3,3071304531,3,200,0.7
2026-09-21T12:45:20Z,48066,537.5,1000,1000,3,3073183651,3,200,0.6
2026-09-21T12:45:51Z,48096,559.3,1000,1000,3,3075125707,3,200,0.9
2026-09-21T12:46:20Z,48126,521.6,1000,1000,3,3077012660,3,200,3.1
2026-09-21T12:46:50Z,48156,499.1,1000,1000,3,3078890939,3,200,1.4
2026-09-21T12:47:21Z,48186,518.4,1000,1000,3,3080833221,3,200,1.3
2026-09-21T12:47:50Z,48216,507.2,1000,1000,3,3082712115,3,200,0.8
2026-09-21T12:48:20Z,48246,520.6,1000,1000,3,3084591235,3,200,0.4
2026-09-21T12:48:51Z,48276,516.7,1000,1000,3,3086533708,3,200,0.9
2026-09-21T12:49:20Z,48306,526.1,1000,1000,3,3088412411,3,200,0.5
2026-09-21T12:49:50Z,48336,535.7,1000,1000,3,3090290531,3,200,0.9
2026-09-21T12:50:21Z,48366,564.3,1000,1000,3,3092233587,3,200,0.5
2026-09-21T12:50:50Z,48396,561.1,1000,1000,3,3094119699,3,200,0.9
2026-09-21T12:51:20Z,48426,518.0,1000,1000,3,3095998819,3,200,1.0
2026-09-21T12:51:51Z,48456,529.6,1000,1000,3,3097940993,3,200,1.1
2026-09-21T12:52:20Z,48486,511.7,1000,1000,3,3099819995,3,200,0.7
2026-09-21T12:52:50Z,48516,541.0,1000,1000,3,3101698115,3,200,0.7
2026-09-21T12:53:21Z,48546,549.9,1000,1000,3,3103641171,3,200,0.6
2026-09-21T12:53:50Z,48576,533.6,1000,1000,3,3105519291,3,200,0.9
2026-09-21T12:54:20Z,48606,548.0,1000,1000,3,3107398411,3,200,0.7
2026-09-21T12:54:50Z,48636,532.9,1000,1000,3,3109340467,3,200,0.7
2026-09-21T12:55:20Z,48666,532.7,1000,1000,3,3111219587,3,200,0.5
2026-09-21T12:55:50Z,48696,509.8,1000,1000,3,3113097707,3,200,0.7
2026-09-21T12:56:20Z,48726,515.3,1000,1000,3,3115038441,3,200,24.2
2026-09-21T12:56:50Z,48756,510.2,1000,1000,3,3116918883,3,200,0.5
2026-09-21T12:57:20Z,48786,497.8,1000,1000,3,3118805932,3,200,0.7
2026-09-21T12:57:50Z,48816,534.3,1000,1000,3,3120736515,3,200,1.0
2026-09-21T12:58:20Z,48846,511.1,1000,1000,3,3122627167,3,200,0.8
2026-09-21T12:58:50Z,48876,513.3,1000,1000,3,3124505257,3,200,0.6
2026-09-21T12:59:20Z,48906,568.2,1000,1000,3,3126446004,3,200,0.9
2026-09-21T12:59:50Z,48936,526.1,1000,1000,3,3128325715,3,200,2.5
2026-09-21T13:00:20Z,48966,527.9,1000,1000,3,3130201817,3,200,0.8
2026-09-21T13:00:50Z,48996,572.2,1000,1000,3,3132146644,3,200,117.0
2026-09-21T13:01:20Z,49026,552.9,1000,1000,3,3134026763,3,200,0.7
2026-09-21T13:01:50Z,49056,521.5,1000,1000,3,3135904883,3,200,0.5
2026-09-21T13:02:21Z,49086,563.1,1000,1000,3,3137845010,3,200,55.1
2026-09-21T13:02:50Z,49116,539.9,1000,1000,3,3139734051,3,200,0.6
2026-09-21T13:03:20Z,49146,519.1,1000,1000,3,3141613171,3,200,0.8
2026-09-21T13:03:51Z,49176,551.6,1000,1000,3,3143555227,3,200,0.6
2026-09-21T13:04:20Z,49206,509.9,1000,1000,3,3145434347,3,200,0.8
2026-09-21T13:04:50Z,49236,544.1,1000,1000,3,3147312467,3,200,0.8
2026-09-21T13:05:20Z,49266,538.1,1000,1000,3,3149256611,3,200,0.7
2026-09-21T13:05:50Z,49296,530.6,1000,1000,3,3152167608,3,200,0.5
2026-09-21T13:06:20Z,49326,530.6,1000,1000,3,3154051524,3,200,0.7
2026-09-21T13:06:51Z,49356,537.5,1000,1000,3,3155989855,3,200,1.2
2026-09-21T13:07:20Z,49386,538.2,1000,1000,3,3157875896,3,200,0.9
2026-09-21T13:07:50Z,49416,523.2,1000,1000,3,3159754016,3,200,0.5
2026-09-21T13:08:21Z,49446,537.1,1000,1000,3,3161695438,3,200,2.2
2026-09-21T13:08:50Z,49476,549.8,1000,1000,3,3163575192,3,200,0.6
2026-09-21T13:09:20Z,49506,561.4,1000,1000,3,3165462304,3,200,2.8
2026-09-21T13:09:51Z,49536,527.8,1000,1000,3,3167404360,3,200,0.5
2026-09-21T13:10:20Z,49566,536.2,1000,1000,3,3169283480,3,200,0.7
2026-09-21T13:10:50Z,49596,549.4,1000,1000,3,3171161600,3,200,0.5
2026-09-21T13:11:21Z,49626,545.6,1000,1000,3,3173104656,3,200,0.8
2026-09-21T13:11:50Z,49656,523.4,1000,1000,3,3174982776,3,200,0.4
2026-09-21T13:12:20Z,49686,509.1,1000,1000,3,3176861896,3,200,0.8
2026-09-21T13:12:51Z,49716,554.5,1000,1000,3,3178805651,3,200,2.1
2026-09-21T13:13:20Z,49746,530.6,1000,1000,3,3180683072,3,200,0.8
2026-09-21T13:13:50Z,49776,568.5,1000,1000,3,3182565126,3,200,0.5
2026-09-21T13:14:21Z,49806,533.0,1000,1000,3,3184512177,3,200,0.9
2026-09-21T13:14:50Z,49836,536.0,1000,1000,3,3186390360,3,200,0.5
2026-09-21T13:15:20Z,49866,535.7,1000,1000,3,3188269480,3,200,0.6
2026-09-21T13:15:51Z,49896,505.8,1000,1000,3,3190211536,3,200,4.0
2026-09-21T13:16:20Z,49926,523.7,1000,1000,3,3192090656,3,200,0.7
2026-09-21T13:16:50Z,49956,528.5,1000,1000,3,3193968776,3,200,0.5
2026-09-21T13:17:21Z,49986,535.6,1000,1000,3,3195917812,3,200,1.4
2026-09-21T13:17:50Z,50016,526.1,1000,1000,3,3197789952,3,200,0.6
2026-09-21T13:18:20Z,50046,564.4,1000,1000,3,3199677064,3,200,0.5
2026-09-21T13:18:51Z,50076,557.7,1000,1000,3,3201619120,3,200,0.7
2026-09-21T13:19:20Z,50106,529.8,1000,1000,3,3203498240,3,200,0.5
2026-09-21T13:19:50Z,50136,538.1,1000,1000,3,3205376360,3,200,0.7
2026-09-21T13:20:21Z,50166,515.1,1000,1000,3,3207319416,3,200,0.5
2026-09-21T13:20:50Z,50196,504.3,1000,1000,3,3209197536,3,200,0.6
2026-09-21T13:21:20Z,50226,504.9,1000,1000,3,3211076656,3,200,0.5
2026-09-21T13:21:51Z,50256,522.1,1000,1000,3,3213020877,3,200,1.0
2026-09-21T13:22:20Z,50286,534.8,1000,1000,3,3214897832,3,200,0.4
2026-09-21T13:22:50Z,50316,523.3,1000,1000,3,3216775952,3,200,0.7
2026-09-21T13:23:21Z,50346,545.4,1000,1000,3,3218719008,3,200,0.4
2026-09-21T13:23:50Z,50376,520.2,1000,1000,3,3220597128,3,200,0.9
2026-09-21T13:24:20Z,50406,493.1,1000,1000,3,3222484240,3,200,1.0
2026-09-21T13:24:51Z,50436,503.8,1000,1000,3,3224426296,3,200,1.1
2026-09-21T13:25:20Z,50466,560.5,1000,1000,3,3226305416,3,200,0.9
2026-09-21T13:25:50Z,50496,554.7,1000,1000,3,3228183536,3,200,0.7
2026-09-21T13:26:21Z,50526,528.9,1000,1000,3,3230127919,3,200,0.6
2026-09-21T13:26:50Z,50556,543.0,1000,1000,3,3232004712,3,200,0.9
2026-09-21T13:27:20Z,50586,533.8,1000,1000,3,3233883832,3,200,0.5
2026-09-21T13:27:51Z,50616,523.9,1000,1000,3,3235826974,3,200,2.1
2026-09-21T13:28:20Z,50646,517.7,1000,1000,3,3237705008,3,200,0.5
2026-09-21T13:28:50Z,50676,537.7,1000,1000,3,3239583128,3,200,1.1
2026-09-21T13:29:21Z,50706,560.9,1000,1000,3,3241526184,3,200,0.6
2026-09-21T13:29:50Z,50736,506.0,1000,1000,3,3243404304,3,200,0.9
2026-09-21T13:30:20Z,50766,542.9,1000,1000,3,3245283424,3,200,0.6
2026-09-21T13:30:51Z,50796,549.6,1000,1000,3,3247232926,3,200,3.0
2026-09-21T13:31:20Z,50826,540.4,1000,1000,3,3249112592,3,200,0.5
2026-09-21T13:31:50Z,50856,534.6,1000,1000,3,3250995575,3,200,0.8
2026-09-21T13:32:21Z,50886,541.9,1000,1000,3,3252933768,3,200,0.6
2026-09-21T13:32:50Z,50916,513.9,1000,1000,3,3254811888,3,200,0.7
2026-09-21T13:33:20Z,50946,565.1,1000,1000,3,3256691008,3,200,0.6
2026-09-21T13:33:50Z,50976,557.0,1000,1000,3,3258632458,3,200,0.8
2026-09-21T13:34:20Z,51006,562.6,1000,1000,3,3260512184,3,200,0.6
2026-09-21T13:34:50Z,51036,518.3,1000,1000,3,3262394693,3,200,0.7
2026-09-21T13:35:20Z,51066,550.1,1000,1000,3,3264331458,3,200,33.4
2026-09-21T13:35:51Z,51096,684.5,1000,1000,3,3266621243,3,200,182.7
2026-09-21T13:36:20Z,51126,553.3,1000,1000,3,3269131558,3,200,0.5
2026-09-21T13:36:50Z,51156,527.7,1000,1000,3,3271010677,3,200,0.8
2026-09-21T13:37:20Z,51186,549.6,1000,1000,3,3272950596,3,200,3.2
2026-09-21T13:37:50Z,51216,524.0,1000,1000,3,3274831853,3,200,1.2
2026-09-21T13:38:20Z,51246,560.2,1000,1000,3,3276718264,3,200,0.6
2026-09-21T13:38:51Z,51276,547.8,1000,1000,3,3278661023,3,200,1.1
2026-09-21T13:39:20Z,51306,556.6,1000,1000,3,3280540410,3,200,0.5
2026-09-21T13:39:50Z,51336,558.5,1000,1000,3,3282418261,3,200,0.7
2026-09-21T13:40:21Z,51366,531.6,1000,1000,3,3284366818,3,200,0.7
2026-09-21T13:40:50Z,51396,524.3,1000,1000,3,3286246430,3,200,1.5
2026-09-21T13:41:20Z,51426,525.8,1000,1000,3,3288125550,3,200,0.8
2026-09-21T13:41:51Z,51456,541.1,1000,1000,3,3290069367,3,200,1.4
2026-09-21T13:42:20Z,51486,536.4,1000,1000,3,3291947725,3,200,1.1
2026-09-21T13:42:50Z,51516,562.3,1000,1000,3,3293824846,3,200,0.5
2026-09-21T13:43:20Z,51546,548.2,1000,1000,3,3295768901,3,200,0.6
2026-09-21T13:43:50Z,51576,525.1,1000,1000,3,3297647021,3,200,0.7
2026-09-21T13:44:20Z,51606,547.4,1000,1000,3,3299526141,3,200,0.6
2026-09-21T13:44:50Z,51636,549.8,1000,1000,3,3301468197,3,200,0.5
2026-09-21T13:45:20Z,51666,551.0,1000,1000,3,3303351295,3,200,0.7
2026-09-21T13:45:50Z,51696,528.2,1000,1000,3,3305225437,3,200,0.6
2026-09-21T13:46:20Z,51726,559.2,1000,1000,3,3307166181,3,200,33.6
2026-09-21T13:46:50Z,51756,535.3,1000,1000,3,3309053640,3,200,0.8
2026-09-21T13:47:20Z,51786,534.8,1000,1000,3,3310933725,3,200,4.3
2026-09-21T13:47:51Z,51816,558.4,1000,1000,3,3312875781,3,200,0.4
2026-09-21T13:48:20Z,51846,488.2,1000,1000,3,3314754901,3,200,0.8
2026-09-21T13:48:50Z,51876,556.3,1000,1000,3,3316633021,3,200,0.5
2026-09-21T13:49:20Z,51906,574.2,1000,1000,3,3318576077,3,200,0.8
2026-09-21T13:49:50Z,51936,565.4,1000,1000,3,3320454197,3,200,0.6
2026-09-21T13:50:20Z,51966,536.0,1000,1000,3,3322333317,3,200,0.6
2026-09-21T13:50:50Z,51996,537.9,1000,1000,3,3324272485,3,200,28.6
2026-09-21T13:51:20Z,52026,539.4,1000,1000,3,3326162214,3,200,0.9
2026-09-21T13:51:50Z,52056,540.2,1000,1000,3,3328037766,3,200,0.5
2026-09-21T13:52:20Z,52086,533.9,1000,1000,3,3329972801,3,200,26.0
2026-09-21T13:52:50Z,52116,557.3,1000,1000,3,3331853789,3,200,0.5
2026-09-21T13:53:20Z,52146,533.9,1000,1000,3,3333732909,3,200,0.7
2026-09-21T13:53:50Z,52176,552.8,1000,1000,3,3335679801,3,200,0.5
2026-09-21T13:54:20Z,52206,514.5,1000,1000,3,3337562063,3,200,1.9
2026-09-21T13:54:50Z,52236,546.9,1000,1000,3,3339440197,3,200,0.5
2026-09-21T13:55:20Z,52266,533.2,1000,1000,3,3341381089,3,200,15.8
2026-09-21T13:55:50Z,52296,555.6,1000,1000,3,3343261373,3,200,0.7
2026-09-21T13:56:20Z,52326,559.4,1000,1000,3,3345140493,3,200,0.7
2026-09-21T13:56:50Z,52356,510.7,1000,1000,3,3347079791,3,200,39.8
2026-09-21T13:57:20Z,52386,541.7,1000,1000,3,3348969661,3,200,0.7
2026-09-21T13:57:50Z,52416,549.2,1000,1000,3,3350847781,3,200,0.5
2026-09-21T13:58:20Z,52446,526.0,1000,1000,3,3352790837,3,200,1.0
2026-09-21T13:58:50Z,52476,534.8,1000,1000,3,3354668957,3,200,0.5
2026-09-21T13:59:20Z,52506,538.4,1000,1000,3,3356548077,3,200,0.6
2026-09-21T13:59:50Z,52536,548.0,1000,1000,3,3358488247,3,200,0.7
2026-09-21T14:00:20Z,52566,528.3,1000,1000,3,3360377233,3,200,1.4
2026-09-21T14:00:50Z,52596,506.1,1000,1000,3,3362255365,3,200,2.3
2026-09-21T14:01:21Z,52626,538.0,1000,1000,3,3364199480,3,200,1.5
2026-09-21T14:01:50Z,52656,527.6,1000,1000,3,3366076541,3,200,0.8
2026-09-21T14:02:20Z,52686,551.3,1000,1000,3,3367955661,3,200,0.7
2026-09-21T14:02:51Z,52716,529.4,1000,1000,3,3369897717,3,200,0.7
2026-09-21T14:03:20Z,52746,560.2,1000,1000,3,3371776837,3,200,0.5
2026-09-21T14:03:50Z,52776,549.2,1000,1000,3,3373654957,3,200,0.7
2026-09-21T14:04:20Z,52806,539.7,1000,1000,3,3375595113,3,200,12.3
2026-09-21T14:04:50Z,52836,549.2,1000,1000,3,3377484125,3,200,1.1
2026-09-21T14:05:20Z,52866,556.6,1000,1000,3,3379363245,3,200,1.0
2026-09-21T14:05:51Z,52896,578.1,1000,1000,3,3381305301,3,200,0.8
2026-09-21T14:06:20Z,52926,526.3,1000,1000,3,3384200404,3,200,0.7
2026-09-21T14:06:50Z,52956,559.0,1000,1000,3,3386078524,3,200,0.7
2026-09-21T14:07:21Z,52986,547.5,1000,1000,3,3388025492,3,200,0.7
2026-09-21T14:07:50Z,53016,544.8,1000,1000,3,3389899700,3,200,0.6
2026-09-21T14:08:20Z,53046,518.8,1000,1000,3,3391783357,3,200,0.4
2026-09-21T14:08:51Z,53076,522.0,1000,1000,3,3393720211,3,200,1.1
2026-09-21T14:09:20Z,53106,525.7,1000,1000,3,3395599996,3,200,0.4
2026-09-21T14:09:50Z,53136,534.8,1000,1000,3,3397478116,3,200,0.7
2026-09-21T14:10:21Z,53166,549.4,1000,1000,3,3399418537,3,200,0.7
2026-09-21T14:10:50Z,53196,555.8,1000,1000,3,3401299292,3,200,0.7
2026-09-21T14:11:20Z,53226,534.2,1000,1000,3,3403178412,3,200,0.6
2026-09-21T14:11:51Z,53256,544.9,1000,1000,3,3405120468,3,200,0.9
2026-09-21T14:12:20Z,53286,508.2,1000,1000,3,3406999588,3,200,0.4
2026-09-21T14:12:50Z,53316,545.8,1000,1000,3,3408877708,3,200,0.6
2026-09-21T14:13:20Z,53346,504.9,1000,1000,3,3410820764,3,200,0.5
2026-09-21T14:13:50Z,53376,533.9,1000,1000,3,3412698884,3,200,0.7
2026-09-21T14:14:20Z,53406,559.4,1000,1000,3,3414578004,3,200,0.6
2026-09-21T14:14:50Z,53436,565.7,1000,1000,3,3416517137,3,200,15.0
2026-09-21T14:15:20Z,53466,501.0,1000,1000,3,3418403901,3,200,0.6
2026-09-21T14:15:50Z,53496,549.8,1000,1000,3,3420285292,3,200,1.0
2026-09-21T14:16:21Z,53526,534.9,1000,1000,3,3422228348,3,200,0.5
2026-09-21T14:16:50Z,53556,542.1,1000,1000,3,3424106468,3,200,1.4
2026-09-21T14:17:20Z,53586,546.2,1000,1000,3,3425985588,3,200,0.5
2026-09-21T14:17:51Z,53616,534.0,1000,1000,3,3427927644,3,200,0.7
2026-09-21T14:18:20Z,53646,510.2,1000,1000,3,3429806764,3,200,0.5
2026-09-21T14:18:50Z,53676,531.3,1000,1000,3,3431684884,3,200,0.7
2026-09-21T14:19:20Z,53706,560.9,1000,1000,3,3433628716,3,200,0.6
2026-09-21T14:19:50Z,53736,503.8,1000,1000,3,3435506060,3,200,0.8
2026-09-21T14:20:20Z,53766,551.2,1000,1000,3,3437392966,3,200,1.0
2026-09-21T14:20:51Z,53796,552.9,1000,1000,3,3439331028,3,200,0.7
2026-09-21T14:21:20Z,53826,502.1,1000,1000,3,3441214348,3,200,0.9
2026-09-21T14:21:50Z,53856,516.2,1000,1000,3,3443092468,3,200,0.9
2026-09-21T14:22:21Z,53886,541.1,1000,1000,3,3445035524,3,200,0.7
2026-09-21T14:22:50Z,53916,516.0,1000,1000,3,3446913644,3,200,0.5
2026-09-21T14:23:20Z,53946,561.2,1000,1000,3,3448792764,3,200,1.0
2026-09-21T14:23:50Z,53976,556.8,1000,1000,3,3450734820,3,200,0.5
2026-09-21T14:24:20Z,54006,497.7,1000,1000,3,3452613940,3,200,0.7
2026-09-21T14:24:50Z,54036,505.9,1000,1000,3,3454492060,3,200,0.8
2026-09-21T14:25:20Z,54066,526.6,1000,1000,3,3456435480,3,200,1.3
2026-09-21T14:25:50Z,54096,541.4,1000,1000,3,3458313236,3,200,0.4
2026-09-21T14:26:20Z,54126,513.0,1000,1000,3,3460192356,3,200,0.8
2026-09-21T14:26:50Z,54156,574.9,1000,1000,3,3462132481,3,200,16.2
2026-09-21T14:27:20Z,54186,548.5,1000,1000,3,3464019472,3,200,0.9
2026-09-21T14:27:50Z,54216,530.1,1000,1000,3,3465899644,3,200,0.6
2026-09-21T14:28:21Z,54246,565.7,1000,1000,3,3467842104,3,200,0.9
2026-09-21T14:28:50Z,54276,557.8,1000,1000,3,3469720820,3,200,0.6
2026-09-21T14:29:20Z,54306,508.6,1000,1000,3,3471599940,3,200,1.0
2026-09-21T14:29:50Z,54336,574.4,1000,1000,3,3473541996,3,200,0.5
2026-09-21T14:30:20Z,54366,528.7,1000,1000,3,3475421116,3,200,0.7
2026-09-21T14:30:50Z,54396,527.2,1000,1000,3,3477299236,3,200,0.5
2026-09-21T14:31:21Z,54426,554.6,1000,1000,3,3479242080,3,200,1.1
2026-09-21T14:31:50Z,54456,517.0,1000,1000,3,3481128404,3,200,1.4
2026-09-21T14:32:20Z,54486,543.3,1000,1000,3,3483007524,3,200,2.0
2026-09-21T14:32:51Z,54516,551.5,1000,1000,3,3484949580,3,200,0.5
2026-09-21T14:33:20Z,54546,530.4,1000,1000,3,3486828700,3,200,0.7
2026-09-21T14:33:50Z,54576,549.9,1000,1000,3,3488706820,3,200,0.5
2026-09-21T14:34:21Z,54606,566.2,1000,1000,3,3490649876,3,200,0.7
2026-09-21T14:34:50Z,54636,529.6,1000,1000,3,3492527996,3,200,0.5
2026-09-21T14:35:20Z,54666,524.5,1000,1000,3,3494414121,3,200,1.1
2026-09-21T14:35:51Z,54696,530.3,1000,1000,3,3496350950,3,200,0.8
2026-09-21T14:36:20Z,54726,533.2,1000,1000,3,3499235284,3,200,0.6
2026-09-21T14:36:50Z,54756,526.3,1000,1000,3,3501113404,3,200,0.7
2026-09-21T14:37:21Z,54786,532.5,1000,1000,3,3503059399,3,200,0.9
2026-09-21T14:37:50Z,54816,495.3,1000,1000,3,3504940603,3,200,0.7
2026-09-21T14:38:20Z,54846,547.9,1000,1000,3,3506819804,3,200,1.2
2026-09-21T14:38:51Z,54876,531.0,1000,1000,3,3508763662,3,200,1.9
2026-09-21T14:39:20Z,54906,543.3,1000,1000,3,3510642868,3,200,1.3
2026-09-21T14:39:50Z,54936,552.9,1000,1000,3,3512520988,3,200,0.5
2026-09-21T14:40:21Z,54966,578.1,1000,1000,3,3514464044,3,200,0.8
2026-09-21T14:40:50Z,54996,543.5,1000,1000,3,3516342164,3,200,0.4
2026-09-21T14:41:20Z,55026,536.6,1000,1000,3,3518221284,3,200,0.7
2026-09-21T14:41:51Z,55056,543.9,1000,1000,3,3520163340,3,200,0.6
2026-09-21T14:42:20Z,55086,527.0,1000,1000,3,3522049849,3,200,1.4
2026-09-21T14:42:50Z,55116,516.4,1000,1000,3,3523928572,3,200,0.8
2026-09-21T14:43:21Z,55146,511.0,1000,1000,3,3525871628,3,200,1.3
2026-09-21T14:43:50Z,55176,544.5,1000,1000,3,3527756878,3,200,145.5
2026-09-21T14:44:20Z,55206,519.1,1000,1000,3,3529636860,3,200,0.5
2026-09-21T14:44:50Z,55236,542.3,1000,1000,3,3531514980,3,200,0.7
2026-09-21T14:45:20Z,55266,541.3,1000,1000,3,3533455100,3,200,34.9
2026-09-21T14:45:50Z,55296,541.5,1000,1000,3,3535336156,3,200,0.9
2026-09-21T14:46:20Z,55326,560.5,1000,1000,3,3537220671,3,200,0.8
2026-09-21T14:46:50Z,55356,553.1,1000,1000,3,3539164065,3,200,2.4
2026-09-21T14:47:20Z,55386,522.4,1000,1000,3,3541044444,3,200,2.0
2026-09-21T14:47:50Z,55416,542.6,1000,1000,3,3542922564,3,200,1.1
2026-09-21T14:48:20Z,55446,521.8,1000,1000,3,3544865620,3,200,0.5
2026-09-21T14:48:50Z,55476,526.1,1000,1000,3,3546743740,3,200,0.7
2026-09-21T14:49:20Z,55506,525.1,1000,1000,3,3548622860,3,200,0.5
2026-09-21T14:49:50Z,55536,540.0,1000,1000,3,3550562468,3,200,60.8
2026-09-21T14:50:20Z,55566,537.5,1000,1000,3,3552444036,3,200,0.5
2026-09-21T14:50:50Z,55596,561.9,1000,1000,3,3554330148,3,200,1.3
2026-09-21T14:51:21Z,55626,534.6,1000,1000,3,3556273204,3,200,0.5
2026-09-21T14:51:50Z,55656,499.0,1000,1000,3,3558151324,3,200,0.6
2026-09-21T14:52:20Z,55686,559.5,1000,1000,3,3560030444,3,200,0.5
2026-09-21T14:52:50Z,55716,533.4,1000,1000,3,3561972500,3,200,0.8
2026-09-21T14:53:20Z,55746,525.6,1000,1000,3,3563851620,3,200,0.5
2026-09-21T14:53:50Z,55776,531.6,1000,1000,3,3565729740,3,200,0.8
2026-09-21T14:54:20Z,55806,547.4,1000,1000,3,3567669718,3,200,12.0
2026-09-21T14:54:50Z,55836,523.4,1000,1000,3,3569550916,3,200,0.7
2026-09-21T14:55:20Z,55866,551.1,1000,1000,3,3571430036,3,200,0.5
2026-09-21T14:55:50Z,55896,531.5,1000,1000,3,3573369418,3,200,53.2
2026-09-21T14:56:20Z,55926,518.4,1000,1000,3,3575259204,3,200,2.3
2026-09-21T14:56:50Z,55956,525.9,1000,1000,3,3577137319,3,200,0.9
2026-09-21T14:57:21Z,55986,555.2,1000,1000,3,3579080380,3,200,0.6
2026-09-21T14:57:50Z,56016,549.2,1000,1000,3,3580958500,3,200,0.7
2026-09-21T14:58:20Z,56046,526.7,1000,1000,3,3582837620,3,200,0.4
2026-09-21T14:58:50Z,56076,539.8,1000,1000,3,3584779676,3,200,2.3
2026-09-21T14:59:20Z,56106,559.0,1000,1000,3,3586658796,3,200,0.6
2026-09-21T14:59:50Z,56136,513.3,1000,1000,3,3588536916,3,200,0.7
2026-09-21T15:00:20Z,56166,545.1,1000,1000,3,3590479972,3,200,0.7
2026-09-21T15:00:50Z,56196,534.0,1000,1000,3,3592358092,3,200,0.8
2026-09-21T15:01:20Z,56226,516.9,1000,1000,3,3594237212,3,200,0.5
2026-09-21T15:01:50Z,56256,503.9,1000,1000,3,3596177149,3,200,23.5
2026-09-21T15:02:20Z,56286,531.9,1000,1000,3,3598062867,3,200,0.7
2026-09-21T15:02:50Z,56316,507.6,1000,1000,3,3599941492,3,200,0.6
2026-09-21T15:03:20Z,56346,526.6,1000,1000,3,3601879064,3,200,5.1
2026-09-21T15:03:50Z,56376,525.3,1000,1000,3,3603757719,3,200,2.3
2026-09-21T15:04:20Z,56406,535.7,1000,1000,3,3605648537,3,200,0.7
2026-09-21T15:04:51Z,56436,544.2,1000,1000,3,3607591246,3,200,0.8
2026-09-21T15:05:20Z,56466,513.6,1000,1000,3,3609473964,3,200,0.7
2026-09-21T15:05:50Z,56496,526.6,1000,1000,3,3611352084,3,200,0.5
2026-09-21T15:06:21Z,56526,759.8,1000,1000,3,3613231204,3,200,20.9
2026-09-21T15:06:50Z,56556,545.1,1000,1000,3,3616154355,3,200,0.5
2026-09-21T15:07:20Z,56586,520.7,1000,1000,3,3618036395,3,200,1.8
2026-09-21T15:07:51Z,56616,519.2,1000,1000,3,3619978451,3,200,0.4
2026-09-21T15:08:21Z,56646,542.4,1000,1000,3,3621864570,3,200,141.4
2026-09-21T15:08:50Z,56676,562.5,1000,1000,3,3623751672,3,200,1.1
2026-09-21T15:09:20Z,56706,527.2,1000,1000,3,3625630795,3,200,0.7
2026-09-21T15:09:51Z,56736,534.4,1000,1000,3,3627572851,3,200,0.5
2026-09-21T15:10:20Z,56766,570.3,1000,1000,3,3629451971,3,200,0.8
2026-09-21T15:10:50Z,56796,542.7,1000,1000,3,3631330091,3,200,0.5
2026-09-21T15:11:21Z,56826,553.9,1000,1000,3,3633278773,3,200,1.0
2026-09-21T15:11:50Z,56856,534.6,1000,1000,3,3635159259,3,200,2.4
2026-09-21T15:12:20Z,56886,556.0,1000,1000,3,3637038317,3,200,2.3
2026-09-21T15:12:51Z,56916,555.3,1000,1000,3,3638980479,3,200,3.4
2026-09-21T15:13:20Z,56946,557.2,1000,1000,3,3640859555,3,200,0.7
2026-09-21T15:13:50Z,56976,507.7,1000,1000,3,3642743192,3,200,0.6
2026-09-21T15:14:21Z,57006,532.7,1000,1000,3,3644688723,3,200,1.5
2026-09-21T15:14:50Z,57036,571.3,1000,1000,3,3646566843,3,200,0.7
2026-09-21T15:15:20Z,57066,523.5,1000,1000,3,3648445963,3,200,0.8
2026-09-21T15:15:51Z,57096,568.1,1000,1000,3,3650388019,3,200,0.5
2026-09-21T15:16:20Z,57126,514.6,1000,1000,3,3652267139,3,200,0.7
2026-09-21T15:16:50Z,57156,565.7,1000,1000,3,3654145259,3,200,0.4
2026-09-21T15:17:21Z,57186,551.9,1000,1000,3,3656088315,3,200,0.8
2026-09-21T15:17:50Z,57216,522.6,1000,1000,3,3657966435,3,200,0.8
2026-09-21T15:18:20Z,57246,516.9,1000,1000,3,3659850457,3,200,0.8
2026-09-21T15:18:51Z,57276,516.1,1000,1000,3,3661789174,3,200,0.9
2026-09-21T15:19:20Z,57306,543.2,1000,1000,3,3663672575,3,200,0.8
2026-09-21T15:19:50Z,57336,521.8,1000,1000,3,3665544851,3,200,0.5
2026-09-21T15:20:21Z,57366,543.6,1000,1000,3,3667493555,3,200,2.0
2026-09-21T15:20:50Z,57396,558.2,1000,1000,3,3669374019,3,200,1.5
2026-09-21T15:21:20Z,57426,569.6,1000,1000,3,3671253139,3,200,2.1
2026-09-21T15:21:51Z,57456,504.5,1000,1000,3,3673195195,3,200,0.8
2026-09-21T15:22:20Z,57486,560.4,1000,1000,3,3675074315,3,200,0.6
2026-09-21T15:22:50Z,57516,544.0,1000,1000,3,3676952435,3,200,1.0
2026-09-21T15:23:21Z,57546,540.3,1000,1000,3,3678895491,3,200,0.6
2026-09-21T15:23:50Z,57576,525.5,1000,1000,3,3680773611,3,200,0.9
2026-09-21T15:24:20Z,57606,521.2,1000,1000,3,3682660723,3,200,1.5
2026-09-21T15:24:51Z,57636,525.8,1000,1000,3,3684602617,3,200,0.9
2026-09-21T15:25:20Z,57666,555.9,1000,1000,3,3686486393,3,200,1.1
2026-09-21T15:25:50Z,57696,508.4,1000,1000,3,3688368011,3,200,0.7
2026-09-21T15:26:20Z,57726,529.7,1000,1000,3,3690251463,3,200,0.6
2026-09-21T15:26:50Z,57756,557.2,1000,1000,3,3692187941,3,200,15.7
2026-09-21T15:27:20Z,57786,528.1,1000,1000,3,3694076299,3,200,1.8
2026-09-21T15:27:50Z,57816,520.7,1000,1000,3,3695954419,3,200,1.0
2026-09-21T15:28:20Z,57846,533.6,1000,1000,3,3697897475,3,200,0.5
2026-09-21T15:28:50Z,57876,525.5,1000,1000,3,3699775595,3,200,1.0
2026-09-21T15:29:20Z,57906,533.1,1000,1000,3,3701654715,3,200,0.5
2026-09-21T15:29:50Z,57936,552.1,1000,1000,3,3703596771,3,200,0.8
2026-09-21T15:30:20Z,57966,553.6,1000,1000,3,3705475891,3,200,0.5
2026-09-21T15:30:50Z,57996,541.1,1000,1000,3,3707354011,3,200,0.8
2026-09-21T15:31:20Z,58026,526.4,1000,1000,3,3709295233,3,200,18.7
2026-09-21T15:31:50Z,58056,509.3,1000,1000,3,3711179901,3,200,0.9
2026-09-21T15:32:20Z,58086,532.2,1000,1000,3,3713061949,3,200,1.6
2026-09-21T15:32:51Z,58116,551.0,1000,1000,3,3715004355,3,200,3.9
2026-09-21T15:33:20Z,58146,510.0,1000,1000,3,3716883475,3,200,0.4
2026-09-21T15:33:50Z,58176,547.6,1000,1000,3,3718761595,3,200,0.7
2026-09-21T15:34:21Z,58206,560.4,1000,1000,3,3720704651,3,200,0.7
2026-09-21T15:34:50Z,58236,555.1,1000,1000,3,3722589905,3,200,1.3
2026-09-21T15:35:20Z,58266,502.6,1000,1000,3,3724469883,3,200,0.8
2026-09-21T15:35:51Z,58296,528.9,1000,1000,3,3726411939,3,200,1.1
2026-09-21T15:36:20Z,58326,523.4,1000,1000,3,3728291059,3,200,0.5
2026-09-21T15:36:50Z,58356,527.7,999,999,4,3730191490,4,200,2.4
2026-09-21T15:37:20Z,58386,541.9,999,999,4,3732069878,4,200,0.7
2026-09-21T15:37:51Z,58416,536.1,999,999,4,3734017974,4,200,1.3
2026-09-21T15:38:20Z,58446,521.5,999,999,4,3735895213,4,200,0.7
2026-09-21T15:38:50Z,58476,505.8,1000,1000,4,3738795926,4,200,1.7
2026-09-21T15:39:20Z,58506,508.8,1000,1000,4,3740675045,4,200,0.6
2026-09-21T15:39:50Z,58536,525.9,1000,1000,4,3742554165,4,200,0.9
2026-09-21T15:40:20Z,58566,546.3,1000,1000,4,3744497220,4,200,0.8
2026-09-21T15:40:50Z,58596,532.4,1000,1000,4,3746375341,4,200,0.5
2026-09-21T15:41:20Z,58626,525.7,1000,1000,4,3748256539,4,200,1.3
2026-09-21T15:41:50Z,58656,559.0,1000,1000,4,3750196497,4,200,0.5
2026-09-21T15:42:20Z,58686,535.1,1000,1000,4,3752075636,4,200,1.0
2026-09-21T15:42:51Z,58716,531.1,1000,1000,4,3754017693,4,200,0.5
2026-09-21T15:43:20Z,58746,538.5,1000,1000,4,3755902708,4,200,122.8
2026-09-21T15:43:50Z,58776,540.3,1000,1000,4,3757782925,4,200,0.5
2026-09-21T15:44:20Z,58806,519.9,1000,1000,4,3759667049,4,200,0.7
2026-09-21T15:44:50Z,58836,529.9,1000,1000,4,3761609776,4,200,0.5
2026-09-21T15:45:20Z,58866,522.7,1000,1000,4,3763491208,4,200,1.8
2026-09-21T15:45:50Z,58896,511.1,1000,1000,4,3765369333,4,200,2.2
2026-09-21T15:46:20Z,58926,521.2,1000,1000,4,3767312388,4,200,2.0
2026-09-21T15:46:50Z,58956,536.5,1000,1000,4,3769190509,4,200,1.9
2026-09-21T15:47:20Z,58986,551.1,1000,1000,4,3771069628,4,200,1.0
2026-09-21T15:47:50Z,59016,555.6,1000,1000,4,3773011685,4,200,0.6
2026-09-21T15:48:20Z,59046,495.5,1000,1000,4,3774890804,4,200,0.8
2026-09-21T15:48:50Z,59076,506.9,1000,1000,4,3776768925,4,200,0.6
2026-09-21T15:49:20Z,59106,548.5,1000,1000,4,3778709416,4,200,35.0
2026-09-21T15:49:50Z,59136,539.1,1000,1000,4,3780597544,4,200,0.4
2026-09-21T15:50:20Z,59166,548.7,1000,1000,4,3782477212,4,200,0.8
2026-09-21T15:50:51Z,59196,545.1,1000,1000,4,3784416772,4,200,0.5
2026-09-21T15:51:20Z,59226,544.1,1000,1000,4,3786298388,4,200,1.3
2026-09-21T15:51:50Z,59256,545.3,1000,1000,4,3788176509,4,200,0.5
2026-09-21T15:52:21Z,59286,543.2,1000,1000,4,3790119564,4,200,0.7
2026-09-21T15:52:50Z,59316,525.8,1000,1000,4,3791997685,4,200,0.7
2026-09-21T15:53:20Z,59346,518.5,1000,1000,4,3793883914,4,200,0.6
2026-09-21T15:53:51Z,59376,534.4,1000,1000,4,3795826853,4,200,1.5
2026-09-21T15:54:20Z,59406,533.5,1000,1000,4,3797705968,4,200,0.8
2026-09-21T15:54:50Z,59436,552.5,1000,1000,4,3799584093,4,200,0.8
2026-09-21T15:55:21Z,59466,542.3,1000,1000,4,3801527952,4,200,1.6
2026-09-21T15:55:50Z,59496,526.5,1000,1000,4,3803405269,4,200,0.7
2026-09-21T15:56:20Z,59526,549.5,1000,1000,4,3805284388,4,200,0.5
2026-09-21T15:56:51Z,59556,533.6,1000,1000,4,3807228968,4,200,1.6
2026-09-21T15:57:20Z,59586,528.7,1000,1000,4,3809113505,4,200,0.6
2026-09-21T15:57:50Z,59616,524.0,1000,1000,4,3810991677,4,200,0.9
2026-09-21T15:58:21Z,59646,559.1,1000,1000,4,3812934732,4,200,0.5
2026-09-21T15:58:50Z,59676,546.9,1000,1000,4,3814812853,4,200,0.7
2026-09-21T15:59:20Z,59706,535.5,1000,1000,4,3816697144,4,200,0.8
2026-09-21T15:59:51Z,59736,525.0,1000,1000,4,3818641340,4,200,1.7
2026-09-21T16:00:20Z,59766,546.6,1000,1000,4,3820520967,4,200,0.7
2026-09-21T16:00:50Z,59796,508.1,1000,1000,4,3822399261,4,200,2.6
2026-09-21T16:01:21Z,59826,509.3,1000,1000,4,3824342316,4,200,1.4
2026-09-21T16:01:50Z,59856,532.1,1000,1000,4,3826224022,4,200,0.7
2026-09-21T16:02:20Z,59886,527.7,1000,1000,4,3828107548,4,200,0.5
2026-09-21T16:02:50Z,59916,525.1,1000,1000,4,3829985669,4,200,0.8
2026-09-21T16:03:20Z,59946,515.2,1000,1000,4,3831928879,4,200,0.5
2026-09-21T16:03:50Z,59976,516.5,1000,1000,4,3833806845,4,200,0.8
2026-09-21T16:04:20Z,60006,532.9,1000,1000,4,3835685964,4,200,0.5
2026-09-21T16:04:50Z,60036,533.1,1000,1000,4,3837628021,4,200,0.7
2026-09-21T16:05:20Z,60066,556.8,1000,1000,4,3839507140,4,200,0.5
2026-09-21T16:05:50Z,60096,578.9,1000,1000,4,3841385261,4,200,2.4
2026-09-21T16:06:20Z,60126,532.7,1000,1000,4,3843333980,4,200,52.3
2026-09-21T16:06:50Z,60156,523.7,1000,1000,4,3845214429,4,200,0.7
2026-09-21T16:07:20Z,60186,520.3,1000,1000,4,3847093548,4,200,0.5
2026-09-21T16:07:50Z,60216,540.2,1000,1000,4,3849033791,4,200,33.9
2026-09-21T16:08:20Z,60246,549.0,1000,1000,4,3850922716,4,200,0.8
2026-09-21T16:08:50Z,60276,515.6,1000,1000,4,3853807097,4,200,1.0
2026-09-21T16:09:21Z,60306,525.1,1000,1000,4,3855749885,4,200,1.1
2026-09-21T16:09:50Z,60336,536.4,1000,1000,4,3857632619,4,200,1.6
2026-09-21T16:10:20Z,60366,521.6,1000,1000,4,3859521839,4,200,0.6
2026-09-21T16:10:50Z,60396,523.4,1000,1000,4,3861401230,4,200,1.2
2026-09-21T16:11:21Z,60426,515.8,1000,1000,4,3863344285,4,200,0.8
2026-09-21T16:11:50Z,60456,541.7,1000,1000,4,3865227457,4,200,0.6
2026-09-21T16:12:20Z,60486,551.8,1000,1000,4,3867108546,4,200,0.8
2026-09-21T16:12:51Z,60516,506.3,1000,1000,4,3869050897,4,200,1.8
2026-09-21T16:13:20Z,60546,558.7,1000,1000,4,3870930693,4,200,1.3
2026-09-21T16:13:50Z,60576,538.0,1000,1000,4,3872808814,4,200,0.4
2026-09-21T16:14:21Z,60606,535.0,1000,1000,4,3874753920,4,200,3.8
2026-09-21T16:14:50Z,60636,533.4,1000,1000,4,3876629990,4,200,0.5
2026-09-21T16:15:20Z,60666,539.6,1000,1000,4,3878509109,4,200,0.7
2026-09-21T16:15:51Z,60696,528.2,1000,1000,4,3880451166,4,200,0.7
2026-09-21T16:16:20Z,60726,526.8,1000,1000,4,3882330285,4,200,0.8
2026-09-21T16:16:50Z,60756,518.7,1000,1000,4,3884208406,4,200,0.5
2026-09-21T16:17:20Z,60786,485.4,1000,1000,4,3886151461,4,200,0.7
2026-09-21T16:17:50Z,60816,531.5,1000,1000,4,3888029582,4,200,0.6
2026-09-21T16:18:20Z,60846,532.0,1000,1000,4,3889908701,4,200,0.8
2026-09-21T16:18:50Z,60876,536.0,1000,1000,4,3891852342,4,200,0.7
2026-09-21T16:19:20Z,60906,535.6,1000,1000,4,3893729877,4,200,0.7
2026-09-21T16:19:50Z,60936,533.7,1000,1000,4,3895614472,4,200,0.5
2026-09-21T16:20:20Z,60966,546.3,1000,1000,4,3897551796,4,200,2.0
2026-09-21T16:20:50Z,60996,550.4,1000,1000,4,3899437163,4,200,0.8
2026-09-21T16:21:20Z,61026,536.9,1000,1000,4,3901316285,4,200,0.7
2026-09-21T16:21:51Z,61056,553.1,1000,1000,4,3903258342,4,200,0.6
2026-09-21T16:22:20Z,61086,520.5,1000,1000,4,3905137461,4,200,0.6
2026-09-21T16:22:50Z,61116,534.2,1000,1000,4,3907015582,4,200,0.5
2026-09-21T16:23:20Z,61146,545.3,1000,1000,4,3908958637,4,200,0.6
2026-09-21T16:23:50Z,61176,538.9,1000,1000,4,3910836758,4,200,0.5
2026-09-21T16:24:20Z,61206,512.8,1000,1000,4,3912715877,4,200,1.0
2026-09-21T16:24:50Z,61236,525.7,1000,1000,4,3914655638,4,200,2.0
2026-09-21T16:25:20Z,61266,517.4,1000,1000,4,3916545045,4,200,1.6
2026-09-21T16:25:50Z,61296,547.3,1000,1000,4,3918423166,4,200,0.6
2026-09-21T16:26:21Z,61326,535.0,1000,1000,4,3920365609,4,200,0.7
2026-09-21T16:26:50Z,61356,529.0,1000,1000,4,3922248977,4,200,0.6
2026-09-21T16:27:20Z,61386,542.3,1000,1000,4,3924130587,4,200,0.6
2026-09-21T16:27:51Z,61416,551.0,1000,1000,4,3926073510,4,200,1.1
2026-09-21T16:28:20Z,61446,554.5,1000,1000,4,3927952629,4,200,1.3
2026-09-21T16:28:50Z,61476,539.9,1000,1000,4,3929830750,4,200,0.7
2026-09-21T16:29:21Z,61506,507.9,1000,1000,4,3931773805,4,200,0.5
2026-09-21T16:29:50Z,61536,531.5,1000,1000,4,3933651926,4,200,1.0
2026-09-21T16:30:20Z,61566,544.3,1000,1000,4,3935531045,4,200,0.5
2026-09-21T16:30:51Z,61596,528.0,1000,1000,4,3937473102,4,200,0.7
2026-09-21T16:31:20Z,61626,520.5,1000,1000,4,3939352221,4,200,0.5
2026-09-21T16:31:50Z,61656,543.8,1000,1000,4,3941230342,4,200,0.7
2026-09-21T16:32:21Z,61686,563.1,1000,1000,4,3943173397,4,200,0.5
2026-09-21T16:32:50Z,61716,516.0,1000,1000,4,3945051518,4,200,1.0
2026-09-21T16:33:20Z,61746,516.6,1000,1000,4,3946930637,4,200,0.6
2026-09-21T16:33:51Z,61776,528.3,1000,1000,4,3948873029,4,200,2.5
2026-09-21T16:34:20Z,61806,499.0,1000,1000,4,3950751813,4,200,2.1
2026-09-21T16:34:50Z,61836,528.3,1000,1000,4,3952629934,4,200,0.7
2026-09-21T16:35:21Z,61866,525.1,1000,1000,4,3954572989,4,200,0.6
2026-09-21T16:35:50Z,61896,542.1,1000,1000,4,3956451110,4,200,1.1
2026-09-21T16:36:20Z,61926,529.3,1000,1000,4,3958330229,4,200,0.7
2026-09-21T16:36:50Z,61956,520.2,1000,1000,4,3960272286,4,200,2.0
2026-09-21T16:37:20Z,61986,521.5,1000,1000,4,3962151405,4,200,0.5
2026-09-21T16:37:50Z,62016,567.0,1000,1000,4,3964033848,4,200,0.7
2026-09-21T16:38:20Z,62046,515.4,1000,1000,4,3965972581,4,200,0.5
2026-09-21T16:38:50Z,62076,554.7,1000,1000,4,3967850711,4,200,17.3
2026-09-21T16:39:20Z,62106,549.8,1000,1000,4,3970759790,4,200,2.8
2026-09-21T16:39:51Z,62136,550.4,1000,1000,4,3972701847,4,200,0.7
2026-09-21T16:40:20Z,62166,544.3,1000,1000,4,3974581965,4,200,0.5
2026-09-21T16:40:50Z,62196,559.6,1000,1000,4,3976459087,4,200,0.7
2026-09-21T16:41:21Z,62226,556.3,1000,1000,4,3978403141,4,200,2.3
2026-09-21T16:41:50Z,62256,528.6,1000,1000,4,3980281262,4,200,0.6
2026-09-21T16:42:20Z,62286,550.7,1000,1000,4,3982160381,4,200,0.7
2026-09-21T16:42:51Z,62316,558.4,1000,1000,4,3984102438,4,200,2.1
2026-09-21T16:43:20Z,62346,541.7,1000,1000,4,3985981557,4,200,0.5
2026-09-21T16:43:50Z,62376,561.6,1000,1000,4,3987859678,4,200,0.6
2026-09-21T16:44:21Z,62406,527.6,1000,1000,4,3989802733,4,200,0.6
2026-09-21T16:44:50Z,62436,549.2,1000,1000,4,3991680854,4,200,0.7
2026-09-21T16:45:20Z,62466,526.4,1000,1000,4,3993559973,4,200,0.6
2026-09-21T16:45:50Z,62496,557.5,1000,1000,4,3995502030,4,200,0.5
2026-09-21T16:46:20Z,62526,515.1,1000,1000,4,3997381149,4,200,0.8
2026-09-21T16:46:50Z,62556,536.3,1000,1000,4,3999259270,4,200,0.5
2026-09-21T16:47:20Z,62586,511.9,1000,1000,4,4001199891,4,200,14.7
2026-09-21T16:47:50Z,62616,533.8,1000,1000,4,4003080446,4,200,0.5
2026-09-21T16:48:20Z,62646,519.0,1000,1000,4,4004959565,4,200,0.7
2026-09-21T16:48:50Z,62676,553.7,1000,1000,4,4006898308,4,200,33.0
2026-09-21T16:49:20Z,62706,531.4,1000,1000,4,4008788733,4,200,0.9
2026-09-21T16:49:50Z,62736,565.3,1000,1000,4,4010666854,4,200,0.8
2026-09-21T16:50:20Z,62766,558.4,1000,1000,4,4012609909,4,200,0.6
2026-09-21T16:50:50Z,62796,517.2,1000,1000,4,4014488030,4,200,0.6
2026-09-21T16:51:20Z,62826,561.4,1000,1000,4,4016367149,4,200,0.7
2026-09-21T16:51:50Z,62856,566.6,1000,1000,4,4018307755,4,200,1.0
2026-09-21T16:52:20Z,62886,538.1,1000,1000,4,4020193709,4,200,0.8
2026-09-21T16:52:50Z,62916,561.2,1000,1000,4,4022074438,4,200,3.1
2026-09-21T16:53:21Z,62946,561.2,1000,1000,4,4024017493,4,200,0.7
2026-09-21T16:53:50Z,62976,533.8,1000,1000,4,4025895614,4,200,0.7
2026-09-21T16:54:20Z,63006,552.4,1000,1000,4,4027774733,4,200,0.7
2026-09-21T16:54:51Z,63036,521.9,1000,1000,4,4029716790,4,200,0.4
2026-09-21T16:55:20Z,63066,551.6,1000,1000,4,4031595909,4,200,0.7
2026-09-21T16:55:50Z,63096,541.6,1000,1000,4,4033474030,4,200,0.5
2026-09-21T16:56:20Z,63126,541.6,1000,1000,4,4035414100,4,200,17.4
2026-09-21T16:56:50Z,63156,520.2,1000,1000,4,4037295206,4,200,0.7
2026-09-21T16:57:20Z,63186,566.1,1000,1000,4,4039174325,4,200,0.7
2026-09-21T16:57:50Z,63216,570.1,1000,1000,4,4041112762,4,200,65.8
2026-09-21T16:58:20Z,63246,540.5,1000,1000,4,4043003493,4,200,2.4
2026-09-21T16:58:50Z,63276,532.6,1000,1000,4,4044881614,4,200,1.6
2026-09-21T16:59:21Z,63306,566.1,1000,1000,4,4046824669,4,200,0.6
2026-09-21T16:59:50Z,63336,504.2,1000,1000,4,4048702790,4,200,0.6
2026-09-21T17:00:20Z,63366,512.1,1000,1000,4,4050581909,4,200,0.9
2026-09-21T17:00:50Z,63396,571.1,1000,1000,4,4052526264,4,200,1.3
2026-09-21T17:01:20Z,63426,553.3,1000,1000,4,4054403085,4,200,0.7
2026-09-21T17:01:50Z,63456,540.6,1000,1000,4,4056281206,4,200,0.5
2026-09-21T17:02:20Z,63486,536.0,1000,1000,4,4058221104,4,200,1.6
2026-09-21T17:02:50Z,63516,556.2,1000,1000,4,4060107445,4,200,0.6
2026-09-21T17:03:20Z,63546,512.1,1000,1000,4,4061989493,4,200,0.4
2026-09-21T17:03:51Z,63576,571.6,1000,1000,4,4063928863,4,200,1.5
2026-09-21T17:04:20Z,63606,539.0,1000,1000,4,4065810669,4,200,0.5
2026-09-21T17:04:50Z,63636,524.1,1000,1000,4,4067688790,4,200,0.8
2026-09-21T17:05:21Z,63666,571.7,1000,1000,4,4069631845,4,200,0.5
2026-09-21T17:05:50Z,63696,564.0,1000,1000,4,4071509966,4,200,0.7
2026-09-21T17:06:20Z,63726,507.1,1000,1000,4,4073389085,4,200,0.7
2026-09-21T17:06:50Z,63756,534.6,1000,1000,4,4075331142,4,200,0.9
2026-09-21T17:07:20Z,63786,508.0,1000,1000,4,4077210261,4,200,0.7
2026-09-21T17:07:50Z,63816,549.8,1000,1000,4,4079088382,4,200,0.8
2026-09-21T17:08:20Z,63846,552.4,1000,1000,4,4081029729,4,200,2.1
2026-09-21T17:08:50Z,63876,566.9,1000,1000,4,4082909558,4,200,0.8
2026-09-21T17:09:20Z,63906,544.3,1000,1000,4,4085810654,4,200,0.5
2026-09-21T17:09:50Z,63936,569.1,1000,1000,4,4087752711,4,200,1.4
2026-09-21T17:10:20Z,63966,536.6,1000,1000,4,4089631830,4,200,0.8
2026-09-21T17:10:50Z,63996,517.9,1000,1000,4,4091513989,4,200,0.7
2026-09-21T17:11:20Z,64026,549.4,1000,1000,4,4093450888,4,200,0.5
2026-09-21T17:11:50Z,64056,526.4,1000,1000,4,4095331127,4,200,0.7
2026-09-21T17:12:20Z,64086,508.9,1000,1000,4,4097210246,4,200,0.5
2026-09-21T17:12:50Z,64116,558.3,1000,1000,4,4099150767,4,200,17.3
2026-09-21T17:13:20Z,64146,520.6,1000,1000,4,4101039414,4,200,1.7
2026-09-21T17:13:50Z,64176,517.1,1000,1000,4,4102917535,4,200,1.2
2026-09-21T17:14:20Z,64206,507.9,1000,1000,4,4104858564,4,200,0.5
2026-09-21T17:14:50Z,64236,519.7,1000,1000,4,4106737828,4,200,1.9
2026-09-21T17:15:20Z,64266,516.4,1000,1000,4,4108617471,4,200,1.0
2026-09-21T17:15:50Z,64296,524.7,1000,1000,4,4110557804,4,200,0.7
2026-09-21T17:16:20Z,64326,535.9,1000,1000,4,4112439006,4,200,0.9
2026-09-21T17:16:50Z,64356,563.3,1000,1000,4,4114317127,4,200,1.4
2026-09-21T17:17:20Z,64386,547.0,1000,1000,4,4116258413,4,200,34.6
2026-09-21T17:17:50Z,64416,520.8,1000,1000,4,4118138303,4,200,0.6
2026-09-21T17:18:20Z,64446,533.5,1000,1000,4,4120021303,4,200,0.8
2026-09-21T17:18:50Z,64476,543.1,1000,1000,4,4121957604,4,200,50.4
2026-09-21T17:19:20Z,64506,525.1,1000,1000,4,4123846590,4,200,1.4
2026-09-21T17:19:50Z,64536,564.2,1000,1000,4,4125724711,4,200,0.8
2026-09-21T17:20:20Z,64566,530.0,1000,1000,4,4127667766,4,200,0.6
2026-09-21T17:20:50Z,64596,536.8,1000,1000,4,4129545887,4,200,0.5
2026-09-21T17:21:20Z,64626,527.0,1000,1000,4,4131425006,4,200,0.7
2026-09-21T17:21:50Z,64656,519.7,1000,1000,4,4133367063,4,200,0.6
2026-09-21T17:22:20Z,64686,510.0,1000,1000,4,4135246182,4,200,0.8
2026-09-21T17:22:50Z,64716,507.7,1000,1000,4,4137128739,4,200,0.5
2026-09-21T17:23:20Z,64746,547.6,1000,1000,4,4139065220,4,200,16.6
2026-09-21T17:23:50Z,64776,527.3,1000,1000,4,4140945479,4,200,0.5
2026-09-21T17:24:20Z,64806,530.8,1000,1000,4,4142830449,4,200,0.7
2026-09-21T17:24:51Z,64836,539.2,1000,1000,4,4144766230,4,200,33.9
2026-09-21T17:25:20Z,64866,538.1,1000,1000,4,4146653766,4,200,0.9
2026-09-21T17:25:50Z,64896,507.0,1000,1000,4,4148531887,4,200,0.8
2026-09-21T17:26:21Z,64926,527.8,1000,1000,4,4150474942,4,200,0.7
2026-09-21T17:26:50Z,64956,534.7,1000,1000,4,4152353063,4,200,0.5
2026-09-21T17:27:20Z,64986,538.8,1000,1000,4,4154232182,4,200,0.8
2026-09-21T17:27:50Z,65016,549.6,1000,1000,4,4156171884,4,200,13.1
2026-09-21T17:28:20Z,65046,476.7,1000,1000,4,4158059003,4,200,0.5
2026-09-21T17:28:50Z,65076,561.7,1000,1000,4,4159938948,4,200,0.7
2026-09-21T17:29:21Z,65106,527.5,1000,1000,4,4161877813,4,200,1.6
2026-09-21T17:29:50Z,65136,511.1,1000,1000,4,4163760647,4,200,1.0
2026-09-21T17:30:20Z,65166,538.0,1000,1000,4,4165639766,4,200,0.5
2026-09-21T17:30:51Z,65196,526.3,1000,1000,4,4167581823,4,200,0.7
2026-09-21T17:31:20Z,65226,524.6,1000,1000,4,4169460942,4,200,0.7
2026-09-21T17:31:50Z,65256,557.3,1000,1000,4,4171339063,4,200,1.0
2026-09-21T17:32:21Z,65286,525.5,1000,1000,4,4173282118,4,200,0.5
2026-09-21T17:32:50Z,65316,532.4,1000,1000,4,4175160239,4,200,0.8
2026-09-21T17:33:20Z,65346,521.6,1000,1000,4,4177039358,4,200,0.7
2026-09-21T17:33:50Z,65376,545.5,1000,1000,4,4178981809,4,200,0.6
2026-09-21T17:34:20Z,65406,534.9,1000,1000,4,4180860534,4,200,0.6
2026-09-21T17:34:50Z,65436,543.2,1000,1000,4,4182738655,4,200,0.6
2026-09-21T17:35:20Z,65466,531.0,1000,1000,4,4184679504,4,200,36.3
2026-09-21T17:35:50Z,65496,528.9,1000,1000,4,4186567811,4,200,1.6
2026-09-21T17:36:20Z,65526,532.3,1000,1000,4,4188446942,4,200,0.5
2026-09-21T17:36:51Z,65556,531.7,1000,1000,4,4190388999,4,200,0.8
2026-09-21T17:37:20Z,65586,510.8,1000,1000,4,4192268118,4,200,0.6
2026-09-21T17:37:50Z,65616,539.1,1000,1000,4,4194146239,4,200,0.7
2026-09-21T17:38:20Z,65646,519.6,1000,1000,4,4196089294,4,200,1.3
2026-09-21T17:38:50Z,65676,528.2,1000,1000,4,4197967415,4,200,0.7
2026-09-21T17:39:20Z,65706,527.9,1000,1000,4,4200851528,4,200,1.8
2026-09-21T17:39:51Z,65736,511.2,1000,1000,4,4202793575,4,200,3.8
2026-09-21T17:40:20Z,65766,510.7,1000,1000,4,4204672704,4,200,0.6
2026-09-21T17:40:50Z,65796,570.3,1000,1000,4,4206550825,4,200,0.6
2026-09-21T17:41:21Z,65826,539.1,1000,1000,4,4208493880,4,200,0.7
2026-09-21T17:41:50Z,65856,553.8,1000,1000,4,4210372001,4,200,0.7
2026-09-21T17:42:20Z,65886,552.6,1000,1000,4,4212251120,4,200,0.8
2026-09-21T17:42:51Z,65916,583.3,1000,1000,4,4214193177,4,200,0.6
2026-09-21T17:43:20Z,65946,514.1,1000,1000,4,4216072296,4,200,0.8
2026-09-21T17:43:50Z,65976,521.5,1000,1000,4,4217950417,4,200,0.8
2026-09-21T17:44:21Z,66006,544.0,1000,1000,4,4219894896,4,200,1.1
2026-09-21T17:44:50Z,66036,518.2,1000,1000,4,4221771593,4,200,0.5
2026-09-21T17:45:20Z,66066,524.5,1000,1000,4,4223650712,4,200,0.9
2026-09-21T17:45:51Z,66096,534.7,1000,1000,4,4225589465,4,200,1.1
2026-09-21T17:46:20Z,66126,506.3,1000,1000,4,4227471888,4,200,1.0
2026-09-21T17:46:50Z,66156,534.5,1000,1000,4,4229350009,4,200,0.5
2026-09-21T17:47:21Z,66186,551.2,1000,1000,4,4231293064,4,200,0.7
2026-09-21T17:47:50Z,66216,514.8,1000,1000,4,4233171185,4,200,0.6
2026-09-21T17:48:20Z,66246,542.1,1000,1000,4,4235050304,4,200,1.1
2026-09-21T17:48:50Z,66276,579.1,1000,1000,4,4236992361,4,200,0.4
2026-09-21T17:49:20Z,66306,506.6,1000,1000,4,4238871480,4,200,0.7
2026-09-21T17:49:50Z,66336,540.4,1000,1000,4,4240749601,4,200,0.5
2026-09-21T17:50:20Z,66366,505.6,1000,1000,4,4242692656,4,200,1.0
2026-09-21T17:50:50Z,66396,546.7,1000,1000,4,4244570777,4,200,0.5
2026-09-21T17:51:20Z,66426,525.9,1000,1000,4,4246449896,4,200,0.8
2026-09-21T17:51:50Z,66456,546.3,1000,1000,4,4248391953,4,200,0.5
2026-09-21T17:52:20Z,66486,537.7,1000,1000,4,4250271072,4,200,0.8
2026-09-21T17:52:50Z,66516,520.3,1000,1000,4,4252149193,4,200,0.7
2026-09-21T17:53:21Z,66546,533.9,1000,1000,4,4254090561,4,200,50.4
2026-09-21T17:53:50Z,66576,518.4,1000,1000,4,4255978361,4,200,0.8
2026-09-21T17:54:20Z,66606,546.1,1000,1000,4,4257857480,4,200,1.8
2026-09-21T17:54:51Z,66636,551.6,1000,1000,4,4259799537,4,200,0.4
2026-09-21T17:55:20Z,66666,523.0,1000,1000,4,4261678656,4,200,0.7
2026-09-21T17:55:50Z,66696,548.2,1000,1000,4,4263556777,4,200,0.5
2026-09-21T17:56:20Z,66726,531.2,1000,1000,4,4265499832,4,200,1.3
2026-09-21T17:56:50Z,66756,552.5,1000,1000,4,4267377953,4,200,0.4
2026-09-21T17:57:20Z,66786,536.6,1000,1000,4,4269257072,4,200,0.6
2026-09-21T17:57:51Z,66816,563.1,1000,1000,4,4271197735,4,200,8.7
2026-09-21T17:58:20Z,66846,553.5,1000,1000,4,4273086240,4,200,1.2
2026-09-21T17:58:50Z,66876,534.2,1000,1000,4,4274964361,4,200,0.7
2026-09-21T17:59:21Z,66906,549.2,1000,1000,4,4276907416,4,200,0.5
2026-09-21T17:59:50Z,66936,521.5,1000,1000,4,4278785537,4,200,0.8
2026-09-21T18:00:20Z,66966,507.9,1000,1000,4,4280664656,4,200,0.5
2026-09-21T18:00:50Z,66996,546.1,1000,1000,4,4282606713,4,200,0.8
2026-09-21T18:01:20Z,67026,518.4,1000,1000,4,4284485832,4,200,0.5
2026-09-21T18:01:50Z,67056,514.1,1000,1000,4,4286363953,4,200,1.0
2026-09-21T18:02:20Z,67086,558.2,1000,1000,4,4288307008,4,200,0.5
2026-09-21T18:02:50Z,67116,510.5,1000,1000,4,4290185129,4,200,0.6
2026-09-21T18:03:20Z,67146,511.3,1000,1000,4,4292064248,4,200,0.5
2026-09-21T18:03:50Z,67176,559.8,1000,1000,4,4294003943,4,200,26.5
2026-09-21T18:04:20Z,67206,538.8,1000,1000,4,4295890116,4,200,0.7
2026-09-21T18:04:50Z,67236,506.8,1000,1000,4,4297769160,4,200,0.8
2026-09-21T18:05:20Z,67266,560.8,1000,1000,4,4299706600,4,200,0.5
2026-09-21T18:05:50Z,67296,498.4,1000,1000,4,4301584721,4,200,0.8
2026-09-21T18:06:20Z,67326,563.6,1000,1000,4,4303463840,4,200,0.6
2026-09-21T18:06:50Z,67356,534.6,1000,1000,4,4305405897,4,200,0.8
2026-09-21T18:07:20Z,67386,519.7,1000,1000,4,4307285016,4,200,0.6
2026-09-21T18:07:51Z,67416,551.7,1000,1000,4,4309227073,4,200,0.7
2026-09-21T18:08:20Z,67446,534.3,1000,1000,4,4311110357,4,200,0.5
2026-09-21T18:08:50Z,67476,514.1,1000,1000,4,4312996697,4,200,0.6
2026-09-21T18:09:20Z,67506,564.3,1000,1000,4,4314871424,4,200,3.3
2026-09-21T18:09:51Z,67536,533.7,1000,1000,4,4317847643,4,200,2.5
2026-09-21T18:10:20Z,67566,547.2,1000,1000,4,4319726565,4,200,0.5
2026-09-21T18:10:50Z,67596,511.6,1000,1000,4,4321609865,4,200,0.7
2026-09-21T18:11:21Z,67626,502.0,1000,1000,4,4323547741,4,200,0.7
2026-09-21T18:11:50Z,67656,506.7,1000,1000,4,4325425862,4,200,0.6
2026-09-21T18:12:20Z,67686,520.9,1000,1000,4,4327304981,4,200,0.5
2026-09-21T18:12:51Z,67716,562.7,1000,1000,4,4329250067,4,200,2.2
2026-09-21T18:13:20Z,67746,514.2,1000,1000,4,4331126157,4,200,0.5
2026-09-21T18:13:50Z,67776,532.1,1000,1000,4,4333004278,4,200,0.8
2026-09-21T18:14:21Z,67806,563.3,1000,1000,4,4334945331,4,200,3.0
2026-09-21T18:14:50Z,67836,518.1,1000,1000,4,4336825454,4,200,0.6
2026-09-21T18:15:20Z,67866,541.1,1000,1000,4,4338704573,4,200,0.9
2026-09-21T18:15:51Z,67896,524.0,1000,1000,4,4340646630,4,200,0.8
2026-09-21T18:16:20Z,67926,524.8,1000,1000,4,4342525749,4,200,0.5
2026-09-21T18:16:50Z,67956,522.6,1000,1000,4,4344403870,4,200,0.7
2026-09-21T18:17:20Z,67986,534.9,1000,1000,4,4346351548,4,200,1.0
2026-09-21T18:17:50Z,68016,530.3,1000,1000,4,4348228613,4,200,1.9
2026-09-21T18:18:20Z,68046,502.8,1000,1000,4,4350111885,4,200,2.8
2026-09-21T18:18:50Z,68076,545.6,1000,1000,4,4352047890,4,200,0.6
2026-09-21T18:19:20Z,68106,522.8,1000,1000,4,4353933333,4,200,1.3
2026-09-21T18:19:50Z,68136,552.8,1000,1000,4,4355811454,4,200,1.2
2026-09-21T18:20:21Z,68166,541.0,1000,1000,4,4357750472,4,200,0.9
2026-09-21T18:20:50Z,68196,533.9,1000,1000,4,4359632630,4,200,0.5
2026-09-21T18:21:20Z,68226,511.8,1000,1000,4,4361511749,4,200,0.8
2026-09-21T18:21:50Z,68256,552.4,1000,1000,4,4363453806,4,200,0.5
2026-09-21T18:22:20Z,68286,509.4,1000,1000,4,4365332925,4,200,0.7
2026-09-21T18:22:50Z,68316,525.9,1000,1000,4,4367211046,4,200,0.6
2026-09-21T18:23:20Z,68346,550.9,1000,1000,4,4369152008,4,200,1.5
2026-09-21T18:23:50Z,68376,546.9,1000,1000,4,4371032222,4,200,0.6
2026-09-21T18:24:20Z,68406,548.6,1000,1000,4,4372911341,4,200,0.9
2026-09-21T18:24:50Z,68436,552.3,1000,1000,4,4374851403,4,200,22.4
2026-09-21T18:25:20Z,68466,520.2,1000,1000,4,4376740453,4,200,3.3
2026-09-21T18:25:50Z,68496,532.7,1000,1000,4,4378618200,4,200,1.5
2026-09-21T18:26:21Z,68526,546.6,1000,1000,4,4380561328,4,200,2.0
2026-09-21T18:26:50Z,68556,539.4,1000,1000,4,4382439806,4,200,0.7
2026-09-21T18:27:20Z,68586,546.5,1000,1000,4,4384323831,4,200,0.8
2026-09-21T18:27:51Z,68616,528.7,1000,1000,4,4386266316,4,200,0.8
2026-09-21T18:28:20Z,68646,546.6,1000,1000,4,4388140101,4,200,1.0
2026-09-21T18:28:50Z,68676,522.5,1000,1000,4,4390026183,4,200,0.7
2026-09-21T18:29:21Z,68706,524.0,1000,1000,4,4391969269,4,200,1.6
2026-09-21T18:29:50Z,68736,523.7,1000,1000,4,4393847390,4,200,0.7
2026-09-21T18:30:20Z,68766,565.8,1000,1000,4,4395726509,4,200,0.7
2026-09-21T18:30:51Z,68796,524.2,1000,1000,4,4397669037,4,200,0.7
2026-09-21T18:31:20Z,68826,515.5,1000,1000,4,4399547685,4,200,1.1
2026-09-21T18:31:50Z,68856,528.5,1000,1000,4,4401425806,4,200,0.5
2026-09-21T18:32:21Z,68886,519.8,1000,1000,4,4403368861,4,200,0.7
2026-09-21T18:32:50Z,68916,496.9,1000,1000,4,4405246982,4,200,0.5
2026-09-21T18:33:20Z,68946,545.9,1000,1000,4,4407126101,4,200,0.6
2026-09-21T18:33:50Z,68976,544.7,1000,1000,4,4409068158,4,200,1.4
2026-09-21T18:34:20Z,69006,520.3,1000,1000,4,4410947277,4,200,0.9
2026-09-21T18:34:50Z,69036,537.3,1000,1000,4,4412825398,4,200,0.5
2026-09-21T18:35:20Z,69066,515.6,1000,1000,4,4414765571,4,200,17.5
2026-09-21T18:35:50Z,69096,508.9,1000,1000,4,4416646574,4,200,0.5
2026-09-21T18:36:20Z,69126,541.8,1000,1000,4,4418525693,4,200,0.5
2026-09-21T18:36:50Z,69156,539.4,1000,1000,4,4420465903,4,200,25.4
2026-09-21T18:37:20Z,69186,536.2,1000,1000,4,4422354857,4,200,1.6
2026-09-21T18:37:50Z,69216,539.9,1000,1000,4,4424232982,4,200,1.1
2026-09-21T18:38:21Z,69246,530.3,1000,1000,4,4426176037,4,200,0.5
2026-09-21T18:38:50Z,69276,533.0,1000,1000,4,4428054158,4,200,1.1
2026-09-21T18:39:20Z,69306,526.5,1000,1000,4,4429933277,4,200,0.6
2026-09-21T18:39:51Z,69336,564.1,1000,1000,4,4432870338,4,200,0.6
2026-09-21T18:40:20Z,69366,505.8,1000,1000,4,4434750456,4,200,0.7
2026-09-21T18:40:50Z,69396,539.1,1000,1000,4,4436628805,4,200,0.9
2026-09-21T18:41:21Z,69426,564.4,1000,1000,4,4438572005,4,200,0.6
2026-09-21T18:41:50Z,69456,570.1,1000,1000,4,4440450383,4,200,0.9
2026-09-21T18:42:20Z,69486,535.9,1000,1000,4,4442328872,4,200,0.6
2026-09-21T18:42:51Z,69516,532.6,1000,1000,4,4444270995,4,200,0.9
2026-09-21T18:43:20Z,69546,540.7,1000,1000,4,4446150048,4,200,0.5
2026-09-21T18:43:50Z,69576,525.8,1000,1000,4,4448028169,4,200,0.7
2026-09-21T18:44:20Z,69606,542.6,1000,1000,4,4449971224,4,200,0.5
2026-09-21T18:44:50Z,69636,523.2,1000,1000,4,4451849345,4,200,1.0
2026-09-21T18:45:20Z,69666,530.2,1000,1000,4,4453728464,4,200,0.5
2026-09-21T18:45:50Z,69696,516.9,1000,1000,4,4455670521,4,200,0.9
2026-09-21T18:46:20Z,69726,561.0,1000,1000,4,4457549640,4,200,0.6
2026-09-21T18:46:50Z,69756,540.2,1000,1000,4,4459427761,4,200,0.8
2026-09-21T18:47:20Z,69786,529.3,1000,1000,4,4461369779,4,200,0.8
2026-09-21T18:47:50Z,69816,548.0,1000,1000,4,4463253324,4,200,0.8
2026-09-21T18:48:20Z,69846,539.9,1000,1000,4,4465135168,4,200,0.8
2026-09-21T18:48:50Z,69876,517.2,1000,1000,4,4467070365,4,200,3.0
2026-09-21T18:49:20Z,69906,531.6,1000,1000,4,4468957224,4,200,0.9
2026-09-21T18:49:50Z,69936,535.9,1000,1000,4,4470835345,4,200,0.7
2026-09-21T18:50:20Z,69966,520.0,1000,1000,4,4472778400,4,200,0.5
2026-09-21T18:50:50Z,69996,531.8,1000,1000,4,4474656521,4,200,1.0
2026-09-21T18:51:20Z,70026,559.7,1000,1000,4,4476535640,4,200,0.6
2026-09-21T18:51:50Z,70056,548.7,1000,1000,4,4478478312,4,200,1.1
2026-09-21T18:52:20Z,70086,515.8,1000,1000,4,4480356816,4,200,0.6
2026-09-21T18:52:50Z,70116,512.1,1000,1000,4,4482234937,4,200,0.7
2026-09-21T18:53:20Z,70146,540.8,1000,1000,4,4484175064,4,200,39.9
2026-09-21T18:53:50Z,70176,540.5,1000,1000,4,4486064095,4,200,1.3
2026-09-21T18:54:20Z,70206,543.0,1000,1000,4,4487943224,4,200,0.5
2026-09-21T18:54:51Z,70236,553.5,1000,1000,4,4489885281,4,200,0.9
2026-09-21T18:55:20Z,70266,532.4,1000,1000,4,4491764400,4,200,0.7
2026-09-21T18:55:50Z,70296,544.5,1000,1000,4,4493642521,4,200,1.8
2026-09-21T18:56:21Z,70326,556.5,1000,1000,4,4495585576,4,200,0.6
2026-09-21T18:56:50Z,70356,532.5,1000,1000,4,4497468910,4,200,0.7
2026-09-21T18:57:20Z,70386,526.8,1000,1000,4,4499350808,4,200,1.8
2026-09-21T18:57:51Z,70416,547.2,1000,1000,4,4501295587,4,200,4.8
2026-09-21T18:58:20Z,70446,530.0,1000,1000,4,4503179962,4,200,1.8
2026-09-21T18:58:50Z,70476,544.8,1000,1000,4,4505058097,4,200,0.8
2026-09-21T18:59:20Z,70506,532.7,1000,1000,4,4506937216,4,200,0.9
2026-09-21T18:59:50Z,70536,556.5,1000,1000,4,4508884225,4,200,109.2
2026-09-21T19:00:20Z,70566,511.3,1000,1000,4,4510766384,4,200,1.0
2026-09-21T19:00:50Z,70596,537.3,1000,1000,4,4512644505,4,200,0.5
2026-09-21T19:01:20Z,70626,523.3,1000,1000,4,4514584620,4,200,16.5
2026-09-21T19:01:50Z,70656,542.4,1000,1000,4,4516472751,4,200,0.9
2026-09-21T19:02:20Z,70686,502.9,1000,1000,4,4518352792,4,200,1.4
2026-09-21T19:02:51Z,70716,557.5,1000,1000,4,4520295279,4,200,1.2
2026-09-21T19:03:20Z,70746,543.1,1000,1000,4,4522173968,4,200,0.7
2026-09-21T19:03:50Z,70776,538.0,1000,1000,4,4524052089,4,200,0.7
2026-09-21T19:04:21Z,70806,521.9,1000,1000,4,4526003136,4,200,1.1
2026-09-21T19:04:50Z,70836,555.4,1000,1000,4,4527881257,4,200,0.6
2026-09-21T19:05:20Z,70866,559.3,1000,1000,4,4529760376,4,200,0.9
2026-09-21T19:05:51Z,70896,514.8,1000,1000,4,4531702433,4,200,1.6
2026-09-21T19:06:20Z,70926,545.8,1000,1000,4,4533581552,4,200,0.7
2026-09-21T19:06:50Z,70956,521.5,1000,1000,4,4535459673,4,200,0.5
2026-09-21T19:07:21Z,70986,549.8,1000,1000,4,4537402728,4,200,1.0
2026-09-21T19:07:50Z,71016,540.7,1000,1000,4,4539280849,4,200,0.6
2026-09-21T19:08:20Z,71046,533.7,1000,1000,4,4541167960,4,200,4.6
2026-09-21T19:08:51Z,71076,522.1,1000,1000,4,4543110017,4,200,0.5
2026-09-21T19:09:20Z,71106,511.6,1000,1000,4,4544989136,4,200,1.1
2026-09-21T19:09:50Z,71136,537.0,1000,1000,4,4547857265,4,200,4.0
2026-09-21T19:10:20Z,71166,538.6,1000,1000,4,4549736385,4,200,2.5
2026-09-21T19:10:50Z,71196,546.4,1000,1000,4,4551686434,4,200,3.5
2026-09-21T19:11:20Z,71226,541.0,1000,1000,4,4553565553,4,200,0.5
2026-09-21T19:11:50Z,71256,524.4,1000,1000,4,4555443674,4,200,0.8
2026-09-21T19:12:20Z,71286,526.6,1000,1000,4,4557384965,4,200,28.6
2026-09-21T19:12:50Z,71316,488.5,1000,1000,4,4559264850,4,200,0.8
2026-09-21T19:13:20Z,71346,520.0,1000,1000,4,4561143969,4,200,0.6
2026-09-21T19:13:50Z,71376,524.9,1000,1000,4,4563084072,4,200,4.4
2026-09-21T19:14:20Z,71406,540.6,1000,1000,4,4564965145,4,200,0.7
2026-09-21T19:14:50Z,71436,539.2,1000,1000,4,4566843266,4,200,0.9
2026-09-21T19:15:20Z,71466,526.8,1000,1000,4,4568783279,4,200,44.4
2026-09-21T19:15:50Z,71496,529.8,1000,1000,4,4570672434,4,200,0.9
2026-09-21T19:16:20Z,71526,517.0,1000,1000,4,4572551553,4,200,1.9
2026-09-21T19:16:50Z,71556,542.1,1000,1000,4,4574493610,4,200,0.7
2026-09-21T19:17:20Z,71586,522.0,1000,1000,4,4576372729,4,200,0.5
2026-09-21T19:17:50Z,71616,525.2,1000,1000,4,4578250850,4,200,0.7
2026-09-21T19:18:20Z,71646,553.4,1000,1000,4,4580193905,4,200,0.5
2026-09-21T19:18:50Z,71676,516.8,1000,1000,4,4582072026,4,200,0.7
2026-09-21T19:19:20Z,71706,550.9,1000,1000,4,4583951145,4,200,0.6
2026-09-21T19:19:50Z,71736,530.7,1000,1000,4,4585889858,4,200,25.0
2026-09-21T19:20:20Z,71766,530.9,1000,1000,4,4587780313,4,200,2.5
2026-09-21T19:20:50Z,71796,510.8,1000,1000,4,4589658434,4,200,0.8
2026-09-21T19:21:20Z,71826,532.9,1000,1000,4,4591601489,4,200,1.2
2026-09-21T19:21:50Z,71856,546.7,1000,1000,4,4593479610,4,200,0.7
2026-09-21T19:22:20Z,71886,545.2,1000,1000,4,4595358729,4,200,0.7
2026-09-21T19:22:50Z,71916,522.4,1000,1000,4,4597297366,4,200,1.0
2026-09-21T19:23:20Z,71946,516.8,1000,1000,4,4599179905,4,200,0.5
2026-09-21T19:23:50Z,71976,564.9,1000,1000,4,4601058026,4,200,0.8
2026-09-21T19:24:20Z,72006,553.8,1000,1000,4,4602998775,4,200,19.3
2026-09-21T19:24:50Z,72036,526.2,1000,1000,4,4604886425,4,200,1.4
2026-09-21T19:25:20Z,72066,540.9,1000,1000,4,4606766313,4,200,0.4
2026-09-21T19:25:51Z,72096,530.4,1000,1000,4,4608707957,4,200,4.8
2026-09-21T19:26:20Z,72126,515.6,1000,1000,4,4610595481,4,200,0.7
2026-09-21T19:26:50Z,72156,548.3,1000,1000,4,4612473602,4,200,0.6
2026-09-21T19:27:21Z,72186,561.3,1000,1000,4,4614416657,4,200,0.7
2026-09-21T19:27:50Z,72216,558.0,1000,1000,4,4616294778,4,200,1.8
2026-09-21T19:28:20Z,72246,507.1,1000,1000,4,4618173897,4,200,0.7
2026-09-21T19:28:51Z,72276,540.3,1000,1000,4,4620117862,4,200,1.5
2026-09-21T19:29:20Z,72306,506.3,1000,1000,4,4621995073,4,200,1.0
2026-09-21T19:29:50Z,72336,500.2,1000,1000,4,4623873194,4,200,0.5
2026-09-21T19:30:21Z,72366,544.9,1000,1000,4,4625816249,4,200,0.7
2026-09-21T19:30:50Z,72396,544.9,1000,1000,4,4627694370,4,200,0.6
2026-09-21T19:31:20Z,72426,527.4,1000,1000,4,4629573489,4,200,0.8
2026-09-21T19:31:51Z,72456,572.3,1000,1000,4,4631515546,4,200,0.8
2026-09-21T19:32:20Z,72486,520.0,1000,1000,4,4633394665,4,200,0.8
2026-09-21T19:32:50Z,72516,504.2,1000,1000,4,4635272786,4,200,0.5
2026-09-21T19:33:20Z,72546,502.2,1000,1000,4,4637213561,4,200,6.8
2026-09-21T19:33:50Z,72576,512.3,1000,1000,4,4639093962,4,200,0.6
2026-09-21T19:34:20Z,72606,547.2,1000,1000,4,4640973081,4,200,0.6
2026-09-21T19:34:50Z,72636,535.3,1000,1000,4,4642912262,4,200,40.7
2026-09-21T19:35:20Z,72666,531.5,1000,1000,4,4644802249,4,200,1.0
2026-09-21T19:35:50Z,72696,525.9,1000,1000,4,4646680370,4,200,0.5
2026-09-21T19:36:20Z,72726,581.0,1000,1000,4,4648623425,4,200,0.8
2026-09-21T19:36:50Z,72756,533.2,1000,1000,4,4650501546,4,200,0.6
2026-09-21T19:37:20Z,72786,510.0,1000,1000,4,4652380665,4,200,0.8
2026-09-21T19:37:50Z,72816,555.5,1000,1000,4,4654319788,4,200,15.8
2026-09-21T19:38:20Z,72846,520.5,1000,1000,4,4656201841,4,200,0.7
2026-09-21T19:38:50Z,72876,516.1,1000,1000,4,4658079962,4,200,0.4
2026-09-21T19:39:20Z,72906,539.7,1000,1000,4,4660023017,4,200,0.7
2026-09-21T19:39:50Z,72936,529.9,999,999,5,4661924992,5,200,135.2
2026-09-21T19:40:20Z,72966,514.7,999,999,5,4663811233,5,200,1.0
2026-09-21T19:40:50Z,72996,538.3,999,999,5,4665695457,5,200,0.9
2026-09-21T19:41:21Z,73027,551.4,999,999,5,4667643705,5,200,0.9
2026-09-21T19:41:52Z,73057,586.4,1000,1000,5,4669601055,5,200,2.0
2026-09-21T19:42:21Z,73087,526.1,1000,1000,5,4672469705,5,200,118.8
2026-09-21T19:42:51Z,73117,536.1,1000,1000,5,4674356287,5,200,0.5
2026-09-21T19:43:21Z,73147,517.9,1000,1000,5,4676234478,5,200,1.0
2026-09-21T19:43:51Z,73177,544.6,1000,1000,5,4678171226,5,200,0.7
2026-09-21T19:44:21Z,73207,511.4,1000,1000,5,4680056667,5,200,0.6
2026-09-21T19:44:51Z,73237,552.7,1000,1000,5,4681934934,5,200,0.9
2026-09-21T19:45:21Z,73267,549.0,1000,1000,5,4683877995,5,200,57.6
2026-09-21T19:45:51Z,73297,527.2,1000,1000,5,4685765624,5,200,1.0
2026-09-21T19:46:21Z,73327,533.8,1000,1000,5,4687644745,5,200,0.7
2026-09-21T19:46:52Z,73357,519.8,1000,1000,5,4689584991,5,200,0.8
2026-09-21T19:47:21Z,73387,553.2,1000,1000,5,4691465921,5,200,0.7
2026-09-21T19:47:51Z,73417,537.6,1000,1000,5,4693351903,5,200,2.0
2026-09-21T19:48:22Z,73447,531.9,1000,1000,5,4695295064,5,200,0.7
2026-09-21T19:48:51Z,73477,532.6,1000,1000,5,4697173210,5,200,2.8
2026-09-21T19:49:21Z,73507,508.8,1000,1000,5,4699052329,5,200,0.5
2026-09-21T19:49:52Z,73537,549.0,1000,1000,5,4700995629,5,200,4.1
2026-09-21T19:50:21Z,73567,504.4,1000,1000,5,4702873505,5,200,0.6
2026-09-21T19:50:51Z,73597,545.4,1000,1000,5,4704751626,5,200,0.9
2026-09-21T19:51:22Z,73627,540.1,1000,1000,5,4706694379,5,200,2.8
2026-09-21T19:51:51Z,73657,522.7,1000,1000,5,4708572802,5,200,0.8
2026-09-21T19:52:21Z,73687,524.3,1000,1000,5,4710451921,5,200,0.5
2026-09-21T19:52:51Z,73717,549.4,1000,1000,5,4712393978,5,200,0.9
2026-09-21T19:53:21Z,73747,521.7,1000,1000,5,4714273097,5,200,0.7
2026-09-21T19:53:51Z,73777,550.8,1000,1000,5,4716151218,5,200,0.7
2026-09-21T19:54:21Z,73807,519.8,1000,1000,5,4718092882,5,200,7.9
2026-09-21T19:54:51Z,73837,558.0,1000,1000,5,4719972394,5,200,1.0
2026-09-21T19:55:21Z,73867,504.0,1000,1000,5,4721859505,5,200,1.4
2026-09-21T19:55:51Z,73897,535.8,1000,1000,5,4723801562,5,200,1.1
2026-09-21T19:56:21Z,73927,536.4,1000,1000,5,4725680681,5,200,0.6
2026-09-21T19:56:51Z,73957,511.4,1000,1000,5,4727564381,5,200,1.2
2026-09-21T19:57:22Z,73987,505.5,1000,1000,5,4729507620,5,200,0.7
2026-09-21T19:57:51Z,74017,512.2,1000,1000,5,4731385295,5,200,0.7
2026-09-21T19:58:21Z,74047,502.4,1000,1000,5,4733259097,5,200,0.7
2026-09-21T19:58:51Z,74077,540.9,1000,1000,5,4735199661,5,200,14.3
2026-09-21T19:59:21Z,74107,533.3,1000,1000,5,4737086060,5,200,1.0
2026-09-21T19:59:51Z,74137,526.6,1000,1000,5,4738966386,5,200,1.8
2026-09-21T20:00:22Z,74167,527.7,1000,1000,5,4740909441,5,200,0.5
2026-09-21T20:00:51Z,74197,531.9,1000,1000,5,4742787562,5,200,1.2
2026-09-21T20:01:21Z,74227,546.5,1000,1000,5,4744666681,5,200,0.6
2026-09-21T20:01:51Z,74257,565.4,1000,1000,5,4746608738,5,200,1.3
2026-09-21T20:02:21Z,74287,524.0,1000,1000,5,4748487857,5,200,1.3
2026-09-21T20:02:51Z,74317,534.9,1000,1000,5,4750365978,5,200,0.6
2026-09-21T20:03:21Z,74347,523.5,1000,1000,5,4752309033,5,200,0.7
2026-09-21T20:03:51Z,74377,520.3,1000,1000,5,4754187154,5,200,0.4
2026-09-21T20:04:21Z,74407,542.2,1000,1000,5,4756066273,5,200,1.0
2026-09-21T20:04:51Z,74437,520.6,1000,1000,5,4758007495,5,200,2.3
2026-09-21T20:05:21Z,74467,515.2,1000,1000,5,4759893405,5,200,1.3
2026-09-21T20:05:51Z,74497,534.9,1000,1000,5,4761771008,5,200,1.3
2026-09-21T20:06:21Z,74527,500.4,1000,1000,5,4763713049,5,200,0.9
2026-09-21T20:06:51Z,74557,542.7,1000,1000,5,4765586746,5,200,0.5
2026-09-21T20:07:21Z,74587,546.3,1000,1000,5,4767473857,5,200,1.1
2026-09-21T20:07:51Z,74617,508.7,1000,1000,5,4769415914,5,200,0.5
2026-09-21T20:08:21Z,74647,536.9,1000,1000,5,4771295033,5,200,0.8
2026-09-21T20:08:51Z,74677,545.4,1000,1000,5,4773173154,5,200,0.5
2026-09-21T20:09:22Z,74707,545.8,1000,1000,5,4775116317,5,200,37.2
2026-09-21T20:09:51Z,74737,550.0,1000,1000,5,4776999701,5,200,0.6
2026-09-21T20:10:21Z,74767,511.4,1000,1000,5,4778881441,5,200,0.7
2026-09-21T20:10:52Z,74797,553.6,1000,1000,5,4780821564,5,200,0.6
2026-09-21T20:11:21Z,74827,543.6,1000,1000,5,4782702617,5,200,0.8
2026-09-21T20:11:51Z,74857,508.8,1000,1000,5,4784580738,5,200,0.5
2026-09-21T20:12:22Z,74887,511.9,1000,1000,5,4787510805,5,200,1.4
2026-09-21T20:12:51Z,74917,549.1,1000,1000,5,4789394197,5,200,2.0
2026-09-21T20:13:21Z,74947,535.5,1000,1000,5,4791276037,5,200,1.0
2026-09-21T20:13:51Z,74977,523.0,1000,1000,5,4793159635,5,200,0.8
2026-09-21T20:14:21Z,75007,526.8,1000,1000,5,4795094692,5,200,5.4
2026-09-21T20:14:51Z,75037,537.3,1000,1000,5,4796983323,5,200,1.1
2026-09-21T20:15:21Z,75067,536.5,1000,1000,5,4798862445,5,200,1.0
2026-09-21T20:15:51Z,75097,542.9,1000,1000,5,4800794194,5,200,1.3
2026-09-21T20:16:21Z,75127,525.2,1000,1000,5,4802683621,5,200,0.8
2026-09-21T20:16:51Z,75157,575.3,1000,1000,5,4804561742,5,200,0.4
2026-09-21T20:17:21Z,75187,538.9,1000,1000,5,4806504797,5,200,1.8
2026-09-21T20:17:51Z,75217,525.0,1000,1000,5,4808382918,5,200,0.5
2026-09-21T20:18:21Z,75247,539.0,1000,1000,5,4810256370,5,200,3.0
2026-09-21T20:18:51Z,75277,544.0,1000,1000,5,4812156142,5,200,0.7
2026-09-21T20:19:21Z,75307,532.4,1000,1000,5,4814099197,5,200,0.5
2026-09-21T20:19:51Z,75337,503.1,1000,1000,5,4815977318,5,200,0.8
2026-09-21T20:20:22Z,75368,504.2,1000,1000,5,4817920373,5,200,0.5
2026-09-21T20:20:52Z,75398,567.0,1000,1000,5,4819867952,5,200,108.6
2026-09-21T20:21:22Z,75428,522.2,1000,1000,5,4821749541,5,200,0.6
2026-09-21T20:21:52Z,75458,536.9,1000,1000,5,4823627662,5,200,0.9
2026-09-21T20:22:23Z,75488,521.1,1000,1000,5,4825568672,5,200,63.7
2026-09-21T20:22:52Z,75518,523.8,1000,1000,5,4827456786,5,200,1.0
2026-09-21T20:23:22Z,75548,516.9,1000,1000,5,4829335949,5,200,0.5
2026-09-21T20:23:52Z,75578,547.7,1000,1000,5,4831278006,5,200,0.7
2026-09-21T20:24:22Z,75608,517.3,1000,1000,5,4833157125,5,200,0.5
2026-09-21T20:24:52Z,75638,560.0,1000,1000,5,4835035246,5,200,0.8
2026-09-21T20:25:22Z,75668,523.1,1000,1000,5,4836975744,5,200,13.9
2026-09-21T20:25:52Z,75698,514.2,1000,1000,5,4838856422,5,200,0.7
2026-09-21T20:26:22Z,75728,554.0,1000,1000,5,4840735541,5,200,0.5
2026-09-21T20:26:52Z,75758,511.1,1000,1000,5,4842675727,5,200,57.4
2026-09-21T20:27:22Z,75788,550.5,1000,1000,5,4844564709,5,200,0.8
2026-09-21T20:27:52Z,75818,552.3,1000,1000,5,4846442830,5,200,0.7
2026-09-21T20:28:22Z,75848,522.4,1000,1000,5,4848385885,5,200,0.5
2026-09-21T20:28:52Z,75878,532.8,1000,1000,5,4850264006,5,200,0.7
2026-09-21T20:29:22Z,75908,570.0,1000,1000,5,4852143125,5,200,1.0
2026-09-21T20:29:53Z,75938,543.6,1000,1000,5,4854085231,5,200,1.1
2026-09-21T20:30:22Z,75968,556.1,1000,1000,5,4855972287,5,200,1.1
2026-09-21T20:30:52Z,75998,530.0,1000,1000,5,4857850414,5,200,1.8
2026-09-21T20:31:23Z,76028,503.2,1000,1000,5,4859793500,5,200,2.0
2026-09-21T20:31:52Z,76058,534.5,1000,1000,5,4861671590,5,200,0.7
2026-09-21T20:32:22Z,76088,524.8,1000,1000,5,4863550709,5,200,0.5
2026-09-21T20:32:53Z,76118,527.7,1000,1000,5,4865492766,5,200,0.7
2026-09-21T20:33:22Z,76148,539.2,1000,1000,5,4867377931,5,200,0.6
2026-09-21T20:33:52Z,76178,517.3,1000,1000,5,4869257998,5,200,2.6
2026-09-21T20:34:23Z,76208,540.7,1000,1000,5,4871201053,5,200,0.4
2026-09-21T20:34:52Z,76238,522.8,1000,1000,5,4873079174,5,200,1.3
2026-09-21T20:35:22Z,76268,521.0,1000,1000,5,4874958293,5,200,0.5
2026-09-21T20:35:53Z,76298,550.4,1000,1000,5,4876900350,5,200,2.3
2026-09-21T20:36:22Z,76328,547.8,1000,1000,5,4878779469,5,200,0.5
2026-09-21T20:36:52Z,76358,549.9,1000,1000,5,4880657590,5,200,0.5
2026-09-21T20:37:23Z,76388,563.2,1000,1000,5,4882601901,5,200,2.2
2026-09-21T20:37:52Z,76418,536.7,1000,1000,5,4884483682,5,200,0.5
2026-09-21T20:38:22Z,76448,536.4,1000,1000,5,4886365877,5,200,1.0
2026-09-21T20:38:53Z,76478,546.2,1000,1000,5,4888307934,5,200,1.0
2026-09-21T20:39:22Z,76508,577.7,1000,1000,5,4890187053,5,200,0.6
2026-09-21T20:39:52Z,76538,559.0,1000,1000,5,4892065174,5,200,0.6
2026-09-21T20:40:23Z,76568,532.6,1000,1000,5,4894008229,5,200,0.7
2026-09-21T20:40:52Z,76598,532.9,1000,1000,5,4895886350,5,200,0.5
2026-09-21T20:41:22Z,76628,557.1,1000,1000,5,4897765469,5,200,0.8
2026-09-21T20:41:53Z,76658,547.0,1000,1000,5,4899713513,5,200,0.5
2026-09-21T20:42:22Z,76688,545.1,1000,1000,5,4902564717,5,200,0.6
2026-09-21T20:42:52Z,76718,544.5,1000,1000,5,4904449629,5,200,1.1
2026-09-21T20:43:22Z,76748,520.6,1000,1000,5,4906328899,5,200,0.9
2026-09-21T20:43:53Z,76778,518.3,1000,1000,5,4908268565,5,200,15.9
2026-09-21T20:44:22Z,76808,544.8,1000,1000,5,4910158067,5,200,2.0
2026-09-21T20:44:52Z,76838,524.8,1000,1000,5,4912036188,5,200,0.5
2026-09-21T20:45:23Z,76868,539.6,1000,1000,5,4913977551,5,200,1.3
2026-09-21T20:45:52Z,76898,528.2,1000,1000,5,4915857364,5,200,0.5
2026-09-21T20:46:22Z,76928,542.1,1000,1000,5,4917736483,5,200,0.6
2026-09-21T20:46:53Z,76958,557.8,1000,1000,5,4919678540,5,200,1.4
2026-09-21T20:47:22Z,76988,524.3,1000,1000,5,4921557659,5,200,0.8
2026-09-21T20:47:52Z,77018,510.4,1000,1000,5,4923435780,5,200,0.5
2026-09-21T20:48:22Z,77048,520.4,1000,1000,5,4925378835,5,200,0.8
2026-09-21T20:48:52Z,77078,550.1,1000,1000,5,4927256956,5,200,0.6
2026-09-21T20:49:22Z,77108,528.2,1000,1000,5,4929136075,5,200,0.7
2026-09-21T20:49:52Z,77138,529.8,1000,1000,5,4931075930,5,200,20.0
2026-09-21T20:50:22Z,77168,510.3,1000,1000,5,4932957251,5,200,0.9
2026-09-21T20:50:52Z,77198,560.5,1000,1000,5,4934835372,5,200,0.5
2026-09-21T20:51:22Z,77228,526.0,1000,1000,5,4936781488,5,200,2.9
2026-09-21T20:51:52Z,77258,508.1,1000,1000,5,4938664540,5,200,0.6
2026-09-21T20:52:22Z,77288,519.2,1000,1000,5,4940543659,5,200,0.6
2026-09-21T20:52:53Z,77318,517.4,1000,1000,5,4942485716,5,200,0.8
2026-09-21T20:53:22Z,77348,533.0,1000,1000,5,4944364835,5,200,0.5
2026-09-21T20:53:52Z,77378,558.8,1000,1000,5,4946242956,5,200,1.4
2026-09-21T20:54:22Z,77408,539.2,1000,1000,5,4948186011,5,200,0.4
2026-09-21T20:54:52Z,77438,549.7,1000,1000,5,4950064132,5,200,3.4
2026-09-21T20:55:22Z,77468,528.7,1000,1000,5,4951943251,5,200,0.6
2026-09-21T20:55:53Z,77498,518.6,1000,1000,5,4953883693,5,200,47.2
2026-09-21T20:56:22Z,77528,516.9,1000,1000,5,4955772419,5,200,1.2
2026-09-21T20:56:52Z,77558,524.0,1000,1000,5,4957650540,5,200,0.9
2026-09-21T20:57:23Z,77588,544.2,1000,1000,5,4959593595,5,200,0.6
2026-09-21T20:57:52Z,77618,526.4,1000,1000,5,4961471716,5,200,0.9
2026-09-21T20:58:22Z,77648,531.3,1000,1000,5,4963350835,5,200,0.6
2026-09-21T20:58:52Z,77678,532.5,1000,1000,5,4965292892,5,200,1.0
2026-09-21T20:59:22Z,77708,549.1,1000,1000,5,4967172011,5,200,0.4
2026-09-21T20:59:52Z,77738,524.7,1000,1000,5,4969050132,5,200,0.7
2026-09-21T21:00:22Z,77768,578.1,1000,1000,5,4970993187,5,200,2.6
2026-09-21T21:00:52Z,77798,536.4,1000,1000,5,4972871308,5,200,0.7
2026-09-21T21:01:22Z,77828,541.2,1000,1000,5,4974750427,5,200,0.6
2026-09-21T21:01:52Z,77858,537.8,1000,1000,5,4976689437,5,200,59.3
2026-09-21T21:02:22Z,77888,529.0,1000,1000,5,4978579234,5,200,1.3
2026-09-21T21:02:52Z,77918,569.3,1000,1000,5,4980456655,5,200,1.3
2026-09-21T21:03:22Z,77948,521.4,1000,1000,5,4982400771,5,200,2.0
2026-09-21T21:03:52Z,77978,514.7,1000,1000,5,4984278892,5,200,0.8
2026-09-21T21:04:22Z,78008,537.2,1000,1000,5,4986158011,5,200,0.5
2026-09-21T21:04:53Z,78038,530.4,1000,1000,5,4988099338,5,200,9.2
2026-09-21T21:05:22Z,78068,535.0,1000,1000,5,4989984508,5,200,0.6
2026-09-21T21:05:52Z,78098,504.0,1000,1000,5,4991863139,5,200,0.8
2026-09-21T21:06:22Z,78128,511.3,1000,1000,5,4993798148,5,200,28.1
2026-09-21T21:06:52Z,78158,540.3,1000,1000,5,4995686476,5,200,1.7
2026-09-21T21:07:22Z,78188,538.7,1000,1000,5,4997565595,5,200,0.5
2026-09-21T21:07:52Z,78218,497.6,1000,1000,5,4999507652,5,200,0.7
2026-09-21T21:08:22Z,78248,501.3,1000,1000,5,5001386771,5,200,0.7
2026-09-21T21:08:52Z,78278,564.3,1000,1000,5,5003261229,5,200,3.8
2026-09-21T21:09:23Z,78308,528.2,1000,1000,5,5005221659,5,200,0.7
2026-09-21T21:09:52Z,78338,500.6,1000,1000,5,5007094060,5,200,0.5
2026-09-21T21:10:22Z,78368,529.3,1000,1000,5,5008979669,5,200,1.2
2026-09-21T21:10:53Z,78398,526.8,1000,1000,5,5010923228,5,200,1.0
2026-09-21T21:11:22Z,78428,506.4,1000,1000,5,5012802347,5,200,2.7
2026-09-21T21:11:52Z,78458,552.7,1000,1000,5,5014680468,5,200,0.6
2026-09-21T21:12:23Z,78488,574.0,1000,1000,5,5016629195,5,200,101.5
2026-09-21T21:12:52Z,78518,538.2,1000,1000,5,5019545368,5,200,0.5
2026-09-21T21:13:22Z,78548,532.8,1000,1000,5,5021434708,5,200,0.8
2026-09-21T21:13:52Z,78578,548.0,1000,1000,5,5023312829,5,200,1.8
2026-09-21T21:14:23Z,78608,519.8,1000,1000,5,5025253947,5,200,0.8
2026-09-21T21:14:52Z,78638,525.0,1000,1000,5,5027134005,5,200,0.8
2026-09-21T21:15:22Z,78668,548.6,1000,1000,5,5029021116,5,200,2.5
2026-09-21T21:15:53Z,78698,548.7,1000,1000,5,5030963173,5,200,0.5
2026-09-21T21:16:22Z,78728,525.0,1000,1000,5,5032842292,5,200,0.9
2026-09-21T21:16:52Z,78758,547.0,1000,1000,5,5034720413,5,200,0.5
2026-09-21T21:17:23Z,78788,543.4,1000,1000,5,5036663468,5,200,0.8
2026-09-21T21:17:52Z,78818,536.8,1000,1000,5,5038541589,5,200,0.6
2026-09-21T21:18:22Z,78848,527.1,1000,1000,5,5040428700,5,200,1.8
2026-09-21T21:18:53Z,78878,528.1,1000,1000,5,5042370757,5,200,0.7
2026-09-21T21:19:22Z,78908,510.1,1000,1000,5,5044255087,5,200,142.7
2026-09-21T21:19:52Z,78938,527.6,1000,1000,5,5046135989,5,200,0.6
2026-09-21T21:20:22Z,78968,522.3,1000,1000,5,5048023100,5,200,0.7
2026-09-21T21:20:53Z,78998,543.2,1000,1000,5,5049966269,5,200,1.0
2026-09-21T21:21:22Z,79028,538.9,1000,1000,5,5051852268,5,200,1.6
2026-09-21T21:21:52Z,79058,552.4,1000,1000,5,5053730389,5,200,0.7
2026-09-21T21:22:23Z,79088,531.9,1000,1000,5,5055679202,5,200,1.7
2026-09-21T21:22:52Z,79118,544.9,1000,1000,5,5057559537,5,200,0.8
2026-09-21T21:23:22Z,79148,515.6,1000,1000,5,5059446668,5,200,2.5
2026-09-21T21:23:52Z,79178,523.7,1000,1000,5,5061331068,5,200,1.1
2026-09-21T21:24:23Z,79208,518.1,1000,1000,5,5063273875,5,200,1.9
2026-09-21T21:24:52Z,79238,517.5,1000,1000,5,5065153957,5,200,0.8
2026-09-21T21:25:22Z,79268,539.2,1000,1000,5,5067033076,5,200,0.5
2026-09-21T21:25:53Z,79298,516.9,1000,1000,5,5068979034,5,200,0.8
2026-09-21T21:26:22Z,79328,537.6,1000,1000,5,5070866315,5,200,0.5
2026-09-21T21:26:52Z,79358,544.6,1000,1000,5,5072756349,5,200,1.2
2026-09-21T21:27:22Z,79388,556.2,1000,1000,5,5074635468,5,200,0.6
2026-09-21T21:27:53Z,79418,522.0,1000,1000,5,5076581158,5,200,0.8
2026-09-21T21:28:22Z,79448,535.2,1000,1000,5,5078460855,5,200,0.5
2026-09-21T21:28:52Z,79478,505.5,1000,1000,5,5080334765,5,200,0.8
2026-09-21T21:29:23Z,79508,559.8,1000,1000,5,5082282978,5,200,0.5
2026-09-21T21:29:52Z,79538,531.4,1000,1000,5,5084163926,5,200,1.5
2026-09-21T21:30:22Z,79568,518.9,1000,1000,5,5086043052,5,200,0.6
2026-09-21T21:30:53Z,79598,546.8,1000,1000,5,5087987001,5,200,1.3
2026-09-21T21:31:22Z,79628,537.4,1000,1000,5,5089864228,5,200,0.6
2026-09-21T21:31:52Z,79658,504.8,1000,1000,5,5091750341,5,200,2.4
2026-09-21T21:32:23Z,79688,569.2,1000,1000,5,5093693396,5,200,0.8
2026-09-21T21:32:52Z,79718,504.8,1000,1000,5,5095577738,5,200,123.9
2026-09-21T21:33:22Z,79748,518.2,1000,1000,5,5097466397,5,200,0.8
2026-09-21T21:33:52Z,79778,566.2,1000,1000,5,5099344741,5,200,1.1
2026-09-21T21:34:23Z,79808,551.0,1000,1000,5,5101287796,5,200,1.3
2026-09-21T21:34:52Z,79838,538.4,1000,1000,5,5103171035,5,200,0.9
2026-09-21T21:35:22Z,79868,531.4,1000,1000,5,5105051414,5,200,1.2
2026-09-21T21:35:53Z,79898,539.7,1000,1000,5,5106995085,5,200,1.3
2026-09-21T21:36:22Z,79928,566.9,1000,1000,5,5108878817,5,200,0.7
2026-09-21T21:36:52Z,79958,516.7,1000,1000,5,5110760317,5,200,0.7
2026-09-21T21:37:22Z,79988,520.2,1000,1000,5,5112647428,5,200,0.7
2026-09-21T21:37:52Z,80018,552.4,1000,1000,5,5114589485,5,200,1.2
2026-09-21T21:38:22Z,80048,517.3,1000,1000,5,5116468604,5,200,0.6
2026-09-21T21:38:52Z,80078,510.3,1000,1000,5,5118346725,5,200,0.8
2026-09-21T21:39:23Z,80108,563.0,1000,1000,5,5120298901,5,200,1.6
2026-09-21T21:39:52Z,80138,561.3,1000,1000,5,5122183884,5,200,1.6
2026-09-21T21:40:22Z,80168,487.2,1000,1000,5,5124063004,5,200,0.5
2026-09-21T21:40:53Z,80198,542.8,1000,1000,5,5126005267,5,200,8.0
2026-09-21T21:41:23Z,80228,547.1,1000,1000,5,5127897418,5,200,0.8
2026-09-21T21:41:52Z,80258,535.9,1000,1000,5,5129778285,5,200,0.6
2026-09-21T21:42:22Z,80288,537.0,1000,1000,5,5131657404,5,200,1.0
2026-09-21T21:42:52Z,80318,524.5,1000,1000,5,5134541221,5,200,0.7
2026-09-21T21:43:22Z,80348,550.6,1000,1000,5,5136483872,5,200,80.0
2026-09-21T21:43:52Z,80378,548.5,1000,1000,5,5138364692,5,200,0.5
2026-09-21T21:44:22Z,80408,558.8,1000,1000,5,5140243811,5,200,0.7
2026-09-21T21:44:53Z,80438,551.2,1000,1000,5,5142184360,5,200,42.7
2026-09-21T21:45:22Z,80468,549.9,1000,1000,5,5144072979,5,200,0.8
2026-09-21T21:45:52Z,80498,523.3,1000,1000,5,5145951100,5,200,0.5
2026-09-21T21:46:23Z,80528,515.0,1000,1000,5,5147894155,5,200,0.8
2026-09-21T21:46:52Z,80558,543.7,1000,1000,5,5149772276,5,200,0.5
2026-09-21T21:47:22Z,80588,540.7,1000,1000,5,5151651395,5,200,0.7
2026-09-21T21:47:52Z,80618,544.7,1000,1000,5,5153593173,5,200,1.0
2026-09-21T21:48:22Z,80648,548.5,1000,1000,5,5155472571,5,200,1.0
2026-09-21T21:48:52Z,80678,559.5,1000,1000,5,5157350692,5,200,0.5
2026-09-21T21:49:22Z,80708,540.3,1000,1000,5,5159289736,5,200,5.6
2026-09-21T21:49:52Z,80738,560.6,1000,1000,5,5161179860,5,200,2.3
2026-09-21T21:50:22Z,80768,554.8,1000,1000,5,5163066787,5,200,3.0
2026-09-21T21:50:53Z,80798,575.9,1000,1000,5,5165009028,5,200,0.5
2026-09-21T21:51:22Z,80828,533.7,1000,1000,5,5166888147,5,200,1.3
2026-09-21T21:51:52Z,80858,533.0,1000,1000,5,5168766268,5,200,1.0
2026-09-21T21:52:23Z,80888,534.8,1000,1000,5,5170709323,5,200,0.8
2026-09-21T21:52:52Z,80918,570.8,1000,1000,5,5172595142,5,200,1.7
2026-09-21T21:53:22Z,80948,510.4,1000,1000,5,5174474555,5,200,2.4
2026-09-21T21:53:53Z,80979,530.0,1000,1000,5,5176416612,5,200,0.8
2026-09-21T21:54:23Z,81009,544.3,1000,1000,5,5178363809,5,200,0.8
2026-09-21T21:54:53Z,81039,517.2,1000,1000,5,5180245780,5,200,1.5
2026-09-21T21:55:23Z,81069,518.0,1000,1000,5,5182124899,5,200,2.3
2026-09-21T21:55:53Z,81099,590.5,1000,1000,5,5184065185,5,200,12.1
2026-09-21T21:56:23Z,81129,545.8,1000,1000,5,5185952173,5,200,1.3
2026-09-21T21:56:53Z,81159,541.8,1000,1000,5,5187832188,5,200,0.6
2026-09-21T21:57:24Z,81189,515.8,1000,1000,5,5189774208,5,200,1.4
2026-09-21T21:57:53Z,81219,501.6,1000,1000,5,5191653364,5,200,0.5
2026-09-21T21:58:23Z,81249,523.8,1000,1000,5,5193532483,5,200,0.6
2026-09-21T21:58:53Z,81279,534.8,1000,1000,5,5195474540,5,200,0.8
2026-09-21T21:59:23Z,81309,547.2,1000,1000,5,5197353659,5,200,0.8
2026-09-21T21:59:53Z,81339,534.0,1000,1000,5,5199231780,5,200,0.7
2026-09-21T22:00:23Z,81369,523.1,1000,1000,5,5201174835,5,200,0.6
2026-09-21T22:00:53Z,81399,537.7,1000,1000,5,5203052956,5,200,0.7
2026-09-21T22:01:23Z,81429,578.1,1000,1000,5,5204932075,5,200,0.6
2026-09-21T22:01:53Z,81459,527.9,1000,1000,5,5206871109,5,200,0.9
2026-09-21T22:02:23Z,81489,483.8,1000,1000,5,5208761243,5,200,0.6
2026-09-21T22:02:53Z,81519,543.5,1000,1000,5,5210639364,5,200,0.8
2026-09-21T22:03:23Z,81549,562.0,1000,1000,5,5212582419,5,200,0.6
2026-09-21T22:03:53Z,81579,546.3,1000,1000,5,5214460540,5,200,0.7
2026-09-21T22:04:23Z,81609,539.9,1000,1000,5,5216339659,5,200,0.5
2026-09-21T22:04:54Z,81639,509.2,1000,1000,5,5218281263,5,200,3.8
2026-09-21T22:05:23Z,81669,536.6,1000,1000,5,5220167893,5,200,1.8
2026-09-21T22:05:53Z,81699,542.7,1000,1000,5,5222046948,5,200,0.7
2026-09-21T22:06:24Z,81729,555.9,1000,1000,5,5223988605,5,200,1.8
2026-09-21T22:06:53Z,81759,506.5,1000,1000,5,5225868124,5,200,1.0
2026-09-21T22:07:23Z,81789,524.8,1000,1000,5,5227752872,5,200,0.9
2026-09-21T22:07:54Z,81819,561.0,1000,1000,5,5229697292,5,200,1.0
2026-09-21T22:08:23Z,81849,524.9,1000,1000,5,5231576411,5,200,0.6
2026-09-21T22:08:53Z,81879,537.3,1000,1000,5,5233454532,5,200,0.7
2026-09-21T22:09:24Z,81909,565.5,1000,1000,5,5235397587,5,200,0.5
2026-09-21T22:09:53Z,81939,526.0,1000,1000,5,5237275708,5,200,0.8
2026-09-21T22:10:23Z,81969,527.9,1000,1000,5,5239162819,5,200,0.7
2026-09-21T22:10:53Z,81999,534.6,1000,1000,5,5241040940,5,200,0.9
2026-09-21T22:11:23Z,82029,535.1,1000,1000,5,5242983995,5,200,0.6
2026-09-21T22:11:53Z,82059,514.4,1000,1000,5,5244862116,5,200,0.8
2026-09-21T22:12:24Z,82089,541.5,1000,1000,5,5246805171,5,200,0.6
2026-09-21T22:12:54Z,82119,558.9,1000,1000,5,5249609507,5,200,1.2
2026-09-21T22:13:23Z,82149,530.9,1000,1000,5,5251545427,5,200,1.2
2026-09-21T22:13:53Z,82179,535.8,1000,1000,5,5253423548,5,200,0.6
2026-09-21T22:14:24Z,82209,535.2,1000,1000,5,5255366946,5,200,2.3
2026-09-21T22:14:53Z,82239,517.2,1000,1000,5,5257244724,5,200,0.4
2026-09-21T22:15:23Z,82269,528.8,1000,1000,5,5259131817,5,200,0.9
2026-09-21T22:15:54Z,82299,533.6,1000,1000,5,5261073892,5,200,0.5
2026-09-21T22:16:23Z,82329,532.0,1000,1000,5,5262953011,5,200,1.0
2026-09-21T22:16:53Z,82359,559.4,1000,1000,5,5264831132,5,200,0.6
2026-09-21T22:17:24Z,82389,540.1,1000,1000,5,5266774187,5,200,0.9
2026-09-21T22:17:53Z,82419,535.4,1000,1000,5,5268652308,5,200,0.6
2026-09-21T22:18:23Z,82449,538.2,1000,1000,5,5270531427,5,200,0.7
2026-09-21T22:18:54Z,82479,558.0,1000,1000,5,5272481476,5,200,2.8
2026-09-21T22:19:23Z,82509,558.5,1000,1000,5,5274360595,5,200,0.8
2026-09-21T22:19:53Z,82539,533.0,1000,1000,5,5276246818,5,200,1.2
2026-09-21T22:20:23Z,82569,542.4,1000,1000,5,5278125827,5,200,0.7
2026-09-21T22:20:53Z,82599,545.9,1000,1000,5,5280065840,5,200,13.2
2026-09-21T22:21:23Z,82629,544.7,1000,1000,5,5281954993,5,200,0.9
2026-09-21T22:21:53Z,82659,512.6,1000,1000,5,5283833116,5,200,0.5
2026-09-21T22:22:24Z,82689,553.7,1000,1000,5,5285776171,5,200,0.7
2026-09-21T22:22:53Z,82719,540.1,1000,1000,5,5287654292,5,200,0.6
2026-09-21T22:23:23Z,82749,562.6,1000,1000,5,5289533411,5,200,0.7
2026-09-21T22:23:53Z,82779,521.4,1000,1000,5,5291475468,5,200,0.6
2026-09-21T22:24:23Z,82809,525.7,1000,1000,5,5293358694,5,200,0.9
2026-09-21T22:24:53Z,82839,573.2,1000,1000,5,5295232708,5,200,0.5
2026-09-21T22:25:24Z,82869,576.0,1000,1000,5,5297179010,5,200,2.9
2026-09-21T22:25:53Z,82899,549.6,1000,1000,5,5299061876,5,200,0.5
2026-09-21T22:26:23Z,82929,554.1,1000,1000,5,5300940995,5,200,0.6
2026-09-21T22:26:54Z,82959,542.2,1000,1000,5,5302882771,5,200,1.6
2026-09-21T22:27:23Z,82989,530.5,1000,1000,5,5304766541,5,200,1.0
2026-09-21T22:27:53Z,83019,504.1,1000,1000,5,5306648284,5,200,1.7
2026-09-21T22:28:24Z,83049,517.1,1000,1000,5,5308591339,5,200,0.7
2026-09-21T22:28:53Z,83079,520.6,1000,1000,5,5310469460,5,200,0.5
2026-09-21T22:29:23Z,83109,506.5,1000,1000,5,5312348579,5,200,1.3
2026-09-21T22:29:54Z,83139,543.6,1000,1000,5,5314290636,5,200,1.2
2026-09-21T22:30:23Z,83169,522.9,1000,1000,5,5316169755,5,200,1.1
2026-09-21T22:30:53Z,83199,556.6,1000,1000,5,5318053292,5,200,0.5
2026-09-21T22:31:24Z,83229,559.8,1000,1000,5,5319983157,5,200,2.2
2026-09-21T22:31:53Z,83259,510.7,1000,1000,5,5321882513,5,200,1.4
2026-09-21T22:32:23Z,83289,529.1,1000,1000,5,5323764155,5,200,0.5
2026-09-21T22:32:53Z,83319,569.2,1000,1000,5,5325642276,5,200,0.7
2026-09-21T22:33:24Z,83349,530.1,1000,1000,5,5327583897,5,200,60.4
2026-09-21T22:33:53Z,83379,517.6,1000,1000,5,5329471444,5,200,3.3
2026-09-21T22:34:23Z,83409,548.0,1000,1000,5,5331355557,5,200,0.5
2026-09-21T22:34:54Z,83439,566.5,1000,1000,5,5333292620,5,200,0.7
2026-09-21T22:35:23Z,83469,535.1,1000,1000,5,5335171739,5,200,0.5
2026-09-21T22:35:53Z,83499,544.3,1000,1000,5,5337049860,5,200,1.0
2026-09-21T22:36:24Z,83529,574.2,1000,1000,5,5338996477,5,200,0.6
2026-09-21T22:36:53Z,83559,551.5,1000,1000,5,5340877828,5,200,0.7
2026-09-21T22:37:23Z,83589,522.5,1000,1000,5,5342756636,5,200,1.2
2026-09-21T22:37:54Z,83619,542.5,1000,1000,5,5344700204,5,200,2.0
2026-09-21T22:38:23Z,83649,539.8,1000,1000,5,5346579323,5,200,0.8
2026-09-21T22:38:53Z,83679,530.2,1000,1000,5,5348457444,5,200,0.9
2026-09-21T22:39:24Z,83709,533.1,1000,1000,5,5350399939,5,200,1.0
2026-09-21T22:39:53Z,83739,524.1,1000,1000,5,5352278620,5,200,0.7
2026-09-21T22:40:23Z,83769,558.4,1000,1000,5,5354157739,5,200,0.4
2026-09-21T22:40:54Z,83799,545.8,1000,1000,5,5356096452,5,200,0.8
2026-09-21T22:41:23Z,83829,536.6,1000,1000,5,5357984252,5,200,0.5
2026-09-21T22:41:53Z,83859,540.1,1000,1000,5,5359864125,5,200,1.2
2026-09-21T22:42:24Z,83889,529.8,1000,1000,5,5361808083,5,200,1.0
2026-09-21T22:42:53Z,83919,534.2,1000,1000,5,5363686192,5,200,0.8
2026-09-21T22:43:23Z,83949,516.9,1000,1000,5,5366558329,5,200,0.5
2026-09-21T22:43:54Z,83980,487.0,1000,1000,5,5368500386,5,200,0.8
2026-09-21T22:44:24Z,84010,556.4,1000,1000,5,5370443441,5,200,3.1
2026-09-21T22:44:54Z,84040,531.5,1000,1000,5,5372321562,5,200,0.9
2026-09-21T22:45:24Z,84070,538.6,1000,1000,5,5374207101,5,200,1.7
2026-09-21T22:45:54Z,84100,532.4,1000,1000,5,5376146011,5,200,22.3
2026-09-21T22:46:24Z,84130,555.7,1000,1000,5,5378029849,5,200,1.3
2026-09-21T22:46:54Z,84160,536.5,1000,1000,5,5379914004,5,200,0.8
2026-09-21T22:47:25Z,84190,523.0,1000,1000,5,5381849144,5,200,7.0
2026-09-21T22:47:54Z,84220,550.3,1000,1000,5,5383737138,5,200,1.2
2026-09-21T22:48:24Z,84250,555.5,1000,1000,5,5385620550,5,200,0.5
2026-09-21T22:48:55Z,84280,512.2,1000,1000,5,5387566306,5,200,0.8
2026-09-21T22:49:24Z,84310,553.4,1000,1000,5,5389445425,5,200,0.6
2026-09-21T22:49:54Z,84340,568.5,1000,1000,5,5391323546,5,200,1.1
2026-09-21T22:50:25Z,84370,537.0,1000,1000,5,5393266601,5,200,0.7
2026-09-21T22:50:54Z,84400,540.9,1000,1000,5,5395145721,5,200,2.3
2026-09-21T22:51:24Z,84430,555.6,1000,1000,5,5397039824,5,200,2.1
2026-09-21T22:51:54Z,84460,555.6,1000,1000,5,5398917946,5,200,1.8
2026-09-21T22:52:25Z,84490,554.7,1000,1000,5,5400860054,5,200,0.8
2026-09-21T22:52:54Z,84520,569.7,1000,1000,5,5402747089,5,200,1.9
2026-09-21T22:53:24Z,84550,518.1,1000,1000,5,5404626233,5,200,0.9
2026-09-21T22:53:55Z,84580,562.8,1000,1000,5,5406565459,5,200,1.3
2026-09-21T22:54:24Z,84610,564.7,1000,1000,5,5408452594,5,200,0.8
2026-09-21T22:54:54Z,84640,548.0,1000,1000,5,5410333522,5,200,0.5
2026-09-21T22:55:25Z,84670,548.7,1000,1000,5,5412276577,5,200,0.7
2026-09-21T22:55:54Z,84700,517.8,1000,1000,5,5414154698,5,200,0.4
2026-09-21T22:56:24Z,84730,534.9,1000,1000,5,5416033817,5,200,0.8
2026-09-21T22:56:55Z,84760,547.6,1000,1000,5,5417982491,5,200,0.5
2026-09-21T22:57:24Z,84790,566.1,1000,1000,5,5419862985,5,200,10.1
2026-09-21T22:57:54Z,84820,508.6,1000,1000,5,5421741106,5,200,0.6
2026-09-21T22:58:24Z,84850,525.8,1000,1000,5,5423620225,5,200,1.1
2026-09-21T22:58:54Z,84880,536.9,1000,1000,5,5425563137,5,200,1.2
2026-09-21T22:59:24Z,84910,522.7,1000,1000,5,5427449389,5,200,1.8
2026-09-21T22:59:54Z,84940,561.6,1000,1000,5,5429327514,5,200,1.0
2026-09-21T23:00:24Z,84970,574.6,1000,1000,5,5431266235,5,200,4.9
2026-09-21T23:00:54Z,85000,544.5,1000,1000,5,5433156682,5,200,2.6
2026-09-21T23:01:24Z,85030,545.2,1000,1000,5,5435035801,5,200,0.8
2026-09-21T23:01:55Z,85060,527.9,1000,1000,5,5436974015,5,200,2.4
2026-09-21T23:02:24Z,85090,556.2,1000,1000,5,5438864969,5,200,0.9
2026-09-21T23:02:54Z,85120,530.2,1000,1000,5,5440743090,5,200,0.6
2026-09-21T23:03:25Z,85150,556.7,1000,1000,5,5442686145,5,200,0.8
2026-09-21T23:03:54Z,85180,536.7,1000,1000,5,5444565831,5,200,0.6
2026-09-21T23:04:24Z,85210,531.0,1000,1000,5,5446445528,5,200,6.1
2026-09-21T23:04:54Z,85240,525.9,1000,1000,5,5448344638,5,200,2.2
2026-09-21T23:05:25Z,85270,553.8,1000,1000,5,5450288537,5,200,0.9
2026-09-21T23:05:54Z,85300,571.0,1000,1000,5,5452169729,5,200,87.7
2026-09-21T23:06:24Z,85330,518.8,1000,1000,5,5454061759,5,200,0.8
2026-09-21T23:06:54Z,85360,522.9,1000,1000,5,5455939882,5,200,2.6
2026-09-21T23:07:25Z,85390,539.8,1000,1000,5,5457875232,5,200,0.6
2026-09-21T23:07:54Z,85420,539.3,1000,1000,5,5459761058,5,200,0.7
2026-09-21T23:08:24Z,85450,523.4,1000,1000,5,5461640177,5,200,0.5
2026-09-21T23:08:55Z,85480,556.5,1000,1000,5,5463582234,5,200,1.0
2026-09-21T23:09:24Z,85510,547.5,1000,1000,5,5465467847,5,200,0.6
2026-09-21T23:09:54Z,85540,542.1,1000,1000,5,5467347466,5,200,0.7
2026-09-21T23:10:25Z,85570,525.7,1000,1000,5,5469290521,5,200,1.3
2026-09-21T23:10:54Z,85600,497.4,1000,1000,5,5471168642,5,200,0.8
2026-09-21T23:11:24Z,85630,551.0,1000,1000,5,5473047761,5,200,0.6
2026-09-21T23:11:55Z,85660,539.3,1000,1000,5,5474994773,5,200,2.5
2026-09-21T23:12:24Z,85690,559.4,1000,1000,5,5476880761,5,200,115.9
2026-09-21T23:12:54Z,85720,555.5,1000,1000,5,5478763042,5,200,2.5
2026-09-21T23:13:24Z,85750,535.9,1000,1000,5,5481627285,5,200,2.2
2026-09-21T23:13:54Z,85780,547.4,1000,1000,5,5483513288,5,200,1.3
2026-09-21T23:14:24Z,85810,523.9,1000,1000,5,5485451720,5,200,31.2
2026-09-21T23:14:54Z,85840,542.6,1000,1000,5,5487342456,5,200,1.3
2026-09-21T23:15:24Z,85870,501.2,1000,1000,5,5489229567,5,200,0.5
2026-09-21T23:15:55Z,85900,500.8,1000,1000,5,5491171624,5,200,1.0
2026-09-21T23:16:24Z,85930,532.6,1000,1000,5,5493050743,5,200,0.7
2026-09-21T23:16:54Z,85960,483.9,1000,1000,5,5494928864,5,200,0.6
2026-09-21T23:17:24Z,85990,499.7,1000,1000,5,5496815975,5,200,0.9
2026-09-21T23:17:54Z,86020,539.0,1000,1000,5,5498758032,5,200,1.5
2026-09-21T23:18:24Z,86050,509.0,1000,1000,5,5500644239,5,200,0.9
2026-09-21T23:18:54Z,86080,517.6,1000,1000,5,5502523264,5,200,0.6
2026-09-21T23:19:25Z,86110,579.6,1000,1000,5,5504463380,5,200,52.5
2026-09-21T23:19:54Z,86140,513.9,1000,1000,5,5506352432,5,200,0.5
2026-09-21T23:20:24Z,86170,557.0,1000,1000,5,5508231551,5,200,0.8
2026-09-21T23:20:55Z,86200,556.5,1000,1000,5,5510173608,5,200,0.7
2026-09-21T23:21:24Z,86230,531.0,1000,1000,5,5512058515,5,200,2.8
2026-09-21T23:21:54Z,86260,538.6,1000,1000,5,5513938840,5,200,0.6
2026-09-21T23:22:25Z,86290,541.2,1000,1000,5,5515881895,5,200,0.7
2026-09-21T23:22:54Z,86320,567.6,1000,1000,5,5517763871,5,200,0.5
2026-09-21T23:23:24Z,86350,512.7,1000,1000,5,5519647127,5,200,1.0
2026-09-21T23:23:55Z,86380,553.6,1000,1000,5,5521589184,5,200,1.1
2026-09-21T23:24:25Z,86410,571.1,1000,1000,5,5523472478,5,200,146.1
2026-09-21T23:24:54Z,86440,496.8,1000,1000,5,5525362408,5,200,0.6
2026-09-21T23:25:24Z,86470,514.5,1000,1000,5,5527241527,5,200,0.7
2026-09-21T23:25:55Z,86500,510.6,1000,1000,5,5529184778,5,200,1.1
2026-09-21T23:26:24Z,86530,543.0,1000,1000,5,5531070695,5,200,3.3
2026-09-21T23:26:54Z,86560,517.9,1000,1000,5,5532948816,5,200,0.5
2026-09-21T23:27:24Z,86590,528.6,1000,1000,5,5534835927,5,200,2.0
2026-09-21T23:27:54Z,86620,524.3,1000,1000,5,5536777984,5,200,1.4
2026-09-21T23:28:24Z,86650,522.3,1000,1000,5,5538663883,5,200,0.9
2026-09-21T23:28:54Z,86680,506.5,1000,1000,5,5540543216,5,200,0.6
2026-09-21T23:29:24Z,86710,529.3,1000,1000,5,5542486271,5,200,2.0
2026-09-21T23:29:54Z,86740,519.4,1000,1000,5,5544364392,5,200,0.7
2026-09-21T23:30:24Z,86770,537.3,1000,1000,5,5546228745,5,200,2.6
2026-09-21T23:30:54Z,86800,528.7,1000,1000,5,5548137616,5,200,0.7
2026-09-21T23:31:24Z,86830,536.0,1000,1000,5,5550080671,5,200,13.1
2026-09-21T23:31:54Z,86860,528.9,1000,1000,5,5551958792,5,200,0.8
2026-09-21T23:32:24Z,86890,502.1,1000,1000,5,5553845903,5,200,1.3
2026-09-21T23:32:54Z,86920,552.4,1000,1000,5,5555782974,5,200,50.5
2026-09-21T23:33:24Z,86950,501.1,1000,1000,5,5557675071,5,200,1.7
2026-09-21T23:33:54Z,86980,555.9,1000,1000,5,5559553192,5,200,0.7
2026-09-21T23:34:25Z,87010,516.8,1000,1000,5,5561490307,5,200,2.1
2026-09-21T23:34:54Z,87040,514.8,1000,1000,5,5563374368,5,200,1.0
2026-09-21T23:35:24Z,87070,514.8,1000,1000,5,5565261479,5,200,2.1
2026-09-21T23:35:55Z,87100,546.4,1000,1000,5,5567203536,5,200,1.0
2026-09-21T23:36:24Z,87130,522.6,1000,1000,5,5569082655,5,200,0.7
2026-09-21T23:36:54Z,87160,511.3,1000,1000,5,5570960776,5,200,0.8
2026-09-21T23:37:25Z,87190,543.0,1000,1000,5,5572903831,5,200,0.5
2026-09-21T23:37:54Z,87220,538.4,1000,1000,5,5574781952,5,200,1.2
2026-09-21T23:38:24Z,87250,500.6,1000,1000,5,5576668938,5,200,0.9
2026-09-21T23:38:54Z,87280,525.1,1000,1000,5,5578547184,5,200,0.8
2026-09-21T23:39:24Z,87310,519.3,1000,1000,5,5580490239,5,200,0.6
2026-09-21T23:39:54Z,87340,534.3,1000,1000,5,5582368360,5,200,0.9
2026-09-21T23:40:24Z,87370,567.3,1000,1000,5,5584255471,5,200,1.4
2026-09-21T23:40:54Z,87400,550.3,1000,1000,5,5586192704,5,200,11.4
2026-09-21T23:41:24Z,87430,545.1,1000,1000,5,5588076647,5,200,0.6
2026-09-21T23:41:54Z,87460,503.1,1000,1000,5,5589962760,5,200,0.8
2026-09-21T23:42:25Z,87490,536.6,1000,1000,5,5591905815,5,200,0.7
2026-09-21T23:42:54Z,87520,519.5,1000,1000,5,5593783936,5,200,1.1
2026-09-21T23:43:24Z,87550,547.0,999,999,6,5595683900,6,200,0.5
2026-09-21T23:43:54Z,87580,512.8,999,999,6,5597570041,6,200,1.1
2026-09-21T23:44:24Z,87610,549.0,999,999,6,5599448926,6,200,0.5
2026-09-21T23:44:54Z,87640,538.0,999,999,6,5601397523,6,200,1.5
2026-09-21T23:45:24Z,87670,573.2,1000,1000,6,5603292785,6,200,1.3
2026-09-21T23:45:54Z,87700,557.3,1000,1000,6,5605178507,6,200,2.9
2026-09-21T23:46:24Z,87730,542.1,1000,1000,6,5607058017,6,200,1.6
2026-09-21T23:46:55Z,87760,528.2,1000,1000,6,5609001265,6,200,2.4
