timestamp,elapsed_sec,rss_mb,intern_size,established,flaps_total,msgs_sent_total,max_prefix_exceeded_total,readyz_code,readyz_ms
2026-09-11T18:58:32Z,0,494.6,1000,1000,0,1071663,0,200,1.0
2026-09-11T18:59:02Z,30,527.8,1000,1000,0,2953040,0,200,0.5
2026-09-11T18:59:32Z,60,515.2,1000,1000,0,5814184,0,200,0.8
2026-09-11T19:00:03Z,90,533.8,1000,1000,0,7750426,0,200,0.5
2026-09-11T19:00:32Z,120,526.2,1000,1000,0,9635360,0,200,0.7
2026-09-11T19:01:02Z,150,512.4,1000,1000,0,11513480,0,200,0.6
2026-09-11T19:01:32Z,180,553.7,1000,1000,0,13456536,0,200,0.7
2026-09-11T19:02:02Z,210,497.5,1000,1000,0,15334656,0,200,0.5
2026-09-11T19:02:32Z,240,525.8,1000,1000,0,17213776,0,200,0.7
2026-09-11T19:03:02Z,270,507.4,1000,1000,0,19148840,0,200,43.0
2026-09-11T19:03:32Z,300,512.5,1000,1000,0,21038316,0,200,1.2
2026-09-11T19:04:02Z,330,528.9,1000,1000,0,22919732,0,200,0.8
2026-09-11T19:04:32Z,360,523.3,1000,1000,0,24860999,0,200,0.7
2026-09-11T19:05:02Z,390,532.6,1000,1000,0,26742240,0,200,0.8
2026-09-11T19:05:32Z,420,531.7,1000,1000,0,28630621,0,200,0.8
2026-09-11T19:06:03Z,450,527.9,1000,1000,0,30575325,0,200,0.6
2026-09-11T19:06:32Z,480,529.1,1000,1000,0,32454063,0,200,0.7
2026-09-11T19:07:02Z,510,525.2,1000,1000,0,34333520,0,200,1.6
2026-09-11T19:07:33Z,540,529.6,1000,1000,0,36278295,0,200,0.8
2026-09-11T19:08:02Z,570,511.1,1000,1000,0,38156686,0,200,1.6
2026-09-11T19:08:32Z,600,492.0,1000,1000,0,40036936,0,200,0.5
2026-09-11T19:09:03Z,630,511.3,1000,1000,0,41978992,0,200,0.6
2026-09-11T19:09:32Z,660,528.7,1000,1000,0,43858112,0,200,0.6
2026-09-11T19:10:02Z,690,504.3,1000,1000,0,45742671,0,200,2.2
2026-09-11T19:10:32Z,720,524.4,1000,1000,0,47623344,0,200,0.5
2026-09-11T19:11:02Z,750,527.0,1000,1000,0,49565400,0,200,2.4
2026-09-11T19:11:32Z,780,483.4,1000,1000,0,51446493,0,200,0.6
2026-09-11T19:12:02Z,810,497.3,1000,1000,0,53329744,0,200,1.1
2026-09-11T19:12:32Z,840,529.9,1000,1000,0,55266695,0,200,48.8
2026-09-11T19:13:02Z,870,487.9,1000,1000,0,57153051,0,200,0.7
2026-09-11T19:13:32Z,900,508.0,1000,1000,0,59033181,0,200,0.6
2026-09-11T19:14:02Z,930,529.9,1000,1000,0,60966033,0,200,30.2
2026-09-11T19:14:32Z,960,507.0,1000,1000,0,62860030,0,200,3.1
2026-09-11T19:15:02Z,990,534.4,1000,1000,0,64738216,0,200,3.4
2026-09-11T19:15:32Z,1020,547.8,1000,1000,0,66681272,0,200,0.5
2026-09-11T19:16:02Z,1050,550.6,1000,1000,0,68559391,0,200,0.7
2026-09-11T19:16:32Z,1080,526.4,1000,1000,0,70442128,0,200,0.5
2026-09-11T19:17:02Z,1110,521.5,1000,1000,0,72384339,0,200,0.8
2026-09-11T19:17:32Z,1140,536.9,1000,1000,0,74261319,0,200,0.6
2026-09-11T19:18:02Z,1170,511.5,1000,1000,0,76143504,0,200,0.8
2026-09-11T19:18:33Z,1200,558.3,1000,1000,0,78076103,0,200,21.2
2026-09-11T19:19:02Z,1230,494.4,1000,1000,0,79966976,0,200,0.8
2026-09-11T19:19:32Z,1260,526.5,1000,1000,0,81846096,0,200,0.5
2026-09-11T19:20:03Z,1290,539.5,1000,1000,0,83788152,0,200,0.7
2026-09-11T19:20:32Z,1320,526.7,1000,1000,0,85667272,0,200,0.6
2026-09-11T19:21:02Z,1350,487.4,1000,1000,0,87545392,0,200,0.6
2026-09-11T19:21:32Z,1380,521.7,1000,1000,0,89488448,0,200,0.7
2026-09-11T19:22:02Z,1410,524.7,1000,1000,0,91366568,0,200,0.6
2026-09-11T19:22:32Z,1440,526.9,1000,1000,0,93245688,0,200,0.8
2026-09-11T19:23:02Z,1470,517.5,1000,1000,0,95183119,0,200,20.1
2026-09-11T19:23:32Z,1500,513.5,1000,1000,0,97072652,0,200,1.1
2026-09-11T19:24:02Z,1530,536.0,1000,1000,0,98952976,0,200,0.6
2026-09-11T19:24:33Z,1560,528.7,1000,1000,0,100892081,0,200,1.6
2026-09-11T19:25:02Z,1590,504.5,1000,1000,0,102774152,0,200,0.5
2026-09-11T19:25:32Z,1620,511.5,1000,1000,0,104658341,0,200,1.0
2026-09-11T19:26:03Z,1650,519.6,1000,1000,0,106603320,0,200,1.1
2026-09-11T19:26:32Z,1680,532.1,1000,1000,0,108482440,0,200,1.5
2026-09-11T19:27:02Z,1710,530.5,1000,1000,0,110360560,0,200,1.7
2026-09-11T19:27:33Z,1740,542.0,1000,1000,0,112303616,0,200,0.7
2026-09-11T19:28:02Z,1770,536.6,1000,1000,0,114181736,0,200,0.4
2026-09-11T19:28:32Z,1800,539.0,1000,1000,0,116060856,0,200,0.8
2026-09-11T19:29:03Z,1830,496.0,1000,1000,0,118000371,0,200,2.0
2026-09-11T19:29:33Z,1860,539.9,1000,1000,0,120722812,0,200,2.1
2026-09-11T19:30:02Z,1890,543.4,1000,1000,0,122783128,0,200,1.2
2026-09-11T19:30:32Z,1920,487.9,1000,1000,0,124664246,0,200,1.7
2026-09-11T19:31:03Z,1950,531.0,1000,1000,0,126608300,0,200,2.1
2026-09-11T19:31:32Z,1980,537.0,1000,1000,0,128487420,0,200,13.2
2026-09-11T19:32:02Z,2010,512.2,1000,1000,0,130365540,0,200,0.6
2026-09-11T19:32:33Z,2041,529.8,1000,1000,0,132312400,0,200,1.6
2026-09-11T19:33:03Z,2071,528.3,1000,1000,0,134254539,0,200,84.3
2026-09-11T19:33:33Z,2101,535.3,1000,1000,0,136137764,0,200,0.5
2026-09-11T19:34:03Z,2131,556.5,1000,1000,0,138015884,0,200,0.6
2026-09-11T19:34:33Z,2161,536.6,1000,1000,0,139954202,0,200,63.3
2026-09-11T19:35:03Z,2191,496.8,1000,1000,0,141841689,0,200,1.1
2026-09-11T19:35:33Z,2221,557.3,1000,1000,0,143722091,0,200,1.9
2026-09-11T19:36:03Z,2251,499.2,1000,1000,0,145660930,0,200,0.9
2026-09-11T19:36:33Z,2281,549.7,1000,1000,0,147537356,0,200,0.6
2026-09-11T19:37:03Z,2311,508.0,1000,1000,0,149421556,0,200,0.6
2026-09-11T19:37:33Z,2341,524.1,1000,1000,0,151366524,0,200,2.3
2026-09-11T19:38:03Z,2371,534.7,1000,1000,0,153244644,0,200,0.8
2026-09-11T19:38:33Z,2401,551.2,1000,1000,0,155123764,0,200,0.5
2026-09-11T19:39:03Z,2431,538.6,1000,1000,0,157059818,0,200,17.7
2026-09-11T19:39:33Z,2461,529.9,1000,1000,0,158944940,0,200,0.7
2026-09-11T19:40:03Z,2491,501.7,1000,1000,0,160823060,0,200,0.6
2026-09-11T19:40:33Z,2521,528.6,1000,1000,0,162760392,0,200,49.7
2026-09-11T19:41:03Z,2551,531.3,1000,1000,0,164652228,0,200,0.7
2026-09-11T19:41:33Z,2581,520.8,1000,1000,0,166531348,0,200,0.5
2026-09-11T19:42:03Z,2611,534.4,1000,1000,0,168473404,0,200,0.7
2026-09-11T19:42:33Z,2641,518.8,1000,1000,0,170352524,0,200,0.8
2026-09-11T19:43:03Z,2671,542.9,1000,1000,0,172230644,0,200,0.6
2026-09-11T19:43:33Z,2701,519.1,1000,1000,0,174168322,0,200,8.0
2026-09-11T19:44:03Z,2731,537.5,1000,1000,0,176051820,0,200,0.6
2026-09-11T19:44:33Z,2761,505.5,1000,1000,0,177930940,0,200,0.5
2026-09-11T19:45:03Z,2791,564.4,1000,1000,0,179867689,0,200,22.8
2026-09-11T19:45:33Z,2821,516.3,1000,1000,0,181760108,0,200,1.0
2026-09-11T19:46:03Z,2851,518.8,1000,1000,0,183638228,0,200,0.8
2026-09-11T19:46:33Z,2881,506.8,1000,1000,0,185581284,0,200,0.5
2026-09-11T19:47:03Z,2911,550.7,1000,1000,0,187459404,0,200,0.7
2026-09-11T19:47:33Z,2941,505.8,1000,1000,0,189354508,0,200,0.5
2026-09-11T19:48:04Z,2971,543.1,1000,1000,0,191296564,0,200,0.4
2026-09-11T19:48:33Z,3001,557.4,1000,1000,0,193178338,0,200,132.1
2026-09-11T19:49:03Z,3031,503.0,1000,1000,0,195061796,0,200,0.7
2026-09-11T19:49:33Z,3061,536.7,1000,1000,0,196940916,0,200,0.8
2026-09-11T19:50:03Z,3091,554.0,1000,1000,0,198877446,0,200,38.2
2026-09-11T19:50:33Z,3121,506.5,1000,1000,0,200765675,0,200,1.7
2026-09-11T19:51:03Z,3151,545.4,1000,1000,0,202647327,0,200,0.8
2026-09-11T19:51:34Z,3181,547.0,1000,1000,0,204588298,0,200,4.5
2026-09-11T19:52:03Z,3211,534.9,1000,1000,0,206480350,0,200,57.6
2026-09-11T19:52:33Z,3241,540.9,1000,1000,0,208368519,0,200,2.4
2026-09-11T19:53:03Z,3271,511.2,1000,1000,0,210245119,0,200,0.8
2026-09-11T19:53:33Z,3301,532.9,1000,1000,0,212187368,0,200,0.5
2026-09-11T19:54:03Z,3331,520.1,1000,1000,0,214065272,0,200,0.9
2026-09-11T19:54:33Z,3361,483.1,1000,1000,0,215945309,0,200,0.7
2026-09-11T19:55:03Z,3391,511.5,1000,1000,0,217888960,0,200,2.0
2026-09-11T19:55:33Z,3421,529.7,1000,1000,0,219769984,0,200,0.9
2026-09-11T19:56:03Z,3451,523.1,1000,1000,0,221650188,0,200,0.6
2026-09-11T19:56:33Z,3481,554.4,1000,1000,0,223588680,0,200,37.2
2026-09-11T19:57:03Z,3511,520.4,1000,1000,0,225478624,0,200,1.5
2026-09-11T19:57:33Z,3541,537.6,1000,1000,0,227358476,0,200,0.7
2026-09-11T19:58:03Z,3571,546.6,1000,1000,0,229300532,0,200,1.3
2026-09-11T19:58:33Z,3601,539.2,1000,1000,0,231179652,0,200,0.4
2026-09-11T19:59:03Z,3631,526.4,1000,1000,0,233057772,0,200,0.7
2026-09-11T19:59:34Z,3661,546.3,1000,1000,0,235952116,0,200,7.1
2026-09-11T20:00:03Z,3691,512.7,1000,1000,0,237891934,0,200,0.6
2026-09-11T20:00:33Z,3721,535.2,1000,1000,0,239771054,0,200,0.5
2026-09-11T20:01:04Z,3751,562.2,1000,1000,0,241713110,0,200,0.6
2026-09-11T20:01:33Z,3781,541.3,1000,1000,0,243593440,0,200,0.6
2026-09-11T20:02:03Z,3811,522.7,1000,1000,0,245472645,0,200,0.6
2026-09-11T20:02:34Z,3841,551.3,1000,1000,0,247413406,0,200,0.6
2026-09-11T20:03:03Z,3871,537.5,1000,1000,0,249291526,0,200,1.4
2026-09-11T20:03:33Z,3901,531.8,1000,1000,0,251170646,0,200,0.9
2026-09-11T20:04:04Z,3931,544.6,1000,1000,0,253112702,0,200,3.2
2026-09-11T20:04:33Z,3961,522.5,1000,1000,0,254991822,0,200,0.6
2026-09-11T20:05:03Z,3991,536.9,1000,1000,0,256869942,0,200,0.6
2026-09-11T20:05:34Z,4021,553.0,1000,1000,0,258812257,0,200,0.7
2026-09-11T20:06:03Z,4051,532.6,1000,1000,0,260691118,0,200,0.5
2026-09-11T20:06:33Z,4081,515.1,1000,1000,0,262570238,0,200,0.9
2026-09-11T20:07:03Z,4111,515.8,1000,1000,0,264512294,0,200,0.5
2026-09-11T20:07:33Z,4141,509.2,1000,1000,0,266391414,0,200,0.6
2026-09-11T20:08:03Z,4171,514.3,1000,1000,0,268269534,0,200,0.5
2026-09-11T20:08:33Z,4201,566.5,1000,1000,0,270212590,0,200,0.6
2026-09-11T20:09:03Z,4231,522.5,1000,1000,0,272090710,0,200,1.2
2026-09-11T20:09:33Z,4261,534.4,1000,1000,0,273969830,0,200,0.7
2026-09-11T20:10:03Z,4291,546.7,1000,1000,0,275906477,0,200,16.7
2026-09-11T20:10:33Z,4321,553.8,1000,1000,0,277791006,0,200,0.6
2026-09-11T20:11:03Z,4351,515.9,1000,1000,0,279673133,0,200,0.5
2026-09-11T20:11:33Z,4381,545.9,1000,1000,0,281606903,0,200,17.6
2026-09-11T20:12:03Z,4411,502.3,1000,1000,0,283497447,0,200,0.8
2026-09-11T20:12:33Z,4441,548.1,1000,1000,0,285377414,0,200,0.8
2026-09-11T20:13:03Z,4471,514.1,1000,1000,0,287319470,0,200,0.5
2026-09-11T20:13:33Z,4501,522.6,1000,1000,0,289198590,0,200,1.0
2026-09-11T20:14:03Z,4531,542.2,1000,1000,0,291076710,0,200,0.5
2026-09-11T20:14:33Z,4561,549.0,1000,1000,0,293019766,0,200,2.0
2026-09-11T20:15:03Z,4591,543.1,1000,1000,0,294897886,0,200,0.5
2026-09-11T20:15:33Z,4621,532.0,1000,1000,0,296777006,0,200,0.8
2026-09-11T20:16:03Z,4651,528.6,1000,1000,0,298713269,0,200,41.0
2026-09-11T20:16:33Z,4681,493.6,1000,1000,0,300606174,0,200,0.6
2026-09-11T20:17:03Z,4711,554.0,1000,1000,0,302484294,0,200,0.5
2026-09-11T20:17:33Z,4741,537.0,1000,1000,0,304427350,0,200,0.7
2026-09-11T20:18:03Z,4771,537.1,1000,1000,0,306305470,0,200,0.5
2026-09-11T20:18:33Z,4801,534.4,1000,1000,0,308184590,0,200,0.6
2026-09-11T20:19:03Z,4831,537.9,1000,1000,0,310120748,0,200,12.2
2026-09-11T20:19:33Z,4861,533.6,1000,1000,0,312007254,0,200,0.5
2026-09-11T20:20:03Z,4891,541.2,1000,1000,0,313890744,0,200,1.7
2026-09-11T20:20:34Z,4921,551.7,1000,1000,0,315830474,0,200,0.8
2026-09-11T20:21:03Z,4951,520.3,1000,1000,0,317713054,0,200,0.6
2026-09-11T20:21:33Z,4981,538.8,1000,1000,0,319592174,0,200,0.5
2026-09-11T20:22:04Z,5011,503.5,1000,1000,0,321535258,0,200,0.9
2026-09-11T20:22:33Z,5041,535.0,1000,1000,0,323413350,0,200,0.5
2026-09-11T20:23:03Z,5071,535.3,1000,1000,0,325291470,0,200,0.6
2026-09-11T20:23:33Z,5101,561.9,1000,1000,0,327231394,0,200,2.7
2026-09-11T20:24:03Z,5131,488.1,1000,1000,0,329112646,0,200,0.6
2026-09-11T20:24:33Z,5161,548.3,1000,1000,0,330991766,0,200,0.6
2026-09-11T20:25:03Z,5191,533.1,1000,1000,0,332933822,0,200,0.7
2026-09-11T20:25:33Z,5221,523.0,1000,1000,0,334812942,0,200,0.8
2026-09-11T20:26:03Z,5251,545.2,1000,1000,0,336694390,0,200,1.2
2026-09-11T20:26:33Z,5281,530.5,1000,1000,0,338635791,0,200,0.7
2026-09-11T20:27:03Z,5311,551.3,1000,1000,0,340518360,0,200,1.3
2026-09-11T20:27:33Z,5341,545.7,1000,1000,0,342399350,0,200,0.5
2026-09-11T20:28:03Z,5371,561.9,1000,1000,0,344336184,0,200,13.2
2026-09-11T20:28:33Z,5401,507.5,1000,1000,0,346222754,0,200,0.5
2026-09-11T20:29:03Z,5431,539.0,1000,1000,0,348105997,0,200,2.3
2026-09-11T20:29:33Z,5461,532.9,1000,1000,0,350049694,0,200,1.3
2026-09-11T20:30:03Z,5491,565.3,1000,1000,0,352944283,0,200,1.0
2026-09-11T20:30:33Z,5521,537.3,1000,1000,0,354823820,0,200,2.6
2026-09-11T20:31:04Z,5551,519.7,1000,1000,0,356768591,0,200,0.9
2026-09-11T20:31:33Z,5581,523.1,1000,1000,0,358648089,0,200,0.4
2026-09-11T20:32:03Z,5611,517.2,1000,1000,0,360526209,0,200,0.6
2026-09-11T20:32:34Z,5641,492.4,1000,1000,0,362469265,0,200,0.5
2026-09-11T20:33:03Z,5671,523.5,1000,1000,0,364347385,0,200,0.6
2026-09-11T20:33:33Z,5701,498.6,1000,1000,0,366226505,0,200,0.4
2026-09-11T20:34:04Z,5731,545.0,1000,1000,0,368168566,0,200,1.7
2026-09-11T20:34:33Z,5761,542.8,1000,1000,0,370047681,0,200,0.5
2026-09-11T20:35:03Z,5791,514.7,1000,1000,0,371925801,0,200,0.6
2026-09-11T20:35:33Z,5821,535.7,1000,1000,0,373868857,0,200,0.8
2026-09-11T20:36:03Z,5851,525.6,1000,1000,0,375746977,0,200,0.6
2026-09-11T20:36:33Z,5881,503.9,1000,1000,0,377626097,0,200,0.7
2026-09-11T20:37:03Z,5911,534.4,1000,1000,0,379568153,0,200,2.5
2026-09-11T20:37:33Z,5941,533.2,1000,1000,0,381447273,0,200,0.5
2026-09-11T20:38:03Z,5971,540.3,1000,1000,0,383325393,0,200,0.8
2026-09-11T20:38:33Z,6001,559.4,1000,1000,0,385268449,0,200,3.5
2026-09-11T20:39:03Z,6031,500.3,1000,1000,0,387146569,0,200,0.6
2026-09-11T20:39:33Z,6061,538.4,1000,1000,0,389025689,0,200,0.5
2026-09-11T20:40:04Z,6091,554.2,1000,1000,0,390965195,0,200,4.0
2026-09-11T20:40:33Z,6121,531.2,1000,1000,0,392857996,0,200,0.9
2026-09-11T20:41:03Z,6151,478.3,1000,1000,0,394736832,0,200,0.4
2026-09-11T20:41:34Z,6181,530.7,1000,1000,0,396684025,0,200,1.2
2026-09-11T20:42:03Z,6211,544.7,1000,1000,0,398562145,0,200,2.2
2026-09-11T20:42:33Z,6241,528.7,1000,1000,0,400441265,0,200,0.9
2026-09-11T20:43:04Z,6271,513.9,1000,1000,0,402383321,0,200,0.5
2026-09-11T20:43:33Z,6301,526.7,1000,1000,0,404262441,0,200,0.5
2026-09-11T20:44:03Z,6331,520.5,1000,1000,0,406140561,0,200,0.6
2026-09-11T20:44:34Z,6361,512.3,1000,1000,0,408083617,0,200,0.6
2026-09-11T20:45:03Z,6391,515.5,1000,1000,0,409961737,0,200,0.5
2026-09-11T20:45:33Z,6421,535.8,1000,1000,0,411840857,0,200,0.6
2026-09-11T20:46:04Z,6451,537.7,1000,1000,0,413782913,0,200,2.0
2026-09-11T20:46:33Z,6481,509.2,1000,1000,0,415664747,0,200,145.9
2026-09-11T20:47:03Z,6511,531.6,1000,1000,0,417556137,0,200,0.6
2026-09-11T20:47:33Z,6541,518.4,1000,1000,0,419435257,0,200,0.6
2026-09-11T20:48:03Z,6571,534.0,1000,1000,0,421377313,0,200,1.6
2026-09-11T20:48:33Z,6601,546.2,1000,1000,0,423256433,0,200,0.6
2026-09-11T20:49:03Z,6631,525.1,1000,1000,0,425134553,0,200,0.5
2026-09-11T20:49:33Z,6661,538.9,1000,1000,0,427072460,0,200,1.0
2026-09-11T20:50:03Z,6691,557.1,1000,1000,0,428955729,0,200,0.4
2026-09-11T20:50:33Z,6721,552.7,1000,1000,0,430834849,0,200,0.6
2026-09-11T20:51:03Z,6751,495.2,1000,1000,0,432771584,0,200,61.7
2026-09-11T20:51:33Z,6781,514.3,1000,1000,0,434663540,0,200,1.4
2026-09-11T20:52:03Z,6811,521.5,1000,1000,0,436542137,0,200,0.9
2026-09-11T20:52:33Z,6841,548.5,1000,1000,0,438485193,0,200,0.6
2026-09-11T20:53:03Z,6871,514.6,1000,1000,0,440363313,0,200,0.5
2026-09-11T20:53:33Z,6901,514.4,1000,1000,0,442242433,0,200,0.6
2026-09-11T20:54:04Z,6931,536.8,1000,1000,0,444189657,0,200,0.6
2026-09-11T20:54:33Z,6961,520.7,1000,1000,0,446071601,0,200,2.3
2026-09-11T20:55:03Z,6991,515.9,1000,1000,0,447949721,0,200,0.6
2026-09-11T20:55:34Z,7021,541.1,1000,1000,0,449891462,0,200,0.8
2026-09-11T20:56:03Z,7051,502.8,1000,1000,0,451770897,0,200,0.6
2026-09-11T20:56:33Z,7081,516.1,1000,1000,0,453650017,0,200,0.5
2026-09-11T20:57:03Z,7111,530.3,1000,1000,0,455592073,0,200,0.5
2026-09-11T20:57:33Z,7141,511.7,1000,1000,0,457471193,0,200,0.9
2026-09-11T20:58:03Z,7171,530.0,1000,1000,0,459354478,0,200,0.6
2026-09-11T20:58:34Z,7201,540.0,1000,1000,0,461299211,0,200,0.5
2026-09-11T20:59:03Z,7231,518.8,1000,1000,0,463178481,0,200,0.8
2026-09-11T20:59:33Z,7261,531.7,1000,1000,0,465057601,0,200,0.7
2026-09-11T21:00:04Z,7291,566.7,1000,1000,0,467987401,0,200,1.1
2026-09-11T21:00:33Z,7321,550.1,1000,1000,0,469864502,0,200,61.4
2026-09-11T21:01:03Z,7351,556.6,1000,1000,0,471754898,0,200,2.5
2026-09-11T21:01:33Z,7381,551.6,1000,1000,0,473634018,0,200,0.4
2026-09-11T21:02:03Z,7411,528.0,1000,1000,0,475577073,0,200,0.7
2026-09-11T21:02:33Z,7441,555.6,1000,1000,0,477456193,0,200,0.7
2026-09-11T21:03:03Z,7471,535.3,1000,1000,0,479334313,0,200,0.5
2026-09-11T21:03:33Z,7501,536.8,1000,1000,0,481272149,0,200,31.4
2026-09-11T21:04:03Z,7531,554.5,1000,1000,0,483162482,0,200,0.7
2026-09-11T21:04:33Z,7561,542.7,1000,1000,0,485042601,0,200,0.6
2026-09-11T21:05:03Z,7591,515.0,1000,1000,0,486984657,0,200,0.5
2026-09-11T21:05:33Z,7621,523.3,1000,1000,0,488863777,0,200,0.7
2026-09-11T21:06:03Z,7651,525.4,1000,1000,0,490741897,0,200,0.5
2026-09-11T21:06:33Z,7681,553.3,1000,1000,0,492684953,0,200,2.5
2026-09-11T21:07:03Z,7711,560.1,1000,1000,0,494563073,0,200,0.5
2026-09-11T21:07:33Z,7741,535.5,1000,1000,0,496442193,0,200,0.5
2026-09-11T21:08:03Z,7771,577.8,1000,1000,0,498378360,0,200,45.1
2026-09-11T21:08:33Z,7801,539.0,1000,1000,0,500266945,0,200,1.3
2026-09-11T21:09:03Z,7831,554.0,1000,1000,0,502149481,0,200,0.9
2026-09-11T21:09:34Z,7861,543.0,1000,1000,0,504100529,0,200,1.6
2026-09-11T21:10:03Z,7891,509.8,1000,1000,0,505978649,0,200,0.5
2026-09-11T21:10:33Z,7921,526.7,1000,1000,0,507857769,0,200,0.6
2026-09-11T21:11:04Z,7951,531.1,1000,1000,0,509797063,0,200,1.0
2026-09-11T21:11:33Z,7981,557.4,1000,1000,0,511678945,0,200,0.6
2026-09-11T21:12:03Z,8011,531.3,1000,1000,0,513557065,0,200,0.5
2026-09-11T21:12:34Z,8041,545.3,1000,1000,0,515496404,0,200,1.7
2026-09-11T21:13:03Z,8071,529.0,1000,1000,0,517378241,0,200,1.8
2026-09-11T21:13:33Z,8101,535.4,1000,1000,0,519257361,0,200,0.5
2026-09-11T21:14:04Z,8131,545.1,1000,1000,0,521199417,0,200,0.9
2026-09-11T21:14:33Z,8161,552.5,1000,1000,0,523081151,0,200,1.3
2026-09-11T21:15:03Z,8191,543.1,1000,1000,0,524956657,0,200,0.6
2026-09-11T21:15:33Z,8221,544.0,1000,1000,0,526899713,0,200,0.6
2026-09-11T21:16:03Z,8251,545.5,1000,1000,0,528777833,0,200,0.7
2026-09-11T21:16:33Z,8281,519.9,1000,1000,0,530656953,0,200,0.5
2026-09-11T21:17:04Z,8311,556.8,1000,1000,0,532613559,0,200,2.3
2026-09-11T21:17:33Z,8341,554.1,1000,1000,0,534494113,0,200,1.3
2026-09-11T21:18:03Z,8371,524.6,1000,1000,0,536372233,0,200,2.4
2026-09-11T21:18:34Z,8401,557.4,1000,1000,0,538315289,0,200,0.4
2026-09-11T21:19:03Z,8431,506.0,1000,1000,0,540193409,0,200,0.6
2026-09-11T21:19:33Z,8461,539.7,1000,1000,0,542072529,0,200,0.6
2026-09-11T21:20:04Z,8491,575.6,1000,1000,0,544013432,0,200,3.4
2026-09-11T21:20:33Z,8521,572.4,1000,1000,0,545909689,0,200,0.5
2026-09-11T21:21:03Z,8551,541.8,1000,1000,0,547787809,0,200,0.8
2026-09-11T21:21:33Z,8581,525.8,1000,1000,0,549668616,0,200,0.7
2026-09-11T21:22:03Z,8611,560.5,1000,1000,0,551606052,0,200,0.4
2026-09-11T21:22:33Z,8641,533.1,1000,1000,0,553488105,0,200,0.8
2026-09-11T21:23:03Z,8671,562.8,1000,1000,0,555366225,0,200,0.5
2026-09-11T21:23:33Z,8701,560.5,1000,1000,0,557303807,0,200,52.9
2026-09-11T21:24:03Z,8731,567.9,1000,1000,0,559188361,0,200,0.5
2026-09-11T21:24:33Z,8761,561.5,1000,1000,0,561066521,0,200,0.6
2026-09-11T21:25:03Z,8791,544.4,1000,1000,0,563008577,0,200,0.7
2026-09-11T21:25:33Z,8821,526.8,1000,1000,0,564891289,0,200,0.9
2026-09-11T21:26:03Z,8851,551.0,1000,1000,0,566768184,0,200,0.5
2026-09-11T21:26:33Z,8881,563.8,1000,1000,0,568708873,0,200,0.4
2026-09-11T21:27:03Z,8911,536.3,1000,1000,0,570586993,0,200,0.7
2026-09-11T21:27:34Z,8941,561.7,1000,1000,0,572530049,0,200,0.5
2026-09-11T21:28:03Z,8971,531.1,1000,1000,0,574414153,0,200,3.8
2026-09-11T21:28:33Z,9001,504.7,1000,1000,0,576295281,0,200,1.0
2026-09-11T21:29:03Z,9031,504.9,1000,1000,0,578173401,0,200,0.6
2026-09-11T21:29:33Z,9061,533.5,1000,1000,0,580110911,0,200,44.8
2026-09-11T21:30:04Z,9091,543.7,1000,1000,0,582970733,0,200,4.5
2026-09-11T21:30:33Z,9121,570.8,1000,1000,0,584874695,0,200,0.8
2026-09-11T21:31:03Z,9151,516.2,1000,1000,0,586752815,0,200,0.6
2026-09-11T21:31:34Z,9181,531.2,1000,1000,0,588695871,0,200,0.5
2026-09-11T21:32:03Z,9211,545.8,1000,1000,0,590573991,0,200,0.6
2026-09-11T21:32:33Z,9241,542.9,1000,1000,0,592453111,0,200,0.5
2026-09-11T21:33:04Z,9271,531.1,1000,1000,0,594395167,0,200,0.6
2026-09-11T21:33:33Z,9301,516.5,1000,1000,0,596274287,0,200,0.6
2026-09-11T21:34:03Z,9331,517.4,1000,1000,0,598152407,0,200,0.6
2026-09-11T21:34:34Z,9361,533.4,1000,1000,0,600095463,0,200,0.4
2026-09-11T21:35:03Z,9391,528.0,1000,1000,0,601973583,0,200,0.5
2026-09-11T21:35:33Z,9421,527.5,1000,1000,0,603852703,0,200,0.6
2026-09-11T21:36:04Z,9451,547.9,1000,1000,0,605794795,0,200,1.2
2026-09-11T21:36:33Z,9481,503.2,1000,1000,0,607673879,0,200,0.4
2026-09-11T21:37:03Z,9511,512.7,1000,1000,0,609551999,0,200,1.5
2026-09-11T21:37:33Z,9541,552.4,1000,1000,0,611495055,0,200,0.4
2026-09-11T21:38:03Z,9571,527.9,1000,1000,0,613373175,0,200,0.5
2026-09-11T21:38:33Z,9601,539.2,1000,1000,0,615252295,0,200,0.7
2026-09-11T21:39:03Z,9631,525.3,1000,1000,0,617194351,0,200,0.5
2026-09-11T21:39:33Z,9661,548.2,1000,1000,0,619073471,0,200,0.6
2026-09-11T21:40:03Z,9691,546.2,1000,1000,0,620951591,0,200,0.8
2026-09-11T21:40:33Z,9721,535.7,1000,1000,0,622888659,0,200,20.6
2026-09-11T21:41:03Z,9751,539.7,1000,1000,0,624777199,0,200,0.5
2026-09-11T21:41:33Z,9781,542.3,1000,1000,0,626659879,0,200,0.8
2026-09-11T21:42:03Z,9811,528.6,1000,1000,0,628601935,0,200,0.5
2026-09-11T21:42:33Z,9841,535.1,1000,1000,0,630491339,0,200,111.0
2026-09-11T21:43:03Z,9871,529.3,1000,1000,0,632377976,0,200,0.8
2026-09-11T21:43:33Z,9901,527.6,1000,1000,0,634256821,0,200,0.8
2026-09-11T21:44:03Z,9931,550.7,1000,1000,0,636203958,0,200,2.5
2026-09-11T21:44:33Z,9961,511.7,1000,1000,0,638083447,0,200,1.3
2026-09-11T21:45:03Z,9991,523.5,1000,1000,0,639961567,0,200,0.6
2026-09-11T21:45:33Z,10021,529.9,1000,1000,0,641904623,0,200,0.5
2026-09-11T21:46:03Z,10051,503.7,1000,1000,0,643782743,0,200,0.7
2026-09-11T21:46:33Z,10081,519.5,1000,1000,0,645661863,0,200,0.9
2026-09-11T21:47:03Z,10111,515.7,1000,1000,0,647598642,0,200,37.0
2026-09-11T21:47:33Z,10141,513.6,1000,1000,0,649484246,0,200,0.8
2026-09-11T21:48:03Z,10171,538.4,1000,1000,0,651367029,0,200,1.2
2026-09-11T21:48:33Z,10201,541.1,1000,1000,0,653310547,0,200,1.4
2026-09-11T21:49:03Z,10231,501.3,1000,1000,0,655190327,0,200,0.6
2026-09-11T21:49:33Z,10261,530.0,1000,1000,0,657069447,0,200,0.6
2026-09-11T21:50:03Z,10291,524.6,1000,1000,0,659011503,0,200,1.6
2026-09-11T21:50:33Z,10321,484.9,1000,1000,0,660890623,0,200,0.5
2026-09-11T21:51:03Z,10351,526.1,1000,1000,0,662768743,0,200,0.5
2026-09-11T21:51:33Z,10381,572.7,1000,1000,0,664706370,0,200,19.6
2026-09-11T21:52:03Z,10411,518.7,1000,1000,0,666594295,0,200,1.4
2026-09-11T21:52:33Z,10441,525.0,1000,1000,0,668474325,0,200,2.3
2026-09-11T21:53:03Z,10471,547.0,1000,1000,0,670405788,0,200,4.9
2026-09-11T21:53:33Z,10501,542.4,1000,1000,0,672296929,0,200,0.6
2026-09-11T21:54:03Z,10531,517.9,1000,1000,0,674176327,0,200,1.3
2026-09-11T21:54:33Z,10561,502.0,1000,1000,0,676119383,0,200,0.8
2026-09-11T21:55:03Z,10591,533.8,1000,1000,0,677997503,0,200,0.7
2026-09-11T21:55:33Z,10621,534.3,1000,1000,0,679876623,0,200,0.5
2026-09-11T21:56:03Z,10651,557.8,1000,1000,0,681818679,0,200,0.7
2026-09-11T21:56:33Z,10681,488.6,1000,1000,0,683697799,0,200,0.6
2026-09-11T21:57:03Z,10711,539.8,1000,1000,0,685575919,0,200,0.6
2026-09-11T21:57:33Z,10741,501.5,1000,1000,0,687513424,0,200,28.4
2026-09-11T21:58:03Z,10771,517.9,1000,1000,0,689397095,0,200,0.8
2026-09-11T21:58:33Z,10801,548.0,1000,1000,0,691280440,0,200,0.9
2026-09-11T21:59:03Z,10831,515.9,1000,1000,0,693223603,0,200,2.5
2026-09-11T21:59:33Z,10861,526.0,1000,1000,0,695105383,0,200,1.1
2026-09-11T22:00:03Z,10891,508.8,1000,1000,0,696983503,0,200,0.9
2026-09-11T22:00:34Z,10921,575.3,1000,1000,0,699930554,0,200,0.5
2026-09-11T22:01:03Z,10951,521.1,1000,1000,0,701808674,0,200,0.7
2026-09-11T22:01:33Z,10981,527.9,1000,1000,0,703688746,0,200,0.6
2026-09-11T22:02:04Z,11011,535.0,1000,1000,0,705628176,0,200,0.7
2026-09-11T22:02:33Z,11041,518.8,1000,1000,0,707509969,0,200,0.8
2026-09-11T22:03:03Z,11071,506.3,1000,1000,0,709388089,0,200,0.5
2026-09-11T22:03:34Z,11101,553.0,1000,1000,0,711325718,0,200,3.0
2026-09-11T22:04:03Z,11131,497.6,1000,1000,0,713209265,0,200,0.5
2026-09-11T22:04:33Z,11161,519.9,1000,1000,0,715089660,0,200,0.6
2026-09-11T22:05:04Z,11191,555.7,1000,1000,0,717035490,0,200,1.5
2026-09-11T22:05:33Z,11221,523.3,1000,1000,0,718916554,0,200,0.6
2026-09-11T22:06:03Z,11251,554.2,1000,1000,0,720795673,0,200,0.5
2026-09-11T22:06:34Z,11281,552.0,1000,1000,0,722741086,0,200,0.7
2026-09-11T22:07:03Z,11311,553.9,1000,1000,0,724616849,0,200,0.6
2026-09-11T22:07:33Z,11341,547.8,1000,1000,0,726501021,0,200,1.0
2026-09-11T22:08:04Z,11371,540.8,1000,1000,0,728446017,0,200,0.7
2026-09-11T22:08:33Z,11401,544.5,1000,1000,0,730325137,0,200,0.8
2026-09-11T22:09:03Z,11431,527.9,1000,1000,0,732203257,0,200,0.7
2026-09-11T22:09:34Z,11461,544.2,1000,1000,0,734143979,0,200,2.3
2026-09-11T22:10:03Z,11491,560.1,1000,1000,0,736024433,0,200,0.6
2026-09-11T22:10:33Z,11521,524.1,1000,1000,0,737909038,0,200,2.7
2026-09-11T22:11:04Z,11551,499.7,1000,1000,0,739852602,0,200,1.1
2026-09-11T22:11:33Z,11581,552.7,1000,1000,0,741731722,0,200,0.9
2026-09-11T22:12:03Z,11611,525.0,1000,1000,0,743610841,0,200,1.4
2026-09-11T22:12:34Z,11641,526.9,1000,1000,0,745556934,0,200,2.7
2026-09-11T22:13:03Z,11671,542.2,1000,1000,0,747432931,0,200,0.6
2026-09-11T22:13:33Z,11701,517.0,1000,1000,0,749313527,0,200,0.6
2026-09-11T22:14:04Z,11731,518.7,1000,1000,0,751259386,0,200,1.1
2026-09-11T22:14:33Z,11761,529.4,1000,1000,0,753139801,0,200,2.6
2026-09-11T22:15:03Z,11791,530.8,1000,1000,0,755018425,0,200,1.2
2026-09-11T22:15:34Z,11821,520.6,1000,1000,0,756961481,0,200,1.2
2026-09-11T22:16:03Z,11851,493.2,1000,1000,0,758839601,0,200,1.1
2026-09-11T22:16:33Z,11881,511.9,1000,1000,0,760718721,0,200,0.5
2026-09-11T22:17:04Z,11911,517.2,1000,1000,0,762668769,0,200,1.7
2026-09-11T22:17:33Z,11941,536.1,1000,1000,0,764547889,0,200,2.6
2026-09-11T22:18:03Z,11971,511.1,1000,1000,0,766430116,0,200,1.4
2026-09-11T22:18:33Z,12001,527.9,1000,1000,0,768312004,0,200,1.2
2026-09-11T22:19:03Z,12031,528.9,1000,1000,0,770249982,0,200,19.4
2026-09-11T22:19:33Z,12061,491.8,1000,1000,0,772134297,0,200,0.4
2026-09-11T22:20:03Z,12091,513.6,1000,1000,0,774012417,0,200,0.9
2026-09-11T22:20:33Z,12121,524.3,1000,1000,0,775951058,0,200,28.5
2026-09-11T22:21:03Z,12151,524.3,1000,1000,0,777840829,0,200,0.8
2026-09-11T22:21:33Z,12181,530.4,1000,1000,0,779720705,0,200,0.5
2026-09-11T22:22:03Z,12211,550.7,1000,1000,0,781662761,0,200,0.6
2026-09-11T22:22:33Z,12241,500.3,1000,1000,0,783541881,0,200,0.5
2026-09-11T22:23:03Z,12271,549.3,1000,1000,0,785420001,0,200,0.7
2026-09-11T22:23:33Z,12301,539.6,1000,1000,0,787363057,0,200,0.9
2026-09-11T22:24:03Z,12331,518.9,1000,1000,0,789241177,0,200,0.6
2026-09-11T22:24:33Z,12361,506.4,1000,1000,0,791120297,0,200,0.4
2026-09-11T22:25:03Z,12391,524.4,1000,1000,0,793056089,0,200,10.8
2026-09-11T22:25:33Z,12421,542.5,1000,1000,0,794941473,0,200,0.6
2026-09-11T22:26:03Z,12451,512.7,1000,1000,0,796819593,0,200,0.7
2026-09-11T22:26:33Z,12481,544.3,1000,1000,0,798762649,0,200,0.6
2026-09-11T22:27:03Z,12511,544.7,1000,1000,0,800640769,0,200,0.5
2026-09-11T22:27:34Z,12542,522.2,1000,1000,0,802583825,0,200,0.8
2026-09-11T22:28:04Z,12572,534.9,1000,1000,0,804525881,0,200,0.5
2026-09-11T22:28:34Z,12602,547.5,1000,1000,0,806405001,0,200,0.6
2026-09-11T22:29:05Z,12632,561.3,1000,1000,0,808347057,0,200,0.4
2026-09-11T22:29:34Z,12662,549.4,1000,1000,0,810227234,0,200,0.6
2026-09-11T22:30:04Z,12692,535.5,1000,1000,0,812112289,0,200,0.7
2026-09-11T22:30:34Z,12722,534.3,1000,1000,0,814979420,0,200,0.7
2026-09-11T22:31:05Z,12752,547.7,1000,1000,0,816917072,0,200,1.8
2026-09-11T22:31:34Z,12782,532.8,1000,1000,0,818800596,0,200,0.9
2026-09-11T22:32:04Z,12812,513.3,1000,1000,0,820678716,0,200,0.5
2026-09-11T22:32:35Z,12842,518.9,1000,1000,0,822621772,0,200,0.5
2026-09-11T22:33:04Z,12872,519.2,1000,1000,0,824499892,0,200,0.6
2026-09-11T22:33:34Z,12902,524.7,1000,1000,0,826380757,0,200,0.8
2026-09-11T22:34:05Z,12932,526.5,1000,1000,0,828329060,0,200,1.5
2026-09-11T22:34:34Z,12962,499.4,1000,1000,0,830208180,0,200,0.5
2026-09-11T22:35:04Z,12992,521.5,1000,1000,0,832086300,0,200,0.7
2026-09-11T22:35:35Z,13022,546.4,1000,1000,0,834033421,0,200,1.9
2026-09-11T22:36:04Z,13052,562.7,1000,1000,0,835915468,0,200,1.3
2026-09-11T22:36:34Z,13082,513.1,1000,1000,0,837794588,0,200,0.8
2026-09-11T22:37:05Z,13112,510.3,1000,1000,0,839736644,0,200,0.6
2026-09-11T22:37:34Z,13142,546.6,1000,1000,0,841616525,0,200,0.6
2026-09-11T22:38:04Z,13172,507.3,1000,1000,0,843501876,0,200,0.6
2026-09-11T22:38:34Z,13202,557.5,1000,1000,0,845382248,0,200,0.8
2026-09-11T22:39:04Z,13232,510.8,1000,1000,0,847327377,0,200,0.9
2026-09-11T22:39:34Z,13262,527.3,1000,1000,0,849210164,0,200,0.6
2026-09-11T22:40:04Z,13292,543.5,1000,1000,0,851088284,0,200,0.5
2026-09-11T22:40:34Z,13322,528.8,1000,1000,0,853031340,0,200,0.6
2026-09-11T22:41:04Z,13352,515.5,1000,1000,0,854909460,0,200,0.5
2026-09-11T22:41:34Z,13382,495.3,1000,1000,0,856788580,0,200,0.7
2026-09-11T22:42:04Z,13412,528.9,1000,1000,0,858725114,0,200,24.2
2026-09-11T22:42:34Z,13442,530.8,1000,1000,0,860611844,0,200,0.6
2026-09-11T22:43:04Z,13472,509.7,1000,1000,0,862495097,0,200,0.5
2026-09-11T22:43:35Z,13502,538.8,1000,1000,0,864437824,0,200,5.2
2026-09-11T22:44:04Z,13532,546.6,1000,1000,0,866327790,0,200,89.5
2026-09-11T22:44:34Z,13562,535.8,1000,1000,0,868212148,0,200,0.5
2026-09-11T22:45:04Z,13592,544.6,1000,1000,0,870092877,0,200,0.7
2026-09-11T22:45:35Z,13622,530.6,1000,1000,0,872035081,0,200,1.1
2026-09-11T22:46:04Z,13652,555.1,1000,1000,0,873919436,0,200,0.7
2026-09-11T22:46:34Z,13682,546.5,1000,1000,0,875798556,0,200,0.7
2026-09-11T22:47:04Z,13712,533.8,1000,1000,0,877740612,0,200,1.5
2026-09-11T22:47:34Z,13742,528.4,1000,1000,0,879619732,0,200,0.5
2026-09-11T22:48:04Z,13772,531.2,1000,1000,0,881497852,0,200,0.7
2026-09-11T22:48:34Z,13802,564.6,1000,1000,0,883435165,0,200,5.1
2026-09-11T22:49:04Z,13832,535.4,1000,1000,0,885324611,0,200,1.9
2026-09-11T22:49:34Z,13862,483.4,1000,1000,0,887204882,0,200,1.0
2026-09-11T22:50:04Z,13892,551.3,1000,1000,0,889148196,0,200,0.8
2026-09-11T22:50:34Z,13922,542.9,1000,1000,0,891027316,0,200,0.6
2026-09-11T22:51:04Z,13952,520.5,1000,1000,0,892905436,0,200,0.7
2026-09-11T22:51:34Z,13982,554.7,1000,1000,0,894843604,0,200,0.9
2026-09-11T22:52:04Z,14012,504.5,1000,1000,0,896726612,0,200,0.8
2026-09-11T22:52:34Z,14042,546.7,1000,1000,0,898605732,0,200,0.5
2026-09-11T22:53:04Z,14072,544.3,1000,1000,0,900542192,0,200,24.6
2026-09-11T22:53:34Z,14102,529.7,1000,1000,0,902430378,0,200,0.7
2026-09-11T22:54:04Z,14132,499.6,1000,1000,0,904311771,0,200,1.3
2026-09-11T22:54:34Z,14162,510.6,1000,1000,0,906256076,0,200,0.4
2026-09-11T22:55:04Z,14192,518.6,1000,1000,0,908134196,0,200,0.6
2026-09-11T22:55:34Z,14222,529.9,1000,1000,0,910013316,0,200,0.6
2026-09-11T22:56:04Z,14252,514.9,1000,1000,0,911955372,0,200,0.7
2026-09-11T22:56:34Z,14282,531.5,1000,1000,0,913834492,0,200,0.5
2026-09-11T22:57:04Z,14312,534.5,1000,1000,0,915713925,0,200,0.6
2026-09-11T22:57:34Z,14342,540.3,1000,1000,0,917650813,0,200,1.0
2026-09-11T22:58:04Z,14372,575.2,1000,1000,0,919515277,0,200,1.8
2026-09-11T22:58:34Z,14402,519.8,1000,1000,0,921436884,0,200,0.7
2026-09-11T22:59:04Z,14432,535.5,1000,1000,0,923318595,0,200,0.8
2026-09-11T22:59:35Z,14462,516.4,1000,1000,0,925258503,0,200,2.8
2026-09-11T23:00:04Z,14492,531.5,1000,1000,0,927144172,0,200,0.7
2026-09-11T23:00:34Z,14522,549.6,999,999,1,929040722,1,200,0.6
2026-09-11T23:01:04Z,14552,495.4,999,999,1,930923918,1,200,0.6
2026-09-11T23:01:35Z,14582,525.9,999,999,1,932873013,1,200,0.6
2026-09-11T23:02:04Z,14612,531.9,999,999,1,934751231,1,200,0.5
2026-09-11T23:02:35Z,14642,578.0,1000,1000,1,937616492,1,200,12.7
2026-09-11T23:03:05Z,14672,534.1,1000,1000,1,939574108,1,200,0.5
2026-09-11T23:03:34Z,14702,562.0,1000,1000,1,941453228,1,200,1.0
2026-09-11T23:04:04Z,14732,532.6,1000,1000,1,943331348,1,200,0.5
2026-09-11T23:04:35Z,14762,525.0,1000,1000,1,945276448,1,200,0.8
2026-09-11T23:05:04Z,14792,560.6,1000,1000,1,947155812,1,200,0.8
2026-09-11T23:05:34Z,14822,539.0,1000,1000,1,949038637,1,200,0.7
2026-09-11T23:06:05Z,14852,535.0,1000,1000,1,950981692,1,200,0.4
2026-09-11T23:06:34Z,14882,523.4,1000,1000,1,952850888,1,200,3.5
2026-09-11T23:07:04Z,14912,539.5,1000,1000,1,954752719,1,200,0.9
2026-09-11T23:07:34Z,14942,526.7,1000,1000,1,956631621,1,200,1.0
2026-09-11T23:08:04Z,14972,555.4,1000,1000,1,958575093,1,200,1.7
2026-09-11T23:08:34Z,15002,525.3,1000,1000,1,960454213,1,200,0.4
2026-09-11T23:09:04Z,15032,525.2,1000,1000,1,962333332,1,200,0.7
2026-09-11T23:09:34Z,15062,540.2,1000,1000,1,964271101,1,200,19.4
2026-09-11T23:10:04Z,15092,534.0,1000,1000,1,966161161,1,200,1.7
2026-09-11T23:10:34Z,15122,536.3,1000,1000,1,968040621,1,200,0.7
2026-09-11T23:11:04Z,15152,552.8,1000,1000,1,969983631,1,200,0.6
2026-09-11T23:11:34Z,15182,543.9,1000,1000,1,971862796,1,200,0.5
2026-09-11T23:12:04Z,15212,585.5,1000,1000,1,973740916,1,200,0.6
2026-09-11T23:12:34Z,15242,532.4,1000,1000,1,975678120,1,200,1.3
2026-09-11T23:13:04Z,15272,523.0,1000,1000,1,977568762,1,200,1.9
2026-09-11T23:13:34Z,15302,542.0,1000,1000,1,979448205,1,200,0.6
2026-09-11T23:14:05Z,15332,549.6,1000,1000,1,981391260,1,200,0.6
2026-09-11T23:14:34Z,15362,522.7,1000,1000,1,983275904,1,200,1.1
2026-09-11T23:15:04Z,15392,492.0,1000,1000,1,985155493,1,200,0.6
2026-09-11T23:15:35Z,15422,524.8,1000,1000,1,987099531,1,200,2.5
2026-09-11T23:16:04Z,15452,499.3,1000,1000,1,988977668,1,200,0.7
2026-09-11T23:16:34Z,15482,509.9,1000,1000,1,990863781,1,200,1.5
2026-09-11T23:17:05Z,15512,523.0,1000,1000,1,992805837,1,200,0.6
2026-09-11T23:17:34Z,15542,526.5,1000,1000,1,994684957,1,200,0.6
2026-09-11T23:18:04Z,15572,498.6,1000,1000,1,996565604,1,200,0.6
2026-09-11T23:18:35Z,15602,553.1,1000,1000,1,998514125,1,200,2.9
2026-09-11T23:19:04Z,15632,536.9,1000,1000,1,1000392245,1,200,0.6
2026-09-11T23:19:34Z,15662,485.3,1000,1000,1,1002271365,1,200,0.6
2026-09-11T23:20:05Z,15692,496.4,1000,1000,1,1004214420,1,200,0.5
2026-09-11T23:20:34Z,15722,554.8,1000,1000,1,1006093540,1,200,0.5
2026-09-11T23:21:04Z,15752,518.7,1000,1000,1,1007971660,1,200,0.6
2026-09-11T23:21:35Z,15782,508.8,1000,1000,1,1009914716,1,200,0.5
2026-09-11T23:22:04Z,15812,553.9,1000,1000,1,1011795543,1,200,150.0
2026-09-11T23:22:34Z,15842,531.8,1000,1000,1,1013683435,1,200,0.7
2026-09-11T23:23:04Z,15872,526.9,1000,1000,1,1015565589,1,200,3.6
2026-09-11T23:23:35Z,15902,521.3,1000,1000,1,1017517108,1,200,0.6
2026-09-11T23:24:04Z,15932,519.5,1000,1000,1,1019395228,1,200,0.5
2026-09-11T23:24:34Z,15962,500.5,1000,1000,1,1021284040,1,200,0.8
2026-09-11T23:25:04Z,15992,546.5,1000,1000,1,1023161918,1,200,0.5
2026-09-11T23:25:34Z,16022,542.3,1000,1000,1,1025105535,1,200,0.7
2026-09-11T23:26:04Z,16052,504.6,1000,1000,1,1026982578,1,200,0.7
2026-09-11T23:26:35Z,16083,539.8,1000,1000,1,1028925917,1,200,0.7
2026-09-11T23:27:05Z,16113,534.5,1000,1000,1,1030866748,1,200,0.6
2026-09-11T23:27:35Z,16143,523.0,1000,1000,1,1032752409,1,200,1.5
2026-09-11T23:28:05Z,16173,525.8,1000,1000,1,1034631980,1,200,0.5
2026-09-11T23:28:35Z,16203,567.0,1000,1000,1,1036570270,1,200,42.1
2026-09-11T23:29:05Z,16233,515.7,1000,1000,1,1038460601,1,200,0.9
2026-09-11T23:29:35Z,16263,548.4,1000,1000,1,1040340268,1,200,0.6
2026-09-11T23:30:05Z,16293,530.6,1000,1000,1,1042282324,1,200,0.5
2026-09-11T23:30:35Z,16323,495.5,1000,1000,1,1044161444,1,200,0.6
2026-09-11T23:31:05Z,16353,524.1,1000,1000,1,1046042509,1,200,0.7
2026-09-11T23:31:36Z,16383,516.1,1000,1000,1,1047986027,1,200,0.8
2026-09-11T23:32:05Z,16413,508.3,1000,1000,1,1049868732,1,200,1.4
2026-09-11T23:32:35Z,16443,523.8,1000,1000,1,1051747852,1,200,0.7
2026-09-11T23:33:06Z,16473,492.1,1000,1000,1,1054703094,1,200,0.4
2026-09-11T23:33:35Z,16503,526.7,1000,1000,1,1056574859,1,200,3.1
2026-09-11T23:34:05Z,16533,552.7,1000,1000,1,1058480018,1,200,1.5
2026-09-11T23:34:35Z,16563,516.9,1000,1000,1,1060362231,1,200,0.8
2026-09-11T23:35:06Z,16593,518.8,1000,1000,1,1062304287,1,200,0.7
2026-09-11T23:35:35Z,16623,533.3,1000,1000,1,1064183407,1,200,0.8
2026-09-11T23:36:05Z,16653,540.2,1000,1000,1,1066061527,1,200,0.8
2026-09-11T23:36:36Z,16683,569.9,1000,1000,1,1068004583,1,200,3.0
2026-09-11T23:37:05Z,16713,548.0,1000,1000,1,1069887449,1,200,1.2
2026-09-11T23:37:35Z,16743,529.0,1000,1000,1,1071769815,1,200,2.3
2026-09-11T23:38:06Z,16773,561.4,1000,1000,1,1073711871,1,200,0.6
2026-09-11T23:38:35Z,16803,548.5,1000,1000,1,1075592556,1,200,138.8
2026-09-11T23:39:05Z,16833,522.3,1000,1000,1,1077481490,1,200,1.2
2026-09-11T23:39:35Z,16863,533.7,1000,1000,1,1079362936,1,200,1.0
2026-09-11T23:40:06Z,16893,518.7,1000,1000,1,1081305454,1,200,1.6
2026-09-11T23:40:35Z,16923,538.8,1000,1000,1,1083185391,1,200,1.8
2026-09-11T23:41:05Z,16953,522.6,1000,1000,1,1085063511,1,200,0.6
2026-09-11T23:41:36Z,16983,530.1,1000,1000,1,1087002042,1,200,1.4
2026-09-11T23:42:05Z,17013,515.3,1000,1000,1,1088884687,1,200,0.7
2026-09-11T23:42:35Z,17043,577.4,1000,1000,1,1090763807,1,200,0.6
2026-09-11T23:43:05Z,17073,550.8,1000,1000,1,1092705863,1,200,0.9
2026-09-11T23:43:35Z,17103,525.0,1000,1000,1,1094584983,1,200,0.7
2026-09-11T23:44:05Z,17133,530.7,1000,1000,1,1096463103,1,200,0.8
2026-09-11T23:44:35Z,17163,563.3,1000,1000,1,1098401188,1,200,10.4
2026-09-11T23:45:05Z,17193,535.1,1000,1000,1,1100285536,1,200,0.5
2026-09-11T23:45:35Z,17223,554.5,1000,1000,1,1102163399,1,200,0.6
2026-09-11T23:46:05Z,17253,524.7,1000,1000,1,1104099720,1,200,18.5
2026-09-11T23:46:35Z,17283,514.7,1000,1000,1,1105991957,1,200,0.9
2026-09-11T23:47:05Z,17313,523.1,1000,1000,1,1107870687,1,200,0.5
2026-09-11T23:47:35Z,17343,525.9,1000,1000,1,1109813743,1,200,0.6
2026-09-11T23:48:05Z,17373,546.1,1000,1000,1,1111691863,1,200,0.5
2026-09-11T23:48:35Z,17403,518.3,1000,1000,1,1113570983,1,200,0.6
2026-09-11T23:49:05Z,17433,517.9,1000,1000,1,1115513949,1,200,0.5
2026-09-11T23:49:35Z,17463,495.9,1000,1000,1,1117395939,1,200,1.5
2026-09-11T23:50:05Z,17493,514.9,1000,1000,1,1119278271,1,200,1.8
2026-09-11T23:50:36Z,17523,521.9,1000,1000,1,1121220248,1,200,0.8
2026-09-11T23:51:05Z,17553,528.3,1000,1000,1,1123101981,1,200,0.5
2026-09-11T23:51:35Z,17583,519.7,1000,1000,1,1124984224,1,200,1.5
2026-09-11T23:52:06Z,17613,533.2,1000,1000,1,1126928615,1,200,0.7
2026-09-11T23:52:35Z,17643,567.0,1000,1000,1,1128807735,1,200,0.5
2026-09-11T23:53:05Z,17673,538.5,1000,1000,1,1130685855,1,200,0.7
2026-09-11T23:53:36Z,17703,553.5,1000,1000,1,1132628911,1,200,0.6
2026-09-11T23:54:05Z,17733,536.5,1000,1000,1,1134507031,1,200,0.4
2026-09-11T23:54:35Z,17763,532.9,1000,1000,1,1136386151,1,200,0.8
2026-09-11T23:55:06Z,17793,548.3,1000,1000,1,1138328207,1,200,0.5
2026-09-11T23:55:35Z,17823,528.6,1000,1000,1,1140207327,1,200,0.8
2026-09-11T23:56:05Z,17853,575.3,1000,1000,1,1142085447,1,200,0.5
2026-09-11T23:56:36Z,17883,570.6,1000,1000,1,1144025192,1,200,1.4
2026-09-11T23:57:05Z,17913,552.4,1000,1000,1,1145908631,1,200,0.7
2026-09-11T23:57:35Z,17943,490.0,1000,1000,1,1147791190,1,200,0.7
2026-09-11T23:58:06Z,17973,548.3,1000,1000,1,1149732940,1,200,1.6
2026-09-11T23:58:35Z,18003,522.5,1000,1000,1,1151612096,1,200,0.6
2026-09-11T23:59:05Z,18033,535.3,1000,1000,1,1153493031,1,200,0.8
2026-09-11T23:59:36Z,18063,550.4,1000,1000,1,1155436087,1,200,0.7
2026-09-12T00:00:05Z,18093,521.0,1000,1000,1,1157314207,1,200,0.8
2026-09-12T00:00:35Z,18123,505.7,1000,1000,1,1159193327,1,200,0.8
2026-09-12T00:01:06Z,18153,530.7,1000,1000,1,1161133338,1,200,0.5
2026-09-12T00:01:35Z,18183,541.5,1000,1000,1,1163014503,1,200,0.9
2026-09-12T00:02:05Z,18213,542.2,1000,1000,1,1164892623,1,200,0.4
2026-09-12T00:02:36Z,18243,534.3,1000,1000,1,1166835811,1,200,1.2
2026-09-12T00:03:05Z,18273,528.8,1000,1000,1,1169672868,1,200,98.2
2026-09-12T00:03:35Z,18303,522.1,1000,1000,1,1171556954,1,200,0.4
2026-09-12T00:04:05Z,18333,555.4,1000,1000,1,1173435074,1,200,0.5
2026-09-12T00:04:35Z,18363,537.4,1000,1000,1,1175372528,1,200,49.7
2026-09-12T00:05:05Z,18393,522.1,1000,1000,1,1177264242,1,200,1.5
2026-09-12T00:05:35Z,18423,537.1,1000,1000,1,1179143362,1,200,2.0
2026-09-12T00:06:05Z,18453,547.8,1000,1000,1,1181085418,1,200,0.5
2026-09-12T00:06:35Z,18483,539.6,1000,1000,1,1182964538,1,200,0.7
2026-09-12T00:07:05Z,18513,499.7,1000,1000,1,1184848605,1,200,0.7
2026-09-12T00:07:36Z,18543,524.9,1000,1000,1,1186793706,1,200,0.4
2026-09-12T00:08:06Z,18573,564.3,1000,1000,1,1188663407,1,200,3.2
2026-09-12T00:08:35Z,18603,527.9,1000,1000,1,1190574922,1,200,0.5
2026-09-12T00:09:05Z,18633,528.0,1000,1000,1,1192453042,1,200,0.5
2026-09-12T00:09:36Z,18663,531.0,1000,1000,1,1194396098,1,200,1.3
2026-09-12T00:10:05Z,18693,500.7,1000,1000,1,1196274218,1,200,0.6
2026-09-12T00:10:35Z,18723,540.8,1000,1000,1,1198154775,1,200,0.9
2026-09-12T00:11:06Z,18753,539.4,1000,1000,1,1200095394,1,200,0.6
2026-09-12T00:11:35Z,18783,527.4,1000,1000,1,1201974514,1,200,0.6
2026-09-12T00:12:05Z,18813,554.5,1000,1000,1,1203855307,1,200,0.5
2026-09-12T00:12:36Z,18843,536.6,1000,1000,1,1205803682,1,200,2.0
2026-09-12T00:13:05Z,18873,525.4,1000,1000,1,1207681802,1,200,0.5
2026-09-12T00:13:35Z,18903,561.0,1000,1000,1,1209560922,1,200,0.7
2026-09-12T00:14:06Z,18933,547.1,1000,1000,1,1211502978,1,200,0.6
2026-09-12T00:14:35Z,18963,559.9,1000,1000,1,1213387440,1,200,5.0
2026-09-12T00:15:05Z,18993,552.4,1000,1000,1,1215268210,1,200,0.8
2026-09-12T00:15:36Z,19023,548.8,1000,1000,1,1217211266,1,200,0.7
2026-09-12T00:16:05Z,19053,509.3,1000,1000,1,1219089386,1,200,0.6
2026-09-12T00:16:35Z,19083,537.8,1000,1000,1,1220971542,1,200,1.1
2026-09-12T00:17:05Z,19113,533.9,1000,1000,1,1222853214,1,200,1.1
2026-09-12T00:17:35Z,19143,517.5,1000,1000,1,1224792327,1,200,76.8
2026-09-12T00:18:05Z,19173,500.1,1000,1000,1,1226677249,1,200,0.6
2026-09-12T00:18:35Z,19203,545.8,1000,1000,1,1228562562,1,200,2.0
2026-09-12T00:19:06Z,19233,565.3,1000,1000,1,1230497880,1,200,1.0
2026-09-12T00:19:35Z,19263,553.9,1000,1000,1,1232374802,1,200,2.0
2026-09-12T00:20:05Z,19293,506.5,1000,1000,1,1234280918,1,200,1.8
2026-09-12T00:20:35Z,19323,559.9,1000,1000,1,1236161644,1,200,2.4
2026-09-12T00:21:05Z,19353,559.1,1000,1000,1,1238107354,1,200,1.6
2026-09-12T00:21:35Z,19383,531.1,1000,1000,1,1239986474,1,200,0.5
2026-09-12T00:22:05Z,19413,514.8,1000,1000,1,1241866257,1,200,0.8
2026-09-12T00:22:36Z,19443,525.4,1000,1000,1,1243807964,1,200,1.5
2026-09-12T00:23:05Z,19473,528.7,1000,1000,1,1245693762,1,200,2.1
2026-09-12T00:23:35Z,19503,524.9,1000,1000,1,1247572882,1,200,0.5
2026-09-12T00:24:05Z,19533,548.8,1000,1000,1,1249514938,1,200,0.5
2026-09-12T00:24:35Z,19563,537.0,1000,1000,1,1251394058,1,200,0.5
2026-09-12T00:25:05Z,19593,542.5,1000,1000,1,1253272178,1,200,0.7
2026-09-12T00:25:35Z,19623,539.2,1000,1000,1,1255215234,1,200,0.6
2026-09-12T00:26:05Z,19653,517.3,1000,1000,1,1257098421,1,200,1.3
2026-09-12T00:26:35Z,19683,561.6,1000,1000,1,1258980466,1,200,0.5
2026-09-12T00:27:06Z,19713,512.1,1000,1000,1,1260922273,1,200,0.7
2026-09-12T00:27:35Z,19743,525.1,1000,1000,1,1262801642,1,200,1.3
2026-09-12T00:28:05Z,19773,552.9,1000,1000,1,1264679762,1,200,1.0
2026-09-12T00:28:36Z,19803,536.3,1000,1000,1,1266619041,1,200,1.1
2026-09-12T00:29:05Z,19833,525.0,1000,1000,1,1268500938,1,200,0.7
2026-09-12T00:29:35Z,19863,549.3,1000,1000,1,1270380058,1,200,0.6
2026-09-12T00:30:05Z,19893,543.3,1000,1000,1,1272322114,1,200,0.6
2026-09-12T00:30:35Z,19923,529.5,1000,1000,1,1274201234,1,200,0.5
2026-09-12T00:31:05Z,19953,542.6,1000,1000,1,1276079354,1,200,1.1
2026-09-12T00:31:35Z,19983,529.5,1000,1000,1,1278022410,1,200,0.6
2026-09-12T00:32:05Z,20013,549.5,1000,1000,1,1279900530,1,200,1.1
2026-09-12T00:32:35Z,20043,542.9,1000,1000,1,1281779650,1,200,0.6
2026-09-12T00:33:06Z,20073,543.2,1000,1000,1,1284672727,1,200,1.2
2026-09-12T00:33:35Z,20103,559.8,1000,1000,1,1286594831,1,200,0.9
2026-09-12T00:34:05Z,20133,534.7,1000,1000,1,1288472951,1,200,0.7
2026-09-12T00:34:35Z,20163,543.0,1000,1000,1,1290325604,1,200,2.7
2026-09-12T00:35:06Z,20193,538.6,1000,1000,1,1292318103,1,200,0.6
2026-09-12T00:35:35Z,20223,528.7,1000,1000,1,1294197223,1,200,0.6
2026-09-12T00:36:05Z,20253,524.2,1000,1000,1,1296075343,1,200,0.8
2026-09-12T00:36:36Z,20283,546.9,1000,1000,1,1298018399,1,200,0.7
2026-09-12T00:37:05Z,20313,529.0,1000,1000,1,1299899053,1,200,118.1
2026-09-12T00:37:35Z,20343,562.8,1000,1000,1,1301783631,1,200,0.5
2026-09-12T00:38:05Z,20373,514.1,1000,1000,1,1303663118,1,200,0.6
2026-09-12T00:38:35Z,20403,549.1,1000,1000,1,1305604807,1,200,0.5
2026-09-12T00:39:05Z,20433,534.4,1000,1000,1,1307482927,1,200,0.5
2026-09-12T00:39:35Z,20463,492.8,1000,1000,1,1309366287,1,200,0.8
2026-09-12T00:40:05Z,20493,550.3,1000,1000,1,1311312095,1,200,0.9
2026-09-12T00:40:35Z,20523,541.5,1000,1000,1,1313191215,1,200,0.5
2026-09-12T00:41:05Z,20553,575.0,1000,1000,1,1315069335,1,200,0.7
2026-09-12T00:41:35Z,20583,552.4,1000,1000,1,1317008721,1,200,2.2
2026-09-12T00:42:05Z,20613,530.0,1000,1000,1,1318890511,1,200,0.6
2026-09-12T00:42:35Z,20643,537.2,1000,1000,1,1320769631,1,200,0.5
2026-09-12T00:43:05Z,20673,535.5,1000,1000,1,1322706443,1,200,65.7
2026-09-12T00:43:35Z,20703,510.0,1000,1000,1,1324598799,1,200,1.1
2026-09-12T00:44:05Z,20733,523.8,1000,1000,1,1326476919,1,200,0.7
2026-09-12T00:44:35Z,20763,547.5,1000,1000,1,1328419975,1,200,0.5
2026-09-12T00:45:05Z,20793,548.4,1000,1000,1,1330298095,1,200,1.3
2026-09-12T00:45:35Z,20823,539.4,1000,1000,1,1332177215,1,200,1.7
2026-09-12T00:46:05Z,20853,516.1,1000,1000,1,1334119271,1,200,0.7
2026-09-12T00:46:35Z,20883,496.9,1000,1000,1,1335998391,1,200,0.5
2026-09-12T00:47:05Z,20913,545.9,1000,1000,1,1337876511,1,200,0.7
2026-09-12T00:47:35Z,20943,523.4,1000,1000,1,1339817497,1,200,1.2
2026-09-12T00:48:05Z,20973,526.0,1000,1000,1,1341701031,1,200,1.1
2026-09-12T00:48:35Z,21003,576.5,1000,1000,1,1343584799,1,200,3.9
2026-09-12T00:49:06Z,21033,549.3,1000,1000,1,1345522767,1,200,2.0
2026-09-12T00:49:35Z,21063,514.3,1000,1000,1,1347405975,1,200,0.5
2026-09-12T00:50:05Z,21093,540.7,1000,1000,1,1349284095,1,200,0.4
2026-09-12T00:50:35Z,21123,529.3,1000,1000,1,1351227151,1,200,0.8
2026-09-12T00:51:05Z,21153,573.9,1000,1000,1,1353106214,1,200,0.7
2026-09-12T00:51:35Z,21183,536.2,1000,1000,1,1354987500,1,200,0.8
2026-09-12T00:52:06Z,21213,570.9,1000,1000,1,1356934271,1,200,2.5
2026-09-12T00:52:35Z,21243,523.2,1000,1000,1,1358813559,1,200,1.5
2026-09-12T00:53:05Z,21273,540.6,1000,1000,1,1360691679,1,200,1.2
2026-09-12T00:53:36Z,21303,561.2,1000,1000,1,1362631284,1,200,3.9
2026-09-12T00:54:05Z,21333,542.7,1000,1000,1,1364512855,1,200,0.5
2026-09-12T00:54:35Z,21363,530.1,1000,1000,1,1366394291,1,200,0.8
2026-09-12T00:55:06Z,21393,537.3,1000,1000,1,1368337390,1,200,0.8
2026-09-12T00:55:35Z,21423,512.3,1000,1000,1,1370221143,1,200,0.6
2026-09-12T00:56:05Z,21453,544.7,1000,1000,1,1372099263,1,200,0.4
2026-09-12T00:56:36Z,21483,556.0,1000,1000,1,1374042619,1,200,1.5
2026-09-12T00:57:05Z,21513,536.1,1000,1000,1,1375924489,1,200,0.9
2026-09-12T00:57:35Z,21543,580.0,1000,1000,1,1377807551,1,200,0.6
2026-09-12T00:58:06Z,21573,545.0,1000,1000,1,1379749607,1,200,0.7
2026-09-12T00:58:35Z,21603,573.5,1000,1000,1,1381628727,1,200,0.8
2026-09-12T00:59:05Z,21633,521.9,1000,1000,1,1383506847,1,200,0.8
2026-09-12T00:59:36Z,21663,555.0,1000,1000,1,1385449903,1,200,0.9
2026-09-12T01:00:05Z,21693,517.1,1000,1000,1,1387328023,1,200,0.7
2026-09-12T01:00:35Z,21723,524.2,1000,1000,1,1389207143,1,200,0.9
2026-09-12T01:01:06Z,21753,544.9,1000,1000,1,1391147407,1,200,2.5
2026-09-12T01:01:35Z,21783,528.6,1000,1000,1,1393028319,1,200,1.2
2026-09-12T01:02:05Z,21813,538.9,1000,1000,1,1394906439,1,200,0.5
2026-09-12T01:02:35Z,21843,536.0,1000,1000,1,1396849495,1,200,0.4
2026-09-12T01:03:05Z,21873,534.4,1000,1000,1,1398735607,1,200,0.6
2026-09-12T01:03:35Z,21903,545.0,1000,1000,1,1401595391,1,200,2.1
2026-09-12T01:04:05Z,21933,531.7,1000,1000,1,1403476862,1,200,0.8
2026-09-12T01:04:35Z,21963,567.1,1000,1000,1,1405414039,1,200,43.9
2026-09-12T01:05:05Z,21993,526.0,1000,1000,1,1407301965,1,200,0.6
2026-09-12T01:05:35Z,22023,540.1,1000,1000,1,1409182653,1,200,1.1
2026-09-12T01:06:05Z,22053,535.5,1000,1000,1,1411116245,1,200,4.4
2026-09-12T01:06:35Z,22083,532.5,1000,1000,1,1413006326,1,200,0.6
2026-09-12T01:07:05Z,22113,548.1,1000,1000,1,1414884446,1,200,0.7
2026-09-12T01:07:35Z,22143,565.5,1000,1000,1,1416827502,1,200,0.5
2026-09-12T01:08:05Z,22173,553.8,1000,1000,1,1418707394,1,200,1.2
2026-09-12T01:08:35Z,22203,556.5,1000,1000,1,1420586931,1,200,0.9
2026-09-12T01:09:06Z,22233,530.6,1000,1000,1,1422530672,1,200,1.8
2026-09-12T01:09:35Z,22263,543.8,1000,1000,1,1424413910,1,200,0.4
2026-09-12T01:10:05Z,22293,536.8,1000,1000,1,1426292030,1,200,0.5
2026-09-12T01:10:36Z,22323,538.5,1000,1000,1,1428230925,1,200,0.9
2026-09-12T01:11:05Z,22353,484.5,1000,1000,1,1430113206,1,200,0.5
2026-09-12T01:11:35Z,22383,555.7,1000,1000,1,1431992326,1,200,0.6
2026-09-12T01:12:05Z,22413,553.2,1000,1000,1,1433934382,1,200,0.6
2026-09-12T01:12:35Z,22443,544.8,1000,1000,1,1435813502,1,200,0.5
2026-09-12T01:13:05Z,22473,548.1,1000,1000,1,1437691622,1,200,0.7
2026-09-12T01:13:35Z,22503,535.2,1000,1000,1,1439634678,1,200,0.8
2026-09-12T01:14:05Z,22533,529.1,1000,1000,1,1441512798,1,200,0.4
2026-09-12T01:14:35Z,22563,534.2,1000,1000,1,1443391918,1,200,2.2
2026-09-12T01:15:05Z,22593,559.3,1000,1000,1,1445328299,1,200,10.8
2026-09-12T01:15:35Z,22623,516.5,1000,1000,1,1447213094,1,200,0.8
2026-09-12T01:16:05Z,22653,539.5,1000,1000,1,1449091214,1,200,0.5
2026-09-12T01:16:35Z,22683,537.7,1000,1000,1,1451028647,1,200,17.8
2026-09-12T01:17:05Z,22713,541.9,1000,1000,1,1452919870,1,200,1.4
2026-09-12T01:17:35Z,22743,535.6,1000,1000,1,1454799502,1,200,1.2
2026-09-12T01:18:06Z,22773,517.3,1000,1000,1,1456736914,1,200,0.5
2026-09-12T01:18:35Z,22803,529.1,1000,1000,1,1458620678,1,200,0.9
2026-09-12T01:19:05Z,22833,557.1,1000,1000,1,1460498798,1,200,1.2
2026-09-12T01:19:35Z,22863,546.4,1000,1000,1,1462441854,1,200,0.7
2026-09-12T01:20:05Z,22893,563.3,1000,1000,1,1464321305,1,200,0.7
2026-09-12T01:20:35Z,22923,532.4,1000,1000,1,1466202102,1,200,1.9
2026-09-12T01:21:05Z,22953,529.7,1000,1000,1,1468141238,1,200,1.4
2026-09-12T01:21:35Z,22983,500.3,1000,1000,1,1470028262,1,200,2.0
2026-09-12T01:22:05Z,23013,540.1,1000,1000,1,1471906382,1,200,0.5
2026-09-12T01:22:36Z,23044,537.2,1000,1000,1,1473833116,1,200,2.2
2026-09-12T01:23:07Z,23074,479.8,1000,1000,1,1475822426,1,200,1.4
2026-09-12T01:23:36Z,23104,561.6,1000,1000,1,1477702582,1,200,2.1
2026-09-12T01:24:06Z,23134,528.9,1000,1000,1,1479580702,1,200,0.8
2026-09-12T01:24:37Z,23164,535.6,1000,1000,1,1481523758,1,200,1.9
2026-09-12T01:25:06Z,23194,550.0,1000,1000,1,1483404462,1,200,144.9
2026-09-12T01:25:36Z,23224,533.1,1000,1000,1,1485296353,1,200,1.6
2026-09-12T01:26:06Z,23254,540.0,1000,1000,1,1487175102,1,200,0.6
2026-09-12T01:26:37Z,23284,542.9,1000,1000,1,1489118158,1,200,0.6
2026-09-12T01:27:06Z,23314,556.5,1000,1000,1,1490996278,1,200,1.0
2026-09-12T01:27:36Z,23344,547.9,1000,1000,1,1492875398,1,200,0.4
2026-09-12T01:28:06Z,23374,521.8,1000,1000,1,1494817454,1,200,0.5
2026-09-12T01:28:36Z,23404,567.9,1000,1000,1,1496696574,1,200,0.4
2026-09-12T01:29:06Z,23434,512.0,1000,1000,1,1498574694,1,200,0.6
2026-09-12T01:29:36Z,23464,559.9,1000,1000,1,1500517750,1,200,0.6
2026-09-12T01:30:06Z,23494,546.7,1000,1000,1,1502395870,1,200,0.8
2026-09-12T01:30:36Z,23524,544.0,1000,1000,1,1504274990,1,200,0.5
2026-09-12T01:31:06Z,23554,546.6,1000,1000,1,1506211530,1,200,40.5
2026-09-12T01:31:36Z,23584,547.0,1000,1000,1,1508096166,1,200,0.5
2026-09-12T01:32:06Z,23614,575.3,1000,1000,1,1509974286,1,200,0.6
2026-09-12T01:32:36Z,23644,537.7,1000,1000,1,1511923252,1,200,0.8
2026-09-12T01:33:06Z,23674,549.3,1000,1000,1,1513803454,1,200,2.4
2026-09-12T01:33:36Z,23704,536.0,1000,1000,1,1516642451,1,200,0.6
2026-09-12T01:34:07Z,23734,553.7,1000,1000,1,1518586525,1,200,1.3
2026-09-12T01:34:36Z,23764,565.8,1000,1000,1,1520468784,1,200,0.9
2026-09-12T01:35:06Z,23794,519.7,1000,1000,1,1522346904,1,200,1.3
2026-09-12T01:35:37Z,23824,533.2,1000,1000,1,1524289960,1,200,0.6
2026-09-12T01:36:06Z,23854,523.7,1000,1000,1,1526168080,1,200,0.7
2026-09-12T01:36:36Z,23884,551.0,1000,1000,1,1528047200,1,200,0.6
2026-09-12T01:37:07Z,23914,560.1,1000,1000,1,1529988531,1,200,1.4
2026-09-12T01:37:36Z,23944,503.8,1000,1000,1,1531868376,1,200,1.1
2026-09-12T01:38:06Z,23974,547.9,1000,1000,1,1533747297,1,200,0.6
2026-09-12T01:38:36Z,24004,546.4,1000,1000,1,1535640400,1,200,1.9
2026-09-12T01:39:06Z,24034,531.7,1000,1000,1,1537579181,1,200,39.5
2026-09-12T01:39:36Z,24064,512.4,1000,1000,1,1539467548,1,200,1.1
2026-09-12T01:40:06Z,24094,538.6,1000,1000,1,1541348888,1,200,0.5
2026-09-12T01:40:37Z,24124,566.9,1000,1000,1,1543285753,1,200,2.6
2026-09-12T01:41:06Z,24154,537.4,1000,1000,1,1545173253,1,200,0.8
2026-09-12T01:41:36Z,24184,525.3,1000,1000,1,1547054890,1,200,0.7
2026-09-12T01:42:07Z,24214,570.7,1000,1000,1,1548999232,1,200,1.1
2026-09-12T01:42:36Z,24244,566.0,1000,1000,1,1550877388,1,200,2.0
2026-09-12T01:43:06Z,24274,531.5,1000,1000,1,1552756472,1,200,0.5
2026-09-12T01:43:37Z,24304,538.5,1000,1000,1,1554699528,1,200,0.7
2026-09-12T01:44:06Z,24334,528.6,1000,1000,1,1556577648,1,200,0.5
2026-09-12T01:44:36Z,24364,518.6,1000,1000,1,1558456768,1,200,0.7
2026-09-12T01:45:07Z,24394,520.4,1000,1000,1,1560401565,1,200,1.6
2026-09-12T01:45:36Z,24424,510.3,1000,1000,1,1562287827,1,200,0.9
2026-09-12T01:46:06Z,24454,541.7,1000,1000,1,1564172048,1,200,0.9
2026-09-12T01:46:36Z,24484,519.6,1000,1000,1,1566035045,1,200,3.1
2026-09-12T01:47:06Z,24514,537.7,1000,1000,1,1567961256,1,200,1.0
2026-09-12T01:47:37Z,24544,529.4,1000,1000,1,1569912249,1,200,1.1
2026-09-12T01:48:06Z,24574,556.0,1000,1000,1,1571797087,1,200,0.6
2026-09-12T01:48:36Z,24604,544.7,1000,1000,1,1573677536,1,200,0.6
2026-09-12T01:49:06Z,24634,532.3,1000,1000,1,1575563648,1,200,0.6
2026-09-12T01:49:37Z,24664,510.1,1000,1000,1,1577513925,1,200,1.3
2026-09-12T01:50:06Z,24694,525.2,1000,1000,1,1579393865,1,200,1.4
2026-09-12T01:50:36Z,24724,512.2,1000,1000,1,1581285893,1,200,1.5
2026-09-12T01:51:06Z,24754,546.8,1000,1000,1,1583166040,1,200,1.9
2026-09-12T01:51:37Z,24784,503.5,1000,1000,1,1585104200,1,200,0.7
2026-09-12T01:52:06Z,24814,543.7,1000,1000,1,1586988945,1,200,1.0
2026-09-12T01:52:36Z,24844,534.7,1000,1000,1,1588874328,1,200,4.1
2026-09-12T01:53:07Z,24874,532.4,1000,1000,1,1590817215,1,200,0.6
2026-09-12T01:53:36Z,24904,547.2,1000,1000,1,1592698058,1,200,0.6
2026-09-12T01:54:06Z,24934,545.8,1000,1000,1,1594577650,1,200,0.6
2026-09-12T01:54:37Z,24964,493.3,1000,1000,1,1596523409,1,200,1.1
2026-09-12T01:55:06Z,24994,540.7,1000,1000,1,1598402792,1,200,1.8
2026-09-12T01:55:36Z,25024,526.2,1000,1000,1,1600281912,1,200,0.5
2026-09-12T01:56:06Z,25054,525.0,1000,1000,1,1602167141,1,200,0.8
2026-09-12T01:56:36Z,25084,525.7,1000,1000,1,1604111080,1,200,2.7
2026-09-12T01:57:06Z,25114,495.2,1000,1000,1,1605989200,1,200,1.1
2026-09-12T01:57:36Z,25144,520.4,1000,1000,1,1607868320,1,200,0.6
2026-09-12T01:58:06Z,25174,538.9,1000,1000,1,1609810181,1,200,0.9
2026-09-12T01:58:36Z,25204,535.7,1000,1000,1,1611697488,1,200,1.8
2026-09-12T01:59:06Z,25234,536.2,1000,1000,1,1613575608,1,200,0.8
2026-09-12T01:59:37Z,25264,564.1,1000,1000,1,1615518664,1,200,0.5
2026-09-12T02:00:06Z,25294,511.0,1000,1000,1,1617396784,1,200,0.9
2026-09-12T02:00:36Z,25324,545.1,1000,1000,1,1619277439,1,200,0.6
2026-09-12T02:01:07Z,25354,523.5,1000,1000,1,1621223327,1,200,0.9
2026-09-12T02:01:36Z,25384,536.1,1000,1000,1,1623105072,1,200,1.1
2026-09-12T02:02:06Z,25414,498.9,1000,1000,1,1624983192,1,200,0.7
2026-09-12T02:02:37Z,25444,535.2,1000,1000,1,1626926187,1,200,1.1
2026-09-12T02:03:06Z,25474,517.3,1000,1000,1,1628804368,1,200,0.5
2026-09-12T02:03:36Z,25504,578.1,1000,1000,1,1631667089,1,200,11.7
2026-09-12T02:04:06Z,25534,520.2,1000,1000,1,1633621547,1,200,0.5
2026-09-12T02:04:36Z,25564,575.6,1000,1000,1,1635500667,1,200,0.5
2026-09-12T02:05:07Z,25594,538.9,1000,1000,1,1637441935,1,200,1.1
2026-09-12T02:05:36Z,25624,556.1,1000,1000,1,1639322791,1,200,0.5
2026-09-12T02:06:06Z,25654,522.8,1000,1000,1,1641200962,1,200,2.6
2026-09-12T02:06:37Z,25684,564.1,1000,1000,1,1643143295,1,200,1.1
2026-09-12T02:07:06Z,25714,544.2,1000,1000,1,1645027303,1,200,4.0
2026-09-12T02:07:36Z,25744,502.3,1000,1000,1,1646909250,1,200,0.6
2026-09-12T02:08:07Z,25774,517.4,1000,1000,1,1648851306,1,200,0.6
2026-09-12T02:08:36Z,25804,551.2,1000,1000,1,1650730426,1,200,0.6
2026-09-12T02:09:06Z,25834,561.5,1000,1000,1,1652608546,1,200,0.5
2026-09-12T02:09:36Z,25864,540.4,1000,1000,1,1654495658,1,200,0.7
2026-09-12T02:10:06Z,25894,538.6,1000,1000,1,1656438808,1,200,0.6
2026-09-12T02:10:36Z,25924,539.2,1000,1000,1,1658322564,1,200,1.9
2026-09-12T02:11:06Z,25954,509.3,1000,1000,1,1660202946,1,200,0.6
2026-09-12T02:11:36Z,25984,526.0,1000,1000,1,1662146002,1,200,0.6
2026-09-12T02:12:06Z,26014,522.0,1000,1000,1,1664031172,1,200,2.1
2026-09-12T02:12:36Z,26044,523.8,1000,1000,1,1665911234,1,200,0.6
2026-09-12T02:13:07Z,26074,519.0,1000,1000,1,1667853159,1,200,3.7
2026-09-12T02:13:36Z,26104,563.9,1000,1000,1,1669732410,1,200,0.6
2026-09-12T02:14:06Z,26134,542.6,1000,1000,1,1671613662,1,200,1.1
2026-09-12T02:14:37Z,26164,560.2,1000,1000,1,1673557567,1,200,1.0
2026-09-12T02:15:06Z,26194,526.0,1000,1000,1,1675439698,1,200,0.8
2026-09-12T02:15:36Z,26224,532.8,1000,1000,1,1677318818,1,200,0.9
2026-09-12T02:16:07Z,26254,546.2,1000,1000,1,1679260874,1,200,0.8
2026-09-12T02:16:36Z,26284,508.2,1000,1000,1,1681139994,1,200,0.5
2026-09-12T02:17:06Z,26314,507.0,1000,1000,1,1683018114,1,200,0.8
2026-09-12T02:17:37Z,26344,515.6,1000,1000,1,1684962248,1,200,0.5
2026-09-12T02:18:06Z,26374,517.9,1000,1000,1,1686849762,1,200,15.9
2026-09-12T02:18:36Z,26404,522.5,1000,1000,1,1688734394,1,200,0.6
2026-09-12T02:19:06Z,26434,515.4,1000,1000,1,1690620506,1,200,2.3
2026-09-12T02:19:36Z,26464,549.0,1000,1000,1,1692562570,1,200,1.4
2026-09-12T02:20:06Z,26494,536.2,1000,1000,1,1694426619,1,200,3.2
2026-09-12T02:20:36Z,26524,529.9,1000,1000,1,1696334153,1,200,1.9
2026-09-12T02:21:07Z,26554,514.2,1000,1000,1,1698277808,1,200,2.2
2026-09-12T02:21:36Z,26584,537.5,1000,1000,1,1700152098,1,200,90.2
2026-09-12T02:22:06Z,26614,533.6,1000,1000,1,1702038912,1,200,1.2
2026-09-12T02:22:36Z,26644,521.9,1000,1000,1,1703922991,1,200,2.7
2026-09-12T02:23:06Z,26674,549.0,1000,1000,1,1705865250,1,200,0.9
2026-09-12T02:23:36Z,26704,523.2,1000,1000,1,1707744370,1,200,0.7
2026-09-12T02:24:06Z,26734,510.6,1000,1000,1,1709622490,1,200,0.7
2026-09-12T02:24:36Z,26764,535.3,1000,1000,1,1711565546,1,200,0.6
2026-09-12T02:25:06Z,26794,541.8,1000,1000,1,1713444794,1,200,0.5
2026-09-12T02:25:36Z,26824,538.4,1000,1000,1,1715327776,1,200,1.0
2026-09-12T02:26:07Z,26854,547.5,1000,1000,1,1717271358,1,200,1.0
2026-09-12T02:26:36Z,26884,505.0,1000,1000,1,1719162838,1,200,80.3
2026-09-12T02:27:06Z,26914,516.3,1000,1000,1,1721046058,1,200,0.4
2026-09-12T02:27:36Z,26944,501.5,1000,1000,1,1722924491,1,200,3.6
2026-09-12T02:28:06Z,26974,553.1,1000,1000,1,1724826149,1,200,0.7
2026-09-12T02:28:36Z,27004,538.5,1000,1000,1,1726764392,1,200,57.9
2026-09-12T02:29:06Z,27034,543.4,1000,1000,1,1728648450,1,200,0.9
2026-09-12T02:29:36Z,27064,551.7,1000,1000,1,1730530412,1,200,0.5
2026-09-12T02:30:06Z,27094,516.8,1000,1000,1,1732466199,1,200,3.5
2026-09-12T02:30:36Z,27124,523.3,1000,1000,1,1734356738,1,200,2.2
2026-09-12T02:31:06Z,27154,566.5,1000,1000,1,1736234858,1,200,0.6
2026-09-12T02:31:36Z,27184,549.2,1000,1000,1,1738177914,1,200,1.0
2026-09-12T02:32:06Z,27214,504.9,1000,1000,1,1740060943,1,200,2.2
2026-09-12T02:32:36Z,27244,563.1,1000,1000,1,1741943146,1,200,0.5
2026-09-12T02:33:07Z,27274,558.0,1000,1000,1,1743885995,1,200,1.0
2026-09-12T02:33:36Z,27304,548.6,1000,1000,1,1745772314,1,200,1.6
2026-09-12T02:34:06Z,27334,549.1,1000,1000,1,1748633450,1,200,2.4
2026-09-12T02:34:36Z,27364,531.4,1000,1000,1,1750512570,1,200,0.6
2026-09-12T02:35:06Z,27394,532.1,1000,1000,1,1752450168,1,200,71.4
2026-09-12T02:35:36Z,27424,529.6,1000,1000,1,1754341738,1,200,0.5
2026-09-12T02:36:06Z,27454,543.3,1000,1000,1,1756219858,1,200,0.4
2026-09-12T02:36:37Z,27484,528.0,1000,1000,1,1758168351,1,200,2.1
2026-09-12T02:37:06Z,27514,500.1,1000,1000,1,1760049026,1,200,0.4
2026-09-12T02:37:36Z,27544,575.4,1000,1000,1,1761928146,1,200,0.5
2026-09-12T02:38:07Z,27574,536.4,1000,1000,1,1763870202,1,200,0.4
2026-09-12T02:38:36Z,27604,527.6,1000,1000,1,1765749322,1,200,0.7
2026-09-12T02:39:06Z,27634,554.9,1000,1000,1,1767627442,1,200,0.5
2026-09-12T02:39:37Z,27664,544.9,1000,1000,1,1769572789,1,200,2.5
2026-09-12T02:40:06Z,27694,522.0,1000,1000,1,1771451451,1,200,1.8
2026-09-12T02:40:36Z,27724,543.2,1000,1000,1,1773333139,1,200,2.2
2026-09-12T02:41:07Z,27754,522.4,1000,1000,1,1775277786,1,200,1.8
2026-09-12T02:41:36Z,27784,553.7,1000,1000,1,1777163245,1,200,1.8
2026-09-12T02:42:06Z,27814,537.6,1000,1000,1,1779043018,1,200,0.6
2026-09-12T02:42:37Z,27845,538.0,1000,1000,1,1780986074,1,200,0.9
2026-09-12T02:43:07Z,27875,534.3,1000,1000,1,1782929040,1,200,0.5
2026-09-12T02:43:37Z,27905,540.5,1000,1000,1,1784810753,1,200,0.7
2026-09-12T02:44:07Z,27935,539.2,1000,1000,1,1786692761,1,200,2.0
2026-09-12T02:44:37Z,27965,522.3,1000,1000,1,1788629849,1,200,58.8
2026-09-12T02:45:07Z,27995,522.7,1000,1000,1,1790517869,1,200,1.4
2026-09-12T02:45:37Z,28025,544.7,1000,1000,1,1792401650,1,200,0.6
2026-09-12T02:46:08Z,28055,552.1,1000,1000,1,1794337682,1,200,2.7
2026-09-12T02:46:37Z,28085,530.4,1000,1000,1,1796222826,1,200,0.9
2026-09-12T02:47:07Z,28115,543.6,1000,1000,1,1798108162,1,200,1.9
2026-09-12T02:47:38Z,28145,554.3,1000,1000,1,1800051994,1,200,0.7
2026-09-12T02:48:07Z,28175,504.9,1000,1000,1,1801930114,1,200,1.2
2026-09-12T02:48:37Z,28205,540.4,1000,1000,1,1803809297,1,200,2.3
2026-09-12T02:49:07Z,28235,530.1,1000,1000,1,1805703338,1,200,0.6
2026-09-12T02:49:37Z,28265,523.1,1000,1000,1,1807646394,1,200,0.5
2026-09-12T02:50:07Z,28295,544.6,1000,1000,1,1809524514,1,200,0.7
2026-09-12T02:50:37Z,28325,552.8,1000,1000,1,1811405433,1,200,0.5
2026-09-12T02:51:08Z,28355,507.3,1000,1000,1,1813343675,1,200,2.1
2026-09-12T02:51:37Z,28385,515.2,1000,1000,1,1815232802,1,200,0.7
2026-09-12T02:52:07Z,28415,534.0,1000,1000,1,1817110922,1,200,0.5
2026-09-12T02:52:38Z,28445,543.9,1000,1000,1,1819048265,1,200,1.7
2026-09-12T02:53:07Z,28475,526.8,1000,1000,1,1820938718,1,200,1.2
2026-09-12T02:53:37Z,28505,532.9,1000,1000,1,1822819210,1,200,1.2
2026-09-12T02:54:08Z,28535,541.9,1000,1000,1,1824761266,1,200,0.6
2026-09-12T02:54:37Z,28565,545.4,1000,1000,1,1826642717,1,200,0.8
2026-09-12T02:55:07Z,28595,552.0,1000,1000,1,1828522629,1,200,0.6
2026-09-12T02:55:38Z,28625,530.7,1000,1000,1,1830469554,1,200,1.2
2026-09-12T02:56:07Z,28655,522.4,1000,1000,1,1832348698,1,200,132.7
2026-09-12T02:56:37Z,28685,531.6,1000,1000,1,1834234786,1,200,0.5
2026-09-12T02:57:07Z,28715,522.4,1000,1000,1,1836120898,1,200,2.0
2026-09-12T02:57:38Z,28745,522.6,1000,1000,1,1838060468,1,200,1.7
2026-09-12T02:58:07Z,28775,542.4,1000,1000,1,1839943107,1,200,0.6
2026-09-12T02:58:37Z,28805,558.8,1000,1000,1,1841828104,1,200,2.1
2026-09-12T02:59:08Z,28835,521.0,1000,1000,1,1843771242,1,200,1.8
2026-09-12T02:59:37Z,28865,510.3,1000,1000,1,1845650362,1,200,0.6
2026-09-12T03:00:07Z,28895,529.4,1000,1000,1,1847529491,1,200,0.9
2026-09-12T03:00:38Z,28925,509.6,1000,1000,1,1849476771,1,200,2.0
2026-09-12T03:01:07Z,28955,524.8,1000,1000,1,1851356651,1,200,1.8
2026-09-12T03:01:37Z,28985,537.2,1000,1000,1,1853236770,1,200,0.6
2026-09-12T03:02:08Z,29015,517.0,1000,1000,1,1855178826,1,200,3.2
2026-09-12T03:02:37Z,29045,522.1,1000,1000,1,1857059059,1,200,20.6
2026-09-12T03:03:07Z,29075,516.2,1000,1000,1,1858944058,1,200,0.4
2026-09-12T03:03:37Z,29105,516.6,1000,1000,1,1860824647,1,200,0.6
2026-09-12T03:04:07Z,29135,524.4,999,999,2,1862723122,2,200,2.3
2026-09-12T03:04:37Z,29165,534.3,999,999,2,1864662346,2,200,2.2
2026-09-12T03:05:07Z,29195,538.0,999,999,2,1866550457,2,200,0.5
2026-09-12T03:05:37Z,29225,510.7,999,999,2,1868435680,2,200,0.6
2026-09-12T03:06:07Z,29255,507.0,1000,1000,2,1871319011,2,200,0.7
2026-09-12T03:06:38Z,29285,542.8,1000,1000,2,1873266109,2,200,1.0
2026-09-12T03:07:07Z,29315,566.6,1000,1000,2,1875144230,2,200,8.9
2026-09-12T03:07:37Z,29345,508.5,1000,1000,2,1877025316,2,200,0.6
2026-09-12T03:08:07Z,29375,517.6,1000,1000,2,1878907414,2,200,1.3
2026-09-12T03:08:37Z,29405,519.3,1000,1000,2,1880845527,2,200,21.9
2026-09-12T03:09:07Z,29435,526.9,1000,1000,2,1882730638,2,200,0.6
2026-09-12T03:09:37Z,29465,529.4,1000,1000,2,1884617749,2,200,1.5
2026-09-12T03:10:08Z,29495,530.2,1000,1000,2,1886559806,2,200,1.8
2026-09-12T03:10:37Z,29525,550.9,1000,1000,2,1888446917,2,200,1.2
2026-09-12T03:11:07Z,29555,537.0,1000,1000,2,1890325038,2,200,0.8
2026-09-12T03:11:38Z,29585,531.7,1000,1000,2,1892270057,2,200,0.7
2026-09-12T03:12:07Z,29615,521.5,1000,1000,2,1894148089,2,200,0.6
2026-09-12T03:12:37Z,29645,516.7,1000,1000,2,1896031154,2,200,0.8
2026-09-12T03:13:08Z,29675,529.7,1000,1000,2,1897971611,2,200,2.2
2026-09-12T03:13:37Z,29705,573.6,1000,1000,2,1899855476,2,200,0.7
2026-09-12T03:14:07Z,29735,514.4,1000,1000,2,1901740614,2,200,0.6
2026-09-12T03:14:37Z,29765,513.1,1000,1000,2,1903624914,2,200,3.5
2026-09-12T03:15:07Z,29795,532.7,1000,1000,2,1905558867,2,200,4.1
2026-09-12T03:15:37Z,29825,533.5,1000,1000,2,1907448901,2,200,0.5
2026-09-12T03:16:07Z,29855,510.7,1000,1000,2,1909327022,2,200,0.4
2026-09-12T03:16:37Z,29885,520.9,1000,1000,2,1911270077,2,200,0.6
2026-09-12T03:17:07Z,29915,528.4,1000,1000,2,1913148198,2,200,0.6
2026-09-12T03:17:37Z,29945,544.0,1000,1000,2,1915035221,2,200,1.0
2026-09-12T03:18:08Z,29975,524.3,1000,1000,2,1916974089,2,200,1.2
2026-09-12T03:18:37Z,30005,512.7,1000,1000,2,1918856485,2,200,0.8
2026-09-12T03:19:07Z,30035,537.4,1000,1000,2,1920734606,2,200,0.5
2026-09-12T03:19:38Z,30065,553.8,1000,1000,2,1922677661,2,200,0.8
2026-09-12T03:20:07Z,30095,549.4,1000,1000,2,1924555782,2,200,0.7
2026-09-12T03:20:37Z,30125,530.4,1000,1000,2,1926437233,2,200,0.5
2026-09-12T03:21:07Z,30155,515.9,1000,1000,2,1928376958,2,200,0.8
2026-09-12T03:21:37Z,30185,522.5,1000,1000,2,1930256077,2,200,0.5
2026-09-12T03:22:07Z,30215,547.2,1000,1000,2,1932138144,2,200,1.9
2026-09-12T03:22:38Z,30245,526.0,1000,1000,2,1934077768,2,200,2.4
2026-09-12T03:23:07Z,30275,537.9,1000,1000,2,1935963366,2,200,0.6
2026-09-12T03:23:37Z,30305,532.8,1000,1000,2,1937850078,2,200,0.7
2026-09-12T03:24:08Z,30335,523.6,1000,1000,2,1939786051,2,200,0.9
2026-09-12T03:24:37Z,30365,523.4,1000,1000,2,1941672365,2,200,0.5
2026-09-12T03:25:07Z,30395,549.6,1000,1000,2,1943563919,2,200,1.3
2026-09-12T03:25:37Z,30425,499.8,1000,1000,2,1945444877,2,200,0.8
2026-09-12T03:26:07Z,30455,509.1,1000,1000,2,1947386934,2,200,0.6
2026-09-12T03:26:37Z,30485,518.9,1000,1000,2,1949266053,2,200,0.5
2026-09-12T03:27:07Z,30515,545.3,1000,1000,2,1951145656,2,200,0.8
2026-09-12T03:27:37Z,30545,481.1,1000,1000,2,1953089133,2,200,0.8
2026-09-12T03:28:07Z,30575,495.6,1000,1000,2,1954966301,2,200,0.6
2026-09-12T03:28:37Z,30605,524.0,1000,1000,2,1956847007,2,200,0.5
2026-09-12T03:29:07Z,30635,503.1,1000,1000,2,1958782885,2,200,3.1
2026-09-12T03:29:37Z,30665,497.6,1000,1000,2,1960669882,2,200,1.0
2026-09-12T03:30:07Z,30695,520.1,1000,1000,2,1962551758,2,200,1.8
2026-09-12T03:30:38Z,30725,543.2,1000,1000,2,1964485220,2,200,0.9
2026-09-12T03:31:07Z,30755,544.2,1000,1000,2,1966372934,2,200,0.5
2026-09-12T03:31:37Z,30785,539.0,1000,1000,2,1968252053,2,200,0.6
2026-09-12T03:32:08Z,30815,526.4,1000,1000,2,1970194110,2,200,0.7
2026-09-12T03:32:37Z,30845,506.4,1000,1000,2,1972073229,2,200,0.7
2026-09-12T03:33:07Z,30875,556.1,1000,1000,2,1973956751,2,200,1.1
2026-09-12T03:33:38Z,30905,519.1,1000,1000,2,1975902397,2,200,3.0
2026-09-12T03:34:07Z,30935,565.8,1000,1000,2,1977778520,2,200,3.6
2026-09-12T03:34:37Z,30965,537.5,1000,1000,2,1979675621,2,200,0.6
2026-09-12T03:35:07Z,30995,522.6,1000,1000,2,1981556187,2,200,0.7
2026-09-12T03:35:38Z,31025,545.0,1000,1000,2,1983499774,2,200,1.3
2026-09-12T03:36:07Z,31055,595.7,1000,1000,2,1986387134,2,200,13.3
2026-09-12T03:36:37Z,31085,509.4,1000,1000,2,1988273431,2,200,0.8
2026-09-12T03:37:07Z,31115,525.3,1000,1000,2,1990151526,2,200,0.5
2026-09-12T03:37:37Z,31145,511.6,1000,1000,2,1992036324,2,200,0.9
2026-09-12T03:38:08Z,31175,513.0,1000,1000,2,1993971238,2,200,1.4
2026-09-12T03:38:37Z,31205,565.9,1000,1000,2,1995859974,2,200,0.7
2026-09-12T03:39:07Z,31235,559.3,1000,1000,2,1997743192,2,200,1.8
2026-09-12T03:39:38Z,31265,574.0,1000,1000,2,1999687594,2,200,2.1
2026-09-12T03:40:07Z,31295,516.2,1000,1000,2,2001565715,2,200,1.4
2026-09-12T03:40:37Z,31325,523.5,1000,1000,2,2003444834,2,200,0.7
2026-09-12T03:41:08Z,31355,530.8,1000,1000,2,2005386891,2,200,0.6
2026-09-12T03:41:37Z,31385,542.6,1000,1000,2,2007266010,2,200,0.6
2026-09-12T03:42:07Z,31415,560.7,1000,1000,2,2009148244,2,200,1.0
2026-09-12T03:42:38Z,31445,545.6,1000,1000,2,2011092241,2,200,0.9
2026-09-12T03:43:07Z,31475,552.7,1000,1000,2,2012972310,2,200,2.2
2026-09-12T03:43:37Z,31505,514.2,1000,1000,2,2014852418,2,200,0.7
2026-09-12T03:44:08Z,31535,563.4,1000,1000,2,2016794475,2,200,1.7
2026-09-12T03:44:37Z,31565,539.7,1000,1000,2,2018674703,2,200,111.3
2026-09-12T03:45:07Z,31595,542.2,1000,1000,2,2020565209,2,200,2.8
2026-09-12T03:45:37Z,31625,526.0,1000,1000,2,2022446818,2,200,0.9
2026-09-12T03:46:08Z,31655,531.6,1000,1000,2,2024383358,2,200,2.3
2026-09-12T03:46:37Z,31685,519.3,1000,1000,2,2026267994,2,200,0.8
2026-09-12T03:47:07Z,31715,532.6,1000,1000,2,2028146115,2,200,0.5
2026-09-12T03:47:37Z,31745,527.9,1000,1000,2,2030089170,2,200,0.6
2026-09-12T03:48:07Z,31775,531.4,1000,1000,2,2031967291,2,200,0.5
2026-09-12T03:48:37Z,31805,568.1,1000,1000,2,2033853474,2,200,1.2
2026-09-12T03:49:08Z,31835,554.6,1000,1000,2,2035801694,2,200,2.2
2026-09-12T03:49:37Z,31865,527.9,1000,1000,2,2037683279,2,200,8.5
2026-09-12T03:50:07Z,31895,507.5,1000,1000,2,2039561691,2,200,0.6
2026-09-12T03:50:37Z,31925,547.7,1000,1000,2,2041443103,2,200,0.5
2026-09-12T03:51:07Z,31955,551.9,1000,1000,2,2043384122,2,200,44.3
2026-09-12T03:51:37Z,31985,573.6,1000,1000,2,2045269978,2,200,0.5
2026-09-12T03:52:07Z,32015,520.5,1000,1000,2,2047154272,2,200,2.9
2026-09-12T03:52:38Z,32045,512.2,1000,1000,2,2049091472,2,200,0.8
2026-09-12T03:53:07Z,32075,551.0,1000,1000,2,2050977267,2,200,0.6
2026-09-12T03:53:37Z,32105,548.5,1000,1000,2,2052856386,2,200,0.6
2026-09-12T03:54:07Z,32135,522.4,1000,1000,2,2054798443,2,200,0.6
2026-09-12T03:54:37Z,32165,549.8,1000,1000,2,2056677562,2,200,0.5
2026-09-12T03:55:07Z,32195,524.8,1000,1000,2,2058555683,2,200,0.6
2026-09-12T03:55:37Z,32225,483.3,1000,1000,2,2060501743,2,200,0.7
2026-09-12T03:56:07Z,32255,528.0,1000,1000,2,2062381553,2,200,0.8
2026-09-12T03:56:37Z,32285,529.9,1000,1000,2,2064263970,2,200,1.1
2026-09-12T03:57:08Z,32315,497.3,1000,1000,2,2066196471,2,200,1.7
2026-09-12T03:57:37Z,32345,555.0,1000,1000,2,2068085146,2,200,0.4
2026-09-12T03:58:07Z,32375,508.8,1000,1000,2,2069970482,2,200,2.0
2026-09-12T03:58:38Z,32405,521.6,1000,1000,2,2071914054,2,200,0.9
2026-09-12T03:59:07Z,32435,515.5,1000,1000,2,2073793466,2,200,111.9
2026-09-12T03:59:37Z,32465,537.1,1000,1000,2,2075687538,2,200,0.7
2026-09-12T04:00:07Z,32495,537.2,1000,1000,2,2077565659,2,200,0.9
2026-09-12T04:00:37Z,32525,535.0,1000,1000,2,2079508714,2,200,0.6
2026-09-12T04:01:07Z,32555,531.2,1000,1000,2,2081386835,2,200,1.4
2026-09-12T04:01:37Z,32585,544.9,1000,1000,2,2083265954,2,200,0.7
2026-09-12T04:02:07Z,32615,490.7,1000,1000,2,2085208011,2,200,0.6
2026-09-12T04:02:37Z,32645,528.5,1000,1000,2,2087087130,2,200,0.8
2026-09-12T04:03:07Z,32675,514.9,1000,1000,2,2088965251,2,200,0.5
2026-09-12T04:03:37Z,32705,532.9,1000,1000,2,2090905784,2,200,1.9
2026-09-12T04:04:07Z,32735,520.5,1000,1000,2,2092794419,2,200,2.1
2026-09-12T04:04:37Z,32765,535.7,1000,1000,2,2094673538,2,200,0.6
2026-09-12T04:05:08Z,32795,529.5,1000,1000,2,2096609652,2,200,0.6
2026-09-12T04:05:37Z,32825,551.7,1000,1000,2,2098497590,2,200,1.6
2026-09-12T04:06:07Z,32855,509.7,1000,1000,2,2100380765,2,200,2.7
2026-09-12T04:06:37Z,32885,544.8,1000,1000,2,2103221983,2,200,0.6
2026-09-12T04:07:07Z,32915,533.9,1000,1000,2,2105165039,2,200,2.0
2026-09-12T04:07:37Z,32945,560.7,1000,1000,2,2107050152,2,200,1.0
2026-09-12T04:08:07Z,32975,569.4,1000,1000,2,2108929272,2,200,0.5
2026-09-12T04:08:37Z,33005,529.6,1000,1000,2,2110865349,2,200,48.4
2026-09-12T04:09:07Z,33035,529.5,1000,1000,2,2112755785,2,200,0.8
2026-09-12T04:09:37Z,33065,555.5,1000,1000,2,2114637559,2,200,3.3
2026-09-12T04:10:08Z,33095,577.2,1000,1000,2,2116575599,2,200,2.1
2026-09-12T04:10:37Z,33125,512.0,1000,1000,2,2118458735,2,200,1.2
2026-09-12T04:11:07Z,33155,502.6,1000,1000,2,2120341836,2,200,2.1
2026-09-12T04:11:38Z,33185,515.6,1000,1000,2,2122286735,2,200,2.7
2026-09-12T04:12:07Z,33215,535.4,1000,1000,2,2124167023,2,200,0.6
2026-09-12T04:12:37Z,33245,498.0,1000,1000,2,2126049226,2,200,2.1
2026-09-12T04:13:07Z,33275,512.3,1000,1000,2,2127932575,2,200,0.6
2026-09-12T04:13:37Z,33305,563.0,1000,1000,2,2129874311,2,200,1.5
2026-09-12T04:14:07Z,33335,499.2,1000,1000,2,2131752432,2,200,0.7
2026-09-12T04:14:37Z,33365,491.1,1000,1000,2,2133635318,2,200,0.8
2026-09-12T04:15:07Z,33395,522.7,1000,1000,2,2135574607,2,200,16.0
2026-09-12T04:15:37Z,33425,563.2,1000,1000,2,2137460719,2,200,0.5
2026-09-12T04:16:07Z,33455,539.1,1000,1000,2,2139344828,2,200,1.2
2026-09-12T04:16:38Z,33485,535.8,1000,1000,2,2141282039,2,200,3.4
2026-09-12T04:17:07Z,33515,507.8,1000,1000,2,2143168008,2,200,0.6
2026-09-12T04:17:37Z,33545,529.6,1000,1000,2,2145047127,2,200,0.5
2026-09-12T04:18:07Z,33575,525.7,1000,1000,2,2146989184,2,200,0.8
2026-09-12T04:18:37Z,33605,549.8,1000,1000,2,2148868303,2,200,0.5
2026-09-12T04:19:07Z,33635,532.0,1000,1000,2,2150746424,2,200,0.7
2026-09-12T04:19:37Z,33665,502.9,1000,1000,2,2152689479,2,200,1.0
2026-09-12T04:20:07Z,33695,530.0,1000,1000,2,2154567600,2,200,0.6
2026-09-12T04:20:37Z,33725,520.6,1000,1000,2,2156446719,2,200,0.5
2026-09-12T04:21:07Z,33755,534.9,1000,1000,2,2158381783,2,200,23.4
2026-09-12T04:21:37Z,33785,524.7,1000,1000,2,2160271144,2,200,1.2
2026-09-12T04:22:07Z,33815,512.7,1000,1000,2,2162153486,2,200,0.8
2026-09-12T04:22:38Z,33845,535.5,1000,1000,2,2164088057,2,200,0.5
2026-09-12T04:23:07Z,33875,553.6,1000,1000,2,2165975184,2,200,0.6
2026-09-12T04:23:37Z,33905,526.1,1000,1000,2,2167855489,2,200,0.5
2026-09-12T04:24:08Z,33935,548.8,1000,1000,2,2169798568,2,200,0.8
2026-09-12T04:24:37Z,33965,522.2,1000,1000,2,2171679066,2,200,1.4
2026-09-12T04:25:07Z,33995,522.0,1000,1000,2,2173561592,2,200,0.9
2026-09-12T04:25:38Z,34025,534.9,1000,1000,2,2175507002,2,200,0.8
2026-09-12T04:26:07Z,34055,530.2,1000,1000,2,2177382768,2,200,0.9
2026-09-12T04:26:37Z,34085,526.8,1000,1000,2,2179268270,2,200,2.7
2026-09-12T04:27:08Z,34115,518.9,1000,1000,2,2181206446,2,200,3.7
2026-09-12T04:27:37Z,34145,526.1,1000,1000,2,2183091721,2,200,0.4
2026-09-12T04:28:07Z,34175,540.3,1000,1000,2,2184977168,2,200,0.5
2026-09-12T04:28:37Z,34205,534.7,1000,1000,2,2186856287,2,200,0.6
2026-09-12T04:29:07Z,34235,560.7,1000,1000,2,2188791357,2,200,35.3
2026-09-12T04:29:37Z,34265,516.4,1000,1000,2,2190685455,2,200,0.6
2026-09-12T04:30:07Z,34295,517.7,1000,1000,2,2192563576,2,200,0.6
2026-09-12T04:30:38Z,34325,514.0,1000,1000,2,2194511573,2,200,0.9
2026-09-12T04:31:07Z,34355,546.4,1000,1000,2,2196389866,2,200,1.3
2026-09-12T04:31:37Z,34385,508.8,1000,1000,2,2198271863,2,200,2.9
2026-09-12T04:32:08Z,34415,523.5,1000,1000,2,2200208672,2,200,0.7
2026-09-12T04:32:37Z,34445,516.3,1000,1000,2,2202093039,2,200,0.8
2026-09-12T04:33:07Z,34475,513.6,1000,1000,2,2203971160,2,200,0.6
2026-09-12T04:33:38Z,34505,549.9,1000,1000,2,2205913375,2,200,1.1
2026-09-12T04:34:07Z,34535,534.9,1000,1000,2,2207796734,2,200,0.9
2026-09-12T04:34:37Z,34565,497.9,1000,1000,2,2209679447,2,200,0.5
2026-09-12T04:35:08Z,34595,523.3,1000,1000,2,2211621504,2,200,0.5
2026-09-12T04:35:37Z,34625,524.9,1000,1000,2,2213501622,2,200,113.7
2026-09-12T04:36:07Z,34655,541.4,1000,1000,2,2215390693,2,200,2.8
2026-09-12T04:36:37Z,34685,528.0,1000,1000,2,2218239958,2,200,2.6
2026-09-12T04:37:07Z,34715,541.5,1000,1000,2,2220170017,2,200,0.7
2026-09-12T04:37:38Z,34745,531.4,1000,1000,2,2222115904,2,200,1.7
2026-09-12T04:38:07Z,34775,535.6,1000,1000,2,2223993519,2,200,1.6
2026-09-12T04:38:37Z,34805,529.9,1000,1000,2,2225874240,2,200,0.5
2026-09-12T04:39:08Z,34836,536.1,1000,1000,2,2227766337,2,200,2.1
2026-09-12T04:39:39Z,34866,510.2,1000,1000,2,2229783328,2,200,0.7
2026-09-12T04:40:08Z,34896,547.8,1000,1000,2,2231661449,2,200,0.5
2026-09-12T04:40:38Z,34926,536.9,1000,1000,2,2233540568,2,200,0.6
2026-09-12T04:41:09Z,34956,506.4,1000,1000,2,2235487407,2,200,1.1
2026-09-12T04:41:38Z,34986,547.9,1000,1000,2,2237368590,2,200,2.0
2026-09-12T04:42:08Z,35016,521.2,1000,1000,2,2239247857,2,200,0.6
2026-09-12T04:42:39Z,35046,525.1,1000,1000,2,2241190912,2,200,0.7
2026-09-12T04:43:08Z,35076,547.7,1000,1000,2,2243069033,2,200,0.7
2026-09-12T04:43:38Z,35106,539.4,1000,1000,2,2244948152,2,200,0.8
2026-09-12T04:44:09Z,35136,512.0,1000,1000,2,2246890209,2,200,2.7
2026-09-12T04:44:38Z,35166,534.6,1000,1000,2,2248772259,2,200,132.6
2026-09-12T04:45:08Z,35196,540.9,1000,1000,2,2250655441,2,200,0.6
2026-09-12T04:45:38Z,35226,550.3,1000,1000,2,2252534560,2,200,0.6
2026-09-12T04:46:08Z,35256,546.0,1000,1000,2,2254476617,2,200,0.5
2026-09-12T04:46:38Z,35286,565.1,1000,1000,2,2256355736,2,200,0.6
2026-09-12T04:47:08Z,35316,521.9,1000,1000,2,2258233857,2,200,0.4
2026-09-12T04:47:38Z,35346,565.4,1000,1000,2,2260176912,2,200,0.7
2026-09-12T04:48:08Z,35376,541.9,1000,1000,2,2262055033,2,200,0.5
2026-09-12T04:48:39Z,35407,565.1,1000,1000,2,2264001213,2,200,0.8
2026-09-12T04:49:09Z,35437,527.8,1000,1000,2,2265942664,2,200,100.7
2026-09-12T04:49:39Z,35467,514.3,1000,1000,2,2267830897,2,200,3.4
2026-09-12T04:50:09Z,35497,515.0,1000,1000,2,2269713369,2,200,0.5
2026-09-12T04:50:40Z,35527,512.5,1000,1000,2,2271652420,2,200,0.7
2026-09-12T04:51:09Z,35557,519.4,1000,1000,2,2273534545,2,200,0.5
2026-09-12T04:51:39Z,35587,547.9,1000,1000,2,2275413664,2,200,1.0
2026-09-12T04:52:09Z,35617,564.1,1000,1000,2,2277355721,2,200,0.6
2026-09-12T04:52:39Z,35647,568.9,1000,1000,2,2279234840,2,200,0.5
2026-09-12T04:53:09Z,35677,512.8,1000,1000,2,2281114478,2,200,0.7
2026-09-12T04:53:39Z,35707,523.9,1000,1000,2,2283060002,2,200,0.6
2026-09-12T04:54:09Z,35737,560.6,1000,1000,2,2284942129,2,200,0.8
2026-09-12T04:54:39Z,35767,514.5,1000,1000,2,2286821248,2,200,0.5
2026-09-12T04:55:10Z,35797,528.2,1000,1000,2,2288763219,2,200,0.9
2026-09-12T04:55:39Z,35827,525.2,1000,1000,2,2290642424,2,200,0.7
2026-09-12T04:56:09Z,35857,537.2,1000,1000,2,2292520545,2,200,0.8
2026-09-12T04:56:39Z,35887,543.0,1000,1000,2,2294463600,2,200,0.5
2026-09-12T04:57:09Z,35917,515.1,1000,1000,2,2296341721,2,200,0.6
2026-09-12T04:57:39Z,35947,528.6,1000,1000,2,2298220840,2,200,0.5
2026-09-12T04:58:09Z,35977,552.6,1000,1000,2,2300162897,2,200,0.6
2026-09-12T04:58:39Z,36007,540.0,1000,1000,2,2302042016,2,200,0.5
2026-09-12T04:59:09Z,36037,547.5,1000,1000,2,2303921860,2,200,0.6
2026-09-12T04:59:39Z,36067,552.9,1000,1000,2,2305863192,2,200,0.4
2026-09-12T05:00:09Z,36097,523.0,1000,1000,2,2307741313,2,200,0.7
2026-09-12T05:00:39Z,36127,530.5,1000,1000,2,2309620432,2,200,0.4
2026-09-12T05:01:09Z,36157,523.8,1000,1000,2,2311556933,2,200,2.1
2026-09-12T05:01:39Z,36187,520.9,1000,1000,2,2313443784,2,200,0.5
2026-09-12T05:02:09Z,36217,517.2,1000,1000,2,2315324271,2,200,0.7
2026-09-12T05:02:39Z,36247,529.9,1000,1000,2,2317269191,2,200,1.8
2026-09-12T05:03:09Z,36277,535.4,1000,1000,2,2319148897,2,200,0.7
2026-09-12T05:03:39Z,36307,518.0,1000,1000,2,2321028016,2,200,0.9
2026-09-12T05:04:09Z,36337,556.3,1000,1000,2,2322970073,2,200,0.8
2026-09-12T05:04:39Z,36367,513.1,1000,1000,2,2324849192,2,200,0.5
2026-09-12T05:05:09Z,36397,539.6,1000,1000,2,2326702921,2,200,2.2
2026-09-12T05:05:39Z,36427,519.7,1000,1000,2,2328630408,2,200,0.6
2026-09-12T05:06:09Z,36457,560.5,1000,1000,2,2330572465,2,200,0.5
2026-09-12T05:06:39Z,36487,576.1,1000,1000,2,2333400612,2,200,2.1
2026-09-12T05:07:09Z,36517,510.2,1000,1000,2,2335310713,2,200,1.9
2026-09-12T05:07:40Z,36547,522.9,1000,1000,2,2337250099,2,200,0.8
2026-09-12T05:08:09Z,36577,534.6,1000,1000,2,2339134883,2,200,1.7
2026-09-12T05:08:39Z,36607,520.2,1000,1000,2,2341015014,2,200,0.8
2026-09-12T05:09:10Z,36637,511.4,1000,1000,2,2342957071,2,200,0.5
2026-09-12T05:09:39Z,36667,519.6,1000,1000,2,2344836190,2,200,0.6
2026-09-12T05:10:09Z,36697,544.5,1000,1000,2,2346714311,2,200,0.6
2026-09-12T05:10:40Z,36727,529.7,1000,1000,2,2348657366,2,200,0.9
2026-09-12T05:11:09Z,36757,539.7,1000,1000,2,2350535487,2,200,0.4
2026-09-12T05:11:39Z,36787,537.6,1000,1000,2,2352414606,2,200,1.1
2026-09-12T05:12:10Z,36817,528.8,1000,1000,2,2354352938,2,200,0.6
2026-09-12T05:12:39Z,36847,523.9,1000,1000,2,2356235782,2,200,0.6
2026-09-12T05:13:09Z,36877,527.5,1000,1000,2,2358116441,2,200,0.5
2026-09-12T05:13:40Z,36907,551.8,1000,1000,2,2360058936,2,200,0.6
2026-09-12T05:14:09Z,36937,561.4,1000,1000,2,2361938915,2,200,0.7
2026-09-12T05:14:39Z,36967,533.8,1000,1000,2,2363822190,2,200,1.6
2026-09-12T05:15:10Z,36997,538.7,1000,1000,2,2365761635,2,200,1.3
2026-09-12T05:15:39Z,37027,535.6,1000,1000,2,2367643366,2,200,0.6
2026-09-12T05:16:09Z,37057,539.3,1000,1000,2,2369522750,2,200,0.6
2026-09-12T05:16:40Z,37087,535.1,1000,1000,2,2371472534,2,200,1.8
2026-09-12T05:17:09Z,37117,522.7,1000,1000,2,2373351436,2,200,0.5
2026-09-12T05:17:39Z,37147,529.3,1000,1000,2,2375240392,2,200,1.1
2026-09-12T05:18:09Z,37177,547.7,1000,1000,2,2377122087,2,200,1.4
2026-09-12T05:18:39Z,37207,546.2,1000,1000,2,2379066934,2,200,1.3
2026-09-12T05:19:09Z,37237,520.3,1000,1000,2,2380945055,2,200,0.7
2026-09-12T05:19:39Z,37267,549.8,1000,1000,2,2382824174,2,200,0.7
2026-09-12T05:20:09Z,37297,560.2,1000,1000,2,2384761959,2,200,1.2
2026-09-12T05:20:39Z,37327,544.0,1000,1000,2,2386647775,2,200,0.5
2026-09-12T05:21:09Z,37357,522.7,1000,1000,2,2388531463,2,200,2.9
2026-09-12T05:21:40Z,37387,555.2,1000,1000,2,2390472071,2,200,2.2
2026-09-12T05:22:09Z,37417,533.0,1000,1000,2,2392353823,2,200,0.6
2026-09-12T05:22:39Z,37447,541.8,1000,1000,2,2394233922,2,200,0.6
2026-09-12T05:23:10Z,37477,493.3,1000,1000,2,2396180782,2,200,0.7
2026-09-12T05:23:39Z,37507,542.8,1000,1000,2,2398059577,2,200,0.6
2026-09-12T05:24:09Z,37537,528.4,1000,1000,2,2399939047,2,200,0.9
2026-09-12T05:24:40Z,37567,529.9,1000,1000,2,2401882102,2,200,1.2
2026-09-12T05:25:09Z,37597,561.9,1000,1000,2,2403746502,2,200,1.8
2026-09-12T05:25:39Z,37627,543.6,1000,1000,2,2405670567,2,200,2.3
2026-09-12T05:26:09Z,37657,502.3,1000,1000,2,2407547102,2,200,0.8
2026-09-12T05:26:40Z,37687,537.8,1000,1000,2,2409492486,2,200,3.2
2026-09-12T05:27:09Z,37717,554.3,1000,1000,2,2411370607,2,200,0.5
2026-09-12T05:27:39Z,37747,507.8,1000,1000,2,2413249726,2,200,0.6
2026-09-12T05:28:10Z,37777,546.5,1000,1000,2,2415191783,2,200,0.6
2026-09-12T05:28:39Z,37807,528.8,1000,1000,2,2417071782,2,200,0.6
2026-09-12T05:29:09Z,37837,537.1,1000,1000,2,2418962691,2,200,1.4
2026-09-12T05:29:39Z,37867,542.9,1000,1000,2,2420844126,2,200,0.6
2026-09-12T05:30:09Z,37897,564.1,1000,1000,2,2422786183,2,200,0.5
2026-09-12T05:30:39Z,37927,528.3,1000,1000,2,2424666682,2,200,0.6
2026-09-12T05:31:09Z,37957,520.1,1000,1000,2,2426545162,2,200,0.7
2026-09-12T05:31:40Z,37987,569.8,1000,1000,2,2428488903,2,200,0.9
2026-09-12T05:32:09Z,38017,552.9,1000,1000,2,2430369243,2,200,1.1
2026-09-12T05:32:39Z,38047,521.5,1000,1000,2,2432251657,2,200,0.7
2026-09-12T05:33:10Z,38077,525.9,1000,1000,2,2434191714,2,200,2.0
2026-09-12T05:33:39Z,38107,492.4,1000,1000,2,2436072886,2,200,0.8
2026-09-12T05:34:09Z,38137,533.2,1000,1000,2,2437951007,2,200,0.7
2026-09-12T05:34:39Z,38167,521.8,1000,1000,2,2439894062,2,200,0.7
2026-09-12T05:35:09Z,38197,552.5,1000,1000,2,2441772183,2,200,0.5
2026-09-12T05:35:39Z,38227,513.2,1000,1000,2,2443651302,2,200,0.5
2026-09-12T05:36:09Z,38257,529.9,1000,1000,2,2445593359,2,200,0.6
2026-09-12T05:36:39Z,38287,546.6,1000,1000,2,2447472478,2,200,0.6
2026-09-12T05:37:09Z,38317,523.6,1000,1000,2,2450357737,2,200,0.5
2026-09-12T05:37:40Z,38347,546.0,1000,1000,2,2452299647,2,200,0.5
2026-09-12T05:38:09Z,38377,529.0,1000,1000,2,2454180776,2,200,0.9
2026-09-12T05:38:39Z,38407,524.9,1000,1000,2,2456064879,2,200,0.5
2026-09-12T05:39:10Z,38437,562.1,1000,1000,2,2458006936,2,200,0.7
2026-09-12T05:39:39Z,38467,531.2,1000,1000,2,2459886055,2,200,0.8
2026-09-12T05:40:09Z,38497,509.1,1000,1000,2,2461770103,2,200,0.8
2026-09-12T05:40:40Z,38527,549.1,1000,1000,2,2463711813,2,200,0.5
2026-09-12T05:41:09Z,38557,540.7,1000,1000,2,2465593344,2,200,0.9
2026-09-12T05:41:39Z,38587,497.8,1000,1000,2,2467472463,2,200,0.7
2026-09-12T05:42:10Z,38617,508.4,1000,1000,2,2469413723,2,200,1.1
2026-09-12T05:42:39Z,38647,545.3,1000,1000,2,2471293639,2,200,0.5
2026-09-12T05:43:09Z,38677,546.6,1000,1000,2,2473171760,2,200,1.0
2026-09-12T05:43:40Z,38707,499.6,1000,1000,2,2475114815,2,200,0.6
2026-09-12T05:44:09Z,38737,542.0,1000,1000,2,2476992936,2,200,0.7
2026-09-12T05:44:39Z,38767,503.3,1000,1000,2,2478872055,2,200,0.8
2026-09-12T05:45:10Z,38797,514.5,1000,1000,2,2480814112,2,200,0.7
2026-09-12T05:45:39Z,38827,541.5,1000,1000,2,2482693231,2,200,0.8
2026-09-12T05:46:09Z,38857,537.2,1000,1000,2,2484571352,2,200,1.6
2026-09-12T05:46:40Z,38887,544.2,1000,1000,2,2486514407,2,200,0.6
2026-09-12T05:47:09Z,38917,502.8,1000,1000,2,2488392528,2,200,0.7
2026-09-12T05:47:39Z,38947,525.6,1000,1000,2,2490271647,2,200,0.5
2026-09-12T05:48:10Z,38977,524.3,1000,1000,2,2492211267,2,200,2.1
2026-09-12T05:48:39Z,39007,548.1,1000,1000,2,2494092823,2,200,0.5
2026-09-12T05:49:09Z,39037,557.6,1000,1000,2,2495970944,2,200,0.6
2026-09-12T05:49:39Z,39067,498.1,1000,1000,2,2497913999,2,200,0.6
2026-09-12T05:50:09Z,39097,519.6,1000,1000,2,2499792120,2,200,0.6
2026-09-12T05:50:39Z,39127,532.5,1000,1000,2,2501671239,2,200,0.5
2026-09-12T05:51:09Z,39157,557.9,1000,1000,2,2503613296,2,200,0.6
2026-09-12T05:51:39Z,39187,520.1,1000,1000,2,2505492415,2,200,0.5
2026-09-12T05:52:09Z,39217,530.3,1000,1000,2,2507370536,2,200,0.5
2026-09-12T05:52:39Z,39247,563.4,1000,1000,2,2509308493,2,200,24.3
2026-09-12T05:53:09Z,39277,505.2,1000,1000,2,2511197912,2,200,1.8
2026-09-12T05:53:39Z,39307,532.1,1000,1000,2,2513078823,2,200,1.7
2026-09-12T05:54:09Z,39337,557.7,1000,1000,2,2515020880,2,200,0.4
2026-09-12T05:54:39Z,39367,516.7,1000,1000,2,2516899999,2,200,0.6
2026-09-12T05:55:09Z,39397,528.9,1000,1000,2,2518778120,2,200,0.5
2026-09-12T05:55:39Z,39427,554.4,1000,1000,2,2520721175,2,200,1.6
2026-09-12T05:56:09Z,39457,562.1,1000,1000,2,2522599296,2,200,0.4
2026-09-12T05:56:39Z,39487,583.3,1000,1000,2,2524478415,2,200,0.5
2026-09-12T05:57:09Z,39517,518.7,1000,1000,2,2526414420,2,200,17.3
2026-09-12T05:57:39Z,39547,538.0,1000,1000,2,2528301931,2,200,0.6
2026-09-12T05:58:09Z,39577,528.6,1000,1000,2,2530184246,2,200,0.7
2026-09-12T05:58:39Z,39607,523.9,1000,1000,2,2532123852,2,200,1.8
2026-09-12T05:59:09Z,39637,524.0,1000,1000,2,2534003069,2,200,1.8
2026-09-12T05:59:39Z,39667,541.7,1000,1000,2,2535883533,2,200,0.9
2026-09-12T06:00:09Z,39697,517.0,1000,1000,2,2537828056,2,200,3.5
2026-09-12T06:00:39Z,39727,524.5,1000,1000,2,2539707175,2,200,1.1
2026-09-12T06:01:09Z,39757,524.9,1000,1000,2,2541585296,2,200,0.6
2026-09-12T06:01:39Z,39787,529.1,1000,1000,2,2543530026,2,200,1.3
2026-09-12T06:02:09Z,39817,505.3,1000,1000,2,2545414464,2,200,0.8
2026-09-12T06:02:39Z,39847,510.4,1000,1000,2,2547293583,2,200,0.6
2026-09-12T06:03:09Z,39877,516.4,1000,1000,2,2549235640,2,200,0.6
2026-09-12T06:03:39Z,39907,508.7,1000,1000,2,2551114759,2,200,0.6
2026-09-12T06:04:09Z,39937,540.9,1000,1000,2,2552992880,2,200,0.4
2026-09-12T06:04:39Z,39967,565.4,1000,1000,2,2554937207,2,200,0.5
2026-09-12T06:05:09Z,39997,554.2,1000,1000,2,2556818717,2,200,1.7
2026-09-12T06:05:39Z,40027,517.2,1000,1000,2,2558701167,2,200,0.6
2026-09-12T06:06:10Z,40057,514.1,1000,1000,2,2560641300,2,200,2.0
2026-09-12T06:06:39Z,40087,534.2,1000,1000,2,2562524225,2,200,0.7
2026-09-12T06:07:09Z,40117,517.0,1000,1000,2,2565396515,2,200,0.5
2026-09-12T06:07:40Z,40147,526.4,1000,1000,2,2567340457,2,200,0.7
2026-09-12T06:08:09Z,40177,534.0,1000,1000,2,2569220990,2,200,0.7
2026-09-12T06:08:39Z,40207,531.0,1000,1000,2,2571103755,2,200,2.7
2026-09-12T06:09:10Z,40237,526.7,1000,1000,2,2573045812,2,200,0.5
2026-09-12T06:09:39Z,40267,549.0,1000,1000,2,2574928141,2,200,138.7
2026-09-12T06:10:09Z,40297,521.9,1000,1000,2,2576811044,2,200,0.6
2026-09-12T06:10:39Z,40327,516.1,1000,1000,2,2578691544,2,200,0.7
2026-09-12T06:11:09Z,40357,560.6,1000,1000,2,2580627291,2,200,1.5
2026-09-12T06:11:39Z,40387,513.7,1000,1000,2,2582516401,2,200,2.7
2026-09-12T06:12:09Z,40417,533.7,1000,1000,2,2584396092,2,200,0.9
2026-09-12T06:12:39Z,40447,520.0,1000,1000,2,2586340507,2,200,0.6
2026-09-12T06:13:09Z,40477,538.9,1000,1000,2,2588218628,2,200,0.8
2026-09-12T06:13:39Z,40507,525.7,1000,1000,2,2590098748,2,200,0.6
2026-09-12T06:14:09Z,40537,522.1,1000,1000,2,2592041455,2,200,0.7
2026-09-12T06:14:39Z,40567,548.4,1000,1000,2,2593918923,2,200,0.6
2026-09-12T06:15:09Z,40597,510.4,1000,1000,2,2595797044,2,200,0.7
2026-09-12T06:15:39Z,40627,529.2,1000,1000,2,2597735494,2,200,3.1
2026-09-12T06:16:09Z,40657,536.2,1000,1000,2,2599618220,2,200,0.6
2026-09-12T06:16:39Z,40687,518.7,1000,1000,2,2601497339,2,200,0.7
2026-09-12T06:17:09Z,40717,504.0,1000,1000,2,2603434520,2,200,45.3
2026-09-12T06:17:39Z,40747,524.5,1000,1000,2,2605322565,2,200,0.8
2026-09-12T06:18:09Z,40777,511.3,1000,1000,2,2607204628,2,200,3.3
2026-09-12T06:18:39Z,40807,531.1,1000,1000,2,2609147683,2,200,0.5
2026-09-12T06:19:09Z,40837,543.7,1000,1000,2,2611025804,2,200,0.6
2026-09-12T06:19:39Z,40867,554.7,1000,1000,2,2612904923,2,200,0.5
2026-09-12T06:20:09Z,40897,526.4,1000,1000,2,2614843820,2,200,1.3
2026-09-12T06:20:39Z,40927,495.3,1000,1000,2,2616727508,2,200,0.5
2026-09-12T06:21:09Z,40957,511.1,1000,1000,2,2618611151,2,200,0.9
2026-09-12T06:21:39Z,40987,521.2,1000,1000,2,2620547685,2,200,1.3
2026-09-12T06:22:09Z,41017,541.9,1000,1000,2,2622433388,2,200,0.7
2026-09-12T06:22:39Z,41047,502.7,1000,1000,2,2624312507,2,200,0.6
2026-09-12T06:23:09Z,41077,511.5,1000,1000,2,2626254564,2,200,0.7
2026-09-12T06:23:39Z,41107,530.2,1000,1000,2,2628133683,2,200,0.6
2026-09-12T06:24:09Z,41137,549.7,1000,1000,2,2630019796,2,200,0.6
2026-09-12T06:24:40Z,41167,537.5,1000,1000,2,2631961234,2,200,2.6
2026-09-12T06:25:09Z,41197,528.9,1000,1000,2,2633848964,2,200,0.6
2026-09-12T06:25:39Z,41227,506.3,1000,1000,2,2635728083,2,200,0.7
2026-09-12T06:26:10Z,41257,521.4,1000,1000,2,2637670140,2,200,0.6
2026-09-12T06:26:39Z,41287,525.9,1000,1000,2,2639549259,2,200,0.5
2026-09-12T06:27:09Z,41317,525.9,1000,1000,2,2641427380,2,200,0.5
2026-09-12T06:27:40Z,41347,546.8,1000,1000,2,2643370435,2,200,0.5
2026-09-12T06:28:09Z,41377,507.8,1000,1000,2,2645248556,2,200,0.6
2026-09-12T06:28:39Z,41407,534.4,1000,1000,2,2647131454,2,200,1.4
2026-09-12T06:29:10Z,41437,530.1,1000,1000,2,2649077724,2,200,1.1
2026-09-12T06:29:39Z,41467,566.3,1000,1000,2,2650956843,2,200,1.7
2026-09-12T06:30:09Z,41497,524.3,1000,1000,2,2652834964,2,200,0.4
2026-09-12T06:30:40Z,41527,520.7,1000,1000,2,2654778019,2,200,0.6
2026-09-12T06:31:09Z,41557,556.4,1000,1000,2,2656656140,2,200,0.5
2026-09-12T06:31:39Z,41587,551.0,1000,1000,2,2658535259,2,200,0.5
2026-09-12T06:32:10Z,41617,520.0,1000,1000,2,2660477316,2,200,0.5
2026-09-12T06:32:39Z,41647,495.3,1000,1000,2,2662356435,2,200,0.6
2026-09-12T06:33:09Z,41677,532.5,1000,1000,2,2664236645,2,200,0.7
2026-09-12T06:33:40Z,41707,530.1,1000,1000,2,2666185591,2,200,3.5
2026-09-12T06:34:09Z,41737,521.7,1000,1000,2,2668064696,2,200,0.4
2026-09-12T06:34:39Z,41767,560.2,1000,1000,2,2669950835,2,200,0.6
2026-09-12T06:35:09Z,41797,536.0,1000,1000,2,2671828956,2,200,0.5
2026-09-12T06:35:39Z,41827,535.3,1000,1000,2,2673766868,2,200,55.1
2026-09-12T06:36:09Z,41857,535.9,1000,1000,2,2675658100,2,200,1.6
2026-09-12T06:36:39Z,41887,553.4,1000,1000,2,2677537243,2,200,0.6
2026-09-12T06:37:10Z,41917,568.6,1000,1000,2,2680457113,2,200,1.0
2026-09-12T06:37:39Z,41947,565.6,1000,1000,2,2682381390,2,200,98.2
2026-09-12T06:38:09Z,41977,514.0,1000,1000,2,2684272743,2,200,0.9
2026-09-12T06:38:39Z,42007,532.4,1000,1000,2,2686158650,2,200,1.6
2026-09-12T06:39:10Z,42037,555.5,1000,1000,2,2688102670,2,200,0.5
2026-09-12T06:39:39Z,42067,544.2,1000,1000,2,2689983455,2,200,0.9
2026-09-12T06:40:09Z,42097,528.9,1000,1000,2,2691867902,2,200,0.4
2026-09-12T06:40:39Z,42127,561.1,1000,1000,2,2693747021,2,200,0.5
2026-09-12T06:41:09Z,42157,566.1,1000,1000,2,2695689078,2,200,0.5
2026-09-12T06:41:39Z,42187,540.7,1000,1000,2,2697568197,2,200,0.6
2026-09-12T06:42:10Z,42217,553.2,1000,1000,2,2699510254,2,200,0.8
2026-09-12T06:42:39Z,42247,575.0,1000,1000,2,2701391399,2,200,0.4
2026-09-12T06:43:09Z,42277,504.5,1000,1000,2,2703271140,2,200,0.8
2026-09-12T06:43:39Z,42307,544.4,1000,1000,2,2705153827,2,200,1.2
2026-09-12T06:44:09Z,42337,512.0,1000,1000,2,2707091212,2,200,39.5
2026-09-12T06:44:39Z,42367,542.5,1000,1000,2,2708980387,2,200,1.0
2026-09-12T06:45:09Z,42397,523.2,1000,1000,2,2710861894,2,200,0.7
2026-09-12T06:45:40Z,42427,534.2,1000,1000,2,2712802797,2,200,2.7
2026-09-12T06:46:09Z,42457,519.8,1000,1000,2,2714684766,2,200,0.6
2026-09-12T06:46:39Z,42487,521.7,1000,1000,2,2716569544,2,200,1.3
2026-09-12T06:47:10Z,42517,570.3,1000,1000,2,2718512238,2,200,1.3
2026-09-12T06:47:39Z,42547,535.7,1000,1000,2,2720391357,2,200,0.5
2026-09-12T06:48:09Z,42577,523.1,1000,1000,2,2722269478,2,200,0.9
2026-09-12T06:48:40Z,42607,534.2,1000,1000,2,2724216615,2,200,0.9
2026-09-12T06:49:09Z,42637,570.4,1000,1000,2,2726093133,2,200,118.2
2026-09-12T06:49:39Z,42667,518.2,1000,1000,2,2727985757,2,200,0.5
2026-09-12T06:50:09Z,42697,549.1,1000,1000,2,2729863878,2,200,0.7
2026-09-12T06:50:39Z,42727,525.3,1000,1000,2,2731806933,2,200,0.5
2026-09-12T06:51:09Z,42757,486.1,1000,1000,2,2733685054,2,200,0.6
2026-09-12T06:51:39Z,42787,495.8,1000,1000,2,2735565300,2,200,0.5
2026-09-12T06:52:09Z,42817,542.8,1000,1000,2,2737503899,2,200,4.0
2026-09-12T06:52:39Z,42847,484.1,1000,1000,2,2739389290,2,200,0.7
2026-09-12T06:53:09Z,42877,522.3,1000,1000,2,2741270691,2,200,1.7
2026-09-12T06:53:39Z,42907,534.3,1000,1000,2,2743214517,2,200,2.3
2026-09-12T06:54:09Z,42937,524.9,1000,1000,2,2745092638,2,200,0.6
2026-09-12T06:54:39Z,42967,538.7,1000,1000,2,2746973856,2,200,0.6
2026-09-12T06:55:10Z,42997,551.8,1000,1000,2,2748921806,2,200,0.9
2026-09-12T06:55:39Z,43027,526.9,1000,1000,2,2750800925,2,200,0.7
2026-09-12T06:56:09Z,43057,558.4,1000,1000,2,2752679046,2,200,0.6
2026-09-12T06:56:40Z,43087,538.0,1000,1000,2,2754622101,2,200,0.7
2026-09-12T06:57:09Z,43117,513.4,1000,1000,2,2756500222,2,200,0.6
2026-09-12T06:57:39Z,43147,533.4,1000,1000,2,2758379341,2,200,0.6
2026-09-12T06:58:10Z,43177,510.9,1000,1000,2,2760318448,2,200,2.1
2026-09-12T06:58:39Z,43207,537.9,1000,1000,2,2762200517,2,200,0.5
2026-09-12T06:59:09Z,43237,531.5,1000,1000,2,2764078638,2,200,0.7
2026-09-12T06:59:40Z,43267,507.6,1000,1000,2,2766027593,2,200,1.4
2026-09-12T07:00:09Z,43297,525.6,1000,1000,2,2767907806,2,200,1.1
2026-09-12T07:00:39Z,43327,533.4,1000,1000,2,2769786925,2,200,0.5
2026-09-12T07:01:10Z,43357,547.9,1000,1000,2,2771728982,2,200,0.4
2026-09-12T07:01:39Z,43387,541.7,1000,1000,2,2773608101,2,200,0.6
2026-09-12T07:02:09Z,43417,547.1,1000,1000,2,2775486222,2,200,0.6
2026-09-12T07:02:40Z,43447,528.8,1000,1000,2,2777430574,2,200,0.9
2026-09-12T07:03:09Z,43477,526.1,1000,1000,2,2779308876,2,200,1.4
2026-09-12T07:03:39Z,43507,539.6,1000,1000,2,2781188043,2,200,0.6
2026-09-12T07:04:09Z,43537,545.4,1000,1000,2,2783128574,2,200,0.5
2026-09-12T07:04:39Z,43567,557.3,1000,1000,2,2785007693,2,200,0.7
2026-09-12T07:05:09Z,43597,536.6,1000,1000,2,2786885814,2,200,0.6
2026-09-12T07:05:39Z,43627,534.7,1000,1000,2,2788828869,2,200,0.5
2026-09-12T07:06:09Z,43657,543.6,1000,1000,2,2790706990,2,200,0.6
2026-09-12T07:06:39Z,43687,515.4,1000,1000,2,2792587861,2,200,0.6
2026-09-12T07:07:09Z,43717,542.3,1000,1000,2,2794528166,2,200,0.5
2026-09-12T07:07:39Z,43747,551.2,999,999,3,2796430425,3,200,2.8
2026-09-12T07:08:09Z,43777,521.4,999,999,3,2798309908,3,200,1.4
2026-09-12T07:08:39Z,43807,536.3,999,999,3,2800191888,3,200,0.5
2026-09-12T07:09:10Z,43837,555.7,999,999,3,2802139984,3,200,0.6
2026-09-12T07:09:40Z,43867,522.4,1000,1000,3,2805026040,3,200,0.7
2026-09-12T07:10:09Z,43897,506.6,1000,1000,3,2806906563,3,200,116.2
2026-09-12T07:10:39Z,43927,527.5,1000,1000,3,2808791272,3,200,0.9
2026-09-12T07:11:09Z,43957,514.3,1000,1000,3,2810669392,3,200,0.5
2026-09-12T07:11:39Z,43987,479.7,1000,1000,3,2812607443,3,200,23.4
2026-09-12T07:12:09Z,44017,505.2,1000,1000,3,2814498560,3,200,0.5
2026-09-12T07:12:39Z,44047,491.7,1000,1000,3,2816377680,3,200,0.6
2026-09-12T07:13:09Z,44077,560.5,1000,1000,3,2818319736,3,200,0.5
2026-09-12T07:13:39Z,44107,524.4,1000,1000,3,2820198856,3,200,1.0
2026-09-12T07:14:09Z,44137,536.7,1000,1000,3,2822076976,3,200,0.4
2026-09-12T07:14:39Z,44167,549.8,1000,1000,3,2824014193,3,200,9.7
2026-09-12T07:15:09Z,44197,554.1,1000,1000,3,2825899523,3,200,0.6
2026-09-12T07:15:39Z,44227,550.3,1000,1000,3,2827779785,3,200,0.5
2026-09-12T07:16:09Z,44257,541.0,1000,1000,3,2829713933,3,200,4.2
2026-09-12T07:16:39Z,44287,514.7,1000,1000,3,2831603106,3,200,2.3
2026-09-12T07:17:09Z,44317,496.8,1000,1000,3,2833484560,3,200,1.4
2026-09-12T07:17:39Z,44347,563.0,1000,1000,3,2835427616,3,200,1.3
2026-09-12T07:18:09Z,44377,528.0,1000,1000,3,2837305736,3,200,0.8
2026-09-12T07:18:39Z,44407,545.8,1000,1000,3,2839184856,3,200,0.5
2026-09-12T07:19:09Z,44437,569.0,1000,1000,3,2841126912,3,200,0.6
2026-09-12T07:19:39Z,44467,533.2,1000,1000,3,2843006032,3,200,0.6
2026-09-12T07:20:09Z,44497,542.4,1000,1000,3,2844884152,3,200,1.3
2026-09-12T07:20:39Z,44527,532.9,1000,1000,3,2846821941,3,200,10.9
2026-09-12T07:21:09Z,44557,528.0,1000,1000,3,2848712169,3,200,2.1
2026-09-12T07:21:39Z,44587,518.5,1000,1000,3,2850592440,3,200,1.4
2026-09-12T07:22:09Z,44617,521.6,1000,1000,3,2852534496,3,200,1.1
2026-09-12T07:22:39Z,44647,533.4,1000,1000,3,2854413616,3,200,0.5
2026-09-12T07:23:09Z,44677,513.2,1000,1000,3,2856291736,3,200,0.7
2026-09-12T07:23:39Z,44707,509.7,1000,1000,3,2858234792,3,200,0.5
2026-09-12T07:24:09Z,44737,540.6,1000,1000,3,2860112912,3,200,0.7
2026-09-12T07:24:39Z,44767,521.9,1000,1000,3,2861992032,3,200,0.6
2026-09-12T07:25:09Z,44797,532.1,1000,1000,3,2863934088,3,200,0.6
2026-09-12T07:25:39Z,44827,503.6,1000,1000,3,2865821019,3,200,2.6
2026-09-12T07:26:09Z,44857,522.0,1000,1000,3,2867699320,3,200,0.6
2026-09-12T07:26:40Z,44887,528.2,1000,1000,3,2869637083,3,200,0.5
2026-09-12T07:27:09Z,44917,537.9,1000,1000,3,2871525642,3,200,1.9
2026-09-12T07:27:39Z,44947,526.9,1000,1000,3,2873407608,3,200,1.0
2026-09-12T07:28:10Z,44977,512.5,1000,1000,3,2875349664,3,200,0.6
2026-09-12T07:28:39Z,45007,544.8,1000,1000,3,2877228784,3,200,0.5
2026-09-12T07:29:09Z,45037,491.8,1000,1000,3,2879106904,3,200,0.8
2026-09-12T07:29:40Z,45067,538.4,1000,1000,3,2881049960,3,200,0.6
2026-09-12T07:30:09Z,45097,550.2,1000,1000,3,2882930233,3,200,1.6
2026-09-12T07:30:39Z,45127,501.3,1000,1000,3,2884815192,3,200,1.0
2026-09-12T07:31:10Z,45157,561.3,1000,1000,3,2886756195,3,200,2.0
2026-09-12T07:31:39Z,45187,543.8,1000,1000,3,2888636368,3,200,0.7
2026-09-12T07:32:09Z,45217,542.6,1000,1000,3,2890514488,3,200,0.7
2026-09-12T07:32:40Z,45247,541.4,1000,1000,3,2892457544,3,200,1.0
2026-09-12T07:33:09Z,45277,558.7,1000,1000,3,2894336471,3,200,0.5
2026-09-12T07:33:39Z,45307,515.5,1000,1000,3,2896222776,3,200,0.7
2026-09-12T07:34:09Z,45337,547.6,1000,1000,3,2898100896,3,200,0.6
2026-09-12T07:34:39Z,45367,520.1,1000,1000,3,2900045550,3,200,0.6
2026-09-12T07:35:09Z,45397,508.7,1000,1000,3,2901926249,3,200,1.2
2026-09-12T07:35:39Z,45427,495.5,1000,1000,3,2903809184,3,200,0.6
2026-09-12T07:36:09Z,45457,494.0,1000,1000,3,2905751240,3,200,0.5
2026-09-12T07:36:39Z,45487,507.9,1000,1000,3,2907630360,3,200,0.6
2026-09-12T07:37:09Z,45517,557.8,1000,1000,3,2909508480,3,200,0.4
2026-09-12T07:37:39Z,45547,523.3,1000,1000,3,2911447454,3,200,1.1
2026-09-12T07:38:09Z,45577,528.1,1000,1000,3,2913337648,3,200,0.6
2026-09-12T07:38:39Z,45607,516.9,1000,1000,3,2915216768,3,200,0.6
2026-09-12T07:39:10Z,45637,568.5,1000,1000,3,2917155238,3,200,1.4
2026-09-12T07:39:39Z,45667,555.5,1000,1000,3,2920036944,3,200,0.6
2026-09-12T07:40:09Z,45697,521.0,1000,1000,3,2921915064,3,200,0.5
2026-09-12T07:40:40Z,45727,521.7,1000,1000,3,2923858120,3,200,0.7
2026-09-12T07:41:09Z,45757,540.0,1000,1000,3,2925738477,3,200,102.6
2026-09-12T07:41:39Z,45787,502.4,1000,1000,3,2927623352,3,200,0.7
2026-09-12T07:42:09Z,45817,539.8,1000,1000,3,2929501472,3,200,0.5
2026-09-12T07:42:39Z,45847,529.9,1000,1000,3,2931439232,3,200,19.7
2026-09-12T07:43:09Z,45877,514.9,1000,1000,3,2933325730,3,200,0.6
2026-09-12T07:43:39Z,45907,492.9,1000,1000,3,2935209760,3,200,0.6
2026-09-12T07:44:09Z,45937,511.0,1000,1000,3,2937151816,3,200,0.5
2026-09-12T07:44:39Z,45967,516.6,1000,1000,3,2939033590,3,200,1.7
2026-09-12T07:45:09Z,45997,518.7,1000,1000,3,2940910204,3,200,0.5
2026-09-12T07:45:39Z,46027,529.2,1000,1000,3,2942852112,3,200,0.6
2026-09-12T07:46:09Z,46057,557.0,1000,1000,3,2944730232,3,200,0.7
2026-09-12T07:46:39Z,46087,545.4,1000,1000,3,2946614859,3,200,1.6
2026-09-12T07:47:09Z,46117,541.0,1000,1000,3,2948551648,3,200,1.1
2026-09-12T07:47:39Z,46147,521.6,1000,1000,3,2950438520,3,200,0.5
2026-09-12T07:48:09Z,46177,511.7,1000,1000,3,2952316640,3,200,0.5
2026-09-12T07:48:39Z,46207,541.5,1000,1000,3,2954259696,3,200,1.0
2026-09-12T07:49:09Z,46237,511.6,1000,1000,3,2956137816,3,200,0.5
2026-09-12T07:49:39Z,46267,518.9,1000,1000,3,2958016936,3,200,0.6
2026-09-12T07:50:09Z,46297,514.3,1000,1000,3,2959958992,3,200,0.5
2026-09-12T07:50:39Z,46327,535.9,1000,1000,3,2961838112,3,200,0.4
2026-09-12T07:51:09Z,46357,507.1,1000,1000,3,2963716232,3,200,0.8
2026-09-12T07:51:39Z,46387,527.3,1000,1000,3,2965656810,3,200,1.3
2026-09-12T07:52:09Z,46417,537.7,1000,1000,3,2967545058,3,200,1.3
2026-09-12T07:52:39Z,46447,558.2,1000,1000,3,2969424520,3,200,0.6
2026-09-12T07:53:09Z,46477,560.2,1000,1000,3,2971366576,3,200,0.6
2026-09-12T07:53:39Z,46507,529.0,1000,1000,3,2973245696,3,200,0.6
2026-09-12T07:54:09Z,46537,557.5,1000,1000,3,2975123816,3,200,0.6
2026-09-12T07:54:39Z,46567,484.5,1000,1000,3,2977071186,3,200,0.8
2026-09-12T07:55:09Z,46597,523.4,1000,1000,3,2978947863,3,200,1.5
2026-09-12T07:55:39Z,46627,522.1,1000,1000,3,2980831085,3,200,0.5
2026-09-12T07:56:09Z,46657,533.9,1000,1000,3,2982766850,3,200,1.3
2026-09-12T07:56:39Z,46687,518.3,1000,1000,3,2984653280,3,200,0.9
2026-09-12T07:57:09Z,46717,557.2,1000,1000,3,2986531400,3,200,0.8
2026-09-12T07:57:40Z,46747,551.8,1000,1000,3,2988469449,3,200,1.6
2026-09-12T07:58:09Z,46777,543.8,1000,1000,3,2990358704,3,200,0.6
2026-09-12T07:58:39Z,46807,525.6,1000,1000,3,2992239688,3,200,2.0
2026-09-12T07:59:10Z,46837,554.7,1000,1000,3,2994181744,3,200,0.9
2026-09-12T07:59:39Z,46867,530.3,1000,1000,3,2996060864,3,200,0.5
2026-09-12T08:00:09Z,46897,515.1,1000,1000,3,2997938984,3,200,0.7
2026-09-12T08:00:40Z,46927,521.5,1000,1000,3,2999882040,3,200,1.7
2026-09-12T08:01:09Z,46957,543.7,1000,1000,3,3001767738,3,200,1.0
2026-09-12T08:01:39Z,46987,523.7,1000,1000,3,3003647272,3,200,0.4
2026-09-12T08:02:10Z,47017,538.4,1000,1000,3,3005589328,3,200,0.6
2026-09-12T08:02:39Z,47047,540.3,1000,1000,3,3007471479,3,200,105.7
2026-09-12T08:03:09Z,47077,534.5,1000,1000,3,3009354560,3,200,0.5
2026-09-12T08:03:39Z,47107,558.9,1000,1000,3,3011233680,3,200,0.9
2026-09-12T08:04:09Z,47137,553.4,1000,1000,3,3013170104,3,200,52.2
2026-09-12T08:04:39Z,47167,525.2,1000,1000,3,3015062848,3,200,0.9
2026-09-12T08:05:09Z,47197,555.7,1000,1000,3,3016940968,3,200,0.5
2026-09-12T08:05:39Z,47227,527.2,1000,1000,3,3018884024,3,200,0.8
2026-09-12T08:06:09Z,47257,530.3,1000,1000,3,3020762144,3,200,0.6
2026-09-12T08:06:39Z,47287,537.4,1000,1000,3,3022641264,3,200,0.6
2026-09-12T08:07:10Z,47317,519.8,1000,1000,3,3024588032,3,200,0.7
2026-09-12T08:07:39Z,47347,546.2,1000,1000,3,3026470432,3,200,3.5
2026-09-12T08:08:09Z,47377,562.7,1000,1000,3,3028349304,3,200,0.5
2026-09-12T08:08:39Z,47407,510.5,1000,1000,3,3030239543,3,200,1.1
2026-09-12T08:09:09Z,47437,544.2,1000,1000,3,3032182963,3,200,2.5
2026-09-12T08:09:40Z,47467,576.5,1000,1000,3,3035073990,3,200,9.3
2026-09-12T08:10:10Z,47497,519.1,1000,1000,3,3037000134,3,200,1.4
2026-09-12T08:10:39Z,47527,534.6,1000,1000,3,3038880013,3,200,0.9
2026-09-12T08:11:09Z,47557,547.0,1000,1000,3,3040758133,3,200,0.5
2026-09-12T08:11:40Z,47587,513.7,1000,1000,3,3042701189,3,200,0.9
2026-09-12T08:12:09Z,47617,531.0,1000,1000,3,3044579309,3,200,0.4
2026-09-12T08:12:39Z,47647,546.7,1000,1000,3,3046458429,3,200,0.5
2026-09-12T08:13:10Z,47677,544.8,1000,1000,3,3048400485,3,200,0.9
2026-09-12T08:13:39Z,47707,528.2,1000,1000,3,3050280592,3,200,0.6
2026-09-12T08:14:09Z,47737,501.4,1000,1000,3,3052164165,3,200,1.1
2026-09-12T08:14:40Z,47767,519.5,1000,1000,3,3054108773,3,200,1.1
2026-09-12T08:15:09Z,47797,555.5,1000,1000,3,3055987679,3,200,0.6
2026-09-12T08:15:39Z,47827,520.2,1000,1000,3,3057874005,3,200,0.6
2026-09-12T08:16:09Z,47857,519.9,1000,1000,3,3059752125,3,200,0.6
2026-09-12T08:16:39Z,47887,500.9,1000,1000,3,3061689383,3,200,38.9
2026-09-12T08:17:09Z,47917,533.3,1000,1000,3,3063581293,3,200,0.6
2026-09-12T08:17:39Z,47947,557.8,1000,1000,3,3065465029,3,200,2.1
2026-09-12T08:18:10Z,47977,553.4,1000,1000,3,3067407702,3,200,0.6
2026-09-12T08:18:39Z,48007,533.5,1000,1000,3,3069289581,3,200,1.1
2026-09-12T08:19:09Z,48037,541.5,1000,1000,3,3071167701,3,200,0.8
2026-09-12T08:19:40Z,48067,547.3,1000,1000,3,3073111039,3,200,2.7
2026-09-12T08:20:09Z,48097,523.3,1000,1000,3,3074995277,3,200,1.0
2026-09-12T08:20:39Z,48127,490.5,1000,1000,3,3076875989,3,200,0.5
2026-09-12T08:21:10Z,48157,549.2,1000,1000,3,3078818045,3,200,0.6
2026-09-12T08:21:39Z,48187,564.3,1000,1000,3,3080697165,3,200,0.5
2026-09-12T08:22:09Z,48217,523.9,1000,1000,3,3082581059,3,200,1.3
2026-09-12T08:22:39Z,48247,525.3,1000,1000,3,3084462397,3,200,0.5
2026-09-12T08:23:09Z,48277,512.1,1000,1000,3,3086405321,3,200,0.6
2026-09-12T08:23:39Z,48307,551.3,1000,1000,3,3088285252,3,200,0.5
2026-09-12T08:24:09Z,48337,528.8,1000,1000,3,3090167636,3,200,1.6
2026-09-12T08:24:39Z,48367,553.2,1000,1000,3,3092107467,3,200,58.8
2026-09-12T08:25:09Z,48397,526.8,1000,1000,3,3093990861,3,200,0.6
2026-09-12T08:25:39Z,48427,559.9,1000,1000,3,3095869981,3,200,0.6
2026-09-12T08:26:09Z,48457,542.6,1000,1000,3,3097812037,3,200,1.0
2026-09-12T08:26:39Z,48487,512.1,1000,1000,3,3099691157,3,200,0.6
2026-09-12T08:27:09Z,48517,551.4,1000,1000,3,3101569277,3,200,0.7
2026-09-12T08:27:39Z,48547,525.6,1000,1000,3,3103520325,3,200,0.9
2026-09-12T08:28:09Z,48577,518.7,1000,1000,3,3105398445,3,200,0.5
2026-09-12T08:28:39Z,48607,526.6,1000,1000,3,3107277565,3,200,0.6
2026-09-12T08:29:09Z,48637,548.4,1000,1000,3,3109219621,3,200,0.4
2026-09-12T08:29:39Z,48667,531.9,1000,1000,3,3111106733,3,200,0.6
2026-09-12T08:30:09Z,48697,499.7,1000,1000,3,3112984853,3,200,0.5
2026-09-12T08:30:40Z,48727,556.3,1000,1000,3,3114921715,3,200,0.8
2026-09-12T08:31:09Z,48757,509.4,1000,1000,3,3116806029,3,200,0.7
2026-09-12T08:31:39Z,48787,509.0,1000,1000,3,3118689466,3,200,1.1
2026-09-12T08:32:10Z,48817,530.8,1000,1000,3,3120635197,3,200,0.5
2026-09-12T08:32:39Z,48847,553.4,1000,1000,3,3122514317,3,200,0.7
2026-09-12T08:33:09Z,48877,534.1,1000,1000,3,3124392437,3,200,0.5
2026-09-12T08:33:40Z,48907,526.3,1000,1000,3,3126335493,3,200,0.7
2026-09-12T08:34:09Z,48937,521.9,1000,1000,3,3128213613,3,200,0.5
2026-09-12T08:34:39Z,48967,539.4,1000,1000,3,3130092733,3,200,0.6
2026-09-12T08:35:10Z,48997,544.8,1000,1000,3,3132029954,3,200,1.2
2026-09-12T08:35:39Z,49027,562.7,1000,1000,3,3133918423,3,200,1.7
2026-09-12T08:36:09Z,49057,548.2,1000,1000,3,3135799165,3,200,1.9
2026-09-12T08:36:40Z,49087,553.1,1000,1000,3,3137743077,3,200,0.6
2026-09-12T08:37:09Z,49117,539.8,1000,1000,3,3139621197,3,200,0.7
2026-09-12T08:37:39Z,49147,539.0,1000,1000,3,3141500317,3,200,0.6
2026-09-12T08:38:10Z,49177,556.3,1000,1000,3,3143444652,3,200,3.2
2026-09-12T08:38:39Z,49207,557.0,1000,1000,3,3145329485,3,200,1.3
2026-09-12T08:39:09Z,49237,529.3,1000,1000,3,3147207605,3,200,0.9
2026-09-12T08:39:40Z,49267,541.3,1000,1000,3,3149136268,3,200,1.8
2026-09-12T08:40:10Z,49297,488.8,1000,1000,3,3152040768,3,200,0.7
2026-09-12T08:40:39Z,49327,524.4,1000,1000,3,3153919888,3,200,0.6
2026-09-12T08:41:09Z,49357,488.0,1000,1000,3,3155801616,3,200,1.2
2026-09-12T08:41:40Z,49387,545.2,1000,1000,3,3157749056,3,200,2.4
2026-09-12T08:42:09Z,49417,519.9,1000,1000,3,3159627176,3,200,2.1
2026-09-12T08:42:39Z,49447,521.3,1000,1000,3,3161506296,3,200,0.5
2026-09-12T08:43:10Z,49477,544.1,1000,1000,3,3163448352,3,200,0.6
2026-09-12T08:43:39Z,49507,539.0,1000,1000,3,3165329903,3,200,89.0
2026-09-12T08:44:09Z,49537,520.1,1000,1000,3,3167221378,3,200,1.5
2026-09-12T08:44:39Z,49567,529.1,1000,1000,3,3169100696,3,200,0.8
2026-09-12T08:45:10Z,49597,544.5,1000,1000,3,3171040208,3,200,1.6
2026-09-12T08:45:39Z,49627,501.4,1000,1000,3,3172921872,3,200,0.6
2026-09-12T08:46:09Z,49657,549.0,1000,1000,3,3174791682,3,200,4.8
2026-09-12T08:46:39Z,49687,543.5,1000,1000,3,3176703088,3,200,0.5
2026-09-12T08:47:10Z,49717,550.5,1000,1000,3,3178645144,3,200,0.5
2026-09-12T08:47:39Z,49747,522.6,1000,1000,3,3180527486,3,200,1.4
2026-09-12T08:48:09Z,49777,525.7,1000,1000,3,3182406775,3,200,1.3
2026-09-12T08:48:40Z,49807,528.8,1000,1000,3,3184349787,3,200,1.3
2026-09-12T08:49:09Z,49837,542.2,1000,1000,3,3186229227,3,200,0.9
2026-09-12T08:49:39Z,49867,509.5,1000,1000,3,3188110672,3,200,1.6
2026-09-12T08:50:10Z,49897,537.2,1000,1000,3,3190052728,3,200,2.2
2026-09-12T08:50:39Z,49927,528.1,1000,1000,3,3191931848,3,200,0.5
2026-09-12T08:51:09Z,49957,522.9,1000,1000,3,3193809968,3,200,0.5
2026-09-12T08:51:40Z,49987,519.3,1000,1000,3,3195750586,3,200,1.8
2026-09-12T08:52:09Z,50017,541.8,1000,1000,3,3197631144,3,200,0.5
2026-09-12T08:52:39Z,50047,549.8,1000,1000,3,3199489150,3,200,2.5
2026-09-12T08:53:09Z,50077,518.3,1000,1000,3,3201405288,3,200,0.7
2026-09-12T08:53:39Z,50107,537.7,1000,1000,3,3203353191,3,200,2.9
2026-09-12T08:54:09Z,50137,503.8,1000,1000,3,3205233536,3,200,0.6
2026-09-12T08:54:39Z,50167,519.0,1000,1000,3,3207115033,3,200,0.7
2026-09-12T08:55:10Z,50197,535.9,1000,1000,3,3209062342,3,200,1.6
2026-09-12T08:55:39Z,50227,533.0,1000,1000,3,3210941824,3,200,1.2
2026-09-12T08:56:09Z,50257,540.2,1000,1000,3,3212819944,3,200,0.8
2026-09-12T08:56:40Z,50287,518.3,1000,1000,3,3214763000,3,200,3.0
2026-09-12T08:57:09Z,50317,551.0,1000,1000,3,3216641120,3,200,0.6
2026-09-12T08:57:39Z,50347,537.4,1000,1000,3,3218522897,3,200,0.5
2026-09-12T08:58:10Z,50377,523.2,1000,1000,3,3220470231,3,200,1.4
2026-09-12T08:58:39Z,50407,517.2,1000,1000,3,3222349408,3,200,1.3
2026-09-12T08:59:09Z,50437,521.7,1000,1000,3,3224227528,3,200,0.7
2026-09-12T08:59:40Z,50467,511.5,1000,1000,3,3226170584,3,200,0.8
2026-09-12T09:00:09Z,50497,537.7,1000,1000,3,3228050472,3,200,0.7
2026-09-12T09:00:39Z,50527,569.6,1000,1000,3,3229935816,3,200,0.7
2026-09-12T09:01:09Z,50557,534.9,1000,1000,3,3231821928,3,200,0.6
2026-09-12T09:01:40Z,50587,559.3,1000,1000,3,3233771659,3,200,0.6
2026-09-12T09:02:09Z,50617,523.2,1000,1000,3,3235651096,3,200,0.6
2026-09-12T09:02:39Z,50647,541.2,1000,1000,3,3237530216,3,200,0.8
2026-09-12T09:03:10Z,50677,551.9,1000,1000,3,3239470065,3,200,0.8
2026-09-12T09:03:39Z,50707,562.4,1000,1000,3,3241362367,3,200,125.3
2026-09-12T09:04:09Z,50737,541.1,1000,1000,3,3243245496,3,200,0.5
2026-09-12T09:04:39Z,50767,526.6,1000,1000,3,3245124616,3,200,0.5
2026-09-12T09:05:09Z,50797,514.7,1000,1000,3,3247061569,3,200,20.8
2026-09-12T09:05:39Z,50827,521.4,1000,1000,3,3248952392,3,200,1.4
2026-09-12T09:06:09Z,50857,523.4,1000,1000,3,3250831904,3,200,0.5
2026-09-12T09:06:39Z,50887,538.9,1000,1000,3,3252774960,3,200,0.6
2026-09-12T09:07:09Z,50917,499.1,1000,1000,3,3254653080,3,200,0.6
2026-09-12T09:07:39Z,50947,513.6,1000,1000,3,3256532200,3,200,0.6
2026-09-12T09:08:09Z,50977,510.9,1000,1000,3,3258474256,3,200,0.4
2026-09-12T09:08:39Z,51007,523.2,1000,1000,3,3260356541,3,200,1.9
2026-09-12T09:09:09Z,51037,529.0,1000,1000,3,3262239488,3,200,1.8
2026-09-12T09:09:40Z,51067,534.2,1000,1000,3,3264182544,3,200,0.6
2026-09-12T09:10:09Z,51097,535.4,1000,1000,3,3267059619,3,200,1.8
2026-09-12T09:10:39Z,51127,552.6,1000,1000,3,3268945530,3,200,2.9
2026-09-12T09:11:09Z,51157,553.1,1000,1000,3,3270838829,3,200,0.7
2026-09-12T09:11:40Z,51187,537.1,1000,1000,3,3272784935,3,200,0.9
2026-09-12T09:12:09Z,51217,528.1,1000,1000,3,3274665223,3,200,135.0
2026-09-12T09:12:39Z,51247,509.9,1000,1000,3,3276550167,3,200,0.7
2026-09-12T09:13:09Z,51277,508.7,1000,1000,3,3278434804,3,200,0.6
2026-09-12T09:13:40Z,51307,510.6,1000,1000,3,3280376941,3,200,1.9
2026-09-12T09:14:09Z,51337,528.7,1000,1000,3,3282261978,3,200,0.7
2026-09-12T09:14:39Z,51367,531.8,1000,1000,3,3284144567,3,200,1.8
2026-09-12T09:15:10Z,51397,573.4,1000,1000,3,3286086623,3,200,0.5
2026-09-12T09:15:39Z,51427,538.9,1000,1000,3,3287965743,3,200,0.6
2026-09-12T09:16:09Z,51457,526.3,1000,1000,3,3289846827,3,200,0.9
2026-09-12T09:16:40Z,51487,547.0,1000,1000,3,3291790083,3,200,1.5
2026-09-12T09:17:09Z,51517,567.3,1000,1000,3,3293673031,3,200,1.5
2026-09-12T09:17:39Z,51547,500.2,1000,1000,3,3295552151,3,200,0.5
2026-09-12T09:18:10Z,51577,510.0,1000,1000,3,3297494207,3,200,0.6
2026-09-12T09:18:39Z,51607,515.5,1000,1000,3,3299375425,3,200,128.1
2026-09-12T09:19:09Z,51637,545.7,1000,1000,3,3301259439,3,200,0.6
2026-09-12T09:19:39Z,51667,526.6,1000,1000,3,3303141097,3,200,0.6
2026-09-12T09:20:09Z,51697,515.0,1000,1000,3,3305078667,3,200,0.6
2026-09-12T09:20:39Z,51727,543.2,1000,1000,3,3306967727,3,200,1.1
2026-09-12T09:21:09Z,51757,533.0,1000,1000,3,3308845847,3,200,0.6
2026-09-12T09:21:40Z,51787,536.5,1000,1000,3,3310788903,3,200,0.7
2026-09-12T09:22:09Z,51817,522.3,1000,1000,3,3312671078,3,200,1.0
2026-09-12T09:22:39Z,51847,549.7,1000,1000,3,3314553524,3,200,3.1
2026-09-12T09:23:10Z,51877,534.3,1000,1000,3,3316496191,3,200,1.0
2026-09-12T09:23:39Z,51907,507.1,1000,1000,3,3318375311,3,200,0.6
2026-09-12T09:24:09Z,51937,532.9,1000,1000,3,3320253431,3,200,0.7
2026-09-12T09:24:40Z,51967,531.5,1000,1000,3,3322204479,3,200,0.5
2026-09-12T09:25:09Z,51997,537.2,1000,1000,3,3324082599,3,200,0.5
2026-09-12T09:25:39Z,52027,513.8,1000,1000,3,3325961719,3,200,0.6
2026-09-12T09:26:10Z,52057,542.9,1000,1000,3,3327903775,3,200,0.4
2026-09-12T09:26:39Z,52087,522.6,1000,1000,3,3329782895,3,200,0.6
2026-09-12T09:27:09Z,52117,552.9,1000,1000,3,3331661015,3,200,0.5
2026-09-12T09:27:40Z,52147,506.2,1000,1000,3,3333604071,3,200,0.7
2026-09-12T09:28:09Z,52177,532.5,1000,1000,3,3335482191,3,200,0.5
2026-09-12T09:28:39Z,52207,558.2,1000,1000,3,3337341109,3,200,2.1
2026-09-12T09:29:09Z,52237,544.0,1000,1000,3,3339271399,3,200,1.7
2026-09-12T09:29:40Z,52267,505.3,1000,1000,3,3341214455,3,200,0.7
2026-09-12T09:30:09Z,52297,540.7,1000,1000,3,3343095431,3,200,119.7
2026-09-12T09:30:39Z,52327,512.9,1000,1000,3,3344979687,3,200,0.5
2026-09-12T09:31:09Z,52357,542.9,1000,1000,3,3346864150,3,200,1.2
2026-09-12T09:31:39Z,52387,534.3,1000,1000,3,3348797922,3,200,1.8
2026-09-12T09:32:09Z,52417,535.6,1000,1000,3,3350686975,3,200,1.3
2026-09-12T09:32:39Z,52447,520.3,1000,1000,3,3352566095,3,200,0.6
2026-09-12T09:33:10Z,52477,508.6,1000,1000,3,3354474732,3,200,3.9
2026-09-12T09:33:39Z,52507,513.2,1000,1000,3,3356403255,3,200,0.7
2026-09-12T09:34:09Z,52537,500.6,1000,1000,3,3358281375,3,200,0.5
2026-09-12T09:34:39Z,52567,516.3,1000,1000,3,3360163429,3,200,0.8
2026-09-12T09:35:09Z,52597,559.9,1000,1000,3,3362108965,3,200,2.7
2026-09-12T09:35:39Z,52627,489.6,1000,1000,3,3363989663,3,200,0.5
2026-09-12T09:36:09Z,52657,501.5,1000,1000,3,3365867783,3,200,0.5
2026-09-12T09:36:39Z,52687,544.1,1000,1000,3,3367805364,3,200,12.6
2026-09-12T09:37:09Z,52717,516.3,1000,1000,3,3369694791,3,200,1.4
2026-09-12T09:37:39Z,52747,516.2,1000,1000,3,3371575775,3,200,1.4
2026-09-12T09:38:09Z,52777,539.3,1000,1000,3,3373517102,3,200,2.4
2026-09-12T09:38:39Z,52807,537.7,1000,1000,3,3375397247,3,200,0.7
2026-09-12T09:39:09Z,52837,510.8,1000,1000,3,3377276470,3,200,0.4
2026-09-12T09:39:39Z,52867,525.5,1000,1000,3,3379219683,3,200,0.6
2026-09-12T09:40:10Z,52897,574.1,1000,1000,3,3382163061,3,200,947.6
2026-09-12T09:40:39Z,52927,505.6,1000,1000,3,3384008629,3,200,0.6
2026-09-12T09:41:09Z,52957,515.4,1000,1000,3,3385886749,3,200,0.4
2026-09-12T09:41:39Z,52987,534.7,1000,1000,3,3387772668,3,200,1.8
2026-09-12T09:42:09Z,53017,531.7,1000,1000,3,3389712653,3,200,2.7
2026-09-12T09:42:39Z,53047,535.0,1000,1000,3,3391598607,3,200,0.9
2026-09-12T09:43:09Z,53077,528.8,1000,1000,3,3393475090,3,200,0.7
2026-09-12T09:43:39Z,53107,502.6,1000,1000,3,3395416213,3,200,0.7
2026-09-12T09:44:09Z,53137,510.8,1000,1000,3,3397295821,3,200,0.7
2026-09-12T09:44:39Z,53167,546.1,1000,1000,3,3399176810,3,200,1.4
2026-09-12T09:45:09Z,53197,521.0,1000,1000,3,3401118368,3,200,1.6
2026-09-12T09:45:39Z,53227,510.6,1000,1000,3,3402997180,3,200,0.8
2026-09-12T09:46:09Z,53257,520.2,1000,1000,3,3404875493,3,200,0.7
2026-09-12T09:46:39Z,53287,538.2,1000,1000,3,3406823797,3,200,0.9
2026-09-12T09:47:09Z,53317,505.9,1000,1000,3,3408701917,3,200,0.7
2026-09-12T09:47:39Z,53347,521.4,1000,1000,3,3410578486,3,200,2.6
2026-09-12T09:48:09Z,53377,558.3,1000,1000,3,3412476765,3,200,0.6
2026-09-12T09:48:39Z,53407,530.1,1000,1000,3,3414418197,3,200,0.7
2026-09-12T09:49:09Z,53437,551.2,1000,1000,3,3416296317,3,200,0.5
2026-09-12T09:49:39Z,53467,519.4,1000,1000,3,3418179386,3,200,1.0
2026-09-12T09:50:09Z,53497,558.0,1000,1000,3,3420119919,3,200,31.3
2026-09-12T09:50:39Z,53527,522.8,1000,1000,3,3422010430,3,200,2.2
2026-09-12T09:51:09Z,53557,520.2,1000,1000,3,3423890717,3,200,0.8
2026-09-12T09:51:40Z,53587,574.9,1000,1000,3,3425833773,3,200,0.5
2026-09-12T09:52:09Z,53617,532.7,1000,1000,3,3427718001,3,200,1.5
2026-09-12T09:52:39Z,53647,520.7,1000,1000,3,3429599005,3,200,1.1
2026-09-12T09:53:10Z,53677,550.9,1000,1000,3,3431541061,3,200,0.9
2026-09-12T09:53:39Z,53707,532.1,1000,1000,3,3433420181,3,200,0.5
2026-09-12T09:54:09Z,53737,534.6,1000,1000,3,3435298301,3,200,0.7
2026-09-12T09:54:40Z,53767,531.3,1000,1000,3,3437249102,3,200,2.5
2026-09-12T09:55:09Z,53797,560.6,1000,1000,3,3439127469,3,200,1.4
2026-09-12T09:55:39Z,53827,508.1,1000,1000,3,3441006589,3,200,0.7
2026-09-12T09:56:10Z,53857,513.7,1000,1000,3,3442948645,3,200,0.5
2026-09-12T09:56:39Z,53887,550.2,1000,1000,3,3444831240,3,200,53.5
2026-09-12T09:57:09Z,53917,541.5,1000,1000,3,3446721869,3,200,2.3
2026-09-12T09:57:39Z,53947,521.7,1000,1000,3,3448600989,3,200,0.6
2026-09-12T09:58:09Z,53977,512.7,1000,1000,3,3450543045,3,200,0.5
2026-09-12T09:58:39Z,54007,536.4,1000,1000,3,3452422165,3,200,0.9
2026-09-12T09:59:09Z,54037,519.6,1000,1000,3,3454301934,3,200,0.6
2026-09-12T09:59:40Z,54067,524.1,1000,1000,3,3456251333,3,200,0.7
2026-09-12T10:00:09Z,54097,541.2,1000,1000,3,3458129453,3,200,0.6
2026-09-12T10:00:39Z,54127,550.3,1000,1000,3,3460010615,3,200,0.6
2026-09-12T10:01:10Z,54157,528.8,1000,1000,3,3461956229,3,200,0.7
2026-09-12T10:01:39Z,54187,542.1,1000,1000,3,3463837741,3,200,0.7
2026-09-12T10:02:09Z,54217,514.9,1000,1000,3,3465722385,3,200,1.3
2026-09-12T10:02:39Z,54247,559.2,1000,1000,3,3467602973,3,200,0.6
2026-09-12T10:03:09Z,54277,549.5,1000,1000,3,3469540111,3,200,55.9
2026-09-12T10:03:39Z,54307,529.4,1000,1000,3,3471432141,3,200,2.0
2026-09-12T10:04:09Z,54337,547.3,1000,1000,3,3473310261,3,200,0.6
2026-09-12T10:04:39Z,54367,538.7,1000,1000,3,3475253317,3,200,0.8
2026-09-12T10:05:09Z,54397,524.4,1000,1000,3,3477131437,3,200,0.6
2026-09-12T10:05:39Z,54427,522.3,1000,1000,3,3478981619,3,200,2.6
2026-09-12T10:06:09Z,54457,521.3,1000,1000,3,3480909997,3,200,1.4
2026-09-12T10:06:39Z,54487,529.6,1000,1000,3,3482850025,3,200,39.2
2026-09-12T10:07:09Z,54517,520.9,1000,1000,3,3484735055,3,200,0.7
2026-09-12T10:07:39Z,54547,527.7,1000,1000,3,3486617750,3,200,0.9
2026-09-12T10:08:10Z,54577,533.1,1000,1000,3,3488558763,3,200,1.4
2026-09-12T10:08:39Z,54607,503.2,1000,1000,3,3490442117,3,200,0.7
2026-09-12T10:09:09Z,54637,530.7,1000,1000,3,3492320237,3,200,0.6
2026-09-12T10:09:39Z,54667,535.4,1000,1000,3,3494263293,3,200,0.4
2026-09-12T10:10:09Z,54697,510.0,1000,1000,3,3496141413,3,200,0.5
2026-09-12T10:10:39Z,54727,545.2,1000,1000,3,3499060390,3,200,1.4
2026-09-12T10:11:10Z,54757,526.4,1000,1000,3,3501003547,3,200,0.5
2026-09-12T10:11:39Z,54787,523.0,1000,1000,3,3502885182,3,200,110.7
2026-09-12T10:12:09Z,54817,548.8,1000,1000,3,3504776771,3,200,1.2
2026-09-12T10:12:39Z,54847,518.7,1000,1000,3,3506655891,3,200,0.5
2026-09-12T10:13:09Z,54877,547.2,1000,1000,3,3508599855,3,200,1.1
2026-09-12T10:13:39Z,54907,553.4,1000,1000,3,3510483601,3,200,1.2
2026-09-12T10:14:09Z,54937,510.7,1000,1000,3,3512349004,3,200,3.4
2026-09-12T10:14:39Z,54967,506.5,1000,1000,3,3514266275,3,200,0.6
2026-09-12T10:15:10Z,54997,515.1,1000,1000,3,3516208331,3,200,0.9
2026-09-12T10:15:39Z,55027,528.7,1000,1000,3,3518087451,3,200,0.8
2026-09-12T10:16:09Z,55057,512.2,1000,1000,3,3519973563,3,200,1.2
2026-09-12T10:16:40Z,55087,557.9,1000,1000,3,3521916619,3,200,1.5
2026-09-12T10:17:09Z,55117,532.7,1000,1000,3,3523794739,3,200,0.6
2026-09-12T10:17:39Z,55147,520.2,1000,1000,3,3525673859,3,200,0.6
2026-09-12T10:18:10Z,55177,557.3,1000,1000,3,3527615915,3,200,2.3
2026-09-12T10:18:39Z,55207,526.0,1000,1000,3,3529471022,3,200,5.1
2026-09-12T10:19:09Z,55237,539.0,1000,1000,3,3531396478,3,200,0.9
2026-09-12T10:19:39Z,55267,540.7,1000,1000,3,3533276251,3,200,0.5
2026-09-12T10:20:10Z,55297,535.8,1000,1000,3,3535218307,3,200,0.5
2026-09-12T10:20:39Z,55327,533.8,1000,1000,3,3537098301,3,200,0.5
2026-09-12T10:21:09Z,55357,537.1,1000,1000,3,3538984521,3,200,0.6
2026-09-12T10:21:39Z,55387,527.8,1000,1000,3,3540864888,3,200,0.5
2026-09-12T10:22:09Z,55417,542.9,1000,1000,3,3542812707,3,200,1.4
2026-09-12T10:22:39Z,55447,519.1,1000,1000,3,3544691827,3,200,0.8
2026-09-12T10:23:09Z,55477,511.0,1000,1000,3,3546569947,3,200,0.6
2026-09-12T10:23:39Z,55507,526.9,1000,1000,3,3548511888,3,200,1.2
2026-09-12T10:24:09Z,55537,487.5,1000,1000,3,3550396307,3,200,1.2
2026-09-12T10:24:39Z,55567,532.3,1000,1000,3,3552278235,3,200,1.1
2026-09-12T10:25:10Z,55597,549.6,1000,1000,3,3554219063,3,200,2.2
2026-09-12T10:25:39Z,55627,555.3,1000,1000,3,3556106533,3,200,1.2
2026-09-12T10:26:09Z,55657,508.4,1000,1000,3,3557985523,3,200,0.9
2026-09-12T10:26:40Z,55687,528.8,1000,1000,3,3559928579,3,200,0.5
2026-09-12T10:27:09Z,55717,549.3,1000,1000,3,3561807767,3,200,0.4
2026-09-12T10:27:39Z,55747,530.3,1000,1000,3,3563701683,3,200,1.5
2026-09-12T10:28:09Z,55777,533.9,1000,1000,3,3565579923,3,200,0.5
2026-09-12T10:28:39Z,55807,522.7,1000,1000,3,3567522979,3,200,0.8
2026-09-12T10:29:09Z,55837,509.1,1000,1000,3,3569401099,3,200,0.6
2026-09-12T10:29:39Z,55867,515.3,1000,1000,3,3571288211,3,200,0.8
2026-09-12T10:30:10Z,55897,534.1,1000,1000,3,3573230267,3,200,0.7
2026-09-12T10:30:39Z,55927,509.4,1000,1000,3,3575114666,3,200,1.1
2026-09-12T10:31:09Z,55957,526.8,1000,1000,3,3576995247,3,200,2.2
2026-09-12T10:31:40Z,55987,534.8,1000,1000,3,3578938555,3,200,0.6
2026-09-12T10:32:09Z,56017,549.1,1000,1000,3,3580816675,3,200,0.4
2026-09-12T10:32:39Z,56047,536.1,1000,1000,3,3582695795,3,200,0.7
2026-09-12T10:33:10Z,56077,527.7,1000,1000,3,3584637851,3,200,0.4
2026-09-12T10:33:39Z,56107,562.8,1000,1000,3,3586517829,3,200,0.7
2026-09-12T10:34:09Z,56137,531.8,1000,1000,3,3588403083,3,200,0.8
2026-09-12T10:34:39Z,56167,559.4,1000,1000,3,3590282203,3,200,0.8
2026-09-12T10:35:09Z,56197,519.5,1000,1000,3,3592224259,3,200,0.4
2026-09-12T10:35:39Z,56227,536.8,1000,1000,3,3594103379,3,200,0.6
2026-09-12T10:36:09Z,56257,543.3,1000,1000,3,3595981499,3,200,0.6
2026-09-12T10:36:39Z,56287,539.8,1000,1000,3,3597924555,3,200,0.5
2026-09-12T10:37:09Z,56317,522.3,1000,1000,3,3599802675,3,200,0.4
2026-09-12T10:37:40Z,56348,546.6,1000,1000,3,3601746527,3,200,0.6
2026-09-12T10:38:10Z,56378,554.5,1000,1000,3,3603690792,3,200,1.7
2026-09-12T10:38:40Z,56408,520.3,1000,1000,3,3605574899,3,200,2.1
2026-09-12T10:39:10Z,56438,490.3,1000,1000,3,3607453019,3,200,0.6
2026-09-12T10:39:40Z,56468,559.6,1000,1000,3,3609390434,3,200,20.5
2026-09-12T10:40:10Z,56498,533.8,1000,1000,3,3611279219,3,200,0.6
2026-09-12T10:40:40Z,56528,533.6,1000,1000,3,3614190277,3,200,3.3
2026-09-12T10:41:11Z,56558,523.8,1000,1000,3,3616132333,3,200,0.5
2026-09-12T10:41:40Z,56588,523.5,1000,1000,3,3618011449,3,200,0.7
2026-09-12T10:42:10Z,56618,529.9,1000,1000,3,3619889573,3,200,0.6
2026-09-12T10:42:41Z,56648,527.8,1000,1000,3,3621832629,3,200,0.6
2026-09-12T10:43:10Z,56678,521.5,1000,1000,3,3623717195,3,200,2.3
2026-09-12T10:43:40Z,56708,517.6,1000,1000,3,3625597861,3,200,0.5
2026-09-12T10:44:10Z,56738,545.4,1000,1000,3,3627475981,3,200,0.5
2026-09-12T10:44:40Z,56768,527.2,1000,1000,3,3629421837,3,200,2.4
2026-09-12T10:45:10Z,56798,561.6,1000,1000,3,3631278788,3,200,2.4
2026-09-12T10:45:40Z,56828,528.1,1000,1000,3,3633208245,3,200,0.7
2026-09-12T10:46:10Z,56858,534.2,1000,1000,3,3635086365,3,200,0.6
2026-09-12T10:46:40Z,56888,521.7,1000,1000,3,3637031343,3,200,1.1
2026-09-12T10:47:10Z,56918,515.4,1000,1000,3,3638913191,3,200,1.1
2026-09-12T10:47:40Z,56948,553.1,1000,1000,3,3640794653,3,200,0.6
2026-09-12T10:48:11Z,56978,543.9,1000,1000,3,3642736567,3,200,2.0
2026-09-12T10:48:40Z,57008,552.9,1000,1000,3,3644621872,3,200,3.2
2026-09-12T10:49:10Z,57038,500.0,1000,1000,3,3646501941,3,200,1.2
2026-09-12T10:49:41Z,57068,524.4,1000,1000,3,3648444997,3,200,0.9
2026-09-12T10:50:10Z,57098,538.1,1000,1000,3,3650323735,3,200,0.6
2026-09-12T10:50:40Z,57128,515.4,1000,1000,3,3652210229,3,200,0.7
2026-09-12T10:51:10Z,57158,513.5,1000,1000,3,3654090262,3,200,0.5
2026-09-12T10:51:40Z,57188,543.1,1000,1000,3,3656037362,3,200,2.8
2026-09-12T10:52:10Z,57218,546.8,1000,1000,3,3657917517,3,200,0.9
2026-09-12T10:52:40Z,57248,538.9,1000,1000,3,3659796637,3,200,0.6
2026-09-12T10:53:11Z,57278,503.5,1000,1000,3,3661745287,3,200,0.7
2026-09-12T10:53:40Z,57308,539.1,1000,1000,3,3663625689,3,200,0.8
2026-09-12T10:54:10Z,57338,535.2,1000,1000,3,3665503925,3,200,0.5
2026-09-12T10:54:41Z,57368,530.9,1000,1000,3,3667445823,3,200,0.6
2026-09-12T10:55:10Z,57398,530.9,1000,1000,3,3669330626,3,200,1.0
2026-09-12T10:55:40Z,57428,519.8,1000,1000,3,3671212213,3,200,1.5
2026-09-12T10:56:11Z,57458,536.3,1000,1000,3,3673154269,3,200,0.6
2026-09-12T10:56:40Z,57488,538.3,1000,1000,3,3675035947,3,200,140.5
2026-09-12T10:57:10Z,57518,513.2,1000,1000,3,3676925394,3,200,1.6
2026-09-12T10:57:40Z,57548,526.2,1000,1000,3,3678806613,3,200,0.7
2026-09-12T10:58:11Z,57578,563.0,1000,1000,3,3680754307,3,200,0.9
2026-09-12T10:58:40Z,57608,535.2,1000,1000,3,3682634723,3,200,1.1
2026-09-12T10:59:10Z,57638,513.9,1000,1000,3,3684513901,3,200,1.7
2026-09-12T10:59:41Z,57668,546.1,1000,1000,3,3686456957,3,200,0.6
2026-09-12T11:00:10Z,57698,513.2,1000,1000,3,3688335077,3,200,0.6
2026-09-12T11:00:40Z,57728,524.9,1000,1000,3,3690214197,3,200,0.6
2026-09-12T11:01:11Z,57758,553.6,1000,1000,3,3692156253,3,200,0.5
2026-09-12T11:01:40Z,57788,533.0,1000,1000,3,3694041763,3,200,1.8
2026-09-12T11:02:10Z,57818,498.8,1000,1000,3,3695921485,3,200,0.6
2026-09-12T11:02:41Z,57848,505.6,1000,1000,3,3697857201,3,200,4.6
2026-09-12T11:03:11Z,57878,543.6,1000,1000,3,3699754753,3,200,1.5
2026-09-12T11:03:40Z,57908,512.0,1000,1000,3,3701637765,3,200,1.6
2026-09-12T11:04:10Z,57938,493.5,1000,1000,3,3703515885,3,200,0.6
2026-09-12T11:04:41Z,57968,554.6,1000,1000,3,3705460522,3,200,0.8
2026-09-12T11:05:10Z,57998,544.2,1000,1000,3,3707340823,3,200,0.7
2026-09-12T11:05:40Z,58028,497.9,1000,1000,3,3709224113,3,200,1.7
2026-09-12T11:06:11Z,58058,528.3,1000,1000,3,3711166229,3,200,0.7
2026-09-12T11:06:40Z,58088,547.7,1000,1000,3,3713045349,3,200,0.5
2026-09-12T11:07:10Z,58118,512.0,1000,1000,3,3714923469,3,200,0.6
2026-09-12T11:07:41Z,58148,540.8,1000,1000,3,3716866525,3,200,0.5
2026-09-12T11:08:10Z,58178,506.3,1000,1000,3,3718744645,3,200,0.5
2026-09-12T11:08:40Z,58208,518.3,1000,1000,3,3720623765,3,200,0.6
2026-09-12T11:09:11Z,58238,526.4,1000,1000,3,3722569186,3,200,0.6
2026-09-12T11:09:40Z,58268,529.4,1000,1000,3,3724450262,3,200,1.5
2026-09-12T11:10:10Z,58298,538.3,1000,1000,3,3726331053,3,200,0.6
2026-09-12T11:10:40Z,58328,525.8,999,999,4,3728230044,4,200,0.6
2026-09-12T11:11:11Z,58358,516.1,999,999,4,3730174936,4,200,0.8
2026-09-12T11:11:40Z,58388,525.3,999,999,4,3732055004,4,200,68.6
2026-09-12T11:12:10Z,58418,535.3,999,999,4,3733944383,4,200,0.9
2026-09-12T11:12:40Z,58448,691.5,1000,1000,4,3735815940,4,200,10.3
2026-09-12T11:13:10Z,58478,544.4,1000,1000,4,3738722415,4,200,1.3
2026-09-12T11:13:41Z,58508,525.2,1000,1000,4,3740665091,4,200,0.7
2026-09-12T11:14:10Z,58538,554.5,1000,1000,4,3742546548,4,200,0.7
2026-09-12T11:14:40Z,58568,514.7,1000,1000,4,3744429229,4,200,2.1
2026-09-12T11:15:11Z,58599,546.1,1000,1000,4,3746373268,4,200,0.8
2026-09-12T11:15:41Z,58629,536.8,1000,1000,4,3748311641,4,200,56.4
2026-09-12T11:16:11Z,58659,526.5,1000,1000,4,3750202542,4,200,0.5
2026-09-12T11:16:41Z,58689,517.4,1000,1000,4,3752082661,4,200,0.5
2026-09-12T11:17:11Z,58719,521.0,1000,1000,4,3754024717,4,200,0.4
2026-09-12T11:17:41Z,58749,515.0,1000,1000,4,3755903837,4,200,0.5
2026-09-12T11:18:11Z,58779,519.2,1000,1000,4,3757781957,4,200,0.5
2026-09-12T11:18:42Z,58809,530.3,1000,1000,4,3759728930,4,200,0.5
2026-09-12T11:19:11Z,58839,563.2,1000,1000,4,3761618042,4,200,2.1
2026-09-12T11:19:41Z,58869,500.0,1000,1000,4,3763498237,4,200,0.6
2026-09-12T11:20:12Z,58899,535.1,1000,1000,4,3765440293,4,200,0.5
2026-09-12T11:20:41Z,58929,527.7,1000,1000,4,3767319413,4,200,0.7
2026-09-12T11:21:11Z,58959,537.9,1000,1000,4,3769199023,4,200,0.5
2026-09-12T11:21:42Z,58989,523.5,1000,1000,4,3771141356,4,200,2.0
2026-09-12T11:22:11Z,59019,545.3,1000,1000,4,3773020336,4,200,0.5
2026-09-12T11:22:41Z,59049,509.8,1000,1000,4,3774897829,4,200,0.6
2026-09-12T11:23:12Z,59079,568.9,1000,1000,4,3776836186,4,200,1.6
2026-09-12T11:23:41Z,59109,503.6,1000,1000,4,3778722813,4,200,1.6
2026-09-12T11:24:11Z,59139,534.5,1000,1000,4,3780602202,4,200,0.9
2026-09-12T11:24:42Z,59169,526.7,1000,1000,4,3782548173,4,200,0.8
2026-09-12T11:25:11Z,59199,532.3,1000,1000,4,3784428297,4,200,0.6
2026-09-12T11:25:41Z,59229,525.7,1000,1000,4,3786301144,4,200,2.0
2026-09-12T11:26:11Z,59259,566.8,1000,1000,4,3788199517,4,200,2.1
2026-09-12T11:26:42Z,59289,512.0,1000,1000,4,3790143085,4,200,2.5
2026-09-12T11:27:11Z,59319,537.1,1000,1000,4,3792028685,4,200,0.6
2026-09-12T11:27:41Z,59349,547.6,1000,1000,4,3793907805,4,200,0.6
2026-09-12T11:28:12Z,59379,540.1,1000,1000,4,3795850622,4,200,1.1
2026-09-12T11:28:41Z,59409,529.3,1000,1000,4,3797728981,4,200,0.5
2026-09-12T11:29:11Z,59439,564.5,1000,1000,4,3799615093,4,200,0.6
2026-09-12T11:29:42Z,59469,510.3,1000,1000,4,3801560741,4,200,0.6
2026-09-12T11:30:11Z,59499,567.4,1000,1000,4,3803439667,4,200,58.4
2026-09-12T11:30:41Z,59529,530.3,1000,1000,4,3805331373,4,200,2.0
2026-09-12T11:31:11Z,59559,516.4,1000,1000,4,3807209493,4,200,0.8
2026-09-12T11:31:41Z,59589,528.3,1000,1000,4,3809152549,4,200,0.7
2026-09-12T11:32:11Z,59619,522.6,1000,1000,4,3811030669,4,200,0.7
2026-09-12T11:32:41Z,59649,553.1,1000,1000,4,3812909789,4,200,0.6
2026-09-12T11:33:12Z,59679,576.3,1000,1000,4,3814854191,4,200,1.7
2026-09-12T11:33:41Z,59709,533.5,1000,1000,4,3816738957,4,200,0.9
2026-09-12T11:34:11Z,59739,518.2,1000,1000,4,3818617077,4,200,0.6
2026-09-12T11:34:42Z,59769,528.2,1000,1000,4,3820562536,4,200,1.2
2026-09-12T11:35:11Z,59799,538.2,1000,1000,4,3822442355,4,200,1.4
2026-09-12T11:35:41Z,59829,516.2,1000,1000,4,3824325364,4,200,0.7
2026-09-12T11:36:12Z,59859,564.3,1000,1000,4,3826267421,4,200,0.6
2026-09-12T11:36:41Z,59889,496.1,1000,1000,4,3828146541,4,200,0.5
2026-09-12T11:37:11Z,59919,542.3,1000,1000,4,3830024661,4,200,0.5
2026-09-12T11:37:42Z,59949,544.7,1000,1000,4,3831967717,4,200,0.6
2026-09-12T11:38:11Z,59979,543.0,1000,1000,4,3833845837,4,200,0.7
2026-09-12T11:38:41Z,60009,525.8,1000,1000,4,3835724957,4,200,0.5
2026-09-12T11:39:12Z,60039,556.3,1000,1000,4,3837674986,4,200,0.6
2026-09-12T11:39:41Z,60069,573.7,1000,1000,4,3839553861,4,200,0.6
2026-09-12T11:40:11Z,60099,506.1,1000,1000,4,3841432245,4,200,0.7
2026-09-12T11:40:42Z,60129,534.2,1000,1000,4,3843375301,4,200,0.7
2026-09-12T11:41:11Z,60159,519.6,1000,1000,4,3845253421,4,200,0.6
2026-09-12T11:41:41Z,60189,546.3,1000,1000,4,3847138807,4,200,1.5
2026-09-12T11:42:11Z,60219,542.6,1000,1000,4,3849018653,4,200,0.6
2026-09-12T11:42:41Z,60249,552.4,1000,1000,4,3850961709,4,200,0.6
2026-09-12T11:43:11Z,60279,524.3,1000,1000,4,3853835832,4,200,1.2
2026-09-12T11:43:41Z,60309,548.5,1000,1000,4,3855718728,4,200,1.1
2026-09-12T11:44:12Z,60339,544.1,1000,1000,4,3857665000,4,200,0.7
2026-09-12T11:44:41Z,60369,547.1,1000,1000,4,3859544899,4,200,0.5
2026-09-12T11:45:11Z,60399,543.0,1000,1000,4,3861438174,4,200,1.5
2026-09-12T11:45:41Z,60429,543.1,1000,1000,4,3863322804,4,200,1.4
2026-09-12T11:46:12Z,60459,538.1,1000,1000,4,3865266012,4,200,0.7
2026-09-12T11:46:41Z,60489,517.9,1000,1000,4,3867146512,4,200,0.6
2026-09-12T11:47:11Z,60519,537.0,1000,1000,4,3869024632,4,200,0.5
2026-09-12T11:47:42Z,60549,513.9,1000,1000,4,3870968809,4,200,1.1
2026-09-12T11:48:11Z,60579,550.8,1000,1000,4,3872845808,4,200,0.5
2026-09-12T11:48:41Z,60609,535.7,1000,1000,4,3874727683,4,200,0.6
2026-09-12T11:49:12Z,60639,490.2,1000,1000,4,3876672826,4,200,1.0
2026-09-12T11:49:41Z,60669,555.4,1000,1000,4,3878552301,4,200,1.1
2026-09-12T11:50:11Z,60699,518.5,1000,1000,4,3880432216,4,200,0.5
2026-09-12T11:50:42Z,60729,539.5,1000,1000,4,3882375272,4,200,0.8
2026-09-12T11:51:11Z,60759,527.5,1000,1000,4,3884253392,4,200,0.5
2026-09-12T11:51:41Z,60789,537.1,1000,1000,4,3886132512,4,200,0.6
2026-09-12T11:52:12Z,60819,575.7,1000,1000,4,3888077187,4,200,0.8
2026-09-12T11:52:41Z,60849,541.5,1000,1000,4,3889960121,4,200,5.1
2026-09-12T11:53:11Z,60879,534.6,1000,1000,4,3891839800,4,200,0.5
2026-09-12T11:53:42Z,60909,510.4,1000,1000,4,3893782856,4,200,1.5
2026-09-12T11:54:11Z,60939,534.2,1000,1000,4,3895661903,4,200,0.5
2026-09-12T11:54:41Z,60969,555.0,1000,1000,4,3897553604,4,200,1.6
2026-09-12T11:55:11Z,60999,525.6,1000,1000,4,3899434200,4,200,0.5
2026-09-12T11:55:41Z,61029,509.5,1000,1000,4,3901377256,4,200,0.6
2026-09-12T11:56:11Z,61059,528.6,1000,1000,4,3903255376,4,200,0.5
2026-09-12T11:56:41Z,61089,546.9,1000,1000,4,3905137761,4,200,0.8
2026-09-12T11:57:12Z,61119,551.4,1000,1000,4,3907084544,4,200,2.0
2026-09-12T11:57:41Z,61149,512.4,1000,1000,4,3908963664,4,200,1.2
2026-09-12T11:58:11Z,61179,562.7,1000,1000,4,3910842865,4,200,0.5
2026-09-12T11:58:42Z,61209,546.9,1000,1000,4,3912790741,4,200,3.2
2026-09-12T11:59:11Z,61239,560.8,1000,1000,4,3914670952,4,200,1.3
2026-09-12T11:59:41Z,61269,531.5,1000,1000,4,3916550072,4,200,0.5
2026-09-12T12:00:12Z,61300,557.6,1000,1000,4,3918495780,4,200,0.7
2026-09-12T12:00:42Z,61330,540.2,1000,1000,4,3920436214,4,200,62.9
2026-09-12T12:01:12Z,61360,525.1,1000,1000,4,3922324965,4,200,2.9
2026-09-12T12:01:42Z,61390,557.9,1000,1000,4,3924208408,4,200,1.0
2026-09-12T12:02:13Z,61420,538.6,1000,1000,4,3926142545,4,200,1.7
2026-09-12T12:02:42Z,61450,531.5,1000,1000,4,3928029584,4,200,0.6
2026-09-12T12:03:12Z,61480,530.9,1000,1000,4,3929914343,4,200,1.2
2026-09-12T12:03:43Z,61510,535.5,1000,1000,4,3931858752,4,200,0.5
2026-09-12T12:04:12Z,61540,535.9,1000,1000,4,3933736872,4,200,0.6
2026-09-12T12:04:42Z,61570,532.4,1000,1000,4,3935619755,4,200,1.2
2026-09-12T12:05:13Z,61600,534.0,1000,1000,4,3937563506,4,200,1.0
2026-09-12T12:05:42Z,61630,560.2,1000,1000,4,3939445160,4,200,2.5
2026-09-12T12:06:12Z,61660,524.9,1000,1000,4,3941323280,4,200,0.7
2026-09-12T12:06:43Z,61691,527.6,1000,1000,4,3943266336,4,200,0.5
2026-09-12T12:07:13Z,61721,566.4,1000,1000,4,3945208392,4,200,0.6
2026-09-12T12:07:43Z,61751,544.1,1000,1000,4,3947087512,4,200,0.4
2026-09-12T12:08:14Z,61782,526.7,1000,1000,4,3949033194,4,200,0.8
2026-09-12T12:08:44Z,61812,541.1,1000,1000,4,3950975110,4,200,73.4
2026-09-12T12:09:14Z,61842,496.0,1000,1000,4,3952858736,4,200,0.7
2026-09-12T12:09:44Z,61872,542.9,1000,1000,4,3954737856,4,200,0.7
2026-09-12T12:10:14Z,61902,545.8,1000,1000,4,3956679912,4,200,0.6
2026-09-12T12:10:44Z,61932,583.2,1000,1000,4,3958559032,4,200,0.7
2026-09-12T12:11:14Z,61962,531.5,1000,1000,4,3960445100,4,200,0.9
2026-09-12T12:11:44Z,61992,513.2,1000,1000,4,3962388200,4,200,0.6
2026-09-12T12:12:14Z,62022,562.9,1000,1000,4,3964266320,4,200,1.0
2026-09-12T12:12:44Z,62052,529.6,1000,1000,4,3966145440,4,200,0.5
2026-09-12T12:13:15Z,62082,534.7,1000,1000,4,3969102480,4,200,0.6
2026-09-12T12:13:44Z,62112,567.7,1000,1000,4,3970981600,4,200,0.6
2026-09-12T12:14:14Z,62142,518.1,1000,1000,4,3972856005,4,200,2.5
2026-09-12T12:14:44Z,62172,517.3,1000,1000,4,3974750225,4,200,0.8
2026-09-12T12:15:14Z,62202,527.3,1000,1000,4,3976696880,4,200,0.4
2026-09-12T12:15:44Z,62232,533.4,1000,1000,4,3978576000,4,200,0.6
2026-09-12T12:16:14Z,62262,541.8,1000,1000,4,3980460666,4,200,0.6
2026-09-12T12:16:45Z,62292,548.6,1000,1000,4,3982403862,4,200,2.3
2026-09-12T12:17:14Z,62322,552.1,1000,1000,4,3984285167,4,200,0.6
2026-09-12T12:17:44Z,62352,533.7,1000,1000,4,3986168420,4,200,0.8
2026-09-12T12:18:15Z,62382,534.5,1000,1000,4,3988112456,4,200,1.4
2026-09-12T12:18:44Z,62412,509.9,1000,1000,4,3989991576,4,200,0.6
2026-09-12T12:19:14Z,62442,506.1,1000,1000,4,3991869696,4,200,0.6
2026-09-12T12:19:45Z,62472,536.3,1000,1000,4,3993812752,4,200,0.6
2026-09-12T12:20:14Z,62502,527.9,1000,1000,4,3995690872,4,200,0.5
2026-09-12T12:20:44Z,62532,525.8,1000,1000,4,3997569992,4,200,0.6
2026-09-12T12:21:15Z,62562,536.3,1000,1000,4,3999506261,4,200,2.2
2026-09-12T12:21:44Z,62592,532.3,1000,1000,4,4001393393,4,200,0.6
2026-09-12T12:22:14Z,62622,514.5,1000,1000,4,4003277280,4,200,3.9
2026-09-12T12:22:45Z,62652,533.7,1000,1000,4,4005220336,4,200,0.8
2026-09-12T12:23:14Z,62682,528.9,1000,1000,4,4007098456,4,200,0.5
2026-09-12T12:23:44Z,62712,510.7,1000,1000,4,4008977576,4,200,0.7
2026-09-12T12:24:15Z,62742,484.7,1000,1000,4,4010919632,4,200,0.6
2026-09-12T12:24:44Z,62772,507.1,1000,1000,4,4012798752,4,200,0.8
2026-09-12T12:25:14Z,62802,552.8,1000,1000,4,4014676872,4,200,0.5
2026-09-12T12:25:45Z,62832,505.4,1000,1000,4,4016619722,4,200,2.1
2026-09-12T12:26:14Z,62862,509.1,1000,1000,4,4018503010,4,200,1.3
2026-09-12T12:26:44Z,62892,532.2,1000,1000,4,4020385160,4,200,0.5
2026-09-12T12:27:15Z,62922,533.9,1000,1000,4,4022327216,4,200,0.5
2026-09-12T12:27:44Z,62952,513.7,1000,1000,4,4024206336,4,200,0.8
2026-09-12T12:28:14Z,62982,511.1,1000,1000,4,4026084456,4,200,0.5
2026-09-12T12:28:45Z,63012,559.2,1000,1000,4,4028000612,4,200,2.6
2026-09-12T12:29:15Z,63042,543.4,1000,1000,4,4029929608,4,200,0.5
2026-09-12T12:29:44Z,63072,533.9,1000,1000,4,4031808728,4,200,0.6
2026-09-12T12:30:14Z,63102,552.1,1000,1000,4,4033686848,4,200,0.6
2026-09-12T12:30:45Z,63132,526.0,1000,1000,4,4035631772,4,200,0.5
2026-09-12T12:31:14Z,63162,557.8,1000,1000,4,4037510137,4,200,0.6
2026-09-12T12:31:44Z,63192,512.0,1000,1000,4,4039391992,4,200,1.1
2026-09-12T12:32:15Z,63222,537.9,1000,1000,4,4041337192,4,200,1.6
2026-09-12T12:32:44Z,63252,514.9,1000,1000,4,4043216312,4,200,0.7
2026-09-12T12:33:14Z,63282,518.5,1000,1000,4,4045094432,4,200,0.5
2026-09-12T12:33:45Z,63312,524.3,1000,1000,4,4047037488,4,200,0.5
2026-09-12T12:34:14Z,63342,538.6,1000,1000,4,4048915608,4,200,0.5
2026-09-12T12:34:44Z,63372,509.1,1000,1000,4,4050800319,4,200,1.0
2026-09-12T12:35:15Z,63402,573.6,1000,1000,4,4052744776,4,200,0.9
2026-09-12T12:35:44Z,63432,530.0,1000,1000,4,4054626678,4,200,138.9
2026-09-12T12:36:14Z,63462,544.3,1000,1000,4,4056510008,4,200,0.7
2026-09-12T12:36:44Z,63492,505.0,1000,1000,4,4058389128,4,200,0.5
2026-09-12T12:37:14Z,63522,489.2,1000,1000,4,4060328410,4,200,1.7
2026-09-12T12:37:44Z,63552,513.0,1000,1000,4,4062218296,4,200,1.7
2026-09-12T12:38:14Z,63582,515.8,1000,1000,4,4064096416,4,200,0.6
2026-09-12T12:38:44Z,63612,564.2,1000,1000,4,4066039472,4,200,0.5
2026-09-12T12:39:14Z,63642,524.7,1000,1000,4,4067917592,4,200,0.6
2026-09-12T12:39:44Z,63672,508.1,1000,1000,4,4069796712,4,200,0.5
2026-09-12T12:40:14Z,63702,500.9,1000,1000,4,4071736713,4,200,0.9
2026-09-12T12:40:44Z,63732,526.3,1000,1000,4,4073621701,4,200,1.3
2026-09-12T12:41:14Z,63762,502.4,1000,1000,4,4075504000,4,200,1.0
2026-09-12T12:41:44Z,63792,532.8,1000,1000,4,4077447056,4,200,0.6
2026-09-12T12:42:14Z,63822,514.2,1000,1000,4,4079325176,4,200,0.5
2026-09-12T12:42:44Z,63852,538.8,1000,1000,4,4081205315,4,200,0.9
2026-09-12T12:43:15Z,63882,544.5,1000,1000,4,4084118985,4,200,5.8
2026-09-12T12:43:44Z,63912,535.8,1000,1000,4,4086017914,4,200,0.7
2026-09-12T12:44:15Z,63942,532.4,1000,1000,4,4087963531,4,200,1.0
2026-09-12T12:44:44Z,63972,517.1,1000,1000,4,4089844414,4,200,0.6
2026-09-12T12:45:14Z,64002,513.8,1000,1000,4,4091731358,4,200,0.4
2026-09-12T12:45:44Z,64032,535.7,1000,1000,4,4093614100,4,200,1.2
2026-09-12T12:46:15Z,64062,509.4,1000,1000,4,4095553964,4,200,2.8
2026-09-12T12:46:44Z,64092,560.2,1000,1000,4,4097440190,4,200,0.6
2026-09-12T12:47:14Z,64122,520.6,1000,1000,4,4099319620,4,200,0.8
2026-09-12T12:47:45Z,64152,536.2,1000,1000,4,4101259226,4,200,0.6
2026-09-12T12:48:14Z,64182,528.9,1000,1000,4,4103140277,4,200,0.8
2026-09-12T12:48:44Z,64212,527.8,1000,1000,4,4105022614,4,200,0.9
2026-09-12T12:49:15Z,64242,531.0,1000,1000,4,4106966514,4,200,0.5
2026-09-12T12:49:44Z,64272,518.2,1000,1000,4,4108845634,4,200,0.6
2026-09-12T12:50:14Z,64302,543.7,1000,1000,4,4110724742,4,200,0.6
2026-09-12T12:50:45Z,64332,544.8,1000,1000,4,4112669016,4,200,5.9
2026-09-12T12:51:14Z,64362,500.5,1000,1000,4,4114552860,4,200,2.6
2026-09-12T12:51:44Z,64392,517.0,1000,1000,4,4116432042,4,200,0.7
2026-09-12T12:52:15Z,64422,523.8,1000,1000,4,4118374098,4,200,0.7
2026-09-12T12:52:44Z,64452,490.3,1000,1000,4,4120253218,4,200,0.9
2026-09-12T12:53:14Z,64482,531.5,1000,1000,4,4122131338,4,200,0.6
2026-09-12T12:53:45Z,64512,500.9,1000,1000,4,4124074394,4,200,0.7
2026-09-12T12:54:14Z,64542,496.6,1000,1000,4,4125952514,4,200,0.5
2026-09-12T12:54:44Z,64572,533.7,1000,1000,4,4127831634,4,200,0.7
2026-09-12T12:55:15Z,64602,504.2,1000,1000,4,4129773157,4,200,0.9
2026-09-12T12:55:44Z,64632,501.1,1000,1000,4,4131652810,4,200,0.6
2026-09-12T12:56:14Z,64662,508.2,1000,1000,4,4133535778,4,200,0.5
2026-09-12T12:56:45Z,64692,496.2,1000,1000,4,4135475257,4,200,2.3
2026-09-12T12:57:15Z,64722,541.1,1000,1000,4,4137374349,4,200,1.9
2026-09-12T12:57:44Z,64752,549.4,1000,1000,4,4139257513,4,200,0.4
2026-09-12T12:58:14Z,64782,513.7,1000,1000,4,4141141314,4,200,0.9
2026-09-12T12:58:45Z,64812,514.4,1000,1000,4,4143084370,4,200,0.6
2026-09-12T12:59:14Z,64842,524.9,1000,1000,4,4144962490,4,200,0.6
2026-09-12T12:59:44Z,64872,525.0,1000,1000,4,4146841610,4,200,0.5
2026-09-12T13:00:15Z,64902,508.6,1000,1000,4,4148783666,4,200,0.6
2026-09-12T13:00:44Z,64932,535.0,1000,1000,4,4150665571,4,200,0.6
2026-09-12T13:01:14Z,64962,530.8,1000,1000,4,4152547311,4,200,1.3
2026-09-12T13:01:45Z,64992,491.1,1000,1000,4,4154491954,4,200,2.0
2026-09-12T13:02:14Z,65022,539.5,1000,1000,4,4156370074,4,200,0.6
2026-09-12T13:02:44Z,65052,530.6,1000,1000,4,4158249194,4,200,0.9
2026-09-12T13:03:15Z,65082,539.0,1000,1000,4,4160191250,4,200,0.9
2026-09-12T13:03:44Z,65112,540.5,1000,1000,4,4162072905,4,200,129.7
2026-09-12T13:04:14Z,65142,550.1,1000,1000,4,4163957420,4,200,0.6
2026-09-12T13:04:44Z,65172,522.5,1000,1000,4,4165837811,4,200,0.5
2026-09-12T13:05:14Z,65202,537.4,1000,1000,4,4167772439,4,200,34.6
2026-09-12T13:05:44Z,65232,517.8,1000,1000,4,4169664770,4,200,0.5
2026-09-12T13:06:14Z,65262,516.8,1000,1000,4,4171542890,4,200,1.3
2026-09-12T13:06:44Z,65292,510.9,1000,1000,4,4173485946,4,200,1.0
2026-09-12T13:07:14Z,65322,529.2,1000,1000,4,4175364066,4,200,0.6
2026-09-12T13:07:44Z,65352,529.5,1000,1000,4,4177243186,4,200,0.5
2026-09-12T13:08:14Z,65382,527.1,1000,1000,4,4179182749,4,200,3.8
2026-09-12T13:08:44Z,65412,519.1,1000,1000,4,4181064362,4,200,0.5
2026-09-12T13:09:14Z,65442,564.9,1000,1000,4,4182944318,4,200,1.1
2026-09-12T13:09:44Z,65472,565.6,1000,1000,4,4184882236,4,200,3.2
2026-09-12T13:10:14Z,65502,525.7,1000,1000,4,4186771650,4,200,0.6
2026-09-12T13:10:44Z,65532,510.5,1000,1000,4,4188650770,4,200,0.8
2026-09-12T13:11:15Z,65562,542.3,1000,1000,4,4190600818,4,200,2.2
2026-09-12T13:11:44Z,65592,521.7,1000,1000,4,4192480816,4,200,0.6
2026-09-12T13:12:14Z,65622,507.6,1000,1000,4,4194371299,4,200,1.4
2026-09-12T13:12:44Z,65652,527.6,1000,1000,4,4196251019,4,200,1.8
2026-09-12T13:13:14Z,65682,523.6,1000,1000,4,4198195218,4,200,0.5
2026-09-12T13:13:44Z,65712,515.6,1000,1000,4,4201095316,4,200,1.1
2026-09-12T13:14:14Z,65742,526.1,1000,1000,4,4202974435,4,200,0.6
2026-09-12T13:14:45Z,65772,539.3,1000,1000,4,4204922448,4,200,2.9
2026-09-12T13:15:14Z,65802,541.7,1000,1000,4,4206805024,4,200,132.3
2026-09-12T13:15:44Z,65832,542.7,1000,1000,4,4208689716,4,200,0.9
2026-09-12T13:16:14Z,65862,554.0,1000,1000,4,4210568835,4,200,1.1
2026-09-12T13:16:44Z,65892,546.4,1000,1000,4,4212506320,4,200,43.4
2026-09-12T13:17:14Z,65922,552.5,1000,1000,4,4214398003,4,200,0.4
2026-09-12T13:17:44Z,65952,556.6,1000,1000,4,4216280401,4,200,0.7
2026-09-12T13:18:15Z,65982,559.9,1000,1000,4,4218227171,4,200,0.9
2026-09-12T13:18:44Z,66012,556.8,1000,1000,4,4220106291,4,200,0.6
2026-09-12T13:19:14Z,66042,559.9,1000,1000,4,4221984411,4,200,0.5
2026-09-12T13:19:45Z,66072,481.1,1000,1000,4,4223928978,4,200,2.0
2026-09-12T13:20:14Z,66102,512.6,1000,1000,4,4225812580,4,200,1.0
2026-09-12T13:20:44Z,66132,537.3,1000,1000,4,4227692699,4,200,0.8
2026-09-12T13:21:15Z,66162,523.7,1000,1000,4,4229640667,4,200,1.0
2026-09-12T13:21:44Z,66192,552.2,1000,1000,4,4231520868,4,200,3.9
2026-09-12T13:22:14Z,66222,543.0,1000,1000,4,4233398988,4,200,0.5
2026-09-12T13:22:45Z,66253,520.5,1000,1000,4,4235343327,4,200,3.6
2026-09-12T13:23:16Z,66283,536.9,1000,1000,4,4237301083,4,200,1.4
2026-09-12T13:23:45Z,66313,520.2,1000,1000,4,4239183116,4,200,2.0
2026-09-12T13:24:15Z,66343,541.4,1000,1000,4,4241066315,4,200,0.7
2026-09-12T13:24:46Z,66373,571.5,1000,1000,4,4243009371,4,200,0.5
2026-09-12T13:25:15Z,66403,552.9,1000,1000,4,4244889936,4,200,76.5
2026-09-12T13:25:45Z,66433,498.9,1000,1000,4,4246774603,4,200,0.5
2026-09-12T13:26:15Z,66463,537.5,1000,1000,4,4248652723,4,200,0.8
2026-09-12T13:26:45Z,66493,502.3,1000,1000,4,4250589685,4,200,37.2
2026-09-12T13:27:15Z,66523,511.9,1000,1000,4,4252478880,4,200,1.6
2026-09-12T13:27:45Z,66553,510.2,1000,1000,4,4254359089,4,200,1.2
2026-09-12T13:28:15Z,66583,527.5,1000,1000,4,4256294037,4,200,0.8
2026-09-12T13:28:45Z,66613,522.4,1000,1000,4,4258182187,4,200,0.6
2026-09-12T13:29:15Z,66643,544.6,1000,1000,4,4260060307,4,200,0.6
2026-09-12T13:29:46Z,66673,538.3,1000,1000,4,4262009110,4,200,1.4
2026-09-12T13:30:15Z,66703,524.3,1000,1000,4,4263889475,4,200,0.9
2026-09-12T13:30:45Z,66733,499.5,1000,1000,4,4265768595,4,200,0.5
2026-09-12T13:31:16Z,66763,549.1,1000,1000,4,4267710651,4,200,0.7
2026-09-12T13:31:45Z,66793,517.9,1000,1000,4,4269589771,4,200,0.6
2026-09-12T13:32:15Z,66823,533.0,1000,1000,4,4271467891,4,200,0.7
2026-09-12T13:32:46Z,66853,514.1,1000,1000,4,4273410103,4,200,0.4
2026-09-12T13:33:15Z,66883,509.9,1000,1000,4,4275289067,4,200,0.7
2026-09-12T13:33:45Z,66913,531.1,1000,1000,4,4277168187,4,200,0.7
2026-09-12T13:34:15Z,66943,542.6,1000,1000,4,4279110243,4,200,0.8
2026-09-12T13:34:45Z,66973,542.7,1000,1000,4,4280989363,4,200,0.5
2026-09-12T13:35:15Z,67003,525.5,1000,1000,4,4282867483,4,200,0.8
2026-09-12T13:35:45Z,67033,525.1,1000,1000,4,4284810517,4,200,4.4
2026-09-12T13:36:15Z,67063,510.3,1000,1000,4,4286693422,4,200,1.3
2026-09-12T13:36:45Z,67093,525.2,1000,1000,4,4288575771,4,200,0.8
2026-09-12T13:37:16Z,67123,549.7,1000,1000,4,4290512558,4,200,1.0
2026-09-12T13:37:45Z,67153,524.3,1000,1000,4,4292396947,4,200,0.5
2026-09-12T13:38:15Z,67183,512.8,1000,1000,4,4294275067,4,200,0.5
2026-09-12T13:38:46Z,67213,557.0,1000,1000,4,4296223770,4,200,2.7
2026-09-12T13:39:15Z,67243,524.7,1000,1000,4,4298103218,4,200,1.0
2026-09-12T13:39:45Z,67273,528.4,1000,1000,4,4299983355,4,200,0.8
2026-09-12T13:40:16Z,67303,535.8,1000,1000,4,4301925411,4,200,0.6
2026-09-12T13:40:45Z,67333,509.3,1000,1000,4,4303804531,4,200,0.8
2026-09-12T13:41:15Z,67363,533.5,1000,1000,4,4305682651,4,200,0.5
2026-09-12T13:41:46Z,67393,548.3,1000,1000,4,4307625160,4,200,0.9
2026-09-12T13:42:15Z,67423,531.6,1000,1000,4,4309503827,4,200,0.6
2026-09-12T13:42:45Z,67453,530.8,1000,1000,4,4311382947,4,200,0.8
2026-09-12T13:43:16Z,67483,517.1,1000,1000,4,4313325003,4,200,0.6
2026-09-12T13:43:45Z,67513,551.8,1000,1000,4,4316216110,4,200,0.5
2026-09-12T13:44:15Z,67543,539.8,1000,1000,4,4318094230,4,200,0.5
2026-09-12T13:44:46Z,67573,512.7,1000,1000,4,4320041776,4,200,1.8
2026-09-12T13:45:15Z,67603,529.6,1000,1000,4,4321922399,4,200,2.9
2026-09-12T13:45:45Z,67633,532.5,1000,1000,4,4323801519,4,200,0.7
2026-09-12T13:46:16Z,67663,548.5,1000,1000,4,4325744013,4,200,2.1
2026-09-12T13:46:45Z,67693,531.6,1000,1000,4,4327623694,4,200,1.4
2026-09-12T13:47:15Z,67723,524.5,1000,1000,4,4329501814,4,200,0.6
2026-09-12T13:47:46Z,67753,514.9,1000,1000,4,4331444870,4,200,0.8
2026-09-12T13:48:15Z,67783,520.3,1000,1000,4,4333324482,4,200,0.6
2026-09-12T13:48:45Z,67813,526.5,1000,1000,4,4335209103,4,200,3.1
2026-09-12T13:49:16Z,67843,544.0,1000,1000,4,4337152158,4,200,0.8
2026-09-12T13:49:45Z,67873,531.8,1000,1000,4,4339030999,4,200,2.4
2026-09-12T13:50:15Z,67903,513.1,1000,1000,4,4340909398,4,200,1.5
2026-09-12T13:50:46Z,67933,529.1,1000,1000,4,4342852454,4,200,0.7
2026-09-12T13:51:15Z,67963,534.0,1000,1000,4,4344733879,4,200,142.1
2026-09-12T13:51:45Z,67993,528.9,1000,1000,4,4346620895,4,200,0.9
2026-09-12T13:52:15Z,68023,558.7,1000,1000,4,4348503798,4,200,0.7
2026-09-12T13:52:46Z,68053,521.1,1000,1000,4,4350443007,4,200,1.2
2026-09-12T13:53:15Z,68083,522.2,1000,1000,4,4352324974,4,200,0.5
2026-09-12T13:53:45Z,68113,507.7,1000,1000,4,4354204094,4,200,0.7
2026-09-12T13:54:15Z,68143,525.3,1000,1000,4,4356146150,4,200,0.6
2026-09-12T13:54:45Z,68173,522.2,1000,1000,4,4358025270,4,200,0.6
2026-09-12T13:55:15Z,68203,514.4,1000,1000,4,4359906279,4,200,0.5
2026-09-12T13:55:45Z,68233,539.7,1000,1000,4,4361847480,4,200,2.3
2026-09-12T13:56:15Z,68263,517.4,1000,1000,4,4363732558,4,200,4.4
2026-09-12T13:56:45Z,68293,542.6,1000,1000,4,4365611678,4,200,0.5
2026-09-12T13:57:16Z,68323,546.8,1000,1000,4,4367548015,4,200,2.4
2026-09-12T13:57:45Z,68353,553.8,1000,1000,4,4369433996,4,200,0.7
2026-09-12T13:58:15Z,68383,528.7,1000,1000,4,4371310974,4,200,0.7
2026-09-12T13:58:45Z,68413,500.1,1000,1000,4,4373254030,4,200,0.5
2026-09-12T13:59:15Z,68443,498.2,1000,1000,4,4375132150,4,200,0.5
2026-09-12T13:59:45Z,68473,529.2,1000,1000,4,4377011270,4,200,0.6
2026-09-12T14:00:16Z,68503,510.6,1000,1000,4,4378957743,4,200,1.2
2026-09-12T14:00:45Z,68533,530.2,1000,1000,4,4380835763,4,200,0.7
2026-09-12T14:01:15Z,68563,534.5,1000,1000,4,4382717619,4,200,1.3
2026-09-12T14:01:46Z,68593,500.8,1000,1000,4,4384660486,4,200,1.0
2026-09-12T14:02:15Z,68623,516.1,1000,1000,4,4386539734,4,200,0.7
2026-09-12T14:02:45Z,68653,514.4,1000,1000,4,4388418854,4,200,0.5
2026-09-12T14:03:16Z,68683,526.0,1000,1000,4,4390339060,4,200,2.1
2026-09-12T14:03:45Z,68713,522.6,1000,1000,4,4392210868,4,200,1.1
2026-09-12T14:04:15Z,68743,522.4,1000,1000,4,4394153006,4,200,37.4
2026-09-12T14:04:45Z,68773,513.5,1000,1000,4,4396039312,4,200,0.6
2026-09-12T14:05:15Z,68803,520.3,1000,1000,4,4397920602,4,200,0.8
2026-09-12T14:05:45Z,68833,525.5,1000,1000,4,4399866398,4,200,1.8
2026-09-12T14:06:15Z,68863,515.0,1000,1000,4,4401744518,4,200,0.5
2026-09-12T14:06:45Z,68893,539.5,1000,1000,4,4403623638,4,200,1.1
2026-09-12T14:07:16Z,68923,519.1,1000,1000,4,4405565694,4,200,0.5
2026-09-12T14:07:45Z,68953,540.9,1000,1000,4,4407452806,4,200,1.2
2026-09-12T14:08:15Z,68983,544.4,1000,1000,4,4409330926,4,200,0.5
2026-09-12T14:08:46Z,69013,511.6,1000,1000,4,4411273982,4,200,1.0
2026-09-12T14:09:15Z,69043,529.9,1000,1000,4,4413152102,4,200,0.6
2026-09-12T14:09:45Z,69073,515.4,1000,1000,4,4415031222,4,200,0.5
2026-09-12T14:10:16Z,69103,523.2,1000,1000,4,4416973188,4,200,2.6
2026-09-12T14:10:45Z,69133,512.6,1000,1000,4,4418852398,4,200,0.5
2026-09-12T14:11:15Z,69163,535.0,1000,1000,4,4420735462,4,200,0.5
2026-09-12T14:11:46Z,69193,543.1,1000,1000,4,4422681566,4,200,1.5
2026-09-12T14:12:15Z,69223,509.7,1000,1000,4,4424559686,4,200,1.2
2026-09-12T14:12:45Z,69253,514.7,1000,1000,4,4426438806,4,200,0.5
2026-09-12T14:13:15Z,69283,525.0,1000,1000,4,4428324918,4,200,1.2
2026-09-12T14:13:45Z,69313,544.5,1000,1000,4,4431202460,4,200,4.7
2026-09-12T14:14:15Z,69343,554.2,1000,1000,4,4433140400,4,200,2.0
2026-09-12T14:14:45Z,69373,534.7,1000,1000,4,4435020218,4,200,0.6
2026-09-12T14:15:16Z,69403,524.2,1000,1000,4,4436962274,4,200,0.7
2026-09-12T14:15:45Z,69433,521.9,1000,1000,4,4438841394,4,200,0.5
2026-09-12T14:16:15Z,69463,542.7,1000,1000,4,4440719514,4,200,0.6
2026-09-12T14:16:46Z,69493,534.3,1000,1000,4,4442663557,4,200,0.7
2026-09-12T14:17:15Z,69523,544.1,1000,1000,4,4444540690,4,200,0.8
2026-09-12T14:17:45Z,69553,531.6,1000,1000,4,4446419810,4,200,0.6
2026-09-12T14:18:16Z,69583,540.7,1000,1000,4,4448363594,4,200,1.0
2026-09-12T14:18:45Z,69613,525.0,1000,1000,4,4450244054,4,200,0.5
2026-09-12T14:19:15Z,69643,539.0,1000,1000,4,4452123717,4,200,2.3
2026-09-12T14:19:46Z,69673,516.9,1000,1000,4,4454070154,4,200,0.6
2026-09-12T14:20:15Z,69703,504.9,1000,1000,4,4455948274,4,200,0.5
2026-09-12T14:20:45Z,69733,538.1,1000,1000,4,4457830707,4,200,1.4
2026-09-12T14:21:16Z,69763,525.3,1000,1000,4,4459771748,4,200,0.5
2026-09-12T14:21:45Z,69793,558.9,1000,1000,4,4461652621,4,200,1.5
2026-09-12T14:22:15Z,69823,560.9,1000,1000,4,4463534682,4,200,0.7
2026-09-12T14:22:46Z,69853,535.9,1000,1000,4,4465477738,4,200,0.6
2026-09-12T14:23:15Z,69883,521.1,1000,1000,4,4467356682,4,200,0.4
2026-09-12T14:23:45Z,69913,519.8,1000,1000,4,4469250647,4,200,1.0
2026-09-12T14:24:15Z,69943,504.6,1000,1000,4,4471129082,4,200,0.5
2026-09-12T14:24:45Z,69973,521.2,1000,1000,4,4473072138,4,200,1.0
2026-09-12T14:25:15Z,70003,528.5,1000,1000,4,4474950258,4,200,0.6
2026-09-12T14:25:45Z,70033,542.6,1000,1000,4,4476829378,4,200,1.0
2026-09-12T14:26:15Z,70063,525.8,1000,1000,4,4478771434,4,200,0.5
2026-09-12T14:26:45Z,70093,557.3,1000,1000,4,4480650554,4,200,0.6
2026-09-12T14:27:15Z,70123,532.6,1000,1000,4,4482529931,4,200,0.5
2026-09-12T14:27:45Z,70153,519.2,1000,1000,4,4484468966,4,200,1.6
2026-09-12T14:28:15Z,70183,521.3,1000,1000,4,4486357842,4,200,0.5
2026-09-12T14:28:45Z,70213,534.6,1000,1000,4,4488236962,4,200,0.6
2026-09-12T14:29:16Z,70243,537.5,1000,1000,4,4490182781,4,200,1.1
2026-09-12T14:29:45Z,70273,552.3,1000,1000,4,4492062095,4,200,3.2
2026-09-12T14:30:15Z,70303,500.8,1000,1000,4,4493944250,4,200,1.2
2026-09-12T14:30:46Z,70333,500.0,1000,1000,4,4495883936,4,200,2.4
2026-09-12T14:31:15Z,70363,537.4,1000,1000,4,4497765426,4,200,0.5
2026-09-12T14:31:45Z,70393,517.2,1000,1000,4,4499644546,4,200,0.7
2026-09-12T14:32:16Z,70423,507.8,1000,1000,4,4501586602,4,200,0.6
2026-09-12T14:32:45Z,70453,520.5,1000,1000,4,4503465722,4,200,0.6
2026-09-12T14:33:15Z,70483,506.7,1000,1000,4,4505343842,4,200,0.6
2026-09-12T14:33:46Z,70513,528.1,1000,1000,4,4507286898,4,200,0.6
2026-09-12T14:34:15Z,70543,499.8,1000,1000,4,4509165018,4,200,0.7
2026-09-12T14:34:45Z,70573,532.1,1000,1000,4,4511045111,4,200,0.7
2026-09-12T14:35:16Z,70603,539.5,1000,1000,4,4512992622,4,200,2.3
2026-09-12T14:35:45Z,70633,551.9,1000,1000,4,4514872643,4,200,0.7
2026-09-12T14:36:15Z,70663,524.3,1000,1000,4,4516751426,4,200,0.5
2026-09-12T14:36:46Z,70693,539.2,1000,1000,4,4518689482,4,200,2.9
2026-09-12T14:37:15Z,70723,542.5,1000,1000,4,4520585811,4,200,0.8
2026-09-12T14:37:45Z,70753,528.9,1000,1000,4,4522467706,4,200,2.3
2026-09-12T14:38:15Z,70783,537.1,1000,1000,4,4524345826,4,200,0.7
2026-09-12T14:38:45Z,70813,553.7,1000,1000,4,4526282728,4,200,55.4
2026-09-12T14:39:15Z,70843,519.7,1000,1000,4,4528174994,4,200,1.6
2026-09-12T14:39:45Z,70873,515.8,1000,1000,4,4530054114,4,200,0.5
2026-09-12T14:40:15Z,70903,539.4,1000,1000,4,4531996170,4,200,0.6
2026-09-12T14:40:45Z,70933,529.2,1000,1000,4,4533875290,4,200,0.4
2026-09-12T14:41:15Z,70963,533.7,1000,1000,4,4535753410,4,200,0.6
2026-09-12T14:41:45Z,70993,541.7,1000,1000,4,4537696466,4,200,0.5
2026-09-12T14:42:15Z,71023,507.8,1000,1000,4,4539574586,4,200,0.7
2026-09-12T14:42:45Z,71053,539.7,1000,1000,4,4541453706,4,200,0.5
2026-09-12T14:43:15Z,71083,553.4,1000,1000,4,4543390440,4,200,26.4
2026-09-12T14:43:45Z,71113,511.3,1000,1000,4,4545282874,4,200,0.5
2026-09-12T14:44:15Z,71143,536.7,1000,1000,4,4548190116,4,200,2.7
2026-09-12T14:44:46Z,71173,531.6,1000,1000,4,4550137016,4,200,2.6
2026-09-12T14:45:15Z,71203,518.3,1000,1000,4,4552016026,4,200,0.6
2026-09-12T14:45:45Z,71233,532.7,1000,1000,4,4553902248,4,200,0.6
2026-09-12T14:46:15Z,71263,531.1,1000,1000,4,4555780368,4,200,0.8
2026-09-12T14:46:45Z,71293,545.2,1000,1000,4,4557717744,4,200,27.2
2026-09-12T14:47:15Z,71323,550.6,1000,1000,4,4559609536,4,200,0.7
2026-09-12T14:47:45Z,71353,527.5,1000,1000,4,4561488656,4,200,0.5
2026-09-12T14:48:15Z,71383,539.7,1000,1000,4,4563432551,4,200,0.7
2026-09-12T14:48:45Z,71413,547.5,1000,1000,4,4565309832,4,200,0.5
2026-09-12T14:49:15Z,71443,497.8,1000,1000,4,4567187952,4,200,0.7
2026-09-12T14:49:45Z,71473,541.0,1000,1000,4,4569125560,4,200,28.6
2026-09-12T14:50:15Z,71503,523.8,1000,1000,4,4571016086,4,200,0.7
2026-09-12T14:50:45Z,71533,528.4,1000,1000,4,4572896240,4,200,0.7
2026-09-12T14:51:15Z,71563,517.3,1000,1000,4,4574838296,4,200,0.9
2026-09-12T14:51:45Z,71593,526.4,1000,1000,4,4576717416,4,200,0.6
2026-09-12T14:52:15Z,71623,511.4,1000,1000,4,4578595536,4,200,0.8
2026-09-12T14:52:45Z,71653,538.6,1000,1000,4,4580538592,4,200,0.7
2026-09-12T14:53:15Z,71683,543.6,1000,1000,4,4582416712,4,200,0.5
2026-09-12T14:53:45Z,71713,527.6,1000,1000,4,4584295832,4,200,0.6
2026-09-12T14:54:15Z,71743,522.9,1000,1000,4,4586232826,4,200,11.3
2026-09-12T14:54:45Z,71773,554.0,1000,1000,4,4588124155,4,200,0.9
2026-09-12T14:55:15Z,71803,516.4,1000,1000,4,4590002269,4,200,1.7
2026-09-12T14:55:46Z,71833,519.3,1000,1000,4,4591954168,4,200,0.8
2026-09-12T14:56:15Z,71863,506.5,1000,1000,4,4593834510,4,200,134.4
2026-09-12T14:56:45Z,71893,515.7,1000,1000,4,4595722546,4,200,1.3
2026-09-12T14:57:15Z,71923,538.0,1000,1000,4,4597602632,4,200,0.5
2026-09-12T14:57:45Z,71953,518.4,1000,1000,4,4599547248,4,200,2.1
2026-09-12T14:58:15Z,71983,508.1,1000,1000,4,4601426688,4,200,1.2
2026-09-12T14:58:45Z,72013,515.3,1000,1000,4,4603305808,4,200,0.5
2026-09-12T14:59:15Z,72043,501.3,1000,1000,4,4605247864,4,200,0.6
2026-09-12T14:59:45Z,72073,526.9,1000,1000,4,4607140101,4,200,1.2
2026-09-12T15:00:15Z,72103,530.1,1000,1000,4,4609018661,4,200,1.8
2026-09-12T15:00:46Z,72133,569.4,1000,1000,4,4610964144,4,200,2.2
2026-09-12T15:01:15Z,72163,558.6,1000,1000,4,4612842264,4,200,0.9
2026-09-12T15:01:45Z,72193,503.0,1000,1000,4,4614721384,4,200,0.7
2026-09-12T15:02:16Z,72223,546.1,1000,1000,4,4616663440,4,200,0.6
2026-09-12T15:02:45Z,72253,507.8,1000,1000,4,4618542560,4,200,0.5
2026-09-12T15:03:15Z,72283,509.4,1000,1000,4,4620420680,4,200,0.7
2026-09-12T15:03:46Z,72313,528.7,1000,1000,4,4622368146,4,200,1.4
2026-09-12T15:04:15Z,72343,520.7,1000,1000,4,4624244760,4,200,79.9
2026-09-12T15:04:45Z,72373,506.9,1000,1000,4,4626128968,4,200,0.5
2026-09-12T15:05:15Z,72403,543.4,1000,1000,4,4628008148,4,200,0.9
2026-09-12T15:05:45Z,72433,507.6,1000,1000,4,4629944926,4,200,32.0
2026-09-12T15:06:15Z,72463,526.4,1000,1000,4,4631836256,4,200,0.6
2026-09-12T15:06:45Z,72493,486.9,1000,1000,4,4633715376,4,200,0.5
2026-09-12T15:07:15Z,72523,515.8,1000,1000,4,4635657432,4,200,0.5
2026-09-12T15:07:45Z,72553,561.5,1000,1000,4,4637536552,4,200,0.4
2026-09-12T15:08:15Z,72583,558.7,1000,1000,4,4639422664,4,200,0.6
2026-09-12T15:08:46Z,72613,539.8,1000,1000,4,4641365720,4,200,0.9
2026-09-12T15:09:15Z,72643,515.5,1000,1000,4,4643243840,4,200,1.0
2026-09-12T15:09:45Z,72673,505.3,1000,1000,4,4645122960,4,200,0.6
2026-09-12T15:10:16Z,72703,525.4,1000,1000,4,4647068879,4,200,6.4
2026-09-12T15:10:45Z,72733,505.0,1000,1000,4,4648953082,4,200,0.8
2026-09-12T15:11:15Z,72763,531.2,1000,1000,4,4650838240,4,200,0.5
2026-09-12T15:11:45Z,72793,531.8,1000,1000,4,4652717360,4,200,0.5
2026-09-12T15:12:15Z,72823,516.1,1000,1000,4,4654653956,4,200,31.3
2026-09-12T15:12:45Z,72853,526.6,1000,1000,4,4656545695,4,200,1.2
2026-09-12T15:13:15Z,72883,513.8,1000,1000,4,4658424369,4,200,0.4
2026-09-12T15:13:45Z,72913,506.1,1000,1000,4,4660367704,4,200,0.6
2026-09-12T15:14:15Z,72943,531.7,999,999,5,4662266043,5,200,2.1
2026-09-12T15:14:45Z,72973,553.2,999,999,5,4664146911,5,200,0.6
2026-09-12T15:15:15Z,73003,530.4,999,999,5,4666031135,5,200,0.5
2026-09-12T15:15:46Z,73033,537.1,999,999,5,4667978331,5,200,1.4
2026-09-12T15:16:16Z,73063,534.4,1000,1000,5,4670852584,5,200,0.5
2026-09-12T15:16:45Z,73093,517.2,1000,1000,5,4672733924,5,200,150.6
2026-09-12T15:17:15Z,73123,529.2,1000,1000,5,4674624735,5,200,1.7
2026-09-12T15:17:45Z,73153,535.1,1000,1000,5,4676504927,5,200,0.7
2026-09-12T15:18:16Z,73183,506.2,1000,1000,5,4678441317,5,200,2.3
2026-09-12T15:18:45Z,73213,533.8,1000,1000,5,4680306874,5,200,4.1
2026-09-12T15:19:15Z,73243,544.8,1000,1000,5,4682239113,5,200,102.7
2026-09-12T15:19:45Z,73273,545.8,1000,1000,5,4684124302,5,200,0.9
2026-09-12T15:20:15Z,73303,540.9,1000,1000,5,4686003468,5,200,0.8
2026-09-12T15:20:45Z,73333,537.1,1000,1000,5,4687949860,5,200,1.6
2026-09-12T15:21:15Z,73363,495.3,1000,1000,5,4689830592,5,200,0.8
2026-09-12T15:21:45Z,73393,533.0,1000,1000,5,4691709711,5,200,0.7
2026-09-12T15:22:15Z,73423,513.6,1000,1000,5,4693652767,5,200,0.9
2026-09-12T15:22:45Z,73453,530.4,1000,1000,5,4695531886,5,200,0.6
2026-09-12T15:23:15Z,73483,503.7,1000,1000,5,4697410007,5,200,0.8
2026-09-12T15:23:45Z,73513,545.1,1000,1000,5,4699353062,5,200,0.5
2026-09-12T15:24:15Z,73543,549.9,1000,1000,5,4701231183,5,200,0.5
2026-09-12T15:24:45Z,73573,544.7,1000,1000,5,4703110302,5,200,0.8
2026-09-12T15:25:15Z,73603,531.4,1000,1000,5,4705046723,5,200,14.0
2026-09-12T15:25:45Z,73633,524.9,1000,1000,5,4706937737,5,200,1.7
2026-09-12T15:26:15Z,73663,547.6,1000,1000,5,4708817591,5,200,0.5
2026-09-12T15:26:45Z,73693,553.2,1000,1000,5,4710760646,5,200,0.6
2026-09-12T15:27:15Z,73723,540.6,1000,1000,5,4712638767,5,200,0.5
2026-09-12T15:27:45Z,73753,573.1,1000,1000,5,4714517886,5,200,0.8
2026-09-12T15:28:15Z,73783,538.8,1000,1000,5,4716456614,5,200,1.2
2026-09-12T15:28:45Z,73813,551.2,1000,1000,5,4718339062,5,200,0.6
2026-09-12T15:29:15Z,73843,531.6,1000,1000,5,4720219057,5,200,0.6
2026-09-12T15:29:45Z,73873,514.9,1000,1000,5,4722160265,5,200,2.2
2026-09-12T15:30:15Z,73903,537.1,1000,1000,5,4724046351,5,200,0.5
2026-09-12T15:30:45Z,73933,532.1,1000,1000,5,4725926457,5,200,0.7
2026-09-12T15:31:16Z,73963,537.7,1000,1000,5,4727869548,5,200,0.5
2026-09-12T15:31:45Z,73993,566.4,1000,1000,5,4729750954,5,200,0.8
2026-09-12T15:32:15Z,74023,521.3,1000,1000,5,4731631700,5,200,2.3
2026-09-12T15:32:46Z,74053,535.5,1000,1000,5,4733573582,5,200,0.6
2026-09-12T15:33:15Z,74083,544.6,1000,1000,5,4735453935,5,200,0.7
2026-09-12T15:33:45Z,74113,558.5,1000,1000,5,4737333054,5,200,0.7
2026-09-12T15:34:16Z,74143,575.4,1000,1000,5,4739272023,5,200,3.5
2026-09-12T15:34:45Z,74173,527.9,1000,1000,5,4741154230,5,200,0.6
2026-09-12T15:35:15Z,74203,518.3,1000,1000,5,4743032351,5,200,0.6
2026-09-12T15:35:46Z,74233,546.2,1000,1000,5,4744980168,5,200,0.9
2026-09-12T15:36:15Z,74263,547.5,1000,1000,5,4746860880,5,200,1.4
2026-09-12T15:36:45Z,74293,549.0,1000,1000,5,4748740638,5,200,0.5
2026-09-12T15:37:16Z,74323,523.4,1000,1000,5,4750682695,5,200,0.6
2026-09-12T15:37:45Z,74353,528.7,1000,1000,5,4752561814,5,200,0.5
2026-09-12T15:38:15Z,74383,549.1,1000,1000,5,4754439935,5,200,0.5
2026-09-12T15:38:46Z,74413,562.5,1000,1000,5,4756380813,5,200,3.2
2026-09-12T15:39:15Z,74443,501.8,1000,1000,5,4758261111,5,200,0.7
2026-09-12T15:39:45Z,74473,546.8,1000,1000,5,4760140230,5,200,0.6
2026-09-12T15:40:16Z,74503,537.0,1000,1000,5,4762086261,5,200,2.1
2026-09-12T15:40:45Z,74533,544.7,1000,1000,5,4763961293,5,200,3.6
2026-09-12T15:41:15Z,74563,577.5,1000,1000,5,4765863503,5,200,0.5
2026-09-12T15:41:45Z,74593,525.9,1000,1000,5,4767742622,5,200,0.6
2026-09-12T15:42:15Z,74623,559.7,1000,1000,5,4769684679,5,200,1.0
2026-09-12T15:42:45Z,74653,561.8,1000,1000,5,4771569501,5,200,0.5
2026-09-12T15:43:15Z,74683,505.4,1000,1000,5,4773457903,5,200,1.3
2026-09-12T15:43:46Z,74713,549.2,1000,1000,5,4775400958,5,200,0.5
2026-09-12T15:44:15Z,74743,536.8,1000,1000,5,4777281323,5,200,69.2
2026-09-12T15:44:45Z,74773,533.6,1000,1000,5,4779166190,5,200,0.5
2026-09-12T15:45:15Z,74803,529.1,1000,1000,5,4781044311,5,200,0.7
2026-09-12T15:45:45Z,74833,515.3,1000,1000,5,4782981716,5,200,12.9
2026-09-12T15:46:15Z,74863,595.3,1000,1000,5,4784849503,5,200,18.5
2026-09-12T15:46:45Z,74893,519.6,1000,1000,5,4787751598,5,200,0.7
2026-09-12T15:47:16Z,74923,520.1,1000,1000,5,4789693655,5,200,2.5
2026-09-12T15:47:45Z,74953,520.2,1000,1000,5,4791579659,5,200,1.5
2026-09-12T15:48:15Z,74983,515.9,1000,1000,5,4793458887,5,200,0.5
2026-09-12T15:48:46Z,75013,536.9,1000,1000,5,4795401942,5,200,0.7
2026-09-12T15:49:15Z,75043,529.7,1000,1000,5,4797282805,5,200,114.7
2026-09-12T15:49:45Z,75073,511.4,1000,1000,5,4799167174,5,200,0.6
2026-09-12T15:50:15Z,75103,553.7,1000,1000,5,4801045295,5,200,0.7
2026-09-12T15:50:45Z,75133,545.7,1000,1000,5,4802988350,5,200,0.6
2026-09-12T15:51:15Z,75163,509.0,1000,1000,5,4804867539,5,200,0.6
2026-09-12T15:51:46Z,75194,533.4,1000,1000,5,4806809526,5,200,0.7
2026-09-12T15:52:16Z,75224,555.4,1000,1000,5,4808751583,5,200,0.6
2026-09-12T15:52:46Z,75254,532.1,1000,1000,5,4810630702,5,200,0.8
2026-09-12T15:53:17Z,75284,533.7,1000,1000,5,4812572759,5,200,0.5
2026-09-12T15:53:46Z,75314,576.7,1000,1000,5,4814451878,5,200,0.7
2026-09-12T15:54:16Z,75344,523.9,1000,1000,5,4816329999,5,200,0.5
2026-09-12T15:54:47Z,75374,546.5,1000,1000,5,4818273054,5,200,0.6
2026-09-12T15:55:16Z,75404,535.7,1000,1000,5,4820153483,5,200,107.9
2026-09-12T15:55:46Z,75434,526.0,1000,1000,5,4822052723,5,200,2.7
2026-09-12T15:56:16Z,75464,547.9,1000,1000,5,4823932391,5,200,0.8
2026-09-12T15:56:47Z,75494,532.7,1000,1000,5,4825875446,5,200,0.6
2026-09-12T15:57:16Z,75524,537.2,1000,1000,5,4827753567,5,200,0.6
2026-09-12T15:57:46Z,75554,561.0,1000,1000,5,4829632686,5,200,0.9
2026-09-12T15:58:17Z,75584,504.2,1000,1000,5,4831574563,5,200,1.2
2026-09-12T15:58:46Z,75614,505.4,1000,1000,5,4833453862,5,200,0.8
2026-09-12T15:59:16Z,75644,563.0,1000,1000,5,4835331983,5,200,0.5
2026-09-12T15:59:46Z,75674,509.6,1000,1000,5,4837275038,5,200,0.8
2026-09-12T16:00:16Z,75704,544.0,1000,1000,5,4839153159,5,200,0.6
2026-09-12T16:00:46Z,75734,530.3,1000,1000,5,4841032278,5,200,0.6
2026-09-12T16:01:16Z,75764,528.5,1000,1000,5,4842974335,5,200,0.7
2026-09-12T16:01:46Z,75794,523.7,1000,1000,5,4844854687,5,200,0.7
2026-09-12T16:02:16Z,75824,542.0,1000,1000,5,4846734835,5,200,3.4
2026-09-12T16:02:46Z,75854,533.6,1000,1000,5,4848670193,5,200,1.1
2026-09-12T16:03:16Z,75884,520.5,1000,1000,5,4850560743,5,200,1.0
2026-09-12T16:03:46Z,75914,503.1,1000,1000,5,4852439862,5,200,0.8
2026-09-12T16:04:17Z,75944,550.0,1000,1000,5,4854382058,5,200,2.2
2026-09-12T16:04:46Z,75974,539.2,1000,1000,5,4856261833,5,200,0.5
2026-09-12T16:05:16Z,76004,505.6,1000,1000,5,4858143247,5,200,1.0
2026-09-12T16:05:47Z,76034,502.0,1000,1000,5,4860090206,5,200,4.4
2026-09-12T16:06:16Z,76064,537.2,1000,1000,5,4861968327,5,200,0.7
2026-09-12T16:06:46Z,76094,517.3,1000,1000,5,4863847446,5,200,0.6
2026-09-12T16:07:17Z,76124,515.2,1000,1000,5,4865789503,5,200,0.8
2026-09-12T16:07:46Z,76154,542.2,1000,1000,5,4867668622,5,200,0.6
2026-09-12T16:08:16Z,76184,531.7,1000,1000,5,4869546743,5,200,0.7
2026-09-12T16:08:47Z,76214,492.8,1000,1000,5,4871489798,5,200,0.6
2026-09-12T16:09:16Z,76244,536.5,1000,1000,5,4873368873,5,200,0.7
2026-09-12T16:09:46Z,76274,541.1,1000,1000,5,4875249583,5,200,0.5
2026-09-12T16:10:17Z,76304,522.0,1000,1000,5,4877202072,5,200,1.4
2026-09-12T16:10:46Z,76334,570.4,1000,1000,5,4879078599,5,200,90.9
2026-09-12T16:11:16Z,76364,531.7,1000,1000,5,4880971520,5,200,4.7
2026-09-12T16:11:46Z,76394,505.5,1000,1000,5,4882857422,5,200,0.8
2026-09-12T16:12:17Z,76424,529.2,1000,1000,5,4884799479,5,200,0.5
2026-09-12T16:12:46Z,76454,496.9,1000,1000,5,4886678598,5,200,0.7
2026-09-12T16:13:16Z,76484,512.1,1000,1000,5,4888559796,5,200,1.0
2026-09-12T16:13:47Z,76514,547.3,1000,1000,5,4890504601,5,200,0.7
2026-09-12T16:14:16Z,76544,546.0,1000,1000,5,4892385887,5,200,2.3
2026-09-12T16:14:46Z,76574,540.5,1000,1000,5,4894265006,5,200,0.7
2026-09-12T16:15:17Z,76604,534.0,1000,1000,5,4896207063,5,200,0.8
2026-09-12T16:15:46Z,76634,540.4,1000,1000,5,4898086182,5,200,0.6
2026-09-12T16:16:16Z,76664,518.3,1000,1000,5,4899964303,5,200,0.6
2026-09-12T16:16:46Z,76694,545.9,1000,1000,5,4902821175,5,200,0.8
2026-09-12T16:17:16Z,76724,512.1,1000,1000,5,4904763500,5,200,1.0
2026-09-12T16:17:46Z,76754,537.3,1000,1000,5,4906642619,5,200,0.6
2026-09-12T16:18:16Z,76784,538.3,1000,1000,5,4908520740,5,200,0.7
2026-09-12T16:18:46Z,76814,537.9,1000,1000,5,4910458410,5,200,37.1
2026-09-12T16:19:16Z,76844,514.0,1000,1000,5,4912349142,5,200,1.4
2026-09-12T16:19:46Z,76874,517.9,1000,1000,5,4914229027,5,200,0.8
2026-09-12T16:20:16Z,76904,510.2,1000,1000,5,4916171084,5,200,0.5
2026-09-12T16:20:46Z,76934,533.9,1000,1000,5,4918050203,5,200,0.7
2026-09-12T16:21:16Z,76964,518.4,1000,1000,5,4919930595,5,200,0.6
2026-09-12T16:21:46Z,76994,517.7,1000,1000,5,4921872777,5,200,0.6
2026-09-12T16:22:16Z,77024,526.4,1000,1000,5,4923751971,5,200,0.5
2026-09-12T16:22:46Z,77054,537.2,1000,1000,5,4925634684,5,200,1.8
2026-09-12T16:23:17Z,77084,554.7,1000,1000,5,4927567955,5,200,0.8
2026-09-12T16:23:46Z,77114,510.4,1000,1000,5,4929457787,5,200,0.7
2026-09-12T16:24:16Z,77144,550.8,1000,1000,5,4931335908,5,200,0.6
2026-09-12T16:24:47Z,77174,536.4,1000,1000,5,4933278963,5,200,0.6
2026-09-12T16:25:16Z,77204,554.7,1000,1000,5,4935157084,5,200,0.8
2026-09-12T16:25:46Z,77234,499.7,1000,1000,5,4937042264,5,200,1.3
2026-09-12T16:26:17Z,77264,518.7,1000,1000,5,4938982822,5,200,0.9
2026-09-12T16:26:46Z,77294,518.6,1000,1000,5,4940865371,5,200,1.0
2026-09-12T16:27:16Z,77324,516.2,1000,1000,5,4942745704,5,200,0.5
2026-09-12T16:27:47Z,77354,543.7,1000,1000,5,4944687831,5,200,0.9
2026-09-12T16:28:16Z,77384,534.6,1000,1000,5,4946566614,5,200,0.5
2026-09-12T16:28:46Z,77414,537.4,1000,1000,5,4948443787,5,200,0.6
2026-09-12T16:29:17Z,77444,560.4,1000,1000,5,4950387259,5,200,0.6
2026-09-12T16:29:46Z,77474,534.9,1000,1000,5,4952269885,5,200,0.8
2026-09-12T16:30:16Z,77504,546.8,1000,1000,5,4954151076,5,200,0.9
2026-09-12T16:30:47Z,77534,520.0,1000,1000,5,4956096523,5,200,0.9
2026-09-12T16:31:16Z,77564,539.7,1000,1000,5,4957980244,5,200,1.0
2026-09-12T16:31:46Z,77594,570.1,1000,1000,5,4959859363,5,200,0.5
2026-09-12T16:32:16Z,77624,501.4,1000,1000,5,4961739009,5,200,0.8
2026-09-12T16:32:46Z,77654,554.1,1000,1000,5,4963682977,5,200,89.0
2026-09-12T16:33:16Z,77684,517.9,1000,1000,5,4965566652,5,200,0.7
2026-09-12T16:33:46Z,77714,529.4,1000,1000,5,4967445771,5,200,0.5
2026-09-12T16:34:16Z,77744,547.2,1000,1000,5,4969382443,5,200,17.6
2026-09-12T16:34:46Z,77774,530.9,1000,1000,5,4971274939,5,200,1.4
2026-09-12T16:35:16Z,77804,517.5,1000,1000,5,4973153060,5,200,0.6
2026-09-12T16:35:46Z,77834,520.2,1000,1000,5,4975096115,5,200,0.5
2026-09-12T16:36:16Z,77864,521.4,1000,1000,5,4976974236,5,200,0.6
2026-09-12T16:36:46Z,77894,523.9,1000,1000,5,4978853355,5,200,0.7
2026-09-12T16:37:16Z,77924,537.1,1000,1000,5,4980795412,5,200,0.7
2026-09-12T16:37:46Z,77954,522.7,1000,1000,5,4982674531,5,200,0.5
2026-09-12T16:38:16Z,77984,527.9,1000,1000,5,4984554748,5,200,0.8
2026-09-12T16:38:47Z,78014,523.2,1000,1000,5,4986496377,5,200,0.8
2026-09-12T16:39:16Z,78044,534.0,1000,1000,5,4988381820,5,200,0.8
2026-09-12T16:39:46Z,78074,520.7,1000,1000,5,4990262948,5,200,0.5
2026-09-12T16:40:16Z,78104,535.4,1000,1000,5,4992202996,5,200,0.5
2026-09-12T16:40:46Z,78134,544.5,1000,1000,5,4994082115,5,200,0.5
2026-09-12T16:41:16Z,78164,517.8,1000,1000,5,4995962595,5,200,0.8
2026-09-12T16:41:47Z,78194,542.2,1000,1000,5,4997907936,5,200,0.5
2026-09-12T16:42:16Z,78224,518.7,1000,1000,5,4999788356,5,200,1.1
2026-09-12T16:42:46Z,78254,502.7,1000,1000,5,5001668523,5,200,0.5
2026-09-12T16:43:17Z,78284,559.0,1000,1000,5,5003609762,5,200,1.1
2026-09-12T16:43:46Z,78314,543.3,1000,1000,5,5005497691,5,200,3.3
2026-09-12T16:44:16Z,78344,528.7,1000,1000,5,5007375812,5,200,0.5
2026-09-12T16:44:47Z,78374,554.7,1000,1000,5,5009318867,5,200,0.8
2026-09-12T16:45:16Z,78404,515.4,1000,1000,5,5011199776,5,200,117.3
2026-09-12T16:45:46Z,78434,548.6,1000,1000,5,5013085931,5,200,0.5
2026-09-12T16:46:16Z,78464,528.3,1000,1000,5,5014967514,5,200,1.5
2026-09-12T16:46:47Z,78494,490.6,1000,1000,5,5017917262,5,200,3.5
2026-09-12T16:47:16Z,78524,527.1,1000,1000,5,5019795383,5,200,0.5
2026-09-12T16:47:46Z,78554,485.7,1000,1000,5,5021675500,5,200,0.8
2026-09-12T16:48:17Z,78584,557.8,1000,1000,5,5023618737,5,200,1.3
2026-09-12T16:48:46Z,78614,530.0,1000,1000,5,5025499417,5,200,0.7
2026-09-12T16:49:16Z,78644,511.2,1000,1000,5,5027378504,5,200,0.8
2026-09-12T16:49:47Z,78674,518.8,1000,1000,5,5029324801,5,200,1.6
2026-09-12T16:50:16Z,78704,550.3,1000,1000,5,5031202967,5,200,2.4
2026-09-12T16:50:46Z,78734,535.0,1000,1000,5,5033083085,5,200,0.6
2026-09-12T16:51:17Z,78764,560.7,1000,1000,5,5035025297,5,200,0.8
2026-09-12T16:51:46Z,78794,527.1,1000,1000,5,5036907169,5,200,0.7
2026-09-12T16:52:16Z,78824,513.4,1000,1000,5,5038786042,5,200,0.8
2026-09-12T16:52:47Z,78854,553.4,1000,1000,5,5040730346,5,200,1.0
2026-09-12T16:53:16Z,78884,549.1,1000,1000,5,5042611295,5,200,1.6
2026-09-12T16:53:46Z,78914,535.2,1000,1000,5,5044490669,5,200,0.7
2026-09-12T16:54:17Z,78944,509.2,1000,1000,5,5046432726,5,200,0.5
2026-09-12T16:54:46Z,78974,549.9,1000,1000,5,5048311609,5,200,2.9
2026-09-12T16:55:17Z,79004,551.1,1000,1000,5,5050203580,5,200,2.8
2026-09-12T16:55:46Z,79034,581.9,1000,1000,5,5052113187,5,200,0.7
2026-09-12T16:56:16Z,79064,542.1,1000,1000,5,5053995158,5,200,1.7
2026-09-12T16:56:47Z,79094,533.0,1000,1000,5,5055938213,5,200,0.7
2026-09-12T16:57:16Z,79124,525.1,1000,1000,5,5057816334,5,200,0.8
2026-09-12T16:57:46Z,79154,523.9,1000,1000,5,5059695453,5,200,0.7
2026-09-12T16:58:17Z,79184,546.9,1000,1000,5,5061637510,5,200,0.7
2026-09-12T16:58:46Z,79214,521.9,1000,1000,5,5063516629,5,200,0.5
2026-09-12T16:59:16Z,79244,498.5,1000,1000,5,5065394750,5,200,0.6
2026-09-12T16:59:47Z,79274,548.9,1000,1000,5,5067337805,5,200,0.7
2026-09-12T17:00:16Z,79304,534.8,1000,1000,5,5069215926,5,200,0.7
2026-09-12T17:00:46Z,79334,541.8,1000,1000,5,5071095045,5,200,0.9
2026-09-12T17:01:17Z,79364,522.0,1000,1000,5,5073040093,5,200,2.1
2026-09-12T17:01:46Z,79394,552.9,1000,1000,5,5074921061,5,200,1.1
2026-09-12T17:02:16Z,79424,536.8,1000,1000,5,5076802334,5,200,0.7
2026-09-12T17:02:47Z,79454,509.9,1000,1000,5,5078745389,5,200,0.8
2026-09-12T17:03:16Z,79484,530.6,1000,1000,5,5080623510,5,200,0.6
2026-09-12T17:03:46Z,79514,510.9,1000,1000,5,5082505049,5,200,0.6
2026-09-12T17:04:17Z,79544,534.5,1000,1000,5,5084452678,5,200,1.4
2026-09-12T17:04:46Z,79574,558.6,1000,1000,5,5086331797,5,200,0.6
2026-09-12T17:05:16Z,79604,517.5,1000,1000,5,5088209918,5,200,0.5
2026-09-12T17:05:46Z,79634,542.8,1000,1000,5,5090096090,5,200,3.0
2026-09-12T17:06:16Z,79664,513.4,1000,1000,5,5092039086,5,200,0.4
2026-09-12T17:06:46Z,79694,503.5,1000,1000,5,5093918205,5,200,0.8
2026-09-12T17:07:16Z,79724,499.1,1000,1000,5,5095799952,5,200,0.7
2026-09-12T17:07:46Z,79754,550.0,1000,1000,5,5097739596,5,200,1.4
2026-09-12T17:08:16Z,79784,533.5,1000,1000,5,5099625494,5,200,1.6
2026-09-12T17:08:46Z,79814,492.2,1000,1000,5,5101504613,5,200,0.5
2026-09-12T17:09:16Z,79844,545.3,1000,1000,5,5103446670,5,200,0.6
2026-09-12T17:09:46Z,79874,536.5,1000,1000,5,5105325789,5,200,0.8
2026-09-12T17:10:16Z,79904,535.1,1000,1000,5,5107211902,5,200,0.6
2026-09-12T17:10:47Z,79934,536.4,1000,1000,5,5109154957,5,200,0.5
2026-09-12T17:11:16Z,79964,523.0,1000,1000,5,5111033078,5,200,0.6
2026-09-12T17:11:46Z,79994,531.6,1000,1000,5,5112912197,5,200,0.5
2026-09-12T17:12:17Z,80024,540.9,1000,1000,5,5114854716,5,200,3.9
2026-09-12T17:12:46Z,80054,536.1,1000,1000,5,5116733373,5,200,0.6
2026-09-12T17:13:16Z,80084,517.3,1000,1000,5,5118611494,5,200,0.6
2026-09-12T17:13:46Z,80114,543.0,1000,1000,5,5120554549,5,200,0.7
2026-09-12T17:14:16Z,80144,536.7,1000,1000,5,5122437853,5,200,0.7
2026-09-12T17:14:46Z,80174,542.8,1000,1000,5,5124319781,5,200,0.6
2026-09-12T17:15:17Z,80204,523.6,1000,1000,5,5126261838,5,200,1.1
2026-09-12T17:15:46Z,80234,547.1,1000,1000,5,5128140957,5,200,0.5
2026-09-12T17:16:16Z,80264,513.0,1000,1000,5,5130019078,5,200,0.6
2026-09-12T17:16:48Z,80294,559.7,1000,1000,5,5132814103,5,200,841.6
2026-09-12T17:17:16Z,80324,520.8,1000,1000,5,5134822050,5,200,0.6
2026-09-12T17:17:46Z,80354,519.8,1000,1000,5,5136763328,5,200,0.6
2026-09-12T17:18:16Z,80384,557.7,1000,1000,5,5138641449,5,200,0.6
2026-09-12T17:18:46Z,80414,536.2,1000,1000,5,5140528132,5,200,0.8
2026-09-12T17:19:17Z,80444,550.8,1000,1000,5,5142470617,5,200,0.8
2026-09-12T17:19:46Z,80474,545.8,1000,1000,5,5144351584,5,200,0.5
2026-09-12T17:20:16Z,80504,520.5,1000,1000,5,5146234638,5,200,1.7
2026-09-12T17:20:47Z,80534,508.0,1000,1000,5,5148178904,5,200,0.6
2026-09-12T17:21:16Z,80564,520.9,1000,1000,5,5150057893,5,200,0.6
2026-09-12T17:21:46Z,80594,538.3,1000,1000,5,5151949168,5,200,1.1
2026-09-12T17:22:16Z,80624,547.8,1000,1000,5,5153830249,5,200,2.1
2026-09-12T17:22:46Z,80654,545.9,1000,1000,5,5155773304,5,200,0.4
2026-09-12T17:23:16Z,80684,556.8,1000,1000,5,5157651425,5,200,0.8
2026-09-12T17:23:46Z,80714,549.2,1000,1000,5,5159530544,5,200,0.5
2026-09-12T17:24:16Z,80744,535.5,1000,1000,5,5161475112,5,200,2.4
2026-09-12T17:24:46Z,80774,539.7,1000,1000,5,5163356950,5,200,0.7
2026-09-12T17:25:16Z,80804,528.2,1000,1000,5,5165237833,5,200,1.5
2026-09-12T17:25:47Z,80834,542.8,1000,1000,5,5167178964,5,200,1.9
2026-09-12T17:26:16Z,80864,521.8,1000,1000,5,5169059009,5,200,0.9
2026-09-12T17:26:46Z,80894,531.7,1000,1000,5,5170938128,5,200,0.6
2026-09-12T17:27:17Z,80924,527.7,1000,1000,5,5172881094,5,200,2.9
2026-09-12T17:27:46Z,80954,539.1,1000,1000,5,5174762266,5,200,1.7
2026-09-12T17:28:16Z,80984,562.5,1000,1000,5,5176643363,5,200,1.7
2026-09-12T17:28:47Z,81014,537.7,1000,1000,5,5178588472,5,200,0.6
2026-09-12T17:29:16Z,81044,515.7,1000,1000,5,5180466593,5,200,0.5
2026-09-12T17:29:46Z,81074,531.7,1000,1000,5,5182345712,5,200,0.6
2026-09-12T17:30:17Z,81104,557.5,1000,1000,5,5184287769,5,200,0.6
2026-09-12T17:30:46Z,81134,560.4,1000,1000,5,5186166888,5,200,0.6
2026-09-12T17:31:16Z,81164,504.6,1000,1000,5,5188045009,5,200,0.4
2026-09-12T17:31:47Z,81194,532.3,1000,1000,5,5189988600,5,200,2.0
2026-09-12T17:32:16Z,81224,547.1,1000,1000,5,5191866185,5,200,0.5
2026-09-12T17:32:46Z,81254,520.2,1000,1000,5,5193750649,5,200,1.1
2026-09-12T17:33:17Z,81284,535.6,1000,1000,5,5195695096,5,200,1.3
2026-09-12T17:33:46Z,81314,532.9,1000,1000,5,5197574472,5,200,2.4
2026-09-12T17:34:16Z,81344,557.1,1000,1000,5,5199452593,5,200,0.4
2026-09-12T17:34:47Z,81374,558.5,1000,1000,5,5201395648,5,200,0.6
2026-09-12T17:35:16Z,81404,525.5,1000,1000,5,5203273769,5,200,0.5
2026-09-12T17:35:46Z,81434,527.5,1000,1000,5,5205152888,5,200,0.8
2026-09-12T17:36:17Z,81464,526.5,1000,1000,5,5207094945,5,200,1.2
2026-09-12T17:36:46Z,81494,546.2,1000,1000,5,5208975506,5,200,0.6
2026-09-12T17:37:16Z,81524,524.6,1000,1000,5,5210856929,5,200,1.5
2026-09-12T17:37:47Z,81554,517.7,1000,1000,5,5212801364,5,200,1.9
2026-09-12T17:38:16Z,81584,515.7,1000,1000,5,5214681353,5,200,0.7
2026-09-12T17:38:46Z,81614,492.2,1000,1000,5,5216560472,5,200,0.6
2026-09-12T17:39:17Z,81644,536.2,1000,1000,5,5218502529,5,200,1.0
2026-09-12T17:39:46Z,81674,546.8,1000,1000,5,5220381648,5,200,0.6
2026-09-12T17:40:16Z,81704,525.0,1000,1000,5,5222259769,5,200,0.5
2026-09-12T17:40:47Z,81734,538.6,1000,1000,5,5224202824,5,200,0.7
2026-09-12T17:41:16Z,81764,536.4,1000,1000,5,5226087199,5,200,1.2
2026-09-12T17:41:46Z,81794,521.5,1000,1000,5,5227968056,5,200,1.2
2026-09-12T17:42:17Z,81824,507.5,1000,1000,5,5229910113,5,200,0.5
2026-09-12T17:42:46Z,81854,541.4,1000,1000,5,5231791306,5,200,118.4
2026-09-12T17:43:16Z,81884,541.0,1000,1000,5,5233675345,5,200,0.5
2026-09-12T17:43:46Z,81914,538.3,1000,1000,5,5235554464,5,200,0.9
2026-09-12T17:44:16Z,81944,513.4,1000,1000,5,5237490838,5,200,7.6
2026-09-12T17:44:46Z,81974,535.9,1000,1000,5,5239383632,5,200,1.6
2026-09-12T17:45:16Z,82004,544.2,1000,1000,5,5241261753,5,200,0.4
2026-09-12T17:45:46Z,82034,545.6,1000,1000,5,5243204808,5,200,2.0
2026-09-12T17:46:16Z,82064,510.2,1000,1000,5,5245082929,5,200,0.8
2026-09-12T17:46:46Z,82094,523.8,1000,1000,5,5246967118,5,200,2.0
2026-09-12T17:47:17Z,82124,534.3,1000,1000,5,5249900050,5,200,0.9
2026-09-12T17:47:46Z,82154,513.1,1000,1000,5,5251782224,5,200,0.6
2026-09-12T17:48:16Z,82184,532.3,1000,1000,5,5253661344,5,200,0.8
2026-09-12T17:48:47Z,82214,529.4,1000,1000,5,5255604399,5,200,0.5
2026-09-12T17:49:16Z,82244,495.3,1000,1000,5,5257482520,5,200,0.7
2026-09-12T17:49:46Z,82274,546.2,1000,1000,5,5259361639,5,200,0.5
2026-09-12T17:50:17Z,82304,546.7,1000,1000,5,5261303696,5,200,0.7
2026-09-12T17:50:46Z,82334,516.4,1000,1000,5,5263182815,5,200,2.9
2026-09-12T17:51:16Z,82364,550.3,1000,1000,5,5265060936,5,200,0.5
2026-09-12T17:51:47Z,82394,515.2,1000,1000,5,5267003991,5,200,2.6
2026-09-12T17:52:16Z,82424,493.4,1000,1000,5,5268882112,5,200,0.7
2026-09-12T17:52:46Z,82454,509.2,1000,1000,5,5270761231,5,200,0.6
2026-09-12T17:53:17Z,82484,548.9,1000,1000,5,5272699698,5,200,1.7
2026-09-12T17:53:46Z,82514,526.7,1000,1000,5,5274588287,5,200,1.2
2026-09-12T17:54:16Z,82544,522.9,1000,1000,5,5276468520,5,200,0.9
2026-09-12T17:54:47Z,82574,538.5,1000,1000,5,5278412766,5,200,0.5
2026-09-12T17:55:16Z,82604,540.1,1000,1000,5,5280289696,5,200,0.6
2026-09-12T17:55:46Z,82634,529.7,1000,1000,5,5282168815,5,200,0.6
2026-09-12T17:56:17Z,82664,532.3,1000,1000,5,5284110872,5,200,0.7
2026-09-12T17:56:46Z,82694,505.0,1000,1000,5,5285989991,5,200,0.6
2026-09-12T17:57:16Z,82724,536.5,1000,1000,5,5287868112,5,200,0.6
2026-09-12T17:57:47Z,82754,537.5,1000,1000,5,5289808189,5,200,1.2
2026-09-12T17:58:16Z,82784,519.3,1000,1000,5,5291690568,5,200,0.7
2026-09-12T17:58:46Z,82814,531.4,1000,1000,5,5293573043,5,200,2.2
2026-09-12T17:59:17Z,82844,549.0,1000,1000,5,5295518456,5,200,2.0
2026-09-12T17:59:46Z,82874,542.6,1000,1000,5,5297397575,5,200,1.2
2026-09-12T18:00:16Z,82904,524.5,1000,1000,5,5299275696,5,200,0.8
2026-09-12T18:00:47Z,82934,526.8,1000,1000,5,5301218969,5,200,1.5
2026-09-12T18:01:16Z,82964,502.0,1000,1000,5,5303098775,5,200,0.5
2026-09-12T18:01:46Z,82994,512.8,1000,1000,5,5304975991,5,200,0.4
2026-09-12T18:02:17Z,83024,528.1,1000,1000,5,5306918477,5,200,1.5
2026-09-12T18:02:46Z,83054,526.8,1000,1000,5,5308802011,5,200,3.1
2026-09-12T18:03:16Z,83084,499.5,1000,1000,5,5310683280,5,200,0.8
2026-09-12T18:03:47Z,83114,545.6,1000,1000,5,5312626335,5,200,0.5
2026-09-12T18:04:16Z,83144,533.1,1000,1000,5,5314504456,5,200,0.5
2026-09-12T18:04:46Z,83174,513.6,1000,1000,5,5316391567,5,200,0.7
2026-09-12T18:05:17Z,83205,538.6,1000,1000,5,5318333624,5,200,0.5
2026-09-12T18:05:47Z,83235,534.0,1000,1000,5,5320276679,5,200,0.7
2026-09-12T18:06:17Z,83265,564.5,1000,1000,5,5322156058,5,200,0.7
2026-09-12T18:06:48Z,83296,532.2,1000,1000,5,5324097855,5,200,0.6
2026-09-12T18:07:18Z,83326,548.1,1000,1000,5,5326039912,5,200,0.6
2026-09-12T18:07:48Z,83356,529.7,1000,1000,5,5327920680,5,200,1.0
2026-09-12T18:08:18Z,83386,509.7,1000,1000,5,5329805085,5,200,0.9
2026-09-12T18:08:48Z,83416,537.3,1000,1000,5,5331742402,5,200,40.3
2026-09-12T18:09:18Z,83446,511.6,1000,1000,5,5333632554,5,200,2.0
2026-09-12T18:09:48Z,83476,548.6,1000,1000,5,5335513431,5,200,0.7
2026-09-12T18:10:18Z,83506,541.7,1000,1000,5,5337455488,5,200,2.4
2026-09-12T18:10:48Z,83536,542.5,1000,1000,5,5339334607,5,200,0.7
2026-09-12T18:11:18Z,83566,502.5,1000,1000,5,5341213726,5,200,0.6
2026-09-12T18:11:48Z,83596,550.3,1000,1000,5,5343155783,5,200,0.7
2026-09-12T18:12:18Z,83626,487.8,1000,1000,5,5345033904,5,200,0.5
2026-09-12T18:12:48Z,83656,495.7,1000,1000,5,5346914079,5,200,0.6
2026-09-12T18:13:18Z,83686,497.9,1000,1000,5,5348853803,5,200,1.7
2026-09-12T18:13:48Z,83716,528.9,1000,1000,5,5350640044,5,200,4.1
2026-09-12T18:14:18Z,83746,544.9,1000,1000,5,5352647099,5,200,0.6
2026-09-12T18:14:48Z,83776,504.3,1000,1000,5,5354528590,5,200,1.3
2026-09-12T18:15:19Z,83806,520.3,1000,1000,5,5356473456,5,200,0.8
2026-09-12T18:15:48Z,83836,513.3,1000,1000,5,5358354964,5,200,119.9
2026-09-12T18:16:18Z,83866,505.1,1000,1000,5,5360238688,5,200,0.6
2026-09-12T18:16:48Z,83896,532.8,1000,1000,5,5362119652,5,200,0.5
2026-09-12T18:17:19Z,83926,540.5,1000,1000,5,5365039694,5,200,2.1
2026-09-12T18:17:48Z,83956,534.4,1000,1000,5,5366924996,5,200,0.5
2026-09-12T18:18:18Z,83986,534.7,1000,1000,5,5368805333,5,200,0.6
2026-09-12T18:18:49Z,84016,545.1,1000,1000,5,5370749137,5,200,0.5
2026-09-12T18:19:18Z,84046,564.6,1000,1000,5,5372632285,5,200,2.9
2026-09-12T18:19:48Z,84076,538.7,1000,1000,5,5374511404,5,200,0.5
2026-09-12T18:20:19Z,84106,535.2,1000,1000,5,5376447552,5,200,4.4
2026-09-12T18:20:48Z,84136,509.5,1000,1000,5,5378349452,5,200,0.6
2026-09-12T18:21:18Z,84166,519.9,1000,1000,5,5380227684,5,200,0.4
2026-09-12T18:21:48Z,84196,552.7,1000,1000,5,5382113796,5,200,0.7
2026-09-12T18:22:19Z,84226,542.0,1000,1000,5,5384056716,5,200,1.6
2026-09-12T18:22:48Z,84256,526.0,1000,1000,5,5385935971,5,200,0.6
2026-09-12T18:23:18Z,84286,543.4,1000,1000,5,5387814092,5,200,0.5
2026-09-12T18:23:48Z,84316,531.8,1000,1000,5,5389757147,5,200,1.8
2026-09-12T18:24:18Z,84346,560.4,1000,1000,5,5391636262,5,200,0.5
2026-09-12T18:24:48Z,84376,503.8,1000,1000,5,5393514387,5,200,0.5
2026-09-12T18:25:18Z,84406,552.3,1000,1000,5,5395457391,5,200,0.6
2026-09-12T18:25:48Z,84436,549.0,1000,1000,5,5397342499,5,200,2.3
2026-09-12T18:26:18Z,84466,519.1,1000,1000,5,5399220677,5,200,0.4
2026-09-12T18:26:49Z,84496,514.7,1000,1000,5,5401160641,5,200,2.0
2026-09-12T18:27:18Z,84526,525.7,1000,1000,5,5403042852,5,200,0.6
2026-09-12T18:27:48Z,84556,524.9,1000,1000,5,5404929963,5,200,0.7
2026-09-12T18:28:19Z,84586,574.4,1000,1000,5,5406872020,5,200,0.5
2026-09-12T18:28:48Z,84616,544.8,1000,1000,5,5408756241,5,200,1.1
2026-09-12T18:29:18Z,84646,528.0,1000,1000,5,5410636253,5,200,1.5
2026-09-12T18:29:49Z,84676,543.2,1000,1000,5,5412580195,5,200,0.4
2026-09-12T18:30:18Z,84706,510.7,1000,1000,5,5414459837,5,200,116.7
2026-09-12T18:30:48Z,84736,555.2,1000,1000,5,5416345539,5,200,0.4
2026-09-12T18:31:18Z,84766,535.2,1000,1000,5,5418227702,5,200,0.9
2026-09-12T18:31:49Z,84796,548.0,1000,1000,5,5420167766,5,200,1.7
2026-09-12T18:32:18Z,84826,525.0,1000,1000,5,5422052828,5,200,1.8
2026-09-12T18:32:48Z,84856,523.4,1000,1000,5,5423935683,5,200,1.8
2026-09-12T18:33:19Z,84886,532.3,1000,1000,5,5425881996,5,200,0.7
2026-09-12T18:33:48Z,84916,516.9,1000,1000,5,5427761115,5,200,0.6
2026-09-12T18:34:18Z,84946,526.1,1000,1000,5,5429639236,5,200,0.6
2026-09-12T18:34:49Z,84976,518.0,1000,1000,5,5431582291,5,200,0.5
2026-09-12T18:35:18Z,85006,529.3,1000,1000,5,5433460412,5,200,0.8
2026-09-12T18:35:48Z,85036,539.6,1000,1000,5,5435339531,5,200,0.6
2026-09-12T18:36:19Z,85066,543.6,1000,1000,5,5437283414,5,200,2.1
2026-09-12T18:36:48Z,85096,546.6,1000,1000,5,5439167256,5,200,3.2
2026-09-12T18:37:18Z,85126,498.4,1000,1000,5,5441046820,5,200,0.6
2026-09-12T18:37:49Z,85156,529.7,1000,1000,5,5442989875,5,200,0.6
2026-09-12T18:38:18Z,85186,504.7,1000,1000,5,5444870264,5,200,132.0
2026-09-12T18:38:48Z,85216,537.1,1000,1000,5,5446763099,5,200,0.9
2026-09-12T18:39:18Z,85246,539.8,1000,1000,5,5448641220,5,200,0.6
2026-09-12T18:39:48Z,85276,543.7,1000,1000,5,5450584275,5,200,1.0
2026-09-12T18:40:18Z,85306,513.0,1000,1000,5,5452462396,5,200,0.7
2026-09-12T18:40:48Z,85336,504.8,1000,1000,5,5454341515,5,200,0.5
2026-09-12T18:41:18Z,85366,545.4,1000,1000,5,5456280518,5,200,2.1
2026-09-12T18:41:48Z,85396,554.9,1000,1000,5,5458170683,5,200,1.2
2026-09-12T18:42:18Z,85426,507.1,1000,1000,5,5460048804,5,200,0.8
2026-09-12T18:42:49Z,85456,549.6,1000,1000,5,5461991859,5,200,1.0
2026-09-12T18:43:18Z,85486,548.6,1000,1000,5,5463877972,5,200,1.1
2026-09-12T18:43:48Z,85516,544.7,1000,1000,5,5465757091,5,200,0.5
2026-09-12T18:44:19Z,85547,551.2,1000,1000,5,5467707045,5,200,2.7
2026-09-12T18:44:49Z,85577,534.0,1000,1000,5,5469644852,5,200,69.4
2026-09-12T18:45:19Z,85607,537.8,1000,1000,5,5471536151,5,200,1.4
2026-09-12T18:45:49Z,85637,528.3,1000,1000,5,5473415427,5,200,1.1
2026-09-12T18:46:20Z,85667,527.2,1000,1000,5,5475357774,5,200,0.6
2026-09-12T18:46:49Z,85697,541.8,1000,1000,5,5477238931,5,200,0.6
2026-09-12T18:47:19Z,85727,553.0,1000,1000,5,5480112403,5,200,4.4
2026-09-12T18:47:49Z,85757,548.5,1000,1000,5,5482028708,5,200,1.5
2026-09-12T18:48:19Z,85787,528.3,1000,1000,5,5483911521,5,200,1.6
2026-09-12T18:48:49Z,85817,534.3,1000,1000,5,5485791042,5,200,0.6
2026-09-12T18:49:19Z,85847,510.2,1000,1000,5,5487733207,5,200,2.2
2026-09-12T18:49:49Z,85877,544.8,1000,1000,5,5489612218,5,200,0.9
2026-09-12T18:50:19Z,85907,525.4,1000,1000,5,5491492014,5,200,0.6
2026-09-12T18:50:49Z,85937,549.3,1000,1000,5,5493430155,5,200,1.1
2026-09-12T18:51:19Z,85967,495.1,1000,1000,5,5495319509,5,200,0.5
2026-09-12T18:51:49Z,85997,552.8,1000,1000,5,5497198626,5,200,0.8
2026-09-12T18:52:20Z,86027,548.9,1000,1000,5,5499135483,5,200,0.6
2026-09-12T18:52:49Z,86057,536.9,1000,1000,5,5501021596,5,200,0.8
2026-09-12T18:53:19Z,86087,545.9,1000,1000,5,5502901140,5,200,3.4
2026-09-12T18:53:50Z,86117,550.2,1000,1000,5,5504848970,5,200,2.7
2026-09-12T18:54:19Z,86147,506.5,1000,1000,5,5506727093,5,200,0.9
2026-09-12T18:54:49Z,86177,542.4,1000,1000,5,5508614202,5,200,1.2
2026-09-12T18:55:19Z,86207,531.5,1000,1000,5,5510492323,5,200,0.7
2026-09-12T18:55:49Z,86237,525.7,1000,1000,5,5512435378,5,200,0.8
2026-09-12T18:56:19Z,86267,535.2,1000,1000,5,5514313499,5,200,0.4
2026-09-12T18:56:49Z,86297,550.9,1000,1000,5,5516197000,5,200,2.5
2026-09-12T18:57:19Z,86327,513.4,1000,1000,5,5518142774,5,200,2.8
2026-09-12T18:57:49Z,86357,536.1,1000,1000,5,5520021786,5,200,0.8
2026-09-12T18:58:19Z,86387,516.6,1000,1000,5,5521899907,5,200,0.6
2026-09-12T18:58:49Z,86417,539.4,1000,1000,5,5523837627,5,200,8.9
2026-09-12T18:59:19Z,86447,508.3,1000,1000,5,5525726987,5,200,0.6
2026-09-12T18:59:49Z,86477,547.5,1000,1000,5,5527608194,5,200,0.4
2026-09-12T19:00:20Z,86507,552.8,1000,1000,5,5529550513,5,200,0.6
2026-09-12T19:00:49Z,86537,524.6,1000,1000,5,5531429370,5,200,0.5
2026-09-12T19:01:19Z,86567,532.8,1000,1000,5,5533309772,5,200,0.8
2026-09-12T19:01:50Z,86597,549.5,1000,1000,5,5535258538,5,200,0.8
2026-09-12T19:02:19Z,86627,526.3,1000,1000,5,5537138858,5,200,0.6
2026-09-12T19:02:49Z,86657,524.9,1000,1000,5,5539023770,5,200,5.0
2026-09-12T19:03:20Z,86687,528.0,1000,1000,5,5540966141,5,200,0.7
2026-09-12T19:03:49Z,86717,560.2,1000,1000,5,5542844946,5,200,0.5
2026-09-12T19:04:19Z,86747,534.6,1000,1000,5,5544723067,5,200,0.6
2026-09-12T19:04:49Z,86777,526.0,1000,1000,5,5546609812,5,200,2.2
2026-09-12T19:05:19Z,86807,563.8,1000,1000,5,5548552261,5,200,2.1
2026-09-12T19:05:49Z,86837,544.1,1000,1000,5,5550431354,5,200,2.0
2026-09-12T19:06:19Z,86867,549.9,1000,1000,5,5552309475,5,200,0.7
2026-09-12T19:06:49Z,86897,520.4,1000,1000,5,5554247402,5,200,19.0
2026-09-12T19:07:19Z,86927,532.4,1000,1000,5,5556136119,5,200,0.8
2026-09-12T19:07:49Z,86957,532.0,1000,1000,5,5558017762,5,200,1.2
2026-09-12T19:08:20Z,86987,500.2,1000,1000,5,5559955534,5,200,0.7
2026-09-12T19:08:49Z,87017,522.5,1000,1000,5,5561842054,5,200,0.7
2026-09-12T19:09:19Z,87047,534.3,1000,1000,5,5563723528,5,200,0.7
2026-09-12T19:09:50Z,87077,547.9,1000,1000,5,5565668106,5,200,0.5
2026-09-12T19:10:19Z,87107,550.7,1000,1000,5,5567546229,5,200,0.7
2026-09-12T19:10:49Z,87137,534.7,1000,1000,5,5569425346,5,200,0.6
2026-09-12T19:11:20Z,87167,551.9,1000,1000,5,5571367665,5,200,0.8
2026-09-12T19:11:49Z,87197,537.9,1000,1000,5,5573249318,5,200,0.6
2026-09-12T19:12:19Z,87227,542.6,1000,1000,5,5575132635,5,200,0.9
2026-09-12T19:12:50Z,87257,522.0,1000,1000,5,5577075690,5,200,0.7
2026-09-12T19:13:19Z,87287,555.7,1000,1000,5,5578956120,5,200,118.8
2026-09-12T19:13:49Z,87317,532.0,1000,1000,5,5580843291,5,200,0.6
2026-09-12T19:14:19Z,87347,558.6,1000,1000,5,5582726469,5,200,2.1
2026-09-12T19:14:50Z,87377,507.3,1000,1000,5,5584678082,5,200,0.6
2026-09-12T19:15:19Z,87407,571.9,1000,1000,5,5586557085,5,200,0.4
2026-09-12T19:15:49Z,87437,497.9,1000,1000,5,5588443314,5,200,0.8
2026-09-12T19:16:19Z,87467,543.6,1000,1000,5,5590321435,5,200,0.5
2026-09-12T19:16:49Z,87497,536.3,1000,1000,5,5592263557,5,200,2.9
2026-09-12T19:17:19Z,87527,513.1,1000,1000,5,5594150603,5,200,0.6
2026-09-12T19:17:49Z,87557,517.4,999,999,6,5596049726,6,200,1.1
2026-09-12T19:18:19Z,87587,484.5,999,999,6,5597929202,6,200,0.5
2026-09-12T19:18:50Z,87617,571.2,999,999,6,5599878297,6,200,1.6
2026-09-12T19:19:19Z,87647,551.8,999,999,6,5601757566,6,200,6.7
2026-09-12T19:19:49Z,87677,526.9,1000,1000,6,5603661348,6,200,0.4
2026-09-12T19:20:19Z,87707,524.9,1000,1000,6,5605544518,6,200,1.5
2026-09-12T19:20:49Z,87737,502.0,1000,1000,6,5607424695,6,200,0.6
2026-09-12T19:21:19Z,87767,504.0,1000,1000,6,5609360986,6,200,17.8
