timestamp,elapsed_sec,rss_mb,intern_size,established,flaps_total,msgs_sent_total,max_prefix_exceeded_total,readyz_code,readyz_ms
2026-10-04T03:00:31Z,0,446.8,1000,1000,0,1086972,0,200,0.9
2026-10-04T03:01:02Z,30,416.3,1000,1000,0,2883257,0,200,0.6
2026-10-04T03:01:31Z,60,469.9,1000,1000,0,5517807,0,200,0.8
2026-10-04T03:02:01Z,90,469.6,1000,1000,0,7095524,0,200,0.5
2026-10-04T03:02:32Z,120,453.2,1000,1000,0,8715191,0,200,0.8
2026-10-04T03:03:01Z,150,472.5,1000,1000,0,10317778,0,200,0.6
2026-10-04T03:03:31Z,180,462.0,1000,1000,0,11865504,0,200,0.9
2026-10-04T03:04:01Z,210,471.6,1000,1000,0,13494940,0,200,0.6
2026-10-04T03:04:31Z,240,474.6,1000,1000,0,15075814,0,200,0.9
2026-10-04T03:05:02Z,270,470.0,1000,1000,0,16657540,0,200,0.5
2026-10-04T03:05:31Z,300,468.4,1000,1000,0,18218197,0,200,1.0
2026-10-04T03:06:01Z,330,474.1,1000,1000,0,19824786,0,200,0.8
2026-10-04T03:06:32Z,360,473.7,1000,1000,0,21503989,0,200,0.9
2026-10-04T03:07:01Z,390,472.0,1000,1000,0,23084950,0,200,0.5
2026-10-04T03:07:31Z,420,474.8,1000,1000,0,24622723,0,200,0.9
2026-10-04T03:08:02Z,450,466.1,1000,1000,0,26240427,0,200,0.5
2026-10-04T03:08:31Z,480,465.7,1000,1000,0,27879102,0,200,0.7
2026-10-04T03:09:01Z,510,471.0,1000,1000,0,29577432,0,200,0.6
2026-10-04T03:09:32Z,540,473.8,1000,1000,0,31271452,0,200,0.9
2026-10-04T03:10:01Z,570,462.6,1000,1000,0,32849608,0,200,0.5
2026-10-04T03:10:31Z,600,473.9,1000,1000,0,34426302,0,200,1.0
2026-10-04T03:11:01Z,630,469.3,1000,1000,0,36020986,0,200,1.0
2026-10-04T03:11:31Z,660,472.4,1000,1000,0,37709047,0,200,0.8
2026-10-04T03:12:01Z,690,470.9,1000,1000,0,39295254,0,200,0.5
2026-10-04T03:12:32Z,720,476.8,1000,1000,0,40945341,0,200,0.9
2026-10-04T03:13:01Z,750,477.8,1000,1000,0,42465198,0,200,0.6
2026-10-04T03:13:31Z,780,477.2,1000,1000,0,43952733,0,200,1.0
2026-10-04T03:14:02Z,810,468.7,1000,1000,0,45406440,0,200,0.5
2026-10-04T03:14:31Z,840,473.1,1000,1000,0,46804212,0,200,0.9
2026-10-04T03:15:01Z,870,472.6,1000,1000,0,48162992,0,200,0.5
2026-10-04T03:15:31Z,900,469.1,1000,1000,0,49580726,0,200,0.9
2026-10-04T03:16:01Z,930,483.3,1000,1000,0,50943491,0,200,0.5
2026-10-04T03:16:32Z,960,464.6,1000,1000,0,52461402,0,200,2.0
2026-10-04T03:17:01Z,990,477.2,1000,1000,0,53863986,0,200,0.4
2026-10-04T03:17:31Z,1020,465.4,1000,1000,0,55368678,0,200,0.5
2026-10-04T03:18:02Z,1050,464.7,1000,1000,0,56864368,0,200,0.8
2026-10-04T03:18:31Z,1080,474.2,1000,1000,0,58276117,0,200,0.5
2026-10-04T03:19:01Z,1110,472.1,1000,1000,0,59717102,0,200,0.9
2026-10-04T03:19:31Z,1140,472.5,1000,1000,0,61099633,0,200,3.7
2026-10-04T03:20:01Z,1170,479.1,1000,1000,0,62489418,0,200,1.2
2026-10-04T03:20:32Z,1201,481.2,1000,1000,0,63925747,0,200,0.6
2026-10-04T03:21:02Z,1231,469.7,1000,1000,0,65363842,0,200,1.0
2026-10-04T03:21:32Z,1261,472.4,1000,1000,0,66782621,0,200,0.6
2026-10-04T03:22:03Z,1291,464.6,1000,1000,0,68210134,0,200,0.7
2026-10-04T03:22:32Z,1321,470.1,1000,1000,0,69639416,0,200,0.5
2026-10-04T03:23:02Z,1351,465.3,1000,1000,0,71204625,0,200,2.1
2026-10-04T03:23:32Z,1381,469.6,1000,1000,0,72777772,0,200,0.8
2026-10-04T03:24:02Z,1411,473.7,1000,1000,0,74348786,0,200,0.8
2026-10-04T03:24:33Z,1441,471.5,1000,1000,0,75988656,0,200,1.0
2026-10-04T03:25:02Z,1471,474.6,1000,1000,0,77590264,0,200,1.6
2026-10-04T03:25:32Z,1501,480.5,1000,1000,0,79186314,0,200,0.5
2026-10-04T03:26:02Z,1531,468.8,1000,1000,0,80716606,0,200,0.9
2026-10-04T03:26:32Z,1561,468.5,1000,1000,0,82291314,0,200,1.1
2026-10-04T03:27:02Z,1591,470.6,1000,1000,0,83864299,0,200,1.0
2026-10-04T03:27:33Z,1621,470.5,1000,1000,0,85405182,0,200,0.8
2026-10-04T03:28:02Z,1651,468.6,1000,1000,0,86932338,0,200,0.9
2026-10-04T03:28:32Z,1681,476.1,1000,1000,0,88477662,0,200,0.5
2026-10-04T03:29:03Z,1711,472.4,1000,1000,0,90045698,0,200,1.2
2026-10-04T03:29:32Z,1741,469.1,1000,1000,0,91570695,0,200,0.5
2026-10-04T03:30:02Z,1771,463.3,1000,1000,0,93123121,0,200,0.9
2026-10-04T03:30:33Z,1801,478.9,1000,1000,0,94696758,0,200,1.3
2026-10-04T03:31:02Z,1831,475.5,1000,1000,0,96255532,0,200,1.0
2026-10-04T03:31:32Z,1861,470.4,1000,1000,0,98875467,0,200,0.8
2026-10-04T03:32:02Z,1891,468.9,1000,1000,0,100366815,0,200,0.8
2026-10-04T03:32:32Z,1921,474.9,1000,1000,0,101973449,0,200,0.6
2026-10-04T03:33:02Z,1951,473.5,1000,1000,0,103497879,0,200,0.8
2026-10-04T03:33:33Z,1982,473.9,1000,1000,0,105132816,0,200,0.7
2026-10-04T03:34:03Z,2012,462.0,1000,1000,0,106779463,0,200,1.0
2026-10-04T03:34:33Z,2042,470.5,1000,1000,0,108374511,0,200,0.4
2026-10-04T03:35:03Z,2072,467.2,1000,1000,0,110033416,0,200,1.2
2026-10-04T03:35:33Z,2102,473.8,1000,1000,0,111721872,0,200,0.5
2026-10-04T03:36:03Z,2132,459.7,1000,1000,0,113400805,0,200,1.4
2026-10-04T03:36:33Z,2162,472.6,1000,1000,0,115042363,0,200,0.5
2026-10-04T03:37:03Z,2192,458.8,1000,1000,0,116824731,0,200,0.9
2026-10-04T03:37:33Z,2222,472.6,1000,1000,0,118509240,0,200,0.7
2026-10-04T03:38:04Z,2252,454.0,1000,1000,0,120190135,0,200,1.2
2026-10-04T03:38:33Z,2282,467.3,1000,1000,0,121815807,0,200,0.5
2026-10-04T03:39:03Z,2312,474.5,1000,1000,0,123390090,0,200,0.8
2026-10-04T03:39:33Z,2342,461.7,1000,1000,0,125082362,0,200,0.8
2026-10-04T03:40:03Z,2372,469.8,1000,1000,0,126763131,0,200,1.3
2026-10-04T03:40:33Z,2402,478.4,1000,1000,0,128415732,0,200,1.0
2026-10-04T03:41:03Z,2432,470.4,1000,1000,0,130081309,0,200,0.7
2026-10-04T03:41:33Z,2462,469.8,1000,1000,0,131658462,0,200,0.8
2026-10-04T03:42:04Z,2492,469.7,1000,1000,0,133314627,0,200,0.5
2026-10-04T03:42:33Z,2522,467.3,1000,1000,0,134948230,0,200,0.7
2026-10-04T03:43:03Z,2552,469.8,1000,1000,0,136625736,0,200,1.3
2026-10-04T03:43:34Z,2582,469.4,1000,1000,0,138386570,0,200,1.2
2026-10-04T03:44:03Z,2612,467.7,1000,1000,0,140034766,0,200,0.5
2026-10-04T03:44:33Z,2642,473.3,1000,1000,0,141619198,0,200,1.3
2026-10-04T03:45:03Z,2672,464.8,1000,1000,0,143228869,0,200,0.4
2026-10-04T03:45:33Z,2702,465.7,1000,1000,0,144783614,0,200,0.8
2026-10-04T03:46:03Z,2732,475.5,1000,1000,0,146392932,0,200,0.6
2026-10-04T03:46:33Z,2762,476.0,1000,1000,0,148176312,0,200,0.8
2026-10-04T03:47:03Z,2792,473.6,1000,1000,0,149786159,0,200,1.6
2026-10-04T03:47:34Z,2822,478.3,1000,1000,0,151430720,0,200,3.9
2026-10-04T03:48:03Z,2852,465.9,1000,1000,0,153042298,0,200,0.6
2026-10-04T03:48:33Z,2882,475.7,1000,1000,0,154716752,0,200,1.9
2026-10-04T03:49:04Z,2912,460.9,1000,1000,0,156390274,0,200,0.5
2026-10-04T03:49:33Z,2942,473.0,1000,1000,0,157986211,0,200,1.0
2026-10-04T03:50:03Z,2972,468.7,1000,1000,0,159606630,0,200,0.5
2026-10-04T03:50:33Z,3002,467.4,1000,1000,0,161332655,0,200,0.8
2026-10-04T03:51:03Z,3032,468.4,1000,1000,0,163000347,0,200,0.5
2026-10-04T03:51:33Z,3062,472.3,1000,1000,0,164642958,0,200,2.1
2026-10-04T03:52:03Z,3092,474.5,1000,1000,0,166405380,0,200,1.2
2026-10-04T03:52:33Z,3122,465.6,1000,1000,0,168038061,0,200,0.8
2026-10-04T03:53:04Z,3152,474.6,1000,1000,0,169704659,0,200,2.0
2026-10-04T03:53:33Z,3182,472.9,1000,1000,0,171346135,0,200,0.9
2026-10-04T03:54:03Z,3212,465.6,1000,1000,0,173045472,0,200,1.1
2026-10-04T03:54:34Z,3242,469.0,1000,1000,0,174762919,0,200,0.9
2026-10-04T03:55:03Z,3272,463.2,1000,1000,0,176393483,0,200,0.6
2026-10-04T03:55:33Z,3302,469.7,1000,1000,0,178023053,0,200,0.9
2026-10-04T03:56:04Z,3333,465.4,1000,1000,0,179672625,0,200,0.9
2026-10-04T03:56:34Z,3363,470.5,1000,1000,0,181363161,0,200,1.1
2026-10-04T03:57:04Z,3393,474.4,1000,1000,0,182960767,0,200,0.7
2026-10-04T03:57:35Z,3423,469.6,1000,1000,0,184617687,0,200,0.8
2026-10-04T03:58:04Z,3453,467.2,1000,1000,0,186219631,0,200,0.6
2026-10-04T03:58:34Z,3483,466.8,1000,1000,0,187899416,0,200,1.1
2026-10-04T03:59:05Z,3513,465.3,1000,1000,0,189602903,0,200,0.4
2026-10-04T03:59:34Z,3543,463.3,1000,1000,0,191263094,0,200,1.6
2026-10-04T04:00:04Z,3573,478.0,1000,1000,0,192897911,0,200,0.5
2026-10-04T04:00:35Z,3603,474.0,1000,1000,0,194622797,0,200,3.9
2026-10-04T04:01:04Z,3633,463.7,1000,1000,0,196272398,0,200,0.5
2026-10-04T04:01:34Z,3663,467.8,1000,1000,0,198959378,0,200,0.5
2026-10-04T04:02:04Z,3693,469.6,1000,1000,0,200514976,0,200,0.9
2026-10-04T04:02:34Z,3723,470.4,1000,1000,0,202067584,0,200,0.8
2026-10-04T04:03:04Z,3753,467.9,1000,1000,0,203560234,0,200,0.8
2026-10-04T04:03:34Z,3783,474.2,1000,1000,0,204994993,0,200,0.6
2026-10-04T04:04:04Z,3813,472.7,1000,1000,0,206595025,0,200,0.9
2026-10-04T04:04:34Z,3843,467.2,1000,1000,0,208201822,0,200,0.5
2026-10-04T04:05:05Z,3873,473.8,1000,1000,0,209803844,0,200,1.0
2026-10-04T04:05:34Z,3903,468.9,1000,1000,0,211384459,0,200,0.4
2026-10-04T04:06:04Z,3933,471.1,1000,1000,0,212980194,0,200,0.8
2026-10-04T04:06:35Z,3963,474.1,1000,1000,0,214523715,0,200,1.2
2026-10-04T04:07:04Z,3993,472.2,1000,1000,0,216038840,0,200,1.1
2026-10-04T04:07:34Z,4023,468.0,1000,1000,0,217632043,0,200,0.5
2026-10-04T04:08:05Z,4053,474.8,1000,1000,0,219265882,0,200,0.9
2026-10-04T04:08:34Z,4083,470.0,1000,1000,0,220689756,0,200,0.6
2026-10-04T04:09:04Z,4113,460.6,1000,1000,0,222230437,0,200,0.9
2026-10-04T04:09:35Z,4143,456.8,1000,1000,0,223960155,0,200,0.4
2026-10-04T04:10:04Z,4173,478.0,1000,1000,0,225756745,0,200,2.2
2026-10-04T04:10:34Z,4203,483.4,1000,1000,0,227553030,0,200,0.4
2026-10-04T04:11:04Z,4233,461.4,1000,1000,0,229338218,0,200,1.0
2026-10-04T04:11:34Z,4263,469.2,1000,1000,0,231033493,0,200,0.5
2026-10-04T04:12:05Z,4293,479.5,1000,1000,0,232766857,0,200,1.9
2026-10-04T04:12:34Z,4323,475.6,1000,1000,0,234435046,0,200,0.5
2026-10-04T04:13:04Z,4353,478.4,1000,1000,0,236073415,0,200,0.8
2026-10-04T04:13:35Z,4383,468.5,1000,1000,0,237721977,0,200,0.7
2026-10-04T04:14:04Z,4413,458.5,1000,1000,0,239304988,0,200,0.8
2026-10-04T04:14:34Z,4443,468.1,1000,1000,0,240894202,0,200,0.6
2026-10-04T04:15:05Z,4473,454.4,1000,1000,0,242555749,0,200,1.3
2026-10-04T04:15:34Z,4503,466.1,1000,1000,0,244132343,0,200,0.5
2026-10-04T04:16:04Z,4533,467.1,1000,1000,0,245748942,0,200,0.9
2026-10-04T04:16:35Z,4563,464.4,1000,1000,0,247399499,0,200,0.5
2026-10-04T04:17:04Z,4593,469.0,1000,1000,0,249038950,0,200,1.0
2026-10-04T04:17:34Z,4623,469.0,1000,1000,0,250653570,0,200,0.6
2026-10-04T04:18:04Z,4653,467.4,1000,1000,0,252285037,0,200,0.9
2026-10-04T04:18:34Z,4683,462.4,1000,1000,0,253867441,0,200,0.8
2026-10-04T04:19:05Z,4713,476.7,1000,1000,0,255555294,0,200,1.3
2026-10-04T04:19:34Z,4743,470.4,1000,1000,0,257118948,0,200,0.6
2026-10-04T04:20:04Z,4773,473.0,1000,1000,0,258692378,0,200,1.0
2026-10-04T04:20:35Z,4803,482.8,1000,1000,0,260364103,0,200,0.4
2026-10-04T04:21:04Z,4833,464.8,1000,1000,0,261939441,0,200,1.2
2026-10-04T04:21:34Z,4863,474.7,1000,1000,0,263539495,0,200,0.5
2026-10-04T04:22:05Z,4893,473.4,1000,1000,0,265240806,0,200,1.0
2026-10-04T04:22:34Z,4923,470.4,1000,1000,0,266903300,0,200,0.5
2026-10-04T04:23:04Z,4953,472.7,1000,1000,0,268518828,0,200,0.5
2026-10-04T04:23:35Z,4983,469.9,1000,1000,0,270168156,0,200,0.8
2026-10-04T04:24:04Z,5013,478.7,1000,1000,0,271780004,0,200,0.7
2026-10-04T04:24:34Z,5043,470.9,1000,1000,0,273464123,0,200,0.8
2026-10-04T04:25:04Z,5073,468.5,1000,1000,0,275148017,0,200,0.5
2026-10-04T04:25:34Z,5103,456.1,1000,1000,0,276776586,0,200,1.6
2026-10-04T04:26:04Z,5133,473.6,1000,1000,0,278361223,0,200,0.5
2026-10-04T04:26:34Z,5163,461.7,1000,1000,0,280003815,0,200,1.0
2026-10-04T04:27:04Z,5193,462.7,1000,1000,0,281588496,0,200,0.9
2026-10-04T04:27:35Z,5223,477.1,1000,1000,0,283243946,0,200,1.0
2026-10-04T04:28:04Z,5253,468.1,1000,1000,0,284890677,0,200,0.7
2026-10-04T04:28:34Z,5283,463.4,1000,1000,0,286475109,0,200,1.4
2026-10-04T04:29:05Z,5313,460.8,1000,1000,0,288123668,0,200,0.5
2026-10-04T04:29:34Z,5343,472.9,1000,1000,0,289706281,0,200,0.9
2026-10-04T04:30:04Z,5373,468.3,1000,1000,0,291302053,0,200,0.5
2026-10-04T04:30:35Z,5403,474.8,1000,1000,0,292960197,0,200,0.8
2026-10-04T04:31:04Z,5433,471.4,1000,1000,0,294578010,0,200,0.5
2026-10-04T04:31:34Z,5463,472.4,1000,1000,0,297188619,0,200,0.7
2026-10-04T04:32:04Z,5493,473.8,1000,1000,0,298738142,0,200,0.5
2026-10-04T04:32:34Z,5523,466.8,1000,1000,0,300293947,0,200,0.9
2026-10-04T04:33:04Z,5553,471.0,1000,1000,0,301805666,0,200,0.5
2026-10-04T04:33:35Z,5583,458.0,1000,1000,0,303418254,0,200,0.9
2026-10-04T04:34:04Z,5613,469.9,1000,1000,0,305125672,0,200,4.2
2026-10-04T04:34:34Z,5643,469.6,1000,1000,0,306845112,0,200,0.8
2026-10-04T04:35:04Z,5673,462.1,1000,1000,0,308497748,0,200,0.6
2026-10-04T04:35:34Z,5703,460.7,1000,1000,0,310095432,0,200,0.7
2026-10-04T04:36:04Z,5733,465.6,1000,1000,0,311712076,0,200,0.5
2026-10-04T04:36:34Z,5763,466.8,1000,1000,0,313376690,0,200,1.7
2026-10-04T04:37:04Z,5793,472.7,1000,1000,0,314988435,0,200,0.5
2026-10-04T04:37:35Z,5823,461.6,1000,1000,0,316661932,0,200,0.9
2026-10-04T04:38:04Z,5853,465.5,1000,1000,0,318289554,0,200,0.6
2026-10-04T04:38:34Z,5883,470.6,1000,1000,0,319926160,0,200,0.8
2026-10-04T04:39:04Z,5913,463.4,1000,1000,0,321620260,0,200,0.5
2026-10-04T04:39:34Z,5943,467.7,1000,1000,0,323262304,0,200,3.3
2026-10-04T04:40:05Z,5973,463.6,1000,1000,0,324965561,0,200,0.5
2026-10-04T04:40:34Z,6003,475.2,1000,1000,0,326637690,0,200,0.8
2026-10-04T04:41:04Z,6033,469.8,1000,1000,0,328309478,0,200,1.0
2026-10-04T04:41:35Z,6063,472.6,1000,1000,0,330018440,0,200,5.4
2026-10-04T04:42:04Z,6093,456.7,1000,1000,0,331685978,0,200,0.5
2026-10-04T04:42:34Z,6123,466.2,1000,1000,0,333311588,0,200,1.0
2026-10-04T04:43:05Z,6153,468.5,1000,1000,0,334962830,0,200,0.4
2026-10-04T04:43:34Z,6183,466.9,1000,1000,0,336569914,0,200,1.3
2026-10-04T04:44:04Z,6213,471.6,1000,1000,0,338184558,0,200,0.5
2026-10-04T04:44:35Z,6243,455.7,1000,1000,0,339856158,0,200,0.6
2026-10-04T04:45:04Z,6273,466.2,1000,1000,0,341551644,0,200,0.8
2026-10-04T04:45:34Z,6303,466.0,1000,1000,0,343211852,0,200,0.5
2026-10-04T04:46:05Z,6333,464.7,1000,1000,0,344916386,0,200,0.8
2026-10-04T04:46:34Z,6363,467.3,1000,1000,0,346556831,0,200,0.6
2026-10-04T04:47:04Z,6393,462.4,1000,1000,0,348180961,0,200,0.9
2026-10-04T04:47:34Z,6423,466.7,1000,1000,0,349884187,0,200,0.5
2026-10-04T04:48:04Z,6453,465.6,1000,1000,0,351503806,0,200,0.9
2026-10-04T04:48:34Z,6483,466.5,1000,1000,0,353133646,0,200,0.4
2026-10-04T04:49:04Z,6513,469.2,1000,1000,0,354812337,0,200,0.8
2026-10-04T04:49:34Z,6543,473.7,1000,1000,0,356496902,0,200,0.6
2026-10-04T04:50:05Z,6573,466.9,1000,1000,0,358202374,0,200,0.8
2026-10-04T04:50:34Z,6603,476.0,1000,1000,0,359814027,0,200,0.6
2026-10-04T04:51:04Z,6633,468.6,1000,1000,0,361431197,0,200,1.9
2026-10-04T04:51:35Z,6663,456.9,1000,1000,0,363092455,0,200,0.6
2026-10-04T04:52:04Z,6693,471.0,1000,1000,0,364799599,0,200,0.9
2026-10-04T04:52:34Z,6723,463.2,1000,1000,0,366405425,0,200,0.4
2026-10-04T04:53:04Z,6753,459.7,1000,1000,0,368071113,0,200,0.9
2026-10-04T04:53:34Z,6783,470.5,1000,1000,0,369750569,0,200,0.5
2026-10-04T04:54:04Z,6813,477.5,1000,1000,0,371395140,0,200,0.8
2026-10-04T04:54:34Z,6843,469.0,1000,1000,0,373018835,0,200,1.6
2026-10-04T04:55:04Z,6873,466.7,1000,1000,0,374592565,0,200,0.8
2026-10-04T04:55:35Z,6903,472.1,1000,1000,0,376237224,0,200,0.5
2026-10-04T04:56:04Z,6933,467.1,1000,1000,0,377844889,0,200,1.0
2026-10-04T04:56:34Z,6963,470.2,1000,1000,0,379420617,0,200,0.6
2026-10-04T04:57:05Z,6994,476.2,1000,1000,0,381060561,0,200,0.8
2026-10-04T04:57:35Z,7024,461.3,1000,1000,0,382738750,0,200,0.6
2026-10-04T04:58:05Z,7054,475.0,1000,1000,0,384334551,0,200,0.8
2026-10-04T04:58:36Z,7084,469.8,1000,1000,0,385971226,0,200,0.4
2026-10-04T04:59:05Z,7114,460.0,1000,1000,0,387547005,0,200,1.9
2026-10-04T04:59:35Z,7144,462.0,1000,1000,0,389200549,0,200,0.5
2026-10-04T05:00:06Z,7174,470.7,1000,1000,0,390873072,0,200,0.9
2026-10-04T05:00:35Z,7204,466.9,1000,1000,0,392478791,0,200,0.5
2026-10-04T05:01:05Z,7234,463.7,1000,1000,0,394048586,0,200,1.0
2026-10-04T05:01:35Z,7264,469.0,1000,1000,0,396682121,0,200,0.7
2026-10-04T05:02:05Z,7294,475.2,1000,1000,0,398339602,0,200,0.9
2026-10-04T05:02:35Z,7324,472.2,1000,1000,0,400032168,0,200,0.7
2026-10-04T05:03:06Z,7354,461.8,1000,1000,0,401704686,0,200,1.2
2026-10-04T05:03:35Z,7384,464.3,1000,1000,0,403296683,0,200,0.5
2026-10-04T05:04:05Z,7414,469.3,1000,1000,0,404813060,0,200,3.3
2026-10-04T05:04:35Z,7444,472.7,1000,1000,0,406417715,0,200,0.6
2026-10-04T05:05:05Z,7474,469.4,1000,1000,0,407937499,0,200,1.2
2026-10-04T05:05:36Z,7504,463.2,1000,1000,0,409600982,0,200,0.6
2026-10-04T05:06:05Z,7534,466.3,1000,1000,0,411203397,0,200,0.4
2026-10-04T05:06:35Z,7564,463.9,1000,1000,0,412729004,0,200,0.8
2026-10-04T05:07:05Z,7594,460.3,1000,1000,0,414342058,0,200,0.7
2026-10-04T05:07:35Z,7624,461.7,1000,1000,0,415869957,0,200,0.9
2026-10-04T05:08:06Z,7654,469.0,1000,1000,0,417423885,0,200,0.5
2026-10-04T05:08:35Z,7684,466.7,1000,1000,0,418923279,0,200,1.9
2026-10-04T05:09:05Z,7714,464.9,1000,1000,0,420418055,0,200,0.5
2026-10-04T05:09:36Z,7744,463.4,1000,1000,0,421994907,0,200,0.8
2026-10-04T05:10:05Z,7774,471.0,1000,1000,0,423516522,0,200,0.5
2026-10-04T05:10:35Z,7804,479.6,1000,1000,0,425038294,0,200,1.1
2026-10-04T05:11:05Z,7834,459.5,1000,1000,0,426591389,0,200,0.5
2026-10-04T05:11:35Z,7864,468.8,1000,1000,0,428092690,0,200,0.8
2026-10-04T05:12:05Z,7894,466.3,1000,1000,0,429625559,0,200,0.5
2026-10-04T05:12:35Z,7924,458.7,1000,1000,0,431246401,0,200,0.8
2026-10-04T05:13:05Z,7954,469.4,1000,1000,0,432817825,0,200,0.7
2026-10-04T05:13:36Z,7984,460.5,1000,1000,0,434443450,0,200,0.8
2026-10-04T05:14:05Z,8014,465.1,1000,1000,0,435964217,0,200,0.4
2026-10-04T05:14:35Z,8044,470.3,1000,1000,0,437512974,0,200,0.8
2026-10-04T05:15:06Z,8074,465.1,1000,1000,0,439126615,0,200,0.5
2026-10-04T05:15:35Z,8104,474.6,1000,1000,0,440621430,0,200,0.9
2026-10-04T05:16:05Z,8134,470.2,1000,1000,0,442164171,0,200,0.7
2026-10-04T05:16:35Z,8164,466.0,1000,1000,0,443774845,0,200,1.0
2026-10-04T05:17:05Z,8194,475.9,1000,1000,0,445333534,0,200,1.1
2026-10-04T05:17:36Z,8225,470.0,1000,1000,0,446961425,0,200,0.8
2026-10-04T05:18:06Z,8255,468.6,1000,1000,0,448583808,0,200,0.5
2026-10-04T05:18:36Z,8285,472.5,1000,1000,0,450155898,0,200,0.8
2026-10-04T05:19:07Z,8315,467.9,1000,1000,0,451695597,0,200,0.5
2026-10-04T05:19:36Z,8345,468.0,1000,1000,0,453280870,0,200,1.1
2026-10-04T05:20:06Z,8375,468.6,1000,1000,0,454781820,0,200,0.6
2026-10-04T05:20:36Z,8405,475.9,1000,1000,0,456297445,0,200,0.9
2026-10-04T05:21:06Z,8435,473.3,1000,1000,0,457768203,0,200,0.6
2026-10-04T05:21:36Z,8465,472.1,1000,1000,0,459266083,0,200,1.7
2026-10-04T05:22:06Z,8495,467.2,1000,1000,0,460937459,0,200,0.4
2026-10-04T05:22:36Z,8525,469.0,1000,1000,0,462495332,0,200,0.8
2026-10-04T05:23:07Z,8556,472.8,1000,1000,0,464149916,0,200,3.2
2026-10-04T05:23:37Z,8586,461.1,1000,1000,0,465754581,0,200,0.8
2026-10-04T05:24:07Z,8616,459.8,1000,1000,0,467275545,0,200,0.5
2026-10-04T05:24:38Z,8646,467.4,1000,1000,0,468877188,0,200,0.9
2026-10-04T05:25:07Z,8676,473.6,1000,1000,0,470429809,0,200,0.6
2026-10-04T05:25:37Z,8706,475.2,1000,1000,0,472072098,0,200,0.7
2026-10-04T05:26:08Z,8736,457.5,1000,1000,0,473781944,0,200,0.6
2026-10-04T05:26:37Z,8766,472.3,1000,1000,0,475329539,0,200,0.9
2026-10-04T05:27:07Z,8796,465.6,1000,1000,0,476806242,0,200,0.5
2026-10-04T05:27:37Z,8826,465.7,1000,1000,0,478349109,0,200,0.8
2026-10-04T05:28:07Z,8856,462.5,1000,1000,0,479863846,0,200,0.7
2026-10-04T05:28:38Z,8886,471.2,1000,1000,0,481461930,0,200,1.3
2026-10-04T05:29:07Z,8916,465.8,1000,1000,0,483025232,0,200,0.4
2026-10-04T05:29:37Z,8946,470.6,1000,1000,0,484530692,0,200,0.5
2026-10-04T05:30:08Z,8976,465.5,1000,1000,0,486105506,0,200,0.9
2026-10-04T05:30:37Z,9006,470.1,1000,1000,0,487603562,0,200,0.5
2026-10-04T05:31:07Z,9036,469.6,1000,1000,0,489077389,0,200,1.0
2026-10-04T05:31:38Z,9066,484.6,1000,1000,0,491656087,0,200,0.7
2026-10-04T05:32:07Z,9096,465.2,1000,1000,0,493040930,0,200,0.9
2026-10-04T05:32:37Z,9126,471.6,1000,1000,0,494446737,0,200,1.0
2026-10-04T05:33:07Z,9156,473.5,1000,1000,0,496002343,0,200,2.4
2026-10-04T05:33:37Z,9186,480.2,1000,1000,0,497515012,0,200,0.9
2026-10-04T05:34:08Z,9216,469.6,1000,1000,0,499069394,0,200,0.9
2026-10-04T05:34:37Z,9246,468.7,1000,1000,0,500629787,0,200,0.5
2026-10-04T05:35:07Z,9276,472.0,1000,1000,0,502217857,0,200,1.0
2026-10-04T05:35:38Z,9306,470.8,1000,1000,0,503991259,0,200,0.5
2026-10-04T05:36:07Z,9336,470.2,1000,1000,0,505747677,0,200,1.5
2026-10-04T05:36:37Z,9366,476.3,1000,1000,0,507399026,0,200,0.6
2026-10-04T05:37:08Z,9396,467.8,1000,1000,0,509000913,0,200,0.8
2026-10-04T05:37:37Z,9426,471.1,1000,1000,0,510482374,0,200,0.7
2026-10-04T05:38:07Z,9456,466.1,1000,1000,0,512001080,0,200,0.8
2026-10-04T05:38:37Z,9486,470.4,1000,1000,0,513657616,0,200,0.5
2026-10-04T05:39:07Z,9516,471.6,1000,1000,0,515190387,0,200,0.8
2026-10-04T05:39:38Z,9546,477.9,1000,1000,0,516779324,0,200,0.5
2026-10-04T05:40:07Z,9576,469.8,1000,1000,0,518298523,0,200,0.8
2026-10-04T05:40:37Z,9606,466.6,1000,1000,0,519860069,0,200,0.5
2026-10-04T05:41:08Z,9636,467.8,1000,1000,0,521472895,0,200,0.9
2026-10-04T05:41:37Z,9666,471.6,1000,1000,0,523034400,0,200,0.6
2026-10-04T05:42:07Z,9696,475.9,1000,1000,0,524540809,0,200,0.8
2026-10-04T05:42:38Z,9726,471.2,1000,1000,0,526124728,0,200,1.6
2026-10-04T05:43:07Z,9756,474.7,1000,1000,0,527747251,0,200,2.4
2026-10-04T05:43:37Z,9786,460.8,1000,1000,0,529330900,0,200,0.6
2026-10-04T05:44:07Z,9816,469.8,1000,1000,0,530926566,0,200,0.8
2026-10-04T05:44:37Z,9846,472.8,1000,1000,0,532545204,0,200,0.5
2026-10-04T05:45:07Z,9876,479.6,1000,1000,0,534210005,0,200,1.1
2026-10-04T05:45:37Z,9906,475.4,1000,1000,0,535813399,0,200,0.7
2026-10-04T05:46:07Z,9936,465.3,1000,1000,0,537377003,0,200,2.7
2026-10-04T05:46:38Z,9966,474.7,1000,1000,0,539028681,0,200,0.6
2026-10-04T05:47:07Z,9996,468.9,1000,1000,0,540613383,0,200,0.9
2026-10-04T05:47:37Z,10026,471.2,1000,1000,0,542200071,0,200,0.5
2026-10-04T05:48:08Z,10056,477.7,1000,1000,0,543934970,0,200,0.8
2026-10-04T05:48:37Z,10086,478.4,1000,1000,0,545495539,0,200,0.5
2026-10-04T05:49:07Z,10116,473.4,1000,1000,0,547041016,0,200,1.1
2026-10-04T05:49:38Z,10146,464.0,1000,1000,0,548659685,0,200,0.5
2026-10-04T05:50:07Z,10176,473.5,1000,1000,0,550309252,0,200,0.5
2026-10-04T05:50:37Z,10206,473.7,1000,1000,0,551852963,0,200,0.7
2026-10-04T05:51:08Z,10236,466.1,1000,1000,0,553446654,0,200,0.5
2026-10-04T05:51:37Z,10266,471.4,1000,1000,0,555048287,0,200,0.8
2026-10-04T05:52:07Z,10296,471.2,1000,1000,0,556605714,0,200,1.0
2026-10-04T05:52:37Z,10326,472.5,1000,1000,0,558180752,0,200,0.8
2026-10-04T05:53:07Z,10356,467.9,1000,1000,0,559747453,0,200,0.6
2026-10-04T05:53:38Z,10386,478.2,1000,1000,0,561414754,0,200,0.9
2026-10-04T05:54:07Z,10416,465.6,1000,1000,0,562989704,0,200,0.5
2026-10-04T05:54:37Z,10446,474.4,1000,1000,0,564507491,0,200,0.9
2026-10-04T05:55:08Z,10476,477.5,1000,1000,0,566091957,0,200,0.5
2026-10-04T05:55:37Z,10506,459.8,1000,1000,0,567673936,0,200,0.8
2026-10-04T05:56:07Z,10536,466.9,1000,1000,0,569336479,0,200,0.5
2026-10-04T05:56:37Z,10566,468.8,1000,1000,0,570998976,0,200,0.8
2026-10-04T05:57:07Z,10596,472.5,1000,1000,0,572745354,0,200,0.5
2026-10-04T05:57:37Z,10626,476.3,1000,1000,0,574365944,0,200,0.8
2026-10-04T05:58:08Z,10656,470.8,1000,1000,0,575915698,0,200,0.7
2026-10-04T05:58:37Z,10686,472.5,1000,1000,0,577517341,0,200,0.9
2026-10-04T05:59:07Z,10716,473.5,1000,1000,0,579135646,0,200,0.7
2026-10-04T05:59:38Z,10746,470.6,1000,1000,0,580769591,0,200,3.5
2026-10-04T06:00:07Z,10776,465.2,1000,1000,0,582346301,0,200,0.5
2026-10-04T06:00:37Z,10806,473.2,1000,1000,0,583896038,0,200,0.7
2026-10-04T06:01:08Z,10836,468.9,1000,1000,0,585534665,0,200,3.0
2026-10-04T06:01:37Z,10866,524.0,1000,1000,0,587147264,0,200,7.3
2026-10-04T06:02:07Z,10896,471.1,1000,1000,0,589730194,0,200,0.7
2026-10-04T06:02:38Z,10926,463.0,1000,1000,0,591346392,0,200,0.8
2026-10-04T06:03:07Z,10956,472.4,1000,1000,0,592899425,0,200,0.6
2026-10-04T06:03:37Z,10986,461.6,1000,1000,0,594440045,0,200,1.0
2026-10-04T06:04:07Z,11016,473.8,1000,1000,0,596004327,0,200,0.5
2026-10-04T06:04:37Z,11046,468.2,1000,1000,0,597510407,0,200,1.0
2026-10-04T06:05:07Z,11076,473.8,1000,1000,0,599043693,0,200,0.5
2026-10-04T06:05:37Z,11106,472.4,1000,1000,0,600726175,0,200,0.9
2026-10-04T06:06:07Z,11136,471.3,1000,1000,0,602409707,0,200,1.5
2026-10-04T06:06:37Z,11166,469.1,1000,1000,0,604067200,0,200,0.9
2026-10-04T06:07:07Z,11196,461.5,1000,1000,0,605686796,0,200,1.2
2026-10-04T06:07:37Z,11226,471.1,1000,1000,0,607211524,0,200,1.0
2026-10-04T06:08:08Z,11256,460.1,1000,1000,0,608809159,0,200,0.5
2026-10-04T06:08:37Z,11286,468.8,1000,1000,0,610410838,0,200,1.0
2026-10-04T06:09:07Z,11316,471.3,1000,1000,0,611957573,0,200,0.5
2026-10-04T06:09:38Z,11346,469.1,1000,1000,0,613662103,0,200,0.8
2026-10-04T06:10:07Z,11376,470.4,1000,1000,0,615323457,0,200,0.6
2026-10-04T06:10:37Z,11406,471.6,1000,1000,0,616996929,0,200,0.9
2026-10-04T06:11:08Z,11436,457.3,1000,1000,0,618731662,0,200,0.5
2026-10-04T06:11:37Z,11466,471.4,1000,1000,0,620350292,0,200,0.5
2026-10-04T06:12:07Z,11496,469.2,1000,1000,0,622037792,0,200,0.7
2026-10-04T06:12:37Z,11526,473.1,1000,1000,0,623752288,0,200,0.6
2026-10-04T06:13:07Z,11556,477.6,1000,1000,0,625418605,0,200,1.7
2026-10-04T06:13:38Z,11586,472.0,1000,1000,0,627071130,0,200,0.7
2026-10-04T06:14:07Z,11616,464.3,1000,1000,0,628709986,0,200,0.7
2026-10-04T06:14:37Z,11646,467.5,1000,1000,0,630406466,0,200,0.5
2026-10-04T06:15:08Z,11676,471.8,1000,1000,0,632141981,0,200,0.7
2026-10-04T06:15:37Z,11706,471.4,1000,1000,0,633690126,0,200,0.5
2026-10-04T06:16:07Z,11736,466.9,1000,1000,0,635236394,0,200,1.0
2026-10-04T06:16:37Z,11766,470.8,1000,1000,0,636884036,0,200,0.5
2026-10-04T06:17:07Z,11796,474.6,1000,1000,0,638495672,0,200,0.8
2026-10-04T06:17:37Z,11826,476.4,1000,1000,0,640106314,0,200,0.6
2026-10-04T06:18:07Z,11856,465.3,1000,1000,0,641738931,0,200,1.4
2026-10-04T06:18:37Z,11886,471.5,1000,1000,0,643290606,0,200,0.7
2026-10-04T06:19:08Z,11916,472.7,1000,1000,0,644901345,0,200,0.8
2026-10-04T06:19:37Z,11946,469.1,1000,1000,0,646447016,0,200,0.5
2026-10-04T06:20:07Z,11976,473.2,1000,1000,0,647968768,0,200,0.8
2026-10-04T06:20:38Z,12006,464.6,1000,1000,0,649588411,0,200,0.7
2026-10-04T06:21:07Z,12036,468.7,1000,1000,0,651182089,0,200,0.9
2026-10-04T06:21:37Z,12066,466.2,1000,1000,0,652730810,0,200,0.5
2026-10-04T06:22:08Z,12096,469.1,1000,1000,0,654438288,0,200,1.6
2026-10-04T06:22:37Z,12126,463.7,1000,1000,0,656050928,0,200,0.5
2026-10-04T06:23:07Z,12156,473.3,1000,1000,0,657696527,0,200,0.8
2026-10-04T06:23:37Z,12186,463.0,1000,1000,0,659336171,0,200,0.6
2026-10-04T06:24:07Z,12216,475.3,1000,1000,0,660920871,0,200,0.9
2026-10-04T06:24:37Z,12246,477.3,1000,1000,0,662526523,0,200,0.7
2026-10-04T06:25:07Z,12276,477.0,1000,1000,0,664185528,0,200,1.0
2026-10-04T06:25:37Z,12306,467.8,1000,1000,0,665834596,0,200,0.5
2026-10-04T06:26:08Z,12336,476.4,1000,1000,0,667598011,0,200,1.0
2026-10-04T06:26:37Z,12366,468.7,1000,1000,0,669303923,0,200,0.5
2026-10-04T06:27:07Z,12396,475.5,1000,1000,0,671056851,0,200,1.0
2026-10-04T06:27:38Z,12426,458.0,1000,1000,0,672764009,0,200,0.5
2026-10-04T06:28:07Z,12456,466.6,1000,1000,0,674351064,0,200,0.7
2026-10-04T06:28:37Z,12486,470.9,1000,1000,0,675956684,0,200,0.5
2026-10-04T06:29:07Z,12516,463.3,1000,1000,0,677675161,0,200,0.9
2026-10-04T06:29:37Z,12546,464.1,1000,1000,0,679379627,0,200,0.6
2026-10-04T06:30:07Z,12576,464.0,1000,1000,0,681102059,0,200,1.7
2026-10-04T06:30:37Z,12606,466.4,1000,1000,0,682789592,0,200,0.5
2026-10-04T06:31:07Z,12636,474.4,1000,1000,0,684393296,0,200,1.6
2026-10-04T06:31:38Z,12666,466.0,1000,1000,0,686084859,0,200,0.9
2026-10-04T06:32:07Z,12696,461.8,1000,1000,0,688709497,0,200,1.2
2026-10-04T06:32:37Z,12726,470.2,1000,1000,0,690254150,0,200,0.5
2026-10-04T06:33:07Z,12756,476.9,1000,1000,0,691773950,0,200,1.3
2026-10-04T06:33:37Z,12786,462.7,1000,1000,0,693457521,0,200,1.7
2026-10-04T06:34:07Z,12816,466.9,1000,1000,0,695046205,0,200,2.3
2026-10-04T06:34:38Z,12846,470.6,1000,1000,0,696753741,0,200,1.3
2026-10-04T06:35:07Z,12876,460.7,1000,1000,0,698291428,0,200,0.8
2026-10-04T06:35:37Z,12906,462.8,1000,1000,0,699848750,0,200,0.7
2026-10-04T06:36:08Z,12936,471.8,1000,1000,0,701412903,0,200,0.5
2026-10-04T06:36:37Z,12966,474.4,1000,1000,0,703012546,0,200,0.9
2026-10-04T06:37:07Z,12996,473.5,1000,1000,0,704542324,0,200,0.5
2026-10-04T06:37:38Z,13026,462.7,1000,1000,0,706071110,0,200,0.9
2026-10-04T06:38:07Z,13056,468.9,1000,1000,0,707550385,0,200,1.4
2026-10-04T06:38:37Z,13086,478.6,1000,1000,0,708998845,0,200,0.8
2026-10-04T06:39:07Z,13116,472.2,1000,1000,0,710530822,0,200,0.5
2026-10-04T06:39:37Z,13146,479.5,1000,1000,0,711987500,0,200,0.9
2026-10-04T06:40:08Z,13176,470.0,1000,1000,0,713566264,0,200,0.4
2026-10-04T06:40:37Z,13206,469.7,1000,1000,0,715175918,0,200,1.1
2026-10-04T06:41:07Z,13236,473.6,1000,1000,0,716752602,0,200,0.5
2026-10-04T06:41:38Z,13267,479.6,1000,1000,0,718340576,0,200,1.0
2026-10-04T06:42:08Z,13297,469.3,1000,1000,0,719924036,0,200,0.6
2026-10-04T06:42:38Z,13327,471.3,1000,1000,0,721475733,0,200,0.8
2026-10-04T06:43:09Z,13357,466.9,1000,1000,0,723064048,0,200,0.6
2026-10-04T06:43:38Z,13387,470.4,1000,1000,0,724643091,0,200,0.8
2026-10-04T06:44:08Z,13417,475.2,1000,1000,0,726208787,0,200,0.5
2026-10-04T06:44:39Z,13447,458.0,1000,1000,0,727831425,0,200,1.0
2026-10-04T06:45:08Z,13477,461.1,1000,1000,0,729362135,0,200,0.6
2026-10-04T06:45:38Z,13507,463.3,1000,1000,0,730976362,0,200,1.4
2026-10-04T06:46:08Z,13537,452.9,1000,1000,0,732601393,0,200,0.5
2026-10-04T06:46:38Z,13567,473.8,1000,1000,0,734230999,0,200,1.0
2026-10-04T06:47:09Z,13597,471.6,1000,1000,0,735853640,0,200,0.5
2026-10-04T06:47:38Z,13627,469.5,1000,1000,0,737370432,0,200,0.8
2026-10-04T06:48:08Z,13657,466.9,1000,1000,0,738891217,0,200,0.5
2026-10-04T06:48:39Z,13687,478.6,1000,1000,0,740530871,0,200,1.0
2026-10-04T06:49:08Z,13717,461.1,1000,1000,0,742167459,0,200,0.5
2026-10-04T06:49:38Z,13747,474.6,1000,1000,0,743757082,0,200,0.8
2026-10-04T06:50:09Z,13777,462.0,1000,1000,0,745494539,0,200,0.5
2026-10-04T06:50:38Z,13807,471.3,1000,1000,0,747087167,0,200,0.9
2026-10-04T06:51:08Z,13837,477.3,1000,1000,0,748693798,0,200,0.6
2026-10-04T06:51:38Z,13867,467.8,1000,1000,0,750330982,0,200,1.0
2026-10-04T06:52:08Z,13897,471.8,1000,1000,0,751868162,0,200,0.9
2026-10-04T06:52:38Z,13927,476.3,1000,1000,0,753447838,0,200,0.8
2026-10-04T06:53:08Z,13957,471.8,1000,1000,0,755084474,0,200,0.5
2026-10-04T06:53:38Z,13987,474.2,1000,1000,0,756667219,0,200,1.7
2026-10-04T06:54:09Z,14017,470.1,1000,1000,0,758244908,0,200,0.5
2026-10-04T06:54:38Z,14047,469.6,1000,1000,0,759825602,0,200,0.5
2026-10-04T06:55:08Z,14077,474.9,1000,1000,0,761448220,0,200,0.6
2026-10-04T06:55:39Z,14107,463.4,1000,1000,0,763101775,0,200,0.4
2026-10-04T06:56:08Z,14137,471.5,1000,1000,0,764707389,0,200,1.2
2026-10-04T06:56:38Z,14167,475.7,1000,1000,0,766283037,0,200,0.7
2026-10-04T06:57:08Z,14197,468.2,1000,1000,0,767931542,0,200,0.7
2026-10-04T06:57:38Z,14227,474.6,1000,1000,0,769563186,0,200,0.5
2026-10-04T06:58:08Z,14257,477.2,1000,1000,0,771203734,0,200,0.8
2026-10-04T06:58:38Z,14287,473.8,1000,1000,0,772894225,0,200,0.8
2026-10-04T06:59:08Z,14317,474.4,1000,1000,0,774520973,0,200,0.8
2026-10-04T06:59:39Z,14347,468.2,1000,1000,0,776217687,0,200,0.5
2026-10-04T07:00:08Z,14377,467.9,1000,1000,0,777831713,0,200,0.9
2026-10-04T07:00:38Z,14407,470.4,1000,1000,0,779487086,0,200,0.5
2026-10-04T07:01:08Z,14437,465.6,1000,1000,0,781183902,0,200,0.8
2026-10-04T07:01:38Z,14467,471.2,1000,1000,0,782836205,0,200,0.6
2026-10-04T07:02:08Z,14497,474.5,999,999,1,784436101,1,200,0.5
2026-10-04T07:02:38Z,14527,460.1,999,999,1,786023429,1,200,1.2
2026-10-04T07:03:08Z,14557,468.4,999,999,1,787632258,1,200,0.9
2026-10-04T07:03:38Z,14587,464.9,999,999,1,789195423,1,200,0.5
2026-10-04T07:04:08Z,14617,472.6,1000,1000,1,791842148,1,200,2.9
2026-10-04T07:04:38Z,14647,474.1,1000,1000,1,793384364,1,200,0.4
2026-10-04T07:05:08Z,14677,467.6,1000,1000,1,795033995,1,200,0.8
2026-10-04T07:05:38Z,14707,457.5,1000,1000,1,796621637,1,200,0.6
2026-10-04T07:06:09Z,14738,465.6,1000,1000,1,798385075,1,200,0.9
2026-10-04T07:06:39Z,14768,470.8,1000,1000,1,800217847,1,200,0.6
2026-10-04T07:07:09Z,14798,471.2,1000,1000,1,801805610,1,200,0.8
2026-10-04T07:07:40Z,14828,465.9,1000,1000,1,803475603,1,200,0.6
2026-10-04T07:08:09Z,14858,464.1,1000,1000,1,805032304,1,200,0.8
2026-10-04T07:08:39Z,14888,469.1,1000,1000,1,806598973,1,200,1.0
2026-10-04T07:09:09Z,14918,465.6,1000,1000,1,808298376,1,200,2.3
2026-10-04T07:09:39Z,14948,472.4,1000,1000,1,810085815,1,200,0.4
2026-10-04T07:10:09Z,14978,472.9,1000,1000,1,811901908,1,200,1.0
2026-10-04T07:10:39Z,15008,467.1,1000,1000,1,813788949,1,200,0.7
2026-10-04T07:11:09Z,15038,476.5,1000,1000,1,815579716,1,200,0.9
2026-10-04T07:11:40Z,15068,464.0,1000,1000,1,817339710,1,200,0.5
2026-10-04T07:12:09Z,15098,464.6,1000,1000,1,819032699,1,200,1.6
2026-10-04T07:12:39Z,15128,470.0,1000,1000,1,820692756,1,200,0.9
2026-10-04T07:13:10Z,15158,458.9,1000,1000,1,822391238,1,200,1.8
2026-10-04T07:13:39Z,15188,476.0,1000,1000,1,824065070,1,200,1.3
2026-10-04T07:14:09Z,15218,462.9,1000,1000,1,825673323,1,200,0.5
2026-10-04T07:14:39Z,15248,455.0,1000,1000,1,827392234,1,200,0.8
2026-10-04T07:15:09Z,15278,462.1,1000,1000,1,829056929,1,200,0.4
2026-10-04T07:15:39Z,15308,457.1,1000,1000,1,830784400,1,200,1.1
2026-10-04T07:16:09Z,15338,460.0,1000,1000,1,832593536,1,200,0.7
2026-10-04T07:16:39Z,15368,463.0,1000,1000,1,834242127,1,200,0.8
2026-10-04T07:17:10Z,15398,470.6,1000,1000,1,836000542,1,200,0.6
2026-10-04T07:17:39Z,15428,461.7,1000,1000,1,837717972,1,200,0.8
2026-10-04T07:18:09Z,15458,469.4,1000,1000,1,839328796,1,200,0.6
2026-10-04T07:18:40Z,15488,464.6,1000,1000,1,840995952,1,200,0.8
2026-10-04T07:19:09Z,15518,474.0,1000,1000,1,842675786,1,200,0.7
2026-10-04T07:19:39Z,15548,469.2,1000,1000,1,844352296,1,200,2.2
2026-10-04T07:20:10Z,15578,477.3,1000,1000,1,846049293,1,200,0.7
2026-10-04T07:20:39Z,15608,465.3,1000,1000,1,847668489,1,200,1.2
2026-10-04T07:21:09Z,15638,459.4,1000,1000,1,849324059,1,200,0.5
2026-10-04T07:21:40Z,15668,466.4,1000,1000,1,850988681,1,200,1.0
2026-10-04T07:22:09Z,15698,466.8,1000,1000,1,852682163,1,200,1.5
2026-10-04T07:22:39Z,15728,464.9,1000,1000,1,854288828,1,200,0.9
2026-10-04T07:23:10Z,15758,470.8,1000,1000,1,856040267,1,200,0.5
2026-10-04T07:23:39Z,15788,469.5,1000,1000,1,857699602,1,200,0.9
2026-10-04T07:24:09Z,15818,468.8,1000,1000,1,859330803,1,200,0.7
2026-10-04T07:24:39Z,15848,467.1,1000,1000,1,861029983,1,200,0.8
2026-10-04T07:25:09Z,15878,472.3,1000,1000,1,862665544,1,200,0.6
2026-10-04T07:25:39Z,15908,466.4,1000,1000,1,864276247,1,200,0.8
2026-10-04T07:26:09Z,15938,467.2,1000,1000,1,865950814,1,200,0.6
2026-10-04T07:26:39Z,15968,471.6,1000,1000,1,867614838,1,200,0.8
2026-10-04T07:27:09Z,15998,469.9,1000,1000,1,869308887,1,200,0.5
2026-10-04T07:27:39Z,16028,466.2,1000,1000,1,871001615,1,200,1.0
2026-10-04T07:28:09Z,16058,472.9,1000,1000,1,872650021,1,200,0.9
2026-10-04T07:28:40Z,16088,470.7,1000,1000,1,874336598,1,200,0.9
2026-10-04T07:29:09Z,16118,461.2,1000,1000,1,875973990,1,200,0.5
2026-10-04T07:29:39Z,16148,468.5,1000,1000,1,877647526,1,200,0.8
2026-10-04T07:30:10Z,16178,460.8,1000,1000,1,879278552,1,200,0.6
2026-10-04T07:30:39Z,16208,469.9,1000,1000,1,880909022,1,200,1.2
2026-10-04T07:31:09Z,16238,468.6,1000,1000,1,882536645,1,200,0.5
2026-10-04T07:31:39Z,16268,451.9,1000,1000,1,884241118,1,200,0.8
2026-10-04T07:32:09Z,16298,457.9,1000,1000,1,885942763,1,200,0.5
2026-10-04T07:32:39Z,16328,471.8,1000,1000,1,887643130,1,200,2.6
2026-10-04T07:33:09Z,16358,471.7,1000,1000,1,889358641,1,200,0.6
2026-10-04T07:33:39Z,16388,476.6,1000,1000,1,891033170,1,200,2.3
2026-10-04T07:34:09Z,16418,475.1,1000,1000,1,893804054,1,200,0.5
2026-10-04T07:34:39Z,16448,477.6,1000,1000,1,895508011,1,200,1.3
2026-10-04T07:35:09Z,16478,469.1,1000,1000,1,896925836,1,200,0.6
2026-10-04T07:35:40Z,16508,472.3,1000,1000,1,898497466,1,200,0.6
2026-10-04T07:36:09Z,16538,474.2,1000,1000,1,900056118,1,200,0.9
2026-10-04T07:36:39Z,16568,462.8,1000,1000,1,901626779,1,200,0.7
2026-10-04T07:37:09Z,16598,478.4,1000,1000,1,903351180,1,200,0.9
2026-10-04T07:37:39Z,16628,464.5,1000,1000,1,905206118,1,200,0.6
2026-10-04T07:38:09Z,16658,472.3,1000,1000,1,906878134,1,200,0.9
2026-10-04T07:38:40Z,16688,472.1,1000,1000,1,908464580,1,200,0.5
2026-10-04T07:39:09Z,16718,467.5,1000,1000,1,910100998,1,200,0.9
2026-10-04T07:39:39Z,16748,463.0,1000,1000,1,911824569,1,200,0.5
2026-10-04T07:40:09Z,16778,452.6,1000,1000,1,913487129,1,200,0.9
2026-10-04T07:40:39Z,16808,463.5,1000,1000,1,915107009,1,200,1.3
2026-10-04T07:41:09Z,16838,465.5,1000,1000,1,916707278,1,200,0.9
2026-10-04T07:41:39Z,16868,455.9,1000,1000,1,918380800,1,200,1.1
2026-10-04T07:42:09Z,16898,476.2,1000,1000,1,919973420,1,200,0.8
2026-10-04T07:42:40Z,16928,478.4,1000,1000,1,921639590,1,200,0.6
2026-10-04T07:43:09Z,16958,470.5,1000,1000,1,923243561,1,200,0.9
2026-10-04T07:43:39Z,16988,458.9,1000,1000,1,924833604,1,200,0.7
2026-10-04T07:44:10Z,17018,460.8,1000,1000,1,926495780,1,200,0.7
2026-10-04T07:44:39Z,17048,465.2,1000,1000,1,928164508,1,200,0.6
2026-10-04T07:45:09Z,17078,458.3,1000,1000,1,929812891,1,200,2.5
2026-10-04T07:45:39Z,17108,469.4,1000,1000,1,931481285,1,200,0.5
2026-10-04T07:46:09Z,17138,471.3,1000,1000,1,933107072,1,200,0.8
2026-10-04T07:46:39Z,17168,462.0,1000,1000,1,934750409,1,200,6.6
2026-10-04T07:47:09Z,17198,466.6,1000,1000,1,936458670,1,200,0.8
2026-10-04T07:47:39Z,17228,481.7,1000,1000,1,938072749,1,200,0.7
2026-10-04T07:48:10Z,17258,461.0,1000,1000,1,939721517,1,200,0.8
2026-10-04T07:48:39Z,17288,466.1,1000,1000,1,941349640,1,200,0.5
2026-10-04T07:49:09Z,17318,474.7,1000,1000,1,942977143,1,200,0.8
2026-10-04T07:49:40Z,17348,452.7,1000,1000,1,944673638,1,200,0.7
2026-10-04T07:50:09Z,17378,473.8,1000,1000,1,946293509,1,200,0.9
2026-10-04T07:50:39Z,17408,473.4,1000,1000,1,947913829,1,200,2.1
2026-10-04T07:51:10Z,17438,466.4,1000,1000,1,949559516,1,200,1.2
2026-10-04T07:51:39Z,17468,456.9,1000,1000,1,951210967,1,200,0.5
2026-10-04T07:52:09Z,17498,465.9,1000,1000,1,952888484,1,200,0.8
2026-10-04T07:52:39Z,17528,460.6,1000,1000,1,954559871,1,200,0.6
2026-10-04T07:53:09Z,17558,480.4,1000,1000,1,956215780,1,200,0.8
2026-10-04T07:53:40Z,17588,476.3,1000,1000,1,957903057,1,200,0.5
2026-10-04T07:54:09Z,17618,460.7,1000,1000,1,959545399,1,200,1.0
2026-10-04T07:54:39Z,17648,468.8,1000,1000,1,961180817,1,200,0.5
2026-10-04T07:55:10Z,17679,465.7,1000,1000,1,962931231,1,200,1.7
2026-10-04T07:55:40Z,17709,477.9,1000,1000,1,964495239,1,200,0.6
2026-10-04T07:56:10Z,17739,467.5,1000,1000,1,965910079,1,200,1.0
2026-10-04T07:56:41Z,17769,465.3,1000,1000,1,967360888,1,200,0.4
2026-10-04T07:57:10Z,17799,458.9,1000,1000,1,968792696,1,200,1.3
2026-10-04T07:57:40Z,17829,470.9,1000,1000,1,970239551,1,200,0.7
2026-10-04T07:58:11Z,17859,459.8,1000,1000,1,971959925,1,200,1.2
2026-10-04T07:58:40Z,17889,461.1,1000,1000,1,973523615,1,200,1.4
2026-10-04T07:59:10Z,17919,480.8,1000,1000,1,975052781,1,200,0.5
2026-10-04T07:59:40Z,17949,460.2,1000,1000,1,976641804,1,200,0.9
2026-10-04T08:00:10Z,17979,471.9,1000,1000,1,978203209,1,200,0.6
2026-10-04T08:00:40Z,18009,475.2,1000,1000,1,979885980,1,200,0.7
2026-10-04T08:01:10Z,18039,473.7,1000,1000,1,981525763,1,200,0.4
2026-10-04T08:01:40Z,18069,464.7,1000,1000,1,983150448,1,200,0.9
2026-10-04T08:02:11Z,18099,474.0,1000,1000,1,984963080,1,200,0.4
2026-10-04T08:02:40Z,18129,465.9,1000,1000,1,986622227,1,200,1.3
2026-10-04T08:03:10Z,18159,470.7,1000,1000,1,988268503,1,200,0.7
2026-10-04T08:03:41Z,18189,467.1,1000,1000,1,989905242,1,200,1.0
2026-10-04T08:04:10Z,18219,467.6,1000,1000,1,992547875,1,200,0.7
2026-10-04T08:04:40Z,18249,466.0,1000,1000,1,994147504,1,200,0.7
2026-10-04T08:05:10Z,18279,462.5,1000,1000,1,995699182,1,200,0.5
2026-10-04T08:05:40Z,18309,465.9,1000,1000,1,997274847,1,200,0.9
2026-10-04T08:06:10Z,18339,473.5,1000,1000,1,998814539,1,200,0.4
2026-10-04T08:06:41Z,18369,463.3,1000,1000,1,1000430166,1,200,1.3
2026-10-04T08:07:10Z,18399,474.6,1000,1000,1,1001972846,1,200,0.5
2026-10-04T08:07:40Z,18429,472.6,1000,1000,1,1003573344,1,200,0.8
2026-10-04T08:08:11Z,18459,452.1,1000,1000,1,1005244076,1,200,0.4
2026-10-04T08:08:40Z,18489,469.4,1000,1000,1,1006839629,1,200,0.8
2026-10-04T08:09:10Z,18519,469.2,1000,1000,1,1008549032,1,200,0.7
2026-10-04T08:09:40Z,18549,456.6,1000,1000,1,1010264476,1,200,0.8
2026-10-04T08:10:10Z,18579,473.2,1000,1000,1,1011873041,1,200,0.5
2026-10-04T08:10:40Z,18609,471.6,1000,1000,1,1013430703,1,200,1.2
2026-10-04T08:11:10Z,18639,466.1,1000,1000,1,1015231041,1,200,0.5
2026-10-04T08:11:40Z,18669,471.4,1000,1000,1,1016912517,1,200,2.3
2026-10-04T08:12:10Z,18699,465.7,1000,1000,1,1018529319,1,200,1.2
2026-10-04T08:12:40Z,18729,472.7,1000,1000,1,1020345391,1,200,0.9
2026-10-04T08:13:10Z,18759,467.0,1000,1000,1,1021999936,1,200,0.5
2026-10-04T08:13:41Z,18789,461.9,1000,1000,1,1023670264,1,200,0.8
2026-10-04T08:14:10Z,18819,473.5,1000,1000,1,1025349877,1,200,0.5
2026-10-04T08:14:40Z,18849,470.5,1000,1000,1,1026916526,1,200,2.3
2026-10-04T08:15:10Z,18879,457.0,1000,1000,1,1028627003,1,200,0.6
2026-10-04T08:15:40Z,18909,470.9,1000,1000,1,1030302160,1,200,1.0
2026-10-04T08:16:10Z,18939,467.6,1000,1000,1,1031943101,1,200,1.0
2026-10-04T08:16:40Z,18969,468.3,1000,1000,1,1033640557,1,200,1.0
2026-10-04T08:17:10Z,18999,464.7,1000,1000,1,1035232944,1,200,0.5
2026-10-04T08:17:41Z,19029,467.2,1000,1000,1,1036879741,1,200,1.7
2026-10-04T08:18:10Z,19059,454.3,1000,1000,1,1038539472,1,200,0.4
2026-10-04T08:18:40Z,19089,471.8,1000,1000,1,1040201719,1,200,1.1
2026-10-04T08:19:11Z,19119,467.0,1000,1000,1,1041890287,1,200,0.8
2026-10-04T08:19:40Z,19149,469.9,1000,1000,1,1043510882,1,200,0.5
2026-10-04T08:20:10Z,19179,474.0,1000,1000,1,1045094512,1,200,1.2
2026-10-04T08:20:40Z,19209,474.5,1000,1000,1,1046816181,1,200,0.5
2026-10-04T08:21:10Z,19239,473.9,1000,1000,1,1048498368,1,200,0.8
2026-10-04T08:21:40Z,19269,471.3,1000,1000,1,1050141042,1,200,0.6
2026-10-04T08:22:10Z,19299,464.7,1000,1000,1,1051801419,1,200,0.8
2026-10-04T08:22:40Z,19329,460.7,1000,1000,1,1053442276,1,200,0.5
2026-10-04T08:23:11Z,19359,466.7,1000,1000,1,1055228859,1,200,0.9
2026-10-04T08:23:40Z,19389,457.0,1000,1000,1,1056920006,1,200,0.7
2026-10-04T08:24:10Z,19419,470.4,1000,1000,1,1058576441,1,200,0.8
2026-10-04T08:24:41Z,19449,473.8,1000,1000,1,1060236087,1,200,0.5
2026-10-04T08:25:10Z,19479,462.5,1000,1000,1,1061841700,1,200,0.8
2026-10-04T08:25:40Z,19509,451.2,1000,1000,1,1063446698,1,200,0.5
2026-10-04T08:26:11Z,19539,475.6,1000,1000,1,1065163830,1,200,1.7
2026-10-04T08:26:40Z,19569,471.8,1000,1000,1,1066773357,1,200,0.7
2026-10-04T08:27:10Z,19599,465.9,1000,1000,1,1068453831,1,200,1.1
2026-10-04T08:27:41Z,19629,464.4,1000,1000,1,1070288281,1,200,0.5
2026-10-04T08:28:10Z,19659,458.8,1000,1000,1,1071915643,1,200,1.8
2026-10-04T08:28:40Z,19689,463.0,1000,1000,1,1073565027,1,200,0.6
2026-10-04T08:29:11Z,19719,468.3,1000,1000,1,1075235191,1,200,0.9
2026-10-04T08:29:40Z,19749,474.7,1000,1000,1,1076825324,1,200,1.1
2026-10-04T08:30:10Z,19779,465.6,1000,1000,1,1078482854,1,200,1.2
2026-10-04T08:30:40Z,19809,464.3,1000,1000,1,1080157869,1,200,1.1
2026-10-04T08:31:10Z,19839,460.1,1000,1000,1,1081797929,1,200,0.8
2026-10-04T08:31:40Z,19869,474.9,1000,1000,1,1083432628,1,200,0.6
2026-10-04T08:32:10Z,19899,472.0,1000,1000,1,1085113004,1,200,1.3
2026-10-04T08:32:40Z,19929,475.9,1000,1000,1,1086767538,1,200,0.5
2026-10-04T08:33:11Z,19959,461.9,1000,1000,1,1088445050,1,200,0.9
2026-10-04T08:33:40Z,19989,471.3,1000,1000,1,1090020304,1,200,0.6
2026-10-04T08:34:12Z,20019,499.2,1000,1000,1,1092731071,1,200,578.0
2026-10-04T08:34:40Z,20049,473.7,1000,1000,1,1094081076,1,200,0.6
2026-10-04T08:35:10Z,20079,466.4,1000,1000,1,1095558830,1,200,0.8
2026-10-04T08:35:40Z,20109,464.7,1000,1000,1,1097205393,1,200,0.4
2026-10-04T08:36:10Z,20139,469.0,1000,1000,1,1098837549,1,200,0.8
2026-10-04T08:36:40Z,20169,479.2,1000,1000,1,1100593784,1,200,0.5
2026-10-04T08:37:10Z,20199,470.3,1000,1000,1,1102426753,1,200,1.7
2026-10-04T08:37:40Z,20229,475.3,1000,1000,1,1104148972,1,200,0.9
2026-10-04T08:38:11Z,20259,455.2,1000,1000,1,1105952370,1,200,3.7
2026-10-04T08:38:40Z,20289,466.0,1000,1000,1,1107716404,1,200,0.5
2026-10-04T08:39:10Z,20319,473.2,1000,1000,1,1109363178,1,200,2.1
2026-10-04T08:39:41Z,20349,472.5,1000,1000,1,1111057306,1,200,0.6
2026-10-04T08:40:10Z,20379,458.8,1000,1000,1,1112588364,1,200,0.5
2026-10-04T08:40:40Z,20409,473.5,1000,1000,1,1113977213,1,200,0.8
2026-10-04T08:41:11Z,20439,462.1,1000,1000,1,1115572837,1,200,0.7
2026-10-04T08:41:40Z,20469,466.3,1000,1000,1,1117289930,1,200,1.0
2026-10-04T08:42:10Z,20499,475.5,1000,1000,1,1118882330,1,200,0.7
2026-10-04T08:42:41Z,20529,469.9,1000,1000,1,1120436503,1,200,0.9
2026-10-04T08:43:10Z,20559,468.7,1000,1000,1,1121969293,1,200,0.6
2026-10-04T08:43:40Z,20589,471.1,1000,1000,1,1123539184,1,200,0.8
2026-10-04T08:44:11Z,20619,459.3,1000,1000,1,1125125613,1,200,1.0
2026-10-04T08:44:40Z,20649,469.0,1000,1000,1,1126656316,1,200,0.8
2026-10-04T08:45:10Z,20679,472.5,1000,1000,1,1128163112,1,200,0.5
2026-10-04T08:45:41Z,20709,468.2,1000,1000,1,1129752027,1,200,1.0
2026-10-04T08:46:10Z,20739,454.9,1000,1000,1,1131307894,1,200,0.7
2026-10-04T08:46:40Z,20769,467.5,1000,1000,1,1132839073,1,200,1.9
2026-10-04T08:47:11Z,20799,475.9,1000,1000,1,1134465045,1,200,0.6
2026-10-04T08:47:40Z,20829,466.1,1000,1000,1,1136056907,1,200,0.8
2026-10-04T08:48:10Z,20859,469.4,1000,1000,1,1137564541,1,200,0.4
2026-10-04T08:48:41Z,20889,463.2,1000,1000,1,1139087777,1,200,0.8
2026-10-04T08:49:10Z,20919,474.4,1000,1000,1,1140535564,1,200,0.7
2026-10-04T08:49:40Z,20949,464.6,1000,1000,1,1141972363,1,200,0.8
2026-10-04T08:50:10Z,20979,459.8,1000,1000,1,1143470114,1,200,0.5
2026-10-04T08:50:40Z,21009,449.6,1000,1000,1,1144881936,1,200,0.8
2026-10-04T08:51:10Z,21039,471.4,1000,1000,1,1146318734,1,200,0.6
2026-10-04T08:51:40Z,21069,474.4,1000,1000,1,1147822481,1,200,0.9
2026-10-04T08:52:10Z,21099,468.8,1000,1000,1,1149267284,1,200,0.5
2026-10-04T08:52:41Z,21129,457.7,1000,1000,1,1150733069,1,200,0.7
2026-10-04T08:53:10Z,21159,470.2,1000,1000,1,1152173875,1,200,0.6
2026-10-04T08:53:40Z,21189,466.9,1000,1000,1,1153623670,1,200,0.9
2026-10-04T08:54:10Z,21219,472.3,1000,1000,1,1155117431,1,200,0.7
2026-10-04T08:54:40Z,21249,473.1,1000,1000,1,1156536252,1,200,0.9
2026-10-04T08:55:11Z,21279,460.6,1000,1000,1,1157972067,1,200,0.5
2026-10-04T08:55:40Z,21309,466.1,1000,1000,1,1159453849,1,200,0.8
2026-10-04T08:56:10Z,21339,464.0,1000,1000,1,1160919627,1,200,0.6
2026-10-04T08:56:40Z,21369,456.5,1000,1000,1,1162460342,1,200,1.3
2026-10-04T08:57:10Z,21399,468.1,1000,1000,1,1163888169,1,200,0.5
2026-10-04T08:57:41Z,21429,476.3,1000,1000,1,1165382919,1,200,0.9
2026-10-04T08:58:10Z,21459,468.6,1000,1000,1,1166840711,1,200,0.5
2026-10-04T08:58:40Z,21489,462.4,1000,1000,1,1168302511,1,200,1.2
2026-10-04T08:59:11Z,21519,475.0,1000,1000,1,1169823260,1,200,0.5
2026-10-04T08:59:40Z,21549,466.8,1000,1000,1,1171318014,1,200,1.1
2026-10-04T09:00:10Z,21579,475.5,1000,1000,1,1172747847,1,200,0.4
2026-10-04T09:00:41Z,21610,473.7,1000,1000,1,1174301558,1,200,1.3
2026-10-04T09:01:11Z,21640,467.5,1000,1000,1,1175843277,1,200,0.6
2026-10-04T09:01:41Z,21670,473.4,1000,1000,1,1177328577,1,200,2.3
2026-10-04T09:02:12Z,21700,468.1,1000,1000,1,1178854870,1,200,0.5
2026-10-04T09:02:41Z,21730,472.6,1000,1000,1,1180296571,1,200,0.7
2026-10-04T09:03:11Z,21760,457.6,1000,1000,1,1181764362,1,200,1.0
2026-10-04T09:03:42Z,21790,455.9,1000,1000,1,1183254136,1,200,0.7
2026-10-04T09:04:11Z,21820,471.5,1000,1000,1,1184701948,1,200,0.9
2026-10-04T09:04:41Z,21850,468.6,1000,1000,1,1187401393,1,200,0.5
2026-10-04T09:05:11Z,21880,469.8,1000,1000,1,1189086881,1,200,1.0
2026-10-04T09:05:41Z,21910,469.5,1000,1000,1,1190749959,1,200,0.6
2026-10-04T09:06:11Z,21940,474.9,1000,1000,1,1192410782,1,200,0.8
2026-10-04T09:06:41Z,21970,466.2,1000,1000,1,1194119322,1,200,0.6
2026-10-04T09:07:11Z,22000,465.4,1000,1000,1,1195754141,1,200,0.7
2026-10-04T09:07:41Z,22030,465.0,1000,1000,1,1197398571,1,200,0.5
2026-10-04T09:08:11Z,22060,473.0,1000,1000,1,1199074901,1,200,0.9
2026-10-04T09:08:41Z,22090,474.2,1000,1000,1,1200565562,1,200,0.8
2026-10-04T09:09:11Z,22120,471.7,1000,1000,1,1202077251,1,200,0.8
2026-10-04T09:09:41Z,22150,476.3,1000,1000,1,1203614510,1,200,0.5
2026-10-04T09:10:11Z,22180,471.6,1000,1000,1,1205081439,1,200,2.4
2026-10-04T09:10:42Z,22210,476.6,1000,1000,1,1206660052,1,200,0.7
2026-10-04T09:11:11Z,22240,466.8,1000,1000,1,1208238966,1,200,0.8
2026-10-04T09:11:41Z,22270,466.9,1000,1000,1,1209778395,1,200,0.5
2026-10-04T09:12:12Z,22300,474.3,1000,1000,1,1211320158,1,200,0.9
2026-10-04T09:12:41Z,22330,453.9,1000,1000,1,1212845856,1,200,0.5
2026-10-04T09:13:11Z,22360,464.3,1000,1000,1,1214386530,1,200,0.8
2026-10-04T09:13:42Z,22390,460.9,1000,1000,1,1215975176,1,200,0.5
2026-10-04T09:14:11Z,22420,476.5,1000,1000,1,1217549788,1,200,0.9
2026-10-04T09:14:41Z,22450,475.7,1000,1000,1,1219072484,1,200,0.5
2026-10-04T09:15:11Z,22480,460.1,1000,1000,1,1220719008,1,200,0.9
2026-10-04T09:15:41Z,22510,469.3,1000,1000,1,1222279603,1,200,0.5
2026-10-04T09:16:11Z,22540,464.1,1000,1000,1,1223850170,1,200,1.0
2026-10-04T09:16:41Z,22570,471.3,1000,1000,1,1225543702,1,200,0.5
2026-10-04T09:17:11Z,22600,470.0,1000,1000,1,1227122333,1,200,0.8
2026-10-04T09:17:42Z,22630,469.0,1000,1000,1,1228737945,1,200,0.6
2026-10-04T09:18:11Z,22660,472.8,1000,1000,1,1230326694,1,200,1.3
2026-10-04T09:18:41Z,22690,464.2,1000,1000,1,1231959067,1,200,0.5
2026-10-04T09:19:12Z,22720,465.1,1000,1000,1,1233537696,1,200,0.9
2026-10-04T09:19:41Z,22750,476.1,1000,1000,1,1235084408,1,200,0.6
2026-10-04T09:20:11Z,22780,463.8,1000,1000,1,1236630106,1,200,1.2
2026-10-04T09:20:41Z,22810,451.7,1000,1000,1,1238212767,1,200,0.5
2026-10-04T09:21:11Z,22840,470.9,1000,1000,1,1239749018,1,200,1.7
2026-10-04T09:21:41Z,22870,470.0,1000,1000,1,1241335096,1,200,0.4
2026-10-04T09:22:11Z,22900,472.9,1000,1000,1,1242958829,1,200,1.1
2026-10-04T09:22:41Z,22930,468.4,1000,1000,1,1244589168,1,200,0.7
2026-10-04T09:23:11Z,22960,469.3,1000,1000,1,1246186694,1,200,0.6
2026-10-04T09:23:41Z,22990,458.5,1000,1000,1,1247858330,1,200,0.9
2026-10-04T09:24:11Z,23020,459.2,1000,1000,1,1249446531,1,200,0.5
2026-10-04T09:24:42Z,23050,470.6,1000,1000,1,1251121457,1,200,2.3
2026-10-04T09:25:11Z,23080,459.9,1000,1000,1,1252741657,1,200,0.6
2026-10-04T09:25:41Z,23110,466.5,1000,1000,1,1254350175,1,200,0.8
2026-10-04T09:26:11Z,23140,465.0,1000,1000,1,1255995664,1,200,0.5
2026-10-04T09:26:41Z,23170,469.9,1000,1000,1,1257645148,1,200,0.8
2026-10-04T09:27:11Z,23200,468.1,1000,1000,1,1259256674,1,200,1.0
2026-10-04T09:27:42Z,23230,476.0,1000,1000,1,1260942755,1,200,2.5
2026-10-04T09:28:11Z,23260,466.5,1000,1000,1,1262508692,1,200,0.5
2026-10-04T09:28:41Z,23290,475.8,1000,1000,1,1264092236,1,200,1.5
2026-10-04T09:29:12Z,23320,476.4,1000,1000,1,1265771690,1,200,0.4
2026-10-04T09:29:41Z,23350,475.4,1000,1000,1,1267403127,1,200,0.7
2026-10-04T09:30:11Z,23380,459.8,1000,1000,1,1269002596,1,200,0.4
2026-10-04T09:30:42Z,23410,465.2,1000,1000,1,1270651237,1,200,0.9
2026-10-04T09:31:11Z,23440,462.5,1000,1000,1,1272282732,1,200,62.4
2026-10-04T09:31:41Z,23470,467.8,1000,1000,1,1273895238,1,200,6.1
2026-10-04T09:32:12Z,23500,468.3,1000,1000,1,1275596752,1,200,0.6
2026-10-04T09:32:41Z,23530,469.9,1000,1000,1,1277204318,1,200,0.8
2026-10-04T09:33:11Z,23560,453.8,1000,1000,1,1278869571,1,200,0.5
2026-10-04T09:33:42Z,23590,472.1,1000,1000,1,1280520149,1,200,0.7
2026-10-04T09:34:11Z,23620,477.9,1000,1000,1,1282125854,1,200,0.5
2026-10-04T09:34:41Z,23650,474.2,1000,1000,1,1284875052,1,200,0.8
2026-10-04T09:35:11Z,23680,449.5,1000,1000,1,1286600028,1,200,1.1
2026-10-04T09:35:41Z,23710,459.4,1000,1000,1,1288343371,1,200,1.7
2026-10-04T09:36:11Z,23740,478.6,1000,1000,1,1290040666,1,200,0.7
2026-10-04T09:36:41Z,23770,465.7,1000,1000,1,1291578098,1,200,0.9
2026-10-04T09:37:11Z,23800,476.9,1000,1000,1,1293161740,1,200,0.7
2026-10-04T09:37:41Z,23830,460.7,1000,1000,1,1294694451,1,200,0.9
2026-10-04T09:38:12Z,23860,468.7,1000,1000,1,1296320087,1,200,0.7
2026-10-04T09:38:41Z,23890,469.5,1000,1000,1,1297868533,1,200,1.0
2026-10-04T09:39:11Z,23920,485.8,1000,1000,1,1299428423,1,200,0.5
2026-10-04T09:39:41Z,23950,461.8,1000,1000,1,1301051789,1,200,0.7
2026-10-04T09:40:11Z,23980,464.7,1000,1000,1,1302603692,1,200,0.5
2026-10-04T09:40:41Z,24010,468.9,1000,1000,1,1304114410,1,200,0.9
2026-10-04T09:41:11Z,24040,467.2,1000,1000,1,1305675092,1,200,0.5
2026-10-04T09:41:41Z,24070,478.2,1000,1000,1,1307221779,1,200,0.8
2026-10-04T09:42:12Z,24100,476.1,1000,1000,1,1308777976,1,200,0.5
2026-10-04T09:42:41Z,24130,453.7,1000,1000,1,1310267210,1,200,1.1
2026-10-04T09:43:11Z,24160,472.5,1000,1000,1,1311873408,1,200,0.6
2026-10-04T09:43:42Z,24190,471.7,1000,1000,1,1313436863,1,200,0.9
2026-10-04T09:44:11Z,24220,467.1,1000,1000,1,1314949904,1,200,0.4
2026-10-04T09:44:41Z,24250,474.0,1000,1000,1,1316481907,1,200,0.6
2026-10-04T09:45:11Z,24280,473.2,1000,1000,1,1318031226,1,200,0.9
2026-10-04T09:45:41Z,24310,464.0,1000,1000,1,1319546035,1,200,0.6
2026-10-04T09:46:11Z,24340,477.9,1000,1000,1,1321114985,1,200,0.8
2026-10-04T09:46:41Z,24370,469.5,1000,1000,1,1322724866,1,200,0.6
2026-10-04T09:47:11Z,24400,463.4,1000,1000,1,1324279290,1,200,0.9
2026-10-04T09:47:41Z,24430,474.9,1000,1000,1,1325855018,1,200,0.7
2026-10-04T09:48:11Z,24460,464.9,1000,1000,1,1327441821,1,200,0.9
2026-10-04T09:48:41Z,24490,466.6,1000,1000,1,1328972298,1,200,0.6
2026-10-04T09:49:12Z,24520,464.4,1000,1000,1,1330593892,1,200,0.7
2026-10-04T09:49:41Z,24550,471.7,1000,1000,1,1332236673,1,200,0.6
2026-10-04T09:50:11Z,24580,460.3,1000,1000,1,1333843197,1,200,0.8
2026-10-04T09:50:41Z,24610,449.6,1000,1000,1,1335568154,1,200,0.5
2026-10-04T09:51:11Z,24640,471.0,1000,1000,1,1337182055,1,200,2.1
2026-10-04T09:51:41Z,24670,463.1,1000,1000,1,1338772664,1,200,0.6
2026-10-04T09:52:12Z,24700,466.9,1000,1000,1,1340463192,1,200,0.8
2026-10-04T09:52:41Z,24730,469.1,1000,1000,1,1342094537,1,200,0.7
2026-10-04T09:53:11Z,24760,478.2,1000,1000,1,1343727854,1,200,0.9
2026-10-04T09:53:42Z,24790,464.9,1000,1000,1,1345459721,1,200,1.4
2026-10-04T09:54:11Z,24820,468.8,1000,1000,1,1347149159,1,200,1.1
2026-10-04T09:54:41Z,24850,479.6,1000,1000,1,1348764736,1,200,0.9
2026-10-04T09:55:11Z,24880,467.8,1000,1000,1,1350457225,1,200,0.7
2026-10-04T09:55:41Z,24910,471.5,1000,1000,1,1351978943,1,200,0.6
2026-10-04T09:56:11Z,24940,474.5,1000,1000,1,1353500778,1,200,1.2
2026-10-04T09:56:41Z,24970,463.7,1000,1000,1,1355032919,1,200,0.5
2026-10-04T09:57:11Z,25000,469.6,1000,1000,1,1356777330,1,200,0.8
2026-10-04T09:57:42Z,25030,463.4,1000,1000,1,1358492130,1,200,0.6
2026-10-04T09:58:11Z,25060,463.1,1000,1000,1,1360087849,1,200,0.9
2026-10-04T09:58:41Z,25090,470.1,1000,1000,1,1361812301,1,200,0.6
2026-10-04T09:59:12Z,25120,463.9,1000,1000,1,1363457897,1,200,0.8
2026-10-04T09:59:41Z,25150,473.0,1000,1000,1,1364974579,1,200,0.7
2026-10-04T10:00:11Z,25180,460.1,1000,1000,1,1366654032,1,200,1.1
2026-10-04T10:00:42Z,25210,462.2,1000,1000,1,1368448356,1,200,0.7
2026-10-04T10:01:11Z,25240,470.9,1000,1000,1,1370187730,1,200,0.8
2026-10-04T10:01:41Z,25270,458.3,1000,1000,1,1371807288,1,200,0.6
2026-10-04T10:02:11Z,25300,468.3,1000,1000,1,1373465820,1,200,0.8
2026-10-04T10:02:41Z,25330,468.8,1000,1000,1,1375096567,1,200,0.8
2026-10-04T10:03:12Z,25360,475.6,1000,1000,1,1376791068,1,200,0.8
2026-10-04T10:03:41Z,25390,457.0,1000,1000,1,1378390408,1,200,0.6
2026-10-04T10:04:11Z,25420,477.6,1000,1000,1,1380021646,1,200,0.7
2026-10-04T10:04:41Z,25450,466.7,1000,1000,1,1382701095,1,200,0.6
2026-10-04T10:05:11Z,25480,475.1,1000,1000,1,1384303226,1,200,1.1
2026-10-04T10:05:41Z,25510,470.1,1000,1000,1,1385888841,1,200,0.7
2026-10-04T10:06:11Z,25540,465.5,1000,1000,1,1387483968,1,200,0.6
2026-10-04T10:06:41Z,25570,463.3,1000,1000,1,1389192982,1,200,0.9
2026-10-04T10:07:11Z,25600,466.7,1000,1000,1,1390809601,1,200,1.2
2026-10-04T10:07:42Z,25630,472.2,1000,1000,1,1392431562,1,200,0.9
2026-10-04T10:08:11Z,25660,467.4,1000,1000,1,1394013876,1,200,0.5
2026-10-04T10:08:41Z,25690,475.4,1000,1000,1,1395552590,1,200,1.0
2026-10-04T10:09:12Z,25720,459.3,1000,1000,1,1397233123,1,200,0.6
2026-10-04T10:09:41Z,25750,468.2,1000,1000,1,1398844778,1,200,1.0
2026-10-04T10:10:11Z,25780,474.1,1000,1000,1,1400439440,1,200,0.5
2026-10-04T10:10:41Z,25810,477.6,1000,1000,1,1402052697,1,200,0.7
2026-10-04T10:11:11Z,25840,470.2,1000,1000,1,1403681692,1,200,0.5
2026-10-04T10:11:41Z,25870,478.5,1000,1000,1,1405241366,1,200,0.9
2026-10-04T10:12:12Z,25900,465.2,1000,1000,1,1406856462,1,200,3.3
2026-10-04T10:12:41Z,25930,456.8,1000,1000,1,1408484571,1,200,0.8
2026-10-04T10:13:11Z,25960,469.0,1000,1000,1,1410117145,1,200,0.5
2026-10-04T10:13:42Z,25990,470.8,1000,1000,1,1411724790,1,200,1.0
2026-10-04T10:14:11Z,26020,475.6,1000,1000,1,1413238545,1,200,0.5
2026-10-04T10:14:41Z,26050,467.0,1000,1000,1,1414887124,1,200,0.9
2026-10-04T10:15:12Z,26080,465.4,1000,1000,1,1416489802,1,200,0.6
2026-10-04T10:15:41Z,26110,483.9,1000,1000,1,1418029518,1,200,0.8
2026-10-04T10:16:11Z,26140,456.8,1000,1000,1,1419615164,1,200,0.5
2026-10-04T10:16:42Z,26171,475.8,1000,1000,1,1421333486,1,200,1.0
2026-10-04T10:17:12Z,26201,462.7,1000,1000,1,1422930301,1,200,0.5
2026-10-04T10:17:42Z,26231,480.2,1000,1000,1,1424432068,1,200,0.8
2026-10-04T10:18:13Z,26261,464.8,1000,1000,1,1426059716,1,200,0.5
2026-10-04T10:18:42Z,26291,471.3,1000,1000,1,1427600428,1,200,0.8
2026-10-04T10:19:12Z,26321,475.7,1000,1000,1,1429153115,1,200,0.5
2026-10-04T10:19:42Z,26351,476.4,1000,1000,1,1430798706,1,200,0.8
2026-10-04T10:20:12Z,26381,477.4,1000,1000,1,1432386333,1,200,0.6
2026-10-04T10:20:42Z,26411,475.5,1000,1000,1,1433999946,1,200,0.9
2026-10-04T10:21:12Z,26441,462.6,1000,1000,1,1435681474,1,200,0.6
2026-10-04T10:21:42Z,26471,467.8,1000,1000,1,1437265791,1,200,1.3
2026-10-04T10:22:13Z,26501,465.5,1000,1000,1,1438918697,1,200,0.7
2026-10-04T10:22:42Z,26531,456.6,1000,1000,1,1440524329,1,200,0.7
2026-10-04T10:23:12Z,26561,466.6,1000,1000,1,1442153934,1,200,0.4
2026-10-04T10:23:43Z,26591,468.4,1000,1000,1,1443729641,1,200,0.9
2026-10-04T10:24:12Z,26621,469.9,1000,1000,1,1445274346,1,200,0.5
2026-10-04T10:24:42Z,26651,477.7,1000,1000,1,1446796104,1,200,0.8
2026-10-04T10:25:13Z,26681,474.2,1000,1000,1,1448515237,1,200,0.5
2026-10-04T10:25:42Z,26711,474.4,1000,1000,1,1450078286,1,200,0.9
2026-10-04T10:26:12Z,26741,467.9,1000,1000,1,1451599030,1,200,0.5
2026-10-04T10:26:43Z,26771,466.3,1000,1000,1,1453198703,1,200,0.9
2026-10-04T10:27:12Z,26801,467.8,1000,1000,1,1454737379,1,200,0.8
2026-10-04T10:27:42Z,26831,476.2,1000,1000,1,1456353995,1,200,1.2
2026-10-04T10:28:13Z,26861,475.4,1000,1000,1,1457955621,1,200,0.5
2026-10-04T10:28:42Z,26891,459.8,1000,1000,1,1459480350,1,200,0.5
2026-10-04T10:29:12Z,26921,465.2,1000,1000,1,1460991097,1,200,0.9
2026-10-04T10:29:43Z,26951,471.9,1000,1000,1,1462547826,1,200,0.6
2026-10-04T10:30:12Z,26981,469.1,1000,1000,1,1464099537,1,200,0.8
2026-10-04T10:30:42Z,27011,461.8,1000,1000,1,1465769043,1,200,0.5
2026-10-04T10:31:13Z,27041,457.9,1000,1000,1,1467385672,1,200,0.8
2026-10-04T10:31:42Z,27071,476.1,1000,1000,1,1468947374,1,200,0.4
2026-10-04T10:32:12Z,27101,476.8,1000,1000,1,1470541024,1,200,0.8
2026-10-04T10:32:42Z,27131,467.0,1000,1000,1,1472194612,1,200,0.7
2026-10-04T10:33:12Z,27161,474.5,1000,1000,1,1473717381,1,200,0.9
2026-10-04T10:33:42Z,27191,464.9,1000,1000,1,1475277193,1,200,0.5
2026-10-04T10:34:12Z,27221,467.1,1000,1000,1,1476936725,1,200,0.8
2026-10-04T10:34:42Z,27251,475.6,1000,1000,1,1479570308,1,200,1.0
2026-10-04T10:35:12Z,27281,472.0,1000,1000,1,1481289283,1,200,0.9
2026-10-04T10:35:42Z,27311,472.7,1000,1000,1,1482999763,1,200,0.6
2026-10-04T10:36:12Z,27341,470.0,1000,1000,1,1484541866,1,200,1.0
2026-10-04T10:36:42Z,27371,468.4,1000,1000,1,1486081446,1,200,0.9
2026-10-04T10:37:12Z,27401,470.5,1000,1000,1,1487790086,1,200,0.8
2026-10-04T10:37:42Z,27431,475.5,1000,1000,1,1489460622,1,200,0.5
2026-10-04T10:38:13Z,27461,475.5,1000,1000,1,1491146876,1,200,0.8
2026-10-04T10:38:42Z,27491,474.1,1000,1000,1,1492808666,1,200,2.6
2026-10-04T10:39:12Z,27521,473.6,1000,1000,1,1494399508,1,200,0.9
2026-10-04T10:39:43Z,27551,468.6,1000,1000,1,1496077534,1,200,0.5
2026-10-04T10:40:12Z,27581,478.1,1000,1000,1,1497755286,1,200,1.4
2026-10-04T10:40:42Z,27611,471.4,1000,1000,1,1499401898,1,200,0.6
2026-10-04T10:41:13Z,27641,464.7,1000,1000,1,1500934351,1,200,0.8
2026-10-04T10:41:42Z,27671,471.1,1000,1000,1,1502631823,1,200,0.5
2026-10-04T10:42:12Z,27701,479.5,1000,1000,1,1504429357,1,200,1.4
2026-10-04T10:42:42Z,27731,481.5,1000,1000,1,1506170815,1,200,0.6
2026-10-04T10:43:12Z,27761,472.5,1000,1000,1,1507740476,1,200,1.0
2026-10-04T10:43:42Z,27791,469.3,1000,1000,1,1509358620,1,200,0.8
2026-10-04T10:44:12Z,27821,472.7,1000,1000,1,1511110985,1,200,0.8
2026-10-04T10:44:42Z,27851,479.6,1000,1000,1,1512753259,1,200,0.6
2026-10-04T10:45:13Z,27881,477.3,1000,1000,1,1514402640,1,200,0.9
2026-10-04T10:45:42Z,27911,470.5,1000,1000,1,1516040223,1,200,0.6
2026-10-04T10:46:12Z,27941,478.9,1000,1000,1,1517624649,1,200,0.9
2026-10-04T10:46:43Z,27971,461.9,1000,1000,1,1519346346,1,200,0.5
2026-10-04T10:47:12Z,28001,478.5,1000,1000,1,1521076735,1,200,0.8
2026-10-04T10:47:42Z,28031,465.3,1000,1000,1,1522873497,1,200,1.4
2026-10-04T10:48:13Z,28061,477.4,1000,1000,1,1524573586,1,200,0.8
2026-10-04T10:48:42Z,28091,469.3,1000,1000,1,1526100537,1,200,0.6
2026-10-04T10:49:12Z,28121,482.6,1000,1000,1,1527630958,1,200,0.6
2026-10-04T10:49:43Z,28151,466.3,1000,1000,1,1529299390,1,200,1.9
2026-10-04T10:50:12Z,28181,479.3,1000,1000,1,1530940991,1,200,0.4
2026-10-04T10:50:42Z,28211,478.4,1000,1000,1,1532536884,1,200,0.7
2026-10-04T10:51:12Z,28241,480.3,1000,1000,1,1534138900,1,200,0.4
2026-10-04T10:51:42Z,28271,474.9,1000,1000,1,1535589332,1,200,2.1
2026-10-04T10:52:13Z,28301,466.8,1000,1000,1,1537179979,1,200,0.6
2026-10-04T10:52:42Z,28331,469.2,1000,1000,1,1538818501,1,200,0.9
2026-10-04T10:53:12Z,28361,463.2,1000,1000,1,1540405347,1,200,0.5
2026-10-04T10:53:43Z,28391,467.0,1000,1000,1,1542056063,1,200,0.9
2026-10-04T10:54:12Z,28421,471.2,1000,1000,1,1543716174,1,200,1.4
2026-10-04T10:54:42Z,28451,470.0,1000,1000,1,1545320787,1,200,0.8
2026-10-04T10:55:13Z,28481,472.7,1000,1000,1,1546975236,1,200,0.6
2026-10-04T10:55:42Z,28511,469.3,1000,1000,1,1548588587,1,200,0.9
2026-10-04T10:56:12Z,28541,478.3,1000,1000,1,1550226515,1,200,0.6
2026-10-04T10:56:42Z,28571,464.4,1000,1000,1,1551908296,1,200,0.8
2026-10-04T10:57:12Z,28601,473.3,1000,1000,1,1553639426,1,200,0.5
2026-10-04T10:57:42Z,28631,470.5,1000,1000,1,1555313252,1,200,0.9
2026-10-04T10:58:12Z,28661,461.7,1000,1000,1,1556956431,1,200,0.8
2026-10-04T10:58:42Z,28691,472.4,1000,1000,1,1558577053,1,200,1.9
2026-10-04T10:59:13Z,28721,472.6,1000,1000,1,1560271073,1,200,1.2
2026-10-04T10:59:42Z,28751,469.3,1000,1000,1,1562031232,1,200,1.0
2026-10-04T11:00:12Z,28781,472.8,1000,1000,1,1563782573,1,200,0.6
2026-10-04T11:00:43Z,28811,461.1,1000,1000,1,1565480846,1,200,0.9
2026-10-04T11:01:12Z,28841,470.4,1000,1000,1,1567103514,1,200,0.7
2026-10-04T11:01:42Z,28871,470.5,1000,1000,1,1568776927,1,200,0.8
2026-10-04T11:02:13Z,28901,482.1,1000,1000,1,1570488599,1,200,0.5
2026-10-04T11:02:42Z,28931,464.4,1000,1000,1,1572104633,1,200,0.9
2026-10-04T11:03:12Z,28961,472.8,1000,1000,1,1573704134,1,200,0.4
2026-10-04T11:03:43Z,28991,477.0,1000,1000,1,1575345461,1,200,0.8
2026-10-04T11:04:12Z,29021,476.1,1000,1000,1,1577021042,1,200,0.5
2026-10-04T11:04:42Z,29051,469.6,999,999,2,1578662336,2,200,1.2
2026-10-04T11:05:12Z,29081,474.9,999,999,2,1580302599,2,200,0.6
2026-10-04T11:05:42Z,29111,461.8,999,999,2,1582025345,2,200,0.8
2026-10-04T11:06:12Z,29141,469.4,999,999,2,1583721848,2,200,0.5
2026-10-04T11:06:42Z,29171,486.9,1000,1000,2,1586553763,2,200,0.7
2026-10-04T11:07:12Z,29201,472.1,1000,1000,2,1588226230,2,200,0.5
2026-10-04T11:07:43Z,29231,468.9,1000,1000,2,1589867767,2,200,1.2
2026-10-04T11:08:12Z,29261,461.3,1000,1000,2,1591460331,2,200,0.5
2026-10-04T11:08:42Z,29291,468.6,1000,1000,2,1593033946,2,200,0.9
2026-10-04T11:09:12Z,29321,459.1,1000,1000,2,1594699445,2,200,0.5
2026-10-04T11:09:42Z,29351,478.9,1000,1000,2,1596286044,2,200,1.0
2026-10-04T11:10:13Z,29381,467.3,1000,1000,2,1597885584,2,200,0.6
2026-10-04T11:10:42Z,29411,467.0,1000,1000,2,1599434232,2,200,0.5
2026-10-04T11:11:12Z,29441,469.9,1000,1000,2,1600973907,2,200,0.6
2026-10-04T11:11:43Z,29471,470.5,1000,1000,2,1602732314,2,200,0.6
2026-10-04T11:12:12Z,29501,470.8,1000,1000,2,1604472732,2,200,0.9
2026-10-04T11:12:42Z,29531,469.6,1000,1000,2,1606249673,2,200,1.6
2026-10-04T11:13:13Z,29561,466.0,1000,1000,2,1607974502,2,200,1.0
2026-10-04T11:13:42Z,29591,467.6,1000,1000,2,1609566111,2,200,0.5
2026-10-04T11:14:12Z,29621,478.2,1000,1000,2,1611139006,2,200,0.8
2026-10-04T11:14:42Z,29651,472.6,1000,1000,2,1612793065,2,200,1.0
2026-10-04T11:15:12Z,29681,459.2,1000,1000,2,1614464317,2,200,0.9
2026-10-04T11:15:42Z,29711,468.2,1000,1000,2,1616139396,2,200,0.5
2026-10-04T11:16:12Z,29741,462.6,1000,1000,2,1617729062,2,200,0.8
2026-10-04T11:16:42Z,29771,457.2,1000,1000,2,1619435327,2,200,0.5
2026-10-04T11:17:12Z,29801,476.8,1000,1000,2,1621023030,2,200,0.8
2026-10-04T11:17:43Z,29831,458.3,1000,1000,2,1622740557,2,200,0.5
2026-10-04T11:18:12Z,29861,473.5,1000,1000,2,1624345472,2,200,0.8
2026-10-04T11:18:42Z,29891,474.3,1000,1000,2,1626033619,2,200,0.8
2026-10-04T11:19:12Z,29921,468.3,1000,1000,2,1627733992,2,200,0.7
2026-10-04T11:19:42Z,29951,472.5,1000,1000,2,1629393728,2,200,0.6
2026-10-04T11:20:12Z,29981,476.1,1000,1000,2,1631058952,2,200,0.9
2026-10-04T11:20:42Z,30011,470.3,1000,1000,2,1632748221,2,200,0.6
2026-10-04T11:21:12Z,30041,475.1,1000,1000,2,1634369657,2,200,1.6
2026-10-04T11:21:43Z,30071,470.6,1000,1000,2,1636098766,2,200,0.5
2026-10-04T11:22:12Z,30101,457.8,1000,1000,2,1637687735,2,200,0.8
2026-10-04T11:22:42Z,30131,476.0,1000,1000,2,1639314802,2,200,0.4
2026-10-04T11:23:13Z,30161,477.0,1000,1000,2,1641014904,2,200,1.0
2026-10-04T11:23:42Z,30191,474.2,1000,1000,2,1642638777,2,200,0.5
2026-10-04T11:24:12Z,30221,458.9,1000,1000,2,1644329494,2,200,1.3
2026-10-04T11:24:43Z,30251,459.7,1000,1000,2,1646057936,2,200,0.5
2026-10-04T11:25:12Z,30281,466.0,1000,1000,2,1647635564,2,200,1.8
2026-10-04T11:25:42Z,30311,472.6,1000,1000,2,1649266137,2,200,1.2
2026-10-04T11:26:13Z,30341,462.7,1000,1000,2,1650908118,2,200,1.0
2026-10-04T11:26:42Z,30371,468.4,1000,1000,2,1652499652,2,200,0.7
2026-10-04T11:27:12Z,30401,461.0,1000,1000,2,1654181834,2,200,1.4
2026-10-04T11:27:42Z,30431,476.9,1000,1000,2,1655899406,2,200,0.5
2026-10-04T11:28:12Z,30461,470.1,1000,1000,2,1657534862,2,200,0.8
2026-10-04T11:28:43Z,30492,468.2,1000,1000,2,1659218023,2,200,0.5
2026-10-04T11:29:13Z,30522,467.5,1000,1000,2,1660913885,2,200,0.8
2026-10-04T11:29:43Z,30552,473.3,1000,1000,2,1662432596,2,200,0.6
2026-10-04T11:30:14Z,30582,477.5,1000,1000,2,1663897361,2,200,1.0
2026-10-04T11:30:43Z,30612,467.0,1000,1000,2,1665315840,2,200,0.5
2026-10-04T11:31:13Z,30642,459.7,1000,1000,2,1666718003,2,200,1.0
2026-10-04T11:31:44Z,30672,474.6,1000,1000,2,1668257699,2,200,0.7
2026-10-04T11:32:13Z,30702,472.5,1000,1000,2,1669661013,2,200,1.1
2026-10-04T11:32:43Z,30732,483.9,1000,1000,2,1671077346,2,200,0.6
2026-10-04T11:33:13Z,30762,464.3,1000,1000,2,1672554098,2,200,0.6
2026-10-04T11:33:43Z,30792,469.8,1000,1000,2,1673960000,2,200,0.8
2026-10-04T11:34:13Z,30822,480.8,1000,1000,2,1675396725,2,200,5.3
2026-10-04T11:34:43Z,30852,472.2,1000,1000,2,1676852512,2,200,1.0
2026-10-04T11:35:13Z,30882,472.2,1000,1000,2,1678329223,2,200,0.5
2026-10-04T11:35:44Z,30912,470.2,1000,1000,2,1679748020,2,200,1.1
2026-10-04T11:36:13Z,30942,462.6,1000,1000,2,1681169082,2,200,0.5
2026-10-04T11:36:43Z,30972,538.5,1000,1000,2,1682653570,2,200,6.1
2026-10-04T11:37:14Z,31002,456.6,1000,1000,2,1685280766,2,200,0.8
2026-10-04T11:37:43Z,31032,480.1,1000,1000,2,1686694975,2,200,0.8
2026-10-04T11:38:13Z,31062,461.7,1000,1000,2,1688115789,2,200,0.6
2026-10-04T11:38:43Z,31092,467.9,1000,1000,2,1689732448,2,200,0.8
2026-10-04T11:39:13Z,31122,472.5,1000,1000,2,1691376952,2,200,0.4
2026-10-04T11:39:44Z,31152,467.4,1000,1000,2,1693087461,2,200,0.9
2026-10-04T11:40:13Z,31182,464.8,1000,1000,2,1694642125,2,200,1.3
2026-10-04T11:40:43Z,31212,475.7,1000,1000,2,1696245718,2,200,0.9
2026-10-04T11:41:14Z,31242,482.8,1000,1000,2,1697814743,2,200,0.5
2026-10-04T11:41:43Z,31272,463.6,1000,1000,2,1699342360,2,200,0.9
2026-10-04T11:42:13Z,31302,465.0,1000,1000,2,1700920658,2,200,0.5
2026-10-04T11:42:44Z,31332,474.6,1000,1000,2,1702669148,2,200,0.8
2026-10-04T11:43:13Z,31362,470.9,1000,1000,2,1704296265,2,200,0.5
2026-10-04T11:43:43Z,31392,473.3,1000,1000,2,1705879431,2,200,1.2
2026-10-04T11:44:14Z,31422,459.5,1000,1000,2,1707521017,2,200,1.2
2026-10-04T11:44:43Z,31452,476.6,1000,1000,2,1709066762,2,200,0.8
2026-10-04T11:45:13Z,31482,465.0,1000,1000,2,1710542072,2,200,0.6
2026-10-04T11:45:43Z,31512,459.2,1000,1000,2,1712072333,2,200,0.9
2026-10-04T11:46:13Z,31542,472.1,1000,1000,2,1713544158,2,200,0.5
2026-10-04T11:46:43Z,31572,470.1,1000,1000,2,1715081085,2,200,0.9
2026-10-04T11:47:13Z,31602,474.0,1000,1000,2,1716622754,2,200,2.1
2026-10-04T11:47:43Z,31632,469.2,1000,1000,2,1718113466,2,200,0.8
2026-10-04T11:48:14Z,31662,473.0,1000,1000,2,1719641251,2,200,0.5
2026-10-04T11:48:43Z,31692,464.9,1000,1000,2,1721100086,2,200,0.8
2026-10-04T11:49:13Z,31722,465.3,1000,1000,2,1722561933,2,200,0.5
2026-10-04T11:49:44Z,31752,469.7,1000,1000,2,1724088361,2,200,0.7
2026-10-04T11:50:13Z,31782,475.1,1000,1000,2,1725548603,2,200,0.5
2026-10-04T11:50:43Z,31812,482.3,1000,1000,2,1727065544,2,200,0.8
2026-10-04T11:51:13Z,31842,464.6,1000,1000,2,1728609138,2,200,0.6
2026-10-04T11:51:43Z,31872,464.1,1000,1000,2,1730145868,2,200,1.1
2026-10-04T11:52:14Z,31902,471.2,1000,1000,2,1731698642,2,200,0.6
2026-10-04T11:52:43Z,31932,467.6,1000,1000,2,1733177866,2,200,1.2
2026-10-04T11:53:13Z,31962,466.6,1000,1000,2,1734665715,2,200,0.5
2026-10-04T11:53:44Z,31992,474.9,1000,1000,2,1736254959,2,200,1.3
2026-10-04T11:54:13Z,32022,484.7,1000,1000,2,1737800701,2,200,0.6
2026-10-04T11:54:43Z,32052,473.1,1000,1000,2,1739291541,2,200,0.5
2026-10-04T11:55:13Z,32082,478.3,1000,1000,2,1740822298,2,200,0.8
2026-10-04T11:55:43Z,32112,475.1,1000,1000,2,1742267162,2,200,0.5
2026-10-04T11:56:14Z,32142,466.4,1000,1000,2,1743741030,2,200,1.0
2026-10-04T11:56:43Z,32172,457.0,1000,1000,2,1745180187,2,200,2.6
2026-10-04T11:57:13Z,32202,478.1,1000,1000,2,1746693675,2,200,0.9
2026-10-04T11:57:43Z,32232,468.3,1000,1000,2,1748209489,2,200,0.5
2026-10-04T11:58:13Z,32262,473.2,1000,1000,2,1749700298,2,200,0.7
2026-10-04T11:58:43Z,32292,467.4,1000,1000,2,1751097242,2,200,0.5
2026-10-04T11:59:13Z,32322,468.4,1000,1000,2,1752622049,2,200,0.8
2026-10-04T11:59:43Z,32352,473.3,1000,1000,2,1754158012,2,200,2.4
2026-10-04T12:00:13Z,32382,470.5,1000,1000,2,1755764047,2,200,2.1
2026-10-04T12:00:43Z,32412,466.2,1000,1000,2,1757434017,2,200,0.5
2026-10-04T12:01:13Z,32442,475.0,1000,1000,2,1759068446,2,200,1.0
2026-10-04T12:01:44Z,32472,456.6,1000,1000,2,1760738182,2,200,0.5
2026-10-04T12:02:13Z,32502,466.4,1000,1000,2,1762269908,2,200,1.0
2026-10-04T12:02:43Z,32532,470.7,1000,1000,2,1763723425,2,200,0.5
2026-10-04T12:03:14Z,32562,464.8,1000,1000,2,1765228695,2,200,1.1
2026-10-04T12:03:43Z,32592,458.6,1000,1000,2,1766768522,2,200,0.5
2026-10-04T12:04:13Z,32622,465.9,1000,1000,2,1768211184,2,200,0.8
2026-10-04T12:04:43Z,32652,472.4,1000,1000,2,1769802877,2,200,0.6
2026-10-04T12:05:13Z,32682,463.3,1000,1000,2,1771320684,2,200,0.9
2026-10-04T12:05:44Z,32713,467.8,1000,1000,2,1772848444,2,200,0.6
2026-10-04T12:06:14Z,32743,463.2,1000,1000,2,1774383942,2,200,0.8
2026-10-04T12:06:44Z,32773,465.8,1000,1000,2,1775911663,2,200,0.6
2026-10-04T12:07:14Z,32803,475.4,1000,1000,2,1778634806,2,200,1.0
2026-10-04T12:07:44Z,32833,473.8,1000,1000,2,1780330823,2,200,0.5
2026-10-04T12:08:14Z,32863,466.3,1000,1000,2,1781907387,2,200,0.8
2026-10-04T12:08:45Z,32893,464.7,1000,1000,2,1783489948,2,200,0.5
2026-10-04T12:09:14Z,32923,471.2,1000,1000,2,1784965321,2,200,0.9
2026-10-04T12:09:44Z,32953,475.1,1000,1000,2,1786476265,2,200,0.5
2026-10-04T12:10:15Z,32983,467.5,1000,1000,2,1788041456,2,200,0.9
2026-10-04T12:10:44Z,33013,473.5,1000,1000,2,1789547488,2,200,0.4
2026-10-04T12:11:14Z,33043,471.4,1000,1000,2,1791094880,2,200,0.8
2026-10-04T12:11:44Z,33073,465.4,1000,1000,2,1792665662,2,200,2.5
2026-10-04T12:12:14Z,33103,476.0,1000,1000,2,1794123338,2,200,0.8
2026-10-04T12:12:44Z,33133,467.6,1000,1000,2,1795634645,2,200,0.5
2026-10-04T12:13:14Z,33163,475.6,1000,1000,2,1797232619,2,200,0.9
2026-10-04T12:13:44Z,33193,474.8,1000,1000,2,1798722293,2,200,0.5
2026-10-04T12:14:15Z,33223,472.8,1000,1000,2,1800236886,2,200,0.9
2026-10-04T12:14:44Z,33253,471.6,1000,1000,2,1801704539,2,200,2.4
2026-10-04T12:15:14Z,33283,449.7,1000,1000,2,1803341041,2,200,1.2
2026-10-04T12:15:44Z,33313,479.2,1000,1000,2,1804858785,2,200,0.4
2026-10-04T12:16:14Z,33343,463.8,1000,1000,2,1806355509,2,200,0.4
2026-10-04T12:16:44Z,33373,478.4,1000,1000,2,1807836211,2,200,0.8
2026-10-04T12:17:14Z,33403,474.1,1000,1000,2,1809317983,2,200,0.5
2026-10-04T12:17:44Z,33433,475.1,1000,1000,2,1810827592,2,200,1.0
2026-10-04T12:18:15Z,33463,471.8,1000,1000,2,1812409162,2,200,0.7
2026-10-04T12:18:44Z,33493,462.0,1000,1000,2,1813911844,2,200,1.1
2026-10-04T12:19:14Z,33523,478.3,1000,1000,2,1815344602,2,200,0.5
2026-10-04T12:19:44Z,33553,472.2,1000,1000,2,1816839357,2,200,0.8
2026-10-04T12:20:14Z,33583,470.6,1000,1000,2,1818307334,2,200,0.5
2026-10-04T12:20:45Z,33613,464.8,1000,1000,2,1819973618,2,200,1.2
2026-10-04T12:21:14Z,33643,464.4,1000,1000,2,1821724981,2,200,0.5
2026-10-04T12:21:44Z,33673,471.6,1000,1000,2,1823492313,2,200,0.8
2026-10-04T12:22:14Z,33703,476.2,1000,1000,2,1825309702,2,200,0.5
2026-10-04T12:22:44Z,33733,474.8,1000,1000,2,1826895227,2,200,1.3
2026-10-04T12:23:14Z,33763,482.2,1000,1000,2,1828507003,2,200,0.7
2026-10-04T12:23:44Z,33793,471.6,1000,1000,2,1830127405,2,200,1.2
2026-10-04T12:24:14Z,33823,475.1,1000,1000,2,1831688069,2,200,0.6
2026-10-04T12:24:45Z,33853,477.3,1000,1000,2,1833349617,2,200,1.9
2026-10-04T12:25:14Z,33883,472.7,1000,1000,2,1834941976,2,200,0.5
2026-10-04T12:25:44Z,33913,473.7,1000,1000,2,1836598331,2,200,0.9
2026-10-04T12:26:15Z,33944,472.7,1000,1000,2,1838304872,2,200,0.5
2026-10-04T12:26:45Z,33974,464.0,1000,1000,2,1839991778,2,200,0.9
2026-10-04T12:27:15Z,34004,472.4,1000,1000,2,1841639686,2,200,0.6
2026-10-04T12:27:46Z,34034,463.5,1000,1000,2,1843289453,2,200,1.8
2026-10-04T12:28:15Z,34064,465.5,1000,1000,2,1844883435,2,200,0.6
2026-10-04T12:28:45Z,34094,461.8,1000,1000,2,1846547006,2,200,1.0
2026-10-04T12:29:16Z,34124,465.4,1000,1000,2,1848253742,2,200,0.5
2026-10-04T12:29:45Z,34154,458.1,1000,1000,2,1849877084,2,200,0.9
2026-10-04T12:30:15Z,34184,470.4,1000,1000,2,1851502979,2,200,0.6
2026-10-04T12:30:46Z,34214,460.4,1000,1000,2,1853171004,2,200,0.8
2026-10-04T12:31:15Z,34244,470.7,1000,1000,2,1854826530,2,200,0.5
2026-10-04T12:31:45Z,34274,462.3,1000,1000,2,1856509601,2,200,0.8
2026-10-04T12:32:16Z,34304,469.4,1000,1000,2,1858163810,2,200,0.5
2026-10-04T12:32:45Z,34334,469.9,1000,1000,2,1859770426,2,200,0.9
2026-10-04T12:33:15Z,34364,465.1,1000,1000,2,1861337078,2,200,0.5
2026-10-04T12:33:46Z,34394,460.9,1000,1000,2,1862975658,2,200,0.9
2026-10-04T12:34:15Z,34424,464.5,1000,1000,2,1864547311,2,200,0.6
2026-10-04T12:34:45Z,34454,472.0,1000,1000,2,1866131944,2,200,0.8
2026-10-04T12:35:16Z,34484,464.3,1000,1000,2,1867801849,2,200,2.8
2026-10-04T12:35:45Z,34514,466.9,1000,1000,2,1869412699,2,200,1.0
2026-10-04T12:36:15Z,34544,461.0,1000,1000,2,1871001683,2,200,0.5
2026-10-04T12:36:46Z,34574,470.9,1000,1000,2,1872641265,2,200,1.2
2026-10-04T12:37:15Z,34604,451.5,1000,1000,2,1875281807,2,200,0.6
2026-10-04T12:37:45Z,34634,460.3,1000,1000,2,1876903366,2,200,1.4
2026-10-04T12:38:15Z,34664,457.4,1000,1000,2,1878533918,2,200,0.4
2026-10-04T12:38:45Z,34694,475.8,1000,1000,2,1880178683,2,200,0.6
2026-10-04T12:39:15Z,34724,459.0,1000,1000,2,1881726236,2,200,0.8
2026-10-04T12:39:46Z,34754,459.8,1000,1000,2,1883360341,2,200,0.5
2026-10-04T12:40:15Z,34784,463.1,1000,1000,2,1885028264,2,200,1.0
2026-10-04T12:40:45Z,34814,472.4,1000,1000,2,1886662822,2,200,0.7
2026-10-04T12:41:15Z,34844,470.6,1000,1000,2,1888377113,2,200,0.7
2026-10-04T12:41:45Z,34874,470.5,1000,1000,2,1890033835,2,200,0.6
2026-10-04T12:42:15Z,34904,473.8,1000,1000,2,1891678360,2,200,1.6
2026-10-04T12:42:45Z,34934,469.0,1000,1000,2,1893341910,2,200,0.7
2026-10-04T12:43:15Z,34964,471.6,1000,1000,2,1894908559,2,200,1.5
2026-10-04T12:43:46Z,34994,469.6,1000,1000,2,1896536153,2,200,0.5
2026-10-04T12:44:15Z,35024,470.2,1000,1000,2,1898121504,2,200,1.0
2026-10-04T12:44:45Z,35054,470.2,1000,1000,2,1899738456,2,200,0.5
2026-10-04T12:45:16Z,35084,473.8,1000,1000,2,1901379943,2,200,0.9
2026-10-04T12:45:45Z,35114,469.6,1000,1000,2,1902996698,2,200,0.5
2026-10-04T12:46:15Z,35144,467.1,1000,1000,2,1904643712,2,200,0.8
2026-10-04T12:46:45Z,35174,464.4,1000,1000,2,1906338860,2,200,0.5
2026-10-04T12:47:15Z,35204,469.5,1000,1000,2,1907997119,2,200,0.7
2026-10-04T12:47:45Z,35234,471.3,1000,1000,2,1909644213,2,200,0.6
2026-10-04T12:48:15Z,35264,473.4,1000,1000,2,1911355949,2,200,0.9
2026-10-04T12:48:45Z,35294,460.1,1000,1000,2,1913022620,2,200,0.5
2026-10-04T12:49:16Z,35324,463.8,1000,1000,2,1914678187,2,200,0.8
2026-10-04T12:49:45Z,35354,468.1,1000,1000,2,1916272826,2,200,0.5
2026-10-04T12:50:15Z,35384,469.1,1000,1000,2,1917878407,2,200,3.3
2026-10-04T12:50:45Z,35414,454.8,1000,1000,2,1919523963,2,200,0.5
2026-10-04T12:51:15Z,35444,464.9,1000,1000,2,1921193039,2,200,1.3
2026-10-04T12:51:45Z,35474,470.9,1000,1000,2,1922821004,2,200,0.4
2026-10-04T12:52:15Z,35504,468.0,1000,1000,2,1924543519,2,200,0.8
2026-10-04T12:52:45Z,35534,472.9,1000,1000,2,1926179001,2,200,0.7
2026-10-04T12:53:16Z,35564,472.2,1000,1000,2,1927993198,2,200,0.7
2026-10-04T12:53:45Z,35594,473.9,1000,1000,2,1929684814,2,200,0.6
2026-10-04T12:54:15Z,35624,463.9,1000,1000,2,1931249472,2,200,0.8
2026-10-04T12:54:46Z,35654,467.8,1000,1000,2,1932883040,2,200,0.5
2026-10-04T12:55:15Z,35684,480.7,1000,1000,2,1934455692,2,200,1.0
2026-10-04T12:55:45Z,35714,460.2,1000,1000,2,1936005366,2,200,0.5
2026-10-04T12:56:16Z,35744,475.2,1000,1000,2,1937653841,2,200,0.9
2026-10-04T12:56:45Z,35774,476.9,1000,1000,2,1939264530,2,200,0.6
2026-10-04T12:57:15Z,35804,468.6,1000,1000,2,1940906466,2,200,1.3
2026-10-04T12:57:46Z,35834,464.6,1000,1000,2,1942700410,2,200,0.5
2026-10-04T12:58:15Z,35864,474.4,1000,1000,2,1944331807,2,200,1.7
2026-10-04T12:58:45Z,35894,474.2,1000,1000,2,1945975541,2,200,1.8
2026-10-04T12:59:15Z,35924,458.6,1000,1000,2,1947675019,2,200,1.4
2026-10-04T12:59:45Z,35954,464.2,1000,1000,2,1949281661,2,200,0.7
2026-10-04T13:00:15Z,35984,476.1,1000,1000,2,1950912148,2,200,0.5
2026-10-04T13:00:45Z,36014,476.4,1000,1000,2,1952621565,2,200,0.9
2026-10-04T13:01:15Z,36044,467.7,1000,1000,2,1954283192,2,200,0.6
2026-10-04T13:01:45Z,36074,471.8,1000,1000,2,1955974541,2,200,0.9
2026-10-04T13:02:15Z,36104,474.1,1000,1000,2,1957653830,2,200,0.6
2026-10-04T13:02:45Z,36134,472.2,1000,1000,2,1959263678,2,200,3.3
2026-10-04T13:03:16Z,36164,462.2,1000,1000,2,1960953186,2,200,0.6
2026-10-04T13:03:45Z,36194,475.3,1000,1000,2,1962575782,2,200,1.8
2026-10-04T13:04:15Z,36224,470.7,1000,1000,2,1964208346,2,200,4.0
2026-10-04T13:04:46Z,36254,462.2,1000,1000,2,1966092604,2,200,0.8
2026-10-04T13:05:15Z,36284,461.8,1000,1000,2,1967841312,2,200,0.5
2026-10-04T13:05:45Z,36314,465.7,1000,1000,2,1969576265,2,200,2.0
2026-10-04T13:06:15Z,36344,465.1,1000,1000,2,1971337573,2,200,0.8
2026-10-04T13:06:45Z,36374,481.2,1000,1000,2,1973056759,2,200,1.2
2026-10-04T13:07:15Z,36404,462.3,1000,1000,2,1975771463,2,200,0.8
2026-10-04T13:07:45Z,36434,469.4,1000,1000,2,1977463009,2,200,0.9
2026-10-04T13:08:15Z,36464,468.5,1000,1000,2,1978992660,2,200,0.6
2026-10-04T13:08:46Z,36494,473.2,1000,1000,2,1980606298,2,200,0.9
2026-10-04T13:09:15Z,36524,467.5,1000,1000,2,1982259115,2,200,0.5
2026-10-04T13:09:45Z,36554,465.0,1000,1000,2,1983956357,2,200,1.7
2026-10-04T13:10:16Z,36584,475.5,1000,1000,2,1985712531,2,200,0.6
2026-10-04T13:10:45Z,36614,468.8,1000,1000,2,1987286464,2,200,0.8
2026-10-04T13:11:15Z,36644,473.3,1000,1000,2,1988894165,2,200,0.8
2026-10-04T13:11:46Z,36675,473.8,1000,1000,2,1990608586,2,200,0.9
2026-10-04T13:12:16Z,36705,466.3,1000,1000,2,1992238224,2,200,0.5
2026-10-04T13:12:46Z,36735,463.5,1000,1000,2,1993788997,2,200,0.8
2026-10-04T13:13:17Z,36765,471.8,1000,1000,2,1995408647,2,200,0.5
2026-10-04T13:13:46Z,36795,474.9,1000,1000,2,1997028262,2,200,0.9
2026-10-04T13:14:16Z,36825,476.9,1000,1000,2,1998642895,2,200,0.4
2026-10-04T13:14:47Z,36855,473.4,1000,1000,2,2000299461,2,200,0.9
2026-10-04T13:15:16Z,36885,468.8,1000,1000,2,2001805270,2,200,0.5
2026-10-04T13:15:46Z,36915,473.8,1000,1000,2,2003369985,2,200,0.8
2026-10-04T13:16:17Z,36945,465.7,1000,1000,2,2005059517,2,200,0.5
2026-10-04T13:16:46Z,36975,472.0,1000,1000,2,2006777949,2,200,0.9
2026-10-04T13:17:16Z,37005,471.1,1000,1000,2,2008468435,2,200,0.6
2026-10-04T13:17:46Z,37035,460.9,1000,1000,2,2010273766,2,200,0.8
2026-10-04T13:18:16Z,37065,472.6,1000,1000,2,2011968926,2,200,5.0
2026-10-04T13:18:46Z,37095,469.2,1000,1000,2,2013629812,2,200,1.1
2026-10-04T13:19:16Z,37125,470.4,1000,1000,2,2015378163,2,200,0.6
2026-10-04T13:19:46Z,37155,462.4,1000,1000,2,2017054240,2,200,0.8
2026-10-04T13:20:17Z,37185,477.8,1000,1000,2,2018812247,2,200,0.7
2026-10-04T13:20:46Z,37215,460.3,1000,1000,2,2020484542,2,200,0.8
2026-10-04T13:21:16Z,37245,460.9,1000,1000,2,2022186199,2,200,0.5
2026-10-04T13:21:46Z,37275,473.6,1000,1000,2,2023884881,2,200,0.5
2026-10-04T13:22:16Z,37305,467.0,1000,1000,2,2025693977,2,200,0.9
2026-10-04T13:22:46Z,37335,472.0,1000,1000,2,2027367389,2,200,1.0
2026-10-04T13:23:17Z,37365,467.1,1000,1000,2,2029083072,2,200,1.0
2026-10-04T13:23:46Z,37395,469.7,1000,1000,2,2030740636,2,200,0.6
2026-10-04T13:24:16Z,37425,478.0,1000,1000,2,2032420157,2,200,0.9
2026-10-04T13:24:46Z,37455,464.6,1000,1000,2,2034121817,2,200,1.9
2026-10-04T13:25:16Z,37485,468.6,1000,1000,2,2035854354,2,200,0.8
2026-10-04T13:25:46Z,37515,475.5,1000,1000,2,2037531842,2,200,0.5
2026-10-04T13:26:17Z,37545,471.1,1000,1000,2,2039261120,2,200,1.0
2026-10-04T13:26:46Z,37575,469.9,1000,1000,2,2040925518,2,200,0.5
2026-10-04T13:27:16Z,37605,472.8,1000,1000,2,2042589613,2,200,0.8
2026-10-04T13:27:47Z,37635,459.4,1000,1000,2,2044322107,2,200,0.5
2026-10-04T13:28:16Z,37665,473.5,1000,1000,2,2046011199,2,200,1.1
2026-10-04T13:28:46Z,37695,473.7,1000,1000,2,2047728717,2,200,3.3
2026-10-04T13:29:17Z,37725,469.7,1000,1000,2,2049475096,2,200,0.8
2026-10-04T13:29:46Z,37755,462.5,1000,1000,2,2051127580,2,200,0.6
2026-10-04T13:30:16Z,37785,473.5,1000,1000,2,2052795728,2,200,4.5
2026-10-04T13:30:47Z,37815,473.6,1000,1000,2,2054514722,2,200,0.4
2026-10-04T13:31:16Z,37845,474.1,1000,1000,2,2056174282,2,200,4.4
2026-10-04T13:31:46Z,37875,472.5,1000,1000,2,2057833838,2,200,0.5
2026-10-04T13:32:16Z,37905,470.0,1000,1000,2,2059439677,2,200,2.9
2026-10-04T13:32:46Z,37935,467.6,1000,1000,2,2061035125,2,200,2.7
2026-10-04T13:33:16Z,37965,465.6,1000,1000,2,2062565843,2,200,0.9
2026-10-04T13:33:47Z,37995,469.6,1000,1000,2,2064250360,2,200,0.5
2026-10-04T13:34:16Z,38025,474.3,1000,1000,2,2065805059,2,200,0.8
2026-10-04T13:34:46Z,38055,463.5,1000,1000,2,2067314400,2,200,0.6
2026-10-04T13:35:17Z,38085,469.5,1000,1000,2,2068807702,2,200,1.0
2026-10-04T13:35:46Z,38115,469.7,1000,1000,2,2070298520,2,200,0.6
2026-10-04T13:36:16Z,38145,464.2,1000,1000,2,2071797327,2,200,0.8
2026-10-04T13:36:46Z,38175,472.0,1000,1000,2,2073248222,2,200,0.5
2026-10-04T13:37:16Z,38205,474.3,1000,1000,2,2075772427,2,200,0.9
2026-10-04T13:37:46Z,38235,458.8,1000,1000,2,2077259667,2,200,0.5
2026-10-04T13:38:16Z,38265,455.7,1000,1000,2,2078701396,2,200,0.8
2026-10-04T13:38:46Z,38295,467.9,1000,1000,2,2080089172,2,200,0.6
2026-10-04T13:39:16Z,38325,476.4,1000,1000,2,2081553429,2,200,1.1
2026-10-04T13:39:46Z,38355,465.6,1000,1000,2,2083232367,2,200,0.8
2026-10-04T13:40:16Z,38385,470.8,1000,1000,2,2084821612,2,200,0.5
2026-10-04T13:40:47Z,38415,472.7,1000,1000,2,2086401727,2,200,0.9
2026-10-04T13:41:16Z,38445,471.4,1000,1000,2,2087919116,2,200,0.9
2026-10-04T13:41:46Z,38475,461.5,1000,1000,2,2089425904,2,200,0.9
2026-10-04T13:42:17Z,38505,464.6,1000,1000,2,2091028811,2,200,0.9
2026-10-04T13:42:46Z,38535,467.4,1000,1000,2,2092639732,2,200,0.8
2026-10-04T13:43:16Z,38565,479.4,1000,1000,2,2094192546,2,200,0.5
2026-10-04T13:43:47Z,38595,477.4,1000,1000,2,2095793754,2,200,1.0
2026-10-04T13:44:16Z,38625,473.0,1000,1000,2,2097247534,2,200,1.0
2026-10-04T13:44:46Z,38655,467.0,1000,1000,2,2098709307,2,200,0.7
2026-10-04T13:45:16Z,38685,468.1,1000,1000,2,2100208042,2,200,1.2
2026-10-04T13:45:46Z,38715,470.6,1000,1000,2,2101693800,2,200,0.7
2026-10-04T13:46:16Z,38745,464.0,1000,1000,2,2103164434,2,200,0.6
2026-10-04T13:46:46Z,38775,472.7,1000,1000,2,2104678389,2,200,0.7
2026-10-04T13:47:16Z,38805,470.4,1000,1000,2,2106280922,2,200,0.5
2026-10-04T13:47:46Z,38835,467.5,1000,1000,2,2107792308,2,200,2.2
2026-10-04T13:48:17Z,38865,467.4,1000,1000,2,2109289249,2,200,1.0
2026-10-04T13:48:46Z,38895,474.6,1000,1000,2,2110769242,2,200,1.1
2026-10-04T13:49:16Z,38925,477.2,1000,1000,2,2112309852,2,200,0.7
2026-10-04T13:49:47Z,38955,475.4,1000,1000,2,2113885908,2,200,1.0
2026-10-04T13:50:16Z,38985,475.5,1000,1000,2,2115367258,2,200,0.7
2026-10-04T13:50:46Z,39015,474.6,1000,1000,2,2116885635,2,200,0.8
2026-10-04T13:51:17Z,39045,476.0,1000,1000,2,2118432983,2,200,0.5
2026-10-04T13:51:46Z,39075,461.5,1000,1000,2,2120019317,2,200,0.8
2026-10-04T13:52:16Z,39105,474.1,1000,1000,2,2121545432,2,200,0.4
2026-10-04T13:52:47Z,39135,472.1,1000,1000,2,2123141666,2,200,0.9
2026-10-04T13:53:16Z,39165,476.1,1000,1000,2,2124642398,2,200,0.4
2026-10-04T13:53:46Z,39195,479.3,1000,1000,2,2126189900,2,200,1.0
2026-10-04T13:54:16Z,39225,475.2,1000,1000,2,2127831242,2,200,0.5
2026-10-04T13:54:46Z,39255,470.4,1000,1000,2,2129400792,2,200,0.8
2026-10-04T13:55:17Z,39285,471.6,1000,1000,2,2130960026,2,200,0.6
2026-10-04T13:55:46Z,39315,475.2,1000,1000,2,2132482737,2,200,5.0
2026-10-04T13:56:16Z,39345,469.6,1000,1000,2,2133999335,2,200,0.5
2026-10-04T13:56:47Z,39375,471.0,1000,1000,2,2135628271,2,200,0.8
2026-10-04T13:57:16Z,39405,472.1,1000,1000,2,2137130800,2,200,0.4
2026-10-04T13:57:46Z,39435,463.8,1000,1000,2,2138656707,2,200,1.1
2026-10-04T13:58:17Z,39465,459.8,1000,1000,2,2140205202,2,200,0.5
2026-10-04T13:58:46Z,39495,466.9,1000,1000,2,2141677807,2,200,0.8
2026-10-04T13:59:16Z,39525,477.2,1000,1000,2,2143181694,2,200,0.5
2026-10-04T13:59:46Z,39555,468.9,1000,1000,2,2144723394,2,200,0.9
2026-10-04T14:00:16Z,39585,468.6,1000,1000,2,2146216136,2,200,0.6
2026-10-04T14:00:46Z,39615,478.9,1000,1000,2,2147728857,2,200,1.4
2026-10-04T14:01:16Z,39645,466.8,1000,1000,2,2149244287,2,200,0.5
2026-10-04T14:01:46Z,39675,472.0,1000,1000,2,2150702348,2,200,0.5
2026-10-04T14:02:16Z,39705,466.4,1000,1000,2,2152151146,2,200,0.9
2026-10-04T14:02:46Z,39735,479.4,1000,1000,2,2153705053,2,200,0.5
2026-10-04T14:03:16Z,39765,471.5,1000,1000,2,2155174774,2,200,1.0
2026-10-04T14:03:47Z,39795,467.3,1000,1000,2,2156731283,2,200,0.6
2026-10-04T14:04:16Z,39825,471.7,1000,1000,2,2158330330,2,200,1.0
2026-10-04T14:04:46Z,39855,473.8,1000,1000,2,2159867498,2,200,0.6
2026-10-04T14:05:17Z,39885,464.6,1000,1000,2,2161396236,2,200,0.7
2026-10-04T14:05:46Z,39915,458.3,1000,1000,2,2162912232,2,200,0.5
2026-10-04T14:06:16Z,39945,472.6,1000,1000,2,2164393800,2,200,1.4
2026-10-04T14:06:46Z,39975,452.8,1000,1000,2,2165982871,2,200,0.4
2026-10-04T14:07:16Z,40005,514.0,1000,1000,2,2168552088,2,200,19.9
2026-10-04T14:07:46Z,40035,470.7,1000,1000,2,2169957940,2,200,0.6
2026-10-04T14:08:17Z,40065,466.0,1000,1000,2,2171427724,2,200,0.9
2026-10-04T14:08:46Z,40095,473.1,1000,1000,2,2172891507,2,200,0.5
2026-10-04T14:09:16Z,40125,476.5,1000,1000,2,2174365295,2,200,1.4
2026-10-04T14:09:46Z,40155,474.5,1000,1000,2,2176034838,2,200,1.3
2026-10-04T14:10:16Z,40185,470.9,1000,1000,2,2177739615,2,200,0.9
2026-10-04T14:10:46Z,40215,460.6,1000,1000,2,2179580504,2,200,0.6
2026-10-04T14:11:16Z,40245,467.2,1000,1000,2,2181412805,2,200,0.8
2026-10-04T14:11:46Z,40275,466.4,1000,1000,2,2183098047,2,200,0.5
2026-10-04T14:12:16Z,40305,476.7,1000,1000,2,2184705791,2,200,0.9
2026-10-04T14:12:46Z,40335,469.7,1000,1000,2,2186364414,2,200,0.5
2026-10-04T14:13:16Z,40365,466.1,1000,1000,2,2187991934,2,200,0.8
2026-10-04T14:13:47Z,40395,475.7,1000,1000,2,2189655483,2,200,1.7
2026-10-04T14:14:16Z,40425,476.2,1000,1000,2,2191313986,2,200,0.9
2026-10-04T14:14:46Z,40455,476.8,1000,1000,2,2192930575,2,200,0.5
2026-10-04T14:15:17Z,40485,465.5,1000,1000,2,2194673032,2,200,0.9
2026-10-04T14:15:46Z,40515,468.2,1000,1000,2,2196303606,2,200,0.5
2026-10-04T14:16:16Z,40545,462.8,1000,1000,2,2197933934,2,200,0.7
2026-10-04T14:16:47Z,40575,461.0,1000,1000,2,2199628910,2,200,0.5
2026-10-04T14:17:16Z,40605,464.4,1000,1000,2,2201329185,2,200,0.8
2026-10-04T14:17:46Z,40635,460.6,1000,1000,2,2202989158,2,200,0.6
2026-10-04T14:18:17Z,40665,455.2,1000,1000,2,2204655187,2,200,1.1
2026-10-04T14:18:46Z,40695,473.2,1000,1000,2,2206288758,2,200,0.8
2026-10-04T14:19:16Z,40725,472.7,1000,1000,2,2207921332,2,200,1.5
2026-10-04T14:19:46Z,40755,471.1,1000,1000,2,2209624670,2,200,0.5
2026-10-04T14:20:16Z,40785,465.9,1000,1000,2,2211282072,2,200,1.4
2026-10-04T14:20:46Z,40815,476.9,1000,1000,2,2212912235,2,200,0.5
2026-10-04T14:21:16Z,40845,455.9,1000,1000,2,2214563488,2,200,0.8
2026-10-04T14:21:46Z,40875,465.7,1000,1000,2,2216200010,2,200,0.6
2026-10-04T14:22:16Z,40905,471.5,1000,1000,2,2217852200,2,200,4.0
2026-10-04T14:22:46Z,40935,462.1,1000,1000,2,2219629507,2,200,0.6
2026-10-04T14:23:16Z,40965,467.1,1000,1000,2,2221358131,2,200,0.7
2026-10-04T14:23:47Z,40995,471.6,1000,1000,2,2223029859,2,200,0.8
2026-10-04T14:24:16Z,41025,461.2,1000,1000,2,2224624475,2,200,1.2
2026-10-04T14:24:46Z,41055,471.8,1000,1000,2,2226239638,2,200,0.8
2026-10-04T14:25:17Z,41085,469.0,1000,1000,2,2227899334,2,200,1.1
2026-10-04T14:25:46Z,41115,473.9,1000,1000,2,2229527181,2,200,0.9
2026-10-04T14:26:16Z,41145,470.0,1000,1000,2,2231194321,2,200,0.5
2026-10-04T14:26:47Z,41175,464.7,1000,1000,2,2232979084,2,200,0.8
2026-10-04T14:27:16Z,41205,468.8,1000,1000,2,2234666582,2,200,0.4
2026-10-04T14:27:46Z,41235,470.5,1000,1000,2,2236301162,2,200,1.8
2026-10-04T14:28:16Z,41265,475.7,1000,1000,2,2238002664,2,200,0.6
2026-10-04T14:28:46Z,41295,472.5,1000,1000,2,2239640229,2,200,0.9
2026-10-04T14:29:17Z,41325,473.6,1000,1000,2,2241282809,2,200,2.6
2026-10-04T14:29:46Z,41355,466.3,1000,1000,2,2242940493,2,200,0.9
2026-10-04T14:30:16Z,41385,473.5,1000,1000,2,2244522243,2,200,0.6
2026-10-04T14:30:47Z,41415,478.9,1000,1000,2,2246218473,2,200,0.8
2026-10-04T14:31:16Z,41445,467.0,1000,1000,2,2247846030,2,200,0.5
2026-10-04T14:31:46Z,41475,474.0,1000,1000,2,2249465073,2,200,1.3
2026-10-04T14:32:17Z,41505,474.9,1000,1000,2,2251107174,2,200,0.5
2026-10-04T14:32:46Z,41535,464.8,1000,1000,2,2252739741,2,200,0.9
2026-10-04T14:33:16Z,41565,463.3,1000,1000,2,2254357610,2,200,2.5
2026-10-04T14:33:47Z,41595,465.3,1000,1000,2,2255998897,2,200,1.9
2026-10-04T14:34:16Z,41625,463.9,1000,1000,2,2257684399,2,200,1.0
2026-10-04T14:34:46Z,41655,478.0,1000,1000,2,2259337914,2,200,1.0
2026-10-04T14:35:17Z,41685,463.5,1000,1000,2,2261006302,2,200,0.5
2026-10-04T14:35:46Z,41715,478.2,1000,1000,2,2262630020,2,200,0.8
2026-10-04T14:36:16Z,41745,471.8,1000,1000,2,2264257127,2,200,0.5
2026-10-04T14:36:46Z,41775,468.5,1000,1000,2,2265913854,2,200,0.9
2026-10-04T14:37:16Z,41805,470.2,1000,1000,2,2267546768,2,200,0.5
2026-10-04T14:37:46Z,41835,474.5,1000,1000,2,2270106376,2,200,0.9
2026-10-04T14:38:16Z,41865,467.2,1000,1000,2,2271698897,2,200,0.5
2026-10-04T14:38:46Z,41895,465.0,1000,1000,2,2273228702,2,200,1.3
2026-10-04T14:39:17Z,41925,474.5,1000,1000,2,2274860391,2,200,2.1
2026-10-04T14:39:46Z,41955,474.3,1000,1000,2,2276510259,2,200,0.7
2026-10-04T14:40:16Z,41985,474.3,1000,1000,2,2278157286,2,200,0.5
2026-10-04T14:40:47Z,42015,470.9,1000,1000,2,2279887668,2,200,0.9
2026-10-04T14:41:16Z,42045,453.4,1000,1000,2,2281540434,2,200,0.8
2026-10-04T14:41:46Z,42075,467.3,1000,1000,2,2283074157,2,200,1.1
2026-10-04T14:42:17Z,42105,482.2,1000,1000,2,2284620812,2,200,0.5
2026-10-04T14:42:46Z,42135,464.4,1000,1000,2,2286141527,2,200,0.9
2026-10-04T14:43:16Z,42165,466.9,1000,1000,2,2287722192,2,200,0.5
2026-10-04T14:43:47Z,42195,467.6,1000,1000,2,2289320731,2,200,1.2
2026-10-04T14:44:16Z,42225,480.2,1000,1000,2,2290855417,2,200,0.6
2026-10-04T14:44:46Z,42255,480.7,1000,1000,2,2292386109,2,200,0.5
2026-10-04T14:45:16Z,42285,476.8,1000,1000,2,2293955772,2,200,0.9
2026-10-04T14:45:46Z,42315,473.2,1000,1000,2,2295482454,2,200,0.6
2026-10-04T14:46:16Z,42345,477.2,1000,1000,2,2297004137,2,200,0.9
2026-10-04T14:46:46Z,42375,453.2,1000,1000,2,2298641652,2,200,0.4
2026-10-04T14:47:16Z,42405,469.6,1000,1000,2,2300206645,2,200,0.8
2026-10-04T14:47:47Z,42435,472.9,1000,1000,2,2301818869,2,200,0.7
2026-10-04T14:48:16Z,42465,470.4,1000,1000,2,2303484402,2,200,1.0
2026-10-04T14:48:46Z,42495,477.9,1000,1000,2,2305147954,2,200,1.4
2026-10-04T14:49:17Z,42525,478.4,1000,1000,2,2306916378,2,200,0.8
2026-10-04T14:49:46Z,42555,471.7,1000,1000,2,2308574787,2,200,0.5
2026-10-04T14:50:16Z,42585,477.5,1000,1000,2,2310232028,2,200,5.9
2026-10-04T14:50:47Z,42615,469.9,1000,1000,2,2311943380,2,200,0.6
2026-10-04T14:51:16Z,42645,474.5,1000,1000,2,2313571558,2,200,0.8
2026-10-04T14:51:46Z,42675,484.9,1000,1000,2,2315160076,2,200,0.5
2026-10-04T14:52:17Z,42705,468.9,1000,1000,2,2316783525,2,200,0.8
2026-10-04T14:52:46Z,42735,453.0,1000,1000,2,2318420044,2,200,0.6
2026-10-04T14:53:16Z,42765,473.3,1000,1000,2,2320088392,2,200,0.8
2026-10-04T14:53:47Z,42795,463.0,1000,1000,2,2321780061,2,200,0.5
2026-10-04T14:54:16Z,42825,469.2,1000,1000,2,2323404799,2,200,0.8
2026-10-04T14:54:46Z,42855,462.7,1000,1000,2,2325128031,2,200,0.8
2026-10-04T14:55:16Z,42885,460.7,1000,1000,2,2326930360,2,200,1.2
2026-10-04T14:55:46Z,42915,456.4,1000,1000,2,2328583890,2,200,0.6
2026-10-04T14:56:16Z,42945,473.5,1000,1000,2,2330251127,2,200,0.9
2026-10-04T14:56:46Z,42975,464.3,1000,1000,2,2331938057,2,200,0.6
2026-10-04T14:57:16Z,43005,480.0,1000,1000,2,2333534025,2,200,0.8
2026-10-04T14:57:47Z,43035,476.2,1000,1000,2,2335371090,2,200,2.7
2026-10-04T14:58:16Z,43065,466.4,1000,1000,2,2337121091,2,200,0.9
2026-10-04T14:58:46Z,43095,472.0,1000,1000,2,2338805586,2,200,0.5
2026-10-04T14:59:17Z,43125,464.0,1000,1000,2,2340517272,2,200,0.9
2026-10-04T14:59:46Z,43155,471.8,1000,1000,2,2342230464,2,200,0.5
2026-10-04T15:00:16Z,43185,466.9,1000,1000,2,2343877030,2,200,1.1
2026-10-04T15:00:47Z,43215,468.7,1000,1000,2,2345608502,2,200,0.5
2026-10-04T15:01:16Z,43245,474.3,1000,1000,2,2347280963,2,200,1.0
2026-10-04T15:01:46Z,43275,462.5,1000,1000,2,2348884557,2,200,0.5
2026-10-04T15:02:17Z,43306,474.6,1000,1000,2,2350544101,2,200,0.8
2026-10-04T15:02:47Z,43336,472.9,1000,1000,2,2352277017,2,200,0.5
2026-10-04T15:03:17Z,43366,464.7,1000,1000,2,2353947901,2,200,0.9
2026-10-04T15:03:48Z,43396,466.7,1000,1000,2,2355664529,2,200,0.9
2026-10-04T15:04:17Z,43426,460.5,1000,1000,2,2357300996,2,200,0.8
2026-10-04T15:04:47Z,43456,472.0,1000,1000,2,2359006953,2,200,2.0
2026-10-04T15:05:17Z,43486,472.8,1000,1000,2,2360705974,2,200,1.0
2026-10-04T15:05:47Z,43516,474.3,1000,1000,2,2362395043,2,200,0.5
2026-10-04T15:06:17Z,43546,471.4,1000,1000,2,2364056046,2,200,0.7
2026-10-04T15:06:47Z,43576,470.1,1000,1000,2,2365680618,2,200,1.0
2026-10-04T15:07:17Z,43606,453.1,1000,1000,2,2367341751,2,200,0.7
2026-10-04T15:07:47Z,43636,469.1,999,999,3,2369036891,3,200,0.6
2026-10-04T15:08:17Z,43666,464.3,999,999,3,2370682092,3,200,0.7
2026-10-04T15:08:47Z,43696,461.2,999,999,3,2372289282,3,200,0.9
2026-10-04T15:09:18Z,43726,475.0,999,999,3,2373964513,3,200,1.0
2026-10-04T15:09:48Z,43756,462.8,1000,1000,3,2376760595,3,200,1.3
2026-10-04T15:10:17Z,43786,472.9,1000,1000,3,2378272432,3,200,0.6
2026-10-04T15:10:47Z,43816,473.4,1000,1000,3,2379801828,3,200,0.9
2026-10-04T15:11:18Z,43846,476.2,1000,1000,3,2381364645,3,200,0.7
2026-10-04T15:11:47Z,43876,469.1,1000,1000,3,2382886270,3,200,1.0
2026-10-04T15:12:17Z,43906,470.1,1000,1000,3,2384568906,3,200,0.5
2026-10-04T15:12:48Z,43936,473.4,1000,1000,3,2386342305,3,200,0.8
2026-10-04T15:13:17Z,43966,470.6,1000,1000,3,2387932035,3,200,0.7
2026-10-04T15:13:47Z,43996,472.2,1000,1000,3,2389529239,3,200,0.9
2026-10-04T15:14:17Z,44026,475.3,1000,1000,3,2391100155,3,200,0.5
2026-10-04T15:14:47Z,44056,468.9,1000,1000,3,2392781361,3,200,1.0
2026-10-04T15:15:17Z,44086,460.9,1000,1000,3,2394420308,3,200,0.5
2026-10-04T15:15:48Z,44116,475.8,1000,1000,3,2396091417,3,200,1.3
2026-10-04T15:16:17Z,44146,471.6,1000,1000,3,2397742935,3,200,0.6
2026-10-04T15:16:47Z,44176,462.4,1000,1000,3,2399366163,3,200,0.9
2026-10-04T15:17:17Z,44206,475.5,1000,1000,3,2400921276,3,200,0.5
2026-10-04T15:17:47Z,44236,475.2,1000,1000,3,2402517953,3,200,0.8
2026-10-04T15:18:17Z,44266,479.6,1000,1000,3,2404088616,3,200,0.8
2026-10-04T15:18:48Z,44296,480.4,1000,1000,3,2405704295,3,200,1.0
2026-10-04T15:19:17Z,44326,466.1,1000,1000,3,2407267005,3,200,0.7
2026-10-04T15:19:47Z,44356,468.4,1000,1000,3,2408903604,3,200,0.8
2026-10-04T15:20:17Z,44386,474.8,1000,1000,3,2410481283,3,200,0.6
2026-10-04T15:20:47Z,44416,472.2,1000,1000,3,2412240700,3,200,0.8
2026-10-04T15:21:17Z,44446,471.2,1000,1000,3,2413875291,3,200,0.6
2026-10-04T15:21:48Z,44476,453.8,1000,1000,3,2415561831,3,200,0.8
2026-10-04T15:22:17Z,44506,461.0,1000,1000,3,2417176475,3,200,0.8
2026-10-04T15:22:47Z,44536,462.9,1000,1000,3,2418743163,3,200,0.9
2026-10-04T15:23:18Z,44566,468.8,1000,1000,3,2420444605,3,200,0.5
2026-10-04T15:23:47Z,44596,460.2,1000,1000,3,2422036367,3,200,0.7
2026-10-04T15:24:17Z,44626,475.4,1000,1000,3,2423602077,3,200,0.5
2026-10-04T15:24:47Z,44656,472.0,1000,1000,3,2425197702,3,200,0.7
2026-10-04T15:25:17Z,44686,472.6,1000,1000,3,2426845308,3,200,0.6
2026-10-04T15:25:47Z,44716,466.9,1000,1000,3,2428419987,3,200,0.9
2026-10-04T15:26:17Z,44746,475.5,1000,1000,3,2430058737,3,200,0.4
2026-10-04T15:26:47Z,44776,472.4,1000,1000,3,2431782037,3,200,1.2
2026-10-04T15:27:17Z,44806,459.4,1000,1000,3,2433489489,3,200,0.5
2026-10-04T15:27:48Z,44836,474.8,1000,1000,3,2435313063,3,200,0.5
2026-10-04T15:28:17Z,44866,469.9,1000,1000,3,2437059156,3,200,0.8
2026-10-04T15:28:47Z,44896,474.2,1000,1000,3,2438746011,3,200,0.8
2026-10-04T15:29:17Z,44926,468.6,1000,1000,3,2440468385,3,200,4.9
2026-10-04T15:29:47Z,44956,468.5,1000,1000,3,2442224451,3,200,0.5
2026-10-04T15:30:17Z,44986,470.1,1000,1000,3,2443927159,3,200,0.8
2026-10-04T15:30:47Z,45016,462.4,1000,1000,3,2445642245,3,200,0.6
2026-10-04T15:31:17Z,45046,466.6,1000,1000,3,2447456464,3,200,0.8
2026-10-04T15:31:47Z,45076,469.7,1000,1000,3,2449180863,3,200,0.4
2026-10-04T15:32:17Z,45106,477.0,1000,1000,3,2450776443,3,200,0.9
2026-10-04T15:32:47Z,45136,468.4,1000,1000,3,2452331262,3,200,0.6
2026-10-04T15:33:17Z,45166,467.1,1000,1000,3,2453948296,3,200,0.9
2026-10-04T15:33:47Z,45196,468.9,1000,1000,3,2455464605,3,200,0.6
2026-10-04T15:34:17Z,45226,469.9,1000,1000,3,2457049958,3,200,0.8
2026-10-04T15:34:47Z,45256,467.2,1000,1000,3,2458646798,3,200,0.5
2026-10-04T15:35:18Z,45286,474.7,1000,1000,3,2460283158,3,200,1.1
2026-10-04T15:35:47Z,45316,472.1,1000,1000,3,2461943640,3,200,0.5
2026-10-04T15:36:17Z,45346,458.2,1000,1000,3,2463487166,3,200,1.0
2026-10-04T15:36:47Z,45376,467.4,1000,1000,3,2464975053,3,200,0.5
2026-10-04T15:37:17Z,45406,476.4,1000,1000,3,2466571885,3,200,0.9
2026-10-04T15:37:47Z,45436,475.0,1000,1000,3,2468109169,3,200,0.5
2026-10-04T15:38:18Z,45466,471.0,1000,1000,3,2469688640,3,200,0.9
2026-10-04T15:38:47Z,45496,477.6,1000,1000,3,2471220471,3,200,0.6
2026-10-04T15:39:17Z,45526,462.6,1000,1000,3,2472764313,3,200,0.8
2026-10-04T15:39:48Z,45556,472.0,1000,1000,3,2475436848,3,200,0.6
2026-10-04T15:40:17Z,45586,476.8,1000,1000,3,2477126283,3,200,1.2
2026-10-04T15:40:47Z,45616,471.3,1000,1000,3,2478735840,3,200,0.5
2026-10-04T15:41:17Z,45646,474.3,1000,1000,3,2480279591,3,200,1.0
2026-10-04T15:41:47Z,45676,466.1,1000,1000,3,2481838842,3,200,0.7
2026-10-04T15:42:17Z,45706,466.3,1000,1000,3,2483347959,3,200,0.8
2026-10-04T15:42:48Z,45736,471.5,1000,1000,3,2485043437,3,200,0.5
2026-10-04T15:43:17Z,45766,475.2,1000,1000,3,2486583092,3,200,0.8
2026-10-04T15:43:47Z,45796,463.1,1000,1000,3,2488127780,3,200,0.6
2026-10-04T15:44:18Z,45826,460.3,1000,1000,3,2489711440,3,200,0.8
2026-10-04T15:44:47Z,45856,472.2,1000,1000,3,2491263141,3,200,0.5
2026-10-04T15:45:17Z,45886,473.4,1000,1000,3,2492789815,3,200,1.8
2026-10-04T15:45:48Z,45916,469.7,1000,1000,3,2494390541,3,200,0.8
2026-10-04T15:46:17Z,45946,464.4,1000,1000,3,2495980074,3,200,1.4
2026-10-04T15:46:47Z,45976,470.3,1000,1000,3,2497523575,3,200,0.5
2026-10-04T15:47:18Z,46006,462.1,1000,1000,3,2499071405,3,200,0.9
2026-10-04T15:47:47Z,46036,468.6,1000,1000,3,2500615558,3,200,0.5
2026-10-04T15:48:17Z,46066,466.2,1000,1000,3,2502103756,3,200,5.7
2026-10-04T15:48:48Z,46096,463.1,1000,1000,3,2503717289,3,200,0.5
2026-10-04T15:49:17Z,46126,471.4,1000,1000,3,2505381407,3,200,0.5
2026-10-04T15:49:47Z,46156,479.7,1000,1000,3,2506991134,3,200,1.0
2026-10-04T15:50:17Z,46186,461.9,1000,1000,3,2508683066,3,200,0.6
2026-10-04T15:50:47Z,46216,472.0,1000,1000,3,2510243678,3,200,1.3
2026-10-04T15:51:17Z,46246,480.4,1000,1000,3,2511810289,3,200,0.5
2026-10-04T15:51:47Z,46276,462.7,1000,1000,3,2513491808,3,200,2.1
2026-10-04T15:52:17Z,46306,458.3,1000,1000,3,2515065747,3,200,0.5
2026-10-04T15:52:47Z,46336,473.7,1000,1000,3,2516624111,3,200,0.9
2026-10-04T15:53:17Z,46366,461.0,1000,1000,3,2518160771,3,200,0.5
2026-10-04T15:53:47Z,46396,469.8,1000,1000,3,2519690351,3,200,0.9
2026-10-04T15:54:18Z,46426,460.6,1000,1000,3,2521322626,3,200,0.5
2026-10-04T15:54:47Z,46456,484.5,1000,1000,3,2522909558,3,200,0.9
2026-10-04T15:55:17Z,46486,476.9,1000,1000,3,2524443181,3,200,0.6
2026-10-04T15:55:48Z,46516,471.2,1000,1000,3,2525998605,3,200,0.8
2026-10-04T15:56:17Z,46546,473.1,1000,1000,3,2527477526,3,200,1.8
2026-10-04T15:56:47Z,46576,463.9,1000,1000,3,2528993709,3,200,0.8
2026-10-04T15:57:18Z,46606,481.2,1000,1000,3,2530548775,3,200,0.5
2026-10-04T15:57:47Z,46636,457.6,1000,1000,3,2532036643,3,200,1.6
2026-10-04T15:58:17Z,46666,472.1,1000,1000,3,2533555213,3,200,0.6
2026-10-04T15:58:48Z,46696,458.2,1000,1000,3,2535133147,3,200,3.3
2026-10-04T15:59:17Z,46726,468.3,1000,1000,3,2536614550,3,200,0.6
2026-10-04T15:59:47Z,46756,474.9,1000,1000,3,2538058491,3,200,0.9
2026-10-04T16:00:17Z,46786,473.3,1000,1000,3,2539625151,3,200,0.6
2026-10-04T16:00:47Z,46816,473.6,1000,1000,3,2541151757,3,200,1.2
2026-10-04T16:01:18Z,46846,467.5,1000,1000,3,2542802996,3,200,0.4
2026-10-04T16:01:47Z,46876,470.0,1000,1000,3,2544344563,3,200,0.9
2026-10-04T16:02:17Z,46906,468.8,1000,1000,3,2545814696,3,200,1.1
2026-10-04T16:02:48Z,46936,465.1,1000,1000,3,2547292690,3,200,0.9
2026-10-04T16:03:17Z,46966,473.9,1000,1000,3,2548722331,3,200,0.5
2026-10-04T16:03:47Z,46996,468.9,1000,1000,3,2550314156,3,200,0.9
2026-10-04T16:04:17Z,47026,473.1,1000,1000,3,2552070330,3,200,0.7
2026-10-04T16:04:47Z,47056,476.0,1000,1000,3,2553655952,3,200,0.8
2026-10-04T16:05:18Z,47086,474.6,1000,1000,3,2555217460,3,200,0.5
2026-10-04T16:05:47Z,47116,468.9,1000,1000,3,2556832229,3,200,1.4
2026-10-04T16:06:17Z,47146,481.2,1000,1000,3,2558433669,3,200,0.6
2026-10-04T16:06:48Z,47176,481.0,1000,1000,3,2559948642,3,200,1.6
2026-10-04T16:07:17Z,47206,466.9,1000,1000,3,2561398194,3,200,0.5
2026-10-04T16:07:47Z,47236,479.9,1000,1000,3,2562893202,3,200,0.8
2026-10-04T16:08:18Z,47266,468.1,1000,1000,3,2564491972,3,200,0.5
2026-10-04T16:08:47Z,47296,457.9,1000,1000,3,2565975372,3,200,0.7
2026-10-04T16:09:17Z,47326,472.5,1000,1000,3,2567454410,3,200,0.5
2026-10-04T16:09:47Z,47356,459.5,1000,1000,3,2570111853,3,200,1.7
2026-10-04T16:10:17Z,47386,461.2,1000,1000,3,2571744505,3,200,0.5
2026-10-04T16:10:47Z,47416,473.8,1000,1000,3,2573408007,3,200,0.5
2026-10-04T16:11:17Z,47446,459.1,1000,1000,3,2574980378,3,200,1.0
2026-10-04T16:11:47Z,47476,473.8,1000,1000,3,2576517279,3,200,0.5
2026-10-04T16:12:18Z,47506,476.2,1000,1000,3,2578063674,3,200,1.1
2026-10-04T16:12:47Z,47536,470.6,1000,1000,3,2579749692,3,200,0.5
2026-10-04T16:13:17Z,47566,463.6,1000,1000,3,2581401049,3,200,0.8
2026-10-04T16:13:48Z,47596,451.3,1000,1000,3,2583080588,3,200,0.4
2026-10-04T16:14:17Z,47626,474.6,1000,1000,3,2584681216,3,200,0.9
2026-10-04T16:14:47Z,47656,468.6,1000,1000,3,2586284865,3,200,0.5
2026-10-04T16:15:17Z,47686,474.9,1000,1000,3,2587947391,3,200,0.9
2026-10-04T16:15:47Z,47716,480.6,1000,1000,3,2589546970,3,200,0.5
2026-10-04T16:16:18Z,47746,466.3,1000,1000,3,2591147640,3,200,0.9
2026-10-04T16:16:47Z,47776,467.0,1000,1000,3,2592698390,3,200,0.5
2026-10-04T16:17:17Z,47806,463.9,1000,1000,3,2594270019,3,200,0.8
2026-10-04T16:17:48Z,47836,458.1,1000,1000,3,2596003932,3,200,1.3
2026-10-04T16:18:17Z,47866,479.2,1000,1000,3,2597635146,3,200,0.8
2026-10-04T16:18:47Z,47896,473.2,1000,1000,3,2599212848,3,200,0.5
2026-10-04T16:19:17Z,47926,470.4,1000,1000,3,2600838490,3,200,0.9
2026-10-04T16:19:47Z,47956,471.1,1000,1000,3,2602399199,3,200,0.5
2026-10-04T16:20:17Z,47986,477.9,1000,1000,3,2603966958,3,200,0.9
2026-10-04T16:20:47Z,48016,474.8,1000,1000,3,2605683410,3,200,0.4
2026-10-04T16:21:17Z,48046,471.3,1000,1000,3,2607452751,3,200,0.8
2026-10-04T16:21:48Z,48077,468.7,1000,1000,3,2609197210,3,200,0.5
2026-10-04T16:22:18Z,48107,462.4,1000,1000,3,2610819905,3,200,2.8
2026-10-04T16:22:48Z,48137,477.6,1000,1000,3,2612415589,3,200,0.7
2026-10-04T16:23:19Z,48167,470.5,1000,1000,3,2614074213,3,200,1.2
2026-10-04T16:23:48Z,48197,464.8,1000,1000,3,2615770699,3,200,1.9
2026-10-04T16:24:18Z,48227,462.3,1000,1000,3,2617460194,3,200,3.4
2026-10-04T16:24:48Z,48257,463.2,1000,1000,3,2619154748,3,200,0.6
2026-10-04T16:25:18Z,48287,461.5,1000,1000,3,2620850234,3,200,0.7
2026-10-04T16:25:48Z,48317,481.4,1000,1000,3,2622526596,3,200,0.4
2026-10-04T16:26:18Z,48347,459.6,1000,1000,3,2624171846,3,200,0.8
2026-10-04T16:26:48Z,48377,473.1,1000,1000,3,2625835961,3,200,0.6
2026-10-04T16:27:19Z,48407,472.2,1000,1000,3,2627522166,3,200,0.8
2026-10-04T16:27:48Z,48437,469.0,1000,1000,3,2629159629,3,200,0.5
2026-10-04T16:28:18Z,48467,463.1,1000,1000,3,2630752406,3,200,0.8
2026-10-04T16:28:49Z,48497,464.0,1000,1000,3,2632399370,3,200,0.4
2026-10-04T16:29:18Z,48527,473.1,1000,1000,3,2634018647,3,200,1.1
2026-10-04T16:29:48Z,48557,484.3,1000,1000,3,2635586853,3,200,0.7
2026-10-04T16:30:18Z,48587,463.8,1000,1000,3,2637226515,3,200,0.7
2026-10-04T16:30:48Z,48617,468.8,1000,1000,3,2638861595,3,200,0.4
2026-10-04T16:31:18Z,48647,471.7,1000,1000,3,2640530663,3,200,1.8
2026-10-04T16:31:48Z,48677,474.0,1000,1000,3,2642219145,3,200,0.6
2026-10-04T16:32:18Z,48707,463.1,1000,1000,3,2643852742,3,200,0.5
2026-10-04T16:32:49Z,48738,474.2,1000,1000,3,2645567122,3,200,1.0
2026-10-04T16:33:19Z,48768,460.5,1000,1000,3,2647254877,3,200,0.5
2026-10-04T16:33:49Z,48798,472.2,1000,1000,3,2648927453,3,200,0.8
2026-10-04T16:34:20Z,48828,475.2,1000,1000,3,2650582090,3,200,0.5
2026-10-04T16:34:49Z,48858,468.2,1000,1000,3,2652212679,3,200,0.7
2026-10-04T16:35:19Z,48888,472.2,1000,1000,3,2653849307,3,200,0.6
2026-10-04T16:35:50Z,48918,463.3,1000,1000,3,2655544859,3,200,2.6
2026-10-04T16:36:19Z,48948,457.4,1000,1000,3,2657188514,3,200,0.5
2026-10-04T16:36:49Z,48978,465.4,1000,1000,3,2658859985,3,200,1.0
2026-10-04T16:37:19Z,49008,452.2,1000,1000,3,2660579487,3,200,2.6
2026-10-04T16:37:49Z,49038,470.7,1000,1000,3,2662225075,3,200,0.7
2026-10-04T16:38:19Z,49068,467.5,1000,1000,3,2663807762,3,200,0.5
2026-10-04T16:38:49Z,49098,475.8,1000,1000,3,2665478119,3,200,0.8
2026-10-04T16:39:19Z,49128,470.2,1000,1000,3,2667061101,3,200,0.4
2026-10-04T16:39:49Z,49158,477.0,1000,1000,3,2669713477,3,200,0.7
2026-10-04T16:40:19Z,49188,464.7,1000,1000,3,2671422023,3,200,0.4
2026-10-04T16:40:49Z,49218,482.2,1000,1000,3,2673029776,3,200,0.7
2026-10-04T16:41:20Z,49248,465.6,1000,1000,3,2674598470,3,200,0.7
2026-10-04T16:41:49Z,49278,474.8,1000,1000,3,2676118218,3,200,0.8
2026-10-04T16:42:19Z,49308,468.0,1000,1000,3,2677811626,3,200,0.5
2026-10-04T16:42:50Z,49338,470.0,1000,1000,3,2679584105,3,200,0.9
2026-10-04T16:43:19Z,49368,462.9,1000,1000,3,2681281581,3,200,11.9
2026-10-04T16:43:49Z,49398,465.5,1000,1000,3,2683094287,3,200,0.8
2026-10-04T16:44:20Z,49428,461.8,1000,1000,3,2684938182,3,200,0.6
2026-10-04T16:44:49Z,49458,464.7,1000,1000,3,2686631174,3,200,0.8
2026-10-04T16:45:19Z,49488,475.0,1000,1000,3,2688148261,3,200,0.6
2026-10-04T16:45:49Z,49518,459.6,1000,1000,3,2689694957,3,200,0.8
2026-10-04T16:46:19Z,49548,465.7,1000,1000,3,2691210231,3,200,0.5
2026-10-04T16:46:49Z,49578,466.9,1000,1000,3,2692728390,3,200,1.0
2026-10-04T16:47:19Z,49608,461.8,1000,1000,3,2694341018,3,200,0.7
2026-10-04T16:47:49Z,49638,473.4,1000,1000,3,2695919168,3,200,0.8
2026-10-04T16:48:19Z,49668,468.3,1000,1000,3,2697446371,3,200,0.5
2026-10-04T16:48:49Z,49698,467.4,1000,1000,3,2699014660,3,200,0.9
2026-10-04T16:49:19Z,49728,464.4,1000,1000,3,2700592571,3,200,0.6
2026-10-04T16:49:50Z,49758,453.4,1000,1000,3,2702336057,3,200,2.3
2026-10-04T16:50:19Z,49788,472.4,1000,1000,3,2704150305,3,200,3.2
2026-10-04T16:50:49Z,49818,461.4,1000,1000,3,2705866747,3,200,0.8
2026-10-04T16:51:20Z,49848,470.4,1000,1000,3,2707595930,3,200,0.6
2026-10-04T16:51:49Z,49878,456.9,1000,1000,3,2709220792,3,200,0.9
2026-10-04T16:52:19Z,49908,464.8,1000,1000,3,2710880202,3,200,0.7
2026-10-04T16:52:50Z,49939,475.7,1000,1000,3,2712556625,3,200,1.2
2026-10-04T16:53:20Z,49969,465.9,1000,1000,3,2714226382,3,200,0.8
2026-10-04T16:53:50Z,49999,468.7,1000,1000,3,2715861927,3,200,1.2
2026-10-04T16:54:21Z,50029,472.1,1000,1000,3,2717547461,3,200,0.5
2026-10-04T16:54:50Z,50059,463.1,1000,1000,3,2719190582,3,200,1.6
2026-10-04T16:55:20Z,50089,476.2,1000,1000,3,2720849262,3,200,0.7
2026-10-04T16:55:51Z,50119,462.6,1000,1000,3,2722664625,3,200,1.3
2026-10-04T16:56:20Z,50149,462.4,1000,1000,3,2724327793,3,200,0.8
2026-10-04T16:56:50Z,50179,462.9,1000,1000,3,2726000542,3,200,0.4
2026-10-04T16:57:21Z,50209,468.9,1000,1000,3,2727705553,3,200,0.9
2026-10-04T16:57:50Z,50239,465.8,1000,1000,3,2729428828,3,200,0.4
2026-10-04T16:58:20Z,50269,450.5,1000,1000,3,2731050827,3,200,0.9
2026-10-04T16:58:51Z,50299,467.7,1000,1000,3,2732736894,3,200,0.6
2026-10-04T16:59:20Z,50329,466.5,1000,1000,3,2734361454,3,200,0.8
2026-10-04T16:59:50Z,50359,466.7,1000,1000,3,2735946069,3,200,0.9
2026-10-04T17:00:21Z,50389,463.1,1000,1000,3,2737593979,3,200,1.2
2026-10-04T17:00:50Z,50419,471.4,1000,1000,3,2739196241,3,200,5.5
2026-10-04T17:01:20Z,50449,462.7,1000,1000,3,2740799840,3,200,0.8
2026-10-04T17:01:51Z,50479,469.9,1000,1000,3,2742423552,3,200,0.5
2026-10-04T17:02:20Z,50509,466.0,1000,1000,3,2744035023,3,200,1.5
2026-10-04T17:02:50Z,50539,462.7,1000,1000,3,2745612662,3,200,0.6
2026-10-04T17:03:21Z,50569,464.1,1000,1000,3,2747280328,3,200,4.5
2026-10-04T17:03:50Z,50599,469.9,1000,1000,3,2748928636,3,200,0.5
2026-10-04T17:04:20Z,50629,464.8,1000,1000,3,2750563368,3,200,0.8
2026-10-04T17:04:51Z,50659,459.2,1000,1000,3,2752238581,3,200,2.4
2026-10-04T17:05:20Z,50689,460.6,1000,1000,3,2753832427,3,200,0.8
2026-10-04T17:05:50Z,50719,474.9,1000,1000,3,2755384104,3,200,0.6
2026-10-04T17:06:21Z,50750,477.0,1000,1000,3,2756997725,3,200,0.9
2026-10-04T17:06:51Z,50780,472.1,1000,1000,3,2758626324,3,200,0.7
2026-10-04T17:07:21Z,50810,472.9,1000,1000,3,2760274992,3,200,0.9
2026-10-04T17:07:52Z,50840,467.2,1000,1000,3,2761944408,3,200,0.4
2026-10-04T17:08:21Z,50870,476.9,1000,1000,3,2763588928,3,200,1.2
2026-10-04T17:08:51Z,50900,475.3,1000,1000,3,2765303454,3,200,0.6
2026-10-04T17:09:22Z,50930,475.8,1000,1000,3,2766969040,3,200,1.1
2026-10-04T17:09:52Z,50960,485.7,1000,1000,3,2769620816,3,200,19.1
2026-10-04T17:10:21Z,50990,470.5,1000,1000,3,2771260097,3,200,1.0
2026-10-04T17:10:51Z,51020,470.3,1000,1000,3,2772829116,3,200,0.5
2026-10-04T17:11:22Z,51050,459.7,1000,1000,3,2774446360,3,200,0.8
2026-10-04T17:11:51Z,51080,471.7,1000,1000,3,2776177884,3,200,0.5
2026-10-04T17:12:21Z,51110,473.5,1000,1000,3,2777881082,3,200,0.8
2026-10-04T17:12:51Z,51140,466.8,1000,1000,3,2779618256,3,200,0.4
2026-10-04T17:13:21Z,51170,474.0,1000,1000,3,2781297152,3,200,0.9
2026-10-04T17:13:51Z,51200,455.3,1000,1000,3,2782935754,3,200,0.5
2026-10-04T17:14:21Z,51230,474.2,1000,1000,3,2784591384,3,200,0.9
2026-10-04T17:14:51Z,51260,470.1,1000,1000,3,2786241961,3,200,8.0
2026-10-04T17:15:22Z,51290,473.8,1000,1000,3,2787938717,3,200,1.0
2026-10-04T17:15:51Z,51320,473.4,1000,1000,3,2789609417,3,200,0.5
2026-10-04T17:16:21Z,51350,468.3,1000,1000,3,2791261627,3,200,0.9
2026-10-04T17:16:52Z,51380,477.1,1000,1000,3,2793011072,3,200,2.1
2026-10-04T17:17:21Z,51410,468.7,1000,1000,3,2794604544,3,200,0.5
2026-10-04T17:17:51Z,51440,474.5,1000,1000,3,2796231387,3,200,5.7
2026-10-04T17:18:22Z,51470,463.9,1000,1000,3,2797911125,3,200,0.4
2026-10-04T17:18:51Z,51500,466.0,1000,1000,3,2799527620,3,200,0.9
2026-10-04T17:19:21Z,51530,470.1,1000,1000,3,2801100352,3,200,0.5
2026-10-04T17:19:52Z,51560,478.1,1000,1000,3,2802840822,3,200,0.8
2026-10-04T17:20:21Z,51590,467.1,1000,1000,3,2804468337,3,200,0.5
2026-10-04T17:20:51Z,51620,471.8,1000,1000,3,2806088084,3,200,0.7
2026-10-04T17:21:21Z,51650,471.7,1000,1000,3,2807736652,3,200,0.5
2026-10-04T17:21:51Z,51680,475.6,1000,1000,3,2809427229,3,200,0.8
2026-10-04T17:22:21Z,51710,479.1,1000,1000,3,2811045750,3,200,0.5
2026-10-04T17:22:52Z,51740,479.8,1000,1000,3,2812746423,3,200,0.9
2026-10-04T17:23:21Z,51770,462.1,1000,1000,3,2814382018,3,200,0.8
2026-10-04T17:23:51Z,51800,472.3,1000,1000,3,2815994672,3,200,10.5
2026-10-04T17:24:22Z,51830,474.7,1000,1000,3,2817671694,3,200,1.5
2026-10-04T17:24:51Z,51860,467.7,1000,1000,3,2819399147,3,200,0.9
2026-10-04T17:25:21Z,51890,469.4,1000,1000,3,2821066925,3,200,0.5
2026-10-04T17:25:52Z,51920,466.7,1000,1000,3,2822790686,3,200,0.8
2026-10-04T17:26:21Z,51950,472.7,1000,1000,3,2824445292,3,200,0.6
2026-10-04T17:26:51Z,51980,464.5,1000,1000,3,2826052789,3,200,1.6
2026-10-04T17:27:22Z,52010,462.9,1000,1000,3,2827726073,3,200,0.5
2026-10-04T17:27:51Z,52040,475.2,1000,1000,3,2829348871,3,200,0.8
2026-10-04T17:28:21Z,52070,460.8,1000,1000,3,2830966778,3,200,1.1
2026-10-04T17:28:51Z,52100,472.8,1000,1000,3,2832697287,3,200,0.8
2026-10-04T17:29:21Z,52130,461.9,1000,1000,3,2834314677,3,200,0.4
2026-10-04T17:29:51Z,52160,463.3,1000,1000,3,2835908550,3,200,0.9
2026-10-04T17:30:21Z,52190,470.6,1000,1000,3,2837596204,3,200,1.2
2026-10-04T17:30:51Z,52220,474.8,1000,1000,3,2839275724,3,200,8.1
2026-10-04T17:31:22Z,52250,462.8,1000,1000,3,2840980101,3,200,0.5
2026-10-04T17:31:51Z,52280,460.3,1000,1000,3,2842632928,3,200,0.9
2026-10-04T17:32:21Z,52310,471.0,1000,1000,3,2844223665,3,200,0.6
2026-10-04T17:32:52Z,52340,480.1,1000,1000,3,2845932064,3,200,0.8
2026-10-04T17:33:21Z,52370,462.7,1000,1000,3,2847543718,3,200,0.6
2026-10-04T17:33:51Z,52400,464.9,1000,1000,3,2849195405,3,200,0.8
2026-10-04T17:34:21Z,52430,475.3,1000,1000,3,2850840018,3,200,0.5
2026-10-04T17:34:51Z,52460,475.1,1000,1000,3,2852560721,3,200,0.8
2026-10-04T17:35:21Z,52490,465.5,1000,1000,3,2854165963,3,200,0.6
2026-10-04T17:35:52Z,52520,458.8,1000,1000,3,2855811702,3,200,0.7
2026-10-04T17:36:21Z,52550,470.2,1000,1000,3,2857414921,3,200,0.7
2026-10-04T17:36:51Z,52580,474.2,1000,1000,3,2859057738,3,200,1.0
2026-10-04T17:37:22Z,52610,467.7,1000,1000,3,2860727546,3,200,0.6
2026-10-04T17:37:51Z,52640,471.7,1000,1000,3,2862395189,3,200,0.9
2026-10-04T17:38:21Z,52670,475.2,1000,1000,3,2864053003,3,200,0.5
2026-10-04T17:38:51Z,52700,460.8,1000,1000,3,2865771411,3,200,0.4
2026-10-04T17:39:21Z,52730,473.2,1000,1000,3,2867392650,3,200,0.8
2026-10-04T17:39:51Z,52760,468.3,1000,1000,3,2869024430,3,200,0.5
2026-10-04T17:40:21Z,52790,463.7,1000,1000,3,2871709282,3,200,1.0
2026-10-04T17:40:51Z,52820,470.8,1000,1000,3,2873322526,3,200,0.5
2026-10-04T17:41:21Z,52850,463.6,1000,1000,3,2874924168,3,200,0.8
2026-10-04T17:41:51Z,52880,454.9,1000,1000,3,2876544516,3,200,0.7
2026-10-04T17:42:21Z,52910,462.8,1000,1000,3,2878212374,3,200,1.0
2026-10-04T17:42:52Z,52941,474.7,1000,1000,3,2879942830,3,200,0.5
2026-10-04T17:43:22Z,52971,471.0,1000,1000,3,2881559083,3,200,0.9
2026-10-04T17:43:52Z,53001,471.3,1000,1000,3,2883158305,3,200,0.5
2026-10-04T17:44:23Z,53031,466.3,1000,1000,3,2884757418,3,200,1.3
2026-10-04T17:44:52Z,53061,465.9,1000,1000,3,2886425315,3,200,0.6
2026-10-04T17:45:22Z,53091,462.6,1000,1000,3,2887998199,3,200,1.1
2026-10-04T17:45:53Z,53121,469.7,1000,1000,3,2889601653,3,200,1.1
2026-10-04T17:46:22Z,53151,459.0,1000,1000,3,2891248418,3,200,0.9
2026-10-04T17:46:52Z,53181,485.1,1000,1000,3,2892866834,3,200,2.9
2026-10-04T17:47:22Z,53211,462.5,1000,1000,3,2894508961,3,200,0.8
2026-10-04T17:47:52Z,53241,469.8,1000,1000,3,2896036160,3,200,0.5
2026-10-04T17:48:22Z,53271,470.5,1000,1000,3,2897596976,3,200,1.1
2026-10-04T17:48:52Z,53301,467.6,1000,1000,3,2899341967,3,200,0.6
2026-10-04T17:49:22Z,53331,476.0,1000,1000,3,2900985486,3,200,0.9
2026-10-04T17:49:53Z,53361,469.0,1000,1000,3,2902590814,3,200,0.9
2026-10-04T17:50:23Z,53391,470.8,1000,1000,3,2904101781,3,200,1.2
2026-10-04T17:50:52Z,53421,474.6,1000,1000,3,2905631658,3,200,1.3
2026-10-04T17:51:22Z,53451,473.3,1000,1000,3,2907148077,3,200,0.9
2026-10-04T17:51:52Z,53481,470.3,1000,1000,3,2908703988,3,200,0.6
2026-10-04T17:52:23Z,53511,471.5,1000,1000,3,2910304483,3,200,1.0
2026-10-04T17:52:52Z,53541,451.2,1000,1000,3,2911850568,3,200,0.6
2026-10-04T17:53:22Z,53571,465.4,1000,1000,3,2913405260,3,200,1.0
2026-10-04T17:53:53Z,53601,471.2,1000,1000,3,2914965935,3,200,1.8
2026-10-04T17:54:22Z,53631,466.3,1000,1000,3,2916453009,3,200,0.9
2026-10-04T17:54:52Z,53661,477.8,1000,1000,3,2917977979,3,200,0.5
2026-10-04T17:55:22Z,53691,470.4,1000,1000,3,2919596643,3,200,1.0
2026-10-04T17:55:53Z,53722,477.5,1000,1000,3,2921212644,3,200,0.7
2026-10-04T17:56:24Z,53752,462.0,1000,1000,3,2922809485,3,200,1.2
2026-10-04T17:56:53Z,53782,479.5,1000,1000,3,2924329491,3,200,1.0
2026-10-04T17:57:23Z,53812,475.7,1000,1000,3,2925899626,3,200,1.1
2026-10-04T17:57:54Z,53843,468.9,1000,1000,3,2927542258,3,200,1.0
2026-10-04T17:58:24Z,53873,471.3,1000,1000,3,2929132891,3,200,0.8
2026-10-04T17:58:54Z,53903,456.3,1000,1000,3,2930643634,3,200,0.5
2026-10-04T17:59:24Z,53933,465.4,1000,1000,3,2932131380,3,200,0.9
2026-10-04T17:59:54Z,53963,466.5,1000,1000,3,2933797955,3,200,0.5
2026-10-04T18:00:24Z,53993,474.3,1000,1000,3,2935321666,3,200,1.1
2026-10-04T18:00:55Z,54024,463.2,1000,1000,3,2936983126,3,200,0.5
2026-10-04T18:01:25Z,54054,466.7,1000,1000,3,2938686781,3,200,1.0
2026-10-04T18:01:55Z,54084,476.8,1000,1000,3,2940224474,3,200,0.6
2026-10-04T18:02:25Z,54114,472.5,1000,1000,3,2941784154,3,200,0.5
2026-10-04T18:02:55Z,54144,474.5,1000,1000,3,2943369805,3,200,0.9
2026-10-04T18:03:25Z,54174,474.9,1000,1000,3,2944918490,3,200,0.9
2026-10-04T18:03:56Z,54204,454.2,1000,1000,3,2946502149,3,200,0.9
2026-10-04T18:04:25Z,54234,468.4,1000,1000,3,2948006878,3,200,0.5
2026-10-04T18:04:55Z,54264,466.9,1000,1000,3,2949564555,3,200,0.8
2026-10-04T18:05:26Z,54294,454.9,1000,1000,3,2951142219,3,200,0.6
2026-10-04T18:05:55Z,54324,463.9,1000,1000,3,2952630294,3,200,1.1
2026-10-04T18:06:25Z,54354,484.1,1000,1000,3,2954152677,3,200,0.5
2026-10-04T18:06:55Z,54384,461.7,1000,1000,3,2955774298,3,200,0.8
2026-10-04T18:07:25Z,54414,475.3,1000,1000,3,2957348953,3,200,0.5
2026-10-04T18:07:55Z,54444,472.2,1000,1000,3,2958878661,3,200,0.9
2026-10-04T18:08:25Z,54474,463.1,1000,1000,3,2960491287,3,200,0.5
2026-10-04T18:08:55Z,54504,470.6,1000,1000,3,2962032980,3,200,0.8
2026-10-04T18:09:26Z,54534,466.3,1000,1000,3,2963637618,3,200,0.5
2026-10-04T18:09:55Z,54564,459.1,1000,1000,3,2965219250,3,200,0.8
2026-10-04T18:10:25Z,54594,467.4,1000,1000,3,2967877770,3,200,0.6
2026-10-04T18:10:55Z,54624,453.0,1000,1000,3,2969521258,3,200,1.0
2026-10-04T18:11:26Z,54654,467.8,1000,1000,3,2971105660,3,200,0.6
2026-10-04T18:11:55Z,54684,470.6,1000,1000,3,2972675643,3,200,2.0
2026-10-04T18:12:25Z,54714,475.1,1000,1000,3,2974304854,3,200,0.7
2026-10-04T18:12:55Z,54744,462.3,1000,1000,3,2975910452,3,200,1.4
2026-10-04T18:13:25Z,54774,461.8,1000,1000,3,2977421578,3,200,0.5
2026-10-04T18:13:55Z,54804,479.7,1000,1000,3,2978935964,3,200,4.0
2026-10-04T18:14:25Z,54834,463.7,1000,1000,3,2980431839,3,200,0.4
2026-10-04T18:14:55Z,54864,469.8,1000,1000,3,2981939688,3,200,1.0
2026-10-04T18:15:25Z,54894,471.4,1000,1000,3,2983465970,3,200,0.5
2026-10-04T18:15:55Z,54924,471.3,1000,1000,3,2984981457,3,200,1.0
2026-10-04T18:16:25Z,54954,465.9,1000,1000,3,2986554333,3,200,0.7
2026-10-04T18:16:55Z,54984,468.6,1000,1000,3,2988326680,3,200,1.1
2026-10-04T18:17:25Z,55014,466.1,1000,1000,3,2990005912,3,200,0.5
2026-10-04T18:17:55Z,55044,471.0,1000,1000,3,2991504683,3,200,1.1
2026-10-04T18:18:25Z,55074,461.9,1000,1000,3,2992988484,3,200,1.0
2026-10-04T18:18:55Z,55104,461.2,1000,1000,3,2994583175,3,200,0.8
2026-10-04T18:19:25Z,55134,468.4,1000,1000,3,2996072946,3,200,0.8
2026-10-04T18:19:55Z,55164,470.2,1000,1000,3,2997644570,3,200,0.9
2026-10-04T18:20:25Z,55194,460.6,1000,1000,3,2999453100,3,200,0.5
2026-10-04T18:20:55Z,55224,465.0,1000,1000,3,3001165098,3,200,1.1
2026-10-04T18:21:25Z,55254,465.7,1000,1000,3,3002888670,3,200,0.5
2026-10-04T18:21:55Z,55284,462.2,1000,1000,3,3004535389,3,200,1.5
2026-10-04T18:22:25Z,55314,476.4,1000,1000,3,3005996725,3,200,1.0
2026-10-04T18:22:55Z,55344,469.3,1000,1000,3,3007435038,3,200,1.2
2026-10-04T18:23:25Z,55374,471.2,1000,1000,3,3008965925,3,200,1.2
2026-10-04T18:23:55Z,55404,470.2,1000,1000,3,3010486538,3,200,0.7
2026-10-04T18:24:26Z,55434,472.7,1000,1000,3,3012002247,3,200,0.8
2026-10-04T18:24:55Z,55464,474.7,1000,1000,3,3013493146,3,200,0.5
2026-10-04T18:25:25Z,55494,468.8,1000,1000,3,3014984943,3,200,0.8
2026-10-04T18:25:56Z,55524,471.7,1000,1000,3,3016474774,3,200,0.4
2026-10-04T18:26:25Z,55554,469.1,1000,1000,3,3017928621,3,200,1.4
2026-10-04T18:26:55Z,55584,473.3,1000,1000,3,3019344509,3,200,0.5
2026-10-04T18:27:25Z,55614,475.1,1000,1000,3,3020742414,3,200,1.0
2026-10-04T18:27:55Z,55644,466.0,1000,1000,3,3022220674,3,200,0.6
2026-10-04T18:28:25Z,55674,474.3,1000,1000,3,3023652224,3,200,1.0
2026-10-04T18:28:56Z,55704,468.5,1000,1000,3,3025178936,3,200,0.5
2026-10-04T18:29:25Z,55734,470.1,1000,1000,3,3026660774,3,200,0.9
2026-10-04T18:29:55Z,55764,470.5,1000,1000,3,3028209518,3,200,0.7
2026-10-04T18:30:25Z,55794,471.7,1000,1000,3,3029683831,3,200,0.8
2026-10-04T18:30:55Z,55824,471.9,1000,1000,3,3031232351,3,200,0.5
2026-10-04T18:31:25Z,55854,470.6,1000,1000,3,3032692940,3,200,1.0
2026-10-04T18:31:55Z,55884,473.7,1000,1000,3,3034194738,3,200,0.5
2026-10-04T18:32:25Z,55914,475.1,1000,1000,3,3035743448,3,200,0.9
2026-10-04T18:32:55Z,55944,464.2,1000,1000,3,3037308122,3,200,0.6
2026-10-04T18:33:26Z,55974,473.1,1000,1000,3,3038858862,3,200,0.9
2026-10-04T18:33:55Z,56004,467.2,1000,1000,3,3040318020,3,200,1.1
2026-10-04T18:34:25Z,56034,464.8,1000,1000,3,3041852428,3,200,0.9
2026-10-04T18:34:55Z,56064,464.5,1000,1000,3,3043341231,3,200,0.5
2026-10-04T18:35:25Z,56094,464.0,1000,1000,3,3044841574,3,200,0.8
2026-10-04T18:35:55Z,56124,469.5,1000,1000,3,3046347788,3,200,0.7
2026-10-04T18:36:25Z,56154,465.2,1000,1000,3,3047863582,3,200,1.0
2026-10-04T18:36:55Z,56184,476.3,1000,1000,3,3049452288,3,200,0.5
2026-10-04T18:37:25Z,56214,470.5,1000,1000,3,3050990995,3,200,0.8
2026-10-04T18:37:55Z,56244,467.2,1000,1000,3,3052452838,3,200,0.5
2026-10-04T18:38:25Z,56274,461.1,1000,1000,3,3053959653,3,200,1.0
2026-10-04T18:38:55Z,56304,476.1,1000,1000,3,3055459461,3,200,1.4
2026-10-04T18:39:25Z,56334,469.0,1000,1000,3,3056896321,3,200,0.9
2026-10-04T18:39:55Z,56364,479.0,1000,1000,3,3058390131,3,200,0.7
2026-10-04T18:40:25Z,56394,466.5,1000,1000,3,3060969741,3,200,1.0
2026-10-04T18:40:55Z,56424,469.5,1000,1000,3,3062569201,3,200,0.5
2026-10-04T18:41:26Z,56454,454.8,1000,1000,3,3064027587,3,200,1.1
2026-10-04T18:41:55Z,56484,468.7,1000,1000,3,3065425978,3,200,0.5
2026-10-04T18:42:25Z,56514,468.1,1000,1000,3,3066836803,3,200,1.2
2026-10-04T18:42:55Z,56544,477.0,1000,1000,3,3068304603,3,200,0.5
2026-10-04T18:43:25Z,56574,467.1,1000,1000,3,3069791270,3,200,2.2
2026-10-04T18:43:55Z,56604,465.1,1000,1000,3,3071269119,3,200,0.5
2026-10-04T18:44:25Z,56634,472.0,1000,1000,3,3072820815,3,200,1.3
2026-10-04T18:44:55Z,56664,477.7,1000,1000,3,3074248637,3,200,0.6
2026-10-04T18:45:25Z,56694,478.2,1000,1000,3,3075708956,3,200,0.6
2026-10-04T18:45:55Z,56724,472.5,1000,1000,3,3077193176,3,200,0.9
2026-10-04T18:46:25Z,56754,475.6,1000,1000,3,3078608021,3,200,0.6
2026-10-04T18:46:55Z,56784,473.2,1000,1000,3,3080075786,3,200,0.8
2026-10-04T18:47:25Z,56814,465.8,1000,1000,3,3081586579,3,200,1.1
2026-10-04T18:47:55Z,56844,480.8,1000,1000,3,3083163566,3,200,0.9
2026-10-04T18:48:25Z,56874,471.9,1000,1000,3,3084813887,3,200,0.6
2026-10-04T18:48:55Z,56904,462.5,1000,1000,3,3086425452,3,200,0.8
2026-10-04T18:49:25Z,56934,459.6,1000,1000,3,3087914198,3,200,0.6
2026-10-04T18:49:55Z,56964,478.4,1000,1000,3,3089348020,3,200,0.9
2026-10-04T18:50:25Z,56994,473.0,1000,1000,3,3090800052,3,200,0.5
2026-10-04T18:50:55Z,57024,469.4,1000,1000,3,3092214684,3,200,0.9
2026-10-04T18:51:25Z,57054,474.0,1000,1000,3,3093664257,3,200,0.5
2026-10-04T18:51:55Z,57084,471.9,1000,1000,3,3095175633,3,200,4.5
2026-10-04T18:52:25Z,57114,460.6,1000,1000,3,3096617082,3,200,0.5
2026-10-04T18:52:55Z,57144,476.8,1000,1000,3,3098041914,3,200,0.8
2026-10-04T18:53:25Z,57174,467.5,1000,1000,3,3099564640,3,200,0.6
2026-10-04T18:53:55Z,57204,462.0,1000,1000,3,3101020432,3,200,0.9
2026-10-04T18:54:26Z,57235,480.4,1000,1000,3,3102513209,3,200,0.6
2026-10-04T18:54:56Z,57265,475.3,1000,1000,3,3103982996,3,200,0.9
2026-10-04T18:55:26Z,57295,475.1,1000,1000,3,3105458758,3,200,0.6
2026-10-04T18:55:56Z,57325,459.7,1000,1000,3,3106914259,3,200,1.1
2026-10-04T18:56:26Z,57355,453.3,1000,1000,3,3108356362,3,200,0.5
2026-10-04T18:56:56Z,57385,472.3,1000,1000,3,3109767188,3,200,1.0
2026-10-04T18:57:27Z,57415,474.3,1000,1000,3,3111245940,3,200,0.6
2026-10-04T18:57:56Z,57445,463.0,1000,1000,3,3112862709,3,200,1.0
2026-10-04T18:58:26Z,57475,477.8,1000,1000,3,3114416254,3,200,0.6
2026-10-04T18:58:57Z,57505,477.7,1000,1000,3,3115991996,3,200,0.8
2026-10-04T18:59:26Z,57535,472.7,1000,1000,3,3117484663,3,200,0.6
2026-10-04T18:59:56Z,57565,464.1,1000,1000,3,3118992395,3,200,0.8
2026-10-04T19:00:27Z,57595,474.5,1000,1000,3,3120560775,3,200,0.6
2026-10-04T19:00:56Z,57625,461.9,1000,1000,3,3122125742,3,200,0.9
2026-10-04T19:01:26Z,57655,467.0,1000,1000,3,3123605537,3,200,1.8
2026-10-04T19:01:56Z,57685,462.8,1000,1000,3,3125163767,3,200,0.9
2026-10-04T19:02:26Z,57715,465.0,1000,1000,3,3126751985,3,200,0.6
2026-10-04T19:02:56Z,57745,466.8,1000,1000,3,3128221754,3,200,4.2
2026-10-04T19:03:26Z,57775,466.7,1000,1000,3,3129693591,3,200,0.5
2026-10-04T19:03:56Z,57805,472.0,1000,1000,3,3131257271,3,200,0.9
2026-10-04T19:04:26Z,57835,467.3,1000,1000,3,3132642124,3,200,0.7
2026-10-04T19:04:56Z,57865,464.2,1000,1000,3,3134214955,3,200,1.1
2026-10-04T19:05:26Z,57895,471.8,1000,1000,3,3135744519,3,200,0.7
2026-10-04T19:05:56Z,57925,477.1,1000,1000,3,3137225132,3,200,3.1
2026-10-04T19:06:26Z,57955,471.4,1000,1000,3,3138694106,3,200,0.5
2026-10-04T19:06:56Z,57985,464.2,1000,1000,3,3140226832,3,200,2.3
2026-10-04T19:07:26Z,58015,468.1,1000,1000,3,3141730647,3,200,0.5
2026-10-04T19:07:56Z,58045,468.6,1000,1000,3,3143199432,3,200,0.6
2026-10-04T19:08:26Z,58075,471.4,1000,1000,3,3144731139,3,200,0.9
2026-10-04T19:08:56Z,58105,474.6,1000,1000,3,3146220896,3,200,0.7
2026-10-04T19:09:27Z,58136,470.7,1000,1000,3,3147712677,3,200,1.0
2026-10-04T19:09:57Z,58166,465.4,1000,1000,3,3149249272,3,200,0.7
2026-10-04T19:10:27Z,58196,467.8,999,999,4,3150722354,4,200,4.4
2026-10-04T19:10:57Z,58226,474.4,999,999,4,3152151755,4,200,0.7
2026-10-04T19:11:27Z,58256,468.6,999,999,4,3153671956,4,200,0.8
2026-10-04T19:11:58Z,58286,467.1,999,999,4,3155257091,4,200,0.7
2026-10-04T19:12:27Z,58316,475.8,1000,1000,4,3157954372,4,200,0.6
2026-10-04T19:12:57Z,58346,463.5,1000,1000,4,3159581515,4,200,0.5
2026-10-04T19:13:27Z,58376,475.3,1000,1000,4,3161144957,4,200,0.9
2026-10-04T19:13:57Z,58406,466.5,1000,1000,4,3162783776,4,200,0.5
2026-10-04T19:14:27Z,58436,464.8,1000,1000,4,3164469250,4,200,0.8
2026-10-04T19:14:57Z,58466,472.0,1000,1000,4,3165914091,4,200,0.6
2026-10-04T19:15:28Z,58496,470.8,1000,1000,4,3167367909,4,200,1.0
2026-10-04T19:15:57Z,58526,470.6,1000,1000,4,3168765727,4,200,0.5
2026-10-04T19:16:27Z,58556,474.4,1000,1000,4,3170298865,4,200,0.9
2026-10-04T19:16:57Z,58586,471.3,1000,1000,4,3172057784,4,200,0.5
2026-10-04T19:17:27Z,58616,468.9,1000,1000,4,3173912848,4,200,1.1
2026-10-04T19:17:57Z,58646,470.7,1000,1000,4,3175567557,4,200,0.5
2026-10-04T19:18:27Z,58676,468.2,1000,1000,4,3177034183,4,200,1.1
2026-10-04T19:18:57Z,58706,474.8,1000,1000,4,3178767814,4,200,1.2
2026-10-04T19:19:27Z,58736,463.7,1000,1000,4,3180466260,4,200,0.9
2026-10-04T19:19:57Z,58766,474.5,1000,1000,4,3182063854,4,200,0.6
2026-10-04T19:20:27Z,58796,468.0,1000,1000,4,3183737031,4,200,5.4
2026-10-04T19:20:57Z,58826,482.1,1000,1000,4,3185414859,4,200,0.6
2026-10-04T19:21:27Z,58856,466.1,1000,1000,4,3187036548,4,200,1.5
2026-10-04T19:21:57Z,58886,463.8,1000,1000,4,3188727809,4,200,0.4
2026-10-04T19:22:27Z,58916,468.2,1000,1000,4,3190449852,4,200,1.4
2026-10-04T19:22:57Z,58946,468.4,1000,1000,4,3192144283,4,200,0.8
2026-10-04T19:23:27Z,58976,472.8,1000,1000,4,3193893951,4,200,1.0
2026-10-04T19:23:57Z,59006,464.3,1000,1000,4,3195519821,4,200,0.5
2026-10-04T19:24:28Z,59036,466.8,1000,1000,4,3197184331,4,200,1.8
2026-10-04T19:24:57Z,59066,476.1,1000,1000,4,3198854869,4,200,0.7
2026-10-04T19:25:27Z,59096,465.6,1000,1000,4,3200517417,4,200,1.4
2026-10-04T19:25:57Z,59126,463.9,1000,1000,4,3202123040,4,200,0.5
2026-10-04T19:26:27Z,59156,466.9,1000,1000,4,3203824905,4,200,2.5
2026-10-04T19:26:57Z,59186,479.4,1000,1000,4,3205438098,4,200,0.4
2026-10-04T19:27:28Z,59216,462.9,1000,1000,4,3207049801,4,200,0.7
2026-10-04T19:27:57Z,59246,462.3,1000,1000,4,3208669499,4,200,0.5
2026-10-04T19:28:27Z,59276,471.9,1000,1000,4,3210314388,4,200,1.1
2026-10-04T19:28:57Z,59306,472.2,1000,1000,4,3211994412,4,200,0.5
2026-10-04T19:29:27Z,59336,470.6,1000,1000,4,3213586847,4,200,0.5
2026-10-04T19:29:57Z,59366,466.9,1000,1000,4,3215208604,4,200,0.8
2026-10-04T19:30:27Z,59396,475.6,1000,1000,4,3216875926,4,200,0.8
2026-10-04T19:30:57Z,59426,469.2,1000,1000,4,3218429818,4,200,1.1
2026-10-04T19:31:28Z,59456,473.5,1000,1000,4,3220107604,4,200,0.8
2026-10-04T19:31:57Z,59486,461.2,1000,1000,4,3221736827,4,200,0.9
2026-10-04T19:32:27Z,59516,472.5,1000,1000,4,3223388944,4,200,0.6
2026-10-04T19:32:58Z,59546,459.9,1000,1000,4,3225089909,4,200,1.7
2026-10-04T19:33:27Z,59576,472.7,1000,1000,4,3226659893,4,200,0.5
2026-10-04T19:33:57Z,59606,470.8,1000,1000,4,3228248368,4,200,1.0
2026-10-04T19:34:28Z,59636,470.0,1000,1000,4,3229918741,4,200,0.5
2026-10-04T19:34:57Z,59666,480.2,1000,1000,4,3231623113,4,200,1.1
2026-10-04T19:35:27Z,59696,467.5,1000,1000,4,3233355653,4,200,0.5
2026-10-04T19:35:58Z,59726,472.3,1000,1000,4,3235052105,4,200,1.0
2026-10-04T19:36:27Z,59756,459.5,1000,1000,4,3236675346,4,200,0.4
2026-10-04T19:36:57Z,59786,459.6,1000,1000,4,3238306920,4,200,0.9
2026-10-04T19:37:28Z,59816,478.3,1000,1000,4,3239977970,4,200,0.5
2026-10-04T19:37:57Z,59846,473.6,1000,1000,4,3241597341,4,200,0.8
2026-10-04T19:38:27Z,59876,460.9,1000,1000,4,3243209372,4,200,0.7
2026-10-04T19:38:58Z,59906,463.7,1000,1000,4,3244895217,4,200,0.8
2026-10-04T19:39:27Z,59936,466.4,1000,1000,4,3246494069,4,200,0.6
2026-10-04T19:39:57Z,59966,472.5,1000,1000,4,3248070703,4,200,0.8
2026-10-04T19:40:28Z,59996,469.8,1000,1000,4,3249737250,4,200,0.9
2026-10-04T19:40:57Z,60026,477.5,1000,1000,4,3251332870,4,200,1.0
2026-10-04T19:41:27Z,60056,467.6,1000,1000,4,3252948462,4,200,0.6
2026-10-04T19:41:58Z,60087,468.1,1000,1000,4,3254665941,4,200,1.5
2026-10-04T19:42:28Z,60117,471.5,1000,1000,4,3257429040,4,200,0.6
2026-10-04T19:42:58Z,60147,463.6,1000,1000,4,3259055967,4,200,0.8
2026-10-04T19:43:28Z,60177,470.3,1000,1000,4,3260602657,4,200,0.5
2026-10-04T19:43:58Z,60207,466.5,1000,1000,4,3262058421,4,200,0.8
2026-10-04T19:44:28Z,60237,460.5,1000,1000,4,3263480219,4,200,0.5
2026-10-04T19:44:59Z,60267,460.8,1000,1000,4,3264995542,4,200,0.9
2026-10-04T19:45:28Z,60297,472.0,1000,1000,4,3266561572,4,200,0.5
2026-10-04T19:45:58Z,60327,477.5,1000,1000,4,3268052283,4,200,0.8
2026-10-04T19:46:29Z,60357,467.9,1000,1000,4,3269603243,4,200,0.5
2026-10-04T19:46:58Z,60387,459.7,1000,1000,4,3271120794,4,200,1.0
2026-10-04T19:47:28Z,60417,457.9,1000,1000,4,3272715482,4,200,0.5
2026-10-04T19:47:58Z,60447,472.8,1000,1000,4,3274381274,4,200,1.8
2026-10-04T19:48:28Z,60477,467.7,1000,1000,4,3275977560,4,200,1.5
2026-10-04T19:48:59Z,60507,479.0,1000,1000,4,3277648952,4,200,0.9
2026-10-04T19:49:28Z,60537,470.2,1000,1000,4,3279296515,4,200,0.4
2026-10-04T19:49:58Z,60567,467.8,1000,1000,4,3281045889,4,200,1.0
2026-10-04T19:50:29Z,60597,476.2,1000,1000,4,3282816296,4,200,0.5
2026-10-04T19:50:58Z,60627,468.8,1000,1000,4,3284461878,4,200,1.2
2026-10-04T19:51:28Z,60657,458.6,1000,1000,4,3286012517,4,200,1.3
2026-10-04T19:51:59Z,60687,465.9,1000,1000,4,3287639253,4,200,0.6
2026-10-04T19:52:28Z,60717,467.8,1000,1000,4,3289242840,4,200,0.8
2026-10-04T19:52:58Z,60747,471.1,1000,1000,4,3290809529,4,200,0.5
2026-10-04T19:53:29Z,60777,476.1,1000,1000,4,3292467192,4,200,1.0
2026-10-04T19:53:58Z,60807,471.9,1000,1000,4,3294070711,4,200,0.5
2026-10-04T19:54:28Z,60837,480.9,1000,1000,4,3295663404,4,200,0.9
2026-10-04T19:54:59Z,60867,468.3,1000,1000,4,3297276921,4,200,2.6
2026-10-04T19:55:28Z,60897,458.1,1000,1000,4,3298864700,4,200,0.8
2026-10-04T19:55:58Z,60927,476.5,1000,1000,4,3300547188,4,200,0.5
2026-10-04T19:56:29Z,60957,462.9,1000,1000,4,3302255718,4,200,0.8
2026-10-04T19:56:58Z,60987,466.3,1000,1000,4,3303857347,4,200,0.4
2026-10-04T19:57:28Z,61017,468.2,1000,1000,4,3305470000,4,200,0.8
2026-10-04T19:57:59Z,61047,459.1,1000,1000,4,3307137593,4,200,1.2
2026-10-04T19:58:28Z,61077,472.4,1000,1000,4,3308813508,4,200,1.0
2026-10-04T19:58:58Z,61107,465.7,1000,1000,4,3310421769,4,200,0.5
2026-10-04T19:59:29Z,61137,461.4,1000,1000,4,3312016282,4,200,0.9
2026-10-04T19:59:58Z,61167,463.9,1000,1000,4,3313601168,4,200,0.6
2026-10-04T20:00:28Z,61197,472.7,1000,1000,4,3315210784,4,200,0.9
2026-10-04T20:00:59Z,61227,465.6,1000,1000,4,3316857569,4,200,2.1
2026-10-04T20:01:28Z,61257,468.2,1000,1000,4,3318403135,4,200,0.9
2026-10-04T20:01:58Z,61287,461.8,1000,1000,4,3320019751,4,200,0.5
2026-10-04T20:02:29Z,61317,466.6,1000,1000,4,3321837059,4,200,0.8
2026-10-04T20:02:58Z,61347,470.0,1000,1000,4,3323518020,4,200,0.7
2026-10-04T20:03:28Z,61377,461.1,1000,1000,4,3325112079,4,200,2.7
2026-10-04T20:03:59Z,61407,461.5,1000,1000,4,3326767721,4,200,0.6
2026-10-04T20:04:28Z,61437,474.0,1000,1000,4,3328495144,4,200,1.0
2026-10-04T20:04:58Z,61467,477.7,1000,1000,4,3330260479,4,200,0.5
2026-10-04T20:05:28Z,61497,472.5,1000,1000,4,3332006929,4,200,0.8
2026-10-04T20:05:58Z,61527,459.7,1000,1000,4,3333700386,4,200,0.5
2026-10-04T20:06:28Z,61557,463.0,1000,1000,4,3335313932,4,200,0.9
2026-10-04T20:06:58Z,61587,473.8,1000,1000,4,3336908608,4,200,0.4
2026-10-04T20:07:28Z,61617,471.3,1000,1000,4,3338440374,4,200,1.0
2026-10-04T20:07:58Z,61647,465.9,1000,1000,4,3340060985,4,200,0.6
2026-10-04T20:08:28Z,61677,464.0,1000,1000,4,3341801443,4,200,0.8
2026-10-04T20:08:58Z,61707,458.3,1000,1000,4,3343475270,4,200,0.7
2026-10-04T20:09:29Z,61737,471.1,1000,1000,4,3345150902,4,200,0.8
2026-10-04T20:09:58Z,61767,460.2,1000,1000,4,3346730279,4,200,0.4
2026-10-04T20:10:28Z,61797,473.7,1000,1000,4,3348337705,4,200,1.4
2026-10-04T20:10:59Z,61827,468.2,1000,1000,4,3349984858,4,200,0.5
2026-10-04T20:11:28Z,61857,465.5,1000,1000,4,3351594826,4,200,1.4
2026-10-04T20:11:58Z,61887,471.4,1000,1000,4,3353235868,4,200,0.5
2026-10-04T20:12:28Z,61917,497.6,1000,1000,4,3355997290,4,200,9.5
2026-10-04T20:12:58Z,61947,478.5,1000,1000,4,3357498388,4,200,0.9
2026-10-04T20:13:28Z,61977,478.7,1000,1000,4,3359052978,4,200,1.6
2026-10-04T20:13:58Z,62007,480.6,1000,1000,4,3360544617,4,200,1.2
2026-10-04T20:14:28Z,62037,474.2,1000,1000,4,3362080347,4,200,0.7
2026-10-04T20:14:58Z,62067,471.8,1000,1000,4,3363702187,4,200,0.9
2026-10-04T20:15:28Z,62097,471.4,1000,1000,4,3365249713,4,200,0.7
2026-10-04T20:15:59Z,62127,466.4,1000,1000,4,3366790901,4,200,0.8
2026-10-04T20:16:28Z,62157,467.1,1000,1000,4,3368329518,4,200,0.6
2026-10-04T20:16:58Z,62187,475.6,1000,1000,4,3369905488,4,200,1.0
2026-10-04T20:17:28Z,62217,480.2,1000,1000,4,3371499371,4,200,0.5
2026-10-04T20:17:58Z,62247,456.4,1000,1000,4,3373121389,4,200,1.1
2026-10-04T20:18:28Z,62277,477.1,1000,1000,4,3374657666,4,200,0.5
2026-10-04T20:18:59Z,62307,467.5,1000,1000,4,3376253811,4,200,0.8
2026-10-04T20:19:28Z,62337,472.2,1000,1000,4,3377954268,4,200,0.5
2026-10-04T20:19:58Z,62367,465.1,1000,1000,4,3379567832,4,200,0.8
2026-10-04T20:20:29Z,62397,468.4,1000,1000,4,3381250727,4,200,0.5
2026-10-04T20:20:58Z,62427,477.7,1000,1000,4,3382801734,4,200,1.2
2026-10-04T20:21:28Z,62457,464.5,1000,1000,4,3384396720,4,200,0.5
2026-10-04T20:21:59Z,62487,477.1,1000,1000,4,3386083039,4,200,0.9
2026-10-04T20:22:28Z,62517,467.8,1000,1000,4,3387709126,4,200,0.4
2026-10-04T20:22:58Z,62547,476.8,1000,1000,4,3389337277,4,200,0.8
2026-10-04T20:23:29Z,62577,468.8,1000,1000,4,3390957251,4,200,1.2
2026-10-04T20:23:58Z,62607,459.9,1000,1000,4,3392582877,4,200,1.0
2026-10-04T20:24:28Z,62637,459.4,1000,1000,4,3394226457,4,200,0.5
2026-10-04T20:24:59Z,62667,477.7,1000,1000,4,3395961943,4,200,2.2
2026-10-04T20:25:28Z,62697,459.3,1000,1000,4,3397610521,4,200,0.5
2026-10-04T20:25:58Z,62727,472.6,1000,1000,4,3399258072,4,200,1.5
2026-10-04T20:26:29Z,62757,464.1,1000,1000,4,3400975440,4,200,0.4
2026-10-04T20:26:58Z,62787,454.8,1000,1000,4,3402652763,4,200,0.8
2026-10-04T20:27:28Z,62817,465.6,1000,1000,4,3404313661,4,200,0.5
2026-10-04T20:27:59Z,62847,461.0,1000,1000,4,3406050163,4,200,1.2
2026-10-04T20:28:28Z,62877,467.6,1000,1000,4,3407676597,4,200,0.6
2026-10-04T20:28:58Z,62907,468.3,1000,1000,4,3409347658,4,200,0.9
2026-10-04T20:29:28Z,62937,464.6,1000,1000,4,3411099759,4,200,0.5
2026-10-04T20:29:58Z,62967,471.0,1000,1000,4,3412728379,4,200,0.8
2026-10-04T20:30:28Z,62997,478.1,1000,1000,4,3414422881,4,200,0.6
2026-10-04T20:30:58Z,63027,472.1,1000,1000,4,3416210235,4,200,2.2
2026-10-04T20:31:28Z,63057,466.8,1000,1000,4,3417897739,4,200,0.5
2026-10-04T20:31:59Z,63087,473.8,1000,1000,4,3419562356,4,200,1.0
2026-10-04T20:32:28Z,63117,473.2,1000,1000,4,3421213980,4,200,0.8
2026-10-04T20:32:58Z,63147,468.7,1000,1000,4,3422873965,4,200,1.2
2026-10-04T20:33:29Z,63177,452.8,1000,1000,4,3424548393,4,200,0.7
2026-10-04T20:33:58Z,63207,466.9,1000,1000,4,3426179581,4,200,1.0
2026-10-04T20:34:28Z,63237,471.8,1000,1000,4,3427836224,4,200,0.8
2026-10-04T20:34:58Z,63267,454.8,1000,1000,4,3429524820,4,200,0.6
2026-10-04T20:35:28Z,63297,466.8,1000,1000,4,3431197354,4,200,1.6
2026-10-04T20:35:58Z,63327,465.7,1000,1000,4,3432865030,4,200,1.1
2026-10-04T20:36:28Z,63357,467.3,1000,1000,4,3434577417,4,200,0.9
2026-10-04T20:36:58Z,63387,463.5,1000,1000,4,3436226934,4,200,0.4
2026-10-04T20:37:28Z,63417,476.9,1000,1000,4,3437872587,4,200,0.9
2026-10-04T20:37:58Z,63447,469.4,1000,1000,4,3439600424,4,200,0.7
2026-10-04T20:38:28Z,63477,472.9,1000,1000,4,3441234684,4,200,1.4
2026-10-04T20:38:58Z,63507,469.6,1000,1000,4,3442938433,4,200,1.0
2026-10-04T20:39:28Z,63537,470.9,1000,1000,4,3444755830,4,200,1.3
2026-10-04T20:39:58Z,63567,465.8,1000,1000,4,3446414025,4,200,0.7
2026-10-04T20:40:29Z,63597,462.1,1000,1000,4,3448053694,4,200,0.8
2026-10-04T20:40:58Z,63627,462.1,1000,1000,4,3449710258,4,200,0.5
2026-10-04T20:41:28Z,63657,464.1,1000,1000,4,3451362676,4,200,0.9
2026-10-04T20:41:59Z,63687,472.4,1000,1000,4,3453048292,4,200,0.5
2026-10-04T20:42:28Z,63717,471.8,1000,1000,4,3454675031,4,200,0.8
2026-10-04T20:42:58Z,63747,469.6,1000,1000,4,3457370720,4,200,0.5
2026-10-04T20:43:29Z,63778,478.3,1000,1000,4,3459191821,4,200,0.8
2026-10-04T20:43:59Z,63808,477.6,1000,1000,4,3460854377,4,200,0.5
2026-10-04T20:44:29Z,63838,471.1,1000,1000,4,3462436035,4,200,1.1
2026-10-04T20:45:00Z,63868,455.4,1000,1000,4,3464074642,4,200,0.9
2026-10-04T20:45:29Z,63898,467.8,1000,1000,4,3465632367,4,200,0.8
2026-10-04T20:45:59Z,63928,464.0,1000,1000,4,3467162125,4,200,0.5
2026-10-04T20:46:30Z,63958,467.7,1000,1000,4,3468849693,4,200,0.7
2026-10-04T20:46:59Z,63988,480.2,1000,1000,4,3470440389,4,200,0.5
2026-10-04T20:47:29Z,64018,456.6,1000,1000,4,3472033083,4,200,0.8
2026-10-04T20:47:59Z,64048,472.0,1000,1000,4,3473663028,4,200,4.6
2026-10-04T20:48:29Z,64078,464.7,1000,1000,4,3475260449,4,200,0.9
2026-10-04T20:48:59Z,64108,456.3,1000,1000,4,3476847569,4,200,0.6
2026-10-04T20:49:29Z,64138,469.2,1000,1000,4,3478503529,4,200,0.8
2026-10-04T20:49:59Z,64168,482.7,1000,1000,4,3480163341,4,200,0.9
2026-10-04T20:50:30Z,64198,466.3,1000,1000,4,3481830954,4,200,1.0
2026-10-04T20:50:59Z,64228,468.9,1000,1000,4,3483399693,4,200,0.5
2026-10-04T20:51:29Z,64258,464.7,1000,1000,4,3485007361,4,200,0.7
2026-10-04T20:51:59Z,64288,469.1,1000,1000,4,3486578334,4,200,0.4
2026-10-04T20:52:29Z,64318,469.2,1000,1000,4,3488203730,4,200,0.8
2026-10-04T20:52:59Z,64348,468.8,1000,1000,4,3489746455,4,200,0.5
2026-10-04T20:53:30Z,64378,474.6,1000,1000,4,3491383648,4,200,0.8
2026-10-04T20:53:59Z,64408,467.0,1000,1000,4,3493038650,4,200,0.4
2026-10-04T20:54:29Z,64438,460.2,1000,1000,4,3494626295,4,200,1.1
2026-10-04T20:55:00Z,64468,466.8,1000,1000,4,3496269877,4,200,0.5
2026-10-04T20:55:29Z,64498,460.6,1000,1000,4,3497894506,4,200,1.2
2026-10-04T20:55:59Z,64528,470.4,1000,1000,4,3499527150,4,200,1.3
2026-10-04T20:56:30Z,64558,463.4,1000,1000,4,3501191677,4,200,0.6
2026-10-04T20:56:59Z,64588,467.7,1000,1000,4,3502807311,4,200,0.9
2026-10-04T20:57:29Z,64618,468.2,1000,1000,4,3504393738,4,200,1.8
2026-10-04T20:58:00Z,64648,466.0,1000,1000,4,3506056539,4,200,1.0
2026-10-04T20:58:29Z,64678,475.4,1000,1000,4,3507634179,4,200,0.5
2026-10-04T20:58:59Z,64708,469.3,1000,1000,4,3509225810,4,200,0.9
2026-10-04T20:59:29Z,64738,473.8,1000,1000,4,3510864425,4,200,0.5
2026-10-04T20:59:59Z,64768,469.4,1000,1000,4,3512493005,4,200,0.8
2026-10-04T21:00:30Z,64799,464.7,1000,1000,4,3514294681,4,200,2.0
2026-10-04T21:01:00Z,64829,458.3,1000,1000,4,3516074685,4,200,0.8
2026-10-04T21:01:30Z,64859,475.5,1000,1000,4,3517770135,4,200,0.5
2026-10-04T21:02:00Z,64889,461.7,1000,1000,4,3519478146,4,200,0.8
2026-10-04T21:02:30Z,64919,469.5,1000,1000,4,3521211798,4,200,0.6
2026-10-04T21:03:00Z,64949,473.4,1000,1000,4,3522795681,4,200,0.9
2026-10-04T21:03:31Z,64979,470.7,1000,1000,4,3524491486,4,200,1.2
2026-10-04T21:04:00Z,65009,469.5,1000,1000,4,3526158761,4,200,1.0
2026-10-04T21:04:30Z,65039,462.6,1000,1000,4,3527808201,4,200,0.4
2026-10-04T21:05:01Z,65069,466.0,1000,1000,4,3529470742,4,200,1.1
2026-10-04T21:05:30Z,65099,461.8,1000,1000,4,3531075329,4,200,0.6
2026-10-04T21:06:00Z,65129,470.6,1000,1000,4,3532718854,4,200,0.9
2026-10-04T21:06:31Z,65159,457.2,1000,1000,4,3534440186,4,200,0.7
2026-10-04T21:07:00Z,65189,472.9,1000,1000,4,3536054870,4,200,0.9
2026-10-04T21:07:30Z,65219,473.5,1000,1000,4,3537613826,4,200,0.7
2026-10-04T21:08:00Z,65249,459.1,1000,1000,4,3539267077,4,200,1.3
2026-10-04T21:08:30Z,65279,467.7,1000,1000,4,3540867696,4,200,1.0
2026-10-04T21:09:01Z,65309,475.9,1000,1000,4,3542555174,4,200,1.2
2026-10-04T21:09:30Z,65339,463.8,1000,1000,4,3544164967,4,200,0.5
2026-10-04T21:10:00Z,65369,465.4,1000,1000,4,3545756939,4,200,0.8
2026-10-04T21:10:31Z,65399,479.1,1000,1000,4,3547443756,4,200,1.5
2026-10-04T21:11:00Z,65429,468.1,1000,1000,4,3549070034,4,200,0.7
2026-10-04T21:11:30Z,65459,468.3,1000,1000,4,3550718161,4,200,0.5
2026-10-04T21:12:01Z,65490,474.4,1000,1000,4,3552403531,4,200,0.9
2026-10-04T21:12:31Z,65520,472.3,1000,1000,4,3554068900,4,200,0.7
2026-10-04T21:13:01Z,65550,481.8,1000,1000,4,3556669090,4,200,0.9
2026-10-04T21:13:31Z,65580,474.7,1000,1000,4,3558170399,4,200,1.2
2026-10-04T21:14:01Z,65610,465.9,1000,1000,4,3559748985,4,200,1.0
2026-10-04T21:14:31Z,65640,471.4,1000,1000,4,3561256632,4,200,0.5
2026-10-04T21:15:01Z,65670,473.8,1000,1000,4,3562812316,4,200,1.0
2026-10-04T21:15:31Z,65700,468.9,1000,1000,4,3564380966,4,200,0.5
2026-10-04T21:16:01Z,65730,463.5,1000,1000,4,3565935608,4,200,0.9
2026-10-04T21:16:31Z,65760,462.7,1000,1000,4,3567420326,4,200,0.5
2026-10-04T21:17:01Z,65790,474.5,1000,1000,4,3569037868,4,200,0.9
2026-10-04T21:17:31Z,65820,465.5,1000,1000,4,3570561643,4,200,0.4
2026-10-04T21:18:02Z,65851,473.6,1000,1000,4,3572124746,4,200,4.4
2026-10-04T21:18:32Z,65881,468.9,1000,1000,4,3573662908,4,200,2.3
2026-10-04T21:19:02Z,65911,473.6,1000,1000,4,3575190597,4,200,2.2
2026-10-04T21:19:33Z,65941,470.4,1000,1000,4,3576781297,4,200,0.6
2026-10-04T21:20:02Z,65971,475.8,1000,1000,4,3578387862,4,200,0.5
2026-10-04T21:20:32Z,66001,474.4,1000,1000,4,3580035334,4,200,1.1
2026-10-04T21:21:02Z,66031,469.5,1000,1000,4,3581683864,4,200,0.9
2026-10-04T21:21:32Z,66061,469.3,1000,1000,4,3583202573,4,200,0.7
2026-10-04T21:22:02Z,66091,482.4,1000,1000,4,3584888318,4,200,0.5
2026-10-04T21:22:32Z,66121,458.7,1000,1000,4,3586511724,4,200,0.9
2026-10-04T21:23:02Z,66151,481.8,1000,1000,4,3588046493,4,200,0.5
2026-10-04T21:23:33Z,66181,464.5,1000,1000,4,3589788735,4,200,0.9
2026-10-04T21:24:02Z,66211,466.0,1000,1000,4,3591564233,4,200,0.7
2026-10-04T21:24:32Z,66241,461.7,1000,1000,4,3593138884,4,200,0.8
2026-10-04T21:25:03Z,66271,466.7,1000,1000,4,3594790480,4,200,0.5
2026-10-04T21:25:32Z,66301,468.8,1000,1000,4,3596460987,4,200,0.9
2026-10-04T21:26:02Z,66331,476.0,1000,1000,4,3598133515,4,200,0.6
2026-10-04T21:26:32Z,66361,461.9,1000,1000,4,3599779155,4,200,0.8
2026-10-04T21:27:02Z,66391,473.6,1000,1000,4,3601388790,4,200,0.5
2026-10-04T21:27:32Z,66421,481.1,1000,1000,4,3602936505,4,200,0.9
2026-10-04T21:28:02Z,66451,460.4,1000,1000,4,3604572105,4,200,0.5
2026-10-04T21:28:32Z,66481,469.9,1000,1000,4,3606183695,4,200,0.9
2026-10-04T21:29:03Z,66511,467.5,1000,1000,4,3607815040,4,200,0.8
2026-10-04T21:29:32Z,66541,470.6,1000,1000,4,3609522070,4,200,0.8
2026-10-04T21:30:02Z,66571,463.2,1000,1000,4,3611085429,4,200,0.5
2026-10-04T21:30:33Z,66601,475.0,1000,1000,4,3612707251,4,200,3.3
2026-10-04T21:31:02Z,66631,465.6,1000,1000,4,3614246750,4,200,0.5
2026-10-04T21:31:32Z,66661,468.6,1000,1000,4,3615781464,4,200,1.0
2026-10-04T21:32:03Z,66691,472.9,1000,1000,4,3617425040,4,200,0.5
2026-10-04T21:32:32Z,66721,453.5,1000,1000,4,3618998749,4,200,1.0
2026-10-04T21:33:02Z,66751,477.0,1000,1000,4,3620576446,4,200,0.6
2026-10-04T21:33:32Z,66781,461.0,1000,1000,4,3622213072,4,200,0.8
2026-10-04T21:34:02Z,66811,465.3,1000,1000,4,3623797755,4,200,0.7
2026-10-04T21:34:32Z,66841,474.3,1000,1000,4,3625408655,4,200,0.9
2026-10-04T21:35:02Z,66871,464.4,1000,1000,4,3627103963,4,200,0.6
2026-10-04T21:35:32Z,66901,459.7,1000,1000,4,3628773649,4,200,2.2
2026-10-04T21:36:03Z,66931,472.7,1000,1000,4,3630516954,4,200,0.4
2026-10-04T21:36:32Z,66961,472.6,1000,1000,4,3632170529,4,200,1.0
2026-10-04T21:37:02Z,66991,470.4,1000,1000,4,3633811526,4,200,0.5
2026-10-04T21:37:33Z,67021,465.5,1000,1000,4,3635509668,4,200,1.6
2026-10-04T21:38:02Z,67051,464.7,1000,1000,4,3637175214,4,200,0.5
2026-10-04T21:38:32Z,67081,470.6,1000,1000,4,3638875032,4,200,1.8
2026-10-04T21:39:02Z,67111,478.4,1000,1000,4,3640599133,4,200,0.6
2026-10-04T21:39:32Z,67141,463.6,1000,1000,4,3642274709,4,200,0.7
2026-10-04T21:40:03Z,67171,475.0,1000,1000,4,3643984236,4,200,0.6
2026-10-04T21:40:32Z,67201,481.1,1000,1000,4,3645657768,4,200,1.3
2026-10-04T21:41:02Z,67231,469.0,1000,1000,4,3647287223,4,200,0.6
2026-10-04T21:41:33Z,67261,466.4,1000,1000,4,3648955001,4,200,0.5
2026-10-04T21:42:02Z,67291,477.5,1000,1000,4,3650548687,4,200,1.5
2026-10-04T21:42:32Z,67321,472.9,1000,1000,4,3652200263,4,200,0.5
2026-10-04T21:43:03Z,67351,472.2,1000,1000,4,3655023876,4,200,0.9
2026-10-04T21:43:32Z,67381,476.2,1000,1000,4,3656593212,4,200,0.4
2026-10-04T21:44:02Z,67411,472.0,1000,1000,4,3658145874,4,200,1.4
2026-10-04T21:44:33Z,67441,470.0,1000,1000,4,3659798399,4,200,0.5
2026-10-04T21:45:02Z,67471,477.1,1000,1000,4,3661354055,4,200,0.9
2026-10-04T21:45:32Z,67501,471.0,1000,1000,4,3662890806,4,200,0.6
2026-10-04T21:46:02Z,67531,468.1,1000,1000,4,3664479541,4,200,0.9
2026-10-04T21:46:32Z,67561,467.4,1000,1000,4,3666054205,4,200,0.7
2026-10-04T21:47:02Z,67591,474.6,1000,1000,4,3667714536,4,200,1.3
2026-10-04T21:47:32Z,67621,474.4,1000,1000,4,3669367255,4,200,0.7
2026-10-04T21:48:02Z,67651,466.0,1000,1000,4,3670933280,4,200,0.8
2026-10-04T21:48:33Z,67681,471.6,1000,1000,4,3672596426,4,200,0.4
2026-10-04T21:49:02Z,67711,463.2,1000,1000,4,3674189040,4,200,1.1
2026-10-04T21:49:32Z,67741,479.0,1000,1000,4,3675772712,4,200,0.6
2026-10-04T21:50:03Z,67771,464.1,1000,1000,4,3677523159,4,200,0.9
2026-10-04T21:50:32Z,67801,480.5,1000,1000,4,3679177729,4,200,0.7
2026-10-04T21:51:02Z,67831,470.6,1000,1000,4,3680855250,4,200,1.0
2026-10-04T21:51:32Z,67861,474.0,1000,1000,4,3682466080,4,200,0.5
2026-10-04T21:52:02Z,67891,472.6,1000,1000,4,3684165229,4,200,0.8
2026-10-04T21:52:32Z,67921,474.6,1000,1000,4,3685781253,4,200,0.5
2026-10-04T21:53:03Z,67951,460.8,1000,1000,4,3687497607,4,200,0.8
2026-10-04T21:53:32Z,67981,477.2,1000,1000,4,3689116871,4,200,0.4
2026-10-04T21:54:02Z,68011,477.4,1000,1000,4,3690719353,4,200,0.8
2026-10-04T21:54:32Z,68041,474.2,1000,1000,4,3692514268,4,200,0.8
2026-10-04T21:55:02Z,68071,471.7,1000,1000,4,3694209423,4,200,0.8
2026-10-04T21:55:32Z,68101,463.0,1000,1000,4,3695872500,4,200,0.7
2026-10-04T21:56:02Z,68131,469.1,1000,1000,4,3697658533,4,200,0.9
2026-10-04T21:56:32Z,68161,461.4,1000,1000,4,3699314493,4,200,0.4
2026-10-04T21:57:02Z,68191,473.1,1000,1000,4,3701009735,4,200,0.9
2026-10-04T21:57:32Z,68221,470.7,1000,1000,4,3702726245,4,200,0.8
2026-10-04T21:58:02Z,68251,469.5,1000,1000,4,3704379173,4,200,5.3
2026-10-04T21:58:32Z,68281,479.1,1000,1000,4,3706068305,4,200,1.2
2026-10-04T21:59:02Z,68311,463.3,1000,1000,4,3707822752,4,200,0.8
2026-10-04T21:59:32Z,68341,460.2,1000,1000,4,3709507408,4,200,0.6
2026-10-04T22:00:03Z,68371,475.9,1000,1000,4,3711230761,4,200,1.0
2026-10-04T22:00:32Z,68401,479.0,1000,1000,4,3712882780,4,200,0.6
2026-10-04T22:01:02Z,68431,476.3,1000,1000,4,3714562882,4,200,1.0
2026-10-04T22:01:32Z,68461,481.0,1000,1000,4,3716071609,4,200,0.5
2026-10-04T22:02:02Z,68491,456.8,1000,1000,4,3717578392,4,200,2.8
2026-10-04T22:02:32Z,68521,476.7,1000,1000,4,3719092169,4,200,0.6
2026-10-04T22:03:03Z,68551,474.2,1000,1000,4,3720586945,4,200,2.2
2026-10-04T22:03:32Z,68581,473.7,1000,1000,4,3722043458,4,200,0.7
2026-10-04T22:04:02Z,68611,472.4,1000,1000,4,3723545576,4,200,0.5
2026-10-04T22:04:33Z,68641,470.9,1000,1000,4,3725113294,4,200,2.9
2026-10-04T22:05:02Z,68671,477.1,1000,1000,4,3726627047,4,200,1.4
2026-10-04T22:05:32Z,68701,462.8,1000,1000,4,3728069506,4,200,0.9
2026-10-04T22:06:02Z,68731,463.2,1000,1000,4,3729565699,4,200,0.5
2026-10-04T22:06:32Z,68761,469.6,1000,1000,4,3731045698,4,200,0.8
2026-10-04T22:07:02Z,68791,475.9,1000,1000,4,3732565338,4,200,0.5
2026-10-04T22:07:32Z,68821,465.4,1000,1000,4,3734130981,4,200,0.9
2026-10-04T22:08:02Z,68851,472.1,1000,1000,4,3735656722,4,200,3.9
2026-10-04T22:08:33Z,68881,463.6,1000,1000,4,3737357259,4,200,0.9
2026-10-04T22:09:02Z,68911,474.7,1000,1000,4,3738899458,4,200,1.6
2026-10-04T22:09:32Z,68941,474.2,1000,1000,4,3740370697,4,200,0.8
2026-10-04T22:10:03Z,68971,479.0,1000,1000,4,3742038243,4,200,0.5
2026-10-04T22:10:32Z,69001,473.5,1000,1000,4,3743676566,4,200,0.8
2026-10-04T22:11:02Z,69031,474.0,1000,1000,4,3745163405,4,200,0.6
2026-10-04T22:11:33Z,69061,472.4,1000,1000,4,3746784038,4,200,0.8
2026-10-04T22:12:02Z,69091,461.0,1000,1000,4,3748298701,4,200,0.5
2026-10-04T22:12:32Z,69121,473.7,1000,1000,4,3749770855,4,200,0.7
2026-10-04T22:13:03Z,69151,464.1,1000,1000,4,3752335635,4,200,1.7
2026-10-04T22:13:32Z,69181,473.8,1000,1000,4,3754004641,4,200,0.8
2026-10-04T22:14:02Z,69211,467.1,1000,1000,4,3755531295,4,200,0.5
2026-10-04T22:14:33Z,69241,454.4,1000,1000,4,3757193891,4,200,1.0
2026-10-04T22:15:02Z,69271,469.9,1000,1000,4,3758734581,4,200,0.5
2026-10-04T22:15:32Z,69301,463.5,1000,1000,4,3760294828,4,200,0.7
2026-10-04T22:16:02Z,69331,471.0,1000,1000,4,3761983081,4,200,0.5
2026-10-04T22:16:32Z,69361,470.8,1000,1000,4,3763636145,4,200,0.8
2026-10-04T22:17:03Z,69392,464.1,1000,1000,4,3765289899,4,200,0.5
2026-10-04T22:17:33Z,69422,467.4,1000,1000,4,3766901299,4,200,0.8
2026-10-04T22:18:03Z,69452,476.9,1000,1000,4,3768471931,4,200,0.4
2026-10-04T22:18:34Z,69482,466.7,1000,1000,4,3770110991,4,200,0.9
2026-10-04T22:19:03Z,69512,450.9,1000,1000,4,3771707254,4,200,0.5
2026-10-04T22:19:33Z,69542,468.9,1000,1000,4,3773351660,4,200,1.0
2026-10-04T22:20:04Z,69572,455.8,1000,1000,4,3775089310,4,200,0.7
2026-10-04T22:20:33Z,69602,487.9,1000,1000,4,3776763976,4,200,2.3
2026-10-04T22:21:03Z,69632,463.6,1000,1000,4,3778466046,4,200,0.9
2026-10-04T22:21:33Z,69662,464.0,1000,1000,4,3780177230,4,200,1.0
2026-10-04T22:22:03Z,69692,464.5,1000,1000,4,3781828105,4,200,1.2
2026-10-04T22:22:33Z,69722,478.3,1000,1000,4,3783480639,4,200,4.8
2026-10-04T22:23:03Z,69752,469.0,1000,1000,4,3785190079,4,200,1.1
2026-10-04T22:23:33Z,69782,471.4,1000,1000,4,3786825377,4,200,1.2
2026-10-04T22:24:04Z,69812,480.0,1000,1000,4,3788517141,4,200,0.4
2026-10-04T22:24:33Z,69842,460.0,1000,1000,4,3790151893,4,200,0.5
2026-10-04T22:25:03Z,69872,469.9,1000,1000,4,3791750303,4,200,0.8
2026-10-04T22:25:34Z,69902,464.7,1000,1000,4,3793458459,4,200,0.4
2026-10-04T22:26:03Z,69932,472.0,1000,1000,4,3795084243,4,200,0.9
2026-10-04T22:26:33Z,69962,472.1,1000,1000,4,3796734672,4,200,0.5
2026-10-04T22:27:03Z,69992,450.9,1000,1000,4,3798457625,4,200,1.4
2026-10-04T22:27:33Z,70022,470.6,1000,1000,4,3799949980,4,200,2.3
2026-10-04T22:28:03Z,70052,468.0,1000,1000,4,3801371801,4,200,1.2
2026-10-04T22:28:33Z,70082,452.2,1000,1000,4,3803056367,4,200,0.4
2026-10-04T22:29:03Z,70112,454.7,1000,1000,4,3804644029,4,200,0.9
2026-10-04T22:29:34Z,70142,470.8,1000,1000,4,3806180744,4,200,4.3
2026-10-04T22:30:03Z,70172,470.7,1000,1000,4,3807909470,4,200,0.8
2026-10-04T22:30:33Z,70202,480.8,1000,1000,4,3809612421,4,200,0.4
2026-10-04T22:31:04Z,70232,467.0,1000,1000,4,3811285723,4,200,0.8
2026-10-04T22:31:33Z,70262,470.2,1000,1000,4,3812998554,4,200,1.3
2026-10-04T22:32:03Z,70292,469.6,1000,1000,4,3814761898,4,200,1.4
2026-10-04T22:32:34Z,70322,461.3,1000,1000,4,3816459287,4,200,0.5
2026-10-04T22:33:03Z,70352,472.0,1000,1000,4,3818051960,4,200,0.8
2026-10-04T22:33:33Z,70382,460.5,1000,1000,4,3819663989,4,200,0.6
2026-10-04T22:34:03Z,70412,458.9,1000,1000,4,3821319156,4,200,0.8
2026-10-04T22:34:33Z,70442,460.6,1000,1000,4,3822905754,4,200,0.4
2026-10-04T22:35:04Z,70472,464.6,1000,1000,4,3824606281,4,200,0.9
2026-10-04T22:35:33Z,70502,474.0,1000,1000,4,3826208532,4,200,0.6
2026-10-04T22:36:03Z,70532,465.6,1000,1000,4,3827832525,4,200,1.0
2026-10-04T22:36:33Z,70562,474.9,1000,1000,4,3829602746,4,200,0.5
2026-10-04T22:37:03Z,70592,469.9,1000,1000,4,3831327972,4,200,1.1
2026-10-04T22:37:33Z,70622,470.6,1000,1000,4,3832996766,4,200,0.6
2026-10-04T22:38:04Z,70652,465.7,1000,1000,4,3834713394,4,200,1.2
2026-10-04T22:38:33Z,70682,465.7,1000,1000,4,3836369924,4,200,0.6
2026-10-04T22:39:03Z,70712,463.9,1000,1000,4,3838004547,4,200,0.9
2026-10-04T22:39:34Z,70742,459.9,1000,1000,4,3839686112,4,200,0.5
2026-10-04T22:40:03Z,70772,462.7,1000,1000,4,3841288784,4,200,0.8
2026-10-04T22:40:33Z,70802,476.5,1000,1000,4,3842913414,4,200,0.5
2026-10-04T22:41:04Z,70832,463.6,1000,1000,4,3844621901,4,200,1.1
2026-10-04T22:41:33Z,70862,471.1,1000,1000,4,3846219541,4,200,0.7
2026-10-04T22:42:03Z,70892,460.9,1000,1000,4,3847803185,4,200,0.9
2026-10-04T22:42:33Z,70922,463.4,1000,1000,4,3849409873,4,200,0.6
2026-10-04T22:43:03Z,70952,470.7,1000,1000,4,3852094013,4,200,0.9
2026-10-04T22:43:33Z,70982,469.1,1000,1000,4,3853844767,4,200,0.5
2026-10-04T22:44:03Z,71012,469.1,1000,1000,4,3855568623,4,200,1.1
2026-10-04T22:44:33Z,71042,463.6,1000,1000,4,3857145982,4,200,0.7
2026-10-04T22:45:03Z,71072,462.1,1000,1000,4,3858716270,4,200,0.5
2026-10-04T22:45:33Z,71102,457.8,1000,1000,4,3860403288,4,200,0.6
2026-10-04T22:46:03Z,71132,464.0,1000,1000,4,3862038894,4,200,0.4
2026-10-04T22:46:34Z,71163,470.5,1000,1000,4,3863761109,4,200,0.8
2026-10-04T22:47:04Z,71193,470.8,1000,1000,4,3865462933,4,200,1.4
2026-10-04T22:47:34Z,71223,459.8,1000,1000,4,3867086721,4,200,0.8
2026-10-04T22:48:05Z,71253,455.4,1000,1000,4,3868750271,4,200,0.5
2026-10-04T22:48:34Z,71283,468.7,1000,1000,4,3870382801,4,200,0.8
2026-10-04T22:49:04Z,71313,465.4,1000,1000,4,3871972260,4,200,0.4
2026-10-04T22:49:35Z,71343,466.7,1000,1000,4,3873658075,4,200,1.0
2026-10-04T22:50:04Z,71373,465.1,1000,1000,4,3875302341,4,200,0.5
2026-10-04T22:50:34Z,71403,478.4,1000,1000,4,3876964176,4,200,0.9
2026-10-04T22:51:05Z,71433,459.5,1000,1000,4,3878669858,4,200,0.6
2026-10-04T22:51:34Z,71463,467.4,1000,1000,4,3880345270,4,200,1.2
2026-10-04T22:52:04Z,71493,469.2,1000,1000,4,3882033184,4,200,0.5
2026-10-04T22:52:34Z,71523,460.1,1000,1000,4,3883717346,4,200,0.8
2026-10-04T22:53:04Z,71553,453.8,1000,1000,4,3885335986,4,200,0.7
2026-10-04T22:53:34Z,71583,470.3,1000,1000,4,3886974588,4,200,4.5
2026-10-04T22:54:04Z,71613,451.6,1000,1000,4,3888702074,4,200,0.5
2026-10-04T22:54:34Z,71643,458.0,1000,1000,4,3890382592,4,200,0.8
2026-10-04T22:55:04Z,71673,457.2,1000,1000,4,3892018200,4,200,0.4
2026-10-04T22:55:34Z,71703,468.1,1000,1000,4,3893662855,4,200,1.0
2026-10-04T22:56:04Z,71733,466.9,1000,1000,4,3895231905,4,200,0.4
2026-10-04T22:56:35Z,71763,471.7,1000,1000,4,3896878250,4,200,1.3
2026-10-04T22:57:04Z,71793,465.0,1000,1000,4,3898466949,4,200,0.5
2026-10-04T22:57:34Z,71823,467.9,1000,1000,4,3900051660,4,200,0.8
2026-10-04T22:58:05Z,71853,473.8,1000,1000,4,3901724259,4,200,1.9
2026-10-04T22:58:34Z,71883,472.4,1000,1000,4,3903254051,4,200,0.9
2026-10-04T22:59:04Z,71913,471.9,1000,1000,4,3904799796,4,200,0.5
2026-10-04T22:59:35Z,71943,458.5,1000,1000,4,3906469878,4,200,6.5
2026-10-04T23:00:04Z,71973,474.8,1000,1000,4,3908047059,4,200,0.5
2026-10-04T23:00:34Z,72003,482.1,1000,1000,4,3909640678,4,200,0.8
2026-10-04T23:01:05Z,72033,465.4,1000,1000,4,3911358620,4,200,0.5
2026-10-04T23:01:34Z,72063,465.2,1000,1000,4,3912996712,4,200,1.1
2026-10-04T23:02:04Z,72093,473.3,1000,1000,4,3914569477,4,200,0.5
2026-10-04T23:02:35Z,72123,469.2,1000,1000,4,3916201012,4,200,0.8
2026-10-04T23:03:04Z,72153,473.2,1000,1000,4,3917855579,4,200,0.6
2026-10-04T23:03:34Z,72183,473.5,1000,1000,4,3919493183,4,200,1.0
2026-10-04T23:04:04Z,72213,464.6,1000,1000,4,3921172697,4,200,0.6
2026-10-04T23:04:34Z,72243,458.2,1000,1000,4,3922776296,4,200,0.8
2026-10-04T23:05:04Z,72273,476.6,1000,1000,4,3924354921,4,200,0.4
2026-10-04T23:05:34Z,72303,468.4,1000,1000,4,3925997628,4,200,1.0
2026-10-04T23:06:04Z,72333,468.4,1000,1000,4,3927589101,4,200,0.8
2026-10-04T23:06:35Z,72363,477.9,1000,1000,4,3929245730,4,200,1.1
2026-10-04T23:07:04Z,72393,459.5,1000,1000,4,3930842483,4,200,0.5
2026-10-04T23:07:34Z,72423,469.4,1000,1000,4,3932493042,4,200,0.6
2026-10-04T23:08:05Z,72453,464.8,1000,1000,4,3934173340,4,200,0.7
2026-10-04T23:08:34Z,72483,466.9,1000,1000,4,3935795855,4,200,0.5
2026-10-04T23:09:04Z,72513,469.0,1000,1000,4,3937411051,4,200,0.8
2026-10-04T23:09:35Z,72543,455.9,1000,1000,4,3939103548,4,200,0.6
2026-10-04T23:10:04Z,72573,470.9,1000,1000,4,3940703570,4,200,0.8
2026-10-04T23:10:34Z,72603,465.6,1000,1000,4,3942312137,4,200,0.6
2026-10-04T23:11:05Z,72633,461.6,1000,1000,4,3943993847,4,200,0.8
2026-10-04T23:11:34Z,72663,471.6,1000,1000,4,3945677154,4,200,0.6
2026-10-04T23:12:04Z,72693,467.6,1000,1000,4,3947319632,4,200,0.8
2026-10-04T23:12:34Z,72723,467.6,1000,1000,4,3949018712,4,200,1.2
2026-10-04T23:13:04Z,72753,474.1,999,999,5,3950661625,5,200,1.0
2026-10-04T23:13:34Z,72783,472.6,999,999,5,3952280239,5,200,0.4
2026-10-04T23:14:04Z,72813,460.4,999,999,5,3953863386,5,200,0.9
2026-10-04T23:14:35Z,72843,465.1,999,999,5,3955526258,5,200,3.4
2026-10-04T23:15:04Z,72873,490.9,1000,1000,5,3958297711,5,200,0.6
2026-10-04T23:15:34Z,72903,471.7,1000,1000,5,3959975586,5,200,0.5
2026-10-04T23:16:04Z,72933,472.1,1000,1000,5,3961503564,5,200,0.8
2026-10-04T23:16:34Z,72963,468.9,1000,1000,5,3963113980,5,200,0.5
2026-10-04T23:17:04Z,72993,467.7,1000,1000,5,3964692741,5,200,1.2
2026-10-04T23:17:35Z,73023,472.9,1000,1000,5,3966295520,5,200,0.6
2026-10-04T23:18:04Z,73053,478.2,1000,1000,5,3967830701,5,200,0.9
2026-10-04T23:18:34Z,73083,470.9,1000,1000,5,3969405152,5,200,0.7
2026-10-04T23:19:05Z,73113,467.1,1000,1000,5,3971048112,5,200,0.9
2026-10-04T23:19:34Z,73143,475.0,1000,1000,5,3972646396,5,200,0.4
2026-10-04T23:20:04Z,73173,469.5,1000,1000,5,3974219368,5,200,1.0
2026-10-04T23:20:35Z,73203,471.4,1000,1000,5,3975862919,5,200,0.5
2026-10-04T23:21:04Z,73233,470.2,1000,1000,5,3977526423,5,200,1.0
2026-10-04T23:21:34Z,73263,471.6,1000,1000,5,3979154958,5,200,0.5
2026-10-04T23:22:05Z,73293,466.8,1000,1000,5,3980817812,5,200,1.4
2026-10-04T23:22:34Z,73323,464.9,1000,1000,5,3982434753,5,200,0.6
2026-10-04T23:23:04Z,73353,479.8,1000,1000,5,3984122553,5,200,0.8
2026-10-04T23:23:35Z,73383,471.2,1000,1000,5,3985847890,5,200,0.5
2026-10-04T23:24:04Z,73413,462.7,1000,1000,5,3987471447,5,200,0.9
2026-10-04T23:24:34Z,73443,468.6,1000,1000,5,3989089552,5,200,0.7
2026-10-04T23:25:05Z,73473,472.1,1000,1000,5,3990789612,5,200,0.8
2026-10-04T23:25:34Z,73503,468.6,1000,1000,5,3992434315,5,200,0.5
2026-10-04T23:26:04Z,73533,477.8,1000,1000,5,3993993917,5,200,0.8
2026-10-04T23:26:34Z,73563,469.7,1000,1000,5,3995610284,5,200,0.6
2026-10-04T23:27:04Z,73593,468.4,1000,1000,5,3997316608,5,200,1.5
2026-10-04T23:27:34Z,73623,463.8,1000,1000,5,3998956498,5,200,0.5
2026-10-04T23:28:05Z,73653,471.5,1000,1000,5,4000643983,5,200,1.8
2026-10-04T23:28:34Z,73683,477.0,1000,1000,5,4002244576,5,200,0.6
2026-10-04T23:29:04Z,73713,467.5,1000,1000,5,4003839176,5,200,0.7
2026-10-04T23:29:35Z,73743,468.6,1000,1000,5,4005501689,5,200,0.9
2026-10-04T23:30:04Z,73773,469.4,1000,1000,5,4007091325,5,200,0.7
2026-10-04T23:30:34Z,73803,480.8,1000,1000,5,4008718324,5,200,0.9
2026-10-04T23:31:04Z,73833,465.1,1000,1000,5,4010285605,5,200,0.5
2026-10-04T23:31:34Z,73863,475.0,1000,1000,5,4011918017,5,200,0.9
2026-10-04T23:32:04Z,73893,463.2,1000,1000,5,4013538693,5,200,1.0
2026-10-04T23:32:35Z,73923,470.4,1000,1000,5,4015232168,5,200,2.0
2026-10-04T23:33:04Z,73953,463.5,1000,1000,5,4016862729,5,200,0.6
2026-10-04T23:33:34Z,73983,475.7,1000,1000,5,4018533238,5,200,0.8
2026-10-04T23:34:05Z,74013,469.0,1000,1000,5,4020191563,5,200,0.5
2026-10-04T23:34:34Z,74043,473.3,1000,1000,5,4021814715,5,200,0.7
2026-10-04T23:35:04Z,74073,469.8,1000,1000,5,4023389954,5,200,0.6
2026-10-04T23:35:35Z,74103,474.6,1000,1000,5,4025046241,5,200,3.0
2026-10-04T23:36:04Z,74133,470.4,1000,1000,5,4026633146,5,200,0.5
2026-10-04T23:36:34Z,74163,465.8,1000,1000,5,4028233758,5,200,0.9
2026-10-04T23:37:05Z,74194,474.3,1000,1000,5,4029827738,5,200,0.5
2026-10-04T23:37:35Z,74224,465.8,1000,1000,5,4031394075,5,200,0.8
2026-10-04T23:38:05Z,74254,470.9,1000,1000,5,4032940761,5,200,0.5
2026-10-04T23:38:36Z,74284,473.9,1000,1000,5,4034551692,5,200,0.8
2026-10-04T23:39:05Z,74314,467.9,1000,1000,5,4036096083,5,200,0.5
2026-10-04T23:39:35Z,74344,461.6,1000,1000,5,4037676734,5,200,0.7
2026-10-04T23:40:06Z,74374,463.8,1000,1000,5,4039289938,5,200,0.5
2026-10-04T23:40:35Z,74404,464.3,1000,1000,5,4040894981,5,200,0.8
2026-10-04T23:41:05Z,74434,473.5,1000,1000,5,4042449660,5,200,0.6
2026-10-04T23:41:35Z,74464,448.9,1000,1000,5,4044099253,5,200,0.7
2026-10-04T23:42:05Z,74494,471.9,1000,1000,5,4045668918,5,200,0.6
2026-10-04T23:42:35Z,74524,477.3,1000,1000,5,4047307480,5,200,1.1
2026-10-04T23:43:05Z,74554,469.0,1000,1000,5,4048971053,5,200,0.7
2026-10-04T23:43:35Z,74584,471.5,1000,1000,5,4050624623,5,200,0.8
2026-10-04T23:44:06Z,74614,463.2,1000,1000,5,4052261024,5,200,0.7
2026-10-04T23:44:35Z,74644,475.6,1000,1000,5,4053837885,5,200,0.8
2026-10-04T23:45:05Z,74674,564.7,1000,1000,5,4055338620,5,200,11.5
2026-10-04T23:45:35Z,74704,471.4,1000,1000,5,4058078655,5,200,3.8
2026-10-04T23:46:05Z,74734,472.3,1000,1000,5,4059658587,5,200,0.7
2026-10-04T23:46:35Z,74764,465.6,1000,1000,5,4061147343,5,200,0.8
2026-10-04T23:47:06Z,74794,465.4,1000,1000,5,4062708106,5,200,0.5
2026-10-04T23:47:35Z,74824,474.2,1000,1000,5,4064202453,5,200,1.0
2026-10-04T23:48:05Z,74854,466.9,1000,1000,5,4065731080,5,200,0.5
2026-10-04T23:48:36Z,74884,462.1,1000,1000,5,4067279769,5,200,2.1
2026-10-04T23:49:05Z,74914,466.2,1000,1000,5,4068745469,5,200,0.5
2026-10-04T23:49:35Z,74944,471.3,1000,1000,5,4070142361,5,200,2.1
2026-10-04T23:50:05Z,74974,456.5,1000,1000,5,4071664038,5,200,0.7
2026-10-04T23:50:35Z,75004,464.2,1000,1000,5,4073266926,5,200,1.9
2026-10-04T23:51:06Z,75035,466.3,1000,1000,5,4074964299,5,200,0.5
2026-10-04T23:51:36Z,75065,468.7,1000,1000,5,4076702829,5,200,1.4
2026-10-04T23:52:06Z,75095,470.6,1000,1000,5,4078227302,5,200,0.5
2026-10-04T23:52:36Z,75125,469.5,1000,1000,5,4079703834,5,200,1.5
2026-10-04T23:53:06Z,75155,470.8,1000,1000,5,4081233759,5,200,0.9
2026-10-04T23:53:36Z,75185,469.5,1000,1000,5,4082773413,5,200,0.6
2026-10-04T23:54:07Z,75215,465.2,1000,1000,5,4084387011,5,200,1.3
2026-10-04T23:54:36Z,75245,476.4,1000,1000,5,4085971628,5,200,0.5
2026-10-04T23:55:06Z,75275,475.1,1000,1000,5,4087527279,5,200,0.8
2026-10-04T23:55:37Z,75305,462.3,1000,1000,5,4089160873,5,200,0.8
2026-10-04T23:56:06Z,75335,471.6,1000,1000,5,4090749444,5,200,0.8
2026-10-04T23:56:36Z,75365,476.7,1000,1000,5,4092297088,5,200,0.5
2026-10-04T23:57:07Z,75395,462.3,1000,1000,5,4093951631,5,200,0.9
2026-10-04T23:57:36Z,75425,472.4,1000,1000,5,4095544221,5,200,0.5
2026-10-04T23:58:06Z,75455,464.6,1000,1000,5,4097095881,5,200,0.9
2026-10-04T23:58:36Z,75485,471.1,1000,1000,5,4098712703,5,200,0.7
2026-10-04T23:59:06Z,75515,472.1,1000,1000,5,4100222176,5,200,0.8
2026-10-04T23:59:36Z,75545,473.8,1000,1000,5,4101753100,5,200,0.5
2026-10-05T00:00:06Z,75575,474.2,1000,1000,5,4103366490,5,200,0.9
2026-10-05T00:00:36Z,75605,465.4,1000,1000,5,4104989032,5,200,0.6
2026-10-05T00:01:07Z,75635,461.3,1000,1000,5,4106608617,5,200,0.8
2026-10-05T00:01:36Z,75665,468.8,1000,1000,5,4108230171,5,200,0.5
2026-10-05T00:02:06Z,75695,466.3,1000,1000,5,4109799836,5,200,0.9
2026-10-05T00:02:36Z,75725,472.2,1000,1000,5,4111346523,5,200,1.6
2026-10-05T00:03:06Z,75755,467.0,1000,1000,5,4112942246,5,200,1.3
2026-10-05T00:03:36Z,75785,485.2,1000,1000,5,4114464869,5,200,0.5
2026-10-05T00:04:06Z,75815,466.4,1000,1000,5,4116044443,5,200,0.8
2026-10-05T00:04:36Z,75845,466.9,1000,1000,5,4117636112,5,200,0.6
2026-10-05T00:05:06Z,75875,467.6,1000,1000,5,4119181800,5,200,0.9
2026-10-05T00:05:37Z,75905,469.5,1000,1000,5,4120732437,5,200,0.6
2026-10-05T00:06:06Z,75935,472.7,1000,1000,5,4122259095,5,200,0.8
2026-10-05T00:06:36Z,75965,472.7,1000,1000,5,4123788799,5,200,0.6
2026-10-05T00:07:07Z,75995,468.3,1000,1000,5,4125366901,5,200,1.0
2026-10-05T00:07:36Z,76025,468.4,1000,1000,5,4126893183,5,200,0.5
2026-10-05T00:08:06Z,76055,465.3,1000,1000,5,4128400899,5,200,0.9
2026-10-05T00:08:36Z,76085,469.6,1000,1000,5,4129995532,5,200,0.6
2026-10-05T00:09:06Z,76115,474.6,1000,1000,5,4131477259,5,200,0.9
2026-10-05T00:09:36Z,76145,477.4,1000,1000,5,4133080858,5,200,0.5
2026-10-05T00:10:06Z,76175,461.6,1000,1000,5,4134718419,5,200,0.8
2026-10-05T00:10:36Z,76205,474.8,1000,1000,5,4136255622,5,200,3.4
2026-10-05T00:11:07Z,76235,472.9,1000,1000,5,4137789811,5,200,0.8
2026-10-05T00:11:36Z,76265,460.2,1000,1000,5,4139382379,5,200,0.5
2026-10-05T00:12:06Z,76295,483.5,1000,1000,5,4140923046,5,200,1.1
2026-10-05T00:12:37Z,76325,477.3,1000,1000,5,4142539795,5,200,0.6
2026-10-05T00:13:06Z,76355,465.0,1000,1000,5,4144065356,5,200,0.5
2026-10-05T00:13:36Z,76385,465.2,1000,1000,5,4145619008,5,200,0.8
2026-10-05T00:14:07Z,76415,475.8,1000,1000,5,4147249375,5,200,0.5
2026-10-05T00:14:36Z,76445,473.9,1000,1000,5,4148849191,5,200,0.8
2026-10-05T00:15:06Z,76475,470.4,1000,1000,5,4150595567,5,200,0.5
2026-10-05T00:15:36Z,76505,474.9,1000,1000,5,4153319408,5,200,0.7
2026-10-05T00:16:06Z,76535,463.5,1000,1000,5,4155013555,5,200,0.5
2026-10-05T00:16:36Z,76565,469.8,1000,1000,5,4156546266,5,200,0.8
2026-10-05T00:17:07Z,76595,470.4,1000,1000,5,4158053282,5,200,0.6
2026-10-05T00:17:36Z,76625,478.5,1000,1000,5,4159537950,5,200,0.9
2026-10-05T00:18:06Z,76655,462.3,1000,1000,5,4161063059,5,200,0.6
2026-10-05T00:18:37Z,76685,453.6,1000,1000,5,4162583463,5,200,1.5
2026-10-05T00:19:06Z,76715,478.1,1000,1000,5,4164260954,5,200,1.1
2026-10-05T00:19:36Z,76745,460.4,1000,1000,5,4166072439,5,200,0.9
2026-10-05T00:20:06Z,76775,461.6,1000,1000,5,4167858577,5,200,0.9
2026-10-05T00:20:36Z,76805,472.3,1000,1000,5,4169525112,5,200,0.9
2026-10-05T00:21:06Z,76835,476.7,1000,1000,5,4171213624,5,200,0.7
2026-10-05T00:21:36Z,76865,479.1,1000,1000,5,4172888112,5,200,1.4
2026-10-05T00:22:06Z,76895,471.9,1000,1000,5,4174562588,5,200,1.1
2026-10-05T00:22:37Z,76925,468.1,1000,1000,5,4176326002,5,200,0.9
2026-10-05T00:23:06Z,76955,471.4,1000,1000,5,4177982738,5,200,0.5
2026-10-05T00:23:36Z,76985,472.0,1000,1000,5,4179583751,5,200,0.9
2026-10-05T00:24:06Z,77015,459.9,1000,1000,5,4181263551,5,200,2.8
2026-10-05T00:24:36Z,77045,477.8,1000,1000,5,4182946300,5,200,1.0
2026-10-05T00:25:06Z,77075,461.6,1000,1000,5,4184607955,5,200,0.5
2026-10-05T00:25:37Z,77105,480.4,1000,1000,5,4186296235,5,200,0.9
2026-10-05T00:26:06Z,77135,474.4,1000,1000,5,4187958579,5,200,0.9
2026-10-05T00:26:36Z,77165,479.9,1000,1000,5,4189610240,5,200,0.7
2026-10-05T00:27:07Z,77196,472.2,1000,1000,5,4191312296,5,200,1.0
2026-10-05T00:27:37Z,77226,472.2,1000,1000,5,4193046074,5,200,0.8
2026-10-05T00:28:07Z,77256,473.9,1000,1000,5,4194672604,5,200,0.4
2026-10-05T00:28:38Z,77286,466.5,1000,1000,5,4196332076,5,200,0.8
2026-10-05T00:29:07Z,77316,463.8,1000,1000,5,4197970971,5,200,0.5
2026-10-05T00:29:37Z,77346,469.7,1000,1000,5,4199632219,5,200,0.8
2026-10-05T00:30:08Z,77376,469.3,1000,1000,5,4201341780,5,200,0.5
2026-10-05T00:30:37Z,77406,478.6,1000,1000,5,4202986699,5,200,0.7
2026-10-05T00:31:07Z,77436,474.8,1000,1000,5,4204639174,5,200,0.5
2026-10-05T00:31:37Z,77466,471.8,1000,1000,5,4206320115,5,200,0.9
2026-10-05T00:32:07Z,77496,471.5,1000,1000,5,4207920150,5,200,0.6
2026-10-05T00:32:38Z,77526,471.1,1000,1000,5,4209632534,5,200,1.7
2026-10-05T00:33:07Z,77556,478.7,1000,1000,5,4211273746,5,200,0.5
2026-10-05T00:33:37Z,77586,470.7,1000,1000,5,4212932482,5,200,0.7
2026-10-05T00:34:07Z,77616,464.8,1000,1000,5,4214585033,5,200,4.3
2026-10-05T00:34:37Z,77646,465.6,1000,1000,5,4216278535,5,200,1.6
2026-10-05T00:35:07Z,77676,466.6,1000,1000,5,4217919695,5,200,0.7
2026-10-05T00:35:38Z,77706,474.7,1000,1000,5,4219629026,5,200,0.6
2026-10-05T00:36:07Z,77736,473.9,1000,1000,5,4221248848,5,200,0.8
2026-10-05T00:36:37Z,77766,473.7,1000,1000,5,4222903673,5,200,3.8
2026-10-05T00:37:08Z,77796,475.2,1000,1000,5,4224565178,5,200,0.7
2026-10-05T00:37:37Z,77826,473.2,1000,1000,5,4226231745,5,200,0.4
2026-10-05T00:38:07Z,77856,476.7,1000,1000,5,4227862300,5,200,2.8
2026-10-05T00:38:38Z,77886,476.0,1000,1000,5,4229552812,5,200,0.5
2026-10-05T00:39:07Z,77916,483.7,1000,1000,5,4231210326,5,200,2.0
2026-10-05T00:39:37Z,77946,465.6,1000,1000,5,4232859017,5,200,0.5
2026-10-05T00:40:08Z,77976,463.3,1000,1000,5,4234558874,5,200,4.5
2026-10-05T00:40:37Z,78006,478.6,1000,1000,5,4236275290,5,200,0.7
2026-10-05T00:41:07Z,78036,477.1,1000,1000,5,4237910380,5,200,1.1
2026-10-05T00:41:37Z,78066,466.3,1000,1000,5,4239608896,5,200,0.4
2026-10-05T00:42:07Z,78096,468.2,1000,1000,5,4241206234,5,200,0.8
2026-10-05T00:42:37Z,78126,471.6,1000,1000,5,4242786060,5,200,0.6
2026-10-05T00:43:07Z,78156,467.5,1000,1000,5,4244536257,5,200,0.9
2026-10-05T00:43:37Z,78186,471.3,1000,1000,5,4246179083,5,200,0.7
2026-10-05T00:44:08Z,78216,462.0,1000,1000,5,4247843640,5,200,1.2
2026-10-05T00:44:37Z,78246,461.5,1000,1000,5,4249486344,5,200,0.5
2026-10-05T00:45:07Z,78276,478.1,1000,1000,5,4251110736,5,200,0.8
2026-10-05T00:45:38Z,78306,471.6,1000,1000,5,4253740362,5,200,0.5
2026-10-05T00:46:07Z,78336,472.9,1000,1000,5,4255164193,5,200,0.9
2026-10-05T00:46:37Z,78366,466.9,1000,1000,5,4256588016,5,200,0.6
2026-10-05T00:47:07Z,78396,477.4,1000,1000,5,4258202609,5,200,2.2
2026-10-05T00:47:37Z,78426,471.7,1000,1000,5,4259984165,5,200,1.0
2026-10-05T00:48:08Z,78456,470.4,1000,1000,5,4261835168,5,200,2.2
2026-10-05T00:48:37Z,78486,465.4,1000,1000,5,4263495281,5,200,0.7
2026-10-05T00:49:07Z,78516,476.7,1000,1000,5,4265142523,5,200,0.7
2026-10-05T00:49:38Z,78546,467.6,1000,1000,5,4266853856,5,200,0.5
2026-10-05T00:50:07Z,78576,479.7,1000,1000,5,4268485871,5,200,0.8
2026-10-05T00:50:37Z,78606,474.0,1000,1000,5,4270101999,5,200,0.6
2026-10-05T00:51:08Z,78636,468.1,1000,1000,5,4271771692,5,200,0.8
2026-10-05T00:51:37Z,78666,469.7,1000,1000,5,4273404802,5,200,0.5
2026-10-05T00:52:07Z,78696,474.6,1000,1000,5,4275079832,5,200,0.9
2026-10-05T00:52:38Z,78726,460.3,1000,1000,5,4276779370,5,200,0.6
2026-10-05T00:53:07Z,78756,473.9,1000,1000,5,4278413984,5,200,0.8
2026-10-05T00:53:37Z,78786,475.7,1000,1000,5,4280048108,5,200,0.6
2026-10-05T00:54:07Z,78816,470.4,1000,1000,5,4281766836,5,200,1.1
2026-10-05T00:54:37Z,78846,469.5,1000,1000,5,4283414677,5,200,0.6
2026-10-05T00:55:08Z,78876,475.6,1000,1000,5,4285146158,5,200,0.8
2026-10-05T00:55:37Z,78906,478.6,1000,1000,5,4286816695,5,200,0.8
2026-10-05T00:56:07Z,78936,471.8,1000,1000,5,4288463954,5,200,0.5
2026-10-05T00:56:38Z,78966,470.5,1000,1000,5,4290226761,5,200,0.9
2026-10-05T00:57:07Z,78996,464.7,1000,1000,5,4291882841,5,200,0.7
2026-10-05T00:57:37Z,79026,476.5,1000,1000,5,4293509252,5,200,0.9
2026-10-05T00:58:08Z,79056,468.4,1000,1000,5,4295225390,5,200,0.5
2026-10-05T00:58:37Z,79086,471.9,1000,1000,5,4296855923,5,200,0.8
2026-10-05T00:59:07Z,79116,476.5,1000,1000,5,4298575117,5,200,0.5
2026-10-05T00:59:37Z,79146,465.8,1000,1000,5,4300325178,5,200,0.9
2026-10-05T01:00:07Z,79176,472.0,1000,1000,5,4302035344,5,200,1.5
2026-10-05T01:00:38Z,79206,481.8,1000,1000,5,4303772819,5,200,5.0
2026-10-05T01:01:07Z,79236,466.8,1000,1000,5,4305445800,5,200,1.0
2026-10-05T01:01:37Z,79266,471.8,1000,1000,5,4307160799,5,200,1.0
2026-10-05T01:02:08Z,79296,474.5,1000,1000,5,4308890227,5,200,1.4
2026-10-05T01:02:37Z,79326,459.0,1000,1000,5,4310532714,5,200,0.9
2026-10-05T01:03:07Z,79356,469.1,1000,1000,5,4312128558,5,200,0.6
2026-10-05T01:03:38Z,79386,458.3,1000,1000,5,4313802382,5,200,1.1
2026-10-05T01:04:07Z,79416,472.7,1000,1000,5,4315347862,5,200,0.6
2026-10-05T01:04:37Z,79446,470.0,1000,1000,5,4316951503,5,200,0.7
2026-10-05T01:05:07Z,79476,465.4,1000,1000,5,4318681945,5,200,0.4
2026-10-05T01:05:37Z,79506,470.5,1000,1000,5,4320289101,5,200,0.8
2026-10-05T01:06:07Z,79536,472.4,1000,1000,5,4321831260,5,200,0.6
2026-10-05T01:06:37Z,79566,468.3,1000,1000,5,4323460888,5,200,1.1
2026-10-05T01:07:07Z,79596,460.2,1000,1000,5,4324952709,5,200,0.5
2026-10-05T01:07:38Z,79626,467.2,1000,1000,5,4326592397,5,200,0.8
2026-10-05T01:08:07Z,79656,476.1,1000,1000,5,4328084245,5,200,0.5
2026-10-05T01:08:37Z,79686,469.3,1000,1000,5,4329610013,5,200,0.8
2026-10-05T01:09:08Z,79716,465.3,1000,1000,5,4331187777,5,200,0.5
2026-10-05T01:09:37Z,79746,475.8,1000,1000,5,4332716569,5,200,1.0
2026-10-05T01:10:07Z,79776,472.6,1000,1000,5,4334203421,5,200,0.6
2026-10-05T01:10:38Z,79806,475.1,1000,1000,5,4335785134,5,200,1.0
2026-10-05T01:11:07Z,79836,478.6,1000,1000,5,4337275811,5,200,0.5
2026-10-05T01:11:37Z,79866,472.7,1000,1000,5,4338770897,5,200,0.9
2026-10-05T01:12:07Z,79896,472.8,1000,1000,5,4340281072,5,200,0.5
2026-10-05T01:12:37Z,79926,467.6,1000,1000,5,4341866502,5,200,0.8
2026-10-05T01:13:07Z,79956,467.4,1000,1000,5,4343437072,5,200,0.5
2026-10-05T01:13:37Z,79986,472.4,1000,1000,5,4345044364,5,200,1.0
2026-10-05T01:14:07Z,80016,474.7,1000,1000,5,4346647390,5,200,0.5
2026-10-05T01:14:37Z,80046,472.3,1000,1000,5,4348249555,5,200,0.9
2026-10-05T01:15:07Z,80076,454.0,1000,1000,5,4349866424,5,200,0.6
2026-10-05T01:15:37Z,80106,477.0,1000,1000,5,4352460221,5,200,1.0
2026-10-05T01:16:08Z,80137,479.5,1000,1000,5,4354104798,5,200,0.5
2026-10-05T01:16:38Z,80167,466.3,1000,1000,5,4355684684,5,200,1.1
2026-10-05T01:17:08Z,80197,471.5,1000,1000,5,4357178152,5,200,0.6
2026-10-05T01:17:39Z,80227,486.6,1000,1000,5,4358729574,5,200,1.2
2026-10-05T01:18:08Z,80257,478.4,1000,1000,5,4360210569,5,200,0.7
2026-10-05T01:18:38Z,80287,469.6,1000,1000,5,4361695304,5,200,0.9
2026-10-05T01:19:09Z,80317,464.5,1000,1000,5,4363286828,5,200,1.0
2026-10-05T01:19:38Z,80347,471.5,1000,1000,5,4364905434,5,200,0.7
2026-10-05T01:20:08Z,80377,476.9,1000,1000,5,4366435119,5,200,3.4
2026-10-05T01:20:38Z,80407,472.0,1000,1000,5,4367985782,5,200,0.6
2026-10-05T01:21:08Z,80437,467.0,1000,1000,5,4369516468,5,200,2.0
2026-10-05T01:21:38Z,80467,472.0,1000,1000,5,4371112114,5,200,0.5
2026-10-05T01:22:08Z,80497,470.1,1000,1000,5,4372678693,5,200,0.8
2026-10-05T01:22:38Z,80527,466.3,1000,1000,5,4374232355,5,200,0.4
2026-10-05T01:23:09Z,80557,476.5,1000,1000,5,4375816949,5,200,1.0
2026-10-05T01:23:38Z,80587,472.2,1000,1000,5,4377331683,5,200,0.7
2026-10-05T01:24:08Z,80617,469.0,1000,1000,5,4378829377,5,200,0.9
2026-10-05T01:24:39Z,80647,468.3,1000,1000,5,4380388018,5,200,0.5
2026-10-05T01:25:08Z,80677,479.1,1000,1000,5,4381901763,5,200,0.8
2026-10-05T01:25:38Z,80707,479.0,1000,1000,5,4383467427,5,200,1.5
2026-10-05T01:26:08Z,80737,472.9,1000,1000,5,4385048726,5,200,0.8
2026-10-05T01:26:38Z,80767,471.2,1000,1000,5,4386589789,5,200,0.4
2026-10-05T01:27:08Z,80797,476.8,1000,1000,5,4388126459,5,200,1.3
2026-10-05T01:27:38Z,80827,466.2,1000,1000,5,4389749036,5,200,0.4
2026-10-05T01:28:08Z,80857,473.4,1000,1000,5,4391317616,5,200,1.1
2026-10-05T01:28:39Z,80887,469.4,1000,1000,5,4392948096,5,200,0.7
2026-10-05T01:29:08Z,80917,468.8,1000,1000,5,4394591570,5,200,0.9
2026-10-05T01:29:38Z,80947,472.4,1000,1000,5,4396233742,5,200,0.6
2026-10-05T01:30:08Z,80977,469.0,1000,1000,5,4397880560,5,200,0.8
2026-10-05T01:30:38Z,81007,468.2,1000,1000,5,4399503045,5,200,0.8
2026-10-05T01:31:09Z,81038,458.1,1000,1000,5,4401171510,5,200,1.2
2026-10-05T01:31:39Z,81068,451.8,1000,1000,5,4402890022,5,200,0.6
2026-10-05T01:32:09Z,81098,458.2,1000,1000,5,4404488425,5,200,0.9
2026-10-05T01:32:40Z,81128,475.3,1000,1000,5,4406152544,5,200,0.5
2026-10-05T01:33:09Z,81158,473.8,1000,1000,5,4407763137,5,200,0.8
2026-10-05T01:33:39Z,81188,478.3,1000,1000,5,4409385280,5,200,0.6
2026-10-05T01:34:10Z,81218,468.9,1000,1000,5,4411030326,5,200,0.8
2026-10-05T01:34:39Z,81248,464.3,1000,1000,5,4412640776,5,200,0.5
2026-10-05T01:35:09Z,81278,472.3,1000,1000,5,4414223734,5,200,0.9
2026-10-05T01:35:39Z,81308,467.5,1000,1000,5,4415865697,5,200,0.5
2026-10-05T01:36:09Z,81338,472.5,1000,1000,5,4417551461,5,200,0.8
2026-10-05T01:36:39Z,81368,473.7,1000,1000,5,4419187046,5,200,0.4
2026-10-05T01:37:09Z,81398,469.6,1000,1000,5,4420824796,5,200,0.8
2026-10-05T01:37:39Z,81428,466.4,1000,1000,5,4422462933,5,200,0.4
2026-10-05T01:38:10Z,81458,474.5,1000,1000,5,4424149404,5,200,2.8
2026-10-05T01:38:39Z,81488,476.7,1000,1000,5,4425763917,5,200,0.6
2026-10-05T01:39:09Z,81518,473.4,1000,1000,5,4427361448,5,200,1.3
2026-10-05T01:39:40Z,81548,469.8,1000,1000,5,4429039901,5,200,0.7
2026-10-05T01:40:09Z,81578,465.3,1000,1000,5,4430634438,5,200,2.2
2026-10-05T01:40:39Z,81608,463.7,1000,1000,5,4432236144,5,200,0.6
2026-10-05T01:41:09Z,81638,476.2,1000,1000,5,4433803994,5,200,2.1
2026-10-05T01:41:40Z,81668,462.1,1000,1000,5,4435466221,5,200,0.8
2026-10-05T01:42:09Z,81698,477.7,1000,1000,5,4437043982,5,200,0.6
2026-10-05T01:42:39Z,81728,472.8,1000,1000,5,4438603153,5,200,1.0
2026-10-05T01:43:10Z,81758,466.7,1000,1000,5,4440196798,5,200,0.7
2026-10-05T01:43:39Z,81788,466.5,1000,1000,5,4441650259,5,200,0.9
2026-10-05T01:44:09Z,81818,469.7,1000,1000,5,4443267123,5,200,0.6
2026-10-05T01:44:39Z,81848,458.7,1000,1000,5,4444869451,5,200,1.1
2026-10-05T01:45:09Z,81878,463.8,1000,1000,5,4446449478,5,200,0.5
2026-10-05T01:45:39Z,81908,463.2,1000,1000,5,4449057091,5,200,0.8
2026-10-05T01:46:10Z,81938,459.8,1000,1000,5,4450770547,5,200,0.7
2026-10-05T01:46:39Z,81968,459.8,1000,1000,5,4452336173,5,200,0.9
2026-10-05T01:47:09Z,81998,459.5,1000,1000,5,4453877781,5,200,0.6
2026-10-05T01:47:40Z,82028,462.6,1000,1000,5,4455458558,5,200,1.9
2026-10-05T01:48:09Z,82058,473.4,1000,1000,5,4456984132,5,200,0.5
2026-10-05T01:48:39Z,82088,465.2,1000,1000,5,4458494534,5,200,0.9
2026-10-05T01:49:10Z,82118,464.4,1000,1000,5,4460071084,5,200,0.6
2026-10-05T01:49:39Z,82148,462.0,1000,1000,5,4461582526,5,200,0.8
2026-10-05T01:50:09Z,82178,470.8,1000,1000,5,4463312998,5,200,0.4
2026-10-05T01:50:39Z,82208,474.6,1000,1000,5,4465174863,5,200,0.9
2026-10-05T01:51:09Z,82238,462.4,1000,1000,5,4466940133,5,200,2.7
2026-10-05T01:51:39Z,82268,460.1,1000,1000,5,4468576741,5,200,0.9
2026-10-05T01:52:10Z,82298,479.1,1000,1000,5,4470234387,5,200,0.4
2026-10-05T01:52:39Z,82328,467.6,1000,1000,5,4471869984,5,200,0.8
2026-10-05T01:53:09Z,82358,472.0,1000,1000,5,4473521559,5,200,0.6
2026-10-05T01:53:40Z,82388,446.9,1000,1000,5,4475226092,5,200,1.2
2026-10-05T01:54:09Z,82418,461.6,1000,1000,5,4476986121,5,200,0.5
2026-10-05T01:54:39Z,82448,465.4,1000,1000,5,4478727407,5,200,0.8
2026-10-05T01:55:10Z,82478,466.6,1000,1000,5,4480509941,5,200,2.8
2026-10-05T01:55:39Z,82508,465.4,1000,1000,5,4482177768,5,200,1.0
2026-10-05T01:56:09Z,82538,486.1,1000,1000,5,4483785406,5,200,0.6
2026-10-05T01:56:40Z,82568,457.3,1000,1000,5,4485363095,5,200,1.0
2026-10-05T01:57:09Z,82598,473.9,1000,1000,5,4486850895,5,200,0.5
2026-10-05T01:57:39Z,82628,473.9,1000,1000,5,4488456557,5,200,0.9
2026-10-05T01:58:10Z,82658,472.7,1000,1000,5,4490018282,5,200,0.5
2026-10-05T01:58:39Z,82688,461.2,1000,1000,5,4491607978,5,200,1.2
2026-10-05T01:59:09Z,82718,468.8,1000,1000,5,4493181183,5,200,0.6
2026-10-05T01:59:40Z,82748,464.1,1000,1000,5,4494784268,5,200,1.1
2026-10-05T02:00:09Z,82778,463.7,1000,1000,5,4496330007,5,200,0.6
2026-10-05T02:00:39Z,82808,466.8,1000,1000,5,4497868747,5,200,1.2
2026-10-05T02:01:10Z,82838,469.1,1000,1000,5,4499514376,5,200,0.6
2026-10-05T02:01:39Z,82868,463.3,1000,1000,5,4501145940,5,200,0.6
2026-10-05T02:02:09Z,82898,464.1,1000,1000,5,4502689648,5,200,0.9
2026-10-05T02:02:40Z,82928,464.7,1000,1000,5,4504298353,5,200,0.7
2026-10-05T02:03:09Z,82958,467.5,1000,1000,5,4505867038,5,200,1.1
2026-10-05T02:03:39Z,82988,475.2,1000,1000,5,4507401084,5,200,0.5
2026-10-05T02:04:09Z,83018,468.6,1000,1000,5,4509064401,5,200,1.0
2026-10-05T02:04:39Z,83048,469.1,1000,1000,5,4510654021,5,200,0.7
2026-10-05T02:05:09Z,83078,473.1,1000,1000,5,4512251139,5,200,1.0
2026-10-05T02:05:39Z,83108,459.3,1000,1000,5,4513879212,5,200,0.7
2026-10-05T02:06:09Z,83138,467.2,1000,1000,5,4515436876,5,200,0.8
2026-10-05T02:06:39Z,83168,477.9,1000,1000,5,4517025624,5,200,0.6
2026-10-05T02:07:09Z,83198,471.6,1000,1000,5,4518650156,5,200,0.8
2026-10-05T02:07:39Z,83228,473.1,1000,1000,5,4520220695,5,200,0.5
2026-10-05T02:08:10Z,83258,469.6,1000,1000,5,4521843259,5,200,1.9
2026-10-05T02:08:39Z,83288,471.2,1000,1000,5,4523432891,5,200,0.5
2026-10-05T02:09:09Z,83318,468.5,1000,1000,5,4524997620,5,200,0.8
2026-10-05T02:09:39Z,83348,473.0,1000,1000,5,4526607046,5,200,0.6
2026-10-05T02:10:09Z,83378,472.6,1000,1000,5,4528327161,5,200,1.0
2026-10-05T02:10:39Z,83408,474.9,1000,1000,5,4529978191,5,200,0.5
2026-10-05T02:11:10Z,83438,470.0,1000,1000,5,4531650717,5,200,0.7
2026-10-05T02:11:39Z,83468,463.9,1000,1000,5,4533273602,5,200,0.5
2026-10-05T02:12:09Z,83498,465.7,1000,1000,5,4534906866,5,200,0.8
2026-10-05T02:12:40Z,83528,480.6,1000,1000,5,4536565417,5,200,0.5
2026-10-05T02:13:09Z,83558,460.7,1000,1000,5,4538206483,5,200,0.9
2026-10-05T02:13:39Z,83588,467.3,1000,1000,5,4539901449,5,200,0.7
2026-10-05T02:14:10Z,83618,461.2,1000,1000,5,4541579990,5,200,0.8
2026-10-05T02:14:39Z,83648,461.9,1000,1000,5,4543211153,5,200,0.5
2026-10-05T02:15:09Z,83678,471.7,1000,1000,5,4544834132,5,200,0.8
2026-10-05T02:15:39Z,83708,490.8,1000,1000,5,4547517642,5,200,0.7
2026-10-05T02:16:09Z,83738,475.6,1000,1000,5,4549193168,5,200,0.8
2026-10-05T02:16:39Z,83768,471.6,1000,1000,5,4550854738,5,200,0.6
2026-10-05T02:17:09Z,83798,476.4,1000,1000,5,4552651070,5,200,0.8
2026-10-05T02:17:39Z,83828,473.6,1000,1000,5,4554386083,5,200,0.6
2026-10-05T02:18:10Z,83858,474.9,1000,1000,5,4556058025,5,200,0.7
2026-10-05T02:18:39Z,83888,461.6,1000,1000,5,4557708423,5,200,0.5
2026-10-05T02:19:09Z,83918,472.1,1000,1000,5,4559392763,5,200,1.1
2026-10-05T02:19:40Z,83948,472.0,1000,1000,5,4561089500,5,200,0.7
2026-10-05T02:20:09Z,83978,468.7,1000,1000,5,4562732053,5,200,1.6
2026-10-05T02:20:39Z,84008,473.5,1000,1000,5,4564345647,5,200,0.9
2026-10-05T02:21:10Z,84038,475.3,1000,1000,5,4565970416,5,200,1.0
2026-10-05T02:21:39Z,84068,469.8,1000,1000,5,4567581564,5,200,0.6
2026-10-05T02:22:09Z,84098,470.8,1000,1000,5,4569166444,5,200,1.2
2026-10-05T02:22:40Z,84128,463.7,1000,1000,5,4570647229,5,200,2.4
2026-10-05T02:23:09Z,84158,473.5,1000,1000,5,4572157998,5,200,0.9
2026-10-05T02:23:39Z,84188,474.8,1000,1000,5,4573715934,5,200,0.8
2026-10-05T02:24:10Z,84218,463.5,1000,1000,5,4575418274,5,200,1.2
2026-10-05T02:24:39Z,84248,472.8,1000,1000,5,4577181863,5,200,2.1
2026-10-05T02:25:09Z,84278,470.4,1000,1000,5,4578856151,5,200,1.1
2026-10-05T02:25:39Z,84308,469.1,1000,1000,5,4580600189,5,200,0.9
2026-10-05T02:26:09Z,84338,474.0,1000,1000,5,4582256637,5,200,0.5
2026-10-05T02:26:39Z,84368,468.4,1000,1000,5,4583909717,5,200,1.7
2026-10-05T02:27:09Z,84398,477.2,1000,1000,5,4585517295,5,200,0.8
2026-10-05T02:27:39Z,84428,465.8,1000,1000,5,4587060926,5,200,1.0
2026-10-05T02:28:09Z,84458,472.5,1000,1000,5,4588585635,5,200,6.9
2026-10-05T02:28:39Z,84488,477.1,1000,1000,5,4590212181,5,200,0.8
2026-10-05T02:29:09Z,84518,470.1,1000,1000,5,4591841356,5,200,0.6
2026-10-05T02:29:40Z,84548,471.2,1000,1000,5,4593485305,5,200,4.0
2026-10-05T02:30:09Z,84578,469.1,1000,1000,5,4595013985,5,200,1.8
2026-10-05T02:30:39Z,84608,473.7,1000,1000,5,4596525693,5,200,0.9
2026-10-05T02:31:10Z,84638,465.6,1000,1000,5,4598057827,5,200,0.4
2026-10-05T02:31:39Z,84668,456.7,1000,1000,5,4599788955,5,200,0.9
2026-10-05T02:32:09Z,84698,458.7,1000,1000,5,4601529192,5,200,0.7
2026-10-05T02:32:39Z,84728,480.0,1000,1000,5,4603115176,5,200,1.0
2026-10-05T02:33:09Z,84758,465.3,1000,1000,5,4604733446,5,200,0.4
2026-10-05T02:33:39Z,84788,477.2,1000,1000,5,4606301098,5,200,1.0
2026-10-05T02:34:10Z,84818,464.6,1000,1000,5,4607930679,5,200,0.5
2026-10-05T02:34:39Z,84848,466.4,1000,1000,5,4609520601,5,200,0.8
2026-10-05T02:35:09Z,84878,460.8,1000,1000,5,4611088325,5,200,0.5
2026-10-05T02:35:40Z,84908,460.4,1000,1000,5,4612793416,5,200,0.8
2026-10-05T02:36:09Z,84938,471.3,1000,1000,5,4614425204,5,200,0.6
2026-10-05T02:36:39Z,84968,478.7,1000,1000,5,4615997634,5,200,0.9
2026-10-05T02:37:10Z,84998,464.8,1000,1000,5,4617600261,5,200,0.7
2026-10-05T02:37:39Z,85028,479.1,1000,1000,5,4619199641,5,200,0.7
2026-10-05T02:38:09Z,85058,477.0,1000,1000,5,4620780503,5,200,0.6
2026-10-05T02:38:39Z,85088,467.7,1000,1000,5,4622445942,5,200,0.9
2026-10-05T02:39:09Z,85118,463.2,1000,1000,5,4624014645,5,200,0.4
2026-10-05T02:39:40Z,85148,462.2,1000,1000,5,4625641402,5,200,0.8
2026-10-05T02:40:09Z,85178,467.1,1000,1000,5,4627198353,5,200,0.6
2026-10-05T02:40:39Z,85208,465.1,1000,1000,5,4628796016,5,200,0.7
2026-10-05T02:41:10Z,85238,467.6,1000,1000,5,4630432421,5,200,0.5
2026-10-05T02:41:39Z,85268,472.8,1000,1000,5,4632027664,5,200,0.8
2026-10-05T02:42:09Z,85298,471.3,1000,1000,5,4633648892,5,200,0.6
2026-10-05T02:42:39Z,85328,459.8,1000,1000,5,4635283814,5,200,3.0
2026-10-05T02:43:09Z,85358,474.0,1000,1000,5,4636877398,5,200,0.5
2026-10-05T02:43:39Z,85388,462.0,1000,1000,5,4638443044,5,200,2.1
2026-10-05T02:44:09Z,85418,473.7,1000,1000,5,4640053664,5,200,0.6
2026-10-05T02:44:39Z,85448,473.7,1000,1000,5,4641638495,5,200,0.6
2026-10-05T02:45:10Z,85478,471.8,1000,1000,5,4643315816,5,200,0.8
2026-10-05T02:45:40Z,85508,478.4,1000,1000,5,4644950456,5,200,0.4
2026-10-05T02:46:09Z,85538,469.8,1000,1000,5,4647681748,5,200,0.7
2026-10-05T02:46:39Z,85568,471.7,1000,1000,5,4649306154,5,200,0.5
2026-10-05T02:47:10Z,85598,461.2,1000,1000,5,4650973757,5,200,0.8
2026-10-05T02:47:39Z,85628,479.3,1000,1000,5,4652570457,5,200,0.7
2026-10-05T02:48:09Z,85658,474.8,1000,1000,5,4654038991,5,200,0.8
2026-10-05T02:48:39Z,85688,476.7,1000,1000,5,4655719384,5,200,0.5
2026-10-05T02:49:09Z,85718,478.5,1000,1000,5,4657451751,5,200,0.9
2026-10-05T02:49:40Z,85749,472.0,1000,1000,5,4659151434,5,200,0.5
2026-10-05T02:50:10Z,85779,476.3,1000,1000,5,4660742142,5,200,0.9
2026-10-05T02:50:40Z,85809,468.2,1000,1000,5,4662281774,5,200,0.5
2026-10-05T02:51:11Z,85839,469.6,1000,1000,5,4663890389,5,200,0.7
2026-10-05T02:51:40Z,85869,472.8,1000,1000,5,4665487949,5,200,0.6
2026-10-05T02:52:10Z,85899,464.5,1000,1000,5,4667140555,5,200,1.2
2026-10-05T02:52:41Z,85929,462.3,1000,1000,5,4668803105,5,200,0.5
2026-10-05T02:53:10Z,85959,472.5,1000,1000,5,4670432695,5,200,1.0
2026-10-05T02:53:40Z,85989,469.9,1000,1000,5,4672037263,5,200,1.2
2026-10-05T02:54:11Z,86019,469.6,1000,1000,5,4673740365,5,200,0.9
2026-10-05T02:54:40Z,86049,461.9,1000,1000,5,4675349710,5,200,0.7
2026-10-05T02:55:10Z,86079,473.7,1000,1000,5,4676955236,5,200,1.1
2026-10-05T02:55:41Z,86109,468.8,1000,1000,5,4678666990,5,200,0.5
2026-10-05T02:56:10Z,86139,466.8,1000,1000,5,4680300053,5,200,1.0
2026-10-05T02:56:40Z,86169,475.3,1000,1000,5,4681970565,5,200,0.5
2026-10-05T02:57:11Z,86199,472.4,1000,1000,5,4683645107,5,200,0.9
2026-10-05T02:57:40Z,86229,463.3,1000,1000,5,4685206805,5,200,0.5
2026-10-05T02:58:10Z,86259,467.7,1000,1000,5,4686737549,5,200,0.9
2026-10-05T02:58:41Z,86289,473.1,1000,1000,5,4688414088,5,200,0.8
2026-10-05T02:59:10Z,86319,455.6,1000,1000,5,4690160487,5,200,0.7
2026-10-05T02:59:40Z,86349,470.1,1000,1000,5,4691935814,5,200,1.0
2026-10-05T03:00:11Z,86379,465.2,1000,1000,5,4693683910,5,200,0.8
2026-10-05T03:00:40Z,86409,472.1,1000,1000,5,4695303852,5,200,0.5
2026-10-05T03:01:10Z,86439,462.9,1000,1000,5,4696906521,5,200,0.9
2026-10-05T03:01:41Z,86469,473.2,1000,1000,5,4698589035,5,200,0.7
2026-10-05T03:02:10Z,86499,467.7,1000,1000,5,4700216687,5,200,0.8
2026-10-05T03:02:40Z,86529,471.5,1000,1000,5,4701764404,5,200,0.7
2026-10-05T03:03:11Z,86559,469.6,1000,1000,5,4703302851,5,200,1.0
2026-10-05T03:03:40Z,86589,466.9,1000,1000,5,4704846204,5,200,0.6
2026-10-05T03:04:10Z,86619,462.6,1000,1000,5,4706353611,5,200,1.2
2026-10-05T03:04:41Z,86649,465.9,1000,1000,5,4708064152,5,200,0.6
2026-10-05T03:05:10Z,86679,467.9,1000,1000,5,4709743659,5,200,1.2
2026-10-05T03:05:40Z,86709,473.5,1000,1000,5,4711372962,5,200,0.4
2026-10-05T03:06:10Z,86739,474.0,1000,1000,5,4713258865,5,200,1.2
2026-10-05T03:06:40Z,86769,470.2,1000,1000,5,4714921918,5,200,0.6
2026-10-05T03:07:11Z,86799,473.0,1000,1000,5,4716610468,5,200,0.5
2026-10-05T03:07:40Z,86829,463.6,1000,1000,5,4718138055,5,200,0.8
2026-10-05T03:08:10Z,86859,467.3,1000,1000,5,4719793757,5,200,0.7
2026-10-05T03:08:41Z,86889,471.8,1000,1000,5,4721515253,5,200,0.8
2026-10-05T03:09:10Z,86919,467.4,1000,1000,5,4723086974,5,200,0.5
2026-10-05T03:09:40Z,86949,471.1,1000,1000,5,4724626667,5,200,0.9
2026-10-05T03:10:10Z,86979,464.6,1000,1000,5,4726253277,5,200,0.6
2026-10-05T03:10:40Z,87009,485.4,1000,1000,5,4727800971,5,200,0.8
2026-10-05T03:11:11Z,87039,473.6,1000,1000,5,4729404245,5,200,0.5
2026-10-05T03:11:40Z,87069,473.2,1000,1000,5,4730992288,5,200,0.8
2026-10-05T03:12:10Z,87099,467.3,1000,1000,5,4732824501,5,200,0.5
2026-10-05T03:12:40Z,87129,472.0,1000,1000,5,4734434545,5,200,0.9
2026-10-05T03:13:10Z,87159,455.4,1000,1000,5,4736068825,5,200,0.4
2026-10-05T03:13:40Z,87189,472.4,1000,1000,5,4737684418,5,200,0.8
2026-10-05T03:14:11Z,87219,462.1,1000,1000,5,4739313039,5,200,0.5
2026-10-05T03:14:40Z,87249,463.5,1000,1000,5,4740891740,5,200,0.8
2026-10-05T03:15:10Z,87279,473.2,1000,1000,5,4742497902,5,200,0.5
2026-10-05T03:15:40Z,87309,476.1,1000,1000,5,4744135021,5,200,0.9
2026-10-05T03:16:10Z,87339,463.8,999,999,6,4745711473,6,200,0.5
2026-10-05T03:16:40Z,87369,466.8,999,999,6,4747320369,6,200,0.7
2026-10-05T03:17:10Z,87399,475.0,999,999,6,4748953803,6,200,0.6
2026-10-05T03:17:41Z,87429,466.8,999,999,6,4750638182,6,200,0.8
2026-10-05T03:18:10Z,87459,465.0,1000,1000,6,4752329555,6,200,0.6
2026-10-05T03:18:40Z,87489,474.0,1000,1000,6,4753907218,6,200,1.0
2026-10-05T03:19:10Z,87519,462.9,1000,1000,6,4755445951,6,200,0.5
2026-10-05T03:19:40Z,87549,473.4,1000,1000,6,4757152500,6,200,1.1
