timestamp,elapsed_sec,rss_mb,intern_size,established,flaps_total,msgs_sent_total,max_prefix_exceeded_total,readyz_code,readyz_ms
2026-09-12T21:34:04Z,0,482.9,1000,1000,0,1069907,0,200,1.9
2026-09-12T21:34:34Z,30,527.8,1000,1000,0,2963244,0,200,3.2
2026-09-12T21:35:05Z,60,512.2,1000,1000,0,5899099,0,200,0.6
2026-09-12T21:35:34Z,90,531.0,1000,1000,0,7778218,0,200,0.5
2026-09-12T21:36:04Z,120,527.0,1000,1000,0,9657338,0,200,0.5
2026-09-12T21:36:35Z,150,512.3,1000,1000,0,11599394,0,200,0.5
2026-09-12T21:37:04Z,180,498.3,1000,1000,0,13478514,0,200,0.5
2026-09-12T21:37:34Z,210,515.0,1000,1000,0,15356634,0,200,0.6
2026-09-12T21:38:05Z,240,498.6,1000,1000,0,17299690,0,200,0.7
2026-09-12T21:38:34Z,270,513.9,1000,1000,0,19177810,0,200,0.5
2026-09-12T21:39:04Z,300,506.0,1000,1000,0,21056930,0,200,0.4
2026-09-12T21:39:35Z,330,512.8,1000,1000,0,22998986,0,200,1.8
2026-09-12T21:40:04Z,360,580.2,1000,1000,0,24878106,0,200,0.5
2026-09-12T21:40:34Z,390,535.8,1000,1000,0,26750643,0,200,46.5
2026-09-12T21:41:05Z,420,535.0,1000,1000,0,28707274,0,200,0.6
2026-09-12T21:41:34Z,450,524.0,1000,1000,0,30585394,0,200,1.8
2026-09-12T21:42:04Z,480,529.2,1000,1000,0,32464514,0,200,1.8
2026-09-12T21:42:35Z,510,509.6,1000,1000,0,34406570,0,200,0.5
2026-09-12T21:43:04Z,540,522.9,1000,1000,0,36285690,0,200,0.5
2026-09-12T21:43:34Z,570,521.6,1000,1000,0,38163810,0,200,1.5
2026-09-12T21:44:05Z,600,520.0,1000,1000,0,40106866,0,200,0.6
2026-09-12T21:44:34Z,630,501.5,1000,1000,0,41984986,0,200,0.5
2026-09-12T21:45:04Z,660,535.4,1000,1000,0,43859189,0,200,53.9
2026-09-12T21:45:35Z,690,509.8,1000,1000,0,45814154,0,200,0.6
2026-09-12T21:46:04Z,720,535.0,1000,1000,0,47693274,0,200,0.5
2026-09-12T21:46:34Z,750,541.8,1000,1000,0,49571394,0,200,0.5
2026-09-12T21:47:05Z,780,536.1,1000,1000,0,51514450,0,200,0.5
2026-09-12T21:47:34Z,810,538.9,1000,1000,0,53392570,0,200,0.8
2026-09-12T21:48:04Z,840,532.7,1000,1000,0,55271690,0,200,0.5
2026-09-12T21:48:35Z,870,519.5,1000,1000,0,57213746,0,200,0.4
2026-09-12T21:49:04Z,900,547.7,1000,1000,0,59092866,0,200,0.7
2026-09-12T21:49:34Z,930,535.5,1000,1000,0,60965562,0,200,41.4
2026-09-12T21:50:05Z,960,515.1,1000,1000,0,62922034,0,200,1.8
2026-09-12T21:50:34Z,990,551.2,1000,1000,0,64800154,0,200,1.1
2026-09-12T21:51:04Z,1020,527.5,1000,1000,0,66679274,0,200,0.5
2026-09-12T21:51:35Z,1050,512.7,1000,1000,0,68621330,0,200,0.6
2026-09-12T21:52:04Z,1080,544.2,1000,1000,0,70500450,0,200,0.8
2026-09-12T21:52:34Z,1110,535.2,1000,1000,0,72376005,0,200,3.2
2026-09-12T21:53:05Z,1140,509.4,1000,1000,0,74327657,0,200,2.2
2026-09-12T21:53:34Z,1170,525.3,1000,1000,0,76207738,0,200,0.4
2026-09-12T21:54:04Z,1200,571.2,1000,1000,0,78086858,0,200,0.5
2026-09-12T21:54:35Z,1230,547.9,1000,1000,0,80028914,0,200,0.7
2026-09-12T21:55:04Z,1260,517.6,1000,1000,0,81908034,0,200,0.5
2026-09-12T21:55:34Z,1290,555.1,1000,1000,0,83786154,0,200,0.5
2026-09-12T21:56:05Z,1320,520.9,1000,1000,0,85729210,0,200,0.6
2026-09-12T21:56:34Z,1350,498.0,1000,1000,0,87607330,0,200,0.4
2026-09-12T21:57:04Z,1380,525.3,1000,1000,0,89483624,0,200,13.6
2026-09-12T21:57:35Z,1410,493.7,1000,1000,0,91428506,0,200,0.6
2026-09-12T21:58:04Z,1440,518.3,1000,1000,0,93310836,0,200,0.6
2026-09-12T21:58:34Z,1470,546.7,1000,1000,0,95188507,0,200,0.4
2026-09-12T21:59:05Z,1500,512.2,1000,1000,0,97132016,0,200,0.6
2026-09-12T21:59:34Z,1530,545.0,1000,1000,0,99006922,0,200,0.7
2026-09-12T22:00:04Z,1560,526.8,1000,1000,0,100891149,0,200,0.9
2026-09-12T22:00:35Z,1590,523.1,1000,1000,0,102834221,0,200,1.7
2026-09-12T22:01:04Z,1620,532.1,1000,1000,0,104715210,0,200,0.6
2026-09-12T22:01:34Z,1650,525.1,1000,1000,0,106587845,0,200,50.9
2026-09-12T22:02:05Z,1680,505.1,1000,1000,0,108544378,0,200,0.9
2026-09-12T22:02:34Z,1710,522.1,1000,1000,0,110422498,0,200,0.4
2026-09-12T22:03:04Z,1740,539.8,1000,1000,0,112301618,0,200,0.8
2026-09-12T22:03:35Z,1770,540.9,1000,1000,0,114243674,0,200,0.7
2026-09-12T22:04:04Z,1800,520.6,1000,1000,0,116129418,0,200,0.8
2026-09-12T22:04:34Z,1830,516.8,1000,1000,0,118008742,0,200,1.0
2026-09-12T22:05:04Z,1860,539.8,1000,1000,0,120911037,0,200,2.5
2026-09-12T22:05:34Z,1890,548.3,1000,1000,0,122861050,0,200,0.8
2026-09-12T22:06:04Z,1920,536.0,1000,1000,0,124743430,0,200,0.5
2026-09-12T22:06:34Z,1950,562.9,1000,1000,0,126626282,0,200,0.5
2026-09-12T22:07:05Z,1980,537.4,1000,1000,0,128572335,0,200,0.4
2026-09-12T22:07:34Z,2010,526.6,1000,1000,0,130455450,0,200,1.5
2026-09-12T22:08:04Z,2040,522.1,1000,1000,0,132327147,0,200,2.4
2026-09-12T22:08:35Z,2070,532.0,1000,1000,0,134279026,0,200,0.7
2026-09-12T22:09:04Z,2100,540.7,1000,1000,0,136158743,0,200,0.6
2026-09-12T22:09:34Z,2130,533.5,1000,1000,0,138040844,0,200,1.2
2026-09-12T22:10:05Z,2160,508.1,1000,1000,0,139984946,0,200,1.1
2026-09-12T22:10:34Z,2190,538.3,1000,1000,0,141866031,0,200,1.2
2026-09-12T22:11:04Z,2220,528.9,1000,1000,0,143745151,0,200,1.3
2026-09-12T22:11:35Z,2250,529.3,1000,1000,0,145687207,0,200,0.6
2026-09-12T22:12:04Z,2280,506.4,1000,1000,0,147566327,0,200,0.7
2026-09-12T22:12:34Z,2310,562.3,1000,1000,0,149438984,0,200,17.2
2026-09-12T22:13:05Z,2340,506.7,1000,1000,0,151387503,0,200,0.6
2026-09-12T22:13:34Z,2370,567.3,1000,1000,0,153273530,0,200,1.1
2026-09-12T22:14:04Z,2400,597.3,1000,1000,0,155152735,0,200,1.7
2026-09-12T22:14:35Z,2430,553.5,1000,1000,0,157094791,0,200,0.7
2026-09-12T22:15:04Z,2460,534.1,1000,1000,0,158973911,0,200,0.7
2026-09-12T22:15:34Z,2490,520.0,1000,1000,0,160852031,0,200,1.3
2026-09-12T22:16:05Z,2520,539.1,1000,1000,0,162795087,0,200,0.5
2026-09-12T22:16:34Z,2550,552.1,1000,1000,0,164673207,0,200,0.8
2026-09-12T22:17:04Z,2580,525.2,1000,1000,0,166547196,0,200,32.8
2026-09-12T22:17:35Z,2610,543.9,1000,1000,0,168500840,0,200,1.0
2026-09-12T22:18:04Z,2640,517.9,1000,1000,0,170381495,0,200,1.9
2026-09-12T22:18:34Z,2670,514.9,1000,1000,0,172250641,0,200,0.7
2026-09-12T22:19:05Z,2700,527.0,1000,1000,0,174202671,0,200,0.6
2026-09-12T22:19:34Z,2730,524.6,1000,1000,0,176080791,0,200,0.6
2026-09-12T22:20:04Z,2760,557.8,1000,1000,0,177959911,0,200,0.5
2026-09-12T22:20:35Z,2790,520.2,1000,1000,0,179901967,0,200,0.7
2026-09-12T22:21:04Z,2820,521.6,1000,1000,0,181784357,0,200,0.5
2026-09-12T22:21:34Z,2850,546.4,1000,1000,0,183653051,0,200,11.9
2026-09-12T22:22:05Z,2880,526.0,1000,1000,0,185610146,0,200,0.9
2026-09-12T22:22:34Z,2910,529.7,1000,1000,0,187488375,0,200,0.5
2026-09-12T22:23:04Z,2940,534.2,1000,1000,0,189367495,0,200,0.5
2026-09-12T22:23:35Z,2970,514.3,1000,1000,0,191309551,0,200,0.6
2026-09-12T22:24:04Z,3000,555.3,1000,1000,0,193191391,0,200,0.5
2026-09-12T22:24:34Z,3030,550.6,1000,1000,0,195067695,0,200,0.5
2026-09-12T22:25:05Z,3060,524.2,1000,1000,0,197009847,0,200,0.5
2026-09-12T22:25:34Z,3090,539.8,1000,1000,0,198887967,0,200,0.7
2026-09-12T22:26:04Z,3120,523.5,1000,1000,0,200764318,0,200,26.3
2026-09-12T22:26:35Z,3150,538.2,1000,1000,0,202717135,0,200,0.9
2026-09-12T22:27:04Z,3180,531.6,1000,1000,0,204596255,0,200,0.6
2026-09-12T22:27:34Z,3210,549.1,1000,1000,0,206474375,0,200,0.4
2026-09-12T22:28:05Z,3240,531.8,1000,1000,0,208417431,0,200,0.8
2026-09-12T22:28:34Z,3270,529.1,1000,1000,0,210295551,0,200,0.5
2026-09-12T22:29:04Z,3300,514.4,1000,1000,0,212190655,0,200,1.9
2026-09-12T22:29:34Z,3330,577.6,1000,1000,0,214068824,0,200,2.9
2026-09-12T22:30:04Z,3360,561.8,1000,1000,0,216011831,0,200,0.4
2026-09-12T22:30:34Z,3390,548.0,1000,1000,0,217889951,0,200,0.7
2026-09-12T22:31:04Z,3420,547.1,1000,1000,0,219771256,0,200,130.4
2026-09-12T22:31:35Z,3450,497.4,1000,1000,0,221719119,0,200,0.5
2026-09-12T22:32:04Z,3480,536.1,1000,1000,0,223598239,0,200,0.4
2026-09-12T22:32:34Z,3510,533.0,1000,1000,0,225476303,0,200,37.5
2026-09-12T22:33:05Z,3540,508.7,1000,1000,0,227427407,0,200,2.7
2026-09-12T22:33:34Z,3570,544.6,1000,1000,0,229305527,0,200,0.8
2026-09-12T22:34:04Z,3600,562.2,1000,1000,0,231184647,0,200,0.5
2026-09-12T22:34:35Z,3630,549.7,1000,1000,0,233126703,0,200,0.6
2026-09-12T22:35:05Z,3660,553.6,1000,1000,0,235971324,0,200,7.7
2026-09-12T22:35:34Z,3690,556.6,1000,1000,0,237860965,0,200,0.6
2026-09-12T22:36:04Z,3720,539.4,1000,1000,0,239734147,0,200,30.7
2026-09-12T22:36:35Z,3750,537.0,1000,1000,0,241690133,0,200,1.8
2026-09-12T22:37:04Z,3780,490.4,1000,1000,0,243569253,0,200,0.9
2026-09-12T22:37:34Z,3810,538.5,1000,1000,0,245447373,0,200,0.6
2026-09-12T22:38:05Z,3840,545.2,1000,1000,0,247390429,0,200,0.5
2026-09-12T22:38:34Z,3870,509.1,1000,1000,0,249275446,0,200,1.0
2026-09-12T22:39:04Z,3900,558.5,1000,1000,0,251155661,0,200,0.9
2026-09-12T22:39:35Z,3930,554.8,1000,1000,0,253097717,0,200,1.2
2026-09-12T22:40:04Z,3960,540.1,1000,1000,0,254976837,0,200,0.6
2026-09-12T22:40:34Z,3990,553.3,1000,1000,0,256832455,0,200,2.8
2026-09-12T22:41:04Z,4020,527.7,1000,1000,0,258750061,0,200,0.9
2026-09-12T22:41:35Z,4050,539.6,1000,1000,0,260692117,0,200,0.7
2026-09-12T22:42:04Z,4080,540.0,1000,1000,0,262571237,0,200,0.5
2026-09-12T22:42:34Z,4110,564.6,1000,1000,0,264443553,0,200,15.5
2026-09-12T22:43:05Z,4140,542.1,1000,1000,0,266392413,0,200,0.5
2026-09-12T22:43:34Z,4170,514.6,1000,1000,0,268270533,0,200,0.5
2026-09-12T22:44:04Z,4200,556.4,1000,1000,0,270147272,0,200,10.6
2026-09-12T22:44:35Z,4230,532.6,1000,1000,0,272099701,0,200,0.6
2026-09-12T22:45:04Z,4260,536.0,1000,1000,0,273983117,0,200,0.6
2026-09-12T22:45:34Z,4290,538.9,1000,1000,0,275856941,0,200,0.6
2026-09-12T22:46:05Z,4320,549.9,1000,1000,0,277799997,0,200,0.6
2026-09-12T22:46:34Z,4350,524.7,1000,1000,0,279678117,0,200,0.5
2026-09-12T22:47:04Z,4380,578.5,1000,1000,0,281551666,0,200,28.1
2026-09-12T22:47:35Z,4410,532.1,1000,1000,0,283502912,0,200,0.5
2026-09-12T22:48:04Z,4440,534.5,1000,1000,0,285386405,0,200,0.8
2026-09-12T22:48:34Z,4470,531.5,1000,1000,0,287259565,0,200,0.7
2026-09-12T22:49:05Z,4500,525.2,1000,1000,0,289207581,0,200,0.6
2026-09-12T22:49:34Z,4530,519.6,1000,1000,0,291085701,0,200,0.5
2026-09-12T22:50:04Z,4560,568.7,1000,1000,0,292964821,0,200,1.0
2026-09-12T22:50:35Z,4590,538.0,1000,1000,0,294906877,0,200,0.7
2026-09-12T22:51:04Z,4620,512.2,1000,1000,0,296785997,0,200,0.8
2026-09-12T22:51:34Z,4650,543.1,1000,1000,0,298658617,0,200,0.6
2026-09-12T22:52:05Z,4680,519.5,1000,1000,0,300610009,0,200,0.6
2026-09-12T22:52:34Z,4710,516.4,1000,1000,0,302485293,0,200,0.5
2026-09-12T22:53:04Z,4740,571.2,1000,1000,0,304358723,0,200,24.3
2026-09-12T22:53:35Z,4770,564.4,1000,1000,0,306314461,0,200,0.7
2026-09-12T22:54:04Z,4800,560.8,1000,1000,0,308193581,0,200,2.7
2026-09-12T22:54:34Z,4830,558.8,1000,1000,0,310071701,0,200,0.4
2026-09-12T22:55:05Z,4860,522.7,1000,1000,0,312014757,0,200,0.4
2026-09-12T22:55:34Z,4890,527.2,1000,1000,0,313892877,0,200,0.5
2026-09-12T22:56:04Z,4920,557.3,1000,1000,0,315769594,0,200,0.8
2026-09-12T22:56:35Z,4950,512.0,1000,1000,0,317721817,0,200,0.8
2026-09-12T22:57:04Z,4980,547.7,1000,1000,0,319601165,0,200,0.6
2026-09-12T22:57:34Z,5010,540.3,1000,1000,0,321479285,0,200,0.5
2026-09-12T22:58:05Z,5040,547.5,1000,1000,0,323426941,0,200,1.0
2026-09-12T22:58:34Z,5070,523.0,1000,1000,0,325307924,0,200,0.8
2026-09-12T22:59:04Z,5100,543.1,1000,1000,0,327184347,0,200,2.2
2026-09-12T22:59:35Z,5130,531.0,1000,1000,0,329129629,0,200,1.0
2026-09-12T23:00:04Z,5160,540.6,1000,1000,0,331008749,0,200,0.5
2026-09-12T23:00:34Z,5190,519.8,1000,1000,0,332886756,0,200,0.8
2026-09-12T23:01:04Z,5220,515.3,1000,1000,0,334773981,0,200,1.0
2026-09-12T23:01:34Z,5250,502.5,1000,1000,0,336716037,0,200,0.7
2026-09-12T23:02:04Z,5280,579.8,1000,1000,0,338595157,0,200,0.5
2026-09-12T23:02:34Z,5310,561.2,1000,1000,0,340481269,0,200,1.6
2026-09-12T23:03:04Z,5340,546.0,1000,1000,0,342424325,0,200,0.6
2026-09-12T23:03:34Z,5370,548.3,1000,1000,0,344302445,0,200,0.5
2026-09-12T23:04:04Z,5400,575.8,1000,1000,0,346184261,0,200,0.5
2026-09-12T23:04:35Z,5430,506.7,1000,1000,0,348131613,0,200,1.3
2026-09-12T23:05:04Z,5460,544.3,1000,1000,0,350010733,0,200,1.2
2026-09-12T23:05:34Z,5490,562.6,1000,1000,0,352879861,0,200,0.9
2026-09-12T23:06:04Z,5520,497.9,1000,1000,0,354758981,0,200,0.5
2026-09-12T23:06:34Z,5550,506.0,1000,1000,0,356701037,0,200,0.6
2026-09-12T23:07:04Z,5580,527.0,1000,1000,0,358577964,0,200,3.6
2026-09-12T23:07:35Z,5610,492.3,1000,1000,0,360522213,0,200,0.5
2026-09-12T23:08:04Z,5640,535.4,1000,1000,0,362409325,0,200,2.7
2026-09-12T23:08:34Z,5670,529.2,1000,1000,0,364287445,0,200,1.8
2026-09-12T23:09:04Z,5700,541.6,1000,1000,0,366166565,0,200,0.5
2026-09-12T23:09:34Z,5730,523.5,1000,1000,0,368108621,0,200,0.6
2026-09-12T23:10:04Z,5760,575.3,1000,1000,0,369987741,0,200,0.6
2026-09-12T23:10:35Z,5791,531.2,1000,1000,0,371929797,0,200,0.7
2026-09-12T23:11:05Z,5821,529.1,1000,1000,0,373872853,0,200,0.7
2026-09-12T23:11:35Z,5851,559.4,1000,1000,0,375751167,0,200,0.6
2026-09-12T23:12:06Z,5881,563.6,1000,1000,0,377694029,0,200,0.9
2026-09-12T23:12:35Z,5911,524.0,1000,1000,0,379572149,0,200,0.5
2026-09-12T23:13:05Z,5941,543.5,1000,1000,0,381451269,0,200,0.5
2026-09-12T23:13:36Z,5971,549.9,1000,1000,0,383393325,0,200,0.5
2026-09-12T23:14:05Z,6001,577.1,1000,1000,0,385272445,0,200,0.6
2026-09-12T23:14:35Z,6031,539.0,1000,1000,0,387150565,0,200,0.6
2026-09-12T23:15:06Z,6061,514.3,1000,1000,0,389096262,0,200,0.6
2026-09-12T23:15:35Z,6091,527.1,1000,1000,0,390971741,0,200,0.4
2026-09-12T23:16:05Z,6121,554.2,1000,1000,0,392850861,0,200,2.0
2026-09-12T23:16:36Z,6151,539.4,1000,1000,0,394792917,0,200,0.6
2026-09-12T23:17:05Z,6181,513.4,1000,1000,0,396675592,0,200,0.5
2026-09-12T23:17:35Z,6211,523.9,1000,1000,0,398549562,0,200,2.0
2026-09-12T23:18:06Z,6241,518.3,1000,1000,0,400501205,0,200,0.5
2026-09-12T23:18:35Z,6271,531.1,1000,1000,0,402379325,0,200,0.6
2026-09-12T23:19:05Z,6301,506.2,1000,1000,0,404258445,0,200,0.6
2026-09-12T23:19:36Z,6331,553.3,1000,1000,0,406200501,0,200,0.7
2026-09-12T23:20:05Z,6361,535.8,1000,1000,0,408083204,0,200,0.5
2026-09-12T23:20:35Z,6391,549.6,1000,1000,0,409957061,0,200,1.4
2026-09-12T23:21:06Z,6421,518.4,1000,1000,0,411908789,0,200,0.8
2026-09-12T23:21:35Z,6451,539.8,1000,1000,0,413786909,0,200,0.4
2026-09-12T23:22:05Z,6481,556.2,1000,1000,0,415665849,0,200,1.9
2026-09-12T23:22:36Z,6511,524.8,1000,1000,0,417608085,0,200,0.5
2026-09-12T23:23:05Z,6541,546.2,1000,1000,0,419490556,0,200,0.6
2026-09-12T23:23:35Z,6571,545.1,1000,1000,0,421372082,0,200,1.3
2026-09-12T23:24:06Z,6602,547.6,1000,1000,0,423316373,0,200,0.7
2026-09-12T23:24:36Z,6632,495.4,1000,1000,0,425258429,0,200,0.6
2026-09-12T23:25:06Z,6662,542.4,1000,1000,0,427137549,0,200,0.6
2026-09-12T23:25:37Z,6693,531.0,1000,1000,0,429079605,0,200,0.5
2026-09-12T23:26:07Z,6723,517.7,1000,1000,0,431022661,0,200,0.5
2026-09-12T23:26:37Z,6753,555.9,1000,1000,0,432902150,0,200,1.0
2026-09-12T23:27:07Z,6783,547.5,1000,1000,0,434787893,0,200,0.7
2026-09-12T23:27:37Z,6813,516.8,1000,1000,0,436729949,0,200,0.7
2026-09-12T23:28:07Z,6843,532.6,1000,1000,0,438609069,0,200,0.8
2026-09-12T23:28:37Z,6873,545.0,1000,1000,0,440489431,0,200,0.6
2026-09-12T23:29:08Z,6903,513.1,1000,1000,0,442446229,0,200,2.4
2026-09-12T23:29:37Z,6933,548.7,1000,1000,0,444324349,0,200,0.5
2026-09-12T23:30:07Z,6963,545.3,1000,1000,0,446203469,0,200,0.9
2026-09-12T23:30:38Z,6993,563.9,1000,1000,0,448145525,0,200,0.4
2026-09-12T23:31:07Z,7023,514.0,1000,1000,0,450024645,0,200,0.5
2026-09-12T23:31:37Z,7053,539.3,1000,1000,0,451902765,0,200,0.7
2026-09-12T23:32:08Z,7083,523.2,1000,1000,0,453845821,0,200,0.6
2026-09-12T23:32:37Z,7113,528.1,1000,1000,0,455723941,0,200,0.6
2026-09-12T23:33:07Z,7143,526.6,1000,1000,0,457599543,0,200,29.7
2026-09-12T23:33:37Z,7173,556.5,1000,1000,0,459495453,0,200,1.5
2026-09-12T23:34:07Z,7203,566.5,1000,1000,0,461436263,0,200,0.6
2026-09-12T23:34:37Z,7233,532.5,1000,1000,0,463317452,0,200,0.9
2026-09-12T23:35:07Z,7263,546.0,1000,1000,0,465199540,0,200,0.6
2026-09-12T23:35:38Z,7293,494.3,1000,1000,0,468117431,0,200,0.8
2026-09-12T23:36:07Z,7323,544.8,1000,1000,0,469998198,0,200,0.6
2026-09-12T23:36:37Z,7353,578.8,1000,1000,0,471870838,0,200,2.5
2026-09-12T23:37:08Z,7383,554.4,1000,1000,0,473821741,0,200,1.7
2026-09-12T23:37:37Z,7413,544.5,1000,1000,0,475699950,0,200,0.6
2026-09-12T23:38:07Z,7443,537.1,1000,1000,0,477579070,0,200,0.9
2026-09-12T23:38:38Z,7473,540.7,1000,1000,0,479529118,0,200,1.3
2026-09-12T23:39:07Z,7503,539.9,1000,1000,0,481408238,0,200,0.5
2026-09-12T23:39:37Z,7533,542.6,1000,1000,0,483286358,0,200,0.6
2026-09-12T23:40:07Z,7563,531.9,1000,1000,0,485171427,0,200,0.6
2026-09-12T23:40:37Z,7593,523.6,1000,1000,0,487114406,0,200,1.4
2026-09-12T23:41:07Z,7623,524.5,1000,1000,0,488994646,0,200,0.7
2026-09-12T23:41:37Z,7653,542.0,1000,1000,0,490872766,0,200,1.0
2026-09-12T23:42:07Z,7683,543.7,1000,1000,0,492815822,0,200,0.5
2026-09-12T23:42:37Z,7713,515.8,1000,1000,0,494693942,0,200,0.7
2026-09-12T23:43:07Z,7743,543.3,1000,1000,0,496573062,0,200,0.5
2026-09-12T23:43:37Z,7773,534.2,1000,1000,0,498518465,0,200,0.5
2026-09-12T23:44:07Z,7803,560.9,1000,1000,0,500401326,0,200,0.7
2026-09-12T23:44:37Z,7833,560.6,1000,1000,0,502280350,0,200,1.5
2026-09-12T23:45:07Z,7863,516.3,1000,1000,0,504223406,0,200,0.7
2026-09-12T23:45:37Z,7893,518.7,1000,1000,0,506101526,0,200,0.5
2026-09-12T23:46:07Z,7923,551.9,1000,1000,0,507982868,0,200,0.6
2026-09-12T23:46:38Z,7953,548.6,1000,1000,0,509937912,0,200,1.5
2026-09-12T23:47:07Z,7983,517.0,1000,1000,0,511817806,0,200,0.8
2026-09-12T23:47:37Z,8013,561.4,1000,1000,0,513695926,0,200,3.6
2026-09-12T23:48:08Z,8043,540.0,1000,1000,0,515638982,0,200,0.7
2026-09-12T23:48:37Z,8073,575.8,1000,1000,0,517517102,0,200,0.7
2026-09-12T23:49:07Z,8103,552.3,1000,1000,0,519393281,0,200,39.5
2026-09-12T23:49:38Z,8133,567.2,1000,1000,0,521346270,0,200,2.5
2026-09-12T23:50:07Z,8163,557.2,1000,1000,0,523225390,0,200,1.9
2026-09-12T23:50:37Z,8193,536.8,1000,1000,0,525103510,0,200,1.8
2026-09-12T23:51:08Z,8223,558.2,1000,1000,0,527046566,0,200,0.7
2026-09-12T23:51:37Z,8253,519.6,1000,1000,0,528924686,0,200,0.5
2026-09-12T23:52:07Z,8283,520.0,1000,1000,0,530803806,0,200,0.5
2026-09-12T23:52:38Z,8313,543.3,1000,1000,0,532745862,0,200,0.5
2026-09-12T23:53:07Z,8343,577.4,1000,1000,0,534624982,0,200,0.6
2026-09-12T23:53:37Z,8373,563.7,1000,1000,0,536499731,0,200,22.2
2026-09-12T23:54:08Z,8403,568.7,1000,1000,0,538446158,0,200,0.5
2026-09-12T23:54:37Z,8433,502.8,1000,1000,0,540330570,0,200,1.5
2026-09-12T23:55:07Z,8463,523.3,1000,1000,0,542211390,0,200,2.5
2026-09-12T23:55:38Z,8493,546.1,1000,1000,0,544153446,0,200,0.6
2026-09-12T23:56:07Z,8523,550.0,1000,1000,0,546032566,0,200,0.7
2026-09-12T23:56:37Z,8553,541.0,1000,1000,0,547910686,0,200,0.5
2026-09-12T23:57:08Z,8583,527.0,1000,1000,0,549853742,0,200,0.5
2026-09-12T23:57:37Z,8613,558.1,1000,1000,0,551738686,0,200,2.5
2026-09-12T23:58:07Z,8643,569.7,1000,1000,0,553615516,0,200,3.0
2026-09-12T23:58:38Z,8673,517.2,1000,1000,0,555561030,0,200,0.5
2026-09-12T23:59:07Z,8703,513.2,1000,1000,0,557440150,0,200,0.5
2026-09-12T23:59:37Z,8733,530.4,1000,1000,0,559318270,0,200,2.0
2026-09-13T00:00:08Z,8763,530.5,1000,1000,0,561261326,0,200,0.9
2026-09-13T00:00:37Z,8793,554.3,1000,1000,0,563139446,0,200,0.5
2026-09-13T00:01:07Z,8823,549.1,1000,1000,0,565015264,0,200,15.2
2026-09-13T00:01:38Z,8853,518.8,1000,1000,0,566960622,0,200,0.6
2026-09-13T00:02:07Z,8883,556.5,1000,1000,0,568845379,0,200,1.3
2026-09-13T00:02:37Z,8913,569.3,1000,1000,0,570720921,0,200,0.7
2026-09-13T00:03:08Z,8943,549.7,1000,1000,0,572668910,0,200,1.8
2026-09-13T00:03:37Z,8973,550.9,1000,1000,0,574547030,0,200,0.8
2026-09-13T00:04:07Z,9003,547.2,1000,1000,0,576426150,0,200,1.3
2026-09-13T00:04:38Z,9033,504.1,1000,1000,0,578368206,0,200,0.5
2026-09-13T00:05:07Z,9063,564.9,1000,1000,0,580247326,0,200,0.8
2026-09-13T00:05:37Z,9093,527.5,1000,1000,0,583118122,0,200,0.6
2026-09-13T00:06:08Z,9123,549.2,1000,1000,0,585064505,0,200,0.6
2026-09-13T00:06:37Z,9153,505.5,1000,1000,0,586943624,0,200,0.7
2026-09-13T00:07:07Z,9183,560.2,1000,1000,0,588821745,0,200,0.4
2026-09-13T00:07:37Z,9213,538.2,1000,1000,0,590704128,0,200,0.5
2026-09-13T00:08:07Z,9243,525.3,1000,1000,0,592649167,0,200,0.7
2026-09-13T00:08:37Z,9273,543.5,1000,1000,0,594527707,0,200,1.5
2026-09-13T00:09:07Z,9303,514.5,1000,1000,0,596408153,0,200,0.5
2026-09-13T00:09:37Z,9333,518.7,1000,1000,0,598350209,0,200,0.7
2026-09-13T00:10:07Z,9363,542.2,1000,1000,0,600230328,0,200,0.6
2026-09-13T00:10:37Z,9393,558.4,1000,1000,0,602108599,0,200,0.6
2026-09-13T00:11:07Z,9423,541.4,1000,1000,0,604054697,0,200,0.6
2026-09-13T00:11:37Z,9453,546.2,1000,1000,0,605935833,0,200,1.8
2026-09-13T00:12:07Z,9483,575.7,1000,1000,0,607815737,0,200,1.3
2026-09-13T00:12:37Z,9513,531.9,1000,1000,0,609757793,0,200,0.6
2026-09-13T00:13:07Z,9543,513.6,1000,1000,0,611637912,0,200,0.4
2026-09-13T00:13:38Z,9574,510.7,1000,1000,0,613579968,0,200,0.7
2026-09-13T00:14:08Z,9604,546.0,1000,1000,0,615523024,0,200,1.0
2026-09-13T00:14:38Z,9634,542.6,1000,1000,0,617406409,0,200,1.0
2026-09-13T00:15:08Z,9664,542.0,1000,1000,0,619287257,0,200,1.6
2026-09-13T00:15:38Z,9694,529.9,1000,1000,0,621229313,0,200,0.6
2026-09-13T00:16:08Z,9724,557.0,1000,1000,0,623112124,0,200,0.7
2026-09-13T00:16:38Z,9754,571.1,1000,1000,0,624991471,0,200,100.9
2026-09-13T00:17:09Z,9784,510.3,1000,1000,0,626945593,0,200,1.3
2026-09-13T00:17:38Z,9814,523.0,1000,1000,0,628824788,0,200,0.7
2026-09-13T00:18:08Z,9844,531.0,1000,1000,0,630703832,0,200,0.7
2026-09-13T00:18:39Z,9874,524.2,1000,1000,0,632645888,0,200,0.9
2026-09-13T00:19:08Z,9904,574.2,1000,1000,0,634525008,0,200,0.5
2026-09-13T00:19:38Z,9934,537.1,1000,1000,0,636403128,0,200,0.7
2026-09-13T00:20:09Z,9964,513.3,1000,1000,0,638346184,0,200,0.4
2026-09-13T00:20:38Z,9994,501.7,1000,1000,0,640224304,0,200,0.9
2026-09-13T00:21:08Z,10024,580.2,1000,1000,0,642101324,0,200,30.7
2026-09-13T00:21:39Z,10054,512.3,1000,1000,0,644053472,0,200,0.5
2026-09-13T00:22:08Z,10084,526.7,1000,1000,0,645932592,0,200,0.8
2026-09-13T00:22:38Z,10114,544.4,1000,1000,0,647810712,0,200,0.7
2026-09-13T00:23:09Z,10144,521.3,1000,1000,0,649753768,0,200,0.9
2026-09-13T00:23:38Z,10174,550.7,1000,1000,0,651639880,0,200,1.5
2026-09-13T00:24:08Z,10204,574.9,1000,1000,0,653519000,0,200,1.8
2026-09-13T00:24:39Z,10234,521.4,1000,1000,0,655461056,0,200,0.5
2026-09-13T00:25:08Z,10264,560.2,1000,1000,0,657343411,0,200,0.7
2026-09-13T00:25:38Z,10294,526.1,1000,1000,0,659225192,0,200,2.1
2026-09-13T00:26:08Z,10324,543.0,1000,1000,0,661105408,0,200,1.4
2026-09-13T00:26:38Z,10354,562.9,1000,1000,0,663047464,0,200,3.3
2026-09-13T00:27:08Z,10384,521.2,1000,1000,0,664926584,0,200,0.6
2026-09-13T00:27:38Z,10414,536.1,1000,1000,0,666804704,0,200,0.5
2026-09-13T00:28:08Z,10444,533.1,1000,1000,0,668747760,0,200,0.6
2026-09-13T00:28:38Z,10474,526.8,1000,1000,0,670624871,0,200,1.4
2026-09-13T00:29:09Z,10504,515.6,1000,1000,0,672568936,0,200,0.7
2026-09-13T00:29:38Z,10534,520.9,1000,1000,0,674447056,0,200,0.6
2026-09-13T00:30:08Z,10564,550.5,1000,1000,0,676326176,0,200,0.6
2026-09-13T00:30:39Z,10594,597.4,1000,1000,0,678273948,0,200,0.9
2026-09-13T00:31:08Z,10624,555.5,1000,1000,0,680155344,0,200,0.9
2026-09-13T00:31:38Z,10654,541.5,1000,1000,0,682033464,0,200,0.7
2026-09-13T00:32:08Z,10684,523.5,1000,1000,0,683912584,0,200,0.6
2026-09-13T00:32:38Z,10714,557.3,1000,1000,0,685854640,0,200,0.4
2026-09-13T00:33:08Z,10744,542.4,1000,1000,0,687733965,0,200,1.2
2026-09-13T00:33:39Z,10774,527.7,1000,1000,0,689675816,0,200,0.5
2026-09-13T00:34:08Z,10804,580.4,1000,1000,0,691554936,0,200,0.4
2026-09-13T00:34:38Z,10834,528.4,1000,1000,0,693436348,0,200,0.4
2026-09-13T00:35:09Z,10864,524.7,1000,1000,0,695376112,0,200,0.6
2026-09-13T00:35:38Z,10894,628.1,1000,1000,0,697261986,0,200,1.8
2026-09-13T00:36:08Z,10924,567.8,1000,1000,0,700134350,0,200,0.8
2026-09-13T00:36:38Z,10954,538.8,1000,1000,0,702014600,0,200,0.5
2026-09-13T00:37:09Z,10984,617.2,1000,1000,0,703963518,0,200,0.5
2026-09-13T00:37:38Z,11014,566.8,1000,1000,0,705841638,0,200,0.5
2026-09-13T00:38:08Z,11044,544.4,1000,1000,0,707724482,0,200,0.7
2026-09-13T00:38:39Z,11074,521.7,1000,1000,0,709670768,0,200,1.4
2026-09-13T00:39:08Z,11104,570.8,1000,1000,0,711549926,0,200,1.7
2026-09-13T00:39:38Z,11134,531.4,1000,1000,0,713424577,0,200,53.5
2026-09-13T00:40:09Z,11164,525.1,1000,1000,0,715374700,0,200,0.9
2026-09-13T00:40:38Z,11194,511.7,1000,1000,0,717257214,0,200,0.5
2026-09-13T00:41:08Z,11224,511.3,1000,1000,0,719131469,0,200,1.1
2026-09-13T00:41:39Z,11254,517.3,1000,1000,0,721078390,0,200,0.7
2026-09-13T00:42:08Z,11284,544.5,1000,1000,0,722957510,0,200,1.2
2026-09-13T00:42:38Z,11314,547.3,1000,1000,0,724834004,0,200,1.7
2026-09-13T00:43:09Z,11344,519.6,1000,1000,0,726778686,0,200,0.5
2026-09-13T00:43:38Z,11374,528.2,1000,1000,0,728663871,0,200,1.6
2026-09-13T00:44:08Z,11404,523.4,1000,1000,0,730543886,0,200,0.7
2026-09-13T00:44:39Z,11434,547.5,1000,1000,0,732485974,0,200,0.7
2026-09-13T00:45:08Z,11464,511.3,1000,1000,0,734365094,0,200,0.6
2026-09-13T00:45:38Z,11494,525.1,1000,1000,0,736245916,0,200,1.7
2026-09-13T00:46:09Z,11524,531.9,1000,1000,0,738190540,0,200,2.1
2026-09-13T00:46:38Z,11554,547.4,1000,1000,0,740072382,0,200,1.0
2026-09-13T00:47:08Z,11584,512.7,1000,1000,0,741951502,0,200,0.6
2026-09-13T00:47:38Z,11614,559.7,1000,1000,0,743829622,0,200,0.6
2026-09-13T00:48:08Z,11644,547.5,1000,1000,0,745772678,0,200,0.8
2026-09-13T00:48:38Z,11674,575.7,1000,1000,0,747650798,0,200,0.6
2026-09-13T00:49:09Z,11704,537.2,1000,1000,0,749593854,0,200,0.6
2026-09-13T00:49:38Z,11734,554.9,1000,1000,0,751475143,0,200,0.5
2026-09-13T00:50:08Z,11764,549.2,1000,1000,0,753354127,0,200,1.6
2026-09-13T00:50:39Z,11794,532.5,1000,1000,0,755295546,0,200,0.7
2026-09-13T00:51:08Z,11824,533.4,1000,1000,0,757180262,0,200,1.8
2026-09-13T00:51:38Z,11854,516.9,1000,1000,0,759058382,0,200,0.6
2026-09-13T00:52:08Z,11884,539.3,1000,1000,0,760937502,0,200,0.5
2026-09-13T00:52:38Z,11914,531.2,1000,1000,0,762887550,0,200,1.7
2026-09-13T00:53:08Z,11944,526.2,1000,1000,0,764766670,0,200,0.4
2026-09-13T00:53:38Z,11974,601.4,1000,1000,0,766644790,0,200,0.7
2026-09-13T00:54:08Z,12004,521.7,1000,1000,0,768587846,0,200,0.5
2026-09-13T00:54:38Z,12034,556.2,1000,1000,0,770465966,0,200,0.7
2026-09-13T00:55:08Z,12064,522.6,1000,1000,0,772345086,0,200,0.5
2026-09-13T00:55:38Z,12094,535.5,1000,1000,0,774287142,0,200,0.7
2026-09-13T00:56:08Z,12124,562.6,1000,1000,0,776166262,0,200,0.8
2026-09-13T00:56:38Z,12154,552.1,1000,1000,0,778047663,0,200,0.6
2026-09-13T00:57:08Z,12184,542.5,1000,1000,0,779995364,0,200,1.1
2026-09-13T00:57:38Z,12214,562.4,1000,1000,0,781873550,0,200,0.7
2026-09-13T00:58:08Z,12244,541.8,1000,1000,0,783755094,0,200,0.5
2026-09-13T00:58:39Z,12274,545.9,1000,1000,0,785702718,0,200,2.5
2026-09-13T00:59:08Z,12304,528.2,1000,1000,0,787581838,0,200,0.5
2026-09-13T00:59:38Z,12334,552.0,1000,1000,0,789456049,0,200,17.3
2026-09-13T01:00:09Z,12364,516.8,1000,1000,0,791407183,0,200,0.5
2026-09-13T01:00:38Z,12394,521.2,1000,1000,0,793283707,0,200,2.4
2026-09-13T01:01:08Z,12424,582.9,1000,1000,0,795168246,0,200,0.6
2026-09-13T01:01:39Z,12454,525.7,1000,1000,0,797110302,0,200,0.6
2026-09-13T01:02:08Z,12484,563.7,1000,1000,0,798992842,0,200,0.7
2026-09-13T01:02:38Z,12514,540.4,1000,1000,0,800875117,0,200,0.8
2026-09-13T01:03:09Z,12544,520.7,1000,1000,0,802818419,0,200,2.1
2026-09-13T01:03:38Z,12574,529.0,1000,1000,0,804696710,0,200,0.7
2026-09-13T01:04:08Z,12604,546.4,1000,1000,0,806575691,0,200,1.1
2026-09-13T01:04:39Z,12634,548.9,1000,1000,0,808517886,0,200,0.5
2026-09-13T01:05:08Z,12664,549.4,1000,1000,0,810397006,0,200,0.5
2026-09-13T01:05:38Z,12694,550.2,1000,1000,0,812275126,0,200,0.8
2026-09-13T01:06:08Z,12724,522.4,1000,1000,0,815172227,0,200,0.6
2026-09-13T01:06:38Z,12754,518.5,1000,1000,0,817115282,0,200,1.7
2026-09-13T01:07:08Z,12784,564.1,1000,1000,0,818998585,0,200,0.5
2026-09-13T01:07:38Z,12814,518.4,1000,1000,0,820875901,0,200,0.5
2026-09-13T01:08:09Z,12844,556.5,1000,1000,0,822824569,0,200,0.6
2026-09-13T01:08:38Z,12874,516.3,1000,1000,0,824706295,0,200,0.5
2026-09-13T01:09:08Z,12904,587.3,1000,1000,0,826586850,0,200,0.8
2026-09-13T01:09:39Z,12934,537.0,1000,1000,0,828530858,0,200,0.9
2026-09-13T01:10:08Z,12964,517.4,1000,1000,0,830415703,0,200,0.7
2026-09-13T01:10:38Z,12994,540.3,1000,1000,0,832285509,0,200,12.0
2026-09-13T01:11:09Z,13024,506.1,1000,1000,0,834239347,0,200,1.1
2026-09-13T01:11:38Z,13054,510.9,1000,1000,0,836118265,0,200,2.2
2026-09-13T01:12:08Z,13084,529.9,1000,1000,0,837997385,0,200,1.9
2026-09-13T01:12:39Z,13114,552.5,1000,1000,0,839939441,0,200,0.6
2026-09-13T01:13:08Z,13144,593.7,1000,1000,0,841818561,0,200,0.6
2026-09-13T01:13:38Z,13174,542.1,1000,1000,0,843696681,0,200,0.6
2026-09-13T01:14:09Z,13204,557.6,1000,1000,0,845639737,0,200,1.0
2026-09-13T01:14:38Z,13234,529.1,1000,1000,0,847517857,0,200,0.5
2026-09-13T01:15:08Z,13264,511.5,1000,1000,0,849393707,0,200,2.1
2026-09-13T01:15:39Z,13294,551.4,1000,1000,0,851344257,0,200,2.3
2026-09-13T01:16:08Z,13324,560.1,1000,1000,0,853226145,0,200,2.8
2026-09-13T01:16:38Z,13354,516.9,1000,1000,0,855104265,0,200,0.4
2026-09-13T01:17:09Z,13384,573.5,1000,1000,0,857047321,0,200,0.5
2026-09-13T01:17:38Z,13414,582.7,1000,1000,0,858925441,0,200,0.8
2026-09-13T01:18:08Z,13444,554.0,1000,1000,0,860807308,0,200,0.5
2026-09-13T01:18:39Z,13474,532.6,1000,1000,0,862749466,0,200,0.6
2026-09-13T01:19:08Z,13504,525.0,1000,1000,0,864631407,0,200,1.8
2026-09-13T01:19:38Z,13534,531.1,1000,1000,0,866499855,0,200,17.1
2026-09-13T01:20:09Z,13564,508.8,1000,1000,0,868453594,0,200,1.5
2026-09-13T01:20:38Z,13594,544.4,1000,1000,0,870333025,0,200,1.3
2026-09-13T01:21:08Z,13624,576.2,1000,1000,0,872212145,0,200,1.0
2026-09-13T01:21:39Z,13654,556.0,1000,1000,0,874154201,0,200,2.6
2026-09-13T01:22:08Z,13684,534.9,1000,1000,0,876033321,0,200,0.5
2026-09-13T01:22:38Z,13714,539.9,1000,1000,0,877911441,0,200,0.6
2026-09-13T01:23:09Z,13744,512.7,1000,1000,0,879854497,0,200,0.5
2026-09-13T01:23:38Z,13774,557.3,1000,1000,0,881732617,0,200,0.6
2026-09-13T01:24:08Z,13804,563.4,1000,1000,0,883609020,0,200,3.6
2026-09-13T01:24:39Z,13834,519.0,1000,1000,0,885558644,0,200,1.6
2026-09-13T01:25:08Z,13864,515.0,1000,1000,0,887439514,0,200,1.2
2026-09-13T01:25:38Z,13894,533.6,1000,1000,0,889323274,0,200,0.9
2026-09-13T01:26:08Z,13924,571.3,1000,1000,0,891206137,0,200,1.3
2026-09-13T01:26:38Z,13954,543.8,1000,1000,0,893148193,0,200,0.9
2026-09-13T01:27:08Z,13984,534.7,1000,1000,0,895027313,0,200,0.5
2026-09-13T01:27:38Z,14014,562.3,1000,1000,0,896907010,0,200,6.3
2026-09-13T01:28:09Z,14044,512.4,1000,1000,0,898862835,0,200,0.9
2026-09-13T01:28:38Z,14074,516.0,1000,1000,0,900742593,0,200,0.9
2026-09-13T01:29:08Z,14104,546.6,1000,1000,0,902621713,0,200,1.5
2026-09-13T01:29:39Z,14134,517.9,1000,1000,0,904563769,0,200,1.3
2026-09-13T01:30:08Z,14164,580.2,1000,1000,0,906442889,0,200,1.2
2026-09-13T01:30:38Z,14194,532.6,1000,1000,0,908316891,0,200,26.3
2026-09-13T01:31:09Z,14224,546.2,1000,1000,0,910264065,0,200,0.6
2026-09-13T01:31:38Z,14254,511.1,1000,1000,0,912149465,0,200,2.0
2026-09-13T01:32:08Z,14284,512.4,1000,1000,0,914026578,0,200,1.9
2026-09-13T01:32:39Z,14314,561.4,1000,1000,0,915971353,0,200,0.6
2026-09-13T01:33:08Z,14344,568.2,1000,1000,0,917850473,0,200,0.6
2026-09-13T01:33:38Z,14374,525.0,1000,1000,0,919728593,0,200,0.5
2026-09-13T01:34:09Z,14404,538.4,1000,1000,0,921671649,0,200,0.4
2026-09-13T01:34:38Z,14434,508.8,1000,1000,0,923549769,0,200,0.4
2026-09-13T01:35:08Z,14464,513.1,1000,1000,0,925424911,0,200,24.6
2026-09-13T01:35:39Z,14494,556.3,1000,1000,0,927370945,0,200,0.5
2026-09-13T01:36:09Z,14524,512.5,999,999,1,929273446,1,200,0.7
2026-09-13T01:36:38Z,14554,519.2,999,999,1,931154168,1,200,0.6
2026-09-13T01:37:08Z,14584,548.3,999,999,1,933043768,1,200,2.5
2026-09-13T01:37:38Z,14614,563.3,999,999,1,934923267,1,200,96.7
2026-09-13T01:38:08Z,14644,577.6,1000,1000,1,937762907,1,200,18.0
2026-09-13T01:38:38Z,14674,549.7,1000,1000,1,939735943,1,200,0.5
2026-09-13T01:39:09Z,14704,516.8,1000,1000,1,941681889,1,200,0.6
2026-09-13T01:39:38Z,14734,507.2,1000,1000,1,943557119,1,200,0.6
2026-09-13T01:40:08Z,14764,540.2,1000,1000,1,945433500,1,200,1.9
2026-09-13T01:40:39Z,14794,555.6,1000,1000,1,947386287,1,200,4.1
2026-09-13T01:41:08Z,14824,565.8,1000,1000,1,949265407,1,200,0.6
2026-09-13T01:41:38Z,14854,546.4,1000,1000,1,951143527,1,200,0.6
2026-09-13T01:42:09Z,14884,531.9,1000,1000,1,953086583,1,200,0.5
2026-09-13T01:42:38Z,14914,539.1,1000,1000,1,954972695,1,200,1.6
2026-09-13T01:43:08Z,14944,566.5,1000,1000,1,956846418,1,200,0.7
2026-09-13T01:43:39Z,14974,556.4,1000,1000,1,958793871,1,200,0.6
2026-09-13T01:44:08Z,15004,557.2,1000,1000,1,960672991,1,200,0.7
2026-09-13T01:44:38Z,15034,508.0,1000,1000,1,962554168,1,200,0.6
2026-09-13T01:45:09Z,15065,550.7,1000,1000,1,964502032,1,200,1.0
2026-09-13T01:45:39Z,15095,519.9,1000,1000,1,966444215,1,200,0.6
2026-09-13T01:46:09Z,15125,510.4,1000,1000,1,968323335,1,200,0.5
2026-09-13T01:46:39Z,15155,536.6,1000,1000,1,970201455,1,200,0.6
2026-09-13T01:47:09Z,15185,551.1,1000,1000,1,972144511,1,200,0.5
2026-09-13T01:47:39Z,15215,532.1,1000,1000,1,974025135,1,200,0.6
2026-09-13T01:48:09Z,15245,529.4,1000,1000,1,975901751,1,200,0.7
2026-09-13T01:48:39Z,15275,535.5,1000,1000,1,977843807,1,200,0.6
2026-09-13T01:49:09Z,15305,549.5,1000,1000,1,979723961,1,200,1.3
2026-09-13T01:49:40Z,15336,550.6,1000,1000,1,981669093,1,200,0.7
2026-09-13T01:50:10Z,15366,534.3,1000,1000,1,983616031,1,200,0.5
2026-09-13T01:50:40Z,15396,523.6,1000,1000,1,985494151,1,200,0.7
2026-09-13T01:51:10Z,15426,539.3,1000,1000,1,987373271,1,200,0.5
2026-09-13T01:51:40Z,15456,555.4,1000,1000,1,989315327,1,200,0.8
2026-09-13T01:52:10Z,15486,538.7,1000,1000,1,991196578,1,200,0.6
2026-09-13T01:52:40Z,15516,563.1,1000,1000,1,993077030,1,200,1.4
2026-09-13T01:53:10Z,15546,567.5,1000,1000,1,995022798,1,200,1.3
2026-09-13T01:53:40Z,15576,527.8,1000,1000,1,996901066,1,200,0.8
2026-09-13T01:54:10Z,15606,534.2,1000,1000,1,998780855,1,200,0.7
2026-09-13T01:54:40Z,15636,520.5,1000,1000,1,1000722911,1,200,0.7
2026-09-13T01:55:10Z,15666,544.8,1000,1000,1,1002602031,1,200,0.7
2026-09-13T01:55:40Z,15696,541.2,1000,1000,1,1004483147,1,200,0.5
2026-09-13T01:56:10Z,15726,570.8,1000,1000,1,1006431199,1,200,2.6
2026-09-13T01:56:40Z,15756,529.5,1000,1000,1,1008309319,1,200,1.9
2026-09-13T01:57:10Z,15786,538.2,1000,1000,1,1010188439,1,200,0.6
2026-09-13T01:57:40Z,15816,500.3,1000,1000,1,1012130495,1,200,0.5
2026-09-13T01:58:10Z,15846,557.0,1000,1000,1,1014011400,1,200,0.7
2026-09-13T01:58:40Z,15876,564.4,1000,1000,1,1015891695,1,200,134.9
2026-09-13T01:59:11Z,15906,528.5,1000,1000,1,1017844645,1,200,0.7
2026-09-13T01:59:40Z,15936,556.6,1000,1000,1,1019724895,1,200,1.0
2026-09-13T02:00:10Z,15966,552.3,1000,1000,1,1021604015,1,200,0.8
2026-09-13T02:00:41Z,15996,529.3,1000,1000,1,1023546071,1,200,0.5
2026-09-13T02:01:10Z,16026,535.4,1000,1000,1,1025432267,1,200,0.6
2026-09-13T02:01:40Z,16056,513.1,1000,1000,1,1027309371,1,200,0.9
2026-09-13T02:02:11Z,16086,564.9,1000,1000,1,1029254359,1,200,1.9
2026-09-13T02:02:40Z,16116,541.7,1000,1000,1,1031132479,1,200,0.5
2026-09-13T02:03:10Z,16146,509.4,1000,1000,1,1033014331,1,200,4.7
2026-09-13T02:03:40Z,16176,541.4,1000,1000,1,1034896701,1,200,1.0
2026-09-13T02:04:10Z,16206,526.6,1000,1000,1,1036840767,1,200,1.0
2026-09-13T02:04:40Z,16236,529.7,1000,1000,1,1038718887,1,200,0.6
2026-09-13T02:05:10Z,16266,508.1,1000,1000,1,1040598007,1,200,0.5
2026-09-13T02:05:40Z,16296,535.2,1000,1000,1,1042540063,1,200,0.5
2026-09-13T02:06:10Z,16326,536.8,1000,1000,1,1044419183,1,200,0.6
2026-09-13T02:06:40Z,16356,545.3,1000,1000,1,1046300305,1,200,0.6
2026-09-13T02:07:10Z,16386,536.2,1000,1000,1,1048248351,1,200,0.7
2026-09-13T02:07:40Z,16416,577.4,1000,1000,1,1050126471,1,200,0.4
2026-09-13T02:08:10Z,16446,553.0,1000,1000,1,1052005591,1,200,1.5
2026-09-13T02:08:41Z,16476,520.3,1000,1000,1,1054956637,1,200,0.9
2026-09-13T02:09:10Z,16506,507.8,1000,1000,1,1056836756,1,200,0.7
2026-09-13T02:09:40Z,16536,545.5,1000,1000,1,1058711177,1,200,42.3
2026-09-13T02:10:11Z,16566,545.0,1000,1000,1,1060664925,1,200,0.5
2026-09-13T02:10:40Z,16596,534.0,1000,1000,1,1062543045,1,200,0.5
2026-09-13T02:11:10Z,16626,560.0,1000,1000,1,1064424598,1,200,0.8
2026-09-13T02:11:41Z,16656,558.8,1000,1000,1,1066371495,1,200,1.9
2026-09-13T02:12:10Z,16686,533.1,1000,1000,1,1068251333,1,200,0.4
2026-09-13T02:12:40Z,16716,549.6,1000,1000,1,1070132671,1,200,0.9
2026-09-13T02:13:11Z,16746,558.3,1000,1000,1,1072076411,1,200,0.5
2026-09-13T02:13:40Z,16776,542.1,1000,1000,1,1073958621,1,200,0.8
2026-09-13T02:14:10Z,16806,562.5,1000,1000,1,1075837741,1,200,0.5
2026-09-13T02:14:40Z,16836,570.2,1000,1000,1,1077720467,1,200,1.0
2026-09-13T02:15:10Z,16866,508.9,1000,1000,1,1079666909,1,200,1.8
2026-09-13T02:15:40Z,16896,525.0,1000,1000,1,1081545029,1,200,0.6
2026-09-13T02:16:10Z,16926,514.6,1000,1000,1,1083424149,1,200,0.5
2026-09-13T02:16:40Z,16956,525.8,1000,1000,1,1085370026,1,200,0.6
2026-09-13T02:17:10Z,16986,516.0,1000,1000,1,1087253277,1,200,3.9
2026-09-13T02:17:40Z,17016,563.1,1000,1000,1,1089128638,1,200,54.8
2026-09-13T02:18:11Z,17046,520.1,1000,1000,1,1091082485,1,200,1.2
2026-09-13T02:18:40Z,17076,546.0,1000,1000,1,1092960605,1,200,1.2
2026-09-13T02:19:10Z,17106,557.4,1000,1000,1,1094839725,1,200,1.3
2026-09-13T02:19:41Z,17136,531.7,1000,1000,1,1096781781,1,200,0.7
2026-09-13T02:20:10Z,17166,511.3,1000,1000,1,1098660901,1,200,0.5
2026-09-13T02:20:40Z,17196,585.7,1000,1000,1,1100539021,1,200,0.7
2026-09-13T02:21:11Z,17226,561.8,1000,1000,1,1102487290,1,200,0.5
2026-09-13T02:21:40Z,17256,537.9,1000,1000,1,1104367474,1,200,0.8
2026-09-13T02:22:10Z,17286,518.1,1000,1000,1,1106243639,1,200,1.5
2026-09-13T02:22:41Z,17317,541.2,1000,1000,1,1108195380,1,200,0.7
2026-09-13T02:23:11Z,17347,524.9,1000,1000,1,1110137870,1,200,1.5
2026-09-13T02:23:41Z,17377,546.4,1000,1000,1,1112016940,1,200,1.9
2026-09-13T02:24:12Z,17407,527.7,1000,1000,1,1113961589,1,200,1.3
2026-09-13T02:24:41Z,17437,538.1,1000,1000,1,1115839709,1,200,0.6
2026-09-13T02:25:11Z,17467,545.9,1000,1000,1,1117718829,1,200,1.8
2026-09-13T02:25:41Z,17497,540.5,1000,1000,1,1119596949,1,200,0.6
2026-09-13T02:26:11Z,17527,545.8,1000,1000,1,1121543725,1,200,0.5
2026-09-13T02:26:41Z,17557,534.2,1000,1000,1,1123419004,1,200,1.7
2026-09-13T02:27:11Z,17587,595.6,1000,1000,1,1125305237,1,200,1.7
2026-09-13T02:27:41Z,17617,545.8,1000,1000,1,1127247293,1,200,1.7
2026-09-13T02:28:11Z,17647,557.9,1000,1000,1,1129126413,1,200,0.6
2026-09-13T02:28:41Z,17677,557.5,1000,1000,1,1131004533,1,200,0.5
2026-09-13T02:29:11Z,17707,526.1,1000,1000,1,1132947589,1,200,0.7
2026-09-13T02:29:41Z,17737,566.8,1000,1000,1,1134826949,1,200,0.9
2026-09-13T02:30:12Z,17767,541.3,1000,1000,1,1136768765,1,200,0.6
2026-09-13T02:30:41Z,17797,516.3,1000,1000,1,1138652244,1,200,0.5
2026-09-13T02:31:11Z,17827,530.9,1000,1000,1,1140533280,1,200,1.1
2026-09-13T02:31:41Z,17857,554.2,1000,1000,1,1142412117,1,200,2.3
2026-09-13T02:32:11Z,17887,556.8,1000,1000,1,1144355173,1,200,0.8
2026-09-13T02:32:41Z,17917,536.2,1000,1000,1,1146233293,1,200,0.6
2026-09-13T02:33:11Z,17947,528.7,1000,1000,1,1148114771,1,200,0.6
2026-09-13T02:33:42Z,17977,530.6,1000,1000,1,1150070453,1,200,1.1
2026-09-13T02:34:11Z,18007,530.2,1000,1000,1,1151949573,1,200,1.6
2026-09-13T02:34:41Z,18037,518.5,1000,1000,1,1153827693,1,200,0.6
2026-09-13T02:35:12Z,18067,529.3,1000,1000,1,1155770749,1,200,0.5
2026-09-13T02:35:41Z,18097,532.4,1000,1000,1,1157648869,1,200,0.5
2026-09-13T02:36:11Z,18127,551.3,1000,1000,1,1159527989,1,200,1.5
2026-09-13T02:36:42Z,18157,558.2,1000,1000,1,1161470045,1,200,1.7
2026-09-13T02:37:11Z,18187,534.5,1000,1000,1,1163349165,1,200,0.8
2026-09-13T02:37:41Z,18217,544.4,1000,1000,1,1165223508,1,200,44.0
2026-09-13T02:38:12Z,18247,560.4,1000,1000,1,1167176480,1,200,3.4
2026-09-13T02:38:41Z,18277,530.8,1000,1000,1,1170065972,1,200,0.5
2026-09-13T02:39:11Z,18307,503.0,1000,1000,1,1171942565,1,200,0.6
2026-09-13T02:39:42Z,18337,549.4,1000,1000,1,1173884621,1,200,0.5
2026-09-13T02:40:11Z,18367,536.6,1000,1000,1,1175766619,1,200,0.5
2026-09-13T02:40:41Z,18397,552.4,1000,1000,1,1177640998,1,200,1.1
2026-09-13T02:41:12Z,18427,569.8,1000,1000,1,1179589168,1,200,0.5
2026-09-13T02:41:41Z,18457,527.5,1000,1000,1,1181470030,1,200,3.0
2026-09-13T02:42:11Z,18487,532.8,1000,1000,1,1183349150,1,200,0.6
2026-09-13T02:42:42Z,18517,522.6,1000,1000,1,1185292205,1,200,0.5
2026-09-13T02:43:11Z,18547,510.5,1000,1000,1,1187171325,1,200,1.4
2026-09-13T02:43:41Z,18577,557.8,1000,1000,1,1189049445,1,200,0.5
2026-09-13T02:44:12Z,18607,544.8,1000,1000,1,1190992501,1,200,0.6
2026-09-13T02:44:41Z,18637,539.1,1000,1000,1,1192873529,1,200,0.4
2026-09-13T02:45:11Z,18667,591.3,1000,1000,1,1194755707,1,200,2.4
2026-09-13T02:45:42Z,18697,540.5,1000,1000,1,1196698790,1,200,1.8
2026-09-13T02:46:11Z,18727,521.5,1000,1000,1,1198578909,1,200,0.8
2026-09-13T02:46:41Z,18757,576.5,1000,1000,1,1200456030,1,200,1.3
2026-09-13T02:47:12Z,18787,538.3,1000,1000,1,1202399086,1,200,0.5
2026-09-13T02:47:41Z,18817,564.9,1000,1000,1,1204285198,1,200,3.5
2026-09-13T02:48:11Z,18847,527.1,1000,1000,1,1206163758,1,200,0.7
2026-09-13T02:48:42Z,18877,505.3,1000,1000,1,1208110678,1,200,0.6
2026-09-13T02:49:11Z,18907,521.4,1000,1000,1,1209993486,1,200,5.9
2026-09-13T02:49:41Z,18937,553.5,1000,1000,1,1211872605,1,200,0.6
2026-09-13T02:50:12Z,18968,543.1,1000,1000,1,1213815662,1,200,0.5
2026-09-13T02:50:42Z,18998,523.8,1000,1000,1,1215757717,1,200,0.5
2026-09-13T02:51:12Z,19028,556.4,1000,1000,1,1217638356,1,200,0.5
2026-09-13T02:51:43Z,19058,532.0,1000,1000,1,1219583110,1,200,0.5
2026-09-13T02:52:12Z,19088,500.9,1000,1000,1,1221464315,1,200,2.5
2026-09-13T02:52:42Z,19118,517.6,1000,1000,1,1223343126,1,200,0.7
2026-09-13T02:53:12Z,19148,527.5,1000,1000,1,1225223245,1,200,0.5
2026-09-13T02:53:42Z,19178,546.3,1000,1000,1,1227165301,1,200,0.8
2026-09-13T02:54:12Z,19208,528.6,1000,1000,1,1229048923,1,200,2.0
2026-09-13T02:54:42Z,19238,517.0,1000,1000,1,1230929534,1,200,0.7
2026-09-13T02:55:12Z,19268,536.4,1000,1000,1,1232872590,1,200,0.5
2026-09-13T02:55:42Z,19298,536.5,1000,1000,1,1234751709,1,200,0.5
2026-09-13T02:56:12Z,19328,542.2,1000,1000,1,1236630829,1,200,0.5
2026-09-13T02:56:42Z,19358,565.4,1000,1000,1,1238577875,1,200,1.0
2026-09-13T02:57:12Z,19388,548.9,1000,1000,1,1240459435,1,200,0.7
2026-09-13T02:57:42Z,19418,567.4,1000,1000,1,1242338117,1,200,3.2
2026-09-13T02:58:12Z,19448,514.6,1000,1000,1,1244281173,1,200,0.6
2026-09-13T02:58:42Z,19478,548.3,1000,1000,1,1246159293,1,200,0.6
2026-09-13T02:59:12Z,19508,568.0,1000,1000,1,1248042447,1,200,141.2
2026-09-13T02:59:43Z,19538,542.5,1000,1000,1,1249988461,1,200,0.7
2026-09-13T03:00:12Z,19568,539.7,1000,1000,1,1251867581,1,200,0.5
2026-09-13T03:00:42Z,19598,548.4,1000,1000,1,1253743276,1,200,4.0
2026-09-13T03:01:12Z,19628,513.3,1000,1000,1,1255645217,1,200,73.0
2026-09-13T03:01:43Z,19658,530.4,1000,1000,1,1257590853,1,200,0.5
2026-09-13T03:02:12Z,19688,540.3,1000,1000,1,1259475415,1,200,0.7
2026-09-13T03:02:42Z,19718,545.5,1000,1000,1,1261356085,1,200,4.6
2026-09-13T03:03:13Z,19748,542.2,1000,1000,1,1263299141,1,200,0.6
2026-09-13T03:03:42Z,19778,570.4,1000,1000,1,1265177261,1,200,0.4
2026-09-13T03:04:12Z,19808,535.3,1000,1000,1,1267056381,1,200,0.5
2026-09-13T03:04:43Z,19838,556.4,1000,1000,1,1268998437,1,200,0.7
2026-09-13T03:05:12Z,19868,546.7,1000,1000,1,1270877557,1,200,0.5
2026-09-13T03:05:42Z,19898,509.1,1000,1000,1,1272751536,1,200,14.7
2026-09-13T03:06:13Z,19928,546.3,1000,1000,1,1274698733,1,200,0.6
2026-09-13T03:06:42Z,19958,536.1,1000,1000,1,1276576853,1,200,0.6
2026-09-13T03:07:12Z,19988,536.5,1000,1000,1,1278455973,1,200,0.5
2026-09-13T03:07:42Z,20018,536.8,1000,1000,1,1280398029,1,200,0.5
2026-09-13T03:08:12Z,20048,548.1,1000,1000,1,1282277149,1,200,0.5
2026-09-13T03:08:42Z,20078,540.1,1000,1000,1,1285171074,1,200,0.7
2026-09-13T03:09:13Z,20108,576.0,1000,1000,1,1287109313,1,200,0.5
2026-09-13T03:09:42Z,20138,501.6,1000,1000,1,1288991340,1,200,0.5
2026-09-13T03:10:12Z,20168,559.4,1000,1000,1,1290866889,1,200,1.1
2026-09-13T03:10:43Z,20198,497.5,1000,1000,1,1292815602,1,200,0.9
2026-09-13T03:11:12Z,20228,539.3,1000,1000,1,1294694722,1,200,0.9
2026-09-13T03:11:42Z,20258,559.4,1000,1000,1,1296573845,1,200,0.9
2026-09-13T03:12:13Z,20288,550.3,1000,1000,1,1298516897,1,200,0.5
2026-09-13T03:12:42Z,20318,511.8,1000,1000,1,1300395017,1,200,0.7
2026-09-13T03:13:12Z,20348,534.7,1000,1000,1,1302270108,1,200,1.7
2026-09-13T03:13:43Z,20378,528.8,1000,1000,1,1304216366,1,200,0.5
2026-09-13T03:14:12Z,20408,521.9,1000,1000,1,1306099484,1,200,0.7
2026-09-13T03:14:42Z,20438,550.2,1000,1000,1,1307980042,1,200,1.7
2026-09-13T03:15:13Z,20468,536.4,1000,1000,1,1309924481,1,200,0.9
2026-09-13T03:15:42Z,20498,501.6,1000,1000,1,1311802647,1,200,0.4
2026-09-13T03:16:12Z,20528,563.5,1000,1000,1,1313680184,1,200,3.1
2026-09-13T03:16:43Z,20558,566.8,1000,1000,1,1315630770,1,200,0.8
2026-09-13T03:17:12Z,20588,527.2,1000,1000,1,1317509890,1,200,0.6
2026-09-13T03:17:42Z,20618,505.8,1000,1000,1,1319388010,1,200,0.8
2026-09-13T03:18:13Z,20648,545.5,1000,1000,1,1321332065,1,200,0.6
2026-09-13T03:18:42Z,20678,548.5,1000,1000,1,1323210185,1,200,0.6
2026-09-13T03:19:12Z,20708,518.5,1000,1000,1,1325088751,1,200,2.0
2026-09-13T03:19:43Z,20738,553.0,1000,1000,1,1327037248,1,200,3.0
2026-09-13T03:20:12Z,20768,515.2,1000,1000,1,1328917474,1,200,0.7
2026-09-13T03:20:42Z,20798,544.2,1000,1000,1,1330792497,1,200,4.0
2026-09-13T03:21:13Z,20828,541.3,1000,1000,1,1332739649,1,200,1.0
2026-09-13T03:21:42Z,20858,512.4,1000,1000,1,1334620707,1,200,0.5
2026-09-13T03:22:12Z,20888,553.2,1000,1000,1,1336496889,1,200,0.6
2026-09-13T03:22:43Z,20918,532.9,1000,1000,1,1338444766,1,200,1.8
2026-09-13T03:23:12Z,20948,528.1,1000,1000,1,1340324393,1,200,0.4
2026-09-13T03:23:42Z,20978,493.7,1000,1000,1,1342203325,1,200,0.8
2026-09-13T03:24:13Z,21008,547.1,1000,1000,1,1344146234,1,200,0.5
2026-09-13T03:24:42Z,21038,535.4,1000,1000,1,1346025353,1,200,0.7
2026-09-13T03:25:12Z,21068,529.0,1000,1000,1,1347907469,1,200,0.5
2026-09-13T03:25:43Z,21098,558.6,1000,1000,1,1349851733,1,200,1.0
2026-09-13T03:26:12Z,21128,515.2,1000,1000,1,1351732642,1,200,0.8
2026-09-13T03:26:42Z,21158,542.9,1000,1000,1,1353607241,1,200,1.1
2026-09-13T03:27:13Z,21188,508.9,1000,1000,1,1355553818,1,200,0.6
2026-09-13T03:27:42Z,21218,509.3,1000,1000,1,1357435836,1,200,1.1
2026-09-13T03:28:12Z,21248,541.9,1000,1000,1,1359315208,1,200,0.7
2026-09-13T03:28:43Z,21278,548.2,1000,1000,1,1361261106,1,200,0.7
2026-09-13T03:29:12Z,21308,579.2,1000,1000,1,1363140226,1,200,0.7
2026-09-13T03:29:42Z,21338,545.1,1000,1000,1,1365019272,1,200,1.0
2026-09-13T03:30:12Z,21368,532.9,1000,1000,1,1366900976,1,200,0.6
2026-09-13T03:30:42Z,21398,555.0,1000,1000,1,1368839522,1,200,0.5
2026-09-13T03:31:12Z,21428,546.9,1000,1000,1,1370722481,1,200,0.5
2026-09-13T03:31:43Z,21458,547.4,1000,1000,1,1372660698,1,200,0.6
2026-09-13T03:32:12Z,21488,524.8,1000,1000,1,1374545336,1,200,1.4
2026-09-13T03:32:42Z,21518,508.6,1000,1000,1,1376417938,1,200,0.9
2026-09-13T03:33:13Z,21548,530.3,1000,1000,1,1378360994,1,200,0.5
2026-09-13T03:33:42Z,21578,543.6,1000,1000,1,1380245415,1,200,1.3
2026-09-13T03:34:12Z,21608,576.5,1000,1000,1,1382119090,1,200,1.4
2026-09-13T03:34:43Z,21638,535.9,1000,1000,1,1384068282,1,200,1.1
2026-09-13T03:35:12Z,21668,533.7,1000,1000,1,1385952326,1,200,0.6
2026-09-13T03:35:42Z,21698,507.3,1000,1000,1,1387833234,1,200,2.1
2026-09-13T03:36:12Z,21728,527.6,1000,1000,1,1389712634,1,200,0.6
2026-09-13T03:36:42Z,21758,546.9,1000,1000,1,1391654690,1,200,0.5
2026-09-13T03:37:12Z,21788,554.0,1000,1000,1,1393534348,1,200,0.4
2026-09-13T03:37:43Z,21818,561.8,1000,1000,1,1395475866,1,200,1.0
2026-09-13T03:38:12Z,21848,527.0,1000,1000,1,1397354986,1,200,0.5
2026-09-13T03:38:42Z,21878,590.8,1000,1000,1,1399233106,1,200,17.2
2026-09-13T03:39:12Z,21908,553.6,1000,1000,1,1402122784,1,200,41.1
2026-09-13T03:39:43Z,21938,556.1,1000,1000,1,1404069266,1,200,0.6
2026-09-13T03:40:12Z,21968,523.7,1000,1000,1,1405954133,1,200,1.4
2026-09-13T03:40:42Z,21998,559.1,1000,1000,1,1407828295,1,200,1.2
2026-09-13T03:41:13Z,22028,537.3,1000,1000,1,1409776555,1,200,0.6
2026-09-13T03:41:42Z,22058,574.0,1000,1000,1,1411655674,1,200,1.4
2026-09-13T03:42:12Z,22088,505.9,1000,1000,1,1413538439,1,200,0.7
2026-09-13T03:42:43Z,22118,522.2,1000,1000,1,1415483843,1,200,1.4
2026-09-13T03:43:12Z,22148,520.2,1000,1000,1,1417362963,1,200,0.8
2026-09-13T03:43:42Z,22178,571.4,1000,1000,1,1419237315,1,200,0.9
2026-09-13T03:44:13Z,22208,543.4,1000,1000,1,1421183661,1,200,2.3
2026-09-13T03:44:42Z,22238,513.5,1000,1000,1,1423071250,1,200,0.5
2026-09-13T03:45:12Z,22268,547.1,1000,1000,1,1424950370,1,200,0.5
2026-09-13T03:45:42Z,22298,544.0,1000,1000,1,1426828490,1,200,0.6
2026-09-13T03:46:12Z,22328,557.0,1000,1000,1,1428771546,1,200,0.6
2026-09-13T03:46:42Z,22358,562.2,1000,1000,1,1430650247,1,200,1.4
2026-09-13T03:47:13Z,22388,498.4,1000,1000,1,1432592722,1,200,0.5
2026-09-13T03:47:42Z,22418,509.8,1000,1000,1,1434470842,1,200,0.5
2026-09-13T03:48:12Z,22448,497.2,1000,1000,1,1436349962,1,200,0.5
2026-09-13T03:48:43Z,22478,535.0,1000,1000,1,1438292018,1,200,0.5
2026-09-13T03:49:12Z,22508,553.3,1000,1000,1,1440177914,1,200,1.8
2026-09-13T03:49:42Z,22538,539.9,1000,1000,1,1442057250,1,200,0.8
2026-09-13T03:50:12Z,22568,524.7,1000,1000,1,1443936370,1,200,0.5
2026-09-13T03:50:42Z,22598,544.9,1000,1000,1,1445878426,1,200,1.7
2026-09-13T03:51:12Z,22628,581.0,1000,1000,1,1447757546,1,200,0.7
2026-09-13T03:51:43Z,22658,540.3,1000,1000,1,1449699602,1,200,0.7
2026-09-13T03:52:12Z,22688,522.5,1000,1000,1,1451578722,1,200,0.6
2026-09-13T03:52:42Z,22718,548.7,1000,1000,1,1453454383,1,200,2.2
2026-09-13T03:53:13Z,22748,538.8,1000,1000,1,1455399898,1,200,0.7
2026-09-13T03:53:42Z,22778,528.5,1000,1000,1,1457278018,1,200,0.6
2026-09-13T03:54:12Z,22808,566.6,1000,1000,1,1459157138,1,200,0.5
2026-09-13T03:54:43Z,22838,550.2,1000,1000,1,1461103168,1,200,0.7
2026-09-13T03:55:12Z,22868,524.1,1000,1000,1,1462982661,1,200,0.7
2026-09-13T03:55:42Z,22898,554.7,1000,1000,1,1464855276,1,200,0.8
2026-09-13T03:56:13Z,22928,506.3,1000,1000,1,1466804072,1,200,0.7
2026-09-13T03:56:42Z,22958,525.0,1000,1000,1,1468681340,1,200,0.7
2026-09-13T03:57:12Z,22988,537.1,1000,1000,1,1470552784,1,200,10.4
2026-09-13T03:57:43Z,23018,557.6,1000,1000,1,1472506778,1,200,0.9
2026-09-13T03:58:12Z,23048,523.9,1000,1000,1,1474385898,1,200,0.6
2026-09-13T03:58:42Z,23078,568.2,1000,1000,1,1476264018,1,200,0.6
2026-09-13T03:59:13Z,23108,535.0,1000,1000,1,1478207074,1,200,0.7
2026-09-13T03:59:42Z,23138,535.2,1000,1000,1,1480085194,1,200,0.5
2026-09-13T04:00:12Z,23168,525.5,1000,1000,1,1481968677,1,200,1.2
2026-09-13T04:00:43Z,23198,530.2,1000,1000,1,1483914362,1,200,1.0
2026-09-13T04:01:12Z,23228,513.3,1000,1000,1,1485793482,1,200,0.6
2026-09-13T04:01:42Z,23258,561.4,1000,1000,1,1487672642,1,200,1.6
2026-09-13T04:02:13Z,23288,542.7,1000,1000,1,1489620489,1,200,0.7
2026-09-13T04:02:42Z,23318,492.9,1000,1000,1,1491500770,1,200,2.1
2026-09-13T04:03:12Z,23348,560.1,1000,1000,1,1493379890,1,200,0.7
2026-09-13T04:03:42Z,23378,524.7,1000,1000,1,1495258010,1,200,0.6
2026-09-13T04:04:12Z,23408,550.2,1000,1000,1,1497201066,1,200,0.8
2026-09-13T04:04:42Z,23438,564.5,1000,1000,1,1499079227,1,200,0.8
2026-09-13T04:05:13Z,23468,523.9,1000,1000,1,1501022242,1,200,0.8
2026-09-13T04:05:42Z,23498,543.0,1000,1000,1,1502903156,1,200,0.5
2026-09-13T04:06:12Z,23528,519.5,1000,1000,1,1504784227,1,200,0.6
2026-09-13T04:06:43Z,23558,573.8,1000,1000,1,1506726578,1,200,1.3
2026-09-13T04:07:12Z,23588,557.9,1000,1000,1,1508608650,1,200,0.6
2026-09-13T04:07:42Z,23618,517.5,1000,1000,1,1510486770,1,200,0.5
2026-09-13T04:08:12Z,23648,546.8,1000,1000,1,1512373496,1,200,1.0
2026-09-13T04:08:42Z,23678,523.8,1000,1000,1,1514315938,1,200,0.6
2026-09-13T04:09:12Z,23708,533.3,1000,1000,1,1517162090,1,200,1.4
2026-09-13T04:09:42Z,23738,555.8,1000,1000,1,1519041209,1,200,0.4
2026-09-13T04:10:13Z,23768,556.7,1000,1000,1,1520983266,1,200,0.7
2026-09-13T04:10:42Z,23798,548.0,1000,1000,1,1522862385,1,200,0.7
2026-09-13T04:11:12Z,23828,562.4,1000,1000,1,1524737414,1,200,9.6
2026-09-13T04:11:43Z,23858,554.0,1000,1000,1,1526689524,1,200,1.3
2026-09-13T04:12:12Z,23888,533.8,1000,1000,1,1528569500,1,200,1.2
2026-09-13T04:12:42Z,23918,571.3,1000,1000,1,1530447794,1,200,0.6
2026-09-13T04:13:13Z,23948,546.5,1000,1000,1,1532391849,1,200,0.6
2026-09-13T04:13:42Z,23978,538.8,1000,1000,1,1534274338,1,200,0.5
2026-09-13T04:14:12Z,24008,528.2,1000,1000,1,1536152659,1,200,1.3
2026-09-13T04:14:43Z,24038,546.3,1000,1000,1,1538098138,1,200,0.5
2026-09-13T04:15:12Z,24068,491.0,1000,1000,1,1539978257,1,200,0.6
2026-09-13T04:15:42Z,24098,549.3,1000,1000,1,1541857136,1,200,0.9
2026-09-13T04:16:13Z,24128,559.8,1000,1000,1,1543802416,1,200,1.5
2026-09-13T04:16:42Z,24158,556.1,1000,1000,1,1545685545,1,200,1.2
2026-09-13T04:17:12Z,24188,565.0,1000,1000,1,1547564665,1,200,0.7
2026-09-13T04:17:42Z,24218,540.6,1000,1000,1,1549442785,1,200,0.6
2026-09-13T04:18:12Z,24248,540.2,1000,1000,1,1551392142,1,200,0.6
2026-09-13T04:18:42Z,24278,528.2,1000,1000,1,1553271470,1,200,1.6
2026-09-13T04:19:12Z,24308,537.5,1000,1000,1,1555151073,1,200,0.9
2026-09-13T04:19:42Z,24338,556.2,1000,1000,1,1557093129,1,200,0.5
2026-09-13T04:20:12Z,24368,549.6,1000,1000,1,1558972249,1,200,1.1
2026-09-13T04:20:42Z,24398,538.9,1000,1000,1,1560852723,1,200,0.5
2026-09-13T04:21:13Z,24428,547.2,1000,1000,1,1562804563,1,200,2.8
2026-09-13T04:21:42Z,24458,531.6,1000,1000,1,1564686654,1,200,0.9
2026-09-13T04:22:12Z,24488,534.0,1000,1000,1,1566566184,1,200,1.3
2026-09-13T04:22:43Z,24518,524.5,1000,1000,1,1568508705,1,200,1.1
2026-09-13T04:23:12Z,24548,570.9,1000,1000,1,1570387825,1,200,0.5
2026-09-13T04:23:42Z,24578,521.4,1000,1000,1,1572265945,1,200,1.5
2026-09-13T04:24:13Z,24608,547.9,1000,1000,1,1574209001,1,200,0.6
2026-09-13T04:24:42Z,24638,539.4,1000,1000,1,1576087121,1,200,0.6
2026-09-13T04:25:12Z,24668,526.2,1000,1000,1,1577962773,1,200,28.6
2026-09-13T04:25:43Z,24698,552.0,1000,1000,1,1579916289,1,200,1.0
2026-09-13T04:26:12Z,24728,529.7,1000,1000,1,1581795409,1,200,0.5
2026-09-13T04:26:42Z,24758,552.0,1000,1000,1,1583673529,1,200,0.8
2026-09-13T04:27:13Z,24788,535.1,1000,1000,1,1585616585,1,200,0.6
2026-09-13T04:27:42Z,24818,571.3,1000,1000,1,1587494705,1,200,0.6
2026-09-13T04:28:12Z,24848,534.3,1000,1000,1,1589371458,1,200,0.9
2026-09-13T04:28:43Z,24878,544.8,1000,1000,1,1591323873,1,200,0.7
2026-09-13T04:29:12Z,24908,527.3,1000,1000,1,1593202993,1,200,1.1
2026-09-13T04:29:42Z,24938,522.4,1000,1000,1,1595084058,1,200,0.7
2026-09-13T04:30:12Z,24968,569.7,1000,1000,1,1596968225,1,200,0.8
2026-09-13T04:30:42Z,24998,535.5,1000,1000,1,1598914740,1,200,0.6
2026-09-13T04:31:12Z,25028,560.7,1000,1000,1,1600793540,1,200,0.6
2026-09-13T04:31:42Z,25058,520.4,1000,1000,1,1602667521,1,200,0.5
2026-09-13T04:32:12Z,25088,536.8,1000,1000,1,1604610577,1,200,0.4
2026-09-13T04:32:42Z,25118,574.0,1000,1000,1,1606488697,1,200,1.4
2026-09-13T04:33:13Z,25148,543.1,1000,1000,1,1608431753,1,200,0.6
2026-09-13T04:33:42Z,25178,540.8,1000,1000,1,1610317641,1,200,1.4
2026-09-13T04:34:12Z,25208,504.6,1000,1000,1,1612196985,1,200,1.3
2026-09-13T04:34:42Z,25238,534.8,1000,1000,1,1614075105,1,200,2.8
2026-09-13T04:35:12Z,25268,541.2,1000,1000,1,1616018161,1,200,0.5
2026-09-13T04:35:42Z,25298,541.1,1000,1000,1,1617896281,1,200,1.0
2026-09-13T04:36:12Z,25328,548.8,1000,1000,1,1619775401,1,200,0.7
2026-09-13T04:36:42Z,25358,510.8,1000,1000,1,1621717457,1,200,1.1
2026-09-13T04:37:12Z,25388,560.1,1000,1000,1,1623599015,1,200,0.4
2026-09-13T04:37:42Z,25418,551.4,1000,1000,1,1625474697,1,200,0.6
2026-09-13T04:38:12Z,25448,561.6,1000,1000,1,1627417753,1,200,0.7
2026-09-13T04:38:42Z,25478,501.1,1000,1000,1,1629294768,1,200,0.9
2026-09-13T04:39:12Z,25508,550.3,1000,1000,1,1632160024,1,200,2.1
2026-09-13T04:39:42Z,25538,530.2,1000,1000,1,1634138027,1,200,0.5
2026-09-13T04:40:12Z,25568,566.5,1000,1000,1,1636018146,1,200,1.1
2026-09-13T04:40:42Z,25598,567.1,1000,1000,1,1637900430,1,200,118.8
2026-09-13T04:41:13Z,25628,532.9,1000,1000,1,1639847314,1,200,0.5
2026-09-13T04:41:42Z,25658,551.1,1000,1000,1,1641725434,1,200,0.5
2026-09-13T04:42:12Z,25688,499.7,1000,1000,1,1643612456,1,200,2.9
2026-09-13T04:42:43Z,25718,554.5,1000,1000,1,1645554602,1,200,0.5
2026-09-13T04:43:12Z,25748,546.0,1000,1000,1,1647433722,1,200,0.5
2026-09-13T04:43:42Z,25778,534.6,1000,1000,1,1649311842,1,200,0.6
2026-09-13T04:44:13Z,25808,540.7,1000,1000,1,1651262661,1,200,1.8
2026-09-13T04:44:42Z,25838,517.5,1000,1000,1,1653141010,1,200,2.1
2026-09-13T04:45:12Z,25868,509.4,1000,1000,1,1655020130,1,200,0.6
2026-09-13T04:45:43Z,25899,535.1,1000,1000,1,1656962186,1,200,0.6
2026-09-13T04:46:13Z,25929,521.2,1000,1000,1,1658905242,1,200,0.6
2026-09-13T04:46:43Z,25959,537.8,1000,1000,1,1660783246,1,200,1.7
2026-09-13T04:47:13Z,25989,563.4,1000,1000,1,1662669423,1,200,0.9
2026-09-13T04:47:43Z,26019,563.4,1000,1000,1,1664612530,1,200,2.3
2026-09-13T04:48:13Z,26049,527.0,1000,1000,1,1666491650,1,200,1.2
2026-09-13T04:48:43Z,26079,552.2,1000,1000,1,1668369770,1,200,0.5
2026-09-13T04:49:13Z,26109,502.2,1000,1000,1,1670320818,1,200,0.8
2026-09-13T04:49:43Z,26139,564.5,1000,1000,1,1672198938,1,200,0.4
2026-09-13T04:50:13Z,26169,539.8,1000,1000,1,1674078058,1,200,0.5
2026-09-13T04:50:43Z,26199,532.5,1000,1000,1,1676020114,1,200,1.2
2026-09-13T04:51:13Z,26229,525.4,1000,1000,1,1677899234,1,200,0.7
2026-09-13T04:51:43Z,26259,547.9,1000,1000,1,1679781977,1,200,135.2
2026-09-13T04:52:14Z,26289,496.3,1000,1000,1,1681732016,1,200,0.8
2026-09-13T04:52:43Z,26319,501.0,1000,1000,1,1683614514,1,200,2.3
2026-09-13T04:53:13Z,26349,516.2,1000,1000,1,1685492667,1,200,2.5
2026-09-13T04:53:44Z,26379,540.5,1000,1000,1,1687435690,1,200,0.8
2026-09-13T04:54:13Z,26409,514.7,1000,1000,1,1689314810,1,200,0.5
2026-09-13T04:54:43Z,26439,549.2,1000,1000,1,1691192930,1,200,0.5
2026-09-13T04:55:14Z,26469,551.1,1000,1000,1,1693135986,1,200,0.4
2026-09-13T04:55:43Z,26499,519.3,1000,1000,1,1695014106,1,200,0.7
2026-09-13T04:56:13Z,26529,541.3,1000,1000,1,1696889251,1,200,18.3
2026-09-13T04:56:44Z,26559,544.9,1000,1000,1,1698843274,1,200,1.6
2026-09-13T04:57:13Z,26589,542.8,1000,1000,1,1700722394,1,200,0.8
2026-09-13T04:57:43Z,26619,561.6,1000,1000,1,1702598461,1,200,0.6
2026-09-13T04:58:14Z,26649,561.3,1000,1000,1,1704546437,1,200,0.5
2026-09-13T04:58:43Z,26679,534.4,1000,1000,1,1706428670,1,200,1.0
2026-09-13T04:59:13Z,26709,552.0,1000,1000,1,1708308802,1,200,1.4
2026-09-13T04:59:43Z,26739,526.2,1000,1000,1,1710186922,1,200,0.6
2026-09-13T05:00:13Z,26769,554.5,1000,1000,1,1712129978,1,200,0.7
2026-09-13T05:00:43Z,26799,557.8,1000,1000,1,1714008936,1,200,2.8
2026-09-13T05:01:14Z,26829,534.3,1000,1000,1,1715951154,1,200,0.6
2026-09-13T05:01:43Z,26859,522.1,1000,1000,1,1717835226,1,200,1.1
2026-09-13T05:02:13Z,26889,581.8,1000,1000,1,1719716386,1,200,0.9
2026-09-13T05:02:43Z,26919,494.9,1000,1000,1,1721596613,1,200,0.5
2026-09-13T05:03:14Z,26949,539.0,1000,1000,1,1723545554,1,200,0.4
2026-09-13T05:03:43Z,26979,541.1,1000,1000,1,1725427090,1,200,0.6
2026-09-13T05:04:13Z,27009,524.7,1000,1000,1,1727302794,1,200,0.6
2026-09-13T05:04:44Z,27039,521.2,1000,1000,1,1729252842,1,200,0.9
2026-09-13T05:05:13Z,27069,529.2,1000,1000,1,1731131962,1,200,0.5
2026-09-13T05:05:43Z,27099,564.8,1000,1000,1,1733010082,1,200,0.5
2026-09-13T05:06:14Z,27129,512.7,1000,1000,1,1734953138,1,200,0.6
2026-09-13T05:06:43Z,27159,566.0,1000,1000,1,1736831258,1,200,0.8
2026-09-13T05:07:13Z,27189,554.2,1000,1000,1,1738706109,1,200,12.8
2026-09-13T05:07:44Z,27219,513.2,1000,1000,1,1740652434,1,200,0.7
2026-09-13T05:08:13Z,27249,522.4,1000,1000,1,1742531554,1,200,0.6
2026-09-13T05:08:43Z,27279,512.8,1000,1000,1,1744414043,1,200,1.3
2026-09-13T05:09:14Z,27309,650.1,1000,1000,1,1746357279,1,200,6.5
2026-09-13T05:09:43Z,27339,552.9,1000,1000,1,1749233846,1,200,0.8
2026-09-13T05:10:13Z,27369,572.4,1000,1000,1,1751112966,1,200,0.5
2026-09-13T05:10:44Z,27399,512.6,1000,1000,1,1753055022,1,200,0.8
2026-09-13T05:11:13Z,27429,560.2,1000,1000,1,1754934142,1,200,0.4
2026-09-13T05:11:43Z,27459,534.9,1000,1000,1,1756812262,1,200,0.5
2026-09-13T05:12:14Z,27490,521.0,1000,1000,1,1758763310,1,200,0.5
2026-09-13T05:12:44Z,27520,538.2,1000,1000,1,1760705366,1,200,0.5
2026-09-13T05:13:14Z,27550,516.3,1000,1000,1,1762592478,1,200,1.1
2026-09-13T05:13:44Z,27580,537.5,1000,1000,1,1764470598,1,200,4.9
2026-09-13T05:14:14Z,27610,502.4,1000,1000,1,1766413654,1,200,0.6
2026-09-13T05:14:44Z,27640,542.0,1000,1000,1,1768291774,1,200,0.6
2026-09-13T05:15:14Z,27670,529.1,1000,1000,1,1770173536,1,200,116.0
2026-09-13T05:15:45Z,27700,553.9,1000,1000,1,1772128934,1,200,1.6
2026-09-13T05:16:14Z,27730,504.8,1000,1000,1,1774008054,1,200,0.5
2026-09-13T05:16:44Z,27760,535.9,1000,1000,1,1775882554,1,200,1.6
2026-09-13T05:17:15Z,27790,561.0,1000,1000,1,1777835064,1,200,2.0
2026-09-13T05:17:44Z,27820,527.7,1000,1000,1,1779715342,1,200,0.4
2026-09-13T05:18:14Z,27850,552.9,1000,1000,1,1781594462,1,200,0.5
2026-09-13T05:18:44Z,27880,550.7,1000,1000,1,1783472582,1,200,0.8
2026-09-13T05:19:14Z,27910,568.0,1000,1000,1,1785415638,1,200,0.7
2026-09-13T05:19:44Z,27940,522.4,1000,1000,1,1787290551,1,200,0.7
2026-09-13T05:20:15Z,27970,527.7,1000,1000,1,1789236814,1,200,0.5
2026-09-13T05:20:44Z,28000,516.3,1000,1000,1,1791120840,1,200,1.7
2026-09-13T05:21:14Z,28030,555.6,1000,1000,1,1793002046,1,200,1.3
2026-09-13T05:21:44Z,28060,558.7,1000,1000,1,1794880166,1,200,1.1
2026-09-13T05:22:14Z,28090,542.2,1000,1000,1,1796823222,1,200,0.7
2026-09-13T05:22:44Z,28120,572.1,1000,1000,1,1798701342,1,200,0.4
2026-09-13T05:23:14Z,28150,521.6,1000,1000,1,1800580462,1,200,0.8
2026-09-13T05:23:44Z,28180,515.0,1000,1000,1,1802522518,1,200,0.5
2026-09-13T05:24:14Z,28210,537.3,1000,1000,1,1804408113,1,200,0.5
2026-09-13T05:24:44Z,28240,547.2,1000,1000,1,1806287750,1,200,1.2
2026-09-13T05:25:14Z,28270,545.8,1000,1000,1,1808230806,1,200,0.7
2026-09-13T05:25:44Z,28300,533.5,1000,1000,1,1810108926,1,200,0.6
2026-09-13T05:26:14Z,28330,517.8,1000,1000,1,1811990145,1,200,126.7
2026-09-13T05:26:45Z,28360,536.7,1000,1000,1,1813946086,1,200,1.5
2026-09-13T05:27:14Z,28390,531.0,1000,1000,1,1815825206,1,200,0.5
2026-09-13T05:27:44Z,28420,560.1,1000,1000,1,1817703326,1,200,0.6
2026-09-13T05:28:15Z,28450,545.8,1000,1000,1,1819646382,1,200,0.4
2026-09-13T05:28:44Z,28480,540.7,1000,1000,1,1821529174,1,200,0.8
2026-09-13T05:29:14Z,28510,556.4,1000,1000,1,1823411614,1,200,1.0
2026-09-13T05:29:45Z,28540,517.8,1000,1000,1,1825353670,1,200,0.6
2026-09-13T05:30:14Z,28570,553.1,1000,1000,1,1827236841,1,200,1.6
2026-09-13T05:30:44Z,28600,559.3,1000,1000,1,1829116645,1,200,0.9
2026-09-13T05:31:15Z,28631,532.3,1000,1000,1,1831061958,1,200,1.1
2026-09-13T05:31:45Z,28661,534.5,1000,1000,1,1833004014,1,200,0.8
2026-09-13T05:32:15Z,28691,529.8,1000,1000,1,1834883134,1,200,0.7
2026-09-13T05:32:45Z,28721,536.7,1000,1000,1,1836761254,1,200,0.8
2026-09-13T05:33:15Z,28751,549.5,1000,1000,1,1838704310,1,200,0.6
2026-09-13T05:33:45Z,28781,540.7,1000,1000,1,1840587492,1,200,0.6
2026-09-13T05:34:15Z,28811,577.4,1000,1000,1,1842469427,1,200,1.8
2026-09-13T05:34:45Z,28841,571.1,1000,1000,1,1844411598,1,200,0.7
2026-09-13T05:35:15Z,28871,539.0,1000,1000,1,1846290718,1,200,0.4
2026-09-13T05:35:45Z,28901,525.2,1000,1000,1,1848168838,1,200,0.5
2026-09-13T05:36:15Z,28931,559.5,1000,1000,1,1850111894,1,200,0.5
2026-09-13T05:36:45Z,28961,538.2,1000,1000,1,1851990014,1,200,0.7
2026-09-13T05:37:15Z,28991,539.1,1000,1000,1,1853869134,1,200,0.5
2026-09-13T05:37:45Z,29021,557.3,1000,1000,1,1855811190,1,200,0.5
2026-09-13T05:38:15Z,29051,561.9,1000,1000,1,1857690310,1,200,2.7
2026-09-13T05:38:45Z,29081,554.1,1000,1000,1,1859575350,1,200,0.9
2026-09-13T05:39:15Z,29111,528.1,1000,1000,1,1861519478,1,200,0.5
2026-09-13T05:39:45Z,29141,533.5,999,999,2,1863421061,2,200,0.5
2026-09-13T05:40:15Z,29171,551.2,999,999,2,1865303257,2,200,2.6
2026-09-13T05:40:45Z,29201,549.6,999,999,2,1867178378,2,200,35.4
2026-09-13T05:41:16Z,29231,544.4,999,999,2,1869131619,2,200,0.6
2026-09-13T05:41:46Z,29261,532.2,1000,1000,2,1872054308,2,200,1.1
2026-09-13T05:42:15Z,29291,540.3,1000,1000,2,1873935425,2,200,0.5
2026-09-13T05:42:45Z,29321,538.4,1000,1000,2,1875813967,2,200,2.2
2026-09-13T05:43:16Z,29352,554.6,1000,1000,2,1877763955,2,200,1.3
2026-09-13T05:43:46Z,29382,515.3,1000,1000,2,1879706650,2,200,2.4
2026-09-13T05:44:16Z,29412,515.0,1000,1000,2,1881585769,2,200,1.1
2026-09-13T05:44:47Z,29443,547.5,1000,1000,2,1883527826,2,200,0.7
2026-09-13T05:45:17Z,29473,532.4,1000,1000,2,1885470881,2,200,0.7
2026-09-13T05:45:47Z,29503,532.1,1000,1000,2,1887351801,2,200,0.6
2026-09-13T05:46:18Z,29533,539.7,1000,1000,2,1889295876,2,200,0.5
2026-09-13T05:46:47Z,29563,529.3,1000,1000,2,1891170178,2,200,0.4
2026-09-13T05:47:17Z,29593,558.9,1000,1000,2,1893051769,2,200,1.0
2026-09-13T05:47:48Z,29623,554.9,1000,1000,2,1894991354,2,200,0.5
2026-09-13T05:48:17Z,29653,521.5,1000,1000,2,1896870473,2,200,0.7
2026-09-13T05:48:47Z,29683,522.8,1000,1000,2,1898745951,2,200,4.1
2026-09-13T05:49:18Z,29713,552.4,1000,1000,2,1900699641,2,200,0.9
2026-09-13T05:49:47Z,29743,575.0,1000,1000,2,1902577762,2,200,0.4
2026-09-13T05:50:17Z,29773,563.4,1000,1000,2,1904456881,2,200,0.9
2026-09-13T05:50:48Z,29803,524.2,1000,1000,2,1906398938,2,200,0.5
2026-09-13T05:51:17Z,29833,515.7,1000,1000,2,1908278057,2,200,0.6
2026-09-13T05:51:47Z,29863,542.6,1000,1000,2,1910156178,2,200,0.5
2026-09-13T05:52:18Z,29893,521.8,1000,1000,2,1912099233,2,200,0.7
2026-09-13T05:52:47Z,29923,538.7,1000,1000,2,1913984650,2,200,0.5
2026-09-13T05:53:17Z,29953,533.4,1000,1000,2,1915864465,2,200,2.1
2026-09-13T05:53:48Z,29983,505.5,1000,1000,2,1917806522,2,200,0.4
2026-09-13T05:54:17Z,30013,520.3,1000,1000,2,1919685641,2,200,0.5
2026-09-13T05:54:47Z,30043,541.4,1000,1000,2,1921561798,2,200,1.5
2026-09-13T05:55:18Z,30073,556.2,1000,1000,2,1923506817,2,200,0.8
2026-09-13T05:55:47Z,30103,506.9,1000,1000,2,1925384938,2,200,0.6
2026-09-13T05:56:17Z,30133,529.2,1000,1000,2,1927264057,2,200,0.7
2026-09-13T05:56:48Z,30163,527.1,1000,1000,2,1929206114,2,200,0.5
2026-09-13T05:57:17Z,30193,548.3,1000,1000,2,1931085233,2,200,0.7
2026-09-13T05:57:47Z,30223,515.2,1000,1000,2,1932959534,2,200,0.9
2026-09-13T05:58:18Z,30253,508.8,1000,1000,2,1934906409,2,200,0.5
2026-09-13T05:58:47Z,30283,574.5,1000,1000,2,1936784530,2,200,0.5
2026-09-13T05:59:17Z,30313,546.3,1000,1000,2,1938659942,2,200,63.6
2026-09-13T05:59:48Z,30343,535.0,1000,1000,2,1940613698,2,200,1.9
2026-09-13T06:00:17Z,30373,540.0,1000,1000,2,1942492817,2,200,0.9
2026-09-13T06:00:47Z,30403,534.8,1000,1000,2,1944370938,2,200,0.5
2026-09-13T06:01:18Z,30433,546.8,1000,1000,2,1946313993,2,200,0.9
2026-09-13T06:01:47Z,30463,532.3,1000,1000,2,1948192114,2,200,0.5
2026-09-13T06:02:17Z,30493,549.4,1000,1000,2,1950068081,2,200,0.8
2026-09-13T06:02:48Z,30523,554.3,1000,1000,2,1952013290,2,200,0.6
2026-09-13T06:03:17Z,30553,499.3,1000,1000,2,1953892409,2,200,0.4
2026-09-13T06:03:47Z,30583,527.0,1000,1000,2,1955776015,2,200,2.1
2026-09-13T06:04:18Z,30613,527.7,1000,1000,2,1957721577,2,200,0.5
2026-09-13T06:04:47Z,30643,523.6,1000,1000,2,1959599698,2,200,0.8
2026-09-13T06:05:17Z,30673,560.0,1000,1000,2,1961478817,2,200,0.6
2026-09-13T06:05:48Z,30704,538.3,1000,1000,2,1963428866,2,200,3.2
2026-09-13T06:06:18Z,30734,527.9,1000,1000,2,1965371921,2,200,0.5
2026-09-13T06:06:48Z,30764,521.0,1000,1000,2,1967251462,2,200,0.7
2026-09-13T06:07:19Z,30794,510.3,1000,1000,2,1969193097,2,200,0.6
2026-09-13T06:07:48Z,30824,497.8,1000,1000,2,1971071218,2,200,0.6
2026-09-13T06:08:18Z,30854,563.6,1000,1000,2,1972958329,2,200,0.6
2026-09-13T06:08:48Z,30884,546.5,1000,1000,2,1974840238,2,200,140.7
2026-09-13T06:09:19Z,30914,507.1,1000,1000,2,1976795489,2,200,0.8
2026-09-13T06:09:48Z,30944,577.7,1000,1000,2,1978673610,2,200,0.5
2026-09-13T06:10:18Z,30974,556.4,1000,1000,2,1980549501,2,200,2.7
2026-09-13T06:10:49Z,31004,518.4,1000,1000,2,1982494786,2,200,0.5
2026-09-13T06:11:18Z,31034,518.5,1000,1000,2,1984380306,2,200,2.3
2026-09-13T06:11:48Z,31064,536.9,1000,1000,2,1987273004,2,200,0.5
2026-09-13T06:12:18Z,31094,561.5,1000,1000,2,1989152123,2,200,0.7
2026-09-13T06:12:48Z,31124,535.0,1000,1000,2,1991094180,2,200,0.5
2026-09-13T06:13:18Z,31154,515.7,1000,1000,2,1992976678,2,200,1.0
2026-09-13T06:13:48Z,31184,559.5,1000,1000,2,1994859412,2,200,1.7
2026-09-13T06:14:18Z,31214,577.5,1000,1000,2,1996802467,2,200,0.4
2026-09-13T06:14:48Z,31244,543.9,1000,1000,2,1998680588,2,200,1.3
2026-09-13T06:15:18Z,31274,512.3,1000,1000,2,2000559707,2,200,1.5
2026-09-13T06:15:48Z,31304,537.3,1000,1000,2,2002501764,2,200,0.7
2026-09-13T06:16:18Z,31334,523.4,1000,1000,2,2004380883,2,200,0.4
2026-09-13T06:16:48Z,31364,530.4,1000,1000,2,2006259004,2,200,0.5
2026-09-13T06:17:18Z,31394,545.3,1000,1000,2,2008202059,2,200,0.4
2026-09-13T06:17:48Z,31424,558.8,1000,1000,2,2010081125,2,200,1.2
2026-09-13T06:18:18Z,31454,551.7,1000,1000,2,2011966543,2,200,1.3
2026-09-13T06:18:48Z,31484,525.1,1000,1000,2,2013909348,2,200,0.6
2026-09-13T06:19:18Z,31514,543.5,1000,1000,2,2015788467,2,200,0.7
2026-09-13T06:19:48Z,31544,515.1,1000,1000,2,2017669189,2,200,0.7
2026-09-13T06:20:19Z,31574,512.5,1000,1000,2,2019617635,2,200,0.5
2026-09-13T06:20:48Z,31604,522.3,1000,1000,2,2021495756,2,200,0.5
2026-09-13T06:21:18Z,31634,567.7,1000,1000,2,2023374875,2,200,0.6
2026-09-13T06:21:48Z,31664,474.6,1000,1000,2,2025316932,2,200,0.6
2026-09-13T06:22:18Z,31694,561.0,1000,1000,2,2027196051,2,200,0.5
2026-09-13T06:22:48Z,31724,570.8,1000,1000,2,2029076794,2,200,0.6
2026-09-13T06:23:18Z,31754,553.3,1000,1000,2,2031022649,2,200,0.8
2026-09-13T06:23:48Z,31784,534.4,1000,1000,2,2032903340,2,200,1.1
2026-09-13T06:24:18Z,31814,540.7,1000,1000,2,2034779088,2,200,41.9
2026-09-13T06:24:49Z,31844,526.5,1000,1000,2,2036727536,2,200,0.6
2026-09-13T06:25:18Z,31874,561.2,1000,1000,2,2038609514,2,200,1.1
2026-09-13T06:25:48Z,31904,555.4,1000,1000,2,2040489748,2,200,2.9
2026-09-13T06:26:19Z,31934,510.6,1000,1000,2,2042432803,2,200,0.8
2026-09-13T06:26:48Z,31964,493.6,1000,1000,2,2044310924,2,200,0.6
2026-09-13T06:27:18Z,31994,522.8,1000,1000,2,2046190043,2,200,0.5
2026-09-13T06:27:49Z,32024,581.7,1000,1000,2,2048132100,2,200,0.5
2026-09-13T06:28:18Z,32054,547.2,1000,1000,2,2050016983,2,200,0.6
2026-09-13T06:28:48Z,32084,539.4,1000,1000,2,2051885185,2,200,16.5
2026-09-13T06:29:19Z,32114,527.9,1000,1000,2,2053840387,2,200,1.4
2026-09-13T06:29:48Z,32144,544.2,1000,1000,2,2055718508,2,200,0.7
2026-09-13T06:30:18Z,32174,524.0,1000,1000,2,2057597627,2,200,0.5
2026-09-13T06:30:49Z,32204,541.9,1000,1000,2,2059539684,2,200,0.6
2026-09-13T06:31:18Z,32234,498.9,1000,1000,2,2061426795,2,200,1.2
2026-09-13T06:31:48Z,32264,593.7,1000,1000,2,2063304916,2,200,0.7
2026-09-13T06:32:19Z,32294,559.4,1000,1000,2,2065247971,2,200,0.6
2026-09-13T06:32:48Z,32324,531.5,1000,1000,2,2067126092,2,200,0.9
2026-09-13T06:33:18Z,32354,551.1,1000,1000,2,2069005056,2,200,1.8
2026-09-13T06:33:49Z,32384,542.0,1000,1000,2,2070947268,2,200,0.7
2026-09-13T06:34:18Z,32414,506.2,1000,1000,2,2072833706,2,200,1.5
2026-09-13T06:34:48Z,32444,549.4,1000,1000,2,2074712500,2,200,2.8
2026-09-13T06:35:18Z,32474,537.1,1000,1000,2,2076591619,2,200,0.5
2026-09-13T06:35:48Z,32504,581.1,1000,1000,2,2078533676,2,200,0.4
2026-09-13T06:36:18Z,32534,516.0,1000,1000,2,2080412795,2,200,0.9
2026-09-13T06:36:49Z,32564,531.6,1000,1000,2,2082354852,2,200,0.7
2026-09-13T06:37:18Z,32594,522.5,1000,1000,2,2084241963,2,200,1.0
2026-09-13T06:37:48Z,32624,514.5,1000,1000,2,2086120084,2,200,0.5
2026-09-13T06:38:18Z,32654,536.8,1000,1000,2,2087999203,2,200,0.5
2026-09-13T06:38:48Z,32684,543.5,1000,1000,2,2089941260,2,200,0.5
2026-09-13T06:39:18Z,32714,530.0,1000,1000,2,2091820379,2,200,0.5
2026-09-13T06:39:49Z,32745,531.5,1000,1000,2,2093762436,2,200,0.6
2026-09-13T06:40:19Z,32775,550.7,1000,1000,2,2095705491,2,200,0.6
2026-09-13T06:40:49Z,32805,519.5,1000,1000,2,2097586701,2,200,1.1
2026-09-13T06:41:19Z,32835,556.6,1000,1000,2,2099465830,2,200,0.6
2026-09-13T06:41:50Z,32865,568.8,1000,1000,2,2102451169,2,200,561.3
2026-09-13T06:42:19Z,32895,523.3,1000,1000,2,2104330859,2,200,0.6
2026-09-13T06:42:49Z,32925,537.5,1000,1000,2,2106215227,2,200,0.8
2026-09-13T06:43:19Z,32955,569.5,1000,1000,2,2108089151,2,200,36.0
2026-09-13T06:43:50Z,32985,555.6,1000,1000,2,2110038148,2,200,0.4
2026-09-13T06:44:19Z,33015,520.7,1000,1000,2,2111924260,2,200,3.5
2026-09-13T06:44:49Z,33045,549.3,1000,1000,2,2113803380,2,200,0.6
2026-09-13T06:45:20Z,33075,552.1,1000,1000,2,2115746435,2,200,0.6
2026-09-13T06:45:49Z,33105,525.9,1000,1000,2,2117624556,2,200,0.4
2026-09-13T06:46:19Z,33135,563.1,1000,1000,2,2119500392,2,200,22.3
2026-09-13T06:46:50Z,33165,548.4,1000,1000,2,2121452725,2,200,0.6
2026-09-13T06:47:19Z,33195,515.7,1000,1000,2,2123332843,2,200,0.5
2026-09-13T06:47:49Z,33225,527.0,1000,1000,2,2125213386,2,200,0.5
2026-09-13T06:48:20Z,33255,537.6,1000,1000,2,2127157118,2,200,1.0
2026-09-13T06:48:49Z,33285,530.8,1000,1000,2,2129039136,2,200,0.6
2026-09-13T06:49:19Z,33315,557.2,1000,1000,2,2130918002,2,200,1.1
2026-09-13T06:49:50Z,33346,580.5,1000,1000,2,2132861308,2,200,0.6
2026-09-13T06:50:20Z,33376,536.9,1000,1000,2,2134811356,2,200,0.7
2026-09-13T06:50:50Z,33406,552.5,1000,1000,2,2136690476,2,200,0.5
2026-09-13T06:51:20Z,33436,519.7,1000,1000,2,2138572746,2,200,0.6
2026-09-13T06:51:51Z,33466,535.5,1000,1000,2,2140519816,2,200,0.5
2026-09-13T06:52:20Z,33496,541.9,1000,1000,2,2142398763,2,200,0.6
2026-09-13T06:52:50Z,33526,570.2,1000,1000,2,2144280288,2,200,0.5
2026-09-13T06:53:20Z,33556,521.1,1000,1000,2,2146223446,2,200,1.0
2026-09-13T06:53:50Z,33586,557.9,1000,1000,2,2148105032,2,200,1.7
2026-09-13T06:54:20Z,33616,565.9,1000,1000,2,2149985702,2,200,3.4
2026-09-13T06:54:51Z,33646,518.9,1000,1000,2,2151938679,2,200,0.5
2026-09-13T06:55:20Z,33676,544.4,1000,1000,2,2153820611,2,200,1.6
2026-09-13T06:55:50Z,33706,526.8,1000,1000,2,2155700293,2,200,0.9
2026-09-13T06:56:21Z,33737,559.2,1000,1000,2,2157643507,2,200,0.5
2026-09-13T06:56:51Z,33767,551.7,1000,1000,2,2159585953,2,200,0.6
2026-09-13T06:57:21Z,33797,565.9,1000,1000,2,2161467945,2,200,0.7
2026-09-13T06:57:51Z,33827,565.1,1000,1000,2,2163349981,2,200,1.5
2026-09-13T06:58:21Z,33857,551.4,1000,1000,2,2165293851,2,200,0.8
2026-09-13T06:58:51Z,33887,523.2,1000,1000,2,2167172188,2,200,0.6
2026-09-13T06:59:21Z,33917,541.8,1000,1000,2,2169051091,2,200,1.9
2026-09-13T06:59:51Z,33947,519.5,1000,1000,2,2170993537,2,200,0.5
2026-09-13T07:00:21Z,33977,555.1,1000,1000,2,2172875546,2,200,0.5
2026-09-13T07:00:51Z,34007,548.6,1000,1000,2,2174754614,2,200,0.7
2026-09-13T07:01:21Z,34037,558.5,1000,1000,2,2176701435,2,200,0.7
2026-09-13T07:01:51Z,34067,546.1,1000,1000,2,2178579772,2,200,0.8
2026-09-13T07:02:21Z,34097,548.9,1000,1000,2,2180462326,2,200,103.9
2026-09-13T07:02:52Z,34127,556.1,1000,1000,2,2182416781,2,200,1.0
2026-09-13T07:03:21Z,34157,568.1,1000,1000,2,2184295835,2,200,3.3
2026-09-13T07:03:51Z,34187,517.4,1000,1000,2,2186170312,2,200,1.5
2026-09-13T07:04:22Z,34217,527.5,1000,1000,2,2188117011,2,200,0.7
2026-09-13T07:04:51Z,34247,545.2,1000,1000,2,2189995454,2,200,0.6
2026-09-13T07:05:21Z,34277,530.3,1000,1000,2,2191874251,2,200,0.7
2026-09-13T07:05:52Z,34307,535.0,1000,1000,2,2193817029,2,200,0.7
2026-09-13T07:06:21Z,34337,559.7,1000,1000,2,2195695427,2,200,0.5
2026-09-13T07:06:51Z,34367,553.4,1000,1000,2,2197573737,2,200,0.6
2026-09-13T07:07:22Z,34397,526.2,1000,1000,2,2199516603,2,200,0.5
2026-09-13T07:07:51Z,34427,548.7,1000,1000,2,2201398362,2,200,0.7
2026-09-13T07:08:21Z,34457,564.5,1000,1000,2,2203280379,2,200,0.7
2026-09-13T07:08:52Z,34487,559.2,1000,1000,2,2205224613,2,200,0.9
2026-09-13T07:09:21Z,34517,535.1,1000,1000,2,2207103011,2,200,0.5
2026-09-13T07:09:51Z,34547,540.4,1000,1000,2,2208980935,2,200,0.9
2026-09-13T07:10:22Z,34577,521.1,1000,1000,2,2210924187,2,200,0.7
2026-09-13T07:10:51Z,34607,538.1,1000,1000,2,2212802628,2,200,0.6
2026-09-13T07:11:21Z,34637,567.8,1000,1000,2,2214681427,2,200,0.7
2026-09-13T07:11:52Z,34667,540.3,1000,1000,2,2216628607,2,200,1.2
2026-09-13T07:12:21Z,34697,535.8,1000,1000,2,2219497977,2,200,0.5
2026-09-13T07:12:51Z,34727,539.2,1000,1000,2,2221375917,2,200,1.0
2026-09-13T07:13:22Z,34758,525.8,1000,1000,2,2223318783,2,200,0.6
2026-09-13T07:13:52Z,34788,558.3,1000,1000,2,2225261804,2,200,0.8
2026-09-13T07:14:22Z,34818,552.8,1000,1000,2,2227139960,2,200,3.5
2026-09-13T07:14:53Z,34848,523.0,1000,1000,2,2229082980,2,200,1.5
2026-09-13T07:15:22Z,34878,524.4,1000,1000,2,2230965602,2,200,0.5
2026-09-13T07:15:52Z,34908,533.6,1000,1000,2,2232845661,2,200,1.0
2026-09-13T07:16:23Z,34938,541.4,1000,1000,2,2234789179,2,200,1.0
2026-09-13T07:16:52Z,34968,505.0,1000,1000,2,2236669388,2,200,1.0
2026-09-13T07:17:22Z,34998,504.9,1000,1000,2,2238547544,2,200,0.6
2026-09-13T07:17:53Z,35028,505.2,1000,1000,2,2240490564,2,200,0.5
2026-09-13T07:18:22Z,35058,514.3,1000,1000,2,2242368720,2,200,0.7
2026-09-13T07:18:52Z,35088,535.0,1000,1000,2,2244249489,2,200,1.2
2026-09-13T07:19:22Z,35118,537.3,1000,1000,2,2246130638,2,200,1.0
2026-09-13T07:19:52Z,35148,526.1,1000,1000,2,2248076972,2,200,1.9
2026-09-13T07:20:22Z,35178,552.6,1000,1000,2,2249955128,2,200,0.6
2026-09-13T07:20:52Z,35208,557.5,1000,1000,2,2251833969,2,200,0.5
2026-09-13T07:21:22Z,35238,536.2,1000,1000,2,2253776304,2,200,0.6
2026-09-13T07:21:52Z,35268,510.7,1000,1000,2,2255655387,2,200,0.6
2026-09-13T07:22:22Z,35298,521.2,1000,1000,2,2257533543,2,200,0.6
2026-09-13T07:22:52Z,35328,535.9,1000,1000,2,2259476563,2,200,0.6
2026-09-13T07:23:22Z,35358,504.0,1000,1000,2,2261354720,2,200,1.8
2026-09-13T07:23:53Z,35388,548.0,1000,1000,2,2263297740,2,200,0.5
2026-09-13T07:24:22Z,35418,521.8,1000,1000,2,2265181098,2,200,1.2
2026-09-13T07:24:52Z,35448,534.6,1000,1000,2,2267062971,2,200,0.6
2026-09-13T07:25:22Z,35478,517.8,1000,1000,2,2268941127,2,200,0.8
2026-09-13T07:25:52Z,35508,572.1,1000,1000,2,2270884147,2,200,0.5
2026-09-13T07:26:22Z,35538,552.2,1000,1000,2,2272765889,2,200,0.6
2026-09-13T07:26:52Z,35568,537.5,1000,1000,2,2274641145,2,200,0.7
2026-09-13T07:27:22Z,35598,531.9,1000,1000,2,2276591472,2,200,1.6
2026-09-13T07:27:52Z,35628,536.1,1000,1000,2,2278470496,2,200,0.8
2026-09-13T07:28:22Z,35658,555.7,1000,1000,2,2280348711,2,200,0.7
2026-09-13T07:28:52Z,35688,530.7,1000,1000,2,2282291731,2,200,0.9
2026-09-13T07:29:22Z,35718,539.4,1000,1000,2,2284169888,2,200,0.7
2026-09-13T07:29:52Z,35748,533.7,1000,1000,2,2286050681,2,200,0.6
2026-09-13T07:30:23Z,35778,536.0,1000,1000,2,2288001851,2,200,0.6
2026-09-13T07:30:52Z,35808,544.2,1000,1000,2,2289885407,2,200,2.7
2026-09-13T07:31:22Z,35838,558.3,1000,1000,2,2291764287,2,200,0.9
2026-09-13T07:31:53Z,35868,518.1,1000,1000,2,2293707308,2,200,0.6
2026-09-13T07:32:22Z,35898,526.4,1000,1000,2,2295585464,2,200,1.0
2026-09-13T07:32:52Z,35928,512.5,1000,1000,2,2297464305,2,200,1.6
2026-09-13T07:33:23Z,35958,526.7,1000,1000,2,2299406640,2,200,1.2
2026-09-13T07:33:52Z,35988,540.9,1000,1000,2,2301285723,2,200,0.5
2026-09-13T07:34:22Z,36018,556.1,1000,1000,2,2303160426,2,200,15.7
2026-09-13T07:34:53Z,36048,539.4,1000,1000,2,2305114892,2,200,1.4
2026-09-13T07:35:22Z,36078,529.8,1000,1000,2,2306993048,2,200,0.6
2026-09-13T07:35:52Z,36108,523.1,1000,1000,2,2308870449,2,200,3.0
2026-09-13T07:36:23Z,36138,519.8,1000,1000,2,2310814224,2,200,0.5
2026-09-13T07:36:52Z,36168,551.7,1000,1000,2,2312693307,2,200,0.5
2026-09-13T07:37:22Z,36198,514.9,1000,1000,2,2314571463,2,200,0.5
2026-09-13T07:37:53Z,36228,523.4,1000,1000,2,2316517314,2,200,0.5
2026-09-13T07:38:22Z,36258,513.4,1000,1000,2,2318399843,2,200,1.3
2026-09-13T07:38:52Z,36288,544.2,1000,1000,2,2320279554,2,200,1.2
2026-09-13T07:39:23Z,36318,528.9,1000,1000,2,2322221808,2,200,0.4
2026-09-13T07:39:52Z,36348,542.9,1000,1000,2,2324100891,2,200,0.6
2026-09-13T07:40:22Z,36378,554.2,1000,1000,2,2325982068,2,200,3.1
2026-09-13T07:40:53Z,36409,565.2,1000,1000,2,2327928657,2,200,1.5
2026-09-13T07:41:23Z,36439,540.2,1000,1000,2,2329872152,2,200,0.7
2026-09-13T07:41:53Z,36469,547.4,1000,1000,2,2331751246,2,200,0.7
2026-09-13T07:42:23Z,36499,520.1,1000,1000,2,2334601514,2,200,0.4
2026-09-13T07:42:54Z,36529,523.4,1000,1000,2,2336549428,2,200,0.7
2026-09-13T07:43:23Z,36559,534.8,1000,1000,2,2338427590,2,200,0.8
2026-09-13T07:43:53Z,36589,544.7,1000,1000,2,2340302446,2,200,44.9
2026-09-13T07:44:24Z,36619,527.8,1000,1000,2,2342256758,2,200,0.8
2026-09-13T07:44:53Z,36649,525.6,1000,1000,2,2344135872,2,200,0.5
2026-09-13T07:45:23Z,36679,540.4,1000,1000,2,2346007894,2,200,1.4
2026-09-13T07:45:54Z,36709,515.3,1000,1000,2,2347957048,2,200,0.6
2026-09-13T07:46:23Z,36739,539.1,1000,1000,2,2349835174,2,200,0.5
2026-09-13T07:46:53Z,36769,541.0,1000,1000,2,2351722260,2,200,2.2
2026-09-13T07:47:24Z,36799,533.2,1000,1000,2,2353664342,2,200,1.2
2026-09-13T07:47:53Z,36829,534.2,1000,1000,2,2355543456,2,200,0.9
2026-09-13T07:48:23Z,36859,565.1,1000,1000,2,2357422603,2,200,1.0
2026-09-13T07:48:54Z,36889,537.5,1000,1000,2,2359364632,2,200,0.9
2026-09-13T07:49:23Z,36919,514.1,1000,1000,2,2361242758,2,200,0.5
2026-09-13T07:49:53Z,36949,557.8,1000,1000,2,2363121844,2,200,0.6
2026-09-13T07:50:24Z,36979,552.3,1000,1000,2,2365068655,2,200,0.7
2026-09-13T07:50:53Z,37009,521.3,1000,1000,2,2366950979,2,200,0.8
2026-09-13T07:51:23Z,37039,520.8,1000,1000,2,2368829166,2,200,2.2
2026-09-13T07:51:54Z,37069,529.8,1000,1000,2,2370772216,2,200,0.6
2026-09-13T07:52:23Z,37099,553.1,1000,1000,2,2372654670,2,200,0.7
2026-09-13T07:52:53Z,37129,541.4,1000,1000,2,2374533118,2,200,2.9
2026-09-13T07:53:23Z,37159,550.0,1000,1000,2,2376415574,2,200,1.8
2026-09-13T07:53:53Z,37189,541.3,1000,1000,2,2378358624,2,200,0.9
2026-09-13T07:54:23Z,37219,531.9,1000,1000,2,2380236750,2,200,0.6
2026-09-13T07:54:53Z,37249,538.4,1000,1000,2,2382120412,2,200,147.3
2026-09-13T07:55:24Z,37279,539.1,1000,1000,2,2384071563,2,200,0.9
2026-09-13T07:55:53Z,37309,497.9,1000,1000,2,2385953024,2,200,0.7
2026-09-13T07:56:23Z,37339,586.9,1000,1000,2,2387831150,2,200,0.6
2026-09-13T07:56:54Z,37369,528.4,1000,1000,2,2389774200,2,200,0.5
2026-09-13T07:57:23Z,37399,518.2,1000,1000,2,2391652326,2,200,0.6
2026-09-13T07:57:53Z,37429,534.3,1000,1000,2,2393539404,2,200,1.8
2026-09-13T07:58:24Z,37460,515.0,1000,1000,2,2395481494,2,200,0.5
2026-09-13T07:58:54Z,37490,509.3,1000,1000,2,2397424544,2,200,0.7
2026-09-13T07:59:24Z,37520,554.1,1000,1000,2,2399306011,2,200,5.3
2026-09-13T07:59:55Z,37551,572.7,1000,1000,2,2401252143,2,200,0.6
2026-09-13T08:00:25Z,37581,522.2,1000,1000,2,2403195774,2,200,2.3
2026-09-13T08:00:55Z,37611,540.8,1000,1000,2,2405074893,2,200,0.7
2026-09-13T08:01:25Z,37641,564.8,1000,1000,2,2406956695,2,200,109.3
2026-09-13T08:01:56Z,37671,535.1,1000,1000,2,2408904061,2,200,0.5
2026-09-13T08:02:25Z,37701,526.7,1000,1000,2,2410782182,2,200,0.6
2026-09-13T08:02:55Z,37731,577.4,1000,1000,2,2412661299,2,200,0.6
2026-09-13T08:03:25Z,37761,524.8,1000,1000,2,2414603358,2,200,0.6
2026-09-13T08:03:55Z,37791,557.0,1000,1000,2,2416482477,2,200,0.6
2026-09-13T08:04:25Z,37821,547.2,1000,1000,2,2418360598,2,200,0.6
2026-09-13T08:04:55Z,37851,547.4,1000,1000,2,2420303653,2,200,0.5
2026-09-13T08:05:25Z,37881,497.5,1000,1000,2,2422186872,2,200,1.8
2026-09-13T08:05:55Z,37911,563.6,1000,1000,2,2424066092,2,200,128.1
2026-09-13T08:06:26Z,37941,519.5,1000,1000,2,2426018934,2,200,1.4
2026-09-13T08:06:55Z,37971,538.8,1000,1000,2,2427898053,2,200,1.2
2026-09-13T08:07:25Z,38001,531.4,1000,1000,2,2429776284,2,200,0.6
2026-09-13T08:07:56Z,38031,548.6,1000,1000,2,2431719229,2,200,1.8
2026-09-13T08:08:25Z,38061,541.7,1000,1000,2,2433600764,2,200,0.7
2026-09-13T08:08:55Z,38091,558.2,1000,1000,2,2435476642,2,200,1.8
2026-09-13T08:09:26Z,38121,534.5,1000,1000,2,2437426518,2,200,2.3
2026-09-13T08:09:55Z,38151,524.0,1000,1000,2,2439305637,2,200,0.5
2026-09-13T08:10:25Z,38181,540.1,1000,1000,2,2441185546,2,200,1.7
2026-09-13T08:10:56Z,38211,530.5,1000,1000,2,2443126813,2,200,0.6
2026-09-13T08:11:25Z,38241,529.2,1000,1000,2,2445004934,2,200,0.6
2026-09-13T08:11:55Z,38271,541.9,1000,1000,2,2446884053,2,200,0.7
2026-09-13T08:12:25Z,38301,557.9,1000,1000,2,2449766644,2,200,1.2
2026-09-13T08:12:55Z,38331,533.1,1000,1000,2,2451714219,2,200,1.4
2026-09-13T08:13:25Z,38361,556.0,1000,1000,2,2453596336,2,200,0.5
2026-09-13T08:13:55Z,38391,524.4,1000,1000,2,2455478421,2,200,3.2
2026-09-13T08:14:25Z,38421,547.9,1000,1000,2,2457382158,2,200,2.1
2026-09-13T08:14:56Z,38451,514.2,1000,1000,2,2459328599,2,200,1.0
2026-09-13T08:15:25Z,38481,539.0,1000,1000,2,2461210714,2,200,0.6
2026-09-13T08:15:55Z,38511,511.8,1000,1000,2,2463091092,2,200,70.1
2026-09-13T08:16:26Z,38541,514.4,1000,1000,2,2465043546,2,200,0.8
2026-09-13T08:16:55Z,38571,535.6,1000,1000,2,2466922999,2,200,0.5
2026-09-13T08:17:25Z,38601,516.4,1000,1000,2,2468803854,2,200,0.6
2026-09-13T08:17:56Z,38631,550.4,1000,1000,2,2470752195,2,200,0.5
2026-09-13T08:18:25Z,38661,528.1,1000,1000,2,2472635279,2,200,1.8
2026-09-13T08:18:55Z,38691,523.6,1000,1000,2,2474516893,2,200,0.4
2026-09-13T08:19:26Z,38721,536.4,1000,1000,2,2476459456,2,200,2.3
2026-09-13T08:19:55Z,38751,497.4,1000,1000,2,2478342229,2,200,0.6
2026-09-13T08:20:25Z,38781,547.0,1000,1000,2,2480224698,2,200,4.3
2026-09-13T08:20:55Z,38811,541.7,1000,1000,2,2482107520,2,200,0.7
2026-09-13T08:21:25Z,38841,499.2,1000,1000,2,2484050859,2,200,0.7
2026-09-13T08:21:55Z,38871,523.0,1000,1000,2,2485934357,2,200,0.6
2026-09-13T08:22:25Z,38901,524.8,1000,1000,2,2487814820,2,200,0.5
2026-09-13T08:22:55Z,38931,503.9,1000,1000,2,2489759146,2,200,0.5
2026-09-13T08:23:25Z,38961,529.7,1000,1000,2,2491640264,2,200,0.7
2026-09-13T08:23:55Z,38991,544.5,1000,1000,2,2493522489,2,200,0.5
2026-09-13T08:24:25Z,39021,552.6,1000,1000,2,2495466435,2,200,0.6
2026-09-13T08:24:55Z,39051,532.6,1000,1000,2,2497352581,2,200,0.7
2026-09-13T08:25:25Z,39081,554.9,1000,1000,2,2499231667,2,200,0.5
2026-09-13T08:25:55Z,39111,530.6,1000,1000,2,2501177328,2,200,0.5
2026-09-13T08:26:25Z,39141,562.1,1000,1000,2,2503055840,2,200,0.9
2026-09-13T08:26:55Z,39171,548.5,1000,1000,2,2504938781,2,200,0.6
2026-09-13T08:27:26Z,39201,523.9,1000,1000,2,2506890003,2,200,0.5
2026-09-13T08:27:55Z,39231,553.2,1000,1000,2,2508774869,2,200,0.6
2026-09-13T08:28:25Z,39261,518.1,1000,1000,2,2510656290,2,200,2.9
2026-09-13T08:28:56Z,39291,539.1,1000,1000,2,2512606282,2,200,0.8
2026-09-13T08:29:25Z,39321,516.4,1000,1000,2,2514484403,2,200,0.5
2026-09-13T08:29:55Z,39351,552.5,1000,1000,2,2516363522,2,200,0.5
2026-09-13T08:30:26Z,39381,525.0,1000,1000,2,2518308576,2,200,0.7
2026-09-13T08:30:55Z,39411,536.4,1000,1000,2,2520192287,2,200,0.8
2026-09-13T08:31:25Z,39441,548.5,1000,1000,2,2522072508,2,200,2.7
2026-09-13T08:31:56Z,39472,513.9,1000,1000,2,2524019303,2,200,0.6
2026-09-13T08:32:26Z,39502,531.7,1000,1000,2,2525963915,2,200,0.7
2026-09-13T08:32:56Z,39532,533.6,1000,1000,2,2527846031,2,200,0.8
2026-09-13T08:33:26Z,39562,558.1,1000,1000,2,2529727473,2,200,0.6
2026-09-13T08:33:56Z,39592,545.0,1000,1000,2,2531672202,2,200,1.0
2026-09-13T08:34:26Z,39622,534.5,1000,1000,2,2533553320,2,200,1.1
2026-09-13T08:34:56Z,39652,556.7,1000,1000,2,2535436966,2,200,0.5
2026-09-13T08:35:26Z,39682,527.2,1000,1000,2,2537382054,2,200,0.6
2026-09-13T08:35:56Z,39712,519.5,1000,1000,2,2539265853,2,200,0.8
2026-09-13T08:36:26Z,39742,567.5,1000,1000,2,2541142776,2,200,0.5
2026-09-13T08:36:56Z,39772,554.0,1000,1000,2,2543087778,2,200,0.6
2026-09-13T08:37:26Z,39802,545.7,1000,1000,2,2544969311,2,200,1.9
2026-09-13T08:37:56Z,39832,520.6,1000,1000,2,2546853010,2,200,3.6
2026-09-13T08:38:26Z,39862,523.8,1000,1000,2,2548795067,2,200,0.5
2026-09-13T08:38:56Z,39892,496.4,1000,1000,2,2550681593,2,200,0.7
2026-09-13T08:39:26Z,39922,526.4,1000,1000,2,2552563049,2,200,0.7
2026-09-13T08:39:57Z,39952,506.1,1000,1000,2,2554506351,2,200,1.2
2026-09-13T08:40:26Z,39982,540.3,1000,1000,2,2556389467,2,200,0.6
2026-09-13T08:40:56Z,40012,539.9,1000,1000,2,2558265296,2,200,23.8
2026-09-13T08:41:27Z,40042,559.6,1000,1000,2,2560221632,2,200,0.6
2026-09-13T08:41:56Z,40072,526.8,1000,1000,2,2562105663,2,200,0.6
2026-09-13T08:42:26Z,40102,671.3,1000,1000,2,2563983867,2,200,2.1
2026-09-13T08:42:56Z,40132,539.7,1000,1000,2,2566873537,2,200,139.6
2026-09-13T08:43:27Z,40162,503.9,1000,1000,2,2568827277,2,200,0.6
2026-09-13T08:43:56Z,40192,518.0,1000,1000,2,2570710610,2,200,0.5
2026-09-13T08:44:26Z,40222,549.3,1000,1000,2,2572589255,2,200,2.1
2026-09-13T08:44:57Z,40252,532.4,1000,1000,2,2574532310,2,200,0.4
2026-09-13T08:45:26Z,40282,549.1,1000,1000,2,2576414427,2,200,1.4
2026-09-13T08:45:56Z,40312,546.5,1000,1000,2,2578293546,2,200,0.5
2026-09-13T08:46:27Z,40342,539.7,1000,1000,2,2580238570,2,200,0.5
2026-09-13T08:46:56Z,40372,547.9,1000,1000,2,2582116865,2,200,0.4
2026-09-13T08:47:26Z,40402,543.7,1000,1000,2,2583995958,2,200,2.0
2026-09-13T08:47:57Z,40432,521.7,1000,1000,2,2585943890,2,200,2.1
2026-09-13T08:48:26Z,40462,544.7,1000,1000,2,2587822479,2,200,4.4
2026-09-13T08:48:56Z,40492,532.6,1000,1000,2,2589716202,2,200,1.1
2026-09-13T08:49:26Z,40522,553.4,1000,1000,2,2591590284,2,200,94.4
2026-09-13T08:49:57Z,40552,540.6,1000,1000,2,2593538290,2,200,0.5
2026-09-13T08:50:26Z,40582,541.3,1000,1000,2,2595420887,2,200,0.6
2026-09-13T08:50:56Z,40612,549.4,1000,1000,2,2597303029,2,200,0.8
2026-09-13T08:51:27Z,40642,506.5,1000,1000,2,2599245579,2,200,0.7
2026-09-13T08:51:56Z,40672,554.2,1000,1000,2,2601124698,2,200,0.7
2026-09-13T08:52:26Z,40702,561.0,1000,1000,2,2602999446,2,200,4.1
2026-09-13T08:52:57Z,40732,545.4,1000,1000,2,2604945874,2,200,0.9
2026-09-13T08:53:26Z,40762,546.2,1000,1000,2,2606823995,2,200,0.4
2026-09-13T08:53:56Z,40792,533.3,1000,1000,2,2608707500,2,200,0.5
2026-09-13T08:54:27Z,40822,518.5,1000,1000,2,2610653163,2,200,1.3
2026-09-13T08:54:56Z,40852,532.0,1000,1000,2,2612532282,2,200,1.1
2026-09-13T08:55:26Z,40882,566.6,1000,1000,2,2614410403,2,200,0.7
2026-09-13T08:55:57Z,40912,512.5,1000,1000,2,2616358443,2,200,0.6
2026-09-13T08:56:26Z,40942,536.8,1000,1000,2,2618234142,2,200,0.6
2026-09-13T08:56:56Z,40972,531.7,1000,1000,2,2620108603,2,200,0.9
2026-09-13T08:57:27Z,41002,516.2,1000,1000,2,2622056399,2,200,0.6
2026-09-13T08:57:56Z,41032,556.6,1000,1000,2,2623939866,2,200,0.7
2026-09-13T08:58:26Z,41062,555.0,1000,1000,2,2625817987,2,200,0.4
2026-09-13T08:58:57Z,41092,567.0,1000,1000,2,2627761042,2,200,0.6
2026-09-13T08:59:26Z,41122,546.4,1000,1000,2,2629639163,2,200,0.5
2026-09-13T08:59:56Z,41152,565.9,1000,1000,2,2631520784,2,200,0.6
2026-09-13T09:00:27Z,41182,549.5,1000,1000,2,2633468331,2,200,0.7
2026-09-13T09:00:56Z,41212,562.8,1000,1000,2,2635347450,2,200,0.5
2026-09-13T09:01:26Z,41242,535.8,1000,1000,2,2637227374,2,200,0.6
2026-09-13T09:01:56Z,41272,555.8,1000,1000,2,2639112126,2,200,2.0
2026-09-13T09:02:26Z,41302,544.6,1000,1000,2,2641054739,2,200,0.6
2026-09-13T09:02:56Z,41332,513.9,1000,1000,2,2642933858,2,200,0.7
2026-09-13T09:03:26Z,41362,544.3,1000,1000,2,2644816475,2,200,60.2
2026-09-13T09:03:57Z,41392,551.7,1000,1000,2,2646771018,2,200,0.8
2026-09-13T09:04:26Z,41422,514.4,1000,1000,2,2648649139,2,200,0.6
2026-09-13T09:04:56Z,41452,521.8,1000,1000,2,2650528258,2,200,0.5
2026-09-13T09:05:27Z,41482,528.5,1000,1000,2,2652470315,2,200,0.6
2026-09-13T09:05:56Z,41512,533.7,1000,1000,2,2654349434,2,200,0.5
2026-09-13T09:06:26Z,41542,564.4,1000,1000,2,2656226009,2,200,1.0
2026-09-13T09:06:57Z,41572,538.0,1000,1000,2,2658174511,2,200,0.7
2026-09-13T09:07:26Z,41602,571.6,1000,1000,2,2660053090,2,200,0.6
2026-09-13T09:07:56Z,41632,531.8,1000,1000,2,2661926788,2,200,0.6
2026-09-13T09:08:27Z,41662,544.3,1000,1000,2,2663876439,2,200,1.1
2026-09-13T09:08:56Z,41692,525.9,1000,1000,2,2665757018,2,200,0.7
2026-09-13T09:09:26Z,41722,530.8,1000,1000,2,2667628858,2,200,1.8
2026-09-13T09:09:57Z,41752,544.3,1000,1000,2,2669578194,2,200,0.4
2026-09-13T09:10:26Z,41782,542.6,1000,1000,2,2671456315,2,200,0.6
2026-09-13T09:10:56Z,41812,549.7,1000,1000,2,2673335434,2,200,0.5
2026-09-13T09:11:27Z,41842,531.6,1000,1000,2,2675277491,2,200,0.6
2026-09-13T09:11:56Z,41872,543.5,1000,1000,2,2677156610,2,200,0.5
2026-09-13T09:12:26Z,41902,532.2,1000,1000,2,2679034731,2,200,0.5
2026-09-13T09:12:57Z,41932,548.1,1000,1000,2,2682002566,2,200,0.5
2026-09-13T09:13:26Z,41962,508.2,1000,1000,2,2683887719,2,200,1.3
2026-09-13T09:13:56Z,41992,499.5,1000,1000,2,2685766993,2,200,2.3
2026-09-13T09:14:26Z,42022,570.8,1000,1000,2,2687648051,2,200,1.1
2026-09-13T09:14:56Z,42052,495.8,1000,1000,2,2689591166,2,200,0.5
2026-09-13T09:15:26Z,42082,526.4,1000,1000,2,2691466095,2,200,1.3
2026-09-13T09:15:57Z,42112,506.2,1000,1000,2,2693415849,2,200,0.6
2026-09-13T09:16:26Z,42142,571.5,1000,1000,2,2695295458,2,200,1.2
2026-09-13T09:16:56Z,42172,516.6,1000,1000,2,2697178216,2,200,3.6
2026-09-13T09:17:27Z,42202,528.8,1000,1000,2,2699124431,2,200,0.7
2026-09-13T09:17:56Z,42232,572.7,1000,1000,2,2701006742,2,200,0.6
2026-09-13T09:18:26Z,42262,531.1,1000,1000,2,2702889858,2,200,0.5
2026-09-13T09:18:56Z,42292,569.2,1000,1000,2,2704775068,2,200,0.5
2026-09-13T09:19:27Z,42322,548.8,1000,1000,2,2706727018,2,200,0.5
2026-09-13T09:19:56Z,42352,526.7,1000,1000,2,2708600971,2,200,2.3
2026-09-13T09:20:26Z,42382,489.8,1000,1000,2,2710517071,2,200,1.0
2026-09-13T09:20:56Z,42412,552.2,1000,1000,2,2712396344,2,200,0.5
2026-09-13T09:21:27Z,42442,543.9,1000,1000,2,2714340399,2,200,0.6
2026-09-13T09:21:56Z,42472,536.7,1000,1000,2,2716219518,2,200,0.5
2026-09-13T09:22:26Z,42502,530.0,1000,1000,2,2718100556,2,200,0.7
2026-09-13T09:22:57Z,42532,538.7,1000,1000,2,2720047625,2,200,3.1
2026-09-13T09:23:26Z,42562,532.3,1000,1000,2,2721926807,2,200,0.8
2026-09-13T09:23:56Z,42592,545.4,1000,1000,2,2723805926,2,200,2.2
2026-09-13T09:24:27Z,42623,532.8,1000,1000,2,2725747983,2,200,0.6
2026-09-13T09:24:57Z,42653,518.1,1000,1000,2,2727691038,2,200,0.6
2026-09-13T09:25:27Z,42683,528.8,1000,1000,2,2729571718,2,200,1.1
2026-09-13T09:25:58Z,42713,512.5,1000,1000,2,2731512214,2,200,0.6
2026-09-13T09:26:27Z,42743,534.3,1000,1000,2,2733394400,2,200,0.6
2026-09-13T09:26:57Z,42773,528.3,1000,1000,2,2735269454,2,200,0.5
2026-09-13T09:27:28Z,42804,558.6,1000,1000,2,2737218643,2,200,1.6
2026-09-13T09:27:58Z,42834,502.9,1000,1000,2,2739162558,2,200,2.5
2026-09-13T09:28:28Z,42864,550.0,1000,1000,2,2741040679,2,200,1.1
2026-09-13T09:28:58Z,42894,539.2,1000,1000,2,2742919798,2,200,0.5
2026-09-13T09:29:28Z,42924,539.5,1000,1000,2,2744865595,2,200,4.8
2026-09-13T09:29:58Z,42954,533.8,1000,1000,2,2746764950,2,200,0.8
2026-09-13T09:30:28Z,42984,525.9,1000,1000,2,2748643071,2,200,0.5
2026-09-13T09:30:58Z,43014,529.1,1000,1000,2,2750522190,2,200,0.6
2026-09-13T09:31:28Z,43044,545.9,1000,1000,2,2752464247,2,200,0.5
2026-09-13T09:31:58Z,43074,525.7,1000,1000,2,2754347062,2,200,0.7
2026-09-13T09:32:28Z,43104,538.3,1000,1000,2,2756226569,2,200,2.3
2026-09-13T09:32:58Z,43134,531.5,1000,1000,2,2758172534,2,200,2.5
2026-09-13T09:33:28Z,43164,535.7,1000,1000,2,2760050655,2,200,1.0
2026-09-13T09:33:58Z,43194,498.8,1000,1000,2,2761929774,2,200,0.6
2026-09-13T09:34:28Z,43224,570.9,1000,1000,2,2763871831,2,200,0.5
2026-09-13T09:34:58Z,43254,543.1,1000,1000,2,2765758732,2,200,2.0
2026-09-13T09:35:28Z,43284,534.8,1000,1000,2,2767637063,2,200,0.5
2026-09-13T09:35:58Z,43314,519.7,1000,1000,2,2769580118,2,200,0.9
2026-09-13T09:36:28Z,43344,575.7,1000,1000,2,2771461026,2,200,0.5
2026-09-13T09:36:58Z,43374,533.6,1000,1000,2,2773341962,2,200,90.2
2026-09-13T09:37:29Z,43404,538.2,1000,1000,2,2775287407,2,200,0.5
2026-09-13T09:37:58Z,43434,548.8,1000,1000,2,2777166526,2,200,0.9
2026-09-13T09:38:28Z,43464,538.9,1000,1000,2,2779040537,2,200,50.0
2026-09-13T09:38:59Z,43494,520.7,1000,1000,2,2780995694,2,200,3.4
2026-09-13T09:39:28Z,43524,541.1,1000,1000,2,2782878704,2,200,0.7
2026-09-13T09:39:58Z,43554,538.7,1000,1000,2,2784758716,2,200,1.6
2026-09-13T09:40:29Z,43584,548.5,1000,1000,2,2786701653,2,200,1.7
2026-09-13T09:40:58Z,43614,520.7,1000,1000,2,2788582102,2,200,1.4
2026-09-13T09:41:28Z,43644,514.3,1000,1000,2,2790460223,2,200,0.6
2026-09-13T09:41:59Z,43674,534.7,1000,1000,2,2792403278,2,200,0.5
2026-09-13T09:42:28Z,43704,511.1,1000,1000,2,2794285707,2,200,0.6
2026-09-13T09:42:58Z,43734,535.1,999,999,3,2796184637,3,200,0.8
2026-09-13T09:43:28Z,43764,506.7,999,999,3,2798064763,3,200,0.5
2026-09-13T09:43:58Z,43794,544.6,999,999,3,2799946100,3,200,0.9
2026-09-13T09:44:28Z,43824,531.8,999,999,3,2801894196,3,200,0.9
2026-09-13T09:44:59Z,43854,554.4,1000,1000,3,2804772273,3,200,1.2
2026-09-13T09:45:28Z,43884,545.5,1000,1000,3,2806650393,3,200,0.5
2026-09-13T09:45:58Z,43914,565.7,1000,1000,3,2808526423,3,200,2.4
2026-09-13T09:46:29Z,43944,532.0,1000,1000,3,2810471569,3,200,0.6
2026-09-13T09:46:58Z,43974,525.5,1000,1000,3,2812358576,3,200,2.6
2026-09-13T09:47:28Z,44004,543.2,1000,1000,3,2814231906,3,200,1.4
2026-09-13T09:47:59Z,44034,519.7,1000,1000,3,2816179857,3,200,0.5
2026-09-13T09:48:28Z,44064,519.4,1000,1000,3,2818057977,3,200,0.7
2026-09-13T09:48:58Z,44094,532.4,1000,1000,3,2819937097,3,200,0.5
2026-09-13T09:49:29Z,44124,511.8,1000,1000,3,2821879153,3,200,0.8
2026-09-13T09:49:58Z,44154,533.9,1000,1000,3,2823764559,3,200,0.8
2026-09-13T09:50:28Z,44184,543.6,1000,1000,3,2825646863,3,200,1.2
2026-09-13T09:50:59Z,44214,539.7,1000,1000,3,2827587441,3,200,0.5
2026-09-13T09:51:28Z,44244,505.8,1000,1000,3,2829473553,3,200,2.6
2026-09-13T09:51:58Z,44274,550.3,1000,1000,3,2831352668,3,200,2.6
2026-09-13T09:52:28Z,44304,564.5,1000,1000,3,2833230793,3,200,0.8
2026-09-13T09:52:58Z,44334,551.7,1000,1000,3,2835173849,3,200,0.8
2026-09-13T09:53:28Z,44364,529.1,1000,1000,3,2837048729,3,200,1.8
2026-09-13T09:53:58Z,44394,526.9,1000,1000,3,2838947073,3,200,0.5
2026-09-13T09:54:29Z,44424,502.4,1000,1000,3,2840889129,3,200,0.5
2026-09-13T09:54:58Z,44454,546.7,1000,1000,3,2842776241,3,200,1.6
2026-09-13T09:55:28Z,44484,553.3,1000,1000,3,2844654361,3,200,0.5
2026-09-13T09:55:58Z,44514,513.8,1000,1000,3,2846533481,3,200,0.7
2026-09-13T09:56:28Z,44544,536.0,1000,1000,3,2848475537,3,200,0.5
2026-09-13T09:56:58Z,44574,538.9,1000,1000,3,2850352350,3,200,3.5
2026-09-13T09:57:29Z,44604,506.9,1000,1000,3,2852296713,3,200,0.5
2026-09-13T09:57:58Z,44634,543.1,1000,1000,3,2854183460,3,200,1.4
2026-09-13T09:58:28Z,44664,557.3,1000,1000,3,2856058363,3,200,0.6
2026-09-13T09:58:59Z,44694,550.6,1000,1000,3,2857997009,3,200,1.0
2026-09-13T09:59:28Z,44724,566.3,1000,1000,3,2859883121,3,200,0.6
2026-09-13T09:59:58Z,44754,544.4,1000,1000,3,2861762241,3,200,2.8
2026-09-13T10:00:29Z,44785,573.2,1000,1000,3,2863704297,3,200,0.6
2026-09-13T10:00:59Z,44815,555.6,1000,1000,3,2865647353,3,200,0.6
2026-09-13T10:01:29Z,44845,550.3,1000,1000,3,2867525473,3,200,0.6
2026-09-13T10:01:59Z,44875,540.8,1000,1000,3,2869410787,3,200,0.8
2026-09-13T10:02:30Z,44905,519.2,1000,1000,3,2871362633,3,200,0.5
2026-09-13T10:02:59Z,44935,543.7,1000,1000,3,2873241753,3,200,0.5
2026-09-13T10:03:29Z,44965,531.5,1000,1000,3,2875117808,3,200,25.1
2026-09-13T10:04:00Z,44995,553.5,1000,1000,3,2877070921,3,200,0.6
2026-09-13T10:04:29Z,45025,562.6,1000,1000,3,2878957033,3,200,0.6
2026-09-13T10:04:59Z,45055,532.6,1000,1000,3,2880839115,3,200,0.5
2026-09-13T10:05:29Z,45085,548.7,1000,1000,3,2882716250,3,200,99.7
2026-09-13T10:06:00Z,45115,531.1,1000,1000,3,2884673313,3,200,0.7
2026-09-13T10:06:29Z,45145,505.7,1000,1000,3,2886551433,3,200,0.6
2026-09-13T10:06:59Z,45175,551.7,1000,1000,3,2888430553,3,200,0.6
2026-09-13T10:07:30Z,45205,500.0,1000,1000,3,2890372609,3,200,0.6
2026-09-13T10:07:59Z,45235,543.9,1000,1000,3,2892254798,3,200,0.5
2026-09-13T10:08:29Z,45265,562.7,1000,1000,3,2894128347,3,200,4.2
2026-09-13T10:09:00Z,45295,505.3,1000,1000,3,2896080897,3,200,0.6
2026-09-13T10:09:29Z,45325,567.7,1000,1000,3,2897959017,3,200,1.1
2026-09-13T10:09:59Z,45355,551.3,1000,1000,3,2899843903,3,200,0.8
2026-09-13T10:10:30Z,45386,569.7,1000,1000,3,2901788185,3,200,0.6
2026-09-13T10:11:00Z,45416,509.8,1000,1000,3,2903731241,3,200,0.7
2026-09-13T10:11:30Z,45446,530.7,1000,1000,3,2905609361,3,200,0.6
2026-09-13T10:12:01Z,45477,566.6,1000,1000,3,2907552417,3,200,0.7
2026-09-13T10:12:31Z,45507,576.2,1000,1000,3,2909494473,3,200,0.5
2026-09-13T10:13:01Z,45537,520.4,1000,1000,3,2911388708,3,200,2.6
2026-09-13T10:13:31Z,45567,533.9,1000,1000,3,2913264123,3,200,47.8
2026-09-13T10:14:02Z,45597,496.1,1000,1000,3,2915210753,3,200,0.7
2026-09-13T10:14:31Z,45627,565.4,1000,1000,3,2917088873,3,200,0.4
2026-09-13T10:15:01Z,45657,729.8,1000,1000,3,2918944017,3,200,23.0
2026-09-13T10:15:32Z,45687,520.7,1000,1000,3,2921952002,3,200,0.5
2026-09-13T10:16:01Z,45717,514.8,1000,1000,3,2923836121,3,200,1.1
2026-09-13T10:16:31Z,45747,545.3,1000,1000,3,2925714241,3,200,0.6
2026-09-13T10:17:01Z,45777,551.9,1000,1000,3,2927599740,3,200,0.8
2026-09-13T10:17:31Z,45807,536.9,1000,1000,3,2929543409,3,200,2.6
2026-09-13T10:18:01Z,45837,521.7,1000,1000,3,2931422529,3,200,0.8
2026-09-13T10:18:31Z,45867,578.2,1000,1000,3,2933304658,3,200,135.5
2026-09-13T10:19:02Z,45897,546.5,1000,1000,3,2935253618,3,200,2.1
2026-09-13T10:19:31Z,45927,530.5,1000,1000,3,2937145801,3,200,0.6
2026-09-13T10:20:01Z,45957,552.3,1000,1000,3,2939024921,3,200,0.5
2026-09-13T10:20:31Z,45987,561.2,1000,1000,3,2940903041,3,200,0.6
2026-09-13T10:21:01Z,46017,538.7,1000,1000,3,2942848589,3,200,0.5
2026-09-13T10:21:31Z,46047,490.7,1000,1000,3,2944732209,3,200,0.7
2026-09-13T10:22:01Z,46077,594.3,1000,1000,3,2946611329,3,200,0.6
2026-09-13T10:22:31Z,46107,551.3,1000,1000,3,2948553385,3,200,0.7
2026-09-13T10:23:01Z,46137,509.6,1000,1000,3,2950435074,3,200,0.5
2026-09-13T10:23:31Z,46167,561.3,1000,1000,3,2952315216,3,200,111.3
2026-09-13T10:24:02Z,46197,527.0,1000,1000,3,2954261673,3,200,0.7
2026-09-13T10:24:31Z,46227,530.3,1000,1000,3,2956139793,3,200,0.7
2026-09-13T10:25:01Z,46257,557.2,1000,1000,3,2958018913,3,200,0.5
2026-09-13T10:25:32Z,46287,523.5,1000,1000,3,2959968624,3,200,2.0
2026-09-13T10:26:01Z,46317,533.4,1000,1000,3,2961847804,3,200,1.8
2026-09-13T10:26:31Z,46347,560.8,1000,1000,3,2963726201,3,200,2.9
2026-09-13T10:27:02Z,46377,518.6,1000,1000,3,2965669257,3,200,0.7
2026-09-13T10:27:31Z,46407,537.8,1000,1000,3,2967547377,3,200,0.6
2026-09-13T10:28:01Z,46437,538.4,1000,1000,3,2969422368,3,200,25.3
2026-09-13T10:28:32Z,46467,524.8,1000,1000,3,2971376545,3,200,1.7
2026-09-13T10:29:01Z,46497,509.6,1000,1000,3,2973255665,3,200,0.7
2026-09-13T10:29:31Z,46527,567.3,1000,1000,3,2975133785,3,200,1.0
2026-09-13T10:30:02Z,46557,548.7,1000,1000,3,2977076841,3,200,0.5
2026-09-13T10:30:31Z,46587,527.1,1000,1000,3,2978954961,3,200,0.6
2026-09-13T10:31:01Z,46617,555.2,1000,1000,3,2980834081,3,200,0.6
2026-09-13T10:31:32Z,46647,529.3,1000,1000,3,2982783365,3,200,0.5
2026-09-13T10:32:01Z,46677,543.9,1000,1000,3,2984663249,3,200,1.3
2026-09-13T10:32:31Z,46707,560.3,1000,1000,3,2986540141,3,200,1.8
2026-09-13T10:33:02Z,46737,503.9,1000,1000,3,2988484425,3,200,0.6
2026-09-13T10:33:31Z,46767,527.2,1000,1000,3,2990362545,3,200,0.7
2026-09-13T10:34:01Z,46797,532.6,1000,1000,3,2992260751,3,200,0.6
2026-09-13T10:34:31Z,46827,534.2,1000,1000,3,2994131648,3,200,24.1
2026-09-13T10:35:02Z,46857,499.7,1000,1000,3,2996086817,3,200,1.4
2026-09-13T10:35:31Z,46887,551.6,1000,1000,3,2997964937,3,200,0.5
2026-09-13T10:36:01Z,46917,551.6,1000,1000,3,2999852049,3,200,1.0
2026-09-13T10:36:32Z,46947,539.8,1000,1000,3,3001792990,3,200,1.0
2026-09-13T10:37:01Z,46977,574.6,1000,1000,3,3003673225,3,200,0.6
2026-09-13T10:37:31Z,47007,527.5,1000,1000,3,3005552061,3,200,2.2
2026-09-13T10:38:02Z,47037,575.8,1000,1000,3,3007494401,3,200,0.6
2026-09-13T10:38:31Z,47067,547.9,1000,1000,3,3009372521,3,200,0.5
2026-09-13T10:39:01Z,47097,517.1,1000,1000,3,3011256857,3,200,1.0
2026-09-13T10:39:32Z,47127,554.7,1000,1000,3,3013198314,3,200,0.5
2026-09-13T10:40:01Z,47157,536.7,1000,1000,3,3015080809,3,200,1.2
2026-09-13T10:40:31Z,47187,519.8,1000,1000,3,3016958929,3,200,0.5
2026-09-13T10:41:02Z,47218,538.1,1000,1000,3,3018901985,3,200,0.6
2026-09-13T10:41:32Z,47248,584.3,1000,1000,3,3020851758,3,200,1.5
2026-09-13T10:42:02Z,47278,538.7,1000,1000,3,3022731153,3,200,1.3
2026-09-13T10:42:32Z,47308,546.7,1000,1000,3,3024609273,3,200,0.4
2026-09-13T10:43:02Z,47338,544.9,1000,1000,3,3026548533,3,200,2.7
2026-09-13T10:43:32Z,47368,525.2,1000,1000,3,3028438441,3,200,0.6
2026-09-13T10:44:02Z,47398,559.8,1000,1000,3,3030313803,3,200,41.9
2026-09-13T10:44:33Z,47428,490.3,1000,1000,3,3032267609,3,200,1.1
2026-09-13T10:45:02Z,47458,519.7,1000,1000,3,3034146729,3,200,1.2
2026-09-13T10:45:32Z,47488,510.8,1000,1000,3,3037048824,3,200,0.5
2026-09-13T10:46:02Z,47518,519.9,1000,1000,3,3038927944,3,200,0.4
2026-09-13T10:46:32Z,47548,548.9,1000,1000,3,3040870000,3,200,0.7
2026-09-13T10:47:02Z,47578,530.2,1000,1000,3,3042750463,3,200,2.5
2026-09-13T10:47:33Z,47608,521.2,1000,1000,3,3044691176,3,200,0.7
2026-09-13T10:48:02Z,47638,520.8,1000,1000,3,3046570296,3,200,0.7
2026-09-13T10:48:32Z,47668,530.3,1000,1000,3,3048448416,3,200,0.7
2026-09-13T10:49:03Z,47698,529.2,1000,1000,3,3050391472,3,200,1.1
2026-09-13T10:49:32Z,47728,549.0,1000,1000,3,3052277351,3,200,4.0
2026-09-13T10:50:02Z,47758,539.5,1000,1000,3,3054156704,3,200,1.4
2026-09-13T10:50:33Z,47788,553.7,1000,1000,3,3056098760,3,200,1.3
2026-09-13T10:51:02Z,47818,534.6,1000,1000,3,3057977880,3,200,0.4
2026-09-13T10:51:32Z,47848,515.6,1000,1000,3,3059856657,3,200,0.8
2026-09-13T10:52:03Z,47878,545.4,1000,1000,3,3061802914,3,200,0.7
2026-09-13T10:52:32Z,47908,559.2,1000,1000,3,3063685168,3,200,1.0
2026-09-13T10:53:02Z,47938,537.4,1000,1000,3,3065564288,3,200,0.7
2026-09-13T10:53:32Z,47968,530.2,1000,1000,3,3067448287,3,200,3.9
2026-09-13T10:54:02Z,47998,548.3,1000,1000,3,3069393456,3,200,0.7
2026-09-13T10:54:32Z,48028,528.1,1000,1000,3,3071271576,3,200,1.1
2026-09-13T10:55:02Z,48058,554.5,1000,1000,3,3073150696,3,200,0.5
2026-09-13T10:55:32Z,48088,512.2,1000,1000,3,3075095676,3,200,0.6
2026-09-13T10:56:02Z,48118,520.5,1000,1000,3,3076974434,3,200,0.5
2026-09-13T10:56:32Z,48148,500.3,1000,1000,3,3078853985,3,200,104.6
2026-09-13T10:57:03Z,48178,539.8,1000,1000,3,3080809032,3,200,0.7
2026-09-13T10:57:32Z,48208,537.1,1000,1000,3,3082687152,3,200,0.5
2026-09-13T10:58:02Z,48238,529.2,1000,1000,3,3084566272,3,200,1.8
2026-09-13T10:58:33Z,48268,535.3,1000,1000,3,3086508328,3,200,0.5
2026-09-13T10:59:02Z,48298,538.3,1000,1000,3,3088387448,3,200,0.4
2026-09-13T10:59:32Z,48328,549.1,1000,1000,3,3090263290,3,200,0.5
2026-09-13T11:00:03Z,48358,534.7,1000,1000,3,3092208624,3,200,0.5
2026-09-13T11:00:32Z,48388,568.3,1000,1000,3,3094088688,3,200,3.3
2026-09-13T11:01:02Z,48418,545.0,1000,1000,3,3095981848,3,200,0.7
2026-09-13T11:01:32Z,48448,565.7,1000,1000,3,3097864608,3,200,120.7
2026-09-13T11:02:03Z,48478,568.7,1000,1000,3,3099818810,3,200,0.9
2026-09-13T11:02:32Z,48508,559.4,1000,1000,3,3101697128,3,200,0.5
2026-09-13T11:03:02Z,48538,556.8,1000,1000,3,3103572204,3,200,0.8
2026-09-13T11:03:33Z,48569,516.2,1000,1000,3,3105526098,3,200,1.9
2026-09-13T11:04:03Z,48599,549.2,1000,1000,3,3107469352,3,200,1.2
2026-09-13T11:04:33Z,48629,596.2,1000,1000,3,3109347472,3,200,0.5
2026-09-13T11:05:03Z,48659,552.8,1000,1000,3,3111230721,3,200,0.8
2026-09-13T11:05:33Z,48689,483.4,1000,1000,3,3113176614,3,200,2.2
2026-09-13T11:06:03Z,48719,543.7,1000,1000,3,3115055760,3,200,1.4
2026-09-13T11:06:33Z,48749,541.9,1000,1000,3,3116933880,3,200,0.6
2026-09-13T11:07:03Z,48779,516.4,1000,1000,3,3118876936,3,200,0.7
2026-09-13T11:07:33Z,48809,533.1,1000,1000,3,3120755056,3,200,0.5
2026-09-13T11:08:03Z,48839,585.6,1000,1000,3,3122638771,3,200,121.9
2026-09-13T11:08:34Z,48869,519.3,1000,1000,3,3124590859,3,200,1.0
2026-09-13T11:09:03Z,48899,549.8,1000,1000,3,3126471336,3,200,0.9
2026-09-13T11:09:33Z,48929,571.8,1000,1000,3,3128349456,3,200,0.5
2026-09-13T11:10:04Z,48959,536.0,1000,1000,3,3130292512,3,200,0.6
2026-09-13T11:10:33Z,48989,526.9,1000,1000,3,3132178624,3,200,2.2
2026-09-13T11:11:03Z,49019,513.9,1000,1000,3,3134057744,3,200,0.6
2026-09-13T11:11:34Z,49049,531.0,1000,1000,3,3135999800,3,200,0.5
2026-09-13T11:12:03Z,49079,515.8,1000,1000,3,3137878920,3,200,0.9
2026-09-13T11:12:33Z,49109,537.1,1000,1000,3,3139757728,3,200,0.9
2026-09-13T11:13:03Z,49139,548.9,1000,1000,3,3141589211,3,200,3.7
2026-09-13T11:13:34Z,49169,573.2,1000,1000,3,3143594200,3,200,0.8
2026-09-13T11:14:03Z,49199,515.9,1000,1000,3,3145473320,3,200,0.7
2026-09-13T11:14:33Z,49229,536.6,1000,1000,3,3147347634,3,200,49.4
2026-09-13T11:15:04Z,49259,523.9,1000,1000,3,3149302488,3,200,1.0
2026-09-13T11:15:33Z,49289,506.6,1000,1000,3,3152171616,3,200,0.6
2026-09-13T11:16:03Z,49319,559.3,1000,1000,3,3154054195,3,200,1.0
2026-09-13T11:16:34Z,49349,533.0,1000,1000,3,3155996661,3,200,0.5
2026-09-13T11:17:03Z,49379,581.2,1000,1000,3,3157879904,3,200,2.5
2026-09-13T11:17:33Z,49409,551.1,1000,1000,3,3159759023,3,200,0.6
2026-09-13T11:18:03Z,49439,520.5,1000,1000,3,3161638143,3,200,0.4
2026-09-13T11:18:33Z,49469,532.9,1000,1000,3,3163587192,3,200,2.5
2026-09-13T11:19:03Z,49499,556.9,1000,1000,3,3165467303,3,200,1.3
2026-09-13T11:19:33Z,49529,540.0,1000,1000,3,3167344432,3,200,0.5
2026-09-13T11:20:03Z,49559,529.6,1000,1000,3,3169288487,3,200,0.6
2026-09-13T11:20:33Z,49589,527.1,1000,1000,3,3171166607,3,200,0.6
2026-09-13T11:21:03Z,49619,513.0,1000,1000,3,3173045727,3,200,0.7
2026-09-13T11:21:33Z,49649,539.7,1000,1000,3,3174990310,3,200,0.5
2026-09-13T11:22:03Z,49679,536.3,1000,1000,3,3176864524,3,200,4.2
2026-09-13T11:22:34Z,49710,552.0,1000,1000,3,3178816083,3,200,6.5
2026-09-13T11:23:04Z,49740,526.1,1000,1000,3,3180760007,3,200,0.5
2026-09-13T11:23:34Z,49770,548.0,1000,1000,3,3182638127,3,200,0.6
2026-09-13T11:24:04Z,49800,549.3,1000,1000,3,3184520146,3,200,131.3
2026-09-13T11:24:35Z,49830,556.0,1000,1000,3,3186475287,3,200,2.0
2026-09-13T11:25:04Z,49860,542.8,1000,1000,3,3188358590,3,200,0.5
2026-09-13T11:25:34Z,49890,536.7,1000,1000,3,3190237274,3,200,1.8
2026-09-13T11:26:05Z,49920,549.5,1000,1000,3,3192183013,3,200,0.5
2026-09-13T11:26:34Z,49950,535.1,1000,1000,3,3194061695,3,200,0.5
2026-09-13T11:27:04Z,49980,548.6,1000,1000,3,3195940815,3,200,0.6
2026-09-13T11:27:34Z,50010,576.6,1000,1000,3,3197823564,3,200,8.8
2026-09-13T11:28:05Z,50040,550.2,1000,1000,3,3199777975,3,200,1.7
2026-09-13T11:28:34Z,50070,538.4,1000,1000,3,3201656095,3,200,0.6
2026-09-13T11:29:04Z,50100,531.1,1000,1000,3,3203535215,3,200,0.7
2026-09-13T11:29:35Z,50130,561.8,1000,1000,3,3205477271,3,200,0.7
2026-09-13T11:30:04Z,50160,527.5,1000,1000,3,3207356391,3,200,0.7
2026-09-13T11:30:34Z,50190,522.5,1000,1000,3,3209231125,3,200,1.4
2026-09-13T11:31:05Z,50220,543.4,1000,1000,3,3211185559,3,200,0.7
2026-09-13T11:31:34Z,50250,536.0,1000,1000,3,3213063679,3,200,0.6
2026-09-13T11:32:04Z,50280,532.7,1000,1000,3,3214942799,3,200,0.7
2026-09-13T11:32:35Z,50310,517.5,1000,1000,3,3216884855,3,200,0.5
2026-09-13T11:33:04Z,50340,516.6,1000,1000,3,3218771434,3,200,1.3
2026-09-13T11:33:34Z,50370,554.5,1000,1000,3,3220650087,3,200,0.7
2026-09-13T11:34:04Z,50400,551.5,1000,1000,3,3222529207,3,200,0.5
2026-09-13T11:34:34Z,50430,551.9,1000,1000,3,3224477180,3,200,1.0
2026-09-13T11:35:04Z,50460,513.6,1000,1000,3,3226358375,3,200,1.7
2026-09-13T11:35:34Z,50490,536.4,1000,1000,3,3228236495,3,200,6.8
2026-09-13T11:36:04Z,50520,522.4,1000,1000,3,3230183879,3,200,1.6
2026-09-13T11:36:34Z,50550,538.2,1000,1000,3,3232065663,3,200,0.7
2026-09-13T11:37:04Z,50580,501.0,1000,1000,3,3233943084,3,200,78.1
2026-09-13T11:37:35Z,50610,533.9,1000,1000,3,3235894831,3,200,0.6
2026-09-13T11:38:04Z,50640,512.4,1000,1000,3,3237777166,3,200,0.7
2026-09-13T11:38:34Z,50670,519.4,1000,1000,3,3239652071,3,200,0.5
2026-09-13T11:39:05Z,50700,542.3,1000,1000,3,3241595127,3,200,0.6
2026-09-13T11:39:34Z,50730,546.0,1000,1000,3,3243476940,3,200,0.5
2026-09-13T11:40:04Z,50760,516.0,1000,1000,3,3245349375,3,200,7.8
2026-09-13T11:40:35Z,50790,526.1,1000,1000,3,3247302415,3,200,0.5
2026-09-13T11:41:04Z,50820,517.2,1000,1000,3,3249181535,3,200,0.6
2026-09-13T11:41:34Z,50850,512.3,1000,1000,3,3251059655,3,200,0.5
2026-09-13T11:42:05Z,50880,554.0,1000,1000,3,3253002711,3,200,0.6
2026-09-13T11:42:34Z,50910,529.1,1000,1000,3,3254886152,3,200,0.6
2026-09-13T11:43:04Z,50940,517.5,1000,1000,3,3256766213,3,200,0.7
2026-09-13T11:43:35Z,50970,522.2,1000,1000,3,3258707027,3,200,0.5
2026-09-13T11:44:04Z,51000,550.1,1000,1000,3,3260582179,3,200,4.2
2026-09-13T11:44:34Z,51030,513.0,1000,1000,3,3262483223,3,200,0.6
2026-09-13T11:45:04Z,51060,537.4,1000,1000,3,3264356903,3,200,11.8
2026-09-13T11:45:35Z,51090,559.2,1000,1000,3,3267278927,3,200,18.9
2026-09-13T11:46:04Z,51120,535.5,1000,1000,3,3269170531,3,200,0.6
2026-09-13T11:46:34Z,51150,540.9,1000,1000,3,3271048926,3,200,64.8
2026-09-13T11:47:05Z,51180,539.1,1000,1000,3,3273005764,3,200,1.3
2026-09-13T11:47:34Z,51210,547.1,1000,1000,3,3274885811,3,200,1.0
2026-09-13T11:48:04Z,51240,554.0,1000,1000,3,3276757746,3,200,2.1
2026-09-13T11:48:34Z,51270,544.9,1000,1000,3,3278651043,3,200,2.0
2026-09-13T11:49:04Z,51300,536.6,1000,1000,3,3280594099,3,200,0.5
2026-09-13T11:49:34Z,51330,521.1,1000,1000,3,3282472219,3,200,0.5
2026-09-13T11:50:04Z,51360,528.3,1000,1000,3,3284354236,3,200,116.6
2026-09-13T11:50:35Z,51390,528.5,1000,1000,3,3286309379,3,200,1.4
2026-09-13T11:51:04Z,51420,547.8,1000,1000,3,3288188499,3,200,0.6
2026-09-13T11:51:34Z,51450,562.6,1000,1000,3,3290066619,3,200,0.7
2026-09-13T11:52:05Z,51480,545.1,1000,1000,3,3292009675,3,200,0.8
2026-09-13T11:52:34Z,51510,548.0,1000,1000,3,3293893817,3,200,2.1
2026-09-13T11:53:04Z,51540,544.6,1000,1000,3,3295771222,3,200,0.6
2026-09-13T11:53:35Z,51570,545.0,1000,1000,3,3297716963,3,200,0.7
2026-09-13T11:54:04Z,51600,596.9,1000,1000,3,3299596083,3,200,0.5
2026-09-13T11:54:34Z,51630,532.9,1000,1000,3,3301471401,3,200,1.6
2026-09-13T11:55:04Z,51660,588.2,1000,1000,3,3303361315,3,200,0.6
2026-09-13T11:55:34Z,51690,579.1,1000,1000,3,3305303371,3,200,0.6
2026-09-13T11:56:04Z,51720,531.3,1000,1000,3,3307182491,3,200,0.4
2026-09-13T11:56:34Z,51750,549.6,1000,1000,3,3309060611,3,200,0.7
2026-09-13T11:57:04Z,51780,543.0,1000,1000,3,3311003667,3,200,0.5
2026-09-13T11:57:34Z,51810,518.2,1000,1000,3,3312885081,3,200,2.9
2026-09-13T11:58:04Z,51840,575.7,1000,1000,3,3314768899,3,200,13.6
2026-09-13T11:58:34Z,51870,534.8,1000,1000,3,3316710955,3,200,0.7
2026-09-13T11:59:04Z,51900,566.0,1000,1000,3,3318590075,3,200,0.8
2026-09-13T11:59:34Z,51930,517.9,1000,1000,3,3320468195,3,200,14.9
2026-09-13T12:00:04Z,51960,540.5,1000,1000,3,3322411251,3,200,0.8
2026-09-13T12:00:34Z,51990,550.5,1000,1000,3,3324294181,3,200,0.5
2026-09-13T12:01:04Z,52020,552.8,1000,1000,3,3326170055,3,200,95.5
2026-09-13T12:01:35Z,52050,566.6,1000,1000,3,3328126531,3,200,0.5
2026-09-13T12:02:04Z,52080,521.1,1000,1000,3,3330010937,3,200,0.9
2026-09-13T12:02:34Z,52110,520.5,1000,1000,3,3331891763,3,200,0.5
2026-09-13T12:03:04Z,52140,522.4,1000,1000,3,3333770883,3,200,0.5
2026-09-13T12:03:34Z,52170,540.0,1000,1000,3,3335712939,3,200,0.7
2026-09-13T12:04:04Z,52200,552.2,1000,1000,3,3337600051,3,200,1.1
2026-09-13T12:04:34Z,52230,542.6,1000,1000,3,3339478171,3,200,6.4
2026-09-13T12:05:04Z,52260,545.1,1000,1000,3,3341421227,3,200,0.8
2026-09-13T12:05:34Z,52290,517.3,1000,1000,3,3343299347,3,200,3.3
2026-09-13T12:06:04Z,52320,562.6,1000,1000,3,3345181125,3,200,116.8
2026-09-13T12:06:35Z,52350,537.4,1000,1000,3,3347128515,3,200,0.5
2026-09-13T12:07:04Z,52380,515.3,1000,1000,3,3349007635,3,200,0.5
2026-09-13T12:07:34Z,52410,549.9,1000,1000,3,3350888569,3,200,0.5
2026-09-13T12:08:05Z,52440,528.2,1000,1000,3,3352836421,3,200,0.8
2026-09-13T12:08:34Z,52470,541.4,1000,1000,3,3354714923,3,200,1.0
2026-09-13T12:09:04Z,52500,532.3,1000,1000,3,3356594043,3,200,1.0
2026-09-13T12:09:35Z,52530,535.6,1000,1000,3,3358536099,3,200,0.5
2026-09-13T12:10:04Z,52560,539.0,1000,1000,3,3360423211,3,200,0.5
2026-09-13T12:10:34Z,52590,554.1,1000,1000,3,3362301331,3,200,1.2
2026-09-13T12:11:04Z,52620,547.8,1000,1000,3,3364188443,3,200,1.0
2026-09-13T12:11:34Z,52650,521.0,1000,1000,3,3366130499,3,200,0.6
2026-09-13T12:12:04Z,52680,500.9,1000,1000,3,3368009619,3,200,0.5
2026-09-13T12:12:34Z,52710,512.8,1000,1000,3,3369887739,3,200,0.6
2026-09-13T12:13:04Z,52740,497.4,1000,1000,3,3371830795,3,200,0.8
2026-09-13T12:13:34Z,52770,530.1,1000,1000,3,3373708915,3,200,0.6
2026-09-13T12:14:04Z,52800,516.9,1000,1000,3,3375588035,3,200,0.5
2026-09-13T12:14:34Z,52830,576.4,1000,1000,3,3377534386,3,200,1.0
2026-09-13T12:15:04Z,52860,493.8,1000,1000,3,3379414520,3,200,0.7
2026-09-13T12:15:34Z,52890,546.9,1000,1000,3,3381294322,3,200,1.2
2026-09-13T12:16:04Z,52920,540.7,1000,1000,3,3384272344,3,200,0.5
2026-09-13T12:16:34Z,52950,536.3,1000,1000,3,3386152462,3,200,0.6
2026-09-13T12:17:04Z,52980,558.6,1000,1000,3,3388031582,3,200,1.2
2026-09-13T12:17:34Z,53010,527.4,1000,1000,3,3389977660,3,200,0.5
2026-09-13T12:18:04Z,53040,555.0,1000,1000,3,3391855695,3,200,0.7
2026-09-13T12:18:34Z,53070,555.9,1000,1000,3,3393738801,3,200,0.8
2026-09-13T12:19:05Z,53100,515.4,1000,1000,3,3395681926,3,200,0.6
2026-09-13T12:19:34Z,53130,535.2,1000,1000,3,3397560046,3,200,1.2
2026-09-13T12:20:04Z,53160,538.5,1000,1000,3,3399439166,3,200,0.5
2026-09-13T12:20:35Z,53190,522.6,1000,1000,3,3401388215,3,200,1.0
2026-09-13T12:21:04Z,53220,531.2,1000,1000,3,3403268334,3,200,0.8
2026-09-13T12:21:34Z,53250,549.4,1000,1000,3,3405148299,3,200,2.0
2026-09-13T12:22:05Z,53280,520.1,1000,1000,3,3407091846,3,200,0.5
2026-09-13T12:22:34Z,53310,515.8,1000,1000,3,3408974623,3,200,0.7
2026-09-13T12:23:04Z,53340,570.6,1000,1000,3,3410853743,3,200,0.8
2026-09-13T12:23:35Z,53370,536.6,1000,1000,3,3412796798,3,200,0.7
2026-09-13T12:24:04Z,53400,532.8,1000,1000,3,3414682911,3,200,0.9
2026-09-13T12:24:34Z,53430,546.9,1000,1000,3,3416559736,3,200,1.2
2026-09-13T12:25:04Z,53460,518.0,1000,1000,3,3418441150,3,200,0.7
2026-09-13T12:25:34Z,53490,518.4,1000,1000,3,3420390199,3,200,1.3
2026-09-13T12:26:04Z,53520,528.4,1000,1000,3,3422270626,3,200,3.7
2026-09-13T12:26:34Z,53550,549.2,1000,1000,3,3424152478,3,200,14.8
2026-09-13T12:27:04Z,53580,529.4,1000,1000,3,3426098487,3,200,1.6
2026-09-13T12:27:34Z,53610,524.3,1000,1000,3,3427977606,3,200,1.3
2026-09-13T12:28:04Z,53640,559.0,1000,1000,3,3429856726,3,200,0.5
2026-09-13T12:28:35Z,53670,510.5,1000,1000,3,3431806774,3,200,0.5
2026-09-13T12:29:04Z,53700,521.1,1000,1000,3,3433688493,3,200,0.6
2026-09-13T12:29:34Z,53730,564.1,1000,1000,3,3435560697,3,200,17.1
2026-09-13T12:30:05Z,53760,520.1,1000,1000,3,3437514063,3,200,0.6
2026-09-13T12:30:34Z,53790,538.5,1000,1000,3,3439393182,3,200,0.5
2026-09-13T12:31:04Z,53820,531.2,1000,1000,3,3441275886,3,200,0.5
2026-09-13T12:31:35Z,53850,527.2,1000,1000,3,3443221351,3,200,0.8
2026-09-13T12:32:04Z,53880,509.0,1000,1000,3,3445100471,3,200,0.6
2026-09-13T12:32:34Z,53910,533.2,1000,1000,3,3446979590,3,200,3.2
2026-09-13T12:33:05Z,53940,552.9,1000,1000,3,3448922646,3,200,0.5
2026-09-13T12:33:34Z,53970,504.6,1000,1000,3,3450805468,3,200,1.9
2026-09-13T12:34:04Z,54000,529.2,1000,1000,3,3452685928,3,200,1.3
2026-09-13T12:34:35Z,54031,569.8,1000,1000,3,3454628935,3,200,0.5
2026-09-13T12:35:05Z,54061,537.3,1000,1000,3,3456576776,3,200,0.5
2026-09-13T12:35:35Z,54091,524.9,1000,1000,3,3458458103,3,200,0.7
2026-09-13T12:36:05Z,54121,541.1,1000,1000,3,3460338222,3,200,0.6
2026-09-13T12:36:35Z,54151,505.8,1000,1000,3,3462280278,3,200,0.5
2026-09-13T12:37:05Z,54181,549.6,1000,1000,3,3464163352,3,200,0.6
2026-09-13T12:37:35Z,54211,524.4,1000,1000,3,3466041178,3,200,101.1
2026-09-13T12:38:06Z,54241,522.1,1000,1000,3,3467996558,3,200,1.0
2026-09-13T12:38:35Z,54271,551.4,1000,1000,3,3469874678,3,200,0.5
2026-09-13T12:39:05Z,54301,516.2,1000,1000,3,3471757306,3,200,1.0
2026-09-13T12:39:36Z,54331,517.9,1000,1000,3,3473703846,3,200,1.5
2026-09-13T12:40:05Z,54361,553.1,1000,1000,3,3475582966,3,200,0.8
2026-09-13T12:40:35Z,54391,574.2,1000,1000,3,3477461682,3,200,3.5
2026-09-13T12:41:06Z,54421,562.9,1000,1000,3,3479410491,3,200,1.5
2026-09-13T12:41:35Z,54451,491.7,1000,1000,3,3481290254,3,200,0.5
2026-09-13T12:42:05Z,54481,554.8,1000,1000,3,3483169374,3,200,0.6
2026-09-13T12:42:35Z,54511,517.9,1000,1000,3,3485047494,3,200,0.5
2026-09-13T12:43:05Z,54541,509.4,1000,1000,3,3486990550,3,200,1.7
2026-09-13T12:43:35Z,54571,513.8,1000,1000,3,3488868670,3,200,0.5
2026-09-13T12:44:06Z,54601,533.2,1000,1000,3,3490811726,3,200,0.5
2026-09-13T12:44:35Z,54631,571.7,1000,1000,3,3492689846,3,200,0.5
2026-09-13T12:45:05Z,54661,552.3,1000,1000,3,3494565668,3,200,1.6
2026-09-13T12:45:36Z,54691,532.0,1000,1000,3,3496511022,3,200,0.5
2026-09-13T12:46:05Z,54721,559.3,1000,1000,3,3499405126,3,200,0.8
2026-09-13T12:46:35Z,54751,545.9,1000,1000,3,3501283246,3,200,0.5
2026-09-13T12:47:05Z,54781,515.8,1000,1000,3,3503162366,3,200,0.7
2026-09-13T12:47:35Z,54811,524.9,1000,1000,3,3505110768,3,200,1.3
2026-09-13T12:48:05Z,54841,541.0,1000,1000,3,3506991808,3,200,1.1
2026-09-13T12:48:35Z,54871,542.5,1000,1000,3,3508872638,3,200,0.5
2026-09-13T12:49:06Z,54901,538.9,1000,1000,3,3510820702,3,200,0.5
2026-09-13T12:49:35Z,54931,531.1,1000,1000,3,3512698822,3,200,0.6
2026-09-13T12:50:05Z,54961,566.5,1000,1000,3,3514573580,3,200,45.9
2026-09-13T12:50:36Z,54991,502.1,1000,1000,3,3516527990,3,200,0.7
2026-09-13T12:51:05Z,55021,524.1,1000,1000,3,3518406164,3,200,2.0
2026-09-13T12:51:35Z,55051,534.9,1000,1000,3,3520301214,3,200,1.4
2026-09-13T12:52:05Z,55081,558.2,1000,1000,3,3522180334,3,200,0.5
2026-09-13T12:52:35Z,55111,500.8,1000,1000,3,3524122390,3,200,0.8
2026-09-13T12:53:05Z,55141,515.7,1000,1000,3,3526004355,3,200,0.5
2026-09-13T12:53:35Z,55171,556.2,1000,1000,3,3527882846,3,200,0.6
2026-09-13T12:54:05Z,55201,546.2,1000,1000,3,3529830674,3,200,0.9
2026-09-13T12:54:35Z,55231,527.6,1000,1000,3,3531708798,3,200,0.5
2026-09-13T12:55:05Z,55261,559.6,1000,1000,3,3533583799,3,200,33.2
2026-09-13T12:55:36Z,55291,528.6,1000,1000,3,3535537966,3,200,2.9
2026-09-13T12:56:05Z,55321,532.2,1000,1000,3,3537417086,3,200,0.5
2026-09-13T12:56:35Z,55351,548.1,1000,1000,3,3539295206,3,200,0.6
2026-09-13T12:57:06Z,55381,498.6,1000,1000,3,3541241511,3,200,0.7
2026-09-13T12:57:35Z,55411,530.2,1000,1000,3,3543116382,3,200,0.6
2026-09-13T12:58:05Z,55441,571.0,1000,1000,3,3544992566,3,200,1.2
2026-09-13T12:58:36Z,55471,507.1,1000,1000,3,3546937558,3,200,0.6
2026-09-13T12:59:05Z,55501,548.8,1000,1000,3,3548816678,3,200,0.5
2026-09-13T12:59:35Z,55531,540.3,1000,1000,3,3550691366,3,200,5.6
2026-09-13T13:00:06Z,55561,503.4,1000,1000,3,3552644643,3,200,1.1
2026-09-13T13:00:35Z,55591,544.0,1000,1000,3,3554523966,3,200,1.5
2026-09-13T13:01:05Z,55621,542.7,1000,1000,3,3556403086,3,200,1.1
2026-09-13T13:01:36Z,55651,522.8,1000,1000,3,3558345142,3,200,0.6
2026-09-13T13:02:05Z,55681,520.4,1000,1000,3,3560224262,3,200,0.6
2026-09-13T13:02:35Z,55711,523.5,1000,1000,3,3562098871,3,200,11.8
2026-09-13T13:03:06Z,55741,484.2,1000,1000,3,3564049836,3,200,0.5
2026-09-13T13:03:35Z,55771,529.7,1000,1000,3,3565927401,3,200,0.7
2026-09-13T13:04:05Z,55801,568.5,1000,1000,3,3567802680,3,200,0.4
2026-09-13T13:04:36Z,55831,550.6,1000,1000,3,3569751241,3,200,0.9
2026-09-13T13:05:05Z,55861,529.3,1000,1000,3,3571631846,3,200,0.5
2026-09-13T13:05:35Z,55891,543.5,1000,1000,3,3573506353,3,200,2.1
2026-09-13T13:06:06Z,55921,515.4,1000,1000,3,3575458394,3,200,1.0
2026-09-13T13:06:35Z,55951,550.4,1000,1000,3,3577334987,3,200,1.1
2026-09-13T13:07:05Z,55981,529.2,1000,1000,3,3579207238,3,200,16.9
2026-09-13T13:07:36Z,56011,502.5,1000,1000,3,3581160310,3,200,2.4
2026-09-13T13:08:05Z,56041,566.1,1000,1000,3,3583039430,3,200,1.2
2026-09-13T13:08:35Z,56071,540.9,1000,1000,3,3584917550,3,200,0.5
2026-09-13T13:09:06Z,56101,538.3,1000,1000,3,3586860606,3,200,0.6
2026-09-13T13:09:35Z,56131,532.1,1000,1000,3,3588738726,3,200,0.5
2026-09-13T13:10:05Z,56161,511.4,1000,1000,3,3590613984,3,200,6.6
2026-09-13T13:10:36Z,56191,545.8,1000,1000,3,3592559902,3,200,0.6
2026-09-13T13:11:05Z,56221,547.2,1000,1000,3,3594446327,3,200,2.9
2026-09-13T13:11:35Z,56251,523.4,1000,1000,3,3596323329,3,200,2.5
2026-09-13T13:12:06Z,56281,547.7,1000,1000,3,3598268190,3,200,2.2
2026-09-13T13:12:35Z,56311,536.5,1000,1000,3,3600146310,3,200,0.5
2026-09-13T13:13:05Z,56341,555.8,1000,1000,3,3602025430,3,200,1.7
2026-09-13T13:13:36Z,56371,550.2,1000,1000,3,3603967486,3,200,1.2
2026-09-13T13:14:05Z,56401,574.2,1000,1000,3,3605852789,3,200,0.8
2026-09-13T13:14:35Z,56431,534.3,1000,1000,3,3607723281,3,200,1.6
2026-09-13T13:15:06Z,56461,519.4,1000,1000,3,3609675774,3,200,0.6
2026-09-13T13:15:35Z,56491,569.9,1000,1000,3,3611553894,3,200,0.5
2026-09-13T13:16:05Z,56521,561.2,1000,1000,3,3614438497,3,200,6.3
2026-09-13T13:16:35Z,56551,531.2,1000,1000,3,3616342102,3,200,1.1
2026-09-13T13:17:05Z,56581,543.5,1000,1000,3,3618223220,3,200,1.1
2026-09-13T13:17:35Z,56611,552.2,1000,1000,3,3620101340,3,200,0.7
2026-09-13T13:18:05Z,56641,539.2,1000,1000,3,3622044396,3,200,0.6
2026-09-13T13:18:35Z,56671,532.1,1000,1000,3,3623922516,3,200,0.5
2026-09-13T13:19:05Z,56701,522.2,1000,1000,3,3625809628,3,200,3.5
2026-09-13T13:19:35Z,56731,519.2,1000,1000,3,3627751684,3,200,0.5
2026-09-13T13:20:05Z,56761,522.9,1000,1000,3,3629633690,3,200,0.5
2026-09-13T13:20:35Z,56791,518.7,1000,1000,3,3631512703,3,200,0.9
2026-09-13T13:21:06Z,56821,549.7,1000,1000,3,3633459972,3,200,3.0
2026-09-13T13:21:35Z,56851,530.3,1000,1000,3,3635338092,3,200,0.6
2026-09-13T13:22:05Z,56881,528.1,1000,1000,3,3637213460,3,200,50.8
2026-09-13T13:22:36Z,56911,532.1,1000,1000,3,3639167260,3,200,0.8
2026-09-13T13:23:05Z,56941,548.4,1000,1000,3,3641046380,3,200,0.7
2026-09-13T13:23:35Z,56971,555.1,1000,1000,3,3642924500,3,200,0.5
2026-09-13T13:24:06Z,57001,574.7,1000,1000,3,3644867556,3,200,0.5
2026-09-13T13:24:35Z,57031,545.4,1000,1000,3,3646749513,3,200,0.6
2026-09-13T13:25:05Z,57061,549.0,1000,1000,3,3648629319,3,200,0.9
2026-09-13T13:25:36Z,57091,531.1,1000,1000,3,3650574844,3,200,0.6
2026-09-13T13:26:05Z,57121,552.4,1000,1000,3,3652453964,3,200,0.6
2026-09-13T13:26:35Z,57151,572.4,1000,1000,3,3654332102,3,200,2.8
2026-09-13T13:27:06Z,57181,520.9,1000,1000,3,3656280025,3,200,0.5
2026-09-13T13:27:35Z,57211,545.9,1000,1000,3,3658161252,3,200,1.0
2026-09-13T13:28:05Z,57241,540.4,1000,1000,3,3660040372,3,200,0.6
2026-09-13T13:28:35Z,57271,509.4,1000,1000,3,3661918492,3,200,0.6
2026-09-13T13:29:05Z,57301,533.0,1000,1000,3,3663866912,3,200,1.4
2026-09-13T13:29:35Z,57331,485.8,1000,1000,3,3665744880,3,200,1.2
2026-09-13T13:30:05Z,57361,553.4,1000,1000,3,3667624488,3,200,1.2
2026-09-13T13:30:35Z,57391,503.2,1000,1000,3,3669568836,3,200,2.4
2026-09-13T13:31:05Z,57421,515.7,1000,1000,3,3671447956,3,200,0.6
2026-09-13T13:31:35Z,57451,529.6,1000,1000,3,3673326076,3,200,0.6
2026-09-13T13:32:05Z,57481,552.1,1000,1000,3,3675273907,3,200,0.6
2026-09-13T13:32:35Z,57511,499.0,1000,1000,3,3677149600,3,200,0.5
2026-09-13T13:33:05Z,57541,541.1,1000,1000,3,3679030397,3,200,135.1
2026-09-13T13:33:36Z,57571,532.9,1000,1000,3,3680984412,3,200,1.1
2026-09-13T13:34:05Z,57601,522.6,1000,1000,3,3682863532,3,200,2.7
2026-09-13T13:34:35Z,57631,530.2,1000,1000,3,3684741652,3,200,1.2
2026-09-13T13:35:06Z,57661,529.5,1000,1000,3,3686684708,3,200,0.5
2026-09-13T13:35:35Z,57691,544.9,1000,1000,3,3688562828,3,200,0.6
2026-09-13T13:36:05Z,57721,581.8,1000,1000,3,3690441948,3,200,2.6
2026-09-13T13:36:36Z,57751,542.2,1000,1000,3,3692387097,3,200,0.7
2026-09-13T13:37:05Z,57781,552.8,1000,1000,3,3694271116,3,200,1.5
2026-09-13T13:37:35Z,57811,530.4,1000,1000,3,3696149729,3,200,3.1
2026-09-13T13:38:06Z,57841,544.4,1000,1000,3,3698096377,3,200,0.6
2026-09-13T13:38:36Z,57871,560.1,1000,1000,3,3699979477,3,200,3.8
2026-09-13T13:39:05Z,57901,548.7,1000,1000,3,3701873508,3,200,0.7
2026-09-13T13:39:35Z,57931,531.1,1000,1000,3,3703748881,3,200,1.5
2026-09-13T13:40:06Z,57961,546.7,1000,1000,3,3705694684,3,200,0.5
2026-09-13T13:40:35Z,57991,563.3,1000,1000,3,3707572804,3,200,0.6
2026-09-13T13:41:05Z,58021,552.4,1000,1000,3,3709451924,3,200,0.6
2026-09-13T13:41:36Z,58051,543.6,1000,1000,3,3711393980,3,200,0.8
2026-09-13T13:42:05Z,58081,514.3,1000,1000,3,3713277406,3,200,0.6
2026-09-13T13:42:35Z,58111,573.6,1000,1000,3,3715159212,3,200,2.4
2026-09-13T13:43:06Z,58141,536.5,1000,1000,3,3717102268,3,200,0.5
2026-09-13T13:43:35Z,58171,558.8,1000,1000,3,3718980388,3,200,0.5
2026-09-13T13:44:05Z,58201,560.6,1000,1000,3,3720860627,3,200,1.3
2026-09-13T13:44:35Z,58231,551.3,1000,1000,3,3722742762,3,200,0.7
2026-09-13T13:45:05Z,58261,521.5,1000,1000,3,3724688676,3,200,1.1
2026-09-13T13:45:35Z,58291,487.0,1000,1000,3,3726566796,3,200,0.6
2026-09-13T13:46:05Z,58321,527.0,1000,1000,3,3728449906,3,200,151.5
2026-09-13T13:46:35Z,58351,556.9,999,999,4,3730358435,4,200,0.8
2026-09-13T13:47:06Z,58382,517.8,999,999,4,3732304381,4,200,0.6
2026-09-13T13:47:36Z,58412,535.6,999,999,4,3734252477,4,200,0.6
2026-09-13T13:48:06Z,58442,563.4,999,999,4,3736137700,4,200,0.7
2026-09-13T13:48:36Z,58472,533.3,1000,1000,4,3739035692,4,200,2.0
2026-09-13T13:49:06Z,58502,538.4,1000,1000,4,3740918807,4,200,0.8
2026-09-13T13:49:37Z,58532,542.4,1000,1000,4,3742862441,4,200,0.6
2026-09-13T13:50:06Z,58562,519.3,1000,1000,4,3744747727,4,200,0.6
2026-09-13T13:50:36Z,58592,543.3,1000,1000,4,3746627095,4,200,0.9
2026-09-13T13:51:07Z,58622,519.0,1000,1000,4,3748573147,4,200,0.8
2026-09-13T13:51:36Z,58652,528.1,1000,1000,4,3750456343,4,200,2.7
2026-09-13T13:52:06Z,58682,561.7,1000,1000,4,3752341015,4,200,1.8
2026-09-13T13:52:36Z,58712,521.3,1000,1000,4,3754221495,4,200,0.7
2026-09-13T13:53:06Z,58742,536.1,1000,1000,4,3756167547,4,200,1.1
2026-09-13T13:53:36Z,58772,504.8,1000,1000,4,3758050993,4,200,1.5
2026-09-13T13:54:06Z,58802,522.5,1000,1000,4,3759930781,4,200,0.6
2026-09-13T13:54:36Z,58832,522.9,1000,1000,4,3761874836,4,200,0.4
2026-09-13T13:55:06Z,58862,506.7,1000,1000,4,3763758194,4,200,1.3
2026-09-13T13:55:36Z,58892,519.6,1000,1000,4,3765640068,4,200,0.5
2026-09-13T13:56:07Z,58922,536.8,1000,1000,4,3767586912,4,200,0.9
2026-09-13T13:56:36Z,58952,532.8,1000,1000,4,3769469236,4,200,0.6
2026-09-13T13:57:06Z,58982,510.9,1000,1000,4,3771344603,4,200,51.1
2026-09-13T13:57:37Z,59012,508.8,1000,1000,4,3773295211,4,200,0.8
2026-09-13T13:58:06Z,59042,498.3,1000,1000,4,3775174812,4,200,1.6
2026-09-13T13:58:36Z,59072,526.0,1000,1000,4,3777055644,4,200,2.4
2026-09-13T13:59:07Z,59102,570.9,1000,1000,4,3778998699,4,200,0.4
2026-09-13T13:59:36Z,59132,532.1,1000,1000,4,3780880279,4,200,0.7
2026-09-13T14:00:06Z,59162,563.7,1000,1000,4,3782759399,4,200,2.1
2026-09-13T14:00:37Z,59192,539.7,1000,1000,4,3784705988,4,200,0.7
2026-09-13T14:01:06Z,59222,525.3,1000,1000,4,3786585107,4,200,0.5
2026-09-13T14:01:36Z,59252,529.9,1000,1000,4,3788465030,4,200,0.7
2026-09-13T14:02:07Z,59282,516.8,1000,1000,4,3790413249,4,200,1.3
2026-09-13T14:02:36Z,59312,548.4,1000,1000,4,3792292396,4,200,0.7
2026-09-13T14:03:06Z,59342,555.0,1000,1000,4,3794171515,4,200,0.5
2026-09-13T14:03:36Z,59372,555.1,1000,1000,4,3796057628,4,200,0.6
2026-09-13T14:04:07Z,59402,552.7,1000,1000,4,3798006866,4,200,1.0
2026-09-13T14:04:36Z,59432,553.7,1000,1000,4,3799886796,4,200,1.9
2026-09-13T14:05:06Z,59462,546.1,1000,1000,4,3801761472,4,200,49.6
2026-09-13T14:05:37Z,59492,548.4,1000,1000,4,3803707972,4,200,0.7
2026-09-13T14:06:06Z,59522,522.0,1000,1000,4,3805587091,4,200,0.5
2026-09-13T14:06:36Z,59552,545.9,1000,1000,4,3807462864,4,200,12.5
2026-09-13T14:07:07Z,59582,544.5,1000,1000,4,3809416259,4,200,2.6
2026-09-13T14:07:36Z,59612,544.0,1000,1000,4,3811294380,4,200,0.4
2026-09-13T14:08:06Z,59642,512.5,1000,1000,4,3813173499,4,200,1.8
2026-09-13T14:08:37Z,59672,542.8,1000,1000,4,3815115556,4,200,0.6
2026-09-13T14:09:06Z,59702,558.5,1000,1000,4,3816998805,4,200,0.7
2026-09-13T14:09:36Z,59732,526.0,1000,1000,4,3818878256,4,200,0.5
2026-09-13T14:10:07Z,59762,536.1,1000,1000,4,3820826391,4,200,0.6
2026-09-13T14:10:36Z,59792,506.8,1000,1000,4,3822707552,4,200,0.8
2026-09-13T14:11:06Z,59822,536.0,1000,1000,4,3824589075,4,200,1.0
2026-09-13T14:11:36Z,59852,524.9,1000,1000,4,3826467196,4,200,0.5
2026-09-13T14:12:06Z,59882,562.4,1000,1000,4,3828410251,4,200,0.7
2026-09-13T14:12:36Z,59912,543.5,1000,1000,4,3830295470,4,200,1.1
2026-09-13T14:13:06Z,59942,538.7,1000,1000,4,3832178817,4,200,129.8
2026-09-13T14:13:37Z,59972,511.6,1000,1000,4,3834125532,4,200,0.7
2026-09-13T14:14:06Z,60002,544.9,1000,1000,4,3836009766,4,200,0.8
2026-09-13T14:14:36Z,60032,538.5,1000,1000,4,3837887719,4,200,1.8
2026-09-13T14:15:07Z,60062,566.0,1000,1000,4,3839833819,4,200,0.5
2026-09-13T14:15:36Z,60092,533.1,1000,1000,4,3841715209,4,200,0.5
2026-09-13T14:16:06Z,60122,558.9,1000,1000,4,3843594047,4,200,0.9
2026-09-13T14:16:37Z,60152,568.8,1000,1000,4,3845538105,4,200,0.7
2026-09-13T14:17:06Z,60182,519.3,1000,1000,4,3847420227,4,200,1.7
2026-09-13T14:17:36Z,60212,548.7,1000,1000,4,3849302275,4,200,0.7
2026-09-13T14:18:06Z,60242,544.8,1000,1000,4,3851180004,4,200,0.6
2026-09-13T14:18:36Z,60272,536.5,1000,1000,4,3854135507,4,200,0.4
2026-09-13T14:19:06Z,60302,557.1,1000,1000,4,3856022610,4,200,1.6
2026-09-13T14:19:36Z,60332,556.9,1000,1000,4,3857897038,4,200,52.4
2026-09-13T14:20:07Z,60362,512.9,1000,1000,4,3859850401,4,200,1.3
2026-09-13T14:20:36Z,60392,508.2,1000,1000,4,3861729907,4,200,0.7
2026-09-13T14:21:06Z,60422,515.9,1000,1000,4,3863609026,4,200,0.6
2026-09-13T14:21:37Z,60452,519.9,1000,1000,4,3865551083,4,200,0.6
2026-09-13T14:22:06Z,60482,518.5,1000,1000,4,3867430202,4,200,0.5
2026-09-13T14:22:36Z,60512,536.8,1000,1000,4,3869308323,4,200,0.5
2026-09-13T14:23:07Z,60542,526.9,1000,1000,4,3871251378,4,200,0.5
2026-09-13T14:23:36Z,60572,581.5,1000,1000,4,3873129499,4,200,0.4
2026-09-13T14:24:06Z,60602,548.2,1000,1000,4,3875004929,4,200,36.2
2026-09-13T14:24:37Z,60632,547.3,1000,1000,4,3876950675,4,200,0.5
2026-09-13T14:25:06Z,60662,535.6,1000,1000,4,3878833804,4,200,0.8
2026-09-13T14:25:36Z,60692,545.6,1000,1000,4,3880713817,4,200,0.9
2026-09-13T14:26:07Z,60722,523.3,1000,1000,4,3882658962,4,200,2.1
2026-09-13T14:26:36Z,60752,562.1,1000,1000,4,3884545075,4,200,3.5
2026-09-13T14:27:06Z,60782,535.5,1000,1000,4,3886424194,4,200,0.5
2026-09-13T14:27:36Z,60812,566.3,1000,1000,4,3888302315,4,200,0.7
2026-09-13T14:28:06Z,60842,559.1,1000,1000,4,3890248648,4,200,0.6
2026-09-13T14:28:36Z,60872,541.8,1000,1000,4,3892128265,4,200,0.6
2026-09-13T14:29:06Z,60902,520.6,1000,1000,4,3894010602,4,200,0.5
2026-09-13T14:29:36Z,60932,553.3,1000,1000,4,3895952659,4,200,0.5
2026-09-13T14:30:06Z,60962,539.2,1000,1000,4,3897831778,4,200,0.5
2026-09-13T14:30:36Z,60992,555.6,1000,1000,4,3899709899,4,200,0.6
2026-09-13T14:31:06Z,61022,524.4,1000,1000,4,3901658047,4,200,0.7
2026-09-13T14:31:36Z,61052,531.2,1000,1000,4,3903539067,4,200,0.6
2026-09-13T14:32:06Z,61082,536.7,1000,1000,4,3905418186,4,200,0.5
2026-09-13T14:32:36Z,61112,532.5,1000,1000,4,3907360243,4,200,0.6
2026-09-13T14:33:06Z,61142,552.4,1000,1000,4,3909239362,4,200,0.7
2026-09-13T14:33:36Z,61172,524.0,1000,1000,4,3911121755,4,200,123.3
2026-09-13T14:34:07Z,61202,548.4,1000,1000,4,3913068530,4,200,0.5
2026-09-13T14:34:36Z,61232,544.8,1000,1000,4,3914946651,4,200,0.6
2026-09-13T14:35:06Z,61262,549.2,1000,1000,4,3916825770,4,200,0.5
2026-09-13T14:35:37Z,61292,524.9,1000,1000,4,3918772273,4,200,0.8
2026-09-13T14:36:06Z,61322,558.0,1000,1000,4,3920652552,4,200,0.6
2026-09-13T14:36:36Z,61352,522.2,1000,1000,4,3922533059,4,200,2.2
2026-09-13T14:37:07Z,61382,533.5,1000,1000,4,3924476114,4,200,0.7
2026-09-13T14:37:36Z,61412,507.2,1000,1000,4,3926361196,4,200,0.7
2026-09-13T14:38:06Z,61442,543.9,1000,1000,4,3928239362,4,200,1.9
2026-09-13T14:38:37Z,61472,553.2,1000,1000,4,3930183403,4,200,0.7
2026-09-13T14:39:06Z,61502,504.9,1000,1000,4,3932062522,4,200,0.7
2026-09-13T14:39:36Z,61532,565.9,1000,1000,4,3933940893,4,200,0.7
2026-09-13T14:40:07Z,61562,548.4,1000,1000,4,3935883698,4,200,0.8
2026-09-13T14:40:37Z,61592,554.2,1000,1000,4,3937755507,4,200,5.1
2026-09-13T14:41:06Z,61622,556.2,1000,1000,4,3939664914,4,200,0.6
2026-09-13T14:41:36Z,61652,545.5,1000,1000,4,3941543035,4,200,0.7
2026-09-13T14:42:07Z,61682,522.5,1000,1000,4,3943486090,4,200,0.6
2026-09-13T14:42:36Z,61712,587.1,1000,1000,4,3945368340,4,200,0.5
2026-09-13T14:43:06Z,61742,508.5,1000,1000,4,3947239950,4,200,1.0
2026-09-13T14:43:37Z,61772,569.4,1000,1000,4,3949185387,4,200,0.5
2026-09-13T14:44:06Z,61802,563.3,1000,1000,4,3951067821,4,200,0.7
2026-09-13T14:44:36Z,61832,521.2,1000,1000,4,3952947177,4,200,2.0
2026-09-13T14:45:07Z,61862,526.8,1000,1000,4,3954893674,4,200,1.0
2026-09-13T14:45:36Z,61892,526.9,1000,1000,4,3956771795,4,200,0.5
2026-09-13T14:46:06Z,61922,551.2,1000,1000,4,3958650914,4,200,0.5
2026-09-13T14:46:37Z,61952,528.1,1000,1000,4,3960592971,4,200,0.4
2026-09-13T14:47:06Z,61982,530.2,1000,1000,4,3962474945,4,200,0.5
2026-09-13T14:47:36Z,62012,512.0,1000,1000,4,3964349427,4,200,3.6
2026-09-13T14:48:07Z,62042,509.1,1000,1000,4,3966299499,4,200,0.6
2026-09-13T14:48:37Z,62072,578.6,1000,1000,4,3969170103,4,200,11.2
2026-09-13T14:49:07Z,62102,514.3,1000,1000,4,3971081474,4,200,0.5
2026-09-13T14:49:36Z,62132,550.6,1000,1000,4,3972967587,4,200,1.8
2026-09-13T14:50:06Z,62162,553.7,1000,1000,4,3974846706,4,200,1.9
2026-09-13T14:50:37Z,62192,529.6,1000,1000,4,3976788763,4,200,0.6
2026-09-13T14:51:06Z,62222,537.1,1000,1000,4,3978667882,4,200,0.6
2026-09-13T14:51:36Z,62252,550.9,1000,1000,4,3980542991,4,200,24.7
2026-09-13T14:52:07Z,62282,517.4,1000,1000,4,3982497050,4,200,1.8
2026-09-13T14:52:36Z,62312,511.4,1000,1000,4,3984375171,4,200,0.9
2026-09-13T14:53:06Z,62342,533.9,1000,1000,4,3986254290,4,200,0.6
2026-09-13T14:53:37Z,62372,538.9,1000,1000,4,3988196347,4,200,0.6
2026-09-13T14:54:06Z,62402,556.2,1000,1000,4,3990081483,4,200,0.9
2026-09-13T14:54:36Z,62432,572.2,1000,1000,4,3991961579,4,200,0.7
2026-09-13T14:55:07Z,62463,523.7,1000,1000,4,3993904634,4,200,0.6
2026-09-13T14:55:37Z,62493,542.1,1000,1000,4,3995846691,4,200,0.6
2026-09-13T14:56:07Z,62523,557.1,1000,1000,4,3997725810,4,200,1.7
2026-09-13T14:56:38Z,62553,562.4,1000,1000,4,3999667867,4,200,0.6
2026-09-13T14:57:07Z,62583,518.3,1000,1000,4,4001546986,4,200,0.5
2026-09-13T14:57:37Z,62613,570.8,1000,1000,4,4003425886,4,200,1.6
2026-09-13T14:58:08Z,62643,564.8,1000,1000,4,4005368162,4,200,0.6
2026-09-13T14:58:37Z,62673,514.8,1000,1000,4,4007251632,4,200,1.2
2026-09-13T14:59:07Z,62703,527.0,1000,1000,4,4009133394,4,200,1.4
2026-09-13T14:59:38Z,62733,543.5,1000,1000,4,4011075451,4,200,0.8
2026-09-13T15:00:07Z,62763,576.0,1000,1000,4,4012954570,4,200,1.4
2026-09-13T15:00:37Z,62793,552.1,1000,1000,4,4014832691,4,200,1.2
2026-09-13T15:01:07Z,62823,521.4,1000,1000,4,4016718007,4,200,0.7
2026-09-13T15:01:37Z,62853,518.2,1000,1000,4,4018661859,4,200,0.7
2026-09-13T15:02:07Z,62883,529.6,1000,1000,4,4020540978,4,200,0.7
2026-09-13T15:02:37Z,62913,531.9,1000,1000,4,4022421507,4,200,0.5
2026-09-13T15:03:08Z,62943,519.1,1000,1000,4,4024375239,4,200,0.8
2026-09-13T15:03:37Z,62973,528.4,1000,1000,4,4026256259,4,200,0.6
2026-09-13T15:04:07Z,63003,576.1,1000,1000,4,4028135378,4,200,0.6
2026-09-13T15:04:38Z,63033,498.4,1000,1000,4,4030077435,4,200,0.5
2026-09-13T15:05:07Z,63063,539.1,1000,1000,4,4031956554,4,200,0.5
2026-09-13T15:05:37Z,63093,542.2,1000,1000,4,4033834675,4,200,0.6
2026-09-13T15:06:08Z,63123,557.4,1000,1000,4,4035777730,4,200,0.6
2026-09-13T15:06:37Z,63153,534.7,1000,1000,4,4037655851,4,200,0.8
2026-09-13T15:07:07Z,63183,537.7,1000,1000,4,4039532240,4,200,24.1
2026-09-13T15:07:38Z,63213,522.6,1000,1000,4,4041485019,4,200,0.8
2026-09-13T15:08:07Z,63243,509.3,1000,1000,4,4043364138,4,200,0.5
2026-09-13T15:08:37Z,63273,548.9,1000,1000,4,4045242259,4,200,0.7
2026-09-13T15:09:08Z,63303,528.7,1000,1000,4,4047185314,4,200,0.7
2026-09-13T15:09:37Z,63333,496.3,1000,1000,4,4049068877,4,200,1.0
2026-09-13T15:10:07Z,63363,555.0,1000,1000,4,4050944484,4,200,0.4
2026-09-13T15:10:38Z,63393,552.2,1000,1000,4,4052892603,4,200,1.1
2026-09-13T15:11:07Z,63423,523.9,1000,1000,4,4054771722,4,200,1.1
2026-09-13T15:11:37Z,63453,545.6,1000,1000,4,4056649843,4,200,0.6
2026-09-13T15:12:08Z,63483,489.6,1000,1000,4,4058592898,4,200,0.5
2026-09-13T15:12:37Z,63513,528.4,1000,1000,4,4060475990,4,200,0.5
2026-09-13T15:13:07Z,63543,550.5,1000,1000,4,4062358130,4,200,1.0
2026-09-13T15:13:38Z,63573,534.0,1000,1000,4,4064300187,4,200,0.6
2026-09-13T15:14:07Z,63603,556.2,1000,1000,4,4066179306,4,200,0.6
2026-09-13T15:14:37Z,63633,521.6,1000,1000,4,4068058458,4,200,4.3
2026-09-13T15:15:08Z,63663,546.2,1000,1000,4,4070000482,4,200,0.5
2026-09-13T15:15:37Z,63693,531.8,1000,1000,4,4071878603,4,200,0.7
2026-09-13T15:16:07Z,63723,539.6,1000,1000,4,4073757722,4,200,0.6
2026-09-13T15:16:38Z,63753,538.2,1000,1000,4,4075704133,4,200,0.5
2026-09-13T15:17:07Z,63783,531.4,1000,1000,4,4077586890,4,200,0.5
2026-09-13T15:17:37Z,63813,552.1,1000,1000,4,4079465011,4,200,2.2
2026-09-13T15:18:07Z,63843,538.8,1000,1000,4,4081347705,4,200,0.5
2026-09-13T15:18:37Z,63873,534.6,1000,1000,4,4083292697,4,200,0.8
2026-09-13T15:19:07Z,63903,515.7,1000,1000,4,4086190280,4,200,0.6
2026-09-13T15:19:37Z,63933,564.2,1000,1000,4,4088064678,4,200,65.6
2026-09-13T15:20:08Z,63963,517.9,1000,1000,4,4090019448,4,200,0.6
2026-09-13T15:20:37Z,63993,594.4,1000,1000,4,4091897569,4,200,0.5
2026-09-13T15:21:07Z,64023,558.2,1000,1000,4,4093776688,4,200,0.8
2026-09-13T15:21:38Z,64053,541.9,1000,1000,4,4095723372,4,200,0.5
2026-09-13T15:22:07Z,64083,519.5,1000,1000,4,4097605856,4,200,1.7
2026-09-13T15:22:37Z,64113,539.1,1000,1000,4,4099484140,4,200,2.7
2026-09-13T15:23:08Z,64143,532.3,1000,1000,4,4101427032,4,200,0.9
2026-09-13T15:23:37Z,64173,548.7,1000,1000,4,4103308007,4,200,0.5
2026-09-13T15:24:07Z,64203,559.7,1000,1000,4,4105188499,4,200,2.1
2026-09-13T15:24:37Z,64233,555.2,1000,1000,4,4107070385,4,200,0.8
2026-09-13T15:25:07Z,64263,572.0,1000,1000,4,4109013440,4,200,0.7
2026-09-13T15:25:37Z,64293,550.5,1000,1000,4,4110891561,4,200,0.5
2026-09-13T15:26:07Z,64323,554.3,1000,1000,4,4112770680,4,200,0.7
2026-09-13T15:26:37Z,64353,538.9,1000,1000,4,4114712737,4,200,0.6
2026-09-13T15:27:07Z,64383,530.8,1000,1000,4,4116599848,4,200,1.0
2026-09-13T15:27:37Z,64413,541.2,1000,1000,4,4118477969,4,200,1.4
2026-09-13T15:28:07Z,64443,536.6,1000,1000,4,4120421024,4,200,0.8
2026-09-13T15:28:37Z,64473,544.5,1000,1000,4,4122299145,4,200,0.5
2026-09-13T15:29:07Z,64503,533.1,1000,1000,4,4124180372,4,200,0.4
2026-09-13T15:29:38Z,64533,533.3,1000,1000,4,4126128313,4,200,0.8
2026-09-13T15:30:07Z,64563,535.7,1000,1000,4,4128007432,4,200,0.6
2026-09-13T15:30:37Z,64593,545.6,1000,1000,4,4129885553,4,200,0.8
2026-09-13T15:31:08Z,64623,531.6,1000,1000,4,4131828608,4,200,0.5
2026-09-13T15:31:37Z,64653,541.9,1000,1000,4,4133714721,4,200,1.2
2026-09-13T15:32:07Z,64683,548.5,1000,1000,4,4135590026,4,200,1.9
2026-09-13T15:32:38Z,64713,542.4,1000,1000,4,4137543889,4,200,1.6
2026-09-13T15:33:07Z,64743,479.3,1000,1000,4,4139423008,4,200,0.6
2026-09-13T15:33:37Z,64773,564.1,1000,1000,4,4141299585,4,200,2.1
2026-09-13T15:34:08Z,64803,540.4,1000,1000,4,4143247888,4,200,0.6
2026-09-13T15:34:37Z,64833,535.8,1000,1000,4,4145130297,4,200,1.5
2026-09-13T15:35:07Z,64863,565.7,1000,1000,4,4147009416,4,200,0.6
2026-09-13T15:35:37Z,64893,550.6,1000,1000,4,4148887537,4,200,0.9
2026-09-13T15:36:07Z,64923,516.6,1000,1000,4,4150830592,4,200,0.6
2026-09-13T15:36:37Z,64953,559.0,1000,1000,4,4152716705,4,200,1.0
2026-09-13T15:37:07Z,64983,559.2,1000,1000,4,4154595824,4,200,0.6
2026-09-13T15:37:38Z,65013,547.1,1000,1000,4,4156545873,4,200,1.2
2026-09-13T15:38:07Z,65043,524.2,1000,1000,4,4158424992,4,200,0.6
2026-09-13T15:38:37Z,65073,562.3,1000,1000,4,4160299302,4,200,34.0
2026-09-13T15:39:08Z,65103,541.8,1000,1000,4,4162251941,4,200,1.3
2026-09-13T15:39:37Z,65133,546.6,1000,1000,4,4164132281,4,200,1.5
2026-09-13T15:40:07Z,65163,547.4,1000,1000,4,4166011400,4,200,0.9
2026-09-13T15:40:38Z,65193,538.3,1000,1000,4,4167956208,4,200,0.7
2026-09-13T15:41:07Z,65223,528.6,1000,1000,4,4169840506,4,200,1.1
2026-09-13T15:41:37Z,65253,534.8,1000,1000,4,4171718689,4,200,0.4
2026-09-13T15:42:08Z,65283,513.7,1000,1000,4,4173661744,4,200,0.5
2026-09-13T15:42:37Z,65313,526.5,1000,1000,4,4175539865,4,200,0.5
2026-09-13T15:43:07Z,65343,537.8,1000,1000,4,4177416629,4,200,1.0
2026-09-13T15:43:38Z,65373,514.8,1000,1000,4,4179361041,4,200,0.5
2026-09-13T15:44:07Z,65403,529.4,1000,1000,4,4181240160,4,200,0.5
2026-09-13T15:44:37Z,65433,538.7,1000,1000,4,4183118281,4,200,0.6
2026-09-13T15:45:08Z,65463,506.3,1000,1000,4,4185061336,4,200,0.6
2026-09-13T15:45:37Z,65493,535.6,1000,1000,4,4186939457,4,200,0.6
2026-09-13T15:46:07Z,65523,546.4,1000,1000,4,4188817506,4,200,3.5
2026-09-13T15:46:38Z,65553,540.2,1000,1000,4,4190764279,4,200,0.5
2026-09-13T15:47:07Z,65583,534.1,1000,1000,4,4192645830,4,200,2.7
2026-09-13T15:47:37Z,65613,545.8,1000,1000,4,4194522633,4,200,1.0
2026-09-13T15:48:08Z,65643,543.5,1000,1000,4,4196468920,4,200,0.6
2026-09-13T15:48:37Z,65673,540.5,1000,1000,4,4198347041,4,200,0.6
2026-09-13T15:49:07Z,65703,488.8,1000,1000,4,4201224161,4,200,1.2
2026-09-13T15:49:37Z,65733,550.5,1000,1000,4,4203103281,4,200,0.5
2026-09-13T15:50:07Z,65763,525.7,1000,1000,4,4205046336,4,200,0.8
2026-09-13T15:50:37Z,65793,543.0,1000,1000,4,4206929555,4,200,0.5
2026-09-13T15:51:07Z,65823,526.3,1000,1000,4,4208809106,4,200,1.2
2026-09-13T15:51:37Z,65853,513.7,1000,1000,4,4210751820,4,200,0.6
2026-09-13T15:52:07Z,65883,547.5,1000,1000,4,4212632744,4,200,2.2
2026-09-13T15:52:37Z,65913,538.6,1000,1000,4,4214513385,4,200,0.6
2026-09-13T15:53:08Z,65943,530.4,1000,1000,4,4216462911,4,200,0.7
2026-09-13T15:53:37Z,65973,519.8,1000,1000,4,4218341032,4,200,0.5
2026-09-13T15:54:07Z,66003,586.3,1000,1000,4,4220220151,4,200,0.5
2026-09-13T15:54:38Z,66033,508.7,1000,1000,4,4222165219,4,200,0.4
2026-09-13T15:55:07Z,66063,538.1,1000,1000,4,4224046242,4,200,3.9
2026-09-13T15:55:37Z,66093,564.5,1000,1000,4,4225927440,4,200,0.6
2026-09-13T15:56:08Z,66123,528.7,1000,1000,4,4227870495,4,200,0.5
2026-09-13T15:56:37Z,66153,539.6,1000,1000,4,4229750644,4,200,0.5
2026-09-13T15:57:07Z,66183,526.4,1000,1000,4,4231623267,4,200,1.0
2026-09-13T15:57:38Z,66213,562.4,1000,1000,4,4233576785,4,200,0.9
2026-09-13T15:58:07Z,66243,539.0,1000,1000,4,4235456953,4,200,1.0
2026-09-13T15:58:37Z,66273,540.6,1000,1000,4,4237335024,4,200,0.5
2026-09-13T15:59:08Z,66303,529.9,1000,1000,4,4239278079,4,200,0.8
2026-09-13T15:59:37Z,66333,539.8,1000,1000,4,4241163934,4,200,0.6
2026-09-13T16:00:07Z,66363,552.1,1000,1000,4,4243043311,4,200,1.3
2026-09-13T16:00:38Z,66393,526.1,1000,1000,4,4244985368,4,200,0.5
2026-09-13T16:01:07Z,66423,551.5,1000,1000,4,4246868537,4,200,0.6
2026-09-13T16:01:37Z,66453,485.9,1000,1000,4,4248746709,4,200,0.6
2026-09-13T16:02:08Z,66483,545.3,1000,1000,4,4250691413,4,200,1.8
2026-09-13T16:02:37Z,66513,530.0,1000,1000,4,4252571776,4,200,0.5
2026-09-13T16:03:07Z,66543,548.3,1000,1000,4,4254450895,4,200,0.4
2026-09-13T16:03:37Z,66573,534.0,1000,1000,4,4256329016,4,200,0.6
2026-09-13T16:04:07Z,66603,542.1,1000,1000,4,4258272071,4,200,0.5
2026-09-13T16:04:37Z,66633,556.1,1000,1000,4,4260150192,4,200,1.1
2026-09-13T16:05:08Z,66663,528.4,1000,1000,4,4262093247,4,200,0.7
2026-09-13T16:05:37Z,66693,561.7,1000,1000,4,4263979360,4,200,0.8
2026-09-13T16:06:07Z,66723,497.5,1000,1000,4,4265866471,4,200,0.8
2026-09-13T16:06:37Z,66753,565.3,1000,1000,4,4267740840,4,200,61.4
2026-09-13T16:07:08Z,66783,533.0,1000,1000,4,4269695639,4,200,0.7
2026-09-13T16:07:37Z,66813,508.2,1000,1000,4,4271573760,4,200,2.6
2026-09-13T16:08:07Z,66843,546.0,1000,1000,4,4273452879,4,200,2.5
2026-09-13T16:08:38Z,66873,542.3,1000,1000,4,4275398710,4,200,0.6
2026-09-13T16:09:07Z,66903,528.1,1000,1000,4,4277282047,4,200,1.5
2026-09-13T16:09:37Z,66933,545.6,1000,1000,4,4279160168,4,200,0.9
2026-09-13T16:10:08Z,66963,528.8,1000,1000,4,4281103223,4,200,0.5
2026-09-13T16:10:37Z,66993,542.3,1000,1000,4,4282981344,4,200,0.7
2026-09-13T16:11:07Z,67023,508.7,1000,1000,4,4284859394,4,200,2.1
2026-09-13T16:11:38Z,67053,498.4,1000,1000,4,4286802520,4,200,0.8
2026-09-13T16:12:07Z,67083,526.7,1000,1000,4,4288681639,4,200,0.5
2026-09-13T16:12:37Z,67113,532.0,1000,1000,4,4290559760,4,200,0.6
2026-09-13T16:13:08Z,67143,549.8,1000,1000,4,4292502815,4,200,0.7
2026-09-13T16:13:37Z,67173,553.7,1000,1000,4,4294387980,4,200,0.4
2026-09-13T16:14:07Z,67203,539.4,1000,1000,4,4296268047,4,200,1.6
2026-09-13T16:14:38Z,67233,513.4,1000,1000,4,4298210104,4,200,0.6
2026-09-13T16:15:07Z,67263,548.2,1000,1000,4,4300089223,4,200,0.5
2026-09-13T16:15:37Z,67293,547.5,1000,1000,4,4301967661,4,200,1.0
2026-09-13T16:16:07Z,67323,557.2,1000,1000,4,4303854455,4,200,0.8
2026-09-13T16:16:37Z,67353,532.5,1000,1000,4,4305796512,4,200,0.4
2026-09-13T16:17:07Z,67383,557.4,1000,1000,4,4307675631,4,200,0.6
2026-09-13T16:17:38Z,67414,550.4,1000,1000,4,4309617688,4,200,0.6
2026-09-13T16:18:08Z,67444,534.3,1000,1000,4,4311560744,4,200,0.7
2026-09-13T16:18:38Z,67474,540.7,1000,1000,4,4313442537,4,200,1.1
2026-09-13T16:19:08Z,67504,562.9,1000,1000,4,4316291530,4,200,21.5
2026-09-13T16:19:38Z,67534,530.5,1000,1000,4,4318252982,4,200,0.9
2026-09-13T16:20:08Z,67564,515.7,1000,1000,4,4320196102,4,200,0.5
2026-09-13T16:20:38Z,67594,556.6,1000,1000,4,4322078165,4,200,0.5
2026-09-13T16:21:08Z,67624,506.4,1000,1000,4,4323956645,4,200,107.8
2026-09-13T16:21:39Z,67654,536.6,1000,1000,4,4325906567,4,200,0.5
2026-09-13T16:22:08Z,67684,520.7,1000,1000,4,4327786131,4,200,0.6
2026-09-13T16:22:38Z,67714,517.1,1000,1000,4,4329664222,4,200,0.6
2026-09-13T16:23:09Z,67744,531.6,1000,1000,4,4331609679,4,200,1.3
2026-09-13T16:23:38Z,67774,511.1,1000,1000,4,4333489503,4,200,0.7
2026-09-13T16:24:08Z,67804,551.5,1000,1000,4,4335366080,4,200,62.3
2026-09-13T16:24:39Z,67834,520.6,1000,1000,4,4337318966,4,200,2.1
2026-09-13T16:25:08Z,67864,532.7,1000,1000,4,4339198086,4,200,0.6
2026-09-13T16:25:38Z,67894,539.6,1000,1000,4,4341072556,4,200,0.8
2026-09-13T16:26:09Z,67924,550.8,1000,1000,4,4343023719,4,200,0.6
2026-09-13T16:26:38Z,67954,554.7,1000,1000,4,4344902726,4,200,1.1
2026-09-13T16:27:08Z,67984,535.9,1000,1000,4,4346784493,4,200,1.5
2026-09-13T16:27:38Z,68014,507.6,1000,1000,4,4348662614,4,200,0.5
2026-09-13T16:28:08Z,68044,548.3,1000,1000,4,4350605670,4,200,0.5
2026-09-13T16:28:38Z,68074,509.3,1000,1000,4,4352484119,4,200,1.1
2026-09-13T16:29:08Z,68104,578.6,1000,1000,4,4354370901,4,200,1.5
2026-09-13T16:29:38Z,68134,545.4,1000,1000,4,4356312958,4,200,0.5
2026-09-13T16:30:08Z,68164,514.0,1000,1000,4,4358192077,4,200,0.8
2026-09-13T16:30:38Z,68194,533.1,1000,1000,4,4360075310,4,200,1.2
2026-09-13T16:31:08Z,68224,513.9,1000,1000,4,4362021246,4,200,0.9
2026-09-13T16:31:38Z,68254,533.4,1000,1000,4,4363899366,4,200,0.7
2026-09-13T16:32:08Z,68284,534.2,1000,1000,4,4365781625,4,200,94.6
2026-09-13T16:32:39Z,68314,543.6,1000,1000,4,4367736526,4,200,0.7
2026-09-13T16:33:08Z,68344,537.6,1000,1000,4,4369615646,4,200,0.6
2026-09-13T16:33:38Z,68374,537.4,1000,1000,4,4371495008,4,200,2.0
2026-09-13T16:34:09Z,68404,556.2,1000,1000,4,4373440030,4,200,0.5
2026-09-13T16:34:38Z,68434,505.5,1000,1000,4,4375320925,4,200,1.7
2026-09-13T16:35:08Z,68464,517.6,1000,1000,4,4377201204,4,200,3.6
2026-09-13T16:35:38Z,68494,522.1,1000,1000,4,4379080174,4,200,0.6
2026-09-13T16:36:08Z,68524,534.3,1000,1000,4,4381023230,4,200,0.5
2026-09-13T16:36:38Z,68554,550.7,1000,1000,4,4382905239,4,200,0.5
2026-09-13T16:37:08Z,68584,526.8,1000,1000,4,4384786964,4,200,2.0
2026-09-13T16:37:38Z,68614,537.3,1000,1000,4,4386730518,4,200,1.2
2026-09-13T16:38:08Z,68644,549.3,1000,1000,4,4388609637,4,200,0.5
2026-09-13T16:38:38Z,68674,530.6,1000,1000,4,4390493131,4,200,106.0
2026-09-13T16:39:09Z,68704,512.3,1000,1000,4,4392438806,4,200,0.5
2026-09-13T16:39:38Z,68734,557.4,1000,1000,4,4394316926,4,200,0.6
2026-09-13T16:40:08Z,68764,565.0,1000,1000,4,4396192874,4,200,41.0
2026-09-13T16:40:39Z,68794,547.8,1000,1000,4,4398146094,4,200,0.5
2026-09-13T16:41:08Z,68824,539.8,1000,1000,4,4400029336,4,200,0.5
2026-09-13T16:41:38Z,68854,542.8,1000,1000,4,4401909255,4,200,1.5
2026-09-13T16:42:09Z,68884,542.8,1000,1000,4,4403854382,4,200,1.5
2026-09-13T16:42:38Z,68914,549.2,1000,1000,4,4405732502,4,200,0.6
2026-09-13T16:43:08Z,68944,525.6,1000,1000,4,4407611735,4,200,1.3
2026-09-13T16:43:39Z,68974,520.4,1000,1000,4,4409553678,4,200,0.8
2026-09-13T16:44:08Z,69004,530.5,1000,1000,4,4411440727,4,200,1.4
2026-09-13T16:44:38Z,69034,524.4,1000,1000,4,4413318910,4,200,0.6
2026-09-13T16:45:08Z,69064,522.6,1000,1000,4,4415198029,4,200,0.5
2026-09-13T16:45:38Z,69094,537.1,1000,1000,4,4417140086,4,200,0.6
2026-09-13T16:46:08Z,69124,529.4,1000,1000,4,4419019205,4,200,0.6
2026-09-13T16:46:38Z,69154,505.0,1000,1000,4,4420897326,4,200,0.7
2026-09-13T16:47:08Z,69184,531.3,1000,1000,4,4422844872,4,200,0.5
2026-09-13T16:47:38Z,69214,543.4,1000,1000,4,4424726489,4,200,1.1
2026-09-13T16:48:08Z,69244,578.5,1000,1000,4,4426605613,4,200,0.7
2026-09-13T16:48:39Z,69274,523.9,1000,1000,4,4428536354,4,200,1.9
2026-09-13T16:49:08Z,69304,516.2,1000,1000,4,4430442774,4,200,0.6
2026-09-13T16:49:38Z,69334,523.4,1000,1000,4,4433331904,4,200,0.4
2026-09-13T16:50:08Z,69364,518.9,1000,1000,4,4435211797,4,200,88.3
2026-09-13T16:50:39Z,69394,533.9,1000,1000,4,4437165046,4,200,1.0
2026-09-13T16:51:08Z,69424,540.6,1000,1000,4,4439048040,4,200,0.8
2026-09-13T16:51:38Z,69454,568.0,1000,1000,4,4440924804,4,200,0.5
2026-09-13T16:52:09Z,69484,506.4,1000,1000,4,4442865342,4,200,0.5
2026-09-13T16:52:38Z,69514,507.7,1000,1000,4,4444747015,4,200,0.4
2026-09-13T16:53:08Z,69544,546.0,1000,1000,4,4446619129,4,200,8.9
2026-09-13T16:53:39Z,69574,521.5,1000,1000,4,4448568180,4,200,0.6
2026-09-13T16:54:08Z,69604,544.7,1000,1000,4,4450451750,4,200,2.0
2026-09-13T16:54:38Z,69634,535.6,1000,1000,4,4452329870,4,200,0.7
2026-09-13T16:55:09Z,69664,536.4,1000,1000,4,4454276646,4,200,0.7
2026-09-13T16:55:38Z,69694,537.9,1000,1000,4,4456157985,4,200,1.6
2026-09-13T16:56:08Z,69724,550.7,1000,1000,4,4458036694,4,200,1.9
2026-09-13T16:56:39Z,69754,503.8,1000,1000,4,4459980214,4,200,0.5
2026-09-13T16:57:08Z,69784,534.1,1000,1000,4,4461859334,4,200,0.7
2026-09-13T16:57:38Z,69814,509.5,1000,1000,4,4463736200,4,200,1.0
2026-09-13T16:58:09Z,69844,527.9,1000,1000,4,4465684430,4,200,0.9
2026-09-13T16:58:38Z,69874,520.4,1000,1000,4,4467566622,4,200,1.1
2026-09-13T16:59:08Z,69904,500.2,1000,1000,4,4469445741,4,200,2.2
2026-09-13T16:59:38Z,69934,557.2,1000,1000,4,4471323862,4,200,0.7
2026-09-13T17:00:08Z,69964,550.5,1000,1000,4,4473266918,4,200,1.0
2026-09-13T17:00:38Z,69994,549.8,1000,1000,4,4475145038,4,200,2.6
2026-09-13T17:01:09Z,70024,508.5,1000,1000,4,4477088094,4,200,1.7
2026-09-13T17:01:38Z,70054,509.7,1000,1000,4,4478966214,4,200,0.5
2026-09-13T17:02:08Z,70084,541.3,1000,1000,4,4480843540,4,200,1.0
2026-09-13T17:02:39Z,70114,538.4,1000,1000,4,4482787390,4,200,0.6
2026-09-13T17:03:08Z,70144,521.4,1000,1000,4,4484669667,4,200,0.4
2026-09-13T17:03:38Z,70174,538.5,1000,1000,4,4486544630,4,200,0.6
2026-09-13T17:04:09Z,70204,503.3,1000,1000,4,4488487686,4,200,0.5
2026-09-13T17:04:38Z,70234,549.7,1000,1000,4,4490365806,4,200,0.7
2026-09-13T17:05:08Z,70264,507.7,1000,1000,4,4492247044,4,200,0.5
2026-09-13T17:05:39Z,70294,557.7,1000,1000,4,4494186982,4,200,1.2
2026-09-13T17:06:08Z,70324,520.0,1000,1000,4,4496066101,4,200,0.5
2026-09-13T17:06:38Z,70354,528.5,1000,1000,4,4497939487,4,200,13.3
2026-09-13T17:07:09Z,70384,537.1,1000,1000,4,4499891092,4,200,0.5
2026-09-13T17:07:38Z,70414,577.6,1000,1000,4,4501773390,4,200,1.8
2026-09-13T17:08:08Z,70444,538.9,1000,1000,4,4503652509,4,200,2.6
2026-09-13T17:08:39Z,70474,543.5,1000,1000,4,4505594566,4,200,0.8
2026-09-13T17:09:08Z,70504,530.5,1000,1000,4,4507473685,4,200,0.5
2026-09-13T17:09:38Z,70534,518.4,1000,1000,4,4509351806,4,200,2.0
2026-09-13T17:10:09Z,70564,538.3,1000,1000,4,4511294862,4,200,0.7
2026-09-13T17:10:38Z,70594,562.8,1000,1000,4,4513172982,4,200,0.6
2026-09-13T17:11:08Z,70624,556.0,1000,1000,4,4515049491,4,200,26.5
2026-09-13T17:11:39Z,70654,526.5,1000,1000,4,4517002150,4,200,0.7
2026-09-13T17:12:08Z,70684,544.4,1000,1000,4,4518881269,4,200,0.5
2026-09-13T17:12:38Z,70714,529.2,1000,1000,4,4520759390,4,200,0.6
2026-09-13T17:13:09Z,70744,544.9,1000,1000,4,4522702446,4,200,0.5
2026-09-13T17:13:38Z,70774,521.4,1000,1000,4,4524586168,4,200,0.6
2026-09-13T17:14:08Z,70804,535.3,1000,1000,4,4526467614,4,200,2.2
2026-09-13T17:14:39Z,70834,538.2,1000,1000,4,4528409734,4,200,0.6
2026-09-13T17:15:08Z,70864,561.2,1000,1000,4,4530288853,4,200,0.6
2026-09-13T17:15:38Z,70894,552.6,1000,1000,4,4532171731,4,200,0.7
2026-09-13T17:16:09Z,70924,532.0,1000,1000,4,4534113663,4,200,0.5
2026-09-13T17:16:38Z,70954,554.8,1000,1000,4,4535992960,4,200,0.9
2026-09-13T17:17:08Z,70984,492.8,1000,1000,4,4537871603,4,200,1.2
2026-09-13T17:17:39Z,71014,492.4,1000,1000,4,4539817318,4,200,1.0
2026-09-13T17:18:08Z,71044,534.7,1000,1000,4,4541696437,4,200,0.4
2026-09-13T17:18:38Z,71074,553.9,1000,1000,4,4543574558,4,200,1.2
2026-09-13T17:19:09Z,71105,527.9,1000,1000,4,4545517614,4,200,0.5
2026-09-13T17:19:39Z,71135,560.2,1000,1000,4,4548498630,4,200,0.7
2026-09-13T17:20:09Z,71165,543.3,1000,1000,4,4550381474,4,200,0.4
2026-09-13T17:20:39Z,71195,530.2,1000,1000,4,4552258089,4,200,119.2
2026-09-13T17:21:10Z,71225,537.8,1000,1000,4,4554212232,4,200,2.7
2026-09-13T17:21:39Z,71255,542.2,1000,1000,4,4556093030,4,200,0.9
2026-09-13T17:22:09Z,71285,548.5,1000,1000,4,4557972150,4,200,0.6
2026-09-13T17:22:40Z,71315,527.3,1000,1000,4,4559914206,4,200,0.6
2026-09-13T17:23:09Z,71345,541.2,1000,1000,4,4561801314,4,200,1.1
2026-09-13T17:23:39Z,71375,519.2,1000,1000,4,4563679438,4,200,3.8
2026-09-13T17:24:10Z,71405,533.7,1000,1000,4,4565622494,4,200,0.5
2026-09-13T17:24:39Z,71435,537.0,1000,1000,4,4567500614,4,200,0.5
2026-09-13T17:25:09Z,71465,526.2,1000,1000,4,4569373684,4,200,0.8
2026-09-13T17:25:40Z,71495,514.2,1000,1000,4,4571321790,4,200,0.5
2026-09-13T17:26:09Z,71525,546.3,1000,1000,4,4573205815,4,200,1.4
2026-09-13T17:26:39Z,71555,528.0,1000,1000,4,4575087022,4,200,1.6
2026-09-13T17:27:09Z,71585,539.6,1000,1000,4,4576968673,4,200,147.6
2026-09-13T17:27:40Z,71615,519.0,1000,1000,4,4578920028,4,200,0.6
2026-09-13T17:28:09Z,71645,544.7,1000,1000,4,4580803302,4,200,0.7
2026-09-13T17:28:39Z,71675,546.3,1000,1000,4,4582679308,4,200,0.9
2026-09-13T17:29:10Z,71705,562.4,1000,1000,4,4584624478,4,200,0.6
2026-09-13T17:29:39Z,71735,526.5,1000,1000,4,4586509703,4,200,1.0
2026-09-13T17:30:09Z,71765,532.6,1000,1000,4,4588389710,4,200,0.6
2026-09-13T17:30:39Z,71795,541.3,1000,1000,4,4590269251,4,200,0.5
2026-09-13T17:31:10Z,71825,531.6,1000,1000,4,4592224019,4,200,0.7
2026-09-13T17:31:39Z,71855,513.8,1000,1000,4,4594099694,4,200,0.4
2026-09-13T17:32:09Z,71885,533.3,1000,1000,4,4595972147,4,200,2.1
2026-09-13T17:32:39Z,71915,515.5,1000,1000,4,4597870222,4,200,1.3
2026-09-13T17:33:09Z,71945,538.8,1000,1000,4,4599813278,4,200,0.5
2026-09-13T17:33:39Z,71975,532.0,1000,1000,4,4601699390,4,200,0.6
2026-09-13T17:34:09Z,72005,533.0,1000,1000,4,4603579480,4,200,1.3
2026-09-13T17:34:39Z,72035,530.9,1000,1000,4,4605520566,4,200,0.6
2026-09-13T17:35:09Z,72065,560.7,1000,1000,4,4607399686,4,200,0.5
2026-09-13T17:35:39Z,72095,508.5,1000,1000,4,4609280731,4,200,56.8
2026-09-13T17:36:10Z,72125,530.5,1000,1000,4,4611236373,4,200,1.5
2026-09-13T17:36:39Z,72155,519.3,1000,1000,4,4613114966,4,200,0.6
2026-09-13T17:37:09Z,72185,538.2,1000,1000,4,4614994086,4,200,2.0
2026-09-13T17:37:40Z,72215,537.8,1000,1000,4,4616940259,4,200,0.6
2026-09-13T17:38:09Z,72245,545.4,1000,1000,4,4618823254,4,200,1.2
2026-09-13T17:38:39Z,72275,531.0,1000,1000,4,4620701374,4,200,0.6
2026-09-13T17:39:09Z,72305,532.4,1000,1000,4,4622580494,4,200,0.6
2026-09-13T17:39:39Z,72335,514.3,1000,1000,4,4624525166,4,200,2.8
2026-09-13T17:40:09Z,72365,568.6,1000,1000,4,4626417654,4,200,0.5
2026-09-13T17:40:39Z,72395,526.6,1000,1000,4,4628292942,4,200,14.9
2026-09-13T17:41:10Z,72425,549.0,1000,1000,4,4630246822,4,200,0.9
2026-09-13T17:41:39Z,72455,522.1,1000,1000,4,4632124942,4,200,0.5
2026-09-13T17:42:09Z,72485,556.2,1000,1000,4,4634000385,4,200,0.7
2026-09-13T17:42:39Z,72515,576.6,1000,1000,4,4635890174,4,200,1.2
2026-09-13T17:43:09Z,72545,549.5,1000,1000,4,4637833230,4,200,0.5
2026-09-13T17:43:39Z,72575,508.7,1000,1000,4,4639711350,4,200,0.4
2026-09-13T17:44:10Z,72606,545.2,1000,1000,4,4641654406,4,200,0.8
2026-09-13T17:44:40Z,72636,518.3,1000,1000,4,4643596462,4,200,0.5
2026-09-13T17:45:10Z,72666,569.3,1000,1000,4,4645483574,4,200,0.8
2026-09-13T17:45:40Z,72696,539.7,1000,1000,4,4647361694,4,200,0.5
2026-09-13T17:46:10Z,72726,569.4,1000,1000,4,4649307086,4,200,0.9
2026-09-13T17:46:40Z,72756,536.9,1000,1000,4,4651189948,4,200,0.9
2026-09-13T17:47:10Z,72786,556.8,1000,1000,4,4653065567,4,200,79.3
2026-09-13T17:47:41Z,72816,561.5,1000,1000,4,4655020030,4,200,2.9
2026-09-13T17:48:10Z,72846,580.6,1000,1000,4,4656899150,4,200,0.8
2026-09-13T17:48:40Z,72876,522.8,1000,1000,4,4658777270,4,200,1.1
2026-09-13T17:49:11Z,72906,525.1,1000,1000,4,4660723868,4,200,0.8
2026-09-13T17:49:41Z,72936,555.2,999,999,5,4662622725,5,200,0.6
2026-09-13T17:50:10Z,72966,541.6,999,999,5,4664507948,5,200,0.5
2026-09-13T17:50:40Z,72996,524.2,999,999,5,4666392172,5,200,0.5
2026-09-13T17:51:10Z,73026,536.1,999,999,5,4668277395,5,200,0.8
2026-09-13T17:51:40Z,73056,589.2,1000,1000,5,4671145796,5,200,13.3
2026-09-13T17:52:10Z,73086,539.6,1000,1000,5,4673088305,5,200,0.6
2026-09-13T17:52:40Z,73116,559.3,1000,1000,5,4674966426,5,200,0.5
2026-09-13T17:53:11Z,73146,563.9,1000,1000,5,4676909481,5,200,0.5
2026-09-13T17:53:40Z,73176,518.6,1000,1000,5,4678791929,5,200,1.0
2026-09-13T17:54:10Z,73206,543.8,1000,1000,5,4680673994,5,200,1.4
2026-09-13T17:54:41Z,73236,529.8,1000,1000,5,4682616770,5,200,0.8
2026-09-13T17:55:10Z,73266,546.4,1000,1000,5,4684495889,5,200,0.4
2026-09-13T17:55:40Z,73296,516.6,1000,1000,5,4686374010,5,200,0.5
2026-09-13T17:56:11Z,73326,549.7,1000,1000,5,4688317065,5,200,0.5
2026-09-13T17:56:40Z,73356,548.8,1000,1000,5,4690200599,5,200,0.6
2026-09-13T17:57:10Z,73386,547.6,1000,1000,5,4692081249,5,200,0.7
2026-09-13T17:57:40Z,73416,530.4,1000,1000,5,4693960418,5,200,0.7
2026-09-13T17:58:10Z,73446,551.1,1000,1000,5,4695903473,5,200,0.6
2026-09-13T17:58:40Z,73476,545.1,1000,1000,5,4697781594,5,200,0.6
2026-09-13T17:59:10Z,73506,546.8,1000,1000,5,4699668564,5,200,3.3
2026-09-13T17:59:40Z,73536,511.9,1000,1000,5,4701610762,5,200,0.5
2026-09-13T18:00:10Z,73566,539.7,1000,1000,5,4703489881,5,200,0.5
2026-09-13T18:00:40Z,73596,562.3,1000,1000,5,4705372676,5,200,105.0
2026-09-13T18:01:11Z,73626,519.0,1000,1000,5,4707323401,5,200,0.5
2026-09-13T18:01:40Z,73656,551.2,1000,1000,5,4709203530,5,200,1.5
2026-09-13T18:02:10Z,73686,536.1,1000,1000,5,4711084281,5,200,1.9
2026-09-13T18:02:41Z,73716,544.7,1000,1000,5,4713026338,5,200,0.6
2026-09-13T18:03:10Z,73746,531.7,1000,1000,5,4714905457,5,200,0.7
2026-09-13T18:03:40Z,73776,579.5,1000,1000,5,4716783578,5,200,0.5
2026-09-13T18:04:11Z,73806,537.6,1000,1000,5,4718726633,5,200,0.6
2026-09-13T18:04:40Z,73836,561.3,1000,1000,5,4720604754,5,200,0.6
2026-09-13T18:05:10Z,73866,568.2,1000,1000,5,4722483873,5,200,0.6
2026-09-13T18:05:41Z,73896,524.3,1000,1000,5,4724429664,5,200,0.5
2026-09-13T18:06:10Z,73926,543.5,1000,1000,5,4726311874,5,200,2.2
2026-09-13T18:06:40Z,73956,521.3,1000,1000,5,4728191730,5,200,1.8
2026-09-13T18:07:11Z,73986,529.7,1000,1000,5,4730134217,5,200,0.5
2026-09-13T18:07:40Z,74016,525.1,1000,1000,5,4732018493,5,200,1.6
2026-09-13T18:08:10Z,74046,520.3,1000,1000,5,4733899449,5,200,0.5
2026-09-13T18:08:40Z,74076,531.1,1000,1000,5,4735779768,5,200,2.1
2026-09-13T18:09:11Z,74106,538.7,1000,1000,5,4737736557,5,200,2.1
2026-09-13T18:09:40Z,74136,557.2,1000,1000,5,4739614730,5,200,0.5
2026-09-13T18:10:10Z,74166,532.8,1000,1000,5,4741493849,5,200,1.0
2026-09-13T18:10:41Z,74196,514.5,1000,1000,5,4743435906,5,200,0.5
2026-09-13T18:11:10Z,74226,524.7,1000,1000,5,4745318743,5,200,0.5
2026-09-13T18:11:40Z,74256,555.1,1000,1000,5,4747190363,5,200,1.3
2026-09-13T18:12:11Z,74286,524.9,1000,1000,5,4749142149,5,200,0.6
2026-09-13T18:12:40Z,74316,524.4,1000,1000,5,4751022314,5,200,0.6
2026-09-13T18:13:10Z,74346,556.5,1000,1000,5,4752909425,5,200,0.6
2026-09-13T18:13:40Z,74376,493.6,1000,1000,5,4754787546,5,200,0.5
2026-09-13T18:14:11Z,74406,535.4,1000,1000,5,4756721372,5,200,1.1
2026-09-13T18:14:40Z,74436,525.3,1000,1000,5,4758624706,5,200,0.7
2026-09-13T18:15:10Z,74466,545.3,1000,1000,5,4760503825,5,200,0.6
2026-09-13T18:15:41Z,74496,551.2,1000,1000,5,4762445882,5,200,0.6
2026-09-13T18:16:10Z,74526,541.6,1000,1000,5,4764325001,5,200,0.5
2026-09-13T18:16:40Z,74556,558.0,1000,1000,5,4766199172,5,200,1.4
2026-09-13T18:17:11Z,74586,528.5,1000,1000,5,4768152108,5,200,0.6
2026-09-13T18:17:40Z,74616,526.5,1000,1000,5,4770032290,5,200,1.5
2026-09-13T18:18:10Z,74646,511.4,1000,1000,5,4771911409,5,200,0.7
2026-09-13T18:18:41Z,74676,517.8,1000,1000,5,4773853466,5,200,0.7
2026-09-13T18:19:10Z,74706,535.4,1000,1000,5,4775732585,5,200,0.5
2026-09-13T18:19:40Z,74736,552.4,1000,1000,5,4777610706,5,200,0.7
2026-09-13T18:20:11Z,74766,522.1,1000,1000,5,4779553761,5,200,0.5
2026-09-13T18:20:40Z,74796,508.8,1000,1000,5,4781438078,5,200,0.6
2026-09-13T18:21:10Z,74826,559.5,1000,1000,5,4783312717,5,200,1.5
2026-09-13T18:21:41Z,74856,543.2,1000,1000,5,4785261050,5,200,1.6
2026-09-13T18:22:10Z,74886,545.6,1000,1000,5,4788146162,5,200,1.2
2026-09-13T18:22:40Z,74916,532.7,1000,1000,5,4790028274,5,200,0.8
2026-09-13T18:23:10Z,74946,539.1,1000,1000,5,4791910093,5,200,1.9
2026-09-13T18:23:40Z,74976,551.8,1000,1000,5,4793853451,5,200,0.9
2026-09-13T18:24:10Z,75006,531.8,1000,1000,5,4795732570,5,200,0.5
2026-09-13T18:24:40Z,75036,540.1,1000,1000,5,4797613113,5,200,0.5
2026-09-13T18:25:11Z,75066,509.4,1000,1000,5,4799567459,5,200,0.7
2026-09-13T18:25:40Z,75096,545.6,1000,1000,5,4801446359,5,200,1.1
2026-09-13T18:26:10Z,75126,555.4,1000,1000,5,4803322260,5,200,32.3
2026-09-13T18:26:41Z,75156,557.4,1000,1000,5,4805276020,5,200,1.6
2026-09-13T18:27:10Z,75186,532.0,1000,1000,5,4807156138,5,200,0.6
2026-09-13T18:27:40Z,75216,552.6,1000,1000,5,4809036434,5,200,0.5
2026-09-13T18:28:10Z,75246,540.2,1000,1000,5,4810920371,5,200,0.5
2026-09-13T18:28:40Z,75276,506.5,1000,1000,5,4812863427,5,200,0.5
2026-09-13T18:29:10Z,75306,530.0,1000,1000,5,4814743765,5,200,2.1
2026-09-13T18:29:40Z,75336,540.4,1000,1000,5,4816626363,5,200,2.0
2026-09-13T18:30:10Z,75366,534.8,1000,1000,5,4818570715,5,200,0.7
2026-09-13T18:30:40Z,75396,538.7,1000,1000,5,4820449835,5,200,0.6
2026-09-13T18:31:10Z,75426,529.8,1000,1000,5,4822327955,5,200,0.5
2026-09-13T18:31:40Z,75456,558.4,1000,1000,5,4824268091,5,200,2.5
2026-09-13T18:32:10Z,75486,551.9,1000,1000,5,4826165115,5,200,1.1
2026-09-13T18:32:40Z,75516,491.9,1000,1000,5,4828044235,5,200,1.2
2026-09-13T18:33:11Z,75546,527.4,1000,1000,5,4829987290,5,200,0.6
2026-09-13T18:33:40Z,75576,532.0,1000,1000,5,4831865411,5,200,0.6
2026-09-13T18:34:10Z,75606,553.3,1000,1000,5,4833740253,5,200,24.7
2026-09-13T18:34:41Z,75636,542.9,1000,1000,5,4835686587,5,200,0.5
2026-09-13T18:35:10Z,75666,539.8,1000,1000,5,4837570668,5,200,0.7
2026-09-13T18:35:40Z,75696,542.1,1000,1000,5,4839446323,5,200,0.4
2026-09-13T18:36:11Z,75726,532.7,1000,1000,5,4841394874,5,200,1.0
2026-09-13T18:36:40Z,75756,521.1,1000,1000,5,4843271842,5,200,0.8
2026-09-13T18:37:10Z,75786,541.7,1000,1000,5,4845152114,5,200,1.7
2026-09-13T18:37:41Z,75816,514.8,1000,1000,5,4847094171,5,200,0.6
2026-09-13T18:38:10Z,75846,527.6,1000,1000,5,4848973290,5,200,0.6
2026-09-13T18:38:40Z,75876,502.9,1000,1000,5,4850847574,5,200,15.1
2026-09-13T18:39:11Z,75906,523.2,1000,1000,5,4852794466,5,200,0.7
2026-09-13T18:39:40Z,75936,534.8,1000,1000,5,4854672587,5,200,0.5
2026-09-13T18:40:10Z,75966,531.9,1000,1000,5,4856559674,5,200,2.5
2026-09-13T18:40:40Z,75996,535.4,1000,1000,5,4858450008,5,200,68.7
2026-09-13T18:41:11Z,76026,507.3,1000,1000,5,4860404850,5,200,1.6
2026-09-13T18:41:40Z,76056,585.1,1000,1000,5,4862282971,5,200,0.7
2026-09-13T18:42:10Z,76086,546.7,1000,1000,5,4864165299,5,200,0.5
2026-09-13T18:42:41Z,76116,537.8,1000,1000,5,4866108987,5,200,2.4
2026-09-13T18:43:10Z,76146,553.1,1000,1000,5,4867991258,5,200,0.5
2026-09-13T18:43:40Z,76176,551.9,1000,1000,5,4869869379,5,200,0.9
2026-09-13T18:44:10Z,76206,535.7,1000,1000,5,4871751987,5,200,0.5
2026-09-13T18:44:40Z,76236,520.5,1000,1000,5,4873697274,5,200,2.3
2026-09-13T18:45:10Z,76266,535.5,1000,1000,5,4875577541,5,200,1.7
2026-09-13T18:45:40Z,76296,552.7,1000,1000,5,4877462057,5,200,162.7
2026-09-13T18:46:11Z,76326,548.9,1000,1000,5,4879414826,5,200,0.6
2026-09-13T18:46:40Z,76356,521.6,1000,1000,5,4881295521,5,200,0.9
2026-09-13T18:47:10Z,76386,552.2,1000,1000,5,4883172066,5,200,0.7
2026-09-13T18:47:41Z,76416,553.6,1000,1000,5,4885116765,5,200,0.6
2026-09-13T18:48:10Z,76446,549.7,1000,1000,5,4887001234,5,200,1.6
2026-09-13T18:48:40Z,76476,554.3,1000,1000,5,4888879355,5,200,0.6
2026-09-13T18:49:10Z,76506,530.5,1000,1000,5,4890758474,5,200,0.4
2026-09-13T18:49:40Z,76536,551.5,1000,1000,5,4892700531,5,200,0.6
2026-09-13T18:50:10Z,76566,539.7,1000,1000,5,4894586223,5,200,1.1
2026-09-13T18:50:40Z,76596,537.4,1000,1000,5,4896463797,5,200,0.6
2026-09-13T18:51:10Z,76626,547.7,1000,1000,5,4898408818,5,200,1.6
2026-09-13T18:51:40Z,76656,533.5,1000,1000,5,4900286939,5,200,0.6
2026-09-13T18:52:10Z,76686,541.8,1000,1000,5,4903183040,5,200,0.6
2026-09-13T18:52:41Z,76716,536.9,1000,1000,5,4905126096,5,200,2.1
2026-09-13T18:53:10Z,76746,556.7,1000,1000,5,4907005215,5,200,0.5
2026-09-13T18:53:40Z,76776,528.7,1000,1000,5,4908880283,5,200,1.9
2026-09-13T18:54:10Z,76806,513.0,1000,1000,5,4910778439,5,200,0.6
2026-09-13T18:54:40Z,76836,558.5,1000,1000,5,4912720496,5,200,0.6
2026-09-13T18:55:10Z,76866,538.4,1000,1000,5,4914599615,5,200,0.6
2026-09-13T18:55:40Z,76896,551.8,1000,1000,5,4916480573,5,200,0.5
2026-09-13T18:56:11Z,76926,516.9,1000,1000,5,4918434483,5,200,1.0
2026-09-13T18:56:40Z,76956,545.1,1000,1000,5,4920314896,5,200,1.0
2026-09-13T18:57:10Z,76986,543.6,1000,1000,5,4922194015,5,200,0.6
2026-09-13T18:57:41Z,77016,570.6,1000,1000,5,4924136072,5,200,0.9
2026-09-13T18:58:10Z,77046,551.2,1000,1000,5,4926019494,5,200,0.6
2026-09-13T18:58:40Z,77076,542.9,1000,1000,5,4927901304,5,200,1.7
2026-09-13T18:59:11Z,77107,519.9,1000,1000,5,4929844359,5,200,1.6
2026-09-13T18:59:41Z,77137,529.3,1000,1000,5,4931786416,5,200,0.4
2026-09-13T19:00:11Z,77167,587.1,1000,1000,5,4933665535,5,200,0.6
2026-09-13T19:00:41Z,77197,558.7,1000,1000,5,4935547081,5,200,0.5
2026-09-13T19:01:11Z,77227,540.8,1000,1000,5,4937494703,5,200,1.3
2026-09-13T19:01:41Z,77257,541.4,1000,1000,5,4939372824,5,200,1.6
2026-09-13T19:02:11Z,77287,553.1,1000,1000,5,4941256870,5,200,128.0
2026-09-13T19:02:42Z,77317,543.8,1000,1000,5,4943201992,5,200,0.5
2026-09-13T19:03:11Z,77347,562.5,1000,1000,5,4945086979,5,200,1.5
2026-09-13T19:03:41Z,77377,529.7,1000,1000,5,4946955280,5,200,1.9
2026-09-13T19:04:12Z,77407,575.8,1000,1000,5,4948910279,5,200,0.7
2026-09-13T19:04:41Z,77437,520.0,1000,1000,5,4950788400,5,200,0.4
2026-09-13T19:05:11Z,77467,525.2,1000,1000,5,4952667519,5,200,0.6
2026-09-13T19:05:42Z,77497,556.7,1000,1000,5,4954609576,5,200,0.7
2026-09-13T19:06:11Z,77527,526.7,1000,1000,5,4956493449,5,200,0.9
2026-09-13T19:06:41Z,77557,538.6,1000,1000,5,4958373165,5,200,1.7
2026-09-13T19:07:12Z,77587,515.8,1000,1000,5,4960317863,5,200,0.7
2026-09-13T19:07:41Z,77617,557.7,1000,1000,5,4962195984,5,200,0.5
2026-09-13T19:08:11Z,77647,519.5,1000,1000,5,4964075103,5,200,0.6
2026-09-13T19:08:42Z,77677,510.3,1000,1000,5,4966017160,5,200,0.5
2026-09-13T19:09:11Z,77707,596.3,1000,1000,5,4967904271,5,200,0.6
2026-09-13T19:09:41Z,77737,557.4,1000,1000,5,4969782392,5,200,0.4
2026-09-13T19:10:11Z,77767,538.7,1000,1000,5,4971661511,5,200,1.3
2026-09-13T19:10:41Z,77797,565.3,1000,1000,5,4973607040,5,200,0.4
2026-09-13T19:11:11Z,77827,574.5,1000,1000,5,4975484834,5,200,0.9
2026-09-13T19:11:42Z,77858,567.3,1000,1000,5,4977428971,5,200,0.7
2026-09-13T19:12:12Z,77888,541.7,1000,1000,5,4979374012,5,200,1.5
2026-09-13T19:12:42Z,77918,490.8,1000,1000,5,4981253912,5,200,0.5
2026-09-13T19:13:12Z,77948,526.1,1000,1000,5,4983133031,5,200,0.5
2026-09-13T19:13:43Z,77978,483.4,1000,1000,5,4985085168,5,200,0.5
2026-09-13T19:14:12Z,78008,536.4,1000,1000,5,4986965951,5,200,0.5
2026-09-13T19:14:42Z,78038,553.3,1000,1000,5,4988836050,5,200,15.7
2026-09-13T19:15:13Z,78068,533.0,1000,1000,5,4990791354,5,200,1.0
2026-09-13T19:15:42Z,78098,533.1,1000,1000,5,4992669488,5,200,0.5
2026-09-13T19:16:12Z,78128,542.9,1000,1000,5,4994548607,5,200,0.5
2026-09-13T19:16:43Z,78158,533.3,1000,1000,5,4996490664,5,200,0.6
2026-09-13T19:17:12Z,78188,516.0,1000,1000,5,4998374094,5,200,0.5
2026-09-13T19:17:42Z,78218,568.0,1000,1000,5,5000254351,5,200,1.2
2026-09-13T19:18:13Z,78248,518.8,1000,1000,5,5002198951,5,200,1.2
2026-09-13T19:18:42Z,78278,551.4,1000,1000,5,5004077072,5,200,0.7
2026-09-13T19:19:12Z,78308,549.7,1000,1000,5,5005956144,5,200,1.3
2026-09-13T19:19:43Z,78338,518.7,1000,1000,5,5007898248,5,200,0.7
2026-09-13T19:20:12Z,78368,511.8,1000,1000,5,5009777367,5,200,0.6
2026-09-13T19:20:42Z,78398,540.2,1000,1000,5,5011663480,5,200,1.3
2026-09-13T19:21:12Z,78428,523.1,1000,1000,5,5013542599,5,200,0.5
2026-09-13T19:21:42Z,78458,546.5,1000,1000,5,5015484656,5,200,0.6
2026-09-13T19:22:12Z,78488,555.1,1000,1000,5,5018349788,5,200,0.5
2026-09-13T19:22:42Z,78518,552.9,1000,1000,5,5020226994,5,200,4.0
2026-09-13T19:23:13Z,78548,515.3,1000,1000,5,5022186948,5,200,0.7
2026-09-13T19:23:42Z,78578,544.9,1000,1000,5,5024068066,5,200,0.7
2026-09-13T19:24:12Z,78608,566.6,1000,1000,5,5025948730,5,200,0.8
2026-09-13T19:24:42Z,78638,525.1,1000,1000,5,5027830301,5,200,0.5
2026-09-13T19:25:12Z,78668,537.7,1000,1000,5,5029781348,5,200,1.5
2026-09-13T19:25:42Z,78698,555.6,1000,1000,5,5031662466,5,200,0.7
2026-09-13T19:26:12Z,78728,516.0,1000,1000,5,5033544052,5,200,0.5
2026-09-13T19:26:42Z,78758,549.9,1000,1000,5,5035488637,5,200,0.5
2026-09-13T19:27:12Z,78788,536.4,1000,1000,5,5037378742,5,200,1.0
2026-09-13T19:27:42Z,78818,525.8,1000,1000,5,5039259569,5,200,0.6
2026-09-13T19:28:13Z,78848,529.6,1000,1000,5,5041205915,5,200,1.5
2026-09-13T19:28:42Z,78878,533.6,1000,1000,5,5043085035,5,200,0.5
2026-09-13T19:29:12Z,78908,540.6,1000,1000,5,5044964154,5,200,0.7
2026-09-13T19:29:43Z,78938,497.4,1000,1000,5,5046906211,5,200,0.6
2026-09-13T19:30:12Z,78968,483.0,1000,1000,5,5048785330,5,200,0.5
2026-09-13T19:30:42Z,78998,504.2,1000,1000,5,5050661128,5,200,13.4
2026-09-13T19:31:13Z,79028,523.7,1000,1000,5,5052613456,5,200,3.1
2026-09-13T19:31:42Z,79058,514.8,1000,1000,5,5054492619,5,200,0.5
2026-09-13T19:32:12Z,79088,505.8,1000,1000,5,5056368092,5,200,3.2
2026-09-13T19:32:43Z,79118,549.4,1000,1000,5,5058313795,5,200,0.6
2026-09-13T19:33:12Z,79148,534.5,1000,1000,5,5060197373,5,200,0.8
2026-09-13T19:33:42Z,79178,551.0,1000,1000,5,5062079027,5,200,1.6
2026-09-13T19:34:13Z,79209,522.8,1000,1000,5,5064022082,5,200,1.0
2026-09-13T19:34:43Z,79239,534.5,1000,1000,5,5065964139,5,200,0.6
2026-09-13T19:35:13Z,79269,552.1,1000,1000,5,5067843258,5,200,0.5
2026-09-13T19:35:44Z,79299,543.6,1000,1000,5,5069785315,5,200,0.5
2026-09-13T19:36:13Z,79329,509.7,1000,1000,5,5071668698,5,200,1.9
2026-09-13T19:36:43Z,79359,537.9,1000,1000,5,5073550210,5,200,2.1
2026-09-13T19:37:13Z,79389,516.4,1000,1000,5,5075429666,5,200,0.5
2026-09-13T19:37:43Z,79419,561.9,1000,1000,5,5077371723,5,200,0.6
2026-09-13T19:38:13Z,79449,560.1,1000,1000,5,5079258202,5,200,1.2
2026-09-13T19:38:43Z,79479,545.8,1000,1000,5,5081134119,5,200,34.1
2026-09-13T19:39:14Z,79509,567.0,1000,1000,5,5083087115,5,200,0.5
2026-09-13T19:39:43Z,79539,536.9,1000,1000,5,5084966123,5,200,0.7
2026-09-13T19:40:13Z,79569,515.3,1000,1000,5,5086845242,5,200,0.6
2026-09-13T19:40:44Z,79599,535.9,1000,1000,5,5088787299,5,200,0.5
2026-09-13T19:41:13Z,79629,525.3,1000,1000,5,5090669235,5,200,0.5
2026-09-13T19:41:43Z,79659,579.5,1000,1000,5,5092548317,5,200,1.3
2026-09-13T19:42:14Z,79689,518.3,1000,1000,5,5094495586,5,200,0.5
2026-09-13T19:42:43Z,79719,560.1,1000,1000,5,5096379295,5,200,1.1
2026-09-13T19:43:13Z,79749,572.7,1000,1000,5,5098260818,5,200,0.7
2026-09-13T19:43:43Z,79779,501.8,1000,1000,5,5100138939,5,200,0.6
2026-09-13T19:44:13Z,79809,512.7,1000,1000,5,5102081994,5,200,0.7
2026-09-13T19:44:43Z,79839,547.4,1000,1000,5,5103968107,5,200,2.8
2026-09-13T19:45:13Z,79869,547.9,1000,1000,5,5105847226,5,200,0.5
2026-09-13T19:45:43Z,79899,555.9,1000,1000,5,5107789283,5,200,1.0
2026-09-13T19:46:13Z,79929,540.8,1000,1000,5,5109668402,5,200,0.6
2026-09-13T19:46:43Z,79959,544.0,1000,1000,5,5111550754,5,200,124.2
2026-09-13T19:47:14Z,79989,538.6,1000,1000,5,5113501798,5,200,0.7
2026-09-13T19:47:43Z,80019,541.0,1000,1000,5,5115383683,5,200,1.4
2026-09-13T19:48:13Z,80049,552.8,1000,1000,5,5117262802,5,200,0.7
2026-09-13T19:48:44Z,80079,527.6,1000,1000,5,5119204859,5,200,0.6
2026-09-13T19:49:13Z,80109,549.9,1000,1000,5,5121086819,5,200,0.5
2026-09-13T19:49:43Z,80139,531.8,1000,1000,5,5122966087,5,200,0.7
2026-09-13T19:50:14Z,80169,578.9,1000,1000,5,5124910812,5,200,0.8
2026-09-13T19:50:43Z,80199,551.7,1000,1000,5,5126791267,5,200,0.5
2026-09-13T19:51:13Z,80229,535.1,1000,1000,5,5128670131,5,200,1.0
2026-09-13T19:51:44Z,80259,522.5,1000,1000,5,5130612443,5,200,0.5
2026-09-13T19:52:13Z,80289,597.0,1000,1000,5,5132495509,5,200,25.0
2026-09-13T19:52:43Z,80319,522.0,1000,1000,5,5135351294,5,200,2.7
2026-09-13T19:53:13Z,80349,545.7,1000,1000,5,5137229820,5,200,0.6
2026-09-13T19:53:43Z,80379,550.4,1000,1000,5,5139175292,5,200,0.6
2026-09-13T19:54:13Z,80409,548.2,1000,1000,5,5141055727,5,200,0.6
2026-09-13T19:54:43Z,80439,540.5,1000,1000,5,5142936237,5,200,2.6
2026-09-13T19:55:13Z,80469,553.6,1000,1000,5,5144880164,5,200,0.6
2026-09-13T19:55:43Z,80499,554.7,1000,1000,5,5146758285,5,200,0.5
2026-09-13T19:56:13Z,80529,549.9,1000,1000,5,5148641666,5,200,1.8
2026-09-13T19:56:44Z,80559,541.0,1000,1000,5,5150587453,5,200,0.8
2026-09-13T19:57:13Z,80589,552.8,1000,1000,5,5152466572,5,200,0.6
2026-09-13T19:57:43Z,80619,534.4,1000,1000,5,5154347157,5,200,1.1
2026-09-13T19:58:14Z,80649,554.6,1000,1000,5,5156295740,5,200,0.8
2026-09-13T19:58:43Z,80679,533.0,1000,1000,5,5158173861,5,200,0.6
2026-09-13T19:59:13Z,80709,536.1,1000,1000,5,5160056020,5,200,0.5
2026-09-13T19:59:44Z,80739,528.1,1000,1000,5,5161999693,5,200,0.7
2026-09-13T20:00:13Z,80769,513.5,1000,1000,5,5163882148,5,200,0.6
2026-09-13T20:00:43Z,80799,530.7,1000,1000,5,5165760269,5,200,0.5
2026-09-13T20:01:14Z,80830,527.6,1000,1000,5,5167703324,5,200,0.7
2026-09-13T20:01:44Z,80860,536.6,1000,1000,5,5169649924,5,200,1.2
2026-09-13T20:02:14Z,80890,557.3,1000,1000,5,5171532223,5,200,0.7
2026-09-13T20:02:44Z,80920,523.0,1000,1000,5,5173413045,5,200,149.2
2026-09-13T20:03:15Z,80950,529.4,1000,1000,5,5175369652,5,200,0.6
2026-09-13T20:03:44Z,80980,521.9,1000,1000,5,5177247773,5,200,0.5
2026-09-13T20:04:14Z,81010,554.4,1000,1000,5,5179126892,5,200,0.6
2026-09-13T20:04:45Z,81040,573.8,1000,1000,5,5181068949,5,200,0.5
2026-09-13T20:05:14Z,81070,515.7,1000,1000,5,5182948068,5,200,0.6
2026-09-13T20:05:44Z,81100,523.9,1000,1000,5,5184826189,5,200,0.6
2026-09-13T20:06:15Z,81130,523.8,1000,1000,5,5186769244,5,200,0.6
2026-09-13T20:06:44Z,81160,526.3,1000,1000,5,5188650182,5,200,0.8
2026-09-13T20:07:14Z,81190,528.4,1000,1000,5,5190525608,5,200,1.1
2026-09-13T20:07:45Z,81220,537.4,1000,1000,5,5192476533,5,200,1.3
2026-09-13T20:08:14Z,81250,552.7,1000,1000,5,5194359221,5,200,0.7
2026-09-13T20:08:44Z,81280,527.8,1000,1000,5,5196241765,5,200,1.3
2026-09-13T20:09:14Z,81310,529.3,1000,1000,5,5198120884,5,200,0.5
2026-09-13T20:09:44Z,81340,558.3,1000,1000,5,5200062941,5,200,0.8
2026-09-13T20:10:14Z,81370,556.1,1000,1000,5,5201950052,5,200,2.6
2026-09-13T20:10:44Z,81400,518.0,1000,1000,5,5203828173,5,200,9.3
2026-09-13T20:11:14Z,81430,490.2,1000,1000,5,5205771228,5,200,0.5
2026-09-13T20:11:44Z,81460,561.4,1000,1000,5,5207649349,5,200,0.6
2026-09-13T20:12:14Z,81490,513.9,1000,1000,5,5209530542,5,200,114.5
2026-09-13T20:12:45Z,81520,526.7,1000,1000,5,5211478517,5,200,0.5
2026-09-13T20:13:14Z,81550,532.7,1000,1000,5,5213357636,5,200,0.4
2026-09-13T20:13:44Z,81580,575.1,1000,1000,5,5215235757,5,200,0.7
2026-09-13T20:14:15Z,81610,546.2,1000,1000,5,5217185015,5,200,1.2
2026-09-13T20:14:44Z,81640,565.3,1000,1000,5,5219064925,5,200,1.2
2026-09-13T20:15:14Z,81670,547.8,1000,1000,5,5220944044,5,200,0.5
2026-09-13T20:15:45Z,81700,552.2,1000,1000,5,5222894039,5,200,0.7
2026-09-13T20:16:14Z,81730,545.4,1000,1000,5,5224773212,5,200,0.6
2026-09-13T20:16:44Z,81760,558.2,1000,1000,5,5226653065,5,200,1.6
2026-09-13T20:17:14Z,81790,554.2,1000,1000,5,5228538444,5,200,1.1
2026-09-13T20:17:44Z,81820,505.7,1000,1000,5,5230480501,5,200,0.5
2026-09-13T20:18:14Z,81850,524.5,1000,1000,5,5232359620,5,200,0.5
2026-09-13T20:18:44Z,81880,542.8,1000,1000,5,5234237741,5,200,1.1
2026-09-13T20:19:14Z,81910,526.4,1000,1000,5,5236180796,5,200,0.7
2026-09-13T20:19:44Z,81940,539.3,1000,1000,5,5238058917,5,200,0.5
2026-09-13T20:20:14Z,81970,523.5,1000,1000,5,5239938036,5,200,0.5
2026-09-13T20:20:44Z,82000,569.4,1000,1000,5,5241887713,5,200,1.7
2026-09-13T20:21:14Z,82030,518.8,1000,1000,5,5243762972,5,200,1.1
2026-09-13T20:21:44Z,82060,522.6,1000,1000,5,5245646324,5,200,0.6
2026-09-13T20:22:15Z,82090,541.2,1000,1000,5,5247596372,5,200,0.5
2026-09-13T20:22:44Z,82120,559.2,1000,1000,5,5250445662,5,200,2.5
2026-09-13T20:23:14Z,82150,556.6,1000,1000,5,5252385579,5,200,0.6
2026-09-13T20:23:44Z,82180,521.7,1000,1000,5,5254263937,5,200,0.6
2026-09-13T20:24:14Z,82210,526.8,1000,1000,5,5256150769,5,200,1.1
2026-09-13T20:24:44Z,82240,546.6,1000,1000,5,5258092868,5,200,0.8
2026-09-13T20:25:14Z,82270,511.6,1000,1000,5,5259972797,5,200,1.2
2026-09-13T20:25:44Z,82300,518.2,1000,1000,5,5261851107,5,200,0.5
2026-09-13T20:26:15Z,82330,506.3,1000,1000,5,5263809147,5,200,0.7
2026-09-13T20:26:44Z,82360,535.5,1000,1000,5,5265695260,5,200,0.5
2026-09-13T20:27:14Z,82390,525.9,1000,1000,5,5267574379,5,200,0.6
2026-09-13T20:27:44Z,82420,532.8,1000,1000,5,5269454765,5,200,127.1
2026-09-13T20:28:15Z,82450,508.4,1000,1000,5,5271411539,5,200,0.6
2026-09-13T20:28:44Z,82480,508.8,1000,1000,5,5273289660,5,200,0.5
2026-09-13T20:29:14Z,82510,520.8,1000,1000,5,5275168779,5,200,0.6
2026-09-13T20:29:45Z,82540,532.1,1000,1000,5,5277113795,5,200,0.5
2026-09-13T20:30:14Z,82570,530.4,1000,1000,5,5278989955,5,200,0.5
2026-09-13T20:30:44Z,82600,527.1,1000,1000,5,5280871195,5,200,0.6
2026-09-13T20:31:15Z,82630,489.3,1000,1000,5,5282813847,5,200,0.5
2026-09-13T20:31:44Z,82660,518.9,1000,1000,5,5284697240,5,200,1.3
2026-09-13T20:32:14Z,82690,501.1,1000,1000,5,5286572353,5,200,1.0
2026-09-13T20:32:45Z,82720,505.5,1000,1000,5,5288518420,5,200,0.5
2026-09-13T20:33:14Z,82750,512.5,1000,1000,5,5290400205,5,200,0.7
2026-09-13T20:33:44Z,82780,501.7,1000,1000,5,5292287263,5,200,1.1
2026-09-13T20:34:14Z,82810,512.7,1000,1000,5,5294167836,5,200,171.5
2026-09-13T20:34:45Z,82840,531.2,1000,1000,5,5296120812,5,200,0.6
2026-09-13T20:35:14Z,82870,523.7,1000,1000,5,5297999931,5,200,0.5
2026-09-13T20:35:44Z,82900,547.0,1000,1000,5,5299878052,5,200,0.9
2026-09-13T20:36:15Z,82930,537.1,1000,1000,5,5301821107,5,200,0.5
2026-09-13T20:36:44Z,82960,533.0,1000,1000,5,5303699228,5,200,0.6
2026-09-13T20:37:14Z,82990,560.9,1000,1000,5,5305578568,5,200,0.5
2026-09-13T20:37:45Z,83020,515.8,1000,1000,5,5307520404,5,200,0.7
2026-09-13T20:38:14Z,83050,510.1,1000,1000,5,5309407448,5,200,0.7
2026-09-13T20:38:44Z,83080,516.3,1000,1000,5,5311274614,5,200,1.3
2026-09-13T20:39:15Z,83110,539.4,1000,1000,5,5313228691,5,200,0.6
2026-09-13T20:39:44Z,83140,547.8,1000,1000,5,5315106812,5,200,0.6
2026-09-13T20:40:14Z,83170,522.6,1000,1000,5,5316985931,5,200,0.4
2026-09-13T20:40:45Z,83200,547.9,1000,1000,5,5318931221,5,200,0.6
2026-09-13T20:41:14Z,83230,515.0,1000,1000,5,5320814281,5,200,1.0
2026-09-13T20:41:44Z,83260,535.4,1000,1000,5,5322689278,5,200,1.4
2026-09-13T20:42:15Z,83290,507.4,1000,1000,5,5324636275,5,200,0.5
2026-09-13T20:42:44Z,83320,500.7,1000,1000,5,5326520429,5,200,3.3
2026-09-13T20:43:14Z,83350,532.9,1000,1000,5,5328399552,5,200,1.6
2026-09-13T20:43:45Z,83380,528.1,1000,1000,5,5330343564,5,200,1.1
2026-09-13T20:44:14Z,83410,524.5,1000,1000,5,5332222683,5,200,0.5
2026-09-13T20:44:44Z,83440,551.7,1000,1000,5,5334100804,5,200,0.6
2026-09-13T20:45:15Z,83471,553.8,1000,1000,5,5336043859,5,200,0.6
2026-09-13T20:45:45Z,83501,546.3,1000,1000,5,5337991539,5,200,2.6
2026-09-13T20:46:15Z,83531,537.0,1000,1000,5,5339873027,5,200,0.6
2026-09-13T20:46:45Z,83561,520.1,1000,1000,5,5341751148,5,200,0.5
2026-09-13T20:47:15Z,83591,561.8,1000,1000,5,5343694203,5,200,0.5
2026-09-13T20:47:45Z,83621,532.9,1000,1000,5,5345572324,5,200,0.6
2026-09-13T20:48:15Z,83651,527.7,1000,1000,5,5347451443,5,200,0.6
2026-09-13T20:48:45Z,83681,503.8,1000,1000,5,5349396668,5,200,0.7
2026-09-13T20:49:15Z,83711,565.1,1000,1000,5,5351272619,5,200,0.6
2026-09-13T20:49:45Z,83741,547.3,1000,1000,5,5353150740,5,200,0.5
2026-09-13T20:50:15Z,83771,562.4,1000,1000,5,5355097619,5,200,0.9
2026-09-13T20:50:45Z,83801,531.8,1000,1000,5,5356971099,5,200,0.7
2026-09-13T20:51:16Z,83831,549.4,1000,1000,5,5358918898,5,200,0.8
2026-09-13T20:51:45Z,83861,523.8,1000,1000,5,5360801084,5,200,1.1
2026-09-13T20:52:15Z,83891,534.9,1000,1000,5,5362680203,5,200,1.6
2026-09-13T20:52:45Z,83921,515.4,1000,1000,5,5365576900,5,200,116.3
2026-09-13T20:53:16Z,83951,525.5,1000,1000,5,5367525354,5,200,0.5
2026-09-13T20:53:45Z,83981,564.1,1000,1000,5,5369408871,5,200,0.9
2026-09-13T20:54:15Z,84011,545.3,1000,1000,5,5371289910,5,200,2.5
2026-09-13T20:54:46Z,84041,550.7,1000,1000,5,5373232643,5,200,0.5
2026-09-13T20:55:15Z,84071,543.3,1000,1000,5,5375111762,5,200,0.5
2026-09-13T20:55:45Z,84101,538.2,1000,1000,5,5376987227,5,200,1.5
2026-09-13T20:56:16Z,84131,513.7,1000,1000,5,5378937057,5,200,0.7
2026-09-13T20:56:45Z,84161,537.5,1000,1000,5,5380819051,5,200,1.3
2026-09-13T20:57:15Z,84191,553.3,1000,1000,5,5382698170,5,200,0.6
2026-09-13T20:57:46Z,84221,529.2,1000,1000,5,5384640227,5,200,0.4
2026-09-13T20:58:15Z,84251,523.5,1000,1000,5,5386519346,5,200,0.8
2026-09-13T20:58:45Z,84281,555.2,1000,1000,5,5388397467,5,200,0.6
2026-09-13T20:59:16Z,84311,537.8,1000,1000,5,5390348494,5,200,1.9
2026-09-13T20:59:45Z,84341,543.4,1000,1000,5,5392226635,5,200,1.3
2026-09-13T21:00:15Z,84371,536.6,1000,1000,5,5394105754,5,200,0.7
2026-09-13T21:00:45Z,84401,543.2,1000,1000,5,5395991142,5,200,2.6
2026-09-13T21:01:15Z,84431,536.8,1000,1000,5,5397934922,5,200,1.7
2026-09-13T21:01:45Z,84461,517.1,1000,1000,5,5399813043,5,200,1.1
2026-09-13T21:02:15Z,84491,559.5,1000,1000,5,5401696123,5,200,131.7
2026-09-13T21:02:46Z,84521,520.1,1000,1000,5,5403642211,5,200,0.6
2026-09-13T21:03:15Z,84551,520.4,1000,1000,5,5405529322,5,200,1.2
2026-09-13T21:03:45Z,84581,550.1,1000,1000,5,5407402925,5,200,0.6
2026-09-13T21:04:16Z,84611,578.1,1000,1000,5,5409350498,5,200,0.9
2026-09-13T21:04:45Z,84641,507.9,1000,1000,5,5411232540,5,200,0.4
2026-09-13T21:05:15Z,84671,526.3,1000,1000,5,5413107738,5,200,0.8
2026-09-13T21:05:46Z,84701,544.5,1000,1000,5,5415052995,5,200,0.6
2026-09-13T21:06:15Z,84731,562.9,1000,1000,5,5416928914,5,200,0.5
2026-09-13T21:06:45Z,84761,520.2,1000,1000,5,5418807305,5,200,1.4
2026-09-13T21:07:16Z,84791,516.5,1000,1000,5,5420754043,5,200,1.2
2026-09-13T21:07:45Z,84821,536.0,1000,1000,5,5422636203,5,200,0.7
2026-09-13T21:08:15Z,84851,578.5,1000,1000,5,5424510618,5,200,1.0
2026-09-13T21:08:46Z,84881,537.3,1000,1000,5,5426457379,5,200,0.7
2026-09-13T21:09:15Z,84911,561.1,1000,1000,5,5428336498,5,200,0.7
2026-09-13T21:09:45Z,84941,513.2,1000,1000,5,5430214619,5,200,0.7
2026-09-13T21:10:16Z,84971,531.6,1000,1000,5,5432157674,5,200,0.5
2026-09-13T21:10:45Z,85001,491.4,1000,1000,5,5434043769,5,200,1.5
2026-09-13T21:11:15Z,85031,558.4,1000,1000,5,5435922906,5,200,0.5
2026-09-13T21:11:45Z,85061,516.5,1000,1000,5,5437801027,5,200,0.6
2026-09-13T21:12:15Z,85091,529.2,1000,1000,5,5439749300,5,200,0.6
2026-09-13T21:12:45Z,85121,529.2,1000,1000,5,5441630195,5,200,1.6
2026-09-13T21:13:15Z,85151,541.5,1000,1000,5,5443509314,5,200,0.5
2026-09-13T21:13:45Z,85181,536.1,1000,1000,5,5445451371,5,200,0.6
2026-09-13T21:14:15Z,85211,567.5,1000,1000,5,5447330490,5,200,0.5
2026-09-13T21:14:45Z,85241,529.3,1000,1000,5,5449208611,5,200,0.5
2026-09-13T21:15:15Z,85271,529.1,1000,1000,5,5451151666,5,200,0.5
2026-09-13T21:15:45Z,85301,548.9,1000,1000,5,5453029787,5,200,0.8
2026-09-13T21:16:15Z,85331,521.8,1000,1000,5,5454908906,5,200,0.4
2026-09-13T21:16:45Z,85361,518.9,1000,1000,5,5456850963,5,200,0.6
2026-09-13T21:17:15Z,85391,542.9,1000,1000,5,5458733431,5,200,1.7
2026-09-13T21:17:45Z,85421,539.4,1000,1000,5,5460615839,5,200,1.0
2026-09-13T21:18:15Z,85451,526.2,1000,1000,5,5462559250,5,200,6.1
2026-09-13T21:18:45Z,85481,545.2,1000,1000,5,5464440266,5,200,0.6
2026-09-13T21:19:15Z,85511,538.8,1000,1000,5,5466316490,5,200,0.6
2026-09-13T21:19:45Z,85541,545.5,1000,1000,5,5468258547,5,200,1.0
2026-09-13T21:20:15Z,85571,523.6,1000,1000,5,5470141844,5,200,0.5
2026-09-13T21:20:45Z,85601,557.9,1000,1000,5,5472015787,5,200,0.4
2026-09-13T21:21:15Z,85631,541.9,1000,1000,5,5473966834,5,200,1.7
2026-09-13T21:21:45Z,85661,529.0,1000,1000,5,5475844955,5,200,1.1
2026-09-13T21:22:15Z,85691,553.7,1000,1000,5,5477727623,5,200,121.9
2026-09-13T21:22:46Z,85721,728.3,1000,1000,5,5479635162,5,200,48.8
2026-09-13T21:23:15Z,85751,538.5,1000,1000,5,5482404922,5,200,3.7
2026-09-13T21:23:45Z,85781,552.9,1000,1000,5,5484446347,5,200,0.4
2026-09-13T21:24:15Z,85811,537.4,1000,1000,5,5486326465,5,200,2.5
2026-09-13T21:24:45Z,85841,539.4,1000,1000,5,5488207399,5,200,1.7
2026-09-13T21:25:16Z,85871,523.5,1000,1000,5,5490159029,5,200,0.7
2026-09-13T21:25:45Z,85901,556.3,1000,1000,5,5492040747,5,200,1.5
2026-09-13T21:26:15Z,85931,557.1,1000,1000,5,5493920865,5,200,3.6
2026-09-13T21:26:46Z,85961,543.0,1000,1000,5,5495869915,5,200,0.9
2026-09-13T21:27:15Z,85991,496.9,1000,1000,5,5497750033,5,200,0.8
2026-09-13T21:27:45Z,86021,563.1,1000,1000,5,5499628154,5,200,0.8
2026-09-13T21:28:16Z,86051,546.4,1000,1000,5,5501571209,5,200,1.4
2026-09-13T21:28:45Z,86081,544.8,1000,1000,5,5503449330,5,200,0.6
2026-09-13T21:29:15Z,86111,548.2,1000,1000,5,5505328449,5,200,0.7
2026-09-13T21:29:46Z,86141,538.0,1000,1000,5,5507275716,5,200,2.2
2026-09-13T21:30:15Z,86171,547.1,1000,1000,5,5509156618,5,200,0.6
2026-09-13T21:30:45Z,86201,560.7,1000,1000,5,5511035738,5,200,0.7
2026-09-13T21:31:16Z,86231,532.5,1000,1000,5,5512978793,5,200,0.6
2026-09-13T21:31:45Z,86261,509.2,1000,1000,5,5514856914,5,200,0.6
2026-09-13T21:32:15Z,86291,572.9,1000,1000,5,5516739151,5,200,0.7
2026-09-13T21:32:46Z,86321,518.7,1000,1000,5,5518686082,5,200,1.1
2026-09-13T21:33:15Z,86351,537.2,1000,1000,5,5520565201,5,200,0.5
2026-09-13T21:33:45Z,86381,544.9,1000,1000,5,5522444592,5,200,1.3
2026-09-13T21:34:16Z,86411,529.1,1000,1000,5,5524386377,5,200,0.5
2026-09-13T21:34:45Z,86441,541.9,1000,1000,5,5526264498,5,200,0.5
2026-09-13T21:35:15Z,86471,530.0,1000,1000,5,5528139652,5,200,1.6
2026-09-13T21:35:46Z,86501,520.3,1000,1000,5,5530085674,5,200,0.6
2026-09-13T21:36:15Z,86531,500.6,1000,1000,5,5531964793,5,200,0.5
2026-09-13T21:36:45Z,86561,506.8,1000,1000,5,5533842914,5,200,0.6
2026-09-13T21:37:16Z,86591,546.0,1000,1000,5,5535788873,5,200,0.6
2026-09-13T21:37:45Z,86621,505.4,1000,1000,5,5537672082,5,200,1.2
2026-09-13T21:38:15Z,86651,521.1,1000,1000,5,5539548713,5,200,2.2
2026-09-13T21:38:46Z,86681,555.2,1000,1000,5,5541493258,5,200,0.8
2026-09-13T21:39:15Z,86711,528.6,1000,1000,5,5543379791,5,200,1.5
2026-09-13T21:39:45Z,86741,538.4,1000,1000,5,5545254798,5,200,0.8
2026-09-13T21:40:16Z,86771,534.5,1000,1000,5,5547200450,5,200,1.0
2026-09-13T21:40:45Z,86801,543.5,1000,1000,5,5549079666,5,200,0.7
2026-09-13T21:41:15Z,86831,539.8,1000,1000,5,5550958785,5,200,0.5
2026-09-13T21:41:45Z,86861,534.5,1000,1000,5,5552836906,5,200,0.6
2026-09-13T21:42:15Z,86891,548.7,1000,1000,5,5554784362,5,200,1.0
2026-09-13T21:42:45Z,86921,558.7,1000,1000,5,5556658548,5,200,0.7
2026-09-13T21:43:16Z,86951,554.9,1000,1000,5,5558604163,5,200,0.5
2026-09-13T21:43:45Z,86981,520.8,1000,1000,5,5560488092,5,200,2.7
2026-09-13T21:44:15Z,87011,549.8,1000,1000,5,5562382353,5,200,3.3
2026-09-13T21:44:45Z,87041,547.9,1000,1000,5,5564260478,5,200,0.8
2026-09-13T21:45:16Z,87071,538.1,1000,1000,5,5566203529,5,200,0.6
2026-09-13T21:45:45Z,87101,540.3,1000,1000,5,5568081650,5,200,0.4
2026-09-13T21:46:15Z,87131,532.3,1000,1000,5,5569960769,5,200,0.7
2026-09-13T21:46:46Z,87161,547.8,1000,1000,5,5571902826,5,200,0.5
2026-09-13T21:47:15Z,87191,515.3,1000,1000,5,5573784747,5,200,0.7
2026-09-13T21:47:45Z,87221,537.8,1000,1000,5,5575658102,5,200,35.0
2026-09-13T21:48:16Z,87251,579.8,1000,1000,5,5577611113,5,200,2.1
2026-09-13T21:48:45Z,87281,565.7,1000,1000,5,5579489234,5,200,0.8
2026-09-13T21:49:15Z,87311,551.7,1000,1000,5,5581373648,5,200,2.6
2026-09-13T21:49:46Z,87341,530.5,1000,1000,5,5583318402,5,200,2.2
2026-09-13T21:50:15Z,87371,528.6,1000,1000,5,5585197521,5,200,0.5
2026-09-13T21:50:45Z,87401,550.9,1000,1000,5,5587075642,5,200,0.6
2026-09-13T21:51:16Z,87431,533.8,1000,1000,5,5589018697,5,200,0.7
2026-09-13T21:51:45Z,87461,535.1,1000,1000,5,5590896818,5,200,0.5
2026-09-13T21:52:15Z,87491,537.9,1000,1000,5,5592780396,5,200,1.3
2026-09-13T21:52:46Z,87521,548.7,1000,1000,5,5594725140,5,200,1.7
2026-09-13T21:53:16Z,87551,559.3,999,999,6,5596620585,6,200,0.5
2026-09-13T21:53:45Z,87581,540.8,999,999,6,5598504809,6,200,0.8
2026-09-13T21:54:15Z,87611,556.0,999,999,6,5600386917,6,200,0.7
2026-09-13T21:54:45Z,87641,566.9,999,999,6,5602266272,6,200,0.7
2026-09-13T21:55:15Z,87671,492.9,1000,1000,6,5604162914,6,200,0.7
2026-09-13T21:55:45Z,87701,531.9,1000,1000,6,5606107256,6,200,0.5
2026-09-13T21:56:15Z,87731,566.9,1000,1000,6,5607984090,6,200,0.6
2026-09-13T21:56:46Z,87761,513.8,1000,1000,6,5609926146,6,200,0.4
