bird: 2026-07-27 19:58:24.267 [0000] <WARN> nh_glue.ipv4: Ignoring bogus route 127.1.0.0/16 
bird: 2026-07-27 19:58:24.267 [0000] <INFO> Started
bird: 2026-07-27 20:00:01.996 [0000] <INFO> Reconfiguring
bird: 2026-07-27 20:00:01.997 [0000] <INFO> Reloading channel peer0.ipv4 for import
bird: 2026-07-27 20:00:01.997 [0000] <DBG> peer0.ipv4: reloading
bird: 2026-07-27 20:00:01.997 [0000] <INFO> Reloading channel peer0.ipv4 for export
bird: 2026-07-27 20:00:01.997 [0000] <INFO> Reloading channel peer1.ipv4 for import
bird: 2026-07-27 20:00:01.997 [0000] <DBG> peer1.ipv4: reloading
bird: 2026-07-27 20:00:01.997 [0000] <INFO> Reloading channel peer1.ipv4 for export
bird: 2026-07-27 20:00:01.997 [0000] <INFO> Reloading channel peer2.ipv4 for import
bird: 2026-07-27 20:00:01.997 [0000] <DBG> peer2.ipv4: reloading
bird: 2026-07-27 20:00:01.997 [0000] <INFO> Reloading channel peer2.ipv4 for export
bird: 2026-07-27 20:00:01.997 [0000] <INFO> Reloading channel peer3.ipv4 for import
bird: 2026-07-27 20:00:01.997 [0000] <DBG> peer3.ipv4: reloading
bird: 2026-07-27 20:00:01.997 [0000] <INFO> Reloading channel peer3.ipv4 for export
bird: 2026-07-27 20:00:01.997 [0000] <INFO> Reloading channel peer4.ipv4 for import
bird: 2026-07-27 20:00:01.997 [0000] <DBG> peer4.ipv4: reloading
bird: 2026-07-27 20:00:01.997 [0000] <INFO> Reloading channel peer4.ipv4 for export
bird: 2026-07-27 20:00:01.997 [0000] <INFO> Reloading channel peer5.ipv4 for import
bird: 2026-07-27 20:00:01.997 [0000] <DBG> peer5.ipv4: reloading
bird: 2026-07-27 20:00:01.997 [0000] <INFO> Reloading channel peer5.ipv4 for export
bird: 2026-07-27 20:00:01.997 [0000] <INFO> Reloading channel peer6.ipv4 for import
bird: 2026-07-27 20:00:01.997 [0000] <DBG> peer6.ipv4: reloading
bird: 2026-07-27 20:00:01.997 [0000] <INFO> Reloading channel peer6.ipv4 for export
bird: 2026-07-27 20:00:01.997 [0000] <INFO> Reloading channel peer7.ipv4 for import
bird: 2026-07-27 20:00:01.997 [0000] <DBG> peer7.ipv4: reloading
bird: 2026-07-27 20:00:01.997 [0000] <INFO> Reloading channel peer7.ipv4 for export
bird: 2026-07-27 20:00:01.997 [0000] <INFO> Reloading channel peer8.ipv4 for import
bird: 2026-07-27 20:00:01.997 [0000] <DBG> peer8.ipv4: reloading
bird: 2026-07-27 20:00:01.997 [0000] <INFO> Reloading channel peer8.ipv4 for export
bird: 2026-07-27 20:00:01.997 [0000] <INFO> Reloading channel peer9.ipv4 for import
bird: 2026-07-27 20:00:01.997 [0000] <DBG> peer9.ipv4: reloading
bird: 2026-07-27 20:00:01.997 [0000] <INFO> Reloading channel peer9.ipv4 for export
bird: 2026-07-27 20:00:01.997 [0000] <INFO> Reloading channel peer10.ipv4 for import
bird: 2026-07-27 20:00:01.997 [0000] <DBG> peer10.ipv4: reloading
bird: 2026-07-27 20:00:01.998 [0000] <INFO> Reloading channel peer10.ipv4 for export
bird: 2026-07-27 20:00:01.998 [0000] <INFO> Reloading channel peer11.ipv4 for import
bird: 2026-07-27 20:00:01.998 [0000] <DBG> peer11.ipv4: reloading
bird: 2026-07-27 20:00:01.998 [0000] <INFO> Reloading channel peer11.ipv4 for export
bird: 2026-07-27 20:00:01.998 [0000] <INFO> Reloading channel peer12.ipv4 for import
bird: 2026-07-27 20:00:01.998 [0000] <DBG> peer12.ipv4: reloading
bird: 2026-07-27 20:00:01.998 [0000] <INFO> Reloading channel peer12.ipv4 for export
bird: 2026-07-27 20:00:01.998 [0000] <INFO> Reloading channel peer13.ipv4 for import
bird: 2026-07-27 20:00:01.998 [0000] <DBG> peer13.ipv4: reloading
bird: 2026-07-27 20:00:01.998 [0000] <INFO> Reloading channel peer13.ipv4 for export
bird: 2026-07-27 20:00:01.998 [0000] <INFO> Reloading channel peer14.ipv4 for import
bird: 2026-07-27 20:00:01.998 [0000] <DBG> peer14.ipv4: reloading
bird: 2026-07-27 20:00:01.998 [0000] <INFO> Reloading channel peer14.ipv4 for export
bird: 2026-07-27 20:00:01.998 [0000] <INFO> Reloading channel peer15.ipv4 for import
bird: 2026-07-27 20:00:01.998 [0000] <DBG> peer15.ipv4: reloading
bird: 2026-07-27 20:00:01.998 [0000] <INFO> Reloading channel peer15.ipv4 for export
bird: 2026-07-27 20:00:01.998 [0000] <INFO> Reloading channel peer16.ipv4 for import
bird: 2026-07-27 20:00:01.998 [0000] <DBG> peer16.ipv4: reloading
bird: 2026-07-27 20:00:01.998 [0000] <INFO> Reloading channel peer16.ipv4 for export
bird: 2026-07-27 20:00:01.998 [0000] <INFO> Reloading channel peer17.ipv4 for import
bird: 2026-07-27 20:00:01.998 [0000] <DBG> peer17.ipv4: reloading
bird: 2026-07-27 20:00:01.998 [0000] <INFO> Reloading channel peer17.ipv4 for export
bird: 2026-07-27 20:00:01.998 [0000] <INFO> Reloading channel peer18.ipv4 for import
bird: 2026-07-27 20:00:01.998 [0000] <DBG> peer18.ipv4: reloading
bird: 2026-07-27 20:00:01.998 [0000] <INFO> Reloading channel peer18.ipv4 for export
bird: 2026-07-27 20:00:01.998 [0000] <INFO> Reloading channel peer19.ipv4 for import
bird: 2026-07-27 20:00:01.998 [0000] <DBG> peer19.ipv4: reloading
bird: 2026-07-27 20:00:01.998 [0000] <INFO> Reloading channel peer19.ipv4 for export
bird: 2026-07-27 20:00:01.998 [0000] <INFO> Reloading channel peer20.ipv4 for import
bird: 2026-07-27 20:00:01.998 [0000] <DBG> peer20.ipv4: reloading
bird: 2026-07-27 20:00:01.998 [0000] <INFO> Reloading channel peer20.ipv4 for export
bird: 2026-07-27 20:00:01.998 [0000] <INFO> Reloading channel peer21.ipv4 for import
bird: 2026-07-27 20:00:01.998 [0000] <DBG> peer21.ipv4: reloading
bird: 2026-07-27 20:00:01.998 [0000] <INFO> Reloading channel peer21.ipv4 for export
bird: 2026-07-27 20:00:01.998 [0000] <INFO> Reloading channel peer22.ipv4 for import
bird: 2026-07-27 20:00:01.998 [0000] <DBG> peer22.ipv4: reloading
bird: 2026-07-27 20:00:01.998 [0000] <INFO> Reloading channel peer22.ipv4 for export
bird: 2026-07-27 20:00:01.998 [0000] <INFO> Reloading channel peer23.ipv4 for import
bird: 2026-07-27 20:00:01.998 [0000] <DBG> peer23.ipv4: reloading
bird: 2026-07-27 20:00:01.998 [0000] <INFO> Reloading channel peer23.ipv4 for export
bird: 2026-07-27 20:00:01.998 [0000] <INFO> Reloading channel peer24.ipv4 for import
bird: 2026-07-27 20:00:01.998 [0000] <DBG> peer24.ipv4: reloading
bird: 2026-07-27 20:00:01.998 [0000] <INFO> Reloading channel peer24.ipv4 for export
bird: 2026-07-27 20:00:01.998 [0000] <INFO> Reloading channel peer25.ipv4 for import
bird: 2026-07-27 20:00:01.998 [0000] <DBG> peer25.ipv4: reloading
bird: 2026-07-27 20:00:01.998 [0000] <INFO> Reloading channel peer25.ipv4 for export
bird: 2026-07-27 20:00:01.998 [0000] <INFO> Reloading channel peer26.ipv4 for import
bird: 2026-07-27 20:00:01.998 [0000] <DBG> peer26.ipv4: reloading
bird: 2026-07-27 20:00:01.998 [0000] <INFO> Reloading channel peer26.ipv4 for export
bird: 2026-07-27 20:00:01.998 [0000] <INFO> Reloading channel peer27.ipv4 for import
bird: 2026-07-27 20:00:01.998 [0000] <DBG> peer27.ipv4: reloading
bird: 2026-07-27 20:00:01.998 [0000] <INFO> Reloading channel peer27.ipv4 for export
bird: 2026-07-27 20:00:01.998 [0000] <INFO> Reloading channel peer28.ipv4 for import
bird: 2026-07-27 20:00:01.998 [0000] <DBG> peer28.ipv4: reloading
bird: 2026-07-27 20:00:01.998 [0000] <INFO> Reloading channel peer28.ipv4 for export
bird: 2026-07-27 20:00:01.998 [0000] <INFO> Reloading channel peer29.ipv4 for import
bird: 2026-07-27 20:00:01.998 [0000] <DBG> peer29.ipv4: reloading
bird: 2026-07-27 20:00:01.998 [0000] <INFO> Reloading channel peer29.ipv4 for export
bird: 2026-07-27 20:00:01.998 [0000] <INFO> Reloading channel peer30.ipv4 for import
bird: 2026-07-27 20:00:01.998 [0000] <DBG> peer30.ipv4: reloading
bird: 2026-07-27 20:00:01.998 [0000] <INFO> Reloading channel peer30.ipv4 for export
bird: 2026-07-27 20:00:01.998 [0000] <INFO> Reloading channel peer31.ipv4 for import
bird: 2026-07-27 20:00:01.998 [0000] <DBG> peer31.ipv4: reloading
bird: 2026-07-27 20:00:01.998 [0000] <INFO> Reloading channel peer31.ipv4 for export
bird: 2026-07-27 20:00:01.998 [0000] <INFO> Reloading channel peer32.ipv4 for import
bird: 2026-07-27 20:00:01.998 [0000] <DBG> peer32.ipv4: reloading
bird: 2026-07-27 20:00:01.998 [0000] <INFO> Reloading channel peer32.ipv4 for export
bird: 2026-07-27 20:00:01.998 [0000] <INFO> Reloading channel peer33.ipv4 for import
bird: 2026-07-27 20:00:01.998 [0000] <DBG> peer33.ipv4: reloading
bird: 2026-07-27 20:00:01.998 [0000] <INFO> Reloading channel peer33.ipv4 for export
bird: 2026-07-27 20:00:01.998 [0000] <INFO> Reloading channel peer34.ipv4 for import
bird: 2026-07-27 20:00:01.998 [0000] <DBG> peer34.ipv4: reloading
bird: 2026-07-27 20:00:01.998 [0000] <INFO> Reloading channel peer34.ipv4 for export
bird: 2026-07-27 20:00:01.998 [0000] <INFO> Reloading channel peer35.ipv4 for import
bird: 2026-07-27 20:00:01.998 [0000] <DBG> peer35.ipv4: reloading
bird: 2026-07-27 20:00:01.998 [0000] <INFO> Reloading channel peer35.ipv4 for export
bird: 2026-07-27 20:00:01.998 [0000] <INFO> Reloading channel peer36.ipv4 for import
bird: 2026-07-27 20:00:01.998 [0000] <DBG> peer36.ipv4: reloading
bird: 2026-07-27 20:00:01.998 [0000] <INFO> Reloading channel peer36.ipv4 for export
bird: 2026-07-27 20:00:01.998 [0000] <INFO> Reloading channel peer37.ipv4 for import
bird: 2026-07-27 20:00:01.998 [0000] <DBG> peer37.ipv4: reloading
bird: 2026-07-27 20:00:01.998 [0000] <INFO> Reloading channel peer37.ipv4 for export
bird: 2026-07-27 20:00:01.998 [0000] <INFO> Reloading channel peer38.ipv4 for import
bird: 2026-07-27 20:00:01.998 [0000] <DBG> peer38.ipv4: reloading
bird: 2026-07-27 20:00:01.998 [0000] <INFO> Reloading channel peer38.ipv4 for export
bird: 2026-07-27 20:00:01.998 [0000] <INFO> Reloading channel peer39.ipv4 for import
bird: 2026-07-27 20:00:01.998 [0000] <DBG> peer39.ipv4: reloading
bird: 2026-07-27 20:00:01.998 [0000] <INFO> Reloading channel peer39.ipv4 for export
bird: 2026-07-27 20:00:01.998 [0000] <INFO> Reloading channel peer40.ipv4 for import
bird: 2026-07-27 20:00:01.998 [0000] <DBG> peer40.ipv4: reloading
bird: 2026-07-27 20:00:01.998 [0000] <INFO> Reloading channel peer40.ipv4 for export
bird: 2026-07-27 20:00:01.998 [0000] <INFO> Reloading channel peer41.ipv4 for import
bird: 2026-07-27 20:00:01.998 [0000] <DBG> peer41.ipv4: reloading
bird: 2026-07-27 20:00:01.998 [0000] <INFO> Reloading channel peer41.ipv4 for export
bird: 2026-07-27 20:00:01.998 [0000] <INFO> Reloading channel peer42.ipv4 for import
bird: 2026-07-27 20:00:01.998 [0000] <DBG> peer42.ipv4: reloading
bird: 2026-07-27 20:00:01.998 [0000] <INFO> Reloading channel peer42.ipv4 for export
bird: 2026-07-27 20:00:01.998 [0000] <INFO> Reloading channel peer43.ipv4 for import
bird: 2026-07-27 20:00:01.998 [0000] <DBG> peer43.ipv4: reloading
bird: 2026-07-27 20:00:01.998 [0000] <INFO> Reloading channel peer43.ipv4 for export
bird: 2026-07-27 20:00:01.998 [0000] <INFO> Reloading channel peer44.ipv4 for import
bird: 2026-07-27 20:00:01.998 [0000] <DBG> peer44.ipv4: reloading
bird: 2026-07-27 20:00:01.998 [0000] <INFO> Reloading channel peer44.ipv4 for export
bird: 2026-07-27 20:00:01.998 [0000] <INFO> Reloading channel peer45.ipv4 for import
bird: 2026-07-27 20:00:01.998 [0000] <DBG> peer45.ipv4: reloading
bird: 2026-07-27 20:00:01.998 [0000] <INFO> Reloading channel peer45.ipv4 for export
bird: 2026-07-27 20:00:01.998 [0000] <INFO> Reloading channel peer46.ipv4 for import
bird: 2026-07-27 20:00:01.998 [0000] <DBG> peer46.ipv4: reloading
bird: 2026-07-27 20:00:01.998 [0000] <INFO> Reloading channel peer46.ipv4 for export
bird: 2026-07-27 20:00:01.998 [0000] <INFO> Reloading channel peer47.ipv4 for import
bird: 2026-07-27 20:00:01.998 [0000] <DBG> peer47.ipv4: reloading
bird: 2026-07-27 20:00:01.998 [0000] <INFO> Reloading channel peer47.ipv4 for export
bird: 2026-07-27 20:00:01.998 [0000] <INFO> Reloading channel peer48.ipv4 for import
bird: 2026-07-27 20:00:01.998 [0000] <DBG> peer48.ipv4: reloading
bird: 2026-07-27 20:00:01.998 [0000] <INFO> Reloading channel peer48.ipv4 for export
bird: 2026-07-27 20:00:01.998 [0000] <INFO> Reloading channel peer49.ipv4 for import
bird: 2026-07-27 20:00:01.998 [0000] <DBG> peer49.ipv4: reloading
bird: 2026-07-27 20:00:01.998 [0000] <INFO> Reloading channel peer49.ipv4 for export
bird: 2026-07-27 20:00:01.998 [0000] <INFO> Reloading channel peer50.ipv4 for import
bird: 2026-07-27 20:00:01.998 [0000] <DBG> peer50.ipv4: reloading
bird: 2026-07-27 20:00:01.998 [0000] <INFO> Reloading channel peer50.ipv4 for export
bird: 2026-07-27 20:00:01.998 [0000] <INFO> Reloading channel peer51.ipv4 for import
bird: 2026-07-27 20:00:01.998 [0000] <DBG> peer51.ipv4: reloading
bird: 2026-07-27 20:00:01.998 [0000] <INFO> Reloading channel peer51.ipv4 for export
bird: 2026-07-27 20:00:01.998 [0000] <INFO> Reloading channel peer52.ipv4 for import
bird: 2026-07-27 20:00:01.998 [0000] <DBG> peer52.ipv4: reloading
bird: 2026-07-27 20:00:01.998 [0000] <INFO> Reloading channel peer52.ipv4 for export
bird: 2026-07-27 20:00:01.998 [0000] <INFO> Reloading channel peer53.ipv4 for import
bird: 2026-07-27 20:00:01.998 [0000] <DBG> peer53.ipv4: reloading
bird: 2026-07-27 20:00:01.998 [0000] <INFO> Reloading channel peer53.ipv4 for export
bird: 2026-07-27 20:00:01.998 [0000] <INFO> Reloading channel peer54.ipv4 for import
bird: 2026-07-27 20:00:01.998 [0000] <DBG> peer54.ipv4: reloading
bird: 2026-07-27 20:00:01.998 [0000] <INFO> Reloading channel peer54.ipv4 for export
bird: 2026-07-27 20:00:01.998 [0000] <INFO> Reloading channel peer55.ipv4 for import
bird: 2026-07-27 20:00:01.998 [0000] <DBG> peer55.ipv4: reloading
bird: 2026-07-27 20:00:01.998 [0000] <INFO> Reloading channel peer55.ipv4 for export
bird: 2026-07-27 20:00:01.998 [0000] <INFO> Reloading channel peer56.ipv4 for import
bird: 2026-07-27 20:00:01.998 [0000] <DBG> peer56.ipv4: reloading
bird: 2026-07-27 20:00:01.998 [0000] <INFO> Reloading channel peer56.ipv4 for export
bird: 2026-07-27 20:00:01.998 [0000] <INFO> Reloading channel peer57.ipv4 for import
bird: 2026-07-27 20:00:01.998 [0000] <DBG> peer57.ipv4: reloading
bird: 2026-07-27 20:00:01.998 [0000] <INFO> Reloading channel peer57.ipv4 for export
bird: 2026-07-27 20:00:01.998 [0000] <INFO> Reloading channel peer58.ipv4 for import
bird: 2026-07-27 20:00:01.998 [0000] <DBG> peer58.ipv4: reloading
bird: 2026-07-27 20:00:01.998 [0000] <INFO> Reloading channel peer58.ipv4 for export
bird: 2026-07-27 20:00:01.998 [0000] <INFO> Reloading channel peer59.ipv4 for import
bird: 2026-07-27 20:00:01.998 [0000] <DBG> peer59.ipv4: reloading
bird: 2026-07-27 20:00:01.998 [0000] <INFO> Reloading channel peer59.ipv4 for export
bird: 2026-07-27 20:00:01.998 [0000] <INFO> Reloading channel peer60.ipv4 for import
bird: 2026-07-27 20:00:01.998 [0000] <DBG> peer60.ipv4: reloading
bird: 2026-07-27 20:00:01.998 [0000] <INFO> Reloading channel peer60.ipv4 for export
bird: 2026-07-27 20:00:01.998 [0000] <INFO> Reloading channel peer61.ipv4 for import
bird: 2026-07-27 20:00:01.998 [0000] <DBG> peer61.ipv4: reloading
bird: 2026-07-27 20:00:01.998 [0000] <INFO> Reloading channel peer61.ipv4 for export
bird: 2026-07-27 20:00:01.998 [0000] <INFO> Reloading channel peer62.ipv4 for import
bird: 2026-07-27 20:00:01.998 [0000] <DBG> peer62.ipv4: reloading
bird: 2026-07-27 20:00:01.998 [0000] <INFO> Reloading channel peer62.ipv4 for export
bird: 2026-07-27 20:00:01.998 [0000] <INFO> Reloading channel peer63.ipv4 for import
bird: 2026-07-27 20:00:01.998 [0000] <DBG> peer63.ipv4: reloading
bird: 2026-07-27 20:00:01.998 [0000] <INFO> Reloading channel peer63.ipv4 for export
bird: 2026-07-27 20:00:01.998 [0000] <INFO> Reloading channel peer64.ipv4 for import
bird: 2026-07-27 20:00:01.998 [0000] <DBG> peer64.ipv4: reloading
bird: 2026-07-27 20:00:01.998 [0000] <INFO> Reloading channel peer64.ipv4 for export
bird: 2026-07-27 20:00:01.998 [0000] <INFO> Reloading channel peer65.ipv4 for import
bird: 2026-07-27 20:00:01.998 [0000] <DBG> peer65.ipv4: reloading
bird: 2026-07-27 20:00:01.998 [0000] <INFO> Reloading channel peer65.ipv4 for export
bird: 2026-07-27 20:00:01.998 [0000] <INFO> Reloading channel peer66.ipv4 for import
bird: 2026-07-27 20:00:01.998 [0000] <DBG> peer66.ipv4: reloading
bird: 2026-07-27 20:00:01.998 [0000] <INFO> Reloading channel peer66.ipv4 for export
bird: 2026-07-27 20:00:01.998 [0000] <INFO> Reloading channel peer67.ipv4 for import
bird: 2026-07-27 20:00:01.998 [0000] <DBG> peer67.ipv4: reloading
bird: 2026-07-27 20:00:01.998 [0000] <INFO> Reloading channel peer67.ipv4 for export
bird: 2026-07-27 20:00:01.998 [0000] <INFO> Reloading channel peer68.ipv4 for import
bird: 2026-07-27 20:00:01.998 [0000] <DBG> peer68.ipv4: reloading
bird: 2026-07-27 20:00:01.998 [0000] <INFO> Reloading channel peer68.ipv4 for export
bird: 2026-07-27 20:00:01.998 [0000] <INFO> Reloading channel peer69.ipv4 for import
bird: 2026-07-27 20:00:01.998 [0000] <DBG> peer69.ipv4: reloading
bird: 2026-07-27 20:00:01.998 [0000] <INFO> Reloading channel peer69.ipv4 for export
bird: 2026-07-27 20:00:01.998 [0000] <INFO> Reloading channel peer70.ipv4 for import
bird: 2026-07-27 20:00:01.998 [0000] <DBG> peer70.ipv4: reloading
bird: 2026-07-27 20:00:01.998 [0000] <INFO> Reloading channel peer70.ipv4 for export
bird: 2026-07-27 20:00:01.998 [0000] <INFO> Reloading channel peer71.ipv4 for import
bird: 2026-07-27 20:00:01.998 [0000] <DBG> peer71.ipv4: reloading
bird: 2026-07-27 20:00:01.998 [0000] <INFO> Reloading channel peer71.ipv4 for export
bird: 2026-07-27 20:00:01.998 [0000] <INFO> Reloading channel peer72.ipv4 for import
bird: 2026-07-27 20:00:01.998 [0000] <DBG> peer72.ipv4: reloading
bird: 2026-07-27 20:00:01.998 [0000] <INFO> Reloading channel peer72.ipv4 for export
bird: 2026-07-27 20:00:01.998 [0000] <INFO> Reloading channel peer73.ipv4 for import
bird: 2026-07-27 20:00:01.998 [0000] <DBG> peer73.ipv4: reloading
bird: 2026-07-27 20:00:01.998 [0000] <INFO> Reloading channel peer73.ipv4 for export
bird: 2026-07-27 20:00:01.998 [0000] <INFO> Reloading channel peer74.ipv4 for import
bird: 2026-07-27 20:00:01.998 [0000] <DBG> peer74.ipv4: reloading
bird: 2026-07-27 20:00:01.998 [0000] <INFO> Reloading channel peer74.ipv4 for export
bird: 2026-07-27 20:00:01.998 [0000] <INFO> Reloading channel peer75.ipv4 for import
bird: 2026-07-27 20:00:01.998 [0000] <DBG> peer75.ipv4: reloading
bird: 2026-07-27 20:00:01.998 [0000] <INFO> Reloading channel peer75.ipv4 for export
bird: 2026-07-27 20:00:01.998 [0000] <INFO> Reloading channel peer76.ipv4 for import
bird: 2026-07-27 20:00:01.998 [0000] <DBG> peer76.ipv4: reloading
bird: 2026-07-27 20:00:01.998 [0000] <INFO> Reloading channel peer76.ipv4 for export
bird: 2026-07-27 20:00:01.998 [0000] <INFO> Reloading channel peer77.ipv4 for import
bird: 2026-07-27 20:00:01.998 [0000] <DBG> peer77.ipv4: reloading
bird: 2026-07-27 20:00:01.998 [0000] <INFO> Reloading channel peer77.ipv4 for export
bird: 2026-07-27 20:00:01.998 [0000] <INFO> Reloading channel peer78.ipv4 for import
bird: 2026-07-27 20:00:01.998 [0000] <DBG> peer78.ipv4: reloading
bird: 2026-07-27 20:00:01.998 [0000] <INFO> Reloading channel peer78.ipv4 for export
bird: 2026-07-27 20:00:01.998 [0000] <INFO> Reloading channel peer79.ipv4 for import
bird: 2026-07-27 20:00:01.998 [0000] <DBG> peer79.ipv4: reloading
bird: 2026-07-27 20:00:01.998 [0000] <INFO> Reloading channel peer79.ipv4 for export
bird: 2026-07-27 20:00:01.998 [0000] <INFO> Reloading channel peer80.ipv4 for import
bird: 2026-07-27 20:00:01.998 [0000] <DBG> peer80.ipv4: reloading
bird: 2026-07-27 20:00:01.998 [0000] <INFO> Reloading channel peer80.ipv4 for export
bird: 2026-07-27 20:00:01.998 [0000] <INFO> Reloading channel peer81.ipv4 for import
bird: 2026-07-27 20:00:01.998 [0000] <DBG> peer81.ipv4: reloading
bird: 2026-07-27 20:00:01.998 [0000] <INFO> Reloading channel peer81.ipv4 for export
bird: 2026-07-27 20:00:01.998 [0000] <INFO> Reloading channel peer82.ipv4 for import
bird: 2026-07-27 20:00:01.998 [0000] <DBG> peer82.ipv4: reloading
bird: 2026-07-27 20:00:01.998 [0000] <INFO> Reloading channel peer82.ipv4 for export
bird: 2026-07-27 20:00:01.998 [0000] <INFO> Reloading channel peer83.ipv4 for import
bird: 2026-07-27 20:00:01.998 [0000] <DBG> peer83.ipv4: reloading
bird: 2026-07-27 20:00:01.998 [0000] <INFO> Reloading channel peer83.ipv4 for export
bird: 2026-07-27 20:00:01.998 [0000] <INFO> Reloading channel peer84.ipv4 for import
bird: 2026-07-27 20:00:01.998 [0000] <DBG> peer84.ipv4: reloading
bird: 2026-07-27 20:00:01.998 [0000] <INFO> Reloading channel peer84.ipv4 for export
bird: 2026-07-27 20:00:01.998 [0000] <INFO> Reloading channel peer85.ipv4 for import
bird: 2026-07-27 20:00:01.998 [0000] <DBG> peer85.ipv4: reloading
bird: 2026-07-27 20:00:01.998 [0000] <INFO> Reloading channel peer85.ipv4 for export
bird: 2026-07-27 20:00:01.998 [0000] <INFO> Reloading channel peer86.ipv4 for import
bird: 2026-07-27 20:00:01.998 [0000] <DBG> peer86.ipv4: reloading
bird: 2026-07-27 20:00:01.998 [0000] <INFO> Reloading channel peer86.ipv4 for export
bird: 2026-07-27 20:00:01.998 [0000] <INFO> Reloading channel peer87.ipv4 for import
bird: 2026-07-27 20:00:01.998 [0000] <DBG> peer87.ipv4: reloading
bird: 2026-07-27 20:00:01.998 [0000] <INFO> Reloading channel peer87.ipv4 for export
bird: 2026-07-27 20:00:01.998 [0000] <INFO> Reloading channel peer88.ipv4 for import
bird: 2026-07-27 20:00:01.998 [0000] <DBG> peer88.ipv4: reloading
bird: 2026-07-27 20:00:01.998 [0000] <INFO> Reloading channel peer88.ipv4 for export
bird: 2026-07-27 20:00:01.998 [0000] <INFO> Reloading channel peer89.ipv4 for import
bird: 2026-07-27 20:00:01.998 [0000] <DBG> peer89.ipv4: reloading
bird: 2026-07-27 20:00:01.998 [0000] <INFO> Reloading channel peer89.ipv4 for export
bird: 2026-07-27 20:00:01.998 [0000] <INFO> Reloading channel peer90.ipv4 for import
bird: 2026-07-27 20:00:01.998 [0000] <DBG> peer90.ipv4: reloading
bird: 2026-07-27 20:00:01.998 [0000] <INFO> Reloading channel peer90.ipv4 for export
bird: 2026-07-27 20:00:01.998 [0000] <INFO> Reloading channel peer91.ipv4 for import
bird: 2026-07-27 20:00:01.998 [0000] <DBG> peer91.ipv4: reloading
bird: 2026-07-27 20:00:01.998 [0000] <INFO> Reloading channel peer91.ipv4 for export
bird: 2026-07-27 20:00:01.998 [0000] <INFO> Reloading channel peer92.ipv4 for import
bird: 2026-07-27 20:00:01.998 [0000] <DBG> peer92.ipv4: reloading
bird: 2026-07-27 20:00:01.998 [0000] <INFO> Reloading channel peer92.ipv4 for export
bird: 2026-07-27 20:00:01.998 [0000] <INFO> Reloading channel peer93.ipv4 for import
bird: 2026-07-27 20:00:01.998 [0000] <DBG> peer93.ipv4: reloading
bird: 2026-07-27 20:00:01.998 [0000] <INFO> Reloading channel peer93.ipv4 for export
bird: 2026-07-27 20:00:01.998 [0000] <INFO> Reloading channel peer94.ipv4 for import
bird: 2026-07-27 20:00:01.998 [0000] <DBG> peer94.ipv4: reloading
bird: 2026-07-27 20:00:01.998 [0000] <INFO> Reloading channel peer94.ipv4 for export
bird: 2026-07-27 20:00:01.998 [0000] <INFO> Reloading channel peer95.ipv4 for import
bird: 2026-07-27 20:00:01.998 [0000] <DBG> peer95.ipv4: reloading
bird: 2026-07-27 20:00:01.998 [0000] <INFO> Reloading channel peer95.ipv4 for export
bird: 2026-07-27 20:00:01.998 [0000] <INFO> Reloading channel peer96.ipv4 for import
bird: 2026-07-27 20:00:01.998 [0000] <DBG> peer96.ipv4: reloading
bird: 2026-07-27 20:00:01.998 [0000] <INFO> Reloading channel peer96.ipv4 for export
bird: 2026-07-27 20:00:01.998 [0000] <INFO> Reloading channel peer97.ipv4 for import
bird: 2026-07-27 20:00:01.998 [0000] <DBG> peer97.ipv4: reloading
bird: 2026-07-27 20:00:01.998 [0000] <INFO> Reloading channel peer97.ipv4 for export
bird: 2026-07-27 20:00:01.998 [0000] <INFO> Reloading channel peer98.ipv4 for import
bird: 2026-07-27 20:00:01.998 [0000] <DBG> peer98.ipv4: reloading
bird: 2026-07-27 20:00:01.998 [0000] <INFO> Reloading channel peer98.ipv4 for export
bird: 2026-07-27 20:00:01.998 [0000] <INFO> Reloading channel peer99.ipv4 for import
bird: 2026-07-27 20:00:01.998 [0000] <DBG> peer99.ipv4: reloading
bird: 2026-07-27 20:00:01.998 [0000] <INFO> Reloading channel peer99.ipv4 for export
bird: 2026-07-27 20:00:01.998 [0000] <INFO> Reloading channel peer100.ipv4 for import
bird: 2026-07-27 20:00:01.998 [0000] <DBG> peer100.ipv4: reloading
bird: 2026-07-27 20:00:01.998 [0000] <INFO> Reloading channel peer100.ipv4 for export
bird: 2026-07-27 20:00:01.998 [0000] <INFO> Reloading channel peer101.ipv4 for import
bird: 2026-07-27 20:00:01.998 [0000] <DBG> peer101.ipv4: reloading
bird: 2026-07-27 20:00:01.998 [0000] <INFO> Reloading channel peer101.ipv4 for export
bird: 2026-07-27 20:00:01.998 [0000] <INFO> Reloading channel peer102.ipv4 for import
bird: 2026-07-27 20:00:01.998 [0000] <DBG> peer102.ipv4: reloading
bird: 2026-07-27 20:00:01.998 [0000] <INFO> Reloading channel peer102.ipv4 for export
bird: 2026-07-27 20:00:01.998 [0000] <INFO> Reloading channel peer103.ipv4 for import
bird: 2026-07-27 20:00:01.998 [0000] <DBG> peer103.ipv4: reloading
bird: 2026-07-27 20:00:01.998 [0000] <INFO> Reloading channel peer103.ipv4 for export
bird: 2026-07-27 20:00:01.998 [0000] <INFO> Reloading channel peer104.ipv4 for import
bird: 2026-07-27 20:00:01.998 [0000] <DBG> peer104.ipv4: reloading
bird: 2026-07-27 20:00:01.998 [0000] <INFO> Reloading channel peer104.ipv4 for export
bird: 2026-07-27 20:00:01.998 [0000] <INFO> Reloading channel peer105.ipv4 for import
bird: 2026-07-27 20:00:01.998 [0000] <DBG> peer105.ipv4: reloading
bird: 2026-07-27 20:00:01.998 [0000] <INFO> Reloading channel peer105.ipv4 for export
bird: 2026-07-27 20:00:01.998 [0000] <INFO> Reloading channel peer106.ipv4 for import
bird: 2026-07-27 20:00:01.998 [0000] <DBG> peer106.ipv4: reloading
bird: 2026-07-27 20:00:01.998 [0000] <INFO> Reloading channel peer106.ipv4 for export
bird: 2026-07-27 20:00:01.998 [0000] <INFO> Reloading channel peer107.ipv4 for import
bird: 2026-07-27 20:00:01.998 [0000] <DBG> peer107.ipv4: reloading
bird: 2026-07-27 20:00:01.998 [0000] <INFO> Reloading channel peer107.ipv4 for export
bird: 2026-07-27 20:00:01.998 [0000] <INFO> Reloading channel peer108.ipv4 for import
bird: 2026-07-27 20:00:01.998 [0000] <DBG> peer108.ipv4: reloading
bird: 2026-07-27 20:00:01.998 [0000] <INFO> Reloading channel peer108.ipv4 for export
bird: 2026-07-27 20:00:01.998 [0000] <INFO> Reloading channel peer109.ipv4 for import
bird: 2026-07-27 20:00:01.998 [0000] <DBG> peer109.ipv4: reloading
bird: 2026-07-27 20:00:01.998 [0000] <INFO> Reloading channel peer109.ipv4 for export
bird: 2026-07-27 20:00:01.998 [0000] <INFO> Reloading channel peer110.ipv4 for import
bird: 2026-07-27 20:00:01.998 [0000] <DBG> peer110.ipv4: reloading
bird: 2026-07-27 20:00:01.998 [0000] <INFO> Reloading channel peer110.ipv4 for export
bird: 2026-07-27 20:00:01.998 [0000] <INFO> Reloading channel peer111.ipv4 for import
bird: 2026-07-27 20:00:01.998 [0000] <DBG> peer111.ipv4: reloading
bird: 2026-07-27 20:00:01.998 [0000] <INFO> Reloading channel peer111.ipv4 for export
bird: 2026-07-27 20:00:01.998 [0000] <INFO> Reloading channel peer112.ipv4 for import
bird: 2026-07-27 20:00:01.998 [0000] <DBG> peer112.ipv4: reloading
bird: 2026-07-27 20:00:01.998 [0000] <INFO> Reloading channel peer112.ipv4 for export
bird: 2026-07-27 20:00:01.998 [0000] <INFO> Reloading channel peer113.ipv4 for import
bird: 2026-07-27 20:00:01.998 [0000] <DBG> peer113.ipv4: reloading
bird: 2026-07-27 20:00:01.998 [0000] <INFO> Reloading channel peer113.ipv4 for export
bird: 2026-07-27 20:00:01.998 [0000] <INFO> Reloading channel peer114.ipv4 for import
bird: 2026-07-27 20:00:01.998 [0000] <DBG> peer114.ipv4: reloading
bird: 2026-07-27 20:00:01.998 [0000] <INFO> Reloading channel peer114.ipv4 for export
bird: 2026-07-27 20:00:01.998 [0000] <INFO> Reloading channel peer115.ipv4 for import
bird: 2026-07-27 20:00:01.998 [0000] <DBG> peer115.ipv4: reloading
bird: 2026-07-27 20:00:01.998 [0000] <INFO> Reloading channel peer115.ipv4 for export
bird: 2026-07-27 20:00:01.998 [0000] <INFO> Reloading channel peer116.ipv4 for import
bird: 2026-07-27 20:00:01.998 [0000] <DBG> peer116.ipv4: reloading
bird: 2026-07-27 20:00:01.998 [0000] <INFO> Reloading channel peer116.ipv4 for export
bird: 2026-07-27 20:00:01.998 [0000] <INFO> Reloading channel peer117.ipv4 for import
bird: 2026-07-27 20:00:01.998 [0000] <DBG> peer117.ipv4: reloading
bird: 2026-07-27 20:00:01.998 [0000] <INFO> Reloading channel peer117.ipv4 for export
bird: 2026-07-27 20:00:01.998 [0000] <INFO> Reloading channel peer118.ipv4 for import
bird: 2026-07-27 20:00:01.998 [0000] <DBG> peer118.ipv4: reloading
bird: 2026-07-27 20:00:01.998 [0000] <INFO> Reloading channel peer118.ipv4 for export
bird: 2026-07-27 20:00:01.998 [0000] <INFO> Reloading channel peer119.ipv4 for import
bird: 2026-07-27 20:00:01.998 [0000] <DBG> peer119.ipv4: reloading
bird: 2026-07-27 20:00:01.998 [0000] <INFO> Reloading channel peer119.ipv4 for export
bird: 2026-07-27 20:00:01.998 [0000] <INFO> Reloading channel peer120.ipv4 for import
bird: 2026-07-27 20:00:01.998 [0000] <DBG> peer120.ipv4: reloading
bird: 2026-07-27 20:00:01.998 [0000] <INFO> Reloading channel peer120.ipv4 for export
bird: 2026-07-27 20:00:01.998 [0000] <INFO> Reloading channel peer121.ipv4 for import
bird: 2026-07-27 20:00:01.998 [0000] <DBG> peer121.ipv4: reloading
bird: 2026-07-27 20:00:01.998 [0000] <INFO> Reloading channel peer121.ipv4 for export
bird: 2026-07-27 20:00:01.998 [0000] <INFO> Reloading channel peer122.ipv4 for import
bird: 2026-07-27 20:00:01.998 [0000] <DBG> peer122.ipv4: reloading
bird: 2026-07-27 20:00:01.998 [0000] <INFO> Reloading channel peer122.ipv4 for export
bird: 2026-07-27 20:00:01.998 [0000] <INFO> Reloading channel peer123.ipv4 for import
bird: 2026-07-27 20:00:01.998 [0000] <DBG> peer123.ipv4: reloading
bird: 2026-07-27 20:00:01.998 [0000] <INFO> Reloading channel peer123.ipv4 for export
bird: 2026-07-27 20:00:01.998 [0000] <INFO> Reloading channel peer124.ipv4 for import
bird: 2026-07-27 20:00:01.998 [0000] <DBG> peer124.ipv4: reloading
bird: 2026-07-27 20:00:01.998 [0000] <INFO> Reloading channel peer124.ipv4 for export
bird: 2026-07-27 20:00:01.998 [0000] <INFO> Reloading channel peer125.ipv4 for import
bird: 2026-07-27 20:00:01.998 [0000] <DBG> peer125.ipv4: reloading
bird: 2026-07-27 20:00:01.998 [0000] <INFO> Reloading channel peer125.ipv4 for export
bird: 2026-07-27 20:00:01.998 [0000] <INFO> Reloading channel peer126.ipv4 for import
bird: 2026-07-27 20:00:01.998 [0000] <DBG> peer126.ipv4: reloading
bird: 2026-07-27 20:00:01.998 [0000] <INFO> Reloading channel peer126.ipv4 for export
bird: 2026-07-27 20:00:01.998 [0000] <INFO> Reloading channel peer127.ipv4 for import
bird: 2026-07-27 20:00:01.998 [0000] <DBG> peer127.ipv4: reloading
bird: 2026-07-27 20:00:01.998 [0000] <INFO> Reloading channel peer127.ipv4 for export
bird: 2026-07-27 20:00:01.998 [0000] <INFO> Reloading channel peer128.ipv4 for import
bird: 2026-07-27 20:00:01.998 [0000] <DBG> peer128.ipv4: reloading
bird: 2026-07-27 20:00:01.998 [0000] <INFO> Reloading channel peer128.ipv4 for export
bird: 2026-07-27 20:00:01.998 [0000] <INFO> Reloading channel peer129.ipv4 for import
bird: 2026-07-27 20:00:01.998 [0000] <DBG> peer129.ipv4: reloading
bird: 2026-07-27 20:00:01.998 [0000] <INFO> Reloading channel peer129.ipv4 for export
bird: 2026-07-27 20:00:01.998 [0000] <INFO> Reloading channel peer130.ipv4 for import
bird: 2026-07-27 20:00:01.998 [0000] <DBG> peer130.ipv4: reloading
bird: 2026-07-27 20:00:01.998 [0000] <INFO> Reloading channel peer130.ipv4 for export
bird: 2026-07-27 20:00:01.998 [0000] <INFO> Reloading channel peer131.ipv4 for import
bird: 2026-07-27 20:00:01.998 [0000] <DBG> peer131.ipv4: reloading
bird: 2026-07-27 20:00:01.998 [0000] <INFO> Reloading channel peer131.ipv4 for export
bird: 2026-07-27 20:00:01.998 [0000] <INFO> Reloading channel peer132.ipv4 for import
bird: 2026-07-27 20:00:01.998 [0000] <DBG> peer132.ipv4: reloading
bird: 2026-07-27 20:00:01.998 [0000] <INFO> Reloading channel peer132.ipv4 for export
bird: 2026-07-27 20:00:01.998 [0000] <INFO> Reloading channel peer133.ipv4 for import
bird: 2026-07-27 20:00:01.998 [0000] <DBG> peer133.ipv4: reloading
bird: 2026-07-27 20:00:01.998 [0000] <INFO> Reloading channel peer133.ipv4 for export
bird: 2026-07-27 20:00:01.998 [0000] <INFO> Reloading channel peer134.ipv4 for import
bird: 2026-07-27 20:00:01.998 [0000] <DBG> peer134.ipv4: reloading
bird: 2026-07-27 20:00:01.998 [0000] <INFO> Reloading channel peer134.ipv4 for export
bird: 2026-07-27 20:00:01.998 [0000] <INFO> Reloading channel peer135.ipv4 for import
bird: 2026-07-27 20:00:01.998 [0000] <DBG> peer135.ipv4: reloading
bird: 2026-07-27 20:00:01.998 [0000] <INFO> Reloading channel peer135.ipv4 for export
bird: 2026-07-27 20:00:01.998 [0000] <INFO> Reloading channel peer136.ipv4 for import
bird: 2026-07-27 20:00:01.998 [0000] <DBG> peer136.ipv4: reloading
bird: 2026-07-27 20:00:01.998 [0000] <INFO> Reloading channel peer136.ipv4 for export
bird: 2026-07-27 20:00:01.998 [0000] <INFO> Reloading channel peer137.ipv4 for import
bird: 2026-07-27 20:00:01.998 [0000] <DBG> peer137.ipv4: reloading
bird: 2026-07-27 20:00:01.998 [0000] <INFO> Reloading channel peer137.ipv4 for export
bird: 2026-07-27 20:00:01.998 [0000] <INFO> Reloading channel peer138.ipv4 for import
bird: 2026-07-27 20:00:01.998 [0000] <DBG> peer138.ipv4: reloading
bird: 2026-07-27 20:00:01.998 [0000] <INFO> Reloading channel peer138.ipv4 for export
bird: 2026-07-27 20:00:01.998 [0000] <INFO> Reloading channel peer139.ipv4 for import
bird: 2026-07-27 20:00:01.998 [0000] <DBG> peer139.ipv4: reloading
bird: 2026-07-27 20:00:01.998 [0000] <INFO> Reloading channel peer139.ipv4 for export
bird: 2026-07-27 20:00:01.998 [0000] <INFO> Reloading channel peer140.ipv4 for import
bird: 2026-07-27 20:00:01.998 [0000] <DBG> peer140.ipv4: reloading
bird: 2026-07-27 20:00:01.998 [0000] <INFO> Reloading channel peer140.ipv4 for export
bird: 2026-07-27 20:00:01.998 [0000] <INFO> Reloading channel peer141.ipv4 for import
bird: 2026-07-27 20:00:01.998 [0000] <DBG> peer141.ipv4: reloading
bird: 2026-07-27 20:00:01.998 [0000] <INFO> Reloading channel peer141.ipv4 for export
bird: 2026-07-27 20:00:01.998 [0000] <INFO> Reloading channel peer142.ipv4 for import
bird: 2026-07-27 20:00:01.998 [0000] <DBG> peer142.ipv4: reloading
bird: 2026-07-27 20:00:01.998 [0000] <INFO> Reloading channel peer142.ipv4 for export
bird: 2026-07-27 20:00:01.998 [0000] <INFO> Reloading channel peer143.ipv4 for import
bird: 2026-07-27 20:00:01.998 [0000] <DBG> peer143.ipv4: reloading
bird: 2026-07-27 20:00:01.998 [0000] <INFO> Reloading channel peer143.ipv4 for export
bird: 2026-07-27 20:00:01.998 [0000] <INFO> Reloading channel peer144.ipv4 for import
bird: 2026-07-27 20:00:01.998 [0000] <DBG> peer144.ipv4: reloading
bird: 2026-07-27 20:00:01.998 [0000] <INFO> Reloading channel peer144.ipv4 for export
bird: 2026-07-27 20:00:01.998 [0000] <INFO> Reloading channel peer145.ipv4 for import
bird: 2026-07-27 20:00:01.998 [0000] <DBG> peer145.ipv4: reloading
bird: 2026-07-27 20:00:01.998 [0000] <INFO> Reloading channel peer145.ipv4 for export
bird: 2026-07-27 20:00:01.998 [0000] <INFO> Reloading channel peer146.ipv4 for import
bird: 2026-07-27 20:00:01.998 [0000] <DBG> peer146.ipv4: reloading
bird: 2026-07-27 20:00:01.998 [0000] <INFO> Reloading channel peer146.ipv4 for export
bird: 2026-07-27 20:00:01.998 [0000] <INFO> Reloading channel peer147.ipv4 for import
bird: 2026-07-27 20:00:01.998 [0000] <DBG> peer147.ipv4: reloading
bird: 2026-07-27 20:00:01.998 [0000] <INFO> Reloading channel peer147.ipv4 for export
bird: 2026-07-27 20:00:01.998 [0000] <INFO> Reloading channel peer148.ipv4 for import
bird: 2026-07-27 20:00:01.998 [0000] <DBG> peer148.ipv4: reloading
bird: 2026-07-27 20:00:01.998 [0000] <INFO> Reloading channel peer148.ipv4 for export
bird: 2026-07-27 20:00:01.998 [0000] <INFO> Reloading channel peer149.ipv4 for import
bird: 2026-07-27 20:00:01.998 [0000] <DBG> peer149.ipv4: reloading
bird: 2026-07-27 20:00:01.998 [0000] <INFO> Reloading channel peer149.ipv4 for export
bird: 2026-07-27 20:00:01.998 [0000] <INFO> Reloading channel peer150.ipv4 for import
bird: 2026-07-27 20:00:01.998 [0000] <DBG> peer150.ipv4: reloading
bird: 2026-07-27 20:00:01.998 [0000] <INFO> Reloading channel peer150.ipv4 for export
bird: 2026-07-27 20:00:01.998 [0000] <INFO> Reloading channel peer151.ipv4 for import
bird: 2026-07-27 20:00:01.998 [0000] <DBG> peer151.ipv4: reloading
bird: 2026-07-27 20:00:01.998 [0000] <INFO> Reloading channel peer151.ipv4 for export
bird: 2026-07-27 20:00:01.998 [0000] <INFO> Reloading channel peer152.ipv4 for import
bird: 2026-07-27 20:00:01.998 [0000] <DBG> peer152.ipv4: reloading
bird: 2026-07-27 20:00:01.998 [0000] <INFO> Reloading channel peer152.ipv4 for export
bird: 2026-07-27 20:00:01.998 [0000] <INFO> Reloading channel peer153.ipv4 for import
bird: 2026-07-27 20:00:01.998 [0000] <DBG> peer153.ipv4: reloading
bird: 2026-07-27 20:00:01.998 [0000] <INFO> Reloading channel peer153.ipv4 for export
bird: 2026-07-27 20:00:01.998 [0000] <INFO> Reloading channel peer154.ipv4 for import
bird: 2026-07-27 20:00:01.998 [0000] <DBG> peer154.ipv4: reloading
bird: 2026-07-27 20:00:01.998 [0000] <INFO> Reloading channel peer154.ipv4 for export
bird: 2026-07-27 20:00:01.998 [0000] <INFO> Reloading channel peer155.ipv4 for import
bird: 2026-07-27 20:00:01.998 [0000] <DBG> peer155.ipv4: reloading
bird: 2026-07-27 20:00:01.998 [0000] <INFO> Reloading channel peer155.ipv4 for export
bird: 2026-07-27 20:00:01.998 [0000] <INFO> Reloading channel peer156.ipv4 for import
bird: 2026-07-27 20:00:01.998 [0000] <DBG> peer156.ipv4: reloading
bird: 2026-07-27 20:00:01.998 [0000] <INFO> Reloading channel peer156.ipv4 for export
bird: 2026-07-27 20:00:01.998 [0000] <INFO> Reloading channel peer157.ipv4 for import
bird: 2026-07-27 20:00:01.998 [0000] <DBG> peer157.ipv4: reloading
bird: 2026-07-27 20:00:01.998 [0000] <INFO> Reloading channel peer157.ipv4 for export
bird: 2026-07-27 20:00:01.998 [0000] <INFO> Reloading channel peer158.ipv4 for import
bird: 2026-07-27 20:00:01.998 [0000] <DBG> peer158.ipv4: reloading
bird: 2026-07-27 20:00:01.998 [0000] <INFO> Reloading channel peer158.ipv4 for export
bird: 2026-07-27 20:00:01.998 [0000] <INFO> Reloading channel peer159.ipv4 for import
bird: 2026-07-27 20:00:01.998 [0000] <DBG> peer159.ipv4: reloading
bird: 2026-07-27 20:00:01.998 [0000] <INFO> Reloading channel peer159.ipv4 for export
bird: 2026-07-27 20:00:01.998 [0000] <INFO> Reloading channel peer160.ipv4 for import
bird: 2026-07-27 20:00:01.998 [0000] <DBG> peer160.ipv4: reloading
bird: 2026-07-27 20:00:01.998 [0000] <INFO> Reloading channel peer160.ipv4 for export
bird: 2026-07-27 20:00:01.998 [0000] <INFO> Reloading channel peer161.ipv4 for import
bird: 2026-07-27 20:00:01.998 [0000] <DBG> peer161.ipv4: reloading
bird: 2026-07-27 20:00:01.998 [0000] <INFO> Reloading channel peer161.ipv4 for export
bird: 2026-07-27 20:00:01.998 [0000] <INFO> Reloading channel peer162.ipv4 for import
bird: 2026-07-27 20:00:01.998 [0000] <DBG> peer162.ipv4: reloading
bird: 2026-07-27 20:00:01.998 [0000] <INFO> Reloading channel peer162.ipv4 for export
bird: 2026-07-27 20:00:01.998 [0000] <INFO> Reloading channel peer163.ipv4 for import
bird: 2026-07-27 20:00:01.998 [0000] <DBG> peer163.ipv4: reloading
bird: 2026-07-27 20:00:01.998 [0000] <INFO> Reloading channel peer163.ipv4 for export
bird: 2026-07-27 20:00:01.998 [0000] <INFO> Reloading channel peer164.ipv4 for import
bird: 2026-07-27 20:00:01.998 [0000] <DBG> peer164.ipv4: reloading
bird: 2026-07-27 20:00:01.998 [0000] <INFO> Reloading channel peer164.ipv4 for export
bird: 2026-07-27 20:00:01.998 [0000] <INFO> Reloading channel peer165.ipv4 for import
bird: 2026-07-27 20:00:01.998 [0000] <DBG> peer165.ipv4: reloading
bird: 2026-07-27 20:00:01.998 [0000] <INFO> Reloading channel peer165.ipv4 for export
bird: 2026-07-27 20:00:01.998 [0000] <INFO> Reloading channel peer166.ipv4 for import
bird: 2026-07-27 20:00:01.998 [0000] <DBG> peer166.ipv4: reloading
bird: 2026-07-27 20:00:01.998 [0000] <INFO> Reloading channel peer166.ipv4 for export
bird: 2026-07-27 20:00:01.998 [0000] <INFO> Reloading channel peer167.ipv4 for import
bird: 2026-07-27 20:00:01.998 [0000] <DBG> peer167.ipv4: reloading
bird: 2026-07-27 20:00:01.998 [0000] <INFO> Reloading channel peer167.ipv4 for export
bird: 2026-07-27 20:00:01.998 [0000] <INFO> Reloading channel peer168.ipv4 for import
bird: 2026-07-27 20:00:01.998 [0000] <DBG> peer168.ipv4: reloading
bird: 2026-07-27 20:00:01.998 [0000] <INFO> Reloading channel peer168.ipv4 for export
bird: 2026-07-27 20:00:01.998 [0000] <INFO> Reloading channel peer169.ipv4 for import
bird: 2026-07-27 20:00:01.998 [0000] <DBG> peer169.ipv4: reloading
bird: 2026-07-27 20:00:01.998 [0000] <INFO> Reloading channel peer169.ipv4 for export
bird: 2026-07-27 20:00:01.998 [0000] <INFO> Reloading channel peer170.ipv4 for import
bird: 2026-07-27 20:00:01.998 [0000] <DBG> peer170.ipv4: reloading
bird: 2026-07-27 20:00:01.998 [0000] <INFO> Reloading channel peer170.ipv4 for export
bird: 2026-07-27 20:00:01.998 [0000] <INFO> Reloading channel peer171.ipv4 for import
bird: 2026-07-27 20:00:01.998 [0000] <DBG> peer171.ipv4: reloading
bird: 2026-07-27 20:00:01.998 [0000] <INFO> Reloading channel peer171.ipv4 for export
bird: 2026-07-27 20:00:01.998 [0000] <INFO> Reloading channel peer172.ipv4 for import
bird: 2026-07-27 20:00:01.998 [0000] <DBG> peer172.ipv4: reloading
bird: 2026-07-27 20:00:01.998 [0000] <INFO> Reloading channel peer172.ipv4 for export
bird: 2026-07-27 20:00:01.998 [0000] <INFO> Reloading channel peer173.ipv4 for import
bird: 2026-07-27 20:00:01.998 [0000] <DBG> peer173.ipv4: reloading
bird: 2026-07-27 20:00:01.998 [0000] <INFO> Reloading channel peer173.ipv4 for export
bird: 2026-07-27 20:00:01.998 [0000] <INFO> Reloading channel peer174.ipv4 for import
bird: 2026-07-27 20:00:01.998 [0000] <DBG> peer174.ipv4: reloading
bird: 2026-07-27 20:00:01.998 [0000] <INFO> Reloading channel peer174.ipv4 for export
bird: 2026-07-27 20:00:01.998 [0000] <INFO> Reloading channel peer175.ipv4 for import
bird: 2026-07-27 20:00:01.998 [0000] <DBG> peer175.ipv4: reloading
bird: 2026-07-27 20:00:01.998 [0000] <INFO> Reloading channel peer175.ipv4 for export
bird: 2026-07-27 20:00:01.998 [0000] <INFO> Reloading channel peer176.ipv4 for import
bird: 2026-07-27 20:00:01.998 [0000] <DBG> peer176.ipv4: reloading
bird: 2026-07-27 20:00:01.998 [0000] <INFO> Reloading channel peer176.ipv4 for export
bird: 2026-07-27 20:00:01.998 [0000] <INFO> Reloading channel peer177.ipv4 for import
bird: 2026-07-27 20:00:01.998 [0000] <DBG> peer177.ipv4: reloading
bird: 2026-07-27 20:00:01.998 [0000] <INFO> Reloading channel peer177.ipv4 for export
bird: 2026-07-27 20:00:01.998 [0000] <INFO> Reloading channel peer178.ipv4 for import
bird: 2026-07-27 20:00:01.998 [0000] <DBG> peer178.ipv4: reloading
bird: 2026-07-27 20:00:01.998 [0000] <INFO> Reloading channel peer178.ipv4 for export
bird: 2026-07-27 20:00:01.998 [0000] <INFO> Reloading channel peer179.ipv4 for import
bird: 2026-07-27 20:00:01.998 [0000] <DBG> peer179.ipv4: reloading
bird: 2026-07-27 20:00:01.998 [0000] <INFO> Reloading channel peer179.ipv4 for export
bird: 2026-07-27 20:00:01.998 [0000] <INFO> Reloading channel peer180.ipv4 for import
bird: 2026-07-27 20:00:01.998 [0000] <DBG> peer180.ipv4: reloading
bird: 2026-07-27 20:00:01.998 [0000] <INFO> Reloading channel peer180.ipv4 for export
bird: 2026-07-27 20:00:01.998 [0000] <INFO> Reloading channel peer181.ipv4 for import
bird: 2026-07-27 20:00:01.998 [0000] <DBG> peer181.ipv4: reloading
bird: 2026-07-27 20:00:01.998 [0000] <INFO> Reloading channel peer181.ipv4 for export
bird: 2026-07-27 20:00:01.998 [0000] <INFO> Reloading channel peer182.ipv4 for import
bird: 2026-07-27 20:00:01.998 [0000] <DBG> peer182.ipv4: reloading
bird: 2026-07-27 20:00:01.998 [0000] <INFO> Reloading channel peer182.ipv4 for export
bird: 2026-07-27 20:00:01.998 [0000] <INFO> Reloading channel peer183.ipv4 for import
bird: 2026-07-27 20:00:01.998 [0000] <DBG> peer183.ipv4: reloading
bird: 2026-07-27 20:00:01.998 [0000] <INFO> Reloading channel peer183.ipv4 for export
bird: 2026-07-27 20:00:01.998 [0000] <INFO> Reloading channel peer184.ipv4 for import
bird: 2026-07-27 20:00:01.998 [0000] <DBG> peer184.ipv4: reloading
bird: 2026-07-27 20:00:01.998 [0000] <INFO> Reloading channel peer184.ipv4 for export
bird: 2026-07-27 20:00:01.998 [0000] <INFO> Reloading channel peer185.ipv4 for import
bird: 2026-07-27 20:00:01.998 [0000] <DBG> peer185.ipv4: reloading
bird: 2026-07-27 20:00:01.998 [0000] <INFO> Reloading channel peer185.ipv4 for export
bird: 2026-07-27 20:00:01.998 [0000] <INFO> Reloading channel peer186.ipv4 for import
bird: 2026-07-27 20:00:01.998 [0000] <DBG> peer186.ipv4: reloading
bird: 2026-07-27 20:00:01.998 [0000] <INFO> Reloading channel peer186.ipv4 for export
bird: 2026-07-27 20:00:01.998 [0000] <INFO> Reloading channel peer187.ipv4 for import
bird: 2026-07-27 20:00:01.998 [0000] <DBG> peer187.ipv4: reloading
bird: 2026-07-27 20:00:01.998 [0000] <INFO> Reloading channel peer187.ipv4 for export
bird: 2026-07-27 20:00:01.998 [0000] <INFO> Reloading channel peer188.ipv4 for import
bird: 2026-07-27 20:00:01.998 [0000] <DBG> peer188.ipv4: reloading
bird: 2026-07-27 20:00:01.998 [0000] <INFO> Reloading channel peer188.ipv4 for export
bird: 2026-07-27 20:00:01.998 [0000] <INFO> Reloading channel peer189.ipv4 for import
bird: 2026-07-27 20:00:01.998 [0000] <DBG> peer189.ipv4: reloading
bird: 2026-07-27 20:00:01.998 [0000] <INFO> Reloading channel peer189.ipv4 for export
bird: 2026-07-27 20:00:01.998 [0000] <INFO> Reloading channel peer190.ipv4 for import
bird: 2026-07-27 20:00:01.998 [0000] <DBG> peer190.ipv4: reloading
bird: 2026-07-27 20:00:01.998 [0000] <INFO> Reloading channel peer190.ipv4 for export
bird: 2026-07-27 20:00:01.998 [0000] <INFO> Reloading channel peer191.ipv4 for import
bird: 2026-07-27 20:00:01.998 [0000] <DBG> peer191.ipv4: reloading
bird: 2026-07-27 20:00:01.998 [0000] <INFO> Reloading channel peer191.ipv4 for export
bird: 2026-07-27 20:00:01.998 [0000] <INFO> Reloading channel peer192.ipv4 for import
bird: 2026-07-27 20:00:01.998 [0000] <DBG> peer192.ipv4: reloading
bird: 2026-07-27 20:00:01.998 [0000] <INFO> Reloading channel peer192.ipv4 for export
bird: 2026-07-27 20:00:01.998 [0000] <INFO> Reloading channel peer193.ipv4 for import
bird: 2026-07-27 20:00:01.998 [0000] <DBG> peer193.ipv4: reloading
bird: 2026-07-27 20:00:01.998 [0000] <INFO> Reloading channel peer193.ipv4 for export
bird: 2026-07-27 20:00:01.998 [0000] <INFO> Reloading channel peer194.ipv4 for import
bird: 2026-07-27 20:00:01.998 [0000] <DBG> peer194.ipv4: reloading
bird: 2026-07-27 20:00:01.998 [0000] <INFO> Reloading channel peer194.ipv4 for export
bird: 2026-07-27 20:00:01.998 [0000] <INFO> Reloading channel peer195.ipv4 for import
bird: 2026-07-27 20:00:01.998 [0000] <DBG> peer195.ipv4: reloading
bird: 2026-07-27 20:00:01.998 [0000] <INFO> Reloading channel peer195.ipv4 for export
bird: 2026-07-27 20:00:01.998 [0000] <INFO> Reloading channel peer196.ipv4 for import
bird: 2026-07-27 20:00:01.998 [0000] <DBG> peer196.ipv4: reloading
bird: 2026-07-27 20:00:01.998 [0000] <INFO> Reloading channel peer196.ipv4 for export
bird: 2026-07-27 20:00:01.998 [0000] <INFO> Reloading channel peer197.ipv4 for import
bird: 2026-07-27 20:00:01.998 [0000] <DBG> peer197.ipv4: reloading
bird: 2026-07-27 20:00:01.998 [0000] <INFO> Reloading channel peer197.ipv4 for export
bird: 2026-07-27 20:00:01.998 [0000] <INFO> Reloading channel peer198.ipv4 for import
bird: 2026-07-27 20:00:01.998 [0000] <DBG> peer198.ipv4: reloading
bird: 2026-07-27 20:00:01.998 [0000] <INFO> Reloading channel peer198.ipv4 for export
bird: 2026-07-27 20:00:01.998 [0000] <INFO> Reloading channel peer199.ipv4 for import
bird: 2026-07-27 20:00:01.998 [0000] <DBG> peer199.ipv4: reloading
bird: 2026-07-27 20:00:01.998 [0000] <INFO> Reloading channel peer199.ipv4 for export
bird: 2026-07-27 20:00:01.998 [0000] <INFO> Reloading channel peer200.ipv4 for import
bird: 2026-07-27 20:00:01.998 [0000] <DBG> peer200.ipv4: reloading
bird: 2026-07-27 20:00:01.998 [0000] <INFO> Reloading channel peer200.ipv4 for export
bird: 2026-07-27 20:00:01.998 [0000] <INFO> Reloading channel peer201.ipv4 for import
bird: 2026-07-27 20:00:01.998 [0000] <DBG> peer201.ipv4: reloading
bird: 2026-07-27 20:00:01.998 [0000] <INFO> Reloading channel peer201.ipv4 for export
bird: 2026-07-27 20:00:01.998 [0000] <INFO> Reloading channel peer202.ipv4 for import
bird: 2026-07-27 20:00:01.998 [0000] <DBG> peer202.ipv4: reloading
bird: 2026-07-27 20:00:01.998 [0000] <INFO> Reloading channel peer202.ipv4 for export
bird: 2026-07-27 20:00:01.998 [0000] <INFO> Reloading channel peer203.ipv4 for import
bird: 2026-07-27 20:00:01.998 [0000] <DBG> peer203.ipv4: reloading
bird: 2026-07-27 20:00:01.998 [0000] <INFO> Reloading channel peer203.ipv4 for export
bird: 2026-07-27 20:00:01.998 [0000] <INFO> Reloading channel peer204.ipv4 for import
bird: 2026-07-27 20:00:01.998 [0000] <DBG> peer204.ipv4: reloading
bird: 2026-07-27 20:00:01.998 [0000] <INFO> Reloading channel peer204.ipv4 for export
bird: 2026-07-27 20:00:01.998 [0000] <INFO> Reloading channel peer205.ipv4 for import
bird: 2026-07-27 20:00:01.998 [0000] <DBG> peer205.ipv4: reloading
bird: 2026-07-27 20:00:01.998 [0000] <INFO> Reloading channel peer205.ipv4 for export
bird: 2026-07-27 20:00:01.998 [0000] <INFO> Reloading channel peer206.ipv4 for import
bird: 2026-07-27 20:00:01.998 [0000] <DBG> peer206.ipv4: reloading
bird: 2026-07-27 20:00:01.998 [0000] <INFO> Reloading channel peer206.ipv4 for export
bird: 2026-07-27 20:00:01.998 [0000] <INFO> Reloading channel peer207.ipv4 for import
bird: 2026-07-27 20:00:01.998 [0000] <DBG> peer207.ipv4: reloading
bird: 2026-07-27 20:00:01.998 [0000] <INFO> Reloading channel peer207.ipv4 for export
bird: 2026-07-27 20:00:01.998 [0000] <INFO> Reloading channel peer208.ipv4 for import
bird: 2026-07-27 20:00:01.998 [0000] <DBG> peer208.ipv4: reloading
bird: 2026-07-27 20:00:01.998 [0000] <INFO> Reloading channel peer208.ipv4 for export
bird: 2026-07-27 20:00:01.998 [0000] <INFO> Reloading channel peer209.ipv4 for import
bird: 2026-07-27 20:00:01.998 [0000] <DBG> peer209.ipv4: reloading
bird: 2026-07-27 20:00:01.998 [0000] <INFO> Reloading channel peer209.ipv4 for export
bird: 2026-07-27 20:00:01.998 [0000] <INFO> Reloading channel peer210.ipv4 for import
bird: 2026-07-27 20:00:01.998 [0000] <DBG> peer210.ipv4: reloading
bird: 2026-07-27 20:00:01.998 [0000] <INFO> Reloading channel peer210.ipv4 for export
bird: 2026-07-27 20:00:01.998 [0000] <INFO> Reloading channel peer211.ipv4 for import
bird: 2026-07-27 20:00:01.998 [0000] <DBG> peer211.ipv4: reloading
bird: 2026-07-27 20:00:01.998 [0000] <INFO> Reloading channel peer211.ipv4 for export
bird: 2026-07-27 20:00:01.998 [0000] <INFO> Reloading channel peer212.ipv4 for import
bird: 2026-07-27 20:00:01.998 [0000] <DBG> peer212.ipv4: reloading
bird: 2026-07-27 20:00:01.998 [0000] <INFO> Reloading channel peer212.ipv4 for export
bird: 2026-07-27 20:00:01.998 [0000] <INFO> Reloading channel peer213.ipv4 for import
bird: 2026-07-27 20:00:01.998 [0000] <DBG> peer213.ipv4: reloading
bird: 2026-07-27 20:00:01.998 [0000] <INFO> Reloading channel peer213.ipv4 for export
bird: 2026-07-27 20:00:01.998 [0000] <INFO> Reloading channel peer214.ipv4 for import
bird: 2026-07-27 20:00:01.998 [0000] <DBG> peer214.ipv4: reloading
bird: 2026-07-27 20:00:01.998 [0000] <INFO> Reloading channel peer214.ipv4 for export
bird: 2026-07-27 20:00:01.998 [0000] <INFO> Reloading channel peer215.ipv4 for import
bird: 2026-07-27 20:00:01.998 [0000] <DBG> peer215.ipv4: reloading
bird: 2026-07-27 20:00:01.998 [0000] <INFO> Reloading channel peer215.ipv4 for export
bird: 2026-07-27 20:00:01.998 [0000] <INFO> Reloading channel peer216.ipv4 for import
bird: 2026-07-27 20:00:01.998 [0000] <DBG> peer216.ipv4: reloading
bird: 2026-07-27 20:00:01.998 [0000] <INFO> Reloading channel peer216.ipv4 for export
bird: 2026-07-27 20:00:01.998 [0000] <INFO> Reloading channel peer217.ipv4 for import
bird: 2026-07-27 20:00:01.998 [0000] <DBG> peer217.ipv4: reloading
bird: 2026-07-27 20:00:01.998 [0000] <INFO> Reloading channel peer217.ipv4 for export
bird: 2026-07-27 20:00:01.998 [0000] <INFO> Reloading channel peer218.ipv4 for import
bird: 2026-07-27 20:00:01.998 [0000] <DBG> peer218.ipv4: reloading
bird: 2026-07-27 20:00:01.998 [0000] <INFO> Reloading channel peer218.ipv4 for export
bird: 2026-07-27 20:00:01.998 [0000] <INFO> Reloading channel peer219.ipv4 for import
bird: 2026-07-27 20:00:01.998 [0000] <DBG> peer219.ipv4: reloading
bird: 2026-07-27 20:00:01.998 [0000] <INFO> Reloading channel peer219.ipv4 for export
bird: 2026-07-27 20:00:01.998 [0000] <INFO> Reloading channel peer220.ipv4 for import
bird: 2026-07-27 20:00:01.998 [0000] <DBG> peer220.ipv4: reloading
bird: 2026-07-27 20:00:01.998 [0000] <INFO> Reloading channel peer220.ipv4 for export
bird: 2026-07-27 20:00:01.998 [0000] <INFO> Reloading channel peer221.ipv4 for import
bird: 2026-07-27 20:00:01.998 [0000] <DBG> peer221.ipv4: reloading
bird: 2026-07-27 20:00:01.998 [0000] <INFO> Reloading channel peer221.ipv4 for export
bird: 2026-07-27 20:00:01.998 [0000] <INFO> Reloading channel peer222.ipv4 for import
bird: 2026-07-27 20:00:01.998 [0000] <DBG> peer222.ipv4: reloading
bird: 2026-07-27 20:00:01.998 [0000] <INFO> Reloading channel peer222.ipv4 for export
bird: 2026-07-27 20:00:01.998 [0000] <INFO> Reloading channel peer223.ipv4 for import
bird: 2026-07-27 20:00:01.998 [0000] <DBG> peer223.ipv4: reloading
bird: 2026-07-27 20:00:01.998 [0000] <INFO> Reloading channel peer223.ipv4 for export
bird: 2026-07-27 20:00:01.998 [0000] <INFO> Reloading channel peer224.ipv4 for import
bird: 2026-07-27 20:00:01.998 [0000] <DBG> peer224.ipv4: reloading
bird: 2026-07-27 20:00:01.998 [0000] <INFO> Reloading channel peer224.ipv4 for export
bird: 2026-07-27 20:00:01.998 [0000] <INFO> Reloading channel peer225.ipv4 for import
bird: 2026-07-27 20:00:01.998 [0000] <DBG> peer225.ipv4: reloading
bird: 2026-07-27 20:00:01.998 [0000] <INFO> Reloading channel peer225.ipv4 for export
bird: 2026-07-27 20:00:01.998 [0000] <INFO> Reloading channel peer226.ipv4 for import
bird: 2026-07-27 20:00:01.998 [0000] <DBG> peer226.ipv4: reloading
bird: 2026-07-27 20:00:01.998 [0000] <INFO> Reloading channel peer226.ipv4 for export
bird: 2026-07-27 20:00:01.998 [0000] <INFO> Reloading channel peer227.ipv4 for import
bird: 2026-07-27 20:00:01.998 [0000] <DBG> peer227.ipv4: reloading
bird: 2026-07-27 20:00:01.998 [0000] <INFO> Reloading channel peer227.ipv4 for export
bird: 2026-07-27 20:00:01.998 [0000] <INFO> Reloading channel peer228.ipv4 for import
bird: 2026-07-27 20:00:01.998 [0000] <DBG> peer228.ipv4: reloading
bird: 2026-07-27 20:00:01.998 [0000] <INFO> Reloading channel peer228.ipv4 for export
bird: 2026-07-27 20:00:01.998 [0000] <INFO> Reloading channel peer229.ipv4 for import
bird: 2026-07-27 20:00:01.998 [0000] <DBG> peer229.ipv4: reloading
bird: 2026-07-27 20:00:01.998 [0000] <INFO> Reloading channel peer229.ipv4 for export
bird: 2026-07-27 20:00:01.998 [0000] <INFO> Reloading channel peer230.ipv4 for import
bird: 2026-07-27 20:00:01.998 [0000] <DBG> peer230.ipv4: reloading
bird: 2026-07-27 20:00:01.998 [0000] <INFO> Reloading channel peer230.ipv4 for export
bird: 2026-07-27 20:00:01.998 [0000] <INFO> Reloading channel peer231.ipv4 for import
bird: 2026-07-27 20:00:01.998 [0000] <DBG> peer231.ipv4: reloading
bird: 2026-07-27 20:00:01.998 [0000] <INFO> Reloading channel peer231.ipv4 for export
bird: 2026-07-27 20:00:01.998 [0000] <INFO> Reloading channel peer232.ipv4 for import
bird: 2026-07-27 20:00:01.998 [0000] <DBG> peer232.ipv4: reloading
bird: 2026-07-27 20:00:01.998 [0000] <INFO> Reloading channel peer232.ipv4 for export
bird: 2026-07-27 20:00:01.998 [0000] <INFO> Reloading channel peer233.ipv4 for import
bird: 2026-07-27 20:00:01.998 [0000] <DBG> peer233.ipv4: reloading
bird: 2026-07-27 20:00:01.998 [0000] <INFO> Reloading channel peer233.ipv4 for export
bird: 2026-07-27 20:00:01.998 [0000] <INFO> Reloading channel peer234.ipv4 for import
bird: 2026-07-27 20:00:01.998 [0000] <DBG> peer234.ipv4: reloading
bird: 2026-07-27 20:00:01.998 [0000] <INFO> Reloading channel peer234.ipv4 for export
bird: 2026-07-27 20:00:01.998 [0000] <INFO> Reloading channel peer235.ipv4 for import
bird: 2026-07-27 20:00:01.998 [0000] <DBG> peer235.ipv4: reloading
bird: 2026-07-27 20:00:01.998 [0000] <INFO> Reloading channel peer235.ipv4 for export
bird: 2026-07-27 20:00:01.998 [0000] <INFO> Reloading channel peer236.ipv4 for import
bird: 2026-07-27 20:00:01.998 [0000] <DBG> peer236.ipv4: reloading
bird: 2026-07-27 20:00:01.998 [0000] <INFO> Reloading channel peer236.ipv4 for export
bird: 2026-07-27 20:00:01.998 [0000] <INFO> Reloading channel peer237.ipv4 for import
bird: 2026-07-27 20:00:01.998 [0000] <DBG> peer237.ipv4: reloading
bird: 2026-07-27 20:00:01.998 [0000] <INFO> Reloading channel peer237.ipv4 for export
bird: 2026-07-27 20:00:01.998 [0000] <INFO> Reloading channel peer238.ipv4 for import
bird: 2026-07-27 20:00:01.998 [0000] <DBG> peer238.ipv4: reloading
bird: 2026-07-27 20:00:01.998 [0000] <INFO> Reloading channel peer238.ipv4 for export
bird: 2026-07-27 20:00:01.998 [0000] <INFO> Reloading channel peer239.ipv4 for import
bird: 2026-07-27 20:00:01.998 [0000] <DBG> peer239.ipv4: reloading
bird: 2026-07-27 20:00:01.998 [0000] <INFO> Reloading channel peer239.ipv4 for export
bird: 2026-07-27 20:00:01.998 [0000] <INFO> Reloading channel peer240.ipv4 for import
bird: 2026-07-27 20:00:01.998 [0000] <DBG> peer240.ipv4: reloading
bird: 2026-07-27 20:00:01.998 [0000] <INFO> Reloading channel peer240.ipv4 for export
bird: 2026-07-27 20:00:01.998 [0000] <INFO> Reloading channel peer241.ipv4 for import
bird: 2026-07-27 20:00:01.998 [0000] <DBG> peer241.ipv4: reloading
bird: 2026-07-27 20:00:01.998 [0000] <INFO> Reloading channel peer241.ipv4 for export
bird: 2026-07-27 20:00:01.998 [0000] <INFO> Reloading channel peer242.ipv4 for import
bird: 2026-07-27 20:00:01.998 [0000] <DBG> peer242.ipv4: reloading
bird: 2026-07-27 20:00:01.998 [0000] <INFO> Reloading channel peer242.ipv4 for export
bird: 2026-07-27 20:00:01.998 [0000] <INFO> Reloading channel peer243.ipv4 for import
bird: 2026-07-27 20:00:01.998 [0000] <DBG> peer243.ipv4: reloading
bird: 2026-07-27 20:00:01.998 [0000] <INFO> Reloading channel peer243.ipv4 for export
bird: 2026-07-27 20:00:01.998 [0000] <INFO> Reloading channel peer244.ipv4 for import
bird: 2026-07-27 20:00:01.998 [0000] <DBG> peer244.ipv4: reloading
bird: 2026-07-27 20:00:01.998 [0000] <INFO> Reloading channel peer244.ipv4 for export
bird: 2026-07-27 20:00:01.998 [0000] <INFO> Reloading channel peer245.ipv4 for import
bird: 2026-07-27 20:00:01.998 [0000] <DBG> peer245.ipv4: reloading
bird: 2026-07-27 20:00:01.998 [0000] <INFO> Reloading channel peer245.ipv4 for export
bird: 2026-07-27 20:00:01.998 [0000] <INFO> Reloading channel peer246.ipv4 for import
bird: 2026-07-27 20:00:01.998 [0000] <DBG> peer246.ipv4: reloading
bird: 2026-07-27 20:00:01.998 [0000] <INFO> Reloading channel peer246.ipv4 for export
bird: 2026-07-27 20:00:01.998 [0000] <INFO> Reloading channel peer247.ipv4 for import
bird: 2026-07-27 20:00:01.998 [0000] <DBG> peer247.ipv4: reloading
bird: 2026-07-27 20:00:01.998 [0000] <INFO> Reloading channel peer247.ipv4 for export
bird: 2026-07-27 20:00:01.998 [0000] <INFO> Reloading channel peer248.ipv4 for import
bird: 2026-07-27 20:00:01.998 [0000] <DBG> peer248.ipv4: reloading
bird: 2026-07-27 20:00:01.998 [0000] <INFO> Reloading channel peer248.ipv4 for export
bird: 2026-07-27 20:00:01.998 [0000] <INFO> Reloading channel peer249.ipv4 for import
bird: 2026-07-27 20:00:01.998 [0000] <DBG> peer249.ipv4: reloading
bird: 2026-07-27 20:00:01.998 [0000] <INFO> Reloading channel peer249.ipv4 for export
bird: 2026-07-27 20:00:01.998 [0000] <INFO> Reloading channel peer250.ipv4 for import
bird: 2026-07-27 20:00:01.998 [0000] <DBG> peer250.ipv4: reloading
bird: 2026-07-27 20:00:01.998 [0000] <INFO> Reloading channel peer250.ipv4 for export
bird: 2026-07-27 20:00:01.998 [0000] <INFO> Reloading channel peer251.ipv4 for import
bird: 2026-07-27 20:00:01.998 [0000] <DBG> peer251.ipv4: reloading
bird: 2026-07-27 20:00:01.998 [0000] <INFO> Reloading channel peer251.ipv4 for export
bird: 2026-07-27 20:00:01.998 [0000] <INFO> Reloading channel peer252.ipv4 for import
bird: 2026-07-27 20:00:01.998 [0000] <DBG> peer252.ipv4: reloading
bird: 2026-07-27 20:00:01.998 [0000] <INFO> Reloading channel peer252.ipv4 for export
bird: 2026-07-27 20:00:01.998 [0000] <INFO> Reloading channel peer253.ipv4 for import
bird: 2026-07-27 20:00:01.998 [0000] <DBG> peer253.ipv4: reloading
bird: 2026-07-27 20:00:01.998 [0000] <INFO> Reloading channel peer253.ipv4 for export
bird: 2026-07-27 20:00:01.998 [0000] <INFO> Reloading channel peer254.ipv4 for import
bird: 2026-07-27 20:00:01.998 [0000] <DBG> peer254.ipv4: reloading
bird: 2026-07-27 20:00:01.998 [0000] <INFO> Reloading channel peer254.ipv4 for export
bird: 2026-07-27 20:00:01.998 [0000] <INFO> Reloading channel peer255.ipv4 for import
bird: 2026-07-27 20:00:01.998 [0000] <DBG> peer255.ipv4: reloading
bird: 2026-07-27 20:00:01.998 [0000] <INFO> Reloading channel peer255.ipv4 for export
bird: 2026-07-27 20:00:01.998 [0000] <INFO> Reloading channel peer256.ipv4 for import
bird: 2026-07-27 20:00:01.998 [0000] <DBG> peer256.ipv4: reloading
bird: 2026-07-27 20:00:01.998 [0000] <INFO> Reloading channel peer256.ipv4 for export
bird: 2026-07-27 20:00:01.998 [0000] <INFO> Reloading channel peer257.ipv4 for import
bird: 2026-07-27 20:00:01.998 [0000] <DBG> peer257.ipv4: reloading
bird: 2026-07-27 20:00:01.998 [0000] <INFO> Reloading channel peer257.ipv4 for export
bird: 2026-07-27 20:00:01.998 [0000] <INFO> Reloading channel peer258.ipv4 for import
bird: 2026-07-27 20:00:01.998 [0000] <DBG> peer258.ipv4: reloading
bird: 2026-07-27 20:00:01.998 [0000] <INFO> Reloading channel peer258.ipv4 for export
bird: 2026-07-27 20:00:01.998 [0000] <INFO> Reloading channel peer259.ipv4 for import
bird: 2026-07-27 20:00:01.998 [0000] <DBG> peer259.ipv4: reloading
bird: 2026-07-27 20:00:01.998 [0000] <INFO> Reloading channel peer259.ipv4 for export
bird: 2026-07-27 20:00:01.998 [0000] <INFO> Reloading channel peer260.ipv4 for import
bird: 2026-07-27 20:00:01.998 [0000] <DBG> peer260.ipv4: reloading
bird: 2026-07-27 20:00:01.998 [0000] <INFO> Reloading channel peer260.ipv4 for export
bird: 2026-07-27 20:00:01.998 [0000] <INFO> Reloading channel peer261.ipv4 for import
bird: 2026-07-27 20:00:01.998 [0000] <DBG> peer261.ipv4: reloading
bird: 2026-07-27 20:00:01.998 [0000] <INFO> Reloading channel peer261.ipv4 for export
bird: 2026-07-27 20:00:01.998 [0000] <INFO> Reloading channel peer262.ipv4 for import
bird: 2026-07-27 20:00:01.998 [0000] <DBG> peer262.ipv4: reloading
bird: 2026-07-27 20:00:01.998 [0000] <INFO> Reloading channel peer262.ipv4 for export
bird: 2026-07-27 20:00:01.998 [0000] <INFO> Reloading channel peer263.ipv4 for import
bird: 2026-07-27 20:00:01.998 [0000] <DBG> peer263.ipv4: reloading
bird: 2026-07-27 20:00:01.998 [0000] <INFO> Reloading channel peer263.ipv4 for export
bird: 2026-07-27 20:00:01.998 [0000] <INFO> Reloading channel peer264.ipv4 for import
bird: 2026-07-27 20:00:01.998 [0000] <DBG> peer264.ipv4: reloading
bird: 2026-07-27 20:00:01.998 [0000] <INFO> Reloading channel peer264.ipv4 for export
bird: 2026-07-27 20:00:01.998 [0000] <INFO> Reloading channel peer265.ipv4 for import
bird: 2026-07-27 20:00:01.998 [0000] <DBG> peer265.ipv4: reloading
bird: 2026-07-27 20:00:01.998 [0000] <INFO> Reloading channel peer265.ipv4 for export
bird: 2026-07-27 20:00:01.998 [0000] <INFO> Reloading channel peer266.ipv4 for import
bird: 2026-07-27 20:00:01.998 [0000] <DBG> peer266.ipv4: reloading
bird: 2026-07-27 20:00:01.998 [0000] <INFO> Reloading channel peer266.ipv4 for export
bird: 2026-07-27 20:00:01.998 [0000] <INFO> Reloading channel peer267.ipv4 for import
bird: 2026-07-27 20:00:01.998 [0000] <DBG> peer267.ipv4: reloading
bird: 2026-07-27 20:00:01.998 [0000] <INFO> Reloading channel peer267.ipv4 for export
bird: 2026-07-27 20:00:01.998 [0000] <INFO> Reloading channel peer268.ipv4 for import
bird: 2026-07-27 20:00:01.998 [0000] <DBG> peer268.ipv4: reloading
bird: 2026-07-27 20:00:02.008 [0000] <INFO> Reloading channel peer268.ipv4 for export
bird: 2026-07-27 20:00:02.008 [0000] <INFO> Reloading channel peer269.ipv4 for import
bird: 2026-07-27 20:00:02.008 [0000] <DBG> peer269.ipv4: reloading
bird: 2026-07-27 20:00:02.008 [0000] <INFO> Reloading channel peer269.ipv4 for export
bird: 2026-07-27 20:00:02.008 [0000] <INFO> Reloading channel peer270.ipv4 for import
bird: 2026-07-27 20:00:02.008 [0000] <DBG> peer270.ipv4: reloading
bird: 2026-07-27 20:00:02.008 [0000] <INFO> Reloading channel peer270.ipv4 for export
bird: 2026-07-27 20:00:02.008 [0000] <INFO> Reloading channel peer271.ipv4 for import
bird: 2026-07-27 20:00:02.008 [0000] <DBG> peer271.ipv4: reloading
bird: 2026-07-27 20:00:02.008 [0000] <INFO> Reloading channel peer271.ipv4 for export
bird: 2026-07-27 20:00:02.008 [0000] <INFO> Reloading channel peer272.ipv4 for import
bird: 2026-07-27 20:00:02.008 [0000] <DBG> peer272.ipv4: reloading
bird: 2026-07-27 20:00:02.008 [0000] <INFO> Reloading channel peer272.ipv4 for export
bird: 2026-07-27 20:00:02.008 [0000] <INFO> Reloading channel peer273.ipv4 for import
bird: 2026-07-27 20:00:02.008 [0000] <DBG> peer273.ipv4: reloading
bird: 2026-07-27 20:00:02.008 [0000] <INFO> Reloading channel peer273.ipv4 for export
bird: 2026-07-27 20:00:02.008 [0000] <INFO> Reloading channel peer274.ipv4 for import
bird: 2026-07-27 20:00:02.008 [0000] <DBG> peer274.ipv4: reloading
bird: 2026-07-27 20:00:02.008 [0000] <INFO> Reloading channel peer274.ipv4 for export
bird: 2026-07-27 20:00:02.008 [0000] <INFO> Reloading channel peer275.ipv4 for import
bird: 2026-07-27 20:00:02.008 [0000] <DBG> peer275.ipv4: reloading
bird: 2026-07-27 20:00:02.008 [0000] <INFO> Reloading channel peer275.ipv4 for export
bird: 2026-07-27 20:00:02.008 [0000] <INFO> Reloading channel peer276.ipv4 for import
bird: 2026-07-27 20:00:02.008 [0000] <DBG> peer276.ipv4: reloading
bird: 2026-07-27 20:00:02.008 [0000] <INFO> Reloading channel peer276.ipv4 for export
bird: 2026-07-27 20:00:02.008 [0000] <INFO> Reloading channel peer277.ipv4 for import
bird: 2026-07-27 20:00:02.008 [0000] <DBG> peer277.ipv4: reloading
bird: 2026-07-27 20:00:02.008 [0000] <INFO> Reloading channel peer277.ipv4 for export
bird: 2026-07-27 20:00:02.008 [0000] <INFO> Reloading channel peer278.ipv4 for import
bird: 2026-07-27 20:00:02.008 [0000] <DBG> peer278.ipv4: reloading
bird: 2026-07-27 20:00:02.008 [0000] <INFO> Reloading channel peer278.ipv4 for export
bird: 2026-07-27 20:00:02.009 [0000] <INFO> Reloading channel peer279.ipv4 for import
bird: 2026-07-27 20:00:02.009 [0000] <DBG> peer279.ipv4: reloading
bird: 2026-07-27 20:00:02.009 [0000] <INFO> Reloading channel peer279.ipv4 for export
bird: 2026-07-27 20:00:02.009 [0000] <INFO> Reloading channel peer280.ipv4 for import
bird: 2026-07-27 20:00:02.009 [0000] <DBG> peer280.ipv4: reloading
bird: 2026-07-27 20:00:02.009 [0000] <INFO> Reloading channel peer280.ipv4 for export
bird: 2026-07-27 20:00:02.009 [0000] <INFO> Reloading channel peer281.ipv4 for import
bird: 2026-07-27 20:00:02.009 [0000] <DBG> peer281.ipv4: reloading
bird: 2026-07-27 20:00:02.009 [0000] <INFO> Reloading channel peer281.ipv4 for export
bird: 2026-07-27 20:00:02.009 [0000] <INFO> Reloading channel peer282.ipv4 for import
bird: 2026-07-27 20:00:02.009 [0000] <DBG> peer282.ipv4: reloading
bird: 2026-07-27 20:00:02.009 [0000] <INFO> Reloading channel peer282.ipv4 for export
bird: 2026-07-27 20:00:02.009 [0000] <INFO> Reloading channel peer283.ipv4 for import
bird: 2026-07-27 20:00:02.009 [0000] <DBG> peer283.ipv4: reloading
bird: 2026-07-27 20:00:02.009 [0000] <INFO> Reloading channel peer283.ipv4 for export
bird: 2026-07-27 20:00:02.009 [0000] <INFO> Reloading channel peer284.ipv4 for import
bird: 2026-07-27 20:00:02.009 [0000] <DBG> peer284.ipv4: reloading
bird: 2026-07-27 20:00:02.009 [0000] <INFO> Reloading channel peer284.ipv4 for export
bird: 2026-07-27 20:00:02.009 [0000] <INFO> Reloading channel peer285.ipv4 for import
bird: 2026-07-27 20:00:02.009 [0000] <DBG> peer285.ipv4: reloading
bird: 2026-07-27 20:00:02.009 [0000] <INFO> Reloading channel peer285.ipv4 for export
bird: 2026-07-27 20:00:02.009 [0000] <INFO> Reloading channel peer286.ipv4 for import
bird: 2026-07-27 20:00:02.009 [0000] <DBG> peer286.ipv4: reloading
bird: 2026-07-27 20:00:02.009 [0000] <INFO> Reloading channel peer286.ipv4 for export
bird: 2026-07-27 20:00:02.009 [0000] <INFO> Reloading channel peer287.ipv4 for import
bird: 2026-07-27 20:00:02.009 [0000] <DBG> peer287.ipv4: reloading
bird: 2026-07-27 20:00:02.009 [0000] <INFO> Reloading channel peer287.ipv4 for export
bird: 2026-07-27 20:00:02.009 [0000] <INFO> Reloading channel peer288.ipv4 for import
bird: 2026-07-27 20:00:02.009 [0000] <DBG> peer288.ipv4: reloading
bird: 2026-07-27 20:00:02.009 [0000] <INFO> Reloading channel peer288.ipv4 for export
bird: 2026-07-27 20:00:02.009 [0000] <INFO> Reloading channel peer289.ipv4 for import
bird: 2026-07-27 20:00:02.009 [0000] <DBG> peer289.ipv4: reloading
bird: 2026-07-27 20:00:02.009 [0000] <INFO> Reloading channel peer289.ipv4 for export
bird: 2026-07-27 20:00:02.009 [0000] <INFO> Reloading channel peer290.ipv4 for import
bird: 2026-07-27 20:00:02.009 [0000] <DBG> peer290.ipv4: reloading
bird: 2026-07-27 20:00:02.009 [0000] <INFO> Reloading channel peer290.ipv4 for export
bird: 2026-07-27 20:00:02.009 [0000] <INFO> Reloading channel peer291.ipv4 for import
bird: 2026-07-27 20:00:02.009 [0000] <DBG> peer291.ipv4: reloading
bird: 2026-07-27 20:00:02.009 [0000] <INFO> Reloading channel peer291.ipv4 for export
bird: 2026-07-27 20:00:02.009 [0000] <INFO> Reloading channel peer292.ipv4 for import
bird: 2026-07-27 20:00:02.009 [0000] <DBG> peer292.ipv4: reloading
bird: 2026-07-27 20:00:02.009 [0000] <INFO> Reloading channel peer292.ipv4 for export
bird: 2026-07-27 20:00:02.009 [0000] <INFO> Reloading channel peer293.ipv4 for import
bird: 2026-07-27 20:00:02.009 [0000] <DBG> peer293.ipv4: reloading
bird: 2026-07-27 20:00:02.009 [0000] <INFO> Reloading channel peer293.ipv4 for export
bird: 2026-07-27 20:00:02.009 [0000] <INFO> Reloading channel peer294.ipv4 for import
bird: 2026-07-27 20:00:02.009 [0000] <DBG> peer294.ipv4: reloading
bird: 2026-07-27 20:00:02.009 [0000] <INFO> Reloading channel peer294.ipv4 for export
bird: 2026-07-27 20:00:02.009 [0000] <INFO> Reloading channel peer295.ipv4 for import
bird: 2026-07-27 20:00:02.009 [0000] <DBG> peer295.ipv4: reloading
bird: 2026-07-27 20:00:02.009 [0000] <INFO> Reloading channel peer295.ipv4 for export
bird: 2026-07-27 20:00:02.009 [0000] <INFO> Reloading channel peer296.ipv4 for import
bird: 2026-07-27 20:00:02.009 [0000] <DBG> peer296.ipv4: reloading
bird: 2026-07-27 20:00:02.009 [0000] <INFO> Reloading channel peer296.ipv4 for export
bird: 2026-07-27 20:00:02.009 [0000] <INFO> Reloading channel peer297.ipv4 for import
bird: 2026-07-27 20:00:02.009 [0000] <DBG> peer297.ipv4: reloading
bird: 2026-07-27 20:00:02.009 [0000] <INFO> Reloading channel peer297.ipv4 for export
bird: 2026-07-27 20:00:02.009 [0000] <INFO> Reloading channel peer298.ipv4 for import
bird: 2026-07-27 20:00:02.009 [0000] <DBG> peer298.ipv4: reloading
bird: 2026-07-27 20:00:02.009 [0000] <INFO> Reloading channel peer298.ipv4 for export
bird: 2026-07-27 20:00:02.009 [0000] <INFO> Reloading channel peer299.ipv4 for import
bird: 2026-07-27 20:00:02.009 [0000] <DBG> peer299.ipv4: reloading
bird: 2026-07-27 20:00:02.009 [0000] <INFO> Reloading channel peer299.ipv4 for export
bird: 2026-07-27 20:00:02.009 [0000] <INFO> Reloading channel peer300.ipv4 for import
bird: 2026-07-27 20:00:02.009 [0000] <DBG> peer300.ipv4: reloading
bird: 2026-07-27 20:00:02.009 [0000] <INFO> Reloading channel peer300.ipv4 for export
bird: 2026-07-27 20:00:02.009 [0000] <INFO> Reloading channel peer301.ipv4 for import
bird: 2026-07-27 20:00:02.009 [0000] <DBG> peer301.ipv4: reloading
bird: 2026-07-27 20:00:02.009 [0000] <INFO> Reloading channel peer301.ipv4 for export
bird: 2026-07-27 20:00:02.009 [0000] <INFO> Reloading channel peer302.ipv4 for import
bird: 2026-07-27 20:00:02.009 [0000] <DBG> peer302.ipv4: reloading
bird: 2026-07-27 20:00:02.009 [0000] <INFO> Reloading channel peer302.ipv4 for export
bird: 2026-07-27 20:00:02.009 [0000] <INFO> Reloading channel peer303.ipv4 for import
bird: 2026-07-27 20:00:02.009 [0000] <DBG> peer303.ipv4: reloading
bird: 2026-07-27 20:00:02.009 [0000] <INFO> Reloading channel peer303.ipv4 for export
bird: 2026-07-27 20:00:02.009 [0000] <INFO> Reloading channel peer304.ipv4 for import
bird: 2026-07-27 20:00:02.009 [0000] <DBG> peer304.ipv4: reloading
bird: 2026-07-27 20:00:02.009 [0000] <INFO> Reloading channel peer304.ipv4 for export
bird: 2026-07-27 20:00:02.009 [0000] <INFO> Reloading channel peer305.ipv4 for import
bird: 2026-07-27 20:00:02.009 [0000] <DBG> peer305.ipv4: reloading
bird: 2026-07-27 20:00:02.009 [0000] <INFO> Reloading channel peer305.ipv4 for export
bird: 2026-07-27 20:00:02.009 [0000] <INFO> Reloading channel peer306.ipv4 for import
bird: 2026-07-27 20:00:02.009 [0000] <DBG> peer306.ipv4: reloading
bird: 2026-07-27 20:00:02.009 [0000] <INFO> Reloading channel peer306.ipv4 for export
bird: 2026-07-27 20:00:02.009 [0000] <INFO> Reloading channel peer307.ipv4 for import
bird: 2026-07-27 20:00:02.009 [0000] <DBG> peer307.ipv4: reloading
bird: 2026-07-27 20:00:02.009 [0000] <INFO> Reloading channel peer307.ipv4 for export
bird: 2026-07-27 20:00:02.009 [0000] <INFO> Reloading channel peer308.ipv4 for import
bird: 2026-07-27 20:00:02.009 [0000] <DBG> peer308.ipv4: reloading
bird: 2026-07-27 20:00:02.009 [0000] <INFO> Reloading channel peer308.ipv4 for export
bird: 2026-07-27 20:00:02.009 [0000] <INFO> Reloading channel peer309.ipv4 for import
bird: 2026-07-27 20:00:02.009 [0000] <DBG> peer309.ipv4: reloading
bird: 2026-07-27 20:00:02.009 [0000] <INFO> Reloading channel peer309.ipv4 for export
bird: 2026-07-27 20:00:02.009 [0000] <INFO> Reloading channel peer310.ipv4 for import
bird: 2026-07-27 20:00:02.009 [0000] <DBG> peer310.ipv4: reloading
bird: 2026-07-27 20:00:02.009 [0000] <INFO> Reloading channel peer310.ipv4 for export
bird: 2026-07-27 20:00:02.009 [0000] <INFO> Reloading channel peer311.ipv4 for import
bird: 2026-07-27 20:00:02.009 [0000] <DBG> peer311.ipv4: reloading
bird: 2026-07-27 20:00:02.009 [0000] <INFO> Reloading channel peer311.ipv4 for export
bird: 2026-07-27 20:00:02.009 [0000] <INFO> Reloading channel peer312.ipv4 for import
bird: 2026-07-27 20:00:02.009 [0000] <DBG> peer312.ipv4: reloading
bird: 2026-07-27 20:00:02.009 [0000] <INFO> Reloading channel peer312.ipv4 for export
bird: 2026-07-27 20:00:02.009 [0000] <INFO> Reloading channel peer313.ipv4 for import
bird: 2026-07-27 20:00:02.009 [0000] <DBG> peer313.ipv4: reloading
bird: 2026-07-27 20:00:02.009 [0000] <INFO> Reloading channel peer313.ipv4 for export
bird: 2026-07-27 20:00:02.009 [0000] <INFO> Reloading channel peer314.ipv4 for import
bird: 2026-07-27 20:00:02.009 [0000] <DBG> peer314.ipv4: reloading
bird: 2026-07-27 20:00:02.009 [0000] <INFO> Reloading channel peer314.ipv4 for export
bird: 2026-07-27 20:00:02.009 [0000] <INFO> Reloading channel peer315.ipv4 for import
bird: 2026-07-27 20:00:02.009 [0000] <DBG> peer315.ipv4: reloading
bird: 2026-07-27 20:00:02.009 [0000] <INFO> Reloading channel peer315.ipv4 for export
bird: 2026-07-27 20:00:02.009 [0000] <INFO> Reloading channel peer316.ipv4 for import
bird: 2026-07-27 20:00:02.009 [0000] <DBG> peer316.ipv4: reloading
bird: 2026-07-27 20:00:02.009 [0000] <INFO> Reloading channel peer316.ipv4 for export
bird: 2026-07-27 20:00:02.009 [0000] <INFO> Reloading channel peer317.ipv4 for import
bird: 2026-07-27 20:00:02.009 [0000] <DBG> peer317.ipv4: reloading
bird: 2026-07-27 20:00:02.009 [0000] <INFO> Reloading channel peer317.ipv4 for export
bird: 2026-07-27 20:00:02.009 [0000] <INFO> Reloading channel peer318.ipv4 for import
bird: 2026-07-27 20:00:02.009 [0000] <DBG> peer318.ipv4: reloading
bird: 2026-07-27 20:00:02.009 [0000] <INFO> Reloading channel peer318.ipv4 for export
bird: 2026-07-27 20:00:02.009 [0000] <INFO> Reloading channel peer319.ipv4 for import
bird: 2026-07-27 20:00:02.009 [0000] <DBG> peer319.ipv4: reloading
bird: 2026-07-27 20:00:02.009 [0000] <INFO> Reloading channel peer319.ipv4 for export
bird: 2026-07-27 20:00:02.009 [0000] <INFO> Reloading channel peer320.ipv4 for import
bird: 2026-07-27 20:00:02.009 [0000] <DBG> peer320.ipv4: reloading
bird: 2026-07-27 20:00:02.009 [0000] <INFO> Reloading channel peer320.ipv4 for export
bird: 2026-07-27 20:00:02.009 [0000] <INFO> Reloading channel peer321.ipv4 for import
bird: 2026-07-27 20:00:02.009 [0000] <DBG> peer321.ipv4: reloading
bird: 2026-07-27 20:00:02.009 [0000] <INFO> Reloading channel peer321.ipv4 for export
bird: 2026-07-27 20:00:02.009 [0000] <INFO> Reloading channel peer322.ipv4 for import
bird: 2026-07-27 20:00:02.009 [0000] <DBG> peer322.ipv4: reloading
bird: 2026-07-27 20:00:02.009 [0000] <INFO> Reloading channel peer322.ipv4 for export
bird: 2026-07-27 20:00:02.009 [0000] <INFO> Reloading channel peer323.ipv4 for import
bird: 2026-07-27 20:00:02.009 [0000] <DBG> peer323.ipv4: reloading
bird: 2026-07-27 20:00:02.009 [0000] <INFO> Reloading channel peer323.ipv4 for export
bird: 2026-07-27 20:00:02.009 [0000] <INFO> Reloading channel peer324.ipv4 for import
bird: 2026-07-27 20:00:02.009 [0000] <DBG> peer324.ipv4: reloading
bird: 2026-07-27 20:00:02.009 [0000] <INFO> Reloading channel peer324.ipv4 for export
bird: 2026-07-27 20:00:02.009 [0000] <INFO> Reloading channel peer325.ipv4 for import
bird: 2026-07-27 20:00:02.009 [0000] <DBG> peer325.ipv4: reloading
bird: 2026-07-27 20:00:02.009 [0000] <INFO> Reloading channel peer325.ipv4 for export
bird: 2026-07-27 20:00:02.009 [0000] <INFO> Reloading channel peer326.ipv4 for import
bird: 2026-07-27 20:00:02.009 [0000] <DBG> peer326.ipv4: reloading
bird: 2026-07-27 20:00:02.009 [0000] <INFO> Reloading channel peer326.ipv4 for export
bird: 2026-07-27 20:00:02.009 [0000] <INFO> Reloading channel peer327.ipv4 for import
bird: 2026-07-27 20:00:02.009 [0000] <DBG> peer327.ipv4: reloading
bird: 2026-07-27 20:00:02.009 [0000] <INFO> Reloading channel peer327.ipv4 for export
bird: 2026-07-27 20:00:02.009 [0000] <INFO> Reloading channel peer328.ipv4 for import
bird: 2026-07-27 20:00:02.009 [0000] <DBG> peer328.ipv4: reloading
bird: 2026-07-27 20:00:02.009 [0000] <INFO> Reloading channel peer328.ipv4 for export
bird: 2026-07-27 20:00:02.009 [0000] <INFO> Reloading channel peer329.ipv4 for import
bird: 2026-07-27 20:00:02.009 [0000] <DBG> peer329.ipv4: reloading
bird: 2026-07-27 20:00:02.009 [0000] <INFO> Reloading channel peer329.ipv4 for export
bird: 2026-07-27 20:00:02.009 [0000] <INFO> Reloading channel peer330.ipv4 for import
bird: 2026-07-27 20:00:02.009 [0000] <DBG> peer330.ipv4: reloading
bird: 2026-07-27 20:00:02.009 [0000] <INFO> Reloading channel peer330.ipv4 for export
bird: 2026-07-27 20:00:02.009 [0000] <INFO> Reloading channel peer331.ipv4 for import
bird: 2026-07-27 20:00:02.009 [0000] <DBG> peer331.ipv4: reloading
bird: 2026-07-27 20:00:02.009 [0000] <INFO> Reloading channel peer331.ipv4 for export
bird: 2026-07-27 20:00:02.009 [0000] <INFO> Reloading channel peer332.ipv4 for import
bird: 2026-07-27 20:00:02.009 [0000] <DBG> peer332.ipv4: reloading
bird: 2026-07-27 20:00:02.009 [0000] <INFO> Reloading channel peer332.ipv4 for export
bird: 2026-07-27 20:00:02.009 [0000] <INFO> Reloading channel peer333.ipv4 for import
bird: 2026-07-27 20:00:02.009 [0000] <DBG> peer333.ipv4: reloading
bird: 2026-07-27 20:00:02.009 [0000] <INFO> Reloading channel peer333.ipv4 for export
bird: 2026-07-27 20:00:02.009 [0000] <INFO> Reloading channel peer334.ipv4 for import
bird: 2026-07-27 20:00:02.009 [0000] <DBG> peer334.ipv4: reloading
bird: 2026-07-27 20:00:02.009 [0000] <INFO> Reloading channel peer334.ipv4 for export
bird: 2026-07-27 20:00:02.009 [0000] <INFO> Reloading channel peer335.ipv4 for import
bird: 2026-07-27 20:00:02.009 [0000] <DBG> peer335.ipv4: reloading
bird: 2026-07-27 20:00:02.009 [0000] <INFO> Reloading channel peer335.ipv4 for export
bird: 2026-07-27 20:00:02.009 [0000] <INFO> Reloading channel peer336.ipv4 for import
bird: 2026-07-27 20:00:02.009 [0000] <DBG> peer336.ipv4: reloading
bird: 2026-07-27 20:00:02.009 [0000] <INFO> Reloading channel peer336.ipv4 for export
bird: 2026-07-27 20:00:02.009 [0000] <INFO> Reloading channel peer337.ipv4 for import
bird: 2026-07-27 20:00:02.009 [0000] <DBG> peer337.ipv4: reloading
bird: 2026-07-27 20:00:02.009 [0000] <INFO> Reloading channel peer337.ipv4 for export
bird: 2026-07-27 20:00:02.009 [0000] <INFO> Reloading channel peer338.ipv4 for import
bird: 2026-07-27 20:00:02.009 [0000] <DBG> peer338.ipv4: reloading
bird: 2026-07-27 20:00:02.009 [0000] <INFO> Reloading channel peer338.ipv4 for export
bird: 2026-07-27 20:00:02.009 [0000] <INFO> Reloading channel peer339.ipv4 for import
bird: 2026-07-27 20:00:02.009 [0000] <DBG> peer339.ipv4: reloading
bird: 2026-07-27 20:00:02.009 [0000] <INFO> Reloading channel peer339.ipv4 for export
bird: 2026-07-27 20:00:02.009 [0000] <INFO> Reloading channel peer340.ipv4 for import
bird: 2026-07-27 20:00:02.009 [0000] <DBG> peer340.ipv4: reloading
bird: 2026-07-27 20:00:02.009 [0000] <INFO> Reloading channel peer340.ipv4 for export
bird: 2026-07-27 20:00:02.009 [0000] <INFO> Reloading channel peer341.ipv4 for import
bird: 2026-07-27 20:00:02.009 [0000] <DBG> peer341.ipv4: reloading
bird: 2026-07-27 20:00:02.009 [0000] <INFO> Reloading channel peer341.ipv4 for export
bird: 2026-07-27 20:00:02.009 [0000] <INFO> Reloading channel peer342.ipv4 for import
bird: 2026-07-27 20:00:02.009 [0000] <DBG> peer342.ipv4: reloading
bird: 2026-07-27 20:00:02.009 [0000] <INFO> Reloading channel peer342.ipv4 for export
bird: 2026-07-27 20:00:02.009 [0000] <INFO> Reloading channel peer343.ipv4 for import
bird: 2026-07-27 20:00:02.009 [0000] <DBG> peer343.ipv4: reloading
bird: 2026-07-27 20:00:02.009 [0000] <INFO> Reloading channel peer343.ipv4 for export
bird: 2026-07-27 20:00:02.009 [0000] <INFO> Reloading channel peer344.ipv4 for import
bird: 2026-07-27 20:00:02.009 [0000] <DBG> peer344.ipv4: reloading
bird: 2026-07-27 20:00:02.009 [0000] <INFO> Reloading channel peer344.ipv4 for export
bird: 2026-07-27 20:00:02.009 [0000] <INFO> Reloading channel peer345.ipv4 for import
bird: 2026-07-27 20:00:02.009 [0000] <DBG> peer345.ipv4: reloading
bird: 2026-07-27 20:00:02.009 [0000] <INFO> Reloading channel peer345.ipv4 for export
bird: 2026-07-27 20:00:02.009 [0000] <INFO> Reloading channel peer346.ipv4 for import
bird: 2026-07-27 20:00:02.009 [0000] <DBG> peer346.ipv4: reloading
bird: 2026-07-27 20:00:02.009 [0000] <INFO> Reloading channel peer346.ipv4 for export
bird: 2026-07-27 20:00:02.009 [0000] <INFO> Reloading channel peer347.ipv4 for import
bird: 2026-07-27 20:00:02.009 [0000] <DBG> peer347.ipv4: reloading
bird: 2026-07-27 20:00:02.009 [0000] <INFO> Reloading channel peer347.ipv4 for export
bird: 2026-07-27 20:00:02.009 [0000] <INFO> Reloading channel peer348.ipv4 for import
bird: 2026-07-27 20:00:02.009 [0000] <DBG> peer348.ipv4: reloading
bird: 2026-07-27 20:00:02.009 [0000] <INFO> Reloading channel peer348.ipv4 for export
bird: 2026-07-27 20:00:02.009 [0000] <INFO> Reloading channel peer349.ipv4 for import
bird: 2026-07-27 20:00:02.009 [0000] <DBG> peer349.ipv4: reloading
bird: 2026-07-27 20:00:02.009 [0000] <INFO> Reloading channel peer349.ipv4 for export
bird: 2026-07-27 20:00:02.009 [0000] <INFO> Reloading channel peer350.ipv4 for import
bird: 2026-07-27 20:00:02.009 [0000] <DBG> peer350.ipv4: reloading
bird: 2026-07-27 20:00:02.009 [0000] <INFO> Reloading channel peer350.ipv4 for export
bird: 2026-07-27 20:00:02.009 [0000] <INFO> Reloading channel peer351.ipv4 for import
bird: 2026-07-27 20:00:02.009 [0000] <DBG> peer351.ipv4: reloading
bird: 2026-07-27 20:00:02.009 [0000] <INFO> Reloading channel peer351.ipv4 for export
bird: 2026-07-27 20:00:02.009 [0000] <INFO> Reloading channel peer352.ipv4 for import
bird: 2026-07-27 20:00:02.009 [0000] <DBG> peer352.ipv4: reloading
bird: 2026-07-27 20:00:02.009 [0000] <INFO> Reloading channel peer352.ipv4 for export
bird: 2026-07-27 20:00:02.009 [0000] <INFO> Reloading channel peer353.ipv4 for import
bird: 2026-07-27 20:00:02.009 [0000] <DBG> peer353.ipv4: reloading
bird: 2026-07-27 20:00:02.009 [0000] <INFO> Reloading channel peer353.ipv4 for export
bird: 2026-07-27 20:00:02.009 [0000] <INFO> Reloading channel peer354.ipv4 for import
bird: 2026-07-27 20:00:02.009 [0000] <DBG> peer354.ipv4: reloading
bird: 2026-07-27 20:00:02.009 [0000] <INFO> Reloading channel peer354.ipv4 for export
bird: 2026-07-27 20:00:02.009 [0000] <INFO> Reloading channel peer355.ipv4 for import
bird: 2026-07-27 20:00:02.009 [0000] <DBG> peer355.ipv4: reloading
bird: 2026-07-27 20:00:02.009 [0000] <INFO> Reloading channel peer355.ipv4 for export
bird: 2026-07-27 20:00:02.009 [0000] <INFO> Reloading channel peer356.ipv4 for import
bird: 2026-07-27 20:00:02.009 [0000] <DBG> peer356.ipv4: reloading
bird: 2026-07-27 20:00:02.009 [0000] <INFO> Reloading channel peer356.ipv4 for export
bird: 2026-07-27 20:00:02.009 [0000] <INFO> Reloading channel peer357.ipv4 for import
bird: 2026-07-27 20:00:02.009 [0000] <DBG> peer357.ipv4: reloading
bird: 2026-07-27 20:00:02.009 [0000] <INFO> Reloading channel peer357.ipv4 for export
bird: 2026-07-27 20:00:02.009 [0000] <INFO> Reloading channel peer358.ipv4 for import
bird: 2026-07-27 20:00:02.009 [0000] <DBG> peer358.ipv4: reloading
bird: 2026-07-27 20:00:02.009 [0000] <INFO> Reloading channel peer358.ipv4 for export
bird: 2026-07-27 20:00:02.009 [0000] <INFO> Reloading channel peer359.ipv4 for import
bird: 2026-07-27 20:00:02.009 [0000] <DBG> peer359.ipv4: reloading
bird: 2026-07-27 20:00:02.009 [0000] <INFO> Reloading channel peer359.ipv4 for export
bird: 2026-07-27 20:00:02.009 [0000] <INFO> Reloading channel peer360.ipv4 for import
bird: 2026-07-27 20:00:02.009 [0000] <DBG> peer360.ipv4: reloading
bird: 2026-07-27 20:00:02.009 [0000] <INFO> Reloading channel peer360.ipv4 for export
bird: 2026-07-27 20:00:02.009 [0000] <INFO> Reloading channel peer361.ipv4 for import
bird: 2026-07-27 20:00:02.009 [0000] <DBG> peer361.ipv4: reloading
bird: 2026-07-27 20:00:02.009 [0000] <INFO> Reloading channel peer361.ipv4 for export
bird: 2026-07-27 20:00:02.009 [0000] <INFO> Reloading channel peer362.ipv4 for import
bird: 2026-07-27 20:00:02.009 [0000] <DBG> peer362.ipv4: reloading
bird: 2026-07-27 20:00:02.009 [0000] <INFO> Reloading channel peer362.ipv4 for export
bird: 2026-07-27 20:00:02.009 [0000] <INFO> Reloading channel peer363.ipv4 for import
bird: 2026-07-27 20:00:02.009 [0000] <DBG> peer363.ipv4: reloading
bird: 2026-07-27 20:00:02.009 [0000] <INFO> Reloading channel peer363.ipv4 for export
bird: 2026-07-27 20:00:02.009 [0000] <INFO> Reloading channel peer364.ipv4 for import
bird: 2026-07-27 20:00:02.009 [0000] <DBG> peer364.ipv4: reloading
bird: 2026-07-27 20:00:02.009 [0000] <INFO> Reloading channel peer364.ipv4 for export
bird: 2026-07-27 20:00:02.009 [0000] <INFO> Reloading channel peer365.ipv4 for import
bird: 2026-07-27 20:00:02.009 [0000] <DBG> peer365.ipv4: reloading
bird: 2026-07-27 20:00:02.009 [0000] <INFO> Reloading channel peer365.ipv4 for export
bird: 2026-07-27 20:00:02.009 [0000] <INFO> Reloading channel peer366.ipv4 for import
bird: 2026-07-27 20:00:02.009 [0000] <DBG> peer366.ipv4: reloading
bird: 2026-07-27 20:00:02.009 [0000] <INFO> Reloading channel peer366.ipv4 for export
bird: 2026-07-27 20:00:02.009 [0000] <INFO> Reloading channel peer367.ipv4 for import
bird: 2026-07-27 20:00:02.009 [0000] <DBG> peer367.ipv4: reloading
bird: 2026-07-27 20:00:02.009 [0000] <INFO> Reloading channel peer367.ipv4 for export
bird: 2026-07-27 20:00:02.009 [0000] <INFO> Reloading channel peer368.ipv4 for import
bird: 2026-07-27 20:00:02.009 [0000] <DBG> peer368.ipv4: reloading
bird: 2026-07-27 20:00:02.009 [0000] <INFO> Reloading channel peer368.ipv4 for export
bird: 2026-07-27 20:00:02.009 [0000] <INFO> Reloading channel peer369.ipv4 for import
bird: 2026-07-27 20:00:02.009 [0000] <DBG> peer369.ipv4: reloading
bird: 2026-07-27 20:00:02.009 [0000] <INFO> Reloading channel peer369.ipv4 for export
bird: 2026-07-27 20:00:02.009 [0000] <INFO> Reloading channel peer370.ipv4 for import
bird: 2026-07-27 20:00:02.009 [0000] <DBG> peer370.ipv4: reloading
bird: 2026-07-27 20:00:02.009 [0000] <INFO> Reloading channel peer370.ipv4 for export
bird: 2026-07-27 20:00:02.009 [0000] <INFO> Reloading channel peer371.ipv4 for import
bird: 2026-07-27 20:00:02.009 [0000] <DBG> peer371.ipv4: reloading
bird: 2026-07-27 20:00:02.009 [0000] <INFO> Reloading channel peer371.ipv4 for export
bird: 2026-07-27 20:00:02.009 [0000] <INFO> Reloading channel peer372.ipv4 for import
bird: 2026-07-27 20:00:02.009 [0000] <DBG> peer372.ipv4: reloading
bird: 2026-07-27 20:00:02.009 [0000] <INFO> Reloading channel peer372.ipv4 for export
bird: 2026-07-27 20:00:02.009 [0000] <INFO> Reloading channel peer373.ipv4 for import
bird: 2026-07-27 20:00:02.009 [0000] <DBG> peer373.ipv4: reloading
bird: 2026-07-27 20:00:02.009 [0000] <INFO> Reloading channel peer373.ipv4 for export
bird: 2026-07-27 20:00:02.009 [0000] <INFO> Reloading channel peer374.ipv4 for import
bird: 2026-07-27 20:00:02.009 [0000] <DBG> peer374.ipv4: reloading
bird: 2026-07-27 20:00:02.009 [0000] <INFO> Reloading channel peer374.ipv4 for export
bird: 2026-07-27 20:00:02.009 [0000] <INFO> Reloading channel peer375.ipv4 for import
bird: 2026-07-27 20:00:02.009 [0000] <DBG> peer375.ipv4: reloading
bird: 2026-07-27 20:00:02.009 [0000] <INFO> Reloading channel peer375.ipv4 for export
bird: 2026-07-27 20:00:02.009 [0000] <INFO> Reloading channel peer376.ipv4 for import
bird: 2026-07-27 20:00:02.009 [0000] <DBG> peer376.ipv4: reloading
bird: 2026-07-27 20:00:02.009 [0000] <INFO> Reloading channel peer376.ipv4 for export
bird: 2026-07-27 20:00:02.009 [0000] <INFO> Reloading channel peer377.ipv4 for import
bird: 2026-07-27 20:00:02.009 [0000] <DBG> peer377.ipv4: reloading
bird: 2026-07-27 20:00:02.009 [0000] <INFO> Reloading channel peer377.ipv4 for export
bird: 2026-07-27 20:00:02.009 [0000] <INFO> Reloading channel peer378.ipv4 for import
bird: 2026-07-27 20:00:02.009 [0000] <DBG> peer378.ipv4: reloading
bird: 2026-07-27 20:00:02.009 [0000] <INFO> Reloading channel peer378.ipv4 for export
bird: 2026-07-27 20:00:02.009 [0000] <INFO> Reloading channel peer379.ipv4 for import
bird: 2026-07-27 20:00:02.009 [0000] <DBG> peer379.ipv4: reloading
bird: 2026-07-27 20:00:02.009 [0000] <INFO> Reloading channel peer379.ipv4 for export
bird: 2026-07-27 20:00:02.009 [0000] <INFO> Reloading channel peer380.ipv4 for import
bird: 2026-07-27 20:00:02.009 [0000] <DBG> peer380.ipv4: reloading
bird: 2026-07-27 20:00:02.009 [0000] <INFO> Reloading channel peer380.ipv4 for export
bird: 2026-07-27 20:00:02.009 [0000] <INFO> Reloading channel peer381.ipv4 for import
bird: 2026-07-27 20:00:02.009 [0000] <DBG> peer381.ipv4: reloading
bird: 2026-07-27 20:00:02.009 [0000] <INFO> Reloading channel peer381.ipv4 for export
bird: 2026-07-27 20:00:02.009 [0000] <INFO> Reloading channel peer382.ipv4 for import
bird: 2026-07-27 20:00:02.009 [0000] <DBG> peer382.ipv4: reloading
bird: 2026-07-27 20:00:02.009 [0000] <INFO> Reloading channel peer382.ipv4 for export
bird: 2026-07-27 20:00:02.009 [0000] <INFO> Reloading channel peer383.ipv4 for import
bird: 2026-07-27 20:00:02.009 [0000] <DBG> peer383.ipv4: reloading
bird: 2026-07-27 20:00:02.009 [0000] <INFO> Reloading channel peer383.ipv4 for export
bird: 2026-07-27 20:00:02.009 [0000] <INFO> Reloading channel peer384.ipv4 for import
bird: 2026-07-27 20:00:02.009 [0000] <DBG> peer384.ipv4: reloading
bird: 2026-07-27 20:00:02.009 [0000] <INFO> Reloading channel peer384.ipv4 for export
bird: 2026-07-27 20:00:02.009 [0000] <INFO> Reloading channel peer385.ipv4 for import
bird: 2026-07-27 20:00:02.009 [0000] <DBG> peer385.ipv4: reloading
bird: 2026-07-27 20:00:02.009 [0000] <INFO> Reloading channel peer385.ipv4 for export
bird: 2026-07-27 20:00:02.009 [0000] <INFO> Reloading channel peer386.ipv4 for import
bird: 2026-07-27 20:00:02.009 [0000] <DBG> peer386.ipv4: reloading
bird: 2026-07-27 20:00:02.009 [0000] <INFO> Reloading channel peer386.ipv4 for export
bird: 2026-07-27 20:00:02.009 [0000] <INFO> Reloading channel peer387.ipv4 for import
bird: 2026-07-27 20:00:02.009 [0000] <DBG> peer387.ipv4: reloading
bird: 2026-07-27 20:00:02.009 [0000] <INFO> Reloading channel peer387.ipv4 for export
bird: 2026-07-27 20:00:02.009 [0000] <INFO> Reloading channel peer388.ipv4 for import
bird: 2026-07-27 20:00:02.009 [0000] <DBG> peer388.ipv4: reloading
bird: 2026-07-27 20:00:02.009 [0000] <INFO> Reloading channel peer388.ipv4 for export
bird: 2026-07-27 20:00:02.009 [0000] <INFO> Reloading channel peer389.ipv4 for import
bird: 2026-07-27 20:00:02.009 [0000] <DBG> peer389.ipv4: reloading
bird: 2026-07-27 20:00:02.009 [0000] <INFO> Reloading channel peer389.ipv4 for export
bird: 2026-07-27 20:00:02.009 [0000] <INFO> Reloading channel peer390.ipv4 for import
bird: 2026-07-27 20:00:02.009 [0000] <DBG> peer390.ipv4: reloading
bird: 2026-07-27 20:00:02.009 [0000] <INFO> Reloading channel peer390.ipv4 for export
bird: 2026-07-27 20:00:02.009 [0000] <INFO> Reloading channel peer391.ipv4 for import
bird: 2026-07-27 20:00:02.009 [0000] <DBG> peer391.ipv4: reloading
bird: 2026-07-27 20:00:02.009 [0000] <INFO> Reloading channel peer391.ipv4 for export
bird: 2026-07-27 20:00:02.009 [0000] <INFO> Reloading channel peer392.ipv4 for import
bird: 2026-07-27 20:00:02.009 [0000] <DBG> peer392.ipv4: reloading
bird: 2026-07-27 20:00:02.009 [0000] <INFO> Reloading channel peer392.ipv4 for export
bird: 2026-07-27 20:00:02.009 [0000] <INFO> Reloading channel peer393.ipv4 for import
bird: 2026-07-27 20:00:02.009 [0000] <DBG> peer393.ipv4: reloading
bird: 2026-07-27 20:00:02.009 [0000] <INFO> Reloading channel peer393.ipv4 for export
bird: 2026-07-27 20:00:02.009 [0000] <INFO> Reloading channel peer394.ipv4 for import
bird: 2026-07-27 20:00:02.009 [0000] <DBG> peer394.ipv4: reloading
bird: 2026-07-27 20:00:02.009 [0000] <INFO> Reloading channel peer394.ipv4 for export
bird: 2026-07-27 20:00:02.009 [0000] <INFO> Reloading channel peer395.ipv4 for import
bird: 2026-07-27 20:00:02.009 [0000] <DBG> peer395.ipv4: reloading
bird: 2026-07-27 20:00:02.009 [0000] <INFO> Reloading channel peer395.ipv4 for export
bird: 2026-07-27 20:00:02.009 [0000] <INFO> Reloading channel peer396.ipv4 for import
bird: 2026-07-27 20:00:02.009 [0000] <DBG> peer396.ipv4: reloading
bird: 2026-07-27 20:00:02.009 [0000] <INFO> Reloading channel peer396.ipv4 for export
bird: 2026-07-27 20:00:02.009 [0000] <INFO> Reloading channel peer397.ipv4 for import
bird: 2026-07-27 20:00:02.009 [0000] <DBG> peer397.ipv4: reloading
bird: 2026-07-27 20:00:02.009 [0000] <INFO> Reloading channel peer397.ipv4 for export
bird: 2026-07-27 20:00:02.009 [0000] <INFO> Reloading channel peer398.ipv4 for import
bird: 2026-07-27 20:00:02.009 [0000] <DBG> peer398.ipv4: reloading
bird: 2026-07-27 20:00:02.009 [0000] <INFO> Reloading channel peer398.ipv4 for export
bird: 2026-07-27 20:00:02.009 [0000] <INFO> Reloading channel peer399.ipv4 for import
bird: 2026-07-27 20:00:02.009 [0000] <DBG> peer399.ipv4: reloading
bird: 2026-07-27 20:00:02.009 [0000] <INFO> Reloading channel peer399.ipv4 for export
bird: 2026-07-27 20:00:02.009 [0000] <INFO> Reloading channel peer400.ipv4 for import
bird: 2026-07-27 20:00:02.009 [0000] <DBG> peer400.ipv4: reloading
bird: 2026-07-27 20:00:02.009 [0000] <INFO> Reloading channel peer400.ipv4 for export
bird: 2026-07-27 20:00:02.009 [0000] <INFO> Reloading channel peer401.ipv4 for import
bird: 2026-07-27 20:00:02.009 [0000] <DBG> peer401.ipv4: reloading
bird: 2026-07-27 20:00:02.009 [0000] <INFO> Reloading channel peer401.ipv4 for export
bird: 2026-07-27 20:00:02.009 [0000] <INFO> Reloading channel peer402.ipv4 for import
bird: 2026-07-27 20:00:02.009 [0000] <DBG> peer402.ipv4: reloading
bird: 2026-07-27 20:00:02.009 [0000] <INFO> Reloading channel peer402.ipv4 for export
bird: 2026-07-27 20:00:02.009 [0000] <INFO> Reloading channel peer403.ipv4 for import
bird: 2026-07-27 20:00:02.009 [0000] <DBG> peer403.ipv4: reloading
bird: 2026-07-27 20:00:02.009 [0000] <INFO> Reloading channel peer403.ipv4 for export
bird: 2026-07-27 20:00:02.009 [0000] <INFO> Reloading channel peer404.ipv4 for import
bird: 2026-07-27 20:00:02.009 [0000] <DBG> peer404.ipv4: reloading
bird: 2026-07-27 20:00:02.009 [0000] <INFO> Reloading channel peer404.ipv4 for export
bird: 2026-07-27 20:00:02.009 [0000] <INFO> Reloading channel peer405.ipv4 for import
bird: 2026-07-27 20:00:02.009 [0000] <DBG> peer405.ipv4: reloading
bird: 2026-07-27 20:00:02.009 [0000] <INFO> Reloading channel peer405.ipv4 for export
bird: 2026-07-27 20:00:02.009 [0000] <INFO> Reloading channel peer406.ipv4 for import
bird: 2026-07-27 20:00:02.009 [0000] <DBG> peer406.ipv4: reloading
bird: 2026-07-27 20:00:02.009 [0000] <INFO> Reloading channel peer406.ipv4 for export
bird: 2026-07-27 20:00:02.009 [0000] <INFO> Reloading channel peer407.ipv4 for import
bird: 2026-07-27 20:00:02.009 [0000] <DBG> peer407.ipv4: reloading
bird: 2026-07-27 20:00:02.009 [0000] <INFO> Reloading channel peer407.ipv4 for export
bird: 2026-07-27 20:00:02.009 [0000] <INFO> Reloading channel peer408.ipv4 for import
bird: 2026-07-27 20:00:02.009 [0000] <DBG> peer408.ipv4: reloading
bird: 2026-07-27 20:00:02.009 [0000] <INFO> Reloading channel peer408.ipv4 for export
bird: 2026-07-27 20:00:02.009 [0000] <INFO> Reloading channel peer409.ipv4 for import
bird: 2026-07-27 20:00:02.009 [0000] <DBG> peer409.ipv4: reloading
bird: 2026-07-27 20:00:02.009 [0000] <INFO> Reloading channel peer409.ipv4 for export
bird: 2026-07-27 20:00:02.009 [0000] <INFO> Reloading channel peer410.ipv4 for import
bird: 2026-07-27 20:00:02.009 [0000] <DBG> peer410.ipv4: reloading
bird: 2026-07-27 20:00:02.009 [0000] <INFO> Reloading channel peer410.ipv4 for export
bird: 2026-07-27 20:00:02.009 [0000] <INFO> Reloading channel peer411.ipv4 for import
bird: 2026-07-27 20:00:02.009 [0000] <DBG> peer411.ipv4: reloading
bird: 2026-07-27 20:00:02.009 [0000] <INFO> Reloading channel peer411.ipv4 for export
bird: 2026-07-27 20:00:02.009 [0000] <INFO> Reloading channel peer412.ipv4 for import
bird: 2026-07-27 20:00:02.009 [0000] <DBG> peer412.ipv4: reloading
bird: 2026-07-27 20:00:02.009 [0000] <INFO> Reloading channel peer412.ipv4 for export
bird: 2026-07-27 20:00:02.009 [0000] <INFO> Reloading channel peer413.ipv4 for import
bird: 2026-07-27 20:00:02.009 [0000] <DBG> peer413.ipv4: reloading
bird: 2026-07-27 20:00:02.009 [0000] <INFO> Reloading channel peer413.ipv4 for export
bird: 2026-07-27 20:00:02.009 [0000] <INFO> Reloading channel peer414.ipv4 for import
bird: 2026-07-27 20:00:02.009 [0000] <DBG> peer414.ipv4: reloading
bird: 2026-07-27 20:00:02.009 [0000] <INFO> Reloading channel peer414.ipv4 for export
bird: 2026-07-27 20:00:02.009 [0000] <INFO> Reloading channel peer415.ipv4 for import
bird: 2026-07-27 20:00:02.009 [0000] <DBG> peer415.ipv4: reloading
bird: 2026-07-27 20:00:02.009 [0000] <INFO> Reloading channel peer415.ipv4 for export
bird: 2026-07-27 20:00:02.009 [0000] <INFO> Reloading channel peer416.ipv4 for import
bird: 2026-07-27 20:00:02.009 [0000] <DBG> peer416.ipv4: reloading
bird: 2026-07-27 20:00:02.009 [0000] <INFO> Reloading channel peer416.ipv4 for export
bird: 2026-07-27 20:00:02.009 [0000] <INFO> Reloading channel peer417.ipv4 for import
bird: 2026-07-27 20:00:02.009 [0000] <DBG> peer417.ipv4: reloading
bird: 2026-07-27 20:00:02.009 [0000] <INFO> Reloading channel peer417.ipv4 for export
bird: 2026-07-27 20:00:02.009 [0000] <INFO> Reloading channel peer418.ipv4 for import
bird: 2026-07-27 20:00:02.009 [0000] <DBG> peer418.ipv4: reloading
bird: 2026-07-27 20:00:02.009 [0000] <INFO> Reloading channel peer418.ipv4 for export
bird: 2026-07-27 20:00:02.009 [0000] <INFO> Reloading channel peer419.ipv4 for import
bird: 2026-07-27 20:00:02.009 [0000] <DBG> peer419.ipv4: reloading
bird: 2026-07-27 20:00:02.009 [0000] <INFO> Reloading channel peer419.ipv4 for export
bird: 2026-07-27 20:00:02.009 [0000] <INFO> Reloading channel peer420.ipv4 for import
bird: 2026-07-27 20:00:02.009 [0000] <DBG> peer420.ipv4: reloading
bird: 2026-07-27 20:00:02.009 [0000] <INFO> Reloading channel peer420.ipv4 for export
bird: 2026-07-27 20:00:02.009 [0000] <INFO> Reloading channel peer421.ipv4 for import
bird: 2026-07-27 20:00:02.009 [0000] <DBG> peer421.ipv4: reloading
bird: 2026-07-27 20:00:02.009 [0000] <INFO> Reloading channel peer421.ipv4 for export
bird: 2026-07-27 20:00:02.009 [0000] <INFO> Reloading channel peer422.ipv4 for import
bird: 2026-07-27 20:00:02.009 [0000] <DBG> peer422.ipv4: reloading
bird: 2026-07-27 20:00:02.009 [0000] <INFO> Reloading channel peer422.ipv4 for export
bird: 2026-07-27 20:00:02.009 [0000] <INFO> Reloading channel peer423.ipv4 for import
bird: 2026-07-27 20:00:02.009 [0000] <DBG> peer423.ipv4: reloading
bird: 2026-07-27 20:00:02.009 [0000] <INFO> Reloading channel peer423.ipv4 for export
bird: 2026-07-27 20:00:02.009 [0000] <INFO> Reloading channel peer424.ipv4 for import
bird: 2026-07-27 20:00:02.009 [0000] <DBG> peer424.ipv4: reloading
bird: 2026-07-27 20:00:02.009 [0000] <INFO> Reloading channel peer424.ipv4 for export
bird: 2026-07-27 20:00:02.009 [0000] <INFO> Reloading channel peer425.ipv4 for import
bird: 2026-07-27 20:00:02.009 [0000] <DBG> peer425.ipv4: reloading
bird: 2026-07-27 20:00:02.009 [0000] <INFO> Reloading channel peer425.ipv4 for export
bird: 2026-07-27 20:00:02.009 [0000] <INFO> Reloading channel peer426.ipv4 for import
bird: 2026-07-27 20:00:02.009 [0000] <DBG> peer426.ipv4: reloading
bird: 2026-07-27 20:00:02.009 [0000] <INFO> Reloading channel peer426.ipv4 for export
bird: 2026-07-27 20:00:02.009 [0000] <INFO> Reloading channel peer427.ipv4 for import
bird: 2026-07-27 20:00:02.009 [0000] <DBG> peer427.ipv4: reloading
bird: 2026-07-27 20:00:02.009 [0000] <INFO> Reloading channel peer427.ipv4 for export
bird: 2026-07-27 20:00:02.009 [0000] <INFO> Reloading channel peer428.ipv4 for import
bird: 2026-07-27 20:00:02.009 [0000] <DBG> peer428.ipv4: reloading
bird: 2026-07-27 20:00:02.009 [0000] <INFO> Reloading channel peer428.ipv4 for export
bird: 2026-07-27 20:00:02.009 [0000] <INFO> Reloading channel peer429.ipv4 for import
bird: 2026-07-27 20:00:02.009 [0000] <DBG> peer429.ipv4: reloading
bird: 2026-07-27 20:00:02.009 [0000] <INFO> Reloading channel peer429.ipv4 for export
bird: 2026-07-27 20:00:02.009 [0000] <INFO> Reloading channel peer430.ipv4 for import
bird: 2026-07-27 20:00:02.009 [0000] <DBG> peer430.ipv4: reloading
bird: 2026-07-27 20:00:02.009 [0000] <INFO> Reloading channel peer430.ipv4 for export
bird: 2026-07-27 20:00:02.009 [0000] <INFO> Reloading channel peer431.ipv4 for import
bird: 2026-07-27 20:00:02.009 [0000] <DBG> peer431.ipv4: reloading
bird: 2026-07-27 20:00:02.009 [0000] <INFO> Reloading channel peer431.ipv4 for export
bird: 2026-07-27 20:00:02.009 [0000] <INFO> Reloading channel peer432.ipv4 for import
bird: 2026-07-27 20:00:02.009 [0000] <DBG> peer432.ipv4: reloading
bird: 2026-07-27 20:00:02.009 [0000] <INFO> Reloading channel peer432.ipv4 for export
bird: 2026-07-27 20:00:02.009 [0000] <INFO> Reloading channel peer433.ipv4 for import
bird: 2026-07-27 20:00:02.009 [0000] <DBG> peer433.ipv4: reloading
bird: 2026-07-27 20:00:02.009 [0000] <INFO> Reloading channel peer433.ipv4 for export
bird: 2026-07-27 20:00:02.009 [0000] <INFO> Reloading channel peer434.ipv4 for import
bird: 2026-07-27 20:00:02.009 [0000] <DBG> peer434.ipv4: reloading
bird: 2026-07-27 20:00:02.009 [0000] <INFO> Reloading channel peer434.ipv4 for export
bird: 2026-07-27 20:00:02.009 [0000] <INFO> Reloading channel peer435.ipv4 for import
bird: 2026-07-27 20:00:02.009 [0000] <DBG> peer435.ipv4: reloading
bird: 2026-07-27 20:00:02.009 [0000] <INFO> Reloading channel peer435.ipv4 for export
bird: 2026-07-27 20:00:02.009 [0000] <INFO> Reloading channel peer436.ipv4 for import
bird: 2026-07-27 20:00:02.009 [0000] <DBG> peer436.ipv4: reloading
bird: 2026-07-27 20:00:02.009 [0000] <INFO> Reloading channel peer436.ipv4 for export
bird: 2026-07-27 20:00:02.009 [0000] <INFO> Reloading channel peer437.ipv4 for import
bird: 2026-07-27 20:00:02.009 [0000] <DBG> peer437.ipv4: reloading
bird: 2026-07-27 20:00:02.009 [0000] <INFO> Reloading channel peer437.ipv4 for export
bird: 2026-07-27 20:00:02.009 [0000] <INFO> Reloading channel peer438.ipv4 for import
bird: 2026-07-27 20:00:02.009 [0000] <DBG> peer438.ipv4: reloading
bird: 2026-07-27 20:00:02.009 [0000] <INFO> Reloading channel peer438.ipv4 for export
bird: 2026-07-27 20:00:02.009 [0000] <INFO> Reloading channel peer439.ipv4 for import
bird: 2026-07-27 20:00:02.009 [0000] <DBG> peer439.ipv4: reloading
bird: 2026-07-27 20:00:02.009 [0000] <INFO> Reloading channel peer439.ipv4 for export
bird: 2026-07-27 20:00:02.009 [0000] <INFO> Reloading channel peer440.ipv4 for import
bird: 2026-07-27 20:00:02.009 [0000] <DBG> peer440.ipv4: reloading
bird: 2026-07-27 20:00:02.009 [0000] <INFO> Reloading channel peer440.ipv4 for export
bird: 2026-07-27 20:00:02.009 [0000] <INFO> Reloading channel peer441.ipv4 for import
bird: 2026-07-27 20:00:02.009 [0000] <DBG> peer441.ipv4: reloading
bird: 2026-07-27 20:00:02.009 [0000] <INFO> Reloading channel peer441.ipv4 for export
bird: 2026-07-27 20:00:02.009 [0000] <INFO> Reloading channel peer442.ipv4 for import
bird: 2026-07-27 20:00:02.009 [0000] <DBG> peer442.ipv4: reloading
bird: 2026-07-27 20:00:02.009 [0000] <INFO> Reloading channel peer442.ipv4 for export
bird: 2026-07-27 20:00:02.009 [0000] <INFO> Reloading channel peer443.ipv4 for import
bird: 2026-07-27 20:00:02.009 [0000] <DBG> peer443.ipv4: reloading
bird: 2026-07-27 20:00:02.009 [0000] <INFO> Reloading channel peer443.ipv4 for export
bird: 2026-07-27 20:00:02.009 [0000] <INFO> Reloading channel peer444.ipv4 for import
bird: 2026-07-27 20:00:02.009 [0000] <DBG> peer444.ipv4: reloading
bird: 2026-07-27 20:00:02.009 [0000] <INFO> Reloading channel peer444.ipv4 for export
bird: 2026-07-27 20:00:02.009 [0000] <INFO> Reloading channel peer445.ipv4 for import
bird: 2026-07-27 20:00:02.009 [0000] <DBG> peer445.ipv4: reloading
bird: 2026-07-27 20:00:02.009 [0000] <INFO> Reloading channel peer445.ipv4 for export
bird: 2026-07-27 20:00:02.009 [0000] <INFO> Reloading channel peer446.ipv4 for import
bird: 2026-07-27 20:00:02.009 [0000] <DBG> peer446.ipv4: reloading
bird: 2026-07-27 20:00:02.009 [0000] <INFO> Reloading channel peer446.ipv4 for export
bird: 2026-07-27 20:00:02.009 [0000] <INFO> Reloading channel peer447.ipv4 for import
bird: 2026-07-27 20:00:02.009 [0000] <DBG> peer447.ipv4: reloading
bird: 2026-07-27 20:00:02.009 [0000] <INFO> Reloading channel peer447.ipv4 for export
bird: 2026-07-27 20:00:02.009 [0000] <INFO> Reloading channel peer448.ipv4 for import
bird: 2026-07-27 20:00:02.009 [0000] <DBG> peer448.ipv4: reloading
bird: 2026-07-27 20:00:02.009 [0000] <INFO> Reloading channel peer448.ipv4 for export
bird: 2026-07-27 20:00:02.009 [0000] <INFO> Reloading channel peer449.ipv4 for import
bird: 2026-07-27 20:00:02.009 [0000] <DBG> peer449.ipv4: reloading
bird: 2026-07-27 20:00:02.009 [0000] <INFO> Reloading channel peer449.ipv4 for export
bird: 2026-07-27 20:00:02.009 [0000] <INFO> Reloading channel peer450.ipv4 for import
bird: 2026-07-27 20:00:02.009 [0000] <DBG> peer450.ipv4: reloading
bird: 2026-07-27 20:00:02.009 [0000] <INFO> Reloading channel peer450.ipv4 for export
bird: 2026-07-27 20:00:02.009 [0000] <INFO> Reloading channel peer451.ipv4 for import
bird: 2026-07-27 20:00:02.009 [0000] <DBG> peer451.ipv4: reloading
bird: 2026-07-27 20:00:02.009 [0000] <INFO> Reloading channel peer451.ipv4 for export
bird: 2026-07-27 20:00:02.009 [0000] <INFO> Reloading channel peer452.ipv4 for import
bird: 2026-07-27 20:00:02.009 [0000] <DBG> peer452.ipv4: reloading
bird: 2026-07-27 20:00:02.009 [0000] <INFO> Reloading channel peer452.ipv4 for export
bird: 2026-07-27 20:00:02.009 [0000] <INFO> Reloading channel peer453.ipv4 for import
bird: 2026-07-27 20:00:02.009 [0000] <DBG> peer453.ipv4: reloading
bird: 2026-07-27 20:00:02.009 [0000] <INFO> Reloading channel peer453.ipv4 for export
bird: 2026-07-27 20:00:02.009 [0000] <INFO> Reloading channel peer454.ipv4 for import
bird: 2026-07-27 20:00:02.009 [0000] <DBG> peer454.ipv4: reloading
bird: 2026-07-27 20:00:02.009 [0000] <INFO> Reloading channel peer454.ipv4 for export
bird: 2026-07-27 20:00:02.009 [0000] <INFO> Reloading channel peer455.ipv4 for import
bird: 2026-07-27 20:00:02.009 [0000] <DBG> peer455.ipv4: reloading
bird: 2026-07-27 20:00:02.009 [0000] <INFO> Reloading channel peer455.ipv4 for export
bird: 2026-07-27 20:00:02.009 [0000] <INFO> Reloading channel peer456.ipv4 for import
bird: 2026-07-27 20:00:02.009 [0000] <DBG> peer456.ipv4: reloading
bird: 2026-07-27 20:00:02.009 [0000] <INFO> Reloading channel peer456.ipv4 for export
bird: 2026-07-27 20:00:02.009 [0000] <INFO> Reloading channel peer457.ipv4 for import
bird: 2026-07-27 20:00:02.009 [0000] <DBG> peer457.ipv4: reloading
bird: 2026-07-27 20:00:02.009 [0000] <INFO> Reloading channel peer457.ipv4 for export
bird: 2026-07-27 20:00:02.009 [0000] <INFO> Reloading channel peer458.ipv4 for import
bird: 2026-07-27 20:00:02.009 [0000] <DBG> peer458.ipv4: reloading
bird: 2026-07-27 20:00:02.009 [0000] <INFO> Reloading channel peer458.ipv4 for export
bird: 2026-07-27 20:00:02.009 [0000] <INFO> Reloading channel peer459.ipv4 for import
bird: 2026-07-27 20:00:02.009 [0000] <DBG> peer459.ipv4: reloading
bird: 2026-07-27 20:00:02.009 [0000] <INFO> Reloading channel peer459.ipv4 for export
bird: 2026-07-27 20:00:02.009 [0000] <INFO> Reloading channel peer460.ipv4 for import
bird: 2026-07-27 20:00:02.009 [0000] <DBG> peer460.ipv4: reloading
bird: 2026-07-27 20:00:02.009 [0000] <INFO> Reloading channel peer460.ipv4 for export
bird: 2026-07-27 20:00:02.009 [0000] <INFO> Reloading channel peer461.ipv4 for import
bird: 2026-07-27 20:00:02.009 [0000] <DBG> peer461.ipv4: reloading
bird: 2026-07-27 20:00:02.009 [0000] <INFO> Reloading channel peer461.ipv4 for export
bird: 2026-07-27 20:00:02.009 [0000] <INFO> Reloading channel peer462.ipv4 for import
bird: 2026-07-27 20:00:02.009 [0000] <DBG> peer462.ipv4: reloading
bird: 2026-07-27 20:00:02.009 [0000] <INFO> Reloading channel peer462.ipv4 for export
bird: 2026-07-27 20:00:02.009 [0000] <INFO> Reloading channel peer463.ipv4 for import
bird: 2026-07-27 20:00:02.009 [0000] <DBG> peer463.ipv4: reloading
bird: 2026-07-27 20:00:02.009 [0000] <INFO> Reloading channel peer463.ipv4 for export
bird: 2026-07-27 20:00:02.009 [0000] <INFO> Reloading channel peer464.ipv4 for import
bird: 2026-07-27 20:00:02.009 [0000] <DBG> peer464.ipv4: reloading
bird: 2026-07-27 20:00:02.009 [0000] <INFO> Reloading channel peer464.ipv4 for export
bird: 2026-07-27 20:00:02.009 [0000] <INFO> Reloading channel peer465.ipv4 for import
bird: 2026-07-27 20:00:02.009 [0000] <DBG> peer465.ipv4: reloading
bird: 2026-07-27 20:00:02.009 [0000] <INFO> Reloading channel peer465.ipv4 for export
bird: 2026-07-27 20:00:02.009 [0000] <INFO> Reloading channel peer466.ipv4 for import
bird: 2026-07-27 20:00:02.009 [0000] <DBG> peer466.ipv4: reloading
bird: 2026-07-27 20:00:02.009 [0000] <INFO> Reloading channel peer466.ipv4 for export
bird: 2026-07-27 20:00:02.009 [0000] <INFO> Reloading channel peer467.ipv4 for import
bird: 2026-07-27 20:00:02.009 [0000] <DBG> peer467.ipv4: reloading
bird: 2026-07-27 20:00:02.009 [0000] <INFO> Reloading channel peer467.ipv4 for export
bird: 2026-07-27 20:00:02.009 [0000] <INFO> Reloading channel peer468.ipv4 for import
bird: 2026-07-27 20:00:02.009 [0000] <DBG> peer468.ipv4: reloading
bird: 2026-07-27 20:00:02.009 [0000] <INFO> Reloading channel peer468.ipv4 for export
bird: 2026-07-27 20:00:02.009 [0000] <INFO> Reloading channel peer469.ipv4 for import
bird: 2026-07-27 20:00:02.009 [0000] <DBG> peer469.ipv4: reloading
bird: 2026-07-27 20:00:02.009 [0000] <INFO> Reloading channel peer469.ipv4 for export
bird: 2026-07-27 20:00:02.009 [0000] <INFO> Reloading channel peer470.ipv4 for import
bird: 2026-07-27 20:00:02.009 [0000] <DBG> peer470.ipv4: reloading
bird: 2026-07-27 20:00:02.009 [0000] <INFO> Reloading channel peer470.ipv4 for export
bird: 2026-07-27 20:00:02.009 [0000] <INFO> Reloading channel peer471.ipv4 for import
bird: 2026-07-27 20:00:02.009 [0000] <DBG> peer471.ipv4: reloading
bird: 2026-07-27 20:00:02.009 [0000] <INFO> Reloading channel peer471.ipv4 for export
bird: 2026-07-27 20:00:02.009 [0000] <INFO> Reloading channel peer472.ipv4 for import
bird: 2026-07-27 20:00:02.009 [0000] <DBG> peer472.ipv4: reloading
bird: 2026-07-27 20:00:02.009 [0000] <INFO> Reloading channel peer472.ipv4 for export
bird: 2026-07-27 20:00:02.009 [0000] <INFO> Reloading channel peer473.ipv4 for import
bird: 2026-07-27 20:00:02.009 [0000] <DBG> peer473.ipv4: reloading
bird: 2026-07-27 20:00:02.009 [0000] <INFO> Reloading channel peer473.ipv4 for export
bird: 2026-07-27 20:00:02.009 [0000] <INFO> Reloading channel peer474.ipv4 for import
bird: 2026-07-27 20:00:02.009 [0000] <DBG> peer474.ipv4: reloading
bird: 2026-07-27 20:00:02.009 [0000] <INFO> Reloading channel peer474.ipv4 for export
bird: 2026-07-27 20:00:02.009 [0000] <INFO> Reloading channel peer475.ipv4 for import
bird: 2026-07-27 20:00:02.009 [0000] <DBG> peer475.ipv4: reloading
bird: 2026-07-27 20:00:02.009 [0000] <INFO> Reloading channel peer475.ipv4 for export
bird: 2026-07-27 20:00:02.009 [0000] <INFO> Reloading channel peer476.ipv4 for import
bird: 2026-07-27 20:00:02.009 [0000] <DBG> peer476.ipv4: reloading
bird: 2026-07-27 20:00:02.009 [0000] <INFO> Reloading channel peer476.ipv4 for export
bird: 2026-07-27 20:00:02.009 [0000] <INFO> Reloading channel peer477.ipv4 for import
bird: 2026-07-27 20:00:02.009 [0000] <DBG> peer477.ipv4: reloading
bird: 2026-07-27 20:00:02.009 [0000] <INFO> Reloading channel peer477.ipv4 for export
bird: 2026-07-27 20:00:02.009 [0000] <INFO> Reloading channel peer478.ipv4 for import
bird: 2026-07-27 20:00:02.009 [0000] <DBG> peer478.ipv4: reloading
bird: 2026-07-27 20:00:02.009 [0000] <INFO> Reloading channel peer478.ipv4 for export
bird: 2026-07-27 20:00:02.009 [0000] <INFO> Reloading channel peer479.ipv4 for import
bird: 2026-07-27 20:00:02.009 [0000] <DBG> peer479.ipv4: reloading
bird: 2026-07-27 20:00:02.009 [0000] <INFO> Reloading channel peer479.ipv4 for export
bird: 2026-07-27 20:00:02.009 [0000] <INFO> Reloading channel peer480.ipv4 for import
bird: 2026-07-27 20:00:02.009 [0000] <DBG> peer480.ipv4: reloading
bird: 2026-07-27 20:00:02.009 [0000] <INFO> Reloading channel peer480.ipv4 for export
bird: 2026-07-27 20:00:02.009 [0000] <INFO> Reloading channel peer481.ipv4 for import
bird: 2026-07-27 20:00:02.009 [0000] <DBG> peer481.ipv4: reloading
bird: 2026-07-27 20:00:02.009 [0000] <INFO> Reloading channel peer481.ipv4 for export
bird: 2026-07-27 20:00:02.009 [0000] <INFO> Reloading channel peer482.ipv4 for import
bird: 2026-07-27 20:00:02.009 [0000] <DBG> peer482.ipv4: reloading
bird: 2026-07-27 20:00:02.009 [0000] <INFO> Reloading channel peer482.ipv4 for export
bird: 2026-07-27 20:00:02.009 [0000] <INFO> Reloading channel peer483.ipv4 for import
bird: 2026-07-27 20:00:02.009 [0000] <DBG> peer483.ipv4: reloading
bird: 2026-07-27 20:00:02.009 [0000] <INFO> Reloading channel peer483.ipv4 for export
bird: 2026-07-27 20:00:02.009 [0000] <INFO> Reloading channel peer484.ipv4 for import
bird: 2026-07-27 20:00:02.009 [0000] <DBG> peer484.ipv4: reloading
bird: 2026-07-27 20:00:02.009 [0000] <INFO> Reloading channel peer484.ipv4 for export
bird: 2026-07-27 20:00:02.009 [0000] <INFO> Reloading channel peer485.ipv4 for import
bird: 2026-07-27 20:00:02.009 [0000] <DBG> peer485.ipv4: reloading
bird: 2026-07-27 20:00:02.009 [0000] <INFO> Reloading channel peer485.ipv4 for export
bird: 2026-07-27 20:00:02.009 [0000] <INFO> Reloading channel peer486.ipv4 for import
bird: 2026-07-27 20:00:02.009 [0000] <DBG> peer486.ipv4: reloading
bird: 2026-07-27 20:00:02.009 [0000] <INFO> Reloading channel peer486.ipv4 for export
bird: 2026-07-27 20:00:02.009 [0000] <INFO> Reloading channel peer487.ipv4 for import
bird: 2026-07-27 20:00:02.009 [0000] <DBG> peer487.ipv4: reloading
bird: 2026-07-27 20:00:02.009 [0000] <INFO> Reloading channel peer487.ipv4 for export
bird: 2026-07-27 20:00:02.009 [0000] <INFO> Reloading channel peer488.ipv4 for import
bird: 2026-07-27 20:00:02.009 [0000] <DBG> peer488.ipv4: reloading
bird: 2026-07-27 20:00:02.009 [0000] <INFO> Reloading channel peer488.ipv4 for export
bird: 2026-07-27 20:00:02.009 [0000] <INFO> Reloading channel peer489.ipv4 for import
bird: 2026-07-27 20:00:02.009 [0000] <DBG> peer489.ipv4: reloading
bird: 2026-07-27 20:00:02.009 [0000] <INFO> Reloading channel peer489.ipv4 for export
bird: 2026-07-27 20:00:02.009 [0000] <INFO> Reloading channel peer490.ipv4 for import
bird: 2026-07-27 20:00:02.009 [0000] <DBG> peer490.ipv4: reloading
bird: 2026-07-27 20:00:02.009 [0000] <INFO> Reloading channel peer490.ipv4 for export
bird: 2026-07-27 20:00:02.009 [0000] <INFO> Reloading channel peer491.ipv4 for import
bird: 2026-07-27 20:00:02.009 [0000] <DBG> peer491.ipv4: reloading
bird: 2026-07-27 20:00:02.009 [0000] <INFO> Reloading channel peer491.ipv4 for export
bird: 2026-07-27 20:00:02.009 [0000] <INFO> Reloading channel peer492.ipv4 for import
bird: 2026-07-27 20:00:02.009 [0000] <DBG> peer492.ipv4: reloading
bird: 2026-07-27 20:00:02.009 [0000] <INFO> Reloading channel peer492.ipv4 for export
bird: 2026-07-27 20:00:02.009 [0000] <INFO> Reloading channel peer493.ipv4 for import
bird: 2026-07-27 20:00:02.009 [0000] <DBG> peer493.ipv4: reloading
bird: 2026-07-27 20:00:02.009 [0000] <INFO> Reloading channel peer493.ipv4 for export
bird: 2026-07-27 20:00:02.009 [0000] <INFO> Reloading channel peer494.ipv4 for import
bird: 2026-07-27 20:00:02.009 [0000] <DBG> peer494.ipv4: reloading
bird: 2026-07-27 20:00:02.009 [0000] <INFO> Reloading channel peer494.ipv4 for export
bird: 2026-07-27 20:00:02.009 [0000] <INFO> Reloading channel peer495.ipv4 for import
bird: 2026-07-27 20:00:02.009 [0000] <DBG> peer495.ipv4: reloading
bird: 2026-07-27 20:00:02.009 [0000] <INFO> Reloading channel peer495.ipv4 for export
bird: 2026-07-27 20:00:02.009 [0000] <INFO> Reloading channel peer496.ipv4 for import
bird: 2026-07-27 20:00:02.009 [0000] <DBG> peer496.ipv4: reloading
bird: 2026-07-27 20:00:02.009 [0000] <INFO> Reloading channel peer496.ipv4 for export
bird: 2026-07-27 20:00:02.009 [0000] <INFO> Reloading channel peer497.ipv4 for import
bird: 2026-07-27 20:00:02.009 [0000] <DBG> peer497.ipv4: reloading
bird: 2026-07-27 20:00:02.009 [0000] <INFO> Reloading channel peer497.ipv4 for export
bird: 2026-07-27 20:00:02.009 [0000] <INFO> Reloading channel peer498.ipv4 for import
bird: 2026-07-27 20:00:02.009 [0000] <DBG> peer498.ipv4: reloading
bird: 2026-07-27 20:00:02.009 [0000] <INFO> Reloading channel peer498.ipv4 for export
bird: 2026-07-27 20:00:02.009 [0000] <INFO> Reloading channel peer499.ipv4 for import
bird: 2026-07-27 20:00:02.009 [0000] <DBG> peer499.ipv4: reloading
bird: 2026-07-27 20:00:02.009 [0000] <INFO> Reloading channel peer499.ipv4 for export
bird: 2026-07-27 20:00:02.009 [0000] <INFO> Reloading channel peer500.ipv4 for import
bird: 2026-07-27 20:00:02.009 [0000] <DBG> peer500.ipv4: reloading
bird: 2026-07-27 20:00:02.009 [0000] <INFO> Reloading channel peer500.ipv4 for export
bird: 2026-07-27 20:00:02.009 [0000] <INFO> Reloading channel peer501.ipv4 for import
bird: 2026-07-27 20:00:02.009 [0000] <DBG> peer501.ipv4: reloading
bird: 2026-07-27 20:00:02.009 [0000] <INFO> Reloading channel peer501.ipv4 for export
bird: 2026-07-27 20:00:02.009 [0000] <INFO> Reloading channel peer502.ipv4 for import
bird: 2026-07-27 20:00:02.009 [0000] <DBG> peer502.ipv4: reloading
bird: 2026-07-27 20:00:02.009 [0000] <INFO> Reloading channel peer502.ipv4 for export
bird: 2026-07-27 20:00:02.009 [0000] <INFO> Reloading channel peer503.ipv4 for import
bird: 2026-07-27 20:00:02.009 [0000] <DBG> peer503.ipv4: reloading
bird: 2026-07-27 20:00:02.009 [0000] <INFO> Reloading channel peer503.ipv4 for export
bird: 2026-07-27 20:00:02.009 [0000] <INFO> Reloading channel peer504.ipv4 for import
bird: 2026-07-27 20:00:02.009 [0000] <DBG> peer504.ipv4: reloading
bird: 2026-07-27 20:00:02.009 [0000] <INFO> Reloading channel peer504.ipv4 for export
bird: 2026-07-27 20:00:02.009 [0000] <INFO> Reloading channel peer505.ipv4 for import
bird: 2026-07-27 20:00:02.009 [0000] <DBG> peer505.ipv4: reloading
bird: 2026-07-27 20:00:02.009 [0000] <INFO> Reloading channel peer505.ipv4 for export
bird: 2026-07-27 20:00:02.009 [0000] <INFO> Reloading channel peer506.ipv4 for import
bird: 2026-07-27 20:00:02.009 [0000] <DBG> peer506.ipv4: reloading
bird: 2026-07-27 20:00:02.009 [0000] <INFO> Reloading channel peer506.ipv4 for export
bird: 2026-07-27 20:00:02.009 [0000] <INFO> Reloading channel peer507.ipv4 for import
bird: 2026-07-27 20:00:02.009 [0000] <DBG> peer507.ipv4: reloading
bird: 2026-07-27 20:00:02.009 [0000] <INFO> Reloading channel peer507.ipv4 for export
bird: 2026-07-27 20:00:02.009 [0000] <INFO> Reloading channel peer508.ipv4 for import
bird: 2026-07-27 20:00:02.009 [0000] <DBG> peer508.ipv4: reloading
bird: 2026-07-27 20:00:02.009 [0000] <INFO> Reloading channel peer508.ipv4 for export
bird: 2026-07-27 20:00:02.009 [0000] <INFO> Reloading channel peer509.ipv4 for import
bird: 2026-07-27 20:00:02.009 [0000] <DBG> peer509.ipv4: reloading
bird: 2026-07-27 20:00:02.009 [0000] <INFO> Reloading channel peer509.ipv4 for export
bird: 2026-07-27 20:00:02.009 [0000] <INFO> Reloading channel peer510.ipv4 for import
bird: 2026-07-27 20:00:02.009 [0000] <DBG> peer510.ipv4: reloading
bird: 2026-07-27 20:00:02.009 [0000] <INFO> Reloading channel peer510.ipv4 for export
bird: 2026-07-27 20:00:02.009 [0000] <INFO> Reloading channel peer511.ipv4 for import
bird: 2026-07-27 20:00:02.009 [0000] <DBG> peer511.ipv4: reloading
bird: 2026-07-27 20:00:02.009 [0000] <INFO> Reloading channel peer511.ipv4 for export
bird: 2026-07-27 20:00:02.009 [0000] <INFO> Reloading channel peer512.ipv4 for import
bird: 2026-07-27 20:00:02.009 [0000] <DBG> peer512.ipv4: reloading
bird: 2026-07-27 20:00:02.009 [0000] <INFO> Reloading channel peer512.ipv4 for export
bird: 2026-07-27 20:00:02.009 [0000] <INFO> Reloading channel peer513.ipv4 for import
bird: 2026-07-27 20:00:02.009 [0000] <DBG> peer513.ipv4: reloading
bird: 2026-07-27 20:00:02.009 [0000] <INFO> Reloading channel peer513.ipv4 for export
bird: 2026-07-27 20:00:02.009 [0000] <INFO> Reloading channel peer514.ipv4 for import
bird: 2026-07-27 20:00:02.009 [0000] <DBG> peer514.ipv4: reloading
bird: 2026-07-27 20:00:02.009 [0000] <INFO> Reloading channel peer514.ipv4 for export
bird: 2026-07-27 20:00:02.009 [0000] <INFO> Reloading channel peer515.ipv4 for import
bird: 2026-07-27 20:00:02.009 [0000] <DBG> peer515.ipv4: reloading
bird: 2026-07-27 20:00:02.009 [0000] <INFO> Reloading channel peer515.ipv4 for export
bird: 2026-07-27 20:00:02.009 [0000] <INFO> Reloading channel peer516.ipv4 for import
bird: 2026-07-27 20:00:02.009 [0000] <DBG> peer516.ipv4: reloading
bird: 2026-07-27 20:00:02.009 [0000] <INFO> Reloading channel peer516.ipv4 for export
bird: 2026-07-27 20:00:02.009 [0000] <INFO> Reloading channel peer517.ipv4 for import
bird: 2026-07-27 20:00:02.009 [0000] <DBG> peer517.ipv4: reloading
bird: 2026-07-27 20:00:02.009 [0000] <INFO> Reloading channel peer517.ipv4 for export
bird: 2026-07-27 20:00:02.009 [0000] <INFO> Reloading channel peer518.ipv4 for import
bird: 2026-07-27 20:00:02.009 [0000] <DBG> peer518.ipv4: reloading
bird: 2026-07-27 20:00:02.009 [0000] <INFO> Reloading channel peer518.ipv4 for export
bird: 2026-07-27 20:00:02.009 [0000] <INFO> Reloading channel peer519.ipv4 for import
bird: 2026-07-27 20:00:02.009 [0000] <DBG> peer519.ipv4: reloading
bird: 2026-07-27 20:00:02.009 [0000] <INFO> Reloading channel peer519.ipv4 for export
bird: 2026-07-27 20:00:02.009 [0000] <INFO> Reloading channel peer520.ipv4 for import
bird: 2026-07-27 20:00:02.009 [0000] <DBG> peer520.ipv4: reloading
bird: 2026-07-27 20:00:02.009 [0000] <INFO> Reloading channel peer520.ipv4 for export
bird: 2026-07-27 20:00:02.009 [0000] <INFO> Reloading channel peer521.ipv4 for import
bird: 2026-07-27 20:00:02.009 [0000] <DBG> peer521.ipv4: reloading
bird: 2026-07-27 20:00:02.009 [0000] <INFO> Reloading channel peer521.ipv4 for export
bird: 2026-07-27 20:00:02.009 [0000] <INFO> Reloading channel peer522.ipv4 for import
bird: 2026-07-27 20:00:02.009 [0000] <DBG> peer522.ipv4: reloading
bird: 2026-07-27 20:00:02.009 [0000] <INFO> Reloading channel peer522.ipv4 for export
bird: 2026-07-27 20:00:02.009 [0000] <INFO> Reloading channel peer523.ipv4 for import
bird: 2026-07-27 20:00:02.009 [0000] <DBG> peer523.ipv4: reloading
bird: 2026-07-27 20:00:02.009 [0000] <INFO> Reloading channel peer523.ipv4 for export
bird: 2026-07-27 20:00:02.009 [0000] <INFO> Reloading channel peer524.ipv4 for import
bird: 2026-07-27 20:00:02.009 [0000] <DBG> peer524.ipv4: reloading
bird: 2026-07-27 20:00:02.009 [0000] <INFO> Reloading channel peer524.ipv4 for export
bird: 2026-07-27 20:00:02.009 [0000] <INFO> Reloading channel peer525.ipv4 for import
bird: 2026-07-27 20:00:02.009 [0000] <DBG> peer525.ipv4: reloading
bird: 2026-07-27 20:00:02.009 [0000] <INFO> Reloading channel peer525.ipv4 for export
bird: 2026-07-27 20:00:02.009 [0000] <INFO> Reloading channel peer526.ipv4 for import
bird: 2026-07-27 20:00:02.009 [0000] <DBG> peer526.ipv4: reloading
bird: 2026-07-27 20:00:02.009 [0000] <INFO> Reloading channel peer526.ipv4 for export
bird: 2026-07-27 20:00:02.009 [0000] <INFO> Reloading channel peer527.ipv4 for import
bird: 2026-07-27 20:00:02.009 [0000] <DBG> peer527.ipv4: reloading
bird: 2026-07-27 20:00:02.009 [0000] <INFO> Reloading channel peer527.ipv4 for export
bird: 2026-07-27 20:00:02.009 [0000] <INFO> Reloading channel peer528.ipv4 for import
bird: 2026-07-27 20:00:02.009 [0000] <DBG> peer528.ipv4: reloading
bird: 2026-07-27 20:00:02.009 [0000] <INFO> Reloading channel peer528.ipv4 for export
bird: 2026-07-27 20:00:02.009 [0000] <INFO> Reloading channel peer529.ipv4 for import
bird: 2026-07-27 20:00:02.009 [0000] <DBG> peer529.ipv4: reloading
bird: 2026-07-27 20:00:02.009 [0000] <INFO> Reloading channel peer529.ipv4 for export
bird: 2026-07-27 20:00:02.009 [0000] <INFO> Reloading channel peer530.ipv4 for import
bird: 2026-07-27 20:00:02.009 [0000] <DBG> peer530.ipv4: reloading
bird: 2026-07-27 20:00:02.009 [0000] <INFO> Reloading channel peer530.ipv4 for export
bird: 2026-07-27 20:00:02.009 [0000] <INFO> Reloading channel peer531.ipv4 for import
bird: 2026-07-27 20:00:02.009 [0000] <DBG> peer531.ipv4: reloading
bird: 2026-07-27 20:00:02.009 [0000] <INFO> Reloading channel peer531.ipv4 for export
bird: 2026-07-27 20:00:02.009 [0000] <INFO> Reloading channel peer532.ipv4 for import
bird: 2026-07-27 20:00:02.009 [0000] <DBG> peer532.ipv4: reloading
bird: 2026-07-27 20:00:02.009 [0000] <INFO> Reloading channel peer532.ipv4 for export
bird: 2026-07-27 20:00:02.009 [0000] <INFO> Reloading channel peer533.ipv4 for import
bird: 2026-07-27 20:00:02.009 [0000] <DBG> peer533.ipv4: reloading
bird: 2026-07-27 20:00:02.009 [0000] <INFO> Reloading channel peer533.ipv4 for export
bird: 2026-07-27 20:00:02.009 [0000] <INFO> Reloading channel peer534.ipv4 for import
bird: 2026-07-27 20:00:02.009 [0000] <DBG> peer534.ipv4: reloading
bird: 2026-07-27 20:00:02.009 [0000] <INFO> Reloading channel peer534.ipv4 for export
bird: 2026-07-27 20:00:02.009 [0000] <INFO> Reloading channel peer535.ipv4 for import
bird: 2026-07-27 20:00:02.009 [0000] <DBG> peer535.ipv4: reloading
bird: 2026-07-27 20:00:02.009 [0000] <INFO> Reloading channel peer535.ipv4 for export
bird: 2026-07-27 20:00:02.009 [0000] <INFO> Reloading channel peer536.ipv4 for import
bird: 2026-07-27 20:00:02.009 [0000] <DBG> peer536.ipv4: reloading
bird: 2026-07-27 20:00:02.009 [0000] <INFO> Reloading channel peer536.ipv4 for export
bird: 2026-07-27 20:00:02.009 [0000] <INFO> Reloading channel peer537.ipv4 for import
bird: 2026-07-27 20:00:02.009 [0000] <DBG> peer537.ipv4: reloading
bird: 2026-07-27 20:00:02.009 [0000] <INFO> Reloading channel peer537.ipv4 for export
bird: 2026-07-27 20:00:02.009 [0000] <INFO> Reloading channel peer538.ipv4 for import
bird: 2026-07-27 20:00:02.009 [0000] <DBG> peer538.ipv4: reloading
bird: 2026-07-27 20:00:02.009 [0000] <INFO> Reloading channel peer538.ipv4 for export
bird: 2026-07-27 20:00:02.009 [0000] <INFO> Reloading channel peer539.ipv4 for import
bird: 2026-07-27 20:00:02.009 [0000] <DBG> peer539.ipv4: reloading
bird: 2026-07-27 20:00:02.009 [0000] <INFO> Reloading channel peer539.ipv4 for export
bird: 2026-07-27 20:00:02.009 [0000] <INFO> Reloading channel peer540.ipv4 for import
bird: 2026-07-27 20:00:02.019 [0000] <DBG> peer540.ipv4: reloading
bird: 2026-07-27 20:00:02.019 [0000] <INFO> Reloading channel peer540.ipv4 for export
bird: 2026-07-27 20:00:02.019 [0000] <INFO> Reloading channel peer541.ipv4 for import
bird: 2026-07-27 20:00:02.019 [0000] <DBG> peer541.ipv4: reloading
bird: 2026-07-27 20:00:02.019 [0000] <INFO> Reloading channel peer541.ipv4 for export
bird: 2026-07-27 20:00:02.019 [0000] <INFO> Reloading channel peer542.ipv4 for import
bird: 2026-07-27 20:00:02.019 [0000] <DBG> peer542.ipv4: reloading
bird: 2026-07-27 20:00:02.019 [0000] <INFO> Reloading channel peer542.ipv4 for export
bird: 2026-07-27 20:00:02.019 [0000] <INFO> Reloading channel peer543.ipv4 for import
bird: 2026-07-27 20:00:02.019 [0000] <DBG> peer543.ipv4: reloading
bird: 2026-07-27 20:00:02.019 [0000] <INFO> Reloading channel peer543.ipv4 for export
bird: 2026-07-27 20:00:02.019 [0000] <INFO> Reloading channel peer544.ipv4 for import
bird: 2026-07-27 20:00:02.019 [0000] <DBG> peer544.ipv4: reloading
bird: 2026-07-27 20:00:02.019 [0000] <INFO> Reloading channel peer544.ipv4 for export
bird: 2026-07-27 20:00:02.019 [0000] <INFO> Reloading channel peer545.ipv4 for import
bird: 2026-07-27 20:00:02.019 [0000] <DBG> peer545.ipv4: reloading
bird: 2026-07-27 20:00:02.019 [0000] <INFO> Reloading channel peer545.ipv4 for export
bird: 2026-07-27 20:00:02.019 [0000] <INFO> Reloading channel peer546.ipv4 for import
bird: 2026-07-27 20:00:02.019 [0000] <DBG> peer546.ipv4: reloading
bird: 2026-07-27 20:00:02.019 [0000] <INFO> Reloading channel peer546.ipv4 for export
bird: 2026-07-27 20:00:02.019 [0000] <INFO> Reloading channel peer547.ipv4 for import
bird: 2026-07-27 20:00:02.019 [0000] <DBG> peer547.ipv4: reloading
bird: 2026-07-27 20:00:02.019 [0000] <INFO> Reloading channel peer547.ipv4 for export
bird: 2026-07-27 20:00:02.019 [0000] <INFO> Reloading channel peer548.ipv4 for import
bird: 2026-07-27 20:00:02.019 [0000] <DBG> peer548.ipv4: reloading
bird: 2026-07-27 20:00:02.019 [0000] <INFO> Reloading channel peer548.ipv4 for export
bird: 2026-07-27 20:00:02.019 [0000] <INFO> Reloading channel peer549.ipv4 for import
bird: 2026-07-27 20:00:02.019 [0000] <DBG> peer549.ipv4: reloading
bird: 2026-07-27 20:00:02.019 [0000] <INFO> Reloading channel peer549.ipv4 for export
bird: 2026-07-27 20:00:02.019 [0000] <INFO> Reloading channel peer550.ipv4 for import
bird: 2026-07-27 20:00:02.019 [0000] <DBG> peer550.ipv4: reloading
bird: 2026-07-27 20:00:02.019 [0000] <INFO> Reloading channel peer550.ipv4 for export
bird: 2026-07-27 20:00:02.019 [0000] <INFO> Reloading channel peer551.ipv4 for import
bird: 2026-07-27 20:00:02.019 [0000] <DBG> peer551.ipv4: reloading
bird: 2026-07-27 20:00:02.019 [0000] <INFO> Reloading channel peer551.ipv4 for export
bird: 2026-07-27 20:00:02.019 [0000] <INFO> Reloading channel peer552.ipv4 for import
bird: 2026-07-27 20:00:02.019 [0000] <DBG> peer552.ipv4: reloading
bird: 2026-07-27 20:00:02.019 [0000] <INFO> Reloading channel peer552.ipv4 for export
bird: 2026-07-27 20:00:02.019 [0000] <INFO> Reloading channel peer553.ipv4 for import
bird: 2026-07-27 20:00:02.019 [0000] <DBG> peer553.ipv4: reloading
bird: 2026-07-27 20:00:02.019 [0000] <INFO> Reloading channel peer553.ipv4 for export
bird: 2026-07-27 20:00:02.019 [0000] <INFO> Reloading channel peer554.ipv4 for import
bird: 2026-07-27 20:00:02.019 [0000] <DBG> peer554.ipv4: reloading
bird: 2026-07-27 20:00:02.019 [0000] <INFO> Reloading channel peer554.ipv4 for export
bird: 2026-07-27 20:00:02.019 [0000] <INFO> Reloading channel peer555.ipv4 for import
bird: 2026-07-27 20:00:02.019 [0000] <DBG> peer555.ipv4: reloading
bird: 2026-07-27 20:00:02.019 [0000] <INFO> Reloading channel peer555.ipv4 for export
bird: 2026-07-27 20:00:02.019 [0000] <INFO> Reloading channel peer556.ipv4 for import
bird: 2026-07-27 20:00:02.019 [0000] <DBG> peer556.ipv4: reloading
bird: 2026-07-27 20:00:02.019 [0000] <INFO> Reloading channel peer556.ipv4 for export
bird: 2026-07-27 20:00:02.019 [0000] <INFO> Reloading channel peer557.ipv4 for import
bird: 2026-07-27 20:00:02.019 [0000] <DBG> peer557.ipv4: reloading
bird: 2026-07-27 20:00:02.019 [0000] <INFO> Reloading channel peer557.ipv4 for export
bird: 2026-07-27 20:00:02.019 [0000] <INFO> Reloading channel peer558.ipv4 for import
bird: 2026-07-27 20:00:02.019 [0000] <DBG> peer558.ipv4: reloading
bird: 2026-07-27 20:00:02.019 [0000] <INFO> Reloading channel peer558.ipv4 for export
bird: 2026-07-27 20:00:02.019 [0000] <INFO> Reloading channel peer559.ipv4 for import
bird: 2026-07-27 20:00:02.019 [0000] <DBG> peer559.ipv4: reloading
bird: 2026-07-27 20:00:02.019 [0000] <INFO> Reloading channel peer559.ipv4 for export
bird: 2026-07-27 20:00:02.019 [0000] <INFO> Reloading channel peer560.ipv4 for import
bird: 2026-07-27 20:00:02.019 [0000] <DBG> peer560.ipv4: reloading
bird: 2026-07-27 20:00:02.019 [0000] <INFO> Reloading channel peer560.ipv4 for export
bird: 2026-07-27 20:00:02.019 [0000] <INFO> Reloading channel peer561.ipv4 for import
bird: 2026-07-27 20:00:02.019 [0000] <DBG> peer561.ipv4: reloading
bird: 2026-07-27 20:00:02.019 [0000] <INFO> Reloading channel peer561.ipv4 for export
bird: 2026-07-27 20:00:02.019 [0000] <INFO> Reloading channel peer562.ipv4 for import
bird: 2026-07-27 20:00:02.019 [0000] <DBG> peer562.ipv4: reloading
bird: 2026-07-27 20:00:02.019 [0000] <INFO> Reloading channel peer562.ipv4 for export
bird: 2026-07-27 20:00:02.019 [0000] <INFO> Reloading channel peer563.ipv4 for import
bird: 2026-07-27 20:00:02.019 [0000] <DBG> peer563.ipv4: reloading
bird: 2026-07-27 20:00:02.019 [0000] <INFO> Reloading channel peer563.ipv4 for export
bird: 2026-07-27 20:00:02.019 [0000] <INFO> Reloading channel peer564.ipv4 for import
bird: 2026-07-27 20:00:02.019 [0000] <DBG> peer564.ipv4: reloading
bird: 2026-07-27 20:00:02.019 [0000] <INFO> Reloading channel peer564.ipv4 for export
bird: 2026-07-27 20:00:02.019 [0000] <INFO> Reloading channel peer565.ipv4 for import
bird: 2026-07-27 20:00:02.019 [0000] <DBG> peer565.ipv4: reloading
bird: 2026-07-27 20:00:02.019 [0000] <INFO> Reloading channel peer565.ipv4 for export
bird: 2026-07-27 20:00:02.019 [0000] <INFO> Reloading channel peer566.ipv4 for import
bird: 2026-07-27 20:00:02.019 [0000] <DBG> peer566.ipv4: reloading
bird: 2026-07-27 20:00:02.019 [0000] <INFO> Reloading channel peer566.ipv4 for export
bird: 2026-07-27 20:00:02.019 [0000] <INFO> Reloading channel peer567.ipv4 for import
bird: 2026-07-27 20:00:02.019 [0000] <DBG> peer567.ipv4: reloading
bird: 2026-07-27 20:00:02.019 [0000] <INFO> Reloading channel peer567.ipv4 for export
bird: 2026-07-27 20:00:02.019 [0000] <INFO> Reloading channel peer568.ipv4 for import
bird: 2026-07-27 20:00:02.019 [0000] <DBG> peer568.ipv4: reloading
bird: 2026-07-27 20:00:02.019 [0000] <INFO> Reloading channel peer568.ipv4 for export
bird: 2026-07-27 20:00:02.019 [0000] <INFO> Reloading channel peer569.ipv4 for import
bird: 2026-07-27 20:00:02.019 [0000] <DBG> peer569.ipv4: reloading
bird: 2026-07-27 20:00:02.019 [0000] <INFO> Reloading channel peer569.ipv4 for export
bird: 2026-07-27 20:00:02.019 [0000] <INFO> Reloading channel peer570.ipv4 for import
bird: 2026-07-27 20:00:02.019 [0000] <DBG> peer570.ipv4: reloading
bird: 2026-07-27 20:00:02.019 [0000] <INFO> Reloading channel peer570.ipv4 for export
bird: 2026-07-27 20:00:02.019 [0000] <INFO> Reloading channel peer571.ipv4 for import
bird: 2026-07-27 20:00:02.019 [0000] <DBG> peer571.ipv4: reloading
bird: 2026-07-27 20:00:02.019 [0000] <INFO> Reloading channel peer571.ipv4 for export
bird: 2026-07-27 20:00:02.019 [0000] <INFO> Reloading channel peer572.ipv4 for import
bird: 2026-07-27 20:00:02.019 [0000] <DBG> peer572.ipv4: reloading
bird: 2026-07-27 20:00:02.019 [0000] <INFO> Reloading channel peer572.ipv4 for export
bird: 2026-07-27 20:00:02.019 [0000] <INFO> Reloading channel peer573.ipv4 for import
bird: 2026-07-27 20:00:02.019 [0000] <DBG> peer573.ipv4: reloading
bird: 2026-07-27 20:00:02.019 [0000] <INFO> Reloading channel peer573.ipv4 for export
bird: 2026-07-27 20:00:02.019 [0000] <INFO> Reloading channel peer574.ipv4 for import
bird: 2026-07-27 20:00:02.019 [0000] <DBG> peer574.ipv4: reloading
bird: 2026-07-27 20:00:02.019 [0000] <INFO> Reloading channel peer574.ipv4 for export
bird: 2026-07-27 20:00:02.019 [0000] <INFO> Reloading channel peer575.ipv4 for import
bird: 2026-07-27 20:00:02.019 [0000] <DBG> peer575.ipv4: reloading
bird: 2026-07-27 20:00:02.019 [0000] <INFO> Reloading channel peer575.ipv4 for export
bird: 2026-07-27 20:00:02.019 [0000] <INFO> Reloading channel peer576.ipv4 for import
bird: 2026-07-27 20:00:02.019 [0000] <DBG> peer576.ipv4: reloading
bird: 2026-07-27 20:00:02.019 [0000] <INFO> Reloading channel peer576.ipv4 for export
bird: 2026-07-27 20:00:02.019 [0000] <INFO> Reloading channel peer577.ipv4 for import
bird: 2026-07-27 20:00:02.019 [0000] <DBG> peer577.ipv4: reloading
bird: 2026-07-27 20:00:02.019 [0000] <INFO> Reloading channel peer577.ipv4 for export
bird: 2026-07-27 20:00:02.019 [0000] <INFO> Reloading channel peer578.ipv4 for import
bird: 2026-07-27 20:00:02.019 [0000] <DBG> peer578.ipv4: reloading
bird: 2026-07-27 20:00:02.019 [0000] <INFO> Reloading channel peer578.ipv4 for export
bird: 2026-07-27 20:00:02.019 [0000] <INFO> Reloading channel peer579.ipv4 for import
bird: 2026-07-27 20:00:02.019 [0000] <DBG> peer579.ipv4: reloading
bird: 2026-07-27 20:00:02.019 [0000] <INFO> Reloading channel peer579.ipv4 for export
bird: 2026-07-27 20:00:02.019 [0000] <INFO> Reloading channel peer580.ipv4 for import
bird: 2026-07-27 20:00:02.019 [0000] <DBG> peer580.ipv4: reloading
bird: 2026-07-27 20:00:02.019 [0000] <INFO> Reloading channel peer580.ipv4 for export
bird: 2026-07-27 20:00:02.019 [0000] <INFO> Reloading channel peer581.ipv4 for import
bird: 2026-07-27 20:00:02.019 [0000] <DBG> peer581.ipv4: reloading
bird: 2026-07-27 20:00:02.019 [0000] <INFO> Reloading channel peer581.ipv4 for export
bird: 2026-07-27 20:00:02.019 [0000] <INFO> Reloading channel peer582.ipv4 for import
bird: 2026-07-27 20:00:02.019 [0000] <DBG> peer582.ipv4: reloading
bird: 2026-07-27 20:00:02.019 [0000] <INFO> Reloading channel peer582.ipv4 for export
bird: 2026-07-27 20:00:02.019 [0000] <INFO> Reloading channel peer583.ipv4 for import
bird: 2026-07-27 20:00:02.019 [0000] <DBG> peer583.ipv4: reloading
bird: 2026-07-27 20:00:02.019 [0000] <INFO> Reloading channel peer583.ipv4 for export
bird: 2026-07-27 20:00:02.019 [0000] <INFO> Reloading channel peer584.ipv4 for import
bird: 2026-07-27 20:00:02.019 [0000] <DBG> peer584.ipv4: reloading
bird: 2026-07-27 20:00:02.019 [0000] <INFO> Reloading channel peer584.ipv4 for export
bird: 2026-07-27 20:00:02.019 [0000] <INFO> Reloading channel peer585.ipv4 for import
bird: 2026-07-27 20:00:02.019 [0000] <DBG> peer585.ipv4: reloading
bird: 2026-07-27 20:00:02.019 [0000] <INFO> Reloading channel peer585.ipv4 for export
bird: 2026-07-27 20:00:02.019 [0000] <INFO> Reloading channel peer586.ipv4 for import
bird: 2026-07-27 20:00:02.019 [0000] <DBG> peer586.ipv4: reloading
bird: 2026-07-27 20:00:02.019 [0000] <INFO> Reloading channel peer586.ipv4 for export
bird: 2026-07-27 20:00:02.019 [0000] <INFO> Reloading channel peer587.ipv4 for import
bird: 2026-07-27 20:00:02.019 [0000] <DBG> peer587.ipv4: reloading
bird: 2026-07-27 20:00:02.019 [0000] <INFO> Reloading channel peer587.ipv4 for export
bird: 2026-07-27 20:00:02.019 [0000] <INFO> Reloading channel peer588.ipv4 for import
bird: 2026-07-27 20:00:02.019 [0000] <DBG> peer588.ipv4: reloading
bird: 2026-07-27 20:00:02.019 [0000] <INFO> Reloading channel peer588.ipv4 for export
bird: 2026-07-27 20:00:02.019 [0000] <INFO> Reloading channel peer589.ipv4 for import
bird: 2026-07-27 20:00:02.019 [0000] <DBG> peer589.ipv4: reloading
bird: 2026-07-27 20:00:02.019 [0000] <INFO> Reloading channel peer589.ipv4 for export
bird: 2026-07-27 20:00:02.019 [0000] <INFO> Reloading channel peer590.ipv4 for import
bird: 2026-07-27 20:00:02.019 [0000] <DBG> peer590.ipv4: reloading
bird: 2026-07-27 20:00:02.019 [0000] <INFO> Reloading channel peer590.ipv4 for export
bird: 2026-07-27 20:00:02.019 [0000] <INFO> Reloading channel peer591.ipv4 for import
bird: 2026-07-27 20:00:02.019 [0000] <DBG> peer591.ipv4: reloading
bird: 2026-07-27 20:00:02.019 [0000] <INFO> Reloading channel peer591.ipv4 for export
bird: 2026-07-27 20:00:02.019 [0000] <INFO> Reloading channel peer592.ipv4 for import
bird: 2026-07-27 20:00:02.019 [0000] <DBG> peer592.ipv4: reloading
bird: 2026-07-27 20:00:02.019 [0000] <INFO> Reloading channel peer592.ipv4 for export
bird: 2026-07-27 20:00:02.019 [0000] <INFO> Reloading channel peer593.ipv4 for import
bird: 2026-07-27 20:00:02.019 [0000] <DBG> peer593.ipv4: reloading
bird: 2026-07-27 20:00:02.019 [0000] <INFO> Reloading channel peer593.ipv4 for export
bird: 2026-07-27 20:00:02.019 [0000] <INFO> Reloading channel peer594.ipv4 for import
bird: 2026-07-27 20:00:02.019 [0000] <DBG> peer594.ipv4: reloading
bird: 2026-07-27 20:00:02.019 [0000] <INFO> Reloading channel peer594.ipv4 for export
bird: 2026-07-27 20:00:02.019 [0000] <INFO> Reloading channel peer595.ipv4 for import
bird: 2026-07-27 20:00:02.019 [0000] <DBG> peer595.ipv4: reloading
bird: 2026-07-27 20:00:02.019 [0000] <INFO> Reloading channel peer595.ipv4 for export
bird: 2026-07-27 20:00:02.019 [0000] <INFO> Reloading channel peer596.ipv4 for import
bird: 2026-07-27 20:00:02.019 [0000] <DBG> peer596.ipv4: reloading
bird: 2026-07-27 20:00:02.019 [0000] <INFO> Reloading channel peer596.ipv4 for export
bird: 2026-07-27 20:00:02.019 [0000] <INFO> Reloading channel peer597.ipv4 for import
bird: 2026-07-27 20:00:02.019 [0000] <DBG> peer597.ipv4: reloading
bird: 2026-07-27 20:00:02.019 [0000] <INFO> Reloading channel peer597.ipv4 for export
bird: 2026-07-27 20:00:02.019 [0000] <INFO> Reloading channel peer598.ipv4 for import
bird: 2026-07-27 20:00:02.019 [0000] <DBG> peer598.ipv4: reloading
bird: 2026-07-27 20:00:02.019 [0000] <INFO> Reloading channel peer598.ipv4 for export
bird: 2026-07-27 20:00:02.019 [0000] <INFO> Reloading channel peer599.ipv4 for import
bird: 2026-07-27 20:00:02.019 [0000] <DBG> peer599.ipv4: reloading
bird: 2026-07-27 20:00:02.019 [0000] <INFO> Reloading channel peer599.ipv4 for export
bird: 2026-07-27 20:00:02.019 [0000] <INFO> Reloading channel peer600.ipv4 for import
bird: 2026-07-27 20:00:02.019 [0000] <DBG> peer600.ipv4: reloading
bird: 2026-07-27 20:00:02.019 [0000] <INFO> Reloading channel peer600.ipv4 for export
bird: 2026-07-27 20:00:02.019 [0000] <INFO> Reloading channel peer601.ipv4 for import
bird: 2026-07-27 20:00:02.019 [0000] <DBG> peer601.ipv4: reloading
bird: 2026-07-27 20:00:02.019 [0000] <INFO> Reloading channel peer601.ipv4 for export
bird: 2026-07-27 20:00:02.019 [0000] <INFO> Reloading channel peer602.ipv4 for import
bird: 2026-07-27 20:00:02.019 [0000] <DBG> peer602.ipv4: reloading
bird: 2026-07-27 20:00:02.019 [0000] <INFO> Reloading channel peer602.ipv4 for export
bird: 2026-07-27 20:00:02.019 [0000] <INFO> Reloading channel peer603.ipv4 for import
bird: 2026-07-27 20:00:02.019 [0000] <DBG> peer603.ipv4: reloading
bird: 2026-07-27 20:00:02.019 [0000] <INFO> Reloading channel peer603.ipv4 for export
bird: 2026-07-27 20:00:02.019 [0000] <INFO> Reloading channel peer604.ipv4 for import
bird: 2026-07-27 20:00:02.019 [0000] <DBG> peer604.ipv4: reloading
bird: 2026-07-27 20:00:02.019 [0000] <INFO> Reloading channel peer604.ipv4 for export
bird: 2026-07-27 20:00:02.019 [0000] <INFO> Reloading channel peer605.ipv4 for import
bird: 2026-07-27 20:00:02.019 [0000] <DBG> peer605.ipv4: reloading
bird: 2026-07-27 20:00:02.019 [0000] <INFO> Reloading channel peer605.ipv4 for export
bird: 2026-07-27 20:00:02.019 [0000] <INFO> Reloading channel peer606.ipv4 for import
bird: 2026-07-27 20:00:02.019 [0000] <DBG> peer606.ipv4: reloading
bird: 2026-07-27 20:00:02.019 [0000] <INFO> Reloading channel peer606.ipv4 for export
bird: 2026-07-27 20:00:02.019 [0000] <INFO> Reloading channel peer607.ipv4 for import
bird: 2026-07-27 20:00:02.019 [0000] <DBG> peer607.ipv4: reloading
bird: 2026-07-27 20:00:02.019 [0000] <INFO> Reloading channel peer607.ipv4 for export
bird: 2026-07-27 20:00:02.019 [0000] <INFO> Reloading channel peer608.ipv4 for import
bird: 2026-07-27 20:00:02.019 [0000] <DBG> peer608.ipv4: reloading
bird: 2026-07-27 20:00:02.019 [0000] <INFO> Reloading channel peer608.ipv4 for export
bird: 2026-07-27 20:00:02.019 [0000] <INFO> Reloading channel peer609.ipv4 for import
bird: 2026-07-27 20:00:02.019 [0000] <DBG> peer609.ipv4: reloading
bird: 2026-07-27 20:00:02.019 [0000] <INFO> Reloading channel peer609.ipv4 for export
bird: 2026-07-27 20:00:02.019 [0000] <INFO> Reloading channel peer610.ipv4 for import
bird: 2026-07-27 20:00:02.019 [0000] <DBG> peer610.ipv4: reloading
bird: 2026-07-27 20:00:02.019 [0000] <INFO> Reloading channel peer610.ipv4 for export
bird: 2026-07-27 20:00:02.019 [0000] <INFO> Reloading channel peer611.ipv4 for import
bird: 2026-07-27 20:00:02.019 [0000] <DBG> peer611.ipv4: reloading
bird: 2026-07-27 20:00:02.019 [0000] <INFO> Reloading channel peer611.ipv4 for export
bird: 2026-07-27 20:00:02.019 [0000] <INFO> Reloading channel peer612.ipv4 for import
bird: 2026-07-27 20:00:02.019 [0000] <DBG> peer612.ipv4: reloading
bird: 2026-07-27 20:00:02.019 [0000] <INFO> Reloading channel peer612.ipv4 for export
bird: 2026-07-27 20:00:02.019 [0000] <INFO> Reloading channel peer613.ipv4 for import
bird: 2026-07-27 20:00:02.019 [0000] <DBG> peer613.ipv4: reloading
bird: 2026-07-27 20:00:02.019 [0000] <INFO> Reloading channel peer613.ipv4 for export
bird: 2026-07-27 20:00:02.019 [0000] <INFO> Reloading channel peer614.ipv4 for import
bird: 2026-07-27 20:00:02.019 [0000] <DBG> peer614.ipv4: reloading
bird: 2026-07-27 20:00:02.019 [0000] <INFO> Reloading channel peer614.ipv4 for export
bird: 2026-07-27 20:00:02.019 [0000] <INFO> Reloading channel peer615.ipv4 for import
bird: 2026-07-27 20:00:02.019 [0000] <DBG> peer615.ipv4: reloading
bird: 2026-07-27 20:00:02.019 [0000] <INFO> Reloading channel peer615.ipv4 for export
bird: 2026-07-27 20:00:02.019 [0000] <INFO> Reloading channel peer616.ipv4 for import
bird: 2026-07-27 20:00:02.019 [0000] <DBG> peer616.ipv4: reloading
bird: 2026-07-27 20:00:02.019 [0000] <INFO> Reloading channel peer616.ipv4 for export
bird: 2026-07-27 20:00:02.019 [0000] <INFO> Reloading channel peer617.ipv4 for import
bird: 2026-07-27 20:00:02.019 [0000] <DBG> peer617.ipv4: reloading
bird: 2026-07-27 20:00:02.019 [0000] <INFO> Reloading channel peer617.ipv4 for export
bird: 2026-07-27 20:00:02.019 [0000] <INFO> Reloading channel peer618.ipv4 for import
bird: 2026-07-27 20:00:02.019 [0000] <DBG> peer618.ipv4: reloading
bird: 2026-07-27 20:00:02.019 [0000] <INFO> Reloading channel peer618.ipv4 for export
bird: 2026-07-27 20:00:02.019 [0000] <INFO> Reloading channel peer619.ipv4 for import
bird: 2026-07-27 20:00:02.019 [0000] <DBG> peer619.ipv4: reloading
bird: 2026-07-27 20:00:02.019 [0000] <INFO> Reloading channel peer619.ipv4 for export
bird: 2026-07-27 20:00:02.019 [0000] <INFO> Reloading channel peer620.ipv4 for import
bird: 2026-07-27 20:00:02.019 [0000] <DBG> peer620.ipv4: reloading
bird: 2026-07-27 20:00:02.019 [0000] <INFO> Reloading channel peer620.ipv4 for export
bird: 2026-07-27 20:00:02.019 [0000] <INFO> Reloading channel peer621.ipv4 for import
bird: 2026-07-27 20:00:02.019 [0000] <DBG> peer621.ipv4: reloading
bird: 2026-07-27 20:00:02.019 [0000] <INFO> Reloading channel peer621.ipv4 for export
bird: 2026-07-27 20:00:02.019 [0000] <INFO> Reloading channel peer622.ipv4 for import
bird: 2026-07-27 20:00:02.019 [0000] <DBG> peer622.ipv4: reloading
bird: 2026-07-27 20:00:02.019 [0000] <INFO> Reloading channel peer622.ipv4 for export
bird: 2026-07-27 20:00:02.019 [0000] <INFO> Reloading channel peer623.ipv4 for import
bird: 2026-07-27 20:00:02.019 [0000] <DBG> peer623.ipv4: reloading
bird: 2026-07-27 20:00:02.019 [0000] <INFO> Reloading channel peer623.ipv4 for export
bird: 2026-07-27 20:00:02.019 [0000] <INFO> Reloading channel peer624.ipv4 for import
bird: 2026-07-27 20:00:02.019 [0000] <DBG> peer624.ipv4: reloading
bird: 2026-07-27 20:00:02.019 [0000] <INFO> Reloading channel peer624.ipv4 for export
bird: 2026-07-27 20:00:02.019 [0000] <INFO> Reloading channel peer625.ipv4 for import
bird: 2026-07-27 20:00:02.019 [0000] <DBG> peer625.ipv4: reloading
bird: 2026-07-27 20:00:02.019 [0000] <INFO> Reloading channel peer625.ipv4 for export
bird: 2026-07-27 20:00:02.019 [0000] <INFO> Reloading channel peer626.ipv4 for import
bird: 2026-07-27 20:00:02.019 [0000] <DBG> peer626.ipv4: reloading
bird: 2026-07-27 20:00:02.019 [0000] <INFO> Reloading channel peer626.ipv4 for export
bird: 2026-07-27 20:00:02.019 [0000] <INFO> Reloading channel peer627.ipv4 for import
bird: 2026-07-27 20:00:02.019 [0000] <DBG> peer627.ipv4: reloading
bird: 2026-07-27 20:00:02.019 [0000] <INFO> Reloading channel peer627.ipv4 for export
bird: 2026-07-27 20:00:02.019 [0000] <INFO> Reloading channel peer628.ipv4 for import
bird: 2026-07-27 20:00:02.019 [0000] <DBG> peer628.ipv4: reloading
bird: 2026-07-27 20:00:02.019 [0000] <INFO> Reloading channel peer628.ipv4 for export
bird: 2026-07-27 20:00:02.019 [0000] <INFO> Reloading channel peer629.ipv4 for import
bird: 2026-07-27 20:00:02.019 [0000] <DBG> peer629.ipv4: reloading
bird: 2026-07-27 20:00:02.019 [0000] <INFO> Reloading channel peer629.ipv4 for export
bird: 2026-07-27 20:00:02.019 [0000] <INFO> Reloading channel peer630.ipv4 for import
bird: 2026-07-27 20:00:02.019 [0000] <DBG> peer630.ipv4: reloading
bird: 2026-07-27 20:00:02.019 [0000] <INFO> Reloading channel peer630.ipv4 for export
bird: 2026-07-27 20:00:02.019 [0000] <INFO> Reloading channel peer631.ipv4 for import
bird: 2026-07-27 20:00:02.019 [0000] <DBG> peer631.ipv4: reloading
bird: 2026-07-27 20:00:02.019 [0000] <INFO> Reloading channel peer631.ipv4 for export
bird: 2026-07-27 20:00:02.019 [0000] <INFO> Reloading channel peer632.ipv4 for import
bird: 2026-07-27 20:00:02.019 [0000] <DBG> peer632.ipv4: reloading
bird: 2026-07-27 20:00:02.019 [0000] <INFO> Reloading channel peer632.ipv4 for export
bird: 2026-07-27 20:00:02.019 [0000] <INFO> Reloading channel peer633.ipv4 for import
bird: 2026-07-27 20:00:02.019 [0000] <DBG> peer633.ipv4: reloading
bird: 2026-07-27 20:00:02.019 [0000] <INFO> Reloading channel peer633.ipv4 for export
bird: 2026-07-27 20:00:02.019 [0000] <INFO> Reloading channel peer634.ipv4 for import
bird: 2026-07-27 20:00:02.019 [0000] <DBG> peer634.ipv4: reloading
bird: 2026-07-27 20:00:02.019 [0000] <INFO> Reloading channel peer634.ipv4 for export
bird: 2026-07-27 20:00:02.019 [0000] <INFO> Reloading channel peer635.ipv4 for import
bird: 2026-07-27 20:00:02.019 [0000] <DBG> peer635.ipv4: reloading
bird: 2026-07-27 20:00:02.019 [0000] <INFO> Reloading channel peer635.ipv4 for export
bird: 2026-07-27 20:00:02.019 [0000] <INFO> Reloading channel peer636.ipv4 for import
bird: 2026-07-27 20:00:02.019 [0000] <DBG> peer636.ipv4: reloading
bird: 2026-07-27 20:00:02.019 [0000] <INFO> Reloading channel peer636.ipv4 for export
bird: 2026-07-27 20:00:02.019 [0000] <INFO> Reloading channel peer637.ipv4 for import
bird: 2026-07-27 20:00:02.019 [0000] <DBG> peer637.ipv4: reloading
bird: 2026-07-27 20:00:02.019 [0000] <INFO> Reloading channel peer637.ipv4 for export
bird: 2026-07-27 20:00:02.019 [0000] <INFO> Reloading channel peer638.ipv4 for import
bird: 2026-07-27 20:00:02.019 [0000] <DBG> peer638.ipv4: reloading
bird: 2026-07-27 20:00:02.019 [0000] <INFO> Reloading channel peer638.ipv4 for export
bird: 2026-07-27 20:00:02.019 [0000] <INFO> Reloading channel peer639.ipv4 for import
bird: 2026-07-27 20:00:02.019 [0000] <DBG> peer639.ipv4: reloading
bird: 2026-07-27 20:00:02.019 [0000] <INFO> Reloading channel peer639.ipv4 for export
bird: 2026-07-27 20:00:02.019 [0000] <INFO> Reloading channel peer640.ipv4 for import
bird: 2026-07-27 20:00:02.019 [0000] <DBG> peer640.ipv4: reloading
bird: 2026-07-27 20:00:02.019 [0000] <INFO> Reloading channel peer640.ipv4 for export
bird: 2026-07-27 20:00:02.019 [0000] <INFO> Reloading channel peer641.ipv4 for import
bird: 2026-07-27 20:00:02.019 [0000] <DBG> peer641.ipv4: reloading
bird: 2026-07-27 20:00:02.019 [0000] <INFO> Reloading channel peer641.ipv4 for export
bird: 2026-07-27 20:00:02.019 [0000] <INFO> Reloading channel peer642.ipv4 for import
bird: 2026-07-27 20:00:02.019 [0000] <DBG> peer642.ipv4: reloading
bird: 2026-07-27 20:00:02.019 [0000] <INFO> Reloading channel peer642.ipv4 for export
bird: 2026-07-27 20:00:02.019 [0000] <INFO> Reloading channel peer643.ipv4 for import
bird: 2026-07-27 20:00:02.019 [0000] <DBG> peer643.ipv4: reloading
bird: 2026-07-27 20:00:02.019 [0000] <INFO> Reloading channel peer643.ipv4 for export
bird: 2026-07-27 20:00:02.019 [0000] <INFO> Reloading channel peer644.ipv4 for import
bird: 2026-07-27 20:00:02.019 [0000] <DBG> peer644.ipv4: reloading
bird: 2026-07-27 20:00:02.019 [0000] <INFO> Reloading channel peer644.ipv4 for export
bird: 2026-07-27 20:00:02.019 [0000] <INFO> Reloading channel peer645.ipv4 for import
bird: 2026-07-27 20:00:02.019 [0000] <DBG> peer645.ipv4: reloading
bird: 2026-07-27 20:00:02.019 [0000] <INFO> Reloading channel peer645.ipv4 for export
bird: 2026-07-27 20:00:02.019 [0000] <INFO> Reloading channel peer646.ipv4 for import
bird: 2026-07-27 20:00:02.019 [0000] <DBG> peer646.ipv4: reloading
bird: 2026-07-27 20:00:02.019 [0000] <INFO> Reloading channel peer646.ipv4 for export
bird: 2026-07-27 20:00:02.019 [0000] <INFO> Reloading channel peer647.ipv4 for import
bird: 2026-07-27 20:00:02.019 [0000] <DBG> peer647.ipv4: reloading
bird: 2026-07-27 20:00:02.019 [0000] <INFO> Reloading channel peer647.ipv4 for export
bird: 2026-07-27 20:00:02.019 [0000] <INFO> Reloading channel peer648.ipv4 for import
bird: 2026-07-27 20:00:02.019 [0000] <DBG> peer648.ipv4: reloading
bird: 2026-07-27 20:00:02.019 [0000] <INFO> Reloading channel peer648.ipv4 for export
bird: 2026-07-27 20:00:02.019 [0000] <INFO> Reloading channel peer649.ipv4 for import
bird: 2026-07-27 20:00:02.019 [0000] <DBG> peer649.ipv4: reloading
bird: 2026-07-27 20:00:02.019 [0000] <INFO> Reloading channel peer649.ipv4 for export
bird: 2026-07-27 20:00:02.019 [0000] <INFO> Reloading channel peer650.ipv4 for import
bird: 2026-07-27 20:00:02.019 [0000] <DBG> peer650.ipv4: reloading
bird: 2026-07-27 20:00:02.019 [0000] <INFO> Reloading channel peer650.ipv4 for export
bird: 2026-07-27 20:00:02.019 [0000] <INFO> Reloading channel peer651.ipv4 for import
bird: 2026-07-27 20:00:02.019 [0000] <DBG> peer651.ipv4: reloading
bird: 2026-07-27 20:00:02.019 [0000] <INFO> Reloading channel peer651.ipv4 for export
bird: 2026-07-27 20:00:02.019 [0000] <INFO> Reloading channel peer652.ipv4 for import
bird: 2026-07-27 20:00:02.019 [0000] <DBG> peer652.ipv4: reloading
bird: 2026-07-27 20:00:02.019 [0000] <INFO> Reloading channel peer652.ipv4 for export
bird: 2026-07-27 20:00:02.019 [0000] <INFO> Reloading channel peer653.ipv4 for import
bird: 2026-07-27 20:00:02.019 [0000] <DBG> peer653.ipv4: reloading
bird: 2026-07-27 20:00:02.019 [0000] <INFO> Reloading channel peer653.ipv4 for export
bird: 2026-07-27 20:00:02.019 [0000] <INFO> Reloading channel peer654.ipv4 for import
bird: 2026-07-27 20:00:02.019 [0000] <DBG> peer654.ipv4: reloading
bird: 2026-07-27 20:00:02.019 [0000] <INFO> Reloading channel peer654.ipv4 for export
bird: 2026-07-27 20:00:02.019 [0000] <INFO> Reloading channel peer655.ipv4 for import
bird: 2026-07-27 20:00:02.019 [0000] <DBG> peer655.ipv4: reloading
bird: 2026-07-27 20:00:02.019 [0000] <INFO> Reloading channel peer655.ipv4 for export
bird: 2026-07-27 20:00:02.019 [0000] <INFO> Reloading channel peer656.ipv4 for import
bird: 2026-07-27 20:00:02.019 [0000] <DBG> peer656.ipv4: reloading
bird: 2026-07-27 20:00:02.019 [0000] <INFO> Reloading channel peer656.ipv4 for export
bird: 2026-07-27 20:00:02.019 [0000] <INFO> Reloading channel peer657.ipv4 for import
bird: 2026-07-27 20:00:02.019 [0000] <DBG> peer657.ipv4: reloading
bird: 2026-07-27 20:00:02.019 [0000] <INFO> Reloading channel peer657.ipv4 for export
bird: 2026-07-27 20:00:02.019 [0000] <INFO> Reloading channel peer658.ipv4 for import
bird: 2026-07-27 20:00:02.019 [0000] <DBG> peer658.ipv4: reloading
bird: 2026-07-27 20:00:02.019 [0000] <INFO> Reloading channel peer658.ipv4 for export
bird: 2026-07-27 20:00:02.019 [0000] <INFO> Reloading channel peer659.ipv4 for import
bird: 2026-07-27 20:00:02.019 [0000] <DBG> peer659.ipv4: reloading
bird: 2026-07-27 20:00:02.019 [0000] <INFO> Reloading channel peer659.ipv4 for export
bird: 2026-07-27 20:00:02.019 [0000] <INFO> Reloading channel peer660.ipv4 for import
bird: 2026-07-27 20:00:02.019 [0000] <DBG> peer660.ipv4: reloading
bird: 2026-07-27 20:00:02.019 [0000] <INFO> Reloading channel peer660.ipv4 for export
bird: 2026-07-27 20:00:02.019 [0000] <INFO> Reloading channel peer661.ipv4 for import
bird: 2026-07-27 20:00:02.019 [0000] <DBG> peer661.ipv4: reloading
bird: 2026-07-27 20:00:02.019 [0000] <INFO> Reloading channel peer661.ipv4 for export
bird: 2026-07-27 20:00:02.019 [0000] <INFO> Reloading channel peer662.ipv4 for import
bird: 2026-07-27 20:00:02.019 [0000] <DBG> peer662.ipv4: reloading
bird: 2026-07-27 20:00:02.019 [0000] <INFO> Reloading channel peer662.ipv4 for export
bird: 2026-07-27 20:00:02.019 [0000] <INFO> Reloading channel peer663.ipv4 for import
bird: 2026-07-27 20:00:02.019 [0000] <DBG> peer663.ipv4: reloading
bird: 2026-07-27 20:00:02.019 [0000] <INFO> Reloading channel peer663.ipv4 for export
bird: 2026-07-27 20:00:02.019 [0000] <INFO> Reloading channel peer664.ipv4 for import
bird: 2026-07-27 20:00:02.019 [0000] <DBG> peer664.ipv4: reloading
bird: 2026-07-27 20:00:02.019 [0000] <INFO> Reloading channel peer664.ipv4 for export
bird: 2026-07-27 20:00:02.019 [0000] <INFO> Reloading channel peer665.ipv4 for import
bird: 2026-07-27 20:00:02.019 [0000] <DBG> peer665.ipv4: reloading
bird: 2026-07-27 20:00:02.019 [0000] <INFO> Reloading channel peer665.ipv4 for export
bird: 2026-07-27 20:00:02.019 [0000] <INFO> Reloading channel peer666.ipv4 for import
bird: 2026-07-27 20:00:02.019 [0000] <DBG> peer666.ipv4: reloading
bird: 2026-07-27 20:00:02.019 [0000] <INFO> Reloading channel peer666.ipv4 for export
bird: 2026-07-27 20:00:02.019 [0000] <INFO> Reloading channel peer667.ipv4 for import
bird: 2026-07-27 20:00:02.019 [0000] <DBG> peer667.ipv4: reloading
bird: 2026-07-27 20:00:02.019 [0000] <INFO> Reloading channel peer667.ipv4 for export
bird: 2026-07-27 20:00:02.019 [0000] <INFO> Reloading channel peer668.ipv4 for import
bird: 2026-07-27 20:00:02.019 [0000] <DBG> peer668.ipv4: reloading
bird: 2026-07-27 20:00:02.019 [0000] <INFO> Reloading channel peer668.ipv4 for export
bird: 2026-07-27 20:00:02.019 [0000] <INFO> Reloading channel peer669.ipv4 for import
bird: 2026-07-27 20:00:02.019 [0000] <DBG> peer669.ipv4: reloading
bird: 2026-07-27 20:00:02.019 [0000] <INFO> Reloading channel peer669.ipv4 for export
bird: 2026-07-27 20:00:02.019 [0000] <INFO> Reloading channel peer670.ipv4 for import
bird: 2026-07-27 20:00:02.019 [0000] <DBG> peer670.ipv4: reloading
bird: 2026-07-27 20:00:02.019 [0000] <INFO> Reloading channel peer670.ipv4 for export
bird: 2026-07-27 20:00:02.019 [0000] <INFO> Reloading channel peer671.ipv4 for import
bird: 2026-07-27 20:00:02.019 [0000] <DBG> peer671.ipv4: reloading
bird: 2026-07-27 20:00:02.019 [0000] <INFO> Reloading channel peer671.ipv4 for export
bird: 2026-07-27 20:00:02.019 [0000] <INFO> Reloading channel peer672.ipv4 for import
bird: 2026-07-27 20:00:02.019 [0000] <DBG> peer672.ipv4: reloading
bird: 2026-07-27 20:00:02.019 [0000] <INFO> Reloading channel peer672.ipv4 for export
bird: 2026-07-27 20:00:02.019 [0000] <INFO> Reloading channel peer673.ipv4 for import
bird: 2026-07-27 20:00:02.019 [0000] <DBG> peer673.ipv4: reloading
bird: 2026-07-27 20:00:02.019 [0000] <INFO> Reloading channel peer673.ipv4 for export
bird: 2026-07-27 20:00:02.019 [0000] <INFO> Reloading channel peer674.ipv4 for import
bird: 2026-07-27 20:00:02.019 [0000] <DBG> peer674.ipv4: reloading
bird: 2026-07-27 20:00:02.019 [0000] <INFO> Reloading channel peer674.ipv4 for export
bird: 2026-07-27 20:00:02.019 [0000] <INFO> Reloading channel peer675.ipv4 for import
bird: 2026-07-27 20:00:02.019 [0000] <DBG> peer675.ipv4: reloading
bird: 2026-07-27 20:00:02.019 [0000] <INFO> Reloading channel peer675.ipv4 for export
bird: 2026-07-27 20:00:02.019 [0000] <INFO> Reloading channel peer676.ipv4 for import
bird: 2026-07-27 20:00:02.019 [0000] <DBG> peer676.ipv4: reloading
bird: 2026-07-27 20:00:02.019 [0000] <INFO> Reloading channel peer676.ipv4 for export
bird: 2026-07-27 20:00:02.019 [0000] <INFO> Reloading channel peer677.ipv4 for import
bird: 2026-07-27 20:00:02.019 [0000] <DBG> peer677.ipv4: reloading
bird: 2026-07-27 20:00:02.019 [0000] <INFO> Reloading channel peer677.ipv4 for export
bird: 2026-07-27 20:00:02.019 [0000] <INFO> Reloading channel peer678.ipv4 for import
bird: 2026-07-27 20:00:02.019 [0000] <DBG> peer678.ipv4: reloading
bird: 2026-07-27 20:00:02.019 [0000] <INFO> Reloading channel peer678.ipv4 for export
bird: 2026-07-27 20:00:02.019 [0000] <INFO> Reloading channel peer679.ipv4 for import
bird: 2026-07-27 20:00:02.019 [0000] <DBG> peer679.ipv4: reloading
bird: 2026-07-27 20:00:02.019 [0000] <INFO> Reloading channel peer679.ipv4 for export
bird: 2026-07-27 20:00:02.019 [0000] <INFO> Reloading channel peer680.ipv4 for import
bird: 2026-07-27 20:00:02.019 [0000] <DBG> peer680.ipv4: reloading
bird: 2026-07-27 20:00:02.019 [0000] <INFO> Reloading channel peer680.ipv4 for export
bird: 2026-07-27 20:00:02.019 [0000] <INFO> Reloading channel peer681.ipv4 for import
bird: 2026-07-27 20:00:02.019 [0000] <DBG> peer681.ipv4: reloading
bird: 2026-07-27 20:00:02.019 [0000] <INFO> Reloading channel peer681.ipv4 for export
bird: 2026-07-27 20:00:02.019 [0000] <INFO> Reloading channel peer682.ipv4 for import
bird: 2026-07-27 20:00:02.019 [0000] <DBG> peer682.ipv4: reloading
bird: 2026-07-27 20:00:02.019 [0000] <INFO> Reloading channel peer682.ipv4 for export
bird: 2026-07-27 20:00:02.019 [0000] <INFO> Reloading channel peer683.ipv4 for import
bird: 2026-07-27 20:00:02.019 [0000] <DBG> peer683.ipv4: reloading
bird: 2026-07-27 20:00:02.019 [0000] <INFO> Reloading channel peer683.ipv4 for export
bird: 2026-07-27 20:00:02.019 [0000] <INFO> Reloading channel peer684.ipv4 for import
bird: 2026-07-27 20:00:02.019 [0000] <DBG> peer684.ipv4: reloading
bird: 2026-07-27 20:00:02.019 [0000] <INFO> Reloading channel peer684.ipv4 for export
bird: 2026-07-27 20:00:02.019 [0000] <INFO> Reloading channel peer685.ipv4 for import
bird: 2026-07-27 20:00:02.019 [0000] <DBG> peer685.ipv4: reloading
bird: 2026-07-27 20:00:02.019 [0000] <INFO> Reloading channel peer685.ipv4 for export
bird: 2026-07-27 20:00:02.019 [0000] <INFO> Reloading channel peer686.ipv4 for import
bird: 2026-07-27 20:00:02.019 [0000] <DBG> peer686.ipv4: reloading
bird: 2026-07-27 20:00:02.019 [0000] <INFO> Reloading channel peer686.ipv4 for export
bird: 2026-07-27 20:00:02.019 [0000] <INFO> Reloading channel peer687.ipv4 for import
bird: 2026-07-27 20:00:02.019 [0000] <DBG> peer687.ipv4: reloading
bird: 2026-07-27 20:00:02.019 [0000] <INFO> Reloading channel peer687.ipv4 for export
bird: 2026-07-27 20:00:02.019 [0000] <INFO> Reloading channel peer688.ipv4 for import
bird: 2026-07-27 20:00:02.019 [0000] <DBG> peer688.ipv4: reloading
bird: 2026-07-27 20:00:02.019 [0000] <INFO> Reloading channel peer688.ipv4 for export
bird: 2026-07-27 20:00:02.019 [0000] <INFO> Reloading channel peer689.ipv4 for import
bird: 2026-07-27 20:00:02.019 [0000] <DBG> peer689.ipv4: reloading
bird: 2026-07-27 20:00:02.019 [0000] <INFO> Reloading channel peer689.ipv4 for export
bird: 2026-07-27 20:00:02.019 [0000] <INFO> Reloading channel peer690.ipv4 for import
bird: 2026-07-27 20:00:02.019 [0000] <DBG> peer690.ipv4: reloading
bird: 2026-07-27 20:00:02.019 [0000] <INFO> Reloading channel peer690.ipv4 for export
bird: 2026-07-27 20:00:02.019 [0000] <INFO> Reloading channel peer691.ipv4 for import
bird: 2026-07-27 20:00:02.019 [0000] <DBG> peer691.ipv4: reloading
bird: 2026-07-27 20:00:02.019 [0000] <INFO> Reloading channel peer691.ipv4 for export
bird: 2026-07-27 20:00:02.019 [0000] <INFO> Reloading channel peer692.ipv4 for import
bird: 2026-07-27 20:00:02.019 [0000] <DBG> peer692.ipv4: reloading
bird: 2026-07-27 20:00:02.019 [0000] <INFO> Reloading channel peer692.ipv4 for export
bird: 2026-07-27 20:00:02.019 [0000] <INFO> Reloading channel peer693.ipv4 for import
bird: 2026-07-27 20:00:02.019 [0000] <DBG> peer693.ipv4: reloading
bird: 2026-07-27 20:00:02.019 [0000] <INFO> Reloading channel peer693.ipv4 for export
bird: 2026-07-27 20:00:02.019 [0000] <INFO> Reloading channel peer694.ipv4 for import
bird: 2026-07-27 20:00:02.019 [0000] <DBG> peer694.ipv4: reloading
bird: 2026-07-27 20:00:02.019 [0000] <INFO> Reloading channel peer694.ipv4 for export
bird: 2026-07-27 20:00:02.019 [0000] <INFO> Reloading channel peer695.ipv4 for import
bird: 2026-07-27 20:00:02.019 [0000] <DBG> peer695.ipv4: reloading
bird: 2026-07-27 20:00:02.019 [0000] <INFO> Reloading channel peer695.ipv4 for export
bird: 2026-07-27 20:00:02.019 [0000] <INFO> Reloading channel peer696.ipv4 for import
bird: 2026-07-27 20:00:02.019 [0000] <DBG> peer696.ipv4: reloading
bird: 2026-07-27 20:00:02.019 [0000] <INFO> Reloading channel peer696.ipv4 for export
bird: 2026-07-27 20:00:02.019 [0000] <INFO> Reloading channel peer697.ipv4 for import
bird: 2026-07-27 20:00:02.019 [0000] <DBG> peer697.ipv4: reloading
bird: 2026-07-27 20:00:02.019 [0000] <INFO> Reloading channel peer697.ipv4 for export
bird: 2026-07-27 20:00:02.019 [0000] <INFO> Reloading channel peer698.ipv4 for import
bird: 2026-07-27 20:00:02.019 [0000] <DBG> peer698.ipv4: reloading
bird: 2026-07-27 20:00:02.019 [0000] <INFO> Reloading channel peer698.ipv4 for export
bird: 2026-07-27 20:00:02.019 [0000] <INFO> Reloading channel peer699.ipv4 for import
bird: 2026-07-27 20:00:02.019 [0000] <DBG> peer699.ipv4: reloading
bird: 2026-07-27 20:00:02.019 [0000] <INFO> Reloading channel peer699.ipv4 for export
bird: 2026-07-27 20:00:02.019 [0000] <INFO> Reconfigured
bird: 2026-07-27 20:01:54.090 [0000] <INFO> Reconfiguring
bird: 2026-07-27 20:01:54.090 [0000] <INFO> Reloading channel peer0.ipv4 for import
bird: 2026-07-27 20:01:54.090 [0000] <DBG> peer0.ipv4: reloading
bird: 2026-07-27 20:01:54.090 [0000] <INFO> Reloading channel peer0.ipv4 for export
bird: 2026-07-27 20:01:54.090 [0000] <INFO> Reloading channel peer1.ipv4 for import
bird: 2026-07-27 20:01:54.090 [0000] <DBG> peer1.ipv4: reloading
bird: 2026-07-27 20:01:54.090 [0000] <INFO> Reloading channel peer1.ipv4 for export
bird: 2026-07-27 20:01:54.090 [0000] <INFO> Reloading channel peer2.ipv4 for import
bird: 2026-07-27 20:01:54.090 [0000] <DBG> peer2.ipv4: reloading
bird: 2026-07-27 20:01:54.090 [0000] <INFO> Reloading channel peer2.ipv4 for export
bird: 2026-07-27 20:01:54.090 [0000] <INFO> Reloading channel peer3.ipv4 for import
bird: 2026-07-27 20:01:54.090 [0000] <DBG> peer3.ipv4: reloading
bird: 2026-07-27 20:01:54.090 [0000] <INFO> Reloading channel peer3.ipv4 for export
bird: 2026-07-27 20:01:54.090 [0000] <INFO> Reloading channel peer4.ipv4 for import
bird: 2026-07-27 20:01:54.090 [0000] <DBG> peer4.ipv4: reloading
bird: 2026-07-27 20:01:54.090 [0000] <INFO> Reloading channel peer4.ipv4 for export
bird: 2026-07-27 20:01:54.090 [0000] <INFO> Reloading channel peer5.ipv4 for import
bird: 2026-07-27 20:01:54.090 [0000] <DBG> peer5.ipv4: reloading
bird: 2026-07-27 20:01:54.090 [0000] <INFO> Reloading channel peer5.ipv4 for export
bird: 2026-07-27 20:01:54.090 [0000] <INFO> Reloading channel peer6.ipv4 for import
bird: 2026-07-27 20:01:54.090 [0000] <DBG> peer6.ipv4: reloading
bird: 2026-07-27 20:01:54.090 [0000] <INFO> Reloading channel peer6.ipv4 for export
bird: 2026-07-27 20:01:54.090 [0000] <INFO> Reloading channel peer7.ipv4 for import
bird: 2026-07-27 20:01:54.090 [0000] <DBG> peer7.ipv4: reloading
bird: 2026-07-27 20:01:54.090 [0000] <INFO> Reloading channel peer7.ipv4 for export
bird: 2026-07-27 20:01:54.090 [0000] <INFO> Reloading channel peer8.ipv4 for import
bird: 2026-07-27 20:01:54.090 [0000] <DBG> peer8.ipv4: reloading
bird: 2026-07-27 20:01:54.091 [0000] <INFO> Reloading channel peer8.ipv4 for export
bird: 2026-07-27 20:01:54.091 [0000] <INFO> Reloading channel peer9.ipv4 for import
bird: 2026-07-27 20:01:54.091 [0000] <DBG> peer9.ipv4: reloading
bird: 2026-07-27 20:01:54.091 [0000] <INFO> Reloading channel peer9.ipv4 for export
bird: 2026-07-27 20:01:54.091 [0000] <INFO> Reloading channel peer10.ipv4 for import
bird: 2026-07-27 20:01:54.091 [0000] <DBG> peer10.ipv4: reloading
bird: 2026-07-27 20:01:54.091 [0000] <INFO> Reloading channel peer10.ipv4 for export
bird: 2026-07-27 20:01:54.091 [0000] <INFO> Reloading channel peer11.ipv4 for import
bird: 2026-07-27 20:01:54.091 [0000] <DBG> peer11.ipv4: reloading
bird: 2026-07-27 20:01:54.091 [0000] <INFO> Reloading channel peer11.ipv4 for export
bird: 2026-07-27 20:01:54.091 [0000] <INFO> Reloading channel peer12.ipv4 for import
bird: 2026-07-27 20:01:54.091 [0000] <DBG> peer12.ipv4: reloading
bird: 2026-07-27 20:01:54.091 [0000] <INFO> Reloading channel peer12.ipv4 for export
bird: 2026-07-27 20:01:54.091 [0000] <INFO> Reloading channel peer13.ipv4 for import
bird: 2026-07-27 20:01:54.091 [0000] <DBG> peer13.ipv4: reloading
bird: 2026-07-27 20:01:54.091 [0000] <INFO> Reloading channel peer13.ipv4 for export
bird: 2026-07-27 20:01:54.091 [0000] <INFO> Reloading channel peer14.ipv4 for import
bird: 2026-07-27 20:01:54.091 [0000] <DBG> peer14.ipv4: reloading
bird: 2026-07-27 20:01:54.091 [0000] <INFO> Reloading channel peer14.ipv4 for export
bird: 2026-07-27 20:01:54.091 [0000] <INFO> Reloading channel peer15.ipv4 for import
bird: 2026-07-27 20:01:54.091 [0000] <DBG> peer15.ipv4: reloading
bird: 2026-07-27 20:01:54.091 [0000] <INFO> Reloading channel peer15.ipv4 for export
bird: 2026-07-27 20:01:54.091 [0000] <INFO> Reloading channel peer16.ipv4 for import
bird: 2026-07-27 20:01:54.091 [0000] <DBG> peer16.ipv4: reloading
bird: 2026-07-27 20:01:54.091 [0000] <INFO> Reloading channel peer16.ipv4 for export
bird: 2026-07-27 20:01:54.091 [0000] <INFO> Reloading channel peer17.ipv4 for import
bird: 2026-07-27 20:01:54.091 [0000] <DBG> peer17.ipv4: reloading
bird: 2026-07-27 20:01:54.091 [0000] <INFO> Reloading channel peer17.ipv4 for export
bird: 2026-07-27 20:01:54.091 [0000] <INFO> Reloading channel peer18.ipv4 for import
bird: 2026-07-27 20:01:54.091 [0000] <DBG> peer18.ipv4: reloading
bird: 2026-07-27 20:01:54.091 [0000] <INFO> Reloading channel peer18.ipv4 for export
bird: 2026-07-27 20:01:54.091 [0000] <INFO> Reloading channel peer19.ipv4 for import
bird: 2026-07-27 20:01:54.091 [0000] <DBG> peer19.ipv4: reloading
bird: 2026-07-27 20:01:54.091 [0000] <INFO> Reloading channel peer19.ipv4 for export
bird: 2026-07-27 20:01:54.091 [0000] <INFO> Reloading channel peer20.ipv4 for import
bird: 2026-07-27 20:01:54.091 [0000] <DBG> peer20.ipv4: reloading
bird: 2026-07-27 20:01:54.091 [0000] <INFO> Reloading channel peer20.ipv4 for export
bird: 2026-07-27 20:01:54.091 [0000] <INFO> Reloading channel peer21.ipv4 for import
bird: 2026-07-27 20:01:54.091 [0000] <DBG> peer21.ipv4: reloading
bird: 2026-07-27 20:01:54.091 [0000] <INFO> Reloading channel peer21.ipv4 for export
bird: 2026-07-27 20:01:54.091 [0000] <INFO> Reloading channel peer22.ipv4 for import
bird: 2026-07-27 20:01:54.091 [0000] <DBG> peer22.ipv4: reloading
bird: 2026-07-27 20:01:54.091 [0000] <INFO> Reloading channel peer22.ipv4 for export
bird: 2026-07-27 20:01:54.091 [0000] <INFO> Reloading channel peer23.ipv4 for import
bird: 2026-07-27 20:01:54.091 [0000] <DBG> peer23.ipv4: reloading
bird: 2026-07-27 20:01:54.091 [0000] <INFO> Reloading channel peer23.ipv4 for export
bird: 2026-07-27 20:01:54.091 [0000] <INFO> Reloading channel peer24.ipv4 for import
bird: 2026-07-27 20:01:54.091 [0000] <DBG> peer24.ipv4: reloading
bird: 2026-07-27 20:01:54.091 [0000] <INFO> Reloading channel peer24.ipv4 for export
bird: 2026-07-27 20:01:54.091 [0000] <INFO> Reloading channel peer25.ipv4 for import
bird: 2026-07-27 20:01:54.091 [0000] <DBG> peer25.ipv4: reloading
bird: 2026-07-27 20:01:54.091 [0000] <INFO> Reloading channel peer25.ipv4 for export
bird: 2026-07-27 20:01:54.091 [0000] <INFO> Reloading channel peer26.ipv4 for import
bird: 2026-07-27 20:01:54.091 [0000] <DBG> peer26.ipv4: reloading
bird: 2026-07-27 20:01:54.091 [0000] <INFO> Reloading channel peer26.ipv4 for export
bird: 2026-07-27 20:01:54.091 [0000] <INFO> Reloading channel peer27.ipv4 for import
bird: 2026-07-27 20:01:54.091 [0000] <DBG> peer27.ipv4: reloading
bird: 2026-07-27 20:01:54.091 [0000] <INFO> Reloading channel peer27.ipv4 for export
bird: 2026-07-27 20:01:54.091 [0000] <INFO> Reloading channel peer28.ipv4 for import
bird: 2026-07-27 20:01:54.091 [0000] <DBG> peer28.ipv4: reloading
bird: 2026-07-27 20:01:54.091 [0000] <INFO> Reloading channel peer28.ipv4 for export
bird: 2026-07-27 20:01:54.091 [0000] <INFO> Reloading channel peer29.ipv4 for import
bird: 2026-07-27 20:01:54.091 [0000] <DBG> peer29.ipv4: reloading
bird: 2026-07-27 20:01:54.091 [0000] <INFO> Reloading channel peer29.ipv4 for export
bird: 2026-07-27 20:01:54.091 [0000] <INFO> Reloading channel peer30.ipv4 for import
bird: 2026-07-27 20:01:54.091 [0000] <DBG> peer30.ipv4: reloading
bird: 2026-07-27 20:01:54.091 [0000] <INFO> Reloading channel peer30.ipv4 for export
bird: 2026-07-27 20:01:54.091 [0000] <INFO> Reloading channel peer31.ipv4 for import
bird: 2026-07-27 20:01:54.091 [0000] <DBG> peer31.ipv4: reloading
bird: 2026-07-27 20:01:54.091 [0000] <INFO> Reloading channel peer31.ipv4 for export
bird: 2026-07-27 20:01:54.091 [0000] <INFO> Reloading channel peer32.ipv4 for import
bird: 2026-07-27 20:01:54.091 [0000] <DBG> peer32.ipv4: reloading
bird: 2026-07-27 20:01:54.091 [0000] <INFO> Reloading channel peer32.ipv4 for export
bird: 2026-07-27 20:01:54.091 [0000] <INFO> Reloading channel peer33.ipv4 for import
bird: 2026-07-27 20:01:54.091 [0000] <DBG> peer33.ipv4: reloading
bird: 2026-07-27 20:01:54.091 [0000] <INFO> Reloading channel peer33.ipv4 for export
bird: 2026-07-27 20:01:54.091 [0000] <INFO> Reloading channel peer34.ipv4 for import
bird: 2026-07-27 20:01:54.091 [0000] <DBG> peer34.ipv4: reloading
bird: 2026-07-27 20:01:54.091 [0000] <INFO> Reloading channel peer34.ipv4 for export
bird: 2026-07-27 20:01:54.091 [0000] <INFO> Reloading channel peer35.ipv4 for import
bird: 2026-07-27 20:01:54.091 [0000] <DBG> peer35.ipv4: reloading
bird: 2026-07-27 20:01:54.091 [0000] <INFO> Reloading channel peer35.ipv4 for export
bird: 2026-07-27 20:01:54.091 [0000] <INFO> Reloading channel peer36.ipv4 for import
bird: 2026-07-27 20:01:54.091 [0000] <DBG> peer36.ipv4: reloading
bird: 2026-07-27 20:01:54.091 [0000] <INFO> Reloading channel peer36.ipv4 for export
bird: 2026-07-27 20:01:54.091 [0000] <INFO> Reloading channel peer37.ipv4 for import
bird: 2026-07-27 20:01:54.091 [0000] <DBG> peer37.ipv4: reloading
bird: 2026-07-27 20:01:54.091 [0000] <INFO> Reloading channel peer37.ipv4 for export
bird: 2026-07-27 20:01:54.091 [0000] <INFO> Reloading channel peer38.ipv4 for import
bird: 2026-07-27 20:01:54.091 [0000] <DBG> peer38.ipv4: reloading
bird: 2026-07-27 20:01:54.091 [0000] <INFO> Reloading channel peer38.ipv4 for export
bird: 2026-07-27 20:01:54.091 [0000] <INFO> Reloading channel peer39.ipv4 for import
bird: 2026-07-27 20:01:54.091 [0000] <DBG> peer39.ipv4: reloading
bird: 2026-07-27 20:01:54.091 [0000] <INFO> Reloading channel peer39.ipv4 for export
bird: 2026-07-27 20:01:54.091 [0000] <INFO> Reloading channel peer40.ipv4 for import
bird: 2026-07-27 20:01:54.091 [0000] <DBG> peer40.ipv4: reloading
bird: 2026-07-27 20:01:54.091 [0000] <INFO> Reloading channel peer40.ipv4 for export
bird: 2026-07-27 20:01:54.091 [0000] <INFO> Reloading channel peer41.ipv4 for import
bird: 2026-07-27 20:01:54.091 [0000] <DBG> peer41.ipv4: reloading
bird: 2026-07-27 20:01:54.091 [0000] <INFO> Reloading channel peer41.ipv4 for export
bird: 2026-07-27 20:01:54.091 [0000] <INFO> Reloading channel peer42.ipv4 for import
bird: 2026-07-27 20:01:54.091 [0000] <DBG> peer42.ipv4: reloading
bird: 2026-07-27 20:01:54.091 [0000] <INFO> Reloading channel peer42.ipv4 for export
bird: 2026-07-27 20:01:54.091 [0000] <INFO> Reloading channel peer43.ipv4 for import
bird: 2026-07-27 20:01:54.091 [0000] <DBG> peer43.ipv4: reloading
bird: 2026-07-27 20:01:54.091 [0000] <INFO> Reloading channel peer43.ipv4 for export
bird: 2026-07-27 20:01:54.091 [0000] <INFO> Reloading channel peer44.ipv4 for import
bird: 2026-07-27 20:01:54.091 [0000] <DBG> peer44.ipv4: reloading
bird: 2026-07-27 20:01:54.091 [0000] <INFO> Reloading channel peer44.ipv4 for export
bird: 2026-07-27 20:01:54.091 [0000] <INFO> Reloading channel peer45.ipv4 for import
bird: 2026-07-27 20:01:54.091 [0000] <DBG> peer45.ipv4: reloading
bird: 2026-07-27 20:01:54.091 [0000] <INFO> Reloading channel peer45.ipv4 for export
bird: 2026-07-27 20:01:54.091 [0000] <INFO> Reloading channel peer46.ipv4 for import
bird: 2026-07-27 20:01:54.091 [0000] <DBG> peer46.ipv4: reloading
bird: 2026-07-27 20:01:54.091 [0000] <INFO> Reloading channel peer46.ipv4 for export
bird: 2026-07-27 20:01:54.091 [0000] <INFO> Reloading channel peer47.ipv4 for import
bird: 2026-07-27 20:01:54.091 [0000] <DBG> peer47.ipv4: reloading
bird: 2026-07-27 20:01:54.091 [0000] <INFO> Reloading channel peer47.ipv4 for export
bird: 2026-07-27 20:01:54.091 [0000] <INFO> Reloading channel peer48.ipv4 for import
bird: 2026-07-27 20:01:54.091 [0000] <DBG> peer48.ipv4: reloading
bird: 2026-07-27 20:01:54.091 [0000] <INFO> Reloading channel peer48.ipv4 for export
bird: 2026-07-27 20:01:54.091 [0000] <INFO> Reloading channel peer49.ipv4 for import
bird: 2026-07-27 20:01:54.091 [0000] <DBG> peer49.ipv4: reloading
bird: 2026-07-27 20:01:54.091 [0000] <INFO> Reloading channel peer49.ipv4 for export
bird: 2026-07-27 20:01:54.091 [0000] <INFO> Reloading channel peer50.ipv4 for import
bird: 2026-07-27 20:01:54.091 [0000] <DBG> peer50.ipv4: reloading
bird: 2026-07-27 20:01:54.091 [0000] <INFO> Reloading channel peer50.ipv4 for export
bird: 2026-07-27 20:01:54.091 [0000] <INFO> Reloading channel peer51.ipv4 for import
bird: 2026-07-27 20:01:54.091 [0000] <DBG> peer51.ipv4: reloading
bird: 2026-07-27 20:01:54.091 [0000] <INFO> Reloading channel peer51.ipv4 for export
bird: 2026-07-27 20:01:54.091 [0000] <INFO> Reloading channel peer52.ipv4 for import
bird: 2026-07-27 20:01:54.091 [0000] <DBG> peer52.ipv4: reloading
bird: 2026-07-27 20:01:54.091 [0000] <INFO> Reloading channel peer52.ipv4 for export
bird: 2026-07-27 20:01:54.091 [0000] <INFO> Reloading channel peer53.ipv4 for import
bird: 2026-07-27 20:01:54.091 [0000] <DBG> peer53.ipv4: reloading
bird: 2026-07-27 20:01:54.091 [0000] <INFO> Reloading channel peer53.ipv4 for export
bird: 2026-07-27 20:01:54.091 [0000] <INFO> Reloading channel peer54.ipv4 for import
bird: 2026-07-27 20:01:54.091 [0000] <DBG> peer54.ipv4: reloading
bird: 2026-07-27 20:01:54.091 [0000] <INFO> Reloading channel peer54.ipv4 for export
bird: 2026-07-27 20:01:54.091 [0000] <INFO> Reloading channel peer55.ipv4 for import
bird: 2026-07-27 20:01:54.091 [0000] <DBG> peer55.ipv4: reloading
bird: 2026-07-27 20:01:54.091 [0000] <INFO> Reloading channel peer55.ipv4 for export
bird: 2026-07-27 20:01:54.091 [0000] <INFO> Reloading channel peer56.ipv4 for import
bird: 2026-07-27 20:01:54.091 [0000] <DBG> peer56.ipv4: reloading
bird: 2026-07-27 20:01:54.091 [0000] <INFO> Reloading channel peer56.ipv4 for export
bird: 2026-07-27 20:01:54.091 [0000] <INFO> Reloading channel peer57.ipv4 for import
bird: 2026-07-27 20:01:54.091 [0000] <DBG> peer57.ipv4: reloading
bird: 2026-07-27 20:01:54.091 [0000] <INFO> Reloading channel peer57.ipv4 for export
bird: 2026-07-27 20:01:54.091 [0000] <INFO> Reloading channel peer58.ipv4 for import
bird: 2026-07-27 20:01:54.091 [0000] <DBG> peer58.ipv4: reloading
bird: 2026-07-27 20:01:54.091 [0000] <INFO> Reloading channel peer58.ipv4 for export
bird: 2026-07-27 20:01:54.091 [0000] <INFO> Reloading channel peer59.ipv4 for import
bird: 2026-07-27 20:01:54.091 [0000] <DBG> peer59.ipv4: reloading
bird: 2026-07-27 20:01:54.091 [0000] <INFO> Reloading channel peer59.ipv4 for export
bird: 2026-07-27 20:01:54.091 [0000] <INFO> Reloading channel peer60.ipv4 for import
bird: 2026-07-27 20:01:54.091 [0000] <DBG> peer60.ipv4: reloading
bird: 2026-07-27 20:01:54.091 [0000] <INFO> Reloading channel peer60.ipv4 for export
bird: 2026-07-27 20:01:54.091 [0000] <INFO> Reloading channel peer61.ipv4 for import
bird: 2026-07-27 20:01:54.091 [0000] <DBG> peer61.ipv4: reloading
bird: 2026-07-27 20:01:54.091 [0000] <INFO> Reloading channel peer61.ipv4 for export
bird: 2026-07-27 20:01:54.091 [0000] <INFO> Reloading channel peer62.ipv4 for import
bird: 2026-07-27 20:01:54.091 [0000] <DBG> peer62.ipv4: reloading
bird: 2026-07-27 20:01:54.091 [0000] <INFO> Reloading channel peer62.ipv4 for export
bird: 2026-07-27 20:01:54.091 [0000] <INFO> Reloading channel peer63.ipv4 for import
bird: 2026-07-27 20:01:54.091 [0000] <DBG> peer63.ipv4: reloading
bird: 2026-07-27 20:01:54.091 [0000] <INFO> Reloading channel peer63.ipv4 for export
bird: 2026-07-27 20:01:54.091 [0000] <INFO> Reloading channel peer64.ipv4 for import
bird: 2026-07-27 20:01:54.091 [0000] <DBG> peer64.ipv4: reloading
bird: 2026-07-27 20:01:54.091 [0000] <INFO> Reloading channel peer64.ipv4 for export
bird: 2026-07-27 20:01:54.091 [0000] <INFO> Reloading channel peer65.ipv4 for import
bird: 2026-07-27 20:01:54.091 [0000] <DBG> peer65.ipv4: reloading
bird: 2026-07-27 20:01:54.091 [0000] <INFO> Reloading channel peer65.ipv4 for export
bird: 2026-07-27 20:01:54.091 [0000] <INFO> Reloading channel peer66.ipv4 for import
bird: 2026-07-27 20:01:54.091 [0000] <DBG> peer66.ipv4: reloading
bird: 2026-07-27 20:01:54.091 [0000] <INFO> Reloading channel peer66.ipv4 for export
bird: 2026-07-27 20:01:54.091 [0000] <INFO> Reloading channel peer67.ipv4 for import
bird: 2026-07-27 20:01:54.091 [0000] <DBG> peer67.ipv4: reloading
bird: 2026-07-27 20:01:54.091 [0000] <INFO> Reloading channel peer67.ipv4 for export
bird: 2026-07-27 20:01:54.091 [0000] <INFO> Reloading channel peer68.ipv4 for import
bird: 2026-07-27 20:01:54.091 [0000] <DBG> peer68.ipv4: reloading
bird: 2026-07-27 20:01:54.091 [0000] <INFO> Reloading channel peer68.ipv4 for export
bird: 2026-07-27 20:01:54.091 [0000] <INFO> Reloading channel peer69.ipv4 for import
bird: 2026-07-27 20:01:54.091 [0000] <DBG> peer69.ipv4: reloading
bird: 2026-07-27 20:01:54.091 [0000] <INFO> Reloading channel peer69.ipv4 for export
bird: 2026-07-27 20:01:54.091 [0000] <INFO> Reloading channel peer70.ipv4 for import
bird: 2026-07-27 20:01:54.091 [0000] <DBG> peer70.ipv4: reloading
bird: 2026-07-27 20:01:54.091 [0000] <INFO> Reloading channel peer70.ipv4 for export
bird: 2026-07-27 20:01:54.091 [0000] <INFO> Reloading channel peer71.ipv4 for import
bird: 2026-07-27 20:01:54.091 [0000] <DBG> peer71.ipv4: reloading
bird: 2026-07-27 20:01:54.091 [0000] <INFO> Reloading channel peer71.ipv4 for export
bird: 2026-07-27 20:01:54.091 [0000] <INFO> Reloading channel peer72.ipv4 for import
bird: 2026-07-27 20:01:54.091 [0000] <DBG> peer72.ipv4: reloading
bird: 2026-07-27 20:01:54.091 [0000] <INFO> Reloading channel peer72.ipv4 for export
bird: 2026-07-27 20:01:54.091 [0000] <INFO> Reloading channel peer73.ipv4 for import
bird: 2026-07-27 20:01:54.091 [0000] <DBG> peer73.ipv4: reloading
bird: 2026-07-27 20:01:54.091 [0000] <INFO> Reloading channel peer73.ipv4 for export
bird: 2026-07-27 20:01:54.091 [0000] <INFO> Reloading channel peer74.ipv4 for import
bird: 2026-07-27 20:01:54.091 [0000] <DBG> peer74.ipv4: reloading
bird: 2026-07-27 20:01:54.091 [0000] <INFO> Reloading channel peer74.ipv4 for export
bird: 2026-07-27 20:01:54.091 [0000] <INFO> Reloading channel peer75.ipv4 for import
bird: 2026-07-27 20:01:54.091 [0000] <DBG> peer75.ipv4: reloading
bird: 2026-07-27 20:01:54.091 [0000] <INFO> Reloading channel peer75.ipv4 for export
bird: 2026-07-27 20:01:54.091 [0000] <INFO> Reloading channel peer76.ipv4 for import
bird: 2026-07-27 20:01:54.091 [0000] <DBG> peer76.ipv4: reloading
bird: 2026-07-27 20:01:54.091 [0000] <INFO> Reloading channel peer76.ipv4 for export
bird: 2026-07-27 20:01:54.091 [0000] <INFO> Reloading channel peer77.ipv4 for import
bird: 2026-07-27 20:01:54.091 [0000] <DBG> peer77.ipv4: reloading
bird: 2026-07-27 20:01:54.091 [0000] <INFO> Reloading channel peer77.ipv4 for export
bird: 2026-07-27 20:01:54.091 [0000] <INFO> Reloading channel peer78.ipv4 for import
bird: 2026-07-27 20:01:54.091 [0000] <DBG> peer78.ipv4: reloading
bird: 2026-07-27 20:01:54.091 [0000] <INFO> Reloading channel peer78.ipv4 for export
bird: 2026-07-27 20:01:54.091 [0000] <INFO> Reloading channel peer79.ipv4 for import
bird: 2026-07-27 20:01:54.091 [0000] <DBG> peer79.ipv4: reloading
bird: 2026-07-27 20:01:54.091 [0000] <INFO> Reloading channel peer79.ipv4 for export
bird: 2026-07-27 20:01:54.091 [0000] <INFO> Reloading channel peer80.ipv4 for import
bird: 2026-07-27 20:01:54.091 [0000] <DBG> peer80.ipv4: reloading
bird: 2026-07-27 20:01:54.091 [0000] <INFO> Reloading channel peer80.ipv4 for export
bird: 2026-07-27 20:01:54.091 [0000] <INFO> Reloading channel peer81.ipv4 for import
bird: 2026-07-27 20:01:54.091 [0000] <DBG> peer81.ipv4: reloading
bird: 2026-07-27 20:01:54.091 [0000] <INFO> Reloading channel peer81.ipv4 for export
bird: 2026-07-27 20:01:54.091 [0000] <INFO> Reloading channel peer82.ipv4 for import
bird: 2026-07-27 20:01:54.091 [0000] <DBG> peer82.ipv4: reloading
bird: 2026-07-27 20:01:54.091 [0000] <INFO> Reloading channel peer82.ipv4 for export
bird: 2026-07-27 20:01:54.091 [0000] <INFO> Reloading channel peer83.ipv4 for import
bird: 2026-07-27 20:01:54.091 [0000] <DBG> peer83.ipv4: reloading
bird: 2026-07-27 20:01:54.091 [0000] <INFO> Reloading channel peer83.ipv4 for export
bird: 2026-07-27 20:01:54.091 [0000] <INFO> Reloading channel peer84.ipv4 for import
bird: 2026-07-27 20:01:54.091 [0000] <DBG> peer84.ipv4: reloading
bird: 2026-07-27 20:01:54.091 [0000] <INFO> Reloading channel peer84.ipv4 for export
bird: 2026-07-27 20:01:54.091 [0000] <INFO> Reloading channel peer85.ipv4 for import
bird: 2026-07-27 20:01:54.091 [0000] <DBG> peer85.ipv4: reloading
bird: 2026-07-27 20:01:54.091 [0000] <INFO> Reloading channel peer85.ipv4 for export
bird: 2026-07-27 20:01:54.091 [0000] <INFO> Reloading channel peer86.ipv4 for import
bird: 2026-07-27 20:01:54.091 [0000] <DBG> peer86.ipv4: reloading
bird: 2026-07-27 20:01:54.091 [0000] <INFO> Reloading channel peer86.ipv4 for export
bird: 2026-07-27 20:01:54.091 [0000] <INFO> Reloading channel peer87.ipv4 for import
bird: 2026-07-27 20:01:54.091 [0000] <DBG> peer87.ipv4: reloading
bird: 2026-07-27 20:01:54.091 [0000] <INFO> Reloading channel peer87.ipv4 for export
bird: 2026-07-27 20:01:54.091 [0000] <INFO> Reloading channel peer88.ipv4 for import
bird: 2026-07-27 20:01:54.091 [0000] <DBG> peer88.ipv4: reloading
bird: 2026-07-27 20:01:54.091 [0000] <INFO> Reloading channel peer88.ipv4 for export
bird: 2026-07-27 20:01:54.091 [0000] <INFO> Reloading channel peer89.ipv4 for import
bird: 2026-07-27 20:01:54.091 [0000] <DBG> peer89.ipv4: reloading
bird: 2026-07-27 20:01:54.091 [0000] <INFO> Reloading channel peer89.ipv4 for export
bird: 2026-07-27 20:01:54.091 [0000] <INFO> Reloading channel peer90.ipv4 for import
bird: 2026-07-27 20:01:54.091 [0000] <DBG> peer90.ipv4: reloading
bird: 2026-07-27 20:01:54.091 [0000] <INFO> Reloading channel peer90.ipv4 for export
bird: 2026-07-27 20:01:54.091 [0000] <INFO> Reloading channel peer91.ipv4 for import
bird: 2026-07-27 20:01:54.091 [0000] <DBG> peer91.ipv4: reloading
bird: 2026-07-27 20:01:54.091 [0000] <INFO> Reloading channel peer91.ipv4 for export
bird: 2026-07-27 20:01:54.091 [0000] <INFO> Reloading channel peer92.ipv4 for import
bird: 2026-07-27 20:01:54.091 [0000] <DBG> peer92.ipv4: reloading
bird: 2026-07-27 20:01:54.091 [0000] <INFO> Reloading channel peer92.ipv4 for export
bird: 2026-07-27 20:01:54.091 [0000] <INFO> Reloading channel peer93.ipv4 for import
bird: 2026-07-27 20:01:54.091 [0000] <DBG> peer93.ipv4: reloading
bird: 2026-07-27 20:01:54.091 [0000] <INFO> Reloading channel peer93.ipv4 for export
bird: 2026-07-27 20:01:54.091 [0000] <INFO> Reloading channel peer94.ipv4 for import
bird: 2026-07-27 20:01:54.091 [0000] <DBG> peer94.ipv4: reloading
bird: 2026-07-27 20:01:54.091 [0000] <INFO> Reloading channel peer94.ipv4 for export
bird: 2026-07-27 20:01:54.091 [0000] <INFO> Reloading channel peer95.ipv4 for import
bird: 2026-07-27 20:01:54.091 [0000] <DBG> peer95.ipv4: reloading
bird: 2026-07-27 20:01:54.091 [0000] <INFO> Reloading channel peer95.ipv4 for export
bird: 2026-07-27 20:01:54.091 [0000] <INFO> Reloading channel peer96.ipv4 for import
bird: 2026-07-27 20:01:54.091 [0000] <DBG> peer96.ipv4: reloading
bird: 2026-07-27 20:01:54.091 [0000] <INFO> Reloading channel peer96.ipv4 for export
bird: 2026-07-27 20:01:54.091 [0000] <INFO> Reloading channel peer97.ipv4 for import
bird: 2026-07-27 20:01:54.091 [0000] <DBG> peer97.ipv4: reloading
bird: 2026-07-27 20:01:54.091 [0000] <INFO> Reloading channel peer97.ipv4 for export
bird: 2026-07-27 20:01:54.091 [0000] <INFO> Reloading channel peer98.ipv4 for import
bird: 2026-07-27 20:01:54.091 [0000] <DBG> peer98.ipv4: reloading
bird: 2026-07-27 20:01:54.091 [0000] <INFO> Reloading channel peer98.ipv4 for export
bird: 2026-07-27 20:01:54.091 [0000] <INFO> Reloading channel peer99.ipv4 for import
bird: 2026-07-27 20:01:54.091 [0000] <DBG> peer99.ipv4: reloading
bird: 2026-07-27 20:01:54.091 [0000] <INFO> Reloading channel peer99.ipv4 for export
bird: 2026-07-27 20:01:54.091 [0000] <INFO> Reloading channel peer100.ipv4 for import
bird: 2026-07-27 20:01:54.091 [0000] <DBG> peer100.ipv4: reloading
bird: 2026-07-27 20:01:54.091 [0000] <INFO> Reloading channel peer100.ipv4 for export
bird: 2026-07-27 20:01:54.091 [0000] <INFO> Reloading channel peer101.ipv4 for import
bird: 2026-07-27 20:01:54.091 [0000] <DBG> peer101.ipv4: reloading
bird: 2026-07-27 20:01:54.091 [0000] <INFO> Reloading channel peer101.ipv4 for export
bird: 2026-07-27 20:01:54.091 [0000] <INFO> Reloading channel peer102.ipv4 for import
bird: 2026-07-27 20:01:54.091 [0000] <DBG> peer102.ipv4: reloading
bird: 2026-07-27 20:01:54.091 [0000] <INFO> Reloading channel peer102.ipv4 for export
bird: 2026-07-27 20:01:54.091 [0000] <INFO> Reloading channel peer103.ipv4 for import
bird: 2026-07-27 20:01:54.091 [0000] <DBG> peer103.ipv4: reloading
bird: 2026-07-27 20:01:54.091 [0000] <INFO> Reloading channel peer103.ipv4 for export
bird: 2026-07-27 20:01:54.091 [0000] <INFO> Reloading channel peer104.ipv4 for import
bird: 2026-07-27 20:01:54.091 [0000] <DBG> peer104.ipv4: reloading
bird: 2026-07-27 20:01:54.091 [0000] <INFO> Reloading channel peer104.ipv4 for export
bird: 2026-07-27 20:01:54.091 [0000] <INFO> Reloading channel peer105.ipv4 for import
bird: 2026-07-27 20:01:54.091 [0000] <DBG> peer105.ipv4: reloading
bird: 2026-07-27 20:01:54.091 [0000] <INFO> Reloading channel peer105.ipv4 for export
bird: 2026-07-27 20:01:54.091 [0000] <INFO> Reloading channel peer106.ipv4 for import
bird: 2026-07-27 20:01:54.091 [0000] <DBG> peer106.ipv4: reloading
bird: 2026-07-27 20:01:54.091 [0000] <INFO> Reloading channel peer106.ipv4 for export
bird: 2026-07-27 20:01:54.091 [0000] <INFO> Reloading channel peer107.ipv4 for import
bird: 2026-07-27 20:01:54.091 [0000] <DBG> peer107.ipv4: reloading
bird: 2026-07-27 20:01:54.091 [0000] <INFO> Reloading channel peer107.ipv4 for export
bird: 2026-07-27 20:01:54.091 [0000] <INFO> Reloading channel peer108.ipv4 for import
bird: 2026-07-27 20:01:54.091 [0000] <DBG> peer108.ipv4: reloading
bird: 2026-07-27 20:01:54.091 [0000] <INFO> Reloading channel peer108.ipv4 for export
bird: 2026-07-27 20:01:54.091 [0000] <INFO> Reloading channel peer109.ipv4 for import
bird: 2026-07-27 20:01:54.091 [0000] <DBG> peer109.ipv4: reloading
bird: 2026-07-27 20:01:54.091 [0000] <INFO> Reloading channel peer109.ipv4 for export
bird: 2026-07-27 20:01:54.091 [0000] <INFO> Reloading channel peer110.ipv4 for import
bird: 2026-07-27 20:01:54.091 [0000] <DBG> peer110.ipv4: reloading
bird: 2026-07-27 20:01:54.091 [0000] <INFO> Reloading channel peer110.ipv4 for export
bird: 2026-07-27 20:01:54.091 [0000] <INFO> Reloading channel peer111.ipv4 for import
bird: 2026-07-27 20:01:54.091 [0000] <DBG> peer111.ipv4: reloading
bird: 2026-07-27 20:01:54.091 [0000] <INFO> Reloading channel peer111.ipv4 for export
bird: 2026-07-27 20:01:54.091 [0000] <INFO> Reloading channel peer112.ipv4 for import
bird: 2026-07-27 20:01:54.091 [0000] <DBG> peer112.ipv4: reloading
bird: 2026-07-27 20:01:54.091 [0000] <INFO> Reloading channel peer112.ipv4 for export
bird: 2026-07-27 20:01:54.091 [0000] <INFO> Reloading channel peer113.ipv4 for import
bird: 2026-07-27 20:01:54.091 [0000] <DBG> peer113.ipv4: reloading
bird: 2026-07-27 20:01:54.091 [0000] <INFO> Reloading channel peer113.ipv4 for export
bird: 2026-07-27 20:01:54.091 [0000] <INFO> Reloading channel peer114.ipv4 for import
bird: 2026-07-27 20:01:54.091 [0000] <DBG> peer114.ipv4: reloading
bird: 2026-07-27 20:01:54.091 [0000] <INFO> Reloading channel peer114.ipv4 for export
bird: 2026-07-27 20:01:54.091 [0000] <INFO> Reloading channel peer115.ipv4 for import
bird: 2026-07-27 20:01:54.091 [0000] <DBG> peer115.ipv4: reloading
bird: 2026-07-27 20:01:54.091 [0000] <INFO> Reloading channel peer115.ipv4 for export
bird: 2026-07-27 20:01:54.091 [0000] <INFO> Reloading channel peer116.ipv4 for import
bird: 2026-07-27 20:01:54.091 [0000] <DBG> peer116.ipv4: reloading
bird: 2026-07-27 20:01:54.091 [0000] <INFO> Reloading channel peer116.ipv4 for export
bird: 2026-07-27 20:01:54.091 [0000] <INFO> Reloading channel peer117.ipv4 for import
bird: 2026-07-27 20:01:54.091 [0000] <DBG> peer117.ipv4: reloading
bird: 2026-07-27 20:01:54.091 [0000] <INFO> Reloading channel peer117.ipv4 for export
bird: 2026-07-27 20:01:54.091 [0000] <INFO> Reloading channel peer118.ipv4 for import
bird: 2026-07-27 20:01:54.091 [0000] <DBG> peer118.ipv4: reloading
bird: 2026-07-27 20:01:54.091 [0000] <INFO> Reloading channel peer118.ipv4 for export
bird: 2026-07-27 20:01:54.091 [0000] <INFO> Reloading channel peer119.ipv4 for import
bird: 2026-07-27 20:01:54.091 [0000] <DBG> peer119.ipv4: reloading
bird: 2026-07-27 20:01:54.091 [0000] <INFO> Reloading channel peer119.ipv4 for export
bird: 2026-07-27 20:01:54.091 [0000] <INFO> Reloading channel peer120.ipv4 for import
bird: 2026-07-27 20:01:54.091 [0000] <DBG> peer120.ipv4: reloading
bird: 2026-07-27 20:01:54.091 [0000] <INFO> Reloading channel peer120.ipv4 for export
bird: 2026-07-27 20:01:54.091 [0000] <INFO> Reloading channel peer121.ipv4 for import
bird: 2026-07-27 20:01:54.091 [0000] <DBG> peer121.ipv4: reloading
bird: 2026-07-27 20:01:54.091 [0000] <INFO> Reloading channel peer121.ipv4 for export
bird: 2026-07-27 20:01:54.091 [0000] <INFO> Reloading channel peer122.ipv4 for import
bird: 2026-07-27 20:01:54.091 [0000] <DBG> peer122.ipv4: reloading
bird: 2026-07-27 20:01:54.091 [0000] <INFO> Reloading channel peer122.ipv4 for export
bird: 2026-07-27 20:01:54.091 [0000] <INFO> Reloading channel peer123.ipv4 for import
bird: 2026-07-27 20:01:54.091 [0000] <DBG> peer123.ipv4: reloading
bird: 2026-07-27 20:01:54.091 [0000] <INFO> Reloading channel peer123.ipv4 for export
bird: 2026-07-27 20:01:54.091 [0000] <INFO> Reloading channel peer124.ipv4 for import
bird: 2026-07-27 20:01:54.091 [0000] <DBG> peer124.ipv4: reloading
bird: 2026-07-27 20:01:54.091 [0000] <INFO> Reloading channel peer124.ipv4 for export
bird: 2026-07-27 20:01:54.091 [0000] <INFO> Reloading channel peer125.ipv4 for import
bird: 2026-07-27 20:01:54.091 [0000] <DBG> peer125.ipv4: reloading
bird: 2026-07-27 20:01:54.091 [0000] <INFO> Reloading channel peer125.ipv4 for export
bird: 2026-07-27 20:01:54.091 [0000] <INFO> Reloading channel peer126.ipv4 for import
bird: 2026-07-27 20:01:54.091 [0000] <DBG> peer126.ipv4: reloading
bird: 2026-07-27 20:01:54.091 [0000] <INFO> Reloading channel peer126.ipv4 for export
bird: 2026-07-27 20:01:54.091 [0000] <INFO> Reloading channel peer127.ipv4 for import
bird: 2026-07-27 20:01:54.091 [0000] <DBG> peer127.ipv4: reloading
bird: 2026-07-27 20:01:54.091 [0000] <INFO> Reloading channel peer127.ipv4 for export
bird: 2026-07-27 20:01:54.091 [0000] <INFO> Reloading channel peer128.ipv4 for import
bird: 2026-07-27 20:01:54.091 [0000] <DBG> peer128.ipv4: reloading
bird: 2026-07-27 20:01:54.091 [0000] <INFO> Reloading channel peer128.ipv4 for export
bird: 2026-07-27 20:01:54.091 [0000] <INFO> Reloading channel peer129.ipv4 for import
bird: 2026-07-27 20:01:54.091 [0000] <DBG> peer129.ipv4: reloading
bird: 2026-07-27 20:01:54.091 [0000] <INFO> Reloading channel peer129.ipv4 for export
bird: 2026-07-27 20:01:54.091 [0000] <INFO> Reloading channel peer130.ipv4 for import
bird: 2026-07-27 20:01:54.091 [0000] <DBG> peer130.ipv4: reloading
bird: 2026-07-27 20:01:54.091 [0000] <INFO> Reloading channel peer130.ipv4 for export
bird: 2026-07-27 20:01:54.091 [0000] <INFO> Reloading channel peer131.ipv4 for import
bird: 2026-07-27 20:01:54.091 [0000] <DBG> peer131.ipv4: reloading
bird: 2026-07-27 20:01:54.091 [0000] <INFO> Reloading channel peer131.ipv4 for export
bird: 2026-07-27 20:01:54.091 [0000] <INFO> Reloading channel peer132.ipv4 for import
bird: 2026-07-27 20:01:54.091 [0000] <DBG> peer132.ipv4: reloading
bird: 2026-07-27 20:01:54.091 [0000] <INFO> Reloading channel peer132.ipv4 for export
bird: 2026-07-27 20:01:54.091 [0000] <INFO> Reloading channel peer133.ipv4 for import
bird: 2026-07-27 20:01:54.091 [0000] <DBG> peer133.ipv4: reloading
bird: 2026-07-27 20:01:54.091 [0000] <INFO> Reloading channel peer133.ipv4 for export
bird: 2026-07-27 20:01:54.091 [0000] <INFO> Reloading channel peer134.ipv4 for import
bird: 2026-07-27 20:01:54.091 [0000] <DBG> peer134.ipv4: reloading
bird: 2026-07-27 20:01:54.091 [0000] <INFO> Reloading channel peer134.ipv4 for export
bird: 2026-07-27 20:01:54.091 [0000] <INFO> Reloading channel peer135.ipv4 for import
bird: 2026-07-27 20:01:54.091 [0000] <DBG> peer135.ipv4: reloading
bird: 2026-07-27 20:01:54.091 [0000] <INFO> Reloading channel peer135.ipv4 for export
bird: 2026-07-27 20:01:54.091 [0000] <INFO> Reloading channel peer136.ipv4 for import
bird: 2026-07-27 20:01:54.091 [0000] <DBG> peer136.ipv4: reloading
bird: 2026-07-27 20:01:54.091 [0000] <INFO> Reloading channel peer136.ipv4 for export
bird: 2026-07-27 20:01:54.091 [0000] <INFO> Reloading channel peer137.ipv4 for import
bird: 2026-07-27 20:01:54.091 [0000] <DBG> peer137.ipv4: reloading
bird: 2026-07-27 20:01:54.091 [0000] <INFO> Reloading channel peer137.ipv4 for export
bird: 2026-07-27 20:01:54.091 [0000] <INFO> Reloading channel peer138.ipv4 for import
bird: 2026-07-27 20:01:54.091 [0000] <DBG> peer138.ipv4: reloading
bird: 2026-07-27 20:01:54.091 [0000] <INFO> Reloading channel peer138.ipv4 for export
bird: 2026-07-27 20:01:54.091 [0000] <INFO> Reloading channel peer139.ipv4 for import
bird: 2026-07-27 20:01:54.091 [0000] <DBG> peer139.ipv4: reloading
bird: 2026-07-27 20:01:54.091 [0000] <INFO> Reloading channel peer139.ipv4 for export
bird: 2026-07-27 20:01:54.091 [0000] <INFO> Reloading channel peer140.ipv4 for import
bird: 2026-07-27 20:01:54.091 [0000] <DBG> peer140.ipv4: reloading
bird: 2026-07-27 20:01:54.091 [0000] <INFO> Reloading channel peer140.ipv4 for export
bird: 2026-07-27 20:01:54.091 [0000] <INFO> Reloading channel peer141.ipv4 for import
bird: 2026-07-27 20:01:54.091 [0000] <DBG> peer141.ipv4: reloading
bird: 2026-07-27 20:01:54.091 [0000] <INFO> Reloading channel peer141.ipv4 for export
bird: 2026-07-27 20:01:54.091 [0000] <INFO> Reloading channel peer142.ipv4 for import
bird: 2026-07-27 20:01:54.091 [0000] <DBG> peer142.ipv4: reloading
bird: 2026-07-27 20:01:54.091 [0000] <INFO> Reloading channel peer142.ipv4 for export
bird: 2026-07-27 20:01:54.091 [0000] <INFO> Reloading channel peer143.ipv4 for import
bird: 2026-07-27 20:01:54.091 [0000] <DBG> peer143.ipv4: reloading
bird: 2026-07-27 20:01:54.091 [0000] <INFO> Reloading channel peer143.ipv4 for export
bird: 2026-07-27 20:01:54.091 [0000] <INFO> Reloading channel peer144.ipv4 for import
bird: 2026-07-27 20:01:54.091 [0000] <DBG> peer144.ipv4: reloading
bird: 2026-07-27 20:01:54.091 [0000] <INFO> Reloading channel peer144.ipv4 for export
bird: 2026-07-27 20:01:54.091 [0000] <INFO> Reloading channel peer145.ipv4 for import
bird: 2026-07-27 20:01:54.091 [0000] <DBG> peer145.ipv4: reloading
bird: 2026-07-27 20:01:54.091 [0000] <INFO> Reloading channel peer145.ipv4 for export
bird: 2026-07-27 20:01:54.091 [0000] <INFO> Reloading channel peer146.ipv4 for import
bird: 2026-07-27 20:01:54.091 [0000] <DBG> peer146.ipv4: reloading
bird: 2026-07-27 20:01:54.091 [0000] <INFO> Reloading channel peer146.ipv4 for export
bird: 2026-07-27 20:01:54.091 [0000] <INFO> Reloading channel peer147.ipv4 for import
bird: 2026-07-27 20:01:54.091 [0000] <DBG> peer147.ipv4: reloading
bird: 2026-07-27 20:01:54.091 [0000] <INFO> Reloading channel peer147.ipv4 for export
bird: 2026-07-27 20:01:54.091 [0000] <INFO> Reloading channel peer148.ipv4 for import
bird: 2026-07-27 20:01:54.091 [0000] <DBG> peer148.ipv4: reloading
bird: 2026-07-27 20:01:54.091 [0000] <INFO> Reloading channel peer148.ipv4 for export
bird: 2026-07-27 20:01:54.091 [0000] <INFO> Reloading channel peer149.ipv4 for import
bird: 2026-07-27 20:01:54.091 [0000] <DBG> peer149.ipv4: reloading
bird: 2026-07-27 20:01:54.091 [0000] <INFO> Reloading channel peer149.ipv4 for export
bird: 2026-07-27 20:01:54.091 [0000] <INFO> Reloading channel peer150.ipv4 for import
bird: 2026-07-27 20:01:54.091 [0000] <DBG> peer150.ipv4: reloading
bird: 2026-07-27 20:01:54.091 [0000] <INFO> Reloading channel peer150.ipv4 for export
bird: 2026-07-27 20:01:54.091 [0000] <INFO> Reloading channel peer151.ipv4 for import
bird: 2026-07-27 20:01:54.091 [0000] <DBG> peer151.ipv4: reloading
bird: 2026-07-27 20:01:54.091 [0000] <INFO> Reloading channel peer151.ipv4 for export
bird: 2026-07-27 20:01:54.091 [0000] <INFO> Reloading channel peer152.ipv4 for import
bird: 2026-07-27 20:01:54.091 [0000] <DBG> peer152.ipv4: reloading
bird: 2026-07-27 20:01:54.091 [0000] <INFO> Reloading channel peer152.ipv4 for export
bird: 2026-07-27 20:01:54.091 [0000] <INFO> Reloading channel peer153.ipv4 for import
bird: 2026-07-27 20:01:54.091 [0000] <DBG> peer153.ipv4: reloading
bird: 2026-07-27 20:01:54.091 [0000] <INFO> Reloading channel peer153.ipv4 for export
bird: 2026-07-27 20:01:54.091 [0000] <INFO> Reloading channel peer154.ipv4 for import
bird: 2026-07-27 20:01:54.091 [0000] <DBG> peer154.ipv4: reloading
bird: 2026-07-27 20:01:54.091 [0000] <INFO> Reloading channel peer154.ipv4 for export
bird: 2026-07-27 20:01:54.091 [0000] <INFO> Reloading channel peer155.ipv4 for import
bird: 2026-07-27 20:01:54.091 [0000] <DBG> peer155.ipv4: reloading
bird: 2026-07-27 20:01:54.091 [0000] <INFO> Reloading channel peer155.ipv4 for export
bird: 2026-07-27 20:01:54.091 [0000] <INFO> Reloading channel peer156.ipv4 for import
bird: 2026-07-27 20:01:54.091 [0000] <DBG> peer156.ipv4: reloading
bird: 2026-07-27 20:01:54.091 [0000] <INFO> Reloading channel peer156.ipv4 for export
bird: 2026-07-27 20:01:54.091 [0000] <INFO> Reloading channel peer157.ipv4 for import
bird: 2026-07-27 20:01:54.091 [0000] <DBG> peer157.ipv4: reloading
bird: 2026-07-27 20:01:54.091 [0000] <INFO> Reloading channel peer157.ipv4 for export
bird: 2026-07-27 20:01:54.091 [0000] <INFO> Reloading channel peer158.ipv4 for import
bird: 2026-07-27 20:01:54.091 [0000] <DBG> peer158.ipv4: reloading
bird: 2026-07-27 20:01:54.091 [0000] <INFO> Reloading channel peer158.ipv4 for export
bird: 2026-07-27 20:01:54.091 [0000] <INFO> Reloading channel peer159.ipv4 for import
bird: 2026-07-27 20:01:54.091 [0000] <DBG> peer159.ipv4: reloading
bird: 2026-07-27 20:01:54.091 [0000] <INFO> Reloading channel peer159.ipv4 for export
bird: 2026-07-27 20:01:54.091 [0000] <INFO> Reloading channel peer160.ipv4 for import
bird: 2026-07-27 20:01:54.091 [0000] <DBG> peer160.ipv4: reloading
bird: 2026-07-27 20:01:54.091 [0000] <INFO> Reloading channel peer160.ipv4 for export
bird: 2026-07-27 20:01:54.091 [0000] <INFO> Reloading channel peer161.ipv4 for import
bird: 2026-07-27 20:01:54.091 [0000] <DBG> peer161.ipv4: reloading
bird: 2026-07-27 20:01:54.091 [0000] <INFO> Reloading channel peer161.ipv4 for export
bird: 2026-07-27 20:01:54.091 [0000] <INFO> Reloading channel peer162.ipv4 for import
bird: 2026-07-27 20:01:54.091 [0000] <DBG> peer162.ipv4: reloading
bird: 2026-07-27 20:01:54.091 [0000] <INFO> Reloading channel peer162.ipv4 for export
bird: 2026-07-27 20:01:54.091 [0000] <INFO> Reloading channel peer163.ipv4 for import
bird: 2026-07-27 20:01:54.091 [0000] <DBG> peer163.ipv4: reloading
bird: 2026-07-27 20:01:54.091 [0000] <INFO> Reloading channel peer163.ipv4 for export
bird: 2026-07-27 20:01:54.091 [0000] <INFO> Reloading channel peer164.ipv4 for import
bird: 2026-07-27 20:01:54.091 [0000] <DBG> peer164.ipv4: reloading
bird: 2026-07-27 20:01:54.091 [0000] <INFO> Reloading channel peer164.ipv4 for export
bird: 2026-07-27 20:01:54.091 [0000] <INFO> Reloading channel peer165.ipv4 for import
bird: 2026-07-27 20:01:54.091 [0000] <DBG> peer165.ipv4: reloading
bird: 2026-07-27 20:01:54.091 [0000] <INFO> Reloading channel peer165.ipv4 for export
bird: 2026-07-27 20:01:54.091 [0000] <INFO> Reloading channel peer166.ipv4 for import
bird: 2026-07-27 20:01:54.091 [0000] <DBG> peer166.ipv4: reloading
bird: 2026-07-27 20:01:54.091 [0000] <INFO> Reloading channel peer166.ipv4 for export
bird: 2026-07-27 20:01:54.091 [0000] <INFO> Reloading channel peer167.ipv4 for import
bird: 2026-07-27 20:01:54.091 [0000] <DBG> peer167.ipv4: reloading
bird: 2026-07-27 20:01:54.091 [0000] <INFO> Reloading channel peer167.ipv4 for export
bird: 2026-07-27 20:01:54.091 [0000] <INFO> Reloading channel peer168.ipv4 for import
bird: 2026-07-27 20:01:54.091 [0000] <DBG> peer168.ipv4: reloading
bird: 2026-07-27 20:01:54.091 [0000] <INFO> Reloading channel peer168.ipv4 for export
bird: 2026-07-27 20:01:54.091 [0000] <INFO> Reloading channel peer169.ipv4 for import
bird: 2026-07-27 20:01:54.091 [0000] <DBG> peer169.ipv4: reloading
bird: 2026-07-27 20:01:54.091 [0000] <INFO> Reloading channel peer169.ipv4 for export
bird: 2026-07-27 20:01:54.091 [0000] <INFO> Reloading channel peer170.ipv4 for import
bird: 2026-07-27 20:01:54.091 [0000] <DBG> peer170.ipv4: reloading
bird: 2026-07-27 20:01:54.091 [0000] <INFO> Reloading channel peer170.ipv4 for export
bird: 2026-07-27 20:01:54.091 [0000] <INFO> Reloading channel peer171.ipv4 for import
bird: 2026-07-27 20:01:54.091 [0000] <DBG> peer171.ipv4: reloading
bird: 2026-07-27 20:01:54.091 [0000] <INFO> Reloading channel peer171.ipv4 for export
bird: 2026-07-27 20:01:54.091 [0000] <INFO> Reloading channel peer172.ipv4 for import
bird: 2026-07-27 20:01:54.091 [0000] <DBG> peer172.ipv4: reloading
bird: 2026-07-27 20:01:54.091 [0000] <INFO> Reloading channel peer172.ipv4 for export
bird: 2026-07-27 20:01:54.091 [0000] <INFO> Reloading channel peer173.ipv4 for import
bird: 2026-07-27 20:01:54.091 [0000] <DBG> peer173.ipv4: reloading
bird: 2026-07-27 20:01:54.091 [0000] <INFO> Reloading channel peer173.ipv4 for export
bird: 2026-07-27 20:01:54.091 [0000] <INFO> Reloading channel peer174.ipv4 for import
bird: 2026-07-27 20:01:54.091 [0000] <DBG> peer174.ipv4: reloading
bird: 2026-07-27 20:01:54.091 [0000] <INFO> Reloading channel peer174.ipv4 for export
bird: 2026-07-27 20:01:54.091 [0000] <INFO> Reloading channel peer175.ipv4 for import
bird: 2026-07-27 20:01:54.091 [0000] <DBG> peer175.ipv4: reloading
bird: 2026-07-27 20:01:54.091 [0000] <INFO> Reloading channel peer175.ipv4 for export
bird: 2026-07-27 20:01:54.091 [0000] <INFO> Reloading channel peer176.ipv4 for import
bird: 2026-07-27 20:01:54.091 [0000] <DBG> peer176.ipv4: reloading
bird: 2026-07-27 20:01:54.091 [0000] <INFO> Reloading channel peer176.ipv4 for export
bird: 2026-07-27 20:01:54.091 [0000] <INFO> Reloading channel peer177.ipv4 for import
bird: 2026-07-27 20:01:54.091 [0000] <DBG> peer177.ipv4: reloading
bird: 2026-07-27 20:01:54.091 [0000] <INFO> Reloading channel peer177.ipv4 for export
bird: 2026-07-27 20:01:54.091 [0000] <INFO> Reloading channel peer178.ipv4 for import
bird: 2026-07-27 20:01:54.091 [0000] <DBG> peer178.ipv4: reloading
bird: 2026-07-27 20:01:54.091 [0000] <INFO> Reloading channel peer178.ipv4 for export
bird: 2026-07-27 20:01:54.091 [0000] <INFO> Reloading channel peer179.ipv4 for import
bird: 2026-07-27 20:01:54.091 [0000] <DBG> peer179.ipv4: reloading
bird: 2026-07-27 20:01:54.091 [0000] <INFO> Reloading channel peer179.ipv4 for export
bird: 2026-07-27 20:01:54.091 [0000] <INFO> Reloading channel peer180.ipv4 for import
bird: 2026-07-27 20:01:54.091 [0000] <DBG> peer180.ipv4: reloading
bird: 2026-07-27 20:01:54.091 [0000] <INFO> Reloading channel peer180.ipv4 for export
bird: 2026-07-27 20:01:54.091 [0000] <INFO> Reloading channel peer181.ipv4 for import
bird: 2026-07-27 20:01:54.091 [0000] <DBG> peer181.ipv4: reloading
bird: 2026-07-27 20:01:54.091 [0000] <INFO> Reloading channel peer181.ipv4 for export
bird: 2026-07-27 20:01:54.091 [0000] <INFO> Reloading channel peer182.ipv4 for import
bird: 2026-07-27 20:01:54.091 [0000] <DBG> peer182.ipv4: reloading
bird: 2026-07-27 20:01:54.091 [0000] <INFO> Reloading channel peer182.ipv4 for export
bird: 2026-07-27 20:01:54.091 [0000] <INFO> Reloading channel peer183.ipv4 for import
bird: 2026-07-27 20:01:54.091 [0000] <DBG> peer183.ipv4: reloading
bird: 2026-07-27 20:01:54.091 [0000] <INFO> Reloading channel peer183.ipv4 for export
bird: 2026-07-27 20:01:54.091 [0000] <INFO> Reloading channel peer184.ipv4 for import
bird: 2026-07-27 20:01:54.091 [0000] <DBG> peer184.ipv4: reloading
bird: 2026-07-27 20:01:54.091 [0000] <INFO> Reloading channel peer184.ipv4 for export
bird: 2026-07-27 20:01:54.091 [0000] <INFO> Reloading channel peer185.ipv4 for import
bird: 2026-07-27 20:01:54.091 [0000] <DBG> peer185.ipv4: reloading
bird: 2026-07-27 20:01:54.091 [0000] <INFO> Reloading channel peer185.ipv4 for export
bird: 2026-07-27 20:01:54.091 [0000] <INFO> Reloading channel peer186.ipv4 for import
bird: 2026-07-27 20:01:54.091 [0000] <DBG> peer186.ipv4: reloading
bird: 2026-07-27 20:01:54.091 [0000] <INFO> Reloading channel peer186.ipv4 for export
bird: 2026-07-27 20:01:54.091 [0000] <INFO> Reloading channel peer187.ipv4 for import
bird: 2026-07-27 20:01:54.091 [0000] <DBG> peer187.ipv4: reloading
bird: 2026-07-27 20:01:54.091 [0000] <INFO> Reloading channel peer187.ipv4 for export
bird: 2026-07-27 20:01:54.091 [0000] <INFO> Reloading channel peer188.ipv4 for import
bird: 2026-07-27 20:01:54.091 [0000] <DBG> peer188.ipv4: reloading
bird: 2026-07-27 20:01:54.091 [0000] <INFO> Reloading channel peer188.ipv4 for export
bird: 2026-07-27 20:01:54.091 [0000] <INFO> Reloading channel peer189.ipv4 for import
bird: 2026-07-27 20:01:54.091 [0000] <DBG> peer189.ipv4: reloading
bird: 2026-07-27 20:01:54.091 [0000] <INFO> Reloading channel peer189.ipv4 for export
bird: 2026-07-27 20:01:54.091 [0000] <INFO> Reloading channel peer190.ipv4 for import
bird: 2026-07-27 20:01:54.091 [0000] <DBG> peer190.ipv4: reloading
bird: 2026-07-27 20:01:54.091 [0000] <INFO> Reloading channel peer190.ipv4 for export
bird: 2026-07-27 20:01:54.091 [0000] <INFO> Reloading channel peer191.ipv4 for import
bird: 2026-07-27 20:01:54.091 [0000] <DBG> peer191.ipv4: reloading
bird: 2026-07-27 20:01:54.091 [0000] <INFO> Reloading channel peer191.ipv4 for export
bird: 2026-07-27 20:01:54.091 [0000] <INFO> Reloading channel peer192.ipv4 for import
bird: 2026-07-27 20:01:54.091 [0000] <DBG> peer192.ipv4: reloading
bird: 2026-07-27 20:01:54.091 [0000] <INFO> Reloading channel peer192.ipv4 for export
bird: 2026-07-27 20:01:54.091 [0000] <INFO> Reloading channel peer193.ipv4 for import
bird: 2026-07-27 20:01:54.091 [0000] <DBG> peer193.ipv4: reloading
bird: 2026-07-27 20:01:54.091 [0000] <INFO> Reloading channel peer193.ipv4 for export
bird: 2026-07-27 20:01:54.091 [0000] <INFO> Reloading channel peer194.ipv4 for import
bird: 2026-07-27 20:01:54.091 [0000] <DBG> peer194.ipv4: reloading
bird: 2026-07-27 20:01:54.091 [0000] <INFO> Reloading channel peer194.ipv4 for export
bird: 2026-07-27 20:01:54.091 [0000] <INFO> Reloading channel peer195.ipv4 for import
bird: 2026-07-27 20:01:54.091 [0000] <DBG> peer195.ipv4: reloading
bird: 2026-07-27 20:01:54.091 [0000] <INFO> Reloading channel peer195.ipv4 for export
bird: 2026-07-27 20:01:54.091 [0000] <INFO> Reloading channel peer196.ipv4 for import
bird: 2026-07-27 20:01:54.091 [0000] <DBG> peer196.ipv4: reloading
bird: 2026-07-27 20:01:54.091 [0000] <INFO> Reloading channel peer196.ipv4 for export
bird: 2026-07-27 20:01:54.091 [0000] <INFO> Reloading channel peer197.ipv4 for import
bird: 2026-07-27 20:01:54.091 [0000] <DBG> peer197.ipv4: reloading
bird: 2026-07-27 20:01:54.091 [0000] <INFO> Reloading channel peer197.ipv4 for export
bird: 2026-07-27 20:01:54.091 [0000] <INFO> Reloading channel peer198.ipv4 for import
bird: 2026-07-27 20:01:54.091 [0000] <DBG> peer198.ipv4: reloading
bird: 2026-07-27 20:01:54.091 [0000] <INFO> Reloading channel peer198.ipv4 for export
bird: 2026-07-27 20:01:54.091 [0000] <INFO> Reloading channel peer199.ipv4 for import
bird: 2026-07-27 20:01:54.091 [0000] <DBG> peer199.ipv4: reloading
bird: 2026-07-27 20:01:54.091 [0000] <INFO> Reloading channel peer199.ipv4 for export
bird: 2026-07-27 20:01:54.091 [0000] <INFO> Reloading channel peer200.ipv4 for import
bird: 2026-07-27 20:01:54.091 [0000] <DBG> peer200.ipv4: reloading
bird: 2026-07-27 20:01:54.091 [0000] <INFO> Reloading channel peer200.ipv4 for export
bird: 2026-07-27 20:01:54.091 [0000] <INFO> Reloading channel peer201.ipv4 for import
bird: 2026-07-27 20:01:54.091 [0000] <DBG> peer201.ipv4: reloading
bird: 2026-07-27 20:01:54.091 [0000] <INFO> Reloading channel peer201.ipv4 for export
bird: 2026-07-27 20:01:54.091 [0000] <INFO> Reloading channel peer202.ipv4 for import
bird: 2026-07-27 20:01:54.091 [0000] <DBG> peer202.ipv4: reloading
bird: 2026-07-27 20:01:54.091 [0000] <INFO> Reloading channel peer202.ipv4 for export
bird: 2026-07-27 20:01:54.091 [0000] <INFO> Reloading channel peer203.ipv4 for import
bird: 2026-07-27 20:01:54.091 [0000] <DBG> peer203.ipv4: reloading
bird: 2026-07-27 20:01:54.091 [0000] <INFO> Reloading channel peer203.ipv4 for export
bird: 2026-07-27 20:01:54.091 [0000] <INFO> Reloading channel peer204.ipv4 for import
bird: 2026-07-27 20:01:54.091 [0000] <DBG> peer204.ipv4: reloading
bird: 2026-07-27 20:01:54.091 [0000] <INFO> Reloading channel peer204.ipv4 for export
bird: 2026-07-27 20:01:54.091 [0000] <INFO> Reloading channel peer205.ipv4 for import
bird: 2026-07-27 20:01:54.091 [0000] <DBG> peer205.ipv4: reloading
bird: 2026-07-27 20:01:54.091 [0000] <INFO> Reloading channel peer205.ipv4 for export
bird: 2026-07-27 20:01:54.091 [0000] <INFO> Reloading channel peer206.ipv4 for import
bird: 2026-07-27 20:01:54.091 [0000] <DBG> peer206.ipv4: reloading
bird: 2026-07-27 20:01:54.091 [0000] <INFO> Reloading channel peer206.ipv4 for export
bird: 2026-07-27 20:01:54.091 [0000] <INFO> Reloading channel peer207.ipv4 for import
bird: 2026-07-27 20:01:54.091 [0000] <DBG> peer207.ipv4: reloading
bird: 2026-07-27 20:01:54.091 [0000] <INFO> Reloading channel peer207.ipv4 for export
bird: 2026-07-27 20:01:54.091 [0000] <INFO> Reloading channel peer208.ipv4 for import
bird: 2026-07-27 20:01:54.091 [0000] <DBG> peer208.ipv4: reloading
bird: 2026-07-27 20:01:54.091 [0000] <INFO> Reloading channel peer208.ipv4 for export
bird: 2026-07-27 20:01:54.091 [0000] <INFO> Reloading channel peer209.ipv4 for import
bird: 2026-07-27 20:01:54.091 [0000] <DBG> peer209.ipv4: reloading
bird: 2026-07-27 20:01:54.091 [0000] <INFO> Reloading channel peer209.ipv4 for export
bird: 2026-07-27 20:01:54.091 [0000] <INFO> Reloading channel peer210.ipv4 for import
bird: 2026-07-27 20:01:54.091 [0000] <DBG> peer210.ipv4: reloading
bird: 2026-07-27 20:01:54.091 [0000] <INFO> Reloading channel peer210.ipv4 for export
bird: 2026-07-27 20:01:54.091 [0000] <INFO> Reloading channel peer211.ipv4 for import
bird: 2026-07-27 20:01:54.091 [0000] <DBG> peer211.ipv4: reloading
bird: 2026-07-27 20:01:54.091 [0000] <INFO> Reloading channel peer211.ipv4 for export
bird: 2026-07-27 20:01:54.091 [0000] <INFO> Reloading channel peer212.ipv4 for import
bird: 2026-07-27 20:01:54.091 [0000] <DBG> peer212.ipv4: reloading
bird: 2026-07-27 20:01:54.091 [0000] <INFO> Reloading channel peer212.ipv4 for export
bird: 2026-07-27 20:01:54.091 [0000] <INFO> Reloading channel peer213.ipv4 for import
bird: 2026-07-27 20:01:54.091 [0000] <DBG> peer213.ipv4: reloading
bird: 2026-07-27 20:01:54.091 [0000] <INFO> Reloading channel peer213.ipv4 for export
bird: 2026-07-27 20:01:54.091 [0000] <INFO> Reloading channel peer214.ipv4 for import
bird: 2026-07-27 20:01:54.091 [0000] <DBG> peer214.ipv4: reloading
bird: 2026-07-27 20:01:54.091 [0000] <INFO> Reloading channel peer214.ipv4 for export
bird: 2026-07-27 20:01:54.091 [0000] <INFO> Reloading channel peer215.ipv4 for import
bird: 2026-07-27 20:01:54.091 [0000] <DBG> peer215.ipv4: reloading
bird: 2026-07-27 20:01:54.091 [0000] <INFO> Reloading channel peer215.ipv4 for export
bird: 2026-07-27 20:01:54.091 [0000] <INFO> Reloading channel peer216.ipv4 for import
bird: 2026-07-27 20:01:54.091 [0000] <DBG> peer216.ipv4: reloading
bird: 2026-07-27 20:01:54.091 [0000] <INFO> Reloading channel peer216.ipv4 for export
bird: 2026-07-27 20:01:54.091 [0000] <INFO> Reloading channel peer217.ipv4 for import
bird: 2026-07-27 20:01:54.091 [0000] <DBG> peer217.ipv4: reloading
bird: 2026-07-27 20:01:54.091 [0000] <INFO> Reloading channel peer217.ipv4 for export
bird: 2026-07-27 20:01:54.091 [0000] <INFO> Reloading channel peer218.ipv4 for import
bird: 2026-07-27 20:01:54.091 [0000] <DBG> peer218.ipv4: reloading
bird: 2026-07-27 20:01:54.091 [0000] <INFO> Reloading channel peer218.ipv4 for export
bird: 2026-07-27 20:01:54.091 [0000] <INFO> Reloading channel peer219.ipv4 for import
bird: 2026-07-27 20:01:54.091 [0000] <DBG> peer219.ipv4: reloading
bird: 2026-07-27 20:01:54.091 [0000] <INFO> Reloading channel peer219.ipv4 for export
bird: 2026-07-27 20:01:54.091 [0000] <INFO> Reloading channel peer220.ipv4 for import
bird: 2026-07-27 20:01:54.091 [0000] <DBG> peer220.ipv4: reloading
bird: 2026-07-27 20:01:54.091 [0000] <INFO> Reloading channel peer220.ipv4 for export
bird: 2026-07-27 20:01:54.091 [0000] <INFO> Reloading channel peer221.ipv4 for import
bird: 2026-07-27 20:01:54.091 [0000] <DBG> peer221.ipv4: reloading
bird: 2026-07-27 20:01:54.091 [0000] <INFO> Reloading channel peer221.ipv4 for export
bird: 2026-07-27 20:01:54.091 [0000] <INFO> Reloading channel peer222.ipv4 for import
bird: 2026-07-27 20:01:54.091 [0000] <DBG> peer222.ipv4: reloading
bird: 2026-07-27 20:01:54.091 [0000] <INFO> Reloading channel peer222.ipv4 for export
bird: 2026-07-27 20:01:54.091 [0000] <INFO> Reloading channel peer223.ipv4 for import
bird: 2026-07-27 20:01:54.091 [0000] <DBG> peer223.ipv4: reloading
bird: 2026-07-27 20:01:54.091 [0000] <INFO> Reloading channel peer223.ipv4 for export
bird: 2026-07-27 20:01:54.091 [0000] <INFO> Reloading channel peer224.ipv4 for import
bird: 2026-07-27 20:01:54.091 [0000] <DBG> peer224.ipv4: reloading
bird: 2026-07-27 20:01:54.091 [0000] <INFO> Reloading channel peer224.ipv4 for export
bird: 2026-07-27 20:01:54.091 [0000] <INFO> Reloading channel peer225.ipv4 for import
bird: 2026-07-27 20:01:54.091 [0000] <DBG> peer225.ipv4: reloading
bird: 2026-07-27 20:01:54.091 [0000] <INFO> Reloading channel peer225.ipv4 for export
bird: 2026-07-27 20:01:54.091 [0000] <INFO> Reloading channel peer226.ipv4 for import
bird: 2026-07-27 20:01:54.091 [0000] <DBG> peer226.ipv4: reloading
bird: 2026-07-27 20:01:54.091 [0000] <INFO> Reloading channel peer226.ipv4 for export
bird: 2026-07-27 20:01:54.091 [0000] <INFO> Reloading channel peer227.ipv4 for import
bird: 2026-07-27 20:01:54.091 [0000] <DBG> peer227.ipv4: reloading
bird: 2026-07-27 20:01:54.091 [0000] <INFO> Reloading channel peer227.ipv4 for export
bird: 2026-07-27 20:01:54.091 [0000] <INFO> Reloading channel peer228.ipv4 for import
bird: 2026-07-27 20:01:54.091 [0000] <DBG> peer228.ipv4: reloading
bird: 2026-07-27 20:01:54.091 [0000] <INFO> Reloading channel peer228.ipv4 for export
bird: 2026-07-27 20:01:54.091 [0000] <INFO> Reloading channel peer229.ipv4 for import
bird: 2026-07-27 20:01:54.091 [0000] <DBG> peer229.ipv4: reloading
bird: 2026-07-27 20:01:54.091 [0000] <INFO> Reloading channel peer229.ipv4 for export
bird: 2026-07-27 20:01:54.091 [0000] <INFO> Reloading channel peer230.ipv4 for import
bird: 2026-07-27 20:01:54.091 [0000] <DBG> peer230.ipv4: reloading
bird: 2026-07-27 20:01:54.091 [0000] <INFO> Reloading channel peer230.ipv4 for export
bird: 2026-07-27 20:01:54.091 [0000] <INFO> Reloading channel peer231.ipv4 for import
bird: 2026-07-27 20:01:54.091 [0000] <DBG> peer231.ipv4: reloading
bird: 2026-07-27 20:01:54.091 [0000] <INFO> Reloading channel peer231.ipv4 for export
bird: 2026-07-27 20:01:54.091 [0000] <INFO> Reloading channel peer232.ipv4 for import
bird: 2026-07-27 20:01:54.091 [0000] <DBG> peer232.ipv4: reloading
bird: 2026-07-27 20:01:54.091 [0000] <INFO> Reloading channel peer232.ipv4 for export
bird: 2026-07-27 20:01:54.091 [0000] <INFO> Reloading channel peer233.ipv4 for import
bird: 2026-07-27 20:01:54.091 [0000] <DBG> peer233.ipv4: reloading
bird: 2026-07-27 20:01:54.091 [0000] <INFO> Reloading channel peer233.ipv4 for export
bird: 2026-07-27 20:01:54.091 [0000] <INFO> Reloading channel peer234.ipv4 for import
bird: 2026-07-27 20:01:54.091 [0000] <DBG> peer234.ipv4: reloading
bird: 2026-07-27 20:01:54.091 [0000] <INFO> Reloading channel peer234.ipv4 for export
bird: 2026-07-27 20:01:54.091 [0000] <INFO> Reloading channel peer235.ipv4 for import
bird: 2026-07-27 20:01:54.091 [0000] <DBG> peer235.ipv4: reloading
bird: 2026-07-27 20:01:54.091 [0000] <INFO> Reloading channel peer235.ipv4 for export
bird: 2026-07-27 20:01:54.091 [0000] <INFO> Reloading channel peer236.ipv4 for import
bird: 2026-07-27 20:01:54.091 [0000] <DBG> peer236.ipv4: reloading
bird: 2026-07-27 20:01:54.091 [0000] <INFO> Reloading channel peer236.ipv4 for export
bird: 2026-07-27 20:01:54.091 [0000] <INFO> Reloading channel peer237.ipv4 for import
bird: 2026-07-27 20:01:54.091 [0000] <DBG> peer237.ipv4: reloading
bird: 2026-07-27 20:01:54.091 [0000] <INFO> Reloading channel peer237.ipv4 for export
bird: 2026-07-27 20:01:54.091 [0000] <INFO> Reloading channel peer238.ipv4 for import
bird: 2026-07-27 20:01:54.091 [0000] <DBG> peer238.ipv4: reloading
bird: 2026-07-27 20:01:54.091 [0000] <INFO> Reloading channel peer238.ipv4 for export
bird: 2026-07-27 20:01:54.091 [0000] <INFO> Reloading channel peer239.ipv4 for import
bird: 2026-07-27 20:01:54.091 [0000] <DBG> peer239.ipv4: reloading
bird: 2026-07-27 20:01:54.091 [0000] <INFO> Reloading channel peer239.ipv4 for export
bird: 2026-07-27 20:01:54.091 [0000] <INFO> Reloading channel peer240.ipv4 for import
bird: 2026-07-27 20:01:54.091 [0000] <DBG> peer240.ipv4: reloading
bird: 2026-07-27 20:01:54.091 [0000] <INFO> Reloading channel peer240.ipv4 for export
bird: 2026-07-27 20:01:54.091 [0000] <INFO> Reloading channel peer241.ipv4 for import
bird: 2026-07-27 20:01:54.091 [0000] <DBG> peer241.ipv4: reloading
bird: 2026-07-27 20:01:54.091 [0000] <INFO> Reloading channel peer241.ipv4 for export
bird: 2026-07-27 20:01:54.091 [0000] <INFO> Reloading channel peer242.ipv4 for import
bird: 2026-07-27 20:01:54.091 [0000] <DBG> peer242.ipv4: reloading
bird: 2026-07-27 20:01:54.091 [0000] <INFO> Reloading channel peer242.ipv4 for export
bird: 2026-07-27 20:01:54.091 [0000] <INFO> Reloading channel peer243.ipv4 for import
bird: 2026-07-27 20:01:54.091 [0000] <DBG> peer243.ipv4: reloading
bird: 2026-07-27 20:01:54.091 [0000] <INFO> Reloading channel peer243.ipv4 for export
bird: 2026-07-27 20:01:54.091 [0000] <INFO> Reloading channel peer244.ipv4 for import
bird: 2026-07-27 20:01:54.091 [0000] <DBG> peer244.ipv4: reloading
bird: 2026-07-27 20:01:54.091 [0000] <INFO> Reloading channel peer244.ipv4 for export
bird: 2026-07-27 20:01:54.091 [0000] <INFO> Reloading channel peer245.ipv4 for import
bird: 2026-07-27 20:01:54.091 [0000] <DBG> peer245.ipv4: reloading
bird: 2026-07-27 20:01:54.091 [0000] <INFO> Reloading channel peer245.ipv4 for export
bird: 2026-07-27 20:01:54.091 [0000] <INFO> Reloading channel peer246.ipv4 for import
bird: 2026-07-27 20:01:54.091 [0000] <DBG> peer246.ipv4: reloading
bird: 2026-07-27 20:01:54.091 [0000] <INFO> Reloading channel peer246.ipv4 for export
bird: 2026-07-27 20:01:54.091 [0000] <INFO> Reloading channel peer247.ipv4 for import
bird: 2026-07-27 20:01:54.091 [0000] <DBG> peer247.ipv4: reloading
bird: 2026-07-27 20:01:54.091 [0000] <INFO> Reloading channel peer247.ipv4 for export
bird: 2026-07-27 20:01:54.091 [0000] <INFO> Reloading channel peer248.ipv4 for import
bird: 2026-07-27 20:01:54.091 [0000] <DBG> peer248.ipv4: reloading
bird: 2026-07-27 20:01:54.091 [0000] <INFO> Reloading channel peer248.ipv4 for export
bird: 2026-07-27 20:01:54.091 [0000] <INFO> Reloading channel peer249.ipv4 for import
bird: 2026-07-27 20:01:54.091 [0000] <DBG> peer249.ipv4: reloading
bird: 2026-07-27 20:01:54.091 [0000] <INFO> Reloading channel peer249.ipv4 for export
bird: 2026-07-27 20:01:54.091 [0000] <INFO> Reloading channel peer250.ipv4 for import
bird: 2026-07-27 20:01:54.091 [0000] <DBG> peer250.ipv4: reloading
bird: 2026-07-27 20:01:54.091 [0000] <INFO> Reloading channel peer250.ipv4 for export
bird: 2026-07-27 20:01:54.091 [0000] <INFO> Reloading channel peer251.ipv4 for import
bird: 2026-07-27 20:01:54.091 [0000] <DBG> peer251.ipv4: reloading
bird: 2026-07-27 20:01:54.091 [0000] <INFO> Reloading channel peer251.ipv4 for export
bird: 2026-07-27 20:01:54.091 [0000] <INFO> Reloading channel peer252.ipv4 for import
bird: 2026-07-27 20:01:54.091 [0000] <DBG> peer252.ipv4: reloading
bird: 2026-07-27 20:01:54.091 [0000] <INFO> Reloading channel peer252.ipv4 for export
bird: 2026-07-27 20:01:54.091 [0000] <INFO> Reloading channel peer253.ipv4 for import
bird: 2026-07-27 20:01:54.091 [0000] <DBG> peer253.ipv4: reloading
bird: 2026-07-27 20:01:54.091 [0000] <INFO> Reloading channel peer253.ipv4 for export
bird: 2026-07-27 20:01:54.091 [0000] <INFO> Reloading channel peer254.ipv4 for import
bird: 2026-07-27 20:01:54.091 [0000] <DBG> peer254.ipv4: reloading
bird: 2026-07-27 20:01:54.091 [0000] <INFO> Reloading channel peer254.ipv4 for export
bird: 2026-07-27 20:01:54.091 [0000] <INFO> Reloading channel peer255.ipv4 for import
bird: 2026-07-27 20:01:54.091 [0000] <DBG> peer255.ipv4: reloading
bird: 2026-07-27 20:01:54.091 [0000] <INFO> Reloading channel peer255.ipv4 for export
bird: 2026-07-27 20:01:54.091 [0000] <INFO> Reloading channel peer256.ipv4 for import
bird: 2026-07-27 20:01:54.091 [0000] <DBG> peer256.ipv4: reloading
bird: 2026-07-27 20:01:54.091 [0000] <INFO> Reloading channel peer256.ipv4 for export
bird: 2026-07-27 20:01:54.091 [0000] <INFO> Reloading channel peer257.ipv4 for import
bird: 2026-07-27 20:01:54.091 [0000] <DBG> peer257.ipv4: reloading
bird: 2026-07-27 20:01:54.091 [0000] <INFO> Reloading channel peer257.ipv4 for export
bird: 2026-07-27 20:01:54.091 [0000] <INFO> Reloading channel peer258.ipv4 for import
bird: 2026-07-27 20:01:54.091 [0000] <DBG> peer258.ipv4: reloading
bird: 2026-07-27 20:01:54.091 [0000] <INFO> Reloading channel peer258.ipv4 for export
bird: 2026-07-27 20:01:54.091 [0000] <INFO> Reloading channel peer259.ipv4 for import
bird: 2026-07-27 20:01:54.091 [0000] <DBG> peer259.ipv4: reloading
bird: 2026-07-27 20:01:54.091 [0000] <INFO> Reloading channel peer259.ipv4 for export
bird: 2026-07-27 20:01:54.091 [0000] <INFO> Reloading channel peer260.ipv4 for import
bird: 2026-07-27 20:01:54.091 [0000] <DBG> peer260.ipv4: reloading
bird: 2026-07-27 20:01:54.091 [0000] <INFO> Reloading channel peer260.ipv4 for export
bird: 2026-07-27 20:01:54.091 [0000] <INFO> Reloading channel peer261.ipv4 for import
bird: 2026-07-27 20:01:54.091 [0000] <DBG> peer261.ipv4: reloading
bird: 2026-07-27 20:01:54.091 [0000] <INFO> Reloading channel peer261.ipv4 for export
bird: 2026-07-27 20:01:54.091 [0000] <INFO> Reloading channel peer262.ipv4 for import
bird: 2026-07-27 20:01:54.091 [0000] <DBG> peer262.ipv4: reloading
bird: 2026-07-27 20:01:54.091 [0000] <INFO> Reloading channel peer262.ipv4 for export
bird: 2026-07-27 20:01:54.091 [0000] <INFO> Reloading channel peer263.ipv4 for import
bird: 2026-07-27 20:01:54.091 [0000] <DBG> peer263.ipv4: reloading
bird: 2026-07-27 20:01:54.091 [0000] <INFO> Reloading channel peer263.ipv4 for export
bird: 2026-07-27 20:01:54.091 [0000] <INFO> Reloading channel peer264.ipv4 for import
bird: 2026-07-27 20:01:54.091 [0000] <DBG> peer264.ipv4: reloading
bird: 2026-07-27 20:01:54.091 [0000] <INFO> Reloading channel peer264.ipv4 for export
bird: 2026-07-27 20:01:54.091 [0000] <INFO> Reloading channel peer265.ipv4 for import
bird: 2026-07-27 20:01:54.091 [0000] <DBG> peer265.ipv4: reloading
bird: 2026-07-27 20:01:54.091 [0000] <INFO> Reloading channel peer265.ipv4 for export
bird: 2026-07-27 20:01:54.101 [0000] <INFO> Reloading channel peer266.ipv4 for import
bird: 2026-07-27 20:01:54.101 [0000] <DBG> peer266.ipv4: reloading
bird: 2026-07-27 20:01:54.101 [0000] <INFO> Reloading channel peer266.ipv4 for export
bird: 2026-07-27 20:01:54.101 [0000] <INFO> Reloading channel peer267.ipv4 for import
bird: 2026-07-27 20:01:54.101 [0000] <DBG> peer267.ipv4: reloading
bird: 2026-07-27 20:01:54.101 [0000] <INFO> Reloading channel peer267.ipv4 for export
bird: 2026-07-27 20:01:54.101 [0000] <INFO> Reloading channel peer268.ipv4 for import
bird: 2026-07-27 20:01:54.101 [0000] <DBG> peer268.ipv4: reloading
bird: 2026-07-27 20:01:54.101 [0000] <INFO> Reloading channel peer268.ipv4 for export
bird: 2026-07-27 20:01:54.101 [0000] <INFO> Reloading channel peer269.ipv4 for import
bird: 2026-07-27 20:01:54.101 [0000] <DBG> peer269.ipv4: reloading
bird: 2026-07-27 20:01:54.101 [0000] <INFO> Reloading channel peer269.ipv4 for export
bird: 2026-07-27 20:01:54.101 [0000] <INFO> Reloading channel peer270.ipv4 for import
bird: 2026-07-27 20:01:54.101 [0000] <DBG> peer270.ipv4: reloading
bird: 2026-07-27 20:01:54.101 [0000] <INFO> Reloading channel peer270.ipv4 for export
bird: 2026-07-27 20:01:54.101 [0000] <INFO> Reloading channel peer271.ipv4 for import
bird: 2026-07-27 20:01:54.101 [0000] <DBG> peer271.ipv4: reloading
bird: 2026-07-27 20:01:54.101 [0000] <INFO> Reloading channel peer271.ipv4 for export
bird: 2026-07-27 20:01:54.101 [0000] <INFO> Reloading channel peer272.ipv4 for import
bird: 2026-07-27 20:01:54.101 [0000] <DBG> peer272.ipv4: reloading
bird: 2026-07-27 20:01:54.101 [0000] <INFO> Reloading channel peer272.ipv4 for export
bird: 2026-07-27 20:01:54.101 [0000] <INFO> Reloading channel peer273.ipv4 for import
bird: 2026-07-27 20:01:54.101 [0000] <DBG> peer273.ipv4: reloading
bird: 2026-07-27 20:01:54.101 [0000] <INFO> Reloading channel peer273.ipv4 for export
bird: 2026-07-27 20:01:54.101 [0000] <INFO> Reloading channel peer274.ipv4 for import
bird: 2026-07-27 20:01:54.101 [0000] <DBG> peer274.ipv4: reloading
bird: 2026-07-27 20:01:54.101 [0000] <INFO> Reloading channel peer274.ipv4 for export
bird: 2026-07-27 20:01:54.101 [0000] <INFO> Reloading channel peer275.ipv4 for import
bird: 2026-07-27 20:01:54.101 [0000] <DBG> peer275.ipv4: reloading
bird: 2026-07-27 20:01:54.101 [0000] <INFO> Reloading channel peer275.ipv4 for export
bird: 2026-07-27 20:01:54.101 [0000] <INFO> Reloading channel peer276.ipv4 for import
bird: 2026-07-27 20:01:54.101 [0000] <DBG> peer276.ipv4: reloading
bird: 2026-07-27 20:01:54.102 [0000] <INFO> Reloading channel peer276.ipv4 for export
bird: 2026-07-27 20:01:54.102 [0000] <INFO> Reloading channel peer277.ipv4 for import
bird: 2026-07-27 20:01:54.102 [0000] <DBG> peer277.ipv4: reloading
bird: 2026-07-27 20:01:54.102 [0000] <INFO> Reloading channel peer277.ipv4 for export
bird: 2026-07-27 20:01:54.102 [0000] <INFO> Reloading channel peer278.ipv4 for import
bird: 2026-07-27 20:01:54.102 [0000] <DBG> peer278.ipv4: reloading
bird: 2026-07-27 20:01:54.102 [0000] <INFO> Reloading channel peer278.ipv4 for export
bird: 2026-07-27 20:01:54.102 [0000] <INFO> Reloading channel peer279.ipv4 for import
bird: 2026-07-27 20:01:54.102 [0000] <DBG> peer279.ipv4: reloading
bird: 2026-07-27 20:01:54.102 [0000] <INFO> Reloading channel peer279.ipv4 for export
bird: 2026-07-27 20:01:54.102 [0000] <INFO> Reloading channel peer280.ipv4 for import
bird: 2026-07-27 20:01:54.102 [0000] <DBG> peer280.ipv4: reloading
bird: 2026-07-27 20:01:54.102 [0000] <INFO> Reloading channel peer280.ipv4 for export
bird: 2026-07-27 20:01:54.102 [0000] <INFO> Reloading channel peer281.ipv4 for import
bird: 2026-07-27 20:01:54.102 [0000] <DBG> peer281.ipv4: reloading
bird: 2026-07-27 20:01:54.102 [0000] <INFO> Reloading channel peer281.ipv4 for export
bird: 2026-07-27 20:01:54.102 [0000] <INFO> Reloading channel peer282.ipv4 for import
bird: 2026-07-27 20:01:54.102 [0000] <DBG> peer282.ipv4: reloading
bird: 2026-07-27 20:01:54.102 [0000] <INFO> Reloading channel peer282.ipv4 for export
bird: 2026-07-27 20:01:54.102 [0000] <INFO> Reloading channel peer283.ipv4 for import
bird: 2026-07-27 20:01:54.102 [0000] <DBG> peer283.ipv4: reloading
bird: 2026-07-27 20:01:54.102 [0000] <INFO> Reloading channel peer283.ipv4 for export
bird: 2026-07-27 20:01:54.102 [0000] <INFO> Reloading channel peer284.ipv4 for import
bird: 2026-07-27 20:01:54.102 [0000] <DBG> peer284.ipv4: reloading
bird: 2026-07-27 20:01:54.102 [0000] <INFO> Reloading channel peer284.ipv4 for export
bird: 2026-07-27 20:01:54.102 [0000] <INFO> Reloading channel peer285.ipv4 for import
bird: 2026-07-27 20:01:54.102 [0000] <DBG> peer285.ipv4: reloading
bird: 2026-07-27 20:01:54.102 [0000] <INFO> Reloading channel peer285.ipv4 for export
bird: 2026-07-27 20:01:54.102 [0000] <INFO> Reloading channel peer286.ipv4 for import
bird: 2026-07-27 20:01:54.102 [0000] <DBG> peer286.ipv4: reloading
bird: 2026-07-27 20:01:54.102 [0000] <INFO> Reloading channel peer286.ipv4 for export
bird: 2026-07-27 20:01:54.102 [0000] <INFO> Reloading channel peer287.ipv4 for import
bird: 2026-07-27 20:01:54.102 [0000] <DBG> peer287.ipv4: reloading
bird: 2026-07-27 20:01:54.102 [0000] <INFO> Reloading channel peer287.ipv4 for export
bird: 2026-07-27 20:01:54.102 [0000] <INFO> Reloading channel peer288.ipv4 for import
bird: 2026-07-27 20:01:54.102 [0000] <DBG> peer288.ipv4: reloading
bird: 2026-07-27 20:01:54.102 [0000] <INFO> Reloading channel peer288.ipv4 for export
bird: 2026-07-27 20:01:54.102 [0000] <INFO> Reloading channel peer289.ipv4 for import
bird: 2026-07-27 20:01:54.102 [0000] <DBG> peer289.ipv4: reloading
bird: 2026-07-27 20:01:54.102 [0000] <INFO> Reloading channel peer289.ipv4 for export
bird: 2026-07-27 20:01:54.102 [0000] <INFO> Reloading channel peer290.ipv4 for import
bird: 2026-07-27 20:01:54.102 [0000] <DBG> peer290.ipv4: reloading
bird: 2026-07-27 20:01:54.102 [0000] <INFO> Reloading channel peer290.ipv4 for export
bird: 2026-07-27 20:01:54.102 [0000] <INFO> Reloading channel peer291.ipv4 for import
bird: 2026-07-27 20:01:54.102 [0000] <DBG> peer291.ipv4: reloading
bird: 2026-07-27 20:01:54.102 [0000] <INFO> Reloading channel peer291.ipv4 for export
bird: 2026-07-27 20:01:54.102 [0000] <INFO> Reloading channel peer292.ipv4 for import
bird: 2026-07-27 20:01:54.102 [0000] <DBG> peer292.ipv4: reloading
bird: 2026-07-27 20:01:54.102 [0000] <INFO> Reloading channel peer292.ipv4 for export
bird: 2026-07-27 20:01:54.102 [0000] <INFO> Reloading channel peer293.ipv4 for import
bird: 2026-07-27 20:01:54.102 [0000] <DBG> peer293.ipv4: reloading
bird: 2026-07-27 20:01:54.102 [0000] <INFO> Reloading channel peer293.ipv4 for export
bird: 2026-07-27 20:01:54.102 [0000] <INFO> Reloading channel peer294.ipv4 for import
bird: 2026-07-27 20:01:54.102 [0000] <DBG> peer294.ipv4: reloading
bird: 2026-07-27 20:01:54.102 [0000] <INFO> Reloading channel peer294.ipv4 for export
bird: 2026-07-27 20:01:54.102 [0000] <INFO> Reloading channel peer295.ipv4 for import
bird: 2026-07-27 20:01:54.102 [0000] <DBG> peer295.ipv4: reloading
bird: 2026-07-27 20:01:54.102 [0000] <INFO> Reloading channel peer295.ipv4 for export
bird: 2026-07-27 20:01:54.102 [0000] <INFO> Reloading channel peer296.ipv4 for import
bird: 2026-07-27 20:01:54.102 [0000] <DBG> peer296.ipv4: reloading
bird: 2026-07-27 20:01:54.102 [0000] <INFO> Reloading channel peer296.ipv4 for export
bird: 2026-07-27 20:01:54.102 [0000] <INFO> Reloading channel peer297.ipv4 for import
bird: 2026-07-27 20:01:54.102 [0000] <DBG> peer297.ipv4: reloading
bird: 2026-07-27 20:01:54.102 [0000] <INFO> Reloading channel peer297.ipv4 for export
bird: 2026-07-27 20:01:54.102 [0000] <INFO> Reloading channel peer298.ipv4 for import
bird: 2026-07-27 20:01:54.102 [0000] <DBG> peer298.ipv4: reloading
bird: 2026-07-27 20:01:54.103 [0000] <INFO> Reloading channel peer298.ipv4 for export
bird: 2026-07-27 20:01:54.103 [0000] <INFO> Reloading channel peer299.ipv4 for import
bird: 2026-07-27 20:01:54.103 [0000] <DBG> peer299.ipv4: reloading
bird: 2026-07-27 20:01:54.103 [0000] <INFO> Reloading channel peer299.ipv4 for export
bird: 2026-07-27 20:01:54.103 [0000] <INFO> Reloading channel peer300.ipv4 for import
bird: 2026-07-27 20:01:54.103 [0000] <DBG> peer300.ipv4: reloading
bird: 2026-07-27 20:01:54.103 [0000] <INFO> Reloading channel peer300.ipv4 for export
bird: 2026-07-27 20:01:54.103 [0000] <INFO> Reloading channel peer301.ipv4 for import
bird: 2026-07-27 20:01:54.103 [0000] <DBG> peer301.ipv4: reloading
bird: 2026-07-27 20:01:54.103 [0000] <INFO> Reloading channel peer301.ipv4 for export
bird: 2026-07-27 20:01:54.103 [0000] <INFO> Reloading channel peer302.ipv4 for import
bird: 2026-07-27 20:01:54.103 [0000] <DBG> peer302.ipv4: reloading
bird: 2026-07-27 20:01:54.103 [0000] <INFO> Reloading channel peer302.ipv4 for export
bird: 2026-07-27 20:01:54.103 [0000] <INFO> Reloading channel peer303.ipv4 for import
bird: 2026-07-27 20:01:54.103 [0000] <DBG> peer303.ipv4: reloading
bird: 2026-07-27 20:01:54.103 [0000] <INFO> Reloading channel peer303.ipv4 for export
bird: 2026-07-27 20:01:54.103 [0000] <INFO> Reloading channel peer304.ipv4 for import
bird: 2026-07-27 20:01:54.103 [0000] <DBG> peer304.ipv4: reloading
bird: 2026-07-27 20:01:54.103 [0000] <INFO> Reloading channel peer304.ipv4 for export
bird: 2026-07-27 20:01:54.103 [0000] <INFO> Reloading channel peer305.ipv4 for import
bird: 2026-07-27 20:01:54.103 [0000] <DBG> peer305.ipv4: reloading
bird: 2026-07-27 20:01:54.103 [0000] <INFO> Reloading channel peer305.ipv4 for export
bird: 2026-07-27 20:01:54.103 [0000] <INFO> Reloading channel peer306.ipv4 for import
bird: 2026-07-27 20:01:54.103 [0000] <DBG> peer306.ipv4: reloading
bird: 2026-07-27 20:01:54.103 [0000] <INFO> Reloading channel peer306.ipv4 for export
bird: 2026-07-27 20:01:54.103 [0000] <INFO> Reloading channel peer307.ipv4 for import
bird: 2026-07-27 20:01:54.103 [0000] <DBG> peer307.ipv4: reloading
bird: 2026-07-27 20:01:54.103 [0000] <INFO> Reloading channel peer307.ipv4 for export
bird: 2026-07-27 20:01:54.103 [0000] <INFO> Reloading channel peer308.ipv4 for import
bird: 2026-07-27 20:01:54.103 [0000] <DBG> peer308.ipv4: reloading
bird: 2026-07-27 20:01:54.103 [0000] <INFO> Reloading channel peer308.ipv4 for export
bird: 2026-07-27 20:01:54.103 [0000] <INFO> Reloading channel peer309.ipv4 for import
bird: 2026-07-27 20:01:54.103 [0000] <DBG> peer309.ipv4: reloading
bird: 2026-07-27 20:01:54.103 [0000] <INFO> Reloading channel peer309.ipv4 for export
bird: 2026-07-27 20:01:54.103 [0000] <INFO> Reloading channel peer310.ipv4 for import
bird: 2026-07-27 20:01:54.103 [0000] <DBG> peer310.ipv4: reloading
bird: 2026-07-27 20:01:54.103 [0000] <INFO> Reloading channel peer310.ipv4 for export
bird: 2026-07-27 20:01:54.103 [0000] <INFO> Reloading channel peer311.ipv4 for import
bird: 2026-07-27 20:01:54.103 [0000] <DBG> peer311.ipv4: reloading
bird: 2026-07-27 20:01:54.103 [0000] <INFO> Reloading channel peer311.ipv4 for export
bird: 2026-07-27 20:01:54.103 [0000] <INFO> Reloading channel peer312.ipv4 for import
bird: 2026-07-27 20:01:54.103 [0000] <DBG> peer312.ipv4: reloading
bird: 2026-07-27 20:01:54.103 [0000] <INFO> Reloading channel peer312.ipv4 for export
bird: 2026-07-27 20:01:54.103 [0000] <INFO> Reloading channel peer313.ipv4 for import
bird: 2026-07-27 20:01:54.103 [0000] <DBG> peer313.ipv4: reloading
bird: 2026-07-27 20:01:54.103 [0000] <INFO> Reloading channel peer313.ipv4 for export
bird: 2026-07-27 20:01:54.103 [0000] <INFO> Reloading channel peer314.ipv4 for import
bird: 2026-07-27 20:01:54.103 [0000] <DBG> peer314.ipv4: reloading
bird: 2026-07-27 20:01:54.103 [0000] <INFO> Reloading channel peer314.ipv4 for export
bird: 2026-07-27 20:01:54.103 [0000] <INFO> Reloading channel peer315.ipv4 for import
bird: 2026-07-27 20:01:54.103 [0000] <DBG> peer315.ipv4: reloading
bird: 2026-07-27 20:01:54.103 [0000] <INFO> Reloading channel peer315.ipv4 for export
bird: 2026-07-27 20:01:54.103 [0000] <INFO> Reloading channel peer316.ipv4 for import
bird: 2026-07-27 20:01:54.103 [0000] <DBG> peer316.ipv4: reloading
bird: 2026-07-27 20:01:54.103 [0000] <INFO> Reloading channel peer316.ipv4 for export
bird: 2026-07-27 20:01:54.103 [0000] <INFO> Reloading channel peer317.ipv4 for import
bird: 2026-07-27 20:01:54.103 [0000] <DBG> peer317.ipv4: reloading
bird: 2026-07-27 20:01:54.103 [0000] <INFO> Reloading channel peer317.ipv4 for export
bird: 2026-07-27 20:01:54.103 [0000] <INFO> Reloading channel peer318.ipv4 for import
bird: 2026-07-27 20:01:54.103 [0000] <DBG> peer318.ipv4: reloading
bird: 2026-07-27 20:01:54.103 [0000] <INFO> Reloading channel peer318.ipv4 for export
bird: 2026-07-27 20:01:54.103 [0000] <INFO> Reloading channel peer319.ipv4 for import
bird: 2026-07-27 20:01:54.103 [0000] <DBG> peer319.ipv4: reloading
bird: 2026-07-27 20:01:54.103 [0000] <INFO> Reloading channel peer319.ipv4 for export
bird: 2026-07-27 20:01:54.103 [0000] <INFO> Reloading channel peer320.ipv4 for import
bird: 2026-07-27 20:01:54.103 [0000] <DBG> peer320.ipv4: reloading
bird: 2026-07-27 20:01:54.103 [0000] <INFO> Reloading channel peer320.ipv4 for export
bird: 2026-07-27 20:01:54.103 [0000] <INFO> Reloading channel peer321.ipv4 for import
bird: 2026-07-27 20:01:54.103 [0000] <DBG> peer321.ipv4: reloading
bird: 2026-07-27 20:01:54.103 [0000] <INFO> Reloading channel peer321.ipv4 for export
bird: 2026-07-27 20:01:54.103 [0000] <INFO> Reloading channel peer322.ipv4 for import
bird: 2026-07-27 20:01:54.103 [0000] <DBG> peer322.ipv4: reloading
bird: 2026-07-27 20:01:54.103 [0000] <INFO> Reloading channel peer322.ipv4 for export
bird: 2026-07-27 20:01:54.103 [0000] <INFO> Reloading channel peer323.ipv4 for import
bird: 2026-07-27 20:01:54.103 [0000] <DBG> peer323.ipv4: reloading
bird: 2026-07-27 20:01:54.103 [0000] <INFO> Reloading channel peer323.ipv4 for export
bird: 2026-07-27 20:01:54.103 [0000] <INFO> Reloading channel peer324.ipv4 for import
bird: 2026-07-27 20:01:54.103 [0000] <DBG> peer324.ipv4: reloading
bird: 2026-07-27 20:01:54.103 [0000] <INFO> Reloading channel peer324.ipv4 for export
bird: 2026-07-27 20:01:54.103 [0000] <INFO> Reloading channel peer325.ipv4 for import
bird: 2026-07-27 20:01:54.103 [0000] <DBG> peer325.ipv4: reloading
bird: 2026-07-27 20:01:54.103 [0000] <INFO> Reloading channel peer325.ipv4 for export
bird: 2026-07-27 20:01:54.103 [0000] <INFO> Reloading channel peer326.ipv4 for import
bird: 2026-07-27 20:01:54.103 [0000] <DBG> peer326.ipv4: reloading
bird: 2026-07-27 20:01:54.103 [0000] <INFO> Reloading channel peer326.ipv4 for export
bird: 2026-07-27 20:01:54.103 [0000] <INFO> Reloading channel peer327.ipv4 for import
bird: 2026-07-27 20:01:54.103 [0000] <DBG> peer327.ipv4: reloading
bird: 2026-07-27 20:01:54.103 [0000] <INFO> Reloading channel peer327.ipv4 for export
bird: 2026-07-27 20:01:54.103 [0000] <INFO> Reloading channel peer328.ipv4 for import
bird: 2026-07-27 20:01:54.103 [0000] <DBG> peer328.ipv4: reloading
bird: 2026-07-27 20:01:54.103 [0000] <INFO> Reloading channel peer328.ipv4 for export
bird: 2026-07-27 20:01:54.103 [0000] <INFO> Reloading channel peer329.ipv4 for import
bird: 2026-07-27 20:01:54.103 [0000] <DBG> peer329.ipv4: reloading
bird: 2026-07-27 20:01:54.103 [0000] <INFO> Reloading channel peer329.ipv4 for export
bird: 2026-07-27 20:01:54.103 [0000] <INFO> Reloading channel peer330.ipv4 for import
bird: 2026-07-27 20:01:54.103 [0000] <DBG> peer330.ipv4: reloading
bird: 2026-07-27 20:01:54.103 [0000] <INFO> Reloading channel peer330.ipv4 for export
bird: 2026-07-27 20:01:54.103 [0000] <INFO> Reloading channel peer331.ipv4 for import
bird: 2026-07-27 20:01:54.103 [0000] <DBG> peer331.ipv4: reloading
bird: 2026-07-27 20:01:54.103 [0000] <INFO> Reloading channel peer331.ipv4 for export
bird: 2026-07-27 20:01:54.103 [0000] <INFO> Reloading channel peer332.ipv4 for import
bird: 2026-07-27 20:01:54.103 [0000] <DBG> peer332.ipv4: reloading
bird: 2026-07-27 20:01:54.103 [0000] <INFO> Reloading channel peer332.ipv4 for export
bird: 2026-07-27 20:01:54.103 [0000] <INFO> Reloading channel peer333.ipv4 for import
bird: 2026-07-27 20:01:54.103 [0000] <DBG> peer333.ipv4: reloading
bird: 2026-07-27 20:01:54.103 [0000] <INFO> Reloading channel peer333.ipv4 for export
bird: 2026-07-27 20:01:54.103 [0000] <INFO> Reloading channel peer334.ipv4 for import
bird: 2026-07-27 20:01:54.103 [0000] <DBG> peer334.ipv4: reloading
bird: 2026-07-27 20:01:54.103 [0000] <INFO> Reloading channel peer334.ipv4 for export
bird: 2026-07-27 20:01:54.103 [0000] <INFO> Reloading channel peer335.ipv4 for import
bird: 2026-07-27 20:01:54.103 [0000] <DBG> peer335.ipv4: reloading
bird: 2026-07-27 20:01:54.103 [0000] <INFO> Reloading channel peer335.ipv4 for export
bird: 2026-07-27 20:01:54.103 [0000] <INFO> Reloading channel peer336.ipv4 for import
bird: 2026-07-27 20:01:54.103 [0000] <DBG> peer336.ipv4: reloading
bird: 2026-07-27 20:01:54.103 [0000] <INFO> Reloading channel peer336.ipv4 for export
bird: 2026-07-27 20:01:54.103 [0000] <INFO> Reloading channel peer337.ipv4 for import
bird: 2026-07-27 20:01:54.103 [0000] <DBG> peer337.ipv4: reloading
bird: 2026-07-27 20:01:54.103 [0000] <INFO> Reloading channel peer337.ipv4 for export
bird: 2026-07-27 20:01:54.103 [0000] <INFO> Reloading channel peer338.ipv4 for import
bird: 2026-07-27 20:01:54.103 [0000] <DBG> peer338.ipv4: reloading
bird: 2026-07-27 20:01:54.103 [0000] <INFO> Reloading channel peer338.ipv4 for export
bird: 2026-07-27 20:01:54.103 [0000] <INFO> Reloading channel peer339.ipv4 for import
bird: 2026-07-27 20:01:54.103 [0000] <DBG> peer339.ipv4: reloading
bird: 2026-07-27 20:01:54.103 [0000] <INFO> Reloading channel peer339.ipv4 for export
bird: 2026-07-27 20:01:54.103 [0000] <INFO> Reloading channel peer340.ipv4 for import
bird: 2026-07-27 20:01:54.103 [0000] <DBG> peer340.ipv4: reloading
bird: 2026-07-27 20:01:54.103 [0000] <INFO> Reloading channel peer340.ipv4 for export
bird: 2026-07-27 20:01:54.103 [0000] <INFO> Reloading channel peer341.ipv4 for import
bird: 2026-07-27 20:01:54.103 [0000] <DBG> peer341.ipv4: reloading
bird: 2026-07-27 20:01:54.103 [0000] <INFO> Reloading channel peer341.ipv4 for export
bird: 2026-07-27 20:01:54.103 [0000] <INFO> Reloading channel peer342.ipv4 for import
bird: 2026-07-27 20:01:54.103 [0000] <DBG> peer342.ipv4: reloading
bird: 2026-07-27 20:01:54.103 [0000] <INFO> Reloading channel peer342.ipv4 for export
bird: 2026-07-27 20:01:54.103 [0000] <INFO> Reloading channel peer343.ipv4 for import
bird: 2026-07-27 20:01:54.103 [0000] <DBG> peer343.ipv4: reloading
bird: 2026-07-27 20:01:54.103 [0000] <INFO> Reloading channel peer343.ipv4 for export
bird: 2026-07-27 20:01:54.103 [0000] <INFO> Reloading channel peer344.ipv4 for import
bird: 2026-07-27 20:01:54.103 [0000] <DBG> peer344.ipv4: reloading
bird: 2026-07-27 20:01:54.103 [0000] <INFO> Reloading channel peer344.ipv4 for export
bird: 2026-07-27 20:01:54.103 [0000] <INFO> Reloading channel peer345.ipv4 for import
bird: 2026-07-27 20:01:54.103 [0000] <DBG> peer345.ipv4: reloading
bird: 2026-07-27 20:01:54.103 [0000] <INFO> Reloading channel peer345.ipv4 for export
bird: 2026-07-27 20:01:54.103 [0000] <INFO> Reloading channel peer346.ipv4 for import
bird: 2026-07-27 20:01:54.103 [0000] <DBG> peer346.ipv4: reloading
bird: 2026-07-27 20:01:54.103 [0000] <INFO> Reloading channel peer346.ipv4 for export
bird: 2026-07-27 20:01:54.103 [0000] <INFO> Reloading channel peer347.ipv4 for import
bird: 2026-07-27 20:01:54.103 [0000] <DBG> peer347.ipv4: reloading
bird: 2026-07-27 20:01:54.103 [0000] <INFO> Reloading channel peer347.ipv4 for export
bird: 2026-07-27 20:01:54.103 [0000] <INFO> Reloading channel peer348.ipv4 for import
bird: 2026-07-27 20:01:54.103 [0000] <DBG> peer348.ipv4: reloading
bird: 2026-07-27 20:01:54.103 [0000] <INFO> Reloading channel peer348.ipv4 for export
bird: 2026-07-27 20:01:54.103 [0000] <INFO> Reloading channel peer349.ipv4 for import
bird: 2026-07-27 20:01:54.103 [0000] <DBG> peer349.ipv4: reloading
bird: 2026-07-27 20:01:54.103 [0000] <INFO> Reloading channel peer349.ipv4 for export
bird: 2026-07-27 20:01:54.103 [0000] <INFO> Reloading channel peer350.ipv4 for import
bird: 2026-07-27 20:01:54.103 [0000] <DBG> peer350.ipv4: reloading
bird: 2026-07-27 20:01:54.103 [0000] <INFO> Reloading channel peer350.ipv4 for export
bird: 2026-07-27 20:01:54.103 [0000] <INFO> Reloading channel peer351.ipv4 for import
bird: 2026-07-27 20:01:54.103 [0000] <DBG> peer351.ipv4: reloading
bird: 2026-07-27 20:01:54.103 [0000] <INFO> Reloading channel peer351.ipv4 for export
bird: 2026-07-27 20:01:54.103 [0000] <INFO> Reloading channel peer352.ipv4 for import
bird: 2026-07-27 20:01:54.103 [0000] <DBG> peer352.ipv4: reloading
bird: 2026-07-27 20:01:54.103 [0000] <INFO> Reloading channel peer352.ipv4 for export
bird: 2026-07-27 20:01:54.103 [0000] <INFO> Reloading channel peer353.ipv4 for import
bird: 2026-07-27 20:01:54.103 [0000] <DBG> peer353.ipv4: reloading
bird: 2026-07-27 20:01:54.103 [0000] <INFO> Reloading channel peer353.ipv4 for export
bird: 2026-07-27 20:01:54.103 [0000] <INFO> Reloading channel peer354.ipv4 for import
bird: 2026-07-27 20:01:54.103 [0000] <DBG> peer354.ipv4: reloading
bird: 2026-07-27 20:01:54.103 [0000] <INFO> Reloading channel peer354.ipv4 for export
bird: 2026-07-27 20:01:54.103 [0000] <INFO> Reloading channel peer355.ipv4 for import
bird: 2026-07-27 20:01:54.103 [0000] <DBG> peer355.ipv4: reloading
bird: 2026-07-27 20:01:54.103 [0000] <INFO> Reloading channel peer355.ipv4 for export
bird: 2026-07-27 20:01:54.103 [0000] <INFO> Reloading channel peer356.ipv4 for import
bird: 2026-07-27 20:01:54.103 [0000] <DBG> peer356.ipv4: reloading
bird: 2026-07-27 20:01:54.103 [0000] <INFO> Reloading channel peer356.ipv4 for export
bird: 2026-07-27 20:01:54.103 [0000] <INFO> Reloading channel peer357.ipv4 for import
bird: 2026-07-27 20:01:54.103 [0000] <DBG> peer357.ipv4: reloading
bird: 2026-07-27 20:01:54.103 [0000] <INFO> Reloading channel peer357.ipv4 for export
bird: 2026-07-27 20:01:54.103 [0000] <INFO> Reloading channel peer358.ipv4 for import
bird: 2026-07-27 20:01:54.103 [0000] <DBG> peer358.ipv4: reloading
bird: 2026-07-27 20:01:54.103 [0000] <INFO> Reloading channel peer358.ipv4 for export
bird: 2026-07-27 20:01:54.103 [0000] <INFO> Reloading channel peer359.ipv4 for import
bird: 2026-07-27 20:01:54.103 [0000] <DBG> peer359.ipv4: reloading
bird: 2026-07-27 20:01:54.103 [0000] <INFO> Reloading channel peer359.ipv4 for export
bird: 2026-07-27 20:01:54.103 [0000] <INFO> Reloading channel peer360.ipv4 for import
bird: 2026-07-27 20:01:54.103 [0000] <DBG> peer360.ipv4: reloading
bird: 2026-07-27 20:01:54.103 [0000] <INFO> Reloading channel peer360.ipv4 for export
bird: 2026-07-27 20:01:54.103 [0000] <INFO> Reloading channel peer361.ipv4 for import
bird: 2026-07-27 20:01:54.103 [0000] <DBG> peer361.ipv4: reloading
bird: 2026-07-27 20:01:54.103 [0000] <INFO> Reloading channel peer361.ipv4 for export
bird: 2026-07-27 20:01:54.103 [0000] <INFO> Reloading channel peer362.ipv4 for import
bird: 2026-07-27 20:01:54.103 [0000] <DBG> peer362.ipv4: reloading
bird: 2026-07-27 20:01:54.103 [0000] <INFO> Reloading channel peer362.ipv4 for export
bird: 2026-07-27 20:01:54.103 [0000] <INFO> Reloading channel peer363.ipv4 for import
bird: 2026-07-27 20:01:54.103 [0000] <DBG> peer363.ipv4: reloading
bird: 2026-07-27 20:01:54.103 [0000] <INFO> Reloading channel peer363.ipv4 for export
bird: 2026-07-27 20:01:54.103 [0000] <INFO> Reloading channel peer364.ipv4 for import
bird: 2026-07-27 20:01:54.103 [0000] <DBG> peer364.ipv4: reloading
bird: 2026-07-27 20:01:54.103 [0000] <INFO> Reloading channel peer364.ipv4 for export
bird: 2026-07-27 20:01:54.103 [0000] <INFO> Reloading channel peer365.ipv4 for import
bird: 2026-07-27 20:01:54.103 [0000] <DBG> peer365.ipv4: reloading
bird: 2026-07-27 20:01:54.103 [0000] <INFO> Reloading channel peer365.ipv4 for export
bird: 2026-07-27 20:01:54.103 [0000] <INFO> Reloading channel peer366.ipv4 for import
bird: 2026-07-27 20:01:54.103 [0000] <DBG> peer366.ipv4: reloading
bird: 2026-07-27 20:01:54.103 [0000] <INFO> Reloading channel peer366.ipv4 for export
bird: 2026-07-27 20:01:54.103 [0000] <INFO> Reloading channel peer367.ipv4 for import
bird: 2026-07-27 20:01:54.103 [0000] <DBG> peer367.ipv4: reloading
bird: 2026-07-27 20:01:54.103 [0000] <INFO> Reloading channel peer367.ipv4 for export
bird: 2026-07-27 20:01:54.103 [0000] <INFO> Reloading channel peer368.ipv4 for import
bird: 2026-07-27 20:01:54.103 [0000] <DBG> peer368.ipv4: reloading
bird: 2026-07-27 20:01:54.103 [0000] <INFO> Reloading channel peer368.ipv4 for export
bird: 2026-07-27 20:01:54.103 [0000] <INFO> Reloading channel peer369.ipv4 for import
bird: 2026-07-27 20:01:54.103 [0000] <DBG> peer369.ipv4: reloading
bird: 2026-07-27 20:01:54.103 [0000] <INFO> Reloading channel peer369.ipv4 for export
bird: 2026-07-27 20:01:54.103 [0000] <INFO> Reloading channel peer370.ipv4 for import
bird: 2026-07-27 20:01:54.103 [0000] <DBG> peer370.ipv4: reloading
bird: 2026-07-27 20:01:54.103 [0000] <INFO> Reloading channel peer370.ipv4 for export
bird: 2026-07-27 20:01:54.103 [0000] <INFO> Reloading channel peer371.ipv4 for import
bird: 2026-07-27 20:01:54.103 [0000] <DBG> peer371.ipv4: reloading
bird: 2026-07-27 20:01:54.103 [0000] <INFO> Reloading channel peer371.ipv4 for export
bird: 2026-07-27 20:01:54.103 [0000] <INFO> Reloading channel peer372.ipv4 for import
bird: 2026-07-27 20:01:54.103 [0000] <DBG> peer372.ipv4: reloading
bird: 2026-07-27 20:01:54.103 [0000] <INFO> Reloading channel peer372.ipv4 for export
bird: 2026-07-27 20:01:54.103 [0000] <INFO> Reloading channel peer373.ipv4 for import
bird: 2026-07-27 20:01:54.103 [0000] <DBG> peer373.ipv4: reloading
bird: 2026-07-27 20:01:54.103 [0000] <INFO> Reloading channel peer373.ipv4 for export
bird: 2026-07-27 20:01:54.103 [0000] <INFO> Reloading channel peer374.ipv4 for import
bird: 2026-07-27 20:01:54.103 [0000] <DBG> peer374.ipv4: reloading
bird: 2026-07-27 20:01:54.103 [0000] <INFO> Reloading channel peer374.ipv4 for export
bird: 2026-07-27 20:01:54.103 [0000] <INFO> Reloading channel peer375.ipv4 for import
bird: 2026-07-27 20:01:54.103 [0000] <DBG> peer375.ipv4: reloading
bird: 2026-07-27 20:01:54.103 [0000] <INFO> Reloading channel peer375.ipv4 for export
bird: 2026-07-27 20:01:54.103 [0000] <INFO> Reloading channel peer376.ipv4 for import
bird: 2026-07-27 20:01:54.103 [0000] <DBG> peer376.ipv4: reloading
bird: 2026-07-27 20:01:54.103 [0000] <INFO> Reloading channel peer376.ipv4 for export
bird: 2026-07-27 20:01:54.103 [0000] <INFO> Reloading channel peer377.ipv4 for import
bird: 2026-07-27 20:01:54.103 [0000] <DBG> peer377.ipv4: reloading
bird: 2026-07-27 20:01:54.103 [0000] <INFO> Reloading channel peer377.ipv4 for export
bird: 2026-07-27 20:01:54.103 [0000] <INFO> Reloading channel peer378.ipv4 for import
bird: 2026-07-27 20:01:54.103 [0000] <DBG> peer378.ipv4: reloading
bird: 2026-07-27 20:01:54.103 [0000] <INFO> Reloading channel peer378.ipv4 for export
bird: 2026-07-27 20:01:54.103 [0000] <INFO> Reloading channel peer379.ipv4 for import
bird: 2026-07-27 20:01:54.103 [0000] <DBG> peer379.ipv4: reloading
bird: 2026-07-27 20:01:54.103 [0000] <INFO> Reloading channel peer379.ipv4 for export
bird: 2026-07-27 20:01:54.103 [0000] <INFO> Reloading channel peer380.ipv4 for import
bird: 2026-07-27 20:01:54.103 [0000] <DBG> peer380.ipv4: reloading
bird: 2026-07-27 20:01:54.103 [0000] <INFO> Reloading channel peer380.ipv4 for export
bird: 2026-07-27 20:01:54.103 [0000] <INFO> Reloading channel peer381.ipv4 for import
bird: 2026-07-27 20:01:54.103 [0000] <DBG> peer381.ipv4: reloading
bird: 2026-07-27 20:01:54.103 [0000] <INFO> Reloading channel peer381.ipv4 for export
bird: 2026-07-27 20:01:54.103 [0000] <INFO> Reloading channel peer382.ipv4 for import
bird: 2026-07-27 20:01:54.103 [0000] <DBG> peer382.ipv4: reloading
bird: 2026-07-27 20:01:54.103 [0000] <INFO> Reloading channel peer382.ipv4 for export
bird: 2026-07-27 20:01:54.103 [0000] <INFO> Reloading channel peer383.ipv4 for import
bird: 2026-07-27 20:01:54.103 [0000] <DBG> peer383.ipv4: reloading
bird: 2026-07-27 20:01:54.103 [0000] <INFO> Reloading channel peer383.ipv4 for export
bird: 2026-07-27 20:01:54.103 [0000] <INFO> Reloading channel peer384.ipv4 for import
bird: 2026-07-27 20:01:54.103 [0000] <DBG> peer384.ipv4: reloading
bird: 2026-07-27 20:01:54.103 [0000] <INFO> Reloading channel peer384.ipv4 for export
bird: 2026-07-27 20:01:54.103 [0000] <INFO> Reloading channel peer385.ipv4 for import
bird: 2026-07-27 20:01:54.103 [0000] <DBG> peer385.ipv4: reloading
bird: 2026-07-27 20:01:54.103 [0000] <INFO> Reloading channel peer385.ipv4 for export
bird: 2026-07-27 20:01:54.103 [0000] <INFO> Reloading channel peer386.ipv4 for import
bird: 2026-07-27 20:01:54.103 [0000] <DBG> peer386.ipv4: reloading
bird: 2026-07-27 20:01:54.103 [0000] <INFO> Reloading channel peer386.ipv4 for export
bird: 2026-07-27 20:01:54.103 [0000] <INFO> Reloading channel peer387.ipv4 for import
bird: 2026-07-27 20:01:54.103 [0000] <DBG> peer387.ipv4: reloading
bird: 2026-07-27 20:01:54.103 [0000] <INFO> Reloading channel peer387.ipv4 for export
bird: 2026-07-27 20:01:54.103 [0000] <INFO> Reloading channel peer388.ipv4 for import
bird: 2026-07-27 20:01:54.103 [0000] <DBG> peer388.ipv4: reloading
bird: 2026-07-27 20:01:54.103 [0000] <INFO> Reloading channel peer388.ipv4 for export
bird: 2026-07-27 20:01:54.103 [0000] <INFO> Reloading channel peer389.ipv4 for import
bird: 2026-07-27 20:01:54.103 [0000] <DBG> peer389.ipv4: reloading
bird: 2026-07-27 20:01:54.103 [0000] <INFO> Reloading channel peer389.ipv4 for export
bird: 2026-07-27 20:01:54.103 [0000] <INFO> Reloading channel peer390.ipv4 for import
bird: 2026-07-27 20:01:54.103 [0000] <DBG> peer390.ipv4: reloading
bird: 2026-07-27 20:01:54.103 [0000] <INFO> Reloading channel peer390.ipv4 for export
bird: 2026-07-27 20:01:54.103 [0000] <INFO> Reloading channel peer391.ipv4 for import
bird: 2026-07-27 20:01:54.103 [0000] <DBG> peer391.ipv4: reloading
bird: 2026-07-27 20:01:54.103 [0000] <INFO> Reloading channel peer391.ipv4 for export
bird: 2026-07-27 20:01:54.103 [0000] <INFO> Reloading channel peer392.ipv4 for import
bird: 2026-07-27 20:01:54.103 [0000] <DBG> peer392.ipv4: reloading
bird: 2026-07-27 20:01:54.103 [0000] <INFO> Reloading channel peer392.ipv4 for export
bird: 2026-07-27 20:01:54.103 [0000] <INFO> Reloading channel peer393.ipv4 for import
bird: 2026-07-27 20:01:54.103 [0000] <DBG> peer393.ipv4: reloading
bird: 2026-07-27 20:01:54.103 [0000] <INFO> Reloading channel peer393.ipv4 for export
bird: 2026-07-27 20:01:54.103 [0000] <INFO> Reloading channel peer394.ipv4 for import
bird: 2026-07-27 20:01:54.103 [0000] <DBG> peer394.ipv4: reloading
bird: 2026-07-27 20:01:54.103 [0000] <INFO> Reloading channel peer394.ipv4 for export
bird: 2026-07-27 20:01:54.103 [0000] <INFO> Reloading channel peer395.ipv4 for import
bird: 2026-07-27 20:01:54.103 [0000] <DBG> peer395.ipv4: reloading
bird: 2026-07-27 20:01:54.103 [0000] <INFO> Reloading channel peer395.ipv4 for export
bird: 2026-07-27 20:01:54.103 [0000] <INFO> Reloading channel peer396.ipv4 for import
bird: 2026-07-27 20:01:54.103 [0000] <DBG> peer396.ipv4: reloading
bird: 2026-07-27 20:01:54.103 [0000] <INFO> Reloading channel peer396.ipv4 for export
bird: 2026-07-27 20:01:54.103 [0000] <INFO> Reloading channel peer397.ipv4 for import
bird: 2026-07-27 20:01:54.103 [0000] <DBG> peer397.ipv4: reloading
bird: 2026-07-27 20:01:54.103 [0000] <INFO> Reloading channel peer397.ipv4 for export
bird: 2026-07-27 20:01:54.103 [0000] <INFO> Reloading channel peer398.ipv4 for import
bird: 2026-07-27 20:01:54.103 [0000] <DBG> peer398.ipv4: reloading
bird: 2026-07-27 20:01:54.103 [0000] <INFO> Reloading channel peer398.ipv4 for export
bird: 2026-07-27 20:01:54.103 [0000] <INFO> Reloading channel peer399.ipv4 for import
bird: 2026-07-27 20:01:54.103 [0000] <DBG> peer399.ipv4: reloading
bird: 2026-07-27 20:01:54.103 [0000] <INFO> Reloading channel peer399.ipv4 for export
bird: 2026-07-27 20:01:54.103 [0000] <INFO> Reloading channel peer400.ipv4 for import
bird: 2026-07-27 20:01:54.103 [0000] <DBG> peer400.ipv4: reloading
bird: 2026-07-27 20:01:54.103 [0000] <INFO> Reloading channel peer400.ipv4 for export
bird: 2026-07-27 20:01:54.103 [0000] <INFO> Reloading channel peer401.ipv4 for import
bird: 2026-07-27 20:01:54.103 [0000] <DBG> peer401.ipv4: reloading
bird: 2026-07-27 20:01:54.103 [0000] <INFO> Reloading channel peer401.ipv4 for export
bird: 2026-07-27 20:01:54.103 [0000] <INFO> Reloading channel peer402.ipv4 for import
bird: 2026-07-27 20:01:54.103 [0000] <DBG> peer402.ipv4: reloading
bird: 2026-07-27 20:01:54.103 [0000] <INFO> Reloading channel peer402.ipv4 for export
bird: 2026-07-27 20:01:54.103 [0000] <INFO> Reloading channel peer403.ipv4 for import
bird: 2026-07-27 20:01:54.103 [0000] <DBG> peer403.ipv4: reloading
bird: 2026-07-27 20:01:54.103 [0000] <INFO> Reloading channel peer403.ipv4 for export
bird: 2026-07-27 20:01:54.103 [0000] <INFO> Reloading channel peer404.ipv4 for import
bird: 2026-07-27 20:01:54.103 [0000] <DBG> peer404.ipv4: reloading
bird: 2026-07-27 20:01:54.103 [0000] <INFO> Reloading channel peer404.ipv4 for export
bird: 2026-07-27 20:01:54.103 [0000] <INFO> Reloading channel peer405.ipv4 for import
bird: 2026-07-27 20:01:54.103 [0000] <DBG> peer405.ipv4: reloading
bird: 2026-07-27 20:01:54.103 [0000] <INFO> Reloading channel peer405.ipv4 for export
bird: 2026-07-27 20:01:54.103 [0000] <INFO> Reloading channel peer406.ipv4 for import
bird: 2026-07-27 20:01:54.103 [0000] <DBG> peer406.ipv4: reloading
bird: 2026-07-27 20:01:54.103 [0000] <INFO> Reloading channel peer406.ipv4 for export
bird: 2026-07-27 20:01:54.103 [0000] <INFO> Reloading channel peer407.ipv4 for import
bird: 2026-07-27 20:01:54.103 [0000] <DBG> peer407.ipv4: reloading
bird: 2026-07-27 20:01:54.103 [0000] <INFO> Reloading channel peer407.ipv4 for export
bird: 2026-07-27 20:01:54.103 [0000] <INFO> Reloading channel peer408.ipv4 for import
bird: 2026-07-27 20:01:54.103 [0000] <DBG> peer408.ipv4: reloading
bird: 2026-07-27 20:01:54.103 [0000] <INFO> Reloading channel peer408.ipv4 for export
bird: 2026-07-27 20:01:54.103 [0000] <INFO> Reloading channel peer409.ipv4 for import
bird: 2026-07-27 20:01:54.103 [0000] <DBG> peer409.ipv4: reloading
bird: 2026-07-27 20:01:54.103 [0000] <INFO> Reloading channel peer409.ipv4 for export
bird: 2026-07-27 20:01:54.103 [0000] <INFO> Reloading channel peer410.ipv4 for import
bird: 2026-07-27 20:01:54.103 [0000] <DBG> peer410.ipv4: reloading
bird: 2026-07-27 20:01:54.103 [0000] <INFO> Reloading channel peer410.ipv4 for export
bird: 2026-07-27 20:01:54.103 [0000] <INFO> Reloading channel peer411.ipv4 for import
bird: 2026-07-27 20:01:54.103 [0000] <DBG> peer411.ipv4: reloading
bird: 2026-07-27 20:01:54.103 [0000] <INFO> Reloading channel peer411.ipv4 for export
bird: 2026-07-27 20:01:54.103 [0000] <INFO> Reloading channel peer412.ipv4 for import
bird: 2026-07-27 20:01:54.103 [0000] <DBG> peer412.ipv4: reloading
bird: 2026-07-27 20:01:54.103 [0000] <INFO> Reloading channel peer412.ipv4 for export
bird: 2026-07-27 20:01:54.103 [0000] <INFO> Reloading channel peer413.ipv4 for import
bird: 2026-07-27 20:01:54.103 [0000] <DBG> peer413.ipv4: reloading
bird: 2026-07-27 20:01:54.103 [0000] <INFO> Reloading channel peer413.ipv4 for export
bird: 2026-07-27 20:01:54.103 [0000] <INFO> Reloading channel peer414.ipv4 for import
bird: 2026-07-27 20:01:54.103 [0000] <DBG> peer414.ipv4: reloading
bird: 2026-07-27 20:01:54.103 [0000] <INFO> Reloading channel peer414.ipv4 for export
bird: 2026-07-27 20:01:54.103 [0000] <INFO> Reloading channel peer415.ipv4 for import
bird: 2026-07-27 20:01:54.103 [0000] <DBG> peer415.ipv4: reloading
bird: 2026-07-27 20:01:54.103 [0000] <INFO> Reloading channel peer415.ipv4 for export
bird: 2026-07-27 20:01:54.103 [0000] <INFO> Reloading channel peer416.ipv4 for import
bird: 2026-07-27 20:01:54.103 [0000] <DBG> peer416.ipv4: reloading
bird: 2026-07-27 20:01:54.103 [0000] <INFO> Reloading channel peer416.ipv4 for export
bird: 2026-07-27 20:01:54.103 [0000] <INFO> Reloading channel peer417.ipv4 for import
bird: 2026-07-27 20:01:54.103 [0000] <DBG> peer417.ipv4: reloading
bird: 2026-07-27 20:01:54.103 [0000] <INFO> Reloading channel peer417.ipv4 for export
bird: 2026-07-27 20:01:54.103 [0000] <INFO> Reloading channel peer418.ipv4 for import
bird: 2026-07-27 20:01:54.103 [0000] <DBG> peer418.ipv4: reloading
bird: 2026-07-27 20:01:54.103 [0000] <INFO> Reloading channel peer418.ipv4 for export
bird: 2026-07-27 20:01:54.103 [0000] <INFO> Reloading channel peer419.ipv4 for import
bird: 2026-07-27 20:01:54.103 [0000] <DBG> peer419.ipv4: reloading
bird: 2026-07-27 20:01:54.103 [0000] <INFO> Reloading channel peer419.ipv4 for export
bird: 2026-07-27 20:01:54.103 [0000] <INFO> Reloading channel peer420.ipv4 for import
bird: 2026-07-27 20:01:54.103 [0000] <DBG> peer420.ipv4: reloading
bird: 2026-07-27 20:01:54.103 [0000] <INFO> Reloading channel peer420.ipv4 for export
bird: 2026-07-27 20:01:54.103 [0000] <INFO> Reloading channel peer421.ipv4 for import
bird: 2026-07-27 20:01:54.103 [0000] <DBG> peer421.ipv4: reloading
bird: 2026-07-27 20:01:54.103 [0000] <INFO> Reloading channel peer421.ipv4 for export
bird: 2026-07-27 20:01:54.103 [0000] <INFO> Reloading channel peer422.ipv4 for import
bird: 2026-07-27 20:01:54.103 [0000] <DBG> peer422.ipv4: reloading
bird: 2026-07-27 20:01:54.103 [0000] <INFO> Reloading channel peer422.ipv4 for export
bird: 2026-07-27 20:01:54.103 [0000] <INFO> Reloading channel peer423.ipv4 for import
bird: 2026-07-27 20:01:54.103 [0000] <DBG> peer423.ipv4: reloading
bird: 2026-07-27 20:01:54.103 [0000] <INFO> Reloading channel peer423.ipv4 for export
bird: 2026-07-27 20:01:54.103 [0000] <INFO> Reloading channel peer424.ipv4 for import
bird: 2026-07-27 20:01:54.103 [0000] <DBG> peer424.ipv4: reloading
bird: 2026-07-27 20:01:54.103 [0000] <INFO> Reloading channel peer424.ipv4 for export
bird: 2026-07-27 20:01:54.103 [0000] <INFO> Reloading channel peer425.ipv4 for import
bird: 2026-07-27 20:01:54.103 [0000] <DBG> peer425.ipv4: reloading
bird: 2026-07-27 20:01:54.103 [0000] <INFO> Reloading channel peer425.ipv4 for export
bird: 2026-07-27 20:01:54.103 [0000] <INFO> Reloading channel peer426.ipv4 for import
bird: 2026-07-27 20:01:54.103 [0000] <DBG> peer426.ipv4: reloading
bird: 2026-07-27 20:01:54.103 [0000] <INFO> Reloading channel peer426.ipv4 for export
bird: 2026-07-27 20:01:54.103 [0000] <INFO> Reloading channel peer427.ipv4 for import
bird: 2026-07-27 20:01:54.103 [0000] <DBG> peer427.ipv4: reloading
bird: 2026-07-27 20:01:54.103 [0000] <INFO> Reloading channel peer427.ipv4 for export
bird: 2026-07-27 20:01:54.103 [0000] <INFO> Reloading channel peer428.ipv4 for import
bird: 2026-07-27 20:01:54.103 [0000] <DBG> peer428.ipv4: reloading
bird: 2026-07-27 20:01:54.103 [0000] <INFO> Reloading channel peer428.ipv4 for export
bird: 2026-07-27 20:01:54.103 [0000] <INFO> Reloading channel peer429.ipv4 for import
bird: 2026-07-27 20:01:54.103 [0000] <DBG> peer429.ipv4: reloading
bird: 2026-07-27 20:01:54.103 [0000] <INFO> Reloading channel peer429.ipv4 for export
bird: 2026-07-27 20:01:54.103 [0000] <INFO> Reloading channel peer430.ipv4 for import
bird: 2026-07-27 20:01:54.103 [0000] <DBG> peer430.ipv4: reloading
bird: 2026-07-27 20:01:54.103 [0000] <INFO> Reloading channel peer430.ipv4 for export
bird: 2026-07-27 20:01:54.103 [0000] <INFO> Reloading channel peer431.ipv4 for import
bird: 2026-07-27 20:01:54.103 [0000] <DBG> peer431.ipv4: reloading
bird: 2026-07-27 20:01:54.103 [0000] <INFO> Reloading channel peer431.ipv4 for export
bird: 2026-07-27 20:01:54.103 [0000] <INFO> Reloading channel peer432.ipv4 for import
bird: 2026-07-27 20:01:54.103 [0000] <DBG> peer432.ipv4: reloading
bird: 2026-07-27 20:01:54.103 [0000] <INFO> Reloading channel peer432.ipv4 for export
bird: 2026-07-27 20:01:54.103 [0000] <INFO> Reloading channel peer433.ipv4 for import
bird: 2026-07-27 20:01:54.103 [0000] <DBG> peer433.ipv4: reloading
bird: 2026-07-27 20:01:54.103 [0000] <INFO> Reloading channel peer433.ipv4 for export
bird: 2026-07-27 20:01:54.103 [0000] <INFO> Reloading channel peer434.ipv4 for import
bird: 2026-07-27 20:01:54.103 [0000] <DBG> peer434.ipv4: reloading
bird: 2026-07-27 20:01:54.103 [0000] <INFO> Reloading channel peer434.ipv4 for export
bird: 2026-07-27 20:01:54.103 [0000] <INFO> Reloading channel peer435.ipv4 for import
bird: 2026-07-27 20:01:54.103 [0000] <DBG> peer435.ipv4: reloading
bird: 2026-07-27 20:01:54.103 [0000] <INFO> Reloading channel peer435.ipv4 for export
bird: 2026-07-27 20:01:54.103 [0000] <INFO> Reloading channel peer436.ipv4 for import
bird: 2026-07-27 20:01:54.103 [0000] <DBG> peer436.ipv4: reloading
bird: 2026-07-27 20:01:54.103 [0000] <INFO> Reloading channel peer436.ipv4 for export
bird: 2026-07-27 20:01:54.103 [0000] <INFO> Reloading channel peer437.ipv4 for import
bird: 2026-07-27 20:01:54.103 [0000] <DBG> peer437.ipv4: reloading
bird: 2026-07-27 20:01:54.103 [0000] <INFO> Reloading channel peer437.ipv4 for export
bird: 2026-07-27 20:01:54.103 [0000] <INFO> Reloading channel peer438.ipv4 for import
bird: 2026-07-27 20:01:54.103 [0000] <DBG> peer438.ipv4: reloading
bird: 2026-07-27 20:01:54.103 [0000] <INFO> Reloading channel peer438.ipv4 for export
bird: 2026-07-27 20:01:54.103 [0000] <INFO> Reloading channel peer439.ipv4 for import
bird: 2026-07-27 20:01:54.103 [0000] <DBG> peer439.ipv4: reloading
bird: 2026-07-27 20:01:54.103 [0000] <INFO> Reloading channel peer439.ipv4 for export
bird: 2026-07-27 20:01:54.103 [0000] <INFO> Reloading channel peer440.ipv4 for import
bird: 2026-07-27 20:01:54.103 [0000] <DBG> peer440.ipv4: reloading
bird: 2026-07-27 20:01:54.103 [0000] <INFO> Reloading channel peer440.ipv4 for export
bird: 2026-07-27 20:01:54.103 [0000] <INFO> Reloading channel peer441.ipv4 for import
bird: 2026-07-27 20:01:54.103 [0000] <DBG> peer441.ipv4: reloading
bird: 2026-07-27 20:01:54.103 [0000] <INFO> Reloading channel peer441.ipv4 for export
bird: 2026-07-27 20:01:54.103 [0000] <INFO> Reloading channel peer442.ipv4 for import
bird: 2026-07-27 20:01:54.103 [0000] <DBG> peer442.ipv4: reloading
bird: 2026-07-27 20:01:54.103 [0000] <INFO> Reloading channel peer442.ipv4 for export
bird: 2026-07-27 20:01:54.103 [0000] <INFO> Reloading channel peer443.ipv4 for import
bird: 2026-07-27 20:01:54.103 [0000] <DBG> peer443.ipv4: reloading
bird: 2026-07-27 20:01:54.103 [0000] <INFO> Reloading channel peer443.ipv4 for export
bird: 2026-07-27 20:01:54.103 [0000] <INFO> Reloading channel peer444.ipv4 for import
bird: 2026-07-27 20:01:54.103 [0000] <DBG> peer444.ipv4: reloading
bird: 2026-07-27 20:01:54.103 [0000] <INFO> Reloading channel peer444.ipv4 for export
bird: 2026-07-27 20:01:54.103 [0000] <INFO> Reloading channel peer445.ipv4 for import
bird: 2026-07-27 20:01:54.103 [0000] <DBG> peer445.ipv4: reloading
bird: 2026-07-27 20:01:54.103 [0000] <INFO> Reloading channel peer445.ipv4 for export
bird: 2026-07-27 20:01:54.103 [0000] <INFO> Reloading channel peer446.ipv4 for import
bird: 2026-07-27 20:01:54.103 [0000] <DBG> peer446.ipv4: reloading
bird: 2026-07-27 20:01:54.103 [0000] <INFO> Reloading channel peer446.ipv4 for export
bird: 2026-07-27 20:01:54.103 [0000] <INFO> Reloading channel peer447.ipv4 for import
bird: 2026-07-27 20:01:54.103 [0000] <DBG> peer447.ipv4: reloading
bird: 2026-07-27 20:01:54.103 [0000] <INFO> Reloading channel peer447.ipv4 for export
bird: 2026-07-27 20:01:54.103 [0000] <INFO> Reloading channel peer448.ipv4 for import
bird: 2026-07-27 20:01:54.103 [0000] <DBG> peer448.ipv4: reloading
bird: 2026-07-27 20:01:54.103 [0000] <INFO> Reloading channel peer448.ipv4 for export
bird: 2026-07-27 20:01:54.103 [0000] <INFO> Reloading channel peer449.ipv4 for import
bird: 2026-07-27 20:01:54.103 [0000] <DBG> peer449.ipv4: reloading
bird: 2026-07-27 20:01:54.103 [0000] <INFO> Reloading channel peer449.ipv4 for export
bird: 2026-07-27 20:01:54.103 [0000] <INFO> Reloading channel peer450.ipv4 for import
bird: 2026-07-27 20:01:54.103 [0000] <DBG> peer450.ipv4: reloading
bird: 2026-07-27 20:01:54.103 [0000] <INFO> Reloading channel peer450.ipv4 for export
bird: 2026-07-27 20:01:54.103 [0000] <INFO> Reloading channel peer451.ipv4 for import
bird: 2026-07-27 20:01:54.103 [0000] <DBG> peer451.ipv4: reloading
bird: 2026-07-27 20:01:54.103 [0000] <INFO> Reloading channel peer451.ipv4 for export
bird: 2026-07-27 20:01:54.103 [0000] <INFO> Reloading channel peer452.ipv4 for import
bird: 2026-07-27 20:01:54.103 [0000] <DBG> peer452.ipv4: reloading
bird: 2026-07-27 20:01:54.103 [0000] <INFO> Reloading channel peer452.ipv4 for export
bird: 2026-07-27 20:01:54.103 [0000] <INFO> Reloading channel peer453.ipv4 for import
bird: 2026-07-27 20:01:54.103 [0000] <DBG> peer453.ipv4: reloading
bird: 2026-07-27 20:01:54.103 [0000] <INFO> Reloading channel peer453.ipv4 for export
bird: 2026-07-27 20:01:54.103 [0000] <INFO> Reloading channel peer454.ipv4 for import
bird: 2026-07-27 20:01:54.103 [0000] <DBG> peer454.ipv4: reloading
bird: 2026-07-27 20:01:54.103 [0000] <INFO> Reloading channel peer454.ipv4 for export
bird: 2026-07-27 20:01:54.103 [0000] <INFO> Reloading channel peer455.ipv4 for import
bird: 2026-07-27 20:01:54.103 [0000] <DBG> peer455.ipv4: reloading
bird: 2026-07-27 20:01:54.103 [0000] <INFO> Reloading channel peer455.ipv4 for export
bird: 2026-07-27 20:01:54.103 [0000] <INFO> Reloading channel peer456.ipv4 for import
bird: 2026-07-27 20:01:54.103 [0000] <DBG> peer456.ipv4: reloading
bird: 2026-07-27 20:01:54.103 [0000] <INFO> Reloading channel peer456.ipv4 for export
bird: 2026-07-27 20:01:54.103 [0000] <INFO> Reloading channel peer457.ipv4 for import
bird: 2026-07-27 20:01:54.103 [0000] <DBG> peer457.ipv4: reloading
bird: 2026-07-27 20:01:54.103 [0000] <INFO> Reloading channel peer457.ipv4 for export
bird: 2026-07-27 20:01:54.103 [0000] <INFO> Reloading channel peer458.ipv4 for import
bird: 2026-07-27 20:01:54.103 [0000] <DBG> peer458.ipv4: reloading
bird: 2026-07-27 20:01:54.103 [0000] <INFO> Reloading channel peer458.ipv4 for export
bird: 2026-07-27 20:01:54.103 [0000] <INFO> Reloading channel peer459.ipv4 for import
bird: 2026-07-27 20:01:54.103 [0000] <DBG> peer459.ipv4: reloading
bird: 2026-07-27 20:01:54.103 [0000] <INFO> Reloading channel peer459.ipv4 for export
bird: 2026-07-27 20:01:54.103 [0000] <INFO> Reloading channel peer460.ipv4 for import
bird: 2026-07-27 20:01:54.103 [0000] <DBG> peer460.ipv4: reloading
bird: 2026-07-27 20:01:54.103 [0000] <INFO> Reloading channel peer460.ipv4 for export
bird: 2026-07-27 20:01:54.103 [0000] <INFO> Reloading channel peer461.ipv4 for import
bird: 2026-07-27 20:01:54.103 [0000] <DBG> peer461.ipv4: reloading
bird: 2026-07-27 20:01:54.103 [0000] <INFO> Reloading channel peer461.ipv4 for export
bird: 2026-07-27 20:01:54.103 [0000] <INFO> Reloading channel peer462.ipv4 for import
bird: 2026-07-27 20:01:54.103 [0000] <DBG> peer462.ipv4: reloading
bird: 2026-07-27 20:01:54.103 [0000] <INFO> Reloading channel peer462.ipv4 for export
bird: 2026-07-27 20:01:54.103 [0000] <INFO> Reloading channel peer463.ipv4 for import
bird: 2026-07-27 20:01:54.103 [0000] <DBG> peer463.ipv4: reloading
bird: 2026-07-27 20:01:54.103 [0000] <INFO> Reloading channel peer463.ipv4 for export
bird: 2026-07-27 20:01:54.103 [0000] <INFO> Reloading channel peer464.ipv4 for import
bird: 2026-07-27 20:01:54.103 [0000] <DBG> peer464.ipv4: reloading
bird: 2026-07-27 20:01:54.103 [0000] <INFO> Reloading channel peer464.ipv4 for export
bird: 2026-07-27 20:01:54.103 [0000] <INFO> Reloading channel peer465.ipv4 for import
bird: 2026-07-27 20:01:54.103 [0000] <DBG> peer465.ipv4: reloading
bird: 2026-07-27 20:01:54.103 [0000] <INFO> Reloading channel peer465.ipv4 for export
bird: 2026-07-27 20:01:54.103 [0000] <INFO> Reloading channel peer466.ipv4 for import
bird: 2026-07-27 20:01:54.103 [0000] <DBG> peer466.ipv4: reloading
bird: 2026-07-27 20:01:54.103 [0000] <INFO> Reloading channel peer466.ipv4 for export
bird: 2026-07-27 20:01:54.103 [0000] <INFO> Reloading channel peer467.ipv4 for import
bird: 2026-07-27 20:01:54.103 [0000] <DBG> peer467.ipv4: reloading
bird: 2026-07-27 20:01:54.103 [0000] <INFO> Reloading channel peer467.ipv4 for export
bird: 2026-07-27 20:01:54.103 [0000] <INFO> Reloading channel peer468.ipv4 for import
bird: 2026-07-27 20:01:54.103 [0000] <DBG> peer468.ipv4: reloading
bird: 2026-07-27 20:01:54.103 [0000] <INFO> Reloading channel peer468.ipv4 for export
bird: 2026-07-27 20:01:54.103 [0000] <INFO> Reloading channel peer469.ipv4 for import
bird: 2026-07-27 20:01:54.103 [0000] <DBG> peer469.ipv4: reloading
bird: 2026-07-27 20:01:54.103 [0000] <INFO> Reloading channel peer469.ipv4 for export
bird: 2026-07-27 20:01:54.103 [0000] <INFO> Reloading channel peer470.ipv4 for import
bird: 2026-07-27 20:01:54.103 [0000] <DBG> peer470.ipv4: reloading
bird: 2026-07-27 20:01:54.103 [0000] <INFO> Reloading channel peer470.ipv4 for export
bird: 2026-07-27 20:01:54.103 [0000] <INFO> Reloading channel peer471.ipv4 for import
bird: 2026-07-27 20:01:54.103 [0000] <DBG> peer471.ipv4: reloading
bird: 2026-07-27 20:01:54.103 [0000] <INFO> Reloading channel peer471.ipv4 for export
bird: 2026-07-27 20:01:54.103 [0000] <INFO> Reloading channel peer472.ipv4 for import
bird: 2026-07-27 20:01:54.103 [0000] <DBG> peer472.ipv4: reloading
bird: 2026-07-27 20:01:54.103 [0000] <INFO> Reloading channel peer472.ipv4 for export
bird: 2026-07-27 20:01:54.103 [0000] <INFO> Reloading channel peer473.ipv4 for import
bird: 2026-07-27 20:01:54.103 [0000] <DBG> peer473.ipv4: reloading
bird: 2026-07-27 20:01:54.103 [0000] <INFO> Reloading channel peer473.ipv4 for export
bird: 2026-07-27 20:01:54.103 [0000] <INFO> Reloading channel peer474.ipv4 for import
bird: 2026-07-27 20:01:54.103 [0000] <DBG> peer474.ipv4: reloading
bird: 2026-07-27 20:01:54.103 [0000] <INFO> Reloading channel peer474.ipv4 for export
bird: 2026-07-27 20:01:54.103 [0000] <INFO> Reloading channel peer475.ipv4 for import
bird: 2026-07-27 20:01:54.103 [0000] <DBG> peer475.ipv4: reloading
bird: 2026-07-27 20:01:54.103 [0000] <INFO> Reloading channel peer475.ipv4 for export
bird: 2026-07-27 20:01:54.103 [0000] <INFO> Reloading channel peer476.ipv4 for import
bird: 2026-07-27 20:01:54.103 [0000] <DBG> peer476.ipv4: reloading
bird: 2026-07-27 20:01:54.103 [0000] <INFO> Reloading channel peer476.ipv4 for export
bird: 2026-07-27 20:01:54.103 [0000] <INFO> Reloading channel peer477.ipv4 for import
bird: 2026-07-27 20:01:54.103 [0000] <DBG> peer477.ipv4: reloading
bird: 2026-07-27 20:01:54.103 [0000] <INFO> Reloading channel peer477.ipv4 for export
bird: 2026-07-27 20:01:54.103 [0000] <INFO> Reloading channel peer478.ipv4 for import
bird: 2026-07-27 20:01:54.103 [0000] <DBG> peer478.ipv4: reloading
bird: 2026-07-27 20:01:54.103 [0000] <INFO> Reloading channel peer478.ipv4 for export
bird: 2026-07-27 20:01:54.103 [0000] <INFO> Reloading channel peer479.ipv4 for import
bird: 2026-07-27 20:01:54.103 [0000] <DBG> peer479.ipv4: reloading
bird: 2026-07-27 20:01:54.103 [0000] <INFO> Reloading channel peer479.ipv4 for export
bird: 2026-07-27 20:01:54.103 [0000] <INFO> Reloading channel peer480.ipv4 for import
bird: 2026-07-27 20:01:54.103 [0000] <DBG> peer480.ipv4: reloading
bird: 2026-07-27 20:01:54.103 [0000] <INFO> Reloading channel peer480.ipv4 for export
bird: 2026-07-27 20:01:54.103 [0000] <INFO> Reloading channel peer481.ipv4 for import
bird: 2026-07-27 20:01:54.103 [0000] <DBG> peer481.ipv4: reloading
bird: 2026-07-27 20:01:54.103 [0000] <INFO> Reloading channel peer481.ipv4 for export
bird: 2026-07-27 20:01:54.103 [0000] <INFO> Reloading channel peer482.ipv4 for import
bird: 2026-07-27 20:01:54.103 [0000] <DBG> peer482.ipv4: reloading
bird: 2026-07-27 20:01:54.103 [0000] <INFO> Reloading channel peer482.ipv4 for export
bird: 2026-07-27 20:01:54.103 [0000] <INFO> Reloading channel peer483.ipv4 for import
bird: 2026-07-27 20:01:54.103 [0000] <DBG> peer483.ipv4: reloading
bird: 2026-07-27 20:01:54.103 [0000] <INFO> Reloading channel peer483.ipv4 for export
bird: 2026-07-27 20:01:54.103 [0000] <INFO> Reloading channel peer484.ipv4 for import
bird: 2026-07-27 20:01:54.103 [0000] <DBG> peer484.ipv4: reloading
bird: 2026-07-27 20:01:54.103 [0000] <INFO> Reloading channel peer484.ipv4 for export
bird: 2026-07-27 20:01:54.103 [0000] <INFO> Reloading channel peer485.ipv4 for import
bird: 2026-07-27 20:01:54.103 [0000] <DBG> peer485.ipv4: reloading
bird: 2026-07-27 20:01:54.103 [0000] <INFO> Reloading channel peer485.ipv4 for export
bird: 2026-07-27 20:01:54.103 [0000] <INFO> Reloading channel peer486.ipv4 for import
bird: 2026-07-27 20:01:54.103 [0000] <DBG> peer486.ipv4: reloading
bird: 2026-07-27 20:01:54.103 [0000] <INFO> Reloading channel peer486.ipv4 for export
bird: 2026-07-27 20:01:54.103 [0000] <INFO> Reloading channel peer487.ipv4 for import
bird: 2026-07-27 20:01:54.103 [0000] <DBG> peer487.ipv4: reloading
bird: 2026-07-27 20:01:54.103 [0000] <INFO> Reloading channel peer487.ipv4 for export
bird: 2026-07-27 20:01:54.103 [0000] <INFO> Reloading channel peer488.ipv4 for import
bird: 2026-07-27 20:01:54.103 [0000] <DBG> peer488.ipv4: reloading
bird: 2026-07-27 20:01:54.103 [0000] <INFO> Reloading channel peer488.ipv4 for export
bird: 2026-07-27 20:01:54.103 [0000] <INFO> Reloading channel peer489.ipv4 for import
bird: 2026-07-27 20:01:54.103 [0000] <DBG> peer489.ipv4: reloading
bird: 2026-07-27 20:01:54.103 [0000] <INFO> Reloading channel peer489.ipv4 for export
bird: 2026-07-27 20:01:54.103 [0000] <INFO> Reloading channel peer490.ipv4 for import
bird: 2026-07-27 20:01:54.103 [0000] <DBG> peer490.ipv4: reloading
bird: 2026-07-27 20:01:54.103 [0000] <INFO> Reloading channel peer490.ipv4 for export
bird: 2026-07-27 20:01:54.103 [0000] <INFO> Reloading channel peer491.ipv4 for import
bird: 2026-07-27 20:01:54.103 [0000] <DBG> peer491.ipv4: reloading
bird: 2026-07-27 20:01:54.103 [0000] <INFO> Reloading channel peer491.ipv4 for export
bird: 2026-07-27 20:01:54.103 [0000] <INFO> Reloading channel peer492.ipv4 for import
bird: 2026-07-27 20:01:54.103 [0000] <DBG> peer492.ipv4: reloading
bird: 2026-07-27 20:01:54.103 [0000] <INFO> Reloading channel peer492.ipv4 for export
bird: 2026-07-27 20:01:54.103 [0000] <INFO> Reloading channel peer493.ipv4 for import
bird: 2026-07-27 20:01:54.103 [0000] <DBG> peer493.ipv4: reloading
bird: 2026-07-27 20:01:54.103 [0000] <INFO> Reloading channel peer493.ipv4 for export
bird: 2026-07-27 20:01:54.103 [0000] <INFO> Reloading channel peer494.ipv4 for import
bird: 2026-07-27 20:01:54.103 [0000] <DBG> peer494.ipv4: reloading
bird: 2026-07-27 20:01:54.103 [0000] <INFO> Reloading channel peer494.ipv4 for export
bird: 2026-07-27 20:01:54.103 [0000] <INFO> Reloading channel peer495.ipv4 for import
bird: 2026-07-27 20:01:54.103 [0000] <DBG> peer495.ipv4: reloading
bird: 2026-07-27 20:01:54.103 [0000] <INFO> Reloading channel peer495.ipv4 for export
bird: 2026-07-27 20:01:54.103 [0000] <INFO> Reloading channel peer496.ipv4 for import
bird: 2026-07-27 20:01:54.103 [0000] <DBG> peer496.ipv4: reloading
bird: 2026-07-27 20:01:54.103 [0000] <INFO> Reloading channel peer496.ipv4 for export
bird: 2026-07-27 20:01:54.103 [0000] <INFO> Reloading channel peer497.ipv4 for import
bird: 2026-07-27 20:01:54.103 [0000] <DBG> peer497.ipv4: reloading
bird: 2026-07-27 20:01:54.103 [0000] <INFO> Reloading channel peer497.ipv4 for export
bird: 2026-07-27 20:01:54.103 [0000] <INFO> Reloading channel peer498.ipv4 for import
bird: 2026-07-27 20:01:54.103 [0000] <DBG> peer498.ipv4: reloading
bird: 2026-07-27 20:01:54.103 [0000] <INFO> Reloading channel peer498.ipv4 for export
bird: 2026-07-27 20:01:54.103 [0000] <INFO> Reloading channel peer499.ipv4 for import
bird: 2026-07-27 20:01:54.103 [0000] <DBG> peer499.ipv4: reloading
bird: 2026-07-27 20:01:54.103 [0000] <INFO> Reloading channel peer499.ipv4 for export
bird: 2026-07-27 20:01:54.103 [0000] <INFO> Reloading channel peer500.ipv4 for import
bird: 2026-07-27 20:01:54.103 [0000] <DBG> peer500.ipv4: reloading
bird: 2026-07-27 20:01:54.103 [0000] <INFO> Reloading channel peer500.ipv4 for export
bird: 2026-07-27 20:01:54.103 [0000] <INFO> Reloading channel peer501.ipv4 for import
bird: 2026-07-27 20:01:54.103 [0000] <DBG> peer501.ipv4: reloading
bird: 2026-07-27 20:01:54.103 [0000] <INFO> Reloading channel peer501.ipv4 for export
bird: 2026-07-27 20:01:54.103 [0000] <INFO> Reloading channel peer502.ipv4 for import
bird: 2026-07-27 20:01:54.103 [0000] <DBG> peer502.ipv4: reloading
bird: 2026-07-27 20:01:54.103 [0000] <INFO> Reloading channel peer502.ipv4 for export
bird: 2026-07-27 20:01:54.103 [0000] <INFO> Reloading channel peer503.ipv4 for import
bird: 2026-07-27 20:01:54.103 [0000] <DBG> peer503.ipv4: reloading
bird: 2026-07-27 20:01:54.103 [0000] <INFO> Reloading channel peer503.ipv4 for export
bird: 2026-07-27 20:01:54.103 [0000] <INFO> Reloading channel peer504.ipv4 for import
bird: 2026-07-27 20:01:54.103 [0000] <DBG> peer504.ipv4: reloading
bird: 2026-07-27 20:01:54.103 [0000] <INFO> Reloading channel peer504.ipv4 for export
bird: 2026-07-27 20:01:54.103 [0000] <INFO> Reloading channel peer505.ipv4 for import
bird: 2026-07-27 20:01:54.103 [0000] <DBG> peer505.ipv4: reloading
bird: 2026-07-27 20:01:54.103 [0000] <INFO> Reloading channel peer505.ipv4 for export
bird: 2026-07-27 20:01:54.103 [0000] <INFO> Reloading channel peer506.ipv4 for import
bird: 2026-07-27 20:01:54.103 [0000] <DBG> peer506.ipv4: reloading
bird: 2026-07-27 20:01:54.103 [0000] <INFO> Reloading channel peer506.ipv4 for export
bird: 2026-07-27 20:01:54.103 [0000] <INFO> Reloading channel peer507.ipv4 for import
bird: 2026-07-27 20:01:54.103 [0000] <DBG> peer507.ipv4: reloading
bird: 2026-07-27 20:01:54.103 [0000] <INFO> Reloading channel peer507.ipv4 for export
bird: 2026-07-27 20:01:54.103 [0000] <INFO> Reloading channel peer508.ipv4 for import
bird: 2026-07-27 20:01:54.103 [0000] <DBG> peer508.ipv4: reloading
bird: 2026-07-27 20:01:54.103 [0000] <INFO> Reloading channel peer508.ipv4 for export
bird: 2026-07-27 20:01:54.103 [0000] <INFO> Reloading channel peer509.ipv4 for import
bird: 2026-07-27 20:01:54.103 [0000] <DBG> peer509.ipv4: reloading
bird: 2026-07-27 20:01:54.103 [0000] <INFO> Reloading channel peer509.ipv4 for export
bird: 2026-07-27 20:01:54.103 [0000] <INFO> Reloading channel peer510.ipv4 for import
bird: 2026-07-27 20:01:54.103 [0000] <DBG> peer510.ipv4: reloading
bird: 2026-07-27 20:01:54.103 [0000] <INFO> Reloading channel peer510.ipv4 for export
bird: 2026-07-27 20:01:54.103 [0000] <INFO> Reloading channel peer511.ipv4 for import
bird: 2026-07-27 20:01:54.103 [0000] <DBG> peer511.ipv4: reloading
bird: 2026-07-27 20:01:54.103 [0000] <INFO> Reloading channel peer511.ipv4 for export
bird: 2026-07-27 20:01:54.103 [0000] <INFO> Reloading channel peer512.ipv4 for import
bird: 2026-07-27 20:01:54.103 [0000] <DBG> peer512.ipv4: reloading
bird: 2026-07-27 20:01:54.103 [0000] <INFO> Reloading channel peer512.ipv4 for export
bird: 2026-07-27 20:01:54.103 [0000] <INFO> Reloading channel peer513.ipv4 for import
bird: 2026-07-27 20:01:54.103 [0000] <DBG> peer513.ipv4: reloading
bird: 2026-07-27 20:01:54.103 [0000] <INFO> Reloading channel peer513.ipv4 for export
bird: 2026-07-27 20:01:54.103 [0000] <INFO> Reloading channel peer514.ipv4 for import
bird: 2026-07-27 20:01:54.103 [0000] <DBG> peer514.ipv4: reloading
bird: 2026-07-27 20:01:54.103 [0000] <INFO> Reloading channel peer514.ipv4 for export
bird: 2026-07-27 20:01:54.103 [0000] <INFO> Reloading channel peer515.ipv4 for import
bird: 2026-07-27 20:01:54.103 [0000] <DBG> peer515.ipv4: reloading
bird: 2026-07-27 20:01:54.103 [0000] <INFO> Reloading channel peer515.ipv4 for export
bird: 2026-07-27 20:01:54.103 [0000] <INFO> Reloading channel peer516.ipv4 for import
bird: 2026-07-27 20:01:54.103 [0000] <DBG> peer516.ipv4: reloading
bird: 2026-07-27 20:01:54.103 [0000] <INFO> Reloading channel peer516.ipv4 for export
bird: 2026-07-27 20:01:54.103 [0000] <INFO> Reloading channel peer517.ipv4 for import
bird: 2026-07-27 20:01:54.103 [0000] <DBG> peer517.ipv4: reloading
bird: 2026-07-27 20:01:54.103 [0000] <INFO> Reloading channel peer517.ipv4 for export
bird: 2026-07-27 20:01:54.103 [0000] <INFO> Reloading channel peer518.ipv4 for import
bird: 2026-07-27 20:01:54.103 [0000] <DBG> peer518.ipv4: reloading
bird: 2026-07-27 20:01:54.103 [0000] <INFO> Reloading channel peer518.ipv4 for export
bird: 2026-07-27 20:01:54.103 [0000] <INFO> Reloading channel peer519.ipv4 for import
bird: 2026-07-27 20:01:54.103 [0000] <DBG> peer519.ipv4: reloading
bird: 2026-07-27 20:01:54.103 [0000] <INFO> Reloading channel peer519.ipv4 for export
bird: 2026-07-27 20:01:54.103 [0000] <INFO> Reloading channel peer520.ipv4 for import
bird: 2026-07-27 20:01:54.103 [0000] <DBG> peer520.ipv4: reloading
bird: 2026-07-27 20:01:54.103 [0000] <INFO> Reloading channel peer520.ipv4 for export
bird: 2026-07-27 20:01:54.103 [0000] <INFO> Reloading channel peer521.ipv4 for import
bird: 2026-07-27 20:01:54.103 [0000] <DBG> peer521.ipv4: reloading
bird: 2026-07-27 20:01:54.103 [0000] <INFO> Reloading channel peer521.ipv4 for export
bird: 2026-07-27 20:01:54.103 [0000] <INFO> Reloading channel peer522.ipv4 for import
bird: 2026-07-27 20:01:54.103 [0000] <DBG> peer522.ipv4: reloading
bird: 2026-07-27 20:01:54.103 [0000] <INFO> Reloading channel peer522.ipv4 for export
bird: 2026-07-27 20:01:54.103 [0000] <INFO> Reloading channel peer523.ipv4 for import
bird: 2026-07-27 20:01:54.103 [0000] <DBG> peer523.ipv4: reloading
bird: 2026-07-27 20:01:54.103 [0000] <INFO> Reloading channel peer523.ipv4 for export
bird: 2026-07-27 20:01:54.103 [0000] <INFO> Reloading channel peer524.ipv4 for import
bird: 2026-07-27 20:01:54.103 [0000] <DBG> peer524.ipv4: reloading
bird: 2026-07-27 20:01:54.103 [0000] <INFO> Reloading channel peer524.ipv4 for export
bird: 2026-07-27 20:01:54.103 [0000] <INFO> Reloading channel peer525.ipv4 for import
bird: 2026-07-27 20:01:54.103 [0000] <DBG> peer525.ipv4: reloading
bird: 2026-07-27 20:01:54.103 [0000] <INFO> Reloading channel peer525.ipv4 for export
bird: 2026-07-27 20:01:54.103 [0000] <INFO> Reloading channel peer526.ipv4 for import
bird: 2026-07-27 20:01:54.103 [0000] <DBG> peer526.ipv4: reloading
bird: 2026-07-27 20:01:54.103 [0000] <INFO> Reloading channel peer526.ipv4 for export
bird: 2026-07-27 20:01:54.103 [0000] <INFO> Reloading channel peer527.ipv4 for import
bird: 2026-07-27 20:01:54.103 [0000] <DBG> peer527.ipv4: reloading
bird: 2026-07-27 20:01:54.103 [0000] <INFO> Reloading channel peer527.ipv4 for export
bird: 2026-07-27 20:01:54.103 [0000] <INFO> Reloading channel peer528.ipv4 for import
bird: 2026-07-27 20:01:54.103 [0000] <DBG> peer528.ipv4: reloading
bird: 2026-07-27 20:01:54.103 [0000] <INFO> Reloading channel peer528.ipv4 for export
bird: 2026-07-27 20:01:54.103 [0000] <INFO> Reloading channel peer529.ipv4 for import
bird: 2026-07-27 20:01:54.103 [0000] <DBG> peer529.ipv4: reloading
bird: 2026-07-27 20:01:54.103 [0000] <INFO> Reloading channel peer529.ipv4 for export
bird: 2026-07-27 20:01:54.103 [0000] <INFO> Reloading channel peer530.ipv4 for import
bird: 2026-07-27 20:01:54.103 [0000] <DBG> peer530.ipv4: reloading
bird: 2026-07-27 20:01:54.103 [0000] <INFO> Reloading channel peer530.ipv4 for export
bird: 2026-07-27 20:01:54.103 [0000] <INFO> Reloading channel peer531.ipv4 for import
bird: 2026-07-27 20:01:54.103 [0000] <DBG> peer531.ipv4: reloading
bird: 2026-07-27 20:01:54.103 [0000] <INFO> Reloading channel peer531.ipv4 for export
bird: 2026-07-27 20:01:54.103 [0000] <INFO> Reloading channel peer532.ipv4 for import
bird: 2026-07-27 20:01:54.103 [0000] <DBG> peer532.ipv4: reloading
bird: 2026-07-27 20:01:54.103 [0000] <INFO> Reloading channel peer532.ipv4 for export
bird: 2026-07-27 20:01:54.103 [0000] <INFO> Reloading channel peer533.ipv4 for import
bird: 2026-07-27 20:01:54.103 [0000] <DBG> peer533.ipv4: reloading
bird: 2026-07-27 20:01:54.103 [0000] <INFO> Reloading channel peer533.ipv4 for export
bird: 2026-07-27 20:01:54.103 [0000] <INFO> Reloading channel peer534.ipv4 for import
bird: 2026-07-27 20:01:54.103 [0000] <DBG> peer534.ipv4: reloading
bird: 2026-07-27 20:01:54.103 [0000] <INFO> Reloading channel peer534.ipv4 for export
bird: 2026-07-27 20:01:54.103 [0000] <INFO> Reloading channel peer535.ipv4 for import
bird: 2026-07-27 20:01:54.103 [0000] <DBG> peer535.ipv4: reloading
bird: 2026-07-27 20:01:54.103 [0000] <INFO> Reloading channel peer535.ipv4 for export
bird: 2026-07-27 20:01:54.103 [0000] <INFO> Reloading channel peer536.ipv4 for import
bird: 2026-07-27 20:01:54.103 [0000] <DBG> peer536.ipv4: reloading
bird: 2026-07-27 20:01:54.103 [0000] <INFO> Reloading channel peer536.ipv4 for export
bird: 2026-07-27 20:01:54.103 [0000] <INFO> Reloading channel peer537.ipv4 for import
bird: 2026-07-27 20:01:54.103 [0000] <DBG> peer537.ipv4: reloading
bird: 2026-07-27 20:01:54.103 [0000] <INFO> Reloading channel peer537.ipv4 for export
bird: 2026-07-27 20:01:54.103 [0000] <INFO> Reloading channel peer538.ipv4 for import
bird: 2026-07-27 20:01:54.103 [0000] <DBG> peer538.ipv4: reloading
bird: 2026-07-27 20:01:54.103 [0000] <INFO> Reloading channel peer538.ipv4 for export
bird: 2026-07-27 20:01:54.103 [0000] <INFO> Reloading channel peer539.ipv4 for import
bird: 2026-07-27 20:01:54.103 [0000] <DBG> peer539.ipv4: reloading
bird: 2026-07-27 20:01:54.103 [0000] <INFO> Reloading channel peer539.ipv4 for export
bird: 2026-07-27 20:01:54.103 [0000] <INFO> Reloading channel peer540.ipv4 for import
bird: 2026-07-27 20:01:54.103 [0000] <DBG> peer540.ipv4: reloading
bird: 2026-07-27 20:01:54.103 [0000] <INFO> Reloading channel peer540.ipv4 for export
bird: 2026-07-27 20:01:54.103 [0000] <INFO> Reloading channel peer541.ipv4 for import
bird: 2026-07-27 20:01:54.103 [0000] <DBG> peer541.ipv4: reloading
bird: 2026-07-27 20:01:54.103 [0000] <INFO> Reloading channel peer541.ipv4 for export
bird: 2026-07-27 20:01:54.103 [0000] <INFO> Reloading channel peer542.ipv4 for import
bird: 2026-07-27 20:01:54.103 [0000] <DBG> peer542.ipv4: reloading
bird: 2026-07-27 20:01:54.103 [0000] <INFO> Reloading channel peer542.ipv4 for export
bird: 2026-07-27 20:01:54.103 [0000] <INFO> Reloading channel peer543.ipv4 for import
bird: 2026-07-27 20:01:54.103 [0000] <DBG> peer543.ipv4: reloading
bird: 2026-07-27 20:01:54.103 [0000] <INFO> Reloading channel peer543.ipv4 for export
bird: 2026-07-27 20:01:54.103 [0000] <INFO> Reloading channel peer544.ipv4 for import
bird: 2026-07-27 20:01:54.103 [0000] <DBG> peer544.ipv4: reloading
bird: 2026-07-27 20:01:54.103 [0000] <INFO> Reloading channel peer544.ipv4 for export
bird: 2026-07-27 20:01:54.103 [0000] <INFO> Reloading channel peer545.ipv4 for import
bird: 2026-07-27 20:01:54.103 [0000] <DBG> peer545.ipv4: reloading
bird: 2026-07-27 20:01:54.103 [0000] <INFO> Reloading channel peer545.ipv4 for export
bird: 2026-07-27 20:01:54.103 [0000] <INFO> Reloading channel peer546.ipv4 for import
bird: 2026-07-27 20:01:54.103 [0000] <DBG> peer546.ipv4: reloading
bird: 2026-07-27 20:01:54.103 [0000] <INFO> Reloading channel peer546.ipv4 for export
bird: 2026-07-27 20:01:54.103 [0000] <INFO> Reloading channel peer547.ipv4 for import
bird: 2026-07-27 20:01:54.103 [0000] <DBG> peer547.ipv4: reloading
bird: 2026-07-27 20:01:54.103 [0000] <INFO> Reloading channel peer547.ipv4 for export
bird: 2026-07-27 20:01:54.103 [0000] <INFO> Reloading channel peer548.ipv4 for import
bird: 2026-07-27 20:01:54.103 [0000] <DBG> peer548.ipv4: reloading
bird: 2026-07-27 20:01:54.103 [0000] <INFO> Reloading channel peer548.ipv4 for export
bird: 2026-07-27 20:01:54.103 [0000] <INFO> Reloading channel peer549.ipv4 for import
bird: 2026-07-27 20:01:54.103 [0000] <DBG> peer549.ipv4: reloading
bird: 2026-07-27 20:01:54.103 [0000] <INFO> Reloading channel peer549.ipv4 for export
bird: 2026-07-27 20:01:54.103 [0000] <INFO> Reloading channel peer550.ipv4 for import
bird: 2026-07-27 20:01:54.103 [0000] <DBG> peer550.ipv4: reloading
bird: 2026-07-27 20:01:54.103 [0000] <INFO> Reloading channel peer550.ipv4 for export
bird: 2026-07-27 20:01:54.103 [0000] <INFO> Reloading channel peer551.ipv4 for import
bird: 2026-07-27 20:01:54.103 [0000] <DBG> peer551.ipv4: reloading
bird: 2026-07-27 20:01:54.103 [0000] <INFO> Reloading channel peer551.ipv4 for export
bird: 2026-07-27 20:01:54.103 [0000] <INFO> Reloading channel peer552.ipv4 for import
bird: 2026-07-27 20:01:54.103 [0000] <DBG> peer552.ipv4: reloading
bird: 2026-07-27 20:01:54.103 [0000] <INFO> Reloading channel peer552.ipv4 for export
bird: 2026-07-27 20:01:54.103 [0000] <INFO> Reloading channel peer553.ipv4 for import
bird: 2026-07-27 20:01:54.103 [0000] <DBG> peer553.ipv4: reloading
bird: 2026-07-27 20:01:54.103 [0000] <INFO> Reloading channel peer553.ipv4 for export
bird: 2026-07-27 20:01:54.103 [0000] <INFO> Reloading channel peer554.ipv4 for import
bird: 2026-07-27 20:01:54.103 [0000] <DBG> peer554.ipv4: reloading
bird: 2026-07-27 20:01:54.113 [0000] <INFO> Reloading channel peer554.ipv4 for export
bird: 2026-07-27 20:01:54.113 [0000] <INFO> Reloading channel peer555.ipv4 for import
bird: 2026-07-27 20:01:54.113 [0000] <DBG> peer555.ipv4: reloading
bird: 2026-07-27 20:01:54.113 [0000] <INFO> Reloading channel peer555.ipv4 for export
bird: 2026-07-27 20:01:54.113 [0000] <INFO> Reloading channel peer556.ipv4 for import
bird: 2026-07-27 20:01:54.113 [0000] <DBG> peer556.ipv4: reloading
bird: 2026-07-27 20:01:54.113 [0000] <INFO> Reloading channel peer556.ipv4 for export
bird: 2026-07-27 20:01:54.113 [0000] <INFO> Reloading channel peer557.ipv4 for import
bird: 2026-07-27 20:01:54.113 [0000] <DBG> peer557.ipv4: reloading
bird: 2026-07-27 20:01:54.113 [0000] <INFO> Reloading channel peer557.ipv4 for export
bird: 2026-07-27 20:01:54.113 [0000] <INFO> Reloading channel peer558.ipv4 for import
bird: 2026-07-27 20:01:54.113 [0000] <DBG> peer558.ipv4: reloading
bird: 2026-07-27 20:01:54.113 [0000] <INFO> Reloading channel peer558.ipv4 for export
bird: 2026-07-27 20:01:54.113 [0000] <INFO> Reloading channel peer559.ipv4 for import
bird: 2026-07-27 20:01:54.113 [0000] <DBG> peer559.ipv4: reloading
bird: 2026-07-27 20:01:54.113 [0000] <INFO> Reloading channel peer559.ipv4 for export
bird: 2026-07-27 20:01:54.113 [0000] <INFO> Reloading channel peer560.ipv4 for import
bird: 2026-07-27 20:01:54.113 [0000] <DBG> peer560.ipv4: reloading
bird: 2026-07-27 20:01:54.113 [0000] <INFO> Reloading channel peer560.ipv4 for export
bird: 2026-07-27 20:01:54.113 [0000] <INFO> Reloading channel peer561.ipv4 for import
bird: 2026-07-27 20:01:54.113 [0000] <DBG> peer561.ipv4: reloading
bird: 2026-07-27 20:01:54.113 [0000] <INFO> Reloading channel peer561.ipv4 for export
bird: 2026-07-27 20:01:54.113 [0000] <INFO> Reloading channel peer562.ipv4 for import
bird: 2026-07-27 20:01:54.113 [0000] <DBG> peer562.ipv4: reloading
bird: 2026-07-27 20:01:54.113 [0000] <INFO> Reloading channel peer562.ipv4 for export
bird: 2026-07-27 20:01:54.113 [0000] <INFO> Reloading channel peer563.ipv4 for import
bird: 2026-07-27 20:01:54.113 [0000] <DBG> peer563.ipv4: reloading
bird: 2026-07-27 20:01:54.113 [0000] <INFO> Reloading channel peer563.ipv4 for export
bird: 2026-07-27 20:01:54.113 [0000] <INFO> Reloading channel peer564.ipv4 for import
bird: 2026-07-27 20:01:54.113 [0000] <DBG> peer564.ipv4: reloading
bird: 2026-07-27 20:01:54.113 [0000] <INFO> Reloading channel peer564.ipv4 for export
bird: 2026-07-27 20:01:54.113 [0000] <INFO> Reloading channel peer565.ipv4 for import
bird: 2026-07-27 20:01:54.113 [0000] <DBG> peer565.ipv4: reloading
bird: 2026-07-27 20:01:54.113 [0000] <INFO> Reloading channel peer565.ipv4 for export
bird: 2026-07-27 20:01:54.113 [0000] <INFO> Reloading channel peer566.ipv4 for import
bird: 2026-07-27 20:01:54.113 [0000] <DBG> peer566.ipv4: reloading
bird: 2026-07-27 20:01:54.113 [0000] <INFO> Reloading channel peer566.ipv4 for export
bird: 2026-07-27 20:01:54.113 [0000] <INFO> Reloading channel peer567.ipv4 for import
bird: 2026-07-27 20:01:54.113 [0000] <DBG> peer567.ipv4: reloading
bird: 2026-07-27 20:01:54.113 [0000] <INFO> Reloading channel peer567.ipv4 for export
bird: 2026-07-27 20:01:54.113 [0000] <INFO> Reloading channel peer568.ipv4 for import
bird: 2026-07-27 20:01:54.113 [0000] <DBG> peer568.ipv4: reloading
bird: 2026-07-27 20:01:54.113 [0000] <INFO> Reloading channel peer568.ipv4 for export
bird: 2026-07-27 20:01:54.113 [0000] <INFO> Reloading channel peer569.ipv4 for import
bird: 2026-07-27 20:01:54.113 [0000] <DBG> peer569.ipv4: reloading
bird: 2026-07-27 20:01:54.113 [0000] <INFO> Reloading channel peer569.ipv4 for export
bird: 2026-07-27 20:01:54.113 [0000] <INFO> Reloading channel peer570.ipv4 for import
bird: 2026-07-27 20:01:54.113 [0000] <DBG> peer570.ipv4: reloading
bird: 2026-07-27 20:01:54.113 [0000] <INFO> Reloading channel peer570.ipv4 for export
bird: 2026-07-27 20:01:54.113 [0000] <INFO> Reloading channel peer571.ipv4 for import
bird: 2026-07-27 20:01:54.113 [0000] <DBG> peer571.ipv4: reloading
bird: 2026-07-27 20:01:54.113 [0000] <INFO> Reloading channel peer571.ipv4 for export
bird: 2026-07-27 20:01:54.113 [0000] <INFO> Reloading channel peer572.ipv4 for import
bird: 2026-07-27 20:01:54.113 [0000] <DBG> peer572.ipv4: reloading
bird: 2026-07-27 20:01:54.113 [0000] <INFO> Reloading channel peer572.ipv4 for export
bird: 2026-07-27 20:01:54.113 [0000] <INFO> Reloading channel peer573.ipv4 for import
bird: 2026-07-27 20:01:54.113 [0000] <DBG> peer573.ipv4: reloading
bird: 2026-07-27 20:01:54.113 [0000] <INFO> Reloading channel peer573.ipv4 for export
bird: 2026-07-27 20:01:54.113 [0000] <INFO> Reloading channel peer574.ipv4 for import
bird: 2026-07-27 20:01:54.113 [0000] <DBG> peer574.ipv4: reloading
bird: 2026-07-27 20:01:54.113 [0000] <INFO> Reloading channel peer574.ipv4 for export
bird: 2026-07-27 20:01:54.113 [0000] <INFO> Reloading channel peer575.ipv4 for import
bird: 2026-07-27 20:01:54.113 [0000] <DBG> peer575.ipv4: reloading
bird: 2026-07-27 20:01:54.113 [0000] <INFO> Reloading channel peer575.ipv4 for export
bird: 2026-07-27 20:01:54.113 [0000] <INFO> Reloading channel peer576.ipv4 for import
bird: 2026-07-27 20:01:54.113 [0000] <DBG> peer576.ipv4: reloading
bird: 2026-07-27 20:01:54.113 [0000] <INFO> Reloading channel peer576.ipv4 for export
bird: 2026-07-27 20:01:54.113 [0000] <INFO> Reloading channel peer577.ipv4 for import
bird: 2026-07-27 20:01:54.113 [0000] <DBG> peer577.ipv4: reloading
bird: 2026-07-27 20:01:54.113 [0000] <INFO> Reloading channel peer577.ipv4 for export
bird: 2026-07-27 20:01:54.113 [0000] <INFO> Reloading channel peer578.ipv4 for import
bird: 2026-07-27 20:01:54.113 [0000] <DBG> peer578.ipv4: reloading
bird: 2026-07-27 20:01:54.113 [0000] <INFO> Reloading channel peer578.ipv4 for export
bird: 2026-07-27 20:01:54.113 [0000] <INFO> Reloading channel peer579.ipv4 for import
bird: 2026-07-27 20:01:54.113 [0000] <DBG> peer579.ipv4: reloading
bird: 2026-07-27 20:01:54.113 [0000] <INFO> Reloading channel peer579.ipv4 for export
bird: 2026-07-27 20:01:54.113 [0000] <INFO> Reloading channel peer580.ipv4 for import
bird: 2026-07-27 20:01:54.113 [0000] <DBG> peer580.ipv4: reloading
bird: 2026-07-27 20:01:54.113 [0000] <INFO> Reloading channel peer580.ipv4 for export
bird: 2026-07-27 20:01:54.113 [0000] <INFO> Reloading channel peer581.ipv4 for import
bird: 2026-07-27 20:01:54.113 [0000] <DBG> peer581.ipv4: reloading
bird: 2026-07-27 20:01:54.113 [0000] <INFO> Reloading channel peer581.ipv4 for export
bird: 2026-07-27 20:01:54.113 [0000] <INFO> Reloading channel peer582.ipv4 for import
bird: 2026-07-27 20:01:54.113 [0000] <DBG> peer582.ipv4: reloading
bird: 2026-07-27 20:01:54.113 [0000] <INFO> Reloading channel peer582.ipv4 for export
bird: 2026-07-27 20:01:54.113 [0000] <INFO> Reloading channel peer583.ipv4 for import
bird: 2026-07-27 20:01:54.113 [0000] <DBG> peer583.ipv4: reloading
bird: 2026-07-27 20:01:54.113 [0000] <INFO> Reloading channel peer583.ipv4 for export
bird: 2026-07-27 20:01:54.113 [0000] <INFO> Reloading channel peer584.ipv4 for import
bird: 2026-07-27 20:01:54.113 [0000] <DBG> peer584.ipv4: reloading
bird: 2026-07-27 20:01:54.113 [0000] <INFO> Reloading channel peer584.ipv4 for export
bird: 2026-07-27 20:01:54.113 [0000] <INFO> Reloading channel peer585.ipv4 for import
bird: 2026-07-27 20:01:54.113 [0000] <DBG> peer585.ipv4: reloading
bird: 2026-07-27 20:01:54.113 [0000] <INFO> Reloading channel peer585.ipv4 for export
bird: 2026-07-27 20:01:54.113 [0000] <INFO> Reloading channel peer586.ipv4 for import
bird: 2026-07-27 20:01:54.113 [0000] <DBG> peer586.ipv4: reloading
bird: 2026-07-27 20:01:54.113 [0000] <INFO> Reloading channel peer586.ipv4 for export
bird: 2026-07-27 20:01:54.113 [0000] <INFO> Reloading channel peer587.ipv4 for import
bird: 2026-07-27 20:01:54.113 [0000] <DBG> peer587.ipv4: reloading
bird: 2026-07-27 20:01:54.113 [0000] <INFO> Reloading channel peer587.ipv4 for export
bird: 2026-07-27 20:01:54.113 [0000] <INFO> Reloading channel peer588.ipv4 for import
bird: 2026-07-27 20:01:54.113 [0000] <DBG> peer588.ipv4: reloading
bird: 2026-07-27 20:01:54.113 [0000] <INFO> Reloading channel peer588.ipv4 for export
bird: 2026-07-27 20:01:54.113 [0000] <INFO> Reloading channel peer589.ipv4 for import
bird: 2026-07-27 20:01:54.113 [0000] <DBG> peer589.ipv4: reloading
bird: 2026-07-27 20:01:54.113 [0000] <INFO> Reloading channel peer589.ipv4 for export
bird: 2026-07-27 20:01:54.113 [0000] <INFO> Reloading channel peer590.ipv4 for import
bird: 2026-07-27 20:01:54.113 [0000] <DBG> peer590.ipv4: reloading
bird: 2026-07-27 20:01:54.113 [0000] <INFO> Reloading channel peer590.ipv4 for export
bird: 2026-07-27 20:01:54.113 [0000] <INFO> Reloading channel peer591.ipv4 for import
bird: 2026-07-27 20:01:54.113 [0000] <DBG> peer591.ipv4: reloading
bird: 2026-07-27 20:01:54.113 [0000] <INFO> Reloading channel peer591.ipv4 for export
bird: 2026-07-27 20:01:54.113 [0000] <INFO> Reloading channel peer592.ipv4 for import
bird: 2026-07-27 20:01:54.113 [0000] <DBG> peer592.ipv4: reloading
bird: 2026-07-27 20:01:54.113 [0000] <INFO> Reloading channel peer592.ipv4 for export
bird: 2026-07-27 20:01:54.113 [0000] <INFO> Reloading channel peer593.ipv4 for import
bird: 2026-07-27 20:01:54.113 [0000] <DBG> peer593.ipv4: reloading
bird: 2026-07-27 20:01:54.113 [0000] <INFO> Reloading channel peer593.ipv4 for export
bird: 2026-07-27 20:01:54.113 [0000] <INFO> Reloading channel peer594.ipv4 for import
bird: 2026-07-27 20:01:54.113 [0000] <DBG> peer594.ipv4: reloading
bird: 2026-07-27 20:01:54.113 [0000] <INFO> Reloading channel peer594.ipv4 for export
bird: 2026-07-27 20:01:54.113 [0000] <INFO> Reloading channel peer595.ipv4 for import
bird: 2026-07-27 20:01:54.113 [0000] <DBG> peer595.ipv4: reloading
bird: 2026-07-27 20:01:54.113 [0000] <INFO> Reloading channel peer595.ipv4 for export
bird: 2026-07-27 20:01:54.113 [0000] <INFO> Reloading channel peer596.ipv4 for import
bird: 2026-07-27 20:01:54.113 [0000] <DBG> peer596.ipv4: reloading
bird: 2026-07-27 20:01:54.113 [0000] <INFO> Reloading channel peer596.ipv4 for export
bird: 2026-07-27 20:01:54.113 [0000] <INFO> Reloading channel peer597.ipv4 for import
bird: 2026-07-27 20:01:54.113 [0000] <DBG> peer597.ipv4: reloading
bird: 2026-07-27 20:01:54.113 [0000] <INFO> Reloading channel peer597.ipv4 for export
bird: 2026-07-27 20:01:54.113 [0000] <INFO> Reloading channel peer598.ipv4 for import
bird: 2026-07-27 20:01:54.113 [0000] <DBG> peer598.ipv4: reloading
bird: 2026-07-27 20:01:54.113 [0000] <INFO> Reloading channel peer598.ipv4 for export
bird: 2026-07-27 20:01:54.113 [0000] <INFO> Reloading channel peer599.ipv4 for import
bird: 2026-07-27 20:01:54.113 [0000] <DBG> peer599.ipv4: reloading
bird: 2026-07-27 20:01:54.113 [0000] <INFO> Reloading channel peer599.ipv4 for export
bird: 2026-07-27 20:01:54.113 [0000] <INFO> Reloading channel peer600.ipv4 for import
bird: 2026-07-27 20:01:54.113 [0000] <DBG> peer600.ipv4: reloading
bird: 2026-07-27 20:01:54.113 [0000] <INFO> Reloading channel peer600.ipv4 for export
bird: 2026-07-27 20:01:54.113 [0000] <INFO> Reloading channel peer601.ipv4 for import
bird: 2026-07-27 20:01:54.113 [0000] <DBG> peer601.ipv4: reloading
bird: 2026-07-27 20:01:54.113 [0000] <INFO> Reloading channel peer601.ipv4 for export
bird: 2026-07-27 20:01:54.113 [0000] <INFO> Reloading channel peer602.ipv4 for import
bird: 2026-07-27 20:01:54.113 [0000] <DBG> peer602.ipv4: reloading
bird: 2026-07-27 20:01:54.113 [0000] <INFO> Reloading channel peer602.ipv4 for export
bird: 2026-07-27 20:01:54.113 [0000] <INFO> Reloading channel peer603.ipv4 for import
bird: 2026-07-27 20:01:54.113 [0000] <DBG> peer603.ipv4: reloading
bird: 2026-07-27 20:01:54.113 [0000] <INFO> Reloading channel peer603.ipv4 for export
bird: 2026-07-27 20:01:54.113 [0000] <INFO> Reloading channel peer604.ipv4 for import
bird: 2026-07-27 20:01:54.113 [0000] <DBG> peer604.ipv4: reloading
bird: 2026-07-27 20:01:54.113 [0000] <INFO> Reloading channel peer604.ipv4 for export
bird: 2026-07-27 20:01:54.113 [0000] <INFO> Reloading channel peer605.ipv4 for import
bird: 2026-07-27 20:01:54.113 [0000] <DBG> peer605.ipv4: reloading
bird: 2026-07-27 20:01:54.113 [0000] <INFO> Reloading channel peer605.ipv4 for export
bird: 2026-07-27 20:01:54.113 [0000] <INFO> Reloading channel peer606.ipv4 for import
bird: 2026-07-27 20:01:54.113 [0000] <DBG> peer606.ipv4: reloading
bird: 2026-07-27 20:01:54.113 [0000] <INFO> Reloading channel peer606.ipv4 for export
bird: 2026-07-27 20:01:54.113 [0000] <INFO> Reloading channel peer607.ipv4 for import
bird: 2026-07-27 20:01:54.113 [0000] <DBG> peer607.ipv4: reloading
bird: 2026-07-27 20:01:54.113 [0000] <INFO> Reloading channel peer607.ipv4 for export
bird: 2026-07-27 20:01:54.113 [0000] <INFO> Reloading channel peer608.ipv4 for import
bird: 2026-07-27 20:01:54.113 [0000] <DBG> peer608.ipv4: reloading
bird: 2026-07-27 20:01:54.113 [0000] <INFO> Reloading channel peer608.ipv4 for export
bird: 2026-07-27 20:01:54.113 [0000] <INFO> Reloading channel peer609.ipv4 for import
bird: 2026-07-27 20:01:54.113 [0000] <DBG> peer609.ipv4: reloading
bird: 2026-07-27 20:01:54.113 [0000] <INFO> Reloading channel peer609.ipv4 for export
bird: 2026-07-27 20:01:54.113 [0000] <INFO> Reloading channel peer610.ipv4 for import
bird: 2026-07-27 20:01:54.113 [0000] <DBG> peer610.ipv4: reloading
bird: 2026-07-27 20:01:54.113 [0000] <INFO> Reloading channel peer610.ipv4 for export
bird: 2026-07-27 20:01:54.113 [0000] <INFO> Reloading channel peer611.ipv4 for import
bird: 2026-07-27 20:01:54.113 [0000] <DBG> peer611.ipv4: reloading
bird: 2026-07-27 20:01:54.113 [0000] <INFO> Reloading channel peer611.ipv4 for export
bird: 2026-07-27 20:01:54.113 [0000] <INFO> Reloading channel peer612.ipv4 for import
bird: 2026-07-27 20:01:54.113 [0000] <DBG> peer612.ipv4: reloading
bird: 2026-07-27 20:01:54.113 [0000] <INFO> Reloading channel peer612.ipv4 for export
bird: 2026-07-27 20:01:54.113 [0000] <INFO> Reloading channel peer613.ipv4 for import
bird: 2026-07-27 20:01:54.113 [0000] <DBG> peer613.ipv4: reloading
bird: 2026-07-27 20:01:54.113 [0000] <INFO> Reloading channel peer613.ipv4 for export
bird: 2026-07-27 20:01:54.113 [0000] <INFO> Reloading channel peer614.ipv4 for import
bird: 2026-07-27 20:01:54.113 [0000] <DBG> peer614.ipv4: reloading
bird: 2026-07-27 20:01:54.113 [0000] <INFO> Reloading channel peer614.ipv4 for export
bird: 2026-07-27 20:01:54.113 [0000] <INFO> Reloading channel peer615.ipv4 for import
bird: 2026-07-27 20:01:54.113 [0000] <DBG> peer615.ipv4: reloading
bird: 2026-07-27 20:01:54.113 [0000] <INFO> Reloading channel peer615.ipv4 for export
bird: 2026-07-27 20:01:54.113 [0000] <INFO> Reloading channel peer616.ipv4 for import
bird: 2026-07-27 20:01:54.113 [0000] <DBG> peer616.ipv4: reloading
bird: 2026-07-27 20:01:54.113 [0000] <INFO> Reloading channel peer616.ipv4 for export
bird: 2026-07-27 20:01:54.113 [0000] <INFO> Reloading channel peer617.ipv4 for import
bird: 2026-07-27 20:01:54.113 [0000] <DBG> peer617.ipv4: reloading
bird: 2026-07-27 20:01:54.113 [0000] <INFO> Reloading channel peer617.ipv4 for export
bird: 2026-07-27 20:01:54.113 [0000] <INFO> Reloading channel peer618.ipv4 for import
bird: 2026-07-27 20:01:54.113 [0000] <DBG> peer618.ipv4: reloading
bird: 2026-07-27 20:01:54.113 [0000] <INFO> Reloading channel peer618.ipv4 for export
bird: 2026-07-27 20:01:54.113 [0000] <INFO> Reloading channel peer619.ipv4 for import
bird: 2026-07-27 20:01:54.113 [0000] <DBG> peer619.ipv4: reloading
bird: 2026-07-27 20:01:54.113 [0000] <INFO> Reloading channel peer619.ipv4 for export
bird: 2026-07-27 20:01:54.113 [0000] <INFO> Reloading channel peer620.ipv4 for import
bird: 2026-07-27 20:01:54.113 [0000] <DBG> peer620.ipv4: reloading
bird: 2026-07-27 20:01:54.113 [0000] <INFO> Reloading channel peer620.ipv4 for export
bird: 2026-07-27 20:01:54.113 [0000] <INFO> Reloading channel peer621.ipv4 for import
bird: 2026-07-27 20:01:54.113 [0000] <DBG> peer621.ipv4: reloading
bird: 2026-07-27 20:01:54.113 [0000] <INFO> Reloading channel peer621.ipv4 for export
bird: 2026-07-27 20:01:54.113 [0000] <INFO> Reloading channel peer622.ipv4 for import
bird: 2026-07-27 20:01:54.113 [0000] <DBG> peer622.ipv4: reloading
bird: 2026-07-27 20:01:54.113 [0000] <INFO> Reloading channel peer622.ipv4 for export
bird: 2026-07-27 20:01:54.113 [0000] <INFO> Reloading channel peer623.ipv4 for import
bird: 2026-07-27 20:01:54.113 [0000] <DBG> peer623.ipv4: reloading
bird: 2026-07-27 20:01:54.113 [0000] <INFO> Reloading channel peer623.ipv4 for export
bird: 2026-07-27 20:01:54.113 [0000] <INFO> Reloading channel peer624.ipv4 for import
bird: 2026-07-27 20:01:54.113 [0000] <DBG> peer624.ipv4: reloading
bird: 2026-07-27 20:01:54.113 [0000] <INFO> Reloading channel peer624.ipv4 for export
bird: 2026-07-27 20:01:54.113 [0000] <INFO> Reloading channel peer625.ipv4 for import
bird: 2026-07-27 20:01:54.113 [0000] <DBG> peer625.ipv4: reloading
bird: 2026-07-27 20:01:54.113 [0000] <INFO> Reloading channel peer625.ipv4 for export
bird: 2026-07-27 20:01:54.113 [0000] <INFO> Reloading channel peer626.ipv4 for import
bird: 2026-07-27 20:01:54.113 [0000] <DBG> peer626.ipv4: reloading
bird: 2026-07-27 20:01:54.113 [0000] <INFO> Reloading channel peer626.ipv4 for export
bird: 2026-07-27 20:01:54.113 [0000] <INFO> Reloading channel peer627.ipv4 for import
bird: 2026-07-27 20:01:54.113 [0000] <DBG> peer627.ipv4: reloading
bird: 2026-07-27 20:01:54.113 [0000] <INFO> Reloading channel peer627.ipv4 for export
bird: 2026-07-27 20:01:54.113 [0000] <INFO> Reloading channel peer628.ipv4 for import
bird: 2026-07-27 20:01:54.113 [0000] <DBG> peer628.ipv4: reloading
bird: 2026-07-27 20:01:54.113 [0000] <INFO> Reloading channel peer628.ipv4 for export
bird: 2026-07-27 20:01:54.113 [0000] <INFO> Reloading channel peer629.ipv4 for import
bird: 2026-07-27 20:01:54.113 [0000] <DBG> peer629.ipv4: reloading
bird: 2026-07-27 20:01:54.113 [0000] <INFO> Reloading channel peer629.ipv4 for export
bird: 2026-07-27 20:01:54.113 [0000] <INFO> Reloading channel peer630.ipv4 for import
bird: 2026-07-27 20:01:54.113 [0000] <DBG> peer630.ipv4: reloading
bird: 2026-07-27 20:01:54.113 [0000] <INFO> Reloading channel peer630.ipv4 for export
bird: 2026-07-27 20:01:54.113 [0000] <INFO> Reloading channel peer631.ipv4 for import
bird: 2026-07-27 20:01:54.113 [0000] <DBG> peer631.ipv4: reloading
bird: 2026-07-27 20:01:54.113 [0000] <INFO> Reloading channel peer631.ipv4 for export
bird: 2026-07-27 20:01:54.113 [0000] <INFO> Reloading channel peer632.ipv4 for import
bird: 2026-07-27 20:01:54.113 [0000] <DBG> peer632.ipv4: reloading
bird: 2026-07-27 20:01:54.113 [0000] <INFO> Reloading channel peer632.ipv4 for export
bird: 2026-07-27 20:01:54.113 [0000] <INFO> Reloading channel peer633.ipv4 for import
bird: 2026-07-27 20:01:54.113 [0000] <DBG> peer633.ipv4: reloading
bird: 2026-07-27 20:01:54.113 [0000] <INFO> Reloading channel peer633.ipv4 for export
bird: 2026-07-27 20:01:54.113 [0000] <INFO> Reloading channel peer634.ipv4 for import
bird: 2026-07-27 20:01:54.113 [0000] <DBG> peer634.ipv4: reloading
bird: 2026-07-27 20:01:54.113 [0000] <INFO> Reloading channel peer634.ipv4 for export
bird: 2026-07-27 20:01:54.113 [0000] <INFO> Reloading channel peer635.ipv4 for import
bird: 2026-07-27 20:01:54.113 [0000] <DBG> peer635.ipv4: reloading
bird: 2026-07-27 20:01:54.113 [0000] <INFO> Reloading channel peer635.ipv4 for export
bird: 2026-07-27 20:01:54.113 [0000] <INFO> Reloading channel peer636.ipv4 for import
bird: 2026-07-27 20:01:54.113 [0000] <DBG> peer636.ipv4: reloading
bird: 2026-07-27 20:01:54.113 [0000] <INFO> Reloading channel peer636.ipv4 for export
bird: 2026-07-27 20:01:54.113 [0000] <INFO> Reloading channel peer637.ipv4 for import
bird: 2026-07-27 20:01:54.113 [0000] <DBG> peer637.ipv4: reloading
bird: 2026-07-27 20:01:54.113 [0000] <INFO> Reloading channel peer637.ipv4 for export
bird: 2026-07-27 20:01:54.113 [0000] <INFO> Reloading channel peer638.ipv4 for import
bird: 2026-07-27 20:01:54.113 [0000] <DBG> peer638.ipv4: reloading
bird: 2026-07-27 20:01:54.113 [0000] <INFO> Reloading channel peer638.ipv4 for export
bird: 2026-07-27 20:01:54.113 [0000] <INFO> Reloading channel peer639.ipv4 for import
bird: 2026-07-27 20:01:54.113 [0000] <DBG> peer639.ipv4: reloading
bird: 2026-07-27 20:01:54.113 [0000] <INFO> Reloading channel peer639.ipv4 for export
bird: 2026-07-27 20:01:54.113 [0000] <INFO> Reloading channel peer640.ipv4 for import
bird: 2026-07-27 20:01:54.113 [0000] <DBG> peer640.ipv4: reloading
bird: 2026-07-27 20:01:54.113 [0000] <INFO> Reloading channel peer640.ipv4 for export
bird: 2026-07-27 20:01:54.113 [0000] <INFO> Reloading channel peer641.ipv4 for import
bird: 2026-07-27 20:01:54.113 [0000] <DBG> peer641.ipv4: reloading
bird: 2026-07-27 20:01:54.113 [0000] <INFO> Reloading channel peer641.ipv4 for export
bird: 2026-07-27 20:01:54.113 [0000] <INFO> Reloading channel peer642.ipv4 for import
bird: 2026-07-27 20:01:54.113 [0000] <DBG> peer642.ipv4: reloading
bird: 2026-07-27 20:01:54.113 [0000] <INFO> Reloading channel peer642.ipv4 for export
bird: 2026-07-27 20:01:54.113 [0000] <INFO> Reloading channel peer643.ipv4 for import
bird: 2026-07-27 20:01:54.113 [0000] <DBG> peer643.ipv4: reloading
bird: 2026-07-27 20:01:54.113 [0000] <INFO> Reloading channel peer643.ipv4 for export
bird: 2026-07-27 20:01:54.113 [0000] <INFO> Reloading channel peer644.ipv4 for import
bird: 2026-07-27 20:01:54.113 [0000] <DBG> peer644.ipv4: reloading
bird: 2026-07-27 20:01:54.113 [0000] <INFO> Reloading channel peer644.ipv4 for export
bird: 2026-07-27 20:01:54.113 [0000] <INFO> Reloading channel peer645.ipv4 for import
bird: 2026-07-27 20:01:54.113 [0000] <DBG> peer645.ipv4: reloading
bird: 2026-07-27 20:01:54.113 [0000] <INFO> Reloading channel peer645.ipv4 for export
bird: 2026-07-27 20:01:54.113 [0000] <INFO> Reloading channel peer646.ipv4 for import
bird: 2026-07-27 20:01:54.113 [0000] <DBG> peer646.ipv4: reloading
bird: 2026-07-27 20:01:54.113 [0000] <INFO> Reloading channel peer646.ipv4 for export
bird: 2026-07-27 20:01:54.113 [0000] <INFO> Reloading channel peer647.ipv4 for import
bird: 2026-07-27 20:01:54.113 [0000] <DBG> peer647.ipv4: reloading
bird: 2026-07-27 20:01:54.113 [0000] <INFO> Reloading channel peer647.ipv4 for export
bird: 2026-07-27 20:01:54.113 [0000] <INFO> Reloading channel peer648.ipv4 for import
bird: 2026-07-27 20:01:54.113 [0000] <DBG> peer648.ipv4: reloading
bird: 2026-07-27 20:01:54.113 [0000] <INFO> Reloading channel peer648.ipv4 for export
bird: 2026-07-27 20:01:54.113 [0000] <INFO> Reloading channel peer649.ipv4 for import
bird: 2026-07-27 20:01:54.113 [0000] <DBG> peer649.ipv4: reloading
bird: 2026-07-27 20:01:54.113 [0000] <INFO> Reloading channel peer649.ipv4 for export
bird: 2026-07-27 20:01:54.113 [0000] <INFO> Reloading channel peer650.ipv4 for import
bird: 2026-07-27 20:01:54.113 [0000] <DBG> peer650.ipv4: reloading
bird: 2026-07-27 20:01:54.113 [0000] <INFO> Reloading channel peer650.ipv4 for export
bird: 2026-07-27 20:01:54.113 [0000] <INFO> Reloading channel peer651.ipv4 for import
bird: 2026-07-27 20:01:54.113 [0000] <DBG> peer651.ipv4: reloading
bird: 2026-07-27 20:01:54.113 [0000] <INFO> Reloading channel peer651.ipv4 for export
bird: 2026-07-27 20:01:54.113 [0000] <INFO> Reloading channel peer652.ipv4 for import
bird: 2026-07-27 20:01:54.113 [0000] <DBG> peer652.ipv4: reloading
bird: 2026-07-27 20:01:54.113 [0000] <INFO> Reloading channel peer652.ipv4 for export
bird: 2026-07-27 20:01:54.113 [0000] <INFO> Reloading channel peer653.ipv4 for import
bird: 2026-07-27 20:01:54.113 [0000] <DBG> peer653.ipv4: reloading
bird: 2026-07-27 20:01:54.113 [0000] <INFO> Reloading channel peer653.ipv4 for export
bird: 2026-07-27 20:01:54.113 [0000] <INFO> Reloading channel peer654.ipv4 for import
bird: 2026-07-27 20:01:54.113 [0000] <DBG> peer654.ipv4: reloading
bird: 2026-07-27 20:01:54.113 [0000] <INFO> Reloading channel peer654.ipv4 for export
bird: 2026-07-27 20:01:54.113 [0000] <INFO> Reloading channel peer655.ipv4 for import
bird: 2026-07-27 20:01:54.113 [0000] <DBG> peer655.ipv4: reloading
bird: 2026-07-27 20:01:54.113 [0000] <INFO> Reloading channel peer655.ipv4 for export
bird: 2026-07-27 20:01:54.113 [0000] <INFO> Reloading channel peer656.ipv4 for import
bird: 2026-07-27 20:01:54.113 [0000] <DBG> peer656.ipv4: reloading
bird: 2026-07-27 20:01:54.113 [0000] <INFO> Reloading channel peer656.ipv4 for export
bird: 2026-07-27 20:01:54.113 [0000] <INFO> Reloading channel peer657.ipv4 for import
bird: 2026-07-27 20:01:54.113 [0000] <DBG> peer657.ipv4: reloading
bird: 2026-07-27 20:01:54.113 [0000] <INFO> Reloading channel peer657.ipv4 for export
bird: 2026-07-27 20:01:54.113 [0000] <INFO> Reloading channel peer658.ipv4 for import
bird: 2026-07-27 20:01:54.113 [0000] <DBG> peer658.ipv4: reloading
bird: 2026-07-27 20:01:54.113 [0000] <INFO> Reloading channel peer658.ipv4 for export
bird: 2026-07-27 20:01:54.113 [0000] <INFO> Reloading channel peer659.ipv4 for import
bird: 2026-07-27 20:01:54.113 [0000] <DBG> peer659.ipv4: reloading
bird: 2026-07-27 20:01:54.113 [0000] <INFO> Reloading channel peer659.ipv4 for export
bird: 2026-07-27 20:01:54.113 [0000] <INFO> Reloading channel peer660.ipv4 for import
bird: 2026-07-27 20:01:54.113 [0000] <DBG> peer660.ipv4: reloading
bird: 2026-07-27 20:01:54.113 [0000] <INFO> Reloading channel peer660.ipv4 for export
bird: 2026-07-27 20:01:54.113 [0000] <INFO> Reloading channel peer661.ipv4 for import
bird: 2026-07-27 20:01:54.113 [0000] <DBG> peer661.ipv4: reloading
bird: 2026-07-27 20:01:54.113 [0000] <INFO> Reloading channel peer661.ipv4 for export
bird: 2026-07-27 20:01:54.113 [0000] <INFO> Reloading channel peer662.ipv4 for import
bird: 2026-07-27 20:01:54.113 [0000] <DBG> peer662.ipv4: reloading
bird: 2026-07-27 20:01:54.113 [0000] <INFO> Reloading channel peer662.ipv4 for export
bird: 2026-07-27 20:01:54.113 [0000] <INFO> Reloading channel peer663.ipv4 for import
bird: 2026-07-27 20:01:54.113 [0000] <DBG> peer663.ipv4: reloading
bird: 2026-07-27 20:01:54.113 [0000] <INFO> Reloading channel peer663.ipv4 for export
bird: 2026-07-27 20:01:54.113 [0000] <INFO> Reloading channel peer664.ipv4 for import
bird: 2026-07-27 20:01:54.113 [0000] <DBG> peer664.ipv4: reloading
bird: 2026-07-27 20:01:54.113 [0000] <INFO> Reloading channel peer664.ipv4 for export
bird: 2026-07-27 20:01:54.113 [0000] <INFO> Reloading channel peer665.ipv4 for import
bird: 2026-07-27 20:01:54.113 [0000] <DBG> peer665.ipv4: reloading
bird: 2026-07-27 20:01:54.113 [0000] <INFO> Reloading channel peer665.ipv4 for export
bird: 2026-07-27 20:01:54.113 [0000] <INFO> Reloading channel peer666.ipv4 for import
bird: 2026-07-27 20:01:54.113 [0000] <DBG> peer666.ipv4: reloading
bird: 2026-07-27 20:01:54.113 [0000] <INFO> Reloading channel peer666.ipv4 for export
bird: 2026-07-27 20:01:54.113 [0000] <INFO> Reloading channel peer667.ipv4 for import
bird: 2026-07-27 20:01:54.113 [0000] <DBG> peer667.ipv4: reloading
bird: 2026-07-27 20:01:54.113 [0000] <INFO> Reloading channel peer667.ipv4 for export
bird: 2026-07-27 20:01:54.113 [0000] <INFO> Reloading channel peer668.ipv4 for import
bird: 2026-07-27 20:01:54.113 [0000] <DBG> peer668.ipv4: reloading
bird: 2026-07-27 20:01:54.113 [0000] <INFO> Reloading channel peer668.ipv4 for export
bird: 2026-07-27 20:01:54.113 [0000] <INFO> Reloading channel peer669.ipv4 for import
bird: 2026-07-27 20:01:54.113 [0000] <DBG> peer669.ipv4: reloading
bird: 2026-07-27 20:01:54.113 [0000] <INFO> Reloading channel peer669.ipv4 for export
bird: 2026-07-27 20:01:54.113 [0000] <INFO> Reloading channel peer670.ipv4 for import
bird: 2026-07-27 20:01:54.113 [0000] <DBG> peer670.ipv4: reloading
bird: 2026-07-27 20:01:54.113 [0000] <INFO> Reloading channel peer670.ipv4 for export
bird: 2026-07-27 20:01:54.113 [0000] <INFO> Reloading channel peer671.ipv4 for import
bird: 2026-07-27 20:01:54.113 [0000] <DBG> peer671.ipv4: reloading
bird: 2026-07-27 20:01:54.113 [0000] <INFO> Reloading channel peer671.ipv4 for export
bird: 2026-07-27 20:01:54.113 [0000] <INFO> Reloading channel peer672.ipv4 for import
bird: 2026-07-27 20:01:54.113 [0000] <DBG> peer672.ipv4: reloading
bird: 2026-07-27 20:01:54.113 [0000] <INFO> Reloading channel peer672.ipv4 for export
bird: 2026-07-27 20:01:54.113 [0000] <INFO> Reloading channel peer673.ipv4 for import
bird: 2026-07-27 20:01:54.113 [0000] <DBG> peer673.ipv4: reloading
bird: 2026-07-27 20:01:54.113 [0000] <INFO> Reloading channel peer673.ipv4 for export
bird: 2026-07-27 20:01:54.113 [0000] <INFO> Reloading channel peer674.ipv4 for import
bird: 2026-07-27 20:01:54.113 [0000] <DBG> peer674.ipv4: reloading
bird: 2026-07-27 20:01:54.113 [0000] <INFO> Reloading channel peer674.ipv4 for export
bird: 2026-07-27 20:01:54.113 [0000] <INFO> Reloading channel peer675.ipv4 for import
bird: 2026-07-27 20:01:54.113 [0000] <DBG> peer675.ipv4: reloading
bird: 2026-07-27 20:01:54.113 [0000] <INFO> Reloading channel peer675.ipv4 for export
bird: 2026-07-27 20:01:54.113 [0000] <INFO> Reloading channel peer676.ipv4 for import
bird: 2026-07-27 20:01:54.113 [0000] <DBG> peer676.ipv4: reloading
bird: 2026-07-27 20:01:54.113 [0000] <INFO> Reloading channel peer676.ipv4 for export
bird: 2026-07-27 20:01:54.113 [0000] <INFO> Reloading channel peer677.ipv4 for import
bird: 2026-07-27 20:01:54.113 [0000] <DBG> peer677.ipv4: reloading
bird: 2026-07-27 20:01:54.113 [0000] <INFO> Reloading channel peer677.ipv4 for export
bird: 2026-07-27 20:01:54.113 [0000] <INFO> Reloading channel peer678.ipv4 for import
bird: 2026-07-27 20:01:54.113 [0000] <DBG> peer678.ipv4: reloading
bird: 2026-07-27 20:01:54.113 [0000] <INFO> Reloading channel peer678.ipv4 for export
bird: 2026-07-27 20:01:54.113 [0000] <INFO> Reloading channel peer679.ipv4 for import
bird: 2026-07-27 20:01:54.113 [0000] <DBG> peer679.ipv4: reloading
bird: 2026-07-27 20:01:54.113 [0000] <INFO> Reloading channel peer679.ipv4 for export
bird: 2026-07-27 20:01:54.113 [0000] <INFO> Reloading channel peer680.ipv4 for import
bird: 2026-07-27 20:01:54.113 [0000] <DBG> peer680.ipv4: reloading
bird: 2026-07-27 20:01:54.113 [0000] <INFO> Reloading channel peer680.ipv4 for export
bird: 2026-07-27 20:01:54.113 [0000] <INFO> Reloading channel peer681.ipv4 for import
bird: 2026-07-27 20:01:54.113 [0000] <DBG> peer681.ipv4: reloading
bird: 2026-07-27 20:01:54.113 [0000] <INFO> Reloading channel peer681.ipv4 for export
bird: 2026-07-27 20:01:54.113 [0000] <INFO> Reloading channel peer682.ipv4 for import
bird: 2026-07-27 20:01:54.113 [0000] <DBG> peer682.ipv4: reloading
bird: 2026-07-27 20:01:54.113 [0000] <INFO> Reloading channel peer682.ipv4 for export
bird: 2026-07-27 20:01:54.113 [0000] <INFO> Reloading channel peer683.ipv4 for import
bird: 2026-07-27 20:01:54.113 [0000] <DBG> peer683.ipv4: reloading
bird: 2026-07-27 20:01:54.113 [0000] <INFO> Reloading channel peer683.ipv4 for export
bird: 2026-07-27 20:01:54.113 [0000] <INFO> Reloading channel peer684.ipv4 for import
bird: 2026-07-27 20:01:54.113 [0000] <DBG> peer684.ipv4: reloading
bird: 2026-07-27 20:01:54.113 [0000] <INFO> Reloading channel peer684.ipv4 for export
bird: 2026-07-27 20:01:54.113 [0000] <INFO> Reloading channel peer685.ipv4 for import
bird: 2026-07-27 20:01:54.113 [0000] <DBG> peer685.ipv4: reloading
bird: 2026-07-27 20:01:54.113 [0000] <INFO> Reloading channel peer685.ipv4 for export
bird: 2026-07-27 20:01:54.113 [0000] <INFO> Reloading channel peer686.ipv4 for import
bird: 2026-07-27 20:01:54.113 [0000] <DBG> peer686.ipv4: reloading
bird: 2026-07-27 20:01:54.113 [0000] <INFO> Reloading channel peer686.ipv4 for export
bird: 2026-07-27 20:01:54.113 [0000] <INFO> Reloading channel peer687.ipv4 for import
bird: 2026-07-27 20:01:54.113 [0000] <DBG> peer687.ipv4: reloading
bird: 2026-07-27 20:01:54.113 [0000] <INFO> Reloading channel peer687.ipv4 for export
bird: 2026-07-27 20:01:54.113 [0000] <INFO> Reloading channel peer688.ipv4 for import
bird: 2026-07-27 20:01:54.113 [0000] <DBG> peer688.ipv4: reloading
bird: 2026-07-27 20:01:54.113 [0000] <INFO> Reloading channel peer688.ipv4 for export
bird: 2026-07-27 20:01:54.113 [0000] <INFO> Reloading channel peer689.ipv4 for import
bird: 2026-07-27 20:01:54.113 [0000] <DBG> peer689.ipv4: reloading
bird: 2026-07-27 20:01:54.113 [0000] <INFO> Reloading channel peer689.ipv4 for export
bird: 2026-07-27 20:01:54.113 [0000] <INFO> Reloading channel peer690.ipv4 for import
bird: 2026-07-27 20:01:54.113 [0000] <DBG> peer690.ipv4: reloading
bird: 2026-07-27 20:01:54.113 [0000] <INFO> Reloading channel peer690.ipv4 for export
bird: 2026-07-27 20:01:54.113 [0000] <INFO> Reloading channel peer691.ipv4 for import
bird: 2026-07-27 20:01:54.113 [0000] <DBG> peer691.ipv4: reloading
bird: 2026-07-27 20:01:54.113 [0000] <INFO> Reloading channel peer691.ipv4 for export
bird: 2026-07-27 20:01:54.113 [0000] <INFO> Reloading channel peer692.ipv4 for import
bird: 2026-07-27 20:01:54.113 [0000] <DBG> peer692.ipv4: reloading
bird: 2026-07-27 20:01:54.113 [0000] <INFO> Reloading channel peer692.ipv4 for export
bird: 2026-07-27 20:01:54.113 [0000] <INFO> Reloading channel peer693.ipv4 for import
bird: 2026-07-27 20:01:54.113 [0000] <DBG> peer693.ipv4: reloading
bird: 2026-07-27 20:01:54.113 [0000] <INFO> Reloading channel peer693.ipv4 for export
bird: 2026-07-27 20:01:54.113 [0000] <INFO> Reloading channel peer694.ipv4 for import
bird: 2026-07-27 20:01:54.113 [0000] <DBG> peer694.ipv4: reloading
bird: 2026-07-27 20:01:54.113 [0000] <INFO> Reloading channel peer694.ipv4 for export
bird: 2026-07-27 20:01:54.113 [0000] <INFO> Reloading channel peer695.ipv4 for import
bird: 2026-07-27 20:01:54.113 [0000] <DBG> peer695.ipv4: reloading
bird: 2026-07-27 20:01:54.113 [0000] <INFO> Reloading channel peer695.ipv4 for export
bird: 2026-07-27 20:01:54.113 [0000] <INFO> Reloading channel peer696.ipv4 for import
bird: 2026-07-27 20:01:54.113 [0000] <DBG> peer696.ipv4: reloading
bird: 2026-07-27 20:01:54.113 [0000] <INFO> Reloading channel peer696.ipv4 for export
bird: 2026-07-27 20:01:54.113 [0000] <INFO> Reloading channel peer697.ipv4 for import
bird: 2026-07-27 20:01:54.113 [0000] <DBG> peer697.ipv4: reloading
bird: 2026-07-27 20:01:54.113 [0000] <INFO> Reloading channel peer697.ipv4 for export
bird: 2026-07-27 20:01:54.113 [0000] <INFO> Reloading channel peer698.ipv4 for import
bird: 2026-07-27 20:01:54.113 [0000] <DBG> peer698.ipv4: reloading
bird: 2026-07-27 20:01:54.113 [0000] <INFO> Reloading channel peer698.ipv4 for export
bird: 2026-07-27 20:01:54.113 [0000] <INFO> Reloading channel peer699.ipv4 for import
bird: 2026-07-27 20:01:54.113 [0000] <DBG> peer699.ipv4: reloading
bird: 2026-07-27 20:01:54.113 [0000] <INFO> Reloading channel peer699.ipv4 for export
bird: 2026-07-27 20:01:54.113 [0000] <INFO> Reconfigured
bird: 2026-07-27 20:03:45.564 [0000] <INFO> Reconfiguring
bird: 2026-07-27 20:03:45.565 [0000] <INFO> Reloading channel peer0.ipv4 for import
bird: 2026-07-27 20:03:45.565 [0000] <DBG> peer0.ipv4: reloading
bird: 2026-07-27 20:03:45.565 [0000] <INFO> Reloading channel peer0.ipv4 for export
bird: 2026-07-27 20:03:45.565 [0000] <INFO> Reloading channel peer1.ipv4 for import
bird: 2026-07-27 20:03:45.565 [0000] <DBG> peer1.ipv4: reloading
bird: 2026-07-27 20:03:45.565 [0000] <INFO> Reloading channel peer1.ipv4 for export
bird: 2026-07-27 20:03:45.565 [0000] <INFO> Reloading channel peer2.ipv4 for import
bird: 2026-07-27 20:03:45.565 [0000] <DBG> peer2.ipv4: reloading
bird: 2026-07-27 20:03:45.565 [0000] <INFO> Reloading channel peer2.ipv4 for export
bird: 2026-07-27 20:03:45.565 [0000] <INFO> Reloading channel peer3.ipv4 for import
bird: 2026-07-27 20:03:45.565 [0000] <DBG> peer3.ipv4: reloading
bird: 2026-07-27 20:03:45.565 [0000] <INFO> Reloading channel peer3.ipv4 for export
bird: 2026-07-27 20:03:45.565 [0000] <INFO> Reloading channel peer4.ipv4 for import
bird: 2026-07-27 20:03:45.565 [0000] <DBG> peer4.ipv4: reloading
bird: 2026-07-27 20:03:45.565 [0000] <INFO> Reloading channel peer4.ipv4 for export
bird: 2026-07-27 20:03:45.565 [0000] <INFO> Reloading channel peer5.ipv4 for import
bird: 2026-07-27 20:03:45.565 [0000] <DBG> peer5.ipv4: reloading
bird: 2026-07-27 20:03:45.565 [0000] <INFO> Reloading channel peer5.ipv4 for export
bird: 2026-07-27 20:03:45.565 [0000] <INFO> Reloading channel peer6.ipv4 for import
bird: 2026-07-27 20:03:45.565 [0000] <DBG> peer6.ipv4: reloading
bird: 2026-07-27 20:03:45.565 [0000] <INFO> Reloading channel peer6.ipv4 for export
bird: 2026-07-27 20:03:45.565 [0000] <INFO> Reloading channel peer7.ipv4 for import
bird: 2026-07-27 20:03:45.565 [0000] <DBG> peer7.ipv4: reloading
bird: 2026-07-27 20:03:45.565 [0000] <INFO> Reloading channel peer7.ipv4 for export
bird: 2026-07-27 20:03:45.565 [0000] <INFO> Reloading channel peer8.ipv4 for import
bird: 2026-07-27 20:03:45.565 [0000] <DBG> peer8.ipv4: reloading
bird: 2026-07-27 20:03:45.565 [0000] <INFO> Reloading channel peer8.ipv4 for export
bird: 2026-07-27 20:03:45.565 [0000] <INFO> Reloading channel peer9.ipv4 for import
bird: 2026-07-27 20:03:45.565 [0000] <DBG> peer9.ipv4: reloading
bird: 2026-07-27 20:03:45.565 [0000] <INFO> Reloading channel peer9.ipv4 for export
bird: 2026-07-27 20:03:45.565 [0000] <INFO> Reloading channel peer10.ipv4 for import
bird: 2026-07-27 20:03:45.565 [0000] <DBG> peer10.ipv4: reloading
bird: 2026-07-27 20:03:45.565 [0000] <INFO> Reloading channel peer10.ipv4 for export
bird: 2026-07-27 20:03:45.565 [0000] <INFO> Reloading channel peer11.ipv4 for import
bird: 2026-07-27 20:03:45.565 [0000] <DBG> peer11.ipv4: reloading
bird: 2026-07-27 20:03:45.565 [0000] <INFO> Reloading channel peer11.ipv4 for export
bird: 2026-07-27 20:03:45.565 [0000] <INFO> Reloading channel peer12.ipv4 for import
bird: 2026-07-27 20:03:45.565 [0000] <DBG> peer12.ipv4: reloading
bird: 2026-07-27 20:03:45.565 [0000] <INFO> Reloading channel peer12.ipv4 for export
bird: 2026-07-27 20:03:45.565 [0000] <INFO> Reloading channel peer13.ipv4 for import
bird: 2026-07-27 20:03:45.565 [0000] <DBG> peer13.ipv4: reloading
bird: 2026-07-27 20:03:45.565 [0000] <INFO> Reloading channel peer13.ipv4 for export
bird: 2026-07-27 20:03:45.565 [0000] <INFO> Reloading channel peer14.ipv4 for import
bird: 2026-07-27 20:03:45.565 [0000] <DBG> peer14.ipv4: reloading
bird: 2026-07-27 20:03:45.565 [0000] <INFO> Reloading channel peer14.ipv4 for export
bird: 2026-07-27 20:03:45.565 [0000] <INFO> Reloading channel peer15.ipv4 for import
bird: 2026-07-27 20:03:45.565 [0000] <DBG> peer15.ipv4: reloading
bird: 2026-07-27 20:03:45.565 [0000] <INFO> Reloading channel peer15.ipv4 for export
bird: 2026-07-27 20:03:45.565 [0000] <INFO> Reloading channel peer16.ipv4 for import
bird: 2026-07-27 20:03:45.565 [0000] <DBG> peer16.ipv4: reloading
bird: 2026-07-27 20:03:45.565 [0000] <INFO> Reloading channel peer16.ipv4 for export
bird: 2026-07-27 20:03:45.565 [0000] <INFO> Reloading channel peer17.ipv4 for import
bird: 2026-07-27 20:03:45.565 [0000] <DBG> peer17.ipv4: reloading
bird: 2026-07-27 20:03:45.565 [0000] <INFO> Reloading channel peer17.ipv4 for export
bird: 2026-07-27 20:03:45.565 [0000] <INFO> Reloading channel peer18.ipv4 for import
bird: 2026-07-27 20:03:45.565 [0000] <DBG> peer18.ipv4: reloading
bird: 2026-07-27 20:03:45.565 [0000] <INFO> Reloading channel peer18.ipv4 for export
bird: 2026-07-27 20:03:45.565 [0000] <INFO> Reloading channel peer19.ipv4 for import
bird: 2026-07-27 20:03:45.565 [0000] <DBG> peer19.ipv4: reloading
bird: 2026-07-27 20:03:45.565 [0000] <INFO> Reloading channel peer19.ipv4 for export
bird: 2026-07-27 20:03:45.565 [0000] <INFO> Reloading channel peer20.ipv4 for import
bird: 2026-07-27 20:03:45.565 [0000] <DBG> peer20.ipv4: reloading
bird: 2026-07-27 20:03:45.565 [0000] <INFO> Reloading channel peer20.ipv4 for export
bird: 2026-07-27 20:03:45.565 [0000] <INFO> Reloading channel peer21.ipv4 for import
bird: 2026-07-27 20:03:45.565 [0000] <DBG> peer21.ipv4: reloading
bird: 2026-07-27 20:03:45.565 [0000] <INFO> Reloading channel peer21.ipv4 for export
bird: 2026-07-27 20:03:45.565 [0000] <INFO> Reloading channel peer22.ipv4 for import
bird: 2026-07-27 20:03:45.565 [0000] <DBG> peer22.ipv4: reloading
bird: 2026-07-27 20:03:45.566 [0000] <INFO> Reloading channel peer22.ipv4 for export
bird: 2026-07-27 20:03:45.566 [0000] <INFO> Reloading channel peer23.ipv4 for import
bird: 2026-07-27 20:03:45.566 [0000] <DBG> peer23.ipv4: reloading
bird: 2026-07-27 20:03:45.566 [0000] <INFO> Reloading channel peer23.ipv4 for export
bird: 2026-07-27 20:03:45.566 [0000] <INFO> Reloading channel peer24.ipv4 for import
bird: 2026-07-27 20:03:45.566 [0000] <DBG> peer24.ipv4: reloading
bird: 2026-07-27 20:03:45.566 [0000] <INFO> Reloading channel peer24.ipv4 for export
bird: 2026-07-27 20:03:45.566 [0000] <INFO> Reloading channel peer25.ipv4 for import
bird: 2026-07-27 20:03:45.566 [0000] <DBG> peer25.ipv4: reloading
bird: 2026-07-27 20:03:45.566 [0000] <INFO> Reloading channel peer25.ipv4 for export
bird: 2026-07-27 20:03:45.566 [0000] <INFO> Reloading channel peer26.ipv4 for import
bird: 2026-07-27 20:03:45.566 [0000] <DBG> peer26.ipv4: reloading
bird: 2026-07-27 20:03:45.566 [0000] <INFO> Reloading channel peer26.ipv4 for export
bird: 2026-07-27 20:03:45.566 [0000] <INFO> Reloading channel peer27.ipv4 for import
bird: 2026-07-27 20:03:45.566 [0000] <DBG> peer27.ipv4: reloading
bird: 2026-07-27 20:03:45.566 [0000] <INFO> Reloading channel peer27.ipv4 for export
bird: 2026-07-27 20:03:45.566 [0000] <INFO> Reloading channel peer28.ipv4 for import
bird: 2026-07-27 20:03:45.566 [0000] <DBG> peer28.ipv4: reloading
bird: 2026-07-27 20:03:45.566 [0000] <INFO> Reloading channel peer28.ipv4 for export
bird: 2026-07-27 20:03:45.566 [0000] <INFO> Reloading channel peer29.ipv4 for import
bird: 2026-07-27 20:03:45.566 [0000] <DBG> peer29.ipv4: reloading
bird: 2026-07-27 20:03:45.566 [0000] <INFO> Reloading channel peer29.ipv4 for export
bird: 2026-07-27 20:03:45.566 [0000] <INFO> Reloading channel peer30.ipv4 for import
bird: 2026-07-27 20:03:45.566 [0000] <DBG> peer30.ipv4: reloading
bird: 2026-07-27 20:03:45.566 [0000] <INFO> Reloading channel peer30.ipv4 for export
bird: 2026-07-27 20:03:45.566 [0000] <INFO> Reloading channel peer31.ipv4 for import
bird: 2026-07-27 20:03:45.566 [0000] <DBG> peer31.ipv4: reloading
bird: 2026-07-27 20:03:45.566 [0000] <INFO> Reloading channel peer31.ipv4 for export
bird: 2026-07-27 20:03:45.566 [0000] <INFO> Reloading channel peer32.ipv4 for import
bird: 2026-07-27 20:03:45.566 [0000] <DBG> peer32.ipv4: reloading
bird: 2026-07-27 20:03:45.566 [0000] <INFO> Reloading channel peer32.ipv4 for export
bird: 2026-07-27 20:03:45.566 [0000] <INFO> Reloading channel peer33.ipv4 for import
bird: 2026-07-27 20:03:45.566 [0000] <DBG> peer33.ipv4: reloading
bird: 2026-07-27 20:03:45.566 [0000] <INFO> Reloading channel peer33.ipv4 for export
bird: 2026-07-27 20:03:45.566 [0000] <INFO> Reloading channel peer34.ipv4 for import
bird: 2026-07-27 20:03:45.566 [0000] <DBG> peer34.ipv4: reloading
bird: 2026-07-27 20:03:45.566 [0000] <INFO> Reloading channel peer34.ipv4 for export
bird: 2026-07-27 20:03:45.566 [0000] <INFO> Reloading channel peer35.ipv4 for import
bird: 2026-07-27 20:03:45.566 [0000] <DBG> peer35.ipv4: reloading
bird: 2026-07-27 20:03:45.566 [0000] <INFO> Reloading channel peer35.ipv4 for export
bird: 2026-07-27 20:03:45.566 [0000] <INFO> Reloading channel peer36.ipv4 for import
bird: 2026-07-27 20:03:45.566 [0000] <DBG> peer36.ipv4: reloading
bird: 2026-07-27 20:03:45.566 [0000] <INFO> Reloading channel peer36.ipv4 for export
bird: 2026-07-27 20:03:45.566 [0000] <INFO> Reloading channel peer37.ipv4 for import
bird: 2026-07-27 20:03:45.566 [0000] <DBG> peer37.ipv4: reloading
bird: 2026-07-27 20:03:45.566 [0000] <INFO> Reloading channel peer37.ipv4 for export
bird: 2026-07-27 20:03:45.566 [0000] <INFO> Reloading channel peer38.ipv4 for import
bird: 2026-07-27 20:03:45.566 [0000] <DBG> peer38.ipv4: reloading
bird: 2026-07-27 20:03:45.566 [0000] <INFO> Reloading channel peer38.ipv4 for export
bird: 2026-07-27 20:03:45.566 [0000] <INFO> Reloading channel peer39.ipv4 for import
bird: 2026-07-27 20:03:45.566 [0000] <DBG> peer39.ipv4: reloading
bird: 2026-07-27 20:03:45.566 [0000] <INFO> Reloading channel peer39.ipv4 for export
bird: 2026-07-27 20:03:45.566 [0000] <INFO> Reloading channel peer40.ipv4 for import
bird: 2026-07-27 20:03:45.566 [0000] <DBG> peer40.ipv4: reloading
bird: 2026-07-27 20:03:45.566 [0000] <INFO> Reloading channel peer40.ipv4 for export
bird: 2026-07-27 20:03:45.566 [0000] <INFO> Reloading channel peer41.ipv4 for import
bird: 2026-07-27 20:03:45.566 [0000] <DBG> peer41.ipv4: reloading
bird: 2026-07-27 20:03:45.566 [0000] <INFO> Reloading channel peer41.ipv4 for export
bird: 2026-07-27 20:03:45.566 [0000] <INFO> Reloading channel peer42.ipv4 for import
bird: 2026-07-27 20:03:45.566 [0000] <DBG> peer42.ipv4: reloading
bird: 2026-07-27 20:03:45.566 [0000] <INFO> Reloading channel peer42.ipv4 for export
bird: 2026-07-27 20:03:45.566 [0000] <INFO> Reloading channel peer43.ipv4 for import
bird: 2026-07-27 20:03:45.566 [0000] <DBG> peer43.ipv4: reloading
bird: 2026-07-27 20:03:45.566 [0000] <INFO> Reloading channel peer43.ipv4 for export
bird: 2026-07-27 20:03:45.566 [0000] <INFO> Reloading channel peer44.ipv4 for import
bird: 2026-07-27 20:03:45.566 [0000] <DBG> peer44.ipv4: reloading
bird: 2026-07-27 20:03:45.566 [0000] <INFO> Reloading channel peer44.ipv4 for export
bird: 2026-07-27 20:03:45.566 [0000] <INFO> Reloading channel peer45.ipv4 for import
bird: 2026-07-27 20:03:45.566 [0000] <DBG> peer45.ipv4: reloading
bird: 2026-07-27 20:03:45.566 [0000] <INFO> Reloading channel peer45.ipv4 for export
bird: 2026-07-27 20:03:45.566 [0000] <INFO> Reloading channel peer46.ipv4 for import
bird: 2026-07-27 20:03:45.566 [0000] <DBG> peer46.ipv4: reloading
bird: 2026-07-27 20:03:45.566 [0000] <INFO> Reloading channel peer46.ipv4 for export
bird: 2026-07-27 20:03:45.566 [0000] <INFO> Reloading channel peer47.ipv4 for import
bird: 2026-07-27 20:03:45.566 [0000] <DBG> peer47.ipv4: reloading
bird: 2026-07-27 20:03:45.566 [0000] <INFO> Reloading channel peer47.ipv4 for export
bird: 2026-07-27 20:03:45.566 [0000] <INFO> Reloading channel peer48.ipv4 for import
bird: 2026-07-27 20:03:45.566 [0000] <DBG> peer48.ipv4: reloading
bird: 2026-07-27 20:03:45.566 [0000] <INFO> Reloading channel peer48.ipv4 for export
bird: 2026-07-27 20:03:45.566 [0000] <INFO> Reloading channel peer49.ipv4 for import
bird: 2026-07-27 20:03:45.566 [0000] <DBG> peer49.ipv4: reloading
bird: 2026-07-27 20:03:45.566 [0000] <INFO> Reloading channel peer49.ipv4 for export
bird: 2026-07-27 20:03:45.566 [0000] <INFO> Reloading channel peer50.ipv4 for import
bird: 2026-07-27 20:03:45.566 [0000] <DBG> peer50.ipv4: reloading
bird: 2026-07-27 20:03:45.566 [0000] <INFO> Reloading channel peer50.ipv4 for export
bird: 2026-07-27 20:03:45.566 [0000] <INFO> Reloading channel peer51.ipv4 for import
bird: 2026-07-27 20:03:45.566 [0000] <DBG> peer51.ipv4: reloading
bird: 2026-07-27 20:03:45.566 [0000] <INFO> Reloading channel peer51.ipv4 for export
bird: 2026-07-27 20:03:45.566 [0000] <INFO> Reloading channel peer52.ipv4 for import
bird: 2026-07-27 20:03:45.566 [0000] <DBG> peer52.ipv4: reloading
bird: 2026-07-27 20:03:45.566 [0000] <INFO> Reloading channel peer52.ipv4 for export
bird: 2026-07-27 20:03:45.566 [0000] <INFO> Reloading channel peer53.ipv4 for import
bird: 2026-07-27 20:03:45.566 [0000] <DBG> peer53.ipv4: reloading
bird: 2026-07-27 20:03:45.566 [0000] <INFO> Reloading channel peer53.ipv4 for export
bird: 2026-07-27 20:03:45.566 [0000] <INFO> Reloading channel peer54.ipv4 for import
bird: 2026-07-27 20:03:45.566 [0000] <DBG> peer54.ipv4: reloading
bird: 2026-07-27 20:03:45.566 [0000] <INFO> Reloading channel peer54.ipv4 for export
bird: 2026-07-27 20:03:45.566 [0000] <INFO> Reloading channel peer55.ipv4 for import
bird: 2026-07-27 20:03:45.566 [0000] <DBG> peer55.ipv4: reloading
bird: 2026-07-27 20:03:45.566 [0000] <INFO> Reloading channel peer55.ipv4 for export
bird: 2026-07-27 20:03:45.566 [0000] <INFO> Reloading channel peer56.ipv4 for import
bird: 2026-07-27 20:03:45.566 [0000] <DBG> peer56.ipv4: reloading
bird: 2026-07-27 20:03:45.566 [0000] <INFO> Reloading channel peer56.ipv4 for export
bird: 2026-07-27 20:03:45.566 [0000] <INFO> Reloading channel peer57.ipv4 for import
bird: 2026-07-27 20:03:45.566 [0000] <DBG> peer57.ipv4: reloading
bird: 2026-07-27 20:03:45.566 [0000] <INFO> Reloading channel peer57.ipv4 for export
bird: 2026-07-27 20:03:45.566 [0000] <INFO> Reloading channel peer58.ipv4 for import
bird: 2026-07-27 20:03:45.566 [0000] <DBG> peer58.ipv4: reloading
bird: 2026-07-27 20:03:45.566 [0000] <INFO> Reloading channel peer58.ipv4 for export
bird: 2026-07-27 20:03:45.566 [0000] <INFO> Reloading channel peer59.ipv4 for import
bird: 2026-07-27 20:03:45.566 [0000] <DBG> peer59.ipv4: reloading
bird: 2026-07-27 20:03:45.566 [0000] <INFO> Reloading channel peer59.ipv4 for export
bird: 2026-07-27 20:03:45.566 [0000] <INFO> Reloading channel peer60.ipv4 for import
bird: 2026-07-27 20:03:45.566 [0000] <DBG> peer60.ipv4: reloading
bird: 2026-07-27 20:03:45.566 [0000] <INFO> Reloading channel peer60.ipv4 for export
bird: 2026-07-27 20:03:45.566 [0000] <INFO> Reloading channel peer61.ipv4 for import
bird: 2026-07-27 20:03:45.566 [0000] <DBG> peer61.ipv4: reloading
bird: 2026-07-27 20:03:45.566 [0000] <INFO> Reloading channel peer61.ipv4 for export
bird: 2026-07-27 20:03:45.566 [0000] <INFO> Reloading channel peer62.ipv4 for import
bird: 2026-07-27 20:03:45.566 [0000] <DBG> peer62.ipv4: reloading
bird: 2026-07-27 20:03:45.566 [0000] <INFO> Reloading channel peer62.ipv4 for export
bird: 2026-07-27 20:03:45.566 [0000] <INFO> Reloading channel peer63.ipv4 for import
bird: 2026-07-27 20:03:45.566 [0000] <DBG> peer63.ipv4: reloading
bird: 2026-07-27 20:03:45.566 [0000] <INFO> Reloading channel peer63.ipv4 for export
bird: 2026-07-27 20:03:45.566 [0000] <INFO> Reloading channel peer64.ipv4 for import
bird: 2026-07-27 20:03:45.566 [0000] <DBG> peer64.ipv4: reloading
bird: 2026-07-27 20:03:45.566 [0000] <INFO> Reloading channel peer64.ipv4 for export
bird: 2026-07-27 20:03:45.566 [0000] <INFO> Reloading channel peer65.ipv4 for import
bird: 2026-07-27 20:03:45.566 [0000] <DBG> peer65.ipv4: reloading
bird: 2026-07-27 20:03:45.566 [0000] <INFO> Reloading channel peer65.ipv4 for export
bird: 2026-07-27 20:03:45.566 [0000] <INFO> Reloading channel peer66.ipv4 for import
bird: 2026-07-27 20:03:45.566 [0000] <DBG> peer66.ipv4: reloading
bird: 2026-07-27 20:03:45.566 [0000] <INFO> Reloading channel peer66.ipv4 for export
bird: 2026-07-27 20:03:45.566 [0000] <INFO> Reloading channel peer67.ipv4 for import
bird: 2026-07-27 20:03:45.566 [0000] <DBG> peer67.ipv4: reloading
bird: 2026-07-27 20:03:45.566 [0000] <INFO> Reloading channel peer67.ipv4 for export
bird: 2026-07-27 20:03:45.566 [0000] <INFO> Reloading channel peer68.ipv4 for import
bird: 2026-07-27 20:03:45.566 [0000] <DBG> peer68.ipv4: reloading
bird: 2026-07-27 20:03:45.566 [0000] <INFO> Reloading channel peer68.ipv4 for export
bird: 2026-07-27 20:03:45.566 [0000] <INFO> Reloading channel peer69.ipv4 for import
bird: 2026-07-27 20:03:45.566 [0000] <DBG> peer69.ipv4: reloading
bird: 2026-07-27 20:03:45.566 [0000] <INFO> Reloading channel peer69.ipv4 for export
bird: 2026-07-27 20:03:45.566 [0000] <INFO> Reloading channel peer70.ipv4 for import
bird: 2026-07-27 20:03:45.566 [0000] <DBG> peer70.ipv4: reloading
bird: 2026-07-27 20:03:45.566 [0000] <INFO> Reloading channel peer70.ipv4 for export
bird: 2026-07-27 20:03:45.566 [0000] <INFO> Reloading channel peer71.ipv4 for import
bird: 2026-07-27 20:03:45.566 [0000] <DBG> peer71.ipv4: reloading
bird: 2026-07-27 20:03:45.566 [0000] <INFO> Reloading channel peer71.ipv4 for export
bird: 2026-07-27 20:03:45.566 [0000] <INFO> Reloading channel peer72.ipv4 for import
bird: 2026-07-27 20:03:45.566 [0000] <DBG> peer72.ipv4: reloading
bird: 2026-07-27 20:03:45.566 [0000] <INFO> Reloading channel peer72.ipv4 for export
bird: 2026-07-27 20:03:45.566 [0000] <INFO> Reloading channel peer73.ipv4 for import
bird: 2026-07-27 20:03:45.566 [0000] <DBG> peer73.ipv4: reloading
bird: 2026-07-27 20:03:45.566 [0000] <INFO> Reloading channel peer73.ipv4 for export
bird: 2026-07-27 20:03:45.566 [0000] <INFO> Reloading channel peer74.ipv4 for import
bird: 2026-07-27 20:03:45.566 [0000] <DBG> peer74.ipv4: reloading
bird: 2026-07-27 20:03:45.566 [0000] <INFO> Reloading channel peer74.ipv4 for export
bird: 2026-07-27 20:03:45.566 [0000] <INFO> Reloading channel peer75.ipv4 for import
bird: 2026-07-27 20:03:45.566 [0000] <DBG> peer75.ipv4: reloading
bird: 2026-07-27 20:03:45.566 [0000] <INFO> Reloading channel peer75.ipv4 for export
bird: 2026-07-27 20:03:45.566 [0000] <INFO> Reloading channel peer76.ipv4 for import
bird: 2026-07-27 20:03:45.566 [0000] <DBG> peer76.ipv4: reloading
bird: 2026-07-27 20:03:45.566 [0000] <INFO> Reloading channel peer76.ipv4 for export
bird: 2026-07-27 20:03:45.566 [0000] <INFO> Reloading channel peer77.ipv4 for import
bird: 2026-07-27 20:03:45.566 [0000] <DBG> peer77.ipv4: reloading
bird: 2026-07-27 20:03:45.566 [0000] <INFO> Reloading channel peer77.ipv4 for export
bird: 2026-07-27 20:03:45.566 [0000] <INFO> Reloading channel peer78.ipv4 for import
bird: 2026-07-27 20:03:45.566 [0000] <DBG> peer78.ipv4: reloading
bird: 2026-07-27 20:03:45.566 [0000] <INFO> Reloading channel peer78.ipv4 for export
bird: 2026-07-27 20:03:45.566 [0000] <INFO> Reloading channel peer79.ipv4 for import
bird: 2026-07-27 20:03:45.566 [0000] <DBG> peer79.ipv4: reloading
bird: 2026-07-27 20:03:45.566 [0000] <INFO> Reloading channel peer79.ipv4 for export
bird: 2026-07-27 20:03:45.566 [0000] <INFO> Reloading channel peer80.ipv4 for import
bird: 2026-07-27 20:03:45.566 [0000] <DBG> peer80.ipv4: reloading
bird: 2026-07-27 20:03:45.566 [0000] <INFO> Reloading channel peer80.ipv4 for export
bird: 2026-07-27 20:03:45.566 [0000] <INFO> Reloading channel peer81.ipv4 for import
bird: 2026-07-27 20:03:45.566 [0000] <DBG> peer81.ipv4: reloading
bird: 2026-07-27 20:03:45.566 [0000] <INFO> Reloading channel peer81.ipv4 for export
bird: 2026-07-27 20:03:45.566 [0000] <INFO> Reloading channel peer82.ipv4 for import
bird: 2026-07-27 20:03:45.566 [0000] <DBG> peer82.ipv4: reloading
bird: 2026-07-27 20:03:45.566 [0000] <INFO> Reloading channel peer82.ipv4 for export
bird: 2026-07-27 20:03:45.566 [0000] <INFO> Reloading channel peer83.ipv4 for import
bird: 2026-07-27 20:03:45.566 [0000] <DBG> peer83.ipv4: reloading
bird: 2026-07-27 20:03:45.566 [0000] <INFO> Reloading channel peer83.ipv4 for export
bird: 2026-07-27 20:03:45.566 [0000] <INFO> Reloading channel peer84.ipv4 for import
bird: 2026-07-27 20:03:45.566 [0000] <DBG> peer84.ipv4: reloading
bird: 2026-07-27 20:03:45.566 [0000] <INFO> Reloading channel peer84.ipv4 for export
bird: 2026-07-27 20:03:45.566 [0000] <INFO> Reloading channel peer85.ipv4 for import
bird: 2026-07-27 20:03:45.566 [0000] <DBG> peer85.ipv4: reloading
bird: 2026-07-27 20:03:45.566 [0000] <INFO> Reloading channel peer85.ipv4 for export
bird: 2026-07-27 20:03:45.566 [0000] <INFO> Reloading channel peer86.ipv4 for import
bird: 2026-07-27 20:03:45.566 [0000] <DBG> peer86.ipv4: reloading
bird: 2026-07-27 20:03:45.566 [0000] <INFO> Reloading channel peer86.ipv4 for export
bird: 2026-07-27 20:03:45.566 [0000] <INFO> Reloading channel peer87.ipv4 for import
bird: 2026-07-27 20:03:45.566 [0000] <DBG> peer87.ipv4: reloading
bird: 2026-07-27 20:03:45.566 [0000] <INFO> Reloading channel peer87.ipv4 for export
bird: 2026-07-27 20:03:45.566 [0000] <INFO> Reloading channel peer88.ipv4 for import
bird: 2026-07-27 20:03:45.566 [0000] <DBG> peer88.ipv4: reloading
bird: 2026-07-27 20:03:45.566 [0000] <INFO> Reloading channel peer88.ipv4 for export
bird: 2026-07-27 20:03:45.566 [0000] <INFO> Reloading channel peer89.ipv4 for import
bird: 2026-07-27 20:03:45.566 [0000] <DBG> peer89.ipv4: reloading
bird: 2026-07-27 20:03:45.566 [0000] <INFO> Reloading channel peer89.ipv4 for export
bird: 2026-07-27 20:03:45.566 [0000] <INFO> Reloading channel peer90.ipv4 for import
bird: 2026-07-27 20:03:45.566 [0000] <DBG> peer90.ipv4: reloading
bird: 2026-07-27 20:03:45.566 [0000] <INFO> Reloading channel peer90.ipv4 for export
bird: 2026-07-27 20:03:45.566 [0000] <INFO> Reloading channel peer91.ipv4 for import
bird: 2026-07-27 20:03:45.566 [0000] <DBG> peer91.ipv4: reloading
bird: 2026-07-27 20:03:45.566 [0000] <INFO> Reloading channel peer91.ipv4 for export
bird: 2026-07-27 20:03:45.566 [0000] <INFO> Reloading channel peer92.ipv4 for import
bird: 2026-07-27 20:03:45.566 [0000] <DBG> peer92.ipv4: reloading
bird: 2026-07-27 20:03:45.566 [0000] <INFO> Reloading channel peer92.ipv4 for export
bird: 2026-07-27 20:03:45.566 [0000] <INFO> Reloading channel peer93.ipv4 for import
bird: 2026-07-27 20:03:45.566 [0000] <DBG> peer93.ipv4: reloading
bird: 2026-07-27 20:03:45.566 [0000] <INFO> Reloading channel peer93.ipv4 for export
bird: 2026-07-27 20:03:45.566 [0000] <INFO> Reloading channel peer94.ipv4 for import
bird: 2026-07-27 20:03:45.566 [0000] <DBG> peer94.ipv4: reloading
bird: 2026-07-27 20:03:45.566 [0000] <INFO> Reloading channel peer94.ipv4 for export
bird: 2026-07-27 20:03:45.566 [0000] <INFO> Reloading channel peer95.ipv4 for import
bird: 2026-07-27 20:03:45.566 [0000] <DBG> peer95.ipv4: reloading
bird: 2026-07-27 20:03:45.566 [0000] <INFO> Reloading channel peer95.ipv4 for export
bird: 2026-07-27 20:03:45.566 [0000] <INFO> Reloading channel peer96.ipv4 for import
bird: 2026-07-27 20:03:45.566 [0000] <DBG> peer96.ipv4: reloading
bird: 2026-07-27 20:03:45.566 [0000] <INFO> Reloading channel peer96.ipv4 for export
bird: 2026-07-27 20:03:45.566 [0000] <INFO> Reloading channel peer97.ipv4 for import
bird: 2026-07-27 20:03:45.566 [0000] <DBG> peer97.ipv4: reloading
bird: 2026-07-27 20:03:45.566 [0000] <INFO> Reloading channel peer97.ipv4 for export
bird: 2026-07-27 20:03:45.566 [0000] <INFO> Reloading channel peer98.ipv4 for import
bird: 2026-07-27 20:03:45.566 [0000] <DBG> peer98.ipv4: reloading
bird: 2026-07-27 20:03:45.566 [0000] <INFO> Reloading channel peer98.ipv4 for export
bird: 2026-07-27 20:03:45.566 [0000] <INFO> Reloading channel peer99.ipv4 for import
bird: 2026-07-27 20:03:45.566 [0000] <DBG> peer99.ipv4: reloading
bird: 2026-07-27 20:03:45.566 [0000] <INFO> Reloading channel peer99.ipv4 for export
bird: 2026-07-27 20:03:45.566 [0000] <INFO> Reloading channel peer100.ipv4 for import
bird: 2026-07-27 20:03:45.566 [0000] <DBG> peer100.ipv4: reloading
bird: 2026-07-27 20:03:45.566 [0000] <INFO> Reloading channel peer100.ipv4 for export
bird: 2026-07-27 20:03:45.566 [0000] <INFO> Reloading channel peer101.ipv4 for import
bird: 2026-07-27 20:03:45.566 [0000] <DBG> peer101.ipv4: reloading
bird: 2026-07-27 20:03:45.566 [0000] <INFO> Reloading channel peer101.ipv4 for export
bird: 2026-07-27 20:03:45.566 [0000] <INFO> Reloading channel peer102.ipv4 for import
bird: 2026-07-27 20:03:45.566 [0000] <DBG> peer102.ipv4: reloading
bird: 2026-07-27 20:03:45.566 [0000] <INFO> Reloading channel peer102.ipv4 for export
bird: 2026-07-27 20:03:45.566 [0000] <INFO> Reloading channel peer103.ipv4 for import
bird: 2026-07-27 20:03:45.566 [0000] <DBG> peer103.ipv4: reloading
bird: 2026-07-27 20:03:45.566 [0000] <INFO> Reloading channel peer103.ipv4 for export
bird: 2026-07-27 20:03:45.566 [0000] <INFO> Reloading channel peer104.ipv4 for import
bird: 2026-07-27 20:03:45.566 [0000] <DBG> peer104.ipv4: reloading
bird: 2026-07-27 20:03:45.566 [0000] <INFO> Reloading channel peer104.ipv4 for export
bird: 2026-07-27 20:03:45.566 [0000] <INFO> Reloading channel peer105.ipv4 for import
bird: 2026-07-27 20:03:45.566 [0000] <DBG> peer105.ipv4: reloading
bird: 2026-07-27 20:03:45.566 [0000] <INFO> Reloading channel peer105.ipv4 for export
bird: 2026-07-27 20:03:45.566 [0000] <INFO> Reloading channel peer106.ipv4 for import
bird: 2026-07-27 20:03:45.566 [0000] <DBG> peer106.ipv4: reloading
bird: 2026-07-27 20:03:45.566 [0000] <INFO> Reloading channel peer106.ipv4 for export
bird: 2026-07-27 20:03:45.566 [0000] <INFO> Reloading channel peer107.ipv4 for import
bird: 2026-07-27 20:03:45.566 [0000] <DBG> peer107.ipv4: reloading
bird: 2026-07-27 20:03:45.566 [0000] <INFO> Reloading channel peer107.ipv4 for export
bird: 2026-07-27 20:03:45.566 [0000] <INFO> Reloading channel peer108.ipv4 for import
bird: 2026-07-27 20:03:45.566 [0000] <DBG> peer108.ipv4: reloading
bird: 2026-07-27 20:03:45.566 [0000] <INFO> Reloading channel peer108.ipv4 for export
bird: 2026-07-27 20:03:45.566 [0000] <INFO> Reloading channel peer109.ipv4 for import
bird: 2026-07-27 20:03:45.566 [0000] <DBG> peer109.ipv4: reloading
bird: 2026-07-27 20:03:45.566 [0000] <INFO> Reloading channel peer109.ipv4 for export
bird: 2026-07-27 20:03:45.566 [0000] <INFO> Reloading channel peer110.ipv4 for import
bird: 2026-07-27 20:03:45.566 [0000] <DBG> peer110.ipv4: reloading
bird: 2026-07-27 20:03:45.566 [0000] <INFO> Reloading channel peer110.ipv4 for export
bird: 2026-07-27 20:03:45.566 [0000] <INFO> Reloading channel peer111.ipv4 for import
bird: 2026-07-27 20:03:45.566 [0000] <DBG> peer111.ipv4: reloading
bird: 2026-07-27 20:03:45.566 [0000] <INFO> Reloading channel peer111.ipv4 for export
bird: 2026-07-27 20:03:45.566 [0000] <INFO> Reloading channel peer112.ipv4 for import
bird: 2026-07-27 20:03:45.566 [0000] <DBG> peer112.ipv4: reloading
bird: 2026-07-27 20:03:45.566 [0000] <INFO> Reloading channel peer112.ipv4 for export
bird: 2026-07-27 20:03:45.566 [0000] <INFO> Reloading channel peer113.ipv4 for import
bird: 2026-07-27 20:03:45.566 [0000] <DBG> peer113.ipv4: reloading
bird: 2026-07-27 20:03:45.566 [0000] <INFO> Reloading channel peer113.ipv4 for export
bird: 2026-07-27 20:03:45.566 [0000] <INFO> Reloading channel peer114.ipv4 for import
bird: 2026-07-27 20:03:45.566 [0000] <DBG> peer114.ipv4: reloading
bird: 2026-07-27 20:03:45.566 [0000] <INFO> Reloading channel peer114.ipv4 for export
bird: 2026-07-27 20:03:45.566 [0000] <INFO> Reloading channel peer115.ipv4 for import
bird: 2026-07-27 20:03:45.566 [0000] <DBG> peer115.ipv4: reloading
bird: 2026-07-27 20:03:45.566 [0000] <INFO> Reloading channel peer115.ipv4 for export
bird: 2026-07-27 20:03:45.566 [0000] <INFO> Reloading channel peer116.ipv4 for import
bird: 2026-07-27 20:03:45.566 [0000] <DBG> peer116.ipv4: reloading
bird: 2026-07-27 20:03:45.566 [0000] <INFO> Reloading channel peer116.ipv4 for export
bird: 2026-07-27 20:03:45.566 [0000] <INFO> Reloading channel peer117.ipv4 for import
bird: 2026-07-27 20:03:45.566 [0000] <DBG> peer117.ipv4: reloading
bird: 2026-07-27 20:03:45.566 [0000] <INFO> Reloading channel peer117.ipv4 for export
bird: 2026-07-27 20:03:45.566 [0000] <INFO> Reloading channel peer118.ipv4 for import
bird: 2026-07-27 20:03:45.566 [0000] <DBG> peer118.ipv4: reloading
bird: 2026-07-27 20:03:45.566 [0000] <INFO> Reloading channel peer118.ipv4 for export
bird: 2026-07-27 20:03:45.566 [0000] <INFO> Reloading channel peer119.ipv4 for import
bird: 2026-07-27 20:03:45.566 [0000] <DBG> peer119.ipv4: reloading
bird: 2026-07-27 20:03:45.566 [0000] <INFO> Reloading channel peer119.ipv4 for export
bird: 2026-07-27 20:03:45.566 [0000] <INFO> Reloading channel peer120.ipv4 for import
bird: 2026-07-27 20:03:45.566 [0000] <DBG> peer120.ipv4: reloading
bird: 2026-07-27 20:03:45.566 [0000] <INFO> Reloading channel peer120.ipv4 for export
bird: 2026-07-27 20:03:45.566 [0000] <INFO> Reloading channel peer121.ipv4 for import
bird: 2026-07-27 20:03:45.566 [0000] <DBG> peer121.ipv4: reloading
bird: 2026-07-27 20:03:45.566 [0000] <INFO> Reloading channel peer121.ipv4 for export
bird: 2026-07-27 20:03:45.566 [0000] <INFO> Reloading channel peer122.ipv4 for import
bird: 2026-07-27 20:03:45.566 [0000] <DBG> peer122.ipv4: reloading
bird: 2026-07-27 20:03:45.566 [0000] <INFO> Reloading channel peer122.ipv4 for export
bird: 2026-07-27 20:03:45.566 [0000] <INFO> Reloading channel peer123.ipv4 for import
bird: 2026-07-27 20:03:45.566 [0000] <DBG> peer123.ipv4: reloading
bird: 2026-07-27 20:03:45.566 [0000] <INFO> Reloading channel peer123.ipv4 for export
bird: 2026-07-27 20:03:45.566 [0000] <INFO> Reloading channel peer124.ipv4 for import
bird: 2026-07-27 20:03:45.566 [0000] <DBG> peer124.ipv4: reloading
bird: 2026-07-27 20:03:45.566 [0000] <INFO> Reloading channel peer124.ipv4 for export
bird: 2026-07-27 20:03:45.566 [0000] <INFO> Reloading channel peer125.ipv4 for import
bird: 2026-07-27 20:03:45.566 [0000] <DBG> peer125.ipv4: reloading
bird: 2026-07-27 20:03:45.566 [0000] <INFO> Reloading channel peer125.ipv4 for export
bird: 2026-07-27 20:03:45.566 [0000] <INFO> Reloading channel peer126.ipv4 for import
bird: 2026-07-27 20:03:45.566 [0000] <DBG> peer126.ipv4: reloading
bird: 2026-07-27 20:03:45.566 [0000] <INFO> Reloading channel peer126.ipv4 for export
bird: 2026-07-27 20:03:45.566 [0000] <INFO> Reloading channel peer127.ipv4 for import
bird: 2026-07-27 20:03:45.566 [0000] <DBG> peer127.ipv4: reloading
bird: 2026-07-27 20:03:45.566 [0000] <INFO> Reloading channel peer127.ipv4 for export
bird: 2026-07-27 20:03:45.566 [0000] <INFO> Reloading channel peer128.ipv4 for import
bird: 2026-07-27 20:03:45.566 [0000] <DBG> peer128.ipv4: reloading
bird: 2026-07-27 20:03:45.566 [0000] <INFO> Reloading channel peer128.ipv4 for export
bird: 2026-07-27 20:03:45.566 [0000] <INFO> Reloading channel peer129.ipv4 for import
bird: 2026-07-27 20:03:45.566 [0000] <DBG> peer129.ipv4: reloading
bird: 2026-07-27 20:03:45.566 [0000] <INFO> Reloading channel peer129.ipv4 for export
bird: 2026-07-27 20:03:45.566 [0000] <INFO> Reloading channel peer130.ipv4 for import
bird: 2026-07-27 20:03:45.566 [0000] <DBG> peer130.ipv4: reloading
bird: 2026-07-27 20:03:45.566 [0000] <INFO> Reloading channel peer130.ipv4 for export
bird: 2026-07-27 20:03:45.566 [0000] <INFO> Reloading channel peer131.ipv4 for import
bird: 2026-07-27 20:03:45.566 [0000] <DBG> peer131.ipv4: reloading
bird: 2026-07-27 20:03:45.566 [0000] <INFO> Reloading channel peer131.ipv4 for export
bird: 2026-07-27 20:03:45.566 [0000] <INFO> Reloading channel peer132.ipv4 for import
bird: 2026-07-27 20:03:45.566 [0000] <DBG> peer132.ipv4: reloading
bird: 2026-07-27 20:03:45.566 [0000] <INFO> Reloading channel peer132.ipv4 for export
bird: 2026-07-27 20:03:45.566 [0000] <INFO> Reloading channel peer133.ipv4 for import
bird: 2026-07-27 20:03:45.566 [0000] <DBG> peer133.ipv4: reloading
bird: 2026-07-27 20:03:45.566 [0000] <INFO> Reloading channel peer133.ipv4 for export
bird: 2026-07-27 20:03:45.566 [0000] <INFO> Reloading channel peer134.ipv4 for import
bird: 2026-07-27 20:03:45.566 [0000] <DBG> peer134.ipv4: reloading
bird: 2026-07-27 20:03:45.566 [0000] <INFO> Reloading channel peer134.ipv4 for export
bird: 2026-07-27 20:03:45.566 [0000] <INFO> Reloading channel peer135.ipv4 for import
bird: 2026-07-27 20:03:45.566 [0000] <DBG> peer135.ipv4: reloading
bird: 2026-07-27 20:03:45.566 [0000] <INFO> Reloading channel peer135.ipv4 for export
bird: 2026-07-27 20:03:45.566 [0000] <INFO> Reloading channel peer136.ipv4 for import
bird: 2026-07-27 20:03:45.566 [0000] <DBG> peer136.ipv4: reloading
bird: 2026-07-27 20:03:45.566 [0000] <INFO> Reloading channel peer136.ipv4 for export
bird: 2026-07-27 20:03:45.566 [0000] <INFO> Reloading channel peer137.ipv4 for import
bird: 2026-07-27 20:03:45.566 [0000] <DBG> peer137.ipv4: reloading
bird: 2026-07-27 20:03:45.566 [0000] <INFO> Reloading channel peer137.ipv4 for export
bird: 2026-07-27 20:03:45.566 [0000] <INFO> Reloading channel peer138.ipv4 for import
bird: 2026-07-27 20:03:45.566 [0000] <DBG> peer138.ipv4: reloading
bird: 2026-07-27 20:03:45.566 [0000] <INFO> Reloading channel peer138.ipv4 for export
bird: 2026-07-27 20:03:45.566 [0000] <INFO> Reloading channel peer139.ipv4 for import
bird: 2026-07-27 20:03:45.566 [0000] <DBG> peer139.ipv4: reloading
bird: 2026-07-27 20:03:45.566 [0000] <INFO> Reloading channel peer139.ipv4 for export
bird: 2026-07-27 20:03:45.566 [0000] <INFO> Reloading channel peer140.ipv4 for import
bird: 2026-07-27 20:03:45.566 [0000] <DBG> peer140.ipv4: reloading
bird: 2026-07-27 20:03:45.566 [0000] <INFO> Reloading channel peer140.ipv4 for export
bird: 2026-07-27 20:03:45.566 [0000] <INFO> Reloading channel peer141.ipv4 for import
bird: 2026-07-27 20:03:45.566 [0000] <DBG> peer141.ipv4: reloading
bird: 2026-07-27 20:03:45.566 [0000] <INFO> Reloading channel peer141.ipv4 for export
bird: 2026-07-27 20:03:45.566 [0000] <INFO> Reloading channel peer142.ipv4 for import
bird: 2026-07-27 20:03:45.566 [0000] <DBG> peer142.ipv4: reloading
bird: 2026-07-27 20:03:45.566 [0000] <INFO> Reloading channel peer142.ipv4 for export
bird: 2026-07-27 20:03:45.566 [0000] <INFO> Reloading channel peer143.ipv4 for import
bird: 2026-07-27 20:03:45.566 [0000] <DBG> peer143.ipv4: reloading
bird: 2026-07-27 20:03:45.566 [0000] <INFO> Reloading channel peer143.ipv4 for export
bird: 2026-07-27 20:03:45.566 [0000] <INFO> Reloading channel peer144.ipv4 for import
bird: 2026-07-27 20:03:45.566 [0000] <DBG> peer144.ipv4: reloading
bird: 2026-07-27 20:03:45.566 [0000] <INFO> Reloading channel peer144.ipv4 for export
bird: 2026-07-27 20:03:45.566 [0000] <INFO> Reloading channel peer145.ipv4 for import
bird: 2026-07-27 20:03:45.566 [0000] <DBG> peer145.ipv4: reloading
bird: 2026-07-27 20:03:45.566 [0000] <INFO> Reloading channel peer145.ipv4 for export
bird: 2026-07-27 20:03:45.566 [0000] <INFO> Reloading channel peer146.ipv4 for import
bird: 2026-07-27 20:03:45.566 [0000] <DBG> peer146.ipv4: reloading
bird: 2026-07-27 20:03:45.566 [0000] <INFO> Reloading channel peer146.ipv4 for export
bird: 2026-07-27 20:03:45.566 [0000] <INFO> Reloading channel peer147.ipv4 for import
bird: 2026-07-27 20:03:45.566 [0000] <DBG> peer147.ipv4: reloading
bird: 2026-07-27 20:03:45.566 [0000] <INFO> Reloading channel peer147.ipv4 for export
bird: 2026-07-27 20:03:45.566 [0000] <INFO> Reloading channel peer148.ipv4 for import
bird: 2026-07-27 20:03:45.566 [0000] <DBG> peer148.ipv4: reloading
bird: 2026-07-27 20:03:45.566 [0000] <INFO> Reloading channel peer148.ipv4 for export
bird: 2026-07-27 20:03:45.566 [0000] <INFO> Reloading channel peer149.ipv4 for import
bird: 2026-07-27 20:03:45.566 [0000] <DBG> peer149.ipv4: reloading
bird: 2026-07-27 20:03:45.566 [0000] <INFO> Reloading channel peer149.ipv4 for export
bird: 2026-07-27 20:03:45.566 [0000] <INFO> Reloading channel peer150.ipv4 for import
bird: 2026-07-27 20:03:45.566 [0000] <DBG> peer150.ipv4: reloading
bird: 2026-07-27 20:03:45.566 [0000] <INFO> Reloading channel peer150.ipv4 for export
bird: 2026-07-27 20:03:45.566 [0000] <INFO> Reloading channel peer151.ipv4 for import
bird: 2026-07-27 20:03:45.566 [0000] <DBG> peer151.ipv4: reloading
bird: 2026-07-27 20:03:45.566 [0000] <INFO> Reloading channel peer151.ipv4 for export
bird: 2026-07-27 20:03:45.566 [0000] <INFO> Reloading channel peer152.ipv4 for import
bird: 2026-07-27 20:03:45.566 [0000] <DBG> peer152.ipv4: reloading
bird: 2026-07-27 20:03:45.566 [0000] <INFO> Reloading channel peer152.ipv4 for export
bird: 2026-07-27 20:03:45.566 [0000] <INFO> Reloading channel peer153.ipv4 for import
bird: 2026-07-27 20:03:45.566 [0000] <DBG> peer153.ipv4: reloading
bird: 2026-07-27 20:03:45.566 [0000] <INFO> Reloading channel peer153.ipv4 for export
bird: 2026-07-27 20:03:45.566 [0000] <INFO> Reloading channel peer154.ipv4 for import
bird: 2026-07-27 20:03:45.566 [0000] <DBG> peer154.ipv4: reloading
bird: 2026-07-27 20:03:45.566 [0000] <INFO> Reloading channel peer154.ipv4 for export
bird: 2026-07-27 20:03:45.566 [0000] <INFO> Reloading channel peer155.ipv4 for import
bird: 2026-07-27 20:03:45.566 [0000] <DBG> peer155.ipv4: reloading
bird: 2026-07-27 20:03:45.566 [0000] <INFO> Reloading channel peer155.ipv4 for export
bird: 2026-07-27 20:03:45.566 [0000] <INFO> Reloading channel peer156.ipv4 for import
bird: 2026-07-27 20:03:45.566 [0000] <DBG> peer156.ipv4: reloading
bird: 2026-07-27 20:03:45.566 [0000] <INFO> Reloading channel peer156.ipv4 for export
bird: 2026-07-27 20:03:45.566 [0000] <INFO> Reloading channel peer157.ipv4 for import
bird: 2026-07-27 20:03:45.566 [0000] <DBG> peer157.ipv4: reloading
bird: 2026-07-27 20:03:45.566 [0000] <INFO> Reloading channel peer157.ipv4 for export
bird: 2026-07-27 20:03:45.566 [0000] <INFO> Reloading channel peer158.ipv4 for import
bird: 2026-07-27 20:03:45.566 [0000] <DBG> peer158.ipv4: reloading
bird: 2026-07-27 20:03:45.566 [0000] <INFO> Reloading channel peer158.ipv4 for export
bird: 2026-07-27 20:03:45.566 [0000] <INFO> Reloading channel peer159.ipv4 for import
bird: 2026-07-27 20:03:45.566 [0000] <DBG> peer159.ipv4: reloading
bird: 2026-07-27 20:03:45.566 [0000] <INFO> Reloading channel peer159.ipv4 for export
bird: 2026-07-27 20:03:45.566 [0000] <INFO> Reloading channel peer160.ipv4 for import
bird: 2026-07-27 20:03:45.566 [0000] <DBG> peer160.ipv4: reloading
bird: 2026-07-27 20:03:45.566 [0000] <INFO> Reloading channel peer160.ipv4 for export
bird: 2026-07-27 20:03:45.566 [0000] <INFO> Reloading channel peer161.ipv4 for import
bird: 2026-07-27 20:03:45.566 [0000] <DBG> peer161.ipv4: reloading
bird: 2026-07-27 20:03:45.566 [0000] <INFO> Reloading channel peer161.ipv4 for export
bird: 2026-07-27 20:03:45.566 [0000] <INFO> Reloading channel peer162.ipv4 for import
bird: 2026-07-27 20:03:45.566 [0000] <DBG> peer162.ipv4: reloading
bird: 2026-07-27 20:03:45.566 [0000] <INFO> Reloading channel peer162.ipv4 for export
bird: 2026-07-27 20:03:45.566 [0000] <INFO> Reloading channel peer163.ipv4 for import
bird: 2026-07-27 20:03:45.566 [0000] <DBG> peer163.ipv4: reloading
bird: 2026-07-27 20:03:45.566 [0000] <INFO> Reloading channel peer163.ipv4 for export
bird: 2026-07-27 20:03:45.566 [0000] <INFO> Reloading channel peer164.ipv4 for import
bird: 2026-07-27 20:03:45.566 [0000] <DBG> peer164.ipv4: reloading
bird: 2026-07-27 20:03:45.566 [0000] <INFO> Reloading channel peer164.ipv4 for export
bird: 2026-07-27 20:03:45.566 [0000] <INFO> Reloading channel peer165.ipv4 for import
bird: 2026-07-27 20:03:45.566 [0000] <DBG> peer165.ipv4: reloading
bird: 2026-07-27 20:03:45.566 [0000] <INFO> Reloading channel peer165.ipv4 for export
bird: 2026-07-27 20:03:45.566 [0000] <INFO> Reloading channel peer166.ipv4 for import
bird: 2026-07-27 20:03:45.566 [0000] <DBG> peer166.ipv4: reloading
bird: 2026-07-27 20:03:45.566 [0000] <INFO> Reloading channel peer166.ipv4 for export
bird: 2026-07-27 20:03:45.566 [0000] <INFO> Reloading channel peer167.ipv4 for import
bird: 2026-07-27 20:03:45.566 [0000] <DBG> peer167.ipv4: reloading
bird: 2026-07-27 20:03:45.566 [0000] <INFO> Reloading channel peer167.ipv4 for export
bird: 2026-07-27 20:03:45.566 [0000] <INFO> Reloading channel peer168.ipv4 for import
bird: 2026-07-27 20:03:45.566 [0000] <DBG> peer168.ipv4: reloading
bird: 2026-07-27 20:03:45.566 [0000] <INFO> Reloading channel peer168.ipv4 for export
bird: 2026-07-27 20:03:45.566 [0000] <INFO> Reloading channel peer169.ipv4 for import
bird: 2026-07-27 20:03:45.566 [0000] <DBG> peer169.ipv4: reloading
bird: 2026-07-27 20:03:45.566 [0000] <INFO> Reloading channel peer169.ipv4 for export
bird: 2026-07-27 20:03:45.566 [0000] <INFO> Reloading channel peer170.ipv4 for import
bird: 2026-07-27 20:03:45.566 [0000] <DBG> peer170.ipv4: reloading
bird: 2026-07-27 20:03:45.566 [0000] <INFO> Reloading channel peer170.ipv4 for export
bird: 2026-07-27 20:03:45.566 [0000] <INFO> Reloading channel peer171.ipv4 for import
bird: 2026-07-27 20:03:45.566 [0000] <DBG> peer171.ipv4: reloading
bird: 2026-07-27 20:03:45.566 [0000] <INFO> Reloading channel peer171.ipv4 for export
bird: 2026-07-27 20:03:45.566 [0000] <INFO> Reloading channel peer172.ipv4 for import
bird: 2026-07-27 20:03:45.566 [0000] <DBG> peer172.ipv4: reloading
bird: 2026-07-27 20:03:45.566 [0000] <INFO> Reloading channel peer172.ipv4 for export
bird: 2026-07-27 20:03:45.566 [0000] <INFO> Reloading channel peer173.ipv4 for import
bird: 2026-07-27 20:03:45.566 [0000] <DBG> peer173.ipv4: reloading
bird: 2026-07-27 20:03:45.566 [0000] <INFO> Reloading channel peer173.ipv4 for export
bird: 2026-07-27 20:03:45.566 [0000] <INFO> Reloading channel peer174.ipv4 for import
bird: 2026-07-27 20:03:45.566 [0000] <DBG> peer174.ipv4: reloading
bird: 2026-07-27 20:03:45.566 [0000] <INFO> Reloading channel peer174.ipv4 for export
bird: 2026-07-27 20:03:45.566 [0000] <INFO> Reloading channel peer175.ipv4 for import
bird: 2026-07-27 20:03:45.566 [0000] <DBG> peer175.ipv4: reloading
bird: 2026-07-27 20:03:45.566 [0000] <INFO> Reloading channel peer175.ipv4 for export
bird: 2026-07-27 20:03:45.566 [0000] <INFO> Reloading channel peer176.ipv4 for import
bird: 2026-07-27 20:03:45.566 [0000] <DBG> peer176.ipv4: reloading
bird: 2026-07-27 20:03:45.566 [0000] <INFO> Reloading channel peer176.ipv4 for export
bird: 2026-07-27 20:03:45.566 [0000] <INFO> Reloading channel peer177.ipv4 for import
bird: 2026-07-27 20:03:45.566 [0000] <DBG> peer177.ipv4: reloading
bird: 2026-07-27 20:03:45.566 [0000] <INFO> Reloading channel peer177.ipv4 for export
bird: 2026-07-27 20:03:45.566 [0000] <INFO> Reloading channel peer178.ipv4 for import
bird: 2026-07-27 20:03:45.566 [0000] <DBG> peer178.ipv4: reloading
bird: 2026-07-27 20:03:45.566 [0000] <INFO> Reloading channel peer178.ipv4 for export
bird: 2026-07-27 20:03:45.566 [0000] <INFO> Reloading channel peer179.ipv4 for import
bird: 2026-07-27 20:03:45.566 [0000] <DBG> peer179.ipv4: reloading
bird: 2026-07-27 20:03:45.566 [0000] <INFO> Reloading channel peer179.ipv4 for export
bird: 2026-07-27 20:03:45.566 [0000] <INFO> Reloading channel peer180.ipv4 for import
bird: 2026-07-27 20:03:45.566 [0000] <DBG> peer180.ipv4: reloading
bird: 2026-07-27 20:03:45.566 [0000] <INFO> Reloading channel peer180.ipv4 for export
bird: 2026-07-27 20:03:45.566 [0000] <INFO> Reloading channel peer181.ipv4 for import
bird: 2026-07-27 20:03:45.566 [0000] <DBG> peer181.ipv4: reloading
bird: 2026-07-27 20:03:45.566 [0000] <INFO> Reloading channel peer181.ipv4 for export
bird: 2026-07-27 20:03:45.566 [0000] <INFO> Reloading channel peer182.ipv4 for import
bird: 2026-07-27 20:03:45.566 [0000] <DBG> peer182.ipv4: reloading
bird: 2026-07-27 20:03:45.566 [0000] <INFO> Reloading channel peer182.ipv4 for export
bird: 2026-07-27 20:03:45.566 [0000] <INFO> Reloading channel peer183.ipv4 for import
bird: 2026-07-27 20:03:45.566 [0000] <DBG> peer183.ipv4: reloading
bird: 2026-07-27 20:03:45.566 [0000] <INFO> Reloading channel peer183.ipv4 for export
bird: 2026-07-27 20:03:45.566 [0000] <INFO> Reloading channel peer184.ipv4 for import
bird: 2026-07-27 20:03:45.566 [0000] <DBG> peer184.ipv4: reloading
bird: 2026-07-27 20:03:45.566 [0000] <INFO> Reloading channel peer184.ipv4 for export
bird: 2026-07-27 20:03:45.566 [0000] <INFO> Reloading channel peer185.ipv4 for import
bird: 2026-07-27 20:03:45.566 [0000] <DBG> peer185.ipv4: reloading
bird: 2026-07-27 20:03:45.566 [0000] <INFO> Reloading channel peer185.ipv4 for export
bird: 2026-07-27 20:03:45.566 [0000] <INFO> Reloading channel peer186.ipv4 for import
bird: 2026-07-27 20:03:45.566 [0000] <DBG> peer186.ipv4: reloading
bird: 2026-07-27 20:03:45.566 [0000] <INFO> Reloading channel peer186.ipv4 for export
bird: 2026-07-27 20:03:45.566 [0000] <INFO> Reloading channel peer187.ipv4 for import
bird: 2026-07-27 20:03:45.566 [0000] <DBG> peer187.ipv4: reloading
bird: 2026-07-27 20:03:45.566 [0000] <INFO> Reloading channel peer187.ipv4 for export
bird: 2026-07-27 20:03:45.566 [0000] <INFO> Reloading channel peer188.ipv4 for import
bird: 2026-07-27 20:03:45.566 [0000] <DBG> peer188.ipv4: reloading
bird: 2026-07-27 20:03:45.566 [0000] <INFO> Reloading channel peer188.ipv4 for export
bird: 2026-07-27 20:03:45.566 [0000] <INFO> Reloading channel peer189.ipv4 for import
bird: 2026-07-27 20:03:45.566 [0000] <DBG> peer189.ipv4: reloading
bird: 2026-07-27 20:03:45.566 [0000] <INFO> Reloading channel peer189.ipv4 for export
bird: 2026-07-27 20:03:45.566 [0000] <INFO> Reloading channel peer190.ipv4 for import
bird: 2026-07-27 20:03:45.566 [0000] <DBG> peer190.ipv4: reloading
bird: 2026-07-27 20:03:45.566 [0000] <INFO> Reloading channel peer190.ipv4 for export
bird: 2026-07-27 20:03:45.566 [0000] <INFO> Reloading channel peer191.ipv4 for import
bird: 2026-07-27 20:03:45.566 [0000] <DBG> peer191.ipv4: reloading
bird: 2026-07-27 20:03:45.566 [0000] <INFO> Reloading channel peer191.ipv4 for export
bird: 2026-07-27 20:03:45.566 [0000] <INFO> Reloading channel peer192.ipv4 for import
bird: 2026-07-27 20:03:45.566 [0000] <DBG> peer192.ipv4: reloading
bird: 2026-07-27 20:03:45.566 [0000] <INFO> Reloading channel peer192.ipv4 for export
bird: 2026-07-27 20:03:45.566 [0000] <INFO> Reloading channel peer193.ipv4 for import
bird: 2026-07-27 20:03:45.566 [0000] <DBG> peer193.ipv4: reloading
bird: 2026-07-27 20:03:45.566 [0000] <INFO> Reloading channel peer193.ipv4 for export
bird: 2026-07-27 20:03:45.566 [0000] <INFO> Reloading channel peer194.ipv4 for import
bird: 2026-07-27 20:03:45.566 [0000] <DBG> peer194.ipv4: reloading
bird: 2026-07-27 20:03:45.566 [0000] <INFO> Reloading channel peer194.ipv4 for export
bird: 2026-07-27 20:03:45.566 [0000] <INFO> Reloading channel peer195.ipv4 for import
bird: 2026-07-27 20:03:45.566 [0000] <DBG> peer195.ipv4: reloading
bird: 2026-07-27 20:03:45.566 [0000] <INFO> Reloading channel peer195.ipv4 for export
bird: 2026-07-27 20:03:45.566 [0000] <INFO> Reloading channel peer196.ipv4 for import
bird: 2026-07-27 20:03:45.566 [0000] <DBG> peer196.ipv4: reloading
bird: 2026-07-27 20:03:45.566 [0000] <INFO> Reloading channel peer196.ipv4 for export
bird: 2026-07-27 20:03:45.566 [0000] <INFO> Reloading channel peer197.ipv4 for import
bird: 2026-07-27 20:03:45.566 [0000] <DBG> peer197.ipv4: reloading
bird: 2026-07-27 20:03:45.566 [0000] <INFO> Reloading channel peer197.ipv4 for export
bird: 2026-07-27 20:03:45.566 [0000] <INFO> Reloading channel peer198.ipv4 for import
bird: 2026-07-27 20:03:45.566 [0000] <DBG> peer198.ipv4: reloading
bird: 2026-07-27 20:03:45.566 [0000] <INFO> Reloading channel peer198.ipv4 for export
bird: 2026-07-27 20:03:45.566 [0000] <INFO> Reloading channel peer199.ipv4 for import
bird: 2026-07-27 20:03:45.566 [0000] <DBG> peer199.ipv4: reloading
bird: 2026-07-27 20:03:45.566 [0000] <INFO> Reloading channel peer199.ipv4 for export
bird: 2026-07-27 20:03:45.566 [0000] <INFO> Reloading channel peer200.ipv4 for import
bird: 2026-07-27 20:03:45.566 [0000] <DBG> peer200.ipv4: reloading
bird: 2026-07-27 20:03:45.566 [0000] <INFO> Reloading channel peer200.ipv4 for export
bird: 2026-07-27 20:03:45.566 [0000] <INFO> Reloading channel peer201.ipv4 for import
bird: 2026-07-27 20:03:45.566 [0000] <DBG> peer201.ipv4: reloading
bird: 2026-07-27 20:03:45.566 [0000] <INFO> Reloading channel peer201.ipv4 for export
bird: 2026-07-27 20:03:45.566 [0000] <INFO> Reloading channel peer202.ipv4 for import
bird: 2026-07-27 20:03:45.566 [0000] <DBG> peer202.ipv4: reloading
bird: 2026-07-27 20:03:45.566 [0000] <INFO> Reloading channel peer202.ipv4 for export
bird: 2026-07-27 20:03:45.566 [0000] <INFO> Reloading channel peer203.ipv4 for import
bird: 2026-07-27 20:03:45.566 [0000] <DBG> peer203.ipv4: reloading
bird: 2026-07-27 20:03:45.566 [0000] <INFO> Reloading channel peer203.ipv4 for export
bird: 2026-07-27 20:03:45.566 [0000] <INFO> Reloading channel peer204.ipv4 for import
bird: 2026-07-27 20:03:45.566 [0000] <DBG> peer204.ipv4: reloading
bird: 2026-07-27 20:03:45.566 [0000] <INFO> Reloading channel peer204.ipv4 for export
bird: 2026-07-27 20:03:45.566 [0000] <INFO> Reloading channel peer205.ipv4 for import
bird: 2026-07-27 20:03:45.566 [0000] <DBG> peer205.ipv4: reloading
bird: 2026-07-27 20:03:45.566 [0000] <INFO> Reloading channel peer205.ipv4 for export
bird: 2026-07-27 20:03:45.566 [0000] <INFO> Reloading channel peer206.ipv4 for import
bird: 2026-07-27 20:03:45.566 [0000] <DBG> peer206.ipv4: reloading
bird: 2026-07-27 20:03:45.566 [0000] <INFO> Reloading channel peer206.ipv4 for export
bird: 2026-07-27 20:03:45.566 [0000] <INFO> Reloading channel peer207.ipv4 for import
bird: 2026-07-27 20:03:45.566 [0000] <DBG> peer207.ipv4: reloading
bird: 2026-07-27 20:03:45.566 [0000] <INFO> Reloading channel peer207.ipv4 for export
bird: 2026-07-27 20:03:45.566 [0000] <INFO> Reloading channel peer208.ipv4 for import
bird: 2026-07-27 20:03:45.566 [0000] <DBG> peer208.ipv4: reloading
bird: 2026-07-27 20:03:45.566 [0000] <INFO> Reloading channel peer208.ipv4 for export
bird: 2026-07-27 20:03:45.566 [0000] <INFO> Reloading channel peer209.ipv4 for import
bird: 2026-07-27 20:03:45.566 [0000] <DBG> peer209.ipv4: reloading
bird: 2026-07-27 20:03:45.566 [0000] <INFO> Reloading channel peer209.ipv4 for export
bird: 2026-07-27 20:03:45.566 [0000] <INFO> Reloading channel peer210.ipv4 for import
bird: 2026-07-27 20:03:45.566 [0000] <DBG> peer210.ipv4: reloading
bird: 2026-07-27 20:03:45.566 [0000] <INFO> Reloading channel peer210.ipv4 for export
bird: 2026-07-27 20:03:45.566 [0000] <INFO> Reloading channel peer211.ipv4 for import
bird: 2026-07-27 20:03:45.566 [0000] <DBG> peer211.ipv4: reloading
bird: 2026-07-27 20:03:45.566 [0000] <INFO> Reloading channel peer211.ipv4 for export
bird: 2026-07-27 20:03:45.566 [0000] <INFO> Reloading channel peer212.ipv4 for import
bird: 2026-07-27 20:03:45.566 [0000] <DBG> peer212.ipv4: reloading
bird: 2026-07-27 20:03:45.566 [0000] <INFO> Reloading channel peer212.ipv4 for export
bird: 2026-07-27 20:03:45.566 [0000] <INFO> Reloading channel peer213.ipv4 for import
bird: 2026-07-27 20:03:45.566 [0000] <DBG> peer213.ipv4: reloading
bird: 2026-07-27 20:03:45.566 [0000] <INFO> Reloading channel peer213.ipv4 for export
bird: 2026-07-27 20:03:45.566 [0000] <INFO> Reloading channel peer214.ipv4 for import
bird: 2026-07-27 20:03:45.566 [0000] <DBG> peer214.ipv4: reloading
bird: 2026-07-27 20:03:45.566 [0000] <INFO> Reloading channel peer214.ipv4 for export
bird: 2026-07-27 20:03:45.566 [0000] <INFO> Reloading channel peer215.ipv4 for import
bird: 2026-07-27 20:03:45.566 [0000] <DBG> peer215.ipv4: reloading
bird: 2026-07-27 20:03:45.566 [0000] <INFO> Reloading channel peer215.ipv4 for export
bird: 2026-07-27 20:03:45.566 [0000] <INFO> Reloading channel peer216.ipv4 for import
bird: 2026-07-27 20:03:45.566 [0000] <DBG> peer216.ipv4: reloading
bird: 2026-07-27 20:03:45.566 [0000] <INFO> Reloading channel peer216.ipv4 for export
bird: 2026-07-27 20:03:45.566 [0000] <INFO> Reloading channel peer217.ipv4 for import
bird: 2026-07-27 20:03:45.566 [0000] <DBG> peer217.ipv4: reloading
bird: 2026-07-27 20:03:45.566 [0000] <INFO> Reloading channel peer217.ipv4 for export
bird: 2026-07-27 20:03:45.566 [0000] <INFO> Reloading channel peer218.ipv4 for import
bird: 2026-07-27 20:03:45.566 [0000] <DBG> peer218.ipv4: reloading
bird: 2026-07-27 20:03:45.566 [0000] <INFO> Reloading channel peer218.ipv4 for export
bird: 2026-07-27 20:03:45.566 [0000] <INFO> Reloading channel peer219.ipv4 for import
bird: 2026-07-27 20:03:45.566 [0000] <DBG> peer219.ipv4: reloading
bird: 2026-07-27 20:03:45.566 [0000] <INFO> Reloading channel peer219.ipv4 for export
bird: 2026-07-27 20:03:45.566 [0000] <INFO> Reloading channel peer220.ipv4 for import
bird: 2026-07-27 20:03:45.566 [0000] <DBG> peer220.ipv4: reloading
bird: 2026-07-27 20:03:45.566 [0000] <INFO> Reloading channel peer220.ipv4 for export
bird: 2026-07-27 20:03:45.566 [0000] <INFO> Reloading channel peer221.ipv4 for import
bird: 2026-07-27 20:03:45.566 [0000] <DBG> peer221.ipv4: reloading
bird: 2026-07-27 20:03:45.566 [0000] <INFO> Reloading channel peer221.ipv4 for export
bird: 2026-07-27 20:03:45.566 [0000] <INFO> Reloading channel peer222.ipv4 for import
bird: 2026-07-27 20:03:45.566 [0000] <DBG> peer222.ipv4: reloading
bird: 2026-07-27 20:03:45.566 [0000] <INFO> Reloading channel peer222.ipv4 for export
bird: 2026-07-27 20:03:45.566 [0000] <INFO> Reloading channel peer223.ipv4 for import
bird: 2026-07-27 20:03:45.566 [0000] <DBG> peer223.ipv4: reloading
bird: 2026-07-27 20:03:45.566 [0000] <INFO> Reloading channel peer223.ipv4 for export
bird: 2026-07-27 20:03:45.566 [0000] <INFO> Reloading channel peer224.ipv4 for import
bird: 2026-07-27 20:03:45.566 [0000] <DBG> peer224.ipv4: reloading
bird: 2026-07-27 20:03:45.566 [0000] <INFO> Reloading channel peer224.ipv4 for export
bird: 2026-07-27 20:03:45.566 [0000] <INFO> Reloading channel peer225.ipv4 for import
bird: 2026-07-27 20:03:45.566 [0000] <DBG> peer225.ipv4: reloading
bird: 2026-07-27 20:03:45.566 [0000] <INFO> Reloading channel peer225.ipv4 for export
bird: 2026-07-27 20:03:45.566 [0000] <INFO> Reloading channel peer226.ipv4 for import
bird: 2026-07-27 20:03:45.566 [0000] <DBG> peer226.ipv4: reloading
bird: 2026-07-27 20:03:45.566 [0000] <INFO> Reloading channel peer226.ipv4 for export
bird: 2026-07-27 20:03:45.566 [0000] <INFO> Reloading channel peer227.ipv4 for import
bird: 2026-07-27 20:03:45.566 [0000] <DBG> peer227.ipv4: reloading
bird: 2026-07-27 20:03:45.566 [0000] <INFO> Reloading channel peer227.ipv4 for export
bird: 2026-07-27 20:03:45.566 [0000] <INFO> Reloading channel peer228.ipv4 for import
bird: 2026-07-27 20:03:45.566 [0000] <DBG> peer228.ipv4: reloading
bird: 2026-07-27 20:03:45.566 [0000] <INFO> Reloading channel peer228.ipv4 for export
bird: 2026-07-27 20:03:45.566 [0000] <INFO> Reloading channel peer229.ipv4 for import
bird: 2026-07-27 20:03:45.566 [0000] <DBG> peer229.ipv4: reloading
bird: 2026-07-27 20:03:45.566 [0000] <INFO> Reloading channel peer229.ipv4 for export
bird: 2026-07-27 20:03:45.566 [0000] <INFO> Reloading channel peer230.ipv4 for import
bird: 2026-07-27 20:03:45.566 [0000] <DBG> peer230.ipv4: reloading
bird: 2026-07-27 20:03:45.566 [0000] <INFO> Reloading channel peer230.ipv4 for export
bird: 2026-07-27 20:03:45.566 [0000] <INFO> Reloading channel peer231.ipv4 for import
bird: 2026-07-27 20:03:45.566 [0000] <DBG> peer231.ipv4: reloading
bird: 2026-07-27 20:03:45.566 [0000] <INFO> Reloading channel peer231.ipv4 for export
bird: 2026-07-27 20:03:45.566 [0000] <INFO> Reloading channel peer232.ipv4 for import
bird: 2026-07-27 20:03:45.566 [0000] <DBG> peer232.ipv4: reloading
bird: 2026-07-27 20:03:45.566 [0000] <INFO> Reloading channel peer232.ipv4 for export
bird: 2026-07-27 20:03:45.566 [0000] <INFO> Reloading channel peer233.ipv4 for import
bird: 2026-07-27 20:03:45.566 [0000] <DBG> peer233.ipv4: reloading
bird: 2026-07-27 20:03:45.566 [0000] <INFO> Reloading channel peer233.ipv4 for export
bird: 2026-07-27 20:03:45.566 [0000] <INFO> Reloading channel peer234.ipv4 for import
bird: 2026-07-27 20:03:45.566 [0000] <DBG> peer234.ipv4: reloading
bird: 2026-07-27 20:03:45.566 [0000] <INFO> Reloading channel peer234.ipv4 for export
bird: 2026-07-27 20:03:45.566 [0000] <INFO> Reloading channel peer235.ipv4 for import
bird: 2026-07-27 20:03:45.566 [0000] <DBG> peer235.ipv4: reloading
bird: 2026-07-27 20:03:45.566 [0000] <INFO> Reloading channel peer235.ipv4 for export
bird: 2026-07-27 20:03:45.566 [0000] <INFO> Reloading channel peer236.ipv4 for import
bird: 2026-07-27 20:03:45.566 [0000] <DBG> peer236.ipv4: reloading
bird: 2026-07-27 20:03:45.566 [0000] <INFO> Reloading channel peer236.ipv4 for export
bird: 2026-07-27 20:03:45.566 [0000] <INFO> Reloading channel peer237.ipv4 for import
bird: 2026-07-27 20:03:45.566 [0000] <DBG> peer237.ipv4: reloading
bird: 2026-07-27 20:03:45.566 [0000] <INFO> Reloading channel peer237.ipv4 for export
bird: 2026-07-27 20:03:45.566 [0000] <INFO> Reloading channel peer238.ipv4 for import
bird: 2026-07-27 20:03:45.566 [0000] <DBG> peer238.ipv4: reloading
bird: 2026-07-27 20:03:45.566 [0000] <INFO> Reloading channel peer238.ipv4 for export
bird: 2026-07-27 20:03:45.566 [0000] <INFO> Reloading channel peer239.ipv4 for import
bird: 2026-07-27 20:03:45.566 [0000] <DBG> peer239.ipv4: reloading
bird: 2026-07-27 20:03:45.566 [0000] <INFO> Reloading channel peer239.ipv4 for export
bird: 2026-07-27 20:03:45.566 [0000] <INFO> Reloading channel peer240.ipv4 for import
bird: 2026-07-27 20:03:45.566 [0000] <DBG> peer240.ipv4: reloading
bird: 2026-07-27 20:03:45.566 [0000] <INFO> Reloading channel peer240.ipv4 for export
bird: 2026-07-27 20:03:45.566 [0000] <INFO> Reloading channel peer241.ipv4 for import
bird: 2026-07-27 20:03:45.566 [0000] <DBG> peer241.ipv4: reloading
bird: 2026-07-27 20:03:45.566 [0000] <INFO> Reloading channel peer241.ipv4 for export
bird: 2026-07-27 20:03:45.566 [0000] <INFO> Reloading channel peer242.ipv4 for import
bird: 2026-07-27 20:03:45.566 [0000] <DBG> peer242.ipv4: reloading
bird: 2026-07-27 20:03:45.566 [0000] <INFO> Reloading channel peer242.ipv4 for export
bird: 2026-07-27 20:03:45.566 [0000] <INFO> Reloading channel peer243.ipv4 for import
bird: 2026-07-27 20:03:45.566 [0000] <DBG> peer243.ipv4: reloading
bird: 2026-07-27 20:03:45.566 [0000] <INFO> Reloading channel peer243.ipv4 for export
bird: 2026-07-27 20:03:45.566 [0000] <INFO> Reloading channel peer244.ipv4 for import
bird: 2026-07-27 20:03:45.566 [0000] <DBG> peer244.ipv4: reloading
bird: 2026-07-27 20:03:45.566 [0000] <INFO> Reloading channel peer244.ipv4 for export
bird: 2026-07-27 20:03:45.566 [0000] <INFO> Reloading channel peer245.ipv4 for import
bird: 2026-07-27 20:03:45.566 [0000] <DBG> peer245.ipv4: reloading
bird: 2026-07-27 20:03:45.566 [0000] <INFO> Reloading channel peer245.ipv4 for export
bird: 2026-07-27 20:03:45.566 [0000] <INFO> Reloading channel peer246.ipv4 for import
bird: 2026-07-27 20:03:45.566 [0000] <DBG> peer246.ipv4: reloading
bird: 2026-07-27 20:03:45.566 [0000] <INFO> Reloading channel peer246.ipv4 for export
bird: 2026-07-27 20:03:45.566 [0000] <INFO> Reloading channel peer247.ipv4 for import
bird: 2026-07-27 20:03:45.566 [0000] <DBG> peer247.ipv4: reloading
bird: 2026-07-27 20:03:45.566 [0000] <INFO> Reloading channel peer247.ipv4 for export
bird: 2026-07-27 20:03:45.566 [0000] <INFO> Reloading channel peer248.ipv4 for import
bird: 2026-07-27 20:03:45.566 [0000] <DBG> peer248.ipv4: reloading
bird: 2026-07-27 20:03:45.566 [0000] <INFO> Reloading channel peer248.ipv4 for export
bird: 2026-07-27 20:03:45.566 [0000] <INFO> Reloading channel peer249.ipv4 for import
bird: 2026-07-27 20:03:45.566 [0000] <DBG> peer249.ipv4: reloading
bird: 2026-07-27 20:03:45.566 [0000] <INFO> Reloading channel peer249.ipv4 for export
bird: 2026-07-27 20:03:45.566 [0000] <INFO> Reloading channel peer250.ipv4 for import
bird: 2026-07-27 20:03:45.566 [0000] <DBG> peer250.ipv4: reloading
bird: 2026-07-27 20:03:45.566 [0000] <INFO> Reloading channel peer250.ipv4 for export
bird: 2026-07-27 20:03:45.566 [0000] <INFO> Reloading channel peer251.ipv4 for import
bird: 2026-07-27 20:03:45.566 [0000] <DBG> peer251.ipv4: reloading
bird: 2026-07-27 20:03:45.566 [0000] <INFO> Reloading channel peer251.ipv4 for export
bird: 2026-07-27 20:03:45.566 [0000] <INFO> Reloading channel peer252.ipv4 for import
bird: 2026-07-27 20:03:45.566 [0000] <DBG> peer252.ipv4: reloading
bird: 2026-07-27 20:03:45.566 [0000] <INFO> Reloading channel peer252.ipv4 for export
bird: 2026-07-27 20:03:45.566 [0000] <INFO> Reloading channel peer253.ipv4 for import
bird: 2026-07-27 20:03:45.566 [0000] <DBG> peer253.ipv4: reloading
bird: 2026-07-27 20:03:45.566 [0000] <INFO> Reloading channel peer253.ipv4 for export
bird: 2026-07-27 20:03:45.566 [0000] <INFO> Reloading channel peer254.ipv4 for import
bird: 2026-07-27 20:03:45.566 [0000] <DBG> peer254.ipv4: reloading
bird: 2026-07-27 20:03:45.566 [0000] <INFO> Reloading channel peer254.ipv4 for export
bird: 2026-07-27 20:03:45.566 [0000] <INFO> Reloading channel peer255.ipv4 for import
bird: 2026-07-27 20:03:45.566 [0000] <DBG> peer255.ipv4: reloading
bird: 2026-07-27 20:03:45.566 [0000] <INFO> Reloading channel peer255.ipv4 for export
bird: 2026-07-27 20:03:45.566 [0000] <INFO> Reloading channel peer256.ipv4 for import
bird: 2026-07-27 20:03:45.566 [0000] <DBG> peer256.ipv4: reloading
bird: 2026-07-27 20:03:45.566 [0000] <INFO> Reloading channel peer256.ipv4 for export
bird: 2026-07-27 20:03:45.566 [0000] <INFO> Reloading channel peer257.ipv4 for import
bird: 2026-07-27 20:03:45.566 [0000] <DBG> peer257.ipv4: reloading
bird: 2026-07-27 20:03:45.566 [0000] <INFO> Reloading channel peer257.ipv4 for export
bird: 2026-07-27 20:03:45.566 [0000] <INFO> Reloading channel peer258.ipv4 for import
bird: 2026-07-27 20:03:45.566 [0000] <DBG> peer258.ipv4: reloading
bird: 2026-07-27 20:03:45.566 [0000] <INFO> Reloading channel peer258.ipv4 for export
bird: 2026-07-27 20:03:45.566 [0000] <INFO> Reloading channel peer259.ipv4 for import
bird: 2026-07-27 20:03:45.566 [0000] <DBG> peer259.ipv4: reloading
bird: 2026-07-27 20:03:45.566 [0000] <INFO> Reloading channel peer259.ipv4 for export
bird: 2026-07-27 20:03:45.566 [0000] <INFO> Reloading channel peer260.ipv4 for import
bird: 2026-07-27 20:03:45.566 [0000] <DBG> peer260.ipv4: reloading
bird: 2026-07-27 20:03:45.566 [0000] <INFO> Reloading channel peer260.ipv4 for export
bird: 2026-07-27 20:03:45.566 [0000] <INFO> Reloading channel peer261.ipv4 for import
bird: 2026-07-27 20:03:45.566 [0000] <DBG> peer261.ipv4: reloading
bird: 2026-07-27 20:03:45.566 [0000] <INFO> Reloading channel peer261.ipv4 for export
bird: 2026-07-27 20:03:45.566 [0000] <INFO> Reloading channel peer262.ipv4 for import
bird: 2026-07-27 20:03:45.566 [0000] <DBG> peer262.ipv4: reloading
bird: 2026-07-27 20:03:45.566 [0000] <INFO> Reloading channel peer262.ipv4 for export
bird: 2026-07-27 20:03:45.566 [0000] <INFO> Reloading channel peer263.ipv4 for import
bird: 2026-07-27 20:03:45.566 [0000] <DBG> peer263.ipv4: reloading
bird: 2026-07-27 20:03:45.566 [0000] <INFO> Reloading channel peer263.ipv4 for export
bird: 2026-07-27 20:03:45.566 [0000] <INFO> Reloading channel peer264.ipv4 for import
bird: 2026-07-27 20:03:45.566 [0000] <DBG> peer264.ipv4: reloading
bird: 2026-07-27 20:03:45.566 [0000] <INFO> Reloading channel peer264.ipv4 for export
bird: 2026-07-27 20:03:45.566 [0000] <INFO> Reloading channel peer265.ipv4 for import
bird: 2026-07-27 20:03:45.566 [0000] <DBG> peer265.ipv4: reloading
bird: 2026-07-27 20:03:45.566 [0000] <INFO> Reloading channel peer265.ipv4 for export
bird: 2026-07-27 20:03:45.566 [0000] <INFO> Reloading channel peer266.ipv4 for import
bird: 2026-07-27 20:03:45.566 [0000] <DBG> peer266.ipv4: reloading
bird: 2026-07-27 20:03:45.566 [0000] <INFO> Reloading channel peer266.ipv4 for export
bird: 2026-07-27 20:03:45.566 [0000] <INFO> Reloading channel peer267.ipv4 for import
bird: 2026-07-27 20:03:45.566 [0000] <DBG> peer267.ipv4: reloading
bird: 2026-07-27 20:03:45.566 [0000] <INFO> Reloading channel peer267.ipv4 for export
bird: 2026-07-27 20:03:45.575 [0000] <INFO> Reloading channel peer268.ipv4 for import
bird: 2026-07-27 20:03:45.575 [0000] <DBG> peer268.ipv4: reloading
bird: 2026-07-27 20:03:45.575 [0000] <INFO> Reloading channel peer268.ipv4 for export
bird: 2026-07-27 20:03:45.575 [0000] <INFO> Reloading channel peer269.ipv4 for import
bird: 2026-07-27 20:03:45.575 [0000] <DBG> peer269.ipv4: reloading
bird: 2026-07-27 20:03:45.575 [0000] <INFO> Reloading channel peer269.ipv4 for export
bird: 2026-07-27 20:03:45.575 [0000] <INFO> Reloading channel peer270.ipv4 for import
bird: 2026-07-27 20:03:45.575 [0000] <DBG> peer270.ipv4: reloading
bird: 2026-07-27 20:03:45.575 [0000] <INFO> Reloading channel peer270.ipv4 for export
bird: 2026-07-27 20:03:45.575 [0000] <INFO> Reloading channel peer271.ipv4 for import
bird: 2026-07-27 20:03:45.575 [0000] <DBG> peer271.ipv4: reloading
bird: 2026-07-27 20:03:45.575 [0000] <INFO> Reloading channel peer271.ipv4 for export
bird: 2026-07-27 20:03:45.575 [0000] <INFO> Reloading channel peer272.ipv4 for import
bird: 2026-07-27 20:03:45.575 [0000] <DBG> peer272.ipv4: reloading
bird: 2026-07-27 20:03:45.575 [0000] <INFO> Reloading channel peer272.ipv4 for export
bird: 2026-07-27 20:03:45.575 [0000] <INFO> Reloading channel peer273.ipv4 for import
bird: 2026-07-27 20:03:45.575 [0000] <DBG> peer273.ipv4: reloading
bird: 2026-07-27 20:03:45.575 [0000] <INFO> Reloading channel peer273.ipv4 for export
bird: 2026-07-27 20:03:45.575 [0000] <INFO> Reloading channel peer274.ipv4 for import
bird: 2026-07-27 20:03:45.575 [0000] <DBG> peer274.ipv4: reloading
bird: 2026-07-27 20:03:45.575 [0000] <INFO> Reloading channel peer274.ipv4 for export
bird: 2026-07-27 20:03:45.575 [0000] <INFO> Reloading channel peer275.ipv4 for import
bird: 2026-07-27 20:03:45.575 [0000] <DBG> peer275.ipv4: reloading
bird: 2026-07-27 20:03:45.575 [0000] <INFO> Reloading channel peer275.ipv4 for export
bird: 2026-07-27 20:03:45.575 [0000] <INFO> Reloading channel peer276.ipv4 for import
bird: 2026-07-27 20:03:45.575 [0000] <DBG> peer276.ipv4: reloading
bird: 2026-07-27 20:03:45.575 [0000] <INFO> Reloading channel peer276.ipv4 for export
bird: 2026-07-27 20:03:45.575 [0000] <INFO> Reloading channel peer277.ipv4 for import
bird: 2026-07-27 20:03:45.575 [0000] <DBG> peer277.ipv4: reloading
bird: 2026-07-27 20:03:45.575 [0000] <INFO> Reloading channel peer277.ipv4 for export
bird: 2026-07-27 20:03:45.575 [0000] <INFO> Reloading channel peer278.ipv4 for import
bird: 2026-07-27 20:03:45.575 [0000] <DBG> peer278.ipv4: reloading
bird: 2026-07-27 20:03:45.575 [0000] <INFO> Reloading channel peer278.ipv4 for export
bird: 2026-07-27 20:03:45.575 [0000] <INFO> Reloading channel peer279.ipv4 for import
bird: 2026-07-27 20:03:45.575 [0000] <DBG> peer279.ipv4: reloading
bird: 2026-07-27 20:03:45.575 [0000] <INFO> Reloading channel peer279.ipv4 for export
bird: 2026-07-27 20:03:45.575 [0000] <INFO> Reloading channel peer280.ipv4 for import
bird: 2026-07-27 20:03:45.575 [0000] <DBG> peer280.ipv4: reloading
bird: 2026-07-27 20:03:45.575 [0000] <INFO> Reloading channel peer280.ipv4 for export
bird: 2026-07-27 20:03:45.575 [0000] <INFO> Reloading channel peer281.ipv4 for import
bird: 2026-07-27 20:03:45.575 [0000] <DBG> peer281.ipv4: reloading
bird: 2026-07-27 20:03:45.575 [0000] <INFO> Reloading channel peer281.ipv4 for export
bird: 2026-07-27 20:03:45.575 [0000] <INFO> Reloading channel peer282.ipv4 for import
bird: 2026-07-27 20:03:45.575 [0000] <DBG> peer282.ipv4: reloading
bird: 2026-07-27 20:03:45.575 [0000] <INFO> Reloading channel peer282.ipv4 for export
bird: 2026-07-27 20:03:45.575 [0000] <INFO> Reloading channel peer283.ipv4 for import
bird: 2026-07-27 20:03:45.575 [0000] <DBG> peer283.ipv4: reloading
bird: 2026-07-27 20:03:45.575 [0000] <INFO> Reloading channel peer283.ipv4 for export
bird: 2026-07-27 20:03:45.575 [0000] <INFO> Reloading channel peer284.ipv4 for import
bird: 2026-07-27 20:03:45.575 [0000] <DBG> peer284.ipv4: reloading
bird: 2026-07-27 20:03:45.575 [0000] <INFO> Reloading channel peer284.ipv4 for export
bird: 2026-07-27 20:03:45.575 [0000] <INFO> Reloading channel peer285.ipv4 for import
bird: 2026-07-27 20:03:45.575 [0000] <DBG> peer285.ipv4: reloading
bird: 2026-07-27 20:03:45.575 [0000] <INFO> Reloading channel peer285.ipv4 for export
bird: 2026-07-27 20:03:45.575 [0000] <INFO> Reloading channel peer286.ipv4 for import
bird: 2026-07-27 20:03:45.575 [0000] <DBG> peer286.ipv4: reloading
bird: 2026-07-27 20:03:45.575 [0000] <INFO> Reloading channel peer286.ipv4 for export
bird: 2026-07-27 20:03:45.575 [0000] <INFO> Reloading channel peer287.ipv4 for import
bird: 2026-07-27 20:03:45.575 [0000] <DBG> peer287.ipv4: reloading
bird: 2026-07-27 20:03:45.575 [0000] <INFO> Reloading channel peer287.ipv4 for export
bird: 2026-07-27 20:03:45.575 [0000] <INFO> Reloading channel peer288.ipv4 for import
bird: 2026-07-27 20:03:45.575 [0000] <DBG> peer288.ipv4: reloading
bird: 2026-07-27 20:03:45.575 [0000] <INFO> Reloading channel peer288.ipv4 for export
bird: 2026-07-27 20:03:45.575 [0000] <INFO> Reloading channel peer289.ipv4 for import
bird: 2026-07-27 20:03:45.575 [0000] <DBG> peer289.ipv4: reloading
bird: 2026-07-27 20:03:45.575 [0000] <INFO> Reloading channel peer289.ipv4 for export
bird: 2026-07-27 20:03:45.575 [0000] <INFO> Reloading channel peer290.ipv4 for import
bird: 2026-07-27 20:03:45.576 [0000] <DBG> peer290.ipv4: reloading
bird: 2026-07-27 20:03:45.576 [0000] <INFO> Reloading channel peer290.ipv4 for export
bird: 2026-07-27 20:03:45.576 [0000] <INFO> Reloading channel peer291.ipv4 for import
bird: 2026-07-27 20:03:45.576 [0000] <DBG> peer291.ipv4: reloading
bird: 2026-07-27 20:03:45.576 [0000] <INFO> Reloading channel peer291.ipv4 for export
bird: 2026-07-27 20:03:45.576 [0000] <INFO> Reloading channel peer292.ipv4 for import
bird: 2026-07-27 20:03:45.576 [0000] <DBG> peer292.ipv4: reloading
bird: 2026-07-27 20:03:45.576 [0000] <INFO> Reloading channel peer292.ipv4 for export
bird: 2026-07-27 20:03:45.576 [0000] <INFO> Reloading channel peer293.ipv4 for import
bird: 2026-07-27 20:03:45.576 [0000] <DBG> peer293.ipv4: reloading
bird: 2026-07-27 20:03:45.576 [0000] <INFO> Reloading channel peer293.ipv4 for export
bird: 2026-07-27 20:03:45.576 [0000] <INFO> Reloading channel peer294.ipv4 for import
bird: 2026-07-27 20:03:45.576 [0000] <DBG> peer294.ipv4: reloading
bird: 2026-07-27 20:03:45.576 [0000] <INFO> Reloading channel peer294.ipv4 for export
bird: 2026-07-27 20:03:45.576 [0000] <INFO> Reloading channel peer295.ipv4 for import
bird: 2026-07-27 20:03:45.576 [0000] <DBG> peer295.ipv4: reloading
bird: 2026-07-27 20:03:45.576 [0000] <INFO> Reloading channel peer295.ipv4 for export
bird: 2026-07-27 20:03:45.576 [0000] <INFO> Reloading channel peer296.ipv4 for import
bird: 2026-07-27 20:03:45.576 [0000] <DBG> peer296.ipv4: reloading
bird: 2026-07-27 20:03:45.576 [0000] <INFO> Reloading channel peer296.ipv4 for export
bird: 2026-07-27 20:03:45.576 [0000] <INFO> Reloading channel peer297.ipv4 for import
bird: 2026-07-27 20:03:45.576 [0000] <DBG> peer297.ipv4: reloading
bird: 2026-07-27 20:03:45.576 [0000] <INFO> Reloading channel peer297.ipv4 for export
bird: 2026-07-27 20:03:45.576 [0000] <INFO> Reloading channel peer298.ipv4 for import
bird: 2026-07-27 20:03:45.576 [0000] <DBG> peer298.ipv4: reloading
bird: 2026-07-27 20:03:45.576 [0000] <INFO> Reloading channel peer298.ipv4 for export
bird: 2026-07-27 20:03:45.576 [0000] <INFO> Reloading channel peer299.ipv4 for import
bird: 2026-07-27 20:03:45.576 [0000] <DBG> peer299.ipv4: reloading
bird: 2026-07-27 20:03:45.576 [0000] <INFO> Reloading channel peer299.ipv4 for export
bird: 2026-07-27 20:03:45.576 [0000] <INFO> Reloading channel peer300.ipv4 for import
bird: 2026-07-27 20:03:45.576 [0000] <DBG> peer300.ipv4: reloading
bird: 2026-07-27 20:03:45.577 [0000] <INFO> Reloading channel peer300.ipv4 for export
bird: 2026-07-27 20:03:45.577 [0000] <INFO> Reloading channel peer301.ipv4 for import
bird: 2026-07-27 20:03:45.577 [0000] <DBG> peer301.ipv4: reloading
bird: 2026-07-27 20:03:45.577 [0000] <INFO> Reloading channel peer301.ipv4 for export
bird: 2026-07-27 20:03:45.577 [0000] <INFO> Reloading channel peer302.ipv4 for import
bird: 2026-07-27 20:03:45.577 [0000] <DBG> peer302.ipv4: reloading
bird: 2026-07-27 20:03:45.577 [0000] <INFO> Reloading channel peer302.ipv4 for export
bird: 2026-07-27 20:03:45.577 [0000] <INFO> Reloading channel peer303.ipv4 for import
bird: 2026-07-27 20:03:45.577 [0000] <DBG> peer303.ipv4: reloading
bird: 2026-07-27 20:03:45.577 [0000] <INFO> Reloading channel peer303.ipv4 for export
bird: 2026-07-27 20:03:45.577 [0000] <INFO> Reloading channel peer304.ipv4 for import
bird: 2026-07-27 20:03:45.577 [0000] <DBG> peer304.ipv4: reloading
bird: 2026-07-27 20:03:45.577 [0000] <INFO> Reloading channel peer304.ipv4 for export
bird: 2026-07-27 20:03:45.577 [0000] <INFO> Reloading channel peer305.ipv4 for import
bird: 2026-07-27 20:03:45.577 [0000] <DBG> peer305.ipv4: reloading
bird: 2026-07-27 20:03:45.577 [0000] <INFO> Reloading channel peer305.ipv4 for export
bird: 2026-07-27 20:03:45.577 [0000] <INFO> Reloading channel peer306.ipv4 for import
bird: 2026-07-27 20:03:45.577 [0000] <DBG> peer306.ipv4: reloading
bird: 2026-07-27 20:03:45.577 [0000] <INFO> Reloading channel peer306.ipv4 for export
bird: 2026-07-27 20:03:45.577 [0000] <INFO> Reloading channel peer307.ipv4 for import
bird: 2026-07-27 20:03:45.577 [0000] <DBG> peer307.ipv4: reloading
bird: 2026-07-27 20:03:45.577 [0000] <INFO> Reloading channel peer307.ipv4 for export
bird: 2026-07-27 20:03:45.577 [0000] <INFO> Reloading channel peer308.ipv4 for import
bird: 2026-07-27 20:03:45.577 [0000] <DBG> peer308.ipv4: reloading
bird: 2026-07-27 20:03:45.577 [0000] <INFO> Reloading channel peer308.ipv4 for export
bird: 2026-07-27 20:03:45.577 [0000] <INFO> Reloading channel peer309.ipv4 for import
bird: 2026-07-27 20:03:45.577 [0000] <DBG> peer309.ipv4: reloading
bird: 2026-07-27 20:03:45.577 [0000] <INFO> Reloading channel peer309.ipv4 for export
bird: 2026-07-27 20:03:45.577 [0000] <INFO> Reloading channel peer310.ipv4 for import
bird: 2026-07-27 20:03:45.577 [0000] <DBG> peer310.ipv4: reloading
bird: 2026-07-27 20:03:45.577 [0000] <INFO> Reloading channel peer310.ipv4 for export
bird: 2026-07-27 20:03:45.577 [0000] <INFO> Reloading channel peer311.ipv4 for import
bird: 2026-07-27 20:03:45.577 [0000] <DBG> peer311.ipv4: reloading
bird: 2026-07-27 20:03:45.577 [0000] <INFO> Reloading channel peer311.ipv4 for export
bird: 2026-07-27 20:03:45.577 [0000] <INFO> Reloading channel peer312.ipv4 for import
bird: 2026-07-27 20:03:45.577 [0000] <DBG> peer312.ipv4: reloading
bird: 2026-07-27 20:03:45.577 [0000] <INFO> Reloading channel peer312.ipv4 for export
bird: 2026-07-27 20:03:45.577 [0000] <INFO> Reloading channel peer313.ipv4 for import
bird: 2026-07-27 20:03:45.577 [0000] <DBG> peer313.ipv4: reloading
bird: 2026-07-27 20:03:45.577 [0000] <INFO> Reloading channel peer313.ipv4 for export
bird: 2026-07-27 20:03:45.577 [0000] <INFO> Reloading channel peer314.ipv4 for import
bird: 2026-07-27 20:03:45.577 [0000] <DBG> peer314.ipv4: reloading
bird: 2026-07-27 20:03:45.577 [0000] <INFO> Reloading channel peer314.ipv4 for export
bird: 2026-07-27 20:03:45.577 [0000] <INFO> Reloading channel peer315.ipv4 for import
bird: 2026-07-27 20:03:45.577 [0000] <DBG> peer315.ipv4: reloading
bird: 2026-07-27 20:03:45.577 [0000] <INFO> Reloading channel peer315.ipv4 for export
bird: 2026-07-27 20:03:45.577 [0000] <INFO> Reloading channel peer316.ipv4 for import
bird: 2026-07-27 20:03:45.577 [0000] <DBG> peer316.ipv4: reloading
bird: 2026-07-27 20:03:45.577 [0000] <INFO> Reloading channel peer316.ipv4 for export
bird: 2026-07-27 20:03:45.577 [0000] <INFO> Reloading channel peer317.ipv4 for import
bird: 2026-07-27 20:03:45.577 [0000] <DBG> peer317.ipv4: reloading
bird: 2026-07-27 20:03:45.577 [0000] <INFO> Reloading channel peer317.ipv4 for export
bird: 2026-07-27 20:03:45.577 [0000] <INFO> Reloading channel peer318.ipv4 for import
bird: 2026-07-27 20:03:45.577 [0000] <DBG> peer318.ipv4: reloading
bird: 2026-07-27 20:03:45.577 [0000] <INFO> Reloading channel peer318.ipv4 for export
bird: 2026-07-27 20:03:45.577 [0000] <INFO> Reloading channel peer319.ipv4 for import
bird: 2026-07-27 20:03:45.577 [0000] <DBG> peer319.ipv4: reloading
bird: 2026-07-27 20:03:45.577 [0000] <INFO> Reloading channel peer319.ipv4 for export
bird: 2026-07-27 20:03:45.577 [0000] <INFO> Reloading channel peer320.ipv4 for import
bird: 2026-07-27 20:03:45.577 [0000] <DBG> peer320.ipv4: reloading
bird: 2026-07-27 20:03:45.577 [0000] <INFO> Reloading channel peer320.ipv4 for export
bird: 2026-07-27 20:03:45.577 [0000] <INFO> Reloading channel peer321.ipv4 for import
bird: 2026-07-27 20:03:45.577 [0000] <DBG> peer321.ipv4: reloading
bird: 2026-07-27 20:03:45.577 [0000] <INFO> Reloading channel peer321.ipv4 for export
bird: 2026-07-27 20:03:45.577 [0000] <INFO> Reloading channel peer322.ipv4 for import
bird: 2026-07-27 20:03:45.577 [0000] <DBG> peer322.ipv4: reloading
bird: 2026-07-27 20:03:45.577 [0000] <INFO> Reloading channel peer322.ipv4 for export
bird: 2026-07-27 20:03:45.577 [0000] <INFO> Reloading channel peer323.ipv4 for import
bird: 2026-07-27 20:03:45.577 [0000] <DBG> peer323.ipv4: reloading
bird: 2026-07-27 20:03:45.577 [0000] <INFO> Reloading channel peer323.ipv4 for export
bird: 2026-07-27 20:03:45.577 [0000] <INFO> Reloading channel peer324.ipv4 for import
bird: 2026-07-27 20:03:45.577 [0000] <DBG> peer324.ipv4: reloading
bird: 2026-07-27 20:03:45.577 [0000] <INFO> Reloading channel peer324.ipv4 for export
bird: 2026-07-27 20:03:45.577 [0000] <INFO> Reloading channel peer325.ipv4 for import
bird: 2026-07-27 20:03:45.577 [0000] <DBG> peer325.ipv4: reloading
bird: 2026-07-27 20:03:45.577 [0000] <INFO> Reloading channel peer325.ipv4 for export
bird: 2026-07-27 20:03:45.577 [0000] <INFO> Reloading channel peer326.ipv4 for import
bird: 2026-07-27 20:03:45.577 [0000] <DBG> peer326.ipv4: reloading
bird: 2026-07-27 20:03:45.577 [0000] <INFO> Reloading channel peer326.ipv4 for export
bird: 2026-07-27 20:03:45.577 [0000] <INFO> Reloading channel peer327.ipv4 for import
bird: 2026-07-27 20:03:45.577 [0000] <DBG> peer327.ipv4: reloading
bird: 2026-07-27 20:03:45.577 [0000] <INFO> Reloading channel peer327.ipv4 for export
bird: 2026-07-27 20:03:45.577 [0000] <INFO> Reloading channel peer328.ipv4 for import
bird: 2026-07-27 20:03:45.577 [0000] <DBG> peer328.ipv4: reloading
bird: 2026-07-27 20:03:45.577 [0000] <INFO> Reloading channel peer328.ipv4 for export
bird: 2026-07-27 20:03:45.577 [0000] <INFO> Reloading channel peer329.ipv4 for import
bird: 2026-07-27 20:03:45.577 [0000] <DBG> peer329.ipv4: reloading
bird: 2026-07-27 20:03:45.577 [0000] <INFO> Reloading channel peer329.ipv4 for export
bird: 2026-07-27 20:03:45.577 [0000] <INFO> Reloading channel peer330.ipv4 for import
bird: 2026-07-27 20:03:45.577 [0000] <DBG> peer330.ipv4: reloading
bird: 2026-07-27 20:03:45.577 [0000] <INFO> Reloading channel peer330.ipv4 for export
bird: 2026-07-27 20:03:45.577 [0000] <INFO> Reloading channel peer331.ipv4 for import
bird: 2026-07-27 20:03:45.577 [0000] <DBG> peer331.ipv4: reloading
bird: 2026-07-27 20:03:45.577 [0000] <INFO> Reloading channel peer331.ipv4 for export
bird: 2026-07-27 20:03:45.577 [0000] <INFO> Reloading channel peer332.ipv4 for import
bird: 2026-07-27 20:03:45.577 [0000] <DBG> peer332.ipv4: reloading
bird: 2026-07-27 20:03:45.577 [0000] <INFO> Reloading channel peer332.ipv4 for export
bird: 2026-07-27 20:03:45.577 [0000] <INFO> Reloading channel peer333.ipv4 for import
bird: 2026-07-27 20:03:45.577 [0000] <DBG> peer333.ipv4: reloading
bird: 2026-07-27 20:03:45.577 [0000] <INFO> Reloading channel peer333.ipv4 for export
bird: 2026-07-27 20:03:45.577 [0000] <INFO> Reloading channel peer334.ipv4 for import
bird: 2026-07-27 20:03:45.577 [0000] <DBG> peer334.ipv4: reloading
bird: 2026-07-27 20:03:45.577 [0000] <INFO> Reloading channel peer334.ipv4 for export
bird: 2026-07-27 20:03:45.577 [0000] <INFO> Reloading channel peer335.ipv4 for import
bird: 2026-07-27 20:03:45.577 [0000] <DBG> peer335.ipv4: reloading
bird: 2026-07-27 20:03:45.577 [0000] <INFO> Reloading channel peer335.ipv4 for export
bird: 2026-07-27 20:03:45.577 [0000] <INFO> Reloading channel peer336.ipv4 for import
bird: 2026-07-27 20:03:45.577 [0000] <DBG> peer336.ipv4: reloading
bird: 2026-07-27 20:03:45.577 [0000] <INFO> Reloading channel peer336.ipv4 for export
bird: 2026-07-27 20:03:45.577 [0000] <INFO> Reloading channel peer337.ipv4 for import
bird: 2026-07-27 20:03:45.577 [0000] <DBG> peer337.ipv4: reloading
bird: 2026-07-27 20:03:45.577 [0000] <INFO> Reloading channel peer337.ipv4 for export
bird: 2026-07-27 20:03:45.577 [0000] <INFO> Reloading channel peer338.ipv4 for import
bird: 2026-07-27 20:03:45.577 [0000] <DBG> peer338.ipv4: reloading
bird: 2026-07-27 20:03:45.577 [0000] <INFO> Reloading channel peer338.ipv4 for export
bird: 2026-07-27 20:03:45.577 [0000] <INFO> Reloading channel peer339.ipv4 for import
bird: 2026-07-27 20:03:45.577 [0000] <DBG> peer339.ipv4: reloading
bird: 2026-07-27 20:03:45.577 [0000] <INFO> Reloading channel peer339.ipv4 for export
bird: 2026-07-27 20:03:45.577 [0000] <INFO> Reloading channel peer340.ipv4 for import
bird: 2026-07-27 20:03:45.577 [0000] <DBG> peer340.ipv4: reloading
bird: 2026-07-27 20:03:45.577 [0000] <INFO> Reloading channel peer340.ipv4 for export
bird: 2026-07-27 20:03:45.577 [0000] <INFO> Reloading channel peer341.ipv4 for import
bird: 2026-07-27 20:03:45.577 [0000] <DBG> peer341.ipv4: reloading
bird: 2026-07-27 20:03:45.577 [0000] <INFO> Reloading channel peer341.ipv4 for export
bird: 2026-07-27 20:03:45.577 [0000] <INFO> Reloading channel peer342.ipv4 for import
bird: 2026-07-27 20:03:45.577 [0000] <DBG> peer342.ipv4: reloading
bird: 2026-07-27 20:03:45.577 [0000] <INFO> Reloading channel peer342.ipv4 for export
bird: 2026-07-27 20:03:45.577 [0000] <INFO> Reloading channel peer343.ipv4 for import
bird: 2026-07-27 20:03:45.577 [0000] <DBG> peer343.ipv4: reloading
bird: 2026-07-27 20:03:45.577 [0000] <INFO> Reloading channel peer343.ipv4 for export
bird: 2026-07-27 20:03:45.577 [0000] <INFO> Reloading channel peer344.ipv4 for import
bird: 2026-07-27 20:03:45.577 [0000] <DBG> peer344.ipv4: reloading
bird: 2026-07-27 20:03:45.577 [0000] <INFO> Reloading channel peer344.ipv4 for export
bird: 2026-07-27 20:03:45.577 [0000] <INFO> Reloading channel peer345.ipv4 for import
bird: 2026-07-27 20:03:45.577 [0000] <DBG> peer345.ipv4: reloading
bird: 2026-07-27 20:03:45.577 [0000] <INFO> Reloading channel peer345.ipv4 for export
bird: 2026-07-27 20:03:45.577 [0000] <INFO> Reloading channel peer346.ipv4 for import
bird: 2026-07-27 20:03:45.577 [0000] <DBG> peer346.ipv4: reloading
bird: 2026-07-27 20:03:45.577 [0000] <INFO> Reloading channel peer346.ipv4 for export
bird: 2026-07-27 20:03:45.577 [0000] <INFO> Reloading channel peer347.ipv4 for import
bird: 2026-07-27 20:03:45.577 [0000] <DBG> peer347.ipv4: reloading
bird: 2026-07-27 20:03:45.577 [0000] <INFO> Reloading channel peer347.ipv4 for export
bird: 2026-07-27 20:03:45.577 [0000] <INFO> Reloading channel peer348.ipv4 for import
bird: 2026-07-27 20:03:45.577 [0000] <DBG> peer348.ipv4: reloading
bird: 2026-07-27 20:03:45.577 [0000] <INFO> Reloading channel peer348.ipv4 for export
bird: 2026-07-27 20:03:45.577 [0000] <INFO> Reloading channel peer349.ipv4 for import
bird: 2026-07-27 20:03:45.577 [0000] <DBG> peer349.ipv4: reloading
bird: 2026-07-27 20:03:45.577 [0000] <INFO> Reloading channel peer349.ipv4 for export
bird: 2026-07-27 20:03:45.577 [0000] <INFO> Reloading channel peer350.ipv4 for import
bird: 2026-07-27 20:03:45.577 [0000] <DBG> peer350.ipv4: reloading
bird: 2026-07-27 20:03:45.577 [0000] <INFO> Reloading channel peer350.ipv4 for export
bird: 2026-07-27 20:03:45.577 [0000] <INFO> Reloading channel peer351.ipv4 for import
bird: 2026-07-27 20:03:45.577 [0000] <DBG> peer351.ipv4: reloading
bird: 2026-07-27 20:03:45.577 [0000] <INFO> Reloading channel peer351.ipv4 for export
bird: 2026-07-27 20:03:45.577 [0000] <INFO> Reloading channel peer352.ipv4 for import
bird: 2026-07-27 20:03:45.577 [0000] <DBG> peer352.ipv4: reloading
bird: 2026-07-27 20:03:45.577 [0000] <INFO> Reloading channel peer352.ipv4 for export
bird: 2026-07-27 20:03:45.577 [0000] <INFO> Reloading channel peer353.ipv4 for import
bird: 2026-07-27 20:03:45.577 [0000] <DBG> peer353.ipv4: reloading
bird: 2026-07-27 20:03:45.577 [0000] <INFO> Reloading channel peer353.ipv4 for export
bird: 2026-07-27 20:03:45.577 [0000] <INFO> Reloading channel peer354.ipv4 for import
bird: 2026-07-27 20:03:45.577 [0000] <DBG> peer354.ipv4: reloading
bird: 2026-07-27 20:03:45.577 [0000] <INFO> Reloading channel peer354.ipv4 for export
bird: 2026-07-27 20:03:45.577 [0000] <INFO> Reloading channel peer355.ipv4 for import
bird: 2026-07-27 20:03:45.577 [0000] <DBG> peer355.ipv4: reloading
bird: 2026-07-27 20:03:45.577 [0000] <INFO> Reloading channel peer355.ipv4 for export
bird: 2026-07-27 20:03:45.577 [0000] <INFO> Reloading channel peer356.ipv4 for import
bird: 2026-07-27 20:03:45.577 [0000] <DBG> peer356.ipv4: reloading
bird: 2026-07-27 20:03:45.577 [0000] <INFO> Reloading channel peer356.ipv4 for export
bird: 2026-07-27 20:03:45.577 [0000] <INFO> Reloading channel peer357.ipv4 for import
bird: 2026-07-27 20:03:45.577 [0000] <DBG> peer357.ipv4: reloading
bird: 2026-07-27 20:03:45.577 [0000] <INFO> Reloading channel peer357.ipv4 for export
bird: 2026-07-27 20:03:45.577 [0000] <INFO> Reloading channel peer358.ipv4 for import
bird: 2026-07-27 20:03:45.577 [0000] <DBG> peer358.ipv4: reloading
bird: 2026-07-27 20:03:45.577 [0000] <INFO> Reloading channel peer358.ipv4 for export
bird: 2026-07-27 20:03:45.577 [0000] <INFO> Reloading channel peer359.ipv4 for import
bird: 2026-07-27 20:03:45.577 [0000] <DBG> peer359.ipv4: reloading
bird: 2026-07-27 20:03:45.577 [0000] <INFO> Reloading channel peer359.ipv4 for export
bird: 2026-07-27 20:03:45.577 [0000] <INFO> Reloading channel peer360.ipv4 for import
bird: 2026-07-27 20:03:45.577 [0000] <DBG> peer360.ipv4: reloading
bird: 2026-07-27 20:03:45.577 [0000] <INFO> Reloading channel peer360.ipv4 for export
bird: 2026-07-27 20:03:45.577 [0000] <INFO> Reloading channel peer361.ipv4 for import
bird: 2026-07-27 20:03:45.577 [0000] <DBG> peer361.ipv4: reloading
bird: 2026-07-27 20:03:45.577 [0000] <INFO> Reloading channel peer361.ipv4 for export
bird: 2026-07-27 20:03:45.577 [0000] <INFO> Reloading channel peer362.ipv4 for import
bird: 2026-07-27 20:03:45.577 [0000] <DBG> peer362.ipv4: reloading
bird: 2026-07-27 20:03:45.577 [0000] <INFO> Reloading channel peer362.ipv4 for export
bird: 2026-07-27 20:03:45.577 [0000] <INFO> Reloading channel peer363.ipv4 for import
bird: 2026-07-27 20:03:45.577 [0000] <DBG> peer363.ipv4: reloading
bird: 2026-07-27 20:03:45.577 [0000] <INFO> Reloading channel peer363.ipv4 for export
bird: 2026-07-27 20:03:45.577 [0000] <INFO> Reloading channel peer364.ipv4 for import
bird: 2026-07-27 20:03:45.577 [0000] <DBG> peer364.ipv4: reloading
bird: 2026-07-27 20:03:45.577 [0000] <INFO> Reloading channel peer364.ipv4 for export
bird: 2026-07-27 20:03:45.577 [0000] <INFO> Reloading channel peer365.ipv4 for import
bird: 2026-07-27 20:03:45.577 [0000] <DBG> peer365.ipv4: reloading
bird: 2026-07-27 20:03:45.577 [0000] <INFO> Reloading channel peer365.ipv4 for export
bird: 2026-07-27 20:03:45.577 [0000] <INFO> Reloading channel peer366.ipv4 for import
bird: 2026-07-27 20:03:45.577 [0000] <DBG> peer366.ipv4: reloading
bird: 2026-07-27 20:03:45.577 [0000] <INFO> Reloading channel peer366.ipv4 for export
bird: 2026-07-27 20:03:45.577 [0000] <INFO> Reloading channel peer367.ipv4 for import
bird: 2026-07-27 20:03:45.577 [0000] <DBG> peer367.ipv4: reloading
bird: 2026-07-27 20:03:45.577 [0000] <INFO> Reloading channel peer367.ipv4 for export
bird: 2026-07-27 20:03:45.577 [0000] <INFO> Reloading channel peer368.ipv4 for import
bird: 2026-07-27 20:03:45.577 [0000] <DBG> peer368.ipv4: reloading
bird: 2026-07-27 20:03:45.577 [0000] <INFO> Reloading channel peer368.ipv4 for export
bird: 2026-07-27 20:03:45.577 [0000] <INFO> Reloading channel peer369.ipv4 for import
bird: 2026-07-27 20:03:45.577 [0000] <DBG> peer369.ipv4: reloading
bird: 2026-07-27 20:03:45.577 [0000] <INFO> Reloading channel peer369.ipv4 for export
bird: 2026-07-27 20:03:45.577 [0000] <INFO> Reloading channel peer370.ipv4 for import
bird: 2026-07-27 20:03:45.577 [0000] <DBG> peer370.ipv4: reloading
bird: 2026-07-27 20:03:45.577 [0000] <INFO> Reloading channel peer370.ipv4 for export
bird: 2026-07-27 20:03:45.577 [0000] <INFO> Reloading channel peer371.ipv4 for import
bird: 2026-07-27 20:03:45.577 [0000] <DBG> peer371.ipv4: reloading
bird: 2026-07-27 20:03:45.577 [0000] <INFO> Reloading channel peer371.ipv4 for export
bird: 2026-07-27 20:03:45.577 [0000] <INFO> Reloading channel peer372.ipv4 for import
bird: 2026-07-27 20:03:45.577 [0000] <DBG> peer372.ipv4: reloading
bird: 2026-07-27 20:03:45.577 [0000] <INFO> Reloading channel peer372.ipv4 for export
bird: 2026-07-27 20:03:45.577 [0000] <INFO> Reloading channel peer373.ipv4 for import
bird: 2026-07-27 20:03:45.577 [0000] <DBG> peer373.ipv4: reloading
bird: 2026-07-27 20:03:45.577 [0000] <INFO> Reloading channel peer373.ipv4 for export
bird: 2026-07-27 20:03:45.577 [0000] <INFO> Reloading channel peer374.ipv4 for import
bird: 2026-07-27 20:03:45.577 [0000] <DBG> peer374.ipv4: reloading
bird: 2026-07-27 20:03:45.577 [0000] <INFO> Reloading channel peer374.ipv4 for export
bird: 2026-07-27 20:03:45.577 [0000] <INFO> Reloading channel peer375.ipv4 for import
bird: 2026-07-27 20:03:45.577 [0000] <DBG> peer375.ipv4: reloading
bird: 2026-07-27 20:03:45.577 [0000] <INFO> Reloading channel peer375.ipv4 for export
bird: 2026-07-27 20:03:45.577 [0000] <INFO> Reloading channel peer376.ipv4 for import
bird: 2026-07-27 20:03:45.577 [0000] <DBG> peer376.ipv4: reloading
bird: 2026-07-27 20:03:45.577 [0000] <INFO> Reloading channel peer376.ipv4 for export
bird: 2026-07-27 20:03:45.577 [0000] <INFO> Reloading channel peer377.ipv4 for import
bird: 2026-07-27 20:03:45.577 [0000] <DBG> peer377.ipv4: reloading
bird: 2026-07-27 20:03:45.577 [0000] <INFO> Reloading channel peer377.ipv4 for export
bird: 2026-07-27 20:03:45.577 [0000] <INFO> Reloading channel peer378.ipv4 for import
bird: 2026-07-27 20:03:45.577 [0000] <DBG> peer378.ipv4: reloading
bird: 2026-07-27 20:03:45.577 [0000] <INFO> Reloading channel peer378.ipv4 for export
bird: 2026-07-27 20:03:45.577 [0000] <INFO> Reloading channel peer379.ipv4 for import
bird: 2026-07-27 20:03:45.577 [0000] <DBG> peer379.ipv4: reloading
bird: 2026-07-27 20:03:45.577 [0000] <INFO> Reloading channel peer379.ipv4 for export
bird: 2026-07-27 20:03:45.577 [0000] <INFO> Reloading channel peer380.ipv4 for import
bird: 2026-07-27 20:03:45.577 [0000] <DBG> peer380.ipv4: reloading
bird: 2026-07-27 20:03:45.577 [0000] <INFO> Reloading channel peer380.ipv4 for export
bird: 2026-07-27 20:03:45.577 [0000] <INFO> Reloading channel peer381.ipv4 for import
bird: 2026-07-27 20:03:45.577 [0000] <DBG> peer381.ipv4: reloading
bird: 2026-07-27 20:03:45.577 [0000] <INFO> Reloading channel peer381.ipv4 for export
bird: 2026-07-27 20:03:45.577 [0000] <INFO> Reloading channel peer382.ipv4 for import
bird: 2026-07-27 20:03:45.577 [0000] <DBG> peer382.ipv4: reloading
bird: 2026-07-27 20:03:45.577 [0000] <INFO> Reloading channel peer382.ipv4 for export
bird: 2026-07-27 20:03:45.577 [0000] <INFO> Reloading channel peer383.ipv4 for import
bird: 2026-07-27 20:03:45.577 [0000] <DBG> peer383.ipv4: reloading
bird: 2026-07-27 20:03:45.577 [0000] <INFO> Reloading channel peer383.ipv4 for export
bird: 2026-07-27 20:03:45.577 [0000] <INFO> Reloading channel peer384.ipv4 for import
bird: 2026-07-27 20:03:45.577 [0000] <DBG> peer384.ipv4: reloading
bird: 2026-07-27 20:03:45.577 [0000] <INFO> Reloading channel peer384.ipv4 for export
bird: 2026-07-27 20:03:45.577 [0000] <INFO> Reloading channel peer385.ipv4 for import
bird: 2026-07-27 20:03:45.577 [0000] <DBG> peer385.ipv4: reloading
bird: 2026-07-27 20:03:45.577 [0000] <INFO> Reloading channel peer385.ipv4 for export
bird: 2026-07-27 20:03:45.577 [0000] <INFO> Reloading channel peer386.ipv4 for import
bird: 2026-07-27 20:03:45.577 [0000] <DBG> peer386.ipv4: reloading
bird: 2026-07-27 20:03:45.577 [0000] <INFO> Reloading channel peer386.ipv4 for export
bird: 2026-07-27 20:03:45.577 [0000] <INFO> Reloading channel peer387.ipv4 for import
bird: 2026-07-27 20:03:45.577 [0000] <DBG> peer387.ipv4: reloading
bird: 2026-07-27 20:03:45.577 [0000] <INFO> Reloading channel peer387.ipv4 for export
bird: 2026-07-27 20:03:45.577 [0000] <INFO> Reloading channel peer388.ipv4 for import
bird: 2026-07-27 20:03:45.577 [0000] <DBG> peer388.ipv4: reloading
bird: 2026-07-27 20:03:45.577 [0000] <INFO> Reloading channel peer388.ipv4 for export
bird: 2026-07-27 20:03:45.577 [0000] <INFO> Reloading channel peer389.ipv4 for import
bird: 2026-07-27 20:03:45.577 [0000] <DBG> peer389.ipv4: reloading
bird: 2026-07-27 20:03:45.577 [0000] <INFO> Reloading channel peer389.ipv4 for export
bird: 2026-07-27 20:03:45.577 [0000] <INFO> Reloading channel peer390.ipv4 for import
bird: 2026-07-27 20:03:45.577 [0000] <DBG> peer390.ipv4: reloading
bird: 2026-07-27 20:03:45.577 [0000] <INFO> Reloading channel peer390.ipv4 for export
bird: 2026-07-27 20:03:45.577 [0000] <INFO> Reloading channel peer391.ipv4 for import
bird: 2026-07-27 20:03:45.577 [0000] <DBG> peer391.ipv4: reloading
bird: 2026-07-27 20:03:45.577 [0000] <INFO> Reloading channel peer391.ipv4 for export
bird: 2026-07-27 20:03:45.577 [0000] <INFO> Reloading channel peer392.ipv4 for import
bird: 2026-07-27 20:03:45.577 [0000] <DBG> peer392.ipv4: reloading
bird: 2026-07-27 20:03:45.577 [0000] <INFO> Reloading channel peer392.ipv4 for export
bird: 2026-07-27 20:03:45.577 [0000] <INFO> Reloading channel peer393.ipv4 for import
bird: 2026-07-27 20:03:45.577 [0000] <DBG> peer393.ipv4: reloading
bird: 2026-07-27 20:03:45.577 [0000] <INFO> Reloading channel peer393.ipv4 for export
bird: 2026-07-27 20:03:45.577 [0000] <INFO> Reloading channel peer394.ipv4 for import
bird: 2026-07-27 20:03:45.577 [0000] <DBG> peer394.ipv4: reloading
bird: 2026-07-27 20:03:45.577 [0000] <INFO> Reloading channel peer394.ipv4 for export
bird: 2026-07-27 20:03:45.577 [0000] <INFO> Reloading channel peer395.ipv4 for import
bird: 2026-07-27 20:03:45.577 [0000] <DBG> peer395.ipv4: reloading
bird: 2026-07-27 20:03:45.577 [0000] <INFO> Reloading channel peer395.ipv4 for export
bird: 2026-07-27 20:03:45.577 [0000] <INFO> Reloading channel peer396.ipv4 for import
bird: 2026-07-27 20:03:45.577 [0000] <DBG> peer396.ipv4: reloading
bird: 2026-07-27 20:03:45.577 [0000] <INFO> Reloading channel peer396.ipv4 for export
bird: 2026-07-27 20:03:45.577 [0000] <INFO> Reloading channel peer397.ipv4 for import
bird: 2026-07-27 20:03:45.577 [0000] <DBG> peer397.ipv4: reloading
bird: 2026-07-27 20:03:45.577 [0000] <INFO> Reloading channel peer397.ipv4 for export
bird: 2026-07-27 20:03:45.577 [0000] <INFO> Reloading channel peer398.ipv4 for import
bird: 2026-07-27 20:03:45.577 [0000] <DBG> peer398.ipv4: reloading
bird: 2026-07-27 20:03:45.577 [0000] <INFO> Reloading channel peer398.ipv4 for export
bird: 2026-07-27 20:03:45.577 [0000] <INFO> Reloading channel peer399.ipv4 for import
bird: 2026-07-27 20:03:45.577 [0000] <DBG> peer399.ipv4: reloading
bird: 2026-07-27 20:03:45.577 [0000] <INFO> Reloading channel peer399.ipv4 for export
bird: 2026-07-27 20:03:45.577 [0000] <INFO> Reloading channel peer400.ipv4 for import
bird: 2026-07-27 20:03:45.577 [0000] <DBG> peer400.ipv4: reloading
bird: 2026-07-27 20:03:45.577 [0000] <INFO> Reloading channel peer400.ipv4 for export
bird: 2026-07-27 20:03:45.577 [0000] <INFO> Reloading channel peer401.ipv4 for import
bird: 2026-07-27 20:03:45.577 [0000] <DBG> peer401.ipv4: reloading
bird: 2026-07-27 20:03:45.577 [0000] <INFO> Reloading channel peer401.ipv4 for export
bird: 2026-07-27 20:03:45.577 [0000] <INFO> Reloading channel peer402.ipv4 for import
bird: 2026-07-27 20:03:45.577 [0000] <DBG> peer402.ipv4: reloading
bird: 2026-07-27 20:03:45.577 [0000] <INFO> Reloading channel peer402.ipv4 for export
bird: 2026-07-27 20:03:45.577 [0000] <INFO> Reloading channel peer403.ipv4 for import
bird: 2026-07-27 20:03:45.577 [0000] <DBG> peer403.ipv4: reloading
bird: 2026-07-27 20:03:45.577 [0000] <INFO> Reloading channel peer403.ipv4 for export
bird: 2026-07-27 20:03:45.577 [0000] <INFO> Reloading channel peer404.ipv4 for import
bird: 2026-07-27 20:03:45.577 [0000] <DBG> peer404.ipv4: reloading
bird: 2026-07-27 20:03:45.577 [0000] <INFO> Reloading channel peer404.ipv4 for export
bird: 2026-07-27 20:03:45.577 [0000] <INFO> Reloading channel peer405.ipv4 for import
bird: 2026-07-27 20:03:45.577 [0000] <DBG> peer405.ipv4: reloading
bird: 2026-07-27 20:03:45.577 [0000] <INFO> Reloading channel peer405.ipv4 for export
bird: 2026-07-27 20:03:45.577 [0000] <INFO> Reloading channel peer406.ipv4 for import
bird: 2026-07-27 20:03:45.577 [0000] <DBG> peer406.ipv4: reloading
bird: 2026-07-27 20:03:45.577 [0000] <INFO> Reloading channel peer406.ipv4 for export
bird: 2026-07-27 20:03:45.577 [0000] <INFO> Reloading channel peer407.ipv4 for import
bird: 2026-07-27 20:03:45.577 [0000] <DBG> peer407.ipv4: reloading
bird: 2026-07-27 20:03:45.577 [0000] <INFO> Reloading channel peer407.ipv4 for export
bird: 2026-07-27 20:03:45.577 [0000] <INFO> Reloading channel peer408.ipv4 for import
bird: 2026-07-27 20:03:45.577 [0000] <DBG> peer408.ipv4: reloading
bird: 2026-07-27 20:03:45.577 [0000] <INFO> Reloading channel peer408.ipv4 for export
bird: 2026-07-27 20:03:45.577 [0000] <INFO> Reloading channel peer409.ipv4 for import
bird: 2026-07-27 20:03:45.577 [0000] <DBG> peer409.ipv4: reloading
bird: 2026-07-27 20:03:45.577 [0000] <INFO> Reloading channel peer409.ipv4 for export
bird: 2026-07-27 20:03:45.577 [0000] <INFO> Reloading channel peer410.ipv4 for import
bird: 2026-07-27 20:03:45.577 [0000] <DBG> peer410.ipv4: reloading
bird: 2026-07-27 20:03:45.577 [0000] <INFO> Reloading channel peer410.ipv4 for export
bird: 2026-07-27 20:03:45.577 [0000] <INFO> Reloading channel peer411.ipv4 for import
bird: 2026-07-27 20:03:45.577 [0000] <DBG> peer411.ipv4: reloading
bird: 2026-07-27 20:03:45.577 [0000] <INFO> Reloading channel peer411.ipv4 for export
bird: 2026-07-27 20:03:45.577 [0000] <INFO> Reloading channel peer412.ipv4 for import
bird: 2026-07-27 20:03:45.577 [0000] <DBG> peer412.ipv4: reloading
bird: 2026-07-27 20:03:45.577 [0000] <INFO> Reloading channel peer412.ipv4 for export
bird: 2026-07-27 20:03:45.577 [0000] <INFO> Reloading channel peer413.ipv4 for import
bird: 2026-07-27 20:03:45.577 [0000] <DBG> peer413.ipv4: reloading
bird: 2026-07-27 20:03:45.577 [0000] <INFO> Reloading channel peer413.ipv4 for export
bird: 2026-07-27 20:03:45.577 [0000] <INFO> Reloading channel peer414.ipv4 for import
bird: 2026-07-27 20:03:45.577 [0000] <DBG> peer414.ipv4: reloading
bird: 2026-07-27 20:03:45.577 [0000] <INFO> Reloading channel peer414.ipv4 for export
bird: 2026-07-27 20:03:45.577 [0000] <INFO> Reloading channel peer415.ipv4 for import
bird: 2026-07-27 20:03:45.577 [0000] <DBG> peer415.ipv4: reloading
bird: 2026-07-27 20:03:45.577 [0000] <INFO> Reloading channel peer415.ipv4 for export
bird: 2026-07-27 20:03:45.577 [0000] <INFO> Reloading channel peer416.ipv4 for import
bird: 2026-07-27 20:03:45.577 [0000] <DBG> peer416.ipv4: reloading
bird: 2026-07-27 20:03:45.577 [0000] <INFO> Reloading channel peer416.ipv4 for export
bird: 2026-07-27 20:03:45.577 [0000] <INFO> Reloading channel peer417.ipv4 for import
bird: 2026-07-27 20:03:45.577 [0000] <DBG> peer417.ipv4: reloading
bird: 2026-07-27 20:03:45.577 [0000] <INFO> Reloading channel peer417.ipv4 for export
bird: 2026-07-27 20:03:45.577 [0000] <INFO> Reloading channel peer418.ipv4 for import
bird: 2026-07-27 20:03:45.577 [0000] <DBG> peer418.ipv4: reloading
bird: 2026-07-27 20:03:45.577 [0000] <INFO> Reloading channel peer418.ipv4 for export
bird: 2026-07-27 20:03:45.577 [0000] <INFO> Reloading channel peer419.ipv4 for import
bird: 2026-07-27 20:03:45.577 [0000] <DBG> peer419.ipv4: reloading
bird: 2026-07-27 20:03:45.577 [0000] <INFO> Reloading channel peer419.ipv4 for export
bird: 2026-07-27 20:03:45.577 [0000] <INFO> Reloading channel peer420.ipv4 for import
bird: 2026-07-27 20:03:45.577 [0000] <DBG> peer420.ipv4: reloading
bird: 2026-07-27 20:03:45.577 [0000] <INFO> Reloading channel peer420.ipv4 for export
bird: 2026-07-27 20:03:45.577 [0000] <INFO> Reloading channel peer421.ipv4 for import
bird: 2026-07-27 20:03:45.577 [0000] <DBG> peer421.ipv4: reloading
bird: 2026-07-27 20:03:45.577 [0000] <INFO> Reloading channel peer421.ipv4 for export
bird: 2026-07-27 20:03:45.577 [0000] <INFO> Reloading channel peer422.ipv4 for import
bird: 2026-07-27 20:03:45.577 [0000] <DBG> peer422.ipv4: reloading
bird: 2026-07-27 20:03:45.577 [0000] <INFO> Reloading channel peer422.ipv4 for export
bird: 2026-07-27 20:03:45.577 [0000] <INFO> Reloading channel peer423.ipv4 for import
bird: 2026-07-27 20:03:45.577 [0000] <DBG> peer423.ipv4: reloading
bird: 2026-07-27 20:03:45.577 [0000] <INFO> Reloading channel peer423.ipv4 for export
bird: 2026-07-27 20:03:45.577 [0000] <INFO> Reloading channel peer424.ipv4 for import
bird: 2026-07-27 20:03:45.577 [0000] <DBG> peer424.ipv4: reloading
bird: 2026-07-27 20:03:45.577 [0000] <INFO> Reloading channel peer424.ipv4 for export
bird: 2026-07-27 20:03:45.577 [0000] <INFO> Reloading channel peer425.ipv4 for import
bird: 2026-07-27 20:03:45.577 [0000] <DBG> peer425.ipv4: reloading
bird: 2026-07-27 20:03:45.577 [0000] <INFO> Reloading channel peer425.ipv4 for export
bird: 2026-07-27 20:03:45.577 [0000] <INFO> Reloading channel peer426.ipv4 for import
bird: 2026-07-27 20:03:45.577 [0000] <DBG> peer426.ipv4: reloading
bird: 2026-07-27 20:03:45.577 [0000] <INFO> Reloading channel peer426.ipv4 for export
bird: 2026-07-27 20:03:45.577 [0000] <INFO> Reloading channel peer427.ipv4 for import
bird: 2026-07-27 20:03:45.577 [0000] <DBG> peer427.ipv4: reloading
bird: 2026-07-27 20:03:45.577 [0000] <INFO> Reloading channel peer427.ipv4 for export
bird: 2026-07-27 20:03:45.577 [0000] <INFO> Reloading channel peer428.ipv4 for import
bird: 2026-07-27 20:03:45.577 [0000] <DBG> peer428.ipv4: reloading
bird: 2026-07-27 20:03:45.577 [0000] <INFO> Reloading channel peer428.ipv4 for export
bird: 2026-07-27 20:03:45.577 [0000] <INFO> Reloading channel peer429.ipv4 for import
bird: 2026-07-27 20:03:45.577 [0000] <DBG> peer429.ipv4: reloading
bird: 2026-07-27 20:03:45.577 [0000] <INFO> Reloading channel peer429.ipv4 for export
bird: 2026-07-27 20:03:45.577 [0000] <INFO> Reloading channel peer430.ipv4 for import
bird: 2026-07-27 20:03:45.577 [0000] <DBG> peer430.ipv4: reloading
bird: 2026-07-27 20:03:45.577 [0000] <INFO> Reloading channel peer430.ipv4 for export
bird: 2026-07-27 20:03:45.577 [0000] <INFO> Reloading channel peer431.ipv4 for import
bird: 2026-07-27 20:03:45.577 [0000] <DBG> peer431.ipv4: reloading
bird: 2026-07-27 20:03:45.577 [0000] <INFO> Reloading channel peer431.ipv4 for export
bird: 2026-07-27 20:03:45.577 [0000] <INFO> Reloading channel peer432.ipv4 for import
bird: 2026-07-27 20:03:45.577 [0000] <DBG> peer432.ipv4: reloading
bird: 2026-07-27 20:03:45.577 [0000] <INFO> Reloading channel peer432.ipv4 for export
bird: 2026-07-27 20:03:45.577 [0000] <INFO> Reloading channel peer433.ipv4 for import
bird: 2026-07-27 20:03:45.577 [0000] <DBG> peer433.ipv4: reloading
bird: 2026-07-27 20:03:45.577 [0000] <INFO> Reloading channel peer433.ipv4 for export
bird: 2026-07-27 20:03:45.577 [0000] <INFO> Reloading channel peer434.ipv4 for import
bird: 2026-07-27 20:03:45.577 [0000] <DBG> peer434.ipv4: reloading
bird: 2026-07-27 20:03:45.577 [0000] <INFO> Reloading channel peer434.ipv4 for export
bird: 2026-07-27 20:03:45.577 [0000] <INFO> Reloading channel peer435.ipv4 for import
bird: 2026-07-27 20:03:45.577 [0000] <DBG> peer435.ipv4: reloading
bird: 2026-07-27 20:03:45.577 [0000] <INFO> Reloading channel peer435.ipv4 for export
bird: 2026-07-27 20:03:45.577 [0000] <INFO> Reloading channel peer436.ipv4 for import
bird: 2026-07-27 20:03:45.577 [0000] <DBG> peer436.ipv4: reloading
bird: 2026-07-27 20:03:45.577 [0000] <INFO> Reloading channel peer436.ipv4 for export
bird: 2026-07-27 20:03:45.577 [0000] <INFO> Reloading channel peer437.ipv4 for import
bird: 2026-07-27 20:03:45.577 [0000] <DBG> peer437.ipv4: reloading
bird: 2026-07-27 20:03:45.577 [0000] <INFO> Reloading channel peer437.ipv4 for export
bird: 2026-07-27 20:03:45.577 [0000] <INFO> Reloading channel peer438.ipv4 for import
bird: 2026-07-27 20:03:45.577 [0000] <DBG> peer438.ipv4: reloading
bird: 2026-07-27 20:03:45.577 [0000] <INFO> Reloading channel peer438.ipv4 for export
bird: 2026-07-27 20:03:45.577 [0000] <INFO> Reloading channel peer439.ipv4 for import
bird: 2026-07-27 20:03:45.577 [0000] <DBG> peer439.ipv4: reloading
bird: 2026-07-27 20:03:45.577 [0000] <INFO> Reloading channel peer439.ipv4 for export
bird: 2026-07-27 20:03:45.577 [0000] <INFO> Reloading channel peer440.ipv4 for import
bird: 2026-07-27 20:03:45.577 [0000] <DBG> peer440.ipv4: reloading
bird: 2026-07-27 20:03:45.577 [0000] <INFO> Reloading channel peer440.ipv4 for export
bird: 2026-07-27 20:03:45.577 [0000] <INFO> Reloading channel peer441.ipv4 for import
bird: 2026-07-27 20:03:45.577 [0000] <DBG> peer441.ipv4: reloading
bird: 2026-07-27 20:03:45.577 [0000] <INFO> Reloading channel peer441.ipv4 for export
bird: 2026-07-27 20:03:45.577 [0000] <INFO> Reloading channel peer442.ipv4 for import
bird: 2026-07-27 20:03:45.577 [0000] <DBG> peer442.ipv4: reloading
bird: 2026-07-27 20:03:45.577 [0000] <INFO> Reloading channel peer442.ipv4 for export
bird: 2026-07-27 20:03:45.577 [0000] <INFO> Reloading channel peer443.ipv4 for import
bird: 2026-07-27 20:03:45.577 [0000] <DBG> peer443.ipv4: reloading
bird: 2026-07-27 20:03:45.577 [0000] <INFO> Reloading channel peer443.ipv4 for export
bird: 2026-07-27 20:03:45.577 [0000] <INFO> Reloading channel peer444.ipv4 for import
bird: 2026-07-27 20:03:45.577 [0000] <DBG> peer444.ipv4: reloading
bird: 2026-07-27 20:03:45.577 [0000] <INFO> Reloading channel peer444.ipv4 for export
bird: 2026-07-27 20:03:45.577 [0000] <INFO> Reloading channel peer445.ipv4 for import
bird: 2026-07-27 20:03:45.577 [0000] <DBG> peer445.ipv4: reloading
bird: 2026-07-27 20:03:45.577 [0000] <INFO> Reloading channel peer445.ipv4 for export
bird: 2026-07-27 20:03:45.577 [0000] <INFO> Reloading channel peer446.ipv4 for import
bird: 2026-07-27 20:03:45.577 [0000] <DBG> peer446.ipv4: reloading
bird: 2026-07-27 20:03:45.577 [0000] <INFO> Reloading channel peer446.ipv4 for export
bird: 2026-07-27 20:03:45.577 [0000] <INFO> Reloading channel peer447.ipv4 for import
bird: 2026-07-27 20:03:45.577 [0000] <DBG> peer447.ipv4: reloading
bird: 2026-07-27 20:03:45.577 [0000] <INFO> Reloading channel peer447.ipv4 for export
bird: 2026-07-27 20:03:45.577 [0000] <INFO> Reloading channel peer448.ipv4 for import
bird: 2026-07-27 20:03:45.577 [0000] <DBG> peer448.ipv4: reloading
bird: 2026-07-27 20:03:45.577 [0000] <INFO> Reloading channel peer448.ipv4 for export
bird: 2026-07-27 20:03:45.577 [0000] <INFO> Reloading channel peer449.ipv4 for import
bird: 2026-07-27 20:03:45.577 [0000] <DBG> peer449.ipv4: reloading
bird: 2026-07-27 20:03:45.577 [0000] <INFO> Reloading channel peer449.ipv4 for export
bird: 2026-07-27 20:03:45.577 [0000] <INFO> Reloading channel peer450.ipv4 for import
bird: 2026-07-27 20:03:45.577 [0000] <DBG> peer450.ipv4: reloading
bird: 2026-07-27 20:03:45.577 [0000] <INFO> Reloading channel peer450.ipv4 for export
bird: 2026-07-27 20:03:45.577 [0000] <INFO> Reloading channel peer451.ipv4 for import
bird: 2026-07-27 20:03:45.577 [0000] <DBG> peer451.ipv4: reloading
bird: 2026-07-27 20:03:45.577 [0000] <INFO> Reloading channel peer451.ipv4 for export
bird: 2026-07-27 20:03:45.577 [0000] <INFO> Reloading channel peer452.ipv4 for import
bird: 2026-07-27 20:03:45.577 [0000] <DBG> peer452.ipv4: reloading
bird: 2026-07-27 20:03:45.577 [0000] <INFO> Reloading channel peer452.ipv4 for export
bird: 2026-07-27 20:03:45.577 [0000] <INFO> Reloading channel peer453.ipv4 for import
bird: 2026-07-27 20:03:45.577 [0000] <DBG> peer453.ipv4: reloading
bird: 2026-07-27 20:03:45.577 [0000] <INFO> Reloading channel peer453.ipv4 for export
bird: 2026-07-27 20:03:45.577 [0000] <INFO> Reloading channel peer454.ipv4 for import
bird: 2026-07-27 20:03:45.577 [0000] <DBG> peer454.ipv4: reloading
bird: 2026-07-27 20:03:45.577 [0000] <INFO> Reloading channel peer454.ipv4 for export
bird: 2026-07-27 20:03:45.577 [0000] <INFO> Reloading channel peer455.ipv4 for import
bird: 2026-07-27 20:03:45.577 [0000] <DBG> peer455.ipv4: reloading
bird: 2026-07-27 20:03:45.577 [0000] <INFO> Reloading channel peer455.ipv4 for export
bird: 2026-07-27 20:03:45.577 [0000] <INFO> Reloading channel peer456.ipv4 for import
bird: 2026-07-27 20:03:45.577 [0000] <DBG> peer456.ipv4: reloading
bird: 2026-07-27 20:03:45.577 [0000] <INFO> Reloading channel peer456.ipv4 for export
bird: 2026-07-27 20:03:45.577 [0000] <INFO> Reloading channel peer457.ipv4 for import
bird: 2026-07-27 20:03:45.577 [0000] <DBG> peer457.ipv4: reloading
bird: 2026-07-27 20:03:45.577 [0000] <INFO> Reloading channel peer457.ipv4 for export
bird: 2026-07-27 20:03:45.577 [0000] <INFO> Reloading channel peer458.ipv4 for import
bird: 2026-07-27 20:03:45.577 [0000] <DBG> peer458.ipv4: reloading
bird: 2026-07-27 20:03:45.577 [0000] <INFO> Reloading channel peer458.ipv4 for export
bird: 2026-07-27 20:03:45.577 [0000] <INFO> Reloading channel peer459.ipv4 for import
bird: 2026-07-27 20:03:45.577 [0000] <DBG> peer459.ipv4: reloading
bird: 2026-07-27 20:03:45.577 [0000] <INFO> Reloading channel peer459.ipv4 for export
bird: 2026-07-27 20:03:45.577 [0000] <INFO> Reloading channel peer460.ipv4 for import
bird: 2026-07-27 20:03:45.577 [0000] <DBG> peer460.ipv4: reloading
bird: 2026-07-27 20:03:45.577 [0000] <INFO> Reloading channel peer460.ipv4 for export
bird: 2026-07-27 20:03:45.577 [0000] <INFO> Reloading channel peer461.ipv4 for import
bird: 2026-07-27 20:03:45.577 [0000] <DBG> peer461.ipv4: reloading
bird: 2026-07-27 20:03:45.577 [0000] <INFO> Reloading channel peer461.ipv4 for export
bird: 2026-07-27 20:03:45.577 [0000] <INFO> Reloading channel peer462.ipv4 for import
bird: 2026-07-27 20:03:45.577 [0000] <DBG> peer462.ipv4: reloading
bird: 2026-07-27 20:03:45.577 [0000] <INFO> Reloading channel peer462.ipv4 for export
bird: 2026-07-27 20:03:45.577 [0000] <INFO> Reloading channel peer463.ipv4 for import
bird: 2026-07-27 20:03:45.577 [0000] <DBG> peer463.ipv4: reloading
bird: 2026-07-27 20:03:45.577 [0000] <INFO> Reloading channel peer463.ipv4 for export
bird: 2026-07-27 20:03:45.577 [0000] <INFO> Reloading channel peer464.ipv4 for import
bird: 2026-07-27 20:03:45.577 [0000] <DBG> peer464.ipv4: reloading
bird: 2026-07-27 20:03:45.577 [0000] <INFO> Reloading channel peer464.ipv4 for export
bird: 2026-07-27 20:03:45.577 [0000] <INFO> Reloading channel peer465.ipv4 for import
bird: 2026-07-27 20:03:45.577 [0000] <DBG> peer465.ipv4: reloading
bird: 2026-07-27 20:03:45.577 [0000] <INFO> Reloading channel peer465.ipv4 for export
bird: 2026-07-27 20:03:45.577 [0000] <INFO> Reloading channel peer466.ipv4 for import
bird: 2026-07-27 20:03:45.577 [0000] <DBG> peer466.ipv4: reloading
bird: 2026-07-27 20:03:45.577 [0000] <INFO> Reloading channel peer466.ipv4 for export
bird: 2026-07-27 20:03:45.577 [0000] <INFO> Reloading channel peer467.ipv4 for import
bird: 2026-07-27 20:03:45.577 [0000] <DBG> peer467.ipv4: reloading
bird: 2026-07-27 20:03:45.577 [0000] <INFO> Reloading channel peer467.ipv4 for export
bird: 2026-07-27 20:03:45.577 [0000] <INFO> Reloading channel peer468.ipv4 for import
bird: 2026-07-27 20:03:45.577 [0000] <DBG> peer468.ipv4: reloading
bird: 2026-07-27 20:03:45.577 [0000] <INFO> Reloading channel peer468.ipv4 for export
bird: 2026-07-27 20:03:45.577 [0000] <INFO> Reloading channel peer469.ipv4 for import
bird: 2026-07-27 20:03:45.577 [0000] <DBG> peer469.ipv4: reloading
bird: 2026-07-27 20:03:45.577 [0000] <INFO> Reloading channel peer469.ipv4 for export
bird: 2026-07-27 20:03:45.577 [0000] <INFO> Reloading channel peer470.ipv4 for import
bird: 2026-07-27 20:03:45.577 [0000] <DBG> peer470.ipv4: reloading
bird: 2026-07-27 20:03:45.577 [0000] <INFO> Reloading channel peer470.ipv4 for export
bird: 2026-07-27 20:03:45.577 [0000] <INFO> Reloading channel peer471.ipv4 for import
bird: 2026-07-27 20:03:45.577 [0000] <DBG> peer471.ipv4: reloading
bird: 2026-07-27 20:03:45.577 [0000] <INFO> Reloading channel peer471.ipv4 for export
bird: 2026-07-27 20:03:45.577 [0000] <INFO> Reloading channel peer472.ipv4 for import
bird: 2026-07-27 20:03:45.577 [0000] <DBG> peer472.ipv4: reloading
bird: 2026-07-27 20:03:45.577 [0000] <INFO> Reloading channel peer472.ipv4 for export
bird: 2026-07-27 20:03:45.577 [0000] <INFO> Reloading channel peer473.ipv4 for import
bird: 2026-07-27 20:03:45.577 [0000] <DBG> peer473.ipv4: reloading
bird: 2026-07-27 20:03:45.577 [0000] <INFO> Reloading channel peer473.ipv4 for export
bird: 2026-07-27 20:03:45.577 [0000] <INFO> Reloading channel peer474.ipv4 for import
bird: 2026-07-27 20:03:45.577 [0000] <DBG> peer474.ipv4: reloading
bird: 2026-07-27 20:03:45.577 [0000] <INFO> Reloading channel peer474.ipv4 for export
bird: 2026-07-27 20:03:45.577 [0000] <INFO> Reloading channel peer475.ipv4 for import
bird: 2026-07-27 20:03:45.577 [0000] <DBG> peer475.ipv4: reloading
bird: 2026-07-27 20:03:45.577 [0000] <INFO> Reloading channel peer475.ipv4 for export
bird: 2026-07-27 20:03:45.577 [0000] <INFO> Reloading channel peer476.ipv4 for import
bird: 2026-07-27 20:03:45.577 [0000] <DBG> peer476.ipv4: reloading
bird: 2026-07-27 20:03:45.577 [0000] <INFO> Reloading channel peer476.ipv4 for export
bird: 2026-07-27 20:03:45.577 [0000] <INFO> Reloading channel peer477.ipv4 for import
bird: 2026-07-27 20:03:45.577 [0000] <DBG> peer477.ipv4: reloading
bird: 2026-07-27 20:03:45.577 [0000] <INFO> Reloading channel peer477.ipv4 for export
bird: 2026-07-27 20:03:45.577 [0000] <INFO> Reloading channel peer478.ipv4 for import
bird: 2026-07-27 20:03:45.577 [0000] <DBG> peer478.ipv4: reloading
bird: 2026-07-27 20:03:45.577 [0000] <INFO> Reloading channel peer478.ipv4 for export
bird: 2026-07-27 20:03:45.577 [0000] <INFO> Reloading channel peer479.ipv4 for import
bird: 2026-07-27 20:03:45.577 [0000] <DBG> peer479.ipv4: reloading
bird: 2026-07-27 20:03:45.577 [0000] <INFO> Reloading channel peer479.ipv4 for export
bird: 2026-07-27 20:03:45.577 [0000] <INFO> Reloading channel peer480.ipv4 for import
bird: 2026-07-27 20:03:45.577 [0000] <DBG> peer480.ipv4: reloading
bird: 2026-07-27 20:03:45.577 [0000] <INFO> Reloading channel peer480.ipv4 for export
bird: 2026-07-27 20:03:45.577 [0000] <INFO> Reloading channel peer481.ipv4 for import
bird: 2026-07-27 20:03:45.577 [0000] <DBG> peer481.ipv4: reloading
bird: 2026-07-27 20:03:45.577 [0000] <INFO> Reloading channel peer481.ipv4 for export
bird: 2026-07-27 20:03:45.577 [0000] <INFO> Reloading channel peer482.ipv4 for import
bird: 2026-07-27 20:03:45.577 [0000] <DBG> peer482.ipv4: reloading
bird: 2026-07-27 20:03:45.577 [0000] <INFO> Reloading channel peer482.ipv4 for export
bird: 2026-07-27 20:03:45.577 [0000] <INFO> Reloading channel peer483.ipv4 for import
bird: 2026-07-27 20:03:45.577 [0000] <DBG> peer483.ipv4: reloading
bird: 2026-07-27 20:03:45.577 [0000] <INFO> Reloading channel peer483.ipv4 for export
bird: 2026-07-27 20:03:45.577 [0000] <INFO> Reloading channel peer484.ipv4 for import
bird: 2026-07-27 20:03:45.577 [0000] <DBG> peer484.ipv4: reloading
bird: 2026-07-27 20:03:45.577 [0000] <INFO> Reloading channel peer484.ipv4 for export
bird: 2026-07-27 20:03:45.577 [0000] <INFO> Reloading channel peer485.ipv4 for import
bird: 2026-07-27 20:03:45.577 [0000] <DBG> peer485.ipv4: reloading
bird: 2026-07-27 20:03:45.577 [0000] <INFO> Reloading channel peer485.ipv4 for export
bird: 2026-07-27 20:03:45.577 [0000] <INFO> Reloading channel peer486.ipv4 for import
bird: 2026-07-27 20:03:45.577 [0000] <DBG> peer486.ipv4: reloading
bird: 2026-07-27 20:03:45.577 [0000] <INFO> Reloading channel peer486.ipv4 for export
bird: 2026-07-27 20:03:45.577 [0000] <INFO> Reloading channel peer487.ipv4 for import
bird: 2026-07-27 20:03:45.577 [0000] <DBG> peer487.ipv4: reloading
bird: 2026-07-27 20:03:45.577 [0000] <INFO> Reloading channel peer487.ipv4 for export
bird: 2026-07-27 20:03:45.577 [0000] <INFO> Reloading channel peer488.ipv4 for import
bird: 2026-07-27 20:03:45.577 [0000] <DBG> peer488.ipv4: reloading
bird: 2026-07-27 20:03:45.577 [0000] <INFO> Reloading channel peer488.ipv4 for export
bird: 2026-07-27 20:03:45.577 [0000] <INFO> Reloading channel peer489.ipv4 for import
bird: 2026-07-27 20:03:45.577 [0000] <DBG> peer489.ipv4: reloading
bird: 2026-07-27 20:03:45.577 [0000] <INFO> Reloading channel peer489.ipv4 for export
bird: 2026-07-27 20:03:45.577 [0000] <INFO> Reloading channel peer490.ipv4 for import
bird: 2026-07-27 20:03:45.577 [0000] <DBG> peer490.ipv4: reloading
bird: 2026-07-27 20:03:45.577 [0000] <INFO> Reloading channel peer490.ipv4 for export
bird: 2026-07-27 20:03:45.577 [0000] <INFO> Reloading channel peer491.ipv4 for import
bird: 2026-07-27 20:03:45.577 [0000] <DBG> peer491.ipv4: reloading
bird: 2026-07-27 20:03:45.577 [0000] <INFO> Reloading channel peer491.ipv4 for export
bird: 2026-07-27 20:03:45.577 [0000] <INFO> Reloading channel peer492.ipv4 for import
bird: 2026-07-27 20:03:45.577 [0000] <DBG> peer492.ipv4: reloading
bird: 2026-07-27 20:03:45.577 [0000] <INFO> Reloading channel peer492.ipv4 for export
bird: 2026-07-27 20:03:45.577 [0000] <INFO> Reloading channel peer493.ipv4 for import
bird: 2026-07-27 20:03:45.577 [0000] <DBG> peer493.ipv4: reloading
bird: 2026-07-27 20:03:45.577 [0000] <INFO> Reloading channel peer493.ipv4 for export
bird: 2026-07-27 20:03:45.577 [0000] <INFO> Reloading channel peer494.ipv4 for import
bird: 2026-07-27 20:03:45.577 [0000] <DBG> peer494.ipv4: reloading
bird: 2026-07-27 20:03:45.577 [0000] <INFO> Reloading channel peer494.ipv4 for export
bird: 2026-07-27 20:03:45.577 [0000] <INFO> Reloading channel peer495.ipv4 for import
bird: 2026-07-27 20:03:45.577 [0000] <DBG> peer495.ipv4: reloading
bird: 2026-07-27 20:03:45.577 [0000] <INFO> Reloading channel peer495.ipv4 for export
bird: 2026-07-27 20:03:45.577 [0000] <INFO> Reloading channel peer496.ipv4 for import
bird: 2026-07-27 20:03:45.577 [0000] <DBG> peer496.ipv4: reloading
bird: 2026-07-27 20:03:45.577 [0000] <INFO> Reloading channel peer496.ipv4 for export
bird: 2026-07-27 20:03:45.577 [0000] <INFO> Reloading channel peer497.ipv4 for import
bird: 2026-07-27 20:03:45.577 [0000] <DBG> peer497.ipv4: reloading
bird: 2026-07-27 20:03:45.577 [0000] <INFO> Reloading channel peer497.ipv4 for export
bird: 2026-07-27 20:03:45.577 [0000] <INFO> Reloading channel peer498.ipv4 for import
bird: 2026-07-27 20:03:45.577 [0000] <DBG> peer498.ipv4: reloading
bird: 2026-07-27 20:03:45.577 [0000] <INFO> Reloading channel peer498.ipv4 for export
bird: 2026-07-27 20:03:45.577 [0000] <INFO> Reloading channel peer499.ipv4 for import
bird: 2026-07-27 20:03:45.577 [0000] <DBG> peer499.ipv4: reloading
bird: 2026-07-27 20:03:45.577 [0000] <INFO> Reloading channel peer499.ipv4 for export
bird: 2026-07-27 20:03:45.577 [0000] <INFO> Reloading channel peer500.ipv4 for import
bird: 2026-07-27 20:03:45.577 [0000] <DBG> peer500.ipv4: reloading
bird: 2026-07-27 20:03:45.577 [0000] <INFO> Reloading channel peer500.ipv4 for export
bird: 2026-07-27 20:03:45.577 [0000] <INFO> Reloading channel peer501.ipv4 for import
bird: 2026-07-27 20:03:45.577 [0000] <DBG> peer501.ipv4: reloading
bird: 2026-07-27 20:03:45.577 [0000] <INFO> Reloading channel peer501.ipv4 for export
bird: 2026-07-27 20:03:45.577 [0000] <INFO> Reloading channel peer502.ipv4 for import
bird: 2026-07-27 20:03:45.577 [0000] <DBG> peer502.ipv4: reloading
bird: 2026-07-27 20:03:45.577 [0000] <INFO> Reloading channel peer502.ipv4 for export
bird: 2026-07-27 20:03:45.577 [0000] <INFO> Reloading channel peer503.ipv4 for import
bird: 2026-07-27 20:03:45.577 [0000] <DBG> peer503.ipv4: reloading
bird: 2026-07-27 20:03:45.577 [0000] <INFO> Reloading channel peer503.ipv4 for export
bird: 2026-07-27 20:03:45.577 [0000] <INFO> Reloading channel peer504.ipv4 for import
bird: 2026-07-27 20:03:45.577 [0000] <DBG> peer504.ipv4: reloading
bird: 2026-07-27 20:03:45.577 [0000] <INFO> Reloading channel peer504.ipv4 for export
bird: 2026-07-27 20:03:45.577 [0000] <INFO> Reloading channel peer505.ipv4 for import
bird: 2026-07-27 20:03:45.577 [0000] <DBG> peer505.ipv4: reloading
bird: 2026-07-27 20:03:45.577 [0000] <INFO> Reloading channel peer505.ipv4 for export
bird: 2026-07-27 20:03:45.577 [0000] <INFO> Reloading channel peer506.ipv4 for import
bird: 2026-07-27 20:03:45.577 [0000] <DBG> peer506.ipv4: reloading
bird: 2026-07-27 20:03:45.577 [0000] <INFO> Reloading channel peer506.ipv4 for export
bird: 2026-07-27 20:03:45.577 [0000] <INFO> Reloading channel peer507.ipv4 for import
bird: 2026-07-27 20:03:45.577 [0000] <DBG> peer507.ipv4: reloading
bird: 2026-07-27 20:03:45.577 [0000] <INFO> Reloading channel peer507.ipv4 for export
bird: 2026-07-27 20:03:45.577 [0000] <INFO> Reloading channel peer508.ipv4 for import
bird: 2026-07-27 20:03:45.577 [0000] <DBG> peer508.ipv4: reloading
bird: 2026-07-27 20:03:45.577 [0000] <INFO> Reloading channel peer508.ipv4 for export
bird: 2026-07-27 20:03:45.577 [0000] <INFO> Reloading channel peer509.ipv4 for import
bird: 2026-07-27 20:03:45.577 [0000] <DBG> peer509.ipv4: reloading
bird: 2026-07-27 20:03:45.577 [0000] <INFO> Reloading channel peer509.ipv4 for export
bird: 2026-07-27 20:03:45.577 [0000] <INFO> Reloading channel peer510.ipv4 for import
bird: 2026-07-27 20:03:45.577 [0000] <DBG> peer510.ipv4: reloading
bird: 2026-07-27 20:03:45.577 [0000] <INFO> Reloading channel peer510.ipv4 for export
bird: 2026-07-27 20:03:45.577 [0000] <INFO> Reloading channel peer511.ipv4 for import
bird: 2026-07-27 20:03:45.577 [0000] <DBG> peer511.ipv4: reloading
bird: 2026-07-27 20:03:45.577 [0000] <INFO> Reloading channel peer511.ipv4 for export
bird: 2026-07-27 20:03:45.577 [0000] <INFO> Reloading channel peer512.ipv4 for import
bird: 2026-07-27 20:03:45.577 [0000] <DBG> peer512.ipv4: reloading
bird: 2026-07-27 20:03:45.577 [0000] <INFO> Reloading channel peer512.ipv4 for export
bird: 2026-07-27 20:03:45.577 [0000] <INFO> Reloading channel peer513.ipv4 for import
bird: 2026-07-27 20:03:45.577 [0000] <DBG> peer513.ipv4: reloading
bird: 2026-07-27 20:03:45.577 [0000] <INFO> Reloading channel peer513.ipv4 for export
bird: 2026-07-27 20:03:45.577 [0000] <INFO> Reloading channel peer514.ipv4 for import
bird: 2026-07-27 20:03:45.577 [0000] <DBG> peer514.ipv4: reloading
bird: 2026-07-27 20:03:45.577 [0000] <INFO> Reloading channel peer514.ipv4 for export
bird: 2026-07-27 20:03:45.577 [0000] <INFO> Reloading channel peer515.ipv4 for import
bird: 2026-07-27 20:03:45.577 [0000] <DBG> peer515.ipv4: reloading
bird: 2026-07-27 20:03:45.577 [0000] <INFO> Reloading channel peer515.ipv4 for export
bird: 2026-07-27 20:03:45.577 [0000] <INFO> Reloading channel peer516.ipv4 for import
bird: 2026-07-27 20:03:45.577 [0000] <DBG> peer516.ipv4: reloading
bird: 2026-07-27 20:03:45.577 [0000] <INFO> Reloading channel peer516.ipv4 for export
bird: 2026-07-27 20:03:45.577 [0000] <INFO> Reloading channel peer517.ipv4 for import
bird: 2026-07-27 20:03:45.577 [0000] <DBG> peer517.ipv4: reloading
bird: 2026-07-27 20:03:45.577 [0000] <INFO> Reloading channel peer517.ipv4 for export
bird: 2026-07-27 20:03:45.577 [0000] <INFO> Reloading channel peer518.ipv4 for import
bird: 2026-07-27 20:03:45.577 [0000] <DBG> peer518.ipv4: reloading
bird: 2026-07-27 20:03:45.577 [0000] <INFO> Reloading channel peer518.ipv4 for export
bird: 2026-07-27 20:03:45.577 [0000] <INFO> Reloading channel peer519.ipv4 for import
bird: 2026-07-27 20:03:45.577 [0000] <DBG> peer519.ipv4: reloading
bird: 2026-07-27 20:03:45.577 [0000] <INFO> Reloading channel peer519.ipv4 for export
bird: 2026-07-27 20:03:45.577 [0000] <INFO> Reloading channel peer520.ipv4 for import
bird: 2026-07-27 20:03:45.577 [0000] <DBG> peer520.ipv4: reloading
bird: 2026-07-27 20:03:45.577 [0000] <INFO> Reloading channel peer520.ipv4 for export
bird: 2026-07-27 20:03:45.577 [0000] <INFO> Reloading channel peer521.ipv4 for import
bird: 2026-07-27 20:03:45.577 [0000] <DBG> peer521.ipv4: reloading
bird: 2026-07-27 20:03:45.577 [0000] <INFO> Reloading channel peer521.ipv4 for export
bird: 2026-07-27 20:03:45.577 [0000] <INFO> Reloading channel peer522.ipv4 for import
bird: 2026-07-27 20:03:45.577 [0000] <DBG> peer522.ipv4: reloading
bird: 2026-07-27 20:03:45.577 [0000] <INFO> Reloading channel peer522.ipv4 for export
bird: 2026-07-27 20:03:45.577 [0000] <INFO> Reloading channel peer523.ipv4 for import
bird: 2026-07-27 20:03:45.577 [0000] <DBG> peer523.ipv4: reloading
bird: 2026-07-27 20:03:45.577 [0000] <INFO> Reloading channel peer523.ipv4 for export
bird: 2026-07-27 20:03:45.577 [0000] <INFO> Reloading channel peer524.ipv4 for import
bird: 2026-07-27 20:03:45.577 [0000] <DBG> peer524.ipv4: reloading
bird: 2026-07-27 20:03:45.577 [0000] <INFO> Reloading channel peer524.ipv4 for export
bird: 2026-07-27 20:03:45.577 [0000] <INFO> Reloading channel peer525.ipv4 for import
bird: 2026-07-27 20:03:45.577 [0000] <DBG> peer525.ipv4: reloading
bird: 2026-07-27 20:03:45.577 [0000] <INFO> Reloading channel peer525.ipv4 for export
bird: 2026-07-27 20:03:45.577 [0000] <INFO> Reloading channel peer526.ipv4 for import
bird: 2026-07-27 20:03:45.577 [0000] <DBG> peer526.ipv4: reloading
bird: 2026-07-27 20:03:45.577 [0000] <INFO> Reloading channel peer526.ipv4 for export
bird: 2026-07-27 20:03:45.577 [0000] <INFO> Reloading channel peer527.ipv4 for import
bird: 2026-07-27 20:03:45.577 [0000] <DBG> peer527.ipv4: reloading
bird: 2026-07-27 20:03:45.577 [0000] <INFO> Reloading channel peer527.ipv4 for export
bird: 2026-07-27 20:03:45.577 [0000] <INFO> Reloading channel peer528.ipv4 for import
bird: 2026-07-27 20:03:45.577 [0000] <DBG> peer528.ipv4: reloading
bird: 2026-07-27 20:03:45.577 [0000] <INFO> Reloading channel peer528.ipv4 for export
bird: 2026-07-27 20:03:45.577 [0000] <INFO> Reloading channel peer529.ipv4 for import
bird: 2026-07-27 20:03:45.577 [0000] <DBG> peer529.ipv4: reloading
bird: 2026-07-27 20:03:45.577 [0000] <INFO> Reloading channel peer529.ipv4 for export
bird: 2026-07-27 20:03:45.577 [0000] <INFO> Reloading channel peer530.ipv4 for import
bird: 2026-07-27 20:03:45.577 [0000] <DBG> peer530.ipv4: reloading
bird: 2026-07-27 20:03:45.577 [0000] <INFO> Reloading channel peer530.ipv4 for export
bird: 2026-07-27 20:03:45.577 [0000] <INFO> Reloading channel peer531.ipv4 for import
bird: 2026-07-27 20:03:45.577 [0000] <DBG> peer531.ipv4: reloading
bird: 2026-07-27 20:03:45.577 [0000] <INFO> Reloading channel peer531.ipv4 for export
bird: 2026-07-27 20:03:45.577 [0000] <INFO> Reloading channel peer532.ipv4 for import
bird: 2026-07-27 20:03:45.577 [0000] <DBG> peer532.ipv4: reloading
bird: 2026-07-27 20:03:45.577 [0000] <INFO> Reloading channel peer532.ipv4 for export
bird: 2026-07-27 20:03:45.577 [0000] <INFO> Reloading channel peer533.ipv4 for import
bird: 2026-07-27 20:03:45.577 [0000] <DBG> peer533.ipv4: reloading
bird: 2026-07-27 20:03:45.577 [0000] <INFO> Reloading channel peer533.ipv4 for export
bird: 2026-07-27 20:03:45.577 [0000] <INFO> Reloading channel peer534.ipv4 for import
bird: 2026-07-27 20:03:45.577 [0000] <DBG> peer534.ipv4: reloading
bird: 2026-07-27 20:03:45.577 [0000] <INFO> Reloading channel peer534.ipv4 for export
bird: 2026-07-27 20:03:45.577 [0000] <INFO> Reloading channel peer535.ipv4 for import
bird: 2026-07-27 20:03:45.577 [0000] <DBG> peer535.ipv4: reloading
bird: 2026-07-27 20:03:45.577 [0000] <INFO> Reloading channel peer535.ipv4 for export
bird: 2026-07-27 20:03:45.577 [0000] <INFO> Reloading channel peer536.ipv4 for import
bird: 2026-07-27 20:03:45.577 [0000] <DBG> peer536.ipv4: reloading
bird: 2026-07-27 20:03:45.577 [0000] <INFO> Reloading channel peer536.ipv4 for export
bird: 2026-07-27 20:03:45.577 [0000] <INFO> Reloading channel peer537.ipv4 for import
bird: 2026-07-27 20:03:45.577 [0000] <DBG> peer537.ipv4: reloading
bird: 2026-07-27 20:03:45.577 [0000] <INFO> Reloading channel peer537.ipv4 for export
bird: 2026-07-27 20:03:45.577 [0000] <INFO> Reloading channel peer538.ipv4 for import
bird: 2026-07-27 20:03:45.577 [0000] <DBG> peer538.ipv4: reloading
bird: 2026-07-27 20:03:45.577 [0000] <INFO> Reloading channel peer538.ipv4 for export
bird: 2026-07-27 20:03:45.577 [0000] <INFO> Reloading channel peer539.ipv4 for import
bird: 2026-07-27 20:03:45.577 [0000] <DBG> peer539.ipv4: reloading
bird: 2026-07-27 20:03:45.577 [0000] <INFO> Reloading channel peer539.ipv4 for export
bird: 2026-07-27 20:03:45.577 [0000] <INFO> Reloading channel peer540.ipv4 for import
bird: 2026-07-27 20:03:45.577 [0000] <DBG> peer540.ipv4: reloading
bird: 2026-07-27 20:03:45.577 [0000] <INFO> Reloading channel peer540.ipv4 for export
bird: 2026-07-27 20:03:45.577 [0000] <INFO> Reloading channel peer541.ipv4 for import
bird: 2026-07-27 20:03:45.577 [0000] <DBG> peer541.ipv4: reloading
bird: 2026-07-27 20:03:45.577 [0000] <INFO> Reloading channel peer541.ipv4 for export
bird: 2026-07-27 20:03:45.577 [0000] <INFO> Reloading channel peer542.ipv4 for import
bird: 2026-07-27 20:03:45.577 [0000] <DBG> peer542.ipv4: reloading
bird: 2026-07-27 20:03:45.577 [0000] <INFO> Reloading channel peer542.ipv4 for export
bird: 2026-07-27 20:03:45.577 [0000] <INFO> Reloading channel peer543.ipv4 for import
bird: 2026-07-27 20:03:45.577 [0000] <DBG> peer543.ipv4: reloading
bird: 2026-07-27 20:03:45.577 [0000] <INFO> Reloading channel peer543.ipv4 for export
bird: 2026-07-27 20:03:45.577 [0000] <INFO> Reloading channel peer544.ipv4 for import
bird: 2026-07-27 20:03:45.577 [0000] <DBG> peer544.ipv4: reloading
bird: 2026-07-27 20:03:45.577 [0000] <INFO> Reloading channel peer544.ipv4 for export
bird: 2026-07-27 20:03:45.577 [0000] <INFO> Reloading channel peer545.ipv4 for import
bird: 2026-07-27 20:03:45.577 [0000] <DBG> peer545.ipv4: reloading
bird: 2026-07-27 20:03:45.577 [0000] <INFO> Reloading channel peer545.ipv4 for export
bird: 2026-07-27 20:03:45.577 [0000] <INFO> Reloading channel peer546.ipv4 for import
bird: 2026-07-27 20:03:45.577 [0000] <DBG> peer546.ipv4: reloading
bird: 2026-07-27 20:03:45.577 [0000] <INFO> Reloading channel peer546.ipv4 for export
bird: 2026-07-27 20:03:45.577 [0000] <INFO> Reloading channel peer547.ipv4 for import
bird: 2026-07-27 20:03:45.577 [0000] <DBG> peer547.ipv4: reloading
bird: 2026-07-27 20:03:45.577 [0000] <INFO> Reloading channel peer547.ipv4 for export
bird: 2026-07-27 20:03:45.577 [0000] <INFO> Reloading channel peer548.ipv4 for import
bird: 2026-07-27 20:03:45.577 [0000] <DBG> peer548.ipv4: reloading
bird: 2026-07-27 20:03:45.577 [0000] <INFO> Reloading channel peer548.ipv4 for export
bird: 2026-07-27 20:03:45.577 [0000] <INFO> Reloading channel peer549.ipv4 for import
bird: 2026-07-27 20:03:45.577 [0000] <DBG> peer549.ipv4: reloading
bird: 2026-07-27 20:03:45.577 [0000] <INFO> Reloading channel peer549.ipv4 for export
bird: 2026-07-27 20:03:45.577 [0000] <INFO> Reloading channel peer550.ipv4 for import
bird: 2026-07-27 20:03:45.577 [0000] <DBG> peer550.ipv4: reloading
bird: 2026-07-27 20:03:45.577 [0000] <INFO> Reloading channel peer550.ipv4 for export
bird: 2026-07-27 20:03:45.577 [0000] <INFO> Reloading channel peer551.ipv4 for import
bird: 2026-07-27 20:03:45.577 [0000] <DBG> peer551.ipv4: reloading
bird: 2026-07-27 20:03:45.577 [0000] <INFO> Reloading channel peer551.ipv4 for export
bird: 2026-07-27 20:03:45.577 [0000] <INFO> Reloading channel peer552.ipv4 for import
bird: 2026-07-27 20:03:45.577 [0000] <DBG> peer552.ipv4: reloading
bird: 2026-07-27 20:03:45.577 [0000] <INFO> Reloading channel peer552.ipv4 for export
bird: 2026-07-27 20:03:45.577 [0000] <INFO> Reloading channel peer553.ipv4 for import
bird: 2026-07-27 20:03:45.577 [0000] <DBG> peer553.ipv4: reloading
bird: 2026-07-27 20:03:45.577 [0000] <INFO> Reloading channel peer553.ipv4 for export
bird: 2026-07-27 20:03:45.577 [0000] <INFO> Reloading channel peer554.ipv4 for import
bird: 2026-07-27 20:03:45.577 [0000] <DBG> peer554.ipv4: reloading
bird: 2026-07-27 20:03:45.577 [0000] <INFO> Reloading channel peer554.ipv4 for export
bird: 2026-07-27 20:03:45.577 [0000] <INFO> Reloading channel peer555.ipv4 for import
bird: 2026-07-27 20:03:45.577 [0000] <DBG> peer555.ipv4: reloading
bird: 2026-07-27 20:03:45.577 [0000] <INFO> Reloading channel peer555.ipv4 for export
bird: 2026-07-27 20:03:45.577 [0000] <INFO> Reloading channel peer556.ipv4 for import
bird: 2026-07-27 20:03:45.577 [0000] <DBG> peer556.ipv4: reloading
bird: 2026-07-27 20:03:45.577 [0000] <INFO> Reloading channel peer556.ipv4 for export
bird: 2026-07-27 20:03:45.577 [0000] <INFO> Reloading channel peer557.ipv4 for import
bird: 2026-07-27 20:03:45.577 [0000] <DBG> peer557.ipv4: reloading
bird: 2026-07-27 20:03:45.577 [0000] <INFO> Reloading channel peer557.ipv4 for export
bird: 2026-07-27 20:03:45.577 [0000] <INFO> Reloading channel peer558.ipv4 for import
bird: 2026-07-27 20:03:45.577 [0000] <DBG> peer558.ipv4: reloading
bird: 2026-07-27 20:03:45.587 [0000] <INFO> Reloading channel peer558.ipv4 for export
bird: 2026-07-27 20:03:45.587 [0000] <INFO> Reloading channel peer559.ipv4 for import
bird: 2026-07-27 20:03:45.587 [0000] <DBG> peer559.ipv4: reloading
bird: 2026-07-27 20:03:45.587 [0000] <INFO> Reloading channel peer559.ipv4 for export
bird: 2026-07-27 20:03:45.587 [0000] <INFO> Reloading channel peer560.ipv4 for import
bird: 2026-07-27 20:03:45.587 [0000] <DBG> peer560.ipv4: reloading
bird: 2026-07-27 20:03:45.587 [0000] <INFO> Reloading channel peer560.ipv4 for export
bird: 2026-07-27 20:03:45.587 [0000] <INFO> Reloading channel peer561.ipv4 for import
bird: 2026-07-27 20:03:45.587 [0000] <DBG> peer561.ipv4: reloading
bird: 2026-07-27 20:03:45.587 [0000] <INFO> Reloading channel peer561.ipv4 for export
bird: 2026-07-27 20:03:45.587 [0000] <INFO> Reloading channel peer562.ipv4 for import
bird: 2026-07-27 20:03:45.587 [0000] <DBG> peer562.ipv4: reloading
bird: 2026-07-27 20:03:45.587 [0000] <INFO> Reloading channel peer562.ipv4 for export
bird: 2026-07-27 20:03:45.587 [0000] <INFO> Reloading channel peer563.ipv4 for import
bird: 2026-07-27 20:03:45.587 [0000] <DBG> peer563.ipv4: reloading
bird: 2026-07-27 20:03:45.587 [0000] <INFO> Reloading channel peer563.ipv4 for export
bird: 2026-07-27 20:03:45.587 [0000] <INFO> Reloading channel peer564.ipv4 for import
bird: 2026-07-27 20:03:45.587 [0000] <DBG> peer564.ipv4: reloading
bird: 2026-07-27 20:03:45.587 [0000] <INFO> Reloading channel peer564.ipv4 for export
bird: 2026-07-27 20:03:45.587 [0000] <INFO> Reloading channel peer565.ipv4 for import
bird: 2026-07-27 20:03:45.587 [0000] <DBG> peer565.ipv4: reloading
bird: 2026-07-27 20:03:45.587 [0000] <INFO> Reloading channel peer565.ipv4 for export
bird: 2026-07-27 20:03:45.587 [0000] <INFO> Reloading channel peer566.ipv4 for import
bird: 2026-07-27 20:03:45.587 [0000] <DBG> peer566.ipv4: reloading
bird: 2026-07-27 20:03:45.587 [0000] <INFO> Reloading channel peer566.ipv4 for export
bird: 2026-07-27 20:03:45.587 [0000] <INFO> Reloading channel peer567.ipv4 for import
bird: 2026-07-27 20:03:45.587 [0000] <DBG> peer567.ipv4: reloading
bird: 2026-07-27 20:03:45.587 [0000] <INFO> Reloading channel peer567.ipv4 for export
bird: 2026-07-27 20:03:45.587 [0000] <INFO> Reloading channel peer568.ipv4 for import
bird: 2026-07-27 20:03:45.587 [0000] <DBG> peer568.ipv4: reloading
bird: 2026-07-27 20:03:45.587 [0000] <INFO> Reloading channel peer568.ipv4 for export
bird: 2026-07-27 20:03:45.587 [0000] <INFO> Reloading channel peer569.ipv4 for import
bird: 2026-07-27 20:03:45.587 [0000] <DBG> peer569.ipv4: reloading
bird: 2026-07-27 20:03:45.587 [0000] <INFO> Reloading channel peer569.ipv4 for export
bird: 2026-07-27 20:03:45.587 [0000] <INFO> Reloading channel peer570.ipv4 for import
bird: 2026-07-27 20:03:45.587 [0000] <DBG> peer570.ipv4: reloading
bird: 2026-07-27 20:03:45.587 [0000] <INFO> Reloading channel peer570.ipv4 for export
bird: 2026-07-27 20:03:45.587 [0000] <INFO> Reloading channel peer571.ipv4 for import
bird: 2026-07-27 20:03:45.587 [0000] <DBG> peer571.ipv4: reloading
bird: 2026-07-27 20:03:45.587 [0000] <INFO> Reloading channel peer571.ipv4 for export
bird: 2026-07-27 20:03:45.587 [0000] <INFO> Reloading channel peer572.ipv4 for import
bird: 2026-07-27 20:03:45.587 [0000] <DBG> peer572.ipv4: reloading
bird: 2026-07-27 20:03:45.587 [0000] <INFO> Reloading channel peer572.ipv4 for export
bird: 2026-07-27 20:03:45.587 [0000] <INFO> Reloading channel peer573.ipv4 for import
bird: 2026-07-27 20:03:45.587 [0000] <DBG> peer573.ipv4: reloading
bird: 2026-07-27 20:03:45.587 [0000] <INFO> Reloading channel peer573.ipv4 for export
bird: 2026-07-27 20:03:45.587 [0000] <INFO> Reloading channel peer574.ipv4 for import
bird: 2026-07-27 20:03:45.587 [0000] <DBG> peer574.ipv4: reloading
bird: 2026-07-27 20:03:45.587 [0000] <INFO> Reloading channel peer574.ipv4 for export
bird: 2026-07-27 20:03:45.587 [0000] <INFO> Reloading channel peer575.ipv4 for import
bird: 2026-07-27 20:03:45.587 [0000] <DBG> peer575.ipv4: reloading
bird: 2026-07-27 20:03:45.587 [0000] <INFO> Reloading channel peer575.ipv4 for export
bird: 2026-07-27 20:03:45.587 [0000] <INFO> Reloading channel peer576.ipv4 for import
bird: 2026-07-27 20:03:45.587 [0000] <DBG> peer576.ipv4: reloading
bird: 2026-07-27 20:03:45.587 [0000] <INFO> Reloading channel peer576.ipv4 for export
bird: 2026-07-27 20:03:45.587 [0000] <INFO> Reloading channel peer577.ipv4 for import
bird: 2026-07-27 20:03:45.587 [0000] <DBG> peer577.ipv4: reloading
bird: 2026-07-27 20:03:45.587 [0000] <INFO> Reloading channel peer577.ipv4 for export
bird: 2026-07-27 20:03:45.587 [0000] <INFO> Reloading channel peer578.ipv4 for import
bird: 2026-07-27 20:03:45.587 [0000] <DBG> peer578.ipv4: reloading
bird: 2026-07-27 20:03:45.587 [0000] <INFO> Reloading channel peer578.ipv4 for export
bird: 2026-07-27 20:03:45.587 [0000] <INFO> Reloading channel peer579.ipv4 for import
bird: 2026-07-27 20:03:45.587 [0000] <DBG> peer579.ipv4: reloading
bird: 2026-07-27 20:03:45.587 [0000] <INFO> Reloading channel peer579.ipv4 for export
bird: 2026-07-27 20:03:45.587 [0000] <INFO> Reloading channel peer580.ipv4 for import
bird: 2026-07-27 20:03:45.587 [0000] <DBG> peer580.ipv4: reloading
bird: 2026-07-27 20:03:45.587 [0000] <INFO> Reloading channel peer580.ipv4 for export
bird: 2026-07-27 20:03:45.587 [0000] <INFO> Reloading channel peer581.ipv4 for import
bird: 2026-07-27 20:03:45.587 [0000] <DBG> peer581.ipv4: reloading
bird: 2026-07-27 20:03:45.587 [0000] <INFO> Reloading channel peer581.ipv4 for export
bird: 2026-07-27 20:03:45.587 [0000] <INFO> Reloading channel peer582.ipv4 for import
bird: 2026-07-27 20:03:45.587 [0000] <DBG> peer582.ipv4: reloading
bird: 2026-07-27 20:03:45.587 [0000] <INFO> Reloading channel peer582.ipv4 for export
bird: 2026-07-27 20:03:45.587 [0000] <INFO> Reloading channel peer583.ipv4 for import
bird: 2026-07-27 20:03:45.587 [0000] <DBG> peer583.ipv4: reloading
bird: 2026-07-27 20:03:45.587 [0000] <INFO> Reloading channel peer583.ipv4 for export
bird: 2026-07-27 20:03:45.587 [0000] <INFO> Reloading channel peer584.ipv4 for import
bird: 2026-07-27 20:03:45.587 [0000] <DBG> peer584.ipv4: reloading
bird: 2026-07-27 20:03:45.587 [0000] <INFO> Reloading channel peer584.ipv4 for export
bird: 2026-07-27 20:03:45.587 [0000] <INFO> Reloading channel peer585.ipv4 for import
bird: 2026-07-27 20:03:45.587 [0000] <DBG> peer585.ipv4: reloading
bird: 2026-07-27 20:03:45.587 [0000] <INFO> Reloading channel peer585.ipv4 for export
bird: 2026-07-27 20:03:45.587 [0000] <INFO> Reloading channel peer586.ipv4 for import
bird: 2026-07-27 20:03:45.587 [0000] <DBG> peer586.ipv4: reloading
bird: 2026-07-27 20:03:45.587 [0000] <INFO> Reloading channel peer586.ipv4 for export
bird: 2026-07-27 20:03:45.587 [0000] <INFO> Reloading channel peer587.ipv4 for import
bird: 2026-07-27 20:03:45.587 [0000] <DBG> peer587.ipv4: reloading
bird: 2026-07-27 20:03:45.587 [0000] <INFO> Reloading channel peer587.ipv4 for export
bird: 2026-07-27 20:03:45.587 [0000] <INFO> Reloading channel peer588.ipv4 for import
bird: 2026-07-27 20:03:45.587 [0000] <DBG> peer588.ipv4: reloading
bird: 2026-07-27 20:03:45.587 [0000] <INFO> Reloading channel peer588.ipv4 for export
bird: 2026-07-27 20:03:45.587 [0000] <INFO> Reloading channel peer589.ipv4 for import
bird: 2026-07-27 20:03:45.587 [0000] <DBG> peer589.ipv4: reloading
bird: 2026-07-27 20:03:45.587 [0000] <INFO> Reloading channel peer589.ipv4 for export
bird: 2026-07-27 20:03:45.587 [0000] <INFO> Reloading channel peer590.ipv4 for import
bird: 2026-07-27 20:03:45.587 [0000] <DBG> peer590.ipv4: reloading
bird: 2026-07-27 20:03:45.587 [0000] <INFO> Reloading channel peer590.ipv4 for export
bird: 2026-07-27 20:03:45.587 [0000] <INFO> Reloading channel peer591.ipv4 for import
bird: 2026-07-27 20:03:45.587 [0000] <DBG> peer591.ipv4: reloading
bird: 2026-07-27 20:03:45.587 [0000] <INFO> Reloading channel peer591.ipv4 for export
bird: 2026-07-27 20:03:45.587 [0000] <INFO> Reloading channel peer592.ipv4 for import
bird: 2026-07-27 20:03:45.587 [0000] <DBG> peer592.ipv4: reloading
bird: 2026-07-27 20:03:45.587 [0000] <INFO> Reloading channel peer592.ipv4 for export
bird: 2026-07-27 20:03:45.587 [0000] <INFO> Reloading channel peer593.ipv4 for import
bird: 2026-07-27 20:03:45.587 [0000] <DBG> peer593.ipv4: reloading
bird: 2026-07-27 20:03:45.587 [0000] <INFO> Reloading channel peer593.ipv4 for export
bird: 2026-07-27 20:03:45.587 [0000] <INFO> Reloading channel peer594.ipv4 for import
bird: 2026-07-27 20:03:45.587 [0000] <DBG> peer594.ipv4: reloading
bird: 2026-07-27 20:03:45.587 [0000] <INFO> Reloading channel peer594.ipv4 for export
bird: 2026-07-27 20:03:45.587 [0000] <INFO> Reloading channel peer595.ipv4 for import
bird: 2026-07-27 20:03:45.587 [0000] <DBG> peer595.ipv4: reloading
bird: 2026-07-27 20:03:45.587 [0000] <INFO> Reloading channel peer595.ipv4 for export
bird: 2026-07-27 20:03:45.587 [0000] <INFO> Reloading channel peer596.ipv4 for import
bird: 2026-07-27 20:03:45.587 [0000] <DBG> peer596.ipv4: reloading
bird: 2026-07-27 20:03:45.587 [0000] <INFO> Reloading channel peer596.ipv4 for export
bird: 2026-07-27 20:03:45.587 [0000] <INFO> Reloading channel peer597.ipv4 for import
bird: 2026-07-27 20:03:45.587 [0000] <DBG> peer597.ipv4: reloading
bird: 2026-07-27 20:03:45.587 [0000] <INFO> Reloading channel peer597.ipv4 for export
bird: 2026-07-27 20:03:45.587 [0000] <INFO> Reloading channel peer598.ipv4 for import
bird: 2026-07-27 20:03:45.587 [0000] <DBG> peer598.ipv4: reloading
bird: 2026-07-27 20:03:45.587 [0000] <INFO> Reloading channel peer598.ipv4 for export
bird: 2026-07-27 20:03:45.587 [0000] <INFO> Reloading channel peer599.ipv4 for import
bird: 2026-07-27 20:03:45.587 [0000] <DBG> peer599.ipv4: reloading
bird: 2026-07-27 20:03:45.587 [0000] <INFO> Reloading channel peer599.ipv4 for export
bird: 2026-07-27 20:03:45.587 [0000] <INFO> Reloading channel peer600.ipv4 for import
bird: 2026-07-27 20:03:45.587 [0000] <DBG> peer600.ipv4: reloading
bird: 2026-07-27 20:03:45.587 [0000] <INFO> Reloading channel peer600.ipv4 for export
bird: 2026-07-27 20:03:45.587 [0000] <INFO> Reloading channel peer601.ipv4 for import
bird: 2026-07-27 20:03:45.587 [0000] <DBG> peer601.ipv4: reloading
bird: 2026-07-27 20:03:45.587 [0000] <INFO> Reloading channel peer601.ipv4 for export
bird: 2026-07-27 20:03:45.587 [0000] <INFO> Reloading channel peer602.ipv4 for import
bird: 2026-07-27 20:03:45.587 [0000] <DBG> peer602.ipv4: reloading
bird: 2026-07-27 20:03:45.587 [0000] <INFO> Reloading channel peer602.ipv4 for export
bird: 2026-07-27 20:03:45.587 [0000] <INFO> Reloading channel peer603.ipv4 for import
bird: 2026-07-27 20:03:45.587 [0000] <DBG> peer603.ipv4: reloading
bird: 2026-07-27 20:03:45.587 [0000] <INFO> Reloading channel peer603.ipv4 for export
bird: 2026-07-27 20:03:45.587 [0000] <INFO> Reloading channel peer604.ipv4 for import
bird: 2026-07-27 20:03:45.587 [0000] <DBG> peer604.ipv4: reloading
bird: 2026-07-27 20:03:45.587 [0000] <INFO> Reloading channel peer604.ipv4 for export
bird: 2026-07-27 20:03:45.587 [0000] <INFO> Reloading channel peer605.ipv4 for import
bird: 2026-07-27 20:03:45.587 [0000] <DBG> peer605.ipv4: reloading
bird: 2026-07-27 20:03:45.587 [0000] <INFO> Reloading channel peer605.ipv4 for export
bird: 2026-07-27 20:03:45.587 [0000] <INFO> Reloading channel peer606.ipv4 for import
bird: 2026-07-27 20:03:45.587 [0000] <DBG> peer606.ipv4: reloading
bird: 2026-07-27 20:03:45.587 [0000] <INFO> Reloading channel peer606.ipv4 for export
bird: 2026-07-27 20:03:45.587 [0000] <INFO> Reloading channel peer607.ipv4 for import
bird: 2026-07-27 20:03:45.587 [0000] <DBG> peer607.ipv4: reloading
bird: 2026-07-27 20:03:45.587 [0000] <INFO> Reloading channel peer607.ipv4 for export
bird: 2026-07-27 20:03:45.587 [0000] <INFO> Reloading channel peer608.ipv4 for import
bird: 2026-07-27 20:03:45.587 [0000] <DBG> peer608.ipv4: reloading
bird: 2026-07-27 20:03:45.587 [0000] <INFO> Reloading channel peer608.ipv4 for export
bird: 2026-07-27 20:03:45.587 [0000] <INFO> Reloading channel peer609.ipv4 for import
bird: 2026-07-27 20:03:45.587 [0000] <DBG> peer609.ipv4: reloading
bird: 2026-07-27 20:03:45.587 [0000] <INFO> Reloading channel peer609.ipv4 for export
bird: 2026-07-27 20:03:45.587 [0000] <INFO> Reloading channel peer610.ipv4 for import
bird: 2026-07-27 20:03:45.587 [0000] <DBG> peer610.ipv4: reloading
bird: 2026-07-27 20:03:45.587 [0000] <INFO> Reloading channel peer610.ipv4 for export
bird: 2026-07-27 20:03:45.587 [0000] <INFO> Reloading channel peer611.ipv4 for import
bird: 2026-07-27 20:03:45.587 [0000] <DBG> peer611.ipv4: reloading
bird: 2026-07-27 20:03:45.587 [0000] <INFO> Reloading channel peer611.ipv4 for export
bird: 2026-07-27 20:03:45.587 [0000] <INFO> Reloading channel peer612.ipv4 for import
bird: 2026-07-27 20:03:45.587 [0000] <DBG> peer612.ipv4: reloading
bird: 2026-07-27 20:03:45.587 [0000] <INFO> Reloading channel peer612.ipv4 for export
bird: 2026-07-27 20:03:45.587 [0000] <INFO> Reloading channel peer613.ipv4 for import
bird: 2026-07-27 20:03:45.587 [0000] <DBG> peer613.ipv4: reloading
bird: 2026-07-27 20:03:45.587 [0000] <INFO> Reloading channel peer613.ipv4 for export
bird: 2026-07-27 20:03:45.587 [0000] <INFO> Reloading channel peer614.ipv4 for import
bird: 2026-07-27 20:03:45.587 [0000] <DBG> peer614.ipv4: reloading
bird: 2026-07-27 20:03:45.587 [0000] <INFO> Reloading channel peer614.ipv4 for export
bird: 2026-07-27 20:03:45.587 [0000] <INFO> Reloading channel peer615.ipv4 for import
bird: 2026-07-27 20:03:45.587 [0000] <DBG> peer615.ipv4: reloading
bird: 2026-07-27 20:03:45.587 [0000] <INFO> Reloading channel peer615.ipv4 for export
bird: 2026-07-27 20:03:45.587 [0000] <INFO> Reloading channel peer616.ipv4 for import
bird: 2026-07-27 20:03:45.587 [0000] <DBG> peer616.ipv4: reloading
bird: 2026-07-27 20:03:45.587 [0000] <INFO> Reloading channel peer616.ipv4 for export
bird: 2026-07-27 20:03:45.587 [0000] <INFO> Reloading channel peer617.ipv4 for import
bird: 2026-07-27 20:03:45.587 [0000] <DBG> peer617.ipv4: reloading
bird: 2026-07-27 20:03:45.587 [0000] <INFO> Reloading channel peer617.ipv4 for export
bird: 2026-07-27 20:03:45.587 [0000] <INFO> Reloading channel peer618.ipv4 for import
bird: 2026-07-27 20:03:45.587 [0000] <DBG> peer618.ipv4: reloading
bird: 2026-07-27 20:03:45.587 [0000] <INFO> Reloading channel peer618.ipv4 for export
bird: 2026-07-27 20:03:45.587 [0000] <INFO> Reloading channel peer619.ipv4 for import
bird: 2026-07-27 20:03:45.587 [0000] <DBG> peer619.ipv4: reloading
bird: 2026-07-27 20:03:45.587 [0000] <INFO> Reloading channel peer619.ipv4 for export
bird: 2026-07-27 20:03:45.587 [0000] <INFO> Reloading channel peer620.ipv4 for import
bird: 2026-07-27 20:03:45.587 [0000] <DBG> peer620.ipv4: reloading
bird: 2026-07-27 20:03:45.587 [0000] <INFO> Reloading channel peer620.ipv4 for export
bird: 2026-07-27 20:03:45.587 [0000] <INFO> Reloading channel peer621.ipv4 for import
bird: 2026-07-27 20:03:45.587 [0000] <DBG> peer621.ipv4: reloading
bird: 2026-07-27 20:03:45.587 [0000] <INFO> Reloading channel peer621.ipv4 for export
bird: 2026-07-27 20:03:45.587 [0000] <INFO> Reloading channel peer622.ipv4 for import
bird: 2026-07-27 20:03:45.587 [0000] <DBG> peer622.ipv4: reloading
bird: 2026-07-27 20:03:45.587 [0000] <INFO> Reloading channel peer622.ipv4 for export
bird: 2026-07-27 20:03:45.587 [0000] <INFO> Reloading channel peer623.ipv4 for import
bird: 2026-07-27 20:03:45.587 [0000] <DBG> peer623.ipv4: reloading
bird: 2026-07-27 20:03:45.587 [0000] <INFO> Reloading channel peer623.ipv4 for export
bird: 2026-07-27 20:03:45.587 [0000] <INFO> Reloading channel peer624.ipv4 for import
bird: 2026-07-27 20:03:45.587 [0000] <DBG> peer624.ipv4: reloading
bird: 2026-07-27 20:03:45.587 [0000] <INFO> Reloading channel peer624.ipv4 for export
bird: 2026-07-27 20:03:45.587 [0000] <INFO> Reloading channel peer625.ipv4 for import
bird: 2026-07-27 20:03:45.587 [0000] <DBG> peer625.ipv4: reloading
bird: 2026-07-27 20:03:45.587 [0000] <INFO> Reloading channel peer625.ipv4 for export
bird: 2026-07-27 20:03:45.587 [0000] <INFO> Reloading channel peer626.ipv4 for import
bird: 2026-07-27 20:03:45.587 [0000] <DBG> peer626.ipv4: reloading
bird: 2026-07-27 20:03:45.587 [0000] <INFO> Reloading channel peer626.ipv4 for export
bird: 2026-07-27 20:03:45.587 [0000] <INFO> Reloading channel peer627.ipv4 for import
bird: 2026-07-27 20:03:45.587 [0000] <DBG> peer627.ipv4: reloading
bird: 2026-07-27 20:03:45.587 [0000] <INFO> Reloading channel peer627.ipv4 for export
bird: 2026-07-27 20:03:45.587 [0000] <INFO> Reloading channel peer628.ipv4 for import
bird: 2026-07-27 20:03:45.587 [0000] <DBG> peer628.ipv4: reloading
bird: 2026-07-27 20:03:45.587 [0000] <INFO> Reloading channel peer628.ipv4 for export
bird: 2026-07-27 20:03:45.587 [0000] <INFO> Reloading channel peer629.ipv4 for import
bird: 2026-07-27 20:03:45.587 [0000] <DBG> peer629.ipv4: reloading
bird: 2026-07-27 20:03:45.587 [0000] <INFO> Reloading channel peer629.ipv4 for export
bird: 2026-07-27 20:03:45.587 [0000] <INFO> Reloading channel peer630.ipv4 for import
bird: 2026-07-27 20:03:45.587 [0000] <DBG> peer630.ipv4: reloading
bird: 2026-07-27 20:03:45.587 [0000] <INFO> Reloading channel peer630.ipv4 for export
bird: 2026-07-27 20:03:45.587 [0000] <INFO> Reloading channel peer631.ipv4 for import
bird: 2026-07-27 20:03:45.587 [0000] <DBG> peer631.ipv4: reloading
bird: 2026-07-27 20:03:45.587 [0000] <INFO> Reloading channel peer631.ipv4 for export
bird: 2026-07-27 20:03:45.587 [0000] <INFO> Reloading channel peer632.ipv4 for import
bird: 2026-07-27 20:03:45.587 [0000] <DBG> peer632.ipv4: reloading
bird: 2026-07-27 20:03:45.587 [0000] <INFO> Reloading channel peer632.ipv4 for export
bird: 2026-07-27 20:03:45.587 [0000] <INFO> Reloading channel peer633.ipv4 for import
bird: 2026-07-27 20:03:45.587 [0000] <DBG> peer633.ipv4: reloading
bird: 2026-07-27 20:03:45.587 [0000] <INFO> Reloading channel peer633.ipv4 for export
bird: 2026-07-27 20:03:45.587 [0000] <INFO> Reloading channel peer634.ipv4 for import
bird: 2026-07-27 20:03:45.587 [0000] <DBG> peer634.ipv4: reloading
bird: 2026-07-27 20:03:45.587 [0000] <INFO> Reloading channel peer634.ipv4 for export
bird: 2026-07-27 20:03:45.587 [0000] <INFO> Reloading channel peer635.ipv4 for import
bird: 2026-07-27 20:03:45.587 [0000] <DBG> peer635.ipv4: reloading
bird: 2026-07-27 20:03:45.587 [0000] <INFO> Reloading channel peer635.ipv4 for export
bird: 2026-07-27 20:03:45.587 [0000] <INFO> Reloading channel peer636.ipv4 for import
bird: 2026-07-27 20:03:45.587 [0000] <DBG> peer636.ipv4: reloading
bird: 2026-07-27 20:03:45.587 [0000] <INFO> Reloading channel peer636.ipv4 for export
bird: 2026-07-27 20:03:45.587 [0000] <INFO> Reloading channel peer637.ipv4 for import
bird: 2026-07-27 20:03:45.587 [0000] <DBG> peer637.ipv4: reloading
bird: 2026-07-27 20:03:45.587 [0000] <INFO> Reloading channel peer637.ipv4 for export
bird: 2026-07-27 20:03:45.587 [0000] <INFO> Reloading channel peer638.ipv4 for import
bird: 2026-07-27 20:03:45.587 [0000] <DBG> peer638.ipv4: reloading
bird: 2026-07-27 20:03:45.587 [0000] <INFO> Reloading channel peer638.ipv4 for export
bird: 2026-07-27 20:03:45.587 [0000] <INFO> Reloading channel peer639.ipv4 for import
bird: 2026-07-27 20:03:45.587 [0000] <DBG> peer639.ipv4: reloading
bird: 2026-07-27 20:03:45.587 [0000] <INFO> Reloading channel peer639.ipv4 for export
bird: 2026-07-27 20:03:45.587 [0000] <INFO> Reloading channel peer640.ipv4 for import
bird: 2026-07-27 20:03:45.587 [0000] <DBG> peer640.ipv4: reloading
bird: 2026-07-27 20:03:45.587 [0000] <INFO> Reloading channel peer640.ipv4 for export
bird: 2026-07-27 20:03:45.587 [0000] <INFO> Reloading channel peer641.ipv4 for import
bird: 2026-07-27 20:03:45.587 [0000] <DBG> peer641.ipv4: reloading
bird: 2026-07-27 20:03:45.587 [0000] <INFO> Reloading channel peer641.ipv4 for export
bird: 2026-07-27 20:03:45.587 [0000] <INFO> Reloading channel peer642.ipv4 for import
bird: 2026-07-27 20:03:45.587 [0000] <DBG> peer642.ipv4: reloading
bird: 2026-07-27 20:03:45.587 [0000] <INFO> Reloading channel peer642.ipv4 for export
bird: 2026-07-27 20:03:45.587 [0000] <INFO> Reloading channel peer643.ipv4 for import
bird: 2026-07-27 20:03:45.587 [0000] <DBG> peer643.ipv4: reloading
bird: 2026-07-27 20:03:45.587 [0000] <INFO> Reloading channel peer643.ipv4 for export
bird: 2026-07-27 20:03:45.587 [0000] <INFO> Reloading channel peer644.ipv4 for import
bird: 2026-07-27 20:03:45.587 [0000] <DBG> peer644.ipv4: reloading
bird: 2026-07-27 20:03:45.587 [0000] <INFO> Reloading channel peer644.ipv4 for export
bird: 2026-07-27 20:03:45.587 [0000] <INFO> Reloading channel peer645.ipv4 for import
bird: 2026-07-27 20:03:45.587 [0000] <DBG> peer645.ipv4: reloading
bird: 2026-07-27 20:03:45.587 [0000] <INFO> Reloading channel peer645.ipv4 for export
bird: 2026-07-27 20:03:45.587 [0000] <INFO> Reloading channel peer646.ipv4 for import
bird: 2026-07-27 20:03:45.587 [0000] <DBG> peer646.ipv4: reloading
bird: 2026-07-27 20:03:45.587 [0000] <INFO> Reloading channel peer646.ipv4 for export
bird: 2026-07-27 20:03:45.587 [0000] <INFO> Reloading channel peer647.ipv4 for import
bird: 2026-07-27 20:03:45.587 [0000] <DBG> peer647.ipv4: reloading
bird: 2026-07-27 20:03:45.587 [0000] <INFO> Reloading channel peer647.ipv4 for export
bird: 2026-07-27 20:03:45.587 [0000] <INFO> Reloading channel peer648.ipv4 for import
bird: 2026-07-27 20:03:45.587 [0000] <DBG> peer648.ipv4: reloading
bird: 2026-07-27 20:03:45.587 [0000] <INFO> Reloading channel peer648.ipv4 for export
bird: 2026-07-27 20:03:45.587 [0000] <INFO> Reloading channel peer649.ipv4 for import
bird: 2026-07-27 20:03:45.587 [0000] <DBG> peer649.ipv4: reloading
bird: 2026-07-27 20:03:45.587 [0000] <INFO> Reloading channel peer649.ipv4 for export
bird: 2026-07-27 20:03:45.587 [0000] <INFO> Reloading channel peer650.ipv4 for import
bird: 2026-07-27 20:03:45.587 [0000] <DBG> peer650.ipv4: reloading
bird: 2026-07-27 20:03:45.587 [0000] <INFO> Reloading channel peer650.ipv4 for export
bird: 2026-07-27 20:03:45.587 [0000] <INFO> Reloading channel peer651.ipv4 for import
bird: 2026-07-27 20:03:45.587 [0000] <DBG> peer651.ipv4: reloading
bird: 2026-07-27 20:03:45.587 [0000] <INFO> Reloading channel peer651.ipv4 for export
bird: 2026-07-27 20:03:45.587 [0000] <INFO> Reloading channel peer652.ipv4 for import
bird: 2026-07-27 20:03:45.587 [0000] <DBG> peer652.ipv4: reloading
bird: 2026-07-27 20:03:45.587 [0000] <INFO> Reloading channel peer652.ipv4 for export
bird: 2026-07-27 20:03:45.587 [0000] <INFO> Reloading channel peer653.ipv4 for import
bird: 2026-07-27 20:03:45.587 [0000] <DBG> peer653.ipv4: reloading
bird: 2026-07-27 20:03:45.587 [0000] <INFO> Reloading channel peer653.ipv4 for export
bird: 2026-07-27 20:03:45.587 [0000] <INFO> Reloading channel peer654.ipv4 for import
bird: 2026-07-27 20:03:45.587 [0000] <DBG> peer654.ipv4: reloading
bird: 2026-07-27 20:03:45.587 [0000] <INFO> Reloading channel peer654.ipv4 for export
bird: 2026-07-27 20:03:45.587 [0000] <INFO> Reloading channel peer655.ipv4 for import
bird: 2026-07-27 20:03:45.587 [0000] <DBG> peer655.ipv4: reloading
bird: 2026-07-27 20:03:45.587 [0000] <INFO> Reloading channel peer655.ipv4 for export
bird: 2026-07-27 20:03:45.587 [0000] <INFO> Reloading channel peer656.ipv4 for import
bird: 2026-07-27 20:03:45.587 [0000] <DBG> peer656.ipv4: reloading
bird: 2026-07-27 20:03:45.587 [0000] <INFO> Reloading channel peer656.ipv4 for export
bird: 2026-07-27 20:03:45.587 [0000] <INFO> Reloading channel peer657.ipv4 for import
bird: 2026-07-27 20:03:45.587 [0000] <DBG> peer657.ipv4: reloading
bird: 2026-07-27 20:03:45.587 [0000] <INFO> Reloading channel peer657.ipv4 for export
bird: 2026-07-27 20:03:45.587 [0000] <INFO> Reloading channel peer658.ipv4 for import
bird: 2026-07-27 20:03:45.587 [0000] <DBG> peer658.ipv4: reloading
bird: 2026-07-27 20:03:45.587 [0000] <INFO> Reloading channel peer658.ipv4 for export
bird: 2026-07-27 20:03:45.587 [0000] <INFO> Reloading channel peer659.ipv4 for import
bird: 2026-07-27 20:03:45.587 [0000] <DBG> peer659.ipv4: reloading
bird: 2026-07-27 20:03:45.587 [0000] <INFO> Reloading channel peer659.ipv4 for export
bird: 2026-07-27 20:03:45.587 [0000] <INFO> Reloading channel peer660.ipv4 for import
bird: 2026-07-27 20:03:45.587 [0000] <DBG> peer660.ipv4: reloading
bird: 2026-07-27 20:03:45.587 [0000] <INFO> Reloading channel peer660.ipv4 for export
bird: 2026-07-27 20:03:45.587 [0000] <INFO> Reloading channel peer661.ipv4 for import
bird: 2026-07-27 20:03:45.587 [0000] <DBG> peer661.ipv4: reloading
bird: 2026-07-27 20:03:45.587 [0000] <INFO> Reloading channel peer661.ipv4 for export
bird: 2026-07-27 20:03:45.587 [0000] <INFO> Reloading channel peer662.ipv4 for import
bird: 2026-07-27 20:03:45.587 [0000] <DBG> peer662.ipv4: reloading
bird: 2026-07-27 20:03:45.587 [0000] <INFO> Reloading channel peer662.ipv4 for export
bird: 2026-07-27 20:03:45.587 [0000] <INFO> Reloading channel peer663.ipv4 for import
bird: 2026-07-27 20:03:45.587 [0000] <DBG> peer663.ipv4: reloading
bird: 2026-07-27 20:03:45.587 [0000] <INFO> Reloading channel peer663.ipv4 for export
bird: 2026-07-27 20:03:45.587 [0000] <INFO> Reloading channel peer664.ipv4 for import
bird: 2026-07-27 20:03:45.587 [0000] <DBG> peer664.ipv4: reloading
bird: 2026-07-27 20:03:45.587 [0000] <INFO> Reloading channel peer664.ipv4 for export
bird: 2026-07-27 20:03:45.587 [0000] <INFO> Reloading channel peer665.ipv4 for import
bird: 2026-07-27 20:03:45.587 [0000] <DBG> peer665.ipv4: reloading
bird: 2026-07-27 20:03:45.587 [0000] <INFO> Reloading channel peer665.ipv4 for export
bird: 2026-07-27 20:03:45.587 [0000] <INFO> Reloading channel peer666.ipv4 for import
bird: 2026-07-27 20:03:45.587 [0000] <DBG> peer666.ipv4: reloading
bird: 2026-07-27 20:03:45.587 [0000] <INFO> Reloading channel peer666.ipv4 for export
bird: 2026-07-27 20:03:45.587 [0000] <INFO> Reloading channel peer667.ipv4 for import
bird: 2026-07-27 20:03:45.587 [0000] <DBG> peer667.ipv4: reloading
bird: 2026-07-27 20:03:45.587 [0000] <INFO> Reloading channel peer667.ipv4 for export
bird: 2026-07-27 20:03:45.587 [0000] <INFO> Reloading channel peer668.ipv4 for import
bird: 2026-07-27 20:03:45.587 [0000] <DBG> peer668.ipv4: reloading
bird: 2026-07-27 20:03:45.587 [0000] <INFO> Reloading channel peer668.ipv4 for export
bird: 2026-07-27 20:03:45.587 [0000] <INFO> Reloading channel peer669.ipv4 for import
bird: 2026-07-27 20:03:45.587 [0000] <DBG> peer669.ipv4: reloading
bird: 2026-07-27 20:03:45.587 [0000] <INFO> Reloading channel peer669.ipv4 for export
bird: 2026-07-27 20:03:45.587 [0000] <INFO> Reloading channel peer670.ipv4 for import
bird: 2026-07-27 20:03:45.587 [0000] <DBG> peer670.ipv4: reloading
bird: 2026-07-27 20:03:45.587 [0000] <INFO> Reloading channel peer670.ipv4 for export
bird: 2026-07-27 20:03:45.587 [0000] <INFO> Reloading channel peer671.ipv4 for import
bird: 2026-07-27 20:03:45.587 [0000] <DBG> peer671.ipv4: reloading
bird: 2026-07-27 20:03:45.587 [0000] <INFO> Reloading channel peer671.ipv4 for export
bird: 2026-07-27 20:03:45.587 [0000] <INFO> Reloading channel peer672.ipv4 for import
bird: 2026-07-27 20:03:45.587 [0000] <DBG> peer672.ipv4: reloading
bird: 2026-07-27 20:03:45.587 [0000] <INFO> Reloading channel peer672.ipv4 for export
bird: 2026-07-27 20:03:45.587 [0000] <INFO> Reloading channel peer673.ipv4 for import
bird: 2026-07-27 20:03:45.587 [0000] <DBG> peer673.ipv4: reloading
bird: 2026-07-27 20:03:45.587 [0000] <INFO> Reloading channel peer673.ipv4 for export
bird: 2026-07-27 20:03:45.587 [0000] <INFO> Reloading channel peer674.ipv4 for import
bird: 2026-07-27 20:03:45.587 [0000] <DBG> peer674.ipv4: reloading
bird: 2026-07-27 20:03:45.587 [0000] <INFO> Reloading channel peer674.ipv4 for export
bird: 2026-07-27 20:03:45.587 [0000] <INFO> Reloading channel peer675.ipv4 for import
bird: 2026-07-27 20:03:45.587 [0000] <DBG> peer675.ipv4: reloading
bird: 2026-07-27 20:03:45.587 [0000] <INFO> Reloading channel peer675.ipv4 for export
bird: 2026-07-27 20:03:45.587 [0000] <INFO> Reloading channel peer676.ipv4 for import
bird: 2026-07-27 20:03:45.587 [0000] <DBG> peer676.ipv4: reloading
bird: 2026-07-27 20:03:45.587 [0000] <INFO> Reloading channel peer676.ipv4 for export
bird: 2026-07-27 20:03:45.587 [0000] <INFO> Reloading channel peer677.ipv4 for import
bird: 2026-07-27 20:03:45.587 [0000] <DBG> peer677.ipv4: reloading
bird: 2026-07-27 20:03:45.587 [0000] <INFO> Reloading channel peer677.ipv4 for export
bird: 2026-07-27 20:03:45.587 [0000] <INFO> Reloading channel peer678.ipv4 for import
bird: 2026-07-27 20:03:45.587 [0000] <DBG> peer678.ipv4: reloading
bird: 2026-07-27 20:03:45.587 [0000] <INFO> Reloading channel peer678.ipv4 for export
bird: 2026-07-27 20:03:45.587 [0000] <INFO> Reloading channel peer679.ipv4 for import
bird: 2026-07-27 20:03:45.587 [0000] <DBG> peer679.ipv4: reloading
bird: 2026-07-27 20:03:45.587 [0000] <INFO> Reloading channel peer679.ipv4 for export
bird: 2026-07-27 20:03:45.587 [0000] <INFO> Reloading channel peer680.ipv4 for import
bird: 2026-07-27 20:03:45.587 [0000] <DBG> peer680.ipv4: reloading
bird: 2026-07-27 20:03:45.587 [0000] <INFO> Reloading channel peer680.ipv4 for export
bird: 2026-07-27 20:03:45.587 [0000] <INFO> Reloading channel peer681.ipv4 for import
bird: 2026-07-27 20:03:45.587 [0000] <DBG> peer681.ipv4: reloading
bird: 2026-07-27 20:03:45.587 [0000] <INFO> Reloading channel peer681.ipv4 for export
bird: 2026-07-27 20:03:45.587 [0000] <INFO> Reloading channel peer682.ipv4 for import
bird: 2026-07-27 20:03:45.587 [0000] <DBG> peer682.ipv4: reloading
bird: 2026-07-27 20:03:45.587 [0000] <INFO> Reloading channel peer682.ipv4 for export
bird: 2026-07-27 20:03:45.587 [0000] <INFO> Reloading channel peer683.ipv4 for import
bird: 2026-07-27 20:03:45.587 [0000] <DBG> peer683.ipv4: reloading
bird: 2026-07-27 20:03:45.587 [0000] <INFO> Reloading channel peer683.ipv4 for export
bird: 2026-07-27 20:03:45.587 [0000] <INFO> Reloading channel peer684.ipv4 for import
bird: 2026-07-27 20:03:45.587 [0000] <DBG> peer684.ipv4: reloading
bird: 2026-07-27 20:03:45.587 [0000] <INFO> Reloading channel peer684.ipv4 for export
bird: 2026-07-27 20:03:45.587 [0000] <INFO> Reloading channel peer685.ipv4 for import
bird: 2026-07-27 20:03:45.587 [0000] <DBG> peer685.ipv4: reloading
bird: 2026-07-27 20:03:45.587 [0000] <INFO> Reloading channel peer685.ipv4 for export
bird: 2026-07-27 20:03:45.587 [0000] <INFO> Reloading channel peer686.ipv4 for import
bird: 2026-07-27 20:03:45.587 [0000] <DBG> peer686.ipv4: reloading
bird: 2026-07-27 20:03:45.587 [0000] <INFO> Reloading channel peer686.ipv4 for export
bird: 2026-07-27 20:03:45.587 [0000] <INFO> Reloading channel peer687.ipv4 for import
bird: 2026-07-27 20:03:45.587 [0000] <DBG> peer687.ipv4: reloading
bird: 2026-07-27 20:03:45.587 [0000] <INFO> Reloading channel peer687.ipv4 for export
bird: 2026-07-27 20:03:45.587 [0000] <INFO> Reloading channel peer688.ipv4 for import
bird: 2026-07-27 20:03:45.587 [0000] <DBG> peer688.ipv4: reloading
bird: 2026-07-27 20:03:45.587 [0000] <INFO> Reloading channel peer688.ipv4 for export
bird: 2026-07-27 20:03:45.587 [0000] <INFO> Reloading channel peer689.ipv4 for import
bird: 2026-07-27 20:03:45.587 [0000] <DBG> peer689.ipv4: reloading
bird: 2026-07-27 20:03:45.587 [0000] <INFO> Reloading channel peer689.ipv4 for export
bird: 2026-07-27 20:03:45.587 [0000] <INFO> Reloading channel peer690.ipv4 for import
bird: 2026-07-27 20:03:45.587 [0000] <DBG> peer690.ipv4: reloading
bird: 2026-07-27 20:03:45.587 [0000] <INFO> Reloading channel peer690.ipv4 for export
bird: 2026-07-27 20:03:45.587 [0000] <INFO> Reloading channel peer691.ipv4 for import
bird: 2026-07-27 20:03:45.587 [0000] <DBG> peer691.ipv4: reloading
bird: 2026-07-27 20:03:45.587 [0000] <INFO> Reloading channel peer691.ipv4 for export
bird: 2026-07-27 20:03:45.587 [0000] <INFO> Reloading channel peer692.ipv4 for import
bird: 2026-07-27 20:03:45.587 [0000] <DBG> peer692.ipv4: reloading
bird: 2026-07-27 20:03:45.587 [0000] <INFO> Reloading channel peer692.ipv4 for export
bird: 2026-07-27 20:03:45.587 [0000] <INFO> Reloading channel peer693.ipv4 for import
bird: 2026-07-27 20:03:45.587 [0000] <DBG> peer693.ipv4: reloading
bird: 2026-07-27 20:03:45.587 [0000] <INFO> Reloading channel peer693.ipv4 for export
bird: 2026-07-27 20:03:45.587 [0000] <INFO> Reloading channel peer694.ipv4 for import
bird: 2026-07-27 20:03:45.587 [0000] <DBG> peer694.ipv4: reloading
bird: 2026-07-27 20:03:45.587 [0000] <INFO> Reloading channel peer694.ipv4 for export
bird: 2026-07-27 20:03:45.587 [0000] <INFO> Reloading channel peer695.ipv4 for import
bird: 2026-07-27 20:03:45.587 [0000] <DBG> peer695.ipv4: reloading
bird: 2026-07-27 20:03:45.587 [0000] <INFO> Reloading channel peer695.ipv4 for export
bird: 2026-07-27 20:03:45.587 [0000] <INFO> Reloading channel peer696.ipv4 for import
bird: 2026-07-27 20:03:45.587 [0000] <DBG> peer696.ipv4: reloading
bird: 2026-07-27 20:03:45.587 [0000] <INFO> Reloading channel peer696.ipv4 for export
bird: 2026-07-27 20:03:45.587 [0000] <INFO> Reloading channel peer697.ipv4 for import
bird: 2026-07-27 20:03:45.587 [0000] <DBG> peer697.ipv4: reloading
bird: 2026-07-27 20:03:45.587 [0000] <INFO> Reloading channel peer697.ipv4 for export
bird: 2026-07-27 20:03:45.587 [0000] <INFO> Reloading channel peer698.ipv4 for import
bird: 2026-07-27 20:03:45.587 [0000] <DBG> peer698.ipv4: reloading
bird: 2026-07-27 20:03:45.587 [0000] <INFO> Reloading channel peer698.ipv4 for export
bird: 2026-07-27 20:03:45.587 [0000] <INFO> Reloading channel peer699.ipv4 for import
bird: 2026-07-27 20:03:45.587 [0000] <DBG> peer699.ipv4: reloading
bird: 2026-07-27 20:03:45.587 [0000] <INFO> Reloading channel peer699.ipv4 for export
bird: 2026-07-27 20:03:45.587 [0000] <INFO> Reconfigured
bird: 2026-07-27 20:05:38.969 [0000] <INFO> Reconfiguring
bird: 2026-07-27 20:05:38.970 [0000] <INFO> Reloading channel peer0.ipv4 for import
bird: 2026-07-27 20:05:38.970 [0000] <DBG> peer0.ipv4: reloading
bird: 2026-07-27 20:05:38.970 [0000] <INFO> Reloading channel peer0.ipv4 for export
bird: 2026-07-27 20:05:38.970 [0000] <INFO> Reloading channel peer1.ipv4 for import
bird: 2026-07-27 20:05:38.970 [0000] <DBG> peer1.ipv4: reloading
bird: 2026-07-27 20:05:38.970 [0000] <INFO> Reloading channel peer1.ipv4 for export
bird: 2026-07-27 20:05:38.970 [0000] <INFO> Reloading channel peer2.ipv4 for import
bird: 2026-07-27 20:05:38.970 [0000] <DBG> peer2.ipv4: reloading
bird: 2026-07-27 20:05:38.970 [0000] <INFO> Reloading channel peer2.ipv4 for export
bird: 2026-07-27 20:05:38.970 [0000] <INFO> Reloading channel peer3.ipv4 for import
bird: 2026-07-27 20:05:38.970 [0000] <DBG> peer3.ipv4: reloading
bird: 2026-07-27 20:05:38.970 [0000] <INFO> Reloading channel peer3.ipv4 for export
bird: 2026-07-27 20:05:38.970 [0000] <INFO> Reloading channel peer4.ipv4 for import
bird: 2026-07-27 20:05:38.970 [0000] <DBG> peer4.ipv4: reloading
bird: 2026-07-27 20:05:38.970 [0000] <INFO> Reloading channel peer4.ipv4 for export
bird: 2026-07-27 20:05:38.970 [0000] <INFO> Reloading channel peer5.ipv4 for import
bird: 2026-07-27 20:05:38.970 [0000] <DBG> peer5.ipv4: reloading
bird: 2026-07-27 20:05:38.970 [0000] <INFO> Reloading channel peer5.ipv4 for export
bird: 2026-07-27 20:05:38.970 [0000] <INFO> Reloading channel peer6.ipv4 for import
bird: 2026-07-27 20:05:38.970 [0000] <DBG> peer6.ipv4: reloading
bird: 2026-07-27 20:05:38.970 [0000] <INFO> Reloading channel peer6.ipv4 for export
bird: 2026-07-27 20:05:38.970 [0000] <INFO> Reloading channel peer7.ipv4 for import
bird: 2026-07-27 20:05:38.970 [0000] <DBG> peer7.ipv4: reloading
bird: 2026-07-27 20:05:38.970 [0000] <INFO> Reloading channel peer7.ipv4 for export
bird: 2026-07-27 20:05:38.970 [0000] <INFO> Reloading channel peer8.ipv4 for import
bird: 2026-07-27 20:05:38.970 [0000] <DBG> peer8.ipv4: reloading
bird: 2026-07-27 20:05:38.971 [0000] <INFO> Reloading channel peer8.ipv4 for export
bird: 2026-07-27 20:05:38.971 [0000] <INFO> Reloading channel peer9.ipv4 for import
bird: 2026-07-27 20:05:38.971 [0000] <DBG> peer9.ipv4: reloading
bird: 2026-07-27 20:05:38.971 [0000] <INFO> Reloading channel peer9.ipv4 for export
bird: 2026-07-27 20:05:38.971 [0000] <INFO> Reloading channel peer10.ipv4 for import
bird: 2026-07-27 20:05:38.971 [0000] <DBG> peer10.ipv4: reloading
bird: 2026-07-27 20:05:38.971 [0000] <INFO> Reloading channel peer10.ipv4 for export
bird: 2026-07-27 20:05:38.971 [0000] <INFO> Reloading channel peer11.ipv4 for import
bird: 2026-07-27 20:05:38.971 [0000] <DBG> peer11.ipv4: reloading
bird: 2026-07-27 20:05:38.971 [0000] <INFO> Reloading channel peer11.ipv4 for export
bird: 2026-07-27 20:05:38.971 [0000] <INFO> Reloading channel peer12.ipv4 for import
bird: 2026-07-27 20:05:38.971 [0000] <DBG> peer12.ipv4: reloading
bird: 2026-07-27 20:05:38.971 [0000] <INFO> Reloading channel peer12.ipv4 for export
bird: 2026-07-27 20:05:38.971 [0000] <INFO> Reloading channel peer13.ipv4 for import
bird: 2026-07-27 20:05:38.971 [0000] <DBG> peer13.ipv4: reloading
bird: 2026-07-27 20:05:38.971 [0000] <INFO> Reloading channel peer13.ipv4 for export
bird: 2026-07-27 20:05:38.971 [0000] <INFO> Reloading channel peer14.ipv4 for import
bird: 2026-07-27 20:05:38.971 [0000] <DBG> peer14.ipv4: reloading
bird: 2026-07-27 20:05:38.971 [0000] <INFO> Reloading channel peer14.ipv4 for export
bird: 2026-07-27 20:05:38.971 [0000] <INFO> Reloading channel peer15.ipv4 for import
bird: 2026-07-27 20:05:38.971 [0000] <DBG> peer15.ipv4: reloading
bird: 2026-07-27 20:05:38.971 [0000] <INFO> Reloading channel peer15.ipv4 for export
bird: 2026-07-27 20:05:38.971 [0000] <INFO> Reloading channel peer16.ipv4 for import
bird: 2026-07-27 20:05:38.971 [0000] <DBG> peer16.ipv4: reloading
bird: 2026-07-27 20:05:38.971 [0000] <INFO> Reloading channel peer16.ipv4 for export
bird: 2026-07-27 20:05:38.971 [0000] <INFO> Reloading channel peer17.ipv4 for import
bird: 2026-07-27 20:05:38.971 [0000] <DBG> peer17.ipv4: reloading
bird: 2026-07-27 20:05:38.971 [0000] <INFO> Reloading channel peer17.ipv4 for export
bird: 2026-07-27 20:05:38.971 [0000] <INFO> Reloading channel peer18.ipv4 for import
bird: 2026-07-27 20:05:38.971 [0000] <DBG> peer18.ipv4: reloading
bird: 2026-07-27 20:05:38.971 [0000] <INFO> Reloading channel peer18.ipv4 for export
bird: 2026-07-27 20:05:38.971 [0000] <INFO> Reloading channel peer19.ipv4 for import
bird: 2026-07-27 20:05:38.971 [0000] <DBG> peer19.ipv4: reloading
bird: 2026-07-27 20:05:38.971 [0000] <INFO> Reloading channel peer19.ipv4 for export
bird: 2026-07-27 20:05:38.971 [0000] <INFO> Reloading channel peer20.ipv4 for import
bird: 2026-07-27 20:05:38.971 [0000] <DBG> peer20.ipv4: reloading
bird: 2026-07-27 20:05:38.971 [0000] <INFO> Reloading channel peer20.ipv4 for export
bird: 2026-07-27 20:05:38.971 [0000] <INFO> Reloading channel peer21.ipv4 for import
bird: 2026-07-27 20:05:38.971 [0000] <DBG> peer21.ipv4: reloading
bird: 2026-07-27 20:05:38.971 [0000] <INFO> Reloading channel peer21.ipv4 for export
bird: 2026-07-27 20:05:38.971 [0000] <INFO> Reloading channel peer22.ipv4 for import
bird: 2026-07-27 20:05:38.971 [0000] <DBG> peer22.ipv4: reloading
bird: 2026-07-27 20:05:38.971 [0000] <INFO> Reloading channel peer22.ipv4 for export
bird: 2026-07-27 20:05:38.971 [0000] <INFO> Reloading channel peer23.ipv4 for import
bird: 2026-07-27 20:05:38.971 [0000] <DBG> peer23.ipv4: reloading
bird: 2026-07-27 20:05:38.971 [0000] <INFO> Reloading channel peer23.ipv4 for export
bird: 2026-07-27 20:05:38.971 [0000] <INFO> Reloading channel peer24.ipv4 for import
bird: 2026-07-27 20:05:38.971 [0000] <DBG> peer24.ipv4: reloading
bird: 2026-07-27 20:05:38.971 [0000] <INFO> Reloading channel peer24.ipv4 for export
bird: 2026-07-27 20:05:38.971 [0000] <INFO> Reloading channel peer25.ipv4 for import
bird: 2026-07-27 20:05:38.971 [0000] <DBG> peer25.ipv4: reloading
bird: 2026-07-27 20:05:38.971 [0000] <INFO> Reloading channel peer25.ipv4 for export
bird: 2026-07-27 20:05:38.971 [0000] <INFO> Reloading channel peer26.ipv4 for import
bird: 2026-07-27 20:05:38.971 [0000] <DBG> peer26.ipv4: reloading
bird: 2026-07-27 20:05:38.971 [0000] <INFO> Reloading channel peer26.ipv4 for export
bird: 2026-07-27 20:05:38.971 [0000] <INFO> Reloading channel peer27.ipv4 for import
bird: 2026-07-27 20:05:38.971 [0000] <DBG> peer27.ipv4: reloading
bird: 2026-07-27 20:05:38.971 [0000] <INFO> Reloading channel peer27.ipv4 for export
bird: 2026-07-27 20:05:38.971 [0000] <INFO> Reloading channel peer28.ipv4 for import
bird: 2026-07-27 20:05:38.971 [0000] <DBG> peer28.ipv4: reloading
bird: 2026-07-27 20:05:38.971 [0000] <INFO> Reloading channel peer28.ipv4 for export
bird: 2026-07-27 20:05:38.971 [0000] <INFO> Reloading channel peer29.ipv4 for import
bird: 2026-07-27 20:05:38.971 [0000] <DBG> peer29.ipv4: reloading
bird: 2026-07-27 20:05:38.971 [0000] <INFO> Reloading channel peer29.ipv4 for export
bird: 2026-07-27 20:05:38.971 [0000] <INFO> Reloading channel peer30.ipv4 for import
bird: 2026-07-27 20:05:38.971 [0000] <DBG> peer30.ipv4: reloading
bird: 2026-07-27 20:05:38.971 [0000] <INFO> Reloading channel peer30.ipv4 for export
bird: 2026-07-27 20:05:38.971 [0000] <INFO> Reloading channel peer31.ipv4 for import
bird: 2026-07-27 20:05:38.971 [0000] <DBG> peer31.ipv4: reloading
bird: 2026-07-27 20:05:38.971 [0000] <INFO> Reloading channel peer31.ipv4 for export
bird: 2026-07-27 20:05:38.971 [0000] <INFO> Reloading channel peer32.ipv4 for import
bird: 2026-07-27 20:05:38.971 [0000] <DBG> peer32.ipv4: reloading
bird: 2026-07-27 20:05:38.971 [0000] <INFO> Reloading channel peer32.ipv4 for export
bird: 2026-07-27 20:05:38.971 [0000] <INFO> Reloading channel peer33.ipv4 for import
bird: 2026-07-27 20:05:38.971 [0000] <DBG> peer33.ipv4: reloading
bird: 2026-07-27 20:05:38.971 [0000] <INFO> Reloading channel peer33.ipv4 for export
bird: 2026-07-27 20:05:38.971 [0000] <INFO> Reloading channel peer34.ipv4 for import
bird: 2026-07-27 20:05:38.971 [0000] <DBG> peer34.ipv4: reloading
bird: 2026-07-27 20:05:38.971 [0000] <INFO> Reloading channel peer34.ipv4 for export
bird: 2026-07-27 20:05:38.971 [0000] <INFO> Reloading channel peer35.ipv4 for import
bird: 2026-07-27 20:05:38.971 [0000] <DBG> peer35.ipv4: reloading
bird: 2026-07-27 20:05:38.971 [0000] <INFO> Reloading channel peer35.ipv4 for export
bird: 2026-07-27 20:05:38.971 [0000] <INFO> Reloading channel peer36.ipv4 for import
bird: 2026-07-27 20:05:38.971 [0000] <DBG> peer36.ipv4: reloading
bird: 2026-07-27 20:05:38.971 [0000] <INFO> Reloading channel peer36.ipv4 for export
bird: 2026-07-27 20:05:38.971 [0000] <INFO> Reloading channel peer37.ipv4 for import
bird: 2026-07-27 20:05:38.971 [0000] <DBG> peer37.ipv4: reloading
bird: 2026-07-27 20:05:38.971 [0000] <INFO> Reloading channel peer37.ipv4 for export
bird: 2026-07-27 20:05:38.971 [0000] <INFO> Reloading channel peer38.ipv4 for import
bird: 2026-07-27 20:05:38.971 [0000] <DBG> peer38.ipv4: reloading
bird: 2026-07-27 20:05:38.971 [0000] <INFO> Reloading channel peer38.ipv4 for export
bird: 2026-07-27 20:05:38.971 [0000] <INFO> Reloading channel peer39.ipv4 for import
bird: 2026-07-27 20:05:38.971 [0000] <DBG> peer39.ipv4: reloading
bird: 2026-07-27 20:05:38.971 [0000] <INFO> Reloading channel peer39.ipv4 for export
bird: 2026-07-27 20:05:38.971 [0000] <INFO> Reloading channel peer40.ipv4 for import
bird: 2026-07-27 20:05:38.971 [0000] <DBG> peer40.ipv4: reloading
bird: 2026-07-27 20:05:38.971 [0000] <INFO> Reloading channel peer40.ipv4 for export
bird: 2026-07-27 20:05:38.971 [0000] <INFO> Reloading channel peer41.ipv4 for import
bird: 2026-07-27 20:05:38.971 [0000] <DBG> peer41.ipv4: reloading
bird: 2026-07-27 20:05:38.971 [0000] <INFO> Reloading channel peer41.ipv4 for export
bird: 2026-07-27 20:05:38.971 [0000] <INFO> Reloading channel peer42.ipv4 for import
bird: 2026-07-27 20:05:38.971 [0000] <DBG> peer42.ipv4: reloading
bird: 2026-07-27 20:05:38.971 [0000] <INFO> Reloading channel peer42.ipv4 for export
bird: 2026-07-27 20:05:38.971 [0000] <INFO> Reloading channel peer43.ipv4 for import
bird: 2026-07-27 20:05:38.971 [0000] <DBG> peer43.ipv4: reloading
bird: 2026-07-27 20:05:38.971 [0000] <INFO> Reloading channel peer43.ipv4 for export
bird: 2026-07-27 20:05:38.971 [0000] <INFO> Reloading channel peer44.ipv4 for import
bird: 2026-07-27 20:05:38.971 [0000] <DBG> peer44.ipv4: reloading
bird: 2026-07-27 20:05:38.971 [0000] <INFO> Reloading channel peer44.ipv4 for export
bird: 2026-07-27 20:05:38.971 [0000] <INFO> Reloading channel peer45.ipv4 for import
bird: 2026-07-27 20:05:38.971 [0000] <DBG> peer45.ipv4: reloading
bird: 2026-07-27 20:05:38.971 [0000] <INFO> Reloading channel peer45.ipv4 for export
bird: 2026-07-27 20:05:38.971 [0000] <INFO> Reloading channel peer46.ipv4 for import
bird: 2026-07-27 20:05:38.971 [0000] <DBG> peer46.ipv4: reloading
bird: 2026-07-27 20:05:38.971 [0000] <INFO> Reloading channel peer46.ipv4 for export
bird: 2026-07-27 20:05:38.971 [0000] <INFO> Reloading channel peer47.ipv4 for import
bird: 2026-07-27 20:05:38.971 [0000] <DBG> peer47.ipv4: reloading
bird: 2026-07-27 20:05:38.971 [0000] <INFO> Reloading channel peer47.ipv4 for export
bird: 2026-07-27 20:05:38.971 [0000] <INFO> Reloading channel peer48.ipv4 for import
bird: 2026-07-27 20:05:38.971 [0000] <DBG> peer48.ipv4: reloading
bird: 2026-07-27 20:05:38.971 [0000] <INFO> Reloading channel peer48.ipv4 for export
bird: 2026-07-27 20:05:38.971 [0000] <INFO> Reloading channel peer49.ipv4 for import
bird: 2026-07-27 20:05:38.971 [0000] <DBG> peer49.ipv4: reloading
bird: 2026-07-27 20:05:38.971 [0000] <INFO> Reloading channel peer49.ipv4 for export
bird: 2026-07-27 20:05:38.971 [0000] <INFO> Reloading channel peer50.ipv4 for import
bird: 2026-07-27 20:05:38.971 [0000] <DBG> peer50.ipv4: reloading
bird: 2026-07-27 20:05:38.971 [0000] <INFO> Reloading channel peer50.ipv4 for export
bird: 2026-07-27 20:05:38.971 [0000] <INFO> Reloading channel peer51.ipv4 for import
bird: 2026-07-27 20:05:38.971 [0000] <DBG> peer51.ipv4: reloading
bird: 2026-07-27 20:05:38.971 [0000] <INFO> Reloading channel peer51.ipv4 for export
bird: 2026-07-27 20:05:38.971 [0000] <INFO> Reloading channel peer52.ipv4 for import
bird: 2026-07-27 20:05:38.971 [0000] <DBG> peer52.ipv4: reloading
bird: 2026-07-27 20:05:38.971 [0000] <INFO> Reloading channel peer52.ipv4 for export
bird: 2026-07-27 20:05:38.971 [0000] <INFO> Reloading channel peer53.ipv4 for import
bird: 2026-07-27 20:05:38.971 [0000] <DBG> peer53.ipv4: reloading
bird: 2026-07-27 20:05:38.971 [0000] <INFO> Reloading channel peer53.ipv4 for export
bird: 2026-07-27 20:05:38.971 [0000] <INFO> Reloading channel peer54.ipv4 for import
bird: 2026-07-27 20:05:38.971 [0000] <DBG> peer54.ipv4: reloading
bird: 2026-07-27 20:05:38.971 [0000] <INFO> Reloading channel peer54.ipv4 for export
bird: 2026-07-27 20:05:38.971 [0000] <INFO> Reloading channel peer55.ipv4 for import
bird: 2026-07-27 20:05:38.971 [0000] <DBG> peer55.ipv4: reloading
bird: 2026-07-27 20:05:38.971 [0000] <INFO> Reloading channel peer55.ipv4 for export
bird: 2026-07-27 20:05:38.971 [0000] <INFO> Reloading channel peer56.ipv4 for import
bird: 2026-07-27 20:05:38.971 [0000] <DBG> peer56.ipv4: reloading
bird: 2026-07-27 20:05:38.971 [0000] <INFO> Reloading channel peer56.ipv4 for export
bird: 2026-07-27 20:05:38.971 [0000] <INFO> Reloading channel peer57.ipv4 for import
bird: 2026-07-27 20:05:38.971 [0000] <DBG> peer57.ipv4: reloading
bird: 2026-07-27 20:05:38.971 [0000] <INFO> Reloading channel peer57.ipv4 for export
bird: 2026-07-27 20:05:38.971 [0000] <INFO> Reloading channel peer58.ipv4 for import
bird: 2026-07-27 20:05:38.971 [0000] <DBG> peer58.ipv4: reloading
bird: 2026-07-27 20:05:38.971 [0000] <INFO> Reloading channel peer58.ipv4 for export
bird: 2026-07-27 20:05:38.971 [0000] <INFO> Reloading channel peer59.ipv4 for import
bird: 2026-07-27 20:05:38.971 [0000] <DBG> peer59.ipv4: reloading
bird: 2026-07-27 20:05:38.971 [0000] <INFO> Reloading channel peer59.ipv4 for export
bird: 2026-07-27 20:05:38.971 [0000] <INFO> Reloading channel peer60.ipv4 for import
bird: 2026-07-27 20:05:38.971 [0000] <DBG> peer60.ipv4: reloading
bird: 2026-07-27 20:05:38.971 [0000] <INFO> Reloading channel peer60.ipv4 for export
bird: 2026-07-27 20:05:38.971 [0000] <INFO> Reloading channel peer61.ipv4 for import
bird: 2026-07-27 20:05:38.971 [0000] <DBG> peer61.ipv4: reloading
bird: 2026-07-27 20:05:38.971 [0000] <INFO> Reloading channel peer61.ipv4 for export
bird: 2026-07-27 20:05:38.971 [0000] <INFO> Reloading channel peer62.ipv4 for import
bird: 2026-07-27 20:05:38.971 [0000] <DBG> peer62.ipv4: reloading
bird: 2026-07-27 20:05:38.971 [0000] <INFO> Reloading channel peer62.ipv4 for export
bird: 2026-07-27 20:05:38.971 [0000] <INFO> Reloading channel peer63.ipv4 for import
bird: 2026-07-27 20:05:38.971 [0000] <DBG> peer63.ipv4: reloading
bird: 2026-07-27 20:05:38.971 [0000] <INFO> Reloading channel peer63.ipv4 for export
bird: 2026-07-27 20:05:38.971 [0000] <INFO> Reloading channel peer64.ipv4 for import
bird: 2026-07-27 20:05:38.971 [0000] <DBG> peer64.ipv4: reloading
bird: 2026-07-27 20:05:38.971 [0000] <INFO> Reloading channel peer64.ipv4 for export
bird: 2026-07-27 20:05:38.971 [0000] <INFO> Reloading channel peer65.ipv4 for import
bird: 2026-07-27 20:05:38.971 [0000] <DBG> peer65.ipv4: reloading
bird: 2026-07-27 20:05:38.971 [0000] <INFO> Reloading channel peer65.ipv4 for export
bird: 2026-07-27 20:05:38.971 [0000] <INFO> Reloading channel peer66.ipv4 for import
bird: 2026-07-27 20:05:38.971 [0000] <DBG> peer66.ipv4: reloading
bird: 2026-07-27 20:05:38.971 [0000] <INFO> Reloading channel peer66.ipv4 for export
bird: 2026-07-27 20:05:38.971 [0000] <INFO> Reloading channel peer67.ipv4 for import
bird: 2026-07-27 20:05:38.971 [0000] <DBG> peer67.ipv4: reloading
bird: 2026-07-27 20:05:38.971 [0000] <INFO> Reloading channel peer67.ipv4 for export
bird: 2026-07-27 20:05:38.971 [0000] <INFO> Reloading channel peer68.ipv4 for import
bird: 2026-07-27 20:05:38.971 [0000] <DBG> peer68.ipv4: reloading
bird: 2026-07-27 20:05:38.971 [0000] <INFO> Reloading channel peer68.ipv4 for export
bird: 2026-07-27 20:05:38.971 [0000] <INFO> Reloading channel peer69.ipv4 for import
bird: 2026-07-27 20:05:38.971 [0000] <DBG> peer69.ipv4: reloading
bird: 2026-07-27 20:05:38.971 [0000] <INFO> Reloading channel peer69.ipv4 for export
bird: 2026-07-27 20:05:38.971 [0000] <INFO> Reloading channel peer70.ipv4 for import
bird: 2026-07-27 20:05:38.971 [0000] <DBG> peer70.ipv4: reloading
bird: 2026-07-27 20:05:38.971 [0000] <INFO> Reloading channel peer70.ipv4 for export
bird: 2026-07-27 20:05:38.971 [0000] <INFO> Reloading channel peer71.ipv4 for import
bird: 2026-07-27 20:05:38.971 [0000] <DBG> peer71.ipv4: reloading
bird: 2026-07-27 20:05:38.971 [0000] <INFO> Reloading channel peer71.ipv4 for export
bird: 2026-07-27 20:05:38.971 [0000] <INFO> Reloading channel peer72.ipv4 for import
bird: 2026-07-27 20:05:38.971 [0000] <DBG> peer72.ipv4: reloading
bird: 2026-07-27 20:05:38.971 [0000] <INFO> Reloading channel peer72.ipv4 for export
bird: 2026-07-27 20:05:38.971 [0000] <INFO> Reloading channel peer73.ipv4 for import
bird: 2026-07-27 20:05:38.971 [0000] <DBG> peer73.ipv4: reloading
bird: 2026-07-27 20:05:38.971 [0000] <INFO> Reloading channel peer73.ipv4 for export
bird: 2026-07-27 20:05:38.971 [0000] <INFO> Reloading channel peer74.ipv4 for import
bird: 2026-07-27 20:05:38.971 [0000] <DBG> peer74.ipv4: reloading
bird: 2026-07-27 20:05:38.971 [0000] <INFO> Reloading channel peer74.ipv4 for export
bird: 2026-07-27 20:05:38.971 [0000] <INFO> Reloading channel peer75.ipv4 for import
bird: 2026-07-27 20:05:38.971 [0000] <DBG> peer75.ipv4: reloading
bird: 2026-07-27 20:05:38.971 [0000] <INFO> Reloading channel peer75.ipv4 for export
bird: 2026-07-27 20:05:38.971 [0000] <INFO> Reloading channel peer76.ipv4 for import
bird: 2026-07-27 20:05:38.971 [0000] <DBG> peer76.ipv4: reloading
bird: 2026-07-27 20:05:38.971 [0000] <INFO> Reloading channel peer76.ipv4 for export
bird: 2026-07-27 20:05:38.971 [0000] <INFO> Reloading channel peer77.ipv4 for import
bird: 2026-07-27 20:05:38.971 [0000] <DBG> peer77.ipv4: reloading
bird: 2026-07-27 20:05:38.971 [0000] <INFO> Reloading channel peer77.ipv4 for export
bird: 2026-07-27 20:05:38.971 [0000] <INFO> Reloading channel peer78.ipv4 for import
bird: 2026-07-27 20:05:38.971 [0000] <DBG> peer78.ipv4: reloading
bird: 2026-07-27 20:05:38.971 [0000] <INFO> Reloading channel peer78.ipv4 for export
bird: 2026-07-27 20:05:38.971 [0000] <INFO> Reloading channel peer79.ipv4 for import
bird: 2026-07-27 20:05:38.971 [0000] <DBG> peer79.ipv4: reloading
bird: 2026-07-27 20:05:38.971 [0000] <INFO> Reloading channel peer79.ipv4 for export
bird: 2026-07-27 20:05:38.971 [0000] <INFO> Reloading channel peer80.ipv4 for import
bird: 2026-07-27 20:05:38.971 [0000] <DBG> peer80.ipv4: reloading
bird: 2026-07-27 20:05:38.971 [0000] <INFO> Reloading channel peer80.ipv4 for export
bird: 2026-07-27 20:05:38.971 [0000] <INFO> Reloading channel peer81.ipv4 for import
bird: 2026-07-27 20:05:38.971 [0000] <DBG> peer81.ipv4: reloading
bird: 2026-07-27 20:05:38.971 [0000] <INFO> Reloading channel peer81.ipv4 for export
bird: 2026-07-27 20:05:38.971 [0000] <INFO> Reloading channel peer82.ipv4 for import
bird: 2026-07-27 20:05:38.971 [0000] <DBG> peer82.ipv4: reloading
bird: 2026-07-27 20:05:38.971 [0000] <INFO> Reloading channel peer82.ipv4 for export
bird: 2026-07-27 20:05:38.971 [0000] <INFO> Reloading channel peer83.ipv4 for import
bird: 2026-07-27 20:05:38.971 [0000] <DBG> peer83.ipv4: reloading
bird: 2026-07-27 20:05:38.971 [0000] <INFO> Reloading channel peer83.ipv4 for export
bird: 2026-07-27 20:05:38.971 [0000] <INFO> Reloading channel peer84.ipv4 for import
bird: 2026-07-27 20:05:38.971 [0000] <DBG> peer84.ipv4: reloading
bird: 2026-07-27 20:05:38.971 [0000] <INFO> Reloading channel peer84.ipv4 for export
bird: 2026-07-27 20:05:38.971 [0000] <INFO> Reloading channel peer85.ipv4 for import
bird: 2026-07-27 20:05:38.971 [0000] <DBG> peer85.ipv4: reloading
bird: 2026-07-27 20:05:38.971 [0000] <INFO> Reloading channel peer85.ipv4 for export
bird: 2026-07-27 20:05:38.971 [0000] <INFO> Reloading channel peer86.ipv4 for import
bird: 2026-07-27 20:05:38.971 [0000] <DBG> peer86.ipv4: reloading
bird: 2026-07-27 20:05:38.971 [0000] <INFO> Reloading channel peer86.ipv4 for export
bird: 2026-07-27 20:05:38.971 [0000] <INFO> Reloading channel peer87.ipv4 for import
bird: 2026-07-27 20:05:38.971 [0000] <DBG> peer87.ipv4: reloading
bird: 2026-07-27 20:05:38.971 [0000] <INFO> Reloading channel peer87.ipv4 for export
bird: 2026-07-27 20:05:38.971 [0000] <INFO> Reloading channel peer88.ipv4 for import
bird: 2026-07-27 20:05:38.971 [0000] <DBG> peer88.ipv4: reloading
bird: 2026-07-27 20:05:38.971 [0000] <INFO> Reloading channel peer88.ipv4 for export
bird: 2026-07-27 20:05:38.971 [0000] <INFO> Reloading channel peer89.ipv4 for import
bird: 2026-07-27 20:05:38.971 [0000] <DBG> peer89.ipv4: reloading
bird: 2026-07-27 20:05:38.971 [0000] <INFO> Reloading channel peer89.ipv4 for export
bird: 2026-07-27 20:05:38.971 [0000] <INFO> Reloading channel peer90.ipv4 for import
bird: 2026-07-27 20:05:38.971 [0000] <DBG> peer90.ipv4: reloading
bird: 2026-07-27 20:05:38.971 [0000] <INFO> Reloading channel peer90.ipv4 for export
bird: 2026-07-27 20:05:38.971 [0000] <INFO> Reloading channel peer91.ipv4 for import
bird: 2026-07-27 20:05:38.971 [0000] <DBG> peer91.ipv4: reloading
bird: 2026-07-27 20:05:38.971 [0000] <INFO> Reloading channel peer91.ipv4 for export
bird: 2026-07-27 20:05:38.971 [0000] <INFO> Reloading channel peer92.ipv4 for import
bird: 2026-07-27 20:05:38.971 [0000] <DBG> peer92.ipv4: reloading
bird: 2026-07-27 20:05:38.971 [0000] <INFO> Reloading channel peer92.ipv4 for export
bird: 2026-07-27 20:05:38.971 [0000] <INFO> Reloading channel peer93.ipv4 for import
bird: 2026-07-27 20:05:38.971 [0000] <DBG> peer93.ipv4: reloading
bird: 2026-07-27 20:05:38.971 [0000] <INFO> Reloading channel peer93.ipv4 for export
bird: 2026-07-27 20:05:38.971 [0000] <INFO> Reloading channel peer94.ipv4 for import
bird: 2026-07-27 20:05:38.971 [0000] <DBG> peer94.ipv4: reloading
bird: 2026-07-27 20:05:38.971 [0000] <INFO> Reloading channel peer94.ipv4 for export
bird: 2026-07-27 20:05:38.971 [0000] <INFO> Reloading channel peer95.ipv4 for import
bird: 2026-07-27 20:05:38.971 [0000] <DBG> peer95.ipv4: reloading
bird: 2026-07-27 20:05:38.971 [0000] <INFO> Reloading channel peer95.ipv4 for export
bird: 2026-07-27 20:05:38.971 [0000] <INFO> Reloading channel peer96.ipv4 for import
bird: 2026-07-27 20:05:38.971 [0000] <DBG> peer96.ipv4: reloading
bird: 2026-07-27 20:05:38.971 [0000] <INFO> Reloading channel peer96.ipv4 for export
bird: 2026-07-27 20:05:38.971 [0000] <INFO> Reloading channel peer97.ipv4 for import
bird: 2026-07-27 20:05:38.971 [0000] <DBG> peer97.ipv4: reloading
bird: 2026-07-27 20:05:38.971 [0000] <INFO> Reloading channel peer97.ipv4 for export
bird: 2026-07-27 20:05:38.971 [0000] <INFO> Reloading channel peer98.ipv4 for import
bird: 2026-07-27 20:05:38.971 [0000] <DBG> peer98.ipv4: reloading
bird: 2026-07-27 20:05:38.971 [0000] <INFO> Reloading channel peer98.ipv4 for export
bird: 2026-07-27 20:05:38.971 [0000] <INFO> Reloading channel peer99.ipv4 for import
bird: 2026-07-27 20:05:38.971 [0000] <DBG> peer99.ipv4: reloading
bird: 2026-07-27 20:05:38.971 [0000] <INFO> Reloading channel peer99.ipv4 for export
bird: 2026-07-27 20:05:38.971 [0000] <INFO> Reloading channel peer100.ipv4 for import
bird: 2026-07-27 20:05:38.971 [0000] <DBG> peer100.ipv4: reloading
bird: 2026-07-27 20:05:38.971 [0000] <INFO> Reloading channel peer100.ipv4 for export
bird: 2026-07-27 20:05:38.971 [0000] <INFO> Reloading channel peer101.ipv4 for import
bird: 2026-07-27 20:05:38.971 [0000] <DBG> peer101.ipv4: reloading
bird: 2026-07-27 20:05:38.971 [0000] <INFO> Reloading channel peer101.ipv4 for export
bird: 2026-07-27 20:05:38.971 [0000] <INFO> Reloading channel peer102.ipv4 for import
bird: 2026-07-27 20:05:38.971 [0000] <DBG> peer102.ipv4: reloading
bird: 2026-07-27 20:05:38.971 [0000] <INFO> Reloading channel peer102.ipv4 for export
bird: 2026-07-27 20:05:38.971 [0000] <INFO> Reloading channel peer103.ipv4 for import
bird: 2026-07-27 20:05:38.971 [0000] <DBG> peer103.ipv4: reloading
bird: 2026-07-27 20:05:38.971 [0000] <INFO> Reloading channel peer103.ipv4 for export
bird: 2026-07-27 20:05:38.971 [0000] <INFO> Reloading channel peer104.ipv4 for import
bird: 2026-07-27 20:05:38.971 [0000] <DBG> peer104.ipv4: reloading
bird: 2026-07-27 20:05:38.971 [0000] <INFO> Reloading channel peer104.ipv4 for export
bird: 2026-07-27 20:05:38.971 [0000] <INFO> Reloading channel peer105.ipv4 for import
bird: 2026-07-27 20:05:38.971 [0000] <DBG> peer105.ipv4: reloading
bird: 2026-07-27 20:05:38.971 [0000] <INFO> Reloading channel peer105.ipv4 for export
bird: 2026-07-27 20:05:38.971 [0000] <INFO> Reloading channel peer106.ipv4 for import
bird: 2026-07-27 20:05:38.971 [0000] <DBG> peer106.ipv4: reloading
bird: 2026-07-27 20:05:38.971 [0000] <INFO> Reloading channel peer106.ipv4 for export
bird: 2026-07-27 20:05:38.971 [0000] <INFO> Reloading channel peer107.ipv4 for import
bird: 2026-07-27 20:05:38.971 [0000] <DBG> peer107.ipv4: reloading
bird: 2026-07-27 20:05:38.971 [0000] <INFO> Reloading channel peer107.ipv4 for export
bird: 2026-07-27 20:05:38.971 [0000] <INFO> Reloading channel peer108.ipv4 for import
bird: 2026-07-27 20:05:38.971 [0000] <DBG> peer108.ipv4: reloading
bird: 2026-07-27 20:05:38.971 [0000] <INFO> Reloading channel peer108.ipv4 for export
bird: 2026-07-27 20:05:38.971 [0000] <INFO> Reloading channel peer109.ipv4 for import
bird: 2026-07-27 20:05:38.971 [0000] <DBG> peer109.ipv4: reloading
bird: 2026-07-27 20:05:38.971 [0000] <INFO> Reloading channel peer109.ipv4 for export
bird: 2026-07-27 20:05:38.971 [0000] <INFO> Reloading channel peer110.ipv4 for import
bird: 2026-07-27 20:05:38.971 [0000] <DBG> peer110.ipv4: reloading
bird: 2026-07-27 20:05:38.971 [0000] <INFO> Reloading channel peer110.ipv4 for export
bird: 2026-07-27 20:05:38.971 [0000] <INFO> Reloading channel peer111.ipv4 for import
bird: 2026-07-27 20:05:38.971 [0000] <DBG> peer111.ipv4: reloading
bird: 2026-07-27 20:05:38.971 [0000] <INFO> Reloading channel peer111.ipv4 for export
bird: 2026-07-27 20:05:38.971 [0000] <INFO> Reloading channel peer112.ipv4 for import
bird: 2026-07-27 20:05:38.971 [0000] <DBG> peer112.ipv4: reloading
bird: 2026-07-27 20:05:38.971 [0000] <INFO> Reloading channel peer112.ipv4 for export
bird: 2026-07-27 20:05:38.971 [0000] <INFO> Reloading channel peer113.ipv4 for import
bird: 2026-07-27 20:05:38.971 [0000] <DBG> peer113.ipv4: reloading
bird: 2026-07-27 20:05:38.971 [0000] <INFO> Reloading channel peer113.ipv4 for export
bird: 2026-07-27 20:05:38.971 [0000] <INFO> Reloading channel peer114.ipv4 for import
bird: 2026-07-27 20:05:38.971 [0000] <DBG> peer114.ipv4: reloading
bird: 2026-07-27 20:05:38.971 [0000] <INFO> Reloading channel peer114.ipv4 for export
bird: 2026-07-27 20:05:38.971 [0000] <INFO> Reloading channel peer115.ipv4 for import
bird: 2026-07-27 20:05:38.971 [0000] <DBG> peer115.ipv4: reloading
bird: 2026-07-27 20:05:38.971 [0000] <INFO> Reloading channel peer115.ipv4 for export
bird: 2026-07-27 20:05:38.971 [0000] <INFO> Reloading channel peer116.ipv4 for import
bird: 2026-07-27 20:05:38.971 [0000] <DBG> peer116.ipv4: reloading
bird: 2026-07-27 20:05:38.971 [0000] <INFO> Reloading channel peer116.ipv4 for export
bird: 2026-07-27 20:05:38.971 [0000] <INFO> Reloading channel peer117.ipv4 for import
bird: 2026-07-27 20:05:38.971 [0000] <DBG> peer117.ipv4: reloading
bird: 2026-07-27 20:05:38.971 [0000] <INFO> Reloading channel peer117.ipv4 for export
bird: 2026-07-27 20:05:38.971 [0000] <INFO> Reloading channel peer118.ipv4 for import
bird: 2026-07-27 20:05:38.971 [0000] <DBG> peer118.ipv4: reloading
bird: 2026-07-27 20:05:38.971 [0000] <INFO> Reloading channel peer118.ipv4 for export
bird: 2026-07-27 20:05:38.971 [0000] <INFO> Reloading channel peer119.ipv4 for import
bird: 2026-07-27 20:05:38.971 [0000] <DBG> peer119.ipv4: reloading
bird: 2026-07-27 20:05:38.971 [0000] <INFO> Reloading channel peer119.ipv4 for export
bird: 2026-07-27 20:05:38.971 [0000] <INFO> Reloading channel peer120.ipv4 for import
bird: 2026-07-27 20:05:38.971 [0000] <DBG> peer120.ipv4: reloading
bird: 2026-07-27 20:05:38.971 [0000] <INFO> Reloading channel peer120.ipv4 for export
bird: 2026-07-27 20:05:38.971 [0000] <INFO> Reloading channel peer121.ipv4 for import
bird: 2026-07-27 20:05:38.971 [0000] <DBG> peer121.ipv4: reloading
bird: 2026-07-27 20:05:38.971 [0000] <INFO> Reloading channel peer121.ipv4 for export
bird: 2026-07-27 20:05:38.971 [0000] <INFO> Reloading channel peer122.ipv4 for import
bird: 2026-07-27 20:05:38.971 [0000] <DBG> peer122.ipv4: reloading
bird: 2026-07-27 20:05:38.971 [0000] <INFO> Reloading channel peer122.ipv4 for export
bird: 2026-07-27 20:05:38.971 [0000] <INFO> Reloading channel peer123.ipv4 for import
bird: 2026-07-27 20:05:38.971 [0000] <DBG> peer123.ipv4: reloading
bird: 2026-07-27 20:05:38.971 [0000] <INFO> Reloading channel peer123.ipv4 for export
bird: 2026-07-27 20:05:38.971 [0000] <INFO> Reloading channel peer124.ipv4 for import
bird: 2026-07-27 20:05:38.971 [0000] <DBG> peer124.ipv4: reloading
bird: 2026-07-27 20:05:38.971 [0000] <INFO> Reloading channel peer124.ipv4 for export
bird: 2026-07-27 20:05:38.971 [0000] <INFO> Reloading channel peer125.ipv4 for import
bird: 2026-07-27 20:05:38.971 [0000] <DBG> peer125.ipv4: reloading
bird: 2026-07-27 20:05:38.971 [0000] <INFO> Reloading channel peer125.ipv4 for export
bird: 2026-07-27 20:05:38.971 [0000] <INFO> Reloading channel peer126.ipv4 for import
bird: 2026-07-27 20:05:38.971 [0000] <DBG> peer126.ipv4: reloading
bird: 2026-07-27 20:05:38.971 [0000] <INFO> Reloading channel peer126.ipv4 for export
bird: 2026-07-27 20:05:38.971 [0000] <INFO> Reloading channel peer127.ipv4 for import
bird: 2026-07-27 20:05:38.971 [0000] <DBG> peer127.ipv4: reloading
bird: 2026-07-27 20:05:38.971 [0000] <INFO> Reloading channel peer127.ipv4 for export
bird: 2026-07-27 20:05:38.971 [0000] <INFO> Reloading channel peer128.ipv4 for import
bird: 2026-07-27 20:05:38.971 [0000] <DBG> peer128.ipv4: reloading
bird: 2026-07-27 20:05:38.971 [0000] <INFO> Reloading channel peer128.ipv4 for export
bird: 2026-07-27 20:05:38.971 [0000] <INFO> Reloading channel peer129.ipv4 for import
bird: 2026-07-27 20:05:38.971 [0000] <DBG> peer129.ipv4: reloading
bird: 2026-07-27 20:05:38.971 [0000] <INFO> Reloading channel peer129.ipv4 for export
bird: 2026-07-27 20:05:38.971 [0000] <INFO> Reloading channel peer130.ipv4 for import
bird: 2026-07-27 20:05:38.971 [0000] <DBG> peer130.ipv4: reloading
bird: 2026-07-27 20:05:38.971 [0000] <INFO> Reloading channel peer130.ipv4 for export
bird: 2026-07-27 20:05:38.971 [0000] <INFO> Reloading channel peer131.ipv4 for import
bird: 2026-07-27 20:05:38.971 [0000] <DBG> peer131.ipv4: reloading
bird: 2026-07-27 20:05:38.971 [0000] <INFO> Reloading channel peer131.ipv4 for export
bird: 2026-07-27 20:05:38.971 [0000] <INFO> Reloading channel peer132.ipv4 for import
bird: 2026-07-27 20:05:38.971 [0000] <DBG> peer132.ipv4: reloading
bird: 2026-07-27 20:05:38.971 [0000] <INFO> Reloading channel peer132.ipv4 for export
bird: 2026-07-27 20:05:38.971 [0000] <INFO> Reloading channel peer133.ipv4 for import
bird: 2026-07-27 20:05:38.971 [0000] <DBG> peer133.ipv4: reloading
bird: 2026-07-27 20:05:38.971 [0000] <INFO> Reloading channel peer133.ipv4 for export
bird: 2026-07-27 20:05:38.971 [0000] <INFO> Reloading channel peer134.ipv4 for import
bird: 2026-07-27 20:05:38.971 [0000] <DBG> peer134.ipv4: reloading
bird: 2026-07-27 20:05:38.971 [0000] <INFO> Reloading channel peer134.ipv4 for export
bird: 2026-07-27 20:05:38.971 [0000] <INFO> Reloading channel peer135.ipv4 for import
bird: 2026-07-27 20:05:38.971 [0000] <DBG> peer135.ipv4: reloading
bird: 2026-07-27 20:05:38.971 [0000] <INFO> Reloading channel peer135.ipv4 for export
bird: 2026-07-27 20:05:38.971 [0000] <INFO> Reloading channel peer136.ipv4 for import
bird: 2026-07-27 20:05:38.971 [0000] <DBG> peer136.ipv4: reloading
bird: 2026-07-27 20:05:38.971 [0000] <INFO> Reloading channel peer136.ipv4 for export
bird: 2026-07-27 20:05:38.971 [0000] <INFO> Reloading channel peer137.ipv4 for import
bird: 2026-07-27 20:05:38.971 [0000] <DBG> peer137.ipv4: reloading
bird: 2026-07-27 20:05:38.971 [0000] <INFO> Reloading channel peer137.ipv4 for export
bird: 2026-07-27 20:05:38.971 [0000] <INFO> Reloading channel peer138.ipv4 for import
bird: 2026-07-27 20:05:38.971 [0000] <DBG> peer138.ipv4: reloading
bird: 2026-07-27 20:05:38.971 [0000] <INFO> Reloading channel peer138.ipv4 for export
bird: 2026-07-27 20:05:38.971 [0000] <INFO> Reloading channel peer139.ipv4 for import
bird: 2026-07-27 20:05:38.971 [0000] <DBG> peer139.ipv4: reloading
bird: 2026-07-27 20:05:38.971 [0000] <INFO> Reloading channel peer139.ipv4 for export
bird: 2026-07-27 20:05:38.971 [0000] <INFO> Reloading channel peer140.ipv4 for import
bird: 2026-07-27 20:05:38.971 [0000] <DBG> peer140.ipv4: reloading
bird: 2026-07-27 20:05:38.971 [0000] <INFO> Reloading channel peer140.ipv4 for export
bird: 2026-07-27 20:05:38.971 [0000] <INFO> Reloading channel peer141.ipv4 for import
bird: 2026-07-27 20:05:38.971 [0000] <DBG> peer141.ipv4: reloading
bird: 2026-07-27 20:05:38.971 [0000] <INFO> Reloading channel peer141.ipv4 for export
bird: 2026-07-27 20:05:38.971 [0000] <INFO> Reloading channel peer142.ipv4 for import
bird: 2026-07-27 20:05:38.971 [0000] <DBG> peer142.ipv4: reloading
bird: 2026-07-27 20:05:38.971 [0000] <INFO> Reloading channel peer142.ipv4 for export
bird: 2026-07-27 20:05:38.971 [0000] <INFO> Reloading channel peer143.ipv4 for import
bird: 2026-07-27 20:05:38.971 [0000] <DBG> peer143.ipv4: reloading
bird: 2026-07-27 20:05:38.971 [0000] <INFO> Reloading channel peer143.ipv4 for export
bird: 2026-07-27 20:05:38.971 [0000] <INFO> Reloading channel peer144.ipv4 for import
bird: 2026-07-27 20:05:38.971 [0000] <DBG> peer144.ipv4: reloading
bird: 2026-07-27 20:05:38.971 [0000] <INFO> Reloading channel peer144.ipv4 for export
bird: 2026-07-27 20:05:38.971 [0000] <INFO> Reloading channel peer145.ipv4 for import
bird: 2026-07-27 20:05:38.971 [0000] <DBG> peer145.ipv4: reloading
bird: 2026-07-27 20:05:38.971 [0000] <INFO> Reloading channel peer145.ipv4 for export
bird: 2026-07-27 20:05:38.971 [0000] <INFO> Reloading channel peer146.ipv4 for import
bird: 2026-07-27 20:05:38.971 [0000] <DBG> peer146.ipv4: reloading
bird: 2026-07-27 20:05:38.971 [0000] <INFO> Reloading channel peer146.ipv4 for export
bird: 2026-07-27 20:05:38.971 [0000] <INFO> Reloading channel peer147.ipv4 for import
bird: 2026-07-27 20:05:38.971 [0000] <DBG> peer147.ipv4: reloading
bird: 2026-07-27 20:05:38.971 [0000] <INFO> Reloading channel peer147.ipv4 for export
bird: 2026-07-27 20:05:38.971 [0000] <INFO> Reloading channel peer148.ipv4 for import
bird: 2026-07-27 20:05:38.971 [0000] <DBG> peer148.ipv4: reloading
bird: 2026-07-27 20:05:38.971 [0000] <INFO> Reloading channel peer148.ipv4 for export
bird: 2026-07-27 20:05:38.971 [0000] <INFO> Reloading channel peer149.ipv4 for import
bird: 2026-07-27 20:05:38.971 [0000] <DBG> peer149.ipv4: reloading
bird: 2026-07-27 20:05:38.971 [0000] <INFO> Reloading channel peer149.ipv4 for export
bird: 2026-07-27 20:05:38.971 [0000] <INFO> Reloading channel peer150.ipv4 for import
bird: 2026-07-27 20:05:38.971 [0000] <DBG> peer150.ipv4: reloading
bird: 2026-07-27 20:05:38.971 [0000] <INFO> Reloading channel peer150.ipv4 for export
bird: 2026-07-27 20:05:38.971 [0000] <INFO> Reloading channel peer151.ipv4 for import
bird: 2026-07-27 20:05:38.971 [0000] <DBG> peer151.ipv4: reloading
bird: 2026-07-27 20:05:38.971 [0000] <INFO> Reloading channel peer151.ipv4 for export
bird: 2026-07-27 20:05:38.971 [0000] <INFO> Reloading channel peer152.ipv4 for import
bird: 2026-07-27 20:05:38.971 [0000] <DBG> peer152.ipv4: reloading
bird: 2026-07-27 20:05:38.971 [0000] <INFO> Reloading channel peer152.ipv4 for export
bird: 2026-07-27 20:05:38.971 [0000] <INFO> Reloading channel peer153.ipv4 for import
bird: 2026-07-27 20:05:38.971 [0000] <DBG> peer153.ipv4: reloading
bird: 2026-07-27 20:05:38.971 [0000] <INFO> Reloading channel peer153.ipv4 for export
bird: 2026-07-27 20:05:38.971 [0000] <INFO> Reloading channel peer154.ipv4 for import
bird: 2026-07-27 20:05:38.971 [0000] <DBG> peer154.ipv4: reloading
bird: 2026-07-27 20:05:38.971 [0000] <INFO> Reloading channel peer154.ipv4 for export
bird: 2026-07-27 20:05:38.971 [0000] <INFO> Reloading channel peer155.ipv4 for import
bird: 2026-07-27 20:05:38.971 [0000] <DBG> peer155.ipv4: reloading
bird: 2026-07-27 20:05:38.971 [0000] <INFO> Reloading channel peer155.ipv4 for export
bird: 2026-07-27 20:05:38.971 [0000] <INFO> Reloading channel peer156.ipv4 for import
bird: 2026-07-27 20:05:38.971 [0000] <DBG> peer156.ipv4: reloading
bird: 2026-07-27 20:05:38.971 [0000] <INFO> Reloading channel peer156.ipv4 for export
bird: 2026-07-27 20:05:38.971 [0000] <INFO> Reloading channel peer157.ipv4 for import
bird: 2026-07-27 20:05:38.971 [0000] <DBG> peer157.ipv4: reloading
bird: 2026-07-27 20:05:38.971 [0000] <INFO> Reloading channel peer157.ipv4 for export
bird: 2026-07-27 20:05:38.971 [0000] <INFO> Reloading channel peer158.ipv4 for import
bird: 2026-07-27 20:05:38.971 [0000] <DBG> peer158.ipv4: reloading
bird: 2026-07-27 20:05:38.971 [0000] <INFO> Reloading channel peer158.ipv4 for export
bird: 2026-07-27 20:05:38.971 [0000] <INFO> Reloading channel peer159.ipv4 for import
bird: 2026-07-27 20:05:38.971 [0000] <DBG> peer159.ipv4: reloading
bird: 2026-07-27 20:05:38.971 [0000] <INFO> Reloading channel peer159.ipv4 for export
bird: 2026-07-27 20:05:38.971 [0000] <INFO> Reloading channel peer160.ipv4 for import
bird: 2026-07-27 20:05:38.971 [0000] <DBG> peer160.ipv4: reloading
bird: 2026-07-27 20:05:38.971 [0000] <INFO> Reloading channel peer160.ipv4 for export
bird: 2026-07-27 20:05:38.971 [0000] <INFO> Reloading channel peer161.ipv4 for import
bird: 2026-07-27 20:05:38.971 [0000] <DBG> peer161.ipv4: reloading
bird: 2026-07-27 20:05:38.971 [0000] <INFO> Reloading channel peer161.ipv4 for export
bird: 2026-07-27 20:05:38.971 [0000] <INFO> Reloading channel peer162.ipv4 for import
bird: 2026-07-27 20:05:38.971 [0000] <DBG> peer162.ipv4: reloading
bird: 2026-07-27 20:05:38.971 [0000] <INFO> Reloading channel peer162.ipv4 for export
bird: 2026-07-27 20:05:38.971 [0000] <INFO> Reloading channel peer163.ipv4 for import
bird: 2026-07-27 20:05:38.971 [0000] <DBG> peer163.ipv4: reloading
bird: 2026-07-27 20:05:38.971 [0000] <INFO> Reloading channel peer163.ipv4 for export
bird: 2026-07-27 20:05:38.971 [0000] <INFO> Reloading channel peer164.ipv4 for import
bird: 2026-07-27 20:05:38.971 [0000] <DBG> peer164.ipv4: reloading
bird: 2026-07-27 20:05:38.971 [0000] <INFO> Reloading channel peer164.ipv4 for export
bird: 2026-07-27 20:05:38.971 [0000] <INFO> Reloading channel peer165.ipv4 for import
bird: 2026-07-27 20:05:38.971 [0000] <DBG> peer165.ipv4: reloading
bird: 2026-07-27 20:05:38.971 [0000] <INFO> Reloading channel peer165.ipv4 for export
bird: 2026-07-27 20:05:38.971 [0000] <INFO> Reloading channel peer166.ipv4 for import
bird: 2026-07-27 20:05:38.971 [0000] <DBG> peer166.ipv4: reloading
bird: 2026-07-27 20:05:38.971 [0000] <INFO> Reloading channel peer166.ipv4 for export
bird: 2026-07-27 20:05:38.971 [0000] <INFO> Reloading channel peer167.ipv4 for import
bird: 2026-07-27 20:05:38.971 [0000] <DBG> peer167.ipv4: reloading
bird: 2026-07-27 20:05:38.971 [0000] <INFO> Reloading channel peer167.ipv4 for export
bird: 2026-07-27 20:05:38.971 [0000] <INFO> Reloading channel peer168.ipv4 for import
bird: 2026-07-27 20:05:38.971 [0000] <DBG> peer168.ipv4: reloading
bird: 2026-07-27 20:05:38.971 [0000] <INFO> Reloading channel peer168.ipv4 for export
bird: 2026-07-27 20:05:38.971 [0000] <INFO> Reloading channel peer169.ipv4 for import
bird: 2026-07-27 20:05:38.971 [0000] <DBG> peer169.ipv4: reloading
bird: 2026-07-27 20:05:38.971 [0000] <INFO> Reloading channel peer169.ipv4 for export
bird: 2026-07-27 20:05:38.971 [0000] <INFO> Reloading channel peer170.ipv4 for import
bird: 2026-07-27 20:05:38.971 [0000] <DBG> peer170.ipv4: reloading
bird: 2026-07-27 20:05:38.971 [0000] <INFO> Reloading channel peer170.ipv4 for export
bird: 2026-07-27 20:05:38.971 [0000] <INFO> Reloading channel peer171.ipv4 for import
bird: 2026-07-27 20:05:38.971 [0000] <DBG> peer171.ipv4: reloading
bird: 2026-07-27 20:05:38.971 [0000] <INFO> Reloading channel peer171.ipv4 for export
bird: 2026-07-27 20:05:38.971 [0000] <INFO> Reloading channel peer172.ipv4 for import
bird: 2026-07-27 20:05:38.971 [0000] <DBG> peer172.ipv4: reloading
bird: 2026-07-27 20:05:38.971 [0000] <INFO> Reloading channel peer172.ipv4 for export
bird: 2026-07-27 20:05:38.971 [0000] <INFO> Reloading channel peer173.ipv4 for import
bird: 2026-07-27 20:05:38.971 [0000] <DBG> peer173.ipv4: reloading
bird: 2026-07-27 20:05:38.971 [0000] <INFO> Reloading channel peer173.ipv4 for export
bird: 2026-07-27 20:05:38.971 [0000] <INFO> Reloading channel peer174.ipv4 for import
bird: 2026-07-27 20:05:38.971 [0000] <DBG> peer174.ipv4: reloading
bird: 2026-07-27 20:05:38.971 [0000] <INFO> Reloading channel peer174.ipv4 for export
bird: 2026-07-27 20:05:38.971 [0000] <INFO> Reloading channel peer175.ipv4 for import
bird: 2026-07-27 20:05:38.971 [0000] <DBG> peer175.ipv4: reloading
bird: 2026-07-27 20:05:38.971 [0000] <INFO> Reloading channel peer175.ipv4 for export
bird: 2026-07-27 20:05:38.971 [0000] <INFO> Reloading channel peer176.ipv4 for import
bird: 2026-07-27 20:05:38.971 [0000] <DBG> peer176.ipv4: reloading
bird: 2026-07-27 20:05:38.971 [0000] <INFO> Reloading channel peer176.ipv4 for export
bird: 2026-07-27 20:05:38.971 [0000] <INFO> Reloading channel peer177.ipv4 for import
bird: 2026-07-27 20:05:38.971 [0000] <DBG> peer177.ipv4: reloading
bird: 2026-07-27 20:05:38.971 [0000] <INFO> Reloading channel peer177.ipv4 for export
bird: 2026-07-27 20:05:38.971 [0000] <INFO> Reloading channel peer178.ipv4 for import
bird: 2026-07-27 20:05:38.971 [0000] <DBG> peer178.ipv4: reloading
bird: 2026-07-27 20:05:38.971 [0000] <INFO> Reloading channel peer178.ipv4 for export
bird: 2026-07-27 20:05:38.971 [0000] <INFO> Reloading channel peer179.ipv4 for import
bird: 2026-07-27 20:05:38.971 [0000] <DBG> peer179.ipv4: reloading
bird: 2026-07-27 20:05:38.971 [0000] <INFO> Reloading channel peer179.ipv4 for export
bird: 2026-07-27 20:05:38.971 [0000] <INFO> Reloading channel peer180.ipv4 for import
bird: 2026-07-27 20:05:38.971 [0000] <DBG> peer180.ipv4: reloading
bird: 2026-07-27 20:05:38.971 [0000] <INFO> Reloading channel peer180.ipv4 for export
bird: 2026-07-27 20:05:38.971 [0000] <INFO> Reloading channel peer181.ipv4 for import
bird: 2026-07-27 20:05:38.971 [0000] <DBG> peer181.ipv4: reloading
bird: 2026-07-27 20:05:38.971 [0000] <INFO> Reloading channel peer181.ipv4 for export
bird: 2026-07-27 20:05:38.971 [0000] <INFO> Reloading channel peer182.ipv4 for import
bird: 2026-07-27 20:05:38.971 [0000] <DBG> peer182.ipv4: reloading
bird: 2026-07-27 20:05:38.971 [0000] <INFO> Reloading channel peer182.ipv4 for export
bird: 2026-07-27 20:05:38.971 [0000] <INFO> Reloading channel peer183.ipv4 for import
bird: 2026-07-27 20:05:38.971 [0000] <DBG> peer183.ipv4: reloading
bird: 2026-07-27 20:05:38.971 [0000] <INFO> Reloading channel peer183.ipv4 for export
bird: 2026-07-27 20:05:38.971 [0000] <INFO> Reloading channel peer184.ipv4 for import
bird: 2026-07-27 20:05:38.971 [0000] <DBG> peer184.ipv4: reloading
bird: 2026-07-27 20:05:38.971 [0000] <INFO> Reloading channel peer184.ipv4 for export
bird: 2026-07-27 20:05:38.971 [0000] <INFO> Reloading channel peer185.ipv4 for import
bird: 2026-07-27 20:05:38.971 [0000] <DBG> peer185.ipv4: reloading
bird: 2026-07-27 20:05:38.971 [0000] <INFO> Reloading channel peer185.ipv4 for export
bird: 2026-07-27 20:05:38.971 [0000] <INFO> Reloading channel peer186.ipv4 for import
bird: 2026-07-27 20:05:38.971 [0000] <DBG> peer186.ipv4: reloading
bird: 2026-07-27 20:05:38.971 [0000] <INFO> Reloading channel peer186.ipv4 for export
bird: 2026-07-27 20:05:38.971 [0000] <INFO> Reloading channel peer187.ipv4 for import
bird: 2026-07-27 20:05:38.971 [0000] <DBG> peer187.ipv4: reloading
bird: 2026-07-27 20:05:38.971 [0000] <INFO> Reloading channel peer187.ipv4 for export
bird: 2026-07-27 20:05:38.971 [0000] <INFO> Reloading channel peer188.ipv4 for import
bird: 2026-07-27 20:05:38.971 [0000] <DBG> peer188.ipv4: reloading
bird: 2026-07-27 20:05:38.971 [0000] <INFO> Reloading channel peer188.ipv4 for export
bird: 2026-07-27 20:05:38.971 [0000] <INFO> Reloading channel peer189.ipv4 for import
bird: 2026-07-27 20:05:38.971 [0000] <DBG> peer189.ipv4: reloading
bird: 2026-07-27 20:05:38.971 [0000] <INFO> Reloading channel peer189.ipv4 for export
bird: 2026-07-27 20:05:38.971 [0000] <INFO> Reloading channel peer190.ipv4 for import
bird: 2026-07-27 20:05:38.971 [0000] <DBG> peer190.ipv4: reloading
bird: 2026-07-27 20:05:38.971 [0000] <INFO> Reloading channel peer190.ipv4 for export
bird: 2026-07-27 20:05:38.971 [0000] <INFO> Reloading channel peer191.ipv4 for import
bird: 2026-07-27 20:05:38.971 [0000] <DBG> peer191.ipv4: reloading
bird: 2026-07-27 20:05:38.971 [0000] <INFO> Reloading channel peer191.ipv4 for export
bird: 2026-07-27 20:05:38.971 [0000] <INFO> Reloading channel peer192.ipv4 for import
bird: 2026-07-27 20:05:38.971 [0000] <DBG> peer192.ipv4: reloading
bird: 2026-07-27 20:05:38.971 [0000] <INFO> Reloading channel peer192.ipv4 for export
bird: 2026-07-27 20:05:38.971 [0000] <INFO> Reloading channel peer193.ipv4 for import
bird: 2026-07-27 20:05:38.971 [0000] <DBG> peer193.ipv4: reloading
bird: 2026-07-27 20:05:38.971 [0000] <INFO> Reloading channel peer193.ipv4 for export
bird: 2026-07-27 20:05:38.971 [0000] <INFO> Reloading channel peer194.ipv4 for import
bird: 2026-07-27 20:05:38.971 [0000] <DBG> peer194.ipv4: reloading
bird: 2026-07-27 20:05:38.971 [0000] <INFO> Reloading channel peer194.ipv4 for export
bird: 2026-07-27 20:05:38.971 [0000] <INFO> Reloading channel peer195.ipv4 for import
bird: 2026-07-27 20:05:38.971 [0000] <DBG> peer195.ipv4: reloading
bird: 2026-07-27 20:05:38.971 [0000] <INFO> Reloading channel peer195.ipv4 for export
bird: 2026-07-27 20:05:38.971 [0000] <INFO> Reloading channel peer196.ipv4 for import
bird: 2026-07-27 20:05:38.971 [0000] <DBG> peer196.ipv4: reloading
bird: 2026-07-27 20:05:38.971 [0000] <INFO> Reloading channel peer196.ipv4 for export
bird: 2026-07-27 20:05:38.971 [0000] <INFO> Reloading channel peer197.ipv4 for import
bird: 2026-07-27 20:05:38.971 [0000] <DBG> peer197.ipv4: reloading
bird: 2026-07-27 20:05:38.971 [0000] <INFO> Reloading channel peer197.ipv4 for export
bird: 2026-07-27 20:05:38.971 [0000] <INFO> Reloading channel peer198.ipv4 for import
bird: 2026-07-27 20:05:38.971 [0000] <DBG> peer198.ipv4: reloading
bird: 2026-07-27 20:05:38.971 [0000] <INFO> Reloading channel peer198.ipv4 for export
bird: 2026-07-27 20:05:38.971 [0000] <INFO> Reloading channel peer199.ipv4 for import
bird: 2026-07-27 20:05:38.971 [0000] <DBG> peer199.ipv4: reloading
bird: 2026-07-27 20:05:38.971 [0000] <INFO> Reloading channel peer199.ipv4 for export
bird: 2026-07-27 20:05:38.971 [0000] <INFO> Reloading channel peer200.ipv4 for import
bird: 2026-07-27 20:05:38.971 [0000] <DBG> peer200.ipv4: reloading
bird: 2026-07-27 20:05:38.971 [0000] <INFO> Reloading channel peer200.ipv4 for export
bird: 2026-07-27 20:05:38.971 [0000] <INFO> Reloading channel peer201.ipv4 for import
bird: 2026-07-27 20:05:38.971 [0000] <DBG> peer201.ipv4: reloading
bird: 2026-07-27 20:05:38.971 [0000] <INFO> Reloading channel peer201.ipv4 for export
bird: 2026-07-27 20:05:38.971 [0000] <INFO> Reloading channel peer202.ipv4 for import
bird: 2026-07-27 20:05:38.971 [0000] <DBG> peer202.ipv4: reloading
bird: 2026-07-27 20:05:38.971 [0000] <INFO> Reloading channel peer202.ipv4 for export
bird: 2026-07-27 20:05:38.971 [0000] <INFO> Reloading channel peer203.ipv4 for import
bird: 2026-07-27 20:05:38.971 [0000] <DBG> peer203.ipv4: reloading
bird: 2026-07-27 20:05:38.971 [0000] <INFO> Reloading channel peer203.ipv4 for export
bird: 2026-07-27 20:05:38.971 [0000] <INFO> Reloading channel peer204.ipv4 for import
bird: 2026-07-27 20:05:38.971 [0000] <DBG> peer204.ipv4: reloading
bird: 2026-07-27 20:05:38.971 [0000] <INFO> Reloading channel peer204.ipv4 for export
bird: 2026-07-27 20:05:38.971 [0000] <INFO> Reloading channel peer205.ipv4 for import
bird: 2026-07-27 20:05:38.971 [0000] <DBG> peer205.ipv4: reloading
bird: 2026-07-27 20:05:38.971 [0000] <INFO> Reloading channel peer205.ipv4 for export
bird: 2026-07-27 20:05:38.971 [0000] <INFO> Reloading channel peer206.ipv4 for import
bird: 2026-07-27 20:05:38.971 [0000] <DBG> peer206.ipv4: reloading
bird: 2026-07-27 20:05:38.971 [0000] <INFO> Reloading channel peer206.ipv4 for export
bird: 2026-07-27 20:05:38.971 [0000] <INFO> Reloading channel peer207.ipv4 for import
bird: 2026-07-27 20:05:38.971 [0000] <DBG> peer207.ipv4: reloading
bird: 2026-07-27 20:05:38.971 [0000] <INFO> Reloading channel peer207.ipv4 for export
bird: 2026-07-27 20:05:38.971 [0000] <INFO> Reloading channel peer208.ipv4 for import
bird: 2026-07-27 20:05:38.971 [0000] <DBG> peer208.ipv4: reloading
bird: 2026-07-27 20:05:38.971 [0000] <INFO> Reloading channel peer208.ipv4 for export
bird: 2026-07-27 20:05:38.971 [0000] <INFO> Reloading channel peer209.ipv4 for import
bird: 2026-07-27 20:05:38.971 [0000] <DBG> peer209.ipv4: reloading
bird: 2026-07-27 20:05:38.971 [0000] <INFO> Reloading channel peer209.ipv4 for export
bird: 2026-07-27 20:05:38.971 [0000] <INFO> Reloading channel peer210.ipv4 for import
bird: 2026-07-27 20:05:38.971 [0000] <DBG> peer210.ipv4: reloading
bird: 2026-07-27 20:05:38.971 [0000] <INFO> Reloading channel peer210.ipv4 for export
bird: 2026-07-27 20:05:38.971 [0000] <INFO> Reloading channel peer211.ipv4 for import
bird: 2026-07-27 20:05:38.971 [0000] <DBG> peer211.ipv4: reloading
bird: 2026-07-27 20:05:38.971 [0000] <INFO> Reloading channel peer211.ipv4 for export
bird: 2026-07-27 20:05:38.971 [0000] <INFO> Reloading channel peer212.ipv4 for import
bird: 2026-07-27 20:05:38.971 [0000] <DBG> peer212.ipv4: reloading
bird: 2026-07-27 20:05:38.971 [0000] <INFO> Reloading channel peer212.ipv4 for export
bird: 2026-07-27 20:05:38.971 [0000] <INFO> Reloading channel peer213.ipv4 for import
bird: 2026-07-27 20:05:38.971 [0000] <DBG> peer213.ipv4: reloading
bird: 2026-07-27 20:05:38.971 [0000] <INFO> Reloading channel peer213.ipv4 for export
bird: 2026-07-27 20:05:38.971 [0000] <INFO> Reloading channel peer214.ipv4 for import
bird: 2026-07-27 20:05:38.971 [0000] <DBG> peer214.ipv4: reloading
bird: 2026-07-27 20:05:38.971 [0000] <INFO> Reloading channel peer214.ipv4 for export
bird: 2026-07-27 20:05:38.971 [0000] <INFO> Reloading channel peer215.ipv4 for import
bird: 2026-07-27 20:05:38.971 [0000] <DBG> peer215.ipv4: reloading
bird: 2026-07-27 20:05:38.971 [0000] <INFO> Reloading channel peer215.ipv4 for export
bird: 2026-07-27 20:05:38.971 [0000] <INFO> Reloading channel peer216.ipv4 for import
bird: 2026-07-27 20:05:38.971 [0000] <DBG> peer216.ipv4: reloading
bird: 2026-07-27 20:05:38.971 [0000] <INFO> Reloading channel peer216.ipv4 for export
bird: 2026-07-27 20:05:38.971 [0000] <INFO> Reloading channel peer217.ipv4 for import
bird: 2026-07-27 20:05:38.971 [0000] <DBG> peer217.ipv4: reloading
bird: 2026-07-27 20:05:38.971 [0000] <INFO> Reloading channel peer217.ipv4 for export
bird: 2026-07-27 20:05:38.971 [0000] <INFO> Reloading channel peer218.ipv4 for import
bird: 2026-07-27 20:05:38.971 [0000] <DBG> peer218.ipv4: reloading
bird: 2026-07-27 20:05:38.971 [0000] <INFO> Reloading channel peer218.ipv4 for export
bird: 2026-07-27 20:05:38.971 [0000] <INFO> Reloading channel peer219.ipv4 for import
bird: 2026-07-27 20:05:38.971 [0000] <DBG> peer219.ipv4: reloading
bird: 2026-07-27 20:05:38.971 [0000] <INFO> Reloading channel peer219.ipv4 for export
bird: 2026-07-27 20:05:38.971 [0000] <INFO> Reloading channel peer220.ipv4 for import
bird: 2026-07-27 20:05:38.971 [0000] <DBG> peer220.ipv4: reloading
bird: 2026-07-27 20:05:38.971 [0000] <INFO> Reloading channel peer220.ipv4 for export
bird: 2026-07-27 20:05:38.971 [0000] <INFO> Reloading channel peer221.ipv4 for import
bird: 2026-07-27 20:05:38.971 [0000] <DBG> peer221.ipv4: reloading
bird: 2026-07-27 20:05:38.971 [0000] <INFO> Reloading channel peer221.ipv4 for export
bird: 2026-07-27 20:05:38.971 [0000] <INFO> Reloading channel peer222.ipv4 for import
bird: 2026-07-27 20:05:38.971 [0000] <DBG> peer222.ipv4: reloading
bird: 2026-07-27 20:05:38.971 [0000] <INFO> Reloading channel peer222.ipv4 for export
bird: 2026-07-27 20:05:38.971 [0000] <INFO> Reloading channel peer223.ipv4 for import
bird: 2026-07-27 20:05:38.971 [0000] <DBG> peer223.ipv4: reloading
bird: 2026-07-27 20:05:38.971 [0000] <INFO> Reloading channel peer223.ipv4 for export
bird: 2026-07-27 20:05:38.971 [0000] <INFO> Reloading channel peer224.ipv4 for import
bird: 2026-07-27 20:05:38.971 [0000] <DBG> peer224.ipv4: reloading
bird: 2026-07-27 20:05:38.971 [0000] <INFO> Reloading channel peer224.ipv4 for export
bird: 2026-07-27 20:05:38.971 [0000] <INFO> Reloading channel peer225.ipv4 for import
bird: 2026-07-27 20:05:38.971 [0000] <DBG> peer225.ipv4: reloading
bird: 2026-07-27 20:05:38.971 [0000] <INFO> Reloading channel peer225.ipv4 for export
bird: 2026-07-27 20:05:38.971 [0000] <INFO> Reloading channel peer226.ipv4 for import
bird: 2026-07-27 20:05:38.971 [0000] <DBG> peer226.ipv4: reloading
bird: 2026-07-27 20:05:38.971 [0000] <INFO> Reloading channel peer226.ipv4 for export
bird: 2026-07-27 20:05:38.971 [0000] <INFO> Reloading channel peer227.ipv4 for import
bird: 2026-07-27 20:05:38.971 [0000] <DBG> peer227.ipv4: reloading
bird: 2026-07-27 20:05:38.971 [0000] <INFO> Reloading channel peer227.ipv4 for export
bird: 2026-07-27 20:05:38.971 [0000] <INFO> Reloading channel peer228.ipv4 for import
bird: 2026-07-27 20:05:38.971 [0000] <DBG> peer228.ipv4: reloading
bird: 2026-07-27 20:05:38.971 [0000] <INFO> Reloading channel peer228.ipv4 for export
bird: 2026-07-27 20:05:38.971 [0000] <INFO> Reloading channel peer229.ipv4 for import
bird: 2026-07-27 20:05:38.971 [0000] <DBG> peer229.ipv4: reloading
bird: 2026-07-27 20:05:38.971 [0000] <INFO> Reloading channel peer229.ipv4 for export
bird: 2026-07-27 20:05:38.971 [0000] <INFO> Reloading channel peer230.ipv4 for import
bird: 2026-07-27 20:05:38.971 [0000] <DBG> peer230.ipv4: reloading
bird: 2026-07-27 20:05:38.971 [0000] <INFO> Reloading channel peer230.ipv4 for export
bird: 2026-07-27 20:05:38.971 [0000] <INFO> Reloading channel peer231.ipv4 for import
bird: 2026-07-27 20:05:38.971 [0000] <DBG> peer231.ipv4: reloading
bird: 2026-07-27 20:05:38.971 [0000] <INFO> Reloading channel peer231.ipv4 for export
bird: 2026-07-27 20:05:38.971 [0000] <INFO> Reloading channel peer232.ipv4 for import
bird: 2026-07-27 20:05:38.971 [0000] <DBG> peer232.ipv4: reloading
bird: 2026-07-27 20:05:38.971 [0000] <INFO> Reloading channel peer232.ipv4 for export
bird: 2026-07-27 20:05:38.971 [0000] <INFO> Reloading channel peer233.ipv4 for import
bird: 2026-07-27 20:05:38.971 [0000] <DBG> peer233.ipv4: reloading
bird: 2026-07-27 20:05:38.971 [0000] <INFO> Reloading channel peer233.ipv4 for export
bird: 2026-07-27 20:05:38.971 [0000] <INFO> Reloading channel peer234.ipv4 for import
bird: 2026-07-27 20:05:38.971 [0000] <DBG> peer234.ipv4: reloading
bird: 2026-07-27 20:05:38.971 [0000] <INFO> Reloading channel peer234.ipv4 for export
bird: 2026-07-27 20:05:38.971 [0000] <INFO> Reloading channel peer235.ipv4 for import
bird: 2026-07-27 20:05:38.971 [0000] <DBG> peer235.ipv4: reloading
bird: 2026-07-27 20:05:38.971 [0000] <INFO> Reloading channel peer235.ipv4 for export
bird: 2026-07-27 20:05:38.971 [0000] <INFO> Reloading channel peer236.ipv4 for import
bird: 2026-07-27 20:05:38.971 [0000] <DBG> peer236.ipv4: reloading
bird: 2026-07-27 20:05:38.971 [0000] <INFO> Reloading channel peer236.ipv4 for export
bird: 2026-07-27 20:05:38.971 [0000] <INFO> Reloading channel peer237.ipv4 for import
bird: 2026-07-27 20:05:38.971 [0000] <DBG> peer237.ipv4: reloading
bird: 2026-07-27 20:05:38.971 [0000] <INFO> Reloading channel peer237.ipv4 for export
bird: 2026-07-27 20:05:38.971 [0000] <INFO> Reloading channel peer238.ipv4 for import
bird: 2026-07-27 20:05:38.971 [0000] <DBG> peer238.ipv4: reloading
bird: 2026-07-27 20:05:38.971 [0000] <INFO> Reloading channel peer238.ipv4 for export
bird: 2026-07-27 20:05:38.971 [0000] <INFO> Reloading channel peer239.ipv4 for import
bird: 2026-07-27 20:05:38.971 [0000] <DBG> peer239.ipv4: reloading
bird: 2026-07-27 20:05:38.971 [0000] <INFO> Reloading channel peer239.ipv4 for export
bird: 2026-07-27 20:05:38.971 [0000] <INFO> Reloading channel peer240.ipv4 for import
bird: 2026-07-27 20:05:38.971 [0000] <DBG> peer240.ipv4: reloading
bird: 2026-07-27 20:05:38.971 [0000] <INFO> Reloading channel peer240.ipv4 for export
bird: 2026-07-27 20:05:38.971 [0000] <INFO> Reloading channel peer241.ipv4 for import
bird: 2026-07-27 20:05:38.971 [0000] <DBG> peer241.ipv4: reloading
bird: 2026-07-27 20:05:38.971 [0000] <INFO> Reloading channel peer241.ipv4 for export
bird: 2026-07-27 20:05:38.971 [0000] <INFO> Reloading channel peer242.ipv4 for import
bird: 2026-07-27 20:05:38.971 [0000] <DBG> peer242.ipv4: reloading
bird: 2026-07-27 20:05:38.971 [0000] <INFO> Reloading channel peer242.ipv4 for export
bird: 2026-07-27 20:05:38.971 [0000] <INFO> Reloading channel peer243.ipv4 for import
bird: 2026-07-27 20:05:38.971 [0000] <DBG> peer243.ipv4: reloading
bird: 2026-07-27 20:05:38.971 [0000] <INFO> Reloading channel peer243.ipv4 for export
bird: 2026-07-27 20:05:38.971 [0000] <INFO> Reloading channel peer244.ipv4 for import
bird: 2026-07-27 20:05:38.971 [0000] <DBG> peer244.ipv4: reloading
bird: 2026-07-27 20:05:38.971 [0000] <INFO> Reloading channel peer244.ipv4 for export
bird: 2026-07-27 20:05:38.971 [0000] <INFO> Reloading channel peer245.ipv4 for import
bird: 2026-07-27 20:05:38.971 [0000] <DBG> peer245.ipv4: reloading
bird: 2026-07-27 20:05:38.971 [0000] <INFO> Reloading channel peer245.ipv4 for export
bird: 2026-07-27 20:05:38.971 [0000] <INFO> Reloading channel peer246.ipv4 for import
bird: 2026-07-27 20:05:38.971 [0000] <DBG> peer246.ipv4: reloading
bird: 2026-07-27 20:05:38.971 [0000] <INFO> Reloading channel peer246.ipv4 for export
bird: 2026-07-27 20:05:38.971 [0000] <INFO> Reloading channel peer247.ipv4 for import
bird: 2026-07-27 20:05:38.971 [0000] <DBG> peer247.ipv4: reloading
bird: 2026-07-27 20:05:38.971 [0000] <INFO> Reloading channel peer247.ipv4 for export
bird: 2026-07-27 20:05:38.971 [0000] <INFO> Reloading channel peer248.ipv4 for import
bird: 2026-07-27 20:05:38.971 [0000] <DBG> peer248.ipv4: reloading
bird: 2026-07-27 20:05:38.971 [0000] <INFO> Reloading channel peer248.ipv4 for export
bird: 2026-07-27 20:05:38.971 [0000] <INFO> Reloading channel peer249.ipv4 for import
bird: 2026-07-27 20:05:38.971 [0000] <DBG> peer249.ipv4: reloading
bird: 2026-07-27 20:05:38.971 [0000] <INFO> Reloading channel peer249.ipv4 for export
bird: 2026-07-27 20:05:38.971 [0000] <INFO> Reloading channel peer250.ipv4 for import
bird: 2026-07-27 20:05:38.971 [0000] <DBG> peer250.ipv4: reloading
bird: 2026-07-27 20:05:38.971 [0000] <INFO> Reloading channel peer250.ipv4 for export
bird: 2026-07-27 20:05:38.971 [0000] <INFO> Reloading channel peer251.ipv4 for import
bird: 2026-07-27 20:05:38.971 [0000] <DBG> peer251.ipv4: reloading
bird: 2026-07-27 20:05:38.971 [0000] <INFO> Reloading channel peer251.ipv4 for export
bird: 2026-07-27 20:05:38.971 [0000] <INFO> Reloading channel peer252.ipv4 for import
bird: 2026-07-27 20:05:38.971 [0000] <DBG> peer252.ipv4: reloading
bird: 2026-07-27 20:05:38.971 [0000] <INFO> Reloading channel peer252.ipv4 for export
bird: 2026-07-27 20:05:38.971 [0000] <INFO> Reloading channel peer253.ipv4 for import
bird: 2026-07-27 20:05:38.971 [0000] <DBG> peer253.ipv4: reloading
bird: 2026-07-27 20:05:38.971 [0000] <INFO> Reloading channel peer253.ipv4 for export
bird: 2026-07-27 20:05:38.971 [0000] <INFO> Reloading channel peer254.ipv4 for import
bird: 2026-07-27 20:05:38.971 [0000] <DBG> peer254.ipv4: reloading
bird: 2026-07-27 20:05:38.971 [0000] <INFO> Reloading channel peer254.ipv4 for export
bird: 2026-07-27 20:05:38.971 [0000] <INFO> Reloading channel peer255.ipv4 for import
bird: 2026-07-27 20:05:38.981 [0000] <DBG> peer255.ipv4: reloading
bird: 2026-07-27 20:05:38.981 [0000] <INFO> Reloading channel peer255.ipv4 for export
bird: 2026-07-27 20:05:38.981 [0000] <INFO> Reloading channel peer256.ipv4 for import
bird: 2026-07-27 20:05:38.981 [0000] <DBG> peer256.ipv4: reloading
bird: 2026-07-27 20:05:38.981 [0000] <INFO> Reloading channel peer256.ipv4 for export
bird: 2026-07-27 20:05:38.981 [0000] <INFO> Reloading channel peer257.ipv4 for import
bird: 2026-07-27 20:05:38.981 [0000] <DBG> peer257.ipv4: reloading
bird: 2026-07-27 20:05:38.981 [0000] <INFO> Reloading channel peer257.ipv4 for export
bird: 2026-07-27 20:05:38.981 [0000] <INFO> Reloading channel peer258.ipv4 for import
bird: 2026-07-27 20:05:38.981 [0000] <DBG> peer258.ipv4: reloading
bird: 2026-07-27 20:05:38.981 [0000] <INFO> Reloading channel peer258.ipv4 for export
bird: 2026-07-27 20:05:38.981 [0000] <INFO> Reloading channel peer259.ipv4 for import
bird: 2026-07-27 20:05:38.981 [0000] <DBG> peer259.ipv4: reloading
bird: 2026-07-27 20:05:38.981 [0000] <INFO> Reloading channel peer259.ipv4 for export
bird: 2026-07-27 20:05:38.981 [0000] <INFO> Reloading channel peer260.ipv4 for import
bird: 2026-07-27 20:05:38.981 [0000] <DBG> peer260.ipv4: reloading
bird: 2026-07-27 20:05:38.981 [0000] <INFO> Reloading channel peer260.ipv4 for export
bird: 2026-07-27 20:05:38.982 [0000] <INFO> Reloading channel peer261.ipv4 for import
bird: 2026-07-27 20:05:38.982 [0000] <DBG> peer261.ipv4: reloading
bird: 2026-07-27 20:05:38.982 [0000] <INFO> Reloading channel peer261.ipv4 for export
bird: 2026-07-27 20:05:38.982 [0000] <INFO> Reloading channel peer262.ipv4 for import
bird: 2026-07-27 20:05:38.982 [0000] <DBG> peer262.ipv4: reloading
bird: 2026-07-27 20:05:38.982 [0000] <INFO> Reloading channel peer262.ipv4 for export
bird: 2026-07-27 20:05:38.982 [0000] <INFO> Reloading channel peer263.ipv4 for import
bird: 2026-07-27 20:05:38.982 [0000] <DBG> peer263.ipv4: reloading
bird: 2026-07-27 20:05:38.982 [0000] <INFO> Reloading channel peer263.ipv4 for export
bird: 2026-07-27 20:05:38.982 [0000] <INFO> Reloading channel peer264.ipv4 for import
bird: 2026-07-27 20:05:38.982 [0000] <DBG> peer264.ipv4: reloading
bird: 2026-07-27 20:05:38.982 [0000] <INFO> Reloading channel peer264.ipv4 for export
bird: 2026-07-27 20:05:38.982 [0000] <INFO> Reloading channel peer265.ipv4 for import
bird: 2026-07-27 20:05:38.982 [0000] <DBG> peer265.ipv4: reloading
bird: 2026-07-27 20:05:38.982 [0000] <INFO> Reloading channel peer265.ipv4 for export
bird: 2026-07-27 20:05:38.982 [0000] <INFO> Reloading channel peer266.ipv4 for import
bird: 2026-07-27 20:05:38.982 [0000] <DBG> peer266.ipv4: reloading
bird: 2026-07-27 20:05:38.982 [0000] <INFO> Reloading channel peer266.ipv4 for export
bird: 2026-07-27 20:05:38.982 [0000] <INFO> Reloading channel peer267.ipv4 for import
bird: 2026-07-27 20:05:38.982 [0000] <DBG> peer267.ipv4: reloading
bird: 2026-07-27 20:05:38.982 [0000] <INFO> Reloading channel peer267.ipv4 for export
bird: 2026-07-27 20:05:38.982 [0000] <INFO> Reloading channel peer268.ipv4 for import
bird: 2026-07-27 20:05:38.982 [0000] <DBG> peer268.ipv4: reloading
bird: 2026-07-27 20:05:38.982 [0000] <INFO> Reloading channel peer268.ipv4 for export
bird: 2026-07-27 20:05:38.982 [0000] <INFO> Reloading channel peer269.ipv4 for import
bird: 2026-07-27 20:05:38.982 [0000] <DBG> peer269.ipv4: reloading
bird: 2026-07-27 20:05:38.982 [0000] <INFO> Reloading channel peer269.ipv4 for export
bird: 2026-07-27 20:05:38.982 [0000] <INFO> Reloading channel peer270.ipv4 for import
bird: 2026-07-27 20:05:38.982 [0000] <DBG> peer270.ipv4: reloading
bird: 2026-07-27 20:05:38.982 [0000] <INFO> Reloading channel peer270.ipv4 for export
bird: 2026-07-27 20:05:38.982 [0000] <INFO> Reloading channel peer271.ipv4 for import
bird: 2026-07-27 20:05:38.982 [0000] <DBG> peer271.ipv4: reloading
bird: 2026-07-27 20:05:38.982 [0000] <INFO> Reloading channel peer271.ipv4 for export
bird: 2026-07-27 20:05:38.982 [0000] <INFO> Reloading channel peer272.ipv4 for import
bird: 2026-07-27 20:05:38.982 [0000] <DBG> peer272.ipv4: reloading
bird: 2026-07-27 20:05:38.982 [0000] <INFO> Reloading channel peer272.ipv4 for export
bird: 2026-07-27 20:05:38.982 [0000] <INFO> Reloading channel peer273.ipv4 for import
bird: 2026-07-27 20:05:38.982 [0000] <DBG> peer273.ipv4: reloading
bird: 2026-07-27 20:05:38.982 [0000] <INFO> Reloading channel peer273.ipv4 for export
bird: 2026-07-27 20:05:38.982 [0000] <INFO> Reloading channel peer274.ipv4 for import
bird: 2026-07-27 20:05:38.982 [0000] <DBG> peer274.ipv4: reloading
bird: 2026-07-27 20:05:38.982 [0000] <INFO> Reloading channel peer274.ipv4 for export
bird: 2026-07-27 20:05:38.982 [0000] <INFO> Reloading channel peer275.ipv4 for import
bird: 2026-07-27 20:05:38.982 [0000] <DBG> peer275.ipv4: reloading
bird: 2026-07-27 20:05:38.982 [0000] <INFO> Reloading channel peer275.ipv4 for export
bird: 2026-07-27 20:05:38.982 [0000] <INFO> Reloading channel peer276.ipv4 for import
bird: 2026-07-27 20:05:38.982 [0000] <DBG> peer276.ipv4: reloading
bird: 2026-07-27 20:05:38.982 [0000] <INFO> Reloading channel peer276.ipv4 for export
bird: 2026-07-27 20:05:38.982 [0000] <INFO> Reloading channel peer277.ipv4 for import
bird: 2026-07-27 20:05:38.982 [0000] <DBG> peer277.ipv4: reloading
bird: 2026-07-27 20:05:38.982 [0000] <INFO> Reloading channel peer277.ipv4 for export
bird: 2026-07-27 20:05:38.982 [0000] <INFO> Reloading channel peer278.ipv4 for import
bird: 2026-07-27 20:05:38.982 [0000] <DBG> peer278.ipv4: reloading
bird: 2026-07-27 20:05:38.982 [0000] <INFO> Reloading channel peer278.ipv4 for export
bird: 2026-07-27 20:05:38.982 [0000] <INFO> Reloading channel peer279.ipv4 for import
bird: 2026-07-27 20:05:38.982 [0000] <DBG> peer279.ipv4: reloading
bird: 2026-07-27 20:05:38.982 [0000] <INFO> Reloading channel peer279.ipv4 for export
bird: 2026-07-27 20:05:38.982 [0000] <INFO> Reloading channel peer280.ipv4 for import
bird: 2026-07-27 20:05:38.982 [0000] <DBG> peer280.ipv4: reloading
bird: 2026-07-27 20:05:38.982 [0000] <INFO> Reloading channel peer280.ipv4 for export
bird: 2026-07-27 20:05:38.982 [0000] <INFO> Reloading channel peer281.ipv4 for import
bird: 2026-07-27 20:05:38.982 [0000] <DBG> peer281.ipv4: reloading
bird: 2026-07-27 20:05:38.982 [0000] <INFO> Reloading channel peer281.ipv4 for export
bird: 2026-07-27 20:05:38.982 [0000] <INFO> Reloading channel peer282.ipv4 for import
bird: 2026-07-27 20:05:38.982 [0000] <DBG> peer282.ipv4: reloading
bird: 2026-07-27 20:05:38.982 [0000] <INFO> Reloading channel peer282.ipv4 for export
bird: 2026-07-27 20:05:38.982 [0000] <INFO> Reloading channel peer283.ipv4 for import
bird: 2026-07-27 20:05:38.982 [0000] <DBG> peer283.ipv4: reloading
bird: 2026-07-27 20:05:38.982 [0000] <INFO> Reloading channel peer283.ipv4 for export
bird: 2026-07-27 20:05:38.982 [0000] <INFO> Reloading channel peer284.ipv4 for import
bird: 2026-07-27 20:05:38.982 [0000] <DBG> peer284.ipv4: reloading
bird: 2026-07-27 20:05:38.982 [0000] <INFO> Reloading channel peer284.ipv4 for export
bird: 2026-07-27 20:05:38.982 [0000] <INFO> Reloading channel peer285.ipv4 for import
bird: 2026-07-27 20:05:38.982 [0000] <DBG> peer285.ipv4: reloading
bird: 2026-07-27 20:05:38.982 [0000] <INFO> Reloading channel peer285.ipv4 for export
bird: 2026-07-27 20:05:38.982 [0000] <INFO> Reloading channel peer286.ipv4 for import
bird: 2026-07-27 20:05:38.982 [0000] <DBG> peer286.ipv4: reloading
bird: 2026-07-27 20:05:38.982 [0000] <INFO> Reloading channel peer286.ipv4 for export
bird: 2026-07-27 20:05:38.982 [0000] <INFO> Reloading channel peer287.ipv4 for import
bird: 2026-07-27 20:05:38.982 [0000] <DBG> peer287.ipv4: reloading
bird: 2026-07-27 20:05:38.982 [0000] <INFO> Reloading channel peer287.ipv4 for export
bird: 2026-07-27 20:05:38.982 [0000] <INFO> Reloading channel peer288.ipv4 for import
bird: 2026-07-27 20:05:38.982 [0000] <DBG> peer288.ipv4: reloading
bird: 2026-07-27 20:05:38.982 [0000] <INFO> Reloading channel peer288.ipv4 for export
bird: 2026-07-27 20:05:38.982 [0000] <INFO> Reloading channel peer289.ipv4 for import
bird: 2026-07-27 20:05:38.982 [0000] <DBG> peer289.ipv4: reloading
bird: 2026-07-27 20:05:38.982 [0000] <INFO> Reloading channel peer289.ipv4 for export
bird: 2026-07-27 20:05:38.982 [0000] <INFO> Reloading channel peer290.ipv4 for import
bird: 2026-07-27 20:05:38.982 [0000] <DBG> peer290.ipv4: reloading
bird: 2026-07-27 20:05:38.982 [0000] <INFO> Reloading channel peer290.ipv4 for export
bird: 2026-07-27 20:05:38.982 [0000] <INFO> Reloading channel peer291.ipv4 for import
bird: 2026-07-27 20:05:38.982 [0000] <DBG> peer291.ipv4: reloading
bird: 2026-07-27 20:05:38.982 [0000] <INFO> Reloading channel peer291.ipv4 for export
bird: 2026-07-27 20:05:38.982 [0000] <INFO> Reloading channel peer292.ipv4 for import
bird: 2026-07-27 20:05:38.982 [0000] <DBG> peer292.ipv4: reloading
bird: 2026-07-27 20:05:38.982 [0000] <INFO> Reloading channel peer292.ipv4 for export
bird: 2026-07-27 20:05:38.982 [0000] <INFO> Reloading channel peer293.ipv4 for import
bird: 2026-07-27 20:05:38.982 [0000] <DBG> peer293.ipv4: reloading
bird: 2026-07-27 20:05:38.982 [0000] <INFO> Reloading channel peer293.ipv4 for export
bird: 2026-07-27 20:05:38.982 [0000] <INFO> Reloading channel peer294.ipv4 for import
bird: 2026-07-27 20:05:38.982 [0000] <DBG> peer294.ipv4: reloading
bird: 2026-07-27 20:05:38.982 [0000] <INFO> Reloading channel peer294.ipv4 for export
bird: 2026-07-27 20:05:38.982 [0000] <INFO> Reloading channel peer295.ipv4 for import
bird: 2026-07-27 20:05:38.982 [0000] <DBG> peer295.ipv4: reloading
bird: 2026-07-27 20:05:38.982 [0000] <INFO> Reloading channel peer295.ipv4 for export
bird: 2026-07-27 20:05:38.982 [0000] <INFO> Reloading channel peer296.ipv4 for import
bird: 2026-07-27 20:05:38.982 [0000] <DBG> peer296.ipv4: reloading
bird: 2026-07-27 20:05:38.982 [0000] <INFO> Reloading channel peer296.ipv4 for export
bird: 2026-07-27 20:05:38.982 [0000] <INFO> Reloading channel peer297.ipv4 for import
bird: 2026-07-27 20:05:38.982 [0000] <DBG> peer297.ipv4: reloading
bird: 2026-07-27 20:05:38.982 [0000] <INFO> Reloading channel peer297.ipv4 for export
bird: 2026-07-27 20:05:38.982 [0000] <INFO> Reloading channel peer298.ipv4 for import
bird: 2026-07-27 20:05:38.982 [0000] <DBG> peer298.ipv4: reloading
bird: 2026-07-27 20:05:38.982 [0000] <INFO> Reloading channel peer298.ipv4 for export
bird: 2026-07-27 20:05:38.982 [0000] <INFO> Reloading channel peer299.ipv4 for import
bird: 2026-07-27 20:05:38.982 [0000] <DBG> peer299.ipv4: reloading
bird: 2026-07-27 20:05:38.982 [0000] <INFO> Reloading channel peer299.ipv4 for export
bird: 2026-07-27 20:05:38.982 [0000] <INFO> Reloading channel peer300.ipv4 for import
bird: 2026-07-27 20:05:38.982 [0000] <DBG> peer300.ipv4: reloading
bird: 2026-07-27 20:05:38.982 [0000] <INFO> Reloading channel peer300.ipv4 for export
bird: 2026-07-27 20:05:38.982 [0000] <INFO> Reloading channel peer301.ipv4 for import
bird: 2026-07-27 20:05:38.982 [0000] <DBG> peer301.ipv4: reloading
bird: 2026-07-27 20:05:38.982 [0000] <INFO> Reloading channel peer301.ipv4 for export
bird: 2026-07-27 20:05:38.982 [0000] <INFO> Reloading channel peer302.ipv4 for import
bird: 2026-07-27 20:05:38.982 [0000] <DBG> peer302.ipv4: reloading
bird: 2026-07-27 20:05:38.982 [0000] <INFO> Reloading channel peer302.ipv4 for export
bird: 2026-07-27 20:05:38.982 [0000] <INFO> Reloading channel peer303.ipv4 for import
bird: 2026-07-27 20:05:38.982 [0000] <DBG> peer303.ipv4: reloading
bird: 2026-07-27 20:05:38.982 [0000] <INFO> Reloading channel peer303.ipv4 for export
bird: 2026-07-27 20:05:38.982 [0000] <INFO> Reloading channel peer304.ipv4 for import
bird: 2026-07-27 20:05:38.982 [0000] <DBG> peer304.ipv4: reloading
bird: 2026-07-27 20:05:38.982 [0000] <INFO> Reloading channel peer304.ipv4 for export
bird: 2026-07-27 20:05:38.982 [0000] <INFO> Reloading channel peer305.ipv4 for import
bird: 2026-07-27 20:05:38.982 [0000] <DBG> peer305.ipv4: reloading
bird: 2026-07-27 20:05:38.982 [0000] <INFO> Reloading channel peer305.ipv4 for export
bird: 2026-07-27 20:05:38.982 [0000] <INFO> Reloading channel peer306.ipv4 for import
bird: 2026-07-27 20:05:38.982 [0000] <DBG> peer306.ipv4: reloading
bird: 2026-07-27 20:05:38.982 [0000] <INFO> Reloading channel peer306.ipv4 for export
bird: 2026-07-27 20:05:38.982 [0000] <INFO> Reloading channel peer307.ipv4 for import
bird: 2026-07-27 20:05:38.982 [0000] <DBG> peer307.ipv4: reloading
bird: 2026-07-27 20:05:38.982 [0000] <INFO> Reloading channel peer307.ipv4 for export
bird: 2026-07-27 20:05:38.982 [0000] <INFO> Reloading channel peer308.ipv4 for import
bird: 2026-07-27 20:05:38.982 [0000] <DBG> peer308.ipv4: reloading
bird: 2026-07-27 20:05:38.982 [0000] <INFO> Reloading channel peer308.ipv4 for export
bird: 2026-07-27 20:05:38.982 [0000] <INFO> Reloading channel peer309.ipv4 for import
bird: 2026-07-27 20:05:38.982 [0000] <DBG> peer309.ipv4: reloading
bird: 2026-07-27 20:05:38.982 [0000] <INFO> Reloading channel peer309.ipv4 for export
bird: 2026-07-27 20:05:38.982 [0000] <INFO> Reloading channel peer310.ipv4 for import
bird: 2026-07-27 20:05:38.982 [0000] <DBG> peer310.ipv4: reloading
bird: 2026-07-27 20:05:38.982 [0000] <INFO> Reloading channel peer310.ipv4 for export
bird: 2026-07-27 20:05:38.982 [0000] <INFO> Reloading channel peer311.ipv4 for import
bird: 2026-07-27 20:05:38.982 [0000] <DBG> peer311.ipv4: reloading
bird: 2026-07-27 20:05:38.982 [0000] <INFO> Reloading channel peer311.ipv4 for export
bird: 2026-07-27 20:05:38.982 [0000] <INFO> Reloading channel peer312.ipv4 for import
bird: 2026-07-27 20:05:38.982 [0000] <DBG> peer312.ipv4: reloading
bird: 2026-07-27 20:05:38.982 [0000] <INFO> Reloading channel peer312.ipv4 for export
bird: 2026-07-27 20:05:38.982 [0000] <INFO> Reloading channel peer313.ipv4 for import
bird: 2026-07-27 20:05:38.982 [0000] <DBG> peer313.ipv4: reloading
bird: 2026-07-27 20:05:38.982 [0000] <INFO> Reloading channel peer313.ipv4 for export
bird: 2026-07-27 20:05:38.982 [0000] <INFO> Reloading channel peer314.ipv4 for import
bird: 2026-07-27 20:05:38.982 [0000] <DBG> peer314.ipv4: reloading
bird: 2026-07-27 20:05:38.982 [0000] <INFO> Reloading channel peer314.ipv4 for export
bird: 2026-07-27 20:05:38.982 [0000] <INFO> Reloading channel peer315.ipv4 for import
bird: 2026-07-27 20:05:38.982 [0000] <DBG> peer315.ipv4: reloading
bird: 2026-07-27 20:05:38.982 [0000] <INFO> Reloading channel peer315.ipv4 for export
bird: 2026-07-27 20:05:38.982 [0000] <INFO> Reloading channel peer316.ipv4 for import
bird: 2026-07-27 20:05:38.982 [0000] <DBG> peer316.ipv4: reloading
bird: 2026-07-27 20:05:38.982 [0000] <INFO> Reloading channel peer316.ipv4 for export
bird: 2026-07-27 20:05:38.982 [0000] <INFO> Reloading channel peer317.ipv4 for import
bird: 2026-07-27 20:05:38.982 [0000] <DBG> peer317.ipv4: reloading
bird: 2026-07-27 20:05:38.982 [0000] <INFO> Reloading channel peer317.ipv4 for export
bird: 2026-07-27 20:05:38.982 [0000] <INFO> Reloading channel peer318.ipv4 for import
bird: 2026-07-27 20:05:38.982 [0000] <DBG> peer318.ipv4: reloading
bird: 2026-07-27 20:05:38.982 [0000] <INFO> Reloading channel peer318.ipv4 for export
bird: 2026-07-27 20:05:38.982 [0000] <INFO> Reloading channel peer319.ipv4 for import
bird: 2026-07-27 20:05:38.982 [0000] <DBG> peer319.ipv4: reloading
bird: 2026-07-27 20:05:38.982 [0000] <INFO> Reloading channel peer319.ipv4 for export
bird: 2026-07-27 20:05:38.982 [0000] <INFO> Reloading channel peer320.ipv4 for import
bird: 2026-07-27 20:05:38.982 [0000] <DBG> peer320.ipv4: reloading
bird: 2026-07-27 20:05:38.982 [0000] <INFO> Reloading channel peer320.ipv4 for export
bird: 2026-07-27 20:05:38.982 [0000] <INFO> Reloading channel peer321.ipv4 for import
bird: 2026-07-27 20:05:38.982 [0000] <DBG> peer321.ipv4: reloading
bird: 2026-07-27 20:05:38.982 [0000] <INFO> Reloading channel peer321.ipv4 for export
bird: 2026-07-27 20:05:38.982 [0000] <INFO> Reloading channel peer322.ipv4 for import
bird: 2026-07-27 20:05:38.982 [0000] <DBG> peer322.ipv4: reloading
bird: 2026-07-27 20:05:38.982 [0000] <INFO> Reloading channel peer322.ipv4 for export
bird: 2026-07-27 20:05:38.982 [0000] <INFO> Reloading channel peer323.ipv4 for import
bird: 2026-07-27 20:05:38.982 [0000] <DBG> peer323.ipv4: reloading
bird: 2026-07-27 20:05:38.982 [0000] <INFO> Reloading channel peer323.ipv4 for export
bird: 2026-07-27 20:05:38.982 [0000] <INFO> Reloading channel peer324.ipv4 for import
bird: 2026-07-27 20:05:38.982 [0000] <DBG> peer324.ipv4: reloading
bird: 2026-07-27 20:05:38.982 [0000] <INFO> Reloading channel peer324.ipv4 for export
bird: 2026-07-27 20:05:38.982 [0000] <INFO> Reloading channel peer325.ipv4 for import
bird: 2026-07-27 20:05:38.982 [0000] <DBG> peer325.ipv4: reloading
bird: 2026-07-27 20:05:38.982 [0000] <INFO> Reloading channel peer325.ipv4 for export
bird: 2026-07-27 20:05:38.982 [0000] <INFO> Reloading channel peer326.ipv4 for import
bird: 2026-07-27 20:05:38.982 [0000] <DBG> peer326.ipv4: reloading
bird: 2026-07-27 20:05:38.982 [0000] <INFO> Reloading channel peer326.ipv4 for export
bird: 2026-07-27 20:05:38.982 [0000] <INFO> Reloading channel peer327.ipv4 for import
bird: 2026-07-27 20:05:38.982 [0000] <DBG> peer327.ipv4: reloading
bird: 2026-07-27 20:05:38.982 [0000] <INFO> Reloading channel peer327.ipv4 for export
bird: 2026-07-27 20:05:38.982 [0000] <INFO> Reloading channel peer328.ipv4 for import
bird: 2026-07-27 20:05:38.982 [0000] <DBG> peer328.ipv4: reloading
bird: 2026-07-27 20:05:38.982 [0000] <INFO> Reloading channel peer328.ipv4 for export
bird: 2026-07-27 20:05:38.982 [0000] <INFO> Reloading channel peer329.ipv4 for import
bird: 2026-07-27 20:05:38.982 [0000] <DBG> peer329.ipv4: reloading
bird: 2026-07-27 20:05:38.982 [0000] <INFO> Reloading channel peer329.ipv4 for export
bird: 2026-07-27 20:05:38.982 [0000] <INFO> Reloading channel peer330.ipv4 for import
bird: 2026-07-27 20:05:38.982 [0000] <DBG> peer330.ipv4: reloading
bird: 2026-07-27 20:05:38.982 [0000] <INFO> Reloading channel peer330.ipv4 for export
bird: 2026-07-27 20:05:38.982 [0000] <INFO> Reloading channel peer331.ipv4 for import
bird: 2026-07-27 20:05:38.982 [0000] <DBG> peer331.ipv4: reloading
bird: 2026-07-27 20:05:38.982 [0000] <INFO> Reloading channel peer331.ipv4 for export
bird: 2026-07-27 20:05:38.982 [0000] <INFO> Reloading channel peer332.ipv4 for import
bird: 2026-07-27 20:05:38.982 [0000] <DBG> peer332.ipv4: reloading
bird: 2026-07-27 20:05:38.982 [0000] <INFO> Reloading channel peer332.ipv4 for export
bird: 2026-07-27 20:05:38.982 [0000] <INFO> Reloading channel peer333.ipv4 for import
bird: 2026-07-27 20:05:38.982 [0000] <DBG> peer333.ipv4: reloading
bird: 2026-07-27 20:05:38.982 [0000] <INFO> Reloading channel peer333.ipv4 for export
bird: 2026-07-27 20:05:38.982 [0000] <INFO> Reloading channel peer334.ipv4 for import
bird: 2026-07-27 20:05:38.982 [0000] <DBG> peer334.ipv4: reloading
bird: 2026-07-27 20:05:38.982 [0000] <INFO> Reloading channel peer334.ipv4 for export
bird: 2026-07-27 20:05:38.982 [0000] <INFO> Reloading channel peer335.ipv4 for import
bird: 2026-07-27 20:05:38.982 [0000] <DBG> peer335.ipv4: reloading
bird: 2026-07-27 20:05:38.982 [0000] <INFO> Reloading channel peer335.ipv4 for export
bird: 2026-07-27 20:05:38.982 [0000] <INFO> Reloading channel peer336.ipv4 for import
bird: 2026-07-27 20:05:38.982 [0000] <DBG> peer336.ipv4: reloading
bird: 2026-07-27 20:05:38.982 [0000] <INFO> Reloading channel peer336.ipv4 for export
bird: 2026-07-27 20:05:38.982 [0000] <INFO> Reloading channel peer337.ipv4 for import
bird: 2026-07-27 20:05:38.982 [0000] <DBG> peer337.ipv4: reloading
bird: 2026-07-27 20:05:38.982 [0000] <INFO> Reloading channel peer337.ipv4 for export
bird: 2026-07-27 20:05:38.982 [0000] <INFO> Reloading channel peer338.ipv4 for import
bird: 2026-07-27 20:05:38.982 [0000] <DBG> peer338.ipv4: reloading
bird: 2026-07-27 20:05:38.982 [0000] <INFO> Reloading channel peer338.ipv4 for export
bird: 2026-07-27 20:05:38.982 [0000] <INFO> Reloading channel peer339.ipv4 for import
bird: 2026-07-27 20:05:38.982 [0000] <DBG> peer339.ipv4: reloading
bird: 2026-07-27 20:05:38.982 [0000] <INFO> Reloading channel peer339.ipv4 for export
bird: 2026-07-27 20:05:38.982 [0000] <INFO> Reloading channel peer340.ipv4 for import
bird: 2026-07-27 20:05:38.982 [0000] <DBG> peer340.ipv4: reloading
bird: 2026-07-27 20:05:38.982 [0000] <INFO> Reloading channel peer340.ipv4 for export
bird: 2026-07-27 20:05:38.982 [0000] <INFO> Reloading channel peer341.ipv4 for import
bird: 2026-07-27 20:05:38.982 [0000] <DBG> peer341.ipv4: reloading
bird: 2026-07-27 20:05:38.982 [0000] <INFO> Reloading channel peer341.ipv4 for export
bird: 2026-07-27 20:05:38.982 [0000] <INFO> Reloading channel peer342.ipv4 for import
bird: 2026-07-27 20:05:38.982 [0000] <DBG> peer342.ipv4: reloading
bird: 2026-07-27 20:05:38.982 [0000] <INFO> Reloading channel peer342.ipv4 for export
bird: 2026-07-27 20:05:38.982 [0000] <INFO> Reloading channel peer343.ipv4 for import
bird: 2026-07-27 20:05:38.982 [0000] <DBG> peer343.ipv4: reloading
bird: 2026-07-27 20:05:38.982 [0000] <INFO> Reloading channel peer343.ipv4 for export
bird: 2026-07-27 20:05:38.982 [0000] <INFO> Reloading channel peer344.ipv4 for import
bird: 2026-07-27 20:05:38.982 [0000] <DBG> peer344.ipv4: reloading
bird: 2026-07-27 20:05:38.982 [0000] <INFO> Reloading channel peer344.ipv4 for export
bird: 2026-07-27 20:05:38.982 [0000] <INFO> Reloading channel peer345.ipv4 for import
bird: 2026-07-27 20:05:38.982 [0000] <DBG> peer345.ipv4: reloading
bird: 2026-07-27 20:05:38.982 [0000] <INFO> Reloading channel peer345.ipv4 for export
bird: 2026-07-27 20:05:38.982 [0000] <INFO> Reloading channel peer346.ipv4 for import
bird: 2026-07-27 20:05:38.982 [0000] <DBG> peer346.ipv4: reloading
bird: 2026-07-27 20:05:38.982 [0000] <INFO> Reloading channel peer346.ipv4 for export
bird: 2026-07-27 20:05:38.982 [0000] <INFO> Reloading channel peer347.ipv4 for import
bird: 2026-07-27 20:05:38.982 [0000] <DBG> peer347.ipv4: reloading
bird: 2026-07-27 20:05:38.982 [0000] <INFO> Reloading channel peer347.ipv4 for export
bird: 2026-07-27 20:05:38.982 [0000] <INFO> Reloading channel peer348.ipv4 for import
bird: 2026-07-27 20:05:38.982 [0000] <DBG> peer348.ipv4: reloading
bird: 2026-07-27 20:05:38.982 [0000] <INFO> Reloading channel peer348.ipv4 for export
bird: 2026-07-27 20:05:38.982 [0000] <INFO> Reloading channel peer349.ipv4 for import
bird: 2026-07-27 20:05:38.982 [0000] <DBG> peer349.ipv4: reloading
bird: 2026-07-27 20:05:38.982 [0000] <INFO> Reloading channel peer349.ipv4 for export
bird: 2026-07-27 20:05:38.982 [0000] <INFO> Reloading channel peer350.ipv4 for import
bird: 2026-07-27 20:05:38.982 [0000] <DBG> peer350.ipv4: reloading
bird: 2026-07-27 20:05:38.982 [0000] <INFO> Reloading channel peer350.ipv4 for export
bird: 2026-07-27 20:05:38.982 [0000] <INFO> Reloading channel peer351.ipv4 for import
bird: 2026-07-27 20:05:38.982 [0000] <DBG> peer351.ipv4: reloading
bird: 2026-07-27 20:05:38.982 [0000] <INFO> Reloading channel peer351.ipv4 for export
bird: 2026-07-27 20:05:38.982 [0000] <INFO> Reloading channel peer352.ipv4 for import
bird: 2026-07-27 20:05:38.982 [0000] <DBG> peer352.ipv4: reloading
bird: 2026-07-27 20:05:38.982 [0000] <INFO> Reloading channel peer352.ipv4 for export
bird: 2026-07-27 20:05:38.982 [0000] <INFO> Reloading channel peer353.ipv4 for import
bird: 2026-07-27 20:05:38.982 [0000] <DBG> peer353.ipv4: reloading
bird: 2026-07-27 20:05:38.982 [0000] <INFO> Reloading channel peer353.ipv4 for export
bird: 2026-07-27 20:05:38.982 [0000] <INFO> Reloading channel peer354.ipv4 for import
bird: 2026-07-27 20:05:38.982 [0000] <DBG> peer354.ipv4: reloading
bird: 2026-07-27 20:05:38.982 [0000] <INFO> Reloading channel peer354.ipv4 for export
bird: 2026-07-27 20:05:38.982 [0000] <INFO> Reloading channel peer355.ipv4 for import
bird: 2026-07-27 20:05:38.982 [0000] <DBG> peer355.ipv4: reloading
bird: 2026-07-27 20:05:38.982 [0000] <INFO> Reloading channel peer355.ipv4 for export
bird: 2026-07-27 20:05:38.982 [0000] <INFO> Reloading channel peer356.ipv4 for import
bird: 2026-07-27 20:05:38.982 [0000] <DBG> peer356.ipv4: reloading
bird: 2026-07-27 20:05:38.982 [0000] <INFO> Reloading channel peer356.ipv4 for export
bird: 2026-07-27 20:05:38.982 [0000] <INFO> Reloading channel peer357.ipv4 for import
bird: 2026-07-27 20:05:38.982 [0000] <DBG> peer357.ipv4: reloading
bird: 2026-07-27 20:05:38.982 [0000] <INFO> Reloading channel peer357.ipv4 for export
bird: 2026-07-27 20:05:38.982 [0000] <INFO> Reloading channel peer358.ipv4 for import
bird: 2026-07-27 20:05:38.982 [0000] <DBG> peer358.ipv4: reloading
bird: 2026-07-27 20:05:38.982 [0000] <INFO> Reloading channel peer358.ipv4 for export
bird: 2026-07-27 20:05:38.982 [0000] <INFO> Reloading channel peer359.ipv4 for import
bird: 2026-07-27 20:05:38.982 [0000] <DBG> peer359.ipv4: reloading
bird: 2026-07-27 20:05:38.982 [0000] <INFO> Reloading channel peer359.ipv4 for export
bird: 2026-07-27 20:05:38.982 [0000] <INFO> Reloading channel peer360.ipv4 for import
bird: 2026-07-27 20:05:38.982 [0000] <DBG> peer360.ipv4: reloading
bird: 2026-07-27 20:05:38.982 [0000] <INFO> Reloading channel peer360.ipv4 for export
bird: 2026-07-27 20:05:38.982 [0000] <INFO> Reloading channel peer361.ipv4 for import
bird: 2026-07-27 20:05:38.982 [0000] <DBG> peer361.ipv4: reloading
bird: 2026-07-27 20:05:38.982 [0000] <INFO> Reloading channel peer361.ipv4 for export
bird: 2026-07-27 20:05:38.982 [0000] <INFO> Reloading channel peer362.ipv4 for import
bird: 2026-07-27 20:05:38.982 [0000] <DBG> peer362.ipv4: reloading
bird: 2026-07-27 20:05:38.982 [0000] <INFO> Reloading channel peer362.ipv4 for export
bird: 2026-07-27 20:05:38.982 [0000] <INFO> Reloading channel peer363.ipv4 for import
bird: 2026-07-27 20:05:38.982 [0000] <DBG> peer363.ipv4: reloading
bird: 2026-07-27 20:05:38.982 [0000] <INFO> Reloading channel peer363.ipv4 for export
bird: 2026-07-27 20:05:38.982 [0000] <INFO> Reloading channel peer364.ipv4 for import
bird: 2026-07-27 20:05:38.982 [0000] <DBG> peer364.ipv4: reloading
bird: 2026-07-27 20:05:38.982 [0000] <INFO> Reloading channel peer364.ipv4 for export
bird: 2026-07-27 20:05:38.982 [0000] <INFO> Reloading channel peer365.ipv4 for import
bird: 2026-07-27 20:05:38.982 [0000] <DBG> peer365.ipv4: reloading
bird: 2026-07-27 20:05:38.982 [0000] <INFO> Reloading channel peer365.ipv4 for export
bird: 2026-07-27 20:05:38.982 [0000] <INFO> Reloading channel peer366.ipv4 for import
bird: 2026-07-27 20:05:38.982 [0000] <DBG> peer366.ipv4: reloading
bird: 2026-07-27 20:05:38.982 [0000] <INFO> Reloading channel peer366.ipv4 for export
bird: 2026-07-27 20:05:38.982 [0000] <INFO> Reloading channel peer367.ipv4 for import
bird: 2026-07-27 20:05:38.982 [0000] <DBG> peer367.ipv4: reloading
bird: 2026-07-27 20:05:38.982 [0000] <INFO> Reloading channel peer367.ipv4 for export
bird: 2026-07-27 20:05:38.982 [0000] <INFO> Reloading channel peer368.ipv4 for import
bird: 2026-07-27 20:05:38.982 [0000] <DBG> peer368.ipv4: reloading
bird: 2026-07-27 20:05:38.982 [0000] <INFO> Reloading channel peer368.ipv4 for export
bird: 2026-07-27 20:05:38.982 [0000] <INFO> Reloading channel peer369.ipv4 for import
bird: 2026-07-27 20:05:38.982 [0000] <DBG> peer369.ipv4: reloading
bird: 2026-07-27 20:05:38.982 [0000] <INFO> Reloading channel peer369.ipv4 for export
bird: 2026-07-27 20:05:38.982 [0000] <INFO> Reloading channel peer370.ipv4 for import
bird: 2026-07-27 20:05:38.982 [0000] <DBG> peer370.ipv4: reloading
bird: 2026-07-27 20:05:38.982 [0000] <INFO> Reloading channel peer370.ipv4 for export
bird: 2026-07-27 20:05:38.982 [0000] <INFO> Reloading channel peer371.ipv4 for import
bird: 2026-07-27 20:05:38.982 [0000] <DBG> peer371.ipv4: reloading
bird: 2026-07-27 20:05:38.982 [0000] <INFO> Reloading channel peer371.ipv4 for export
bird: 2026-07-27 20:05:38.982 [0000] <INFO> Reloading channel peer372.ipv4 for import
bird: 2026-07-27 20:05:38.982 [0000] <DBG> peer372.ipv4: reloading
bird: 2026-07-27 20:05:38.982 [0000] <INFO> Reloading channel peer372.ipv4 for export
bird: 2026-07-27 20:05:38.982 [0000] <INFO> Reloading channel peer373.ipv4 for import
bird: 2026-07-27 20:05:38.982 [0000] <DBG> peer373.ipv4: reloading
bird: 2026-07-27 20:05:38.982 [0000] <INFO> Reloading channel peer373.ipv4 for export
bird: 2026-07-27 20:05:38.982 [0000] <INFO> Reloading channel peer374.ipv4 for import
bird: 2026-07-27 20:05:38.982 [0000] <DBG> peer374.ipv4: reloading
bird: 2026-07-27 20:05:38.982 [0000] <INFO> Reloading channel peer374.ipv4 for export
bird: 2026-07-27 20:05:38.982 [0000] <INFO> Reloading channel peer375.ipv4 for import
bird: 2026-07-27 20:05:38.982 [0000] <DBG> peer375.ipv4: reloading
bird: 2026-07-27 20:05:38.982 [0000] <INFO> Reloading channel peer375.ipv4 for export
bird: 2026-07-27 20:05:38.982 [0000] <INFO> Reloading channel peer376.ipv4 for import
bird: 2026-07-27 20:05:38.982 [0000] <DBG> peer376.ipv4: reloading
bird: 2026-07-27 20:05:38.982 [0000] <INFO> Reloading channel peer376.ipv4 for export
bird: 2026-07-27 20:05:38.982 [0000] <INFO> Reloading channel peer377.ipv4 for import
bird: 2026-07-27 20:05:38.982 [0000] <DBG> peer377.ipv4: reloading
bird: 2026-07-27 20:05:38.982 [0000] <INFO> Reloading channel peer377.ipv4 for export
bird: 2026-07-27 20:05:38.982 [0000] <INFO> Reloading channel peer378.ipv4 for import
bird: 2026-07-27 20:05:38.982 [0000] <DBG> peer378.ipv4: reloading
bird: 2026-07-27 20:05:38.982 [0000] <INFO> Reloading channel peer378.ipv4 for export
bird: 2026-07-27 20:05:38.982 [0000] <INFO> Reloading channel peer379.ipv4 for import
bird: 2026-07-27 20:05:38.982 [0000] <DBG> peer379.ipv4: reloading
bird: 2026-07-27 20:05:38.982 [0000] <INFO> Reloading channel peer379.ipv4 for export
bird: 2026-07-27 20:05:38.982 [0000] <INFO> Reloading channel peer380.ipv4 for import
bird: 2026-07-27 20:05:38.982 [0000] <DBG> peer380.ipv4: reloading
bird: 2026-07-27 20:05:38.982 [0000] <INFO> Reloading channel peer380.ipv4 for export
bird: 2026-07-27 20:05:38.982 [0000] <INFO> Reloading channel peer381.ipv4 for import
bird: 2026-07-27 20:05:38.982 [0000] <DBG> peer381.ipv4: reloading
bird: 2026-07-27 20:05:38.982 [0000] <INFO> Reloading channel peer381.ipv4 for export
bird: 2026-07-27 20:05:38.982 [0000] <INFO> Reloading channel peer382.ipv4 for import
bird: 2026-07-27 20:05:38.982 [0000] <DBG> peer382.ipv4: reloading
bird: 2026-07-27 20:05:38.982 [0000] <INFO> Reloading channel peer382.ipv4 for export
bird: 2026-07-27 20:05:38.982 [0000] <INFO> Reloading channel peer383.ipv4 for import
bird: 2026-07-27 20:05:38.982 [0000] <DBG> peer383.ipv4: reloading
bird: 2026-07-27 20:05:38.982 [0000] <INFO> Reloading channel peer383.ipv4 for export
bird: 2026-07-27 20:05:38.982 [0000] <INFO> Reloading channel peer384.ipv4 for import
bird: 2026-07-27 20:05:38.982 [0000] <DBG> peer384.ipv4: reloading
bird: 2026-07-27 20:05:38.982 [0000] <INFO> Reloading channel peer384.ipv4 for export
bird: 2026-07-27 20:05:38.982 [0000] <INFO> Reloading channel peer385.ipv4 for import
bird: 2026-07-27 20:05:38.982 [0000] <DBG> peer385.ipv4: reloading
bird: 2026-07-27 20:05:38.982 [0000] <INFO> Reloading channel peer385.ipv4 for export
bird: 2026-07-27 20:05:38.982 [0000] <INFO> Reloading channel peer386.ipv4 for import
bird: 2026-07-27 20:05:38.982 [0000] <DBG> peer386.ipv4: reloading
bird: 2026-07-27 20:05:38.982 [0000] <INFO> Reloading channel peer386.ipv4 for export
bird: 2026-07-27 20:05:38.982 [0000] <INFO> Reloading channel peer387.ipv4 for import
bird: 2026-07-27 20:05:38.982 [0000] <DBG> peer387.ipv4: reloading
bird: 2026-07-27 20:05:38.982 [0000] <INFO> Reloading channel peer387.ipv4 for export
bird: 2026-07-27 20:05:38.982 [0000] <INFO> Reloading channel peer388.ipv4 for import
bird: 2026-07-27 20:05:38.982 [0000] <DBG> peer388.ipv4: reloading
bird: 2026-07-27 20:05:38.982 [0000] <INFO> Reloading channel peer388.ipv4 for export
bird: 2026-07-27 20:05:38.982 [0000] <INFO> Reloading channel peer389.ipv4 for import
bird: 2026-07-27 20:05:38.982 [0000] <DBG> peer389.ipv4: reloading
bird: 2026-07-27 20:05:38.982 [0000] <INFO> Reloading channel peer389.ipv4 for export
bird: 2026-07-27 20:05:38.982 [0000] <INFO> Reloading channel peer390.ipv4 for import
bird: 2026-07-27 20:05:38.982 [0000] <DBG> peer390.ipv4: reloading
bird: 2026-07-27 20:05:38.982 [0000] <INFO> Reloading channel peer390.ipv4 for export
bird: 2026-07-27 20:05:38.982 [0000] <INFO> Reloading channel peer391.ipv4 for import
bird: 2026-07-27 20:05:38.982 [0000] <DBG> peer391.ipv4: reloading
bird: 2026-07-27 20:05:38.982 [0000] <INFO> Reloading channel peer391.ipv4 for export
bird: 2026-07-27 20:05:38.982 [0000] <INFO> Reloading channel peer392.ipv4 for import
bird: 2026-07-27 20:05:38.982 [0000] <DBG> peer392.ipv4: reloading
bird: 2026-07-27 20:05:38.982 [0000] <INFO> Reloading channel peer392.ipv4 for export
bird: 2026-07-27 20:05:38.982 [0000] <INFO> Reloading channel peer393.ipv4 for import
bird: 2026-07-27 20:05:38.982 [0000] <DBG> peer393.ipv4: reloading
bird: 2026-07-27 20:05:38.982 [0000] <INFO> Reloading channel peer393.ipv4 for export
bird: 2026-07-27 20:05:38.982 [0000] <INFO> Reloading channel peer394.ipv4 for import
bird: 2026-07-27 20:05:38.982 [0000] <DBG> peer394.ipv4: reloading
bird: 2026-07-27 20:05:38.982 [0000] <INFO> Reloading channel peer394.ipv4 for export
bird: 2026-07-27 20:05:38.982 [0000] <INFO> Reloading channel peer395.ipv4 for import
bird: 2026-07-27 20:05:38.982 [0000] <DBG> peer395.ipv4: reloading
bird: 2026-07-27 20:05:38.982 [0000] <INFO> Reloading channel peer395.ipv4 for export
bird: 2026-07-27 20:05:38.982 [0000] <INFO> Reloading channel peer396.ipv4 for import
bird: 2026-07-27 20:05:38.982 [0000] <DBG> peer396.ipv4: reloading
bird: 2026-07-27 20:05:38.982 [0000] <INFO> Reloading channel peer396.ipv4 for export
bird: 2026-07-27 20:05:38.982 [0000] <INFO> Reloading channel peer397.ipv4 for import
bird: 2026-07-27 20:05:38.982 [0000] <DBG> peer397.ipv4: reloading
bird: 2026-07-27 20:05:38.982 [0000] <INFO> Reloading channel peer397.ipv4 for export
bird: 2026-07-27 20:05:38.982 [0000] <INFO> Reloading channel peer398.ipv4 for import
bird: 2026-07-27 20:05:38.982 [0000] <DBG> peer398.ipv4: reloading
bird: 2026-07-27 20:05:38.982 [0000] <INFO> Reloading channel peer398.ipv4 for export
bird: 2026-07-27 20:05:38.982 [0000] <INFO> Reloading channel peer399.ipv4 for import
bird: 2026-07-27 20:05:38.982 [0000] <DBG> peer399.ipv4: reloading
bird: 2026-07-27 20:05:38.982 [0000] <INFO> Reloading channel peer399.ipv4 for export
bird: 2026-07-27 20:05:38.982 [0000] <INFO> Reloading channel peer400.ipv4 for import
bird: 2026-07-27 20:05:38.982 [0000] <DBG> peer400.ipv4: reloading
bird: 2026-07-27 20:05:38.982 [0000] <INFO> Reloading channel peer400.ipv4 for export
bird: 2026-07-27 20:05:38.982 [0000] <INFO> Reloading channel peer401.ipv4 for import
bird: 2026-07-27 20:05:38.982 [0000] <DBG> peer401.ipv4: reloading
bird: 2026-07-27 20:05:38.982 [0000] <INFO> Reloading channel peer401.ipv4 for export
bird: 2026-07-27 20:05:38.982 [0000] <INFO> Reloading channel peer402.ipv4 for import
bird: 2026-07-27 20:05:38.982 [0000] <DBG> peer402.ipv4: reloading
bird: 2026-07-27 20:05:38.982 [0000] <INFO> Reloading channel peer402.ipv4 for export
bird: 2026-07-27 20:05:38.982 [0000] <INFO> Reloading channel peer403.ipv4 for import
bird: 2026-07-27 20:05:38.982 [0000] <DBG> peer403.ipv4: reloading
bird: 2026-07-27 20:05:38.982 [0000] <INFO> Reloading channel peer403.ipv4 for export
bird: 2026-07-27 20:05:38.982 [0000] <INFO> Reloading channel peer404.ipv4 for import
bird: 2026-07-27 20:05:38.982 [0000] <DBG> peer404.ipv4: reloading
bird: 2026-07-27 20:05:38.982 [0000] <INFO> Reloading channel peer404.ipv4 for export
bird: 2026-07-27 20:05:38.982 [0000] <INFO> Reloading channel peer405.ipv4 for import
bird: 2026-07-27 20:05:38.982 [0000] <DBG> peer405.ipv4: reloading
bird: 2026-07-27 20:05:38.982 [0000] <INFO> Reloading channel peer405.ipv4 for export
bird: 2026-07-27 20:05:38.982 [0000] <INFO> Reloading channel peer406.ipv4 for import
bird: 2026-07-27 20:05:38.982 [0000] <DBG> peer406.ipv4: reloading
bird: 2026-07-27 20:05:38.982 [0000] <INFO> Reloading channel peer406.ipv4 for export
bird: 2026-07-27 20:05:38.982 [0000] <INFO> Reloading channel peer407.ipv4 for import
bird: 2026-07-27 20:05:38.982 [0000] <DBG> peer407.ipv4: reloading
bird: 2026-07-27 20:05:38.982 [0000] <INFO> Reloading channel peer407.ipv4 for export
bird: 2026-07-27 20:05:38.982 [0000] <INFO> Reloading channel peer408.ipv4 for import
bird: 2026-07-27 20:05:38.982 [0000] <DBG> peer408.ipv4: reloading
bird: 2026-07-27 20:05:38.982 [0000] <INFO> Reloading channel peer408.ipv4 for export
bird: 2026-07-27 20:05:38.982 [0000] <INFO> Reloading channel peer409.ipv4 for import
bird: 2026-07-27 20:05:38.982 [0000] <DBG> peer409.ipv4: reloading
bird: 2026-07-27 20:05:38.982 [0000] <INFO> Reloading channel peer409.ipv4 for export
bird: 2026-07-27 20:05:38.982 [0000] <INFO> Reloading channel peer410.ipv4 for import
bird: 2026-07-27 20:05:38.982 [0000] <DBG> peer410.ipv4: reloading
bird: 2026-07-27 20:05:38.982 [0000] <INFO> Reloading channel peer410.ipv4 for export
bird: 2026-07-27 20:05:38.982 [0000] <INFO> Reloading channel peer411.ipv4 for import
bird: 2026-07-27 20:05:38.982 [0000] <DBG> peer411.ipv4: reloading
bird: 2026-07-27 20:05:38.982 [0000] <INFO> Reloading channel peer411.ipv4 for export
bird: 2026-07-27 20:05:38.982 [0000] <INFO> Reloading channel peer412.ipv4 for import
bird: 2026-07-27 20:05:38.982 [0000] <DBG> peer412.ipv4: reloading
bird: 2026-07-27 20:05:38.982 [0000] <INFO> Reloading channel peer412.ipv4 for export
bird: 2026-07-27 20:05:38.982 [0000] <INFO> Reloading channel peer413.ipv4 for import
bird: 2026-07-27 20:05:38.982 [0000] <DBG> peer413.ipv4: reloading
bird: 2026-07-27 20:05:38.982 [0000] <INFO> Reloading channel peer413.ipv4 for export
bird: 2026-07-27 20:05:38.982 [0000] <INFO> Reloading channel peer414.ipv4 for import
bird: 2026-07-27 20:05:38.982 [0000] <DBG> peer414.ipv4: reloading
bird: 2026-07-27 20:05:38.982 [0000] <INFO> Reloading channel peer414.ipv4 for export
bird: 2026-07-27 20:05:38.982 [0000] <INFO> Reloading channel peer415.ipv4 for import
bird: 2026-07-27 20:05:38.982 [0000] <DBG> peer415.ipv4: reloading
bird: 2026-07-27 20:05:38.982 [0000] <INFO> Reloading channel peer415.ipv4 for export
bird: 2026-07-27 20:05:38.982 [0000] <INFO> Reloading channel peer416.ipv4 for import
bird: 2026-07-27 20:05:38.982 [0000] <DBG> peer416.ipv4: reloading
bird: 2026-07-27 20:05:38.982 [0000] <INFO> Reloading channel peer416.ipv4 for export
bird: 2026-07-27 20:05:38.982 [0000] <INFO> Reloading channel peer417.ipv4 for import
bird: 2026-07-27 20:05:38.982 [0000] <DBG> peer417.ipv4: reloading
bird: 2026-07-27 20:05:38.982 [0000] <INFO> Reloading channel peer417.ipv4 for export
bird: 2026-07-27 20:05:38.982 [0000] <INFO> Reloading channel peer418.ipv4 for import
bird: 2026-07-27 20:05:38.982 [0000] <DBG> peer418.ipv4: reloading
bird: 2026-07-27 20:05:38.982 [0000] <INFO> Reloading channel peer418.ipv4 for export
bird: 2026-07-27 20:05:38.982 [0000] <INFO> Reloading channel peer419.ipv4 for import
bird: 2026-07-27 20:05:38.982 [0000] <DBG> peer419.ipv4: reloading
bird: 2026-07-27 20:05:38.982 [0000] <INFO> Reloading channel peer419.ipv4 for export
bird: 2026-07-27 20:05:38.982 [0000] <INFO> Reloading channel peer420.ipv4 for import
bird: 2026-07-27 20:05:38.982 [0000] <DBG> peer420.ipv4: reloading
bird: 2026-07-27 20:05:38.982 [0000] <INFO> Reloading channel peer420.ipv4 for export
bird: 2026-07-27 20:05:38.982 [0000] <INFO> Reloading channel peer421.ipv4 for import
bird: 2026-07-27 20:05:38.982 [0000] <DBG> peer421.ipv4: reloading
bird: 2026-07-27 20:05:38.982 [0000] <INFO> Reloading channel peer421.ipv4 for export
bird: 2026-07-27 20:05:38.982 [0000] <INFO> Reloading channel peer422.ipv4 for import
bird: 2026-07-27 20:05:38.982 [0000] <DBG> peer422.ipv4: reloading
bird: 2026-07-27 20:05:38.982 [0000] <INFO> Reloading channel peer422.ipv4 for export
bird: 2026-07-27 20:05:38.982 [0000] <INFO> Reloading channel peer423.ipv4 for import
bird: 2026-07-27 20:05:38.982 [0000] <DBG> peer423.ipv4: reloading
bird: 2026-07-27 20:05:38.982 [0000] <INFO> Reloading channel peer423.ipv4 for export
bird: 2026-07-27 20:05:38.982 [0000] <INFO> Reloading channel peer424.ipv4 for import
bird: 2026-07-27 20:05:38.982 [0000] <DBG> peer424.ipv4: reloading
bird: 2026-07-27 20:05:38.982 [0000] <INFO> Reloading channel peer424.ipv4 for export
bird: 2026-07-27 20:05:38.982 [0000] <INFO> Reloading channel peer425.ipv4 for import
bird: 2026-07-27 20:05:38.982 [0000] <DBG> peer425.ipv4: reloading
bird: 2026-07-27 20:05:38.982 [0000] <INFO> Reloading channel peer425.ipv4 for export
bird: 2026-07-27 20:05:38.982 [0000] <INFO> Reloading channel peer426.ipv4 for import
bird: 2026-07-27 20:05:38.982 [0000] <DBG> peer426.ipv4: reloading
bird: 2026-07-27 20:05:38.982 [0000] <INFO> Reloading channel peer426.ipv4 for export
bird: 2026-07-27 20:05:38.982 [0000] <INFO> Reloading channel peer427.ipv4 for import
bird: 2026-07-27 20:05:38.982 [0000] <DBG> peer427.ipv4: reloading
bird: 2026-07-27 20:05:38.982 [0000] <INFO> Reloading channel peer427.ipv4 for export
bird: 2026-07-27 20:05:38.982 [0000] <INFO> Reloading channel peer428.ipv4 for import
bird: 2026-07-27 20:05:38.982 [0000] <DBG> peer428.ipv4: reloading
bird: 2026-07-27 20:05:38.982 [0000] <INFO> Reloading channel peer428.ipv4 for export
bird: 2026-07-27 20:05:38.982 [0000] <INFO> Reloading channel peer429.ipv4 for import
bird: 2026-07-27 20:05:38.982 [0000] <DBG> peer429.ipv4: reloading
bird: 2026-07-27 20:05:38.982 [0000] <INFO> Reloading channel peer429.ipv4 for export
bird: 2026-07-27 20:05:38.982 [0000] <INFO> Reloading channel peer430.ipv4 for import
bird: 2026-07-27 20:05:38.982 [0000] <DBG> peer430.ipv4: reloading
bird: 2026-07-27 20:05:38.982 [0000] <INFO> Reloading channel peer430.ipv4 for export
bird: 2026-07-27 20:05:38.982 [0000] <INFO> Reloading channel peer431.ipv4 for import
bird: 2026-07-27 20:05:38.982 [0000] <DBG> peer431.ipv4: reloading
bird: 2026-07-27 20:05:38.982 [0000] <INFO> Reloading channel peer431.ipv4 for export
bird: 2026-07-27 20:05:38.982 [0000] <INFO> Reloading channel peer432.ipv4 for import
bird: 2026-07-27 20:05:38.982 [0000] <DBG> peer432.ipv4: reloading
bird: 2026-07-27 20:05:38.982 [0000] <INFO> Reloading channel peer432.ipv4 for export
bird: 2026-07-27 20:05:38.982 [0000] <INFO> Reloading channel peer433.ipv4 for import
bird: 2026-07-27 20:05:38.982 [0000] <DBG> peer433.ipv4: reloading
bird: 2026-07-27 20:05:38.982 [0000] <INFO> Reloading channel peer433.ipv4 for export
bird: 2026-07-27 20:05:38.982 [0000] <INFO> Reloading channel peer434.ipv4 for import
bird: 2026-07-27 20:05:38.982 [0000] <DBG> peer434.ipv4: reloading
bird: 2026-07-27 20:05:38.982 [0000] <INFO> Reloading channel peer434.ipv4 for export
bird: 2026-07-27 20:05:38.982 [0000] <INFO> Reloading channel peer435.ipv4 for import
bird: 2026-07-27 20:05:38.982 [0000] <DBG> peer435.ipv4: reloading
bird: 2026-07-27 20:05:38.982 [0000] <INFO> Reloading channel peer435.ipv4 for export
bird: 2026-07-27 20:05:38.982 [0000] <INFO> Reloading channel peer436.ipv4 for import
bird: 2026-07-27 20:05:38.982 [0000] <DBG> peer436.ipv4: reloading
bird: 2026-07-27 20:05:38.982 [0000] <INFO> Reloading channel peer436.ipv4 for export
bird: 2026-07-27 20:05:38.982 [0000] <INFO> Reloading channel peer437.ipv4 for import
bird: 2026-07-27 20:05:38.982 [0000] <DBG> peer437.ipv4: reloading
bird: 2026-07-27 20:05:38.982 [0000] <INFO> Reloading channel peer437.ipv4 for export
bird: 2026-07-27 20:05:38.982 [0000] <INFO> Reloading channel peer438.ipv4 for import
bird: 2026-07-27 20:05:38.982 [0000] <DBG> peer438.ipv4: reloading
bird: 2026-07-27 20:05:38.982 [0000] <INFO> Reloading channel peer438.ipv4 for export
bird: 2026-07-27 20:05:38.982 [0000] <INFO> Reloading channel peer439.ipv4 for import
bird: 2026-07-27 20:05:38.982 [0000] <DBG> peer439.ipv4: reloading
bird: 2026-07-27 20:05:38.982 [0000] <INFO> Reloading channel peer439.ipv4 for export
bird: 2026-07-27 20:05:38.982 [0000] <INFO> Reloading channel peer440.ipv4 for import
bird: 2026-07-27 20:05:38.982 [0000] <DBG> peer440.ipv4: reloading
bird: 2026-07-27 20:05:38.982 [0000] <INFO> Reloading channel peer440.ipv4 for export
bird: 2026-07-27 20:05:38.982 [0000] <INFO> Reloading channel peer441.ipv4 for import
bird: 2026-07-27 20:05:38.982 [0000] <DBG> peer441.ipv4: reloading
bird: 2026-07-27 20:05:38.982 [0000] <INFO> Reloading channel peer441.ipv4 for export
bird: 2026-07-27 20:05:38.982 [0000] <INFO> Reloading channel peer442.ipv4 for import
bird: 2026-07-27 20:05:38.982 [0000] <DBG> peer442.ipv4: reloading
bird: 2026-07-27 20:05:38.982 [0000] <INFO> Reloading channel peer442.ipv4 for export
bird: 2026-07-27 20:05:38.982 [0000] <INFO> Reloading channel peer443.ipv4 for import
bird: 2026-07-27 20:05:38.982 [0000] <DBG> peer443.ipv4: reloading
bird: 2026-07-27 20:05:38.982 [0000] <INFO> Reloading channel peer443.ipv4 for export
bird: 2026-07-27 20:05:38.982 [0000] <INFO> Reloading channel peer444.ipv4 for import
bird: 2026-07-27 20:05:38.982 [0000] <DBG> peer444.ipv4: reloading
bird: 2026-07-27 20:05:38.982 [0000] <INFO> Reloading channel peer444.ipv4 for export
bird: 2026-07-27 20:05:38.982 [0000] <INFO> Reloading channel peer445.ipv4 for import
bird: 2026-07-27 20:05:38.982 [0000] <DBG> peer445.ipv4: reloading
bird: 2026-07-27 20:05:38.982 [0000] <INFO> Reloading channel peer445.ipv4 for export
bird: 2026-07-27 20:05:38.982 [0000] <INFO> Reloading channel peer446.ipv4 for import
bird: 2026-07-27 20:05:38.982 [0000] <DBG> peer446.ipv4: reloading
bird: 2026-07-27 20:05:38.982 [0000] <INFO> Reloading channel peer446.ipv4 for export
bird: 2026-07-27 20:05:38.982 [0000] <INFO> Reloading channel peer447.ipv4 for import
bird: 2026-07-27 20:05:38.982 [0000] <DBG> peer447.ipv4: reloading
bird: 2026-07-27 20:05:38.982 [0000] <INFO> Reloading channel peer447.ipv4 for export
bird: 2026-07-27 20:05:38.982 [0000] <INFO> Reloading channel peer448.ipv4 for import
bird: 2026-07-27 20:05:38.982 [0000] <DBG> peer448.ipv4: reloading
bird: 2026-07-27 20:05:38.982 [0000] <INFO> Reloading channel peer448.ipv4 for export
bird: 2026-07-27 20:05:38.982 [0000] <INFO> Reloading channel peer449.ipv4 for import
bird: 2026-07-27 20:05:38.982 [0000] <DBG> peer449.ipv4: reloading
bird: 2026-07-27 20:05:38.982 [0000] <INFO> Reloading channel peer449.ipv4 for export
bird: 2026-07-27 20:05:38.982 [0000] <INFO> Reloading channel peer450.ipv4 for import
bird: 2026-07-27 20:05:38.982 [0000] <DBG> peer450.ipv4: reloading
bird: 2026-07-27 20:05:38.982 [0000] <INFO> Reloading channel peer450.ipv4 for export
bird: 2026-07-27 20:05:38.982 [0000] <INFO> Reloading channel peer451.ipv4 for import
bird: 2026-07-27 20:05:38.982 [0000] <DBG> peer451.ipv4: reloading
bird: 2026-07-27 20:05:38.982 [0000] <INFO> Reloading channel peer451.ipv4 for export
bird: 2026-07-27 20:05:38.982 [0000] <INFO> Reloading channel peer452.ipv4 for import
bird: 2026-07-27 20:05:38.982 [0000] <DBG> peer452.ipv4: reloading
bird: 2026-07-27 20:05:38.982 [0000] <INFO> Reloading channel peer452.ipv4 for export
bird: 2026-07-27 20:05:38.982 [0000] <INFO> Reloading channel peer453.ipv4 for import
bird: 2026-07-27 20:05:38.982 [0000] <DBG> peer453.ipv4: reloading
bird: 2026-07-27 20:05:38.982 [0000] <INFO> Reloading channel peer453.ipv4 for export
bird: 2026-07-27 20:05:38.982 [0000] <INFO> Reloading channel peer454.ipv4 for import
bird: 2026-07-27 20:05:38.982 [0000] <DBG> peer454.ipv4: reloading
bird: 2026-07-27 20:05:38.982 [0000] <INFO> Reloading channel peer454.ipv4 for export
bird: 2026-07-27 20:05:38.982 [0000] <INFO> Reloading channel peer455.ipv4 for import
bird: 2026-07-27 20:05:38.982 [0000] <DBG> peer455.ipv4: reloading
bird: 2026-07-27 20:05:38.982 [0000] <INFO> Reloading channel peer455.ipv4 for export
bird: 2026-07-27 20:05:38.982 [0000] <INFO> Reloading channel peer456.ipv4 for import
bird: 2026-07-27 20:05:38.982 [0000] <DBG> peer456.ipv4: reloading
bird: 2026-07-27 20:05:38.982 [0000] <INFO> Reloading channel peer456.ipv4 for export
bird: 2026-07-27 20:05:38.982 [0000] <INFO> Reloading channel peer457.ipv4 for import
bird: 2026-07-27 20:05:38.982 [0000] <DBG> peer457.ipv4: reloading
bird: 2026-07-27 20:05:38.982 [0000] <INFO> Reloading channel peer457.ipv4 for export
bird: 2026-07-27 20:05:38.982 [0000] <INFO> Reloading channel peer458.ipv4 for import
bird: 2026-07-27 20:05:38.982 [0000] <DBG> peer458.ipv4: reloading
bird: 2026-07-27 20:05:38.982 [0000] <INFO> Reloading channel peer458.ipv4 for export
bird: 2026-07-27 20:05:38.982 [0000] <INFO> Reloading channel peer459.ipv4 for import
bird: 2026-07-27 20:05:38.982 [0000] <DBG> peer459.ipv4: reloading
bird: 2026-07-27 20:05:38.982 [0000] <INFO> Reloading channel peer459.ipv4 for export
bird: 2026-07-27 20:05:38.982 [0000] <INFO> Reloading channel peer460.ipv4 for import
bird: 2026-07-27 20:05:38.982 [0000] <DBG> peer460.ipv4: reloading
bird: 2026-07-27 20:05:38.982 [0000] <INFO> Reloading channel peer460.ipv4 for export
bird: 2026-07-27 20:05:38.982 [0000] <INFO> Reloading channel peer461.ipv4 for import
bird: 2026-07-27 20:05:38.982 [0000] <DBG> peer461.ipv4: reloading
bird: 2026-07-27 20:05:38.982 [0000] <INFO> Reloading channel peer461.ipv4 for export
bird: 2026-07-27 20:05:38.982 [0000] <INFO> Reloading channel peer462.ipv4 for import
bird: 2026-07-27 20:05:38.982 [0000] <DBG> peer462.ipv4: reloading
bird: 2026-07-27 20:05:38.982 [0000] <INFO> Reloading channel peer462.ipv4 for export
bird: 2026-07-27 20:05:38.982 [0000] <INFO> Reloading channel peer463.ipv4 for import
bird: 2026-07-27 20:05:38.982 [0000] <DBG> peer463.ipv4: reloading
bird: 2026-07-27 20:05:38.982 [0000] <INFO> Reloading channel peer463.ipv4 for export
bird: 2026-07-27 20:05:38.982 [0000] <INFO> Reloading channel peer464.ipv4 for import
bird: 2026-07-27 20:05:38.982 [0000] <DBG> peer464.ipv4: reloading
bird: 2026-07-27 20:05:38.982 [0000] <INFO> Reloading channel peer464.ipv4 for export
bird: 2026-07-27 20:05:38.982 [0000] <INFO> Reloading channel peer465.ipv4 for import
bird: 2026-07-27 20:05:38.982 [0000] <DBG> peer465.ipv4: reloading
bird: 2026-07-27 20:05:38.982 [0000] <INFO> Reloading channel peer465.ipv4 for export
bird: 2026-07-27 20:05:38.982 [0000] <INFO> Reloading channel peer466.ipv4 for import
bird: 2026-07-27 20:05:38.982 [0000] <DBG> peer466.ipv4: reloading
bird: 2026-07-27 20:05:38.982 [0000] <INFO> Reloading channel peer466.ipv4 for export
bird: 2026-07-27 20:05:38.982 [0000] <INFO> Reloading channel peer467.ipv4 for import
bird: 2026-07-27 20:05:38.982 [0000] <DBG> peer467.ipv4: reloading
bird: 2026-07-27 20:05:38.982 [0000] <INFO> Reloading channel peer467.ipv4 for export
bird: 2026-07-27 20:05:38.982 [0000] <INFO> Reloading channel peer468.ipv4 for import
bird: 2026-07-27 20:05:38.982 [0000] <DBG> peer468.ipv4: reloading
bird: 2026-07-27 20:05:38.982 [0000] <INFO> Reloading channel peer468.ipv4 for export
bird: 2026-07-27 20:05:38.982 [0000] <INFO> Reloading channel peer469.ipv4 for import
bird: 2026-07-27 20:05:38.982 [0000] <DBG> peer469.ipv4: reloading
bird: 2026-07-27 20:05:38.982 [0000] <INFO> Reloading channel peer469.ipv4 for export
bird: 2026-07-27 20:05:38.982 [0000] <INFO> Reloading channel peer470.ipv4 for import
bird: 2026-07-27 20:05:38.982 [0000] <DBG> peer470.ipv4: reloading
bird: 2026-07-27 20:05:38.982 [0000] <INFO> Reloading channel peer470.ipv4 for export
bird: 2026-07-27 20:05:38.982 [0000] <INFO> Reloading channel peer471.ipv4 for import
bird: 2026-07-27 20:05:38.982 [0000] <DBG> peer471.ipv4: reloading
bird: 2026-07-27 20:05:38.982 [0000] <INFO> Reloading channel peer471.ipv4 for export
bird: 2026-07-27 20:05:38.982 [0000] <INFO> Reloading channel peer472.ipv4 for import
bird: 2026-07-27 20:05:38.982 [0000] <DBG> peer472.ipv4: reloading
bird: 2026-07-27 20:05:38.982 [0000] <INFO> Reloading channel peer472.ipv4 for export
bird: 2026-07-27 20:05:38.982 [0000] <INFO> Reloading channel peer473.ipv4 for import
bird: 2026-07-27 20:05:38.982 [0000] <DBG> peer473.ipv4: reloading
bird: 2026-07-27 20:05:38.982 [0000] <INFO> Reloading channel peer473.ipv4 for export
bird: 2026-07-27 20:05:38.982 [0000] <INFO> Reloading channel peer474.ipv4 for import
bird: 2026-07-27 20:05:38.982 [0000] <DBG> peer474.ipv4: reloading
bird: 2026-07-27 20:05:38.982 [0000] <INFO> Reloading channel peer474.ipv4 for export
bird: 2026-07-27 20:05:38.982 [0000] <INFO> Reloading channel peer475.ipv4 for import
bird: 2026-07-27 20:05:38.982 [0000] <DBG> peer475.ipv4: reloading
bird: 2026-07-27 20:05:38.982 [0000] <INFO> Reloading channel peer475.ipv4 for export
bird: 2026-07-27 20:05:38.982 [0000] <INFO> Reloading channel peer476.ipv4 for import
bird: 2026-07-27 20:05:38.982 [0000] <DBG> peer476.ipv4: reloading
bird: 2026-07-27 20:05:38.982 [0000] <INFO> Reloading channel peer476.ipv4 for export
bird: 2026-07-27 20:05:38.982 [0000] <INFO> Reloading channel peer477.ipv4 for import
bird: 2026-07-27 20:05:38.982 [0000] <DBG> peer477.ipv4: reloading
bird: 2026-07-27 20:05:38.982 [0000] <INFO> Reloading channel peer477.ipv4 for export
bird: 2026-07-27 20:05:38.982 [0000] <INFO> Reloading channel peer478.ipv4 for import
bird: 2026-07-27 20:05:38.982 [0000] <DBG> peer478.ipv4: reloading
bird: 2026-07-27 20:05:38.982 [0000] <INFO> Reloading channel peer478.ipv4 for export
bird: 2026-07-27 20:05:38.982 [0000] <INFO> Reloading channel peer479.ipv4 for import
bird: 2026-07-27 20:05:38.982 [0000] <DBG> peer479.ipv4: reloading
bird: 2026-07-27 20:05:38.982 [0000] <INFO> Reloading channel peer479.ipv4 for export
bird: 2026-07-27 20:05:38.982 [0000] <INFO> Reloading channel peer480.ipv4 for import
bird: 2026-07-27 20:05:38.982 [0000] <DBG> peer480.ipv4: reloading
bird: 2026-07-27 20:05:38.982 [0000] <INFO> Reloading channel peer480.ipv4 for export
bird: 2026-07-27 20:05:38.982 [0000] <INFO> Reloading channel peer481.ipv4 for import
bird: 2026-07-27 20:05:38.982 [0000] <DBG> peer481.ipv4: reloading
bird: 2026-07-27 20:05:38.982 [0000] <INFO> Reloading channel peer481.ipv4 for export
bird: 2026-07-27 20:05:38.982 [0000] <INFO> Reloading channel peer482.ipv4 for import
bird: 2026-07-27 20:05:38.982 [0000] <DBG> peer482.ipv4: reloading
bird: 2026-07-27 20:05:38.982 [0000] <INFO> Reloading channel peer482.ipv4 for export
bird: 2026-07-27 20:05:38.982 [0000] <INFO> Reloading channel peer483.ipv4 for import
bird: 2026-07-27 20:05:38.982 [0000] <DBG> peer483.ipv4: reloading
bird: 2026-07-27 20:05:38.982 [0000] <INFO> Reloading channel peer483.ipv4 for export
bird: 2026-07-27 20:05:38.982 [0000] <INFO> Reloading channel peer484.ipv4 for import
bird: 2026-07-27 20:05:38.982 [0000] <DBG> peer484.ipv4: reloading
bird: 2026-07-27 20:05:38.982 [0000] <INFO> Reloading channel peer484.ipv4 for export
bird: 2026-07-27 20:05:38.982 [0000] <INFO> Reloading channel peer485.ipv4 for import
bird: 2026-07-27 20:05:38.982 [0000] <DBG> peer485.ipv4: reloading
bird: 2026-07-27 20:05:38.982 [0000] <INFO> Reloading channel peer485.ipv4 for export
bird: 2026-07-27 20:05:38.982 [0000] <INFO> Reloading channel peer486.ipv4 for import
bird: 2026-07-27 20:05:38.982 [0000] <DBG> peer486.ipv4: reloading
bird: 2026-07-27 20:05:38.982 [0000] <INFO> Reloading channel peer486.ipv4 for export
bird: 2026-07-27 20:05:38.982 [0000] <INFO> Reloading channel peer487.ipv4 for import
bird: 2026-07-27 20:05:38.982 [0000] <DBG> peer487.ipv4: reloading
bird: 2026-07-27 20:05:38.982 [0000] <INFO> Reloading channel peer487.ipv4 for export
bird: 2026-07-27 20:05:38.982 [0000] <INFO> Reloading channel peer488.ipv4 for import
bird: 2026-07-27 20:05:38.982 [0000] <DBG> peer488.ipv4: reloading
bird: 2026-07-27 20:05:38.982 [0000] <INFO> Reloading channel peer488.ipv4 for export
bird: 2026-07-27 20:05:38.982 [0000] <INFO> Reloading channel peer489.ipv4 for import
bird: 2026-07-27 20:05:38.982 [0000] <DBG> peer489.ipv4: reloading
bird: 2026-07-27 20:05:38.982 [0000] <INFO> Reloading channel peer489.ipv4 for export
bird: 2026-07-27 20:05:38.982 [0000] <INFO> Reloading channel peer490.ipv4 for import
bird: 2026-07-27 20:05:38.982 [0000] <DBG> peer490.ipv4: reloading
bird: 2026-07-27 20:05:38.982 [0000] <INFO> Reloading channel peer490.ipv4 for export
bird: 2026-07-27 20:05:38.982 [0000] <INFO> Reloading channel peer491.ipv4 for import
bird: 2026-07-27 20:05:38.982 [0000] <DBG> peer491.ipv4: reloading
bird: 2026-07-27 20:05:38.982 [0000] <INFO> Reloading channel peer491.ipv4 for export
bird: 2026-07-27 20:05:38.982 [0000] <INFO> Reloading channel peer492.ipv4 for import
bird: 2026-07-27 20:05:38.982 [0000] <DBG> peer492.ipv4: reloading
bird: 2026-07-27 20:05:38.982 [0000] <INFO> Reloading channel peer492.ipv4 for export
bird: 2026-07-27 20:05:38.982 [0000] <INFO> Reloading channel peer493.ipv4 for import
bird: 2026-07-27 20:05:38.982 [0000] <DBG> peer493.ipv4: reloading
bird: 2026-07-27 20:05:38.982 [0000] <INFO> Reloading channel peer493.ipv4 for export
bird: 2026-07-27 20:05:38.982 [0000] <INFO> Reloading channel peer494.ipv4 for import
bird: 2026-07-27 20:05:38.982 [0000] <DBG> peer494.ipv4: reloading
bird: 2026-07-27 20:05:38.982 [0000] <INFO> Reloading channel peer494.ipv4 for export
bird: 2026-07-27 20:05:38.982 [0000] <INFO> Reloading channel peer495.ipv4 for import
bird: 2026-07-27 20:05:38.982 [0000] <DBG> peer495.ipv4: reloading
bird: 2026-07-27 20:05:38.982 [0000] <INFO> Reloading channel peer495.ipv4 for export
bird: 2026-07-27 20:05:38.982 [0000] <INFO> Reloading channel peer496.ipv4 for import
bird: 2026-07-27 20:05:38.982 [0000] <DBG> peer496.ipv4: reloading
bird: 2026-07-27 20:05:38.982 [0000] <INFO> Reloading channel peer496.ipv4 for export
bird: 2026-07-27 20:05:38.982 [0000] <INFO> Reloading channel peer497.ipv4 for import
bird: 2026-07-27 20:05:38.982 [0000] <DBG> peer497.ipv4: reloading
bird: 2026-07-27 20:05:38.982 [0000] <INFO> Reloading channel peer497.ipv4 for export
bird: 2026-07-27 20:05:38.982 [0000] <INFO> Reloading channel peer498.ipv4 for import
bird: 2026-07-27 20:05:38.982 [0000] <DBG> peer498.ipv4: reloading
bird: 2026-07-27 20:05:38.982 [0000] <INFO> Reloading channel peer498.ipv4 for export
bird: 2026-07-27 20:05:38.982 [0000] <INFO> Reloading channel peer499.ipv4 for import
bird: 2026-07-27 20:05:38.982 [0000] <DBG> peer499.ipv4: reloading
bird: 2026-07-27 20:05:38.982 [0000] <INFO> Reloading channel peer499.ipv4 for export
bird: 2026-07-27 20:05:38.982 [0000] <INFO> Reloading channel peer500.ipv4 for import
bird: 2026-07-27 20:05:38.982 [0000] <DBG> peer500.ipv4: reloading
bird: 2026-07-27 20:05:38.982 [0000] <INFO> Reloading channel peer500.ipv4 for export
bird: 2026-07-27 20:05:38.982 [0000] <INFO> Reloading channel peer501.ipv4 for import
bird: 2026-07-27 20:05:38.982 [0000] <DBG> peer501.ipv4: reloading
bird: 2026-07-27 20:05:38.982 [0000] <INFO> Reloading channel peer501.ipv4 for export
bird: 2026-07-27 20:05:38.982 [0000] <INFO> Reloading channel peer502.ipv4 for import
bird: 2026-07-27 20:05:38.982 [0000] <DBG> peer502.ipv4: reloading
bird: 2026-07-27 20:05:38.982 [0000] <INFO> Reloading channel peer502.ipv4 for export
bird: 2026-07-27 20:05:38.982 [0000] <INFO> Reloading channel peer503.ipv4 for import
bird: 2026-07-27 20:05:38.982 [0000] <DBG> peer503.ipv4: reloading
bird: 2026-07-27 20:05:38.982 [0000] <INFO> Reloading channel peer503.ipv4 for export
bird: 2026-07-27 20:05:38.982 [0000] <INFO> Reloading channel peer504.ipv4 for import
bird: 2026-07-27 20:05:38.982 [0000] <DBG> peer504.ipv4: reloading
bird: 2026-07-27 20:05:38.982 [0000] <INFO> Reloading channel peer504.ipv4 for export
bird: 2026-07-27 20:05:38.982 [0000] <INFO> Reloading channel peer505.ipv4 for import
bird: 2026-07-27 20:05:38.982 [0000] <DBG> peer505.ipv4: reloading
bird: 2026-07-27 20:05:38.982 [0000] <INFO> Reloading channel peer505.ipv4 for export
bird: 2026-07-27 20:05:38.982 [0000] <INFO> Reloading channel peer506.ipv4 for import
bird: 2026-07-27 20:05:38.982 [0000] <DBG> peer506.ipv4: reloading
bird: 2026-07-27 20:05:38.982 [0000] <INFO> Reloading channel peer506.ipv4 for export
bird: 2026-07-27 20:05:38.982 [0000] <INFO> Reloading channel peer507.ipv4 for import
bird: 2026-07-27 20:05:38.982 [0000] <DBG> peer507.ipv4: reloading
bird: 2026-07-27 20:05:38.982 [0000] <INFO> Reloading channel peer507.ipv4 for export
bird: 2026-07-27 20:05:38.982 [0000] <INFO> Reloading channel peer508.ipv4 for import
bird: 2026-07-27 20:05:38.982 [0000] <DBG> peer508.ipv4: reloading
bird: 2026-07-27 20:05:38.982 [0000] <INFO> Reloading channel peer508.ipv4 for export
bird: 2026-07-27 20:05:38.982 [0000] <INFO> Reloading channel peer509.ipv4 for import
bird: 2026-07-27 20:05:38.982 [0000] <DBG> peer509.ipv4: reloading
bird: 2026-07-27 20:05:38.982 [0000] <INFO> Reloading channel peer509.ipv4 for export
bird: 2026-07-27 20:05:38.982 [0000] <INFO> Reloading channel peer510.ipv4 for import
bird: 2026-07-27 20:05:38.982 [0000] <DBG> peer510.ipv4: reloading
bird: 2026-07-27 20:05:38.982 [0000] <INFO> Reloading channel peer510.ipv4 for export
bird: 2026-07-27 20:05:38.982 [0000] <INFO> Reloading channel peer511.ipv4 for import
bird: 2026-07-27 20:05:38.982 [0000] <DBG> peer511.ipv4: reloading
bird: 2026-07-27 20:05:38.982 [0000] <INFO> Reloading channel peer511.ipv4 for export
bird: 2026-07-27 20:05:38.982 [0000] <INFO> Reloading channel peer512.ipv4 for import
bird: 2026-07-27 20:05:38.982 [0000] <DBG> peer512.ipv4: reloading
bird: 2026-07-27 20:05:38.982 [0000] <INFO> Reloading channel peer512.ipv4 for export
bird: 2026-07-27 20:05:38.982 [0000] <INFO> Reloading channel peer513.ipv4 for import
bird: 2026-07-27 20:05:38.982 [0000] <DBG> peer513.ipv4: reloading
bird: 2026-07-27 20:05:38.982 [0000] <INFO> Reloading channel peer513.ipv4 for export
bird: 2026-07-27 20:05:38.982 [0000] <INFO> Reloading channel peer514.ipv4 for import
bird: 2026-07-27 20:05:38.982 [0000] <DBG> peer514.ipv4: reloading
bird: 2026-07-27 20:05:38.982 [0000] <INFO> Reloading channel peer514.ipv4 for export
bird: 2026-07-27 20:05:38.982 [0000] <INFO> Reloading channel peer515.ipv4 for import
bird: 2026-07-27 20:05:38.982 [0000] <DBG> peer515.ipv4: reloading
bird: 2026-07-27 20:05:38.982 [0000] <INFO> Reloading channel peer515.ipv4 for export
bird: 2026-07-27 20:05:38.982 [0000] <INFO> Reloading channel peer516.ipv4 for import
bird: 2026-07-27 20:05:38.982 [0000] <DBG> peer516.ipv4: reloading
bird: 2026-07-27 20:05:38.982 [0000] <INFO> Reloading channel peer516.ipv4 for export
bird: 2026-07-27 20:05:38.982 [0000] <INFO> Reloading channel peer517.ipv4 for import
bird: 2026-07-27 20:05:38.982 [0000] <DBG> peer517.ipv4: reloading
bird: 2026-07-27 20:05:38.982 [0000] <INFO> Reloading channel peer517.ipv4 for export
bird: 2026-07-27 20:05:38.982 [0000] <INFO> Reloading channel peer518.ipv4 for import
bird: 2026-07-27 20:05:38.982 [0000] <DBG> peer518.ipv4: reloading
bird: 2026-07-27 20:05:38.982 [0000] <INFO> Reloading channel peer518.ipv4 for export
bird: 2026-07-27 20:05:38.982 [0000] <INFO> Reloading channel peer519.ipv4 for import
bird: 2026-07-27 20:05:38.982 [0000] <DBG> peer519.ipv4: reloading
bird: 2026-07-27 20:05:38.982 [0000] <INFO> Reloading channel peer519.ipv4 for export
bird: 2026-07-27 20:05:38.982 [0000] <INFO> Reloading channel peer520.ipv4 for import
bird: 2026-07-27 20:05:38.982 [0000] <DBG> peer520.ipv4: reloading
bird: 2026-07-27 20:05:38.982 [0000] <INFO> Reloading channel peer520.ipv4 for export
bird: 2026-07-27 20:05:38.982 [0000] <INFO> Reloading channel peer521.ipv4 for import
bird: 2026-07-27 20:05:38.982 [0000] <DBG> peer521.ipv4: reloading
bird: 2026-07-27 20:05:38.982 [0000] <INFO> Reloading channel peer521.ipv4 for export
bird: 2026-07-27 20:05:38.982 [0000] <INFO> Reloading channel peer522.ipv4 for import
bird: 2026-07-27 20:05:38.982 [0000] <DBG> peer522.ipv4: reloading
bird: 2026-07-27 20:05:38.982 [0000] <INFO> Reloading channel peer522.ipv4 for export
bird: 2026-07-27 20:05:38.982 [0000] <INFO> Reloading channel peer523.ipv4 for import
bird: 2026-07-27 20:05:38.982 [0000] <DBG> peer523.ipv4: reloading
bird: 2026-07-27 20:05:38.992 [0000] <INFO> Reloading channel peer523.ipv4 for export
bird: 2026-07-27 20:05:38.992 [0000] <INFO> Reloading channel peer524.ipv4 for import
bird: 2026-07-27 20:05:38.992 [0000] <DBG> peer524.ipv4: reloading
bird: 2026-07-27 20:05:38.992 [0000] <INFO> Reloading channel peer524.ipv4 for export
bird: 2026-07-27 20:05:38.992 [0000] <INFO> Reloading channel peer525.ipv4 for import
bird: 2026-07-27 20:05:38.992 [0000] <DBG> peer525.ipv4: reloading
bird: 2026-07-27 20:05:38.992 [0000] <INFO> Reloading channel peer525.ipv4 for export
bird: 2026-07-27 20:05:38.992 [0000] <INFO> Reloading channel peer526.ipv4 for import
bird: 2026-07-27 20:05:38.992 [0000] <DBG> peer526.ipv4: reloading
bird: 2026-07-27 20:05:38.992 [0000] <INFO> Reloading channel peer526.ipv4 for export
bird: 2026-07-27 20:05:38.992 [0000] <INFO> Reloading channel peer527.ipv4 for import
bird: 2026-07-27 20:05:38.992 [0000] <DBG> peer527.ipv4: reloading
bird: 2026-07-27 20:05:38.992 [0000] <INFO> Reloading channel peer527.ipv4 for export
bird: 2026-07-27 20:05:38.992 [0000] <INFO> Reloading channel peer528.ipv4 for import
bird: 2026-07-27 20:05:38.992 [0000] <DBG> peer528.ipv4: reloading
bird: 2026-07-27 20:05:38.992 [0000] <INFO> Reloading channel peer528.ipv4 for export
bird: 2026-07-27 20:05:38.992 [0000] <INFO> Reloading channel peer529.ipv4 for import
bird: 2026-07-27 20:05:38.992 [0000] <DBG> peer529.ipv4: reloading
bird: 2026-07-27 20:05:38.992 [0000] <INFO> Reloading channel peer529.ipv4 for export
bird: 2026-07-27 20:05:38.992 [0000] <INFO> Reloading channel peer530.ipv4 for import
bird: 2026-07-27 20:05:38.992 [0000] <DBG> peer530.ipv4: reloading
bird: 2026-07-27 20:05:38.992 [0000] <INFO> Reloading channel peer530.ipv4 for export
bird: 2026-07-27 20:05:38.992 [0000] <INFO> Reloading channel peer531.ipv4 for import
bird: 2026-07-27 20:05:38.992 [0000] <DBG> peer531.ipv4: reloading
bird: 2026-07-27 20:05:38.992 [0000] <INFO> Reloading channel peer531.ipv4 for export
bird: 2026-07-27 20:05:38.992 [0000] <INFO> Reloading channel peer532.ipv4 for import
bird: 2026-07-27 20:05:38.992 [0000] <DBG> peer532.ipv4: reloading
bird: 2026-07-27 20:05:38.992 [0000] <INFO> Reloading channel peer532.ipv4 for export
bird: 2026-07-27 20:05:38.992 [0000] <INFO> Reloading channel peer533.ipv4 for import
bird: 2026-07-27 20:05:38.992 [0000] <DBG> peer533.ipv4: reloading
bird: 2026-07-27 20:05:38.992 [0000] <INFO> Reloading channel peer533.ipv4 for export
bird: 2026-07-27 20:05:38.992 [0000] <INFO> Reloading channel peer534.ipv4 for import
bird: 2026-07-27 20:05:38.992 [0000] <DBG> peer534.ipv4: reloading
bird: 2026-07-27 20:05:38.992 [0000] <INFO> Reloading channel peer534.ipv4 for export
bird: 2026-07-27 20:05:38.992 [0000] <INFO> Reloading channel peer535.ipv4 for import
bird: 2026-07-27 20:05:38.992 [0000] <DBG> peer535.ipv4: reloading
bird: 2026-07-27 20:05:38.992 [0000] <INFO> Reloading channel peer535.ipv4 for export
bird: 2026-07-27 20:05:38.992 [0000] <INFO> Reloading channel peer536.ipv4 for import
bird: 2026-07-27 20:05:38.992 [0000] <DBG> peer536.ipv4: reloading
bird: 2026-07-27 20:05:38.992 [0000] <INFO> Reloading channel peer536.ipv4 for export
bird: 2026-07-27 20:05:38.992 [0000] <INFO> Reloading channel peer537.ipv4 for import
bird: 2026-07-27 20:05:38.992 [0000] <DBG> peer537.ipv4: reloading
bird: 2026-07-27 20:05:38.992 [0000] <INFO> Reloading channel peer537.ipv4 for export
bird: 2026-07-27 20:05:38.992 [0000] <INFO> Reloading channel peer538.ipv4 for import
bird: 2026-07-27 20:05:38.992 [0000] <DBG> peer538.ipv4: reloading
bird: 2026-07-27 20:05:38.992 [0000] <INFO> Reloading channel peer538.ipv4 for export
bird: 2026-07-27 20:05:38.992 [0000] <INFO> Reloading channel peer539.ipv4 for import
bird: 2026-07-27 20:05:38.992 [0000] <DBG> peer539.ipv4: reloading
bird: 2026-07-27 20:05:38.992 [0000] <INFO> Reloading channel peer539.ipv4 for export
bird: 2026-07-27 20:05:38.992 [0000] <INFO> Reloading channel peer540.ipv4 for import
bird: 2026-07-27 20:05:38.992 [0000] <DBG> peer540.ipv4: reloading
bird: 2026-07-27 20:05:38.992 [0000] <INFO> Reloading channel peer540.ipv4 for export
bird: 2026-07-27 20:05:38.992 [0000] <INFO> Reloading channel peer541.ipv4 for import
bird: 2026-07-27 20:05:38.992 [0000] <DBG> peer541.ipv4: reloading
bird: 2026-07-27 20:05:38.992 [0000] <INFO> Reloading channel peer541.ipv4 for export
bird: 2026-07-27 20:05:38.992 [0000] <INFO> Reloading channel peer542.ipv4 for import
bird: 2026-07-27 20:05:38.992 [0000] <DBG> peer542.ipv4: reloading
bird: 2026-07-27 20:05:38.992 [0000] <INFO> Reloading channel peer542.ipv4 for export
bird: 2026-07-27 20:05:38.992 [0000] <INFO> Reloading channel peer543.ipv4 for import
bird: 2026-07-27 20:05:38.992 [0000] <DBG> peer543.ipv4: reloading
bird: 2026-07-27 20:05:38.992 [0000] <INFO> Reloading channel peer543.ipv4 for export
bird: 2026-07-27 20:05:38.992 [0000] <INFO> Reloading channel peer544.ipv4 for import
bird: 2026-07-27 20:05:38.992 [0000] <DBG> peer544.ipv4: reloading
bird: 2026-07-27 20:05:38.992 [0000] <INFO> Reloading channel peer544.ipv4 for export
bird: 2026-07-27 20:05:38.992 [0000] <INFO> Reloading channel peer545.ipv4 for import
bird: 2026-07-27 20:05:38.992 [0000] <DBG> peer545.ipv4: reloading
bird: 2026-07-27 20:05:38.992 [0000] <INFO> Reloading channel peer545.ipv4 for export
bird: 2026-07-27 20:05:38.992 [0000] <INFO> Reloading channel peer546.ipv4 for import
bird: 2026-07-27 20:05:38.992 [0000] <DBG> peer546.ipv4: reloading
bird: 2026-07-27 20:05:38.992 [0000] <INFO> Reloading channel peer546.ipv4 for export
bird: 2026-07-27 20:05:38.992 [0000] <INFO> Reloading channel peer547.ipv4 for import
bird: 2026-07-27 20:05:38.992 [0000] <DBG> peer547.ipv4: reloading
bird: 2026-07-27 20:05:38.992 [0000] <INFO> Reloading channel peer547.ipv4 for export
bird: 2026-07-27 20:05:38.992 [0000] <INFO> Reloading channel peer548.ipv4 for import
bird: 2026-07-27 20:05:38.992 [0000] <DBG> peer548.ipv4: reloading
bird: 2026-07-27 20:05:38.992 [0000] <INFO> Reloading channel peer548.ipv4 for export
bird: 2026-07-27 20:05:38.992 [0000] <INFO> Reloading channel peer549.ipv4 for import
bird: 2026-07-27 20:05:38.992 [0000] <DBG> peer549.ipv4: reloading
bird: 2026-07-27 20:05:38.992 [0000] <INFO> Reloading channel peer549.ipv4 for export
bird: 2026-07-27 20:05:38.992 [0000] <INFO> Reloading channel peer550.ipv4 for import
bird: 2026-07-27 20:05:38.992 [0000] <DBG> peer550.ipv4: reloading
bird: 2026-07-27 20:05:38.992 [0000] <INFO> Reloading channel peer550.ipv4 for export
bird: 2026-07-27 20:05:38.992 [0000] <INFO> Reloading channel peer551.ipv4 for import
bird: 2026-07-27 20:05:38.992 [0000] <DBG> peer551.ipv4: reloading
bird: 2026-07-27 20:05:38.992 [0000] <INFO> Reloading channel peer551.ipv4 for export
bird: 2026-07-27 20:05:38.992 [0000] <INFO> Reloading channel peer552.ipv4 for import
bird: 2026-07-27 20:05:38.992 [0000] <DBG> peer552.ipv4: reloading
bird: 2026-07-27 20:05:38.992 [0000] <INFO> Reloading channel peer552.ipv4 for export
bird: 2026-07-27 20:05:38.992 [0000] <INFO> Reloading channel peer553.ipv4 for import
bird: 2026-07-27 20:05:38.992 [0000] <DBG> peer553.ipv4: reloading
bird: 2026-07-27 20:05:38.992 [0000] <INFO> Reloading channel peer553.ipv4 for export
bird: 2026-07-27 20:05:38.992 [0000] <INFO> Reloading channel peer554.ipv4 for import
bird: 2026-07-27 20:05:38.992 [0000] <DBG> peer554.ipv4: reloading
bird: 2026-07-27 20:05:38.992 [0000] <INFO> Reloading channel peer554.ipv4 for export
bird: 2026-07-27 20:05:38.992 [0000] <INFO> Reloading channel peer555.ipv4 for import
bird: 2026-07-27 20:05:38.992 [0000] <DBG> peer555.ipv4: reloading
bird: 2026-07-27 20:05:38.992 [0000] <INFO> Reloading channel peer555.ipv4 for export
bird: 2026-07-27 20:05:38.992 [0000] <INFO> Reloading channel peer556.ipv4 for import
bird: 2026-07-27 20:05:38.992 [0000] <DBG> peer556.ipv4: reloading
bird: 2026-07-27 20:05:38.992 [0000] <INFO> Reloading channel peer556.ipv4 for export
bird: 2026-07-27 20:05:38.992 [0000] <INFO> Reloading channel peer557.ipv4 for import
bird: 2026-07-27 20:05:38.992 [0000] <DBG> peer557.ipv4: reloading
bird: 2026-07-27 20:05:38.992 [0000] <INFO> Reloading channel peer557.ipv4 for export
bird: 2026-07-27 20:05:38.992 [0000] <INFO> Reloading channel peer558.ipv4 for import
bird: 2026-07-27 20:05:38.992 [0000] <DBG> peer558.ipv4: reloading
bird: 2026-07-27 20:05:38.992 [0000] <INFO> Reloading channel peer558.ipv4 for export
bird: 2026-07-27 20:05:38.992 [0000] <INFO> Reloading channel peer559.ipv4 for import
bird: 2026-07-27 20:05:38.992 [0000] <DBG> peer559.ipv4: reloading
bird: 2026-07-27 20:05:38.992 [0000] <INFO> Reloading channel peer559.ipv4 for export
bird: 2026-07-27 20:05:38.992 [0000] <INFO> Reloading channel peer560.ipv4 for import
bird: 2026-07-27 20:05:38.992 [0000] <DBG> peer560.ipv4: reloading
bird: 2026-07-27 20:05:38.992 [0000] <INFO> Reloading channel peer560.ipv4 for export
bird: 2026-07-27 20:05:38.992 [0000] <INFO> Reloading channel peer561.ipv4 for import
bird: 2026-07-27 20:05:38.992 [0000] <DBG> peer561.ipv4: reloading
bird: 2026-07-27 20:05:38.992 [0000] <INFO> Reloading channel peer561.ipv4 for export
bird: 2026-07-27 20:05:38.992 [0000] <INFO> Reloading channel peer562.ipv4 for import
bird: 2026-07-27 20:05:38.992 [0000] <DBG> peer562.ipv4: reloading
bird: 2026-07-27 20:05:38.992 [0000] <INFO> Reloading channel peer562.ipv4 for export
bird: 2026-07-27 20:05:38.992 [0000] <INFO> Reloading channel peer563.ipv4 for import
bird: 2026-07-27 20:05:38.992 [0000] <DBG> peer563.ipv4: reloading
bird: 2026-07-27 20:05:38.992 [0000] <INFO> Reloading channel peer563.ipv4 for export
bird: 2026-07-27 20:05:38.992 [0000] <INFO> Reloading channel peer564.ipv4 for import
bird: 2026-07-27 20:05:38.992 [0000] <DBG> peer564.ipv4: reloading
bird: 2026-07-27 20:05:38.992 [0000] <INFO> Reloading channel peer564.ipv4 for export
bird: 2026-07-27 20:05:38.992 [0000] <INFO> Reloading channel peer565.ipv4 for import
bird: 2026-07-27 20:05:38.992 [0000] <DBG> peer565.ipv4: reloading
bird: 2026-07-27 20:05:38.992 [0000] <INFO> Reloading channel peer565.ipv4 for export
bird: 2026-07-27 20:05:38.992 [0000] <INFO> Reloading channel peer566.ipv4 for import
bird: 2026-07-27 20:05:38.992 [0000] <DBG> peer566.ipv4: reloading
bird: 2026-07-27 20:05:38.992 [0000] <INFO> Reloading channel peer566.ipv4 for export
bird: 2026-07-27 20:05:38.992 [0000] <INFO> Reloading channel peer567.ipv4 for import
bird: 2026-07-27 20:05:38.992 [0000] <DBG> peer567.ipv4: reloading
bird: 2026-07-27 20:05:38.992 [0000] <INFO> Reloading channel peer567.ipv4 for export
bird: 2026-07-27 20:05:38.992 [0000] <INFO> Reloading channel peer568.ipv4 for import
bird: 2026-07-27 20:05:38.992 [0000] <DBG> peer568.ipv4: reloading
bird: 2026-07-27 20:05:38.992 [0000] <INFO> Reloading channel peer568.ipv4 for export
bird: 2026-07-27 20:05:38.992 [0000] <INFO> Reloading channel peer569.ipv4 for import
bird: 2026-07-27 20:05:38.992 [0000] <DBG> peer569.ipv4: reloading
bird: 2026-07-27 20:05:38.992 [0000] <INFO> Reloading channel peer569.ipv4 for export
bird: 2026-07-27 20:05:38.992 [0000] <INFO> Reloading channel peer570.ipv4 for import
bird: 2026-07-27 20:05:38.992 [0000] <DBG> peer570.ipv4: reloading
bird: 2026-07-27 20:05:38.992 [0000] <INFO> Reloading channel peer570.ipv4 for export
bird: 2026-07-27 20:05:38.992 [0000] <INFO> Reloading channel peer571.ipv4 for import
bird: 2026-07-27 20:05:38.992 [0000] <DBG> peer571.ipv4: reloading
bird: 2026-07-27 20:05:38.992 [0000] <INFO> Reloading channel peer571.ipv4 for export
bird: 2026-07-27 20:05:38.992 [0000] <INFO> Reloading channel peer572.ipv4 for import
bird: 2026-07-27 20:05:38.992 [0000] <DBG> peer572.ipv4: reloading
bird: 2026-07-27 20:05:38.992 [0000] <INFO> Reloading channel peer572.ipv4 for export
bird: 2026-07-27 20:05:38.992 [0000] <INFO> Reloading channel peer573.ipv4 for import
bird: 2026-07-27 20:05:38.992 [0000] <DBG> peer573.ipv4: reloading
bird: 2026-07-27 20:05:38.992 [0000] <INFO> Reloading channel peer573.ipv4 for export
bird: 2026-07-27 20:05:38.992 [0000] <INFO> Reloading channel peer574.ipv4 for import
bird: 2026-07-27 20:05:38.992 [0000] <DBG> peer574.ipv4: reloading
bird: 2026-07-27 20:05:38.992 [0000] <INFO> Reloading channel peer574.ipv4 for export
bird: 2026-07-27 20:05:38.992 [0000] <INFO> Reloading channel peer575.ipv4 for import
bird: 2026-07-27 20:05:38.992 [0000] <DBG> peer575.ipv4: reloading
bird: 2026-07-27 20:05:38.992 [0000] <INFO> Reloading channel peer575.ipv4 for export
bird: 2026-07-27 20:05:38.992 [0000] <INFO> Reloading channel peer576.ipv4 for import
bird: 2026-07-27 20:05:38.992 [0000] <DBG> peer576.ipv4: reloading
bird: 2026-07-27 20:05:38.992 [0000] <INFO> Reloading channel peer576.ipv4 for export
bird: 2026-07-27 20:05:38.992 [0000] <INFO> Reloading channel peer577.ipv4 for import
bird: 2026-07-27 20:05:38.992 [0000] <DBG> peer577.ipv4: reloading
bird: 2026-07-27 20:05:38.992 [0000] <INFO> Reloading channel peer577.ipv4 for export
bird: 2026-07-27 20:05:38.992 [0000] <INFO> Reloading channel peer578.ipv4 for import
bird: 2026-07-27 20:05:38.992 [0000] <DBG> peer578.ipv4: reloading
bird: 2026-07-27 20:05:38.992 [0000] <INFO> Reloading channel peer578.ipv4 for export
bird: 2026-07-27 20:05:38.992 [0000] <INFO> Reloading channel peer579.ipv4 for import
bird: 2026-07-27 20:05:38.992 [0000] <DBG> peer579.ipv4: reloading
bird: 2026-07-27 20:05:38.992 [0000] <INFO> Reloading channel peer579.ipv4 for export
bird: 2026-07-27 20:05:38.992 [0000] <INFO> Reloading channel peer580.ipv4 for import
bird: 2026-07-27 20:05:38.992 [0000] <DBG> peer580.ipv4: reloading
bird: 2026-07-27 20:05:38.992 [0000] <INFO> Reloading channel peer580.ipv4 for export
bird: 2026-07-27 20:05:38.992 [0000] <INFO> Reloading channel peer581.ipv4 for import
bird: 2026-07-27 20:05:38.992 [0000] <DBG> peer581.ipv4: reloading
bird: 2026-07-27 20:05:38.992 [0000] <INFO> Reloading channel peer581.ipv4 for export
bird: 2026-07-27 20:05:38.992 [0000] <INFO> Reloading channel peer582.ipv4 for import
bird: 2026-07-27 20:05:38.992 [0000] <DBG> peer582.ipv4: reloading
bird: 2026-07-27 20:05:38.992 [0000] <INFO> Reloading channel peer582.ipv4 for export
bird: 2026-07-27 20:05:38.992 [0000] <INFO> Reloading channel peer583.ipv4 for import
bird: 2026-07-27 20:05:38.992 [0000] <DBG> peer583.ipv4: reloading
bird: 2026-07-27 20:05:38.992 [0000] <INFO> Reloading channel peer583.ipv4 for export
bird: 2026-07-27 20:05:38.992 [0000] <INFO> Reloading channel peer584.ipv4 for import
bird: 2026-07-27 20:05:38.992 [0000] <DBG> peer584.ipv4: reloading
bird: 2026-07-27 20:05:38.992 [0000] <INFO> Reloading channel peer584.ipv4 for export
bird: 2026-07-27 20:05:38.992 [0000] <INFO> Reloading channel peer585.ipv4 for import
bird: 2026-07-27 20:05:38.992 [0000] <DBG> peer585.ipv4: reloading
bird: 2026-07-27 20:05:38.992 [0000] <INFO> Reloading channel peer585.ipv4 for export
bird: 2026-07-27 20:05:38.992 [0000] <INFO> Reloading channel peer586.ipv4 for import
bird: 2026-07-27 20:05:38.992 [0000] <DBG> peer586.ipv4: reloading
bird: 2026-07-27 20:05:38.992 [0000] <INFO> Reloading channel peer586.ipv4 for export
bird: 2026-07-27 20:05:38.992 [0000] <INFO> Reloading channel peer587.ipv4 for import
bird: 2026-07-27 20:05:38.992 [0000] <DBG> peer587.ipv4: reloading
bird: 2026-07-27 20:05:38.992 [0000] <INFO> Reloading channel peer587.ipv4 for export
bird: 2026-07-27 20:05:38.992 [0000] <INFO> Reloading channel peer588.ipv4 for import
bird: 2026-07-27 20:05:38.992 [0000] <DBG> peer588.ipv4: reloading
bird: 2026-07-27 20:05:38.992 [0000] <INFO> Reloading channel peer588.ipv4 for export
bird: 2026-07-27 20:05:38.992 [0000] <INFO> Reloading channel peer589.ipv4 for import
bird: 2026-07-27 20:05:38.992 [0000] <DBG> peer589.ipv4: reloading
bird: 2026-07-27 20:05:38.992 [0000] <INFO> Reloading channel peer589.ipv4 for export
bird: 2026-07-27 20:05:38.992 [0000] <INFO> Reloading channel peer590.ipv4 for import
bird: 2026-07-27 20:05:38.992 [0000] <DBG> peer590.ipv4: reloading
bird: 2026-07-27 20:05:38.992 [0000] <INFO> Reloading channel peer590.ipv4 for export
bird: 2026-07-27 20:05:38.992 [0000] <INFO> Reloading channel peer591.ipv4 for import
bird: 2026-07-27 20:05:38.992 [0000] <DBG> peer591.ipv4: reloading
bird: 2026-07-27 20:05:38.992 [0000] <INFO> Reloading channel peer591.ipv4 for export
bird: 2026-07-27 20:05:38.992 [0000] <INFO> Reloading channel peer592.ipv4 for import
bird: 2026-07-27 20:05:38.992 [0000] <DBG> peer592.ipv4: reloading
bird: 2026-07-27 20:05:38.992 [0000] <INFO> Reloading channel peer592.ipv4 for export
bird: 2026-07-27 20:05:38.992 [0000] <INFO> Reloading channel peer593.ipv4 for import
bird: 2026-07-27 20:05:38.992 [0000] <DBG> peer593.ipv4: reloading
bird: 2026-07-27 20:05:38.992 [0000] <INFO> Reloading channel peer593.ipv4 for export
bird: 2026-07-27 20:05:38.992 [0000] <INFO> Reloading channel peer594.ipv4 for import
bird: 2026-07-27 20:05:38.992 [0000] <DBG> peer594.ipv4: reloading
bird: 2026-07-27 20:05:38.992 [0000] <INFO> Reloading channel peer594.ipv4 for export
bird: 2026-07-27 20:05:38.992 [0000] <INFO> Reloading channel peer595.ipv4 for import
bird: 2026-07-27 20:05:38.992 [0000] <DBG> peer595.ipv4: reloading
bird: 2026-07-27 20:05:38.992 [0000] <INFO> Reloading channel peer595.ipv4 for export
bird: 2026-07-27 20:05:38.992 [0000] <INFO> Reloading channel peer596.ipv4 for import
bird: 2026-07-27 20:05:38.992 [0000] <DBG> peer596.ipv4: reloading
bird: 2026-07-27 20:05:38.992 [0000] <INFO> Reloading channel peer596.ipv4 for export
bird: 2026-07-27 20:05:38.992 [0000] <INFO> Reloading channel peer597.ipv4 for import
bird: 2026-07-27 20:05:38.992 [0000] <DBG> peer597.ipv4: reloading
bird: 2026-07-27 20:05:38.992 [0000] <INFO> Reloading channel peer597.ipv4 for export
bird: 2026-07-27 20:05:38.992 [0000] <INFO> Reloading channel peer598.ipv4 for import
bird: 2026-07-27 20:05:38.992 [0000] <DBG> peer598.ipv4: reloading
bird: 2026-07-27 20:05:38.992 [0000] <INFO> Reloading channel peer598.ipv4 for export
bird: 2026-07-27 20:05:38.992 [0000] <INFO> Reloading channel peer599.ipv4 for import
bird: 2026-07-27 20:05:38.992 [0000] <DBG> peer599.ipv4: reloading
bird: 2026-07-27 20:05:38.992 [0000] <INFO> Reloading channel peer599.ipv4 for export
bird: 2026-07-27 20:05:38.992 [0000] <INFO> Reloading channel peer600.ipv4 for import
bird: 2026-07-27 20:05:38.992 [0000] <DBG> peer600.ipv4: reloading
bird: 2026-07-27 20:05:38.992 [0000] <INFO> Reloading channel peer600.ipv4 for export
bird: 2026-07-27 20:05:38.992 [0000] <INFO> Reloading channel peer601.ipv4 for import
bird: 2026-07-27 20:05:38.992 [0000] <DBG> peer601.ipv4: reloading
bird: 2026-07-27 20:05:38.992 [0000] <INFO> Reloading channel peer601.ipv4 for export
bird: 2026-07-27 20:05:38.992 [0000] <INFO> Reloading channel peer602.ipv4 for import
bird: 2026-07-27 20:05:38.992 [0000] <DBG> peer602.ipv4: reloading
bird: 2026-07-27 20:05:38.992 [0000] <INFO> Reloading channel peer602.ipv4 for export
bird: 2026-07-27 20:05:38.992 [0000] <INFO> Reloading channel peer603.ipv4 for import
bird: 2026-07-27 20:05:38.992 [0000] <DBG> peer603.ipv4: reloading
bird: 2026-07-27 20:05:38.992 [0000] <INFO> Reloading channel peer603.ipv4 for export
bird: 2026-07-27 20:05:38.992 [0000] <INFO> Reloading channel peer604.ipv4 for import
bird: 2026-07-27 20:05:38.992 [0000] <DBG> peer604.ipv4: reloading
bird: 2026-07-27 20:05:38.992 [0000] <INFO> Reloading channel peer604.ipv4 for export
bird: 2026-07-27 20:05:38.992 [0000] <INFO> Reloading channel peer605.ipv4 for import
bird: 2026-07-27 20:05:38.992 [0000] <DBG> peer605.ipv4: reloading
bird: 2026-07-27 20:05:38.992 [0000] <INFO> Reloading channel peer605.ipv4 for export
bird: 2026-07-27 20:05:38.992 [0000] <INFO> Reloading channel peer606.ipv4 for import
bird: 2026-07-27 20:05:38.992 [0000] <DBG> peer606.ipv4: reloading
bird: 2026-07-27 20:05:38.992 [0000] <INFO> Reloading channel peer606.ipv4 for export
bird: 2026-07-27 20:05:38.992 [0000] <INFO> Reloading channel peer607.ipv4 for import
bird: 2026-07-27 20:05:38.992 [0000] <DBG> peer607.ipv4: reloading
bird: 2026-07-27 20:05:38.992 [0000] <INFO> Reloading channel peer607.ipv4 for export
bird: 2026-07-27 20:05:38.992 [0000] <INFO> Reloading channel peer608.ipv4 for import
bird: 2026-07-27 20:05:38.992 [0000] <DBG> peer608.ipv4: reloading
bird: 2026-07-27 20:05:38.992 [0000] <INFO> Reloading channel peer608.ipv4 for export
bird: 2026-07-27 20:05:38.992 [0000] <INFO> Reloading channel peer609.ipv4 for import
bird: 2026-07-27 20:05:38.992 [0000] <DBG> peer609.ipv4: reloading
bird: 2026-07-27 20:05:38.992 [0000] <INFO> Reloading channel peer609.ipv4 for export
bird: 2026-07-27 20:05:38.992 [0000] <INFO> Reloading channel peer610.ipv4 for import
bird: 2026-07-27 20:05:38.992 [0000] <DBG> peer610.ipv4: reloading
bird: 2026-07-27 20:05:38.992 [0000] <INFO> Reloading channel peer610.ipv4 for export
bird: 2026-07-27 20:05:38.992 [0000] <INFO> Reloading channel peer611.ipv4 for import
bird: 2026-07-27 20:05:38.992 [0000] <DBG> peer611.ipv4: reloading
bird: 2026-07-27 20:05:38.992 [0000] <INFO> Reloading channel peer611.ipv4 for export
bird: 2026-07-27 20:05:38.992 [0000] <INFO> Reloading channel peer612.ipv4 for import
bird: 2026-07-27 20:05:38.992 [0000] <DBG> peer612.ipv4: reloading
bird: 2026-07-27 20:05:38.992 [0000] <INFO> Reloading channel peer612.ipv4 for export
bird: 2026-07-27 20:05:38.992 [0000] <INFO> Reloading channel peer613.ipv4 for import
bird: 2026-07-27 20:05:38.992 [0000] <DBG> peer613.ipv4: reloading
bird: 2026-07-27 20:05:38.992 [0000] <INFO> Reloading channel peer613.ipv4 for export
bird: 2026-07-27 20:05:38.992 [0000] <INFO> Reloading channel peer614.ipv4 for import
bird: 2026-07-27 20:05:38.992 [0000] <DBG> peer614.ipv4: reloading
bird: 2026-07-27 20:05:38.992 [0000] <INFO> Reloading channel peer614.ipv4 for export
bird: 2026-07-27 20:05:38.992 [0000] <INFO> Reloading channel peer615.ipv4 for import
bird: 2026-07-27 20:05:38.992 [0000] <DBG> peer615.ipv4: reloading
bird: 2026-07-27 20:05:38.992 [0000] <INFO> Reloading channel peer615.ipv4 for export
bird: 2026-07-27 20:05:38.992 [0000] <INFO> Reloading channel peer616.ipv4 for import
bird: 2026-07-27 20:05:38.992 [0000] <DBG> peer616.ipv4: reloading
bird: 2026-07-27 20:05:38.992 [0000] <INFO> Reloading channel peer616.ipv4 for export
bird: 2026-07-27 20:05:38.992 [0000] <INFO> Reloading channel peer617.ipv4 for import
bird: 2026-07-27 20:05:38.992 [0000] <DBG> peer617.ipv4: reloading
bird: 2026-07-27 20:05:38.992 [0000] <INFO> Reloading channel peer617.ipv4 for export
bird: 2026-07-27 20:05:38.992 [0000] <INFO> Reloading channel peer618.ipv4 for import
bird: 2026-07-27 20:05:38.992 [0000] <DBG> peer618.ipv4: reloading
bird: 2026-07-27 20:05:38.992 [0000] <INFO> Reloading channel peer618.ipv4 for export
bird: 2026-07-27 20:05:38.992 [0000] <INFO> Reloading channel peer619.ipv4 for import
bird: 2026-07-27 20:05:38.992 [0000] <DBG> peer619.ipv4: reloading
bird: 2026-07-27 20:05:38.992 [0000] <INFO> Reloading channel peer619.ipv4 for export
bird: 2026-07-27 20:05:38.992 [0000] <INFO> Reloading channel peer620.ipv4 for import
bird: 2026-07-27 20:05:38.992 [0000] <DBG> peer620.ipv4: reloading
bird: 2026-07-27 20:05:38.992 [0000] <INFO> Reloading channel peer620.ipv4 for export
bird: 2026-07-27 20:05:38.992 [0000] <INFO> Reloading channel peer621.ipv4 for import
bird: 2026-07-27 20:05:38.992 [0000] <DBG> peer621.ipv4: reloading
bird: 2026-07-27 20:05:38.992 [0000] <INFO> Reloading channel peer621.ipv4 for export
bird: 2026-07-27 20:05:38.992 [0000] <INFO> Reloading channel peer622.ipv4 for import
bird: 2026-07-27 20:05:38.992 [0000] <DBG> peer622.ipv4: reloading
bird: 2026-07-27 20:05:38.992 [0000] <INFO> Reloading channel peer622.ipv4 for export
bird: 2026-07-27 20:05:38.992 [0000] <INFO> Reloading channel peer623.ipv4 for import
bird: 2026-07-27 20:05:38.992 [0000] <DBG> peer623.ipv4: reloading
bird: 2026-07-27 20:05:38.992 [0000] <INFO> Reloading channel peer623.ipv4 for export
bird: 2026-07-27 20:05:38.992 [0000] <INFO> Reloading channel peer624.ipv4 for import
bird: 2026-07-27 20:05:38.992 [0000] <DBG> peer624.ipv4: reloading
bird: 2026-07-27 20:05:38.992 [0000] <INFO> Reloading channel peer624.ipv4 for export
bird: 2026-07-27 20:05:38.992 [0000] <INFO> Reloading channel peer625.ipv4 for import
bird: 2026-07-27 20:05:38.992 [0000] <DBG> peer625.ipv4: reloading
bird: 2026-07-27 20:05:38.992 [0000] <INFO> Reloading channel peer625.ipv4 for export
bird: 2026-07-27 20:05:38.992 [0000] <INFO> Reloading channel peer626.ipv4 for import
bird: 2026-07-27 20:05:38.992 [0000] <DBG> peer626.ipv4: reloading
bird: 2026-07-27 20:05:38.992 [0000] <INFO> Reloading channel peer626.ipv4 for export
bird: 2026-07-27 20:05:38.992 [0000] <INFO> Reloading channel peer627.ipv4 for import
bird: 2026-07-27 20:05:38.992 [0000] <DBG> peer627.ipv4: reloading
bird: 2026-07-27 20:05:38.992 [0000] <INFO> Reloading channel peer627.ipv4 for export
bird: 2026-07-27 20:05:38.992 [0000] <INFO> Reloading channel peer628.ipv4 for import
bird: 2026-07-27 20:05:38.992 [0000] <DBG> peer628.ipv4: reloading
bird: 2026-07-27 20:05:38.992 [0000] <INFO> Reloading channel peer628.ipv4 for export
bird: 2026-07-27 20:05:38.992 [0000] <INFO> Reloading channel peer629.ipv4 for import
bird: 2026-07-27 20:05:38.992 [0000] <DBG> peer629.ipv4: reloading
bird: 2026-07-27 20:05:38.992 [0000] <INFO> Reloading channel peer629.ipv4 for export
bird: 2026-07-27 20:05:38.992 [0000] <INFO> Reloading channel peer630.ipv4 for import
bird: 2026-07-27 20:05:38.992 [0000] <DBG> peer630.ipv4: reloading
bird: 2026-07-27 20:05:38.992 [0000] <INFO> Reloading channel peer630.ipv4 for export
bird: 2026-07-27 20:05:38.992 [0000] <INFO> Reloading channel peer631.ipv4 for import
bird: 2026-07-27 20:05:38.992 [0000] <DBG> peer631.ipv4: reloading
bird: 2026-07-27 20:05:38.992 [0000] <INFO> Reloading channel peer631.ipv4 for export
bird: 2026-07-27 20:05:38.992 [0000] <INFO> Reloading channel peer632.ipv4 for import
bird: 2026-07-27 20:05:38.992 [0000] <DBG> peer632.ipv4: reloading
bird: 2026-07-27 20:05:38.992 [0000] <INFO> Reloading channel peer632.ipv4 for export
bird: 2026-07-27 20:05:38.992 [0000] <INFO> Reloading channel peer633.ipv4 for import
bird: 2026-07-27 20:05:38.992 [0000] <DBG> peer633.ipv4: reloading
bird: 2026-07-27 20:05:38.992 [0000] <INFO> Reloading channel peer633.ipv4 for export
bird: 2026-07-27 20:05:38.992 [0000] <INFO> Reloading channel peer634.ipv4 for import
bird: 2026-07-27 20:05:38.992 [0000] <DBG> peer634.ipv4: reloading
bird: 2026-07-27 20:05:38.992 [0000] <INFO> Reloading channel peer634.ipv4 for export
bird: 2026-07-27 20:05:38.992 [0000] <INFO> Reloading channel peer635.ipv4 for import
bird: 2026-07-27 20:05:38.992 [0000] <DBG> peer635.ipv4: reloading
bird: 2026-07-27 20:05:38.992 [0000] <INFO> Reloading channel peer635.ipv4 for export
bird: 2026-07-27 20:05:38.992 [0000] <INFO> Reloading channel peer636.ipv4 for import
bird: 2026-07-27 20:05:38.992 [0000] <DBG> peer636.ipv4: reloading
bird: 2026-07-27 20:05:38.992 [0000] <INFO> Reloading channel peer636.ipv4 for export
bird: 2026-07-27 20:05:38.992 [0000] <INFO> Reloading channel peer637.ipv4 for import
bird: 2026-07-27 20:05:38.992 [0000] <DBG> peer637.ipv4: reloading
bird: 2026-07-27 20:05:38.992 [0000] <INFO> Reloading channel peer637.ipv4 for export
bird: 2026-07-27 20:05:38.992 [0000] <INFO> Reloading channel peer638.ipv4 for import
bird: 2026-07-27 20:05:38.992 [0000] <DBG> peer638.ipv4: reloading
bird: 2026-07-27 20:05:38.992 [0000] <INFO> Reloading channel peer638.ipv4 for export
bird: 2026-07-27 20:05:38.992 [0000] <INFO> Reloading channel peer639.ipv4 for import
bird: 2026-07-27 20:05:38.992 [0000] <DBG> peer639.ipv4: reloading
bird: 2026-07-27 20:05:38.992 [0000] <INFO> Reloading channel peer639.ipv4 for export
bird: 2026-07-27 20:05:38.992 [0000] <INFO> Reloading channel peer640.ipv4 for import
bird: 2026-07-27 20:05:38.992 [0000] <DBG> peer640.ipv4: reloading
bird: 2026-07-27 20:05:38.992 [0000] <INFO> Reloading channel peer640.ipv4 for export
bird: 2026-07-27 20:05:38.992 [0000] <INFO> Reloading channel peer641.ipv4 for import
bird: 2026-07-27 20:05:38.992 [0000] <DBG> peer641.ipv4: reloading
bird: 2026-07-27 20:05:38.992 [0000] <INFO> Reloading channel peer641.ipv4 for export
bird: 2026-07-27 20:05:38.992 [0000] <INFO> Reloading channel peer642.ipv4 for import
bird: 2026-07-27 20:05:38.992 [0000] <DBG> peer642.ipv4: reloading
bird: 2026-07-27 20:05:38.992 [0000] <INFO> Reloading channel peer642.ipv4 for export
bird: 2026-07-27 20:05:38.992 [0000] <INFO> Reloading channel peer643.ipv4 for import
bird: 2026-07-27 20:05:38.992 [0000] <DBG> peer643.ipv4: reloading
bird: 2026-07-27 20:05:38.992 [0000] <INFO> Reloading channel peer643.ipv4 for export
bird: 2026-07-27 20:05:38.992 [0000] <INFO> Reloading channel peer644.ipv4 for import
bird: 2026-07-27 20:05:38.992 [0000] <DBG> peer644.ipv4: reloading
bird: 2026-07-27 20:05:38.992 [0000] <INFO> Reloading channel peer644.ipv4 for export
bird: 2026-07-27 20:05:38.992 [0000] <INFO> Reloading channel peer645.ipv4 for import
bird: 2026-07-27 20:05:38.992 [0000] <DBG> peer645.ipv4: reloading
bird: 2026-07-27 20:05:38.992 [0000] <INFO> Reloading channel peer645.ipv4 for export
bird: 2026-07-27 20:05:38.992 [0000] <INFO> Reloading channel peer646.ipv4 for import
bird: 2026-07-27 20:05:38.992 [0000] <DBG> peer646.ipv4: reloading
bird: 2026-07-27 20:05:38.992 [0000] <INFO> Reloading channel peer646.ipv4 for export
bird: 2026-07-27 20:05:38.992 [0000] <INFO> Reloading channel peer647.ipv4 for import
bird: 2026-07-27 20:05:38.992 [0000] <DBG> peer647.ipv4: reloading
bird: 2026-07-27 20:05:38.992 [0000] <INFO> Reloading channel peer647.ipv4 for export
bird: 2026-07-27 20:05:38.992 [0000] <INFO> Reloading channel peer648.ipv4 for import
bird: 2026-07-27 20:05:38.992 [0000] <DBG> peer648.ipv4: reloading
bird: 2026-07-27 20:05:38.992 [0000] <INFO> Reloading channel peer648.ipv4 for export
bird: 2026-07-27 20:05:38.992 [0000] <INFO> Reloading channel peer649.ipv4 for import
bird: 2026-07-27 20:05:38.992 [0000] <DBG> peer649.ipv4: reloading
bird: 2026-07-27 20:05:38.992 [0000] <INFO> Reloading channel peer649.ipv4 for export
bird: 2026-07-27 20:05:38.992 [0000] <INFO> Reloading channel peer650.ipv4 for import
bird: 2026-07-27 20:05:38.992 [0000] <DBG> peer650.ipv4: reloading
bird: 2026-07-27 20:05:38.992 [0000] <INFO> Reloading channel peer650.ipv4 for export
bird: 2026-07-27 20:05:38.992 [0000] <INFO> Reloading channel peer651.ipv4 for import
bird: 2026-07-27 20:05:38.992 [0000] <DBG> peer651.ipv4: reloading
bird: 2026-07-27 20:05:38.992 [0000] <INFO> Reloading channel peer651.ipv4 for export
bird: 2026-07-27 20:05:38.992 [0000] <INFO> Reloading channel peer652.ipv4 for import
bird: 2026-07-27 20:05:38.992 [0000] <DBG> peer652.ipv4: reloading
bird: 2026-07-27 20:05:38.992 [0000] <INFO> Reloading channel peer652.ipv4 for export
bird: 2026-07-27 20:05:38.992 [0000] <INFO> Reloading channel peer653.ipv4 for import
bird: 2026-07-27 20:05:38.992 [0000] <DBG> peer653.ipv4: reloading
bird: 2026-07-27 20:05:38.992 [0000] <INFO> Reloading channel peer653.ipv4 for export
bird: 2026-07-27 20:05:38.992 [0000] <INFO> Reloading channel peer654.ipv4 for import
bird: 2026-07-27 20:05:38.992 [0000] <DBG> peer654.ipv4: reloading
bird: 2026-07-27 20:05:38.992 [0000] <INFO> Reloading channel peer654.ipv4 for export
bird: 2026-07-27 20:05:38.992 [0000] <INFO> Reloading channel peer655.ipv4 for import
bird: 2026-07-27 20:05:38.992 [0000] <DBG> peer655.ipv4: reloading
bird: 2026-07-27 20:05:38.992 [0000] <INFO> Reloading channel peer655.ipv4 for export
bird: 2026-07-27 20:05:38.992 [0000] <INFO> Reloading channel peer656.ipv4 for import
bird: 2026-07-27 20:05:38.992 [0000] <DBG> peer656.ipv4: reloading
bird: 2026-07-27 20:05:38.992 [0000] <INFO> Reloading channel peer656.ipv4 for export
bird: 2026-07-27 20:05:38.992 [0000] <INFO> Reloading channel peer657.ipv4 for import
bird: 2026-07-27 20:05:38.992 [0000] <DBG> peer657.ipv4: reloading
bird: 2026-07-27 20:05:38.992 [0000] <INFO> Reloading channel peer657.ipv4 for export
bird: 2026-07-27 20:05:38.992 [0000] <INFO> Reloading channel peer658.ipv4 for import
bird: 2026-07-27 20:05:38.992 [0000] <DBG> peer658.ipv4: reloading
bird: 2026-07-27 20:05:38.992 [0000] <INFO> Reloading channel peer658.ipv4 for export
bird: 2026-07-27 20:05:38.992 [0000] <INFO> Reloading channel peer659.ipv4 for import
bird: 2026-07-27 20:05:38.992 [0000] <DBG> peer659.ipv4: reloading
bird: 2026-07-27 20:05:38.992 [0000] <INFO> Reloading channel peer659.ipv4 for export
bird: 2026-07-27 20:05:38.992 [0000] <INFO> Reloading channel peer660.ipv4 for import
bird: 2026-07-27 20:05:38.992 [0000] <DBG> peer660.ipv4: reloading
bird: 2026-07-27 20:05:38.992 [0000] <INFO> Reloading channel peer660.ipv4 for export
bird: 2026-07-27 20:05:38.992 [0000] <INFO> Reloading channel peer661.ipv4 for import
bird: 2026-07-27 20:05:38.992 [0000] <DBG> peer661.ipv4: reloading
bird: 2026-07-27 20:05:38.992 [0000] <INFO> Reloading channel peer661.ipv4 for export
bird: 2026-07-27 20:05:38.992 [0000] <INFO> Reloading channel peer662.ipv4 for import
bird: 2026-07-27 20:05:38.992 [0000] <DBG> peer662.ipv4: reloading
bird: 2026-07-27 20:05:38.992 [0000] <INFO> Reloading channel peer662.ipv4 for export
bird: 2026-07-27 20:05:38.992 [0000] <INFO> Reloading channel peer663.ipv4 for import
bird: 2026-07-27 20:05:38.992 [0000] <DBG> peer663.ipv4: reloading
bird: 2026-07-27 20:05:38.992 [0000] <INFO> Reloading channel peer663.ipv4 for export
bird: 2026-07-27 20:05:38.992 [0000] <INFO> Reloading channel peer664.ipv4 for import
bird: 2026-07-27 20:05:38.992 [0000] <DBG> peer664.ipv4: reloading
bird: 2026-07-27 20:05:38.992 [0000] <INFO> Reloading channel peer664.ipv4 for export
bird: 2026-07-27 20:05:38.992 [0000] <INFO> Reloading channel peer665.ipv4 for import
bird: 2026-07-27 20:05:38.992 [0000] <DBG> peer665.ipv4: reloading
bird: 2026-07-27 20:05:38.992 [0000] <INFO> Reloading channel peer665.ipv4 for export
bird: 2026-07-27 20:05:38.992 [0000] <INFO> Reloading channel peer666.ipv4 for import
bird: 2026-07-27 20:05:38.992 [0000] <DBG> peer666.ipv4: reloading
bird: 2026-07-27 20:05:38.992 [0000] <INFO> Reloading channel peer666.ipv4 for export
bird: 2026-07-27 20:05:38.992 [0000] <INFO> Reloading channel peer667.ipv4 for import
bird: 2026-07-27 20:05:38.992 [0000] <DBG> peer667.ipv4: reloading
bird: 2026-07-27 20:05:38.992 [0000] <INFO> Reloading channel peer667.ipv4 for export
bird: 2026-07-27 20:05:38.992 [0000] <INFO> Reloading channel peer668.ipv4 for import
bird: 2026-07-27 20:05:38.992 [0000] <DBG> peer668.ipv4: reloading
bird: 2026-07-27 20:05:38.992 [0000] <INFO> Reloading channel peer668.ipv4 for export
bird: 2026-07-27 20:05:38.992 [0000] <INFO> Reloading channel peer669.ipv4 for import
bird: 2026-07-27 20:05:38.992 [0000] <DBG> peer669.ipv4: reloading
bird: 2026-07-27 20:05:38.992 [0000] <INFO> Reloading channel peer669.ipv4 for export
bird: 2026-07-27 20:05:38.992 [0000] <INFO> Reloading channel peer670.ipv4 for import
bird: 2026-07-27 20:05:38.992 [0000] <DBG> peer670.ipv4: reloading
bird: 2026-07-27 20:05:38.992 [0000] <INFO> Reloading channel peer670.ipv4 for export
bird: 2026-07-27 20:05:38.992 [0000] <INFO> Reloading channel peer671.ipv4 for import
bird: 2026-07-27 20:05:38.992 [0000] <DBG> peer671.ipv4: reloading
bird: 2026-07-27 20:05:38.992 [0000] <INFO> Reloading channel peer671.ipv4 for export
bird: 2026-07-27 20:05:38.992 [0000] <INFO> Reloading channel peer672.ipv4 for import
bird: 2026-07-27 20:05:38.992 [0000] <DBG> peer672.ipv4: reloading
bird: 2026-07-27 20:05:38.992 [0000] <INFO> Reloading channel peer672.ipv4 for export
bird: 2026-07-27 20:05:38.992 [0000] <INFO> Reloading channel peer673.ipv4 for import
bird: 2026-07-27 20:05:38.992 [0000] <DBG> peer673.ipv4: reloading
bird: 2026-07-27 20:05:38.992 [0000] <INFO> Reloading channel peer673.ipv4 for export
bird: 2026-07-27 20:05:38.992 [0000] <INFO> Reloading channel peer674.ipv4 for import
bird: 2026-07-27 20:05:38.992 [0000] <DBG> peer674.ipv4: reloading
bird: 2026-07-27 20:05:38.992 [0000] <INFO> Reloading channel peer674.ipv4 for export
bird: 2026-07-27 20:05:38.992 [0000] <INFO> Reloading channel peer675.ipv4 for import
bird: 2026-07-27 20:05:38.992 [0000] <DBG> peer675.ipv4: reloading
bird: 2026-07-27 20:05:38.992 [0000] <INFO> Reloading channel peer675.ipv4 for export
bird: 2026-07-27 20:05:38.992 [0000] <INFO> Reloading channel peer676.ipv4 for import
bird: 2026-07-27 20:05:38.992 [0000] <DBG> peer676.ipv4: reloading
bird: 2026-07-27 20:05:38.992 [0000] <INFO> Reloading channel peer676.ipv4 for export
bird: 2026-07-27 20:05:38.992 [0000] <INFO> Reloading channel peer677.ipv4 for import
bird: 2026-07-27 20:05:38.992 [0000] <DBG> peer677.ipv4: reloading
bird: 2026-07-27 20:05:38.992 [0000] <INFO> Reloading channel peer677.ipv4 for export
bird: 2026-07-27 20:05:38.992 [0000] <INFO> Reloading channel peer678.ipv4 for import
bird: 2026-07-27 20:05:38.992 [0000] <DBG> peer678.ipv4: reloading
bird: 2026-07-27 20:05:38.992 [0000] <INFO> Reloading channel peer678.ipv4 for export
bird: 2026-07-27 20:05:38.992 [0000] <INFO> Reloading channel peer679.ipv4 for import
bird: 2026-07-27 20:05:38.992 [0000] <DBG> peer679.ipv4: reloading
bird: 2026-07-27 20:05:38.992 [0000] <INFO> Reloading channel peer679.ipv4 for export
bird: 2026-07-27 20:05:38.992 [0000] <INFO> Reloading channel peer680.ipv4 for import
bird: 2026-07-27 20:05:38.992 [0000] <DBG> peer680.ipv4: reloading
bird: 2026-07-27 20:05:38.992 [0000] <INFO> Reloading channel peer680.ipv4 for export
bird: 2026-07-27 20:05:38.992 [0000] <INFO> Reloading channel peer681.ipv4 for import
bird: 2026-07-27 20:05:38.992 [0000] <DBG> peer681.ipv4: reloading
bird: 2026-07-27 20:05:38.992 [0000] <INFO> Reloading channel peer681.ipv4 for export
bird: 2026-07-27 20:05:38.992 [0000] <INFO> Reloading channel peer682.ipv4 for import
bird: 2026-07-27 20:05:38.992 [0000] <DBG> peer682.ipv4: reloading
bird: 2026-07-27 20:05:38.992 [0000] <INFO> Reloading channel peer682.ipv4 for export
bird: 2026-07-27 20:05:38.992 [0000] <INFO> Reloading channel peer683.ipv4 for import
bird: 2026-07-27 20:05:38.992 [0000] <DBG> peer683.ipv4: reloading
bird: 2026-07-27 20:05:38.992 [0000] <INFO> Reloading channel peer683.ipv4 for export
bird: 2026-07-27 20:05:38.992 [0000] <INFO> Reloading channel peer684.ipv4 for import
bird: 2026-07-27 20:05:38.992 [0000] <DBG> peer684.ipv4: reloading
bird: 2026-07-27 20:05:38.992 [0000] <INFO> Reloading channel peer684.ipv4 for export
bird: 2026-07-27 20:05:38.992 [0000] <INFO> Reloading channel peer685.ipv4 for import
bird: 2026-07-27 20:05:38.992 [0000] <DBG> peer685.ipv4: reloading
bird: 2026-07-27 20:05:38.992 [0000] <INFO> Reloading channel peer685.ipv4 for export
bird: 2026-07-27 20:05:38.992 [0000] <INFO> Reloading channel peer686.ipv4 for import
bird: 2026-07-27 20:05:38.992 [0000] <DBG> peer686.ipv4: reloading
bird: 2026-07-27 20:05:38.992 [0000] <INFO> Reloading channel peer686.ipv4 for export
bird: 2026-07-27 20:05:38.992 [0000] <INFO> Reloading channel peer687.ipv4 for import
bird: 2026-07-27 20:05:38.992 [0000] <DBG> peer687.ipv4: reloading
bird: 2026-07-27 20:05:38.992 [0000] <INFO> Reloading channel peer687.ipv4 for export
bird: 2026-07-27 20:05:38.992 [0000] <INFO> Reloading channel peer688.ipv4 for import
bird: 2026-07-27 20:05:38.992 [0000] <DBG> peer688.ipv4: reloading
bird: 2026-07-27 20:05:38.992 [0000] <INFO> Reloading channel peer688.ipv4 for export
bird: 2026-07-27 20:05:38.992 [0000] <INFO> Reloading channel peer689.ipv4 for import
bird: 2026-07-27 20:05:38.992 [0000] <DBG> peer689.ipv4: reloading
bird: 2026-07-27 20:05:38.992 [0000] <INFO> Reloading channel peer689.ipv4 for export
bird: 2026-07-27 20:05:38.992 [0000] <INFO> Reloading channel peer690.ipv4 for import
bird: 2026-07-27 20:05:38.992 [0000] <DBG> peer690.ipv4: reloading
bird: 2026-07-27 20:05:38.992 [0000] <INFO> Reloading channel peer690.ipv4 for export
bird: 2026-07-27 20:05:38.992 [0000] <INFO> Reloading channel peer691.ipv4 for import
bird: 2026-07-27 20:05:38.992 [0000] <DBG> peer691.ipv4: reloading
bird: 2026-07-27 20:05:38.992 [0000] <INFO> Reloading channel peer691.ipv4 for export
bird: 2026-07-27 20:05:38.992 [0000] <INFO> Reloading channel peer692.ipv4 for import
bird: 2026-07-27 20:05:38.992 [0000] <DBG> peer692.ipv4: reloading
bird: 2026-07-27 20:05:38.992 [0000] <INFO> Reloading channel peer692.ipv4 for export
bird: 2026-07-27 20:05:38.992 [0000] <INFO> Reloading channel peer693.ipv4 for import
bird: 2026-07-27 20:05:38.992 [0000] <DBG> peer693.ipv4: reloading
bird: 2026-07-27 20:05:38.992 [0000] <INFO> Reloading channel peer693.ipv4 for export
bird: 2026-07-27 20:05:38.992 [0000] <INFO> Reloading channel peer694.ipv4 for import
bird: 2026-07-27 20:05:38.992 [0000] <DBG> peer694.ipv4: reloading
bird: 2026-07-27 20:05:38.992 [0000] <INFO> Reloading channel peer694.ipv4 for export
bird: 2026-07-27 20:05:38.992 [0000] <INFO> Reloading channel peer695.ipv4 for import
bird: 2026-07-27 20:05:38.992 [0000] <DBG> peer695.ipv4: reloading
bird: 2026-07-27 20:05:38.992 [0000] <INFO> Reloading channel peer695.ipv4 for export
bird: 2026-07-27 20:05:38.992 [0000] <INFO> Reloading channel peer696.ipv4 for import
bird: 2026-07-27 20:05:38.992 [0000] <DBG> peer696.ipv4: reloading
bird: 2026-07-27 20:05:38.992 [0000] <INFO> Reloading channel peer696.ipv4 for export
bird: 2026-07-27 20:05:38.992 [0000] <INFO> Reloading channel peer697.ipv4 for import
bird: 2026-07-27 20:05:38.992 [0000] <DBG> peer697.ipv4: reloading
bird: 2026-07-27 20:05:38.992 [0000] <INFO> Reloading channel peer697.ipv4 for export
bird: 2026-07-27 20:05:38.992 [0000] <INFO> Reloading channel peer698.ipv4 for import
bird: 2026-07-27 20:05:38.992 [0000] <DBG> peer698.ipv4: reloading
bird: 2026-07-27 20:05:38.992 [0000] <INFO> Reloading channel peer698.ipv4 for export
bird: 2026-07-27 20:05:38.992 [0000] <INFO> Reloading channel peer699.ipv4 for import
bird: 2026-07-27 20:05:38.992 [0000] <DBG> peer699.ipv4: reloading
bird: 2026-07-27 20:05:38.992 [0000] <INFO> Reloading channel peer699.ipv4 for export
bird: 2026-07-27 20:05:38.992 [0000] <INFO> Reconfigured
