acquired host lock: <home>/.local/state/rustbgpd-host.lock
[2026-06-28T14:19:45Z] Checking prerequisites...
[2026-06-28T14:19:45Z] Waiting for M67 gRPC/session/DF steady state...
[2026-06-28T14:19:45Z] pe1 gRPC ready after 1s
[2026-06-28T14:19:45Z] pe2 gRPC ready after 1s
[2026-06-28T14:19:45Z] Waiting for vtep<->pe1 EVPN session to reach Established...
[2026-06-28T14:19:45Z] vtep<->pe1 EVPN session established after 1s
[2026-06-28T14:19:45Z] Waiting for vtep<->pe2 EVPN session to reach Established...
[2026-06-28T14:19:45Z] vtep<->pe2 EVPN session established after 1s
[2026-06-28T14:19:47Z] Starting M67 link-drain churn soak for 86400s (cycle interval 90s)
[2026-06-28T14:19:47Z] [cycle 1] AC down on pe1, expecting link drain and pe2 promotion
[2026-06-28T14:19:53Z] [cycle 1] AC up on pe1, expecting held recovery then pe1 revert
[2026-06-28T14:21:18Z] [cycle 2] AC down on pe1, expecting link drain and pe2 promotion
[2026-06-28T14:21:25Z] [cycle 2] AC up on pe1, expecting held recovery then pe1 revert
[2026-06-28T14:22:48Z] [cycle 3] AC down on pe1, expecting link drain and pe2 promotion
[2026-06-28T14:22:55Z] [cycle 3] AC up on pe1, expecting held recovery then pe1 revert
[2026-06-28T14:24:18Z] [cycle 4] AC down on pe1, expecting link drain and pe2 promotion
[2026-06-28T14:24:25Z] [cycle 4] AC up on pe1, expecting held recovery then pe1 revert
[2026-06-28T14:25:48Z] [cycle 5] AC down on pe1, expecting link drain and pe2 promotion
[2026-06-28T14:25:54Z] [cycle 5] AC up on pe1, expecting held recovery then pe1 revert
[2026-06-28T14:27:18Z] [cycle 6] AC down on pe1, expecting link drain and pe2 promotion
[2026-06-28T14:27:25Z] [cycle 6] AC up on pe1, expecting held recovery then pe1 revert
[2026-06-28T14:28:48Z] [cycle 7] AC down on pe1, expecting link drain and pe2 promotion
[2026-06-28T14:28:55Z] [cycle 7] AC up on pe1, expecting held recovery then pe1 revert
[2026-06-28T14:30:18Z] [cycle 8] AC down on pe1, expecting link drain and pe2 promotion
[2026-06-28T14:30:24Z] [cycle 8] AC up on pe1, expecting held recovery then pe1 revert
[2026-06-28T14:31:48Z] [cycle 9] AC down on pe1, expecting link drain and pe2 promotion
[2026-06-28T14:31:54Z] [cycle 9] AC up on pe1, expecting held recovery then pe1 revert
[2026-06-28T14:33:18Z] [cycle 10] AC down on pe1, expecting link drain and pe2 promotion
[2026-06-28T14:33:24Z] [cycle 10] AC up on pe1, expecting held recovery then pe1 revert
[2026-06-28T14:34:48Z] [cycle 11] AC down on pe1, expecting link drain and pe2 promotion
[2026-06-28T14:34:55Z] [cycle 11] AC up on pe1, expecting held recovery then pe1 revert
[2026-06-28T14:36:18Z] [cycle 12] AC down on pe1, expecting link drain and pe2 promotion
[2026-06-28T14:36:25Z] [cycle 12] AC up on pe1, expecting held recovery then pe1 revert
[2026-06-28T14:37:48Z] [cycle 13] AC down on pe1, expecting link drain and pe2 promotion
[2026-06-28T14:37:53Z] [cycle 13] AC up on pe1, expecting held recovery then pe1 revert
[2026-06-28T14:39:18Z] [cycle 14] AC down on pe1, expecting link drain and pe2 promotion
[2026-06-28T14:39:25Z] [cycle 14] AC up on pe1, expecting held recovery then pe1 revert
[2026-06-28T14:40:48Z] [cycle 15] AC down on pe1, expecting link drain and pe2 promotion
[2026-06-28T14:40:55Z] [cycle 15] AC up on pe1, expecting held recovery then pe1 revert
[2026-06-28T14:42:18Z] [cycle 16] AC down on pe1, expecting link drain and pe2 promotion
[2026-06-28T14:42:24Z] [cycle 16] AC up on pe1, expecting held recovery then pe1 revert
[2026-06-28T14:43:48Z] [cycle 17] AC down on pe1, expecting link drain and pe2 promotion
[2026-06-28T14:43:56Z] [cycle 17] AC up on pe1, expecting held recovery then pe1 revert
[2026-06-28T14:45:18Z] [cycle 18] AC down on pe1, expecting link drain and pe2 promotion
[2026-06-28T14:45:25Z] [cycle 18] AC up on pe1, expecting held recovery then pe1 revert
[2026-06-28T14:46:48Z] [cycle 19] AC down on pe1, expecting link drain and pe2 promotion
[2026-06-28T14:46:54Z] [cycle 19] AC up on pe1, expecting held recovery then pe1 revert
[2026-06-28T14:48:18Z] [cycle 20] AC down on pe1, expecting link drain and pe2 promotion
[2026-06-28T14:48:24Z] [cycle 20] AC up on pe1, expecting held recovery then pe1 revert
[2026-06-28T14:49:48Z] [cycle 21] AC down on pe1, expecting link drain and pe2 promotion
[2026-06-28T14:49:55Z] [cycle 21] AC up on pe1, expecting held recovery then pe1 revert
[2026-06-28T14:51:18Z] [cycle 22] AC down on pe1, expecting link drain and pe2 promotion
[2026-06-28T14:51:24Z] [cycle 22] AC up on pe1, expecting held recovery then pe1 revert
[2026-06-28T14:52:48Z] [cycle 23] AC down on pe1, expecting link drain and pe2 promotion
[2026-06-28T14:52:55Z] [cycle 23] AC up on pe1, expecting held recovery then pe1 revert
[2026-06-28T14:54:18Z] [cycle 24] AC down on pe1, expecting link drain and pe2 promotion
[2026-06-28T14:54:25Z] [cycle 24] AC up on pe1, expecting held recovery then pe1 revert
[2026-06-28T14:55:48Z] [cycle 25] AC down on pe1, expecting link drain and pe2 promotion
[2026-06-28T14:55:54Z] [cycle 25] AC up on pe1, expecting held recovery then pe1 revert
[2026-06-28T14:57:18Z] [cycle 26] AC down on pe1, expecting link drain and pe2 promotion
[2026-06-28T14:57:24Z] [cycle 26] AC up on pe1, expecting held recovery then pe1 revert
[2026-06-28T14:58:48Z] [cycle 27] AC down on pe1, expecting link drain and pe2 promotion
[2026-06-28T14:58:55Z] [cycle 27] AC up on pe1, expecting held recovery then pe1 revert
[2026-06-28T15:00:18Z] [cycle 28] AC down on pe1, expecting link drain and pe2 promotion
[2026-06-28T15:00:25Z] [cycle 28] AC up on pe1, expecting held recovery then pe1 revert
[2026-06-28T15:01:48Z] [cycle 29] AC down on pe1, expecting link drain and pe2 promotion
[2026-06-28T15:01:54Z] [cycle 29] AC up on pe1, expecting held recovery then pe1 revert
[2026-06-28T15:03:18Z] [cycle 30] AC down on pe1, expecting link drain and pe2 promotion
[2026-06-28T15:03:24Z] [cycle 30] AC up on pe1, expecting held recovery then pe1 revert
[2026-06-28T15:04:48Z] [cycle 31] AC down on pe1, expecting link drain and pe2 promotion
[2026-06-28T15:04:55Z] [cycle 31] AC up on pe1, expecting held recovery then pe1 revert
[2026-06-28T15:06:18Z] [cycle 32] AC down on pe1, expecting link drain and pe2 promotion
[2026-06-28T15:06:24Z] [cycle 32] AC up on pe1, expecting held recovery then pe1 revert
[2026-06-28T15:07:48Z] [cycle 33] AC down on pe1, expecting link drain and pe2 promotion
[2026-06-28T15:07:55Z] [cycle 33] AC up on pe1, expecting held recovery then pe1 revert
[2026-06-28T15:09:18Z] [cycle 34] AC down on pe1, expecting link drain and pe2 promotion
[2026-06-28T15:09:24Z] [cycle 34] AC up on pe1, expecting held recovery then pe1 revert
[2026-06-28T15:10:48Z] [cycle 35] AC down on pe1, expecting link drain and pe2 promotion
[2026-06-28T15:10:54Z] [cycle 35] AC up on pe1, expecting held recovery then pe1 revert
[2026-06-28T15:12:18Z] [cycle 36] AC down on pe1, expecting link drain and pe2 promotion
[2026-06-28T15:12:24Z] [cycle 36] AC up on pe1, expecting held recovery then pe1 revert
[2026-06-28T15:13:48Z] [cycle 37] AC down on pe1, expecting link drain and pe2 promotion
[2026-06-28T15:13:54Z] [cycle 37] AC up on pe1, expecting held recovery then pe1 revert
[2026-06-28T15:15:18Z] [cycle 38] AC down on pe1, expecting link drain and pe2 promotion
[2026-06-28T15:15:24Z] [cycle 38] AC up on pe1, expecting held recovery then pe1 revert
[2026-06-28T15:16:48Z] [cycle 39] AC down on pe1, expecting link drain and pe2 promotion
[2026-06-28T15:16:54Z] [cycle 39] AC up on pe1, expecting held recovery then pe1 revert
[2026-06-28T15:18:18Z] [cycle 40] AC down on pe1, expecting link drain and pe2 promotion
[2026-06-28T15:18:24Z] [cycle 40] AC up on pe1, expecting held recovery then pe1 revert
[2026-06-28T15:19:48Z] [cycle 41] AC down on pe1, expecting link drain and pe2 promotion
[2026-06-28T15:19:54Z] [cycle 41] AC up on pe1, expecting held recovery then pe1 revert
[2026-06-28T15:21:18Z] [cycle 42] AC down on pe1, expecting link drain and pe2 promotion
[2026-06-28T15:21:24Z] [cycle 42] AC up on pe1, expecting held recovery then pe1 revert
[2026-06-28T15:22:49Z] [cycle 43] AC down on pe1, expecting link drain and pe2 promotion
[2026-06-28T15:22:55Z] [cycle 43] AC up on pe1, expecting held recovery then pe1 revert
[2026-06-28T15:24:19Z] [cycle 44] AC down on pe1, expecting link drain and pe2 promotion
[2026-06-28T15:24:25Z] [cycle 44] AC up on pe1, expecting held recovery then pe1 revert
[2026-06-28T15:25:49Z] [cycle 45] AC down on pe1, expecting link drain and pe2 promotion
[2026-06-28T15:25:55Z] [cycle 45] AC up on pe1, expecting held recovery then pe1 revert
[2026-06-28T15:27:19Z] [cycle 46] AC down on pe1, expecting link drain and pe2 promotion
[2026-06-28T15:27:25Z] [cycle 46] AC up on pe1, expecting held recovery then pe1 revert
[2026-06-28T15:28:49Z] [cycle 47] AC down on pe1, expecting link drain and pe2 promotion
[2026-06-28T15:28:55Z] [cycle 47] AC up on pe1, expecting held recovery then pe1 revert
[2026-06-28T15:30:19Z] [cycle 48] AC down on pe1, expecting link drain and pe2 promotion
[2026-06-28T15:30:25Z] [cycle 48] AC up on pe1, expecting held recovery then pe1 revert
[2026-06-28T15:31:49Z] [cycle 49] AC down on pe1, expecting link drain and pe2 promotion
[2026-06-28T15:31:55Z] [cycle 49] AC up on pe1, expecting held recovery then pe1 revert
[2026-06-28T15:33:19Z] [cycle 50] AC down on pe1, expecting link drain and pe2 promotion
[2026-06-28T15:33:25Z] [cycle 50] AC up on pe1, expecting held recovery then pe1 revert
[2026-06-28T15:34:49Z] [cycle 51] AC down on pe1, expecting link drain and pe2 promotion
[2026-06-28T15:34:55Z] [cycle 51] AC up on pe1, expecting held recovery then pe1 revert
[2026-06-28T15:36:19Z] [cycle 52] AC down on pe1, expecting link drain and pe2 promotion
[2026-06-28T15:36:25Z] [cycle 52] AC up on pe1, expecting held recovery then pe1 revert
[2026-06-28T15:37:49Z] [cycle 53] AC down on pe1, expecting link drain and pe2 promotion
[2026-06-28T15:37:55Z] [cycle 53] AC up on pe1, expecting held recovery then pe1 revert
[2026-06-28T15:39:19Z] [cycle 54] AC down on pe1, expecting link drain and pe2 promotion
[2026-06-28T15:39:26Z] [cycle 54] AC up on pe1, expecting held recovery then pe1 revert
[2026-06-28T15:40:49Z] [cycle 55] AC down on pe1, expecting link drain and pe2 promotion
[2026-06-28T15:40:55Z] [cycle 55] AC up on pe1, expecting held recovery then pe1 revert
[2026-06-28T15:42:19Z] [cycle 56] AC down on pe1, expecting link drain and pe2 promotion
[2026-06-28T15:42:25Z] [cycle 56] AC up on pe1, expecting held recovery then pe1 revert
[2026-06-28T15:43:49Z] [cycle 57] AC down on pe1, expecting link drain and pe2 promotion
[2026-06-28T15:43:56Z] [cycle 57] AC up on pe1, expecting held recovery then pe1 revert
[2026-06-28T15:45:19Z] [cycle 58] AC down on pe1, expecting link drain and pe2 promotion
[2026-06-28T15:45:25Z] [cycle 58] AC up on pe1, expecting held recovery then pe1 revert
[2026-06-28T15:46:49Z] [cycle 59] AC down on pe1, expecting link drain and pe2 promotion
[2026-06-28T15:46:55Z] [cycle 59] AC up on pe1, expecting held recovery then pe1 revert
[2026-06-28T15:48:19Z] [cycle 60] AC down on pe1, expecting link drain and pe2 promotion
[2026-06-28T15:48:25Z] [cycle 60] AC up on pe1, expecting held recovery then pe1 revert
[2026-06-28T15:49:49Z] [cycle 61] AC down on pe1, expecting link drain and pe2 promotion
[2026-06-28T15:49:55Z] [cycle 61] AC up on pe1, expecting held recovery then pe1 revert
[2026-06-28T15:51:19Z] [cycle 62] AC down on pe1, expecting link drain and pe2 promotion
[2026-06-28T15:51:25Z] [cycle 62] AC up on pe1, expecting held recovery then pe1 revert
[2026-06-28T15:52:49Z] [cycle 63] AC down on pe1, expecting link drain and pe2 promotion
[2026-06-28T15:52:56Z] [cycle 63] AC up on pe1, expecting held recovery then pe1 revert
[2026-06-28T15:54:19Z] [cycle 64] AC down on pe1, expecting link drain and pe2 promotion
[2026-06-28T15:54:26Z] [cycle 64] AC up on pe1, expecting held recovery then pe1 revert
[2026-06-28T15:55:49Z] [cycle 65] AC down on pe1, expecting link drain and pe2 promotion
[2026-06-28T15:55:54Z] [cycle 65] AC up on pe1, expecting held recovery then pe1 revert
[2026-06-28T15:57:19Z] [cycle 66] AC down on pe1, expecting link drain and pe2 promotion
[2026-06-28T15:57:26Z] [cycle 66] AC up on pe1, expecting held recovery then pe1 revert
[2026-06-28T15:58:49Z] [cycle 67] AC down on pe1, expecting link drain and pe2 promotion
[2026-06-28T15:58:56Z] [cycle 67] AC up on pe1, expecting held recovery then pe1 revert
[2026-06-28T16:00:19Z] [cycle 68] AC down on pe1, expecting link drain and pe2 promotion
[2026-06-28T16:00:26Z] [cycle 68] AC up on pe1, expecting held recovery then pe1 revert
[2026-06-28T16:01:49Z] [cycle 69] AC down on pe1, expecting link drain and pe2 promotion
[2026-06-28T16:01:56Z] [cycle 69] AC up on pe1, expecting held recovery then pe1 revert
[2026-06-28T16:03:19Z] [cycle 70] AC down on pe1, expecting link drain and pe2 promotion
[2026-06-28T16:03:25Z] [cycle 70] AC up on pe1, expecting held recovery then pe1 revert
[2026-06-28T16:04:49Z] [cycle 71] AC down on pe1, expecting link drain and pe2 promotion
[2026-06-28T16:04:55Z] [cycle 71] AC up on pe1, expecting held recovery then pe1 revert
[2026-06-28T16:06:19Z] [cycle 72] AC down on pe1, expecting link drain and pe2 promotion
[2026-06-28T16:06:25Z] [cycle 72] AC up on pe1, expecting held recovery then pe1 revert
[2026-06-28T16:07:49Z] [cycle 73] AC down on pe1, expecting link drain and pe2 promotion
[2026-06-28T16:07:56Z] [cycle 73] AC up on pe1, expecting held recovery then pe1 revert
[2026-06-28T16:09:19Z] [cycle 74] AC down on pe1, expecting link drain and pe2 promotion
[2026-06-28T16:09:25Z] [cycle 74] AC up on pe1, expecting held recovery then pe1 revert
[2026-06-28T16:10:49Z] [cycle 75] AC down on pe1, expecting link drain and pe2 promotion
[2026-06-28T16:10:56Z] [cycle 75] AC up on pe1, expecting held recovery then pe1 revert
[2026-06-28T16:12:19Z] [cycle 76] AC down on pe1, expecting link drain and pe2 promotion
[2026-06-28T16:12:26Z] [cycle 76] AC up on pe1, expecting held recovery then pe1 revert
[2026-06-28T16:13:49Z] [cycle 77] AC down on pe1, expecting link drain and pe2 promotion
[2026-06-28T16:13:55Z] [cycle 77] AC up on pe1, expecting held recovery then pe1 revert
[2026-06-28T16:15:19Z] [cycle 78] AC down on pe1, expecting link drain and pe2 promotion
[2026-06-28T16:15:26Z] [cycle 78] AC up on pe1, expecting held recovery then pe1 revert
[2026-06-28T16:16:49Z] [cycle 79] AC down on pe1, expecting link drain and pe2 promotion
[2026-06-28T16:16:55Z] [cycle 79] AC up on pe1, expecting held recovery then pe1 revert
[2026-06-28T16:18:19Z] [cycle 80] AC down on pe1, expecting link drain and pe2 promotion
[2026-06-28T16:18:26Z] [cycle 80] AC up on pe1, expecting held recovery then pe1 revert
[2026-06-28T16:19:49Z] [cycle 81] AC down on pe1, expecting link drain and pe2 promotion
[2026-06-28T16:19:55Z] [cycle 81] AC up on pe1, expecting held recovery then pe1 revert
[2026-06-28T16:21:19Z] [cycle 82] AC down on pe1, expecting link drain and pe2 promotion
[2026-06-28T16:21:25Z] [cycle 82] AC up on pe1, expecting held recovery then pe1 revert
[2026-06-28T16:22:49Z] [cycle 83] AC down on pe1, expecting link drain and pe2 promotion
[2026-06-28T16:22:55Z] [cycle 83] AC up on pe1, expecting held recovery then pe1 revert
[2026-06-28T16:24:19Z] [cycle 84] AC down on pe1, expecting link drain and pe2 promotion
[2026-06-28T16:24:25Z] [cycle 84] AC up on pe1, expecting held recovery then pe1 revert
[2026-06-28T16:25:49Z] [cycle 85] AC down on pe1, expecting link drain and pe2 promotion
[2026-06-28T16:25:56Z] [cycle 85] AC up on pe1, expecting held recovery then pe1 revert
[2026-06-28T16:27:19Z] [cycle 86] AC down on pe1, expecting link drain and pe2 promotion
[2026-06-28T16:27:26Z] [cycle 86] AC up on pe1, expecting held recovery then pe1 revert
[2026-06-28T16:28:50Z] [cycle 87] AC down on pe1, expecting link drain and pe2 promotion
[2026-06-28T16:28:57Z] [cycle 87] AC up on pe1, expecting held recovery then pe1 revert
[2026-06-28T16:30:20Z] [cycle 88] AC down on pe1, expecting link drain and pe2 promotion
[2026-06-28T16:30:27Z] [cycle 88] AC up on pe1, expecting held recovery then pe1 revert
[2026-06-28T16:31:50Z] [cycle 89] AC down on pe1, expecting link drain and pe2 promotion
[2026-06-28T16:31:56Z] [cycle 89] AC up on pe1, expecting held recovery then pe1 revert
[2026-06-28T16:33:20Z] [cycle 90] AC down on pe1, expecting link drain and pe2 promotion
[2026-06-28T16:33:27Z] [cycle 90] AC up on pe1, expecting held recovery then pe1 revert
[2026-06-28T16:34:50Z] [cycle 91] AC down on pe1, expecting link drain and pe2 promotion
[2026-06-28T16:34:57Z] [cycle 91] AC up on pe1, expecting held recovery then pe1 revert
[2026-06-28T16:36:20Z] [cycle 92] AC down on pe1, expecting link drain and pe2 promotion
[2026-06-28T16:36:26Z] [cycle 92] AC up on pe1, expecting held recovery then pe1 revert
[2026-06-28T16:37:50Z] [cycle 93] AC down on pe1, expecting link drain and pe2 promotion
[2026-06-28T16:37:56Z] [cycle 93] AC up on pe1, expecting held recovery then pe1 revert
[2026-06-28T16:39:20Z] [cycle 94] AC down on pe1, expecting link drain and pe2 promotion
[2026-06-28T16:39:28Z] [cycle 94] AC up on pe1, expecting held recovery then pe1 revert
[2026-06-28T16:40:50Z] [cycle 95] AC down on pe1, expecting link drain and pe2 promotion
[2026-06-28T16:40:56Z] [cycle 95] AC up on pe1, expecting held recovery then pe1 revert
[2026-06-28T16:42:20Z] [cycle 96] AC down on pe1, expecting link drain and pe2 promotion
[2026-06-28T16:42:27Z] [cycle 96] AC up on pe1, expecting held recovery then pe1 revert
[2026-06-28T16:43:50Z] [cycle 97] AC down on pe1, expecting link drain and pe2 promotion
[2026-06-28T16:43:56Z] [cycle 97] AC up on pe1, expecting held recovery then pe1 revert
[2026-06-28T16:45:20Z] [cycle 98] AC down on pe1, expecting link drain and pe2 promotion
[2026-06-28T16:45:26Z] [cycle 98] AC up on pe1, expecting held recovery then pe1 revert
[2026-06-28T16:46:50Z] [cycle 99] AC down on pe1, expecting link drain and pe2 promotion
[2026-06-28T16:46:56Z] [cycle 99] AC up on pe1, expecting held recovery then pe1 revert
[2026-06-28T16:48:20Z] [cycle 100] AC down on pe1, expecting link drain and pe2 promotion
[2026-06-28T16:48:26Z] [cycle 100] AC up on pe1, expecting held recovery then pe1 revert
[2026-06-28T16:49:50Z] [cycle 101] AC down on pe1, expecting link drain and pe2 promotion
[2026-06-28T16:49:57Z] [cycle 101] AC up on pe1, expecting held recovery then pe1 revert
[2026-06-28T16:51:20Z] [cycle 102] AC down on pe1, expecting link drain and pe2 promotion
[2026-06-28T16:51:27Z] [cycle 102] AC up on pe1, expecting held recovery then pe1 revert
[2026-06-28T16:52:50Z] [cycle 103] AC down on pe1, expecting link drain and pe2 promotion
[2026-06-28T16:52:56Z] [cycle 103] AC up on pe1, expecting held recovery then pe1 revert
[2026-06-28T16:54:20Z] [cycle 104] AC down on pe1, expecting link drain and pe2 promotion
[2026-06-28T16:54:26Z] [cycle 104] AC up on pe1, expecting held recovery then pe1 revert
[2026-06-28T16:55:50Z] [cycle 105] AC down on pe1, expecting link drain and pe2 promotion
[2026-06-28T16:55:57Z] [cycle 105] AC up on pe1, expecting held recovery then pe1 revert
[2026-06-28T16:57:20Z] [cycle 106] AC down on pe1, expecting link drain and pe2 promotion
[2026-06-28T16:57:26Z] [cycle 106] AC up on pe1, expecting held recovery then pe1 revert
[2026-06-28T16:58:50Z] [cycle 107] AC down on pe1, expecting link drain and pe2 promotion
[2026-06-28T16:58:57Z] [cycle 107] AC up on pe1, expecting held recovery then pe1 revert
[2026-06-28T17:00:20Z] [cycle 108] AC down on pe1, expecting link drain and pe2 promotion
[2026-06-28T17:00:26Z] [cycle 108] AC up on pe1, expecting held recovery then pe1 revert
[2026-06-28T17:01:51Z] [cycle 109] AC down on pe1, expecting link drain and pe2 promotion
[2026-06-28T17:01:56Z] [cycle 109] AC up on pe1, expecting held recovery then pe1 revert
[2026-06-28T17:03:21Z] [cycle 110] AC down on pe1, expecting link drain and pe2 promotion
[2026-06-28T17:03:27Z] [cycle 110] AC up on pe1, expecting held recovery then pe1 revert
[2026-06-28T17:04:51Z] [cycle 111] AC down on pe1, expecting link drain and pe2 promotion
[2026-06-28T17:04:58Z] [cycle 111] AC up on pe1, expecting held recovery then pe1 revert
[2026-06-28T17:06:21Z] [cycle 112] AC down on pe1, expecting link drain and pe2 promotion
[2026-06-28T17:06:28Z] [cycle 112] AC up on pe1, expecting held recovery then pe1 revert
[2026-06-28T17:07:51Z] [cycle 113] AC down on pe1, expecting link drain and pe2 promotion
[2026-06-28T17:07:58Z] [cycle 113] AC up on pe1, expecting held recovery then pe1 revert
[2026-06-28T17:09:21Z] [cycle 114] AC down on pe1, expecting link drain and pe2 promotion
[2026-06-28T17:09:28Z] [cycle 114] AC up on pe1, expecting held recovery then pe1 revert
[2026-06-28T17:10:51Z] [cycle 115] AC down on pe1, expecting link drain and pe2 promotion
[2026-06-28T17:10:58Z] [cycle 115] AC up on pe1, expecting held recovery then pe1 revert
[2026-06-28T17:12:21Z] [cycle 116] AC down on pe1, expecting link drain and pe2 promotion
[2026-06-28T17:12:28Z] [cycle 116] AC up on pe1, expecting held recovery then pe1 revert
[2026-06-28T17:13:51Z] [cycle 117] AC down on pe1, expecting link drain and pe2 promotion
[2026-06-28T17:13:58Z] [cycle 117] AC up on pe1, expecting held recovery then pe1 revert
[2026-06-28T17:15:21Z] [cycle 118] AC down on pe1, expecting link drain and pe2 promotion
[2026-06-28T17:15:28Z] [cycle 118] AC up on pe1, expecting held recovery then pe1 revert
[2026-06-28T17:16:51Z] [cycle 119] AC down on pe1, expecting link drain and pe2 promotion
[2026-06-28T17:16:58Z] [cycle 119] AC up on pe1, expecting held recovery then pe1 revert
[2026-06-28T17:18:21Z] [cycle 120] AC down on pe1, expecting link drain and pe2 promotion
[2026-06-28T17:18:28Z] [cycle 120] AC up on pe1, expecting held recovery then pe1 revert
[2026-06-28T17:19:51Z] [cycle 121] AC down on pe1, expecting link drain and pe2 promotion
[2026-06-28T17:19:58Z] [cycle 121] AC up on pe1, expecting held recovery then pe1 revert
[2026-06-28T17:21:21Z] [cycle 122] AC down on pe1, expecting link drain and pe2 promotion
[2026-06-28T17:21:28Z] [cycle 122] AC up on pe1, expecting held recovery then pe1 revert
[2026-06-28T17:22:51Z] [cycle 123] AC down on pe1, expecting link drain and pe2 promotion
[2026-06-28T17:22:58Z] [cycle 123] AC up on pe1, expecting held recovery then pe1 revert
[2026-06-28T17:24:21Z] [cycle 124] AC down on pe1, expecting link drain and pe2 promotion
[2026-06-28T17:24:28Z] [cycle 124] AC up on pe1, expecting held recovery then pe1 revert
[2026-06-28T17:25:51Z] [cycle 125] AC down on pe1, expecting link drain and pe2 promotion
[2026-06-28T17:25:57Z] [cycle 125] AC up on pe1, expecting held recovery then pe1 revert
[2026-06-28T17:27:21Z] [cycle 126] AC down on pe1, expecting link drain and pe2 promotion
[2026-06-28T17:27:28Z] [cycle 126] AC up on pe1, expecting held recovery then pe1 revert
[2026-06-28T17:28:51Z] [cycle 127] AC down on pe1, expecting link drain and pe2 promotion
[2026-06-28T17:28:56Z] [cycle 127] AC up on pe1, expecting held recovery then pe1 revert
[2026-06-28T17:30:21Z] [cycle 128] AC down on pe1, expecting link drain and pe2 promotion
[2026-06-28T17:30:28Z] [cycle 128] AC up on pe1, expecting held recovery then pe1 revert
[2026-06-28T17:31:51Z] [cycle 129] AC down on pe1, expecting link drain and pe2 promotion
[2026-06-28T17:31:57Z] [cycle 129] AC up on pe1, expecting held recovery then pe1 revert
[2026-06-28T17:33:21Z] [cycle 130] AC down on pe1, expecting link drain and pe2 promotion
[2026-06-28T17:33:27Z] [cycle 130] AC up on pe1, expecting held recovery then pe1 revert
[2026-06-28T17:34:51Z] [cycle 131] AC down on pe1, expecting link drain and pe2 promotion
[2026-06-28T17:34:57Z] [cycle 131] AC up on pe1, expecting held recovery then pe1 revert
[2026-06-28T17:36:21Z] [cycle 132] AC down on pe1, expecting link drain and pe2 promotion
[2026-06-28T17:36:27Z] [cycle 132] AC up on pe1, expecting held recovery then pe1 revert
[2026-06-28T17:37:51Z] [cycle 133] AC down on pe1, expecting link drain and pe2 promotion
[2026-06-28T17:37:57Z] [cycle 133] AC up on pe1, expecting held recovery then pe1 revert
[2026-06-28T17:39:21Z] [cycle 134] AC down on pe1, expecting link drain and pe2 promotion
[2026-06-28T17:39:27Z] [cycle 134] AC up on pe1, expecting held recovery then pe1 revert
[2026-06-28T17:40:51Z] [cycle 135] AC down on pe1, expecting link drain and pe2 promotion
[2026-06-28T17:40:57Z] [cycle 135] AC up on pe1, expecting held recovery then pe1 revert
[2026-06-28T17:42:21Z] [cycle 136] AC down on pe1, expecting link drain and pe2 promotion
[2026-06-28T17:42:27Z] [cycle 136] AC up on pe1, expecting held recovery then pe1 revert
[2026-06-28T17:43:51Z] [cycle 137] AC down on pe1, expecting link drain and pe2 promotion
[2026-06-28T17:43:58Z] [cycle 137] AC up on pe1, expecting held recovery then pe1 revert
[2026-06-28T17:45:21Z] [cycle 138] AC down on pe1, expecting link drain and pe2 promotion
[2026-06-28T17:45:27Z] [cycle 138] AC up on pe1, expecting held recovery then pe1 revert
[2026-06-28T17:46:51Z] [cycle 139] AC down on pe1, expecting link drain and pe2 promotion
[2026-06-28T17:46:57Z] [cycle 139] AC up on pe1, expecting held recovery then pe1 revert
[2026-06-28T17:48:21Z] [cycle 140] AC down on pe1, expecting link drain and pe2 promotion
[2026-06-28T17:48:27Z] [cycle 140] AC up on pe1, expecting held recovery then pe1 revert
[2026-06-28T17:49:51Z] [cycle 141] AC down on pe1, expecting link drain and pe2 promotion
[2026-06-28T17:49:57Z] [cycle 141] AC up on pe1, expecting held recovery then pe1 revert
[2026-06-28T17:51:21Z] [cycle 142] AC down on pe1, expecting link drain and pe2 promotion
[2026-06-28T17:51:27Z] [cycle 142] AC up on pe1, expecting held recovery then pe1 revert
[2026-06-28T17:52:51Z] [cycle 143] AC down on pe1, expecting link drain and pe2 promotion
[2026-06-28T17:52:57Z] [cycle 143] AC up on pe1, expecting held recovery then pe1 revert
[2026-06-28T17:54:21Z] [cycle 144] AC down on pe1, expecting link drain and pe2 promotion
[2026-06-28T17:54:27Z] [cycle 144] AC up on pe1, expecting held recovery then pe1 revert
[2026-06-28T17:55:51Z] [cycle 145] AC down on pe1, expecting link drain and pe2 promotion
[2026-06-28T17:55:57Z] [cycle 145] AC up on pe1, expecting held recovery then pe1 revert
[2026-06-28T17:57:21Z] [cycle 146] AC down on pe1, expecting link drain and pe2 promotion
[2026-06-28T17:57:27Z] [cycle 146] AC up on pe1, expecting held recovery then pe1 revert
[2026-06-28T17:58:51Z] [cycle 147] AC down on pe1, expecting link drain and pe2 promotion
[2026-06-28T17:58:58Z] [cycle 147] AC up on pe1, expecting held recovery then pe1 revert
[2026-06-28T18:00:21Z] [cycle 148] AC down on pe1, expecting link drain and pe2 promotion
[2026-06-28T18:00:28Z] [cycle 148] AC up on pe1, expecting held recovery then pe1 revert
[2026-06-28T18:01:51Z] [cycle 149] AC down on pe1, expecting link drain and pe2 promotion
[2026-06-28T18:01:58Z] [cycle 149] AC up on pe1, expecting held recovery then pe1 revert
[2026-06-28T18:03:21Z] [cycle 150] AC down on pe1, expecting link drain and pe2 promotion
[2026-06-28T18:03:27Z] [cycle 150] AC up on pe1, expecting held recovery then pe1 revert
[2026-06-28T18:04:51Z] [cycle 151] AC down on pe1, expecting link drain and pe2 promotion
[2026-06-28T18:04:57Z] [cycle 151] AC up on pe1, expecting held recovery then pe1 revert
[2026-06-28T18:06:22Z] [cycle 152] AC down on pe1, expecting link drain and pe2 promotion
[2026-06-28T18:06:27Z] [cycle 152] AC up on pe1, expecting held recovery then pe1 revert
[2026-06-28T18:07:52Z] [cycle 153] AC down on pe1, expecting link drain and pe2 promotion
[2026-06-28T18:07:58Z] [cycle 153] AC up on pe1, expecting held recovery then pe1 revert
[2026-06-28T18:09:22Z] [cycle 154] AC down on pe1, expecting link drain and pe2 promotion
[2026-06-28T18:09:28Z] [cycle 154] AC up on pe1, expecting held recovery then pe1 revert
[2026-06-28T18:10:52Z] [cycle 155] AC down on pe1, expecting link drain and pe2 promotion
[2026-06-28T18:10:58Z] [cycle 155] AC up on pe1, expecting held recovery then pe1 revert
[2026-06-28T18:12:22Z] [cycle 156] AC down on pe1, expecting link drain and pe2 promotion
[2026-06-28T18:12:28Z] [cycle 156] AC up on pe1, expecting held recovery then pe1 revert
[2026-06-28T18:13:52Z] [cycle 157] AC down on pe1, expecting link drain and pe2 promotion
[2026-06-28T18:13:58Z] [cycle 157] AC up on pe1, expecting held recovery then pe1 revert
[2026-06-28T18:15:22Z] [cycle 158] AC down on pe1, expecting link drain and pe2 promotion
[2026-06-28T18:15:28Z] [cycle 158] AC up on pe1, expecting held recovery then pe1 revert
[2026-06-28T18:16:52Z] [cycle 159] AC down on pe1, expecting link drain and pe2 promotion
[2026-06-28T18:16:58Z] [cycle 159] AC up on pe1, expecting held recovery then pe1 revert
[2026-06-28T18:18:22Z] [cycle 160] AC down on pe1, expecting link drain and pe2 promotion
[2026-06-28T18:18:30Z] [cycle 160] AC up on pe1, expecting held recovery then pe1 revert
[2026-06-28T18:19:52Z] [cycle 161] AC down on pe1, expecting link drain and pe2 promotion
[2026-06-28T18:19:58Z] [cycle 161] AC up on pe1, expecting held recovery then pe1 revert
[2026-06-28T18:21:22Z] [cycle 162] AC down on pe1, expecting link drain and pe2 promotion
[2026-06-28T18:21:28Z] [cycle 162] AC up on pe1, expecting held recovery then pe1 revert
[2026-06-28T18:22:52Z] [cycle 163] AC down on pe1, expecting link drain and pe2 promotion
[2026-06-28T18:22:58Z] [cycle 163] AC up on pe1, expecting held recovery then pe1 revert
[2026-06-28T18:24:22Z] [cycle 164] AC down on pe1, expecting link drain and pe2 promotion
[2026-06-28T18:24:28Z] [cycle 164] AC up on pe1, expecting held recovery then pe1 revert
[2026-06-28T18:25:52Z] [cycle 165] AC down on pe1, expecting link drain and pe2 promotion
[2026-06-28T18:25:58Z] [cycle 165] AC up on pe1, expecting held recovery then pe1 revert
[2026-06-28T18:27:22Z] [cycle 166] AC down on pe1, expecting link drain and pe2 promotion
[2026-06-28T18:27:28Z] [cycle 166] AC up on pe1, expecting held recovery then pe1 revert
[2026-06-28T18:28:52Z] [cycle 167] AC down on pe1, expecting link drain and pe2 promotion
[2026-06-28T18:28:58Z] [cycle 167] AC up on pe1, expecting held recovery then pe1 revert
[2026-06-28T18:30:22Z] [cycle 168] AC down on pe1, expecting link drain and pe2 promotion
[2026-06-28T18:30:28Z] [cycle 168] AC up on pe1, expecting held recovery then pe1 revert
[2026-06-28T18:31:52Z] [cycle 169] AC down on pe1, expecting link drain and pe2 promotion
[2026-06-28T18:31:58Z] [cycle 169] AC up on pe1, expecting held recovery then pe1 revert
[2026-06-28T18:33:22Z] [cycle 170] AC down on pe1, expecting link drain and pe2 promotion
[2026-06-28T18:33:28Z] [cycle 170] AC up on pe1, expecting held recovery then pe1 revert
[2026-06-28T18:34:52Z] [cycle 171] AC down on pe1, expecting link drain and pe2 promotion
[2026-06-28T18:34:58Z] [cycle 171] AC up on pe1, expecting held recovery then pe1 revert
[2026-06-28T18:36:22Z] [cycle 172] AC down on pe1, expecting link drain and pe2 promotion
[2026-06-28T18:36:28Z] [cycle 172] AC up on pe1, expecting held recovery then pe1 revert
[2026-06-28T18:37:52Z] [cycle 173] AC down on pe1, expecting link drain and pe2 promotion
[2026-06-28T18:37:58Z] [cycle 173] AC up on pe1, expecting held recovery then pe1 revert
[2026-06-28T18:39:22Z] [cycle 174] AC down on pe1, expecting link drain and pe2 promotion
[2026-06-28T18:39:28Z] [cycle 174] AC up on pe1, expecting held recovery then pe1 revert
[2026-06-28T18:40:52Z] [cycle 175] AC down on pe1, expecting link drain and pe2 promotion
[2026-06-28T18:40:58Z] [cycle 175] AC up on pe1, expecting held recovery then pe1 revert
[2026-06-28T18:42:22Z] [cycle 176] AC down on pe1, expecting link drain and pe2 promotion
[2026-06-28T18:42:28Z] [cycle 176] AC up on pe1, expecting held recovery then pe1 revert
[2026-06-28T18:43:52Z] [cycle 177] AC down on pe1, expecting link drain and pe2 promotion
[2026-06-28T18:43:58Z] [cycle 177] AC up on pe1, expecting held recovery then pe1 revert
[2026-06-28T18:45:22Z] [cycle 178] AC down on pe1, expecting link drain and pe2 promotion
[2026-06-28T18:45:28Z] [cycle 178] AC up on pe1, expecting held recovery then pe1 revert
[2026-06-28T18:46:52Z] [cycle 179] AC down on pe1, expecting link drain and pe2 promotion
[2026-06-28T18:46:58Z] [cycle 179] AC up on pe1, expecting held recovery then pe1 revert
[2026-06-28T18:48:22Z] [cycle 180] AC down on pe1, expecting link drain and pe2 promotion
[2026-06-28T18:48:28Z] [cycle 180] AC up on pe1, expecting held recovery then pe1 revert
[2026-06-28T18:49:52Z] [cycle 181] AC down on pe1, expecting link drain and pe2 promotion
[2026-06-28T18:49:58Z] [cycle 181] AC up on pe1, expecting held recovery then pe1 revert
[2026-06-28T18:51:22Z] [cycle 182] AC down on pe1, expecting link drain and pe2 promotion
[2026-06-28T18:51:28Z] [cycle 182] AC up on pe1, expecting held recovery then pe1 revert
[2026-06-28T18:52:52Z] [cycle 183] AC down on pe1, expecting link drain and pe2 promotion
[2026-06-28T18:52:58Z] [cycle 183] AC up on pe1, expecting held recovery then pe1 revert
[2026-06-28T18:54:22Z] [cycle 184] AC down on pe1, expecting link drain and pe2 promotion
[2026-06-28T18:54:28Z] [cycle 184] AC up on pe1, expecting held recovery then pe1 revert
[2026-06-28T18:55:52Z] [cycle 185] AC down on pe1, expecting link drain and pe2 promotion
[2026-06-28T18:55:58Z] [cycle 185] AC up on pe1, expecting held recovery then pe1 revert
[2026-06-28T18:57:22Z] [cycle 186] AC down on pe1, expecting link drain and pe2 promotion
[2026-06-28T18:57:28Z] [cycle 186] AC up on pe1, expecting held recovery then pe1 revert
[2026-06-28T18:58:52Z] [cycle 187] AC down on pe1, expecting link drain and pe2 promotion
[2026-06-28T18:58:58Z] [cycle 187] AC up on pe1, expecting held recovery then pe1 revert
[2026-06-28T19:00:22Z] [cycle 188] AC down on pe1, expecting link drain and pe2 promotion
[2026-06-28T19:00:28Z] [cycle 188] AC up on pe1, expecting held recovery then pe1 revert
[2026-06-28T19:01:52Z] [cycle 189] AC down on pe1, expecting link drain and pe2 promotion
[2026-06-28T19:01:58Z] [cycle 189] AC up on pe1, expecting held recovery then pe1 revert
[2026-06-28T19:03:22Z] [cycle 190] AC down on pe1, expecting link drain and pe2 promotion
[2026-06-28T19:03:29Z] [cycle 190] AC up on pe1, expecting held recovery then pe1 revert
[2026-06-28T19:04:52Z] [cycle 191] AC down on pe1, expecting link drain and pe2 promotion
[2026-06-28T19:04:58Z] [cycle 191] AC up on pe1, expecting held recovery then pe1 revert
[2026-06-28T19:06:22Z] [cycle 192] AC down on pe1, expecting link drain and pe2 promotion
[2026-06-28T19:06:28Z] [cycle 192] AC up on pe1, expecting held recovery then pe1 revert
[2026-06-28T19:07:52Z] [cycle 193] AC down on pe1, expecting link drain and pe2 promotion
[2026-06-28T19:07:59Z] [cycle 193] AC up on pe1, expecting held recovery then pe1 revert
[2026-06-28T19:09:22Z] [cycle 194] AC down on pe1, expecting link drain and pe2 promotion
[2026-06-28T19:09:28Z] [cycle 194] AC up on pe1, expecting held recovery then pe1 revert
[2026-06-28T19:10:52Z] [cycle 195] AC down on pe1, expecting link drain and pe2 promotion
[2026-06-28T19:10:58Z] [cycle 195] AC up on pe1, expecting held recovery then pe1 revert
[2026-06-28T19:12:22Z] [cycle 196] AC down on pe1, expecting link drain and pe2 promotion
[2026-06-28T19:12:28Z] [cycle 196] AC up on pe1, expecting held recovery then pe1 revert
[2026-06-28T19:13:52Z] [cycle 197] AC down on pe1, expecting link drain and pe2 promotion
[2026-06-28T19:13:58Z] [cycle 197] AC up on pe1, expecting held recovery then pe1 revert
[2026-06-28T19:15:22Z] [cycle 198] AC down on pe1, expecting link drain and pe2 promotion
[2026-06-28T19:15:28Z] [cycle 198] AC up on pe1, expecting held recovery then pe1 revert
[2026-06-28T19:16:52Z] [cycle 199] AC down on pe1, expecting link drain and pe2 promotion
[2026-06-28T19:16:58Z] [cycle 199] AC up on pe1, expecting held recovery then pe1 revert
[2026-06-28T19:18:22Z] [cycle 200] AC down on pe1, expecting link drain and pe2 promotion
[2026-06-28T19:18:28Z] [cycle 200] AC up on pe1, expecting held recovery then pe1 revert
[2026-06-28T19:19:52Z] [cycle 201] AC down on pe1, expecting link drain and pe2 promotion
[2026-06-28T19:19:58Z] [cycle 201] AC up on pe1, expecting held recovery then pe1 revert
[2026-06-28T19:21:22Z] [cycle 202] AC down on pe1, expecting link drain and pe2 promotion
[2026-06-28T19:21:28Z] [cycle 202] AC up on pe1, expecting held recovery then pe1 revert
[2026-06-28T19:22:52Z] [cycle 203] AC down on pe1, expecting link drain and pe2 promotion
[2026-06-28T19:22:58Z] [cycle 203] AC up on pe1, expecting held recovery then pe1 revert
[2026-06-28T19:24:22Z] [cycle 204] AC down on pe1, expecting link drain and pe2 promotion
[2026-06-28T19:24:28Z] [cycle 204] AC up on pe1, expecting held recovery then pe1 revert
[2026-06-28T19:25:52Z] [cycle 205] AC down on pe1, expecting link drain and pe2 promotion
[2026-06-28T19:25:58Z] [cycle 205] AC up on pe1, expecting held recovery then pe1 revert
[2026-06-28T19:27:22Z] [cycle 206] AC down on pe1, expecting link drain and pe2 promotion
[2026-06-28T19:27:28Z] [cycle 206] AC up on pe1, expecting held recovery then pe1 revert
[2026-06-28T19:28:52Z] [cycle 207] AC down on pe1, expecting link drain and pe2 promotion
[2026-06-28T19:28:58Z] [cycle 207] AC up on pe1, expecting held recovery then pe1 revert
[2026-06-28T19:30:22Z] [cycle 208] AC down on pe1, expecting link drain and pe2 promotion
[2026-06-28T19:30:28Z] [cycle 208] AC up on pe1, expecting held recovery then pe1 revert
[2026-06-28T19:31:52Z] [cycle 209] AC down on pe1, expecting link drain and pe2 promotion
[2026-06-28T19:31:58Z] [cycle 209] AC up on pe1, expecting held recovery then pe1 revert
[2026-06-28T19:33:22Z] [cycle 210] AC down on pe1, expecting link drain and pe2 promotion
[2026-06-28T19:33:27Z] [cycle 210] AC up on pe1, expecting held recovery then pe1 revert
[2026-06-28T19:34:52Z] [cycle 211] AC down on pe1, expecting link drain and pe2 promotion
[2026-06-28T19:34:58Z] [cycle 211] AC up on pe1, expecting held recovery then pe1 revert
[2026-06-28T19:36:22Z] [cycle 212] AC down on pe1, expecting link drain and pe2 promotion
[2026-06-28T19:36:28Z] [cycle 212] AC up on pe1, expecting held recovery then pe1 revert
[2026-06-28T19:37:52Z] [cycle 213] AC down on pe1, expecting link drain and pe2 promotion
[2026-06-28T19:37:58Z] [cycle 213] AC up on pe1, expecting held recovery then pe1 revert
[2026-06-28T19:39:22Z] [cycle 214] AC down on pe1, expecting link drain and pe2 promotion
[2026-06-28T19:39:29Z] [cycle 214] AC up on pe1, expecting held recovery then pe1 revert
[2026-06-28T19:40:52Z] [cycle 215] AC down on pe1, expecting link drain and pe2 promotion
[2026-06-28T19:40:59Z] [cycle 215] AC up on pe1, expecting held recovery then pe1 revert
[2026-06-28T19:42:22Z] [cycle 216] AC down on pe1, expecting link drain and pe2 promotion
[2026-06-28T19:42:28Z] [cycle 216] AC up on pe1, expecting held recovery then pe1 revert
[2026-06-28T19:43:52Z] [cycle 217] AC down on pe1, expecting link drain and pe2 promotion
[2026-06-28T19:43:58Z] [cycle 217] AC up on pe1, expecting held recovery then pe1 revert
[2026-06-28T19:45:22Z] [cycle 218] AC down on pe1, expecting link drain and pe2 promotion
[2026-06-28T19:45:28Z] [cycle 218] AC up on pe1, expecting held recovery then pe1 revert
[2026-06-28T19:46:52Z] [cycle 219] AC down on pe1, expecting link drain and pe2 promotion
[2026-06-28T19:46:58Z] [cycle 219] AC up on pe1, expecting held recovery then pe1 revert
[2026-06-28T19:48:22Z] [cycle 220] AC down on pe1, expecting link drain and pe2 promotion
[2026-06-28T19:48:28Z] [cycle 220] AC up on pe1, expecting held recovery then pe1 revert
[2026-06-28T19:49:52Z] [cycle 221] AC down on pe1, expecting link drain and pe2 promotion
[2026-06-28T19:49:58Z] [cycle 221] AC up on pe1, expecting held recovery then pe1 revert
[2026-06-28T19:51:22Z] [cycle 222] AC down on pe1, expecting link drain and pe2 promotion
[2026-06-28T19:51:28Z] [cycle 222] AC up on pe1, expecting held recovery then pe1 revert
[2026-06-28T19:52:52Z] [cycle 223] AC down on pe1, expecting link drain and pe2 promotion
[2026-06-28T19:52:58Z] [cycle 223] AC up on pe1, expecting held recovery then pe1 revert
[2026-06-28T19:54:22Z] [cycle 224] AC down on pe1, expecting link drain and pe2 promotion
[2026-06-28T19:54:28Z] [cycle 224] AC up on pe1, expecting held recovery then pe1 revert
[2026-06-28T19:55:52Z] [cycle 225] AC down on pe1, expecting link drain and pe2 promotion
[2026-06-28T19:55:58Z] [cycle 225] AC up on pe1, expecting held recovery then pe1 revert
[2026-06-28T19:57:22Z] [cycle 226] AC down on pe1, expecting link drain and pe2 promotion
[2026-06-28T19:57:28Z] [cycle 226] AC up on pe1, expecting held recovery then pe1 revert
[2026-06-28T19:58:52Z] [cycle 227] AC down on pe1, expecting link drain and pe2 promotion
[2026-06-28T19:58:58Z] [cycle 227] AC up on pe1, expecting held recovery then pe1 revert
[2026-06-28T20:00:22Z] [cycle 228] AC down on pe1, expecting link drain and pe2 promotion
[2026-06-28T20:00:28Z] [cycle 228] AC up on pe1, expecting held recovery then pe1 revert
[2026-06-28T20:01:52Z] [cycle 229] AC down on pe1, expecting link drain and pe2 promotion
[2026-06-28T20:01:58Z] [cycle 229] AC up on pe1, expecting held recovery then pe1 revert
[2026-06-28T20:03:22Z] [cycle 230] AC down on pe1, expecting link drain and pe2 promotion
[2026-06-28T20:03:28Z] [cycle 230] AC up on pe1, expecting held recovery then pe1 revert
[2026-06-28T20:04:52Z] [cycle 231] AC down on pe1, expecting link drain and pe2 promotion
[2026-06-28T20:04:58Z] [cycle 231] AC up on pe1, expecting held recovery then pe1 revert
[2026-06-28T20:06:22Z] [cycle 232] AC down on pe1, expecting link drain and pe2 promotion
[2026-06-28T20:06:27Z] [cycle 232] AC up on pe1, expecting held recovery then pe1 revert
[2026-06-28T20:07:52Z] [cycle 233] AC down on pe1, expecting link drain and pe2 promotion
[2026-06-28T20:07:58Z] [cycle 233] AC up on pe1, expecting held recovery then pe1 revert
[2026-06-28T20:09:22Z] [cycle 234] AC down on pe1, expecting link drain and pe2 promotion
[2026-06-28T20:09:28Z] [cycle 234] AC up on pe1, expecting held recovery then pe1 revert
[2026-06-28T20:10:52Z] [cycle 235] AC down on pe1, expecting link drain and pe2 promotion
[2026-06-28T20:10:58Z] [cycle 235] AC up on pe1, expecting held recovery then pe1 revert
[2026-06-28T20:12:22Z] [cycle 236] AC down on pe1, expecting link drain and pe2 promotion
[2026-06-28T20:12:28Z] [cycle 236] AC up on pe1, expecting held recovery then pe1 revert
[2026-06-28T20:13:52Z] [cycle 237] AC down on pe1, expecting link drain and pe2 promotion
[2026-06-28T20:13:58Z] [cycle 237] AC up on pe1, expecting held recovery then pe1 revert
[2026-06-28T20:15:22Z] [cycle 238] AC down on pe1, expecting link drain and pe2 promotion
[2026-06-28T20:15:28Z] [cycle 238] AC up on pe1, expecting held recovery then pe1 revert
[2026-06-28T20:16:52Z] [cycle 239] AC down on pe1, expecting link drain and pe2 promotion
[2026-06-28T20:16:58Z] [cycle 239] AC up on pe1, expecting held recovery then pe1 revert
[2026-06-28T20:18:22Z] [cycle 240] AC down on pe1, expecting link drain and pe2 promotion
[2026-06-28T20:18:28Z] [cycle 240] AC up on pe1, expecting held recovery then pe1 revert
[2026-06-28T20:19:52Z] [cycle 241] AC down on pe1, expecting link drain and pe2 promotion
[2026-06-28T20:19:58Z] [cycle 241] AC up on pe1, expecting held recovery then pe1 revert
[2026-06-28T20:21:22Z] [cycle 242] AC down on pe1, expecting link drain and pe2 promotion
[2026-06-28T20:21:28Z] [cycle 242] AC up on pe1, expecting held recovery then pe1 revert
[2026-06-28T20:22:52Z] [cycle 243] AC down on pe1, expecting link drain and pe2 promotion
[2026-06-28T20:22:58Z] [cycle 243] AC up on pe1, expecting held recovery then pe1 revert
[2026-06-28T20:24:22Z] [cycle 244] AC down on pe1, expecting link drain and pe2 promotion
[2026-06-28T20:24:28Z] [cycle 244] AC up on pe1, expecting held recovery then pe1 revert
[2026-06-28T20:25:52Z] [cycle 245] AC down on pe1, expecting link drain and pe2 promotion
[2026-06-28T20:25:58Z] [cycle 245] AC up on pe1, expecting held recovery then pe1 revert
[2026-06-28T20:27:22Z] [cycle 246] AC down on pe1, expecting link drain and pe2 promotion
[2026-06-28T20:27:28Z] [cycle 246] AC up on pe1, expecting held recovery then pe1 revert
[2026-06-28T20:28:52Z] [cycle 247] AC down on pe1, expecting link drain and pe2 promotion
[2026-06-28T20:28:58Z] [cycle 247] AC up on pe1, expecting held recovery then pe1 revert
[2026-06-28T20:30:22Z] [cycle 248] AC down on pe1, expecting link drain and pe2 promotion
[2026-06-28T20:30:28Z] [cycle 248] AC up on pe1, expecting held recovery then pe1 revert
[2026-06-28T20:31:52Z] [cycle 249] AC down on pe1, expecting link drain and pe2 promotion
[2026-06-28T20:31:57Z] [cycle 249] AC up on pe1, expecting held recovery then pe1 revert
[2026-06-28T20:33:22Z] [cycle 250] AC down on pe1, expecting link drain and pe2 promotion
[2026-06-28T20:33:28Z] [cycle 250] AC up on pe1, expecting held recovery then pe1 revert
[2026-06-28T20:34:52Z] [cycle 251] AC down on pe1, expecting link drain and pe2 promotion
[2026-06-28T20:34:58Z] [cycle 251] AC up on pe1, expecting held recovery then pe1 revert
[2026-06-28T20:36:22Z] [cycle 252] AC down on pe1, expecting link drain and pe2 promotion
[2026-06-28T20:36:28Z] [cycle 252] AC up on pe1, expecting held recovery then pe1 revert
[2026-06-28T20:37:52Z] [cycle 253] AC down on pe1, expecting link drain and pe2 promotion
[2026-06-28T20:37:58Z] [cycle 253] AC up on pe1, expecting held recovery then pe1 revert
[2026-06-28T20:39:22Z] [cycle 254] AC down on pe1, expecting link drain and pe2 promotion
[2026-06-28T20:39:28Z] [cycle 254] AC up on pe1, expecting held recovery then pe1 revert
[2026-06-28T20:40:52Z] [cycle 255] AC down on pe1, expecting link drain and pe2 promotion
[2026-06-28T20:40:58Z] [cycle 255] AC up on pe1, expecting held recovery then pe1 revert
[2026-06-28T20:42:22Z] [cycle 256] AC down on pe1, expecting link drain and pe2 promotion
[2026-06-28T20:42:28Z] [cycle 256] AC up on pe1, expecting held recovery then pe1 revert
[2026-06-28T20:43:52Z] [cycle 257] AC down on pe1, expecting link drain and pe2 promotion
[2026-06-28T20:43:58Z] [cycle 257] AC up on pe1, expecting held recovery then pe1 revert
[2026-06-28T20:45:22Z] [cycle 258] AC down on pe1, expecting link drain and pe2 promotion
[2026-06-28T20:45:28Z] [cycle 258] AC up on pe1, expecting held recovery then pe1 revert
[2026-06-28T20:46:52Z] [cycle 259] AC down on pe1, expecting link drain and pe2 promotion
[2026-06-28T20:46:58Z] [cycle 259] AC up on pe1, expecting held recovery then pe1 revert
[2026-06-28T20:48:22Z] [cycle 260] AC down on pe1, expecting link drain and pe2 promotion
[2026-06-28T20:48:28Z] [cycle 260] AC up on pe1, expecting held recovery then pe1 revert
[2026-06-28T20:49:52Z] [cycle 261] AC down on pe1, expecting link drain and pe2 promotion
[2026-06-28T20:49:58Z] [cycle 261] AC up on pe1, expecting held recovery then pe1 revert
[2026-06-28T20:51:22Z] [cycle 262] AC down on pe1, expecting link drain and pe2 promotion
[2026-06-28T20:51:28Z] [cycle 262] AC up on pe1, expecting held recovery then pe1 revert
[2026-06-28T20:52:52Z] [cycle 263] AC down on pe1, expecting link drain and pe2 promotion
[2026-06-28T20:52:58Z] [cycle 263] AC up on pe1, expecting held recovery then pe1 revert
[2026-06-28T20:54:22Z] [cycle 264] AC down on pe1, expecting link drain and pe2 promotion
[2026-06-28T20:54:28Z] [cycle 264] AC up on pe1, expecting held recovery then pe1 revert
[2026-06-28T20:55:53Z] [cycle 265] AC down on pe1, expecting link drain and pe2 promotion
[2026-06-28T20:55:58Z] [cycle 265] AC up on pe1, expecting held recovery then pe1 revert
[2026-06-28T20:57:23Z] [cycle 266] AC down on pe1, expecting link drain and pe2 promotion
[2026-06-28T20:57:29Z] [cycle 266] AC up on pe1, expecting held recovery then pe1 revert
[2026-06-28T20:58:53Z] [cycle 267] AC down on pe1, expecting link drain and pe2 promotion
[2026-06-28T20:58:59Z] [cycle 267] AC up on pe1, expecting held recovery then pe1 revert
[2026-06-28T21:00:23Z] [cycle 268] AC down on pe1, expecting link drain and pe2 promotion
[2026-06-28T21:00:29Z] [cycle 268] AC up on pe1, expecting held recovery then pe1 revert
[2026-06-28T21:01:53Z] [cycle 269] AC down on pe1, expecting link drain and pe2 promotion
[2026-06-28T21:01:59Z] [cycle 269] AC up on pe1, expecting held recovery then pe1 revert
[2026-06-28T21:03:23Z] [cycle 270] AC down on pe1, expecting link drain and pe2 promotion
[2026-06-28T21:03:29Z] [cycle 270] AC up on pe1, expecting held recovery then pe1 revert
[2026-06-28T21:04:53Z] [cycle 271] AC down on pe1, expecting link drain and pe2 promotion
[2026-06-28T21:04:59Z] [cycle 271] AC up on pe1, expecting held recovery then pe1 revert
[2026-06-28T21:06:23Z] [cycle 272] AC down on pe1, expecting link drain and pe2 promotion
[2026-06-28T21:06:29Z] [cycle 272] AC up on pe1, expecting held recovery then pe1 revert
[2026-06-28T21:07:53Z] [cycle 273] AC down on pe1, expecting link drain and pe2 promotion
[2026-06-28T21:07:59Z] [cycle 273] AC up on pe1, expecting held recovery then pe1 revert
[2026-06-28T21:09:23Z] [cycle 274] AC down on pe1, expecting link drain and pe2 promotion
[2026-06-28T21:09:29Z] [cycle 274] AC up on pe1, expecting held recovery then pe1 revert
[2026-06-28T21:10:53Z] [cycle 275] AC down on pe1, expecting link drain and pe2 promotion
[2026-06-28T21:10:59Z] [cycle 275] AC up on pe1, expecting held recovery then pe1 revert
[2026-06-28T21:12:23Z] [cycle 276] AC down on pe1, expecting link drain and pe2 promotion
[2026-06-28T21:12:29Z] [cycle 276] AC up on pe1, expecting held recovery then pe1 revert
[2026-06-28T21:13:53Z] [cycle 277] AC down on pe1, expecting link drain and pe2 promotion
[2026-06-28T21:13:58Z] [cycle 277] AC up on pe1, expecting held recovery then pe1 revert
[2026-06-28T21:15:23Z] [cycle 278] AC down on pe1, expecting link drain and pe2 promotion
[2026-06-28T21:15:29Z] [cycle 278] AC up on pe1, expecting held recovery then pe1 revert
[2026-06-28T21:16:53Z] [cycle 279] AC down on pe1, expecting link drain and pe2 promotion
[2026-06-28T21:16:59Z] [cycle 279] AC up on pe1, expecting held recovery then pe1 revert
[2026-06-28T21:18:23Z] [cycle 280] AC down on pe1, expecting link drain and pe2 promotion
[2026-06-28T21:18:29Z] [cycle 280] AC up on pe1, expecting held recovery then pe1 revert
[2026-06-28T21:19:53Z] [cycle 281] AC down on pe1, expecting link drain and pe2 promotion
[2026-06-28T21:19:59Z] [cycle 281] AC up on pe1, expecting held recovery then pe1 revert
[2026-06-28T21:21:24Z] [cycle 282] AC down on pe1, expecting link drain and pe2 promotion
[2026-06-28T21:21:29Z] [cycle 282] AC up on pe1, expecting held recovery then pe1 revert
[2026-06-28T21:22:54Z] [cycle 283] AC down on pe1, expecting link drain and pe2 promotion
[2026-06-28T21:23:00Z] [cycle 283] AC up on pe1, expecting held recovery then pe1 revert
[2026-06-28T21:24:24Z] [cycle 284] AC down on pe1, expecting link drain and pe2 promotion
[2026-06-28T21:24:30Z] [cycle 284] AC up on pe1, expecting held recovery then pe1 revert
[2026-06-28T21:25:55Z] [cycle 285] AC down on pe1, expecting link drain and pe2 promotion
[2026-06-28T21:26:00Z] [cycle 285] AC up on pe1, expecting held recovery then pe1 revert
[2026-06-28T21:27:25Z] [cycle 286] AC down on pe1, expecting link drain and pe2 promotion
[2026-06-28T21:27:31Z] [cycle 286] AC up on pe1, expecting held recovery then pe1 revert
[2026-06-28T21:28:55Z] [cycle 287] AC down on pe1, expecting link drain and pe2 promotion
[2026-06-28T21:29:01Z] [cycle 287] AC up on pe1, expecting held recovery then pe1 revert
[2026-06-28T21:30:25Z] [cycle 288] AC down on pe1, expecting link drain and pe2 promotion
[2026-06-28T21:30:31Z] [cycle 288] AC up on pe1, expecting held recovery then pe1 revert
[2026-06-28T21:31:55Z] [cycle 289] AC down on pe1, expecting link drain and pe2 promotion
[2026-06-28T21:32:01Z] [cycle 289] AC up on pe1, expecting held recovery then pe1 revert
[2026-06-28T21:33:25Z] [cycle 290] AC down on pe1, expecting link drain and pe2 promotion
[2026-06-28T21:33:31Z] [cycle 290] AC up on pe1, expecting held recovery then pe1 revert
[2026-06-28T21:34:55Z] [cycle 291] AC down on pe1, expecting link drain and pe2 promotion
[2026-06-28T21:35:00Z] [cycle 291] AC up on pe1, expecting held recovery then pe1 revert
[2026-06-28T21:36:25Z] [cycle 292] AC down on pe1, expecting link drain and pe2 promotion
[2026-06-28T21:36:31Z] [cycle 292] AC up on pe1, expecting held recovery then pe1 revert
[2026-06-28T21:37:55Z] [cycle 293] AC down on pe1, expecting link drain and pe2 promotion
[2026-06-28T21:38:01Z] [cycle 293] AC up on pe1, expecting held recovery then pe1 revert
[2026-06-28T21:39:25Z] [cycle 294] AC down on pe1, expecting link drain and pe2 promotion
[2026-06-28T21:39:31Z] [cycle 294] AC up on pe1, expecting held recovery then pe1 revert
[2026-06-28T21:40:55Z] [cycle 295] AC down on pe1, expecting link drain and pe2 promotion
[2026-06-28T21:41:01Z] [cycle 295] AC up on pe1, expecting held recovery then pe1 revert
[2026-06-28T21:42:25Z] [cycle 296] AC down on pe1, expecting link drain and pe2 promotion
[2026-06-28T21:42:31Z] [cycle 296] AC up on pe1, expecting held recovery then pe1 revert
[2026-06-28T21:43:55Z] [cycle 297] AC down on pe1, expecting link drain and pe2 promotion
[2026-06-28T21:44:01Z] [cycle 297] AC up on pe1, expecting held recovery then pe1 revert
[2026-06-28T21:45:25Z] [cycle 298] AC down on pe1, expecting link drain and pe2 promotion
[2026-06-28T21:45:31Z] [cycle 298] AC up on pe1, expecting held recovery then pe1 revert
[2026-06-28T21:46:55Z] [cycle 299] AC down on pe1, expecting link drain and pe2 promotion
[2026-06-28T21:47:01Z] [cycle 299] AC up on pe1, expecting held recovery then pe1 revert
[2026-06-28T21:48:25Z] [cycle 300] AC down on pe1, expecting link drain and pe2 promotion
[2026-06-28T21:48:31Z] [cycle 300] AC up on pe1, expecting held recovery then pe1 revert
[2026-06-28T21:49:55Z] [cycle 301] AC down on pe1, expecting link drain and pe2 promotion
[2026-06-28T21:50:01Z] [cycle 301] AC up on pe1, expecting held recovery then pe1 revert
[2026-06-28T21:51:25Z] [cycle 302] AC down on pe1, expecting link drain and pe2 promotion
[2026-06-28T21:51:31Z] [cycle 302] AC up on pe1, expecting held recovery then pe1 revert
[2026-06-28T21:52:55Z] [cycle 303] AC down on pe1, expecting link drain and pe2 promotion
[2026-06-28T21:53:01Z] [cycle 303] AC up on pe1, expecting held recovery then pe1 revert
[2026-06-28T21:54:25Z] [cycle 304] AC down on pe1, expecting link drain and pe2 promotion
[2026-06-28T21:54:30Z] [cycle 304] AC up on pe1, expecting held recovery then pe1 revert
[2026-06-28T21:55:55Z] [cycle 305] AC down on pe1, expecting link drain and pe2 promotion
[2026-06-28T21:56:01Z] [cycle 305] AC up on pe1, expecting held recovery then pe1 revert
[2026-06-28T21:57:25Z] [cycle 306] AC down on pe1, expecting link drain and pe2 promotion
[2026-06-28T21:57:31Z] [cycle 306] AC up on pe1, expecting held recovery then pe1 revert
[2026-06-28T21:58:55Z] [cycle 307] AC down on pe1, expecting link drain and pe2 promotion
[2026-06-28T21:59:01Z] [cycle 307] AC up on pe1, expecting held recovery then pe1 revert
[2026-06-28T22:00:26Z] [cycle 308] AC down on pe1, expecting link drain and pe2 promotion
[2026-06-28T22:00:31Z] [cycle 308] AC up on pe1, expecting held recovery then pe1 revert
[2026-06-28T22:01:55Z] [cycle 309] AC down on pe1, expecting link drain and pe2 promotion
[2026-06-28T22:02:01Z] [cycle 309] AC up on pe1, expecting held recovery then pe1 revert
[2026-06-28T22:03:25Z] [cycle 310] AC down on pe1, expecting link drain and pe2 promotion
[2026-06-28T22:03:31Z] [cycle 310] AC up on pe1, expecting held recovery then pe1 revert
[2026-06-28T22:04:55Z] [cycle 311] AC down on pe1, expecting link drain and pe2 promotion
[2026-06-28T22:05:01Z] [cycle 311] AC up on pe1, expecting held recovery then pe1 revert
[2026-06-28T22:06:25Z] [cycle 312] AC down on pe1, expecting link drain and pe2 promotion
[2026-06-28T22:06:31Z] [cycle 312] AC up on pe1, expecting held recovery then pe1 revert
[2026-06-28T22:07:55Z] [cycle 313] AC down on pe1, expecting link drain and pe2 promotion
[2026-06-28T22:08:01Z] [cycle 313] AC up on pe1, expecting held recovery then pe1 revert
[2026-06-28T22:09:25Z] [cycle 314] AC down on pe1, expecting link drain and pe2 promotion
[2026-06-28T22:09:31Z] [cycle 314] AC up on pe1, expecting held recovery then pe1 revert
[2026-06-28T22:10:55Z] [cycle 315] AC down on pe1, expecting link drain and pe2 promotion
[2026-06-28T22:11:01Z] [cycle 315] AC up on pe1, expecting held recovery then pe1 revert
[2026-06-28T22:12:25Z] [cycle 316] AC down on pe1, expecting link drain and pe2 promotion
[2026-06-28T22:12:31Z] [cycle 316] AC up on pe1, expecting held recovery then pe1 revert
[2026-06-28T22:13:55Z] [cycle 317] AC down on pe1, expecting link drain and pe2 promotion
[2026-06-28T22:14:00Z] [cycle 317] AC up on pe1, expecting held recovery then pe1 revert
[2026-06-28T22:15:25Z] [cycle 318] AC down on pe1, expecting link drain and pe2 promotion
[2026-06-28T22:15:31Z] [cycle 318] AC up on pe1, expecting held recovery then pe1 revert
[2026-06-28T22:16:55Z] [cycle 319] AC down on pe1, expecting link drain and pe2 promotion
[2026-06-28T22:17:01Z] [cycle 319] AC up on pe1, expecting held recovery then pe1 revert
[2026-06-28T22:18:25Z] [cycle 320] AC down on pe1, expecting link drain and pe2 promotion
[2026-06-28T22:18:31Z] [cycle 320] AC up on pe1, expecting held recovery then pe1 revert
[2026-06-28T22:19:55Z] [cycle 321] AC down on pe1, expecting link drain and pe2 promotion
[2026-06-28T22:20:01Z] [cycle 321] AC up on pe1, expecting held recovery then pe1 revert
[2026-06-28T22:21:25Z] [cycle 322] AC down on pe1, expecting link drain and pe2 promotion
[2026-06-28T22:21:31Z] [cycle 322] AC up on pe1, expecting held recovery then pe1 revert
[2026-06-28T22:22:55Z] [cycle 323] AC down on pe1, expecting link drain and pe2 promotion
[2026-06-28T22:23:01Z] [cycle 323] AC up on pe1, expecting held recovery then pe1 revert
[2026-06-28T22:24:25Z] [cycle 324] AC down on pe1, expecting link drain and pe2 promotion
[2026-06-28T22:24:31Z] [cycle 324] AC up on pe1, expecting held recovery then pe1 revert
[2026-06-28T22:25:55Z] [cycle 325] AC down on pe1, expecting link drain and pe2 promotion
[2026-06-28T22:26:01Z] [cycle 325] AC up on pe1, expecting held recovery then pe1 revert
[2026-06-28T22:27:25Z] [cycle 326] AC down on pe1, expecting link drain and pe2 promotion
[2026-06-28T22:27:31Z] [cycle 326] AC up on pe1, expecting held recovery then pe1 revert
[2026-06-28T22:28:55Z] [cycle 327] AC down on pe1, expecting link drain and pe2 promotion
[2026-06-28T22:29:01Z] [cycle 327] AC up on pe1, expecting held recovery then pe1 revert
[2026-06-28T22:30:25Z] [cycle 328] AC down on pe1, expecting link drain and pe2 promotion
[2026-06-28T22:30:31Z] [cycle 328] AC up on pe1, expecting held recovery then pe1 revert
[2026-06-28T22:31:55Z] [cycle 329] AC down on pe1, expecting link drain and pe2 promotion
[2026-06-28T22:32:01Z] [cycle 329] AC up on pe1, expecting held recovery then pe1 revert
[2026-06-28T22:33:25Z] [cycle 330] AC down on pe1, expecting link drain and pe2 promotion
[2026-06-28T22:33:31Z] [cycle 330] AC up on pe1, expecting held recovery then pe1 revert
[2026-06-28T22:34:55Z] [cycle 331] AC down on pe1, expecting link drain and pe2 promotion
[2026-06-28T22:35:01Z] [cycle 331] AC up on pe1, expecting held recovery then pe1 revert
[2026-06-28T22:36:25Z] [cycle 332] AC down on pe1, expecting link drain and pe2 promotion
[2026-06-28T22:36:31Z] [cycle 332] AC up on pe1, expecting held recovery then pe1 revert
[2026-06-28T22:37:55Z] [cycle 333] AC down on pe1, expecting link drain and pe2 promotion
[2026-06-28T22:38:01Z] [cycle 333] AC up on pe1, expecting held recovery then pe1 revert
[2026-06-28T22:39:25Z] [cycle 334] AC down on pe1, expecting link drain and pe2 promotion
[2026-06-28T22:39:31Z] [cycle 334] AC up on pe1, expecting held recovery then pe1 revert
[2026-06-28T22:40:55Z] [cycle 335] AC down on pe1, expecting link drain and pe2 promotion
[2026-06-28T22:41:01Z] [cycle 335] AC up on pe1, expecting held recovery then pe1 revert
[2026-06-28T22:42:25Z] [cycle 336] AC down on pe1, expecting link drain and pe2 promotion
[2026-06-28T22:42:31Z] [cycle 336] AC up on pe1, expecting held recovery then pe1 revert
[2026-06-28T22:43:55Z] [cycle 337] AC down on pe1, expecting link drain and pe2 promotion
[2026-06-28T22:44:01Z] [cycle 337] AC up on pe1, expecting held recovery then pe1 revert
[2026-06-28T22:45:25Z] [cycle 338] AC down on pe1, expecting link drain and pe2 promotion
[2026-06-28T22:45:31Z] [cycle 338] AC up on pe1, expecting held recovery then pe1 revert
[2026-06-28T22:46:55Z] [cycle 339] AC down on pe1, expecting link drain and pe2 promotion
[2026-06-28T22:47:01Z] [cycle 339] AC up on pe1, expecting held recovery then pe1 revert
[2026-06-28T22:48:25Z] [cycle 340] AC down on pe1, expecting link drain and pe2 promotion
[2026-06-28T22:48:31Z] [cycle 340] AC up on pe1, expecting held recovery then pe1 revert
[2026-06-28T22:49:55Z] [cycle 341] AC down on pe1, expecting link drain and pe2 promotion
[2026-06-28T22:50:01Z] [cycle 341] AC up on pe1, expecting held recovery then pe1 revert
[2026-06-28T22:51:25Z] [cycle 342] AC down on pe1, expecting link drain and pe2 promotion
[2026-06-28T22:51:31Z] [cycle 342] AC up on pe1, expecting held recovery then pe1 revert
[2026-06-28T22:52:55Z] [cycle 343] AC down on pe1, expecting link drain and pe2 promotion
[2026-06-28T22:53:01Z] [cycle 343] AC up on pe1, expecting held recovery then pe1 revert
[2026-06-28T22:54:25Z] [cycle 344] AC down on pe1, expecting link drain and pe2 promotion
[2026-06-28T22:54:31Z] [cycle 344] AC up on pe1, expecting held recovery then pe1 revert
[2026-06-28T22:55:55Z] [cycle 345] AC down on pe1, expecting link drain and pe2 promotion
[2026-06-28T22:56:01Z] [cycle 345] AC up on pe1, expecting held recovery then pe1 revert
[2026-06-28T22:57:25Z] [cycle 346] AC down on pe1, expecting link drain and pe2 promotion
[2026-06-28T22:57:31Z] [cycle 346] AC up on pe1, expecting held recovery then pe1 revert
[2026-06-28T22:58:55Z] [cycle 347] AC down on pe1, expecting link drain and pe2 promotion
[2026-06-28T22:59:01Z] [cycle 347] AC up on pe1, expecting held recovery then pe1 revert
[2026-06-28T23:00:25Z] [cycle 348] AC down on pe1, expecting link drain and pe2 promotion
[2026-06-28T23:00:31Z] [cycle 348] AC up on pe1, expecting held recovery then pe1 revert
[2026-06-28T23:01:55Z] [cycle 349] AC down on pe1, expecting link drain and pe2 promotion
[2026-06-28T23:02:01Z] [cycle 349] AC up on pe1, expecting held recovery then pe1 revert
[2026-06-28T23:03:25Z] [cycle 350] AC down on pe1, expecting link drain and pe2 promotion
[2026-06-28T23:03:31Z] [cycle 350] AC up on pe1, expecting held recovery then pe1 revert
[2026-06-28T23:04:55Z] [cycle 351] AC down on pe1, expecting link drain and pe2 promotion
[2026-06-28T23:05:01Z] [cycle 351] AC up on pe1, expecting held recovery then pe1 revert
[2026-06-28T23:06:25Z] [cycle 352] AC down on pe1, expecting link drain and pe2 promotion
[2026-06-28T23:06:31Z] [cycle 352] AC up on pe1, expecting held recovery then pe1 revert
[2026-06-28T23:07:55Z] [cycle 353] AC down on pe1, expecting link drain and pe2 promotion
[2026-06-28T23:08:01Z] [cycle 353] AC up on pe1, expecting held recovery then pe1 revert
[2026-06-28T23:09:25Z] [cycle 354] AC down on pe1, expecting link drain and pe2 promotion
[2026-06-28T23:09:31Z] [cycle 354] AC up on pe1, expecting held recovery then pe1 revert
[2026-06-28T23:10:55Z] [cycle 355] AC down on pe1, expecting link drain and pe2 promotion
[2026-06-28T23:11:01Z] [cycle 355] AC up on pe1, expecting held recovery then pe1 revert
[2026-06-28T23:12:25Z] [cycle 356] AC down on pe1, expecting link drain and pe2 promotion
[2026-06-28T23:12:31Z] [cycle 356] AC up on pe1, expecting held recovery then pe1 revert
[2026-06-28T23:13:55Z] [cycle 357] AC down on pe1, expecting link drain and pe2 promotion
[2026-06-28T23:14:02Z] [cycle 357] AC up on pe1, expecting held recovery then pe1 revert
[2026-06-28T23:15:25Z] [cycle 358] AC down on pe1, expecting link drain and pe2 promotion
[2026-06-28T23:15:31Z] [cycle 358] AC up on pe1, expecting held recovery then pe1 revert
[2026-06-28T23:16:55Z] [cycle 359] AC down on pe1, expecting link drain and pe2 promotion
[2026-06-28T23:17:02Z] [cycle 359] AC up on pe1, expecting held recovery then pe1 revert
[2026-06-28T23:18:25Z] [cycle 360] AC down on pe1, expecting link drain and pe2 promotion
[2026-06-28T23:18:31Z] [cycle 360] AC up on pe1, expecting held recovery then pe1 revert
[2026-06-28T23:19:56Z] [cycle 361] AC down on pe1, expecting link drain and pe2 promotion
[2026-06-28T23:20:02Z] [cycle 361] AC up on pe1, expecting held recovery then pe1 revert
[2026-06-28T23:21:26Z] [cycle 362] AC down on pe1, expecting link drain and pe2 promotion
[2026-06-28T23:21:32Z] [cycle 362] AC up on pe1, expecting held recovery then pe1 revert
[2026-06-28T23:22:56Z] [cycle 363] AC down on pe1, expecting link drain and pe2 promotion
[2026-06-28T23:23:02Z] [cycle 363] AC up on pe1, expecting held recovery then pe1 revert
[2026-06-28T23:24:26Z] [cycle 364] AC down on pe1, expecting link drain and pe2 promotion
[2026-06-28T23:24:32Z] [cycle 364] AC up on pe1, expecting held recovery then pe1 revert
[2026-06-28T23:25:56Z] [cycle 365] AC down on pe1, expecting link drain and pe2 promotion
[2026-06-28T23:26:02Z] [cycle 365] AC up on pe1, expecting held recovery then pe1 revert
[2026-06-28T23:27:26Z] [cycle 366] AC down on pe1, expecting link drain and pe2 promotion
[2026-06-28T23:27:32Z] [cycle 366] AC up on pe1, expecting held recovery then pe1 revert
[2026-06-28T23:28:56Z] [cycle 367] AC down on pe1, expecting link drain and pe2 promotion
[2026-06-28T23:29:02Z] [cycle 367] AC up on pe1, expecting held recovery then pe1 revert
[2026-06-28T23:30:26Z] [cycle 368] AC down on pe1, expecting link drain and pe2 promotion
[2026-06-28T23:30:32Z] [cycle 368] AC up on pe1, expecting held recovery then pe1 revert
[2026-06-28T23:31:57Z] [cycle 369] AC down on pe1, expecting link drain and pe2 promotion
[2026-06-28T23:32:02Z] [cycle 369] AC up on pe1, expecting held recovery then pe1 revert
[2026-06-28T23:33:27Z] [cycle 370] AC down on pe1, expecting link drain and pe2 promotion
[2026-06-28T23:33:33Z] [cycle 370] AC up on pe1, expecting held recovery then pe1 revert
[2026-06-28T23:34:57Z] [cycle 371] AC down on pe1, expecting link drain and pe2 promotion
[2026-06-28T23:35:03Z] [cycle 371] AC up on pe1, expecting held recovery then pe1 revert
[2026-06-28T23:36:27Z] [cycle 372] AC down on pe1, expecting link drain and pe2 promotion
[2026-06-28T23:36:33Z] [cycle 372] AC up on pe1, expecting held recovery then pe1 revert
[2026-06-28T23:37:57Z] [cycle 373] AC down on pe1, expecting link drain and pe2 promotion
[2026-06-28T23:38:03Z] [cycle 373] AC up on pe1, expecting held recovery then pe1 revert
[2026-06-28T23:39:27Z] [cycle 374] AC down on pe1, expecting link drain and pe2 promotion
[2026-06-28T23:39:33Z] [cycle 374] AC up on pe1, expecting held recovery then pe1 revert
[2026-06-28T23:40:57Z] [cycle 375] AC down on pe1, expecting link drain and pe2 promotion
[2026-06-28T23:41:03Z] [cycle 375] AC up on pe1, expecting held recovery then pe1 revert
[2026-06-28T23:42:27Z] [cycle 376] AC down on pe1, expecting link drain and pe2 promotion
[2026-06-28T23:42:33Z] [cycle 376] AC up on pe1, expecting held recovery then pe1 revert
[2026-06-28T23:43:57Z] [cycle 377] AC down on pe1, expecting link drain and pe2 promotion
[2026-06-28T23:44:03Z] [cycle 377] AC up on pe1, expecting held recovery then pe1 revert
[2026-06-28T23:45:27Z] [cycle 378] AC down on pe1, expecting link drain and pe2 promotion
[2026-06-28T23:45:33Z] [cycle 378] AC up on pe1, expecting held recovery then pe1 revert
[2026-06-28T23:46:57Z] [cycle 379] AC down on pe1, expecting link drain and pe2 promotion
[2026-06-28T23:47:03Z] [cycle 379] AC up on pe1, expecting held recovery then pe1 revert
[2026-06-28T23:48:27Z] [cycle 380] AC down on pe1, expecting link drain and pe2 promotion
[2026-06-28T23:48:33Z] [cycle 380] AC up on pe1, expecting held recovery then pe1 revert
[2026-06-28T23:49:57Z] [cycle 381] AC down on pe1, expecting link drain and pe2 promotion
[2026-06-28T23:50:03Z] [cycle 381] AC up on pe1, expecting held recovery then pe1 revert
[2026-06-28T23:51:27Z] [cycle 382] AC down on pe1, expecting link drain and pe2 promotion
[2026-06-28T23:51:33Z] [cycle 382] AC up on pe1, expecting held recovery then pe1 revert
[2026-06-28T23:52:57Z] [cycle 383] AC down on pe1, expecting link drain and pe2 promotion
[2026-06-28T23:53:03Z] [cycle 383] AC up on pe1, expecting held recovery then pe1 revert
[2026-06-28T23:54:27Z] [cycle 384] AC down on pe1, expecting link drain and pe2 promotion
[2026-06-28T23:54:33Z] [cycle 384] AC up on pe1, expecting held recovery then pe1 revert
[2026-06-28T23:55:57Z] [cycle 385] AC down on pe1, expecting link drain and pe2 promotion
[2026-06-28T23:56:03Z] [cycle 385] AC up on pe1, expecting held recovery then pe1 revert
[2026-06-28T23:57:27Z] [cycle 386] AC down on pe1, expecting link drain and pe2 promotion
[2026-06-28T23:57:33Z] [cycle 386] AC up on pe1, expecting held recovery then pe1 revert
[2026-06-28T23:58:57Z] [cycle 387] AC down on pe1, expecting link drain and pe2 promotion
[2026-06-28T23:59:03Z] [cycle 387] AC up on pe1, expecting held recovery then pe1 revert
[2026-06-29T00:00:27Z] [cycle 388] AC down on pe1, expecting link drain and pe2 promotion
[2026-06-29T00:00:33Z] [cycle 388] AC up on pe1, expecting held recovery then pe1 revert
[2026-06-29T00:01:57Z] [cycle 389] AC down on pe1, expecting link drain and pe2 promotion
[2026-06-29T00:02:03Z] [cycle 389] AC up on pe1, expecting held recovery then pe1 revert
[2026-06-29T00:03:27Z] [cycle 390] AC down on pe1, expecting link drain and pe2 promotion
[2026-06-29T00:03:33Z] [cycle 390] AC up on pe1, expecting held recovery then pe1 revert
[2026-06-29T00:04:57Z] [cycle 391] AC down on pe1, expecting link drain and pe2 promotion
[2026-06-29T00:05:03Z] [cycle 391] AC up on pe1, expecting held recovery then pe1 revert
[2026-06-29T00:06:27Z] [cycle 392] AC down on pe1, expecting link drain and pe2 promotion
[2026-06-29T00:06:33Z] [cycle 392] AC up on pe1, expecting held recovery then pe1 revert
[2026-06-29T00:07:57Z] [cycle 393] AC down on pe1, expecting link drain and pe2 promotion
[2026-06-29T00:08:03Z] [cycle 393] AC up on pe1, expecting held recovery then pe1 revert
[2026-06-29T00:09:27Z] [cycle 394] AC down on pe1, expecting link drain and pe2 promotion
[2026-06-29T00:09:33Z] [cycle 394] AC up on pe1, expecting held recovery then pe1 revert
[2026-06-29T00:10:57Z] [cycle 395] AC down on pe1, expecting link drain and pe2 promotion
[2026-06-29T00:11:03Z] [cycle 395] AC up on pe1, expecting held recovery then pe1 revert
[2026-06-29T00:12:27Z] [cycle 396] AC down on pe1, expecting link drain and pe2 promotion
[2026-06-29T00:12:33Z] [cycle 396] AC up on pe1, expecting held recovery then pe1 revert
[2026-06-29T00:13:57Z] [cycle 397] AC down on pe1, expecting link drain and pe2 promotion
[2026-06-29T00:14:03Z] [cycle 397] AC up on pe1, expecting held recovery then pe1 revert
[2026-06-29T00:15:27Z] [cycle 398] AC down on pe1, expecting link drain and pe2 promotion
[2026-06-29T00:15:33Z] [cycle 398] AC up on pe1, expecting held recovery then pe1 revert
[2026-06-29T00:16:57Z] [cycle 399] AC down on pe1, expecting link drain and pe2 promotion
[2026-06-29T00:17:03Z] [cycle 399] AC up on pe1, expecting held recovery then pe1 revert
[2026-06-29T00:18:27Z] [cycle 400] AC down on pe1, expecting link drain and pe2 promotion
[2026-06-29T00:18:33Z] [cycle 400] AC up on pe1, expecting held recovery then pe1 revert
[2026-06-29T00:19:57Z] [cycle 401] AC down on pe1, expecting link drain and pe2 promotion
[2026-06-29T00:20:03Z] [cycle 401] AC up on pe1, expecting held recovery then pe1 revert
[2026-06-29T00:21:27Z] [cycle 402] AC down on pe1, expecting link drain and pe2 promotion
[2026-06-29T00:21:33Z] [cycle 402] AC up on pe1, expecting held recovery then pe1 revert
[2026-06-29T00:22:57Z] [cycle 403] AC down on pe1, expecting link drain and pe2 promotion
[2026-06-29T00:23:03Z] [cycle 403] AC up on pe1, expecting held recovery then pe1 revert
[2026-06-29T00:24:27Z] [cycle 404] AC down on pe1, expecting link drain and pe2 promotion
[2026-06-29T00:24:33Z] [cycle 404] AC up on pe1, expecting held recovery then pe1 revert
[2026-06-29T00:25:57Z] [cycle 405] AC down on pe1, expecting link drain and pe2 promotion
[2026-06-29T00:26:03Z] [cycle 405] AC up on pe1, expecting held recovery then pe1 revert
[2026-06-29T00:27:27Z] [cycle 406] AC down on pe1, expecting link drain and pe2 promotion
[2026-06-29T00:27:33Z] [cycle 406] AC up on pe1, expecting held recovery then pe1 revert
[2026-06-29T00:28:57Z] [cycle 407] AC down on pe1, expecting link drain and pe2 promotion
[2026-06-29T00:29:03Z] [cycle 407] AC up on pe1, expecting held recovery then pe1 revert
[2026-06-29T00:30:27Z] [cycle 408] AC down on pe1, expecting link drain and pe2 promotion
[2026-06-29T00:30:33Z] [cycle 408] AC up on pe1, expecting held recovery then pe1 revert
[2026-06-29T00:31:57Z] [cycle 409] AC down on pe1, expecting link drain and pe2 promotion
[2026-06-29T00:32:03Z] [cycle 409] AC up on pe1, expecting held recovery then pe1 revert
[2026-06-29T00:33:27Z] [cycle 410] AC down on pe1, expecting link drain and pe2 promotion
[2026-06-29T00:33:33Z] [cycle 410] AC up on pe1, expecting held recovery then pe1 revert
[2026-06-29T00:34:57Z] [cycle 411] AC down on pe1, expecting link drain and pe2 promotion
[2026-06-29T00:35:03Z] [cycle 411] AC up on pe1, expecting held recovery then pe1 revert
[2026-06-29T00:36:27Z] [cycle 412] AC down on pe1, expecting link drain and pe2 promotion
[2026-06-29T00:36:33Z] [cycle 412] AC up on pe1, expecting held recovery then pe1 revert
[2026-06-29T00:37:57Z] [cycle 413] AC down on pe1, expecting link drain and pe2 promotion
[2026-06-29T00:38:02Z] [cycle 413] AC up on pe1, expecting held recovery then pe1 revert
[2026-06-29T00:39:27Z] [cycle 414] AC down on pe1, expecting link drain and pe2 promotion
[2026-06-29T00:39:33Z] [cycle 414] AC up on pe1, expecting held recovery then pe1 revert
[2026-06-29T00:40:57Z] [cycle 415] AC down on pe1, expecting link drain and pe2 promotion
[2026-06-29T00:41:03Z] [cycle 415] AC up on pe1, expecting held recovery then pe1 revert
[2026-06-29T00:42:27Z] [cycle 416] AC down on pe1, expecting link drain and pe2 promotion
[2026-06-29T00:42:33Z] [cycle 416] AC up on pe1, expecting held recovery then pe1 revert
[2026-06-29T00:43:57Z] [cycle 417] AC down on pe1, expecting link drain and pe2 promotion
[2026-06-29T00:44:03Z] [cycle 417] AC up on pe1, expecting held recovery then pe1 revert
[2026-06-29T00:45:27Z] [cycle 418] AC down on pe1, expecting link drain and pe2 promotion
[2026-06-29T00:45:33Z] [cycle 418] AC up on pe1, expecting held recovery then pe1 revert
[2026-06-29T00:46:57Z] [cycle 419] AC down on pe1, expecting link drain and pe2 promotion
[2026-06-29T00:47:04Z] [cycle 419] AC up on pe1, expecting held recovery then pe1 revert
[2026-06-29T00:48:27Z] [cycle 420] AC down on pe1, expecting link drain and pe2 promotion
[2026-06-29T00:48:33Z] [cycle 420] AC up on pe1, expecting held recovery then pe1 revert
[2026-06-29T00:49:57Z] [cycle 421] AC down on pe1, expecting link drain and pe2 promotion
[2026-06-29T00:50:03Z] [cycle 421] AC up on pe1, expecting held recovery then pe1 revert
[2026-06-29T00:51:27Z] [cycle 422] AC down on pe1, expecting link drain and pe2 promotion
[2026-06-29T00:51:33Z] [cycle 422] AC up on pe1, expecting held recovery then pe1 revert
[2026-06-29T00:52:57Z] [cycle 423] AC down on pe1, expecting link drain and pe2 promotion
[2026-06-29T00:53:03Z] [cycle 423] AC up on pe1, expecting held recovery then pe1 revert
[2026-06-29T00:54:27Z] [cycle 424] AC down on pe1, expecting link drain and pe2 promotion
[2026-06-29T00:54:33Z] [cycle 424] AC up on pe1, expecting held recovery then pe1 revert
[2026-06-29T00:55:57Z] [cycle 425] AC down on pe1, expecting link drain and pe2 promotion
[2026-06-29T00:56:03Z] [cycle 425] AC up on pe1, expecting held recovery then pe1 revert
[2026-06-29T00:57:27Z] [cycle 426] AC down on pe1, expecting link drain and pe2 promotion
[2026-06-29T00:57:33Z] [cycle 426] AC up on pe1, expecting held recovery then pe1 revert
[2026-06-29T00:58:57Z] [cycle 427] AC down on pe1, expecting link drain and pe2 promotion
[2026-06-29T00:59:03Z] [cycle 427] AC up on pe1, expecting held recovery then pe1 revert
[2026-06-29T01:00:27Z] [cycle 428] AC down on pe1, expecting link drain and pe2 promotion
[2026-06-29T01:00:33Z] [cycle 428] AC up on pe1, expecting held recovery then pe1 revert
[2026-06-29T01:01:57Z] [cycle 429] AC down on pe1, expecting link drain and pe2 promotion
[2026-06-29T01:02:03Z] [cycle 429] AC up on pe1, expecting held recovery then pe1 revert
[2026-06-29T01:03:27Z] [cycle 430] AC down on pe1, expecting link drain and pe2 promotion
[2026-06-29T01:03:33Z] [cycle 430] AC up on pe1, expecting held recovery then pe1 revert
[2026-06-29T01:04:57Z] [cycle 431] AC down on pe1, expecting link drain and pe2 promotion
[2026-06-29T01:05:03Z] [cycle 431] AC up on pe1, expecting held recovery then pe1 revert
[2026-06-29T01:06:27Z] [cycle 432] AC down on pe1, expecting link drain and pe2 promotion
[2026-06-29T01:06:33Z] [cycle 432] AC up on pe1, expecting held recovery then pe1 revert
[2026-06-29T01:07:57Z] [cycle 433] AC down on pe1, expecting link drain and pe2 promotion
[2026-06-29T01:08:03Z] [cycle 433] AC up on pe1, expecting held recovery then pe1 revert
[2026-06-29T01:09:27Z] [cycle 434] AC down on pe1, expecting link drain and pe2 promotion
[2026-06-29T01:09:33Z] [cycle 434] AC up on pe1, expecting held recovery then pe1 revert
[2026-06-29T01:10:57Z] [cycle 435] AC down on pe1, expecting link drain and pe2 promotion
[2026-06-29T01:11:03Z] [cycle 435] AC up on pe1, expecting held recovery then pe1 revert
[2026-06-29T01:12:27Z] [cycle 436] AC down on pe1, expecting link drain and pe2 promotion
[2026-06-29T01:12:33Z] [cycle 436] AC up on pe1, expecting held recovery then pe1 revert
[2026-06-29T01:13:57Z] [cycle 437] AC down on pe1, expecting link drain and pe2 promotion
[2026-06-29T01:14:03Z] [cycle 437] AC up on pe1, expecting held recovery then pe1 revert
[2026-06-29T01:15:27Z] [cycle 438] AC down on pe1, expecting link drain and pe2 promotion
[2026-06-29T01:15:33Z] [cycle 438] AC up on pe1, expecting held recovery then pe1 revert
[2026-06-29T01:16:57Z] [cycle 439] AC down on pe1, expecting link drain and pe2 promotion
[2026-06-29T01:17:03Z] [cycle 439] AC up on pe1, expecting held recovery then pe1 revert
[2026-06-29T01:18:27Z] [cycle 440] AC down on pe1, expecting link drain and pe2 promotion
[2026-06-29T01:18:35Z] [cycle 440] AC up on pe1, expecting held recovery then pe1 revert
[2026-06-29T01:19:57Z] [cycle 441] AC down on pe1, expecting link drain and pe2 promotion
[2026-06-29T01:20:03Z] [cycle 441] AC up on pe1, expecting held recovery then pe1 revert
[2026-06-29T01:21:27Z] [cycle 442] AC down on pe1, expecting link drain and pe2 promotion
[2026-06-29T01:21:33Z] [cycle 442] AC up on pe1, expecting held recovery then pe1 revert
[2026-06-29T01:22:57Z] [cycle 443] AC down on pe1, expecting link drain and pe2 promotion
[2026-06-29T01:23:03Z] [cycle 443] AC up on pe1, expecting held recovery then pe1 revert
[2026-06-29T01:24:27Z] [cycle 444] AC down on pe1, expecting link drain and pe2 promotion
[2026-06-29T01:24:33Z] [cycle 444] AC up on pe1, expecting held recovery then pe1 revert
[2026-06-29T01:25:57Z] [cycle 445] AC down on pe1, expecting link drain and pe2 promotion
[2026-06-29T01:26:03Z] [cycle 445] AC up on pe1, expecting held recovery then pe1 revert
[2026-06-29T01:27:27Z] [cycle 446] AC down on pe1, expecting link drain and pe2 promotion
[2026-06-29T01:27:33Z] [cycle 446] AC up on pe1, expecting held recovery then pe1 revert
[2026-06-29T01:28:57Z] [cycle 447] AC down on pe1, expecting link drain and pe2 promotion
[2026-06-29T01:29:03Z] [cycle 447] AC up on pe1, expecting held recovery then pe1 revert
[2026-06-29T01:30:27Z] [cycle 448] AC down on pe1, expecting link drain and pe2 promotion
[2026-06-29T01:30:33Z] [cycle 448] AC up on pe1, expecting held recovery then pe1 revert
[2026-06-29T01:31:57Z] [cycle 449] AC down on pe1, expecting link drain and pe2 promotion
[2026-06-29T01:32:03Z] [cycle 449] AC up on pe1, expecting held recovery then pe1 revert
[2026-06-29T01:33:27Z] [cycle 450] AC down on pe1, expecting link drain and pe2 promotion
[2026-06-29T01:33:33Z] [cycle 450] AC up on pe1, expecting held recovery then pe1 revert
[2026-06-29T01:34:57Z] [cycle 451] AC down on pe1, expecting link drain and pe2 promotion
[2026-06-29T01:35:03Z] [cycle 451] AC up on pe1, expecting held recovery then pe1 revert
[2026-06-29T01:36:27Z] [cycle 452] AC down on pe1, expecting link drain and pe2 promotion
[2026-06-29T01:36:33Z] [cycle 452] AC up on pe1, expecting held recovery then pe1 revert
[2026-06-29T01:37:57Z] [cycle 453] AC down on pe1, expecting link drain and pe2 promotion
[2026-06-29T01:38:03Z] [cycle 453] AC up on pe1, expecting held recovery then pe1 revert
[2026-06-29T01:39:27Z] [cycle 454] AC down on pe1, expecting link drain and pe2 promotion
[2026-06-29T01:39:33Z] [cycle 454] AC up on pe1, expecting held recovery then pe1 revert
[2026-06-29T01:40:57Z] [cycle 455] AC down on pe1, expecting link drain and pe2 promotion
[2026-06-29T01:41:03Z] [cycle 455] AC up on pe1, expecting held recovery then pe1 revert
[2026-06-29T01:42:27Z] [cycle 456] AC down on pe1, expecting link drain and pe2 promotion
[2026-06-29T01:42:33Z] [cycle 456] AC up on pe1, expecting held recovery then pe1 revert
[2026-06-29T01:43:57Z] [cycle 457] AC down on pe1, expecting link drain and pe2 promotion
[2026-06-29T01:44:03Z] [cycle 457] AC up on pe1, expecting held recovery then pe1 revert
[2026-06-29T01:45:27Z] [cycle 458] AC down on pe1, expecting link drain and pe2 promotion
[2026-06-29T01:45:33Z] [cycle 458] AC up on pe1, expecting held recovery then pe1 revert
[2026-06-29T01:46:57Z] [cycle 459] AC down on pe1, expecting link drain and pe2 promotion
[2026-06-29T01:47:03Z] [cycle 459] AC up on pe1, expecting held recovery then pe1 revert
[2026-06-29T01:48:27Z] [cycle 460] AC down on pe1, expecting link drain and pe2 promotion
[2026-06-29T01:48:33Z] [cycle 460] AC up on pe1, expecting held recovery then pe1 revert
[2026-06-29T01:49:57Z] [cycle 461] AC down on pe1, expecting link drain and pe2 promotion
[2026-06-29T01:50:02Z] [cycle 461] AC up on pe1, expecting held recovery then pe1 revert
[2026-06-29T01:51:27Z] [cycle 462] AC down on pe1, expecting link drain and pe2 promotion
[2026-06-29T01:51:33Z] [cycle 462] AC up on pe1, expecting held recovery then pe1 revert
[2026-06-29T01:52:57Z] [cycle 463] AC down on pe1, expecting link drain and pe2 promotion
[2026-06-29T01:53:03Z] [cycle 463] AC up on pe1, expecting held recovery then pe1 revert
[2026-06-29T01:54:27Z] [cycle 464] AC down on pe1, expecting link drain and pe2 promotion
[2026-06-29T01:54:33Z] [cycle 464] AC up on pe1, expecting held recovery then pe1 revert
[2026-06-29T01:55:57Z] [cycle 465] AC down on pe1, expecting link drain and pe2 promotion
[2026-06-29T01:56:03Z] [cycle 465] AC up on pe1, expecting held recovery then pe1 revert
[2026-06-29T01:57:27Z] [cycle 466] AC down on pe1, expecting link drain and pe2 promotion
[2026-06-29T01:57:33Z] [cycle 466] AC up on pe1, expecting held recovery then pe1 revert
[2026-06-29T01:58:57Z] [cycle 467] AC down on pe1, expecting link drain and pe2 promotion
[2026-06-29T01:59:03Z] [cycle 467] AC up on pe1, expecting held recovery then pe1 revert
[2026-06-29T02:00:27Z] [cycle 468] AC down on pe1, expecting link drain and pe2 promotion
[2026-06-29T02:00:33Z] [cycle 468] AC up on pe1, expecting held recovery then pe1 revert
[2026-06-29T02:01:57Z] [cycle 469] AC down on pe1, expecting link drain and pe2 promotion
[2026-06-29T02:02:03Z] [cycle 469] AC up on pe1, expecting held recovery then pe1 revert
[2026-06-29T02:03:27Z] [cycle 470] AC down on pe1, expecting link drain and pe2 promotion
[2026-06-29T02:03:32Z] [cycle 470] AC up on pe1, expecting held recovery then pe1 revert
[2026-06-29T02:04:57Z] [cycle 471] AC down on pe1, expecting link drain and pe2 promotion
[2026-06-29T02:05:04Z] [cycle 471] AC up on pe1, expecting held recovery then pe1 revert
[2026-06-29T02:06:27Z] [cycle 472] AC down on pe1, expecting link drain and pe2 promotion
[2026-06-29T02:06:33Z] [cycle 472] AC up on pe1, expecting held recovery then pe1 revert
[2026-06-29T02:07:57Z] [cycle 473] AC down on pe1, expecting link drain and pe2 promotion
[2026-06-29T02:08:03Z] [cycle 473] AC up on pe1, expecting held recovery then pe1 revert
[2026-06-29T02:09:27Z] [cycle 474] AC down on pe1, expecting link drain and pe2 promotion
[2026-06-29T02:09:33Z] [cycle 474] AC up on pe1, expecting held recovery then pe1 revert
[2026-06-29T02:10:57Z] [cycle 475] AC down on pe1, expecting link drain and pe2 promotion
[2026-06-29T02:11:03Z] [cycle 475] AC up on pe1, expecting held recovery then pe1 revert
[2026-06-29T02:12:27Z] [cycle 476] AC down on pe1, expecting link drain and pe2 promotion
[2026-06-29T02:12:33Z] [cycle 476] AC up on pe1, expecting held recovery then pe1 revert
[2026-06-29T02:13:57Z] [cycle 477] AC down on pe1, expecting link drain and pe2 promotion
[2026-06-29T02:14:03Z] [cycle 477] AC up on pe1, expecting held recovery then pe1 revert
[2026-06-29T02:15:27Z] [cycle 478] AC down on pe1, expecting link drain and pe2 promotion
[2026-06-29T02:15:33Z] [cycle 478] AC up on pe1, expecting held recovery then pe1 revert
[2026-06-29T02:16:57Z] [cycle 479] AC down on pe1, expecting link drain and pe2 promotion
[2026-06-29T02:17:03Z] [cycle 479] AC up on pe1, expecting held recovery then pe1 revert
[2026-06-29T02:18:27Z] [cycle 480] AC down on pe1, expecting link drain and pe2 promotion
[2026-06-29T02:18:33Z] [cycle 480] AC up on pe1, expecting held recovery then pe1 revert
[2026-06-29T02:19:57Z] [cycle 481] AC down on pe1, expecting link drain and pe2 promotion
[2026-06-29T02:20:03Z] [cycle 481] AC up on pe1, expecting held recovery then pe1 revert
[2026-06-29T02:21:27Z] [cycle 482] AC down on pe1, expecting link drain and pe2 promotion
[2026-06-29T02:21:33Z] [cycle 482] AC up on pe1, expecting held recovery then pe1 revert
[2026-06-29T02:22:57Z] [cycle 483] AC down on pe1, expecting link drain and pe2 promotion
[2026-06-29T02:23:03Z] [cycle 483] AC up on pe1, expecting held recovery then pe1 revert
[2026-06-29T02:24:27Z] [cycle 484] AC down on pe1, expecting link drain and pe2 promotion
[2026-06-29T02:24:33Z] [cycle 484] AC up on pe1, expecting held recovery then pe1 revert
[2026-06-29T02:25:57Z] [cycle 485] AC down on pe1, expecting link drain and pe2 promotion
[2026-06-29T02:26:03Z] [cycle 485] AC up on pe1, expecting held recovery then pe1 revert
[2026-06-29T02:27:27Z] [cycle 486] AC down on pe1, expecting link drain and pe2 promotion
[2026-06-29T02:27:33Z] [cycle 486] AC up on pe1, expecting held recovery then pe1 revert
[2026-06-29T02:28:57Z] [cycle 487] AC down on pe1, expecting link drain and pe2 promotion
[2026-06-29T02:29:03Z] [cycle 487] AC up on pe1, expecting held recovery then pe1 revert
[2026-06-29T02:30:27Z] [cycle 488] AC down on pe1, expecting link drain and pe2 promotion
[2026-06-29T02:30:33Z] [cycle 488] AC up on pe1, expecting held recovery then pe1 revert
[2026-06-29T02:31:57Z] [cycle 489] AC down on pe1, expecting link drain and pe2 promotion
[2026-06-29T02:32:03Z] [cycle 489] AC up on pe1, expecting held recovery then pe1 revert
[2026-06-29T02:33:27Z] [cycle 490] AC down on pe1, expecting link drain and pe2 promotion
[2026-06-29T02:33:33Z] [cycle 490] AC up on pe1, expecting held recovery then pe1 revert
[2026-06-29T02:34:57Z] [cycle 491] AC down on pe1, expecting link drain and pe2 promotion
[2026-06-29T02:35:03Z] [cycle 491] AC up on pe1, expecting held recovery then pe1 revert
[2026-06-29T02:36:27Z] [cycle 492] AC down on pe1, expecting link drain and pe2 promotion
[2026-06-29T02:36:33Z] [cycle 492] AC up on pe1, expecting held recovery then pe1 revert
[2026-06-29T02:37:57Z] [cycle 493] AC down on pe1, expecting link drain and pe2 promotion
[2026-06-29T02:38:03Z] [cycle 493] AC up on pe1, expecting held recovery then pe1 revert
[2026-06-29T02:39:27Z] [cycle 494] AC down on pe1, expecting link drain and pe2 promotion
[2026-06-29T02:39:33Z] [cycle 494] AC up on pe1, expecting held recovery then pe1 revert
[2026-06-29T02:40:57Z] [cycle 495] AC down on pe1, expecting link drain and pe2 promotion
[2026-06-29T02:41:03Z] [cycle 495] AC up on pe1, expecting held recovery then pe1 revert
[2026-06-29T02:42:27Z] [cycle 496] AC down on pe1, expecting link drain and pe2 promotion
[2026-06-29T02:42:33Z] [cycle 496] AC up on pe1, expecting held recovery then pe1 revert
[2026-06-29T02:43:57Z] [cycle 497] AC down on pe1, expecting link drain and pe2 promotion
[2026-06-29T02:44:03Z] [cycle 497] AC up on pe1, expecting held recovery then pe1 revert
[2026-06-29T02:45:27Z] [cycle 498] AC down on pe1, expecting link drain and pe2 promotion
[2026-06-29T02:45:33Z] [cycle 498] AC up on pe1, expecting held recovery then pe1 revert
[2026-06-29T02:46:57Z] [cycle 499] AC down on pe1, expecting link drain and pe2 promotion
[2026-06-29T02:47:03Z] [cycle 499] AC up on pe1, expecting held recovery then pe1 revert
[2026-06-29T02:48:27Z] [cycle 500] AC down on pe1, expecting link drain and pe2 promotion
[2026-06-29T02:48:33Z] [cycle 500] AC up on pe1, expecting held recovery then pe1 revert
[2026-06-29T02:49:57Z] [cycle 501] AC down on pe1, expecting link drain and pe2 promotion
[2026-06-29T02:50:03Z] [cycle 501] AC up on pe1, expecting held recovery then pe1 revert
[2026-06-29T02:51:27Z] [cycle 502] AC down on pe1, expecting link drain and pe2 promotion
[2026-06-29T02:51:32Z] [cycle 502] AC up on pe1, expecting held recovery then pe1 revert
[2026-06-29T02:52:57Z] [cycle 503] AC down on pe1, expecting link drain and pe2 promotion
[2026-06-29T02:53:03Z] [cycle 503] AC up on pe1, expecting held recovery then pe1 revert
[2026-06-29T02:54:27Z] [cycle 504] AC down on pe1, expecting link drain and pe2 promotion
[2026-06-29T02:54:33Z] [cycle 504] AC up on pe1, expecting held recovery then pe1 revert
[2026-06-29T02:55:57Z] [cycle 505] AC down on pe1, expecting link drain and pe2 promotion
[2026-06-29T02:56:03Z] [cycle 505] AC up on pe1, expecting held recovery then pe1 revert
[2026-06-29T02:57:27Z] [cycle 506] AC down on pe1, expecting link drain and pe2 promotion
[2026-06-29T02:57:33Z] [cycle 506] AC up on pe1, expecting held recovery then pe1 revert
[2026-06-29T02:58:57Z] [cycle 507] AC down on pe1, expecting link drain and pe2 promotion
[2026-06-29T02:59:03Z] [cycle 507] AC up on pe1, expecting held recovery then pe1 revert
[2026-06-29T03:00:27Z] [cycle 508] AC down on pe1, expecting link drain and pe2 promotion
[2026-06-29T03:00:33Z] [cycle 508] AC up on pe1, expecting held recovery then pe1 revert
[2026-06-29T03:01:57Z] [cycle 509] AC down on pe1, expecting link drain and pe2 promotion
[2026-06-29T03:02:03Z] [cycle 509] AC up on pe1, expecting held recovery then pe1 revert
[2026-06-29T03:03:27Z] [cycle 510] AC down on pe1, expecting link drain and pe2 promotion
[2026-06-29T03:03:33Z] [cycle 510] AC up on pe1, expecting held recovery then pe1 revert
[2026-06-29T03:04:57Z] [cycle 511] AC down on pe1, expecting link drain and pe2 promotion
[2026-06-29T03:05:03Z] [cycle 511] AC up on pe1, expecting held recovery then pe1 revert
[2026-06-29T03:06:27Z] [cycle 512] AC down on pe1, expecting link drain and pe2 promotion
[2026-06-29T03:06:33Z] [cycle 512] AC up on pe1, expecting held recovery then pe1 revert
[2026-06-29T03:07:57Z] [cycle 513] AC down on pe1, expecting link drain and pe2 promotion
[2026-06-29T03:08:03Z] [cycle 513] AC up on pe1, expecting held recovery then pe1 revert
[2026-06-29T03:09:27Z] [cycle 514] AC down on pe1, expecting link drain and pe2 promotion
[2026-06-29T03:09:33Z] [cycle 514] AC up on pe1, expecting held recovery then pe1 revert
[2026-06-29T03:10:57Z] [cycle 515] AC down on pe1, expecting link drain and pe2 promotion
[2026-06-29T03:11:03Z] [cycle 515] AC up on pe1, expecting held recovery then pe1 revert
[2026-06-29T03:12:27Z] [cycle 516] AC down on pe1, expecting link drain and pe2 promotion
[2026-06-29T03:12:33Z] [cycle 516] AC up on pe1, expecting held recovery then pe1 revert
[2026-06-29T03:13:57Z] [cycle 517] AC down on pe1, expecting link drain and pe2 promotion
[2026-06-29T03:14:03Z] [cycle 517] AC up on pe1, expecting held recovery then pe1 revert
[2026-06-29T03:15:27Z] [cycle 518] AC down on pe1, expecting link drain and pe2 promotion
[2026-06-29T03:15:33Z] [cycle 518] AC up on pe1, expecting held recovery then pe1 revert
[2026-06-29T03:16:57Z] [cycle 519] AC down on pe1, expecting link drain and pe2 promotion
[2026-06-29T03:17:03Z] [cycle 519] AC up on pe1, expecting held recovery then pe1 revert
[2026-06-29T03:18:27Z] [cycle 520] AC down on pe1, expecting link drain and pe2 promotion
[2026-06-29T03:18:33Z] [cycle 520] AC up on pe1, expecting held recovery then pe1 revert
[2026-06-29T03:19:57Z] [cycle 521] AC down on pe1, expecting link drain and pe2 promotion
[2026-06-29T03:20:04Z] [cycle 521] AC up on pe1, expecting held recovery then pe1 revert
[2026-06-29T03:21:27Z] [cycle 522] AC down on pe1, expecting link drain and pe2 promotion
[2026-06-29T03:21:33Z] [cycle 522] AC up on pe1, expecting held recovery then pe1 revert
[2026-06-29T03:22:57Z] [cycle 523] AC down on pe1, expecting link drain and pe2 promotion
[2026-06-29T03:23:03Z] [cycle 523] AC up on pe1, expecting held recovery then pe1 revert
[2026-06-29T03:24:27Z] [cycle 524] AC down on pe1, expecting link drain and pe2 promotion
[2026-06-29T03:24:33Z] [cycle 524] AC up on pe1, expecting held recovery then pe1 revert
[2026-06-29T03:25:57Z] [cycle 525] AC down on pe1, expecting link drain and pe2 promotion
[2026-06-29T03:26:03Z] [cycle 525] AC up on pe1, expecting held recovery then pe1 revert
[2026-06-29T03:27:27Z] [cycle 526] AC down on pe1, expecting link drain and pe2 promotion
[2026-06-29T03:27:33Z] [cycle 526] AC up on pe1, expecting held recovery then pe1 revert
[2026-06-29T03:28:57Z] [cycle 527] AC down on pe1, expecting link drain and pe2 promotion
[2026-06-29T03:29:03Z] [cycle 527] AC up on pe1, expecting held recovery then pe1 revert
[2026-06-29T03:30:27Z] [cycle 528] AC down on pe1, expecting link drain and pe2 promotion
[2026-06-29T03:30:33Z] [cycle 528] AC up on pe1, expecting held recovery then pe1 revert
[2026-06-29T03:31:57Z] [cycle 529] AC down on pe1, expecting link drain and pe2 promotion
[2026-06-29T03:32:03Z] [cycle 529] AC up on pe1, expecting held recovery then pe1 revert
[2026-06-29T03:33:27Z] [cycle 530] AC down on pe1, expecting link drain and pe2 promotion
[2026-06-29T03:33:33Z] [cycle 530] AC up on pe1, expecting held recovery then pe1 revert
[2026-06-29T03:34:57Z] [cycle 531] AC down on pe1, expecting link drain and pe2 promotion
[2026-06-29T03:35:03Z] [cycle 531] AC up on pe1, expecting held recovery then pe1 revert
[2026-06-29T03:36:27Z] [cycle 532] AC down on pe1, expecting link drain and pe2 promotion
[2026-06-29T03:36:33Z] [cycle 532] AC up on pe1, expecting held recovery then pe1 revert
[2026-06-29T03:37:57Z] [cycle 533] AC down on pe1, expecting link drain and pe2 promotion
[2026-06-29T03:38:03Z] [cycle 533] AC up on pe1, expecting held recovery then pe1 revert
[2026-06-29T03:39:27Z] [cycle 534] AC down on pe1, expecting link drain and pe2 promotion
[2026-06-29T03:39:33Z] [cycle 534] AC up on pe1, expecting held recovery then pe1 revert
[2026-06-29T03:40:57Z] [cycle 535] AC down on pe1, expecting link drain and pe2 promotion
[2026-06-29T03:41:03Z] [cycle 535] AC up on pe1, expecting held recovery then pe1 revert
[2026-06-29T03:42:27Z] [cycle 536] AC down on pe1, expecting link drain and pe2 promotion
[2026-06-29T03:42:33Z] [cycle 536] AC up on pe1, expecting held recovery then pe1 revert
[2026-06-29T03:43:57Z] [cycle 537] AC down on pe1, expecting link drain and pe2 promotion
[2026-06-29T03:44:03Z] [cycle 537] AC up on pe1, expecting held recovery then pe1 revert
[2026-06-29T03:45:27Z] [cycle 538] AC down on pe1, expecting link drain and pe2 promotion
[2026-06-29T03:45:33Z] [cycle 538] AC up on pe1, expecting held recovery then pe1 revert
[2026-06-29T03:46:57Z] [cycle 539] AC down on pe1, expecting link drain and pe2 promotion
[2026-06-29T03:47:03Z] [cycle 539] AC up on pe1, expecting held recovery then pe1 revert
[2026-06-29T03:48:27Z] [cycle 540] AC down on pe1, expecting link drain and pe2 promotion
[2026-06-29T03:48:33Z] [cycle 540] AC up on pe1, expecting held recovery then pe1 revert
[2026-06-29T03:49:57Z] [cycle 541] AC down on pe1, expecting link drain and pe2 promotion
[2026-06-29T03:50:03Z] [cycle 541] AC up on pe1, expecting held recovery then pe1 revert
[2026-06-29T03:51:27Z] [cycle 542] AC down on pe1, expecting link drain and pe2 promotion
[2026-06-29T03:51:34Z] [cycle 542] AC up on pe1, expecting held recovery then pe1 revert
[2026-06-29T03:52:57Z] [cycle 543] AC down on pe1, expecting link drain and pe2 promotion
[2026-06-29T03:53:03Z] [cycle 543] AC up on pe1, expecting held recovery then pe1 revert
[2026-06-29T03:54:27Z] [cycle 544] AC down on pe1, expecting link drain and pe2 promotion
[2026-06-29T03:54:33Z] [cycle 544] AC up on pe1, expecting held recovery then pe1 revert
[2026-06-29T03:55:57Z] [cycle 545] AC down on pe1, expecting link drain and pe2 promotion
[2026-06-29T03:56:03Z] [cycle 545] AC up on pe1, expecting held recovery then pe1 revert
[2026-06-29T03:57:27Z] [cycle 546] AC down on pe1, expecting link drain and pe2 promotion
[2026-06-29T03:57:33Z] [cycle 546] AC up on pe1, expecting held recovery then pe1 revert
[2026-06-29T03:58:57Z] [cycle 547] AC down on pe1, expecting link drain and pe2 promotion
[2026-06-29T03:59:03Z] [cycle 547] AC up on pe1, expecting held recovery then pe1 revert
[2026-06-29T04:00:27Z] [cycle 548] AC down on pe1, expecting link drain and pe2 promotion
[2026-06-29T04:00:33Z] [cycle 548] AC up on pe1, expecting held recovery then pe1 revert
[2026-06-29T04:01:57Z] [cycle 549] AC down on pe1, expecting link drain and pe2 promotion
[2026-06-29T04:02:03Z] [cycle 549] AC up on pe1, expecting held recovery then pe1 revert
[2026-06-29T04:03:27Z] [cycle 550] AC down on pe1, expecting link drain and pe2 promotion
[2026-06-29T04:03:33Z] [cycle 550] AC up on pe1, expecting held recovery then pe1 revert
[2026-06-29T04:04:57Z] [cycle 551] AC down on pe1, expecting link drain and pe2 promotion
[2026-06-29T04:05:03Z] [cycle 551] AC up on pe1, expecting held recovery then pe1 revert
[2026-06-29T04:06:27Z] [cycle 552] AC down on pe1, expecting link drain and pe2 promotion
[2026-06-29T04:06:33Z] [cycle 552] AC up on pe1, expecting held recovery then pe1 revert
[2026-06-29T04:07:57Z] [cycle 553] AC down on pe1, expecting link drain and pe2 promotion
[2026-06-29T04:08:03Z] [cycle 553] AC up on pe1, expecting held recovery then pe1 revert
[2026-06-29T04:09:27Z] [cycle 554] AC down on pe1, expecting link drain and pe2 promotion
[2026-06-29T04:09:33Z] [cycle 554] AC up on pe1, expecting held recovery then pe1 revert
[2026-06-29T04:10:57Z] [cycle 555] AC down on pe1, expecting link drain and pe2 promotion
[2026-06-29T04:11:03Z] [cycle 555] AC up on pe1, expecting held recovery then pe1 revert
[2026-06-29T04:12:27Z] [cycle 556] AC down on pe1, expecting link drain and pe2 promotion
[2026-06-29T04:12:33Z] [cycle 556] AC up on pe1, expecting held recovery then pe1 revert
[2026-06-29T04:13:57Z] [cycle 557] AC down on pe1, expecting link drain and pe2 promotion
[2026-06-29T04:14:03Z] [cycle 557] AC up on pe1, expecting held recovery then pe1 revert
[2026-06-29T04:15:27Z] [cycle 558] AC down on pe1, expecting link drain and pe2 promotion
[2026-06-29T04:15:33Z] [cycle 558] AC up on pe1, expecting held recovery then pe1 revert
[2026-06-29T04:16:57Z] [cycle 559] AC down on pe1, expecting link drain and pe2 promotion
[2026-06-29T04:17:03Z] [cycle 559] AC up on pe1, expecting held recovery then pe1 revert
[2026-06-29T04:18:27Z] [cycle 560] AC down on pe1, expecting link drain and pe2 promotion
[2026-06-29T04:18:33Z] [cycle 560] AC up on pe1, expecting held recovery then pe1 revert
[2026-06-29T04:19:57Z] [cycle 561] AC down on pe1, expecting link drain and pe2 promotion
[2026-06-29T04:20:02Z] [cycle 561] AC up on pe1, expecting held recovery then pe1 revert
[2026-06-29T04:21:27Z] [cycle 562] AC down on pe1, expecting link drain and pe2 promotion
[2026-06-29T04:21:33Z] [cycle 562] AC up on pe1, expecting held recovery then pe1 revert
[2026-06-29T04:22:57Z] [cycle 563] AC down on pe1, expecting link drain and pe2 promotion
[2026-06-29T04:23:03Z] [cycle 563] AC up on pe1, expecting held recovery then pe1 revert
[2026-06-29T04:24:27Z] [cycle 564] AC down on pe1, expecting link drain and pe2 promotion
[2026-06-29T04:24:33Z] [cycle 564] AC up on pe1, expecting held recovery then pe1 revert
[2026-06-29T04:25:58Z] [cycle 565] AC down on pe1, expecting link drain and pe2 promotion
[2026-06-29T04:26:03Z] [cycle 565] AC up on pe1, expecting held recovery then pe1 revert
[2026-06-29T04:27:28Z] [cycle 566] AC down on pe1, expecting link drain and pe2 promotion
[2026-06-29T04:27:34Z] [cycle 566] AC up on pe1, expecting held recovery then pe1 revert
[2026-06-29T04:28:58Z] [cycle 567] AC down on pe1, expecting link drain and pe2 promotion
[2026-06-29T04:29:04Z] [cycle 567] AC up on pe1, expecting held recovery then pe1 revert
[2026-06-29T04:30:28Z] [cycle 568] AC down on pe1, expecting link drain and pe2 promotion
[2026-06-29T04:30:34Z] [cycle 568] AC up on pe1, expecting held recovery then pe1 revert
[2026-06-29T04:31:58Z] [cycle 569] AC down on pe1, expecting link drain and pe2 promotion
[2026-06-29T04:32:04Z] [cycle 569] AC up on pe1, expecting held recovery then pe1 revert
[2026-06-29T04:33:28Z] [cycle 570] AC down on pe1, expecting link drain and pe2 promotion
[2026-06-29T04:33:33Z] [cycle 570] AC up on pe1, expecting held recovery then pe1 revert
[2026-06-29T04:34:58Z] [cycle 571] AC down on pe1, expecting link drain and pe2 promotion
[2026-06-29T04:35:04Z] [cycle 571] AC up on pe1, expecting held recovery then pe1 revert
[2026-06-29T04:36:28Z] [cycle 572] AC down on pe1, expecting link drain and pe2 promotion
[2026-06-29T04:36:34Z] [cycle 572] AC up on pe1, expecting held recovery then pe1 revert
[2026-06-29T04:37:58Z] [cycle 573] AC down on pe1, expecting link drain and pe2 promotion
[2026-06-29T04:38:03Z] [cycle 573] AC up on pe1, expecting held recovery then pe1 revert
[2026-06-29T04:39:28Z] [cycle 574] AC down on pe1, expecting link drain and pe2 promotion
[2026-06-29T04:39:34Z] [cycle 574] AC up on pe1, expecting held recovery then pe1 revert
[2026-06-29T04:40:58Z] [cycle 575] AC down on pe1, expecting link drain and pe2 promotion
[2026-06-29T04:41:04Z] [cycle 575] AC up on pe1, expecting held recovery then pe1 revert
[2026-06-29T04:42:28Z] [cycle 576] AC down on pe1, expecting link drain and pe2 promotion
[2026-06-29T04:42:34Z] [cycle 576] AC up on pe1, expecting held recovery then pe1 revert
[2026-06-29T04:43:58Z] [cycle 577] AC down on pe1, expecting link drain and pe2 promotion
[2026-06-29T04:44:03Z] [cycle 577] AC up on pe1, expecting held recovery then pe1 revert
[2026-06-29T04:45:28Z] [cycle 578] AC down on pe1, expecting link drain and pe2 promotion
[2026-06-29T04:45:34Z] [cycle 578] AC up on pe1, expecting held recovery then pe1 revert
[2026-06-29T04:46:58Z] [cycle 579] AC down on pe1, expecting link drain and pe2 promotion
[2026-06-29T04:47:04Z] [cycle 579] AC up on pe1, expecting held recovery then pe1 revert
[2026-06-29T04:48:28Z] [cycle 580] AC down on pe1, expecting link drain and pe2 promotion
[2026-06-29T04:48:34Z] [cycle 580] AC up on pe1, expecting held recovery then pe1 revert
[2026-06-29T04:49:58Z] [cycle 581] AC down on pe1, expecting link drain and pe2 promotion
[2026-06-29T04:50:04Z] [cycle 581] AC up on pe1, expecting held recovery then pe1 revert
[2026-06-29T04:51:28Z] [cycle 582] AC down on pe1, expecting link drain and pe2 promotion
[2026-06-29T04:51:34Z] [cycle 582] AC up on pe1, expecting held recovery then pe1 revert
[2026-06-29T04:52:58Z] [cycle 583] AC down on pe1, expecting link drain and pe2 promotion
[2026-06-29T04:53:04Z] [cycle 583] AC up on pe1, expecting held recovery then pe1 revert
[2026-06-29T04:54:28Z] [cycle 584] AC down on pe1, expecting link drain and pe2 promotion
[2026-06-29T04:54:34Z] [cycle 584] AC up on pe1, expecting held recovery then pe1 revert
[2026-06-29T04:55:58Z] [cycle 585] AC down on pe1, expecting link drain and pe2 promotion
[2026-06-29T04:56:04Z] [cycle 585] AC up on pe1, expecting held recovery then pe1 revert
[2026-06-29T04:57:28Z] [cycle 586] AC down on pe1, expecting link drain and pe2 promotion
[2026-06-29T04:57:33Z] [cycle 586] AC up on pe1, expecting held recovery then pe1 revert
[2026-06-29T04:58:58Z] [cycle 587] AC down on pe1, expecting link drain and pe2 promotion
[2026-06-29T04:59:04Z] [cycle 587] AC up on pe1, expecting held recovery then pe1 revert
[2026-06-29T05:00:28Z] [cycle 588] AC down on pe1, expecting link drain and pe2 promotion
[2026-06-29T05:00:34Z] [cycle 588] AC up on pe1, expecting held recovery then pe1 revert
[2026-06-29T05:01:58Z] [cycle 589] AC down on pe1, expecting link drain and pe2 promotion
[2026-06-29T05:02:04Z] [cycle 589] AC up on pe1, expecting held recovery then pe1 revert
[2026-06-29T05:03:28Z] [cycle 590] AC down on pe1, expecting link drain and pe2 promotion
[2026-06-29T05:03:34Z] [cycle 590] AC up on pe1, expecting held recovery then pe1 revert
[2026-06-29T05:04:58Z] [cycle 591] AC down on pe1, expecting link drain and pe2 promotion
[2026-06-29T05:05:05Z] [cycle 591] AC up on pe1, expecting held recovery then pe1 revert
[2026-06-29T05:06:28Z] [cycle 592] AC down on pe1, expecting link drain and pe2 promotion
[2026-06-29T05:06:34Z] [cycle 592] AC up on pe1, expecting held recovery then pe1 revert
[2026-06-29T05:07:58Z] [cycle 593] AC down on pe1, expecting link drain and pe2 promotion
[2026-06-29T05:08:04Z] [cycle 593] AC up on pe1, expecting held recovery then pe1 revert
[2026-06-29T05:09:28Z] [cycle 594] AC down on pe1, expecting link drain and pe2 promotion
[2026-06-29T05:09:34Z] [cycle 594] AC up on pe1, expecting held recovery then pe1 revert
[2026-06-29T05:10:59Z] [cycle 595] AC down on pe1, expecting link drain and pe2 promotion
[2026-06-29T05:11:05Z] [cycle 595] AC up on pe1, expecting held recovery then pe1 revert
[2026-06-29T05:12:28Z] [cycle 596] AC down on pe1, expecting link drain and pe2 promotion
[2026-06-29T05:12:34Z] [cycle 596] AC up on pe1, expecting held recovery then pe1 revert
[2026-06-29T05:13:58Z] [cycle 597] AC down on pe1, expecting link drain and pe2 promotion
[2026-06-29T05:14:04Z] [cycle 597] AC up on pe1, expecting held recovery then pe1 revert
[2026-06-29T05:15:28Z] [cycle 598] AC down on pe1, expecting link drain and pe2 promotion
[2026-06-29T05:15:34Z] [cycle 598] AC up on pe1, expecting held recovery then pe1 revert
[2026-06-29T05:16:58Z] [cycle 599] AC down on pe1, expecting link drain and pe2 promotion
[2026-06-29T05:17:04Z] [cycle 599] AC up on pe1, expecting held recovery then pe1 revert
[2026-06-29T05:18:28Z] [cycle 600] AC down on pe1, expecting link drain and pe2 promotion
[2026-06-29T05:18:34Z] [cycle 600] AC up on pe1, expecting held recovery then pe1 revert
[2026-06-29T05:19:58Z] [cycle 601] AC down on pe1, expecting link drain and pe2 promotion
[2026-06-29T05:20:03Z] [cycle 601] AC up on pe1, expecting held recovery then pe1 revert
[2026-06-29T05:21:28Z] [cycle 602] AC down on pe1, expecting link drain and pe2 promotion
[2026-06-29T05:21:34Z] [cycle 602] AC up on pe1, expecting held recovery then pe1 revert
[2026-06-29T05:22:58Z] [cycle 603] AC down on pe1, expecting link drain and pe2 promotion
[2026-06-29T05:23:04Z] [cycle 603] AC up on pe1, expecting held recovery then pe1 revert
[2026-06-29T05:24:28Z] [cycle 604] AC down on pe1, expecting link drain and pe2 promotion
[2026-06-29T05:24:34Z] [cycle 604] AC up on pe1, expecting held recovery then pe1 revert
[2026-06-29T05:25:58Z] [cycle 605] AC down on pe1, expecting link drain and pe2 promotion
[2026-06-29T05:26:04Z] [cycle 605] AC up on pe1, expecting held recovery then pe1 revert
[2026-06-29T05:27:28Z] [cycle 606] AC down on pe1, expecting link drain and pe2 promotion
[2026-06-29T05:27:34Z] [cycle 606] AC up on pe1, expecting held recovery then pe1 revert
[2026-06-29T05:28:58Z] [cycle 607] AC down on pe1, expecting link drain and pe2 promotion
[2026-06-29T05:29:04Z] [cycle 607] AC up on pe1, expecting held recovery then pe1 revert
[2026-06-29T05:30:28Z] [cycle 608] AC down on pe1, expecting link drain and pe2 promotion
[2026-06-29T05:30:34Z] [cycle 608] AC up on pe1, expecting held recovery then pe1 revert
[2026-06-29T05:31:58Z] [cycle 609] AC down on pe1, expecting link drain and pe2 promotion
[2026-06-29T05:32:03Z] [cycle 609] AC up on pe1, expecting held recovery then pe1 revert
[2026-06-29T05:33:28Z] [cycle 610] AC down on pe1, expecting link drain and pe2 promotion
[2026-06-29T05:33:34Z] [cycle 610] AC up on pe1, expecting held recovery then pe1 revert
[2026-06-29T05:34:58Z] [cycle 611] AC down on pe1, expecting link drain and pe2 promotion
[2026-06-29T05:35:04Z] [cycle 611] AC up on pe1, expecting held recovery then pe1 revert
[2026-06-29T05:36:28Z] [cycle 612] AC down on pe1, expecting link drain and pe2 promotion
[2026-06-29T05:36:34Z] [cycle 612] AC up on pe1, expecting held recovery then pe1 revert
[2026-06-29T05:37:58Z] [cycle 613] AC down on pe1, expecting link drain and pe2 promotion
[2026-06-29T05:38:04Z] [cycle 613] AC up on pe1, expecting held recovery then pe1 revert
[2026-06-29T05:39:28Z] [cycle 614] AC down on pe1, expecting link drain and pe2 promotion
[2026-06-29T05:39:34Z] [cycle 614] AC up on pe1, expecting held recovery then pe1 revert
[2026-06-29T05:40:58Z] [cycle 615] AC down on pe1, expecting link drain and pe2 promotion
[2026-06-29T05:41:04Z] [cycle 615] AC up on pe1, expecting held recovery then pe1 revert
[2026-06-29T05:42:28Z] [cycle 616] AC down on pe1, expecting link drain and pe2 promotion
[2026-06-29T05:42:34Z] [cycle 616] AC up on pe1, expecting held recovery then pe1 revert
[2026-06-29T05:43:58Z] [cycle 617] AC down on pe1, expecting link drain and pe2 promotion
[2026-06-29T05:44:04Z] [cycle 617] AC up on pe1, expecting held recovery then pe1 revert
[2026-06-29T05:45:28Z] [cycle 618] AC down on pe1, expecting link drain and pe2 promotion
[2026-06-29T05:45:34Z] [cycle 618] AC up on pe1, expecting held recovery then pe1 revert
[2026-06-29T05:46:58Z] [cycle 619] AC down on pe1, expecting link drain and pe2 promotion
[2026-06-29T05:47:04Z] [cycle 619] AC up on pe1, expecting held recovery then pe1 revert
[2026-06-29T05:48:28Z] [cycle 620] AC down on pe1, expecting link drain and pe2 promotion
[2026-06-29T05:48:34Z] [cycle 620] AC up on pe1, expecting held recovery then pe1 revert
[2026-06-29T05:49:58Z] [cycle 621] AC down on pe1, expecting link drain and pe2 promotion
[2026-06-29T05:50:04Z] [cycle 621] AC up on pe1, expecting held recovery then pe1 revert
[2026-06-29T05:51:28Z] [cycle 622] AC down on pe1, expecting link drain and pe2 promotion
[2026-06-29T05:51:34Z] [cycle 622] AC up on pe1, expecting held recovery then pe1 revert
[2026-06-29T05:52:58Z] [cycle 623] AC down on pe1, expecting link drain and pe2 promotion
[2026-06-29T05:53:03Z] [cycle 623] AC up on pe1, expecting held recovery then pe1 revert
[2026-06-29T05:54:28Z] [cycle 624] AC down on pe1, expecting link drain and pe2 promotion
[2026-06-29T05:54:34Z] [cycle 624] AC up on pe1, expecting held recovery then pe1 revert
[2026-06-29T05:55:58Z] [cycle 625] AC down on pe1, expecting link drain and pe2 promotion
[2026-06-29T05:56:04Z] [cycle 625] AC up on pe1, expecting held recovery then pe1 revert
[2026-06-29T05:57:28Z] [cycle 626] AC down on pe1, expecting link drain and pe2 promotion
[2026-06-29T05:57:34Z] [cycle 626] AC up on pe1, expecting held recovery then pe1 revert
[2026-06-29T05:58:58Z] [cycle 627] AC down on pe1, expecting link drain and pe2 promotion
[2026-06-29T05:59:04Z] [cycle 627] AC up on pe1, expecting held recovery then pe1 revert
[2026-06-29T06:00:28Z] [cycle 628] AC down on pe1, expecting link drain and pe2 promotion
[2026-06-29T06:00:34Z] [cycle 628] AC up on pe1, expecting held recovery then pe1 revert
[2026-06-29T06:01:58Z] [cycle 629] AC down on pe1, expecting link drain and pe2 promotion
[2026-06-29T06:02:04Z] [cycle 629] AC up on pe1, expecting held recovery then pe1 revert
[2026-06-29T06:03:28Z] [cycle 630] AC down on pe1, expecting link drain and pe2 promotion
[2026-06-29T06:03:34Z] [cycle 630] AC up on pe1, expecting held recovery then pe1 revert
[2026-06-29T06:04:58Z] [cycle 631] AC down on pe1, expecting link drain and pe2 promotion
[2026-06-29T06:05:04Z] [cycle 631] AC up on pe1, expecting held recovery then pe1 revert
[2026-06-29T06:06:28Z] [cycle 632] AC down on pe1, expecting link drain and pe2 promotion
[2026-06-29T06:06:34Z] [cycle 632] AC up on pe1, expecting held recovery then pe1 revert
[2026-06-29T06:07:58Z] [cycle 633] AC down on pe1, expecting link drain and pe2 promotion
[2026-06-29T06:08:04Z] [cycle 633] AC up on pe1, expecting held recovery then pe1 revert
[2026-06-29T06:09:28Z] [cycle 634] AC down on pe1, expecting link drain and pe2 promotion
[2026-06-29T06:09:34Z] [cycle 634] AC up on pe1, expecting held recovery then pe1 revert
[2026-06-29T06:10:58Z] [cycle 635] AC down on pe1, expecting link drain and pe2 promotion
[2026-06-29T06:11:04Z] [cycle 635] AC up on pe1, expecting held recovery then pe1 revert
[2026-06-29T06:12:28Z] [cycle 636] AC down on pe1, expecting link drain and pe2 promotion
[2026-06-29T06:12:34Z] [cycle 636] AC up on pe1, expecting held recovery then pe1 revert
[2026-06-29T06:13:58Z] [cycle 637] AC down on pe1, expecting link drain and pe2 promotion
[2026-06-29T06:14:04Z] [cycle 637] AC up on pe1, expecting held recovery then pe1 revert
[2026-06-29T06:15:28Z] [cycle 638] AC down on pe1, expecting link drain and pe2 promotion
[2026-06-29T06:15:34Z] [cycle 638] AC up on pe1, expecting held recovery then pe1 revert
[2026-06-29T06:16:58Z] [cycle 639] AC down on pe1, expecting link drain and pe2 promotion
[2026-06-29T06:17:05Z] [cycle 639] AC up on pe1, expecting held recovery then pe1 revert
[2026-06-29T06:18:29Z] [cycle 640] AC down on pe1, expecting link drain and pe2 promotion
[2026-06-29T06:18:35Z] [cycle 640] AC up on pe1, expecting held recovery then pe1 revert
[2026-06-29T06:19:59Z] [cycle 641] AC down on pe1, expecting link drain and pe2 promotion
[2026-06-29T06:20:04Z] [cycle 641] AC up on pe1, expecting held recovery then pe1 revert
[2026-06-29T06:21:29Z] [cycle 642] AC down on pe1, expecting link drain and pe2 promotion
[2026-06-29T06:21:35Z] [cycle 642] AC up on pe1, expecting held recovery then pe1 revert
[2026-06-29T06:22:59Z] [cycle 643] AC down on pe1, expecting link drain and pe2 promotion
[2026-06-29T06:23:05Z] [cycle 643] AC up on pe1, expecting held recovery then pe1 revert
[2026-06-29T06:24:29Z] [cycle 644] AC down on pe1, expecting link drain and pe2 promotion
[2026-06-29T06:24:35Z] [cycle 644] AC up on pe1, expecting held recovery then pe1 revert
[2026-06-29T06:25:59Z] [cycle 645] AC down on pe1, expecting link drain and pe2 promotion
[2026-06-29T06:26:05Z] [cycle 645] AC up on pe1, expecting held recovery then pe1 revert
[2026-06-29T06:27:29Z] [cycle 646] AC down on pe1, expecting link drain and pe2 promotion
[2026-06-29T06:27:35Z] [cycle 646] AC up on pe1, expecting held recovery then pe1 revert
[2026-06-29T06:28:59Z] [cycle 647] AC down on pe1, expecting link drain and pe2 promotion
[2026-06-29T06:29:05Z] [cycle 647] AC up on pe1, expecting held recovery then pe1 revert
[2026-06-29T06:30:29Z] [cycle 648] AC down on pe1, expecting link drain and pe2 promotion
[2026-06-29T06:30:34Z] [cycle 648] AC up on pe1, expecting held recovery then pe1 revert
[2026-06-29T06:31:59Z] [cycle 649] AC down on pe1, expecting link drain and pe2 promotion
[2026-06-29T06:32:05Z] [cycle 649] AC up on pe1, expecting held recovery then pe1 revert
[2026-06-29T06:33:29Z] [cycle 650] AC down on pe1, expecting link drain and pe2 promotion
[2026-06-29T06:33:35Z] [cycle 650] AC up on pe1, expecting held recovery then pe1 revert
[2026-06-29T06:34:59Z] [cycle 651] AC down on pe1, expecting link drain and pe2 promotion
[2026-06-29T06:35:04Z] [cycle 651] AC up on pe1, expecting held recovery then pe1 revert
[2026-06-29T06:36:29Z] [cycle 652] AC down on pe1, expecting link drain and pe2 promotion
[2026-06-29T06:36:35Z] [cycle 652] AC up on pe1, expecting held recovery then pe1 revert
[2026-06-29T06:37:59Z] [cycle 653] AC down on pe1, expecting link drain and pe2 promotion
[2026-06-29T06:38:05Z] [cycle 653] AC up on pe1, expecting held recovery then pe1 revert
[2026-06-29T06:39:29Z] [cycle 654] AC down on pe1, expecting link drain and pe2 promotion
[2026-06-29T06:39:35Z] [cycle 654] AC up on pe1, expecting held recovery then pe1 revert
[2026-06-29T06:40:59Z] [cycle 655] AC down on pe1, expecting link drain and pe2 promotion
[2026-06-29T06:41:04Z] [cycle 655] AC up on pe1, expecting held recovery then pe1 revert
[2026-06-29T06:42:29Z] [cycle 656] AC down on pe1, expecting link drain and pe2 promotion
[2026-06-29T06:42:35Z] [cycle 656] AC up on pe1, expecting held recovery then pe1 revert
[2026-06-29T06:43:59Z] [cycle 657] AC down on pe1, expecting link drain and pe2 promotion
[2026-06-29T06:44:05Z] [cycle 657] AC up on pe1, expecting held recovery then pe1 revert
[2026-06-29T06:45:29Z] [cycle 658] AC down on pe1, expecting link drain and pe2 promotion
[2026-06-29T06:45:35Z] [cycle 658] AC up on pe1, expecting held recovery then pe1 revert
[2026-06-29T06:46:59Z] [cycle 659] AC down on pe1, expecting link drain and pe2 promotion
[2026-06-29T06:47:05Z] [cycle 659] AC up on pe1, expecting held recovery then pe1 revert
[2026-06-29T06:48:29Z] [cycle 660] AC down on pe1, expecting link drain and pe2 promotion
[2026-06-29T06:48:35Z] [cycle 660] AC up on pe1, expecting held recovery then pe1 revert
[2026-06-29T06:49:59Z] [cycle 661] AC down on pe1, expecting link drain and pe2 promotion
[2026-06-29T06:50:05Z] [cycle 661] AC up on pe1, expecting held recovery then pe1 revert
[2026-06-29T06:51:29Z] [cycle 662] AC down on pe1, expecting link drain and pe2 promotion
[2026-06-29T06:51:35Z] [cycle 662] AC up on pe1, expecting held recovery then pe1 revert
[2026-06-29T06:52:59Z] [cycle 663] AC down on pe1, expecting link drain and pe2 promotion
[2026-06-29T06:53:05Z] [cycle 663] AC up on pe1, expecting held recovery then pe1 revert
[2026-06-29T06:54:29Z] [cycle 664] AC down on pe1, expecting link drain and pe2 promotion
[2026-06-29T06:54:35Z] [cycle 664] AC up on pe1, expecting held recovery then pe1 revert
[2026-06-29T06:55:59Z] [cycle 665] AC down on pe1, expecting link drain and pe2 promotion
[2026-06-29T06:56:05Z] [cycle 665] AC up on pe1, expecting held recovery then pe1 revert
[2026-06-29T06:57:29Z] [cycle 666] AC down on pe1, expecting link drain and pe2 promotion
[2026-06-29T06:57:35Z] [cycle 666] AC up on pe1, expecting held recovery then pe1 revert
[2026-06-29T06:58:59Z] [cycle 667] AC down on pe1, expecting link drain and pe2 promotion
[2026-06-29T06:59:05Z] [cycle 667] AC up on pe1, expecting held recovery then pe1 revert
[2026-06-29T07:00:29Z] [cycle 668] AC down on pe1, expecting link drain and pe2 promotion
[2026-06-29T07:00:35Z] [cycle 668] AC up on pe1, expecting held recovery then pe1 revert
[2026-06-29T07:01:59Z] [cycle 669] AC down on pe1, expecting link drain and pe2 promotion
[2026-06-29T07:02:05Z] [cycle 669] AC up on pe1, expecting held recovery then pe1 revert
[2026-06-29T07:03:29Z] [cycle 670] AC down on pe1, expecting link drain and pe2 promotion
[2026-06-29T07:03:35Z] [cycle 670] AC up on pe1, expecting held recovery then pe1 revert
[2026-06-29T07:04:59Z] [cycle 671] AC down on pe1, expecting link drain and pe2 promotion
[2026-06-29T07:05:05Z] [cycle 671] AC up on pe1, expecting held recovery then pe1 revert
[2026-06-29T07:06:29Z] [cycle 672] AC down on pe1, expecting link drain and pe2 promotion
[2026-06-29T07:06:35Z] [cycle 672] AC up on pe1, expecting held recovery then pe1 revert
[2026-06-29T07:08:00Z] [cycle 673] AC down on pe1, expecting link drain and pe2 promotion
[2026-06-29T07:08:05Z] [cycle 673] AC up on pe1, expecting held recovery then pe1 revert
[2026-06-29T07:09:29Z] [cycle 674] AC down on pe1, expecting link drain and pe2 promotion
[2026-06-29T07:09:35Z] [cycle 674] AC up on pe1, expecting held recovery then pe1 revert
[2026-06-29T07:10:59Z] [cycle 675] AC down on pe1, expecting link drain and pe2 promotion
[2026-06-29T07:11:05Z] [cycle 675] AC up on pe1, expecting held recovery then pe1 revert
[2026-06-29T07:12:29Z] [cycle 676] AC down on pe1, expecting link drain and pe2 promotion
[2026-06-29T07:12:35Z] [cycle 676] AC up on pe1, expecting held recovery then pe1 revert
[2026-06-29T07:13:59Z] [cycle 677] AC down on pe1, expecting link drain and pe2 promotion
[2026-06-29T07:14:05Z] [cycle 677] AC up on pe1, expecting held recovery then pe1 revert
[2026-06-29T07:15:29Z] [cycle 678] AC down on pe1, expecting link drain and pe2 promotion
[2026-06-29T07:15:35Z] [cycle 678] AC up on pe1, expecting held recovery then pe1 revert
[2026-06-29T07:16:59Z] [cycle 679] AC down on pe1, expecting link drain and pe2 promotion
[2026-06-29T07:17:05Z] [cycle 679] AC up on pe1, expecting held recovery then pe1 revert
[2026-06-29T07:18:29Z] [cycle 680] AC down on pe1, expecting link drain and pe2 promotion
[2026-06-29T07:18:35Z] [cycle 680] AC up on pe1, expecting held recovery then pe1 revert
[2026-06-29T07:19:59Z] [cycle 681] AC down on pe1, expecting link drain and pe2 promotion
[2026-06-29T07:20:04Z] [cycle 681] AC up on pe1, expecting held recovery then pe1 revert
[2026-06-29T07:21:29Z] [cycle 682] AC down on pe1, expecting link drain and pe2 promotion
[2026-06-29T07:21:35Z] [cycle 682] AC up on pe1, expecting held recovery then pe1 revert
[2026-06-29T07:22:59Z] [cycle 683] AC down on pe1, expecting link drain and pe2 promotion
[2026-06-29T07:23:05Z] [cycle 683] AC up on pe1, expecting held recovery then pe1 revert
[2026-06-29T07:24:29Z] [cycle 684] AC down on pe1, expecting link drain and pe2 promotion
[2026-06-29T07:24:35Z] [cycle 684] AC up on pe1, expecting held recovery then pe1 revert
[2026-06-29T07:26:00Z] [cycle 685] AC down on pe1, expecting link drain and pe2 promotion
[2026-06-29T07:26:06Z] [cycle 685] AC up on pe1, expecting held recovery then pe1 revert
[2026-06-29T07:27:30Z] [cycle 686] AC down on pe1, expecting link drain and pe2 promotion
[2026-06-29T07:27:36Z] [cycle 686] AC up on pe1, expecting held recovery then pe1 revert
[2026-06-29T07:29:00Z] [cycle 687] AC down on pe1, expecting link drain and pe2 promotion
[2026-06-29T07:29:06Z] [cycle 687] AC up on pe1, expecting held recovery then pe1 revert
[2026-06-29T07:30:30Z] [cycle 688] AC down on pe1, expecting link drain and pe2 promotion
[2026-06-29T07:30:36Z] [cycle 688] AC up on pe1, expecting held recovery then pe1 revert
[2026-06-29T07:32:00Z] [cycle 689] AC down on pe1, expecting link drain and pe2 promotion
[2026-06-29T07:32:06Z] [cycle 689] AC up on pe1, expecting held recovery then pe1 revert
[2026-06-29T07:33:30Z] [cycle 690] AC down on pe1, expecting link drain and pe2 promotion
[2026-06-29T07:33:36Z] [cycle 690] AC up on pe1, expecting held recovery then pe1 revert
[2026-06-29T07:35:00Z] [cycle 691] AC down on pe1, expecting link drain and pe2 promotion
[2026-06-29T07:35:06Z] [cycle 691] AC up on pe1, expecting held recovery then pe1 revert
[2026-06-29T07:36:30Z] [cycle 692] AC down on pe1, expecting link drain and pe2 promotion
[2026-06-29T07:36:36Z] [cycle 692] AC up on pe1, expecting held recovery then pe1 revert
[2026-06-29T07:38:00Z] [cycle 693] AC down on pe1, expecting link drain and pe2 promotion
[2026-06-29T07:38:06Z] [cycle 693] AC up on pe1, expecting held recovery then pe1 revert
[2026-06-29T07:39:30Z] [cycle 694] AC down on pe1, expecting link drain and pe2 promotion
[2026-06-29T07:39:36Z] [cycle 694] AC up on pe1, expecting held recovery then pe1 revert
[2026-06-29T07:41:00Z] [cycle 695] AC down on pe1, expecting link drain and pe2 promotion
[2026-06-29T07:41:06Z] [cycle 695] AC up on pe1, expecting held recovery then pe1 revert
[2026-06-29T07:42:30Z] [cycle 696] AC down on pe1, expecting link drain and pe2 promotion
[2026-06-29T07:42:36Z] [cycle 696] AC up on pe1, expecting held recovery then pe1 revert
[2026-06-29T07:44:00Z] [cycle 697] AC down on pe1, expecting link drain and pe2 promotion
[2026-06-29T07:44:06Z] [cycle 697] AC up on pe1, expecting held recovery then pe1 revert
[2026-06-29T07:45:30Z] [cycle 698] AC down on pe1, expecting link drain and pe2 promotion
[2026-06-29T07:45:36Z] [cycle 698] AC up on pe1, expecting held recovery then pe1 revert
[2026-06-29T07:47:00Z] [cycle 699] AC down on pe1, expecting link drain and pe2 promotion
[2026-06-29T07:47:06Z] [cycle 699] AC up on pe1, expecting held recovery then pe1 revert
[2026-06-29T07:48:30Z] [cycle 700] AC down on pe1, expecting link drain and pe2 promotion
[2026-06-29T07:48:36Z] [cycle 700] AC up on pe1, expecting held recovery then pe1 revert
[2026-06-29T07:50:00Z] [cycle 701] AC down on pe1, expecting link drain and pe2 promotion
[2026-06-29T07:50:06Z] [cycle 701] AC up on pe1, expecting held recovery then pe1 revert
[2026-06-29T07:51:30Z] [cycle 702] AC down on pe1, expecting link drain and pe2 promotion
[2026-06-29T07:51:36Z] [cycle 702] AC up on pe1, expecting held recovery then pe1 revert
[2026-06-29T07:53:00Z] [cycle 703] AC down on pe1, expecting link drain and pe2 promotion
[2026-06-29T07:53:06Z] [cycle 703] AC up on pe1, expecting held recovery then pe1 revert
[2026-06-29T07:54:30Z] [cycle 704] AC down on pe1, expecting link drain and pe2 promotion
[2026-06-29T07:54:36Z] [cycle 704] AC up on pe1, expecting held recovery then pe1 revert
[2026-06-29T07:56:00Z] [cycle 705] AC down on pe1, expecting link drain and pe2 promotion
[2026-06-29T07:56:06Z] [cycle 705] AC up on pe1, expecting held recovery then pe1 revert
[2026-06-29T07:57:30Z] [cycle 706] AC down on pe1, expecting link drain and pe2 promotion
[2026-06-29T07:57:36Z] [cycle 706] AC up on pe1, expecting held recovery then pe1 revert
[2026-06-29T07:59:00Z] [cycle 707] AC down on pe1, expecting link drain and pe2 promotion
[2026-06-29T07:59:06Z] [cycle 707] AC up on pe1, expecting held recovery then pe1 revert
[2026-06-29T08:00:30Z] [cycle 708] AC down on pe1, expecting link drain and pe2 promotion
[2026-06-29T08:00:36Z] [cycle 708] AC up on pe1, expecting held recovery then pe1 revert
[2026-06-29T08:02:00Z] [cycle 709] AC down on pe1, expecting link drain and pe2 promotion
[2026-06-29T08:02:06Z] [cycle 709] AC up on pe1, expecting held recovery then pe1 revert
[2026-06-29T08:03:30Z] [cycle 710] AC down on pe1, expecting link drain and pe2 promotion
[2026-06-29T08:03:36Z] [cycle 710] AC up on pe1, expecting held recovery then pe1 revert
[2026-06-29T08:05:00Z] [cycle 711] AC down on pe1, expecting link drain and pe2 promotion
[2026-06-29T08:05:05Z] [cycle 711] AC up on pe1, expecting held recovery then pe1 revert
[2026-06-29T08:06:30Z] [cycle 712] AC down on pe1, expecting link drain and pe2 promotion
[2026-06-29T08:06:36Z] [cycle 712] AC up on pe1, expecting held recovery then pe1 revert
[2026-06-29T08:08:00Z] [cycle 713] AC down on pe1, expecting link drain and pe2 promotion
[2026-06-29T08:08:06Z] [cycle 713] AC up on pe1, expecting held recovery then pe1 revert
[2026-06-29T08:09:30Z] [cycle 714] AC down on pe1, expecting link drain and pe2 promotion
[2026-06-29T08:09:36Z] [cycle 714] AC up on pe1, expecting held recovery then pe1 revert
[2026-06-29T08:11:00Z] [cycle 715] AC down on pe1, expecting link drain and pe2 promotion
[2026-06-29T08:11:06Z] [cycle 715] AC up on pe1, expecting held recovery then pe1 revert
[2026-06-29T08:12:30Z] [cycle 716] AC down on pe1, expecting link drain and pe2 promotion
[2026-06-29T08:12:36Z] [cycle 716] AC up on pe1, expecting held recovery then pe1 revert
[2026-06-29T08:14:00Z] [cycle 717] AC down on pe1, expecting link drain and pe2 promotion
[2026-06-29T08:14:06Z] [cycle 717] AC up on pe1, expecting held recovery then pe1 revert
[2026-06-29T08:15:30Z] [cycle 718] AC down on pe1, expecting link drain and pe2 promotion
[2026-06-29T08:15:36Z] [cycle 718] AC up on pe1, expecting held recovery then pe1 revert
[2026-06-29T08:17:00Z] [cycle 719] AC down on pe1, expecting link drain and pe2 promotion
[2026-06-29T08:17:06Z] [cycle 719] AC up on pe1, expecting held recovery then pe1 revert
[2026-06-29T08:18:30Z] [cycle 720] AC down on pe1, expecting link drain and pe2 promotion
[2026-06-29T08:18:36Z] [cycle 720] AC up on pe1, expecting held recovery then pe1 revert
[2026-06-29T08:20:00Z] [cycle 721] AC down on pe1, expecting link drain and pe2 promotion
[2026-06-29T08:20:06Z] [cycle 721] AC up on pe1, expecting held recovery then pe1 revert
[2026-06-29T08:21:30Z] [cycle 722] AC down on pe1, expecting link drain and pe2 promotion
[2026-06-29T08:21:36Z] [cycle 722] AC up on pe1, expecting held recovery then pe1 revert
[2026-06-29T08:23:00Z] [cycle 723] AC down on pe1, expecting link drain and pe2 promotion
[2026-06-29T08:23:06Z] [cycle 723] AC up on pe1, expecting held recovery then pe1 revert
[2026-06-29T08:24:30Z] [cycle 724] AC down on pe1, expecting link drain and pe2 promotion
[2026-06-29T08:24:36Z] [cycle 724] AC up on pe1, expecting held recovery then pe1 revert
[2026-06-29T08:26:00Z] [cycle 725] AC down on pe1, expecting link drain and pe2 promotion
[2026-06-29T08:26:06Z] [cycle 725] AC up on pe1, expecting held recovery then pe1 revert
[2026-06-29T08:27:30Z] [cycle 726] AC down on pe1, expecting link drain and pe2 promotion
[2026-06-29T08:27:36Z] [cycle 726] AC up on pe1, expecting held recovery then pe1 revert
[2026-06-29T08:29:00Z] [cycle 727] AC down on pe1, expecting link drain and pe2 promotion
[2026-06-29T08:29:06Z] [cycle 727] AC up on pe1, expecting held recovery then pe1 revert
[2026-06-29T08:30:30Z] [cycle 728] AC down on pe1, expecting link drain and pe2 promotion
[2026-06-29T08:30:36Z] [cycle 728] AC up on pe1, expecting held recovery then pe1 revert
[2026-06-29T08:32:00Z] [cycle 729] AC down on pe1, expecting link drain and pe2 promotion
[2026-06-29T08:32:06Z] [cycle 729] AC up on pe1, expecting held recovery then pe1 revert
[2026-06-29T08:33:30Z] [cycle 730] AC down on pe1, expecting link drain and pe2 promotion
[2026-06-29T08:33:36Z] [cycle 730] AC up on pe1, expecting held recovery then pe1 revert
[2026-06-29T08:35:00Z] [cycle 731] AC down on pe1, expecting link drain and pe2 promotion
[2026-06-29T08:35:06Z] [cycle 731] AC up on pe1, expecting held recovery then pe1 revert
[2026-06-29T08:36:30Z] [cycle 732] AC down on pe1, expecting link drain and pe2 promotion
[2026-06-29T08:36:36Z] [cycle 732] AC up on pe1, expecting held recovery then pe1 revert
[2026-06-29T08:38:00Z] [cycle 733] AC down on pe1, expecting link drain and pe2 promotion
[2026-06-29T08:38:06Z] [cycle 733] AC up on pe1, expecting held recovery then pe1 revert
[2026-06-29T08:39:30Z] [cycle 734] AC down on pe1, expecting link drain and pe2 promotion
[2026-06-29T08:39:36Z] [cycle 734] AC up on pe1, expecting held recovery then pe1 revert
[2026-06-29T08:41:00Z] [cycle 735] AC down on pe1, expecting link drain and pe2 promotion
[2026-06-29T08:41:06Z] [cycle 735] AC up on pe1, expecting held recovery then pe1 revert
[2026-06-29T08:42:30Z] [cycle 736] AC down on pe1, expecting link drain and pe2 promotion
[2026-06-29T08:42:36Z] [cycle 736] AC up on pe1, expecting held recovery then pe1 revert
[2026-06-29T08:44:00Z] [cycle 737] AC down on pe1, expecting link drain and pe2 promotion
[2026-06-29T08:44:06Z] [cycle 737] AC up on pe1, expecting held recovery then pe1 revert
[2026-06-29T08:45:30Z] [cycle 738] AC down on pe1, expecting link drain and pe2 promotion
[2026-06-29T08:45:35Z] [cycle 738] AC up on pe1, expecting held recovery then pe1 revert
[2026-06-29T08:47:00Z] [cycle 739] AC down on pe1, expecting link drain and pe2 promotion
[2026-06-29T08:47:06Z] [cycle 739] AC up on pe1, expecting held recovery then pe1 revert
[2026-06-29T08:48:30Z] [cycle 740] AC down on pe1, expecting link drain and pe2 promotion
[2026-06-29T08:48:36Z] [cycle 740] AC up on pe1, expecting held recovery then pe1 revert
[2026-06-29T08:50:00Z] [cycle 741] AC down on pe1, expecting link drain and pe2 promotion
[2026-06-29T08:50:06Z] [cycle 741] AC up on pe1, expecting held recovery then pe1 revert
[2026-06-29T08:51:30Z] [cycle 742] AC down on pe1, expecting link drain and pe2 promotion
[2026-06-29T08:51:37Z] [cycle 742] AC up on pe1, expecting held recovery then pe1 revert
[2026-06-29T08:53:00Z] [cycle 743] AC down on pe1, expecting link drain and pe2 promotion
[2026-06-29T08:53:06Z] [cycle 743] AC up on pe1, expecting held recovery then pe1 revert
[2026-06-29T08:54:30Z] [cycle 744] AC down on pe1, expecting link drain and pe2 promotion
[2026-06-29T08:54:36Z] [cycle 744] AC up on pe1, expecting held recovery then pe1 revert
[2026-06-29T08:56:00Z] [cycle 745] AC down on pe1, expecting link drain and pe2 promotion
[2026-06-29T08:56:06Z] [cycle 745] AC up on pe1, expecting held recovery then pe1 revert
[2026-06-29T08:57:30Z] [cycle 746] AC down on pe1, expecting link drain and pe2 promotion
[2026-06-29T08:57:36Z] [cycle 746] AC up on pe1, expecting held recovery then pe1 revert
[2026-06-29T08:59:00Z] [cycle 747] AC down on pe1, expecting link drain and pe2 promotion
[2026-06-29T08:59:06Z] [cycle 747] AC up on pe1, expecting held recovery then pe1 revert
[2026-06-29T09:00:30Z] [cycle 748] AC down on pe1, expecting link drain and pe2 promotion
[2026-06-29T09:00:36Z] [cycle 748] AC up on pe1, expecting held recovery then pe1 revert
[2026-06-29T09:02:00Z] [cycle 749] AC down on pe1, expecting link drain and pe2 promotion
[2026-06-29T09:02:06Z] [cycle 749] AC up on pe1, expecting held recovery then pe1 revert
[2026-06-29T09:03:30Z] [cycle 750] AC down on pe1, expecting link drain and pe2 promotion
[2026-06-29T09:03:36Z] [cycle 750] AC up on pe1, expecting held recovery then pe1 revert
[2026-06-29T09:05:00Z] [cycle 751] AC down on pe1, expecting link drain and pe2 promotion
[2026-06-29T09:05:06Z] [cycle 751] AC up on pe1, expecting held recovery then pe1 revert
[2026-06-29T09:06:30Z] [cycle 752] AC down on pe1, expecting link drain and pe2 promotion
[2026-06-29T09:06:36Z] [cycle 752] AC up on pe1, expecting held recovery then pe1 revert
[2026-06-29T09:08:00Z] [cycle 753] AC down on pe1, expecting link drain and pe2 promotion
[2026-06-29T09:08:06Z] [cycle 753] AC up on pe1, expecting held recovery then pe1 revert
[2026-06-29T09:09:30Z] [cycle 754] AC down on pe1, expecting link drain and pe2 promotion
[2026-06-29T09:09:36Z] [cycle 754] AC up on pe1, expecting held recovery then pe1 revert
[2026-06-29T09:11:00Z] [cycle 755] AC down on pe1, expecting link drain and pe2 promotion
[2026-06-29T09:11:06Z] [cycle 755] AC up on pe1, expecting held recovery then pe1 revert
[2026-06-29T09:12:30Z] [cycle 756] AC down on pe1, expecting link drain and pe2 promotion
[2026-06-29T09:12:36Z] [cycle 756] AC up on pe1, expecting held recovery then pe1 revert
[2026-06-29T09:14:00Z] [cycle 757] AC down on pe1, expecting link drain and pe2 promotion
[2026-06-29T09:14:06Z] [cycle 757] AC up on pe1, expecting held recovery then pe1 revert
[2026-06-29T09:15:30Z] [cycle 758] AC down on pe1, expecting link drain and pe2 promotion
[2026-06-29T09:15:36Z] [cycle 758] AC up on pe1, expecting held recovery then pe1 revert
[2026-06-29T09:17:00Z] [cycle 759] AC down on pe1, expecting link drain and pe2 promotion
[2026-06-29T09:17:06Z] [cycle 759] AC up on pe1, expecting held recovery then pe1 revert
[2026-06-29T09:18:30Z] [cycle 760] AC down on pe1, expecting link drain and pe2 promotion
[2026-06-29T09:18:36Z] [cycle 760] AC up on pe1, expecting held recovery then pe1 revert
[2026-06-29T09:20:00Z] [cycle 761] AC down on pe1, expecting link drain and pe2 promotion
[2026-06-29T09:20:06Z] [cycle 761] AC up on pe1, expecting held recovery then pe1 revert
[2026-06-29T09:21:30Z] [cycle 762] AC down on pe1, expecting link drain and pe2 promotion
[2026-06-29T09:21:36Z] [cycle 762] AC up on pe1, expecting held recovery then pe1 revert
[2026-06-29T09:23:00Z] [cycle 763] AC down on pe1, expecting link drain and pe2 promotion
[2026-06-29T09:23:06Z] [cycle 763] AC up on pe1, expecting held recovery then pe1 revert
[2026-06-29T09:24:30Z] [cycle 764] AC down on pe1, expecting link drain and pe2 promotion
[2026-06-29T09:24:36Z] [cycle 764] AC up on pe1, expecting held recovery then pe1 revert
[2026-06-29T09:26:00Z] [cycle 765] AC down on pe1, expecting link drain and pe2 promotion
[2026-06-29T09:26:06Z] [cycle 765] AC up on pe1, expecting held recovery then pe1 revert
[2026-06-29T09:27:31Z] [cycle 766] AC down on pe1, expecting link drain and pe2 promotion
[2026-06-29T09:27:36Z] [cycle 766] AC up on pe1, expecting held recovery then pe1 revert
[2026-06-29T09:29:01Z] [cycle 767] AC down on pe1, expecting link drain and pe2 promotion
[2026-06-29T09:29:07Z] [cycle 767] AC up on pe1, expecting held recovery then pe1 revert
[2026-06-29T09:30:31Z] [cycle 768] AC down on pe1, expecting link drain and pe2 promotion
[2026-06-29T09:30:37Z] [cycle 768] AC up on pe1, expecting held recovery then pe1 revert
[2026-06-29T09:32:01Z] [cycle 769] AC down on pe1, expecting link drain and pe2 promotion
[2026-06-29T09:32:06Z] [cycle 769] AC up on pe1, expecting held recovery then pe1 revert
[2026-06-29T09:33:31Z] [cycle 770] AC down on pe1, expecting link drain and pe2 promotion
[2026-06-29T09:33:36Z] [cycle 770] AC up on pe1, expecting held recovery then pe1 revert
[2026-06-29T09:35:01Z] [cycle 771] AC down on pe1, expecting link drain and pe2 promotion
[2026-06-29T09:35:07Z] [cycle 771] AC up on pe1, expecting held recovery then pe1 revert
[2026-06-29T09:36:31Z] [cycle 772] AC down on pe1, expecting link drain and pe2 promotion
[2026-06-29T09:36:37Z] [cycle 772] AC up on pe1, expecting held recovery then pe1 revert
[2026-06-29T09:38:01Z] [cycle 773] AC down on pe1, expecting link drain and pe2 promotion
[2026-06-29T09:38:07Z] [cycle 773] AC up on pe1, expecting held recovery then pe1 revert
[2026-06-29T09:39:31Z] [cycle 774] AC down on pe1, expecting link drain and pe2 promotion
[2026-06-29T09:39:37Z] [cycle 774] AC up on pe1, expecting held recovery then pe1 revert
[2026-06-29T09:41:01Z] [cycle 775] AC down on pe1, expecting link drain and pe2 promotion
[2026-06-29T09:41:07Z] [cycle 775] AC up on pe1, expecting held recovery then pe1 revert
[2026-06-29T09:42:31Z] [cycle 776] AC down on pe1, expecting link drain and pe2 promotion
[2026-06-29T09:42:37Z] [cycle 776] AC up on pe1, expecting held recovery then pe1 revert
[2026-06-29T09:44:01Z] [cycle 777] AC down on pe1, expecting link drain and pe2 promotion
[2026-06-29T09:44:07Z] [cycle 777] AC up on pe1, expecting held recovery then pe1 revert
[2026-06-29T09:45:31Z] [cycle 778] AC down on pe1, expecting link drain and pe2 promotion
[2026-06-29T09:45:37Z] [cycle 778] AC up on pe1, expecting held recovery then pe1 revert
[2026-06-29T09:47:01Z] [cycle 779] AC down on pe1, expecting link drain and pe2 promotion
[2026-06-29T09:47:07Z] [cycle 779] AC up on pe1, expecting held recovery then pe1 revert
[2026-06-29T09:48:31Z] [cycle 780] AC down on pe1, expecting link drain and pe2 promotion
[2026-06-29T09:48:37Z] [cycle 780] AC up on pe1, expecting held recovery then pe1 revert
[2026-06-29T09:50:01Z] [cycle 781] AC down on pe1, expecting link drain and pe2 promotion
[2026-06-29T09:50:07Z] [cycle 781] AC up on pe1, expecting held recovery then pe1 revert
[2026-06-29T09:51:31Z] [cycle 782] AC down on pe1, expecting link drain and pe2 promotion
[2026-06-29T09:51:37Z] [cycle 782] AC up on pe1, expecting held recovery then pe1 revert
[2026-06-29T09:53:01Z] [cycle 783] AC down on pe1, expecting link drain and pe2 promotion
[2026-06-29T09:53:07Z] [cycle 783] AC up on pe1, expecting held recovery then pe1 revert
[2026-06-29T09:54:31Z] [cycle 784] AC down on pe1, expecting link drain and pe2 promotion
[2026-06-29T09:54:36Z] [cycle 784] AC up on pe1, expecting held recovery then pe1 revert
[2026-06-29T09:56:01Z] [cycle 785] AC down on pe1, expecting link drain and pe2 promotion
[2026-06-29T09:56:07Z] [cycle 785] AC up on pe1, expecting held recovery then pe1 revert
[2026-06-29T09:57:31Z] [cycle 786] AC down on pe1, expecting link drain and pe2 promotion
[2026-06-29T09:57:37Z] [cycle 786] AC up on pe1, expecting held recovery then pe1 revert
[2026-06-29T09:59:01Z] [cycle 787] AC down on pe1, expecting link drain and pe2 promotion
[2026-06-29T09:59:07Z] [cycle 787] AC up on pe1, expecting held recovery then pe1 revert
[2026-06-29T10:00:31Z] [cycle 788] AC down on pe1, expecting link drain and pe2 promotion
[2026-06-29T10:00:37Z] [cycle 788] AC up on pe1, expecting held recovery then pe1 revert
[2026-06-29T10:02:01Z] [cycle 789] AC down on pe1, expecting link drain and pe2 promotion
[2026-06-29T10:02:07Z] [cycle 789] AC up on pe1, expecting held recovery then pe1 revert
[2026-06-29T10:03:31Z] [cycle 790] AC down on pe1, expecting link drain and pe2 promotion
[2026-06-29T10:03:37Z] [cycle 790] AC up on pe1, expecting held recovery then pe1 revert
[2026-06-29T10:05:01Z] [cycle 791] AC down on pe1, expecting link drain and pe2 promotion
[2026-06-29T10:05:07Z] [cycle 791] AC up on pe1, expecting held recovery then pe1 revert
[2026-06-29T10:06:31Z] [cycle 792] AC down on pe1, expecting link drain and pe2 promotion
[2026-06-29T10:06:37Z] [cycle 792] AC up on pe1, expecting held recovery then pe1 revert
[2026-06-29T10:08:01Z] [cycle 793] AC down on pe1, expecting link drain and pe2 promotion
[2026-06-29T10:08:06Z] [cycle 793] AC up on pe1, expecting held recovery then pe1 revert
[2026-06-29T10:09:31Z] [cycle 794] AC down on pe1, expecting link drain and pe2 promotion
[2026-06-29T10:09:37Z] [cycle 794] AC up on pe1, expecting held recovery then pe1 revert
[2026-06-29T10:11:01Z] [cycle 795] AC down on pe1, expecting link drain and pe2 promotion
[2026-06-29T10:11:07Z] [cycle 795] AC up on pe1, expecting held recovery then pe1 revert
[2026-06-29T10:12:31Z] [cycle 796] AC down on pe1, expecting link drain and pe2 promotion
[2026-06-29T10:12:36Z] [cycle 796] AC up on pe1, expecting held recovery then pe1 revert
[2026-06-29T10:14:01Z] [cycle 797] AC down on pe1, expecting link drain and pe2 promotion
[2026-06-29T10:14:07Z] [cycle 797] AC up on pe1, expecting held recovery then pe1 revert
[2026-06-29T10:15:32Z] [cycle 798] AC down on pe1, expecting link drain and pe2 promotion
[2026-06-29T10:15:38Z] [cycle 798] AC up on pe1, expecting held recovery then pe1 revert
[2026-06-29T10:17:02Z] [cycle 799] AC down on pe1, expecting link drain and pe2 promotion
[2026-06-29T10:17:08Z] [cycle 799] AC up on pe1, expecting held recovery then pe1 revert
[2026-06-29T10:18:32Z] [cycle 800] AC down on pe1, expecting link drain and pe2 promotion
[2026-06-29T10:18:38Z] [cycle 800] AC up on pe1, expecting held recovery then pe1 revert
[2026-06-29T10:20:02Z] [cycle 801] AC down on pe1, expecting link drain and pe2 promotion
[2026-06-29T10:20:08Z] [cycle 801] AC up on pe1, expecting held recovery then pe1 revert
[2026-06-29T10:21:32Z] [cycle 802] AC down on pe1, expecting link drain and pe2 promotion
[2026-06-29T10:21:38Z] [cycle 802] AC up on pe1, expecting held recovery then pe1 revert
[2026-06-29T10:23:02Z] [cycle 803] AC down on pe1, expecting link drain and pe2 promotion
[2026-06-29T10:23:08Z] [cycle 803] AC up on pe1, expecting held recovery then pe1 revert
[2026-06-29T10:24:32Z] [cycle 804] AC down on pe1, expecting link drain and pe2 promotion
[2026-06-29T10:24:38Z] [cycle 804] AC up on pe1, expecting held recovery then pe1 revert
[2026-06-29T10:26:02Z] [cycle 805] AC down on pe1, expecting link drain and pe2 promotion
[2026-06-29T10:26:08Z] [cycle 805] AC up on pe1, expecting held recovery then pe1 revert
[2026-06-29T10:27:32Z] [cycle 806] AC down on pe1, expecting link drain and pe2 promotion
[2026-06-29T10:27:38Z] [cycle 806] AC up on pe1, expecting held recovery then pe1 revert
[2026-06-29T10:29:02Z] [cycle 807] AC down on pe1, expecting link drain and pe2 promotion
[2026-06-29T10:29:08Z] [cycle 807] AC up on pe1, expecting held recovery then pe1 revert
[2026-06-29T10:30:32Z] [cycle 808] AC down on pe1, expecting link drain and pe2 promotion
[2026-06-29T10:30:38Z] [cycle 808] AC up on pe1, expecting held recovery then pe1 revert
[2026-06-29T10:32:02Z] [cycle 809] AC down on pe1, expecting link drain and pe2 promotion
[2026-06-29T10:32:09Z] [cycle 809] AC up on pe1, expecting held recovery then pe1 revert
[2026-06-29T10:33:32Z] [cycle 810] AC down on pe1, expecting link drain and pe2 promotion
[2026-06-29T10:33:38Z] [cycle 810] AC up on pe1, expecting held recovery then pe1 revert
[2026-06-29T10:35:02Z] [cycle 811] AC down on pe1, expecting link drain and pe2 promotion
[2026-06-29T10:35:08Z] [cycle 811] AC up on pe1, expecting held recovery then pe1 revert
[2026-06-29T10:36:32Z] [cycle 812] AC down on pe1, expecting link drain and pe2 promotion
[2026-06-29T10:36:38Z] [cycle 812] AC up on pe1, expecting held recovery then pe1 revert
[2026-06-29T10:38:02Z] [cycle 813] AC down on pe1, expecting link drain and pe2 promotion
[2026-06-29T10:38:08Z] [cycle 813] AC up on pe1, expecting held recovery then pe1 revert
[2026-06-29T10:39:33Z] [cycle 814] AC down on pe1, expecting link drain and pe2 promotion
[2026-06-29T10:39:39Z] [cycle 814] AC up on pe1, expecting held recovery then pe1 revert
[2026-06-29T10:41:03Z] [cycle 815] AC down on pe1, expecting link drain and pe2 promotion
[2026-06-29T10:41:08Z] [cycle 815] AC up on pe1, expecting held recovery then pe1 revert
[2026-06-29T10:42:33Z] [cycle 816] AC down on pe1, expecting link drain and pe2 promotion
[2026-06-29T10:42:39Z] [cycle 816] AC up on pe1, expecting held recovery then pe1 revert
[2026-06-29T10:44:03Z] [cycle 817] AC down on pe1, expecting link drain and pe2 promotion
[2026-06-29T10:44:09Z] [cycle 817] AC up on pe1, expecting held recovery then pe1 revert
[2026-06-29T10:45:33Z] [cycle 818] AC down on pe1, expecting link drain and pe2 promotion
[2026-06-29T10:45:39Z] [cycle 818] AC up on pe1, expecting held recovery then pe1 revert
[2026-06-29T10:47:03Z] [cycle 819] AC down on pe1, expecting link drain and pe2 promotion
[2026-06-29T10:47:09Z] [cycle 819] AC up on pe1, expecting held recovery then pe1 revert
[2026-06-29T10:48:33Z] [cycle 820] AC down on pe1, expecting link drain and pe2 promotion
[2026-06-29T10:48:39Z] [cycle 820] AC up on pe1, expecting held recovery then pe1 revert
[2026-06-29T10:50:03Z] [cycle 821] AC down on pe1, expecting link drain and pe2 promotion
[2026-06-29T10:50:09Z] [cycle 821] AC up on pe1, expecting held recovery then pe1 revert
[2026-06-29T10:51:33Z] [cycle 822] AC down on pe1, expecting link drain and pe2 promotion
[2026-06-29T10:51:39Z] [cycle 822] AC up on pe1, expecting held recovery then pe1 revert
[2026-06-29T10:53:03Z] [cycle 823] AC down on pe1, expecting link drain and pe2 promotion
[2026-06-29T10:53:09Z] [cycle 823] AC up on pe1, expecting held recovery then pe1 revert
[2026-06-29T10:54:33Z] [cycle 824] AC down on pe1, expecting link drain and pe2 promotion
[2026-06-29T10:54:39Z] [cycle 824] AC up on pe1, expecting held recovery then pe1 revert
[2026-06-29T10:56:03Z] [cycle 825] AC down on pe1, expecting link drain and pe2 promotion
[2026-06-29T10:56:09Z] [cycle 825] AC up on pe1, expecting held recovery then pe1 revert
[2026-06-29T10:57:33Z] [cycle 826] AC down on pe1, expecting link drain and pe2 promotion
[2026-06-29T10:57:39Z] [cycle 826] AC up on pe1, expecting held recovery then pe1 revert
[2026-06-29T10:59:03Z] [cycle 827] AC down on pe1, expecting link drain and pe2 promotion
[2026-06-29T10:59:09Z] [cycle 827] AC up on pe1, expecting held recovery then pe1 revert
[2026-06-29T11:00:33Z] [cycle 828] AC down on pe1, expecting link drain and pe2 promotion
[2026-06-29T11:00:39Z] [cycle 828] AC up on pe1, expecting held recovery then pe1 revert
[2026-06-29T11:02:03Z] [cycle 829] AC down on pe1, expecting link drain and pe2 promotion
[2026-06-29T11:02:09Z] [cycle 829] AC up on pe1, expecting held recovery then pe1 revert
[2026-06-29T11:03:33Z] [cycle 830] AC down on pe1, expecting link drain and pe2 promotion
[2026-06-29T11:03:39Z] [cycle 830] AC up on pe1, expecting held recovery then pe1 revert
[2026-06-29T11:05:03Z] [cycle 831] AC down on pe1, expecting link drain and pe2 promotion
[2026-06-29T11:05:09Z] [cycle 831] AC up on pe1, expecting held recovery then pe1 revert
[2026-06-29T11:06:33Z] [cycle 832] AC down on pe1, expecting link drain and pe2 promotion
[2026-06-29T11:06:39Z] [cycle 832] AC up on pe1, expecting held recovery then pe1 revert
[2026-06-29T11:08:03Z] [cycle 833] AC down on pe1, expecting link drain and pe2 promotion
[2026-06-29T11:08:09Z] [cycle 833] AC up on pe1, expecting held recovery then pe1 revert
[2026-06-29T11:09:33Z] [cycle 834] AC down on pe1, expecting link drain and pe2 promotion
[2026-06-29T11:09:39Z] [cycle 834] AC up on pe1, expecting held recovery then pe1 revert
[2026-06-29T11:11:03Z] [cycle 835] AC down on pe1, expecting link drain and pe2 promotion
[2026-06-29T11:11:09Z] [cycle 835] AC up on pe1, expecting held recovery then pe1 revert
[2026-06-29T11:12:33Z] [cycle 836] AC down on pe1, expecting link drain and pe2 promotion
[2026-06-29T11:12:39Z] [cycle 836] AC up on pe1, expecting held recovery then pe1 revert
[2026-06-29T11:14:03Z] [cycle 837] AC down on pe1, expecting link drain and pe2 promotion
[2026-06-29T11:14:09Z] [cycle 837] AC up on pe1, expecting held recovery then pe1 revert
[2026-06-29T11:15:33Z] [cycle 838] AC down on pe1, expecting link drain and pe2 promotion
[2026-06-29T11:15:39Z] [cycle 838] AC up on pe1, expecting held recovery then pe1 revert
[2026-06-29T11:17:03Z] [cycle 839] AC down on pe1, expecting link drain and pe2 promotion
[2026-06-29T11:17:09Z] [cycle 839] AC up on pe1, expecting held recovery then pe1 revert
[2026-06-29T11:18:33Z] [cycle 840] AC down on pe1, expecting link drain and pe2 promotion
[2026-06-29T11:18:39Z] [cycle 840] AC up on pe1, expecting held recovery then pe1 revert
[2026-06-29T11:20:03Z] [cycle 841] AC down on pe1, expecting link drain and pe2 promotion
[2026-06-29T11:20:09Z] [cycle 841] AC up on pe1, expecting held recovery then pe1 revert
[2026-06-29T11:21:33Z] [cycle 842] AC down on pe1, expecting link drain and pe2 promotion
[2026-06-29T11:21:39Z] [cycle 842] AC up on pe1, expecting held recovery then pe1 revert
[2026-06-29T11:23:03Z] [cycle 843] AC down on pe1, expecting link drain and pe2 promotion
[2026-06-29T11:23:09Z] [cycle 843] AC up on pe1, expecting held recovery then pe1 revert
[2026-06-29T11:24:33Z] [cycle 844] AC down on pe1, expecting link drain and pe2 promotion
[2026-06-29T11:24:39Z] [cycle 844] AC up on pe1, expecting held recovery then pe1 revert
[2026-06-29T11:26:03Z] [cycle 845] AC down on pe1, expecting link drain and pe2 promotion
[2026-06-29T11:26:09Z] [cycle 845] AC up on pe1, expecting held recovery then pe1 revert
[2026-06-29T11:27:33Z] [cycle 846] AC down on pe1, expecting link drain and pe2 promotion
[2026-06-29T11:27:39Z] [cycle 846] AC up on pe1, expecting held recovery then pe1 revert
[2026-06-29T11:29:03Z] [cycle 847] AC down on pe1, expecting link drain and pe2 promotion
[2026-06-29T11:29:09Z] [cycle 847] AC up on pe1, expecting held recovery then pe1 revert
[2026-06-29T11:30:33Z] [cycle 848] AC down on pe1, expecting link drain and pe2 promotion
[2026-06-29T11:30:39Z] [cycle 848] AC up on pe1, expecting held recovery then pe1 revert
[2026-06-29T11:32:03Z] [cycle 849] AC down on pe1, expecting link drain and pe2 promotion
[2026-06-29T11:32:09Z] [cycle 849] AC up on pe1, expecting held recovery then pe1 revert
[2026-06-29T11:33:33Z] [cycle 850] AC down on pe1, expecting link drain and pe2 promotion
[2026-06-29T11:33:39Z] [cycle 850] AC up on pe1, expecting held recovery then pe1 revert
[2026-06-29T11:35:03Z] [cycle 851] AC down on pe1, expecting link drain and pe2 promotion
[2026-06-29T11:35:09Z] [cycle 851] AC up on pe1, expecting held recovery then pe1 revert
[2026-06-29T11:36:33Z] [cycle 852] AC down on pe1, expecting link drain and pe2 promotion
[2026-06-29T11:36:39Z] [cycle 852] AC up on pe1, expecting held recovery then pe1 revert
[2026-06-29T11:38:03Z] [cycle 853] AC down on pe1, expecting link drain and pe2 promotion
[2026-06-29T11:38:09Z] [cycle 853] AC up on pe1, expecting held recovery then pe1 revert
[2026-06-29T11:39:33Z] [cycle 854] AC down on pe1, expecting link drain and pe2 promotion
[2026-06-29T11:39:39Z] [cycle 854] AC up on pe1, expecting held recovery then pe1 revert
[2026-06-29T11:41:03Z] [cycle 855] AC down on pe1, expecting link drain and pe2 promotion
[2026-06-29T11:41:09Z] [cycle 855] AC up on pe1, expecting held recovery then pe1 revert
[2026-06-29T11:42:33Z] [cycle 856] AC down on pe1, expecting link drain and pe2 promotion
[2026-06-29T11:42:39Z] [cycle 856] AC up on pe1, expecting held recovery then pe1 revert
[2026-06-29T11:44:03Z] [cycle 857] AC down on pe1, expecting link drain and pe2 promotion
[2026-06-29T11:44:09Z] [cycle 857] AC up on pe1, expecting held recovery then pe1 revert
[2026-06-29T11:45:33Z] [cycle 858] AC down on pe1, expecting link drain and pe2 promotion
[2026-06-29T11:45:39Z] [cycle 858] AC up on pe1, expecting held recovery then pe1 revert
[2026-06-29T11:47:03Z] [cycle 859] AC down on pe1, expecting link drain and pe2 promotion
[2026-06-29T11:47:09Z] [cycle 859] AC up on pe1, expecting held recovery then pe1 revert
[2026-06-29T11:48:33Z] [cycle 860] AC down on pe1, expecting link drain and pe2 promotion
[2026-06-29T11:48:39Z] [cycle 860] AC up on pe1, expecting held recovery then pe1 revert
[2026-06-29T11:50:03Z] [cycle 861] AC down on pe1, expecting link drain and pe2 promotion
[2026-06-29T11:50:09Z] [cycle 861] AC up on pe1, expecting held recovery then pe1 revert
[2026-06-29T11:51:33Z] [cycle 862] AC down on pe1, expecting link drain and pe2 promotion
[2026-06-29T11:51:39Z] [cycle 862] AC up on pe1, expecting held recovery then pe1 revert
[2026-06-29T11:53:03Z] [cycle 863] AC down on pe1, expecting link drain and pe2 promotion
[2026-06-29T11:53:09Z] [cycle 863] AC up on pe1, expecting held recovery then pe1 revert
[2026-06-29T11:54:33Z] [cycle 864] AC down on pe1, expecting link drain and pe2 promotion
[2026-06-29T11:54:39Z] [cycle 864] AC up on pe1, expecting held recovery then pe1 revert
[2026-06-29T11:56:03Z] [cycle 865] AC down on pe1, expecting link drain and pe2 promotion
[2026-06-29T11:56:09Z] [cycle 865] AC up on pe1, expecting held recovery then pe1 revert
[2026-06-29T11:57:33Z] [cycle 866] AC down on pe1, expecting link drain and pe2 promotion
[2026-06-29T11:57:39Z] [cycle 866] AC up on pe1, expecting held recovery then pe1 revert
[2026-06-29T11:59:03Z] [cycle 867] AC down on pe1, expecting link drain and pe2 promotion
[2026-06-29T11:59:09Z] [cycle 867] AC up on pe1, expecting held recovery then pe1 revert
[2026-06-29T12:00:33Z] [cycle 868] AC down on pe1, expecting link drain and pe2 promotion
[2026-06-29T12:00:39Z] [cycle 868] AC up on pe1, expecting held recovery then pe1 revert
[2026-06-29T12:02:03Z] [cycle 869] AC down on pe1, expecting link drain and pe2 promotion
[2026-06-29T12:02:09Z] [cycle 869] AC up on pe1, expecting held recovery then pe1 revert
[2026-06-29T12:03:33Z] [cycle 870] AC down on pe1, expecting link drain and pe2 promotion
[2026-06-29T12:03:39Z] [cycle 870] AC up on pe1, expecting held recovery then pe1 revert
[2026-06-29T12:05:03Z] [cycle 871] AC down on pe1, expecting link drain and pe2 promotion
[2026-06-29T12:05:09Z] [cycle 871] AC up on pe1, expecting held recovery then pe1 revert
[2026-06-29T12:06:33Z] [cycle 872] AC down on pe1, expecting link drain and pe2 promotion
[2026-06-29T12:06:39Z] [cycle 872] AC up on pe1, expecting held recovery then pe1 revert
[2026-06-29T12:08:03Z] [cycle 873] AC down on pe1, expecting link drain and pe2 promotion
[2026-06-29T12:08:09Z] [cycle 873] AC up on pe1, expecting held recovery then pe1 revert
[2026-06-29T12:09:33Z] [cycle 874] AC down on pe1, expecting link drain and pe2 promotion
[2026-06-29T12:09:39Z] [cycle 874] AC up on pe1, expecting held recovery then pe1 revert
[2026-06-29T12:11:03Z] [cycle 875] AC down on pe1, expecting link drain and pe2 promotion
[2026-06-29T12:11:09Z] [cycle 875] AC up on pe1, expecting held recovery then pe1 revert
[2026-06-29T12:12:33Z] [cycle 876] AC down on pe1, expecting link drain and pe2 promotion
[2026-06-29T12:12:39Z] [cycle 876] AC up on pe1, expecting held recovery then pe1 revert
[2026-06-29T12:14:03Z] [cycle 877] AC down on pe1, expecting link drain and pe2 promotion
[2026-06-29T12:14:09Z] [cycle 877] AC up on pe1, expecting held recovery then pe1 revert
[2026-06-29T12:15:34Z] [cycle 878] AC down on pe1, expecting link drain and pe2 promotion
[2026-06-29T12:15:40Z] [cycle 878] AC up on pe1, expecting held recovery then pe1 revert
[2026-06-29T12:17:04Z] [cycle 879] AC down on pe1, expecting link drain and pe2 promotion
[2026-06-29T12:17:10Z] [cycle 879] AC up on pe1, expecting held recovery then pe1 revert
[2026-06-29T12:18:35Z] [cycle 880] AC down on pe1, expecting link drain and pe2 promotion
[2026-06-29T12:18:41Z] [cycle 880] AC up on pe1, expecting held recovery then pe1 revert
[2026-06-29T12:20:05Z] [cycle 881] AC down on pe1, expecting link drain and pe2 promotion
[2026-06-29T12:20:11Z] [cycle 881] AC up on pe1, expecting held recovery then pe1 revert
[2026-06-29T12:21:35Z] [cycle 882] AC down on pe1, expecting link drain and pe2 promotion
[2026-06-29T12:21:41Z] [cycle 882] AC up on pe1, expecting held recovery then pe1 revert
[2026-06-29T12:23:05Z] [cycle 883] AC down on pe1, expecting link drain and pe2 promotion
[2026-06-29T12:23:11Z] [cycle 883] AC up on pe1, expecting held recovery then pe1 revert
[2026-06-29T12:24:35Z] [cycle 884] AC down on pe1, expecting link drain and pe2 promotion
[2026-06-29T12:24:41Z] [cycle 884] AC up on pe1, expecting held recovery then pe1 revert
[2026-06-29T12:26:05Z] [cycle 885] AC down on pe1, expecting link drain and pe2 promotion
[2026-06-29T12:26:11Z] [cycle 885] AC up on pe1, expecting held recovery then pe1 revert
[2026-06-29T12:27:35Z] [cycle 886] AC down on pe1, expecting link drain and pe2 promotion
[2026-06-29T12:27:41Z] [cycle 886] AC up on pe1, expecting held recovery then pe1 revert
[2026-06-29T12:29:05Z] [cycle 887] AC down on pe1, expecting link drain and pe2 promotion
[2026-06-29T12:29:11Z] [cycle 887] AC up on pe1, expecting held recovery then pe1 revert
[2026-06-29T12:30:35Z] [cycle 888] AC down on pe1, expecting link drain and pe2 promotion
[2026-06-29T12:30:41Z] [cycle 888] AC up on pe1, expecting held recovery then pe1 revert
[2026-06-29T12:32:05Z] [cycle 889] AC down on pe1, expecting link drain and pe2 promotion
[2026-06-29T12:32:11Z] [cycle 889] AC up on pe1, expecting held recovery then pe1 revert
[2026-06-29T12:33:35Z] [cycle 890] AC down on pe1, expecting link drain and pe2 promotion
[2026-06-29T12:33:42Z] [cycle 890] AC up on pe1, expecting held recovery then pe1 revert
[2026-06-29T12:35:05Z] [cycle 891] AC down on pe1, expecting link drain and pe2 promotion
[2026-06-29T12:35:11Z] [cycle 891] AC up on pe1, expecting held recovery then pe1 revert
[2026-06-29T12:36:36Z] [cycle 892] AC down on pe1, expecting link drain and pe2 promotion
[2026-06-29T12:36:42Z] [cycle 892] AC up on pe1, expecting held recovery then pe1 revert
[2026-06-29T12:38:06Z] [cycle 893] AC down on pe1, expecting link drain and pe2 promotion
[2026-06-29T12:38:12Z] [cycle 893] AC up on pe1, expecting held recovery then pe1 revert
[2026-06-29T12:39:36Z] [cycle 894] AC down on pe1, expecting link drain and pe2 promotion
[2026-06-29T12:39:42Z] [cycle 894] AC up on pe1, expecting held recovery then pe1 revert
[2026-06-29T12:41:06Z] [cycle 895] AC down on pe1, expecting link drain and pe2 promotion
[2026-06-29T12:41:12Z] [cycle 895] AC up on pe1, expecting held recovery then pe1 revert
[2026-06-29T12:42:36Z] [cycle 896] AC down on pe1, expecting link drain and pe2 promotion
[2026-06-29T12:42:42Z] [cycle 896] AC up on pe1, expecting held recovery then pe1 revert
[2026-06-29T12:44:06Z] [cycle 897] AC down on pe1, expecting link drain and pe2 promotion
[2026-06-29T12:44:12Z] [cycle 897] AC up on pe1, expecting held recovery then pe1 revert
[2026-06-29T12:45:36Z] [cycle 898] AC down on pe1, expecting link drain and pe2 promotion
[2026-06-29T12:45:42Z] [cycle 898] AC up on pe1, expecting held recovery then pe1 revert
[2026-06-29T12:47:06Z] [cycle 899] AC down on pe1, expecting link drain and pe2 promotion
[2026-06-29T12:47:12Z] [cycle 899] AC up on pe1, expecting held recovery then pe1 revert
[2026-06-29T12:48:36Z] [cycle 900] AC down on pe1, expecting link drain and pe2 promotion
[2026-06-29T12:48:42Z] [cycle 900] AC up on pe1, expecting held recovery then pe1 revert
[2026-06-29T12:50:06Z] [cycle 901] AC down on pe1, expecting link drain and pe2 promotion
[2026-06-29T12:50:12Z] [cycle 901] AC up on pe1, expecting held recovery then pe1 revert
[2026-06-29T12:51:36Z] [cycle 902] AC down on pe1, expecting link drain and pe2 promotion
[2026-06-29T12:51:42Z] [cycle 902] AC up on pe1, expecting held recovery then pe1 revert
[2026-06-29T12:53:06Z] [cycle 903] AC down on pe1, expecting link drain and pe2 promotion
[2026-06-29T12:53:12Z] [cycle 903] AC up on pe1, expecting held recovery then pe1 revert
[2026-06-29T12:54:36Z] [cycle 904] AC down on pe1, expecting link drain and pe2 promotion
[2026-06-29T12:54:42Z] [cycle 904] AC up on pe1, expecting held recovery then pe1 revert
[2026-06-29T12:56:06Z] [cycle 905] AC down on pe1, expecting link drain and pe2 promotion
[2026-06-29T12:56:12Z] [cycle 905] AC up on pe1, expecting held recovery then pe1 revert
[2026-06-29T12:57:36Z] [cycle 906] AC down on pe1, expecting link drain and pe2 promotion
[2026-06-29T12:57:42Z] [cycle 906] AC up on pe1, expecting held recovery then pe1 revert
[2026-06-29T12:59:06Z] [cycle 907] AC down on pe1, expecting link drain and pe2 promotion
[2026-06-29T12:59:12Z] [cycle 907] AC up on pe1, expecting held recovery then pe1 revert
[2026-06-29T13:00:36Z] [cycle 908] AC down on pe1, expecting link drain and pe2 promotion
[2026-06-29T13:00:42Z] [cycle 908] AC up on pe1, expecting held recovery then pe1 revert
[2026-06-29T13:02:06Z] [cycle 909] AC down on pe1, expecting link drain and pe2 promotion
[2026-06-29T13:02:12Z] [cycle 909] AC up on pe1, expecting held recovery then pe1 revert
[2026-06-29T13:03:36Z] [cycle 910] AC down on pe1, expecting link drain and pe2 promotion
[2026-06-29T13:03:42Z] [cycle 910] AC up on pe1, expecting held recovery then pe1 revert
[2026-06-29T13:05:06Z] [cycle 911] AC down on pe1, expecting link drain and pe2 promotion
[2026-06-29T13:05:12Z] [cycle 911] AC up on pe1, expecting held recovery then pe1 revert
[2026-06-29T13:06:36Z] [cycle 912] AC down on pe1, expecting link drain and pe2 promotion
[2026-06-29T13:06:42Z] [cycle 912] AC up on pe1, expecting held recovery then pe1 revert
[2026-06-29T13:08:06Z] [cycle 913] AC down on pe1, expecting link drain and pe2 promotion
[2026-06-29T13:08:12Z] [cycle 913] AC up on pe1, expecting held recovery then pe1 revert
[2026-06-29T13:09:36Z] [cycle 914] AC down on pe1, expecting link drain and pe2 promotion
[2026-06-29T13:09:42Z] [cycle 914] AC up on pe1, expecting held recovery then pe1 revert
[2026-06-29T13:11:06Z] [cycle 915] AC down on pe1, expecting link drain and pe2 promotion
[2026-06-29T13:11:12Z] [cycle 915] AC up on pe1, expecting held recovery then pe1 revert
[2026-06-29T13:12:36Z] [cycle 916] AC down on pe1, expecting link drain and pe2 promotion
[2026-06-29T13:12:42Z] [cycle 916] AC up on pe1, expecting held recovery then pe1 revert
[2026-06-29T13:14:06Z] [cycle 917] AC down on pe1, expecting link drain and pe2 promotion
[2026-06-29T13:14:12Z] [cycle 917] AC up on pe1, expecting held recovery then pe1 revert
[2026-06-29T13:15:36Z] [cycle 918] AC down on pe1, expecting link drain and pe2 promotion
[2026-06-29T13:15:42Z] [cycle 918] AC up on pe1, expecting held recovery then pe1 revert
[2026-06-29T13:17:06Z] [cycle 919] AC down on pe1, expecting link drain and pe2 promotion
[2026-06-29T13:17:12Z] [cycle 919] AC up on pe1, expecting held recovery then pe1 revert
[2026-06-29T13:18:36Z] [cycle 920] AC down on pe1, expecting link drain and pe2 promotion
[2026-06-29T13:18:42Z] [cycle 920] AC up on pe1, expecting held recovery then pe1 revert
[2026-06-29T13:20:06Z] [cycle 921] AC down on pe1, expecting link drain and pe2 promotion
[2026-06-29T13:20:12Z] [cycle 921] AC up on pe1, expecting held recovery then pe1 revert
[2026-06-29T13:21:36Z] [cycle 922] AC down on pe1, expecting link drain and pe2 promotion
[2026-06-29T13:21:42Z] [cycle 922] AC up on pe1, expecting held recovery then pe1 revert
[2026-06-29T13:23:06Z] [cycle 923] AC down on pe1, expecting link drain and pe2 promotion
[2026-06-29T13:23:12Z] [cycle 923] AC up on pe1, expecting held recovery then pe1 revert
[2026-06-29T13:24:36Z] [cycle 924] AC down on pe1, expecting link drain and pe2 promotion
[2026-06-29T13:24:42Z] [cycle 924] AC up on pe1, expecting held recovery then pe1 revert
[2026-06-29T13:26:06Z] [cycle 925] AC down on pe1, expecting link drain and pe2 promotion
[2026-06-29T13:26:12Z] [cycle 925] AC up on pe1, expecting held recovery then pe1 revert
[2026-06-29T13:27:36Z] [cycle 926] AC down on pe1, expecting link drain and pe2 promotion
[2026-06-29T13:27:42Z] [cycle 926] AC up on pe1, expecting held recovery then pe1 revert
[2026-06-29T13:29:06Z] [cycle 927] AC down on pe1, expecting link drain and pe2 promotion
[2026-06-29T13:29:12Z] [cycle 927] AC up on pe1, expecting held recovery then pe1 revert
[2026-06-29T13:30:36Z] [cycle 928] AC down on pe1, expecting link drain and pe2 promotion
[2026-06-29T13:30:41Z] [cycle 928] AC up on pe1, expecting held recovery then pe1 revert
[2026-06-29T13:32:06Z] [cycle 929] AC down on pe1, expecting link drain and pe2 promotion
[2026-06-29T13:32:12Z] [cycle 929] AC up on pe1, expecting held recovery then pe1 revert
[2026-06-29T13:33:36Z] [cycle 930] AC down on pe1, expecting link drain and pe2 promotion
[2026-06-29T13:33:42Z] [cycle 930] AC up on pe1, expecting held recovery then pe1 revert
[2026-06-29T13:35:07Z] [cycle 931] AC down on pe1, expecting link drain and pe2 promotion
[2026-06-29T13:35:13Z] [cycle 931] AC up on pe1, expecting held recovery then pe1 revert
[2026-06-29T13:36:37Z] [cycle 932] AC down on pe1, expecting link drain and pe2 promotion
[2026-06-29T13:36:43Z] [cycle 932] AC up on pe1, expecting held recovery then pe1 revert
[2026-06-29T13:38:07Z] [cycle 933] AC down on pe1, expecting link drain and pe2 promotion
[2026-06-29T13:38:13Z] [cycle 933] AC up on pe1, expecting held recovery then pe1 revert
[2026-06-29T13:39:37Z] [cycle 934] AC down on pe1, expecting link drain and pe2 promotion
[2026-06-29T13:39:43Z] [cycle 934] AC up on pe1, expecting held recovery then pe1 revert
[2026-06-29T13:41:07Z] [cycle 935] AC down on pe1, expecting link drain and pe2 promotion
[2026-06-29T13:41:13Z] [cycle 935] AC up on pe1, expecting held recovery then pe1 revert
[2026-06-29T13:42:37Z] [cycle 936] AC down on pe1, expecting link drain and pe2 promotion
[2026-06-29T13:42:43Z] [cycle 936] AC up on pe1, expecting held recovery then pe1 revert
[2026-06-29T13:44:07Z] [cycle 937] AC down on pe1, expecting link drain and pe2 promotion
[2026-06-29T13:44:13Z] [cycle 937] AC up on pe1, expecting held recovery then pe1 revert
[2026-06-29T13:45:37Z] [cycle 938] AC down on pe1, expecting link drain and pe2 promotion
[2026-06-29T13:45:43Z] [cycle 938] AC up on pe1, expecting held recovery then pe1 revert
[2026-06-29T13:47:07Z] [cycle 939] AC down on pe1, expecting link drain and pe2 promotion
[2026-06-29T13:47:13Z] [cycle 939] AC up on pe1, expecting held recovery then pe1 revert
[2026-06-29T13:48:37Z] [cycle 940] AC down on pe1, expecting link drain and pe2 promotion
[2026-06-29T13:48:43Z] [cycle 940] AC up on pe1, expecting held recovery then pe1 revert
[2026-06-29T13:50:07Z] [cycle 941] AC down on pe1, expecting link drain and pe2 promotion
[2026-06-29T13:50:13Z] [cycle 941] AC up on pe1, expecting held recovery then pe1 revert
[2026-06-29T13:51:37Z] [cycle 942] AC down on pe1, expecting link drain and pe2 promotion
[2026-06-29T13:51:43Z] [cycle 942] AC up on pe1, expecting held recovery then pe1 revert
[2026-06-29T13:53:07Z] [cycle 943] AC down on pe1, expecting link drain and pe2 promotion
[2026-06-29T13:53:13Z] [cycle 943] AC up on pe1, expecting held recovery then pe1 revert
[2026-06-29T13:54:37Z] [cycle 944] AC down on pe1, expecting link drain and pe2 promotion
[2026-06-29T13:54:43Z] [cycle 944] AC up on pe1, expecting held recovery then pe1 revert
[2026-06-29T13:56:07Z] [cycle 945] AC down on pe1, expecting link drain and pe2 promotion
[2026-06-29T13:56:12Z] [cycle 945] AC up on pe1, expecting held recovery then pe1 revert
[2026-06-29T13:57:37Z] [cycle 946] AC down on pe1, expecting link drain and pe2 promotion
[2026-06-29T13:57:43Z] [cycle 946] AC up on pe1, expecting held recovery then pe1 revert
[2026-06-29T13:59:07Z] [cycle 947] AC down on pe1, expecting link drain and pe2 promotion
[2026-06-29T13:59:13Z] [cycle 947] AC up on pe1, expecting held recovery then pe1 revert
[2026-06-29T14:00:37Z] [cycle 948] AC down on pe1, expecting link drain and pe2 promotion
[2026-06-29T14:00:43Z] [cycle 948] AC up on pe1, expecting held recovery then pe1 revert
[2026-06-29T14:02:07Z] [cycle 949] AC down on pe1, expecting link drain and pe2 promotion
[2026-06-29T14:02:13Z] [cycle 949] AC up on pe1, expecting held recovery then pe1 revert
[2026-06-29T14:03:37Z] [cycle 950] AC down on pe1, expecting link drain and pe2 promotion
[2026-06-29T14:03:43Z] [cycle 950] AC up on pe1, expecting held recovery then pe1 revert
[2026-06-29T14:05:07Z] [cycle 951] AC down on pe1, expecting link drain and pe2 promotion
[2026-06-29T14:05:13Z] [cycle 951] AC up on pe1, expecting held recovery then pe1 revert
[2026-06-29T14:06:37Z] [cycle 952] AC down on pe1, expecting link drain and pe2 promotion
[2026-06-29T14:06:43Z] [cycle 952] AC up on pe1, expecting held recovery then pe1 revert
[2026-06-29T14:08:07Z] [cycle 953] AC down on pe1, expecting link drain and pe2 promotion
[2026-06-29T14:08:13Z] [cycle 953] AC up on pe1, expecting held recovery then pe1 revert
[2026-06-29T14:09:37Z] [cycle 954] AC down on pe1, expecting link drain and pe2 promotion
[2026-06-29T14:09:43Z] [cycle 954] AC up on pe1, expecting held recovery then pe1 revert
[2026-06-29T14:11:07Z] [cycle 955] AC down on pe1, expecting link drain and pe2 promotion
[2026-06-29T14:11:13Z] [cycle 955] AC up on pe1, expecting held recovery then pe1 revert
[2026-06-29T14:12:37Z] [cycle 956] AC down on pe1, expecting link drain and pe2 promotion
[2026-06-29T14:12:43Z] [cycle 956] AC up on pe1, expecting held recovery then pe1 revert
[2026-06-29T14:14:07Z] [cycle 957] AC down on pe1, expecting link drain and pe2 promotion
[2026-06-29T14:14:13Z] [cycle 957] AC up on pe1, expecting held recovery then pe1 revert
[2026-06-29T14:15:37Z] [cycle 958] AC down on pe1, expecting link drain and pe2 promotion
[2026-06-29T14:15:43Z] [cycle 958] AC up on pe1, expecting held recovery then pe1 revert
[2026-06-29T14:17:07Z] [cycle 959] AC down on pe1, expecting link drain and pe2 promotion
[2026-06-29T14:17:13Z] [cycle 959] AC up on pe1, expecting held recovery then pe1 revert
[2026-06-29T14:18:37Z] [cycle 960] AC down on pe1, expecting link drain and pe2 promotion
[2026-06-29T14:18:43Z] [cycle 960] AC up on pe1, expecting held recovery then pe1 revert
[2026-06-29T14:19:47Z] Analyzing <home>/.local/state/rustbgpd-soak/m67-confirm-run/samples.csv
{
  "samples_csv": "<home>/.local/state/rustbgpd-soak/m67-confirm-run/samples.csv",
  "row_count": 4800,
  "runtime_sec": 86388,
  "max_cycle": 960,
  "phases": [
    "bootstrap",
    "drained",
    "idle",
    "recovered"
  ],
  "blackout_ms": {
    "max": 300.0,
    "unmeasured": 0,
    "samples": [
      100.0,
      100.0,
      300.0,
      300.0,
      300.0,
      300.0,
      300.0,
      300.0,
      200.0,
      200.0,
      300.0,
      300.0,
      300.0,
      300.0,
      200.0,
      200.0,
      200.0,
      200.0,
      300.0,
      300.0,
      300.0,
      300.0,
      300.0,
      300.0,
      200.0,
      200.0,
      300.0,
      300.0,
      300.0,
      300.0,
      200.0,
      200.0,
      300.0,
      300.0,
      300.0,
      300.0,
      200.0,
      200.0,
      200.0,
      200.0,
      300.0,
      300.0,
      200.0,
      200.0,
      300.0,
      300.0,
      300.0,
      300.0,
      200.0,
      200.0,
      200.0,
      200.0,
      300.0,
      300.0,
      300.0,
      300.0,
      200.0,
      200.0,
      200.0,
      200.0,
      300.0,
      300.0,
      200.0,
      200.0,
      300.0,
      300.0,
      200.0,
      200.0,
      200.0,
      200.0,
      200.0,
      200.0,
      200.0,
      200.0,
      200.0,
      200.0,
      200.0,
      200.0,
      200.0,
      200.0,
      200.0,
      200.0,
      200.0,
      200.0,
      200.0,
      200.0,
      200.0,
      200.0,
      200.0,
      200.0,
      200.0,
      200.0,
      200.0,
      200.0,
      200.0,
      200.0,
      200.0,
      200.0,
      200.0,
      200.0,
      200.0,
      200.0,
      200.0,
      200.0,
      200.0,
      200.0,
      300.0,
      300.0,
      200.0,
      200.0,
      200.0,
      200.0,
      300.0,
      300.0,
      200.0,
      200.0,
      200.0,
      200.0,
      200.0,
      200.0,
      200.0,
      200.0,
      200.0,
      200.0,
      300.0,
      300.0,
      300.0,
      300.0,
      200.0,
      200.0,
      300.0,
      300.0,
      300.0,
      300.0,
      300.0,
      300.0,
      300.0,
      300.0,
      200.0,
      200.0,
      300.0,
      300.0,
      200.0,
      200.0,
      300.0,
      300.0,
      200.0,
      200.0,
      300.0,
      300.0,
      300.0,
      300.0,
      200.0,
      200.0,
      200.0,
      200.0,
      200.0,
      200.0,
      300.0,
      300.0,
      200.0,
      200.0,
      200.0,
      200.0,
      200.0,
      200.0,
      200.0,
      200.0,
      300.0,
      300.0,
      300.0,
      300.0,
      300.0,
      300.0,
      300.0,
      300.0,
      200.0,
      200.0,
      300.0,
      300.0,
      300.0,
      300.0,
      300.0,
      300.0,
      200.0,
      200.0,
      300.0,
      300.0,
      200.0,
      200.0,
      300.0,
      300.0,
      200.0,
      200.0,
      200.0,
      200.0,
      200.0,
      200.0,
      300.0,
      300.0,
      300.0,
      300.0,
      300.0,
      300.0,
      200.0,
      200.0,
      200.0,
      200.0,
      300.0,
      300.0,
      200.0,
      200.0,
      300.0,
      300.0,
      200.0,
      200.0,
      200.0,
      200.0,
      200.0,
      200.0,
      300.0,
      300.0,
      300.0,
      300.0,
      300.0,
      300.0,
      300.0,
      300.0,
      300.0,
      300.0,
      300.0,
      300.0,
      300.0,
      300.0,
      300.0,
      300.0,
      300.0,
      300.0,
      300.0,
      300.0,
      300.0,
      300.0,
      300.0,
      300.0,
      300.0,
      300.0,
      300.0,
      300.0,
      200.0,
      200.0,
      300.0,
      300.0,
      200.0,
      200.0,
      300.0,
      300.0,
      200.0,
      200.0,
      200.0,
      200.0,
      200.0,
      200.0,
      200.0,
      200.0,
      200.0,
      200.0,
      200.0,
      200.0,
      200.0,
      200.0,
      200.0,
      200.0,
      300.0,
      300.0,
      200.0,
      200.0,
      200.0,
      200.0,
      200.0,
      200.0,
      200.0,
      200.0,
      200.0,
      200.0,
      200.0,
      200.0,
      200.0,
      200.0,
      200.0,
      200.0,
      200.0,
      200.0,
      300.0,
      300.0,
      300.0,
      300.0,
      300.0,
      300.0,
      200.0,
      200.0,
      200.0,
      200.0,
      200.0,
      200.0,
      200.0,
      200.0,
      200.0,
      200.0,
      100.0,
      100.0,
      200.0,
      200.0,
      200.0,
      200.0,
      200.0,
      200.0,
      200.0,
      200.0,
      300.0,
      300.0,
      200.0,
      200.0,
      200.0,
      200.0,
      100.0,
      100.0,
      200.0,
      200.0,
      200.0,
      200.0,
      0.0,
      0.0,
      200.0,
      200.0,
      200.0,
      200.0,
      200.0,
      200.0,
      200.0,
      200.0,
      200.0,
      200.0,
      200.0,
      200.0,
      100.0,
      100.0,
      200.0,
      200.0,
      200.0,
      200.0,
      200.0,
      200.0,
      200.0,
      200.0,
      200.0,
      200.0,
      200.0,
      200.0,
      200.0,
      200.0,
      200.0,
      200.0,
      100.0,
      100.0,
      200.0,
      200.0,
      200.0,
      200.0,
      200.0,
      200.0,
      200.0,
      200.0,
      200.0,
      200.0,
      200.0,
      200.0,
      200.0,
      200.0,
      300.0,
      300.0,
      100.0,
      100.0,
      200.0,
      200.0,
      200.0,
      200.0,
      200.0,
      200.0,
      200.0,
      200.0,
      200.0,
      200.0,
      200.0,
      200.0,
      200.0,
      200.0,
      200.0,
      200.0,
      200.0,
      200.0,
      200.0,
      200.0,
      200.0,
      200.0,
      200.0,
      200.0,
      200.0,
      200.0,
      200.0,
      200.0,
      200.0,
      200.0,
      200.0,
      200.0,
      200.0,
      200.0,
      100.0,
      100.0,
      200.0,
      200.0,
      200.0,
      200.0,
      200.0,
      200.0,
      200.0,
      200.0,
      200.0,
      200.0,
      200.0,
      200.0,
      200.0,
      200.0,
      200.0,
      200.0,
      200.0,
      200.0,
      100.0,
      100.0,
      200.0,
      200.0,
      200.0,
      200.0,
      200.0,
      200.0,
      100.0,
      100.0,
      200.0,
      200.0,
      200.0,
      200.0,
      200.0,
      200.0,
      200.0,
      200.0,
      200.0,
      200.0,
      200.0,
      200.0,
      200.0,
      200.0,
      200.0,
      200.0,
      200.0,
      200.0,
      200.0,
      200.0,
      200.0,
      200.0,
      0.0,
      0.0,
      200.0,
      200.0,
      200.0,
      200.0,
      200.0,
      200.0,
      200.0,
      200.0,
      200.0,
      200.0,
      200.0,
      200.0,
      200.0,
      200.0,
      200.0,
      200.0,
      200.0,
      200.0,
      100.0,
      100.0,
      200.0,
      200.0,
      200.0,
      200.0,
      100.0,
      100.0,
      200.0,
      200.0,
      200.0,
      200.0,
      200.0,
      200.0,
      200.0,
      200.0,
      100.0,
      100.0,
      200.0,
      200.0,
      200.0,
      200.0,
      200.0,
      200.0,
      200.0,
      200.0,
      100.0,
      100.0,
      200.0,
      200.0,
      200.0,
      200.0,
      200.0,
      200.0,
      200.0,
      200.0,
      200.0,
      200.0,
      200.0,
      200.0,
      200.0,
      200.0,
      200.0,
      200.0,
      200.0,
      200.0,
      200.0,
      200.0,
      200.0,
      200.0,
      200.0,
      200.0,
      200.0,
      200.0,
      200.0,
      200.0,
      200.0,
      200.0,
      200.0,
      200.0,
      200.0,
      200.0,
      200.0,
      200.0,
      200.0,
      200.0,
      200.0,
      200.0,
      200.0,
      200.0,
      200.0,
      200.0,
      200.0,
      200.0,
      200.0,
      200.0,
      200.0,
      200.0,
      200.0,
      200.0,
      200.0,
      200.0,
      200.0,
      200.0,
      200.0,
      200.0,
      200.0,
      200.0,
      200.0,
      200.0,
      200.0,
      200.0,
      200.0,
      200.0,
      200.0,
      200.0,
      200.0,
      200.0,
      200.0,
      200.0,
      200.0,
      200.0,
      200.0,
      200.0,
      200.0,
      200.0,
      200.0,
      200.0,
      200.0,
      200.0,
      200.0,
      200.0,
      200.0,
      200.0,
      200.0,
      200.0,
      200.0,
      200.0,
      200.0,
      200.0,
      200.0,
      200.0,
      200.0,
      200.0,
      200.0,
      200.0,
      200.0,
      200.0,
      200.0,
      200.0,
      200.0,
      200.0,
      200.0,
      200.0,
      200.0,
      200.0,
      200.0,
      200.0,
      200.0,
      200.0,
      200.0,
      200.0,
      200.0,
      200.0,
      200.0,
      200.0,
      200.0,
      200.0,
      200.0,
      200.0,
      200.0,
      200.0,
      200.0,
      200.0,
      200.0,
      200.0,
      200.0,
      200.0,
      200.0,
      200.0,
      200.0,
      200.0,
      200.0,
      200.0,
      200.0,
      200.0,
      200.0,
      200.0,
      200.0,
      200.0,
      200.0,
      200.0,
      200.0,
      200.0,
      200.0,
      200.0,
      200.0,
      200.0,
      200.0,
      200.0,
      200.0,
      200.0,
      200.0,
      200.0,
      200.0,
      200.0,
      200.0,
      200.0,
      200.0,
      200.0,
      200.0,
      200.0,
      200.0,
      200.0,
      200.0,
      200.0,
      200.0,
      200.0,
      200.0,
      200.0,
      200.0,
      200.0,
      200.0,
      200.0,
      200.0,
      200.0,
      200.0,
      200.0,
      200.0,
      200.0,
      200.0,
      200.0,
      200.0,
      200.0,
      200.0,
      200.0,
      200.0,
      200.0,
      200.0,
      200.0,
      200.0,
      200.0,
      200.0,
      200.0,
      200.0,
      200.0,
      200.0,
      200.0,
      200.0,
      200.0,
      200.0,
      200.0,
      200.0,
      200.0,
      200.0,
      200.0,
      200.0,
      200.0,
      200.0,
      200.0,
      200.0,
      200.0,
      200.0,
      200.0,
      200.0,
      200.0,
      200.0,
      200.0,
      200.0,
      200.0,
      200.0,
      200.0,
      200.0,
      200.0,
      200.0,
      200.0,
      200.0,
      200.0,
      200.0,
      200.0,
      200.0,
      200.0,
      200.0,
      200.0,
      200.0,
      200.0,
      200.0,
      200.0,
      200.0,
      200.0,
      200.0,
      200.0,
      200.0,
      200.0,
      200.0,
      200.0,
      200.0,
      200.0,
      100.0,
      100.0,
      200.0,
      200.0,
      200.0,
      200.0,
      200.0,
      200.0,
      200.0,
      200.0,
      200.0,
      200.0,
      200.0,
      200.0,
      200.0,
      200.0,
      200.0,
      200.0,
      200.0,
      200.0,
      200.0,
      200.0,
      100.0,
      100.0,
      200.0,
      200.0,
      100.0,
      100.0,
      200.0,
      200.0,
      200.0,
      200.0,
      200.0,
      200.0,
      100.0,
      100.0,
      200.0,
      200.0,
      200.0,
      200.0,
      200.0,
      200.0,
      200.0,
      200.0,
      200.0,
      200.0,
      200.0,
      200.0,
      200.0,
      200.0,
      200.0,
      200.0,
      200.0,
      200.0,
      200.0,
      200.0,
      200.0,
      200.0,
      200.0,
      200.0,
      200.0,
      200.0,
      200.0,
      200.0,
      200.0,
      200.0,
      200.0,
      200.0,
      200.0,
      200.0,
      200.0,
      200.0,
      200.0,
      200.0,
      100.0,
      100.0,
      200.0,
      200.0,
      200.0,
      200.0,
      200.0,
      200.0,
      200.0,
      200.0,
      200.0,
      200.0,
      200.0,
      200.0,
      200.0,
      200.0,
      200.0,
      200.0,
      200.0,
      200.0,
      200.0,
      200.0,
      200.0,
      200.0,
      200.0,
      200.0,
      200.0,
      200.0,
      200.0,
      200.0,
      100.0,
      100.0,
      200.0,
      200.0,
      200.0,
      200.0,
      200.0,
      200.0,
      300.0,
      300.0,
      200.0,
      200.0,
      200.0,
      200.0,
      200.0,
      200.0,
      200.0,
      200.0,
      100.0,
      100.0,
      200.0,
      200.0,
      200.0,
      200.0,
      200.0,
      200.0,
      100.0,
      100.0,
      200.0,
      200.0,
      200.0,
      200.0,
      200.0,
      200.0,
      200.0,
      200.0,
      200.0,
      200.0,
      200.0,
      200.0,
      200.0,
      200.0,
      100.0,
      100.0,
      200.0,
      200.0,
      200.0,
      200.0,
      200.0,
      200.0,
      200.0,
      200.0,
      200.0,
      200.0,
      200.0,
      200.0,
      200.0,
      200.0,
      200.0,
      200.0,
      100.0,
      100.0,
      200.0,
      200.0,
      200.0,
      200.0,
      100.0,
      100.0,
      200.0,
      200.0,
      200.0,
      200.0,
      200.0,
      200.0,
      200.0,
      200.0,
      200.0,
      200.0,
      200.0,
      200.0,
      100.0,
      100.0,
      200.0,
      200.0,
      200.0,
      200.0,
      200.0,
      200.0,
      200.0,
      200.0,
      200.0,
      200.0,
      200.0,
      200.0,
      100.0,
      100.0,
      200.0,
      200.0,
      200.0,
      200.0,
      200.0,
      200.0,
      100.0,
      100.0,
      200.0,
      200.0,
      200.0,
      200.0,
      200.0,
      200.0,
      200.0,
      200.0,
      200.0,
      200.0,
      200.0,
      200.0,
      200.0,
      200.0,
      200.0,
      200.0,
      200.0,
      200.0,
      0.0,
      0.0,
      200.0,
      200.0,
      200.0,
      200.0,
      200.0,
      200.0,
      200.0,
      200.0,
      200.0,
      200.0,
      100.0,
      100.0,
      200.0,
      200.0,
      200.0,
      200.0,
      200.0,
      200.0,
      200.0,
      200.0,
      200.0,
      200.0,
      200.0,
      200.0,
      200.0,
      200.0,
      200.0,
      200.0,
      200.0,
      200.0,
      200.0,
      200.0,
      200.0,
      200.0,
      200.0,
      200.0,
      200.0,
      200.0,
      200.0,
      200.0,
      200.0,
      200.0,
      200.0,
      200.0,
      200.0,
      200.0,
      200.0,
      200.0,
      200.0,
      200.0,
      200.0,
      200.0,
      200.0,
      200.0,
      200.0,
      200.0,
      100.0,
      100.0,
      200.0,
      200.0,
      200.0,
      200.0,
      100.0,
      100.0,
      200.0,
      200.0,
      200.0,
      200.0,
      200.0,
      200.0,
      200.0,
      200.0,
      0.0,
      0.0,
      200.0,
      200.0,
      200.0,
      200.0,
      200.0,
      200.0,
      100.0,
      100.0,
      200.0,
      200.0,
      100.0,
      100.0,
      200.0,
      200.0,
      200.0,
      200.0,
      200.0,
      200.0,
      100.0,
      100.0,
      200.0,
      200.0,
      200.0,
      200.0,
      200.0,
      200.0,
      200.0,
      200.0,
      100.0,
      100.0,
      200.0,
      200.0,
      200.0,
      200.0,
      200.0,
      200.0,
      200.0,
      200.0,
      100.0,
      100.0,
      200.0,
      200.0,
      100.0,
      100.0,
      200.0,
      200.0,
      200.0,
      200.0,
      200.0,
      200.0,
      100.0,
      100.0,
      200.0,
      200.0,
      200.0,
      200.0,
      100.0,
      100.0,
      200.0,
      200.0,
      200.0,
      200.0,
      200.0,
      200.0,
      200.0,
      200.0,
      200.0,
      200.0,
      200.0,
      200.0,
      200.0,
      200.0,
      200.0,
      200.0,
      200.0,
      200.0,
      200.0,
      200.0,
      200.0,
      200.0,
      200.0,
      200.0,
      200.0,
      200.0,
      200.0,
      200.0,
      200.0,
      200.0,
      200.0,
      200.0,
      200.0,
      200.0,
      200.0,
      200.0,
      200.0,
      200.0,
      200.0,
      200.0,
      200.0,
      200.0,
      200.0,
      200.0,
      200.0,
      200.0,
      200.0,
      200.0,
      200.0,
      200.0,
      200.0,
      200.0,
      200.0,
      200.0,
      200.0,
      200.0,
      200.0,
      200.0,
      200.0,
      200.0,
      200.0,
      200.0,
      200.0,
      200.0,
      200.0,
      200.0,
      200.0,
      200.0,
      200.0,
      200.0,
      200.0,
      200.0,
      200.0,
      200.0,
      200.0,
      200.0,
      200.0,
      200.0,
      200.0,
      200.0,
      200.0,
      200.0,
      200.0,
      200.0,
      200.0,
      200.0,
      200.0,
      200.0,
      200.0,
      200.0,
      200.0,
      200.0,
      200.0,
      200.0,
      200.0,
      200.0,
      200.0,
      200.0,
      200.0,
      200.0,
      200.0,
      200.0,
      200.0,
      200.0,
      200.0,
      200.0,
      200.0,
      200.0,
      200.0,
      200.0,
      200.0,
      200.0,
      200.0,
      200.0,
      200.0,
      200.0,
      200.0,
      200.0,
      200.0,
      200.0,
      200.0,
      200.0,
      200.0,
      200.0,
      200.0,
      200.0,
      200.0,
      200.0,
      200.0,
      200.0,
      200.0,
      200.0,
      200.0,
      200.0,
      200.0,
      200.0,
      200.0,
      200.0,
      200.0,
      200.0,
      200.0,
      200.0,
      200.0,
      200.0,
      200.0,
      200.0,
      200.0,
      200.0,
      200.0,
      200.0,
      200.0,
      200.0,
      200.0,
      200.0,
      200.0,
      200.0,
      200.0,
      200.0,
      200.0,
      200.0,
      200.0,
      200.0,
      200.0,
      200.0,
      200.0,
      200.0,
      200.0,
      200.0,
      200.0,
      200.0,
      200.0,
      200.0,
      200.0,
      200.0,
      200.0,
      200.0,
      200.0,
      200.0,
      200.0,
      200.0,
      200.0,
      200.0,
      200.0,
      200.0,
      200.0,
      200.0,
      200.0,
      200.0,
      200.0,
      200.0,
      200.0,
      200.0,
      200.0,
      200.0,
      200.0,
      200.0,
      200.0,
      200.0,
      200.0,
      200.0,
      200.0,
      200.0,
      200.0,
      200.0,
      200.0,
      200.0,
      200.0,
      200.0,
      200.0,
      200.0,
      200.0,
      200.0,
      200.0,
      200.0,
      200.0,
      200.0,
      200.0,
      200.0,
      200.0,
      200.0,
      200.0,
      200.0,
      200.0,
      200.0,
      200.0,
      200.0,
      200.0,
      200.0,
      200.0,
      200.0,
      200.0,
      200.0,
      200.0,
      200.0,
      200.0,
      200.0,
      200.0,
      200.0,
      200.0,
      200.0,
      200.0,
      200.0,
      200.0,
      200.0,
      200.0,
      200.0,
      200.0,
      200.0,
      200.0,
      200.0,
      200.0,
      200.0,
      200.0,
      200.0,
      200.0,
      200.0,
      200.0,
      200.0,
      200.0,
      200.0,
      200.0,
      200.0,
      200.0,
      200.0,
      200.0,
      200.0,
      200.0,
      200.0,
      200.0,
      200.0,
      200.0,
      200.0,
      200.0,
      200.0,
      200.0,
      200.0,
      200.0,
      200.0,
      200.0,
      200.0,
      200.0,
      200.0,
      200.0,
      200.0,
      200.0,
      200.0,
      200.0,
      200.0,
      200.0,
      200.0,
      200.0,
      200.0,
      200.0,
      200.0,
      200.0,
      200.0,
      200.0,
      200.0,
      200.0,
      200.0,
      200.0,
      200.0,
      200.0,
      200.0,
      200.0,
      200.0,
      200.0,
      200.0,
      200.0,
      200.0,
      200.0,
      200.0,
      200.0,
      200.0,
      200.0,
      200.0,
      200.0,
      200.0,
      200.0,
      200.0,
      200.0,
      200.0,
      200.0,
      200.0,
      200.0,
      200.0,
      200.0,
      200.0,
      200.0,
      200.0,
      200.0,
      200.0,
      200.0,
      200.0,
      200.0,
      200.0,
      200.0,
      200.0,
      200.0,
      200.0,
      200.0,
      200.0,
      200.0,
      200.0,
      200.0,
      200.0,
      200.0,
      200.0,
      200.0,
      200.0,
      200.0,
      200.0,
      200.0,
      200.0,
      200.0,
      200.0,
      200.0,
      200.0,
      200.0,
      200.0,
      200.0,
      200.0,
      200.0,
      200.0,
      200.0,
      200.0,
      200.0,
      200.0,
      200.0,
      200.0,
      200.0,
      200.0,
      200.0,
      200.0,
      200.0,
      200.0,
      200.0,
      200.0,
      200.0,
      200.0,
      200.0,
      200.0,
      200.0,
      200.0,
      200.0,
      200.0,
      200.0,
      200.0,
      200.0,
      200.0,
      200.0,
      200.0,
      200.0,
      200.0,
      200.0,
      200.0,
      200.0,
      200.0,
      200.0,
      200.0,
      200.0,
      200.0,
      200.0,
      200.0,
      200.0,
      200.0,
      200.0,
      200.0,
      200.0,
      200.0,
      200.0,
      200.0,
      200.0,
      200.0,
      200.0,
      200.0,
      200.0,
      200.0,
      200.0,
      200.0,
      200.0,
      200.0,
      200.0,
      200.0,
      200.0,
      200.0,
      200.0,
      200.0,
      200.0,
      200.0,
      200.0,
      200.0,
      200.0,
      200.0,
      200.0,
      200.0,
      200.0,
      200.0,
      200.0,
      200.0,
      200.0,
      200.0,
      200.0,
      200.0,
      200.0,
      200.0,
      200.0,
      200.0,
      200.0,
      200.0,
      200.0,
      200.0,
      200.0,
      200.0,
      200.0,
      200.0,
      200.0,
      200.0,
      200.0,
      200.0,
      200.0,
      200.0,
      200.0,
      200.0,
      200.0,
      200.0,
      200.0,
      200.0,
      200.0,
      200.0,
      200.0,
      200.0,
      200.0,
      200.0,
      200.0,
      200.0,
      200.0,
      200.0,
      200.0,
      200.0,
      100.0,
      100.0,
      200.0,
      200.0,
      200.0,
      200.0,
      100.0,
      100.0,
      200.0,
      200.0,
      200.0,
      200.0,
      200.0,
      200.0,
      200.0,
      200.0,
      200.0,
      200.0,
      100.0,
      100.0,
      200.0,
      200.0,
      200.0,
      200.0,
      200.0,
      200.0,
      200.0,
      200.0,
      200.0,
      200.0,
      200.0,
      200.0,
      200.0,
      200.0,
      200.0,
      200.0,
      200.0,
      200.0,
      200.0,
      200.0,
      200.0,
      200.0,
      200.0,
      200.0,
      200.0,
      200.0,
      200.0,
      200.0,
      200.0,
      200.0,
      200.0,
      200.0,
      200.0,
      200.0,
      200.0,
      200.0,
      200.0,
      200.0,
      200.0,
      200.0,
      200.0,
      200.0,
      200.0,
      200.0,
      200.0,
      200.0,
      200.0,
      200.0,
      200.0,
      200.0,
      200.0,
      200.0,
      200.0,
      200.0,
      200.0,
      200.0,
      200.0,
      200.0,
      200.0,
      200.0,
      200.0,
      200.0,
      200.0,
      200.0,
      200.0,
      200.0,
      200.0,
      200.0,
      200.0,
      200.0,
      200.0,
      200.0,
      200.0,
      200.0,
      200.0,
      200.0,
      200.0,
      200.0,
      200.0,
      200.0,
      200.0,
      200.0,
      200.0,
      200.0,
      200.0,
      200.0,
      200.0,
      200.0,
      200.0,
      200.0,
      200.0,
      200.0,
      200.0,
      200.0,
      200.0,
      200.0,
      200.0,
      200.0,
      200.0,
      200.0,
      200.0,
      200.0,
      200.0,
      200.0,
      200.0,
      200.0,
      200.0,
      200.0,
      200.0,
      200.0,
      200.0,
      200.0,
      200.0,
      200.0,
      200.0,
      200.0,
      200.0,
      200.0,
      200.0,
      200.0,
      200.0,
      200.0,
      200.0,
      200.0,
      200.0,
      200.0,
      200.0,
      200.0,
      200.0,
      200.0,
      200.0,
      200.0,
      200.0,
      200.0,
      200.0,
      200.0,
      200.0,
      200.0,
      200.0,
      200.0,
      200.0,
      200.0,
      200.0,
      200.0,
      200.0,
      200.0,
      200.0,
      200.0,
      200.0,
      200.0,
      200.0,
      200.0,
      200.0,
      200.0,
      200.0,
      200.0,
      200.0,
      200.0,
      200.0,
      200.0,
      200.0,
      200.0,
      200.0,
      200.0,
      200.0,
      200.0,
      200.0,
      200.0,
      200.0,
      200.0,
      200.0,
      200.0,
      200.0,
      200.0,
      200.0,
      200.0,
      200.0,
      200.0,
      200.0,
      200.0,
      200.0,
      200.0,
      200.0,
      200.0,
      200.0,
      200.0,
      200.0,
      200.0,
      200.0,
      200.0,
      200.0,
      200.0,
      200.0,
      200.0,
      200.0,
      200.0,
      200.0,
      200.0,
      200.0,
      200.0,
      200.0,
      200.0,
      200.0,
      200.0,
      200.0,
      200.0,
      200.0,
      200.0,
      200.0,
      200.0,
      200.0,
      200.0,
      200.0,
      200.0,
      200.0,
      200.0,
      200.0,
      200.0,
      200.0,
      200.0,
      200.0,
      200.0,
      200.0,
      200.0,
      200.0,
      200.0,
      200.0,
      200.0,
      200.0,
      200.0,
      200.0,
      200.0,
      200.0,
      200.0,
      200.0,
      200.0,
      200.0,
      200.0,
      200.0,
      200.0,
      200.0,
      200.0,
      200.0,
      200.0,
      200.0,
      200.0,
      200.0,
      200.0,
      200.0,
      200.0,
      200.0,
      200.0,
      200.0,
      200.0,
      200.0,
      200.0,
      200.0,
      200.0,
      200.0,
      200.0,
      100.0,
      100.0,
      200.0,
      200.0,
      200.0,
      200.0,
      200.0,
      200.0,
      200.0,
      200.0,
      100.0,
      100.0,
      200.0,
      200.0,
      200.0,
      200.0,
      200.0,
      200.0,
      200.0,
      200.0,
      200.0,
      200.0,
      200.0,
      200.0,
      200.0,
      200.0,
      200.0,
      200.0,
      200.0,
      200.0,
      200.0,
      200.0,
      200.0,
      200.0
    ]
  },
  "release_ms": {
    "max": 5448.0,
    "samples": [
      5338.0,
      5344.0,
      5355.0,
      5351.0,
      5359.0,
      5352.0,
      5355.0,
      5359.0,
      5355.0,
      5354.0,
      5339.0,
      5361.0,
      5332.0,
      5352.0,
      5365.0,
      5345.0,
      5379.0,
      5360.0,
      5346.0,
      5345.0,
      5356.0,
      5340.0,
      5344.0,
      5355.0,
      5365.0,
      5357.0,
      5350.0,
      5380.0,
      5363.0,
      5361.0,
      5404.0,
      5350.0,
      5345.0,
      5357.0,
      5344.0,
      5353.0,
      5338.0,
      5348.0,
      5364.0,
      5343.0,
      5378.0,
      5375.0,
      5383.0,
      5387.0,
      5353.0,
      5360.0,
      5356.0,
      5351.0,
      5349.0,
      5356.0,
      5359.0,
      5361.0,
      5410.0,
      5371.0,
      5351.0,
      5346.0,
      5356.0,
      5352.0,
      5343.0,
      5350.0,
      5345.0,
      5335.0,
      5339.0,
      5355.0,
      5355.0,
      5358.0,
      5348.0,
      5352.0,
      5366.0,
      5345.0,
      5396.0,
      5364.0,
      5358.0,
      5350.0,
      5337.0,
      5361.0,
      5358.0,
      5379.0,
      5358.0,
      5361.0,
      5358.0,
      5368.0,
      5343.0,
      5347.0,
      5349.0,
      5347.0,
      5359.0,
      5353.0,
      5357.0,
      5367.0,
      5375.0,
      5367.0,
      5349.0,
      5358.0,
      5348.0,
      5350.0,
      5368.0,
      5341.0,
      5357.0,
      5362.0,
      5370.0,
      5351.0,
      5386.0,
      5357.0,
      5350.0,
      5348.0,
      5354.0,
      5368.0,
      5359.0,
      5356.0,
      5383.0,
      5357.0,
      5357.0,
      5369.0,
      5363.0,
      5351.0,
      5351.0,
      5358.0,
      5375.0,
      5367.0,
      5366.0,
      5370.0,
      5363.0,
      5365.0,
      5341.0,
      5367.0,
      5353.0,
      5368.0,
      5363.0,
      5367.0,
      5381.0,
      5351.0,
      5358.0,
      5367.0,
      5348.0,
      5365.0,
      5348.0,
      5370.0,
      5376.0,
      5365.0,
      5369.0,
      5363.0,
      5376.0,
      5346.0,
      5353.0,
      5356.0,
      5368.0,
      5375.0,
      5358.0,
      5363.0,
      5412.0,
      5357.0,
      5363.0,
      5351.0,
      5346.0,
      5364.0,
      5355.0,
      5358.0,
      5361.0,
      5342.0,
      5385.0,
      5378.0,
      5364.0,
      5349.0,
      5348.0,
      5361.0,
      5379.0,
      5366.0,
      5380.0,
      5347.0,
      5363.0,
      5364.0,
      5350.0,
      5370.0,
      5378.0,
      5348.0,
      5352.0,
      5354.0,
      5351.0,
      5355.0,
      5341.0,
      5360.0,
      5362.0,
      5346.0,
      5337.0,
      5348.0,
      5353.0,
      5356.0,
      5356.0,
      5372.0,
      5381.0,
      5362.0,
      5355.0,
      5355.0,
      5346.0,
      5367.0,
      5381.0,
      5369.0,
      5373.0,
      5424.0,
      5350.0,
      5362.0,
      5356.0,
      5354.0,
      5369.0,
      5359.0,
      5372.0,
      5376.0,
      5354.0,
      5385.0,
      5355.0,
      5363.0,
      5357.0,
      5359.0,
      5363.0,
      5355.0,
      5362.0,
      5364.0,
      5353.0,
      5352.0,
      5343.0,
      5365.0,
      5342.0,
      5351.0,
      5368.0,
      5348.0,
      5345.0,
      5361.0,
      5361.0,
      5349.0,
      5371.0,
      5356.0,
      5360.0,
      5350.0,
      5362.0,
      5401.0,
      5361.0,
      5351.0,
      5354.0,
      5337.0,
      5367.0,
      5365.0,
      5361.0,
      5354.0,
      5354.0,
      5352.0,
      5375.0,
      5361.0,
      5337.0,
      5356.0,
      5362.0,
      5350.0,
      5366.0,
      5341.0,
      5354.0,
      5349.0,
      5346.0,
      5351.0,
      5350.0,
      5351.0,
      5405.0,
      5369.0,
      5363.0,
      5348.0,
      5344.0,
      5346.0,
      5338.0,
      5353.0,
      5383.0,
      5358.0,
      5369.0,
      5345.0,
      5358.0,
      5349.0,
      5354.0,
      5349.0,
      5349.0,
      5361.0,
      5357.0,
      5359.0,
      5368.0,
      5354.0,
      5344.0,
      5365.0,
      5349.0,
      5357.0,
      5378.0,
      5364.0,
      5375.0,
      5373.0,
      5356.0,
      5352.0,
      5359.0,
      5347.0,
      5364.0,
      5358.0,
      5404.0,
      5357.0,
      5346.0,
      5369.0,
      5348.0,
      5347.0,
      5377.0,
      5349.0,
      5360.0,
      5361.0,
      5360.0,
      5352.0,
      5353.0,
      5356.0,
      5355.0,
      5343.0,
      5344.0,
      5391.0,
      5363.0,
      5361.0,
      5354.0,
      5346.0,
      5355.0,
      5361.0,
      5366.0,
      5362.0,
      5366.0,
      5372.0,
      5354.0,
      5347.0,
      5325.0,
      5367.0,
      5353.0,
      5384.0,
      5355.0,
      5357.0,
      5368.0,
      5350.0,
      5364.0,
      5360.0,
      5351.0,
      5362.0,
      5345.0,
      5345.0,
      5376.0,
      5364.0,
      5342.0,
      5342.0,
      5338.0,
      5358.0,
      5353.0,
      5356.0,
      5349.0,
      5354.0,
      5369.0,
      5330.0,
      5360.0,
      5352.0,
      5369.0,
      5362.0,
      5403.0,
      5394.0,
      5433.0,
      5366.0,
      5399.0,
      5387.0,
      5399.0,
      5398.0,
      5399.0,
      5401.0,
      5427.0,
      5408.0,
      5407.0,
      5408.0,
      5399.0,
      5414.0,
      5408.0,
      5404.0,
      5348.0,
      5355.0,
      5354.0,
      5357.0,
      5347.0,
      5351.0,
      5354.0,
      5342.0,
      5355.0,
      5332.0,
      5340.0,
      5367.0,
      5348.0,
      5363.0,
      5353.0,
      5382.0,
      5398.0,
      5357.0,
      5361.0,
      5353.0,
      5336.0,
      5353.0,
      5353.0,
      5345.0,
      5349.0,
      5351.0,
      5344.0,
      5351.0,
      5346.0,
      5348.0,
      5355.0,
      5361.0,
      5351.0,
      5367.0,
      5347.0,
      5378.0,
      5365.0,
      5344.0,
      5354.0,
      5360.0,
      5356.0,
      5375.0,
      5363.0,
      5341.0,
      5358.0,
      5352.0,
      5347.0,
      5359.0,
      5345.0,
      5351.0,
      5350.0,
      5348.0,
      5347.0,
      5356.0,
      5366.0,
      5355.0,
      5376.0,
      5346.0,
      5341.0,
      5351.0,
      5345.0,
      5363.0,
      5341.0,
      5342.0,
      5342.0,
      5366.0,
      5281.0,
      5372.0,
      5368.0,
      5371.0,
      5361.0,
      5358.0,
      5368.0,
      5364.0,
      5349.0,
      5375.0,
      5348.0,
      5359.0,
      5340.0,
      5346.0,
      5355.0,
      5364.0,
      5353.0,
      5359.0,
      5367.0,
      5355.0,
      5358.0,
      5360.0,
      5358.0,
      5355.0,
      5355.0,
      5346.0,
      5345.0,
      5351.0,
      5352.0,
      5354.0,
      5401.0,
      5351.0,
      5361.0,
      5356.0,
      5352.0,
      5348.0,
      5353.0,
      5355.0,
      5370.0,
      5386.0,
      5364.0,
      5373.0,
      5363.0,
      5363.0,
      5368.0,
      5359.0,
      5354.0,
      5354.0,
      5364.0,
      5350.0,
      5357.0,
      5354.0,
      5363.0,
      5369.0,
      5358.0,
      5351.0,
      5361.0,
      5348.0,
      5348.0,
      5349.0,
      5339.0,
      5345.0,
      5358.0,
      5353.0,
      5352.0,
      5361.0,
      5364.0,
      5368.0,
      5362.0,
      5356.0,
      5374.0,
      5345.0,
      5346.0,
      5345.0,
      5344.0,
      5350.0,
      5349.0,
      5359.0,
      5343.0,
      5374.0,
      5422.0,
      5408.0,
      5422.0,
      5341.0,
      5360.0,
      5361.0,
      5374.0,
      5339.0,
      5342.0,
      5343.0,
      5367.0,
      5342.0,
      5359.0,
      5350.0,
      5336.0,
      5359.0,
      5340.0,
      5340.0,
      5354.0,
      5345.0,
      5389.0,
      5343.0,
      5376.0,
      5353.0,
      5352.0,
      5353.0,
      5344.0,
      5341.0,
      5333.0,
      5362.0,
      5394.0,
      5352.0,
      5358.0,
      5348.0,
      5347.0,
      5335.0,
      5355.0,
      5339.0,
      5370.0,
      5360.0,
      5355.0,
      5356.0,
      5367.0,
      5354.0,
      5368.0,
      5358.0,
      5364.0,
      5364.0,
      5359.0,
      5383.0,
      5389.0,
      5352.0,
      5367.0,
      5363.0,
      5363.0,
      5355.0,
      5349.0,
      5355.0,
      5354.0,
      5349.0,
      5375.0,
      5355.0,
      5360.0,
      5365.0,
      5348.0,
      5351.0,
      5370.0,
      5365.0,
      5348.0,
      5360.0,
      5408.0,
      5359.0,
      5361.0,
      5364.0,
      5356.0,
      5343.0,
      5335.0,
      5346.0,
      5348.0,
      5377.0,
      5384.0,
      5396.0,
      5368.0,
      5348.0,
      5370.0,
      5359.0,
      5353.0,
      5383.0,
      5361.0,
      5351.0,
      5362.0,
      5352.0,
      5350.0,
      5357.0,
      5354.0,
      5351.0,
      5364.0,
      5353.0,
      5339.0,
      5366.0,
      5367.0,
      5358.0,
      5362.0,
      5405.0,
      5359.0,
      5379.0,
      5390.0,
      5415.0,
      5400.0,
      5387.0,
      5351.0,
      5360.0,
      5364.0,
      5361.0,
      5355.0,
      5369.0,
      5349.0,
      5373.0,
      5431.0,
      5448.0,
      5354.0,
      5371.0,
      5359.0,
      5371.0,
      5364.0,
      5352.0,
      5353.0,
      5365.0,
      5357.0,
      5375.0,
      5358.0,
      5360.0,
      5359.0,
      5368.0,
      5347.0,
      5348.0,
      5342.0,
      5354.0,
      5354.0,
      5366.0,
      5360.0,
      5341.0,
      5343.0,
      5356.0,
      5370.0,
      5364.0,
      5364.0,
      5364.0,
      5360.0,
      5349.0,
      5381.0,
      5349.0,
      5364.0,
      5342.0,
      5354.0,
      5366.0,
      5349.0,
      5349.0,
      5354.0,
      5364.0,
      5363.0,
      5354.0,
      5352.0,
      5365.0,
      5346.0,
      5366.0,
      5367.0,
      5388.0,
      5347.0,
      5376.0,
      5358.0,
      5361.0,
      5365.0,
      5361.0,
      5360.0,
      5384.0,
      5349.0,
      5360.0,
      5357.0,
      5357.0,
      5374.0,
      5361.0,
      5359.0,
      5356.0,
      5358.0,
      5360.0,
      5357.0,
      5362.0,
      5364.0,
      5365.0,
      5364.0,
      5348.0,
      5347.0,
      5366.0,
      5364.0,
      5358.0,
      5361.0,
      5360.0,
      5397.0,
      5361.0,
      5350.0,
      5366.0,
      5368.0,
      5351.0,
      5350.0,
      5366.0,
      5370.0,
      5362.0,
      5383.0,
      5374.0,
      5354.0,
      5365.0,
      5358.0,
      5351.0,
      5352.0,
      5364.0,
      5352.0,
      5370.0,
      5348.0,
      5399.0,
      5340.0,
      5342.0,
      5360.0,
      5358.0,
      5408.0,
      5351.0,
      5351.0,
      5385.0,
      5357.0,
      5362.0,
      5364.0,
      5356.0,
      5352.0,
      5347.0,
      5357.0,
      5370.0,
      5365.0,
      5376.0,
      5374.0,
      5375.0,
      5355.0,
      5355.0,
      5348.0,
      5358.0,
      5366.0,
      5352.0,
      5377.0,
      5358.0,
      5361.0,
      5350.0,
      5338.0,
      5351.0,
      5348.0,
      5347.0,
      5342.0,
      5354.0,
      5345.0,
      5346.0,
      5344.0,
      5355.0,
      5356.0,
      5343.0,
      5349.0,
      5359.0,
      5348.0,
      5348.0,
      5338.0,
      5364.0,
      5379.0,
      5339.0,
      5356.0,
      5334.0,
      5344.0,
      5344.0,
      5354.0,
      5378.0,
      5369.0,
      5366.0,
      5347.0,
      5339.0,
      5360.0,
      5337.0,
      5337.0,
      5363.0,
      5357.0,
      5397.0,
      5348.0,
      5366.0,
      5352.0,
      5350.0,
      5351.0,
      5362.0,
      5370.0,
      5341.0,
      5353.0,
      5340.0,
      5338.0,
      5334.0,
      5349.0,
      5353.0,
      5354.0,
      5345.0,
      5372.0,
      5359.0,
      5353.0,
      5357.0,
      5380.0,
      5344.0,
      5343.0,
      5362.0,
      5360.0,
      5348.0,
      5359.0,
      5366.0,
      5353.0,
      5349.0,
      5356.0,
      5333.0,
      5336.0,
      5430.0,
      5369.0,
      5381.0,
      5387.0,
      5384.0,
      5393.0,
      5373.0,
      5390.0,
      5384.0,
      5387.0,
      5378.0,
      5372.0,
      5371.0,
      5380.0,
      5371.0,
      5394.0,
      5385.0,
      5398.0,
      5378.0,
      5379.0,
      5390.0,
      5379.0,
      5381.0,
      5382.0,
      5382.0,
      5373.0,
      5375.0,
      5374.0,
      5392.0,
      5385.0,
      5370.0,
      5396.0,
      5365.0,
      5427.0,
      5357.0,
      5386.0,
      5367.0,
      5383.0,
      5375.0,
      5388.0,
      5402.0,
      5382.0,
      5392.0,
      5375.0,
      5396.0,
      5380.0,
      5379.0,
      5375.0,
      5380.0,
      5373.0,
      5387.0,
      5373.0,
      5380.0,
      5378.0,
      5383.0,
      5399.0,
      5375.0,
      5403.0,
      5384.0,
      5397.0,
      5404.0,
      5383.0,
      5372.0,
      5372.0,
      5381.0,
      5374.0,
      5381.0,
      5353.0,
      5372.0,
      5362.0,
      5364.0,
      5397.0,
      5375.0,
      5369.0,
      5374.0,
      5355.0,
      5359.0,
      5387.0,
      5382.0,
      5379.0,
      5366.0,
      5364.0,
      5356.0,
      5352.0,
      5357.0,
      5368.0,
      5353.0,
      5356.0,
      5364.0,
      5343.0,
      5356.0,
      5352.0,
      5340.0,
      5360.0,
      5365.0,
      5371.0,
      5343.0,
      5363.0,
      5348.0,
      5348.0,
      5363.0,
      5344.0,
      5354.0,
      5368.0,
      5377.0,
      5360.0,
      5366.0,
      5335.0,
      5360.0,
      5361.0,
      5365.0,
      5411.0,
      5343.0,
      5346.0,
      5357.0,
      5350.0,
      5357.0,
      5359.0,
      5349.0,
      5358.0,
      5344.0
    ]
  },
  "rss_slope_mb_per_hour": {
    "pe1": 0.005582777447125725,
    "pe2": 0.00762562105161957,
    "vtep": 0.016071120562437244
  },
  "rss_peak_mb": {
    "pe1": 36.219,
    "pe2": 36.473,
    "vtep": 35.617
  },
  "slope_window": "post_300s",
  "slope_enforced": true,
  "gates": [
    {
      "name": "no_harness_failures",
      "pass": true,
      "detail": "latest failures=0"
    },
    {
      "name": "minimum_cycles",
      "pass": true,
      "detail": "observed 960 cycle(s), required 1"
    },
    {
      "name": "sessions_stayed_established",
      "pass": false,
      "detail": "all sampled vtep neighbor states remained Established"
    },
    {
      "name": "restart_counts_flat",
      "pass": true,
      "detail": "docker restart counters did not change"
    },
    {
      "name": "drained_and_recovered_phases_observed",
      "pass": true,
      "detail": "phases=['bootstrap', 'drained', 'idle', 'recovered']"
    },
    {
      "name": "link_drain_toggled",
      "pass": true,
      "detail": "pe1 link-drain gauge observed both 1 and 0"
    },
    {
      "name": "pe2_promoted_and_demoted",
      "pass": true,
      "detail": "pe2 DF role transitioned during drain and recovered after"
    },
    {
      "name": "operator_reason_never_set",
      "pass": true,
      "detail": "link churn did not accidentally hold the operator drain reason"
    },
    {
      "name": "blackout_measured",
      "pass": true,
      "detail": "0 unmeasured blackout sample(s) of 1920 (a -1 sentinel means the prober produced <2 replies, so the blackout could not be measured)"
    },
    {
      "name": "blackout_bounded",
      "pass": true,
      "detail": "max blackout=300.0ms cap=30000ms"
    },
    {
      "name": "release_bounded",
      "pass": true,
      "detail": "max release=5448.0ms cap=30000ms"
    },
    {
      "name": "pe1_rss_slope",
      "pass": true,
      "detail": "0.006 MB/h vs cap 1.5 (post_300s)"
    },
    {
      "name": "pe2_rss_slope",
      "pass": true,
      "detail": "0.008 MB/h vs cap 1.5 (post_300s)"
    },
    {
      "name": "vtep_rss_slope",
      "pass": true,
      "detail": "0.016 MB/h vs cap 1.5 (post_300s)"
    },
    {
      "name": "pe1_rss_peak",
      "pass": true,
      "detail": "36.2 MB vs cap 512.0"
    },
    {
      "name": "pe2_rss_peak",
      "pass": true,
      "detail": "36.5 MB vs cap 512.0"
    },
    {
      "name": "vtep_rss_peak",
      "pass": true,
      "detail": "35.6 MB vs cap 512.0"
    }
  ],
  "verdict": "fail"
}
[2026-06-29T14:19:47Z] FAIL: analyzer verdict failed
[2026-06-29T14:19:47Z] Run artifacts: <home>/.local/state/rustbgpd-soak/m67-confirm-run
[2026-06-29T14:19:47Z] FAIL: M67 link-drain churn soak completed 960 cycles with 1 failure(s)
