timestamp,elapsed_sec,rss_mb,intern_size,established,flaps_total,msgs_sent_total,max_prefix_exceeded_total,readyz_code,readyz_ms
2026-09-13T23:18:24Z,0,469.2,1000,1000,0,1071534,0,200,6.9
2026-09-13T23:18:54Z,30,522.2,1000,1000,0,2951916,0,200,0.6
2026-09-13T23:19:25Z,60,496.4,1000,1000,0,5890108,0,200,0.5
2026-09-13T23:19:54Z,90,513.9,1000,1000,0,7775281,0,200,1.8
2026-09-13T23:20:24Z,120,512.7,1000,1000,0,9655340,0,200,0.6
2026-09-13T23:20:55Z,150,519.4,1000,1000,0,11602227,0,200,0.7
2026-09-13T23:21:24Z,180,494.0,1000,1000,0,13484508,0,200,0.8
2026-09-13T23:21:54Z,210,512.2,1000,1000,0,15358161,0,200,1.3
2026-09-13T23:22:24Z,240,546.2,1000,1000,0,17246166,0,200,0.6
2026-09-13T23:22:54Z,270,497.2,1000,1000,0,19189481,0,200,1.1
2026-09-13T23:23:24Z,300,509.2,1000,1000,0,21071365,0,200,1.1
2026-09-13T23:23:54Z,330,534.6,1000,1000,0,22950035,0,200,0.6
2026-09-13T23:24:24Z,360,500.3,1000,1000,0,24893091,0,200,0.5
2026-09-13T23:24:54Z,390,530.4,1000,1000,0,26778412,0,200,5.8
2026-09-13T23:25:24Z,420,514.7,1000,1000,0,28657324,0,200,0.5
2026-09-13T23:25:55Z,450,551.0,1000,1000,0,30600379,0,200,0.6
2026-09-13T23:26:24Z,480,529.5,1000,1000,0,32486492,0,200,1.9
2026-09-13T23:26:54Z,510,559.7,1000,1000,0,34364612,0,200,6.1
2026-09-13T23:27:25Z,540,529.8,1000,1000,0,36315660,0,200,1.0
2026-09-13T23:27:54Z,570,536.4,1000,1000,0,38193780,0,200,0.9
2026-09-13T23:28:24Z,600,530.4,1000,1000,0,40072900,0,200,0.5
2026-09-13T23:28:55Z,630,516.9,1000,1000,0,42022207,0,200,1.3
2026-09-13T23:29:24Z,660,533.4,1000,1000,0,43902068,0,200,0.5
2026-09-13T23:29:54Z,690,525.8,1000,1000,0,45775357,0,200,19.1
2026-09-13T23:30:25Z,720,498.3,1000,1000,0,47723244,0,200,0.6
2026-09-13T23:30:54Z,750,504.9,1000,1000,0,49604684,0,200,0.6
2026-09-13T23:31:24Z,780,548.6,1000,1000,0,51480484,0,200,2.3
2026-09-13T23:31:55Z,810,544.9,1000,1000,0,53426216,0,200,0.7
2026-09-13T23:32:24Z,840,502.5,1000,1000,0,55301660,0,200,0.9
2026-09-13T23:32:54Z,870,510.1,1000,1000,0,57182116,0,200,148.3
2026-09-13T23:33:25Z,900,490.6,1000,1000,0,59138820,0,200,3.1
2026-09-13T23:33:54Z,930,532.3,1000,1000,0,61016940,0,200,2.1
2026-09-13T23:34:24Z,960,533.3,1000,1000,0,62896060,0,200,0.6
2026-09-13T23:34:54Z,990,522.0,1000,1000,0,64774180,0,200,0.4
2026-09-13T23:35:24Z,1020,509.3,1000,1000,0,66720818,0,200,0.6
2026-09-13T23:35:54Z,1050,546.0,1000,1000,0,68603348,0,200,3.1
2026-09-13T23:36:24Z,1080,505.3,1000,1000,0,70482468,0,200,0.7
2026-09-13T23:36:54Z,1110,506.2,1000,1000,0,72424524,0,200,0.5
2026-09-13T23:37:24Z,1140,550.3,1000,1000,0,74303975,0,200,1.3
2026-09-13T23:37:54Z,1170,531.0,1000,1000,0,76189756,0,200,0.7
2026-09-13T23:38:24Z,1200,546.2,1000,1000,0,78132812,0,200,0.6
2026-09-13T23:38:54Z,1230,534.5,1000,1000,0,80010932,0,200,0.5
2026-09-13T23:39:24Z,1260,517.1,1000,1000,0,81890052,0,200,0.7
2026-09-13T23:39:54Z,1290,527.1,1000,1000,0,83832108,0,200,0.5
2026-09-13T23:40:24Z,1320,519.0,1000,1000,0,85711507,0,200,2.5
2026-09-13T23:40:54Z,1350,536.9,1000,1000,0,87589348,0,200,0.5
2026-09-13T23:41:24Z,1380,535.7,1000,1000,0,89538048,0,200,0.7
2026-09-13T23:41:54Z,1410,528.0,1000,1000,0,91418516,0,200,1.8
2026-09-13T23:42:24Z,1440,513.5,1000,1000,0,93297636,0,200,0.6
2026-09-13T23:42:54Z,1470,515.9,1000,1000,0,95239692,0,200,0.5
2026-09-13T23:43:24Z,1500,514.5,1000,1000,0,97119161,0,200,1.0
2026-09-13T23:43:54Z,1530,488.2,1000,1000,0,98996932,0,200,0.5
2026-09-13T23:44:24Z,1560,518.7,1000,1000,0,100939988,0,200,0.5
2026-09-13T23:44:54Z,1590,527.8,1000,1000,0,102818108,0,200,0.5
2026-09-13T23:45:25Z,1620,526.9,1000,1000,0,104761164,0,200,0.6
2026-09-13T23:45:54Z,1650,536.3,1000,1000,0,106646668,0,200,1.2
2026-09-13T23:46:24Z,1680,505.8,1000,1000,0,108520522,0,200,0.7
2026-09-13T23:46:54Z,1710,498.6,1000,1000,0,110404516,0,200,1.6
2026-09-13T23:47:24Z,1740,528.6,1000,1000,0,112347572,0,200,1.2
2026-09-13T23:47:54Z,1770,536.4,1000,1000,0,114233684,0,200,1.7
2026-09-13T23:48:24Z,1800,529.7,1000,1000,0,116112804,0,200,0.4
2026-09-13T23:48:54Z,1830,507.7,1000,1000,0,118054860,0,200,0.8
2026-09-13T23:49:24Z,1860,533.3,1000,1000,0,120870043,0,200,3.8
2026-09-13T23:49:54Z,1890,504.7,1000,1000,0,122749231,0,200,1.3
2026-09-13T23:50:24Z,1920,510.5,1000,1000,0,124691219,0,200,0.4
2026-09-13T23:50:54Z,1950,505.8,1000,1000,0,126576332,0,200,0.9
2026-09-13T23:51:24Z,1980,529.7,1000,1000,0,128456451,0,200,13.5
2026-09-13T23:51:55Z,2010,556.3,1000,1000,0,130398507,0,200,0.5
2026-09-13T23:52:24Z,2040,524.8,1000,1000,0,132284620,0,200,0.7
2026-09-13T23:52:54Z,2070,561.0,1000,1000,0,134160855,0,200,61.5
2026-09-13T23:53:25Z,2100,526.3,1000,1000,0,136113788,0,200,0.5
2026-09-13T23:53:54Z,2130,530.5,1000,1000,0,137997118,0,200,0.5
2026-09-13T23:54:24Z,2160,545.9,1000,1000,0,139873098,0,200,1.6
2026-09-13T23:54:54Z,2190,534.4,1000,1000,0,141757140,0,200,0.8
2026-09-13T23:55:24Z,2220,520.6,1000,1000,0,143707319,0,200,2.6
2026-09-13T23:55:54Z,2250,544.5,1000,1000,0,145586308,0,200,0.6
2026-09-13T23:56:24Z,2280,524.4,1000,1000,0,147466427,0,200,3.1
2026-09-13T23:56:54Z,2310,500.5,1000,1000,0,149414488,0,200,2.4
2026-09-13T23:57:24Z,2340,498.8,1000,1000,0,151295595,0,200,0.4
2026-09-13T23:57:54Z,2370,524.1,1000,1000,0,153172716,0,200,16.1
2026-09-13T23:58:24Z,2400,553.0,1000,1000,0,155115772,0,200,0.4
2026-09-13T23:58:54Z,2430,561.6,1000,1000,0,157001884,0,200,3.1
2026-09-13T23:59:24Z,2460,529.9,1000,1000,0,158882003,0,200,2.8
2026-09-13T23:59:55Z,2490,518.5,1000,1000,0,160823060,0,200,0.5
2026-09-14T00:00:24Z,2520,532.5,1000,1000,0,162706955,0,200,0.6
2026-09-14T00:00:54Z,2550,540.0,1000,1000,0,164583031,0,200,94.5
2026-09-14T00:01:25Z,2580,472.0,1000,1000,0,166532347,0,200,0.9
2026-09-14T00:01:54Z,2610,517.7,1000,1000,0,168410467,0,200,0.6
2026-09-14T00:02:24Z,2640,511.2,1000,1000,0,170283793,0,200,39.0
2026-09-14T00:02:55Z,2671,553.1,1000,1000,0,172239635,0,200,0.7
2026-09-14T00:03:25Z,2701,533.3,1000,1000,0,174182691,0,200,0.5
2026-09-14T00:03:55Z,2731,543.7,1000,1000,0,176064215,0,200,0.8
2026-09-14T00:04:25Z,2761,545.2,1000,1000,0,177947389,0,200,0.7
2026-09-14T00:04:55Z,2791,522.4,1000,1000,0,179889979,0,200,0.5
2026-09-14T00:05:25Z,2821,508.3,1000,1000,0,181769410,0,200,1.0
2026-09-14T00:05:55Z,2851,551.4,1000,1000,0,183650069,0,200,1.6
2026-09-14T00:06:26Z,2881,480.4,1000,1000,0,185611348,0,200,1.1
2026-09-14T00:06:55Z,2911,530.9,1000,1000,0,187491446,0,200,0.8
2026-09-14T00:07:25Z,2941,531.9,1000,1000,0,189370492,0,200,3.0
2026-09-14T00:07:56Z,2971,520.8,1000,1000,0,191313547,0,200,0.7
2026-09-14T00:08:25Z,3001,563.7,1000,1000,0,193199660,0,200,0.7
2026-09-14T00:08:55Z,3031,554.8,1000,1000,0,195082640,0,200,0.5
2026-09-14T00:09:25Z,3061,536.1,1000,1000,0,196964888,0,200,0.7
2026-09-14T00:09:55Z,3091,528.8,1000,1000,0,198906948,0,200,0.5
2026-09-14T00:10:25Z,3121,499.7,1000,1000,0,200791807,0,200,0.7
2026-09-14T00:10:55Z,3151,528.6,1000,1000,0,202670762,0,200,1.3
2026-09-14T00:11:26Z,3181,513.2,1000,1000,0,204615236,0,200,0.7
2026-09-14T00:11:55Z,3211,523.5,1000,1000,0,206494355,0,200,1.4
2026-09-14T00:12:25Z,3241,501.2,1000,1000,0,208373475,0,200,0.5
2026-09-14T00:12:56Z,3271,517.5,1000,1000,0,210322549,0,200,2.4
2026-09-14T00:13:25Z,3301,523.8,1000,1000,0,212201644,0,200,0.5
2026-09-14T00:13:55Z,3331,531.3,1000,1000,0,214080763,0,200,1.1
2026-09-14T00:14:26Z,3361,497.8,1000,1000,0,216027060,0,200,0.7
2026-09-14T00:14:55Z,3391,484.1,1000,1000,0,217906570,0,200,0.6
2026-09-14T00:15:25Z,3421,540.3,1000,1000,0,219785324,0,200,74.9
2026-09-14T00:15:55Z,3451,524.6,1000,1000,0,221674164,0,200,0.5
2026-09-14T00:16:25Z,3481,507.8,1000,1000,0,223621875,0,200,0.6
2026-09-14T00:16:55Z,3511,504.5,1000,1000,0,225503332,0,200,0.5
2026-09-14T00:17:25Z,3541,536.5,1000,1000,0,227383451,0,200,0.8
2026-09-14T00:17:56Z,3571,477.8,1000,1000,0,229332500,0,200,0.6
2026-09-14T00:18:25Z,3601,541.1,1000,1000,0,231212619,0,200,0.6
2026-09-14T00:18:55Z,3631,524.9,1000,1000,0,233097676,0,200,1.6
2026-09-14T00:19:26Z,3661,549.9,1000,1000,0,236019284,0,200,2.4
2026-09-14T00:19:55Z,3691,516.8,1000,1000,0,237930895,0,200,2.5
2026-09-14T00:20:25Z,3721,550.8,1000,1000,0,239810015,0,200,0.4
2026-09-14T00:20:55Z,3751,538.9,1000,1000,0,241696257,0,200,0.7
2026-09-14T00:21:26Z,3781,556.1,1000,1000,0,243640182,0,200,0.5
2026-09-14T00:21:55Z,3811,534.8,1000,1000,0,245521309,0,200,0.6
2026-09-14T00:22:25Z,3841,539.4,1000,1000,0,247405247,0,200,2.8
2026-09-14T00:22:56Z,3871,514.4,1000,1000,0,249347470,0,200,0.7
2026-09-14T00:23:25Z,3901,541.5,1000,1000,0,251226590,0,200,0.5
2026-09-14T00:23:55Z,3931,529.0,1000,1000,0,253101098,0,200,64.2
2026-09-14T00:24:26Z,3961,542.5,1000,1000,0,255055758,0,200,1.3
2026-09-14T00:24:55Z,3991,540.5,1000,1000,0,256933878,0,200,0.6
2026-09-14T00:25:25Z,4021,540.8,1000,1000,0,258812998,0,200,0.4
2026-09-14T00:25:56Z,4051,535.2,1000,1000,0,260755054,0,200,0.5
2026-09-14T00:26:25Z,4081,511.0,1000,1000,0,262641006,0,200,0.6
2026-09-14T00:26:55Z,4111,514.9,1000,1000,0,264513264,0,200,1.1
2026-09-14T00:27:26Z,4142,504.8,1000,1000,0,266463342,0,200,0.4
2026-09-14T00:27:56Z,4172,521.5,1000,1000,0,268405398,0,200,0.7
2026-09-14T00:28:26Z,4202,534.6,1000,1000,0,270284518,0,200,0.6
2026-09-14T00:28:57Z,4232,537.0,1000,1000,0,272226574,0,200,0.7
2026-09-14T00:29:26Z,4262,543.2,1000,1000,0,274105694,0,200,0.4
2026-09-14T00:29:56Z,4292,540.6,1000,1000,0,275980528,0,200,23.7
2026-09-14T00:30:27Z,4322,514.4,1000,1000,0,277934396,0,200,0.6
2026-09-14T00:30:56Z,4352,571.6,1000,1000,0,279812982,0,200,2.3
2026-09-14T00:31:26Z,4382,520.2,1000,1000,0,281692102,0,200,0.7
2026-09-14T00:31:57Z,4412,539.6,1000,1000,0,283634158,0,200,0.8
2026-09-14T00:32:26Z,4442,537.1,1000,1000,0,285513278,0,200,0.8
2026-09-14T00:32:56Z,4472,525.7,1000,1000,0,287394316,0,200,0.5
2026-09-14T00:33:26Z,4502,513.6,1000,1000,0,289281981,0,200,0.7
2026-09-14T00:33:56Z,4532,493.1,1000,1000,0,291220566,0,200,0.6
2026-09-14T00:34:26Z,4562,545.0,1000,1000,0,293099686,0,200,0.7
2026-09-14T00:34:57Z,4592,486.8,1000,1000,0,295041742,0,200,0.5
2026-09-14T00:35:26Z,4622,504.2,1000,1000,0,296920862,0,200,0.7
2026-09-14T00:35:56Z,4652,537.1,1000,1000,0,298798982,0,200,1.2
2026-09-14T00:36:27Z,4682,526.0,1000,1000,0,300747576,0,200,0.6
2026-09-14T00:36:56Z,4712,536.4,1000,1000,0,302628150,0,200,0.6
2026-09-14T00:37:26Z,4742,539.0,1000,1000,0,304507270,0,200,0.7
2026-09-14T00:37:57Z,4773,528.4,1000,1000,0,306449326,0,200,0.6
2026-09-14T00:38:27Z,4803,514.1,1000,1000,0,308392382,0,200,0.7
2026-09-14T00:38:57Z,4833,528.2,1000,1000,0,310270502,0,200,2.4
2026-09-14T00:39:27Z,4863,534.7,1000,1000,0,312165606,0,200,1.1
2026-09-14T00:39:58Z,4893,539.1,1000,1000,0,314111764,0,200,0.5
2026-09-14T00:40:27Z,4923,527.6,1000,1000,0,315986782,0,200,0.7
2026-09-14T00:40:57Z,4953,544.5,1000,1000,0,317869579,0,200,104.3
2026-09-14T00:41:28Z,4983,503.1,1000,1000,0,319815950,0,200,0.7
2026-09-14T00:41:57Z,5013,553.3,1000,1000,0,321694070,0,200,0.6
2026-09-14T00:42:27Z,5043,557.6,1000,1000,0,323573190,0,200,0.7
2026-09-14T00:42:58Z,5073,523.5,1000,1000,0,325520790,0,200,2.0
2026-09-14T00:43:27Z,5103,549.9,1000,1000,0,327400027,0,200,1.4
2026-09-14T00:43:57Z,5133,551.1,1000,1000,0,329280266,0,200,2.7
2026-09-14T00:44:28Z,5163,523.0,1000,1000,0,331223534,0,200,1.0
2026-09-14T00:44:57Z,5193,544.6,1000,1000,0,333101654,0,200,0.7
2026-09-14T00:45:27Z,5223,512.6,1000,1000,0,334985751,0,200,1.0
2026-09-14T00:45:58Z,5254,542.7,1000,1000,0,336930822,0,200,0.5
2026-09-14T00:46:28Z,5284,537.4,1000,1000,0,338873878,0,200,1.0
2026-09-14T00:46:58Z,5314,508.8,1000,1000,0,340751998,0,200,0.8
2026-09-14T00:47:29Z,5345,501.1,1000,1000,0,342699627,0,200,0.5
2026-09-14T00:47:59Z,5375,523.5,1000,1000,0,344645102,0,200,3.7
2026-09-14T00:48:29Z,5405,560.2,1000,1000,0,346524222,0,200,0.7
2026-09-14T00:48:59Z,5435,529.4,1000,1000,0,348418051,0,200,1.2
2026-09-14T00:49:29Z,5465,631.9,1000,1000,0,350305438,0,200,0.6
2026-09-14T00:50:00Z,5495,541.6,1000,1000,0,353229291,0,200,0.9
2026-09-14T00:50:29Z,5525,516.5,1000,1000,0,355110629,0,200,1.6
2026-09-14T00:50:59Z,5555,557.3,1000,1000,0,356986161,0,200,69.5
2026-09-14T00:51:30Z,5585,531.3,1000,1000,0,358942794,0,200,0.6
2026-09-14T00:51:59Z,5615,540.0,1000,1000,0,360820914,0,200,0.6
2026-09-14T00:52:29Z,5645,508.6,1000,1000,0,362706028,0,200,1.8
2026-09-14T00:52:59Z,5675,491.4,1000,1000,0,364586146,0,200,0.9
2026-09-14T00:53:29Z,5705,517.4,1000,1000,0,366529202,0,200,0.6
2026-09-14T00:53:59Z,5735,531.8,1000,1000,0,368408215,0,200,0.6
2026-09-14T00:54:29Z,5765,482.0,1000,1000,0,370294434,0,200,0.8
2026-09-14T00:54:59Z,5795,493.8,1000,1000,0,372236490,0,200,0.5
2026-09-14T00:55:29Z,5825,539.8,1000,1000,0,374123602,0,200,1.5
2026-09-14T00:55:59Z,5855,522.5,1000,1000,0,376001722,0,200,1.4
2026-09-14T00:56:30Z,5885,527.1,1000,1000,0,377948476,0,200,0.7
2026-09-14T00:56:59Z,5915,508.9,1000,1000,0,379830890,0,200,0.8
2026-09-14T00:57:29Z,5945,519.9,1000,1000,0,381705645,0,200,25.8
2026-09-14T00:58:00Z,5975,528.9,1000,1000,0,383660058,0,200,0.6
2026-09-14T00:58:29Z,6005,535.8,1000,1000,0,385539178,0,200,0.5
2026-09-14T00:58:59Z,6035,533.9,1000,1000,0,387412890,0,200,25.5
2026-09-14T00:59:30Z,6065,536.8,1000,1000,0,389360354,0,200,0.6
2026-09-14T00:59:59Z,6095,537.8,1000,1000,0,391238474,0,200,0.5
2026-09-14T01:00:29Z,6125,539.9,1000,1000,0,393115509,0,200,25.9
2026-09-14T01:01:00Z,6155,541.0,1000,1000,0,395067642,0,200,0.6
2026-09-14T01:01:29Z,6185,546.4,1000,1000,0,396946762,0,200,0.7
2026-09-14T01:01:59Z,6215,555.7,1000,1000,0,398824882,0,200,0.6
2026-09-14T01:02:30Z,6245,518.8,1000,1000,0,400767938,0,200,0.9
2026-09-14T01:02:59Z,6275,532.7,1000,1000,0,402649519,0,200,0.7
2026-09-14T01:03:29Z,6305,531.2,1000,1000,0,404531812,0,200,3.0
2026-09-14T01:04:00Z,6335,549.0,1000,1000,0,406475226,0,200,0.6
2026-09-14T01:04:29Z,6365,555.6,1000,1000,0,408354346,0,200,0.7
2026-09-14T01:04:59Z,6395,526.4,1000,1000,0,410226853,0,200,73.1
2026-09-14T01:05:30Z,6425,498.2,1000,1000,0,412183514,0,200,0.7
2026-09-14T01:05:59Z,6455,524.0,1000,1000,0,414061634,0,200,0.4
2026-09-14T01:06:29Z,6485,502.8,1000,1000,0,415939713,0,200,0.7
2026-09-14T01:07:00Z,6515,527.0,1000,1000,0,417889640,0,200,1.6
2026-09-14T01:07:29Z,6545,532.5,1000,1000,0,419769922,0,200,0.8
2026-09-14T01:07:59Z,6575,562.3,1000,1000,0,421640092,0,200,0.7
2026-09-14T01:08:29Z,6605,537.7,1000,1000,0,423529912,0,200,0.8
2026-09-14T01:08:59Z,6635,548.2,1000,1000,0,425477210,0,200,1.8
2026-09-14T01:09:29Z,6665,506.1,1000,1000,0,427356330,0,200,0.6
2026-09-14T01:09:59Z,6695,541.3,1000,1000,0,429234450,0,200,0.4
2026-09-14T01:10:30Z,6725,538.2,1000,1000,0,431179093,0,200,1.8
2026-09-14T01:10:59Z,6755,545.8,1000,1000,0,433079602,0,200,1.1
2026-09-14T01:11:29Z,6785,521.1,1000,1000,0,434954616,0,200,0.9
2026-09-14T01:11:59Z,6815,505.1,1000,1000,0,436836842,0,200,0.6
2026-09-14T01:12:29Z,6845,559.3,1000,1000,0,438787153,0,200,1.1
2026-09-14T01:12:59Z,6875,512.3,1000,1000,0,440666010,0,200,1.1
2026-09-14T01:13:29Z,6905,522.0,1000,1000,0,442545130,0,200,0.6
2026-09-14T01:13:59Z,6935,545.1,1000,1000,0,444491730,0,200,0.9
2026-09-14T01:14:29Z,6965,515.8,1000,1000,0,446371433,0,200,0.7
2026-09-14T01:14:59Z,6995,543.5,1000,1000,0,448252418,0,200,1.0
2026-09-14T01:15:29Z,7025,531.8,1000,1000,0,450195474,0,200,0.7
2026-09-14T01:15:59Z,7055,537.6,1000,1000,0,452073594,0,200,0.5
2026-09-14T01:16:29Z,7085,501.2,1000,1000,0,453952714,0,200,0.4
2026-09-14T01:16:59Z,7115,495.1,1000,1000,0,455894770,0,200,0.6
2026-09-14T01:17:29Z,7145,542.0,1000,1000,0,457773890,0,200,0.7
2026-09-14T01:17:59Z,7175,545.3,1000,1000,0,459658004,0,200,1.8
2026-09-14T01:18:29Z,7205,509.4,1000,1000,0,461603058,0,200,1.6
2026-09-14T01:18:59Z,7235,521.5,1000,1000,0,463481249,0,200,0.9
2026-09-14T01:19:29Z,7265,520.8,1000,1000,0,465361570,0,200,0.4
2026-09-14T01:19:59Z,7295,529.8,1000,1000,0,468222433,0,200,1.4
2026-09-14T01:20:29Z,7325,523.4,1000,1000,0,470166488,0,200,0.4
2026-09-14T01:20:59Z,7355,540.9,1000,1000,0,472044645,0,200,0.4
2026-09-14T01:21:30Z,7386,534.0,1000,1000,0,473987664,0,200,1.0
2026-09-14T01:22:00Z,7416,512.5,1000,1000,0,475935347,0,200,0.9
2026-09-14T01:22:30Z,7446,540.3,1000,1000,0,477816948,0,200,4.1
2026-09-14T01:23:00Z,7476,527.6,1000,1000,0,479694952,0,200,0.6
2026-09-14T01:23:30Z,7506,547.9,1000,1000,0,481645001,0,200,0.6
2026-09-14T01:24:00Z,7536,547.3,1000,1000,0,483523121,0,200,0.7
2026-09-14T01:24:30Z,7566,527.1,1000,1000,0,485402241,0,200,0.9
2026-09-14T01:25:00Z,7596,525.8,1000,1000,0,487344297,0,200,0.5
2026-09-14T01:25:30Z,7626,524.6,1000,1000,0,489224416,0,200,0.7
2026-09-14T01:26:00Z,7656,529.4,1000,1000,0,491108632,0,200,0.6
2026-09-14T01:26:31Z,7686,506.5,1000,1000,0,493053584,0,200,3.3
2026-09-14T01:27:00Z,7716,530.8,1000,1000,0,494931704,0,200,0.4
2026-09-14T01:27:30Z,7746,527.1,1000,1000,0,496813734,0,200,0.6
2026-09-14T01:28:01Z,7776,534.6,1000,1000,0,498768864,0,200,0.6
2026-09-14T01:28:30Z,7806,541.2,1000,1000,0,500654816,0,200,1.0
2026-09-14T01:29:00Z,7836,524.8,1000,1000,0,502533365,0,200,3.1
2026-09-14T01:29:30Z,7866,551.1,1000,1000,0,504413216,0,200,0.7
2026-09-14T01:30:00Z,7896,556.9,1000,1000,0,506363264,0,200,0.8
2026-09-14T01:30:30Z,7926,525.9,1000,1000,0,508242384,0,200,0.8
2026-09-14T01:31:00Z,7956,500.5,1000,1000,0,510120504,0,200,0.5
2026-09-14T01:31:30Z,7986,518.5,1000,1000,0,512071552,0,200,0.9
2026-09-14T01:32:00Z,8016,541.3,1000,1000,0,513949672,0,200,0.8
2026-09-14T01:32:30Z,8046,542.9,1000,1000,0,515833063,0,200,139.5
2026-09-14T01:33:01Z,8076,521.1,1000,1000,0,517786832,0,200,1.0
2026-09-14T01:33:31Z,8106,537.3,1000,1000,0,519656480,0,200,2.8
2026-09-14T01:34:00Z,8136,533.6,1000,1000,0,521568048,0,200,0.5
2026-09-14T01:34:30Z,8166,535.6,1000,1000,0,523447168,0,200,0.5
2026-09-14T01:35:01Z,8196,514.6,1000,1000,0,525389224,0,200,0.5
2026-09-14T01:35:30Z,8226,501.5,1000,1000,0,527275230,0,200,1.7
2026-09-14T01:36:00Z,8256,515.3,1000,1000,0,529153582,0,200,1.0
2026-09-14T01:36:30Z,8286,496.2,1000,1000,0,531033576,0,200,0.7
2026-09-14T01:37:00Z,8316,538.8,1000,1000,0,532975632,0,200,0.6
2026-09-14T01:37:30Z,8346,530.1,1000,1000,0,534859515,0,200,0.4
2026-09-14T01:38:00Z,8376,533.1,1000,1000,0,536739508,0,200,0.6
2026-09-14T01:38:30Z,8406,522.4,1000,1000,0,538683920,0,200,0.8
2026-09-14T01:39:00Z,8436,516.0,1000,1000,0,540562040,0,200,0.7
2026-09-14T01:39:30Z,8466,537.3,1000,1000,0,542441160,0,200,0.5
2026-09-14T01:40:00Z,8496,513.2,1000,1000,0,544383216,0,200,0.7
2026-09-14T01:40:30Z,8526,532.1,1000,1000,0,546256910,0,200,0.8
2026-09-14T01:41:00Z,8556,515.9,1000,1000,0,548144864,0,200,0.6
2026-09-14T01:41:30Z,8586,485.2,1000,1000,0,550091504,0,200,0.9
2026-09-14T01:42:00Z,8616,506.4,1000,1000,0,551969624,0,200,0.6
2026-09-14T01:42:30Z,8646,525.1,1000,1000,0,553848744,0,200,0.7
2026-09-14T01:43:00Z,8676,551.4,1000,1000,0,555790800,0,200,0.6
2026-09-14T01:43:30Z,8706,518.5,1000,1000,0,557670541,0,200,1.9
2026-09-14T01:44:00Z,8736,495.7,1000,1000,0,559548040,0,200,0.6
2026-09-14T01:44:30Z,8766,529.0,1000,1000,0,561499088,0,200,0.7
2026-09-14T01:45:00Z,8796,542.0,1000,1000,0,563377208,0,200,0.6
2026-09-14T01:45:30Z,8826,538.0,1000,1000,0,565259737,0,200,0.8
2026-09-14T01:46:00Z,8856,556.4,1000,1000,0,567198384,0,200,0.5
2026-09-14T01:46:30Z,8886,560.3,1000,1000,0,569085496,0,200,1.9
2026-09-14T01:47:00Z,8916,506.5,1000,1000,0,570963616,0,200,3.3
2026-09-14T01:47:31Z,8946,521.4,1000,1000,0,572906672,0,200,0.5
2026-09-14T01:48:00Z,8976,508.4,1000,1000,0,574792585,0,200,2.1
2026-09-14T01:48:30Z,9006,527.7,1000,1000,0,576669455,0,200,38.9
2026-09-14T01:49:01Z,9036,524.3,1000,1000,0,578621952,0,200,1.4
2026-09-14T01:49:30Z,9066,507.2,1000,1000,0,580501072,0,200,0.8
2026-09-14T01:50:00Z,9096,524.3,1000,1000,0,583358212,0,200,0.5
2026-09-14T01:50:30Z,9126,525.5,1000,1000,0,585237332,0,200,0.9
2026-09-14T01:51:00Z,9156,542.5,1000,1000,0,587179388,0,200,0.5
2026-09-14T01:51:30Z,9186,557.1,1000,1000,0,589062951,0,200,0.6
2026-09-14T01:52:00Z,9216,550.4,1000,1000,0,590948257,0,200,113.7
2026-09-14T01:52:31Z,9246,528.5,1000,1000,0,592895668,0,200,0.6
2026-09-14T01:53:00Z,9276,544.4,1000,1000,0,594773788,0,200,0.5
2026-09-14T01:53:30Z,9306,557.4,1000,1000,0,596651244,0,200,9.0
2026-09-14T01:54:01Z,9336,548.8,1000,1000,0,598602956,0,200,0.5
2026-09-14T01:54:30Z,9366,522.0,1000,1000,0,600485528,0,200,0.6
2026-09-14T01:55:00Z,9396,572.0,1000,1000,0,602361499,0,200,2.5
2026-09-14T01:55:30Z,9426,524.9,1000,1000,0,604247308,0,200,0.7
2026-09-14T01:56:00Z,9456,538.3,1000,1000,0,606193405,0,200,0.5
2026-09-14T01:56:30Z,9486,544.8,1000,1000,0,608068044,0,200,1.8
2026-09-14T01:57:01Z,9516,522.9,1000,1000,0,610016595,0,200,1.6
2026-09-14T01:57:30Z,9546,521.8,1000,1000,0,611897652,0,200,0.6
2026-09-14T01:58:00Z,9576,518.0,1000,1000,0,613770339,0,200,0.5
2026-09-14T01:58:31Z,9607,527.2,1000,1000,0,615718828,0,200,0.7
2026-09-14T01:59:01Z,9637,528.3,1000,1000,0,617666538,0,200,1.7
2026-09-14T01:59:31Z,9667,549.1,1000,1000,0,619547996,0,200,0.7
2026-09-14T02:00:01Z,9697,536.1,1000,1000,0,621426116,0,200,0.6
2026-09-14T02:00:31Z,9727,514.8,1000,1000,0,623369172,0,200,0.6
2026-09-14T02:01:01Z,9757,508.6,1000,1000,0,625245808,0,200,2.1
2026-09-14T02:01:31Z,9787,517.7,1000,1000,0,627126412,0,200,1.1
2026-09-14T02:02:01Z,9817,529.9,1000,1000,0,629076460,0,200,0.5
2026-09-14T02:02:31Z,9847,555.6,1000,1000,0,630955580,0,200,0.8
2026-09-14T02:03:01Z,9877,500.6,1000,1000,0,632833700,0,200,0.5
2026-09-14T02:03:31Z,9907,500.0,1000,1000,0,634782758,0,200,1.0
2026-09-14T02:04:01Z,9937,523.7,1000,1000,0,636660597,0,200,1.1
2026-09-14T02:04:31Z,9967,523.4,1000,1000,0,638541807,0,200,2.8
2026-09-14T02:05:01Z,9997,508.0,1000,1000,0,640484044,0,200,0.6
2026-09-14T02:05:31Z,10027,564.0,1000,1000,0,642363164,0,200,0.8
2026-09-14T02:06:01Z,10057,512.7,1000,1000,0,644241284,0,200,0.5
2026-09-14T02:06:32Z,10087,509.1,1000,1000,0,646192162,0,200,0.9
2026-09-14T02:07:01Z,10117,513.7,1000,1000,0,648086436,0,200,0.6
2026-09-14T02:07:31Z,10147,521.1,1000,1000,0,649965556,0,200,0.5
2026-09-14T02:08:01Z,10177,521.8,1000,1000,0,651848191,0,200,1.2
2026-09-14T02:08:31Z,10207,542.2,1000,1000,0,653794208,0,200,0.6
2026-09-14T02:09:01Z,10237,528.0,1000,1000,0,655672844,0,200,0.9
2026-09-14T02:09:31Z,10267,526.4,1000,1000,0,657551964,0,200,2.0
2026-09-14T02:10:01Z,10297,517.2,1000,1000,0,659497166,0,200,0.5
2026-09-14T02:10:31Z,10327,505.3,1000,1000,0,661381132,0,200,1.8
2026-09-14T02:11:01Z,10357,535.7,1000,1000,0,663262776,0,200,0.7
2026-09-14T02:11:32Z,10387,520.1,1000,1000,0,665209858,0,200,0.7
2026-09-14T02:12:01Z,10417,522.1,1000,1000,0,667088420,0,200,0.6
2026-09-14T02:12:31Z,10447,544.0,1000,1000,0,668964084,0,200,59.5
2026-09-14T02:13:02Z,10477,511.6,1000,1000,0,670917381,0,200,2.0
2026-09-14T02:13:31Z,10507,522.4,1000,1000,0,672796708,0,200,0.5
2026-09-14T02:14:01Z,10537,518.3,1000,1000,0,674674828,0,200,0.6
2026-09-14T02:14:32Z,10567,529.0,1000,1000,0,676617884,0,200,0.4
2026-09-14T02:15:01Z,10597,498.0,1000,1000,0,678496004,0,200,0.8
2026-09-14T02:15:31Z,10627,529.4,1000,1000,0,680372028,0,200,0.6
2026-09-14T02:16:02Z,10657,494.6,1000,1000,0,682320414,0,200,2.3
2026-09-14T02:16:31Z,10687,508.1,1000,1000,0,684212284,0,200,0.8
2026-09-14T02:17:01Z,10717,520.4,1000,1000,0,686090404,0,200,0.5
2026-09-14T02:17:31Z,10747,539.7,1000,1000,0,687973820,0,200,0.6
2026-09-14T02:18:01Z,10777,527.1,1000,1000,0,689917110,0,200,1.8
2026-09-14T02:18:31Z,10807,530.0,1000,1000,0,691798550,0,200,1.3
2026-09-14T02:19:01Z,10837,531.0,1000,1000,0,693676804,0,200,0.8
2026-09-14T02:19:32Z,10867,549.2,1000,1000,0,695619868,0,200,0.7
2026-09-14T02:20:01Z,10897,706.8,1000,1000,0,697442044,0,200,9.9
2026-09-14T02:20:31Z,10927,554.1,1000,1000,0,700368013,0,200,1.6
2026-09-14T02:21:02Z,10957,523.3,1000,1000,0,702311171,0,200,0.5
2026-09-14T02:21:31Z,10987,538.8,1000,1000,0,704190291,0,200,0.6
2026-09-14T02:22:01Z,11017,551.3,1000,1000,0,706065408,0,200,61.4
2026-09-14T02:22:32Z,11048,518.1,1000,1000,0,708019459,0,200,0.5
2026-09-14T02:23:02Z,11078,532.9,1000,1000,0,709961515,0,200,0.5
2026-09-14T02:23:32Z,11108,533.8,1000,1000,0,711840635,0,200,0.6
2026-09-14T02:24:03Z,11138,487.1,1000,1000,0,713782691,0,200,0.4
2026-09-14T02:24:32Z,11168,524.8,1000,1000,0,715664723,0,200,0.7
2026-09-14T02:25:02Z,11198,549.6,1000,1000,0,717544688,0,200,0.5
2026-09-14T02:25:33Z,11228,539.1,1000,1000,0,719490979,0,200,0.9
2026-09-14T02:26:02Z,11258,538.4,1000,1000,0,721372646,0,200,0.6
2026-09-14T02:26:32Z,11288,497.0,1000,1000,0,723245413,0,200,13.1
2026-09-14T02:27:03Z,11318,538.5,1000,1000,0,725196140,0,200,0.6
2026-09-14T02:27:32Z,11348,514.8,1000,1000,0,727077387,0,200,0.7
2026-09-14T02:28:02Z,11378,521.6,1000,1000,0,728959592,0,200,0.4
2026-09-14T02:28:32Z,11408,509.2,1000,1000,0,730842475,0,200,0.7
2026-09-14T02:29:02Z,11438,521.2,1000,1000,0,732784675,0,200,0.5
2026-09-14T02:29:32Z,11468,552.1,1000,1000,0,734670768,0,200,2.6
2026-09-14T02:30:02Z,11498,532.6,1000,1000,0,736553988,0,200,132.3
2026-09-14T02:30:33Z,11528,518.9,1000,1000,0,738500955,0,200,1.0
2026-09-14T02:31:02Z,11558,517.9,1000,1000,0,740379075,0,200,0.5
2026-09-14T02:31:32Z,11588,542.4,1000,1000,0,742258195,0,200,0.7
2026-09-14T02:32:03Z,11618,512.7,1000,1000,0,744200251,0,200,0.6
2026-09-14T02:32:32Z,11648,537.3,1000,1000,0,746083288,0,200,2.5
2026-09-14T02:33:02Z,11678,529.0,1000,1000,0,747961323,0,200,96.2
2026-09-14T02:33:33Z,11708,497.1,1000,1000,0,749908539,0,200,0.4
2026-09-14T02:34:02Z,11738,540.1,1000,1000,0,751786659,0,200,0.6
2026-09-14T02:34:32Z,11768,538.9,1000,1000,0,753665367,0,200,0.8
2026-09-14T02:35:03Z,11798,546.6,1000,1000,0,755615827,0,200,0.8
2026-09-14T02:35:32Z,11828,528.2,1000,1000,0,757494947,0,200,0.6
2026-09-14T02:36:02Z,11858,509.3,1000,1000,0,759373067,0,200,0.9
2026-09-14T02:36:33Z,11888,553.7,1000,1000,0,761316123,0,200,0.5
2026-09-14T02:37:02Z,11918,520.0,1000,1000,0,763198340,0,200,0.6
2026-09-14T02:37:32Z,11948,501.0,1000,1000,0,765077550,0,200,1.9
2026-09-14T02:38:02Z,11978,517.4,1000,1000,0,766959475,0,200,0.6
2026-09-14T02:38:32Z,12008,513.4,1000,1000,0,768909804,0,200,2.7
2026-09-14T02:39:02Z,12038,524.8,1000,1000,0,770788643,0,200,0.9
2026-09-14T02:39:32Z,12068,518.3,1000,1000,0,772667763,0,200,0.6
2026-09-14T02:40:02Z,12098,521.2,1000,1000,0,774609819,0,200,0.7
2026-09-14T02:40:32Z,12128,548.9,1000,1000,0,776492654,0,200,2.1
2026-09-14T02:41:02Z,12158,556.8,1000,1000,0,778370704,0,200,0.6
2026-09-14T02:41:32Z,12188,547.2,1000,1000,0,780314136,0,200,0.6
2026-09-14T02:42:02Z,12218,505.7,1000,1000,0,782191587,0,200,0.7
2026-09-14T02:42:33Z,12248,531.4,1000,1000,0,784131291,0,200,0.5
2026-09-14T02:43:02Z,12278,538.0,1000,1000,0,786009411,0,200,0.9
2026-09-14T02:43:32Z,12308,536.6,1000,1000,0,787884545,0,200,12.8
2026-09-14T02:44:03Z,12338,550.8,1000,1000,0,789838579,0,200,1.0
2026-09-14T02:44:32Z,12368,557.6,1000,1000,0,791717699,0,200,0.5
2026-09-14T02:45:02Z,12398,525.3,1000,1000,0,793595819,0,200,0.6
2026-09-14T02:45:33Z,12428,535.9,1000,1000,0,795538875,0,200,0.6
2026-09-14T02:46:02Z,12458,545.1,1000,1000,0,797416995,0,200,0.8
2026-09-14T02:46:32Z,12488,543.6,1000,1000,0,799294976,0,200,1.9
2026-09-14T02:47:03Z,12519,509.6,1000,1000,0,801246163,0,200,0.6
2026-09-14T02:47:33Z,12549,505.9,1000,1000,0,803189219,0,200,0.6
2026-09-14T02:48:03Z,12579,543.8,1000,1000,0,805067339,0,200,0.6
2026-09-14T02:48:34Z,12610,527.9,1000,1000,0,807014759,0,200,0.5
2026-09-14T02:49:04Z,12640,529.8,1000,1000,0,808960443,0,200,0.5
2026-09-14T02:49:34Z,12670,513.5,1000,1000,0,810839563,0,200,0.7
2026-09-14T02:50:04Z,12700,573.6,1000,1000,0,812722332,0,200,0.7
2026-09-14T02:50:35Z,12730,492.2,1000,1000,0,815659739,0,200,0.7
2026-09-14T02:51:04Z,12760,523.9,1000,1000,0,817539857,0,200,1.5
2026-09-14T02:51:34Z,12790,547.4,1000,1000,0,819423764,0,200,0.5
2026-09-14T02:52:05Z,12820,530.7,1000,1000,0,821369025,0,200,0.8
2026-09-14T02:52:34Z,12850,527.9,1000,1000,0,823248145,0,200,0.5
2026-09-14T02:53:04Z,12880,559.4,1000,1000,0,825131583,0,200,4.1
2026-09-14T02:53:35Z,12910,495.6,1000,1000,0,827077313,0,200,0.6
2026-09-14T02:54:04Z,12940,531.6,1000,1000,0,828963425,0,200,2.0
2026-09-14T02:54:34Z,12970,577.5,1000,1000,0,830842545,0,200,0.7
2026-09-14T02:55:04Z,13000,510.5,1000,1000,0,832720665,0,200,0.6
2026-09-14T02:55:34Z,13030,509.3,1000,1000,0,834671711,0,200,0.9
2026-09-14T02:56:04Z,13060,533.8,1000,1000,0,836549833,0,200,0.5
2026-09-14T02:56:34Z,13090,515.6,1000,1000,0,838428953,0,200,0.6
2026-09-14T02:57:04Z,13120,530.3,1000,1000,0,840371009,0,200,0.7
2026-09-14T02:57:34Z,13150,522.2,1000,1000,0,842255484,0,200,2.1
2026-09-14T02:58:04Z,13180,544.1,1000,1000,0,844137901,0,200,0.8
2026-09-14T02:58:35Z,13210,509.1,1000,1000,0,846093097,0,200,1.3
2026-09-14T02:59:04Z,13240,510.7,1000,1000,0,847973401,0,200,0.5
2026-09-14T02:59:34Z,13270,524.9,1000,1000,0,849852521,0,200,0.7
2026-09-14T03:00:05Z,13300,519.8,1000,1000,0,851794577,0,200,0.5
2026-09-14T03:00:34Z,13330,539.3,1000,1000,0,853679181,0,200,0.6
2026-09-14T03:01:04Z,13360,518.2,1000,1000,0,855556404,0,200,0.7
2026-09-14T03:01:34Z,13390,524.5,1000,1000,0,857438929,0,200,1.2
2026-09-14T03:02:04Z,13420,525.2,1000,1000,0,859380985,0,200,0.6
2026-09-14T03:02:34Z,13450,560.4,1000,1000,0,861258302,0,200,2.9
2026-09-14T03:03:04Z,13480,564.6,1000,1000,0,863145366,0,200,1.7
2026-09-14T03:03:34Z,13510,574.1,1000,1000,0,865089273,0,200,0.8
2026-09-14T03:04:04Z,13540,506.2,1000,1000,0,866970565,0,200,0.6
2026-09-14T03:04:34Z,13570,568.7,1000,1000,0,868852811,0,200,3.3
2026-09-14T03:05:05Z,13600,511.1,1000,1000,0,870796561,0,200,1.1
2026-09-14T03:05:34Z,13630,549.7,1000,1000,0,872675681,0,200,0.9
2026-09-14T03:06:04Z,13660,539.4,1000,1000,0,874553801,0,200,14.1
2026-09-14T03:06:35Z,13690,543.0,1000,1000,0,876500944,0,200,0.8
2026-09-14T03:07:04Z,13720,521.4,1000,1000,0,878382969,0,200,1.3
2026-09-14T03:07:34Z,13750,515.8,1000,1000,0,880256513,0,200,108.7
2026-09-14T03:08:05Z,13781,547.2,1000,1000,0,882212137,0,200,0.6
2026-09-14T03:08:35Z,13811,497.8,1000,1000,0,884160022,0,200,0.6
2026-09-14T03:09:05Z,13841,541.2,1000,1000,0,886033313,0,200,0.6
2026-09-14T03:09:36Z,13871,515.7,1000,1000,0,887982912,0,200,1.3
2026-09-14T03:10:05Z,13901,546.5,1000,1000,0,889862481,0,200,0.5
2026-09-14T03:10:35Z,13931,537.7,1000,1000,0,891745046,0,200,0.7
2026-09-14T03:11:05Z,13961,572.0,1000,1000,0,893627713,0,200,1.4
2026-09-14T03:11:35Z,13991,520.1,1000,1000,0,895570769,0,200,0.7
2026-09-14T03:12:05Z,14021,516.7,1000,1000,0,897449870,0,200,1.7
2026-09-14T03:12:35Z,14051,513.4,1000,1000,0,899328009,0,200,0.5
2026-09-14T03:13:05Z,14081,506.1,1000,1000,0,901273858,0,200,0.7
2026-09-14T03:13:35Z,14111,515.6,1000,1000,0,903153559,0,200,1.4
2026-09-14T03:14:05Z,14141,538.7,1000,1000,0,905035297,0,200,0.9
2026-09-14T03:14:36Z,14171,504.4,1000,1000,0,906980290,0,200,3.0
2026-09-14T03:15:05Z,14201,519.9,1000,1000,0,908869887,0,200,1.6
2026-09-14T03:15:35Z,14231,545.5,1000,1000,0,910751365,0,200,1.3
2026-09-14T03:16:06Z,14261,544.8,1000,1000,0,912693633,0,200,1.1
2026-09-14T03:16:35Z,14291,502.2,1000,1000,0,914576573,0,200,0.5
2026-09-14T03:17:05Z,14321,508.3,1000,1000,0,916457566,0,200,1.4
2026-09-14T03:17:35Z,14351,545.1,1000,1000,0,918337985,0,200,0.5
2026-09-14T03:18:05Z,14381,505.9,1000,1000,0,920280041,0,200,0.8
2026-09-14T03:18:35Z,14411,556.5,1000,1000,0,922159161,0,200,0.7
2026-09-14T03:19:06Z,14441,531.9,1000,1000,0,924101217,0,200,0.7
2026-09-14T03:19:35Z,14471,503.5,1000,1000,0,925980337,0,200,0.4
2026-09-14T03:20:05Z,14501,545.9,1000,1000,0,927855482,0,200,1.5
2026-09-14T03:20:35Z,14531,531.6,999,999,1,929758223,1,200,12.6
2026-09-14T03:21:05Z,14561,494.3,999,999,1,931645745,1,200,0.6
2026-09-14T03:21:35Z,14591,531.9,999,999,1,933594840,1,200,0.5
2026-09-14T03:22:05Z,14621,518.9,999,999,1,935479016,1,200,1.0
2026-09-14T03:22:35Z,14651,559.1,1000,1000,1,938320001,1,200,0.5
2026-09-14T03:23:05Z,14681,541.1,1000,1000,1,940200367,1,200,0.7
2026-09-14T03:23:36Z,14711,531.7,1000,1000,1,942144427,1,200,0.4
2026-09-14T03:24:05Z,14741,554.4,1000,1000,1,944025751,1,200,0.8
2026-09-14T03:24:35Z,14771,542.5,1000,1000,1,945903252,1,200,38.7
2026-09-14T03:25:06Z,14801,520.1,1000,1000,1,947854029,1,200,1.2
2026-09-14T03:25:35Z,14831,543.3,1000,1000,1,949734921,1,200,0.7
2026-09-14T03:26:05Z,14861,526.9,1000,1000,1,951613041,1,200,0.8
2026-09-14T03:26:36Z,14891,524.4,1000,1000,1,953559146,1,200,0.5
2026-09-14T03:27:05Z,14921,534.5,1000,1000,1,955442209,1,200,0.6
2026-09-14T03:27:35Z,14951,540.0,1000,1000,1,957321329,1,200,0.7
2026-09-14T03:28:06Z,14981,522.4,1000,1000,1,959263385,1,200,0.6
2026-09-14T03:28:35Z,15011,563.1,1000,1000,1,961142505,1,200,0.5
2026-09-14T03:29:05Z,15041,511.4,1000,1000,1,963016565,1,200,3.7
2026-09-14T03:29:36Z,15071,541.4,1000,1000,1,964971070,1,200,0.8
2026-09-14T03:30:05Z,15101,534.1,1000,1000,1,966849793,1,200,1.6
2026-09-14T03:30:35Z,15131,554.5,1000,1000,1,968728913,1,200,0.5
2026-09-14T03:31:05Z,15161,515.7,1000,1000,1,970614998,1,200,0.5
2026-09-14T03:31:35Z,15191,517.2,1000,1000,1,972558081,1,200,0.7
2026-09-14T03:32:05Z,15221,523.3,1000,1000,1,974438092,1,200,1.6
2026-09-14T03:32:35Z,15251,528.5,1000,1000,1,976315321,1,200,0.6
2026-09-14T03:33:05Z,15281,545.9,1000,1000,1,978257377,1,200,0.5
2026-09-14T03:33:35Z,15311,551.2,1000,1000,1,980136497,1,200,0.7
2026-09-14T03:34:06Z,15341,532.0,1000,1000,1,982078553,1,200,0.7
2026-09-14T03:34:35Z,15371,559.7,1000,1000,1,983965657,1,200,1.0
2026-09-14T03:35:05Z,15401,555.2,1000,1000,1,985843785,1,200,0.6
2026-09-14T03:35:35Z,15431,525.1,1000,1000,1,987722905,1,200,0.5
2026-09-14T03:36:05Z,15461,554.3,1000,1000,1,989664961,1,200,0.6
2026-09-14T03:36:35Z,15491,528.8,1000,1000,1,991540183,1,200,0.8
2026-09-14T03:37:05Z,15521,534.2,1000,1000,1,993427880,1,200,0.6
2026-09-14T03:37:35Z,15551,514.5,1000,1000,1,995373249,1,200,0.6
2026-09-14T03:38:05Z,15581,552.9,1000,1000,1,997251369,1,200,1.0
2026-09-14T03:38:35Z,15611,524.9,1000,1000,1,999130489,1,200,0.6
2026-09-14T03:39:05Z,15641,540.4,1000,1000,1,1001079716,1,200,1.3
2026-09-14T03:39:35Z,15671,551.0,1000,1000,1,1002959657,1,200,0.6
2026-09-14T03:40:05Z,15701,522.9,1000,1000,1,1004837777,1,200,0.6
2026-09-14T03:40:35Z,15731,547.2,1000,1000,1,1006780833,1,200,0.5
2026-09-14T03:41:05Z,15761,561.8,1000,1000,1,1008658953,1,200,6.2
2026-09-14T03:41:35Z,15791,529.7,1000,1000,1,1010538073,1,200,0.6
2026-09-14T03:42:05Z,15821,547.5,1000,1000,1,1012484400,1,200,0.5
2026-09-14T03:42:35Z,15851,532.7,1000,1000,1,1014367241,1,200,1.3
2026-09-14T03:43:05Z,15881,515.5,1000,1000,1,1016245361,1,200,0.6
2026-09-14T03:43:35Z,15911,523.8,1000,1000,1,1018188417,1,200,0.7
2026-09-14T03:44:05Z,15941,570.0,1000,1000,1,1020066537,1,200,0.6
2026-09-14T03:44:35Z,15971,544.1,1000,1000,1,1021945657,1,200,0.8
2026-09-14T03:45:05Z,16001,548.9,1000,1000,1,1023891303,1,200,0.7
2026-09-14T03:45:35Z,16031,525.2,1000,1000,1,1025774825,1,200,0.9
2026-09-14T03:46:05Z,16061,503.2,1000,1000,1,1027652945,1,200,0.7
2026-09-14T03:46:35Z,16091,548.6,1000,1000,1,1029596001,1,200,0.7
2026-09-14T03:47:05Z,16121,535.4,1000,1000,1,1031476879,1,200,0.5
2026-09-14T03:47:35Z,16151,532.4,1000,1000,1,1033353241,1,200,0.7
2026-09-14T03:48:05Z,16181,521.7,1000,1000,1,1035299602,1,200,0.6
2026-09-14T03:48:35Z,16211,551.2,1000,1000,1,1037182409,1,200,2.2
2026-09-14T03:49:05Z,16241,537.1,1000,1000,1,1039060529,1,200,0.5
2026-09-14T03:49:35Z,16271,522.5,1000,1000,1,1041003585,1,200,1.1
2026-09-14T03:50:05Z,16301,547.3,1000,1000,1,1042881705,1,200,1.0
2026-09-14T03:50:35Z,16331,513.6,1000,1000,1,1044760825,1,200,1.3
2026-09-14T03:51:05Z,16361,509.2,1000,1000,1,1046702881,1,200,0.5
2026-09-14T03:51:35Z,16391,511.4,1000,1000,1,1048582962,1,200,2.9
2026-09-14T03:52:05Z,16421,544.8,1000,1000,1,1050468113,1,200,0.9
2026-09-14T03:52:35Z,16451,714.2,1000,1000,1,1052363217,1,200,9.8
2026-09-14T03:53:05Z,16481,531.0,1000,1000,1,1055245332,1,200,1.3
2026-09-14T03:53:35Z,16511,510.0,1000,1000,1,1057125449,1,200,0.7
2026-09-14T03:54:05Z,16541,549.5,1000,1000,1,1059003571,1,200,0.6
2026-09-14T03:54:35Z,16571,502.1,1000,1000,1,1060953620,1,200,2.0
2026-09-14T03:55:05Z,16601,540.9,1000,1000,1,1062832774,1,200,1.3
2026-09-14T03:55:35Z,16631,549.6,1000,1000,1,1064711859,1,200,0.5
2026-09-14T03:56:06Z,16661,511.8,1000,1000,1,1066658954,1,200,0.6
2026-09-14T03:56:35Z,16691,538.2,1000,1000,1,1068540024,1,200,0.7
2026-09-14T03:57:05Z,16721,526.4,1000,1000,1,1070419147,1,200,0.8
2026-09-14T03:57:36Z,16751,538.9,1000,1000,1,1072362203,1,200,0.5
2026-09-14T03:58:05Z,16781,496.3,1000,1000,1,1074240323,1,200,0.6
2026-09-14T03:58:35Z,16811,561.1,1000,1000,1,1076123549,1,200,124.3
2026-09-14T03:59:06Z,16841,517.5,1000,1000,1,1078076484,1,200,2.2
2026-09-14T03:59:35Z,16871,548.1,1000,1000,1,1079956601,1,200,0.5
2026-09-14T04:00:05Z,16901,558.5,1000,1000,1,1081834723,1,200,0.7
2026-09-14T04:00:36Z,16931,527.9,1000,1000,1,1083777779,1,200,0.4
2026-09-14T04:01:05Z,16961,499.3,1000,1000,1,1085663891,1,200,1.2
2026-09-14T04:01:35Z,16991,546.2,1000,1000,1,1087543011,1,200,0.5
2026-09-14T04:02:05Z,17021,506.6,1000,1000,1,1089429123,1,200,0.6
2026-09-14T04:02:35Z,17051,521.0,1000,1000,1,1091373675,1,200,0.7
2026-09-14T04:03:05Z,17081,512.9,1000,1000,1,1093257933,1,200,1.1
2026-09-14T04:03:35Z,17111,532.6,1000,1000,1,1095137411,1,200,0.6
2026-09-14T04:04:05Z,17141,539.1,1000,1000,1,1097080442,1,200,0.7
2026-09-14T04:04:35Z,17171,556.3,1000,1000,1,1098962776,1,200,0.7
2026-09-14T04:05:05Z,17201,516.5,1000,1000,1,1100844699,1,200,0.6
2026-09-14T04:05:36Z,17231,546.3,1000,1000,1,1102787755,1,200,0.5
2026-09-14T04:06:05Z,17261,520.5,1000,1000,1,1104670400,1,200,2.8
2026-09-14T04:06:35Z,17291,534.8,1000,1000,1,1106560979,1,200,0.9
2026-09-14T04:07:05Z,17321,550.9,1000,1000,1,1108440334,1,200,0.5
2026-09-14T04:07:35Z,17351,519.8,1000,1000,1,1110388950,1,200,1.9
2026-09-14T04:08:05Z,17381,529.9,1000,1000,1,1112269266,1,200,1.3
2026-09-14T04:08:35Z,17411,535.0,1000,1000,1,1114149959,1,200,0.5
2026-09-14T04:09:06Z,17441,515.3,1000,1000,1,1116103921,1,200,1.9
2026-09-14T04:09:35Z,17471,525.8,1000,1000,1,1117985538,1,200,1.2
2026-09-14T04:10:05Z,17501,576.2,1000,1000,1,1119863666,1,200,0.5
2026-09-14T04:10:35Z,17531,521.4,1000,1000,1,1121750778,1,200,1.0
2026-09-14T04:11:05Z,17561,513.0,1000,1000,1,1123692834,1,200,0.5
2026-09-14T04:11:35Z,17591,525.3,1000,1000,1,1125579946,1,200,0.9
2026-09-14T04:12:05Z,17621,548.6,1000,1000,1,1127461109,1,200,0.6
2026-09-14T04:12:36Z,17651,508.6,1000,1000,1,1129409114,1,200,0.7
2026-09-14T04:13:05Z,17681,524.7,1000,1000,1,1131287234,1,200,0.6
2026-09-14T04:13:35Z,17711,550.9,1000,1000,1,1133173403,1,200,2.0
2026-09-14T04:14:06Z,17741,519.0,1000,1000,1,1135116402,1,200,2.9
2026-09-14T04:14:35Z,17771,538.4,1000,1000,1,1136995522,1,200,0.7
2026-09-14T04:15:05Z,17801,505.1,1000,1000,1,1138869565,1,200,11.1
2026-09-14T04:15:36Z,17831,545.5,1000,1000,1,1140816698,1,200,0.7
2026-09-14T04:16:05Z,17861,532.4,1000,1000,1,1142702019,1,200,1.5
2026-09-14T04:16:35Z,17891,491.4,1000,1000,1,1144581887,1,200,0.7
2026-09-14T04:17:06Z,17921,536.2,1000,1000,1,1146523986,1,200,0.4
2026-09-14T04:17:35Z,17951,538.7,1000,1000,1,1148403106,1,200,0.7
2026-09-14T04:18:05Z,17981,552.7,1000,1000,1,1150279842,1,200,1.7
2026-09-14T04:18:36Z,18011,534.2,1000,1000,1,1152224282,1,200,0.6
2026-09-14T04:19:05Z,18041,513.5,1000,1000,1,1154107569,1,200,1.0
2026-09-14T04:19:35Z,18071,561.0,1000,1000,1,1155989514,1,200,1.8
2026-09-14T04:20:06Z,18101,511.0,1000,1000,1,1157931570,1,200,0.5
2026-09-14T04:20:35Z,18131,533.4,1000,1000,1,1159816081,1,200,0.7
2026-09-14T04:21:05Z,18161,534.2,1000,1000,1,1161695198,1,200,1.6
2026-09-14T04:21:35Z,18191,533.3,1000,1000,1,1163575922,1,200,0.6
2026-09-14T04:22:05Z,18221,529.8,1000,1000,1,1165525970,1,200,2.2
2026-09-14T04:22:35Z,18251,531.9,1000,1000,1,1167405090,1,200,1.0
2026-09-14T04:23:05Z,18281,532.3,1000,1000,1,1170261459,1,200,65.9
2026-09-14T04:23:36Z,18311,529.2,1000,1000,1,1172215276,1,200,0.5
2026-09-14T04:24:05Z,18341,533.7,1000,1000,1,1174094395,1,200,2.4
2026-09-14T04:24:35Z,18371,529.7,1000,1000,1,1175978429,1,200,0.6
2026-09-14T04:25:05Z,18401,517.5,1000,1000,1,1177858628,1,200,0.9
2026-09-14T04:25:35Z,18431,556.4,1000,1000,1,1179802683,1,200,0.7
2026-09-14T04:26:05Z,18461,541.5,1000,1000,1,1181680769,1,200,2.4
2026-09-14T04:26:35Z,18491,540.8,1000,1000,1,1183566916,1,200,1.9
2026-09-14T04:27:05Z,18521,545.8,1000,1000,1,1185509971,1,200,4.2
2026-09-14T04:27:35Z,18551,537.5,1000,1000,1,1187389091,1,200,0.6
2026-09-14T04:28:05Z,18581,548.7,1000,1000,1,1189272956,1,200,1.2
2026-09-14T04:28:35Z,18611,543.7,1000,1000,1,1191218259,1,200,0.8
2026-09-14T04:29:05Z,18641,527.0,1000,1000,1,1193096379,1,200,0.6
2026-09-14T04:29:35Z,18671,510.7,1000,1000,1,1194979714,1,200,0.6
2026-09-14T04:30:05Z,18701,559.5,1000,1000,1,1196925547,1,200,1.8
2026-09-14T04:30:35Z,18731,545.0,1000,1000,1,1198804667,1,200,0.5
2026-09-14T04:31:05Z,18761,543.7,1000,1000,1,1200682787,1,200,0.7
2026-09-14T04:31:35Z,18791,532.0,1000,1000,1,1202625843,1,200,0.5
2026-09-14T04:32:05Z,18821,546.0,1000,1000,1,1204511955,1,200,1.1
2026-09-14T04:32:35Z,18851,555.3,1000,1000,1,1206394290,1,200,1.8
2026-09-14T04:33:06Z,18881,490.9,1000,1000,1,1208341123,1,200,0.7
2026-09-14T04:33:35Z,18911,517.7,1000,1000,1,1210220243,1,200,0.5
2026-09-14T04:34:05Z,18941,561.6,1000,1000,1,1212103770,1,200,3.0
2026-09-14T04:34:36Z,18971,524.1,1000,1000,1,1214049411,1,200,0.6
2026-09-14T04:35:05Z,19001,553.3,1000,1000,1,1215927531,1,200,0.6
2026-09-14T04:35:35Z,19031,523.7,1000,1000,1,1217810000,1,200,0.5
2026-09-14T04:36:05Z,19061,519.2,1000,1000,1,1219692759,1,200,1.4
2026-09-14T04:36:35Z,19091,538.6,1000,1000,1,1221635819,1,200,0.5
2026-09-14T04:37:05Z,19121,556.0,1000,1000,1,1223511395,1,200,2.0
2026-09-14T04:37:35Z,19151,545.8,1000,1000,1,1225393059,1,200,0.5
2026-09-14T04:38:05Z,19181,514.5,1000,1000,1,1227343107,1,200,2.0
2026-09-14T04:38:35Z,19211,513.7,1000,1000,1,1229222227,1,200,0.7
2026-09-14T04:39:05Z,19241,573.5,1000,1000,1,1231103984,1,200,0.6
2026-09-14T04:39:35Z,19271,542.9,1000,1000,1,1233049591,1,200,0.6
2026-09-14T04:40:05Z,19301,520.1,1000,1000,1,1234929515,1,200,1.7
2026-09-14T04:40:35Z,19331,509.4,1000,1000,1,1236808635,1,200,0.7
2026-09-14T04:41:05Z,19361,524.8,1000,1000,1,1238750691,1,200,0.6
2026-09-14T04:41:35Z,19391,542.4,1000,1000,1,1240629811,1,200,0.5
2026-09-14T04:42:05Z,19421,513.1,1000,1000,1,1242507931,1,200,0.9
2026-09-14T04:42:35Z,19451,534.5,1000,1000,1,1244450987,1,200,0.5
2026-09-14T04:43:05Z,19481,548.7,1000,1000,1,1246332600,1,200,0.6
2026-09-14T04:43:35Z,19511,529.9,1000,1000,1,1248208227,1,200,0.6
2026-09-14T04:44:05Z,19541,525.9,1000,1000,1,1250155078,1,200,1.4
2026-09-14T04:44:35Z,19571,552.6,1000,1000,1,1252037395,1,200,1.1
2026-09-14T04:45:05Z,19601,528.4,1000,1000,1,1253915515,1,200,0.8
2026-09-14T04:45:35Z,19631,554.1,1000,1000,1,1255858571,1,200,0.6
2026-09-14T04:46:05Z,19661,539.8,1000,1000,1,1257741130,1,200,0.5
2026-09-14T04:46:35Z,19691,534.9,1000,1000,1,1259615811,1,200,0.6
2026-09-14T04:47:05Z,19721,554.1,1000,1000,1,1261565859,1,200,4.2
2026-09-14T04:47:35Z,19751,530.6,1000,1000,1,1263444979,1,200,0.7
2026-09-14T04:48:05Z,19781,544.9,1000,1000,1,1265323099,1,200,0.6
2026-09-14T04:48:35Z,19811,578.6,1000,1000,1,1267266155,1,200,0.5
2026-09-14T04:49:05Z,19841,542.0,1000,1000,1,1269144275,1,200,0.7
2026-09-14T04:49:35Z,19871,547.8,1000,1000,1,1271027178,1,200,0.6
2026-09-14T04:50:05Z,19901,518.1,1000,1000,1,1272973443,1,200,0.6
2026-09-14T04:50:35Z,19931,535.2,1000,1000,1,1274852563,1,200,0.8
2026-09-14T04:51:05Z,19961,520.6,1000,1000,1,1276730683,1,200,0.4
2026-09-14T04:51:35Z,19991,500.2,1000,1000,1,1278673739,1,200,0.6
2026-09-14T04:52:05Z,20021,552.0,1000,1000,1,1280551859,1,200,3.1
2026-09-14T04:52:35Z,20051,536.2,1000,1000,1,1282435029,1,200,0.6
2026-09-14T04:53:06Z,20081,520.2,1000,1000,1,1285341066,1,200,0.8
2026-09-14T04:53:35Z,20111,543.0,1000,1000,1,1287221185,1,200,0.6
2026-09-14T04:54:05Z,20141,513.2,1000,1000,1,1289099363,1,200,0.7
2026-09-14T04:54:36Z,20171,513.7,1000,1000,1,1291042361,1,200,0.8
2026-09-14T04:55:05Z,20201,508.0,1000,1000,1,1292927637,1,200,1.0
2026-09-14T04:55:35Z,20231,522.6,1000,1000,1,1294803981,1,200,40.9
2026-09-14T04:56:06Z,20261,525.5,1000,1000,1,1296754157,1,200,0.5
2026-09-14T04:56:35Z,20291,517.8,1000,1000,1,1298635762,1,200,0.8
2026-09-14T04:57:05Z,20321,532.7,1000,1000,1,1300513882,1,200,1.4
2026-09-14T04:57:36Z,20351,519.2,1000,1000,1,1302456938,1,200,0.6
2026-09-14T04:58:05Z,20381,529.8,1000,1000,1,1304335058,1,200,0.5
2026-09-14T04:58:35Z,20411,536.8,1000,1000,1,1306210728,1,200,27.8
2026-09-14T04:59:06Z,20441,522.9,1000,1000,1,1308161081,1,200,0.6
2026-09-14T04:59:35Z,20471,506.1,1000,1000,1,1310043346,1,200,0.9
2026-09-14T05:00:05Z,20501,548.9,1000,1000,1,1311922465,1,200,0.9
2026-09-14T05:00:35Z,20531,508.6,1000,1000,1,1313801585,1,200,0.6
2026-09-14T05:01:05Z,20561,547.6,1000,1000,1,1315750634,1,200,0.6
2026-09-14T05:01:35Z,20591,546.4,1000,1000,1,1317629331,1,200,1.1
2026-09-14T05:02:05Z,20621,531.2,1000,1000,1,1319508873,1,200,0.6
2026-09-14T05:02:35Z,20651,520.3,1000,1000,1,1321459921,1,200,1.5
2026-09-14T05:03:05Z,20681,541.4,1000,1000,1,1323338041,1,200,0.8
2026-09-14T05:03:35Z,20711,556.9,1000,1000,1,1325217161,1,200,0.8
2026-09-14T05:04:05Z,20741,528.3,1000,1000,1,1327167209,1,200,0.6
2026-09-14T05:04:35Z,20771,525.9,1000,1000,1,1329046329,1,200,0.5
2026-09-14T05:05:05Z,20801,530.1,1000,1000,1,1330924449,1,200,0.7
2026-09-14T05:05:35Z,20831,529.2,1000,1000,1,1332867505,1,200,0.7
2026-09-14T05:06:05Z,20861,532.0,1000,1000,1,1334749523,1,200,0.8
2026-09-14T05:06:35Z,20891,552.6,1000,1000,1,1336629151,1,200,0.7
2026-09-14T05:07:05Z,20921,519.8,1000,1000,1,1338574793,1,200,0.7
2026-09-14T05:07:35Z,20951,554.8,1000,1000,1,1340454565,1,200,0.5
2026-09-14T05:08:05Z,20981,555.3,1000,1000,1,1342336846,1,200,125.6
2026-09-14T05:08:36Z,21011,501.6,1000,1000,1,1344289159,1,200,1.2
2026-09-14T05:09:05Z,21041,498.7,1000,1000,1,1346169193,1,200,0.6
2026-09-14T05:09:35Z,21071,522.0,1000,1000,1,1348048313,1,200,0.6
2026-09-14T05:10:06Z,21101,536.4,1000,1000,1,1349990369,1,200,0.5
2026-09-14T05:10:35Z,21131,545.6,1000,1000,1,1351869489,1,200,0.5
2026-09-14T05:11:05Z,21161,548.4,1000,1000,1,1353748695,1,200,0.7
2026-09-14T05:11:36Z,21191,545.5,1000,1000,1,1355690665,1,200,0.5
2026-09-14T05:12:05Z,21221,552.7,1000,1000,1,1357576628,1,200,0.7
2026-09-14T05:12:35Z,21251,544.7,1000,1000,1,1359455897,1,200,0.6
2026-09-14T05:13:06Z,21282,526.2,1000,1000,1,1361397953,1,200,0.6
2026-09-14T05:13:36Z,21312,522.7,1000,1000,1,1363341009,1,200,0.5
2026-09-14T05:14:06Z,21342,522.7,1000,1000,1,1365219129,1,200,1.6
2026-09-14T05:14:37Z,21372,517.6,1000,1000,1,1367162185,1,200,0.5
2026-09-14T05:15:06Z,21402,524.7,1000,1000,1,1369040305,1,200,0.6
2026-09-14T05:15:36Z,21432,549.5,1000,1000,1,1370916207,1,200,20.6
2026-09-14T05:16:07Z,21462,517.2,1000,1000,1,1372857426,1,200,3.3
2026-09-14T05:16:36Z,21492,543.6,1000,1000,1,1374756585,1,200,0.7
2026-09-14T05:17:06Z,21522,528.7,1000,1000,1,1376634705,1,200,0.7
2026-09-14T05:17:36Z,21552,531.3,1000,1000,1,1378517406,1,200,0.8
2026-09-14T05:18:07Z,21582,530.5,1000,1000,1,1380463873,1,200,2.8
2026-09-14T05:18:36Z,21612,538.7,1000,1000,1,1382342993,1,200,0.8
2026-09-14T05:19:06Z,21642,574.6,1000,1000,1,1384221101,1,200,0.5
2026-09-14T05:19:36Z,21672,511.9,1000,1000,1,1386164169,1,200,0.8
2026-09-14T05:20:06Z,21702,564.1,1000,1000,1,1388042289,1,200,0.5
2026-09-14T05:20:36Z,21732,532.7,1000,1000,1,1389924182,1,200,0.5
2026-09-14T05:21:07Z,21762,555.0,1000,1000,1,1391871457,1,200,0.5
2026-09-14T05:21:36Z,21792,512.2,1000,1000,1,1393750577,1,200,0.7
2026-09-14T05:22:06Z,21822,520.9,1000,1000,1,1395631821,1,200,0.7
2026-09-14T05:22:37Z,21852,513.6,1000,1000,1,1397578821,1,200,1.0
2026-09-14T05:23:06Z,21882,707.5,1000,1000,1,1399393929,1,200,8.0
2026-09-14T05:23:36Z,21912,530.7,1000,1000,1,1402329576,1,200,0.7
2026-09-14T05:24:06Z,21942,542.2,1000,1000,1,1404207112,1,200,0.4
2026-09-14T05:24:36Z,21972,515.9,1000,1000,1,1406155764,1,200,1.4
2026-09-14T05:25:06Z,22002,581.7,1000,1000,1,1408035281,1,200,1.4
2026-09-14T05:25:36Z,22032,539.7,1000,1000,1,1409914401,1,200,0.6
2026-09-14T05:26:06Z,22062,559.5,1000,1000,1,1411857456,1,200,0.5
2026-09-14T05:26:36Z,22092,533.1,1000,1000,1,1413738830,1,200,1.3
2026-09-14T05:27:06Z,22122,553.2,1000,1000,1,1415620254,1,200,0.9
2026-09-14T05:27:36Z,22152,517.7,1000,1000,1,1417564745,1,200,0.7
2026-09-14T05:28:06Z,22182,546.6,1000,1000,1,1419443865,1,200,0.5
2026-09-14T05:28:36Z,22212,529.3,1000,1000,1,1421322984,1,200,0.6
2026-09-14T05:29:06Z,22242,499.2,1000,1000,1,1423269629,1,200,0.6
2026-09-14T05:29:36Z,22272,541.2,1000,1000,1,1425151151,1,200,0.6
2026-09-14T05:30:06Z,22302,517.3,1000,1000,1,1427029273,1,200,1.8
2026-09-14T05:30:36Z,22332,548.3,1000,1000,1,1428973666,1,200,0.6
2026-09-14T05:31:06Z,22362,540.3,1000,1000,1,1430851448,1,200,1.0
2026-09-14T05:31:36Z,22392,553.3,1000,1000,1,1432736123,1,200,130.6
2026-09-14T05:32:07Z,22422,530.1,1000,1000,1,1434688604,1,200,1.4
2026-09-14T05:32:36Z,22452,548.7,1000,1000,1,1436568727,1,200,0.5
2026-09-14T05:33:06Z,22482,529.7,1000,1000,1,1438446847,1,200,0.7
2026-09-14T05:33:37Z,22512,519.3,1000,1000,1,1440389903,1,200,0.5
2026-09-14T05:34:06Z,22542,544.3,1000,1000,1,1442275010,1,200,5.8
2026-09-14T05:34:36Z,22572,536.7,1000,1000,1,1444153741,1,200,1.7
2026-09-14T05:35:06Z,22602,553.7,1000,1000,1,1446040248,1,200,0.9
2026-09-14T05:35:36Z,22632,526.0,1000,1000,1,1447983894,1,200,0.7
2026-09-14T05:36:06Z,22662,523.8,1000,1000,1,1449862423,1,200,0.6
2026-09-14T05:36:36Z,22692,539.3,1000,1000,1,1451741543,1,200,0.6
2026-09-14T05:37:07Z,22722,481.1,1000,1000,1,1453691591,1,200,0.6
2026-09-14T05:37:36Z,22752,541.8,1000,1000,1,1455570711,1,200,1.2
2026-09-14T05:38:06Z,22782,502.7,1000,1000,1,1457454009,1,200,119.1
2026-09-14T05:38:37Z,22812,560.9,1000,1000,1,1459403120,1,200,0.7
2026-09-14T05:39:06Z,22842,514.4,1000,1000,1,1461284992,1,200,0.8
2026-09-14T05:39:36Z,22872,566.7,1000,1000,1,1463165111,1,200,0.5
2026-09-14T05:40:07Z,22902,535.7,1000,1000,1,1465107167,1,200,0.5
2026-09-14T05:40:36Z,22932,522.8,1000,1000,1,1466986287,1,200,0.4
2026-09-14T05:41:06Z,22962,542.3,1000,1000,1,1468864407,1,200,0.7
2026-09-14T05:41:36Z,22992,529.0,1000,1000,1,1470751519,1,200,0.9
2026-09-14T05:42:06Z,23022,561.5,1000,1000,1,1472700337,1,200,1.0
2026-09-14T05:42:36Z,23052,573.4,1000,1000,1,1474580687,1,200,0.7
2026-09-14T05:43:06Z,23082,548.3,1000,1000,1,1476464999,1,200,1.4
2026-09-14T05:43:36Z,23112,546.8,1000,1000,1,1478409855,1,200,0.6
2026-09-14T05:44:06Z,23142,533.6,1000,1000,1,1480292531,1,200,0.6
2026-09-14T05:44:36Z,23172,552.4,1000,1000,1,1482175087,1,200,1.1
2026-09-14T05:45:07Z,23202,517.6,1000,1000,1,1484117143,1,200,0.8
2026-09-14T05:45:36Z,23232,529.7,1000,1000,1,1485999671,1,200,0.5
2026-09-14T05:46:06Z,23262,571.2,1000,1000,1,1487878765,1,200,97.9
2026-09-14T05:46:37Z,23292,516.3,1000,1000,1,1489831019,1,200,0.5
2026-09-14T05:47:06Z,23322,522.4,1000,1000,1,1491710732,1,200,4.3
2026-09-14T05:47:36Z,23352,529.3,1000,1000,1,1493606647,1,200,0.6
2026-09-14T05:48:06Z,23382,553.7,1000,1000,1,1495484767,1,200,0.5
2026-09-14T05:48:37Z,23412,556.4,1000,1000,1,1497427823,1,200,0.8
2026-09-14T05:49:06Z,23442,509.3,1000,1000,1,1499305943,1,200,0.5
2026-09-14T05:49:36Z,23472,527.9,1000,1000,1,1501190209,1,200,3.5
2026-09-14T05:50:07Z,23502,548.2,1000,1000,1,1503142377,1,200,0.6
2026-09-14T05:50:36Z,23532,530.8,1000,1000,1,1505022223,1,200,0.7
2026-09-14T05:51:06Z,23562,535.1,1000,1000,1,1506897895,1,200,0.8
2026-09-14T05:51:36Z,23592,513.3,1000,1000,1,1508779463,1,200,0.5
2026-09-14T05:52:06Z,23622,526.0,1000,1000,1,1510726975,1,200,1.3
2026-09-14T05:52:36Z,23652,539.5,1000,1000,1,1512606623,1,200,0.5
2026-09-14T05:53:06Z,23682,539.5,1000,1000,1,1514486225,1,200,0.6
2026-09-14T05:53:36Z,23712,512.6,1000,1000,1,1517412988,1,200,1.2
2026-09-14T05:54:06Z,23742,508.1,1000,1000,1,1519293940,1,200,0.7
2026-09-14T05:54:36Z,23772,527.9,1000,1000,1,1521176837,1,200,124.1
2026-09-14T05:55:07Z,23802,514.8,1000,1000,1,1523126720,1,200,0.7
2026-09-14T05:55:36Z,23832,542.0,1000,1000,1,1525009186,1,200,0.7
2026-09-14T05:56:06Z,23862,518.9,1000,1000,1,1526888340,1,200,1.7
2026-09-14T05:56:37Z,23892,534.7,1000,1000,1,1528831396,1,200,0.6
2026-09-14T05:57:06Z,23922,536.4,1000,1000,1,1530714049,1,200,0.6
2026-09-14T05:57:36Z,23952,543.7,1000,1000,1,1532593443,1,200,1.3
2026-09-14T05:58:07Z,23982,548.3,1000,1000,1,1534538684,1,200,0.6
2026-09-14T05:58:36Z,24012,577.5,1000,1000,1,1536422638,1,200,0.5
2026-09-14T05:59:06Z,24042,538.2,1000,1000,1,1538297915,1,200,1.2
2026-09-14T05:59:37Z,24072,538.8,1000,1000,1,1540246559,1,200,2.9
2026-09-14T06:00:06Z,24102,538.2,1000,1000,1,1542125072,1,200,0.8
2026-09-14T06:00:36Z,24132,549.1,1000,1000,1,1543997816,1,200,0.8
2026-09-14T06:01:06Z,24162,533.3,1000,1000,1,1545890320,1,200,1.4
2026-09-14T06:01:36Z,24192,517.6,1000,1000,1,1547833380,1,200,0.6
2026-09-14T06:02:06Z,24222,504.7,1000,1000,1,1549711500,1,200,0.6
2026-09-14T06:02:36Z,24252,558.9,1000,1000,1,1551594139,1,200,0.5
2026-09-14T06:03:06Z,24282,507.2,1000,1000,1,1553532676,1,200,0.6
2026-09-14T06:03:36Z,24312,518.5,1000,1000,1,1555411830,1,200,0.8
2026-09-14T06:04:06Z,24342,517.0,1000,1000,1,1557289916,1,200,0.9
2026-09-14T06:04:36Z,24372,522.0,1000,1000,1,1559239679,1,200,0.8
2026-09-14T06:05:06Z,24402,546.2,1000,1000,1,1561119084,1,200,1.5
2026-09-14T06:05:36Z,24432,512.4,1000,1000,1,1562998204,1,200,0.6
2026-09-14T06:06:06Z,24462,548.2,1000,1000,1,1564940260,1,200,0.7
2026-09-14T06:06:36Z,24492,531.8,1000,1000,1,1566820534,1,200,0.9
2026-09-14T06:07:06Z,24522,522.4,1000,1000,1,1568697500,1,200,0.6
2026-09-14T06:07:36Z,24552,517.8,1000,1000,1,1570643961,1,200,0.7
2026-09-14T06:08:06Z,24582,517.1,1000,1000,1,1572521976,1,200,0.8
2026-09-14T06:08:36Z,24612,554.2,1000,1000,1,1574404835,1,200,0.5
2026-09-14T06:09:06Z,24642,507.7,1000,1000,1,1576347844,1,200,0.7
2026-09-14T06:09:36Z,24672,547.4,1000,1000,1,1578226967,1,200,0.8
2026-09-14T06:10:06Z,24702,553.9,1000,1000,1,1580105084,1,200,0.7
2026-09-14T06:10:36Z,24732,497.0,1000,1000,1,1582052422,1,200,0.7
2026-09-14T06:11:06Z,24762,526.0,1000,1000,1,1583930575,1,200,0.6
2026-09-14T06:11:36Z,24792,547.2,1000,1000,1,1585813372,1,200,0.8
2026-09-14T06:12:06Z,24822,550.6,1000,1000,1,1587755428,1,200,0.4
2026-09-14T06:12:36Z,24852,526.7,1000,1000,1,1589634548,1,200,0.6
2026-09-14T06:13:06Z,24882,542.1,1000,1000,1,1591517218,1,200,0.4
2026-09-14T06:13:37Z,24912,520.0,1000,1000,1,1593463716,1,200,1.7
2026-09-14T06:14:06Z,24942,536.8,1000,1000,1,1595341836,1,200,0.8
2026-09-14T06:14:36Z,24972,537.1,1000,1000,1,1597223912,1,200,0.7
2026-09-14T06:15:07Z,25002,510.7,1000,1000,1,1599171004,1,200,0.5
2026-09-14T06:15:36Z,25032,555.0,1000,1000,1,1601050124,1,200,0.7
2026-09-14T06:16:06Z,25062,536.4,1000,1000,1,1602928236,1,200,0.5
2026-09-14T06:16:37Z,25092,525.6,1000,1000,1,1604876130,1,200,1.1
2026-09-14T06:17:06Z,25122,531.4,1000,1000,1,1606757412,1,200,0.7
2026-09-14T06:17:36Z,25152,542.9,1000,1000,1,1608636532,1,200,1.0
2026-09-14T06:18:07Z,25182,504.3,1000,1000,1,1610578588,1,200,0.5
2026-09-14T06:18:36Z,25212,510.4,1000,1000,1,1612460514,1,200,0.8
2026-09-14T06:19:06Z,25242,561.7,1000,1000,1,1614332183,1,200,1.2
2026-09-14T06:19:36Z,25272,507.3,1000,1000,1,1616222940,1,200,0.9
2026-09-14T06:20:06Z,25302,511.0,1000,1000,1,1618164996,1,200,0.5
2026-09-14T06:20:36Z,25332,528.9,1000,1000,1,1620052108,1,200,2.3
2026-09-14T06:21:06Z,25362,539.5,1000,1000,1,1621930228,1,200,1.6
2026-09-14T06:21:36Z,25392,558.1,1000,1000,1,1623880729,1,200,2.6
2026-09-14T06:22:06Z,25422,516.5,1000,1000,1,1625759396,1,200,0.6
2026-09-14T06:22:36Z,25452,547.1,1000,1000,1,1627638516,1,200,0.7
2026-09-14T06:23:07Z,25482,523.7,1000,1000,1,1629580572,1,200,0.6
2026-09-14T06:23:36Z,25512,520.8,1000,1000,1,1632487881,1,200,0.6
2026-09-14T06:24:06Z,25542,538.2,1000,1000,1,1634367549,1,200,2.1
2026-09-14T06:24:36Z,25572,526.1,1000,1000,1,1636247900,1,200,0.6
2026-09-14T06:25:06Z,25602,539.2,1000,1000,1,1638189956,1,200,0.7
2026-09-14T06:25:36Z,25632,521.5,1000,1000,1,1640072835,1,200,1.0
2026-09-14T06:26:06Z,25662,516.1,1000,1000,1,1641948195,1,200,0.6
2026-09-14T06:26:36Z,25692,511.4,1000,1000,1,1643898238,1,200,0.6
2026-09-14T06:27:06Z,25722,530.8,1000,1000,1,1645777363,1,200,1.1
2026-09-14T06:27:36Z,25752,506.0,1000,1000,1,1647656483,1,200,1.0
2026-09-14T06:28:06Z,25782,496.4,1000,1000,1,1649604084,1,200,1.2
2026-09-14T06:28:36Z,25812,499.7,1000,1000,1,1651483553,1,200,0.6
2026-09-14T06:29:06Z,25842,560.7,1000,1000,1,1653362772,1,200,1.7
2026-09-14T06:29:36Z,25872,518.3,1000,1000,1,1655305828,1,200,0.6
2026-09-14T06:30:06Z,25902,531.9,1000,1000,1,1657188811,1,200,0.6
2026-09-14T06:30:36Z,25932,527.7,1000,1000,1,1659068435,1,200,147.2
2026-09-14T06:31:07Z,25962,530.7,1000,1000,1,1661022107,1,200,0.6
2026-09-14T06:31:36Z,25992,531.8,1000,1000,1,1662901227,1,200,0.6
2026-09-14T06:32:06Z,26022,544.9,1000,1000,1,1664783250,1,200,0.7
2026-09-14T06:32:37Z,26052,537.8,1000,1000,1,1666722403,1,200,0.5
2026-09-14T06:33:06Z,26082,535.3,1000,1000,1,1668607516,1,200,0.6
2026-09-14T06:33:36Z,26112,561.0,1000,1000,1,1670487600,1,200,0.9
2026-09-14T06:34:06Z,26142,554.6,1000,1000,1,1672365755,1,200,0.5
2026-09-14T06:34:36Z,26172,509.3,1000,1000,1,1674311901,1,200,0.5
2026-09-14T06:35:06Z,26202,550.0,1000,1000,1,1676194923,1,200,0.7
2026-09-14T06:35:36Z,26232,515.2,1000,1000,1,1678077629,1,200,0.8
2026-09-14T06:36:06Z,26262,514.6,1000,1000,1,1680023815,1,200,1.0
2026-09-14T06:36:36Z,26292,532.7,1000,1000,1,1681903211,1,200,0.5
2026-09-14T06:37:06Z,26322,513.7,1000,1000,1,1683781331,1,200,0.6
2026-09-14T06:37:36Z,26352,555.9,1000,1000,1,1685724387,1,200,0.4
2026-09-14T06:38:06Z,26382,554.2,1000,1000,1,1687602507,1,200,0.7
2026-09-14T06:38:36Z,26412,522.2,1000,1000,1,1689481627,1,200,0.8
2026-09-14T06:39:06Z,26442,547.1,1000,1000,1,1691431675,1,200,0.9
2026-09-14T06:39:36Z,26472,504.7,1000,1000,1,1693310795,1,200,0.7
2026-09-14T06:40:06Z,26502,520.5,1000,1000,1,1695188915,1,200,0.6
2026-09-14T06:40:36Z,26532,523.0,1000,1000,1,1697131971,1,200,0.6
2026-09-14T06:41:06Z,26562,531.9,1000,1000,1,1699010091,1,200,0.6
2026-09-14T06:41:36Z,26592,544.1,1000,1000,1,1700896526,1,200,0.9
2026-09-14T06:42:06Z,26622,508.7,1000,1000,1,1702839259,1,200,1.7
2026-09-14T06:42:36Z,26652,564.6,1000,1000,1,1704718379,1,200,0.6
2026-09-14T06:43:06Z,26682,535.0,1000,1000,1,1706601384,1,200,123.3
2026-09-14T06:43:37Z,26712,534.7,1000,1000,1,1708552942,1,200,0.7
2026-09-14T06:44:06Z,26742,546.1,1000,1000,1,1710433659,1,200,3.2
2026-09-14T06:44:36Z,26772,560.7,1000,1000,1,1712316988,1,200,0.5
2026-09-14T06:45:06Z,26802,507.4,1000,1000,1,1714197005,1,200,3.5
2026-09-14T06:45:36Z,26832,553.7,1000,1000,1,1716140768,1,200,0.9
2026-09-14T06:46:06Z,26862,527.8,1000,1000,1,1718020067,1,200,1.2
2026-09-14T06:46:36Z,26892,512.1,1000,1000,1,1719899187,1,200,0.6
2026-09-14T06:47:06Z,26922,522.3,1000,1000,1,1721841243,1,200,0.4
2026-09-14T06:47:36Z,26952,552.9,1000,1000,1,1723720363,1,200,0.6
2026-09-14T06:48:06Z,26982,535.2,1000,1000,1,1725606178,1,200,0.7
2026-09-14T06:48:36Z,27012,516.8,1000,1000,1,1727549531,1,200,1.5
2026-09-14T06:49:06Z,27042,532.6,1000,1000,1,1729427651,1,200,1.6
2026-09-14T06:49:36Z,27072,529.1,1000,1000,1,1731314709,1,200,1.5
2026-09-14T06:50:07Z,27102,531.4,1000,1000,1,1733256819,1,200,0.5
2026-09-14T06:50:36Z,27132,512.6,1000,1000,1,1735135939,1,200,0.7
2026-09-14T06:51:06Z,27162,538.0,1000,1000,1,1737016719,1,200,0.5
2026-09-14T06:51:37Z,27192,490.5,1000,1000,1,1738973038,1,200,2.0
2026-09-14T06:52:06Z,27222,495.3,1000,1000,1,1740851217,1,200,1.8
2026-09-14T06:52:36Z,27252,554.9,1000,1000,1,1742730339,1,200,1.7
2026-09-14T06:53:07Z,27282,527.4,1000,1000,1,1744672395,1,200,0.7
2026-09-14T06:53:36Z,27312,652.2,1000,1000,1,1746557659,1,200,1.5
2026-09-14T06:54:06Z,27342,545.3,1000,1000,1,1749394669,1,200,0.6
2026-09-14T06:54:36Z,27372,526.6,1000,1000,1,1751280900,1,200,1.8
2026-09-14T06:55:06Z,27402,517.6,1000,1000,1,1753223837,1,200,0.5
2026-09-14T06:55:36Z,27432,563.3,1000,1000,1,1755102957,1,200,0.7
2026-09-14T06:56:06Z,27462,486.1,1000,1000,1,1756984871,1,200,0.4
2026-09-14T06:56:37Z,27492,516.2,1000,1000,1,1758932125,1,200,0.7
2026-09-14T06:57:06Z,27522,538.9,1000,1000,1,1760814851,1,200,0.5
2026-09-14T06:57:36Z,27552,534.5,1000,1000,1,1762697357,1,200,1.2
2026-09-14T06:58:07Z,27582,497.8,1000,1000,1,1764642692,1,200,0.7
2026-09-14T06:58:36Z,27612,557.2,1000,1000,1,1766526525,1,200,0.6
2026-09-14T06:59:06Z,27642,502.6,1000,1000,1,1768402755,1,200,0.6
2026-09-14T06:59:37Z,27672,512.3,1000,1000,1,1770350345,1,200,0.6
2026-09-14T07:00:06Z,27702,528.6,1000,1000,1,1772225821,1,200,0.6
2026-09-14T07:00:36Z,27732,552.9,1000,1000,1,1774104941,1,200,0.6
2026-09-14T07:01:07Z,27762,558.0,1000,1000,1,1776046997,1,200,0.6
2026-09-14T07:01:36Z,27792,533.9,1000,1000,1,1777933525,1,200,1.2
2026-09-14T07:02:06Z,27822,538.1,1000,1000,1,1779808457,1,200,68.4
2026-09-14T07:02:37Z,27852,521.4,1000,1000,1,1781763277,1,200,0.9
2026-09-14T07:03:06Z,27882,549.6,1000,1000,1,1783641397,1,200,0.5
2026-09-14T07:03:36Z,27912,519.5,1000,1000,1,1785520470,1,200,2.2
2026-09-14T07:04:06Z,27942,526.3,1000,1000,1,1787404387,1,200,0.6
2026-09-14T07:04:36Z,27972,561.5,1000,1000,1,1789349685,1,200,1.7
2026-09-14T07:05:06Z,28002,528.9,1000,1000,1,1791227805,1,200,0.5
2026-09-14T07:05:36Z,28032,526.6,1000,1000,1,1793106925,1,200,0.7
2026-09-14T07:06:06Z,28062,534.4,1000,1000,1,1795048981,1,200,0.6
2026-09-14T07:06:36Z,28092,575.1,1000,1000,1,1796928101,1,200,0.5
2026-09-14T07:07:07Z,28122,536.0,1000,1000,1,1798870157,1,200,0.8
2026-09-14T07:07:36Z,28152,488.4,1000,1000,1,1800749277,1,200,0.5
2026-09-14T07:08:06Z,28182,536.4,1000,1000,1,1802627397,1,200,0.7
2026-09-14T07:08:37Z,28212,534.1,1000,1000,1,1804570453,1,200,0.5
2026-09-14T07:09:06Z,28242,551.8,1000,1000,1,1806452357,1,200,0.9
2026-09-14T07:09:36Z,28272,569.7,1000,1000,1,1808330846,1,200,0.6
2026-09-14T07:10:07Z,28302,506.5,1000,1000,1,1810277741,1,200,0.8
2026-09-14T07:10:36Z,28332,507.9,1000,1000,1,1812156861,1,200,0.5
2026-09-14T07:11:06Z,28362,535.1,1000,1000,1,1814034981,1,200,0.9
2026-09-14T07:11:37Z,28392,533.5,1000,1000,1,1815978037,1,200,0.6
2026-09-14T07:12:06Z,28422,496.4,1000,1000,1,1817856157,1,200,0.5
2026-09-14T07:12:36Z,28452,531.3,1000,1000,1,1819732488,1,200,18.3
2026-09-14T07:13:07Z,28482,501.1,1000,1000,1,1821685325,1,200,1.3
2026-09-14T07:13:36Z,28512,549.4,1000,1000,1,1823564445,1,200,0.4
2026-09-14T07:14:06Z,28542,567.0,1000,1000,1,1825442565,1,200,0.6
2026-09-14T07:14:37Z,28573,530.1,1000,1000,1,1827389665,1,200,0.6
2026-09-14T07:15:07Z,28603,513.7,1000,1000,1,1829335669,1,200,0.6
2026-09-14T07:15:37Z,28633,534.2,1000,1000,1,1831214789,1,200,0.6
2026-09-14T07:16:07Z,28663,515.0,1000,1000,1,1833092909,1,200,0.6
2026-09-14T07:16:37Z,28693,535.2,1000,1000,1,1835035965,1,200,0.5
2026-09-14T07:17:07Z,28723,526.5,1000,1000,1,1836914316,1,200,0.9
2026-09-14T07:17:37Z,28753,537.1,1000,1000,1,1838800149,1,200,0.8
2026-09-14T07:18:07Z,28783,544.6,1000,1000,1,1840743252,1,200,1.4
2026-09-14T07:18:37Z,28813,554.0,1000,1000,1,1842622373,1,200,0.5
2026-09-14T07:19:07Z,28843,524.9,1000,1000,1,1844506170,1,200,0.9
2026-09-14T07:19:37Z,28873,532.0,1000,1000,1,1846451541,1,200,1.3
2026-09-14T07:20:07Z,28903,513.1,1000,1000,1,1848329661,1,200,0.8
2026-09-14T07:20:37Z,28933,532.3,1000,1000,1,1850212318,1,200,0.7
2026-09-14T07:21:08Z,28963,546.1,1000,1000,1,1852158829,1,200,0.7
2026-09-14T07:21:37Z,28993,521.8,1000,1000,1,1854041118,1,200,0.5
2026-09-14T07:22:07Z,29023,545.3,1000,1000,1,1855916069,1,200,0.6
2026-09-14T07:22:38Z,29053,536.2,1000,1000,1,1857865787,1,200,0.8
2026-09-14T07:23:07Z,29083,505.2,1000,1000,1,1859745237,1,200,0.7
2026-09-14T07:23:37Z,29113,552.9,1000,1000,1,1861622321,1,200,10.1
2026-09-14T07:24:07Z,29143,548.5,999,999,2,1863525958,2,200,1.8
2026-09-14T07:24:38Z,29174,531.6,999,999,2,1865474276,2,200,0.6
2026-09-14T07:25:08Z,29204,514.2,999,999,2,1867415207,2,200,0.5
2026-09-14T07:25:38Z,29234,528.2,999,999,2,1869300430,2,200,3.0
2026-09-14T07:26:08Z,29264,524.1,1000,1000,2,1872193157,2,200,3.4
2026-09-14T07:26:38Z,29294,537.8,1000,1000,2,1874075720,2,200,0.8
2026-09-14T07:27:09Z,29324,545.6,1000,1000,2,1876027274,2,200,1.4
2026-09-14T07:27:38Z,29354,508.4,1000,1000,2,1877909436,2,200,0.8
2026-09-14T07:28:08Z,29384,539.6,1000,1000,2,1879788556,2,200,0.5
2026-09-14T07:28:39Z,29414,505.7,1000,1000,2,1881731611,2,200,0.6
2026-09-14T07:29:08Z,29444,546.4,1000,1000,2,1883609732,2,200,0.5
2026-09-14T07:29:38Z,29474,526.3,1000,1000,2,1885495844,2,200,2.1
2026-09-14T07:30:09Z,29504,505.0,1000,1000,2,1887437901,2,200,2.9
2026-09-14T07:30:38Z,29534,509.1,1000,1000,2,1889318019,2,200,0.5
2026-09-14T07:31:08Z,29564,524.4,1000,1000,2,1891196140,2,200,0.5
2026-09-14T07:31:38Z,29594,476.4,1000,1000,2,1893082986,2,200,1.5
2026-09-14T07:32:08Z,29624,521.6,1000,1000,2,1895025308,2,200,0.8
2026-09-14T07:32:38Z,29654,554.2,1000,1000,2,1896906424,2,200,2.4
2026-09-14T07:33:08Z,29684,541.7,1000,1000,2,1898789541,2,200,0.8
2026-09-14T07:33:38Z,29714,549.5,1000,1000,2,1900733595,2,200,0.8
2026-09-14T07:34:08Z,29744,499.2,1000,1000,2,1902616293,2,200,0.5
2026-09-14T07:34:38Z,29774,559.8,1000,1000,2,1904497828,2,200,0.6
2026-09-14T07:35:09Z,29804,523.5,1000,1000,2,1906440884,2,200,0.6
2026-09-14T07:35:38Z,29834,552.5,1000,1000,2,1908320003,2,200,0.5
2026-09-14T07:36:08Z,29864,552.1,1000,1000,2,1910202595,2,200,0.5
2026-09-14T07:36:39Z,29894,534.6,1000,1000,2,1912148172,2,200,1.6
2026-09-14T07:37:08Z,29924,547.7,1000,1000,2,1914027292,2,200,0.6
2026-09-14T07:37:38Z,29954,535.4,1000,1000,2,1915909958,2,200,0.6
2026-09-14T07:38:09Z,29984,512.4,1000,1000,2,1917855455,2,200,0.9
2026-09-14T07:38:38Z,30014,509.0,1000,1000,2,1919735579,2,200,0.8
2026-09-14T07:39:08Z,30044,566.5,1000,1000,2,1921611016,2,200,43.1
2026-09-14T07:39:39Z,30074,502.3,1000,1000,2,1923563748,2,200,0.8
2026-09-14T07:40:08Z,30104,536.9,1000,1000,2,1925442868,2,200,0.5
2026-09-14T07:40:38Z,30134,579.5,1000,1000,2,1927328980,2,200,1.0
2026-09-14T07:41:08Z,30164,513.6,1000,1000,2,1929207101,2,200,0.6
2026-09-14T07:41:38Z,30194,564.9,1000,1000,2,1931150156,2,200,0.5
2026-09-14T07:42:08Z,30224,558.0,1000,1000,2,1933029455,2,200,0.7
2026-09-14T07:42:38Z,30254,546.0,1000,1000,2,1934911585,2,200,0.6
2026-09-14T07:43:08Z,30284,558.8,1000,1000,2,1936857439,2,200,1.8
2026-09-14T07:43:38Z,30314,509.7,1000,1000,2,1938737563,2,200,1.4
2026-09-14T07:44:08Z,30344,534.7,1000,1000,2,1940618511,2,200,0.6
2026-09-14T07:44:39Z,30374,507.3,1000,1000,2,1942569609,2,200,0.5
2026-09-14T07:45:08Z,30404,535.1,1000,1000,2,1944452059,2,200,1.9
2026-09-14T07:45:38Z,30434,540.1,1000,1000,2,1946327368,2,200,18.1
2026-09-14T07:46:09Z,30464,529.9,1000,1000,2,1948274020,2,200,0.6
2026-09-14T07:46:38Z,30494,542.2,1000,1000,2,1950160132,2,200,1.6
2026-09-14T07:47:08Z,30524,542.7,1000,1000,2,1952039646,2,200,0.7
2026-09-14T07:47:38Z,30554,527.3,1000,1000,2,1953918371,2,200,0.8
2026-09-14T07:48:08Z,30584,513.3,1000,1000,2,1955862511,2,200,0.6
2026-09-14T07:48:38Z,30614,495.9,1000,1000,2,1957743849,2,200,1.5
2026-09-14T07:49:09Z,30644,522.9,1000,1000,2,1959686681,2,200,0.9
2026-09-14T07:49:38Z,30674,503.4,1000,1000,2,1961568715,2,200,2.3
2026-09-14T07:50:08Z,30704,536.6,1000,1000,2,1963446836,2,200,0.6
2026-09-14T07:50:38Z,30734,504.5,1000,1000,2,1965333947,2,200,1.2
2026-09-14T07:51:08Z,30764,543.7,1000,1000,2,1967276004,2,200,0.7
2026-09-14T07:51:38Z,30794,581.9,1000,1000,2,1969155514,2,200,1.7
2026-09-14T07:52:08Z,30824,525.3,1000,1000,2,1971033244,2,200,0.6
2026-09-14T07:52:38Z,30854,529.7,1000,1000,2,1972976299,2,200,0.5
2026-09-14T07:53:08Z,30884,499.3,1000,1000,2,1974854420,2,200,0.9
2026-09-14T07:53:39Z,30914,537.6,1000,1000,2,1976797475,2,200,0.6
2026-09-14T07:54:08Z,30944,496.5,1000,1000,2,1978683588,2,200,2.1
2026-09-14T07:54:38Z,30974,545.9,1000,1000,2,1980562707,2,200,0.9
2026-09-14T07:55:08Z,31004,506.3,1000,1000,2,1982444815,2,200,0.6
2026-09-14T07:55:38Z,31034,508.0,1000,1000,2,1984383883,2,200,0.6
2026-09-14T07:56:08Z,31064,547.5,1000,1000,2,1987260005,2,200,2.1
2026-09-14T07:56:38Z,31094,531.5,1000,1000,2,1989139124,2,200,0.5
2026-09-14T07:57:09Z,31124,489.4,1000,1000,2,1991084337,2,200,1.2
2026-09-14T07:57:38Z,31154,539.3,1000,1000,2,1992964296,2,200,0.6
2026-09-14T07:58:08Z,31184,558.1,1000,1000,2,1994842414,2,200,0.8
2026-09-14T07:58:39Z,31214,521.2,1000,1000,2,1996792465,2,200,0.7
2026-09-14T07:59:08Z,31244,548.0,1000,1000,2,1998670586,2,200,0.5
2026-09-14T07:59:38Z,31274,514.0,1000,1000,2,2000547955,2,200,37.4
2026-09-14T08:00:09Z,31304,531.0,1000,1000,2,2002499754,2,200,0.9
2026-09-14T08:00:38Z,31334,534.8,1000,1000,2,2004379872,2,200,4.5
2026-09-14T08:01:08Z,31364,557.0,1000,1000,2,2006262024,2,200,0.8
2026-09-14T08:01:39Z,31395,538.8,1000,1000,2,2008206935,2,200,0.5
2026-09-14T08:02:09Z,31425,534.4,1000,1000,2,2010150098,2,200,0.6
2026-09-14T08:02:39Z,31455,524.8,1000,1000,2,2012030196,2,200,0.4
2026-09-14T08:03:09Z,31485,498.1,1000,1000,2,2013908337,2,200,0.5
2026-09-14T08:03:39Z,31515,537.0,1000,1000,2,2015851392,2,200,0.6
2026-09-14T08:04:09Z,31545,564.5,1000,1000,2,2017733946,2,200,0.9
2026-09-14T08:04:39Z,31575,509.4,1000,1000,2,2019616624,2,200,0.7
2026-09-14T08:05:09Z,31605,511.9,1000,1000,2,2021558681,2,200,0.5
2026-09-14T08:05:39Z,31635,550.8,1000,1000,2,2023437800,2,200,1.0
2026-09-14T08:06:10Z,31665,552.2,1000,1000,2,2025379857,2,200,0.5
2026-09-14T08:06:39Z,31695,532.2,1000,1000,2,2027258976,2,200,0.9
2026-09-14T08:07:09Z,31725,520.4,1000,1000,2,2029137112,2,200,0.5
2026-09-14T08:07:40Z,31755,541.1,1000,1000,2,2031080152,2,200,0.6
2026-09-14T08:08:09Z,31785,530.3,1000,1000,2,2032966252,2,200,0.6
2026-09-14T08:08:39Z,31815,558.5,1000,1000,2,2034838208,2,200,0.9
2026-09-14T08:09:09Z,31845,525.5,1000,1000,2,2036723505,2,200,0.5
2026-09-14T08:09:39Z,31875,530.9,1000,1000,2,2038674552,2,200,1.3
2026-09-14T08:10:09Z,31905,527.2,1000,1000,2,2040552673,2,200,0.6
2026-09-14T08:10:39Z,31935,554.9,1000,1000,2,2042431792,2,200,0.5
2026-09-14T08:11:09Z,31965,519.7,1000,1000,2,2044373849,2,200,0.5
2026-09-14T08:11:39Z,31995,546.8,1000,1000,2,2046254723,2,200,1.4
2026-09-14T08:12:09Z,32025,540.3,1000,1000,2,2048140878,2,200,1.5
2026-09-14T08:12:40Z,32055,565.2,1000,1000,2,2050090128,2,200,0.6
2026-09-14T08:13:09Z,32085,535.7,1000,1000,2,2051968249,2,200,0.6
2026-09-14T08:13:39Z,32115,529.4,1000,1000,2,2053842121,2,200,54.8
2026-09-14T08:14:10Z,32146,554.8,1000,1000,2,2055797417,2,200,0.6
2026-09-14T08:14:40Z,32176,567.9,1000,1000,2,2057745990,2,200,0.6
2026-09-14T08:15:10Z,32206,537.9,1000,1000,2,2059626317,2,200,0.7
2026-09-14T08:15:40Z,32236,519.9,1000,1000,2,2061505704,2,200,0.8
2026-09-14T08:16:10Z,32266,546.7,1000,1000,2,2063447845,2,200,0.5
2026-09-14T08:16:40Z,32296,528.5,1000,1000,2,2065328503,2,200,0.9
2026-09-14T08:17:10Z,32326,508.2,1000,1000,2,2067205001,2,200,0.5
2026-09-14T08:17:40Z,32356,549.8,1000,1000,2,2069148056,2,200,0.6
2026-09-14T08:18:10Z,32386,532.5,1000,1000,2,2071034042,2,200,0.7
2026-09-14T08:18:40Z,32416,501.2,1000,1000,2,2072913288,2,200,0.7
2026-09-14T08:19:10Z,32446,505.0,1000,1000,2,2074856438,2,200,0.7
2026-09-14T08:19:40Z,32476,530.9,1000,1000,2,2076736518,2,200,1.6
2026-09-14T08:20:10Z,32506,521.3,1000,1000,2,2078612585,2,200,0.6
2026-09-14T08:20:40Z,32536,519.6,1000,1000,2,2080562875,2,200,1.7
2026-09-14T08:21:10Z,32566,562.1,1000,1000,2,2082441753,2,200,0.6
2026-09-14T08:21:40Z,32596,535.4,1000,1000,2,2084320872,2,200,0.5
2026-09-14T08:22:10Z,32626,523.2,1000,1000,2,2086262992,2,200,0.4
2026-09-14T08:22:40Z,32656,554.5,1000,1000,2,2088142048,2,200,0.9
2026-09-14T08:23:10Z,32686,532.4,1000,1000,2,2090020169,2,200,0.5
2026-09-14T08:23:40Z,32716,509.6,1000,1000,2,2091971213,2,200,1.3
2026-09-14T08:24:10Z,32746,555.3,1000,1000,2,2093849337,2,200,1.7
2026-09-14T08:24:40Z,32776,541.2,1000,1000,2,2095728456,2,200,1.1
2026-09-14T08:25:10Z,32806,555.9,1000,1000,2,2097670576,2,200,0.5
2026-09-14T08:25:40Z,32836,549.6,1000,1000,2,2099549632,2,200,0.5
2026-09-14T08:26:10Z,32866,725.8,1000,1000,2,2101387793,2,200,43.6
2026-09-14T08:26:40Z,32896,524.0,1000,1000,2,2104316227,2,200,0.6
2026-09-14T08:27:10Z,32926,523.3,1000,1000,2,2106196861,2,200,1.5
2026-09-14T08:27:40Z,32956,542.7,1000,1000,2,2108078073,2,200,2.9
2026-09-14T08:28:11Z,32986,516.4,1000,1000,2,2110020217,2,200,0.9
2026-09-14T08:28:40Z,33016,519.1,1000,1000,2,2111899273,2,200,0.5
2026-09-14T08:29:10Z,33046,540.8,1000,1000,2,2113781401,2,200,116.3
2026-09-14T08:29:41Z,33076,542.9,1000,1000,2,2115733531,2,200,1.2
2026-09-14T08:30:10Z,33106,524.4,1000,1000,2,2117614555,2,200,1.9
2026-09-14T08:30:40Z,33136,503.5,1000,1000,2,2119493673,2,200,0.6
2026-09-14T08:31:10Z,33166,535.0,1000,1000,2,2121374922,2,200,0.6
2026-09-14T08:31:40Z,33196,527.1,1000,1000,2,2123322841,2,200,0.6
2026-09-14T08:32:10Z,33226,561.1,1000,1000,2,2125200962,2,200,0.8
2026-09-14T08:32:40Z,33256,540.4,1000,1000,2,2127080081,2,200,0.5
2026-09-14T08:33:10Z,33286,519.0,1000,1000,2,2129022139,2,200,0.6
2026-09-14T08:33:40Z,33316,532.6,1000,1000,2,2130901257,2,200,0.6
2026-09-14T08:34:10Z,33346,514.3,1000,1000,2,2132787370,2,200,1.4
2026-09-14T08:34:40Z,33376,549.6,1000,1000,2,2134730425,2,200,0.5
2026-09-14T08:35:10Z,33406,527.6,1000,1000,2,2136608546,2,200,0.7
2026-09-14T08:35:40Z,33436,525.1,1000,1000,2,2138491316,2,200,0.6
2026-09-14T08:36:11Z,33466,516.9,1000,1000,2,2140437715,2,200,1.6
2026-09-14T08:36:40Z,33496,545.3,1000,1000,2,2142316833,2,200,0.6
2026-09-14T08:37:10Z,33526,523.6,1000,1000,2,2144199518,2,200,132.8
2026-09-14T08:37:41Z,33556,545.6,1000,1000,2,2146146001,2,200,0.6
2026-09-14T08:38:10Z,33586,477.0,1000,1000,2,2148024122,2,200,0.6
2026-09-14T08:38:40Z,33616,528.7,1000,1000,2,2149903625,2,200,0.6
2026-09-14T08:39:11Z,33646,548.5,1000,1000,2,2151853353,2,200,2.2
2026-09-14T08:39:40Z,33676,556.8,1000,1000,2,2153732409,2,200,0.8
2026-09-14T08:40:10Z,33706,536.4,1000,1000,2,2155608016,2,200,0.6
2026-09-14T08:40:41Z,33736,531.8,1000,1000,2,2157556445,2,200,0.6
2026-09-14T08:41:10Z,33766,506.2,1000,1000,2,2159439698,2,200,5.5
2026-09-14T08:41:40Z,33796,520.8,1000,1000,2,2161318817,2,200,0.6
2026-09-14T08:42:11Z,33826,503.2,1000,1000,2,2163260937,2,200,0.6
2026-09-14T08:42:40Z,33856,527.0,1000,1000,2,2165139993,2,200,0.6
2026-09-14T08:43:10Z,33886,541.7,1000,1000,2,2167020780,2,200,0.6
2026-09-14T08:43:41Z,33916,528.3,1000,1000,2,2168961169,2,200,0.5
2026-09-14T08:44:10Z,33946,554.0,1000,1000,2,2170846905,2,200,1.6
2026-09-14T08:44:40Z,33976,563.7,1000,1000,2,2172726401,2,200,0.5
2026-09-14T08:45:11Z,34007,528.6,1000,1000,2,2174668521,2,200,0.8
2026-09-14T08:45:41Z,34037,552.3,1000,1000,2,2176611513,2,200,0.5
2026-09-14T08:46:11Z,34067,536.8,1000,1000,2,2178493708,2,200,1.4
2026-09-14T08:46:41Z,34097,523.9,1000,1000,2,2180376745,2,200,0.5
2026-09-14T08:47:11Z,34127,515.8,1000,1000,2,2182324135,2,200,1.2
2026-09-14T08:47:41Z,34157,515.6,1000,1000,2,2184205913,2,200,1.0
2026-09-14T08:48:11Z,34187,521.0,1000,1000,2,2186084097,2,200,0.6
2026-09-14T08:48:41Z,34217,533.1,1000,1000,2,2188027089,2,200,0.9
2026-09-14T08:49:11Z,34247,554.4,1000,1000,2,2189911325,2,200,0.5
2026-09-14T08:49:41Z,34277,571.8,1000,1000,2,2191790891,2,200,0.9
2026-09-14T08:50:11Z,34307,521.5,1000,1000,2,2193735084,2,200,1.2
2026-09-14T08:50:41Z,34337,524.3,1000,1000,2,2195613497,2,200,0.8
2026-09-14T08:51:11Z,34367,527.4,1000,1000,2,2197496986,2,200,81.7
2026-09-14T08:51:42Z,34397,532.1,1000,1000,2,2199450657,2,200,0.6
2026-09-14T08:52:11Z,34427,545.6,1000,1000,2,2201329387,2,200,0.6
2026-09-14T08:52:41Z,34457,533.8,1000,1000,2,2203207897,2,200,0.6
2026-09-14T08:53:12Z,34487,551.2,1000,1000,2,2205150736,2,200,0.5
2026-09-14T08:53:41Z,34517,549.6,1000,1000,2,2207037065,2,200,1.6
2026-09-14T08:54:11Z,34547,527.6,1000,1000,2,2208914821,2,200,2.2
2026-09-14T08:54:41Z,34577,549.1,1000,1000,2,2210798884,2,200,0.6
2026-09-14T08:55:11Z,34607,502.9,1000,1000,2,2212744963,2,200,1.1
2026-09-14T08:55:41Z,34637,515.8,1000,1000,2,2214628318,2,200,0.8
2026-09-14T08:56:11Z,34667,520.5,1000,1000,2,2216509649,2,200,0.9
2026-09-14T08:56:41Z,34697,498.9,1000,1000,2,2219411093,2,200,2.6
2026-09-14T08:57:11Z,34727,520.7,1000,1000,2,2221355488,2,200,0.6
2026-09-14T08:57:41Z,34757,528.7,1000,1000,2,2223233856,2,200,0.5
2026-09-14T08:58:11Z,34787,558.0,1000,1000,2,2225120386,2,200,0.7
2026-09-14T08:58:42Z,34817,511.1,1000,1000,2,2227065860,2,200,0.6
2026-09-14T08:59:11Z,34847,535.4,1000,1000,2,2228948683,2,200,0.5
2026-09-14T08:59:41Z,34877,572.0,1000,1000,2,2230828940,2,200,0.5
2026-09-14T09:00:12Z,34907,507.4,1000,1000,2,2232771961,2,200,0.5
2026-09-14T09:00:41Z,34937,527.3,1000,1000,2,2234652429,2,200,0.6
2026-09-14T09:01:11Z,34967,495.9,1000,1000,2,2236527550,2,200,13.4
2026-09-14T09:01:42Z,34997,518.0,1000,1000,2,2238479489,2,200,0.8
2026-09-14T09:02:11Z,35027,547.7,1000,1000,2,2240360327,2,200,3.5
2026-09-14T09:02:41Z,35057,530.0,1000,1000,2,2242241887,2,200,0.4
2026-09-14T09:03:12Z,35087,524.8,1000,1000,2,2244184673,2,200,2.3
2026-09-14T09:03:41Z,35117,513.7,1000,1000,2,2246065008,2,200,0.7
2026-09-14T09:04:11Z,35147,524.2,1000,1000,2,2247946576,2,200,0.5
2026-09-14T09:04:41Z,35177,518.8,1000,1000,2,2249830240,2,200,0.4
2026-09-14T09:05:11Z,35207,545.6,1000,1000,2,2251775903,2,200,0.6
2026-09-14T09:05:41Z,35237,526.5,1000,1000,2,2253659220,2,200,1.1
2026-09-14T09:06:11Z,35267,511.3,1000,1000,2,2255540589,2,200,0.6
2026-09-14T09:06:41Z,35297,518.2,1000,1000,2,2257483581,2,200,0.5
2026-09-14T09:07:11Z,35327,506.1,1000,1000,2,2259365927,2,200,0.8
2026-09-14T09:07:41Z,35357,560.1,1000,1000,2,2261245813,2,200,1.3
2026-09-14T09:08:11Z,35387,538.8,1000,1000,2,2263191479,2,200,0.5
2026-09-14T09:08:41Z,35417,515.4,1000,1000,2,2265073472,2,200,0.6
2026-09-14T09:09:11Z,35447,545.6,1000,1000,2,2266958257,2,200,133.4
2026-09-14T09:09:42Z,35477,567.1,1000,1000,2,2268907149,2,200,0.5
2026-09-14T09:10:11Z,35507,516.2,1000,1000,2,2270793871,2,200,0.5
2026-09-14T09:10:41Z,35537,551.4,1000,1000,2,2272675878,2,200,0.5
2026-09-14T09:11:11Z,35567,562.8,1000,1000,2,2274556313,2,200,1.0
2026-09-14T09:11:41Z,35597,532.5,1000,1000,2,2276501549,2,200,0.5
2026-09-14T09:12:11Z,35627,554.4,1000,1000,2,2278385092,2,200,0.9
2026-09-14T09:12:41Z,35657,519.3,1000,1000,2,2280266781,2,200,0.6
2026-09-14T09:13:11Z,35687,501.6,1000,1000,2,2282209447,2,200,0.5
2026-09-14T09:13:41Z,35717,524.1,1000,1000,2,2284092622,2,200,0.7
2026-09-14T09:14:11Z,35747,548.4,1000,1000,2,2285979059,2,200,67.9
2026-09-14T09:14:42Z,35777,539.6,1000,1000,2,2287933109,2,200,0.7
2026-09-14T09:15:11Z,35807,494.0,1000,1000,2,2289814660,2,200,0.5
2026-09-14T09:15:41Z,35837,510.7,1000,1000,2,2291696045,2,200,1.1
2026-09-14T09:16:11Z,35867,539.9,1000,1000,2,2293576525,2,200,0.5
2026-09-14T09:16:41Z,35897,505.2,1000,1000,2,2295527509,2,200,1.3
2026-09-14T09:17:11Z,35927,516.2,1000,1000,2,2297409385,2,200,0.5
2026-09-14T09:17:41Z,35957,546.2,1000,1000,2,2299292741,2,200,0.7
2026-09-14T09:18:11Z,35987,515.4,1000,1000,2,2301235407,2,200,0.4
2026-09-14T09:18:41Z,36017,503.5,1000,1000,2,2303118912,2,200,1.8
2026-09-14T09:19:11Z,36047,521.6,1000,1000,2,2305002473,2,200,118.0
2026-09-14T09:19:42Z,36077,510.6,1000,1000,2,2306955174,2,200,0.7
2026-09-14T09:20:11Z,36107,525.1,1000,1000,2,2308837799,2,200,0.5
2026-09-14T09:20:41Z,36137,550.0,1000,1000,2,2310721291,2,200,0.7
2026-09-14T09:21:11Z,36167,536.5,1000,1000,2,2312602485,2,200,0.6
2026-09-14T09:21:41Z,36197,536.4,1000,1000,2,2314550472,2,200,0.6
2026-09-14T09:22:11Z,36227,525.5,1000,1000,2,2316432457,2,200,0.7
2026-09-14T09:22:41Z,36257,526.0,1000,1000,2,2318316416,2,200,1.1
2026-09-14T09:23:12Z,36287,529.8,1000,1000,2,2320261226,2,200,0.5
2026-09-14T09:23:41Z,36317,518.4,1000,1000,2,2322139862,2,200,0.6
2026-09-14T09:24:11Z,36347,540.9,1000,1000,2,2324022816,2,200,136.1
2026-09-14T09:24:42Z,36377,543.1,1000,1000,2,2325977037,2,200,0.6
2026-09-14T09:25:11Z,36407,524.4,1000,1000,2,2327859257,2,200,0.5
2026-09-14T09:25:41Z,36437,530.1,1000,1000,2,2329742262,2,200,0.6
2026-09-14T09:26:11Z,36467,522.3,1000,1000,2,2331620453,2,200,0.7
2026-09-14T09:26:42Z,36497,506.3,1000,1000,2,2334495678,2,200,4.7
2026-09-14T09:27:12Z,36527,549.4,1000,1000,2,2336437448,2,200,0.8
2026-09-14T09:27:41Z,36557,514.6,1000,1000,2,2338320628,2,200,0.5
2026-09-14T09:28:11Z,36587,571.5,1000,1000,2,2340199368,2,200,50.7
2026-09-14T09:28:41Z,36617,534.9,1000,1000,2,2342089912,2,200,0.9
2026-09-14T09:29:11Z,36647,543.9,1000,1000,2,2344032578,2,200,0.6
2026-09-14T09:29:41Z,36677,511.3,1000,1000,2,2345913932,2,200,1.0
2026-09-14T09:30:11Z,36707,507.5,1000,1000,2,2347796265,2,200,0.6
2026-09-14T09:30:42Z,36737,530.8,1000,1000,2,2349744549,2,200,0.7
2026-09-14T09:31:11Z,36767,507.2,1000,1000,2,2351625820,2,200,1.6
2026-09-14T09:31:41Z,36797,556.1,1000,1000,2,2353505488,2,200,0.5
2026-09-14T09:32:12Z,36827,542.5,1000,1000,2,2355450183,2,200,0.7
2026-09-14T09:32:41Z,36857,560.2,1000,1000,2,2357332166,2,200,1.0
2026-09-14T09:33:11Z,36887,569.5,1000,1000,2,2359210298,2,200,0.6
2026-09-14T09:33:42Z,36917,492.1,1000,1000,2,2361154833,2,200,2.8
2026-09-14T09:34:11Z,36947,516.7,1000,1000,2,2363034403,2,200,0.6
2026-09-14T09:34:41Z,36977,532.0,1000,1000,2,2364913072,2,200,0.5
2026-09-14T09:35:12Z,37007,539.6,1000,1000,2,2366863827,2,200,0.7
2026-09-14T09:35:41Z,37037,536.2,1000,1000,2,2368742493,2,200,0.5
2026-09-14T09:36:11Z,37067,510.5,1000,1000,2,2370619086,2,200,2.5
2026-09-14T09:36:42Z,37097,519.4,1000,1000,2,2372570409,2,200,1.2
2026-09-14T09:37:11Z,37127,525.2,1000,1000,2,2374449067,2,200,1.4
2026-09-14T09:37:41Z,37157,537.6,1000,1000,2,2376328648,2,200,0.5
2026-09-14T09:38:11Z,37187,534.8,1000,1000,2,2378206832,2,200,0.7
2026-09-14T09:38:41Z,37217,530.5,1000,1000,2,2380149824,2,200,0.6
2026-09-14T09:39:11Z,37247,540.3,1000,1000,2,2382029982,2,200,1.7
2026-09-14T09:39:41Z,37277,515.9,1000,1000,2,2383915056,2,200,0.6
2026-09-14T09:40:11Z,37307,497.6,1000,1000,2,2385863233,2,200,1.5
2026-09-14T09:40:41Z,37337,545.4,1000,1000,2,2387744224,2,200,3.7
2026-09-14T09:41:11Z,37367,538.2,1000,1000,2,2389625995,2,200,0.6
2026-09-14T09:41:41Z,37397,519.6,1000,1000,2,2391573392,2,200,1.5
2026-09-14T09:42:11Z,37427,552.0,1000,1000,2,2393451963,2,200,0.6
2026-09-14T09:42:41Z,37457,527.4,1000,1000,2,2395330632,2,200,0.6
2026-09-14T09:43:11Z,37487,538.2,1000,1000,2,2397278374,2,200,1.3
2026-09-14T09:43:41Z,37517,548.1,1000,1000,2,2399159800,2,200,0.7
2026-09-14T09:44:11Z,37547,529.4,1000,1000,2,2401041065,2,200,0.5
2026-09-14T09:44:41Z,37577,523.9,1000,1000,2,2402933024,2,200,0.7
2026-09-14T09:45:11Z,37607,551.4,1000,1000,2,2404875531,2,200,0.5
2026-09-14T09:45:41Z,37637,500.0,1000,1000,2,2406754200,2,200,0.7
2026-09-14T09:46:12Z,37668,546.8,1000,1000,2,2408700816,2,200,0.5
2026-09-14T09:46:42Z,37698,554.8,1000,1000,2,2410647304,2,200,0.6
2026-09-14T09:47:12Z,37728,536.4,1000,1000,2,2412527280,2,200,2.0
2026-09-14T09:47:42Z,37758,515.6,1000,1000,2,2414404544,2,200,0.7
2026-09-14T09:48:12Z,37788,525.2,1000,1000,2,2416347600,2,200,0.5
2026-09-14T09:48:42Z,37818,536.9,1000,1000,2,2418233712,2,200,0.8
2026-09-14T09:49:12Z,37848,540.6,1000,1000,2,2420112615,2,200,0.6
2026-09-14T09:49:43Z,37878,511.3,1000,1000,2,2422062880,2,200,1.0
2026-09-14T09:50:12Z,37908,539.9,1000,1000,2,2423942000,2,200,1.0
2026-09-14T09:50:42Z,37938,561.5,1000,1000,2,2425820120,2,200,0.6
2026-09-14T09:51:13Z,37968,508.7,1000,1000,2,2427763176,2,200,0.5
2026-09-14T09:51:42Z,37998,522.2,1000,1000,2,2429641296,2,200,1.9
2026-09-14T09:52:12Z,38028,520.5,1000,1000,2,2431524771,2,200,140.0
2026-09-14T09:52:43Z,38058,538.6,1000,1000,2,2433478429,2,200,0.7
2026-09-14T09:53:12Z,38088,518.3,1000,1000,2,2435357576,2,200,0.6
2026-09-14T09:53:42Z,38118,551.1,1000,1000,2,2437235696,2,200,0.6
2026-09-14T09:54:13Z,38148,511.8,1000,1000,2,2439178752,2,200,0.5
2026-09-14T09:54:42Z,38178,507.4,1000,1000,2,2441056872,2,200,0.6
2026-09-14T09:55:12Z,38208,524.0,1000,1000,2,2442932292,2,200,50.3
2026-09-14T09:55:43Z,38238,534.4,1000,1000,2,2444885509,2,200,1.1
2026-09-14T09:56:12Z,38268,513.8,1000,1000,2,2446765160,2,200,0.5
2026-09-14T09:56:43Z,38298,614.4,1000,1000,2,2449530495,2,200,156.6
2026-09-14T09:57:12Z,38328,521.2,1000,1000,2,2451551370,2,200,0.5
2026-09-14T09:57:42Z,38358,530.6,1000,1000,2,2453429490,2,200,0.8
2026-09-14T09:58:13Z,38388,500.5,1000,1000,2,2455372546,2,200,0.6
2026-09-14T09:58:42Z,38418,517.8,1000,1000,2,2457253540,2,200,0.9
2026-09-14T09:59:12Z,38448,554.8,1000,1000,2,2459137347,2,200,1.6
2026-09-14T09:59:43Z,38478,524.5,1000,1000,2,2461080635,2,200,3.2
2026-09-14T10:00:12Z,38508,541.1,1000,1000,2,2462971150,2,200,0.7
2026-09-14T10:00:42Z,38538,547.4,1000,1000,2,2464851717,2,200,0.7
2026-09-14T10:01:12Z,38568,508.6,1000,1000,2,2466731904,2,200,0.5
2026-09-14T10:01:43Z,38598,522.1,1000,1000,2,2468674234,2,200,0.7
2026-09-14T10:02:12Z,38628,543.0,1000,1000,2,2470561346,2,200,1.2
2026-09-14T10:02:42Z,38658,502.5,1000,1000,2,2472435768,2,200,45.9
2026-09-14T10:03:13Z,38688,552.3,1000,1000,2,2474385830,2,200,0.8
2026-09-14T10:03:42Z,38718,524.2,1000,1000,2,2476265172,2,200,0.5
2026-09-14T10:04:12Z,38748,569.9,1000,1000,2,2478146673,2,200,2.9
2026-09-14T10:04:43Z,38778,525.2,1000,1000,2,2480089806,2,200,1.5
2026-09-14T10:05:12Z,38808,546.8,1000,1000,2,2481968930,2,200,0.6
2026-09-14T10:05:42Z,38838,525.7,1000,1000,2,2483848078,2,200,1.3
2026-09-14T10:06:12Z,38868,526.5,1000,1000,2,2485733777,2,200,1.0
2026-09-14T10:06:42Z,38898,510.4,1000,1000,2,2487676218,2,200,0.6
2026-09-14T10:07:12Z,38928,540.2,1000,1000,2,2489555121,2,200,0.6
2026-09-14T10:07:43Z,38958,558.0,1000,1000,2,2491497394,2,200,0.7
2026-09-14T10:08:12Z,38988,517.1,1000,1000,2,2493379592,2,200,0.9
2026-09-14T10:08:42Z,39018,543.1,1000,1000,2,2495251372,2,200,2.9
2026-09-14T10:09:13Z,39048,510.1,1000,1000,2,2497197690,2,200,0.7
2026-09-14T10:09:42Z,39078,523.6,1000,1000,2,2499083228,2,200,0.8
2026-09-14T10:10:12Z,39108,531.3,1000,1000,2,2500962705,2,200,0.6
2026-09-14T10:10:43Z,39139,532.5,1000,1000,2,2502904978,2,200,0.5
2026-09-14T10:11:13Z,39169,504.6,1000,1000,2,2504856026,2,200,3.4
2026-09-14T10:11:43Z,39199,512.7,1000,1000,2,2506734146,2,200,0.6
2026-09-14T10:12:13Z,39229,514.9,1000,1000,2,2508613266,2,200,0.7
2026-09-14T10:12:43Z,39259,545.4,1000,1000,2,2510562912,2,200,0.8
2026-09-14T10:13:13Z,39289,527.3,1000,1000,2,2512424627,2,200,3.4
2026-09-14T10:13:43Z,39319,536.8,1000,1000,2,2514331648,2,200,0.6
2026-09-14T10:14:13Z,39349,515.8,1000,1000,2,2516218908,2,200,0.7
2026-09-14T10:14:43Z,39379,522.5,1000,1000,2,2518165706,2,200,2.2
2026-09-14T10:15:13Z,39409,543.9,1000,1000,2,2520044826,2,200,0.7
2026-09-14T10:15:43Z,39439,515.9,1000,1000,2,2521927017,2,200,0.7
2026-09-14T10:16:13Z,39469,523.7,1000,1000,2,2523873994,2,200,0.5
2026-09-14T10:16:43Z,39499,576.4,1000,1000,2,2525752114,2,200,0.6
2026-09-14T10:17:13Z,39529,503.7,1000,1000,2,2527635038,2,200,128.6
2026-09-14T10:17:44Z,39559,532.7,1000,1000,2,2529589274,2,200,1.0
2026-09-14T10:18:13Z,39589,515.9,1000,1000,2,2531468394,2,200,0.7
2026-09-14T10:18:43Z,39619,524.1,1000,1000,2,2533354506,2,200,0.7
2026-09-14T10:19:13Z,39649,517.4,1000,1000,2,2535233626,2,200,0.5
2026-09-14T10:19:43Z,39679,555.7,1000,1000,2,2537175682,2,200,0.6
2026-09-14T10:20:13Z,39709,555.3,1000,1000,2,2539054460,2,200,0.9
2026-09-14T10:20:43Z,39739,538.1,1000,1000,2,2540932922,2,200,0.6
2026-09-14T10:21:13Z,39769,532.2,1000,1000,2,2542875978,2,200,0.4
2026-09-14T10:21:43Z,39799,538.6,1000,1000,2,2544756525,2,200,1.0
2026-09-14T10:22:13Z,39829,519.7,1000,1000,2,2546641210,2,200,0.7
2026-09-14T10:22:43Z,39859,532.0,1000,1000,2,2548583266,2,200,0.8
2026-09-14T10:23:13Z,39889,519.8,1000,1000,2,2550470378,2,200,2.7
2026-09-14T10:23:43Z,39919,526.8,1000,1000,2,2552348498,2,200,1.6
2026-09-14T10:24:13Z,39949,518.0,1000,1000,2,2554291554,2,200,0.5
2026-09-14T10:24:43Z,39979,540.2,1000,1000,2,2556172269,2,200,0.6
2026-09-14T10:25:13Z,40009,550.0,1000,1000,2,2558051467,2,200,0.6
2026-09-14T10:25:44Z,40039,527.5,1000,1000,2,2560002492,2,200,0.6
2026-09-14T10:26:13Z,40069,517.4,1000,1000,2,2561885954,2,200,0.7
2026-09-14T10:26:43Z,40099,546.8,1000,1000,2,2563764074,2,200,0.5
2026-09-14T10:27:13Z,40129,491.8,1000,1000,2,2566651185,2,200,1.0
2026-09-14T10:27:43Z,40159,528.8,1000,1000,2,2568596238,2,200,0.5
2026-09-14T10:28:13Z,40189,545.5,1000,1000,2,2570478213,2,200,1.2
2026-09-14T10:28:43Z,40219,545.1,1000,1000,2,2572358473,2,200,0.6
2026-09-14T10:29:13Z,40249,536.1,1000,1000,2,2574304526,2,200,0.7
2026-09-14T10:29:43Z,40279,505.7,1000,1000,2,2576186766,2,200,0.4
2026-09-14T10:30:13Z,40309,511.5,1000,1000,2,2578069591,2,200,0.6
2026-09-14T10:30:44Z,40339,536.1,1000,1000,2,2580023461,2,200,0.6
2026-09-14T10:31:13Z,40369,531.5,1000,1000,2,2581903921,2,200,0.7
2026-09-14T10:31:43Z,40399,500.1,1000,1000,2,2583785038,2,200,0.5
2026-09-14T10:32:14Z,40430,500.5,1000,1000,2,2585728094,2,200,0.6
2026-09-14T10:32:44Z,40460,531.0,1000,1000,2,2587675145,2,200,1.0
2026-09-14T10:33:14Z,40490,514.6,1000,1000,2,2589557262,2,200,0.7
2026-09-14T10:33:44Z,40520,507.4,1000,1000,2,2591438677,2,200,0.6
2026-09-14T10:34:14Z,40550,533.2,1000,1000,2,2593383433,2,200,0.6
2026-09-14T10:34:44Z,40580,534.6,1000,1000,2,2595264550,2,200,0.5
2026-09-14T10:35:14Z,40610,519.9,1000,1000,2,2597143670,2,200,1.8
2026-09-14T10:35:44Z,40640,529.9,1000,1000,2,2599089722,2,200,3.1
2026-09-14T10:36:14Z,40670,545.6,1000,1000,2,2600973636,2,200,0.8
2026-09-14T10:36:44Z,40700,508.3,1000,1000,2,2602852306,2,200,0.5
2026-09-14T10:37:15Z,40730,526.3,1000,1000,2,2604807001,2,200,1.0
2026-09-14T10:37:44Z,40760,509.8,1000,1000,2,2606688118,2,200,0.5
2026-09-14T10:38:14Z,40790,556.2,1000,1000,2,2608561391,2,200,38.4
2026-09-14T10:38:45Z,40820,513.3,1000,1000,2,2610513291,2,200,0.4
2026-09-14T10:39:14Z,40850,533.2,1000,1000,2,2612393409,2,200,0.5
2026-09-14T10:39:44Z,40880,559.2,1000,1000,2,2614269259,2,200,3.6
2026-09-14T10:40:14Z,40910,528.7,1000,1000,2,2616158864,2,200,1.0
2026-09-14T10:40:44Z,40940,535.3,1000,1000,2,2618100697,2,200,0.6
2026-09-14T10:41:14Z,40970,538.6,1000,1000,2,2619986810,2,200,3.9
2026-09-14T10:41:44Z,41000,553.3,1000,1000,2,2621864930,2,200,0.5
2026-09-14T10:42:14Z,41030,512.8,1000,1000,2,2623809212,2,200,0.5
2026-09-14T10:42:44Z,41060,529.9,1000,1000,2,2625693241,2,200,1.0
2026-09-14T10:43:14Z,41090,558.4,1000,1000,2,2627573218,2,200,0.6
2026-09-14T10:43:45Z,41120,539.0,1000,1000,2,2629516273,2,200,0.6
2026-09-14T10:44:14Z,41150,498.3,1000,1000,2,2631398445,2,200,0.5
2026-09-14T10:44:44Z,41180,501.0,1000,1000,2,2633281489,2,200,3.4
2026-09-14T10:45:15Z,41210,515.4,1000,1000,2,2635228889,2,200,0.7
2026-09-14T10:45:44Z,41240,546.7,1000,1000,2,2637110673,2,200,1.5
2026-09-14T10:46:14Z,41270,514.1,1000,1000,2,2638983772,2,200,49.0
2026-09-14T10:46:45Z,41300,574.8,1000,1000,2,2640939842,2,200,0.9
2026-09-14T10:47:14Z,41330,524.6,1000,1000,2,2642818961,2,200,0.4
2026-09-14T10:47:44Z,41360,523.6,1000,1000,2,2644697081,2,200,0.8
2026-09-14T10:48:15Z,41390,533.3,1000,1000,2,2646643548,2,200,0.5
2026-09-14T10:48:44Z,41420,532.2,1000,1000,2,2648526249,2,200,0.9
2026-09-14T10:49:14Z,41450,517.7,1000,1000,2,2650405663,2,200,1.8
2026-09-14T10:49:44Z,41480,542.4,1000,1000,2,2652292601,2,200,0.7
2026-09-14T10:50:15Z,41511,498.8,1000,1000,2,2654250521,2,200,1.1
2026-09-14T10:50:45Z,41541,536.2,1000,1000,2,2656192578,2,200,0.6
2026-09-14T10:51:15Z,41571,535.5,1000,1000,2,2658071697,2,200,0.6
2026-09-14T10:51:45Z,41601,532.7,1000,1000,2,2659957810,2,200,0.8
2026-09-14T10:52:15Z,41631,509.7,1000,1000,2,2661900865,2,200,0.6
2026-09-14T10:52:45Z,41661,559.0,1000,1000,2,2663786978,2,200,2.3
2026-09-14T10:53:15Z,41691,559.8,1000,1000,2,2665666097,2,200,0.7
2026-09-14T10:53:46Z,41721,522.9,1000,1000,2,2667608154,2,200,0.7
2026-09-14T10:54:15Z,41751,522.2,1000,1000,2,2669487273,2,200,0.5
2026-09-14T10:54:45Z,41781,545.7,1000,1000,2,2671369743,2,200,83.4
2026-09-14T10:55:16Z,41811,544.6,1000,1000,2,2673320000,2,200,0.6
2026-09-14T10:55:45Z,41841,491.8,1000,1000,2,2675202554,2,200,1.0
2026-09-14T10:56:15Z,41871,537.0,1000,1000,2,2677081673,2,200,0.6
2026-09-14T10:56:46Z,41902,517.6,1000,1000,2,2679023730,2,200,1.0
2026-09-14T10:57:16Z,41932,551.8,1000,1000,2,2681951799,2,200,1.7
2026-09-14T10:57:46Z,41962,527.0,1000,1000,2,2683830908,2,200,0.7
2026-09-14T10:58:16Z,41992,504.3,1000,1000,2,2685710038,2,200,0.8
2026-09-14T10:58:47Z,42022,542.1,1000,1000,2,2687660087,2,200,0.8
2026-09-14T10:59:16Z,42052,521.2,1000,1000,2,2689539206,2,200,0.7
2026-09-14T10:59:46Z,42082,526.0,1000,1000,2,2691417327,2,200,0.5
2026-09-14T11:00:16Z,42112,500.3,1000,1000,2,2693360382,2,200,0.6
2026-09-14T11:00:46Z,42142,495.3,1000,1000,2,2695245496,2,200,0.6
2026-09-14T11:01:16Z,42172,534.1,1000,1000,2,2697124615,2,200,2.1
2026-09-14T11:01:46Z,42202,542.6,1000,1000,2,2699066672,2,200,0.5
2026-09-14T11:02:16Z,42232,537.0,1000,1000,2,2700947118,2,200,0.8
2026-09-14T11:02:46Z,42262,499.5,1000,1000,2,2702827646,2,200,129.7
2026-09-14T11:03:17Z,42292,514.7,1000,1000,2,2704775958,2,200,0.6
2026-09-14T11:03:46Z,42322,532.1,1000,1000,2,2706661072,2,200,0.5
2026-09-14T11:04:16Z,42352,516.6,1000,1000,2,2708541190,2,200,0.7
2026-09-14T11:04:47Z,42382,497.6,1000,1000,2,2710483247,2,200,0.6
2026-09-14T11:05:16Z,42412,539.5,1000,1000,2,2712362366,2,200,0.7
2026-09-14T11:05:46Z,42442,527.8,1000,1000,2,2714241470,2,200,0.9
2026-09-14T11:06:17Z,42472,543.6,1000,1000,2,2716190535,2,200,0.9
2026-09-14T11:06:46Z,42502,528.9,1000,1000,2,2718068656,2,200,0.5
2026-09-14T11:07:16Z,42532,515.9,1000,1000,2,2719948774,2,200,1.0
2026-09-14T11:07:47Z,42563,559.7,1000,1000,2,2721894876,2,200,0.6
2026-09-14T11:08:17Z,42593,534.2,1000,1000,2,2723840140,2,200,0.8
2026-09-14T11:08:47Z,42623,515.1,1000,1000,2,2725719999,2,200,1.1
2026-09-14T11:09:17Z,42653,536.9,1000,1000,2,2727599118,2,200,0.9
2026-09-14T11:09:47Z,42683,494.5,1000,1000,2,2729548168,2,200,1.5
2026-09-14T11:10:17Z,42713,533.4,1000,1000,2,2731428286,2,200,0.6
2026-09-14T11:10:47Z,42743,494.3,1000,1000,2,2733306407,2,200,0.4
2026-09-14T11:11:17Z,42773,542.2,1000,1000,2,2735256455,2,200,1.2
2026-09-14T11:11:47Z,42803,512.5,1000,1000,2,2737134567,2,200,0.7
2026-09-14T11:12:17Z,42833,494.2,1000,1000,2,2739017607,2,200,99.0
2026-09-14T11:12:48Z,42863,542.5,1000,1000,2,2740963744,2,200,0.5
2026-09-14T11:13:17Z,42893,548.2,1000,1000,2,2742843862,2,200,0.6
2026-09-14T11:13:47Z,42923,511.7,1000,1000,2,2744718814,2,200,54.1
2026-09-14T11:14:18Z,42953,526.5,1000,1000,2,2746672031,2,200,0.7
2026-09-14T11:14:47Z,42983,488.3,1000,1000,2,2748551151,2,200,0.7
2026-09-14T11:15:17Z,43013,523.8,1000,1000,2,2750438262,2,200,1.5
2026-09-14T11:15:47Z,43043,512.5,1000,1000,2,2752316383,2,200,0.9
2026-09-14T11:16:17Z,43073,542.4,1000,1000,2,2754263085,2,200,0.8
2026-09-14T11:16:47Z,43103,523.7,1000,1000,2,2756145551,2,200,0.7
2026-09-14T11:17:17Z,43133,556.3,1000,1000,2,2758030276,2,200,1.4
2026-09-14T11:17:47Z,43163,540.6,1000,1000,2,2759974719,2,200,2.5
2026-09-14T11:18:17Z,43193,553.9,1000,1000,2,2761853838,2,200,0.8
2026-09-14T11:18:47Z,43223,531.2,1000,1000,2,2763731959,2,200,0.6
2026-09-14T11:19:17Z,43253,559.0,1000,1000,2,2765675014,2,200,1.2
2026-09-14T11:19:47Z,43283,551.1,1000,1000,2,2767557944,2,200,0.7
2026-09-14T11:20:17Z,43313,509.7,1000,1000,2,2769440237,2,200,3.4
2026-09-14T11:20:47Z,43343,531.2,1000,1000,2,2771382303,2,200,0.6
2026-09-14T11:21:17Z,43373,539.0,1000,1000,2,2773261422,2,200,0.6
2026-09-14T11:21:47Z,43403,518.9,1000,1000,2,2775139543,2,200,0.6
2026-09-14T11:22:17Z,43433,548.3,1000,1000,2,2777082598,2,200,0.6
2026-09-14T11:22:47Z,43463,527.1,1000,1000,2,2778966118,2,200,0.9
2026-09-14T11:23:17Z,43493,532.7,1000,1000,2,2780847805,2,200,1.4
2026-09-14T11:23:47Z,43523,522.0,1000,1000,2,2782789887,2,200,0.8
2026-09-14T11:24:17Z,43553,526.5,1000,1000,2,2784669006,2,200,0.5
2026-09-14T11:24:47Z,43583,532.9,1000,1000,2,2786547127,2,200,0.8
2026-09-14T11:25:17Z,43613,521.1,1000,1000,2,2788490182,2,200,0.4
2026-09-14T11:25:47Z,43643,513.3,1000,1000,2,2790376284,2,200,0.6
2026-09-14T11:26:17Z,43673,554.6,1000,1000,2,2792255414,2,200,0.4
2026-09-14T11:26:47Z,43703,531.1,1000,1000,2,2794197471,2,200,0.7
2026-09-14T11:27:17Z,43733,513.3,999,999,3,2796096825,3,200,0.5
2026-09-14T11:27:47Z,43763,513.9,999,999,3,2797981231,3,200,0.6
2026-09-14T11:28:17Z,43793,515.4,999,999,3,2799859085,3,200,42.8
2026-09-14T11:28:47Z,43823,514.8,999,999,3,2801746565,3,200,0.6
2026-09-14T11:29:17Z,43853,570.3,1000,1000,3,2804611549,3,200,18.7
2026-09-14T11:29:47Z,43883,543.0,1000,1000,3,2806560470,3,200,1.2
2026-09-14T11:30:18Z,43913,502.9,1000,1000,3,2808503526,3,200,0.5
2026-09-14T11:30:47Z,43943,535.1,1000,1000,3,2810381646,3,200,0.6
2026-09-14T11:31:17Z,43973,508.7,1000,1000,3,2812258973,3,200,1.0
2026-09-14T11:31:48Z,44003,515.7,1000,1000,3,2814206371,3,200,0.6
2026-09-14T11:32:17Z,44033,542.1,1000,1000,3,2816089934,3,200,1.4
2026-09-14T11:32:47Z,44063,546.4,1000,1000,3,2817968054,3,200,0.6
2026-09-14T11:33:18Z,44093,520.2,1000,1000,3,2819911110,3,200,0.5
2026-09-14T11:33:47Z,44123,499.6,1000,1000,3,2821794617,3,200,0.9
2026-09-14T11:34:17Z,44153,558.7,1000,1000,3,2823676342,3,200,0.7
2026-09-14T11:34:47Z,44183,535.0,1000,1000,3,2825554462,3,200,0.7
2026-09-14T11:35:17Z,44213,526.9,1000,1000,3,2827500094,3,200,0.7
2026-09-14T11:35:47Z,44243,554.6,1000,1000,3,2829383630,3,200,0.9
2026-09-14T11:36:17Z,44273,514.1,1000,1000,3,2831262750,3,200,0.5
2026-09-14T11:36:47Z,44303,515.1,1000,1000,3,2833204806,3,200,1.0
2026-09-14T11:37:17Z,44333,526.9,1000,1000,3,2835083926,3,200,0.6
2026-09-14T11:37:47Z,44363,544.7,1000,1000,3,2836962046,3,200,0.6
2026-09-14T11:38:18Z,44393,517.0,1000,1000,3,2838913094,3,200,0.9
2026-09-14T11:38:47Z,44423,540.9,1000,1000,3,2840791214,3,200,0.6
2026-09-14T11:39:17Z,44453,543.6,1000,1000,3,2842674002,3,200,116.2
2026-09-14T11:39:48Z,44483,549.4,1000,1000,3,2844620382,3,200,0.7
2026-09-14T11:40:17Z,44513,545.8,1000,1000,3,2846502534,3,200,0.6
2026-09-14T11:40:47Z,44543,529.1,1000,1000,3,2848385613,3,200,2.5
2026-09-14T11:41:18Z,44573,536.7,1000,1000,3,2850328670,3,200,0.6
2026-09-14T11:41:47Z,44603,511.2,1000,1000,3,2852206790,3,200,0.5
2026-09-14T11:42:17Z,44633,529.7,1000,1000,3,2854083261,3,200,13.5
2026-09-14T11:42:48Z,44663,525.2,1000,1000,3,2856027966,3,200,0.6
2026-09-14T11:43:17Z,44693,567.3,1000,1000,3,2857907086,3,200,0.7
2026-09-14T11:43:47Z,44723,515.4,1000,1000,3,2859785206,3,200,0.5
2026-09-14T11:44:18Z,44753,536.1,1000,1000,3,2861728262,3,200,0.6
2026-09-14T11:44:47Z,44783,514.1,1000,1000,3,2863610404,3,200,0.6
2026-09-14T11:45:17Z,44813,549.6,1000,1000,3,2865491424,3,200,103.2
2026-09-14T11:45:48Z,44843,544.1,1000,1000,3,2867435550,3,200,0.4
2026-09-14T11:46:17Z,44873,550.3,1000,1000,3,2869322662,3,200,0.9
2026-09-14T11:46:47Z,44903,541.1,1000,1000,3,2871200782,3,200,0.5
2026-09-14T11:47:18Z,44934,539.7,1000,1000,3,2873143838,3,200,0.7
2026-09-14T11:47:48Z,44964,537.9,1000,1000,3,2875085894,3,200,0.5
2026-09-14T11:48:18Z,44994,511.5,1000,1000,3,2876971137,3,200,3.3
2026-09-14T11:48:48Z,45024,514.4,1000,1000,3,2878851126,3,200,1.5
2026-09-14T11:49:18Z,45054,505.0,1000,1000,3,2880794182,3,200,0.9
2026-09-14T11:49:48Z,45084,528.5,1000,1000,3,2882675759,3,200,0.6
2026-09-14T11:50:18Z,45114,523.7,1000,1000,3,2884559412,3,200,2.0
2026-09-14T11:50:48Z,45144,533.1,1000,1000,3,2886501470,3,200,0.6
2026-09-14T11:51:18Z,45174,494.1,1000,1000,3,2888388580,3,200,1.0
2026-09-14T11:51:48Z,45204,525.8,1000,1000,3,2890266702,3,200,0.5
2026-09-14T11:52:19Z,45234,557.6,1000,1000,3,2892209758,3,200,0.6
2026-09-14T11:52:48Z,45264,537.3,1000,1000,3,2894095228,3,200,1.3
2026-09-14T11:53:18Z,45294,539.6,1000,1000,3,2895971523,3,200,15.5
2026-09-14T11:53:49Z,45324,508.1,1000,1000,3,2897917046,3,200,0.5
2026-09-14T11:54:18Z,45354,527.7,1000,1000,3,2899796166,3,200,0.8
2026-09-14T11:54:48Z,45384,547.2,1000,1000,3,2901674286,3,200,0.5
2026-09-14T11:55:19Z,45414,510.1,1000,1000,3,2903617342,3,200,0.9
2026-09-14T11:55:48Z,45444,498.1,1000,1000,3,2905502433,3,200,4.2
2026-09-14T11:56:18Z,45474,541.4,1000,1000,3,2907379147,3,200,97.0
2026-09-14T11:56:49Z,45504,506.6,1000,1000,3,2909331497,3,200,0.9
2026-09-14T11:57:18Z,45534,544.0,1000,1000,3,2911211742,3,200,0.7
2026-09-14T11:57:48Z,45564,545.9,1000,1000,3,2913089862,3,200,0.6
2026-09-14T11:58:18Z,45594,550.5,1000,1000,3,2914968982,3,200,0.6
2026-09-14T11:58:48Z,45624,557.8,1000,1000,3,2916911038,3,200,0.6
2026-09-14T11:59:18Z,45654,531.3,1000,1000,3,2918794051,3,200,0.7
2026-09-14T11:59:48Z,45684,553.7,1000,1000,3,2921678259,3,200,1.2
2026-09-14T12:00:18Z,45714,531.4,1000,1000,3,2923623321,3,200,0.4
2026-09-14T12:00:48Z,45744,515.6,1000,1000,3,2925501441,3,200,0.6
2026-09-14T12:01:18Z,45774,522.4,1000,1000,3,2927380561,3,200,0.5
2026-09-14T12:01:48Z,45804,524.7,1000,1000,3,2929323616,3,200,0.5
2026-09-14T12:02:18Z,45834,526.2,1000,1000,3,2931206917,3,200,0.5
2026-09-14T12:02:48Z,45864,541.4,1000,1000,3,2933086949,3,200,1.7
2026-09-14T12:03:18Z,45894,528.0,1000,1000,3,2935029440,3,200,0.6
2026-09-14T12:03:48Z,45924,553.9,1000,1000,3,2936909680,3,200,1.1
2026-09-14T12:04:18Z,45954,536.2,1000,1000,3,2938788145,3,200,0.7
2026-09-14T12:04:48Z,45984,530.6,1000,1000,3,2940731200,3,200,1.2
2026-09-14T12:05:18Z,46014,535.4,1000,1000,3,2942617313,3,200,1.6
2026-09-14T12:05:48Z,46044,520.0,1000,1000,3,2944496416,3,200,0.7
2026-09-14T12:06:19Z,46074,503.6,1000,1000,3,2946439488,3,200,0.6
2026-09-14T12:06:48Z,46104,543.2,1000,1000,3,2948325051,3,200,1.9
2026-09-14T12:07:18Z,46134,576.4,1000,1000,3,2950201066,3,200,32.9
2026-09-14T12:07:49Z,46164,515.5,1000,1000,3,2952149916,3,200,0.6
2026-09-14T12:08:18Z,46194,536.2,1000,1000,3,2954025896,3,200,0.5
2026-09-14T12:08:48Z,46224,538.4,1000,1000,3,2955907928,3,200,0.9
2026-09-14T12:09:19Z,46254,515.7,1000,1000,3,2957854041,3,200,0.9
2026-09-14T12:09:48Z,46284,526.4,1000,1000,3,2959733184,3,200,0.6
2026-09-14T12:10:18Z,46314,508.5,1000,1000,3,2961608989,3,200,59.6
2026-09-14T12:10:49Z,46344,507.2,1000,1000,3,2963561353,3,200,0.5
2026-09-14T12:11:18Z,46374,531.4,1000,1000,3,2965440473,3,200,0.6
2026-09-14T12:11:48Z,46404,552.2,1000,1000,3,2967315599,3,200,2.1
2026-09-14T12:12:19Z,46434,513.7,1000,1000,3,2969262648,3,200,0.6
2026-09-14T12:12:48Z,46464,506.3,1000,1000,3,2971144974,3,200,0.8
2026-09-14T12:13:18Z,46494,499.3,1000,1000,3,2973026881,3,200,1.8
2026-09-14T12:13:49Z,46525,537.2,1000,1000,3,2974968555,3,200,2.4
2026-09-14T12:14:20Z,46555,525.3,1000,1000,3,2976927977,3,200,1.3
2026-09-14T12:14:49Z,46585,537.1,1000,1000,3,2978806097,3,200,0.5
2026-09-14T12:15:19Z,46615,539.5,1000,1000,3,2980686216,3,200,1.8
2026-09-14T12:15:50Z,46645,542.3,1000,1000,3,2982628272,3,200,0.4
2026-09-14T12:16:19Z,46675,514.3,1000,1000,3,2984510582,3,200,0.8
2026-09-14T12:16:49Z,46705,528.9,1000,1000,3,2986387085,3,200,128.3
2026-09-14T12:17:20Z,46735,515.6,1000,1000,3,2988343758,3,200,1.4
2026-09-14T12:17:49Z,46765,496.7,1000,1000,3,2990222672,3,200,1.3
2026-09-14T12:18:19Z,46795,565.4,1000,1000,3,2992101924,3,200,0.6
2026-09-14T12:18:50Z,46825,550.1,1000,1000,3,2994043848,3,200,0.5
2026-09-14T12:19:19Z,46855,528.4,1000,1000,3,2995929961,3,200,1.4
2026-09-14T12:19:49Z,46885,545.5,1000,1000,3,2997809080,3,200,0.5
2026-09-14T12:20:19Z,46915,567.4,1000,1000,3,2999688200,3,200,1.1
2026-09-14T12:20:49Z,46945,555.2,1000,1000,3,3001630256,3,200,0.5
2026-09-14T12:21:19Z,46975,515.1,1000,1000,3,3003509376,3,200,0.6
2026-09-14T12:21:50Z,47005,532.7,1000,1000,3,3005456931,3,200,0.5
2026-09-14T12:22:19Z,47035,502.2,1000,1000,3,3007338544,3,200,0.8
2026-09-14T12:22:49Z,47065,549.4,1000,1000,3,3009216664,3,200,0.5
2026-09-14T12:23:19Z,47095,555.9,1000,1000,3,3011103776,3,200,2.8
2026-09-14T12:23:49Z,47125,519.8,1000,1000,3,3013045832,3,200,0.5
2026-09-14T12:24:19Z,47155,546.4,1000,1000,3,3014924952,3,200,0.7
2026-09-14T12:24:49Z,47185,517.8,1000,1000,3,3016803072,3,200,0.6
2026-09-14T12:25:19Z,47215,535.6,1000,1000,3,3018750630,3,200,0.7
2026-09-14T12:25:49Z,47245,558.3,1000,1000,3,3020625816,3,200,0.6
2026-09-14T12:26:19Z,47275,515.8,1000,1000,3,3022511360,3,200,0.6
2026-09-14T12:26:49Z,47305,494.2,1000,1000,3,3024453416,3,200,0.6
2026-09-14T12:27:19Z,47335,520.3,1000,1000,3,3026332536,3,200,1.0
2026-09-14T12:27:49Z,47365,525.4,1000,1000,3,3028216019,3,200,1.0
2026-09-14T12:28:19Z,47395,530.1,1000,1000,3,3030161704,3,200,1.6
2026-09-14T12:28:49Z,47425,511.1,1000,1000,3,3032033386,3,200,2.8
2026-09-14T12:29:19Z,47455,543.8,1000,1000,3,3033920321,3,200,0.6
2026-09-14T12:29:49Z,47485,513.2,1000,1000,3,3036851758,3,200,1.1
2026-09-14T12:30:19Z,47515,522.5,1000,1000,3,3038795064,3,200,0.5
2026-09-14T12:30:49Z,47545,560.4,1000,1000,3,3040670717,3,200,1.0
2026-09-14T12:31:19Z,47575,546.2,1000,1000,3,3042560162,3,200,1.1
2026-09-14T12:31:49Z,47605,497.0,1000,1000,3,3044502352,3,200,0.4
2026-09-14T12:32:19Z,47635,557.0,1000,1000,3,3046378086,3,200,0.8
2026-09-14T12:32:49Z,47665,537.0,1000,1000,3,3048267468,3,200,3.9
2026-09-14T12:33:20Z,47695,541.6,1000,1000,3,3050205397,3,200,2.7
2026-09-14T12:33:49Z,47725,520.7,1000,1000,3,3052104744,3,200,0.9
2026-09-14T12:34:19Z,47755,531.2,1000,1000,3,3053983864,3,200,0.7
2026-09-14T12:34:50Z,47785,491.1,1000,1000,3,3055925920,3,200,0.6
2026-09-14T12:35:19Z,47815,533.9,1000,1000,3,3057805040,3,200,0.6
2026-09-14T12:35:49Z,47845,533.8,1000,1000,3,3059677490,3,200,4.5
2026-09-14T12:36:20Z,47875,533.5,1000,1000,3,3061634208,3,200,0.6
2026-09-14T12:36:49Z,47905,524.2,1000,1000,3,3063512328,3,200,0.6
2026-09-14T12:37:19Z,47935,538.8,1000,1000,3,3065391448,3,200,0.5
2026-09-14T12:37:50Z,47965,544.9,1000,1000,3,3067333504,3,200,0.6
2026-09-14T12:38:19Z,47995,563.0,1000,1000,3,3069217186,3,200,0.6
2026-09-14T12:38:49Z,48025,530.7,1000,1000,3,3071091641,3,200,1.0
2026-09-14T12:39:19Z,48055,527.7,1000,1000,3,3072977856,3,200,0.5
2026-09-14T12:39:49Z,48085,538.9,1000,1000,3,3074927904,3,200,2.8
2026-09-14T12:40:19Z,48115,532.5,1000,1000,3,3076807024,3,200,0.5
2026-09-14T12:40:49Z,48145,532.5,1000,1000,3,3078685144,3,200,0.9
2026-09-14T12:41:20Z,48175,531.7,1000,1000,3,3080636192,3,200,0.4
2026-09-14T12:41:49Z,48205,538.4,1000,1000,3,3082514312,3,200,0.5
2026-09-14T12:42:19Z,48235,508.9,1000,1000,3,3084396599,3,200,96.0
2026-09-14T12:42:50Z,48265,535.9,1000,1000,3,3086351326,3,200,1.7
2026-09-14T12:43:19Z,48295,525.4,1000,1000,3,3088230592,3,200,0.9
2026-09-14T12:43:49Z,48325,484.7,1000,1000,3,3090108712,3,200,1.0
2026-09-14T12:44:20Z,48356,505.5,1000,1000,3,3092051768,3,200,0.5
2026-09-14T12:44:50Z,48386,509.9,1000,1000,3,3094001816,3,200,1.0
2026-09-14T12:45:20Z,48416,530.7,1000,1000,3,3095880936,3,200,2.1
2026-09-14T12:45:50Z,48446,489.2,1000,1000,3,3097759056,3,200,0.7
2026-09-14T12:46:20Z,48476,521.1,1000,1000,3,3099702112,3,200,0.5
2026-09-14T12:46:50Z,48506,544.8,1000,1000,3,3101580135,3,200,1.0
2026-09-14T12:47:20Z,48536,523.9,1000,1000,3,3103459352,3,200,0.5
2026-09-14T12:47:50Z,48566,555.2,1000,1000,3,3105405824,3,200,0.8
2026-09-14T12:48:20Z,48596,539.4,1000,1000,3,3107285846,3,200,0.6
2026-09-14T12:48:50Z,48626,525.9,1000,1000,3,3109166640,3,200,1.3
2026-09-14T12:49:20Z,48656,536.9,1000,1000,3,3111109696,3,200,0.5
2026-09-14T12:49:50Z,48686,531.1,1000,1000,3,3112990216,3,200,0.7
2026-09-14T12:50:20Z,48716,528.0,1000,1000,3,3114871127,3,200,0.6
2026-09-14T12:50:50Z,48746,533.9,1000,1000,3,3116816984,3,200,0.8
2026-09-14T12:51:20Z,48776,542.5,1000,1000,3,3118696104,3,200,0.6
2026-09-14T12:51:50Z,48806,527.4,1000,1000,3,3120574224,3,200,0.7
2026-09-14T12:52:20Z,48836,546.2,1000,1000,3,3122517280,3,200,0.6
2026-09-14T12:52:50Z,48866,516.8,1000,1000,3,3124400654,3,200,1.0
2026-09-14T12:53:20Z,48896,569.7,1000,1000,3,3126282503,3,200,1.0
2026-09-14T12:53:50Z,48926,519.2,1000,1000,3,3128224568,3,200,0.9
2026-09-14T12:54:20Z,48956,571.6,1000,1000,3,3130103688,3,200,2.4
2026-09-14T12:54:50Z,48986,520.2,1000,1000,3,3131984733,3,200,0.6
2026-09-14T12:55:21Z,49016,528.1,1000,1000,3,3133936082,3,200,0.7
2026-09-14T12:55:50Z,49046,543.4,1000,1000,3,3135818968,3,200,0.5
2026-09-14T12:56:20Z,49076,549.7,1000,1000,3,3137698088,3,200,0.7
2026-09-14T12:56:51Z,49106,541.2,1000,1000,3,3139643403,3,200,0.5
2026-09-14T12:57:20Z,49136,564.7,1000,1000,3,3141527256,3,200,0.7
2026-09-14T12:57:50Z,49166,529.6,1000,1000,3,3143404629,3,200,1.1
2026-09-14T12:58:20Z,49196,540.5,1000,1000,3,3145284496,3,200,0.7
2026-09-14T12:58:50Z,49226,538.3,1000,1000,3,3147226552,3,200,0.4
2026-09-14T12:59:20Z,49256,530.0,1000,1000,3,3149105672,3,200,0.6
2026-09-14T12:59:50Z,49286,543.8,1000,1000,3,3151973063,3,200,4.9
2026-09-14T13:00:21Z,49316,514.0,1000,1000,3,3153933840,3,200,0.8
2026-09-14T13:00:50Z,49346,517.1,1000,1000,3,3155811960,3,200,0.5
2026-09-14T13:01:20Z,49376,552.6,1000,1000,3,3157696027,3,200,104.6
2026-09-14T13:01:51Z,49406,532.1,1000,1000,3,3159641128,3,200,0.5
2026-09-14T13:02:20Z,49436,535.0,1000,1000,3,3161521247,3,200,1.0
2026-09-14T13:02:50Z,49466,537.7,1000,1000,3,3163396141,3,200,21.2
2026-09-14T13:03:20Z,49496,533.6,1000,1000,3,3165286479,3,200,0.7
2026-09-14T13:03:50Z,49526,500.0,1000,1000,3,3167228535,3,200,0.4
2026-09-14T13:04:20Z,49556,523.5,1000,1000,3,3169113134,3,200,2.0
2026-09-14T13:04:50Z,49586,529.7,1000,1000,3,3170993767,3,200,0.5
2026-09-14T13:05:20Z,49616,516.7,1000,1000,3,3172940386,3,200,0.7
2026-09-14T13:05:50Z,49646,518.5,1000,1000,3,3174822935,3,200,0.5
2026-09-14T13:06:20Z,49676,546.9,1000,1000,3,3176705887,3,200,0.5
2026-09-14T13:06:50Z,49706,521.4,1000,1000,3,3178652103,3,200,3.0
2026-09-14T13:07:20Z,49736,534.5,1000,1000,3,3180531223,3,200,0.6
2026-09-14T13:07:50Z,49766,563.1,1000,1000,3,3182412063,3,200,0.6
2026-09-14T13:08:21Z,49796,557.8,1000,1000,3,3184368383,3,200,1.8
2026-09-14T13:08:50Z,49826,508.6,1000,1000,3,3186246503,3,200,3.6
2026-09-14T13:09:20Z,49856,536.1,1000,1000,3,3188092630,3,200,4.4
2026-09-14T13:09:50Z,49886,534.1,1000,1000,3,3190027719,3,200,0.7
2026-09-14T13:10:20Z,49916,542.1,1000,1000,3,3191914831,3,200,0.7
2026-09-14T13:10:50Z,49946,524.6,1000,1000,3,3193856887,3,200,0.7
2026-09-14T13:11:20Z,49976,521.6,1000,1000,3,3195741560,3,200,1.1
2026-09-14T13:11:50Z,50006,524.5,1000,1000,3,3197622119,3,200,0.6
2026-09-14T13:12:21Z,50036,514.9,1000,1000,3,3199565175,3,200,0.6
2026-09-14T13:12:50Z,50066,504.4,1000,1000,3,3201451287,3,200,1.1
2026-09-14T13:13:20Z,50096,543.7,1000,1000,3,3203337459,3,200,0.5
2026-09-14T13:13:51Z,50126,519.0,1000,1000,3,3205280455,3,200,0.6
2026-09-14T13:14:20Z,50156,533.8,1000,1000,3,3207164512,3,200,0.7
2026-09-14T13:14:50Z,50186,558.6,1000,1000,3,3209045673,3,200,1.6
2026-09-14T13:15:20Z,50216,546.1,1000,1000,3,3210924807,3,200,1.3
2026-09-14T13:15:50Z,50246,522.0,1000,1000,3,3212866863,3,200,1.0
2026-09-14T13:16:20Z,50276,540.9,1000,1000,3,3214745354,3,200,0.5
2026-09-14T13:16:50Z,50306,515.6,1000,1000,3,3216624103,3,200,0.8
2026-09-14T13:17:20Z,50336,531.6,1000,1000,3,3218567159,3,200,0.5
2026-09-14T13:17:50Z,50366,540.3,1000,1000,3,3220445279,3,200,0.5
2026-09-14T13:18:21Z,50396,536.6,1000,1000,3,3222388335,3,200,0.6
2026-09-14T13:18:50Z,50426,522.3,1000,1000,3,3224274447,3,200,1.0
2026-09-14T13:19:20Z,50456,552.6,1000,1000,3,3226153557,3,200,1.2
2026-09-14T13:19:50Z,50486,536.2,1000,1000,3,3228031687,3,200,0.6
2026-09-14T13:20:20Z,50516,546.2,1000,1000,3,3229978244,3,200,0.5
2026-09-14T13:20:50Z,50546,567.5,1000,1000,3,3231860855,3,200,0.9
2026-09-14T13:21:20Z,50576,550.3,1000,1000,3,3233743808,3,200,127.9
2026-09-14T13:21:51Z,50606,506.9,1000,1000,3,3235698003,3,200,2.1
2026-09-14T13:22:20Z,50636,519.8,1000,1000,3,3237577135,3,200,0.5
2026-09-14T13:22:50Z,50666,541.7,1000,1000,3,3239455255,3,200,0.5
2026-09-14T13:23:21Z,50696,494.1,1000,1000,3,3241398311,3,200,0.6
2026-09-14T13:23:50Z,50726,538.8,1000,1000,3,3243284423,3,200,1.7
2026-09-14T13:24:20Z,50756,524.7,1000,1000,3,3245165800,3,200,1.1
2026-09-14T13:24:50Z,50786,525.3,1000,1000,3,3247047233,3,200,1.2
2026-09-14T13:25:20Z,50816,537.7,1000,1000,3,3248992711,3,200,1.4
2026-09-14T13:25:50Z,50846,516.8,1000,1000,3,3250870831,3,200,0.5
2026-09-14T13:26:20Z,50876,557.8,1000,1000,3,3252749951,3,200,0.8
2026-09-14T13:26:50Z,50906,533.9,1000,1000,3,3254692007,3,200,0.5
2026-09-14T13:27:20Z,50936,546.3,1000,1000,3,3256574825,3,200,0.6
2026-09-14T13:27:50Z,50966,540.0,1000,1000,3,3258457218,3,200,0.6
2026-09-14T13:28:21Z,50996,486.2,1000,1000,3,3260400295,3,200,0.7
2026-09-14T13:28:50Z,51026,552.0,1000,1000,3,3262284853,3,200,0.6
2026-09-14T13:29:20Z,51056,551.3,1000,1000,3,3264162798,3,200,123.4
2026-09-14T13:29:51Z,51086,604.9,1000,1000,3,3266115575,3,200,3.7
2026-09-14T13:30:21Z,51116,538.2,1000,1000,3,3268985703,3,200,1.2
2026-09-14T13:30:50Z,51146,487.5,1000,1000,3,3270868967,3,200,0.6
2026-09-14T13:31:20Z,51176,546.3,1000,1000,3,3272744913,3,200,1.2
2026-09-14T13:31:50Z,51206,521.4,1000,1000,3,3274630054,3,200,0.5
2026-09-14T13:32:20Z,51236,522.9,1000,1000,3,3276578597,3,200,0.9
2026-09-14T13:32:50Z,51266,566.9,1000,1000,3,3278459222,3,200,0.7
2026-09-14T13:33:20Z,51296,550.3,1000,1000,3,3280338342,3,200,0.5
2026-09-14T13:33:50Z,51326,485.6,1000,1000,3,3282283367,3,200,0.6
2026-09-14T13:34:20Z,51356,551.8,1000,1000,3,3284165069,3,200,1.2
2026-09-14T13:34:50Z,51386,511.2,1000,1000,3,3286044631,3,200,0.5
2026-09-14T13:35:20Z,51416,558.3,1000,1000,3,3287988686,3,200,0.6
2026-09-14T13:35:50Z,51446,534.3,1000,1000,3,3289870566,3,200,0.6
2026-09-14T13:36:20Z,51476,557.0,1000,1000,3,3291749332,3,200,0.6
2026-09-14T13:36:50Z,51506,565.7,1000,1000,3,3293694975,3,200,0.7
2026-09-14T13:37:20Z,51536,529.4,1000,1000,3,3295574095,3,200,0.6
2026-09-14T13:37:50Z,51566,563.3,1000,1000,3,3297452215,3,200,0.6
2026-09-14T13:38:21Z,51596,527.7,1000,1000,3,3299402178,3,200,1.6
2026-09-14T13:38:50Z,51626,494.5,1000,1000,3,3301281383,3,200,0.6
2026-09-14T13:39:20Z,51656,510.4,1000,1000,3,3303168495,3,200,0.7
2026-09-14T13:39:51Z,51686,520.3,1000,1000,3,3305110551,3,200,0.5
2026-09-14T13:40:20Z,51716,533.7,1000,1000,3,3306997663,3,200,1.2
2026-09-14T13:40:50Z,51746,552.6,1000,1000,3,3308876782,3,200,1.1
2026-09-14T13:41:20Z,51776,543.7,1000,1000,3,3310762895,3,200,0.5
2026-09-14T13:41:50Z,51806,526.5,1000,1000,3,3312664991,3,200,1.3
2026-09-14T13:42:21Z,51836,527.5,1000,1000,3,3314616641,3,200,1.7
2026-09-14T13:42:50Z,51866,505.1,1000,1000,3,3316493163,3,200,2.6
2026-09-14T13:43:20Z,51896,534.0,1000,1000,3,3318398254,3,200,0.7
2026-09-14T13:43:50Z,51926,542.4,1000,1000,3,3320276374,3,200,0.5
2026-09-14T13:44:21Z,51956,518.2,1000,1000,3,3322227422,3,200,0.8
2026-09-14T13:44:50Z,51986,516.5,1000,1000,3,3324105542,3,200,0.6
2026-09-14T13:45:20Z,52016,516.0,1000,1000,3,3325988801,3,200,0.9
2026-09-14T13:45:51Z,52046,531.9,1000,1000,3,3327934710,3,200,1.9
2026-09-14T13:46:20Z,52076,551.3,1000,1000,3,3329813830,3,200,0.6
2026-09-14T13:46:50Z,52106,528.5,1000,1000,3,3331701638,3,200,0.7
2026-09-14T13:47:20Z,52136,540.6,1000,1000,3,3333582919,3,200,0.6
2026-09-14T13:47:50Z,52166,542.6,1000,1000,3,3335529110,3,200,0.5
2026-09-14T13:48:20Z,52196,536.5,1000,1000,3,3337410907,3,200,0.8
2026-09-14T13:48:50Z,52226,532.5,1000,1000,3,3339286350,3,200,0.7
2026-09-14T13:49:20Z,52256,528.3,1000,1000,3,3341235645,3,200,3.0
2026-09-14T13:49:50Z,52286,524.1,1000,1000,3,3343115518,3,200,1.0
2026-09-14T13:50:20Z,52316,547.6,1000,1000,3,3345000230,3,200,118.7
2026-09-14T13:50:51Z,52346,506.2,1000,1000,3,3346944686,3,200,0.5
2026-09-14T13:51:20Z,52376,557.2,1000,1000,3,3348823806,3,200,1.1
2026-09-14T13:51:50Z,52406,530.1,1000,1000,3,3350709918,3,200,1.3
2026-09-14T13:52:21Z,52436,530.1,1000,1000,3,3352652974,3,200,0.6
2026-09-14T13:52:50Z,52466,542.1,1000,1000,3,3354539011,3,200,0.9
2026-09-14T13:53:20Z,52496,560.9,1000,1000,3,3356415286,3,200,1.8
2026-09-14T13:53:50Z,52526,508.2,1000,1000,3,3358296326,3,200,0.9
2026-09-14T13:54:20Z,52556,558.8,1000,1000,3,3360239382,3,200,0.6
2026-09-14T13:54:50Z,52586,550.3,1000,1000,3,3362117502,3,200,0.5
2026-09-14T13:55:20Z,52616,535.5,1000,1000,3,3364002028,3,200,2.5
2026-09-14T13:55:50Z,52646,520.1,1000,1000,3,3365946670,3,200,0.5
2026-09-14T13:56:20Z,52676,553.1,1000,1000,3,3367830144,3,200,0.7
2026-09-14T13:56:50Z,52706,549.9,1000,1000,3,3369711902,3,200,1.3
2026-09-14T13:57:20Z,52736,532.9,1000,1000,3,3371654958,3,200,1.1
2026-09-14T13:57:50Z,52766,485.1,1000,1000,3,3373536609,3,200,0.6
2026-09-14T13:58:20Z,52796,536.5,1000,1000,3,3375412198,3,200,0.5
2026-09-14T13:58:50Z,52826,522.7,1000,1000,3,3377359493,3,200,1.3
2026-09-14T13:59:20Z,52856,515.1,1000,1000,3,3379241366,3,200,0.7
2026-09-14T13:59:50Z,52886,538.3,1000,1000,3,3381119486,3,200,0.6
2026-09-14T14:00:21Z,52916,536.5,1000,1000,3,3384059544,3,200,0.9
2026-09-14T14:00:50Z,52946,519.9,1000,1000,3,3385938850,3,200,0.8
2026-09-14T14:01:20Z,52976,528.3,1000,1000,3,3387817241,3,200,1.8
2026-09-14T14:01:51Z,53006,562.4,1000,1000,3,3389765854,3,200,1.1
2026-09-14T14:02:20Z,53036,528.1,1000,1000,3,3391646951,3,200,0.5
2026-09-14T14:02:50Z,53066,520.2,1000,1000,3,3393528427,3,200,0.7
2026-09-14T14:03:20Z,53096,555.6,1000,1000,3,3395411184,3,200,0.7
2026-09-14T14:03:50Z,53126,539.4,1000,1000,3,3397354239,3,200,0.8
2026-09-14T14:04:20Z,53156,534.8,1000,1000,3,3399233359,3,200,1.6
2026-09-14T14:04:50Z,53186,535.1,1000,1000,3,3401118466,3,200,1.4
2026-09-14T14:05:21Z,53216,504.5,1000,1000,3,3403063019,3,200,1.2
2026-09-14T14:05:50Z,53246,531.8,1000,1000,3,3404945800,3,200,1.3
2026-09-14T14:06:20Z,53276,508.8,1000,1000,3,3406824314,3,200,105.8
2026-09-14T14:06:51Z,53306,515.2,1000,1000,3,3408776808,3,200,0.8
2026-09-14T14:07:20Z,53336,541.5,1000,1000,3,3410656927,3,200,0.8
2026-09-14T14:07:50Z,53366,521.6,1000,1000,3,3412540545,3,200,0.8
2026-09-14T14:08:20Z,53396,503.4,1000,1000,3,3414421160,3,200,0.5
2026-09-14T14:08:50Z,53426,499.3,1000,1000,3,3416364215,3,200,1.0
2026-09-14T14:09:20Z,53456,558.1,1000,1000,3,3418243431,3,200,3.2
2026-09-14T14:09:50Z,53486,553.5,1000,1000,3,3420128448,3,200,1.7
2026-09-14T14:10:20Z,53516,568.9,1000,1000,3,3422072500,3,200,0.5
2026-09-14T14:10:50Z,53546,566.1,1000,1000,3,3423950623,3,200,2.3
2026-09-14T14:11:20Z,53576,548.3,1000,1000,3,3425829743,3,200,0.6
2026-09-14T14:11:51Z,53606,503.1,1000,1000,3,3427779791,3,200,0.7
2026-09-14T14:12:20Z,53636,535.6,1000,1000,3,3429661130,3,200,1.9
2026-09-14T14:12:50Z,53666,583.8,1000,1000,3,3431542451,3,200,144.3
2026-09-14T14:13:21Z,53697,536.0,1000,1000,3,3433495072,3,200,0.6
2026-09-14T14:13:51Z,53727,537.7,1000,1000,3,3435438127,3,200,0.6
2026-09-14T14:14:21Z,53757,548.8,1000,1000,3,3437316764,3,200,1.5
2026-09-14T14:14:51Z,53787,538.4,1000,1000,3,3439203359,3,200,0.9
2026-09-14T14:15:21Z,53817,531.9,1000,1000,3,3441146415,3,200,0.6
2026-09-14T14:15:51Z,53847,533.2,1000,1000,3,3443024535,3,200,0.6
2026-09-14T14:16:21Z,53877,570.1,1000,1000,3,3444911647,3,200,0.9
2026-09-14T14:16:51Z,53907,536.3,1000,1000,3,3446853703,3,200,0.8
2026-09-14T14:17:21Z,53937,535.7,1000,1000,3,3448737119,3,200,0.4
2026-09-14T14:17:51Z,53967,557.0,1000,1000,3,3450618935,3,200,3.3
2026-09-14T14:18:21Z,53997,512.5,1000,1000,3,3452561991,3,200,0.5
2026-09-14T14:18:51Z,54027,548.7,1000,1000,3,3454440111,3,200,1.1
2026-09-14T14:19:21Z,54057,539.5,1000,1000,3,3456323671,3,200,120.4
2026-09-14T14:19:52Z,54087,521.6,1000,1000,3,3458277271,3,200,1.3
2026-09-14T14:20:21Z,54117,478.6,1000,1000,3,3460156391,3,200,0.4
2026-09-14T14:20:51Z,54147,538.3,1000,1000,3,3462040311,3,200,1.1
2026-09-14T14:21:21Z,54177,558.7,1000,1000,3,3463921623,3,200,0.7
2026-09-14T14:21:51Z,54207,531.5,1000,1000,3,3465863679,3,200,0.5
2026-09-14T14:22:21Z,54237,541.9,1000,1000,3,3467748223,3,200,2.8
2026-09-14T14:22:51Z,54267,529.0,1000,1000,3,3469627908,3,200,1.8
2026-09-14T14:23:21Z,54297,529.8,1000,1000,3,3471571967,3,200,0.8
2026-09-14T14:23:51Z,54327,551.3,1000,1000,3,3473450087,3,200,0.5
2026-09-14T14:24:21Z,54357,550.1,1000,1000,3,3475332545,3,200,0.8
2026-09-14T14:24:51Z,54387,536.4,1000,1000,3,3477279255,3,200,1.4
2026-09-14T14:25:21Z,54417,532.7,1000,1000,3,3479158375,3,200,2.0
2026-09-14T14:25:51Z,54447,535.2,1000,1000,3,3481040893,3,200,124.3
2026-09-14T14:26:22Z,54477,498.6,1000,1000,3,3482992480,3,200,0.7
2026-09-14T14:26:51Z,54507,540.1,1000,1000,3,3484872324,3,200,0.6
2026-09-14T14:27:21Z,54537,553.1,1000,1000,3,3486752775,3,200,0.8
2026-09-14T14:27:52Z,54567,542.2,1000,1000,3,3488694831,3,200,0.4
2026-09-14T14:28:21Z,54597,513.2,1000,1000,3,3490573951,3,200,0.7
2026-09-14T14:28:51Z,54627,508.8,1000,1000,3,3492449869,3,200,2.1
2026-09-14T14:29:22Z,54657,543.1,1000,1000,3,3494399209,3,200,0.6
2026-09-14T14:29:51Z,54687,536.9,1000,1000,3,3496280372,3,200,1.5
2026-09-14T14:30:21Z,54717,557.3,1000,1000,3,3499169160,3,200,0.9
2026-09-14T14:30:51Z,54747,550.0,1000,1000,3,3501060456,3,200,1.8
2026-09-14T14:31:22Z,54777,496.9,1000,1000,3,3503007267,3,200,0.6
2026-09-14T14:31:51Z,54807,546.4,1000,1000,3,3504890623,3,200,1.4
2026-09-14T14:32:21Z,54837,554.3,1000,1000,3,3506771302,3,200,3.1
2026-09-14T14:32:51Z,54867,526.8,1000,1000,3,3508656854,3,200,0.4
2026-09-14T14:33:21Z,54897,551.0,1000,1000,3,3510599910,3,200,0.6
2026-09-14T14:33:51Z,54927,541.7,1000,1000,3,3512481824,3,200,0.5
2026-09-14T14:34:21Z,54957,538.4,1000,1000,3,3514365142,3,200,0.8
2026-09-14T14:34:51Z,54987,521.0,1000,1000,3,3516312156,3,200,1.4
2026-09-14T14:35:21Z,55017,533.3,1000,1000,3,3518194310,3,200,1.1
2026-09-14T14:35:51Z,55047,525.9,1000,1000,3,3520072430,3,200,0.6
2026-09-14T14:36:21Z,55077,546.7,1000,1000,3,3522021506,3,200,0.6
2026-09-14T14:36:51Z,55107,526.7,1000,1000,3,3523901598,3,200,0.6
2026-09-14T14:37:21Z,55137,544.8,1000,1000,3,3525784476,3,200,0.6
2026-09-14T14:37:52Z,55167,536.9,1000,1000,3,3527730766,3,200,0.8
2026-09-14T14:38:21Z,55197,524.1,1000,1000,3,3529613421,3,200,0.5
2026-09-14T14:38:51Z,55227,557.3,1000,1000,3,3531495998,3,200,0.8
2026-09-14T14:39:22Z,55257,535.6,1000,1000,3,3533439054,3,200,0.4
2026-09-14T14:39:51Z,55287,544.5,1000,1000,3,3535321042,3,200,0.7
2026-09-14T14:40:21Z,55317,555.4,1000,1000,3,3537201398,3,200,0.6
2026-09-14T14:40:51Z,55347,534.5,1000,1000,3,3539095115,3,200,125.6
2026-09-14T14:41:22Z,55377,519.6,1000,1000,3,3541045224,3,200,0.6
2026-09-14T14:41:51Z,55407,516.6,1000,1000,3,3542927558,3,200,1.2
2026-09-14T14:42:21Z,55437,529.4,1000,1000,3,3544806678,3,200,0.5
2026-09-14T14:42:51Z,55467,482.7,1000,1000,3,3546684798,3,200,0.7
2026-09-14T14:43:21Z,55497,522.8,1000,1000,3,3548627854,3,200,0.5
2026-09-14T14:43:51Z,55527,519.0,1000,1000,3,3550509806,3,200,1.4
2026-09-14T14:44:21Z,55557,514.3,1000,1000,3,3552393041,3,200,1.2
2026-09-14T14:44:51Z,55587,572.6,1000,1000,3,3554335142,3,200,0.6
2026-09-14T14:45:21Z,55617,539.2,1000,1000,3,3556216139,3,200,1.8
2026-09-14T14:45:51Z,55647,553.5,1000,1000,3,3558100153,3,200,0.7
2026-09-14T14:46:21Z,55677,527.8,1000,1000,3,3560043430,3,200,0.5
2026-09-14T14:46:51Z,55707,537.8,1000,1000,3,3561926391,3,200,0.7
2026-09-14T14:47:21Z,55737,526.1,1000,1000,3,3563808643,3,200,1.0
2026-09-14T14:47:52Z,55767,555.3,1000,1000,3,3565750718,3,200,0.7
2026-09-14T14:48:21Z,55797,544.0,1000,1000,3,3567629838,3,200,0.5
2026-09-14T14:48:51Z,55827,544.1,1000,1000,3,3569515950,3,200,0.5
2026-09-14T14:49:22Z,55857,519.4,1000,1000,3,3571459006,3,200,0.5
2026-09-14T14:49:51Z,55887,575.7,1000,1000,3,3573340438,3,200,0.6
2026-09-14T14:50:21Z,55917,545.6,1000,1000,3,3575224238,3,200,1.1
2026-09-14T14:50:51Z,55947,534.0,1000,1000,3,3577105775,3,200,0.7
2026-09-14T14:51:21Z,55977,473.6,1000,1000,3,3579053406,3,200,1.5
2026-09-14T14:51:51Z,56007,545.2,1000,1000,3,3580931526,3,200,0.6
2026-09-14T14:52:21Z,56037,523.4,1000,1000,3,3582814400,3,200,0.8
2026-09-14T14:52:51Z,56067,513.4,1000,1000,3,3584760694,3,200,1.0
2026-09-14T14:53:21Z,56097,543.4,1000,1000,3,3586643009,3,200,0.5
2026-09-14T14:53:51Z,56127,536.7,1000,1000,3,3588525926,3,200,2.1
2026-09-14T14:54:22Z,56157,540.6,1000,1000,3,3590468982,3,200,0.4
2026-09-14T14:54:51Z,56187,562.4,1000,1000,3,3592347102,3,200,0.6
2026-09-14T14:55:21Z,56217,554.9,1000,1000,3,3594226222,3,200,0.6
2026-09-14T14:55:52Z,56247,530.3,1000,1000,3,3596168278,3,200,0.6
2026-09-14T14:56:21Z,56277,492.4,1000,1000,3,3598052005,3,200,1.1
2026-09-14T14:56:51Z,56307,541.0,1000,1000,3,3599930469,3,200,76.2
2026-09-14T14:57:22Z,56338,548.4,1000,1000,3,3601884558,3,200,3.1
2026-09-14T14:57:52Z,56368,518.9,1000,1000,3,3603826614,3,200,0.5
2026-09-14T14:58:22Z,56398,539.9,1000,1000,3,3605705734,3,200,0.7
2026-09-14T14:58:53Z,56428,536.4,1000,1000,3,3607647790,3,200,0.5
2026-09-14T14:59:22Z,56458,501.4,1000,1000,3,3609533824,3,200,4.3
2026-09-14T14:59:52Z,56488,524.9,1000,1000,3,3611413111,3,200,0.9
2026-09-14T15:00:22Z,56518,590.2,1000,1000,3,3613292375,3,200,1.7
2026-09-14T15:00:53Z,56548,541.6,1000,1000,3,3616238193,3,200,0.8
2026-09-14T15:01:22Z,56578,546.6,1000,1000,3,3618118312,3,200,0.6
2026-09-14T15:01:52Z,56608,552.2,1000,1000,3,3619996505,3,200,0.6
2026-09-14T15:02:23Z,56638,526.2,1000,1000,3,3621944158,3,200,0.8
2026-09-14T15:02:52Z,56668,557.4,1000,1000,3,3623824075,3,200,1.8
2026-09-14T15:03:22Z,56698,557.1,1000,1000,3,3625702028,3,200,23.2
2026-09-14T15:03:53Z,56728,531.2,1000,1000,3,3627654752,3,200,0.7
2026-09-14T15:04:22Z,56758,506.6,1000,1000,3,3629533888,3,200,1.0
2026-09-14T15:04:52Z,56788,522.8,1000,1000,3,3631412008,3,200,0.5
2026-09-14T15:05:23Z,56818,538.3,1000,1000,3,3633355064,3,200,0.6
2026-09-14T15:05:52Z,56848,535.7,1000,1000,3,3635240177,3,200,0.5
2026-09-14T15:06:22Z,56878,531.9,1000,1000,3,3637127033,3,200,1.3
2026-09-14T15:06:52Z,56908,514.0,1000,1000,3,3639005409,3,200,0.9
2026-09-14T15:07:22Z,56938,518.7,1000,1000,3,3640949464,3,200,0.6
2026-09-14T15:07:52Z,56968,532.0,1000,1000,3,3642827584,3,200,0.7
2026-09-14T15:08:22Z,56998,532.9,1000,1000,3,3644711207,3,200,0.7
2026-09-14T15:08:52Z,57028,515.6,1000,1000,3,3646655753,3,200,0.6
2026-09-14T15:09:22Z,57058,561.1,1000,1000,3,3648535872,3,200,0.9
2026-09-14T15:09:52Z,57088,524.0,1000,1000,3,3650413992,3,200,0.5
2026-09-14T15:10:23Z,57118,524.4,1000,1000,3,3652364041,3,200,0.7
2026-09-14T15:10:52Z,57148,551.6,1000,1000,3,3654243157,3,200,0.5
2026-09-14T15:11:22Z,57178,547.6,1000,1000,3,3656122280,3,200,0.7
2026-09-14T15:11:53Z,57208,500.7,1000,1000,3,3658064336,3,200,0.5
2026-09-14T15:12:22Z,57238,526.5,1000,1000,3,3659951448,3,200,1.0
2026-09-14T15:12:52Z,57268,514.7,1000,1000,3,3661827053,3,200,19.3
2026-09-14T15:13:23Z,57298,498.6,1000,1000,3,3663780616,3,200,2.3
2026-09-14T15:13:52Z,57328,508.5,1000,1000,3,3665658736,3,200,0.5
2026-09-14T15:14:22Z,57358,505.9,1000,1000,3,3667541059,3,200,1.8
2026-09-14T15:14:53Z,57388,530.0,1000,1000,3,3669487904,3,200,2.1
2026-09-14T15:15:22Z,57418,543.7,1000,1000,3,3671367024,3,200,0.6
2026-09-14T15:15:52Z,57448,561.4,1000,1000,3,3673245144,3,200,0.6
2026-09-14T15:16:22Z,57478,553.9,1000,1000,3,3675132252,3,200,1.0
2026-09-14T15:16:52Z,57508,545.8,1000,1000,3,3677074312,3,200,0.7
2026-09-14T15:17:22Z,57538,548.9,1000,1000,3,3678959342,3,200,0.9
2026-09-14T15:17:52Z,57568,552.4,1000,1000,3,3680839544,3,200,0.7
2026-09-14T15:18:22Z,57598,530.0,1000,1000,3,3682782600,3,200,0.4
2026-09-14T15:18:52Z,57628,516.0,1000,1000,3,3684660720,3,200,0.8
2026-09-14T15:19:22Z,57658,514.5,1000,1000,3,3686539840,3,200,0.4
2026-09-14T15:19:52Z,57688,539.3,1000,1000,3,3688481896,3,200,0.8
2026-09-14T15:20:22Z,57718,532.2,1000,1000,3,3690364073,3,200,0.5
2026-09-14T15:20:52Z,57748,558.5,1000,1000,3,3692246281,3,200,1.0
2026-09-14T15:21:22Z,57778,523.9,1000,1000,3,3694190184,3,200,0.5
2026-09-14T15:21:52Z,57808,561.5,1000,1000,3,3696072174,3,200,0.5
2026-09-14T15:22:22Z,57838,555.8,1000,1000,3,3697953122,3,200,100.6
2026-09-14T15:22:52Z,57868,522.5,1000,1000,3,3699841528,3,200,0.6
2026-09-14T15:23:22Z,57898,477.7,1000,1000,3,3701784584,3,200,0.4
2026-09-14T15:23:52Z,57928,562.2,1000,1000,3,3703662704,3,200,0.7
2026-09-14T15:24:23Z,57958,519.5,1000,1000,3,3705605760,3,200,0.7
2026-09-14T15:24:52Z,57988,537.8,1000,1000,3,3707491872,3,200,1.2
2026-09-14T15:25:22Z,58018,554.9,1000,1000,3,3709373089,3,200,0.5
2026-09-14T15:25:52Z,58048,570.2,1000,1000,3,3711256283,3,200,0.7
2026-09-14T15:26:22Z,58078,512.3,1000,1000,3,3713200160,3,200,0.7
2026-09-14T15:26:52Z,58108,566.5,1000,1000,3,3715078280,3,200,0.8
2026-09-14T15:27:22Z,58138,553.8,1000,1000,3,3716960152,3,200,0.6
2026-09-14T15:27:53Z,58168,523.0,1000,1000,3,3718907448,3,200,1.7
2026-09-14T15:28:22Z,58198,539.5,1000,1000,3,3720786568,3,200,0.5
2026-09-14T15:28:52Z,58228,532.9,1000,1000,3,3722669280,3,200,107.3
2026-09-14T15:29:23Z,58258,538.6,1000,1000,3,3724623728,3,200,1.2
2026-09-14T15:29:52Z,58288,517.9,1000,1000,3,3726501848,3,200,1.0
2026-09-14T15:30:22Z,58318,551.5,1000,1000,3,3728380968,3,200,0.6
2026-09-14T15:30:52Z,58348,531.3,999,999,4,3730277622,4,200,1.1
2026-09-14T15:31:22Z,58378,514.0,999,999,4,3732165215,4,200,0.5
2026-09-14T15:31:52Z,58408,518.6,999,999,4,3734108107,4,200,1.3
2026-09-14T15:32:22Z,58438,510.6,999,999,4,3735993330,4,200,0.5
2026-09-14T15:32:52Z,58468,540.2,1000,1000,4,3738915785,4,200,0.5
2026-09-14T15:33:22Z,58498,536.7,1000,1000,4,3740800288,4,200,1.5
2026-09-14T15:33:53Z,58528,541.0,1000,1000,4,3742744953,4,200,1.0
2026-09-14T15:34:22Z,58558,548.3,1000,1000,4,3744628547,4,200,0.6
2026-09-14T15:34:52Z,58588,535.6,1000,1000,4,3746506747,4,200,71.4
2026-09-14T15:35:23Z,58618,544.3,1000,1000,4,3748461232,4,200,1.3
2026-09-14T15:35:52Z,58648,544.7,1000,1000,4,3750339353,4,200,0.4
2026-09-14T15:36:22Z,58678,519.8,1000,1000,4,3752223015,4,200,2.4
2026-09-14T15:36:52Z,58708,526.1,1000,1000,4,3754104585,4,200,0.4
2026-09-14T15:37:22Z,58738,533.3,1000,1000,4,3756055623,4,200,1.2
2026-09-14T15:37:52Z,58768,543.8,1000,1000,4,3757935346,4,200,0.8
2026-09-14T15:38:22Z,58798,531.0,1000,1000,4,3759817660,4,200,0.8
2026-09-14T15:38:52Z,58828,534.3,1000,1000,4,3761762921,4,200,2.0
2026-09-14T15:39:22Z,58858,541.5,1000,1000,4,3763641703,4,200,1.4
2026-09-14T15:39:52Z,58888,503.5,1000,1000,4,3765528153,4,200,0.7
2026-09-14T15:40:22Z,58918,519.0,1000,1000,4,3767471208,4,200,0.7
2026-09-14T15:40:52Z,58948,537.7,1000,1000,4,3769353255,4,200,0.6
2026-09-14T15:41:22Z,58978,512.8,1000,1000,4,3771236440,4,200,0.6
2026-09-14T15:41:53Z,59008,527.6,1000,1000,4,3773186489,4,200,0.9
2026-09-14T15:42:22Z,59038,509.3,1000,1000,4,3775071848,4,200,2.2
2026-09-14T15:42:52Z,59068,515.3,1000,1000,4,3776951721,4,200,0.5
2026-09-14T15:43:23Z,59099,539.2,1000,1000,4,3778907255,4,200,1.2
2026-09-14T15:43:53Z,59129,539.9,1000,1000,4,3780852817,4,200,0.6
2026-09-14T15:44:23Z,59159,534.1,1000,1000,4,3782737691,4,200,0.9
2026-09-14T15:44:53Z,59189,520.2,1000,1000,4,3784618049,4,200,0.7
2026-09-14T15:45:24Z,59219,503.6,1000,1000,4,3786569096,4,200,1.7
2026-09-14T15:45:53Z,59249,559.4,1000,1000,4,3788447217,4,200,0.4
2026-09-14T15:46:23Z,59279,499.9,1000,1000,4,3790330333,4,200,109.7
2026-09-14T15:46:54Z,59309,517.5,1000,1000,4,3792276385,4,200,0.9
2026-09-14T15:47:23Z,59339,502.9,1000,1000,4,3794162893,4,200,1.6
2026-09-14T15:47:53Z,59369,534.0,1000,1000,4,3796041617,4,200,0.6
2026-09-14T15:48:23Z,59399,528.2,1000,1000,4,3797928728,4,200,2.4
2026-09-14T15:48:53Z,59429,571.9,1000,1000,4,3799870785,4,200,0.7
2026-09-14T15:49:23Z,59459,524.3,1000,1000,4,3801749904,4,200,0.9
2026-09-14T15:49:53Z,59489,510.8,1000,1000,4,3803628025,4,200,0.7
2026-09-14T15:50:23Z,59519,510.9,1000,1000,4,3805574900,4,200,0.6
2026-09-14T15:50:53Z,59549,547.1,1000,1000,4,3807453762,4,200,0.7
2026-09-14T15:51:23Z,59579,533.2,1000,1000,4,3809336312,4,200,1.8
2026-09-14T15:51:53Z,59609,550.1,1000,1000,4,3811278369,4,200,0.7
2026-09-14T15:52:23Z,59639,542.8,1000,1000,4,3813163517,4,200,0.7
2026-09-14T15:52:53Z,59669,527.4,1000,1000,4,3815043601,4,200,2.5
2026-09-14T15:53:24Z,59699,532.6,1000,1000,4,3816986656,4,200,0.5
2026-09-14T15:53:53Z,59729,547.1,1000,1000,4,3818867710,4,200,0.6
2026-09-14T15:54:23Z,59759,559.8,1000,1000,4,3820747982,4,200,110.0
2026-09-14T15:54:53Z,59789,527.5,1000,1000,4,3822638001,4,200,0.7
2026-09-14T15:55:23Z,59819,540.7,1000,1000,4,3824581056,4,200,0.5
2026-09-14T15:55:53Z,59849,551.7,1000,1000,4,3826459177,4,200,0.8
2026-09-14T15:56:24Z,59880,527.7,1000,1000,4,3828402232,4,200,0.4
2026-09-14T15:56:54Z,59910,527.5,1000,1000,4,3830352036,4,200,3.3
2026-09-14T15:57:24Z,59940,521.5,1000,1000,4,3832231400,4,200,0.5
2026-09-14T15:57:54Z,59970,534.2,1000,1000,4,3834109521,4,200,0.5
2026-09-14T15:58:24Z,60000,579.1,1000,1000,4,3836052576,4,200,0.5
2026-09-14T15:58:54Z,60030,525.1,1000,1000,4,3837935354,4,200,1.1
2026-09-14T15:59:24Z,60060,542.0,1000,1000,4,3839817652,4,200,1.1
2026-09-14T15:59:54Z,60090,561.1,1000,1000,4,3841759865,4,200,0.8
2026-09-14T16:00:24Z,60120,547.6,1000,1000,4,3843642250,4,200,0.4
2026-09-14T16:00:54Z,60150,517.9,1000,1000,4,3845506578,4,200,3.9
2026-09-14T16:01:24Z,60180,517.4,1000,1000,4,3847417545,4,200,1.0
2026-09-14T16:01:54Z,60210,537.7,1000,1000,4,3849362257,4,200,0.7
2026-09-14T16:02:24Z,60240,547.6,1000,1000,4,3851240356,4,200,2.2
2026-09-14T16:02:54Z,60270,585.1,1000,1000,4,3854106884,4,200,2.0
2026-09-14T16:03:25Z,60300,522.3,1000,1000,4,3856053560,4,200,0.6
2026-09-14T16:03:54Z,60330,538.3,1000,1000,4,3857931681,4,200,0.4
2026-09-14T16:04:24Z,60360,551.2,1000,1000,4,3859813780,4,200,0.6
2026-09-14T16:04:55Z,60390,533.7,1000,1000,4,3861752857,4,200,0.5
2026-09-14T16:05:24Z,60420,531.8,1000,1000,4,3863635399,4,200,0.6
2026-09-14T16:05:54Z,60450,540.9,1000,1000,4,3865512272,4,200,83.4
2026-09-14T16:06:25Z,60480,525.9,1000,1000,4,3867469136,4,200,0.5
2026-09-14T16:06:54Z,60510,556.0,1000,1000,4,3869347257,4,200,2.0
2026-09-14T16:07:24Z,60540,537.8,1000,1000,4,3871226376,4,200,0.6
2026-09-14T16:07:54Z,60570,525.1,1000,1000,4,3873111490,4,200,0.8
2026-09-14T16:08:24Z,60600,549.7,1000,1000,4,3875055544,4,200,0.6
2026-09-14T16:08:54Z,60630,538.2,1000,1000,4,3876937328,4,200,1.0
2026-09-14T16:09:24Z,60660,539.4,1000,1000,4,3878816590,4,200,0.6
2026-09-14T16:09:54Z,60690,497.3,1000,1000,4,3880762833,4,200,0.4
2026-09-14T16:10:24Z,60720,523.4,1000,1000,4,3882641952,4,200,0.5
2026-09-14T16:10:54Z,60750,538.2,1000,1000,4,3884524041,4,200,0.4
2026-09-14T16:11:25Z,60780,536.5,1000,1000,4,3886470121,4,200,0.6
2026-09-14T16:11:54Z,60810,559.1,1000,1000,4,3888350036,4,200,0.9
2026-09-14T16:12:24Z,60840,550.1,1000,1000,4,3890230296,4,200,110.8
2026-09-14T16:12:55Z,60870,552.1,1000,1000,4,3892184921,4,200,1.7
2026-09-14T16:13:24Z,60900,551.6,1000,1000,4,3894065520,4,200,0.9
2026-09-14T16:13:54Z,60930,559.3,1000,1000,4,3895948266,4,200,0.7
2026-09-14T16:14:24Z,60960,553.3,1000,1000,4,3897827563,4,200,0.7
2026-09-14T16:14:54Z,60990,539.4,1000,1000,4,3899771810,4,200,0.5
2026-09-14T16:15:24Z,61020,544.2,1000,1000,4,3901651161,4,200,1.2
2026-09-14T16:15:54Z,61050,522.5,1000,1000,4,3903530049,4,200,0.6
2026-09-14T16:16:24Z,61080,543.0,1000,1000,4,3905480097,4,200,1.1
2026-09-14T16:16:54Z,61110,537.5,1000,1000,4,3907359217,4,200,0.5
2026-09-14T16:17:24Z,61140,548.3,1000,1000,4,3909240067,4,200,0.6
2026-09-14T16:17:55Z,61170,516.5,1000,1000,4,3911195378,4,200,0.7
2026-09-14T16:18:24Z,61200,561.2,1000,1000,4,3913075496,4,200,0.5
2026-09-14T16:18:54Z,61230,560.9,1000,1000,4,3914953437,4,200,1.1
2026-09-14T16:19:25Z,61260,527.9,1000,1000,4,3916903439,4,200,1.0
2026-09-14T16:19:54Z,61290,542.7,1000,1000,4,3918781786,4,200,0.5
2026-09-14T16:20:24Z,61320,545.4,1000,1000,4,3920658574,4,200,2.4
2026-09-14T16:20:54Z,61350,547.7,1000,1000,4,3922543792,4,200,0.7
2026-09-14T16:21:24Z,61380,501.6,1000,1000,4,3924491072,4,200,0.5
2026-09-14T16:21:54Z,61410,513.0,1000,1000,4,3926369193,4,200,0.6
2026-09-14T16:22:24Z,61440,510.5,1000,1000,4,3928248312,4,200,0.5
2026-09-14T16:22:55Z,61470,539.4,1000,1000,4,3930198361,4,200,0.6
2026-09-14T16:23:24Z,61500,510.1,1000,1000,4,3932077480,4,200,0.5
2026-09-14T16:23:54Z,61530,551.3,1000,1000,4,3933956600,4,200,0.8
2026-09-14T16:24:25Z,61560,502.9,1000,1000,4,3935913324,4,200,1.6
2026-09-14T16:24:54Z,61590,534.4,1000,1000,4,3937791762,4,200,0.6
2026-09-14T16:25:24Z,61620,533.7,1000,1000,4,3939665874,4,200,14.6
2026-09-14T16:25:55Z,61651,543.5,1000,1000,4,3941620930,4,200,0.8
2026-09-14T16:26:25Z,61681,554.0,1000,1000,4,3943563985,4,200,0.4
2026-09-14T16:26:55Z,61711,537.0,1000,1000,4,3945449490,4,200,1.0
2026-09-14T16:27:25Z,61741,525.2,1000,1000,4,3947329217,4,200,0.5
2026-09-14T16:27:55Z,61771,543.9,1000,1000,4,3949271274,4,200,1.3
2026-09-14T16:28:25Z,61801,561.8,1000,1000,4,3951155223,4,200,0.5
2026-09-14T16:28:55Z,61831,520.9,1000,1000,4,3953029513,4,200,0.5
2026-09-14T16:29:25Z,61861,545.4,1000,1000,4,3954977703,4,200,0.7
2026-09-14T16:29:55Z,61891,517.9,1000,1000,4,3956857682,4,200,0.8
2026-09-14T16:30:25Z,61921,574.8,1000,1000,4,3958740358,4,200,0.6
2026-09-14T16:30:56Z,61951,553.8,1000,1000,4,3960687849,4,200,0.4
2026-09-14T16:31:25Z,61981,550.5,1000,1000,4,3962573961,4,200,2.9
2026-09-14T16:31:55Z,62011,548.7,1000,1000,4,3964450764,4,200,0.8
2026-09-14T16:32:25Z,62041,514.7,1000,1000,4,3966332200,4,200,0.6
2026-09-14T16:32:55Z,62071,601.1,1000,1000,4,3968275170,4,200,0.7
2026-09-14T16:33:25Z,62101,504.4,1000,1000,4,3971156372,4,200,0.6
2026-09-14T16:33:55Z,62131,531.0,1000,1000,4,3973035472,4,200,0.5
2026-09-14T16:34:25Z,62161,544.2,1000,1000,4,3974978547,4,200,0.6
2026-09-14T16:34:55Z,62191,520.7,1000,1000,4,3976859822,4,200,0.5
2026-09-14T16:35:25Z,62221,541.6,1000,1000,4,3978742780,4,200,0.8
2026-09-14T16:35:56Z,62251,538.7,1000,1000,4,3980685836,4,200,1.0
2026-09-14T16:36:25Z,62281,529.9,1000,1000,4,3982570210,4,200,1.3
2026-09-14T16:36:55Z,62311,554.9,1000,1000,4,3984447394,4,200,56.7
2026-09-14T16:37:25Z,62341,522.1,1000,1000,4,3986337180,4,200,1.4
2026-09-14T16:37:55Z,62371,547.6,1000,1000,4,3988280236,4,200,0.6
2026-09-14T16:38:25Z,62401,524.8,1000,1000,4,3990163438,4,200,0.5
2026-09-14T16:38:55Z,62431,505.5,1000,1000,4,3992041074,4,200,0.6
2026-09-14T16:39:25Z,62461,532.7,1000,1000,4,3993987524,4,200,0.6
2026-09-14T16:39:55Z,62491,550.7,1000,1000,4,3995866644,4,200,0.6
2026-09-14T16:40:25Z,62521,481.3,1000,1000,4,3997745763,4,200,0.8
2026-09-14T16:40:55Z,62551,559.1,1000,1000,4,3999687820,4,200,0.5
2026-09-14T16:41:25Z,62581,541.6,1000,1000,4,4001571319,4,200,0.5
2026-09-14T16:41:55Z,62611,541.1,1000,1000,4,4003452421,4,200,0.7
2026-09-14T16:42:25Z,62641,495.9,1000,1000,4,4005396107,4,200,0.6
2026-09-14T16:42:55Z,62671,543.0,1000,1000,4,4007277756,4,200,1.9
2026-09-14T16:43:25Z,62701,544.6,1000,1000,4,4009153347,4,200,0.7
2026-09-14T16:43:55Z,62731,516.8,1000,1000,4,4011102397,4,200,1.7
2026-09-14T16:44:25Z,62761,550.9,1000,1000,4,4012982515,4,200,0.6
2026-09-14T16:44:55Z,62791,510.2,1000,1000,4,4014860629,4,200,0.6
2026-09-14T16:45:25Z,62821,557.8,1000,1000,4,4016803691,4,200,0.7
2026-09-14T16:45:55Z,62851,507.5,1000,1000,4,4018689804,4,200,0.5
2026-09-14T16:46:25Z,62881,528.5,1000,1000,4,4020568923,4,200,0.4
2026-09-14T16:46:56Z,62911,511.5,1000,1000,4,4022518972,4,200,0.6
2026-09-14T16:47:25Z,62941,535.5,1000,1000,4,4024405282,4,200,1.2
2026-09-14T16:47:55Z,62971,527.2,1000,1000,4,4026282229,4,200,0.8
2026-09-14T16:48:25Z,63001,524.5,1000,1000,4,4028163323,4,200,0.9
2026-09-14T16:48:55Z,63031,524.6,1000,1000,4,4030112347,4,200,1.2
2026-09-14T16:49:25Z,63061,534.8,1000,1000,4,4031992491,4,200,0.7
2026-09-14T16:49:55Z,63091,526.6,1000,1000,4,4033870612,4,200,0.8
2026-09-14T16:50:25Z,63121,528.3,1000,1000,4,4035817383,4,200,0.7
2026-09-14T16:50:55Z,63151,522.5,1000,1000,4,4037699780,4,200,1.0
2026-09-14T16:51:25Z,63181,515.9,1000,1000,4,4039580367,4,200,0.5
2026-09-14T16:51:56Z,63212,504.9,1000,1000,4,4041535941,4,200,0.7
2026-09-14T16:52:26Z,63242,533.9,1000,1000,4,4043479995,4,200,0.5
2026-09-14T16:52:56Z,63272,525.8,1000,1000,4,4045365051,4,200,1.1
2026-09-14T16:53:26Z,63302,528.6,1000,1000,4,4047244228,4,200,0.8
2026-09-14T16:53:56Z,63332,515.9,1000,1000,4,4049187284,4,200,0.8
2026-09-14T16:54:26Z,63362,544.8,1000,1000,4,4051069216,4,200,0.6
2026-09-14T16:54:56Z,63392,556.9,1000,1000,4,4052951489,4,200,1.4
2026-09-14T16:55:26Z,63422,537.2,1000,1000,4,4054894572,4,200,0.4
2026-09-14T16:55:56Z,63452,534.6,1000,1000,4,4056777724,4,200,0.6
2026-09-14T16:56:26Z,63482,528.2,1000,1000,4,4058657292,4,200,65.4
2026-09-14T16:56:57Z,63512,539.7,1000,1000,4,4060610222,4,200,1.3
2026-09-14T16:57:26Z,63542,503.4,1000,1000,4,4062489971,4,200,0.5
2026-09-14T16:57:56Z,63572,552.1,1000,1000,4,4064372336,4,200,0.9
2026-09-14T16:58:26Z,63602,573.1,1000,1000,4,4066254204,4,200,0.8
2026-09-14T16:58:56Z,63632,499.7,1000,1000,4,4068197252,4,200,1.1
2026-09-14T16:59:26Z,63662,553.3,1000,1000,4,4070077474,4,200,0.7
2026-09-14T16:59:56Z,63692,520.9,1000,1000,4,4071954500,4,200,0.8
2026-09-14T17:00:26Z,63722,518.7,1000,1000,4,4073904548,4,200,0.8
2026-09-14T17:00:56Z,63752,529.9,1000,1000,4,4075782669,4,200,0.6
2026-09-14T17:01:26Z,63782,500.7,1000,1000,4,4077662787,4,200,0.6
2026-09-14T17:01:57Z,63812,544.5,1000,1000,4,4079611837,4,200,0.7
2026-09-14T17:02:26Z,63842,518.3,1000,1000,4,4081490956,4,200,0.7
2026-09-14T17:02:56Z,63872,545.9,1000,1000,4,4083373251,4,200,111.1
2026-09-14T17:03:26Z,63902,517.3,1000,1000,4,4086253190,4,200,0.6
2026-09-14T17:03:56Z,63932,528.0,1000,1000,4,4088195247,4,200,0.6
2026-09-14T17:04:26Z,63962,537.2,1000,1000,4,4090076364,4,200,1.0
2026-09-14T17:04:56Z,63992,506.5,1000,1000,4,4091954485,4,200,0.5
2026-09-14T17:05:26Z,64022,491.8,1000,1000,4,4093905532,4,200,0.6
2026-09-14T17:05:56Z,64052,536.7,1000,1000,4,4095788314,4,200,0.5
2026-09-14T17:06:26Z,64082,533.3,1000,1000,4,4097670764,4,200,0.6
2026-09-14T17:06:56Z,64112,496.5,1000,1000,4,4099617585,4,200,0.6
2026-09-14T17:07:26Z,64142,527.5,1000,1000,4,4101499932,4,200,1.0
2026-09-14T17:07:56Z,64172,541.6,1000,1000,4,4103382397,4,200,0.5
2026-09-14T17:08:27Z,64202,555.4,1000,1000,4,4105329100,4,200,0.6
2026-09-14T17:08:56Z,64232,529.0,1000,1000,4,4107207221,4,200,0.5
2026-09-14T17:09:26Z,64262,541.0,1000,1000,4,4109090744,4,200,76.3
2026-09-14T17:09:57Z,64292,544.5,1000,1000,4,4111036389,4,200,0.5
2026-09-14T17:10:26Z,64322,493.4,1000,1000,4,4112915508,4,200,0.7
2026-09-14T17:10:56Z,64352,538.6,1000,1000,4,4114799245,4,200,0.6
2026-09-14T17:11:27Z,64382,535.2,1000,1000,4,4116744676,4,200,1.1
2026-09-14T17:11:56Z,64412,553.6,1000,1000,4,4118622797,4,200,0.6
2026-09-14T17:12:26Z,64442,534.1,1000,1000,4,4120501916,4,200,0.6
2026-09-14T17:12:57Z,64472,496.9,1000,1000,4,4122443973,4,200,0.6
2026-09-14T17:13:26Z,64502,511.6,1000,1000,4,4124331084,4,200,1.2
2026-09-14T17:13:56Z,64532,503.7,1000,1000,4,4126205520,4,200,0.8
2026-09-14T17:14:26Z,64562,532.0,1000,1000,4,4128088324,4,200,0.5
2026-09-14T17:14:56Z,64592,542.6,1000,1000,4,4130034778,4,200,0.9
2026-09-14T17:15:26Z,64622,520.1,1000,1000,4,4131917492,4,200,1.9
2026-09-14T17:15:56Z,64652,509.4,1000,1000,4,4133795613,4,200,0.7
2026-09-14T17:16:26Z,64682,526.8,1000,1000,4,4135738668,4,200,0.6
2026-09-14T17:16:56Z,64712,549.5,1000,1000,4,4137614242,4,200,1.1
2026-09-14T17:17:26Z,64742,516.3,1000,1000,4,4139495908,4,200,0.9
2026-09-14T17:17:56Z,64772,542.8,1000,1000,4,4141440840,4,200,0.5
2026-09-14T17:18:26Z,64802,581.5,1000,1000,4,4143321252,4,200,0.6
2026-09-14T17:18:57Z,64832,491.7,1000,1000,4,4145262864,4,200,0.6
2026-09-14T17:19:26Z,64862,522.8,1000,1000,4,4147144721,4,200,1.6
2026-09-14T17:19:56Z,64892,554.8,1000,1000,4,4149017436,4,200,2.9
2026-09-14T17:20:27Z,64923,524.8,1000,1000,4,4150967428,4,200,1.1
2026-09-14T17:20:57Z,64953,510.3,1000,1000,4,4152909485,4,200,0.4
2026-09-14T17:21:27Z,64983,511.0,1000,1000,4,4154788604,4,200,0.8
2026-09-14T17:21:58Z,65014,519.1,1000,1000,4,4156730661,4,200,0.5
2026-09-14T17:22:28Z,65044,515.8,1000,1000,4,4158677028,4,200,0.7
2026-09-14T17:22:58Z,65074,527.8,1000,1000,4,4160556769,4,200,0.5
2026-09-14T17:23:28Z,65104,526.6,1000,1000,4,4162438948,4,200,0.6
2026-09-14T17:23:58Z,65134,523.2,1000,1000,4,4164381005,4,200,0.7
2026-09-14T17:24:28Z,65164,515.2,1000,1000,4,4166260124,4,200,0.5
2026-09-14T17:24:59Z,65194,540.7,1000,1000,4,4168202181,4,200,0.8
2026-09-14T17:25:28Z,65224,534.8,1000,1000,4,4170084295,4,200,0.5
2026-09-14T17:25:58Z,65254,532.5,1000,1000,4,4171964540,4,200,0.9
2026-09-14T17:26:28Z,65284,528.6,1000,1000,4,4173846532,4,200,0.7
2026-09-14T17:26:58Z,65314,512.9,1000,1000,4,4175788589,4,200,0.7
2026-09-14T17:27:28Z,65344,533.5,1000,1000,4,4177666611,4,200,1.9
2026-09-14T17:27:58Z,65374,522.5,1000,1000,4,4179545829,4,200,0.7
2026-09-14T17:28:28Z,65404,541.8,1000,1000,4,4181488884,4,200,0.5
2026-09-14T17:28:58Z,65434,568.1,1000,1000,4,4183367005,4,200,0.8
2026-09-14T17:29:29Z,65464,540.0,1000,1000,4,4185310060,4,200,0.5
2026-09-14T17:29:58Z,65494,521.3,1000,1000,4,4187194145,4,200,1.2
2026-09-14T17:30:28Z,65524,548.1,1000,1000,4,4189068699,4,200,0.7
2026-09-14T17:30:58Z,65554,523.4,1000,1000,4,4190956782,4,200,0.6
2026-09-14T17:31:28Z,65584,516.0,1000,1000,4,4192899467,4,200,0.7
2026-09-14T17:31:58Z,65614,539.6,1000,1000,4,4194774589,4,200,0.7
2026-09-14T17:32:29Z,65644,510.9,1000,1000,4,4196717644,4,200,0.5
2026-09-14T17:32:58Z,65674,533.1,1000,1000,4,4198601291,4,200,0.6
2026-09-14T17:33:28Z,65704,510.6,1000,1000,4,4201443529,4,200,0.4
2026-09-14T17:33:58Z,65734,515.8,1000,1000,4,4203319342,4,200,0.5
2026-09-14T17:34:28Z,65764,532.6,1000,1000,4,4205262048,4,200,0.5
2026-09-14T17:34:58Z,65794,537.3,1000,1000,4,4207142595,4,200,1.1
2026-09-14T17:35:28Z,65824,537.7,1000,1000,4,4209023329,4,200,2.2
2026-09-14T17:35:58Z,65854,511.4,1000,1000,4,4210966385,4,200,0.7
2026-09-14T17:36:28Z,65884,509.0,1000,1000,4,4212845504,4,200,0.6
2026-09-14T17:36:58Z,65914,522.3,1000,1000,4,4214728479,4,200,0.6
2026-09-14T17:37:28Z,65944,503.9,1000,1000,4,4216672792,4,200,0.6
2026-09-14T17:37:58Z,65974,517.9,1000,1000,4,4218551794,4,200,0.6
2026-09-14T17:38:28Z,66004,527.5,1000,1000,4,4220430913,4,200,0.6
2026-09-14T17:38:58Z,66034,505.6,1000,1000,4,4222377066,4,200,0.6
2026-09-14T17:39:28Z,66064,548.3,1000,1000,4,4224257082,4,200,0.5
2026-09-14T17:39:58Z,66094,541.2,1000,1000,4,4226137785,4,200,1.9
2026-09-14T17:40:28Z,66124,510.7,1000,1000,4,4228081257,4,200,0.6
2026-09-14T17:40:58Z,66154,470.5,1000,1000,4,4229964149,4,200,0.6
2026-09-14T17:41:28Z,66184,523.3,1000,1000,4,4231843693,4,200,0.4
2026-09-14T17:41:59Z,66214,521.2,1000,1000,4,4233790118,4,200,1.3
2026-09-14T17:42:28Z,66244,547.1,1000,1000,4,4235672816,4,200,0.4
2026-09-14T17:42:58Z,66274,531.5,1000,1000,4,4237550230,4,200,82.7
2026-09-14T17:43:29Z,66304,543.7,1000,1000,4,4239497832,4,200,0.7
2026-09-14T17:43:58Z,66334,540.4,1000,1000,4,4241382942,4,200,1.5
2026-09-14T17:44:28Z,66364,555.0,1000,1000,4,4243260189,4,200,1.8
2026-09-14T17:44:59Z,66395,522.5,1000,1000,4,4245205131,4,200,0.6
2026-09-14T17:45:29Z,66425,514.5,1000,1000,4,4247148176,4,200,0.8
2026-09-14T17:45:59Z,66455,518.9,1000,1000,4,4249029895,4,200,0.5
2026-09-14T17:46:30Z,66486,522.7,1000,1000,4,4250975209,4,200,0.8
2026-09-14T17:47:00Z,66516,523.0,1000,1000,4,4252918402,4,200,1.4
2026-09-14T17:47:30Z,66546,561.6,1000,1000,4,4254798634,4,200,1.3
2026-09-14T17:48:00Z,66576,533.2,1000,1000,4,4256682574,4,200,0.7
2026-09-14T17:48:30Z,66606,511.2,1000,1000,4,4258626689,4,200,0.5
2026-09-14T17:49:00Z,66636,536.7,1000,1000,4,4260505809,4,200,0.6
2026-09-14T17:49:30Z,66666,508.1,1000,1000,4,4262388050,4,200,0.5
2026-09-14T17:50:00Z,66696,517.9,1000,1000,4,4264331882,4,200,1.0
2026-09-14T17:50:30Z,66726,578.6,1000,1000,4,4266213097,4,200,2.1
2026-09-14T17:51:00Z,66756,550.5,1000,1000,4,4268092211,4,200,1.6
2026-09-14T17:51:31Z,66786,504.1,1000,1000,4,4270042813,4,200,1.1
2026-09-14T17:52:00Z,66816,515.6,1000,1000,4,4271920386,4,200,0.5
2026-09-14T17:52:30Z,66846,531.9,1000,1000,4,4273799505,4,200,0.7
2026-09-14T17:53:01Z,66876,527.7,1000,1000,4,4275742561,4,200,0.7
2026-09-14T17:53:30Z,66906,530.0,1000,1000,4,4277627919,4,200,1.3
2026-09-14T17:54:00Z,66936,498.9,1000,1000,4,4279503473,4,200,66.6
2026-09-14T17:54:31Z,66966,528.5,1000,1000,4,4281450848,4,200,0.8
2026-09-14T17:55:00Z,66996,510.4,1000,1000,4,4283334269,4,200,0.7
2026-09-14T17:55:30Z,67026,522.4,1000,1000,4,4285212029,4,200,6.3
2026-09-14T17:56:01Z,67056,537.7,1000,1000,4,4287158137,4,200,0.6
2026-09-14T17:56:30Z,67086,537.7,1000,1000,4,4289039245,4,200,0.7
2026-09-14T17:57:00Z,67116,546.8,1000,1000,4,4290919819,4,200,0.5
2026-09-14T17:57:30Z,67146,513.1,1000,1000,4,4292802488,4,200,0.8
2026-09-14T17:58:00Z,67176,543.1,1000,1000,4,4294745544,4,200,0.7
2026-09-14T17:58:30Z,67206,512.2,1000,1000,4,4296629072,4,200,0.7
2026-09-14T17:59:00Z,67236,536.4,1000,1000,4,4298509759,4,200,2.0
2026-09-14T17:59:30Z,67266,547.9,1000,1000,4,4300453831,4,200,0.9
2026-09-14T18:00:00Z,67296,549.2,1000,1000,4,4302331952,4,200,0.5
2026-09-14T18:00:30Z,67326,531.9,1000,1000,4,4304219060,4,200,0.6
2026-09-14T18:01:00Z,67356,511.7,1000,1000,4,4306161120,4,200,0.7
2026-09-14T18:01:30Z,67386,527.9,1000,1000,4,4308048231,4,200,1.7
2026-09-14T18:02:00Z,67416,570.4,1000,1000,4,4309926352,4,200,0.6
2026-09-14T18:02:31Z,67446,519.0,1000,1000,4,4311873491,4,200,0.7
2026-09-14T18:03:00Z,67476,548.2,1000,1000,4,4313755520,4,200,1.5
2026-09-14T18:03:31Z,67506,679.6,1000,1000,4,4315982609,4,200,168.0
2026-09-14T18:04:00Z,67536,521.6,1000,1000,4,4318541099,4,200,0.6
2026-09-14T18:04:31Z,67566,523.6,1000,1000,4,4320487782,4,200,0.6
2026-09-14T18:05:00Z,67596,533.6,1000,1000,4,4322366902,4,200,0.7
2026-09-14T18:05:30Z,67626,508.6,1000,1000,4,4324242341,4,200,12.8
2026-09-14T18:06:01Z,67656,530.2,1000,1000,4,4326195071,4,200,0.7
2026-09-14T18:06:30Z,67686,552.6,1000,1000,4,4328075189,4,200,0.5
2026-09-14T18:07:00Z,67716,508.0,1000,1000,4,4329959017,4,200,1.5
2026-09-14T18:07:30Z,67746,523.3,1000,1000,4,4331839422,4,200,1.2
2026-09-14T18:08:00Z,67776,548.1,1000,1000,4,4333782478,4,200,0.7
2026-09-14T18:08:30Z,67806,518.9,1000,1000,4,4335664970,4,200,0.6
2026-09-14T18:09:00Z,67836,574.1,1000,1000,4,4337547702,4,200,0.8
2026-09-14T18:09:30Z,67866,516.2,1000,1000,4,4339490864,4,200,0.6
2026-09-14T18:10:00Z,67896,532.0,1000,1000,4,4341375054,4,200,0.9
2026-09-14T18:10:30Z,67926,556.1,1000,1000,4,4343255221,4,200,0.9
2026-09-14T18:11:00Z,67956,526.5,1000,1000,4,4345197055,4,200,0.6
2026-09-14T18:11:30Z,67986,529.3,1000,1000,4,4347077173,4,200,1.8
2026-09-14T18:12:00Z,68016,571.2,1000,1000,4,4348962287,4,200,1.8
2026-09-14T18:12:31Z,68046,540.6,1000,1000,4,4350905342,4,200,0.7
2026-09-14T18:13:00Z,68076,542.6,1000,1000,4,4352789277,4,200,0.7
2026-09-14T18:13:30Z,68106,554.5,1000,1000,4,4354670574,4,200,1.0
2026-09-14T18:14:01Z,68136,492.7,1000,1000,4,4356612631,4,200,0.5
2026-09-14T18:14:30Z,68166,552.4,1000,1000,4,4358492749,4,200,0.5
2026-09-14T18:15:00Z,68196,551.0,1000,1000,4,4360372209,4,200,0.6
2026-09-14T18:15:31Z,68226,545.8,1000,1000,4,4362313925,4,200,0.5
2026-09-14T18:16:00Z,68256,531.7,1000,1000,4,4364195360,4,200,0.9
2026-09-14T18:16:30Z,68286,548.2,1000,1000,4,4366078158,4,200,2.1
2026-09-14T18:17:01Z,68316,550.4,1000,1000,4,4368021214,4,200,1.8
2026-09-14T18:17:30Z,68346,554.8,1000,1000,4,4369907260,4,200,0.6
2026-09-14T18:18:00Z,68376,545.1,1000,1000,4,4371785447,4,200,2.0
2026-09-14T18:18:30Z,68406,520.5,1000,1000,4,4373665565,4,200,0.6
2026-09-14T18:19:00Z,68436,541.4,1000,1000,4,4375607622,4,200,0.5
2026-09-14T18:19:30Z,68466,533.8,1000,1000,4,4377493824,4,200,1.3
2026-09-14T18:20:00Z,68496,567.0,1000,1000,4,4379372854,4,200,1.1
2026-09-14T18:20:30Z,68526,565.6,1000,1000,4,4381323137,4,200,0.8
2026-09-14T18:21:00Z,68556,581.7,1000,1000,4,4383202022,4,200,0.6
2026-09-14T18:21:30Z,68586,527.2,1000,1000,4,4385087950,4,200,1.1
2026-09-14T18:22:01Z,68616,533.0,1000,1000,4,4387031190,4,200,0.5
2026-09-14T18:22:30Z,68646,513.9,1000,1000,4,4388910309,4,200,0.8
2026-09-14T18:23:00Z,68676,556.4,1000,1000,4,4390794892,4,200,132.4
2026-09-14T18:23:30Z,68706,500.0,1000,1000,4,4392683533,4,200,0.8
2026-09-14T18:24:00Z,68736,534.5,1000,1000,4,4394625590,4,200,0.5
2026-09-14T18:24:30Z,68766,531.0,1000,1000,4,4396506825,4,200,0.7
2026-09-14T18:25:00Z,68796,550.1,1000,1000,4,4398389314,4,200,0.6
2026-09-14T18:25:30Z,68826,559.5,1000,1000,4,4400333877,4,200,0.6
2026-09-14T18:26:00Z,68856,564.2,1000,1000,4,4402217225,4,200,0.9
2026-09-14T18:26:30Z,68886,547.3,1000,1000,4,4404099099,4,200,0.6
2026-09-14T18:27:01Z,68916,538.2,1000,1000,4,4406041166,4,200,0.5
2026-09-14T18:27:30Z,68946,523.5,1000,1000,4,4407923632,4,200,0.6
2026-09-14T18:28:00Z,68976,542.9,1000,1000,4,4409803028,4,200,113.2
2026-09-14T18:28:31Z,69006,529.4,1000,1000,4,4411757445,4,200,1.9
2026-09-14T18:29:00Z,69036,550.4,1000,1000,4,4413635566,4,200,0.7
2026-09-14T18:29:30Z,69066,551.4,1000,1000,4,4415522665,4,200,2.4
2026-09-14T18:30:00Z,69096,511.8,1000,1000,4,4417400798,4,200,0.6
2026-09-14T18:30:30Z,69126,521.2,1000,1000,4,4419343853,4,200,0.9
2026-09-14T18:31:00Z,69156,548.8,1000,1000,4,4421223360,4,200,2.4
2026-09-14T18:31:30Z,69186,539.3,1000,1000,4,4423101093,4,200,0.5
2026-09-14T18:32:00Z,69216,518.8,1000,1000,4,4425050343,4,200,0.7
2026-09-14T18:32:30Z,69246,545.9,1000,1000,4,4426930261,4,200,0.7
2026-09-14T18:33:00Z,69276,553.8,1000,1000,4,4428813719,4,200,2.2
2026-09-14T18:33:31Z,69306,551.2,1000,1000,4,4430759429,4,200,0.4
2026-09-14T18:34:00Z,69336,574.9,1000,1000,4,4433622564,4,200,1.3
2026-09-14T18:34:30Z,69366,554.6,1000,1000,4,4435498325,4,200,2.5
2026-09-14T18:35:01Z,69396,552.8,1000,1000,4,4437443740,4,200,0.6
2026-09-14T18:35:30Z,69426,535.5,1000,1000,4,4439323858,4,200,0.7
2026-09-14T18:36:00Z,69456,549.9,1000,1000,4,4441206910,4,200,0.7
2026-09-14T18:36:30Z,69486,542.3,1000,1000,4,4443092388,4,200,0.6
2026-09-14T18:37:00Z,69516,498.3,1000,1000,4,4445035250,4,200,0.6
2026-09-14T18:37:30Z,69546,528.3,1000,1000,4,4446917778,4,200,1.1
2026-09-14T18:38:00Z,69576,550.3,1000,1000,4,4448796379,4,200,2.4
2026-09-14T18:38:30Z,69606,490.7,1000,1000,4,4450739434,4,200,0.4
2026-09-14T18:39:00Z,69636,537.4,1000,1000,4,4452623179,4,200,1.1
2026-09-14T18:39:30Z,69666,548.9,1000,1000,4,4454503667,4,200,1.8
2026-09-14T18:40:00Z,69696,542.0,1000,1000,4,4456445724,4,200,0.7
2026-09-14T18:40:30Z,69726,549.7,1000,1000,4,4458325842,4,200,0.6
2026-09-14T18:41:00Z,69756,523.7,1000,1000,4,4460207728,4,200,0.6
2026-09-14T18:41:30Z,69786,549.8,1000,1000,4,4462154008,4,200,2.7
2026-09-14T18:42:00Z,69816,559.5,1000,1000,4,4464032132,4,200,2.1
2026-09-14T18:42:30Z,69846,558.1,1000,1000,4,4465914428,4,200,0.6
2026-09-14T18:43:01Z,69876,530.2,1000,1000,4,4467862299,4,200,0.7
2026-09-14T18:43:30Z,69906,527.1,1000,1000,4,4469749410,4,200,2.6
2026-09-14T18:44:00Z,69936,535.2,1000,1000,4,4471627531,4,200,0.6
2026-09-14T18:44:31Z,69966,543.9,1000,1000,4,4473575505,4,200,0.6
2026-09-14T18:45:00Z,69996,568.1,1000,1000,4,4475456699,4,200,1.1
2026-09-14T18:45:30Z,70026,540.7,1000,1000,4,4477335818,4,200,0.5
2026-09-14T18:46:00Z,70056,540.6,1000,1000,4,4479221929,4,200,1.3
2026-09-14T18:46:30Z,70086,521.9,1000,1000,4,4481164986,4,200,0.5
2026-09-14T18:47:00Z,70116,534.1,1000,1000,4,4483043107,4,200,0.7
2026-09-14T18:47:30Z,70146,515.3,1000,1000,4,4484929043,4,200,1.1
2026-09-14T18:48:00Z,70176,536.4,1000,1000,4,4486872275,4,200,0.8
2026-09-14T18:48:30Z,70206,518.0,1000,1000,4,4488753002,4,200,2.4
2026-09-14T18:49:00Z,70236,537.8,1000,1000,4,4490629515,4,200,0.8
2026-09-14T18:49:30Z,70266,576.8,1000,1000,4,4492572570,4,200,0.6
2026-09-14T18:50:00Z,70296,546.4,1000,1000,4,4494450691,4,200,0.6
2026-09-14T18:50:30Z,70326,568.5,1000,1000,4,4496336759,4,200,1.5
2026-09-14T18:51:00Z,70356,519.7,1000,1000,4,4498279859,4,200,1.3
2026-09-14T18:51:30Z,70386,524.4,1000,1000,4,4500158978,4,200,1.3
2026-09-14T18:52:00Z,70416,523.3,1000,1000,4,4502037099,4,200,0.6
2026-09-14T18:52:30Z,70446,540.3,1000,1000,4,4503988146,4,200,1.6
2026-09-14T18:53:00Z,70476,521.6,1000,1000,4,4505866267,4,200,0.6
2026-09-14T18:53:30Z,70506,526.4,1000,1000,4,4507745386,4,200,0.6
2026-09-14T18:54:00Z,70536,554.0,1000,1000,4,4509687443,4,200,0.5
2026-09-14T18:54:30Z,70566,554.9,1000,1000,4,4511566562,4,200,0.8
2026-09-14T18:55:00Z,70596,517.4,1000,1000,4,4513444683,4,200,0.5
2026-09-14T18:55:30Z,70626,520.3,1000,1000,4,4515395725,4,200,0.7
2026-09-14T18:56:00Z,70656,534.9,1000,1000,4,4517273851,4,200,0.6
2026-09-14T18:56:30Z,70686,541.6,1000,1000,4,4519157808,4,200,126.3
2026-09-14T18:57:01Z,70716,543.8,1000,1000,4,4521111011,4,200,3.2
2026-09-14T18:57:30Z,70746,537.4,1000,1000,4,4522990130,4,200,0.6
2026-09-14T18:58:00Z,70776,531.8,1000,1000,4,4524868251,4,200,0.6
2026-09-14T18:58:31Z,70806,567.6,1000,1000,4,4526811306,4,200,0.7
2026-09-14T18:59:00Z,70836,533.2,1000,1000,4,4528697419,4,200,2.2
2026-09-14T18:59:30Z,70866,495.2,1000,1000,4,4530578729,4,200,1.5
2026-09-14T19:00:00Z,70896,547.1,1000,1000,4,4532462651,4,200,1.7
2026-09-14T19:00:30Z,70926,510.8,1000,1000,4,4534405706,4,200,0.6
2026-09-14T19:01:00Z,70956,540.0,1000,1000,4,4536286747,4,200,0.5
2026-09-14T19:01:30Z,70986,545.6,1000,1000,4,4538168452,4,200,1.2
2026-09-14T19:02:01Z,71016,511.2,1000,1000,4,4540112995,4,200,1.1
2026-09-14T19:02:30Z,71046,570.7,1000,1000,4,4541992114,4,200,0.6
2026-09-14T19:03:00Z,71076,515.9,1000,1000,4,4543870235,4,200,0.5
2026-09-14T19:03:30Z,71106,479.9,1000,1000,4,4545813290,4,200,0.8
2026-09-14T19:04:00Z,71136,521.3,1000,1000,4,4548655269,4,200,0.5
2026-09-14T19:04:30Z,71166,529.3,1000,1000,4,4550533967,4,200,66.9
2026-09-14T19:05:01Z,71196,537.3,1000,1000,4,4552479619,4,200,0.5
2026-09-14T19:05:30Z,71226,520.9,1000,1000,4,4554366730,4,200,0.8
2026-09-14T19:06:00Z,71256,544.1,1000,1000,4,4556245486,4,200,0.4
2026-09-14T19:06:30Z,71286,511.5,1000,1000,4,4558131902,4,200,1.5
2026-09-14T19:07:00Z,71316,505.3,1000,1000,4,4560074019,4,200,0.6
2026-09-14T19:07:30Z,71346,552.6,1000,1000,4,4561958588,4,200,0.8
2026-09-14T19:08:00Z,71376,511.8,1000,1000,4,4563839251,4,200,1.5
2026-09-14T19:08:30Z,71406,539.9,1000,1000,4,4565782306,4,200,0.6
2026-09-14T19:09:00Z,71436,528.2,1000,1000,4,4567661785,4,200,0.9
2026-09-14T19:09:30Z,71466,554.5,1000,1000,4,4569544088,4,200,136.2
2026-09-14T19:10:00Z,71496,497.8,1000,1000,4,4571433651,4,200,0.8
2026-09-14T19:10:30Z,71526,534.2,1000,1000,4,4573376706,4,200,0.5
2026-09-14T19:11:00Z,71556,526.1,1000,1000,4,4575254827,4,200,0.6
2026-09-14T19:11:31Z,71586,546.0,1000,1000,4,4577201911,4,200,0.6
2026-09-14T19:12:00Z,71616,551.7,1000,1000,4,4579083995,4,200,0.6
2026-09-14T19:12:30Z,71646,516.7,1000,1000,4,4580962556,4,200,1.0
2026-09-14T19:13:00Z,71676,524.1,1000,1000,4,4582841235,4,200,0.9
2026-09-14T19:13:30Z,71706,522.5,1000,1000,4,4584788382,4,200,0.4
2026-09-14T19:14:00Z,71736,526.7,1000,1000,4,4586666661,4,200,0.8
2026-09-14T19:14:30Z,71766,537.9,1000,1000,4,4588549522,4,200,1.1
2026-09-14T19:15:00Z,71796,528.6,1000,1000,4,4590491579,4,200,0.8
2026-09-14T19:15:30Z,71826,537.1,1000,1000,4,4592369844,4,200,1.9
2026-09-14T19:16:00Z,71856,537.0,1000,1000,4,4594255100,4,200,0.7
2026-09-14T19:16:30Z,71886,549.4,1000,1000,4,4596199866,4,200,0.5
2026-09-14T19:17:00Z,71916,545.0,1000,1000,4,4598077987,4,200,0.6
2026-09-14T19:17:30Z,71946,499.6,1000,1000,4,4599957106,4,200,0.6
2026-09-14T19:18:00Z,71976,551.7,1000,1000,4,4601899163,4,200,0.6
2026-09-14T19:18:30Z,72006,527.1,1000,1000,4,4603786274,4,200,0.5
2026-09-14T19:19:00Z,72036,536.2,1000,1000,4,4605668862,4,200,113.9
2026-09-14T19:19:31Z,72066,522.1,1000,1000,4,4607615442,4,200,0.6
2026-09-14T19:20:00Z,72096,531.9,1000,1000,4,4609501555,4,200,0.9
2026-09-14T19:20:30Z,72126,520.6,1000,1000,4,4611380674,4,200,0.7
2026-09-14T19:21:00Z,72156,565.0,1000,1000,4,4613264530,4,200,1.2
2026-09-14T19:21:30Z,72186,520.6,1000,1000,4,4615209842,4,200,0.4
2026-09-14T19:22:00Z,72216,549.2,1000,1000,4,4617087963,4,200,0.6
2026-09-14T19:22:30Z,72246,537.8,1000,1000,4,4618970707,4,200,0.6
2026-09-14T19:23:00Z,72276,505.5,1000,1000,4,4620917131,4,200,0.6
2026-09-14T19:23:30Z,72306,560.1,1000,1000,4,4622796250,4,200,0.6
2026-09-14T19:24:00Z,72336,564.6,1000,1000,4,4624677534,4,200,0.6
2026-09-14T19:24:31Z,72366,514.4,1000,1000,4,4626633410,4,200,0.6
2026-09-14T19:25:00Z,72396,510.3,1000,1000,4,4628515753,4,200,0.6
2026-09-14T19:25:30Z,72426,535.9,1000,1000,4,4630392773,4,200,1.9
2026-09-14T19:26:01Z,72457,540.8,1000,1000,4,4632340699,4,200,0.7
2026-09-14T19:26:31Z,72487,550.8,1000,1000,4,4634283754,4,200,0.5
2026-09-14T19:27:01Z,72517,529.3,1000,1000,4,4636163754,4,200,1.3
2026-09-14T19:27:31Z,72547,541.0,1000,1000,4,4638047038,4,200,1.7
2026-09-14T19:28:01Z,72577,533.0,1000,1000,4,4639991043,4,200,0.7
2026-09-14T19:28:31Z,72607,518.6,1000,1000,4,4641870162,4,200,0.6
2026-09-14T19:29:01Z,72637,515.9,1000,1000,4,4643748283,4,200,0.6
2026-09-14T19:29:31Z,72667,549.9,1000,1000,4,4645696424,4,200,0.6
2026-09-14T19:30:01Z,72697,509.9,1000,1000,4,4647577451,4,200,1.5
2026-09-14T19:30:31Z,72727,539.9,1000,1000,4,4649456570,4,200,0.7
2026-09-14T19:31:01Z,72757,555.7,1000,1000,4,4651398627,4,200,0.7
2026-09-14T19:31:31Z,72787,540.8,1000,1000,4,4653285738,4,200,3.0
2026-09-14T19:32:01Z,72817,543.3,1000,1000,4,4655163859,4,200,0.5
2026-09-14T19:32:32Z,72847,523.3,1000,1000,4,4657106914,4,200,0.5
2026-09-14T19:33:01Z,72877,521.7,1000,1000,4,4658989826,4,200,1.6
2026-09-14T19:33:31Z,72907,515.1,1000,1000,4,4660869648,4,200,84.3
2026-09-14T19:34:01Z,72937,511.2,999,999,5,4662781552,5,200,1.5
2026-09-14T19:34:31Z,72967,520.4,999,999,5,4664664528,5,200,0.8
2026-09-14T19:35:01Z,72997,546.9,999,999,5,4666608248,5,200,0.4
2026-09-14T19:35:31Z,73027,561.9,999,999,5,4668493471,5,200,0.8
2026-09-14T19:36:01Z,73057,688.7,1000,1000,5,4670372010,5,200,5.8
2026-09-14T19:36:31Z,73087,541.8,1000,1000,5,4673277102,5,200,0.7
2026-09-14T19:37:02Z,73117,547.1,1000,1000,5,4675221157,5,200,0.7
2026-09-14T19:37:31Z,73147,539.5,1000,1000,5,4677107269,5,200,0.6
2026-09-14T19:38:01Z,73177,555.7,1000,1000,5,4678987326,5,200,0.5
2026-09-14T19:38:31Z,73207,511.4,1000,1000,5,4680866550,5,200,0.8
2026-09-14T19:39:01Z,73237,550.2,1000,1000,5,4682808564,5,200,1.1
2026-09-14T19:39:31Z,73267,488.2,1000,1000,5,4684694676,5,200,0.8
2026-09-14T19:40:01Z,73297,508.1,1000,1000,5,4686572797,5,200,0.5
2026-09-14T19:40:31Z,73327,540.3,1000,1000,5,4688516851,5,200,1.0
2026-09-14T19:41:01Z,73357,512.4,1000,1000,5,4690394972,5,200,0.6
2026-09-14T19:41:31Z,73387,548.1,1000,1000,5,4692274091,5,200,0.8
2026-09-14T19:42:01Z,73417,529.1,1000,1000,5,4694223141,5,200,0.5
2026-09-14T19:42:31Z,73447,512.5,1000,1000,5,4696102260,5,200,2.0
2026-09-14T19:43:01Z,73477,543.3,1000,1000,5,4697981374,5,200,0.6
2026-09-14T19:43:31Z,73507,515.4,1000,1000,5,4699924435,5,200,0.7
2026-09-14T19:44:01Z,73537,504.9,1000,1000,5,4701804483,5,200,1.0
2026-09-14T19:44:31Z,73567,530.0,1000,1000,5,4703684605,5,200,0.7
2026-09-14T19:45:01Z,73597,532.7,1000,1000,5,4705627956,5,200,0.7
2026-09-14T19:45:31Z,73627,521.2,1000,1000,5,4707509845,5,200,1.6
2026-09-14T19:46:01Z,73657,546.2,1000,1000,5,4709387965,5,200,0.5
2026-09-14T19:46:31Z,73687,540.7,1000,1000,5,4711332019,5,200,0.8
2026-09-14T19:47:01Z,73717,530.9,1000,1000,5,4713217461,5,200,0.6
2026-09-14T19:47:31Z,73747,514.4,1000,1000,5,4715100790,5,200,136.8
2026-09-14T19:48:02Z,73777,517.1,1000,1000,5,4717054293,5,200,1.5
2026-09-14T19:48:31Z,73807,536.9,1000,1000,5,4718933412,5,200,0.7
2026-09-14T19:49:01Z,73837,515.0,1000,1000,5,4720812532,5,200,1.2
2026-09-14T19:49:31Z,73867,522.4,1000,1000,5,4722691651,5,200,0.6
2026-09-14T19:50:01Z,73897,503.3,1000,1000,5,4724641050,5,200,2.4
2026-09-14T19:50:31Z,73927,549.8,1000,1000,5,4726522325,5,200,0.5
2026-09-14T19:51:01Z,73957,514.1,1000,1000,5,4728402842,5,200,0.8
2026-09-14T19:51:31Z,73987,556.0,1000,1000,5,4730348988,5,200,1.1
2026-09-14T19:52:01Z,74017,573.1,1000,1000,5,4732228108,5,200,0.6
2026-09-14T19:52:31Z,74047,517.8,1000,1000,5,4734111249,5,200,111.4
2026-09-14T19:53:02Z,74077,552.9,1000,1000,5,4736064269,5,200,0.6
2026-09-14T19:53:31Z,74107,526.9,1000,1000,5,4737947788,5,200,0.6
2026-09-14T19:54:01Z,74137,564.0,1000,1000,5,4739829501,5,200,2.3
2026-09-14T19:54:31Z,74167,529.0,1000,1000,5,4741709612,5,200,0.5
2026-09-14T19:55:01Z,74197,539.9,1000,1000,5,4743651676,5,200,0.6
2026-09-14T19:55:31Z,74227,503.6,1000,1000,5,4745532267,5,200,0.8
2026-09-14T19:56:01Z,74257,577.0,1000,1000,5,4747415909,5,200,1.1
2026-09-14T19:56:31Z,74287,508.7,1000,1000,5,4749359963,5,200,0.5
2026-09-14T19:57:01Z,74317,530.3,1000,1000,5,4751238084,5,200,0.7
2026-09-14T19:57:31Z,74347,525.1,1000,1000,5,4753121142,5,200,0.5
2026-09-14T19:58:01Z,74377,508.1,1000,1000,5,4755067252,5,200,1.7
2026-09-14T19:58:31Z,74407,542.8,1000,1000,5,4756946371,5,200,0.5
2026-09-14T19:59:01Z,74437,538.8,1000,1000,5,4758828790,5,200,81.2
2026-09-14T19:59:32Z,74467,551.1,1000,1000,5,4760783531,5,200,1.5
2026-09-14T20:00:01Z,74497,513.2,1000,1000,5,4762661652,5,200,0.6
2026-09-14T20:00:31Z,74527,524.2,1000,1000,5,4764546121,5,200,1.1
2026-09-14T20:01:01Z,74557,538.3,1000,1000,5,4766426884,5,200,0.7
2026-09-14T20:01:31Z,74587,553.7,1000,1000,5,4768369939,5,200,0.5
2026-09-14T20:02:01Z,74617,510.6,1000,1000,5,4770252539,5,200,0.9
2026-09-14T20:02:31Z,74647,519.2,1000,1000,5,4772138083,5,200,0.5
2026-09-14T20:03:01Z,74677,553.8,1000,1000,5,4774029276,5,200,0.5
2026-09-14T20:03:31Z,74707,524.5,1000,1000,5,4775972331,5,200,0.9
2026-09-14T20:04:01Z,74737,579.4,1000,1000,5,4777850452,5,200,0.5
2026-09-14T20:04:32Z,74767,534.9,1000,1000,5,4779793507,5,200,0.6
2026-09-14T20:05:01Z,74797,510.6,1000,1000,5,4781676348,5,200,0.7
2026-09-14T20:05:31Z,74827,547.8,1000,1000,5,4783555246,5,200,1.0
2026-09-14T20:06:01Z,74857,522.6,1000,1000,5,4785436860,5,200,0.4
2026-09-14T20:06:31Z,74887,531.4,1000,1000,5,4788336957,5,200,0.5
2026-09-14T20:07:01Z,74917,559.6,1000,1000,5,4790215078,5,200,0.6
2026-09-14T20:07:31Z,74947,500.0,1000,1000,5,4792101190,5,200,1.1
2026-09-14T20:08:02Z,74977,535.1,1000,1000,5,4794043247,5,200,0.6
2026-09-14T20:08:31Z,75007,543.4,1000,1000,5,4795923628,5,200,0.6
2026-09-14T20:09:01Z,75037,505.3,1000,1000,5,4797806201,5,200,95.1
2026-09-14T20:09:32Z,75067,545.5,1000,1000,5,4799752533,5,200,0.6
2026-09-14T20:10:01Z,75097,535.4,1000,1000,5,4801634606,5,200,0.6
2026-09-14T20:10:31Z,75127,545.8,1000,1000,5,4803517765,5,200,0.6
2026-09-14T20:11:01Z,75157,505.5,1000,1000,5,4805395886,5,200,0.6
2026-09-14T20:11:31Z,75187,521.1,1000,1000,5,4807345934,5,200,0.7
2026-09-14T20:12:01Z,75217,508.5,1000,1000,5,4809230403,5,200,1.2
2026-09-14T20:12:31Z,75247,572.5,1000,1000,5,4811111166,5,200,0.6
2026-09-14T20:13:02Z,75277,518.0,1000,1000,5,4813054222,5,200,0.7
2026-09-14T20:13:31Z,75307,564.0,1000,1000,5,4814940017,5,200,1.4
2026-09-14T20:14:01Z,75337,544.6,1000,1000,5,4816816689,5,200,133.2
2026-09-14T20:14:32Z,75368,531.6,1000,1000,5,4818770501,5,200,0.6
2026-09-14T20:15:02Z,75398,533.6,1000,1000,5,4820712558,5,200,0.4
2026-09-14T20:15:32Z,75428,537.8,1000,1000,5,4822598670,5,200,4.5
2026-09-14T20:16:02Z,75458,502.8,1000,1000,5,4824476791,5,200,0.6
2026-09-14T20:16:32Z,75488,514.4,1000,1000,5,4826424060,5,200,0.8
2026-09-14T20:17:02Z,75518,514.0,1000,1000,5,4828305944,5,200,1.8
2026-09-14T20:17:32Z,75548,504.8,1000,1000,5,4830185078,5,200,1.7
2026-09-14T20:18:02Z,75578,522.6,1000,1000,5,4832128134,5,200,0.5
2026-09-14T20:18:32Z,75608,534.8,1000,1000,5,4834014008,5,200,2.4
2026-09-14T20:19:02Z,75638,557.9,1000,1000,5,4835892776,5,200,1.8
2026-09-14T20:19:33Z,75668,510.6,1000,1000,5,4837836421,5,200,0.7
2026-09-14T20:20:02Z,75698,556.8,1000,1000,5,4839718619,5,200,0.4
2026-09-14T20:20:32Z,75728,553.3,1000,1000,5,4841596358,5,200,62.1
2026-09-14T20:21:03Z,75758,540.6,1000,1000,5,4843547571,5,200,0.6
2026-09-14T20:21:32Z,75788,520.3,1000,1000,5,4845429822,5,200,1.2
2026-09-14T20:22:02Z,75818,524.1,1000,1000,5,4847308942,5,200,0.5
2026-09-14T20:22:33Z,75848,538.9,1000,1000,5,4849251997,5,200,2.2
2026-09-14T20:23:02Z,75878,512.9,1000,1000,5,4851142564,5,200,0.8
2026-09-14T20:23:32Z,75908,497.1,1000,1000,5,4853024222,5,200,1.4
2026-09-14T20:24:02Z,75938,510.5,1000,1000,5,4854903342,5,200,0.7
2026-09-14T20:24:33Z,75968,519.1,1000,1000,5,4856846397,5,200,0.7
2026-09-14T20:25:02Z,75998,552.0,1000,1000,5,4858731511,5,200,1.2
2026-09-14T20:25:32Z,76028,531.2,1000,1000,5,4860608621,5,200,39.0
2026-09-14T20:26:03Z,76058,513.7,1000,1000,5,4862560497,5,200,1.0
2026-09-14T20:26:32Z,76088,533.3,1000,1000,5,4864439798,5,200,0.7
2026-09-14T20:27:02Z,76118,514.0,1000,1000,5,4866318952,5,200,0.7
2026-09-14T20:27:33Z,76148,538.6,1000,1000,5,4868264976,5,200,0.6
2026-09-14T20:28:02Z,76178,532.8,1000,1000,5,4870147087,5,200,0.9
2026-09-14T20:28:32Z,76208,532.4,1000,1000,5,4872026663,5,200,1.7
2026-09-14T20:29:02Z,76238,557.8,1000,1000,5,4873912353,5,200,1.0
2026-09-14T20:29:32Z,76268,529.4,1000,1000,5,4875855374,5,200,0.5
2026-09-14T20:30:02Z,76298,548.3,1000,1000,5,4877734494,5,200,0.8
2026-09-14T20:30:32Z,76328,510.3,1000,1000,5,4879617371,5,200,0.5
2026-09-14T20:31:03Z,76358,539.0,1000,1000,5,4881562663,5,200,0.7
2026-09-14T20:31:32Z,76388,519.3,1000,1000,5,4883442781,5,200,0.5
2026-09-14T20:32:02Z,76418,564.2,1000,1000,5,4885320902,5,200,0.6
2026-09-14T20:32:33Z,76448,531.7,1000,1000,5,4887267121,5,200,0.6
2026-09-14T20:33:02Z,76478,534.4,1000,1000,5,4889149071,5,200,1.5
2026-09-14T20:33:32Z,76508,549.1,1000,1000,5,4891029186,5,200,0.6
2026-09-14T20:34:03Z,76538,520.3,1000,1000,5,4892971246,5,200,1.0
2026-09-14T20:34:32Z,76568,559.9,1000,1000,5,4894854098,5,200,0.8
2026-09-14T20:35:02Z,76598,529.2,1000,1000,5,4896732926,5,200,72.4
2026-09-14T20:35:33Z,76628,534.7,1000,1000,5,4898686526,5,200,0.7
2026-09-14T20:36:02Z,76658,540.6,1000,1000,5,4900565646,5,200,0.6
2026-09-14T20:36:32Z,76688,528.6,1000,1000,5,4903426782,5,200,2.4
2026-09-14T20:37:02Z,76718,522.0,1000,1000,5,4905305902,5,200,0.5
2026-09-14T20:37:32Z,76748,519.5,1000,1000,5,4907248957,5,200,0.5
2026-09-14T20:38:02Z,76778,514.1,1000,1000,5,4909127078,5,200,0.4
2026-09-14T20:38:32Z,76808,525.3,1000,1000,5,4911013198,5,200,2.0
2026-09-14T20:39:02Z,76838,516.1,1000,1000,5,4912956246,5,200,0.5
2026-09-14T20:39:32Z,76868,498.9,1000,1000,5,4914839120,5,200,0.6
2026-09-14T20:40:02Z,76898,536.0,1000,1000,5,4916718953,5,200,3.2
2026-09-14T20:40:33Z,76928,549.4,1000,1000,5,4918664533,5,200,0.6
2026-09-14T20:41:02Z,76958,571.2,1000,1000,5,4920542654,5,200,0.6
2026-09-14T20:41:32Z,76988,572.6,1000,1000,5,4922424625,5,200,0.6
2026-09-14T20:42:03Z,77018,526.9,1000,1000,5,4924379814,5,200,0.5
2026-09-14T20:42:32Z,77048,514.2,1000,1000,5,4926258933,5,200,0.6
2026-09-14T20:43:02Z,77078,525.5,1000,1000,5,4928137054,5,200,0.4
2026-09-14T20:43:33Z,77108,511.6,1000,1000,5,4930080109,5,200,0.6
2026-09-14T20:44:02Z,77138,546.0,1000,1000,5,4931958230,5,200,0.7
2026-09-14T20:44:32Z,77168,535.9,1000,1000,5,4933833626,5,200,3.0
2026-09-14T20:45:03Z,77198,533.1,1000,1000,5,4935787398,5,200,2.2
2026-09-14T20:45:32Z,77228,523.6,1000,1000,5,4937666517,5,200,0.6
2026-09-14T20:46:02Z,77258,550.1,1000,1000,5,4939544638,5,200,0.6
2026-09-14T20:46:33Z,77288,503.5,1000,1000,5,4941487693,5,200,0.6
2026-09-14T20:47:02Z,77318,545.9,1000,1000,5,4943365814,5,200,0.5
2026-09-14T20:47:32Z,77348,561.2,1000,1000,5,4945241555,5,200,17.1
2026-09-14T20:48:03Z,77378,520.7,1000,1000,5,4947193434,5,200,0.8
2026-09-14T20:48:32Z,77408,537.5,1000,1000,5,4949074101,5,200,1.2
2026-09-14T20:49:02Z,77438,524.9,1000,1000,5,4950952222,5,200,0.6
2026-09-14T20:49:33Z,77468,524.0,1000,1000,5,4952895277,5,200,0.9
2026-09-14T20:50:02Z,77498,532.0,1000,1000,5,4954776096,5,200,0.7
2026-09-14T20:50:32Z,77528,540.7,1000,1000,5,4956655315,5,200,0.5
2026-09-14T20:51:02Z,77558,513.6,1000,1000,5,4958538630,5,200,0.6
2026-09-14T20:51:32Z,77588,564.3,1000,1000,5,4960489324,5,200,0.5
2026-09-14T20:52:02Z,77618,550.9,1000,1000,5,4962367798,5,200,0.6
2026-09-14T20:52:32Z,77648,547.2,1000,1000,5,4964250795,5,200,149.4
2026-09-14T20:53:02Z,77678,544.6,1000,1000,5,4966141022,5,200,1.2
2026-09-14T20:53:32Z,77708,507.8,1000,1000,5,4968084077,5,200,0.5
2026-09-14T20:54:02Z,77738,568.6,1000,1000,5,4969966558,5,200,0.8
2026-09-14T20:54:32Z,77768,525.1,1000,1000,5,4971849309,5,200,0.5
2026-09-14T20:55:02Z,77798,534.6,1000,1000,5,4973791366,5,200,0.6
2026-09-14T20:55:32Z,77828,546.6,1000,1000,5,4975670485,5,200,0.5
2026-09-14T20:56:02Z,77858,526.2,1000,1000,5,4977552960,5,200,0.6
2026-09-14T20:56:32Z,77888,535.0,1000,1000,5,4979499284,5,200,0.5
2026-09-14T20:57:02Z,77918,508.6,1000,1000,5,4981377774,5,200,1.0
2026-09-14T20:57:32Z,77948,519.4,1000,1000,5,4983256893,5,200,1.0
2026-09-14T20:58:02Z,77978,524.4,1000,1000,5,4985198950,5,200,0.7
2026-09-14T20:58:32Z,78008,529.3,1000,1000,5,4987078069,5,200,0.5
2026-09-14T20:59:02Z,78038,525.5,1000,1000,5,4988956190,5,200,0.9
2026-09-14T20:59:32Z,78068,525.4,1000,1000,5,4990904034,5,200,1.0
2026-09-14T21:00:02Z,78098,539.6,1000,1000,5,4992785358,5,200,1.6
2026-09-14T21:00:32Z,78128,516.6,1000,1000,5,4994664477,5,200,0.5
2026-09-14T21:01:02Z,78158,540.7,1000,1000,5,4996606534,5,200,0.6
2026-09-14T21:01:32Z,78188,505.5,1000,1000,5,4998485653,5,200,0.4
2026-09-14T21:02:02Z,78218,502.6,1000,1000,5,5000363774,5,200,0.6
2026-09-14T21:02:32Z,78248,515.2,1000,1000,5,5002306829,5,200,1.4
2026-09-14T21:03:02Z,78278,525.5,1000,1000,5,5004188850,5,200,2.9
2026-09-14T21:03:32Z,78308,531.3,1000,1000,5,5006072059,5,200,1.9
2026-09-14T21:04:02Z,78338,523.0,1000,1000,5,5008014118,5,200,1.3
2026-09-14T21:04:32Z,78368,554.4,1000,1000,5,5009893237,5,200,0.5
2026-09-14T21:05:02Z,78398,516.0,1000,1000,5,5011771358,5,200,0.6
2026-09-14T21:05:32Z,78428,546.6,1000,1000,5,5013714413,5,200,0.5
2026-09-14T21:06:02Z,78458,530.2,1000,1000,5,5015597467,5,200,0.8
2026-09-14T21:06:32Z,78488,589.2,1000,1000,5,5017474578,5,200,0.6
2026-09-14T21:07:03Z,78518,530.1,1000,1000,5,5020386850,5,200,0.6
2026-09-14T21:07:32Z,78548,535.3,1000,1000,5,5022269851,5,200,0.5
2026-09-14T21:08:02Z,78578,530.1,1000,1000,5,5024147972,5,200,0.6
2026-09-14T21:08:33Z,78608,511.3,1000,1000,5,5026098029,5,200,1.8
2026-09-14T21:09:02Z,78638,535.7,1000,1000,5,5027977140,5,200,0.7
2026-09-14T21:09:32Z,78668,553.9,1000,1000,5,5029852936,5,200,20.0
2026-09-14T21:10:03Z,78698,529.8,1000,1000,5,5031806308,5,200,1.3
2026-09-14T21:10:32Z,78728,525.5,1000,1000,5,5033685427,5,200,0.7
2026-09-14T21:11:02Z,78758,540.8,1000,1000,5,5035563548,5,200,0.9
2026-09-14T21:11:33Z,78788,498.8,1000,1000,5,5037506603,5,200,0.7
2026-09-14T21:12:02Z,78818,539.1,1000,1000,5,5039384724,5,200,0.4
2026-09-14T21:12:32Z,78848,510.6,1000,1000,5,5041272348,5,200,1.3
2026-09-14T21:13:02Z,78878,539.2,1000,1000,5,5043149956,5,200,0.6
2026-09-14T21:13:32Z,78908,509.2,1000,1000,5,5045098592,5,200,0.9
2026-09-14T21:14:02Z,78938,530.2,1000,1000,5,5046979124,5,200,1.0
2026-09-14T21:14:32Z,78968,509.9,1000,1000,5,5048858243,5,200,0.5
2026-09-14T21:15:02Z,78998,552.5,1000,1000,5,5050804430,5,200,0.6
2026-09-14T21:15:32Z,79028,499.9,1000,1000,5,5052687385,5,200,1.4
2026-09-14T21:16:02Z,79058,561.6,1000,1000,5,5054565532,5,200,0.5
2026-09-14T21:16:33Z,79088,540.1,1000,1000,5,5056512571,5,200,0.6
2026-09-14T21:17:02Z,79118,553.8,1000,1000,5,5058392309,5,200,1.1
2026-09-14T21:17:32Z,79148,507.3,1000,1000,5,5060270718,5,200,46.2
2026-09-14T21:18:03Z,79178,520.1,1000,1000,5,5062223868,5,200,0.8
2026-09-14T21:18:32Z,79208,547.8,1000,1000,5,5064102987,5,200,0.7
2026-09-14T21:19:02Z,79238,532.5,1000,1000,5,5065981108,5,200,0.4
2026-09-14T21:19:32Z,79268,527.0,1000,1000,5,5067867069,5,200,1.3
2026-09-14T21:20:02Z,79298,519.9,1000,1000,5,5069810276,5,200,0.5
2026-09-14T21:20:32Z,79328,538.2,1000,1000,5,5071690459,5,200,1.4
2026-09-14T21:21:02Z,79358,516.6,1000,1000,5,5073567516,5,200,0.6
2026-09-14T21:21:32Z,79388,544.4,1000,1000,5,5075514970,5,200,0.8
2026-09-14T21:22:02Z,79418,543.7,1000,1000,5,5077393275,5,200,0.6
2026-09-14T21:22:32Z,79448,546.6,1000,1000,5,5079275803,5,200,0.7
2026-09-14T21:23:02Z,79478,518.5,1000,1000,5,5081217860,5,200,0.4
2026-09-14T21:23:32Z,79508,559.0,1000,1000,5,5083096979,5,200,0.8
2026-09-14T21:24:02Z,79538,525.4,1000,1000,5,5084975100,5,200,0.6
2026-09-14T21:24:32Z,79568,537.2,1000,1000,5,5086926147,5,200,0.7
2026-09-14T21:25:02Z,79598,551.5,1000,1000,5,5088804268,5,200,3.6
2026-09-14T21:25:32Z,79628,519.0,1000,1000,5,5090687087,5,200,0.8
2026-09-14T21:26:02Z,79658,501.0,1000,1000,5,5092577492,5,200,0.8
2026-09-14T21:26:32Z,79688,530.3,1000,1000,5,5094521558,5,200,2.8
2026-09-14T21:27:02Z,79718,523.5,1000,1000,5,5096414652,5,200,0.5
2026-09-14T21:27:32Z,79748,564.1,1000,1000,5,5098293787,5,200,0.5
2026-09-14T21:28:03Z,79778,515.2,1000,1000,5,5100241631,5,200,0.8
2026-09-14T21:28:32Z,79808,529.3,1000,1000,5,5102121877,5,200,1.1
2026-09-14T21:29:02Z,79838,501.2,1000,1000,5,5103999428,5,200,11.4
2026-09-14T21:29:33Z,79868,508.5,1000,1000,5,5105950853,5,200,0.8
2026-09-14T21:30:02Z,79898,523.7,1000,1000,5,5107830228,5,200,1.1
2026-09-14T21:30:32Z,79928,523.9,1000,1000,5,5109709347,5,200,0.6
2026-09-14T21:31:02Z,79958,560.3,1000,1000,5,5111592956,5,200,1.6
2026-09-14T21:31:32Z,79988,563.2,1000,1000,5,5113538515,5,200,0.6
2026-09-14T21:32:02Z,80018,559.7,1000,1000,5,5115416636,5,200,0.8
2026-09-14T21:32:32Z,80048,500.3,1000,1000,5,5117295755,5,200,0.5
2026-09-14T21:33:02Z,80078,554.1,1000,1000,5,5119241881,5,200,0.6
2026-09-14T21:33:32Z,80108,519.5,1000,1000,5,5121122141,5,200,0.5
2026-09-14T21:34:02Z,80138,570.2,1000,1000,5,5123002880,5,200,0.9
2026-09-14T21:34:32Z,80168,538.5,1000,1000,5,5124946099,5,200,0.6
2026-09-14T21:35:02Z,80198,544.0,1000,1000,5,5126824220,5,200,0.7
2026-09-14T21:35:32Z,80228,568.0,1000,1000,5,5128708439,5,200,2.5
2026-09-14T21:36:02Z,80258,529.1,1000,1000,5,5130653388,5,200,2.5
2026-09-14T21:36:32Z,80288,516.8,1000,1000,5,5132532507,5,200,0.7
2026-09-14T21:37:02Z,80318,549.5,1000,1000,5,5135394688,5,200,2.7
2026-09-14T21:37:33Z,80348,543.9,1000,1000,5,5137339696,5,200,0.5
2026-09-14T21:38:02Z,80378,523.5,1000,1000,5,5139220672,5,200,3.7
2026-09-14T21:38:32Z,80408,530.5,1000,1000,5,5141116094,5,200,0.6
2026-09-14T21:39:02Z,80438,498.7,1000,1000,5,5142995155,5,200,80.2
2026-09-14T21:39:33Z,80468,505.8,1000,1000,5,5144942088,5,200,0.7
2026-09-14T21:40:02Z,80498,527.2,1000,1000,5,5146820209,5,200,0.5
2026-09-14T21:40:32Z,80528,546.1,1000,1000,5,5148707005,5,200,3.0
2026-09-14T21:41:02Z,80558,556.0,1000,1000,5,5150593433,5,200,0.6
2026-09-14T21:41:32Z,80588,532.0,1000,1000,5,5152536488,5,200,0.5
2026-09-14T21:42:02Z,80618,568.2,1000,1000,5,5154414609,5,200,0.5
2026-09-14T21:42:32Z,80648,542.1,1000,1000,5,5156297110,5,200,0.6
2026-09-14T21:43:02Z,80678,523.0,1000,1000,5,5158241258,5,200,1.8
2026-09-14T21:43:32Z,80708,504.4,1000,1000,5,5160122896,5,200,1.2
2026-09-14T21:44:02Z,80738,548.2,1000,1000,5,5162005702,5,200,126.4
2026-09-14T21:44:32Z,80768,511.7,1000,1000,5,5163896120,5,200,0.6
2026-09-14T21:45:02Z,80798,542.5,1000,1000,5,5165838177,5,200,0.7
2026-09-14T21:45:32Z,80828,544.9,1000,1000,5,5167721853,5,200,0.9
2026-09-14T21:46:02Z,80858,535.5,1000,1000,5,5169595417,5,200,0.6
2026-09-14T21:46:32Z,80888,507.0,1000,1000,5,5171542843,5,200,0.6
2026-09-14T21:47:02Z,80918,542.6,1000,1000,5,5173420821,5,200,1.5
2026-09-14T21:47:33Z,80948,530.8,1000,1000,5,5175367604,5,200,0.8
2026-09-14T21:48:02Z,80978,527.4,1000,1000,5,5177245761,5,200,0.6
2026-09-14T21:48:32Z,81008,511.3,1000,1000,5,5179124880,5,200,0.9
2026-09-14T21:49:02Z,81038,529.1,1000,1000,5,5181009868,5,200,1.2
2026-09-14T21:49:32Z,81068,530.9,1000,1000,5,5182954048,5,200,1.0
2026-09-14T21:50:02Z,81098,563.0,1000,1000,5,5184832169,5,200,0.6
2026-09-14T21:50:32Z,81128,543.4,1000,1000,5,5186714538,5,200,0.6
2026-09-14T21:51:02Z,81158,514.2,1000,1000,5,5188657657,5,200,0.7
2026-09-14T21:51:32Z,81188,509.8,1000,1000,5,5190540456,5,200,2.3
2026-09-14T21:52:02Z,81218,500.6,1000,1000,5,5192420235,5,200,0.8
2026-09-14T21:52:33Z,81248,521.3,1000,1000,5,5194374936,5,200,1.3
2026-09-14T21:53:02Z,81278,534.5,1000,1000,5,5196255737,5,200,0.6
2026-09-14T21:53:32Z,81308,565.6,1000,1000,5,5198134856,5,200,0.5
2026-09-14T21:54:03Z,81338,525.6,1000,1000,5,5200080865,5,200,0.8
2026-09-14T21:54:32Z,81368,506.4,1000,1000,5,5201964024,5,200,0.5
2026-09-14T21:55:02Z,81398,549.6,1000,1000,5,5203842145,5,200,1.2
2026-09-14T21:55:32Z,81428,541.5,1000,1000,5,5205724547,5,200,0.5
2026-09-14T21:56:02Z,81458,519.6,1000,1000,5,5207671313,5,200,0.6
2026-09-14T21:56:32Z,81488,538.9,1000,1000,5,5209550432,5,200,0.5
2026-09-14T21:57:02Z,81518,542.3,1000,1000,5,5211436545,5,200,2.2
2026-09-14T21:57:33Z,81548,520.4,1000,1000,5,5213379600,5,200,0.6
2026-09-14T21:58:02Z,81578,526.9,1000,1000,5,5215257721,5,200,0.6
2026-09-14T21:58:32Z,81608,538.9,1000,1000,5,5217140001,5,200,0.6
2026-09-14T21:59:03Z,81638,502.8,1000,1000,5,5219086889,5,200,0.8
2026-09-14T21:59:32Z,81668,542.8,1000,1000,5,5220966008,5,200,0.5
2026-09-14T22:00:02Z,81698,530.4,1000,1000,5,5222841762,5,200,56.9
2026-09-14T22:00:33Z,81729,520.6,1000,1000,5,5224795176,5,200,0.5
2026-09-14T22:01:03Z,81759,541.1,1000,1000,5,5226737233,5,200,1.1
2026-09-14T22:01:33Z,81789,530.9,1000,1000,5,5228616352,5,200,0.8
2026-09-14T22:02:04Z,81819,540.1,1000,1000,5,5230562727,5,200,0.9
2026-09-14T22:02:33Z,81849,547.1,1000,1000,5,5232445520,5,200,0.5
2026-09-14T22:03:03Z,81879,552.9,1000,1000,5,5234325305,5,200,1.4
2026-09-14T22:03:33Z,81909,544.5,1000,1000,5,5236202760,5,200,0.4
2026-09-14T22:04:03Z,81939,535.8,1000,1000,5,5238152681,5,200,0.7
2026-09-14T22:04:33Z,81969,512.1,1000,1000,5,5240035834,5,200,0.6
2026-09-14T22:05:03Z,81999,515.9,1000,1000,5,5241917513,5,200,1.7
2026-09-14T22:05:34Z,82029,535.6,1000,1000,5,5243861096,5,200,1.1
2026-09-14T22:06:03Z,82059,520.5,1000,1000,5,5245743913,5,200,0.5
2026-09-14T22:06:33Z,82089,549.4,1000,1000,5,5247623625,5,200,1.9
2026-09-14T22:07:04Z,82119,535.7,1000,1000,5,5250545116,5,200,0.5
2026-09-14T22:07:33Z,82149,506.0,1000,1000,5,5252429206,5,200,1.0
2026-09-14T22:08:03Z,82179,552.5,1000,1000,5,5254304959,5,200,0.5
2026-09-14T22:08:33Z,82209,530.1,1000,1000,5,5256191953,5,200,1.0
2026-09-14T22:09:03Z,82239,517.0,1000,1000,5,5258134866,5,200,0.7
2026-09-14T22:09:33Z,82269,534.6,1000,1000,5,5260015929,5,200,0.6
2026-09-14T22:10:03Z,82299,526.7,1000,1000,5,5261894050,5,200,0.6
2026-09-14T22:10:33Z,82329,502.7,1000,1000,5,5263841099,5,200,0.6
2026-09-14T22:11:03Z,82359,528.4,1000,1000,5,5265717920,5,200,1.4
2026-09-14T22:11:33Z,82389,539.1,1000,1000,5,5267602337,5,200,1.7
2026-09-14T22:12:03Z,82419,500.8,1000,1000,5,5269544394,5,200,0.4
2026-09-14T22:12:33Z,82449,541.1,1000,1000,5,5271431505,5,200,0.7
2026-09-14T22:13:03Z,82479,525.4,1000,1000,5,5273314528,5,200,136.1
2026-09-14T22:13:34Z,82509,529.3,1000,1000,5,5275260673,5,200,0.8
2026-09-14T22:14:03Z,82539,518.5,1000,1000,5,5277146786,5,200,0.8
2026-09-14T22:14:33Z,82569,527.3,1000,1000,5,5279025905,5,200,0.7
2026-09-14T22:15:04Z,82599,559.2,1000,1000,5,5280967962,5,200,0.7
2026-09-14T22:15:33Z,82629,547.0,1000,1000,5,5282853985,5,200,3.0
2026-09-14T22:16:03Z,82659,532.8,1000,1000,5,5284734118,5,200,1.0
2026-09-14T22:16:33Z,82689,521.0,1000,1000,5,5286612313,5,200,1.2
2026-09-14T22:17:03Z,82719,506.9,1000,1000,5,5288554370,5,200,0.6
2026-09-14T22:17:33Z,82749,537.6,1000,1000,5,5290438169,5,200,1.0
2026-09-14T22:18:03Z,82779,518.9,1000,1000,5,5292319602,5,200,0.7
2026-09-14T22:18:34Z,82809,536.2,1000,1000,5,5294270649,5,200,2.4
2026-09-14T22:19:03Z,82839,544.8,1000,1000,5,5296148770,5,200,0.6
2026-09-14T22:19:33Z,82869,516.1,1000,1000,5,5298027889,5,200,0.6
2026-09-14T22:20:04Z,82899,518.2,1000,1000,5,5299977422,5,200,1.1
2026-09-14T22:20:33Z,82929,529.8,1000,1000,5,5301857057,5,200,0.6
2026-09-14T22:21:03Z,82959,509.9,1000,1000,5,5303731491,5,200,5.5
2026-09-14T22:21:34Z,82989,529.0,1000,1000,5,5305682113,5,200,0.5
2026-09-14T22:22:03Z,83019,523.8,1000,1000,5,5307564345,5,200,1.0
2026-09-14T22:22:33Z,83049,546.3,1000,1000,5,5309443465,5,200,0.7
2026-09-14T22:23:03Z,83079,542.5,1000,1000,5,5311329578,5,200,1.7
2026-09-14T22:23:33Z,83109,545.6,1000,1000,5,5313272633,5,200,0.5
2026-09-14T22:24:03Z,83139,521.8,1000,1000,5,5315153028,5,200,3.1
2026-09-14T22:24:33Z,83169,524.7,1000,1000,5,5317033829,5,200,0.6
2026-09-14T22:25:03Z,83199,522.7,1000,1000,5,5318979912,5,200,0.8
2026-09-14T22:25:33Z,83229,534.7,1000,1000,5,5320859041,5,200,0.6
2026-09-14T22:26:03Z,83259,518.9,1000,1000,5,5322744017,5,200,2.9
2026-09-14T22:26:34Z,83289,519.6,1000,1000,5,5324688209,5,200,0.6
2026-09-14T22:27:03Z,83319,536.7,1000,1000,5,5326566330,5,200,0.7
2026-09-14T22:27:33Z,83349,517.7,1000,1000,5,5328449916,5,200,102.0
2026-09-14T22:28:04Z,83379,522.9,1000,1000,5,5330400805,5,200,0.7
2026-09-14T22:28:33Z,83409,495.3,1000,1000,5,5332282609,5,200,0.5
2026-09-14T22:29:03Z,83439,504.9,1000,1000,5,5334160730,5,200,0.7
2026-09-14T22:29:34Z,83469,534.7,1000,1000,5,5336103785,5,200,0.8
2026-09-14T22:30:03Z,83499,538.3,1000,1000,5,5337988963,5,200,1.7
2026-09-14T22:30:33Z,83529,517.1,1000,1000,5,5339869017,5,200,0.9
2026-09-14T22:31:03Z,83559,529.0,1000,1000,5,5341747138,5,200,0.7
2026-09-14T22:31:33Z,83589,509.1,1000,1000,5,5343690193,5,200,0.7
2026-09-14T22:32:03Z,83619,533.8,1000,1000,5,5345568314,5,200,0.6
2026-09-14T22:32:33Z,83649,519.9,1000,1000,5,5347455414,5,200,1.2
2026-09-14T22:33:03Z,83679,509.5,1000,1000,5,5349397482,5,200,0.7
2026-09-14T22:33:33Z,83709,527.5,1000,1000,5,5351276601,5,200,1.4
2026-09-14T22:34:03Z,83739,507.2,1000,1000,5,5353160222,5,200,1.2
2026-09-14T22:34:33Z,83769,517.8,1000,1000,5,5355105769,5,200,1.6
2026-09-14T22:35:03Z,83799,526.0,1000,1000,5,5356983890,5,200,0.6
2026-09-14T22:35:33Z,83829,529.8,1000,1000,5,5358863009,5,200,0.6
2026-09-14T22:36:03Z,83859,543.5,1000,1000,5,5360805066,5,200,0.7
2026-09-14T22:36:33Z,83889,547.2,1000,1000,5,5362684185,5,200,0.4
2026-09-14T22:37:03Z,83919,608.7,1000,1000,5,5364566168,5,200,4.0
2026-09-14T22:37:34Z,83949,531.2,1000,1000,5,5367490662,5,200,0.7
2026-09-14T22:38:03Z,83979,537.3,1000,1000,5,5369374390,5,200,0.9
2026-09-14T22:38:33Z,84009,547.6,1000,1000,5,5371252842,5,200,53.2
2026-09-14T22:39:03Z,84039,538.0,1000,1000,5,5373141860,5,200,0.8
2026-09-14T22:39:33Z,84069,519.8,1000,1000,5,5375084775,5,200,0.7
2026-09-14T22:40:03Z,84099,565.1,1000,1000,5,5376963895,5,200,0.9
2026-09-14T22:40:33Z,84129,529.9,1000,1000,5,5378846089,5,200,0.5
2026-09-14T22:41:03Z,84159,527.9,1000,1000,5,5380787794,5,200,0.8
2026-09-14T22:41:33Z,84189,544.1,1000,1000,5,5382668630,5,200,0.7
2026-09-14T22:42:03Z,84219,538.2,1000,1000,5,5384549304,5,200,0.6
2026-09-14T22:42:33Z,84249,533.7,1000,1000,5,5386493358,5,200,0.6
2026-09-14T22:43:03Z,84279,547.0,1000,1000,5,5388377018,5,200,1.8
2026-09-14T22:43:33Z,84309,524.6,1000,1000,5,5390257591,5,200,0.6
2026-09-14T22:44:03Z,84339,505.1,1000,1000,5,5392200647,5,200,0.6
2026-09-14T22:44:33Z,84369,539.4,1000,1000,5,5394086759,5,200,4.7
2026-09-14T22:45:03Z,84399,523.6,1000,1000,5,5395965858,5,200,0.7
2026-09-14T22:45:34Z,84429,534.1,1000,1000,5,5397908934,5,200,0.6
2026-09-14T22:46:03Z,84459,552.3,1000,1000,5,5399793799,5,200,0.6
2026-09-14T22:46:33Z,84489,490.8,1000,1000,5,5401670862,5,200,72.3
2026-09-14T22:47:04Z,84519,528.3,1000,1000,5,5403623216,5,200,0.4
2026-09-14T22:47:33Z,84549,508.8,1000,1000,5,5405502335,5,200,0.8
2026-09-14T22:48:03Z,84579,544.6,1000,1000,5,5407381454,5,200,0.5
2026-09-14T22:48:34Z,84609,506.6,1000,1000,5,5409324510,5,200,1.2
2026-09-14T22:49:03Z,84639,533.3,1000,1000,5,5411209624,5,200,0.4
2026-09-14T22:49:33Z,84669,543.9,1000,1000,5,5413088886,5,200,0.7
2026-09-14T22:50:03Z,84699,532.4,1000,1000,5,5414974837,5,200,0.6
2026-09-14T22:50:33Z,84729,550.2,1000,1000,5,5416918910,5,200,0.5
2026-09-14T22:51:03Z,84759,536.6,1000,1000,5,5418797031,5,200,0.5
2026-09-14T22:51:33Z,84789,529.4,1000,1000,5,5420681405,5,200,0.8
2026-09-14T22:52:03Z,84819,515.2,1000,1000,5,5422624596,5,200,1.2
2026-09-14T22:52:33Z,84849,554.4,1000,1000,5,5424504319,5,200,2.5
2026-09-14T22:53:03Z,84879,549.6,1000,1000,5,5426383439,5,200,0.5
2026-09-14T22:53:33Z,84909,539.4,1000,1000,5,5428329671,5,200,0.7
2026-09-14T22:54:03Z,84939,544.9,1000,1000,5,5430211608,5,200,0.9
2026-09-14T22:54:33Z,84969,512.9,1000,1000,5,5432090727,5,200,0.7
2026-09-14T22:55:04Z,84999,532.8,1000,1000,5,5434033783,5,200,0.5
2026-09-14T22:55:33Z,85029,522.4,1000,1000,5,5435920894,5,200,1.5
2026-09-14T22:56:03Z,85059,534.9,1000,1000,5,5437795208,5,200,12.0
2026-09-14T22:56:34Z,85089,512.6,1000,1000,5,5439749063,5,200,1.5
2026-09-14T22:57:03Z,85119,538.3,1000,1000,5,5441634350,5,200,0.8
2026-09-14T22:57:33Z,85149,517.4,1000,1000,5,5443514286,5,200,1.3
2026-09-14T22:58:03Z,85179,543.4,1000,1000,5,5445392416,5,200,0.5
2026-09-14T22:58:33Z,85209,516.5,1000,1000,5,5447336540,5,200,0.9
2026-09-14T22:59:03Z,85239,532.2,1000,1000,5,5449214602,5,200,0.8
2026-09-14T22:59:33Z,85269,544.8,1000,1000,5,5451097761,5,200,0.5
2026-09-14T23:00:03Z,85299,537.7,1000,1000,5,5453042760,5,200,1.2
2026-09-14T23:00:33Z,85329,520.4,1000,1000,5,5454922878,5,200,0.4
2026-09-14T23:01:03Z,85359,543.6,1000,1000,5,5456800999,5,200,0.6
2026-09-14T23:01:33Z,85389,545.0,1000,1000,5,5458744054,5,200,0.5
2026-09-14T23:02:03Z,85419,545.9,1000,1000,5,5460626947,5,200,0.8
2026-09-14T23:02:33Z,85449,527.4,1000,1000,5,5462508287,5,200,0.5
2026-09-14T23:03:03Z,85479,519.7,1000,1000,5,5464452826,5,200,0.7
2026-09-14T23:03:33Z,85509,504.4,1000,1000,5,5466337455,5,200,1.5
2026-09-14T23:04:03Z,85539,501.4,1000,1000,5,5468215576,5,200,0.6
2026-09-14T23:04:34Z,85569,551.7,1000,1000,5,5470159630,5,200,0.4
2026-09-14T23:05:03Z,85599,502.4,1000,1000,5,5472042870,5,200,0.6
2026-09-14T23:05:33Z,85629,531.4,1000,1000,5,5473919854,5,200,68.1
2026-09-14T23:06:04Z,85659,526.5,1000,1000,5,5475866919,5,200,0.7
2026-09-14T23:06:33Z,85689,546.2,1000,1000,5,5477752455,5,200,0.9
2026-09-14T23:07:03Z,85719,515.1,1000,1000,5,5479627679,5,200,0.6
2026-09-14T23:07:33Z,85749,540.0,1000,1000,5,5482514527,5,200,0.7
2026-09-14T23:08:04Z,85779,525.3,1000,1000,5,5484461524,5,200,0.6
2026-09-14T23:08:33Z,85809,519.1,1000,1000,5,5486343099,5,200,0.6
2026-09-14T23:09:03Z,85839,557.1,1000,1000,5,5488223846,5,200,0.7
2026-09-14T23:09:34Z,85869,533.1,1000,1000,5,5490170604,5,200,0.6
2026-09-14T23:10:03Z,85899,528.1,1000,1000,5,5492049724,5,200,0.6
2026-09-14T23:10:33Z,85929,522.7,1000,1000,5,5493926625,5,200,4.2
2026-09-14T23:11:04Z,85959,525.3,1000,1000,5,5495877893,5,200,2.0
2026-09-14T23:11:33Z,85989,497.1,1000,1000,5,5497761476,5,200,0.5
2026-09-14T23:12:03Z,86019,522.9,1000,1000,5,5499644124,5,200,1.0
2026-09-14T23:12:33Z,86049,547.4,1000,1000,5,5501526862,5,200,0.7
2026-09-14T23:13:03Z,86079,527.1,1000,1000,5,5503472293,5,200,2.0
2026-09-14T23:13:33Z,86109,534.0,1000,1000,5,5505352405,5,200,0.8
2026-09-14T23:14:03Z,86139,528.5,1000,1000,5,5507231706,5,200,2.0
2026-09-14T23:14:34Z,86169,514.3,1000,1000,5,5509180580,5,200,0.5
2026-09-14T23:15:03Z,86199,521.9,1000,1000,5,5511059700,5,200,0.5
2026-09-14T23:15:33Z,86229,539.1,1000,1000,5,5512944148,5,200,1.1
2026-09-14T23:16:04Z,86259,542.1,1000,1000,5,5514887869,5,200,1.1
2026-09-14T23:16:33Z,86289,530.4,1000,1000,5,5516770787,5,200,1.0
2026-09-14T23:17:03Z,86319,513.0,1000,1000,5,5518649942,5,200,1.5
2026-09-14T23:17:33Z,86349,531.1,1000,1000,5,5520533219,5,200,0.6
2026-09-14T23:18:03Z,86379,544.0,1000,1000,5,5522474277,5,200,0.5
2026-09-14T23:18:33Z,86409,552.4,1000,1000,5,5524354453,5,200,0.6
2026-09-14T23:19:04Z,86439,537.5,1000,1000,5,5526296452,5,200,1.1
2026-09-14T23:19:33Z,86469,512.7,1000,1000,5,5528179648,5,200,0.9
2026-09-14T23:20:03Z,86499,499.0,1000,1000,5,5530054826,5,200,1.5
2026-09-14T23:20:33Z,86529,537.3,1000,1000,5,5531939804,5,200,0.6
2026-09-14T23:21:03Z,86559,514.6,1000,1000,5,5533886578,5,200,0.5
2026-09-14T23:21:33Z,86589,557.7,1000,1000,5,5535766344,5,200,0.6
2026-09-14T23:22:03Z,86619,540.7,1000,1000,5,5537647093,5,200,1.6
2026-09-14T23:22:33Z,86649,570.8,1000,1000,5,5539591147,5,200,0.5
2026-09-14T23:23:03Z,86679,558.6,1000,1000,5,5541469268,5,200,0.5
2026-09-14T23:23:33Z,86709,529.2,1000,1000,5,5543353032,5,200,0.6
2026-09-14T23:24:03Z,86739,518.1,1000,1000,5,5545298436,5,200,0.6
2026-09-14T23:24:33Z,86769,524.7,1000,1000,5,5547180694,5,200,0.7
2026-09-14T23:25:03Z,86799,526.7,1000,1000,5,5549060069,5,200,0.6
2026-09-14T23:25:34Z,86829,533.8,1000,1000,5,5551006723,5,200,0.8
2026-09-14T23:26:03Z,86859,519.9,1000,1000,5,5552889732,5,200,0.8
2026-09-14T23:26:33Z,86889,533.5,1000,1000,5,5554768451,5,200,61.5
2026-09-14T23:27:04Z,86920,512.6,1000,1000,5,5556722004,5,200,0.5
2026-09-14T23:27:34Z,86950,520.0,1000,1000,5,5558668781,5,200,1.0
2026-09-14T23:28:04Z,86980,539.3,1000,1000,5,5560550928,5,200,2.1
2026-09-14T23:28:34Z,87010,502.7,1000,1000,5,5562430291,5,200,0.5
2026-09-14T23:29:04Z,87040,532.2,1000,1000,5,5564372348,5,200,0.6
2026-09-14T23:29:34Z,87070,510.2,1000,1000,5,5566249502,5,200,0.6
2026-09-14T23:30:04Z,87100,550.6,1000,1000,5,5568137519,5,200,3.4
2026-09-14T23:30:34Z,87130,499.6,1000,1000,5,5570080635,5,200,0.6
2026-09-14T23:31:04Z,87160,517.9,1000,1000,5,5571958756,5,200,0.8
2026-09-14T23:31:34Z,87190,531.7,1000,1000,5,5573842232,5,200,135.3
2026-09-14T23:32:05Z,87221,512.2,1000,1000,5,5575795916,5,200,0.7
2026-09-14T23:32:35Z,87251,538.9,1000,1000,5,5577738971,5,200,0.6
2026-09-14T23:33:05Z,87281,538.5,1000,1000,5,5579620578,5,200,1.0
2026-09-14T23:33:35Z,87311,531.8,1000,1000,5,5581503940,5,200,2.5
2026-09-14T23:34:05Z,87341,532.8,1000,1000,5,5583446260,5,200,0.8
2026-09-14T23:34:35Z,87371,562.7,1000,1000,5,5585327691,5,200,1.2
2026-09-14T23:35:05Z,87401,515.0,1000,1000,5,5587210064,5,200,1.0
2026-09-14T23:35:35Z,87431,505.7,1000,1000,5,5589154547,5,200,0.8
2026-09-14T23:36:05Z,87461,535.0,1000,1000,5,5591032668,5,200,0.7
2026-09-14T23:36:35Z,87491,547.9,1000,1000,5,5592915628,5,200,0.5
2026-09-14T23:37:05Z,87521,517.2,1000,1000,5,5594860349,5,200,1.8
2026-09-14T23:37:35Z,87551,510.8,999,999,6,5596761227,6,200,0.5
2026-09-14T23:38:05Z,87581,536.6,999,999,6,5598641299,6,200,0.6
2026-09-14T23:38:35Z,87611,529.4,999,999,6,5600523606,6,200,48.1
2026-09-14T23:39:05Z,87641,525.3,999,999,6,5602410746,6,200,0.6
2026-09-14T23:39:35Z,87671,568.5,1000,1000,6,5604314741,6,200,0.9
2026-09-14T23:40:05Z,87701,517.5,1000,1000,6,5606256797,6,200,0.6
2026-09-14T23:40:35Z,87731,511.8,1000,1000,6,5608135917,6,200,0.5
2026-09-14T23:41:05Z,87761,545.0,1000,1000,6,5610021203,6,200,1.7
