timestamp,elapsed_sec,rss_mb,intern_size,established,flaps_total,msgs_sent_total,max_prefix_exceeded_total,readyz_code,readyz_ms
2026-09-29T09:41:21Z,0,489.4,1000,1000,0,1051905,0,200,4.5
2026-09-29T09:41:51Z,30,531.5,1000,1000,0,2585608,0,200,0.8
2026-09-29T09:42:22Z,60,527.5,1000,1000,0,5012402,0,200,0.8
2026-09-29T09:42:51Z,90,505.7,1000,1000,0,6372354,0,200,0.5
2026-09-29T09:43:21Z,120,530.5,1000,1000,0,7697260,0,200,0.8
2026-09-29T09:43:51Z,150,528.0,1000,1000,0,9015187,0,200,1.6
2026-09-29T09:44:21Z,180,523.3,1000,1000,0,10327115,0,200,4.0
2026-09-29T09:44:52Z,210,532.9,1000,1000,0,11691014,0,200,0.8
2026-09-29T09:45:21Z,240,529.4,1000,1000,0,12945002,0,200,0.8
2026-09-29T09:45:51Z,270,535.7,1000,1000,0,14212977,0,200,0.5
2026-09-29T09:46:21Z,300,531.0,1000,1000,0,15527935,0,200,1.1
2026-09-29T09:46:51Z,330,525.8,1000,1000,0,16831887,0,200,0.5
2026-09-29T09:47:21Z,360,566.8,1000,1000,0,18172830,0,200,0.9
2026-09-29T09:47:51Z,390,533.6,1000,1000,0,19452802,0,200,5.1
2026-09-29T09:48:22Z,420,506.8,1000,1000,0,20725773,0,200,1.1
2026-09-29T09:48:51Z,450,542.7,1000,1000,0,21988753,0,200,0.6
2026-09-29T09:49:21Z,480,530.7,1000,1000,0,23299690,0,200,0.8
2026-09-29T09:49:51Z,510,554.7,1000,1000,0,24600647,0,200,0.7
2026-09-29T09:50:21Z,540,546.9,1000,1000,0,25919574,0,200,0.8
2026-09-29T09:50:52Z,570,532.0,1000,1000,0,27184590,0,200,0.6
2026-09-29T09:51:21Z,600,551.7,1000,1000,0,28471577,0,200,2.4
2026-09-29T09:51:51Z,630,539.2,1000,1000,0,29711591,0,200,0.9
2026-09-29T09:52:21Z,660,556.1,1000,1000,0,31030536,0,200,0.7
2026-09-29T09:52:51Z,690,542.3,1000,1000,0,32309506,0,200,17.6
2026-09-29T09:53:21Z,720,559.5,1000,1000,0,33613454,0,200,1.4
2026-09-29T09:53:51Z,750,546.2,1000,1000,0,34936380,0,200,0.5
2026-09-29T09:54:21Z,780,536.6,1000,1000,0,36221348,0,200,1.1
2026-09-29T09:54:51Z,810,542.7,1000,1000,0,37535293,0,200,0.5
2026-09-29T09:55:21Z,840,517.7,1000,1000,0,38780286,0,200,1.1
2026-09-29T09:55:52Z,870,554.0,1000,1000,0,40047271,0,200,0.5
2026-09-29T09:56:21Z,900,530.5,1000,1000,0,41294287,0,200,23.5
2026-09-29T09:56:51Z,930,547.9,1000,1000,0,42573271,0,200,0.6
2026-09-29T09:57:22Z,960,546.1,1000,1000,0,43923195,0,200,0.7
2026-09-29T09:57:51Z,990,536.8,1000,1000,0,45195185,0,200,75.3
2026-09-29T09:58:21Z,1020,539.7,1000,1000,0,46516126,0,200,0.6
2026-09-29T09:58:51Z,1050,535.1,1000,1000,0,47801115,0,200,1.0
2026-09-29T09:59:21Z,1080,547.4,1000,1000,0,49093076,0,200,0.5
2026-09-29T09:59:51Z,1110,517.8,1000,1000,0,50418978,0,200,1.8
2026-09-29T10:00:21Z,1140,538.8,1000,1000,0,51752871,0,200,6.1
2026-09-29T10:00:51Z,1170,536.3,1000,1000,0,53067791,0,200,0.9
2026-09-29T10:01:21Z,1200,566.8,1000,1000,0,54380742,0,200,1.3
2026-09-29T10:01:51Z,1230,506.7,1000,1000,0,55639716,0,200,0.8
2026-09-29T10:02:21Z,1260,523.6,1000,1000,0,57004609,0,200,0.7
2026-09-29T10:02:51Z,1290,537.6,1000,1000,0,58257605,0,200,0.9
2026-09-29T10:03:22Z,1320,571.0,1000,1000,0,59562569,0,200,0.5
2026-09-29T10:03:51Z,1350,531.8,1000,1000,0,60819849,0,200,1.5
2026-09-29T10:04:21Z,1380,527.4,1000,1000,0,62120529,0,200,0.5
2026-09-29T10:04:51Z,1410,540.3,1000,1000,0,63423485,0,200,1.0
2026-09-29T10:05:21Z,1440,540.1,1000,1000,0,64726419,0,200,0.5
2026-09-29T10:05:52Z,1470,532.6,1000,1000,0,66038364,0,200,0.8
2026-09-29T10:06:21Z,1500,571.0,1000,1000,0,67318350,0,200,25.9
2026-09-29T10:06:51Z,1530,534.5,1000,1000,0,68554352,0,200,0.8
2026-09-29T10:07:21Z,1560,567.0,1000,1000,0,69857325,0,200,0.6
2026-09-29T10:07:51Z,1590,563.1,1000,1000,0,71132283,0,200,0.7
2026-09-29T10:08:22Z,1620,557.4,1000,1000,0,72464229,0,200,0.6
2026-09-29T10:08:51Z,1650,535.1,1000,1000,0,73771215,0,200,40.8
2026-09-29T10:09:21Z,1680,568.8,1000,1000,0,75090137,0,200,0.5
2026-09-29T10:09:51Z,1710,554.4,1000,1000,0,76440039,0,200,0.9
2026-09-29T10:10:21Z,1740,552.8,1000,1000,0,77675059,0,200,0.6
2026-09-29T10:10:52Z,1770,528.8,1000,1000,0,78980022,0,200,0.8
2026-09-29T10:11:21Z,1800,578.1,1000,1000,0,80290956,0,200,0.5
2026-09-29T10:11:51Z,1830,536.9,1000,1000,0,81558927,0,200,0.9
2026-09-29T10:12:22Z,1860,538.5,1000,1000,0,83877820,0,200,0.5
2026-09-29T10:12:51Z,1890,528.7,1000,1000,0,85298267,0,200,58.3
2026-09-29T10:13:21Z,1920,515.5,1000,1000,0,86692459,0,200,0.5
2026-09-29T10:13:51Z,1950,528.6,1000,1000,0,88164197,0,200,1.1
2026-09-29T10:14:21Z,1980,531.5,1000,1000,0,89542508,0,200,0.6
2026-09-29T10:14:52Z,2010,517.6,1000,1000,0,91037763,0,200,0.9
2026-09-29T10:15:21Z,2040,524.1,1000,1000,0,92405642,0,200,1.5
2026-09-29T10:15:51Z,2070,548.2,1000,1000,0,93857408,0,200,1.2
2026-09-29T10:16:21Z,2100,544.0,1000,1000,0,95320171,0,200,0.5
2026-09-29T10:16:51Z,2130,559.5,1000,1000,0,96850841,0,200,1.1
2026-09-29T10:17:22Z,2161,528.6,1000,1000,0,98338559,0,200,0.7
2026-09-29T10:17:52Z,2191,547.1,1000,1000,0,99724421,0,200,1.0
2026-09-29T10:18:22Z,2221,514.1,1000,1000,0,101145196,0,200,0.7
2026-09-29T10:18:52Z,2251,522.2,1000,1000,0,102547055,0,200,0.7
2026-09-29T10:19:22Z,2281,552.9,1000,1000,0,103922887,0,200,79.8
2026-09-29T10:19:52Z,2311,542.0,1000,1000,0,105299709,0,200,0.5
2026-09-29T10:20:22Z,2341,548.8,1000,1000,0,106776439,0,200,0.9
2026-09-29T10:20:52Z,2371,548.3,1000,1000,0,108190262,0,200,115.8
2026-09-29T10:21:22Z,2401,590.2,1000,1000,0,109591989,0,200,1.8
2026-09-29T10:21:52Z,2431,537.5,1000,1000,0,111144758,0,200,0.5
2026-09-29T10:22:22Z,2461,542.4,1000,1000,0,112493656,0,200,1.1
2026-09-29T10:22:53Z,2491,552.4,1000,1000,0,113946433,0,200,0.6
2026-09-29T10:23:22Z,2521,546.8,1000,1000,0,115433145,0,200,0.8
2026-09-29T10:23:52Z,2551,540.9,1000,1000,0,116889886,0,200,0.6
2026-09-29T10:24:22Z,2581,545.0,1000,1000,0,118412570,0,200,1.3
2026-09-29T10:24:52Z,2611,543.8,1000,1000,0,119833376,0,200,0.6
2026-09-29T10:25:23Z,2641,539.2,1000,1000,0,121374046,0,200,1.4
2026-09-29T10:25:52Z,2671,537.1,1000,1000,0,122902740,0,200,1.1
2026-09-29T10:26:22Z,2701,536.9,1000,1000,0,124406438,0,200,1.1
2026-09-29T10:26:52Z,2731,528.0,1000,1000,0,125920175,0,200,0.5
2026-09-29T10:27:22Z,2761,573.7,1000,1000,0,127296509,0,200,108.1
2026-09-29T10:27:52Z,2791,526.9,1000,1000,0,128678829,0,200,0.6
2026-09-29T10:28:22Z,2821,558.2,1000,1000,0,130131635,0,200,1.1
2026-09-29T10:28:52Z,2851,527.3,1000,1000,0,131546434,0,200,0.6
2026-09-29T10:29:23Z,2881,532.7,1000,1000,0,132971293,0,200,0.8
2026-09-29T10:29:52Z,2911,525.5,1000,1000,0,134463018,0,200,46.7
2026-09-29T10:30:22Z,2941,554.1,1000,1000,0,135873848,0,200,0.9
2026-09-29T10:30:52Z,2971,555.5,1000,1000,0,137364555,0,200,0.5
2026-09-29T10:31:22Z,3001,557.3,1000,1000,0,138748414,0,200,0.7
2026-09-29T10:31:53Z,3031,575.7,1000,1000,0,140163257,0,200,0.6
2026-09-29T10:32:22Z,3061,521.2,1000,1000,0,141524104,0,200,1.1
2026-09-29T10:32:52Z,3091,512.2,1000,1000,0,142890971,0,200,0.5
2026-09-29T10:33:22Z,3121,561.6,1000,1000,0,144343709,0,200,0.8
2026-09-29T10:33:52Z,3151,521.5,1000,1000,0,145817495,0,200,0.7
2026-09-29T10:34:23Z,3181,489.9,1000,1000,0,147343193,0,200,1.0
2026-09-29T10:34:52Z,3211,561.4,1000,1000,0,148852901,0,200,0.7
2026-09-29T10:35:22Z,3241,544.5,1000,1000,0,150329667,0,200,0.7
2026-09-29T10:35:52Z,3271,511.7,1000,1000,0,151817367,0,200,0.6
2026-09-29T10:36:22Z,3301,553.3,1000,1000,0,153330098,0,200,1.0
2026-09-29T10:36:53Z,3331,557.2,1000,1000,0,154884786,0,200,0.5
2026-09-29T10:37:22Z,3361,532.6,1000,1000,0,156460012,0,200,0.8
2026-09-29T10:37:52Z,3391,535.4,1000,1000,0,158015082,0,200,0.7
2026-09-29T10:38:22Z,3421,533.8,1000,1000,0,159532966,0,200,0.8
2026-09-29T10:38:52Z,3451,561.6,1000,1000,0,160982554,0,200,0.7
2026-09-29T10:39:23Z,3481,545.2,1000,1000,0,162496258,0,200,1.0
2026-09-29T10:39:52Z,3511,578.6,1000,1000,0,163912486,0,200,18.2
2026-09-29T10:40:22Z,3541,571.6,1000,1000,0,165407722,0,200,0.5
2026-09-29T10:40:52Z,3571,528.0,1000,1000,0,166962359,0,200,0.8
2026-09-29T10:41:22Z,3601,559.3,1000,1000,0,168473027,0,200,0.6
2026-09-29T10:41:53Z,3631,518.7,1000,1000,0,170041682,0,200,0.7
2026-09-29T10:42:22Z,3661,550.3,1000,1000,0,172476439,0,200,0.5
2026-09-29T10:42:52Z,3691,528.3,1000,1000,0,174068990,0,200,1.3
2026-09-29T10:43:22Z,3721,527.3,1000,1000,0,175591669,0,200,0.5
2026-09-29T10:43:52Z,3751,583.4,1000,1000,0,176971512,0,200,0.9
2026-09-29T10:44:23Z,3781,557.9,1000,1000,0,178358395,0,200,0.5
2026-09-29T10:44:52Z,3811,551.3,1000,1000,0,179728279,0,200,0.9
2026-09-29T10:45:22Z,3841,536.4,1000,1000,0,181160095,0,200,0.5
2026-09-29T10:45:52Z,3871,527.1,1000,1000,0,182709775,0,200,0.8
2026-09-29T10:46:22Z,3901,509.9,1000,1000,0,184276891,0,200,109.5
2026-09-29T10:46:52Z,3931,514.8,1000,1000,0,185814204,0,200,0.8
2026-09-29T10:47:22Z,3961,588.0,1000,1000,0,187456810,0,200,0.6
2026-09-29T10:47:52Z,3991,523.9,1000,1000,0,188982529,0,200,0.9
2026-09-29T10:48:22Z,4021,532.6,1000,1000,0,190496332,0,200,0.5
2026-09-29T10:48:52Z,4051,513.0,1000,1000,0,192059032,0,200,0.8
2026-09-29T10:49:22Z,4081,547.3,1000,1000,0,193561776,0,200,0.4
2026-09-29T10:49:52Z,4111,515.2,1000,1000,0,195077566,0,200,0.9
2026-09-29T10:50:22Z,4141,498.3,1000,1000,0,196555395,0,200,139.4
2026-09-29T10:50:52Z,4171,555.8,1000,1000,0,197995188,0,200,0.9
2026-09-29T10:51:22Z,4201,548.4,1000,1000,0,199510923,0,200,0.5
2026-09-29T10:51:52Z,4231,580.9,1000,1000,0,201054592,0,200,0.8
2026-09-29T10:52:22Z,4261,529.6,1000,1000,0,202518359,0,200,0.5
2026-09-29T10:52:52Z,4291,550.7,1000,1000,0,204048067,0,200,1.0
2026-09-29T10:53:22Z,4321,542.1,1000,1000,0,205558782,0,200,0.7
2026-09-29T10:53:53Z,4351,533.6,1000,1000,0,207116536,0,200,0.8
2026-09-29T10:54:22Z,4381,537.5,1000,1000,0,208588202,0,200,0.5
2026-09-29T10:54:52Z,4411,542.0,1000,1000,0,210093910,0,200,1.1
2026-09-29T10:55:22Z,4441,559.9,1000,1000,0,211667563,0,200,0.5
2026-09-29T10:55:52Z,4471,529.7,1000,1000,0,213200259,0,200,0.9
2026-09-29T10:56:23Z,4501,510.6,1000,1000,0,214793907,0,200,0.7
2026-09-29T10:56:52Z,4531,555.9,1000,1000,0,216365554,0,200,0.8
2026-09-29T10:57:22Z,4561,547.0,1000,1000,0,217934217,0,200,0.4
2026-09-29T10:57:52Z,4591,543.2,1000,1000,0,219575802,0,200,0.8
2026-09-29T10:58:22Z,4621,501.3,1000,1000,0,221127505,0,200,0.7
2026-09-29T10:58:52Z,4651,532.1,1000,1000,0,222634267,0,200,1.2
2026-09-29T10:59:22Z,4681,494.3,1000,1000,0,224178014,0,200,0.5
2026-09-29T10:59:52Z,4711,549.6,1000,1000,0,225747677,0,200,0.8
2026-09-29T11:00:23Z,4741,554.8,1000,1000,0,227446155,0,200,0.7
2026-09-29T11:00:52Z,4771,522.9,1000,1000,0,229130427,0,200,28.2
2026-09-29T11:01:22Z,4801,544.4,1000,1000,0,230681259,0,200,0.5
2026-09-29T11:01:52Z,4831,521.2,1000,1000,0,232187056,0,200,0.5
2026-09-29T11:02:22Z,4861,552.6,1000,1000,0,233693802,0,200,1.9
2026-09-29T11:02:52Z,4891,523.3,1000,1000,0,235330331,0,200,0.8
2026-09-29T11:03:22Z,4921,521.3,1000,1000,0,236986884,0,200,1.2
2026-09-29T11:03:52Z,4951,537.9,1000,1000,0,238511297,0,200,0.5
2026-09-29T11:04:23Z,4981,543.3,1000,1000,0,240108254,0,200,0.8
2026-09-29T11:04:52Z,5011,530.5,1000,1000,0,241631337,0,200,31.2
2026-09-29T11:05:22Z,5041,564.1,1000,1000,0,243194632,0,200,0.9
2026-09-29T11:05:52Z,5071,557.6,1000,1000,0,244755304,0,200,2.0
2026-09-29T11:06:22Z,5101,527.4,1000,1000,0,246348929,0,200,1.0
2026-09-29T11:06:53Z,5131,540.3,1000,1000,0,247924612,0,200,0.5
2026-09-29T11:07:22Z,5161,544.5,1000,1000,0,249398407,0,200,1.0
2026-09-29T11:07:52Z,5191,530.4,1000,1000,0,251007004,0,200,0.5
2026-09-29T11:08:22Z,5221,555.4,1000,1000,0,252656573,0,200,0.9
2026-09-29T11:08:52Z,5251,516.1,1000,1000,0,254174302,0,200,0.5
2026-09-29T11:09:22Z,5281,537.0,1000,1000,0,255774934,0,200,0.8
2026-09-29T11:09:52Z,5311,537.2,1000,1000,0,257279671,0,200,90.2
2026-09-29T11:10:22Z,5341,511.8,1000,1000,0,258775409,0,200,0.8
2026-09-29T11:10:52Z,5371,518.1,1000,1000,0,260413985,0,200,0.7
2026-09-29T11:11:22Z,5401,538.8,1000,1000,0,261929657,0,200,0.8
2026-09-29T11:11:53Z,5431,548.7,1000,1000,0,263536261,0,200,0.5
2026-09-29T11:12:23Z,5461,595.4,1000,1000,0,266127844,0,503,597.6
2026-09-29T11:12:52Z,5491,573.1,1000,1000,0,267417764,0,200,0.7
2026-09-29T11:13:22Z,5521,515.6,1000,1000,0,268857534,0,200,0.8
2026-09-29T11:13:52Z,5551,553.0,1000,1000,0,270249381,0,200,0.5
2026-09-29T11:14:23Z,5581,572.0,1000,1000,0,271679158,0,200,1.1
2026-09-29T11:14:52Z,5611,574.7,1000,1000,0,273028999,0,200,13.2
2026-09-29T11:15:22Z,5641,542.2,1000,1000,0,274425824,0,200,0.9
2026-09-29T11:15:52Z,5671,577.1,1000,1000,0,275916505,0,200,0.5
2026-09-29T11:16:22Z,5701,535.2,1000,1000,0,277374288,0,200,0.9
2026-09-29T11:16:53Z,5731,550.2,1000,1000,0,278860062,0,200,0.5
2026-09-29T11:17:22Z,5761,573.4,1000,1000,0,280232925,0,200,3.6
2026-09-29T11:17:52Z,5791,533.9,1000,1000,0,281592785,0,200,0.6
2026-09-29T11:18:22Z,5821,564.0,1000,1000,0,282993622,0,200,0.7
2026-09-29T11:18:52Z,5851,543.3,1000,1000,0,284323508,0,200,0.5
2026-09-29T11:19:23Z,5881,510.4,1000,1000,0,285777286,0,200,0.9
2026-09-29T11:19:52Z,5911,530.9,1000,1000,0,287081993,0,200,28.3
2026-09-29T11:20:22Z,5941,537.6,1000,1000,0,288462051,0,200,0.8
2026-09-29T11:20:52Z,5971,506.1,1000,1000,0,289953766,0,200,5.7
2026-09-29T11:21:22Z,6001,572.7,1000,1000,0,291302634,0,200,0.9
2026-09-29T11:21:52Z,6031,529.7,1000,1000,0,292652507,0,200,0.5
2026-09-29T11:22:22Z,6061,538.6,1000,1000,0,294133279,0,200,1.3
2026-09-29T11:22:52Z,6091,560.3,1000,1000,0,295588025,0,200,0.6
2026-09-29T11:23:23Z,6121,543.1,1000,1000,0,297104765,0,200,0.6
2026-09-29T11:23:52Z,6151,531.4,1000,1000,0,298569572,0,200,3.5
2026-09-29T11:24:22Z,6181,500.5,1000,1000,0,300120256,0,200,0.5
2026-09-29T11:24:52Z,6211,588.1,1000,1000,0,301740838,0,200,1.0
2026-09-29T11:25:22Z,6241,566.4,1000,1000,0,303252506,0,200,0.6
2026-09-29T11:25:53Z,6271,535.1,1000,1000,0,304853060,0,200,1.0
2026-09-29T11:26:22Z,6301,564.0,1000,1000,0,306403708,0,200,58.9
2026-09-29T11:26:52Z,6331,544.5,1000,1000,0,307823512,0,200,0.9
2026-09-29T11:27:22Z,6361,527.8,1000,1000,0,309310260,0,200,0.5
2026-09-29T11:27:52Z,6391,555.1,1000,1000,0,310679143,0,200,0.9
2026-09-29T11:28:23Z,6421,548.8,1000,1000,0,312201822,0,200,0.6
2026-09-29T11:28:52Z,6451,564.5,1000,1000,0,313599648,0,200,0.9
2026-09-29T11:29:22Z,6481,517.9,1000,1000,0,315031429,0,200,0.8
2026-09-29T11:29:52Z,6511,536.7,1000,1000,0,316471188,0,200,0.7
2026-09-29T11:30:22Z,6541,556.8,1000,1000,0,317924727,0,200,143.3
2026-09-29T11:30:52Z,6571,537.1,1000,1000,0,319299836,0,200,0.9
2026-09-29T11:31:22Z,6601,552.0,1000,1000,0,320717676,0,200,0.6
2026-09-29T11:31:52Z,6631,545.6,1000,1000,0,322094545,0,200,76.4
2026-09-29T11:32:22Z,6661,528.5,1000,1000,0,323643197,0,200,0.6
2026-09-29T11:32:52Z,6691,519.8,1000,1000,0,325220799,0,200,1.0
2026-09-29T11:33:22Z,6721,517.2,1000,1000,0,326736538,0,200,0.7
2026-09-29T11:33:53Z,6751,550.1,1000,1000,0,328309197,0,200,0.9
2026-09-29T11:34:22Z,6781,539.1,1000,1000,0,329798643,0,200,0.5
2026-09-29T11:34:52Z,6811,568.4,1000,1000,0,331188833,0,200,1.0
2026-09-29T11:35:22Z,6841,544.7,1000,1000,0,332668673,0,200,0.4
2026-09-29T11:35:52Z,6871,533.2,1000,1000,0,334195224,0,200,1.2
2026-09-29T11:36:23Z,6901,532.6,1000,1000,0,335746100,0,200,0.6
2026-09-29T11:36:52Z,6931,536.4,1000,1000,0,337162968,0,200,1.0
2026-09-29T11:37:22Z,6961,503.3,1000,1000,0,338691661,0,200,1.8
2026-09-29T11:37:52Z,6991,581.8,1000,1000,0,340203388,0,200,0.9
2026-09-29T11:38:22Z,7021,541.3,1000,1000,0,341634282,0,200,0.5
2026-09-29T11:38:53Z,7051,526.2,1000,1000,0,343160033,0,200,2.6
2026-09-29T11:39:22Z,7081,527.2,1000,1000,0,344700745,0,200,1.2
2026-09-29T11:39:52Z,7111,548.1,1000,1000,0,346205501,0,200,0.8
2026-09-29T11:40:22Z,7141,545.0,1000,1000,0,347707289,0,200,0.4
2026-09-29T11:40:52Z,7171,534.1,1000,1000,0,349113203,0,200,1.0
2026-09-29T11:41:23Z,7201,516.8,1000,1000,0,350558096,0,200,1.4
2026-09-29T11:41:52Z,7231,585.4,1000,1000,0,351920070,0,200,1.0
2026-09-29T11:42:22Z,7261,548.9,1000,1000,0,353352912,0,200,0.7
2026-09-29T11:42:53Z,7291,544.8,1000,1000,0,355826648,0,200,2.2
2026-09-29T11:43:22Z,7321,542.0,1000,1000,0,357325348,0,200,0.4
2026-09-29T11:43:52Z,7351,525.1,1000,1000,0,358788094,0,200,0.5
2026-09-29T11:44:22Z,7381,543.0,1000,1000,0,360315755,0,200,4.1
2026-09-29T11:44:52Z,7411,503.4,1000,1000,0,361787509,0,200,0.5
2026-09-29T11:45:23Z,7441,552.9,1000,1000,0,363300244,0,200,1.0
2026-09-29T11:45:52Z,7471,546.5,1000,1000,0,364768994,0,200,1.1
2026-09-29T11:46:22Z,7501,527.7,1000,1000,0,366269711,0,200,0.9
2026-09-29T11:46:52Z,7531,538.4,1000,1000,0,367750485,0,200,0.5
2026-09-29T11:47:22Z,7561,522.7,1000,1000,0,369264666,0,200,1.0
2026-09-29T11:47:52Z,7591,534.8,1000,1000,0,370742961,0,200,0.5
2026-09-29T11:48:22Z,7621,549.7,1000,1000,0,372268604,0,200,0.8
2026-09-29T11:48:52Z,7651,528.0,1000,1000,0,373881217,0,200,0.5
2026-09-29T11:49:23Z,7681,548.2,1000,1000,0,375538731,0,200,1.1
2026-09-29T11:49:52Z,7711,552.5,1000,1000,0,377177042,0,200,37.4
2026-09-29T11:50:22Z,7741,539.0,1000,1000,0,378799756,0,200,0.9
2026-09-29T11:50:52Z,7771,570.6,1000,1000,0,380354427,0,200,0.7
2026-09-29T11:51:22Z,7801,557.8,1000,1000,0,381691314,0,200,0.8
2026-09-29T11:51:53Z,7831,546.6,1000,1000,0,383189343,0,200,0.5
2026-09-29T11:52:22Z,7861,574.4,1000,1000,0,384569886,0,200,0.8
2026-09-29T11:52:52Z,7891,536.8,1000,1000,0,386038343,0,200,0.5
2026-09-29T11:53:22Z,7921,569.5,1000,1000,0,387487387,0,200,0.9
2026-09-29T11:53:52Z,7951,538.2,1000,1000,0,388985990,0,200,0.5
2026-09-29T11:54:22Z,7981,531.5,1000,1000,0,390425889,0,200,0.8
2026-09-29T11:54:52Z,8011,514.4,1000,1000,0,392024520,0,200,0.8
2026-09-29T11:55:22Z,8041,537.4,1000,1000,0,393619121,0,200,0.8
2026-09-29T11:55:53Z,8071,535.9,1000,1000,0,395208805,0,200,0.4
2026-09-29T11:56:22Z,8101,535.9,1000,1000,0,396799434,0,200,73.5
2026-09-29T11:56:52Z,8131,527.7,1000,1000,0,398347121,0,200,0.5
2026-09-29T11:57:22Z,8161,525.7,1000,1000,0,400009639,0,200,0.9
2026-09-29T11:57:52Z,8191,568.4,1000,1000,0,401577320,0,200,0.5
2026-09-29T11:58:22Z,8221,523.6,1000,1000,0,403139016,0,200,1.0
2026-09-29T11:58:52Z,8251,529.6,1000,1000,0,404766635,0,200,0.5
2026-09-29T11:59:22Z,8281,521.0,1000,1000,0,406303372,0,200,1.5
2026-09-29T11:59:53Z,8311,547.7,1000,1000,0,407771216,0,200,0.4
2026-09-29T12:00:22Z,8341,560.8,1000,1000,0,409230038,0,200,74.6
2026-09-29T12:00:52Z,8371,533.0,1000,1000,0,410748780,0,200,0.5
2026-09-29T12:01:22Z,8401,526.1,1000,1000,0,412346431,0,200,0.8
2026-09-29T12:01:52Z,8431,503.6,1000,1000,0,413850162,0,200,109.5
2026-09-29T12:02:22Z,8461,518.8,1000,1000,0,415407845,0,200,1.0
2026-09-29T12:02:52Z,8491,559.5,1000,1000,0,417024445,0,200,0.5
2026-09-29T12:03:22Z,8521,539.6,1000,1000,0,418514219,0,200,0.8
2026-09-29T12:03:52Z,8551,546.4,1000,1000,0,420054940,0,200,0.5
2026-09-29T12:04:22Z,8581,551.9,1000,1000,0,421674521,0,200,0.9
2026-09-29T12:04:52Z,8611,524.2,1000,1000,0,423204233,0,200,0.5
2026-09-29T12:05:23Z,8641,551.0,1000,1000,0,424808829,0,200,1.7
2026-09-29T12:05:52Z,8671,535.8,1000,1000,0,426301532,0,200,65.2
2026-09-29T12:06:22Z,8701,531.8,1000,1000,0,427824228,0,200,0.5
2026-09-29T12:06:52Z,8731,505.9,1000,1000,0,429334991,0,200,0.7
2026-09-29T12:07:22Z,8761,515.2,1000,1000,0,430907582,0,200,0.5
2026-09-29T12:07:53Z,8791,539.0,1000,1000,0,432521160,0,200,0.8
2026-09-29T12:08:22Z,8821,563.7,1000,1000,0,434116740,0,200,0.4
2026-09-29T12:08:52Z,8851,537.0,1000,1000,0,435725230,0,200,2.2
2026-09-29T12:09:22Z,8881,555.3,1000,1000,0,437230115,0,200,0.5
2026-09-29T12:09:52Z,8911,547.7,1000,1000,0,438708866,0,200,104.8
2026-09-29T12:10:22Z,8941,541.3,1000,1000,0,440178702,0,200,0.6
2026-09-29T12:10:52Z,8971,522.1,1000,1000,0,441841255,0,200,1.1
2026-09-29T12:11:22Z,9001,552.1,1000,1000,0,443357836,0,200,0.6
2026-09-29T12:11:52Z,9031,528.9,1000,1000,0,444889719,0,200,0.9
2026-09-29T12:12:22Z,9061,544.8,1000,1000,0,446430450,0,200,1.0
2026-09-29T12:12:52Z,9091,547.0,1000,1000,0,448899180,0,200,0.7
2026-09-29T12:13:23Z,9121,566.0,1000,1000,0,450411508,0,200,0.5
2026-09-29T12:13:52Z,9151,549.5,1000,1000,0,451884463,0,200,31.9
2026-09-29T12:14:22Z,9181,528.6,1000,1000,0,453390326,0,200,0.6
2026-09-29T12:14:52Z,9211,592.8,1000,1000,0,454944997,0,200,0.7
2026-09-29T12:15:22Z,9241,585.7,1000,1000,0,456454691,0,200,0.5
2026-09-29T12:15:52Z,9271,510.3,1000,1000,0,457950403,0,200,1.1
2026-09-29T12:16:22Z,9301,569.3,1000,1000,0,459612946,0,200,0.5
2026-09-29T12:16:52Z,9331,533.3,1000,1000,0,461150646,0,200,1.0
2026-09-29T12:17:23Z,9361,527.5,1000,1000,0,462771292,0,200,0.7
2026-09-29T12:17:52Z,9391,532.4,1000,1000,0,464386875,0,200,0.9
2026-09-29T12:18:22Z,9421,548.9,1000,1000,0,465954462,0,200,0.6
2026-09-29T12:18:52Z,9451,548.0,1000,1000,0,467543050,0,200,0.9
2026-09-29T12:19:22Z,9481,534.2,1000,1000,0,469002841,0,200,134.4
2026-09-29T12:19:52Z,9511,541.4,1000,1000,0,470517503,0,200,0.9
2026-09-29T12:20:22Z,9541,561.2,1000,1000,0,472091123,0,200,0.5
2026-09-29T12:20:52Z,9571,556.7,1000,1000,0,473618771,0,200,103.3
2026-09-29T12:21:22Z,9601,554.9,1000,1000,0,475096440,0,200,0.8
2026-09-29T12:21:53Z,9631,575.3,1000,1000,0,476652067,0,200,0.8
2026-09-29T12:22:22Z,9661,546.2,1000,1000,0,478045829,0,200,0.5
2026-09-29T12:22:52Z,9691,528.6,1000,1000,0,479533521,0,200,0.8
2026-09-29T12:23:22Z,9721,553.6,1000,1000,0,481101132,0,200,0.5
2026-09-29T12:23:52Z,9751,551.8,1000,1000,0,482704674,0,200,0.8
2026-09-29T12:24:23Z,9781,537.3,1000,1000,0,484324216,0,200,0.8
2026-09-29T12:24:52Z,9811,562.0,1000,1000,0,485716052,0,200,1.0
2026-09-29T12:25:22Z,9841,522.0,1000,1000,0,487057944,0,200,0.6
2026-09-29T12:25:52Z,9871,542.6,1000,1000,0,488560679,0,200,1.8
2026-09-29T12:26:22Z,9901,545.9,1000,1000,0,490024444,0,200,0.7
2026-09-29T12:26:53Z,9931,507.7,1000,1000,0,491464202,0,200,1.6
2026-09-29T12:27:22Z,9961,531.1,1000,1000,0,492916981,0,200,0.6
2026-09-29T12:27:52Z,9991,537.5,1000,1000,0,494225189,0,200,0.6
2026-09-29T12:28:22Z,10021,556.5,1000,1000,0,495730629,0,200,1.0
2026-09-29T12:28:52Z,10051,549.6,1000,1000,0,497068523,0,200,0.5
2026-09-29T12:29:22Z,10081,546.5,1000,1000,0,498468369,0,200,0.9
2026-09-29T12:29:52Z,10111,562.2,1000,1000,0,499878197,0,200,0.5
2026-09-29T12:30:22Z,10141,536.8,1000,1000,0,501295980,0,200,0.8
2026-09-29T12:30:53Z,10171,524.8,1000,1000,0,502704804,0,200,0.5
2026-09-29T12:31:22Z,10201,555.4,1000,1000,0,504085636,0,200,0.7
2026-09-29T12:31:52Z,10231,571.8,1000,1000,0,505450513,0,200,0.7
2026-09-29T12:32:22Z,10261,544.9,1000,1000,0,506863269,0,200,0.8
2026-09-29T12:32:52Z,10291,541.0,1000,1000,0,508247132,0,200,0.7
2026-09-29T12:33:23Z,10321,569.7,1000,1000,0,509709912,0,200,0.9
2026-09-29T12:33:52Z,10351,548.2,1000,1000,0,511189222,0,200,0.6
2026-09-29T12:34:22Z,10381,494.9,1000,1000,0,512556446,0,200,0.9
2026-09-29T12:34:52Z,10411,531.7,1000,1000,0,514038170,0,200,0.7
2026-09-29T12:35:22Z,10441,538.3,1000,1000,0,515408023,0,200,134.1
2026-09-29T12:35:52Z,10471,547.3,1000,1000,0,516749889,0,200,0.6
2026-09-29T12:36:22Z,10501,520.6,1000,1000,0,518131757,0,200,0.8
2026-09-29T12:36:52Z,10531,558.1,1000,1000,0,519434129,0,200,107.1
2026-09-29T12:37:22Z,10561,544.4,1000,1000,0,520872479,0,200,0.8
2026-09-29T12:37:52Z,10591,543.4,1000,1000,0,522371122,0,200,0.4
2026-09-29T12:38:22Z,10621,544.4,1000,1000,0,523799002,0,200,0.9
2026-09-29T12:38:53Z,10651,543.6,1000,1000,0,525170853,0,200,0.7
2026-09-29T12:39:22Z,10681,549.9,1000,1000,0,526541583,0,200,1.0
2026-09-29T12:39:52Z,10711,561.0,1000,1000,0,527948541,0,200,0.7
2026-09-29T12:40:22Z,10741,566.9,1000,1000,0,529416270,0,200,0.8
2026-09-29T12:40:52Z,10771,545.6,1000,1000,0,530811067,0,200,0.6
2026-09-29T12:41:23Z,10801,555.0,1000,1000,0,532239863,0,200,0.9
2026-09-29T12:41:52Z,10831,548.4,1000,1000,0,533605693,0,200,0.5
2026-09-29T12:42:22Z,10861,516.4,1000,1000,0,535041487,0,200,0.7
2026-09-29T12:42:53Z,10891,536.8,1000,1000,0,537546545,0,200,0.6
2026-09-29T12:43:22Z,10921,556.6,1000,1000,0,539199365,0,200,18.2
2026-09-29T12:43:52Z,10951,540.2,1000,1000,0,540720382,0,200,0.9
2026-09-29T12:44:22Z,10981,557.8,1000,1000,0,542357955,0,200,0.8
2026-09-29T12:44:52Z,11011,525.4,1000,1000,0,543977493,0,200,0.6
2026-09-29T12:45:23Z,11041,528.7,1000,1000,0,545521181,0,200,2.4
2026-09-29T12:45:52Z,11071,534.4,1000,1000,0,547001925,0,200,0.6
2026-09-29T12:46:22Z,11101,542.2,1000,1000,0,548453709,0,200,1.2
2026-09-29T12:46:53Z,11131,513.3,1000,1000,0,549937458,0,200,0.5
2026-09-29T12:47:22Z,11161,510.6,1000,1000,0,551503100,0,200,1.4
2026-09-29T12:47:52Z,11191,538.5,1000,1000,0,553025826,0,200,0.7
2026-09-29T12:48:22Z,11221,520.8,1000,1000,0,554665370,0,200,0.5
2026-09-29T12:48:52Z,11251,539.7,1000,1000,0,556183106,0,200,1.2
2026-09-29T12:49:23Z,11281,542.7,1000,1000,0,557767805,0,200,0.7
2026-09-29T12:49:52Z,11311,565.9,1000,1000,0,559309507,0,200,0.8
2026-09-29T12:50:22Z,11341,501.6,1000,1000,0,560920089,0,200,0.5
2026-09-29T12:50:52Z,11371,531.1,1000,1000,0,562623557,0,200,0.9
2026-09-29T12:51:22Z,11401,574.7,1000,1000,0,564138268,0,200,0.5
2026-09-29T12:51:52Z,11431,553.8,1000,1000,0,565629007,0,200,1.2
2026-09-29T12:52:22Z,11461,539.2,1000,1000,0,567145727,0,200,1.2
2026-09-29T12:52:52Z,11491,510.6,1000,1000,0,568556545,0,200,1.2
2026-09-29T12:53:23Z,11521,534.6,1000,1000,0,570103239,0,200,0.4
2026-09-29T12:53:52Z,11551,526.4,1000,1000,0,571576995,0,200,0.9
2026-09-29T12:54:22Z,11581,541.9,1000,1000,0,573020777,0,200,0.7
2026-09-29T12:54:52Z,11611,528.3,1000,1000,0,574525514,0,200,1.5
2026-09-29T12:55:22Z,11641,524.7,1000,1000,0,575962310,0,200,0.9
2026-09-29T12:55:53Z,11671,519.4,1000,1000,0,577454056,0,200,0.7
2026-09-29T12:56:22Z,11701,524.2,1000,1000,0,578944795,0,200,8.9
2026-09-29T12:56:52Z,11731,499.7,1000,1000,0,580428538,0,200,1.0
2026-09-29T12:57:22Z,11761,520.0,1000,1000,0,581886332,0,200,0.4
2026-09-29T12:57:52Z,11791,528.2,1000,1000,0,583239169,0,200,0.8
2026-09-29T12:58:23Z,11821,539.1,1000,1000,0,584664033,0,200,0.6
2026-09-29T12:58:52Z,11851,548.4,1000,1000,0,586072876,0,200,3.8
2026-09-29T12:59:22Z,11881,503.5,1000,1000,0,587442743,0,200,0.7
2026-09-29T12:59:52Z,11911,556.2,1000,1000,0,588892544,0,200,1.3
2026-09-29T13:00:22Z,11941,546.7,1000,1000,0,590219446,0,200,0.5
2026-09-29T13:00:53Z,11971,540.3,1000,1000,0,591636293,0,200,1.1
2026-09-29T13:01:22Z,12001,543.3,1000,1000,0,592978709,0,200,2.2
2026-09-29T13:01:52Z,12031,539.6,1000,1000,0,594328072,0,200,0.7
2026-09-29T13:02:22Z,12061,533.3,1000,1000,0,595712936,0,200,0.4
2026-09-29T13:02:52Z,12091,554.8,1000,1000,0,597044616,0,200,0.9
2026-09-29T13:03:22Z,12121,532.1,1000,1000,0,598379732,0,200,0.5
2026-09-29T13:03:52Z,12151,546.0,1000,1000,0,599825510,0,200,0.8
2026-09-29T13:04:22Z,12181,545.8,1000,1000,0,601295290,0,200,0.6
2026-09-29T13:04:53Z,12211,567.5,1000,1000,0,602762070,0,200,1.1
2026-09-29T13:05:22Z,12241,558.8,1000,1000,0,604232844,0,200,0.5
2026-09-29T13:05:52Z,12271,543.2,1000,1000,0,605669652,0,200,1.0
2026-09-29T13:06:22Z,12301,500.4,1000,1000,0,607091482,0,200,0.5
2026-09-29T13:06:52Z,12331,543.2,1000,1000,0,608486314,0,200,1.0
2026-09-29T13:07:22Z,12361,554.0,1000,1000,0,609882150,0,200,0.5
2026-09-29T13:07:52Z,12391,547.7,1000,1000,0,611325947,0,200,0.8
2026-09-29T13:08:22Z,12421,524.2,1000,1000,0,612688810,0,200,0.5
2026-09-29T13:08:53Z,12451,530.8,1000,1000,0,614136603,0,200,3.5
2026-09-29T13:09:22Z,12481,553.8,1000,1000,0,615528445,0,200,3.1
2026-09-29T13:09:52Z,12511,516.7,1000,1000,0,616883329,0,200,0.5
2026-09-29T13:10:22Z,12541,597.1,1000,1000,0,618282183,0,200,0.8
2026-09-29T13:10:52Z,12571,524.1,1000,1000,0,619625071,0,200,0.5
2026-09-29T13:11:23Z,12601,546.5,1000,1000,0,621025899,0,200,0.9
2026-09-29T13:11:52Z,12631,569.0,1000,1000,0,622424731,0,200,0.7
2026-09-29T13:12:22Z,12661,553.0,1000,1000,0,623790592,0,200,1.1
2026-09-29T13:12:52Z,12691,614.8,1000,1000,0,625208845,0,200,21.9
2026-09-29T13:13:22Z,12721,546.3,1000,1000,0,627565669,0,200,23.2
2026-09-29T13:13:52Z,12751,515.0,1000,1000,0,629047974,0,200,0.5
2026-09-29T13:14:22Z,12781,518.2,1000,1000,0,630522723,0,200,0.7
2026-09-29T13:14:52Z,12811,563.4,1000,1000,0,631953508,0,200,0.5
2026-09-29T13:15:23Z,12841,517.4,1000,1000,0,633368334,0,200,1.0
2026-09-29T13:15:52Z,12871,542.8,1000,1000,0,634741761,0,200,0.5
2026-09-29T13:16:22Z,12901,534.2,1000,1000,0,636068067,0,200,1.0
2026-09-29T13:16:52Z,12931,535.8,1000,1000,0,637457918,0,200,0.5
2026-09-29T13:17:22Z,12961,545.7,1000,1000,0,638798049,0,200,119.4
2026-09-29T13:17:52Z,12991,545.0,1000,1000,0,640118721,0,200,0.5
2026-09-29T13:18:22Z,13021,500.4,1000,1000,0,641520545,0,200,1.2
2026-09-29T13:18:52Z,13051,515.0,1000,1000,0,642888393,0,200,0.5
2026-09-29T13:19:23Z,13081,549.6,1000,1000,0,644283106,0,200,0.8
2026-09-29T13:19:52Z,13111,560.3,1000,1000,0,645661998,0,200,49.3
2026-09-29T13:20:22Z,13141,540.2,1000,1000,0,647125802,0,200,0.8
2026-09-29T13:20:52Z,13171,567.2,1000,1000,0,648658492,0,200,0.6
2026-09-29T13:21:22Z,13201,545.9,1000,1000,0,650131218,0,200,0.7
2026-09-29T13:21:53Z,13231,529.2,1000,1000,0,651680884,0,200,0.9
2026-09-29T13:22:22Z,13261,555.9,1000,1000,0,653118633,0,200,30.5
2026-09-29T13:22:52Z,13291,550.3,1000,1000,0,654521511,0,200,0.7
2026-09-29T13:23:22Z,13321,527.5,1000,1000,0,656010270,0,200,0.8
2026-09-29T13:23:52Z,13351,518.3,1000,1000,0,657449064,0,200,0.5
2026-09-29T13:24:23Z,13381,552.1,1000,1000,0,658879903,0,200,0.8
2026-09-29T13:24:52Z,13411,527.8,1000,1000,0,660229716,0,200,60.3
2026-09-29T13:25:22Z,13441,535.2,1000,1000,0,661625555,0,200,1.2
2026-09-29T13:25:52Z,13471,517.7,1000,1000,0,663197241,0,200,0.5
2026-09-29T13:26:22Z,13501,529.0,1000,1000,0,664719996,0,200,1.7
2026-09-29T13:26:53Z,13531,552.5,1000,1000,0,666205813,0,200,1.3
2026-09-29T13:27:22Z,13561,554.6,1000,1000,0,667623833,0,200,1.1
2026-09-29T13:27:52Z,13591,533.9,1000,1000,0,669110518,0,200,0.5
2026-09-29T13:28:22Z,13621,549.3,1000,1000,0,670575353,0,200,0.9
2026-09-29T13:28:52Z,13651,543.6,1000,1000,0,671953284,0,200,0.5
2026-09-29T13:29:23Z,13681,559.2,1000,1000,0,673365193,0,200,0.9
2026-09-29T13:29:52Z,13711,528.4,1000,1000,0,674765762,0,200,0.6
2026-09-29T13:30:22Z,13741,550.1,1000,1000,0,676163971,0,200,1.8
2026-09-29T13:30:52Z,13771,548.4,1000,1000,0,677710673,0,200,4.4
2026-09-29T13:31:22Z,13801,525.7,1000,1000,0,679201336,0,200,3.5
2026-09-29T13:31:52Z,13831,501.5,1000,1000,0,680623265,0,200,0.8
2026-09-29T13:32:22Z,13861,539.0,1000,1000,0,682144977,0,200,0.5
2026-09-29T13:32:52Z,13891,553.4,1000,1000,0,683567807,0,200,0.9
2026-09-29T13:33:22Z,13921,538.2,1000,1000,0,685064547,0,200,0.5
2026-09-29T13:33:52Z,13951,546.6,1000,1000,0,686538068,0,200,85.5
2026-09-29T13:34:22Z,13981,522.8,1000,1000,0,688048068,0,200,0.5
2026-09-29T13:34:52Z,14011,550.7,1000,1000,0,689521873,0,200,1.4
2026-09-29T13:35:22Z,14041,510.7,1000,1000,0,690964715,0,200,0.5
2026-09-29T13:35:53Z,14071,542.6,1000,1000,0,692503415,0,200,0.9
2026-09-29T13:36:22Z,14101,550.8,1000,1000,0,693926286,0,200,6.6
2026-09-29T13:36:52Z,14131,549.2,1000,1000,0,695298240,0,200,0.8
2026-09-29T13:37:22Z,14161,533.1,1000,1000,0,696780028,0,200,0.8
2026-09-29T13:37:52Z,14191,552.3,1000,1000,0,698171947,0,200,0.9
2026-09-29T13:38:23Z,14221,523.8,1000,1000,0,699642735,0,200,0.7
2026-09-29T13:38:52Z,14251,542.7,1000,1000,0,700999701,0,200,1.5
2026-09-29T13:39:22Z,14281,525.4,1000,1000,0,702487441,0,200,0.6
2026-09-29T13:39:52Z,14311,545.1,1000,1000,0,703939259,0,200,1.2
2026-09-29T13:40:22Z,14341,526.7,1000,1000,0,705341152,0,200,0.6
2026-09-29T13:40:53Z,14371,559.5,1000,1000,0,706864922,0,200,0.8
2026-09-29T13:41:22Z,14401,545.3,1000,1000,0,708416590,0,200,0.8
2026-09-29T13:41:52Z,14431,536.9,1000,1000,0,709955283,0,200,0.9
2026-09-29T13:42:22Z,14461,522.1,1000,1000,0,711418075,0,200,0.6
2026-09-29T13:42:52Z,14491,556.7,1000,1000,0,712833928,0,200,114.1
2026-09-29T13:43:22Z,14521,516.9,999,999,1,714240525,1,200,71.4
2026-09-29T13:43:52Z,14551,538.0,999,999,1,715616777,1,200,0.8
2026-09-29T13:44:22Z,14581,499.4,999,999,1,717076952,1,200,0.8
2026-09-29T13:44:52Z,14611,532.9,999,999,1,718416082,1,200,0.9
2026-09-29T13:45:22Z,14641,549.4,1000,1000,1,720995660,1,200,0.6
2026-09-29T13:45:53Z,14671,554.7,1000,1000,1,722458431,1,200,1.1
2026-09-29T13:46:22Z,14701,522.0,1000,1000,1,723806323,1,200,3.2
2026-09-29T13:46:52Z,14731,493.6,1000,1000,1,725179198,1,200,0.8
2026-09-29T13:47:22Z,14761,510.2,1000,1000,1,726584940,1,200,0.6
2026-09-29T13:47:52Z,14791,558.2,1000,1000,1,728085631,1,200,129.8
2026-09-29T13:48:22Z,14821,534.4,1000,1000,1,729507599,1,200,0.5
2026-09-29T13:48:52Z,14851,534.5,1000,1000,1,731091287,1,200,0.9
2026-09-29T13:49:22Z,14881,524.2,1000,1000,1,732551065,1,200,0.5
2026-09-29T13:49:52Z,14911,527.1,1000,1000,1,734087786,1,200,1.3
2026-09-29T13:50:22Z,14941,563.6,1000,1000,1,735560615,1,200,0.4
2026-09-29T13:50:52Z,14971,504.8,1000,1000,1,737018428,1,200,1.1
2026-09-29T13:51:23Z,15001,562.0,1000,1000,1,738561216,1,200,0.6
2026-09-29T13:51:52Z,15031,514.9,1000,1000,1,739958115,1,200,1.2
2026-09-29T13:52:22Z,15061,541.0,1000,1000,1,741352388,1,200,0.7
2026-09-29T13:52:52Z,15091,561.7,1000,1000,1,742884759,1,200,0.5
2026-09-29T13:53:22Z,15121,551.4,1000,1000,1,744334313,1,200,125.5
2026-09-29T13:53:52Z,15151,515.3,1000,1000,1,745847334,1,200,0.6
2026-09-29T13:54:22Z,15181,542.7,1000,1000,1,747497888,1,200,0.8
2026-09-29T13:54:52Z,15211,544.4,1000,1000,1,749097495,1,200,0.5
2026-09-29T13:55:22Z,15241,536.6,1000,1000,1,750666148,1,200,0.8
2026-09-29T13:55:52Z,15271,591.5,1000,1000,1,752259828,1,200,0.5
2026-09-29T13:56:22Z,15301,558.3,1000,1000,1,753807511,1,200,3.3
2026-09-29T13:56:52Z,15331,526.5,1000,1000,1,755412098,1,200,0.6
2026-09-29T13:57:22Z,15361,527.5,1000,1000,1,757029706,1,200,1.1
2026-09-29T13:57:52Z,15391,525.2,1000,1000,1,758624275,1,200,1.2
2026-09-29T13:58:23Z,15421,540.6,1000,1000,1,760274823,1,200,1.0
2026-09-29T13:58:52Z,15451,556.0,1000,1000,1,761879437,1,200,67.9
2026-09-29T13:59:22Z,15481,566.9,1000,1000,1,763343249,1,200,0.8
2026-09-29T13:59:52Z,15511,555.0,1000,1000,1,765021742,1,200,0.5
2026-09-29T14:00:22Z,15541,563.6,1000,1000,1,766641272,1,200,0.9
2026-09-29T14:00:53Z,15571,544.5,1000,1000,1,768273850,1,200,0.5
2026-09-29T14:01:22Z,15601,555.7,1000,1000,1,769823489,1,200,1.1
2026-09-29T14:01:52Z,15631,535.3,1000,1000,1,771428086,1,200,0.5
2026-09-29T14:02:23Z,15661,522.5,1000,1000,1,773107595,1,200,0.8
2026-09-29T14:02:52Z,15691,569.4,1000,1000,1,774578416,1,200,12.7
2026-09-29T14:03:22Z,15721,525.9,1000,1000,1,775977322,1,200,1.1
2026-09-29T14:03:52Z,15751,529.7,1000,1000,1,777544970,1,200,0.6
2026-09-29T14:04:22Z,15781,521.7,1000,1000,1,779092615,1,200,0.9
2026-09-29T14:04:53Z,15811,543.2,1000,1000,1,780690236,1,200,0.6
2026-09-29T14:05:22Z,15841,549.3,1000,1000,1,782210895,1,200,0.8
2026-09-29T14:05:52Z,15871,522.9,1000,1000,1,783609737,1,200,0.5
2026-09-29T14:06:22Z,15901,523.1,1000,1000,1,785077539,1,200,0.7
2026-09-29T14:06:52Z,15931,521.7,1000,1000,1,786399450,1,200,0.5
2026-09-29T14:07:22Z,15961,546.0,1000,1000,1,787762326,1,200,0.8
2026-09-29T14:07:52Z,15991,543.8,1000,1000,1,789232053,1,200,0.5
2026-09-29T14:08:22Z,16021,545.6,1000,1000,1,790658953,1,200,1.0
2026-09-29T14:08:53Z,16051,574.8,1000,1000,1,792097794,1,200,0.4
2026-09-29T14:09:22Z,16081,579.5,1000,1000,1,793548578,1,200,1.0
2026-09-29T14:09:52Z,16111,538.4,1000,1000,1,794992364,1,200,0.6
2026-09-29T14:10:22Z,16141,571.5,1000,1000,1,796437176,1,200,1.0
2026-09-29T14:10:52Z,16171,556.3,1000,1000,1,797840995,1,200,0.6
2026-09-29T14:11:23Z,16201,555.1,1000,1000,1,799381698,1,200,0.8
2026-09-29T14:11:52Z,16231,538.8,1000,1000,1,800772553,1,200,0.5
2026-09-29T14:12:22Z,16261,534.2,1000,1000,1,802140420,1,200,0.9
2026-09-29T14:12:52Z,16291,527.5,1000,1000,1,803617184,1,200,0.5
2026-09-29T14:13:22Z,16321,555.1,1000,1000,1,805014033,1,200,0.5
2026-09-29T14:13:53Z,16352,542.0,1000,1000,1,806523773,1,200,0.8
2026-09-29T14:14:23Z,16382,501.2,1000,1000,1,807970585,1,200,0.7
2026-09-29T14:14:53Z,16412,577.7,1000,1000,1,809380436,1,200,1.1
2026-09-29T14:15:24Z,16442,532.9,1000,1000,1,811805217,1,200,0.4
2026-09-29T14:15:53Z,16472,539.7,1000,1000,1,813161427,1,200,0.8
2026-09-29T14:16:23Z,16502,555.9,1000,1000,1,814551973,1,200,0.5
2026-09-29T14:16:53Z,16532,542.6,1000,1000,1,815972797,1,200,1.0
2026-09-29T14:17:23Z,16562,555.0,1000,1000,1,817374632,1,200,0.4
2026-09-29T14:17:53Z,16592,553.7,1000,1000,1,818766487,1,200,0.8
2026-09-29T14:18:23Z,16622,562.2,1000,1000,1,820172335,1,200,0.7
2026-09-29T14:18:53Z,16652,524.2,1000,1000,1,821551190,1,200,0.8
2026-09-29T14:19:23Z,16682,548.2,1000,1000,1,823010979,1,200,0.6
2026-09-29T14:19:53Z,16712,541.9,1000,1000,1,824400858,1,200,71.6
2026-09-29T14:20:23Z,16742,565.9,1000,1000,1,825771739,1,200,0.7
2026-09-29T14:20:53Z,16772,540.2,1000,1000,1,827230554,1,200,1.0
2026-09-29T14:21:23Z,16802,528.8,1000,1000,1,828669366,1,200,0.5
2026-09-29T14:21:54Z,16832,529.1,1000,1000,1,830222050,1,200,0.7
2026-09-29T14:22:23Z,16862,529.2,1000,1000,1,831744754,1,200,7.5
2026-09-29T14:22:53Z,16892,529.4,1000,1000,1,833258478,1,200,0.9
2026-09-29T14:23:23Z,16922,572.8,1000,1000,1,834690310,1,200,0.5
2026-09-29T14:23:53Z,16952,504.6,1000,1000,1,836050187,1,200,0.8
2026-09-29T14:24:24Z,16982,515.9,1000,1000,1,837452028,1,200,0.5
2026-09-29T14:24:53Z,17012,551.6,1000,1000,1,838884858,1,200,1.1
2026-09-29T14:25:23Z,17042,549.2,1000,1000,1,840343644,1,200,0.6
2026-09-29T14:25:54Z,17072,513.7,1000,1000,1,841935249,1,200,0.8
2026-09-29T14:26:23Z,17102,531.8,1000,1000,1,843463909,1,200,0.8
2026-09-29T14:26:53Z,17132,546.6,1000,1000,1,844932668,1,200,0.8
2026-09-29T14:27:23Z,17162,533.7,1000,1000,1,846540243,1,200,0.5
2026-09-29T14:27:53Z,17192,549.0,1000,1000,1,848115859,1,200,2.3
2026-09-29T14:28:24Z,17223,545.9,1000,1000,1,849710430,1,200,0.4
2026-09-29T14:28:54Z,17253,518.7,1000,1000,1,851257059,1,200,0.9
2026-09-29T14:29:24Z,17283,517.2,1000,1000,1,852683832,1,200,0.5
2026-09-29T14:29:54Z,17313,574.8,1000,1000,1,854228482,1,200,0.9
2026-09-29T14:30:24Z,17343,566.0,1000,1000,1,855642192,1,200,142.9
2026-09-29T14:30:54Z,17373,545.5,1000,1000,1,857006113,1,200,1.0
2026-09-29T14:31:24Z,17403,563.7,1000,1000,1,858449910,1,200,0.5
2026-09-29T14:31:54Z,17433,545.1,1000,1000,1,859816764,1,200,0.8
2026-09-29T14:32:25Z,17463,563.3,1000,1000,1,861241541,1,200,0.7
2026-09-29T14:32:54Z,17493,530.9,1000,1000,1,862677304,1,200,0.8
2026-09-29T14:33:24Z,17523,528.4,1000,1000,1,864014169,1,200,1.0
2026-09-29T14:33:54Z,17553,557.6,1000,1000,1,865468906,1,200,1.0
2026-09-29T14:34:24Z,17583,540.0,1000,1000,1,866863551,1,200,0.5
2026-09-29T14:34:55Z,17613,530.1,1000,1000,1,868275504,1,200,1.1
2026-09-29T14:35:24Z,17643,556.0,1000,1000,1,869643831,1,200,0.6
2026-09-29T14:35:54Z,17673,543.7,1000,1000,1,871041206,1,200,0.5
2026-09-29T14:36:24Z,17703,548.2,1000,1000,1,872472005,1,200,1.7
2026-09-29T14:36:54Z,17733,555.8,1000,1000,1,873842527,1,200,0.7
2026-09-29T14:37:25Z,17763,546.0,1000,1000,1,875312582,1,200,0.8
2026-09-29T14:37:54Z,17793,532.8,1000,1000,1,876791379,1,200,0.5
2026-09-29T14:38:24Z,17823,525.4,1000,1000,1,878183221,1,200,0.8
2026-09-29T14:38:54Z,17853,547.3,1000,1000,1,879640016,1,200,0.4
2026-09-29T14:39:24Z,17883,566.2,1000,1000,1,881183639,1,200,1.3
2026-09-29T14:39:55Z,17913,534.4,1000,1000,1,882693287,1,200,0.5
2026-09-29T14:40:24Z,17943,540.4,1000,1000,1,884044051,1,200,61.8
2026-09-29T14:40:54Z,17973,565.6,1000,1000,1,885393916,1,200,0.5
2026-09-29T14:41:24Z,18003,549.2,1000,1000,1,886828674,1,200,1.3
2026-09-29T14:41:54Z,18033,524.9,1000,1000,1,888143507,1,200,0.5
2026-09-29T14:42:25Z,18063,543.7,1000,1000,1,889524264,1,200,3.2
2026-09-29T14:42:54Z,18093,544.9,1000,1000,1,890822424,1,200,0.6
2026-09-29T14:43:24Z,18123,515.5,1000,1000,1,892189917,1,200,0.9
2026-09-29T14:43:54Z,18153,515.5,1000,1000,1,893611664,1,200,0.5
2026-09-29T14:44:24Z,18183,535.4,1000,1000,1,894938462,1,200,0.7
2026-09-29T14:44:55Z,18213,542.0,1000,1000,1,896291278,1,200,0.5
2026-09-29T14:45:24Z,18243,546.1,1000,1000,1,898592099,1,200,9.8
2026-09-29T14:45:54Z,18273,547.1,1000,1000,1,900106750,1,200,0.5
2026-09-29T14:46:24Z,18303,543.3,1000,1000,1,901516518,1,200,0.8
2026-09-29T14:46:54Z,18333,523.5,1000,1000,1,903034193,1,200,0.9
2026-09-29T14:47:24Z,18363,540.3,1000,1000,1,904427944,1,200,0.8
2026-09-29T14:47:55Z,18393,556.2,1000,1000,1,905882663,1,200,0.5
2026-09-29T14:48:24Z,18423,544.7,1000,1000,1,907363374,1,200,0.8
2026-09-29T14:48:54Z,18453,565.2,1000,1000,1,908770155,1,200,0.7
2026-09-29T14:49:25Z,18483,526.6,1000,1000,1,910150919,1,200,1.6
2026-09-29T14:49:54Z,18513,566.8,1000,1000,1,911485728,1,200,0.5
2026-09-29T14:50:24Z,18543,502.4,1000,1000,1,912859530,1,200,1.0
2026-09-29T14:50:54Z,18573,540.5,1000,1000,1,914305067,1,200,0.5
2026-09-29T14:51:24Z,18603,524.0,1000,1000,1,915714025,1,200,0.8
2026-09-29T14:51:55Z,18633,531.2,1000,1000,1,917080819,1,200,0.5
2026-09-29T14:52:24Z,18663,534.2,1000,1000,1,918494549,1,200,2.2
2026-09-29T14:52:54Z,18693,543.5,1000,1000,1,919854355,1,200,0.5
2026-09-29T14:53:24Z,18723,537.5,1000,1000,1,921236109,1,200,0.8
2026-09-29T14:53:54Z,18753,527.7,1000,1000,1,922608902,1,200,0.8
2026-09-29T14:54:24Z,18783,543.4,1000,1000,1,924012674,1,200,0.8
2026-09-29T14:54:54Z,18813,544.7,1000,1000,1,925429237,1,200,74.6
2026-09-29T14:55:24Z,18843,522.6,1000,1000,1,926765260,1,200,1.4
2026-09-29T14:55:54Z,18873,547.5,1000,1000,1,928181022,1,200,0.5
2026-09-29T14:56:24Z,18903,559.2,1000,1000,1,929486856,1,200,3.6
2026-09-29T14:56:55Z,18933,526.9,1000,1000,1,930900613,1,200,0.5
2026-09-29T14:57:24Z,18963,562.8,1000,1000,1,932214436,1,200,1.6
2026-09-29T14:57:54Z,18993,555.7,1000,1000,1,933582240,1,200,0.5
2026-09-29T14:58:24Z,19023,526.2,1000,1000,1,934988992,1,200,0.8
2026-09-29T14:58:54Z,19053,530.1,1000,1000,1,936338620,1,200,0.8
2026-09-29T14:59:25Z,19083,571.6,1000,1000,1,937733570,1,200,0.5
2026-09-29T14:59:54Z,19113,556.1,1000,1000,1,939046403,1,200,1.0
2026-09-29T15:00:24Z,19143,547.0,1000,1000,1,940386677,1,200,0.5
2026-09-29T15:00:54Z,19173,521.4,1000,1000,1,941815950,1,200,2.6
2026-09-29T15:01:24Z,19203,527.2,1000,1000,1,943245673,1,200,0.5
2026-09-29T15:01:55Z,19233,541.1,1000,1000,1,944655347,1,200,0.8
2026-09-29T15:02:24Z,19263,530.4,1000,1000,1,946007270,1,200,0.5
2026-09-29T15:02:54Z,19293,577.1,1000,1000,1,947346076,1,200,0.7
2026-09-29T15:03:24Z,19323,515.5,1000,1000,1,948726866,1,200,0.7
2026-09-29T15:03:54Z,19353,525.0,1000,1000,1,950049705,1,200,1.1
2026-09-29T15:04:25Z,19383,540.5,1000,1000,1,951460455,1,200,0.5
2026-09-29T15:04:54Z,19413,550.3,1000,1000,1,952829251,1,200,2.1
2026-09-29T15:05:24Z,19443,536.4,1000,1000,1,954190076,1,200,1.1
2026-09-29T15:05:54Z,19473,561.2,1000,1000,1,955599841,1,200,0.9
2026-09-29T15:06:24Z,19503,569.7,1000,1000,1,956900685,1,200,92.8
2026-09-29T15:06:54Z,19533,531.5,1000,1000,1,958314471,1,200,1.4
2026-09-29T15:07:24Z,19563,538.9,1000,1000,1,959722237,1,200,0.4
2026-09-29T15:07:54Z,19593,545.8,1000,1000,1,961127002,1,200,0.9
2026-09-29T15:08:24Z,19623,551.6,1000,1000,1,962616659,1,200,0.5
2026-09-29T15:08:54Z,19653,516.6,1000,1000,1,964054437,1,200,0.9
2026-09-29T15:09:24Z,19683,523.0,1000,1000,1,965417244,1,200,1.2
2026-09-29T15:09:55Z,19713,566.3,1000,1000,1,966825016,1,200,0.8
2026-09-29T15:10:24Z,19743,541.3,1000,1000,1,968226782,1,200,28.2
2026-09-29T15:10:54Z,19773,551.1,1000,1000,1,969576621,1,200,1.0
2026-09-29T15:11:24Z,19803,548.9,1000,1000,1,970961396,1,200,0.6
2026-09-29T15:11:54Z,19833,561.7,1000,1000,1,972349209,1,200,1.0
2026-09-29T15:12:25Z,19863,525.9,1000,1000,1,973763985,1,200,0.7
2026-09-29T15:12:54Z,19893,560.6,1000,1000,1,975115804,1,200,1.0
2026-09-29T15:13:24Z,19923,521.4,1000,1000,1,976473619,1,200,0.7
2026-09-29T15:13:54Z,19953,542.9,1000,1000,1,977909378,1,200,0.9
2026-09-29T15:14:24Z,19983,564.4,1000,1000,1,979304163,1,200,114.4
2026-09-29T15:14:54Z,20013,570.3,1000,1000,1,980808818,1,200,0.8
2026-09-29T15:15:24Z,20043,557.7,1000,1000,1,982358460,1,200,1.5
2026-09-29T15:15:54Z,20073,542.9,1000,1000,1,984714191,1,200,113.8
2026-09-29T15:16:24Z,20103,526.3,1000,1000,1,986126126,1,200,0.7
2026-09-29T15:16:54Z,20133,545.2,1000,1000,1,987567942,1,200,1.2
2026-09-29T15:17:24Z,20163,546.1,1000,1000,1,989001729,1,200,0.6
2026-09-29T15:17:54Z,20193,524.4,1000,1000,1,990474489,1,200,1.0
2026-09-29T15:18:24Z,20223,574.1,1000,1000,1,991930286,1,200,1.9
2026-09-29T15:18:54Z,20253,559.5,1000,1000,1,993317132,1,200,0.5
2026-09-29T15:19:25Z,20283,512.4,1000,1000,1,994756938,1,200,0.9
2026-09-29T15:19:54Z,20313,559.3,1000,1000,1,996173784,1,200,0.6
2026-09-29T15:20:24Z,20343,525.5,1000,1000,1,997526676,1,200,0.8
2026-09-29T15:20:54Z,20373,519.1,1000,1000,1,999070364,1,200,0.8
2026-09-29T15:21:24Z,20403,536.5,1000,1000,1,1000493177,1,200,0.8
2026-09-29T15:21:55Z,20433,536.9,1000,1000,1,1002017898,1,200,0.6
2026-09-29T15:22:24Z,20463,517.1,1000,1000,1,1003454707,1,200,0.8
2026-09-29T15:22:54Z,20493,522.6,1000,1000,1,1004879520,1,200,0.5
2026-09-29T15:23:24Z,20523,581.5,1000,1000,1,1006395239,1,200,0.8
2026-09-29T15:23:54Z,20553,495.6,1000,1000,1,1007820067,1,200,0.6
2026-09-29T15:24:25Z,20583,545.1,1000,1000,1,1009324798,1,200,0.9
2026-09-29T15:24:54Z,20613,588.7,1000,1000,1,1010744605,1,200,0.5
2026-09-29T15:25:24Z,20643,546.1,1000,1000,1,1012161437,1,200,0.7
2026-09-29T15:25:55Z,20673,534.5,1000,1000,1,1013637207,1,200,0.4
2026-09-29T15:26:24Z,20703,532.6,1000,1000,1,1015079629,1,200,62.9
2026-09-29T15:26:54Z,20733,534.8,1000,1000,1,1016528819,1,200,0.7
2026-09-29T15:27:25Z,20763,560.6,1000,1000,1,1017960643,1,200,0.8
2026-09-29T15:27:54Z,20793,541.9,1000,1000,1,1019353492,1,200,0.5
2026-09-29T15:28:24Z,20823,529.2,1000,1000,1,1020766321,1,200,0.8
2026-09-29T15:28:54Z,20853,546.2,1000,1000,1,1022139196,1,200,0.5
2026-09-29T15:29:24Z,20883,533.3,1000,1000,1,1023497533,1,200,129.2
2026-09-29T15:29:54Z,20913,532.3,1000,1000,1,1024923902,1,200,0.4
2026-09-29T15:30:24Z,20943,530.2,1000,1000,1,1026404672,1,200,0.7
2026-09-29T15:30:54Z,20973,524.6,1000,1000,1,1027798527,1,200,0.4
2026-09-29T15:31:25Z,21003,552.4,1000,1000,1,1029188399,1,200,0.7
2026-09-29T15:31:54Z,21033,538.4,1000,1000,1,1030600235,1,200,0.8
2026-09-29T15:32:24Z,21063,550.7,1000,1000,1,1031952119,1,200,1.6
2026-09-29T15:32:54Z,21093,544.8,1000,1000,1,1033325000,1,200,0.4
2026-09-29T15:33:24Z,21123,532.0,1000,1000,1,1034742835,1,200,0.8
2026-09-29T15:33:55Z,21153,563.2,1000,1000,1,1036231608,1,200,0.6
2026-09-29T15:34:24Z,21183,529.5,1000,1000,1,1037649411,1,200,0.8
2026-09-29T15:34:54Z,21213,503.6,1000,1000,1,1039106218,1,200,0.4
2026-09-29T15:35:24Z,21243,514.8,1000,1000,1,1040713841,1,200,0.8
2026-09-29T15:35:54Z,21273,520.1,1000,1000,1,1042316446,1,200,0.6
2026-09-29T15:36:24Z,21303,549.9,1000,1000,1,1043859167,1,200,0.8
2026-09-29T15:36:54Z,21333,526.6,1000,1000,1,1045381691,1,200,66.7
2026-09-29T15:37:24Z,21363,561.4,1000,1000,1,1046854686,1,200,0.7
2026-09-29T15:37:54Z,21393,523.6,1000,1000,1,1048435390,1,200,0.7
2026-09-29T15:38:24Z,21423,539.9,1000,1000,1,1049935058,1,200,1.1
2026-09-29T15:38:55Z,21453,561.5,1000,1000,1,1051539693,1,200,0.5
2026-09-29T15:39:24Z,21483,498.2,1000,1000,1,1053073430,1,200,4.2
2026-09-29T15:39:54Z,21513,539.8,1000,1000,1,1054578286,1,200,0.5
2026-09-29T15:40:24Z,21543,528.4,1000,1000,1,1056134855,1,200,0.5
2026-09-29T15:40:54Z,21573,506.9,1000,1000,1,1057592050,1,200,0.8
2026-09-29T15:41:25Z,21603,548.1,1000,1000,1,1059156336,1,200,0.4
2026-09-29T15:41:54Z,21633,547.6,1000,1000,1,1060669077,1,200,19.6
2026-09-29T15:42:24Z,21663,543.0,1000,1000,1,1062136866,1,200,0.8
2026-09-29T15:42:54Z,21693,531.1,1000,1000,1,1063796401,1,200,0.8
2026-09-29T15:43:24Z,21723,585.7,1000,1000,1,1065330099,1,200,3.0
2026-09-29T15:43:55Z,21754,539.8,1000,1000,1,1066915779,1,200,1.5
2026-09-29T15:44:25Z,21784,523.2,1000,1000,1,1068490460,1,200,0.5
2026-09-29T15:44:55Z,21814,547.8,1000,1000,1,1070051113,1,200,1.4
2026-09-29T15:45:26Z,21844,554.7,1000,1000,1,1071705637,1,200,0.5
2026-09-29T15:45:55Z,21874,528.2,1000,1000,1,1074107350,1,200,36.4
2026-09-29T15:46:25Z,21904,541.1,1000,1000,1,1075425171,1,200,0.7
2026-09-29T15:46:55Z,21934,531.5,1000,1000,1,1076919839,1,200,0.9
2026-09-29T15:47:25Z,21964,562.2,1000,1000,1,1078382525,1,200,0.5
2026-09-29T15:47:56Z,21994,515.9,1000,1000,1,1079877314,1,200,0.9
2026-09-29T15:48:25Z,22024,555.5,1000,1000,1,1081274007,1,200,0.4
2026-09-29T15:48:55Z,22054,531.7,1000,1000,1,1082680651,1,200,0.8
2026-09-29T15:49:25Z,22084,522.5,1000,1000,1,1084124605,1,200,0.5
2026-09-29T15:49:55Z,22114,562.6,1000,1000,1,1085500478,1,200,0.8
2026-09-29T15:50:26Z,22144,543.6,1000,1000,1,1086899302,1,200,0.5
2026-09-29T15:50:55Z,22174,571.4,1000,1000,1,1088280131,1,200,1.7
2026-09-29T15:51:25Z,22204,554.1,1000,1000,1,1089675948,1,200,0.5
2026-09-29T15:51:55Z,22234,547.3,1000,1000,1,1091138727,1,200,0.8
2026-09-29T15:52:25Z,22264,550.3,1000,1000,1,1092521576,1,200,1.2
2026-09-29T15:52:56Z,22294,546.9,1000,1000,1,1093946372,1,200,0.8
2026-09-29T15:53:25Z,22324,519.8,1000,1000,1,1095351200,1,200,0.5
2026-09-29T15:53:55Z,22354,532.3,1000,1000,1,1096719060,1,200,0.9
2026-09-29T15:54:25Z,22384,538.9,1000,1000,1,1098183911,1,200,0.5
2026-09-29T15:54:55Z,22414,553.7,1000,1000,1,1099693664,1,200,0.9
2026-09-29T15:55:26Z,22444,545.5,1000,1000,1,1101253363,1,200,0.6
2026-09-29T15:55:55Z,22474,577.9,1000,1000,1,1102789099,1,200,42.3
2026-09-29T15:56:25Z,22504,569.5,1000,1000,1,1104317789,1,200,0.5
2026-09-29T15:56:55Z,22534,542.3,1000,1000,1,1105931421,1,200,0.8
2026-09-29T15:57:25Z,22564,570.9,1000,1000,1,1107446168,1,200,0.5
2026-09-29T15:57:56Z,22594,570.1,1000,1000,1,1108967887,1,200,0.7
2026-09-29T15:58:25Z,22624,561.8,1000,1000,1,1110437695,1,200,0.7
2026-09-29T15:58:55Z,22654,553.8,1000,1000,1,1111984381,1,200,0.7
2026-09-29T15:59:25Z,22684,546.9,1000,1000,1,1113537056,1,200,0.5
2026-09-29T15:59:55Z,22714,553.5,1000,1000,1,1115097660,1,200,1.8
2026-09-29T16:00:26Z,22744,508.1,1000,1000,1,1116685025,1,200,0.5
2026-09-29T16:00:55Z,22774,539.8,1000,1000,1,1118253019,1,200,1.3
2026-09-29T16:01:25Z,22804,580.9,1000,1000,1,1119756790,1,200,0.5
2026-09-29T16:01:56Z,22834,529.9,1000,1000,1,1121250545,1,200,1.0
2026-09-29T16:02:25Z,22864,538.1,1000,1000,1,1122847140,1,200,30.5
2026-09-29T16:02:55Z,22894,525.4,1000,1000,1,1124393790,1,200,0.6
2026-09-29T16:03:25Z,22924,527.6,1000,1000,1,1125991401,1,200,0.9
2026-09-29T16:03:55Z,22954,552.6,1000,1000,1,1127533983,1,200,1.1
2026-09-29T16:04:26Z,22984,541.3,1000,1000,1,1129085616,1,200,0.8
2026-09-29T16:04:55Z,23014,578.3,1000,1000,1,1130507407,1,200,1.7
2026-09-29T16:05:25Z,23044,547.9,1000,1000,1,1131955177,1,200,0.9
2026-09-29T16:05:55Z,23074,542.4,1000,1000,1,1133388933,1,200,0.5
2026-09-29T16:06:25Z,23104,570.3,1000,1000,1,1134829726,1,200,1.3
2026-09-29T16:06:56Z,23134,537.9,1000,1000,1,1136375406,1,200,0.5
2026-09-29T16:07:25Z,23164,553.9,1000,1000,1,1137911079,1,200,0.7
2026-09-29T16:07:55Z,23194,553.4,1000,1000,1,1139445794,1,200,0.4
2026-09-29T16:08:25Z,23224,519.6,1000,1000,1,1140902582,1,200,1.3
2026-09-29T16:08:55Z,23254,524.6,1000,1000,1,1142259426,1,200,85.9
2026-09-29T16:09:25Z,23284,522.0,1000,1000,1,1143779127,1,200,1.0
2026-09-29T16:09:55Z,23314,565.7,1000,1000,1,1145314855,1,200,0.5
2026-09-29T16:10:25Z,23344,528.8,1000,1000,1,1146728691,1,200,0.8
2026-09-29T16:10:56Z,23374,557.4,1000,1000,1,1148204465,1,200,0.5
2026-09-29T16:11:25Z,23404,536.7,1000,1000,1,1149646146,1,200,38.4
2026-09-29T16:11:55Z,23434,525.6,1000,1000,1,1151002160,1,200,0.6
2026-09-29T16:12:25Z,23464,564.1,1000,1000,1,1152372031,1,200,1.0
2026-09-29T16:12:55Z,23494,550.3,1000,1000,1,1153702725,1,200,0.5
2026-09-29T16:13:26Z,23524,544.0,1000,1000,1,1155122782,1,200,0.8
2026-09-29T16:13:55Z,23554,556.3,1000,1000,1,1156446712,1,200,0.7
2026-09-29T16:14:25Z,23584,543.6,1000,1000,1,1157858561,1,200,0.8
2026-09-29T16:14:55Z,23614,532.9,1000,1000,1,1159320366,1,200,0.4
2026-09-29T16:15:25Z,23644,533.9,1000,1000,1,1160715123,1,200,0.9
2026-09-29T16:15:55Z,23674,547.4,1000,1000,1,1163136002,1,200,0.7
2026-09-29T16:16:25Z,23704,545.2,1000,1000,1,1164711658,1,200,0.9
2026-09-29T16:16:55Z,23734,556.1,1000,1000,1,1166184391,1,200,0.5
2026-09-29T16:17:26Z,23764,539.6,1000,1000,1,1167738102,1,200,0.9
2026-09-29T16:17:55Z,23794,552.3,1000,1000,1,1169223846,1,200,2.6
2026-09-29T16:18:25Z,23824,523.2,1000,1000,1,1170692612,1,200,0.8
2026-09-29T16:18:55Z,23854,535.2,1000,1000,1,1172149393,1,200,0.6
2026-09-29T16:19:25Z,23884,544.2,1000,1000,1,1173623151,1,200,0.9
2026-09-29T16:19:56Z,23914,526.6,1000,1000,1,1175165817,1,200,0.6
2026-09-29T16:20:25Z,23944,572.1,1000,1000,1,1176603430,1,200,41.4
2026-09-29T16:20:55Z,23974,552.4,1000,1000,1,1178033437,1,200,0.5
2026-09-29T16:21:25Z,24004,562.8,1000,1000,1,1179644086,1,200,1.1
2026-09-29T16:21:55Z,24034,527.7,1000,1000,1,1181231287,1,200,145.3
2026-09-29T16:22:25Z,24064,543.7,1000,1000,1,1182836320,1,200,1.1
2026-09-29T16:22:55Z,24094,535.8,1000,1000,1,1184424947,1,200,0.6
2026-09-29T16:23:25Z,24124,553.5,1000,1000,1,1185941638,1,200,0.6
2026-09-29T16:23:56Z,24154,529.9,1000,1000,1,1187383486,1,200,0.6
2026-09-29T16:24:25Z,24184,527.0,1000,1000,1,1188711472,1,200,0.6
2026-09-29T16:24:55Z,24214,538.6,1000,1000,1,1190050449,1,200,1.3
2026-09-29T16:25:25Z,24244,559.8,1000,1000,1,1191485315,1,200,0.5
2026-09-29T16:25:55Z,24274,562.0,1000,1000,1,1192868203,1,200,0.9
2026-09-29T16:26:26Z,24305,496.1,1000,1000,1,1194306054,1,200,0.6
2026-09-29T16:26:56Z,24335,553.7,1000,1000,1,1195828832,1,200,0.9
2026-09-29T16:27:26Z,24365,578.6,1000,1000,1,1197197754,1,200,0.5
2026-09-29T16:27:57Z,24395,539.9,1000,1000,1,1198696528,1,200,1.6
2026-09-29T16:28:26Z,24425,544.1,1000,1000,1,1200075414,1,200,0.5
2026-09-29T16:28:56Z,24455,541.1,1000,1000,1,1201507273,1,200,0.8
2026-09-29T16:29:26Z,24485,524.1,1000,1000,1,1202965072,1,200,0.5
2026-09-29T16:29:56Z,24515,553.5,1000,1000,1,1204380809,1,200,56.4
2026-09-29T16:30:26Z,24545,513.0,1000,1000,1,1205763857,1,200,0.5
2026-09-29T16:30:56Z,24575,520.1,1000,1000,1,1207182726,1,200,1.2
2026-09-29T16:31:26Z,24605,559.0,1000,1000,1,1208596582,1,200,0.6
2026-09-29T16:31:57Z,24635,529.3,1000,1000,1,1210081369,1,200,0.9
2026-09-29T16:32:26Z,24665,553.8,1000,1000,1,1211470261,1,200,1.1
2026-09-29T16:32:56Z,24695,532.9,1000,1000,1,1212837150,1,200,0.8
2026-09-29T16:33:26Z,24725,560.9,1000,1000,1,1214296942,1,200,0.6
2026-09-29T16:33:56Z,24755,535.4,1000,1000,1,1215657877,1,200,129.1
2026-09-29T16:34:26Z,24785,545.5,1000,1000,1,1217046758,1,200,0.6
2026-09-29T16:34:56Z,24815,528.8,1000,1000,1,1218476618,1,200,1.2
2026-09-29T16:35:26Z,24845,531.6,1000,1000,1,1219895441,1,200,0.5
2026-09-29T16:35:57Z,24875,541.6,1000,1000,1,1221350291,1,200,0.8
2026-09-29T16:36:26Z,24905,518.3,1000,1000,1,1222792088,1,200,0.5
2026-09-29T16:36:56Z,24935,529.1,1000,1000,1,1224196929,1,200,1.1
2026-09-29T16:37:27Z,24965,520.8,1000,1000,1,1225662711,1,200,0.6
2026-09-29T16:37:56Z,24995,552.8,1000,1000,1,1227051499,1,200,53.6
2026-09-29T16:38:26Z,25025,528.9,1000,1000,1,1228557260,1,200,0.5
2026-09-29T16:38:56Z,25055,562.3,1000,1000,1,1230092928,1,200,0.8
2026-09-29T16:39:26Z,25085,547.3,1000,1000,1,1231552634,1,200,0.5
2026-09-29T16:39:57Z,25115,550.1,1000,1000,1,1233097257,1,200,0.9
2026-09-29T16:40:26Z,25145,552.3,1000,1000,1,1234549958,1,200,0.7
2026-09-29T16:40:56Z,25175,535.3,1000,1000,1,1236005671,1,200,0.9
2026-09-29T16:41:27Z,25205,572.8,1000,1000,1,1237629205,1,200,0.5
2026-09-29T16:41:56Z,25235,505.3,1000,1000,1,1239078752,1,200,17.2
2026-09-29T16:42:26Z,25265,533.7,1000,1000,1,1240514621,1,200,0.6
2026-09-29T16:42:56Z,25295,490.9,1000,1000,1,1242050252,1,200,5.3
2026-09-29T16:43:26Z,25325,546.4,1000,1000,1,1243589906,1,200,1.2
2026-09-29T16:43:56Z,25355,549.1,1000,1000,1,1245042713,1,200,1.5
2026-09-29T16:44:26Z,25385,530.9,1000,1000,1,1246488589,1,200,0.5
2026-09-29T16:44:56Z,25415,539.5,1000,1000,1,1247917408,1,200,1.4
2026-09-29T16:45:27Z,25445,562.7,1000,1000,1,1249540010,1,200,0.5
2026-09-29T16:45:57Z,25475,564.1,1000,1000,1,1252072735,1,503,271.5
2026-09-29T16:46:26Z,25505,549.6,1000,1000,1,1253462530,1,200,139.1
2026-09-29T16:46:56Z,25535,536.9,1000,1000,1,1254925308,1,200,0.5
2026-09-29T16:47:26Z,25565,532.0,1000,1000,1,1256408028,1,200,0.8
2026-09-29T16:47:56Z,25595,536.7,1000,1000,1,1257902740,1,200,150.1
2026-09-29T16:48:26Z,25625,559.7,1000,1000,1,1259400490,1,200,1.6
2026-09-29T16:48:57Z,25655,562.8,1000,1000,1,1261018130,1,200,0.9
2026-09-29T16:49:26Z,25685,516.9,1000,1000,1,1262563823,1,200,3.5
2026-09-29T16:49:56Z,25715,578.6,1000,1000,1,1264105157,1,200,0.5
2026-09-29T16:50:26Z,25745,561.6,1000,1000,1,1265688173,1,200,0.8
2026-09-29T16:50:56Z,25775,546.7,1000,1000,1,1267228857,1,200,0.5
2026-09-29T16:51:27Z,25805,556.9,1000,1000,1,1268816477,1,200,0.8
2026-09-29T16:51:56Z,25835,540.6,1000,1000,1,1270275289,1,200,0.5
2026-09-29T16:52:26Z,25865,547.3,1000,1000,1,1271762016,1,200,0.8
2026-09-29T16:52:57Z,25895,547.7,1000,1000,1,1273311672,1,200,0.5
2026-09-29T16:53:26Z,25925,555.4,1000,1000,1,1274833646,1,200,57.0
2026-09-29T16:53:56Z,25955,543.6,1000,1000,1,1276353085,1,200,0.6
2026-09-29T16:54:26Z,25985,514.4,1000,1000,1,1277894754,1,200,0.9
2026-09-29T16:54:56Z,26015,510.7,1000,1000,1,1279359492,1,200,0.6
2026-09-29T16:55:27Z,26045,535.9,1000,1000,1,1280907147,1,200,1.0
2026-09-29T16:55:56Z,26075,519.6,1000,1000,1,1282352906,1,200,17.3
2026-09-29T16:56:26Z,26105,520.3,1000,1000,1,1283844666,1,200,0.9
2026-09-29T16:56:56Z,26135,550.2,1000,1000,1,1285450255,1,200,0.6
2026-09-29T16:57:26Z,26165,520.3,1000,1000,1,1286909076,1,200,1.3
2026-09-29T16:57:57Z,26195,559.8,1000,1000,1,1288401920,1,200,0.5
2026-09-29T16:58:26Z,26225,539.2,1000,1000,1,1289880723,1,200,3.2
2026-09-29T16:58:56Z,26255,529.7,1000,1000,1,1291343566,1,200,0.5
2026-09-29T16:59:26Z,26285,544.6,1000,1000,1,1292882287,1,200,0.9
2026-09-29T16:59:56Z,26315,549.7,1000,1000,1,1294316135,1,200,5.5
2026-09-29T17:00:26Z,26345,544.2,1000,1000,1,1295736004,1,200,1.1
2026-09-29T17:00:56Z,26375,538.8,1000,1000,1,1297160909,1,200,0.6
2026-09-29T17:01:26Z,26405,570.1,1000,1000,1,1298555832,1,200,1.2
2026-09-29T17:01:57Z,26435,558.1,1000,1000,1,1300033643,1,200,0.4
2026-09-29T17:02:26Z,26465,543.6,1000,1000,1,1301462499,1,200,0.9
2026-09-29T17:02:56Z,26495,556.5,1000,1000,1,1302894365,1,200,0.5
2026-09-29T17:03:26Z,26525,527.9,1000,1000,1,1304352204,1,200,0.8
2026-09-29T17:03:56Z,26555,565.0,1000,1000,1,1305776046,1,200,0.5
2026-09-29T17:04:27Z,26585,529.1,1000,1000,1,1307249892,1,200,0.4
2026-09-29T17:04:56Z,26615,565.1,1000,1000,1,1308697753,1,200,2.2
2026-09-29T17:05:26Z,26645,552.2,1000,1000,1,1310092669,1,200,0.5
2026-09-29T17:05:57Z,26675,538.7,1000,1000,1,1311481602,1,200,0.9
2026-09-29T17:06:26Z,26705,553.4,1000,1000,1,1312902471,1,200,40.9
2026-09-29T17:06:56Z,26735,529.0,1000,1000,1,1314293389,1,200,1.7
2026-09-29T17:07:27Z,26765,524.3,1000,1000,1,1315855100,1,200,0.9
2026-09-29T17:07:56Z,26795,527.7,1000,1000,1,1317284969,1,200,77.4
2026-09-29T17:08:26Z,26825,533.2,1000,1000,1,1318697864,1,200,0.5
2026-09-29T17:08:56Z,26855,541.7,1000,1000,1,1320214625,1,200,1.2
2026-09-29T17:09:26Z,26885,552.2,1000,1000,1,1321651411,1,200,120.6
2026-09-29T17:09:56Z,26915,562.1,1000,1000,1,1323026394,1,200,0.9
2026-09-29T17:10:26Z,26945,544.6,1000,1000,1,1324463289,1,200,0.7
2026-09-29T17:10:56Z,26975,520.9,1000,1000,1,1325816243,1,200,0.8
2026-09-29T17:11:27Z,27005,516.2,1000,1000,1,1327184190,1,200,0.5
2026-09-29T17:11:56Z,27035,550.6,1000,1000,1,1328626051,1,200,1.0
2026-09-29T17:12:26Z,27065,523.3,1000,1000,1,1330127785,1,200,0.5
2026-09-29T17:12:57Z,27095,552.5,1000,1000,1,1331726420,1,200,0.9
2026-09-29T17:13:26Z,27125,543.9,1000,1000,1,1333193172,1,200,9.8
2026-09-29T17:13:56Z,27155,534.3,1000,1000,1,1334705848,1,200,5.6
2026-09-29T17:14:26Z,27185,553.6,1000,1000,1,1336283448,1,200,0.4
2026-09-29T17:14:56Z,27215,541.2,1000,1000,1,1337817060,1,200,1.1
2026-09-29T17:15:27Z,27245,538.3,1000,1000,1,1339375687,1,200,0.5
2026-09-29T17:15:56Z,27275,535.0,1000,1000,1,1340801414,1,200,3.9
2026-09-29T17:16:26Z,27305,533.0,1000,1000,1,1343321051,1,200,0.5
2026-09-29T17:16:57Z,27335,550.6,1000,1000,1,1344905684,1,200,1.2
2026-09-29T17:17:26Z,27365,534.8,1000,1000,1,1346342494,1,200,0.5
2026-09-29T17:17:56Z,27395,528.4,1000,1000,1,1347807259,1,200,0.8
2026-09-29T17:18:26Z,27425,536.8,1000,1000,1,1349285030,1,200,0.6
2026-09-29T17:18:56Z,27455,539.3,1000,1000,1,1350656398,1,200,0.9
2026-09-29T17:19:26Z,27485,528.3,1000,1000,1,1352098700,1,200,0.9
2026-09-29T17:19:56Z,27515,567.8,1000,1000,1,1353574440,1,200,0.7
2026-09-29T17:20:26Z,27545,523.1,1000,1000,1,1354954369,1,200,0.5
2026-09-29T17:20:57Z,27575,555.5,1000,1000,1,1356404168,1,200,1.0
2026-09-29T17:21:26Z,27605,523.1,1000,1000,1,1357858945,1,200,0.5
2026-09-29T17:21:56Z,27635,532.5,1000,1000,1,1359283768,1,200,1.1
2026-09-29T17:22:27Z,27665,551.0,1000,1000,1,1360777328,1,200,0.8
2026-09-29T17:22:56Z,27695,534.1,1000,1000,1,1362229347,1,200,57.5
2026-09-29T17:23:26Z,27725,509.3,1000,1000,1,1363603225,1,200,0.8
2026-09-29T17:23:56Z,27755,532.0,1000,1000,1,1365038060,1,200,0.8
2026-09-29T17:24:26Z,27785,543.1,1000,1000,1,1366449454,1,200,0.5
2026-09-29T17:24:56Z,27815,562.1,1000,1000,1,1367901639,1,200,1.3
2026-09-29T17:25:26Z,27845,531.5,1000,1000,1,1369320517,1,200,1.2
2026-09-29T17:25:56Z,27875,533.3,1000,1000,1,1370773291,1,200,0.7
2026-09-29T17:26:27Z,27905,519.0,1000,1000,1,1372213953,1,200,1.5
2026-09-29T17:26:56Z,27935,527.6,1000,1000,1,1373640928,1,200,0.6
2026-09-29T17:27:26Z,27965,547.2,1000,1000,1,1375044777,1,200,0.8
2026-09-29T17:27:56Z,27995,532.8,1000,1000,1,1376631410,1,200,0.4
2026-09-29T17:28:26Z,28025,520.9,1000,1000,1,1378084853,1,200,117.6
2026-09-29T17:28:56Z,28055,557.9,1000,1000,1,1379521989,1,200,0.5
2026-09-29T17:29:26Z,28085,540.8,1000,1000,1,1380932833,1,200,0.9
2026-09-29T17:29:56Z,28115,568.6,1000,1000,1,1382369663,1,200,11.4
2026-09-29T17:30:26Z,28145,539.3,1000,1000,1,1383815467,1,200,1.1
2026-09-29T17:30:56Z,28175,554.8,1000,1000,1,1385209319,1,200,0.5
2026-09-29T17:31:26Z,28205,571.0,1000,1000,1,1386576193,1,200,1.0
2026-09-29T17:31:57Z,28235,555.6,1000,1000,1,1388087916,1,200,0.7
2026-09-29T17:32:26Z,28265,534.9,1000,1000,1,1389604631,1,200,0.8
2026-09-29T17:32:56Z,28295,538.9,1000,1000,1,1390959516,1,200,0.4
2026-09-29T17:33:26Z,28325,530.0,1000,1000,1,1392340371,1,200,0.8
2026-09-29T17:33:56Z,28355,541.8,1000,1000,1,1393750181,1,200,113.1
2026-09-29T17:34:26Z,28385,532.6,1000,1000,1,1395343806,1,200,1.1
2026-09-29T17:34:56Z,28415,547.3,1000,1000,1,1396878516,1,200,0.4
2026-09-29T17:35:26Z,28445,548.4,1000,1000,1,1398295347,1,200,96.2
2026-09-29T17:35:56Z,28475,506.9,1000,1000,1,1399682202,1,200,0.5
2026-09-29T17:36:26Z,28505,510.0,1000,1000,1,1401061057,1,200,0.9
2026-09-29T17:36:56Z,28535,547.2,1000,1000,1,1402494826,1,200,83.3
2026-09-29T17:37:26Z,28565,540.4,1000,1000,1,1403853750,1,200,1.0
2026-09-29T17:37:56Z,28595,527.3,1000,1000,1,1405337503,1,200,0.4
2026-09-29T17:38:26Z,28625,549.6,1000,1000,1,1406769726,1,200,0.9
2026-09-29T17:38:56Z,28655,536.9,1000,1000,1,1408260061,1,200,0.9
2026-09-29T17:39:26Z,28685,519.3,1000,1000,1,1409821748,1,200,0.8
2026-09-29T17:39:56Z,28715,528.8,1000,1000,1,1411259565,1,200,0.4
2026-09-29T17:40:27Z,28745,529.2,1000,1000,1,1412709378,1,200,0.9
2026-09-29T17:40:56Z,28775,567.6,1000,1000,1,1414090245,1,200,1.5
2026-09-29T17:41:26Z,28805,543.8,1000,1000,1,1415505078,1,200,2.2
2026-09-29T17:41:57Z,28835,516.9,1000,1000,1,1416978867,1,200,0.5
2026-09-29T17:42:26Z,28865,557.9,1000,1000,1,1418419871,1,200,0.9
2026-09-29T17:42:56Z,28895,537.4,1000,1000,1,1419857481,1,200,0.6
2026-09-29T17:43:26Z,28925,531.6,1000,1000,1,1421272327,1,200,1.3
2026-09-29T17:43:56Z,28955,540.9,1000,1000,1,1422735085,1,200,0.5
2026-09-29T17:44:27Z,28985,522.3,1000,1000,1,1424150918,1,200,0.8
2026-09-29T17:44:56Z,29015,537.1,1000,1000,1,1425617695,1,200,0.6
2026-09-29T17:45:26Z,29045,550.1,1000,1000,1,1427017552,1,200,1.0
2026-09-29T17:45:56Z,29075,533.0,1000,1000,1,1428420396,1,200,0.5
2026-09-29T17:46:26Z,29105,530.0,999,999,2,1429868346,2,200,28.0
2026-09-29T17:46:56Z,29135,529.8,999,999,2,1431240858,2,200,0.7
2026-09-29T17:47:27Z,29165,534.5,999,999,2,1432694211,2,200,0.4
2026-09-29T17:47:56Z,29195,546.5,999,999,2,1434096570,2,200,3.6
2026-09-29T17:48:26Z,29225,526.2,1000,1000,2,1436631697,2,200,0.5
2026-09-29T17:48:56Z,29255,554.6,1000,1000,2,1438104448,2,200,5.0
2026-09-29T17:49:27Z,29285,525.0,1000,1000,2,1439716064,2,200,0.5
2026-09-29T17:49:56Z,29315,514.4,1000,1000,2,1441315677,2,200,0.9
2026-09-29T17:50:26Z,29345,553.6,1000,1000,2,1442866345,2,200,0.5
2026-09-29T17:50:56Z,29375,561.6,1000,1000,2,1444566818,2,200,0.9
2026-09-29T17:51:26Z,29405,549.8,1000,1000,2,1446115491,2,200,59.4
2026-09-29T17:51:56Z,29435,519.7,1000,1000,2,1447567306,2,200,0.9
2026-09-29T17:52:27Z,29465,566.3,1000,1000,2,1449115984,2,200,0.5
2026-09-29T17:52:56Z,29495,537.9,1000,1000,2,1450591757,2,200,1.4
2026-09-29T17:53:26Z,29525,541.8,1000,1000,2,1452006571,2,200,0.6
2026-09-29T17:53:56Z,29555,582.1,1000,1000,2,1453406413,2,200,0.8
2026-09-29T17:54:26Z,29585,512.1,1000,1000,2,1454806273,2,200,0.5
2026-09-29T17:54:57Z,29615,538.6,1000,1000,2,1456189130,2,200,0.9
2026-09-29T17:55:26Z,29645,549.3,1000,1000,2,1457567010,2,200,0.7
2026-09-29T17:55:56Z,29675,545.7,1000,1000,2,1459103697,2,200,1.0
2026-09-29T17:56:26Z,29705,539.3,1000,1000,2,1460575498,2,200,0.5
2026-09-29T17:56:56Z,29735,545.5,1000,1000,2,1461959363,2,200,47.3
2026-09-29T17:57:26Z,29765,547.5,1000,1000,2,1463356206,2,200,0.5
2026-09-29T17:57:56Z,29795,550.4,1000,1000,2,1464794008,2,200,1.0
2026-09-29T17:58:26Z,29825,520.5,1000,1000,2,1466271010,2,200,0.5
2026-09-29T17:58:57Z,29855,569.7,1000,1000,2,1467722564,2,200,0.9
2026-09-29T17:59:26Z,29885,539.1,1000,1000,2,1469100436,2,200,0.5
2026-09-29T17:59:56Z,29915,531.8,1000,1000,2,1470548176,2,200,1.0
2026-09-29T18:00:26Z,29945,538.5,1000,1000,2,1471982024,2,200,0.5
2026-09-29T18:00:56Z,29975,531.4,1000,1000,2,1473542699,2,200,0.8
2026-09-29T18:01:26Z,30005,563.9,1000,1000,2,1475070352,2,200,0.5
2026-09-29T18:01:56Z,30035,543.0,1000,1000,2,1476516173,2,200,0.7
2026-09-29T18:02:26Z,30065,527.1,1000,1000,2,1477917033,2,200,0.5
2026-09-29T18:02:57Z,30095,524.8,1000,1000,2,1479374824,2,200,1.2
2026-09-29T18:03:26Z,30125,537.7,1000,1000,2,1480734659,2,200,15.6
2026-09-29T18:03:56Z,30155,548.3,1000,1000,2,1482127561,2,200,0.8
2026-09-29T18:04:26Z,30185,547.4,1000,1000,2,1483570341,2,200,0.5
2026-09-29T18:04:56Z,30215,567.1,1000,1000,2,1484933260,2,200,1.1
2026-09-29T18:05:27Z,30245,530.7,1000,1000,2,1486394054,2,200,0.8
2026-09-29T18:05:56Z,30275,587.5,1000,1000,2,1487833853,2,200,0.9
2026-09-29T18:06:26Z,30305,553.9,1000,1000,2,1489248680,2,200,0.5
2026-09-29T18:06:57Z,30335,570.0,1000,1000,2,1490618549,2,200,1.0
2026-09-29T18:07:26Z,30365,553.5,1000,1000,2,1492016179,2,200,13.1
2026-09-29T18:07:56Z,30395,559.3,1000,1000,2,1493429240,2,200,0.4
2026-09-29T18:08:26Z,30425,575.5,1000,1000,2,1494906022,2,200,0.8
2026-09-29T18:08:56Z,30455,544.6,1000,1000,2,1496299246,2,200,120.8
2026-09-29T18:09:26Z,30485,549.1,1000,1000,2,1497691733,2,200,0.8
2026-09-29T18:09:56Z,30515,555.2,1000,1000,2,1499135553,2,200,0.5
2026-09-29T18:10:26Z,30545,547.1,1000,1000,2,1500506423,2,200,0.8
2026-09-29T18:10:57Z,30575,542.4,1000,1000,2,1501913240,2,200,0.6
2026-09-29T18:11:26Z,30605,568.6,1000,1000,2,1503295120,2,200,75.9
2026-09-29T18:11:56Z,30635,554.1,1000,1000,2,1504719398,2,200,0.5
2026-09-29T18:12:27Z,30665,566.6,1000,1000,2,1506261696,2,200,0.9
2026-09-29T18:12:56Z,30695,513.6,1000,1000,2,1507674517,2,200,0.5
2026-09-29T18:13:26Z,30725,558.0,1000,1000,2,1509150265,2,200,0.8
2026-09-29T18:13:57Z,30755,573.7,1000,1000,2,1510533126,2,200,0.5
2026-09-29T18:14:26Z,30785,531.8,1000,1000,2,1511930658,2,200,77.7
2026-09-29T18:14:56Z,30815,533.9,1000,1000,2,1513302867,2,200,0.5
2026-09-29T18:15:26Z,30845,540.4,1000,1000,2,1514712711,2,200,0.9
2026-09-29T18:15:56Z,30875,553.3,1000,1000,2,1516157516,2,200,98.8
2026-09-29T18:16:26Z,30905,531.5,1000,1000,2,1517587333,2,200,1.1
2026-09-29T18:16:57Z,30935,528.4,1000,1000,2,1519006169,2,200,0.5
2026-09-29T18:17:26Z,30965,549.7,1000,1000,2,1520389028,2,200,10.3
2026-09-29T18:17:56Z,30995,559.9,1000,1000,2,1521727939,2,200,0.6
2026-09-29T18:18:26Z,31025,566.0,1000,1000,2,1524183687,2,200,0.8
2026-09-29T18:18:56Z,31055,553.8,1000,1000,2,1525594359,2,200,126.7
2026-09-29T18:19:26Z,31085,522.4,1000,1000,2,1526960393,2,200,0.9
2026-09-29T18:19:56Z,31115,544.4,1000,1000,2,1528403187,2,200,0.5
2026-09-29T18:20:26Z,31145,546.9,1000,1000,2,1529801984,2,200,119.4
2026-09-29T18:20:56Z,31175,558.1,1000,1000,2,1531156889,2,200,0.6
2026-09-29T18:21:26Z,31205,549.3,1000,1000,2,1532593698,2,200,0.9
2026-09-29T18:21:56Z,31235,531.4,1000,1000,2,1534117380,2,200,115.9
2026-09-29T18:22:26Z,31265,538.3,1000,1000,2,1535621079,2,200,1.1
2026-09-29T18:22:56Z,31295,541.7,1000,1000,2,1537280610,2,200,0.5
2026-09-29T18:23:26Z,31325,539.0,1000,1000,2,1538846207,2,200,1.0
2026-09-29T18:23:56Z,31355,537.8,1000,1000,2,1540377890,2,200,0.5
2026-09-29T18:24:26Z,31385,539.4,1000,1000,2,1541902577,2,200,0.9
2026-09-29T18:24:56Z,31415,538.6,1000,1000,2,1543397317,2,200,1.6
2026-09-29T18:25:27Z,31445,532.8,1000,1000,2,1544981930,2,200,0.8
2026-09-29T18:25:56Z,31475,561.3,1000,1000,2,1546600987,2,200,2.2
2026-09-29T18:26:26Z,31505,538.9,1000,1000,2,1548279954,2,200,1.1
2026-09-29T18:26:56Z,31535,559.6,1000,1000,2,1549876602,2,200,0.6
2026-09-29T18:27:26Z,31565,522.0,1000,1000,2,1551428503,2,200,1.2
2026-09-29T18:27:56Z,31595,524.0,1000,1000,2,1552961009,2,200,0.8
2026-09-29T18:28:26Z,31625,522.8,1000,1000,2,1554514739,2,200,4.4
2026-09-29T18:28:56Z,31655,559.6,1000,1000,2,1556035380,2,200,0.7
2026-09-29T18:29:27Z,31685,544.2,1000,1000,2,1557592205,2,200,1.5
2026-09-29T18:29:56Z,31715,536.5,1000,1000,2,1559159869,2,200,0.8
2026-09-29T18:30:26Z,31745,549.4,1000,1000,2,1560670646,2,200,2.9
2026-09-29T18:30:56Z,31775,550.6,1000,1000,2,1562208363,2,200,2.0
2026-09-29T18:31:26Z,31805,530.8,1000,1000,2,1563736071,2,200,0.4
2026-09-29T18:31:57Z,31835,539.4,1000,1000,2,1565315766,2,200,0.9
2026-09-29T18:32:26Z,31865,547.4,1000,1000,2,1566732646,2,200,0.6
2026-09-29T18:32:56Z,31895,558.1,1000,1000,2,1568272335,2,200,1.2
2026-09-29T18:33:26Z,31925,549.6,1000,1000,2,1569931885,2,200,0.6
2026-09-29T18:33:56Z,31955,529.1,1000,1000,2,1571561960,2,200,0.9
2026-09-29T18:34:27Z,31985,563.2,1000,1000,2,1573214115,2,200,0.5
2026-09-29T18:34:56Z,32015,558.3,1000,1000,2,1574716669,2,200,0.9
2026-09-29T18:35:26Z,32045,517.5,1000,1000,2,1576218469,2,200,0.6
2026-09-29T18:35:57Z,32075,551.2,1000,1000,2,1577787173,2,200,0.9
2026-09-29T18:36:26Z,32105,538.4,1000,1000,2,1579305933,2,200,21.5
2026-09-29T18:36:56Z,32135,527.3,1000,1000,2,1580923470,2,200,0.9
2026-09-29T18:37:26Z,32165,574.1,1000,1000,2,1582532084,2,200,0.5
2026-09-29T18:37:56Z,32195,540.1,1000,1000,2,1584162622,2,200,0.8
2026-09-29T18:38:26Z,32225,518.1,1000,1000,2,1585661382,2,200,0.5
2026-09-29T18:38:56Z,32255,547.9,1000,1000,2,1587189147,2,200,0.8
2026-09-29T18:39:26Z,32285,582.7,1000,1000,2,1588712880,2,200,0.5
2026-09-29T18:39:57Z,32315,536.8,1000,1000,2,1590150775,2,200,0.8
2026-09-29T18:40:26Z,32345,561.6,1000,1000,2,1591557679,2,200,0.6
2026-09-29T18:40:56Z,32375,537.6,1000,1000,2,1593008519,2,200,0.8
2026-09-29T18:41:26Z,32405,577.0,1000,1000,2,1594455387,2,200,1.0
2026-09-29T18:41:56Z,32435,550.2,1000,1000,2,1595891215,2,200,4.3
2026-09-29T18:42:26Z,32465,540.5,1000,1000,2,1597324042,2,200,0.5
2026-09-29T18:42:56Z,32495,566.9,1000,1000,2,1598894668,2,200,0.9
2026-09-29T18:43:26Z,32525,539.1,1000,1000,2,1600492224,2,200,0.6
2026-09-29T18:43:57Z,32555,548.1,1000,1000,2,1602108764,2,200,0.8
2026-09-29T18:44:26Z,32585,574.6,1000,1000,2,1603659366,2,200,0.4
2026-09-29T18:44:56Z,32615,520.7,1000,1000,2,1605216992,2,200,1.7
2026-09-29T18:45:26Z,32645,523.4,1000,1000,2,1606716726,2,200,0.5
2026-09-29T18:45:56Z,32675,571.8,1000,1000,2,1608112988,2,200,96.4
2026-09-29T18:46:26Z,32705,513.5,1000,1000,2,1609558319,2,200,0.5
2026-09-29T18:46:56Z,32735,557.3,1000,1000,2,1611011038,2,200,0.9
2026-09-29T18:47:26Z,32765,541.6,1000,1000,2,1612469409,2,200,0.6
2026-09-29T18:47:57Z,32795,514.5,1000,1000,2,1613980461,2,200,0.8
2026-09-29T18:48:26Z,32825,586.7,1000,1000,2,1615373306,2,200,0.9
2026-09-29T18:48:56Z,32855,517.2,1000,1000,2,1617951219,2,200,0.9
2026-09-29T18:49:27Z,32885,539.0,1000,1000,2,1619501540,2,200,0.6
2026-09-29T18:49:56Z,32915,572.9,1000,1000,2,1621015608,2,200,28.2
2026-09-29T18:50:26Z,32945,554.4,1000,1000,2,1622501098,2,200,0.6
2026-09-29T18:50:56Z,32975,508.8,1000,1000,2,1624080763,2,200,0.4
2026-09-29T18:51:26Z,33005,556.1,1000,1000,2,1625605461,2,200,0.8
2026-09-29T18:51:57Z,33035,546.4,1000,1000,2,1627275560,2,200,0.6
2026-09-29T18:52:26Z,33065,558.8,1000,1000,2,1628814641,2,200,0.8
2026-09-29T18:52:56Z,33095,539.3,1000,1000,2,1630297406,2,200,0.6
2026-09-29T18:53:27Z,33125,549.7,1000,1000,2,1631821177,2,200,0.8
2026-09-29T18:53:56Z,33155,568.2,1000,1000,2,1633283488,2,200,59.4
2026-09-29T18:54:26Z,33185,557.3,1000,1000,2,1634775744,2,200,1.0
2026-09-29T18:54:56Z,33215,537.5,1000,1000,2,1636371396,2,200,0.5
2026-09-29T18:55:26Z,33245,555.7,1000,1000,2,1637898069,2,200,4.4
2026-09-29T18:55:56Z,33275,572.4,1000,1000,2,1639463706,2,200,0.5
2026-09-29T18:56:26Z,33305,523.4,1000,1000,2,1640968449,2,200,1.1
2026-09-29T18:56:56Z,33335,544.5,1000,1000,2,1642498175,2,200,0.7
2026-09-29T18:57:27Z,33365,552.5,1000,1000,2,1644161727,2,200,0.8
2026-09-29T18:57:56Z,33395,523.5,1000,1000,2,1645712446,2,200,0.5
2026-09-29T18:58:26Z,33425,551.5,1000,1000,2,1647281093,2,200,1.0
2026-09-29T18:58:56Z,33455,577.2,1000,1000,2,1648905710,2,200,0.4
2026-09-29T18:59:26Z,33485,531.0,1000,1000,2,1650444425,2,200,70.4
2026-09-29T18:59:56Z,33515,533.8,1000,1000,2,1651904236,2,200,0.5
2026-09-29T19:00:26Z,33545,536.3,1000,1000,2,1653522817,2,200,0.9
2026-09-29T19:00:56Z,33575,552.3,1000,1000,2,1655091693,2,200,0.5
2026-09-29T19:01:26Z,33605,524.2,1000,1000,2,1656637130,2,200,0.9
2026-09-29T19:01:56Z,33635,523.7,1000,1000,2,1658132903,2,200,0.4
2026-09-29T19:02:26Z,33665,566.2,1000,1000,2,1659656601,2,200,20.7
2026-09-29T19:02:56Z,33695,576.8,1000,1000,2,1661231208,2,200,0.5
2026-09-29T19:03:26Z,33725,529.0,1000,1000,2,1662874790,2,200,0.8
2026-09-29T19:03:56Z,33755,511.9,1000,1000,2,1664436460,2,200,0.5
2026-09-29T19:04:27Z,33785,518.2,1000,1000,2,1666070050,2,200,0.8
2026-09-29T19:04:56Z,33815,542.2,1000,1000,2,1667630703,2,200,0.6
2026-09-29T19:05:26Z,33845,538.1,1000,1000,2,1669218285,2,200,1.0
2026-09-29T19:05:56Z,33875,531.6,1000,1000,2,1670839883,2,200,0.5
2026-09-29T19:06:26Z,33905,544.4,1000,1000,2,1672410539,2,200,88.8
2026-09-29T19:06:56Z,33935,567.7,1000,1000,2,1673972185,2,200,0.6
2026-09-29T19:07:27Z,33965,535.0,1000,1000,2,1675498896,2,200,1.0
2026-09-29T19:07:56Z,33995,549.1,1000,1000,2,1676951247,2,200,24.5
2026-09-29T19:08:26Z,34025,558.4,1000,1000,2,1678461422,2,200,1.2
2026-09-29T19:08:56Z,34055,550.5,1000,1000,2,1679928196,2,200,0.7
2026-09-29T19:09:26Z,34085,527.2,1000,1000,2,1681414492,2,200,137.0
2026-09-29T19:09:56Z,34115,572.2,1000,1000,2,1682918638,2,200,0.4
2026-09-29T19:10:26Z,34145,540.9,1000,1000,2,1684426339,2,200,0.8
2026-09-29T19:10:56Z,34175,562.4,1000,1000,2,1685943054,2,200,0.5
2026-09-29T19:11:27Z,34205,573.5,1000,1000,2,1687415834,2,200,0.8
2026-09-29T19:11:56Z,34235,530.3,1000,1000,2,1688883976,2,200,4.0
2026-09-29T19:12:26Z,34265,543.3,1000,1000,2,1690261468,2,200,1.7
2026-09-29T19:12:57Z,34295,508.8,1000,1000,2,1691660315,2,200,1.0
2026-09-29T19:13:26Z,34325,533.5,1000,1000,2,1693033183,2,200,4.4
2026-09-29T19:13:56Z,34355,535.9,1000,1000,2,1694387973,2,200,1.5
2026-09-29T19:14:26Z,34385,522.0,1000,1000,2,1695867851,2,200,1.6
2026-09-29T19:14:56Z,34415,566.1,1000,1000,2,1697258714,2,200,0.8
2026-09-29T19:15:27Z,34445,535.8,1000,1000,2,1698747481,2,200,0.5
2026-09-29T19:15:56Z,34475,586.0,1000,1000,2,1700147321,2,200,0.9
2026-09-29T19:16:26Z,34505,547.6,1000,1000,2,1701472225,2,200,0.6
2026-09-29T19:16:56Z,34535,536.6,1000,1000,2,1702866065,2,200,0.8
2026-09-29T19:17:26Z,34565,525.4,1000,1000,2,1704262906,2,200,0.6
2026-09-29T19:17:57Z,34595,552.0,1000,1000,2,1705659753,2,200,0.7
2026-09-29T19:18:26Z,34625,521.7,1000,1000,2,1707022569,2,200,0.7
2026-09-29T19:18:56Z,34655,548.0,1000,1000,2,1709360454,2,200,0.9
2026-09-29T19:19:27Z,34685,534.1,1000,1000,2,1710792293,2,200,0.6
2026-09-29T19:19:56Z,34715,583.2,1000,1000,2,1712223107,2,200,0.7
2026-09-29T19:20:26Z,34745,555.6,1000,1000,2,1713655859,2,200,0.5
2026-09-29T19:20:56Z,34775,534.9,1000,1000,2,1715060647,2,200,0.7
2026-09-29T19:21:26Z,34805,545.1,1000,1000,2,1716420537,2,200,0.8
2026-09-29T19:21:57Z,34835,531.7,1000,1000,2,1717977260,2,200,0.8
2026-09-29T19:22:26Z,34865,526.9,1000,1000,2,1719557205,2,200,24.0
2026-09-29T19:22:56Z,34895,535.1,1000,1000,2,1721147381,2,200,0.9
2026-09-29T19:23:26Z,34925,539.4,1000,1000,2,1722770978,2,200,0.6
2026-09-29T19:23:56Z,34955,579.1,1000,1000,2,1724254700,2,200,0.9
2026-09-29T19:24:26Z,34985,557.8,1000,1000,2,1725720443,2,200,0.6
2026-09-29T19:24:56Z,35015,562.9,1000,1000,2,1727295130,2,200,1.2
2026-09-29T19:25:26Z,35045,559.4,1000,1000,2,1728950610,2,200,3.1
2026-09-29T19:25:57Z,35075,544.4,1000,1000,2,1730630128,2,200,0.8
2026-09-29T19:26:26Z,35105,546.4,1000,1000,2,1732140774,2,200,0.5
2026-09-29T19:26:56Z,35135,533.2,1000,1000,2,1733613445,2,200,0.8
2026-09-29T19:27:26Z,35165,557.3,1000,1000,2,1735015258,2,200,0.5
2026-09-29T19:27:56Z,35195,557.5,1000,1000,2,1736431274,2,200,115.2
2026-09-29T19:28:26Z,35225,558.2,1000,1000,2,1737835874,2,200,0.6
2026-09-29T19:28:56Z,35255,471.6,1000,1000,2,1739340549,2,200,1.1
2026-09-29T19:29:26Z,35285,541.9,1000,1000,2,1740770265,2,200,96.5
2026-09-29T19:29:56Z,35315,547.4,1000,1000,2,1742231118,2,200,1.1
2026-09-29T19:30:26Z,35345,525.7,1000,1000,2,1743631019,2,200,0.9
2026-09-29T19:30:56Z,35375,510.0,1000,1000,2,1745108769,2,200,1.0
2026-09-29T19:31:27Z,35405,561.7,1000,1000,2,1746679408,2,200,0.6
2026-09-29T19:31:56Z,35435,543.0,1000,1000,2,1748239005,2,200,1.0
2026-09-29T19:32:26Z,35465,579.0,1000,1000,2,1749698744,2,200,0.6
2026-09-29T19:32:57Z,35495,545.4,1000,1000,2,1751273437,2,200,0.9
2026-09-29T19:33:26Z,35525,546.3,1000,1000,2,1752744519,2,200,53.7
2026-09-29T19:33:56Z,35555,525.7,1000,1000,2,1754222998,2,200,0.4
2026-09-29T19:34:26Z,35585,529.9,1000,1000,2,1755720797,2,200,1.5
2026-09-29T19:34:56Z,35615,547.9,1000,1000,2,1757115682,2,200,0.7
2026-09-29T19:35:27Z,35645,563.5,1000,1000,2,1758587491,2,200,0.8
2026-09-29T19:35:56Z,35675,512.1,1000,1000,2,1759952749,2,200,2.7
2026-09-29T19:36:26Z,35705,530.9,1000,1000,2,1761361233,2,200,1.0
2026-09-29T19:36:56Z,35735,533.1,1000,1000,2,1762858937,2,200,0.7
2026-09-29T19:37:26Z,35765,578.8,1000,1000,2,1764345683,2,200,0.8
2026-09-29T19:37:57Z,35795,518.0,1000,1000,2,1765896424,2,200,0.5
2026-09-29T19:38:26Z,35825,517.4,1000,1000,2,1767450115,2,200,0.8
2026-09-29T19:38:56Z,35855,545.4,1000,1000,2,1769047726,2,200,0.4
2026-09-29T19:39:26Z,35885,534.2,1000,1000,2,1770581454,2,200,1.0
2026-09-29T19:39:56Z,35915,560.4,1000,1000,2,1772148122,2,200,0.5
2026-09-29T19:40:26Z,35945,551.4,1000,1000,2,1773714725,2,200,0.7
2026-09-29T19:40:56Z,35975,571.3,1000,1000,2,1775294422,2,200,0.5
2026-09-29T19:41:26Z,36005,534.1,1000,1000,2,1776923382,2,200,0.9
2026-09-29T19:41:57Z,36035,537.5,1000,1000,2,1778632449,2,200,0.6
2026-09-29T19:42:26Z,36065,540.4,1000,1000,2,1780143165,2,200,1.0
2026-09-29T19:42:56Z,36095,500.2,1000,1000,2,1781649433,2,200,0.7
2026-09-29T19:43:26Z,36125,556.0,1000,1000,2,1783267474,2,200,1.0
2026-09-29T19:43:56Z,36155,567.3,1000,1000,2,1784842117,2,200,0.6
2026-09-29T19:44:26Z,36185,534.1,1000,1000,2,1786351848,2,200,1.1
2026-09-29T19:44:56Z,36215,563.8,1000,1000,2,1787954556,2,200,0.5
2026-09-29T19:45:26Z,36245,546.6,1000,1000,2,1789591084,2,200,0.7
2026-09-29T19:45:57Z,36275,529.3,1000,1000,2,1791217694,2,200,0.4
2026-09-29T19:46:26Z,36305,514.4,1000,1000,2,1792637416,2,200,0.9
2026-09-29T19:46:56Z,36335,551.4,1000,1000,2,1794053342,2,200,0.5
2026-09-29T19:47:27Z,36365,523.1,1000,1000,2,1795538126,2,200,0.9
2026-09-29T19:47:56Z,36395,537.7,1000,1000,2,1796909355,2,200,57.8
2026-09-29T19:48:26Z,36425,510.4,1000,1000,2,1798329840,2,200,1.2
2026-09-29T19:48:56Z,36455,543.4,1000,1000,2,1800757599,2,200,0.6
2026-09-29T19:49:26Z,36485,535.2,1000,1000,2,1802017802,2,200,105.8
2026-09-29T19:49:56Z,36515,545.7,1000,1000,2,1803275525,2,200,0.5
2026-09-29T19:50:26Z,36545,541.9,1000,1000,2,1804608432,2,200,0.7
2026-09-29T19:50:56Z,36575,562.2,1000,1000,2,1805849409,2,200,0.6
2026-09-29T19:51:27Z,36605,560.1,1000,1000,2,1807135343,2,200,1.2
2026-09-29T19:51:56Z,36635,532.5,1000,1000,2,1808386309,2,200,0.4
2026-09-29T19:52:26Z,36665,542.9,1000,1000,2,1809649316,2,200,1.3
2026-09-29T19:52:56Z,36695,513.9,1000,1000,2,1810955192,2,200,0.6
2026-09-29T19:53:26Z,36725,552.3,1000,1000,2,1812229136,2,200,101.4
2026-09-29T19:53:56Z,36755,537.1,1000,1000,2,1813452138,2,200,0.6
2026-09-29T19:54:26Z,36785,530.1,1000,1000,2,1814785048,2,200,0.8
2026-09-29T19:54:56Z,36815,589.2,1000,1000,2,1816080980,2,200,0.5
2026-09-29T19:55:27Z,36845,562.5,1000,1000,2,1817347945,2,200,0.6
2026-09-29T19:55:56Z,36875,536.8,1000,1000,2,1818589926,2,200,0.8
2026-09-29T19:56:26Z,36905,556.5,1000,1000,2,1819845905,2,200,0.5
2026-09-29T19:56:56Z,36935,539.4,1000,1000,2,1821141866,2,200,1.0
2026-09-29T19:57:26Z,36965,571.8,1000,1000,2,1822482101,2,200,0.4
2026-09-29T19:57:56Z,36995,534.8,1000,1000,2,1823770735,2,200,0.9
2026-09-29T19:58:26Z,37025,591.4,1000,1000,2,1825069677,2,200,0.5
2026-09-29T19:58:56Z,37055,520.9,1000,1000,2,1826316661,2,200,0.9
2026-09-29T19:59:27Z,37085,524.3,1000,1000,2,1827627613,2,200,0.5
2026-09-29T19:59:56Z,37115,576.9,1000,1000,2,1828896259,2,200,51.8
2026-09-29T20:00:26Z,37145,513.0,1000,1000,2,1830219500,2,200,0.7
2026-09-29T20:00:56Z,37175,559.0,1000,1000,2,1831504430,2,200,0.8
2026-09-29T20:01:26Z,37205,548.0,1000,1000,2,1832773392,2,200,0.6
2026-09-29T20:01:57Z,37235,541.1,1000,1000,2,1834073311,2,200,1.6
2026-09-29T20:02:26Z,37265,558.7,1000,1000,2,1835336260,2,200,0.5
2026-09-29T20:02:56Z,37295,533.7,1000,1000,2,1836593246,2,200,0.8
2026-09-29T20:03:26Z,37325,533.5,1000,1000,2,1837914164,2,200,1.0
2026-09-29T20:03:56Z,37355,516.8,1000,1000,2,1839225060,2,200,0.9
2026-09-29T20:04:27Z,37385,551.0,1000,1000,2,1840535985,2,200,0.6
2026-09-29T20:04:56Z,37415,522.7,1000,1000,2,1841778962,2,200,3.3
2026-09-29T20:05:26Z,37445,537.2,1000,1000,2,1843081901,2,200,0.5
2026-09-29T20:05:56Z,37475,554.8,1000,1000,2,1844367847,2,200,0.8
2026-09-29T20:06:26Z,37505,544.5,1000,1000,2,1845598804,2,200,0.5
2026-09-29T20:06:57Z,37535,541.5,1000,1000,2,1846922707,2,200,1.0
2026-09-29T20:07:26Z,37565,556.7,1000,1000,2,1848193672,2,200,1.5
2026-09-29T20:07:56Z,37595,521.7,1000,1000,2,1849488552,2,200,0.9
2026-09-29T20:08:26Z,37625,531.6,1000,1000,2,1850807505,2,200,0.5
2026-09-29T20:08:56Z,37655,548.2,1000,1000,2,1852028501,2,200,1.5
2026-09-29T20:09:27Z,37685,549.4,1000,1000,2,1853319446,2,200,1.7
2026-09-29T20:09:56Z,37715,545.3,1000,1000,2,1854621430,2,200,1.3
2026-09-29T20:10:26Z,37745,532.1,1000,1000,2,1855881397,2,200,0.6
2026-09-29T20:10:56Z,37775,545.2,1000,1000,2,1857200312,2,200,0.8
2026-09-29T20:11:26Z,37805,547.7,1000,1000,2,1858476247,2,200,0.7
2026-09-29T20:11:57Z,37835,528.4,1000,1000,2,1859789889,2,200,1.4
2026-09-29T20:12:26Z,37865,555.8,1000,1000,2,1861098119,2,200,0.5
2026-09-29T20:12:56Z,37895,536.2,1000,1000,2,1862373051,2,200,1.1
2026-09-29T20:13:26Z,37925,563.7,1000,1000,2,1863702991,2,200,0.4
2026-09-29T20:13:56Z,37955,564.8,1000,1000,2,1864966690,2,200,4.7
2026-09-29T20:14:26Z,37985,557.8,1000,1000,2,1866248909,2,200,0.5
2026-09-29T20:14:56Z,38015,525.1,1000,1000,2,1867563995,2,200,0.8
2026-09-29T20:15:26Z,38045,527.9,1000,1000,2,1868794820,2,200,0.4
2026-09-29T20:15:56Z,38075,570.8,1000,1000,2,1870106784,2,200,0.9
2026-09-29T20:16:26Z,38105,548.1,1000,1000,2,1871368756,2,200,0.6
2026-09-29T20:16:57Z,38135,532.9,1000,1000,2,1872647723,2,200,0.6
2026-09-29T20:17:26Z,38165,561.4,1000,1000,2,1873901670,2,200,0.8
2026-09-29T20:17:56Z,38195,544.1,1000,1000,2,1875215611,2,200,0.5
2026-09-29T20:18:26Z,38225,536.9,1000,1000,2,1876576469,2,200,0.8
2026-09-29T20:18:56Z,38255,564.3,1000,1000,2,1878872408,2,200,64.3
2026-09-29T20:19:26Z,38285,547.2,1000,1000,2,1880338160,2,200,1.0
2026-09-29T20:19:56Z,38315,525.9,1000,1000,2,1881879838,2,200,0.5
2026-09-29T20:20:26Z,38345,557.2,1000,1000,2,1883491394,2,200,1.8
2026-09-29T20:20:56Z,38375,565.3,1000,1000,2,1885101007,2,200,0.7
2026-09-29T20:21:26Z,38405,543.2,1000,1000,2,1886736595,2,200,1.3
2026-09-29T20:21:56Z,38435,538.8,1000,1000,2,1888288249,2,200,65.3
2026-09-29T20:22:26Z,38465,525.1,1000,1000,2,1889697086,2,200,0.9
2026-09-29T20:22:56Z,38495,533.8,1000,1000,2,1891089958,2,200,0.7
2026-09-29T20:23:26Z,38525,556.4,1000,1000,2,1892428862,2,200,0.8
2026-09-29T20:23:56Z,38555,554.2,1000,1000,2,1893805726,2,200,0.5
2026-09-29T20:24:26Z,38585,559.9,1000,1000,2,1895309472,2,200,0.9
2026-09-29T20:24:56Z,38615,563.8,1000,1000,2,1896718318,2,200,0.7
2026-09-29T20:25:27Z,38645,535.6,1000,1000,2,1898231059,2,200,0.8
2026-09-29T20:25:56Z,38675,587.1,1000,1000,2,1899634897,2,200,0.6
2026-09-29T20:26:26Z,38705,558.6,1000,1000,2,1901050757,2,200,1.5
2026-09-29T20:26:57Z,38735,529.9,1000,1000,2,1902685356,2,200,0.5
2026-09-29T20:27:26Z,38765,545.4,1000,1000,2,1904188057,2,200,16.2
2026-09-29T20:27:56Z,38795,544.2,1000,1000,2,1905667850,2,200,0.8
2026-09-29T20:28:26Z,38825,568.7,1000,1000,2,1907158611,2,200,0.8
2026-09-29T20:28:56Z,38855,529.0,1000,1000,2,1908661357,2,200,0.6
2026-09-29T20:29:27Z,38885,528.2,1000,1000,2,1910169099,2,200,1.0
2026-09-29T20:29:56Z,38915,529.0,1000,1000,2,1911657849,2,200,18.3
2026-09-29T20:30:26Z,38945,542.0,1000,1000,2,1913159548,2,200,0.8
2026-09-29T20:30:57Z,38975,527.9,1000,1000,2,1914739165,2,200,0.6
2026-09-29T20:31:26Z,39005,582.0,1000,1000,2,1916269696,2,200,22.4
2026-09-29T20:31:56Z,39035,553.0,1000,1000,2,1917771592,2,200,0.5
2026-09-29T20:32:26Z,39065,540.3,1000,1000,2,1919306270,2,200,0.8
2026-09-29T20:32:56Z,39095,545.2,1000,1000,2,1920849928,2,200,5.5
2026-09-29T20:33:27Z,39125,519.2,1000,1000,2,1922383580,2,200,1.4
2026-09-29T20:33:56Z,39155,539.6,1000,1000,2,1923807347,2,200,0.5
2026-09-29T20:34:26Z,39185,526.5,1000,1000,2,1925273063,2,200,3.5
2026-09-29T20:34:57Z,39215,516.3,1000,1000,2,1926788688,2,200,0.6
2026-09-29T20:35:26Z,39245,524.6,1000,1000,2,1928242807,2,200,36.4
2026-09-29T20:35:56Z,39275,542.1,1000,1000,2,1929685137,2,200,0.6
2026-09-29T20:36:26Z,39305,553.1,1000,1000,2,1931164924,2,200,1.0
2026-09-29T20:36:56Z,39335,552.1,1000,1000,2,1932743565,2,200,0.6
2026-09-29T20:37:26Z,39365,567.4,1000,1000,2,1934274286,2,200,0.9
2026-09-29T20:37:56Z,39395,531.9,1000,1000,2,1935798999,2,200,0.7
2026-09-29T20:38:26Z,39425,535.7,1000,1000,2,1937302598,2,200,0.6
2026-09-29T20:38:57Z,39455,551.5,1000,1000,2,1938929281,2,200,1.0
2026-09-29T20:39:26Z,39485,524.7,1000,1000,2,1940421056,2,200,72.9
2026-09-29T20:39:56Z,39515,568.1,1000,1000,2,1941955772,2,200,1.0
2026-09-29T20:40:27Z,39545,579.3,1000,1000,2,1943526468,2,200,0.5
2026-09-29T20:40:56Z,39575,539.8,1000,1000,2,1945103238,2,200,94.3
2026-09-29T20:41:26Z,39605,532.9,1000,1000,2,1946687715,2,200,0.7
2026-09-29T20:41:56Z,39635,537.0,1000,1000,2,1948275384,2,200,0.9
2026-09-29T20:42:26Z,39665,545.9,1000,1000,2,1949796684,2,200,153.7
2026-09-29T20:42:56Z,39695,535.2,1000,1000,2,1951289914,2,200,0.9
2026-09-29T20:43:26Z,39725,550.9,1000,1000,2,1952857583,2,200,0.4
2026-09-29T20:43:56Z,39755,547.6,1000,1000,2,1954344330,2,200,0.9
2026-09-29T20:44:27Z,39785,516.4,1000,1000,2,1955870097,2,200,0.5
2026-09-29T20:44:56Z,39815,543.2,1000,1000,2,1957252033,2,200,0.8
2026-09-29T20:45:26Z,39845,528.1,1000,1000,2,1958638940,2,200,0.6
2026-09-29T20:45:56Z,39875,521.4,1000,1000,2,1960032882,2,200,0.7
2026-09-29T20:46:26Z,39905,538.5,1000,1000,2,1961394828,2,200,0.5
2026-09-29T20:46:57Z,39935,525.6,1000,1000,2,1962817719,2,200,0.8
2026-09-29T20:47:26Z,39965,518.0,1000,1000,2,1964273545,2,200,0.5
2026-09-29T20:47:56Z,39995,551.9,1000,1000,2,1965666421,2,200,1.2
2026-09-29T20:48:26Z,40025,494.9,1000,1000,2,1967205217,2,200,0.5
2026-09-29T20:48:56Z,40055,542.3,1000,1000,2,1968704023,2,200,4.2
2026-09-29T20:49:26Z,40085,558.0,1000,1000,2,1971222697,2,200,0.5
2026-09-29T20:49:57Z,40115,536.7,1000,1000,2,1972682566,2,200,0.9
2026-09-29T20:50:26Z,40145,549.0,1000,1000,2,1974201297,2,200,0.7
2026-09-29T20:50:56Z,40175,532.1,1000,1000,2,1975689138,2,200,0.8
2026-09-29T20:51:26Z,40205,558.9,1000,1000,2,1977261806,2,200,0.5
2026-09-29T20:51:56Z,40235,493.1,1000,1000,2,1978842446,2,200,0.9
2026-09-29T20:52:27Z,40265,501.2,1000,1000,2,1980417126,2,200,0.5
2026-09-29T20:52:56Z,40295,535.6,1000,1000,2,1981862950,2,200,7.6
2026-09-29T20:53:26Z,40325,526.4,1000,1000,2,1983321815,2,200,0.4
2026-09-29T20:53:57Z,40355,547.7,1000,1000,2,1984963392,2,200,0.8
2026-09-29T20:54:26Z,40385,543.4,1000,1000,2,1986456574,2,200,29.9
2026-09-29T20:54:56Z,40415,537.5,1000,1000,2,1987982850,2,200,0.8
2026-09-29T20:55:26Z,40445,532.6,1000,1000,2,1989513598,2,200,0.6
2026-09-29T20:55:56Z,40475,529.7,1000,1000,2,1991011402,2,200,1.2
2026-09-29T20:56:27Z,40505,512.6,1000,1000,2,1992619020,2,200,0.6
2026-09-29T20:56:56Z,40535,540.4,1000,1000,2,1994139760,2,200,0.9
2026-09-29T20:57:26Z,40565,572.8,1000,1000,2,1995616524,2,200,0.5
2026-09-29T20:57:56Z,40595,551.9,1000,1000,2,1997097335,2,200,0.8
2026-09-29T20:58:26Z,40625,539.4,1000,1000,2,1998611283,2,200,59.6
2026-09-29T20:58:56Z,40655,543.2,1000,1000,2,2000045920,2,200,0.5
2026-09-29T20:59:26Z,40685,548.2,1000,1000,2,2001516762,2,200,1.0
2026-09-29T20:59:56Z,40715,535.2,1000,1000,2,2002952561,2,200,126.8
2026-09-29T21:00:26Z,40745,549.0,1000,1000,2,2004369472,2,200,1.0
2026-09-29T21:00:56Z,40775,531.8,1000,1000,2,2005952168,2,200,0.5
2026-09-29T21:01:26Z,40805,536.3,1000,1000,2,2007430958,2,200,1.0
2026-09-29T21:01:56Z,40835,527.7,1000,1000,2,2008951657,2,200,0.6
2026-09-29T21:02:26Z,40865,529.7,1000,1000,2,2010521263,2,200,1.0
2026-09-29T21:02:56Z,40895,561.0,1000,1000,2,2011909057,2,200,0.8
2026-09-29T21:03:27Z,40925,562.8,1000,1000,2,2013482702,2,200,0.8
2026-09-29T21:03:56Z,40955,573.4,1000,1000,2,2014976451,2,200,0.7
2026-09-29T21:04:26Z,40985,489.7,1000,1000,2,2016427192,2,200,0.8
2026-09-29T21:04:56Z,41015,565.0,1000,1000,2,2018074752,2,200,0.5
2026-09-29T21:05:26Z,41045,566.7,1000,1000,2,2019536593,2,200,7.7
2026-09-29T21:05:57Z,41075,530.7,1000,1000,2,2021076358,2,200,0.5
2026-09-29T21:06:26Z,41105,561.4,1000,1000,2,2022555138,2,200,1.4
2026-09-29T21:06:56Z,41135,524.8,1000,1000,2,2023973035,2,200,0.7
2026-09-29T21:07:27Z,41165,548.7,1000,1000,2,2025358959,2,200,1.4
2026-09-29T21:07:56Z,41195,529.7,1000,1000,2,2026691915,2,200,33.4
2026-09-29T21:08:26Z,41225,506.4,1000,1000,2,2028066825,2,200,0.9
2026-09-29T21:08:56Z,41255,553.0,1000,1000,2,2029604543,2,200,0.6
2026-09-29T21:09:26Z,41285,539.9,1000,1000,2,2031006458,2,200,139.4
2026-09-29T21:09:56Z,41315,531.4,1000,1000,2,2032411336,2,200,0.7
2026-09-29T21:10:26Z,41345,550.0,1000,1000,2,2033876173,2,200,0.8
2026-09-29T21:10:56Z,41375,522.4,1000,1000,2,2035226138,2,200,0.5
2026-09-29T21:11:26Z,41405,558.1,1000,1000,2,2036643994,2,200,2.2
2026-09-29T21:11:56Z,41435,531.8,1000,1000,2,2038179727,2,200,0.5
2026-09-29T21:12:26Z,41465,547.5,1000,1000,2,2039693830,2,200,1.0
2026-09-29T21:12:56Z,41495,545.7,1000,1000,2,2041200168,2,200,0.5
2026-09-29T21:13:26Z,41525,535.9,1000,1000,2,2042765804,2,200,1.2
2026-09-29T21:13:56Z,41555,514.4,1000,1000,2,2044303476,2,200,0.5
2026-09-29T21:14:27Z,41585,548.8,1000,1000,2,2045853095,2,200,1.0
2026-09-29T21:14:56Z,41615,537.9,1000,1000,2,2047331802,2,200,3.2
2026-09-29T21:15:26Z,41645,530.2,1000,1000,2,2048766552,2,200,0.8
2026-09-29T21:15:56Z,41675,550.1,1000,1000,2,2050251304,2,200,0.6
2026-09-29T21:16:26Z,41705,534.5,1000,1000,2,2051737025,2,200,1.0
2026-09-29T21:16:57Z,41736,546.6,1000,1000,2,2053253737,2,200,0.4
2026-09-29T21:17:27Z,41766,526.0,1000,1000,2,2054734463,2,200,1.0
2026-09-29T21:17:57Z,41796,533.7,1000,1000,2,2056192202,2,200,0.6
2026-09-29T21:18:28Z,41826,521.2,1000,1000,2,2057714905,2,200,0.9
2026-09-29T21:18:57Z,41856,538.4,1000,1000,2,2059194901,2,200,43.0
2026-09-29T21:19:27Z,41886,516.9,1000,1000,2,2061633420,2,200,1.1
2026-09-29T21:19:57Z,41916,555.6,1000,1000,2,2063073367,2,200,0.6
2026-09-29T21:20:27Z,41946,548.0,1000,1000,2,2064441116,2,200,1.7
2026-09-29T21:20:57Z,41976,497.1,1000,1000,2,2065830976,2,200,0.5
2026-09-29T21:21:27Z,42006,549.3,1000,1000,2,2067315735,2,200,0.4
2026-09-29T21:21:57Z,42036,512.7,1000,1000,2,2068783504,2,200,0.8
2026-09-29T21:22:28Z,42066,529.8,1000,1000,2,2070321184,2,200,0.6
2026-09-29T21:22:57Z,42096,541.7,1000,1000,2,2071677067,2,200,1.1
2026-09-29T21:23:27Z,42126,554.2,1000,1000,2,2073104913,2,200,0.5
2026-09-29T21:23:57Z,42156,534.3,1000,1000,2,2074549726,2,200,0.9
2026-09-29T21:24:27Z,42186,549.8,1000,1000,2,2075912003,2,200,0.5
2026-09-29T21:24:57Z,42216,528.4,1000,1000,2,2077323423,2,200,1.1
2026-09-29T21:25:27Z,42246,533.2,1000,1000,2,2078822192,2,200,0.6
2026-09-29T21:25:57Z,42276,548.9,1000,1000,2,2080300967,2,200,0.8
2026-09-29T21:26:28Z,42306,544.2,1000,1000,2,2081769765,2,200,0.5
2026-09-29T21:26:57Z,42336,509.4,1000,1000,2,2083176637,2,200,1.1
2026-09-29T21:27:27Z,42366,542.2,1000,1000,2,2084676380,2,200,0.5
2026-09-29T21:27:57Z,42396,568.4,1000,1000,2,2086184114,2,200,0.8
2026-09-29T21:28:27Z,42426,542.4,1000,1000,2,2087680855,2,200,0.6
2026-09-29T21:28:57Z,42456,557.0,1000,1000,2,2089098683,2,200,0.9
2026-09-29T21:29:27Z,42486,512.4,1000,1000,2,2090510515,2,200,1.1
2026-09-29T21:29:57Z,42516,537.3,1000,1000,2,2091848322,2,200,0.9
2026-09-29T21:30:28Z,42546,529.0,1000,1000,2,2093383169,2,200,0.6
2026-09-29T21:30:57Z,42576,515.6,1000,1000,2,2094944087,2,200,18.1
2026-09-29T21:31:27Z,42606,525.5,1000,1000,2,2096495566,2,200,0.5
2026-09-29T21:31:57Z,42636,555.4,1000,1000,2,2098222990,2,200,0.7
2026-09-29T21:32:27Z,42666,524.4,1000,1000,2,2099704746,2,200,86.8
2026-09-29T21:32:57Z,42696,502.9,1000,1000,2,2101167512,2,200,5.7
2026-09-29T21:33:27Z,42726,557.0,1000,1000,2,2102527405,2,200,0.7
2026-09-29T21:33:57Z,42756,560.0,1000,1000,2,2103891898,2,200,128.9
2026-09-29T21:34:27Z,42786,565.6,1000,1000,2,2105302130,2,200,0.5
2026-09-29T21:34:57Z,42816,533.9,1000,1000,2,2106706980,2,200,0.9
2026-09-29T21:35:27Z,42846,545.7,1000,1000,2,2108066863,2,200,0.9
2026-09-29T21:35:58Z,42876,522.7,1000,1000,2,2109508677,2,200,1.0
2026-09-29T21:36:27Z,42906,553.2,1000,1000,2,2110858561,2,200,0.7
2026-09-29T21:36:57Z,42936,546.0,1000,1000,2,2112197458,2,200,1.0
2026-09-29T21:37:28Z,42966,515.5,1000,1000,2,2113684224,2,200,0.5
2026-09-29T21:37:57Z,42996,583.1,1000,1000,2,2115151970,2,200,1.3
2026-09-29T21:38:27Z,43026,493.4,1000,1000,2,2116550835,2,200,0.4
2026-09-29T21:38:57Z,43056,546.1,1000,1000,2,2118011607,2,200,0.9
2026-09-29T21:39:27Z,43086,548.3,1000,1000,2,2119457404,2,200,0.6
2026-09-29T21:39:58Z,43116,561.2,1000,1000,2,2121037024,2,200,0.9
2026-09-29T21:40:27Z,43146,562.6,1000,1000,2,2122507788,2,200,1.5
2026-09-29T21:40:57Z,43176,570.4,1000,1000,2,2123898537,2,200,0.8
2026-09-29T21:41:27Z,43206,574.8,1000,1000,2,2125390407,2,200,0.6
2026-09-29T21:41:57Z,43236,537.4,1000,1000,2,2126950043,2,200,146.8
2026-09-29T21:42:27Z,43266,503.5,1000,1000,2,2128335892,2,200,0.4
2026-09-29T21:42:57Z,43296,554.2,1000,1000,2,2129721755,2,200,0.4
2026-09-29T21:43:27Z,43326,549.0,1000,1000,2,2131068653,2,200,0.9
2026-09-29T21:43:58Z,43357,551.6,1000,1000,2,2132552418,2,200,0.4
2026-09-29T21:44:28Z,43387,561.9,1000,1000,2,2134000221,2,200,0.8
2026-09-29T21:44:58Z,43417,524.8,1000,1000,2,2135398058,2,200,0.5
2026-09-29T21:45:28Z,43447,539.1,1000,1000,2,2136854880,2,200,0.8
2026-09-29T21:45:58Z,43477,571.1,1000,1000,2,2138222747,2,200,113.0
2026-09-29T21:46:28Z,43507,536.2,1000,1000,2,2139651568,2,200,0.7
2026-09-29T21:46:58Z,43537,538.7,1000,1000,2,2141054407,2,200,0.5
2026-09-29T21:47:28Z,43567,552.1,1000,1000,2,2142484199,2,200,105.2
2026-09-29T21:47:58Z,43597,541.1,1000,1000,2,2143870102,2,200,0.5
2026-09-29T21:48:28Z,43627,569.9,1000,1000,2,2145398822,2,200,3.2
2026-09-29T21:48:58Z,43657,572.5,1000,1000,2,2146813660,2,200,0.4
2026-09-29T21:49:28Z,43687,538.1,999,999,3,2148296831,3,200,0.7
2026-09-29T21:49:59Z,43717,533.8,999,999,3,2149868264,3,200,0.7
2026-09-29T21:50:28Z,43747,530.0,999,999,3,2151276347,3,200,0.7
2026-09-29T21:50:58Z,43777,552.6,999,999,3,2152654827,3,200,0.5
2026-09-29T21:51:28Z,43807,536.0,1000,1000,3,2155152918,3,200,0.5
2026-09-29T21:51:58Z,43837,553.2,1000,1000,3,2156786408,3,200,0.4
2026-09-29T21:52:28Z,43867,553.1,1000,1000,3,2158297739,3,200,142.4
2026-09-29T21:52:58Z,43897,514.0,1000,1000,3,2159834756,3,200,0.7
2026-09-29T21:53:28Z,43927,520.7,1000,1000,3,2161418368,3,200,0.8
2026-09-29T21:53:58Z,43957,530.5,1000,1000,3,2162868140,3,200,0.7
2026-09-29T21:54:29Z,43987,565.6,1000,1000,3,2164326894,3,200,0.8
2026-09-29T21:54:58Z,44017,536.8,1000,1000,3,2165756641,3,200,1.2
2026-09-29T21:55:28Z,44047,550.3,1000,1000,3,2167122502,3,200,0.7
2026-09-29T21:55:58Z,44077,533.1,1000,1000,3,2168594791,3,200,0.5
2026-09-29T21:56:28Z,44107,547.1,1000,1000,3,2169972114,3,200,123.8
2026-09-29T21:56:58Z,44137,492.9,1000,1000,3,2171473798,3,200,0.5
2026-09-29T21:57:28Z,44167,525.5,1000,1000,3,2173072397,3,200,0.8
2026-09-29T21:57:58Z,44197,580.2,1000,1000,3,2174643021,3,200,134.8
2026-09-29T21:58:28Z,44227,553.3,1000,1000,3,2176085829,3,200,1.0
2026-09-29T21:58:58Z,44257,551.4,1000,1000,3,2177603511,3,200,0.6
2026-09-29T21:59:28Z,44287,543.8,1000,1000,3,2179020298,3,200,0.9
2026-09-29T21:59:59Z,44317,544.3,1000,1000,3,2180594913,3,200,0.5
2026-09-29T22:00:28Z,44347,503.5,1000,1000,3,2182058623,3,200,1.8
2026-09-29T22:00:58Z,44377,567.2,1000,1000,3,2183530411,3,200,0.5
2026-09-29T22:01:28Z,44407,558.4,1000,1000,3,2185080082,3,200,0.9
2026-09-29T22:01:58Z,44437,552.7,1000,1000,3,2186519797,3,200,64.6
2026-09-29T22:02:28Z,44467,519.1,1000,1000,3,2187974672,3,200,0.8
2026-09-29T22:02:58Z,44497,522.8,1000,1000,3,2189505353,3,200,0.5
2026-09-29T22:03:28Z,44527,576.4,1000,1000,3,2191057970,3,200,5.6
2026-09-29T22:03:59Z,44557,553.5,1000,1000,3,2192639570,3,200,0.6
2026-09-29T22:04:28Z,44587,535.7,1000,1000,3,2194121304,3,200,0.7
2026-09-29T22:04:58Z,44617,548.4,1000,1000,3,2195592038,3,200,1.8
2026-09-29T22:05:28Z,44647,553.4,1000,1000,3,2197126780,3,200,1.2
2026-09-29T22:05:58Z,44677,525.5,1000,1000,3,2198737192,3,200,0.8
2026-09-29T22:06:28Z,44707,553.9,1000,1000,3,2200303051,3,200,0.5
2026-09-29T22:06:58Z,44737,590.9,1000,1000,3,2201850769,3,200,0.8
2026-09-29T22:07:28Z,44767,528.0,1000,1000,3,2203394510,3,200,1.6
2026-09-29T22:07:58Z,44797,518.5,1000,1000,3,2204917259,3,200,0.8
2026-09-29T22:08:28Z,44827,532.5,1000,1000,3,2206530150,3,200,0.5
2026-09-29T22:08:58Z,44857,536.6,1000,1000,3,2208088594,3,200,0.8
2026-09-29T22:09:28Z,44887,550.0,1000,1000,3,2209697256,3,200,0.5
2026-09-29T22:09:58Z,44917,534.4,1000,1000,3,2211327824,3,200,51.3
2026-09-29T22:10:28Z,44947,532.1,1000,1000,3,2212869561,3,200,0.5
2026-09-29T22:10:58Z,44977,530.0,1000,1000,3,2214550095,3,200,0.8
2026-09-29T22:11:28Z,45007,534.6,1000,1000,3,2216122673,3,200,0.4
2026-09-29T22:11:59Z,45038,586.3,1000,1000,3,2217683329,3,200,0.9
2026-09-29T22:12:29Z,45068,551.1,1000,1000,3,2219209059,3,200,0.5
2026-09-29T22:12:59Z,45098,547.8,1000,1000,3,2220765731,3,200,0.8
2026-09-29T22:13:30Z,45128,548.7,1000,1000,3,2222388345,3,200,0.5
2026-09-29T22:13:59Z,45158,521.2,1000,1000,3,2223930016,3,200,1.1
2026-09-29T22:14:29Z,45188,523.9,1000,1000,3,2225482649,3,200,0.5
2026-09-29T22:15:00Z,45218,558.4,1000,1000,3,2227106243,3,200,0.8
2026-09-29T22:15:29Z,45248,547.5,1000,1000,3,2228635663,3,200,5.1
2026-09-29T22:15:59Z,45278,563.4,1000,1000,3,2230163742,3,200,0.8
2026-09-29T22:16:29Z,45308,550.0,1000,1000,3,2231739417,3,200,0.7
2026-09-29T22:16:59Z,45338,506.9,1000,1000,3,2233204580,3,200,114.5
2026-09-29T22:17:29Z,45368,540.9,1000,1000,3,2234744953,3,200,0.5
2026-09-29T22:17:59Z,45398,555.4,1000,1000,3,2236344545,3,200,1.0
2026-09-29T22:18:29Z,45428,526.9,1000,1000,3,2237877281,3,200,0.5
2026-09-29T22:19:00Z,45458,560.7,1000,1000,3,2239499881,3,200,0.9
2026-09-29T22:19:29Z,45488,548.1,1000,1000,3,2241036591,3,200,0.5
2026-09-29T22:19:59Z,45518,554.0,1000,1000,3,2242475424,3,200,0.7
2026-09-29T22:20:29Z,45548,516.1,1000,1000,3,2244005172,3,200,0.5
2026-09-29T22:20:59Z,45578,516.5,1000,1000,3,2245546862,3,200,0.8
2026-09-29T22:21:30Z,45608,560.8,1000,1000,3,2248052609,3,200,1.7
2026-09-29T22:22:00Z,45638,542.4,1000,1000,3,2249522331,3,200,0.8
2026-09-29T22:22:29Z,45668,530.2,1000,1000,3,2250962101,3,200,0.5
2026-09-29T22:22:59Z,45698,549.7,1000,1000,3,2252343937,3,200,0.9
2026-09-29T22:23:29Z,45728,534.7,1000,1000,3,2253763769,3,200,0.6
2026-09-29T22:23:59Z,45758,562.9,1000,1000,3,2255129622,3,200,1.3
2026-09-29T22:24:30Z,45788,541.4,1000,1000,3,2256574725,3,200,1.0
2026-09-29T22:24:59Z,45818,560.7,1000,1000,3,2257987195,3,200,1.1
2026-09-29T22:25:29Z,45848,544.6,1000,1000,3,2259454408,3,200,0.5
2026-09-29T22:25:59Z,45878,532.1,1000,1000,3,2260973638,3,200,0.9
2026-09-29T22:26:29Z,45908,527.8,1000,1000,3,2262425431,3,200,0.5
2026-09-29T22:27:00Z,45938,558.2,1000,1000,3,2263880235,3,200,0.5
2026-09-29T22:27:29Z,45968,561.8,1000,1000,3,2265296054,3,200,1.0
2026-09-29T22:27:59Z,45998,530.9,1000,1000,3,2266718827,3,200,0.5
2026-09-29T22:28:29Z,46028,552.7,1000,1000,3,2268185399,3,200,0.9
2026-09-29T22:28:59Z,46058,537.7,1000,1000,3,2269600350,3,200,113.6
2026-09-29T22:29:29Z,46088,546.8,1000,1000,3,2271011066,3,200,2.5
2026-09-29T22:29:59Z,46118,554.2,1000,1000,3,2272439619,3,200,0.5
2026-09-29T22:30:29Z,46148,533.3,1000,1000,3,2273868765,3,200,0.8
2026-09-29T22:31:00Z,46178,568.5,1000,1000,3,2275275569,3,200,0.5
2026-09-29T22:31:29Z,46208,533.0,1000,1000,3,2276669388,3,200,1.0
2026-09-29T22:31:59Z,46238,533.0,1000,1000,3,2278026290,3,200,0.4
2026-09-29T22:32:29Z,46268,586.4,1000,1000,3,2279617874,3,200,1.0
2026-09-29T22:32:59Z,46298,527.9,1000,1000,3,2281159558,3,200,113.2
2026-09-29T22:33:29Z,46328,503.3,1000,1000,3,2282759165,3,200,0.8
2026-09-29T22:33:59Z,46358,568.0,1000,1000,3,2284319884,3,200,0.5
2026-09-29T22:34:29Z,46388,550.2,1000,1000,3,2285791648,3,200,0.8
2026-09-29T22:35:00Z,46418,544.4,1000,1000,3,2287348419,3,200,1.2
2026-09-29T22:35:29Z,46448,565.7,1000,1000,3,2288875198,3,200,0.7
2026-09-29T22:35:59Z,46478,519.0,1000,1000,3,2290374954,3,200,0.5
2026-09-29T22:36:29Z,46508,560.5,1000,1000,3,2291830825,3,200,0.8
2026-09-29T22:36:59Z,46538,551.1,1000,1000,3,2293347203,3,200,59.6
2026-09-29T22:37:29Z,46568,518.1,1000,1000,3,2294978103,3,200,0.8
2026-09-29T22:37:59Z,46598,562.2,1000,1000,3,2296604717,3,200,0.6
2026-09-29T22:38:29Z,46628,508.9,1000,1000,3,2298193344,3,200,0.8
2026-09-29T22:38:59Z,46658,538.3,1000,1000,3,2299622207,3,200,0.4
2026-09-29T22:39:29Z,46688,542.9,1000,1000,3,2301132993,3,200,2.1
2026-09-29T22:39:59Z,46718,503.5,1000,1000,3,2302524900,3,200,0.4
2026-09-29T22:40:29Z,46748,524.7,1000,1000,3,2304033672,3,200,0.9
2026-09-29T22:40:59Z,46778,534.7,1000,1000,3,2305504477,3,200,0.6
2026-09-29T22:41:29Z,46808,529.4,1000,1000,3,2307031202,3,200,0.8
2026-09-29T22:41:59Z,46838,537.0,1000,1000,3,2308578912,3,200,0.5
2026-09-29T22:42:29Z,46868,546.8,1000,1000,3,2310125561,3,200,0.7
2026-09-29T22:43:00Z,46898,569.0,1000,1000,3,2311754129,3,200,0.6
2026-09-29T22:43:29Z,46928,522.9,1000,1000,3,2313251837,3,200,0.9
2026-09-29T22:43:59Z,46958,518.8,1000,1000,3,2314884382,3,200,0.5
2026-09-29T22:44:30Z,46988,540.7,1000,1000,3,2316428112,3,200,1.0
2026-09-29T22:44:59Z,47018,552.1,1000,1000,3,2318030656,3,200,46.5
2026-09-29T22:45:29Z,47048,542.5,1000,1000,3,2319601334,3,200,1.1
2026-09-29T22:45:59Z,47078,552.2,1000,1000,3,2321189979,3,200,0.5
2026-09-29T22:46:29Z,47108,529.8,1000,1000,3,2322730663,3,200,115.7
2026-09-29T22:46:59Z,47138,523.0,1000,1000,3,2324249379,3,200,0.5
2026-09-29T22:47:29Z,47168,519.0,1000,1000,3,2325853976,3,200,1.5
2026-09-29T22:47:59Z,47198,566.4,1000,1000,3,2327422618,3,200,0.5
2026-09-29T22:48:29Z,47228,542.4,1000,1000,3,2328985299,3,200,0.6
2026-09-29T22:48:59Z,47258,579.0,1000,1000,3,2330538017,3,200,0.8
2026-09-29T22:49:29Z,47288,548.6,1000,1000,3,2332051774,3,200,0.5
2026-09-29T22:50:00Z,47318,540.4,1000,1000,3,2333557544,3,200,0.7
2026-09-29T22:50:29Z,47348,552.6,1000,1000,3,2335153144,3,200,0.6
2026-09-29T22:50:59Z,47378,539.0,1000,1000,3,2336620918,3,200,0.8
2026-09-29T22:51:30Z,47408,550.2,1000,1000,3,2338076722,3,200,0.7
2026-09-29T22:51:59Z,47438,549.7,1000,1000,3,2340642305,3,200,0.8
2026-09-29T22:52:29Z,47468,550.1,1000,1000,3,2342167904,3,200,0.6
2026-09-29T22:52:59Z,47498,541.0,1000,1000,3,2343696964,3,200,0.7
2026-09-29T22:53:29Z,47528,547.1,1000,1000,3,2345136515,3,200,51.5
2026-09-29T22:53:59Z,47558,537.9,1000,1000,3,2346632247,3,200,1.5
2026-09-29T22:54:29Z,47588,542.3,1000,1000,3,2348190901,3,200,0.5
2026-09-29T22:54:59Z,47618,543.8,1000,1000,3,2349647656,3,200,0.8
2026-09-29T22:55:30Z,47648,493.2,1000,1000,3,2351207370,3,200,0.5
2026-09-29T22:55:59Z,47678,531.9,1000,1000,3,2352822958,3,200,0.9
2026-09-29T22:56:29Z,47708,556.5,1000,1000,3,2354351684,3,200,0.5
2026-09-29T22:56:59Z,47738,530.0,1000,1000,3,2355855439,3,200,0.8
2026-09-29T22:57:29Z,47768,541.0,1000,1000,3,2357348979,3,200,71.7
2026-09-29T22:57:59Z,47798,536.2,1000,1000,3,2358952764,3,200,0.8
2026-09-29T22:58:29Z,47828,537.5,1000,1000,3,2360630298,3,200,0.7
2026-09-29T22:58:59Z,47858,532.9,1000,1000,3,2362169962,3,200,0.8
2026-09-29T22:59:30Z,47888,526.8,1000,1000,3,2363701666,3,200,0.5
2026-09-29T22:59:59Z,47918,545.8,1000,1000,3,2365376123,3,200,0.8
2026-09-29T23:00:29Z,47948,582.8,1000,1000,3,2366945750,3,200,0.5
2026-09-29T23:01:00Z,47978,540.6,1000,1000,3,2368522454,3,200,1.0
2026-09-29T23:01:29Z,48008,571.1,1000,1000,3,2370005237,3,200,0.6
2026-09-29T23:01:59Z,48038,538.7,1000,1000,3,2371499039,3,200,0.8
2026-09-29T23:02:29Z,48068,563.5,1000,1000,3,2373047752,3,200,0.8
2026-09-29T23:02:59Z,48098,565.9,1000,1000,3,2374561398,3,200,0.8
2026-09-29T23:03:29Z,48128,539.9,1000,1000,3,2376051194,3,200,0.5
2026-09-29T23:03:59Z,48158,536.6,1000,1000,3,2377527995,3,200,2.2
2026-09-29T23:04:29Z,48188,530.8,1000,1000,3,2378895879,3,200,0.5
2026-09-29T23:05:00Z,48218,562.8,1000,1000,3,2380307718,3,200,0.9
2026-09-29T23:05:29Z,48248,545.0,1000,1000,3,2381720556,3,200,0.5
2026-09-29T23:05:59Z,48278,508.9,1000,1000,3,2383119425,3,200,1.1
2026-09-29T23:06:29Z,48308,562.2,1000,1000,3,2384533251,3,200,0.4
2026-09-29T23:06:59Z,48338,561.7,1000,1000,3,2385959052,3,200,1.8
2026-09-29T23:07:30Z,48369,506.4,1000,1000,3,2387551700,3,200,0.6
2026-09-29T23:08:00Z,48399,550.9,1000,1000,3,2389126320,3,200,2.5
2026-09-29T23:08:30Z,48429,534.8,1000,1000,3,2390535208,3,200,0.9
2026-09-29T23:09:00Z,48459,502.3,1000,1000,3,2391957036,3,200,1.3
2026-09-29T23:09:30Z,48489,520.1,1000,1000,3,2393365900,3,200,83.0
2026-09-29T23:10:00Z,48519,514.5,1000,1000,3,2394895452,3,200,0.8
2026-09-29T23:10:30Z,48549,522.7,1000,1000,3,2396428342,3,200,4.4
2026-09-29T23:11:00Z,48579,517.3,1000,1000,3,2397836180,3,200,0.7
2026-09-29T23:11:31Z,48609,530.3,1000,1000,3,2399268004,3,200,1.2
2026-09-29T23:12:00Z,48639,526.5,1000,1000,3,2400741777,3,200,0.6
2026-09-29T23:12:30Z,48669,536.7,1000,1000,3,2402144619,3,200,0.9
2026-09-29T23:13:00Z,48699,525.6,1000,1000,3,2403707281,3,200,0.5
2026-09-29T23:13:30Z,48729,554.6,1000,1000,3,2405131108,3,200,97.2
2026-09-29T23:14:00Z,48759,571.2,1000,1000,3,2406592876,3,200,2.0
2026-09-29T23:14:30Z,48789,526.5,1000,1000,3,2408037690,3,200,0.8
2026-09-29T23:15:00Z,48819,531.0,1000,1000,3,2409448537,3,200,0.5
2026-09-29T23:15:31Z,48849,567.0,1000,1000,3,2410813415,3,200,1.1
2026-09-29T23:16:00Z,48879,526.2,1000,1000,3,2412231215,3,200,1.5
2026-09-29T23:16:30Z,48909,562.6,1000,1000,3,2413699945,3,200,0.9
2026-09-29T23:17:00Z,48939,535.3,1000,1000,3,2415116241,3,200,0.6
2026-09-29T23:17:30Z,48969,534.1,1000,1000,3,2416583557,3,200,86.7
2026-09-29T23:18:00Z,48999,543.3,1000,1000,3,2417932450,3,200,0.5
2026-09-29T23:18:30Z,49029,544.0,1000,1000,3,2419356264,3,200,1.0
2026-09-29T23:19:00Z,49059,580.7,1000,1000,3,2420834859,3,200,0.7
2026-09-29T23:19:31Z,49089,540.5,1000,1000,3,2422365724,3,200,0.8
2026-09-29T23:20:00Z,49119,555.1,1000,1000,3,2423757604,3,200,5.3
2026-09-29T23:20:30Z,49149,558.1,1000,1000,3,2425182428,3,200,1.0
2026-09-29T23:21:00Z,49179,537.6,1000,1000,3,2426625231,3,200,0.5
2026-09-29T23:21:30Z,49209,529.7,1000,1000,3,2428035871,3,200,134.8
2026-09-29T23:22:00Z,49239,562.3,1000,1000,3,2430356966,3,200,0.6
2026-09-29T23:22:31Z,49269,513.3,1000,1000,3,2431923659,3,200,0.9
2026-09-29T23:23:00Z,49299,558.8,1000,1000,3,2433510545,3,200,32.2
2026-09-29T23:23:30Z,49329,570.6,1000,1000,3,2435014009,3,200,0.9
2026-09-29T23:24:00Z,49359,542.1,1000,1000,3,2436560707,3,200,0.7
2026-09-29T23:24:30Z,49389,557.0,1000,1000,3,2438158262,3,200,76.6
2026-09-29T23:25:00Z,49419,548.8,1000,1000,3,2439568096,3,200,0.9
2026-09-29T23:25:30Z,49449,581.3,1000,1000,3,2441158709,3,200,1.2
2026-09-29T23:26:00Z,49479,533.4,1000,1000,3,2442614497,3,200,2.4
2026-09-29T23:26:31Z,49509,520.9,1000,1000,3,2444169091,3,200,0.8
2026-09-29T23:27:00Z,49539,499.3,1000,1000,3,2445681796,3,200,0.5
2026-09-29T23:27:30Z,49569,544.7,1000,1000,3,2447243422,3,200,0.8
2026-09-29T23:28:01Z,49599,544.1,1000,1000,3,2448930893,3,200,0.7
2026-09-29T23:28:30Z,49629,541.9,1000,1000,3,2450536421,3,200,1.1
2026-09-29T23:29:00Z,49659,557.3,1000,1000,3,2452089016,3,200,0.5
2026-09-29T23:29:30Z,49689,542.5,1000,1000,3,2453642697,3,200,1.1
2026-09-29T23:30:00Z,49719,547.1,1000,1000,3,2455173352,3,200,5.1
2026-09-29T23:30:30Z,49749,555.3,1000,1000,3,2456666055,3,200,0.5
2026-09-29T23:31:00Z,49779,562.2,1000,1000,3,2458206682,3,200,0.8
2026-09-29T23:31:30Z,49809,517.5,1000,1000,3,2459748355,3,200,0.4
2026-09-29T23:32:01Z,49839,523.5,1000,1000,3,2461328971,3,200,0.8
2026-09-29T23:32:30Z,49869,525.2,1000,1000,3,2462850625,3,200,0.5
2026-09-29T23:33:00Z,49899,545.6,1000,1000,3,2464348321,3,200,0.9
2026-09-29T23:33:30Z,49929,529.0,1000,1000,3,2465834058,3,200,0.7
2026-09-29T23:34:00Z,49959,553.3,1000,1000,3,2467286855,3,200,0.9
2026-09-29T23:34:30Z,49989,535.0,1000,1000,3,2468904410,3,200,0.6
2026-09-29T23:35:00Z,50019,534.3,1000,1000,3,2470643805,3,200,0.8
2026-09-29T23:35:30Z,50049,591.6,1000,1000,3,2472209440,3,200,0.5
2026-09-29T23:36:00Z,50079,497.9,1000,1000,3,2473771097,3,200,0.8
2026-09-29T23:36:30Z,50109,555.0,1000,1000,3,2475295832,3,200,0.4
2026-09-29T23:37:00Z,50139,533.7,1000,1000,3,2476719660,3,200,0.9
2026-09-29T23:37:31Z,50169,543.2,1000,1000,3,2478311297,3,200,0.4
2026-09-29T23:38:00Z,50199,547.3,1000,1000,3,2479792987,3,200,1.0
2026-09-29T23:38:30Z,50229,533.8,1000,1000,3,2481244773,3,200,0.7
2026-09-29T23:39:00Z,50259,541.1,1000,1000,3,2482704547,3,200,0.9
2026-09-29T23:39:30Z,50289,552.6,1000,1000,3,2484265178,3,200,0.4
2026-09-29T23:40:00Z,50319,536.4,1000,1000,3,2485822780,3,200,2.1
2026-09-29T23:40:30Z,50349,509.9,1000,1000,3,2487369373,3,200,0.5
2026-09-29T23:41:00Z,50379,533.3,1000,1000,3,2488900048,3,200,111.6
2026-09-29T23:41:30Z,50409,547.8,1000,1000,3,2490400755,3,200,0.6
2026-09-29T23:42:00Z,50439,510.9,1000,1000,3,2491975461,3,200,0.9
2026-09-29T23:42:30Z,50469,580.3,1000,1000,3,2493477174,3,200,0.5
2026-09-29T23:43:00Z,50499,527.1,1000,1000,3,2495010906,3,200,0.9
2026-09-29T23:43:30Z,50529,551.1,1000,1000,3,2496551650,3,200,0.5
2026-09-29T23:44:00Z,50559,544.1,1000,1000,3,2497941572,3,200,1.4
2026-09-29T23:44:31Z,50589,548.8,1000,1000,3,2499344494,3,200,0.5
2026-09-29T23:45:00Z,50619,576.9,1000,1000,3,2500722391,3,200,1.4
2026-09-29T23:45:30Z,50649,556.9,1000,1000,3,2502178210,3,200,0.5
2026-09-29T23:46:00Z,50679,547.2,1000,1000,3,2503633099,3,200,0.9
2026-09-29T23:46:30Z,50709,575.2,1000,1000,3,2505054155,3,200,130.4
2026-09-29T23:47:00Z,50739,516.4,1000,1000,3,2506509770,3,200,1.7
2026-09-29T23:47:30Z,50769,555.3,1000,1000,3,2507968618,3,200,0.5
2026-09-29T23:48:00Z,50799,557.0,1000,1000,3,2509338554,3,200,0.8
2026-09-29T23:48:30Z,50829,550.0,1000,1000,3,2510729179,3,200,0.6
2026-09-29T23:49:00Z,50859,542.0,1000,1000,3,2512163929,3,200,0.8
2026-09-29T23:49:30Z,50889,544.4,1000,1000,3,2513615183,3,200,0.5
2026-09-29T23:50:01Z,50919,544.1,1000,1000,3,2515090986,3,200,1.0
2026-09-29T23:50:30Z,50949,549.8,1000,1000,3,2516461872,3,200,45.8
2026-09-29T23:51:00Z,50979,585.7,1000,1000,3,2517843836,3,200,1.0
2026-09-29T23:51:30Z,51009,539.9,1000,1000,3,2519334623,3,200,0.5
2026-09-29T23:52:00Z,51039,574.1,1000,1000,3,2521707471,3,200,70.1
2026-09-29T23:52:30Z,51069,539.7,1000,1000,3,2523128296,3,200,0.5
2026-09-29T23:53:00Z,51099,556.3,1000,1000,3,2524562089,3,200,0.6
2026-09-29T23:53:30Z,51129,527.1,1000,1000,3,2525939003,3,200,0.8
2026-09-29T23:54:01Z,51159,524.1,1000,1000,3,2527338852,3,200,0.6
2026-09-29T23:54:30Z,51189,531.4,1000,1000,3,2528920496,3,200,0.8
2026-09-29T23:55:00Z,51219,540.9,1000,1000,3,2530454236,3,200,1.4
2026-09-29T23:55:31Z,51249,568.9,1000,1000,3,2532000973,3,200,0.9
2026-09-29T23:56:00Z,51279,535.4,1000,1000,3,2533537672,3,200,3.4
2026-09-29T23:56:30Z,51309,570.2,1000,1000,3,2535056378,3,200,1.2
2026-09-29T23:57:00Z,51339,551.3,1000,1000,3,2536633009,3,200,0.5
2026-09-29T23:57:30Z,51369,510.5,1000,1000,3,2538253566,3,200,0.9
2026-09-29T23:58:00Z,51399,585.6,1000,1000,3,2539785240,3,200,0.7
2026-09-29T23:58:30Z,51429,540.9,1000,1000,3,2541324967,3,200,0.8
2026-09-29T23:59:00Z,51459,535.0,1000,1000,3,2542914582,3,200,0.6
2026-09-29T23:59:31Z,51489,596.2,1000,1000,3,2544480273,3,200,0.9
2026-09-30T00:00:00Z,51519,563.7,1000,1000,3,2546062885,3,200,0.6
2026-09-30T00:00:30Z,51549,547.4,1000,1000,3,2547643478,3,200,0.8
2026-09-30T00:01:00Z,51579,536.0,1000,1000,3,2549345913,3,200,0.4
2026-09-30T00:01:30Z,51609,538.5,1000,1000,3,2550950117,3,200,17.4
2026-09-30T00:02:00Z,51639,548.4,1000,1000,3,2552440444,3,200,0.8
2026-09-30T00:02:30Z,51669,523.9,1000,1000,3,2554032913,3,200,1.0
2026-09-30T00:03:00Z,51699,558.1,1000,1000,3,2555570639,3,200,83.8
2026-09-30T00:03:30Z,51729,531.9,1000,1000,3,2557125274,3,200,0.8
2026-09-30T00:04:00Z,51759,537.6,1000,1000,3,2558731811,3,200,0.4
2026-09-30T00:04:30Z,51789,565.6,1000,1000,3,2560347386,3,200,0.7
2026-09-30T00:05:01Z,51819,530.9,1000,1000,3,2561893089,3,200,0.5
2026-09-30T00:05:30Z,51849,553.0,1000,1000,3,2563409821,3,200,1.0
2026-09-30T00:06:00Z,51879,513.7,1000,1000,3,2564910592,3,200,0.6
2026-09-30T00:06:30Z,51909,552.7,1000,1000,3,2566466292,3,200,0.7
2026-09-30T00:07:00Z,51939,531.3,1000,1000,3,2568052887,3,200,0.6
2026-09-30T00:07:30Z,51969,540.0,1000,1000,3,2569553681,3,200,0.8
2026-09-30T00:08:00Z,51999,536.9,1000,1000,3,2571124373,3,200,0.5
2026-09-30T00:08:30Z,52029,529.6,1000,1000,3,2572735962,3,200,0.8
2026-09-30T00:09:01Z,52059,533.0,1000,1000,3,2574444410,3,200,4.6
2026-09-30T00:09:30Z,52089,557.9,1000,1000,3,2576048998,3,200,20.2
2026-09-30T00:10:00Z,52119,529.4,1000,1000,3,2577631670,3,200,0.6
2026-09-30T00:10:30Z,52149,570.7,1000,1000,3,2579283231,3,200,0.8
2026-09-30T00:11:00Z,52179,526.7,1000,1000,3,2580813948,3,200,0.6
2026-09-30T00:11:30Z,52209,560.6,1000,1000,3,2582341664,3,200,1.1
2026-09-30T00:12:00Z,52239,526.5,1000,1000,3,2583819507,3,200,0.5
2026-09-30T00:12:30Z,52269,531.1,1000,1000,3,2585198452,3,200,1.3
2026-09-30T00:13:01Z,52299,558.8,1000,1000,3,2586593371,3,200,0.6
2026-09-30T00:13:30Z,52329,565.9,1000,1000,3,2587979284,3,200,28.7
2026-09-30T00:14:00Z,52359,494.7,1000,1000,3,2589321257,3,200,0.9
2026-09-30T00:14:30Z,52389,554.1,1000,1000,3,2590903919,3,200,0.4
2026-09-30T00:15:00Z,52419,526.2,1000,1000,3,2592393707,3,200,141.1
2026-09-30T00:15:30Z,52449,519.9,1000,1000,3,2593825539,3,200,0.5
2026-09-30T00:16:00Z,52479,555.2,1000,1000,3,2595396209,3,200,0.9
2026-09-30T00:16:30Z,52509,556.0,1000,1000,3,2596932811,3,200,0.7
2026-09-30T00:17:00Z,52539,537.8,1000,1000,3,2598425702,3,200,1.2
2026-09-30T00:17:30Z,52569,535.2,1000,1000,3,2600015381,3,200,0.4
2026-09-30T00:18:00Z,52599,572.6,1000,1000,3,2601568038,3,200,0.9
2026-09-30T00:18:31Z,52629,532.0,1000,1000,3,2603195724,3,200,0.6
2026-09-30T00:19:00Z,52659,559.0,1000,1000,3,2604727409,3,200,12.9
2026-09-30T00:19:30Z,52689,531.5,1000,1000,3,2606214205,3,200,0.5
2026-09-30T00:20:00Z,52719,541.7,1000,1000,3,2607705001,3,200,0.7
2026-09-30T00:20:30Z,52749,534.1,1000,1000,3,2609193776,3,200,1.1
2026-09-30T00:21:00Z,52779,509.3,1000,1000,3,2610724485,3,200,1.1
2026-09-30T00:21:30Z,52809,552.8,1000,1000,3,2612175320,3,200,74.6
2026-09-30T00:22:00Z,52839,702.9,1000,1000,3,2613569194,3,200,8.9
2026-09-30T00:22:31Z,52869,516.1,1000,1000,3,2616360510,3,200,0.9
2026-09-30T00:23:00Z,52899,546.9,1000,1000,3,2617875245,3,200,1.0
2026-09-30T00:23:30Z,52929,563.9,1000,1000,3,2619489827,3,200,0.5
2026-09-30T00:24:00Z,52959,527.3,1000,1000,3,2621059536,3,200,0.7
2026-09-30T00:24:30Z,52989,524.8,1000,1000,3,2622526688,3,200,57.4
2026-09-30T00:25:00Z,53019,550.1,1000,1000,3,2624089098,3,200,1.0
2026-09-30T00:25:30Z,53049,530.5,1000,1000,3,2625756640,3,200,0.6
2026-09-30T00:26:00Z,53079,548.4,1000,1000,3,2627297398,3,200,0.9
2026-09-30T00:26:30Z,53109,565.4,1000,1000,3,2628817173,3,200,0.5
2026-09-30T00:27:00Z,53139,584.1,1000,1000,3,2630489685,3,200,0.9
2026-09-30T00:27:30Z,53169,556.9,1000,1000,3,2632093276,3,200,0.5
2026-09-30T00:28:01Z,53199,530.1,1000,1000,3,2633687913,3,200,0.9
2026-09-30T00:28:30Z,53229,512.0,1000,1000,3,2635087766,3,200,0.5
2026-09-30T00:29:00Z,53259,518.8,1000,1000,3,2636513444,3,200,0.8
2026-09-30T00:29:31Z,53289,576.6,1000,1000,3,2637969408,3,200,0.8
2026-09-30T00:30:00Z,53319,511.5,1000,1000,3,2639444156,3,200,0.9
2026-09-30T00:30:30Z,53349,538.4,1000,1000,3,2640812057,3,200,0.4
2026-09-30T00:31:00Z,53379,547.9,1000,1000,3,2642253856,3,200,1.0
2026-09-30T00:31:30Z,53409,545.5,1000,1000,3,2643669718,3,200,0.7
2026-09-30T00:32:01Z,53439,560.0,1000,1000,3,2645146495,3,200,0.9
2026-09-30T00:32:30Z,53469,553.2,1000,1000,3,2646518361,3,200,0.5
2026-09-30T00:33:00Z,53499,522.7,1000,1000,3,2647901222,3,200,1.1
2026-09-30T00:33:31Z,53529,549.4,1000,1000,3,2649393996,3,200,0.5
2026-09-30T00:34:00Z,53559,569.1,1000,1000,3,2650796855,3,200,2.5
2026-09-30T00:34:30Z,53589,551.4,1000,1000,3,2652123768,3,200,0.5
2026-09-30T00:35:00Z,53619,555.0,1000,1000,3,2653610417,3,200,0.5
2026-09-30T00:35:30Z,53649,544.5,1000,1000,3,2654987420,3,200,0.7
2026-09-30T00:36:01Z,53679,529.2,1000,1000,3,2656476186,3,200,0.5
2026-09-30T00:36:30Z,53709,564.2,1000,1000,3,2657908021,3,200,1.0
2026-09-30T00:37:00Z,53739,524.3,1000,1000,3,2659320873,3,200,0.7
2026-09-30T00:37:30Z,53769,512.2,1000,1000,3,2660726713,3,200,0.9
2026-09-30T00:38:00Z,53799,563.5,1000,1000,3,2662187146,3,200,98.3
2026-09-30T00:38:30Z,53829,535.0,1000,1000,3,2663598319,3,200,1.0
2026-09-30T00:39:00Z,53859,553.6,1000,1000,3,2665011160,3,200,0.7
2026-09-30T00:39:30Z,53889,531.0,1000,1000,3,2666391036,3,200,1.0
2026-09-30T00:40:01Z,53919,529.2,1000,1000,3,2667879803,3,200,0.6
2026-09-30T00:40:30Z,53949,527.6,1000,1000,3,2669283642,3,200,3.9
2026-09-30T00:41:00Z,53979,545.1,1000,1000,3,2670667491,3,200,0.5
2026-09-30T00:41:30Z,54009,556.2,1000,1000,3,2672073333,3,200,1.3
2026-09-30T00:42:00Z,54039,525.3,1000,1000,3,2673449182,3,200,0.5
2026-09-30T00:42:30Z,54069,543.8,1000,1000,3,2674787084,3,200,0.7
2026-09-30T00:43:00Z,54099,564.6,1000,1000,3,2676244860,3,200,0.6
2026-09-30T00:43:30Z,54129,520.3,1000,1000,3,2677717668,3,200,0.8
2026-09-30T00:44:01Z,54159,539.8,1000,1000,3,2679183467,3,200,0.6
2026-09-30T00:44:30Z,54189,534.4,1000,1000,3,2680614315,3,200,53.7
2026-09-30T00:45:00Z,54219,538.8,1000,1000,3,2682034137,3,200,0.6
2026-09-30T00:45:30Z,54249,540.7,1000,1000,3,2683493945,3,200,0.8
2026-09-30T00:46:00Z,54279,557.5,1000,1000,3,2684859814,3,200,0.5
2026-09-30T00:46:31Z,54309,536.8,1000,1000,3,2686329595,3,200,0.9
2026-09-30T00:47:00Z,54339,555.6,1000,1000,3,2687910210,3,200,0.5
2026-09-30T00:47:30Z,54369,501.5,1000,1000,3,2689501830,3,200,0.9
2026-09-30T00:48:00Z,54399,558.6,1000,1000,3,2691193327,3,200,0.5
2026-09-30T00:48:30Z,54429,520.3,1000,1000,3,2692816869,3,200,51.2
2026-09-30T00:49:00Z,54459,551.3,1000,1000,3,2694428428,3,200,0.5
2026-09-30T00:49:30Z,54489,523.4,1000,1000,3,2695976118,3,200,0.8
2026-09-30T00:50:00Z,54519,560.1,1000,1000,3,2697464524,3,200,0.5
2026-09-30T00:50:30Z,54549,545.3,1000,1000,3,2698972597,3,200,0.7
2026-09-30T00:51:00Z,54579,545.0,1000,1000,3,2700466367,3,200,0.4
2026-09-30T00:51:30Z,54609,567.9,1000,1000,3,2701964086,3,200,0.9
2026-09-30T00:52:01Z,54640,546.9,1000,1000,3,2703435937,3,200,0.5
2026-09-30T00:52:31Z,54670,554.3,1000,1000,3,2705796736,3,200,3.5
2026-09-30T00:53:01Z,54700,542.2,1000,1000,3,2707230512,3,200,0.8
2026-09-30T00:53:32Z,54730,562.5,1000,1000,3,2708816190,3,200,0.8
2026-09-30T00:54:01Z,54760,546.6,1000,1000,3,2710308952,3,200,0.5
2026-09-30T00:54:31Z,54790,548.2,1000,1000,3,2711783765,3,200,2.0
2026-09-30T00:55:01Z,54820,523.3,1000,1000,3,2713257628,3,200,1.2
2026-09-30T00:55:31Z,54850,568.3,1000,1000,3,2714611576,3,200,77.6
2026-09-30T00:56:01Z,54880,545.8,1000,1000,3,2716034453,3,200,0.4
2026-09-30T00:56:31Z,54910,559.6,1000,1000,3,2717488322,3,200,1.1
2026-09-30T00:57:01Z,54940,561.1,1000,1000,3,2718871238,3,200,0.8
2026-09-30T00:57:31Z,54970,545.8,1000,1000,3,2720265129,3,200,0.6
2026-09-30T00:58:01Z,55000,544.8,1000,1000,3,2721732970,3,200,1.0
2026-09-30T00:58:31Z,55030,539.1,1000,1000,3,2723147828,3,200,0.5
2026-09-30T00:59:02Z,55060,559.7,1000,1000,3,2724550751,3,200,5.8
2026-09-30T00:59:31Z,55090,562.9,1000,1000,3,2725956650,3,200,1.4
2026-09-30T01:00:01Z,55120,569.9,1000,1000,3,2727511350,3,200,1.1
2026-09-30T01:00:31Z,55150,538.8,1000,1000,3,2729116934,3,200,0.5
2026-09-30T01:01:01Z,55180,564.2,1000,1000,3,2730579302,3,200,1.0
2026-09-30T01:01:31Z,55210,581.3,1000,1000,3,2732056385,3,200,0.5
2026-09-30T01:02:01Z,55240,577.5,1000,1000,3,2733572091,3,200,1.2
2026-09-30T01:02:31Z,55270,536.8,1000,1000,3,2735061325,3,200,134.0
2026-09-30T01:03:01Z,55300,565.9,1000,1000,3,2736565609,3,200,0.9
2026-09-30T01:03:31Z,55330,554.1,1000,1000,3,2738183121,3,200,1.7
2026-09-30T01:04:01Z,55360,553.7,1000,1000,3,2739773862,3,200,116.4
2026-09-30T01:04:31Z,55390,567.5,1000,1000,3,2741265676,3,200,0.6
2026-09-30T01:05:01Z,55420,559.2,1000,1000,3,2742919225,3,200,0.8
2026-09-30T01:05:31Z,55450,549.1,1000,1000,3,2744462906,3,200,106.1
2026-09-30T01:06:01Z,55480,537.0,1000,1000,3,2746027582,3,200,1.0
2026-09-30T01:06:31Z,55510,553.9,1000,1000,3,2747571323,3,200,0.5
2026-09-30T01:07:01Z,55540,543.2,1000,1000,3,2749158883,3,200,0.9
2026-09-30T01:07:32Z,55570,531.4,1000,1000,3,2750789454,3,200,0.8
2026-09-30T01:08:01Z,55600,519.9,1000,1000,3,2752333156,3,200,0.8
2026-09-30T01:08:31Z,55630,565.3,1000,1000,3,2753823940,3,200,0.5
2026-09-30T01:09:01Z,55660,545.1,1000,1000,3,2755290802,3,200,0.8
2026-09-30T01:09:31Z,55690,553.3,1000,1000,3,2756664868,3,200,55.2
2026-09-30T01:10:01Z,55720,525.7,1000,1000,3,2758047631,3,200,1.0
2026-09-30T01:10:31Z,55750,510.9,1000,1000,3,2759509465,3,200,0.5
2026-09-30T01:11:01Z,55780,547.9,1000,1000,3,2760893374,3,200,8.2
2026-09-30T01:11:32Z,55810,544.6,1000,1000,3,2762314301,3,200,0.4
2026-09-30T01:12:01Z,55840,533.5,1000,1000,3,2763727167,3,200,1.7
2026-09-30T01:12:31Z,55870,538.6,1000,1000,3,2765170999,3,200,1.3
2026-09-30T01:13:02Z,55900,540.1,1000,1000,3,2766726726,3,200,1.0
2026-09-30T01:13:31Z,55930,545.5,1000,1000,3,2768079655,3,200,1.0
2026-09-30T01:14:01Z,55960,536.2,1000,1000,3,2769491539,3,200,0.8
2026-09-30T01:14:31Z,55990,553.3,1000,1000,3,2770893441,3,200,0.4
2026-09-30T01:15:01Z,56020,583.1,1000,1000,3,2772313559,3,200,1.6
2026-09-30T01:15:31Z,56050,513.4,1000,1000,3,2773785043,3,200,0.7
2026-09-30T01:16:02Z,56080,519.2,1000,1000,3,2775281794,3,200,0.9
2026-09-30T01:16:31Z,56110,570.3,1000,1000,3,2776735550,3,200,0.6
2026-09-30T01:17:01Z,56140,560.0,1000,1000,3,2778180425,3,200,1.0
2026-09-30T01:17:31Z,56170,569.0,1000,1000,3,2779751128,3,200,0.6
2026-09-30T01:18:01Z,56200,536.0,1000,1000,3,2781237822,3,200,70.2
2026-09-30T01:18:31Z,56230,535.1,1000,1000,3,2782780591,3,200,0.7
2026-09-30T01:19:01Z,56260,571.0,1000,1000,3,2784295375,3,200,0.5
2026-09-30T01:19:31Z,56290,572.4,1000,1000,3,2785721219,3,200,0.8
2026-09-30T01:20:02Z,56320,547.4,1000,1000,3,2787231970,3,200,0.5
2026-09-30T01:20:31Z,56350,559.9,1000,1000,3,2788734759,3,200,21.8
2026-09-30T01:21:01Z,56380,540.1,1000,1000,3,2790237489,3,200,0.6
2026-09-30T01:21:31Z,56410,547.1,1000,1000,3,2791835147,3,200,0.8
2026-09-30T01:22:01Z,56440,562.1,1000,1000,3,2793464717,3,200,0.6
2026-09-30T01:22:31Z,56470,501.0,1000,1000,3,2795984357,3,200,0.9
2026-09-30T01:23:01Z,56500,517.7,1000,1000,3,2797556949,3,200,0.5
2026-09-30T01:23:31Z,56530,532.0,1000,1000,3,2798954794,3,200,0.9
2026-09-30T01:24:01Z,56560,548.4,1000,1000,3,2800355628,3,200,0.5
2026-09-30T01:24:31Z,56590,541.2,1000,1000,3,2801783461,3,200,0.8
2026-09-30T01:25:01Z,56620,536.5,1000,1000,3,2803190266,3,200,4.0
2026-09-30T01:25:32Z,56650,548.4,1000,1000,3,2804724912,3,200,1.0
2026-09-30T01:26:01Z,56680,529.5,1000,1000,3,2806271566,3,200,0.6
2026-09-30T01:26:31Z,56710,541.2,1000,1000,3,2807733291,3,200,0.8
2026-09-30T01:27:02Z,56740,539.6,1000,1000,3,2809247959,3,200,0.5
2026-09-30T01:27:31Z,56770,537.9,1000,1000,3,2810716702,3,200,0.8
2026-09-30T01:28:01Z,56800,546.8,1000,1000,3,2812202444,3,200,0.5
2026-09-30T01:28:31Z,56830,545.6,1000,1000,3,2813713130,3,200,0.8
2026-09-30T01:29:01Z,56860,546.8,1000,1000,3,2815311697,3,200,1.4
2026-09-30T01:29:31Z,56890,537.9,1000,1000,3,2816763473,3,200,0.8
2026-09-30T01:30:01Z,56920,542.9,1000,1000,3,2818256203,3,200,0.7
2026-09-30T01:30:31Z,56950,545.4,1000,1000,3,2819687014,3,200,0.8
2026-09-30T01:31:02Z,56980,547.1,1000,1000,3,2821186783,3,200,0.5
2026-09-30T01:31:31Z,57010,584.0,1000,1000,3,2822626611,3,200,0.9
2026-09-30T01:32:01Z,57040,518.9,1000,1000,3,2824031484,3,200,0.5
2026-09-30T01:32:31Z,57070,574.6,1000,1000,3,2825458352,3,200,1.0
2026-09-30T01:33:01Z,57100,558.1,1000,1000,3,2826828315,3,200,1.2
2026-09-30T01:33:32Z,57130,549.3,1000,1000,3,2828308095,3,200,0.9
2026-09-30T01:34:01Z,57160,583.2,1000,1000,3,2829702017,3,200,0.5
2026-09-30T01:34:31Z,57190,553.2,1000,1000,3,2831098897,3,200,2.5
2026-09-30T01:35:01Z,57220,549.5,1000,1000,3,2832515786,3,200,0.5
2026-09-30T01:35:31Z,57250,563.0,1000,1000,3,2833898684,3,200,1.0
2026-09-30T01:36:01Z,57280,535.5,1000,1000,3,2835310568,3,200,0.4
2026-09-30T01:36:31Z,57310,565.0,1000,1000,3,2836753650,3,200,0.9
2026-09-30T01:37:01Z,57340,530.9,1000,1000,3,2838125406,3,200,0.5
2026-09-30T01:37:32Z,57370,564.8,1000,1000,3,2839556323,3,200,0.9
2026-09-30T01:38:01Z,57400,545.5,1000,1000,3,2840900263,3,200,66.9
2026-09-30T01:38:31Z,57430,537.0,1000,1000,3,2842312141,3,200,3.6
2026-09-30T01:39:01Z,57460,565.8,1000,1000,3,2843755990,3,200,0.5
2026-09-30T01:39:31Z,57490,556.6,1000,1000,3,2845205445,3,200,100.2
2026-09-30T01:40:01Z,57520,533.1,1000,1000,3,2846590677,3,200,0.8
2026-09-30T01:40:32Z,57550,518.9,1000,1000,3,2848071504,3,200,0.9
2026-09-30T01:41:01Z,57580,561.3,1000,1000,3,2849430431,3,200,0.8
2026-09-30T01:41:31Z,57610,527.6,1000,1000,3,2850815299,3,200,0.4
2026-09-30T01:42:02Z,57640,518.9,1000,1000,3,2852202233,3,200,2.4
2026-09-30T01:42:31Z,57670,531.4,1000,1000,3,2853633040,3,200,43.3
2026-09-30T01:43:01Z,57700,518.3,1000,1000,3,2855010964,3,200,0.8
2026-09-30T01:43:31Z,57730,563.7,1000,1000,3,2856479727,3,200,0.5
2026-09-30T01:44:01Z,57760,542.0,1000,1000,3,2857856649,3,200,109.6
2026-09-30T01:44:31Z,57790,540.7,1000,1000,3,2859239559,3,200,0.6
2026-09-30T01:45:01Z,57820,540.9,1000,1000,3,2860671424,3,200,2.7
2026-09-30T01:45:31Z,57850,563.8,1000,1000,3,2862097267,3,200,0.6
2026-09-30T01:46:02Z,57880,566.1,1000,1000,3,2863496150,3,200,0.9
2026-09-30T01:46:31Z,57910,559.4,1000,1000,3,2864910035,3,200,0.6
2026-09-30T01:47:01Z,57940,531.2,1000,1000,3,2866357856,3,200,1.8
2026-09-30T01:47:32Z,57970,590.2,1000,1000,3,2867860623,3,200,0.5
2026-09-30T01:48:01Z,58000,550.1,1000,1000,3,2869291602,3,200,2.2
2026-09-30T01:48:31Z,58030,546.5,1000,1000,3,2870657394,3,200,0.5
2026-09-30T01:49:01Z,58060,553.9,1000,1000,3,2872174091,3,200,0.9
2026-09-30T01:49:31Z,58090,527.5,1000,1000,3,2873578991,3,200,4.8
2026-09-30T01:50:01Z,58120,521.1,1000,1000,3,2874977860,3,200,0.8
2026-09-30T01:50:31Z,58150,554.9,1000,1000,3,2876394753,3,200,0.6
2026-09-30T01:51:01Z,58180,552.7,1000,1000,3,2877776634,3,200,1.2
2026-09-30T01:51:32Z,58210,556.6,1000,1000,3,2879241436,3,200,2.2
2026-09-30T01:52:01Z,58240,570.1,1000,1000,3,2880642266,3,200,1.0
2026-09-30T01:52:31Z,58270,559.9,999,999,4,2882024703,4,200,0.5
2026-09-30T01:53:01Z,58300,535.7,999,999,4,2883451067,4,200,1.4
2026-09-30T01:53:32Z,58330,516.0,999,999,4,2884972286,4,200,0.6
2026-09-30T01:54:01Z,58360,548.6,999,999,4,2886341841,4,200,28.3
2026-09-30T01:54:31Z,58390,601.3,1000,1000,4,2888803360,4,200,81.1
2026-09-30T01:55:01Z,58420,542.1,1000,1000,4,2890291282,4,200,1.0
2026-09-30T01:55:31Z,58450,556.6,1000,1000,4,2891836945,4,200,0.4
2026-09-30T01:56:01Z,58480,541.7,1000,1000,4,2893354661,4,200,76.6
2026-09-30T01:56:31Z,58510,539.3,1000,1000,4,2894906386,4,200,0.6
2026-09-30T01:57:02Z,58540,550.0,1000,1000,4,2896482044,4,200,0.9
2026-09-30T01:57:31Z,58570,513.7,1000,1000,4,2898022073,4,200,18.9
2026-09-30T01:58:01Z,58600,546.6,1000,1000,4,2899546487,4,200,1.0
2026-09-30T01:58:31Z,58630,560.8,1000,1000,4,2901221991,4,200,0.5
2026-09-30T01:59:01Z,58660,548.0,1000,1000,4,2902768025,4,200,141.7
2026-09-30T01:59:31Z,58690,519.5,1000,1000,4,2904262398,4,200,0.6
2026-09-30T02:00:01Z,58720,553.6,1000,1000,4,2905934920,4,200,1.0
2026-09-30T02:00:31Z,58750,530.2,1000,1000,4,2907427621,4,200,89.8
2026-09-30T02:01:01Z,58780,515.7,1000,1000,4,2908960370,4,200,0.6
2026-09-30T02:01:31Z,58810,553.7,1000,1000,4,2910523048,4,200,0.8
2026-09-30T02:02:01Z,58840,543.2,1000,1000,4,2912163570,4,200,0.7
2026-09-30T02:02:31Z,58870,521.3,1000,1000,4,2913750232,4,200,0.7
2026-09-30T02:03:01Z,58900,555.0,1000,1000,4,2915357846,4,200,0.6
2026-09-30T02:03:31Z,58930,541.9,1000,1000,4,2916809687,4,200,1.0
2026-09-30T02:04:01Z,58960,519.4,1000,1000,4,2918425283,4,200,0.5
2026-09-30T02:04:31Z,58990,520.6,1000,1000,4,2919909443,4,200,84.2
2026-09-30T02:05:01Z,59020,519.1,1000,1000,4,2921273911,4,200,0.6
2026-09-30T02:05:31Z,59050,525.4,1000,1000,4,2922678746,4,200,0.8
2026-09-30T02:06:01Z,59080,553.6,1000,1000,4,2924046602,4,200,0.5
2026-09-30T02:06:32Z,59110,554.7,1000,1000,4,2925492394,4,200,2.0
2026-09-30T02:07:01Z,59140,559.3,1000,1000,4,2926860259,4,200,0.4
2026-09-30T02:07:31Z,59170,572.4,1000,1000,4,2928240128,4,200,1.2
2026-09-30T02:08:02Z,59200,518.3,1000,1000,4,2929636974,4,200,0.5
2026-09-30T02:08:31Z,59230,549.8,1000,1000,4,2931019834,4,200,76.4
2026-09-30T02:09:01Z,59260,538.2,1000,1000,4,2932410678,4,200,0.5
2026-09-30T02:09:31Z,59290,559.1,1000,1000,4,2933787534,4,200,0.8
2026-09-30T02:10:01Z,59320,531.0,1000,1000,4,2935157391,4,200,0.5
2026-09-30T02:10:32Z,59350,541.3,1000,1000,4,2936593187,4,200,1.4
2026-09-30T02:11:01Z,59380,573.0,1000,1000,4,2938046146,4,200,13.8
2026-09-30T02:11:31Z,59410,523.8,1000,1000,4,2939483813,4,200,0.7
2026-09-30T02:12:01Z,59440,517.2,1000,1000,4,2940883647,4,200,0.7
2026-09-30T02:12:31Z,59470,576.4,1000,1000,4,2942281381,4,200,139.0
2026-09-30T02:13:01Z,59500,538.0,1000,1000,4,2943677322,4,200,0.5
2026-09-30T02:13:31Z,59530,527.5,1000,1000,4,2945061170,4,200,0.8
2026-09-30T02:14:01Z,59560,531.0,1000,1000,4,2946445180,4,200,0.6
2026-09-30T02:14:31Z,59590,543.8,1000,1000,4,2947914768,4,200,0.8
2026-09-30T02:15:01Z,59620,569.9,1000,1000,4,2949370548,4,200,0.5
2026-09-30T02:15:31Z,59650,576.2,1000,1000,4,2950760359,4,200,4.6
2026-09-30T02:16:01Z,59680,513.1,1000,1000,4,2952159225,4,200,0.5
2026-09-30T02:16:31Z,59710,541.0,1000,1000,4,2953540437,4,200,1.0
2026-09-30T02:17:01Z,59740,558.1,1000,1000,4,2954898953,4,200,1.3
2026-09-30T02:17:32Z,59770,525.9,1000,1000,4,2956275814,4,200,0.9
2026-09-30T02:18:01Z,59800,556.9,1000,1000,4,2957577739,4,200,0.4
2026-09-30T02:18:31Z,59830,526.8,1000,1000,4,2958996566,4,200,0.7
2026-09-30T02:19:01Z,59860,529.9,1000,1000,4,2960426351,4,200,0.6
2026-09-30T02:19:31Z,59890,549.2,1000,1000,4,2961827601,4,200,99.1
2026-09-30T02:20:01Z,59920,528.0,1000,1000,4,2963196061,4,200,0.5
2026-09-30T02:20:31Z,59950,534.4,1000,1000,4,2964618874,4,200,1.2
2026-09-30T02:21:01Z,59980,519.0,1000,1000,4,2965971759,4,200,1.3
2026-09-30T02:21:32Z,60010,519.6,1000,1000,4,2967421573,4,200,0.8
2026-09-30T02:22:01Z,60040,559.0,1000,1000,4,2968793434,4,200,0.8
2026-09-30T02:22:31Z,60070,542.1,1000,1000,4,2970181300,4,200,0.5
2026-09-30T02:23:02Z,60100,550.8,1000,1000,4,2971635067,4,200,1.0
2026-09-30T02:23:31Z,60130,560.3,1000,1000,4,2973072037,4,200,29.5
2026-09-30T02:24:01Z,60160,540.0,1000,1000,4,2974420658,4,200,0.8
2026-09-30T02:24:31Z,60190,647.5,1000,1000,4,2975859439,4,200,4.8
2026-09-30T02:25:01Z,60220,546.5,1000,1000,4,2978447968,4,200,2.0
2026-09-30T02:25:31Z,60250,522.4,1000,1000,4,2979990637,4,200,0.5
2026-09-30T02:26:02Z,60280,513.3,1000,1000,4,2981511351,4,200,0.8
2026-09-30T02:26:31Z,60310,545.1,1000,1000,4,2982961773,4,200,26.8
2026-09-30T02:27:01Z,60340,514.1,1000,1000,4,2984409714,4,200,1.0
2026-09-30T02:27:31Z,60370,548.6,1000,1000,4,2985937626,4,200,0.4
2026-09-30T02:28:01Z,60400,547.5,1000,1000,4,2987457291,4,200,139.0
2026-09-30T02:28:31Z,60430,533.6,1000,1000,4,2989104790,4,200,0.5
2026-09-30T02:29:01Z,60460,535.6,1000,1000,4,2990728370,4,200,0.9
2026-09-30T02:29:31Z,60490,508.6,1000,1000,4,2992221156,4,200,116.2
2026-09-30T02:30:01Z,60520,547.9,1000,1000,4,2993640012,4,200,0.8
2026-09-30T02:30:31Z,60550,583.5,1000,1000,4,2995190698,4,200,0.5
2026-09-30T02:31:01Z,60580,546.7,1000,1000,4,2996673423,4,200,3.8
2026-09-30T02:31:32Z,60610,539.7,1000,1000,4,2998262092,4,200,0.5
2026-09-30T02:32:01Z,60640,546.7,1000,1000,4,2999882650,4,200,0.7
2026-09-30T02:32:31Z,60670,546.5,1000,1000,4,3001367381,4,200,0.5
2026-09-30T02:33:02Z,60700,547.6,1000,1000,4,3002977988,4,200,0.9
2026-09-30T02:33:31Z,60730,557.7,1000,1000,4,3004473537,4,200,16.7
2026-09-30T02:34:01Z,60760,556.6,1000,1000,4,3005990391,4,200,1.1
2026-09-30T02:34:31Z,60790,565.8,1000,1000,4,3007581990,4,200,0.5
2026-09-30T02:35:01Z,60820,533.8,1000,1000,4,3009127648,4,200,0.9
2026-09-30T02:35:31Z,60850,548.5,1000,1000,4,3010738237,4,200,0.5
2026-09-30T02:36:01Z,60880,538.2,1000,1000,4,3012335878,4,200,0.8
2026-09-30T02:36:31Z,60910,514.6,1000,1000,4,3013794697,4,200,0.6
2026-09-30T02:37:02Z,60940,562.3,1000,1000,4,3015243999,4,200,1.1
2026-09-30T02:37:31Z,60970,529.2,1000,1000,4,3016669370,4,200,0.5
2026-09-30T02:38:01Z,61000,561.3,1000,1000,4,3018090526,4,200,1.0
2026-09-30T02:38:31Z,61030,513.0,1000,1000,4,3019494092,4,200,0.5
2026-09-30T02:39:01Z,61060,560.8,1000,1000,4,3020920430,4,200,1.4
2026-09-30T02:39:32Z,61090,526.5,1000,1000,4,3022607479,4,200,0.5
2026-09-30T02:40:01Z,61120,548.9,1000,1000,4,3024115226,4,200,0.9
2026-09-30T02:40:31Z,61150,520.7,1000,1000,4,3025738774,4,200,0.8
2026-09-30T02:41:02Z,61180,534.1,1000,1000,4,3027338458,4,200,0.7
2026-09-30T02:41:31Z,61210,561.9,1000,1000,4,3028915117,4,200,0.8
2026-09-30T02:42:01Z,61240,544.9,1000,1000,4,3030512747,4,200,0.7
2026-09-30T02:42:32Z,61270,541.0,1000,1000,4,3032087453,4,200,0.8
2026-09-30T02:43:01Z,61300,533.1,1000,1000,4,3033624178,4,200,0.4
2026-09-30T02:43:31Z,61330,542.4,1000,1000,4,3035165889,4,200,0.8
2026-09-30T02:44:01Z,61360,543.5,1000,1000,4,3036803458,4,200,0.5
2026-09-30T02:44:31Z,61390,539.8,1000,1000,4,3038391117,4,200,0.8
2026-09-30T02:45:01Z,61420,540.1,1000,1000,4,3039948822,4,200,0.5
2026-09-30T02:45:31Z,61450,547.7,1000,1000,4,3041589424,4,200,1.9
2026-09-30T02:46:01Z,61480,540.7,1000,1000,4,3043201012,4,200,0.5
2026-09-30T02:46:32Z,61510,511.3,1000,1000,4,3044769740,4,200,0.9
2026-09-30T02:47:01Z,61540,533.9,1000,1000,4,3046312465,4,200,1.7
2026-09-30T02:47:31Z,61570,543.6,1000,1000,4,3047880147,4,200,0.8
2026-09-30T02:48:01Z,61600,545.5,1000,1000,4,3049420914,4,200,0.6
2026-09-30T02:48:31Z,61630,523.9,1000,1000,4,3051014539,4,200,1.0
2026-09-30T02:49:01Z,61660,538.7,1000,1000,4,3052553271,4,200,0.5
2026-09-30T02:49:31Z,61690,525.2,1000,1000,4,3054111000,4,200,0.9
2026-09-30T02:50:01Z,61720,554.8,1000,1000,4,3055665720,4,200,0.5
2026-09-30T02:50:31Z,61750,534.7,1000,1000,4,3057287315,4,200,1.0
2026-09-30T02:51:01Z,61780,567.7,1000,1000,4,3058804942,4,200,73.3
2026-09-30T02:51:31Z,61810,530.5,1000,1000,4,3060372718,4,200,0.9
2026-09-30T02:52:01Z,61840,537.5,1000,1000,4,3062014696,4,200,0.5
2026-09-30T02:52:31Z,61870,533.5,1000,1000,4,3063583160,4,200,178.1
2026-09-30T02:53:01Z,61900,549.7,1000,1000,4,3065269385,4,200,0.5
2026-09-30T02:53:31Z,61930,535.2,1000,1000,4,3066910994,4,200,0.8
2026-09-30T02:54:01Z,61960,526.1,1000,1000,4,3068437744,4,200,0.5
2026-09-30T02:54:32Z,61990,565.5,1000,1000,4,3069958558,4,200,1.1
2026-09-30T02:55:01Z,62020,530.2,1000,1000,4,3072508458,4,200,0.5
2026-09-30T02:55:31Z,62050,525.5,1000,1000,4,3074015909,4,200,0.8
2026-09-30T02:56:02Z,62080,567.1,1000,1000,4,3075448716,4,200,0.8
2026-09-30T02:56:31Z,62110,526.4,1000,1000,4,3076801789,4,200,97.2
2026-09-30T02:57:01Z,62140,538.7,1000,1000,4,3078199382,4,200,0.5
2026-09-30T02:57:32Z,62170,540.4,1000,1000,4,3079613205,4,200,1.5
2026-09-30T02:58:01Z,62200,550.8,1000,1000,4,3080983055,4,200,73.5
2026-09-30T02:58:31Z,62230,555.2,1000,1000,4,3082341933,4,200,0.9
2026-09-30T02:59:01Z,62260,545.2,1000,1000,4,3083771772,4,200,0.5
2026-09-30T02:59:31Z,62290,540.1,1000,1000,4,3085129565,4,200,1.1
2026-09-30T03:00:01Z,62320,514.1,1000,1000,4,3086499521,4,200,0.5
2026-09-30T03:00:31Z,62350,543.5,1000,1000,4,3087903382,4,200,0.9
2026-09-30T03:01:01Z,62380,544.2,1000,1000,4,3089260224,4,200,0.4
2026-09-30T03:01:31Z,62410,518.9,1000,1000,4,3090619076,4,200,1.9
2026-09-30T03:02:01Z,62440,544.1,1000,1000,4,3092044898,4,200,0.7
2026-09-30T03:02:31Z,62470,533.0,1000,1000,4,3093424721,4,200,0.5
2026-09-30T03:03:02Z,62500,532.9,1000,1000,4,3094811576,4,200,0.8
2026-09-30T03:03:31Z,62530,502.2,1000,1000,4,3096194435,4,200,10.2
2026-09-30T03:04:01Z,62560,525.0,1000,1000,4,3097575287,4,200,0.8
2026-09-30T03:04:31Z,62590,538.5,1000,1000,4,3098974163,4,200,1.3
2026-09-30T03:05:01Z,62620,534.7,1000,1000,4,3100344042,4,200,0.8
2026-09-30T03:05:32Z,62650,569.8,1000,1000,4,3101778851,4,200,0.5
2026-09-30T03:06:01Z,62680,535.2,1000,1000,4,3103123744,4,200,1.1
2026-09-30T03:06:31Z,62710,560.5,1000,1000,4,3104450655,4,200,0.5
2026-09-30T03:07:01Z,62740,556.6,1000,1000,4,3105808502,4,200,0.9
2026-09-30T03:07:31Z,62770,537.2,1000,1000,4,3107132414,4,200,0.9
2026-09-30T03:08:02Z,62800,540.2,1000,1000,4,3108544242,4,200,0.9
2026-09-30T03:08:31Z,62830,539.0,1000,1000,4,3109919119,4,200,0.7
2026-09-30T03:09:01Z,62860,520.4,1000,1000,4,3111282991,4,200,0.8
2026-09-30T03:09:31Z,62890,539.2,1000,1000,4,3112723733,4,200,0.9
2026-09-30T03:10:01Z,62920,564.8,1000,1000,4,3114079593,4,200,0.8
2026-09-30T03:10:32Z,62950,562.2,1000,1000,4,3115495408,4,200,0.6
2026-09-30T03:11:01Z,62980,554.2,1000,1000,4,3116868271,4,200,1.4
2026-09-30T03:11:31Z,63010,523.4,1000,1000,4,3118227172,4,200,0.6
2026-09-30T03:12:02Z,63040,534.4,1000,1000,4,3119659987,4,200,1.1
2026-09-30T03:12:31Z,63070,534.2,1000,1000,4,3121031854,4,200,0.5
2026-09-30T03:13:01Z,63100,526.7,1000,1000,4,3122386509,4,200,0.9
2026-09-30T03:13:31Z,63130,545.4,1000,1000,4,3123805524,4,200,0.8
2026-09-30T03:14:01Z,63160,564.9,1000,1000,4,3125198630,4,200,0.8
2026-09-30T03:14:31Z,63190,518.5,1000,1000,4,3126618161,4,200,0.6
2026-09-30T03:15:01Z,63220,568.1,1000,1000,4,3128094923,4,200,0.9
2026-09-30T03:15:31Z,63250,528.6,1000,1000,4,3129502717,4,200,0.5
2026-09-30T03:16:02Z,63280,539.2,1000,1000,4,3130977490,4,200,1.0
2026-09-30T03:16:31Z,63310,519.2,1000,1000,4,3132341300,4,200,1.2
2026-09-30T03:17:01Z,63340,543.3,1000,1000,4,3133732182,4,200,0.8
2026-09-30T03:17:32Z,63370,527.4,1000,1000,4,3135173967,4,200,0.9
2026-09-30T03:18:01Z,63400,545.3,1000,1000,4,3136594739,4,200,3.3
2026-09-30T03:18:31Z,63430,523.6,1000,1000,4,3137984499,4,200,0.5
2026-09-30T03:19:01Z,63460,546.6,1000,1000,4,3139366354,4,200,0.9
2026-09-30T03:19:31Z,63490,547.9,1000,1000,4,3140726208,4,200,2.5
2026-09-30T03:20:01Z,63520,514.4,1000,1000,4,3142105074,4,200,1.1
2026-09-30T03:20:31Z,63550,515.6,1000,1000,4,3143520874,4,200,0.7
2026-09-30T03:21:01Z,63580,541.4,1000,1000,4,3144866770,4,200,1.1
2026-09-30T03:21:32Z,63610,557.6,1000,1000,4,3146270601,4,200,3.0
2026-09-30T03:22:01Z,63640,523.1,1000,1000,4,3147651423,4,200,15.5
2026-09-30T03:22:31Z,63670,533.8,1000,1000,4,3149018286,4,200,0.4
2026-09-30T03:23:01Z,63700,539.5,1000,1000,4,3150422097,4,200,0.8
2026-09-30T03:23:31Z,63730,537.8,1000,1000,4,3151772958,4,200,11.2
2026-09-30T03:24:01Z,63760,559.7,1000,1000,4,3153136835,4,200,1.0
2026-09-30T03:24:31Z,63790,525.0,1000,1000,4,3154485706,4,200,1.1
2026-09-30T03:25:01Z,63820,507.9,1000,1000,4,3156826550,4,200,0.5
2026-09-30T03:25:32Z,63850,539.4,1000,1000,4,3158222347,4,200,0.8
2026-09-30T03:26:01Z,63880,561.7,1000,1000,4,3159555163,4,200,0.6
2026-09-30T03:26:31Z,63910,525.3,1000,1000,4,3160930941,4,200,0.8
2026-09-30T03:27:02Z,63940,539.2,1000,1000,4,3162343690,4,200,0.6
2026-09-30T03:27:31Z,63970,541.5,1000,1000,4,3163712496,4,200,0.9
2026-09-30T03:28:01Z,64000,532.1,1000,1000,4,3165073311,4,200,0.6
2026-09-30T03:28:31Z,64030,523.0,1000,1000,4,3166534036,4,200,0.7
2026-09-30T03:29:01Z,64060,525.2,1000,1000,4,3167893844,4,200,0.6
2026-09-30T03:29:32Z,64090,547.5,1000,1000,4,3169306606,4,200,1.0
2026-09-30T03:30:01Z,64120,548.9,1000,1000,4,3170675422,4,200,5.2
2026-09-30T03:30:31Z,64150,558.3,1000,1000,4,3171982254,4,200,0.9
2026-09-30T03:31:01Z,64180,533.1,1000,1000,4,3173350061,4,200,0.5
2026-09-30T03:31:31Z,64210,546.1,1000,1000,4,3174723879,4,200,0.9
2026-09-30T03:32:01Z,64240,547.0,1000,1000,4,3176033709,4,200,0.4
2026-09-30T03:32:31Z,64270,551.2,1000,1000,4,3177431486,4,200,0.8
2026-09-30T03:33:01Z,64300,541.3,1000,1000,4,3178752316,4,200,0.6
2026-09-30T03:33:32Z,64330,542.0,1000,1000,4,3180180080,4,200,0.9
2026-09-30T03:34:01Z,64360,547.4,1000,1000,4,3181524904,4,200,0.6
2026-09-30T03:34:31Z,64390,544.6,1000,1000,4,3182875721,4,200,0.8
2026-09-30T03:35:01Z,64420,493.8,1000,1000,4,3184217519,4,200,0.6
2026-09-30T03:35:31Z,64450,568.4,1000,1000,4,3185581311,4,200,1.4
2026-09-30T03:36:02Z,64480,540.7,1000,1000,4,3186967127,4,200,0.7
2026-09-30T03:36:31Z,64510,582.1,1000,1000,4,3188320958,4,200,1.1
2026-09-30T03:37:01Z,64540,500.8,1000,1000,4,3189687773,4,200,0.5
2026-09-30T03:37:31Z,64570,506.8,1000,1000,4,3191088563,4,200,0.8
2026-09-30T03:38:01Z,64600,527.1,1000,1000,4,3192416308,4,200,81.4
2026-09-30T03:38:31Z,64630,544.9,1000,1000,4,3193734229,4,200,0.8
2026-09-30T03:39:01Z,64660,560.1,1000,1000,4,3195140004,4,200,1.1
2026-09-30T03:39:31Z,64690,532.1,1000,1000,4,3196484843,4,200,0.9
2026-09-30T03:40:02Z,64720,559.1,1000,1000,4,3197841621,4,200,0.4
2026-09-30T03:40:31Z,64750,549.7,1000,1000,4,3199235377,4,200,1.0
2026-09-30T03:41:01Z,64780,518.0,1000,1000,4,3200589052,4,200,0.7
2026-09-30T03:41:31Z,64810,542.2,1000,1000,4,3201979973,4,200,0.9
2026-09-30T03:42:01Z,64840,517.5,1000,1000,4,3203329810,4,200,8.1
2026-09-30T03:42:31Z,64870,566.0,1000,1000,4,3204645648,4,200,1.0
2026-09-30T03:43:01Z,64900,572.0,1000,1000,4,3206075406,4,200,0.6
2026-09-30T03:43:31Z,64930,553.0,1000,1000,4,3207444195,4,200,1.9
2026-09-30T03:44:02Z,64960,522.4,1000,1000,4,3208840963,4,200,0.5
2026-09-30T03:44:31Z,64990,514.4,1000,1000,4,3210192775,4,200,1.9
2026-09-30T03:45:01Z,65020,520.5,1000,1000,4,3211545577,4,200,0.5
2026-09-30T03:45:31Z,65050,557.6,1000,1000,4,3212917367,4,200,0.5
2026-09-30T03:46:01Z,65080,545.8,1000,1000,4,3214259809,4,200,55.9
2026-09-30T03:46:31Z,65110,513.7,1000,1000,4,3215626997,4,200,0.5
2026-09-30T03:47:01Z,65140,515.5,1000,1000,4,3217007774,4,200,0.9
2026-09-30T03:47:31Z,65170,537.3,1000,1000,4,3218328082,4,200,126.1
2026-09-30T03:48:01Z,65200,527.4,1000,1000,4,3219674395,4,200,0.9
2026-09-30T03:48:31Z,65230,515.9,1000,1000,4,3221064183,4,200,0.7
2026-09-30T03:49:01Z,65260,542.7,1000,1000,4,3222432987,4,200,0.9
2026-09-30T03:49:32Z,65290,559.9,1000,1000,4,3223852763,4,200,0.6
2026-09-30T03:50:01Z,65320,528.9,1000,1000,4,3225196597,4,200,1.8
2026-09-30T03:50:31Z,65350,581.6,1000,1000,4,3226554401,4,200,0.6
2026-09-30T03:51:01Z,65380,543.1,1000,1000,4,3228004110,4,200,0.9
2026-09-30T03:51:31Z,65410,550.0,1000,1000,4,3229363662,4,200,0.4
2026-09-30T03:52:01Z,65440,536.9,1000,1000,4,3230691702,4,200,0.9
2026-09-30T03:52:32Z,65470,548.0,1000,1000,4,3232102449,4,200,0.5
2026-09-30T03:53:01Z,65500,559.6,1000,1000,4,3233438285,4,200,2.2
2026-09-30T03:53:31Z,65530,535.6,1000,1000,4,3234819083,4,200,0.5
2026-09-30T03:54:01Z,65560,583.5,1000,1000,4,3236155901,4,200,0.9
2026-09-30T03:54:31Z,65590,520.9,1000,1000,4,3237489723,4,200,0.5
2026-09-30T03:55:02Z,65620,544.8,1000,1000,4,3239868468,4,200,0.9
2026-09-30T03:55:31Z,65650,522.4,1000,1000,4,3241392165,4,200,0.5
2026-09-30T03:56:01Z,65680,520.4,1000,1000,4,3242944817,4,200,2.2
2026-09-30T03:56:31Z,65710,547.5,1000,1000,4,3244475520,4,200,0.5
2026-09-30T03:57:01Z,65740,558.2,1000,1000,4,3246078068,4,200,40.1
2026-09-30T03:57:31Z,65770,523.4,1000,1000,4,3247567864,4,200,0.5
2026-09-30T03:58:01Z,65800,535.1,1000,1000,4,3249164505,4,200,0.9
2026-09-30T03:58:31Z,65830,535.2,1000,1000,4,3250677004,4,200,6.9
2026-09-30T03:59:01Z,65860,530.4,1000,1000,4,3252071079,4,200,0.9
2026-09-30T03:59:31Z,65890,543.1,1000,1000,4,3253437951,4,200,0.5
2026-09-30T04:00:01Z,65920,535.4,1000,1000,4,3254737885,4,200,0.8
2026-09-30T04:00:32Z,65950,533.1,1000,1000,4,3256203709,4,200,0.5
2026-09-30T04:01:01Z,65980,549.9,1000,1000,4,3257618547,4,200,65.6
2026-09-30T04:01:31Z,66010,531.0,1000,1000,4,3259024402,4,200,0.5
2026-09-30T04:02:02Z,66040,533.6,1000,1000,4,3260560112,4,200,0.8
2026-09-30T04:02:31Z,66070,520.8,1000,1000,4,3262082118,4,200,49.4
2026-09-30T04:03:01Z,66100,532.5,1000,1000,4,3263664464,4,200,1.2
2026-09-30T04:03:31Z,66130,554.8,1000,1000,4,3265239161,4,200,0.4
2026-09-30T04:04:01Z,66160,540.0,1000,1000,4,3266736129,4,200,1.1
2026-09-30T04:04:31Z,66190,538.2,1000,1000,4,3268254665,4,200,0.5
2026-09-30T04:05:01Z,66220,505.1,1000,1000,4,3269788367,4,200,0.8
2026-09-30T04:05:31Z,66250,524.6,1000,1000,4,3271291099,4,200,13.8
2026-09-30T04:06:01Z,66280,532.7,1000,1000,4,3272961586,4,200,0.4
2026-09-30T04:06:31Z,66310,534.9,1000,1000,4,3274661072,4,200,0.8
2026-09-30T04:07:01Z,66340,525.6,1000,1000,4,3276104276,4,200,0.5
2026-09-30T04:07:32Z,66370,497.7,1000,1000,4,3277683514,4,200,0.9
2026-09-30T04:08:01Z,66400,565.9,1000,1000,4,3279091350,4,200,19.2
2026-09-30T04:08:31Z,66430,546.7,1000,1000,4,3280536139,4,200,0.8
2026-09-30T04:09:01Z,66460,540.2,1000,1000,4,3281985933,4,200,0.4
2026-09-30T04:09:31Z,66490,549.4,1000,1000,4,3283433535,4,200,129.8
2026-09-30T04:10:01Z,66520,524.2,1000,1000,4,3284836569,4,200,0.5
2026-09-30T04:10:31Z,66550,544.3,1000,1000,4,3286260423,4,200,1.0
2026-09-30T04:11:01Z,66580,540.9,1000,1000,4,3287676246,4,200,0.5
2026-09-30T04:11:32Z,66610,559.8,1000,1000,4,3289264893,4,200,0.9
2026-09-30T04:12:01Z,66640,534.5,1000,1000,4,3290663753,4,200,0.5
2026-09-30T04:12:31Z,66670,540.3,1000,1000,4,3292048603,4,200,0.8
2026-09-30T04:13:02Z,66700,554.4,1000,1000,4,3293483424,4,200,0.5
2026-09-30T04:13:31Z,66730,541.1,1000,1000,4,3294909248,4,200,0.9
2026-09-30T04:14:01Z,66760,548.9,1000,1000,4,3296252118,4,200,0.5
2026-09-30T04:14:31Z,66790,542.2,1000,1000,4,3297657003,4,200,0.8
2026-09-30T04:15:01Z,66820,557.7,1000,1000,4,3299115745,4,200,90.3
2026-09-30T04:15:31Z,66850,502.8,1000,1000,4,3300547818,4,200,1.0
2026-09-30T04:16:01Z,66880,515.5,1000,1000,4,3301971409,4,200,0.5
2026-09-30T04:16:31Z,66910,565.8,1000,1000,4,3303362322,4,200,1.0
2026-09-30T04:17:01Z,66940,518.1,1000,1000,4,3304736150,4,200,0.7
2026-09-30T04:17:31Z,66970,551.4,1000,1000,4,3306147005,4,200,0.8
2026-09-30T04:18:01Z,67000,554.8,1000,1000,4,3307574393,4,200,125.8
2026-09-30T04:18:31Z,67030,545.3,1000,1000,4,3308962663,4,200,1.1
2026-09-30T04:19:01Z,67060,524.8,1000,1000,4,3310431459,4,200,0.5
2026-09-30T04:19:31Z,67090,562.3,1000,1000,4,3311870271,4,200,125.3
2026-09-30T04:20:01Z,67120,538.2,1000,1000,4,3313273119,4,200,0.6
2026-09-30T04:20:31Z,67150,565.1,1000,1000,4,3314745904,4,200,0.8
2026-09-30T04:21:01Z,67180,535.6,1000,1000,4,3316237657,4,200,0.5
2026-09-30T04:21:32Z,67210,523.6,1000,1000,4,3317803287,4,200,1.0
2026-09-30T04:22:01Z,67240,561.7,1000,1000,4,3319296710,4,200,0.6
2026-09-30T04:22:31Z,67270,535.6,1000,1000,4,3320814779,4,200,3.4
2026-09-30T04:23:02Z,67300,513.9,1000,1000,4,3322379425,4,200,0.5
2026-09-30T04:23:31Z,67330,526.6,1000,1000,4,3323822203,4,200,7.0
2026-09-30T04:24:01Z,67360,545.1,1000,1000,4,3325260994,4,200,0.5
2026-09-30T04:24:31Z,67390,548.9,1000,1000,4,3326806711,4,200,0.9
2026-09-30T04:25:01Z,67420,545.9,1000,1000,4,3328403321,4,200,115.8
2026-09-30T04:25:31Z,67450,518.6,1000,1000,4,3330913030,4,200,1.4
2026-09-30T04:26:01Z,67480,522.4,1000,1000,4,3332423496,4,200,1.8
2026-09-30T04:26:31Z,67510,561.3,1000,1000,4,3333812153,4,200,152.8
2026-09-30T04:27:01Z,67540,546.2,1000,1000,4,3335159653,4,200,0.6
2026-09-30T04:27:32Z,67570,549.6,1000,1000,4,3336608424,4,200,1.8
2026-09-30T04:28:01Z,67600,548.7,1000,1000,4,3338017273,4,200,0.7
2026-09-30T04:28:31Z,67630,542.8,1000,1000,4,3339459011,4,200,0.5
2026-09-30T04:29:01Z,67660,538.9,1000,1000,4,3340988659,4,200,1.0
2026-09-30T04:29:31Z,67690,542.1,1000,1000,4,3342477331,4,200,0.6
2026-09-30T04:30:02Z,67720,532.5,1000,1000,4,3343976981,4,200,0.9
2026-09-30T04:30:31Z,67750,557.7,1000,1000,4,3345448648,4,200,0.6
2026-09-30T04:31:01Z,67780,567.1,1000,1000,4,3346977274,4,200,0.8
2026-09-30T04:31:31Z,67810,519.5,1000,1000,4,3348467951,4,200,0.7
2026-09-30T04:32:01Z,67840,566.7,1000,1000,4,3349948664,4,200,14.6
2026-09-30T04:32:31Z,67870,576.9,1000,1000,4,3351485352,4,200,0.4
2026-09-30T04:33:01Z,67900,559.4,1000,1000,4,3353107918,4,200,0.9
2026-09-30T04:33:31Z,67930,532.8,1000,1000,4,3354600635,4,200,2.1
2026-09-30T04:34:02Z,67960,597.3,1000,1000,4,3356141323,4,200,0.7
2026-09-30T04:34:31Z,67990,532.5,1000,1000,4,3357660032,4,200,0.5
2026-09-30T04:35:01Z,68020,548.1,1000,1000,4,3359153559,4,200,0.9
2026-09-30T04:35:31Z,68050,559.7,1000,1000,4,3360735407,4,200,0.6
2026-09-30T04:36:01Z,68080,526.4,1000,1000,4,3362264565,4,200,141.9
2026-09-30T04:36:31Z,68110,529.8,1000,1000,4,3363803749,4,200,0.4
2026-09-30T04:37:01Z,68140,484.1,1000,1000,4,3365405347,4,200,0.8
2026-09-30T04:37:31Z,68170,526.7,1000,1000,4,3366933009,4,200,0.5
2026-09-30T04:38:01Z,68200,533.4,1000,1000,4,3368484667,4,200,0.9
2026-09-30T04:38:31Z,68230,546.2,1000,1000,4,3370016323,4,200,0.5
2026-09-30T04:39:01Z,68260,517.4,1000,1000,4,3371428106,4,200,1.6
2026-09-30T04:39:32Z,68290,538.5,1000,1000,4,3372986794,4,200,0.7
2026-09-30T04:40:01Z,68320,571.5,1000,1000,4,3374487519,4,200,0.9
2026-09-30T04:40:31Z,68350,575.0,1000,1000,4,3375942319,4,200,0.7
2026-09-30T04:41:02Z,68380,537.8,1000,1000,4,3377413133,4,200,0.8
2026-09-30T04:41:31Z,68410,540.1,1000,1000,4,3378871900,4,200,72.6
2026-09-30T04:42:01Z,68440,508.8,1000,1000,4,3380317722,4,200,1.1
2026-09-30T04:42:31Z,68470,566.2,1000,1000,4,3381868432,4,200,0.4
2026-09-30T04:43:01Z,68500,556.4,1000,1000,4,3383270542,4,200,1.5
2026-09-30T04:43:32Z,68530,496.6,1000,1000,4,3384693207,4,200,0.5
2026-09-30T04:44:01Z,68560,510.6,1000,1000,4,3386129015,4,200,3.4
2026-09-30T04:44:31Z,68590,528.9,1000,1000,4,3387552838,4,200,0.5
2026-09-30T04:45:01Z,68620,542.2,1000,1000,4,3388993714,4,200,0.8
2026-09-30T04:45:31Z,68650,533.6,1000,1000,4,3390431811,4,200,47.3
2026-09-30T04:46:01Z,68680,531.0,1000,1000,4,3391846454,4,200,1.3
2026-09-30T04:46:31Z,68710,546.8,1000,1000,4,3393377208,4,200,0.5
2026-09-30T04:47:01Z,68740,532.0,1000,1000,4,3394959820,4,200,103.7
2026-09-30T04:47:31Z,68770,520.2,1000,1000,4,3396564447,4,200,1.0
2026-09-30T04:48:01Z,68800,546.9,1000,1000,4,3398172081,4,200,1.0
2026-09-30T04:48:31Z,68830,551.2,1000,1000,4,3399730694,4,200,0.6
2026-09-30T04:49:02Z,68860,574.2,1000,1000,4,3401355325,4,200,0.5
2026-09-30T04:49:31Z,68890,561.7,1000,1000,4,3402889069,4,200,0.9
2026-09-30T04:50:01Z,68920,534.3,1000,1000,4,3404419821,4,200,0.7
2026-09-30T04:50:31Z,68950,557.5,1000,1000,4,3406055418,4,200,0.8
2026-09-30T04:51:01Z,68980,550.5,1000,1000,4,3407665356,4,200,44.8
2026-09-30T04:51:31Z,69010,562.4,1000,1000,4,3409140770,4,200,0.8
2026-09-30T04:52:01Z,69040,539.6,1000,1000,4,3410825275,4,200,0.6
2026-09-30T04:52:31Z,69070,546.6,1000,1000,4,3412369003,4,200,132.6
2026-09-30T04:53:01Z,69100,544.9,1000,1000,4,3413906711,4,200,0.5
2026-09-30T04:53:31Z,69130,517.7,1000,1000,4,3415574240,4,200,0.8
2026-09-30T04:54:01Z,69160,524.0,1000,1000,4,3417150541,4,200,0.5
2026-09-30T04:54:31Z,69190,545.1,1000,1000,4,3418585674,4,200,0.9
2026-09-30T04:55:01Z,69220,555.9,1000,1000,4,3420151346,4,200,0.5
2026-09-30T04:55:31Z,69250,533.2,1000,1000,4,3422712883,4,200,0.8
2026-09-30T04:56:01Z,69280,532.3,1000,1000,4,3424231624,4,200,0.5
2026-09-30T04:56:31Z,69310,516.0,1000,1000,4,3425691430,4,200,0.8
2026-09-30T04:57:01Z,69340,544.9,1000,1000,4,3427079370,4,200,6.3
2026-09-30T04:57:31Z,69370,502.3,1000,1000,4,3428473288,4,200,1.5
2026-09-30T04:58:01Z,69400,546.7,1000,1000,4,3429906188,4,200,0.6
2026-09-30T04:58:31Z,69430,552.1,1000,1000,4,3431342175,4,200,1.1
2026-09-30T04:59:02Z,69460,536.0,1000,1000,4,3432800889,4,200,0.5
2026-09-30T04:59:31Z,69490,520.9,1000,1000,4,3434294677,4,200,3.4
2026-09-30T05:00:01Z,69520,531.5,1000,1000,4,3435631604,4,200,0.5
2026-09-30T05:00:31Z,69550,531.2,1000,1000,4,3437045506,4,200,1.1
2026-09-30T05:01:01Z,69580,544.6,1000,1000,4,3438493283,4,200,0.5
2026-09-30T05:01:32Z,69610,537.9,1000,1000,4,3439956148,4,200,0.7
2026-09-30T05:02:01Z,69640,529.6,1000,1000,4,3441417961,4,200,0.4
2026-09-30T05:02:31Z,69670,508.2,1000,1000,4,3442912666,4,200,1.0
2026-09-30T05:03:01Z,69700,511.7,1000,1000,4,3444447306,4,200,0.5
2026-09-30T05:03:31Z,69730,544.3,1000,1000,4,3445991816,4,200,77.7
2026-09-30T05:04:01Z,69760,518.6,1000,1000,4,3447600547,4,200,0.5
2026-09-30T05:04:31Z,69790,516.9,1000,1000,4,3449242140,4,200,0.9
2026-09-30T05:05:01Z,69820,557.5,1000,1000,4,3450839725,4,200,0.6
2026-09-30T05:05:32Z,69850,538.9,1000,1000,4,3452342452,4,200,0.7
2026-09-30T05:06:01Z,69880,565.1,1000,1000,4,3453712326,4,200,0.7
2026-09-30T05:06:31Z,69910,544.4,1000,1000,4,3455088194,4,200,1.0
2026-09-30T05:07:02Z,69940,530.6,1000,1000,4,3456500031,4,200,2.3
2026-09-30T05:07:31Z,69970,564.2,1000,1000,4,3457928851,4,200,24.6
2026-09-30T05:08:01Z,70000,522.9,1000,1000,4,3459293738,4,200,0.6
2026-09-30T05:08:31Z,70030,548.4,1000,1000,4,3460694584,4,200,0.8
2026-09-30T05:09:01Z,70060,544.9,1000,1000,4,3462144367,4,200,0.5
2026-09-30T05:09:31Z,70090,538.8,1000,1000,4,3463513238,4,200,1.7
2026-09-30T05:10:01Z,70120,546.2,1000,1000,4,3464990033,4,200,0.5
2026-09-30T05:10:31Z,70150,527.4,1000,1000,4,3466498757,4,200,0.6
2026-09-30T05:11:02Z,70180,511.7,1000,1000,4,3467951554,4,200,2.0
2026-09-30T05:11:31Z,70210,524.6,1000,1000,4,3469310445,4,200,0.7
2026-09-30T05:12:01Z,70240,530.4,1000,1000,4,3470708292,4,200,0.9
2026-09-30T05:12:32Z,70270,527.5,1000,1000,4,3472184053,4,200,0.5
2026-09-30T05:13:01Z,70300,552.5,1000,1000,4,3473497094,4,200,1.2
2026-09-30T05:13:31Z,70330,568.9,1000,1000,4,3474923811,4,200,0.4
2026-09-30T05:14:01Z,70360,548.7,1000,1000,4,3476301681,4,200,0.7
2026-09-30T05:14:31Z,70390,526.5,1000,1000,4,3477688536,4,200,0.4
2026-09-30T05:15:01Z,70420,510.2,1000,1000,4,3479172332,4,200,0.9
2026-09-30T05:15:31Z,70450,520.4,1000,1000,4,3480575177,4,200,0.6
2026-09-30T05:16:01Z,70480,515.7,1000,1000,4,3482049921,4,200,1.5
2026-09-30T05:16:31Z,70510,567.3,1000,1000,4,3483464758,4,200,0.5
2026-09-30T05:17:01Z,70540,521.1,1000,1000,4,3484845624,4,200,0.8
2026-09-30T05:17:32Z,70570,527.6,1000,1000,4,3486284432,4,200,0.8
2026-09-30T05:18:01Z,70600,546.9,1000,1000,4,3487836079,4,200,1.1
2026-09-30T05:18:31Z,70630,534.3,1000,1000,4,3489443686,4,200,0.5
2026-09-30T05:19:01Z,70660,548.3,1000,1000,4,3490997445,4,200,0.9
2026-09-30T05:19:31Z,70690,560.2,1000,1000,4,3492484252,4,200,0.7
2026-09-30T05:20:02Z,70720,537.3,1000,1000,4,3494081929,4,200,0.9
2026-09-30T05:20:31Z,70750,539.9,1000,1000,4,3495578696,4,200,0.5
2026-09-30T05:21:01Z,70780,525.9,1000,1000,4,3497016497,4,200,1.0
2026-09-30T05:21:32Z,70810,544.5,1000,1000,4,3498608214,4,200,0.5
2026-09-30T05:22:01Z,70840,564.0,1000,1000,4,3500151889,4,200,0.9
2026-09-30T05:22:31Z,70870,554.9,1000,1000,4,3501655613,4,200,0.6
2026-09-30T05:23:01Z,70900,553.0,1000,1000,4,3503220269,4,200,0.8
2026-09-30T05:23:31Z,70930,554.2,1000,1000,4,3504740988,4,200,1.4
2026-09-30T05:24:01Z,70960,549.7,1000,1000,4,3506194274,4,200,1.0
2026-09-30T05:24:31Z,70990,556.9,1000,1000,4,3507569680,4,200,0.5
2026-09-30T05:25:01Z,71020,539.6,1000,1000,4,3508947545,4,200,0.9
2026-09-30T05:25:31Z,71050,570.3,1000,1000,4,3511307390,4,200,0.6
2026-09-30T05:26:02Z,71080,558.6,1000,1000,4,3512840083,4,200,0.9
2026-09-30T05:26:31Z,71110,526.0,1000,1000,4,3514224941,4,200,69.3
2026-09-30T05:27:01Z,71140,546.5,1000,1000,4,3515589792,4,200,0.8
2026-09-30T05:27:31Z,71170,559.5,1000,1000,4,3517011600,4,200,0.5
2026-09-30T05:28:01Z,71200,537.5,1000,1000,4,3518398444,4,200,0.9
2026-09-30T05:28:32Z,71230,527.8,1000,1000,4,3519859219,4,200,0.7
2026-09-30T05:29:01Z,71260,529.3,1000,1000,4,3521298944,4,200,0.8
2026-09-30T05:29:31Z,71290,555.4,1000,1000,4,3522665818,4,200,0.5
2026-09-30T05:30:02Z,71320,549.5,1000,1000,4,3524090581,4,200,0.9
2026-09-30T05:30:31Z,71350,555.5,1000,1000,4,3525457470,4,200,2.9
2026-09-30T05:31:01Z,71380,566.0,1000,1000,4,3526897241,4,200,1.7
2026-09-30T05:31:31Z,71410,542.6,1000,1000,4,3528320048,4,200,0.6
2026-09-30T05:32:01Z,71440,523.4,1000,1000,4,3529752773,4,200,124.4
2026-09-30T05:32:31Z,71470,541.1,1000,1000,4,3531124640,4,200,0.8
2026-09-30T05:33:02Z,71500,539.9,1000,1000,4,3532642364,4,200,0.5
2026-09-30T05:33:31Z,71530,544.9,1000,1000,4,3534159012,4,200,0.8
2026-09-30T05:34:01Z,71560,541.1,1000,1000,4,3535543848,4,200,0.6
2026-09-30T05:34:31Z,71590,551.3,1000,1000,4,3536945679,4,200,0.9
2026-09-30T05:35:01Z,71620,553.1,1000,1000,4,3538316550,4,200,0.8
2026-09-30T05:35:32Z,71650,531.9,1000,1000,4,3539705417,4,200,0.8
2026-09-30T05:36:01Z,71680,524.5,1000,1000,4,3541100135,4,200,8.4
2026-09-30T05:36:31Z,71710,544.5,1000,1000,4,3542557064,4,200,1.1
2026-09-30T05:37:01Z,71740,538.9,1000,1000,4,3543986870,4,200,0.5
2026-09-30T05:37:31Z,71770,551.7,1000,1000,4,3545357737,4,200,1.6
2026-09-30T05:38:01Z,71800,559.2,1000,1000,4,3546698634,4,200,0.6
2026-09-30T05:38:31Z,71830,543.5,1000,1000,4,3548071492,4,200,4.4
2026-09-30T05:39:01Z,71860,541.5,1000,1000,4,3549462312,4,200,0.6
2026-09-30T05:39:32Z,71891,515.4,1000,1000,4,3550973048,4,200,0.9
2026-09-30T05:40:02Z,71921,520.5,1000,1000,4,3552436441,4,200,0.5
2026-09-30T05:40:32Z,71951,498.4,1000,1000,4,3553870619,4,200,0.8
2026-09-30T05:41:02Z,71981,539.3,1000,1000,4,3555296424,4,200,0.5
2026-09-30T05:41:32Z,72011,534.8,1000,1000,4,3556656297,4,200,113.3
2026-09-30T05:42:02Z,72041,516.0,1000,1000,4,3558068090,4,200,0.4
2026-09-30T05:42:32Z,72071,534.3,1000,1000,4,3559526873,4,200,0.9
2026-09-30T05:43:02Z,72101,561.6,1000,1000,4,3560939590,4,200,116.8
2026-09-30T05:43:32Z,72131,516.0,1000,1000,4,3562331498,4,200,0.8
2026-09-30T05:44:02Z,72161,543.2,1000,1000,4,3563784299,4,200,0.5
2026-09-30T05:44:32Z,72191,547.8,1000,1000,4,3565228072,4,200,1.0
2026-09-30T05:45:03Z,72221,522.7,1000,1000,4,3566629903,4,200,0.5
2026-09-30T05:45:32Z,72251,569.6,1000,1000,4,3568013644,4,200,1.0
2026-09-30T05:46:02Z,72281,521.7,1000,1000,4,3569396598,4,200,1.9
2026-09-30T05:46:32Z,72311,541.2,1000,1000,4,3570810452,4,200,0.8
2026-09-30T05:47:02Z,72341,548.4,1000,1000,4,3572131375,4,200,0.5
2026-09-30T05:47:33Z,72371,522.2,1000,1000,4,3573597073,4,200,0.7
2026-09-30T05:48:02Z,72401,555.5,1000,1000,4,3574974918,4,200,0.5
2026-09-30T05:48:32Z,72431,529.4,1000,1000,4,3576375629,4,200,1.5
2026-09-30T05:49:02Z,72461,542.5,1000,1000,4,3577824494,4,200,0.6
2026-09-30T05:49:32Z,72491,548.6,1000,1000,4,3579389151,4,200,119.5
2026-09-30T05:50:02Z,72521,530.6,1000,1000,4,3580920825,4,200,0.6
2026-09-30T05:50:32Z,72551,564.4,1000,1000,4,3582499513,4,200,0.8
2026-09-30T05:51:02Z,72581,519.1,1000,1000,4,3584079113,4,200,0.7
2026-09-30T05:51:32Z,72611,547.0,1000,1000,4,3585602840,4,200,0.8
2026-09-30T05:52:02Z,72641,528.1,1000,1000,4,3587181522,4,200,0.5
2026-09-30T05:52:32Z,72671,573.9,1000,1000,4,3588765173,4,200,0.8
2026-09-30T05:53:03Z,72701,545.3,1000,1000,4,3590396783,4,200,0.5
2026-09-30T05:53:32Z,72731,531.2,1000,1000,4,3592012371,4,200,3.6
2026-09-30T05:54:02Z,72761,535.7,1000,1000,4,3593603988,4,200,0.8
2026-09-30T05:54:32Z,72791,525.8,1000,1000,4,3595238605,4,200,0.5
2026-09-30T05:55:02Z,72821,546.2,1000,1000,4,3596809036,4,200,72.2
2026-09-30T05:55:32Z,72851,554.9,999,999,5,3598286071,5,200,98.9
2026-09-30T05:56:02Z,72881,523.4,999,999,5,3599708045,5,200,0.8
2026-09-30T05:56:33Z,72911,548.6,999,999,5,3601145456,5,200,2.4
2026-09-30T05:57:02Z,72941,533.3,999,999,5,3602691610,5,200,0.9
2026-09-30T05:57:32Z,72971,571.5,1000,1000,5,3605406819,5,200,82.0
2026-09-30T05:58:02Z,73001,568.9,1000,1000,5,3606830708,5,200,6.1
2026-09-30T05:58:32Z,73031,552.6,1000,1000,5,3608253463,5,200,0.5
2026-09-30T05:59:03Z,73061,550.3,1000,1000,5,3609715385,5,200,1.0
2026-09-30T05:59:32Z,73091,549.1,1000,1000,5,3611098287,5,200,73.8
2026-09-30T06:00:02Z,73121,525.4,1000,1000,5,3612473220,5,200,1.1
2026-09-30T06:00:32Z,73151,539.4,1000,1000,5,3613876134,5,200,0.5
2026-09-30T06:01:02Z,73181,551.7,1000,1000,5,3615413844,5,200,0.9
2026-09-30T06:01:33Z,73211,523.9,1000,1000,5,3616984506,5,200,0.5
2026-09-30T06:02:02Z,73241,546.0,1000,1000,5,3618558134,5,200,0.7
2026-09-30T06:02:32Z,73271,554.2,1000,1000,5,3620148747,5,200,0.6
2026-09-30T06:03:03Z,73301,538.5,1000,1000,5,3621737400,5,200,1.0
2026-09-30T06:03:32Z,73331,541.2,1000,1000,5,3623172214,5,200,0.5
2026-09-30T06:04:02Z,73361,555.6,1000,1000,5,3624681901,5,200,0.8
2026-09-30T06:04:32Z,73391,544.0,1000,1000,5,3626227628,5,200,0.6
2026-09-30T06:05:02Z,73421,551.6,1000,1000,5,3627708411,5,200,0.8
2026-09-30T06:05:32Z,73451,559.8,1000,1000,5,3629109315,5,200,2.8
2026-09-30T06:06:02Z,73481,559.0,1000,1000,5,3630584157,5,200,0.9
2026-09-30T06:06:32Z,73511,549.5,1000,1000,5,3632053985,5,200,0.5
2026-09-30T06:07:02Z,73541,523.6,1000,1000,5,3633586714,5,200,0.7
2026-09-30T06:07:32Z,73571,545.8,1000,1000,5,3635117468,5,200,0.4
2026-09-30T06:08:02Z,73601,529.0,1000,1000,5,3636588237,5,200,0.8
2026-09-30T06:08:33Z,73631,526.2,1000,1000,5,3638148895,5,200,0.5
2026-09-30T06:09:02Z,73661,542.7,1000,1000,5,3639549807,5,200,2.5
2026-09-30T06:09:32Z,73691,527.9,1000,1000,5,3641034515,5,200,1.8
2026-09-30T06:10:02Z,73721,540.3,1000,1000,5,3642437397,5,200,1.0
2026-09-30T06:10:32Z,73751,535.1,1000,1000,5,3643869229,5,200,0.5
2026-09-30T06:11:03Z,73781,576.3,1000,1000,5,3645364940,5,200,1.1
2026-09-30T06:11:32Z,73811,526.9,1000,1000,5,3646803769,5,200,0.6
2026-09-30T06:12:02Z,73841,515.0,1000,1000,5,3648194664,5,200,1.2
2026-09-30T06:12:33Z,73871,556.3,1000,1000,5,3649634522,5,200,0.5
2026-09-30T06:13:02Z,73901,513.3,1000,1000,5,3650987798,5,200,8.9
2026-09-30T06:13:32Z,73931,546.4,1000,1000,5,3652410315,5,200,0.5
2026-09-30T06:14:02Z,73961,531.2,1000,1000,5,3653867168,5,200,1.1
2026-09-30T06:14:32Z,73991,511.8,1000,1000,5,3655236066,5,200,0.5
2026-09-30T06:15:03Z,74021,552.4,1000,1000,5,3656613987,5,200,0.5
2026-09-30T06:15:32Z,74051,542.2,1000,1000,5,3658006849,5,200,0.6
2026-09-30T06:16:02Z,74081,523.2,1000,1000,5,3659436928,5,200,0.5
2026-09-30T06:16:32Z,74111,519.8,1000,1000,5,3660849492,5,200,1.0
2026-09-30T06:17:02Z,74141,552.8,1000,1000,5,3662239355,5,200,95.2
2026-09-30T06:17:32Z,74171,551.6,1000,1000,5,3663621247,5,200,0.7
2026-09-30T06:18:02Z,74201,543.6,1000,1000,5,3664988132,5,200,0.6
2026-09-30T06:18:32Z,74231,544.3,1000,1000,5,3666453896,5,200,0.8
2026-09-30T06:19:02Z,74261,559.6,1000,1000,5,3667957611,5,200,0.6
2026-09-30T06:19:32Z,74291,551.1,1000,1000,5,3669500301,5,200,1.1
2026-09-30T06:20:02Z,74321,545.0,1000,1000,5,3670961068,5,200,5.4
2026-09-30T06:20:33Z,74351,533.0,1000,1000,5,3672509483,5,200,0.9
2026-09-30T06:21:02Z,74381,530.5,1000,1000,5,3673955523,5,200,0.5
2026-09-30T06:21:32Z,74411,533.8,1000,1000,5,3675386358,5,200,0.8
2026-09-30T06:22:03Z,74441,553.1,1000,1000,5,3676814278,5,200,0.5
2026-09-30T06:22:32Z,74471,536.6,1000,1000,5,3678267037,5,200,26.1
2026-09-30T06:23:02Z,74501,528.3,1000,1000,5,3679660943,5,200,1.2
2026-09-30T06:23:32Z,74531,565.3,1000,1000,5,3681143737,5,200,0.9
2026-09-30T06:24:02Z,74561,548.8,1000,1000,5,3682523645,5,200,0.4
2026-09-30T06:24:33Z,74591,512.2,1000,1000,5,3683994457,5,200,0.9
2026-09-30T06:25:02Z,74621,574.2,1000,1000,5,3685438277,5,200,0.7
2026-09-30T06:25:32Z,74651,504.1,1000,1000,5,3686833166,5,200,0.8
2026-09-30T06:26:03Z,74681,556.1,1000,1000,5,3688334935,5,200,2.8
2026-09-30T06:26:32Z,74711,573.7,1000,1000,5,3689707860,5,200,49.6
2026-09-30T06:27:02Z,74741,515.2,1000,1000,5,3691113737,5,200,0.9
2026-09-30T06:27:32Z,74771,531.7,1000,1000,5,3692547573,5,200,1.0
2026-09-30T06:28:02Z,74801,537.0,1000,1000,5,3695001301,5,200,0.6
2026-09-30T06:28:32Z,74831,547.0,1000,1000,5,3696464461,5,200,0.8
2026-09-30T06:29:02Z,74861,544.0,1000,1000,5,3697863980,5,200,0.5
2026-09-30T06:29:32Z,74891,539.4,1000,1000,5,3699370701,5,200,0.8
2026-09-30T06:30:03Z,74921,552.8,1000,1000,5,3700848534,5,200,0.5
2026-09-30T06:30:32Z,74951,547.7,1000,1000,5,3702246420,5,200,0.9
2026-09-30T06:31:02Z,74981,534.9,1000,1000,5,3703621321,5,200,0.6
2026-09-30T06:31:32Z,75011,552.5,1000,1000,5,3705078125,5,200,1.3
2026-09-30T06:32:02Z,75041,543.5,1000,1000,5,3706485020,5,200,40.9
2026-09-30T06:32:32Z,75071,544.9,1000,1000,5,3707886923,5,200,0.7
2026-09-30T06:33:02Z,75101,519.4,1000,1000,5,3709388687,5,200,0.6
2026-09-30T06:33:32Z,75131,532.8,1000,1000,5,3710714649,5,200,0.8
2026-09-30T06:34:03Z,75161,537.7,1000,1000,5,3712153494,5,200,0.5
2026-09-30T06:34:32Z,75191,528.0,1000,1000,5,3713554360,5,200,0.8
2026-09-30T06:35:02Z,75221,534.7,1000,1000,5,3714964082,5,200,0.5
2026-09-30T06:35:33Z,75251,558.5,1000,1000,5,3716426062,5,200,1.2
2026-09-30T06:36:02Z,75281,519.6,1000,1000,5,3717905872,5,200,44.8
2026-09-30T06:36:32Z,75311,534.0,1000,1000,5,3719313689,5,200,0.5
2026-09-30T06:37:02Z,75341,547.7,1000,1000,5,3720728575,5,200,0.8
2026-09-30T06:37:32Z,75371,563.7,1000,1000,5,3722179402,5,200,0.5
2026-09-30T06:38:03Z,75401,530.3,1000,1000,5,3723642242,5,200,0.8
2026-09-30T06:38:32Z,75431,517.1,1000,1000,5,3725147957,5,200,0.5
2026-09-30T06:39:02Z,75461,524.7,1000,1000,5,3726623736,5,200,0.9
2026-09-30T06:39:32Z,75491,567.6,1000,1000,5,3728145450,5,200,0.6
2026-09-30T06:40:02Z,75521,503.5,1000,1000,5,3729673067,5,200,144.2
2026-09-30T06:40:32Z,75551,532.1,1000,1000,5,3731075028,5,200,0.6
2026-09-30T06:41:02Z,75581,568.2,1000,1000,5,3732529864,5,200,1.2
2026-09-30T06:41:32Z,75611,550.3,1000,1000,5,3733977689,5,200,0.5
2026-09-30T06:42:02Z,75641,519.4,1000,1000,5,3735350621,5,200,0.7
2026-09-30T06:42:32Z,75671,546.3,1000,1000,5,3736786527,5,200,0.5
2026-09-30T06:43:02Z,75701,552.6,1000,1000,5,3738138470,5,200,1.0
2026-09-30T06:43:33Z,75731,549.0,1000,1000,5,3739597335,5,200,1.5
2026-09-30T06:44:02Z,75761,548.7,1000,1000,5,3741047118,5,200,0.8
2026-09-30T06:44:32Z,75791,560.7,1000,1000,5,3742477965,5,200,0.5
2026-09-30T06:45:02Z,75821,517.2,1000,1000,5,3743904808,5,200,0.9
2026-09-30T06:45:32Z,75851,544.8,1000,1000,5,3745282632,5,200,0.5
2026-09-30T06:46:03Z,75881,516.5,1000,1000,5,3746757423,5,200,0.9
2026-09-30T06:46:32Z,75911,521.5,1000,1000,5,3748235134,5,200,1.0
2026-09-30T06:47:02Z,75941,507.2,1000,1000,5,3749716887,5,200,0.9
2026-09-30T06:47:33Z,75971,530.1,1000,1000,5,3751216633,5,200,0.9
2026-09-30T06:48:02Z,76001,540.2,1000,1000,5,3752634420,5,200,1.4
2026-09-30T06:48:32Z,76031,541.3,1000,1000,5,3754075175,5,200,1.5
2026-09-30T06:49:02Z,76061,533.9,1000,1000,5,3755612837,5,200,0.9
2026-09-30T06:49:32Z,76091,564.5,1000,1000,5,3757133625,5,200,0.7
2026-09-30T06:50:02Z,76121,514.3,1000,1000,5,3758548296,5,200,0.8
2026-09-30T06:50:32Z,76151,532.9,1000,1000,5,3759970060,5,200,0.6
2026-09-30T06:51:02Z,76181,532.0,1000,1000,5,3761272901,5,200,0.9
2026-09-30T06:51:33Z,76211,566.8,1000,1000,5,3762674668,5,200,2.4
2026-09-30T06:52:02Z,76241,548.5,1000,1000,5,3764027453,5,200,0.9
2026-09-30T06:52:32Z,76271,520.5,1000,1000,5,3765471194,5,200,0.5
2026-09-30T06:53:03Z,76301,537.7,1000,1000,5,3766956892,5,200,1.0
2026-09-30T06:53:32Z,76331,551.6,1000,1000,5,3768331566,5,200,31.9
2026-09-30T06:54:02Z,76361,539.5,1000,1000,5,3769697481,5,200,0.9
2026-09-30T06:54:32Z,76391,541.3,1000,1000,5,3771094250,5,200,3.3
2026-09-30T06:55:02Z,76421,569.4,1000,1000,5,3772442085,5,200,0.8
2026-09-30T06:55:33Z,76451,535.0,1000,1000,5,3773794897,5,200,0.5
2026-09-30T06:56:02Z,76481,545.9,1000,1000,5,3775134696,5,200,1.0
2026-09-30T06:56:32Z,76511,519.2,1000,1000,5,3776488506,5,200,0.6
2026-09-30T06:57:03Z,76541,525.3,1000,1000,5,3777920266,5,200,1.2
2026-09-30T06:57:32Z,76571,535.9,1000,1000,5,3779274068,5,200,1.2
2026-09-30T06:58:02Z,76601,518.4,1000,1000,5,3781672294,5,200,2.6
2026-09-30T06:58:32Z,76631,553.7,1000,1000,5,3783225475,5,200,1.0
2026-09-30T06:59:02Z,76661,561.2,1000,1000,5,3784670873,5,200,0.6
2026-09-30T06:59:32Z,76691,538.6,1000,1000,5,3786120084,5,200,1.1
2026-09-30T07:00:02Z,76721,534.7,1000,1000,5,3787540928,5,200,0.5
2026-09-30T07:00:32Z,76751,581.5,1000,1000,5,3788967058,5,200,0.9
2026-09-30T07:01:03Z,76781,560.4,1000,1000,5,3790580361,5,200,0.7
2026-09-30T07:01:32Z,76811,562.5,1000,1000,5,3792134020,5,200,0.7
2026-09-30T07:02:02Z,76841,568.1,1000,1000,5,3793723642,5,200,0.5
2026-09-30T07:02:33Z,76871,568.5,1000,1000,5,3795394824,5,200,0.8
2026-09-30T07:03:02Z,76901,532.2,1000,1000,5,3796944066,5,200,39.0
2026-09-30T07:03:32Z,76931,532.6,1000,1000,5,3798478530,5,200,0.8
2026-09-30T07:04:02Z,76961,541.3,1000,1000,5,3800027233,5,200,0.5
2026-09-30T07:04:32Z,76991,537.0,1000,1000,5,3801601848,5,200,0.7
2026-09-30T07:05:03Z,77021,537.9,1000,1000,5,3803228447,5,200,0.6
2026-09-30T07:05:32Z,77051,552.0,1000,1000,5,3804645330,5,200,1.1
2026-09-30T07:06:02Z,77081,510.8,1000,1000,5,3806125153,5,200,1.0
2026-09-30T07:06:32Z,77111,522.6,1000,1000,5,3807586016,5,200,1.9
2026-09-30T07:07:02Z,77141,557.9,1000,1000,5,3808919929,5,200,0.5
2026-09-30T07:07:32Z,77171,545.6,1000,1000,5,3810294892,5,200,0.7
2026-09-30T07:08:02Z,77201,558.8,1000,1000,5,3811768708,5,200,0.5
2026-09-30T07:08:32Z,77231,547.2,1000,1000,5,3813207562,5,200,124.0
2026-09-30T07:09:02Z,77261,518.3,1000,1000,5,3814655391,5,200,0.6
2026-09-30T07:09:32Z,77291,543.5,1000,1000,5,3816220033,5,200,0.8
2026-09-30T07:10:02Z,77321,511.3,1000,1000,5,3817814623,5,200,122.4
2026-09-30T07:10:32Z,77351,516.5,1000,1000,5,3819338249,5,200,0.8
2026-09-30T07:11:02Z,77381,565.2,1000,1000,5,3820840901,5,200,0.5
2026-09-30T07:11:32Z,77411,551.7,1000,1000,5,3822391517,5,200,0.9
2026-09-30T07:12:02Z,77441,547.6,1000,1000,5,3823876316,5,200,0.5
2026-09-30T07:12:32Z,77471,557.1,1000,1000,5,3825464999,5,200,1.0
2026-09-30T07:13:02Z,77501,551.9,1000,1000,5,3827024665,5,200,0.4
2026-09-30T07:13:33Z,77531,554.2,1000,1000,5,3828615258,5,200,0.8
2026-09-30T07:14:02Z,77561,564.8,1000,1000,5,3830102014,5,200,0.5
2026-09-30T07:14:32Z,77591,560.9,1000,1000,5,3831633741,5,200,0.9
2026-09-30T07:15:03Z,77621,544.3,1000,1000,5,3833055559,5,200,0.7
2026-09-30T07:15:32Z,77651,564.0,1000,1000,5,3834533324,5,200,0.9
2026-09-30T07:16:02Z,77681,517.8,1000,1000,5,3835988101,5,200,0.5
2026-09-30T07:16:32Z,77711,546.4,1000,1000,5,3837478813,5,200,1.0
2026-09-30T07:17:02Z,77741,547.2,1000,1000,5,3838913591,5,200,0.7
2026-09-30T07:17:33Z,77771,559.5,1000,1000,5,3840346394,5,200,0.8
2026-09-30T07:18:02Z,77801,553.7,1000,1000,5,3841745226,5,200,0.5
2026-09-30T07:18:32Z,77831,558.9,1000,1000,5,3843323852,5,200,1.7
2026-09-30T07:19:03Z,77861,528.7,1000,1000,5,3844962414,5,200,0.5
2026-09-30T07:19:32Z,77891,551.5,1000,1000,5,3846541060,5,200,25.8
2026-09-30T07:20:02Z,77921,566.8,1000,1000,5,3848019838,5,200,1.5
2026-09-30T07:20:32Z,77951,529.5,1000,1000,5,3849555628,5,200,1.5
2026-09-30T07:21:02Z,77981,502.7,1000,1000,5,3851021467,5,200,105.3
2026-09-30T07:21:32Z,78011,541.6,1000,1000,5,3852492242,5,200,0.6
2026-09-30T07:22:02Z,78041,546.5,1000,1000,5,3854054893,5,200,0.8
2026-09-30T07:22:32Z,78071,520.5,1000,1000,5,3855656475,5,200,104.6
2026-09-30T07:23:02Z,78101,555.2,1000,1000,5,3857097226,5,200,0.9
2026-09-30T07:23:32Z,78131,526.6,1000,1000,5,3858598977,5,200,0.5
2026-09-30T07:24:02Z,78161,530.1,1000,1000,5,3860109733,5,200,0.7
2026-09-30T07:24:33Z,78191,567.0,1000,1000,5,3861650477,5,200,0.6
2026-09-30T07:25:02Z,78221,574.4,1000,1000,5,3863196155,5,200,0.7
2026-09-30T07:25:32Z,78251,528.3,1000,1000,5,3864673975,5,200,0.5
2026-09-30T07:26:02Z,78281,520.0,1000,1000,5,3866201742,5,200,0.9
2026-09-30T07:26:32Z,78311,542.3,1000,1000,5,3867771655,5,200,34.3
2026-09-30T07:27:02Z,78341,515.4,1000,1000,5,3869300832,5,200,1.0
2026-09-30T07:27:32Z,78371,561.3,1000,1000,5,3870860664,5,200,0.6
2026-09-30T07:28:02Z,78401,574.1,1000,1000,5,3873284358,5,200,116.9
2026-09-30T07:28:32Z,78431,511.3,1000,1000,5,3874839108,5,200,0.5
2026-09-30T07:29:03Z,78461,546.6,1000,1000,5,3876328907,5,200,1.0
2026-09-30T07:29:32Z,78491,537.5,1000,1000,5,3877719777,5,200,0.5
2026-09-30T07:30:02Z,78521,518.8,1000,1000,5,3879090755,5,200,1.0
2026-09-30T07:30:32Z,78551,533.7,1000,1000,5,3880570495,5,200,0.5
2026-09-30T07:31:02Z,78581,557.9,1000,1000,5,3882031493,5,200,0.9
2026-09-30T07:31:33Z,78611,531.1,1000,1000,5,3883523212,5,200,0.4
2026-09-30T07:32:02Z,78641,557.2,1000,1000,5,3884970063,5,200,2.7
2026-09-30T07:32:32Z,78671,547.5,1000,1000,5,3886406848,5,200,0.5
2026-09-30T07:33:02Z,78701,544.1,1000,1000,5,3887847761,5,200,0.7
2026-09-30T07:33:32Z,78731,533.7,1000,1000,5,3889376448,5,200,0.8
2026-09-30T07:34:03Z,78761,540.4,1000,1000,5,3890912039,5,200,0.8
2026-09-30T07:34:32Z,78791,538.3,1000,1000,5,3892373722,5,200,10.1
2026-09-30T07:35:02Z,78821,550.4,1000,1000,5,3893874518,5,200,0.8
2026-09-30T07:35:32Z,78851,520.9,1000,1000,5,3895460184,5,200,0.6
2026-09-30T07:36:02Z,78881,555.3,1000,1000,5,3896916913,5,200,0.9
2026-09-30T07:36:32Z,78911,564.2,1000,1000,5,3898374647,5,200,1.1
2026-09-30T07:37:02Z,78941,533.4,1000,1000,5,3899946301,5,200,0.8
2026-09-30T07:37:32Z,78971,536.4,1000,1000,5,3901447002,5,200,89.6
2026-09-30T07:38:02Z,79001,544.5,1000,1000,5,3902870782,5,200,1.0
2026-09-30T07:38:32Z,79031,545.0,1000,1000,5,3904432388,5,200,0.5
2026-09-30T07:39:02Z,79061,546.3,1000,1000,5,3905991992,5,200,124.6
2026-09-30T07:39:32Z,79091,535.2,1000,1000,5,3907515676,5,200,0.6
2026-09-30T07:40:02Z,79121,540.7,1000,1000,5,3909002363,5,200,1.1
2026-09-30T07:40:32Z,79151,528.0,1000,1000,5,3910470076,5,200,0.5
2026-09-30T07:41:02Z,79181,508.7,1000,1000,5,3911963758,5,200,0.5
2026-09-30T07:41:32Z,79211,553.6,1000,1000,5,3913499423,5,200,3.6
2026-09-30T07:42:02Z,79241,553.4,1000,1000,5,3915041082,5,200,0.5
2026-09-30T07:42:32Z,79271,526.3,1000,1000,5,3916516767,5,200,0.9
2026-09-30T07:43:02Z,79301,532.6,1000,1000,5,3918005444,5,200,7.6
2026-09-30T07:43:32Z,79331,558.4,1000,1000,5,3919510058,5,200,95.0
2026-09-30T07:44:02Z,79361,535.5,1000,1000,5,3920982814,5,200,0.5
2026-09-30T07:44:32Z,79391,560.4,1000,1000,5,3922541424,5,200,0.7
2026-09-30T07:45:02Z,79421,563.0,1000,1000,5,3923980158,5,200,0.5
2026-09-30T07:45:33Z,79451,558.7,1000,1000,5,3925537848,5,200,0.9
2026-09-30T07:46:02Z,79481,544.7,1000,1000,5,3927040636,5,200,0.5
2026-09-30T07:46:32Z,79511,546.3,1000,1000,5,3928497446,5,200,0.8
2026-09-30T07:47:03Z,79541,516.9,1000,1000,5,3930010214,5,200,0.5
2026-09-30T07:47:32Z,79571,541.9,1000,1000,5,3931394105,5,200,0.7
2026-09-30T07:48:02Z,79601,550.8,1000,1000,5,3932725084,5,200,0.6
2026-09-30T07:48:32Z,79631,535.0,1000,1000,5,3934190918,5,200,1.3
2026-09-30T07:49:02Z,79661,541.8,1000,1000,5,3935596799,5,200,0.7
2026-09-30T07:49:33Z,79691,529.5,1000,1000,5,3937038755,5,200,1.1
2026-09-30T07:50:02Z,79721,510.2,1000,1000,5,3938418590,5,200,0.8
2026-09-30T07:50:32Z,79751,526.6,1000,1000,5,3939830496,5,200,1.2
2026-09-30T07:51:02Z,79781,528.2,1000,1000,5,3941237396,5,200,0.4
2026-09-30T07:51:32Z,79811,537.7,1000,1000,5,3942657940,5,200,0.7
2026-09-30T07:52:02Z,79841,514.9,1000,1000,5,3944067170,5,200,0.5
2026-09-30T07:52:32Z,79871,543.9,1000,1000,5,3945506037,5,200,0.9
2026-09-30T07:53:02Z,79901,552.1,1000,1000,5,3946864548,5,200,88.4
2026-09-30T07:53:32Z,79931,545.5,1000,1000,5,3948286879,5,200,0.9
2026-09-30T07:54:02Z,79961,559.7,1000,1000,5,3949693777,5,200,0.9
2026-09-30T07:54:32Z,79991,533.7,1000,1000,5,3951068702,5,200,0.8
2026-09-30T07:55:03Z,80021,546.9,1000,1000,5,3952511576,5,200,0.6
2026-09-30T07:55:32Z,80051,542.4,1000,1000,5,3953855537,5,200,0.8
2026-09-30T07:56:02Z,80081,519.4,1000,1000,5,3955284389,5,200,0.5
2026-09-30T07:56:33Z,80111,545.5,1000,1000,5,3956823127,5,200,0.9
2026-09-30T07:57:02Z,80141,544.3,1000,1000,5,3958251966,5,200,0.5
2026-09-30T07:57:32Z,80171,534.8,1000,1000,5,3959659747,5,200,1.1
2026-09-30T07:58:02Z,80201,726.5,1000,1000,5,3961115453,5,200,26.2
2026-09-30T07:58:32Z,80231,504.5,1000,1000,5,3963740981,5,200,2.6
2026-09-30T07:59:02Z,80261,523.3,1000,1000,5,3965294666,5,200,0.5
2026-09-30T07:59:33Z,80291,558.9,1000,1000,5,3966800423,5,200,0.8
2026-09-30T08:00:02Z,80321,533.4,1000,1000,5,3968250204,5,200,14.6
2026-09-30T08:00:32Z,80351,548.1,1000,1000,5,3969645054,5,200,0.8
2026-09-30T08:01:02Z,80381,557.6,1000,1000,5,3971090864,5,200,0.4
2026-09-30T08:01:32Z,80411,570.3,1000,1000,5,3972614557,5,200,0.4
2026-09-30T08:02:02Z,80441,522.4,1000,1000,5,3974058359,5,200,0.9
2026-09-30T08:02:32Z,80471,548.9,1000,1000,5,3975510148,5,200,0.4
2026-09-30T08:03:02Z,80501,545.4,1000,1000,5,3976898933,5,200,1.0
2026-09-30T08:03:33Z,80531,532.1,1000,1000,5,3978381795,5,200,0.4
2026-09-30T08:04:02Z,80561,514.1,1000,1000,5,3979819604,5,200,0.8
2026-09-30T08:04:32Z,80591,543.1,1000,1000,5,3981227466,5,200,0.6
2026-09-30T08:05:02Z,80621,559.7,1000,1000,5,3982688279,5,200,1.0
2026-09-30T08:05:32Z,80651,532.8,1000,1000,5,3984194008,5,200,128.0
2026-09-30T08:06:02Z,80681,537.4,1000,1000,5,3985674780,5,200,0.9
2026-09-30T08:06:32Z,80711,526.1,1000,1000,5,3987216473,5,200,0.5
2026-09-30T08:07:02Z,80741,536.3,1000,1000,5,3988611002,5,200,35.5
2026-09-30T08:07:32Z,80771,562.8,1000,1000,5,3990060117,5,200,0.4
2026-09-30T08:08:02Z,80801,543.3,1000,1000,5,3991524883,5,200,1.0
2026-09-30T08:08:32Z,80831,543.2,1000,1000,5,3992877746,5,200,5.2
2026-09-30T08:09:03Z,80861,554.3,1000,1000,5,3994298583,5,200,0.8
2026-09-30T08:09:32Z,80891,556.2,1000,1000,5,3995677455,5,200,0.9
2026-09-30T08:10:02Z,80921,541.1,1000,1000,5,3997096316,5,200,0.8
2026-09-30T08:10:32Z,80951,577.8,1000,1000,5,3998616036,5,200,0.6
2026-09-30T08:11:02Z,80981,547.5,1000,1000,5,4000156708,5,200,110.1
2026-09-30T08:11:32Z,81011,528.3,1000,1000,5,4001605490,5,200,0.6
2026-09-30T08:12:03Z,81041,531.2,1000,1000,5,4003121208,5,200,0.8
2026-09-30T08:12:32Z,81071,520.3,1000,1000,5,4004599795,5,200,61.1
2026-09-30T08:13:02Z,81101,546.9,1000,1000,5,4006084702,5,200,0.9
2026-09-30T08:13:32Z,81131,555.6,1000,1000,5,4007560466,5,200,0.5
2026-09-30T08:14:02Z,81161,553.1,1000,1000,5,4008997260,5,200,112.1
2026-09-30T08:14:32Z,81191,555.0,1000,1000,5,4010481003,5,200,0.5
2026-09-30T08:15:02Z,81221,533.4,1000,1000,5,4012069686,5,200,0.7
2026-09-30T08:15:32Z,81251,549.9,1000,1000,5,4013667316,5,200,0.6
2026-09-30T08:16:03Z,81281,554.2,1000,1000,5,4015277962,5,200,0.9
2026-09-30T08:16:32Z,81311,551.7,1000,1000,5,4016783764,5,200,0.6
2026-09-30T08:17:02Z,81341,547.1,1000,1000,5,4018333968,5,200,1.0
2026-09-30T08:17:32Z,81371,533.3,1000,1000,5,4019843242,5,200,0.4
2026-09-30T08:18:02Z,81401,533.2,1000,1000,5,4021337995,5,200,1.4
2026-09-30T08:18:33Z,81431,553.4,1000,1000,5,4022827781,5,200,0.5
2026-09-30T08:19:02Z,81461,562.5,1000,1000,5,4024326537,5,200,0.8
2026-09-30T08:19:32Z,81491,532.8,1000,1000,5,4025752349,5,200,0.5
2026-09-30T08:20:02Z,81521,540.3,1000,1000,5,4027316134,5,200,0.8
2026-09-30T08:20:32Z,81551,561.6,1000,1000,5,4028910733,5,200,0.5
2026-09-30T08:21:02Z,81581,531.3,1000,1000,5,4030436413,5,200,1.0
2026-09-30T08:21:32Z,81611,522.2,1000,1000,5,4032107915,5,200,0.6
2026-09-30T08:22:02Z,81641,533.6,1000,1000,5,4033672534,5,200,1.6
2026-09-30T08:22:33Z,81671,550.0,1000,1000,5,4035306122,5,200,0.6
2026-09-30T08:23:02Z,81701,528.8,1000,1000,5,4036894770,5,200,0.5
2026-09-30T08:23:32Z,81731,541.4,1000,1000,5,4038342585,5,200,0.8
2026-09-30T08:24:02Z,81761,572.3,1000,1000,5,4039915271,5,200,0.5
2026-09-30T08:24:32Z,81791,524.8,1000,1000,5,4041406037,5,200,0.8
2026-09-30T08:25:03Z,81821,524.4,1000,1000,5,4042972733,5,200,0.6
2026-09-30T08:25:32Z,81851,536.0,1000,1000,5,4044464468,5,200,0.8
2026-09-30T08:26:02Z,81881,521.2,1000,1000,5,4045964203,5,200,1.4
2026-09-30T08:26:32Z,81911,526.1,1000,1000,5,4047547861,5,200,0.9
2026-09-30T08:27:02Z,81941,570.4,1000,1000,5,4049092512,5,200,75.9
2026-09-30T08:27:32Z,81971,548.5,1000,1000,5,4050607269,5,200,2.1
2026-09-30T08:28:02Z,82001,547.4,1000,1000,5,4052093102,5,200,5.3
2026-09-30T08:28:32Z,82031,573.6,1000,1000,5,4054410885,5,200,47.8
2026-09-30T08:29:02Z,82061,521.9,1000,1000,5,4055807908,5,200,0.5
2026-09-30T08:29:32Z,82091,579.2,1000,1000,5,4057420572,5,200,1.1
2026-09-30T08:30:02Z,82121,549.9,1000,1000,5,4059026175,5,200,0.7
2026-09-30T08:30:32Z,82151,529.1,1000,1000,5,4060522856,5,200,1.3
2026-09-30T08:31:02Z,82181,566.2,1000,1000,5,4062130581,5,200,1.5
2026-09-30T08:31:32Z,82211,559.2,1000,1000,5,4063726168,5,200,127.1
2026-09-30T08:32:02Z,82241,544.2,1000,1000,5,4065205919,5,200,0.7
2026-09-30T08:32:32Z,82271,556.0,1000,1000,5,4066694670,5,200,0.7
2026-09-30T08:33:02Z,82301,546.0,1000,1000,5,4068137998,5,200,131.2
2026-09-30T08:33:32Z,82331,530.8,1000,1000,5,4069647183,5,200,0.8
2026-09-30T08:34:02Z,82361,542.3,1000,1000,5,4071186834,5,200,0.7
2026-09-30T08:34:32Z,82391,507.7,1000,1000,5,4072696583,5,200,0.8
2026-09-30T08:35:03Z,82421,515.4,1000,1000,5,4074228282,5,200,0.5
2026-09-30T08:35:32Z,82451,529.6,1000,1000,5,4075767896,5,200,1.1
2026-09-30T08:36:02Z,82481,543.8,1000,1000,5,4077333597,5,200,0.6
2026-09-30T08:36:32Z,82511,572.6,1000,1000,5,4078888305,5,200,1.2
2026-09-30T08:37:02Z,82541,521.0,1000,1000,5,4080326165,5,200,0.5
2026-09-30T08:37:33Z,82571,532.4,1000,1000,5,4081797983,5,200,0.9
2026-09-30T08:38:02Z,82601,535.6,1000,1000,5,4083236858,5,200,0.5
2026-09-30T08:38:32Z,82631,518.8,1000,1000,5,4084707681,5,200,0.9
2026-09-30T08:39:03Z,82661,530.7,1000,1000,5,4086228431,5,200,0.6
2026-09-30T08:39:32Z,82691,528.0,1000,1000,5,4087718188,5,200,88.9
2026-09-30T08:40:02Z,82721,534.5,1000,1000,5,4089168983,5,200,0.6
2026-09-30T08:40:33Z,82751,538.5,1000,1000,5,4090703679,5,200,0.9
2026-09-30T08:41:02Z,82781,579.5,1000,1000,5,4092271428,5,200,8.9
2026-09-30T08:41:32Z,82811,524.3,1000,1000,5,4093851977,5,200,0.9
2026-09-30T08:42:02Z,82841,534.8,1000,1000,5,4095566439,5,200,0.7
2026-09-30T08:42:32Z,82871,568.6,1000,1000,5,4097228924,5,200,0.8
2026-09-30T08:43:02Z,82901,543.4,1000,1000,5,4098761656,5,200,0.6
2026-09-30T08:43:32Z,82931,535.8,1000,1000,5,4100332385,5,200,1.0
2026-09-30T08:44:02Z,82961,546.5,1000,1000,5,4101834966,5,200,0.5
2026-09-30T08:44:33Z,82991,526.3,1000,1000,5,4103473683,5,200,0.6
2026-09-30T08:45:02Z,83021,542.0,1000,1000,5,4104979390,5,200,57.4
2026-09-30T08:45:32Z,83051,516.7,1000,1000,5,4106491133,5,200,0.7
2026-09-30T08:46:02Z,83081,564.6,1000,1000,5,4108061802,5,200,0.9
2026-09-30T08:46:32Z,83111,503.5,1000,1000,5,4109607462,5,200,0.5
2026-09-30T08:47:03Z,83141,517.1,1000,1000,5,4111187138,5,200,0.8
2026-09-30T08:47:32Z,83171,523.3,1000,1000,5,4112771787,5,200,0.5
2026-09-30T08:48:02Z,83201,532.0,1000,1000,5,4114374384,5,200,0.9
2026-09-30T08:48:33Z,83231,531.0,1000,1000,5,4115867186,5,200,0.5
2026-09-30T08:49:02Z,83261,578.0,1000,1000,5,4117315909,5,200,7.8
2026-09-30T08:49:32Z,83291,547.0,1000,1000,5,4118813712,5,200,0.6
2026-09-30T08:50:02Z,83321,563.6,1000,1000,5,4120373388,5,200,0.9
2026-09-30T08:50:32Z,83351,548.6,1000,1000,5,4121891089,5,200,0.6
2026-09-30T08:51:03Z,83381,551.5,1000,1000,5,4123646452,5,200,0.7
2026-09-30T08:51:32Z,83411,511.2,1000,1000,5,4125263031,5,200,0.5
2026-09-30T08:52:02Z,83441,549.5,1000,1000,5,4126771750,5,200,0.9
2026-09-30T08:52:33Z,83471,549.3,1000,1000,5,4128351401,5,200,0.5
2026-09-30T08:53:02Z,83501,515.4,1000,1000,5,4129787194,5,200,0.9
2026-09-30T08:53:32Z,83531,546.5,1000,1000,5,4131308906,5,200,0.5
2026-09-30T08:54:02Z,83561,539.6,1000,1000,5,4132761691,5,200,0.8
2026-09-30T08:54:32Z,83591,571.1,1000,1000,5,4134225467,5,200,0.7
2026-09-30T08:55:02Z,83621,527.3,1000,1000,5,4135710218,5,200,0.9
2026-09-30T08:55:32Z,83651,570.9,1000,1000,5,4137314885,5,200,0.5
2026-09-30T08:56:02Z,83681,534.0,1000,1000,5,4138856591,5,200,0.9
2026-09-30T08:56:32Z,83711,513.4,1000,1000,5,4140361324,5,200,0.5
2026-09-30T08:57:02Z,83741,543.5,1000,1000,5,4141922008,5,200,1.1
2026-09-30T08:57:32Z,83771,567.2,1000,1000,5,4143381817,5,200,0.5
2026-09-30T08:58:03Z,83801,520.3,1000,1000,5,4144953518,5,200,1.0
2026-09-30T08:58:32Z,83831,527.6,1000,1000,5,4147504125,5,200,0.7
2026-09-30T08:59:02Z,83861,515.7,1000,1000,5,4148932918,5,200,0.7
2026-09-30T08:59:33Z,83891,544.2,1000,1000,5,4150442678,5,200,0.5
2026-09-30T09:00:02Z,83921,507.8,1000,1000,5,4151833635,5,200,1.3
2026-09-30T09:00:32Z,83951,504.6,1000,1000,5,4153229349,5,200,0.7
2026-09-30T09:01:02Z,83981,551.1,1000,1000,5,4154665086,5,200,1.3
2026-09-30T09:01:32Z,84011,527.2,1000,1000,5,4156121804,5,200,1.4
2026-09-30T09:02:03Z,84041,555.7,1000,1000,5,4157628564,5,200,1.2
2026-09-30T09:02:32Z,84071,527.4,1000,1000,5,4159078314,5,200,0.8
2026-09-30T09:03:02Z,84101,535.3,1000,1000,5,4160577004,5,200,0.9
2026-09-30T09:03:32Z,84131,579.8,1000,1000,5,4162056761,5,200,0.6
2026-09-30T09:04:02Z,84161,544.4,1000,1000,5,4163438522,5,200,1.9
2026-09-30T09:04:33Z,84191,561.7,1000,1000,5,4164864422,5,200,0.5
2026-09-30T09:05:02Z,84221,551.5,1000,1000,5,4166354169,5,200,2.6
2026-09-30T09:05:32Z,84251,546.0,1000,1000,5,4167826958,5,200,0.5
2026-09-30T09:06:02Z,84281,541.7,1000,1000,5,4169335747,5,200,0.6
2026-09-30T09:06:32Z,84311,562.3,1000,1000,5,4170826507,5,200,0.9
2026-09-30T09:07:03Z,84341,531.1,1000,1000,5,4172360256,5,200,0.5
2026-09-30T09:07:32Z,84371,516.7,1000,1000,5,4173830074,5,200,1.0
2026-09-30T09:08:02Z,84401,547.3,1000,1000,5,4175260032,5,200,0.5
2026-09-30T09:08:32Z,84431,521.5,1000,1000,5,4176643845,5,200,0.8
2026-09-30T09:09:02Z,84461,552.9,1000,1000,5,4178086665,5,200,90.9
2026-09-30T09:09:32Z,84491,566.8,1000,1000,5,4179497580,5,200,0.8
2026-09-30T09:10:03Z,84521,556.8,1000,1000,5,4180900503,5,200,0.5
2026-09-30T09:10:32Z,84551,534.1,1000,1000,5,4182275392,5,200,98.0
2026-09-30T09:11:02Z,84581,554.6,1000,1000,5,4183696342,5,200,0.5
2026-09-30T09:11:32Z,84611,553.8,1000,1000,5,4185212110,5,200,0.8
2026-09-30T09:12:02Z,84641,550.4,1000,1000,5,4186653220,5,200,30.0
2026-09-30T09:12:32Z,84671,537.6,1000,1000,5,4188054799,5,200,1.0
2026-09-30T09:13:02Z,84701,541.9,1000,1000,5,4189596495,5,200,0.4
2026-09-30T09:13:32Z,84731,548.0,1000,1000,5,4191158157,5,200,0.9
2026-09-30T09:14:03Z,84761,541.4,1000,1000,5,4192607034,5,200,0.5
2026-09-30T09:14:32Z,84791,540.6,1000,1000,5,4194073816,5,200,4.2
2026-09-30T09:15:02Z,84821,553.1,1000,1000,5,4195574547,5,200,7.0
2026-09-30T09:15:32Z,84851,533.0,1000,1000,5,4197124202,5,200,2.0
2026-09-30T09:16:02Z,84881,569.2,1000,1000,5,4198646939,5,200,0.5
2026-09-30T09:16:33Z,84911,561.2,1000,1000,5,4200277517,5,200,0.8
2026-09-30T09:17:02Z,84941,520.7,1000,1000,5,4201802168,5,200,0.6
2026-09-30T09:17:32Z,84971,537.2,1000,1000,5,4203284862,5,200,0.8
2026-09-30T09:18:02Z,85001,513.9,1000,1000,5,4204868471,5,200,0.8
2026-09-30T09:18:32Z,85031,573.3,1000,1000,5,4206377089,5,200,129.3
2026-09-30T09:19:02Z,85061,572.1,1000,1000,5,4207859891,5,200,0.6
2026-09-30T09:19:32Z,85091,515.7,1000,1000,5,4209358641,5,200,0.9
2026-09-30T09:20:02Z,85121,525.9,1000,1000,5,4210861390,5,200,3.6
2026-09-30T09:20:33Z,85151,572.5,1000,1000,5,4212363137,5,200,0.9
2026-09-30T09:21:02Z,85181,558.8,1000,1000,5,4213838832,5,200,9.5
2026-09-30T09:21:32Z,85211,554.5,1000,1000,5,4215231664,5,200,0.8
2026-09-30T09:22:02Z,85241,522.6,1000,1000,5,4216776341,5,200,0.6
2026-09-30T09:22:32Z,85271,527.9,1000,1000,5,4218260087,5,200,131.9
2026-09-30T09:23:02Z,85301,570.2,1000,1000,5,4219747764,5,200,0.5
2026-09-30T09:23:32Z,85331,522.5,1000,1000,5,4221271441,5,200,1.0
2026-09-30T09:24:02Z,85361,531.4,1000,1000,5,4222615229,5,200,0.9
2026-09-30T09:24:33Z,85391,564.5,1000,1000,5,4224039973,5,200,0.7
2026-09-30T09:25:02Z,85421,546.5,1000,1000,5,4225374078,5,200,10.1
2026-09-30T09:25:32Z,85451,531.2,1000,1000,5,4226733584,5,200,0.9
2026-09-30T09:26:02Z,85481,530.5,1000,1000,5,4228089368,5,200,1.1
2026-09-30T09:26:32Z,85511,536.1,1000,1000,5,4229476155,5,200,2.2
2026-09-30T09:27:03Z,85541,535.7,1000,1000,5,4230850946,5,200,0.5
2026-09-30T09:27:32Z,85571,574.5,1000,1000,5,4232220763,5,200,4.1
2026-09-30T09:28:02Z,85601,545.1,1000,1000,5,4233571589,5,200,0.8
2026-09-30T09:28:32Z,85631,573.1,1000,1000,5,4235971330,5,200,3.9
2026-09-30T09:29:02Z,85661,544.8,1000,1000,5,4237356229,5,200,68.8
2026-09-30T09:29:32Z,85691,542.3,1000,1000,5,4238813042,5,200,0.4
2026-09-30T09:30:02Z,85721,571.6,1000,1000,5,4240354718,5,200,1.0
2026-09-30T09:30:32Z,85751,577.8,1000,1000,5,4241801485,5,200,0.4
2026-09-30T09:31:03Z,85781,518.7,1000,1000,5,4243401134,5,200,1.0
2026-09-30T09:31:32Z,85811,556.2,1000,1000,5,4245049961,5,200,49.0
2026-09-30T09:32:02Z,85841,528.5,1000,1000,5,4246624283,5,200,0.8
2026-09-30T09:32:33Z,85871,542.7,1000,1000,5,4248123087,5,200,1.3
2026-09-30T09:33:02Z,85901,549.1,1000,1000,5,4249642831,5,200,0.9
2026-09-30T09:33:32Z,85931,561.8,1000,1000,5,4251144579,5,200,0.5
2026-09-30T09:34:02Z,85961,527.2,1000,1000,5,4252762210,5,200,0.9
2026-09-30T09:34:32Z,85991,515.2,1000,1000,5,4254346845,5,200,62.8
2026-09-30T09:35:02Z,86021,542.0,1000,1000,5,4255911479,5,200,0.9
2026-09-30T09:35:32Z,86051,556.7,1000,1000,5,4257476698,5,200,0.5
2026-09-30T09:36:02Z,86081,534.8,1000,1000,5,4259023546,5,200,0.8
2026-09-30T09:36:32Z,86111,558.8,1000,1000,5,4260558589,5,200,0.5
2026-09-30T09:37:02Z,86141,558.9,1000,1000,5,4262150254,5,200,1.0
2026-09-30T09:37:32Z,86171,534.6,1000,1000,5,4263681935,5,200,0.5
2026-09-30T09:38:02Z,86201,508.1,1000,1000,5,4265223614,5,200,0.9
2026-09-30T09:38:32Z,86231,542.5,1000,1000,5,4266907122,5,200,0.8
2026-09-30T09:39:02Z,86261,515.1,1000,1000,5,4268381889,5,200,0.8
2026-09-30T09:39:32Z,86291,522.5,1000,1000,5,4269871646,5,200,0.7
2026-09-30T09:40:02Z,86321,551.1,1000,1000,5,4271259370,5,200,68.0
2026-09-30T09:40:32Z,86351,547.4,1000,1000,5,4272549451,5,200,0.5
2026-09-30T09:41:02Z,86381,536.9,1000,1000,5,4273979269,5,200,0.9
2026-09-30T09:41:32Z,86411,556.3,1000,1000,5,4275349142,5,200,116.2
2026-09-30T09:42:02Z,86441,531.1,1000,1000,5,4276760994,5,200,0.8
2026-09-30T09:42:32Z,86471,542.3,1000,1000,5,4278231774,5,200,0.5
2026-09-30T09:43:02Z,86501,557.0,1000,1000,5,4279608641,5,200,51.0
2026-09-30T09:43:32Z,86531,543.5,1000,1000,5,4281118316,5,200,3.0
2026-09-30T09:44:02Z,86561,533.7,1000,1000,5,4282612057,5,200,1.0
2026-09-30T09:44:32Z,86591,565.3,1000,1000,5,4283956955,5,200,0.6
2026-09-30T09:45:03Z,86621,568.9,1000,1000,5,4285374786,5,200,1.3
2026-09-30T09:45:32Z,86651,543.7,1000,1000,5,4286692700,5,200,0.5
2026-09-30T09:46:02Z,86681,534.9,1000,1000,5,4288102540,5,200,1.1
2026-09-30T09:46:32Z,86711,536.8,1000,1000,5,4289585353,5,200,0.5
2026-09-30T09:47:02Z,86741,542.5,1000,1000,5,4291002188,5,200,110.4
2026-09-30T09:47:32Z,86771,564.1,1000,1000,5,4292402876,5,200,0.5
2026-09-30T09:48:02Z,86801,568.2,1000,1000,5,4293841860,5,200,1.5
2026-09-30T09:48:32Z,86831,529.0,1000,1000,5,4295191751,5,200,0.8
2026-09-30T09:49:03Z,86861,513.4,1000,1000,5,4296690506,5,200,0.5
2026-09-30T09:49:32Z,86891,568.3,1000,1000,5,4298100321,5,200,0.9
2026-09-30T09:50:02Z,86921,502.4,1000,1000,5,4299485181,5,200,0.6
2026-09-30T09:50:33Z,86951,574.5,1000,1000,5,4300924004,5,200,0.9
2026-09-30T09:51:02Z,86981,559.1,1000,1000,5,4302312855,5,200,22.0
2026-09-30T09:51:32Z,87011,544.3,1000,1000,5,4303756640,5,200,1.1
2026-09-30T09:52:02Z,87041,519.0,1000,1000,5,4305151503,5,200,0.5
2026-09-30T09:52:32Z,87071,555.0,1000,1000,5,4306559327,5,200,108.9
2026-09-30T09:53:02Z,87101,500.5,1000,1000,5,4307944177,5,200,0.4
2026-09-30T09:53:32Z,87131,544.9,1000,1000,5,4309391974,5,200,0.9
2026-09-30T09:54:02Z,87161,559.1,1000,1000,5,4310916649,5,200,0.5
2026-09-30T09:54:33Z,87191,525.9,1000,1000,5,4312514290,5,200,0.7
2026-09-30T09:55:02Z,87221,537.8,1000,1000,5,4313897158,5,200,0.6
2026-09-30T09:55:32Z,87251,533.0,1000,1000,5,4315267053,5,200,1.3
2026-09-30T09:56:02Z,87281,561.5,1000,1000,5,4316704878,5,200,0.5
2026-09-30T09:56:32Z,87311,538.4,1000,1000,5,4318130612,5,200,1.1
2026-09-30T09:57:02Z,87341,525.2,1000,1000,5,4319611412,5,200,0.5
2026-09-30T09:57:32Z,87371,560.5,1000,1000,5,4321131112,5,200,1.0
2026-09-30T09:58:02Z,87401,537.9,1000,1000,5,4322588443,5,200,99.2
2026-09-30T09:58:32Z,87431,513.0,1000,1000,5,4324038689,5,200,0.9
2026-09-30T09:59:02Z,87461,571.0,999,999,6,4325562927,6,200,0.5
2026-09-30T09:59:32Z,87491,529.6,999,999,6,4327159715,6,200,1.0
2026-09-30T10:00:02Z,87521,520.0,999,999,6,4328770902,6,200,1.7
2026-09-30T10:00:32Z,87551,529.6,999,999,6,4330287096,6,200,0.7
2026-09-30T10:01:03Z,87581,550.7,1000,1000,6,4331980906,6,200,1.1
2026-09-30T10:01:32Z,87611,555.3,1000,1000,6,4333427964,6,200,2.3
2026-09-30T10:02:02Z,87641,567.5,1000,1000,6,4334951399,6,200,0.5
2026-09-30T10:02:32Z,87671,560.4,1000,1000,6,4336533073,6,200,0.7
