timestamp,elapsed_sec,rss_mb,intern_size,established,flaps_total,msgs_sent_total,max_prefix_exceeded_total,readyz_code,readyz_ms
2026-09-28T02:00:20Z,0,259.4,1000,1000,0,1064570,0,200,0.8
2026-09-28T02:00:50Z,30,237.5,1000,1000,0,2927089,0,200,1.3
2026-09-28T02:01:20Z,60,245.4,1000,1000,0,4663492,0,200,0.6
2026-09-28T02:01:50Z,90,243.2,1000,1000,0,6352049,0,200,1.4
2026-09-28T02:02:20Z,120,246.7,1000,1000,0,7902768,0,200,0.6
2026-09-28T02:02:50Z,150,244.0,1000,1000,0,9515426,0,200,1.4
2026-09-28T02:03:20Z,180,243.6,1000,1000,0,11102065,0,200,1.1
2026-09-28T02:03:51Z,210,247.7,1000,1000,0,12691759,0,200,1.3
2026-09-28T02:04:20Z,240,244.2,1000,1000,0,14278411,0,200,0.4
2026-09-28T02:04:50Z,270,247.3,1000,1000,0,15849100,0,200,1.4
2026-09-28T02:05:20Z,300,247.3,1000,1000,0,17495692,0,200,0.4
2026-09-28T02:05:50Z,330,238.6,1000,1000,0,19054396,0,200,1.8
2026-09-28T02:06:21Z,360,247.0,1000,1000,0,20652078,0,200,0.5
2026-09-28T02:06:50Z,390,246.7,1000,1000,0,22199790,0,200,1.3
2026-09-28T02:07:20Z,420,247.0,1000,1000,0,23768480,0,200,1.8
2026-09-28T02:07:50Z,450,248.0,1000,1000,0,25399112,0,200,3.9
2026-09-28T02:08:20Z,480,248.9,1000,1000,0,26953817,0,200,0.6
2026-09-28T02:08:51Z,510,248.3,1000,1000,0,28534499,0,200,1.4
2026-09-28T02:09:20Z,540,246.7,1000,1000,0,30071248,0,200,0.5
2026-09-28T02:09:50Z,570,247.2,1000,1000,0,31610972,0,200,1.6
2026-09-28T02:10:20Z,600,244.4,1000,1000,0,33198664,0,200,2.0
2026-09-28T02:10:50Z,630,246.7,1000,1000,0,34767348,0,200,2.1
2026-09-28T02:11:20Z,660,248.8,1000,1000,0,36369021,0,200,0.5
2026-09-28T02:11:50Z,690,247.3,1000,1000,0,37920690,0,200,1.3
2026-09-28T02:12:21Z,721,248.7,1000,1000,0,39511372,0,200,0.5
2026-09-28T02:12:51Z,751,248.1,1000,1000,0,41103057,0,200,1.3
2026-09-28T02:13:21Z,781,248.6,1000,1000,0,42674724,0,200,0.6
2026-09-28T02:13:51Z,811,248.2,1000,1000,0,44295354,0,200,1.4
2026-09-28T02:14:21Z,841,247.9,1000,1000,0,45847055,0,200,0.5
2026-09-28T02:14:52Z,871,247.8,1000,1000,0,47436724,0,200,1.3
2026-09-28T02:15:21Z,901,238.7,1000,1000,0,49029325,0,200,0.6
2026-09-28T02:15:51Z,931,247.5,1000,1000,0,50575048,0,200,1.4
2026-09-28T02:16:21Z,961,243.7,1000,1000,0,52158709,0,200,0.4
2026-09-28T02:16:51Z,991,248.6,1000,1000,0,53717450,0,200,2.8
2026-09-28T02:17:22Z,1021,247.4,1000,1000,0,55312145,0,200,0.5
2026-09-28T02:17:51Z,1051,248.0,1000,1000,0,56890819,0,200,1.3
2026-09-28T02:18:21Z,1081,247.1,1000,1000,0,58446519,0,200,0.6
2026-09-28T02:18:51Z,1111,247.1,1000,1000,0,60062160,0,200,0.6
2026-09-28T02:19:21Z,1141,247.7,1000,1000,0,61618887,0,200,1.3
2026-09-28T02:19:52Z,1171,248.9,1000,1000,0,63192594,0,200,0.5
2026-09-28T02:20:21Z,1201,244.2,1000,1000,0,64638427,0,200,1.2
2026-09-28T02:20:51Z,1231,249.9,1000,1000,0,66090228,0,200,0.6
2026-09-28T02:21:21Z,1261,249.8,1000,1000,0,67560061,0,200,2.3
2026-09-28T02:21:51Z,1291,249.5,1000,1000,0,69029841,0,200,1.8
2026-09-28T02:22:22Z,1321,247.9,1000,1000,0,70521635,0,200,1.3
2026-09-28T02:22:51Z,1351,248.5,1000,1000,0,72124207,0,200,0.5
2026-09-28T02:23:21Z,1381,246.4,1000,1000,0,73593104,0,200,1.7
2026-09-28T02:23:51Z,1411,249.2,1000,1000,0,75101863,0,200,0.6
2026-09-28T02:24:21Z,1441,248.2,1000,1000,0,76522721,0,200,1.3
2026-09-28T02:24:51Z,1471,248.1,1000,1000,0,77999540,0,200,0.5
2026-09-28T02:25:21Z,1501,250.0,1000,1000,0,79502328,0,200,1.6
2026-09-28T02:25:52Z,1531,248.1,1000,1000,0,81105979,0,200,0.4
2026-09-28T02:26:21Z,1561,247.7,1000,1000,0,82847587,0,200,1.6
2026-09-28T02:26:51Z,1591,248.3,1000,1000,0,84409078,0,200,0.5
2026-09-28T02:27:21Z,1621,249.4,1000,1000,0,85986785,0,200,1.6
2026-09-28T02:27:51Z,1651,249.3,1000,1000,0,87554468,0,200,0.8
2026-09-28T02:28:22Z,1681,247.9,1000,1000,0,89199119,0,200,1.6
2026-09-28T02:28:51Z,1711,238.4,1000,1000,0,90887613,0,200,0.5
2026-09-28T02:29:21Z,1741,244.6,1000,1000,0,92643973,0,200,1.4
2026-09-28T02:29:51Z,1771,241.3,1000,1000,0,94339433,0,200,0.4
2026-09-28T02:30:21Z,1801,248.9,1000,1000,0,95940074,0,200,1.8
2026-09-28T02:30:52Z,1831,247.1,1000,1000,0,97730402,0,200,0.5
2026-09-28T02:31:21Z,1861,237.8,1000,1000,0,99563611,0,200,2.1
2026-09-28T02:31:51Z,1891,247.1,1000,1000,0,101348911,0,200,0.7
2026-09-28T02:32:21Z,1921,247.5,1000,1000,0,103152241,0,200,1.5
2026-09-28T02:32:51Z,1951,247.2,1000,1000,0,104865686,0,200,0.7
2026-09-28T02:33:22Z,1981,248.8,1000,1000,0,106651051,0,200,1.4
2026-09-28T02:33:51Z,2011,247.5,1000,1000,0,108333555,0,200,2.3
2026-09-28T02:34:22Z,2041,244.8,1000,1000,0,110127900,0,200,1.4
2026-09-28T02:34:51Z,2071,244.1,1000,1000,0,111852319,0,200,0.7
2026-09-28T02:35:21Z,2101,246.9,1000,1000,0,113557203,0,200,1.6
2026-09-28T02:35:52Z,2131,247.2,1000,1000,0,115349138,0,200,1.8
2026-09-28T02:36:21Z,2161,246.9,1000,1000,0,117062581,0,200,1.2
2026-09-28T02:36:51Z,2191,247.0,1000,1000,0,118764044,0,200,0.6
2026-09-28T02:37:21Z,2221,247.0,1000,1000,0,120543430,0,200,1.3
2026-09-28T02:37:51Z,2251,247.1,1000,1000,0,122270834,0,200,0.4
2026-09-28T02:38:21Z,2281,247.4,1000,1000,0,124065208,0,200,1.7
2026-09-28T02:38:51Z,2311,247.1,1000,1000,0,125797607,0,200,0.6
2026-09-28T02:39:22Z,2341,244.8,1000,1000,0,127615908,0,200,2.0
2026-09-28T02:39:51Z,2371,247.9,1000,1000,0,129363284,0,200,0.5
2026-09-28T02:40:21Z,2401,247.1,1000,1000,0,131133616,0,200,0.4
2026-09-28T02:40:51Z,2431,248.2,1000,1000,0,132909003,0,200,1.4
2026-09-28T02:41:21Z,2461,244.3,1000,1000,0,134642407,0,200,0.9
2026-09-28T02:41:52Z,2491,244.8,1000,1000,0,136431760,0,200,1.2
2026-09-28T02:42:21Z,2521,244.5,1000,1000,0,138157183,0,200,0.6
2026-09-28T02:42:51Z,2551,247.3,1000,1000,0,139830709,0,200,1.2
2026-09-28T02:43:21Z,2581,248.2,1000,1000,0,141589129,0,200,0.4
2026-09-28T02:43:51Z,2611,246.9,1000,1000,0,143351474,0,200,3.1
2026-09-28T02:44:22Z,2641,247.0,1000,1000,0,145140835,0,200,0.5
2026-09-28T02:44:51Z,2671,237.9,1000,1000,0,146862269,0,200,1.2
2026-09-28T02:45:21Z,2701,247.1,1000,1000,0,148588638,0,200,0.6
2026-09-28T02:45:52Z,2731,244.1,1000,1000,0,150393020,0,200,1.4
2026-09-28T02:46:21Z,2761,247.2,1000,1000,0,152145395,0,200,0.6
2026-09-28T02:46:51Z,2791,247.1,1000,1000,0,153888783,0,200,1.3
2026-09-28T02:47:21Z,2821,247.6,1000,1000,0,155666162,0,200,1.9
2026-09-28T02:47:51Z,2851,247.4,1000,1000,0,157388589,0,200,1.5
2026-09-28T02:48:22Z,2881,248.5,1000,1000,0,159195859,0,200,0.5
2026-09-28T02:48:51Z,2911,248.6,1000,1000,0,160893391,0,200,1.3
2026-09-28T02:49:21Z,2941,247.0,1000,1000,0,162627795,0,200,0.5
2026-09-28T02:49:51Z,2971,247.6,1000,1000,0,164424144,0,200,2.1
2026-09-28T02:50:21Z,3001,247.1,1000,1000,0,166153562,0,200,0.6
2026-09-28T02:50:52Z,3031,247.7,1000,1000,0,167971862,0,200,1.9
2026-09-28T02:51:21Z,3061,247.3,1000,1000,0,169655365,0,200,1.1
2026-09-28T02:51:51Z,3091,247.4,1000,1000,0,171403736,0,200,1.3
2026-09-28T02:52:22Z,3121,242.6,1000,1000,0,173187106,0,200,0.7
2026-09-28T02:52:51Z,3151,247.7,1000,1000,0,174921507,0,200,1.4
2026-09-28T02:53:21Z,3181,247.6,1000,1000,0,176656915,0,200,1.0
2026-09-28T02:53:51Z,3211,247.8,1000,1000,0,178503158,0,200,1.5
2026-09-28T02:54:21Z,3241,247.4,1000,1000,0,180219599,0,200,0.5
2026-09-28T02:54:52Z,3271,247.5,1000,1000,0,181996015,0,200,1.6
2026-09-28T02:55:21Z,3301,248.4,1000,1000,0,183732387,0,200,4.2
2026-09-28T02:55:51Z,3331,246.8,1000,1000,0,185440151,0,200,1.6
2026-09-28T02:56:21Z,3361,248.1,1000,1000,0,187186290,0,200,0.5
2026-09-28T02:56:51Z,3391,247.6,1000,1000,0,188885756,0,200,1.3
2026-09-28T02:57:22Z,3421,247.5,1000,1000,0,190662140,0,200,0.5
2026-09-28T02:57:51Z,3451,247.6,1000,1000,0,192386563,0,200,1.5
2026-09-28T02:58:21Z,3481,247.1,1000,1000,0,194107990,0,200,0.4
2026-09-28T02:58:51Z,3511,247.4,1000,1000,0,195900340,0,200,1.5
2026-09-28T02:59:21Z,3541,247.1,1000,1000,0,197655702,0,200,0.6
2026-09-28T02:59:51Z,3571,248.6,1000,1000,0,199447052,0,200,1.5
2026-09-28T03:00:21Z,3601,248.5,1000,1000,0,201266289,0,200,2.0
2026-09-28T03:00:51Z,3631,246.6,1000,1000,0,203125446,0,200,0.7
2026-09-28T03:01:21Z,3661,246.7,1000,1000,0,204954888,0,200,1.5
2026-09-28T03:01:51Z,3691,247.0,1000,1000,0,206679153,0,200,0.4
2026-09-28T03:02:22Z,3721,248.3,1000,1000,0,208437569,0,200,1.3
2026-09-28T03:02:51Z,3751,247.6,1000,1000,0,210134044,0,200,3.3
2026-09-28T03:03:21Z,3781,246.9,1000,1000,0,211835512,0,200,1.3
2026-09-28T03:03:51Z,3811,247.5,1000,1000,0,213600914,0,200,0.9
2026-09-28T03:04:21Z,3841,238.1,1000,1000,0,215310368,0,200,1.5
2026-09-28T03:04:52Z,3871,246.8,1000,1000,0,217078224,0,200,3.8
2026-09-28T03:05:21Z,3901,247.6,1000,1000,0,218808186,0,200,2.7
2026-09-28T03:05:51Z,3931,244.1,1000,1000,0,220535605,0,200,0.6
2026-09-28T03:06:21Z,3961,247.2,1000,1000,0,222316977,0,200,1.3
2026-09-28T03:06:51Z,3991,247.4,1000,1000,0,224047384,0,200,0.5
2026-09-28T03:07:22Z,4021,244.2,1000,1000,0,225802807,0,200,1.5
2026-09-28T03:07:51Z,4051,243.8,1000,1000,0,227493296,0,200,0.5
2026-09-28T03:08:21Z,4081,247.4,1000,1000,0,229201754,0,200,1.5
2026-09-28T03:08:51Z,4111,244.2,1000,1000,0,230977140,0,200,0.5
2026-09-28T03:09:21Z,4141,247.7,1000,1000,0,232701561,0,200,1.4
2026-09-28T03:09:52Z,4171,251.9,1000,1000,0,234504887,0,200,0.5
2026-09-28T03:10:21Z,4201,247.3,1000,1000,0,236204440,0,200,1.3
2026-09-28T03:10:51Z,4231,247.3,1000,1000,0,237913821,0,200,0.6
2026-09-28T03:11:21Z,4261,238.5,1000,1000,0,239713162,0,200,1.3
2026-09-28T03:11:51Z,4291,247.2,1000,1000,0,241403656,0,200,0.6
2026-09-28T03:12:22Z,4321,248.4,1000,1000,0,243160076,0,200,1.9
2026-09-28T03:12:51Z,4351,247.4,1000,1000,0,244888486,0,200,0.5
2026-09-28T03:13:21Z,4381,247.8,1000,1000,0,246628886,0,200,1.3
2026-09-28T03:13:51Z,4411,249.1,1000,1000,0,248387307,0,200,1.1
2026-09-28T03:14:21Z,4441,247.6,1000,1000,0,250130817,0,200,1.4
2026-09-28T03:14:51Z,4471,246.7,1000,1000,0,251891055,0,200,0.5
2026-09-28T03:15:21Z,4501,247.0,1000,1000,0,253780247,0,200,1.4
2026-09-28T03:15:51Z,4531,247.3,1000,1000,0,255515624,0,200,0.7
2026-09-28T03:16:22Z,4561,238.4,1000,1000,0,257266062,0,200,6.7
2026-09-28T03:16:51Z,4591,247.0,1000,1000,0,258997467,0,200,0.6
2026-09-28T03:17:21Z,4621,247.4,1000,1000,0,260705926,0,200,6.0
2026-09-28T03:17:51Z,4651,239.4,1000,1000,0,262469331,0,200,6.3
2026-09-28T03:18:21Z,4681,246.9,1000,1000,0,264181780,0,200,1.7
2026-09-28T03:18:52Z,4711,238.6,1000,1000,0,265935212,0,200,2.9
2026-09-28T03:19:21Z,4741,244.2,1000,1000,0,267729496,0,200,1.9
2026-09-28T03:19:51Z,4771,246.5,1000,1000,0,269593620,0,200,0.9
2026-09-28T03:20:21Z,4801,247.3,1000,1000,0,271396975,0,200,1.7
2026-09-28T03:20:51Z,4831,247.0,1000,1000,0,273106433,0,200,0.6
2026-09-28T03:21:22Z,4861,247.4,1000,1000,0,274879119,0,200,1.8
2026-09-28T03:21:51Z,4891,246.8,1000,1000,0,276617223,0,200,0.6
2026-09-28T03:22:21Z,4921,238.6,1000,1000,0,278339652,0,200,3.6
2026-09-28T03:22:51Z,4951,248.4,1000,1000,0,280152962,0,200,1.5
2026-09-28T03:23:21Z,4981,248.1,1000,1000,0,281884372,0,200,0.6
2026-09-28T03:23:52Z,5011,247.4,1000,1000,0,283682709,0,200,1.4
2026-09-28T03:24:21Z,5041,247.3,1000,1000,0,285406139,0,200,0.6
2026-09-28T03:24:51Z,5071,247.1,1000,1000,0,287105331,0,200,3.3
2026-09-28T03:25:21Z,5101,239.2,1000,1000,0,288903954,0,200,0.5
2026-09-28T03:25:51Z,5131,242.4,1000,1000,0,290587462,0,200,1.9
2026-09-28T03:26:21Z,5161,248.1,1000,1000,0,292306895,0,200,0.5
2026-09-28T03:26:51Z,5191,248.2,1000,1000,0,294049345,0,200,1.4
2026-09-28T03:27:21Z,5221,248.8,1000,1000,0,295758798,0,200,0.5
2026-09-28T03:27:52Z,5251,247.4,1000,1000,0,297532595,0,200,1.5
2026-09-28T03:28:21Z,5281,243.7,1000,1000,0,299258616,0,200,0.5
2026-09-28T03:28:51Z,5311,249.0,1000,1000,0,301003001,0,200,1.2
2026-09-28T03:29:21Z,5341,247.6,1000,1000,0,302799346,0,200,0.5
2026-09-28T03:29:51Z,5371,246.8,1000,1000,0,304509795,0,200,1.7
2026-09-28T03:30:22Z,5401,247.0,1000,1000,0,306303148,0,200,1.8
2026-09-28T03:30:51Z,5431,247.4,1000,1000,0,308021315,0,200,1.3
2026-09-28T03:31:21Z,5461,245.2,1000,1000,0,309752998,0,200,0.6
2026-09-28T03:31:51Z,5491,247.0,1000,1000,0,311564310,0,200,2.3
2026-09-28T03:32:21Z,5521,247.2,1000,1000,0,313283743,0,200,0.7
2026-09-28T03:32:51Z,5551,247.4,1000,1000,0,314989207,0,200,1.2
2026-09-28T03:33:21Z,5581,247.3,1000,1000,0,316805511,0,200,0.6
2026-09-28T03:33:51Z,5611,238.5,1000,1000,0,318555887,0,200,1.3
2026-09-28T03:34:22Z,5641,247.4,1000,1000,0,320357227,0,200,2.2
2026-09-28T03:34:51Z,5671,247.6,1000,1000,0,322071665,0,200,1.5
2026-09-28T03:35:21Z,5701,247.7,1000,1000,0,323756169,0,200,0.7
2026-09-28T03:35:51Z,5731,247.1,1000,1000,0,325548520,0,200,1.4
2026-09-28T03:36:21Z,5761,243.9,1000,1000,0,327264864,0,200,0.5
2026-09-28T03:36:51Z,5791,244.2,1000,1000,0,329034307,0,200,1.2
2026-09-28T03:37:21Z,5821,249.5,1000,1000,0,330804709,0,200,0.4
2026-09-28T03:37:51Z,5851,247.6,1000,1000,0,332491207,0,200,1.5
2026-09-28T03:38:21Z,5881,247.5,1000,1000,0,334284558,0,200,0.4
2026-09-28T03:38:51Z,5911,246.9,1000,1000,0,336022951,0,200,3.8
2026-09-28T03:39:22Z,5941,247.5,1000,1000,0,337806317,0,200,0.9
2026-09-28T03:39:51Z,5971,247.4,1000,1000,0,339545679,0,200,1.5
2026-09-28T03:40:21Z,6001,238.3,1000,1000,0,341264149,0,200,0.6
2026-09-28T03:40:52Z,6031,247.5,1000,1000,0,343057795,0,200,1.7
2026-09-28T03:41:21Z,6061,247.8,1000,1000,0,344782924,0,200,0.8
2026-09-28T03:41:51Z,6091,247.0,1000,1000,0,346480401,0,200,1.4
2026-09-28T03:42:21Z,6121,237.9,1000,1000,0,348297707,0,200,0.5
2026-09-28T03:42:51Z,6151,247.5,1000,1000,0,350025126,0,200,1.6
2026-09-28T03:43:22Z,6181,248.0,1000,1000,0,351783549,0,200,0.6
2026-09-28T03:43:51Z,6211,238.6,1000,1000,0,353510958,0,200,0.8
2026-09-28T03:44:21Z,6241,247.1,1000,1000,0,355262334,0,200,1.3
2026-09-28T03:44:51Z,6271,247.5,1000,1000,0,357021751,0,200,0.4
2026-09-28T03:45:21Z,6301,247.4,1000,1000,0,358764140,0,200,1.2
2026-09-28T03:45:52Z,6331,248.9,1000,1000,0,360542523,0,200,0.5
2026-09-28T03:46:21Z,6361,248.6,1000,1000,0,362269941,0,200,1.3
2026-09-28T03:46:51Z,6391,243.6,1000,1000,0,363794636,0,200,2.1
2026-09-28T03:47:21Z,6421,249.3,1000,1000,0,365423227,0,200,3.0
2026-09-28T03:47:51Z,6451,245.0,1000,1000,0,366917916,0,200,0.5
2026-09-28T03:48:21Z,6481,248.7,1000,1000,0,368609345,0,200,1.3
2026-09-28T03:48:51Z,6511,244.0,1000,1000,0,370419591,0,200,0.7
2026-09-28T03:49:22Z,6542,248.0,1000,1000,0,372308754,0,200,1.2
2026-09-28T03:49:52Z,6572,242.8,1000,1000,0,373975306,0,200,0.5
2026-09-28T03:50:22Z,6602,250.2,1000,1000,0,375521046,0,200,1.4
2026-09-28T03:50:52Z,6632,247.7,1000,1000,0,377227573,0,200,0.4
2026-09-28T03:51:22Z,6662,247.4,1000,1000,0,378900946,0,200,1.5
2026-09-28T03:51:53Z,6692,248.4,1000,1000,0,380654526,0,200,0.4
2026-09-28T03:52:22Z,6722,248.7,1000,1000,0,382359992,0,200,1.6
2026-09-28T03:52:52Z,6752,247.3,1000,1000,0,384130325,0,200,0.6
2026-09-28T03:53:22Z,6782,248.1,1000,1000,0,385865756,0,200,1.3
2026-09-28T03:53:52Z,6812,248.4,1000,1000,0,387495410,0,200,0.7
2026-09-28T03:54:23Z,6842,249.0,1000,1000,0,389182967,0,200,1.2
2026-09-28T03:54:52Z,6872,247.8,1000,1000,0,390841521,0,200,0.7
2026-09-28T03:55:22Z,6902,244.5,1000,1000,0,392494095,0,200,1.3
2026-09-28T03:55:53Z,6932,248.6,1000,1000,0,394207609,0,200,0.6
2026-09-28T03:56:22Z,6962,247.8,1000,1000,0,395872155,0,200,1.5
2026-09-28T03:56:53Z,6993,248.9,1000,1000,0,397569697,0,200,0.5
2026-09-28T03:57:23Z,7023,248.3,1000,1000,0,399295186,0,200,1.4
2026-09-28T03:57:53Z,7053,247.3,1000,1000,0,400935775,0,200,0.8
2026-09-28T03:58:24Z,7083,247.7,1000,1000,0,402658262,0,200,1.4
2026-09-28T03:58:53Z,7113,247.7,1000,1000,0,404309839,0,200,0.7
2026-09-28T03:59:23Z,7143,248.8,1000,1000,0,405950430,0,200,1.6
2026-09-28T03:59:53Z,7173,248.6,1000,1000,0,407637995,0,200,0.6
2026-09-28T04:00:23Z,7203,247.5,1000,1000,0,409281587,0,200,1.7
2026-09-28T04:00:54Z,7233,248.7,1000,1000,0,411030030,0,200,0.6
2026-09-28T04:01:23Z,7263,248.9,1000,1000,0,412664632,0,200,1.4
2026-09-28T04:01:53Z,7293,239.1,1000,1000,0,414316195,0,200,0.6
2026-09-28T04:02:23Z,7323,249.2,1000,1000,0,416030703,0,200,1.4
2026-09-28T04:02:53Z,7353,238.6,1000,1000,0,417700240,0,200,0.6
2026-09-28T04:03:24Z,7383,248.8,1000,1000,0,419460655,0,200,2.1
2026-09-28T04:03:53Z,7413,247.7,1000,1000,0,421121209,0,200,0.5
2026-09-28T04:04:23Z,7443,238.3,1000,1000,0,422711899,0,200,1.4
2026-09-28T04:04:53Z,7473,247.8,1000,1000,0,424361530,0,200,0.5
2026-09-28T04:05:23Z,7503,247.2,1000,1000,0,426051059,0,200,1.3
2026-09-28T04:05:54Z,7533,248.3,1000,1000,0,427794483,0,200,0.5
2026-09-28T04:06:23Z,7563,247.2,1000,1000,0,429468013,0,200,0.7
2026-09-28T04:06:53Z,7593,247.7,1000,1000,0,431095627,0,200,1.3
2026-09-28T04:07:23Z,7623,247.9,1000,1000,0,432815120,0,200,0.6
2026-09-28T04:07:53Z,7653,247.7,1000,1000,0,434496633,0,200,1.3
2026-09-28T04:08:24Z,7683,237.7,1000,1000,0,436300963,0,200,0.6
2026-09-28T04:08:53Z,7713,247.8,1000,1000,0,438037184,0,200,1.5
2026-09-28T04:09:23Z,7743,249.0,1000,1000,0,439708899,0,200,0.5
2026-09-28T04:09:53Z,7773,239.0,1000,1000,0,441391465,0,200,1.3
2026-09-28T04:10:23Z,7803,249.0,1000,1000,0,443037045,0,200,0.6
2026-09-28T04:10:54Z,7833,247.7,1000,1000,0,444798460,0,200,1.3
2026-09-28T04:11:23Z,7863,245.4,1000,1000,0,446472988,0,200,0.6
2026-09-28T04:11:53Z,7893,247.6,1000,1000,0,448145514,0,200,1.5
2026-09-28T04:12:23Z,7923,247.2,1000,1000,0,449836069,0,200,0.8
2026-09-28T04:12:53Z,7953,248.9,1000,1000,0,451513586,0,200,1.6
2026-09-28T04:13:24Z,7983,248.2,1000,1000,0,453244065,0,200,1.4
2026-09-28T04:13:53Z,8013,248.0,1000,1000,0,454883655,0,200,1.6
2026-09-28T04:14:23Z,8043,238.6,1000,1000,0,456512268,0,200,0.5
2026-09-28T04:14:53Z,8073,252.0,1000,1000,0,458169888,0,200,1.7
2026-09-28T04:15:23Z,8103,247.4,1000,1000,0,459799499,0,200,0.6
2026-09-28T04:15:54Z,8133,248.2,1000,1000,0,461519999,0,200,1.3
2026-09-28T04:16:23Z,8163,247.6,1000,1000,0,463144622,0,200,0.5
2026-09-28T04:16:53Z,8193,247.8,1000,1000,0,464778223,0,200,1.1
2026-09-28T04:17:23Z,8223,247.8,1000,1000,0,466472769,0,200,2.6
2026-09-28T04:17:53Z,8253,246.1,1000,1000,0,468125332,0,200,2.0
2026-09-28T04:18:24Z,8283,244.4,1000,1000,0,469841837,0,200,0.6
2026-09-28T04:18:53Z,8313,244.9,1000,1000,0,471509376,0,200,3.3
2026-09-28T04:19:23Z,8343,248.4,1000,1000,0,473171921,0,200,0.9
2026-09-28T04:19:53Z,8373,247.9,1000,1000,0,474871458,0,200,2.9
2026-09-28T04:20:23Z,8403,247.0,1000,1000,0,476532011,0,200,0.4
2026-09-28T04:20:54Z,8433,247.3,1000,1000,0,478231553,0,200,1.5
2026-09-28T04:21:23Z,8463,249.3,1000,1000,0,479896100,0,200,0.7
2026-09-28T04:21:53Z,8493,247.7,1000,1000,0,481538683,0,200,1.5
2026-09-28T04:22:23Z,8523,247.3,1000,1000,0,483265166,0,200,0.5
2026-09-28T04:22:53Z,8553,247.4,1000,1000,0,484900755,0,200,1.7
2026-09-28T04:23:24Z,8584,244.5,1000,1000,0,486693128,0,200,0.5
2026-09-28T04:23:54Z,8614,248.6,1000,1000,0,488410905,0,200,1.3
2026-09-28T04:24:24Z,8644,247.6,1000,1000,0,490093142,0,200,0.9
2026-09-28T04:24:55Z,8674,247.3,1000,1000,0,491798657,0,200,1.2
2026-09-28T04:25:24Z,8704,247.8,1000,1000,0,493450239,0,200,1.2
2026-09-28T04:25:54Z,8734,247.6,1000,1000,0,495095794,0,200,1.4
2026-09-28T04:26:24Z,8764,248.4,1000,1000,0,496844263,0,200,0.5
2026-09-28T04:26:54Z,8794,247.6,1000,1000,0,498511796,0,200,1.3
2026-09-28T04:27:25Z,8824,249.2,1000,1000,0,500224305,0,200,0.4
2026-09-28T04:27:54Z,8854,247.4,1000,1000,0,501875873,0,200,1.4
2026-09-28T04:28:24Z,8884,247.5,1000,1000,0,503533434,0,200,0.6
2026-09-28T04:28:54Z,8914,248.9,1000,1000,0,505246898,0,200,0.6
2026-09-28T04:29:24Z,8944,248.0,1000,1000,0,506900512,0,200,1.9
2026-09-28T04:29:55Z,8974,238.4,1000,1000,0,508608773,0,200,0.5
2026-09-28T04:30:24Z,9004,238.7,1000,1000,0,510257611,0,200,1.4
2026-09-28T04:30:54Z,9034,249.1,1000,1000,0,511930147,0,200,3.2
2026-09-28T04:31:24Z,9064,247.1,1000,1000,0,513631680,0,200,1.5
2026-09-28T04:31:54Z,9094,244.0,1000,1000,0,515272273,0,200,2.7
2026-09-28T04:32:25Z,9124,247.5,1000,1000,0,516980794,0,200,1.5
2026-09-28T04:32:54Z,9154,238.2,1000,1000,0,518644339,0,200,0.5
2026-09-28T04:33:24Z,9184,250.3,1000,1000,0,520324845,0,200,1.2
2026-09-28T04:33:54Z,9214,247.3,1000,1000,0,522042355,0,200,0.7
2026-09-28T04:34:24Z,9244,248.2,1000,1000,0,523750814,0,200,1.4
2026-09-28T04:34:55Z,9274,248.6,1000,1000,0,525420408,0,200,0.4
2026-09-28T04:35:24Z,9304,247.3,1000,1000,0,527118885,0,200,2.8
2026-09-28T04:35:54Z,9334,244.6,1000,1000,0,528778442,0,200,0.6
2026-09-28T04:36:24Z,9364,244.7,1000,1000,0,530457023,0,200,1.5
2026-09-28T04:36:54Z,9394,247.8,1000,1000,0,532130548,0,200,3.3
2026-09-28T04:37:24Z,9424,247.0,1000,1000,0,533821104,0,200,1.4
2026-09-28T04:37:54Z,9454,248.0,1000,1000,0,535533549,0,200,0.9
2026-09-28T04:38:25Z,9484,244.1,1000,1000,0,537267941,0,200,1.6
2026-09-28T04:38:54Z,9514,238.3,1000,1000,0,538938555,0,200,0.7
2026-09-28T04:39:24Z,9544,248.0,1000,1000,0,540597118,0,200,1.5
2026-09-28T04:39:55Z,9574,239.0,1000,1000,0,542290668,0,200,0.5
2026-09-28T04:40:24Z,9604,238.2,1000,1000,0,543936252,0,200,1.7
2026-09-28T04:40:54Z,9634,247.5,1000,1000,0,545591229,0,200,0.6
2026-09-28T04:41:24Z,9664,248.0,1000,1000,0,547323291,0,200,1.4
2026-09-28T04:41:54Z,9694,247.2,1000,1000,0,548981846,0,200,0.5
2026-09-28T04:42:25Z,9724,244.2,1000,1000,0,550664418,0,200,1.4
2026-09-28T04:42:54Z,9754,247.8,1000,1000,0,552296024,0,200,0.4
2026-09-28T04:43:24Z,9784,247.2,1000,1000,0,553996497,0,200,1.5
2026-09-28T04:43:54Z,9814,247.4,1000,1000,0,555721981,0,200,0.7
2026-09-28T04:44:24Z,9844,248.8,1000,1000,0,557352598,0,200,1.2
2026-09-28T04:44:55Z,9874,238.0,1000,1000,0,559041157,0,200,0.5
2026-09-28T04:45:24Z,9904,238.6,1000,1000,0,560706700,0,200,1.4
2026-09-28T04:45:54Z,9934,248.0,1000,1000,0,562378226,0,200,0.6
2026-09-28T04:46:24Z,9964,247.3,1000,1000,0,564057812,0,200,1.7
2026-09-28T04:46:54Z,9994,248.1,1000,1000,0,565734333,0,200,0.5
2026-09-28T04:47:25Z,10024,247.2,1000,1000,0,567463816,0,200,1.3
2026-09-28T04:47:54Z,10054,247.1,1000,1000,0,569122373,0,200,0.5
2026-09-28T04:48:24Z,10084,247.7,1000,1000,0,570783920,0,200,3.8
2026-09-28T04:48:54Z,10114,247.4,1000,1000,0,572483455,0,200,0.6
2026-09-28T04:49:24Z,10144,247.4,1000,1000,0,574135026,0,200,0.6
2026-09-28T04:49:55Z,10174,248.9,1000,1000,0,575859509,0,200,1.5
2026-09-28T04:50:24Z,10204,247.5,1000,1000,0,577492082,0,200,0.5
2026-09-28T04:50:54Z,10234,247.2,1000,1000,0,579145688,0,200,1.3
2026-09-28T04:51:24Z,10264,247.8,1000,1000,0,580872175,0,200,1.3
2026-09-28T04:51:54Z,10294,238.5,1000,1000,0,582541703,0,200,1.4
2026-09-28T04:52:25Z,10324,238.9,1000,1000,0,584278165,0,200,0.5
2026-09-28T04:52:54Z,10354,247.4,1000,1000,0,585897796,0,200,1.3
2026-09-28T04:53:24Z,10384,247.9,1000,1000,0,587561343,0,200,0.5
2026-09-28T04:53:54Z,10414,248.5,1000,1000,0,589257885,0,200,1.4
2026-09-28T04:54:24Z,10444,248.3,1000,1000,0,590952234,0,200,0.9
2026-09-28T04:54:55Z,10474,247.3,1000,1000,0,592608993,0,200,1.5
2026-09-28T04:55:24Z,10504,248.3,1000,1000,0,594261563,0,200,0.5
2026-09-28T04:55:54Z,10534,239.8,1000,1000,0,595912138,0,200,1.5
2026-09-28T04:56:24Z,10564,248.7,1000,1000,0,597592708,0,200,0.6
2026-09-28T04:56:54Z,10594,244.2,1000,1000,0,599257424,0,200,1.4
2026-09-28T04:57:25Z,10624,247.4,1000,1000,0,600983749,0,200,0.5
2026-09-28T04:57:54Z,10654,248.3,1000,1000,0,602662263,0,200,1.2
2026-09-28T04:58:24Z,10684,248.4,1000,1000,0,604304829,0,200,0.5
2026-09-28T04:58:54Z,10714,247.7,1000,1000,0,605979485,0,200,1.9
2026-09-28T04:59:24Z,10744,248.4,1000,1000,0,607682910,0,200,0.7
2026-09-28T04:59:55Z,10774,247.6,1000,1000,0,609368477,0,200,1.3
2026-09-28T05:00:24Z,10804,237.9,1000,1000,0,611039013,0,200,0.6
2026-09-28T05:00:54Z,10834,247.8,1000,1000,0,612701562,0,200,1.2
2026-09-28T05:01:25Z,10864,247.3,1000,1000,0,614420056,0,200,0.9
2026-09-28T05:01:54Z,10894,247.4,1000,1000,0,616105566,0,200,1.5
2026-09-28T05:02:24Z,10924,248.5,1000,1000,0,617783085,0,200,1.0
2026-09-28T05:02:54Z,10954,247.4,1000,1000,0,619457685,0,200,1.3
2026-09-28T05:03:24Z,10984,238.1,1000,1000,0,621142184,0,200,0.7
2026-09-28T05:03:55Z,11014,248.3,1000,1000,0,622872821,0,200,1.4
2026-09-28T05:04:24Z,11044,248.2,1000,1000,0,624546192,0,200,0.5
2026-09-28T05:04:54Z,11074,247.7,1000,1000,0,626198760,0,200,1.4
2026-09-28T05:05:24Z,11104,249.1,1000,1000,0,627965167,0,200,0.9
2026-09-28T05:05:54Z,11134,240.6,1000,1000,0,629582739,0,200,1.5
2026-09-28T05:06:25Z,11164,249.6,1000,1000,0,631196393,0,200,0.5
2026-09-28T05:06:54Z,11194,249.2,1000,1000,0,632771055,0,200,1.6
2026-09-28T05:07:24Z,11224,249.6,1000,1000,0,634366664,0,200,0.6
2026-09-28T05:07:54Z,11254,249.2,1000,1000,0,636035243,0,200,1.3
2026-09-28T05:08:24Z,11284,238.7,1000,1000,0,637578967,0,200,0.6
2026-09-28T05:08:55Z,11314,249.0,1000,1000,0,639270512,0,200,1.8
2026-09-28T05:09:24Z,11344,249.3,1000,1000,0,640810251,0,200,0.6
2026-09-28T05:09:54Z,11374,247.6,1000,1000,0,642488763,0,200,1.3
2026-09-28T05:10:24Z,11404,243.9,1000,1000,0,644318047,0,200,2.2
2026-09-28T05:10:54Z,11434,248.3,1000,1000,0,646091380,0,200,0.6
2026-09-28T05:11:25Z,11464,244.1,1000,1000,0,647881739,0,200,1.3
2026-09-28T05:11:54Z,11494,248.3,1000,1000,0,649618140,0,200,0.7
2026-09-28T05:12:24Z,11524,247.3,1000,1000,0,651345540,0,200,1.6
2026-09-28T05:12:54Z,11554,248.7,1000,1000,0,653123940,0,200,0.5
2026-09-28T05:13:24Z,11584,247.9,1000,1000,0,654868327,0,200,1.5
2026-09-28T05:13:55Z,11614,247.2,1000,1000,0,656633732,0,200,0.5
2026-09-28T05:14:24Z,11644,244.0,1000,1000,0,658364150,0,200,4.4
2026-09-28T05:14:54Z,11674,248.0,1000,1000,0,660086577,0,200,1.8
2026-09-28T05:15:24Z,11704,247.7,1000,1000,0,661840006,0,200,1.9
2026-09-28T05:15:54Z,11734,244.3,1000,1000,0,663547464,0,200,0.6
2026-09-28T05:16:24Z,11764,247.7,1000,1000,0,665253924,0,200,2.4
2026-09-28T05:16:54Z,11794,239.1,1000,1000,0,667002360,0,200,0.4
2026-09-28T05:17:24Z,11824,244.3,1000,1000,0,668756724,0,200,1.7
2026-09-28T05:17:54Z,11854,247.7,1000,1000,0,670504167,0,200,0.5
2026-09-28T05:18:24Z,11884,247.8,1000,1000,0,672231579,0,200,1.2
2026-09-28T05:18:55Z,11914,238.5,1000,1000,0,673981025,0,200,0.4
2026-09-28T05:19:24Z,11944,248.2,1000,1000,0,675731487,0,200,1.6
2026-09-28T05:19:54Z,11974,248.5,1000,1000,0,677447836,0,200,0.7
2026-09-28T05:20:24Z,12004,247.1,1000,1000,0,679209252,0,200,1.5
2026-09-28T05:20:54Z,12034,247.6,1000,1000,0,680921700,0,200,0.6
2026-09-28T05:21:24Z,12064,248.1,1000,1000,0,682648119,0,200,1.3
2026-09-28T05:21:54Z,12094,247.1,1000,1000,0,684393566,0,200,0.6
2026-09-28T05:22:24Z,12124,248.5,1000,1000,0,686094039,0,200,1.2
2026-09-28T05:22:55Z,12154,248.4,1000,1000,0,687895372,0,200,0.7
2026-09-28T05:23:24Z,12184,244.4,1000,1000,0,689606821,0,200,1.5
2026-09-28T05:23:54Z,12214,249.2,1000,1000,0,691335239,0,200,0.6
2026-09-28T05:24:24Z,12244,247.2,1000,1000,0,693086739,0,200,1.5
2026-09-28T05:24:54Z,12274,247.5,1000,1000,0,694799125,0,200,0.5
2026-09-28T05:25:25Z,12304,248.1,1000,1000,0,696578504,0,200,1.5
2026-09-28T05:25:54Z,12334,248.6,1000,1000,0,698325880,0,200,0.6
2026-09-28T05:26:24Z,12364,252.5,1000,1000,0,700007389,0,200,1.4
2026-09-28T05:26:54Z,12394,247.4,1000,1000,0,701760810,0,200,0.5
2026-09-28T05:27:24Z,12424,238.3,1000,1000,0,703474265,0,200,1.3
2026-09-28T05:27:55Z,12454,247.3,1000,1000,0,705279592,0,200,2.1
2026-09-28T05:28:24Z,12484,247.3,1000,1000,0,706972077,0,200,1.4
2026-09-28T05:28:54Z,12514,244.2,1000,1000,0,708693502,0,200,0.6
2026-09-28T05:29:24Z,12544,251.3,1000,1000,0,710464894,0,200,1.3
2026-09-28T05:29:54Z,12574,248.7,1000,1000,0,712195281,0,200,0.5
2026-09-28T05:30:25Z,12604,244.9,1000,1000,0,713972689,0,200,1.6
2026-09-28T05:30:54Z,12634,247.9,1000,1000,0,715704100,0,200,0.6
2026-09-28T05:31:24Z,12664,247.6,1000,1000,0,717412398,0,200,2.1
2026-09-28T05:31:55Z,12694,247.3,1000,1000,0,719164988,0,200,0.6
2026-09-28T05:32:24Z,12724,247.1,1000,1000,0,720866462,0,200,0.6
2026-09-28T05:32:54Z,12754,247.4,1000,1000,0,722569927,0,200,1.2
2026-09-28T05:33:24Z,12784,244.6,1000,1000,0,724311379,0,200,1.3
2026-09-28T05:33:54Z,12814,247.7,1000,1000,0,726007857,0,200,1.5
2026-09-28T05:34:25Z,12844,244.1,1000,1000,0,727794223,0,200,0.6
2026-09-28T05:34:54Z,12874,247.4,1000,1000,0,729514657,0,200,5.2
2026-09-28T05:35:24Z,12904,247.1,1000,1000,0,731264030,0,200,0.5
2026-09-28T05:35:54Z,12934,247.5,1000,1000,0,733029440,0,200,1.9
2026-09-28T05:36:24Z,12964,247.3,1000,1000,0,734750874,0,200,0.5
2026-09-28T05:36:55Z,12994,247.5,1000,1000,0,736499312,0,200,1.4
2026-09-28T05:37:24Z,13024,237.8,1000,1000,0,738261660,0,200,0.7
2026-09-28T05:37:54Z,13054,244.1,1000,1000,0,739979074,0,200,1.4
2026-09-28T05:38:24Z,13084,247.5,1000,1000,0,741780437,0,200,2.6
2026-09-28T05:38:54Z,13114,247.4,1000,1000,0,743502862,0,200,1.4
2026-09-28T05:39:25Z,13144,247.7,1000,1000,0,745271268,0,200,0.5
2026-09-28T05:39:54Z,13174,248.0,1000,1000,0,747003672,0,200,2.0
2026-09-28T05:40:24Z,13204,238.2,1000,1000,0,748725099,0,200,0.5
2026-09-28T05:40:55Z,13234,247.9,1000,1000,0,750508470,0,200,1.8
2026-09-28T05:41:24Z,13264,238.7,1000,1000,0,752242871,0,200,0.5
2026-09-28T05:41:54Z,13294,250.1,1000,1000,0,753810517,0,200,1.5
2026-09-28T05:42:24Z,13324,249.0,1000,1000,0,755359185,0,200,0.7
2026-09-28T05:42:54Z,13354,249.4,1000,1000,0,756849916,0,200,1.6
2026-09-28T05:43:24Z,13384,249.9,1000,1000,0,758453554,0,200,0.6
2026-09-28T05:43:54Z,13414,245.1,1000,1000,0,760050172,0,200,1.3
2026-09-28T05:44:25Z,13444,249.9,1000,1000,0,761709719,0,200,0.7
2026-09-28T05:44:54Z,13474,249.7,1000,1000,0,763369243,0,200,1.6
2026-09-28T05:45:24Z,13504,247.5,1000,1000,0,765004795,0,200,0.5
2026-09-28T05:45:54Z,13534,245.1,1000,1000,0,766690294,0,200,2.3
2026-09-28T05:46:24Z,13564,248.2,1000,1000,0,768360809,0,200,0.5
2026-09-28T05:46:55Z,13594,245.9,1000,1000,0,770050308,0,200,1.3
2026-09-28T05:47:24Z,13624,242.2,1000,1000,0,771670862,0,200,1.0
2026-09-28T05:47:54Z,13654,246.6,1000,1000,0,773283420,0,200,1.4
2026-09-28T05:48:24Z,13684,248.8,1000,1000,0,774918008,0,200,0.7
2026-09-28T05:48:54Z,13714,249.9,1000,1000,0,776514601,0,200,1.5
2026-09-28T05:49:25Z,13744,240.7,1000,1000,0,778185141,0,200,0.7
2026-09-28T05:49:54Z,13774,249.7,1000,1000,0,779770764,0,200,3.0
2026-09-28T05:50:24Z,13804,240.5,1000,1000,0,781416307,0,200,0.5
2026-09-28T05:50:54Z,13834,239.9,1000,1000,0,783081846,0,200,1.4
2026-09-28T05:51:24Z,13864,249.5,1000,1000,0,784667479,0,200,1.7
2026-09-28T05:51:55Z,13894,249.0,1000,1000,0,786347973,0,200,2.1
2026-09-28T05:52:24Z,13924,249.3,1000,1000,0,787951585,0,200,0.6
2026-09-28T05:52:54Z,13954,247.1,1000,1000,0,789694896,0,200,1.4
2026-09-28T05:53:24Z,13984,247.6,1000,1000,0,791545198,0,200,0.6
2026-09-28T05:53:54Z,14014,244.3,1000,1000,0,793282690,0,200,0.5
2026-09-28T05:54:25Z,14044,248.4,1000,1000,0,795064604,0,200,1.5
2026-09-28T05:54:54Z,14074,249.4,1000,1000,0,796752472,0,200,0.6
2026-09-28T05:55:24Z,14104,238.2,1000,1000,0,798471907,0,200,1.3
2026-09-28T05:55:54Z,14134,247.5,1000,1000,0,800264263,0,200,0.7
2026-09-28T05:56:24Z,14164,248.4,1000,1000,0,801954755,0,200,1.4
2026-09-28T05:56:55Z,14194,247.5,1000,1000,0,803784034,0,200,0.9
2026-09-28T05:57:24Z,14224,247.5,1000,1000,0,805471533,0,200,1.3
2026-09-28T05:57:54Z,14254,247.5,1000,1000,0,807175999,0,200,0.6
2026-09-28T05:58:24Z,14284,248.8,1000,1000,0,808932424,0,200,1.7
2026-09-28T05:58:54Z,14314,247.4,1000,1000,0,810643876,0,200,0.5
2026-09-28T05:59:25Z,14344,247.3,1000,1000,0,812418266,0,200,1.3
2026-09-28T05:59:54Z,14374,248.5,1000,1000,0,814134703,0,200,0.5
2026-09-28T06:00:24Z,14404,244.3,1000,1000,0,815874574,0,200,1.3
2026-09-28T06:00:54Z,14434,247.7,1000,1000,0,817646497,0,200,0.4
2026-09-28T06:01:24Z,14464,238.2,1000,1000,0,819372920,0,200,5.0
2026-09-28T06:01:55Z,14494,238.1,1000,1000,0,821194213,0,200,0.9
2026-09-28T06:02:24Z,14524,248.6,1000,1000,0,822886699,0,200,1.3
2026-09-28T06:02:54Z,14554,244.2,1000,1000,0,824637066,0,200,0.5
2026-09-28T06:03:24Z,14584,247.9,1000,1000,0,826429416,0,200,4.4
2026-09-28T06:03:54Z,14614,247.3,1000,1000,0,828126889,0,200,2.9
2026-09-28T06:04:25Z,14644,238.3,1000,1000,0,829909259,0,200,1.3
2026-09-28T06:04:54Z,14674,247.4,1000,1000,0,831627695,0,200,0.5
2026-09-28T06:05:24Z,14704,247.6,1000,1000,0,833339149,0,200,1.2
2026-09-28T06:05:54Z,14734,238.4,1000,1000,0,835135491,0,200,0.5
2026-09-28T06:06:24Z,14764,247.1,1000,1000,0,836867900,0,200,1.5
2026-09-28T06:06:55Z,14794,247.7,1000,1000,0,838611349,0,200,1.7
2026-09-28T06:07:24Z,14824,248.3,1000,1000,0,840344751,0,200,1.5
2026-09-28T06:07:54Z,14854,247.5,1000,1000,0,842057202,0,200,0.5
2026-09-28T06:08:24Z,14884,248.4,1000,1000,0,843811327,0,200,1.4
2026-09-28T06:08:54Z,14914,247.8,1000,1000,0,845558012,0,200,0.5
2026-09-28T06:09:25Z,14944,243.9,1000,1000,0,847364308,0,200,1.4
2026-09-28T06:09:54Z,14974,250.4,1000,1000,0,849014880,0,200,0.7
2026-09-28T06:10:24Z,15004,249.6,1000,1000,0,850610488,0,200,1.4
2026-09-28T06:10:54Z,15034,248.8,1000,1000,0,852194095,0,200,0.6
2026-09-28T06:11:24Z,15064,248.6,1000,1000,0,853697801,0,200,1.5
2026-09-28T06:11:55Z,15094,250.6,1000,1000,0,855222496,0,200,1.3
2026-09-28T06:12:24Z,15124,250.2,1000,1000,0,856727233,0,200,1.6
2026-09-28T06:12:54Z,15154,249.3,1000,1000,0,858243938,0,200,0.9
2026-09-28T06:13:24Z,15184,248.8,1000,1000,0,859862515,0,200,1.6
2026-09-28T06:13:54Z,15214,251.2,1000,1000,0,861356235,0,200,1.2
2026-09-28T06:14:25Z,15244,248.9,1000,1000,0,862988803,0,200,1.5
2026-09-28T06:14:54Z,15274,250.5,1000,1000,0,864525485,0,200,0.6
2026-09-28T06:15:24Z,15304,250.5,1000,1000,0,866008222,0,200,0.7
2026-09-28T06:15:54Z,15334,249.8,1000,1000,0,867531926,0,200,1.2
2026-09-28T06:16:24Z,15364,250.4,1000,1000,0,869038613,0,200,0.5
2026-09-28T06:16:55Z,15394,249.7,1000,1000,0,870698170,0,200,1.3
2026-09-28T06:17:24Z,15424,240.7,1000,1000,0,872155954,0,200,0.7
2026-09-28T06:17:54Z,15454,240.7,1000,1000,0,873627760,0,200,1.6
2026-09-28T06:18:24Z,15484,249.2,1000,1000,0,875293317,0,200,0.7
2026-09-28T06:18:54Z,15514,240.2,1000,1000,0,876922837,0,200,1.4
2026-09-28T06:19:25Z,15544,246.0,1000,1000,0,878585349,0,200,0.5
2026-09-28T06:19:54Z,15574,248.5,1000,1000,0,880305143,0,200,1.3
2026-09-28T06:20:24Z,15604,249.6,1000,1000,0,881988278,0,200,0.4
2026-09-28T06:20:55Z,15634,248.6,1000,1000,0,883662812,0,200,1.3
2026-09-28T06:21:24Z,15664,244.4,1000,1000,0,885295371,0,200,0.5
2026-09-28T06:21:54Z,15694,248.7,1000,1000,0,886957924,0,200,1.5
2026-09-28T06:22:24Z,15724,249.0,1000,1000,0,888672380,0,200,0.5
2026-09-28T06:22:54Z,15754,248.0,1000,1000,0,890292943,0,200,1.3
2026-09-28T06:23:24Z,15784,245.5,1000,1000,0,891995901,0,200,1.4
2026-09-28T06:23:54Z,15814,245.0,1000,1000,0,893619045,0,200,1.3
2026-09-28T06:24:25Z,15844,248.3,1000,1000,0,895294580,0,200,0.6
2026-09-28T06:24:54Z,15874,248.1,1000,1000,0,896915548,0,200,1.4
2026-09-28T06:25:24Z,15904,249.1,1000,1000,0,898522757,0,200,0.5
2026-09-28T06:25:55Z,15934,250.2,1000,1000,0,900183550,0,200,1.4
2026-09-28T06:26:24Z,15964,248.6,1000,1000,0,901810813,0,200,0.5
2026-09-28T06:26:54Z,15994,248.0,1000,1000,0,903482296,0,200,1.4
2026-09-28T06:27:24Z,16024,245.2,1000,1000,0,905156896,0,200,0.6
2026-09-28T06:27:54Z,16054,248.5,1000,1000,0,906792453,0,200,1.2
2026-09-28T06:28:25Z,16084,248.4,1000,1000,0,908499928,0,200,0.7
2026-09-28T06:28:54Z,16114,249.6,1000,1000,0,910105531,0,200,1.6
2026-09-28T06:29:24Z,16144,249.0,1000,1000,0,911750063,0,200,0.5
2026-09-28T06:29:54Z,16174,250.3,1000,1000,0,913387694,0,200,1.3
2026-09-28T06:30:24Z,16204,239.2,1000,1000,0,915031194,0,200,0.4
2026-09-28T06:30:55Z,16235,239.3,1000,1000,0,916726666,0,200,1.3
2026-09-28T06:31:25Z,16265,248.6,1000,1000,0,918427162,0,200,0.5
2026-09-28T06:31:55Z,16295,248.6,1000,1000,0,920069716,0,200,1.3
2026-09-28T06:32:26Z,16325,249.5,1000,1000,0,921733243,0,200,0.4
2026-09-28T06:32:55Z,16355,245.4,1000,1000,0,923354807,0,200,1.6
2026-09-28T06:33:25Z,16385,249.5,1000,1000,0,924990318,0,200,0.4
2026-09-28T06:33:55Z,16415,248.4,1000,1000,0,926709810,0,200,1.4
2026-09-28T06:34:25Z,16445,248.7,1000,1000,0,928358364,0,200,0.6
2026-09-28T06:34:56Z,16475,248.6,1000,1000,0,930046888,0,200,1.3
2026-09-28T06:35:25Z,16505,249.1,1000,1000,0,931679546,0,200,0.5
2026-09-28T06:35:55Z,16535,249.4,1000,1000,0,933331009,0,200,3.3
2026-09-28T06:36:25Z,16565,239.7,1000,1000,0,935057481,0,200,0.6
2026-09-28T06:36:55Z,16595,248.3,1000,1000,0,936695042,0,200,0.5
2026-09-28T06:37:26Z,16625,248.5,1000,1000,0,938423483,0,200,4.4
2026-09-28T06:37:55Z,16655,248.3,1000,1000,0,940089014,0,200,0.7
2026-09-28T06:38:25Z,16685,248.1,1000,1000,0,941748548,0,200,1.5
2026-09-28T06:38:55Z,16715,248.3,1000,1000,0,943386143,0,200,0.5
2026-09-28T06:39:25Z,16745,248.1,1000,1000,0,945061644,0,200,1.5
2026-09-28T06:39:56Z,16775,245.0,1000,1000,0,946777100,0,200,0.4
2026-09-28T06:40:25Z,16805,247.4,1000,1000,0,948435647,0,200,1.5
2026-09-28T06:40:55Z,16835,239.0,1000,1000,0,950145097,0,200,3.2
2026-09-28T06:41:25Z,16865,249.0,1000,1000,0,951903257,0,200,1.7
2026-09-28T06:41:55Z,16895,239.6,1000,1000,0,953492109,0,200,0.6
2026-09-28T06:42:26Z,16925,248.9,1000,1000,0,955152654,0,200,1.3
2026-09-28T06:42:55Z,16955,249.0,1000,1000,0,956740263,0,200,0.5
2026-09-28T06:43:25Z,16985,250.3,1000,1000,0,958359877,0,200,1.4
2026-09-28T06:43:55Z,17015,249.1,1000,1000,0,960025413,0,200,0.5
2026-09-28T06:44:25Z,17045,249.0,1000,1000,0,961614015,0,200,1.5
2026-09-28T06:44:56Z,17075,239.6,1000,1000,0,963298545,0,200,0.4
2026-09-28T06:45:25Z,17105,247.8,1000,1000,0,964943087,0,200,1.5
2026-09-28T06:45:55Z,17135,245.7,1000,1000,0,966559655,0,200,0.5
2026-09-28T06:46:25Z,17165,248.4,1000,1000,0,968239161,0,200,1.3
2026-09-28T06:46:55Z,17195,249.5,1000,1000,0,969867732,0,200,0.6
2026-09-28T06:47:25Z,17225,248.9,1000,1000,0,971573229,0,200,1.3
2026-09-28T06:47:55Z,17255,240.7,1000,1000,0,973173822,0,200,0.5
2026-09-28T06:48:26Z,17285,249.4,1000,1000,0,974894272,0,200,1.3
2026-09-28T06:48:55Z,17315,249.6,1000,1000,0,976483892,0,200,0.6
2026-09-28T06:49:25Z,17345,246.4,1000,1000,0,978105480,0,200,1.5
2026-09-28T06:49:55Z,17375,249.9,1000,1000,0,979747069,0,200,0.7
2026-09-28T06:50:25Z,17405,250.1,1000,1000,0,981390645,0,200,1.5
2026-09-28T06:50:55Z,17435,248.1,1000,1000,0,983002233,0,200,0.5
2026-09-28T06:51:25Z,17465,248.5,1000,1000,0,984733690,0,200,1.5
2026-09-28T06:51:55Z,17495,249.9,1000,1000,0,986345288,0,200,0.6
2026-09-28T06:52:25Z,17525,249.2,1000,1000,0,988011842,0,200,1.3
2026-09-28T06:52:55Z,17555,248.8,1000,1000,0,989689356,0,200,0.6
2026-09-28T06:53:26Z,17585,245.9,1000,1000,0,991376870,0,200,1.3
2026-09-28T06:53:55Z,17615,248.7,1000,1000,0,992996460,0,200,1.1
2026-09-28T06:54:25Z,17645,248.5,1000,1000,0,994602065,0,200,1.4
2026-09-28T06:54:55Z,17675,239.4,1000,1000,0,996261599,0,200,0.7
2026-09-28T06:55:25Z,17705,249.7,1000,1000,0,997893165,0,200,1.5
2026-09-28T06:55:56Z,17735,248.0,1000,1000,0,999558716,0,200,0.6
2026-09-28T06:56:25Z,17765,247.8,1000,1000,0,1001221205,0,200,1.3
2026-09-28T06:56:55Z,17795,247.6,1000,1000,0,1002892757,0,200,0.7
2026-09-28T06:57:25Z,17825,245.4,1000,1000,0,1004573270,0,200,1.7
2026-09-28T06:57:55Z,17855,247.8,1000,1000,0,1006201175,0,200,0.7
2026-09-28T06:58:26Z,17885,249.6,1000,1000,0,1007913303,0,200,0.5
2026-09-28T06:58:55Z,17915,248.3,1000,1000,0,1009527920,0,200,0.9
2026-09-28T06:59:25Z,17945,248.4,1000,1000,0,1011186358,0,200,0.5
2026-09-28T06:59:55Z,17975,249.9,1000,1000,0,1012912918,0,200,1.3
2026-09-28T07:00:25Z,18005,248.1,1000,1000,0,1014541475,0,200,0.7
2026-09-28T07:00:56Z,18036,248.7,1000,1000,0,1016223321,0,200,1.4
2026-09-28T07:01:26Z,18066,249.6,1000,1000,0,1017911501,0,200,0.5
2026-09-28T07:01:56Z,18096,238.9,1000,1000,0,1019552060,0,200,1.3
2026-09-28T07:02:27Z,18126,250.1,1000,1000,0,1021209624,0,200,0.5
2026-09-28T07:02:56Z,18156,248.2,1000,1000,0,1022824223,0,200,1.4
2026-09-28T07:03:26Z,18186,239.7,1000,1000,0,1024455782,0,200,0.6
2026-09-28T07:03:56Z,18216,239.4,1000,1000,0,1026148283,0,200,1.2
2026-09-28T07:04:26Z,18246,248.6,1000,1000,0,1027802815,0,200,0.8
2026-09-28T07:04:57Z,18276,246.3,1000,1000,0,1029463370,0,200,1.2
2026-09-28T07:05:26Z,18306,249.2,1000,1000,0,1031080941,0,200,0.7
2026-09-28T07:05:56Z,18336,245.7,1000,1000,0,1032675556,0,200,1.3
2026-09-28T07:06:26Z,18366,249.2,1000,1000,0,1034372060,0,200,0.9
2026-09-28T07:06:56Z,18396,248.4,1000,1000,0,1035957834,0,200,1.5
2026-09-28T07:07:27Z,18426,249.8,1000,1000,0,1037619229,0,200,0.5
2026-09-28T07:07:56Z,18456,247.0,1000,1000,0,1039183884,0,200,1.3
2026-09-28T07:08:26Z,18486,248.9,1000,1000,0,1040783495,0,200,0.7
2026-09-28T07:08:56Z,18516,248.2,1000,1000,0,1042426063,0,200,1.4
2026-09-28T07:09:26Z,18546,249.4,1000,1000,0,1044039630,0,200,0.6
2026-09-28T07:09:56Z,18576,240.3,1000,1000,0,1045735171,0,200,1.5
2026-09-28T07:10:26Z,18606,248.4,1000,1000,0,1047366720,0,200,0.6
2026-09-28T07:10:56Z,18636,250.1,1000,1000,0,1048977310,0,200,1.2
2026-09-28T07:11:26Z,18666,245.6,1000,1000,0,1050626873,0,200,0.6
2026-09-28T07:11:56Z,18696,250.0,1000,1000,0,1052239473,0,200,1.5
2026-09-28T07:12:26Z,18726,249.3,1000,1000,0,1053897032,0,200,0.5
2026-09-28T07:12:56Z,18756,248.6,1000,1000,0,1055514612,0,200,1.5
2026-09-28T07:13:26Z,18786,240.3,1000,1000,0,1057154168,0,200,0.5
2026-09-28T07:13:56Z,18816,248.9,1000,1000,0,1058826618,0,200,1.7
2026-09-28T07:14:26Z,18846,250.3,1000,1000,0,1060488192,0,200,0.6
2026-09-28T07:14:57Z,18876,249.3,1000,1000,0,1062175682,0,200,1.8
2026-09-28T07:15:26Z,18906,240.6,1000,1000,0,1063823222,0,200,0.6
2026-09-28T07:15:56Z,18936,249.8,1000,1000,0,1065419822,0,200,1.3
2026-09-28T07:16:26Z,18966,249.1,1000,1000,0,1067143288,0,200,0.6
2026-09-28T07:16:56Z,18996,248.4,1000,1000,0,1068784809,0,200,1.7
2026-09-28T07:17:27Z,19026,244.9,1000,1000,0,1070458351,0,200,0.6
2026-09-28T07:17:56Z,19056,246.0,1000,1000,0,1072052959,0,200,1.3
2026-09-28T07:18:26Z,19086,247.6,1000,1000,0,1073622592,0,200,0.7
2026-09-28T07:18:56Z,19116,250.0,1000,1000,0,1075272163,0,200,1.5
2026-09-28T07:19:26Z,19146,249.3,1000,1000,0,1076891723,0,200,0.5
2026-09-28T07:19:57Z,19176,246.2,1000,1000,0,1078573376,0,200,1.2
2026-09-28T07:20:26Z,19206,249.8,1000,1000,0,1080182834,0,200,0.8
2026-09-28T07:20:56Z,19236,249.2,1000,1000,0,1081829380,0,200,0.5
2026-09-28T07:21:26Z,19266,250.6,1000,1000,0,1083515884,0,200,1.5
2026-09-28T07:21:56Z,19296,247.9,1000,1000,0,1085103506,0,200,0.6
2026-09-28T07:22:27Z,19326,245.8,1000,1000,0,1086780015,0,200,1.5
2026-09-28T07:22:56Z,19356,246.3,1000,1000,0,1088441542,0,200,0.5
2026-09-28T07:23:26Z,19386,245.6,1000,1000,0,1090052142,0,200,1.4
2026-09-28T07:23:56Z,19416,245.4,1000,1000,0,1091734646,0,200,0.5
2026-09-28T07:24:26Z,19446,248.3,1000,1000,0,1093336254,0,200,1.4
2026-09-28T07:24:57Z,19476,249.3,1000,1000,0,1095040710,0,200,0.5
2026-09-28T07:25:26Z,19506,248.3,1000,1000,0,1096691266,0,200,1.6
2026-09-28T07:25:56Z,19536,248.4,1000,1000,0,1098322826,0,200,0.7
2026-09-28T07:26:27Z,19566,246.3,1000,1000,0,1099966385,0,200,1.4
2026-09-28T07:26:56Z,19596,248.0,1000,1000,0,1101597371,0,200,0.6
2026-09-28T07:27:26Z,19626,249.7,1000,1000,0,1103186588,0,200,1.2
2026-09-28T07:27:56Z,19656,248.5,1000,1000,0,1104868062,0,200,0.8
2026-09-28T07:28:26Z,19686,249.4,1000,1000,0,1106476642,0,200,1.5
2026-09-28T07:28:57Z,19716,239.0,1000,1000,0,1108123216,0,200,0.5
2026-09-28T07:29:26Z,19746,248.1,1000,1000,0,1109752768,0,200,2.1
2026-09-28T07:29:56Z,19776,247.5,1000,1000,0,1111400308,0,200,1.6
2026-09-28T07:30:26Z,19806,248.9,1000,1000,0,1113056861,0,200,1.4
2026-09-28T07:30:56Z,19836,248.4,1000,1000,0,1114665442,0,200,0.7
2026-09-28T07:31:27Z,19866,248.4,1000,1000,0,1116343980,0,200,1.8
2026-09-28T07:31:56Z,19896,247.9,1000,1000,0,1117957571,0,200,0.6
2026-09-28T07:32:26Z,19926,248.3,1000,1000,0,1119582148,0,200,1.3
2026-09-28T07:32:56Z,19956,248.6,1000,1000,0,1121264659,0,200,0.5
2026-09-28T07:33:26Z,19986,248.1,1000,1000,0,1122874252,0,200,1.3
2026-09-28T07:33:56Z,20016,248.9,1000,1000,0,1124472093,0,200,0.4
2026-09-28T07:34:26Z,20046,248.2,1000,1000,0,1126110393,0,200,1.4
2026-09-28T07:34:56Z,20076,248.4,1000,1000,0,1127724008,0,200,0.5
2026-09-28T07:35:27Z,20106,238.8,1000,1000,0,1129432497,0,200,1.3
2026-09-28T07:35:56Z,20136,250.7,1000,1000,0,1131029045,0,200,0.7
2026-09-28T07:36:26Z,20166,239.4,1000,1000,0,1132672628,0,200,1.6
2026-09-28T07:36:56Z,20196,249.3,1000,1000,0,1134379082,0,200,1.3
2026-09-28T07:37:26Z,20226,248.7,1000,1000,0,1135992672,0,200,1.3
2026-09-28T07:37:57Z,20256,248.7,1000,1000,0,1137656196,0,200,1.5
2026-09-28T07:38:26Z,20286,249.4,1000,1000,0,1139240823,0,200,1.3
2026-09-28T07:38:56Z,20316,250.2,1000,1000,0,1140899364,0,200,0.7
2026-09-28T07:39:26Z,20346,238.9,1000,1000,0,1142629815,0,200,1.4
2026-09-28T07:39:56Z,20376,247.0,1000,1000,0,1144329288,0,200,0.6
2026-09-28T07:40:26Z,20406,249.1,1000,1000,0,1145966854,0,200,1.4
2026-09-28T07:40:56Z,20436,249.2,1000,1000,0,1147631392,0,200,0.5
2026-09-28T07:41:26Z,20466,248.6,1000,1000,0,1149253972,0,200,1.0
2026-09-28T07:41:57Z,20496,249.0,1000,1000,0,1150945474,0,200,1.8
2026-09-28T07:42:26Z,20526,249.5,1000,1000,0,1152509094,0,200,0.7
2026-09-28T07:42:56Z,20556,250.4,1000,1000,0,1154095751,0,200,1.3
2026-09-28T07:43:26Z,20586,248.7,1000,1000,0,1155783269,0,200,0.5
2026-09-28T07:43:56Z,20616,248.5,1000,1000,0,1157389874,0,200,1.2
2026-09-28T07:44:26Z,20646,249.2,1000,1000,0,1159079398,0,200,0.6
2026-09-28T07:44:56Z,20676,249.9,1000,1000,0,1160684002,0,200,1.4
2026-09-28T07:45:27Z,20707,249.2,1000,1000,0,1162364524,0,200,0.7
2026-09-28T07:45:57Z,20737,248.0,1000,1000,0,1164040103,0,200,1.2
2026-09-28T07:46:27Z,20767,249.6,1000,1000,0,1165762503,0,200,0.9
2026-09-28T07:46:58Z,20797,248.5,1000,1000,0,1167447022,0,200,1.5
2026-09-28T07:47:27Z,20827,250.0,1000,1000,0,1169066591,0,200,0.6
2026-09-28T07:47:57Z,20857,249.8,1000,1000,0,1170656208,0,200,1.5
2026-09-28T07:48:27Z,20887,248.3,1000,1000,0,1172377654,0,200,0.6
2026-09-28T07:48:57Z,20917,248.8,1000,1000,0,1173989244,0,200,1.3
2026-09-28T07:49:28Z,20947,246.6,1000,1000,0,1175671735,0,200,0.7
2026-09-28T07:49:57Z,20977,245.7,1000,1000,0,1177281874,0,200,1.7
2026-09-28T07:50:27Z,21007,248.4,1000,1000,0,1178950836,0,200,0.5
2026-09-28T07:50:57Z,21037,239.1,1000,1000,0,1180609381,0,200,1.5
2026-09-28T07:51:27Z,21067,249.9,1000,1000,0,1182199992,0,200,0.8
2026-09-28T07:51:58Z,21097,250.1,1000,1000,0,1183887506,0,200,1.6
2026-09-28T07:52:27Z,21127,246.2,1000,1000,0,1185533046,0,200,0.6
2026-09-28T07:52:57Z,21157,247.8,1000,1000,0,1187130657,0,200,1.5
2026-09-28T07:53:27Z,21187,248.8,1000,1000,0,1188815156,0,200,0.5
2026-09-28T07:53:57Z,21217,250.3,1000,1000,0,1190437147,0,200,1.3
2026-09-28T07:54:28Z,21247,248.6,1000,1000,0,1192110250,0,200,0.5
2026-09-28T07:54:57Z,21277,245.4,1000,1000,0,1193726850,0,200,3.3
2026-09-28T07:55:27Z,21307,247.6,1000,1000,0,1195359391,0,200,0.6
2026-09-28T07:55:57Z,21337,249.3,1000,1000,0,1197125791,0,200,1.7
2026-09-28T07:56:27Z,21367,250.0,1000,1000,0,1198785298,0,200,0.8
2026-09-28T07:56:57Z,21397,248.8,1000,1000,0,1200432830,0,200,1.5
2026-09-28T07:57:27Z,21427,253.5,1000,1000,0,1202095396,0,200,0.5
2026-09-28T07:57:57Z,21457,250.1,1000,1000,0,1203694003,0,200,1.3
2026-09-28T07:58:27Z,21487,248.4,1000,1000,0,1205386500,0,200,0.5
2026-09-28T07:58:57Z,21517,248.0,1000,1000,0,1207029055,0,200,1.7
2026-09-28T07:59:28Z,21547,248.0,1000,1000,0,1208757526,0,200,0.6
2026-09-28T07:59:57Z,21577,248.3,1000,1000,0,1210402003,0,200,1.5
2026-09-28T08:00:27Z,21607,249.7,1000,1000,0,1212020643,0,200,0.5
2026-09-28T08:00:58Z,21637,246.1,1000,1000,0,1213674205,0,200,1.5
2026-09-28T08:01:27Z,21667,248.9,1000,1000,0,1215293780,0,200,0.6
2026-09-28T08:01:57Z,21697,249.3,1000,1000,0,1216899384,0,200,1.2
2026-09-28T08:02:27Z,21727,249.7,1000,1000,0,1218591894,0,200,0.4
2026-09-28T08:02:57Z,21757,249.9,1000,1000,0,1220243427,0,200,2.1
2026-09-28T08:03:27Z,21787,248.5,1000,1000,0,1221926953,0,200,0.7
2026-09-28T08:03:57Z,21817,247.7,1000,1000,0,1223557500,0,200,0.8
2026-09-28T08:04:27Z,21847,243.8,1000,1000,0,1225146121,0,200,1.3
2026-09-28T08:04:57Z,21877,248.7,1000,1000,0,1226825654,0,200,0.7
2026-09-28T08:05:27Z,21907,248.1,1000,1000,0,1228423262,0,200,1.3
2026-09-28T08:05:58Z,21937,245.9,1000,1000,0,1230082816,0,200,0.5
2026-09-28T08:06:27Z,21967,246.5,1000,1000,0,1231732345,0,200,1.5
2026-09-28T08:06:57Z,21997,248.2,1000,1000,0,1233361901,0,200,0.5
2026-09-28T08:07:27Z,22027,248.1,1000,1000,0,1235075378,0,200,1.4
2026-09-28T08:07:57Z,22057,248.8,1000,1000,0,1236736888,0,200,0.5
2026-09-28T08:08:27Z,22087,248.1,1000,1000,0,1238404423,0,200,3.9
2026-09-28T08:08:57Z,22117,248.5,1000,1000,0,1240051986,0,200,0.8
2026-09-28T08:09:28Z,22147,253.1,1000,1000,0,1241756447,0,200,2.0
2026-09-28T08:09:57Z,22177,248.1,1000,1000,0,1243386005,0,200,0.6
2026-09-28T08:10:27Z,22207,248.1,1000,1000,0,1245037536,0,200,1.4
2026-09-28T08:10:58Z,22237,249.3,1000,1000,0,1246721040,0,200,0.5
2026-09-28T08:11:27Z,22267,249.6,1000,1000,0,1248327630,0,200,1.4
2026-09-28T08:11:58Z,22298,239.6,1000,1000,0,1250008153,0,200,3.1
2026-09-28T08:12:28Z,22328,248.4,1000,1000,0,1251655729,0,200,1.5
2026-09-28T08:12:58Z,22358,249.3,1000,1000,0,1253298278,0,200,0.5
2026-09-28T08:13:28Z,22388,248.6,1000,1000,0,1254948845,0,200,1.9
2026-09-28T08:13:58Z,22418,249.0,1000,1000,0,1256561408,0,200,0.6
2026-09-28T08:14:29Z,22448,247.1,1000,1000,0,1258353756,0,200,1.3
2026-09-28T08:14:58Z,22478,248.0,1000,1000,0,1260078141,0,200,0.6
2026-09-28T08:15:28Z,22508,248.6,1000,1000,0,1261707751,0,200,1.2
2026-09-28T08:15:58Z,22538,248.4,1000,1000,0,1263398258,0,200,0.4
2026-09-28T08:16:28Z,22568,248.0,1000,1000,0,1265079759,0,200,1.6
2026-09-28T08:16:59Z,22599,248.8,1000,1000,0,1266760257,0,200,0.5
2026-09-28T08:17:29Z,22629,250.8,1000,1000,0,1268427797,0,200,1.2
2026-09-28T08:17:59Z,22659,240.5,1000,1000,0,1270039393,0,200,0.5
2026-09-28T08:18:29Z,22689,248.9,1000,1000,0,1271710934,0,200,1.5
2026-09-28T08:18:59Z,22719,245.9,1000,1000,0,1273309534,0,200,0.9
2026-09-28T08:19:29Z,22749,239.6,1000,1000,0,1274887174,0,200,1.3
2026-09-28T08:19:59Z,22779,249.2,1000,1000,0,1276560703,0,200,0.6
2026-09-28T08:20:29Z,22809,248.9,1000,1000,0,1278156311,0,200,1.3
2026-09-28T08:21:00Z,22839,249.6,1000,1000,0,1279820843,0,200,0.5
2026-09-28T08:21:29Z,22869,249.9,1000,1000,0,1281481368,0,200,1.4
2026-09-28T08:21:59Z,22899,248.6,1000,1000,0,1283116949,0,200,0.5
2026-09-28T08:22:29Z,22929,247.6,1000,1000,0,1284866346,0,200,1.5
2026-09-28T08:22:59Z,22959,249.0,1000,1000,0,1286564816,0,200,0.6
2026-09-28T08:23:30Z,22989,248.6,1000,1000,0,1288251780,0,200,4.4
2026-09-28T08:23:59Z,23019,250.4,1000,1000,0,1289830939,0,200,0.5
2026-09-28T08:24:29Z,23049,248.1,1000,1000,0,1291489518,0,200,1.4
2026-09-28T08:24:59Z,23079,249.3,1000,1000,0,1293174929,0,200,0.7
2026-09-28T08:25:29Z,23109,249.6,1000,1000,0,1294779598,0,200,1.2
2026-09-28T08:26:00Z,23139,248.9,1000,1000,0,1296488085,0,200,0.4
2026-09-28T08:26:29Z,23169,250.4,1000,1000,0,1298147614,0,200,0.5
2026-09-28T08:26:59Z,23199,247.8,1000,1000,0,1299735227,0,200,1.7
2026-09-28T08:27:29Z,23229,249.2,1000,1000,0,1301381806,0,200,0.7
2026-09-28T08:27:59Z,23259,248.6,1000,1000,0,1302993399,0,200,1.2
2026-09-28T08:28:30Z,23289,247.9,1000,1000,0,1304673908,0,200,0.6
2026-09-28T08:28:59Z,23319,239.2,1000,1000,0,1306265543,0,200,1.3
2026-09-28T08:29:29Z,23349,246.3,1000,1000,0,1307858144,0,200,0.5
2026-09-28T08:29:59Z,23379,248.1,1000,1000,0,1309540675,0,200,1.4
2026-09-28T08:30:29Z,23409,238.5,1000,1000,0,1311176174,0,200,0.7
2026-09-28T08:30:59Z,23439,248.6,1000,1000,0,1312883669,0,200,1.5
2026-09-28T08:31:29Z,23469,247.6,1000,1000,0,1314568193,0,200,0.6
2026-09-28T08:31:59Z,23499,249.0,1000,1000,0,1316176780,0,200,1.4
2026-09-28T08:32:30Z,23529,249.0,1000,1000,0,1317853759,0,200,1.2
2026-09-28T08:32:59Z,23559,248.9,1000,1000,0,1319473895,0,200,1.9
2026-09-28T08:33:29Z,23589,249.1,1000,1000,0,1321116424,0,200,0.4
2026-09-28T08:33:59Z,23619,250.0,1000,1000,0,1322792942,0,200,1.5
2026-09-28T08:34:29Z,23649,249.3,1000,1000,0,1324440480,0,200,0.4
2026-09-28T08:34:59Z,23679,249.5,1000,1000,0,1326067037,0,200,1.5
2026-09-28T08:35:29Z,23709,246.0,1000,1000,0,1327693631,0,200,1.3
2026-09-28T08:35:59Z,23739,248.0,1000,1000,0,1329277270,0,200,1.5
2026-09-28T08:36:30Z,23769,248.8,1000,1000,0,1330932815,0,200,0.6
2026-09-28T08:36:59Z,23799,246.2,1000,1000,0,1332534611,0,200,1.4
2026-09-28T08:37:29Z,23829,248.4,1000,1000,0,1334182964,0,200,0.8
2026-09-28T08:37:59Z,23859,249.6,1000,1000,0,1335893449,0,200,2.6
2026-09-28T08:38:29Z,23889,250.8,1000,1000,0,1337565954,0,200,0.6
2026-09-28T08:39:00Z,23919,248.2,1000,1000,0,1339212518,0,200,1.5
2026-09-28T08:39:29Z,23949,245.7,1000,1000,0,1340829087,0,200,0.6
2026-09-28T08:39:59Z,23979,248.8,1000,1000,0,1342453663,0,200,1.3
2026-09-28T08:40:29Z,24009,250.4,1000,1000,0,1344127192,0,200,0.7
2026-09-28T08:40:59Z,24039,250.2,1000,1000,0,1345757739,0,200,1.2
2026-09-28T08:41:30Z,24069,249.0,1000,1000,0,1347391304,0,200,0.6
2026-09-28T08:41:59Z,24099,248.4,1000,1000,0,1349008875,0,200,1.4
2026-09-28T08:42:29Z,24129,245.7,1000,1000,0,1350638456,0,200,0.6
2026-09-28T08:42:59Z,24159,253.3,1000,1000,0,1352285997,0,200,1.2
2026-09-28T08:43:29Z,24189,248.9,1000,1000,0,1353931548,0,200,0.5
2026-09-28T08:44:00Z,24219,249.1,1000,1000,0,1355572117,0,200,1.5
2026-09-28T08:44:29Z,24249,249.8,1000,1000,0,1357192082,0,200,0.8
2026-09-28T08:44:59Z,24279,240.1,1000,1000,0,1358789315,0,200,1.3
2026-09-28T08:45:29Z,24309,247.8,1000,1000,0,1360438883,0,200,0.5
2026-09-28T08:45:59Z,24339,240.3,1000,1000,0,1362068436,0,200,1.3
2026-09-28T08:46:29Z,24369,248.7,1000,1000,0,1363660055,0,200,2.7
2026-09-28T08:46:59Z,24399,248.8,1000,1000,0,1365329544,0,200,1.4
2026-09-28T08:47:29Z,24429,244.8,1000,1000,0,1366981136,0,200,0.7
2026-09-28T08:48:00Z,24459,248.9,1000,1000,0,1368718432,0,200,0.5
2026-09-28T08:48:29Z,24489,250.9,1000,1000,0,1370347087,0,200,1.6
2026-09-28T08:48:59Z,24519,250.0,1000,1000,0,1371985639,0,200,0.5
2026-09-28T08:49:29Z,24549,249.4,1000,1000,0,1373655188,0,200,1.6
2026-09-28T08:49:59Z,24579,248.3,1000,1000,0,1375316725,0,200,0.5
2026-09-28T08:50:30Z,24609,248.7,1000,1000,0,1376995257,0,200,1.3
2026-09-28T08:50:59Z,24639,250.2,1000,1000,0,1378648804,0,200,0.5
2026-09-28T08:51:29Z,24669,248.3,1000,1000,0,1380286472,0,200,1.7
2026-09-28T08:51:59Z,24699,249.7,1000,1000,0,1381961873,0,200,1.4
2026-09-28T08:52:29Z,24729,248.0,1000,1000,0,1383593451,0,200,1.2
2026-09-28T08:53:00Z,24759,247.8,1000,1000,0,1385213052,0,200,0.7
2026-09-28T08:53:29Z,24789,239.8,1000,1000,0,1386880561,0,200,1.6
2026-09-28T08:53:59Z,24819,245.4,1000,1000,0,1388537080,0,200,0.4
2026-09-28T08:54:29Z,24849,240.9,1000,1000,0,1390247555,0,200,1.2
2026-09-28T08:54:59Z,24879,239.6,1000,1000,0,1391903092,0,200,0.6
2026-09-28T08:55:30Z,24910,249.0,1000,1000,0,1393598931,0,200,1.4
2026-09-28T08:56:00Z,24940,248.7,1000,1000,0,1395291116,0,200,0.4
2026-09-28T08:56:30Z,24970,248.8,1000,1000,0,1396923678,0,200,1.6
2026-09-28T08:57:01Z,25000,248.9,1000,1000,0,1398597215,0,200,0.7
2026-09-28T08:57:30Z,25030,248.2,1000,1000,0,1400199819,0,200,1.2
2026-09-28T08:58:00Z,25060,248.8,1000,1000,0,1401814412,0,200,0.5
2026-09-28T08:58:30Z,25090,239.3,1000,1000,0,1403537876,0,200,1.3
2026-09-28T08:59:00Z,25120,249.3,1000,1000,0,1405167452,0,200,2.1
2026-09-28T08:59:31Z,25150,249.1,1000,1000,0,1406805030,0,200,1.6
2026-09-28T09:00:00Z,25180,249.2,1000,1000,0,1408415860,0,200,0.6
2026-09-28T09:00:30Z,25210,247.7,1000,1000,0,1410032228,0,200,1.5
2026-09-28T09:01:00Z,25240,248.4,1000,1000,0,1411717738,0,200,0.5
2026-09-28T09:01:30Z,25270,248.8,1000,1000,0,1413341327,0,200,1.6
2026-09-28T09:02:01Z,25300,248.7,1000,1000,0,1415037825,0,200,1.0
2026-09-28T09:02:30Z,25330,249.7,1000,1000,0,1416650407,0,200,1.2
2026-09-28T09:03:00Z,25360,248.8,1000,1000,0,1418268988,0,200,0.7
2026-09-28T09:03:30Z,25390,248.4,1000,1000,0,1419951987,0,200,1.7
2026-09-28T09:04:00Z,25420,249.7,1000,1000,0,1421607042,0,200,0.5
2026-09-28T09:04:31Z,25450,249.6,1000,1000,0,1423332520,0,200,1.5
2026-09-28T09:05:00Z,25480,249.2,1000,1000,0,1424993135,0,200,0.5
2026-09-28T09:05:30Z,25510,248.7,1000,1000,0,1426642552,0,200,1.4
2026-09-28T09:06:00Z,25540,250.4,1000,1000,0,1428340054,0,200,0.6
2026-09-28T09:06:30Z,25570,248.1,1000,1000,0,1430009563,0,200,1.4
2026-09-28T09:07:01Z,25600,249.7,1000,1000,0,1431707169,0,200,0.5
2026-09-28T09:07:30Z,25630,240.0,1000,1000,0,1433305677,0,200,1.3
2026-09-28T09:08:00Z,25660,248.5,1000,1000,0,1434906282,0,200,0.7
2026-09-28T09:08:30Z,25690,250.0,1000,1000,0,1436593990,0,200,1.6
2026-09-28T09:09:00Z,25720,249.2,1000,1000,0,1438210383,0,200,0.6
2026-09-28T09:09:30Z,25750,249.5,1000,1000,0,1439833947,0,200,0.7
2026-09-28T09:10:00Z,25780,249.8,1000,1000,0,1441506459,0,200,1.5
2026-09-28T09:10:30Z,25810,246.2,1000,1000,0,1443117044,0,200,0.5
2026-09-28T09:11:01Z,25840,247.8,1000,1000,0,1444785608,0,200,1.4
2026-09-28T09:11:30Z,25870,249.0,1000,1000,0,1446416166,0,200,0.5
2026-09-28T09:12:00Z,25900,248.8,1000,1000,0,1448040742,0,200,1.2
2026-09-28T09:12:30Z,25930,249.0,1000,1000,0,1449743250,0,200,0.6
2026-09-28T09:13:00Z,25960,248.8,1000,1000,0,1451347852,0,200,1.5
2026-09-28T09:13:31Z,25990,248.1,1000,1000,0,1453066342,0,200,0.5
2026-09-28T09:14:00Z,26020,248.7,1000,1000,0,1454801733,0,200,1.5
2026-09-28T09:14:30Z,26050,249.8,1000,1000,0,1456460448,0,200,0.4
2026-09-28T09:15:00Z,26080,246.4,1000,1000,0,1458099835,0,200,1.5
2026-09-28T09:15:30Z,26110,249.1,1000,1000,0,1459755370,0,200,0.5
2026-09-28T09:16:01Z,26140,250.5,1000,1000,0,1461448882,0,200,1.5
2026-09-28T09:16:30Z,26170,245.1,1000,1000,0,1463097451,0,200,0.6
2026-09-28T09:17:00Z,26200,248.4,1000,1000,0,1464719101,0,200,1.5
2026-09-28T09:17:30Z,26230,249.9,1000,1000,0,1466416503,0,200,0.6
2026-09-28T09:18:00Z,26260,239.9,1000,1000,0,1468061052,0,200,1.4
2026-09-28T09:18:31Z,26290,249.0,1000,1000,0,1469716608,0,200,0.5
2026-09-28T09:19:00Z,26320,248.0,1000,1000,0,1471380115,0,200,1.4
2026-09-28T09:19:30Z,26350,238.8,1000,1000,0,1473035518,0,200,1.1
2026-09-28T09:20:00Z,26380,249.1,1000,1000,0,1474709190,0,200,1.3
2026-09-28T09:20:30Z,26410,248.8,1000,1000,0,1476306804,0,200,2.8
2026-09-28T09:21:00Z,26440,248.3,1000,1000,0,1477950370,0,200,1.9
2026-09-28T09:21:30Z,26470,248.4,1000,1000,0,1479634906,0,200,1.8
2026-09-28T09:22:00Z,26500,248.7,1000,1000,0,1481286431,0,200,1.6
2026-09-28T09:22:31Z,26530,248.4,1000,1000,0,1482957935,0,200,0.5
2026-09-28T09:23:00Z,26560,248.8,1000,1000,0,1484586513,0,200,1.5
2026-09-28T09:23:30Z,26590,241.3,1000,1000,0,1486141184,0,200,0.8
2026-09-28T09:24:00Z,26620,249.2,1000,1000,0,1487798728,0,200,1.6
2026-09-28T09:24:30Z,26650,239.3,1000,1000,0,1489448274,0,200,0.5
2026-09-28T09:25:01Z,26680,248.6,1000,1000,0,1491135790,0,200,1.4
2026-09-28T09:25:30Z,26710,239.5,1000,1000,0,1492778349,0,200,0.6
2026-09-28T09:26:00Z,26740,246.4,1000,1000,0,1494402940,0,200,1.8
2026-09-28T09:26:30Z,26770,249.0,1000,1000,0,1496101409,0,200,0.5
2026-09-28T09:27:00Z,26800,239.6,1000,1000,0,1497746089,0,200,1.6
2026-09-28T09:27:31Z,26830,249.2,1000,1000,0,1499406505,0,200,0.5
2026-09-28T09:28:00Z,26860,247.8,1000,1000,0,1501036064,0,200,1.5
2026-09-28T09:28:30Z,26890,249.1,1000,1000,0,1502643670,0,200,0.6
2026-09-28T09:29:00Z,26920,248.3,1000,1000,0,1504306203,0,200,1.4
2026-09-28T09:29:30Z,26950,250.4,1000,1000,0,1505955725,0,200,0.7
2026-09-28T09:30:01Z,26980,249.5,1000,1000,0,1507623241,0,200,1.5
2026-09-28T09:30:30Z,27010,249.3,1000,1000,0,1509299014,0,200,0.5
2026-09-28T09:31:00Z,27040,247.9,1000,1000,0,1510950312,0,200,0.5
2026-09-28T09:31:30Z,27070,245.1,1000,1000,0,1512666792,0,200,1.3
2026-09-28T09:32:00Z,27100,249.7,1000,1000,0,1514272405,0,200,1.3
2026-09-28T09:32:30Z,27130,249.4,1000,1000,0,1515897971,0,200,6.7
2026-09-28T09:33:00Z,27160,248.3,1000,1000,0,1517578527,0,200,0.7
2026-09-28T09:33:30Z,27190,249.5,1000,1000,0,1519215068,0,200,1.2
2026-09-28T09:34:01Z,27220,250.2,1000,1000,0,1520891592,0,200,0.7
2026-09-28T09:34:30Z,27250,248.1,1000,1000,0,1522484166,0,200,1.3
2026-09-28T09:35:01Z,27281,249.2,1000,1000,0,1524152732,0,200,0.8
2026-09-28T09:35:31Z,27311,248.0,1000,1000,0,1525845241,0,200,1.6
2026-09-28T09:36:01Z,27341,248.6,1000,1000,0,1527453841,0,200,0.4
2026-09-28T09:36:32Z,27371,249.8,1000,1000,0,1529108370,0,200,1.6
2026-09-28T09:37:01Z,27401,245.4,1000,1000,0,1530749954,0,200,0.5
2026-09-28T09:37:31Z,27431,248.4,1000,1000,0,1532399500,0,200,1.4
2026-09-28T09:38:01Z,27461,247.8,1000,1000,0,1534093996,0,200,0.6
2026-09-28T09:38:31Z,27491,249.0,1000,1000,0,1535743568,0,200,1.1
2026-09-28T09:39:02Z,27521,248.3,1000,1000,0,1537421099,0,200,0.5
2026-09-28T09:39:31Z,27551,249.5,1000,1000,0,1539108562,0,200,1.3
2026-09-28T09:40:01Z,27581,246.0,1000,1000,0,1540735134,0,200,0.6
2026-09-28T09:40:31Z,27611,248.4,1000,1000,0,1542409671,0,200,1.1
2026-09-28T09:41:01Z,27641,248.5,1000,1000,0,1544071196,0,200,0.5
2026-09-28T09:41:32Z,27671,240.0,1000,1000,0,1545789677,0,200,1.5
2026-09-28T09:42:01Z,27701,248.7,1000,1000,0,1547473180,0,200,1.1
2026-09-28T09:42:31Z,27731,248.8,1000,1000,0,1549099744,0,200,1.2
2026-09-28T09:43:01Z,27761,249.0,1000,1000,0,1550819214,0,200,0.5
2026-09-28T09:43:31Z,27791,247.9,1000,1000,0,1552483717,0,200,1.4
2026-09-28T09:44:02Z,27821,248.4,1000,1000,0,1554169246,0,200,0.5
2026-09-28T09:44:31Z,27851,240.3,1000,1000,0,1555849701,0,200,1.6
2026-09-28T09:45:01Z,27881,248.6,1000,1000,0,1557450319,0,200,0.7
2026-09-28T09:45:31Z,27911,250.4,1000,1000,0,1559081901,0,200,2.4
2026-09-28T09:46:01Z,27941,250.5,1000,1000,0,1560717456,0,200,0.6
2026-09-28T09:46:32Z,27971,249.2,1000,1000,0,1562390977,0,200,1.5
2026-09-28T09:47:01Z,28001,240.6,1000,1000,0,1563971595,0,200,0.4
2026-09-28T09:47:31Z,28031,250.1,1000,1000,0,1565605143,0,200,1.4
2026-09-28T09:48:01Z,28061,245.7,1000,1000,0,1567311040,0,200,8.2
2026-09-28T09:48:31Z,28091,248.4,1000,1000,0,1568986095,0,200,1.5
2026-09-28T09:49:01Z,28121,248.2,1000,1000,0,1570620657,0,200,0.5
2026-09-28T09:49:31Z,28151,239.6,1000,1000,0,1572295183,0,200,2.4
2026-09-28T09:50:01Z,28181,248.7,1000,1000,0,1573926746,0,200,0.9
2026-09-28T09:50:32Z,28211,239.3,1000,1000,0,1575577299,0,200,1.3
2026-09-28T09:51:01Z,28241,248.7,1000,1000,0,1577183894,0,200,1.2
2026-09-28T09:51:31Z,28271,243.7,1000,1000,0,1578809465,0,200,2.2
2026-09-28T09:52:01Z,28301,249.8,1000,1000,0,1580514956,0,200,0.5
2026-09-28T09:52:31Z,28331,239.1,1000,1000,0,1582127537,0,200,1.5
2026-09-28T09:53:02Z,28361,248.0,1000,1000,0,1583913897,0,200,0.5
2026-09-28T09:53:31Z,28391,239.5,1000,1000,0,1585563444,0,200,0.5
2026-09-28T09:54:01Z,28421,248.6,1000,1000,0,1587218984,0,200,1.4
2026-09-28T09:54:31Z,28451,250.4,1000,1000,0,1588889518,0,200,0.5
2026-09-28T09:55:01Z,28481,250.1,1000,1000,0,1590541051,0,200,1.5
2026-09-28T09:55:32Z,28511,239.4,1000,1000,0,1592214591,0,200,1.1
2026-09-28T09:56:01Z,28541,247.9,1000,1000,0,1593824188,0,200,1.5
2026-09-28T09:56:31Z,28571,248.6,1000,1000,0,1595515672,0,200,0.5
2026-09-28T09:57:01Z,28601,248.9,1000,1000,0,1597216511,0,200,1.4
2026-09-28T09:57:31Z,28631,239.1,1000,1000,0,1598841747,0,200,0.4
2026-09-28T09:58:02Z,28661,248.3,1000,1000,0,1600504295,0,200,1.3
2026-09-28T09:58:31Z,28691,248.1,1000,1000,0,1602154831,0,200,0.5
2026-09-28T09:59:01Z,28721,249.8,1000,1000,0,1603782412,0,200,1.4
2026-09-28T09:59:31Z,28751,248.0,1000,1000,0,1605467937,0,200,0.7
2026-09-28T10:00:01Z,28781,248.0,1000,1000,0,1607097520,0,200,1.3
2026-09-28T10:00:32Z,28811,249.8,1000,1000,0,1608788021,0,200,0.8
2026-09-28T10:01:01Z,28841,248.1,1000,1000,0,1610419592,0,200,1.5
2026-09-28T10:01:31Z,28871,239.8,1000,1000,0,1611987238,0,200,0.8
2026-09-28T10:02:02Z,28901,248.7,1000,1000,0,1613674894,0,200,1.9
2026-09-28T10:02:31Z,28931,239.9,1000,1000,0,1615334254,0,200,0.4
2026-09-28T10:03:01Z,28961,248.7,1000,1000,0,1616913876,0,200,1.3
2026-09-28T10:03:31Z,28991,240.0,1000,1000,0,1618598408,0,200,0.6
2026-09-28T10:04:01Z,29021,248.1,1000,1000,0,1620220959,0,200,1.5
2026-09-28T10:04:31Z,29051,248.4,1000,1000,0,1621896509,0,200,0.8
2026-09-28T10:05:01Z,29081,249.4,1000,1000,0,1623478134,0,200,2.2
2026-09-28T10:05:31Z,29111,248.7,1000,1000,0,1625089708,0,200,0.7
2026-09-28T10:06:01Z,29141,250.9,1000,1000,0,1626790165,0,200,1.6
2026-09-28T10:06:31Z,29171,250.7,1000,1000,0,1628390782,0,200,0.7
2026-09-28T10:07:02Z,29201,247.7,1000,1000,0,1630039334,0,200,1.7
2026-09-28T10:07:31Z,29231,248.1,1000,1000,0,1631663904,0,200,0.5
2026-09-28T10:08:01Z,29261,249.6,1000,1000,0,1633346432,0,200,1.2
2026-09-28T10:08:31Z,29291,239.2,1000,1000,0,1635013976,0,200,1.7
2026-09-28T10:09:01Z,29321,248.4,1000,1000,0,1636641123,0,200,1.8
2026-09-28T10:09:32Z,29351,248.5,1000,1000,0,1638364011,0,200,0.5
2026-09-28T10:10:01Z,29381,247.9,1000,1000,0,1639965598,0,200,1.4
2026-09-28T10:10:31Z,29411,250.0,1000,1000,0,1641605163,0,200,1.1
2026-09-28T10:11:01Z,29441,239.8,1000,1000,0,1643295663,0,200,1.6
2026-09-28T10:11:31Z,29471,248.9,1000,1000,0,1644955181,0,200,0.7
2026-09-28T10:12:02Z,29501,248.0,1000,1000,0,1646615282,0,200,1.6
2026-09-28T10:12:31Z,29531,245.8,1000,1000,0,1648219313,0,200,0.6
2026-09-28T10:13:01Z,29561,248.3,1000,1000,0,1649841923,0,200,1.4
2026-09-28T10:13:31Z,29591,248.1,1000,1000,0,1651567313,0,200,1.0
2026-09-28T10:14:01Z,29621,252.4,1000,1000,0,1653225869,0,200,1.6
2026-09-28T10:14:32Z,29651,248.3,1000,1000,0,1654894395,0,200,0.4
2026-09-28T10:15:01Z,29681,249.6,1000,1000,0,1656491016,0,200,0.6
2026-09-28T10:15:31Z,29711,246.0,1000,1000,0,1658096615,0,200,1.5
2026-09-28T10:16:01Z,29741,248.9,1000,1000,0,1659772158,0,200,0.5
2026-09-28T10:16:31Z,29771,245.0,1000,1000,0,1661411725,0,200,1.1
2026-09-28T10:17:02Z,29801,249.9,1000,1000,0,1663080908,0,200,0.8
2026-09-28T10:17:31Z,29831,249.9,1000,1000,0,1664727819,0,200,1.4
2026-09-28T10:18:01Z,29861,244.8,1000,1000,0,1666397760,0,200,0.6
2026-09-28T10:18:32Z,29891,239.0,1000,1000,0,1668053894,0,200,1.3
2026-09-28T10:19:01Z,29921,249.6,1000,1000,0,1669664501,0,200,0.5
2026-09-28T10:19:31Z,29951,248.1,1000,1000,0,1671253202,0,200,1.5
2026-09-28T10:20:01Z,29981,248.3,1000,1000,0,1672965623,0,200,0.4
2026-09-28T10:20:31Z,30011,248.3,1000,1000,0,1674635188,0,200,1.4
2026-09-28T10:21:02Z,30041,248.6,1000,1000,0,1676322672,0,200,0.4
2026-09-28T10:21:31Z,30071,248.4,1000,1000,0,1677934277,0,200,1.3
2026-09-28T10:22:01Z,30101,249.1,1000,1000,0,1679568814,0,200,1.4
2026-09-28T10:22:32Z,30131,249.2,1000,1000,0,1681276291,0,200,1.7
2026-09-28T10:23:01Z,30161,245.3,1000,1000,0,1682890885,0,200,0.7
2026-09-28T10:23:31Z,30191,244.0,1000,1000,0,1684499485,0,200,1.4
2026-09-28T10:24:01Z,30221,248.4,1000,1000,0,1686206967,0,200,0.5
2026-09-28T10:24:31Z,30251,244.1,1000,1000,0,1687831543,0,200,1.4
2026-09-28T10:25:02Z,30281,248.8,1000,1000,0,1689527019,0,200,0.5
2026-09-28T10:25:31Z,30311,249.4,1000,1000,0,1691170548,0,200,1.5
2026-09-28T10:26:01Z,30341,238.9,1000,1000,0,1692837074,0,200,0.5
2026-09-28T10:26:31Z,30371,248.4,1000,1000,0,1694492640,0,200,1.2
2026-09-28T10:27:01Z,30401,248.1,1000,1000,0,1696114205,0,200,0.5
2026-09-28T10:27:32Z,30431,248.6,1000,1000,0,1697839701,0,200,1.5
2026-09-28T10:28:01Z,30461,240.0,1000,1000,0,1699474429,0,200,0.8
2026-09-28T10:28:31Z,30491,247.9,1000,1000,0,1701112862,0,200,1.3
2026-09-28T10:29:01Z,30521,248.9,1000,1000,0,1702809374,0,200,0.7
2026-09-28T10:29:31Z,30551,240.4,1000,1000,0,1704415581,0,200,2.4
2026-09-28T10:30:02Z,30581,245.4,1000,1000,0,1706166611,0,200,0.6
2026-09-28T10:30:31Z,30611,249.7,1000,1000,0,1707805931,0,200,1.6
2026-09-28T10:31:01Z,30641,249.7,1000,1000,0,1709400542,0,200,0.6
2026-09-28T10:31:32Z,30671,244.4,1000,1000,0,1711071051,0,200,1.2
2026-09-28T10:32:01Z,30701,249.0,1000,1000,0,1712698614,0,200,1.9
2026-09-28T10:32:31Z,30731,249.1,1000,1000,0,1714317190,0,200,1.4
2026-09-28T10:33:01Z,30761,245.9,1000,1000,0,1716041667,0,200,0.7
2026-09-28T10:33:31Z,30791,239.2,1000,1000,0,1717660261,0,200,1.3
2026-09-28T10:34:02Z,30821,248.3,1000,1000,0,1719362579,0,200,0.6
2026-09-28T10:34:31Z,30851,248.2,1000,1000,0,1720994360,0,200,1.5
2026-09-28T10:35:01Z,30881,248.5,1000,1000,0,1722577972,0,200,1.6
2026-09-28T10:35:32Z,30911,249.0,1000,1000,0,1724302435,0,200,1.3
2026-09-28T10:36:01Z,30941,239.6,1000,1000,0,1725968976,0,200,0.5
2026-09-28T10:36:31Z,30971,248.8,1000,1000,0,1727589547,0,200,0.4
2026-09-28T10:37:01Z,31001,250.4,1000,1000,0,1729285067,0,200,1.4
2026-09-28T10:37:31Z,31031,249.3,1000,1000,0,1730925619,0,200,0.5
2026-09-28T10:38:02Z,31061,248.1,1000,1000,0,1732640125,0,200,1.5
2026-09-28T10:38:31Z,31091,248.1,1000,1000,0,1734284669,0,200,1.9
2026-09-28T10:39:01Z,31121,239.5,1000,1000,0,1735937188,0,200,1.2
2026-09-28T10:39:31Z,31151,246.0,1000,1000,0,1737642692,0,200,0.6
2026-09-28T10:40:01Z,31181,248.4,1000,1000,0,1739268249,0,200,1.4
2026-09-28T10:40:32Z,31211,248.7,1000,1000,0,1740995694,0,200,0.5
2026-09-28T10:41:01Z,31241,239.2,1000,1000,0,1742603294,0,200,1.4
2026-09-28T10:41:31Z,31271,249.4,1000,1000,0,1744218872,0,200,0.5
2026-09-28T10:42:02Z,31301,249.0,1000,1000,0,1745924363,0,200,1.8
2026-09-28T10:42:31Z,31331,248.2,1000,1000,0,1747568908,0,200,0.5
2026-09-28T10:43:01Z,31361,247.9,1000,1000,0,1749236420,0,200,1.5
2026-09-28T10:43:31Z,31391,239.1,1000,1000,0,1750959884,0,200,0.6
2026-09-28T10:44:01Z,31421,247.0,1000,1000,0,1752575471,0,200,1.3
2026-09-28T10:44:32Z,31451,248.6,1000,1000,0,1754282968,0,200,0.6
2026-09-28T10:45:01Z,31481,248.7,1000,1000,0,1755965449,0,200,1.6
2026-09-28T10:45:31Z,31511,249.4,1000,1000,0,1757608032,0,200,0.5
2026-09-28T10:46:01Z,31541,248.7,1000,1000,0,1759249592,0,200,1.3
2026-09-28T10:46:31Z,31571,248.4,1000,1000,0,1760929087,0,200,0.4
2026-09-28T10:47:02Z,31601,248.9,1000,1000,0,1762586640,0,200,1.5
2026-09-28T10:47:31Z,31631,244.4,1000,1000,0,1764238166,0,200,2.0
2026-09-28T10:48:01Z,31661,248.6,1000,1000,0,1765909652,0,200,1.2
2026-09-28T10:48:31Z,31691,238.9,1000,1000,0,1767648097,0,200,0.5
2026-09-28T10:49:01Z,31721,248.5,1000,1000,0,1769280641,0,200,2.5
2026-09-28T10:49:32Z,31751,248.5,1000,1000,0,1770961149,0,200,1.3
2026-09-28T10:50:01Z,31781,248.1,1000,1000,0,1772571729,0,200,1.6
2026-09-28T10:50:31Z,31811,248.6,1000,1000,0,1774191331,0,200,0.5
2026-09-28T10:51:02Z,31841,248.3,1000,1000,0,1775913034,0,200,1.4
2026-09-28T10:51:31Z,31871,249.6,1000,1000,0,1777525370,0,200,0.5
2026-09-28T10:52:01Z,31901,250.2,1000,1000,0,1779107992,0,200,1.4
2026-09-28T10:52:31Z,31931,245.5,1000,1000,0,1780804476,0,200,0.8
2026-09-28T10:53:01Z,31961,248.4,1000,1000,0,1782445016,0,200,1.5
2026-09-28T10:53:32Z,31991,248.5,1000,1000,0,1784155499,0,200,0.5
2026-09-28T10:54:01Z,32021,245.3,1000,1000,0,1785797061,0,200,2.8
2026-09-28T10:54:31Z,32051,250.1,1000,1000,0,1787429872,0,200,0.6
2026-09-28T10:55:01Z,32081,244.7,1000,1000,0,1789101360,0,200,1.6
2026-09-28T10:55:31Z,32111,248.7,1000,1000,0,1790736751,0,200,0.6
2026-09-28T10:56:01Z,32141,249.3,1000,1000,0,1792339353,0,200,1.9
2026-09-28T10:56:31Z,32171,248.9,1000,1000,0,1794033865,0,200,0.5
2026-09-28T10:57:01Z,32201,248.3,1000,1000,0,1795695376,0,200,0.6
2026-09-28T10:57:32Z,32231,249.1,1000,1000,0,1797342932,0,200,6.0
2026-09-28T10:58:01Z,32261,248.6,1000,1000,0,1798982482,0,200,0.6
2026-09-28T10:58:31Z,32291,245.3,1000,1000,0,1800578091,0,200,3.9
2026-09-28T10:59:01Z,32321,249.5,1000,1000,0,1802247631,0,200,0.5
2026-09-28T10:59:31Z,32351,248.6,1000,1000,0,1803931127,0,200,1.3
2026-09-28T11:00:02Z,32381,250.4,1000,1000,0,1805643579,0,200,0.7
2026-09-28T11:00:31Z,32411,245.5,1000,1000,0,1807269157,0,200,1.3
2026-09-28T11:01:01Z,32441,248.9,1000,1000,0,1808856790,0,200,0.7
2026-09-28T11:01:31Z,32471,249.7,1000,1000,0,1810511348,0,200,1.3
2026-09-28T11:02:01Z,32501,248.1,1000,1000,0,1812119953,0,200,0.5
2026-09-28T11:02:32Z,32531,249.2,1000,1000,0,1813781496,0,200,1.2
2026-09-28T11:03:01Z,32561,250.3,1000,1000,0,1815412065,0,200,0.7
2026-09-28T11:03:31Z,32591,245.9,1000,1000,0,1817056601,0,200,1.5
2026-09-28T11:04:02Z,32621,240.8,1000,1000,0,1818730131,0,200,0.8
2026-09-28T11:04:31Z,32651,248.2,1000,1000,0,1820342680,0,200,1.4
2026-09-28T11:05:01Z,32681,248.2,1000,1000,0,1822021214,0,200,0.6
2026-09-28T11:05:31Z,32711,239.0,1000,1000,0,1823704723,0,200,1.8
2026-09-28T11:06:01Z,32741,250.2,1000,1000,0,1825337302,0,200,0.5
2026-09-28T11:06:32Z,32771,245.8,1000,1000,0,1827013820,0,200,1.2
2026-09-28T11:07:01Z,32801,247.9,1000,1000,0,1828629416,0,200,0.5
2026-09-28T11:07:31Z,32831,247.7,1000,1000,0,1830286964,0,200,1.4
2026-09-28T11:08:01Z,32861,245.2,1000,1000,0,1831987465,0,200,0.4
2026-09-28T11:08:31Z,32891,248.4,1000,1000,0,1833573090,0,200,1.4
2026-09-28T11:09:02Z,32921,246.7,1000,1000,0,1835222650,0,200,0.5
2026-09-28T11:09:31Z,32951,249.8,1000,1000,0,1836850188,0,200,4.2
2026-09-28T11:10:01Z,32981,248.5,1000,1000,0,1838481747,0,200,0.7
2026-09-28T11:10:31Z,33011,248.7,1000,1000,0,1840174244,0,200,1.5
2026-09-28T11:11:01Z,33041,248.4,1000,1000,0,1841822768,0,200,0.7
2026-09-28T11:11:32Z,33071,250.8,1000,1000,0,1843531250,0,200,1.3
2026-09-28T11:12:01Z,33101,248.6,1000,1000,0,1845164799,0,200,0.5
2026-09-28T11:12:31Z,33131,239.7,1000,1000,0,1846792387,0,200,1.8
2026-09-28T11:13:01Z,33161,248.2,1000,1000,0,1848480016,0,200,0.6
2026-09-28T11:13:31Z,33191,246.0,1000,1000,0,1850153391,0,200,1.3
2026-09-28T11:14:01Z,33221,238.7,1000,1000,0,1851782977,0,200,0.5
2026-09-28T11:14:31Z,33251,240.9,1000,1000,0,1853428535,0,200,1.2
2026-09-28T11:15:01Z,33281,248.7,1000,1000,0,1855067093,0,200,0.6
2026-09-28T11:15:31Z,33311,248.4,1000,1000,0,1856807494,0,200,1.3
2026-09-28T11:16:01Z,33341,248.5,1000,1000,0,1858431094,0,200,0.6
2026-09-28T11:16:31Z,33371,249.8,1000,1000,0,1860073652,0,200,1.3
2026-09-28T11:17:01Z,33401,248.7,1000,1000,0,1861736192,0,200,0.5
2026-09-28T11:17:31Z,33431,245.3,1000,1000,0,1863368775,0,200,1.4
2026-09-28T11:18:02Z,33461,248.3,1000,1000,0,1865020316,0,200,0.5
2026-09-28T11:18:31Z,33491,239.8,1000,1000,0,1866663887,0,200,0.6
2026-09-28T11:19:01Z,33521,245.4,1000,1000,0,1868303414,0,200,1.4
2026-09-28T11:19:31Z,33551,245.3,1000,1000,0,1870006908,0,200,0.6
2026-09-28T11:20:01Z,33581,239.4,1000,1000,0,1871666323,0,200,3.8
2026-09-28T11:20:32Z,33611,239.1,1000,1000,0,1873340952,0,200,0.5
2026-09-28T11:21:01Z,33641,245.5,1000,1000,0,1874940565,0,200,1.4
2026-09-28T11:21:31Z,33671,248.1,1000,1000,0,1876565142,0,200,1.4
2026-09-28T11:22:02Z,33701,248.9,1000,1000,0,1878315570,0,200,1.2
2026-09-28T11:22:31Z,33731,249.5,1000,1000,0,1879925121,0,200,0.5
2026-09-28T11:23:01Z,33761,248.2,1000,1000,0,1881545741,0,200,1.6
2026-09-28T11:23:31Z,33791,240.6,1000,1000,0,1883246246,0,200,0.5
2026-09-28T11:24:01Z,33821,248.9,1000,1000,0,1884885858,0,200,1.2
2026-09-28T11:24:32Z,33851,249.5,1000,1000,0,1886591287,0,200,0.5
2026-09-28T11:25:01Z,33881,248.3,1000,1000,0,1888224843,0,200,1.3
2026-09-28T11:25:31Z,33911,248.9,1000,1000,0,1889877379,0,200,0.5
2026-09-28T11:26:02Z,33941,248.0,1000,1000,0,1891620948,0,200,1.6
2026-09-28T11:26:31Z,33971,245.1,1000,1000,0,1893259392,0,200,0.9
2026-09-28T11:27:02Z,34002,251.3,1000,1000,0,1894942912,0,200,1.8
2026-09-28T11:27:32Z,34032,250.7,1000,1000,0,1896679332,0,200,0.5
2026-09-28T11:28:02Z,34062,248.4,1000,1000,0,1898254966,0,200,1.7
2026-09-28T11:28:32Z,34092,238.9,1000,1000,0,1899962448,0,200,0.4
2026-09-28T11:29:02Z,34122,249.7,1000,1000,0,1901593008,0,200,1.2
2026-09-28T11:29:33Z,34152,245.0,1000,1000,0,1903314481,0,200,0.8
2026-09-28T11:30:02Z,34182,248.3,1000,1000,0,1904963012,0,200,1.3
2026-09-28T11:30:32Z,34212,248.2,1000,1000,0,1906583595,0,200,2.1
2026-09-28T11:31:02Z,34242,248.9,1000,1000,0,1908295137,0,200,1.4
2026-09-28T11:31:32Z,34272,246.1,1000,1000,0,1909933629,0,200,0.6
2026-09-28T11:32:03Z,34302,240.9,1000,1000,0,1911652098,0,200,1.5
2026-09-28T11:32:32Z,34332,249.0,1000,1000,0,1913278664,0,200,0.6
2026-09-28T11:33:02Z,34362,238.9,1000,1000,0,1914931169,0,200,1.3
2026-09-28T11:33:32Z,34392,239.3,1000,1000,0,1916622680,0,200,0.6
2026-09-28T11:34:02Z,34422,249.0,1000,1000,0,1918251256,0,200,1.5
2026-09-28T11:34:32Z,34452,249.9,1000,1000,0,1919855853,0,200,0.5
2026-09-28T11:35:02Z,34482,248.3,1000,1000,0,1921564346,0,200,1.4
2026-09-28T11:35:32Z,34512,249.2,1000,1000,0,1923202924,0,200,0.4
2026-09-28T11:36:03Z,34542,239.7,1000,1000,0,1924910414,0,200,1.5
2026-09-28T11:36:32Z,34572,247.9,1000,1000,0,1926577927,0,200,0.4
2026-09-28T11:37:02Z,34602,250.3,1000,1000,0,1928192498,0,200,1.6
2026-09-28T11:37:32Z,34632,245.5,1000,1000,0,1929852055,0,200,0.6
2026-09-28T11:38:02Z,34662,249.0,1000,1000,0,1931471638,0,200,1.5
2026-09-28T11:38:33Z,34693,242.2,1000,1000,0,1933157150,0,200,0.7
2026-09-28T11:39:03Z,34723,250.1,1000,1000,0,1934842654,0,200,1.2
2026-09-28T11:39:33Z,34753,248.9,1000,1000,0,1936488207,0,200,0.5
2026-09-28T11:40:03Z,34783,240.3,1000,1000,0,1938170734,0,200,1.6
2026-09-28T11:40:33Z,34813,248.3,1000,1000,0,1939812559,0,200,0.5
2026-09-28T11:41:03Z,34843,249.9,1000,1000,0,1941444856,0,200,0.8
2026-09-28T11:41:33Z,34873,248.3,1000,1000,0,1943141765,0,200,1.3
2026-09-28T11:42:03Z,34903,245.1,1000,1000,0,1944781893,0,200,0.6
2026-09-28T11:42:34Z,34933,239.2,1000,1000,0,1946470808,0,200,2.0
2026-09-28T11:43:03Z,34963,248.7,1000,1000,0,1948054007,0,200,0.8
2026-09-28T11:43:34Z,34994,239.9,1000,1000,0,1949717557,0,200,1.4
2026-09-28T11:44:04Z,35024,249.5,1000,1000,0,1951403235,0,200,0.6
2026-09-28T11:44:34Z,35054,244.9,1000,1000,0,1953032638,0,200,1.4
2026-09-28T11:45:05Z,35084,248.9,1000,1000,0,1954692665,0,200,0.7
2026-09-28T11:45:34Z,35114,249.0,1000,1000,0,1956359708,0,200,1.7
2026-09-28T11:46:04Z,35144,249.0,1000,1000,0,1957991276,0,200,0.6
2026-09-28T11:46:34Z,35174,248.6,1000,1000,0,1959716728,0,200,1.6
2026-09-28T11:47:04Z,35204,250.0,1000,1000,0,1961329327,0,200,0.5
2026-09-28T11:47:34Z,35234,249.9,1000,1000,0,1962960873,0,200,1.2
2026-09-28T11:48:04Z,35264,249.1,1000,1000,0,1964626433,0,200,0.5
2026-09-28T11:48:34Z,35294,248.4,1000,1000,0,1966251970,0,200,1.3
2026-09-28T11:49:04Z,35324,248.7,1000,1000,0,1967939485,0,200,1.9
2026-09-28T11:49:34Z,35354,249.0,1000,1000,0,1969599977,0,200,1.4
2026-09-28T11:50:05Z,35384,248.3,1000,1000,0,1971276502,0,200,0.5
2026-09-28T11:50:34Z,35414,248.8,1000,1000,0,1972879077,0,200,1.5
2026-09-28T11:51:04Z,35444,250.5,1000,1000,0,1974500672,0,200,0.5
2026-09-28T11:51:35Z,35474,249.1,1000,1000,0,1976199161,0,200,2.7
2026-09-28T11:52:04Z,35504,248.5,1000,1000,0,1977822746,0,200,0.5
2026-09-28T11:52:34Z,35534,249.2,1000,1000,0,1979414691,0,200,2.0
2026-09-28T11:53:04Z,35564,248.6,1000,1000,0,1981112869,0,200,0.5
2026-09-28T11:53:34Z,35594,248.2,1000,1000,0,1982710483,0,200,1.5
2026-09-28T11:54:05Z,35624,248.4,1000,1000,0,1984374035,0,200,0.5
2026-09-28T11:54:34Z,35654,239.1,1000,1000,0,1985998600,0,200,1.7
2026-09-28T11:55:04Z,35684,247.9,1000,1000,0,1987759843,0,200,0.5
2026-09-28T11:55:34Z,35714,248.0,1000,1000,0,1989528346,0,200,1.6
2026-09-28T11:56:04Z,35744,244.5,1000,1000,0,1991270734,0,200,0.6
2026-09-28T11:56:35Z,35774,248.6,1000,1000,0,1993034145,0,200,1.5
2026-09-28T11:57:04Z,35804,248.8,1000,1000,0,1994720636,0,200,0.5
2026-09-28T11:57:34Z,35834,249.5,1000,1000,0,1996325235,0,200,1.6
2026-09-28T11:58:04Z,35864,249.4,1000,1000,0,1997986763,0,200,0.4
2026-09-28T11:58:34Z,35894,248.7,1000,1000,0,1999609622,0,200,1.4
2026-09-28T11:59:05Z,35924,248.1,1000,1000,0,2001241900,0,200,0.5
2026-09-28T11:59:34Z,35954,249.9,1000,1000,0,2002840503,0,200,1.4
2026-09-28T12:00:04Z,35984,248.9,1000,1000,0,2004462054,0,200,2.2
2026-09-28T12:00:34Z,36014,249.2,1000,1000,0,2006139564,0,200,1.3
2026-09-28T12:01:04Z,36044,249.1,1000,1000,0,2007747171,0,200,0.5
2026-09-28T12:01:35Z,36074,248.6,1000,1000,0,2009439650,0,200,1.6
2026-09-28T12:02:04Z,36104,240.6,1000,1000,0,2011034253,0,200,0.7
2026-09-28T12:02:34Z,36134,249.3,1000,1000,0,2012687789,0,200,1.6
2026-09-28T12:03:04Z,36164,239.0,1000,1000,0,2014371524,0,200,0.7
2026-09-28T12:03:34Z,36194,248.7,1000,1000,0,2015998877,0,200,0.4
2026-09-28T12:04:05Z,36224,249.1,1000,1000,0,2017692369,0,200,1.4
2026-09-28T12:04:34Z,36254,249.5,1000,1000,0,2019344879,0,200,0.5
2026-09-28T12:05:04Z,36284,239.6,1000,1000,0,2020971441,0,200,1.4
2026-09-28T12:05:34Z,36314,248.1,1000,1000,0,2022621008,0,200,0.6
2026-09-28T12:06:04Z,36344,245.5,1000,1000,0,2024218614,0,200,1.4
2026-09-28T12:06:35Z,36374,248.5,1000,1000,0,2025871157,0,200,0.6
2026-09-28T12:07:04Z,36404,238.9,1000,1000,0,2027479747,0,200,1.3
2026-09-28T12:07:34Z,36434,248.6,1000,1000,0,2029135234,0,200,0.6
2026-09-28T12:08:04Z,36464,240.3,1000,1000,0,2030824687,0,200,1.4
2026-09-28T12:08:34Z,36494,249.1,1000,1000,0,2032446311,0,200,0.6
2026-09-28T12:09:05Z,36525,241.2,1000,1000,0,2034107854,0,200,1.6
2026-09-28T12:09:35Z,36555,248.5,1000,1000,0,2035817322,0,200,1.4
2026-09-28T12:10:05Z,36585,254.6,1000,1000,0,2037442860,0,200,1.2
2026-09-28T12:10:36Z,36615,249.7,1000,1000,0,2039097417,0,200,0.4
2026-09-28T12:11:05Z,36645,245.4,1000,1000,0,2040705950,0,200,1.2
2026-09-28T12:11:35Z,36675,245.7,1000,1000,0,2042310986,0,200,0.6
2026-09-28T12:12:05Z,36705,249.9,1000,1000,0,2043967155,0,200,1.3
2026-09-28T12:12:35Z,36735,250.4,1000,1000,0,2045593743,0,200,1.0
2026-09-28T12:13:06Z,36765,248.7,1000,1000,0,2047305201,0,200,1.6
2026-09-28T12:13:35Z,36795,248.4,1000,1000,0,2048952722,0,200,0.7
2026-09-28T12:14:05Z,36825,248.9,1000,1000,0,2050549340,0,200,1.7
2026-09-28T12:14:35Z,36855,241.1,1000,1000,0,2052240855,0,200,0.5
2026-09-28T12:15:05Z,36885,241.5,1000,1000,0,2053875392,0,200,1.2
2026-09-28T12:15:36Z,36915,250.7,1000,1000,0,2055518960,0,200,0.5
2026-09-28T12:16:05Z,36945,246.0,1000,1000,0,2057166494,0,200,1.4
2026-09-28T12:16:35Z,36975,249.1,1000,1000,0,2058775093,0,200,0.7
2026-09-28T12:17:05Z,37005,249.6,1000,1000,0,2060453596,0,200,1.3
2026-09-28T12:17:35Z,37035,248.6,1000,1000,0,2062110066,0,200,0.6
2026-09-28T12:18:06Z,37065,248.1,1000,1000,0,2063782599,0,200,2.3
2026-09-28T12:18:35Z,37095,247.9,1000,1000,0,2065422113,0,200,0.5
2026-09-28T12:19:05Z,37125,248.3,1000,1000,0,2067064605,0,200,1.2
2026-09-28T12:19:35Z,37155,248.4,1000,1000,0,2068738059,0,200,0.6
2026-09-28T12:20:05Z,37185,248.3,1000,1000,0,2070407029,0,200,1.3
2026-09-28T12:20:35Z,37215,248.1,1000,1000,0,2072116110,0,200,0.5
2026-09-28T12:21:05Z,37245,248.6,1000,1000,0,2073820596,0,200,1.4
2026-09-28T12:21:35Z,37275,249.9,1000,1000,0,2075472112,0,200,0.6
2026-09-28T12:22:06Z,37305,247.9,1000,1000,0,2077201566,0,200,1.2
2026-09-28T12:22:35Z,37335,249.6,1000,1000,0,2078874036,0,200,0.6
2026-09-28T12:23:05Z,37365,245.8,1000,1000,0,2080488606,0,200,1.7
2026-09-28T12:23:35Z,37395,239.3,1000,1000,0,2082170121,0,200,0.5
2026-09-28T12:24:05Z,37425,249.5,1000,1000,0,2083825618,0,200,1.4
2026-09-28T12:24:36Z,37455,247.9,1000,1000,0,2085513090,0,200,0.5
2026-09-28T12:25:05Z,37485,248.9,1000,1000,0,2087131660,0,200,1.5
2026-09-28T12:25:35Z,37515,249.1,1000,1000,0,2088738249,0,200,0.6
2026-09-28T12:26:05Z,37545,247.5,1000,1000,0,2090433730,0,200,0.5
2026-09-28T12:26:35Z,37575,247.8,1000,1000,0,2092189103,0,200,1.3
2026-09-28T12:27:05Z,37605,248.4,1000,1000,0,2093886579,0,200,0.6
2026-09-28T12:27:35Z,37635,249.4,1000,1000,0,2095578040,0,200,1.3
2026-09-28T12:28:05Z,37665,248.3,1000,1000,0,2097178638,0,200,1.1
2026-09-28T12:28:35Z,37695,250.5,1000,1000,0,2098853162,0,200,1.5
2026-09-28T12:29:05Z,37725,248.5,1000,1000,0,2100470710,0,200,0.6
2026-09-28T12:29:36Z,37755,249.5,1000,1000,0,2102188086,0,200,1.7
2026-09-28T12:30:05Z,37785,248.8,1000,1000,0,2103827656,0,200,0.6
2026-09-28T12:30:35Z,37815,249.6,1000,1000,0,2105442224,0,200,1.3
2026-09-28T12:31:05Z,37845,249.3,1000,1000,0,2107132708,0,200,0.7
2026-09-28T12:31:35Z,37875,248.5,1000,1000,0,2108760285,0,200,1.5
2026-09-28T12:32:06Z,37905,249.8,1000,1000,0,2110418809,0,200,0.7
2026-09-28T12:32:35Z,37935,250.1,1000,1000,0,2112019393,0,200,1.2
2026-09-28T12:33:05Z,37965,240.0,1000,1000,0,2113621981,0,200,0.5
2026-09-28T12:33:36Z,37995,248.7,1000,1000,0,2115299494,0,200,1.3
2026-09-28T12:34:05Z,38025,248.2,1000,1000,0,2116948046,0,200,0.6
2026-09-28T12:34:35Z,38055,250.1,1000,1000,0,2118607542,0,200,1.5
2026-09-28T12:35:05Z,38085,248.9,1000,1000,0,2120326003,0,200,4.1
2026-09-28T12:35:35Z,38115,246.3,1000,1000,0,2121913620,0,200,1.4
2026-09-28T12:36:06Z,38146,239.0,1000,1000,0,2123597128,0,200,0.9
2026-09-28T12:36:36Z,38176,238.7,1000,1000,0,2125343573,0,200,1.2
2026-09-28T12:37:06Z,38206,247.6,1000,1000,0,2127043049,0,200,1.5
2026-09-28T12:37:37Z,38236,247.6,1000,1000,0,2128840196,0,200,1.4
2026-09-28T12:38:06Z,38266,248.9,1000,1000,0,2130571803,0,200,0.4
2026-09-28T12:38:36Z,38296,244.8,1000,1000,0,2132278268,0,200,1.5
2026-09-28T12:39:06Z,38326,248.2,1000,1000,0,2134046664,0,200,0.6
2026-09-28T12:39:36Z,38356,249.6,1000,1000,0,2135780068,0,200,4.4
2026-09-28T12:40:06Z,38386,249.4,1000,1000,0,2137533494,0,200,0.4
2026-09-28T12:40:36Z,38416,248.0,1000,1000,0,2139257916,0,200,1.4
2026-09-28T12:41:06Z,38446,247.7,1000,1000,0,2141015262,0,200,0.7
2026-09-28T12:41:36Z,38476,248.3,1000,1000,0,2142787670,0,200,1.1
2026-09-28T12:42:06Z,38506,244.8,1000,1000,0,2144552015,0,200,0.8
2026-09-28T12:42:36Z,38536,248.3,1000,1000,0,2146307442,0,200,1.4
2026-09-28T12:43:06Z,38566,239.0,1000,1000,0,2148030862,0,200,0.5
2026-09-28T12:43:36Z,38596,247.7,1000,1000,0,2149739318,0,200,1.5
2026-09-28T12:44:06Z,38626,248.0,1000,1000,0,2151491747,0,200,0.7
2026-09-28T12:44:36Z,38656,244.4,1000,1000,0,2153227053,0,200,3.7
2026-09-28T12:45:07Z,38686,249.1,1000,1000,0,2155017507,0,200,1.0
2026-09-28T12:45:36Z,38716,247.6,1000,1000,0,2156763851,0,200,1.3
2026-09-28T12:46:06Z,38746,248.3,1000,1000,0,2158485329,0,200,0.5
2026-09-28T12:46:37Z,38776,247.5,1000,1000,0,2160279678,0,200,2.6
2026-09-28T12:47:06Z,38806,248.7,1000,1000,0,2161984142,0,200,0.6
2026-09-28T12:47:36Z,38836,245.0,1000,1000,0,2163731522,0,200,0.6
2026-09-28T12:48:06Z,38866,245.0,1000,1000,0,2165526861,0,200,1.6
2026-09-28T12:48:36Z,38896,248.3,1000,1000,0,2167239318,0,200,0.5
2026-09-28T12:49:07Z,38926,247.7,1000,1000,0,2169000724,0,200,1.3
2026-09-28T12:49:36Z,38956,247.5,1000,1000,0,2170710191,0,200,0.7
2026-09-28T12:50:06Z,38986,244.9,1000,1000,0,2172415651,0,200,2.0
2026-09-28T12:50:36Z,39016,247.9,1000,1000,0,2174167079,0,200,0.5
2026-09-28T12:51:06Z,39046,247.5,1000,1000,0,2175893508,0,200,1.1
2026-09-28T12:51:37Z,39076,238.5,1000,1000,0,2177678878,0,200,0.9
2026-09-28T12:52:06Z,39106,238.2,1000,1000,0,2179379337,0,200,1.4
2026-09-28T12:52:36Z,39136,247.7,1000,1000,0,2181081825,0,200,0.5
2026-09-28T12:53:06Z,39166,247.4,1000,1000,0,2182895127,0,200,1.2
2026-09-28T12:53:36Z,39196,247.7,1000,1000,0,2184628543,0,200,0.5
2026-09-28T12:54:07Z,39226,247.5,1000,1000,0,2186435863,0,200,1.5
2026-09-28T12:54:36Z,39256,238.7,1000,1000,0,2188147312,0,200,0.7
2026-09-28T12:55:06Z,39286,248.0,1000,1000,0,2189862712,0,200,1.5
2026-09-28T12:55:36Z,39316,244.5,1000,1000,0,2191647127,0,200,1.4
2026-09-28T12:56:06Z,39346,239.6,1000,1000,0,2193389519,0,200,1.6
2026-09-28T12:56:36Z,39376,249.4,1000,1000,0,2195104965,0,200,0.9
2026-09-28T12:57:06Z,39406,247.7,1000,1000,0,2196858397,0,200,1.4
2026-09-28T12:57:36Z,39436,248.1,1000,1000,0,2198584817,0,200,0.6
2026-09-28T12:58:07Z,39466,247.5,1000,1000,0,2200368187,0,200,1.6
2026-09-28T12:58:36Z,39496,248.9,1000,1000,0,2202086624,0,200,0.5
2026-09-28T12:59:06Z,39526,247.6,1000,1000,0,2203807054,0,200,1.6
2026-09-28T12:59:36Z,39556,247.9,1000,1000,0,2205594413,0,200,0.7
2026-09-28T13:00:06Z,39586,247.4,1000,1000,0,2207300872,0,200,1.5
2026-09-28T13:00:37Z,39616,248.8,1000,1000,0,2209089238,0,200,0.6
2026-09-28T13:01:06Z,39646,247.5,1000,1000,0,2210796700,0,200,1.4
2026-09-28T13:01:36Z,39676,239.0,1000,1000,0,2212487187,0,200,0.5
2026-09-28T13:02:06Z,39706,247.7,1000,1000,0,2214284526,0,200,1.7
2026-09-28T13:02:36Z,39736,247.8,1000,1000,0,2215974018,0,200,0.7
2026-09-28T13:03:07Z,39766,248.0,1000,1000,0,2217743413,0,200,1.7
2026-09-28T13:03:36Z,39796,247.8,1000,1000,0,2219457870,0,200,0.5
2026-09-28T13:04:06Z,39826,247.9,1000,1000,0,2221167742,0,200,1.6
2026-09-28T13:04:36Z,39856,248.0,1000,1000,0,2222918761,0,200,0.7
2026-09-28T13:05:06Z,39886,247.3,1000,1000,0,2224679107,0,200,1.4
2026-09-28T13:05:37Z,39916,248.0,1000,1000,0,2226453489,0,200,0.6
2026-09-28T13:06:06Z,39946,247.7,1000,1000,0,2228189908,0,200,1.3
2026-09-28T13:06:36Z,39976,249.2,1000,1000,0,2229854447,0,200,0.5
2026-09-28T13:07:06Z,40006,248.5,1000,1000,0,2231607850,0,200,2.7
2026-09-28T13:07:36Z,40036,244.4,1000,1000,0,2233337297,0,200,0.5
2026-09-28T13:08:07Z,40066,247.7,1000,1000,0,2235095721,0,200,1.6
2026-09-28T13:08:36Z,40096,244.3,1000,1000,0,2236829130,0,200,0.7
2026-09-28T13:09:06Z,40126,244.9,1000,1000,0,2238573515,0,200,0.5
2026-09-28T13:09:36Z,40156,247.6,1000,1000,0,2240365871,0,200,1.7
2026-09-28T13:10:06Z,40186,248.6,1000,1000,0,2242138304,0,200,0.6
2026-09-28T13:10:36Z,40216,247.4,1000,1000,0,2243878595,0,200,1.4
2026-09-28T13:11:06Z,40246,248.1,1000,1000,0,2245635021,0,200,0.5
2026-09-28T13:11:36Z,40276,247.6,1000,1000,0,2247345476,0,200,1.9
2026-09-28T13:12:07Z,40306,248.1,1000,1000,0,2249164776,0,200,5.0
2026-09-28T13:12:36Z,40336,247.7,1000,1000,0,2250879221,0,200,1.6
2026-09-28T13:13:06Z,40366,248.0,1000,1000,0,2252613623,0,200,0.4
2026-09-28T13:13:36Z,40396,248.1,1000,1000,0,2254381023,0,200,2.4
2026-09-28T13:14:06Z,40426,247.8,1000,1000,0,2256107439,0,200,3.3
2026-09-28T13:14:37Z,40456,239.1,1000,1000,0,2257875835,0,200,1.4
2026-09-28T13:15:06Z,40486,248.0,1000,1000,0,2259599257,0,200,3.5
2026-09-28T13:15:36Z,40516,247.7,1000,1000,0,2261321683,0,200,1.3
2026-09-28T13:16:06Z,40546,247.7,1000,1000,0,2263101061,0,200,0.5
2026-09-28T13:16:36Z,40576,247.8,1000,1000,0,2264805522,0,200,1.4
2026-09-28T13:17:07Z,40606,247.9,1000,1000,0,2266600867,0,200,0.6
2026-09-28T13:17:36Z,40636,247.7,1000,1000,0,2268315294,0,200,1.3
2026-09-28T13:18:06Z,40666,247.9,1000,1000,0,2270043734,0,200,0.4
2026-09-28T13:18:36Z,40696,247.2,1000,1000,0,2271795167,0,200,1.5
2026-09-28T13:19:06Z,40726,247.5,1000,1000,0,2273539139,0,200,0.6
2026-09-28T13:19:37Z,40756,248.7,1000,1000,0,2275349875,0,200,1.5
2026-09-28T13:20:06Z,40786,247.6,1000,1000,0,2277054340,0,200,0.6
2026-09-28T13:20:36Z,40816,248.3,1000,1000,0,2278778766,0,200,1.2
2026-09-28T13:21:07Z,40846,249.0,1000,1000,0,2280564137,0,200,1.6
2026-09-28T13:21:36Z,40876,248.0,1000,1000,0,2282279581,0,200,1.6
2026-09-28T13:22:07Z,40906,247.6,1000,1000,0,2284075923,0,200,0.9
2026-09-28T13:22:36Z,40936,247.9,1000,1000,0,2285815534,0,200,1.7
2026-09-28T13:23:06Z,40966,248.1,1000,1000,0,2287499824,0,200,0.7
2026-09-28T13:23:37Z,40996,247.5,1000,1000,0,2289301159,0,200,1.3
2026-09-28T13:24:06Z,41026,247.8,1000,1000,0,2291005617,0,200,0.5
2026-09-28T13:24:36Z,41056,248.1,1000,1000,0,2292729035,0,200,1.2
2026-09-28T13:25:06Z,41086,248.7,1000,1000,0,2294554319,0,200,0.6
2026-09-28T13:25:36Z,41116,247.9,1000,1000,0,2296291729,0,200,1.5
2026-09-28T13:26:07Z,41146,248.1,1000,1000,0,2298047153,0,200,0.5
2026-09-28T13:26:36Z,41176,247.3,1000,1000,0,2299762594,0,200,1.3
2026-09-28T13:27:06Z,41206,248.2,1000,1000,0,2301514964,0,200,2.5
2026-09-28T13:27:36Z,41236,247.6,1000,1000,0,2303293105,0,200,1.4
2026-09-28T13:28:06Z,41266,251.3,1000,1000,0,2304950892,0,200,0.7
2026-09-28T13:28:37Z,41296,250.5,1000,1000,0,2306585491,0,200,1.6
2026-09-28T13:29:06Z,41326,250.4,1000,1000,0,2308075234,0,200,0.5
2026-09-28T13:29:36Z,41356,250.4,1000,1000,0,2309572971,0,200,1.6
2026-09-28T13:30:06Z,41386,250.4,1000,1000,0,2311166619,0,200,0.5
2026-09-28T13:30:36Z,41416,250.6,1000,1000,0,2312650369,0,200,0.5
2026-09-28T13:31:07Z,41446,251.5,1000,1000,0,2314217044,0,200,1.5
2026-09-28T13:31:36Z,41476,251.6,1000,1000,0,2315740755,0,200,0.5
2026-09-28T13:32:06Z,41506,248.6,1000,1000,0,2317331368,0,200,1.3
2026-09-28T13:32:36Z,41536,248.6,1000,1000,0,2319046940,0,200,0.6
2026-09-28T13:33:06Z,41566,239.1,1000,1000,0,2320741317,0,200,1.2
2026-09-28T13:33:36Z,41596,248.7,1000,1000,0,2322347906,0,200,0.6
2026-09-28T13:34:06Z,41626,239.5,1000,1000,0,2324060379,0,200,1.4
2026-09-28T13:34:36Z,41656,248.9,1000,1000,0,2325662999,0,200,0.5
2026-09-28T13:35:06Z,41686,240.4,1000,1000,0,2327318555,0,200,1.3
2026-09-28T13:35:36Z,41716,249.3,1000,1000,0,2328980066,0,200,0.8
2026-09-28T13:36:06Z,41746,250.1,1000,1000,0,2330584666,0,200,1.3
2026-09-28T13:36:36Z,41776,240.3,1000,1000,0,2332222253,0,200,0.7
2026-09-28T13:37:06Z,41806,249.5,1000,1000,0,2333822850,0,200,1.4
2026-09-28T13:37:36Z,41836,250.9,1000,1000,0,2335488393,0,200,0.6
2026-09-28T13:38:06Z,41866,246.6,1000,1000,0,2337105977,0,200,1.3
2026-09-28T13:38:37Z,41896,250.4,1000,1000,0,2338748554,0,200,0.8
2026-09-28T13:39:06Z,41926,248.7,1000,1000,0,2340352158,0,200,1.5
2026-09-28T13:39:36Z,41956,239.3,1000,1000,0,2342005696,0,200,0.5
2026-09-28T13:40:06Z,41986,247.9,1000,1000,0,2343801041,0,200,1.3
2026-09-28T13:40:36Z,42016,248.5,1000,1000,0,2345615285,0,200,2.1
2026-09-28T13:41:07Z,42046,248.0,1000,1000,0,2347495465,0,200,1.6
2026-09-28T13:41:36Z,42076,248.1,1000,1000,0,2349236858,0,200,0.6
2026-09-28T13:42:06Z,42106,249.9,1000,1000,0,2350931671,0,200,1.4
2026-09-28T13:42:36Z,42136,248.3,1000,1000,0,2352725695,0,200,0.4
2026-09-28T13:43:06Z,42166,248.6,1000,1000,0,2354469084,0,200,1.4
2026-09-28T13:43:36Z,42196,247.6,1000,1000,0,2356216465,0,200,0.5
2026-09-28T13:44:06Z,42226,247.4,1000,1000,0,2357973108,0,200,1.5
2026-09-28T13:44:36Z,42256,247.8,1000,1000,0,2359742207,0,200,0.7
2026-09-28T13:45:07Z,42286,247.8,1000,1000,0,2361535585,0,200,2.9
2026-09-28T13:45:36Z,42316,247.3,1000,1000,0,2363273081,0,200,0.4
2026-09-28T13:46:06Z,42346,248.2,1000,1000,0,2364993417,0,200,1.3
2026-09-28T13:46:36Z,42376,248.0,1000,1000,0,2366738866,0,200,0.5
2026-09-28T13:47:06Z,42406,247.9,1000,1000,0,2368436344,0,200,1.8
2026-09-28T13:47:37Z,42436,244.3,1000,1000,0,2370184782,0,200,0.5
2026-09-28T13:48:06Z,42466,247.7,1000,1000,0,2371882256,0,200,2.7
2026-09-28T13:48:36Z,42496,248.3,1000,1000,0,2373595700,0,200,0.7
2026-09-28T13:49:06Z,42526,247.3,1000,1000,0,2375329163,0,200,1.5
2026-09-28T13:49:36Z,42556,248.6,1000,1000,0,2377067567,0,200,1.1
2026-09-28T13:50:07Z,42586,247.8,1000,1000,0,2378843950,0,200,1.4
2026-09-28T13:50:36Z,42616,247.9,1000,1000,0,2380578354,0,200,0.5
2026-09-28T13:51:06Z,42646,248.2,1000,1000,0,2382318703,0,200,0.5
2026-09-28T13:51:36Z,42676,247.7,1000,1000,0,2384122080,0,200,0.9
2026-09-28T13:52:06Z,42706,238.6,1000,1000,0,2385890294,0,200,0.5
2026-09-28T13:52:37Z,42736,247.6,1000,1000,0,2387665804,0,200,1.8
2026-09-28T13:53:06Z,42766,247.8,1000,1000,0,2389384240,0,200,0.6
2026-09-28T13:53:36Z,42796,243.2,1000,1000,0,2391088704,0,200,2.4
2026-09-28T13:54:06Z,42826,247.6,1000,1000,0,2392895030,0,200,0.6
2026-09-28T13:54:36Z,42856,248.1,1000,1000,0,2394622881,0,200,1.5
2026-09-28T13:55:06Z,42886,247.9,1000,1000,0,2396321928,0,200,0.8
2026-09-28T13:55:36Z,42916,248.6,1000,1000,0,2398090328,0,200,1.3
2026-09-28T13:56:06Z,42946,247.7,1000,1000,0,2399803776,0,200,0.5
2026-09-28T13:56:37Z,42976,247.9,1000,1000,0,2401602114,0,200,1.5
2026-09-28T13:57:06Z,43006,248.2,1000,1000,0,2403362462,0,200,0.5
2026-09-28T13:57:36Z,43036,248.0,1000,1000,0,2405064929,0,200,1.5
2026-09-28T13:58:06Z,43066,247.7,1000,1000,0,2406911130,0,200,0.5
2026-09-28T13:58:36Z,43096,247.8,1000,1000,0,2408671529,0,200,1.7
2026-09-28T13:59:07Z,43126,248.9,1000,1000,0,2410455898,0,200,0.6
2026-09-28T13:59:36Z,43156,247.7,1000,1000,0,2412155373,0,200,3.9
2026-09-28T14:00:06Z,43186,248.7,1000,1000,0,2413941674,0,200,0.6
2026-09-28T14:00:36Z,43216,238.6,1000,1000,0,2415738021,0,200,1.4
2026-09-28T14:01:06Z,43246,244.7,1000,1000,0,2417463450,0,200,0.7
2026-09-28T14:01:36Z,43276,244.7,1000,1000,0,2419184881,0,200,1.4
2026-09-28T14:02:06Z,43306,238.4,1000,1000,0,2420953285,0,200,0.5
2026-09-28T14:02:36Z,43336,247.5,1000,1000,0,2422657749,0,200,1.6
2026-09-28T14:03:06Z,43366,248.8,1000,1000,0,2424389206,0,200,0.6
2026-09-28T14:03:36Z,43396,250.4,1000,1000,0,2426024782,0,200,1.6
2026-09-28T14:04:07Z,43426,250.7,1000,1000,0,2427672372,0,200,0.6
2026-09-28T14:04:36Z,43456,248.0,1000,1000,0,2429271998,0,200,1.5
2026-09-28T14:05:06Z,43486,248.5,1000,1000,0,2430831748,0,200,0.5
2026-09-28T14:05:36Z,43516,248.2,1000,1000,0,2432557232,0,200,1.5
2026-09-28T14:06:06Z,43546,247.1,1000,1000,0,2434368425,0,200,0.7
2026-09-28T14:06:36Z,43576,248.2,1000,1000,0,2436239620,0,200,1.5
2026-09-28T14:07:06Z,43606,248.4,1000,1000,0,2438110811,0,200,0.4
2026-09-28T14:07:36Z,43636,249.0,1000,1000,0,2439732439,0,200,1.2
2026-09-28T14:08:06Z,43666,248.7,1000,1000,0,2441425989,0,200,1.5
2026-09-28T14:08:36Z,43696,249.2,1000,1000,0,2443148417,0,200,1.3
2026-09-28T14:09:07Z,43726,249.7,1000,1000,0,2444830992,0,200,2.0
2026-09-28T14:09:36Z,43756,249.2,1000,1000,0,2446447631,0,200,1.4
2026-09-28T14:10:06Z,43786,248.2,1000,1000,0,2448089216,0,200,0.5
2026-09-28T14:10:36Z,43816,248.3,1000,1000,0,2449785751,0,200,1.3
2026-09-28T14:11:06Z,43846,240.6,1000,1000,0,2451443325,0,200,0.6
2026-09-28T14:11:37Z,43876,248.5,1000,1000,0,2453151844,0,200,1.3
2026-09-28T14:12:06Z,43906,247.9,1000,1000,0,2454749518,0,200,0.4
2026-09-28T14:12:36Z,43936,248.0,1000,1000,0,2456415065,0,200,0.6
2026-09-28T14:13:06Z,43966,239.0,1000,1000,0,2458104620,0,200,1.6
2026-09-28T14:13:36Z,43996,246.1,1000,1000,0,2459745210,0,200,0.5
2026-09-28T14:14:07Z,44026,248.2,1000,1000,0,2461471698,0,200,1.5
2026-09-28T14:14:36Z,44056,249.2,1000,1000,0,2463109285,0,200,0.5
2026-09-28T14:15:06Z,44086,248.2,1000,1000,0,2464721946,0,200,3.4
2026-09-28T14:15:36Z,44116,249.0,1000,1000,0,2466477369,0,200,1.3
2026-09-28T14:16:06Z,44146,240.1,1000,1000,0,2468133932,0,200,1.3
2026-09-28T14:16:37Z,44176,247.9,1000,1000,0,2469831468,0,200,0.6
2026-09-28T14:17:06Z,44206,244.8,1000,1000,0,2471470069,0,200,1.4
2026-09-28T14:17:36Z,44236,248.0,1000,1000,0,2473102675,0,200,0.5
2026-09-28T14:18:07Z,44266,240.2,1000,1000,0,2474800672,0,200,2.7
2026-09-28T14:18:36Z,44296,248.2,1000,1000,0,2476436826,0,200,0.6
2026-09-28T14:19:06Z,44326,244.9,1000,1000,0,2478089392,0,200,1.4
2026-09-28T14:19:36Z,44356,248.1,1000,1000,0,2479822863,0,200,0.7
2026-09-28T14:20:06Z,44386,244.7,1000,1000,0,2481514649,0,200,1.4
2026-09-28T14:20:36Z,44416,247.7,1000,1000,0,2483249823,0,200,0.6
2026-09-28T14:21:06Z,44446,248.0,1000,1000,0,2484878446,0,200,1.4
2026-09-28T14:21:36Z,44476,247.6,1000,1000,0,2486559955,0,200,0.7
2026-09-28T14:22:06Z,44506,244.9,1000,1000,0,2488226555,0,200,1.8
2026-09-28T14:22:36Z,44536,238.8,1000,1000,0,2489877133,0,200,0.4
2026-09-28T14:23:07Z,44566,252.4,1000,1000,0,2491603621,0,200,1.5
2026-09-28T14:23:36Z,44596,244.8,1000,1000,0,2493342023,0,200,0.5
2026-09-28T14:24:06Z,44626,247.8,1000,1000,0,2495013556,0,200,1.5
2026-09-28T14:24:36Z,44656,247.5,1000,1000,0,2496714051,0,200,0.5
2026-09-28T14:25:06Z,44686,247.8,1000,1000,0,2498364667,0,200,1.2
2026-09-28T14:25:37Z,44716,247.9,1000,1000,0,2500036266,0,200,2.9
2026-09-28T14:26:06Z,44746,238.8,1000,1000,0,2501720774,0,200,1.4
2026-09-28T14:26:36Z,44776,247.9,1000,1000,0,2503340408,0,200,3.3
2026-09-28T14:27:07Z,44806,245.3,1000,1000,0,2505036950,0,200,4.7
2026-09-28T14:27:36Z,44836,249.6,1000,1000,0,2506690516,0,200,0.5
2026-09-28T14:28:06Z,44866,238.9,1000,1000,0,2508343086,0,200,1.2
2026-09-28T14:28:36Z,44896,247.5,1000,1000,0,2510083513,0,200,0.5
2026-09-28T14:29:06Z,44926,244.9,1000,1000,0,2511796990,0,200,1.3
2026-09-28T14:29:36Z,44956,248.4,1000,1000,0,2513512494,0,200,0.7
2026-09-28T14:30:06Z,44986,247.6,1000,1000,0,2515179036,0,200,1.3
2026-09-28T14:30:37Z,45017,247.7,1000,1000,0,2516915480,0,200,0.6
2026-09-28T14:31:07Z,45047,248.6,1000,1000,0,2518587098,0,200,1.8
2026-09-28T14:31:37Z,45077,248.3,1000,1000,0,2520239666,0,200,0.6
2026-09-28T14:32:07Z,45107,249.2,1000,1000,0,2521928219,0,200,1.7
2026-09-28T14:32:37Z,45137,249.8,1000,1000,0,2523543941,0,200,0.4
2026-09-28T14:33:08Z,45167,247.7,1000,1000,0,2525242387,0,200,1.5
2026-09-28T14:33:37Z,45197,244.7,1000,1000,0,2526904953,0,200,0.5
2026-09-28T14:34:07Z,45227,246.3,1000,1000,0,2528562511,0,200,1.2
2026-09-28T14:34:37Z,45257,247.0,1000,1000,0,2530302972,0,200,0.6
2026-09-28T14:35:07Z,45287,245.1,1000,1000,0,2531953829,0,200,0.7
2026-09-28T14:35:38Z,45317,248.2,1000,1000,0,2533647097,0,200,1.5
2026-09-28T14:36:07Z,45347,248.0,1000,1000,0,2535291683,0,200,0.4
2026-09-28T14:36:37Z,45377,248.5,1000,1000,0,2536958226,0,200,1.3
2026-09-28T14:37:08Z,45407,249.2,1000,1000,0,2538668746,0,200,0.5
2026-09-28T14:37:37Z,45437,248.3,1000,1000,0,2540324307,0,200,1.2
2026-09-28T14:38:07Z,45467,245.1,1000,1000,0,2541995833,0,200,0.5
2026-09-28T14:38:37Z,45497,249.3,1000,1000,0,2543691384,0,200,1.4
2026-09-28T14:39:07Z,45527,238.7,1000,1000,0,2545378059,0,200,0.6
2026-09-28T14:39:38Z,45557,248.3,1000,1000,0,2547174979,0,200,1.5
2026-09-28T14:40:07Z,45587,245.2,1000,1000,0,2548818826,0,200,1.5
2026-09-28T14:40:37Z,45617,248.6,1000,1000,0,2550473372,0,200,1.3
2026-09-28T14:41:07Z,45647,249.2,1000,1000,0,2552152918,0,200,0.5
2026-09-28T14:41:37Z,45677,247.9,1000,1000,0,2553867421,0,200,1.4
2026-09-28T14:42:08Z,45707,248.5,1000,1000,0,2555547999,0,200,0.5
2026-09-28T14:42:37Z,45737,248.3,1000,1000,0,2557210550,0,200,1.3
2026-09-28T14:43:07Z,45767,247.9,1000,1000,0,2558870103,0,200,0.5
2026-09-28T14:43:37Z,45797,249.2,1000,1000,0,2560584609,0,200,1.4
2026-09-28T14:44:07Z,45827,244.7,1000,1000,0,2562231193,0,200,0.5
2026-09-28T14:44:38Z,45857,248.1,1000,1000,0,2563964668,0,200,1.5
2026-09-28T14:45:07Z,45887,248.9,1000,1000,0,2565596272,0,200,0.4
2026-09-28T14:45:37Z,45917,247.2,1000,1000,0,2567277746,0,200,1.4
2026-09-28T14:46:07Z,45947,238.7,1000,1000,0,2568977328,0,200,0.5
2026-09-28T14:46:37Z,45977,248.1,1000,1000,0,2570590976,0,200,1.8
2026-09-28T14:47:08Z,46007,248.1,1000,1000,0,2572306476,0,200,0.7
2026-09-28T14:47:37Z,46037,248.0,1000,1000,0,2573929102,0,200,1.4
2026-09-28T14:48:07Z,46067,247.8,1000,1000,0,2575609608,0,200,0.5
2026-09-28T14:48:38Z,46097,247.7,1000,1000,0,2577368043,0,200,2.5
2026-09-28T14:49:07Z,46127,244.8,1000,1000,0,2579031591,0,200,0.6
2026-09-28T14:49:37Z,46157,248.4,1000,1000,0,2580682164,0,200,1.6
2026-09-28T14:50:07Z,46187,247.7,1000,1000,0,2582417631,0,200,0.5
2026-09-28T14:50:37Z,46217,248.0,1000,1000,0,2584096150,0,200,1.4
2026-09-28T14:51:08Z,46247,248.2,1000,1000,0,2585828577,0,200,0.8
2026-09-28T14:51:37Z,46277,244.8,1000,1000,0,2587525108,0,200,1.3
2026-09-28T14:52:07Z,46307,238.7,1000,1000,0,2589178670,0,200,0.5
2026-09-28T14:52:37Z,46337,247.6,1000,1000,0,2590972023,0,200,1.3
2026-09-28T14:53:07Z,46367,248.1,1000,1000,0,2592651534,0,200,0.5
2026-09-28T14:53:38Z,46397,248.7,1000,1000,0,2594323126,0,200,1.7
2026-09-28T14:54:07Z,46427,247.8,1000,1000,0,2595987671,0,200,0.6
2026-09-28T14:54:37Z,46457,248.7,1000,1000,0,2597656212,0,200,2.5
2026-09-28T14:55:07Z,46487,247.8,1000,1000,0,2599315824,0,200,1.4
2026-09-28T14:55:37Z,46517,248.2,1000,1000,0,2600979345,0,200,1.5
2026-09-28T14:56:08Z,46547,249.4,1000,1000,0,2602672927,0,200,0.7
2026-09-28T14:56:37Z,46577,245.0,1000,1000,0,2604311522,0,200,0.4
2026-09-28T14:57:07Z,46607,247.8,1000,1000,0,2606036946,0,200,1.4
2026-09-28T14:57:37Z,46637,249.5,1000,1000,0,2607746632,0,200,0.5
2026-09-28T14:58:07Z,46667,245.1,1000,1000,0,2609413010,0,200,1.3
2026-09-28T14:58:37Z,46697,249.1,1000,1000,0,2611087599,0,200,0.4
2026-09-28T14:59:07Z,46727,245.0,1000,1000,0,2612738369,0,200,1.3
2026-09-28T14:59:37Z,46757,248.4,1000,1000,0,2614398729,0,200,0.8
2026-09-28T15:00:07Z,46787,249.3,1000,1000,0,2616080300,0,200,2.3
2026-09-28T15:00:37Z,46817,248.7,1000,1000,0,2617720889,0,200,7.8
2026-09-28T15:01:08Z,46847,249.6,1000,1000,0,2619407454,0,200,1.5
2026-09-28T15:01:37Z,46877,247.7,1000,1000,0,2621100941,0,200,0.4
2026-09-28T15:02:07Z,46907,249.2,1000,1000,0,2622767068,0,200,1.5
2026-09-28T15:02:37Z,46937,247.6,1000,1000,0,2624482996,0,200,0.4
2026-09-28T15:03:07Z,46967,248.3,1000,1000,0,2626118592,0,200,1.2
2026-09-28T15:03:38Z,46997,248.3,1000,1000,0,2627815133,0,200,0.4
2026-09-28T15:04:07Z,47027,240.2,1000,1000,0,2629458605,0,200,1.8
2026-09-28T15:04:37Z,47057,248.5,1000,1000,0,2631137234,0,200,0.6
2026-09-28T15:05:07Z,47087,248.8,1000,1000,0,2632862717,0,200,1.7
2026-09-28T15:05:37Z,47117,248.9,1000,1000,0,2634492343,0,200,0.6
2026-09-28T15:06:08Z,47147,248.2,1000,1000,0,2636247985,0,200,1.4
2026-09-28T15:06:37Z,47177,248.4,1000,1000,0,2637915317,0,200,0.6
2026-09-28T15:07:07Z,47207,249.8,1000,1000,0,2639530956,0,200,1.4
2026-09-28T15:07:37Z,47237,248.0,1000,1000,0,2641201556,0,200,0.6
2026-09-28T15:08:07Z,47267,247.8,1000,1000,0,2642869098,0,200,1.3
2026-09-28T15:08:37Z,47297,252.2,1000,1000,0,2644620466,0,200,0.6
2026-09-28T15:09:07Z,47327,248.0,1000,1000,0,2646352934,0,200,1.6
2026-09-28T15:09:37Z,47357,248.9,1000,1000,0,2648036446,0,200,0.5
2026-09-28T15:10:08Z,47387,248.4,1000,1000,0,2649710032,0,200,1.3
2026-09-28T15:10:37Z,47417,245.2,1000,1000,0,2651383563,0,200,0.6
2026-09-28T15:11:07Z,47447,248.2,1000,1000,0,2653042123,0,200,1.8
2026-09-28T15:11:37Z,47477,240.0,1000,1000,0,2654750639,0,200,0.5
2026-09-28T15:12:07Z,47507,245.6,1000,1000,0,2656418141,0,200,1.7
2026-09-28T15:12:37Z,47537,247.6,1000,1000,0,2658173484,0,200,0.5
2026-09-28T15:13:07Z,47567,248.4,1000,1000,0,2659883061,0,200,1.5
2026-09-28T15:13:38Z,47597,247.6,1000,1000,0,2661688392,0,200,0.6
2026-09-28T15:14:07Z,47627,245.9,1000,1000,0,2663399839,0,200,1.4
2026-09-28T15:14:37Z,47657,249.2,1000,1000,0,2665071368,0,200,0.5
2026-09-28T15:15:07Z,47687,245.0,1000,1000,0,2666778894,0,200,1.4
2026-09-28T15:15:37Z,47717,249.7,1000,1000,0,2668457415,0,200,0.6
2026-09-28T15:16:07Z,47747,249.3,1000,1000,0,2670130946,0,200,1.4
2026-09-28T15:16:37Z,47777,245.7,1000,1000,0,2671812520,0,200,0.7
2026-09-28T15:17:07Z,47807,238.9,1000,1000,0,2673382252,0,200,0.5
2026-09-28T15:17:38Z,47837,247.7,1000,1000,0,2675082786,0,200,0.9
2026-09-28T15:18:07Z,47867,247.7,1000,1000,0,2676722383,0,200,0.6
2026-09-28T15:18:38Z,47898,240.8,1000,1000,0,2678417928,0,200,1.3
2026-09-28T15:19:08Z,47928,248.3,1000,1000,0,2680129444,0,200,0.5
2026-09-28T15:19:38Z,47958,247.6,1000,1000,0,2681771040,0,200,1.4
2026-09-28T15:20:09Z,47988,247.6,1000,1000,0,2683467587,0,200,0.5
2026-09-28T15:20:38Z,48018,247.9,1000,1000,0,2685155088,0,200,2.2
2026-09-28T15:21:08Z,48048,239.5,1000,1000,0,2686846578,0,200,3.0
2026-09-28T15:21:38Z,48078,239.8,1000,1000,0,2688595018,0,200,2.4
2026-09-28T15:22:08Z,48108,247.6,1000,1000,0,2690333407,0,200,0.6
2026-09-28T15:22:39Z,48138,247.9,1000,1000,0,2692064873,0,200,1.3
2026-09-28T15:23:08Z,48168,248.5,1000,1000,0,2693753377,0,200,0.4
2026-09-28T15:23:38Z,48198,247.9,1000,1000,0,2695393966,0,200,1.3
2026-09-28T15:24:08Z,48228,247.9,1000,1000,0,2697062567,0,200,0.6
2026-09-28T15:24:38Z,48258,248.0,1000,1000,0,2698720126,0,200,1.3
2026-09-28T15:25:09Z,48288,248.2,1000,1000,0,2700445613,0,200,0.5
2026-09-28T15:25:38Z,48318,249.5,1000,1000,0,2702085822,0,200,1.5
2026-09-28T15:26:08Z,48348,239.5,1000,1000,0,2703698891,0,200,0.6
2026-09-28T15:26:38Z,48378,247.9,1000,1000,0,2705395392,0,200,1.6
2026-09-28T15:27:08Z,48408,249.3,1000,1000,0,2707022030,0,200,0.7
2026-09-28T15:27:39Z,48438,248.5,1000,1000,0,2708734525,0,200,1.3
2026-09-28T15:28:08Z,48468,248.2,1000,1000,0,2710356174,0,200,0.5
2026-09-28T15:28:38Z,48498,249.2,1000,1000,0,2712003755,0,200,2.9
2026-09-28T15:29:08Z,48528,247.8,1000,1000,0,2713726245,0,200,0.6
2026-09-28T15:29:38Z,48558,248.0,1000,1000,0,2715419733,0,200,2.4
2026-09-28T15:30:09Z,48588,248.8,1000,1000,0,2717119275,0,200,0.7
2026-09-28T15:30:38Z,48618,248.0,1000,1000,0,2718829729,0,200,1.7
2026-09-28T15:31:08Z,48648,244.1,1000,1000,0,2720459343,0,200,0.5
2026-09-28T15:31:38Z,48678,248.1,1000,1000,0,2722156888,0,200,1.3
2026-09-28T15:32:08Z,48708,248.0,1000,1000,0,2723794483,0,200,0.5
2026-09-28T15:32:39Z,48738,249.4,1000,1000,0,2725489029,0,200,1.4
2026-09-28T15:33:08Z,48768,248.0,1000,1000,0,2727155572,0,200,0.4
2026-09-28T15:33:38Z,48798,244.3,1000,1000,0,2728826103,0,200,1.3
2026-09-28T15:34:08Z,48828,238.3,1000,1000,0,2730507673,0,200,0.5
2026-09-28T15:34:38Z,48858,248.3,1000,1000,0,2732176214,0,200,4.7
2026-09-28T15:35:09Z,48888,244.9,1000,1000,0,2733855789,0,200,0.5
2026-09-28T15:35:38Z,48918,239.1,1000,1000,0,2735497375,0,200,1.4
2026-09-28T15:36:08Z,48948,249.0,1000,1000,0,2737135967,0,200,0.6
2026-09-28T15:36:38Z,48978,244.0,1000,1000,0,2738828517,0,200,1.6
2026-09-28T15:37:08Z,49008,248.0,1000,1000,0,2740465124,0,200,0.7
2026-09-28T15:37:39Z,49038,248.8,1000,1000,0,2742184304,0,200,1.3
2026-09-28T15:38:08Z,49068,247.5,1000,1000,0,2743837189,0,200,0.4
2026-09-28T15:38:38Z,49098,246.0,1000,1000,0,2745494745,0,200,1.5
2026-09-28T15:39:08Z,49128,247.9,1000,1000,0,2747197273,0,200,0.5
2026-09-28T15:39:38Z,49158,244.8,1000,1000,0,2748850844,0,200,0.5
2026-09-28T15:40:09Z,49188,249.4,1000,1000,0,2750563353,0,200,1.4
2026-09-28T15:40:38Z,49218,248.1,1000,1000,0,2752224906,0,200,0.4
2026-09-28T15:41:08Z,49248,249.0,1000,1000,0,2753836560,0,200,1.5
2026-09-28T15:41:38Z,49278,248.6,1000,1000,0,2755591985,0,200,0.4
2026-09-28T15:42:08Z,49308,248.0,1000,1000,0,2757257523,0,200,1.4
2026-09-28T15:42:38Z,49338,247.9,1000,1000,0,2759001908,0,200,0.6
2026-09-28T15:43:08Z,49368,248.6,1000,1000,0,2760730391,0,200,2.0
2026-09-28T15:43:38Z,49398,248.5,1000,1000,0,2762354018,0,200,0.5
2026-09-28T15:44:09Z,49428,248.1,1000,1000,0,2764039545,0,200,1.3
2026-09-28T15:44:38Z,49458,248.1,1000,1000,0,2765648245,0,200,0.5
2026-09-28T15:45:08Z,49488,238.4,1000,1000,0,2767295816,0,200,1.2
2026-09-28T15:45:38Z,49518,248.9,1000,1000,0,2769001351,0,200,0.5
2026-09-28T15:46:08Z,49548,248.4,1000,1000,0,2770657909,0,200,1.6
2026-09-28T15:46:39Z,49578,238.6,1000,1000,0,2772372420,0,200,0.4
2026-09-28T15:47:08Z,49608,244.3,1000,1000,0,2773996035,0,200,1.2
2026-09-28T15:47:38Z,49638,247.9,1000,1000,0,2775648616,0,200,0.5
2026-09-28T15:48:08Z,49668,248.2,1000,1000,0,2777337415,0,200,1.5
2026-09-28T15:48:38Z,49698,248.0,1000,1000,0,2779012892,0,200,1.5
2026-09-28T15:49:09Z,49728,248.0,1000,1000,0,2780681306,0,200,1.5
2026-09-28T15:49:38Z,49758,248.1,1000,1000,0,2782376788,0,200,0.5
2026-09-28T15:50:08Z,49788,244.9,1000,1000,0,2783993432,0,200,1.4
2026-09-28T15:50:38Z,49818,248.1,1000,1000,0,2785677007,0,200,0.8
2026-09-28T15:51:08Z,49848,248.9,1000,1000,0,2787344546,0,200,1.5
2026-09-28T15:51:39Z,49878,244.8,1000,1000,0,2789065045,0,200,0.5
2026-09-28T15:52:08Z,49908,248.6,1000,1000,0,2790763649,0,200,1.5
2026-09-28T15:52:38Z,49938,239.1,1000,1000,0,2792421085,0,200,0.4
2026-09-28T15:53:08Z,49968,248.2,1000,1000,0,2794109642,0,200,1.4
2026-09-28T15:53:38Z,49998,249.5,1000,1000,0,2795747237,0,200,0.8
2026-09-28T15:54:09Z,50028,248.4,1000,1000,0,2797498674,0,200,1.4
2026-09-28T15:54:38Z,50058,247.7,1000,1000,0,2799141261,0,200,0.5
2026-09-28T15:55:08Z,50088,245.1,1000,1000,0,2800773865,0,200,1.7
2026-09-28T15:55:38Z,50118,247.9,1000,1000,0,2802490326,0,200,0.6
2026-09-28T15:56:08Z,50148,239.0,1000,1000,0,2804143948,0,200,1.6
2026-09-28T15:56:38Z,50178,248.4,1000,1000,0,2805800392,0,200,0.5
2026-09-28T15:57:08Z,50208,247.9,1000,1000,0,2807502045,0,200,1.4
2026-09-28T15:57:38Z,50238,247.6,1000,1000,0,2809172579,0,200,0.6
2026-09-28T15:58:09Z,50268,248.5,1000,1000,0,2810876113,0,200,1.6
2026-09-28T15:58:38Z,50298,248.3,1000,1000,0,2812487768,0,200,0.5
2026-09-28T15:59:08Z,50328,247.8,1000,1000,0,2814146591,0,200,1.6
2026-09-28T15:59:38Z,50358,248.6,1000,1000,0,2815821914,0,200,2.8
2026-09-28T16:00:08Z,50388,239.1,1000,1000,0,2817454516,0,200,1.4
2026-09-28T16:00:39Z,50418,248.2,1000,1000,0,2819161043,0,200,0.7
2026-09-28T16:01:08Z,50448,248.8,1000,1000,0,2820793652,0,200,0.5
2026-09-28T16:01:38Z,50478,247.9,1000,1000,0,2822456244,0,200,1.4
2026-09-28T16:02:08Z,50508,249.6,1000,1000,0,2824149757,0,200,0.5
2026-09-28T16:02:38Z,50538,249.4,1000,1000,0,2825781366,0,200,1.3
2026-09-28T16:03:09Z,50568,248.0,1000,1000,0,2827498870,0,200,4.3
2026-09-28T16:03:38Z,50598,238.6,1000,1000,0,2829184448,0,200,1.4
2026-09-28T16:04:08Z,50628,238.9,1000,1000,0,2830792040,0,200,0.6
2026-09-28T16:04:39Z,50658,247.8,1000,1000,0,2832506553,0,200,1.3
2026-09-28T16:05:08Z,50688,248.4,1000,1000,0,2834135170,0,200,0.5
2026-09-28T16:05:38Z,50718,248.4,1000,1000,0,2835809689,0,200,1.4
2026-09-28T16:06:08Z,50748,247.7,1000,1000,0,2837542157,0,200,0.5
2026-09-28T16:06:38Z,50778,248.2,1000,1000,0,2839230656,0,200,3.0
2026-09-28T16:07:09Z,50808,248.6,1000,1000,0,2840970115,0,200,0.4
2026-09-28T16:07:38Z,50838,249.2,1000,1000,0,2842684548,0,200,1.5
2026-09-28T16:08:08Z,50868,245.2,1000,1000,0,2844310184,0,200,0.5
2026-09-28T16:08:38Z,50898,249.3,1000,1000,0,2845986766,0,200,1.6
2026-09-28T16:09:08Z,50928,247.8,1000,1000,0,2847634341,0,200,0.5
2026-09-28T16:09:39Z,50958,248.1,1000,1000,0,2849355840,0,200,1.9
2026-09-28T16:10:08Z,50988,248.1,1000,1000,0,2851006570,0,200,0.5
2026-09-28T16:10:38Z,51018,248.3,1000,1000,0,2852640022,0,200,1.5
2026-09-28T16:11:08Z,51048,239.0,1000,1000,0,2854332574,0,200,0.5
2026-09-28T16:11:38Z,51078,249.2,1000,1000,0,2855980151,0,200,1.4
2026-09-28T16:12:09Z,51108,248.3,1000,1000,0,2857677694,0,200,0.5
2026-09-28T16:12:38Z,51138,249.1,1000,1000,0,2859318285,0,200,1.4
2026-09-28T16:13:08Z,51168,248.1,1000,1000,0,2861005787,0,200,0.4
2026-09-28T16:13:38Z,51198,248.0,1000,1000,0,2862734276,0,200,1.5
2026-09-28T16:14:08Z,51228,248.6,1000,1000,0,2864381847,0,200,0.4
2026-09-28T16:14:39Z,51258,247.8,1000,1000,0,2866113318,0,200,4.6
2026-09-28T16:15:08Z,51288,238.7,1000,1000,0,2867762895,0,200,0.7
2026-09-28T16:15:38Z,51318,249.3,1000,1000,0,2869398501,0,200,1.4
2026-09-28T16:16:08Z,51348,238.6,1000,1000,0,2871130978,0,200,0.5
2026-09-28T16:16:38Z,51378,245.3,1000,1000,0,2872797523,0,200,1.4
2026-09-28T16:17:09Z,51408,239.3,1000,1000,0,2874481091,0,200,0.6
2026-09-28T16:17:38Z,51438,248.4,1000,1000,0,2876161598,0,200,1.2
2026-09-28T16:18:08Z,51468,248.1,1000,1000,0,2877801051,0,200,0.5
2026-09-28T16:18:38Z,51498,248.1,1000,1000,0,2879552633,0,200,1.4
2026-09-28T16:19:08Z,51528,247.8,1000,1000,0,2881214180,0,200,0.5
2026-09-28T16:19:39Z,51558,247.9,1000,1000,0,2882929684,0,200,1.2
2026-09-28T16:20:08Z,51588,247.8,1000,1000,0,2884522375,0,200,0.6
2026-09-28T16:20:38Z,51618,248.7,1000,1000,0,2886106080,0,200,1.3
2026-09-28T16:21:08Z,51648,248.3,1000,1000,0,2887817596,0,200,0.5
2026-09-28T16:21:38Z,51678,250.1,1000,1000,0,2889482137,0,200,1.5
2026-09-28T16:22:09Z,51708,248.4,1000,1000,0,2891175688,0,200,0.5
2026-09-28T16:22:38Z,51738,248.4,1000,1000,0,2892830251,0,200,1.7
2026-09-28T16:23:08Z,51768,249.9,1000,1000,0,2894475834,0,200,1.4
2026-09-28T16:23:38Z,51798,238.9,1000,1000,0,2896189343,0,200,0.6
2026-09-28T16:24:08Z,51828,248.9,1000,1000,0,2897846901,0,200,1.5
2026-09-28T16:24:39Z,51858,248.7,1000,1000,0,2899617301,0,200,0.5
2026-09-28T16:25:08Z,51888,244.7,1000,1000,0,2901300856,0,200,1.4
2026-09-28T16:25:38Z,51918,245.9,1000,1000,0,2902985830,0,200,0.7
2026-09-28T16:26:09Z,51948,247.8,1000,1000,0,2904714804,0,200,1.5
2026-09-28T16:26:38Z,51978,239.1,1000,1000,0,2906321459,0,200,0.8
2026-09-28T16:27:08Z,52008,248.2,1000,1000,0,2907949073,0,200,1.4
2026-09-28T16:27:38Z,52038,248.7,1000,1000,0,2909692528,0,200,0.5
2026-09-28T16:28:08Z,52068,248.5,1000,1000,0,2911342099,0,200,1.7
2026-09-28T16:28:38Z,52098,244.7,1000,1000,0,2913038647,0,200,0.8
2026-09-28T16:29:08Z,52128,248.9,1000,1000,0,2914715170,0,200,1.2
2026-09-28T16:29:39Z,52158,248.5,1000,1000,0,2916432671,0,200,0.6
2026-09-28T16:30:08Z,52188,248.8,1000,1000,0,2918110188,0,200,1.3
2026-09-28T16:30:38Z,52218,239.0,1000,1000,0,2919781709,0,200,0.7
2026-09-28T16:31:09Z,52248,248.1,1000,1000,0,2921483256,0,200,1.4
2026-09-28T16:31:38Z,52278,247.3,1000,1000,0,2923237579,0,200,0.5
2026-09-28T16:32:08Z,52308,248.3,1000,1000,0,2924932106,0,200,1.2
2026-09-28T16:32:38Z,52338,239.3,1000,1000,0,2926600710,0,200,0.4
2026-09-28T16:33:08Z,52368,248.3,1000,1000,0,2928208372,0,200,1.4
2026-09-28T16:33:39Z,52398,248.3,1000,1000,0,2929892942,0,200,1.3
2026-09-28T16:34:08Z,52428,245.7,1000,1000,0,2931500598,0,200,1.4
2026-09-28T16:34:38Z,52458,243.3,1000,1000,0,2933135205,0,200,0.5
2026-09-28T16:35:08Z,52488,248.2,1000,1000,0,2934824763,0,200,2.6
2026-09-28T16:35:38Z,52518,240.4,1000,1000,0,2936446388,0,200,0.8
2026-09-28T16:36:09Z,52548,244.9,1000,1000,0,2938145922,0,200,1.4
2026-09-28T16:36:38Z,52578,248.1,1000,1000,0,2939819451,0,200,1.6
2026-09-28T16:37:08Z,52608,248.3,1000,1000,0,2941521167,0,200,1.2
2026-09-28T16:37:38Z,52638,249.3,1000,1000,0,2943240397,0,200,0.7
2026-09-28T16:38:08Z,52668,247.9,1000,1000,0,2944892990,0,200,1.3
2026-09-28T16:38:39Z,52698,247.8,1000,1000,0,2946573564,0,200,0.6
2026-09-28T16:39:08Z,52728,244.7,1000,1000,0,2948243101,0,200,2.0
2026-09-28T16:39:38Z,52758,247.9,1000,1000,0,2949911637,0,200,0.5
2026-09-28T16:40:08Z,52788,248.1,1000,1000,0,2951606642,0,200,1.3
2026-09-28T16:40:38Z,52818,248.3,1000,1000,0,2953350675,0,200,0.7
2026-09-28T16:41:08Z,52848,247.8,1000,1000,0,2954967225,0,200,1.4
2026-09-28T16:41:38Z,52878,247.5,1000,1000,0,2956631832,0,200,0.5
2026-09-28T16:42:08Z,52908,248.0,1000,1000,0,2958291382,0,200,1.4
2026-09-28T16:42:39Z,52938,248.6,1000,1000,0,2959986930,0,200,0.5
2026-09-28T16:43:08Z,52968,239.1,1000,1000,0,2961623523,0,200,1.5
2026-09-28T16:43:39Z,52999,247.7,1000,1000,0,2963334042,0,200,0.5
2026-09-28T16:44:09Z,53029,245.4,1000,1000,0,2965045553,0,200,0.7
2026-09-28T16:44:39Z,53059,248.0,1000,1000,0,2966735004,0,200,1.0
2026-09-28T16:45:09Z,53089,247.9,1000,1000,0,2968437579,0,200,0.4
2026-09-28T16:45:39Z,53119,248.2,1000,1000,0,2970016293,0,200,1.2
2026-09-28T16:46:10Z,53149,247.7,1000,1000,0,2971713839,0,200,0.6
2026-09-28T16:46:39Z,53179,239.9,1000,1000,0,2973340461,0,200,1.3
2026-09-28T16:47:09Z,53209,240.0,1000,1000,0,2974990030,0,200,0.6
2026-09-28T16:47:39Z,53239,248.6,1000,1000,0,2976716519,0,200,2.9
2026-09-28T16:48:09Z,53269,247.9,1000,1000,0,2978361101,0,200,0.4
2026-09-28T16:48:40Z,53299,244.7,1000,1000,0,2980094573,0,200,1.4
2026-09-28T16:49:09Z,53329,247.8,1000,1000,0,2981733172,0,200,0.5
2026-09-28T16:49:39Z,53359,238.9,1000,1000,0,2983428657,0,200,1.2
2026-09-28T16:50:09Z,53389,247.9,1000,1000,0,2985173105,0,200,0.7
2026-09-28T16:50:39Z,53419,239.3,1000,1000,0,2986802724,0,200,6.3
2026-09-28T16:51:10Z,53449,247.9,1000,1000,0,2988495273,0,200,0.4
2026-09-28T16:51:39Z,53479,249.1,1000,1000,0,2990108922,0,200,1.3
2026-09-28T16:52:09Z,53509,249.5,1000,1000,0,2991769476,0,200,0.6
2026-09-28T16:52:39Z,53539,248.2,1000,1000,0,2993457043,0,200,1.2
2026-09-28T16:53:09Z,53569,238.7,1000,1000,0,2995061704,0,200,0.6
2026-09-28T16:53:40Z,53599,248.1,1000,1000,0,2996804153,0,200,1.3
2026-09-28T16:54:09Z,53629,248.0,1000,1000,0,2998479670,0,200,0.5
2026-09-28T16:54:39Z,53659,248.9,1000,1000,0,3000121264,0,200,1.3
2026-09-28T16:55:09Z,53689,238.4,1000,1000,0,3001845753,0,200,0.5
2026-09-28T16:55:39Z,53719,246.5,1000,1000,0,3003470375,0,200,1.4
2026-09-28T16:56:10Z,53749,248.6,1000,1000,0,3005166924,0,200,0.5
2026-09-28T16:56:39Z,53779,249.4,1000,1000,0,3006805515,0,200,1.5
2026-09-28T16:57:09Z,53809,249.6,1000,1000,0,3008403191,0,200,0.7
2026-09-28T16:57:39Z,53839,247.7,1000,1000,0,3010141656,0,200,1.2
2026-09-28T16:58:09Z,53869,246.4,1000,1000,0,3011767319,0,200,0.5
2026-09-28T16:58:40Z,53899,248.0,1000,1000,0,3013437877,0,200,1.3
2026-09-28T16:59:09Z,53929,238.9,1000,1000,0,3015091439,0,200,0.5
2026-09-28T16:59:39Z,53959,249.3,1000,1000,0,3016737026,0,200,1.5
2026-09-28T17:00:09Z,53989,238.6,1000,1000,0,3018462786,0,200,0.6
2026-09-28T17:00:39Z,54019,248.0,1000,1000,0,3020118077,0,200,1.3
2026-09-28T17:01:10Z,54049,247.7,1000,1000,0,3021807639,0,200,0.4
2026-09-28T17:01:39Z,54079,248.3,1000,1000,0,3023483167,0,200,1.3
2026-09-28T17:02:09Z,54109,247.3,1000,1000,0,3025131744,0,200,0.7
2026-09-28T17:02:39Z,54139,239.2,1000,1000,0,3026847251,0,200,3.8
2026-09-28T17:03:09Z,54169,245.3,1000,1000,0,3028472874,0,200,0.6
2026-09-28T17:03:40Z,54199,247.8,1000,1000,0,3030155445,0,200,1.9
2026-09-28T17:04:09Z,54229,247.8,1000,1000,0,3031826971,0,200,0.6
2026-09-28T17:04:39Z,54259,248.8,1000,1000,0,3033493516,0,200,1.3
2026-09-28T17:05:09Z,54289,248.4,1000,1000,0,3035213822,0,200,0.8
2026-09-28T17:05:39Z,54319,238.9,1000,1000,0,3036881549,0,200,1.0
2026-09-28T17:06:10Z,54349,247.8,1000,1000,0,3038606039,0,200,1.9
2026-09-28T17:06:39Z,54379,238.9,1000,1000,0,3040223680,0,200,0.5
2026-09-28T17:07:09Z,54409,248.0,1000,1000,0,3041878491,0,200,1.2
2026-09-28T17:07:40Z,54439,247.8,1000,1000,0,3043597749,0,200,0.9
2026-09-28T17:08:09Z,54469,243.9,1000,1000,0,3045210394,0,200,1.3
2026-09-28T17:08:40Z,54499,248.4,1000,1000,0,3046889969,0,200,0.7
2026-09-28T17:09:09Z,54529,248.5,1000,1000,0,3048482655,0,200,1.3
2026-09-28T17:09:39Z,54559,248.9,1000,1000,0,3050107280,0,200,0.5
2026-09-28T17:10:09Z,54589,248.1,1000,1000,0,3051775881,0,200,1.4
2026-09-28T17:10:39Z,54619,249.3,1000,1000,0,3053454396,0,200,0.5
2026-09-28T17:11:10Z,54649,247.8,1000,1000,0,3055191985,0,200,2.1
2026-09-28T17:11:39Z,54679,248.0,1000,1000,0,3056854410,0,200,0.5
2026-09-28T17:12:09Z,54709,239.0,1000,1000,0,3058504015,0,200,1.3
2026-09-28T17:12:39Z,54739,249.2,1000,1000,0,3060262370,0,200,1.1
2026-09-28T17:13:09Z,54769,249.7,1000,1000,0,3061926954,0,200,1.5
2026-09-28T17:13:40Z,54799,248.0,1000,1000,0,3063698747,0,200,2.6
2026-09-28T17:14:09Z,54829,247.8,1000,1000,0,3065319984,0,200,1.3
2026-09-28T17:14:39Z,54859,248.4,1000,1000,0,3066987524,0,200,0.4
2026-09-28T17:15:09Z,54889,247.9,1000,1000,0,3068715987,0,200,1.4
2026-09-28T17:15:39Z,54919,248.7,1000,1000,0,3070392523,0,200,0.6
2026-09-28T17:16:10Z,54949,244.6,1000,1000,0,3072081086,0,200,1.3
2026-09-28T17:16:39Z,54979,239.5,1000,1000,0,3073698723,0,200,0.6
2026-09-28T17:17:09Z,55009,245.4,1000,1000,0,3075301389,0,200,1.4
2026-09-28T17:17:39Z,55039,249.9,1000,1000,0,3077000933,0,200,0.5
2026-09-28T17:18:09Z,55069,238.6,1000,1000,0,3078618568,0,200,1.3
2026-09-28T17:18:40Z,55099,249.1,1000,1000,0,3080418910,0,200,3.7
2026-09-28T17:19:09Z,55129,248.3,1000,1000,0,3082075463,0,200,1.3
2026-09-28T17:19:39Z,55159,245.5,1000,1000,0,3083723045,0,200,0.6
2026-09-28T17:20:09Z,55189,245.4,1000,1000,0,3085413596,0,200,1.3
2026-09-28T17:20:39Z,55219,247.8,1000,1000,0,3087085133,0,200,0.5
2026-09-28T17:21:10Z,55249,248.1,1000,1000,0,3088768705,0,200,1.5
2026-09-28T17:21:39Z,55279,248.5,1000,1000,0,3090400315,0,200,0.8
2026-09-28T17:22:09Z,55309,248.3,1000,1000,0,3092075830,0,200,1.4
2026-09-28T17:22:39Z,55339,249.7,1000,1000,0,3093789338,0,200,3.8
2026-09-28T17:23:09Z,55369,244.2,1000,1000,0,3095463141,0,200,2.0
2026-09-28T17:23:40Z,55399,248.3,1000,1000,0,3097159414,0,200,0.4
2026-09-28T17:24:09Z,55429,249.2,1000,1000,0,3098870806,0,200,1.5
2026-09-28T17:24:39Z,55459,248.2,1000,1000,0,3100523352,0,200,0.6
2026-09-28T17:25:09Z,55489,247.9,1000,1000,0,3102240938,0,200,1.6
2026-09-28T17:25:39Z,55519,247.9,1000,1000,0,3103899497,0,200,0.7
2026-09-28T17:26:09Z,55549,247.2,1000,1000,0,3105525128,0,200,1.3
2026-09-28T17:26:39Z,55579,247.9,1000,1000,0,3107241626,0,200,0.6
2026-09-28T17:27:09Z,55609,248.2,1000,1000,0,3108899185,0,200,0.5
2026-09-28T17:27:39Z,55639,248.4,1000,1000,0,3110592741,0,200,1.5
2026-09-28T17:28:09Z,55669,248.8,1000,1000,0,3112236324,0,200,0.7
2026-09-28T17:28:40Z,55699,249.2,1000,1000,0,3113978779,0,200,1.4
2026-09-28T17:29:09Z,55729,238.5,1000,1000,0,3115643156,0,200,0.6
2026-09-28T17:29:39Z,55759,248.7,1000,1000,0,3117331822,0,200,1.6
2026-09-28T17:30:09Z,55789,249.4,1000,1000,0,3119035537,0,200,0.8
2026-09-28T17:30:39Z,55819,245.6,1000,1000,0,3120668960,0,200,1.4
2026-09-28T17:31:10Z,55849,244.8,1000,1000,0,3122422392,0,200,1.3
2026-09-28T17:31:39Z,55879,248.3,1000,1000,0,3124037995,0,200,2.3
2026-09-28T17:32:09Z,55909,247.9,1000,1000,0,3125702573,0,200,0.5
2026-09-28T17:32:39Z,55939,249.2,1000,1000,0,3127378168,0,200,1.2
2026-09-28T17:33:09Z,55969,239.1,1000,1000,0,3129011767,0,200,0.6
2026-09-28T17:33:40Z,55999,248.3,1000,1000,0,3130710311,0,200,1.3
2026-09-28T17:34:09Z,56029,248.2,1000,1000,0,3132314979,0,200,0.6
2026-09-28T17:34:39Z,56059,248.0,1000,1000,0,3133975818,0,200,1.3
2026-09-28T17:35:10Z,56089,248.2,1000,1000,0,3135678069,0,200,0.5
2026-09-28T17:35:39Z,56119,249.1,1000,1000,0,3137343613,0,200,1.1
2026-09-28T17:36:09Z,56149,247.5,1000,1000,0,3138999179,0,200,0.5
2026-09-28T17:36:39Z,56179,247.7,1000,1000,0,3140759585,0,200,1.3
2026-09-28T17:37:09Z,56209,248.2,1000,1000,0,3142414165,0,200,0.5
2026-09-28T17:37:39Z,56239,248.6,1000,1000,0,3144089753,0,200,1.4
2026-09-28T17:38:09Z,56269,248.0,1000,1000,0,3145741326,0,200,0.5
2026-09-28T17:38:40Z,56299,248.1,1000,1000,0,3147456831,0,200,1.5
2026-09-28T17:39:09Z,56329,244.6,1000,1000,0,3149138342,0,200,0.5
2026-09-28T17:39:39Z,56359,238.7,1000,1000,0,3150791906,0,200,1.3
2026-09-28T17:40:09Z,56389,240.0,1000,1000,0,3152516168,0,200,0.6
2026-09-28T17:40:39Z,56419,249.9,1000,1000,0,3154094116,0,200,1.3
2026-09-28T17:41:10Z,56449,249.6,1000,1000,0,3155809626,0,200,0.6
2026-09-28T17:41:39Z,56479,247.7,1000,1000,0,3157482154,0,200,1.4
2026-09-28T17:42:09Z,56509,249.3,1000,1000,0,3159114766,0,200,0.5
2026-09-28T17:42:39Z,56539,239.2,1000,1000,0,3160830090,0,200,1.2
2026-09-28T17:43:09Z,56569,245.0,1000,1000,0,3162405996,0,200,0.5
2026-09-28T17:43:40Z,56599,248.0,1000,1000,0,3164144454,0,200,1.4
2026-09-28T17:44:09Z,56629,245.1,1000,1000,0,3165788042,0,200,0.5
2026-09-28T17:44:39Z,56659,247.7,1000,1000,0,3167428634,0,200,1.4
2026-09-28T17:45:09Z,56689,248.4,1000,1000,0,3169139151,0,200,0.5
2026-09-28T17:45:39Z,56719,248.0,1000,1000,0,3170779742,0,200,1.7
2026-09-28T17:46:10Z,56749,247.5,1000,1000,0,3172469302,0,200,0.5
2026-09-28T17:46:39Z,56779,244.8,1000,1000,0,3174099463,0,200,1.5
2026-09-28T17:47:09Z,56809,244.6,1000,1000,0,3175781417,0,200,0.5
2026-09-28T17:47:39Z,56839,239.0,1000,1000,0,3177465998,0,200,2.1
2026-09-28T17:48:09Z,56869,247.8,1000,1000,0,3179152781,0,200,0.5
2026-09-28T17:48:40Z,56899,238.7,1000,1000,0,3180877991,0,200,0.7
2026-09-28T17:49:09Z,56929,244.4,1000,1000,0,3182521574,0,200,1.4
2026-09-28T17:49:39Z,56959,248.2,1000,1000,0,3184148200,0,200,0.6
2026-09-28T17:50:09Z,56989,238.9,1000,1000,0,3185828778,0,200,1.4
2026-09-28T17:50:39Z,57019,250.3,1000,1000,0,3187530252,0,200,0.5
2026-09-28T17:51:10Z,57049,248.9,1000,1000,0,3189231791,0,200,1.5
2026-09-28T17:51:39Z,57079,247.8,1000,1000,0,3190926271,0,200,0.5
2026-09-28T17:52:09Z,57109,248.0,1000,1000,0,3192585823,0,200,1.4
2026-09-28T17:52:39Z,57139,249.7,1000,1000,0,3194257412,0,200,0.6
2026-09-28T17:53:09Z,57169,247.7,1000,1000,0,3195899009,0,200,1.7
2026-09-28T17:53:40Z,57199,248.2,1000,1000,0,3197588571,0,200,0.7
2026-09-28T17:54:09Z,57229,248.3,1000,1000,0,3199239146,0,200,1.3
2026-09-28T17:54:39Z,57259,238.9,1000,1000,0,3200919657,0,200,0.5
2026-09-28T17:55:09Z,57289,248.2,1000,1000,0,3202619549,0,200,1.5
2026-09-28T17:55:39Z,57319,238.7,1000,1000,0,3204266708,0,200,0.5
2026-09-28T17:56:10Z,57349,248.2,1000,1000,0,3205962331,0,200,1.6
2026-09-28T17:56:39Z,57379,248.5,1000,1000,0,3207631868,0,200,0.6
2026-09-28T17:57:09Z,57409,249.4,1000,1000,0,3209264473,0,200,1.5
2026-09-28T17:57:39Z,57439,249.5,1000,1000,0,3211029879,0,200,0.5
2026-09-28T17:58:09Z,57469,248.2,1000,1000,0,3212653503,0,200,1.5
2026-09-28T17:58:40Z,57499,249.6,1000,1000,0,3214343066,0,200,0.5
2026-09-28T17:59:09Z,57529,248.1,1000,1000,0,3215940745,0,200,1.5
2026-09-28T17:59:39Z,57559,244.9,1000,1000,0,3217608279,0,200,0.9
2026-09-28T18:00:09Z,57589,240.7,1000,1000,0,3219303821,0,200,1.7
2026-09-28T18:00:39Z,57619,240.2,1000,1000,0,3220988327,0,200,0.5
2026-09-28T18:01:10Z,57649,247.8,1000,1000,0,3222669907,0,200,1.4
2026-09-28T18:01:39Z,57679,247.8,1000,1000,0,3224365394,0,200,0.5
2026-09-28T18:02:09Z,57709,249.5,1000,1000,0,3225998997,0,200,2.0
2026-09-28T18:02:39Z,57739,247.5,1000,1000,0,3227731452,0,200,0.6
2026-09-28T18:03:09Z,57769,247.7,1000,1000,0,3229391030,0,200,1.5
2026-09-28T18:03:40Z,57799,248.3,1000,1000,0,3231070607,0,200,0.5
2026-09-28T18:04:09Z,57829,248.1,1000,1000,0,3232704209,0,200,1.6
2026-09-28T18:04:39Z,57859,248.1,1000,1000,0,3234355882,0,200,0.7
2026-09-28T18:05:09Z,57889,247.6,1000,1000,0,3236049611,0,200,2.5
2026-09-28T18:05:39Z,57919,247.6,1000,1000,0,3237679832,0,200,0.5
2026-09-28T18:06:10Z,57949,248.5,1000,1000,0,3239412425,0,200,1.4
2026-09-28T18:06:39Z,57979,247.8,1000,1000,0,3241050991,0,200,0.6
2026-09-28T18:07:09Z,58009,248.1,1000,1000,0,3242688619,0,200,1.3
2026-09-28T18:07:39Z,58039,238.5,1000,1000,0,3244389158,0,200,0.4
2026-09-28T18:08:09Z,58069,248.7,1000,1000,0,3245990829,0,200,3.2
2026-09-28T18:08:40Z,58099,248.4,1000,1000,0,3247688367,0,200,1.1
2026-09-28T18:09:09Z,58129,247.7,1000,1000,0,3249400811,0,200,2.3
2026-09-28T18:09:39Z,58159,247.6,1000,1000,0,3251060369,0,200,0.6
2026-09-28T18:10:09Z,58189,248.6,1000,1000,0,3252732964,0,200,0.5
2026-09-28T18:10:39Z,58219,248.8,1000,1000,0,3254371553,0,200,1.3
2026-09-28T18:11:09Z,58249,249.2,1000,1000,0,3256040103,0,200,0.4
2026-09-28T18:11:39Z,58279,247.6,1000,1000,0,3257741636,0,200,1.3
2026-09-28T18:12:09Z,58309,248.7,1000,1000,0,3259343301,0,200,1.6
2026-09-28T18:12:40Z,58339,248.1,1000,1000,0,3261046826,0,200,1.3
2026-09-28T18:13:09Z,58369,240.8,1000,1000,0,3262754288,0,200,0.6
2026-09-28T18:13:39Z,58399,247.7,1000,1000,0,3264370927,0,200,1.6
2026-09-28T18:14:09Z,58429,245.2,1000,1000,0,3266079562,0,200,0.6
2026-09-28T18:14:39Z,58459,248.1,1000,1000,0,3267713062,0,200,1.9
2026-09-28T18:15:10Z,58489,247.6,1000,1000,0,3269390041,0,200,0.5
2026-09-28T18:15:39Z,58519,249.4,1000,1000,0,3271055191,0,200,1.3
2026-09-28T18:16:09Z,58549,248.1,1000,1000,0,3272711751,0,200,0.5
2026-09-28T18:16:39Z,58579,244.8,1000,1000,0,3274406298,0,200,1.4
2026-09-28T18:17:09Z,58609,249.1,1000,1000,0,3276080823,0,200,0.7
2026-09-28T18:17:40Z,58639,244.9,1000,1000,0,3277776368,0,200,1.5
2026-09-28T18:18:09Z,58669,248.3,1000,1000,0,3279404979,0,200,0.6
2026-09-28T18:18:39Z,58699,248.3,1000,1000,0,3281073586,0,200,1.5
2026-09-28T18:19:09Z,58729,248.7,1000,1000,0,3282766067,0,200,0.8
2026-09-28T18:19:39Z,58759,238.5,1000,1000,0,3284393689,0,200,1.4
2026-09-28T18:20:10Z,58789,248.2,1000,1000,0,3286093230,0,200,0.5
2026-09-28T18:20:39Z,58819,248.2,1000,1000,0,3287719849,0,200,1.4
2026-09-28T18:21:09Z,58849,247.7,1000,1000,0,3289375416,0,200,0.5
2026-09-28T18:21:39Z,58879,247.9,1000,1000,0,3291066969,0,200,1.5
2026-09-28T18:22:09Z,58909,244.4,1000,1000,0,3292768440,0,200,0.6
2026-09-28T18:22:40Z,58939,245.0,1000,1000,0,3294444025,0,200,1.3
2026-09-28T18:23:09Z,58969,248.0,1000,1000,0,3296111559,0,200,0.5
2026-09-28T18:23:39Z,58999,247.6,1000,1000,0,3297766128,0,200,1.6
2026-09-28T18:24:09Z,59029,248.2,1000,1000,0,3299457679,0,200,0.7
2026-09-28T18:24:39Z,59059,247.9,1000,1000,0,3301099272,0,200,1.2
2026-09-28T18:25:09Z,59089,248.2,1000,1000,0,3302783837,0,200,0.5
2026-09-28T18:25:39Z,59119,248.7,1000,1000,0,3304388504,0,200,2.0
2026-09-28T18:26:09Z,59149,244.4,1000,1000,0,3306039079,0,200,1.2
2026-09-28T18:26:39Z,59179,248.6,1000,1000,0,3307749598,0,200,1.3
2026-09-28T18:27:09Z,59209,247.8,1000,1000,0,3309398954,0,200,1.3
2026-09-28T18:27:40Z,59239,247.8,1000,1000,0,3311126657,0,200,2.6
2026-09-28T18:28:09Z,59269,248.0,1000,1000,0,3312759267,0,200,0.6
2026-09-28T18:28:39Z,59299,249.3,1000,1000,0,3314419825,0,200,1.4
2026-09-28T18:29:09Z,59329,244.6,1000,1000,0,3316147310,0,200,0.5
2026-09-28T18:29:39Z,59359,249.0,1000,1000,0,3317828852,0,200,1.4
2026-09-28T18:30:10Z,59389,247.9,1000,1000,0,3319600217,0,200,0.7
2026-09-28T18:30:39Z,59419,244.8,1000,1000,0,3321279803,0,200,1.3
2026-09-28T18:31:09Z,59449,248.9,1000,1000,0,3322942287,0,200,0.5
2026-09-28T18:31:39Z,59479,238.6,1000,1000,0,3324662788,0,200,0.5
2026-09-28T18:32:09Z,59509,248.4,1000,1000,0,3326296391,0,200,1.2
2026-09-28T18:32:40Z,59539,247.6,1000,1000,0,3328050822,0,200,2.0
2026-09-28T18:33:09Z,59569,247.9,1000,1000,0,3329695406,0,200,1.3
2026-09-28T18:33:39Z,59599,248.2,1000,1000,0,3331327034,0,200,2.1
2026-09-28T18:34:09Z,59629,248.4,1000,1000,0,3333012585,0,200,1.5
2026-09-28T18:34:39Z,59659,249.5,1000,1000,0,3334668145,0,200,0.5
2026-09-28T18:35:10Z,59689,248.2,1000,1000,0,3336364314,0,200,1.5
2026-09-28T18:35:39Z,59719,247.4,1000,1000,0,3338060180,0,200,0.5
2026-09-28T18:36:09Z,59749,247.8,1000,1000,0,3339704769,0,200,1.3
2026-09-28T18:36:39Z,59779,248.3,1000,1000,0,3341408801,0,200,2.0
2026-09-28T18:37:09Z,59809,247.8,1000,1000,0,3343051887,0,200,1.7
2026-09-28T18:37:39Z,59839,248.1,1000,1000,0,3344722425,0,200,0.6
2026-09-28T18:38:09Z,59869,248.2,1000,1000,0,3346440928,0,200,1.4
2026-09-28T18:38:39Z,59899,240.2,1000,1000,0,3348083515,0,200,0.6
2026-09-28T18:39:09Z,59929,248.6,1000,1000,0,3349799022,0,200,2.1
2026-09-28T18:39:39Z,59959,247.8,1000,1000,0,3351436622,0,200,0.5
2026-09-28T18:40:10Z,59989,248.0,1000,1000,0,3353200029,0,200,2.8
2026-09-28T18:40:39Z,60019,245.1,1000,1000,0,3354876553,0,200,0.6
2026-09-28T18:41:09Z,60049,247.7,1000,1000,0,3356601979,0,200,1.5
2026-09-28T18:41:39Z,60079,247.6,1000,1000,0,3358332362,0,200,0.6
2026-09-28T18:42:09Z,60109,248.2,1000,1000,0,3359967061,0,200,1.5
2026-09-28T18:42:40Z,60139,247.7,1000,1000,0,3361655618,0,200,1.2
2026-09-28T18:43:09Z,60169,249.1,1000,1000,0,3363281241,0,200,1.4
2026-09-28T18:43:39Z,60199,244.9,1000,1000,0,3364927824,0,200,0.9
2026-09-28T18:44:09Z,60229,247.8,1000,1000,0,3366683247,0,200,1.3
2026-09-28T18:44:39Z,60259,248.2,1000,1000,0,3368351781,0,200,0.5
2026-09-28T18:45:10Z,60289,238.5,1000,1000,0,3370149306,0,200,1.9
2026-09-28T18:45:39Z,60319,247.8,1000,1000,0,3371782731,0,200,0.5
2026-09-28T18:46:09Z,60349,248.3,1000,1000,0,3373420331,0,200,1.5
2026-09-28T18:46:39Z,60379,247.9,1000,1000,0,3375135841,0,200,0.4
2026-09-28T18:47:09Z,60409,248.1,1000,1000,0,3376764460,0,200,1.7
2026-09-28T18:47:40Z,60439,247.6,1000,1000,0,3378463996,0,200,0.5
2026-09-28T18:48:09Z,60469,239.1,1000,1000,0,3380102588,0,200,1.2
2026-09-28T18:48:39Z,60499,238.8,1000,1000,0,3381742185,0,200,0.6
2026-09-28T18:49:09Z,60529,248.8,1000,1000,0,3383457695,0,200,1.6
2026-09-28T18:49:39Z,60559,238.8,1000,1000,0,3385088414,0,200,1.3
2026-09-28T18:50:09Z,60589,238.5,1000,1000,0,3386746870,0,200,1.3
2026-09-28T18:50:39Z,60619,238.9,1000,1000,0,3388481344,0,200,0.7
2026-09-28T18:51:09Z,60649,238.4,1000,1000,0,3390123387,0,200,1.3
2026-09-28T18:51:40Z,60679,249.3,1000,1000,0,3391806514,0,200,0.6
2026-09-28T18:52:09Z,60709,248.6,1000,1000,0,3393519957,0,200,0.6
2026-09-28T18:52:39Z,60739,247.9,1000,1000,0,3395203460,0,200,1.0
2026-09-28T18:53:09Z,60769,238.8,1000,1000,0,3396929945,0,200,0.5
2026-09-28T18:53:39Z,60799,247.9,1000,1000,0,3398567542,0,200,1.3
2026-09-28T18:54:10Z,60829,248.0,1000,1000,0,3400279052,0,200,0.7
2026-09-28T18:54:39Z,60859,248.0,1000,1000,0,3401963561,0,200,1.7
2026-09-28T18:55:09Z,60889,248.9,1000,1000,0,3403617245,0,200,0.5
2026-09-28T18:55:39Z,60919,247.7,1000,1000,0,3405325654,0,200,1.3
2026-09-28T18:56:09Z,60949,244.9,1000,1000,0,3406964226,0,200,0.4
2026-09-28T18:56:40Z,60980,248.6,1000,1000,0,3408656905,0,200,1.4
2026-09-28T18:57:10Z,61010,247.9,1000,1000,0,3410327405,0,200,0.8
2026-09-28T18:57:40Z,61040,238.9,1000,1000,0,3411963005,0,200,1.3
2026-09-28T18:58:11Z,61070,247.6,1000,1000,0,3413654563,0,200,0.5
2026-09-28T18:58:40Z,61100,248.5,1000,1000,0,3415286741,0,200,1.5
2026-09-28T18:59:10Z,61130,249.3,1000,1000,0,3416936754,0,200,0.5
2026-09-28T18:59:40Z,61160,248.2,1000,1000,0,3418657249,0,200,1.4
2026-09-28T19:00:10Z,61190,238.6,1000,1000,0,3420314803,0,200,1.7
2026-09-28T19:00:41Z,61220,249.3,1000,1000,0,3422063241,0,200,1.5
2026-09-28T19:01:10Z,61250,245.1,1000,1000,0,3423762719,0,200,0.5
2026-09-28T19:01:40Z,61280,239.1,1000,1000,0,3425416257,0,200,3.3
2026-09-28T19:02:10Z,61310,248.0,1000,1000,0,3427105838,0,200,0.5
2026-09-28T19:02:40Z,61340,247.7,1000,1000,0,3428788344,0,200,1.4
2026-09-28T19:03:11Z,61370,249.1,1000,1000,0,3430477899,0,200,0.5
2026-09-28T19:03:40Z,61400,249.0,1000,1000,0,3432075582,0,200,1.4
2026-09-28T19:04:10Z,61430,248.5,1000,1000,0,3433679244,0,200,0.6
2026-09-28T19:04:40Z,61460,247.6,1000,1000,0,3435380783,0,200,1.5
2026-09-28T19:05:10Z,61490,247.9,1000,1000,0,3437003408,0,200,0.5
2026-09-28T19:05:41Z,61520,248.1,1000,1000,0,3438659967,0,200,1.3
2026-09-28T19:06:10Z,61550,245.0,1000,1000,0,3440313606,0,200,0.5
2026-09-28T19:06:40Z,61580,239.0,1000,1000,0,3441962636,0,200,1.6
2026-09-28T19:07:10Z,61610,248.1,1000,1000,0,3443663842,0,200,0.5
2026-09-28T19:07:40Z,61640,239.0,1000,1000,0,3445317297,0,200,3.2
2026-09-28T19:08:10Z,61670,248.0,1000,1000,0,3446982837,0,200,0.6
2026-09-28T19:08:40Z,61700,245.2,1000,1000,0,3448705222,0,200,1.8
2026-09-28T19:09:10Z,61730,244.5,1000,1000,0,3450363893,0,200,0.7
2026-09-28T19:09:41Z,61760,248.1,1000,1000,0,3452061420,0,200,1.6
2026-09-28T19:10:10Z,61790,244.9,1000,1000,0,3453693047,0,200,0.5
2026-09-28T19:10:40Z,61820,244.8,1000,1000,0,3455362579,0,200,1.2
2026-09-28T19:11:10Z,61850,248.7,1000,1000,0,3457051143,0,200,0.5
2026-09-28T19:11:40Z,61880,248.1,1000,1000,0,3458713689,0,200,1.4
2026-09-28T19:12:11Z,61911,248.4,1000,1000,0,3460476104,0,200,0.5
2026-09-28T19:12:41Z,61941,248.2,1000,1000,0,3462206583,0,200,1.2
2026-09-28T19:13:11Z,61971,247.9,1000,1000,0,3463868133,0,200,0.4
2026-09-28T19:13:42Z,62001,247.4,1000,1000,0,3465591629,0,200,1.6
2026-09-28T19:14:11Z,62031,248.8,1000,1000,0,3467284120,0,200,0.5
2026-09-28T19:14:41Z,62061,248.9,1000,1000,0,3468995573,0,200,0.7
2026-09-28T19:15:11Z,62091,239.0,1000,1000,0,3470727041,0,200,1.2
2026-09-28T19:15:41Z,62121,248.7,1000,1000,0,3472355655,0,200,0.6
2026-09-28T19:16:12Z,62151,238.8,1000,1000,0,3474061193,0,200,1.5
2026-09-28T19:16:41Z,62181,238.8,1000,1000,0,3475702785,0,200,0.5
2026-09-28T19:17:11Z,62211,247.8,1000,1000,0,3477330396,0,200,1.4
2026-09-28T19:17:41Z,62241,245.1,1000,1000,0,3478992007,0,200,0.4
2026-09-28T19:18:11Z,62271,248.1,1000,1000,0,3480635575,0,200,1.5
2026-09-28T19:18:42Z,62301,249.3,1000,1000,0,3482326149,0,200,0.5
2026-09-28T19:19:11Z,62331,244.5,1000,1000,0,3484019330,0,200,1.4
2026-09-28T19:19:41Z,62361,248.1,1000,1000,0,3485700090,0,200,0.5
2026-09-28T19:20:11Z,62391,248.1,1000,1000,0,3487339809,0,200,1.3
2026-09-28T19:20:41Z,62421,248.5,1000,1000,0,3489058243,0,200,0.6
2026-09-28T19:21:11Z,62451,248.4,1000,1000,0,3490738759,0,200,1.2
2026-09-28T19:21:41Z,62481,248.0,1000,1000,0,3492423324,0,200,0.6
2026-09-28T19:22:11Z,62511,248.3,1000,1000,0,3494099837,0,200,1.4
2026-09-28T19:22:41Z,62541,249.6,1000,1000,0,3495792396,0,200,0.5
2026-09-28T19:23:11Z,62571,244.6,1000,1000,0,3497457914,0,200,1.3
2026-09-28T19:23:42Z,62601,247.9,1000,1000,0,3499169508,0,200,0.7
2026-09-28T19:24:11Z,62631,248.0,1000,1000,0,3500849968,0,200,1.2
2026-09-28T19:24:41Z,62661,249.1,1000,1000,0,3502520503,0,200,0.5
2026-09-28T19:25:11Z,62691,239.1,1000,1000,0,3504189100,0,200,1.5
2026-09-28T19:25:41Z,62721,247.5,1000,1000,0,3505916516,0,200,1.1
2026-09-28T19:26:11Z,62751,249.3,1000,1000,0,3507662898,0,200,3.0
2026-09-28T19:26:41Z,62781,248.1,1000,1000,0,3509347464,0,200,0.5
2026-09-28T19:27:11Z,62811,247.5,1000,1000,0,3510996021,0,200,1.5
2026-09-28T19:27:41Z,62841,240.7,1000,1000,0,3512722526,0,200,0.6
2026-09-28T19:28:11Z,62871,248.5,1000,1000,0,3514393056,0,200,1.3
2026-09-28T19:28:41Z,62901,249.2,1000,1000,0,3516042632,0,200,0.7
2026-09-28T19:29:11Z,62931,248.0,1000,1000,0,3517754147,0,200,1.4
2026-09-28T19:29:41Z,62961,238.7,1000,1000,0,3519414698,0,200,0.5
2026-09-28T19:30:12Z,62991,247.6,1000,1000,0,3521120225,0,200,1.5
2026-09-28T19:30:41Z,63021,247.5,1000,1000,0,3522797746,0,200,0.5
2026-09-28T19:31:11Z,63051,248.5,1000,1000,0,3524414390,0,200,1.2
2026-09-28T19:31:41Z,63081,238.1,1000,1000,0,3526160827,0,200,0.8
2026-09-28T19:32:11Z,63111,249.6,1000,1000,0,3527858316,0,200,1.5
2026-09-28T19:32:42Z,63141,248.1,1000,1000,0,3529554861,0,200,0.5
2026-09-28T19:33:11Z,63171,247.5,1000,1000,0,3531246405,0,200,1.2
2026-09-28T19:33:41Z,63201,247.5,1000,1000,0,3532912895,0,200,0.6
2026-09-28T19:34:11Z,63231,248.7,1000,1000,0,3534666319,0,200,1.4
2026-09-28T19:34:41Z,63261,239.2,1000,1000,0,3536366795,0,200,0.5
2026-09-28T19:35:12Z,63291,248.3,1000,1000,0,3538066320,0,200,1.6
2026-09-28T19:35:41Z,63321,249.7,1000,1000,0,3539709921,0,200,0.5
2026-09-28T19:36:11Z,63351,248.2,1000,1000,0,3541367481,0,200,0.4
2026-09-28T19:36:41Z,63381,248.8,1000,1000,0,3543027097,0,200,1.3
2026-09-28T19:37:11Z,63411,247.4,1000,1000,0,3544724578,0,200,0.7
2026-09-28T19:37:42Z,63441,248.4,1000,1000,0,3546458054,0,200,1.4
2026-09-28T19:38:11Z,63471,247.5,1000,1000,0,3548114612,0,200,0.7
2026-09-28T19:38:41Z,63501,247.9,1000,1000,0,3549730259,0,200,1.7
2026-09-28T19:39:11Z,63531,249.2,1000,1000,0,3551401861,0,200,0.6
2026-09-28T19:39:41Z,63561,248.2,1000,1000,0,3553062406,0,200,4.5
2026-09-28T19:40:11Z,63591,247.9,1000,1000,0,3554739924,0,200,0.5
2026-09-28T19:40:41Z,63621,244.9,1000,1000,0,3556471397,0,200,1.5
2026-09-28T19:41:11Z,63651,244.9,1000,1000,0,3558084047,0,200,0.5
2026-09-28T19:41:42Z,63681,247.8,1000,1000,0,3559815519,0,200,2.3
2026-09-28T19:42:11Z,63711,248.0,1000,1000,0,3561439147,0,200,0.5
2026-09-28T19:42:41Z,63741,238.5,1000,1000,0,3563133871,0,200,1.2
2026-09-28T19:43:11Z,63771,238.3,1000,1000,0,3564823192,0,200,1.1
2026-09-28T19:43:41Z,63801,247.9,1000,1000,0,3566492731,0,200,1.3
2026-09-28T19:44:12Z,63831,245.0,1000,1000,0,3568204236,0,200,0.6
2026-09-28T19:44:41Z,63861,248.7,1000,1000,0,3569902728,0,200,1.2
2026-09-28T19:45:11Z,63891,247.5,1000,1000,0,3571599209,0,200,0.6
2026-09-28T19:45:41Z,63921,245.1,1000,1000,0,3573268803,0,200,1.5
2026-09-28T19:46:11Z,63951,248.0,1000,1000,0,3574930355,0,200,0.5
2026-09-28T19:46:42Z,63981,248.1,1000,1000,0,3576628899,0,200,1.2
2026-09-28T19:47:11Z,64011,248.2,1000,1000,0,3578324377,0,200,0.5
2026-09-28T19:47:41Z,64041,248.6,1000,1000,0,3579972959,0,200,1.3
2026-09-28T19:48:11Z,64071,248.3,1000,1000,0,3581700443,0,200,0.5
2026-09-28T19:48:41Z,64101,248.4,1000,1000,0,3583380218,0,200,1.6
2026-09-28T19:49:12Z,64131,244.9,1000,1000,0,3585050623,0,200,0.9
2026-09-28T19:49:41Z,64161,247.8,1000,1000,0,3586759024,0,200,3.8
2026-09-28T19:50:11Z,64191,244.6,1000,1000,0,3588489430,0,200,0.5
2026-09-28T19:50:41Z,64221,238.5,1000,1000,0,3590229884,0,200,1.4
2026-09-28T19:51:11Z,64251,249.1,1000,1000,0,3591931358,0,200,1.7
2026-09-28T19:51:41Z,64281,247.9,1000,1000,0,3593576914,0,200,1.3
2026-09-28T19:52:11Z,64311,238.8,1000,1000,0,3595263508,0,200,0.4
2026-09-28T19:52:41Z,64341,248.2,1000,1000,0,3596905100,0,200,1.6
2026-09-28T19:53:12Z,64371,248.4,1000,1000,0,3598592658,0,200,0.6
2026-09-28T19:53:41Z,64401,248.3,1000,1000,0,3600225264,0,200,1.4
2026-09-28T19:54:11Z,64431,247.9,1000,1000,0,3601891808,0,200,0.6
2026-09-28T19:54:41Z,64461,247.8,1000,1000,0,3603608317,0,200,1.3
2026-09-28T19:55:11Z,64491,244.9,1000,1000,0,3605199006,0,200,0.6
2026-09-28T19:55:42Z,64521,249.7,1000,1000,0,3606904530,0,200,1.5
2026-09-28T19:56:11Z,64551,240.4,1000,1000,0,3608598018,0,200,0.5
2026-09-28T19:56:41Z,64581,248.8,1000,1000,0,3610242792,0,200,1.5
2026-09-28T19:57:11Z,64611,248.0,1000,1000,0,3611909204,0,200,0.9
2026-09-28T19:57:41Z,64641,244.7,1000,1000,0,3613641622,0,200,0.8
2026-09-28T19:58:12Z,64671,240.2,1000,1000,0,3615322195,0,200,2.2
2026-09-28T19:58:41Z,64701,248.2,1000,1000,0,3616983749,0,200,0.6
2026-09-28T19:59:11Z,64731,245.5,1000,1000,0,3618670252,0,200,1.4
2026-09-28T19:59:41Z,64761,248.7,1000,1000,0,3620351824,0,200,0.6
2026-09-28T20:00:11Z,64791,239.2,1000,1000,0,3622002348,0,200,2.3
2026-09-28T20:00:42Z,64821,248.9,1000,1000,0,3623693957,0,200,1.7
2026-09-28T20:01:11Z,64851,248.2,1000,1000,0,3625337545,0,200,1.6
2026-09-28T20:01:41Z,64881,248.1,1000,1000,0,3627031017,0,200,0.4
2026-09-28T20:02:12Z,64911,249.4,1000,1000,0,3628759513,0,200,1.4
2026-09-28T20:02:41Z,64941,245.6,1000,1000,0,3630393117,0,200,4.2
2026-09-28T20:03:11Z,64971,249.6,1000,1000,0,3632055646,0,200,1.4
2026-09-28T20:03:41Z,65001,248.6,1000,1000,0,3633757199,0,200,0.7
2026-09-28T20:04:11Z,65031,251.0,1000,1000,0,3635398790,0,200,3.6
2026-09-28T20:04:42Z,65061,238.9,1000,1000,0,3637115466,0,200,0.9
2026-09-28T20:05:11Z,65091,248.0,1000,1000,0,3638754576,0,200,1.9
2026-09-28T20:05:41Z,65121,248.2,1000,1000,0,3640415452,0,200,2.8
2026-09-28T20:06:11Z,65151,249.1,1000,1000,0,3642141940,0,200,1.3
2026-09-28T20:06:41Z,65181,248.1,1000,1000,0,3643773552,0,200,0.5
2026-09-28T20:07:12Z,65211,247.9,1000,1000,0,3645477080,0,200,2.0
2026-09-28T20:07:41Z,65241,239.1,1000,1000,0,3647102705,0,200,0.5
2026-09-28T20:08:11Z,65271,248.4,1000,1000,0,3648779222,0,200,1.3
2026-09-28T20:08:41Z,65301,248.2,1000,1000,0,3650522658,0,200,0.5
2026-09-28T20:09:11Z,65331,249.7,1000,1000,0,3652192213,0,200,1.5
2026-09-28T20:09:42Z,65361,238.9,1000,1000,0,3653881770,0,200,0.6
2026-09-28T20:10:11Z,65391,248.4,1000,1000,0,3655518371,0,200,1.5
2026-09-28T20:10:42Z,65421,238.9,1000,1000,0,3657231880,0,200,0.7
2026-09-28T20:11:11Z,65451,249.7,1000,1000,0,3658872474,0,200,1.4
2026-09-28T20:11:41Z,65481,248.0,1000,1000,0,3660539017,0,200,0.6
2026-09-28T20:12:11Z,65511,248.2,1000,1000,0,3662215598,0,200,1.6
2026-09-28T20:12:41Z,65541,248.7,1000,1000,0,3663859182,0,200,0.5
2026-09-28T20:13:11Z,65571,249.0,1000,1000,0,3665481814,0,200,1.4
2026-09-28T20:13:41Z,65601,238.9,1000,1000,0,3667209301,0,200,0.4
2026-09-28T20:14:11Z,65631,247.9,1000,1000,0,3668847894,0,200,1.3
2026-09-28T20:14:42Z,65661,248.0,1000,1000,0,3670541441,0,200,0.5
2026-09-28T20:15:11Z,65691,248.2,1000,1000,0,3672190985,0,200,1.2
2026-09-28T20:15:41Z,65721,247.4,1000,1000,0,3673844660,0,200,0.7
2026-09-28T20:16:11Z,65751,248.9,1000,1000,0,3675562095,0,200,1.4
2026-09-28T20:16:41Z,65781,247.7,1000,1000,0,3677211682,0,200,0.6
2026-09-28T20:17:11Z,65811,248.4,1000,1000,0,3678821332,0,200,1.5
2026-09-28T20:17:41Z,65841,248.7,1000,1000,0,3680493923,0,200,0.6
2026-09-28T20:18:11Z,65871,248.2,1000,1000,0,3682187407,0,200,1.3
2026-09-28T20:18:41Z,65901,247.5,1000,1000,0,3683924871,0,200,0.5
2026-09-28T20:19:11Z,65931,248.3,1000,1000,0,3685562467,0,200,0.5
2026-09-28T20:19:42Z,65961,248.4,1000,1000,0,3687242040,0,200,1.3
2026-09-28T20:20:11Z,65991,248.4,1000,1000,0,3688885631,0,200,0.5
2026-09-28T20:20:41Z,66021,247.8,1000,1000,0,3690521230,0,200,1.2
2026-09-28T20:21:11Z,66051,247.9,1000,1000,0,3692277659,0,200,0.5
2026-09-28T20:21:41Z,66081,247.6,1000,1000,0,3693930491,0,200,1.6
2026-09-28T20:22:12Z,66111,248.5,1000,1000,0,3695627771,0,200,0.9
2026-09-28T20:22:41Z,66141,248.0,1000,1000,0,3697297474,0,200,1.4
2026-09-28T20:23:11Z,66171,238.3,1000,1000,0,3698945885,0,200,0.5
2026-09-28T20:23:41Z,66201,248.8,1000,1000,0,3700756196,0,200,1.3
2026-09-28T20:24:11Z,66231,249.8,1000,1000,0,3702423736,0,200,0.5
2026-09-28T20:24:42Z,66261,248.0,1000,1000,0,3704157211,0,200,2.2
2026-09-28T20:25:11Z,66291,248.5,1000,1000,0,3705793812,0,200,0.6
2026-09-28T20:25:41Z,66321,247.4,1000,1000,0,3707419430,0,200,1.6
2026-09-28T20:26:11Z,66351,247.6,1000,1000,0,3709225758,0,200,0.4
2026-09-28T20:26:41Z,66381,248.4,1000,1000,0,3710970145,0,200,1.6
2026-09-28T20:27:12Z,66411,249.1,1000,1000,0,3712712572,0,200,0.5
2026-09-28T20:27:41Z,66441,240.2,1000,1000,0,3714352096,0,200,1.2
2026-09-28T20:28:11Z,66471,250.4,1000,1000,0,3715999619,0,200,0.4
2026-09-28T20:28:41Z,66501,249.0,1000,1000,0,3717660158,0,200,1.3
2026-09-28T20:29:11Z,66531,240.1,1000,1000,0,3719253759,0,200,0.5
2026-09-28T20:29:42Z,66561,248.4,1000,1000,0,3720927289,0,200,1.4
2026-09-28T20:30:11Z,66591,249.5,1000,1000,0,3722545848,0,200,0.6
2026-09-28T20:30:41Z,66621,246.5,1000,1000,0,3724173414,0,200,2.4
2026-09-28T20:31:11Z,66651,249.4,1000,1000,0,3725853926,0,200,0.5
2026-09-28T20:31:41Z,66681,248.8,1000,1000,0,3727460510,0,200,1.5
2026-09-28T20:32:12Z,66711,246.0,1000,1000,0,3729189977,0,200,0.9
2026-09-28T20:32:41Z,66741,250.7,1000,1000,0,3730848509,0,200,1.5
2026-09-28T20:33:11Z,66771,249.7,1000,1000,0,3732458124,0,200,0.6
2026-09-28T20:33:41Z,66801,248.1,1000,1000,0,3734137660,0,200,1.2
2026-09-28T20:34:11Z,66831,249.1,1000,1000,0,3735765234,0,200,0.4
2026-09-28T20:34:42Z,66861,249.6,1000,1000,0,3737465691,0,200,1.4
2026-09-28T20:35:11Z,66891,249.1,1000,1000,0,3739068312,0,200,0.6
2026-09-28T20:35:42Z,66921,245.9,1000,1000,0,3740738839,0,200,1.5
2026-09-28T20:36:11Z,66951,249.1,1000,1000,0,3742358398,0,200,0.5
2026-09-28T20:36:41Z,66981,238.7,1000,1000,0,3743993915,0,200,1.3
2026-09-28T20:37:12Z,67011,248.5,1000,1000,0,3745702392,0,200,0.6
2026-09-28T20:37:41Z,67041,249.5,1000,1000,0,3747408879,0,200,1.5
2026-09-28T20:38:11Z,67071,249.0,1000,1000,0,3749073318,0,200,0.8
2026-09-28T20:38:41Z,67101,249.2,1000,1000,0,3750816714,0,200,1.7
2026-09-28T20:39:11Z,67131,248.5,1000,1000,0,3752504175,0,200,0.4
2026-09-28T20:39:42Z,67161,247.9,1000,1000,0,3754213662,0,200,1.5
2026-09-28T20:40:11Z,67191,249.8,1000,1000,0,3755861181,0,200,0.4
2026-09-28T20:40:41Z,67221,249.9,1000,1000,0,3757546642,0,200,0.5
2026-09-28T20:41:11Z,67251,249.2,1000,1000,0,3759196201,0,200,1.5
2026-09-28T20:41:41Z,67281,248.8,1000,1000,0,3760819790,0,200,0.6
2026-09-28T20:42:12Z,67311,248.4,1000,1000,0,3762496298,0,200,1.4
2026-09-28T20:42:41Z,67341,248.7,1000,1000,0,3764118880,0,200,0.4
2026-09-28T20:43:11Z,67371,248.7,1000,1000,0,3765718480,0,200,1.3
2026-09-28T20:43:41Z,67401,248.8,1000,1000,0,3767398993,0,200,0.7
2026-09-28T20:44:11Z,67431,247.7,1000,1000,0,3769107425,0,200,1.3
2026-09-28T20:44:42Z,67461,245.3,1000,1000,0,3770914750,0,200,0.7
2026-09-28T20:45:11Z,67491,249.0,1000,1000,0,3772587244,0,200,1.6
2026-09-28T20:45:41Z,67521,248.7,1000,1000,0,3774240800,0,200,0.4
2026-09-28T20:46:12Z,67551,239.3,1000,1000,0,3775932285,0,200,1.6
2026-09-28T20:46:41Z,67581,249.7,1000,1000,0,3777531872,0,200,0.4
2026-09-28T20:47:11Z,67611,248.3,1000,1000,0,3779125471,0,200,1.2
2026-09-28T20:47:41Z,67641,248.1,1000,1000,0,3780842930,0,200,0.7
2026-09-28T20:48:11Z,67671,239.3,1000,1000,0,3782528425,0,200,1.4
2026-09-28T20:48:42Z,67701,248.8,1000,1000,0,3784318780,0,200,0.7
2026-09-28T20:49:11Z,67731,249.1,1000,1000,0,3785974281,0,200,1.3
2026-09-28T20:49:42Z,67761,248.9,1000,1000,0,3787672749,0,200,0.7
2026-09-28T20:50:11Z,67791,248.2,1000,1000,0,3789280342,0,200,1.4
2026-09-28T20:50:41Z,67821,241.2,1000,1000,0,3790854988,0,200,0.6
2026-09-28T20:51:12Z,67851,249.3,1000,1000,0,3792502555,0,200,1.5
2026-09-28T20:51:41Z,67881,239.7,1000,1000,0,3794104141,0,200,0.5
2026-09-28T20:52:12Z,67911,249.1,1000,1000,0,3795793658,0,200,1.5
2026-09-28T20:52:41Z,67941,249.4,1000,1000,0,3797402241,0,200,3.5
2026-09-28T20:53:11Z,67971,239.2,1000,1000,0,3799094692,0,200,1.4
2026-09-28T20:53:41Z,68001,248.0,1000,1000,0,3800784187,0,200,0.5
2026-09-28T20:54:11Z,68031,248.6,1000,1000,0,3802405088,0,200,2.4
2026-09-28T20:54:41Z,68061,248.4,1000,1000,0,3804048288,0,200,0.6
2026-09-28T20:55:11Z,68091,249.2,1000,1000,0,3805733840,0,200,1.4
2026-09-28T20:55:41Z,68121,248.5,1000,1000,0,3807353422,0,200,0.6
2026-09-28T20:56:12Z,68151,249.2,1000,1000,0,3809038898,0,200,1.4
2026-09-28T20:56:41Z,68181,248.8,1000,1000,0,3810669438,0,200,0.5
2026-09-28T20:57:11Z,68211,246.7,1000,1000,0,3812281007,0,200,1.3
2026-09-28T20:57:41Z,68241,240.1,1000,1000,0,3813969530,0,200,0.5
2026-09-28T20:58:11Z,68271,250.6,1000,1000,0,3815602075,0,200,1.5
2026-09-28T20:58:42Z,68301,248.8,1000,1000,0,3817299576,0,200,0.5
2026-09-28T20:59:11Z,68331,249.1,1000,1000,0,3818900181,0,200,1.5
2026-09-28T20:59:41Z,68361,239.5,1000,1000,0,3820498784,0,200,0.7
2026-09-28T21:00:12Z,68391,247.8,1000,1000,0,3822213152,0,200,1.2
2026-09-28T21:00:41Z,68421,246.2,1000,1000,0,3823864786,0,200,0.5
2026-09-28T21:01:11Z,68451,245.5,1000,1000,0,3825459597,0,200,1.9
2026-09-28T21:01:41Z,68481,249.1,1000,1000,0,3827118953,0,200,0.6
2026-09-28T21:02:11Z,68511,249.9,1000,1000,0,3828761483,0,200,0.6
2026-09-28T21:02:42Z,68541,248.6,1000,1000,0,3830458977,0,200,1.3
2026-09-28T21:03:11Z,68571,250.1,1000,1000,0,3832094531,0,200,0.4
2026-09-28T21:03:41Z,68601,246.4,1000,1000,0,3833716084,0,200,1.2
2026-09-28T21:04:11Z,68631,248.9,1000,1000,0,3835393608,0,200,0.5
2026-09-28T21:04:41Z,68661,249.4,1000,1000,0,3837006177,0,200,1.5
2026-09-28T21:05:12Z,68691,240.7,1000,1000,0,3838630769,0,200,0.6
2026-09-28T21:05:41Z,68721,248.2,1000,1000,0,3840268318,0,200,1.5
2026-09-28T21:06:11Z,68751,250.5,1000,1000,0,3841874918,0,200,0.5
2026-09-28T21:06:41Z,68781,239.9,1000,1000,0,3843529465,0,200,1.6
2026-09-28T21:07:11Z,68811,249.5,1000,1000,0,3845106102,0,200,0.5
2026-09-28T21:07:42Z,68841,248.1,1000,1000,0,3846767701,0,200,1.3
2026-09-28T21:08:11Z,68871,248.3,1000,1000,0,3848382196,0,200,0.5
2026-09-28T21:08:41Z,68901,248.4,1000,1000,0,3850025772,0,200,1.5
2026-09-28T21:09:11Z,68931,248.8,1000,1000,0,3851717246,0,200,0.4
2026-09-28T21:09:41Z,68961,244.8,1000,1000,0,3853326809,0,200,4.2
2026-09-28T21:10:12Z,68991,249.7,1000,1000,0,3855006293,0,200,0.6
2026-09-28T21:10:41Z,69021,249.5,1000,1000,0,3856617872,0,200,2.0
2026-09-28T21:11:11Z,69051,248.9,1000,1000,0,3858206509,0,200,0.8
2026-09-28T21:11:42Z,69081,248.5,1000,1000,0,3859849087,0,200,1.3
2026-09-28T21:12:11Z,69111,239.8,1000,1000,0,3861431709,0,200,1.2
2026-09-28T21:12:42Z,69141,239.9,1000,1000,0,3863178110,0,200,1.4
2026-09-28T21:13:11Z,69171,245.3,1000,1000,0,3864840610,0,200,0.6
2026-09-28T21:13:41Z,69201,240.9,1000,1000,0,3866497150,0,200,1.3
2026-09-28T21:14:11Z,69231,248.3,1000,1000,0,3868204620,0,200,0.6
2026-09-28T21:14:41Z,69261,239.6,1000,1000,0,3869852180,0,200,4.9
2026-09-28T21:15:11Z,69291,240.0,1000,1000,0,3871487700,0,200,0.5
2026-09-28T21:15:41Z,69321,248.9,1000,1000,0,3873181220,0,200,1.5
2026-09-28T21:16:11Z,69351,249.8,1000,1000,0,3874793810,0,200,0.5
2026-09-28T21:16:42Z,69381,249.4,1000,1000,0,3876464332,0,200,1.3
2026-09-28T21:17:11Z,69411,248.5,1000,1000,0,3878111864,0,200,0.4
2026-09-28T21:17:41Z,69441,246.1,1000,1000,0,3879762404,0,200,1.3
2026-09-28T21:18:11Z,69471,245.9,1000,1000,0,3881429898,0,200,0.5
2026-09-28T21:18:41Z,69501,247.3,1000,1000,0,3883019539,0,200,1.3
2026-09-28T21:19:12Z,69531,248.2,1000,1000,0,3884695050,0,200,0.6
2026-09-28T21:19:41Z,69561,248.3,1000,1000,0,3886428446,0,200,1.5
2026-09-28T21:20:11Z,69591,248.3,1000,1000,0,3888215745,0,200,0.5
2026-09-28T21:20:41Z,69621,248.6,1000,1000,0,3889980127,0,200,1.4
2026-09-28T21:21:11Z,69651,249.0,1000,1000,0,3891605700,0,200,0.8
2026-09-28T21:21:42Z,69681,246.9,1000,1000,0,3893252264,0,200,3.6
2026-09-28T21:22:11Z,69711,244.1,1000,1000,0,3894893804,0,200,0.5
2026-09-28T21:22:41Z,69741,248.8,1000,1000,0,3896481417,0,200,0.5
2026-09-28T21:23:11Z,69771,249.9,1000,1000,0,3898177878,0,200,1.8
2026-09-28T21:23:41Z,69801,254.0,1000,1000,0,3899817436,0,200,0.5
2026-09-28T21:24:11Z,69831,241.2,1000,1000,0,3901461992,0,200,1.3
2026-09-28T21:24:41Z,69861,248.8,1000,1000,0,3903097559,0,200,0.5
2026-09-28T21:25:12Z,69891,249.7,1000,1000,0,3904768087,0,200,1.5
2026-09-28T21:25:41Z,69921,249.0,1000,1000,0,3906392639,0,200,0.5
2026-09-28T21:26:11Z,69951,249.0,1000,1000,0,3907973271,0,200,1.2
2026-09-28T21:26:41Z,69981,249.6,1000,1000,0,3909616852,0,200,0.6
2026-09-28T21:27:11Z,70011,249.0,1000,1000,0,3911169519,0,200,1.3
2026-09-28T21:27:42Z,70041,249.1,1000,1000,0,3912863019,0,200,0.6
2026-09-28T21:28:11Z,70071,244.1,1000,1000,0,3914488600,0,200,1.2
2026-09-28T21:28:41Z,70101,245.4,1000,1000,0,3916121170,0,200,0.4
2026-09-28T21:29:11Z,70131,249.1,1000,1000,0,3917807696,0,200,1.2
2026-09-28T21:29:41Z,70161,239.5,1000,1000,0,3919527118,0,200,0.6
2026-09-28T21:30:11Z,70191,249.1,1000,1000,0,3921215640,0,200,1.5
2026-09-28T21:30:41Z,70221,248.4,1000,1000,0,3922807172,0,200,0.5
2026-09-28T21:31:11Z,70251,249.3,1000,1000,0,3924440792,0,200,1.5
2026-09-28T21:31:41Z,70281,244.2,1000,1000,0,3926156236,0,200,0.5
2026-09-28T21:32:11Z,70311,251.3,1000,1000,0,3927803758,0,200,1.3
2026-09-28T21:32:42Z,70341,249.2,1000,1000,0,3929482292,0,200,0.6
2026-09-28T21:33:11Z,70371,249.0,1000,1000,0,3931106853,0,200,1.3
2026-09-28T21:33:41Z,70401,248.7,1000,1000,0,3932713439,0,200,0.5
2026-09-28T21:34:11Z,70431,248.2,1000,1000,0,3934398976,0,200,1.2
2026-09-28T21:34:41Z,70461,239.1,1000,1000,0,3936018571,0,200,0.7
2026-09-28T21:35:12Z,70491,245.4,1000,1000,0,3937700112,0,200,1.6
2026-09-28T21:35:41Z,70521,245.9,1000,1000,0,3939328673,0,200,0.6
2026-09-28T21:36:11Z,70551,249.6,1000,1000,0,3940957234,0,200,1.4
2026-09-28T21:36:41Z,70581,249.2,1000,1000,0,3942619763,0,200,0.6
2026-09-28T21:37:11Z,70611,246.8,1000,1000,0,3944259321,0,200,1.3
2026-09-28T21:37:42Z,70641,249.4,1000,1000,0,3945921853,0,200,0.5
2026-09-28T21:38:11Z,70671,249.3,1000,1000,0,3947566451,0,200,1.3
2026-09-28T21:38:41Z,70701,248.7,1000,1000,0,3949200008,0,200,0.7
2026-09-28T21:39:11Z,70731,246.3,1000,1000,0,3950866558,0,200,1.7
2026-09-28T21:39:41Z,70761,239.8,1000,1000,0,3952488124,0,200,0.5
2026-09-28T21:40:12Z,70791,248.1,1000,1000,0,3954166632,0,200,1.3
2026-09-28T21:40:41Z,70821,249.8,1000,1000,0,3955812163,0,200,0.6
2026-09-28T21:41:11Z,70851,248.2,1000,1000,0,3957405745,0,200,1.6
2026-09-28T21:41:42Z,70881,239.9,1000,1000,0,3959058330,0,200,0.6
2026-09-28T21:42:11Z,70911,249.3,1000,1000,0,3960678891,0,200,1.4
2026-09-28T21:42:42Z,70942,249.0,1000,1000,0,3962408315,0,200,0.8
2026-09-28T21:43:12Z,70972,249.5,1000,1000,0,3964101809,0,200,2.1
2026-09-28T21:43:42Z,71002,248.6,1000,1000,0,3965735334,0,200,0.6
2026-09-28T21:44:12Z,71032,249.3,1000,1000,0,3967369915,0,200,1.4
2026-09-28T21:44:42Z,71062,247.6,1000,1000,0,3969048182,0,200,0.5
2026-09-28T21:45:13Z,71092,248.1,1000,1000,0,3970780903,0,200,0.8
2026-09-28T21:45:42Z,71122,249.7,1000,1000,0,3972401535,0,200,1.1
2026-09-28T21:46:12Z,71152,246.2,1000,1000,0,3974002210,0,200,0.7
2026-09-28T21:46:43Z,71182,244.8,1000,1000,0,3975664821,0,200,2.7
2026-09-28T21:47:12Z,71212,243.5,1000,1000,0,3977298427,0,200,0.6
2026-09-28T21:47:42Z,71242,238.9,1000,1000,0,3978976292,0,200,1.6
2026-09-28T21:48:12Z,71272,238.8,1000,1000,0,3980668499,0,200,0.8
2026-09-28T21:48:42Z,71302,248.2,1000,1000,0,3982314080,0,200,1.5
2026-09-28T21:49:12Z,71332,248.5,1000,1000,0,3983986673,0,200,0.9
2026-09-28T21:49:42Z,71362,247.4,1000,1000,0,3985662194,0,200,1.6
2026-09-28T21:50:13Z,71392,248.1,1000,1000,0,3987405645,0,200,0.5
2026-09-28T21:50:42Z,71422,248.2,1000,1000,0,3989053221,0,200,3.1
2026-09-28T21:51:12Z,71452,248.2,1000,1000,0,3990778645,0,200,0.6
2026-09-28T21:51:42Z,71482,248.7,1000,1000,0,3992502134,0,200,3.1
2026-09-28T21:52:12Z,71512,239.2,1000,1000,0,3994162684,0,200,0.6
2026-09-28T21:52:43Z,71542,239.1,1000,1000,0,3995818313,0,200,1.3
2026-09-28T21:53:12Z,71572,248.2,1000,1000,0,3997451094,0,200,0.8
2026-09-28T21:53:42Z,71602,249.4,1000,1000,0,3999121395,0,200,1.7
2026-09-28T21:54:13Z,71632,249.3,1000,1000,0,4000819005,0,200,1.6
2026-09-28T21:54:42Z,71662,247.6,1000,1000,0,4002451613,0,200,1.5
2026-09-28T21:55:12Z,71692,248.2,1000,1000,0,4004132441,0,200,0.8
2026-09-28T21:55:42Z,71722,244.3,1000,1000,0,4005844633,0,200,1.2
2026-09-28T21:56:12Z,71752,249.0,1000,1000,0,4007531135,0,200,0.5
2026-09-28T21:56:42Z,71782,248.6,1000,1000,0,4009272593,0,200,1.5
2026-09-28T21:57:12Z,71812,249.8,1000,1000,0,4010900208,0,200,0.5
2026-09-28T21:57:43Z,71842,248.0,1000,1000,0,4012649647,0,200,1.3
2026-09-28T21:58:12Z,71872,249.4,1000,1000,0,4014288327,0,200,0.7
2026-09-28T21:58:42Z,71902,247.7,1000,1000,0,4015946809,0,200,1.2
2026-09-28T21:59:13Z,71932,248.3,1000,1000,0,4017626370,0,200,0.7
2026-09-28T21:59:42Z,71962,248.0,1000,1000,0,4019292932,0,200,2.6
2026-09-28T22:00:12Z,71992,248.4,1000,1000,0,4020970448,0,200,0.5
2026-09-28T22:00:42Z,72022,247.9,1000,1000,0,4022686952,0,200,1.4
2026-09-28T22:01:12Z,72052,244.6,1000,1000,0,4024321560,0,200,0.5
2026-09-28T22:01:43Z,72082,245.4,1000,1000,0,4025959227,0,200,1.3
2026-09-28T22:02:12Z,72112,248.7,1000,1000,0,4027595824,0,200,0.5
2026-09-28T22:02:42Z,72142,247.8,1000,1000,0,4029236415,0,200,1.3
2026-09-28T22:03:12Z,72172,239.1,1000,1000,0,4030958899,0,200,0.8
2026-09-28T22:03:42Z,72202,248.2,1000,1000,0,4032578528,0,200,1.5
2026-09-28T22:04:12Z,72232,249.5,1000,1000,0,4034252123,0,200,0.6
2026-09-28T22:04:42Z,72262,238.6,1000,1000,0,4035918662,0,200,2.2
2026-09-28T22:05:12Z,72292,247.7,1000,1000,0,4037639096,0,200,0.4
2026-09-28T22:05:42Z,72322,247.1,1000,1000,0,4039554205,0,200,1.5
2026-09-28T22:06:12Z,72352,248.2,1000,1000,0,4041433313,0,200,0.5
2026-09-28T22:06:43Z,72382,238.8,1000,1000,0,4043316497,0,200,0.5
2026-09-28T22:07:12Z,72412,248.1,1000,1000,0,4045026945,0,200,3.2
2026-09-28T22:07:42Z,72442,250.6,1000,1000,0,4046769335,0,200,1.3
2026-09-28T22:08:12Z,72472,249.1,1000,1000,0,4048552694,0,200,1.3
2026-09-28T22:08:42Z,72502,247.2,1000,1000,0,4050279130,0,200,0.6
2026-09-28T22:09:13Z,72532,247.4,1000,1000,0,4052075472,0,200,1.5
2026-09-28T22:09:42Z,72562,245.0,1000,1000,0,4053791195,0,200,0.7
2026-09-28T22:10:12Z,72592,247.3,1000,1000,0,4055531314,0,200,1.5
2026-09-28T22:10:42Z,72622,249.1,1000,1000,0,4057320672,0,200,1.3
2026-09-28T22:11:12Z,72652,248.4,1000,1000,0,4059026133,0,200,1.4
2026-09-28T22:11:43Z,72682,248.1,1000,1000,0,4060812496,0,200,0.5
2026-09-28T22:12:12Z,72712,247.9,1000,1000,0,4062550891,0,200,1.2
2026-09-28T22:12:42Z,72742,247.6,1000,1000,0,4064280398,0,200,0.5
2026-09-28T22:13:12Z,72772,247.6,1000,1000,0,4066060679,0,200,1.3
2026-09-28T22:13:42Z,72802,247.8,1000,1000,0,4067809053,0,200,0.6
2026-09-28T22:14:13Z,72832,238.2,1000,1000,0,4069616382,0,200,5.5
2026-09-28T22:14:42Z,72862,248.7,1000,1000,0,4071341728,0,200,1.1
2026-09-28T22:15:12Z,72892,239.2,1000,1000,0,4073049314,0,200,1.3
2026-09-28T22:15:42Z,72922,248.3,1000,1000,0,4074833636,0,200,0.4
2026-09-28T22:16:12Z,72952,248.6,1000,1000,0,4076604969,0,200,1.6
2026-09-28T22:16:42Z,72982,244.5,1000,1000,0,4078320399,0,200,0.5
2026-09-28T22:17:12Z,73012,248.2,1000,1000,0,4080093799,0,200,1.2
2026-09-28T22:17:42Z,73042,238.2,1000,1000,0,4081797264,0,200,0.5
2026-09-28T22:18:13Z,73072,248.9,1000,1000,0,4083574650,0,200,1.2
2026-09-28T22:18:42Z,73102,248.0,1000,1000,0,4085303057,0,200,0.7
2026-09-28T22:19:12Z,73132,247.7,1000,1000,0,4087015517,0,200,1.4
2026-09-28T22:19:42Z,73162,247.9,1000,1000,0,4088776933,0,200,0.5
2026-09-28T22:20:12Z,73192,244.4,1000,1000,0,4090484389,0,200,1.3
2026-09-28T22:20:43Z,73222,247.2,1000,1000,0,4092224835,0,200,0.5
2026-09-28T22:21:12Z,73252,247.0,1000,1000,0,4093943286,0,200,1.6
2026-09-28T22:21:42Z,73282,244.9,1000,1000,0,4095645750,0,200,0.5
2026-09-28T22:22:12Z,73312,247.8,1000,1000,0,4097409148,0,200,1.5
2026-09-28T22:22:42Z,73342,248.3,1000,1000,0,4099119610,0,200,3.5
2026-09-28T22:23:13Z,73372,248.8,1000,1000,0,4100891003,0,200,1.4
2026-09-28T22:23:42Z,73402,247.3,1000,1000,0,4102659340,0,200,0.6
2026-09-28T22:24:12Z,73432,244.5,1000,1000,0,4104400728,0,200,1.5
2026-09-28T22:24:42Z,73462,248.1,1000,1000,0,4106170129,0,200,0.8
2026-09-28T22:25:12Z,73492,247.9,1000,1000,0,4107866605,0,200,1.3
2026-09-28T22:25:43Z,73522,248.1,1000,1000,0,4109616043,0,200,0.5
2026-09-28T22:26:12Z,73552,243.0,1000,1000,0,4111347454,0,200,1.2
2026-09-28T22:26:42Z,73582,247.6,1000,1000,0,4113030959,0,200,0.5
2026-09-28T22:27:12Z,73612,244.5,1000,1000,0,4114813333,0,200,1.6
2026-09-28T22:27:42Z,73642,248.1,1000,1000,0,4116557720,0,200,4.0
2026-09-28T22:28:13Z,73672,247.4,1000,1000,0,4118313144,0,200,0.5
2026-09-28T22:28:42Z,73702,247.2,1000,1000,0,4120017610,0,200,2.1
2026-09-28T22:29:12Z,73732,247.7,1000,1000,0,4121780805,0,200,2.1
2026-09-28T22:29:42Z,73762,245.9,1000,1000,0,4123575314,0,200,1.6
2026-09-28T22:30:12Z,73792,247.5,1000,1000,0,4125264802,0,200,0.7
2026-09-28T22:30:43Z,73822,247.6,1000,1000,0,4127036197,0,200,2.2
2026-09-28T22:31:12Z,73852,247.4,1000,1000,0,4128746653,0,200,0.5
2026-09-28T22:31:42Z,73882,247.6,1000,1000,0,4130469078,0,200,1.4
2026-09-28T22:32:13Z,73912,239.8,1000,1000,0,4132218514,0,200,0.5
2026-09-28T22:32:42Z,73942,244.5,1000,1000,0,4133894032,0,200,1.5
2026-09-28T22:33:12Z,73972,247.9,1000,1000,0,4135615457,0,200,1.7
2026-09-28T22:33:42Z,74002,238.5,1000,1000,0,4137421786,0,200,1.5
2026-09-28T22:34:12Z,74032,238.8,1000,1000,0,4139114272,0,200,0.5
2026-09-28T22:34:43Z,74062,247.8,1000,1000,0,4140912609,0,200,1.3
2026-09-28T22:35:12Z,74092,248.3,1000,1000,0,4142636033,0,200,1.0
2026-09-28T22:35:42Z,74122,238.6,1000,1000,0,4144391398,0,200,1.4
2026-09-28T22:36:12Z,74152,247.4,1000,1000,0,4146172770,0,200,3.0
2026-09-28T22:36:42Z,74182,244.7,1000,1000,0,4147880210,0,200,1.4
2026-09-28T22:37:13Z,74212,248.3,1000,1000,0,4149640647,0,200,0.5
2026-09-28T22:37:42Z,74242,247.5,1000,1000,0,4151339122,0,200,1.3
2026-09-28T22:38:12Z,74272,249.3,1000,1000,0,4153088500,0,200,0.6
2026-09-28T22:38:42Z,74302,244.3,1000,1000,0,4154886841,0,200,3.2
2026-09-28T22:39:12Z,74332,249.1,1000,1000,0,4156603276,0,200,1.1
2026-09-28T22:39:43Z,74362,247.6,1000,1000,0,4158369680,0,200,1.7
2026-09-28T22:40:12Z,74392,247.8,1000,1000,0,4160081129,0,200,0.6
2026-09-28T22:40:42Z,74422,238.4,1000,1000,0,4161799566,0,200,1.5
2026-09-28T22:41:12Z,74452,247.6,1000,1000,0,4163538024,0,200,0.6
2026-09-28T22:41:42Z,74482,247.4,1000,1000,0,4165267441,0,200,1.5
2026-09-28T22:42:12Z,74512,247.5,1000,1000,0,4167031783,0,200,2.7
2026-09-28T22:42:42Z,74542,246.8,1000,1000,0,4168844071,0,200,1.3
2026-09-28T22:43:12Z,74572,248.2,1000,1000,0,4170458590,0,200,0.6
2026-09-28T22:43:42Z,74602,248.9,1000,1000,0,4172100088,0,200,1.4
2026-09-28T22:44:12Z,74632,245.7,1000,1000,0,4173672638,0,200,0.5
2026-09-28T22:44:43Z,74662,248.1,1000,1000,0,4175406708,0,200,1.3
2026-09-28T22:45:12Z,74692,249.4,1000,1000,0,4177119451,0,200,0.8
2026-09-28T22:45:42Z,74722,254.1,1000,1000,0,4178810877,0,200,1.3
2026-09-28T22:46:13Z,74752,248.4,1000,1000,0,4180584140,0,200,1.3
2026-09-28T22:46:42Z,74782,248.0,1000,1000,0,4182272652,0,200,2.1
2026-09-28T22:47:12Z,74812,240.5,1000,1000,0,4183959082,0,200,0.5
2026-09-28T22:47:42Z,74842,248.0,1000,1000,0,4185717444,0,200,3.5
2026-09-28T22:48:12Z,74872,249.0,1000,1000,0,4187419858,0,200,0.7
2026-09-28T22:48:43Z,74902,248.0,1000,1000,0,4189186213,0,200,1.6
2026-09-28T22:49:12Z,74932,248.3,1000,1000,0,4190942569,0,200,0.5
2026-09-28T22:49:42Z,74962,249.3,1000,1000,0,4192669959,0,200,2.0
2026-09-28T22:50:12Z,74992,249.5,1000,1000,0,4194433316,0,200,6.2
2026-09-28T22:50:42Z,75022,246.1,1000,1000,0,4196130736,0,200,1.4
2026-09-28T22:51:13Z,75052,247.9,1000,1000,0,4197888091,0,200,1.5
2026-09-28T22:51:42Z,75082,249.9,1000,1000,0,4199588515,0,200,0.5
2026-09-28T22:52:12Z,75112,250.1,1000,1000,0,4201294925,0,200,1.2
2026-09-28T22:52:42Z,75142,249.9,1000,1000,0,4203080261,0,200,0.5
2026-09-28T22:53:12Z,75172,249.8,1000,1000,0,4204756700,0,200,1.4
2026-09-28T22:53:43Z,75202,239.1,1000,1000,0,4206509068,0,200,0.6
2026-09-28T22:54:12Z,75232,248.3,1000,1000,0,4208211482,0,200,2.6
2026-09-28T22:54:42Z,75262,249.2,1000,1000,0,4209912898,0,200,0.5
2026-09-28T22:55:12Z,75292,248.5,1000,1000,0,4211691325,0,200,1.6
2026-09-28T22:55:42Z,75322,250.3,1000,1000,0,4213381667,0,200,3.1
2026-09-28T22:56:13Z,75352,239.4,1000,1000,0,4215128041,0,200,1.2
2026-09-28T22:56:42Z,75382,249.1,1000,1000,0,4216818467,0,200,0.4
2026-09-28T22:57:12Z,75412,249.2,1000,1000,0,4218495900,0,200,1.3
2026-09-28T22:57:42Z,75442,250.1,1000,1000,0,4220230292,0,200,5.2
2026-09-28T22:58:12Z,75472,246.3,1000,1000,0,4221910729,0,200,1.1
2026-09-28T22:58:43Z,75502,248.4,1000,1000,0,4223673113,0,200,1.0
2026-09-28T22:59:12Z,75532,245.2,1000,1000,0,4225351524,0,200,1.5
2026-09-28T22:59:42Z,75562,250.2,1000,1000,0,4227038581,0,200,1.2
2026-09-28T23:00:12Z,75592,248.5,1000,1000,0,4228803309,0,200,1.3
2026-09-28T23:00:42Z,75622,248.7,1000,1000,0,4230554674,0,200,0.5
2026-09-28T23:01:13Z,75652,248.7,1000,1000,0,4232286062,0,200,1.2
2026-09-28T23:01:42Z,75682,249.1,1000,1000,0,4233981484,0,200,0.6
2026-09-28T23:02:12Z,75712,249.6,1000,1000,0,4235659921,0,200,1.6
2026-09-28T23:02:42Z,75742,248.6,1000,1000,0,4237394308,0,200,0.4
2026-09-28T23:03:12Z,75772,248.4,1000,1000,0,4239073744,0,200,1.4
2026-09-28T23:03:42Z,75802,250.9,1000,1000,0,4240791160,0,200,0.6
2026-09-28T23:04:12Z,75832,250.6,1000,1000,0,4242295865,0,200,1.2
2026-09-28T23:04:43Z,75862,249.7,1000,1000,0,4243839545,0,200,0.8
2026-09-28T23:05:12Z,75892,249.4,1000,1000,0,4245432108,0,200,1.6
2026-09-28T23:05:42Z,75922,248.1,1000,1000,0,4247144554,0,200,0.4
2026-09-28T23:06:12Z,75952,248.4,1000,1000,0,4248804170,0,200,1.4
2026-09-28T23:06:42Z,75982,248.2,1000,1000,0,4250513610,0,200,2.7
2026-09-28T23:07:13Z,76012,248.9,1000,1000,0,4252233112,0,200,1.5
2026-09-28T23:07:42Z,76042,248.0,1000,1000,0,4253918611,0,200,0.5
2026-09-28T23:08:12Z,76072,247.9,1000,1000,0,4255644029,0,200,1.3
2026-09-28T23:08:43Z,76102,248.4,1000,1000,0,4257462327,0,200,1.8
2026-09-28T23:09:12Z,76132,245.5,1000,1000,0,4259173773,0,200,3.0
2026-09-28T23:09:42Z,76162,240.9,1000,1000,0,4260763388,0,200,0.5
2026-09-28T23:10:12Z,76192,249.2,1000,1000,0,4262427913,0,200,1.4
2026-09-28T23:10:42Z,76222,249.4,1000,1000,0,4264057563,0,200,0.6
2026-09-28T23:11:13Z,76252,249.0,1000,1000,0,4265747973,0,200,0.5
2026-09-28T23:11:42Z,76282,248.0,1000,1000,0,4267416456,0,200,1.3
2026-09-28T23:12:12Z,76312,249.9,1000,1000,0,4269035057,0,200,0.4
2026-09-28T23:12:42Z,76342,249.0,1000,1000,0,4270697567,0,200,2.4
2026-09-28T23:13:12Z,76372,248.1,1000,1000,0,4272300141,0,200,0.7
2026-09-28T23:13:43Z,76402,249.4,1000,1000,0,4273988666,0,200,1.2
2026-09-28T23:14:12Z,76432,249.1,1000,1000,0,4275595249,0,200,1.6
2026-09-28T23:14:42Z,76462,239.3,1000,1000,0,4277204837,0,200,1.8
2026-09-28T23:15:12Z,76492,249.5,1000,1000,0,4278862367,0,200,0.5
2026-09-28T23:15:42Z,76522,248.2,1000,1000,0,4280553844,0,200,1.1
2026-09-28T23:16:13Z,76552,240.0,1000,1000,0,4282217408,0,200,0.4
2026-09-28T23:16:42Z,76582,247.1,1000,1000,0,4283822004,0,200,1.2
2026-09-28T23:17:12Z,76612,248.7,1000,1000,0,4285418605,0,200,0.7
2026-09-28T23:17:42Z,76642,248.7,1000,1000,0,4287102112,0,200,1.3
2026-09-28T23:18:12Z,76672,246.3,1000,1000,0,4288737652,0,200,0.5
2026-09-28T23:18:42Z,76702,249.0,1000,1000,0,4290402168,0,200,1.4
2026-09-28T23:19:12Z,76732,241.2,1000,1000,0,4292016749,0,200,0.4
2026-09-28T23:19:43Z,76762,239.4,1000,1000,0,4293704271,0,200,1.5
2026-09-28T23:20:12Z,76792,239.7,1000,1000,0,4295315855,0,200,0.8
2026-09-28T23:20:42Z,76822,238.8,1000,1000,0,4296931452,0,200,1.4
2026-09-28T23:21:12Z,76852,250.7,1000,1000,0,4298598996,0,200,0.4
2026-09-28T23:21:42Z,76882,249.6,1000,1000,0,4300232551,0,200,1.3
2026-09-28T23:22:13Z,76912,248.2,1000,1000,0,4301882113,0,200,0.5
2026-09-28T23:22:42Z,76942,250.3,1000,1000,0,4303472732,0,200,2.7
2026-09-28T23:23:12Z,76972,245.6,1000,1000,0,4305101303,0,200,0.7
2026-09-28T23:23:42Z,77002,249.6,1000,1000,0,4306760855,0,200,1.4
2026-09-28T23:24:12Z,77032,247.1,1000,1000,0,4308338490,0,200,0.6
2026-09-28T23:24:43Z,77062,248.4,1000,1000,0,4310030977,0,200,2.1
2026-09-28T23:25:12Z,77092,239.3,1000,1000,0,4311625590,0,200,0.7
2026-09-28T23:25:42Z,77122,249.5,1000,1000,0,4313202215,0,200,1.4
2026-09-28T23:26:12Z,77152,249.3,1000,1000,0,4314871737,0,200,0.7
2026-09-28T23:26:42Z,77182,249.9,1000,1000,0,4316545232,0,200,1.5
2026-09-28T23:27:13Z,77212,248.0,1000,1000,0,4318229721,0,200,0.4
2026-09-28T23:27:42Z,77242,249.9,1000,1000,0,4319838308,0,200,1.6
2026-09-28T23:28:12Z,77272,249.7,1000,1000,0,4321462857,0,200,0.4
2026-09-28T23:28:43Z,77302,240.1,1000,1000,0,4323160319,0,200,1.3
2026-09-28T23:29:12Z,77332,249.4,1000,1000,0,4324793869,0,200,0.5
2026-09-28T23:29:42Z,77362,246.1,1000,1000,0,4326474361,0,200,1.3
2026-09-28T23:30:12Z,77392,248.7,1000,1000,0,4328169859,0,200,0.7
2026-09-28T23:30:42Z,77422,248.5,1000,1000,0,4329832349,0,200,1.1
2026-09-28T23:31:13Z,77452,249.4,1000,1000,0,4331529839,0,200,0.6
2026-09-28T23:31:42Z,77482,248.0,1000,1000,0,4333151391,0,200,0.6
2026-09-28T23:32:12Z,77512,248.3,1000,1000,0,4334787000,0,200,1.3
2026-09-28T23:32:42Z,77542,249.3,1000,1000,0,4336512427,0,200,0.6
2026-09-28T23:33:12Z,77572,245.5,1000,1000,0,4338126993,0,200,1.4
2026-09-28T23:33:43Z,77602,250.7,1000,1000,0,4339838433,0,200,0.9
2026-09-28T23:34:12Z,77632,248.4,1000,1000,0,4341473950,0,200,1.3
2026-09-28T23:34:42Z,77662,248.9,1000,1000,0,4343138422,0,200,0.6
2026-09-28T23:35:12Z,77692,248.1,1000,1000,0,4344811819,0,200,1.3
2026-09-28T23:35:42Z,77722,240.0,1000,1000,0,4346420497,0,200,0.5
2026-09-28T23:36:13Z,77752,249.1,1000,1000,0,4348096001,0,200,1.3
2026-09-28T23:36:42Z,77782,248.9,1000,1000,0,4349708818,0,200,0.5
2026-09-28T23:37:12Z,77812,248.3,1000,1000,0,4351324174,0,200,1.5
2026-09-28T23:37:42Z,77842,248.5,1000,1000,0,4352995694,0,200,0.5
2026-09-28T23:38:12Z,77872,249.9,1000,1000,0,4354616281,0,200,1.9
2026-09-28T23:38:43Z,77902,248.8,1000,1000,0,4356267838,0,200,0.6
2026-09-28T23:39:12Z,77932,249.5,1000,1000,0,4357935338,0,200,1.3
2026-09-28T23:39:42Z,77962,248.4,1000,1000,0,4359548901,0,200,0.7
2026-09-28T23:40:12Z,77992,245.5,1000,1000,0,4361215412,0,200,1.3
2026-09-28T23:40:42Z,78022,249.0,1000,1000,0,4362846979,0,200,0.8
2026-09-28T23:41:13Z,78052,249.1,1000,1000,0,4364546492,0,200,1.5
2026-09-28T23:41:42Z,78082,245.0,1000,1000,0,4366195033,0,200,0.5
2026-09-28T23:42:12Z,78112,249.6,1000,1000,0,4367851560,0,200,1.2
2026-09-28T23:42:42Z,78142,249.2,1000,1000,0,4369525066,0,200,0.4
2026-09-28T23:43:12Z,78172,249.3,1000,1000,0,4371157614,0,200,1.2
2026-09-28T23:43:43Z,78203,248.6,1000,1000,0,4372842490,0,200,0.6
2026-09-28T23:44:13Z,78233,248.8,1000,1000,0,4374509650,0,200,1.3
2026-09-28T23:44:43Z,78263,249.1,1000,1000,0,4376156170,0,200,0.6
2026-09-28T23:45:13Z,78293,249.6,1000,1000,0,4377838661,0,200,1.3
2026-09-28T23:45:43Z,78323,248.9,1000,1000,0,4379469207,0,200,0.8
2026-09-28T23:46:13Z,78353,249.5,1000,1000,0,4381068809,0,200,1.4
2026-09-28T23:46:43Z,78383,251.6,1000,1000,0,4382718375,0,200,0.6
2026-09-28T23:47:13Z,78413,248.4,1000,1000,0,4384302995,0,200,1.3
2026-09-28T23:47:44Z,78443,248.2,1000,1000,0,4385984479,0,200,0.5
2026-09-28T23:48:13Z,78473,250.3,1000,1000,0,4387641983,0,200,1.5
2026-09-28T23:48:43Z,78503,248.2,1000,1000,0,4389249558,0,200,1.3
2026-09-28T23:49:13Z,78533,248.7,1000,1000,0,4390929052,0,200,1.4
2026-09-28T23:49:43Z,78563,249.1,1000,1000,0,4392513683,0,200,0.5
2026-09-28T23:50:13Z,78593,249.6,1000,1000,0,4394181208,0,200,1.4
2026-09-28T23:50:43Z,78623,248.0,1000,1000,0,4395819755,0,200,0.8
2026-09-28T23:51:13Z,78653,248.1,1000,1000,0,4397549162,0,200,1.5
2026-09-28T23:51:43Z,78683,248.6,1000,1000,0,4399249645,0,200,0.6
2026-09-28T23:52:13Z,78713,248.7,1000,1000,0,4400895174,0,200,1.5
2026-09-28T23:52:44Z,78743,248.5,1000,1000,0,4402587668,0,200,0.4
2026-09-28T23:53:13Z,78773,249.1,1000,1000,0,4404233218,0,200,1.4
2026-09-28T23:53:43Z,78803,249.4,1000,1000,0,4405918402,0,200,0.5
2026-09-28T23:54:13Z,78833,248.0,1000,1000,0,4407699992,0,200,0.5
2026-09-28T23:54:43Z,78863,251.0,1000,1000,0,4409328555,0,200,1.3
2026-09-28T23:55:13Z,78893,248.9,1000,1000,0,4410903237,0,200,0.5
2026-09-28T23:55:43Z,78923,247.7,1000,1000,0,4412541739,0,200,1.4
2026-09-28T23:56:14Z,78953,247.4,1000,1000,0,4414279201,0,200,0.9
2026-09-28T23:56:43Z,78983,249.5,1000,1000,0,4415876834,0,200,1.3
2026-09-28T23:57:13Z,79013,250.0,1000,1000,0,4417361582,0,200,0.5
2026-09-28T23:57:43Z,79043,249.2,1000,1000,0,4418865320,0,200,1.3
2026-09-28T23:58:13Z,79073,248.8,1000,1000,0,4420400019,0,200,0.5
2026-09-28T23:58:44Z,79103,249.0,1000,1000,0,4421987662,0,200,1.5
2026-09-28T23:59:13Z,79133,248.7,1000,1000,0,4423511364,0,200,0.4
2026-09-28T23:59:43Z,79163,249.4,1000,1000,0,4425031075,0,200,1.5
2026-09-29T00:00:13Z,79193,240.6,1000,1000,0,4426621669,0,200,0.6
2026-09-29T00:00:43Z,79223,249.4,1000,1000,0,4428209354,0,200,1.7
2026-09-29T00:01:14Z,79253,248.8,1000,1000,0,4429758597,0,200,0.6
2026-09-29T00:01:43Z,79283,250.5,1000,1000,0,4431261777,0,200,1.3
2026-09-29T00:02:13Z,79313,249.1,1000,1000,0,4432743528,0,200,1.5
2026-09-29T00:02:43Z,79343,239.0,1000,1000,0,4434357156,0,200,2.3
2026-09-29T00:03:13Z,79373,248.3,1000,1000,0,4435872873,0,200,0.5
2026-09-29T00:03:44Z,79403,249.8,1000,1000,0,4437439548,0,200,1.4
2026-09-29T00:04:13Z,79433,250.1,1000,1000,0,4438905315,0,200,1.9
2026-09-29T00:04:43Z,79463,249.2,1000,1000,0,4440352102,0,200,1.5
2026-09-29T00:05:13Z,79493,240.3,1000,1000,0,4441891804,0,200,0.5
2026-09-29T00:05:43Z,79523,239.8,1000,1000,0,4443373557,0,200,2.4
2026-09-29T00:06:14Z,79553,249.6,1000,1000,0,4444919252,0,200,0.7
2026-09-29T00:06:43Z,79583,248.7,1000,1000,0,4446556302,0,200,1.4
2026-09-29T00:07:13Z,79613,248.7,1000,1000,0,4448165480,0,200,0.7
2026-09-29T00:07:43Z,79643,249.1,1000,1000,0,4449761037,0,200,3.1
2026-09-29T00:08:13Z,79673,240.1,1000,1000,0,4451316715,0,200,1.7
2026-09-29T00:08:44Z,79703,249.8,1000,1000,0,4452876397,0,200,1.2
2026-09-29T00:09:13Z,79733,246.5,1000,1000,0,4454392114,0,200,1.2
2026-09-29T00:09:44Z,79763,249.6,1000,1000,0,4455976771,0,200,1.5
2026-09-29T00:10:13Z,79793,246.1,1000,1000,0,4457504476,0,200,0.5
2026-09-29T00:10:43Z,79823,249.2,1000,1000,0,4459077137,0,200,2.0
2026-09-29T00:11:13Z,79853,248.8,1000,1000,0,4460633822,0,200,0.6
2026-09-29T00:11:43Z,79883,240.9,1000,1000,0,4462144544,0,200,1.4
2026-09-29T00:12:14Z,79913,248.8,1000,1000,0,4463744184,0,200,0.5
2026-09-29T00:12:43Z,79943,247.9,1000,1000,0,4465274887,0,200,1.4
2026-09-29T00:13:13Z,79973,249.0,1000,1000,0,4466819575,0,200,0.6
2026-09-29T00:13:43Z,80003,249.4,1000,1000,0,4468370266,0,200,1.4
2026-09-29T00:14:13Z,80033,248.8,1000,1000,0,4469904964,0,200,0.6
2026-09-29T00:14:44Z,80063,240.3,1000,1000,0,4471458652,0,200,1.5
2026-09-29T00:15:13Z,80093,251.2,1000,1000,0,4472986358,0,200,0.4
2026-09-29T00:15:44Z,80124,249.6,1000,1000,0,4474563023,0,200,0.5
2026-09-29T00:16:14Z,80154,248.5,1000,1000,0,4476152675,0,200,1.3
2026-09-29T00:16:44Z,80184,247.8,1000,1000,0,4477692370,0,200,0.6
2026-09-29T00:17:14Z,80214,249.0,1000,1000,0,4479236067,0,200,2.7
2026-09-29T00:17:44Z,80244,247.8,1000,1000,0,4480793732,0,200,0.6
2026-09-29T00:18:15Z,80274,241.0,1000,1000,0,4482362405,0,200,1.3
2026-09-29T00:18:44Z,80304,240.6,1000,1000,0,4483842158,0,200,0.6
2026-09-29T00:19:14Z,80334,249.8,1000,1000,0,4485355878,0,200,1.3
2026-09-29T00:19:44Z,80364,248.0,1000,1000,0,4486949527,0,200,0.5
2026-09-29T00:20:14Z,80394,248.6,1000,1000,0,4488482226,0,200,1.7
2026-09-29T00:20:45Z,80424,249.0,1000,1000,0,4490055894,0,200,0.5
2026-09-29T00:21:14Z,80454,251.0,1000,1000,0,4491582601,0,200,1.3
2026-09-29T00:21:44Z,80484,249.0,1000,1000,0,4493135282,0,200,1.0
2026-09-29T00:22:14Z,80514,250.4,1000,1000,0,4494665992,0,200,1.6
2026-09-29T00:22:44Z,80544,248.6,1000,1000,0,4496222670,0,200,0.6
2026-09-29T00:23:15Z,80574,248.0,1000,1000,0,4497807326,0,200,4.7
2026-09-29T00:23:44Z,80604,248.4,1000,1000,0,4499304063,0,200,0.5
2026-09-29T00:24:14Z,80634,248.9,1000,1000,0,4500778821,0,200,1.2
2026-09-29T00:24:44Z,80664,249.0,1000,1000,0,4502461323,0,200,0.4
2026-09-29T00:25:14Z,80694,248.7,1000,1000,0,4503940069,0,200,1.3
2026-09-29T00:25:44Z,80724,248.6,1000,1000,0,4505570678,0,200,0.4
2026-09-29T00:26:14Z,80754,251.2,1000,1000,0,4507162009,0,200,1.3
2026-09-29T00:26:45Z,80784,248.6,1000,1000,0,4508735007,0,200,0.7
2026-09-29T00:27:14Z,80814,248.2,1000,1000,0,4510307661,0,200,1.6
2026-09-29T00:27:44Z,80844,249.4,1000,1000,0,4511802400,0,200,0.7
2026-09-29T00:28:14Z,80874,239.6,1000,1000,0,4513384060,0,200,1.5
2026-09-29T00:28:44Z,80904,249.3,1000,1000,0,4514910767,0,200,0.5
2026-09-29T00:29:15Z,80934,250.7,1000,1000,0,4516422496,0,200,1.4
2026-09-29T00:29:44Z,80964,240.5,1000,1000,0,4517921231,0,200,0.6
2026-09-29T00:30:14Z,80994,249.0,1000,1000,0,4519425958,0,200,1.3
2026-09-29T00:30:44Z,81024,247.7,1000,1000,0,4520979261,0,200,1.1
2026-09-29T00:31:14Z,81054,239.9,1000,1000,0,4522479381,0,200,1.6
2026-09-29T00:31:45Z,81084,248.5,1000,1000,0,4524047055,0,200,0.6
2026-09-29T00:32:14Z,81114,249.8,1000,1000,0,4525551784,0,200,1.5
2026-09-29T00:32:44Z,81144,241.1,1000,1000,0,4526999570,0,200,0.5
2026-09-29T00:33:14Z,81174,248.9,1000,1000,0,4528537273,0,200,1.3
2026-09-29T00:33:44Z,81204,249.1,1000,1000,0,4530094949,0,200,0.5
2026-09-29T00:34:15Z,81234,246.6,1000,1000,0,4531655630,0,200,1.6
2026-09-29T00:34:44Z,81264,249.9,1000,1000,0,4533188331,0,200,0.5
2026-09-29T00:35:14Z,81294,250.1,1000,1000,0,4534682070,0,200,1.3
2026-09-29T00:35:44Z,81324,249.2,1000,1000,0,4536249745,0,200,0.6
2026-09-29T00:36:14Z,81354,248.4,1000,1000,0,4537860342,0,200,1.8
2026-09-29T00:36:45Z,81384,249.6,1000,1000,0,4539456014,0,200,0.4
2026-09-29T00:37:14Z,81414,239.0,1000,1000,0,4541033670,0,200,2.6
2026-09-29T00:37:44Z,81444,248.2,1000,1000,0,4542572365,0,200,1.4
2026-09-29T00:38:14Z,81474,250.2,1000,1000,0,4544158020,0,200,1.6
2026-09-29T00:38:44Z,81504,248.2,1000,1000,0,4545698708,0,200,1.3
2026-09-29T00:39:14Z,81534,250.2,1000,1000,0,4547215431,0,200,0.6
2026-09-29T00:39:44Z,81564,248.6,1000,1000,0,4548734149,0,200,1.5
2026-09-29T00:40:15Z,81594,250.6,1000,1000,0,4550290832,0,200,0.4
2026-09-29T00:40:44Z,81624,249.4,1000,1000,0,4551789567,0,200,1.4
2026-09-29T00:41:14Z,81654,249.8,1000,1000,0,4553299291,0,200,0.4
2026-09-29T00:41:45Z,81684,248.5,1000,1000,0,4554865965,0,200,1.4
2026-09-29T00:42:14Z,81714,248.8,1000,1000,0,4556374689,0,200,0.5
2026-09-29T00:42:44Z,81744,251.7,1000,1000,0,4557886411,0,200,1.4
2026-09-29T00:43:14Z,81774,250.3,1000,1000,0,4559409723,0,200,0.6
2026-09-29T00:43:44Z,81804,248.4,1000,1000,0,4560942500,0,200,1.5
2026-09-29T00:44:15Z,81834,248.5,1000,1000,0,4562489526,0,200,1.3
2026-09-29T00:44:44Z,81864,248.0,1000,1000,0,4563993257,0,200,1.8
2026-09-29T00:45:14Z,81894,248.9,1000,1000,0,4565520963,0,200,0.4
2026-09-29T00:45:45Z,81924,246.4,1000,1000,0,4567076650,0,200,1.5
2026-09-29T00:46:14Z,81954,249.7,1000,1000,0,4568557402,0,200,0.6
2026-09-29T00:46:44Z,81984,249.8,1000,1000,0,4570040154,0,200,1.7
2026-09-29T00:47:14Z,82014,250.1,1000,1000,0,4571611822,0,200,0.6
2026-09-29T00:47:44Z,82044,249.2,1000,1000,0,4573124544,0,200,4.1
2026-09-29T00:48:15Z,82074,239.8,1000,1000,0,4574656254,0,200,0.8
2026-09-29T00:48:44Z,82104,239.7,1000,1000,0,4576181961,0,200,1.6
2026-09-29T00:49:14Z,82134,248.2,1000,1000,0,4577693677,0,200,0.5
2026-09-29T00:49:44Z,82164,248.6,1000,1000,0,4579249368,0,200,1.3
2026-09-29T00:50:14Z,82194,252.8,1000,1000,0,4580745105,0,200,0.5
2026-09-29T00:50:44Z,82224,249.7,1000,1000,0,4582310781,0,200,1.3
2026-09-29T00:51:14Z,82254,249.0,1000,1000,0,4583802523,0,200,0.4
2026-09-29T00:51:45Z,82284,249.2,1000,1000,0,4585320248,0,200,2.3
2026-09-29T00:52:14Z,82314,249.2,1000,1000,0,4586813987,0,200,0.5
2026-09-29T00:52:44Z,82344,248.9,1000,1000,0,4588320714,0,200,1.4
2026-09-29T00:53:14Z,82374,249.3,1000,1000,0,4589878397,0,200,0.6
2026-09-29T00:53:44Z,82404,248.9,1000,1000,0,4591400110,0,200,1.2
2026-09-29T00:54:15Z,82434,249.1,1000,1000,0,4593012734,0,200,0.5
2026-09-29T00:54:44Z,82464,249.2,1000,1000,0,4594569412,0,200,1.4
2026-09-29T00:55:14Z,82494,249.8,1000,1000,0,4596094119,0,200,0.6
2026-09-29T00:55:44Z,82524,249.2,1000,1000,0,4597664758,0,200,1.5
2026-09-29T00:56:14Z,82554,248.6,1000,1000,0,4599156531,0,200,0.5
2026-09-29T00:56:45Z,82584,249.1,1000,1000,0,4600741187,0,200,1.8
2026-09-29T00:57:14Z,82614,240.7,1000,1000,0,4602311849,0,200,1.3
2026-09-29T00:57:45Z,82644,249.8,1000,1000,0,4603774633,0,200,2.3
2026-09-29T00:58:14Z,82674,249.4,1000,1000,0,4605160488,0,200,2.7
2026-09-29T00:58:44Z,82704,249.2,1000,1000,0,4606586302,0,200,0.5
2026-09-29T00:59:14Z,82734,249.0,1000,1000,0,4608072066,0,200,1.7
2026-09-29T00:59:44Z,82764,249.1,1000,1000,0,4609546837,0,200,0.7
2026-09-29T01:00:15Z,82794,248.9,1000,1000,0,4610994636,0,200,1.5
2026-09-29T01:00:44Z,82824,249.7,1000,1000,0,4612376497,0,200,1.1
2026-09-29T01:01:14Z,82854,248.5,1000,1000,0,4613831281,0,200,1.4
2026-09-29T01:01:44Z,82884,241.3,1000,1000,0,4615360992,0,200,0.5
2026-09-29T01:02:14Z,82914,251.9,1000,1000,0,4616762824,0,200,1.3
2026-09-29T01:02:45Z,82944,249.6,1000,1000,0,4618217618,0,200,3.5
2026-09-29T01:03:14Z,82974,249.8,1000,1000,0,4619594478,0,200,1.3
2026-09-29T01:03:44Z,83004,251.3,1000,1000,0,4621028284,0,200,0.5
2026-09-29T01:04:14Z,83034,250.2,1000,1000,0,4622497058,0,200,1.4
2026-09-29T01:04:44Z,83064,249.4,1000,1000,0,4623959829,0,200,0.5
2026-09-29T01:05:15Z,83094,247.8,1000,1000,0,4625554413,0,200,1.5
2026-09-29T01:05:44Z,83124,248.4,1000,1000,0,4627078114,0,200,1.1
2026-09-29T01:06:14Z,83154,248.0,1000,1000,0,4628551864,0,200,1.5
2026-09-29T01:06:44Z,83184,248.6,1000,1000,0,4630113503,0,200,0.6
2026-09-29T01:07:14Z,83214,248.1,1000,1000,0,4631640188,0,200,1.9
2026-09-29T01:07:45Z,83244,248.7,1000,1000,0,4633267756,0,200,0.4
2026-09-29T01:08:14Z,83274,247.9,1000,1000,0,4634739480,0,200,1.5
2026-09-29T01:08:44Z,83304,248.4,1000,1000,0,4636259165,0,200,0.5
2026-09-29T01:09:14Z,83334,249.1,1000,1000,0,4637786854,0,200,1.8
2026-09-29T01:09:44Z,83364,249.5,1000,1000,0,4639267592,0,200,0.5
2026-09-29T01:10:14Z,83394,248.4,1000,1000,0,4640816267,0,200,1.8
2026-09-29T01:10:44Z,83424,248.0,1000,1000,0,4642341954,0,200,0.5
2026-09-29T01:11:15Z,83454,248.0,1000,1000,0,4643987484,0,200,1.5
2026-09-29T01:11:44Z,83484,238.8,1000,1000,0,4645550101,0,200,0.8
2026-09-29T01:12:14Z,83514,239.4,1000,1000,0,4647069760,0,200,2.5
2026-09-29T01:12:44Z,83544,240.0,1000,1000,0,4648659397,0,200,0.4
2026-09-29T01:13:14Z,83574,249.9,1000,1000,0,4650147990,0,200,1.6
2026-09-29T01:13:44Z,83604,249.5,1000,1000,0,4651645814,0,200,0.6
2026-09-29T01:14:14Z,83634,248.2,1000,1000,0,4653176506,0,200,1.5
2026-09-29T01:14:44Z,83664,245.4,1000,1000,0,4654692199,0,200,0.4
2026-09-29T01:15:15Z,83694,248.9,1000,1000,0,4656218888,0,200,1.3
2026-09-29T01:15:44Z,83724,245.0,1000,1000,0,4657706611,0,200,0.9
2026-09-29T01:16:14Z,83754,248.5,1000,1000,0,4659223272,0,200,3.5
2026-09-29T01:16:44Z,83784,248.7,1000,1000,0,4660775974,0,200,0.6
2026-09-29T01:17:14Z,83814,249.9,1000,1000,0,4662255668,0,200,1.6
2026-09-29T01:17:45Z,83844,248.3,1000,1000,0,4663806311,0,200,0.6
2026-09-29T01:18:14Z,83874,238.8,1000,1000,0,4665319000,0,200,1.5
2026-09-29T01:18:44Z,83904,239.1,1000,1000,0,4666791754,0,200,0.4
2026-09-29T01:19:14Z,83934,238.7,1000,1000,0,4668387341,0,200,1.5
2026-09-29T01:19:44Z,83964,238.8,1000,1000,0,4669952952,0,200,0.6
2026-09-29T01:20:15Z,83994,239.8,1000,1000,0,4671507586,0,200,1.5
2026-09-29T01:20:44Z,84024,248.5,1000,1000,0,4673009302,0,200,1.3
2026-09-29T01:21:14Z,84054,248.7,1000,1000,0,4674507022,0,200,0.5
2026-09-29T01:21:44Z,84084,249.3,1000,1000,0,4676032715,0,200,1.3
2026-09-29T01:22:14Z,84114,248.5,1000,1000,0,4677570394,0,200,0.7
2026-09-29T01:22:45Z,84144,248.5,1000,1000,0,4679138018,0,200,1.4
2026-09-29T01:23:14Z,84174,247.1,1000,1000,0,4680660683,0,200,5.0
2026-09-29T01:23:44Z,84204,248.6,1000,1000,0,4682156388,0,200,1.4
2026-09-29T01:24:14Z,84234,239.6,1000,1000,0,4683704042,0,200,0.6
2026-09-29T01:24:44Z,84264,249.1,1000,1000,0,4685248693,0,200,1.6
2026-09-29T01:25:15Z,84294,238.6,1000,1000,0,4686782363,0,200,0.5
2026-09-29T01:25:44Z,84324,248.4,1000,1000,0,4688296084,0,200,1.8
2026-09-29T01:26:14Z,84354,248.8,1000,1000,0,4689799757,0,200,0.5
2026-09-29T01:26:44Z,84384,245.2,1000,1000,0,4691384372,0,200,1.2
2026-09-29T01:27:14Z,84414,250.1,1000,1000,0,4692857110,0,200,0.9
2026-09-29T01:27:45Z,84444,248.3,1000,1000,0,4694377821,0,200,3.0
2026-09-29T01:28:14Z,84474,247.7,1000,1000,0,4695883523,0,200,0.7
2026-09-29T01:28:44Z,84504,239.7,1000,1000,0,4697451126,0,200,1.4
2026-09-29T01:29:14Z,84534,248.9,1000,1000,0,4699030744,0,200,0.5
2026-09-29T01:29:44Z,84564,244.7,1000,1000,0,4700535447,0,200,1.3
2026-09-29T01:30:15Z,84594,245.8,1000,1000,0,4702047152,0,200,0.7
2026-09-29T01:30:44Z,84624,247.9,1000,1000,0,4703560815,0,200,1.5
2026-09-29T01:31:14Z,84654,245.8,1000,1000,0,4705099452,0,200,0.5
2026-09-29T01:31:44Z,84684,238.6,1000,1000,0,4706621143,0,200,1.7
2026-09-29T01:32:14Z,84714,248.2,1000,1000,0,4708170768,0,200,0.5
2026-09-29T01:32:45Z,84744,248.3,1000,1000,0,4709762356,0,200,2.4
2026-09-29T01:33:14Z,84774,247.9,1000,1000,0,4711243101,0,200,0.5
2026-09-29T01:33:44Z,84804,248.9,1000,1000,0,4712810743,0,200,1.5
2026-09-29T01:34:14Z,84834,248.1,1000,1000,0,4714324458,0,200,1.0
2026-09-29T01:34:44Z,84864,249.1,1000,1000,0,4715882063,0,200,1.3
2026-09-29T01:35:15Z,84894,249.0,1000,1000,0,4717502560,0,200,0.5
2026-09-29T01:35:44Z,84924,249.7,1000,1000,0,4718973356,0,200,1.6
2026-09-29T01:36:14Z,84954,248.1,1000,1000,0,4720474053,0,200,0.7
2026-09-29T01:36:44Z,84984,249.5,1000,1000,0,4722002735,0,200,1.7
2026-09-29T01:37:14Z,85014,249.1,1000,1000,0,4723482472,0,200,0.7
2026-09-29T01:37:45Z,85044,248.3,1000,1000,0,4725015146,0,200,1.5
2026-09-29T01:38:14Z,85074,248.4,1000,1000,0,4726551781,0,200,0.6
2026-09-29T01:38:44Z,85104,248.1,1000,1000,0,4728041510,0,200,1.6
2026-09-29T01:39:14Z,85134,250.3,1000,1000,0,4729593162,0,200,0.7
2026-09-29T01:39:44Z,85164,248.6,1000,1000,0,4731158760,0,200,1.4
2026-09-29T01:40:15Z,85194,249.7,1000,1000,0,4732740383,0,200,1.6
2026-09-29T01:40:44Z,85224,244.4,1000,1000,0,4734251078,0,200,1.3
2026-09-29T01:41:14Z,85254,249.1,1000,1000,0,4735714827,0,200,1.1
2026-09-29T01:41:44Z,85284,248.0,1000,1000,0,4737322453,0,200,0.4
2026-09-29T01:42:14Z,85314,248.2,1000,1000,0,4738815135,0,200,1.4
2026-09-29T01:42:45Z,85344,248.0,1000,1000,0,4740384808,0,200,0.6
2026-09-29T01:43:14Z,85374,249.4,1000,1000,0,4741960431,0,200,1.4
2026-09-29T01:43:44Z,85404,248.2,1000,1000,0,4743506095,0,200,0.6
2026-09-29T01:44:14Z,85434,247.4,1000,1000,0,4745116652,0,200,1.3
2026-09-29T01:44:44Z,85464,249.0,1000,1000,0,4746624350,0,200,0.5
2026-09-29T01:45:15Z,85494,248.1,1000,1000,0,4748186989,0,200,1.5
2026-09-29T01:45:44Z,85524,247.7,1000,1000,0,4749732651,0,200,0.5
2026-09-29T01:46:14Z,85554,239.3,1000,1000,0,4751228365,0,200,1.4
2026-09-29T01:46:45Z,85584,248.2,1000,1000,0,4752751068,0,200,0.8
2026-09-29T01:47:14Z,85614,248.3,1000,1000,0,4754228783,0,200,1.2
2026-09-29T01:47:44Z,85644,248.0,1000,1000,0,4755799425,0,200,0.8
2026-09-29T01:48:14Z,85674,238.8,1000,1000,0,4757349089,0,200,1.3
2026-09-29T01:48:44Z,85704,248.0,1000,1000,0,4758843795,0,200,0.7
2026-09-29T01:49:14Z,85734,249.4,1000,1000,0,4760376475,0,200,1.5
2026-09-29T01:49:44Z,85764,248.5,1000,1000,0,4761871162,0,200,0.5
2026-09-29T01:50:15Z,85794,248.5,1000,1000,0,4763450809,0,200,1.4
2026-09-29T01:50:44Z,85824,252.9,1000,1000,0,4764949457,0,200,0.5
2026-09-29T01:51:14Z,85854,238.7,1000,1000,0,4766429232,0,200,1.2
2026-09-29T01:51:44Z,85884,248.6,1000,1000,0,4767960928,0,200,0.7
2026-09-29T01:52:14Z,85914,248.0,1000,1000,0,4769497586,0,200,1.3
2026-09-29T01:52:45Z,85944,248.6,1000,1000,0,4771059244,0,200,0.5
2026-09-29T01:53:14Z,85974,240.0,1000,1000,0,4772564938,0,200,1.3
2026-09-29T01:53:44Z,86004,248.8,1000,1000,0,4774107611,0,200,0.5
2026-09-29T01:54:14Z,86034,249.4,1000,1000,0,4775670338,0,200,1.4
2026-09-29T01:54:44Z,86064,247.6,1000,1000,0,4777141061,0,200,0.7
2026-09-29T01:55:15Z,86094,245.0,1000,1000,0,4778698656,0,200,1.4
2026-09-29T01:55:44Z,86124,249.4,1000,1000,0,4780212372,0,200,0.5
2026-09-29T01:56:14Z,86154,247.9,1000,1000,0,4781691088,0,200,1.3
2026-09-29T01:56:44Z,86184,247.7,1000,1000,0,4783281692,0,200,0.5
2026-09-29T01:57:14Z,86214,248.9,1000,1000,0,4784790416,0,200,1.5
2026-09-29T01:57:45Z,86244,248.7,1000,1000,0,4786386376,0,200,0.6
2026-09-29T01:58:14Z,86274,244.8,1000,1000,0,4787908680,0,200,1.4
2026-09-29T01:58:44Z,86304,245.6,1000,1000,0,4789409385,0,200,0.6
2026-09-29T01:59:14Z,86334,248.7,1000,1000,0,4790991006,0,200,1.3
2026-09-29T01:59:44Z,86364,248.0,1000,1000,0,4792449776,0,200,0.7
2026-09-29T02:00:15Z,86394,249.1,1000,1000,0,4794013424,0,200,1.4
2026-09-29T02:00:44Z,86424,248.6,1000,1000,0,4795535097,0,200,0.5
2026-09-29T02:01:14Z,86454,285.7,1000,1000,0,4796197915,0,503,202.3
2026-09-29T02:01:45Z,86484,309.9,1000,1000,0,4796511829,0,503,202.0
2026-09-29T02:02:14Z,86514,328.4,1000,1000,0,4796817370,0,503,202.0
2026-09-29T02:02:44Z,86544,331.8,1000,1000,0,4797110149,0,503,201.7
2026-09-29T02:03:14Z,86574,427.6,1000,1000,0,4797400577,0,503,201.5
