[2026-05-15T19:22:38Z] ADD pe=1 added=50 pool=50
[2026-05-15T19:22:42Z] ADD pe=2 added=50 pool=50
[2026-05-15T19:22:48Z] ADD pe=1 added=50 pool=100
[2026-05-15T19:22:52Z] ADD pe=2 added=50 pool=100
[2026-05-15T19:22:58Z] ADD pe=1 added=50 pool=150
[2026-05-15T19:23:02Z] ADD pe=2 added=50 pool=150
[2026-05-15T19:23:04Z] ADD failed pe=2 mac=02:aa:00:00:01:09
[2026-05-15T19:23:04Z] MOVE rollback src=1 dst=2 idx=265
[2026-05-15T19:23:04Z] ADD failed pe=2 mac=02:aa:00:00:01:72
[2026-05-15T19:23:05Z] MOVE rollback src=1 dst=2 idx=370
[2026-05-15T19:23:05Z] ADD failed pe=2 mac=02:aa:00:00:00:17
[2026-05-15T19:23:05Z] MOVE rollback src=1 dst=2 idx=23
[2026-05-15T19:23:05Z] ADD failed pe=2 mac=02:aa:00:00:00:df
[2026-05-15T19:23:05Z] MOVE rollback src=1 dst=2 idx=223
[2026-05-15T19:23:05Z] ADD failed pe=2 mac=02:aa:00:00:01:fd
[2026-05-15T19:23:05Z] MOVE rollback src=1 dst=2 idx=509
[2026-05-15T19:23:05Z] ADD failed pe=2 mac=02:aa:00:00:00:76
[2026-05-15T19:23:06Z] MOVE rollback src=1 dst=2 idx=118
[2026-05-15T19:23:06Z] ADD failed pe=2 mac=02:aa:00:00:01:6f
[2026-05-15T19:23:06Z] MOVE rollback src=1 dst=2 idx=367
[2026-05-15T19:23:06Z] ADD failed pe=2 mac=02:aa:00:00:00:8e
[2026-05-15T19:23:06Z] MOVE rollback src=1 dst=2 idx=142
[2026-05-15T19:23:06Z] ADD failed pe=2 mac=02:aa:00:00:01:f5
[2026-05-15T19:23:06Z] MOVE rollback src=1 dst=2 idx=501
[2026-05-15T19:23:06Z] ADD failed pe=2 mac=02:aa:00:00:01:fc
[2026-05-15T19:23:07Z] MOVE rollback src=1 dst=2 idx=508
[2026-05-15T19:23:07Z] ADD failed pe=2 mac=02:aa:00:00:01:66
[2026-05-15T19:23:07Z] MOVE rollback src=1 dst=2 idx=358
[2026-05-15T19:23:07Z] ADD failed pe=2 mac=02:aa:00:00:00:85
[2026-05-15T19:23:07Z] MOVE rollback src=1 dst=2 idx=133
[2026-05-15T19:23:07Z] ADD failed pe=2 mac=02:aa:00:00:01:87
[2026-05-15T19:23:07Z] MOVE rollback src=1 dst=2 idx=391
[2026-05-15T19:23:07Z] ADD failed pe=2 mac=02:aa:00:00:00:58
[2026-05-15T19:23:07Z] MOVE rollback src=1 dst=2 idx=88
[2026-05-15T19:23:08Z] ADD failed pe=2 mac=02:aa:00:00:00:f5
[2026-05-15T19:23:08Z] MOVE rollback src=1 dst=2 idx=245
[2026-05-15T19:23:08Z] ADD failed pe=2 mac=02:aa:00:00:00:43
[2026-05-15T19:23:08Z] MOVE rollback src=1 dst=2 idx=67
[2026-05-15T19:23:08Z] ADD failed pe=2 mac=02:aa:00:00:00:09
[2026-05-15T19:23:08Z] MOVE rollback src=1 dst=2 idx=9
[2026-05-15T19:23:08Z] ADD failed pe=2 mac=02:aa:00:00:00:73
[2026-05-15T19:23:08Z] MOVE rollback src=1 dst=2 idx=115
[2026-05-15T19:23:08Z] ADD failed pe=2 mac=02:aa:00:00:01:00
[2026-05-15T19:23:09Z] MOVE rollback src=1 dst=2 idx=256
[2026-05-15T19:23:09Z] ADD failed pe=2 mac=02:aa:00:00:00:00
[2026-05-15T19:23:09Z] MOVE rollback src=1 dst=2 idx=0
[2026-05-15T19:23:09Z] ADD failed pe=2 mac=02:aa:00:00:00:27
[2026-05-15T19:23:09Z] MOVE rollback src=1 dst=2 idx=39
[2026-05-15T19:23:09Z] ADD failed pe=2 mac=02:aa:00:00:01:1a
[2026-05-15T19:23:09Z] MOVE rollback src=1 dst=2 idx=282
[2026-05-15T19:23:09Z] ADD failed pe=2 mac=02:aa:00:00:00:6e
[2026-05-15T19:23:10Z] MOVE rollback src=1 dst=2 idx=110
[2026-05-15T19:23:10Z] ADD failed pe=2 mac=02:aa:00:00:01:7f
[2026-05-15T19:23:10Z] MOVE rollback src=1 dst=2 idx=383
[2026-05-15T19:23:10Z] ADD failed pe=2 mac=02:aa:00:00:00:02
[2026-05-15T19:23:10Z] MOVE rollback src=1 dst=2 idx=2
[2026-05-15T19:23:10Z] ADD failed pe=2 mac=02:aa:00:00:01:2b
[2026-05-15T19:23:10Z] MOVE rollback src=1 dst=2 idx=299
[2026-05-15T19:23:11Z] ADD failed pe=2 mac=02:aa:00:00:01:f0
[2026-05-15T19:23:11Z] MOVE rollback src=1 dst=2 idx=496
[2026-05-15T19:23:11Z] ADD failed pe=2 mac=02:aa:00:00:01:af
[2026-05-15T19:23:11Z] MOVE rollback src=1 dst=2 idx=431
[2026-05-15T19:23:11Z] ADD failed pe=2 mac=02:aa:00:00:00:87
[2026-05-15T19:23:11Z] MOVE rollback src=1 dst=2 idx=135
[2026-05-15T19:23:11Z] ADD failed pe=2 mac=02:aa:00:00:00:a5
[2026-05-15T19:23:11Z] MOVE rollback src=1 dst=2 idx=165
[2026-05-15T19:23:11Z] ADD failed pe=2 mac=02:aa:00:00:01:4d
[2026-05-15T19:23:12Z] MOVE rollback src=1 dst=2 idx=333
[2026-05-15T19:23:12Z] ADD failed pe=2 mac=02:aa:00:00:01:57
[2026-05-15T19:23:12Z] MOVE rollback src=1 dst=2 idx=343
[2026-05-15T19:23:12Z] ADD failed pe=2 mac=02:aa:00:00:01:76
[2026-05-15T19:23:12Z] MOVE rollback src=1 dst=2 idx=374
[2026-05-15T19:23:12Z] ADD failed pe=2 mac=02:aa:00:00:00:0b
[2026-05-15T19:23:12Z] MOVE rollback src=1 dst=2 idx=11
[2026-05-15T19:23:12Z] ADD failed pe=2 mac=02:aa:00:00:00:f6
[2026-05-15T19:23:12Z] MOVE rollback src=1 dst=2 idx=246
[2026-05-15T19:23:13Z] ADD failed pe=2 mac=02:aa:00:00:01:4e
[2026-05-15T19:23:13Z] MOVE rollback src=1 dst=2 idx=334
[2026-05-15T19:23:13Z] ADD failed pe=2 mac=02:aa:00:00:01:32
[2026-05-15T19:23:13Z] MOVE rollback src=1 dst=2 idx=306
[2026-05-15T19:23:13Z] ADD failed pe=2 mac=02:aa:00:00:00:80
[2026-05-15T19:23:13Z] MOVE rollback src=1 dst=2 idx=128
[2026-05-15T19:23:13Z] ADD failed pe=2 mac=02:aa:00:00:01:99
[2026-05-15T19:23:13Z] MOVE rollback src=1 dst=2 idx=409
[2026-05-15T19:23:14Z] ADD failed pe=2 mac=02:aa:00:00:00:3c
[2026-05-15T19:23:14Z] MOVE rollback src=1 dst=2 idx=60
[2026-05-15T19:23:14Z] ADD failed pe=2 mac=02:aa:00:00:00:b4
[2026-05-15T19:23:14Z] MOVE rollback src=1 dst=2 idx=180
[2026-05-15T19:23:14Z] ADD failed pe=2 mac=02:aa:00:00:00:b6
[2026-05-15T19:23:14Z] MOVE rollback src=1 dst=2 idx=182
[2026-05-15T19:23:14Z] ADD failed pe=2 mac=02:aa:00:00:00:95
[2026-05-15T19:23:14Z] MOVE rollback src=1 dst=2 idx=149
[2026-05-15T19:23:14Z] ADD failed pe=2 mac=02:aa:00:00:00:c8
[2026-05-15T19:23:14Z] MOVE rollback src=1 dst=2 idx=200
[2026-05-15T19:23:15Z] ADD failed pe=2 mac=02:aa:00:00:00:35
[2026-05-15T19:23:15Z] MOVE rollback src=1 dst=2 idx=53
[2026-05-15T19:23:15Z] ADD failed pe=2 mac=02:aa:00:00:01:23
[2026-05-15T19:23:15Z] MOVE rollback src=1 dst=2 idx=291
[2026-05-15T19:23:15Z] ADD failed pe=2 mac=02:aa:00:00:00:eb
[2026-05-15T19:23:15Z] MOVE rollback src=1 dst=2 idx=235
[2026-05-15T19:23:15Z] ADD failed pe=2 mac=02:aa:00:00:01:67
[2026-05-15T19:23:15Z] MOVE rollback src=1 dst=2 idx=359
[2026-05-15T19:23:16Z] ADD failed pe=2 mac=02:aa:00:00:01:82
[2026-05-15T19:23:16Z] MOVE rollback src=1 dst=2 idx=386
[2026-05-15T19:23:16Z] MOVE src=1 dst=2 moved=1 pe1_pool=149 pe2_pool=151
[2026-05-15T19:23:22Z] ADD pe=1 added=50 pool=199
[2026-05-15T19:23:27Z] ADD pe=2 added=50 pool=201
[2026-05-15T19:23:33Z] DEL pe=2 removed=50 pool=151
[2026-05-15T19:23:39Z] ADD pe=2 added=50 pool=201
[2026-05-15T19:23:45Z] ADD pe=1 added=50 pool=249
[2026-05-15T19:23:51Z] ADD pe=2 added=50 pool=251
[2026-05-15T19:23:53Z] ADD failed pe=1 mac=02:aa:00:00:01:0c
[2026-05-15T19:23:53Z] MOVE rollback src=2 dst=1 idx=268
[2026-05-15T19:23:54Z] ADD failed pe=1 mac=02:aa:00:00:00:d4
[2026-05-15T19:23:54Z] MOVE rollback src=2 dst=1 idx=212
[2026-05-15T19:23:54Z] ADD failed pe=1 mac=02:aa:00:00:01:63
[2026-05-15T19:23:54Z] MOVE rollback src=2 dst=1 idx=355
[2026-05-15T19:23:54Z] ADD failed pe=1 mac=02:aa:00:00:00:26
[2026-05-15T19:23:54Z] MOVE rollback src=2 dst=1 idx=38
[2026-05-15T19:23:54Z] ADD failed pe=1 mac=02:aa:00:00:01:0a
[2026-05-15T19:23:54Z] MOVE rollback src=2 dst=1 idx=266
[2026-05-15T19:23:55Z] ADD failed pe=1 mac=02:aa:00:00:01:d2
[2026-05-15T19:23:55Z] MOVE rollback src=2 dst=1 idx=466
[2026-05-15T19:23:55Z] ADD failed pe=1 mac=02:aa:00:00:01:ec
[2026-05-15T19:23:55Z] MOVE rollback src=2 dst=1 idx=492
[2026-05-15T19:23:55Z] ADD failed pe=1 mac=02:aa:00:00:01:18
[2026-05-15T19:23:55Z] MOVE rollback src=2 dst=1 idx=280
[2026-05-15T19:23:55Z] ADD failed pe=1 mac=02:aa:00:00:00:11
[2026-05-15T19:23:55Z] MOVE rollback src=2 dst=1 idx=17
[2026-05-15T19:23:55Z] ADD failed pe=1 mac=02:aa:00:00:01:16
[2026-05-15T19:23:55Z] MOVE rollback src=2 dst=1 idx=278
[2026-05-15T19:23:56Z] ADD failed pe=1 mac=02:aa:00:00:01:ca
[2026-05-15T19:23:56Z] MOVE rollback src=2 dst=1 idx=458
[2026-05-15T19:23:56Z] ADD failed pe=1 mac=02:aa:00:00:01:27
[2026-05-15T19:23:56Z] MOVE rollback src=2 dst=1 idx=295
[2026-05-15T19:23:56Z] ADD failed pe=1 mac=02:aa:00:00:00:52
[2026-05-15T19:23:56Z] MOVE rollback src=2 dst=1 idx=82
[2026-05-15T19:23:56Z] ADD failed pe=1 mac=02:aa:00:00:00:dc
[2026-05-15T19:23:56Z] MOVE rollback src=2 dst=1 idx=220
[2026-05-15T19:23:57Z] ADD failed pe=1 mac=02:aa:00:00:00:5a
[2026-05-15T19:23:57Z] MOVE rollback src=2 dst=1 idx=90
[2026-05-15T19:23:57Z] ADD failed pe=1 mac=02:aa:00:00:01:d4
[2026-05-15T19:23:57Z] MOVE rollback src=2 dst=1 idx=468
[2026-05-15T19:23:57Z] ADD failed pe=1 mac=02:aa:00:00:01:a4
[2026-05-15T19:23:57Z] MOVE rollback src=2 dst=1 idx=420
[2026-05-15T19:23:57Z] ADD failed pe=1 mac=02:aa:00:00:01:cd
[2026-05-15T19:23:57Z] MOVE rollback src=2 dst=1 idx=461
[2026-05-15T19:23:58Z] ADD failed pe=1 mac=02:aa:00:00:01:e2
[2026-05-15T19:23:58Z] MOVE rollback src=2 dst=1 idx=482
[2026-05-15T19:23:58Z] ADD failed pe=1 mac=02:aa:00:00:00:55
[2026-05-15T19:23:58Z] MOVE rollback src=2 dst=1 idx=85
[2026-05-15T19:23:58Z] ADD failed pe=1 mac=02:aa:00:00:01:28
[2026-05-15T19:23:58Z] MOVE rollback src=2 dst=1 idx=296
[2026-05-15T19:23:58Z] ADD failed pe=1 mac=02:aa:00:00:01:65
[2026-05-15T19:23:58Z] MOVE rollback src=2 dst=1 idx=357
[2026-05-15T19:23:59Z] ADD failed pe=1 mac=02:aa:00:00:01:3b
[2026-05-15T19:23:59Z] MOVE rollback src=2 dst=1 idx=315
[2026-05-15T19:23:59Z] ADD failed pe=1 mac=02:aa:00:00:01:97
[2026-05-15T19:23:59Z] MOVE rollback src=2 dst=1 idx=407
[2026-05-15T19:23:59Z] ADD failed pe=1 mac=02:aa:00:00:00:c7
[2026-05-15T19:23:59Z] MOVE rollback src=2 dst=1 idx=199
[2026-05-15T19:23:59Z] ADD failed pe=1 mac=02:aa:00:00:01:b3
[2026-05-15T19:23:59Z] MOVE rollback src=2 dst=1 idx=435
[2026-05-15T19:24:00Z] ADD failed pe=1 mac=02:aa:00:00:00:f4
[2026-05-15T19:24:00Z] MOVE rollback src=2 dst=1 idx=244
[2026-05-15T19:24:00Z] ADD failed pe=1 mac=02:aa:00:00:00:3a
[2026-05-15T19:24:00Z] MOVE rollback src=2 dst=1 idx=58
[2026-05-15T19:24:00Z] ADD failed pe=1 mac=02:aa:00:00:00:39
[2026-05-15T19:24:00Z] MOVE rollback src=2 dst=1 idx=57
[2026-05-15T19:24:00Z] ADD failed pe=1 mac=02:aa:00:00:01:75
[2026-05-15T19:24:00Z] MOVE rollback src=2 dst=1 idx=373
[2026-05-15T19:24:00Z] ADD failed pe=1 mac=02:aa:00:00:01:a7
[2026-05-15T19:24:01Z] MOVE rollback src=2 dst=1 idx=423
[2026-05-15T19:24:01Z] ADD failed pe=1 mac=02:aa:00:00:00:69
[2026-05-15T19:24:01Z] MOVE rollback src=2 dst=1 idx=105
[2026-05-15T19:24:01Z] ADD failed pe=1 mac=02:aa:00:00:01:93
[2026-05-15T19:24:01Z] MOVE rollback src=2 dst=1 idx=403
[2026-05-15T19:24:01Z] ADD failed pe=1 mac=02:aa:00:00:00:54
[2026-05-15T19:24:01Z] MOVE rollback src=2 dst=1 idx=84
[2026-05-15T19:24:01Z] ADD failed pe=1 mac=02:aa:00:00:01:92
[2026-05-15T19:24:02Z] MOVE rollback src=2 dst=1 idx=402
[2026-05-15T19:24:02Z] ADD failed pe=1 mac=02:aa:00:00:00:4a
[2026-05-15T19:24:02Z] MOVE rollback src=2 dst=1 idx=74
[2026-05-15T19:24:02Z] ADD failed pe=1 mac=02:aa:00:00:00:ef
[2026-05-15T19:24:02Z] MOVE rollback src=2 dst=1 idx=239
[2026-05-15T19:24:02Z] ADD failed pe=1 mac=02:aa:00:00:00:1f
[2026-05-15T19:24:02Z] MOVE rollback src=2 dst=1 idx=31
[2026-05-15T19:24:02Z] ADD failed pe=1 mac=02:aa:00:00:01:bc
[2026-05-15T19:24:02Z] MOVE rollback src=2 dst=1 idx=444
[2026-05-15T19:24:03Z] ADD failed pe=1 mac=02:aa:00:00:00:15
[2026-05-15T19:24:03Z] MOVE rollback src=2 dst=1 idx=21
[2026-05-15T19:24:03Z] ADD failed pe=1 mac=02:aa:00:00:01:2a
[2026-05-15T19:24:03Z] MOVE rollback src=2 dst=1 idx=298
[2026-05-15T19:24:03Z] ADD failed pe=1 mac=02:aa:00:00:01:84
[2026-05-15T19:24:03Z] MOVE rollback src=2 dst=1 idx=388
[2026-05-15T19:24:03Z] ADD failed pe=1 mac=02:aa:00:00:00:4d
[2026-05-15T19:24:03Z] MOVE rollback src=2 dst=1 idx=77
[2026-05-15T19:24:04Z] ADD failed pe=1 mac=02:aa:00:00:01:ce
[2026-05-15T19:24:04Z] MOVE rollback src=2 dst=1 idx=462
[2026-05-15T19:24:04Z] ADD failed pe=1 mac=02:aa:00:00:01:b9
[2026-05-15T19:24:04Z] MOVE rollback src=2 dst=1 idx=441
[2026-05-15T19:24:04Z] ADD failed pe=1 mac=02:aa:00:00:00:10
[2026-05-15T19:24:04Z] MOVE rollback src=2 dst=1 idx=16
[2026-05-15T19:24:04Z] ADD failed pe=1 mac=02:aa:00:00:01:b1
[2026-05-15T19:24:04Z] MOVE rollback src=2 dst=1 idx=433
[2026-05-15T19:24:04Z] ADD failed pe=1 mac=02:aa:00:00:00:b0
[2026-05-15T19:24:04Z] MOVE rollback src=2 dst=1 idx=176
[2026-05-15T19:24:05Z] ADD failed pe=1 mac=02:aa:00:00:00:b8
[2026-05-15T19:24:05Z] MOVE rollback src=2 dst=1 idx=184
[2026-05-15T19:24:05Z] ADD failed pe=1 mac=02:aa:00:00:00:75
[2026-05-15T19:24:05Z] MOVE rollback src=2 dst=1 idx=117
[2026-05-15T19:24:05Z] MOVE src=2 dst=1 moved=0 pe1_pool=249 pe2_pool=251
[2026-05-15T19:24:11Z] DEL pe=2 removed=50 pool=201
[2026-05-15T19:24:17Z] DEL pe=1 removed=50 pool=199
[2026-05-15T19:24:19Z] ADD failed pe=1 mac=02:aa:00:00:01:fa
[2026-05-15T19:24:19Z] MOVE rollback src=2 dst=1 idx=506
[2026-05-15T19:24:19Z] ADD failed pe=1 mac=02:aa:00:00:00:dc
[2026-05-15T19:24:20Z] MOVE rollback src=2 dst=1 idx=220
[2026-05-15T19:24:20Z] ADD failed pe=1 mac=02:aa:00:00:01:bf
[2026-05-15T19:24:20Z] MOVE rollback src=2 dst=1 idx=447
[2026-05-15T19:24:20Z] ADD failed pe=1 mac=02:aa:00:00:00:63
[2026-05-15T19:24:20Z] MOVE rollback src=2 dst=1 idx=99
[2026-05-15T19:24:20Z] ADD failed pe=1 mac=02:aa:00:00:00:90
[2026-05-15T19:24:20Z] MOVE rollback src=2 dst=1 idx=144
[2026-05-15T19:24:20Z] ADD failed pe=1 mac=02:aa:00:00:00:aa
[2026-05-15T19:24:20Z] MOVE rollback src=2 dst=1 idx=170
[2026-05-15T19:24:21Z] ADD failed pe=1 mac=02:aa:00:00:01:11
[2026-05-15T19:24:21Z] MOVE rollback src=2 dst=1 idx=273
[2026-05-15T19:24:21Z] ADD failed pe=1 mac=02:aa:00:00:00:9d
[2026-05-15T19:24:21Z] MOVE rollback src=2 dst=1 idx=157
[2026-05-15T19:24:21Z] ADD failed pe=1 mac=02:aa:00:00:01:4f
[2026-05-15T19:24:21Z] MOVE rollback src=2 dst=1 idx=335
[2026-05-15T19:24:21Z] ADD failed pe=1 mac=02:aa:00:00:01:63
[2026-05-15T19:24:21Z] MOVE rollback src=2 dst=1 idx=355
[2026-05-15T19:24:22Z] ADD failed pe=1 mac=02:aa:00:00:01:f9
[2026-05-15T19:24:22Z] MOVE rollback src=2 dst=1 idx=505
[2026-05-15T19:24:22Z] ADD failed pe=1 mac=02:aa:00:00:01:45
[2026-05-15T19:24:22Z] MOVE rollback src=2 dst=1 idx=325
[2026-05-15T19:24:22Z] ADD failed pe=1 mac=02:aa:00:00:00:70
[2026-05-15T19:24:22Z] MOVE rollback src=2 dst=1 idx=112
[2026-05-15T19:24:22Z] ADD failed pe=1 mac=02:aa:00:00:01:2c
[2026-05-15T19:24:22Z] MOVE rollback src=2 dst=1 idx=300
[2026-05-15T19:24:23Z] ADD failed pe=1 mac=02:aa:00:00:00:bf
[2026-05-15T19:24:23Z] MOVE rollback src=2 dst=1 idx=191
[2026-05-15T19:24:23Z] ADD failed pe=1 mac=02:aa:00:00:01:70
[2026-05-15T19:24:23Z] MOVE rollback src=2 dst=1 idx=368
[2026-05-15T19:24:23Z] ADD failed pe=1 mac=02:aa:00:00:00:c0
[2026-05-15T19:24:23Z] MOVE rollback src=2 dst=1 idx=192
[2026-05-15T19:24:23Z] ADD failed pe=1 mac=02:aa:00:00:00:e0
[2026-05-15T19:24:23Z] MOVE rollback src=2 dst=1 idx=224
[2026-05-15T19:24:23Z] ADD failed pe=1 mac=02:aa:00:00:01:3e
[2026-05-15T19:24:23Z] MOVE rollback src=2 dst=1 idx=318
[2026-05-15T19:24:24Z] ADD failed pe=1 mac=02:aa:00:00:01:ea
[2026-05-15T19:24:24Z] MOVE rollback src=2 dst=1 idx=490
[2026-05-15T19:24:24Z] ADD failed pe=1 mac=02:aa:00:00:00:15
[2026-05-15T19:24:24Z] MOVE rollback src=2 dst=1 idx=21
[2026-05-15T19:24:24Z] ADD failed pe=1 mac=02:aa:00:00:01:b1
[2026-05-15T19:24:24Z] MOVE rollback src=2 dst=1 idx=433
[2026-05-15T19:24:24Z] ADD failed pe=1 mac=02:aa:00:00:01:b7
[2026-05-15T19:24:24Z] MOVE rollback src=2 dst=1 idx=439
[2026-05-15T19:24:24Z] ADD failed pe=1 mac=02:aa:00:00:00:cc
[2026-05-15T19:24:25Z] MOVE rollback src=2 dst=1 idx=204
[2026-05-15T19:24:25Z] ADD failed pe=1 mac=02:aa:00:00:00:ca
[2026-05-15T19:24:25Z] MOVE rollback src=2 dst=1 idx=202
[2026-05-15T19:24:25Z] ADD failed pe=1 mac=02:aa:00:00:00:8d
[2026-05-15T19:24:25Z] MOVE rollback src=2 dst=1 idx=141
[2026-05-15T19:24:25Z] ADD failed pe=1 mac=02:aa:00:00:01:59
[2026-05-15T19:24:25Z] MOVE rollback src=2 dst=1 idx=345
[2026-05-15T19:24:25Z] ADD failed pe=1 mac=02:aa:00:00:01:de
[2026-05-15T19:24:25Z] MOVE rollback src=2 dst=1 idx=478
[2026-05-15T19:24:26Z] ADD failed pe=1 mac=02:aa:00:00:00:13
[2026-05-15T19:24:26Z] MOVE rollback src=2 dst=1 idx=19
[2026-05-15T19:24:26Z] ADD failed pe=1 mac=02:aa:00:00:01:24
[2026-05-15T19:24:26Z] MOVE rollback src=2 dst=1 idx=292
[2026-05-15T19:24:26Z] ADD failed pe=1 mac=02:aa:00:00:01:0d
[2026-05-15T19:24:26Z] MOVE rollback src=2 dst=1 idx=269
[2026-05-15T19:24:26Z] ADD failed pe=1 mac=02:aa:00:00:01:27
[2026-05-15T19:24:26Z] MOVE rollback src=2 dst=1 idx=295
[2026-05-15T19:24:26Z] ADD failed pe=1 mac=02:aa:00:00:01:ba
[2026-05-15T19:24:26Z] MOVE rollback src=2 dst=1 idx=442
[2026-05-15T19:24:27Z] ADD failed pe=1 mac=02:aa:00:00:00:b0
[2026-05-15T19:24:27Z] MOVE rollback src=2 dst=1 idx=176
[2026-05-15T19:24:27Z] ADD failed pe=1 mac=02:aa:00:00:00:0e
[2026-05-15T19:24:27Z] MOVE rollback src=2 dst=1 idx=14
[2026-05-15T19:24:27Z] ADD failed pe=1 mac=02:aa:00:00:00:fb
[2026-05-15T19:24:27Z] MOVE rollback src=2 dst=1 idx=251
[2026-05-15T19:24:27Z] ADD failed pe=1 mac=02:aa:00:00:01:65
[2026-05-15T19:24:27Z] MOVE rollback src=2 dst=1 idx=357
[2026-05-15T19:24:27Z] ADD failed pe=1 mac=02:aa:00:00:01:da
[2026-05-15T19:24:28Z] MOVE rollback src=2 dst=1 idx=474
[2026-05-15T19:24:28Z] ADD failed pe=1 mac=02:aa:00:00:00:33
[2026-05-15T19:24:28Z] MOVE rollback src=2 dst=1 idx=51
[2026-05-15T19:24:28Z] ADD failed pe=1 mac=02:aa:00:00:01:51
[2026-05-15T19:24:28Z] MOVE rollback src=2 dst=1 idx=337
[2026-05-15T19:24:28Z] ADD failed pe=1 mac=02:aa:00:00:00:ee
[2026-05-15T19:24:28Z] MOVE rollback src=2 dst=1 idx=238
[2026-05-15T19:24:28Z] ADD failed pe=1 mac=02:aa:00:00:01:eb
[2026-05-15T19:24:29Z] MOVE rollback src=2 dst=1 idx=491
[2026-05-15T19:24:29Z] ADD failed pe=1 mac=02:aa:00:00:01:05
[2026-05-15T19:24:29Z] MOVE rollback src=2 dst=1 idx=261
[2026-05-15T19:24:29Z] ADD failed pe=1 mac=02:aa:00:00:00:54
[2026-05-15T19:24:29Z] MOVE rollback src=2 dst=1 idx=84
[2026-05-15T19:24:29Z] ADD failed pe=1 mac=02:aa:00:00:00:55
[2026-05-15T19:24:29Z] MOVE rollback src=2 dst=1 idx=85
[2026-05-15T19:24:29Z] ADD failed pe=1 mac=02:aa:00:00:01:f1
[2026-05-15T19:24:29Z] MOVE rollback src=2 dst=1 idx=497
[2026-05-15T19:24:29Z] ADD failed pe=1 mac=02:aa:00:00:00:b8
[2026-05-15T19:24:30Z] MOVE rollback src=2 dst=1 idx=184
[2026-05-15T19:24:30Z] ADD failed pe=1 mac=02:aa:00:00:01:04
[2026-05-15T19:24:30Z] MOVE rollback src=2 dst=1 idx=260
[2026-05-15T19:24:30Z] ADD failed pe=1 mac=02:aa:00:00:00:b1
[2026-05-15T19:24:30Z] MOVE rollback src=2 dst=1 idx=177
[2026-05-15T19:24:30Z] ADD failed pe=1 mac=02:aa:00:00:01:69
[2026-05-15T19:24:30Z] MOVE rollback src=2 dst=1 idx=361
[2026-05-15T19:24:30Z] MOVE src=2 dst=1 moved=0 pe1_pool=199 pe2_pool=201
[2026-05-15T19:24:32Z] ADD failed pe=1 mac=02:aa:00:00:01:84
[2026-05-15T19:24:33Z] MOVE rollback src=2 dst=1 idx=388
[2026-05-15T19:24:33Z] ADD failed pe=1 mac=02:aa:00:00:00:1a
[2026-05-15T19:24:33Z] MOVE rollback src=2 dst=1 idx=26
[2026-05-15T19:24:33Z] ADD failed pe=1 mac=02:aa:00:00:01:f2
[2026-05-15T19:24:33Z] MOVE rollback src=2 dst=1 idx=498
[2026-05-15T19:24:33Z] ADD failed pe=1 mac=02:aa:00:00:00:7e
[2026-05-15T19:24:33Z] MOVE rollback src=2 dst=1 idx=126
[2026-05-15T19:24:33Z] ADD failed pe=1 mac=02:aa:00:00:00:d8
[2026-05-15T19:24:33Z] MOVE rollback src=2 dst=1 idx=216
[2026-05-15T19:24:34Z] ADD failed pe=1 mac=02:aa:00:00:00:0a
[2026-05-15T19:24:34Z] MOVE rollback src=2 dst=1 idx=10
[2026-05-15T19:24:34Z] ADD failed pe=1 mac=02:aa:00:00:01:d2
[2026-05-15T19:24:34Z] MOVE rollback src=2 dst=1 idx=466
[2026-05-15T19:24:34Z] ADD failed pe=1 mac=02:aa:00:00:01:e2
[2026-05-15T19:24:34Z] MOVE rollback src=2 dst=1 idx=482
[2026-05-15T19:24:34Z] ADD failed pe=1 mac=02:aa:00:00:00:6a
[2026-05-15T19:24:34Z] MOVE rollback src=2 dst=1 idx=106
[2026-05-15T19:24:34Z] ADD failed pe=1 mac=02:aa:00:00:01:ea
[2026-05-15T19:24:35Z] MOVE rollback src=2 dst=1 idx=490
[2026-05-15T19:24:35Z] ADD failed pe=1 mac=02:aa:00:00:01:18
[2026-05-15T19:24:35Z] MOVE rollback src=2 dst=1 idx=280
[2026-05-15T19:24:35Z] ADD failed pe=1 mac=02:aa:00:00:00:69
[2026-05-15T19:24:35Z] MOVE rollback src=2 dst=1 idx=105
[2026-05-15T19:24:35Z] ADD failed pe=1 mac=02:aa:00:00:01:3c
[2026-05-15T19:24:35Z] MOVE rollback src=2 dst=1 idx=316
[2026-05-15T19:24:35Z] ADD failed pe=1 mac=02:aa:00:00:00:63
[2026-05-15T19:24:35Z] MOVE rollback src=2 dst=1 idx=99
[2026-05-15T19:24:36Z] ADD failed pe=1 mac=02:aa:00:00:00:05
[2026-05-15T19:24:36Z] MOVE rollback src=2 dst=1 idx=5
[2026-05-15T19:24:36Z] ADD failed pe=1 mac=02:aa:00:00:01:7a
[2026-05-15T19:24:36Z] MOVE rollback src=2 dst=1 idx=378
[2026-05-15T19:24:36Z] ADD failed pe=1 mac=02:aa:00:00:00:4d
[2026-05-15T19:24:36Z] MOVE rollback src=2 dst=1 idx=77
[2026-05-15T19:24:36Z] ADD failed pe=1 mac=02:aa:00:00:01:bf
[2026-05-15T19:24:36Z] MOVE rollback src=2 dst=1 idx=447
[2026-05-15T19:24:36Z] ADD failed pe=1 mac=02:aa:00:00:01:e6
[2026-05-15T19:24:37Z] MOVE rollback src=2 dst=1 idx=486
[2026-05-15T19:24:37Z] ADD failed pe=1 mac=02:aa:00:00:00:b7
[2026-05-15T19:24:37Z] MOVE rollback src=2 dst=1 idx=183
[2026-05-15T19:24:37Z] ADD failed pe=1 mac=02:aa:00:00:00:1f
[2026-05-15T19:24:37Z] MOVE rollback src=2 dst=1 idx=31
[2026-05-15T19:24:37Z] ADD failed pe=1 mac=02:aa:00:00:01:70
[2026-05-15T19:24:37Z] MOVE rollback src=2 dst=1 idx=368
[2026-05-15T19:24:37Z] ADD failed pe=1 mac=02:aa:00:00:01:3e
[2026-05-15T19:24:38Z] MOVE rollback src=2 dst=1 idx=318
[2026-05-15T19:24:38Z] ADD failed pe=1 mac=02:aa:00:00:00:3b
[2026-05-15T19:24:38Z] MOVE rollback src=2 dst=1 idx=59
[2026-05-15T19:24:38Z] ADD failed pe=1 mac=02:aa:00:00:00:65
[2026-05-15T19:24:38Z] MOVE rollback src=2 dst=1 idx=101
[2026-05-15T19:24:38Z] ADD failed pe=1 mac=02:aa:00:00:00:2a
[2026-05-15T19:24:38Z] MOVE rollback src=2 dst=1 idx=42
[2026-05-15T19:24:38Z] ADD failed pe=1 mac=02:aa:00:00:00:da
[2026-05-15T19:24:38Z] MOVE rollback src=2 dst=1 idx=218
[2026-05-15T19:24:39Z] ADD failed pe=1 mac=02:aa:00:00:01:4f
[2026-05-15T19:24:39Z] MOVE rollback src=2 dst=1 idx=335
[2026-05-15T19:24:39Z] ADD failed pe=1 mac=02:aa:00:00:00:dc
[2026-05-15T19:24:39Z] MOVE rollback src=2 dst=1 idx=220
[2026-05-15T19:24:39Z] ADD failed pe=1 mac=02:aa:00:00:00:dd
[2026-05-15T19:24:39Z] MOVE rollback src=2 dst=1 idx=221
[2026-05-15T19:24:39Z] ADD failed pe=1 mac=02:aa:00:00:01:f9
[2026-05-15T19:24:39Z] MOVE rollback src=2 dst=1 idx=505
[2026-05-15T19:24:40Z] ADD failed pe=1 mac=02:aa:00:00:01:27
[2026-05-15T19:24:40Z] MOVE rollback src=2 dst=1 idx=295
[2026-05-15T19:24:40Z] ADD failed pe=1 mac=02:aa:00:00:01:98
[2026-05-15T19:24:40Z] MOVE rollback src=2 dst=1 idx=408
[2026-05-15T19:24:40Z] ADD failed pe=1 mac=02:aa:00:00:00:c0
[2026-05-15T19:24:40Z] MOVE rollback src=2 dst=1 idx=192
[2026-05-15T19:24:40Z] ADD failed pe=1 mac=02:aa:00:00:01:2c
[2026-05-15T19:24:40Z] MOVE rollback src=2 dst=1 idx=300
[2026-05-15T19:24:40Z] ADD failed pe=1 mac=02:aa:00:00:01:04
[2026-05-15T19:24:41Z] MOVE rollback src=2 dst=1 idx=260
[2026-05-15T19:24:41Z] ADD failed pe=1 mac=02:aa:00:00:01:ba
[2026-05-15T19:24:41Z] MOVE rollback src=2 dst=1 idx=442
[2026-05-15T19:24:41Z] ADD failed pe=1 mac=02:aa:00:00:01:45
[2026-05-15T19:24:41Z] MOVE rollback src=2 dst=1 idx=325
[2026-05-15T19:24:41Z] ADD failed pe=1 mac=02:aa:00:00:01:ef
[2026-05-15T19:24:41Z] MOVE rollback src=2 dst=1 idx=495
[2026-05-15T19:24:41Z] ADD failed pe=1 mac=02:aa:00:00:01:4c
[2026-05-15T19:24:41Z] MOVE rollback src=2 dst=1 idx=332
[2026-05-15T19:24:42Z] ADD failed pe=1 mac=02:aa:00:00:00:90
[2026-05-15T19:24:42Z] MOVE rollback src=2 dst=1 idx=144
[2026-05-15T19:24:42Z] ADD failed pe=1 mac=02:aa:00:00:00:55
[2026-05-15T19:24:42Z] MOVE rollback src=2 dst=1 idx=85
[2026-05-15T19:24:42Z] ADD failed pe=1 mac=02:aa:00:00:01:f1
[2026-05-15T19:24:42Z] MOVE rollback src=2 dst=1 idx=497
[2026-05-15T19:24:42Z] ADD failed pe=1 mac=02:aa:00:00:01:b3
[2026-05-15T19:24:42Z] MOVE rollback src=2 dst=1 idx=435
[2026-05-15T19:24:43Z] ADD failed pe=1 mac=02:aa:00:00:00:b1
[2026-05-15T19:24:43Z] MOVE rollback src=2 dst=1 idx=177
[2026-05-15T19:24:43Z] ADD failed pe=1 mac=02:aa:00:00:01:63
[2026-05-15T19:24:43Z] MOVE rollback src=2 dst=1 idx=355
[2026-05-15T19:24:43Z] ADD failed pe=1 mac=02:aa:00:00:01:92
[2026-05-15T19:24:43Z] MOVE rollback src=2 dst=1 idx=402
[2026-05-15T19:24:43Z] ADD failed pe=1 mac=02:aa:00:00:00:b0
[2026-05-15T19:24:43Z] MOVE rollback src=2 dst=1 idx=176
[2026-05-15T19:24:44Z] ADD failed pe=1 mac=02:aa:00:00:00:e7
[2026-05-15T19:24:44Z] MOVE rollback src=2 dst=1 idx=231
[2026-05-15T19:24:44Z] ADD failed pe=1 mac=02:aa:00:00:00:ef
[2026-05-15T19:24:44Z] MOVE rollback src=2 dst=1 idx=239
[2026-05-15T19:24:44Z] MOVE src=2 dst=1 moved=0 pe1_pool=199 pe2_pool=201
[2026-05-15T19:24:50Z] ADD pe=1 added=50 pool=249
[2026-05-15T19:24:56Z] ADD pe=2 added=50 pool=251
[2026-05-15T19:24:58Z] ADD failed pe=1 mac=02:aa:00:00:01:07
[2026-05-15T19:24:58Z] MOVE rollback src=2 dst=1 idx=263
[2026-05-15T19:24:58Z] ADD failed pe=1 mac=02:aa:00:00:00:a7
[2026-05-15T19:24:58Z] MOVE rollback src=2 dst=1 idx=167
[2026-05-15T19:24:58Z] ADD failed pe=1 mac=02:aa:00:00:00:e8
[2026-05-15T19:24:58Z] MOVE rollback src=2 dst=1 idx=232
[2026-05-15T19:24:59Z] ADD failed pe=1 mac=02:aa:00:00:01:4f
[2026-05-15T19:24:59Z] MOVE rollback src=2 dst=1 idx=335
[2026-05-15T19:24:59Z] ADD failed pe=1 mac=02:aa:00:00:00:c0
[2026-05-15T19:24:59Z] MOVE rollback src=2 dst=1 idx=192
[2026-05-15T19:24:59Z] ADD failed pe=1 mac=02:aa:00:00:00:f9
[2026-05-15T19:24:59Z] MOVE rollback src=2 dst=1 idx=249
[2026-05-15T19:24:59Z] ADD failed pe=1 mac=02:aa:00:00:00:aa
[2026-05-15T19:24:59Z] MOVE rollback src=2 dst=1 idx=170
[2026-05-15T19:25:00Z] ADD failed pe=1 mac=02:aa:00:00:01:dd
[2026-05-15T19:25:00Z] MOVE rollback src=2 dst=1 idx=477
[2026-05-15T19:25:00Z] ADD failed pe=1 mac=02:aa:00:00:01:ed
[2026-05-15T19:25:00Z] MOVE rollback src=2 dst=1 idx=493
[2026-05-15T19:25:00Z] ADD failed pe=1 mac=02:aa:00:00:01:d5
[2026-05-15T19:25:00Z] MOVE rollback src=2 dst=1 idx=469
[2026-05-15T19:25:00Z] ADD failed pe=1 mac=02:aa:00:00:01:24
[2026-05-15T19:25:00Z] MOVE rollback src=2 dst=1 idx=292
[2026-05-15T19:25:00Z] ADD failed pe=1 mac=02:aa:00:00:01:7b
[2026-05-15T19:25:00Z] MOVE rollback src=2 dst=1 idx=379
[2026-05-15T19:25:01Z] ADD failed pe=1 mac=02:aa:00:00:00:05
[2026-05-15T19:25:01Z] MOVE rollback src=2 dst=1 idx=5
[2026-05-15T19:25:01Z] ADD failed pe=1 mac=02:aa:00:00:00:4d
[2026-05-15T19:25:01Z] MOVE rollback src=2 dst=1 idx=77
[2026-05-15T19:25:01Z] ADD failed pe=1 mac=02:aa:00:00:00:5a
[2026-05-15T19:25:01Z] MOVE rollback src=2 dst=1 idx=90
[2026-05-15T19:25:01Z] ADD failed pe=1 mac=02:aa:00:00:01:d2
[2026-05-15T19:25:01Z] MOVE rollback src=2 dst=1 idx=466
[2026-05-15T19:25:01Z] ADD failed pe=1 mac=02:aa:00:00:00:f0
[2026-05-15T19:25:02Z] MOVE rollback src=2 dst=1 idx=240
[2026-05-15T19:25:02Z] ADD failed pe=1 mac=02:aa:00:00:01:42
[2026-05-15T19:25:02Z] MOVE rollback src=2 dst=1 idx=322
[2026-05-15T19:25:02Z] ADD failed pe=1 mac=02:aa:00:00:00:5d
[2026-05-15T19:25:02Z] MOVE rollback src=2 dst=1 idx=93
[2026-05-15T19:25:02Z] ADD failed pe=1 mac=02:aa:00:00:01:97
[2026-05-15T19:25:02Z] MOVE rollback src=2 dst=1 idx=407
[2026-05-15T19:25:02Z] ADD failed pe=1 mac=02:aa:00:00:01:81
[2026-05-15T19:25:02Z] MOVE rollback src=2 dst=1 idx=385
[2026-05-15T19:25:03Z] ADD failed pe=1 mac=02:aa:00:00:00:7e
[2026-05-15T19:25:03Z] MOVE rollback src=2 dst=1 idx=126
[2026-05-15T19:25:03Z] ADD failed pe=1 mac=02:aa:00:00:01:74
[2026-05-15T19:25:03Z] MOVE rollback src=2 dst=1 idx=372
[2026-05-15T19:25:03Z] ADD failed pe=1 mac=02:aa:00:00:00:2e
[2026-05-15T19:25:03Z] MOVE rollback src=2 dst=1 idx=46
[2026-05-15T19:25:03Z] ADD failed pe=1 mac=02:aa:00:00:01:cd
[2026-05-15T19:25:03Z] MOVE rollback src=2 dst=1 idx=461
[2026-05-15T19:25:04Z] ADD failed pe=1 mac=02:aa:00:00:00:11
[2026-05-15T19:25:04Z] MOVE rollback src=2 dst=1 idx=17
[2026-05-15T19:25:04Z] ADD failed pe=1 mac=02:aa:00:00:01:da
[2026-05-15T19:25:04Z] MOVE rollback src=2 dst=1 idx=474
[2026-05-15T19:25:04Z] ADD failed pe=1 mac=02:aa:00:00:01:47
[2026-05-15T19:25:04Z] MOVE rollback src=2 dst=1 idx=327
[2026-05-15T19:25:04Z] ADD failed pe=1 mac=02:aa:00:00:01:b1
[2026-05-15T19:25:04Z] MOVE rollback src=2 dst=1 idx=433
[2026-05-15T19:25:04Z] ADD failed pe=1 mac=02:aa:00:00:00:d4
[2026-05-15T19:25:04Z] MOVE rollback src=2 dst=1 idx=212
[2026-05-15T19:25:05Z] ADD failed pe=1 mac=02:aa:00:00:01:51
[2026-05-15T19:25:05Z] MOVE rollback src=2 dst=1 idx=337
[2026-05-15T19:25:05Z] ADD failed pe=1 mac=02:aa:00:00:00:03
[2026-05-15T19:25:05Z] MOVE rollback src=2 dst=1 idx=3
[2026-05-15T19:25:05Z] ADD failed pe=1 mac=02:aa:00:00:00:f1
[2026-05-15T19:25:05Z] MOVE rollback src=2 dst=1 idx=241
[2026-05-15T19:25:05Z] ADD failed pe=1 mac=02:aa:00:00:00:2f
[2026-05-15T19:25:05Z] MOVE rollback src=2 dst=1 idx=47
[2026-05-15T19:25:06Z] ADD failed pe=1 mac=02:aa:00:00:01:28
[2026-05-15T19:25:06Z] MOVE rollback src=2 dst=1 idx=296
[2026-05-15T19:25:06Z] ADD failed pe=1 mac=02:aa:00:00:01:c8
[2026-05-15T19:25:06Z] MOVE rollback src=2 dst=1 idx=456
[2026-05-15T19:25:06Z] ADD failed pe=1 mac=02:aa:00:00:01:1b
[2026-05-15T19:25:06Z] MOVE rollback src=2 dst=1 idx=283
[2026-05-15T19:25:06Z] ADD failed pe=1 mac=02:aa:00:00:01:3e
[2026-05-15T19:25:06Z] MOVE rollback src=2 dst=1 idx=318
[2026-05-15T19:25:06Z] ADD failed pe=1 mac=02:aa:00:00:00:40
[2026-05-15T19:25:07Z] MOVE rollback src=2 dst=1 idx=64
[2026-05-15T19:25:07Z] ADD failed pe=1 mac=02:aa:00:00:01:2e
[2026-05-15T19:25:07Z] MOVE rollback src=2 dst=1 idx=302
[2026-05-15T19:25:07Z] ADD failed pe=1 mac=02:aa:00:00:01:76
[2026-05-15T19:25:07Z] MOVE rollback src=2 dst=1 idx=374
[2026-05-15T19:25:07Z] ADD failed pe=1 mac=02:aa:00:00:00:26
[2026-05-15T19:25:07Z] MOVE rollback src=2 dst=1 idx=38
[2026-05-15T19:25:07Z] ADD failed pe=1 mac=02:aa:00:00:00:be
[2026-05-15T19:25:07Z] MOVE rollback src=2 dst=1 idx=190
[2026-05-15T19:25:08Z] ADD failed pe=1 mac=02:aa:00:00:01:b4
[2026-05-15T19:25:08Z] MOVE rollback src=2 dst=1 idx=436
[2026-05-15T19:25:08Z] ADD failed pe=1 mac=02:aa:00:00:00:9c
[2026-05-15T19:25:08Z] MOVE rollback src=2 dst=1 idx=156
[2026-05-15T19:25:08Z] ADD failed pe=1 mac=02:aa:00:00:00:bb
[2026-05-15T19:25:08Z] MOVE rollback src=2 dst=1 idx=187
[2026-05-15T19:25:08Z] ADD failed pe=1 mac=02:aa:00:00:01:40
[2026-05-15T19:25:08Z] MOVE rollback src=2 dst=1 idx=320
[2026-05-15T19:25:09Z] ADD failed pe=1 mac=02:aa:00:00:00:ee
[2026-05-15T19:25:09Z] MOVE rollback src=2 dst=1 idx=238
[2026-05-15T19:25:09Z] ADD failed pe=1 mac=02:aa:00:00:00:90
[2026-05-15T19:25:09Z] MOVE rollback src=2 dst=1 idx=144
[2026-05-15T19:25:09Z] ADD failed pe=1 mac=02:aa:00:00:00:6c
[2026-05-15T19:25:09Z] MOVE rollback src=2 dst=1 idx=108
[2026-05-15T19:25:09Z] MOVE src=2 dst=1 moved=0 pe1_pool=249 pe2_pool=251
[2026-05-15T19:25:11Z] ADD failed pe=1 mac=02:aa:00:00:00:9c
[2026-05-15T19:25:11Z] MOVE rollback src=2 dst=1 idx=156
[2026-05-15T19:25:12Z] ADD failed pe=1 mac=02:aa:00:00:00:c5
[2026-05-15T19:25:12Z] MOVE rollback src=2 dst=1 idx=197
[2026-05-15T19:25:12Z] ADD failed pe=1 mac=02:aa:00:00:01:6f
[2026-05-15T19:25:12Z] MOVE rollback src=2 dst=1 idx=367
[2026-05-15T19:25:12Z] ADD failed pe=1 mac=02:aa:00:00:01:b9
[2026-05-15T19:25:12Z] MOVE rollback src=2 dst=1 idx=441
[2026-05-15T19:25:12Z] ADD failed pe=1 mac=02:aa:00:00:01:4b
[2026-05-15T19:25:12Z] MOVE rollback src=2 dst=1 idx=331
[2026-05-15T19:25:12Z] ADD failed pe=1 mac=02:aa:00:00:01:d2
[2026-05-15T19:25:13Z] MOVE rollback src=2 dst=1 idx=466
[2026-05-15T19:25:13Z] ADD failed pe=1 mac=02:aa:00:00:00:ff
[2026-05-15T19:25:13Z] MOVE rollback src=2 dst=1 idx=255
[2026-05-15T19:25:13Z] ADD failed pe=1 mac=02:aa:00:00:00:21
[2026-05-15T19:25:13Z] MOVE rollback src=2 dst=1 idx=33
[2026-05-15T19:25:13Z] ADD failed pe=1 mac=02:aa:00:00:00:72
[2026-05-15T19:25:13Z] MOVE rollback src=2 dst=1 idx=114
[2026-05-15T19:25:13Z] ADD failed pe=1 mac=02:aa:00:00:01:f4
[2026-05-15T19:25:14Z] MOVE rollback src=2 dst=1 idx=500
[2026-05-15T19:25:14Z] ADD failed pe=1 mac=02:aa:00:00:01:74
[2026-05-15T19:25:14Z] MOVE rollback src=2 dst=1 idx=372
[2026-05-15T19:25:14Z] ADD failed pe=1 mac=02:aa:00:00:00:fd
[2026-05-15T19:25:14Z] MOVE rollback src=2 dst=1 idx=253
[2026-05-15T19:25:14Z] ADD failed pe=1 mac=02:aa:00:00:00:ce
[2026-05-15T19:25:14Z] MOVE rollback src=2 dst=1 idx=206
[2026-05-15T19:25:14Z] ADD failed pe=1 mac=02:aa:00:00:01:81
[2026-05-15T19:25:14Z] MOVE rollback src=2 dst=1 idx=385
[2026-05-15T19:25:15Z] ADD failed pe=1 mac=02:aa:00:00:00:bc
[2026-05-15T19:25:15Z] MOVE rollback src=2 dst=1 idx=188
[2026-05-15T19:25:15Z] ADD failed pe=1 mac=02:aa:00:00:00:3e
[2026-05-15T19:25:15Z] MOVE rollback src=2 dst=1 idx=62
[2026-05-15T19:25:15Z] ADD failed pe=1 mac=02:aa:00:00:01:59
[2026-05-15T19:25:15Z] MOVE rollback src=2 dst=1 idx=345
[2026-05-15T19:25:15Z] ADD failed pe=1 mac=02:aa:00:00:01:f2
[2026-05-15T19:25:15Z] MOVE rollback src=2 dst=1 idx=498
[2026-05-15T19:25:16Z] ADD failed pe=1 mac=02:aa:00:00:01:6d
[2026-05-15T19:25:16Z] MOVE rollback src=2 dst=1 idx=365
[2026-05-15T19:25:16Z] ADD failed pe=1 mac=02:aa:00:00:01:ec
[2026-05-15T19:25:16Z] MOVE rollback src=2 dst=1 idx=492
[2026-05-15T19:25:16Z] ADD failed pe=1 mac=02:aa:00:00:00:f0
[2026-05-15T19:25:16Z] MOVE rollback src=2 dst=1 idx=240
[2026-05-15T19:25:16Z] ADD failed pe=1 mac=02:aa:00:00:01:40
[2026-05-15T19:25:16Z] MOVE rollback src=2 dst=1 idx=320
[2026-05-15T19:25:16Z] ADD failed pe=1 mac=02:aa:00:00:01:d8
[2026-05-15T19:25:17Z] MOVE rollback src=2 dst=1 idx=472
[2026-05-15T19:25:17Z] ADD failed pe=1 mac=02:aa:00:00:01:04
[2026-05-15T19:25:17Z] MOVE rollback src=2 dst=1 idx=260
[2026-05-15T19:25:17Z] ADD failed pe=1 mac=02:aa:00:00:01:bd
[2026-05-15T19:25:17Z] MOVE rollback src=2 dst=1 idx=445
[2026-05-15T19:25:17Z] ADD failed pe=1 mac=02:aa:00:00:00:6d
[2026-05-15T19:25:17Z] MOVE rollback src=2 dst=1 idx=109
[2026-05-15T19:25:17Z] ADD failed pe=1 mac=02:aa:00:00:01:42
[2026-05-15T19:25:17Z] MOVE rollback src=2 dst=1 idx=322
[2026-05-15T19:25:18Z] ADD failed pe=1 mac=02:aa:00:00:01:18
[2026-05-15T19:25:18Z] MOVE rollback src=2 dst=1 idx=280
[2026-05-15T19:25:18Z] ADD failed pe=1 mac=02:aa:00:00:00:a9
[2026-05-15T19:25:18Z] MOVE rollback src=2 dst=1 idx=169
[2026-05-15T19:25:18Z] ADD failed pe=1 mac=02:aa:00:00:01:b2
[2026-05-15T19:25:18Z] MOVE rollback src=2 dst=1 idx=434
[2026-05-15T19:25:18Z] ADD failed pe=1 mac=02:aa:00:00:00:e1
[2026-05-15T19:25:18Z] MOVE rollback src=2 dst=1 idx=225
[2026-05-15T19:25:19Z] ADD failed pe=1 mac=02:aa:00:00:00:1a
[2026-05-15T19:25:19Z] MOVE rollback src=2 dst=1 idx=26
[2026-05-15T19:25:19Z] ADD failed pe=1 mac=02:aa:00:00:00:8a
[2026-05-15T19:25:19Z] MOVE rollback src=2 dst=1 idx=138
[2026-05-15T19:25:19Z] ADD failed pe=1 mac=02:aa:00:00:01:0c
[2026-05-15T19:25:19Z] MOVE rollback src=2 dst=1 idx=268
[2026-05-15T19:25:19Z] ADD failed pe=1 mac=02:aa:00:00:00:a8
[2026-05-15T19:25:19Z] MOVE rollback src=2 dst=1 idx=168
[2026-05-15T19:25:19Z] ADD failed pe=1 mac=02:aa:00:00:00:5a
[2026-05-15T19:25:20Z] MOVE rollback src=2 dst=1 idx=90
[2026-05-15T19:25:20Z] ADD failed pe=1 mac=02:aa:00:00:01:f6
[2026-05-15T19:25:20Z] MOVE rollback src=2 dst=1 idx=502
[2026-05-15T19:25:20Z] ADD failed pe=1 mac=02:aa:00:00:00:39
[2026-05-15T19:25:20Z] MOVE rollback src=2 dst=1 idx=57
[2026-05-15T19:25:20Z] ADD failed pe=1 mac=02:aa:00:00:00:b1
[2026-05-15T19:25:20Z] MOVE rollback src=2 dst=1 idx=177
[2026-05-15T19:25:20Z] ADD failed pe=1 mac=02:aa:00:00:00:0d
[2026-05-15T19:25:20Z] MOVE rollback src=2 dst=1 idx=13
[2026-05-15T19:25:21Z] ADD failed pe=1 mac=02:aa:00:00:01:ed
[2026-05-15T19:25:21Z] MOVE rollback src=2 dst=1 idx=493
[2026-05-15T19:25:21Z] ADD failed pe=1 mac=02:aa:00:00:01:a6
[2026-05-15T19:25:21Z] MOVE rollback src=2 dst=1 idx=422
[2026-05-15T19:25:21Z] ADD failed pe=1 mac=02:aa:00:00:01:b7
[2026-05-15T19:25:21Z] MOVE rollback src=2 dst=1 idx=439
[2026-05-15T19:25:21Z] ADD failed pe=1 mac=02:aa:00:00:00:5c
[2026-05-15T19:25:21Z] MOVE rollback src=2 dst=1 idx=92
[2026-05-15T19:25:21Z] ADD failed pe=1 mac=02:aa:00:00:00:f4
[2026-05-15T19:25:22Z] MOVE rollback src=2 dst=1 idx=244
[2026-05-15T19:25:22Z] ADD failed pe=1 mac=02:aa:00:00:00:fc
[2026-05-15T19:25:22Z] MOVE rollback src=2 dst=1 idx=252
[2026-05-15T19:25:22Z] ADD failed pe=1 mac=02:aa:00:00:01:5e
[2026-05-15T19:25:22Z] MOVE rollback src=2 dst=1 idx=350
[2026-05-15T19:25:22Z] ADD failed pe=1 mac=02:aa:00:00:00:15
[2026-05-15T19:25:22Z] MOVE rollback src=2 dst=1 idx=21
[2026-05-15T19:25:22Z] ADD failed pe=1 mac=02:aa:00:00:00:6a
[2026-05-15T19:25:22Z] MOVE rollback src=2 dst=1 idx=106
[2026-05-15T19:25:23Z] ADD failed pe=1 mac=02:aa:00:00:00:22
[2026-05-15T19:25:23Z] MOVE rollback src=2 dst=1 idx=34
[2026-05-15T19:25:23Z] MOVE src=2 dst=1 moved=0 pe1_pool=249 pe2_pool=251
[2026-05-15T19:25:25Z] ADD failed pe=1 mac=02:aa:00:00:01:97
[2026-05-15T19:25:25Z] MOVE rollback src=2 dst=1 idx=407
[2026-05-15T19:25:25Z] ADD failed pe=1 mac=02:aa:00:00:00:90
[2026-05-15T19:25:25Z] MOVE rollback src=2 dst=1 idx=144
[2026-05-15T19:25:25Z] ADD failed pe=1 mac=02:aa:00:00:01:42
[2026-05-15T19:25:25Z] MOVE rollback src=2 dst=1 idx=322
[2026-05-15T19:25:26Z] ADD failed pe=1 mac=02:aa:00:00:01:ba
[2026-05-15T19:25:26Z] MOVE rollback src=2 dst=1 idx=442
[2026-05-15T19:25:26Z] ADD failed pe=1 mac=02:aa:00:00:01:77
[2026-05-15T19:25:26Z] MOVE rollback src=2 dst=1 idx=375
[2026-05-15T19:25:26Z] ADD failed pe=1 mac=02:aa:00:00:01:8b
[2026-05-15T19:25:26Z] MOVE rollback src=2 dst=1 idx=395
[2026-05-15T19:25:26Z] ADD failed pe=1 mac=02:aa:00:00:00:33
[2026-05-15T19:25:26Z] MOVE rollback src=2 dst=1 idx=51
[2026-05-15T19:25:27Z] ADD failed pe=1 mac=02:aa:00:00:01:d4
[2026-05-15T19:25:27Z] MOVE rollback src=2 dst=1 idx=468
[2026-05-15T19:25:27Z] ADD failed pe=1 mac=02:aa:00:00:00:bb
[2026-05-15T19:25:27Z] MOVE rollback src=2 dst=1 idx=187
[2026-05-15T19:25:27Z] ADD failed pe=1 mac=02:aa:00:00:01:e6
[2026-05-15T19:25:27Z] MOVE rollback src=2 dst=1 idx=486
[2026-05-15T19:25:27Z] ADD failed pe=1 mac=02:aa:00:00:01:da
[2026-05-15T19:25:27Z] MOVE rollback src=2 dst=1 idx=474
[2026-05-15T19:25:27Z] ADD failed pe=1 mac=02:aa:00:00:00:1f
[2026-05-15T19:25:27Z] MOVE rollback src=2 dst=1 idx=31
[2026-05-15T19:25:28Z] ADD failed pe=1 mac=02:aa:00:00:00:39
[2026-05-15T19:25:28Z] MOVE rollback src=2 dst=1 idx=57
[2026-05-15T19:25:28Z] ADD failed pe=1 mac=02:aa:00:00:00:40
[2026-05-15T19:25:28Z] MOVE rollback src=2 dst=1 idx=64
[2026-05-15T19:25:28Z] ADD failed pe=1 mac=02:aa:00:00:00:a9
[2026-05-15T19:25:28Z] MOVE rollback src=2 dst=1 idx=169
[2026-05-15T19:25:28Z] ADD failed pe=1 mac=02:aa:00:00:01:7a
[2026-05-15T19:25:28Z] MOVE rollback src=2 dst=1 idx=378
[2026-05-15T19:25:29Z] ADD failed pe=1 mac=02:aa:00:00:01:70
[2026-05-15T19:25:29Z] MOVE rollback src=2 dst=1 idx=368
[2026-05-15T19:25:29Z] ADD failed pe=1 mac=02:aa:00:00:01:11
[2026-05-15T19:25:29Z] MOVE rollback src=2 dst=1 idx=273
[2026-05-15T19:25:29Z] ADD failed pe=1 mac=02:aa:00:00:00:ee
[2026-05-15T19:25:29Z] MOVE rollback src=2 dst=1 idx=238
[2026-05-15T19:25:29Z] ADD failed pe=1 mac=02:aa:00:00:01:9e
[2026-05-15T19:25:29Z] MOVE rollback src=2 dst=1 idx=414
[2026-05-15T19:25:30Z] ADD failed pe=1 mac=02:aa:00:00:01:ca
[2026-05-15T19:25:30Z] MOVE rollback src=2 dst=1 idx=458
[2026-05-15T19:25:30Z] ADD failed pe=1 mac=02:aa:00:00:00:54
[2026-05-15T19:25:30Z] MOVE rollback src=2 dst=1 idx=84
[2026-05-15T19:25:30Z] ADD failed pe=1 mac=02:aa:00:00:00:d8
[2026-05-15T19:25:30Z] MOVE rollback src=2 dst=1 idx=216
[2026-05-15T19:25:30Z] ADD failed pe=1 mac=02:aa:00:00:00:52
[2026-05-15T19:25:30Z] MOVE rollback src=2 dst=1 idx=82
[2026-05-15T19:25:30Z] ADD failed pe=1 mac=02:aa:00:00:01:3c
[2026-05-15T19:25:31Z] MOVE rollback src=2 dst=1 idx=316
[2026-05-15T19:25:31Z] ADD failed pe=1 mac=02:aa:00:00:01:18
[2026-05-15T19:25:31Z] MOVE rollback src=2 dst=1 idx=280
[2026-05-15T19:25:31Z] ADD failed pe=1 mac=02:aa:00:00:00:0f
[2026-05-15T19:25:31Z] MOVE rollback src=2 dst=1 idx=15
[2026-05-15T19:25:31Z] ADD failed pe=1 mac=02:aa:00:00:01:b5
[2026-05-15T19:25:31Z] MOVE rollback src=2 dst=1 idx=437
[2026-05-15T19:25:31Z] ADD failed pe=1 mac=02:aa:00:00:00:d2
[2026-05-15T19:25:31Z] MOVE rollback src=2 dst=1 idx=210
[2026-05-15T19:25:32Z] ADD failed pe=1 mac=02:aa:00:00:00:ef
[2026-05-15T19:25:32Z] MOVE rollback src=2 dst=1 idx=239
[2026-05-15T19:25:32Z] ADD failed pe=1 mac=02:aa:00:00:00:1d
[2026-05-15T19:25:32Z] MOVE rollback src=2 dst=1 idx=29
[2026-05-15T19:25:32Z] ADD failed pe=1 mac=02:aa:00:00:01:98
[2026-05-15T19:25:32Z] MOVE rollback src=2 dst=1 idx=408
[2026-05-15T19:25:32Z] ADD failed pe=1 mac=02:aa:00:00:01:c5
[2026-05-15T19:25:32Z] MOVE rollback src=2 dst=1 idx=453
[2026-05-15T19:25:33Z] ADD failed pe=1 mac=02:aa:00:00:01:e5
[2026-05-15T19:25:33Z] MOVE rollback src=2 dst=1 idx=485
[2026-05-15T19:25:33Z] ADD failed pe=1 mac=02:aa:00:00:01:2c
[2026-05-15T19:25:33Z] MOVE rollback src=2 dst=1 idx=300
[2026-05-15T19:25:33Z] ADD failed pe=1 mac=02:aa:00:00:00:8a
[2026-05-15T19:25:33Z] MOVE rollback src=2 dst=1 idx=138
[2026-05-15T19:25:33Z] ADD failed pe=1 mac=02:aa:00:00:00:ca
[2026-05-15T19:25:33Z] MOVE rollback src=2 dst=1 idx=202
[2026-05-15T19:25:34Z] ADD failed pe=1 mac=02:aa:00:00:00:3e
[2026-05-15T19:25:34Z] MOVE rollback src=2 dst=1 idx=62
[2026-05-15T19:25:34Z] ADD failed pe=1 mac=02:aa:00:00:00:2b
[2026-05-15T19:25:34Z] MOVE rollback src=2 dst=1 idx=43
[2026-05-15T19:25:34Z] ADD failed pe=1 mac=02:aa:00:00:01:2e
[2026-05-15T19:25:34Z] MOVE rollback src=2 dst=1 idx=302
[2026-05-15T19:25:34Z] ADD failed pe=1 mac=02:aa:00:00:01:08
[2026-05-15T19:25:34Z] MOVE rollback src=2 dst=1 idx=264
[2026-05-15T19:25:35Z] ADD failed pe=1 mac=02:aa:00:00:00:fc
[2026-05-15T19:25:35Z] MOVE rollback src=2 dst=1 idx=252
[2026-05-15T19:25:35Z] ADD failed pe=1 mac=02:aa:00:00:01:f1
[2026-05-15T19:25:35Z] MOVE rollback src=2 dst=1 idx=497
[2026-05-15T19:25:35Z] ADD failed pe=1 mac=02:aa:00:00:00:c4
[2026-05-15T19:25:35Z] MOVE rollback src=2 dst=1 idx=196
[2026-05-15T19:25:35Z] ADD failed pe=1 mac=02:aa:00:00:00:2e
[2026-05-15T19:25:35Z] MOVE rollback src=2 dst=1 idx=46
[2026-05-15T19:25:35Z] ADD failed pe=1 mac=02:aa:00:00:00:b0
[2026-05-15T19:25:36Z] MOVE rollback src=2 dst=1 idx=176
[2026-05-15T19:25:36Z] ADD failed pe=1 mac=02:aa:00:00:01:76
[2026-05-15T19:25:36Z] MOVE rollback src=2 dst=1 idx=374
[2026-05-15T19:25:36Z] ADD failed pe=1 mac=02:aa:00:00:01:cd
[2026-05-15T19:25:36Z] MOVE rollback src=2 dst=1 idx=461
[2026-05-15T19:25:36Z] ADD failed pe=1 mac=02:aa:00:00:00:2c
[2026-05-15T19:25:36Z] MOVE rollback src=2 dst=1 idx=44
[2026-05-15T19:25:36Z] ADD failed pe=1 mac=02:aa:00:00:01:d5
[2026-05-15T19:25:36Z] MOVE rollback src=2 dst=1 idx=469
[2026-05-15T19:25:36Z] MOVE src=2 dst=1 moved=0 pe1_pool=249 pe2_pool=251
[2026-05-15T19:25:43Z] DEL pe=2 removed=50 pool=201
[2026-05-15T19:25:48Z] ADD pe=2 added=50 pool=251
[2026-05-15T19:25:51Z] ADD pe=1 added=12 pool=261
[2026-05-15T19:25:53Z] ADD pe=2 added=0 pool=251
[2026-05-15T19:25:55Z] ADD pe=2 added=0 pool=251
[2026-05-15T19:25:57Z] ADD pe=2 added=0 pool=251
[2026-05-15T19:25:59Z] ADD pe=2 added=0 pool=251
[2026-05-15T19:26:06Z] DEL pe=1 removed=50 pool=211
[2026-05-15T19:26:12Z] DEL pe=2 removed=50 pool=201
[2026-05-15T19:26:18Z] DEL pe=1 removed=50 pool=161
[2026-05-15T19:26:24Z] ADD pe=1 added=50 pool=211
[2026-05-15T19:26:30Z] DEL pe=1 removed=50 pool=161
[2026-05-15T19:26:36Z] DEL pe=2 removed=50 pool=151
[2026-05-15T19:26:42Z] ADD pe=2 added=50 pool=201
[2026-05-15T19:26:44Z] ADD failed pe=1 mac=02:aa:00:00:01:d8
[2026-05-15T19:26:44Z] MOVE rollback src=2 dst=1 idx=472
[2026-05-15T19:26:44Z] ADD failed pe=1 mac=02:aa:00:00:01:c7
[2026-05-15T19:26:44Z] MOVE rollback src=2 dst=1 idx=455
[2026-05-15T19:26:44Z] ADD failed pe=1 mac=02:aa:00:00:00:b9
[2026-05-15T19:26:45Z] MOVE rollback src=2 dst=1 idx=185
[2026-05-15T19:26:45Z] ADD failed pe=1 mac=02:aa:00:00:01:fe
[2026-05-15T19:26:45Z] MOVE rollback src=2 dst=1 idx=510
[2026-05-15T19:26:45Z] ADD failed pe=1 mac=02:aa:00:00:01:3b
[2026-05-15T19:26:45Z] MOVE rollback src=2 dst=1 idx=315
[2026-05-15T19:26:45Z] ADD failed pe=1 mac=02:aa:00:00:00:2e
[2026-05-15T19:26:45Z] MOVE rollback src=2 dst=1 idx=46
[2026-05-15T19:26:46Z] ADD failed pe=1 mac=02:aa:00:00:01:dd
[2026-05-15T19:26:46Z] MOVE rollback src=2 dst=1 idx=477
[2026-05-15T19:26:46Z] ADD failed pe=1 mac=02:aa:00:00:01:65
[2026-05-15T19:26:46Z] MOVE rollback src=2 dst=1 idx=357
[2026-05-15T19:26:46Z] ADD failed pe=1 mac=02:aa:00:00:01:f6
[2026-05-15T19:26:46Z] MOVE rollback src=2 dst=1 idx=502
[2026-05-15T19:26:46Z] ADD failed pe=1 mac=02:aa:00:00:00:48
[2026-05-15T19:26:46Z] MOVE rollback src=2 dst=1 idx=72
[2026-05-15T19:26:46Z] ADD failed pe=1 mac=02:aa:00:00:01:eb
[2026-05-15T19:26:47Z] MOVE rollback src=2 dst=1 idx=491
[2026-05-15T19:26:47Z] ADD failed pe=1 mac=02:aa:00:00:00:dd
[2026-05-15T19:26:47Z] MOVE rollback src=2 dst=1 idx=221
[2026-05-15T19:26:47Z] ADD failed pe=1 mac=02:aa:00:00:00:5f
[2026-05-15T19:26:47Z] MOVE rollback src=2 dst=1 idx=95
[2026-05-15T19:26:47Z] ADD failed pe=1 mac=02:aa:00:00:01:b1
[2026-05-15T19:26:47Z] MOVE rollback src=2 dst=1 idx=433
[2026-05-15T19:26:47Z] ADD failed pe=1 mac=02:aa:00:00:00:b8
[2026-05-15T19:26:47Z] MOVE rollback src=2 dst=1 idx=184
[2026-05-15T19:26:48Z] ADD failed pe=1 mac=02:aa:00:00:00:13
[2026-05-15T19:26:48Z] MOVE rollback src=2 dst=1 idx=19
[2026-05-15T19:26:48Z] ADD failed pe=1 mac=02:aa:00:00:01:47
[2026-05-15T19:26:48Z] MOVE rollback src=2 dst=1 idx=327
[2026-05-15T19:26:48Z] ADD failed pe=1 mac=02:aa:00:00:01:ad
[2026-05-15T19:26:48Z] MOVE rollback src=2 dst=1 idx=429
[2026-05-15T19:26:48Z] ADD failed pe=1 mac=02:aa:00:00:01:aa
[2026-05-15T19:26:48Z] MOVE rollback src=2 dst=1 idx=426
[2026-05-15T19:26:49Z] ADD failed pe=1 mac=02:aa:00:00:01:0f
[2026-05-15T19:26:49Z] MOVE rollback src=2 dst=1 idx=271
[2026-05-15T19:26:49Z] ADD failed pe=1 mac=02:aa:00:00:00:7e
[2026-05-15T19:26:49Z] MOVE rollback src=2 dst=1 idx=126
[2026-05-15T19:26:49Z] ADD failed pe=1 mac=02:aa:00:00:00:b6
[2026-05-15T19:26:49Z] MOVE rollback src=2 dst=1 idx=182
[2026-05-15T19:26:49Z] ADD failed pe=1 mac=02:aa:00:00:01:03
[2026-05-15T19:26:49Z] MOVE rollback src=2 dst=1 idx=259
[2026-05-15T19:26:49Z] ADD failed pe=1 mac=02:aa:00:00:00:d2
[2026-05-15T19:26:50Z] MOVE rollback src=2 dst=1 idx=210
[2026-05-15T19:26:50Z] ADD failed pe=1 mac=02:aa:00:00:00:02
[2026-05-15T19:26:50Z] MOVE rollback src=2 dst=1 idx=2
[2026-05-15T19:26:50Z] ADD failed pe=1 mac=02:aa:00:00:01:79
[2026-05-15T19:26:50Z] MOVE rollback src=2 dst=1 idx=377
[2026-05-15T19:26:50Z] ADD failed pe=1 mac=02:aa:00:00:01:d4
[2026-05-15T19:26:50Z] MOVE rollback src=2 dst=1 idx=468
[2026-05-15T19:26:50Z] ADD failed pe=1 mac=02:aa:00:00:00:5d
[2026-05-15T19:26:51Z] MOVE rollback src=2 dst=1 idx=93
[2026-05-15T19:26:51Z] ADD failed pe=1 mac=02:aa:00:00:01:d6
[2026-05-15T19:26:51Z] MOVE rollback src=2 dst=1 idx=470
[2026-05-15T19:26:51Z] ADD failed pe=1 mac=02:aa:00:00:00:f4
[2026-05-15T19:26:51Z] MOVE rollback src=2 dst=1 idx=244
[2026-05-15T19:26:51Z] ADD failed pe=1 mac=02:aa:00:00:01:ac
[2026-05-15T19:26:51Z] MOVE rollback src=2 dst=1 idx=428
[2026-05-15T19:26:51Z] ADD failed pe=1 mac=02:aa:00:00:01:51
[2026-05-15T19:26:51Z] MOVE rollback src=2 dst=1 idx=337
[2026-05-15T19:26:52Z] ADD failed pe=1 mac=02:aa:00:00:00:29
[2026-05-15T19:26:52Z] MOVE rollback src=2 dst=1 idx=41
[2026-05-15T19:26:52Z] ADD failed pe=1 mac=02:aa:00:00:00:33
[2026-05-15T19:26:52Z] MOVE rollback src=2 dst=1 idx=51
[2026-05-15T19:26:52Z] ADD failed pe=1 mac=02:aa:00:00:01:56
[2026-05-15T19:26:52Z] MOVE rollback src=2 dst=1 idx=342
[2026-05-15T19:26:52Z] ADD failed pe=1 mac=02:aa:00:00:01:59
[2026-05-15T19:26:52Z] MOVE rollback src=2 dst=1 idx=345
[2026-05-15T19:26:53Z] ADD failed pe=1 mac=02:aa:00:00:01:2c
[2026-05-15T19:26:53Z] MOVE rollback src=2 dst=1 idx=300
[2026-05-15T19:26:53Z] ADD failed pe=1 mac=02:aa:00:00:00:22
[2026-05-15T19:26:53Z] MOVE rollback src=2 dst=1 idx=34
[2026-05-15T19:26:53Z] ADD failed pe=1 mac=02:aa:00:00:00:0a
[2026-05-15T19:26:53Z] MOVE rollback src=2 dst=1 idx=10
[2026-05-15T19:26:53Z] ADD failed pe=1 mac=02:aa:00:00:01:b7
[2026-05-15T19:26:53Z] MOVE rollback src=2 dst=1 idx=439
[2026-05-15T19:26:53Z] ADD failed pe=1 mac=02:aa:00:00:01:8e
[2026-05-15T19:26:53Z] MOVE rollback src=2 dst=1 idx=398
[2026-05-15T19:26:54Z] ADD failed pe=1 mac=02:aa:00:00:00:05
[2026-05-15T19:26:54Z] MOVE rollback src=2 dst=1 idx=5
[2026-05-15T19:26:54Z] ADD failed pe=1 mac=02:aa:00:00:00:f1
[2026-05-15T19:26:54Z] MOVE rollback src=2 dst=1 idx=241
[2026-05-15T19:26:54Z] ADD failed pe=1 mac=02:aa:00:00:00:3b
[2026-05-15T19:26:54Z] MOVE rollback src=2 dst=1 idx=59
[2026-05-15T19:26:54Z] ADD failed pe=1 mac=02:aa:00:00:01:0a
[2026-05-15T19:26:54Z] MOVE rollback src=2 dst=1 idx=266
[2026-05-15T19:26:55Z] ADD failed pe=1 mac=02:aa:00:00:00:bb
[2026-05-15T19:26:55Z] MOVE rollback src=2 dst=1 idx=187
[2026-05-15T19:26:55Z] ADD failed pe=1 mac=02:aa:00:00:00:44
[2026-05-15T19:26:55Z] MOVE rollback src=2 dst=1 idx=68
[2026-05-15T19:26:55Z] ADD failed pe=1 mac=02:aa:00:00:01:97
[2026-05-15T19:26:55Z] MOVE rollback src=2 dst=1 idx=407
[2026-05-15T19:26:55Z] ADD failed pe=1 mac=02:aa:00:00:01:3e
[2026-05-15T19:26:55Z] MOVE rollback src=2 dst=1 idx=318
[2026-05-15T19:26:56Z] ADD failed pe=1 mac=02:aa:00:00:01:01
[2026-05-15T19:26:56Z] MOVE rollback src=2 dst=1 idx=257
[2026-05-15T19:26:56Z] MOVE src=2 dst=1 moved=0 pe1_pool=161 pe2_pool=201
[2026-05-15T19:27:02Z] ADD pe=1 added=50 pool=211
[2026-05-15T19:27:08Z] DEL pe=1 removed=50 pool=161
[2026-05-15T19:27:14Z] DEL pe=2 removed=50 pool=151
[2026-05-15T19:27:16Z] ADD failed pe=2 mac=02:aa:00:00:01:72
[2026-05-15T19:27:16Z] MOVE rollback src=1 dst=2 idx=370
[2026-05-15T19:27:16Z] ADD failed pe=2 mac=02:aa:00:00:01:c6
[2026-05-15T19:27:16Z] MOVE rollback src=1 dst=2 idx=454
[2026-05-15T19:27:16Z] ADD failed pe=2 mac=02:aa:00:00:00:db
[2026-05-15T19:27:17Z] MOVE rollback src=1 dst=2 idx=219
[2026-05-15T19:27:17Z] ADD failed pe=2 mac=02:aa:00:00:01:1a
[2026-05-15T19:27:17Z] MOVE rollback src=1 dst=2 idx=282
[2026-05-15T19:27:17Z] ADD failed pe=2 mac=02:aa:00:00:00:89
[2026-05-15T19:27:17Z] MOVE rollback src=1 dst=2 idx=137
[2026-05-15T19:27:17Z] ADD failed pe=2 mac=02:aa:00:00:01:7c
[2026-05-15T19:27:17Z] MOVE rollback src=1 dst=2 idx=380
[2026-05-15T19:27:17Z] ADD failed pe=2 mac=02:aa:00:00:00:07
[2026-05-15T19:27:17Z] MOVE rollback src=1 dst=2 idx=7
[2026-05-15T19:27:18Z] ADD failed pe=2 mac=02:aa:00:00:01:09
[2026-05-15T19:27:18Z] MOVE rollback src=1 dst=2 idx=265
[2026-05-15T19:27:18Z] ADD failed pe=2 mac=02:aa:00:00:01:c2
[2026-05-15T19:27:18Z] MOVE rollback src=1 dst=2 idx=450
[2026-05-15T19:27:18Z] ADD failed pe=2 mac=02:aa:00:00:00:4f
[2026-05-15T19:27:18Z] MOVE rollback src=1 dst=2 idx=79
[2026-05-15T19:27:18Z] ADD failed pe=2 mac=02:aa:00:00:01:34
[2026-05-15T19:27:18Z] MOVE rollback src=1 dst=2 idx=308
[2026-05-15T19:27:19Z] ADD failed pe=2 mac=02:aa:00:00:01:ff
[2026-05-15T19:27:19Z] MOVE rollback src=1 dst=2 idx=511
[2026-05-15T19:27:19Z] ADD failed pe=2 mac=02:aa:00:00:01:d3
[2026-05-15T19:27:19Z] MOVE rollback src=1 dst=2 idx=467
[2026-05-15T19:27:19Z] ADD failed pe=2 mac=02:aa:00:00:00:fa
[2026-05-15T19:27:19Z] MOVE rollback src=1 dst=2 idx=250
[2026-05-15T19:27:19Z] ADD failed pe=2 mac=02:aa:00:00:00:9f
[2026-05-15T19:27:19Z] MOVE rollback src=1 dst=2 idx=159
[2026-05-15T19:27:19Z] ADD failed pe=2 mac=02:aa:00:00:00:d3
[2026-05-15T19:27:19Z] MOVE rollback src=1 dst=2 idx=211
[2026-05-15T19:27:20Z] ADD failed pe=2 mac=02:aa:00:00:01:f0
[2026-05-15T19:27:20Z] MOVE rollback src=1 dst=2 idx=496
[2026-05-15T19:27:20Z] ADD failed pe=2 mac=02:aa:00:00:00:68
[2026-05-15T19:27:20Z] MOVE rollback src=1 dst=2 idx=104
[2026-05-15T19:27:20Z] ADD failed pe=2 mac=02:aa:00:00:01:37
[2026-05-15T19:27:20Z] MOVE rollback src=1 dst=2 idx=311
[2026-05-15T19:27:21Z] ADD failed pe=2 mac=02:aa:00:00:01:cf
[2026-05-15T19:27:21Z] MOVE rollback src=1 dst=2 idx=463
[2026-05-15T19:27:21Z] ADD failed pe=2 mac=02:aa:00:00:01:b0
[2026-05-15T19:27:21Z] MOVE rollback src=1 dst=2 idx=432
[2026-05-15T19:27:21Z] ADD failed pe=2 mac=02:aa:00:00:01:c4
[2026-05-15T19:27:21Z] MOVE rollback src=1 dst=2 idx=452
[2026-05-15T19:27:21Z] ADD failed pe=2 mac=02:aa:00:00:00:f7
[2026-05-15T19:27:21Z] MOVE rollback src=1 dst=2 idx=247
[2026-05-15T19:27:22Z] ADD failed pe=2 mac=02:aa:00:00:00:24
[2026-05-15T19:27:22Z] MOVE rollback src=1 dst=2 idx=36
[2026-05-15T19:27:22Z] ADD failed pe=2 mac=02:aa:00:00:00:93
[2026-05-15T19:27:22Z] MOVE rollback src=1 dst=2 idx=147
[2026-05-15T19:27:22Z] ADD failed pe=2 mac=02:aa:00:00:00:e3
[2026-05-15T19:27:22Z] MOVE rollback src=1 dst=2 idx=227
[2026-05-15T19:27:22Z] ADD failed pe=2 mac=02:aa:00:00:01:3a
[2026-05-15T19:27:22Z] MOVE rollback src=1 dst=2 idx=314
[2026-05-15T19:27:23Z] ADD failed pe=2 mac=02:aa:00:00:00:4a
[2026-05-15T19:27:23Z] MOVE rollback src=1 dst=2 idx=74
[2026-05-15T19:27:23Z] ADD failed pe=2 mac=02:aa:00:00:01:90
[2026-05-15T19:27:23Z] MOVE rollback src=1 dst=2 idx=400
[2026-05-15T19:27:23Z] ADD failed pe=2 mac=02:aa:00:00:00:47
[2026-05-15T19:27:23Z] MOVE rollback src=1 dst=2 idx=71
[2026-05-15T19:27:23Z] ADD failed pe=2 mac=02:aa:00:00:00:28
[2026-05-15T19:27:23Z] MOVE rollback src=1 dst=2 idx=40
[2026-05-15T19:27:23Z] ADD failed pe=2 mac=02:aa:00:00:00:62
[2026-05-15T19:27:23Z] MOVE rollback src=1 dst=2 idx=98
[2026-05-15T19:27:24Z] ADD failed pe=2 mac=02:aa:00:00:01:67
[2026-05-15T19:27:24Z] MOVE rollback src=1 dst=2 idx=359
[2026-05-15T19:27:24Z] ADD failed pe=2 mac=02:aa:00:00:00:4b
[2026-05-15T19:27:24Z] MOVE rollback src=1 dst=2 idx=75
[2026-05-15T19:27:24Z] ADD failed pe=2 mac=02:aa:00:00:01:12
[2026-05-15T19:27:24Z] MOVE rollback src=1 dst=2 idx=274
[2026-05-15T19:27:24Z] ADD failed pe=2 mac=02:aa:00:00:01:49
[2026-05-15T19:27:24Z] MOVE rollback src=1 dst=2 idx=329
[2026-05-15T19:27:25Z] ADD failed pe=2 mac=02:aa:00:00:01:75
[2026-05-15T19:27:25Z] MOVE rollback src=1 dst=2 idx=373
[2026-05-15T19:27:25Z] ADD failed pe=2 mac=02:aa:00:00:00:94
[2026-05-15T19:27:25Z] MOVE rollback src=1 dst=2 idx=148
[2026-05-15T19:27:25Z] ADD failed pe=2 mac=02:aa:00:00:00:b3
[2026-05-15T19:27:25Z] MOVE rollback src=1 dst=2 idx=179
[2026-05-15T19:27:25Z] ADD failed pe=2 mac=02:aa:00:00:01:19
[2026-05-15T19:27:25Z] MOVE rollback src=1 dst=2 idx=281
[2026-05-15T19:27:25Z] ADD failed pe=2 mac=02:aa:00:00:00:67
[2026-05-15T19:27:26Z] MOVE rollback src=1 dst=2 idx=103
[2026-05-15T19:27:26Z] ADD failed pe=2 mac=02:aa:00:00:00:27
[2026-05-15T19:27:26Z] MOVE rollback src=1 dst=2 idx=39
[2026-05-15T19:27:26Z] ADD failed pe=2 mac=02:aa:00:00:01:c1
[2026-05-15T19:27:26Z] MOVE rollback src=1 dst=2 idx=449
[2026-05-15T19:27:26Z] ADD failed pe=2 mac=02:aa:00:00:01:9c
[2026-05-15T19:27:26Z] MOVE rollback src=1 dst=2 idx=412
[2026-05-15T19:27:26Z] ADD failed pe=2 mac=02:aa:00:00:00:e5
[2026-05-15T19:27:26Z] MOVE rollback src=1 dst=2 idx=229
[2026-05-15T19:27:27Z] ADD failed pe=2 mac=02:aa:00:00:00:ea
[2026-05-15T19:27:27Z] MOVE rollback src=1 dst=2 idx=234
[2026-05-15T19:27:27Z] ADD failed pe=2 mac=02:aa:00:00:00:88
[2026-05-15T19:27:27Z] MOVE rollback src=1 dst=2 idx=136
[2026-05-15T19:27:27Z] ADD failed pe=2 mac=02:aa:00:00:00:d0
[2026-05-15T19:27:27Z] MOVE rollback src=1 dst=2 idx=208
[2026-05-15T19:27:27Z] ADD failed pe=2 mac=02:aa:00:00:00:a0
[2026-05-15T19:27:27Z] MOVE rollback src=1 dst=2 idx=160
[2026-05-15T19:27:27Z] MOVE src=1 dst=2 moved=1 pe1_pool=160 pe2_pool=152
[2026-05-15T19:27:33Z] ADD pe=2 added=50 pool=202
[2026-05-15T19:27:39Z] ADD pe=1 added=50 pool=210
[2026-05-15T19:27:45Z] DEL pe=1 removed=50 pool=160
[2026-05-15T19:27:51Z] ADD pe=1 added=50 pool=210
[2026-05-15T19:27:54Z] ADD failed pe=2 mac=02:aa:00:00:00:79
[2026-05-15T19:27:54Z] MOVE rollback src=1 dst=2 idx=121
[2026-05-15T19:27:54Z] ADD failed pe=2 mac=02:aa:00:00:01:d5
[2026-05-15T19:27:54Z] MOVE rollback src=1 dst=2 idx=469
[2026-05-15T19:27:54Z] ADD failed pe=2 mac=02:aa:00:00:00:5e
[2026-05-15T19:27:54Z] MOVE rollback src=1 dst=2 idx=94
[2026-05-15T19:27:54Z] ADD failed pe=2 mac=02:aa:00:00:00:5c
[2026-05-15T19:27:55Z] MOVE rollback src=1 dst=2 idx=92
[2026-05-15T19:27:55Z] ADD failed pe=2 mac=02:aa:00:00:00:57
[2026-05-15T19:27:55Z] MOVE rollback src=1 dst=2 idx=87
[2026-05-15T19:27:55Z] ADD failed pe=2 mac=02:aa:00:00:01:cc
[2026-05-15T19:27:55Z] MOVE rollback src=1 dst=2 idx=460
[2026-05-15T19:27:55Z] ADD failed pe=2 mac=02:aa:00:00:01:d7
[2026-05-15T19:27:55Z] MOVE rollback src=1 dst=2 idx=471
[2026-05-15T19:27:55Z] ADD failed pe=2 mac=02:aa:00:00:01:37
[2026-05-15T19:27:55Z] MOVE rollback src=1 dst=2 idx=311
[2026-05-15T19:27:56Z] ADD failed pe=2 mac=02:aa:00:00:01:5b
[2026-05-15T19:27:56Z] MOVE rollback src=1 dst=2 idx=347
[2026-05-15T19:27:56Z] ADD failed pe=2 mac=02:aa:00:00:00:50
[2026-05-15T19:27:56Z] MOVE rollback src=1 dst=2 idx=80
[2026-05-15T19:27:56Z] ADD failed pe=2 mac=02:aa:00:00:01:a9
[2026-05-15T19:27:56Z] MOVE rollback src=1 dst=2 idx=425
[2026-05-15T19:27:56Z] ADD failed pe=2 mac=02:aa:00:00:00:47
[2026-05-15T19:27:56Z] MOVE rollback src=1 dst=2 idx=71
[2026-05-15T19:27:57Z] ADD failed pe=2 mac=02:aa:00:00:00:ca
[2026-05-15T19:27:57Z] MOVE rollback src=1 dst=2 idx=202
[2026-05-15T19:27:57Z] ADD failed pe=2 mac=02:aa:00:00:01:20
[2026-05-15T19:27:57Z] MOVE rollback src=1 dst=2 idx=288
[2026-05-15T19:27:57Z] ADD failed pe=2 mac=02:aa:00:00:00:55
[2026-05-15T19:27:57Z] MOVE rollback src=1 dst=2 idx=85
[2026-05-15T19:27:57Z] ADD failed pe=2 mac=02:aa:00:00:01:14
[2026-05-15T19:27:57Z] MOVE rollback src=1 dst=2 idx=276
[2026-05-15T19:27:57Z] ADD failed pe=2 mac=02:aa:00:00:00:f4
[2026-05-15T19:27:58Z] MOVE rollback src=1 dst=2 idx=244
[2026-05-15T19:27:58Z] ADD failed pe=2 mac=02:aa:00:00:01:72
[2026-05-15T19:27:58Z] MOVE rollback src=1 dst=2 idx=370
[2026-05-15T19:27:58Z] ADD failed pe=2 mac=02:aa:00:00:00:53
[2026-05-15T19:27:58Z] MOVE rollback src=1 dst=2 idx=83
[2026-05-15T19:27:58Z] ADD failed pe=2 mac=02:aa:00:00:00:88
[2026-05-15T19:27:58Z] MOVE rollback src=1 dst=2 idx=136
[2026-05-15T19:27:58Z] ADD failed pe=2 mac=02:aa:00:00:00:35
[2026-05-15T19:27:59Z] MOVE rollback src=1 dst=2 idx=53
[2026-05-15T19:27:59Z] ADD failed pe=2 mac=02:aa:00:00:00:97
[2026-05-15T19:27:59Z] MOVE rollback src=1 dst=2 idx=151
[2026-05-15T19:27:59Z] ADD failed pe=2 mac=02:aa:00:00:00:23
[2026-05-15T19:27:59Z] MOVE rollback src=1 dst=2 idx=35
[2026-05-15T19:27:59Z] ADD failed pe=2 mac=02:aa:00:00:01:fc
[2026-05-15T19:27:59Z] MOVE rollback src=1 dst=2 idx=508
[2026-05-15T19:27:59Z] ADD failed pe=2 mac=02:aa:00:00:00:8d
[2026-05-15T19:27:59Z] MOVE rollback src=1 dst=2 idx=141
[2026-05-15T19:28:00Z] ADD failed pe=2 mac=02:aa:00:00:00:6e
[2026-05-15T19:28:00Z] MOVE rollback src=1 dst=2 idx=110
[2026-05-15T19:28:00Z] ADD failed pe=2 mac=02:aa:00:00:00:ce
[2026-05-15T19:28:00Z] MOVE rollback src=1 dst=2 idx=206
[2026-05-15T19:28:00Z] ADD failed pe=2 mac=02:aa:00:00:00:f8
[2026-05-15T19:28:00Z] MOVE rollback src=1 dst=2 idx=248
[2026-05-15T19:28:00Z] ADD failed pe=2 mac=02:aa:00:00:00:a0
[2026-05-15T19:28:00Z] MOVE rollback src=1 dst=2 idx=160
[2026-05-15T19:28:01Z] ADD failed pe=2 mac=02:aa:00:00:01:19
[2026-05-15T19:28:01Z] MOVE rollback src=1 dst=2 idx=281
[2026-05-15T19:28:01Z] ADD failed pe=2 mac=02:aa:00:00:01:da
[2026-05-15T19:28:01Z] MOVE rollback src=1 dst=2 idx=474
[2026-05-15T19:28:01Z] ADD failed pe=2 mac=02:aa:00:00:00:8e
[2026-05-15T19:28:01Z] MOVE rollback src=1 dst=2 idx=142
[2026-05-15T19:28:01Z] ADD failed pe=2 mac=02:aa:00:00:01:81
[2026-05-15T19:28:01Z] MOVE rollback src=1 dst=2 idx=385
[2026-05-15T19:28:01Z] ADD failed pe=2 mac=02:aa:00:00:00:ba
[2026-05-15T19:28:02Z] MOVE rollback src=1 dst=2 idx=186
[2026-05-15T19:28:02Z] ADD failed pe=2 mac=02:aa:00:00:01:e7
[2026-05-15T19:28:02Z] MOVE rollback src=1 dst=2 idx=487
[2026-05-15T19:28:02Z] ADD failed pe=2 mac=02:aa:00:00:01:95
[2026-05-15T19:28:02Z] MOVE rollback src=1 dst=2 idx=405
[2026-05-15T19:28:02Z] ADD failed pe=2 mac=02:aa:00:00:00:5d
[2026-05-15T19:28:02Z] MOVE rollback src=1 dst=2 idx=93
[2026-05-15T19:28:02Z] ADD failed pe=2 mac=02:aa:00:00:01:c6
[2026-05-15T19:28:02Z] MOVE rollback src=1 dst=2 idx=454
[2026-05-15T19:28:03Z] ADD failed pe=2 mac=02:aa:00:00:00:1b
[2026-05-15T19:28:03Z] MOVE rollback src=1 dst=2 idx=27
[2026-05-15T19:28:03Z] ADD failed pe=2 mac=02:aa:00:00:00:31
[2026-05-15T19:28:03Z] MOVE rollback src=1 dst=2 idx=49
[2026-05-15T19:28:03Z] ADD failed pe=2 mac=02:aa:00:00:01:ce
[2026-05-15T19:28:03Z] MOVE rollback src=1 dst=2 idx=462
[2026-05-15T19:28:03Z] ADD failed pe=2 mac=02:aa:00:00:00:de
[2026-05-15T19:28:03Z] MOVE rollback src=1 dst=2 idx=222
[2026-05-15T19:28:04Z] ADD failed pe=2 mac=02:aa:00:00:00:81
[2026-05-15T19:28:04Z] MOVE rollback src=1 dst=2 idx=129
[2026-05-15T19:28:04Z] ADD failed pe=2 mac=02:aa:00:00:00:09
[2026-05-15T19:28:04Z] MOVE rollback src=1 dst=2 idx=9
[2026-05-15T19:28:04Z] ADD failed pe=2 mac=02:aa:00:00:00:ac
[2026-05-15T19:28:04Z] MOVE rollback src=1 dst=2 idx=172
[2026-05-15T19:28:04Z] ADD failed pe=2 mac=02:aa:00:00:00:f7
[2026-05-15T19:28:04Z] MOVE rollback src=1 dst=2 idx=247
[2026-05-15T19:28:04Z] ADD failed pe=2 mac=02:aa:00:00:00:80
[2026-05-15T19:28:05Z] MOVE rollback src=1 dst=2 idx=128
[2026-05-15T19:28:05Z] ADD failed pe=2 mac=02:aa:00:00:01:12
[2026-05-15T19:28:05Z] MOVE rollback src=1 dst=2 idx=274
[2026-05-15T19:28:05Z] ADD failed pe=2 mac=02:aa:00:00:00:f6
[2026-05-15T19:28:05Z] MOVE rollback src=1 dst=2 idx=246
[2026-05-15T19:28:05Z] MOVE src=1 dst=2 moved=1 pe1_pool=209 pe2_pool=203
[2026-05-15T19:28:07Z] ADD failed pe=2 mac=02:aa:00:00:00:45
[2026-05-15T19:28:07Z] MOVE rollback src=1 dst=2 idx=69
[2026-05-15T19:28:07Z] ADD failed pe=2 mac=02:aa:00:00:00:fe
[2026-05-15T19:28:08Z] MOVE rollback src=1 dst=2 idx=254
[2026-05-15T19:28:08Z] ADD failed pe=2 mac=02:aa:00:00:01:20
[2026-05-15T19:28:08Z] MOVE rollback src=1 dst=2 idx=288
[2026-05-15T19:28:08Z] ADD failed pe=2 mac=02:aa:00:00:01:80
[2026-05-15T19:28:08Z] MOVE rollback src=1 dst=2 idx=384
[2026-05-15T19:28:08Z] ADD failed pe=2 mac=02:aa:00:00:01:5b
[2026-05-15T19:28:08Z] MOVE rollback src=1 dst=2 idx=347
[2026-05-15T19:28:08Z] ADD failed pe=2 mac=02:aa:00:00:00:f6
[2026-05-15T19:28:08Z] MOVE rollback src=1 dst=2 idx=246
[2026-05-15T19:28:09Z] ADD failed pe=2 mac=02:aa:00:00:00:7c
[2026-05-15T19:28:09Z] MOVE rollback src=1 dst=2 idx=124
[2026-05-15T19:28:09Z] ADD failed pe=2 mac=02:aa:00:00:01:ae
[2026-05-15T19:28:09Z] MOVE rollback src=1 dst=2 idx=430
[2026-05-15T19:28:09Z] ADD failed pe=2 mac=02:aa:00:00:00:b0
[2026-05-15T19:28:09Z] MOVE rollback src=1 dst=2 idx=176
[2026-05-15T19:28:09Z] ADD failed pe=2 mac=02:aa:00:00:01:a7
[2026-05-15T19:28:09Z] MOVE rollback src=1 dst=2 idx=423
[2026-05-15T19:28:09Z] ADD failed pe=2 mac=02:aa:00:00:01:a8
[2026-05-15T19:28:09Z] MOVE rollback src=1 dst=2 idx=424
[2026-05-15T19:28:10Z] ADD failed pe=2 mac=02:aa:00:00:00:db
[2026-05-15T19:28:10Z] MOVE rollback src=1 dst=2 idx=219
[2026-05-15T19:28:10Z] ADD failed pe=2 mac=02:aa:00:00:01:2a
[2026-05-15T19:28:10Z] MOVE rollback src=1 dst=2 idx=298
[2026-05-15T19:28:10Z] ADD failed pe=2 mac=02:aa:00:00:00:c9
[2026-05-15T19:28:10Z] MOVE rollback src=1 dst=2 idx=201
[2026-05-15T19:28:10Z] ADD failed pe=2 mac=02:aa:00:00:00:8d
[2026-05-15T19:28:10Z] MOVE rollback src=1 dst=2 idx=141
[2026-05-15T19:28:10Z] ADD failed pe=2 mac=02:aa:00:00:01:26
[2026-05-15T19:28:11Z] MOVE rollback src=1 dst=2 idx=294
[2026-05-15T19:28:11Z] ADD failed pe=2 mac=02:aa:00:00:01:bc
[2026-05-15T19:28:11Z] MOVE rollback src=1 dst=2 idx=444
[2026-05-15T19:28:11Z] ADD failed pe=2 mac=02:aa:00:00:01:02
[2026-05-15T19:28:11Z] MOVE rollback src=1 dst=2 idx=258
[2026-05-15T19:28:11Z] ADD failed pe=2 mac=02:aa:00:00:00:1b
[2026-05-15T19:28:11Z] MOVE rollback src=1 dst=2 idx=27
[2026-05-15T19:28:11Z] ADD failed pe=2 mac=02:aa:00:00:00:92
[2026-05-15T19:28:11Z] MOVE rollback src=1 dst=2 idx=146
[2026-05-15T19:28:12Z] ADD failed pe=2 mac=02:aa:00:00:01:12
[2026-05-15T19:28:12Z] MOVE rollback src=1 dst=2 idx=274
[2026-05-15T19:28:12Z] ADD failed pe=2 mac=02:aa:00:00:01:e6
[2026-05-15T19:28:12Z] MOVE rollback src=1 dst=2 idx=486
[2026-05-15T19:28:12Z] ADD failed pe=2 mac=02:aa:00:00:01:c6
[2026-05-15T19:28:12Z] MOVE rollback src=1 dst=2 idx=454
[2026-05-15T19:28:12Z] ADD failed pe=2 mac=02:aa:00:00:01:70
[2026-05-15T19:28:12Z] MOVE rollback src=1 dst=2 idx=368
[2026-05-15T19:28:12Z] ADD failed pe=2 mac=02:aa:00:00:01:95
[2026-05-15T19:28:13Z] MOVE rollback src=1 dst=2 idx=405
[2026-05-15T19:28:13Z] ADD failed pe=2 mac=02:aa:00:00:00:ec
[2026-05-15T19:28:13Z] MOVE rollback src=1 dst=2 idx=236
[2026-05-15T19:28:13Z] ADD failed pe=2 mac=02:aa:00:00:01:f3
[2026-05-15T19:28:13Z] MOVE rollback src=1 dst=2 idx=499
[2026-05-15T19:28:13Z] ADD failed pe=2 mac=02:aa:00:00:00:07
[2026-05-15T19:28:13Z] MOVE rollback src=1 dst=2 idx=7
[2026-05-15T19:28:13Z] ADD failed pe=2 mac=02:aa:00:00:00:30
[2026-05-15T19:28:13Z] MOVE rollback src=1 dst=2 idx=48
[2026-05-15T19:28:14Z] ADD failed pe=2 mac=02:aa:00:00:00:d9
[2026-05-15T19:28:14Z] MOVE rollback src=1 dst=2 idx=217
[2026-05-15T19:28:14Z] ADD failed pe=2 mac=02:aa:00:00:00:35
[2026-05-15T19:28:14Z] MOVE rollback src=1 dst=2 idx=53
[2026-05-15T19:28:14Z] ADD failed pe=2 mac=02:aa:00:00:01:82
[2026-05-15T19:28:14Z] MOVE rollback src=1 dst=2 idx=386
[2026-05-15T19:28:14Z] ADD failed pe=2 mac=02:aa:00:00:00:e1
[2026-05-15T19:28:14Z] MOVE rollback src=1 dst=2 idx=225
[2026-05-15T19:28:14Z] ADD failed pe=2 mac=02:aa:00:00:00:62
[2026-05-15T19:28:14Z] MOVE rollback src=1 dst=2 idx=98
[2026-05-15T19:28:15Z] ADD failed pe=2 mac=02:aa:00:00:01:c9
[2026-05-15T19:28:15Z] MOVE rollback src=1 dst=2 idx=457
[2026-05-15T19:28:15Z] ADD failed pe=2 mac=02:aa:00:00:01:63
[2026-05-15T19:28:15Z] MOVE rollback src=1 dst=2 idx=355
[2026-05-15T19:28:15Z] ADD failed pe=2 mac=02:aa:00:00:00:cf
[2026-05-15T19:28:15Z] MOVE rollback src=1 dst=2 idx=207
[2026-05-15T19:28:15Z] ADD failed pe=2 mac=02:aa:00:00:01:cc
[2026-05-15T19:28:15Z] MOVE rollback src=1 dst=2 idx=460
[2026-05-15T19:28:15Z] ADD failed pe=2 mac=02:aa:00:00:01:19
[2026-05-15T19:28:16Z] MOVE rollback src=1 dst=2 idx=281
[2026-05-15T19:28:16Z] ADD failed pe=2 mac=02:aa:00:00:01:c3
[2026-05-15T19:28:16Z] MOVE rollback src=1 dst=2 idx=451
[2026-05-15T19:28:16Z] ADD failed pe=2 mac=02:aa:00:00:00:61
[2026-05-15T19:28:16Z] MOVE rollback src=1 dst=2 idx=97
[2026-05-15T19:28:16Z] ADD failed pe=2 mac=02:aa:00:00:00:94
[2026-05-15T19:28:16Z] MOVE rollback src=1 dst=2 idx=148
[2026-05-15T19:28:16Z] ADD failed pe=2 mac=02:aa:00:00:01:58
[2026-05-15T19:28:16Z] MOVE rollback src=1 dst=2 idx=344
[2026-05-15T19:28:17Z] ADD failed pe=2 mac=02:aa:00:00:01:e1
[2026-05-15T19:28:17Z] MOVE rollback src=1 dst=2 idx=481
[2026-05-15T19:28:17Z] ADD failed pe=2 mac=02:aa:00:00:01:86
[2026-05-15T19:28:17Z] MOVE rollback src=1 dst=2 idx=390
[2026-05-15T19:28:17Z] ADD failed pe=2 mac=02:aa:00:00:01:90
[2026-05-15T19:28:17Z] MOVE rollback src=1 dst=2 idx=400
[2026-05-15T19:28:17Z] ADD failed pe=2 mac=02:aa:00:00:00:b3
[2026-05-15T19:28:17Z] MOVE rollback src=1 dst=2 idx=179
[2026-05-15T19:28:17Z] ADD failed pe=2 mac=02:aa:00:00:00:6e
[2026-05-15T19:28:18Z] MOVE rollback src=1 dst=2 idx=110
[2026-05-15T19:28:18Z] ADD failed pe=2 mac=02:aa:00:00:01:22
[2026-05-15T19:28:18Z] MOVE rollback src=1 dst=2 idx=290
[2026-05-15T19:28:18Z] ADD failed pe=2 mac=02:aa:00:00:00:d4
[2026-05-15T19:28:18Z] MOVE rollback src=1 dst=2 idx=212
[2026-05-15T19:28:18Z] MOVE src=1 dst=2 moved=0 pe1_pool=209 pe2_pool=203
[2026-05-15T19:28:24Z] ADD pe=2 added=50 pool=253
[2026-05-15T19:28:30Z] ADD pe=1 added=48 pool=257
[2026-05-15T19:28:32Z] ADD failed pe=2 mac=02:aa:00:00:00:43
[2026-05-15T19:28:32Z] MOVE rollback src=1 dst=2 idx=67
[2026-05-15T19:28:32Z] ADD failed pe=2 mac=02:aa:00:00:01:28
[2026-05-15T19:28:32Z] MOVE rollback src=1 dst=2 idx=296
[2026-05-15T19:28:32Z] ADD failed pe=2 mac=02:aa:00:00:00:09
[2026-05-15T19:28:32Z] MOVE rollback src=1 dst=2 idx=9
[2026-05-15T19:28:32Z] ADD failed pe=2 mac=02:aa:00:00:00:a1
[2026-05-15T19:28:33Z] MOVE rollback src=1 dst=2 idx=161
[2026-05-15T19:28:33Z] ADD failed pe=2 mac=02:aa:00:00:00:54
[2026-05-15T19:28:33Z] MOVE rollback src=1 dst=2 idx=84
[2026-05-15T19:28:33Z] ADD failed pe=2 mac=02:aa:00:00:01:2c
[2026-05-15T19:28:33Z] MOVE rollback src=1 dst=2 idx=300
[2026-05-15T19:28:33Z] ADD failed pe=2 mac=02:aa:00:00:00:6b
[2026-05-15T19:28:33Z] MOVE rollback src=1 dst=2 idx=107
[2026-05-15T19:28:33Z] ADD failed pe=2 mac=02:aa:00:00:01:a7
[2026-05-15T19:28:34Z] MOVE rollback src=1 dst=2 idx=423
[2026-05-15T19:28:34Z] ADD failed pe=2 mac=02:aa:00:00:00:16
[2026-05-15T19:28:34Z] MOVE rollback src=1 dst=2 idx=22
[2026-05-15T19:28:34Z] ADD failed pe=2 mac=02:aa:00:00:00:8b
[2026-05-15T19:28:34Z] MOVE rollback src=1 dst=2 idx=139
[2026-05-15T19:28:34Z] ADD failed pe=2 mac=02:aa:00:00:01:da
[2026-05-15T19:28:34Z] MOVE rollback src=1 dst=2 idx=474
[2026-05-15T19:28:34Z] ADD failed pe=2 mac=02:aa:00:00:00:53
[2026-05-15T19:28:34Z] MOVE rollback src=1 dst=2 idx=83
[2026-05-15T19:28:35Z] ADD failed pe=2 mac=02:aa:00:00:00:58
[2026-05-15T19:28:35Z] MOVE rollback src=1 dst=2 idx=88
[2026-05-15T19:28:35Z] ADD failed pe=2 mac=02:aa:00:00:01:7e
[2026-05-15T19:28:35Z] MOVE rollback src=1 dst=2 idx=382
[2026-05-15T19:28:35Z] ADD failed pe=2 mac=02:aa:00:00:01:19
[2026-05-15T19:28:35Z] MOVE rollback src=1 dst=2 idx=281
[2026-05-15T19:28:35Z] ADD failed pe=2 mac=02:aa:00:00:01:32
[2026-05-15T19:28:35Z] MOVE rollback src=1 dst=2 idx=306
[2026-05-15T19:28:35Z] ADD failed pe=2 mac=02:aa:00:00:01:8d
[2026-05-15T19:28:36Z] MOVE rollback src=1 dst=2 idx=397
[2026-05-15T19:28:36Z] ADD failed pe=2 mac=02:aa:00:00:01:2d
[2026-05-15T19:28:36Z] MOVE rollback src=1 dst=2 idx=301
[2026-05-15T19:28:36Z] ADD failed pe=2 mac=02:aa:00:00:00:78
[2026-05-15T19:28:36Z] MOVE rollback src=1 dst=2 idx=120
[2026-05-15T19:28:36Z] ADD failed pe=2 mac=02:aa:00:00:00:96
[2026-05-15T19:28:36Z] MOVE rollback src=1 dst=2 idx=150
[2026-05-15T19:28:36Z] ADD failed pe=2 mac=02:aa:00:00:00:97
[2026-05-15T19:28:36Z] MOVE rollback src=1 dst=2 idx=151
[2026-05-15T19:28:37Z] ADD failed pe=2 mac=02:aa:00:00:00:65
[2026-05-15T19:28:37Z] MOVE rollback src=1 dst=2 idx=101
[2026-05-15T19:28:37Z] ADD failed pe=2 mac=02:aa:00:00:01:86
[2026-05-15T19:28:37Z] MOVE rollback src=1 dst=2 idx=390
[2026-05-15T19:28:37Z] ADD failed pe=2 mac=02:aa:00:00:00:7b
[2026-05-15T19:28:37Z] MOVE rollback src=1 dst=2 idx=123
[2026-05-15T19:28:37Z] ADD failed pe=2 mac=02:aa:00:00:01:58
[2026-05-15T19:28:37Z] MOVE rollback src=1 dst=2 idx=344
[2026-05-15T19:28:38Z] ADD failed pe=2 mac=02:aa:00:00:00:4a
[2026-05-15T19:28:38Z] MOVE rollback src=1 dst=2 idx=74
[2026-05-15T19:28:38Z] ADD failed pe=2 mac=02:aa:00:00:00:b3
[2026-05-15T19:28:38Z] MOVE rollback src=1 dst=2 idx=179
[2026-05-15T19:28:38Z] ADD failed pe=2 mac=02:aa:00:00:01:30
[2026-05-15T19:28:38Z] MOVE rollback src=1 dst=2 idx=304
[2026-05-15T19:28:38Z] ADD failed pe=2 mac=02:aa:00:00:01:60
[2026-05-15T19:28:38Z] MOVE rollback src=1 dst=2 idx=352
[2026-05-15T19:28:39Z] ADD failed pe=2 mac=02:aa:00:00:00:4f
[2026-05-15T19:28:39Z] MOVE rollback src=1 dst=2 idx=79
[2026-05-15T19:28:39Z] ADD failed pe=2 mac=02:aa:00:00:01:b5
[2026-05-15T19:28:39Z] MOVE rollback src=1 dst=2 idx=437
[2026-05-15T19:28:39Z] ADD failed pe=2 mac=02:aa:00:00:01:fc
[2026-05-15T19:28:39Z] MOVE rollback src=1 dst=2 idx=508
[2026-05-15T19:28:39Z] ADD failed pe=2 mac=02:aa:00:00:00:80
[2026-05-15T19:28:39Z] MOVE rollback src=1 dst=2 idx=128
[2026-05-15T19:28:39Z] ADD failed pe=2 mac=02:aa:00:00:00:a3
[2026-05-15T19:28:39Z] MOVE rollback src=1 dst=2 idx=163
[2026-05-15T19:28:40Z] ADD failed pe=2 mac=02:aa:00:00:00:fe
[2026-05-15T19:28:40Z] MOVE rollback src=1 dst=2 idx=254
[2026-05-15T19:28:40Z] ADD failed pe=2 mac=02:aa:00:00:01:e9
[2026-05-15T19:28:40Z] MOVE rollback src=1 dst=2 idx=489
[2026-05-15T19:28:40Z] ADD failed pe=2 mac=02:aa:00:00:01:5f
[2026-05-15T19:28:40Z] MOVE rollback src=1 dst=2 idx=351
[2026-05-15T19:28:40Z] ADD failed pe=2 mac=02:aa:00:00:00:b0
[2026-05-15T19:28:40Z] MOVE rollback src=1 dst=2 idx=176
[2026-05-15T19:28:41Z] ADD failed pe=2 mac=02:aa:00:00:00:34
[2026-05-15T19:28:41Z] MOVE rollback src=1 dst=2 idx=52
[2026-05-15T19:28:41Z] ADD failed pe=2 mac=02:aa:00:00:01:cc
[2026-05-15T19:28:41Z] MOVE rollback src=1 dst=2 idx=460
[2026-05-15T19:28:41Z] ADD failed pe=2 mac=02:aa:00:00:01:ff
[2026-05-15T19:28:41Z] MOVE rollback src=1 dst=2 idx=511
[2026-05-15T19:28:41Z] ADD failed pe=2 mac=02:aa:00:00:01:8f
[2026-05-15T19:28:41Z] MOVE rollback src=1 dst=2 idx=399
[2026-05-15T19:28:41Z] ADD failed pe=2 mac=02:aa:00:00:00:a5
[2026-05-15T19:28:42Z] MOVE rollback src=1 dst=2 idx=165
[2026-05-15T19:28:42Z] ADD failed pe=2 mac=02:aa:00:00:01:38
[2026-05-15T19:28:42Z] MOVE rollback src=1 dst=2 idx=312
[2026-05-15T19:28:42Z] ADD failed pe=2 mac=02:aa:00:00:01:db
[2026-05-15T19:28:42Z] MOVE rollback src=1 dst=2 idx=475
[2026-05-15T19:28:42Z] ADD failed pe=2 mac=02:aa:00:00:00:07
[2026-05-15T19:28:42Z] MOVE rollback src=1 dst=2 idx=7
[2026-05-15T19:28:42Z] ADD failed pe=2 mac=02:aa:00:00:01:ce
[2026-05-15T19:28:42Z] MOVE rollback src=1 dst=2 idx=462
[2026-05-15T19:28:43Z] ADD failed pe=2 mac=02:aa:00:00:01:d0
[2026-05-15T19:28:43Z] MOVE rollback src=1 dst=2 idx=464
[2026-05-15T19:28:43Z] ADD failed pe=2 mac=02:aa:00:00:00:f5
[2026-05-15T19:28:43Z] MOVE rollback src=1 dst=2 idx=245
[2026-05-15T19:28:43Z] ADD failed pe=2 mac=02:aa:00:00:01:9c
[2026-05-15T19:28:43Z] MOVE rollback src=1 dst=2 idx=412
[2026-05-15T19:28:43Z] MOVE src=1 dst=2 moved=0 pe1_pool=257 pe2_pool=253
[2026-05-15T19:28:49Z] DEL pe=1 removed=50 pool=207
[2026-05-15T19:28:55Z] ADD pe=1 added=50 pool=257
[2026-05-15T19:28:58Z] ADD pe=2 added=2 pool=255
[2026-05-15T19:29:04Z] DEL pe=1 removed=50 pool=207
[2026-05-15T19:29:10Z] DEL pe=2 removed=50 pool=205
[2026-05-15T19:29:16Z] ADD pe=2 added=50 pool=255
[2026-05-15T19:29:18Z] ADD failed pe=1 mac=02:aa:00:00:01:8b
[2026-05-15T19:29:18Z] MOVE rollback src=2 dst=1 idx=395
[2026-05-15T19:29:18Z] ADD failed pe=1 mac=02:aa:00:00:00:44
[2026-05-15T19:29:18Z] MOVE rollback src=2 dst=1 idx=68
[2026-05-15T19:29:19Z] ADD failed pe=1 mac=02:aa:00:00:01:ec
[2026-05-15T19:29:19Z] MOVE rollback src=2 dst=1 idx=492
[2026-05-15T19:29:19Z] ADD failed pe=1 mac=02:aa:00:00:01:39
[2026-05-15T19:29:19Z] MOVE rollback src=2 dst=1 idx=313
[2026-05-15T19:29:19Z] ADD failed pe=1 mac=02:aa:00:00:00:ad
[2026-05-15T19:29:19Z] MOVE rollback src=2 dst=1 idx=173
[2026-05-15T19:29:20Z] ADD failed pe=1 mac=02:aa:00:00:01:ee
[2026-05-15T19:29:20Z] MOVE rollback src=2 dst=1 idx=494
[2026-05-15T19:29:20Z] ADD failed pe=1 mac=02:aa:00:00:00:70
[2026-05-15T19:29:20Z] MOVE rollback src=2 dst=1 idx=112
[2026-05-15T19:29:20Z] ADD failed pe=1 mac=02:aa:00:00:00:22
[2026-05-15T19:29:20Z] MOVE rollback src=2 dst=1 idx=34
[2026-05-15T19:29:20Z] ADD failed pe=1 mac=02:aa:00:00:00:9d
[2026-05-15T19:29:20Z] MOVE rollback src=2 dst=1 idx=157
[2026-05-15T19:29:21Z] ADD failed pe=1 mac=02:aa:00:00:01:ba
[2026-05-15T19:29:21Z] MOVE rollback src=2 dst=1 idx=442
[2026-05-15T19:29:21Z] ADD failed pe=1 mac=02:aa:00:00:01:89
[2026-05-15T19:29:21Z] MOVE rollback src=2 dst=1 idx=393
[2026-05-15T19:29:21Z] ADD failed pe=1 mac=02:aa:00:00:00:40
[2026-05-15T19:29:21Z] MOVE rollback src=2 dst=1 idx=64
[2026-05-15T19:29:21Z] ADD failed pe=1 mac=02:aa:00:00:00:ae
[2026-05-15T19:29:21Z] MOVE rollback src=2 dst=1 idx=174
[2026-05-15T19:29:22Z] ADD failed pe=1 mac=02:aa:00:00:01:fa
[2026-05-15T19:29:22Z] MOVE rollback src=2 dst=1 idx=506
[2026-05-15T19:29:22Z] ADD failed pe=1 mac=02:aa:00:00:01:bd
[2026-05-15T19:29:22Z] MOVE rollback src=2 dst=1 idx=445
[2026-05-15T19:29:22Z] ADD failed pe=1 mac=02:aa:00:00:01:96
[2026-05-15T19:29:22Z] MOVE rollback src=2 dst=1 idx=406
[2026-05-15T19:29:22Z] ADD failed pe=1 mac=02:aa:00:00:01:b2
[2026-05-15T19:29:22Z] MOVE rollback src=2 dst=1 idx=434
[2026-05-15T19:29:22Z] ADD failed pe=1 mac=02:aa:00:00:00:17
[2026-05-15T19:29:22Z] MOVE rollback src=2 dst=1 idx=23
[2026-05-15T19:29:23Z] ADD failed pe=1 mac=02:aa:00:00:01:41
[2026-05-15T19:29:23Z] MOVE rollback src=2 dst=1 idx=321
[2026-05-15T19:29:23Z] ADD failed pe=1 mac=02:aa:00:00:00:6a
[2026-05-15T19:29:23Z] MOVE rollback src=2 dst=1 idx=106
[2026-05-15T19:29:23Z] ADD failed pe=1 mac=02:aa:00:00:01:0b
[2026-05-15T19:29:23Z] MOVE rollback src=2 dst=1 idx=267
[2026-05-15T19:29:23Z] ADD failed pe=1 mac=02:aa:00:00:00:0f
[2026-05-15T19:29:23Z] MOVE rollback src=2 dst=1 idx=15
[2026-05-15T19:29:24Z] ADD failed pe=1 mac=02:aa:00:00:00:2a
[2026-05-15T19:29:24Z] MOVE rollback src=2 dst=1 idx=42
[2026-05-15T19:29:24Z] ADD failed pe=1 mac=02:aa:00:00:00:cc
[2026-05-15T19:29:24Z] MOVE rollback src=2 dst=1 idx=204
[2026-05-15T19:29:24Z] ADD failed pe=1 mac=02:aa:00:00:00:10
[2026-05-15T19:29:24Z] MOVE rollback src=2 dst=1 idx=16
[2026-05-15T19:29:24Z] ADD failed pe=1 mac=02:aa:00:00:01:54
[2026-05-15T19:29:24Z] MOVE rollback src=2 dst=1 idx=340
[2026-05-15T19:29:25Z] ADD failed pe=1 mac=02:aa:00:00:00:0e
[2026-05-15T19:29:25Z] MOVE rollback src=2 dst=1 idx=14
[2026-05-15T19:29:25Z] ADD failed pe=1 mac=02:aa:00:00:00:63
[2026-05-15T19:29:25Z] MOVE rollback src=2 dst=1 idx=99
[2026-05-15T19:29:25Z] ADD failed pe=1 mac=02:aa:00:00:00:c4
[2026-05-15T19:29:25Z] MOVE rollback src=2 dst=1 idx=196
[2026-05-15T19:29:25Z] ADD failed pe=1 mac=02:aa:00:00:00:b7
[2026-05-15T19:29:25Z] MOVE rollback src=2 dst=1 idx=183
[2026-05-15T19:29:26Z] ADD failed pe=1 mac=02:aa:00:00:01:33
[2026-05-15T19:29:26Z] MOVE rollback src=2 dst=1 idx=307
[2026-05-15T19:29:26Z] ADD failed pe=1 mac=02:aa:00:00:00:7f
[2026-05-15T19:29:26Z] MOVE rollback src=2 dst=1 idx=127
[2026-05-15T19:29:26Z] ADD failed pe=1 mac=02:aa:00:00:01:11
[2026-05-15T19:29:26Z] MOVE rollback src=2 dst=1 idx=273
[2026-05-15T19:29:26Z] ADD failed pe=1 mac=02:aa:00:00:01:1f
[2026-05-15T19:29:26Z] MOVE rollback src=2 dst=1 idx=287
[2026-05-15T19:29:27Z] ADD failed pe=1 mac=02:aa:00:00:01:ea
[2026-05-15T19:29:27Z] MOVE rollback src=2 dst=1 idx=490
[2026-05-15T19:29:27Z] ADD failed pe=1 mac=02:aa:00:00:01:7b
[2026-05-15T19:29:27Z] MOVE rollback src=2 dst=1 idx=379
[2026-05-15T19:29:27Z] ADD failed pe=1 mac=02:aa:00:00:00:29
[2026-05-15T19:29:27Z] MOVE rollback src=2 dst=1 idx=41
[2026-05-15T19:29:27Z] ADD failed pe=1 mac=02:aa:00:00:00:60
[2026-05-15T19:29:27Z] MOVE rollback src=2 dst=1 idx=96
[2026-05-15T19:29:28Z] ADD failed pe=1 mac=02:aa:00:00:00:08
[2026-05-15T19:29:28Z] MOVE rollback src=2 dst=1 idx=8
[2026-05-15T19:29:28Z] ADD failed pe=1 mac=02:aa:00:00:01:13
[2026-05-15T19:29:28Z] MOVE rollback src=2 dst=1 idx=275
[2026-05-15T19:29:28Z] ADD failed pe=1 mac=02:aa:00:00:00:ea
[2026-05-15T19:29:28Z] MOVE rollback src=2 dst=1 idx=234
[2026-05-15T19:29:28Z] ADD failed pe=1 mac=02:aa:00:00:00:11
[2026-05-15T19:29:28Z] MOVE rollback src=2 dst=1 idx=17
[2026-05-15T19:29:29Z] ADD failed pe=1 mac=02:aa:00:00:00:83
[2026-05-15T19:29:29Z] MOVE rollback src=2 dst=1 idx=131
[2026-05-15T19:29:29Z] ADD failed pe=1 mac=02:aa:00:00:01:f6
[2026-05-15T19:29:29Z] MOVE rollback src=2 dst=1 idx=502
[2026-05-15T19:29:29Z] ADD failed pe=1 mac=02:aa:00:00:00:e6
[2026-05-15T19:29:29Z] MOVE rollback src=2 dst=1 idx=230
[2026-05-15T19:29:29Z] ADD failed pe=1 mac=02:aa:00:00:00:cb
[2026-05-15T19:29:29Z] MOVE rollback src=2 dst=1 idx=203
[2026-05-15T19:29:30Z] ADD failed pe=1 mac=02:aa:00:00:01:0f
[2026-05-15T19:29:30Z] MOVE rollback src=2 dst=1 idx=271
[2026-05-15T19:29:30Z] ADD failed pe=1 mac=02:aa:00:00:00:91
[2026-05-15T19:29:30Z] MOVE rollback src=2 dst=1 idx=145
[2026-05-15T19:29:30Z] MOVE src=2 dst=1 moved=2 pe1_pool=209 pe2_pool=253
[2026-05-15T19:29:36Z] ADD pe=1 added=50 pool=259
[2026-05-15T19:29:42Z] DEL pe=1 removed=50 pool=209
[2026-05-15T19:29:52Z] DEL pe=2 removed=50 pool=203
[2026-05-15T19:30:01Z] DEL pe=1 removed=50 pool=159
[2026-05-15T19:30:08Z] ADD pe=1 added=50 pool=209
[2026-05-15T19:30:14Z] DEL pe=1 removed=50 pool=159
[2026-05-15T19:30:20Z] ADD pe=1 added=50 pool=209
[2026-05-15T19:30:26Z] DEL pe=1 removed=50 pool=159
[2026-05-15T19:30:32Z] ADD pe=1 added=50 pool=209
[2026-05-15T19:30:38Z] ADD pe=2 added=50 pool=253
[2026-05-15T19:30:41Z] ADD failed pe=1 mac=02:aa:00:00:00:63
[2026-05-15T19:30:41Z] MOVE rollback src=2 dst=1 idx=99
[2026-05-15T19:30:41Z] ADD failed pe=1 mac=02:aa:00:00:01:89
[2026-05-15T19:30:41Z] MOVE rollback src=2 dst=1 idx=393
[2026-05-15T19:30:41Z] ADD failed pe=1 mac=02:aa:00:00:01:fb
[2026-05-15T19:30:41Z] MOVE rollback src=2 dst=1 idx=507
[2026-05-15T19:30:41Z] ADD failed pe=1 mac=02:aa:00:00:00:64
[2026-05-15T19:30:42Z] MOVE rollback src=2 dst=1 idx=100
[2026-05-15T19:30:42Z] ADD failed pe=1 mac=02:aa:00:00:00:82
[2026-05-15T19:30:42Z] MOVE rollback src=2 dst=1 idx=130
[2026-05-15T19:30:42Z] ADD failed pe=1 mac=02:aa:00:00:00:5b
[2026-05-15T19:30:42Z] MOVE rollback src=2 dst=1 idx=91
[2026-05-15T19:30:42Z] ADD failed pe=1 mac=02:aa:00:00:01:0c
[2026-05-15T19:30:42Z] MOVE rollback src=2 dst=1 idx=268
[2026-05-15T19:30:42Z] ADD failed pe=1 mac=02:aa:00:00:00:d5
[2026-05-15T19:30:43Z] MOVE rollback src=2 dst=1 idx=213
[2026-05-15T19:30:43Z] ADD failed pe=1 mac=02:aa:00:00:01:22
[2026-05-15T19:30:43Z] MOVE rollback src=2 dst=1 idx=290
[2026-05-15T19:30:43Z] ADD failed pe=1 mac=02:aa:00:00:00:73
[2026-05-15T19:30:43Z] MOVE rollback src=2 dst=1 idx=115
[2026-05-15T19:30:43Z] ADD failed pe=1 mac=02:aa:00:00:01:f8
[2026-05-15T19:30:43Z] MOVE rollback src=2 dst=1 idx=504
[2026-05-15T19:30:43Z] ADD failed pe=1 mac=02:aa:00:00:00:57
[2026-05-15T19:30:43Z] MOVE rollback src=2 dst=1 idx=87
[2026-05-15T19:30:44Z] ADD failed pe=1 mac=02:aa:00:00:00:b6
[2026-05-15T19:30:44Z] MOVE rollback src=2 dst=1 idx=182
[2026-05-15T19:30:44Z] ADD failed pe=1 mac=02:aa:00:00:00:40
[2026-05-15T19:30:44Z] MOVE rollback src=2 dst=1 idx=64
[2026-05-15T19:30:44Z] ADD failed pe=1 mac=02:aa:00:00:00:71
[2026-05-15T19:30:44Z] MOVE rollback src=2 dst=1 idx=113
[2026-05-15T19:30:44Z] ADD failed pe=1 mac=02:aa:00:00:00:bc
[2026-05-15T19:30:44Z] MOVE rollback src=2 dst=1 idx=188
[2026-05-15T19:30:45Z] ADD failed pe=1 mac=02:aa:00:00:00:27
[2026-05-15T19:30:45Z] MOVE rollback src=2 dst=1 idx=39
[2026-05-15T19:30:45Z] ADD failed pe=1 mac=02:aa:00:00:00:7f
[2026-05-15T19:30:45Z] MOVE rollback src=2 dst=1 idx=127
[2026-05-15T19:30:45Z] ADD failed pe=1 mac=02:aa:00:00:01:50
[2026-05-15T19:30:45Z] MOVE rollback src=2 dst=1 idx=336
[2026-05-15T19:30:50Z] MOVE src=2 dst=1 moved=31 pe1_pool=240 pe2_pool=222
[2026-05-15T19:30:56Z] DEL pe=1 removed=50 pool=190
[2026-05-15T19:31:02Z] ADD pe=1 added=50 pool=240
[2026-05-15T19:31:08Z] DEL pe=1 removed=50 pool=190
[2026-05-15T19:31:14Z] ADD pe=1 added=50 pool=240
[2026-05-15T19:31:20Z] ADD pe=2 added=48 pool=270
[2026-05-15T19:31:30Z] MOVE src=2 dst=1 moved=50 pe1_pool=290 pe2_pool=220
[2026-05-15T19:31:36Z] DEL pe=1 removed=50 pool=240
[2026-05-15T19:31:46Z] MOVE src=1 dst=2 moved=50 pe1_pool=190 pe2_pool=270
[2026-05-15T19:31:56Z] MOVE src=2 dst=1 moved=50 pe1_pool=240 pe2_pool=220
[2026-05-15T19:32:06Z] MOVE src=1 dst=2 moved=50 pe1_pool=190 pe2_pool=270
[2026-05-15T19:32:11Z] ADD pe=1 added=50 pool=240
[2026-05-15T19:32:18Z] DEL pe=2 removed=50 pool=220
[2026-05-15T19:32:24Z] ADD pe=2 added=50 pool=270
[2026-05-15T19:32:34Z] MOVE src=2 dst=1 moved=50 pe1_pool=290 pe2_pool=220
[2026-05-15T19:32:44Z] MOVE src=1 dst=2 moved=50 pe1_pool=240 pe2_pool=270
[2026-05-15T19:32:50Z] DEL pe=2 removed=50 pool=220
[2026-05-15T19:32:56Z] ADD pe=2 added=50 pool=270
[2026-05-15T19:32:58Z] ADD pe=1 added=2 pool=242
[2026-05-15T19:33:08Z] MOVE src=2 dst=1 moved=50 pe1_pool=292 pe2_pool=220
[2026-05-15T19:33:13Z] DEL pe=1 removed=50 pool=242
[2026-05-15T19:33:23Z] MOVE src=1 dst=2 moved=50 pe1_pool=192 pe2_pool=270
[2026-05-15T19:33:29Z] DEL pe=2 removed=50 pool=220
[2026-05-15T19:33:36Z] DEL pe=2 removed=50 pool=170
[2026-05-15T19:33:42Z] ADD pe=2 added=50 pool=220
[2026-05-15T19:33:52Z] MOVE src=2 dst=1 moved=50 pe1_pool=242 pe2_pool=170
[2026-05-15T19:33:58Z] ADD pe=2 added=50 pool=220
[2026-05-15T19:34:03Z] ADD pe=2 added=49 pool=269
[2026-05-15T19:34:05Z] ADD pe=1 added=0 pool=242
[2026-05-15T19:34:08Z] ADD pe=1 added=1 pool=243
[2026-05-15T19:34:10Z] ADD pe=1 added=0 pool=243
[2026-05-15T19:34:12Z] ADD pe=1 added=0 pool=243
[2026-05-15T19:34:14Z] ADD pe=1 added=0 pool=243
[2026-05-15T19:34:19Z] DEL pe=2 removed=50 pool=219
[2026-05-15T19:34:25Z] ADD pe=2 added=49 pool=268
[2026-05-15T19:34:31Z] DEL pe=2 removed=50 pool=218
[2026-05-15T19:34:37Z] ADD pe=2 added=50 pool=268
[2026-05-15T19:34:39Z] ADD pe=1 added=1 pool=244
[2026-05-15T19:34:45Z] DEL pe=2 removed=50 pool=218
[2026-05-15T19:34:51Z] ADD pe=2 added=49 pool=267
[2026-05-15T19:34:58Z] DEL pe=2 removed=50 pool=217
[2026-05-15T19:35:08Z] MOVE src=1 dst=2 moved=50 pe1_pool=194 pe2_pool=267
[2026-05-15T19:35:14Z] DEL pe=2 removed=50 pool=217
[2026-05-15T19:35:21Z] ADD pe=1 added=50 pool=244
[2026-05-15T19:35:26Z] ADD pe=2 added=50 pool=267
[2026-05-15T19:35:32Z] DEL pe=2 removed=50 pool=217
[2026-05-15T19:35:39Z] DEL pe=1 removed=50 pool=194
[2026-05-15T19:35:48Z] MOVE src=2 dst=1 moved=50 pe1_pool=244 pe2_pool=167
[2026-05-15T19:35:54Z] ADD pe=2 added=50 pool=217
[2026-05-15T19:36:00Z] DEL pe=1 removed=50 pool=194
[2026-05-15T19:36:06Z] ADD pe=1 added=50 pool=244
[2026-05-15T19:36:11Z] ADD pe=2 added=50 pool=267
[2026-05-15T19:36:13Z] ADD pe=1 added=1 pool=245
[2026-05-15T19:36:19Z] DEL pe=2 removed=50 pool=217
[2026-05-15T19:36:29Z] MOVE src=1 dst=2 moved=50 pe1_pool=195 pe2_pool=267
[2026-05-15T19:36:35Z] DEL pe=2 removed=50 pool=217
[2026-05-15T19:36:41Z] DEL pe=2 removed=50 pool=167
[2026-05-15T19:36:46Z] ADD pe=2 added=50 pool=217
[2026-05-15T19:36:52Z] ADD pe=1 added=50 pool=245
[2026-05-15T19:37:02Z] MOVE src=1 dst=2 moved=50 pe1_pool=195 pe2_pool=267
[2026-05-15T19:37:08Z] ADD pe=1 added=50 pool=245
[2026-05-15T19:37:14Z] DEL pe=2 removed=50 pool=217
[2026-05-15T19:37:20Z] ADD pe=2 added=49 pool=266
[2026-05-15T19:37:26Z] DEL pe=2 removed=50 pool=216
[2026-05-15T19:37:32Z] ADD pe=2 added=50 pool=266
[2026-05-15T19:37:38Z] DEL pe=2 removed=50 pool=216
[2026-05-15T19:37:44Z] ADD pe=2 added=50 pool=266
[2026-05-15T19:37:46Z] ADD pe=1 added=1 pool=246
[2026-05-15T19:37:56Z] MOVE src=2 dst=1 moved=50 pe1_pool=296 pe2_pool=216
[2026-05-15T19:38:02Z] DEL pe=1 removed=50 pool=246
[2026-05-15T19:38:08Z] DEL pe=1 removed=50 pool=196
[2026-05-15T19:38:14Z] ADD pe=1 added=50 pool=246
[2026-05-15T19:38:20Z] ADD pe=2 added=50 pool=266
[2026-05-15T19:38:26Z] DEL pe=2 removed=50 pool=216
[2026-05-15T19:38:32Z] ADD pe=2 added=50 pool=266
[2026-05-15T19:38:38Z] DEL pe=2 removed=50 pool=216
[2026-05-15T19:38:44Z] ADD pe=2 added=50 pool=266
[2026-05-15T19:38:46Z] ADD pe=1 added=0 pool=246
[2026-05-15T19:38:52Z] DEL pe=2 removed=50 pool=216
[2026-05-15T19:38:57Z] ADD pe=2 added=49 pool=265
[2026-05-15T19:39:07Z] MOVE src=2 dst=1 moved=50 pe1_pool=296 pe2_pool=215
[2026-05-15T19:39:09Z] ADD pe=2 added=1 pool=216
[2026-05-15T19:39:15Z] DEL pe=1 removed=50 pool=246
[2026-05-15T19:39:24Z] MOVE src=1 dst=2 moved=50 pe1_pool=196 pe2_pool=266
[2026-05-15T19:39:30Z] DEL pe=2 removed=50 pool=216
[2026-05-15T19:39:40Z] MOVE src=2 dst=1 moved=50 pe1_pool=246 pe2_pool=166
[2026-05-15T19:39:50Z] MOVE src=1 dst=2 moved=50 pe1_pool=196 pe2_pool=216
[2026-05-15T19:40:00Z] MOVE src=2 dst=1 moved=50 pe1_pool=246 pe2_pool=166
[2026-05-15T19:40:09Z] MOVE src=1 dst=2 moved=50 pe1_pool=196 pe2_pool=216
[2026-05-15T19:40:15Z] ADD pe=1 added=50 pool=246
[2026-05-15T19:40:25Z] MOVE src=1 dst=2 moved=50 pe1_pool=196 pe2_pool=266
[2026-05-15T19:40:30Z] ADD pe=1 added=47 pool=243
[2026-05-15T19:40:33Z] ADD pe=1 added=3 pool=246
[2026-05-15T19:40:42Z] MOVE src=2 dst=1 moved=50 pe1_pool=296 pe2_pool=216
[2026-05-15T19:40:44Z] ADD pe=2 added=0 pool=216
[2026-05-15T19:40:46Z] ADD pe=2 added=0 pool=216
[2026-05-15T19:40:56Z] MOVE src=1 dst=2 moved=50 pe1_pool=246 pe2_pool=266
[2026-05-15T19:41:06Z] MOVE src=2 dst=1 moved=50 pe1_pool=296 pe2_pool=216
[2026-05-15T19:41:16Z] MOVE src=1 dst=2 moved=50 pe1_pool=246 pe2_pool=266
[2026-05-15T19:41:22Z] DEL pe=2 removed=50 pool=216
[2026-05-15T19:41:28Z] ADD pe=2 added=50 pool=266
[2026-05-15T19:41:37Z] MOVE src=2 dst=1 moved=50 pe1_pool=296 pe2_pool=216
[2026-05-15T19:41:47Z] MOVE src=1 dst=2 moved=50 pe1_pool=246 pe2_pool=266
[2026-05-15T19:41:49Z] ADD pe=1 added=0 pool=246
[2026-05-15T19:41:56Z] ADD failed pe=1 mac=02:aa:00:00:01:98
[2026-05-15T19:41:56Z] MOVE rollback src=2 dst=1 idx=408
[2026-05-15T19:41:56Z] ADD failed pe=1 mac=02:aa:00:00:01:08
[2026-05-15T19:41:56Z] MOVE rollback src=2 dst=1 idx=264
[2026-05-15T19:41:57Z] ADD failed pe=1 mac=02:aa:00:00:00:a3
[2026-05-15T19:41:57Z] MOVE rollback src=2 dst=1 idx=163
[2026-05-15T19:41:57Z] ADD failed pe=1 mac=02:aa:00:00:01:45
[2026-05-15T19:41:57Z] MOVE rollback src=2 dst=1 idx=325
[2026-05-15T19:41:57Z] ADD failed pe=1 mac=02:aa:00:00:00:7a
[2026-05-15T19:41:57Z] MOVE rollback src=2 dst=1 idx=122
[2026-05-15T19:41:58Z] ADD failed pe=1 mac=02:aa:00:00:00:fa
[2026-05-15T19:41:58Z] MOVE rollback src=2 dst=1 idx=250
[2026-05-15T19:41:58Z] ADD failed pe=1 mac=02:aa:00:00:00:72
[2026-05-15T19:41:58Z] MOVE rollback src=2 dst=1 idx=114
[2026-05-15T19:41:59Z] ADD failed pe=1 mac=02:aa:00:00:01:8d
[2026-05-15T19:41:59Z] MOVE rollback src=2 dst=1 idx=397
[2026-05-15T19:41:59Z] ADD failed pe=1 mac=02:aa:00:00:01:18
[2026-05-15T19:41:59Z] MOVE rollback src=2 dst=1 idx=280
[2026-05-15T19:41:59Z] ADD failed pe=1 mac=02:aa:00:00:00:df
[2026-05-15T19:41:59Z] MOVE rollback src=2 dst=1 idx=223
[2026-05-15T19:41:59Z] ADD failed pe=1 mac=02:aa:00:00:01:6e
[2026-05-15T19:42:00Z] MOVE rollback src=2 dst=1 idx=366
[2026-05-15T19:42:00Z] MOVE src=2 dst=1 moved=39 pe1_pool=285 pe2_pool=227
[2026-05-15T19:42:02Z] ADD pe=2 added=0 pool=227
[2026-05-15T19:42:04Z] ADD pe=2 added=0 pool=227
[2026-05-15T19:42:06Z] ADD pe=2 added=0 pool=227
[2026-05-15T19:42:08Z] ADD pe=2 added=0 pool=227
[2026-05-15T19:42:10Z] ADD pe=2 added=0 pool=227
[2026-05-15T19:42:16Z] DEL pe=1 removed=50 pool=235
[2026-05-15T19:42:22Z] ADD pe=2 added=50 pool=277
[2026-05-15T19:42:28Z] DEL pe=2 removed=50 pool=227
[2026-05-15T19:42:34Z] ADD pe=2 added=49 pool=276
[2026-05-15T19:42:36Z] ADD pe=1 added=1 pool=236
[2026-05-15T19:42:38Z] ADD failed pe=1 mac=02:aa:00:00:00:0b
[2026-05-15T19:42:38Z] MOVE rollback src=2 dst=1 idx=11
[2026-05-15T19:42:38Z] ADD failed pe=1 mac=02:aa:00:00:01:f5
[2026-05-15T19:42:38Z] MOVE rollback src=2 dst=1 idx=501
[2026-05-15T19:42:39Z] ADD failed pe=1 mac=02:aa:00:00:01:a3
[2026-05-15T19:42:39Z] MOVE rollback src=2 dst=1 idx=419
[2026-05-15T19:42:39Z] ADD failed pe=1 mac=02:aa:00:00:01:8d
[2026-05-15T19:42:39Z] MOVE rollback src=2 dst=1 idx=397
[2026-05-15T19:42:39Z] ADD failed pe=1 mac=02:aa:00:00:01:15
[2026-05-15T19:42:39Z] MOVE rollback src=2 dst=1 idx=277
[2026-05-15T19:42:39Z] ADD failed pe=1 mac=02:aa:00:00:00:cd
[2026-05-15T19:42:39Z] MOVE rollback src=2 dst=1 idx=205
[2026-05-15T19:42:40Z] ADD failed pe=1 mac=02:aa:00:00:00:07
[2026-05-15T19:42:40Z] MOVE rollback src=2 dst=1 idx=7
[2026-05-15T19:42:40Z] ADD failed pe=1 mac=02:aa:00:00:01:6c
[2026-05-15T19:42:40Z] MOVE rollback src=2 dst=1 idx=364
[2026-05-15T19:42:40Z] ADD failed pe=1 mac=02:aa:00:00:00:38
[2026-05-15T19:42:40Z] MOVE rollback src=2 dst=1 idx=56
[2026-05-15T19:42:40Z] ADD failed pe=1 mac=02:aa:00:00:00:5d
[2026-05-15T19:42:40Z] MOVE rollback src=2 dst=1 idx=93
[2026-05-15T19:42:41Z] ADD failed pe=1 mac=02:aa:00:00:01:74
[2026-05-15T19:42:41Z] MOVE rollback src=2 dst=1 idx=372
[2026-05-15T19:42:41Z] ADD failed pe=1 mac=02:aa:00:00:00:2d
[2026-05-15T19:42:41Z] MOVE rollback src=2 dst=1 idx=45
[2026-05-15T19:42:41Z] ADD failed pe=1 mac=02:aa:00:00:00:91
[2026-05-15T19:42:41Z] MOVE rollback src=2 dst=1 idx=145
[2026-05-15T19:42:41Z] ADD failed pe=1 mac=02:aa:00:00:00:7d
[2026-05-15T19:42:42Z] MOVE rollback src=2 dst=1 idx=125
[2026-05-15T19:42:42Z] ADD failed pe=1 mac=02:aa:00:00:00:4c
[2026-05-15T19:42:42Z] MOVE rollback src=2 dst=1 idx=76
[2026-05-15T19:42:42Z] ADD failed pe=1 mac=02:aa:00:00:00:58
[2026-05-15T19:42:42Z] MOVE rollback src=2 dst=1 idx=88
[2026-05-15T19:42:42Z] ADD failed pe=1 mac=02:aa:00:00:01:77
[2026-05-15T19:42:42Z] MOVE rollback src=2 dst=1 idx=375
[2026-05-15T19:42:43Z] ADD failed pe=1 mac=02:aa:00:00:00:70
[2026-05-15T19:42:43Z] MOVE rollback src=2 dst=1 idx=112
[2026-05-15T19:42:43Z] ADD failed pe=1 mac=02:aa:00:00:01:1d
[2026-05-15T19:42:43Z] MOVE rollback src=2 dst=1 idx=285
[2026-05-15T19:42:43Z] ADD failed pe=1 mac=02:aa:00:00:01:7f
[2026-05-15T19:42:43Z] MOVE rollback src=2 dst=1 idx=383
[2026-05-15T19:42:43Z] ADD failed pe=1 mac=02:aa:00:00:00:1b
[2026-05-15T19:42:43Z] MOVE rollback src=2 dst=1 idx=27
[2026-05-15T19:42:44Z] ADD failed pe=1 mac=02:aa:00:00:00:d3
[2026-05-15T19:42:44Z] MOVE rollback src=2 dst=1 idx=211
[2026-05-15T19:42:44Z] ADD failed pe=1 mac=02:aa:00:00:00:dd
[2026-05-15T19:42:44Z] MOVE rollback src=2 dst=1 idx=221
[2026-05-15T19:42:44Z] ADD failed pe=1 mac=02:aa:00:00:00:e9
[2026-05-15T19:42:44Z] MOVE rollback src=2 dst=1 idx=233
[2026-05-15T19:42:44Z] ADD failed pe=1 mac=02:aa:00:00:00:f2
[2026-05-15T19:42:45Z] MOVE rollback src=2 dst=1 idx=242
[2026-05-15T19:42:45Z] ADD failed pe=1 mac=02:aa:00:00:01:2a
[2026-05-15T19:42:45Z] MOVE rollback src=2 dst=1 idx=298
[2026-05-15T19:42:45Z] ADD failed pe=1 mac=02:aa:00:00:00:7a
[2026-05-15T19:42:45Z] MOVE rollback src=2 dst=1 idx=122
[2026-05-15T19:42:45Z] ADD failed pe=1 mac=02:aa:00:00:01:8a
[2026-05-15T19:42:45Z] MOVE rollback src=2 dst=1 idx=394
[2026-05-15T19:42:46Z] ADD failed pe=1 mac=02:aa:00:00:01:e4
[2026-05-15T19:42:46Z] MOVE rollback src=2 dst=1 idx=484
[2026-05-15T19:42:46Z] ADD failed pe=1 mac=02:aa:00:00:01:fa
[2026-05-15T19:42:46Z] MOVE rollback src=2 dst=1 idx=506
[2026-05-15T19:42:46Z] ADD failed pe=1 mac=02:aa:00:00:01:83
[2026-05-15T19:42:46Z] MOVE rollback src=2 dst=1 idx=387
[2026-05-15T19:42:46Z] ADD failed pe=1 mac=02:aa:00:00:00:ff
[2026-05-15T19:42:47Z] MOVE rollback src=2 dst=1 idx=255
[2026-05-15T19:42:47Z] ADD failed pe=1 mac=02:aa:00:00:00:fa
[2026-05-15T19:42:47Z] MOVE rollback src=2 dst=1 idx=250
[2026-05-15T19:42:47Z] ADD failed pe=1 mac=02:aa:00:00:00:f9
[2026-05-15T19:42:47Z] MOVE rollback src=2 dst=1 idx=249
[2026-05-15T19:42:47Z] ADD failed pe=1 mac=02:aa:00:00:01:f2
[2026-05-15T19:42:47Z] MOVE rollback src=2 dst=1 idx=498
[2026-05-15T19:42:47Z] ADD failed pe=1 mac=02:aa:00:00:00:7e
[2026-05-15T19:42:48Z] MOVE rollback src=2 dst=1 idx=126
[2026-05-15T19:42:48Z] MOVE src=2 dst=1 moved=14 pe1_pool=250 pe2_pool=262
[2026-05-15T19:42:50Z] ADD pe=1 added=0 pool=250
[2026-05-15T19:42:52Z] ADD failed pe=1 mac=02:aa:00:00:01:f2
[2026-05-15T19:42:52Z] MOVE rollback src=2 dst=1 idx=498
[2026-05-15T19:42:52Z] ADD failed pe=1 mac=02:aa:00:00:00:d2
[2026-05-15T19:42:52Z] MOVE rollback src=2 dst=1 idx=210
[2026-05-15T19:42:52Z] ADD failed pe=1 mac=02:aa:00:00:01:fc
[2026-05-15T19:42:53Z] MOVE rollback src=2 dst=1 idx=508
[2026-05-15T19:42:53Z] ADD failed pe=1 mac=02:aa:00:00:00:d7
[2026-05-15T19:42:53Z] MOVE rollback src=2 dst=1 idx=215
[2026-05-15T19:42:53Z] ADD failed pe=1 mac=02:aa:00:00:01:7f
[2026-05-15T19:42:53Z] MOVE rollback src=2 dst=1 idx=383
[2026-05-15T19:42:53Z] ADD failed pe=1 mac=02:aa:00:00:00:04
[2026-05-15T19:42:53Z] MOVE rollback src=2 dst=1 idx=4
[2026-05-15T19:42:53Z] ADD failed pe=1 mac=02:aa:00:00:01:a9
[2026-05-15T19:42:53Z] MOVE rollback src=2 dst=1 idx=425
[2026-05-15T19:42:54Z] ADD failed pe=1 mac=02:aa:00:00:01:45
[2026-05-15T19:42:54Z] MOVE rollback src=2 dst=1 idx=325
[2026-05-15T19:42:54Z] ADD failed pe=1 mac=02:aa:00:00:01:19
[2026-05-15T19:42:54Z] MOVE rollback src=2 dst=1 idx=281
[2026-05-15T19:42:54Z] ADD failed pe=1 mac=02:aa:00:00:01:9d
[2026-05-15T19:42:54Z] MOVE rollback src=2 dst=1 idx=413
[2026-05-15T19:42:55Z] ADD failed pe=1 mac=02:aa:00:00:01:fa
[2026-05-15T19:42:55Z] MOVE rollback src=2 dst=1 idx=506
[2026-05-15T19:42:55Z] ADD failed pe=1 mac=02:aa:00:00:00:1e
[2026-05-15T19:42:55Z] MOVE rollback src=2 dst=1 idx=30
[2026-05-15T19:42:55Z] ADD failed pe=1 mac=02:aa:00:00:01:a0
[2026-05-15T19:42:55Z] MOVE rollback src=2 dst=1 idx=416
[2026-05-15T19:42:55Z] ADD failed pe=1 mac=02:aa:00:00:00:07
[2026-05-15T19:42:55Z] MOVE rollback src=2 dst=1 idx=7
[2026-05-15T19:42:56Z] ADD failed pe=1 mac=02:aa:00:00:00:4b
[2026-05-15T19:42:56Z] MOVE rollback src=2 dst=1 idx=75
[2026-05-15T19:42:56Z] ADD failed pe=1 mac=02:aa:00:00:01:23
[2026-05-15T19:42:56Z] MOVE rollback src=2 dst=1 idx=291
[2026-05-15T19:42:56Z] ADD failed pe=1 mac=02:aa:00:00:01:c2
[2026-05-15T19:42:56Z] MOVE rollback src=2 dst=1 idx=450
[2026-05-15T19:42:56Z] ADD failed pe=1 mac=02:aa:00:00:01:7e
[2026-05-15T19:42:56Z] MOVE rollback src=2 dst=1 idx=382
[2026-05-15T19:42:57Z] ADD failed pe=1 mac=02:aa:00:00:00:38
[2026-05-15T19:42:57Z] MOVE rollback src=2 dst=1 idx=56
[2026-05-15T19:42:57Z] ADD failed pe=1 mac=02:aa:00:00:00:f1
[2026-05-15T19:42:57Z] MOVE rollback src=2 dst=1 idx=241
[2026-05-15T19:42:57Z] ADD failed pe=1 mac=02:aa:00:00:00:88
[2026-05-15T19:42:57Z] MOVE rollback src=2 dst=1 idx=136
[2026-05-15T19:42:58Z] ADD failed pe=1 mac=02:aa:00:00:00:72
[2026-05-15T19:42:58Z] MOVE rollback src=2 dst=1 idx=114
[2026-05-15T19:42:58Z] ADD failed pe=1 mac=02:aa:00:00:00:54
[2026-05-15T19:42:58Z] MOVE rollback src=2 dst=1 idx=84
[2026-05-15T19:42:58Z] ADD failed pe=1 mac=02:aa:00:00:00:8d
[2026-05-15T19:42:58Z] MOVE rollback src=2 dst=1 idx=141
[2026-05-15T19:42:59Z] ADD failed pe=1 mac=02:aa:00:00:01:4a
[2026-05-15T19:42:59Z] MOVE rollback src=2 dst=1 idx=330
[2026-05-15T19:42:59Z] ADD failed pe=1 mac=02:aa:00:00:00:91
[2026-05-15T19:42:59Z] MOVE rollback src=2 dst=1 idx=145
[2026-05-15T19:42:59Z] ADD failed pe=1 mac=02:aa:00:00:00:24
[2026-05-15T19:42:59Z] MOVE rollback src=2 dst=1 idx=36
[2026-05-15T19:42:59Z] ADD failed pe=1 mac=02:aa:00:00:01:15
[2026-05-15T19:42:59Z] MOVE rollback src=2 dst=1 idx=277
[2026-05-15T19:43:00Z] ADD failed pe=1 mac=02:aa:00:00:00:ae
[2026-05-15T19:43:00Z] MOVE rollback src=2 dst=1 idx=174
[2026-05-15T19:43:00Z] ADD failed pe=1 mac=02:aa:00:00:01:98
[2026-05-15T19:43:00Z] MOVE rollback src=2 dst=1 idx=408
[2026-05-15T19:43:00Z] ADD failed pe=1 mac=02:aa:00:00:01:6c
[2026-05-15T19:43:00Z] MOVE rollback src=2 dst=1 idx=364
[2026-05-15T19:43:00Z] ADD failed pe=1 mac=02:aa:00:00:01:e0
[2026-05-15T19:43:01Z] MOVE rollback src=2 dst=1 idx=480
[2026-05-15T19:43:01Z] ADD failed pe=1 mac=02:aa:00:00:00:fa
[2026-05-15T19:43:01Z] MOVE rollback src=2 dst=1 idx=250
[2026-05-15T19:43:01Z] ADD failed pe=1 mac=02:aa:00:00:00:68
[2026-05-15T19:43:01Z] MOVE rollback src=2 dst=1 idx=104
[2026-05-15T19:43:01Z] ADD failed pe=1 mac=02:aa:00:00:01:b6
[2026-05-15T19:43:01Z] MOVE rollback src=2 dst=1 idx=438
[2026-05-15T19:43:01Z] ADD failed pe=1 mac=02:aa:00:00:00:7a
[2026-05-15T19:43:01Z] MOVE rollback src=2 dst=1 idx=122
[2026-05-15T19:43:02Z] ADD failed pe=1 mac=02:aa:00:00:00:73
[2026-05-15T19:43:02Z] MOVE rollback src=2 dst=1 idx=115
[2026-05-15T19:43:02Z] MOVE src=2 dst=1 moved=13 pe1_pool=263 pe2_pool=249
[2026-05-15T19:43:04Z] ADD pe=2 added=0 pool=249
[2026-05-15T19:43:06Z] ADD pe=2 added=0 pool=249
[2026-05-15T19:43:11Z] DEL pe=1 removed=50 pool=213
[2026-05-15T19:43:17Z] DEL pe=2 removed=50 pool=199
[2026-05-15T19:43:23Z] ADD pe=2 added=50 pool=249
[2026-05-15T19:43:29Z] ADD pe=1 added=50 pool=263
[2026-05-15T19:43:31Z] ADD pe=2 added=0 pool=249
[2026-05-15T19:43:33Z] ADD pe=2 added=0 pool=249
[2026-05-15T19:43:39Z] DEL pe=1 removed=50 pool=213
[2026-05-15T19:43:41Z] ADD failed pe=1 mac=02:aa:00:00:00:5d
[2026-05-15T19:43:41Z] MOVE rollback src=2 dst=1 idx=93
[2026-05-15T19:43:41Z] ADD failed pe=1 mac=02:aa:00:00:01:21
[2026-05-15T19:43:41Z] MOVE rollback src=2 dst=1 idx=289
[2026-05-15T19:43:41Z] ADD failed pe=1 mac=02:aa:00:00:00:88
[2026-05-15T19:43:42Z] MOVE rollback src=2 dst=1 idx=136
[2026-05-15T19:43:42Z] ADD failed pe=1 mac=02:aa:00:00:01:5c
[2026-05-15T19:43:42Z] MOVE rollback src=2 dst=1 idx=348
[2026-05-15T19:43:42Z] ADD failed pe=1 mac=02:aa:00:00:01:a9
[2026-05-15T19:43:42Z] MOVE rollback src=2 dst=1 idx=425
[2026-05-15T19:43:42Z] ADD failed pe=1 mac=02:aa:00:00:01:4b
[2026-05-15T19:43:42Z] MOVE rollback src=2 dst=1 idx=331
[2026-05-15T19:43:42Z] ADD failed pe=1 mac=02:aa:00:00:00:7b
[2026-05-15T19:43:42Z] MOVE rollback src=2 dst=1 idx=123
[2026-05-15T19:43:43Z] ADD failed pe=1 mac=02:aa:00:00:00:d3
[2026-05-15T19:43:43Z] MOVE rollback src=2 dst=1 idx=211
[2026-05-15T19:43:43Z] ADD failed pe=1 mac=02:aa:00:00:01:47
[2026-05-15T19:43:43Z] MOVE rollback src=2 dst=1 idx=327
[2026-05-15T19:43:43Z] ADD failed pe=1 mac=02:aa:00:00:00:39
[2026-05-15T19:43:43Z] MOVE rollback src=2 dst=1 idx=57
[2026-05-15T19:43:44Z] ADD failed pe=1 mac=02:aa:00:00:01:06
[2026-05-15T19:43:44Z] MOVE rollback src=2 dst=1 idx=262
[2026-05-15T19:43:44Z] ADD failed pe=1 mac=02:aa:00:00:00:1f
[2026-05-15T19:43:44Z] MOVE rollback src=2 dst=1 idx=31
[2026-05-15T19:43:44Z] ADD failed pe=1 mac=02:aa:00:00:00:27
[2026-05-15T19:43:44Z] MOVE rollback src=2 dst=1 idx=39
[2026-05-15T19:43:44Z] ADD failed pe=1 mac=02:aa:00:00:01:8c
[2026-05-15T19:43:44Z] MOVE rollback src=2 dst=1 idx=396
[2026-05-15T19:43:45Z] ADD failed pe=1 mac=02:aa:00:00:01:bc
[2026-05-15T19:43:45Z] MOVE rollback src=2 dst=1 idx=444
[2026-05-15T19:43:45Z] ADD failed pe=1 mac=02:aa:00:00:00:c5
[2026-05-15T19:43:45Z] MOVE rollback src=2 dst=1 idx=197
[2026-05-15T19:43:46Z] ADD failed pe=1 mac=02:aa:00:00:00:0e
[2026-05-15T19:43:46Z] MOVE rollback src=2 dst=1 idx=14
[2026-05-15T19:43:46Z] ADD failed pe=1 mac=02:aa:00:00:01:a0
[2026-05-15T19:43:46Z] MOVE rollback src=2 dst=1 idx=416
[2026-05-15T19:43:46Z] ADD failed pe=1 mac=02:aa:00:00:00:15
[2026-05-15T19:43:46Z] MOVE rollback src=2 dst=1 idx=21
[2026-05-15T19:43:46Z] ADD failed pe=1 mac=02:aa:00:00:01:00
[2026-05-15T19:43:46Z] MOVE rollback src=2 dst=1 idx=256
[2026-05-15T19:43:47Z] ADD failed pe=1 mac=02:aa:00:00:00:25
[2026-05-15T19:43:47Z] MOVE rollback src=2 dst=1 idx=37
[2026-05-15T19:43:47Z] ADD failed pe=1 mac=02:aa:00:00:00:9b
[2026-05-15T19:43:47Z] MOVE rollback src=2 dst=1 idx=155
[2026-05-15T19:43:47Z] ADD failed pe=1 mac=02:aa:00:00:01:59
[2026-05-15T19:43:47Z] MOVE rollback src=2 dst=1 idx=345
[2026-05-15T19:43:47Z] ADD failed pe=1 mac=02:aa:00:00:01:fa
[2026-05-15T19:43:47Z] MOVE rollback src=2 dst=1 idx=506
[2026-05-15T19:43:48Z] ADD failed pe=1 mac=02:aa:00:00:00:81
[2026-05-15T19:43:48Z] MOVE rollback src=2 dst=1 idx=129
[2026-05-15T19:43:48Z] ADD failed pe=1 mac=02:aa:00:00:01:07
[2026-05-15T19:43:48Z] MOVE rollback src=2 dst=1 idx=263
[2026-05-15T19:43:48Z] ADD failed pe=1 mac=02:aa:00:00:00:bd
[2026-05-15T19:43:48Z] MOVE rollback src=2 dst=1 idx=189
[2026-05-15T19:43:48Z] ADD failed pe=1 mac=02:aa:00:00:01:ba
[2026-05-15T19:43:49Z] MOVE rollback src=2 dst=1 idx=442
[2026-05-15T19:43:49Z] ADD failed pe=1 mac=02:aa:00:00:00:1a
[2026-05-15T19:43:49Z] MOVE rollback src=2 dst=1 idx=26
[2026-05-15T19:43:49Z] ADD failed pe=1 mac=02:aa:00:00:00:aa
[2026-05-15T19:43:49Z] MOVE rollback src=2 dst=1 idx=170
[2026-05-15T19:43:49Z] ADD failed pe=1 mac=02:aa:00:00:01:6c
[2026-05-15T19:43:49Z] MOVE rollback src=2 dst=1 idx=364
[2026-05-15T19:43:49Z] ADD failed pe=1 mac=02:aa:00:00:00:87
[2026-05-15T19:43:49Z] MOVE rollback src=2 dst=1 idx=135
[2026-05-15T19:43:50Z] ADD failed pe=1 mac=02:aa:00:00:01:75
[2026-05-15T19:43:50Z] MOVE rollback src=2 dst=1 idx=373
[2026-05-15T19:43:50Z] ADD failed pe=1 mac=02:aa:00:00:01:9a
[2026-05-15T19:43:50Z] MOVE rollback src=2 dst=1 idx=410
[2026-05-15T19:43:50Z] ADD failed pe=1 mac=02:aa:00:00:00:ce
[2026-05-15T19:43:50Z] MOVE rollback src=2 dst=1 idx=206
[2026-05-15T19:43:50Z] ADD failed pe=1 mac=02:aa:00:00:00:ae
[2026-05-15T19:43:50Z] MOVE rollback src=2 dst=1 idx=174
[2026-05-15T19:43:51Z] ADD failed pe=1 mac=02:aa:00:00:00:00
[2026-05-15T19:43:51Z] MOVE rollback src=2 dst=1 idx=0
[2026-05-15T19:43:51Z] ADD failed pe=1 mac=02:aa:00:00:01:aa
[2026-05-15T19:43:51Z] MOVE rollback src=2 dst=1 idx=426
[2026-05-15T19:43:51Z] ADD failed pe=1 mac=02:aa:00:00:01:d1
[2026-05-15T19:43:51Z] MOVE rollback src=2 dst=1 idx=465
[2026-05-15T19:43:51Z] ADD failed pe=1 mac=02:aa:00:00:00:fd
[2026-05-15T19:43:51Z] MOVE rollback src=2 dst=1 idx=253
[2026-05-15T19:43:52Z] ADD failed pe=1 mac=02:aa:00:00:00:96
[2026-05-15T19:43:52Z] MOVE rollback src=2 dst=1 idx=150
[2026-05-15T19:43:52Z] ADD failed pe=1 mac=02:aa:00:00:01:0d
[2026-05-15T19:43:52Z] MOVE rollback src=2 dst=1 idx=269
[2026-05-15T19:43:52Z] MOVE src=2 dst=1 moved=8 pe1_pool=221 pe2_pool=241
[2026-05-15T19:43:58Z] DEL pe=2 removed=50 pool=191
[2026-05-15T19:44:04Z] DEL pe=1 removed=50 pool=171
[2026-05-15T19:44:10Z] DEL pe=2 removed=50 pool=141
[2026-05-15T19:44:16Z] ADD pe=2 added=50 pool=191
[2026-05-15T19:44:22Z] ADD pe=1 added=50 pool=221
[2026-05-15T19:44:24Z] ADD failed pe=2 mac=02:aa:00:00:00:c7
[2026-05-15T19:44:25Z] MOVE rollback src=1 dst=2 idx=199
[2026-05-15T19:44:25Z] ADD failed pe=2 mac=02:aa:00:00:01:fe
[2026-05-15T19:44:25Z] MOVE rollback src=1 dst=2 idx=510
[2026-05-15T19:44:25Z] ADD failed pe=2 mac=02:aa:00:00:00:a5
[2026-05-15T19:44:25Z] MOVE rollback src=1 dst=2 idx=165
[2026-05-15T19:44:25Z] ADD failed pe=2 mac=02:aa:00:00:00:9d
[2026-05-15T19:44:25Z] MOVE rollback src=1 dst=2 idx=157
[2026-05-15T19:44:25Z] ADD failed pe=2 mac=02:aa:00:00:01:32
[2026-05-15T19:44:25Z] MOVE rollback src=1 dst=2 idx=306
[2026-05-15T19:44:26Z] ADD failed pe=2 mac=02:aa:00:00:00:7b
[2026-05-15T19:44:26Z] MOVE rollback src=1 dst=2 idx=123
[2026-05-15T19:44:26Z] ADD failed pe=2 mac=02:aa:00:00:00:b6
[2026-05-15T19:44:26Z] MOVE rollback src=1 dst=2 idx=182
[2026-05-15T19:44:26Z] ADD failed pe=2 mac=02:aa:00:00:00:34
[2026-05-15T19:44:26Z] MOVE rollback src=1 dst=2 idx=52
[2026-05-15T19:44:26Z] ADD failed pe=2 mac=02:aa:00:00:00:90
[2026-05-15T19:44:26Z] MOVE rollback src=1 dst=2 idx=144
[2026-05-15T19:44:27Z] ADD failed pe=2 mac=02:aa:00:00:01:40
[2026-05-15T19:44:27Z] MOVE rollback src=1 dst=2 idx=320
[2026-05-15T19:44:27Z] ADD failed pe=2 mac=02:aa:00:00:01:eb
[2026-05-15T19:44:27Z] MOVE rollback src=1 dst=2 idx=491
[2026-05-15T19:44:27Z] ADD failed pe=2 mac=02:aa:00:00:00:67
[2026-05-15T19:44:27Z] MOVE rollback src=1 dst=2 idx=103
[2026-05-15T19:44:27Z] ADD failed pe=2 mac=02:aa:00:00:01:51
[2026-05-15T19:44:27Z] MOVE rollback src=1 dst=2 idx=337
[2026-05-15T19:44:28Z] ADD failed pe=2 mac=02:aa:00:00:01:ec
[2026-05-15T19:44:28Z] MOVE rollback src=1 dst=2 idx=492
[2026-05-15T19:44:28Z] ADD failed pe=2 mac=02:aa:00:00:00:ad
[2026-05-15T19:44:28Z] MOVE rollback src=1 dst=2 idx=173
[2026-05-15T19:44:28Z] ADD failed pe=2 mac=02:aa:00:00:00:4f
[2026-05-15T19:44:28Z] MOVE rollback src=1 dst=2 idx=79
[2026-05-15T19:44:28Z] ADD failed pe=2 mac=02:aa:00:00:00:bc
[2026-05-15T19:44:28Z] MOVE rollback src=1 dst=2 idx=188
[2026-05-15T19:44:28Z] ADD failed pe=2 mac=02:aa:00:00:01:73
[2026-05-15T19:44:29Z] MOVE rollback src=1 dst=2 idx=371
[2026-05-15T19:44:29Z] ADD failed pe=2 mac=02:aa:00:00:00:5f
[2026-05-15T19:44:29Z] MOVE rollback src=1 dst=2 idx=95
[2026-05-15T19:44:29Z] ADD failed pe=2 mac=02:aa:00:00:01:3d
[2026-05-15T19:44:29Z] MOVE rollback src=1 dst=2 idx=317
[2026-05-15T19:44:29Z] ADD failed pe=2 mac=02:aa:00:00:00:48
[2026-05-15T19:44:29Z] MOVE rollback src=1 dst=2 idx=72
[2026-05-15T19:44:29Z] ADD failed pe=2 mac=02:aa:00:00:00:f6
[2026-05-15T19:44:29Z] MOVE rollback src=1 dst=2 idx=246
[2026-05-15T19:44:30Z] ADD failed pe=2 mac=02:aa:00:00:01:55
[2026-05-15T19:44:30Z] MOVE rollback src=1 dst=2 idx=341
[2026-05-15T19:44:30Z] ADD failed pe=2 mac=02:aa:00:00:01:49
[2026-05-15T19:44:30Z] MOVE rollback src=1 dst=2 idx=329
[2026-05-15T19:44:30Z] ADD failed pe=2 mac=02:aa:00:00:01:20
[2026-05-15T19:44:30Z] MOVE rollback src=1 dst=2 idx=288
[2026-05-15T19:44:30Z] ADD failed pe=2 mac=02:aa:00:00:01:7e
[2026-05-15T19:44:30Z] MOVE rollback src=1 dst=2 idx=382
[2026-05-15T19:44:30Z] ADD failed pe=2 mac=02:aa:00:00:01:0f
[2026-05-15T19:44:31Z] MOVE rollback src=1 dst=2 idx=271
[2026-05-15T19:44:31Z] ADD failed pe=2 mac=02:aa:00:00:01:60
[2026-05-15T19:44:31Z] MOVE rollback src=1 dst=2 idx=352
[2026-05-15T19:44:31Z] ADD failed pe=2 mac=02:aa:00:00:00:5b
[2026-05-15T19:44:31Z] MOVE rollback src=1 dst=2 idx=91
[2026-05-15T19:44:31Z] ADD failed pe=2 mac=02:aa:00:00:00:b7
[2026-05-15T19:44:31Z] MOVE rollback src=1 dst=2 idx=183
[2026-05-15T19:44:31Z] ADD failed pe=2 mac=02:aa:00:00:01:13
[2026-05-15T19:44:32Z] MOVE rollback src=1 dst=2 idx=275
[2026-05-15T19:44:32Z] ADD failed pe=2 mac=02:aa:00:00:00:e8
[2026-05-15T19:44:32Z] MOVE rollback src=1 dst=2 idx=232
[2026-05-15T19:44:32Z] ADD failed pe=2 mac=02:aa:00:00:01:8e
[2026-05-15T19:44:32Z] MOVE rollback src=1 dst=2 idx=398
[2026-05-15T19:44:32Z] ADD failed pe=2 mac=02:aa:00:00:01:a1
[2026-05-15T19:44:32Z] MOVE rollback src=1 dst=2 idx=417
[2026-05-15T19:44:32Z] ADD failed pe=2 mac=02:aa:00:00:00:d4
[2026-05-15T19:44:32Z] MOVE rollback src=1 dst=2 idx=212
[2026-05-15T19:44:32Z] ADD failed pe=2 mac=02:aa:00:00:00:d9
[2026-05-15T19:44:33Z] MOVE rollback src=1 dst=2 idx=217
[2026-05-15T19:44:33Z] ADD failed pe=2 mac=02:aa:00:00:01:1b
[2026-05-15T19:44:33Z] MOVE rollback src=1 dst=2 idx=283
[2026-05-15T19:44:33Z] ADD failed pe=2 mac=02:aa:00:00:01:a5
[2026-05-15T19:44:33Z] MOVE rollback src=1 dst=2 idx=421
[2026-05-15T19:44:33Z] ADD failed pe=2 mac=02:aa:00:00:00:fe
[2026-05-15T19:44:33Z] MOVE rollback src=1 dst=2 idx=254
[2026-05-15T19:44:33Z] ADD failed pe=2 mac=02:aa:00:00:00:ec
[2026-05-15T19:44:33Z] MOVE rollback src=1 dst=2 idx=236
[2026-05-15T19:44:34Z] ADD failed pe=2 mac=02:aa:00:00:00:3b
[2026-05-15T19:44:34Z] MOVE rollback src=1 dst=2 idx=59
[2026-05-15T19:44:34Z] ADD failed pe=2 mac=02:aa:00:00:00:47
[2026-05-15T19:44:34Z] MOVE rollback src=1 dst=2 idx=71
[2026-05-15T19:44:34Z] ADD failed pe=2 mac=02:aa:00:00:00:8c
[2026-05-15T19:44:34Z] MOVE rollback src=1 dst=2 idx=140
[2026-05-15T19:44:34Z] ADD failed pe=2 mac=02:aa:00:00:00:22
[2026-05-15T19:44:34Z] MOVE rollback src=1 dst=2 idx=34
[2026-05-15T19:44:34Z] ADD failed pe=2 mac=02:aa:00:00:01:96
[2026-05-15T19:44:34Z] MOVE rollback src=1 dst=2 idx=406
[2026-05-15T19:44:35Z] ADD failed pe=2 mac=02:aa:00:00:01:cc
[2026-05-15T19:44:35Z] MOVE rollback src=1 dst=2 idx=460
[2026-05-15T19:44:35Z] ADD failed pe=2 mac=02:aa:00:00:01:c7
[2026-05-15T19:44:35Z] MOVE rollback src=1 dst=2 idx=455
[2026-05-15T19:44:35Z] ADD failed pe=2 mac=02:aa:00:00:01:cf
[2026-05-15T19:44:35Z] MOVE rollback src=1 dst=2 idx=463
[2026-05-15T19:44:35Z] ADD failed pe=2 mac=02:aa:00:00:00:73
[2026-05-15T19:44:35Z] MOVE rollback src=1 dst=2 idx=115
[2026-05-15T19:44:35Z] ADD failed pe=2 mac=02:aa:00:00:00:61
[2026-05-15T19:44:35Z] MOVE rollback src=1 dst=2 idx=97
[2026-05-15T19:44:35Z] MOVE src=1 dst=2 moved=0 pe1_pool=221 pe2_pool=191
[2026-05-15T19:44:41Z] DEL pe=1 removed=50 pool=171
[2026-05-15T19:44:47Z] ADD pe=1 added=50 pool=221
[2026-05-15T19:44:52Z] ADD pe=2 added=50 pool=241
[2026-05-15T19:44:58Z] ADD pe=1 added=49 pool=270
[2026-05-15T19:45:04Z] DEL pe=1 removed=50 pool=220
[2026-05-15T19:45:10Z] ADD pe=1 added=50 pool=270
[2026-05-15T19:45:12Z] ADD pe=2 added=1 pool=242
[2026-05-15T19:45:14Z] ADD pe=2 added=0 pool=242
[2026-05-15T19:45:16Z] ADD pe=2 added=0 pool=242
[2026-05-15T19:45:18Z] ADD failed pe=2 mac=02:aa:00:00:01:48
[2026-05-15T19:45:18Z] MOVE rollback src=1 dst=2 idx=328
[2026-05-15T19:45:18Z] ADD failed pe=2 mac=02:aa:00:00:00:17
[2026-05-15T19:45:18Z] MOVE rollback src=1 dst=2 idx=23
[2026-05-15T19:45:18Z] ADD failed pe=2 mac=02:aa:00:00:00:6e
[2026-05-15T19:45:19Z] MOVE rollback src=1 dst=2 idx=110
[2026-05-15T19:45:19Z] ADD failed pe=2 mac=02:aa:00:00:00:61
[2026-05-15T19:45:19Z] MOVE rollback src=1 dst=2 idx=97
[2026-05-15T19:45:19Z] ADD failed pe=2 mac=02:aa:00:00:00:7c
[2026-05-15T19:45:19Z] MOVE rollback src=1 dst=2 idx=124
[2026-05-15T19:45:19Z] ADD failed pe=2 mac=02:aa:00:00:00:51
[2026-05-15T19:45:19Z] MOVE rollback src=1 dst=2 idx=81
[2026-05-15T19:45:19Z] ADD failed pe=2 mac=02:aa:00:00:00:18
[2026-05-15T19:45:19Z] MOVE rollback src=1 dst=2 idx=24
[2026-05-15T19:45:20Z] ADD failed pe=2 mac=02:aa:00:00:01:02
[2026-05-15T19:45:20Z] MOVE rollback src=1 dst=2 idx=258
[2026-05-15T19:45:20Z] ADD failed pe=2 mac=02:aa:00:00:01:b8
[2026-05-15T19:45:20Z] MOVE rollback src=1 dst=2 idx=440
[2026-05-15T19:45:20Z] ADD failed pe=2 mac=02:aa:00:00:01:1e
[2026-05-15T19:45:20Z] MOVE rollback src=1 dst=2 idx=286
[2026-05-15T19:45:20Z] ADD failed pe=2 mac=02:aa:00:00:00:f7
[2026-05-15T19:45:20Z] MOVE rollback src=1 dst=2 idx=247
[2026-05-15T19:45:20Z] ADD failed pe=2 mac=02:aa:00:00:01:ec
[2026-05-15T19:45:20Z] MOVE rollback src=1 dst=2 idx=492
[2026-05-15T19:45:21Z] ADD failed pe=2 mac=02:aa:00:00:01:5e
[2026-05-15T19:45:21Z] MOVE rollback src=1 dst=2 idx=350
[2026-05-15T19:45:21Z] ADD failed pe=2 mac=02:aa:00:00:01:79
[2026-05-15T19:45:21Z] MOVE rollback src=1 dst=2 idx=377
[2026-05-15T19:45:21Z] ADD failed pe=2 mac=02:aa:00:00:00:c4
[2026-05-15T19:45:21Z] MOVE rollback src=1 dst=2 idx=196
[2026-05-15T19:45:21Z] ADD failed pe=2 mac=02:aa:00:00:00:1b
[2026-05-15T19:45:21Z] MOVE rollback src=1 dst=2 idx=27
[2026-05-15T19:45:21Z] ADD failed pe=2 mac=02:aa:00:00:00:9d
[2026-05-15T19:45:22Z] MOVE rollback src=1 dst=2 idx=157
[2026-05-15T19:45:22Z] ADD failed pe=2 mac=02:aa:00:00:00:2f
[2026-05-15T19:45:22Z] MOVE rollback src=1 dst=2 idx=47
[2026-05-15T19:45:22Z] ADD failed pe=2 mac=02:aa:00:00:01:e9
[2026-05-15T19:45:22Z] MOVE rollback src=1 dst=2 idx=489
[2026-05-15T19:45:22Z] ADD failed pe=2 mac=02:aa:00:00:01:81
[2026-05-15T19:45:22Z] MOVE rollback src=1 dst=2 idx=385
[2026-05-15T19:45:22Z] ADD failed pe=2 mac=02:aa:00:00:01:4a
[2026-05-15T19:45:23Z] MOVE rollback src=1 dst=2 idx=330
[2026-05-15T19:45:23Z] ADD failed pe=2 mac=02:aa:00:00:00:65
[2026-05-15T19:45:23Z] MOVE rollback src=1 dst=2 idx=101
[2026-05-15T19:45:23Z] ADD failed pe=2 mac=02:aa:00:00:01:bb
[2026-05-15T19:45:23Z] MOVE rollback src=1 dst=2 idx=443
[2026-05-15T19:45:23Z] ADD failed pe=2 mac=02:aa:00:00:01:c6
[2026-05-15T19:45:23Z] MOVE rollback src=1 dst=2 idx=454
[2026-05-15T19:45:23Z] ADD failed pe=2 mac=02:aa:00:00:00:ad
[2026-05-15T19:45:23Z] MOVE rollback src=1 dst=2 idx=173
[2026-05-15T19:45:23Z] ADD failed pe=2 mac=02:aa:00:00:01:8b
[2026-05-15T19:45:24Z] MOVE rollback src=1 dst=2 idx=395
[2026-05-15T19:45:24Z] ADD failed pe=2 mac=02:aa:00:00:00:45
[2026-05-15T19:45:24Z] MOVE rollback src=1 dst=2 idx=69
[2026-05-15T19:45:24Z] ADD failed pe=2 mac=02:aa:00:00:01:b3
[2026-05-15T19:45:24Z] MOVE rollback src=1 dst=2 idx=435
[2026-05-15T19:45:24Z] ADD failed pe=2 mac=02:aa:00:00:00:9c
[2026-05-15T19:45:24Z] MOVE rollback src=1 dst=2 idx=156
[2026-05-15T19:45:24Z] ADD failed pe=2 mac=02:aa:00:00:00:13
[2026-05-15T19:45:24Z] MOVE rollback src=1 dst=2 idx=19
[2026-05-15T19:45:25Z] ADD failed pe=2 mac=02:aa:00:00:01:d6
[2026-05-15T19:45:25Z] MOVE rollback src=1 dst=2 idx=470
[2026-05-15T19:45:25Z] ADD failed pe=2 mac=02:aa:00:00:01:36
[2026-05-15T19:45:25Z] MOVE rollback src=1 dst=2 idx=310
[2026-05-15T19:45:25Z] ADD failed pe=2 mac=02:aa:00:00:01:af
[2026-05-15T19:45:25Z] MOVE rollback src=1 dst=2 idx=431
[2026-05-15T19:45:25Z] ADD failed pe=2 mac=02:aa:00:00:00:3f
[2026-05-15T19:45:25Z] MOVE rollback src=1 dst=2 idx=63
[2026-05-15T19:45:25Z] ADD failed pe=2 mac=02:aa:00:00:00:e1
[2026-05-15T19:45:25Z] MOVE rollback src=1 dst=2 idx=225
[2026-05-15T19:45:26Z] ADD failed pe=2 mac=02:aa:00:00:01:51
[2026-05-15T19:45:26Z] MOVE rollback src=1 dst=2 idx=337
[2026-05-15T19:45:26Z] ADD failed pe=2 mac=02:aa:00:00:00:85
[2026-05-15T19:45:26Z] MOVE rollback src=1 dst=2 idx=133
[2026-05-15T19:45:26Z] ADD failed pe=2 mac=02:aa:00:00:00:57
[2026-05-15T19:45:26Z] MOVE rollback src=1 dst=2 idx=87
[2026-05-15T19:45:26Z] ADD failed pe=2 mac=02:aa:00:00:00:38
[2026-05-15T19:45:26Z] MOVE rollback src=1 dst=2 idx=56
[2026-05-15T19:45:26Z] ADD failed pe=2 mac=02:aa:00:00:01:9d
[2026-05-15T19:45:26Z] MOVE rollback src=1 dst=2 idx=413
[2026-05-15T19:45:27Z] ADD failed pe=2 mac=02:aa:00:00:01:16
[2026-05-15T19:45:27Z] MOVE rollback src=1 dst=2 idx=278
[2026-05-15T19:45:27Z] ADD failed pe=2 mac=02:aa:00:00:00:7a
[2026-05-15T19:45:27Z] MOVE rollback src=1 dst=2 idx=122
[2026-05-15T19:45:27Z] ADD failed pe=2 mac=02:aa:00:00:01:08
[2026-05-15T19:45:27Z] MOVE rollback src=1 dst=2 idx=264
[2026-05-15T19:45:27Z] ADD failed pe=2 mac=02:aa:00:00:01:b9
[2026-05-15T19:45:27Z] MOVE rollback src=1 dst=2 idx=441
[2026-05-15T19:45:28Z] ADD failed pe=2 mac=02:aa:00:00:00:f6
[2026-05-15T19:45:28Z] MOVE rollback src=1 dst=2 idx=246
[2026-05-15T19:45:28Z] ADD failed pe=2 mac=02:aa:00:00:01:a5
[2026-05-15T19:45:28Z] MOVE rollback src=1 dst=2 idx=421
[2026-05-15T19:45:28Z] ADD failed pe=2 mac=02:aa:00:00:01:7b
[2026-05-15T19:45:28Z] MOVE rollback src=1 dst=2 idx=379
[2026-05-15T19:45:28Z] ADD failed pe=2 mac=02:aa:00:00:01:cd
[2026-05-15T19:45:28Z] MOVE rollback src=1 dst=2 idx=461
[2026-05-15T19:45:28Z] ADD failed pe=2 mac=02:aa:00:00:01:69
[2026-05-15T19:45:28Z] MOVE rollback src=1 dst=2 idx=361
[2026-05-15T19:45:29Z] ADD failed pe=2 mac=02:aa:00:00:01:d3
[2026-05-15T19:45:29Z] MOVE rollback src=1 dst=2 idx=467
[2026-05-15T19:45:29Z] MOVE src=1 dst=2 moved=0 pe1_pool=270 pe2_pool=242
[2026-05-15T19:45:31Z] ADD failed pe=2 mac=02:aa:00:00:01:55
[2026-05-15T19:45:31Z] MOVE rollback src=1 dst=2 idx=341
[2026-05-15T19:45:31Z] ADD failed pe=2 mac=02:aa:00:00:01:4d
[2026-05-15T19:45:31Z] MOVE rollback src=1 dst=2 idx=333
[2026-05-15T19:45:31Z] ADD failed pe=2 mac=02:aa:00:00:00:86
[2026-05-15T19:45:31Z] MOVE rollback src=1 dst=2 idx=134
[2026-05-15T19:45:32Z] ADD failed pe=2 mac=02:aa:00:00:01:fd
[2026-05-15T19:45:32Z] MOVE rollback src=1 dst=2 idx=509
[2026-05-15T19:45:32Z] ADD failed pe=2 mac=02:aa:00:00:01:78
[2026-05-15T19:45:32Z] MOVE rollback src=1 dst=2 idx=376
[2026-05-15T19:45:32Z] ADD failed pe=2 mac=02:aa:00:00:01:04
[2026-05-15T19:45:32Z] MOVE rollback src=1 dst=2 idx=260
[2026-05-15T19:45:32Z] ADD failed pe=2 mac=02:aa:00:00:00:f6
[2026-05-15T19:45:32Z] MOVE rollback src=1 dst=2 idx=246
[2026-05-15T19:45:32Z] ADD failed pe=2 mac=02:aa:00:00:00:46
[2026-05-15T19:45:32Z] MOVE rollback src=1 dst=2 idx=70
[2026-05-15T19:45:33Z] ADD failed pe=2 mac=02:aa:00:00:01:3d
[2026-05-15T19:45:33Z] MOVE rollback src=1 dst=2 idx=317
[2026-05-15T19:45:33Z] ADD failed pe=2 mac=02:aa:00:00:00:38
[2026-05-15T19:45:33Z] MOVE rollback src=1 dst=2 idx=56
[2026-05-15T19:45:33Z] ADD failed pe=2 mac=02:aa:00:00:00:ac
[2026-05-15T19:45:33Z] MOVE rollback src=1 dst=2 idx=172
[2026-05-15T19:45:33Z] ADD failed pe=2 mac=02:aa:00:00:01:9d
[2026-05-15T19:45:33Z] MOVE rollback src=1 dst=2 idx=413
[2026-05-15T19:45:34Z] ADD failed pe=2 mac=02:aa:00:00:00:c1
[2026-05-15T19:45:34Z] MOVE rollback src=1 dst=2 idx=193
[2026-05-15T19:45:34Z] ADD failed pe=2 mac=02:aa:00:00:01:14
[2026-05-15T19:45:34Z] MOVE rollback src=1 dst=2 idx=276
[2026-05-15T19:45:34Z] ADD failed pe=2 mac=02:aa:00:00:00:b9
[2026-05-15T19:45:34Z] MOVE rollback src=1 dst=2 idx=185
[2026-05-15T19:45:34Z] ADD failed pe=2 mac=02:aa:00:00:01:c6
[2026-05-15T19:45:34Z] MOVE rollback src=1 dst=2 idx=454
[2026-05-15T19:45:34Z] ADD failed pe=2 mac=02:aa:00:00:00:5d
[2026-05-15T19:45:34Z] MOVE rollback src=1 dst=2 idx=93
[2026-05-15T19:45:35Z] ADD failed pe=2 mac=02:aa:00:00:01:9c
[2026-05-15T19:45:35Z] MOVE rollback src=1 dst=2 idx=412
[2026-05-15T19:45:35Z] ADD failed pe=2 mac=02:aa:00:00:01:e9
[2026-05-15T19:45:35Z] MOVE rollback src=1 dst=2 idx=489
[2026-05-15T19:45:35Z] ADD failed pe=2 mac=02:aa:00:00:01:a2
[2026-05-15T19:45:35Z] MOVE rollback src=1 dst=2 idx=418
[2026-05-15T19:45:35Z] ADD failed pe=2 mac=02:aa:00:00:01:3f
[2026-05-15T19:45:35Z] MOVE rollback src=1 dst=2 idx=319
[2026-05-15T19:45:35Z] ADD failed pe=2 mac=02:aa:00:00:01:24
[2026-05-15T19:45:35Z] MOVE rollback src=1 dst=2 idx=292
[2026-05-15T19:45:36Z] ADD failed pe=2 mac=02:aa:00:00:00:4f
[2026-05-15T19:45:36Z] MOVE rollback src=1 dst=2 idx=79
[2026-05-15T19:45:36Z] ADD failed pe=2 mac=02:aa:00:00:01:18
[2026-05-15T19:45:36Z] MOVE rollback src=1 dst=2 idx=280
[2026-05-15T19:45:36Z] ADD failed pe=2 mac=02:aa:00:00:00:14
[2026-05-15T19:45:36Z] MOVE rollback src=1 dst=2 idx=20
[2026-05-15T19:45:36Z] ADD failed pe=2 mac=02:aa:00:00:01:22
[2026-05-15T19:45:36Z] MOVE rollback src=1 dst=2 idx=290
[2026-05-15T19:45:36Z] ADD failed pe=2 mac=02:aa:00:00:00:b8
[2026-05-15T19:45:36Z] MOVE rollback src=1 dst=2 idx=184
[2026-05-15T19:45:37Z] ADD failed pe=2 mac=02:aa:00:00:01:e2
[2026-05-15T19:45:37Z] MOVE rollback src=1 dst=2 idx=482
[2026-05-15T19:45:37Z] ADD failed pe=2 mac=02:aa:00:00:00:1b
[2026-05-15T19:45:37Z] MOVE rollback src=1 dst=2 idx=27
[2026-05-15T19:45:37Z] ADD failed pe=2 mac=02:aa:00:00:01:7f
[2026-05-15T19:45:37Z] MOVE rollback src=1 dst=2 idx=383
[2026-05-15T19:45:37Z] ADD failed pe=2 mac=02:aa:00:00:01:6d
[2026-05-15T19:45:37Z] MOVE rollback src=1 dst=2 idx=365
[2026-05-15T19:45:37Z] ADD failed pe=2 mac=02:aa:00:00:01:73
[2026-05-15T19:45:38Z] MOVE rollback src=1 dst=2 idx=371
[2026-05-15T19:45:38Z] ADD failed pe=2 mac=02:aa:00:00:01:fe
[2026-05-15T19:45:38Z] MOVE rollback src=1 dst=2 idx=510
[2026-05-15T19:45:38Z] ADD failed pe=2 mac=02:aa:00:00:01:cd
[2026-05-15T19:45:38Z] MOVE rollback src=1 dst=2 idx=461
[2026-05-15T19:45:38Z] ADD failed pe=2 mac=02:aa:00:00:01:88
[2026-05-15T19:45:38Z] MOVE rollback src=1 dst=2 idx=392
[2026-05-15T19:45:38Z] ADD failed pe=2 mac=02:aa:00:00:01:54
[2026-05-15T19:45:38Z] MOVE rollback src=1 dst=2 idx=340
[2026-05-15T19:45:39Z] ADD failed pe=2 mac=02:aa:00:00:00:2a
[2026-05-15T19:45:39Z] MOVE rollback src=1 dst=2 idx=42
[2026-05-15T19:45:39Z] ADD failed pe=2 mac=02:aa:00:00:00:7d
[2026-05-15T19:45:39Z] MOVE rollback src=1 dst=2 idx=125
[2026-05-15T19:45:39Z] ADD failed pe=2 mac=02:aa:00:00:00:97
[2026-05-15T19:45:39Z] MOVE rollback src=1 dst=2 idx=151
[2026-05-15T19:45:39Z] ADD failed pe=2 mac=02:aa:00:00:00:47
[2026-05-15T19:45:39Z] MOVE rollback src=1 dst=2 idx=71
[2026-05-15T19:45:39Z] ADD failed pe=2 mac=02:aa:00:00:01:13
[2026-05-15T19:45:40Z] MOVE rollback src=1 dst=2 idx=275
[2026-05-15T19:45:40Z] ADD failed pe=2 mac=02:aa:00:00:00:d8
[2026-05-15T19:45:40Z] MOVE rollback src=1 dst=2 idx=216
[2026-05-15T19:45:40Z] ADD failed pe=2 mac=02:aa:00:00:00:9d
[2026-05-15T19:45:40Z] MOVE rollback src=1 dst=2 idx=157
[2026-05-15T19:45:40Z] ADD failed pe=2 mac=02:aa:00:00:01:cf
[2026-05-15T19:45:40Z] MOVE rollback src=1 dst=2 idx=463
[2026-05-15T19:45:40Z] ADD failed pe=2 mac=02:aa:00:00:00:4e
[2026-05-15T19:45:40Z] MOVE rollback src=1 dst=2 idx=78
[2026-05-15T19:45:41Z] ADD failed pe=2 mac=02:aa:00:00:01:1a
[2026-05-15T19:45:41Z] MOVE rollback src=1 dst=2 idx=282
[2026-05-15T19:45:41Z] ADD failed pe=2 mac=02:aa:00:00:00:01
[2026-05-15T19:45:41Z] MOVE rollback src=1 dst=2 idx=1
[2026-05-15T19:45:41Z] ADD failed pe=2 mac=02:aa:00:00:00:c8
[2026-05-15T19:45:41Z] MOVE rollback src=1 dst=2 idx=200
[2026-05-15T19:45:41Z] ADD failed pe=2 mac=02:aa:00:00:01:45
[2026-05-15T19:45:41Z] MOVE rollback src=1 dst=2 idx=325
[2026-05-15T19:45:41Z] ADD failed pe=2 mac=02:aa:00:00:00:25
[2026-05-15T19:45:41Z] MOVE rollback src=1 dst=2 idx=37
[2026-05-15T19:45:41Z] MOVE src=1 dst=2 moved=0 pe1_pool=270 pe2_pool=242
[2026-05-15T19:45:44Z] ADD failed pe=2 mac=02:aa:00:00:00:25
[2026-05-15T19:45:44Z] MOVE rollback src=1 dst=2 idx=37
[2026-05-15T19:45:44Z] ADD failed pe=2 mac=02:aa:00:00:00:67
[2026-05-15T19:45:44Z] MOVE rollback src=1 dst=2 idx=103
[2026-05-15T19:45:44Z] ADD failed pe=2 mac=02:aa:00:00:00:9d
[2026-05-15T19:45:44Z] MOVE rollback src=1 dst=2 idx=157
[2026-05-15T19:45:44Z] ADD failed pe=2 mac=02:aa:00:00:01:26
[2026-05-15T19:45:44Z] MOVE rollback src=1 dst=2 idx=294
[2026-05-15T19:45:44Z] ADD failed pe=2 mac=02:aa:00:00:00:8c
[2026-05-15T19:45:45Z] MOVE rollback src=1 dst=2 idx=140
[2026-05-15T19:45:45Z] ADD failed pe=2 mac=02:aa:00:00:00:c4
[2026-05-15T19:45:45Z] MOVE rollback src=1 dst=2 idx=196
[2026-05-15T19:45:45Z] ADD failed pe=2 mac=02:aa:00:00:00:0d
[2026-05-15T19:45:45Z] MOVE rollback src=1 dst=2 idx=13
[2026-05-15T19:45:45Z] ADD failed pe=2 mac=02:aa:00:00:01:b2
[2026-05-15T19:45:45Z] MOVE rollback src=1 dst=2 idx=434
[2026-05-15T19:45:45Z] ADD failed pe=2 mac=02:aa:00:00:00:1a
[2026-05-15T19:45:45Z] MOVE rollback src=1 dst=2 idx=26
[2026-05-15T19:45:46Z] ADD failed pe=2 mac=02:aa:00:00:00:d4
[2026-05-15T19:45:46Z] MOVE rollback src=1 dst=2 idx=212
[2026-05-15T19:45:46Z] ADD failed pe=2 mac=02:aa:00:00:00:4e
[2026-05-15T19:45:46Z] MOVE rollback src=1 dst=2 idx=78
[2026-05-15T19:45:46Z] ADD failed pe=2 mac=02:aa:00:00:00:8d
[2026-05-15T19:45:46Z] MOVE rollback src=1 dst=2 idx=141
[2026-05-15T19:45:46Z] ADD failed pe=2 mac=02:aa:00:00:00:99
[2026-05-15T19:45:46Z] MOVE rollback src=1 dst=2 idx=153
[2026-05-15T19:45:46Z] ADD failed pe=2 mac=02:aa:00:00:01:9f
[2026-05-15T19:45:46Z] MOVE rollback src=1 dst=2 idx=415
[2026-05-15T19:45:47Z] ADD failed pe=2 mac=02:aa:00:00:00:57
[2026-05-15T19:45:47Z] MOVE rollback src=1 dst=2 idx=87
[2026-05-15T19:45:47Z] ADD failed pe=2 mac=02:aa:00:00:01:c6
[2026-05-15T19:45:47Z] MOVE rollback src=1 dst=2 idx=454
[2026-05-15T19:45:47Z] ADD failed pe=2 mac=02:aa:00:00:01:20
[2026-05-15T19:45:47Z] MOVE rollback src=1 dst=2 idx=288
[2026-05-15T19:45:47Z] ADD failed pe=2 mac=02:aa:00:00:01:ee
[2026-05-15T19:45:47Z] MOVE rollback src=1 dst=2 idx=494
[2026-05-15T19:45:48Z] ADD failed pe=2 mac=02:aa:00:00:01:36
[2026-05-15T19:45:48Z] MOVE rollback src=1 dst=2 idx=310
[2026-05-15T19:45:48Z] ADD failed pe=2 mac=02:aa:00:00:00:ec
[2026-05-15T19:45:48Z] MOVE rollback src=1 dst=2 idx=236
[2026-05-15T19:45:48Z] ADD failed pe=2 mac=02:aa:00:00:01:51
[2026-05-15T19:45:48Z] MOVE rollback src=1 dst=2 idx=337
[2026-05-15T19:45:48Z] ADD failed pe=2 mac=02:aa:00:00:01:6b
[2026-05-15T19:45:48Z] MOVE rollback src=1 dst=2 idx=363
[2026-05-15T19:45:48Z] ADD failed pe=2 mac=02:aa:00:00:01:a2
[2026-05-15T19:45:48Z] MOVE rollback src=1 dst=2 idx=418
[2026-05-15T19:45:49Z] ADD failed pe=2 mac=02:aa:00:00:01:df
[2026-05-15T19:45:49Z] MOVE rollback src=1 dst=2 idx=479
[2026-05-15T19:45:49Z] ADD failed pe=2 mac=02:aa:00:00:00:84
[2026-05-15T19:45:49Z] MOVE rollback src=1 dst=2 idx=132
[2026-05-15T19:45:49Z] ADD failed pe=2 mac=02:aa:00:00:00:11
[2026-05-15T19:45:49Z] MOVE rollback src=1 dst=2 idx=17
[2026-05-15T19:45:49Z] ADD failed pe=2 mac=02:aa:00:00:00:18
[2026-05-15T19:45:49Z] MOVE rollback src=1 dst=2 idx=24
[2026-05-15T19:45:49Z] ADD failed pe=2 mac=02:aa:00:00:01:c4
[2026-05-15T19:45:50Z] MOVE rollback src=1 dst=2 idx=452
[2026-05-15T19:45:50Z] ADD failed pe=2 mac=02:aa:00:00:00:0c
[2026-05-15T19:45:50Z] MOVE rollback src=1 dst=2 idx=12
[2026-05-15T19:45:50Z] ADD failed pe=2 mac=02:aa:00:00:01:7b
[2026-05-15T19:45:50Z] MOVE rollback src=1 dst=2 idx=379
[2026-05-15T19:45:50Z] ADD failed pe=2 mac=02:aa:00:00:01:58
[2026-05-15T19:45:50Z] MOVE rollback src=1 dst=2 idx=344
[2026-05-15T19:45:50Z] ADD failed pe=2 mac=02:aa:00:00:00:26
[2026-05-15T19:45:50Z] MOVE rollback src=1 dst=2 idx=38
[2026-05-15T19:45:50Z] ADD failed pe=2 mac=02:aa:00:00:00:6c
[2026-05-15T19:45:51Z] MOVE rollback src=1 dst=2 idx=108
[2026-05-15T19:45:51Z] ADD failed pe=2 mac=02:aa:00:00:01:01
[2026-05-15T19:45:51Z] MOVE rollback src=1 dst=2 idx=257
[2026-05-15T19:45:51Z] ADD failed pe=2 mac=02:aa:00:00:00:21
[2026-05-15T19:45:51Z] MOVE rollback src=1 dst=2 idx=33
[2026-05-15T19:45:51Z] ADD failed pe=2 mac=02:aa:00:00:01:b6
[2026-05-15T19:45:51Z] MOVE rollback src=1 dst=2 idx=438
[2026-05-15T19:45:51Z] ADD failed pe=2 mac=02:aa:00:00:00:17
[2026-05-15T19:45:51Z] MOVE rollback src=1 dst=2 idx=23
[2026-05-15T19:45:52Z] ADD failed pe=2 mac=02:aa:00:00:01:6a
[2026-05-15T19:45:52Z] MOVE rollback src=1 dst=2 idx=362
[2026-05-15T19:45:52Z] ADD failed pe=2 mac=02:aa:00:00:01:4e
[2026-05-15T19:45:52Z] MOVE rollback src=1 dst=2 idx=334
[2026-05-15T19:45:52Z] ADD failed pe=2 mac=02:aa:00:00:01:e9
[2026-05-15T19:45:52Z] MOVE rollback src=1 dst=2 idx=489
[2026-05-15T19:45:52Z] ADD failed pe=2 mac=02:aa:00:00:01:97
[2026-05-15T19:45:52Z] MOVE rollback src=1 dst=2 idx=407
[2026-05-15T19:45:52Z] ADD failed pe=2 mac=02:aa:00:00:00:83
[2026-05-15T19:45:53Z] MOVE rollback src=1 dst=2 idx=131
[2026-05-15T19:45:53Z] ADD failed pe=2 mac=02:aa:00:00:00:34
[2026-05-15T19:45:53Z] MOVE rollback src=1 dst=2 idx=52
[2026-05-15T19:45:53Z] ADD failed pe=2 mac=02:aa:00:00:01:14
[2026-05-15T19:45:53Z] MOVE rollback src=1 dst=2 idx=276
[2026-05-15T19:45:53Z] ADD failed pe=2 mac=02:aa:00:00:01:6f
[2026-05-15T19:45:53Z] MOVE rollback src=1 dst=2 idx=367
[2026-05-15T19:45:53Z] ADD failed pe=2 mac=02:aa:00:00:00:db
[2026-05-15T19:45:53Z] MOVE rollback src=1 dst=2 idx=219
[2026-05-15T19:45:54Z] ADD failed pe=2 mac=02:aa:00:00:01:af
[2026-05-15T19:45:54Z] MOVE rollback src=1 dst=2 idx=431
[2026-05-15T19:45:54Z] ADD failed pe=2 mac=02:aa:00:00:01:d9
[2026-05-15T19:45:54Z] MOVE rollback src=1 dst=2 idx=473
[2026-05-15T19:45:54Z] ADD failed pe=2 mac=02:aa:00:00:00:fe
[2026-05-15T19:45:54Z] MOVE rollback src=1 dst=2 idx=254
[2026-05-15T19:45:54Z] ADD failed pe=2 mac=02:aa:00:00:00:10
[2026-05-15T19:45:54Z] MOVE rollback src=1 dst=2 idx=16
[2026-05-15T19:45:54Z] MOVE src=1 dst=2 moved=0 pe1_pool=270 pe2_pool=242
[2026-05-15T19:45:56Z] ADD pe=2 added=0 pool=242
[2026-05-15T19:45:58Z] ADD pe=2 added=0 pool=242
[2026-05-15T19:46:04Z] DEL pe=1 removed=50 pool=220
[2026-05-15T19:46:11Z] DEL pe=2 removed=50 pool=192
[2026-05-15T19:46:13Z] ADD failed pe=2 mac=02:aa:00:00:00:8a
[2026-05-15T19:46:13Z] MOVE rollback src=1 dst=2 idx=138
[2026-05-15T19:46:13Z] ADD failed pe=2 mac=02:aa:00:00:01:49
[2026-05-15T19:46:13Z] MOVE rollback src=1 dst=2 idx=329
[2026-05-15T19:46:13Z] ADD failed pe=2 mac=02:aa:00:00:00:7a
[2026-05-15T19:46:13Z] MOVE rollback src=1 dst=2 idx=122
[2026-05-15T19:46:14Z] ADD failed pe=2 mac=02:aa:00:00:00:51
[2026-05-15T19:46:14Z] MOVE rollback src=1 dst=2 idx=81
[2026-05-15T19:46:14Z] ADD failed pe=2 mac=02:aa:00:00:01:18
[2026-05-15T19:46:14Z] MOVE rollback src=1 dst=2 idx=280
[2026-05-15T19:46:14Z] ADD failed pe=2 mac=02:aa:00:00:01:8f
[2026-05-15T19:46:14Z] MOVE rollback src=1 dst=2 idx=399
[2026-05-15T19:46:14Z] ADD failed pe=2 mac=02:aa:00:00:00:3a
[2026-05-15T19:46:14Z] MOVE rollback src=1 dst=2 idx=58
[2026-05-15T19:46:14Z] ADD failed pe=2 mac=02:aa:00:00:00:b5
[2026-05-15T19:46:15Z] MOVE rollback src=1 dst=2 idx=181
[2026-05-15T19:46:15Z] ADD failed pe=2 mac=02:aa:00:00:00:f7
[2026-05-15T19:46:15Z] MOVE rollback src=1 dst=2 idx=247
[2026-05-15T19:46:15Z] ADD failed pe=2 mac=02:aa:00:00:00:bc
[2026-05-15T19:46:15Z] MOVE rollback src=1 dst=2 idx=188
[2026-05-15T19:46:15Z] ADD failed pe=2 mac=02:aa:00:00:00:7b
[2026-05-15T19:46:15Z] MOVE rollback src=1 dst=2 idx=123
[2026-05-15T19:46:15Z] ADD failed pe=2 mac=02:aa:00:00:00:05
[2026-05-15T19:46:15Z] MOVE rollback src=1 dst=2 idx=5
[2026-05-15T19:46:16Z] ADD failed pe=2 mac=02:aa:00:00:00:01
[2026-05-15T19:46:16Z] MOVE rollback src=1 dst=2 idx=1
[2026-05-15T19:46:16Z] ADD failed pe=2 mac=02:aa:00:00:00:5b
[2026-05-15T19:46:16Z] MOVE rollback src=1 dst=2 idx=91
[2026-05-15T19:46:16Z] ADD failed pe=2 mac=02:aa:00:00:01:d3
[2026-05-15T19:46:16Z] MOVE rollback src=1 dst=2 idx=467
[2026-05-15T19:46:16Z] ADD failed pe=2 mac=02:aa:00:00:00:44
[2026-05-15T19:46:16Z] MOVE rollback src=1 dst=2 idx=68
[2026-05-15T19:46:17Z] ADD failed pe=2 mac=02:aa:00:00:01:48
[2026-05-15T19:46:17Z] MOVE rollback src=1 dst=2 idx=328
[2026-05-15T19:46:17Z] ADD failed pe=2 mac=02:aa:00:00:01:c7
[2026-05-15T19:46:17Z] MOVE rollback src=1 dst=2 idx=455
[2026-05-15T19:46:17Z] ADD failed pe=2 mac=02:aa:00:00:01:a2
[2026-05-15T19:46:17Z] MOVE rollback src=1 dst=2 idx=418
[2026-05-15T19:46:17Z] ADD failed pe=2 mac=02:aa:00:00:01:96
[2026-05-15T19:46:17Z] MOVE rollback src=1 dst=2 idx=406
[2026-05-15T19:46:18Z] ADD failed pe=2 mac=02:aa:00:00:01:99
[2026-05-15T19:46:18Z] MOVE rollback src=1 dst=2 idx=409
[2026-05-15T19:46:18Z] ADD failed pe=2 mac=02:aa:00:00:00:18
[2026-05-15T19:46:18Z] MOVE rollback src=1 dst=2 idx=24
[2026-05-15T19:46:18Z] ADD failed pe=2 mac=02:aa:00:00:00:46
[2026-05-15T19:46:18Z] MOVE rollback src=1 dst=2 idx=70
[2026-05-15T19:46:18Z] ADD failed pe=2 mac=02:aa:00:00:00:45
[2026-05-15T19:46:18Z] MOVE rollback src=1 dst=2 idx=69
[2026-05-15T19:46:18Z] ADD failed pe=2 mac=02:aa:00:00:00:ec
[2026-05-15T19:46:19Z] MOVE rollback src=1 dst=2 idx=236
[2026-05-15T19:46:19Z] ADD failed pe=2 mac=02:aa:00:00:00:ac
[2026-05-15T19:46:19Z] MOVE rollback src=1 dst=2 idx=172
[2026-05-15T19:46:19Z] ADD failed pe=2 mac=02:aa:00:00:01:02
[2026-05-15T19:46:19Z] MOVE rollback src=1 dst=2 idx=258
[2026-05-15T19:46:19Z] ADD failed pe=2 mac=02:aa:00:00:01:07
[2026-05-15T19:46:19Z] MOVE rollback src=1 dst=2 idx=263
[2026-05-15T19:46:19Z] ADD failed pe=2 mac=02:aa:00:00:01:f7
[2026-05-15T19:46:19Z] MOVE rollback src=1 dst=2 idx=503
[2026-05-15T19:46:20Z] ADD failed pe=2 mac=02:aa:00:00:01:66
[2026-05-15T19:46:20Z] MOVE rollback src=1 dst=2 idx=358
[2026-05-15T19:46:20Z] ADD failed pe=2 mac=02:aa:00:00:00:25
[2026-05-15T19:46:20Z] MOVE rollback src=1 dst=2 idx=37
[2026-05-15T19:46:20Z] ADD failed pe=2 mac=02:aa:00:00:00:b8
[2026-05-15T19:46:20Z] MOVE rollback src=1 dst=2 idx=184
[2026-05-15T19:46:20Z] ADD failed pe=2 mac=02:aa:00:00:00:56
[2026-05-15T19:46:20Z] MOVE rollback src=1 dst=2 idx=86
[2026-05-15T19:46:20Z] ADD failed pe=2 mac=02:aa:00:00:01:cc
[2026-05-15T19:46:21Z] MOVE rollback src=1 dst=2 idx=460
[2026-05-15T19:46:21Z] ADD failed pe=2 mac=02:aa:00:00:00:c8
[2026-05-15T19:46:21Z] MOVE rollback src=1 dst=2 idx=200
[2026-05-15T19:46:21Z] ADD failed pe=2 mac=02:aa:00:00:00:c4
[2026-05-15T19:46:21Z] MOVE rollback src=1 dst=2 idx=196
[2026-05-15T19:46:21Z] ADD failed pe=2 mac=02:aa:00:00:01:b9
[2026-05-15T19:46:21Z] MOVE rollback src=1 dst=2 idx=441
[2026-05-15T19:46:21Z] ADD failed pe=2 mac=02:aa:00:00:01:ff
[2026-05-15T19:46:21Z] MOVE rollback src=1 dst=2 idx=511
[2026-05-15T19:46:22Z] ADD failed pe=2 mac=02:aa:00:00:00:ad
[2026-05-15T19:46:22Z] MOVE rollback src=1 dst=2 idx=173
[2026-05-15T19:46:22Z] ADD failed pe=2 mac=02:aa:00:00:01:e5
[2026-05-15T19:46:22Z] MOVE rollback src=1 dst=2 idx=485
[2026-05-15T19:46:22Z] ADD failed pe=2 mac=02:aa:00:00:00:1e
[2026-05-15T19:46:22Z] MOVE rollback src=1 dst=2 idx=30
[2026-05-15T19:46:22Z] ADD failed pe=2 mac=02:aa:00:00:00:3f
[2026-05-15T19:46:22Z] MOVE rollback src=1 dst=2 idx=63
[2026-05-15T19:46:23Z] ADD failed pe=2 mac=02:aa:00:00:00:dd
[2026-05-15T19:46:23Z] MOVE rollback src=1 dst=2 idx=221
[2026-05-15T19:46:23Z] ADD failed pe=2 mac=02:aa:00:00:01:4a
[2026-05-15T19:46:23Z] MOVE rollback src=1 dst=2 idx=330
[2026-05-15T19:46:23Z] ADD failed pe=2 mac=02:aa:00:00:00:34
[2026-05-15T19:46:23Z] MOVE rollback src=1 dst=2 idx=52
[2026-05-15T19:46:23Z] ADD failed pe=2 mac=02:aa:00:00:00:9d
[2026-05-15T19:46:23Z] MOVE rollback src=1 dst=2 idx=157
[2026-05-15T19:46:24Z] ADD failed pe=2 mac=02:aa:00:00:00:c7
[2026-05-15T19:46:24Z] MOVE rollback src=1 dst=2 idx=199
[2026-05-15T19:46:24Z] ADD failed pe=2 mac=02:aa:00:00:00:23
[2026-05-15T19:46:24Z] MOVE rollback src=1 dst=2 idx=35
[2026-05-15T19:46:24Z] ADD failed pe=2 mac=02:aa:00:00:00:98
[2026-05-15T19:46:24Z] MOVE rollback src=1 dst=2 idx=152
[2026-05-15T19:46:24Z] ADD failed pe=2 mac=02:aa:00:00:01:63
[2026-05-15T19:46:24Z] MOVE rollback src=1 dst=2 idx=355
[2026-05-15T19:46:24Z] MOVE src=1 dst=2 moved=0 pe1_pool=220 pe2_pool=192
[2026-05-15T19:46:30Z] ADD pe=2 added=50 pool=242
[2026-05-15T19:46:36Z] ADD pe=1 added=49 pool=269
[2026-05-15T19:46:38Z] ADD pe=2 added=1 pool=243
[2026-05-15T19:46:40Z] ADD pe=2 added=0 pool=243
[2026-05-15T19:46:46Z] DEL pe=1 removed=50 pool=219
[2026-05-15T19:46:52Z] ADD pe=1 added=48 pool=267
[2026-05-15T19:46:54Z] ADD pe=2 added=2 pool=245
[2026-05-15T19:46:56Z] ADD pe=2 added=0 pool=245
[2026-05-15T19:46:58Z] ADD failed pe=2 mac=02:aa:00:00:01:37
[2026-05-15T19:46:59Z] MOVE rollback src=1 dst=2 idx=311
[2026-05-15T19:46:59Z] ADD failed pe=2 mac=02:aa:00:00:00:c9
[2026-05-15T19:46:59Z] MOVE rollback src=1 dst=2 idx=201
[2026-05-15T19:46:59Z] ADD failed pe=2 mac=02:aa:00:00:00:05
[2026-05-15T19:46:59Z] MOVE rollback src=1 dst=2 idx=5
[2026-05-15T19:46:59Z] ADD failed pe=2 mac=02:aa:00:00:01:a1
[2026-05-15T19:46:59Z] MOVE rollback src=1 dst=2 idx=417
[2026-05-15T19:46:59Z] ADD failed pe=2 mac=02:aa:00:00:01:bb
[2026-05-15T19:47:00Z] MOVE rollback src=1 dst=2 idx=443
[2026-05-15T19:47:00Z] ADD failed pe=2 mac=02:aa:00:00:01:e2
[2026-05-15T19:47:00Z] MOVE rollback src=1 dst=2 idx=482
[2026-05-15T19:47:00Z] ADD failed pe=2 mac=02:aa:00:00:00:0b
[2026-05-15T19:47:00Z] MOVE rollback src=1 dst=2 idx=11
[2026-05-15T19:47:00Z] ADD failed pe=2 mac=02:aa:00:00:00:3c
[2026-05-15T19:47:00Z] MOVE rollback src=1 dst=2 idx=60
[2026-05-15T19:47:00Z] ADD failed pe=2 mac=02:aa:00:00:00:57
[2026-05-15T19:47:00Z] MOVE rollback src=1 dst=2 idx=87
[2026-05-15T19:47:01Z] ADD failed pe=2 mac=02:aa:00:00:00:75
[2026-05-15T19:47:01Z] MOVE rollback src=1 dst=2 idx=117
[2026-05-15T19:47:01Z] ADD failed pe=2 mac=02:aa:00:00:01:af
[2026-05-15T19:47:01Z] MOVE rollback src=1 dst=2 idx=431
[2026-05-15T19:47:01Z] ADD failed pe=2 mac=02:aa:00:00:00:44
[2026-05-15T19:47:01Z] MOVE rollback src=1 dst=2 idx=68
[2026-05-15T19:47:01Z] ADD failed pe=2 mac=02:aa:00:00:00:61
[2026-05-15T19:47:01Z] MOVE rollback src=1 dst=2 idx=97
[2026-05-15T19:47:01Z] ADD failed pe=2 mac=02:aa:00:00:00:b7
[2026-05-15T19:47:02Z] MOVE rollback src=1 dst=2 idx=183
[2026-05-15T19:47:02Z] ADD failed pe=2 mac=02:aa:00:00:01:91
[2026-05-15T19:47:02Z] MOVE rollback src=1 dst=2 idx=401
[2026-05-15T19:47:02Z] ADD failed pe=2 mac=02:aa:00:00:00:51
[2026-05-15T19:47:02Z] MOVE rollback src=1 dst=2 idx=81
[2026-05-15T19:47:02Z] ADD failed pe=2 mac=02:aa:00:00:00:02
[2026-05-15T19:47:02Z] MOVE rollback src=1 dst=2 idx=2
[2026-05-15T19:47:02Z] ADD failed pe=2 mac=02:aa:00:00:00:17
[2026-05-15T19:47:02Z] MOVE rollback src=1 dst=2 idx=23
[2026-05-15T19:47:03Z] ADD failed pe=2 mac=02:aa:00:00:00:18
[2026-05-15T19:47:03Z] MOVE rollback src=1 dst=2 idx=24
[2026-05-15T19:47:03Z] ADD failed pe=2 mac=02:aa:00:00:01:5a
[2026-05-15T19:47:03Z] MOVE rollback src=1 dst=2 idx=346
[2026-05-15T19:47:03Z] ADD failed pe=2 mac=02:aa:00:00:00:97
[2026-05-15T19:47:03Z] MOVE rollback src=1 dst=2 idx=151
[2026-05-15T19:47:03Z] ADD failed pe=2 mac=02:aa:00:00:01:99
[2026-05-15T19:47:03Z] MOVE rollback src=1 dst=2 idx=409
[2026-05-15T19:47:03Z] ADD failed pe=2 mac=02:aa:00:00:01:20
[2026-05-15T19:47:04Z] MOVE rollback src=1 dst=2 idx=288
[2026-05-15T19:47:04Z] ADD failed pe=2 mac=02:aa:00:00:00:45
[2026-05-15T19:47:04Z] MOVE rollback src=1 dst=2 idx=69
[2026-05-15T19:47:04Z] ADD failed pe=2 mac=02:aa:00:00:01:c1
[2026-05-15T19:47:04Z] MOVE rollback src=1 dst=2 idx=449
[2026-05-15T19:47:04Z] ADD failed pe=2 mac=02:aa:00:00:01:9f
[2026-05-15T19:47:04Z] MOVE rollback src=1 dst=2 idx=415
[2026-05-15T19:47:04Z] ADD failed pe=2 mac=02:aa:00:00:01:c9
[2026-05-15T19:47:04Z] MOVE rollback src=1 dst=2 idx=457
[2026-05-15T19:47:05Z] ADD failed pe=2 mac=02:aa:00:00:01:cf
[2026-05-15T19:47:05Z] MOVE rollback src=1 dst=2 idx=463
[2026-05-15T19:47:05Z] ADD failed pe=2 mac=02:aa:00:00:00:dd
[2026-05-15T19:47:05Z] MOVE rollback src=1 dst=2 idx=221
[2026-05-15T19:47:05Z] ADD failed pe=2 mac=02:aa:00:00:00:77
[2026-05-15T19:47:05Z] MOVE rollback src=1 dst=2 idx=119
[2026-05-15T19:47:05Z] ADD failed pe=2 mac=02:aa:00:00:01:6d
[2026-05-15T19:47:05Z] MOVE rollback src=1 dst=2 idx=365
[2026-05-15T19:47:05Z] ADD failed pe=2 mac=02:aa:00:00:00:85
[2026-05-15T19:47:06Z] MOVE rollback src=1 dst=2 idx=133
[2026-05-15T19:47:06Z] ADD failed pe=2 mac=02:aa:00:00:00:ab
[2026-05-15T19:47:06Z] MOVE rollback src=1 dst=2 idx=171
[2026-05-15T19:47:06Z] ADD failed pe=2 mac=02:aa:00:00:01:fa
[2026-05-15T19:47:06Z] MOVE rollback src=1 dst=2 idx=506
[2026-05-15T19:47:06Z] ADD failed pe=2 mac=02:aa:00:00:01:e7
[2026-05-15T19:47:06Z] MOVE rollback src=1 dst=2 idx=487
[2026-05-15T19:47:06Z] ADD failed pe=2 mac=02:aa:00:00:01:31
[2026-05-15T19:47:06Z] MOVE rollback src=1 dst=2 idx=305
[2026-05-15T19:47:06Z] ADD failed pe=2 mac=02:aa:00:00:01:3f
[2026-05-15T19:47:07Z] MOVE rollback src=1 dst=2 idx=319
[2026-05-15T19:47:07Z] ADD failed pe=2 mac=02:aa:00:00:01:5e
[2026-05-15T19:47:07Z] MOVE rollback src=1 dst=2 idx=350
[2026-05-15T19:47:07Z] ADD failed pe=2 mac=02:aa:00:00:00:c8
[2026-05-15T19:47:07Z] MOVE rollback src=1 dst=2 idx=200
[2026-05-15T19:47:07Z] ADD failed pe=2 mac=02:aa:00:00:00:5b
[2026-05-15T19:47:07Z] MOVE rollback src=1 dst=2 idx=91
[2026-05-15T19:47:07Z] ADD failed pe=2 mac=02:aa:00:00:00:7a
[2026-05-15T19:47:07Z] MOVE rollback src=1 dst=2 idx=122
[2026-05-15T19:47:08Z] ADD failed pe=2 mac=02:aa:00:00:00:d7
[2026-05-15T19:47:08Z] MOVE rollback src=1 dst=2 idx=215
[2026-05-15T19:47:08Z] ADD failed pe=2 mac=02:aa:00:00:00:8d
[2026-05-15T19:47:08Z] MOVE rollback src=1 dst=2 idx=141
[2026-05-15T19:47:08Z] ADD failed pe=2 mac=02:aa:00:00:00:84
[2026-05-15T19:47:08Z] MOVE rollback src=1 dst=2 idx=132
[2026-05-15T19:47:08Z] ADD failed pe=2 mac=02:aa:00:00:00:d0
[2026-05-15T19:47:08Z] MOVE rollback src=1 dst=2 idx=208
[2026-05-15T19:47:08Z] ADD failed pe=2 mac=02:aa:00:00:00:26
[2026-05-15T19:47:08Z] MOVE rollback src=1 dst=2 idx=38
[2026-05-15T19:47:09Z] ADD failed pe=2 mac=02:aa:00:00:01:b9
[2026-05-15T19:47:09Z] MOVE rollback src=1 dst=2 idx=441
[2026-05-15T19:47:09Z] ADD failed pe=2 mac=02:aa:00:00:00:70
[2026-05-15T19:47:09Z] MOVE rollback src=1 dst=2 idx=112
[2026-05-15T19:47:09Z] ADD failed pe=2 mac=02:aa:00:00:00:74
[2026-05-15T19:47:09Z] MOVE rollback src=1 dst=2 idx=116
[2026-05-15T19:47:09Z] ADD failed pe=2 mac=02:aa:00:00:00:1e
[2026-05-15T19:47:09Z] MOVE rollback src=1 dst=2 idx=30
[2026-05-15T19:47:09Z] MOVE src=1 dst=2 moved=0 pe1_pool=267 pe2_pool=245
[2026-05-15T19:47:15Z] DEL pe=1 removed=50 pool=217
[2026-05-15T19:47:18Z] ADD failed pe=1 mac=02:aa:00:00:01:2f
[2026-05-15T19:47:18Z] MOVE rollback src=2 dst=1 idx=303
[2026-05-15T19:47:18Z] ADD failed pe=1 mac=02:aa:00:00:00:92
[2026-05-15T19:47:18Z] MOVE rollback src=2 dst=1 idx=146
[2026-05-15T19:47:18Z] ADD failed pe=1 mac=02:aa:00:00:01:b5
[2026-05-15T19:47:18Z] MOVE rollback src=2 dst=1 idx=437
[2026-05-15T19:47:18Z] ADD failed pe=1 mac=02:aa:00:00:01:e6
[2026-05-15T19:47:18Z] MOVE rollback src=2 dst=1 idx=486
[2026-05-15T19:47:19Z] ADD failed pe=1 mac=02:aa:00:00:01:d1
[2026-05-15T19:47:19Z] MOVE rollback src=2 dst=1 idx=465
[2026-05-15T19:47:19Z] ADD failed pe=1 mac=02:aa:00:00:00:aa
[2026-05-15T19:47:19Z] MOVE rollback src=2 dst=1 idx=170
[2026-05-15T19:47:19Z] ADD failed pe=1 mac=02:aa:00:00:01:e8
[2026-05-15T19:47:19Z] MOVE rollback src=2 dst=1 idx=488
[2026-05-15T19:47:19Z] ADD failed pe=1 mac=02:aa:00:00:01:ba
[2026-05-15T19:47:19Z] MOVE rollback src=2 dst=1 idx=442
[2026-05-15T19:47:20Z] ADD failed pe=1 mac=02:aa:00:00:01:fd
[2026-05-15T19:47:20Z] MOVE rollback src=2 dst=1 idx=509
[2026-05-15T19:47:20Z] ADD failed pe=1 mac=02:aa:00:00:00:2d
[2026-05-15T19:47:20Z] MOVE rollback src=2 dst=1 idx=45
[2026-05-15T19:47:20Z] ADD failed pe=1 mac=02:aa:00:00:00:9b
[2026-05-15T19:47:20Z] MOVE rollback src=2 dst=1 idx=155
[2026-05-15T19:47:20Z] ADD failed pe=1 mac=02:aa:00:00:01:53
[2026-05-15T19:47:20Z] MOVE rollback src=2 dst=1 idx=339
[2026-05-15T19:47:20Z] ADD failed pe=1 mac=02:aa:00:00:00:9c
[2026-05-15T19:47:21Z] MOVE rollback src=2 dst=1 idx=156
[2026-05-15T19:47:21Z] ADD failed pe=1 mac=02:aa:00:00:01:97
[2026-05-15T19:47:21Z] MOVE rollback src=2 dst=1 idx=407
[2026-05-15T19:47:21Z] ADD failed pe=1 mac=02:aa:00:00:01:b0
[2026-05-15T19:47:21Z] MOVE rollback src=2 dst=1 idx=432
[2026-05-15T19:47:21Z] ADD failed pe=1 mac=02:aa:00:00:00:39
[2026-05-15T19:47:21Z] MOVE rollback src=2 dst=1 idx=57
[2026-05-15T19:47:21Z] ADD failed pe=1 mac=02:aa:00:00:00:93
[2026-05-15T19:47:21Z] MOVE rollback src=2 dst=1 idx=147
[2026-05-15T19:47:22Z] ADD failed pe=1 mac=02:aa:00:00:00:d2
[2026-05-15T19:47:22Z] MOVE rollback src=2 dst=1 idx=210
[2026-05-15T19:47:22Z] ADD failed pe=1 mac=02:aa:00:00:01:f2
[2026-05-15T19:47:22Z] MOVE rollback src=2 dst=1 idx=498
[2026-05-15T19:47:22Z] ADD failed pe=1 mac=02:aa:00:00:00:cf
[2026-05-15T19:47:22Z] MOVE rollback src=2 dst=1 idx=207
[2026-05-15T19:47:22Z] ADD failed pe=1 mac=02:aa:00:00:01:a3
[2026-05-15T19:47:22Z] MOVE rollback src=2 dst=1 idx=419
[2026-05-15T19:47:23Z] ADD failed pe=1 mac=02:aa:00:00:00:1c
[2026-05-15T19:47:23Z] MOVE rollback src=2 dst=1 idx=28
[2026-05-15T19:47:23Z] ADD failed pe=1 mac=02:aa:00:00:00:4a
[2026-05-15T19:47:23Z] MOVE rollback src=2 dst=1 idx=74
[2026-05-15T19:47:23Z] ADD failed pe=1 mac=02:aa:00:00:01:dc
[2026-05-15T19:47:23Z] MOVE rollback src=2 dst=1 idx=476
[2026-05-15T19:47:23Z] ADD failed pe=1 mac=02:aa:00:00:01:77
[2026-05-15T19:47:24Z] MOVE rollback src=2 dst=1 idx=375
[2026-05-15T19:47:24Z] ADD failed pe=1 mac=02:aa:00:00:00:b2
[2026-05-15T19:47:24Z] MOVE rollback src=2 dst=1 idx=178
[2026-05-15T19:47:24Z] ADD failed pe=1 mac=02:aa:00:00:01:a7
[2026-05-15T19:47:24Z] MOVE rollback src=2 dst=1 idx=423
[2026-05-15T19:47:24Z] ADD failed pe=1 mac=02:aa:00:00:00:f9
[2026-05-15T19:47:24Z] MOVE rollback src=2 dst=1 idx=249
[2026-05-15T19:47:25Z] ADD failed pe=1 mac=02:aa:00:00:00:88
[2026-05-15T19:47:25Z] MOVE rollback src=2 dst=1 idx=136
[2026-05-15T19:47:25Z] ADD failed pe=1 mac=02:aa:00:00:01:2c
[2026-05-15T19:47:25Z] MOVE rollback src=2 dst=1 idx=300
[2026-05-15T19:47:25Z] ADD failed pe=1 mac=02:aa:00:00:01:87
[2026-05-15T19:47:25Z] MOVE rollback src=2 dst=1 idx=391
[2026-05-15T19:47:25Z] ADD failed pe=1 mac=02:aa:00:00:00:f4
[2026-05-15T19:47:25Z] MOVE rollback src=2 dst=1 idx=244
[2026-05-15T19:47:25Z] ADD failed pe=1 mac=02:aa:00:00:00:04
[2026-05-15T19:47:26Z] MOVE rollback src=2 dst=1 idx=4
[2026-05-15T19:47:26Z] ADD failed pe=1 mac=02:aa:00:00:01:41
[2026-05-15T19:47:26Z] MOVE rollback src=2 dst=1 idx=321
[2026-05-15T19:47:26Z] ADD failed pe=1 mac=02:aa:00:00:00:7f
[2026-05-15T19:47:26Z] MOVE rollback src=2 dst=1 idx=127
[2026-05-15T19:47:26Z] ADD failed pe=1 mac=02:aa:00:00:00:a4
[2026-05-15T19:47:26Z] MOVE rollback src=2 dst=1 idx=164
[2026-05-15T19:47:26Z] ADD failed pe=1 mac=02:aa:00:00:01:82
[2026-05-15T19:47:26Z] MOVE rollback src=2 dst=1 idx=386
[2026-05-15T19:47:27Z] ADD failed pe=1 mac=02:aa:00:00:00:9a
[2026-05-15T19:47:27Z] MOVE rollback src=2 dst=1 idx=154
[2026-05-15T19:47:27Z] ADD failed pe=1 mac=02:aa:00:00:01:2e
[2026-05-15T19:47:27Z] MOVE rollback src=2 dst=1 idx=302
[2026-05-15T19:47:27Z] ADD failed pe=1 mac=02:aa:00:00:00:95
[2026-05-15T19:47:27Z] MOVE rollback src=2 dst=1 idx=149
[2026-05-15T19:47:27Z] ADD failed pe=1 mac=02:aa:00:00:01:dd
[2026-05-15T19:47:27Z] MOVE rollback src=2 dst=1 idx=477
[2026-05-15T19:47:28Z] ADD failed pe=1 mac=02:aa:00:00:00:a1
[2026-05-15T19:47:28Z] MOVE rollback src=2 dst=1 idx=161
[2026-05-15T19:47:28Z] ADD failed pe=1 mac=02:aa:00:00:00:49
[2026-05-15T19:47:28Z] MOVE rollback src=2 dst=1 idx=73
[2026-05-15T19:47:28Z] ADD failed pe=1 mac=02:aa:00:00:01:6e
[2026-05-15T19:47:28Z] MOVE rollback src=2 dst=1 idx=366
[2026-05-15T19:47:28Z] ADD failed pe=1 mac=02:aa:00:00:01:21
[2026-05-15T19:47:28Z] MOVE rollback src=2 dst=1 idx=289
[2026-05-15T19:47:28Z] ADD failed pe=1 mac=02:aa:00:00:00:f2
[2026-05-15T19:47:28Z] MOVE rollback src=2 dst=1 idx=242
[2026-05-15T19:47:28Z] MOVE src=2 dst=1 moved=4 pe1_pool=221 pe2_pool=241
[2026-05-15T19:47:31Z] ADD failed pe=1 mac=02:aa:00:00:00:20
[2026-05-15T19:47:31Z] MOVE rollback src=2 dst=1 idx=32
[2026-05-15T19:47:31Z] ADD failed pe=1 mac=02:aa:00:00:00:50
[2026-05-15T19:47:31Z] MOVE rollback src=2 dst=1 idx=80
[2026-05-15T19:47:31Z] ADD failed pe=1 mac=02:aa:00:00:01:dc
[2026-05-15T19:47:31Z] MOVE rollback src=2 dst=1 idx=476
[2026-05-15T19:47:31Z] ADD failed pe=1 mac=02:aa:00:00:00:68
[2026-05-15T19:47:31Z] MOVE rollback src=2 dst=1 idx=104
[2026-05-15T19:47:32Z] ADD failed pe=1 mac=02:aa:00:00:01:3c
[2026-05-15T19:47:32Z] MOVE rollback src=2 dst=1 idx=316
[2026-05-15T19:47:32Z] ADD failed pe=1 mac=02:aa:00:00:00:b1
[2026-05-15T19:47:32Z] MOVE rollback src=2 dst=1 idx=177
[2026-05-15T19:47:32Z] ADD failed pe=1 mac=02:aa:00:00:01:e4
[2026-05-15T19:47:32Z] MOVE rollback src=2 dst=1 idx=484
[2026-05-15T19:47:32Z] ADD failed pe=1 mac=02:aa:00:00:01:7d
[2026-05-15T19:47:33Z] MOVE rollback src=2 dst=1 idx=381
[2026-05-15T19:47:33Z] ADD failed pe=1 mac=02:aa:00:00:01:00
[2026-05-15T19:47:33Z] MOVE rollback src=2 dst=1 idx=256
[2026-05-15T19:47:33Z] ADD failed pe=1 mac=02:aa:00:00:00:39
[2026-05-15T19:47:33Z] MOVE rollback src=2 dst=1 idx=57
[2026-05-15T19:47:33Z] ADD failed pe=1 mac=02:aa:00:00:01:59
[2026-05-15T19:47:33Z] MOVE rollback src=2 dst=1 idx=345
[2026-05-15T19:47:33Z] ADD failed pe=1 mac=02:aa:00:00:00:81
[2026-05-15T19:47:33Z] MOVE rollback src=2 dst=1 idx=129
[2026-05-15T19:47:34Z] ADD failed pe=1 mac=02:aa:00:00:01:39
[2026-05-15T19:47:34Z] MOVE rollback src=2 dst=1 idx=313
[2026-05-15T19:47:34Z] ADD failed pe=1 mac=02:aa:00:00:01:a7
[2026-05-15T19:47:34Z] MOVE rollback src=2 dst=1 idx=423
[2026-05-15T19:47:34Z] ADD failed pe=1 mac=02:aa:00:00:01:b7
[2026-05-15T19:47:34Z] MOVE rollback src=2 dst=1 idx=439
[2026-05-15T19:47:34Z] ADD failed pe=1 mac=02:aa:00:00:00:ae
[2026-05-15T19:47:34Z] MOVE rollback src=2 dst=1 idx=174
[2026-05-15T19:47:35Z] ADD failed pe=1 mac=02:aa:00:00:00:b4
[2026-05-15T19:47:35Z] MOVE rollback src=2 dst=1 idx=180
[2026-05-15T19:47:35Z] ADD failed pe=1 mac=02:aa:00:00:01:6b
[2026-05-15T19:47:35Z] MOVE rollback src=2 dst=1 idx=363
[2026-05-15T19:47:35Z] ADD failed pe=1 mac=02:aa:00:00:01:82
[2026-05-15T19:47:35Z] MOVE rollback src=2 dst=1 idx=386
[2026-05-15T19:47:35Z] ADD failed pe=1 mac=02:aa:00:00:01:14
[2026-05-15T19:47:35Z] MOVE rollback src=2 dst=1 idx=276
[2026-05-15T19:47:35Z] ADD failed pe=1 mac=02:aa:00:00:01:25
[2026-05-15T19:47:35Z] MOVE rollback src=2 dst=1 idx=293
[2026-05-15T19:47:36Z] ADD failed pe=1 mac=02:aa:00:00:00:89
[2026-05-15T19:47:36Z] MOVE rollback src=2 dst=1 idx=137
[2026-05-15T19:47:36Z] ADD failed pe=1 mac=02:aa:00:00:01:06
[2026-05-15T19:47:36Z] MOVE rollback src=2 dst=1 idx=262
[2026-05-15T19:47:36Z] ADD failed pe=1 mac=02:aa:00:00:01:98
[2026-05-15T19:47:36Z] MOVE rollback src=2 dst=1 idx=408
[2026-05-15T19:47:36Z] ADD failed pe=1 mac=02:aa:00:00:00:12
[2026-05-15T19:47:36Z] MOVE rollback src=2 dst=1 idx=18
[2026-05-15T19:47:36Z] ADD failed pe=1 mac=02:aa:00:00:00:88
[2026-05-15T19:47:37Z] MOVE rollback src=2 dst=1 idx=136
[2026-05-15T19:47:37Z] ADD failed pe=1 mac=02:aa:00:00:00:92
[2026-05-15T19:47:37Z] MOVE rollback src=2 dst=1 idx=146
[2026-05-15T19:47:37Z] ADD failed pe=1 mac=02:aa:00:00:01:0c
[2026-05-15T19:47:37Z] MOVE rollback src=2 dst=1 idx=268
[2026-05-15T19:47:37Z] ADD failed pe=1 mac=02:aa:00:00:01:f8
[2026-05-15T19:47:37Z] MOVE rollback src=2 dst=1 idx=504
[2026-05-15T19:47:37Z] ADD failed pe=1 mac=02:aa:00:00:00:e2
[2026-05-15T19:47:37Z] MOVE rollback src=2 dst=1 idx=226
[2026-05-15T19:47:37Z] ADD failed pe=1 mac=02:aa:00:00:00:a5
[2026-05-15T19:47:38Z] MOVE rollback src=2 dst=1 idx=165
[2026-05-15T19:47:38Z] ADD failed pe=1 mac=02:aa:00:00:00:63
[2026-05-15T19:47:38Z] MOVE rollback src=2 dst=1 idx=99
[2026-05-15T19:47:38Z] ADD failed pe=1 mac=02:aa:00:00:01:60
[2026-05-15T19:47:38Z] MOVE rollback src=2 dst=1 idx=352
[2026-05-15T19:47:38Z] ADD failed pe=1 mac=02:aa:00:00:00:e4
[2026-05-15T19:47:38Z] MOVE rollback src=2 dst=1 idx=228
[2026-05-15T19:47:38Z] ADD failed pe=1 mac=02:aa:00:00:00:ef
[2026-05-15T19:47:38Z] MOVE rollback src=2 dst=1 idx=239
[2026-05-15T19:47:39Z] ADD failed pe=1 mac=02:aa:00:00:01:fc
[2026-05-15T19:47:39Z] MOVE rollback src=2 dst=1 idx=508
[2026-05-15T19:47:39Z] ADD failed pe=1 mac=02:aa:00:00:01:c5
[2026-05-15T19:47:39Z] MOVE rollback src=2 dst=1 idx=453
[2026-05-15T19:47:39Z] ADD failed pe=1 mac=02:aa:00:00:01:a8
[2026-05-15T19:47:39Z] MOVE rollback src=2 dst=1 idx=424
[2026-05-15T19:47:39Z] ADD failed pe=1 mac=02:aa:00:00:01:2e
[2026-05-15T19:47:39Z] MOVE rollback src=2 dst=1 idx=302
[2026-05-15T19:47:39Z] ADD failed pe=1 mac=02:aa:00:00:00:80
[2026-05-15T19:47:39Z] MOVE rollback src=2 dst=1 idx=128
[2026-05-15T19:47:40Z] ADD failed pe=1 mac=02:aa:00:00:01:97
[2026-05-15T19:47:40Z] MOVE rollback src=2 dst=1 idx=407
[2026-05-15T19:47:40Z] ADD failed pe=1 mac=02:aa:00:00:00:4d
[2026-05-15T19:47:40Z] MOVE rollback src=2 dst=1 idx=77
[2026-05-15T19:47:40Z] ADD failed pe=1 mac=02:aa:00:00:01:bc
[2026-05-15T19:47:40Z] MOVE rollback src=2 dst=1 idx=444
[2026-05-15T19:47:40Z] ADD failed pe=1 mac=02:aa:00:00:01:76
[2026-05-15T19:47:40Z] MOVE rollback src=2 dst=1 idx=374
[2026-05-15T19:47:41Z] ADD failed pe=1 mac=02:aa:00:00:00:7f
[2026-05-15T19:47:41Z] MOVE rollback src=2 dst=1 idx=127
[2026-05-15T19:47:41Z] ADD failed pe=1 mac=02:aa:00:00:00:e6
[2026-05-15T19:47:41Z] MOVE rollback src=2 dst=1 idx=230
[2026-05-15T19:47:41Z] ADD failed pe=1 mac=02:aa:00:00:01:8c
[2026-05-15T19:47:41Z] MOVE rollback src=2 dst=1 idx=396
[2026-05-15T19:47:41Z] ADD failed pe=1 mac=02:aa:00:00:00:93
[2026-05-15T19:47:41Z] MOVE rollback src=2 dst=1 idx=147
[2026-05-15T19:47:41Z] ADD failed pe=1 mac=02:aa:00:00:00:1d
[2026-05-15T19:47:42Z] MOVE rollback src=2 dst=1 idx=29
[2026-05-15T19:47:42Z] MOVE src=2 dst=1 moved=1 pe1_pool=222 pe2_pool=240
[2026-05-15T19:47:47Z] DEL pe=2 removed=50 pool=190
[2026-05-15T19:47:53Z] ADD pe=2 added=50 pool=240
[2026-05-15T19:47:56Z] ADD failed pe=1 mac=02:aa:00:00:00:a5
[2026-05-15T19:47:56Z] MOVE rollback src=2 dst=1 idx=165
[2026-05-15T19:47:56Z] ADD failed pe=1 mac=02:aa:00:00:00:c5
[2026-05-15T19:47:56Z] MOVE rollback src=2 dst=1 idx=197
[2026-05-15T19:47:56Z] ADD failed pe=1 mac=02:aa:00:00:00:2b
[2026-05-15T19:47:56Z] MOVE rollback src=2 dst=1 idx=43
[2026-05-15T19:47:56Z] ADD failed pe=1 mac=02:aa:00:00:01:ad
[2026-05-15T19:47:56Z] MOVE rollback src=2 dst=1 idx=429
[2026-05-15T19:47:56Z] ADD failed pe=1 mac=02:aa:00:00:00:bd
[2026-05-15T19:47:57Z] MOVE rollback src=2 dst=1 idx=189
[2026-05-15T19:47:57Z] ADD failed pe=1 mac=02:aa:00:00:00:ef
[2026-05-15T19:47:57Z] MOVE rollback src=2 dst=1 idx=239
[2026-05-15T19:47:57Z] ADD failed pe=1 mac=02:aa:00:00:00:0b
[2026-05-15T19:47:57Z] MOVE rollback src=2 dst=1 idx=11
[2026-05-15T19:47:57Z] ADD failed pe=1 mac=02:aa:00:00:00:36
[2026-05-15T19:47:57Z] MOVE rollback src=2 dst=1 idx=54
[2026-05-15T19:47:57Z] ADD failed pe=1 mac=02:aa:00:00:00:ca
[2026-05-15T19:47:57Z] MOVE rollback src=2 dst=1 idx=202
[2026-05-15T19:47:58Z] ADD failed pe=1 mac=02:aa:00:00:00:60
[2026-05-15T19:47:58Z] MOVE rollback src=2 dst=1 idx=96
[2026-05-15T19:47:58Z] ADD failed pe=1 mac=02:aa:00:00:01:f4
[2026-05-15T19:47:58Z] MOVE rollback src=2 dst=1 idx=500
[2026-05-15T19:47:58Z] ADD failed pe=1 mac=02:aa:00:00:01:0d
[2026-05-15T19:47:58Z] MOVE rollback src=2 dst=1 idx=269
[2026-05-15T19:47:58Z] ADD failed pe=1 mac=02:aa:00:00:00:9b
[2026-05-15T19:47:58Z] MOVE rollback src=2 dst=1 idx=155
[2026-05-15T19:47:58Z] ADD failed pe=1 mac=02:aa:00:00:01:1f
[2026-05-15T19:47:58Z] MOVE rollback src=2 dst=1 idx=287
[2026-05-15T19:47:59Z] ADD failed pe=1 mac=02:aa:00:00:00:dc
[2026-05-15T19:47:59Z] MOVE rollback src=2 dst=1 idx=220
[2026-05-15T19:47:59Z] ADD failed pe=1 mac=02:aa:00:00:00:9a
[2026-05-15T19:47:59Z] MOVE rollback src=2 dst=1 idx=154
[2026-05-15T19:47:59Z] ADD failed pe=1 mac=02:aa:00:00:01:b4
[2026-05-15T19:47:59Z] MOVE rollback src=2 dst=1 idx=436
[2026-05-15T19:47:59Z] ADD failed pe=1 mac=02:aa:00:00:00:93
[2026-05-15T19:47:59Z] MOVE rollback src=2 dst=1 idx=147
[2026-05-15T19:48:00Z] ADD failed pe=1 mac=02:aa:00:00:01:c8
[2026-05-15T19:48:00Z] MOVE rollback src=2 dst=1 idx=456
[2026-05-15T19:48:00Z] ADD failed pe=1 mac=02:aa:00:00:01:43
[2026-05-15T19:48:00Z] MOVE rollback src=2 dst=1 idx=323
[2026-05-15T19:48:00Z] ADD failed pe=1 mac=02:aa:00:00:01:c2
[2026-05-15T19:48:00Z] MOVE rollback src=2 dst=1 idx=450
[2026-05-15T19:48:00Z] ADD failed pe=1 mac=02:aa:00:00:01:e3
[2026-05-15T19:48:00Z] MOVE rollback src=2 dst=1 idx=483
[2026-05-15T19:48:00Z] ADD failed pe=1 mac=02:aa:00:00:00:a2
[2026-05-15T19:48:01Z] MOVE rollback src=2 dst=1 idx=162
[2026-05-15T19:48:01Z] ADD failed pe=1 mac=02:aa:00:00:00:ba
[2026-05-15T19:48:01Z] MOVE rollback src=2 dst=1 idx=186
[2026-05-15T19:48:01Z] ADD failed pe=1 mac=02:aa:00:00:01:bf
[2026-05-15T19:48:01Z] MOVE rollback src=2 dst=1 idx=447
[2026-05-15T19:48:01Z] ADD failed pe=1 mac=02:aa:00:00:00:7f
[2026-05-15T19:48:01Z] MOVE rollback src=2 dst=1 idx=127
[2026-05-15T19:48:01Z] ADD failed pe=1 mac=02:aa:00:00:00:6a
[2026-05-15T19:48:01Z] MOVE rollback src=2 dst=1 idx=106
[2026-05-15T19:48:02Z] ADD failed pe=1 mac=02:aa:00:00:01:21
[2026-05-15T19:48:02Z] MOVE rollback src=2 dst=1 idx=289
[2026-05-15T19:48:02Z] ADD failed pe=1 mac=02:aa:00:00:00:81
[2026-05-15T19:48:02Z] MOVE rollback src=2 dst=1 idx=129
[2026-05-15T19:48:02Z] ADD failed pe=1 mac=02:aa:00:00:01:f9
[2026-05-15T19:48:02Z] MOVE rollback src=2 dst=1 idx=505
[2026-05-15T19:48:02Z] ADD failed pe=1 mac=02:aa:00:00:00:f4
[2026-05-15T19:48:03Z] MOVE rollback src=2 dst=1 idx=244
[2026-05-15T19:48:03Z] ADD failed pe=1 mac=02:aa:00:00:01:e6
[2026-05-15T19:48:03Z] MOVE rollback src=2 dst=1 idx=486
[2026-05-15T19:48:03Z] ADD failed pe=1 mac=02:aa:00:00:00:e1
[2026-05-15T19:48:03Z] MOVE rollback src=2 dst=1 idx=225
[2026-05-15T19:48:03Z] ADD failed pe=1 mac=02:aa:00:00:00:63
[2026-05-15T19:48:03Z] MOVE rollback src=2 dst=1 idx=99
[2026-05-15T19:48:03Z] ADD failed pe=1 mac=02:aa:00:00:00:50
[2026-05-15T19:48:03Z] MOVE rollback src=2 dst=1 idx=80
[2026-05-15T19:48:04Z] ADD failed pe=1 mac=02:aa:00:00:01:6e
[2026-05-15T19:48:04Z] MOVE rollback src=2 dst=1 idx=366
[2026-05-15T19:48:04Z] ADD failed pe=1 mac=02:aa:00:00:01:a1
[2026-05-15T19:48:04Z] MOVE rollback src=2 dst=1 idx=417
[2026-05-15T19:48:04Z] ADD failed pe=1 mac=02:aa:00:00:00:08
[2026-05-15T19:48:04Z] MOVE rollback src=2 dst=1 idx=8
[2026-05-15T19:48:04Z] ADD failed pe=1 mac=02:aa:00:00:00:16
[2026-05-15T19:48:04Z] MOVE rollback src=2 dst=1 idx=22
[2026-05-15T19:48:05Z] ADD failed pe=1 mac=02:aa:00:00:00:f0
[2026-05-15T19:48:05Z] MOVE rollback src=2 dst=1 idx=240
[2026-05-15T19:48:05Z] ADD failed pe=1 mac=02:aa:00:00:01:27
[2026-05-15T19:48:05Z] MOVE rollback src=2 dst=1 idx=295
[2026-05-15T19:48:05Z] ADD failed pe=1 mac=02:aa:00:00:01:f2
[2026-05-15T19:48:05Z] MOVE rollback src=2 dst=1 idx=498
[2026-05-15T19:48:05Z] ADD failed pe=1 mac=02:aa:00:00:00:13
[2026-05-15T19:48:05Z] MOVE rollback src=2 dst=1 idx=19
[2026-05-15T19:48:06Z] ADD failed pe=1 mac=02:aa:00:00:00:68
[2026-05-15T19:48:06Z] MOVE rollback src=2 dst=1 idx=104
[2026-05-15T19:48:06Z] ADD failed pe=1 mac=02:aa:00:00:00:da
[2026-05-15T19:48:06Z] MOVE rollback src=2 dst=1 idx=218
[2026-05-15T19:48:06Z] ADD failed pe=1 mac=02:aa:00:00:01:e4
[2026-05-15T19:48:06Z] MOVE rollback src=2 dst=1 idx=484
[2026-05-15T19:48:06Z] ADD failed pe=1 mac=02:aa:00:00:01:87
[2026-05-15T19:48:06Z] MOVE rollback src=2 dst=1 idx=391
[2026-05-15T19:48:07Z] ADD failed pe=1 mac=02:aa:00:00:01:46
[2026-05-15T19:48:07Z] MOVE rollback src=2 dst=1 idx=326
[2026-05-15T19:48:07Z] MOVE src=2 dst=1 moved=2 pe1_pool=224 pe2_pool=238
[2026-05-15T19:48:09Z] ADD failed pe=1 mac=02:aa:00:00:00:ed
[2026-05-15T19:48:09Z] MOVE rollback src=2 dst=1 idx=237
[2026-05-15T19:48:09Z] ADD failed pe=1 mac=02:aa:00:00:01:4b
[2026-05-15T19:48:09Z] MOVE rollback src=2 dst=1 idx=331
[2026-05-15T19:48:09Z] ADD failed pe=1 mac=02:aa:00:00:00:e3
[2026-05-15T19:48:09Z] MOVE rollback src=2 dst=1 idx=227
[2026-05-15T19:48:09Z] ADD failed pe=1 mac=02:aa:00:00:00:d2
[2026-05-15T19:48:10Z] MOVE rollback src=2 dst=1 idx=210
[2026-05-15T19:48:10Z] ADD failed pe=1 mac=02:aa:00:00:00:ba
[2026-05-15T19:48:10Z] MOVE rollback src=2 dst=1 idx=186
[2026-05-15T19:48:10Z] ADD failed pe=1 mac=02:aa:00:00:01:b4
[2026-05-15T19:48:10Z] MOVE rollback src=2 dst=1 idx=436
[2026-05-15T19:48:10Z] ADD failed pe=1 mac=02:aa:00:00:01:e3
[2026-05-15T19:48:10Z] MOVE rollback src=2 dst=1 idx=483
[2026-05-15T19:48:10Z] ADD failed pe=1 mac=02:aa:00:00:01:0b
[2026-05-15T19:48:11Z] MOVE rollback src=2 dst=1 idx=267
[2026-05-15T19:48:11Z] ADD failed pe=1 mac=02:aa:00:00:01:39
[2026-05-15T19:48:11Z] MOVE rollback src=2 dst=1 idx=313
[2026-05-15T19:48:11Z] ADD failed pe=1 mac=02:aa:00:00:01:06
[2026-05-15T19:48:11Z] MOVE rollback src=2 dst=1 idx=262
[2026-05-15T19:48:11Z] ADD failed pe=1 mac=02:aa:00:00:00:e5
[2026-05-15T19:48:11Z] MOVE rollback src=2 dst=1 idx=229
[2026-05-15T19:48:11Z] ADD failed pe=1 mac=02:aa:00:00:01:e0
[2026-05-15T19:48:11Z] MOVE rollback src=2 dst=1 idx=480
[2026-05-15T19:48:12Z] ADD failed pe=1 mac=02:aa:00:00:00:ae
[2026-05-15T19:48:12Z] MOVE rollback src=2 dst=1 idx=174
[2026-05-15T19:48:12Z] ADD failed pe=1 mac=02:aa:00:00:01:42
[2026-05-15T19:48:12Z] MOVE rollback src=2 dst=1 idx=322
[2026-05-15T19:48:12Z] ADD failed pe=1 mac=02:aa:00:00:01:03
[2026-05-15T19:48:12Z] MOVE rollback src=2 dst=1 idx=259
[2026-05-15T19:48:12Z] ADD failed pe=1 mac=02:aa:00:00:00:c0
[2026-05-15T19:48:12Z] MOVE rollback src=2 dst=1 idx=192
[2026-05-15T19:48:12Z] ADD failed pe=1 mac=02:aa:00:00:00:cf
[2026-05-15T19:48:12Z] MOVE rollback src=2 dst=1 idx=207
[2026-05-15T19:48:13Z] ADD failed pe=1 mac=02:aa:00:00:01:d8
[2026-05-15T19:48:13Z] MOVE rollback src=2 dst=1 idx=472
[2026-05-15T19:48:13Z] ADD failed pe=1 mac=02:aa:00:00:01:5d
[2026-05-15T19:48:13Z] MOVE rollback src=2 dst=1 idx=349
[2026-05-15T19:48:13Z] ADD failed pe=1 mac=02:aa:00:00:00:62
[2026-05-15T19:48:13Z] MOVE rollback src=2 dst=1 idx=98
[2026-05-15T19:48:13Z] ADD failed pe=1 mac=02:aa:00:00:00:f2
[2026-05-15T19:48:13Z] MOVE rollback src=2 dst=1 idx=242
[2026-05-15T19:48:14Z] ADD failed pe=1 mac=02:aa:00:00:01:a7
[2026-05-15T19:48:14Z] MOVE rollback src=2 dst=1 idx=423
[2026-05-15T19:48:14Z] ADD failed pe=1 mac=02:aa:00:00:00:b8
[2026-05-15T19:48:14Z] MOVE rollback src=2 dst=1 idx=184
[2026-05-15T19:48:14Z] ADD failed pe=1 mac=02:aa:00:00:01:a2
[2026-05-15T19:48:14Z] MOVE rollback src=2 dst=1 idx=418
[2026-05-15T19:48:14Z] ADD failed pe=1 mac=02:aa:00:00:01:53
[2026-05-15T19:48:14Z] MOVE rollback src=2 dst=1 idx=339
[2026-05-15T19:48:15Z] ADD failed pe=1 mac=02:aa:00:00:00:0c
[2026-05-15T19:48:15Z] MOVE rollback src=2 dst=1 idx=12
[2026-05-15T19:48:15Z] ADD failed pe=1 mac=02:aa:00:00:01:4f
[2026-05-15T19:48:15Z] MOVE rollback src=2 dst=1 idx=335
[2026-05-15T19:48:15Z] ADD failed pe=1 mac=02:aa:00:00:01:64
[2026-05-15T19:48:15Z] MOVE rollback src=2 dst=1 idx=356
[2026-05-15T19:48:15Z] ADD failed pe=1 mac=02:aa:00:00:00:a1
[2026-05-15T19:48:15Z] MOVE rollback src=2 dst=1 idx=161
[2026-05-15T19:48:16Z] ADD failed pe=1 mac=02:aa:00:00:01:09
[2026-05-15T19:48:16Z] MOVE rollback src=2 dst=1 idx=265
[2026-05-15T19:48:16Z] ADD failed pe=1 mac=02:aa:00:00:00:c3
[2026-05-15T19:48:16Z] MOVE rollback src=2 dst=1 idx=195
[2026-05-15T19:48:16Z] ADD failed pe=1 mac=02:aa:00:00:01:25
[2026-05-15T19:48:16Z] MOVE rollback src=2 dst=1 idx=293
[2026-05-15T19:48:16Z] ADD failed pe=1 mac=02:aa:00:00:00:63
[2026-05-15T19:48:16Z] MOVE rollback src=2 dst=1 idx=99
[2026-05-15T19:48:16Z] ADD failed pe=1 mac=02:aa:00:00:01:8c
[2026-05-15T19:48:16Z] MOVE rollback src=2 dst=1 idx=396
[2026-05-15T19:48:17Z] ADD failed pe=1 mac=02:aa:00:00:00:94
[2026-05-15T19:48:17Z] MOVE rollback src=2 dst=1 idx=148
[2026-05-15T19:48:17Z] ADD failed pe=1 mac=02:aa:00:00:00:be
[2026-05-15T19:48:17Z] MOVE rollback src=2 dst=1 idx=190
[2026-05-15T19:48:17Z] ADD failed pe=1 mac=02:aa:00:00:01:46
[2026-05-15T19:48:17Z] MOVE rollback src=2 dst=1 idx=326
[2026-05-15T19:48:17Z] ADD failed pe=1 mac=02:aa:00:00:01:2a
[2026-05-15T19:48:17Z] MOVE rollback src=2 dst=1 idx=298
[2026-05-15T19:48:18Z] ADD failed pe=1 mac=02:aa:00:00:01:82
[2026-05-15T19:48:18Z] MOVE rollback src=2 dst=1 idx=386
[2026-05-15T19:48:18Z] ADD failed pe=1 mac=02:aa:00:00:01:b0
[2026-05-15T19:48:18Z] MOVE rollback src=2 dst=1 idx=432
[2026-05-15T19:48:18Z] ADD failed pe=1 mac=02:aa:00:00:01:a0
[2026-05-15T19:48:18Z] MOVE rollback src=2 dst=1 idx=416
[2026-05-15T19:48:18Z] ADD failed pe=1 mac=02:aa:00:00:00:36
[2026-05-15T19:48:18Z] MOVE rollback src=2 dst=1 idx=54
[2026-05-15T19:48:18Z] ADD failed pe=1 mac=02:aa:00:00:01:43
[2026-05-15T19:48:18Z] MOVE rollback src=2 dst=1 idx=323
[2026-05-15T19:48:19Z] ADD failed pe=1 mac=02:aa:00:00:01:d1
[2026-05-15T19:48:19Z] MOVE rollback src=2 dst=1 idx=465
[2026-05-15T19:48:19Z] ADD failed pe=1 mac=02:aa:00:00:00:04
[2026-05-15T19:48:19Z] MOVE rollback src=2 dst=1 idx=4
[2026-05-15T19:48:19Z] ADD failed pe=1 mac=02:aa:00:00:01:59
[2026-05-15T19:48:19Z] MOVE rollback src=2 dst=1 idx=345
[2026-05-15T19:48:19Z] ADD failed pe=1 mac=02:aa:00:00:01:98
[2026-05-15T19:48:19Z] MOVE rollback src=2 dst=1 idx=408
[2026-05-15T19:48:20Z] ADD failed pe=1 mac=02:aa:00:00:00:0e
[2026-05-15T19:48:20Z] MOVE rollback src=2 dst=1 idx=14
[2026-05-15T19:48:20Z] MOVE src=2 dst=1 moved=2 pe1_pool=226 pe2_pool=236
[2026-05-15T19:48:25Z] ADD pe=1 added=50 pool=276
[2026-05-15T19:48:27Z] ADD failed pe=2 mac=02:aa:00:00:00:6e
[2026-05-15T19:48:27Z] MOVE rollback src=1 dst=2 idx=110
[2026-05-15T19:48:28Z] ADD failed pe=2 mac=02:aa:00:00:01:ca
[2026-05-15T19:48:28Z] MOVE rollback src=1 dst=2 idx=458
[2026-05-15T19:48:28Z] ADD failed pe=2 mac=02:aa:00:00:01:dd
[2026-05-15T19:48:28Z] MOVE rollback src=1 dst=2 idx=477
[2026-05-15T19:48:28Z] ADD failed pe=2 mac=02:aa:00:00:00:7e
[2026-05-15T19:48:28Z] MOVE rollback src=1 dst=2 idx=126
[2026-05-15T19:48:28Z] ADD failed pe=2 mac=02:aa:00:00:00:40
[2026-05-15T19:48:28Z] MOVE rollback src=1 dst=2 idx=64
[2026-05-15T19:48:28Z] ADD failed pe=2 mac=02:aa:00:00:01:df
[2026-05-15T19:48:28Z] MOVE rollback src=1 dst=2 idx=479
[2026-05-15T19:48:29Z] ADD failed pe=2 mac=02:aa:00:00:01:c1
[2026-05-15T19:48:29Z] MOVE rollback src=1 dst=2 idx=449
[2026-05-15T19:48:29Z] ADD failed pe=2 mac=02:aa:00:00:01:35
[2026-05-15T19:48:29Z] MOVE rollback src=1 dst=2 idx=309
[2026-05-15T19:48:29Z] ADD failed pe=2 mac=02:aa:00:00:01:d2
[2026-05-15T19:48:29Z] MOVE rollback src=1 dst=2 idx=466
[2026-05-15T19:48:29Z] ADD failed pe=2 mac=02:aa:00:00:00:d4
[2026-05-15T19:48:29Z] MOVE rollback src=1 dst=2 idx=212
[2026-05-15T19:48:29Z] ADD failed pe=2 mac=02:aa:00:00:00:25
[2026-05-15T19:48:30Z] MOVE rollback src=1 dst=2 idx=37
[2026-05-15T19:48:30Z] ADD failed pe=2 mac=02:aa:00:00:00:1b
[2026-05-15T19:48:30Z] MOVE rollback src=1 dst=2 idx=27
[2026-05-15T19:48:30Z] ADD failed pe=2 mac=02:aa:00:00:01:e5
[2026-05-15T19:48:30Z] MOVE rollback src=1 dst=2 idx=485
[2026-05-15T19:48:30Z] ADD failed pe=2 mac=02:aa:00:00:00:2f
[2026-05-15T19:48:30Z] MOVE rollback src=1 dst=2 idx=47
[2026-05-15T19:48:30Z] ADD failed pe=2 mac=02:aa:00:00:01:6d
[2026-05-15T19:48:30Z] MOVE rollback src=1 dst=2 idx=365
[2026-05-15T19:48:31Z] ADD failed pe=2 mac=02:aa:00:00:01:45
[2026-05-15T19:48:31Z] MOVE rollback src=1 dst=2 idx=325
[2026-05-15T19:48:31Z] ADD failed pe=2 mac=02:aa:00:00:01:13
[2026-05-15T19:48:31Z] MOVE rollback src=1 dst=2 idx=275
[2026-05-15T19:48:31Z] ADD failed pe=2 mac=02:aa:00:00:01:38
[2026-05-15T19:48:31Z] MOVE rollback src=1 dst=2 idx=312
[2026-05-15T19:48:31Z] ADD failed pe=2 mac=02:aa:00:00:01:33
[2026-05-15T19:48:31Z] MOVE rollback src=1 dst=2 idx=307
[2026-05-15T19:48:31Z] ADD failed pe=2 mac=02:aa:00:00:00:65
[2026-05-15T19:48:32Z] MOVE rollback src=1 dst=2 idx=101
[2026-05-15T19:48:32Z] ADD failed pe=2 mac=02:aa:00:00:01:a4
[2026-05-15T19:48:32Z] MOVE rollback src=1 dst=2 idx=420
[2026-05-15T19:48:32Z] ADD failed pe=2 mac=02:aa:00:00:01:c7
[2026-05-15T19:48:32Z] MOVE rollback src=1 dst=2 idx=455
[2026-05-15T19:48:32Z] ADD failed pe=2 mac=02:aa:00:00:01:e7
[2026-05-15T19:48:32Z] MOVE rollback src=1 dst=2 idx=487
[2026-05-15T19:48:32Z] ADD failed pe=2 mac=02:aa:00:00:01:89
[2026-05-15T19:48:32Z] MOVE rollback src=1 dst=2 idx=393
[2026-05-15T19:48:33Z] ADD failed pe=2 mac=02:aa:00:00:00:45
[2026-05-15T19:48:33Z] MOVE rollback src=1 dst=2 idx=69
[2026-05-15T19:48:33Z] ADD failed pe=2 mac=02:aa:00:00:00:85
[2026-05-15T19:48:33Z] MOVE rollback src=1 dst=2 idx=133
[2026-05-15T19:48:33Z] ADD failed pe=2 mac=02:aa:00:00:00:1f
[2026-05-15T19:48:33Z] MOVE rollback src=1 dst=2 idx=31
[2026-05-15T19:48:33Z] ADD failed pe=2 mac=02:aa:00:00:00:91
[2026-05-15T19:48:33Z] MOVE rollback src=1 dst=2 idx=145
[2026-05-15T19:48:33Z] ADD failed pe=2 mac=02:aa:00:00:00:9d
[2026-05-15T19:48:33Z] MOVE rollback src=1 dst=2 idx=157
[2026-05-15T19:48:34Z] ADD failed pe=2 mac=02:aa:00:00:01:78
[2026-05-15T19:48:34Z] MOVE rollback src=1 dst=2 idx=376
[2026-05-15T19:48:34Z] ADD failed pe=2 mac=02:aa:00:00:00:4e
[2026-05-15T19:48:34Z] MOVE rollback src=1 dst=2 idx=78
[2026-05-15T19:48:34Z] ADD failed pe=2 mac=02:aa:00:00:00:80
[2026-05-15T19:48:34Z] MOVE rollback src=1 dst=2 idx=128
[2026-05-15T19:48:34Z] ADD failed pe=2 mac=02:aa:00:00:00:b3
[2026-05-15T19:48:34Z] MOVE rollback src=1 dst=2 idx=179
[2026-05-15T19:48:34Z] ADD failed pe=2 mac=02:aa:00:00:00:cb
[2026-05-15T19:48:35Z] MOVE rollback src=1 dst=2 idx=203
[2026-05-15T19:48:35Z] ADD failed pe=2 mac=02:aa:00:00:01:cd
[2026-05-15T19:48:35Z] MOVE rollback src=1 dst=2 idx=461
[2026-05-15T19:48:35Z] ADD failed pe=2 mac=02:aa:00:00:01:d7
[2026-05-15T19:48:35Z] MOVE rollback src=1 dst=2 idx=471
[2026-05-15T19:48:35Z] ADD failed pe=2 mac=02:aa:00:00:01:88
[2026-05-15T19:48:35Z] MOVE rollback src=1 dst=2 idx=392
[2026-05-15T19:48:35Z] ADD failed pe=2 mac=02:aa:00:00:01:56
[2026-05-15T19:48:35Z] MOVE rollback src=1 dst=2 idx=342
[2026-05-15T19:48:36Z] ADD failed pe=2 mac=02:aa:00:00:01:4a
[2026-05-15T19:48:36Z] MOVE rollback src=1 dst=2 idx=330
[2026-05-15T19:48:36Z] ADD failed pe=2 mac=02:aa:00:00:01:0f
[2026-05-15T19:48:36Z] MOVE rollback src=1 dst=2 idx=271
[2026-05-15T19:48:36Z] ADD failed pe=2 mac=02:aa:00:00:01:68
[2026-05-15T19:48:36Z] MOVE rollback src=1 dst=2 idx=360
[2026-05-15T19:48:36Z] ADD failed pe=2 mac=02:aa:00:00:00:7b
[2026-05-15T19:48:36Z] MOVE rollback src=1 dst=2 idx=123
[2026-05-15T19:48:37Z] ADD failed pe=2 mac=02:aa:00:00:01:01
[2026-05-15T19:48:37Z] MOVE rollback src=1 dst=2 idx=257
[2026-05-15T19:48:37Z] ADD failed pe=2 mac=02:aa:00:00:01:31
[2026-05-15T19:48:37Z] MOVE rollback src=1 dst=2 idx=305
[2026-05-15T19:48:37Z] ADD failed pe=2 mac=02:aa:00:00:00:a8
[2026-05-15T19:48:37Z] MOVE rollback src=1 dst=2 idx=168
[2026-05-15T19:48:37Z] ADD failed pe=2 mac=02:aa:00:00:01:c9
[2026-05-15T19:48:37Z] MOVE rollback src=1 dst=2 idx=457
[2026-05-15T19:48:38Z] ADD failed pe=2 mac=02:aa:00:00:00:69
[2026-05-15T19:48:38Z] MOVE rollback src=1 dst=2 idx=105
[2026-05-15T19:48:38Z] ADD failed pe=2 mac=02:aa:00:00:01:4d
[2026-05-15T19:48:38Z] MOVE rollback src=1 dst=2 idx=333
[2026-05-15T19:48:38Z] ADD failed pe=2 mac=02:aa:00:00:01:12
[2026-05-15T19:48:38Z] MOVE rollback src=1 dst=2 idx=274
[2026-05-15T19:48:38Z] ADD failed pe=2 mac=02:aa:00:00:01:fe
[2026-05-15T19:48:38Z] MOVE rollback src=1 dst=2 idx=510
[2026-05-15T19:48:38Z] MOVE src=1 dst=2 moved=0 pe1_pool=276 pe2_pool=236
[2026-05-15T19:48:44Z] DEL pe=1 removed=50 pool=226
[2026-05-15T19:48:50Z] DEL pe=2 removed=50 pool=186
[2026-05-15T19:48:52Z] ADD failed pe=2 mac=02:aa:00:00:01:67
[2026-05-15T19:48:52Z] MOVE rollback src=1 dst=2 idx=359
[2026-05-15T19:48:52Z] ADD failed pe=2 mac=02:aa:00:00:01:3a
[2026-05-15T19:48:53Z] MOVE rollback src=1 dst=2 idx=314
[2026-05-15T19:48:53Z] ADD failed pe=2 mac=02:aa:00:00:01:32
[2026-05-15T19:48:53Z] MOVE rollback src=1 dst=2 idx=306
[2026-05-15T19:48:53Z] ADD failed pe=2 mac=02:aa:00:00:01:68
[2026-05-15T19:48:53Z] MOVE rollback src=1 dst=2 idx=360
[2026-05-15T19:48:53Z] ADD failed pe=2 mac=02:aa:00:00:00:70
[2026-05-15T19:48:53Z] MOVE rollback src=1 dst=2 idx=112
[2026-05-15T19:48:53Z] ADD failed pe=2 mac=02:aa:00:00:00:d7
[2026-05-15T19:48:53Z] MOVE rollback src=1 dst=2 idx=215
[2026-05-15T19:48:54Z] ADD failed pe=2 mac=02:aa:00:00:01:c9
[2026-05-15T19:48:54Z] MOVE rollback src=1 dst=2 idx=457
[2026-05-15T19:48:54Z] ADD failed pe=2 mac=02:aa:00:00:00:2f
[2026-05-15T19:48:54Z] MOVE rollback src=1 dst=2 idx=47
[2026-05-15T19:48:54Z] ADD failed pe=2 mac=02:aa:00:00:00:42
[2026-05-15T19:48:54Z] MOVE rollback src=1 dst=2 idx=66
[2026-05-15T19:48:54Z] ADD failed pe=2 mac=02:aa:00:00:01:45
[2026-05-15T19:48:54Z] MOVE rollback src=1 dst=2 idx=325
[2026-05-15T19:48:54Z] ADD failed pe=2 mac=02:aa:00:00:00:3a
[2026-05-15T19:48:55Z] MOVE rollback src=1 dst=2 idx=58
[2026-05-15T19:48:55Z] ADD failed pe=2 mac=02:aa:00:00:01:7b
[2026-05-15T19:48:55Z] MOVE rollback src=1 dst=2 idx=379
[2026-05-15T19:48:55Z] ADD failed pe=2 mac=02:aa:00:00:00:a4
[2026-05-15T19:48:55Z] MOVE rollback src=1 dst=2 idx=164
[2026-05-15T19:48:55Z] ADD failed pe=2 mac=02:aa:00:00:00:84
[2026-05-15T19:48:55Z] MOVE rollback src=1 dst=2 idx=132
[2026-05-15T19:48:55Z] ADD failed pe=2 mac=02:aa:00:00:00:d0
[2026-05-15T19:48:55Z] MOVE rollback src=1 dst=2 idx=208
[2026-05-15T19:48:56Z] ADD failed pe=2 mac=02:aa:00:00:00:17
[2026-05-15T19:48:56Z] MOVE rollback src=1 dst=2 idx=23
[2026-05-15T19:48:56Z] ADD failed pe=2 mac=02:aa:00:00:01:af
[2026-05-15T19:48:56Z] MOVE rollback src=1 dst=2 idx=431
[2026-05-15T19:48:56Z] ADD failed pe=2 mac=02:aa:00:00:01:63
[2026-05-15T19:48:56Z] MOVE rollback src=1 dst=2 idx=355
[2026-05-15T19:48:56Z] ADD failed pe=2 mac=02:aa:00:00:01:6a
[2026-05-15T19:48:56Z] MOVE rollback src=1 dst=2 idx=362
[2026-05-15T19:48:57Z] ADD failed pe=2 mac=02:aa:00:00:01:48
[2026-05-15T19:48:57Z] MOVE rollback src=1 dst=2 idx=328
[2026-05-15T19:48:57Z] ADD failed pe=2 mac=02:aa:00:00:01:ed
[2026-05-15T19:48:57Z] MOVE rollback src=1 dst=2 idx=493
[2026-05-15T19:48:57Z] ADD failed pe=2 mac=02:aa:00:00:00:0a
[2026-05-15T19:48:57Z] MOVE rollback src=1 dst=2 idx=10
[2026-05-15T19:48:57Z] ADD failed pe=2 mac=02:aa:00:00:01:81
[2026-05-15T19:48:57Z] MOVE rollback src=1 dst=2 idx=385
[2026-05-15T19:48:57Z] ADD failed pe=2 mac=02:aa:00:00:01:d7
[2026-05-15T19:48:58Z] MOVE rollback src=1 dst=2 idx=471
[2026-05-15T19:48:58Z] ADD failed pe=2 mac=02:aa:00:00:01:d6
[2026-05-15T19:48:58Z] MOVE rollback src=1 dst=2 idx=470
[2026-05-15T19:48:58Z] ADD failed pe=2 mac=02:aa:00:00:00:c9
[2026-05-15T19:48:58Z] MOVE rollback src=1 dst=2 idx=201
[2026-05-15T19:48:58Z] ADD failed pe=2 mac=02:aa:00:00:00:e6
[2026-05-15T19:48:58Z] MOVE rollback src=1 dst=2 idx=230
[2026-05-15T19:48:58Z] ADD failed pe=2 mac=02:aa:00:00:01:ae
[2026-05-15T19:48:58Z] MOVE rollback src=1 dst=2 idx=430
[2026-05-15T19:48:59Z] ADD failed pe=2 mac=02:aa:00:00:01:b3
[2026-05-15T19:48:59Z] MOVE rollback src=1 dst=2 idx=435
[2026-05-15T19:48:59Z] ADD failed pe=2 mac=02:aa:00:00:01:8a
[2026-05-15T19:48:59Z] MOVE rollback src=1 dst=2 idx=394
[2026-05-15T19:48:59Z] ADD failed pe=2 mac=02:aa:00:00:01:c7
[2026-05-15T19:48:59Z] MOVE rollback src=1 dst=2 idx=455
[2026-05-15T19:48:59Z] ADD failed pe=2 mac=02:aa:00:00:00:45
[2026-05-15T19:48:59Z] MOVE rollback src=1 dst=2 idx=69
[2026-05-15T19:49:00Z] ADD failed pe=2 mac=02:aa:00:00:00:ee
[2026-05-15T19:49:00Z] MOVE rollback src=1 dst=2 idx=238
[2026-05-15T19:49:00Z] ADD failed pe=2 mac=02:aa:00:00:01:73
[2026-05-15T19:49:00Z] MOVE rollback src=1 dst=2 idx=371
[2026-05-15T19:49:00Z] ADD failed pe=2 mac=02:aa:00:00:00:57
[2026-05-15T19:49:00Z] MOVE rollback src=1 dst=2 idx=87
[2026-05-15T19:49:00Z] ADD failed pe=2 mac=02:aa:00:00:01:51
[2026-05-15T19:49:00Z] MOVE rollback src=1 dst=2 idx=337
[2026-05-15T19:49:00Z] ADD failed pe=2 mac=02:aa:00:00:00:3b
[2026-05-15T19:49:01Z] MOVE rollback src=1 dst=2 idx=59
[2026-05-15T19:49:01Z] ADD failed pe=2 mac=02:aa:00:00:00:0d
[2026-05-15T19:49:01Z] MOVE rollback src=1 dst=2 idx=13
[2026-05-15T19:49:01Z] ADD failed pe=2 mac=02:aa:00:00:00:01
[2026-05-15T19:49:01Z] MOVE rollback src=1 dst=2 idx=1
[2026-05-15T19:49:01Z] ADD failed pe=2 mac=02:aa:00:00:00:f5
[2026-05-15T19:49:01Z] MOVE rollback src=1 dst=2 idx=245
[2026-05-15T19:49:01Z] ADD failed pe=2 mac=02:aa:00:00:01:13
[2026-05-15T19:49:01Z] MOVE rollback src=1 dst=2 idx=275
[2026-05-15T19:49:02Z] ADD failed pe=2 mac=02:aa:00:00:01:07
[2026-05-15T19:49:02Z] MOVE rollback src=1 dst=2 idx=263
[2026-05-15T19:49:02Z] ADD failed pe=2 mac=02:aa:00:00:01:4c
[2026-05-15T19:49:02Z] MOVE rollback src=1 dst=2 idx=332
[2026-05-15T19:49:02Z] ADD failed pe=2 mac=02:aa:00:00:00:5b
[2026-05-15T19:49:02Z] MOVE rollback src=1 dst=2 idx=91
[2026-05-15T19:49:02Z] ADD failed pe=2 mac=02:aa:00:00:00:bc
[2026-05-15T19:49:02Z] MOVE rollback src=1 dst=2 idx=188
[2026-05-15T19:49:03Z] ADD failed pe=2 mac=02:aa:00:00:01:c4
[2026-05-15T19:49:03Z] MOVE rollback src=1 dst=2 idx=452
[2026-05-15T19:49:03Z] ADD failed pe=2 mac=02:aa:00:00:01:49
[2026-05-15T19:49:03Z] MOVE rollback src=1 dst=2 idx=329
[2026-05-15T19:49:03Z] ADD failed pe=2 mac=02:aa:00:00:00:64
[2026-05-15T19:49:03Z] MOVE rollback src=1 dst=2 idx=100
[2026-05-15T19:49:03Z] ADD failed pe=2 mac=02:aa:00:00:01:26
[2026-05-15T19:49:03Z] MOVE rollback src=1 dst=2 idx=294
[2026-05-15T19:49:03Z] ADD failed pe=2 mac=02:aa:00:00:00:a8
[2026-05-15T19:49:04Z] MOVE rollback src=1 dst=2 idx=168
[2026-05-15T19:49:04Z] MOVE src=1 dst=2 moved=0 pe1_pool=226 pe2_pool=186
[2026-05-15T19:49:06Z] ADD failed pe=2 mac=02:aa:00:00:01:69
[2026-05-15T19:49:06Z] MOVE rollback src=1 dst=2 idx=361
[2026-05-15T19:49:06Z] ADD failed pe=2 mac=02:aa:00:00:00:3e
[2026-05-15T19:49:06Z] MOVE rollback src=1 dst=2 idx=62
[2026-05-15T19:49:06Z] ADD failed pe=2 mac=02:aa:00:00:01:c1
[2026-05-15T19:49:06Z] MOVE rollback src=1 dst=2 idx=449
[2026-05-15T19:49:07Z] ADD failed pe=2 mac=02:aa:00:00:00:09
[2026-05-15T19:49:07Z] MOVE rollback src=1 dst=2 idx=9
[2026-05-15T19:49:07Z] ADD failed pe=2 mac=02:aa:00:00:01:81
[2026-05-15T19:49:07Z] MOVE rollback src=1 dst=2 idx=385
[2026-05-15T19:49:07Z] ADD failed pe=2 mac=02:aa:00:00:00:17
[2026-05-15T19:49:07Z] MOVE rollback src=1 dst=2 idx=23
[2026-05-15T19:49:07Z] ADD failed pe=2 mac=02:aa:00:00:01:9f
[2026-05-15T19:49:07Z] MOVE rollback src=1 dst=2 idx=415
[2026-05-15T19:49:07Z] ADD failed pe=2 mac=02:aa:00:00:00:e7
[2026-05-15T19:49:08Z] MOVE rollback src=1 dst=2 idx=231
[2026-05-15T19:49:08Z] ADD failed pe=2 mac=02:aa:00:00:01:cc
[2026-05-15T19:49:08Z] MOVE rollback src=1 dst=2 idx=460
[2026-05-15T19:49:08Z] ADD failed pe=2 mac=02:aa:00:00:01:5a
[2026-05-15T19:49:08Z] MOVE rollback src=1 dst=2 idx=346
[2026-05-15T19:49:08Z] ADD failed pe=2 mac=02:aa:00:00:01:d6
[2026-05-15T19:49:08Z] MOVE rollback src=1 dst=2 idx=470
[2026-05-15T19:49:08Z] ADD failed pe=2 mac=02:aa:00:00:01:5b
[2026-05-15T19:49:08Z] MOVE rollback src=1 dst=2 idx=347
[2026-05-15T19:49:09Z] ADD failed pe=2 mac=02:aa:00:00:01:3a
[2026-05-15T19:49:09Z] MOVE rollback src=1 dst=2 idx=314
[2026-05-15T19:49:09Z] ADD failed pe=2 mac=02:aa:00:00:01:37
[2026-05-15T19:49:09Z] MOVE rollback src=1 dst=2 idx=311
[2026-05-15T19:49:09Z] ADD failed pe=2 mac=02:aa:00:00:00:3b
[2026-05-15T19:49:09Z] MOVE rollback src=1 dst=2 idx=59
[2026-05-15T19:49:09Z] ADD failed pe=2 mac=02:aa:00:00:01:bd
[2026-05-15T19:49:09Z] MOVE rollback src=1 dst=2 idx=445
[2026-05-15T19:49:09Z] ADD failed pe=2 mac=02:aa:00:00:00:c8
[2026-05-15T19:49:10Z] MOVE rollback src=1 dst=2 idx=200
[2026-05-15T19:49:10Z] ADD failed pe=2 mac=02:aa:00:00:00:b7
[2026-05-15T19:49:10Z] MOVE rollback src=1 dst=2 idx=183
[2026-05-15T19:49:10Z] ADD failed pe=2 mac=02:aa:00:00:00:c7
[2026-05-15T19:49:10Z] MOVE rollback src=1 dst=2 idx=199
[2026-05-15T19:49:10Z] ADD failed pe=2 mac=02:aa:00:00:00:b9
[2026-05-15T19:49:10Z] MOVE rollback src=1 dst=2 idx=185
[2026-05-15T19:49:10Z] ADD failed pe=2 mac=02:aa:00:00:01:cd
[2026-05-15T19:49:10Z] MOVE rollback src=1 dst=2 idx=461
[2026-05-15T19:49:11Z] ADD failed pe=2 mac=02:aa:00:00:01:94
[2026-05-15T19:49:11Z] MOVE rollback src=1 dst=2 idx=404
[2026-05-15T19:49:11Z] ADD failed pe=2 mac=02:aa:00:00:00:a6
[2026-05-15T19:49:11Z] MOVE rollback src=1 dst=2 idx=166
[2026-05-15T19:49:11Z] ADD failed pe=2 mac=02:aa:00:00:00:01
[2026-05-15T19:49:11Z] MOVE rollback src=1 dst=2 idx=1
[2026-05-15T19:49:11Z] ADD failed pe=2 mac=02:aa:00:00:01:b1
[2026-05-15T19:49:11Z] MOVE rollback src=1 dst=2 idx=433
[2026-05-15T19:49:12Z] ADD failed pe=2 mac=02:aa:00:00:01:22
[2026-05-15T19:49:12Z] MOVE rollback src=1 dst=2 idx=290
[2026-05-15T19:49:12Z] ADD failed pe=2 mac=02:aa:00:00:00:ad
[2026-05-15T19:49:12Z] MOVE rollback src=1 dst=2 idx=173
[2026-05-15T19:49:12Z] ADD failed pe=2 mac=02:aa:00:00:01:33
[2026-05-15T19:49:12Z] MOVE rollback src=1 dst=2 idx=307
[2026-05-15T19:49:12Z] ADD failed pe=2 mac=02:aa:00:00:01:72
[2026-05-15T19:49:12Z] MOVE rollback src=1 dst=2 idx=370
[2026-05-15T19:49:13Z] ADD failed pe=2 mac=02:aa:00:00:01:ff
[2026-05-15T19:49:13Z] MOVE rollback src=1 dst=2 idx=511
[2026-05-15T19:49:13Z] ADD failed pe=2 mac=02:aa:00:00:01:0f
[2026-05-15T19:49:13Z] MOVE rollback src=1 dst=2 idx=271
[2026-05-15T19:49:13Z] ADD failed pe=2 mac=02:aa:00:00:01:ae
[2026-05-15T19:49:13Z] MOVE rollback src=1 dst=2 idx=430
[2026-05-15T19:49:13Z] ADD failed pe=2 mac=02:aa:00:00:00:41
[2026-05-15T19:49:13Z] MOVE rollback src=1 dst=2 idx=65
[2026-05-15T19:49:13Z] ADD failed pe=2 mac=02:aa:00:00:01:63
[2026-05-15T19:49:14Z] MOVE rollback src=1 dst=2 idx=355
[2026-05-15T19:49:14Z] ADD failed pe=2 mac=02:aa:00:00:00:97
[2026-05-15T19:49:14Z] MOVE rollback src=1 dst=2 idx=151
[2026-05-15T19:49:14Z] ADD failed pe=2 mac=02:aa:00:00:01:15
[2026-05-15T19:49:14Z] MOVE rollback src=1 dst=2 idx=277
[2026-05-15T19:49:14Z] ADD failed pe=2 mac=02:aa:00:00:01:4c
[2026-05-15T19:49:14Z] MOVE rollback src=1 dst=2 idx=332
[2026-05-15T19:49:14Z] ADD failed pe=2 mac=02:aa:00:00:00:5b
[2026-05-15T19:49:14Z] MOVE rollback src=1 dst=2 idx=91
[2026-05-15T19:49:15Z] ADD failed pe=2 mac=02:aa:00:00:01:ac
[2026-05-15T19:49:15Z] MOVE rollback src=1 dst=2 idx=428
[2026-05-15T19:49:15Z] ADD failed pe=2 mac=02:aa:00:00:01:f1
[2026-05-15T19:49:15Z] MOVE rollback src=1 dst=2 idx=497
[2026-05-15T19:49:15Z] ADD failed pe=2 mac=02:aa:00:00:00:8d
[2026-05-15T19:49:15Z] MOVE rollback src=1 dst=2 idx=141
[2026-05-15T19:49:15Z] ADD failed pe=2 mac=02:aa:00:00:00:03
[2026-05-15T19:49:15Z] MOVE rollback src=1 dst=2 idx=3
[2026-05-15T19:49:15Z] ADD failed pe=2 mac=02:aa:00:00:00:d0
[2026-05-15T19:49:16Z] MOVE rollback src=1 dst=2 idx=208
[2026-05-15T19:49:16Z] ADD failed pe=2 mac=02:aa:00:00:00:53
[2026-05-15T19:49:16Z] MOVE rollback src=1 dst=2 idx=83
[2026-05-15T19:49:16Z] ADD failed pe=2 mac=02:aa:00:00:01:99
[2026-05-15T19:49:16Z] MOVE rollback src=1 dst=2 idx=409
[2026-05-15T19:49:16Z] ADD failed pe=2 mac=02:aa:00:00:01:13
[2026-05-15T19:49:16Z] MOVE rollback src=1 dst=2 idx=275
[2026-05-15T19:49:16Z] ADD failed pe=2 mac=02:aa:00:00:01:88
[2026-05-15T19:49:16Z] MOVE rollback src=1 dst=2 idx=392
[2026-05-15T19:49:17Z] ADD failed pe=2 mac=02:aa:00:00:00:85
[2026-05-15T19:49:17Z] MOVE rollback src=1 dst=2 idx=133
[2026-05-15T19:49:17Z] ADD failed pe=2 mac=02:aa:00:00:00:ec
[2026-05-15T19:49:17Z] MOVE rollback src=1 dst=2 idx=236
[2026-05-15T19:49:17Z] ADD failed pe=2 mac=02:aa:00:00:00:0f
[2026-05-15T19:49:17Z] MOVE rollback src=1 dst=2 idx=15
[2026-05-15T19:49:17Z] MOVE src=1 dst=2 moved=0 pe1_pool=226 pe2_pool=186
[2026-05-15T19:49:23Z] ADD pe=2 added=50 pool=236
[2026-05-15T19:49:25Z] ADD failed pe=1 mac=02:aa:00:00:00:be
[2026-05-15T19:49:25Z] MOVE rollback src=2 dst=1 idx=190
[2026-05-15T19:49:26Z] ADD failed pe=1 mac=02:aa:00:00:01:d1
[2026-05-15T19:49:26Z] MOVE rollback src=2 dst=1 idx=465
[2026-05-15T19:49:26Z] ADD failed pe=1 mac=02:aa:00:00:00:31
[2026-05-15T19:49:26Z] MOVE rollback src=2 dst=1 idx=49
[2026-05-15T19:49:26Z] ADD failed pe=1 mac=02:aa:00:00:00:7a
[2026-05-15T19:49:26Z] MOVE rollback src=2 dst=1 idx=122
[2026-05-15T19:49:26Z] ADD failed pe=1 mac=02:aa:00:00:01:41
[2026-05-15T19:49:26Z] MOVE rollback src=2 dst=1 idx=321
[2026-05-15T19:49:27Z] ADD failed pe=1 mac=02:aa:00:00:00:ef
[2026-05-15T19:49:27Z] MOVE rollback src=2 dst=1 idx=239
[2026-05-15T19:49:27Z] ADD failed pe=1 mac=02:aa:00:00:01:21
[2026-05-15T19:49:27Z] MOVE rollback src=2 dst=1 idx=289
[2026-05-15T19:49:27Z] ADD failed pe=1 mac=02:aa:00:00:00:9b
[2026-05-15T19:49:27Z] MOVE rollback src=2 dst=1 idx=155
[2026-05-15T19:49:27Z] ADD failed pe=1 mac=02:aa:00:00:01:25
[2026-05-15T19:49:27Z] MOVE rollback src=2 dst=1 idx=293
[2026-05-15T19:49:28Z] ADD failed pe=1 mac=02:aa:00:00:00:c1
[2026-05-15T19:49:28Z] MOVE rollback src=2 dst=1 idx=193
[2026-05-15T19:49:28Z] ADD failed pe=1 mac=02:aa:00:00:01:a9
[2026-05-15T19:49:28Z] MOVE rollback src=2 dst=1 idx=425
[2026-05-15T19:49:28Z] ADD failed pe=1 mac=02:aa:00:00:00:fd
[2026-05-15T19:49:28Z] MOVE rollback src=2 dst=1 idx=253
[2026-05-15T19:49:28Z] ADD failed pe=1 mac=02:aa:00:00:01:53
[2026-05-15T19:49:28Z] MOVE rollback src=2 dst=1 idx=339
[2026-05-15T19:49:28Z] ADD failed pe=1 mac=02:aa:00:00:00:5e
[2026-05-15T19:49:29Z] MOVE rollback src=2 dst=1 idx=94
[2026-05-15T19:49:29Z] ADD failed pe=1 mac=02:aa:00:00:00:5f
[2026-05-15T19:49:29Z] MOVE rollback src=2 dst=1 idx=95
[2026-05-15T19:49:29Z] ADD failed pe=1 mac=02:aa:00:00:01:1e
[2026-05-15T19:49:29Z] MOVE rollback src=2 dst=1 idx=286
[2026-05-15T19:49:29Z] ADD failed pe=1 mac=02:aa:00:00:00:11
[2026-05-15T19:49:29Z] MOVE rollback src=2 dst=1 idx=17
[2026-05-15T19:49:29Z] ADD failed pe=1 mac=02:aa:00:00:01:58
[2026-05-15T19:49:29Z] MOVE rollback src=2 dst=1 idx=344
[2026-05-15T19:49:30Z] ADD failed pe=1 mac=02:aa:00:00:00:19
[2026-05-15T19:49:30Z] MOVE rollback src=2 dst=1 idx=25
[2026-05-15T19:49:30Z] ADD failed pe=1 mac=02:aa:00:00:00:66
[2026-05-15T19:49:30Z] MOVE rollback src=2 dst=1 idx=102
[2026-05-15T19:49:30Z] ADD failed pe=1 mac=02:aa:00:00:00:4a
[2026-05-15T19:49:30Z] MOVE rollback src=2 dst=1 idx=74
[2026-05-15T19:49:30Z] ADD failed pe=1 mac=02:aa:00:00:00:cf
[2026-05-15T19:49:30Z] MOVE rollback src=2 dst=1 idx=207
[2026-05-15T19:49:31Z] ADD failed pe=1 mac=02:aa:00:00:01:d9
[2026-05-15T19:49:31Z] MOVE rollback src=2 dst=1 idx=473
[2026-05-15T19:49:31Z] ADD failed pe=1 mac=02:aa:00:00:01:f3
[2026-05-15T19:49:31Z] MOVE rollback src=2 dst=1 idx=499
[2026-05-15T19:49:31Z] ADD failed pe=1 mac=02:aa:00:00:01:5f
[2026-05-15T19:49:31Z] MOVE rollback src=2 dst=1 idx=351
[2026-05-15T19:49:31Z] ADD failed pe=1 mac=02:aa:00:00:00:1c
[2026-05-15T19:49:31Z] MOVE rollback src=2 dst=1 idx=28
[2026-05-15T19:49:31Z] ADD failed pe=1 mac=02:aa:00:00:00:db
[2026-05-15T19:49:31Z] MOVE rollback src=2 dst=1 idx=219
[2026-05-15T19:49:32Z] ADD failed pe=1 mac=02:aa:00:00:01:78
[2026-05-15T19:49:32Z] MOVE rollback src=2 dst=1 idx=376
[2026-05-15T19:49:32Z] ADD failed pe=1 mac=02:aa:00:00:00:48
[2026-05-15T19:49:32Z] MOVE rollback src=2 dst=1 idx=72
[2026-05-15T19:49:32Z] ADD failed pe=1 mac=02:aa:00:00:00:16
[2026-05-15T19:49:32Z] MOVE rollback src=2 dst=1 idx=22
[2026-05-15T19:49:33Z] ADD failed pe=1 mac=02:aa:00:00:01:ad
[2026-05-15T19:49:33Z] MOVE rollback src=2 dst=1 idx=429
[2026-05-15T19:49:33Z] ADD failed pe=1 mac=02:aa:00:00:01:91
[2026-05-15T19:49:33Z] MOVE rollback src=2 dst=1 idx=401
[2026-05-15T19:49:33Z] ADD failed pe=1 mac=02:aa:00:00:00:63
[2026-05-15T19:49:33Z] MOVE rollback src=2 dst=1 idx=99
[2026-05-15T19:49:33Z] ADD failed pe=1 mac=02:aa:00:00:00:7c
[2026-05-15T19:49:33Z] MOVE rollback src=2 dst=1 idx=124
[2026-05-15T19:49:33Z] ADD failed pe=1 mac=02:aa:00:00:00:b8
[2026-05-15T19:49:33Z] MOVE rollback src=2 dst=1 idx=184
[2026-05-15T19:49:34Z] ADD failed pe=1 mac=02:aa:00:00:00:43
[2026-05-15T19:49:34Z] MOVE rollback src=2 dst=1 idx=67
[2026-05-15T19:49:34Z] ADD failed pe=1 mac=02:aa:00:00:01:61
[2026-05-15T19:49:34Z] MOVE rollback src=2 dst=1 idx=353
[2026-05-15T19:49:34Z] ADD failed pe=1 mac=02:aa:00:00:00:52
[2026-05-15T19:49:34Z] MOVE rollback src=2 dst=1 idx=82
[2026-05-15T19:49:34Z] ADD failed pe=1 mac=02:aa:00:00:00:2c
[2026-05-15T19:49:34Z] MOVE rollback src=2 dst=1 idx=44
[2026-05-15T19:49:34Z] ADD failed pe=1 mac=02:aa:00:00:00:fc
[2026-05-15T19:49:35Z] MOVE rollback src=2 dst=1 idx=252
[2026-05-15T19:49:35Z] ADD failed pe=1 mac=02:aa:00:00:01:00
[2026-05-15T19:49:35Z] MOVE rollback src=2 dst=1 idx=256
[2026-05-15T19:49:35Z] ADD failed pe=1 mac=02:aa:00:00:00:88
[2026-05-15T19:49:35Z] MOVE rollback src=2 dst=1 idx=136
[2026-05-15T19:49:35Z] ADD failed pe=1 mac=02:aa:00:00:00:62
[2026-05-15T19:49:35Z] MOVE rollback src=2 dst=1 idx=98
[2026-05-15T19:49:35Z] ADD failed pe=1 mac=02:aa:00:00:00:79
[2026-05-15T19:49:35Z] MOVE rollback src=2 dst=1 idx=121
[2026-05-15T19:49:36Z] ADD failed pe=1 mac=02:aa:00:00:01:3c
[2026-05-15T19:49:36Z] MOVE rollback src=2 dst=1 idx=316
[2026-05-15T19:49:36Z] ADD failed pe=1 mac=02:aa:00:00:00:08
[2026-05-15T19:49:36Z] MOVE rollback src=2 dst=1 idx=8
[2026-05-15T19:49:36Z] ADD failed pe=1 mac=02:aa:00:00:00:e1
[2026-05-15T19:49:36Z] MOVE rollback src=2 dst=1 idx=225
[2026-05-15T19:49:36Z] ADD failed pe=1 mac=02:aa:00:00:00:0e
[2026-05-15T19:49:36Z] MOVE rollback src=2 dst=1 idx=14
[2026-05-15T19:49:36Z] MOVE src=2 dst=1 moved=2 pe1_pool=228 pe2_pool=234
[2026-05-15T19:49:42Z] DEL pe=2 removed=50 pool=184
[2026-05-15T19:49:48Z] DEL pe=1 removed=50 pool=178
[2026-05-15T19:49:50Z] ADD failed pe=1 mac=02:aa:00:00:00:11
[2026-05-15T19:49:50Z] MOVE rollback src=2 dst=1 idx=17
[2026-05-15T19:49:51Z] ADD failed pe=1 mac=02:aa:00:00:00:fe
[2026-05-15T19:49:51Z] MOVE rollback src=2 dst=1 idx=254
[2026-05-15T19:49:51Z] ADD failed pe=1 mac=02:aa:00:00:01:98
[2026-05-15T19:49:51Z] MOVE rollback src=2 dst=1 idx=408
[2026-05-15T19:49:51Z] ADD failed pe=1 mac=02:aa:00:00:00:a5
[2026-05-15T19:49:51Z] MOVE rollback src=2 dst=1 idx=165
[2026-05-15T19:49:52Z] ADD failed pe=1 mac=02:aa:00:00:01:71
[2026-05-15T19:49:52Z] MOVE rollback src=2 dst=1 idx=369
[2026-05-15T19:49:52Z] ADD failed pe=1 mac=02:aa:00:00:01:2b
[2026-05-15T19:49:52Z] MOVE rollback src=2 dst=1 idx=299
[2026-05-15T19:49:52Z] ADD failed pe=1 mac=02:aa:00:00:00:79
[2026-05-15T19:49:52Z] MOVE rollback src=2 dst=1 idx=121
[2026-05-15T19:49:52Z] ADD failed pe=1 mac=02:aa:00:00:00:2b
[2026-05-15T19:49:52Z] MOVE rollback src=2 dst=1 idx=43
[2026-05-15T19:49:52Z] ADD failed pe=1 mac=02:aa:00:00:00:07
[2026-05-15T19:49:53Z] MOVE rollback src=2 dst=1 idx=7
[2026-05-15T19:49:53Z] ADD failed pe=1 mac=02:aa:00:00:00:fc
[2026-05-15T19:49:53Z] MOVE rollback src=2 dst=1 idx=252
[2026-05-15T19:49:53Z] ADD failed pe=1 mac=02:aa:00:00:01:86
[2026-05-15T19:49:53Z] MOVE rollback src=2 dst=1 idx=390
[2026-05-15T19:49:53Z] ADD failed pe=1 mac=02:aa:00:00:01:05
[2026-05-15T19:49:53Z] MOVE rollback src=2 dst=1 idx=261
[2026-05-15T19:49:53Z] ADD failed pe=1 mac=02:aa:00:00:01:8c
[2026-05-15T19:49:54Z] MOVE rollback src=2 dst=1 idx=396
[2026-05-15T19:49:54Z] ADD failed pe=1 mac=02:aa:00:00:01:58
[2026-05-15T19:49:54Z] MOVE rollback src=2 dst=1 idx=344
[2026-05-15T19:49:54Z] ADD failed pe=1 mac=02:aa:00:00:00:a2
[2026-05-15T19:49:54Z] MOVE rollback src=2 dst=1 idx=162
[2026-05-15T19:49:54Z] ADD failed pe=1 mac=02:aa:00:00:01:8d
[2026-05-15T19:49:54Z] MOVE rollback src=2 dst=1 idx=397
[2026-05-15T19:49:54Z] ADD failed pe=1 mac=02:aa:00:00:00:0e
[2026-05-15T19:49:55Z] MOVE rollback src=2 dst=1 idx=14
[2026-05-15T19:49:55Z] ADD failed pe=1 mac=02:aa:00:00:00:6b
[2026-05-15T19:49:55Z] MOVE rollback src=2 dst=1 idx=107
[2026-05-15T19:49:55Z] ADD failed pe=1 mac=02:aa:00:00:01:25
[2026-05-15T19:49:55Z] MOVE rollback src=2 dst=1 idx=293
[2026-05-15T19:49:55Z] ADD failed pe=1 mac=02:aa:00:00:00:52
[2026-05-15T19:49:55Z] MOVE rollback src=2 dst=1 idx=82
[2026-05-15T19:49:55Z] ADD failed pe=1 mac=02:aa:00:00:00:a1
[2026-05-15T19:49:55Z] MOVE rollback src=2 dst=1 idx=161
[2026-05-15T19:49:56Z] ADD failed pe=1 mac=02:aa:00:00:00:16
[2026-05-15T19:49:56Z] MOVE rollback src=2 dst=1 idx=22
[2026-05-15T19:49:56Z] ADD failed pe=1 mac=02:aa:00:00:00:95
[2026-05-15T19:49:56Z] MOVE rollback src=2 dst=1 idx=149
[2026-05-15T19:49:56Z] ADD failed pe=1 mac=02:aa:00:00:00:30
[2026-05-15T19:49:56Z] MOVE rollback src=2 dst=1 idx=48
[2026-05-15T19:49:56Z] ADD failed pe=1 mac=02:aa:00:00:01:09
[2026-05-15T19:49:56Z] MOVE rollback src=2 dst=1 idx=265
[2026-05-15T19:49:56Z] ADD failed pe=1 mac=02:aa:00:00:00:13
[2026-05-15T19:49:57Z] MOVE rollback src=2 dst=1 idx=19
[2026-05-15T19:49:57Z] ADD failed pe=1 mac=02:aa:00:00:00:ba
[2026-05-15T19:49:57Z] MOVE rollback src=2 dst=1 idx=186
[2026-05-15T19:49:57Z] ADD failed pe=1 mac=02:aa:00:00:00:08
[2026-05-15T19:49:57Z] MOVE rollback src=2 dst=1 idx=8
[2026-05-15T19:49:57Z] ADD failed pe=1 mac=02:aa:00:00:01:91
[2026-05-15T19:49:57Z] MOVE rollback src=2 dst=1 idx=401
[2026-05-15T19:49:57Z] ADD failed pe=1 mac=02:aa:00:00:01:9a
[2026-05-15T19:49:57Z] MOVE rollback src=2 dst=1 idx=410
[2026-05-15T19:49:58Z] ADD failed pe=1 mac=02:aa:00:00:01:a0
[2026-05-15T19:49:58Z] MOVE rollback src=2 dst=1 idx=416
[2026-05-15T19:49:58Z] ADD failed pe=1 mac=02:aa:00:00:00:5e
[2026-05-15T19:49:58Z] MOVE rollback src=2 dst=1 idx=94
[2026-05-15T19:49:58Z] ADD failed pe=1 mac=02:aa:00:00:00:f7
[2026-05-15T19:49:58Z] MOVE rollback src=2 dst=1 idx=247
[2026-05-15T19:49:58Z] ADD failed pe=1 mac=02:aa:00:00:00:32
[2026-05-15T19:49:58Z] MOVE rollback src=2 dst=1 idx=50
[2026-05-15T19:49:59Z] ADD failed pe=1 mac=02:aa:00:00:00:da
[2026-05-15T19:49:59Z] MOVE rollback src=2 dst=1 idx=218
[2026-05-15T19:49:59Z] ADD failed pe=1 mac=02:aa:00:00:01:19
[2026-05-15T19:49:59Z] MOVE rollback src=2 dst=1 idx=281
[2026-05-15T19:49:59Z] ADD failed pe=1 mac=02:aa:00:00:00:f1
[2026-05-15T19:49:59Z] MOVE rollback src=2 dst=1 idx=241
[2026-05-15T19:49:59Z] ADD failed pe=1 mac=02:aa:00:00:00:c0
[2026-05-15T19:49:59Z] MOVE rollback src=2 dst=1 idx=192
[2026-05-15T19:50:00Z] ADD failed pe=1 mac=02:aa:00:00:01:a7
[2026-05-15T19:50:00Z] MOVE rollback src=2 dst=1 idx=423
[2026-05-15T19:50:00Z] ADD failed pe=1 mac=02:aa:00:00:00:02
[2026-05-15T19:50:00Z] MOVE rollback src=2 dst=1 idx=2
[2026-05-15T19:50:00Z] ADD failed pe=1 mac=02:aa:00:00:00:bb
[2026-05-15T19:50:00Z] MOVE rollback src=2 dst=1 idx=187
[2026-05-15T19:50:00Z] ADD failed pe=1 mac=02:aa:00:00:01:42
[2026-05-15T19:50:00Z] MOVE rollback src=2 dst=1 idx=322
[2026-05-15T19:50:00Z] ADD failed pe=1 mac=02:aa:00:00:00:19
[2026-05-15T19:50:01Z] MOVE rollback src=2 dst=1 idx=25
[2026-05-15T19:50:01Z] ADD failed pe=1 mac=02:aa:00:00:00:48
[2026-05-15T19:50:01Z] MOVE rollback src=2 dst=1 idx=72
[2026-05-15T19:50:01Z] ADD failed pe=1 mac=02:aa:00:00:00:93
[2026-05-15T19:50:01Z] MOVE rollback src=2 dst=1 idx=147
[2026-05-15T19:50:01Z] ADD failed pe=1 mac=02:aa:00:00:00:24
[2026-05-15T19:50:01Z] MOVE rollback src=2 dst=1 idx=36
[2026-05-15T19:50:01Z] ADD failed pe=1 mac=02:aa:00:00:00:43
[2026-05-15T19:50:01Z] MOVE rollback src=2 dst=1 idx=67
[2026-05-15T19:50:02Z] ADD failed pe=1 mac=02:aa:00:00:01:d5
[2026-05-15T19:50:02Z] MOVE rollback src=2 dst=1 idx=469
[2026-05-15T19:50:02Z] MOVE src=2 dst=1 moved=2 pe1_pool=180 pe2_pool=182
[2026-05-15T19:50:08Z] DEL pe=2 removed=50 pool=132
[2026-05-15T19:50:14Z] ADD pe=2 added=50 pool=182
[2026-05-15T19:50:20Z] ADD pe=1 added=50 pool=230
[2026-05-15T19:50:26Z] ADD pe=2 added=50 pool=232
[2026-05-15T19:50:28Z] ADD failed pe=1 mac=02:aa:00:00:01:39
[2026-05-15T19:50:28Z] MOVE rollback src=2 dst=1 idx=313
[2026-05-15T19:50:28Z] ADD failed pe=1 mac=02:aa:00:00:00:93
[2026-05-15T19:50:28Z] MOVE rollback src=2 dst=1 idx=147
[2026-05-15T19:50:28Z] ADD failed pe=1 mac=02:aa:00:00:00:08
[2026-05-15T19:50:28Z] MOVE rollback src=2 dst=1 idx=8
[2026-05-15T19:50:29Z] ADD failed pe=1 mac=02:aa:00:00:00:19
[2026-05-15T19:50:29Z] MOVE rollback src=2 dst=1 idx=25
[2026-05-15T19:50:29Z] ADD failed pe=1 mac=02:aa:00:00:00:1c
[2026-05-15T19:50:29Z] MOVE rollback src=2 dst=1 idx=28
[2026-05-15T19:50:29Z] ADD failed pe=1 mac=02:aa:00:00:01:00
[2026-05-15T19:50:29Z] MOVE rollback src=2 dst=1 idx=256
[2026-05-15T19:50:29Z] ADD failed pe=1 mac=02:aa:00:00:00:16
[2026-05-15T19:50:30Z] MOVE rollback src=2 dst=1 idx=22
[2026-05-15T19:50:30Z] ADD failed pe=1 mac=02:aa:00:00:00:5a
[2026-05-15T19:50:30Z] MOVE rollback src=2 dst=1 idx=90
[2026-05-15T19:50:30Z] ADD failed pe=1 mac=02:aa:00:00:01:d0
[2026-05-15T19:50:30Z] MOVE rollback src=2 dst=1 idx=464
[2026-05-15T19:50:30Z] ADD failed pe=1 mac=02:aa:00:00:00:c6
[2026-05-15T19:50:30Z] MOVE rollback src=2 dst=1 idx=198
[2026-05-15T19:50:31Z] ADD failed pe=1 mac=02:aa:00:00:01:43
[2026-05-15T19:50:31Z] MOVE rollback src=2 dst=1 idx=323
[2026-05-15T19:50:31Z] ADD failed pe=1 mac=02:aa:00:00:01:7c
[2026-05-15T19:50:31Z] MOVE rollback src=2 dst=1 idx=380
[2026-05-15T19:50:31Z] ADD failed pe=1 mac=02:aa:00:00:00:fb
[2026-05-15T19:50:31Z] MOVE rollback src=2 dst=1 idx=251
[2026-05-15T19:50:31Z] ADD failed pe=1 mac=02:aa:00:00:01:59
[2026-05-15T19:50:31Z] MOVE rollback src=2 dst=1 idx=345
[2026-05-15T19:50:31Z] ADD failed pe=1 mac=02:aa:00:00:01:0d
[2026-05-15T19:50:31Z] MOVE rollback src=2 dst=1 idx=269
[2026-05-15T19:50:32Z] ADD failed pe=1 mac=02:aa:00:00:00:94
[2026-05-15T19:50:32Z] MOVE rollback src=2 dst=1 idx=148
[2026-05-15T19:50:32Z] ADD failed pe=1 mac=02:aa:00:00:00:00
[2026-05-15T19:50:32Z] MOVE rollback src=2 dst=1 idx=0
[2026-05-15T19:50:32Z] ADD failed pe=1 mac=02:aa:00:00:00:d3
[2026-05-15T19:50:32Z] MOVE rollback src=2 dst=1 idx=211
[2026-05-15T19:50:32Z] ADD failed pe=1 mac=02:aa:00:00:01:8c
[2026-05-15T19:50:32Z] MOVE rollback src=2 dst=1 idx=396
[2026-05-15T19:50:33Z] ADD failed pe=1 mac=02:aa:00:00:00:98
[2026-05-15T19:50:33Z] MOVE rollback src=2 dst=1 idx=152
[2026-05-15T19:50:33Z] ADD failed pe=1 mac=02:aa:00:00:01:7a
[2026-05-15T19:50:33Z] MOVE rollback src=2 dst=1 idx=378
[2026-05-15T19:50:33Z] ADD failed pe=1 mac=02:aa:00:00:00:30
[2026-05-15T19:50:33Z] MOVE rollback src=2 dst=1 idx=48
[2026-05-15T19:50:33Z] ADD failed pe=1 mac=02:aa:00:00:00:43
[2026-05-15T19:50:33Z] MOVE rollback src=2 dst=1 idx=67
[2026-05-15T19:50:34Z] ADD failed pe=1 mac=02:aa:00:00:01:a9
[2026-05-15T19:50:34Z] MOVE rollback src=2 dst=1 idx=425
[2026-05-15T19:50:34Z] ADD failed pe=1 mac=02:aa:00:00:00:0e
[2026-05-15T19:50:34Z] MOVE rollback src=2 dst=1 idx=14
[2026-05-15T19:50:34Z] ADD failed pe=1 mac=02:aa:00:00:00:f0
[2026-05-15T19:50:34Z] MOVE rollback src=2 dst=1 idx=240
[2026-05-15T19:50:34Z] ADD failed pe=1 mac=02:aa:00:00:00:b2
[2026-05-15T19:50:34Z] MOVE rollback src=2 dst=1 idx=178
[2026-05-15T19:50:34Z] ADD failed pe=1 mac=02:aa:00:00:00:ca
[2026-05-15T19:50:35Z] MOVE rollback src=2 dst=1 idx=202
[2026-05-15T19:50:35Z] ADD failed pe=1 mac=02:aa:00:00:00:20
[2026-05-15T19:50:35Z] MOVE rollback src=2 dst=1 idx=32
[2026-05-15T19:50:35Z] ADD failed pe=1 mac=02:aa:00:00:01:2c
[2026-05-15T19:50:35Z] MOVE rollback src=2 dst=1 idx=300
[2026-05-15T19:50:35Z] ADD failed pe=1 mac=02:aa:00:00:00:e1
[2026-05-15T19:50:35Z] MOVE rollback src=2 dst=1 idx=225
[2026-05-15T19:50:35Z] ADD failed pe=1 mac=02:aa:00:00:01:a0
[2026-05-15T19:50:35Z] MOVE rollback src=2 dst=1 idx=416
[2026-05-15T19:50:36Z] ADD failed pe=1 mac=02:aa:00:00:00:b4
[2026-05-15T19:50:36Z] MOVE rollback src=2 dst=1 idx=180
[2026-05-15T19:50:36Z] ADD failed pe=1 mac=02:aa:00:00:01:aa
[2026-05-15T19:50:36Z] MOVE rollback src=2 dst=1 idx=426
[2026-05-15T19:50:36Z] ADD failed pe=1 mac=02:aa:00:00:00:31
[2026-05-15T19:50:36Z] MOVE rollback src=2 dst=1 idx=49
[2026-05-15T19:50:36Z] ADD failed pe=1 mac=02:aa:00:00:01:37
[2026-05-15T19:50:36Z] MOVE rollback src=2 dst=1 idx=311
[2026-05-15T19:50:37Z] ADD failed pe=1 mac=02:aa:00:00:00:95
[2026-05-15T19:50:37Z] MOVE rollback src=2 dst=1 idx=149
[2026-05-15T19:50:37Z] ADD failed pe=1 mac=02:aa:00:00:00:be
[2026-05-15T19:50:37Z] MOVE rollback src=2 dst=1 idx=190
[2026-05-15T19:50:37Z] ADD failed pe=1 mac=02:aa:00:00:01:25
[2026-05-15T19:50:37Z] MOVE rollback src=2 dst=1 idx=293
[2026-05-15T19:50:37Z] ADD failed pe=1 mac=02:aa:00:00:00:48
[2026-05-15T19:50:37Z] MOVE rollback src=2 dst=1 idx=72
[2026-05-15T19:50:37Z] ADD failed pe=1 mac=02:aa:00:00:00:71
[2026-05-15T19:50:38Z] MOVE rollback src=2 dst=1 idx=113
[2026-05-15T19:50:38Z] ADD failed pe=1 mac=02:aa:00:00:00:81
[2026-05-15T19:50:38Z] MOVE rollback src=2 dst=1 idx=129
[2026-05-15T19:50:38Z] ADD failed pe=1 mac=02:aa:00:00:01:0c
[2026-05-15T19:50:38Z] MOVE rollback src=2 dst=1 idx=268
[2026-05-15T19:50:38Z] ADD failed pe=1 mac=02:aa:00:00:00:a5
[2026-05-15T19:50:38Z] MOVE rollback src=2 dst=1 idx=165
[2026-05-15T19:50:38Z] ADD failed pe=1 mac=02:aa:00:00:01:bf
[2026-05-15T19:50:38Z] MOVE rollback src=2 dst=1 idx=447
[2026-05-15T19:50:39Z] ADD failed pe=1 mac=02:aa:00:00:00:bc
[2026-05-15T19:50:39Z] MOVE rollback src=2 dst=1 idx=188
[2026-05-15T19:50:39Z] ADD failed pe=1 mac=02:aa:00:00:01:d1
[2026-05-15T19:50:39Z] MOVE rollback src=2 dst=1 idx=465
[2026-05-15T19:50:39Z] ADD failed pe=1 mac=02:aa:00:00:01:ca
[2026-05-15T19:50:39Z] MOVE rollback src=2 dst=1 idx=458
[2026-05-15T19:50:39Z] MOVE src=2 dst=1 moved=2 pe1_pool=232 pe2_pool=230
[2026-05-15T19:50:45Z] ADD pe=2 added=50 pool=280
[2026-05-15T19:50:47Z] ADD pe=1 added=0 pool=232
[2026-05-15T19:50:49Z] ADD failed pe=1 mac=02:aa:00:00:00:ec
[2026-05-15T19:50:49Z] MOVE rollback src=2 dst=1 idx=236
[2026-05-15T19:50:50Z] ADD failed pe=1 mac=02:aa:00:00:01:2c
[2026-05-15T19:50:50Z] MOVE rollback src=2 dst=1 idx=300
[2026-05-15T19:50:50Z] ADD failed pe=1 mac=02:aa:00:00:00:f0
[2026-05-15T19:50:50Z] MOVE rollback src=2 dst=1 idx=240
[2026-05-15T19:50:50Z] ADD failed pe=1 mac=02:aa:00:00:00:df
[2026-05-15T19:50:50Z] MOVE rollback src=2 dst=1 idx=223
[2026-05-15T19:50:50Z] ADD failed pe=1 mac=02:aa:00:00:01:e4
[2026-05-15T19:50:50Z] MOVE rollback src=2 dst=1 idx=484
[2026-05-15T19:50:51Z] ADD failed pe=1 mac=02:aa:00:00:01:90
[2026-05-15T19:50:51Z] MOVE rollback src=2 dst=1 idx=400
[2026-05-15T19:50:51Z] ADD failed pe=1 mac=02:aa:00:00:00:43
[2026-05-15T19:50:51Z] MOVE rollback src=2 dst=1 idx=67
[2026-05-15T19:50:51Z] ADD failed pe=1 mac=02:aa:00:00:00:b2
[2026-05-15T19:50:51Z] MOVE rollback src=2 dst=1 idx=178
[2026-05-15T19:50:51Z] ADD failed pe=1 mac=02:aa:00:00:00:fb
[2026-05-15T19:50:51Z] MOVE rollback src=2 dst=1 idx=251
[2026-05-15T19:50:51Z] ADD failed pe=1 mac=02:aa:00:00:01:17
[2026-05-15T19:50:52Z] MOVE rollback src=2 dst=1 idx=279
[2026-05-15T19:50:52Z] ADD failed pe=1 mac=02:aa:00:00:00:bc
[2026-05-15T19:50:52Z] MOVE rollback src=2 dst=1 idx=188
[2026-05-15T19:50:52Z] ADD failed pe=1 mac=02:aa:00:00:00:76
[2026-05-15T19:50:52Z] MOVE rollback src=2 dst=1 idx=118
[2026-05-15T19:50:52Z] ADD failed pe=1 mac=02:aa:00:00:00:e3
[2026-05-15T19:50:52Z] MOVE rollback src=2 dst=1 idx=227
[2026-05-15T19:50:52Z] ADD failed pe=1 mac=02:aa:00:00:01:37
[2026-05-15T19:50:52Z] MOVE rollback src=2 dst=1 idx=311
[2026-05-15T19:50:53Z] ADD failed pe=1 mac=02:aa:00:00:01:e7
[2026-05-15T19:50:53Z] MOVE rollback src=2 dst=1 idx=487
[2026-05-15T19:50:53Z] ADD failed pe=1 mac=02:aa:00:00:01:29
[2026-05-15T19:50:53Z] MOVE rollback src=2 dst=1 idx=297
[2026-05-15T19:50:53Z] ADD failed pe=1 mac=02:aa:00:00:00:f2
[2026-05-15T19:50:53Z] MOVE rollback src=2 dst=1 idx=242
[2026-05-15T19:50:53Z] ADD failed pe=1 mac=02:aa:00:00:00:07
[2026-05-15T19:50:53Z] MOVE rollback src=2 dst=1 idx=7
[2026-05-15T19:50:53Z] ADD failed pe=1 mac=02:aa:00:00:00:08
[2026-05-15T19:50:54Z] MOVE rollback src=2 dst=1 idx=8
[2026-05-15T19:50:54Z] ADD failed pe=1 mac=02:aa:00:00:01:dc
[2026-05-15T19:50:54Z] MOVE rollback src=2 dst=1 idx=476
[2026-05-15T19:50:54Z] ADD failed pe=1 mac=02:aa:00:00:00:e5
[2026-05-15T19:50:54Z] MOVE rollback src=2 dst=1 idx=229
[2026-05-15T19:50:54Z] ADD failed pe=1 mac=02:aa:00:00:00:70
[2026-05-15T19:50:54Z] MOVE rollback src=2 dst=1 idx=112
[2026-05-15T19:50:55Z] ADD failed pe=1 mac=02:aa:00:00:01:aa
[2026-05-15T19:50:55Z] MOVE rollback src=2 dst=1 idx=426
[2026-05-15T19:50:55Z] ADD failed pe=1 mac=02:aa:00:00:01:3c
[2026-05-15T19:50:55Z] MOVE rollback src=2 dst=1 idx=316
[2026-05-15T19:50:55Z] ADD failed pe=1 mac=02:aa:00:00:01:e3
[2026-05-15T19:50:55Z] MOVE rollback src=2 dst=1 idx=483
[2026-05-15T19:50:55Z] ADD failed pe=1 mac=02:aa:00:00:00:5e
[2026-05-15T19:50:55Z] MOVE rollback src=2 dst=1 idx=94
[2026-05-15T19:50:55Z] ADD failed pe=1 mac=02:aa:00:00:01:a3
[2026-05-15T19:50:55Z] MOVE rollback src=2 dst=1 idx=419
[2026-05-15T19:50:56Z] ADD failed pe=1 mac=02:aa:00:00:00:48
[2026-05-15T19:50:56Z] MOVE rollback src=2 dst=1 idx=72
[2026-05-15T19:50:56Z] ADD failed pe=1 mac=02:aa:00:00:00:81
[2026-05-15T19:50:56Z] MOVE rollback src=2 dst=1 idx=129
[2026-05-15T19:50:56Z] ADD failed pe=1 mac=02:aa:00:00:01:fd
[2026-05-15T19:50:56Z] MOVE rollback src=2 dst=1 idx=509
[2026-05-15T19:50:56Z] ADD failed pe=1 mac=02:aa:00:00:00:8e
[2026-05-15T19:50:56Z] MOVE rollback src=2 dst=1 idx=142
[2026-05-15T19:50:57Z] ADD failed pe=1 mac=02:aa:00:00:01:83
[2026-05-15T19:50:57Z] MOVE rollback src=2 dst=1 idx=387
[2026-05-15T19:50:57Z] ADD failed pe=1 mac=02:aa:00:00:01:5c
[2026-05-15T19:50:57Z] MOVE rollback src=2 dst=1 idx=348
[2026-05-15T19:50:57Z] ADD failed pe=1 mac=02:aa:00:00:00:b1
[2026-05-15T19:50:57Z] MOVE rollback src=2 dst=1 idx=177
[2026-05-15T19:50:57Z] ADD failed pe=1 mac=02:aa:00:00:01:41
[2026-05-15T19:50:57Z] MOVE rollback src=2 dst=1 idx=321
[2026-05-15T19:50:57Z] ADD failed pe=1 mac=02:aa:00:00:01:98
[2026-05-15T19:50:58Z] MOVE rollback src=2 dst=1 idx=408
[2026-05-15T19:50:58Z] ADD failed pe=1 mac=02:aa:00:00:00:47
[2026-05-15T19:50:58Z] MOVE rollback src=2 dst=1 idx=71
[2026-05-15T19:50:58Z] ADD failed pe=1 mac=02:aa:00:00:01:c8
[2026-05-15T19:50:58Z] MOVE rollback src=2 dst=1 idx=456
[2026-05-15T19:50:58Z] ADD failed pe=1 mac=02:aa:00:00:01:19
[2026-05-15T19:50:58Z] MOVE rollback src=2 dst=1 idx=281
[2026-05-15T19:50:58Z] ADD failed pe=1 mac=02:aa:00:00:01:1f
[2026-05-15T19:50:58Z] MOVE rollback src=2 dst=1 idx=287
[2026-05-15T19:50:59Z] ADD failed pe=1 mac=02:aa:00:00:01:a7
[2026-05-15T19:50:59Z] MOVE rollback src=2 dst=1 idx=423
[2026-05-15T19:50:59Z] ADD failed pe=1 mac=02:aa:00:00:00:ae
[2026-05-15T19:50:59Z] MOVE rollback src=2 dst=1 idx=174
[2026-05-15T19:50:59Z] ADD failed pe=1 mac=02:aa:00:00:01:f9
[2026-05-15T19:50:59Z] MOVE rollback src=2 dst=1 idx=505
[2026-05-15T19:50:59Z] ADD failed pe=1 mac=02:aa:00:00:01:58
[2026-05-15T19:50:59Z] MOVE rollback src=2 dst=1 idx=344
[2026-05-15T19:51:00Z] ADD failed pe=1 mac=02:aa:00:00:00:0c
[2026-05-15T19:51:00Z] MOVE rollback src=2 dst=1 idx=12
[2026-05-15T19:51:00Z] ADD failed pe=1 mac=02:aa:00:00:01:9a
[2026-05-15T19:51:00Z] MOVE rollback src=2 dst=1 idx=410
[2026-05-15T19:51:00Z] ADD failed pe=1 mac=02:aa:00:00:00:96
[2026-05-15T19:51:00Z] MOVE rollback src=2 dst=1 idx=150
[2026-05-15T19:51:00Z] ADD failed pe=1 mac=02:aa:00:00:00:fa
[2026-05-15T19:51:00Z] MOVE rollback src=2 dst=1 idx=250
[2026-05-15T19:51:00Z] ADD failed pe=1 mac=02:aa:00:00:01:a1
[2026-05-15T19:51:00Z] MOVE rollback src=2 dst=1 idx=417
[2026-05-15T19:51:01Z] ADD failed pe=1 mac=02:aa:00:00:01:82
[2026-05-15T19:51:01Z] MOVE rollback src=2 dst=1 idx=386
[2026-05-15T19:51:01Z] MOVE src=2 dst=1 moved=0 pe1_pool=232 pe2_pool=280
[2026-05-15T19:51:03Z] ADD failed pe=1 mac=02:aa:00:00:00:ed
[2026-05-15T19:51:03Z] MOVE rollback src=2 dst=1 idx=237
[2026-05-15T19:51:03Z] ADD failed pe=1 mac=02:aa:00:00:01:5f
[2026-05-15T19:51:03Z] MOVE rollback src=2 dst=1 idx=351
[2026-05-15T19:51:03Z] ADD failed pe=1 mac=02:aa:00:00:00:56
[2026-05-15T19:51:04Z] MOVE rollback src=2 dst=1 idx=86
[2026-05-15T19:51:04Z] ADD failed pe=1 mac=02:aa:00:00:00:1c
[2026-05-15T19:51:04Z] MOVE rollback src=2 dst=1 idx=28
[2026-05-15T19:51:04Z] ADD failed pe=1 mac=02:aa:00:00:01:43
[2026-05-15T19:51:04Z] MOVE rollback src=2 dst=1 idx=323
[2026-05-15T19:51:04Z] ADD failed pe=1 mac=02:aa:00:00:00:da
[2026-05-15T19:51:04Z] MOVE rollback src=2 dst=1 idx=218
[2026-05-15T19:51:04Z] ADD failed pe=1 mac=02:aa:00:00:00:0e
[2026-05-15T19:51:05Z] MOVE rollback src=2 dst=1 idx=14
[2026-05-15T19:51:05Z] ADD failed pe=1 mac=02:aa:00:00:01:8e
[2026-05-15T19:51:05Z] MOVE rollback src=2 dst=1 idx=398
[2026-05-15T19:51:05Z] ADD failed pe=1 mac=02:aa:00:00:00:5a
[2026-05-15T19:51:05Z] MOVE rollback src=2 dst=1 idx=90
[2026-05-15T19:51:05Z] ADD failed pe=1 mac=02:aa:00:00:01:54
[2026-05-15T19:51:05Z] MOVE rollback src=2 dst=1 idx=340
[2026-05-15T19:51:11Z] MOVE src=2 dst=1 moved=40 pe1_pool=272 pe2_pool=240
[2026-05-15T19:51:17Z] DEL pe=1 removed=50 pool=222
[2026-05-15T19:51:23Z] DEL pe=2 removed=50 pool=190
[2026-05-15T19:51:29Z] DEL pe=1 removed=50 pool=172
[2026-05-15T19:51:39Z] MOVE src=2 dst=1 moved=50 pe1_pool=222 pe2_pool=140
[2026-05-15T19:51:49Z] MOVE src=1 dst=2 moved=50 pe1_pool=172 pe2_pool=190
[2026-05-15T19:51:55Z] ADD pe=1 added=50 pool=222
[2026-05-15T19:52:01Z] ADD pe=2 added=50 pool=240
[2026-05-15T19:52:06Z] ADD pe=1 added=47 pool=269
[2026-05-15T19:52:08Z] ADD pe=2 added=3 pool=243
[2026-05-15T19:52:10Z] ADD pe=2 added=0 pool=243
[2026-05-15T19:52:13Z] ADD pe=2 added=0 pool=243
[2026-05-15T19:52:15Z] ADD pe=2 added=0 pool=243
[2026-05-15T19:52:20Z] DEL pe=1 removed=50 pool=219
[2026-05-15T19:52:26Z] ADD pe=1 added=50 pool=269
[2026-05-15T19:52:32Z] DEL pe=1 removed=50 pool=219
[2026-05-15T19:52:38Z] ADD pe=1 added=50 pool=269
[2026-05-15T19:52:40Z] ADD pe=2 added=0 pool=243
[2026-05-15T19:52:42Z] ADD pe=2 added=0 pool=243
[2026-05-15T19:52:48Z] DEL pe=1 removed=50 pool=219
[2026-05-15T19:52:54Z] ADD pe=1 added=47 pool=266
[2026-05-15T19:52:59Z] DEL pe=1 removed=50 pool=216
[2026-05-15T19:53:05Z] DEL pe=2 removed=50 pool=193
[2026-05-15T19:53:11Z] ADD pe=2 added=50 pool=243
[2026-05-15T19:53:20Z] MOVE src=2 dst=1 moved=50 pe1_pool=266 pe2_pool=193
[2026-05-15T19:53:26Z] ADD pe=2 added=50 pool=243
[2026-05-15T19:53:28Z] ADD pe=2 added=3 pool=246
[2026-05-15T19:53:34Z] DEL pe=1 removed=50 pool=216
[2026-05-15T19:53:41Z] DEL pe=2 removed=50 pool=196
[2026-05-15T19:53:47Z] DEL pe=1 removed=50 pool=166
[2026-05-15T19:53:57Z] MOVE src=2 dst=1 moved=50 pe1_pool=216 pe2_pool=146
[2026-05-15T19:54:02Z] ADD pe=2 added=50 pool=196
[2026-05-15T19:54:08Z] ADD pe=2 added=50 pool=246
[2026-05-15T19:54:14Z] ADD pe=1 added=50 pool=266
[2026-05-15T19:54:20Z] DEL pe=1 removed=50 pool=216
[2026-05-15T19:54:26Z] ADD pe=1 added=49 pool=265
[2026-05-15T19:54:36Z] MOVE src=1 dst=2 moved=50 pe1_pool=215 pe2_pool=296
[2026-05-15T19:54:38Z] ADD pe=1 added=1 pool=216
[2026-05-15T19:54:40Z] ADD pe=1 added=0 pool=216
[2026-05-15T19:54:42Z] ADD pe=1 added=0 pool=216
[2026-05-15T19:54:44Z] ADD pe=1 added=0 pool=216
[2026-05-15T19:54:46Z] ADD pe=1 added=0 pool=216
[2026-05-15T19:54:48Z] ADD pe=1 added=0 pool=216
[2026-05-15T19:54:50Z] ADD pe=1 added=0 pool=216
[2026-05-15T19:54:52Z] ADD pe=1 added=0 pool=216
[2026-05-15T19:54:58Z] DEL pe=2 removed=50 pool=246
[2026-05-15T19:55:03Z] ADD pe=1 added=49 pool=265
[2026-05-15T19:55:05Z] ADD pe=2 added=1 pool=247
[2026-05-15T19:55:07Z] ADD pe=2 added=0 pool=247
[2026-05-15T19:55:17Z] MOVE src=1 dst=2 moved=50 pe1_pool=215 pe2_pool=297
[2026-05-15T19:55:19Z] ADD pe=1 added=0 pool=215
[2026-05-15T19:55:21Z] ADD pe=1 added=0 pool=215
[2026-05-15T19:55:27Z] DEL pe=2 removed=50 pool=247
[2026-05-15T19:55:36Z] MOVE src=2 dst=1 moved=50 pe1_pool=265 pe2_pool=197
[2026-05-15T19:55:42Z] ADD pe=2 added=50 pool=247
[2026-05-15T19:55:44Z] ADD pe=2 added=0 pool=247
[2026-05-15T19:55:50Z] DEL pe=1 removed=50 pool=215
[2026-05-15T19:55:55Z] ADD pe=1 added=50 pool=265
[2026-05-15T19:56:05Z] MOVE src=1 dst=2 moved=50 pe1_pool=215 pe2_pool=297
[2026-05-15T19:56:14Z] MOVE src=2 dst=1 moved=50 pe1_pool=265 pe2_pool=247
[2026-05-15T19:56:24Z] MOVE src=1 dst=2 moved=50 pe1_pool=215 pe2_pool=297
[2026-05-15T19:56:26Z] ADD pe=1 added=0 pool=215
[2026-05-15T19:56:28Z] ADD pe=1 added=0 pool=215
[2026-05-15T19:56:30Z] ADD pe=1 added=0 pool=215
[2026-05-15T19:56:36Z] DEL pe=2 removed=50 pool=247
[2026-05-15T19:56:42Z] ADD pe=1 added=50 pool=265
[2026-05-15T19:56:48Z] DEL pe=1 removed=50 pool=215
[2026-05-15T19:56:54Z] ADD pe=1 added=50 pool=265
[2026-05-15T19:56:56Z] ADD pe=2 added=0 pool=247
[2026-05-15T19:56:58Z] ADD pe=2 added=0 pool=247
[2026-05-15T19:57:00Z] ADD pe=2 added=0 pool=247
[2026-05-15T19:57:02Z] ADD pe=2 added=0 pool=247
[2026-05-15T19:57:04Z] ADD pe=2 added=0 pool=247
[2026-05-15T19:57:06Z] ADD pe=2 added=0 pool=247
[2026-05-15T19:57:08Z] ADD pe=2 added=0 pool=247
[2026-05-15T19:57:15Z] DEL pe=1 removed=50 pool=215
[2026-05-15T19:57:21Z] ADD pe=1 added=50 pool=265
[2026-05-15T19:57:23Z] ADD pe=2 added=0 pool=247
[2026-05-15T19:57:29Z] DEL pe=1 removed=50 pool=215
[2026-05-15T19:57:39Z] MOVE src=2 dst=1 moved=50 pe1_pool=265 pe2_pool=197
[2026-05-15T19:57:44Z] ADD pe=2 added=50 pool=247
[2026-05-15T19:57:50Z] DEL pe=1 removed=50 pool=215
[2026-05-15T19:57:56Z] ADD pe=1 added=48 pool=263
[2026-05-15T19:58:02Z] DEL pe=1 removed=50 pool=213
[2026-05-15T19:58:08Z] ADD pe=1 added=50 pool=263
[2026-05-15T19:58:17Z] MOVE src=1 dst=2 moved=50 pe1_pool=213 pe2_pool=297
[2026-05-15T19:58:23Z] DEL pe=2 removed=50 pool=247
[2026-05-15T19:58:29Z] ADD pe=1 added=50 pool=263
[2026-05-15T19:58:35Z] DEL pe=1 removed=50 pool=213
[2026-05-15T19:58:41Z] ADD pe=1 added=50 pool=263
[2026-05-15T19:58:50Z] MOVE src=1 dst=2 moved=50 pe1_pool=213 pe2_pool=297
[2026-05-15T19:58:59Z] MOVE src=2 dst=1 moved=50 pe1_pool=263 pe2_pool=247
[2026-05-15T19:59:09Z] MOVE src=1 dst=2 moved=50 pe1_pool=213 pe2_pool=297
[2026-05-15T19:59:11Z] ADD pe=1 added=2 pool=215
[2026-05-15T19:59:13Z] ADD pe=1 added=0 pool=215
[2026-05-15T19:59:19Z] DEL pe=2 removed=50 pool=247
[2026-05-15T19:59:25Z] DEL pe=2 removed=50 pool=197
[2026-05-15T19:59:35Z] MOVE src=1 dst=2 moved=50 pe1_pool=165 pe2_pool=247
[2026-05-15T19:59:41Z] ADD pe=1 added=50 pool=215
[2026-05-15T19:59:46Z] ADD pe=1 added=48 pool=263
[2026-05-15T19:59:56Z] MOVE src=1 dst=2 moved=50 pe1_pool=213 pe2_pool=297
[2026-05-15T19:59:58Z] ADD pe=1 added=2 pool=215
[2026-05-15T20:00:08Z] MOVE src=2 dst=1 moved=50 pe1_pool=265 pe2_pool=247
[2026-05-15T20:00:18Z] MOVE src=1 dst=2 moved=50 pe1_pool=215 pe2_pool=297
[2026-05-15T20:00:28Z] MOVE src=2 dst=1 moved=50 pe1_pool=265 pe2_pool=247
[2026-05-15T20:00:34Z] DEL pe=1 removed=50 pool=215
[2026-05-15T20:00:44Z] MOVE src=2 dst=1 moved=50 pe1_pool=265 pe2_pool=197
[2026-05-15T20:00:54Z] MOVE src=1 dst=2 moved=50 pe1_pool=215 pe2_pool=247
[2026-05-15T20:01:00Z] DEL pe=2 removed=50 pool=197
[2026-05-15T20:01:06Z] ADD pe=2 added=50 pool=247
[2026-05-15T20:01:12Z] ADD pe=1 added=50 pool=265
[2026-05-15T20:01:18Z] DEL pe=1 removed=50 pool=215
[2026-05-15T20:01:24Z] DEL pe=2 removed=50 pool=197
[2026-05-15T20:01:30Z] ADD pe=2 added=50 pool=247
[2026-05-15T20:01:36Z] ADD pe=1 added=49 pool=264
[2026-05-15T20:01:38Z] ADD failed pe=2 mac=02:aa:00:00:00:96
[2026-05-15T20:01:38Z] MOVE rollback src=1 dst=2 idx=150
[2026-05-15T20:01:38Z] ADD failed pe=2 mac=02:aa:00:00:01:7f
[2026-05-15T20:01:38Z] MOVE rollback src=1 dst=2 idx=383
[2026-05-15T20:01:38Z] ADD failed pe=2 mac=02:aa:00:00:01:b7
[2026-05-15T20:01:38Z] MOVE rollback src=1 dst=2 idx=439
[2026-05-15T20:01:39Z] ADD failed pe=2 mac=02:aa:00:00:00:d9
[2026-05-15T20:01:39Z] MOVE rollback src=1 dst=2 idx=217
[2026-05-15T20:01:39Z] ADD failed pe=2 mac=02:aa:00:00:01:12
[2026-05-15T20:01:39Z] MOVE rollback src=1 dst=2 idx=274
[2026-05-15T20:01:39Z] ADD failed pe=2 mac=02:aa:00:00:00:41
[2026-05-15T20:01:39Z] MOVE rollback src=1 dst=2 idx=65
[2026-05-15T20:01:39Z] ADD failed pe=2 mac=02:aa:00:00:01:4b
[2026-05-15T20:01:39Z] MOVE rollback src=1 dst=2 idx=331
[2026-05-15T20:01:39Z] ADD failed pe=2 mac=02:aa:00:00:01:c9
[2026-05-15T20:01:40Z] MOVE rollback src=1 dst=2 idx=457
[2026-05-15T20:01:40Z] ADD failed pe=2 mac=02:aa:00:00:00:59
[2026-05-15T20:01:40Z] MOVE rollback src=1 dst=2 idx=89
[2026-05-15T20:01:40Z] ADD failed pe=2 mac=02:aa:00:00:00:5d
[2026-05-15T20:01:40Z] MOVE rollback src=1 dst=2 idx=93
[2026-05-15T20:01:40Z] ADD failed pe=2 mac=02:aa:00:00:01:3c
[2026-05-15T20:01:40Z] MOVE rollback src=1 dst=2 idx=316
[2026-05-15T20:01:40Z] ADD failed pe=2 mac=02:aa:00:00:01:94
[2026-05-15T20:01:41Z] MOVE rollback src=1 dst=2 idx=404
[2026-05-15T20:01:41Z] ADD failed pe=2 mac=02:aa:00:00:01:2b
[2026-05-15T20:01:41Z] MOVE rollback src=1 dst=2 idx=299
[2026-05-15T20:01:41Z] ADD failed pe=2 mac=02:aa:00:00:00:ab
[2026-05-15T20:01:41Z] MOVE rollback src=1 dst=2 idx=171
[2026-05-15T20:01:41Z] ADD failed pe=2 mac=02:aa:00:00:00:2a
[2026-05-15T20:01:41Z] MOVE rollback src=1 dst=2 idx=42
[2026-05-15T20:01:41Z] ADD failed pe=2 mac=02:aa:00:00:00:e4
[2026-05-15T20:01:41Z] MOVE rollback src=1 dst=2 idx=228
[2026-05-15T20:01:42Z] ADD failed pe=2 mac=02:aa:00:00:00:13
[2026-05-15T20:01:42Z] MOVE rollback src=1 dst=2 idx=19
[2026-05-15T20:01:42Z] ADD failed pe=2 mac=02:aa:00:00:00:2f
[2026-05-15T20:01:42Z] MOVE rollback src=1 dst=2 idx=47
[2026-05-15T20:01:42Z] ADD failed pe=2 mac=02:aa:00:00:01:47
[2026-05-15T20:01:42Z] MOVE rollback src=1 dst=2 idx=327
[2026-05-15T20:01:42Z] ADD failed pe=2 mac=02:aa:00:00:00:6a
[2026-05-15T20:01:42Z] MOVE rollback src=1 dst=2 idx=106
[2026-05-15T20:01:43Z] ADD failed pe=2 mac=02:aa:00:00:01:9b
[2026-05-15T20:01:43Z] MOVE rollback src=1 dst=2 idx=411
[2026-05-15T20:01:43Z] ADD failed pe=2 mac=02:aa:00:00:00:5c
[2026-05-15T20:01:43Z] MOVE rollback src=1 dst=2 idx=92
[2026-05-15T20:01:43Z] ADD failed pe=2 mac=02:aa:00:00:00:06
[2026-05-15T20:01:43Z] MOVE rollback src=1 dst=2 idx=6
[2026-05-15T20:01:43Z] ADD failed pe=2 mac=02:aa:00:00:01:73
[2026-05-15T20:01:43Z] MOVE rollback src=1 dst=2 idx=371
[2026-05-15T20:01:43Z] ADD failed pe=2 mac=02:aa:00:00:01:e2
[2026-05-15T20:01:43Z] MOVE rollback src=1 dst=2 idx=482
[2026-05-15T20:01:44Z] ADD failed pe=2 mac=02:aa:00:00:01:87
[2026-05-15T20:01:44Z] MOVE rollback src=1 dst=2 idx=391
[2026-05-15T20:01:44Z] ADD failed pe=2 mac=02:aa:00:00:00:7f
[2026-05-15T20:01:44Z] MOVE rollback src=1 dst=2 idx=127
[2026-05-15T20:01:44Z] ADD failed pe=2 mac=02:aa:00:00:00:75
[2026-05-15T20:01:44Z] MOVE rollback src=1 dst=2 idx=117
[2026-05-15T20:01:44Z] ADD failed pe=2 mac=02:aa:00:00:01:c2
[2026-05-15T20:01:44Z] MOVE rollback src=1 dst=2 idx=450
[2026-05-15T20:01:45Z] ADD failed pe=2 mac=02:aa:00:00:01:b3
[2026-05-15T20:01:45Z] MOVE rollback src=1 dst=2 idx=435
[2026-05-15T20:01:45Z] ADD failed pe=2 mac=02:aa:00:00:01:2e
[2026-05-15T20:01:45Z] MOVE rollback src=1 dst=2 idx=302
[2026-05-15T20:01:45Z] ADD failed pe=2 mac=02:aa:00:00:01:05
[2026-05-15T20:01:45Z] MOVE rollback src=1 dst=2 idx=261
[2026-05-15T20:01:45Z] ADD failed pe=2 mac=02:aa:00:00:00:f7
[2026-05-15T20:01:45Z] MOVE rollback src=1 dst=2 idx=247
[2026-05-15T20:01:45Z] ADD failed pe=2 mac=02:aa:00:00:00:f3
[2026-05-15T20:01:46Z] MOVE rollback src=1 dst=2 idx=243
[2026-05-15T20:01:46Z] ADD failed pe=2 mac=02:aa:00:00:01:ff
[2026-05-15T20:01:46Z] MOVE rollback src=1 dst=2 idx=511
[2026-05-15T20:01:46Z] ADD failed pe=2 mac=02:aa:00:00:01:39
[2026-05-15T20:01:46Z] MOVE rollback src=1 dst=2 idx=313
[2026-05-15T20:01:46Z] ADD failed pe=2 mac=02:aa:00:00:01:14
[2026-05-15T20:01:46Z] MOVE rollback src=1 dst=2 idx=276
[2026-05-15T20:01:46Z] ADD failed pe=2 mac=02:aa:00:00:01:dc
[2026-05-15T20:01:46Z] MOVE rollback src=1 dst=2 idx=476
[2026-05-15T20:01:47Z] ADD failed pe=2 mac=02:aa:00:00:00:39
[2026-05-15T20:01:47Z] MOVE rollback src=1 dst=2 idx=57
[2026-05-15T20:01:47Z] ADD failed pe=2 mac=02:aa:00:00:01:18
[2026-05-15T20:01:47Z] MOVE rollback src=1 dst=2 idx=280
[2026-05-15T20:01:47Z] ADD failed pe=2 mac=02:aa:00:00:01:fa
[2026-05-15T20:01:47Z] MOVE rollback src=1 dst=2 idx=506
[2026-05-15T20:01:47Z] ADD failed pe=2 mac=02:aa:00:00:01:96
[2026-05-15T20:01:47Z] MOVE rollback src=1 dst=2 idx=406
[2026-05-15T20:01:47Z] ADD failed pe=2 mac=02:aa:00:00:01:ab
[2026-05-15T20:01:48Z] MOVE rollback src=1 dst=2 idx=427
[2026-05-15T20:01:48Z] ADD failed pe=2 mac=02:aa:00:00:00:0b
[2026-05-15T20:01:48Z] MOVE rollback src=1 dst=2 idx=11
[2026-05-15T20:01:48Z] ADD failed pe=2 mac=02:aa:00:00:00:9a
[2026-05-15T20:01:48Z] MOVE rollback src=1 dst=2 idx=154
[2026-05-15T20:01:48Z] ADD failed pe=2 mac=02:aa:00:00:01:19
[2026-05-15T20:01:48Z] MOVE rollback src=1 dst=2 idx=281
[2026-05-15T20:01:48Z] ADD failed pe=2 mac=02:aa:00:00:00:3f
[2026-05-15T20:01:48Z] MOVE rollback src=1 dst=2 idx=63
[2026-05-15T20:01:49Z] ADD failed pe=2 mac=02:aa:00:00:00:f6
[2026-05-15T20:01:49Z] MOVE rollback src=1 dst=2 idx=246
[2026-05-15T20:01:49Z] ADD failed pe=2 mac=02:aa:00:00:01:93
[2026-05-15T20:01:49Z] MOVE rollback src=1 dst=2 idx=403
[2026-05-15T20:01:49Z] ADD failed pe=2 mac=02:aa:00:00:01:4e
[2026-05-15T20:01:49Z] MOVE rollback src=1 dst=2 idx=334
[2026-05-15T20:01:49Z] MOVE src=1 dst=2 moved=0 pe1_pool=264 pe2_pool=247
[2026-05-15T20:01:51Z] ADD pe=2 added=1 pool=248
[2026-05-15T20:01:53Z] ADD pe=2 added=0 pool=248
[2026-05-15T20:01:56Z] ADD failed pe=2 mac=02:aa:00:00:01:93
[2026-05-15T20:01:56Z] MOVE rollback src=1 dst=2 idx=403
[2026-05-15T20:01:56Z] ADD failed pe=2 mac=02:aa:00:00:00:d1
[2026-05-15T20:01:56Z] MOVE rollback src=1 dst=2 idx=209
[2026-05-15T20:01:56Z] ADD failed pe=2 mac=02:aa:00:00:00:6c
[2026-05-15T20:01:56Z] MOVE rollback src=1 dst=2 idx=108
[2026-05-15T20:01:56Z] ADD failed pe=2 mac=02:aa:00:00:00:5f
[2026-05-15T20:01:56Z] MOVE rollback src=1 dst=2 idx=95
[2026-05-15T20:01:56Z] ADD failed pe=2 mac=02:aa:00:00:01:83
[2026-05-15T20:01:57Z] MOVE rollback src=1 dst=2 idx=387
[2026-05-15T20:01:57Z] ADD failed pe=2 mac=02:aa:00:00:00:cd
[2026-05-15T20:01:57Z] MOVE rollback src=1 dst=2 idx=205
[2026-05-15T20:01:57Z] ADD failed pe=2 mac=02:aa:00:00:01:03
[2026-05-15T20:01:57Z] MOVE rollback src=1 dst=2 idx=259
[2026-05-15T20:01:57Z] ADD failed pe=2 mac=02:aa:00:00:00:81
[2026-05-15T20:01:57Z] MOVE rollback src=1 dst=2 idx=129
[2026-05-15T20:01:57Z] ADD failed pe=2 mac=02:aa:00:00:01:19
[2026-05-15T20:01:57Z] MOVE rollback src=1 dst=2 idx=281
[2026-05-15T20:01:58Z] ADD failed pe=2 mac=02:aa:00:00:01:28
[2026-05-15T20:01:58Z] MOVE rollback src=1 dst=2 idx=296
[2026-05-15T20:01:58Z] ADD failed pe=2 mac=02:aa:00:00:00:db
[2026-05-15T20:01:58Z] MOVE rollback src=1 dst=2 idx=219
[2026-05-15T20:01:58Z] ADD failed pe=2 mac=02:aa:00:00:01:d4
[2026-05-15T20:01:58Z] MOVE rollback src=1 dst=2 idx=468
[2026-05-15T20:01:58Z] ADD failed pe=2 mac=02:aa:00:00:01:34
[2026-05-15T20:01:58Z] MOVE rollback src=1 dst=2 idx=308
[2026-05-15T20:01:59Z] ADD failed pe=2 mac=02:aa:00:00:01:50
[2026-05-15T20:01:59Z] MOVE rollback src=1 dst=2 idx=336
[2026-05-15T20:01:59Z] ADD failed pe=2 mac=02:aa:00:00:01:17
[2026-05-15T20:01:59Z] MOVE rollback src=1 dst=2 idx=279
[2026-05-15T20:01:59Z] ADD failed pe=2 mac=02:aa:00:00:00:be
[2026-05-15T20:01:59Z] MOVE rollback src=1 dst=2 idx=190
[2026-05-15T20:01:59Z] ADD failed pe=2 mac=02:aa:00:00:01:ea
[2026-05-15T20:01:59Z] MOVE rollback src=1 dst=2 idx=490
[2026-05-15T20:01:59Z] ADD failed pe=2 mac=02:aa:00:00:01:36
[2026-05-15T20:02:00Z] MOVE rollback src=1 dst=2 idx=310
[2026-05-15T20:02:00Z] ADD failed pe=2 mac=02:aa:00:00:00:89
[2026-05-15T20:02:00Z] MOVE rollback src=1 dst=2 idx=137
[2026-05-15T20:02:00Z] ADD failed pe=2 mac=02:aa:00:00:00:35
[2026-05-15T20:02:00Z] MOVE rollback src=1 dst=2 idx=53
[2026-05-15T20:02:00Z] ADD failed pe=2 mac=02:aa:00:00:01:c9
[2026-05-15T20:02:00Z] MOVE rollback src=1 dst=2 idx=457
[2026-05-15T20:02:00Z] ADD failed pe=2 mac=02:aa:00:00:00:00
[2026-05-15T20:02:00Z] MOVE rollback src=1 dst=2 idx=0
[2026-05-15T20:02:01Z] ADD failed pe=2 mac=02:aa:00:00:01:4d
[2026-05-15T20:02:01Z] MOVE rollback src=1 dst=2 idx=333
[2026-05-15T20:02:01Z] ADD failed pe=2 mac=02:aa:00:00:00:88
[2026-05-15T20:02:01Z] MOVE rollback src=1 dst=2 idx=136
[2026-05-15T20:02:01Z] ADD failed pe=2 mac=02:aa:00:00:01:8d
[2026-05-15T20:02:01Z] MOVE rollback src=1 dst=2 idx=397
[2026-05-15T20:02:01Z] ADD failed pe=2 mac=02:aa:00:00:00:c2
[2026-05-15T20:02:01Z] MOVE rollback src=1 dst=2 idx=194
[2026-05-15T20:02:02Z] ADD failed pe=2 mac=02:aa:00:00:01:0e
[2026-05-15T20:02:02Z] MOVE rollback src=1 dst=2 idx=270
[2026-05-15T20:02:02Z] ADD failed pe=2 mac=02:aa:00:00:00:5c
[2026-05-15T20:02:02Z] MOVE rollback src=1 dst=2 idx=92
[2026-05-15T20:02:02Z] ADD failed pe=2 mac=02:aa:00:00:01:68
[2026-05-15T20:02:02Z] MOVE rollback src=1 dst=2 idx=360
[2026-05-15T20:02:02Z] ADD failed pe=2 mac=02:aa:00:00:00:a8
[2026-05-15T20:02:02Z] MOVE rollback src=1 dst=2 idx=168
[2026-05-15T20:02:02Z] ADD failed pe=2 mac=02:aa:00:00:00:59
[2026-05-15T20:02:03Z] MOVE rollback src=1 dst=2 idx=89
[2026-05-15T20:02:03Z] ADD failed pe=2 mac=02:aa:00:00:01:69
[2026-05-15T20:02:03Z] MOVE rollback src=1 dst=2 idx=361
[2026-05-15T20:02:03Z] ADD failed pe=2 mac=02:aa:00:00:01:12
[2026-05-15T20:02:03Z] MOVE rollback src=1 dst=2 idx=274
[2026-05-15T20:02:03Z] ADD failed pe=2 mac=02:aa:00:00:00:da
[2026-05-15T20:02:03Z] MOVE rollback src=1 dst=2 idx=218
[2026-05-15T20:02:03Z] ADD failed pe=2 mac=02:aa:00:00:01:a3
[2026-05-15T20:02:03Z] MOVE rollback src=1 dst=2 idx=419
[2026-05-15T20:02:04Z] ADD failed pe=2 mac=02:aa:00:00:01:7f
[2026-05-15T20:02:04Z] MOVE rollback src=1 dst=2 idx=383
[2026-05-15T20:02:04Z] ADD failed pe=2 mac=02:aa:00:00:01:73
[2026-05-15T20:02:04Z] MOVE rollback src=1 dst=2 idx=371
[2026-05-15T20:02:04Z] ADD failed pe=2 mac=02:aa:00:00:00:8c
[2026-05-15T20:02:04Z] MOVE rollback src=1 dst=2 idx=140
[2026-05-15T20:02:04Z] ADD failed pe=2 mac=02:aa:00:00:00:6f
[2026-05-15T20:02:04Z] MOVE rollback src=1 dst=2 idx=111
[2026-05-15T20:02:04Z] ADD failed pe=2 mac=02:aa:00:00:00:8f
[2026-05-15T20:02:05Z] MOVE rollback src=1 dst=2 idx=143
[2026-05-15T20:02:05Z] ADD failed pe=2 mac=02:aa:00:00:00:54
[2026-05-15T20:02:05Z] MOVE rollback src=1 dst=2 idx=84
[2026-05-15T20:02:05Z] ADD failed pe=2 mac=02:aa:00:00:01:4f
[2026-05-15T20:02:05Z] MOVE rollback src=1 dst=2 idx=335
[2026-05-15T20:02:05Z] ADD failed pe=2 mac=02:aa:00:00:01:91
[2026-05-15T20:02:05Z] MOVE rollback src=1 dst=2 idx=401
[2026-05-15T20:02:05Z] ADD failed pe=2 mac=02:aa:00:00:00:b9
[2026-05-15T20:02:06Z] MOVE rollback src=1 dst=2 idx=185
[2026-05-15T20:02:06Z] ADD failed pe=2 mac=02:aa:00:00:00:3f
[2026-05-15T20:02:06Z] MOVE rollback src=1 dst=2 idx=63
[2026-05-15T20:02:06Z] ADD failed pe=2 mac=02:aa:00:00:01:26
[2026-05-15T20:02:06Z] MOVE rollback src=1 dst=2 idx=294
[2026-05-15T20:02:06Z] ADD failed pe=2 mac=02:aa:00:00:01:b2
[2026-05-15T20:02:06Z] MOVE rollback src=1 dst=2 idx=434
[2026-05-15T20:02:06Z] ADD failed pe=2 mac=02:aa:00:00:00:20
[2026-05-15T20:02:06Z] MOVE rollback src=1 dst=2 idx=32
[2026-05-15T20:02:07Z] ADD failed pe=2 mac=02:aa:00:00:00:e0
[2026-05-15T20:02:07Z] MOVE rollback src=1 dst=2 idx=224
[2026-05-15T20:02:07Z] ADD failed pe=2 mac=02:aa:00:00:00:a9
[2026-05-15T20:02:07Z] MOVE rollback src=1 dst=2 idx=169
[2026-05-15T20:02:07Z] MOVE src=1 dst=2 moved=0 pe1_pool=264 pe2_pool=248
[2026-05-15T20:02:13Z] DEL pe=1 removed=50 pool=214
[2026-05-15T20:02:16Z] ADD failed pe=1 mac=02:aa:00:00:01:a4
[2026-05-15T20:02:16Z] MOVE rollback src=2 dst=1 idx=420
[2026-05-15T20:02:16Z] ADD failed pe=1 mac=02:aa:00:00:01:e5
[2026-05-15T20:02:16Z] MOVE rollback src=2 dst=1 idx=485
[2026-05-15T20:02:16Z] ADD failed pe=1 mac=02:aa:00:00:01:ef
[2026-05-15T20:02:17Z] MOVE rollback src=2 dst=1 idx=495
[2026-05-15T20:02:17Z] ADD failed pe=1 mac=02:aa:00:00:01:9d
[2026-05-15T20:02:17Z] MOVE rollback src=2 dst=1 idx=413
[2026-05-15T20:02:17Z] ADD failed pe=1 mac=02:aa:00:00:01:9f
[2026-05-15T20:02:17Z] MOVE rollback src=2 dst=1 idx=415
[2026-05-15T20:02:18Z] ADD failed pe=1 mac=02:aa:00:00:01:63
[2026-05-15T20:02:18Z] MOVE rollback src=2 dst=1 idx=355
[2026-05-15T20:02:18Z] ADD failed pe=1 mac=02:aa:00:00:01:86
[2026-05-15T20:02:18Z] MOVE rollback src=2 dst=1 idx=390
[2026-05-15T20:02:19Z] ADD failed pe=1 mac=02:aa:00:00:01:fe
[2026-05-15T20:02:20Z] MOVE rollback src=2 dst=1 idx=510
[2026-05-15T20:02:20Z] ADD failed pe=1 mac=02:aa:00:00:01:ac
[2026-05-15T20:02:20Z] MOVE rollback src=2 dst=1 idx=428
[2026-05-15T20:02:21Z] ADD failed pe=1 mac=02:aa:00:00:01:be
[2026-05-15T20:02:21Z] MOVE rollback src=2 dst=1 idx=446
[2026-05-15T20:02:21Z] ADD failed pe=1 mac=02:aa:00:00:01:8e
[2026-05-15T20:02:21Z] MOVE rollback src=2 dst=1 idx=398
[2026-05-15T20:02:22Z] ADD failed pe=1 mac=02:aa:00:00:00:90
[2026-05-15T20:02:22Z] MOVE rollback src=2 dst=1 idx=144
[2026-05-15T20:02:23Z] ADD failed pe=1 mac=02:aa:00:00:01:b9
[2026-05-15T20:02:23Z] MOVE rollback src=2 dst=1 idx=441
[2026-05-15T20:02:23Z] ADD failed pe=1 mac=02:aa:00:00:01:6d
[2026-05-15T20:02:23Z] MOVE rollback src=2 dst=1 idx=365
[2026-05-15T20:02:24Z] MOVE src=2 dst=1 moved=36 pe1_pool=250 pe2_pool=212
[2026-05-15T20:02:29Z] ADD pe=2 added=48 pool=260
[2026-05-15T20:02:35Z] DEL pe=2 removed=50 pool=210
[2026-05-15T20:02:42Z] DEL pe=1 removed=50 pool=200
[2026-05-15T20:02:47Z] ADD pe=1 added=50 pool=250
[2026-05-15T20:02:54Z] DEL pe=1 removed=50 pool=200
[2026-05-15T20:03:00Z] DEL pe=2 removed=50 pool=160
[2026-05-15T20:03:06Z] DEL pe=1 removed=50 pool=150
[2026-05-15T20:03:12Z] ADD pe=1 added=50 pool=200
[2026-05-15T20:03:14Z] ADD failed pe=2 mac=02:aa:00:00:00:8a
[2026-05-15T20:03:14Z] MOVE rollback src=1 dst=2 idx=138
[2026-05-15T20:03:14Z] ADD failed pe=2 mac=02:aa:00:00:00:7a
[2026-05-15T20:03:14Z] MOVE rollback src=1 dst=2 idx=122
[2026-05-15T20:03:15Z] ADD failed pe=2 mac=02:aa:00:00:01:af
[2026-05-15T20:03:15Z] MOVE rollback src=1 dst=2 idx=431
[2026-05-15T20:03:15Z] ADD failed pe=2 mac=02:aa:00:00:01:28
[2026-05-15T20:03:15Z] MOVE rollback src=1 dst=2 idx=296
[2026-05-15T20:03:15Z] ADD failed pe=2 mac=02:aa:00:00:00:a4
[2026-05-15T20:03:15Z] MOVE rollback src=1 dst=2 idx=164
[2026-05-15T20:03:15Z] ADD failed pe=2 mac=02:aa:00:00:01:d0
[2026-05-15T20:03:15Z] MOVE rollback src=1 dst=2 idx=464
[2026-05-15T20:03:16Z] ADD failed pe=2 mac=02:aa:00:00:00:de
[2026-05-15T20:03:16Z] MOVE rollback src=1 dst=2 idx=222
[2026-05-15T20:03:16Z] ADD failed pe=2 mac=02:aa:00:00:01:32
[2026-05-15T20:03:16Z] MOVE rollback src=1 dst=2 idx=306
[2026-05-15T20:03:16Z] ADD failed pe=2 mac=02:aa:00:00:01:27
[2026-05-15T20:03:16Z] MOVE rollback src=1 dst=2 idx=295
[2026-05-15T20:03:16Z] ADD failed pe=2 mac=02:aa:00:00:01:bd
[2026-05-15T20:03:16Z] MOVE rollback src=1 dst=2 idx=445
[2026-05-15T20:03:16Z] ADD failed pe=2 mac=02:aa:00:00:00:63
[2026-05-15T20:03:16Z] MOVE rollback src=1 dst=2 idx=99
[2026-05-15T20:03:17Z] ADD failed pe=2 mac=02:aa:00:00:00:d7
[2026-05-15T20:03:17Z] MOVE rollback src=1 dst=2 idx=215
[2026-05-15T20:03:17Z] ADD failed pe=2 mac=02:aa:00:00:00:08
[2026-05-15T20:03:17Z] MOVE rollback src=1 dst=2 idx=8
[2026-05-15T20:03:17Z] ADD failed pe=2 mac=02:aa:00:00:01:55
[2026-05-15T20:03:17Z] MOVE rollback src=1 dst=2 idx=341
[2026-05-15T20:03:17Z] ADD failed pe=2 mac=02:aa:00:00:00:a7
[2026-05-15T20:03:17Z] MOVE rollback src=1 dst=2 idx=167
[2026-05-15T20:03:18Z] ADD failed pe=2 mac=02:aa:00:00:01:88
[2026-05-15T20:03:18Z] MOVE rollback src=1 dst=2 idx=392
[2026-05-15T20:03:18Z] ADD failed pe=2 mac=02:aa:00:00:01:03
[2026-05-15T20:03:18Z] MOVE rollback src=1 dst=2 idx=259
[2026-05-15T20:03:18Z] ADD failed pe=2 mac=02:aa:00:00:00:b4
[2026-05-15T20:03:18Z] MOVE rollback src=1 dst=2 idx=180
[2026-05-15T20:03:18Z] ADD failed pe=2 mac=02:aa:00:00:01:04
[2026-05-15T20:03:18Z] MOVE rollback src=1 dst=2 idx=260
[2026-05-15T20:03:19Z] ADD failed pe=2 mac=02:aa:00:00:00:30
[2026-05-15T20:03:19Z] MOVE rollback src=1 dst=2 idx=48
[2026-05-15T20:03:19Z] ADD failed pe=2 mac=02:aa:00:00:01:f0
[2026-05-15T20:03:19Z] MOVE rollback src=1 dst=2 idx=496
[2026-05-15T20:03:19Z] ADD failed pe=2 mac=02:aa:00:00:00:bf
[2026-05-15T20:03:19Z] MOVE rollback src=1 dst=2 idx=191
[2026-05-15T20:03:19Z] ADD failed pe=2 mac=02:aa:00:00:01:bf
[2026-05-15T20:03:19Z] MOVE rollback src=1 dst=2 idx=447
[2026-05-15T20:03:19Z] ADD failed pe=2 mac=02:aa:00:00:00:f7
[2026-05-15T20:03:20Z] MOVE rollback src=1 dst=2 idx=247
[2026-05-15T20:03:20Z] ADD failed pe=2 mac=02:aa:00:00:00:d1
[2026-05-15T20:03:20Z] MOVE rollback src=1 dst=2 idx=209
[2026-05-15T20:03:20Z] ADD failed pe=2 mac=02:aa:00:00:00:9e
[2026-05-15T20:03:20Z] MOVE rollback src=1 dst=2 idx=158
[2026-05-15T20:03:20Z] ADD failed pe=2 mac=02:aa:00:00:01:7d
[2026-05-15T20:03:20Z] MOVE rollback src=1 dst=2 idx=381
[2026-05-15T20:03:20Z] ADD failed pe=2 mac=02:aa:00:00:01:4c
[2026-05-15T20:03:20Z] MOVE rollback src=1 dst=2 idx=332
[2026-05-15T20:03:21Z] ADD failed pe=2 mac=02:aa:00:00:00:a1
[2026-05-15T20:03:21Z] MOVE rollback src=1 dst=2 idx=161
[2026-05-15T20:03:21Z] ADD failed pe=2 mac=02:aa:00:00:00:52
[2026-05-15T20:03:21Z] MOVE rollback src=1 dst=2 idx=82
[2026-05-15T20:03:21Z] ADD failed pe=2 mac=02:aa:00:00:01:89
[2026-05-15T20:03:21Z] MOVE rollback src=1 dst=2 idx=393
[2026-05-15T20:03:21Z] ADD failed pe=2 mac=02:aa:00:00:00:37
[2026-05-15T20:03:21Z] MOVE rollback src=1 dst=2 idx=55
[2026-05-15T20:03:21Z] ADD failed pe=2 mac=02:aa:00:00:01:42
[2026-05-15T20:03:22Z] MOVE rollback src=1 dst=2 idx=322
[2026-05-15T20:03:22Z] ADD failed pe=2 mac=02:aa:00:00:00:4a
[2026-05-15T20:03:22Z] MOVE rollback src=1 dst=2 idx=74
[2026-05-15T20:03:22Z] ADD failed pe=2 mac=02:aa:00:00:00:44
[2026-05-15T20:03:22Z] MOVE rollback src=1 dst=2 idx=68
[2026-05-15T20:03:22Z] ADD failed pe=2 mac=02:aa:00:00:00:50
[2026-05-15T20:03:22Z] MOVE rollback src=1 dst=2 idx=80
[2026-05-15T20:03:22Z] ADD failed pe=2 mac=02:aa:00:00:01:3b
[2026-05-15T20:03:23Z] MOVE rollback src=1 dst=2 idx=315
[2026-05-15T20:03:23Z] ADD failed pe=2 mac=02:aa:00:00:01:b7
[2026-05-15T20:03:23Z] MOVE rollback src=1 dst=2 idx=439
[2026-05-15T20:03:23Z] ADD failed pe=2 mac=02:aa:00:00:00:e7
[2026-05-15T20:03:23Z] MOVE rollback src=1 dst=2 idx=231
[2026-05-15T20:03:23Z] ADD failed pe=2 mac=02:aa:00:00:00:41
[2026-05-15T20:03:23Z] MOVE rollback src=1 dst=2 idx=65
[2026-05-15T20:03:23Z] ADD failed pe=2 mac=02:aa:00:00:01:e2
[2026-05-15T20:03:23Z] MOVE rollback src=1 dst=2 idx=482
[2026-05-15T20:03:24Z] ADD failed pe=2 mac=02:aa:00:00:01:3e
[2026-05-15T20:03:24Z] MOVE rollback src=1 dst=2 idx=318
[2026-05-15T20:03:24Z] ADD failed pe=2 mac=02:aa:00:00:00:e4
[2026-05-15T20:03:24Z] MOVE rollback src=1 dst=2 idx=228
[2026-05-15T20:03:24Z] ADD failed pe=2 mac=02:aa:00:00:01:8f
[2026-05-15T20:03:24Z] MOVE rollback src=1 dst=2 idx=399
[2026-05-15T20:03:24Z] ADD failed pe=2 mac=02:aa:00:00:00:2b
[2026-05-15T20:03:24Z] MOVE rollback src=1 dst=2 idx=43
[2026-05-15T20:03:24Z] ADD failed pe=2 mac=02:aa:00:00:01:74
[2026-05-15T20:03:25Z] MOVE rollback src=1 dst=2 idx=372
[2026-05-15T20:03:25Z] ADD failed pe=2 mac=02:aa:00:00:01:7f
[2026-05-15T20:03:25Z] MOVE rollback src=1 dst=2 idx=383
[2026-05-15T20:03:25Z] ADD failed pe=2 mac=02:aa:00:00:01:4b
[2026-05-15T20:03:25Z] MOVE rollback src=1 dst=2 idx=331
[2026-05-15T20:03:25Z] ADD failed pe=2 mac=02:aa:00:00:00:8c
[2026-05-15T20:03:25Z] MOVE rollback src=1 dst=2 idx=140
[2026-05-15T20:03:25Z] MOVE src=1 dst=2 moved=1 pe1_pool=199 pe2_pool=161
[2026-05-15T20:03:27Z] ADD failed pe=2 mac=02:aa:00:00:00:9a
[2026-05-15T20:03:28Z] MOVE rollback src=1 dst=2 idx=154
[2026-05-15T20:03:28Z] ADD failed pe=2 mac=02:aa:00:00:01:b3
[2026-05-15T20:03:28Z] MOVE rollback src=1 dst=2 idx=435
[2026-05-15T20:03:28Z] ADD failed pe=2 mac=02:aa:00:00:00:c3
[2026-05-15T20:03:28Z] MOVE rollback src=1 dst=2 idx=195
[2026-05-15T20:03:28Z] ADD failed pe=2 mac=02:aa:00:00:01:b4
[2026-05-15T20:03:28Z] MOVE rollback src=1 dst=2 idx=436
[2026-05-15T20:03:28Z] ADD failed pe=2 mac=02:aa:00:00:00:d5
[2026-05-15T20:03:28Z] MOVE rollback src=1 dst=2 idx=213
[2026-05-15T20:03:29Z] ADD failed pe=2 mac=02:aa:00:00:01:bf
[2026-05-15T20:03:29Z] MOVE rollback src=1 dst=2 idx=447
[2026-05-15T20:03:29Z] ADD failed pe=2 mac=02:aa:00:00:00:7a
[2026-05-15T20:03:29Z] MOVE rollback src=1 dst=2 idx=122
[2026-05-15T20:03:29Z] ADD failed pe=2 mac=02:aa:00:00:01:72
[2026-05-15T20:03:29Z] MOVE rollback src=1 dst=2 idx=370
[2026-05-15T20:03:29Z] ADD failed pe=2 mac=02:aa:00:00:01:4d
[2026-05-15T20:03:29Z] MOVE rollback src=1 dst=2 idx=333
[2026-05-15T20:03:29Z] ADD failed pe=2 mac=02:aa:00:00:01:c7
[2026-05-15T20:03:29Z] MOVE rollback src=1 dst=2 idx=455
[2026-05-15T20:03:30Z] ADD failed pe=2 mac=02:aa:00:00:00:41
[2026-05-15T20:03:30Z] MOVE rollback src=1 dst=2 idx=65
[2026-05-15T20:03:30Z] ADD failed pe=2 mac=02:aa:00:00:00:52
[2026-05-15T20:03:30Z] MOVE rollback src=1 dst=2 idx=82
[2026-05-15T20:03:30Z] ADD failed pe=2 mac=02:aa:00:00:00:8c
[2026-05-15T20:03:30Z] MOVE rollback src=1 dst=2 idx=140
[2026-05-15T20:03:30Z] ADD failed pe=2 mac=02:aa:00:00:00:b9
[2026-05-15T20:03:30Z] MOVE rollback src=1 dst=2 idx=185
[2026-05-15T20:03:30Z] ADD failed pe=2 mac=02:aa:00:00:01:1a
[2026-05-15T20:03:31Z] MOVE rollback src=1 dst=2 idx=282
[2026-05-15T20:03:31Z] ADD failed pe=2 mac=02:aa:00:00:01:6e
[2026-05-15T20:03:31Z] MOVE rollback src=1 dst=2 idx=366
[2026-05-15T20:03:31Z] ADD failed pe=2 mac=02:aa:00:00:01:45
[2026-05-15T20:03:31Z] MOVE rollback src=1 dst=2 idx=325
[2026-05-15T20:03:31Z] ADD failed pe=2 mac=02:aa:00:00:01:ad
[2026-05-15T20:03:31Z] MOVE rollback src=1 dst=2 idx=429
[2026-05-15T20:03:31Z] ADD failed pe=2 mac=02:aa:00:00:00:b7
[2026-05-15T20:03:31Z] MOVE rollback src=1 dst=2 idx=183
[2026-05-15T20:03:32Z] ADD failed pe=2 mac=02:aa:00:00:01:bd
[2026-05-15T20:03:32Z] MOVE rollback src=1 dst=2 idx=445
[2026-05-15T20:03:32Z] ADD failed pe=2 mac=02:aa:00:00:00:c1
[2026-05-15T20:03:32Z] MOVE rollback src=1 dst=2 idx=193
[2026-05-15T20:03:32Z] ADD failed pe=2 mac=02:aa:00:00:00:d4
[2026-05-15T20:03:32Z] MOVE rollback src=1 dst=2 idx=212
[2026-05-15T20:03:32Z] ADD failed pe=2 mac=02:aa:00:00:01:d2
[2026-05-15T20:03:32Z] MOVE rollback src=1 dst=2 idx=466
[2026-05-15T20:03:33Z] ADD failed pe=2 mac=02:aa:00:00:00:f8
[2026-05-15T20:03:33Z] MOVE rollback src=1 dst=2 idx=248
[2026-05-15T20:03:33Z] ADD failed pe=2 mac=02:aa:00:00:01:32
[2026-05-15T20:03:33Z] MOVE rollback src=1 dst=2 idx=306
[2026-05-15T20:03:33Z] ADD failed pe=2 mac=02:aa:00:00:01:e2
[2026-05-15T20:03:33Z] MOVE rollback src=1 dst=2 idx=482
[2026-05-15T20:03:33Z] ADD failed pe=2 mac=02:aa:00:00:00:1c
[2026-05-15T20:03:33Z] MOVE rollback src=1 dst=2 idx=28
[2026-05-15T20:03:34Z] ADD failed pe=2 mac=02:aa:00:00:00:c7
[2026-05-15T20:03:34Z] MOVE rollback src=1 dst=2 idx=199
[2026-05-15T20:03:34Z] ADD failed pe=2 mac=02:aa:00:00:01:26
[2026-05-15T20:03:34Z] MOVE rollback src=1 dst=2 idx=294
[2026-05-15T20:03:34Z] ADD failed pe=2 mac=02:aa:00:00:00:4d
[2026-05-15T20:03:34Z] MOVE rollback src=1 dst=2 idx=77
[2026-05-15T20:03:34Z] ADD failed pe=2 mac=02:aa:00:00:01:63
[2026-05-15T20:03:34Z] MOVE rollback src=1 dst=2 idx=355
[2026-05-15T20:03:34Z] ADD failed pe=2 mac=02:aa:00:00:01:24
[2026-05-15T20:03:34Z] MOVE rollback src=1 dst=2 idx=292
[2026-05-15T20:03:35Z] ADD failed pe=2 mac=02:aa:00:00:00:6c
[2026-05-15T20:03:35Z] MOVE rollback src=1 dst=2 idx=108
[2026-05-15T20:03:35Z] ADD failed pe=2 mac=02:aa:00:00:00:d6
[2026-05-15T20:03:35Z] MOVE rollback src=1 dst=2 idx=214
[2026-05-15T20:03:35Z] ADD failed pe=2 mac=02:aa:00:00:00:a4
[2026-05-15T20:03:35Z] MOVE rollback src=1 dst=2 idx=164
[2026-05-15T20:03:35Z] ADD failed pe=2 mac=02:aa:00:00:01:98
[2026-05-15T20:03:35Z] MOVE rollback src=1 dst=2 idx=408
[2026-05-15T20:03:36Z] ADD failed pe=2 mac=02:aa:00:00:00:0b
[2026-05-15T20:03:36Z] MOVE rollback src=1 dst=2 idx=11
[2026-05-15T20:03:36Z] ADD failed pe=2 mac=02:aa:00:00:01:dd
[2026-05-15T20:03:36Z] MOVE rollback src=1 dst=2 idx=477
[2026-05-15T20:03:36Z] ADD failed pe=2 mac=02:aa:00:00:00:f5
[2026-05-15T20:03:36Z] MOVE rollback src=1 dst=2 idx=245
[2026-05-15T20:03:36Z] ADD failed pe=2 mac=02:aa:00:00:00:ef
[2026-05-15T20:03:36Z] MOVE rollback src=1 dst=2 idx=239
[2026-05-15T20:03:36Z] ADD failed pe=2 mac=02:aa:00:00:01:91
[2026-05-15T20:03:37Z] MOVE rollback src=1 dst=2 idx=401
[2026-05-15T20:03:37Z] ADD failed pe=2 mac=02:aa:00:00:00:e6
[2026-05-15T20:03:37Z] MOVE rollback src=1 dst=2 idx=230
[2026-05-15T20:03:37Z] ADD failed pe=2 mac=02:aa:00:00:01:62
[2026-05-15T20:03:37Z] MOVE rollback src=1 dst=2 idx=354
[2026-05-15T20:03:37Z] ADD failed pe=2 mac=02:aa:00:00:00:80
[2026-05-15T20:03:37Z] MOVE rollback src=1 dst=2 idx=128
[2026-05-15T20:03:37Z] ADD failed pe=2 mac=02:aa:00:00:01:4b
[2026-05-15T20:03:38Z] MOVE rollback src=1 dst=2 idx=331
[2026-05-15T20:03:38Z] ADD failed pe=2 mac=02:aa:00:00:01:55
[2026-05-15T20:03:38Z] MOVE rollback src=1 dst=2 idx=341
[2026-05-15T20:03:38Z] ADD failed pe=2 mac=02:aa:00:00:01:15
[2026-05-15T20:03:38Z] MOVE rollback src=1 dst=2 idx=277
[2026-05-15T20:03:38Z] ADD failed pe=2 mac=02:aa:00:00:00:53
[2026-05-15T20:03:38Z] MOVE rollback src=1 dst=2 idx=83
[2026-05-15T20:03:38Z] ADD failed pe=2 mac=02:aa:00:00:01:97
[2026-05-15T20:03:38Z] MOVE rollback src=1 dst=2 idx=407
[2026-05-15T20:03:39Z] ADD failed pe=2 mac=02:aa:00:00:00:07
[2026-05-15T20:03:39Z] MOVE rollback src=1 dst=2 idx=7
[2026-05-15T20:03:39Z] MOVE src=1 dst=2 moved=0 pe1_pool=199 pe2_pool=161
[2026-05-15T20:03:44Z] DEL pe=1 removed=50 pool=149
[2026-05-15T20:03:50Z] ADD pe=1 added=50 pool=199
[2026-05-15T20:03:56Z] ADD pe=2 added=50 pool=211
[2026-05-15T20:04:02Z] ADD pe=1 added=50 pool=249
[2026-05-15T20:04:04Z] ADD failed pe=2 mac=02:aa:00:00:00:8e
[2026-05-15T20:04:04Z] MOVE rollback src=1 dst=2 idx=142
[2026-05-15T20:04:04Z] ADD failed pe=2 mac=02:aa:00:00:01:38
[2026-05-15T20:04:05Z] MOVE rollback src=1 dst=2 idx=312
[2026-05-15T20:04:05Z] ADD failed pe=2 mac=02:aa:00:00:01:27
[2026-05-15T20:04:05Z] MOVE rollback src=1 dst=2 idx=295
[2026-05-15T20:04:05Z] ADD failed pe=2 mac=02:aa:00:00:00:4c
[2026-05-15T20:04:05Z] MOVE rollback src=1 dst=2 idx=76
[2026-05-15T20:04:05Z] ADD failed pe=2 mac=02:aa:00:00:01:3e
[2026-05-15T20:04:05Z] MOVE rollback src=1 dst=2 idx=318
[2026-05-15T20:04:05Z] ADD failed pe=2 mac=02:aa:00:00:01:eb
[2026-05-15T20:04:05Z] MOVE rollback src=1 dst=2 idx=491
[2026-05-15T20:04:06Z] ADD failed pe=2 mac=02:aa:00:00:01:1d
[2026-05-15T20:04:06Z] MOVE rollback src=1 dst=2 idx=285
[2026-05-15T20:04:06Z] ADD failed pe=2 mac=02:aa:00:00:00:48
[2026-05-15T20:04:06Z] MOVE rollback src=1 dst=2 idx=72
[2026-05-15T20:04:06Z] ADD failed pe=2 mac=02:aa:00:00:01:16
[2026-05-15T20:04:06Z] MOVE rollback src=1 dst=2 idx=278
[2026-05-15T20:04:06Z] ADD failed pe=2 mac=02:aa:00:00:01:3a
[2026-05-15T20:04:06Z] MOVE rollback src=1 dst=2 idx=314
[2026-05-15T20:04:07Z] ADD failed pe=2 mac=02:aa:00:00:00:41
[2026-05-15T20:04:07Z] MOVE rollback src=1 dst=2 idx=65
[2026-05-15T20:04:07Z] ADD failed pe=2 mac=02:aa:00:00:00:07
[2026-05-15T20:04:07Z] MOVE rollback src=1 dst=2 idx=7
[2026-05-15T20:04:07Z] ADD failed pe=2 mac=02:aa:00:00:00:ad
[2026-05-15T20:04:07Z] MOVE rollback src=1 dst=2 idx=173
[2026-05-15T20:04:07Z] ADD failed pe=2 mac=02:aa:00:00:01:f7
[2026-05-15T20:04:07Z] MOVE rollback src=1 dst=2 idx=503
[2026-05-15T20:04:08Z] ADD failed pe=2 mac=02:aa:00:00:00:9e
[2026-05-15T20:04:08Z] MOVE rollback src=1 dst=2 idx=158
[2026-05-15T20:04:08Z] ADD failed pe=2 mac=02:aa:00:00:01:08
[2026-05-15T20:04:08Z] MOVE rollback src=1 dst=2 idx=264
[2026-05-15T20:04:08Z] ADD failed pe=2 mac=02:aa:00:00:01:80
[2026-05-15T20:04:08Z] MOVE rollback src=1 dst=2 idx=384
[2026-05-15T20:04:08Z] ADD failed pe=2 mac=02:aa:00:00:00:fb
[2026-05-15T20:04:08Z] MOVE rollback src=1 dst=2 idx=251
[2026-05-15T20:04:08Z] ADD failed pe=2 mac=02:aa:00:00:01:aa
[2026-05-15T20:04:09Z] MOVE rollback src=1 dst=2 idx=426
[2026-05-15T20:04:09Z] ADD failed pe=2 mac=02:aa:00:00:00:c1
[2026-05-15T20:04:09Z] MOVE rollback src=1 dst=2 idx=193
[2026-05-15T20:04:09Z] ADD failed pe=2 mac=02:aa:00:00:00:4d
[2026-05-15T20:04:09Z] MOVE rollback src=1 dst=2 idx=77
[2026-05-15T20:04:09Z] ADD failed pe=2 mac=02:aa:00:00:01:af
[2026-05-15T20:04:09Z] MOVE rollback src=1 dst=2 idx=431
[2026-05-15T20:04:09Z] ADD failed pe=2 mac=02:aa:00:00:00:64
[2026-05-15T20:04:09Z] MOVE rollback src=1 dst=2 idx=100
[2026-05-15T20:04:10Z] ADD failed pe=2 mac=02:aa:00:00:00:de
[2026-05-15T20:04:10Z] MOVE rollback src=1 dst=2 idx=222
[2026-05-15T20:04:10Z] ADD failed pe=2 mac=02:aa:00:00:01:2d
[2026-05-15T20:04:10Z] MOVE rollback src=1 dst=2 idx=301
[2026-05-15T20:04:10Z] ADD failed pe=2 mac=02:aa:00:00:00:6d
[2026-05-15T20:04:10Z] MOVE rollback src=1 dst=2 idx=109
[2026-05-15T20:04:10Z] ADD failed pe=2 mac=02:aa:00:00:00:dd
[2026-05-15T20:04:10Z] MOVE rollback src=1 dst=2 idx=221
[2026-05-15T20:04:11Z] ADD failed pe=2 mac=02:aa:00:00:00:c2
[2026-05-15T20:04:11Z] MOVE rollback src=1 dst=2 idx=194
[2026-05-15T20:04:11Z] ADD failed pe=2 mac=02:aa:00:00:01:90
[2026-05-15T20:04:11Z] MOVE rollback src=1 dst=2 idx=400
[2026-05-15T20:04:11Z] ADD failed pe=2 mac=02:aa:00:00:01:ef
[2026-05-15T20:04:11Z] MOVE rollback src=1 dst=2 idx=495
[2026-05-15T20:04:11Z] ADD failed pe=2 mac=02:aa:00:00:00:e6
[2026-05-15T20:04:11Z] MOVE rollback src=1 dst=2 idx=230
[2026-05-15T20:04:11Z] ADD failed pe=2 mac=02:aa:00:00:00:50
[2026-05-15T20:04:12Z] MOVE rollback src=1 dst=2 idx=80
[2026-05-15T20:04:12Z] ADD failed pe=2 mac=02:aa:00:00:00:5c
[2026-05-15T20:04:12Z] MOVE rollback src=1 dst=2 idx=92
[2026-05-15T20:04:12Z] ADD failed pe=2 mac=02:aa:00:00:01:5c
[2026-05-15T20:04:12Z] MOVE rollback src=1 dst=2 idx=348
[2026-05-15T20:04:12Z] ADD failed pe=2 mac=02:aa:00:00:00:8b
[2026-05-15T20:04:12Z] MOVE rollback src=1 dst=2 idx=139
[2026-05-15T20:04:12Z] ADD failed pe=2 mac=02:aa:00:00:01:f1
[2026-05-15T20:04:12Z] MOVE rollback src=1 dst=2 idx=497
[2026-05-15T20:04:13Z] ADD failed pe=2 mac=02:aa:00:00:00:36
[2026-05-15T20:04:13Z] MOVE rollback src=1 dst=2 idx=54
[2026-05-15T20:04:13Z] ADD failed pe=2 mac=02:aa:00:00:01:d4
[2026-05-15T20:04:13Z] MOVE rollback src=1 dst=2 idx=468
[2026-05-15T20:04:13Z] ADD failed pe=2 mac=02:aa:00:00:01:15
[2026-05-15T20:04:13Z] MOVE rollback src=1 dst=2 idx=277
[2026-05-15T20:04:13Z] ADD failed pe=2 mac=02:aa:00:00:00:da
[2026-05-15T20:04:13Z] MOVE rollback src=1 dst=2 idx=218
[2026-05-15T20:04:14Z] ADD failed pe=2 mac=02:aa:00:00:00:b9
[2026-05-15T20:04:14Z] MOVE rollback src=1 dst=2 idx=185
[2026-05-15T20:04:14Z] ADD failed pe=2 mac=02:aa:00:00:00:45
[2026-05-15T20:04:14Z] MOVE rollback src=1 dst=2 idx=69
[2026-05-15T20:04:14Z] ADD failed pe=2 mac=02:aa:00:00:01:b3
[2026-05-15T20:04:14Z] MOVE rollback src=1 dst=2 idx=435
[2026-05-15T20:04:14Z] ADD failed pe=2 mac=02:aa:00:00:00:d9
[2026-05-15T20:04:14Z] MOVE rollback src=1 dst=2 idx=217
[2026-05-15T20:04:14Z] ADD failed pe=2 mac=02:aa:00:00:00:61
[2026-05-15T20:04:14Z] MOVE rollback src=1 dst=2 idx=97
[2026-05-15T20:04:15Z] ADD failed pe=2 mac=02:aa:00:00:01:8e
[2026-05-15T20:04:15Z] MOVE rollback src=1 dst=2 idx=398
[2026-05-15T20:04:15Z] ADD failed pe=2 mac=02:aa:00:00:01:97
[2026-05-15T20:04:15Z] MOVE rollback src=1 dst=2 idx=407
[2026-05-15T20:04:15Z] ADD failed pe=2 mac=02:aa:00:00:01:9b
[2026-05-15T20:04:15Z] MOVE rollback src=1 dst=2 idx=411
[2026-05-15T20:04:15Z] ADD failed pe=2 mac=02:aa:00:00:00:44
[2026-05-15T20:04:15Z] MOVE rollback src=1 dst=2 idx=68
[2026-05-15T20:04:15Z] MOVE src=1 dst=2 moved=1 pe1_pool=248 pe2_pool=212
[2026-05-15T20:04:18Z] ADD failed pe=2 mac=02:aa:00:00:00:fd
[2026-05-15T20:04:18Z] MOVE rollback src=1 dst=2 idx=253
[2026-05-15T20:04:18Z] ADD failed pe=2 mac=02:aa:00:00:01:a0
[2026-05-15T20:04:18Z] MOVE rollback src=1 dst=2 idx=416
[2026-05-15T20:04:18Z] ADD failed pe=2 mac=02:aa:00:00:00:55
[2026-05-15T20:04:18Z] MOVE rollback src=1 dst=2 idx=85
[2026-05-15T20:04:18Z] ADD failed pe=2 mac=02:aa:00:00:01:32
[2026-05-15T20:04:18Z] MOVE rollback src=1 dst=2 idx=306
[2026-05-15T20:04:18Z] ADD failed pe=2 mac=02:aa:00:00:00:3d
[2026-05-15T20:04:19Z] MOVE rollback src=1 dst=2 idx=61
[2026-05-15T20:04:19Z] ADD failed pe=2 mac=02:aa:00:00:00:6f
[2026-05-15T20:04:19Z] MOVE rollback src=1 dst=2 idx=111
[2026-05-15T20:04:19Z] ADD failed pe=2 mac=02:aa:00:00:01:91
[2026-05-15T20:04:19Z] MOVE rollback src=1 dst=2 idx=401
[2026-05-15T20:04:19Z] ADD failed pe=2 mac=02:aa:00:00:01:df
[2026-05-15T20:04:19Z] MOVE rollback src=1 dst=2 idx=479
[2026-05-15T20:04:19Z] ADD failed pe=2 mac=02:aa:00:00:00:e4
[2026-05-15T20:04:19Z] MOVE rollback src=1 dst=2 idx=228
[2026-05-15T20:04:20Z] ADD failed pe=2 mac=02:aa:00:00:01:87
[2026-05-15T20:04:20Z] MOVE rollback src=1 dst=2 idx=391
[2026-05-15T20:04:20Z] ADD failed pe=2 mac=02:aa:00:00:00:bf
[2026-05-15T20:04:20Z] MOVE rollback src=1 dst=2 idx=191
[2026-05-15T20:04:20Z] ADD failed pe=2 mac=02:aa:00:00:00:aa
[2026-05-15T20:04:20Z] MOVE rollback src=1 dst=2 idx=170
[2026-05-15T20:04:20Z] ADD failed pe=2 mac=02:aa:00:00:01:dd
[2026-05-15T20:04:20Z] MOVE rollback src=1 dst=2 idx=477
[2026-05-15T20:04:21Z] ADD failed pe=2 mac=02:aa:00:00:01:c5
[2026-05-15T20:04:21Z] MOVE rollback src=1 dst=2 idx=453
[2026-05-15T20:04:21Z] ADD failed pe=2 mac=02:aa:00:00:01:81
[2026-05-15T20:04:21Z] MOVE rollback src=1 dst=2 idx=385
[2026-05-15T20:04:21Z] ADD failed pe=2 mac=02:aa:00:00:01:bd
[2026-05-15T20:04:21Z] MOVE rollback src=1 dst=2 idx=445
[2026-05-15T20:04:21Z] ADD failed pe=2 mac=02:aa:00:00:00:c9
[2026-05-15T20:04:21Z] MOVE rollback src=1 dst=2 idx=201
[2026-05-15T20:04:21Z] ADD failed pe=2 mac=02:aa:00:00:00:c1
[2026-05-15T20:04:22Z] MOVE rollback src=1 dst=2 idx=193
[2026-05-15T20:04:22Z] ADD failed pe=2 mac=02:aa:00:00:00:6a
[2026-05-15T20:04:22Z] MOVE rollback src=1 dst=2 idx=106
[2026-05-15T20:04:22Z] ADD failed pe=2 mac=02:aa:00:00:01:70
[2026-05-15T20:04:22Z] MOVE rollback src=1 dst=2 idx=368
[2026-05-15T20:04:22Z] ADD failed pe=2 mac=02:aa:00:00:00:44
[2026-05-15T20:04:22Z] MOVE rollback src=1 dst=2 idx=68
[2026-05-15T20:04:22Z] ADD failed pe=2 mac=02:aa:00:00:01:79
[2026-05-15T20:04:22Z] MOVE rollback src=1 dst=2 idx=377
[2026-05-15T20:04:23Z] ADD failed pe=2 mac=02:aa:00:00:00:0b
[2026-05-15T20:04:23Z] MOVE rollback src=1 dst=2 idx=11
[2026-05-15T20:04:23Z] ADD failed pe=2 mac=02:aa:00:00:00:ca
[2026-05-15T20:04:23Z] MOVE rollback src=1 dst=2 idx=202
[2026-05-15T20:04:23Z] ADD failed pe=2 mac=02:aa:00:00:00:db
[2026-05-15T20:04:23Z] MOVE rollback src=1 dst=2 idx=219
[2026-05-15T20:04:23Z] ADD failed pe=2 mac=02:aa:00:00:01:4b
[2026-05-15T20:04:23Z] MOVE rollback src=1 dst=2 idx=331
[2026-05-15T20:04:24Z] ADD failed pe=2 mac=02:aa:00:00:00:da
[2026-05-15T20:04:24Z] MOVE rollback src=1 dst=2 idx=218
[2026-05-15T20:04:24Z] ADD failed pe=2 mac=02:aa:00:00:00:5b
[2026-05-15T20:04:24Z] MOVE rollback src=1 dst=2 idx=91
[2026-05-15T20:04:24Z] ADD failed pe=2 mac=02:aa:00:00:01:d4
[2026-05-15T20:04:24Z] MOVE rollback src=1 dst=2 idx=468
[2026-05-15T20:04:24Z] ADD failed pe=2 mac=02:aa:00:00:00:27
[2026-05-15T20:04:24Z] MOVE rollback src=1 dst=2 idx=39
[2026-05-15T20:04:24Z] ADD failed pe=2 mac=02:aa:00:00:00:48
[2026-05-15T20:04:25Z] MOVE rollback src=1 dst=2 idx=72
[2026-05-15T20:04:25Z] ADD failed pe=2 mac=02:aa:00:00:01:d6
[2026-05-15T20:04:25Z] MOVE rollback src=1 dst=2 idx=470
[2026-05-15T20:04:25Z] ADD failed pe=2 mac=02:aa:00:00:01:ba
[2026-05-15T20:04:25Z] MOVE rollback src=1 dst=2 idx=442
[2026-05-15T20:04:25Z] ADD failed pe=2 mac=02:aa:00:00:01:26
[2026-05-15T20:04:25Z] MOVE rollback src=1 dst=2 idx=294
[2026-05-15T20:04:25Z] ADD failed pe=2 mac=02:aa:00:00:00:d3
[2026-05-15T20:04:25Z] MOVE rollback src=1 dst=2 idx=211
[2026-05-15T20:04:26Z] ADD failed pe=2 mac=02:aa:00:00:01:08
[2026-05-15T20:04:26Z] MOVE rollback src=1 dst=2 idx=264
[2026-05-15T20:04:26Z] ADD failed pe=2 mac=02:aa:00:00:01:f7
[2026-05-15T20:04:26Z] MOVE rollback src=1 dst=2 idx=503
[2026-05-15T20:04:26Z] ADD failed pe=2 mac=02:aa:00:00:00:08
[2026-05-15T20:04:26Z] MOVE rollback src=1 dst=2 idx=8
[2026-05-15T20:04:26Z] ADD failed pe=2 mac=02:aa:00:00:00:f7
[2026-05-15T20:04:27Z] MOVE rollback src=1 dst=2 idx=247
[2026-05-15T20:04:27Z] ADD failed pe=2 mac=02:aa:00:00:00:a9
[2026-05-15T20:04:27Z] MOVE rollback src=1 dst=2 idx=169
[2026-05-15T20:04:27Z] ADD failed pe=2 mac=02:aa:00:00:01:1a
[2026-05-15T20:04:27Z] MOVE rollback src=1 dst=2 idx=282
[2026-05-15T20:04:27Z] ADD failed pe=2 mac=02:aa:00:00:01:49
[2026-05-15T20:04:27Z] MOVE rollback src=1 dst=2 idx=329
[2026-05-15T20:04:27Z] ADD failed pe=2 mac=02:aa:00:00:00:c2
[2026-05-15T20:04:27Z] MOVE rollback src=1 dst=2 idx=194
[2026-05-15T20:04:28Z] ADD failed pe=2 mac=02:aa:00:00:00:89
[2026-05-15T20:04:28Z] MOVE rollback src=1 dst=2 idx=137
[2026-05-15T20:04:28Z] ADD failed pe=2 mac=02:aa:00:00:01:4c
[2026-05-15T20:04:28Z] MOVE rollback src=1 dst=2 idx=332
[2026-05-15T20:04:28Z] ADD failed pe=2 mac=02:aa:00:00:01:a7
[2026-05-15T20:04:28Z] MOVE rollback src=1 dst=2 idx=423
[2026-05-15T20:04:28Z] ADD failed pe=2 mac=02:aa:00:00:01:6c
[2026-05-15T20:04:28Z] MOVE rollback src=1 dst=2 idx=364
[2026-05-15T20:04:29Z] ADD failed pe=2 mac=02:aa:00:00:00:73
[2026-05-15T20:04:29Z] MOVE rollback src=1 dst=2 idx=115
[2026-05-15T20:04:29Z] ADD failed pe=2 mac=02:aa:00:00:01:36
[2026-05-15T20:04:29Z] MOVE rollback src=1 dst=2 idx=310
[2026-05-15T20:04:29Z] MOVE src=1 dst=2 moved=1 pe1_pool=247 pe2_pool=213
[2026-05-15T20:04:34Z] ADD pe=2 added=50 pool=263
[2026-05-15T20:04:37Z] ADD pe=1 added=2 pool=249
[2026-05-15T20:04:39Z] ADD pe=1 added=0 pool=249
[2026-05-15T20:04:41Z] ADD pe=1 added=0 pool=249
[2026-05-15T20:04:43Z] ADD pe=1 added=0 pool=249
[2026-05-15T20:04:45Z] ADD pe=1 added=0 pool=249
[2026-05-15T20:04:47Z] ADD failed pe=1 mac=02:aa:00:00:00:54
[2026-05-15T20:04:47Z] MOVE rollback src=2 dst=1 idx=84
[2026-05-15T20:04:47Z] ADD failed pe=1 mac=02:aa:00:00:01:6b
[2026-05-15T20:04:47Z] MOVE rollback src=2 dst=1 idx=363
[2026-05-15T20:04:48Z] ADD failed pe=1 mac=02:aa:00:00:01:ec
[2026-05-15T20:04:48Z] MOVE rollback src=2 dst=1 idx=492
[2026-05-15T20:04:48Z] ADD failed pe=1 mac=02:aa:00:00:00:84
[2026-05-15T20:04:48Z] MOVE rollback src=2 dst=1 idx=132
[2026-05-15T20:04:48Z] ADD failed pe=1 mac=02:aa:00:00:01:19
[2026-05-15T20:04:49Z] MOVE rollback src=2 dst=1 idx=281
[2026-05-15T20:04:49Z] ADD failed pe=1 mac=02:aa:00:00:01:d5
[2026-05-15T20:04:49Z] MOVE rollback src=2 dst=1 idx=469
[2026-05-15T20:04:49Z] ADD failed pe=1 mac=02:aa:00:00:01:2a
[2026-05-15T20:04:49Z] MOVE rollback src=2 dst=1 idx=298
[2026-05-15T20:04:50Z] ADD failed pe=1 mac=02:aa:00:00:01:3b
[2026-05-15T20:04:50Z] MOVE rollback src=2 dst=1 idx=315
[2026-05-15T20:04:50Z] ADD failed pe=1 mac=02:aa:00:00:00:77
[2026-05-15T20:04:50Z] MOVE rollback src=2 dst=1 idx=119
[2026-05-15T20:04:51Z] ADD failed pe=1 mac=02:aa:00:00:01:4f
[2026-05-15T20:04:51Z] MOVE rollback src=2 dst=1 idx=335
[2026-05-15T20:04:51Z] ADD failed pe=1 mac=02:aa:00:00:01:cd
[2026-05-15T20:04:51Z] MOVE rollback src=2 dst=1 idx=461
[2026-05-15T20:04:51Z] ADD failed pe=1 mac=02:aa:00:00:00:9f
[2026-05-15T20:04:51Z] MOVE rollback src=2 dst=1 idx=159
[2026-05-15T20:04:51Z] ADD failed pe=1 mac=02:aa:00:00:01:f8
[2026-05-15T20:04:51Z] MOVE rollback src=2 dst=1 idx=504
[2026-05-15T20:04:52Z] ADD failed pe=1 mac=02:aa:00:00:01:37
[2026-05-15T20:04:52Z] MOVE rollback src=2 dst=1 idx=311
[2026-05-15T20:04:52Z] ADD failed pe=1 mac=02:aa:00:00:00:b8
[2026-05-15T20:04:52Z] MOVE rollback src=2 dst=1 idx=184
[2026-05-15T20:04:52Z] ADD failed pe=1 mac=02:aa:00:00:01:42
[2026-05-15T20:04:53Z] MOVE rollback src=2 dst=1 idx=322
[2026-05-15T20:04:53Z] ADD failed pe=1 mac=02:aa:00:00:01:6d
[2026-05-15T20:04:53Z] MOVE rollback src=2 dst=1 idx=365
[2026-05-15T20:04:53Z] ADD failed pe=1 mac=02:aa:00:00:00:01
[2026-05-15T20:04:53Z] MOVE rollback src=2 dst=1 idx=1
[2026-05-15T20:04:53Z] ADD failed pe=1 mac=02:aa:00:00:00:2e
[2026-05-15T20:04:53Z] MOVE rollback src=2 dst=1 idx=46
[2026-05-15T20:04:53Z] ADD failed pe=1 mac=02:aa:00:00:01:2b
[2026-05-15T20:04:54Z] MOVE rollback src=2 dst=1 idx=299
[2026-05-15T20:04:54Z] ADD failed pe=1 mac=02:aa:00:00:00:f2
[2026-05-15T20:04:54Z] MOVE rollback src=2 dst=1 idx=242
[2026-05-15T20:04:54Z] ADD failed pe=1 mac=02:aa:00:00:01:77
[2026-05-15T20:04:54Z] MOVE rollback src=2 dst=1 idx=375
[2026-05-15T20:04:54Z] ADD failed pe=1 mac=02:aa:00:00:00:11
[2026-05-15T20:04:55Z] MOVE rollback src=2 dst=1 idx=17
[2026-05-15T20:04:55Z] ADD failed pe=1 mac=02:aa:00:00:00:e2
[2026-05-15T20:04:55Z] MOVE rollback src=2 dst=1 idx=226
[2026-05-15T20:04:55Z] ADD failed pe=1 mac=02:aa:00:00:00:53
[2026-05-15T20:04:55Z] MOVE rollback src=2 dst=1 idx=83
[2026-05-15T20:04:55Z] ADD failed pe=1 mac=02:aa:00:00:00:c4
[2026-05-15T20:04:55Z] MOVE rollback src=2 dst=1 idx=196
[2026-05-15T20:04:55Z] ADD failed pe=1 mac=02:aa:00:00:01:0b
[2026-05-15T20:04:55Z] MOVE rollback src=2 dst=1 idx=267
[2026-05-15T20:04:56Z] ADD failed pe=1 mac=02:aa:00:00:01:55
[2026-05-15T20:04:56Z] MOVE rollback src=2 dst=1 idx=341
[2026-05-15T20:04:56Z] ADD failed pe=1 mac=02:aa:00:00:00:fc
[2026-05-15T20:04:56Z] MOVE rollback src=2 dst=1 idx=252
[2026-05-15T20:04:56Z] ADD failed pe=1 mac=02:aa:00:00:00:24
[2026-05-15T20:04:56Z] MOVE rollback src=2 dst=1 idx=36
[2026-05-15T20:04:57Z] ADD failed pe=1 mac=02:aa:00:00:00:87
[2026-05-15T20:04:57Z] MOVE rollback src=2 dst=1 idx=135
[2026-05-15T20:04:57Z] ADD failed pe=1 mac=02:aa:00:00:00:51
[2026-05-15T20:04:57Z] MOVE rollback src=2 dst=1 idx=81
[2026-05-15T20:04:57Z] ADD failed pe=1 mac=02:aa:00:00:01:ee
[2026-05-15T20:04:57Z] MOVE rollback src=2 dst=1 idx=494
[2026-05-15T20:04:57Z] MOVE src=2 dst=1 moved=17 pe1_pool=266 pe2_pool=246
[2026-05-15T20:04:59Z] ADD pe=2 added=0 pool=246
[2026-05-15T20:05:01Z] ADD pe=2 added=0 pool=246
[2026-05-15T20:05:03Z] ADD failed pe=2 mac=02:aa:00:00:00:96
[2026-05-15T20:05:03Z] MOVE rollback src=1 dst=2 idx=150
[2026-05-15T20:05:04Z] ADD failed pe=2 mac=02:aa:00:00:01:1a
[2026-05-15T20:05:04Z] MOVE rollback src=1 dst=2 idx=282
[2026-05-15T20:05:04Z] ADD failed pe=2 mac=02:aa:00:00:01:8f
[2026-05-15T20:05:04Z] MOVE rollback src=1 dst=2 idx=399
[2026-05-15T20:05:04Z] ADD failed pe=2 mac=02:aa:00:00:00:1b
[2026-05-15T20:05:04Z] MOVE rollback src=1 dst=2 idx=27
[2026-05-15T20:05:04Z] ADD failed pe=2 mac=02:aa:00:00:00:cf
[2026-05-15T20:05:04Z] MOVE rollback src=1 dst=2 idx=207
[2026-05-15T20:05:05Z] ADD failed pe=2 mac=02:aa:00:00:00:6f
[2026-05-15T20:05:05Z] MOVE rollback src=1 dst=2 idx=111
[2026-05-15T20:05:05Z] ADD failed pe=2 mac=02:aa:00:00:00:38
[2026-05-15T20:05:05Z] MOVE rollback src=1 dst=2 idx=56
[2026-05-15T20:05:05Z] ADD failed pe=2 mac=02:aa:00:00:01:dc
[2026-05-15T20:05:05Z] MOVE rollback src=1 dst=2 idx=476
[2026-05-15T20:05:05Z] ADD failed pe=2 mac=02:aa:00:00:00:1e
[2026-05-15T20:05:05Z] MOVE rollback src=1 dst=2 idx=30
[2026-05-15T20:05:05Z] ADD failed pe=2 mac=02:aa:00:00:00:3f
[2026-05-15T20:05:05Z] MOVE rollback src=1 dst=2 idx=63
[2026-05-15T20:05:06Z] ADD failed pe=2 mac=02:aa:00:00:01:18
[2026-05-15T20:05:06Z] MOVE rollback src=1 dst=2 idx=280
[2026-05-15T20:05:06Z] ADD failed pe=2 mac=02:aa:00:00:00:07
[2026-05-15T20:05:06Z] MOVE rollback src=1 dst=2 idx=7
[2026-05-15T20:05:06Z] ADD failed pe=2 mac=02:aa:00:00:01:24
[2026-05-15T20:05:06Z] MOVE rollback src=1 dst=2 idx=292
[2026-05-15T20:05:06Z] ADD failed pe=2 mac=02:aa:00:00:01:87
[2026-05-15T20:05:06Z] MOVE rollback src=1 dst=2 idx=391
[2026-05-15T20:05:06Z] ADD failed pe=2 mac=02:aa:00:00:00:da
[2026-05-15T20:05:07Z] MOVE rollback src=1 dst=2 idx=218
[2026-05-15T20:05:07Z] ADD failed pe=2 mac=02:aa:00:00:00:89
[2026-05-15T20:05:07Z] MOVE rollback src=1 dst=2 idx=137
[2026-05-15T20:05:07Z] ADD failed pe=2 mac=02:aa:00:00:00:de
[2026-05-15T20:05:07Z] MOVE rollback src=1 dst=2 idx=222
[2026-05-15T20:05:07Z] ADD failed pe=2 mac=02:aa:00:00:00:78
[2026-05-15T20:05:07Z] MOVE rollback src=1 dst=2 idx=120
[2026-05-15T20:05:07Z] ADD failed pe=2 mac=02:aa:00:00:01:62
[2026-05-15T20:05:07Z] MOVE rollback src=1 dst=2 idx=354
[2026-05-15T20:05:08Z] ADD failed pe=2 mac=02:aa:00:00:00:dd
[2026-05-15T20:05:08Z] MOVE rollback src=1 dst=2 idx=221
[2026-05-15T20:05:08Z] ADD failed pe=2 mac=02:aa:00:00:00:4b
[2026-05-15T20:05:08Z] MOVE rollback src=1 dst=2 idx=75
[2026-05-15T20:05:08Z] ADD failed pe=2 mac=02:aa:00:00:00:cd
[2026-05-15T20:05:08Z] MOVE rollback src=1 dst=2 idx=205
[2026-05-15T20:05:08Z] ADD failed pe=2 mac=02:aa:00:00:01:81
[2026-05-15T20:05:08Z] MOVE rollback src=1 dst=2 idx=385
[2026-05-15T20:05:09Z] ADD failed pe=2 mac=02:aa:00:00:01:63
[2026-05-15T20:05:09Z] MOVE rollback src=1 dst=2 idx=355
[2026-05-15T20:05:09Z] ADD failed pe=2 mac=02:aa:00:00:00:fb
[2026-05-15T20:05:09Z] MOVE rollback src=1 dst=2 idx=251
[2026-05-15T20:05:09Z] ADD failed pe=2 mac=02:aa:00:00:00:d7
[2026-05-15T20:05:09Z] MOVE rollback src=1 dst=2 idx=215
[2026-05-15T20:05:09Z] ADD failed pe=2 mac=02:aa:00:00:00:f7
[2026-05-15T20:05:09Z] MOVE rollback src=1 dst=2 idx=247
[2026-05-15T20:05:09Z] ADD failed pe=2 mac=02:aa:00:00:01:a7
[2026-05-15T20:05:10Z] MOVE rollback src=1 dst=2 idx=423
[2026-05-15T20:05:10Z] ADD failed pe=2 mac=02:aa:00:00:00:88
[2026-05-15T20:05:10Z] MOVE rollback src=1 dst=2 idx=136
[2026-05-15T20:05:10Z] ADD failed pe=2 mac=02:aa:00:00:00:76
[2026-05-15T20:05:10Z] MOVE rollback src=1 dst=2 idx=118
[2026-05-15T20:05:10Z] ADD failed pe=2 mac=02:aa:00:00:01:f7
[2026-05-15T20:05:10Z] MOVE rollback src=1 dst=2 idx=503
[2026-05-15T20:05:10Z] ADD failed pe=2 mac=02:aa:00:00:00:8b
[2026-05-15T20:05:10Z] MOVE rollback src=1 dst=2 idx=139
[2026-05-15T20:05:11Z] ADD failed pe=2 mac=02:aa:00:00:01:32
[2026-05-15T20:05:11Z] MOVE rollback src=1 dst=2 idx=306
[2026-05-15T20:05:11Z] ADD failed pe=2 mac=02:aa:00:00:01:45
[2026-05-15T20:05:11Z] MOVE rollback src=1 dst=2 idx=325
[2026-05-15T20:05:11Z] ADD failed pe=2 mac=02:aa:00:00:00:8e
[2026-05-15T20:05:11Z] MOVE rollback src=1 dst=2 idx=142
[2026-05-15T20:05:11Z] ADD failed pe=2 mac=02:aa:00:00:00:b7
[2026-05-15T20:05:11Z] MOVE rollback src=1 dst=2 idx=183
[2026-05-15T20:05:11Z] ADD failed pe=2 mac=02:aa:00:00:00:ad
[2026-05-15T20:05:12Z] MOVE rollback src=1 dst=2 idx=173
[2026-05-15T20:05:12Z] ADD failed pe=2 mac=02:aa:00:00:01:ba
[2026-05-15T20:05:12Z] MOVE rollback src=1 dst=2 idx=442
[2026-05-15T20:05:12Z] ADD failed pe=2 mac=02:aa:00:00:00:43
[2026-05-15T20:05:12Z] MOVE rollback src=1 dst=2 idx=67
[2026-05-15T20:05:12Z] ADD failed pe=2 mac=02:aa:00:00:01:11
[2026-05-15T20:05:12Z] MOVE rollback src=1 dst=2 idx=273
[2026-05-15T20:05:12Z] ADD failed pe=2 mac=02:aa:00:00:00:b9
[2026-05-15T20:05:12Z] MOVE rollback src=1 dst=2 idx=185
[2026-05-15T20:05:13Z] ADD failed pe=2 mac=02:aa:00:00:00:4c
[2026-05-15T20:05:13Z] MOVE rollback src=1 dst=2 idx=76
[2026-05-15T20:05:13Z] ADD failed pe=2 mac=02:aa:00:00:00:42
[2026-05-15T20:05:13Z] MOVE rollback src=1 dst=2 idx=66
[2026-05-15T20:05:13Z] ADD failed pe=2 mac=02:aa:00:00:01:cc
[2026-05-15T20:05:13Z] MOVE rollback src=1 dst=2 idx=460
[2026-05-15T20:05:13Z] ADD failed pe=2 mac=02:aa:00:00:00:91
[2026-05-15T20:05:13Z] MOVE rollback src=1 dst=2 idx=145
[2026-05-15T20:05:14Z] ADD failed pe=2 mac=02:aa:00:00:00:73
[2026-05-15T20:05:14Z] MOVE rollback src=1 dst=2 idx=115
[2026-05-15T20:05:14Z] ADD failed pe=2 mac=02:aa:00:00:01:98
[2026-05-15T20:05:14Z] MOVE rollback src=1 dst=2 idx=408
[2026-05-15T20:05:14Z] ADD failed pe=2 mac=02:aa:00:00:00:fd
[2026-05-15T20:05:14Z] MOVE rollback src=1 dst=2 idx=253
[2026-05-15T20:05:14Z] ADD failed pe=2 mac=02:aa:00:00:00:79
[2026-05-15T20:05:14Z] MOVE rollback src=1 dst=2 idx=121
[2026-05-15T20:05:14Z] ADD failed pe=2 mac=02:aa:00:00:00:e9
[2026-05-15T20:05:15Z] MOVE rollback src=1 dst=2 idx=233
[2026-05-15T20:05:15Z] MOVE src=1 dst=2 moved=0 pe1_pool=266 pe2_pool=246
[2026-05-15T20:05:20Z] DEL pe=1 removed=50 pool=216
[2026-05-15T20:05:26Z] ADD pe=1 added=49 pool=265
[2026-05-15T20:05:29Z] ADD failed pe=2 mac=02:aa:00:00:00:9a
[2026-05-15T20:05:29Z] MOVE rollback src=1 dst=2 idx=154
[2026-05-15T20:05:29Z] ADD failed pe=2 mac=02:aa:00:00:01:17
[2026-05-15T20:05:29Z] MOVE rollback src=1 dst=2 idx=279
[2026-05-15T20:05:29Z] ADD failed pe=2 mac=02:aa:00:00:01:dc
[2026-05-15T20:05:29Z] MOVE rollback src=1 dst=2 idx=476
[2026-05-15T20:05:29Z] ADD failed pe=2 mac=02:aa:00:00:00:20
[2026-05-15T20:05:30Z] MOVE rollback src=1 dst=2 idx=32
[2026-05-15T20:05:30Z] ADD failed pe=2 mac=02:aa:00:00:01:63
[2026-05-15T20:05:30Z] MOVE rollback src=1 dst=2 idx=355
[2026-05-15T20:05:30Z] ADD failed pe=2 mac=02:aa:00:00:01:03
[2026-05-15T20:05:30Z] MOVE rollback src=1 dst=2 idx=259
[2026-05-15T20:05:30Z] ADD failed pe=2 mac=02:aa:00:00:00:65
[2026-05-15T20:05:30Z] MOVE rollback src=1 dst=2 idx=101
[2026-05-15T20:05:30Z] ADD failed pe=2 mac=02:aa:00:00:01:59
[2026-05-15T20:05:30Z] MOVE rollback src=1 dst=2 idx=345
[2026-05-15T20:05:31Z] ADD failed pe=2 mac=02:aa:00:00:00:79
[2026-05-15T20:05:31Z] MOVE rollback src=1 dst=2 idx=121
[2026-05-15T20:05:31Z] ADD failed pe=2 mac=02:aa:00:00:01:33
[2026-05-15T20:05:31Z] MOVE rollback src=1 dst=2 idx=307
[2026-05-15T20:05:31Z] ADD failed pe=2 mac=02:aa:00:00:00:c2
[2026-05-15T20:05:31Z] MOVE rollback src=1 dst=2 idx=194
[2026-05-15T20:05:31Z] ADD failed pe=2 mac=02:aa:00:00:00:93
[2026-05-15T20:05:31Z] MOVE rollback src=1 dst=2 idx=147
[2026-05-15T20:05:32Z] ADD failed pe=2 mac=02:aa:00:00:01:05
[2026-05-15T20:05:32Z] MOVE rollback src=1 dst=2 idx=261
[2026-05-15T20:05:32Z] ADD failed pe=2 mac=02:aa:00:00:00:71
[2026-05-15T20:05:32Z] MOVE rollback src=1 dst=2 idx=113
[2026-05-15T20:05:32Z] ADD failed pe=2 mac=02:aa:00:00:00:8f
[2026-05-15T20:05:32Z] MOVE rollback src=1 dst=2 idx=143
[2026-05-15T20:05:32Z] ADD failed pe=2 mac=02:aa:00:00:01:3e
[2026-05-15T20:05:32Z] MOVE rollback src=1 dst=2 idx=318
[2026-05-15T20:05:32Z] ADD failed pe=2 mac=02:aa:00:00:00:43
[2026-05-15T20:05:33Z] MOVE rollback src=1 dst=2 idx=67
[2026-05-15T20:05:33Z] ADD failed pe=2 mac=02:aa:00:00:01:d4
[2026-05-15T20:05:33Z] MOVE rollback src=1 dst=2 idx=468
[2026-05-15T20:05:33Z] ADD failed pe=2 mac=02:aa:00:00:01:24
[2026-05-15T20:05:33Z] MOVE rollback src=1 dst=2 idx=292
[2026-05-15T20:05:33Z] ADD failed pe=2 mac=02:aa:00:00:01:41
[2026-05-15T20:05:33Z] MOVE rollback src=1 dst=2 idx=321
[2026-05-15T20:05:33Z] ADD failed pe=2 mac=02:aa:00:00:01:6f
[2026-05-15T20:05:33Z] MOVE rollback src=1 dst=2 idx=367
[2026-05-15T20:05:34Z] ADD failed pe=2 mac=02:aa:00:00:01:e2
[2026-05-15T20:05:34Z] MOVE rollback src=1 dst=2 idx=482
[2026-05-15T20:05:34Z] ADD failed pe=2 mac=02:aa:00:00:00:bf
[2026-05-15T20:05:34Z] MOVE rollback src=1 dst=2 idx=191
[2026-05-15T20:05:34Z] ADD failed pe=2 mac=02:aa:00:00:01:14
[2026-05-15T20:05:34Z] MOVE rollback src=1 dst=2 idx=276
[2026-05-15T20:05:34Z] ADD failed pe=2 mac=02:aa:00:00:01:e6
[2026-05-15T20:05:34Z] MOVE rollback src=1 dst=2 idx=486
[2026-05-15T20:05:35Z] ADD failed pe=2 mac=02:aa:00:00:01:26
[2026-05-15T20:05:35Z] MOVE rollback src=1 dst=2 idx=294
[2026-05-15T20:05:35Z] ADD failed pe=2 mac=02:aa:00:00:00:9d
[2026-05-15T20:05:35Z] MOVE rollback src=1 dst=2 idx=157
[2026-05-15T20:05:35Z] ADD failed pe=2 mac=02:aa:00:00:00:29
[2026-05-15T20:05:35Z] MOVE rollback src=1 dst=2 idx=41
[2026-05-15T20:05:35Z] ADD failed pe=2 mac=02:aa:00:00:01:4c
[2026-05-15T20:05:35Z] MOVE rollback src=1 dst=2 idx=332
[2026-05-15T20:05:35Z] ADD failed pe=2 mac=02:aa:00:00:00:97
[2026-05-15T20:05:36Z] MOVE rollback src=1 dst=2 idx=151
[2026-05-15T20:05:36Z] ADD failed pe=2 mac=02:aa:00:00:00:db
[2026-05-15T20:05:36Z] MOVE rollback src=1 dst=2 idx=219
[2026-05-15T20:05:36Z] ADD failed pe=2 mac=02:aa:00:00:01:f1
[2026-05-15T20:05:36Z] MOVE rollback src=1 dst=2 idx=497
[2026-05-15T20:05:36Z] ADD failed pe=2 mac=02:aa:00:00:00:b9
[2026-05-15T20:05:36Z] MOVE rollback src=1 dst=2 idx=185
[2026-05-15T20:05:36Z] ADD failed pe=2 mac=02:aa:00:00:00:6f
[2026-05-15T20:05:36Z] MOVE rollback src=1 dst=2 idx=111
[2026-05-15T20:05:37Z] ADD failed pe=2 mac=02:aa:00:00:01:c7
[2026-05-15T20:05:37Z] MOVE rollback src=1 dst=2 idx=455
[2026-05-15T20:05:37Z] ADD failed pe=2 mac=02:aa:00:00:00:55
[2026-05-15T20:05:37Z] MOVE rollback src=1 dst=2 idx=85
[2026-05-15T20:05:37Z] ADD failed pe=2 mac=02:aa:00:00:00:fd
[2026-05-15T20:05:37Z] MOVE rollback src=1 dst=2 idx=253
[2026-05-15T20:05:37Z] ADD failed pe=2 mac=02:aa:00:00:01:c4
[2026-05-15T20:05:37Z] MOVE rollback src=1 dst=2 idx=452
[2026-05-15T20:05:38Z] ADD failed pe=2 mac=02:aa:00:00:01:2e
[2026-05-15T20:05:38Z] MOVE rollback src=1 dst=2 idx=302
[2026-05-15T20:05:38Z] ADD failed pe=2 mac=02:aa:00:00:00:03
[2026-05-15T20:05:38Z] MOVE rollback src=1 dst=2 idx=3
[2026-05-15T20:05:38Z] ADD failed pe=2 mac=02:aa:00:00:00:a4
[2026-05-15T20:05:38Z] MOVE rollback src=1 dst=2 idx=164
[2026-05-15T20:05:38Z] ADD failed pe=2 mac=02:aa:00:00:00:cf
[2026-05-15T20:05:38Z] MOVE rollback src=1 dst=2 idx=207
[2026-05-15T20:05:38Z] ADD failed pe=2 mac=02:aa:00:00:00:5b
[2026-05-15T20:05:39Z] MOVE rollback src=1 dst=2 idx=91
[2026-05-15T20:05:39Z] ADD failed pe=2 mac=02:aa:00:00:01:b3
[2026-05-15T20:05:39Z] MOVE rollback src=1 dst=2 idx=435
[2026-05-15T20:05:39Z] ADD failed pe=2 mac=02:aa:00:00:01:ba
[2026-05-15T20:05:39Z] MOVE rollback src=1 dst=2 idx=442
[2026-05-15T20:05:39Z] ADD failed pe=2 mac=02:aa:00:00:01:85
[2026-05-15T20:05:39Z] MOVE rollback src=1 dst=2 idx=389
[2026-05-15T20:05:39Z] ADD failed pe=2 mac=02:aa:00:00:00:6a
[2026-05-15T20:05:39Z] MOVE rollback src=1 dst=2 idx=106
[2026-05-15T20:05:40Z] ADD failed pe=2 mac=02:aa:00:00:00:8c
[2026-05-15T20:05:40Z] MOVE rollback src=1 dst=2 idx=140
[2026-05-15T20:05:40Z] ADD failed pe=2 mac=02:aa:00:00:01:74
[2026-05-15T20:05:40Z] MOVE rollback src=1 dst=2 idx=372
[2026-05-15T20:05:40Z] MOVE src=1 dst=2 moved=1 pe1_pool=264 pe2_pool=247
[2026-05-15T20:05:42Z] ADD pe=2 added=1 pool=248
[2026-05-15T20:05:48Z] DEL pe=1 removed=50 pool=214
[2026-05-15T20:05:50Z] ADD failed pe=1 mac=02:aa:00:00:01:8b
[2026-05-15T20:05:51Z] MOVE rollback src=2 dst=1 idx=395
[2026-05-15T20:05:51Z] ADD failed pe=1 mac=02:aa:00:00:00:11
[2026-05-15T20:05:51Z] MOVE rollback src=2 dst=1 idx=17
[2026-05-15T20:05:51Z] ADD failed pe=1 mac=02:aa:00:00:01:cd
[2026-05-15T20:05:51Z] MOVE rollback src=2 dst=1 idx=461
[2026-05-15T20:05:52Z] ADD failed pe=1 mac=02:aa:00:00:00:c0
[2026-05-15T20:05:52Z] MOVE rollback src=2 dst=1 idx=192
[2026-05-15T20:05:52Z] ADD failed pe=1 mac=02:aa:00:00:01:1e
[2026-05-15T20:05:52Z] MOVE rollback src=2 dst=1 idx=286
[2026-05-15T20:05:52Z] ADD failed pe=1 mac=02:aa:00:00:01:8c
[2026-05-15T20:05:52Z] MOVE rollback src=2 dst=1 idx=396
[2026-05-15T20:05:52Z] ADD failed pe=1 mac=02:aa:00:00:01:b7
[2026-05-15T20:05:53Z] MOVE rollback src=2 dst=1 idx=439
[2026-05-15T20:05:53Z] ADD failed pe=1 mac=02:aa:00:00:00:e5
[2026-05-15T20:05:53Z] MOVE rollback src=2 dst=1 idx=229
[2026-05-15T20:05:53Z] ADD failed pe=1 mac=02:aa:00:00:01:e0
[2026-05-15T20:05:53Z] MOVE rollback src=2 dst=1 idx=480
[2026-05-15T20:05:53Z] ADD failed pe=1 mac=02:aa:00:00:01:3b
[2026-05-15T20:05:54Z] MOVE rollback src=2 dst=1 idx=315
[2026-05-15T20:05:54Z] ADD failed pe=1 mac=02:aa:00:00:01:a3
[2026-05-15T20:05:54Z] MOVE rollback src=2 dst=1 idx=419
[2026-05-15T20:05:54Z] ADD failed pe=1 mac=02:aa:00:00:01:fe
[2026-05-15T20:05:54Z] MOVE rollback src=2 dst=1 idx=510
[2026-05-15T20:05:54Z] ADD failed pe=1 mac=02:aa:00:00:01:10
[2026-05-15T20:05:54Z] MOVE rollback src=2 dst=1 idx=272
[2026-05-15T20:05:55Z] ADD failed pe=1 mac=02:aa:00:00:01:b9
[2026-05-15T20:05:55Z] MOVE rollback src=2 dst=1 idx=441
[2026-05-15T20:05:55Z] ADD failed pe=1 mac=02:aa:00:00:01:69
[2026-05-15T20:05:55Z] MOVE rollback src=2 dst=1 idx=361
[2026-05-15T20:05:55Z] ADD failed pe=1 mac=02:aa:00:00:00:54
[2026-05-15T20:05:55Z] MOVE rollback src=2 dst=1 idx=84
[2026-05-15T20:05:55Z] ADD failed pe=1 mac=02:aa:00:00:01:be
[2026-05-15T20:05:56Z] MOVE rollback src=2 dst=1 idx=446
[2026-05-15T20:05:56Z] ADD failed pe=1 mac=02:aa:00:00:01:9f
[2026-05-15T20:05:56Z] MOVE rollback src=2 dst=1 idx=415
[2026-05-15T20:05:56Z] ADD failed pe=1 mac=02:aa:00:00:00:4f
[2026-05-15T20:05:56Z] MOVE rollback src=2 dst=1 idx=79
[2026-05-15T20:05:57Z] ADD failed pe=1 mac=02:aa:00:00:00:c5
[2026-05-15T20:05:57Z] MOVE rollback src=2 dst=1 idx=197
[2026-05-15T20:05:57Z] ADD failed pe=1 mac=02:aa:00:00:00:df
[2026-05-15T20:05:57Z] MOVE rollback src=2 dst=1 idx=223
[2026-05-15T20:05:57Z] ADD failed pe=1 mac=02:aa:00:00:00:0d
[2026-05-15T20:05:57Z] MOVE rollback src=2 dst=1 idx=13
[2026-05-15T20:05:57Z] ADD failed pe=1 mac=02:aa:00:00:00:fa
[2026-05-15T20:05:57Z] MOVE rollback src=2 dst=1 idx=250
[2026-05-15T20:05:57Z] ADD failed pe=1 mac=02:aa:00:00:01:6d
[2026-05-15T20:05:58Z] MOVE rollback src=2 dst=1 idx=365
[2026-05-15T20:05:58Z] ADD failed pe=1 mac=02:aa:00:00:01:ec
[2026-05-15T20:05:58Z] MOVE rollback src=2 dst=1 idx=492
[2026-05-15T20:05:58Z] ADD failed pe=1 mac=02:aa:00:00:00:9c
[2026-05-15T20:05:58Z] MOVE rollback src=2 dst=1 idx=156
[2026-05-15T20:05:58Z] ADD failed pe=1 mac=02:aa:00:00:01:52
[2026-05-15T20:05:58Z] MOVE rollback src=2 dst=1 idx=338
[2026-05-15T20:05:59Z] ADD failed pe=1 mac=02:aa:00:00:01:d7
[2026-05-15T20:05:59Z] MOVE rollback src=2 dst=1 idx=471
[2026-05-15T20:05:59Z] ADD failed pe=1 mac=02:aa:00:00:00:0c
[2026-05-15T20:05:59Z] MOVE rollback src=2 dst=1 idx=12
[2026-05-15T20:05:59Z] ADD failed pe=1 mac=02:aa:00:00:00:e2
[2026-05-15T20:05:59Z] MOVE rollback src=2 dst=1 idx=226
[2026-05-15T20:05:59Z] ADD failed pe=1 mac=02:aa:00:00:00:16
[2026-05-15T20:05:59Z] MOVE rollback src=2 dst=1 idx=22
[2026-05-15T20:06:00Z] ADD failed pe=1 mac=02:aa:00:00:00:b8
[2026-05-15T20:06:00Z] MOVE rollback src=2 dst=1 idx=184
[2026-05-15T20:06:00Z] ADD failed pe=1 mac=02:aa:00:00:01:77
[2026-05-15T20:06:00Z] MOVE rollback src=2 dst=1 idx=375
[2026-05-15T20:06:00Z] ADD failed pe=1 mac=02:aa:00:00:00:3a
[2026-05-15T20:06:00Z] MOVE rollback src=2 dst=1 idx=58
[2026-05-15T20:06:01Z] MOVE src=2 dst=1 moved=16 pe1_pool=230 pe2_pool=232
[2026-05-15T20:06:03Z] ADD failed pe=1 mac=02:aa:00:00:00:81
[2026-05-15T20:06:03Z] MOVE rollback src=2 dst=1 idx=129
[2026-05-15T20:06:03Z] ADD failed pe=1 mac=02:aa:00:00:00:b3
[2026-05-15T20:06:03Z] MOVE rollback src=2 dst=1 idx=179
[2026-05-15T20:06:03Z] ADD failed pe=1 mac=02:aa:00:00:00:90
[2026-05-15T20:06:04Z] MOVE rollback src=2 dst=1 idx=144
[2026-05-15T20:06:04Z] ADD failed pe=1 mac=02:aa:00:00:00:75
[2026-05-15T20:06:04Z] MOVE rollback src=2 dst=1 idx=117
[2026-05-15T20:06:04Z] ADD failed pe=1 mac=02:aa:00:00:00:a0
[2026-05-15T20:06:04Z] MOVE rollback src=2 dst=1 idx=160
[2026-05-15T20:06:04Z] ADD failed pe=1 mac=02:aa:00:00:01:4f
[2026-05-15T20:06:05Z] MOVE rollback src=2 dst=1 idx=335
[2026-05-15T20:06:05Z] ADD failed pe=1 mac=02:aa:00:00:01:ee
[2026-05-15T20:06:05Z] MOVE rollback src=2 dst=1 idx=494
[2026-05-15T20:06:05Z] ADD failed pe=1 mac=02:aa:00:00:00:fa
[2026-05-15T20:06:05Z] MOVE rollback src=2 dst=1 idx=250
[2026-05-15T20:06:05Z] ADD failed pe=1 mac=02:aa:00:00:00:87
[2026-05-15T20:06:05Z] MOVE rollback src=2 dst=1 idx=135
[2026-05-15T20:06:05Z] ADD failed pe=1 mac=02:aa:00:00:00:e5
[2026-05-15T20:06:06Z] MOVE rollback src=2 dst=1 idx=229
[2026-05-15T20:06:06Z] ADD failed pe=1 mac=02:aa:00:00:01:e0
[2026-05-15T20:06:06Z] MOVE rollback src=2 dst=1 idx=480
[2026-05-15T20:06:06Z] ADD failed pe=1 mac=02:aa:00:00:01:b0
[2026-05-15T20:06:07Z] MOVE rollback src=2 dst=1 idx=432
[2026-05-15T20:06:07Z] ADD failed pe=1 mac=02:aa:00:00:00:9b
[2026-05-15T20:06:07Z] MOVE rollback src=2 dst=1 idx=155
[2026-05-15T20:06:07Z] ADD failed pe=1 mac=02:aa:00:00:01:e5
[2026-05-15T20:06:07Z] MOVE rollback src=2 dst=1 idx=485
[2026-05-15T20:06:07Z] ADD failed pe=1 mac=02:aa:00:00:01:3c
[2026-05-15T20:06:07Z] MOVE rollback src=2 dst=1 idx=316
[2026-05-15T20:06:07Z] ADD failed pe=1 mac=02:aa:00:00:01:fa
[2026-05-15T20:06:08Z] MOVE rollback src=2 dst=1 idx=506
[2026-05-15T20:06:08Z] ADD failed pe=1 mac=02:aa:00:00:01:47
[2026-05-15T20:06:08Z] MOVE rollback src=2 dst=1 idx=327
[2026-05-15T20:06:08Z] ADD failed pe=1 mac=02:aa:00:00:01:8b
[2026-05-15T20:06:08Z] MOVE rollback src=2 dst=1 idx=395
[2026-05-15T20:06:08Z] ADD failed pe=1 mac=02:aa:00:00:00:f6
[2026-05-15T20:06:08Z] MOVE rollback src=2 dst=1 idx=246
[2026-05-15T20:06:08Z] ADD failed pe=1 mac=02:aa:00:00:01:9d
[2026-05-15T20:06:08Z] MOVE rollback src=2 dst=1 idx=413
[2026-05-15T20:06:09Z] ADD failed pe=1 mac=02:aa:00:00:01:0b
[2026-05-15T20:06:09Z] MOVE rollback src=2 dst=1 idx=267
[2026-05-15T20:06:09Z] ADD failed pe=1 mac=02:aa:00:00:00:3b
[2026-05-15T20:06:09Z] MOVE rollback src=2 dst=1 idx=59
[2026-05-15T20:06:10Z] ADD failed pe=1 mac=02:aa:00:00:00:0c
[2026-05-15T20:06:10Z] MOVE rollback src=2 dst=1 idx=12
[2026-05-15T20:06:10Z] ADD failed pe=1 mac=02:aa:00:00:00:e1
[2026-05-15T20:06:10Z] MOVE rollback src=2 dst=1 idx=225
[2026-05-15T20:06:10Z] ADD failed pe=1 mac=02:aa:00:00:01:40
[2026-05-15T20:06:10Z] MOVE rollback src=2 dst=1 idx=320
[2026-05-15T20:06:10Z] ADD failed pe=1 mac=02:aa:00:00:01:b5
[2026-05-15T20:06:10Z] MOVE rollback src=2 dst=1 idx=437
[2026-05-15T20:06:11Z] ADD failed pe=1 mac=02:aa:00:00:00:9f
[2026-05-15T20:06:11Z] MOVE rollback src=2 dst=1 idx=159
[2026-05-15T20:06:11Z] ADD failed pe=1 mac=02:aa:00:00:00:59
[2026-05-15T20:06:11Z] MOVE rollback src=2 dst=1 idx=89
[2026-05-15T20:06:11Z] ADD failed pe=1 mac=02:aa:00:00:01:73
[2026-05-15T20:06:12Z] MOVE rollback src=2 dst=1 idx=371
[2026-05-15T20:06:12Z] ADD failed pe=1 mac=02:aa:00:00:01:1f
[2026-05-15T20:06:12Z] MOVE rollback src=2 dst=1 idx=287
[2026-05-15T20:06:12Z] ADD failed pe=1 mac=02:aa:00:00:00:5f
[2026-05-15T20:06:12Z] MOVE rollback src=2 dst=1 idx=95
[2026-05-15T20:06:12Z] ADD failed pe=1 mac=02:aa:00:00:01:5d
[2026-05-15T20:06:12Z] MOVE rollback src=2 dst=1 idx=349
[2026-05-15T20:06:13Z] ADD failed pe=1 mac=02:aa:00:00:00:2d
[2026-05-15T20:06:13Z] MOVE rollback src=2 dst=1 idx=45
[2026-05-15T20:06:13Z] MOVE src=2 dst=1 moved=17 pe1_pool=247 pe2_pool=215
[2026-05-15T20:06:15Z] ADD failed pe=2 mac=02:aa:00:00:00:af
[2026-05-15T20:06:15Z] MOVE rollback src=1 dst=2 idx=175
[2026-05-15T20:06:15Z] ADD failed pe=2 mac=02:aa:00:00:00:96
[2026-05-15T20:06:15Z] MOVE rollback src=1 dst=2 idx=150
[2026-05-15T20:06:16Z] ADD failed pe=2 mac=02:aa:00:00:00:a5
[2026-05-15T20:06:16Z] MOVE rollback src=1 dst=2 idx=165
[2026-05-15T20:06:16Z] ADD failed pe=2 mac=02:aa:00:00:01:92
[2026-05-15T20:06:16Z] MOVE rollback src=1 dst=2 idx=402
[2026-05-15T20:06:16Z] ADD failed pe=2 mac=02:aa:00:00:01:3f
[2026-05-15T20:06:16Z] MOVE rollback src=1 dst=2 idx=319
[2026-05-15T20:06:16Z] ADD failed pe=2 mac=02:aa:00:00:01:de
[2026-05-15T20:06:16Z] MOVE rollback src=1 dst=2 idx=478
[2026-05-15T20:06:17Z] ADD failed pe=2 mac=02:aa:00:00:00:04
[2026-05-15T20:06:17Z] MOVE rollback src=1 dst=2 idx=4
[2026-05-15T20:06:17Z] ADD failed pe=2 mac=02:aa:00:00:01:74
[2026-05-15T20:06:17Z] MOVE rollback src=1 dst=2 idx=372
[2026-05-15T20:06:17Z] ADD failed pe=2 mac=02:aa:00:00:01:dc
[2026-05-15T20:06:17Z] MOVE rollback src=1 dst=2 idx=476
[2026-05-15T20:06:17Z] ADD failed pe=2 mac=02:aa:00:00:00:a9
[2026-05-15T20:06:17Z] MOVE rollback src=1 dst=2 idx=169
[2026-05-15T20:06:17Z] ADD failed pe=2 mac=02:aa:00:00:00:8b
[2026-05-15T20:06:18Z] MOVE rollback src=1 dst=2 idx=139
[2026-05-15T20:06:18Z] ADD failed pe=2 mac=02:aa:00:00:01:32
[2026-05-15T20:06:18Z] MOVE rollback src=1 dst=2 idx=306
[2026-05-15T20:06:18Z] ADD failed pe=2 mac=02:aa:00:00:01:38
[2026-05-15T20:06:18Z] MOVE rollback src=1 dst=2 idx=312
[2026-05-15T20:06:18Z] ADD failed pe=2 mac=02:aa:00:00:00:47
[2026-05-15T20:06:18Z] MOVE rollback src=1 dst=2 idx=71
[2026-05-15T20:06:18Z] ADD failed pe=2 mac=02:aa:00:00:00:57
[2026-05-15T20:06:18Z] MOVE rollback src=1 dst=2 idx=87
[2026-05-15T20:06:19Z] ADD failed pe=2 mac=02:aa:00:00:00:6f
[2026-05-15T20:06:19Z] MOVE rollback src=1 dst=2 idx=111
[2026-05-15T20:06:19Z] ADD failed pe=2 mac=02:aa:00:00:00:76
[2026-05-15T20:06:19Z] MOVE rollback src=1 dst=2 idx=118
[2026-05-15T20:06:19Z] ADD failed pe=2 mac=02:aa:00:00:00:67
[2026-05-15T20:06:19Z] MOVE rollback src=1 dst=2 idx=103
[2026-05-15T20:06:19Z] ADD failed pe=2 mac=02:aa:00:00:01:90
[2026-05-15T20:06:19Z] MOVE rollback src=1 dst=2 idx=400
[2026-05-15T20:06:20Z] ADD failed pe=2 mac=02:aa:00:00:00:db
[2026-05-15T20:06:20Z] MOVE rollback src=1 dst=2 idx=219
[2026-05-15T20:06:20Z] ADD failed pe=2 mac=02:aa:00:00:00:ef
[2026-05-15T20:06:20Z] MOVE rollback src=1 dst=2 idx=239
[2026-05-15T20:06:20Z] ADD failed pe=2 mac=02:aa:00:00:00:b9
[2026-05-15T20:06:20Z] MOVE rollback src=1 dst=2 idx=185
[2026-05-15T20:06:20Z] ADD failed pe=2 mac=02:aa:00:00:01:82
[2026-05-15T20:06:20Z] MOVE rollback src=1 dst=2 idx=386
[2026-05-15T20:06:21Z] ADD failed pe=2 mac=02:aa:00:00:00:d8
[2026-05-15T20:06:21Z] MOVE rollback src=1 dst=2 idx=216
[2026-05-15T20:06:21Z] ADD failed pe=2 mac=02:aa:00:00:00:e8
[2026-05-15T20:06:21Z] MOVE rollback src=1 dst=2 idx=232
[2026-05-15T20:06:21Z] ADD failed pe=2 mac=02:aa:00:00:01:ad
[2026-05-15T20:06:21Z] MOVE rollback src=1 dst=2 idx=429
[2026-05-15T20:06:21Z] ADD failed pe=2 mac=02:aa:00:00:01:ef
[2026-05-15T20:06:21Z] MOVE rollback src=1 dst=2 idx=495
[2026-05-15T20:06:21Z] ADD failed pe=2 mac=02:aa:00:00:00:92
[2026-05-15T20:06:22Z] MOVE rollback src=1 dst=2 idx=146
[2026-05-15T20:06:22Z] ADD failed pe=2 mac=02:aa:00:00:01:1b
[2026-05-15T20:06:22Z] MOVE rollback src=1 dst=2 idx=283
[2026-05-15T20:06:22Z] ADD failed pe=2 mac=02:aa:00:00:00:08
[2026-05-15T20:06:22Z] MOVE rollback src=1 dst=2 idx=8
[2026-05-15T20:06:22Z] ADD failed pe=2 mac=02:aa:00:00:00:50
[2026-05-15T20:06:22Z] MOVE rollback src=1 dst=2 idx=80
[2026-05-15T20:06:22Z] ADD failed pe=2 mac=02:aa:00:00:01:62
[2026-05-15T20:06:22Z] MOVE rollback src=1 dst=2 idx=354
[2026-05-15T20:06:23Z] ADD failed pe=2 mac=02:aa:00:00:01:4c
[2026-05-15T20:06:23Z] MOVE rollback src=1 dst=2 idx=332
[2026-05-15T20:06:23Z] ADD failed pe=2 mac=02:aa:00:00:01:c5
[2026-05-15T20:06:23Z] MOVE rollback src=1 dst=2 idx=453
[2026-05-15T20:06:23Z] ADD failed pe=2 mac=02:aa:00:00:01:e1
[2026-05-15T20:06:23Z] MOVE rollback src=1 dst=2 idx=481
[2026-05-15T20:06:23Z] ADD failed pe=2 mac=02:aa:00:00:01:b4
[2026-05-15T20:06:23Z] MOVE rollback src=1 dst=2 idx=436
[2026-05-15T20:06:23Z] ADD failed pe=2 mac=02:aa:00:00:00:ad
[2026-05-15T20:06:24Z] MOVE rollback src=1 dst=2 idx=173
[2026-05-15T20:06:24Z] ADD failed pe=2 mac=02:aa:00:00:01:7c
[2026-05-15T20:06:24Z] MOVE rollback src=1 dst=2 idx=380
[2026-05-15T20:06:24Z] ADD failed pe=2 mac=02:aa:00:00:01:43
[2026-05-15T20:06:24Z] MOVE rollback src=1 dst=2 idx=323
[2026-05-15T20:06:24Z] ADD failed pe=2 mac=02:aa:00:00:00:ae
[2026-05-15T20:06:24Z] MOVE rollback src=1 dst=2 idx=174
[2026-05-15T20:06:24Z] ADD failed pe=2 mac=02:aa:00:00:01:63
[2026-05-15T20:06:24Z] MOVE rollback src=1 dst=2 idx=355
[2026-05-15T20:06:25Z] ADD failed pe=2 mac=02:aa:00:00:00:d0
[2026-05-15T20:06:25Z] MOVE rollback src=1 dst=2 idx=208
[2026-05-15T20:06:25Z] ADD failed pe=2 mac=02:aa:00:00:00:1b
[2026-05-15T20:06:25Z] MOVE rollback src=1 dst=2 idx=27
[2026-05-15T20:06:25Z] ADD failed pe=2 mac=02:aa:00:00:01:f6
[2026-05-15T20:06:25Z] MOVE rollback src=1 dst=2 idx=502
[2026-05-15T20:06:25Z] ADD failed pe=2 mac=02:aa:00:00:00:f5
[2026-05-15T20:06:25Z] MOVE rollback src=1 dst=2 idx=245
[2026-05-15T20:06:26Z] ADD failed pe=2 mac=02:aa:00:00:00:3f
[2026-05-15T20:06:26Z] MOVE rollback src=1 dst=2 idx=63
[2026-05-15T20:06:26Z] ADD failed pe=2 mac=02:aa:00:00:01:26
[2026-05-15T20:06:26Z] MOVE rollback src=1 dst=2 idx=294
[2026-05-15T20:06:26Z] ADD failed pe=2 mac=02:aa:00:00:00:e4
[2026-05-15T20:06:26Z] MOVE rollback src=1 dst=2 idx=228
[2026-05-15T20:06:26Z] ADD failed pe=2 mac=02:aa:00:00:00:4b
[2026-05-15T20:06:26Z] MOVE rollback src=1 dst=2 idx=75
[2026-05-15T20:06:26Z] ADD failed pe=2 mac=02:aa:00:00:01:18
[2026-05-15T20:06:27Z] MOVE rollback src=1 dst=2 idx=280
[2026-05-15T20:06:27Z] MOVE src=1 dst=2 moved=0 pe1_pool=247 pe2_pool=215
[2026-05-15T20:06:29Z] ADD failed pe=2 mac=02:aa:00:00:01:33
[2026-05-15T20:06:29Z] MOVE rollback src=1 dst=2 idx=307
[2026-05-15T20:06:29Z] ADD failed pe=2 mac=02:aa:00:00:00:02
[2026-05-15T20:06:29Z] MOVE rollback src=1 dst=2 idx=2
[2026-05-15T20:06:29Z] ADD failed pe=2 mac=02:aa:00:00:00:ae
[2026-05-15T20:06:29Z] MOVE rollback src=1 dst=2 idx=174
[2026-05-15T20:06:29Z] ADD failed pe=2 mac=02:aa:00:00:01:c2
[2026-05-15T20:06:30Z] MOVE rollback src=1 dst=2 idx=450
[2026-05-15T20:06:30Z] ADD failed pe=2 mac=02:aa:00:00:01:58
[2026-05-15T20:06:30Z] MOVE rollback src=1 dst=2 idx=344
[2026-05-15T20:06:30Z] ADD failed pe=2 mac=02:aa:00:00:00:74
[2026-05-15T20:06:30Z] MOVE rollback src=1 dst=2 idx=116
[2026-05-15T20:06:30Z] ADD failed pe=2 mac=02:aa:00:00:01:81
[2026-05-15T20:06:30Z] MOVE rollback src=1 dst=2 idx=385
[2026-05-15T20:06:30Z] ADD failed pe=2 mac=02:aa:00:00:00:58
[2026-05-15T20:06:30Z] MOVE rollback src=1 dst=2 idx=88
[2026-05-15T20:06:31Z] ADD failed pe=2 mac=02:aa:00:00:00:3c
[2026-05-15T20:06:31Z] MOVE rollback src=1 dst=2 idx=60
[2026-05-15T20:06:31Z] ADD failed pe=2 mac=02:aa:00:00:01:72
[2026-05-15T20:06:31Z] MOVE rollback src=1 dst=2 idx=370
[2026-05-15T20:06:31Z] ADD failed pe=2 mac=02:aa:00:00:01:ce
[2026-05-15T20:06:31Z] MOVE rollback src=1 dst=2 idx=462
[2026-05-15T20:06:31Z] ADD failed pe=2 mac=02:aa:00:00:01:c0
[2026-05-15T20:06:31Z] MOVE rollback src=1 dst=2 idx=448
[2026-05-15T20:06:31Z] ADD failed pe=2 mac=02:aa:00:00:01:15
[2026-05-15T20:06:32Z] MOVE rollback src=1 dst=2 idx=277
[2026-05-15T20:06:32Z] ADD failed pe=2 mac=02:aa:00:00:00:31
[2026-05-15T20:06:32Z] MOVE rollback src=1 dst=2 idx=49
[2026-05-15T20:06:32Z] ADD failed pe=2 mac=02:aa:00:00:01:3a
[2026-05-15T20:06:32Z] MOVE rollback src=1 dst=2 idx=314
[2026-05-15T20:06:32Z] ADD failed pe=2 mac=02:aa:00:00:01:79
[2026-05-15T20:06:32Z] MOVE rollback src=1 dst=2 idx=377
[2026-05-15T20:06:32Z] ADD failed pe=2 mac=02:aa:00:00:00:88
[2026-05-15T20:06:32Z] MOVE rollback src=1 dst=2 idx=136
[2026-05-15T20:06:33Z] ADD failed pe=2 mac=02:aa:00:00:00:50
[2026-05-15T20:06:33Z] MOVE rollback src=1 dst=2 idx=80
[2026-05-15T20:06:33Z] ADD failed pe=2 mac=02:aa:00:00:01:87
[2026-05-15T20:06:33Z] MOVE rollback src=1 dst=2 idx=391
[2026-05-15T20:06:33Z] ADD failed pe=2 mac=02:aa:00:00:00:a7
[2026-05-15T20:06:33Z] MOVE rollback src=1 dst=2 idx=167
[2026-05-15T20:06:33Z] ADD failed pe=2 mac=02:aa:00:00:01:05
[2026-05-15T20:06:33Z] MOVE rollback src=1 dst=2 idx=261
[2026-05-15T20:06:33Z] ADD failed pe=2 mac=02:aa:00:00:00:29
[2026-05-15T20:06:34Z] MOVE rollback src=1 dst=2 idx=41
[2026-05-15T20:06:34Z] ADD failed pe=2 mac=02:aa:00:00:01:7e
[2026-05-15T20:06:34Z] MOVE rollback src=1 dst=2 idx=382
[2026-05-15T20:06:34Z] ADD failed pe=2 mac=02:aa:00:00:00:ed
[2026-05-15T20:06:34Z] MOVE rollback src=1 dst=2 idx=237
[2026-05-15T20:06:34Z] ADD failed pe=2 mac=02:aa:00:00:00:8f
[2026-05-15T20:06:34Z] MOVE rollback src=1 dst=2 idx=143
[2026-05-15T20:06:34Z] ADD failed pe=2 mac=02:aa:00:00:00:12
[2026-05-15T20:06:34Z] MOVE rollback src=1 dst=2 idx=18
[2026-05-15T20:06:35Z] ADD failed pe=2 mac=02:aa:00:00:01:9a
[2026-05-15T20:06:35Z] MOVE rollback src=1 dst=2 idx=410
[2026-05-15T20:06:35Z] ADD failed pe=2 mac=02:aa:00:00:01:7c
[2026-05-15T20:06:35Z] MOVE rollback src=1 dst=2 idx=380
[2026-05-15T20:06:35Z] ADD failed pe=2 mac=02:aa:00:00:00:db
[2026-05-15T20:06:35Z] MOVE rollback src=1 dst=2 idx=219
[2026-05-15T20:06:35Z] ADD failed pe=2 mac=02:aa:00:00:01:de
[2026-05-15T20:06:35Z] MOVE rollback src=1 dst=2 idx=478
[2026-05-15T20:06:36Z] ADD failed pe=2 mac=02:aa:00:00:01:32
[2026-05-15T20:06:36Z] MOVE rollback src=1 dst=2 idx=306
[2026-05-15T20:06:36Z] ADD failed pe=2 mac=02:aa:00:00:00:6c
[2026-05-15T20:06:36Z] MOVE rollback src=1 dst=2 idx=108
[2026-05-15T20:06:36Z] ADD failed pe=2 mac=02:aa:00:00:00:64
[2026-05-15T20:06:36Z] MOVE rollback src=1 dst=2 idx=100
[2026-05-15T20:06:36Z] ADD failed pe=2 mac=02:aa:00:00:00:f8
[2026-05-15T20:06:36Z] MOVE rollback src=1 dst=2 idx=248
[2026-05-15T20:06:37Z] ADD failed pe=2 mac=02:aa:00:00:00:c7
[2026-05-15T20:06:37Z] MOVE rollback src=1 dst=2 idx=199
[2026-05-15T20:06:37Z] ADD failed pe=2 mac=02:aa:00:00:01:27
[2026-05-15T20:06:37Z] MOVE rollback src=1 dst=2 idx=295
[2026-05-15T20:06:37Z] ADD failed pe=2 mac=02:aa:00:00:00:44
[2026-05-15T20:06:37Z] MOVE rollback src=1 dst=2 idx=68
[2026-05-15T20:06:37Z] ADD failed pe=2 mac=02:aa:00:00:00:70
[2026-05-15T20:06:37Z] MOVE rollback src=1 dst=2 idx=112
[2026-05-15T20:06:37Z] ADD failed pe=2 mac=02:aa:00:00:00:b9
[2026-05-15T20:06:38Z] MOVE rollback src=1 dst=2 idx=185
[2026-05-15T20:06:38Z] ADD failed pe=2 mac=02:aa:00:00:00:55
[2026-05-15T20:06:38Z] MOVE rollback src=1 dst=2 idx=85
[2026-05-15T20:06:38Z] ADD failed pe=2 mac=02:aa:00:00:00:5b
[2026-05-15T20:06:38Z] MOVE rollback src=1 dst=2 idx=91
[2026-05-15T20:06:38Z] ADD failed pe=2 mac=02:aa:00:00:01:06
[2026-05-15T20:06:38Z] MOVE rollback src=1 dst=2 idx=262
[2026-05-15T20:06:38Z] ADD failed pe=2 mac=02:aa:00:00:01:1b
[2026-05-15T20:06:38Z] MOVE rollback src=1 dst=2 idx=283
[2026-05-15T20:06:39Z] ADD failed pe=2 mac=02:aa:00:00:00:35
[2026-05-15T20:06:39Z] MOVE rollback src=1 dst=2 idx=53
[2026-05-15T20:06:39Z] ADD failed pe=2 mac=02:aa:00:00:00:7c
[2026-05-15T20:06:39Z] MOVE rollback src=1 dst=2 idx=124
[2026-05-15T20:06:39Z] ADD failed pe=2 mac=02:aa:00:00:00:cf
[2026-05-15T20:06:39Z] MOVE rollback src=1 dst=2 idx=207
[2026-05-15T20:06:39Z] ADD failed pe=2 mac=02:aa:00:00:00:da
[2026-05-15T20:06:39Z] MOVE rollback src=1 dst=2 idx=218
[2026-05-15T20:06:39Z] ADD failed pe=2 mac=02:aa:00:00:01:c5
[2026-05-15T20:06:40Z] MOVE rollback src=1 dst=2 idx=453
[2026-05-15T20:06:40Z] ADD failed pe=2 mac=02:aa:00:00:00:d0
[2026-05-15T20:06:40Z] MOVE rollback src=1 dst=2 idx=208
[2026-05-15T20:06:40Z] ADD failed pe=2 mac=02:aa:00:00:01:2d
[2026-05-15T20:06:40Z] MOVE rollback src=1 dst=2 idx=301
[2026-05-15T20:06:40Z] MOVE src=1 dst=2 moved=0 pe1_pool=247 pe2_pool=215
[2026-05-15T20:06:42Z] ADD failed pe=2 mac=02:aa:00:00:00:2f
[2026-05-15T20:06:42Z] MOVE rollback src=1 dst=2 idx=47
[2026-05-15T20:06:42Z] ADD failed pe=2 mac=02:aa:00:00:01:81
[2026-05-15T20:06:43Z] MOVE rollback src=1 dst=2 idx=385
[2026-05-15T20:06:43Z] ADD failed pe=2 mac=02:aa:00:00:00:fb
[2026-05-15T20:06:43Z] MOVE rollback src=1 dst=2 idx=251
[2026-05-15T20:06:43Z] ADD failed pe=2 mac=02:aa:00:00:00:c2
[2026-05-15T20:06:43Z] MOVE rollback src=1 dst=2 idx=194
[2026-05-15T20:06:43Z] ADD failed pe=2 mac=02:aa:00:00:00:d3
[2026-05-15T20:06:43Z] MOVE rollback src=1 dst=2 idx=211
[2026-05-15T20:06:43Z] ADD failed pe=2 mac=02:aa:00:00:00:4b
[2026-05-15T20:06:43Z] MOVE rollback src=1 dst=2 idx=75
[2026-05-15T20:06:44Z] ADD failed pe=2 mac=02:aa:00:00:01:90
[2026-05-15T20:06:44Z] MOVE rollback src=1 dst=2 idx=400
[2026-05-15T20:06:44Z] ADD failed pe=2 mac=02:aa:00:00:00:de
[2026-05-15T20:06:44Z] MOVE rollback src=1 dst=2 idx=222
[2026-05-15T20:06:44Z] ADD failed pe=2 mac=02:aa:00:00:01:92
[2026-05-15T20:06:44Z] MOVE rollback src=1 dst=2 idx=402
[2026-05-15T20:06:44Z] ADD failed pe=2 mac=02:aa:00:00:01:db
[2026-05-15T20:06:44Z] MOVE rollback src=1 dst=2 idx=475
[2026-05-15T20:06:44Z] ADD failed pe=2 mac=02:aa:00:00:01:ae
[2026-05-15T20:06:45Z] MOVE rollback src=1 dst=2 idx=430
[2026-05-15T20:06:45Z] ADD failed pe=2 mac=02:aa:00:00:01:5c
[2026-05-15T20:06:45Z] MOVE rollback src=1 dst=2 idx=348
[2026-05-15T20:06:45Z] ADD failed pe=2 mac=02:aa:00:00:01:4b
[2026-05-15T20:06:45Z] MOVE rollback src=1 dst=2 idx=331
[2026-05-15T20:06:45Z] ADD failed pe=2 mac=02:aa:00:00:01:96
[2026-05-15T20:06:45Z] MOVE rollback src=1 dst=2 idx=406
[2026-05-15T20:06:45Z] ADD failed pe=2 mac=02:aa:00:00:00:29
[2026-05-15T20:06:45Z] MOVE rollback src=1 dst=2 idx=41
[2026-05-15T20:06:46Z] ADD failed pe=2 mac=02:aa:00:00:00:2b
[2026-05-15T20:06:46Z] MOVE rollback src=1 dst=2 idx=43
[2026-05-15T20:06:46Z] ADD failed pe=2 mac=02:aa:00:00:01:6c
[2026-05-15T20:06:46Z] MOVE rollback src=1 dst=2 idx=364
[2026-05-15T20:06:46Z] ADD failed pe=2 mac=02:aa:00:00:01:41
[2026-05-15T20:06:46Z] MOVE rollback src=1 dst=2 idx=321
[2026-05-15T20:06:46Z] ADD failed pe=2 mac=02:aa:00:00:00:6a
[2026-05-15T20:06:46Z] MOVE rollback src=1 dst=2 idx=106
[2026-05-15T20:06:47Z] ADD failed pe=2 mac=02:aa:00:00:01:dc
[2026-05-15T20:06:47Z] MOVE rollback src=1 dst=2 idx=476
[2026-05-15T20:06:47Z] ADD failed pe=2 mac=02:aa:00:00:00:7a
[2026-05-15T20:06:47Z] MOVE rollback src=1 dst=2 idx=122
[2026-05-15T20:06:47Z] ADD failed pe=2 mac=02:aa:00:00:01:f3
[2026-05-15T20:06:47Z] MOVE rollback src=1 dst=2 idx=499
[2026-05-15T20:06:47Z] ADD failed pe=2 mac=02:aa:00:00:01:ba
[2026-05-15T20:06:47Z] MOVE rollback src=1 dst=2 idx=442
[2026-05-15T20:06:47Z] ADD failed pe=2 mac=02:aa:00:00:00:c3
[2026-05-15T20:06:48Z] MOVE rollback src=1 dst=2 idx=195
[2026-05-15T20:06:48Z] ADD failed pe=2 mac=02:aa:00:00:01:70
[2026-05-15T20:06:48Z] MOVE rollback src=1 dst=2 idx=368
[2026-05-15T20:06:48Z] ADD failed pe=2 mac=02:aa:00:00:01:27
[2026-05-15T20:06:48Z] MOVE rollback src=1 dst=2 idx=295
[2026-05-15T20:06:48Z] ADD failed pe=2 mac=02:aa:00:00:00:42
[2026-05-15T20:06:48Z] MOVE rollback src=1 dst=2 idx=66
[2026-05-15T20:06:48Z] ADD failed pe=2 mac=02:aa:00:00:01:a6
[2026-05-15T20:06:48Z] MOVE rollback src=1 dst=2 idx=422
[2026-05-15T20:06:49Z] ADD failed pe=2 mac=02:aa:00:00:01:7c
[2026-05-15T20:06:49Z] MOVE rollback src=1 dst=2 idx=380
[2026-05-15T20:06:49Z] ADD failed pe=2 mac=02:aa:00:00:01:2e
[2026-05-15T20:06:49Z] MOVE rollback src=1 dst=2 idx=302
[2026-05-15T20:06:49Z] ADD failed pe=2 mac=02:aa:00:00:00:b7
[2026-05-15T20:06:49Z] MOVE rollback src=1 dst=2 idx=183
[2026-05-15T20:06:49Z] ADD failed pe=2 mac=02:aa:00:00:00:f5
[2026-05-15T20:06:49Z] MOVE rollback src=1 dst=2 idx=245
[2026-05-15T20:06:49Z] ADD failed pe=2 mac=02:aa:00:00:00:9d
[2026-05-15T20:06:50Z] MOVE rollback src=1 dst=2 idx=157
[2026-05-15T20:06:50Z] ADD failed pe=2 mac=02:aa:00:00:00:35
[2026-05-15T20:06:50Z] MOVE rollback src=1 dst=2 idx=53
[2026-05-15T20:06:50Z] ADD failed pe=2 mac=02:aa:00:00:00:8c
[2026-05-15T20:06:50Z] MOVE rollback src=1 dst=2 idx=140
[2026-05-15T20:06:50Z] ADD failed pe=2 mac=02:aa:00:00:01:cf
[2026-05-15T20:06:50Z] MOVE rollback src=1 dst=2 idx=463
[2026-05-15T20:06:50Z] ADD failed pe=2 mac=02:aa:00:00:01:63
[2026-05-15T20:06:51Z] MOVE rollback src=1 dst=2 idx=355
[2026-05-15T20:06:51Z] ADD failed pe=2 mac=02:aa:00:00:01:b4
[2026-05-15T20:06:51Z] MOVE rollback src=1 dst=2 idx=436
[2026-05-15T20:06:51Z] ADD failed pe=2 mac=02:aa:00:00:01:c5
[2026-05-15T20:06:51Z] MOVE rollback src=1 dst=2 idx=453
[2026-05-15T20:06:51Z] ADD failed pe=2 mac=02:aa:00:00:01:c7
[2026-05-15T20:06:51Z] MOVE rollback src=1 dst=2 idx=455
[2026-05-15T20:06:51Z] ADD failed pe=2 mac=02:aa:00:00:00:66
[2026-05-15T20:06:51Z] MOVE rollback src=1 dst=2 idx=102
[2026-05-15T20:06:52Z] ADD failed pe=2 mac=02:aa:00:00:00:60
[2026-05-15T20:06:52Z] MOVE rollback src=1 dst=2 idx=96
[2026-05-15T20:06:52Z] ADD failed pe=2 mac=02:aa:00:00:01:57
[2026-05-15T20:06:52Z] MOVE rollback src=1 dst=2 idx=343
[2026-05-15T20:06:52Z] ADD failed pe=2 mac=02:aa:00:00:00:28
[2026-05-15T20:06:52Z] MOVE rollback src=1 dst=2 idx=40
[2026-05-15T20:06:52Z] ADD failed pe=2 mac=02:aa:00:00:01:d1
[2026-05-15T20:06:52Z] MOVE rollback src=1 dst=2 idx=465
[2026-05-15T20:06:53Z] ADD failed pe=2 mac=02:aa:00:00:00:ae
[2026-05-15T20:06:53Z] MOVE rollback src=1 dst=2 idx=174
[2026-05-15T20:06:53Z] ADD failed pe=2 mac=02:aa:00:00:00:3f
[2026-05-15T20:06:53Z] MOVE rollback src=1 dst=2 idx=63
[2026-05-15T20:06:53Z] ADD failed pe=2 mac=02:aa:00:00:00:58
[2026-05-15T20:06:53Z] MOVE rollback src=1 dst=2 idx=88
[2026-05-15T20:06:53Z] ADD failed pe=2 mac=02:aa:00:00:00:93
[2026-05-15T20:06:53Z] MOVE rollback src=1 dst=2 idx=147
[2026-05-15T20:06:53Z] ADD failed pe=2 mac=02:aa:00:00:00:db
[2026-05-15T20:06:54Z] MOVE rollback src=1 dst=2 idx=219
[2026-05-15T20:06:54Z] MOVE src=1 dst=2 moved=0 pe1_pool=247 pe2_pool=215
[2026-05-15T20:06:59Z] DEL pe=1 removed=50 pool=197
[2026-05-15T20:07:05Z] ADD pe=1 added=50 pool=247
[2026-05-15T20:07:11Z] DEL pe=1 removed=50 pool=197
[2026-05-15T20:07:13Z] ADD failed pe=1 mac=02:aa:00:00:01:68
[2026-05-15T20:07:13Z] MOVE rollback src=2 dst=1 idx=360
[2026-05-15T20:07:13Z] ADD failed pe=1 mac=02:aa:00:00:00:1c
[2026-05-15T20:07:13Z] MOVE rollback src=2 dst=1 idx=28
[2026-05-15T20:07:14Z] ADD failed pe=1 mac=02:aa:00:00:00:06
[2026-05-15T20:07:14Z] MOVE rollback src=2 dst=1 idx=6
[2026-05-15T20:07:14Z] ADD failed pe=1 mac=02:aa:00:00:01:fa
[2026-05-15T20:07:14Z] MOVE rollback src=2 dst=1 idx=506
[2026-05-15T20:07:14Z] ADD failed pe=1 mac=02:aa:00:00:00:18
[2026-05-15T20:07:14Z] MOVE rollback src=2 dst=1 idx=24
[2026-05-15T20:07:14Z] ADD failed pe=1 mac=02:aa:00:00:00:30
[2026-05-15T20:07:14Z] MOVE rollback src=2 dst=1 idx=48
[2026-05-15T20:07:15Z] ADD failed pe=1 mac=02:aa:00:00:00:f9
[2026-05-15T20:07:15Z] MOVE rollback src=2 dst=1 idx=249
[2026-05-15T20:07:15Z] ADD failed pe=1 mac=02:aa:00:00:01:56
[2026-05-15T20:07:15Z] MOVE rollback src=2 dst=1 idx=342
[2026-05-15T20:07:15Z] ADD failed pe=1 mac=02:aa:00:00:01:44
[2026-05-15T20:07:15Z] MOVE rollback src=2 dst=1 idx=324
[2026-05-15T20:07:15Z] ADD failed pe=1 mac=02:aa:00:00:00:7f
[2026-05-15T20:07:15Z] MOVE rollback src=2 dst=1 idx=127
[2026-05-15T20:07:16Z] ADD failed pe=1 mac=02:aa:00:00:01:94
[2026-05-15T20:07:16Z] MOVE rollback src=2 dst=1 idx=404
[2026-05-15T20:07:16Z] ADD failed pe=1 mac=02:aa:00:00:01:1e
[2026-05-15T20:07:16Z] MOVE rollback src=2 dst=1 idx=286
[2026-05-15T20:07:17Z] ADD failed pe=1 mac=02:aa:00:00:00:df
[2026-05-15T20:07:17Z] MOVE rollback src=2 dst=1 idx=223
[2026-05-15T20:07:17Z] ADD failed pe=1 mac=02:aa:00:00:00:c0
[2026-05-15T20:07:17Z] MOVE rollback src=2 dst=1 idx=192
[2026-05-15T20:07:17Z] ADD failed pe=1 mac=02:aa:00:00:01:1c
[2026-05-15T20:07:17Z] MOVE rollback src=2 dst=1 idx=284
[2026-05-15T20:07:17Z] ADD failed pe=1 mac=02:aa:00:00:01:6e
[2026-05-15T20:07:17Z] MOVE rollback src=2 dst=1 idx=366
[2026-05-15T20:07:17Z] ADD failed pe=1 mac=02:aa:00:00:00:95
[2026-05-15T20:07:18Z] MOVE rollback src=2 dst=1 idx=149
[2026-05-15T20:07:18Z] ADD failed pe=1 mac=02:aa:00:00:00:5d
[2026-05-15T20:07:18Z] MOVE rollback src=2 dst=1 idx=93
[2026-05-15T20:07:18Z] ADD failed pe=1 mac=02:aa:00:00:00:25
[2026-05-15T20:07:18Z] MOVE rollback src=2 dst=1 idx=37
[2026-05-15T20:07:18Z] ADD failed pe=1 mac=02:aa:00:00:00:3b
[2026-05-15T20:07:18Z] MOVE rollback src=2 dst=1 idx=59
[2026-05-15T20:07:19Z] ADD failed pe=1 mac=02:aa:00:00:01:67
[2026-05-15T20:07:19Z] MOVE rollback src=2 dst=1 idx=359
[2026-05-15T20:07:19Z] ADD failed pe=1 mac=02:aa:00:00:01:10
[2026-05-15T20:07:20Z] MOVE rollback src=2 dst=1 idx=272
[2026-05-15T20:07:20Z] ADD failed pe=1 mac=02:aa:00:00:01:2b
[2026-05-15T20:07:20Z] MOVE rollback src=2 dst=1 idx=299
[2026-05-15T20:07:20Z] ADD failed pe=1 mac=02:aa:00:00:00:81
[2026-05-15T20:07:20Z] MOVE rollback src=2 dst=1 idx=129
[2026-05-15T20:07:20Z] ADD failed pe=1 mac=02:aa:00:00:01:5d
[2026-05-15T20:07:21Z] MOVE rollback src=2 dst=1 idx=349
[2026-05-15T20:07:21Z] ADD failed pe=1 mac=02:aa:00:00:00:b8
[2026-05-15T20:07:21Z] MOVE rollback src=2 dst=1 idx=184
[2026-05-15T20:07:21Z] ADD failed pe=1 mac=02:aa:00:00:01:0b
[2026-05-15T20:07:21Z] MOVE rollback src=2 dst=1 idx=267
[2026-05-15T20:07:21Z] ADD failed pe=1 mac=02:aa:00:00:01:b9
[2026-05-15T20:07:21Z] MOVE rollback src=2 dst=1 idx=441
[2026-05-15T20:07:22Z] ADD failed pe=1 mac=02:aa:00:00:01:fe
[2026-05-15T20:07:22Z] MOVE rollback src=2 dst=1 idx=510
[2026-05-15T20:07:22Z] ADD failed pe=1 mac=02:aa:00:00:01:23
[2026-05-15T20:07:22Z] MOVE rollback src=2 dst=1 idx=291
[2026-05-15T20:07:22Z] ADD failed pe=1 mac=02:aa:00:00:00:b3
[2026-05-15T20:07:22Z] MOVE rollback src=2 dst=1 idx=179
[2026-05-15T20:07:22Z] ADD failed pe=1 mac=02:aa:00:00:00:a8
[2026-05-15T20:07:22Z] MOVE rollback src=2 dst=1 idx=168
[2026-05-15T20:07:23Z] ADD failed pe=1 mac=02:aa:00:00:00:46
[2026-05-15T20:07:23Z] MOVE rollback src=2 dst=1 idx=70
[2026-05-15T20:07:23Z] ADD failed pe=1 mac=02:aa:00:00:01:9f
[2026-05-15T20:07:23Z] MOVE rollback src=2 dst=1 idx=415
[2026-05-15T20:07:23Z] ADD failed pe=1 mac=02:aa:00:00:00:be
[2026-05-15T20:07:23Z] MOVE rollback src=2 dst=1 idx=190
[2026-05-15T20:07:23Z] MOVE src=2 dst=1 moved=15 pe1_pool=212 pe2_pool=200
[2026-05-15T20:07:29Z] ADD pe=2 added=50 pool=250
[2026-05-15T20:07:35Z] ADD pe=1 added=50 pool=262
[2026-05-15T20:07:37Z] ADD pe=2 added=0 pool=250
[2026-05-15T20:07:39Z] ADD pe=2 added=0 pool=250
[2026-05-15T20:07:45Z] DEL pe=1 removed=50 pool=212
[2026-05-15T20:07:47Z] ADD failed pe=1 mac=02:aa:00:00:00:50
[2026-05-15T20:07:47Z] MOVE rollback src=2 dst=1 idx=80
[2026-05-15T20:07:48Z] ADD failed pe=1 mac=02:aa:00:00:01:76
[2026-05-15T20:07:48Z] MOVE rollback src=2 dst=1 idx=374
[2026-05-15T20:07:48Z] ADD failed pe=1 mac=02:aa:00:00:00:b3
[2026-05-15T20:07:48Z] MOVE rollback src=2 dst=1 idx=179
[2026-05-15T20:07:48Z] ADD failed pe=1 mac=02:aa:00:00:00:f9
[2026-05-15T20:07:48Z] MOVE rollback src=2 dst=1 idx=249
[2026-05-15T20:07:48Z] ADD failed pe=1 mac=02:aa:00:00:01:35
[2026-05-15T20:07:48Z] MOVE rollback src=2 dst=1 idx=309
[2026-05-15T20:07:48Z] ADD failed pe=1 mac=02:aa:00:00:01:07
[2026-05-15T20:07:48Z] MOVE rollback src=2 dst=1 idx=263
[2026-05-15T20:07:49Z] ADD failed pe=1 mac=02:aa:00:00:00:2e
[2026-05-15T20:07:49Z] MOVE rollback src=2 dst=1 idx=46
[2026-05-15T20:07:49Z] ADD failed pe=1 mac=02:aa:00:00:01:b5
[2026-05-15T20:07:49Z] MOVE rollback src=2 dst=1 idx=437
[2026-05-15T20:07:49Z] ADD failed pe=1 mac=02:aa:00:00:01:04
[2026-05-15T20:07:49Z] MOVE rollback src=2 dst=1 idx=260
[2026-05-15T20:07:49Z] ADD failed pe=1 mac=02:aa:00:00:00:2d
[2026-05-15T20:07:49Z] MOVE rollback src=2 dst=1 idx=45
[2026-05-15T20:07:50Z] ADD failed pe=1 mac=02:aa:00:00:00:3b
[2026-05-15T20:07:50Z] MOVE rollback src=2 dst=1 idx=59
[2026-05-15T20:07:50Z] ADD failed pe=1 mac=02:aa:00:00:01:68
[2026-05-15T20:07:50Z] MOVE rollback src=2 dst=1 idx=360
[2026-05-15T20:07:50Z] ADD failed pe=1 mac=02:aa:00:00:01:13
[2026-05-15T20:07:50Z] MOVE rollback src=2 dst=1 idx=275
[2026-05-15T20:07:50Z] ADD failed pe=1 mac=02:aa:00:00:00:06
[2026-05-15T20:07:50Z] MOVE rollback src=2 dst=1 idx=6
[2026-05-15T20:07:51Z] ADD failed pe=1 mac=02:aa:00:00:01:5d
[2026-05-15T20:07:51Z] MOVE rollback src=2 dst=1 idx=349
[2026-05-15T20:07:51Z] ADD failed pe=1 mac=02:aa:00:00:00:81
[2026-05-15T20:07:51Z] MOVE rollback src=2 dst=1 idx=129
[2026-05-15T20:07:51Z] ADD failed pe=1 mac=02:aa:00:00:01:56
[2026-05-15T20:07:51Z] MOVE rollback src=2 dst=1 idx=342
[2026-05-15T20:07:51Z] ADD failed pe=1 mac=02:aa:00:00:01:9d
[2026-05-15T20:07:51Z] MOVE rollback src=2 dst=1 idx=413
[2026-05-15T20:07:52Z] ADD failed pe=1 mac=02:aa:00:00:00:39
[2026-05-15T20:07:52Z] MOVE rollback src=2 dst=1 idx=57
[2026-05-15T20:07:52Z] ADD failed pe=1 mac=02:aa:00:00:00:7f
[2026-05-15T20:07:52Z] MOVE rollback src=2 dst=1 idx=127
[2026-05-15T20:07:52Z] ADD failed pe=1 mac=02:aa:00:00:00:86
[2026-05-15T20:07:52Z] MOVE rollback src=2 dst=1 idx=134
[2026-05-15T20:07:53Z] ADD failed pe=1 mac=02:aa:00:00:01:8b
[2026-05-15T20:07:53Z] MOVE rollback src=2 dst=1 idx=395
[2026-05-15T20:07:53Z] ADD failed pe=1 mac=02:aa:00:00:01:37
[2026-05-15T20:07:53Z] MOVE rollback src=2 dst=1 idx=311
[2026-05-15T20:07:53Z] ADD failed pe=1 mac=02:aa:00:00:01:46
[2026-05-15T20:07:53Z] MOVE rollback src=2 dst=1 idx=326
[2026-05-15T20:07:53Z] ADD failed pe=1 mac=02:aa:00:00:00:54
[2026-05-15T20:07:53Z] MOVE rollback src=2 dst=1 idx=84
[2026-05-15T20:07:54Z] ADD failed pe=1 mac=02:aa:00:00:01:4e
[2026-05-15T20:07:54Z] MOVE rollback src=2 dst=1 idx=334
[2026-05-15T20:07:54Z] ADD failed pe=1 mac=02:aa:00:00:00:0b
[2026-05-15T20:07:54Z] MOVE rollback src=2 dst=1 idx=11
[2026-05-15T20:07:54Z] ADD failed pe=1 mac=02:aa:00:00:00:be
[2026-05-15T20:07:54Z] MOVE rollback src=2 dst=1 idx=190
[2026-05-15T20:07:55Z] ADD failed pe=1 mac=02:aa:00:00:00:87
[2026-05-15T20:07:55Z] MOVE rollback src=2 dst=1 idx=135
[2026-05-15T20:07:55Z] ADD failed pe=1 mac=02:aa:00:00:00:97
[2026-05-15T20:07:55Z] MOVE rollback src=2 dst=1 idx=151
[2026-05-15T20:07:55Z] ADD failed pe=1 mac=02:aa:00:00:01:40
[2026-05-15T20:07:55Z] MOVE rollback src=2 dst=1 idx=320
[2026-05-15T20:07:55Z] ADD failed pe=1 mac=02:aa:00:00:00:63
[2026-05-15T20:07:55Z] MOVE rollback src=2 dst=1 idx=99
[2026-05-15T20:07:55Z] ADD failed pe=1 mac=02:aa:00:00:00:33
[2026-05-15T20:07:55Z] MOVE rollback src=2 dst=1 idx=51
[2026-05-15T20:07:56Z] ADD failed pe=1 mac=02:aa:00:00:01:e5
[2026-05-15T20:07:56Z] MOVE rollback src=2 dst=1 idx=485
[2026-05-15T20:07:56Z] ADD failed pe=1 mac=02:aa:00:00:01:8d
[2026-05-15T20:07:56Z] MOVE rollback src=2 dst=1 idx=397
[2026-05-15T20:07:56Z] ADD failed pe=1 mac=02:aa:00:00:01:de
[2026-05-15T20:07:56Z] MOVE rollback src=2 dst=1 idx=478
[2026-05-15T20:07:56Z] ADD failed pe=1 mac=02:aa:00:00:00:c6
[2026-05-15T20:07:56Z] MOVE rollback src=2 dst=1 idx=198
[2026-05-15T20:07:57Z] ADD failed pe=1 mac=02:aa:00:00:01:b4
[2026-05-15T20:07:57Z] MOVE rollback src=2 dst=1 idx=436
[2026-05-15T20:07:57Z] ADD failed pe=1 mac=02:aa:00:00:01:89
[2026-05-15T20:07:57Z] MOVE rollback src=2 dst=1 idx=393
[2026-05-15T20:07:57Z] ADD failed pe=1 mac=02:aa:00:00:01:1c
[2026-05-15T20:07:57Z] MOVE rollback src=2 dst=1 idx=284
[2026-05-15T20:07:57Z] ADD failed pe=1 mac=02:aa:00:00:00:9f
[2026-05-15T20:07:57Z] MOVE rollback src=2 dst=1 idx=159
[2026-05-15T20:07:58Z] ADD failed pe=1 mac=02:aa:00:00:01:6d
[2026-05-15T20:07:58Z] MOVE rollback src=2 dst=1 idx=365
[2026-05-15T20:07:58Z] ADD failed pe=1 mac=02:aa:00:00:00:9c
[2026-05-15T20:07:58Z] MOVE rollback src=2 dst=1 idx=156
[2026-05-15T20:07:58Z] MOVE src=2 dst=1 moved=7 pe1_pool=219 pe2_pool=243
[2026-05-15T20:08:04Z] ADD pe=1 added=48 pool=267
[2026-05-15T20:08:10Z] DEL pe=1 removed=50 pool=217
[2026-05-15T20:08:16Z] ADD pe=1 added=50 pool=267
[2026-05-15T20:08:22Z] DEL pe=1 removed=50 pool=217
[2026-05-15T20:08:24Z] ADD failed pe=1 mac=02:aa:00:00:01:fb
[2026-05-15T20:08:24Z] MOVE rollback src=2 dst=1 idx=507
[2026-05-15T20:08:24Z] ADD failed pe=1 mac=02:aa:00:00:01:cd
[2026-05-15T20:08:24Z] MOVE rollback src=2 dst=1 idx=461
[2026-05-15T20:08:24Z] ADD failed pe=1 mac=02:aa:00:00:01:89
[2026-05-15T20:08:25Z] MOVE rollback src=2 dst=1 idx=393
[2026-05-15T20:08:25Z] ADD failed pe=1 mac=02:aa:00:00:00:f2
[2026-05-15T20:08:25Z] MOVE rollback src=2 dst=1 idx=242
[2026-05-15T20:08:25Z] ADD failed pe=1 mac=02:aa:00:00:00:84
[2026-05-15T20:08:25Z] MOVE rollback src=2 dst=1 idx=132
[2026-05-15T20:08:25Z] ADD failed pe=1 mac=02:aa:00:00:00:54
[2026-05-15T20:08:25Z] MOVE rollback src=2 dst=1 idx=84
[2026-05-15T20:08:25Z] ADD failed pe=1 mac=02:aa:00:00:00:be
[2026-05-15T20:08:25Z] MOVE rollback src=2 dst=1 idx=190
[2026-05-15T20:08:26Z] ADD failed pe=1 mac=02:aa:00:00:00:2e
[2026-05-15T20:08:26Z] MOVE rollback src=2 dst=1 idx=46
[2026-05-15T20:08:26Z] ADD failed pe=1 mac=02:aa:00:00:00:11
[2026-05-15T20:08:26Z] MOVE rollback src=2 dst=1 idx=17
[2026-05-15T20:08:26Z] ADD failed pe=1 mac=02:aa:00:00:00:16
[2026-05-15T20:08:26Z] MOVE rollback src=2 dst=1 idx=22
[2026-05-15T20:08:26Z] ADD failed pe=1 mac=02:aa:00:00:01:68
[2026-05-15T20:08:26Z] MOVE rollback src=2 dst=1 idx=360
[2026-05-15T20:08:26Z] ADD failed pe=1 mac=02:aa:00:00:01:c1
[2026-05-15T20:08:27Z] MOVE rollback src=2 dst=1 idx=449
[2026-05-15T20:08:27Z] ADD failed pe=1 mac=02:aa:00:00:00:a0
[2026-05-15T20:08:27Z] MOVE rollback src=2 dst=1 idx=160
[2026-05-15T20:08:27Z] ADD failed pe=1 mac=02:aa:00:00:01:c9
[2026-05-15T20:08:27Z] MOVE rollback src=2 dst=1 idx=457
[2026-05-15T20:08:27Z] ADD failed pe=1 mac=02:aa:00:00:01:fa
[2026-05-15T20:08:27Z] MOVE rollback src=2 dst=1 idx=506
[2026-05-15T20:08:27Z] ADD failed pe=1 mac=02:aa:00:00:01:b9
[2026-05-15T20:08:28Z] MOVE rollback src=2 dst=1 idx=441
[2026-05-15T20:08:28Z] ADD failed pe=1 mac=02:aa:00:00:01:56
[2026-05-15T20:08:28Z] MOVE rollback src=2 dst=1 idx=342
[2026-05-15T20:08:28Z] ADD failed pe=1 mac=02:aa:00:00:01:54
[2026-05-15T20:08:28Z] MOVE rollback src=2 dst=1 idx=340
[2026-05-15T20:08:28Z] ADD failed pe=1 mac=02:aa:00:00:01:66
[2026-05-15T20:08:28Z] MOVE rollback src=2 dst=1 idx=358
[2026-05-15T20:08:28Z] ADD failed pe=1 mac=02:aa:00:00:01:10
[2026-05-15T20:08:29Z] MOVE rollback src=2 dst=1 idx=272
[2026-05-15T20:08:29Z] ADD failed pe=1 mac=02:aa:00:00:01:b4
[2026-05-15T20:08:29Z] MOVE rollback src=2 dst=1 idx=436
[2026-05-15T20:08:29Z] ADD failed pe=1 mac=02:aa:00:00:01:f2
[2026-05-15T20:08:29Z] MOVE rollback src=2 dst=1 idx=498
[2026-05-15T20:08:29Z] ADD failed pe=1 mac=02:aa:00:00:01:69
[2026-05-15T20:08:29Z] MOVE rollback src=2 dst=1 idx=361
[2026-05-15T20:08:29Z] ADD failed pe=1 mac=02:aa:00:00:01:6d
[2026-05-15T20:08:29Z] MOVE rollback src=2 dst=1 idx=365
[2026-05-15T20:08:30Z] ADD failed pe=1 mac=02:aa:00:00:00:46
[2026-05-15T20:08:30Z] MOVE rollback src=2 dst=1 idx=70
[2026-05-15T20:08:30Z] ADD failed pe=1 mac=02:aa:00:00:01:1c
[2026-05-15T20:08:30Z] MOVE rollback src=2 dst=1 idx=284
[2026-05-15T20:08:30Z] ADD failed pe=1 mac=02:aa:00:00:00:5f
[2026-05-15T20:08:30Z] MOVE rollback src=2 dst=1 idx=95
[2026-05-15T20:08:30Z] ADD failed pe=1 mac=02:aa:00:00:00:75
[2026-05-15T20:08:31Z] MOVE rollback src=2 dst=1 idx=117
[2026-05-15T20:08:31Z] ADD failed pe=1 mac=02:aa:00:00:00:48
[2026-05-15T20:08:31Z] MOVE rollback src=2 dst=1 idx=72
[2026-05-15T20:08:31Z] ADD failed pe=1 mac=02:aa:00:00:01:13
[2026-05-15T20:08:31Z] MOVE rollback src=2 dst=1 idx=275
[2026-05-15T20:08:31Z] ADD failed pe=1 mac=02:aa:00:00:00:9c
[2026-05-15T20:08:31Z] MOVE rollback src=2 dst=1 idx=156
[2026-05-15T20:08:32Z] ADD failed pe=1 mac=02:aa:00:00:01:a4
[2026-05-15T20:08:32Z] MOVE rollback src=2 dst=1 idx=420
[2026-05-15T20:08:32Z] ADD failed pe=1 mac=02:aa:00:00:00:90
[2026-05-15T20:08:32Z] MOVE rollback src=2 dst=1 idx=144
[2026-05-15T20:08:32Z] ADD failed pe=1 mac=02:aa:00:00:01:3c
[2026-05-15T20:08:32Z] MOVE rollback src=2 dst=1 idx=316
[2026-05-15T20:08:33Z] ADD failed pe=1 mac=02:aa:00:00:01:04
[2026-05-15T20:08:33Z] MOVE rollback src=2 dst=1 idx=260
[2026-05-15T20:08:33Z] ADD failed pe=1 mac=02:aa:00:00:01:99
[2026-05-15T20:08:33Z] MOVE rollback src=2 dst=1 idx=409
[2026-05-15T20:08:33Z] ADD failed pe=1 mac=02:aa:00:00:01:bf
[2026-05-15T20:08:33Z] MOVE rollback src=2 dst=1 idx=447
[2026-05-15T20:08:33Z] ADD failed pe=1 mac=02:aa:00:00:00:de
[2026-05-15T20:08:33Z] MOVE rollback src=2 dst=1 idx=222
[2026-05-15T20:08:34Z] ADD failed pe=1 mac=02:aa:00:00:00:3b
[2026-05-15T20:08:34Z] MOVE rollback src=2 dst=1 idx=59
[2026-05-15T20:08:34Z] ADD failed pe=1 mac=02:aa:00:00:00:34
[2026-05-15T20:08:34Z] MOVE rollback src=2 dst=1 idx=52
[2026-05-15T20:08:34Z] ADD failed pe=1 mac=02:aa:00:00:01:52
[2026-05-15T20:08:34Z] MOVE rollback src=2 dst=1 idx=338
[2026-05-15T20:08:34Z] ADD failed pe=1 mac=02:aa:00:00:00:0d
[2026-05-15T20:08:34Z] MOVE rollback src=2 dst=1 idx=13
[2026-05-15T20:08:35Z] ADD failed pe=1 mac=02:aa:00:00:00:e1
[2026-05-15T20:08:35Z] MOVE rollback src=2 dst=1 idx=225
[2026-05-15T20:08:35Z] ADD failed pe=1 mac=02:aa:00:00:01:27
[2026-05-15T20:08:35Z] MOVE rollback src=2 dst=1 idx=295
[2026-05-15T20:08:35Z] ADD failed pe=1 mac=02:aa:00:00:00:c6
[2026-05-15T20:08:35Z] MOVE rollback src=2 dst=1 idx=198
[2026-05-15T20:08:35Z] MOVE src=2 dst=1 moved=5 pe1_pool=222 pe2_pool=238
[2026-05-15T20:08:41Z] ADD pe=1 added=50 pool=272
[2026-05-15T20:08:43Z] ADD pe=2 added=2 pool=240
[2026-05-15T20:08:45Z] ADD pe=2 added=0 pool=240
[2026-05-15T20:08:47Z] ADD pe=2 added=0 pool=240
[2026-05-15T20:08:49Z] ADD pe=2 added=0 pool=240
[2026-05-15T20:08:56Z] DEL pe=1 removed=50 pool=222
[2026-05-15T20:09:02Z] DEL pe=2 removed=50 pool=190
[2026-05-15T20:09:08Z] DEL pe=1 removed=50 pool=172
[2026-05-15T20:09:13Z] ADD pe=1 added=50 pool=222
[2026-05-15T20:09:19Z] DEL pe=1 removed=50 pool=172
[2026-05-15T20:09:22Z] ADD failed pe=1 mac=02:aa:00:00:00:84
[2026-05-15T20:09:22Z] MOVE rollback src=2 dst=1 idx=132
[2026-05-15T20:09:22Z] ADD failed pe=1 mac=02:aa:00:00:00:87
[2026-05-15T20:09:22Z] MOVE rollback src=2 dst=1 idx=135
[2026-05-15T20:09:22Z] ADD failed pe=1 mac=02:aa:00:00:00:63
[2026-05-15T20:09:22Z] MOVE rollback src=2 dst=1 idx=99
[2026-05-15T20:09:23Z] ADD failed pe=1 mac=02:aa:00:00:00:ad
[2026-05-15T20:09:23Z] MOVE rollback src=2 dst=1 idx=173
[2026-05-15T20:09:23Z] ADD failed pe=1 mac=02:aa:00:00:01:b5
[2026-05-15T20:09:23Z] MOVE rollback src=2 dst=1 idx=437
[2026-05-15T20:09:23Z] ADD failed pe=1 mac=02:aa:00:00:00:f2
[2026-05-15T20:09:23Z] MOVE rollback src=2 dst=1 idx=242
[2026-05-15T20:09:23Z] ADD failed pe=1 mac=02:aa:00:00:00:15
[2026-05-15T20:09:23Z] MOVE rollback src=2 dst=1 idx=21
[2026-05-15T20:09:23Z] ADD failed pe=1 mac=02:aa:00:00:01:ca
[2026-05-15T20:09:24Z] MOVE rollback src=2 dst=1 idx=458
[2026-05-15T20:09:24Z] ADD failed pe=1 mac=02:aa:00:00:00:5d
[2026-05-15T20:09:24Z] MOVE rollback src=2 dst=1 idx=93
[2026-05-15T20:09:24Z] ADD failed pe=1 mac=02:aa:00:00:00:6c
[2026-05-15T20:09:24Z] MOVE rollback src=2 dst=1 idx=108
[2026-05-15T20:09:24Z] ADD failed pe=1 mac=02:aa:00:00:01:a0
[2026-05-15T20:09:24Z] MOVE rollback src=2 dst=1 idx=416
[2026-05-15T20:09:24Z] ADD failed pe=1 mac=02:aa:00:00:01:5d
[2026-05-15T20:09:25Z] MOVE rollback src=2 dst=1 idx=349
[2026-05-15T20:09:25Z] ADD failed pe=1 mac=02:aa:00:00:00:81
[2026-05-15T20:09:25Z] MOVE rollback src=2 dst=1 idx=129
[2026-05-15T20:09:25Z] ADD failed pe=1 mac=02:aa:00:00:01:03
[2026-05-15T20:09:25Z] MOVE rollback src=2 dst=1 idx=259
[2026-05-15T20:09:25Z] ADD failed pe=1 mac=02:aa:00:00:00:33
[2026-05-15T20:09:25Z] MOVE rollback src=2 dst=1 idx=51
[2026-05-15T20:09:25Z] ADD failed pe=1 mac=02:aa:00:00:01:8b
[2026-05-15T20:09:25Z] MOVE rollback src=2 dst=1 idx=395
[2026-05-15T20:09:26Z] ADD failed pe=1 mac=02:aa:00:00:01:89
[2026-05-15T20:09:26Z] MOVE rollback src=2 dst=1 idx=393
[2026-05-15T20:09:26Z] ADD failed pe=1 mac=02:aa:00:00:01:13
[2026-05-15T20:09:26Z] MOVE rollback src=2 dst=1 idx=275
[2026-05-15T20:09:26Z] ADD failed pe=1 mac=02:aa:00:00:01:23
[2026-05-15T20:09:26Z] MOVE rollback src=2 dst=1 idx=291
[2026-05-15T20:09:26Z] ADD failed pe=1 mac=02:aa:00:00:01:d2
[2026-05-15T20:09:27Z] MOVE rollback src=2 dst=1 idx=466
[2026-05-15T20:09:27Z] ADD failed pe=1 mac=02:aa:00:00:01:32
[2026-05-15T20:09:27Z] MOVE rollback src=2 dst=1 idx=306
[2026-05-15T20:09:27Z] ADD failed pe=1 mac=02:aa:00:00:01:9d
[2026-05-15T20:09:27Z] MOVE rollback src=2 dst=1 idx=413
[2026-05-15T20:09:27Z] ADD failed pe=1 mac=02:aa:00:00:01:bf
[2026-05-15T20:09:27Z] MOVE rollback src=2 dst=1 idx=447
[2026-05-15T20:09:28Z] ADD failed pe=1 mac=02:aa:00:00:01:46
[2026-05-15T20:09:28Z] MOVE rollback src=2 dst=1 idx=326
[2026-05-15T20:09:28Z] ADD failed pe=1 mac=02:aa:00:00:00:13
[2026-05-15T20:09:28Z] MOVE rollback src=2 dst=1 idx=19
[2026-05-15T20:09:28Z] ADD failed pe=1 mac=02:aa:00:00:01:5a
[2026-05-15T20:09:28Z] MOVE rollback src=2 dst=1 idx=346
[2026-05-15T20:09:28Z] ADD failed pe=1 mac=02:aa:00:00:00:46
[2026-05-15T20:09:28Z] MOVE rollback src=2 dst=1 idx=70
[2026-05-15T20:09:28Z] ADD failed pe=1 mac=02:aa:00:00:01:6e
[2026-05-15T20:09:29Z] MOVE rollback src=2 dst=1 idx=366
[2026-05-15T20:09:29Z] ADD failed pe=1 mac=02:aa:00:00:01:55
[2026-05-15T20:09:29Z] MOVE rollback src=2 dst=1 idx=341
[2026-05-15T20:09:29Z] ADD failed pe=1 mac=02:aa:00:00:01:8a
[2026-05-15T20:09:29Z] MOVE rollback src=2 dst=1 idx=394
[2026-05-15T20:09:29Z] ADD failed pe=1 mac=02:aa:00:00:01:d6
[2026-05-15T20:09:29Z] MOVE rollback src=2 dst=1 idx=470
[2026-05-15T20:09:29Z] ADD failed pe=1 mac=02:aa:00:00:01:f2
[2026-05-15T20:09:30Z] MOVE rollback src=2 dst=1 idx=498
[2026-05-15T20:09:30Z] ADD failed pe=1 mac=02:aa:00:00:01:b4
[2026-05-15T20:09:30Z] MOVE rollback src=2 dst=1 idx=436
[2026-05-15T20:09:30Z] ADD failed pe=1 mac=02:aa:00:00:00:36
[2026-05-15T20:09:30Z] MOVE rollback src=2 dst=1 idx=54
[2026-05-15T20:09:30Z] ADD failed pe=1 mac=02:aa:00:00:01:36
[2026-05-15T20:09:30Z] MOVE rollback src=2 dst=1 idx=310
[2026-05-15T20:09:30Z] ADD failed pe=1 mac=02:aa:00:00:00:8a
[2026-05-15T20:09:30Z] MOVE rollback src=2 dst=1 idx=138
[2026-05-15T20:09:31Z] ADD failed pe=1 mac=02:aa:00:00:01:9f
[2026-05-15T20:09:31Z] MOVE rollback src=2 dst=1 idx=415
[2026-05-15T20:09:31Z] ADD failed pe=1 mac=02:aa:00:00:00:06
[2026-05-15T20:09:31Z] MOVE rollback src=2 dst=1 idx=6
[2026-05-15T20:09:31Z] ADD failed pe=1 mac=02:aa:00:00:00:95
[2026-05-15T20:09:31Z] MOVE rollback src=2 dst=1 idx=149
[2026-05-15T20:09:31Z] ADD failed pe=1 mac=02:aa:00:00:01:da
[2026-05-15T20:09:31Z] MOVE rollback src=2 dst=1 idx=474
[2026-05-15T20:09:32Z] ADD failed pe=1 mac=02:aa:00:00:01:3b
[2026-05-15T20:09:32Z] MOVE rollback src=2 dst=1 idx=315
[2026-05-15T20:09:32Z] ADD failed pe=1 mac=02:aa:00:00:00:6b
[2026-05-15T20:09:32Z] MOVE rollback src=2 dst=1 idx=107
[2026-05-15T20:09:32Z] ADD failed pe=1 mac=02:aa:00:00:01:9e
[2026-05-15T20:09:32Z] MOVE rollback src=2 dst=1 idx=414
[2026-05-15T20:09:33Z] ADD failed pe=1 mac=02:aa:00:00:01:6b
[2026-05-15T20:09:33Z] MOVE rollback src=2 dst=1 idx=363
[2026-05-15T20:09:33Z] ADD failed pe=1 mac=02:aa:00:00:00:51
[2026-05-15T20:09:33Z] MOVE rollback src=2 dst=1 idx=81
[2026-05-15T20:09:33Z] MOVE src=2 dst=1 moved=5 pe1_pool=177 pe2_pool=185
[2026-05-15T20:09:39Z] DEL pe=2 removed=50 pool=135
[2026-05-15T20:09:45Z] DEL pe=1 removed=50 pool=127
[2026-05-15T20:09:51Z] DEL pe=2 removed=50 pool=85
[2026-05-15T20:09:53Z] ADD failed pe=1 mac=02:aa:00:00:01:ff
[2026-05-15T20:09:55Z] ADD failed pe=1 mac=02:aa:00:00:00:0b
[2026-05-15T20:09:57Z] ADD pe=1 added=48 pool=175
[2026-05-15T20:10:01Z] ADD pe=2 added=50 pool=135
[2026-05-15T20:10:07Z] ADD pe=2 added=50 pool=185
[2026-05-15T20:10:13Z] ADD pe=1 added=50 pool=225
[2026-05-15T20:10:19Z] DEL pe=1 removed=50 pool=175
[2026-05-15T20:10:21Z] ADD failed pe=1 mac=02:aa:00:00:00:54
[2026-05-15T20:10:21Z] MOVE rollback src=2 dst=1 idx=84
[2026-05-15T20:10:21Z] ADD failed pe=1 mac=02:aa:00:00:01:86
[2026-05-15T20:10:21Z] MOVE rollback src=2 dst=1 idx=390
[2026-05-15T20:10:22Z] ADD failed pe=1 mac=02:aa:00:00:01:05
[2026-05-15T20:10:22Z] MOVE rollback src=2 dst=1 idx=261
[2026-05-15T20:10:22Z] ADD failed pe=1 mac=02:aa:00:00:01:35
[2026-05-15T20:10:22Z] MOVE rollback src=2 dst=1 idx=309
[2026-05-15T20:10:22Z] ADD failed pe=1 mac=02:aa:00:00:01:92
[2026-05-15T20:10:22Z] MOVE rollback src=2 dst=1 idx=402
[2026-05-15T20:10:22Z] ADD failed pe=1 mac=02:aa:00:00:01:d2
[2026-05-15T20:10:22Z] MOVE rollback src=2 dst=1 idx=466
[2026-05-15T20:10:22Z] ADD failed pe=1 mac=02:aa:00:00:01:55
[2026-05-15T20:10:23Z] MOVE rollback src=2 dst=1 idx=341
[2026-05-15T20:10:23Z] ADD failed pe=1 mac=02:aa:00:00:01:19
[2026-05-15T20:10:23Z] MOVE rollback src=2 dst=1 idx=281
[2026-05-15T20:10:23Z] ADD failed pe=1 mac=02:aa:00:00:00:9c
[2026-05-15T20:10:23Z] MOVE rollback src=2 dst=1 idx=156
[2026-05-15T20:10:23Z] ADD failed pe=1 mac=02:aa:00:00:00:08
[2026-05-15T20:10:23Z] MOVE rollback src=2 dst=1 idx=8
[2026-05-15T20:10:23Z] ADD failed pe=1 mac=02:aa:00:00:00:73
[2026-05-15T20:10:23Z] MOVE rollback src=2 dst=1 idx=115
[2026-05-15T20:10:24Z] ADD failed pe=1 mac=02:aa:00:00:00:f3
[2026-05-15T20:10:24Z] MOVE rollback src=2 dst=1 idx=243
[2026-05-15T20:10:24Z] ADD failed pe=1 mac=02:aa:00:00:01:54
[2026-05-15T20:10:24Z] MOVE rollback src=2 dst=1 idx=340
[2026-05-15T20:10:24Z] ADD failed pe=1 mac=02:aa:00:00:01:df
[2026-05-15T20:10:24Z] MOVE rollback src=2 dst=1 idx=479
[2026-05-15T20:10:24Z] ADD failed pe=1 mac=02:aa:00:00:00:36
[2026-05-15T20:10:24Z] MOVE rollback src=2 dst=1 idx=54
[2026-05-15T20:10:24Z] ADD failed pe=1 mac=02:aa:00:00:00:a4
[2026-05-15T20:10:25Z] MOVE rollback src=2 dst=1 idx=164
[2026-05-15T20:10:25Z] ADD failed pe=1 mac=02:aa:00:00:00:11
[2026-05-15T20:10:25Z] MOVE rollback src=2 dst=1 idx=17
[2026-05-15T20:10:25Z] ADD failed pe=1 mac=02:aa:00:00:00:7f
[2026-05-15T20:10:25Z] MOVE rollback src=2 dst=1 idx=127
[2026-05-15T20:10:25Z] ADD failed pe=1 mac=02:aa:00:00:00:97
[2026-05-15T20:10:25Z] MOVE rollback src=2 dst=1 idx=151
[2026-05-15T20:10:26Z] ADD failed pe=1 mac=02:aa:00:00:00:d2
[2026-05-15T20:10:26Z] MOVE rollback src=2 dst=1 idx=210
[2026-05-15T20:10:26Z] ADD failed pe=1 mac=02:aa:00:00:01:8f
[2026-05-15T20:10:26Z] MOVE rollback src=2 dst=1 idx=399
[2026-05-15T20:10:26Z] ADD failed pe=1 mac=02:aa:00:00:00:c5
[2026-05-15T20:10:26Z] MOVE rollback src=2 dst=1 idx=197
[2026-05-15T20:10:26Z] ADD failed pe=1 mac=02:aa:00:00:01:33
[2026-05-15T20:10:26Z] MOVE rollback src=2 dst=1 idx=307
[2026-05-15T20:10:26Z] ADD failed pe=1 mac=02:aa:00:00:00:ab
[2026-05-15T20:10:27Z] MOVE rollback src=2 dst=1 idx=171
[2026-05-15T20:10:27Z] ADD failed pe=1 mac=02:aa:00:00:00:bd
[2026-05-15T20:10:27Z] MOVE rollback src=2 dst=1 idx=189
[2026-05-15T20:10:27Z] ADD failed pe=1 mac=02:aa:00:00:01:a7
[2026-05-15T20:10:27Z] MOVE rollback src=2 dst=1 idx=423
[2026-05-15T20:10:27Z] ADD failed pe=1 mac=02:aa:00:00:00:06
[2026-05-15T20:10:27Z] MOVE rollback src=2 dst=1 idx=6
[2026-05-15T20:10:27Z] ADD failed pe=1 mac=02:aa:00:00:00:eb
[2026-05-15T20:10:27Z] MOVE rollback src=2 dst=1 idx=235
[2026-05-15T20:10:28Z] ADD failed pe=1 mac=02:aa:00:00:01:da
[2026-05-15T20:10:28Z] MOVE rollback src=2 dst=1 idx=474
[2026-05-15T20:10:28Z] ADD failed pe=1 mac=02:aa:00:00:01:bf
[2026-05-15T20:10:28Z] MOVE rollback src=2 dst=1 idx=447
[2026-05-15T20:10:28Z] ADD failed pe=1 mac=02:aa:00:00:00:87
[2026-05-15T20:10:28Z] MOVE rollback src=2 dst=1 idx=135
[2026-05-15T20:10:28Z] ADD failed pe=1 mac=02:aa:00:00:00:fb
[2026-05-15T20:10:28Z] MOVE rollback src=2 dst=1 idx=251
[2026-05-15T20:10:28Z] ADD failed pe=1 mac=02:aa:00:00:01:c4
[2026-05-15T20:10:29Z] MOVE rollback src=2 dst=1 idx=452
[2026-05-15T20:10:29Z] ADD failed pe=1 mac=02:aa:00:00:01:a5
[2026-05-15T20:10:29Z] MOVE rollback src=2 dst=1 idx=421
[2026-05-15T20:10:29Z] ADD failed pe=1 mac=02:aa:00:00:00:f8
[2026-05-15T20:10:29Z] MOVE rollback src=2 dst=1 idx=248
[2026-05-15T20:10:29Z] ADD failed pe=1 mac=02:aa:00:00:01:22
[2026-05-15T20:10:29Z] MOVE rollback src=2 dst=1 idx=290
[2026-05-15T20:10:30Z] ADD failed pe=1 mac=02:aa:00:00:00:cf
[2026-05-15T20:10:30Z] MOVE rollback src=2 dst=1 idx=207
[2026-05-15T20:10:30Z] ADD failed pe=1 mac=02:aa:00:00:00:81
[2026-05-15T20:10:30Z] MOVE rollback src=2 dst=1 idx=129
[2026-05-15T20:10:30Z] ADD failed pe=1 mac=02:aa:00:00:00:45
[2026-05-15T20:10:30Z] MOVE rollback src=2 dst=1 idx=69
[2026-05-15T20:10:30Z] ADD failed pe=1 mac=02:aa:00:00:01:4a
[2026-05-15T20:10:30Z] MOVE rollback src=2 dst=1 idx=330
[2026-05-15T20:10:31Z] ADD failed pe=1 mac=02:aa:00:00:00:d7
[2026-05-15T20:10:31Z] MOVE rollback src=2 dst=1 idx=215
[2026-05-15T20:10:31Z] ADD failed pe=1 mac=02:aa:00:00:01:9b
[2026-05-15T20:10:31Z] MOVE rollback src=2 dst=1 idx=411
[2026-05-15T20:10:31Z] ADD failed pe=1 mac=02:aa:00:00:01:fb
[2026-05-15T20:10:31Z] MOVE rollback src=2 dst=1 idx=507
[2026-05-15T20:10:31Z] ADD failed pe=1 mac=02:aa:00:00:01:6e
[2026-05-15T20:10:31Z] MOVE rollback src=2 dst=1 idx=366
[2026-05-15T20:10:32Z] ADD failed pe=1 mac=02:aa:00:00:01:dd
[2026-05-15T20:10:32Z] MOVE rollback src=2 dst=1 idx=477
[2026-05-15T20:10:32Z] ADD failed pe=1 mac=02:aa:00:00:01:61
[2026-05-15T20:10:32Z] MOVE rollback src=2 dst=1 idx=353
[2026-05-15T20:10:32Z] ADD failed pe=1 mac=02:aa:00:00:01:f2
[2026-05-15T20:10:32Z] MOVE rollback src=2 dst=1 idx=498
[2026-05-15T20:10:32Z] ADD failed pe=1 mac=02:aa:00:00:00:22
[2026-05-15T20:10:32Z] MOVE rollback src=2 dst=1 idx=34
[2026-05-15T20:10:32Z] MOVE src=2 dst=1 moved=2 pe1_pool=177 pe2_pool=183
[2026-05-15T20:10:35Z] ADD failed pe=1 mac=02:aa:00:00:00:fd
[2026-05-15T20:10:35Z] MOVE rollback src=2 dst=1 idx=253
[2026-05-15T20:10:35Z] ADD failed pe=1 mac=02:aa:00:00:01:a6
[2026-05-15T20:10:35Z] MOVE rollback src=2 dst=1 idx=422
[2026-05-15T20:10:35Z] ADD failed pe=1 mac=02:aa:00:00:00:3e
[2026-05-15T20:10:35Z] MOVE rollback src=2 dst=1 idx=62
[2026-05-15T20:10:35Z] ADD failed pe=1 mac=02:aa:00:00:01:d2
[2026-05-15T20:10:35Z] MOVE rollback src=2 dst=1 idx=466
[2026-05-15T20:10:36Z] ADD failed pe=1 mac=02:aa:00:00:01:fa
[2026-05-15T20:10:36Z] MOVE rollback src=2 dst=1 idx=506
[2026-05-15T20:10:36Z] ADD failed pe=1 mac=02:aa:00:00:00:ab
[2026-05-15T20:10:36Z] MOVE rollback src=2 dst=1 idx=171
[2026-05-15T20:10:36Z] ADD failed pe=1 mac=02:aa:00:00:01:6e
[2026-05-15T20:10:36Z] MOVE rollback src=2 dst=1 idx=366
[2026-05-15T20:10:36Z] ADD failed pe=1 mac=02:aa:00:00:00:71
[2026-05-15T20:10:36Z] MOVE rollback src=2 dst=1 idx=113
[2026-05-15T20:10:37Z] ADD failed pe=1 mac=02:aa:00:00:00:59
[2026-05-15T20:10:37Z] MOVE rollback src=2 dst=1 idx=89
[2026-05-15T20:10:37Z] ADD failed pe=1 mac=02:aa:00:00:01:65
[2026-05-15T20:10:37Z] MOVE rollback src=2 dst=1 idx=357
[2026-05-15T20:10:37Z] ADD failed pe=1 mac=02:aa:00:00:01:0f
[2026-05-15T20:10:37Z] MOVE rollback src=2 dst=1 idx=271
[2026-05-15T20:10:37Z] ADD failed pe=1 mac=02:aa:00:00:01:33
[2026-05-15T20:10:37Z] MOVE rollback src=2 dst=1 idx=307
[2026-05-15T20:10:38Z] ADD failed pe=1 mac=02:aa:00:00:01:e5
[2026-05-15T20:10:38Z] MOVE rollback src=2 dst=1 idx=485
[2026-05-15T20:10:38Z] ADD failed pe=1 mac=02:aa:00:00:01:8c
[2026-05-15T20:10:38Z] MOVE rollback src=2 dst=1 idx=396
[2026-05-15T20:10:38Z] ADD failed pe=1 mac=02:aa:00:00:01:19
[2026-05-15T20:10:38Z] MOVE rollback src=2 dst=1 idx=281
[2026-05-15T20:10:38Z] ADD failed pe=1 mac=02:aa:00:00:00:13
[2026-05-15T20:10:38Z] MOVE rollback src=2 dst=1 idx=19
[2026-05-15T20:10:38Z] ADD failed pe=1 mac=02:aa:00:00:01:d7
[2026-05-15T20:10:39Z] MOVE rollback src=2 dst=1 idx=471
[2026-05-15T20:10:39Z] ADD failed pe=1 mac=02:aa:00:00:01:69
[2026-05-15T20:10:39Z] MOVE rollback src=2 dst=1 idx=361
[2026-05-15T20:10:39Z] ADD failed pe=1 mac=02:aa:00:00:00:54
[2026-05-15T20:10:39Z] MOVE rollback src=2 dst=1 idx=84
[2026-05-15T20:10:39Z] ADD failed pe=1 mac=02:aa:00:00:01:94
[2026-05-15T20:10:39Z] MOVE rollback src=2 dst=1 idx=404
[2026-05-15T20:10:39Z] ADD failed pe=1 mac=02:aa:00:00:01:be
[2026-05-15T20:10:39Z] MOVE rollback src=2 dst=1 idx=446
[2026-05-15T20:10:40Z] ADD failed pe=1 mac=02:aa:00:00:00:32
[2026-05-15T20:10:40Z] MOVE rollback src=2 dst=1 idx=50
[2026-05-15T20:10:40Z] ADD failed pe=1 mac=02:aa:00:00:01:9c
[2026-05-15T20:10:40Z] MOVE rollback src=2 dst=1 idx=412
[2026-05-15T20:10:40Z] ADD failed pe=1 mac=02:aa:00:00:01:ff
[2026-05-15T20:10:40Z] MOVE rollback src=2 dst=1 idx=511
[2026-05-15T20:10:40Z] ADD failed pe=1 mac=02:aa:00:00:00:52
[2026-05-15T20:10:40Z] MOVE rollback src=2 dst=1 idx=82
[2026-05-15T20:10:41Z] ADD failed pe=1 mac=02:aa:00:00:01:86
[2026-05-15T20:10:41Z] MOVE rollback src=2 dst=1 idx=390
[2026-05-15T20:10:41Z] ADD failed pe=1 mac=02:aa:00:00:01:de
[2026-05-15T20:10:41Z] MOVE rollback src=2 dst=1 idx=478
[2026-05-15T20:10:41Z] ADD failed pe=1 mac=02:aa:00:00:01:2a
[2026-05-15T20:10:41Z] MOVE rollback src=2 dst=1 idx=298
[2026-05-15T20:10:42Z] ADD failed pe=1 mac=02:aa:00:00:00:d7
[2026-05-15T20:10:42Z] MOVE rollback src=2 dst=1 idx=215
[2026-05-15T20:10:42Z] ADD failed pe=1 mac=02:aa:00:00:01:e1
[2026-05-15T20:10:42Z] MOVE rollback src=2 dst=1 idx=481
[2026-05-15T20:10:42Z] ADD failed pe=1 mac=02:aa:00:00:00:2d
[2026-05-15T20:10:42Z] MOVE rollback src=2 dst=1 idx=45
[2026-05-15T20:10:42Z] ADD failed pe=1 mac=02:aa:00:00:00:50
[2026-05-15T20:10:42Z] MOVE rollback src=2 dst=1 idx=80
[2026-05-15T20:10:42Z] ADD failed pe=1 mac=02:aa:00:00:01:03
[2026-05-15T20:10:43Z] MOVE rollback src=2 dst=1 idx=259
[2026-05-15T20:10:43Z] ADD failed pe=1 mac=02:aa:00:00:01:ec
[2026-05-15T20:10:43Z] MOVE rollback src=2 dst=1 idx=492
[2026-05-15T20:10:43Z] ADD failed pe=1 mac=02:aa:00:00:00:75
[2026-05-15T20:10:43Z] MOVE rollback src=2 dst=1 idx=117
[2026-05-15T20:10:43Z] ADD failed pe=1 mac=02:aa:00:00:01:14
[2026-05-15T20:10:43Z] MOVE rollback src=2 dst=1 idx=276
[2026-05-15T20:10:43Z] ADD failed pe=1 mac=02:aa:00:00:01:2d
[2026-05-15T20:10:43Z] MOVE rollback src=2 dst=1 idx=301
[2026-05-15T20:10:44Z] ADD failed pe=1 mac=02:aa:00:00:01:46
[2026-05-15T20:10:44Z] MOVE rollback src=2 dst=1 idx=326
[2026-05-15T20:10:44Z] ADD failed pe=1 mac=02:aa:00:00:00:6d
[2026-05-15T20:10:44Z] MOVE rollback src=2 dst=1 idx=109
[2026-05-15T20:10:44Z] ADD failed pe=1 mac=02:aa:00:00:01:4a
[2026-05-15T20:10:44Z] MOVE rollback src=2 dst=1 idx=330
[2026-05-15T20:10:44Z] ADD failed pe=1 mac=02:aa:00:00:00:ad
[2026-05-15T20:10:44Z] MOVE rollback src=2 dst=1 idx=173
[2026-05-15T20:10:44Z] ADD failed pe=1 mac=02:aa:00:00:00:4f
[2026-05-15T20:10:45Z] MOVE rollback src=2 dst=1 idx=79
[2026-05-15T20:10:45Z] ADD failed pe=1 mac=02:aa:00:00:00:5f
[2026-05-15T20:10:45Z] MOVE rollback src=2 dst=1 idx=95
[2026-05-15T20:10:45Z] ADD failed pe=1 mac=02:aa:00:00:01:07
[2026-05-15T20:10:45Z] MOVE rollback src=2 dst=1 idx=263
[2026-05-15T20:10:45Z] ADD failed pe=1 mac=02:aa:00:00:00:14
[2026-05-15T20:10:45Z] MOVE rollback src=2 dst=1 idx=20
[2026-05-15T20:10:46Z] ADD failed pe=1 mac=02:aa:00:00:01:9b
[2026-05-15T20:10:46Z] MOVE rollback src=2 dst=1 idx=411
[2026-05-15T20:10:46Z] ADD failed pe=1 mac=02:aa:00:00:00:fa
[2026-05-15T20:10:46Z] MOVE rollback src=2 dst=1 idx=250
[2026-05-15T20:10:46Z] ADD failed pe=1 mac=02:aa:00:00:01:72
[2026-05-15T20:10:46Z] MOVE rollback src=2 dst=1 idx=370
[2026-05-15T20:10:46Z] MOVE src=2 dst=1 moved=2 pe1_pool=179 pe2_pool=181
[2026-05-15T20:10:52Z] ADD pe=1 added=50 pool=229
[2026-05-15T20:10:55Z] ADD failed pe=2 mac=02:aa:00:00:01:85
[2026-05-15T20:10:55Z] MOVE rollback src=1 dst=2 idx=389
[2026-05-15T20:10:55Z] ADD failed pe=2 mac=02:aa:00:00:01:53
[2026-05-15T20:10:55Z] MOVE rollback src=1 dst=2 idx=339
[2026-05-15T20:10:55Z] ADD failed pe=2 mac=02:aa:00:00:01:bb
[2026-05-15T20:10:55Z] MOVE rollback src=1 dst=2 idx=443
[2026-05-15T20:10:55Z] ADD failed pe=2 mac=02:aa:00:00:01:74
[2026-05-15T20:10:55Z] MOVE rollback src=1 dst=2 idx=372
[2026-05-15T20:10:56Z] ADD failed pe=2 mac=02:aa:00:00:00:96
[2026-05-15T20:10:56Z] MOVE rollback src=1 dst=2 idx=150
[2026-05-15T20:10:56Z] ADD failed pe=2 mac=02:aa:00:00:00:5d
[2026-05-15T20:10:56Z] MOVE rollback src=1 dst=2 idx=93
[2026-05-15T20:10:56Z] ADD failed pe=2 mac=02:aa:00:00:00:6e
[2026-05-15T20:10:56Z] MOVE rollback src=1 dst=2 idx=110
[2026-05-15T20:10:56Z] ADD failed pe=2 mac=02:aa:00:00:01:96
[2026-05-15T20:10:56Z] MOVE rollback src=1 dst=2 idx=406
[2026-05-15T20:10:57Z] ADD failed pe=2 mac=02:aa:00:00:00:e5
[2026-05-15T20:10:57Z] MOVE rollback src=1 dst=2 idx=229
[2026-05-15T20:10:57Z] ADD failed pe=2 mac=02:aa:00:00:00:f9
[2026-05-15T20:10:57Z] MOVE rollback src=1 dst=2 idx=249
[2026-05-15T20:10:57Z] ADD failed pe=2 mac=02:aa:00:00:00:1e
[2026-05-15T20:10:57Z] MOVE rollback src=1 dst=2 idx=30
[2026-05-15T20:10:57Z] ADD failed pe=2 mac=02:aa:00:00:00:bb
[2026-05-15T20:10:57Z] MOVE rollback src=1 dst=2 idx=187
[2026-05-15T20:10:57Z] ADD failed pe=2 mac=02:aa:00:00:00:b9
[2026-05-15T20:10:58Z] MOVE rollback src=1 dst=2 idx=185
[2026-05-15T20:10:58Z] ADD failed pe=2 mac=02:aa:00:00:01:41
[2026-05-15T20:10:58Z] MOVE rollback src=1 dst=2 idx=321
[2026-05-15T20:10:58Z] ADD failed pe=2 mac=02:aa:00:00:01:71
[2026-05-15T20:10:58Z] MOVE rollback src=1 dst=2 idx=369
[2026-05-15T20:10:58Z] ADD failed pe=2 mac=02:aa:00:00:00:89
[2026-05-15T20:10:58Z] MOVE rollback src=1 dst=2 idx=137
[2026-05-15T20:10:58Z] ADD failed pe=2 mac=02:aa:00:00:00:12
[2026-05-15T20:10:58Z] MOVE rollback src=1 dst=2 idx=18
[2026-05-15T20:10:59Z] ADD failed pe=2 mac=02:aa:00:00:00:c2
[2026-05-15T20:10:59Z] MOVE rollback src=1 dst=2 idx=194
[2026-05-15T20:10:59Z] ADD failed pe=2 mac=02:aa:00:00:01:f6
[2026-05-15T20:10:59Z] MOVE rollback src=1 dst=2 idx=502
[2026-05-15T20:10:59Z] ADD failed pe=2 mac=02:aa:00:00:01:c0
[2026-05-15T20:10:59Z] MOVE rollback src=1 dst=2 idx=448
[2026-05-15T20:10:59Z] ADD failed pe=2 mac=02:aa:00:00:00:42
[2026-05-15T20:10:59Z] MOVE rollback src=1 dst=2 idx=66
[2026-05-15T20:10:59Z] ADD failed pe=2 mac=02:aa:00:00:01:67
[2026-05-15T20:11:00Z] MOVE rollback src=1 dst=2 idx=359
[2026-05-15T20:11:00Z] ADD failed pe=2 mac=02:aa:00:00:01:7c
[2026-05-15T20:11:00Z] MOVE rollback src=1 dst=2 idx=380
[2026-05-15T20:11:00Z] ADD failed pe=2 mac=02:aa:00:00:01:5f
[2026-05-15T20:11:00Z] MOVE rollback src=1 dst=2 idx=351
[2026-05-15T20:11:00Z] ADD failed pe=2 mac=02:aa:00:00:01:13
[2026-05-15T20:11:00Z] MOVE rollback src=1 dst=2 idx=275
[2026-05-15T20:11:00Z] ADD failed pe=2 mac=02:aa:00:00:01:20
[2026-05-15T20:11:00Z] MOVE rollback src=1 dst=2 idx=288
[2026-05-15T20:11:01Z] ADD failed pe=2 mac=02:aa:00:00:01:7e
[2026-05-15T20:11:01Z] MOVE rollback src=1 dst=2 idx=382
[2026-05-15T20:11:01Z] ADD failed pe=2 mac=02:aa:00:00:01:45
[2026-05-15T20:11:01Z] MOVE rollback src=1 dst=2 idx=325
[2026-05-15T20:11:01Z] ADD failed pe=2 mac=02:aa:00:00:01:88
[2026-05-15T20:11:01Z] MOVE rollback src=1 dst=2 idx=392
[2026-05-15T20:11:01Z] ADD failed pe=2 mac=02:aa:00:00:01:01
[2026-05-15T20:11:01Z] MOVE rollback src=1 dst=2 idx=257
[2026-05-15T20:11:02Z] ADD failed pe=2 mac=02:aa:00:00:01:63
[2026-05-15T20:11:02Z] MOVE rollback src=1 dst=2 idx=355
[2026-05-15T20:11:02Z] ADD failed pe=2 mac=02:aa:00:00:00:e8
[2026-05-15T20:11:02Z] MOVE rollback src=1 dst=2 idx=232
[2026-05-15T20:11:02Z] ADD failed pe=2 mac=02:aa:00:00:01:3b
[2026-05-15T20:11:02Z] MOVE rollback src=1 dst=2 idx=315
[2026-05-15T20:11:02Z] ADD failed pe=2 mac=02:aa:00:00:01:2e
[2026-05-15T20:11:02Z] MOVE rollback src=1 dst=2 idx=302
[2026-05-15T20:11:02Z] ADD failed pe=2 mac=02:aa:00:00:00:41
[2026-05-15T20:11:03Z] MOVE rollback src=1 dst=2 idx=65
[2026-05-15T20:11:03Z] ADD failed pe=2 mac=02:aa:00:00:00:07
[2026-05-15T20:11:03Z] MOVE rollback src=1 dst=2 idx=7
[2026-05-15T20:11:03Z] ADD failed pe=2 mac=02:aa:00:00:00:38
[2026-05-15T20:11:03Z] MOVE rollback src=1 dst=2 idx=56
[2026-05-15T20:11:03Z] ADD failed pe=2 mac=02:aa:00:00:01:10
[2026-05-15T20:11:03Z] MOVE rollback src=1 dst=2 idx=272
[2026-05-15T20:11:03Z] ADD failed pe=2 mac=02:aa:00:00:01:51
[2026-05-15T20:11:03Z] MOVE rollback src=1 dst=2 idx=337
[2026-05-15T20:11:04Z] ADD failed pe=2 mac=02:aa:00:00:00:70
[2026-05-15T20:11:04Z] MOVE rollback src=1 dst=2 idx=112
[2026-05-15T20:11:04Z] ADD failed pe=2 mac=02:aa:00:00:01:6d
[2026-05-15T20:11:04Z] MOVE rollback src=1 dst=2 idx=365
[2026-05-15T20:11:04Z] ADD failed pe=2 mac=02:aa:00:00:00:aa
[2026-05-15T20:11:04Z] MOVE rollback src=1 dst=2 idx=170
[2026-05-15T20:11:04Z] ADD failed pe=2 mac=02:aa:00:00:01:0e
[2026-05-15T20:11:04Z] MOVE rollback src=1 dst=2 idx=270
[2026-05-15T20:11:04Z] ADD failed pe=2 mac=02:aa:00:00:00:2e
[2026-05-15T20:11:05Z] MOVE rollback src=1 dst=2 idx=46
[2026-05-15T20:11:05Z] ADD failed pe=2 mac=02:aa:00:00:01:7b
[2026-05-15T20:11:05Z] MOVE rollback src=1 dst=2 idx=379
[2026-05-15T20:11:05Z] ADD failed pe=2 mac=02:aa:00:00:01:d9
[2026-05-15T20:11:05Z] MOVE rollback src=1 dst=2 idx=473
[2026-05-15T20:11:05Z] ADD failed pe=2 mac=02:aa:00:00:01:4c
[2026-05-15T20:11:05Z] MOVE rollback src=1 dst=2 idx=332
[2026-05-15T20:11:05Z] ADD failed pe=2 mac=02:aa:00:00:01:d0
[2026-05-15T20:11:05Z] MOVE rollback src=1 dst=2 idx=464
[2026-05-15T20:11:06Z] ADD failed pe=2 mac=02:aa:00:00:01:30
[2026-05-15T20:11:06Z] MOVE rollback src=1 dst=2 idx=304
[2026-05-15T20:11:06Z] ADD failed pe=2 mac=02:aa:00:00:01:37
[2026-05-15T20:11:06Z] MOVE rollback src=1 dst=2 idx=311
[2026-05-15T20:11:06Z] MOVE src=1 dst=2 moved=0 pe1_pool=229 pe2_pool=181
[2026-05-15T20:11:12Z] ADD pe=2 added=50 pool=231
[2026-05-15T20:11:18Z] DEL pe=2 removed=50 pool=181
[2026-05-15T20:11:20Z] ADD failed pe=2 mac=02:aa:00:00:01:31
[2026-05-15T20:11:20Z] MOVE rollback src=1 dst=2 idx=305
[2026-05-15T20:11:21Z] ADD failed pe=2 mac=02:aa:00:00:01:63
[2026-05-15T20:11:21Z] MOVE rollback src=1 dst=2 idx=355
[2026-05-15T20:11:21Z] ADD failed pe=2 mac=02:aa:00:00:01:09
[2026-05-15T20:11:21Z] MOVE rollback src=1 dst=2 idx=265
[2026-05-15T20:11:21Z] ADD failed pe=2 mac=02:aa:00:00:00:23
[2026-05-15T20:11:21Z] MOVE rollback src=1 dst=2 idx=35
[2026-05-15T20:11:21Z] ADD failed pe=2 mac=02:aa:00:00:01:29
[2026-05-15T20:11:22Z] MOVE rollback src=1 dst=2 idx=297
[2026-05-15T20:11:22Z] ADD failed pe=2 mac=02:aa:00:00:01:4c
[2026-05-15T20:11:22Z] MOVE rollback src=1 dst=2 idx=332
[2026-05-15T20:11:22Z] ADD failed pe=2 mac=02:aa:00:00:00:57
[2026-05-15T20:11:22Z] MOVE rollback src=1 dst=2 idx=87
[2026-05-15T20:11:22Z] ADD failed pe=2 mac=02:aa:00:00:01:87
[2026-05-15T20:11:22Z] MOVE rollback src=1 dst=2 idx=391
[2026-05-15T20:11:22Z] ADD failed pe=2 mac=02:aa:00:00:00:bb
[2026-05-15T20:11:22Z] MOVE rollback src=1 dst=2 idx=187
[2026-05-15T20:11:23Z] ADD failed pe=2 mac=02:aa:00:00:00:92
[2026-05-15T20:11:23Z] MOVE rollback src=1 dst=2 idx=146
[2026-05-15T20:11:23Z] ADD failed pe=2 mac=02:aa:00:00:00:ac
[2026-05-15T20:11:23Z] MOVE rollback src=1 dst=2 idx=172
[2026-05-15T20:11:23Z] ADD failed pe=2 mac=02:aa:00:00:01:e3
[2026-05-15T20:11:23Z] MOVE rollback src=1 dst=2 idx=483
[2026-05-15T20:11:23Z] ADD failed pe=2 mac=02:aa:00:00:01:88
[2026-05-15T20:11:23Z] MOVE rollback src=1 dst=2 idx=392
[2026-05-15T20:11:24Z] ADD failed pe=2 mac=02:aa:00:00:00:5b
[2026-05-15T20:11:24Z] MOVE rollback src=1 dst=2 idx=91
[2026-05-15T20:11:24Z] ADD failed pe=2 mac=02:aa:00:00:01:11
[2026-05-15T20:11:24Z] MOVE rollback src=1 dst=2 idx=273
[2026-05-15T20:11:24Z] ADD failed pe=2 mac=02:aa:00:00:01:79
[2026-05-15T20:11:24Z] MOVE rollback src=1 dst=2 idx=377
[2026-05-15T20:11:24Z] ADD failed pe=2 mac=02:aa:00:00:01:fc
[2026-05-15T20:11:24Z] MOVE rollback src=1 dst=2 idx=508
[2026-05-15T20:11:24Z] ADD failed pe=2 mac=02:aa:00:00:01:0c
[2026-05-15T20:11:24Z] MOVE rollback src=1 dst=2 idx=268
[2026-05-15T20:11:25Z] ADD failed pe=2 mac=02:aa:00:00:00:10
[2026-05-15T20:11:25Z] MOVE rollback src=1 dst=2 idx=16
[2026-05-15T20:11:25Z] ADD failed pe=2 mac=02:aa:00:00:00:fc
[2026-05-15T20:11:25Z] MOVE rollback src=1 dst=2 idx=252
[2026-05-15T20:11:25Z] ADD failed pe=2 mac=02:aa:00:00:01:d0
[2026-05-15T20:11:25Z] MOVE rollback src=1 dst=2 idx=464
[2026-05-15T20:11:25Z] ADD failed pe=2 mac=02:aa:00:00:00:e0
[2026-05-15T20:11:25Z] MOVE rollback src=1 dst=2 idx=224
[2026-05-15T20:11:26Z] ADD failed pe=2 mac=02:aa:00:00:01:3b
[2026-05-15T20:11:26Z] MOVE rollback src=1 dst=2 idx=315
[2026-05-15T20:11:26Z] ADD failed pe=2 mac=02:aa:00:00:01:36
[2026-05-15T20:11:26Z] MOVE rollback src=1 dst=2 idx=310
[2026-05-15T20:11:26Z] ADD failed pe=2 mac=02:aa:00:00:01:6b
[2026-05-15T20:11:26Z] MOVE rollback src=1 dst=2 idx=363
[2026-05-15T20:11:26Z] ADD failed pe=2 mac=02:aa:00:00:00:88
[2026-05-15T20:11:26Z] MOVE rollback src=1 dst=2 idx=136
[2026-05-15T20:11:27Z] ADD failed pe=2 mac=02:aa:00:00:01:67
[2026-05-15T20:11:27Z] MOVE rollback src=1 dst=2 idx=359
[2026-05-15T20:11:27Z] ADD failed pe=2 mac=02:aa:00:00:00:01
[2026-05-15T20:11:27Z] MOVE rollback src=1 dst=2 idx=1
[2026-05-15T20:11:27Z] ADD failed pe=2 mac=02:aa:00:00:00:02
[2026-05-15T20:11:27Z] MOVE rollback src=1 dst=2 idx=2
[2026-05-15T20:11:27Z] ADD failed pe=2 mac=02:aa:00:00:01:7a
[2026-05-15T20:11:27Z] MOVE rollback src=1 dst=2 idx=378
[2026-05-15T20:11:27Z] ADD failed pe=2 mac=02:aa:00:00:00:aa
[2026-05-15T20:11:28Z] MOVE rollback src=1 dst=2 idx=170
[2026-05-15T20:11:28Z] ADD failed pe=2 mac=02:aa:00:00:01:dc
[2026-05-15T20:11:28Z] MOVE rollback src=1 dst=2 idx=476
[2026-05-15T20:11:28Z] ADD failed pe=2 mac=02:aa:00:00:00:a1
[2026-05-15T20:11:28Z] MOVE rollback src=1 dst=2 idx=161
[2026-05-15T20:11:28Z] ADD failed pe=2 mac=02:aa:00:00:01:41
[2026-05-15T20:11:28Z] MOVE rollback src=1 dst=2 idx=321
[2026-05-15T20:11:28Z] ADD failed pe=2 mac=02:aa:00:00:00:c7
[2026-05-15T20:11:28Z] MOVE rollback src=1 dst=2 idx=199
[2026-05-15T20:11:29Z] ADD failed pe=2 mac=02:aa:00:00:01:71
[2026-05-15T20:11:29Z] MOVE rollback src=1 dst=2 idx=369
[2026-05-15T20:11:29Z] ADD failed pe=2 mac=02:aa:00:00:00:f9
[2026-05-15T20:11:29Z] MOVE rollback src=1 dst=2 idx=249
[2026-05-15T20:11:29Z] ADD failed pe=2 mac=02:aa:00:00:01:9a
[2026-05-15T20:11:29Z] MOVE rollback src=1 dst=2 idx=410
[2026-05-15T20:11:29Z] ADD failed pe=2 mac=02:aa:00:00:01:1c
[2026-05-15T20:11:29Z] MOVE rollback src=1 dst=2 idx=284
[2026-05-15T20:11:30Z] ADD failed pe=2 mac=02:aa:00:00:01:a8
[2026-05-15T20:11:30Z] MOVE rollback src=1 dst=2 idx=424
[2026-05-15T20:11:30Z] ADD failed pe=2 mac=02:aa:00:00:01:eb
[2026-05-15T20:11:30Z] MOVE rollback src=1 dst=2 idx=491
[2026-05-15T20:11:30Z] ADD failed pe=2 mac=02:aa:00:00:01:91
[2026-05-15T20:11:30Z] MOVE rollback src=1 dst=2 idx=401
[2026-05-15T20:11:32Z] MOVE src=1 dst=2 moved=8 pe1_pool=221 pe2_pool=189
[2026-05-15T20:11:37Z] ADD pe=2 added=50 pool=239
[2026-05-15T20:11:44Z] DEL pe=2 removed=50 pool=189
[2026-05-15T20:11:50Z] ADD pe=2 added=50 pool=239
[2026-05-15T20:11:56Z] ADD pe=1 added=50 pool=271
[2026-05-15T20:12:06Z] MOVE src=1 dst=2 moved=50 pe1_pool=221 pe2_pool=289
[2026-05-15T20:12:12Z] DEL pe=2 removed=50 pool=239
[2026-05-15T20:12:18Z] ADD pe=1 added=50 pool=271
[2026-05-15T20:12:20Z] ADD pe=2 added=2 pool=241
[2026-05-15T20:12:22Z] ADD pe=2 added=0 pool=241
[2026-05-15T20:12:28Z] DEL pe=1 removed=50 pool=221
[2026-05-15T20:12:34Z] DEL pe=2 removed=50 pool=191
[2026-05-15T20:12:44Z] MOVE src=1 dst=2 moved=50 pe1_pool=171 pe2_pool=241
[2026-05-15T20:12:50Z] DEL pe=2 removed=50 pool=191
[2026-05-15T20:12:56Z] ADD pe=1 added=50 pool=221
[2026-05-15T20:13:06Z] MOVE src=1 dst=2 moved=50 pe1_pool=171 pe2_pool=241
[2026-05-15T20:13:12Z] ADD pe=1 added=50 pool=221
[2026-05-15T20:13:22Z] MOVE src=2 dst=1 moved=50 pe1_pool=271 pe2_pool=191
[2026-05-15T20:13:28Z] DEL pe=1 removed=50 pool=221
[2026-05-15T20:13:33Z] ADD pe=2 added=50 pool=241
[2026-05-15T20:13:43Z] MOVE src=2 dst=1 moved=50 pe1_pool=271 pe2_pool=191
[2026-05-15T20:13:53Z] MOVE src=1 dst=2 moved=50 pe1_pool=221 pe2_pool=241
[2026-05-15T20:13:59Z] DEL pe=2 removed=50 pool=191
[2026-05-15T20:14:05Z] ADD pe=2 added=50 pool=241
[2026-05-15T20:14:11Z] DEL pe=2 removed=50 pool=191
[2026-05-15T20:14:17Z] ADD pe=2 added=50 pool=241
[2026-05-15T20:14:23Z] ADD pe=1 added=47 pool=268
[2026-05-15T20:14:28Z] DEL pe=1 removed=50 pool=218
[2026-05-15T20:14:34Z] ADD pe=1 added=50 pool=268
[2026-05-15T20:14:36Z] ADD pe=2 added=3 pool=244
[2026-05-15T20:14:38Z] ADD pe=2 added=0 pool=244
[2026-05-15T20:14:44Z] DEL pe=1 removed=50 pool=218
[2026-05-15T20:14:50Z] ADD pe=1 added=50 pool=268
[2026-05-15T20:14:52Z] ADD pe=2 added=0 pool=244
[2026-05-15T20:14:58Z] DEL pe=1 removed=50 pool=218
[2026-05-15T20:15:07Z] MOVE src=2 dst=1 moved=50 pe1_pool=268 pe2_pool=194
[2026-05-15T20:15:17Z] MOVE src=1 dst=2 moved=50 pe1_pool=218 pe2_pool=244
[2026-05-15T20:15:22Z] DEL pe=2 removed=50 pool=194
[2026-05-15T20:15:28Z] ADD pe=2 added=50 pool=244
[2026-05-15T20:15:38Z] MOVE src=2 dst=1 moved=50 pe1_pool=268 pe2_pool=194
[2026-05-15T20:15:44Z] ADD pe=2 added=50 pool=244
[2026-05-15T20:15:46Z] ADD pe=2 added=0 pool=244
[2026-05-15T20:15:48Z] ADD pe=2 added=0 pool=244
[2026-05-15T20:15:54Z] DEL pe=1 removed=50 pool=218
[2026-05-15T20:16:04Z] MOVE src=2 dst=1 moved=50 pe1_pool=268 pe2_pool=194
[2026-05-15T20:16:10Z] ADD pe=2 added=50 pool=244
[2026-05-15T20:16:16Z] DEL pe=1 removed=50 pool=218
[2026-05-15T20:16:26Z] MOVE src=2 dst=1 moved=50 pe1_pool=268 pe2_pool=194
[2026-05-15T20:16:31Z] ADD pe=2 added=48 pool=242
[2026-05-15T20:16:41Z] MOVE src=1 dst=2 moved=50 pe1_pool=218 pe2_pool=292
[2026-05-15T20:16:43Z] ADD pe=1 added=2 pool=220
[2026-05-15T20:16:46Z] ADD pe=1 added=0 pool=220
[2026-05-15T20:16:48Z] ADD pe=1 added=0 pool=220
[2026-05-15T20:16:50Z] ADD pe=1 added=0 pool=220
[2026-05-15T20:16:52Z] ADD pe=1 added=0 pool=220
[2026-05-15T20:16:54Z] ADD pe=1 added=0 pool=220
[2026-05-15T20:17:04Z] MOVE src=2 dst=1 moved=50 pe1_pool=270 pe2_pool=242
[2026-05-15T20:17:06Z] ADD pe=2 added=0 pool=242
[2026-05-15T20:17:08Z] ADD pe=2 added=0 pool=242
[2026-05-15T20:17:17Z] MOVE src=1 dst=2 moved=50 pe1_pool=220 pe2_pool=292
[2026-05-15T20:17:23Z] DEL pe=2 removed=50 pool=242
[2026-05-15T20:17:29Z] DEL pe=2 removed=50 pool=192
[2026-05-15T20:17:35Z] ADD pe=2 added=50 pool=242
[2026-05-15T20:17:45Z] MOVE src=2 dst=1 moved=50 pe1_pool=270 pe2_pool=192
[2026-05-15T20:17:51Z] DEL pe=1 removed=50 pool=220
[2026-05-15T20:17:57Z] ADD pe=2 added=50 pool=242
[2026-05-15T20:18:02Z] ADD pe=1 added=46 pool=266
[2026-05-15T20:18:05Z] ADD pe=2 added=4 pool=246
[2026-05-15T20:18:07Z] ADD pe=2 added=0 pool=246
[2026-05-15T20:18:09Z] ADD pe=2 added=0 pool=246
[2026-05-15T20:18:19Z] MOVE src=1 dst=2 moved=50 pe1_pool=216 pe2_pool=296
[2026-05-15T20:18:25Z] DEL pe=2 removed=50 pool=246
[2026-05-15T20:18:31Z] ADD pe=1 added=47 pool=263
[2026-05-15T20:18:33Z] ADD pe=2 added=3 pool=249
[2026-05-15T20:18:53Z] MOVE src=1 dst=2 moved=50 pe1_pool=213 pe2_pool=299
[2026-05-15T20:18:55Z] ADD pe=1 added=0 pool=213
[2026-05-15T20:19:06Z] MOVE src=2 dst=1 moved=50 pe1_pool=263 pe2_pool=249
[2026-05-15T20:19:19Z] MOVE src=1 dst=2 moved=50 pe1_pool=213 pe2_pool=299
[2026-05-15T20:19:25Z] DEL pe=2 removed=50 pool=249
[2026-05-15T20:19:32Z] ADD pe=1 added=50 pool=263
[2026-05-15T20:19:34Z] ADD pe=2 added=0 pool=249
[2026-05-15T20:19:44Z] MOVE src=1 dst=2 moved=50 pe1_pool=213 pe2_pool=299
[2026-05-15T20:19:46Z] ADD pe=1 added=0 pool=213
[2026-05-15T20:19:48Z] ADD pe=1 added=0 pool=213
[2026-05-15T20:19:50Z] ADD pe=1 added=0 pool=213
[2026-05-15T20:19:52Z] ADD pe=1 added=0 pool=213
[2026-05-15T20:19:54Z] ADD pe=1 added=0 pool=213
[2026-05-15T20:20:00Z] DEL pe=2 removed=50 pool=249
[2026-05-15T20:20:06Z] DEL pe=2 removed=50 pool=199
[2026-05-15T20:20:12Z] DEL pe=1 removed=50 pool=163
[2026-05-15T20:20:22Z] MOVE src=2 dst=1 moved=50 pe1_pool=213 pe2_pool=149
[2026-05-15T20:20:32Z] MOVE src=1 dst=2 moved=50 pe1_pool=163 pe2_pool=199
